AveCPU,CPUTimeRAW,ElapsedRaw,AveVMSize,MaxRSS,AveRSS,MaxVMSize,AveDiskRead,AveDiskWrite,MaxDiskRead,MaxDiskWrite,Planned,ConsumedEnergyRaw,AvePages,MaxPages,JobName,Partition,NNodes,JobID,Bootstrap,Processo p/ no,Thread p/ proc.,Tamanho,Nome do Arquivo,Consumo de Energia P0 (J),Consumo de Energia P1 (J),Consumo de Energia Total (J),Power P0 (W),Power P1 (W),Power Total (W),Potência por nó (W),Tempo (s),NodeList,EDP
408.0,468,234,1104156.0,148564.0,148564.0,1104156.0,3153.92,4300.8,3153.92,4300.8,1.0,0,236.0,236.0,100bs-1n-2th-484520s-DENV_1-brazil-BVBRC_genome_sequence,sequana_cpu_dev,1,11369468.0,100,1,2,484520,DENV_1-brazil-BVBRC_genome_sequence,13625.79,9333.21,22959.0,58.48,40.06,98.54,98.54,233.0, sdumont6165,5372406.0
415.0,460,230,1109688.0,150368.0,150368.0,1109688.0,3153.92,4300.8,3153.92,4300.8,1.0,0,0.0,0.0,100bs-1n-2th-484520s-DENV_1-brazil-BVBRC_genome_sequence,sequana_cpu_dev,1,11369480.0,100,1,2,484520,DENV_1-brazil-BVBRC_genome_sequence,13452.27,9171.48,22623.75,59.0,40.23,99.23,99.23,228.0, sdumont6165,5203462.5
462.0,488,244,1104212.0,148360.0,148360.0,1104212.0,3379.2,4311.04,3379.2,4311.04,1.0,0,0.0,0.0,100bs-1n-2th-484520s-DENV_1-brazil-BVBRC_genome_sequence,sequana_cpu_dev,1,11369487.0,100,1,2,484520,DENV_1-brazil-BVBRC_genome_sequence,14152.69,9774.13,23926.81,58.24,40.22,98.46,98.46,243.0, sdumont6165,5838141.640000001
417.0,458,229,1104148.0,148648.0,148648.0,1104148.0,3153.92,4300.8,3153.92,4300.8,1.0,0,0.0,0.0,100bs-1n-2th-484520s-DENV_1-brazil-BVBRC_genome_sequence,sequana_cpu_dev,1,11369488.0,100,1,2,484520,DENV_1-brazil-BVBRC_genome_sequence,13411.54,9147.24,22558.78,58.57,39.94,98.51,98.51,229.0, sdumont6165,5165960.62
414.0,466,233,1104276.0,146788.0,146788.0,1104276.0,3153.92,4300.8,3153.92,4300.8,1.0,0,0.0,0.0,100bs-1n-2th-484520s-DENV_1-brazil-BVBRC_genome_sequence,sequana_cpu_dev,1,11369491.0,100,1,2,484520,DENV_1-brazil-BVBRC_genome_sequence,13655.1,9375.95,23031.05,58.86,40.41,99.27,99.27,232.0, sdumont6165,5366234.649999999
512.0,678,113,1378344.0,149404.0,149404.0,1378344.0,2283.52,4280.32,2283.52,4280.32,335.0,0,238.0,238.0,100bs-1n-6th-484520s-DENV_1-brazil-BVBRC_genome_sequence,sequana_cpu_dev,1,11369562.0,100,1,6,484520,DENV_1-brazil-BVBRC_genome_sequence,9163.31,3829.89,12993.2,85.64,35.79,121.43,121.43,107.0, sdumont6166,1468231.6
644.0,732,122,1600844.0,149020.0,149020.0,1600844.0,2508.8,4300.8,2508.8,4300.8,82.0,0,238.0,238.0,100bs-1n-6th-484520s-DENV_1-brazil-BVBRC_genome_sequence,sequana_cpu_dev,1,11369567.0,100,1,6,484520,DENV_1-brazil-BVBRC_genome_sequence,11119.84,4827.75,15947.59,91.9,39.9,131.8,131.8,121.0, sdumont6167,1945605.98
525.0,666,111,1372784.0,149488.0,149488.0,1372784.0,2283.52,4280.32,2283.52,4280.32,410.0,0,0.0,0.0,100bs-1n-6th-484520s-DENV_1-brazil-BVBRC_genome_sequence,sequana_cpu_dev,1,11369573.0,100,1,6,484520,DENV_1-brazil-BVBRC_genome_sequence,9549.04,4602.26,14151.3,86.81,41.84,128.65,128.65,110.0, sdumont6165,1570794.2999999998
533.0,642,107,1595604.0,147308.0,147308.0,1595604.0,2263.04,4290.56,2263.04,4290.56,1.0,0,0.0,0.0,100bs-1n-6th-484520s-DENV_1-brazil-BVBRC_genome_sequence,sequana_cpu_dev,1,11369580.0,100,1,6,484520,DENV_1-brazil-BVBRC_genome_sequence,9019.61,4232.11,13251.72,85.09,39.93,125.02,125.02,106.0, sdumont6165,1417934.04
536.0,624,104,1378348.0,145364.0,145364.0,1378348.0,2283.52,4290.56,2283.52,4290.56,1.0,0,0.0,0.0,100bs-1n-6th-484520s-DENV_1-brazil-BVBRC_genome_sequence,sequana_cpu_dev,1,11369582.0,100,1,6,484520,DENV_1-brazil-BVBRC_genome_sequence,8926.36,4156.59,13082.96,86.66,40.36,127.02,127.02,103.0, sdumont6165,1360627.84
6093.0,6300,1050,1600948.0,157416.0,157416.0,1600948.0,9021.44,5120.0,9021.44,5120.0,193.0,0,2.0,2.0,1000bs-1n-6th-484520s-DENV_1-brazil-BVBRC_genome_sequence,sequana_cpu_dev,1,11369584.0,1000,1,6,484520,DENV_1-brazil-BVBRC_genome_sequence,104795.73,43933.19,148728.92,99.9,41.88,141.78,141.78,1049.0, sdumont6167,156165366.0
6701.0,6900,1150,1600948.0,151072.0,151072.0,1600948.0,9400.32,5140.48,9400.32,5140.48,44.0,0,1.0,1.0,1000bs-1n-6th-484520s-DENV_1-brazil-BVBRC_genome_sequence,sequana_cpu_dev,1,11369599.0,1000,1,6,484520,DENV_1-brazil-BVBRC_genome_sequence,98680.5,46907.36,145587.86,85.96,40.86,126.82,126.82,1148.0, sdumont6165,167426038.99999997
6084.0,6228,1038,1378408.0,151672.0,151672.0,1378408.0,9021.44,5130.24,9021.44,5130.24,219.0,0,0.0,0.0,1000bs-1n-6th-484520s-DENV_1-brazil-BVBRC_genome_sequence,sequana_cpu_dev,1,11369613.0,1000,1,6,484520,DENV_1-brazil-BVBRC_genome_sequence,90625.72,42258.26,132883.99,87.39,40.75,128.14,128.14,1037.0, sdumont6165,137933581.62
6095.0,6174,1029,1600908.0,150740.0,150740.0,1600908.0,9021.44,5130.24,9021.44,5130.24,511.0,0,1.0,1.0,1000bs-1n-6th-484520s-DENV_1-brazil-BVBRC_genome_sequence,sequana_cpu_dev,1,11369624.0,1000,1,6,484520,DENV_1-brazil-BVBRC_genome_sequence,90393.92,42061.62,132455.53,87.93,40.92,128.85,128.85,1028.0, sdumont6165,136296740.37
6080.0,6264,1044,1372848.0,151616.0,151616.0,1372848.0,9021.44,5120.0,9021.44,5120.0,1.0,0,1.0,1.0,1000bs-1n-6th-484520s-DENV_1-brazil-BVBRC_genome_sequence,sequana_cpu_dev,1,11369644.0,1000,1,6,484520,DENV_1-brazil-BVBRC_genome_sequence,91338.7,42428.54,133767.24,87.57,40.68,128.25,128.25,1043.0, sdumont6165,139652998.56
688.0,1056,88,1777888.0,151616.0,151616.0,1777888.0,2058.24,4270.08,2058.24,4270.08,1.0,0,240.0,240.0,100bs-1n-12th-484520s-DENV_1-brazil-BVBRC_genome_sequence,sequana_cpu_dev,1,11369655.0,100,1,12,484520,DENV_1-brazil-BVBRC_genome_sequence,10046.6,3497.51,13544.11,115.48,40.2,155.68,155.68,87.0, sdumont6167,1191881.6800000002
1065.0,1092,91,1777888.0,146000.0,146000.0,1777888.0,2283.52,4300.8,2283.52,4300.8,1.0,0,6.0,6.0,100bs-1n-12th-484520s-DENV_1-brazil-BVBRC_genome_sequence,sequana_cpu_dev,1,11369656.0,100,1,12,484520,DENV_1-brazil-BVBRC_genome_sequence,10786.05,3716.24,14502.29,119.84,41.29,161.14,161.14,90.0, sdumont6167,1319708.39
712.0,1020,85,1777888.0,145360.0,145360.0,1777888.0,2058.24,4270.08,2058.24,4270.08,1.0,0,4.0,4.0,100bs-1n-12th-484520s-DENV_1-brazil-BVBRC_genome_sequence,sequana_cpu_dev,1,11369657.0,100,1,12,484520,DENV_1-brazil-BVBRC_genome_sequence,10027.69,3456.26,13483.94,119.38,41.15,160.52,160.52,84.0, sdumont6167,1146134.9
712.0,1032,86,1777888.0,151680.0,151680.0,1777888.0,2058.24,4270.08,2058.24,4270.08,1.0,0,3.0,3.0,100bs-1n-12th-484520s-DENV_1-brazil-BVBRC_genome_sequence,sequana_cpu_dev,1,11369659.0,100,1,12,484520,DENV_1-brazil-BVBRC_genome_sequence,10089.39,3465.27,13554.66,120.11,41.25,161.37,161.37,84.0, sdumont6167,1165700.76
713.0,1020,85,1777888.0,145664.0,145664.0,1777888.0,2058.24,4270.08,2058.24,4270.08,3.0,0,4.0,4.0,100bs-1n-12th-484520s-DENV_1-brazil-BVBRC_genome_sequence,sequana_cpu_dev,1,11369661.0,100,1,12,484520,DENV_1-brazil-BVBRC_genome_sequence,9885.54,3444.63,13330.18,117.69,41.01,158.69,158.69,84.0, sdumont6167,1133065.3
9685.0,10044,837,2000608.0,155688.0,155688.0,2000608.0,7424.0,5099.52,7424.0,5099.52,1.0,0,4.0,4.0,1000bs-1n-12th-484520s-DENV_1-brazil-BVBRC_genome_sequence,sequana_cpu_dev,1,11369663.0,1000,1,12,484520,DENV_1-brazil-BVBRC_genome_sequence,101385.19,34487.05,135872.23,121.27,41.25,162.53,162.53,836.0, sdumont6167,113725056.51
10011.0,10272,856,2006016.0,153284.0,153284.0,2006016.0,7628.8,5109.76,7628.8,5109.76,1.0,0,242.0,242.0,1000bs-1n-12th-484520s-DENV_1-brazil-BVBRC_genome_sequence,sequana_cpu_dev,1,11369666.0,1000,1,12,484520,DENV_1-brazil-BVBRC_genome_sequence,97558.0,34998.85,132556.85,114.1,40.93,155.04,155.04,855.0, sdumont6169,113468663.6
9991.0,10164,847,1783344.0,153496.0,153496.0,1783344.0,7649.28,5130.24,7649.28,5130.24,1.0,0,119.0,119.0,1000bs-1n-12th-484520s-DENV_1-brazil-BVBRC_genome_sequence,sequana_cpu_dev,1,11369672.0,1000,1,12,484520,DENV_1-brazil-BVBRC_genome_sequence,90823.4,34492.04,125315.45,107.36,40.77,148.13,148.13,846.0, sdumont6165,106142186.15
10038.0,10128,844,2006028.0,160040.0,160040.0,2006028.0,7649.28,5130.24,7649.28,5130.24,1.0,0,4.0,4.0,1000bs-1n-12th-484520s-DENV_1-brazil-BVBRC_genome_sequence,sequana_cpu_dev,1,11369676.0,1000,1,12,484520,DENV_1-brazil-BVBRC_genome_sequence,91052.65,34358.06,125410.71,108.01,40.76,148.77,148.77,843.0, sdumont6165,105846639.24
10695.0,11004,917,2006164.0,153120.0,153120.0,2006164.0,8151.04,5130.24,8151.04,5130.24,1.0,0,6.0,6.0,1000bs-1n-12th-484520s-DENV_1-brazil-BVBRC_genome_sequence,sequana_cpu_dev,1,11369689.0,1000,1,12,484520,DENV_1-brazil-BVBRC_genome_sequence,103724.8,37210.45,140935.25,114.23,40.98,155.22,155.22,908.0, sdumont6169,129237624.25
1243.0,1926,107,2183252.0,148032.0,148032.0,2183252.0,2304.0,4280.32,2304.0,4280.32,231.0,0,243.0,243.0,100bs-1n-18th-484520s-DENV_1-brazil-BVBRC_genome_sequence,sequana_cpu_dev,1,11369703.0,100,1,18,484520,DENV_1-brazil-BVBRC_genome_sequence,9689.25,3495.01,13184.26,90.55,32.66,123.22,123.22,107.0, sdumont6166,1410715.82
1068.0,1782,99,2183252.0,152188.0,152188.0,2183252.0,2058.24,4270.08,2058.24,4270.08,722.0,0,7.0,7.0,100bs-1n-18th-484520s-DENV_1-brazil-BVBRC_genome_sequence,sequana_cpu_dev,1,11369705.0,100,1,18,484520,DENV_1-brazil-BVBRC_genome_sequence,9549.32,3263.93,12813.25,109.76,37.52,147.28,147.28,87.0, sdumont6166,1268511.75
1471.0,1710,95,2183208.0,150012.0,150012.0,2183208.0,2283.52,4290.56,2283.52,4290.56,1.0,0,245.0,245.0,100bs-1n-18th-484520s-DENV_1-brazil-BVBRC_genome_sequence,sequana_cpu_dev,1,11369716.0,100,1,18,484520,DENV_1-brazil-BVBRC_genome_sequence,9702.89,4018.67,13721.56,103.22,42.75,145.97,145.97,94.0, sdumont6168,1303548.2
1068.0,1584,88,2183204.0,145864.0,145864.0,2183204.0,2058.24,4270.08,2058.24,4270.08,1.0,0,20.0,20.0,100bs-1n-18th-484520s-DENV_1-brazil-BVBRC_genome_sequence,sequana_cpu_dev,1,11369717.0,100,1,18,484520,DENV_1-brazil-BVBRC_genome_sequence,9336.64,3738.14,13074.78,107.32,42.97,150.28,150.28,87.0, sdumont6168,1150580.64
1600.0,1692,94,2183208.0,149808.0,149808.0,2183208.0,2283.52,4300.8,2283.52,4300.8,1.0,0,9.0,9.0,100bs-1n-18th-484520s-DENV_1-brazil-BVBRC_genome_sequence,sequana_cpu_dev,1,11369718.0,100,1,18,484520,DENV_1-brazil-BVBRC_genome_sequence,10009.88,3963.32,13973.2,107.63,42.62,150.25,150.25,93.0, sdumont6168,1313480.8
15062.0,15660,870,2406004.0,150336.0,150336.0,2406004.0,7649.28,5099.52,7649.28,5099.52,1.0,0,11.0,11.0,1000bs-1n-18th-484520s-DENV_1-brazil-BVBRC_genome_sequence,sequana_cpu_dev,1,11369720.0,1000,1,18,484520,DENV_1-brazil-BVBRC_genome_sequence,95430.86,37892.75,133323.61,109.82,43.61,153.42,153.42,869.0, sdumont6168,115991540.7
15438.0,16038,891,2411440.0,156212.0,156212.0,2411440.0,7874.56,5109.76,7874.56,5109.76,1.0,0,250.0,250.0,1000bs-1n-18th-484520s-DENV_1-brazil-BVBRC_genome_sequence,sequana_cpu_dev,1,11369726.0,1000,1,18,484520,DENV_1-brazil-BVBRC_genome_sequence,106500.63,36605.84,143106.47,119.8,41.18,160.97,160.97,889.0, sdumont6167,127507864.77
15514.0,16074,893,2411440.0,154172.0,154172.0,2411440.0,7874.56,5109.76,7874.56,5109.76,1.0,0,252.0,252.0,1000bs-1n-18th-484520s-DENV_1-brazil-BVBRC_genome_sequence,sequana_cpu_dev,1,11369731.0,1000,1,18,484520,DENV_1-brazil-BVBRC_genome_sequence,96817.32,36404.51,133221.83,108.54,40.81,149.35,149.35,892.0, sdumont6165,118967094.18999998
16595.0,16812,934,2411424.0,149956.0,149956.0,2411424.0,8345.6,5130.24,8345.6,5130.24,4.0,0,120.0,120.0,1000bs-1n-18th-484520s-DENV_1-brazil-BVBRC_genome_sequence,sequana_cpu_dev,1,11369741.0,1000,1,18,484520,DENV_1-brazil-BVBRC_genome_sequence,102441.28,40553.58,142994.87,109.92,43.51,153.43,153.43,932.0, sdumont6168,133557208.58
17058.0,17658,981,2406020.0,151944.0,151944.0,2406020.0,8581.12,5120.0,8581.12,5120.0,1.0,0,256.0,256.0,1000bs-1n-18th-484520s-DENV_1-brazil-BVBRC_genome_sequence,sequana_cpu_dev,1,11369748.0,1000,1,18,484520,DENV_1-brazil-BVBRC_genome_sequence,107015.87,35240.63,142256.49,109.2,35.96,145.16,145.16,980.0, sdumont6166,139553616.69
1958.0,2352,98,2588828.0,150472.0,150472.0,2588828.0,2283.52,4290.56,2283.52,4290.56,1.0,0,255.0,255.0,100bs-1n-24th-484520s-DENV_1-brazil-BVBRC_genome_sequence,sequana_cpu_dev,1,11369752.0,100,1,24,484520,DENV_1-brazil-BVBRC_genome_sequence,11345.95,3867.18,15213.13,116.97,39.87,156.84,156.84,97.0, sdumont6169,1490886.74
2135.0,2376,99,2816908.0,155532.0,155532.0,2816908.0,2283.52,4300.8,2283.52,4300.8,1.0,0,16.0,16.0,100bs-1n-24th-484520s-DENV_1-brazil-BVBRC_genome_sequence,sequana_cpu_dev,1,11369753.0,100,1,24,484520,DENV_1-brazil-BVBRC_genome_sequence,11667.76,3551.37,15219.14,120.29,36.61,156.9,156.9,97.0, sdumont6166,1506694.86
2136.0,2256,94,2588676.0,146348.0,146348.0,2588676.0,2263.04,4300.8,2263.04,4300.8,1.0,0,35.0,35.0,100bs-1n-24th-484520s-DENV_1-brazil-BVBRC_genome_sequence,sequana_cpu_dev,1,11369754.0,100,1,24,484520,DENV_1-brazil-BVBRC_genome_sequence,11213.68,3424.63,14638.31,120.58,36.82,157.4,157.4,93.0, sdumont6166,1376001.14
1421.0,2184,91,2594240.0,148884.0,148884.0,2594240.0,2058.24,4270.08,2058.24,4270.08,1.0,0,21.0,21.0,100bs-1n-24th-484520s-DENV_1-brazil-BVBRC_genome_sequence,sequana_cpu_dev,1,11369757.0,100,1,24,484520,DENV_1-brazil-BVBRC_genome_sequence,10694.43,3263.34,13957.77,118.83,36.26,155.09,155.09,90.0, sdumont6166,1270157.07
2132.0,2424,101,2588680.0,150544.0,150544.0,2588680.0,2263.04,4290.56,2263.04,4290.56,1.0,0,17.0,17.0,100bs-1n-24th-484520s-DENV_1-brazil-BVBRC_genome_sequence,sequana_cpu_dev,1,11369758.0,100,1,24,484520,DENV_1-brazil-BVBRC_genome_sequence,12090.18,3693.96,15784.15,120.9,36.94,157.84,157.84,100.0, sdumont6166,1594199.15
21514.0,21672,903,2594332.0,155020.0,155020.0,2594332.0,8048.64,5130.24,8048.64,5130.24,1.0,0,27.0,27.0,1000bs-1n-24th-484520s-DENV_1-brazil-BVBRC_genome_sequence,sequana_cpu_dev,1,11369759.0,1000,1,24,484520,DENV_1-brazil-BVBRC_genome_sequence,109246.41,33497.9,142744.31,121.12,37.14,158.25,158.25,902.0, sdumont6166,128898111.93
20802.0,21888,912,2594744.0,155740.0,155740.0,2594744.0,7577.6,5099.52,7577.6,5099.52,1.0,0,32.0,32.0,1000bs-1n-24th-484520s-DENV_1-brazil-BVBRC_genome_sequence,sequana_cpu_dev,1,11369766.0,1000,1,24,484520,DENV_1-brazil-BVBRC_genome_sequence,108979.58,33271.89,142251.47,121.49,37.09,158.59,158.59,897.0, sdumont6166,129733340.64
20800.0,21432,893,2594328.0,157004.0,157004.0,2594328.0,7843.84,5109.76,7843.84,5109.76,1.0,0,23.0,23.0,1000bs-1n-24th-484520s-DENV_1-brazil-BVBRC_genome_sequence,sequana_cpu_dev,1,11369770.0,1000,1,24,484520,DENV_1-brazil-BVBRC_genome_sequence,108415.97,33045.17,141461.14,121.54,37.05,158.59,158.59,892.0, sdumont6166,126324798.02
20793.0,21384,891,2817000.0,155844.0,155844.0,2817000.0,7843.84,5109.76,7843.84,5109.76,1.0,0,13.0,13.0,1000bs-1n-24th-484520s-DENV_1-brazil-BVBRC_genome_sequence,sequana_cpu_dev,1,11369775.0,1000,1,24,484520,DENV_1-brazil-BVBRC_genome_sequence,113018.43,37386.65,150405.07,126.99,42.01,168.99,168.99,890.0, sdumont6169,134010917.37
22188.0,22512,938,2817000.0,154392.0,154392.0,2817000.0,8325.12,5130.24,8325.12,5130.24,1.0,0,24.0,24.0,1000bs-1n-24th-484520s-DENV_1-brazil-BVBRC_genome_sequence,sequana_cpu_dev,1,11369782.0,1000,1,24,484520,DENV_1-brazil-BVBRC_genome_sequence,119897.23,39186.19,159083.42,127.96,41.82,169.78,169.78,937.0, sdumont6169,149220247.96
2389.0,3600,120,2994340.0,152852.0,152852.0,2994340.0,2283.52,4280.32,2283.52,4280.32,1.0,0,267.0,267.0,100bs-1n-30th-484520s-DENV_1-brazil-BVBRC_genome_sequence,sequana_cpu_dev,1,11369790.0,100,1,30,484520,DENV_1-brazil-BVBRC_genome_sequence,14000.98,9388.21,23389.19,117.66,78.89,196.55,196.55,119.0, sdumont6167,2806702.8
2663.0,3450,115,2994196.0,152780.0,152780.0,2994196.0,2263.04,4280.32,2263.04,4280.32,1.0,0,35.0,35.0,100bs-1n-30th-484520s-DENV_1-brazil-BVBRC_genome_sequence,sequana_cpu_dev,1,11369793.0,100,1,30,484520,DENV_1-brazil-BVBRC_genome_sequence,12965.29,8888.33,21853.62,113.73,77.97,191.7,191.7,114.0, sdumont6166,2513166.3
2672.0,3330,111,2999756.0,148520.0,148520.0,2999756.0,2263.04,4280.32,2263.04,4280.32,1.0,0,25.0,25.0,100bs-1n-30th-484520s-DENV_1-brazil-BVBRC_genome_sequence,sequana_cpu_dev,1,11369794.0,100,1,30,484520,DENV_1-brazil-BVBRC_genome_sequence,12343.63,8570.1,20913.73,112.21,77.91,190.12,190.12,110.0, sdumont6166,2321424.03
3563.0,3630,121,2994196.0,148232.0,148232.0,2994196.0,2621.44,4372.48,2621.44,4372.48,1.0,0,19.0,19.0,100bs-1n-30th-484520s-DENV_1-brazil-BVBRC_genome_sequence,sequana_cpu_dev,1,11369795.0,100,1,30,484520,DENV_1-brazil-BVBRC_genome_sequence,13542.54,9401.71,22944.24,112.85,78.35,191.2,191.2,120.0, sdumont6166,2776253.04
2531.0,3570,119,2994196.0,150408.0,150408.0,2994196.0,2283.52,4280.32,2283.52,4280.32,1.0,0,252.0,252.0,100bs-1n-30th-484520s-DENV_1-brazil-BVBRC_genome_sequence,sequana_cpu_dev,1,11369798.0,100,1,30,484520,DENV_1-brazil-BVBRC_genome_sequence,12968.01,9294.12,22262.12,110.84,79.44,190.27,190.27,117.0, sdumont6165,2649192.28
35752.0,36360,1212,3222432.0,158756.0,158756.0,3222432.0,10229.76,5140.48,10229.76,5140.48,1.0,0,13.0,13.0,1000bs-1n-30th-484520s-DENV_1-brazil-BVBRC_genome_sequence,sequana_cpu_dev,1,11369800.0,1000,1,30,484520,DENV_1-brazil-BVBRC_genome_sequence,140955.53,99167.28,240122.8,116.4,81.89,198.28,198.28,1211.0, sdumont6165,291028833.6
32269.0,33180,1106,3222440.0,156632.0,156632.0,3222440.0,9318.4,5120.0,9318.4,5120.0,1.0,0,27.0,27.0,1000bs-1n-30th-484520s-DENV_1-brazil-BVBRC_genome_sequence,sequana_cpu_dev,1,11369815.0,1000,1,30,484520,DENV_1-brazil-BVBRC_genome_sequence,126453.14,90384.54,216837.68,114.54,81.87,196.41,196.41,1104.0, sdumont6165,239822474.08
3205.0,4176,116,3622420.0,150396.0,150396.0,3622420.0,2263.04,4280.32,2263.04,4280.32,1.0,0,22.0,22.0,100bs-1n-36th-484520s-DENV_1-brazil-BVBRC_genome_sequence,sequana_cpu_dev,1,11369819.0,100,1,36,484520,DENV_1-brazil-BVBRC_genome_sequence,12745.66,11535.11,24280.76,110.83,100.31,211.14,211.14,115.0, sdumont6165,2816568.16
4281.0,4536,126,3399904.0,149044.0,149044.0,3399904.0,2488.32,4300.8,2488.32,4300.8,1.0,0,8.0,8.0,100bs-1n-36th-484520s-DENV_1-brazil-BVBRC_genome_sequence,sequana_cpu_dev,1,11369820.0,100,1,36,484520,DENV_1-brazil-BVBRC_genome_sequence,14114.14,12555.74,26669.88,113.82,101.26,215.08,215.08,124.0, sdumont6165,3360404.8800000004
4280.0,4644,129,3399756.0,148796.0,148796.0,3399756.0,2488.32,4300.8,2488.32,4300.8,1.0,0,28.0,28.0,100bs-1n-36th-484520s-DENV_1-brazil-BVBRC_genome_sequence,sequana_cpu_dev,1,11369822.0,100,1,36,484520,DENV_1-brazil-BVBRC_genome_sequence,14288.61,12634.93,26923.54,112.51,99.49,212.0,212.0,127.0, sdumont6165,3473136.66
4255.0,4428,123,3399608.0,152628.0,152628.0,3399608.0,2457.6,4300.8,2457.6,4300.8,1.0,0,29.0,29.0,100bs-1n-36th-484520s-DENV_1-brazil-BVBRC_genome_sequence,sequana_cpu_dev,1,11369824.0,100,1,36,484520,DENV_1-brazil-BVBRC_genome_sequence,13422.65,12005.94,25428.58,110.93,99.22,210.15,210.15,121.0, sdumont6165,3127715.3400000003
4278.0,4680,130,3399608.0,154848.0,154848.0,3399608.0,2488.32,4300.8,2488.32,4300.8,1.0,0,27.0,27.0,100bs-1n-36th-484520s-DENV_1-brazil-BVBRC_genome_sequence,sequana_cpu_dev,1,11369827.0,100,1,36,484520,DENV_1-brazil-BVBRC_genome_sequence,14416.21,12854.26,27270.47,111.75,99.65,211.4,211.4,129.0, sdumont6165,3545161.1
40879.0,41544,1154,3405300.0,155172.0,155172.0,3405300.0,9758.72,5140.48,9758.72,5140.48,1.0,0,43.0,43.0,1000bs-1n-36th-484520s-DENV_1-brazil-BVBRC_genome_sequence,sequana_cpu_dev,1,11369828.0,1000,1,36,484520,DENV_1-brazil-BVBRC_genome_sequence,130720.34,117081.14,247801.48,113.37,101.54,214.92,214.92,1153.0, sdumont6165,285962907.92
38716.0,39780,1105,3627968.0,157144.0,157144.0,3627968.0,9338.88,5130.24,9338.88,5130.24,1.0,0,25.0,25.0,1000bs-1n-36th-484520s-DENV_1-brazil-BVBRC_genome_sequence,sequana_cpu_dev,1,11369829.0,1000,1,36,484520,DENV_1-brazil-BVBRC_genome_sequence,125551.7,111989.78,237541.48,113.72,101.44,215.16,215.16,1104.0, sdumont6165,262483335.4
40864.0,41868,1163,3627968.0,157304.0,157304.0,3627968.0,9768.96,5130.24,9768.96,5130.24,1.0,0,24.0,24.0,1000bs-1n-36th-484520s-DENV_1-brazil-BVBRC_genome_sequence,sequana_cpu_dev,1,11369834.0,1000,1,36,484520,DENV_1-brazil-BVBRC_genome_sequence,131323.82,117237.61,248561.43,113.21,101.07,214.28,214.28,1160.0, sdumont6165,289076943.09
39796.0,40500,1125,3627972.0,157024.0,157024.0,3627972.0,9543.68,5140.48,9543.68,5140.48,1.0,0,24.0,24.0,1000bs-1n-36th-484520s-DENV_1-brazil-BVBRC_genome_sequence,sequana_cpu_dev,1,11369835.0,1000,1,36,484520,DENV_1-brazil-BVBRC_genome_sequence,127898.73,114212.77,242111.5,113.79,101.61,215.4,215.4,1124.0, sdumont6165,272375437.5
4981.0,6006,143,3805148.0,155312.0,155312.0,3805148.0,2488.32,4290.56,2488.32,4290.56,1.0,0,18.0,18.0,100bs-1n-42th-484520s-DENV_1-brazil-BVBRC_genome_sequence,sequana_cpu_dev,1,11369836.0,100,1,42,484520,DENV_1-brazil-BVBRC_genome_sequence,15916.58,14769.73,30686.31,112.09,104.01,216.1,216.1,142.0, sdumont6165,4388142.33
4992.0,5544,132,3805296.0,155600.0,155600.0,3805296.0,2488.32,4300.8,2488.32,4300.8,1.0,0,42.0,42.0,100bs-1n-42th-484520s-DENV_1-brazil-BVBRC_genome_sequence,sequana_cpu_dev,1,11369838.0,100,1,42,484520,DENV_1-brazil-BVBRC_genome_sequence,14715.76,13694.37,28410.13,112.33,104.54,216.87,216.87,131.0, sdumont6165,3750137.16
4984.0,5586,133,3810708.0,155448.0,155448.0,3810708.0,2488.32,4300.8,2488.32,4300.8,1.0,0,47.0,47.0,100bs-1n-42th-484520s-DENV_1-brazil-BVBRC_genome_sequence,sequana_cpu_dev,1,11369839.0,100,1,42,484520,DENV_1-brazil-BVBRC_genome_sequence,14707.28,13740.94,28448.22,111.42,104.1,215.52,215.52,132.0, sdumont6165,3783613.26
4992.0,5880,140,3805148.0,153240.0,153240.0,3805148.0,2488.32,4290.56,2488.32,4290.56,1.0,0,30.0,30.0,100bs-1n-42th-484520s-DENV_1-brazil-BVBRC_genome_sequence,sequana_cpu_dev,1,11369840.0,100,1,42,484520,DENV_1-brazil-BVBRC_genome_sequence,15292.37,14285.66,29578.03,110.02,102.77,212.79,212.79,139.0, sdumont6165,4140924.2
4991.0,5544,132,3805148.0,151144.0,151144.0,3805148.0,2488.32,4300.8,2488.32,4300.8,1.0,0,30.0,30.0,100bs-1n-42th-484520s-DENV_1-brazil-BVBRC_genome_sequence,sequana_cpu_dev,1,11369841.0,100,1,42,484520,DENV_1-brazil-BVBRC_genome_sequence,14245.52,13242.89,27488.4,111.29,103.46,214.75,214.75,128.0, sdumont6165,3628468.8
7125.0,7488,156,4210688.0,155596.0,155596.0,4210688.0,2713.6,4300.8,2713.6,4300.8,1.0,0,15.0,15.0,100bs-1n-48th-484520s-DENV_1-brazil-BVBRC_genome_sequence,sequana_cpu_dev,1,11369850.0,100,1,48,484520,DENV_1-brazil-BVBRC_genome_sequence,17516.88,18196.36,35713.25,113.75,118.16,231.9,231.9,154.0, sdumont6165,5571267.0
7120.0,7536,157,4210688.0,153380.0,153380.0,4210688.0,2703.36,4300.8,2703.36,4300.8,1.0,0,39.0,39.0,100bs-1n-48th-484520s-DENV_1-brazil-BVBRC_genome_sequence,sequana_cpu_dev,1,11369851.0,100,1,48,484520,DENV_1-brazil-BVBRC_genome_sequence,17357.74,17933.68,35291.42,112.71,116.45,229.17,229.17,154.0, sdumont6165,5540752.94
5689.0,6912,144,4210688.0,153748.0,153748.0,4210688.0,2488.32,4290.56,2488.32,4290.56,1.0,0,44.0,44.0,100bs-1n-48th-484520s-DENV_1-brazil-BVBRC_genome_sequence,sequana_cpu_dev,1,11369853.0,100,1,48,484520,DENV_1-brazil-BVBRC_genome_sequence,15974.16,16617.88,32592.04,112.49,117.03,229.52,229.52,142.0, sdumont6165,4693253.76
7128.0,7488,156,4433496.0,155412.0,155412.0,4433496.0,2713.6,4300.8,2713.6,4300.8,2.0,0,46.0,46.0,100bs-1n-48th-484520s-DENV_1-brazil-BVBRC_genome_sequence,sequana_cpu_dev,1,11369854.0,100,1,48,484520,DENV_1-brazil-BVBRC_genome_sequence,17512.73,18304.3,35817.04,112.99,118.09,231.08,231.08,155.0, sdumont6165,5587458.24
5698.0,6960,145,4216700.0,152312.0,152312.0,4216700.0,2488.32,4290.56,2488.32,4290.56,1.0,0,23.0,23.0,100bs-1n-48th-484520s-DENV_1-brazil-BVBRC_genome_sequence,sequana_cpu_dev,1,11369855.0,100,1,48,484520,DENV_1-brazil-BVBRC_genome_sequence,16113.17,16755.58,32868.75,112.68,117.17,229.85,229.85,143.0, sdumont6165,4765968.75
177.0,480,120,1112998.0,155212.0,149794.0,1121840.0,2283.52,4249.6,2283.52,4249.6,1.0,0,4.0,9.0,100bs-2n-2th-484520s-DENV_1-brazil-BVBRC_genome_sequence,sequana_cpu_dev,2,11369868.0,100,1,2,484520,DENV_1-brazil-BVBRC_genome_sequence,13841.83,8899.66,22741.49,116.32,74.79,191.1,95.55,119.0, sdumont6165,2728978.8000000003
177.0,484,121,1112956.0,158600.0,154578.0,1116276.0,2283.52,4249.6,2283.52,4249.6,1.0,0,0.0,0.0,100bs-2n-2th-484520s-DENV_1-brazil-BVBRC_genome_sequence,sequana_cpu_dev,2,11369869.0,100,1,2,484520,DENV_1-brazil-BVBRC_genome_sequence,13893.3,8932.11,22825.41,116.75,75.06,191.81,95.91,119.0, sdumont6165,2761874.61
176.0,480,120,1110300.0,155136.0,149936.0,1116424.0,2283.52,4249.6,2283.52,4249.6,1.0,0,0.0,0.0,100bs-2n-2th-484520s-DENV_1-brazil-BVBRC_genome_sequence,sequana_cpu_dev,2,11369871.0,100,1,2,484520,DENV_1-brazil-BVBRC_genome_sequence,13856.76,8945.14,22801.9,116.44,75.17,191.61,95.81,119.0, sdumont6165,2736228.0
177.0,476,119,1224374.0,161100.0,153706.0,1344592.0,2283.52,4249.6,2283.52,4249.6,1.0,0,0.0,0.0,100bs-2n-2th-484520s-DENV_1-brazil-BVBRC_genome_sequence,sequana_cpu_dev,2,11369872.0,100,1,2,484520,DENV_1-brazil-BVBRC_genome_sequence,13896.1,8928.07,22824.17,117.76,75.66,193.43,96.71,118.0, sdumont6165,2716076.23
177.0,476,119,1113044.0,154704.0,149672.0,1122012.0,2283.52,4249.6,2283.52,4249.6,1.0,0,0.0,0.0,100bs-2n-2th-484520s-DENV_1-brazil-BVBRC_genome_sequence,sequana_cpu_dev,2,11369873.0,100,1,2,484520,DENV_1-brazil-BVBRC_genome_sequence,13905.09,8941.83,22846.91,117.84,75.78,193.62,96.81,118.0, sdumont6165,2718782.29
2251.0,4672,1168,1338830.0,162752.0,156842.0,1345028.0,9912.32,4700.16,9922.56,4710.4,1.0,0,1.0,2.0,1000bs-2n-2th-484520s-DENV_1-brazil-BVBRC_genome_sequence,sequana_cpu_dev,2,11369875.0,1000,1,2,484520,DENV_1-brazil-BVBRC_genome_sequence,153810.93,98746.99,252557.92,131.91,84.69,216.6,108.3,1166.0, sdumont6167,294987650.56
2295.0,4712,1178,1226958.0,159448.0,155200.0,1332152.0,10158.08,4710.4,10158.08,4710.4,1.0,0,49.0,98.0,1000bs-2n-2th-484520s-DENV_1-brazil-BVBRC_genome_sequence,sequana_cpu_dev,2,11369879.0,1000,1,2,484520,DENV_1-brazil-BVBRC_genome_sequence,139552.34,89848.67,229401.01,118.57,76.34,194.9,97.45,1177.0, sdumont6165,270234389.78000003
2244.0,4684,1171,1338724.0,160304.0,156754.0,1344932.0,9932.8,4700.16,9932.8,4710.4,1.0,0,0.0,0.0,1000bs-2n-2th-484520s-DENV_1-brazil-BVBRC_genome_sequence,sequana_cpu_dev,2,11369882.0,1000,1,2,484520,DENV_1-brazil-BVBRC_genome_sequence,138832.86,89392.69,228225.55,118.66,76.4,195.06,97.53,1170.0, sdumont6165,267252119.05
2300.0,4692,1173,1116138.0,159444.0,153326.0,1122496.0,10147.84,4710.4,10147.84,4710.4,1.0,0,5.0,11.0,1000bs-2n-2th-484520s-DENV_1-brazil-BVBRC_genome_sequence,sequana_cpu_dev,2,11369884.0,1000,1,2,484520,DENV_1-brazil-BVBRC_genome_sequence,139119.31,89491.1,228610.41,118.8,76.42,195.23,97.61,1171.0, sdumont6165,268160010.93
2308.0,4744,1186,1116324.0,159384.0,153796.0,1122040.0,10127.36,4710.4,10147.84,4710.4,1.0,0,12.0,25.0,1000bs-2n-2th-484520s-DENV_1-brazil-BVBRC_genome_sequence,sequana_cpu_dev,2,11369887.0,1000,1,2,484520,DENV_1-brazil-BVBRC_genome_sequence,140793.81,90434.46,231228.28,118.81,76.32,195.13,97.56,1185.0, sdumont6165,274236740.08
160.0,708,59,1379080.0,155380.0,151462.0,1385184.0,1853.44,4229.12,1853.44,4229.12,1.0,0,18.0,35.0,100bs-2n-6th-484520s-DENV_1-brazil-BVBRC_genome_sequence,sequana_cpu_dev,2,11369890.0,100,1,6,484520,DENV_1-brazil-BVBRC_genome_sequence,9540.96,4272.98,13813.94,164.5,73.67,238.17,119.09,58.0, sdumont6165,815022.4600000001
176.0,672,56,1379196.0,159776.0,154528.0,1385500.0,1853.44,4229.12,1853.44,4229.12,1.0,0,0.0,1.0,100bs-2n-6th-484520s-DENV_1-brazil-BVBRC_genome_sequence,sequana_cpu_dev,2,11369891.0,100,1,6,484520,DENV_1-brazil-BVBRC_genome_sequence,9239.09,4052.05,13291.14,167.98,73.67,241.66,120.83,55.0, sdumont6165,744303.84
174.0,684,57,1379122.0,155520.0,150326.0,1385352.0,1853.44,4229.12,1853.44,4229.12,1.0,0,0.0,1.0,100bs-2n-6th-484520s-DENV_1-brazil-BVBRC_genome_sequence,sequana_cpu_dev,2,11369892.0,100,1,6,484520,DENV_1-brazil-BVBRC_genome_sequence,9452.27,4131.64,13583.92,168.79,73.78,242.57,121.28,56.0, sdumont6165,774283.4400000001
175.0,660,55,1379156.0,156016.0,151514.0,1385268.0,1853.44,4229.12,1853.44,4229.12,1.0,0,0.0,1.0,100bs-2n-6th-484520s-DENV_1-brazil-BVBRC_genome_sequence,sequana_cpu_dev,2,11369893.0,100,1,6,484520,DENV_1-brazil-BVBRC_genome_sequence,9164.3,4024.26,13188.56,169.71,74.52,244.23,122.12,54.0, sdumont6165,725370.7999999999
176.0,684,57,1379098.0,155460.0,150522.0,1385188.0,1853.44,4229.12,1853.44,4229.12,1.0,0,0.0,1.0,100bs-2n-6th-484520s-DENV_1-brazil-BVBRC_genome_sequence,sequana_cpu_dev,2,11369894.0,100,1,6,484520,DENV_1-brazil-BVBRC_genome_sequence,9562.16,4223.33,13785.49,173.86,76.79,250.65,125.32,55.0, sdumont6165,785772.9299999999
3034.0,6300,525,1381960.0,162024.0,155880.0,1385360.0,5365.76,4659.2,5365.76,4669.44,1.0,0,1.0,1.0,1000bs-2n-6th-484520s-DENV_1-brazil-BVBRC_genome_sequence,sequana_cpu_dev,2,11369895.0,1000,1,6,484520,DENV_1-brazil-BVBRC_genome_sequence,92010.95,39993.2,132004.15,175.59,76.32,251.92,125.96,524.0, sdumont6165,69302178.75
3024.0,6480,540,1496074.0,165400.0,159730.0,1613596.0,5509.12,4689.92,5693.44,4730.88,1.0,0,1.0,2.0,1000bs-2n-6th-484520s-DENV_1-brazil-BVBRC_genome_sequence,sequana_cpu_dev,2,11369898.0,1000,1,6,484520,DENV_1-brazil-BVBRC_genome_sequence,94055.95,41183.03,135238.98,175.15,76.69,251.84,125.92,537.0, sdumont6165,73029049.2
3024.0,6420,535,1381962.0,159932.0,154940.0,1385364.0,5355.52,4659.2,5365.76,4659.2,1.0,0,1.0,1.0,1000bs-2n-6th-484520s-DENV_1-brazil-BVBRC_genome_sequence,sequana_cpu_dev,2,11369901.0,1000,1,6,484520,DENV_1-brazil-BVBRC_genome_sequence,93517.68,41002.42,134520.1,175.13,76.78,251.91,125.96,534.0, sdumont6165,71968253.5
3195.0,6492,541,1493368.0,163912.0,157862.0,1595812.0,5570.56,4679.68,5591.04,4679.68,1.0,0,5.0,8.0,1000bs-2n-6th-484520s-DENV_1-brazil-BVBRC_genome_sequence,sequana_cpu_dev,2,11369909.0,1000,1,6,484520,DENV_1-brazil-BVBRC_genome_sequence,94361.54,41472.01,135833.55,174.74,76.8,251.54,125.77,540.0, sdumont6165,73485950.55
3196.0,6612,551,1379180.0,170192.0,160054.0,1385292.0,5591.04,4669.44,5601.28,4669.44,1.0,0,5.0,11.0,1000bs-2n-6th-484520s-DENV_1-brazil-BVBRC_genome_sequence,sequana_cpu_dev,2,11369914.0,1000,1,6,484520,DENV_1-brazil-BVBRC_genome_sequence,95799.81,42049.37,137849.18,174.18,76.45,250.63,125.32,550.0, sdumont6165,75954898.17999999
340.0,1128,47,1784128.0,159872.0,153854.0,1790276.0,1853.44,4239.36,1853.44,4239.36,3.0,0,19.0,37.0,100bs-2n-12th-484520s-DENV_1-brazil-BVBRC_genome_sequence,sequana_cpu_dev,2,11369917.0,100,1,12,484520,DENV_1-brazil-BVBRC_genome_sequence,9347.35,3384.91,12732.26,203.2,73.58,276.79,138.39,46.0, sdumont6165,598416.22
350.0,1200,50,1784212.0,155940.0,150864.0,1790440.0,1843.2,4239.36,1853.44,4239.36,1.0,0,3.0,5.0,100bs-2n-12th-484520s-DENV_1-brazil-BVBRC_genome_sequence,sequana_cpu_dev,2,11369918.0,100,1,12,484520,DENV_1-brazil-BVBRC_genome_sequence,10101.43,3624.62,13726.05,206.15,73.97,280.12,140.06,49.0, sdumont6165,686302.5
351.0,1128,47,1784136.0,156032.0,150764.0,1790272.0,1853.44,4239.36,1853.44,4239.36,1.0,0,2.0,2.0,100bs-2n-12th-484520s-DENV_1-brazil-BVBRC_genome_sequence,sequana_cpu_dev,2,11369920.0,100,1,12,484520,DENV_1-brazil-BVBRC_genome_sequence,9437.27,3391.98,12829.25,205.16,73.74,278.9,139.45,46.0, sdumont6165,602974.75
352.0,1104,46,1784136.0,156156.0,152974.0,1790272.0,1853.44,4239.36,1853.44,4239.36,1.0,0,5.0,6.0,100bs-2n-12th-484520s-DENV_1-brazil-BVBRC_genome_sequence,sequana_cpu_dev,2,11369923.0,100,1,12,484520,DENV_1-brazil-BVBRC_genome_sequence,9523.02,3410.4,12933.42,211.62,75.79,287.41,143.7,45.0, sdumont6165,594937.32
349.0,1176,49,1784130.0,155688.0,153744.0,1790276.0,1853.44,4239.36,1853.44,4239.36,1.0,0,4.0,6.0,100bs-2n-12th-484520s-DENV_1-brazil-BVBRC_genome_sequence,sequana_cpu_dev,2,11369924.0,100,1,12,484520,DENV_1-brazil-BVBRC_genome_sequence,9967.88,3582.38,13550.27,207.66,74.63,282.3,141.15,48.0, sdumont6165,663963.23
5007.0,10560,440,1787042.0,168508.0,159556.0,1795948.0,4669.44,4659.2,4669.44,4659.2,1.0,0,4.0,6.0,1000bs-2n-12th-484520s-DENV_1-brazil-BVBRC_genome_sequence,sequana_cpu_dev,2,11369926.0,1000,1,12,484520,DENV_1-brazil-BVBRC_genome_sequence,93816.32,33577.89,127394.21,213.95,76.58,290.53,145.26,438.5, sdumont6165,56053452.400000006
5002.0,10584,441,1898334.0,168640.0,159280.0,2018660.0,4679.68,4659.2,4689.92,4659.2,1.0,0,3.0,6.0,1000bs-2n-12th-484520s-DENV_1-brazil-BVBRC_genome_sequence,sequana_cpu_dev,2,11369933.0,1000,1,12,484520,DENV_1-brazil-BVBRC_genome_sequence,94800.98,33677.06,128478.04,215.46,76.54,292.0,146.0,440.0, sdumont6165,56658815.64
5007.0,10656,444,1901084.0,163684.0,156946.0,2018512.0,4669.44,4659.2,4669.44,4659.2,1.0,0,8.0,11.0,1000bs-2n-12th-484520s-DENV_1-brazil-BVBRC_genome_sequence,sequana_cpu_dev,2,11369944.0,1000,1,12,484520,DENV_1-brazil-BVBRC_genome_sequence,95395.71,33948.88,129344.59,216.32,76.98,293.3,146.65,441.0, sdumont6165,57428997.96
5306.0,10968,457,1900998.0,170740.0,161500.0,2006156.0,4894.72,4669.44,4894.72,4669.44,302.0,0,244.0,245.0,1000bs-2n-12th-484520s-DENV_1-brazil-BVBRC_genome_sequence,sequana_cpu_dev,2,11369949.0,1000,1,12,484520,DENV_1-brazil-BVBRC_genome_sequence,99740.17,35698.8,135438.97,219.21,78.46,297.67,148.83,455.0, sdumont6071,61895609.29
5346.0,10920,455,1898332.0,164448.0,157296.0,2013092.0,4894.72,4669.44,4894.72,4669.44,1.0,0,4.0,5.0,1000bs-2n-12th-484520s-DENV_1-brazil-BVBRC_genome_sequence,sequana_cpu_dev,2,11369960.0,1000,1,12,484520,DENV_1-brazil-BVBRC_genome_sequence,100312.85,35578.09,135890.94,221.44,78.54,299.98,149.99,453.0, sdumont6071,61830377.7
512.0,1908,53,2189578.0,158508.0,153238.0,2195732.0,1853.44,4239.36,1853.44,4239.36,1.0,0,69.0,131.0,100bs-2n-18th-484520s-DENV_1-brazil-BVBRC_genome_sequence,sequana_cpu_dev,2,11369963.0,100,1,18,484520,DENV_1-brazil-BVBRC_genome_sequence,10971.86,3920.15,14892.01,215.13,76.87,292.0,146.0,51.0, sdumont6165,789276.53
526.0,2016,56,2189586.0,158368.0,152346.0,2195740.0,1853.44,4239.36,1853.44,4239.36,1.0,0,12.0,17.0,100bs-2n-18th-484520s-DENV_1-brazil-BVBRC_genome_sequence,sequana_cpu_dev,2,11369965.0,100,1,18,484520,DENV_1-brazil-BVBRC_genome_sequence,11632.85,4110.12,15742.97,215.42,76.11,291.54,145.77,54.0, sdumont6165,881606.32
522.0,2160,60,2189588.0,162568.0,155176.0,2195752.0,1853.44,4229.12,1853.44,4229.12,1.0,0,14.0,16.0,100bs-2n-18th-484520s-DENV_1-brazil-BVBRC_genome_sequence,sequana_cpu_dev,2,11369966.0,100,1,18,484520,DENV_1-brazil-BVBRC_genome_sequence,12607.99,4396.98,17004.97,213.69,74.53,288.22,144.11,59.0, sdumont6165,1020298.2
527.0,1872,52,2189586.0,156552.0,151268.0,2195748.0,1853.44,4239.36,1853.44,4239.36,1.0,0,15.0,16.0,100bs-2n-18th-484520s-DENV_1-brazil-BVBRC_genome_sequence,sequana_cpu_dev,2,11369969.0,100,1,18,484520,DENV_1-brazil-BVBRC_genome_sequence,10901.39,3836.72,14738.11,213.75,75.23,288.98,144.49,51.0, sdumont6165,766381.72
526.0,1980,55,2189594.0,158152.0,153338.0,2195740.0,1853.44,4239.36,1853.44,4239.36,1.0,0,6.0,11.0,100bs-2n-18th-484520s-DENV_1-brazil-BVBRC_genome_sequence,sequana_cpu_dev,2,11369970.0,100,1,18,484520,DENV_1-brazil-BVBRC_genome_sequence,11559.86,4060.71,15620.57,214.07,75.2,289.27,144.63,54.0, sdumont6165,859131.35
10594.0,22392,622,2306486.0,167816.0,160310.0,2423884.0,6092.8,4669.44,6103.04,4679.68,1.0,0,17.0,19.0,1000bs-2n-18th-484520s-DENV_1-brazil-BVBRC_genome_sequence,sequana_cpu_dev,2,11369971.0,1000,1,18,484520,DENV_1-brazil-BVBRC_genome_sequence,137870.58,47589.09,185459.67,222.01,76.63,298.65,149.32,621.0, sdumont6165,115355914.74
11110.0,22788,633,2300924.0,170564.0,160408.0,2418472.0,6328.32,4679.68,6348.8,4679.68,1.0,0,5.0,6.0,1000bs-2n-18th-484520s-DENV_1-brazil-BVBRC_genome_sequence,sequana_cpu_dev,2,11369974.0,1000,1,18,484520,DENV_1-brazil-BVBRC_genome_sequence,140684.33,48572.07,189256.4,222.6,76.85,299.46,149.73,632.0, sdumont6165,119799301.2
10579.0,22716,631,2303704.0,166828.0,160428.0,2406188.0,6082.56,4659.2,6103.04,4669.44,1.0,0,3.0,4.0,1000bs-2n-18th-484520s-DENV_1-brazil-BVBRC_genome_sequence,sequana_cpu_dev,2,11369975.0,1000,1,18,484520,DENV_1-brazil-BVBRC_genome_sequence,139520.08,48375.8,187895.88,221.81,76.92,298.73,149.36,629.0, sdumont6165,118562300.28
12109.0,24876,691,2303854.0,166700.0,161646.0,2406328.0,6871.04,4853.76,6963.2,5017.6,1.0,0,29.0,55.0,1000bs-2n-18th-484520s-DENV_1-brazil-BVBRC_genome_sequence,sequana_cpu_dev,2,11369980.0,1000,1,18,484520,DENV_1-brazil-BVBRC_genome_sequence,153110.33,52710.93,205821.26,221.9,76.39,298.29,149.15,690.0, sdumont6165,142222490.66
9058.0,19116,531,2415032.0,172960.0,162732.0,2418472.0,5120.0,4659.2,5365.76,4659.2,1.0,0,8.0,11.0,1000bs-2n-18th-484520s-DENV_1-brazil-BVBRC_genome_sequence,sequana_cpu_dev,2,11369983.0,1000,1,18,484520,DENV_1-brazil-BVBRC_genome_sequence,116498.37,40692.42,157190.8,220.02,76.85,296.86,148.43,529.5, sdumont6165,83468314.8
2761.0,6336,132,2594894.0,166632.0,157458.0,2601040.0,2560.0,4249.6,2560.0,4249.6,1.0,0,15.0,18.0,100bs-2n-24th-484520s-DENV_1-brazil-BVBRC_genome_sequence,sequana_cpu_dev,2,11369985.0,100,1,24,484520,DENV_1-brazil-BVBRC_genome_sequence,32162.89,9874.51,42037.4,245.52,75.38,320.9,160.45,131.0, sdumont6165,5548936.8
697.0,2448,51,2594968.0,158560.0,155436.0,2601188.0,1853.44,4239.36,1853.44,4239.36,1.0,0,19.0,22.0,100bs-2n-24th-484520s-DENV_1-brazil-BVBRC_genome_sequence,sequana_cpu_dev,2,11369989.0,100,1,24,484520,DENV_1-brazil-BVBRC_genome_sequence,11650.87,3767.46,15418.32,237.77,76.89,314.66,157.33,49.0, sdumont6165,786334.32
1396.0,3744,78,2594968.0,158436.0,152358.0,2601040.0,2058.24,4249.6,2058.24,4249.6,1.0,0,16.0,20.0,100bs-2n-24th-484520s-DENV_1-brazil-BVBRC_genome_sequence,sequana_cpu_dev,2,11369991.0,100,1,24,484520,DENV_1-brazil-BVBRC_genome_sequence,17594.99,5547.02,23142.01,241.03,75.99,317.01,158.51,73.0, sdumont6165,1805076.78
701.0,2544,53,2594894.0,158756.0,154480.0,2601040.0,1853.44,4239.36,1853.44,4239.36,1.0,0,15.0,22.0,100bs-2n-24th-484520s-DENV_1-brazil-BVBRC_genome_sequence,sequana_cpu_dev,2,11369992.0,100,1,24,484520,DENV_1-brazil-BVBRC_genome_sequence,12234.67,3937.12,16171.8,235.28,75.71,311.0,155.5,52.0, sdumont6165,857105.3999999999
691.0,2688,56,2594982.0,158464.0,152464.0,2601040.0,1853.44,4229.12,1853.44,4229.12,1.0,0,9.0,12.0,100bs-2n-24th-484520s-DENV_1-brazil-BVBRC_genome_sequence,sequana_cpu_dev,2,11369994.0,100,1,24,484520,DENV_1-brazil-BVBRC_genome_sequence,12763.88,4110.33,16874.21,234.21,75.47,309.68,154.84,54.5, sdumont6165,944955.76
12819.0,26160,545,2709124.0,164840.0,159976.0,2829280.0,5529.6,4669.44,5591.04,4669.44,1.0,0,20.0,28.0,1000bs-2n-24th-484520s-DENV_1-brazil-BVBRC_genome_sequence,sequana_cpu_dev,2,11369995.0,1000,1,24,484520,DENV_1-brazil-BVBRC_genome_sequence,133303.61,42438.82,175742.43,245.04,78.01,323.06,161.53,544.0, sdumont6165,95779624.35
12817.0,26592,554,2817876.0,165020.0,160964.0,2824036.0,5550.08,4669.44,5570.56,4669.44,1.0,0,24.0,32.0,1000bs-2n-24th-484520s-DENV_1-brazil-BVBRC_genome_sequence,sequana_cpu_dev,2,11369997.0,1000,1,24,484520,DENV_1-brazil-BVBRC_genome_sequence,135391.03,43192.27,178583.3,244.83,78.11,322.94,161.47,553.0, sdumont6165,98935148.2
12809.0,27024,563,2712092.0,165100.0,160918.0,2817196.0,5591.04,4659.2,5591.04,4659.2,1.0,0,20.0,24.0,1000bs-2n-24th-484520s-DENV_1-brazil-BVBRC_genome_sequence,sequana_cpu_dev,2,11370004.0,1000,1,24,484520,DENV_1-brazil-BVBRC_genome_sequence,137496.61,43797.47,181294.08,244.87,78.01,322.88,161.44,561.5, sdumont6165,102068567.04
12815.0,26784,558,2709268.0,163152.0,157826.0,2811780.0,5601.28,4669.44,5621.76,4679.68,1198.0,0,26.0,35.0,1000bs-2n-24th-484520s-DENV_1-brazil-BVBRC_genome_sequence,sequana_cpu_dev,2,11370007.0,1000,1,24,484520,DENV_1-brazil-BVBRC_genome_sequence,136550.23,43892.58,180442.82,246.04,79.08,325.11,162.56,555.0, sdumont6165,100687093.56
20348.0,42720,890,2711870.0,169436.0,162702.0,2817132.0,8212.48,4689.92,8222.72,4689.92,1.0,0,22.0,24.0,1000bs-2n-24th-484520s-DENV_1-brazil-BVBRC_genome_sequence,sequana_cpu_dev,2,11370027.0,1000,1,24,484520,DENV_1-brazil-BVBRC_genome_sequence,221725.48,68833.08,290558.57,249.41,77.43,326.84,163.42,889.0, sdumont6165,258597127.3
1759.0,3780,63,3111960.0,160652.0,154666.0,3229524.0,2058.24,4249.6,2058.24,4259.84,1.0,0,14.0,15.0,100bs-2n-30th-484520s-DENV_1-brazil-BVBRC_genome_sequence,sequana_cpu_dev,2,11370029.0,100,1,30,484520,DENV_1-brazil-BVBRC_genome_sequence,14037.67,9684.89,23722.56,226.41,156.21,382.62,191.31,62.0, sdumont6165,1494521.28
1728.0,5220,87,3003466.0,158992.0,153894.0,3012396.0,2007.04,4239.36,2007.04,4239.36,1.0,0,16.0,17.0,100bs-2n-30th-484520s-DENV_1-brazil-BVBRC_genome_sequence,sequana_cpu_dev,2,11370030.0,100,1,30,484520,DENV_1-brazil-BVBRC_genome_sequence,19934.92,13307.5,33242.42,231.8,154.74,386.54,193.27,86.0, sdumont6165,2892090.54
1762.0,4980,83,3003330.0,159048.0,153710.0,3012388.0,2068.48,4249.6,2078.72,4249.6,1.0,0,13.0,14.0,100bs-2n-30th-484520s-DENV_1-brazil-BVBRC_genome_sequence,sequana_cpu_dev,2,11370033.0,100,1,30,484520,DENV_1-brazil-BVBRC_genome_sequence,19048.73,12889.09,31937.82,232.3,157.18,389.49,194.74,82.0, sdumont6165,2650839.06
1769.0,4080,68,3112110.0,160512.0,156846.0,3229524.0,2068.48,4249.6,2068.48,4259.84,1.0,0,26.0,32.0,100bs-2n-30th-484520s-DENV_1-brazil-BVBRC_genome_sequence,sequana_cpu_dev,2,11370036.0,100,1,30,484520,DENV_1-brazil-BVBRC_genome_sequence,15285.62,10484.01,25769.62,228.14,156.48,384.62,192.31,67.0, sdumont6165,1752334.16
873.0,5580,93,3000480.0,160816.0,154894.0,3006564.0,2027.52,4280.32,2201.6,4321.28,1.0,0,12.0,31.0,100bs-2n-30th-484520s-DENV_1-brazil-BVBRC_genome_sequence,sequana_cpu_dev,2,11370040.0,100,1,30,484520,DENV_1-brazil-BVBRC_genome_sequence,13226.87,9213.08,22439.95,220.45,153.55,374.0,187.0,60.0, sdumont6165,2086915.35
30856.0,64500,1075,3003298.0,165164.0,159252.0,3012316.0,9441.28,4700.16,9451.52,4700.16,1.0,0,27.0,34.0,1000bs-2n-30th-484520s-DENV_1-brazil-BVBRC_genome_sequence,sequana_cpu_dev,2,11370041.0,1000,1,30,484520,DENV_1-brazil-BVBRC_genome_sequence,261633.26,172040.2,433673.46,243.72,160.26,403.98,201.99,1073.5, sdumont6165,466198969.5
18437.0,39240,654,3117320.0,169612.0,162320.0,3222508.0,6195.2,4669.44,6195.2,4669.44,750.0,0,263.0,264.0,1000bs-2n-30th-484520s-DENV_1-brazil-BVBRC_genome_sequence,sequana_cpu_dev,2,11370049.0,1000,1,30,484520,DENV_1-brazil-BVBRC_genome_sequence,155792.48,102575.06,258367.53,238.77,157.21,395.98,197.99,652.5, sdumont6071,168972364.62
16943.0,35220,587,3003520.0,165416.0,159464.0,3012424.0,5734.4,4669.44,5734.4,4669.44,1.0,0,53.0,83.0,1000bs-2n-30th-484520s-DENV_1-brazil-BVBRC_genome_sequence,sequana_cpu_dev,2,11370057.0,1000,1,30,484520,DENV_1-brazil-BVBRC_genome_sequence,135181.96,93774.77,228956.73,230.69,160.03,390.71,195.36,586.0, sdumont6165,134397600.51000002
16969.0,35640,594,3226114.0,169644.0,163104.0,3229716.0,5570.56,4659.2,5744.64,4659.2,1.0,0,17.0,23.0,1000bs-2n-30th-484520s-DENV_1-brazil-BVBRC_genome_sequence,sequana_cpu_dev,2,11370077.0,1000,1,30,484520,DENV_1-brazil-BVBRC_genome_sequence,136993.44,95002.6,231996.04,231.6,160.61,392.21,196.11,591.5, sdumont6165,137805647.76
16986.0,35100,585,3117414.0,169276.0,162026.0,3234988.0,5734.4,4669.44,5734.4,4679.68,1.0,0,24.0,30.0,1000bs-2n-30th-484520s-DENV_1-brazil-BVBRC_genome_sequence,sequana_cpu_dev,2,11370090.0,1000,1,30,484520,DENV_1-brazil-BVBRC_genome_sequence,135058.88,93974.79,229033.67,231.27,160.92,392.18,196.09,584.0, sdumont6165,133984696.95
2117.0,5328,74,3406282.0,159876.0,154566.0,3412500.0,2068.48,4249.6,2078.72,4249.6,1200.0,0,28.0,29.0,100bs-2n-36th-484520s-DENV_1-brazil-BVBRC_genome_sequence,sequana_cpu_dev,2,11370099.0,100,1,36,484520,DENV_1-brazil-BVBRC_genome_sequence,17343.75,14699.95,32043.7,244.28,207.04,451.32,225.66,71.0, sdumont6166,2371233.8000000003
2030.0,5400,75,3406222.0,159416.0,156424.0,3412372.0,2078.72,4249.6,2078.72,4249.6,5.0,0,153.0,271.0,100bs-2n-36th-484520s-DENV_1-brazil-BVBRC_genome_sequence,sequana_cpu_dev,2,11370114.0,100,1,36,484520,DENV_1-brazil-BVBRC_genome_sequence,16647.15,14746.87,31394.02,224.96,199.28,424.24,212.12,74.0, sdumont6165,2354551.5
2114.0,5472,76,3408998.0,159448.0,154302.0,3412372.0,2058.24,4249.6,2058.24,4249.6,1.0,0,18.0,23.0,100bs-2n-36th-484520s-DENV_1-brazil-BVBRC_genome_sequence,sequana_cpu_dev,2,11370116.0,100,1,36,484520,DENV_1-brazil-BVBRC_genome_sequence,17376.08,15406.83,32782.91,233.22,206.8,440.02,220.01,74.5, sdumont6165,2491501.16
2121.0,5472,76,3406064.0,159344.0,156336.0,3412212.0,2058.24,4249.6,2058.24,4249.6,1.0,0,20.0,26.0,100bs-2n-36th-484520s-DENV_1-brazil-BVBRC_genome_sequence,sequana_cpu_dev,2,11370117.0,100,1,36,484520,DENV_1-brazil-BVBRC_genome_sequence,14551.75,12824.49,27376.24,225.68,198.87,424.54,212.27,64.5, sdumont6165,2080594.24
2119.0,5760,80,3406072.0,159344.0,154082.0,3412212.0,2058.24,4249.6,2058.24,4249.6,0.0,0,19.0,26.0,100bs-2n-36th-484520s-DENV_1-brazil-BVBRC_genome_sequence,sequana_cpu_dev,2,11370120.0,100,1,36,484520,DENV_1-brazil-BVBRC_genome_sequence,18504.19,16321.6,34825.79,235.69,207.9,443.59,221.8,78.5, sdumont6165,2786063.2
24479.0,50832,706,3520216.0,173764.0,164702.0,3640480.0,6615.04,4679.68,6615.04,4689.92,630.0,0,147.0,281.0,1000bs-2n-36th-484520s-DENV_1-brazil-BVBRC_genome_sequence,sequana_cpu_dev,2,11370122.0,1000,1,36,484520,DENV_1-brazil-BVBRC_genome_sequence,165274.11,149503.95,314778.06,234.93,212.51,447.45,223.72,703.5, sdumont6168,222233310.36
23607.0,48024,667,3406112.0,171856.0,162758.0,3412416.0,6348.8,4679.68,6389.76,4679.68,1.0,0,17.0,21.0,1000bs-2n-36th-484520s-DENV_1-brazil-BVBRC_genome_sequence,sequana_cpu_dev,2,11370135.0,1000,1,36,484520,DENV_1-brazil-BVBRC_genome_sequence,155877.25,141742.86,297620.11,234.4,213.15,447.55,223.77,665.0, sdumont6168,198512613.37
24193.0,50256,698,3522844.0,165720.0,160076.0,3628044.0,6615.04,4679.68,6615.04,4679.68,1.0,0,143.0,267.0,1000bs-2n-36th-484520s-DENV_1-brazil-BVBRC_genome_sequence,sequana_cpu_dev,2,11370142.0,1000,1,36,484520,DENV_1-brazil-BVBRC_genome_sequence,165520.82,146177.65,311698.47,237.82,210.03,447.84,223.92,696.0, sdumont6167,217565532.06
25703.0,53352,741,3523148.0,170076.0,163218.0,3628352.0,6860.8,4679.68,6871.04,4689.92,123.0,0,14.0,23.0,1000bs-2n-36th-484520s-DENV_1-brazil-BVBRC_genome_sequence,sequana_cpu_dev,2,11370149.0,1000,1,36,484520,DENV_1-brazil-BVBRC_genome_sequence,180805.03,157935.93,338740.96,244.66,213.72,458.38,229.19,739.0, sdumont6167,251007051.36
23466.0,47880,665,3631478.0,169516.0,163382.0,3634912.0,6236.16,4679.68,6420.48,4679.68,1.0,0,272.0,272.0,1000bs-2n-36th-484520s-DENV_1-brazil-BVBRC_genome_sequence,sequana_cpu_dev,2,11370156.0,1000,1,36,484520,DENV_1-brazil-BVBRC_genome_sequence,152040.03,134037.88,286077.92,229.15,202.01,431.16,215.58,663.5, sdumont6165,190241816.8
2470.0,6636,79,3811698.0,159300.0,155486.0,3817772.0,2058.24,4249.6,2058.24,4249.6,3.0,0,18.0,19.0,100bs-2n-42th-484520s-DENV_1-brazil-BVBRC_genome_sequence,sequana_cpu_dev,2,11370164.0,100,1,42,484520,DENV_1-brazil-BVBRC_genome_sequence,16967.63,15361.36,32328.99,223.26,202.12,425.38,212.69,76.0, sdumont6165,2553990.21
2470.0,6720,80,3811616.0,161696.0,155524.0,3817760.0,2058.24,4249.6,2068.48,4249.6,2.0,0,34.0,42.0,100bs-2n-42th-484520s-DENV_1-brazil-BVBRC_genome_sequence,sequana_cpu_dev,2,11370166.0,100,1,42,484520,DENV_1-brazil-BVBRC_genome_sequence,17794.19,16253.22,34047.41,228.13,208.37,436.51,218.25,78.0, sdumont6165,2723792.8000000003
2471.0,6468,77,3811618.0,159928.0,155056.0,3817756.0,2068.48,4249.6,2068.48,4249.6,3.0,0,39.0,41.0,100bs-2n-42th-484520s-DENV_1-brazil-BVBRC_genome_sequence,sequana_cpu_dev,2,11370170.0,100,1,42,484520,DENV_1-brazil-BVBRC_genome_sequence,16988.27,15643.54,32631.81,225.02,207.18,432.2,216.1,75.5, sdumont6165,2512649.37
3718.0,8064,96,3925732.0,161528.0,159392.0,4033696.0,2273.28,4259.84,2283.52,4259.84,4.0,0,24.0,32.0,100bs-2n-42th-484520s-DENV_1-brazil-BVBRC_genome_sequence,sequana_cpu_dev,2,11370172.0,100,1,42,484520,DENV_1-brazil-BVBRC_genome_sequence,21675.9,20063.98,41739.88,234.35,216.9,451.25,225.62,92.5, sdumont6165,4007028.48
2472.0,6636,79,3811618.0,167616.0,160594.0,3817768.0,2058.24,4249.6,2058.24,4249.6,1.0,0,20.0,20.0,100bs-2n-42th-484520s-DENV_1-brazil-BVBRC_genome_sequence,sequana_cpu_dev,2,11370174.0,100,1,42,484520,DENV_1-brazil-BVBRC_genome_sequence,17452.19,15922.58,33374.77,225.21,205.45,430.66,215.33,77.5, sdumont6165,2636606.83
29633.0,61572,733,3925602.0,167700.0,163684.0,4045872.0,6717.44,4679.68,6860.8,4679.68,1059.0,0,143.0,253.0,1000bs-2n-42th-484520s-DENV_1-brazil-BVBRC_genome_sequence,sequana_cpu_dev,2,11370178.0,1000,1,42,484520,DENV_1-brazil-BVBRC_genome_sequence,175333.32,159750.33,335083.65,239.85,218.54,458.39,229.2,731.0, sdumont6167,245616315.45
42019.0,86016,1024,4037080.0,173280.0,164592.0,4046000.0,9502.72,5038.08,9830.4,5376.0,1.0,0,144.0,272.0,1000bs-2n-42th-484520s-DENV_1-brazil-BVBRC_genome_sequence,sequana_cpu_dev,2,11370209.0,1000,1,42,484520,DENV_1-brazil-BVBRC_genome_sequence,255967.73,229258.98,485226.72,250.21,224.1,474.32,237.16,1023.0, sdumont6166,496872161.28
31275.0,65604,781,3928604.0,170056.0,163070.0,4046152.0,6799.36,4679.68,7065.6,4689.92,1.0,0,31.0,42.0,1000bs-2n-42th-484520s-DENV_1-brazil-BVBRC_genome_sequence,sequana_cpu_dev,2,11370222.0,1000,1,42,484520,DENV_1-brazil-BVBRC_genome_sequence,189933.91,167265.17,357199.09,243.82,214.72,458.54,229.27,779.0, sdumont6166,278972489.29
27338.0,57204,681,3814340.0,168172.0,162332.0,3817772.0,6164.48,4669.44,6389.76,4669.44,1.0,0,148.0,275.0,1000bs-2n-42th-484520s-DENV_1-brazil-BVBRC_genome_sequence,sequana_cpu_dev,2,11370225.0,1000,1,42,484520,DENV_1-brazil-BVBRC_genome_sequence,153844.96,141256.2,295101.16,226.41,207.89,434.3,217.15,679.5, sdumont6165,200963889.96
31250.0,64260,765,3923058.0,169928.0,162986.0,4040620.0,6789.12,4679.68,7086.08,4679.68,1.0,0,32.0,41.0,1000bs-2n-42th-484520s-DENV_1-brazil-BVBRC_genome_sequence,sequana_cpu_dev,2,11370234.0,1000,1,42,484520,DENV_1-brazil-BVBRC_genome_sequence,176141.0,162312.82,338453.83,231.31,213.15,444.46,222.23,761.5, sdumont6165,258917179.95
4250.0,9216,96,4217096.0,164276.0,158760.0,4223308.0,2242.56,4259.84,2283.52,4259.84,1.0,0,28.0,36.0,100bs-2n-48th-484520s-DENV_1-brazil-BVBRC_genome_sequence,sequana_cpu_dev,2,11370237.0,100,1,48,484520,DENV_1-brazil-BVBRC_genome_sequence,21447.81,22199.51,43647.32,228.17,236.17,464.33,232.17,94.0, sdumont6165,4190142.72
2821.0,7872,82,4217306.0,160676.0,155990.0,4223600.0,2078.72,4239.36,2078.72,4249.6,1.0,0,30.0,34.0,100bs-2n-48th-484520s-DENV_1-brazil-BVBRC_genome_sequence,sequana_cpu_dev,2,11370238.0,100,1,48,484520,DENV_1-brazil-BVBRC_genome_sequence,17941.65,18365.3,36306.95,224.27,229.57,453.84,226.92,80.0, sdumont6165,2977169.9
4238.0,9024,94,4217232.0,161716.0,157016.0,4223308.0,2283.52,4259.84,2283.52,4259.84,1.0,0,23.0,26.0,100bs-2n-48th-484520s-DENV_1-brazil-BVBRC_genome_sequence,sequana_cpu_dev,2,11370239.0,100,1,48,484520,DENV_1-brazil-BVBRC_genome_sequence,21127.48,21760.49,42887.96,228.43,235.25,463.68,231.84,92.5, sdumont6165,4031468.24
2821.0,7680,80,4331274.0,168600.0,160782.0,4439244.0,2068.48,4249.6,2068.48,4249.6,1.0,0,28.0,30.0,100bs-2n-48th-484520s-DENV_1-brazil-BVBRC_genome_sequence,sequana_cpu_dev,2,11370240.0,100,1,48,484520,DENV_1-brazil-BVBRC_genome_sequence,17580.74,18111.85,35692.59,225.39,232.2,457.6,228.8,78.0, sdumont6165,2855407.2
2821.0,7584,79,4217306.0,162056.0,156074.0,4223456.0,2068.48,4249.6,2078.72,4249.6,1.0,0,27.0,41.0,100bs-2n-48th-484520s-DENV_1-brazil-BVBRC_genome_sequence,sequana_cpu_dev,2,11370241.0,100,1,48,484520,DENV_1-brazil-BVBRC_genome_sequence,17390.8,17733.2,35124.0,225.85,230.3,456.16,228.08,77.0, sdumont6165,2774796.0
42884.0,87840,915,4334068.0,170204.0,162846.0,4439392.0,8202.24,4689.92,8222.72,4700.16,0.0,0,39.0,48.0,1000bs-2n-48th-484520s-DENV_1-brazil-BVBRC_genome_sequence,sequana_cpu_dev,2,11370242.0,1000,1,48,484520,DENV_1-brazil-BVBRC_genome_sequence,210760.89,217477.93,428238.81,230.84,238.2,469.05,234.52,913.0, sdumont6165,391838511.15
40003.0,81792,852,4442692.0,168644.0,164330.0,4446140.0,7772.16,4689.92,7782.4,4689.92,1.0,0,54.0,64.0,1000bs-2n-48th-484520s-DENV_1-brazil-BVBRC_genome_sequence,sequana_cpu_dev,2,11370243.0,1000,1,48,484520,DENV_1-brazil-BVBRC_genome_sequence,196181.91,200957.48,397139.39,230.94,236.56,467.5,233.75,849.5, sdumont6165,338362760.28000003
37151.0,76896,801,4442622.0,172988.0,166168.0,4446120.0,7075.84,4679.68,7321.6,4689.92,1.0,0,56.0,73.0,1000bs-2n-48th-484520s-DENV_1-brazil-BVBRC_genome_sequence,sequana_cpu_dev,2,11370244.0,1000,1,48,484520,DENV_1-brazil-BVBRC_genome_sequence,186042.07,189302.28,375344.35,232.84,236.92,469.77,234.88,799.0, sdumont6165,300650824.35
37098.0,76224,794,4328504.0,170464.0,162136.0,4446120.0,7311.36,4689.92,7342.08,4689.92,1.0,0,29.0,37.0,1000bs-2n-48th-484520s-DENV_1-brazil-BVBRC_genome_sequence,sequana_cpu_dev,2,11370245.0,1000,1,48,484520,DENV_1-brazil-BVBRC_genome_sequence,181985.92,186475.82,368461.75,229.78,235.45,465.23,232.61,792.0, sdumont6165,292558629.5
48357.0,100704,1049,4333994.0,172236.0,166302.0,4451540.0,9318.4,4689.92,9338.88,4700.16,1.0,0,30.0,32.0,1000bs-2n-48th-484520s-DENV_1-brazil-BVBRC_genome_sequence,sequana_cpu_dev,2,11370247.0,1000,1,48,484520,DENV_1-brazil-BVBRC_genome_sequence,251485.47,258414.85,509900.33,240.2,246.81,487.01,243.51,1047.0, sdumont6165,534885446.17
143.0,612,102,1116488.0,156908.0,156276.0,1116608.0,2304.0,4239.36,2304.0,4239.36,1.0,0,78.0,236.0,100bs-3n-2th-484520s-DENV_1-brazil-BVBRC_genome_sequence,sequana_cpu_dev,3,11370249.0,100,1,2,484520,DENV_1-brazil-BVBRC_genome_sequence,17456.01,11694.7,29150.71,172.83,115.79,288.62,96.21,101.0, sdumont6165,2973372.42
113.0,534,89,1116489.3330078125,154992.0,154842.666015625,1116612.0,2078.72,4229.12,2078.72,4229.12,1.0,0,0.0,0.0,100bs-3n-2th-484520s-DENV_1-brazil-BVBRC_genome_sequence,sequana_cpu_dev,3,11370250.0,100,1,2,484520,DENV_1-brazil-BVBRC_genome_sequence,15995.15,10210.65,26205.8,181.76,116.03,297.79,99.26,88.0, sdumont6165,2332316.2
195.0,762,127,1116538.666015625,160832.0,156930.666015625,1116760.0,2539.52,4239.36,2539.52,4239.36,1.0,0,0.0,0.0,100bs-3n-2th-484520s-DENV_1-brazil-BVBRC_genome_sequence,sequana_cpu_dev,3,11370251.0,100,1,2,484520,DENV_1-brazil-BVBRC_genome_sequence,21666.52,14610.82,36277.34,171.96,115.96,287.92,95.97,126.0, sdumont6165,4607222.18
117.0,528,88,1116554.666015625,157016.0,155504.0,1116784.0,2068.48,4229.12,2078.72,4229.12,1.0,0,0.0,0.0,100bs-3n-2th-484520s-DENV_1-brazil-BVBRC_genome_sequence,sequana_cpu_dev,3,11370252.0,100,1,2,484520,DENV_1-brazil-BVBRC_genome_sequence,15431.75,9778.4,25210.14,183.71,116.41,300.12,100.04,84.0, sdumont6165,2218492.32
117.0,498,83,1116550.666015625,155036.0,154894.666015625,1116624.0,2068.48,4229.12,2078.72,4229.12,1.0,0,0.0,0.0,100bs-3n-2th-484520s-DENV_1-brazil-BVBRC_genome_sequence,sequana_cpu_dev,3,11370254.0,100,1,2,484520,DENV_1-brazil-BVBRC_genome_sequence,15204.79,9559.95,24764.74,185.42,116.58,302.01,100.67,82.0, sdumont6165,2055473.42
1628.0,5196,866,1270694.666015625,165772.0,164018.666015625,1345084.0,7761.92,4546.56,7792.64,4546.56,1.0,0,5.0,13.0,1000bs-3n-2th-484520s-DENV_1-brazil-BVBRC_genome_sequence,sequana_cpu_dev,3,11370255.0,1000,1,2,484520,DENV_1-brazil-BVBRC_genome_sequence,160736.88,101660.57,262397.45,186.4,117.89,304.3,101.43,862.33, sdumont6165,227236191.7
1655.0,5268,878,1270701.3330078125,164824.0,161678.666015625,1345080.0,7864.32,4546.56,8017.92,4556.8,1.0,0,12.0,35.0,1000bs-3n-2th-484520s-DENV_1-brazil-BVBRC_genome_sequence,sequana_cpu_dev,3,11370256.0,1000,1,2,484520,DENV_1-brazil-BVBRC_genome_sequence,162274.05,103350.52,265624.58,185.03,117.85,302.88,100.96,877.0, sdumont6165,233218381.24
1559.0,5022,837,1196474.666015625,162816.0,161100.0,1345268.0,7454.72,4546.56,7587.84,4546.56,1.0,0,0.0,0.0,1000bs-3n-2th-484520s-DENV_1-brazil-BVBRC_genome_sequence,sequana_cpu_dev,3,11370259.0,1000,1,2,484520,DENV_1-brazil-BVBRC_genome_sequence,155481.92,98491.35,253973.27,185.98,117.81,303.8,101.27,836.0, sdumont6165,212575626.99
1607.0,5100,850,1270298.666015625,164312.0,163076.0,1344768.0,7772.16,4546.56,7782.4,4546.56,2.0,0,5.0,15.0,1000bs-3n-2th-484520s-DENV_1-brazil-BVBRC_genome_sequence,sequana_cpu_dev,3,11370260.0,1000,1,2,484520,DENV_1-brazil-BVBRC_genome_sequence,157541.69,100023.53,257565.22,185.56,117.81,303.37,101.12,849.0, sdumont6165,218930437.0
1526.0,4764,794,1342956.0,163192.0,161394.666015625,1344924.0,7260.16,4546.56,7321.6,4546.56,1.0,0,13.0,35.0,1000bs-3n-2th-484520s-DENV_1-brazil-BVBRC_genome_sequence,sequana_cpu_dev,3,11370268.0,1000,1,2,484520,DENV_1-brazil-BVBRC_genome_sequence,148544.12,93368.65,241912.77,187.32,117.74,305.06,101.69,793.0, sdumont6165,192078739.38
169.0,828,46,1385332.0,155756.0,155472.0,1385420.0,1853.44,4229.12,1853.44,4229.12,1.0,0,13.0,37.0,100bs-3n-6th-484520s-DENV_1-brazil-BVBRC_genome_sequence,sequana_cpu_dev,3,11370272.0,100,1,6,484520,DENV_1-brazil-BVBRC_genome_sequence,10947.05,4853.53,15800.59,260.64,115.56,376.2,125.4,42.0, sdumont6165,726827.14
169.0,1062,59,1385276.0,157212.0,156094.666015625,1385300.0,1853.44,4229.12,1863.68,4229.12,1.0,0,0.0,1.0,100bs-3n-6th-484520s-DENV_1-brazil-BVBRC_genome_sequence,sequana_cpu_dev,3,11370275.0,100,1,6,484520,DENV_1-brazil-BVBRC_genome_sequence,13742.68,6222.55,19965.23,254.49,115.23,369.73,123.24,54.0, sdumont6165,1177948.57
174.0,720,40,1312957.3330078125,157276.0,156544.0,1385456.0,1843.2,4229.12,1853.44,4229.12,1.0,0,0.0,1.0,100bs-3n-6th-484520s-DENV_1-brazil-BVBRC_genome_sequence,sequana_cpu_dev,3,11370276.0,100,1,6,484520,DENV_1-brazil-BVBRC_genome_sequence,9997.21,4370.05,14367.26,256.34,112.05,368.39,122.8,39.0, sdumont6165,574690.4
175.0,738,41,1385266.666015625,159340.0,156802.666015625,1385444.0,1853.44,4229.12,1853.44,4229.12,1.0,0,6.0,18.0,100bs-3n-6th-484520s-DENV_1-brazil-BVBRC_genome_sequence,sequana_cpu_dev,3,11370279.0,100,1,6,484520,DENV_1-brazil-BVBRC_genome_sequence,10157.94,4425.12,14583.07,260.46,113.46,373.92,124.64,39.0, sdumont6165,597905.87
170.0,900,50,1385221.3330078125,157864.0,155989.3330078125,1385308.0,1853.44,4229.12,1853.44,4229.12,1.0,0,1.0,1.0,100bs-3n-6th-484520s-DENV_1-brazil-BVBRC_genome_sequence,sequana_cpu_dev,3,11370280.0,100,1,6,484520,DENV_1-brazil-BVBRC_genome_sequence,12406.08,5628.53,18034.61,253.19,114.87,368.05,122.68,49.0, sdumont6165,901730.5
2457.0,7938,441,1387410.666015625,166744.0,164454.666015625,1391240.0,4710.4,4515.84,4751.36,4526.08,0.0,0,1.0,1.0,1000bs-3n-6th-484520s-DENV_1-brazil-BVBRC_genome_sequence,sequana_cpu_dev,3,11370281.0,1000,1,6,484520,DENV_1-brazil-BVBRC_genome_sequence,117103.84,51665.31,168769.14,266.15,117.42,383.57,127.86,440.0, sdumont6165,74427190.74000001
2630.0,8136,452,1391041.3330078125,170788.0,165645.3330078125,1391540.0,4945.92,4526.08,4976.64,4526.08,1.0,0,0.0,1.0,1000bs-3n-6th-484520s-DENV_1-brazil-BVBRC_genome_sequence,sequana_cpu_dev,3,11370283.0,1000,1,6,484520,DENV_1-brazil-BVBRC_genome_sequence,119781.44,53005.31,172786.75,265.59,117.53,383.12,127.71,451.0, sdumont6165,78099611.0
2465.0,7722,429,1537517.3330078125,165192.0,162388.0,1613684.0,4679.68,4526.08,4730.88,4526.08,1.0,0,1.0,2.0,1000bs-3n-6th-484520s-DENV_1-brazil-BVBRC_genome_sequence,sequana_cpu_dev,3,11370286.0,1000,1,6,484520,DENV_1-brazil-BVBRC_genome_sequence,114535.34,50273.05,164808.39,268.23,117.74,385.97,128.66,427.0, sdumont6165,70702799.31
2636.0,8208,456,1537517.3330078125,165420.0,164241.3330078125,1613596.0,4904.96,4597.76,4976.64,4741.12,1.0,0,0.0,2.0,1000bs-3n-6th-484520s-DENV_1-brazil-BVBRC_genome_sequence,sequana_cpu_dev,3,11370289.0,1000,1,6,484520,DENV_1-brazil-BVBRC_genome_sequence,120575.23,53348.03,173923.26,265.58,117.51,383.09,127.7,454.0, sdumont6165,79309006.56
2115.0,6876,382,1461513.3330078125,166400.0,165310.666015625,1613592.0,4280.32,4505.6,4280.32,4505.6,1.0,0,4.0,10.0,1000bs-3n-6th-484520s-DENV_1-brazil-BVBRC_genome_sequence,sequana_cpu_dev,3,11370291.0,1000,1,6,484520,DENV_1-brazil-BVBRC_genome_sequence,103136.23,44956.64,148092.87,270.7,118.0,388.7,129.57,381.0, sdumont6165,56571476.34
328.0,1692,47,1792181.3330078125,161692.0,159009.3330078125,1795832.0,1832.96,4229.12,1863.68,4229.12,1.0,0,11.0,31.0,100bs-3n-12th-484520s-DENV_1-brazil-BVBRC_genome_sequence,sequana_cpu_dev,3,11370295.0,100,1,12,484520,DENV_1-brazil-BVBRC_genome_sequence,14607.92,5230.75,19838.67,317.56,113.71,431.28,143.76,46.0, sdumont6165,932417.49
349.0,1260,35,1790370.666015625,160240.0,158752.0,1790432.0,1853.44,4239.36,1853.44,4239.36,1.0,0,4.0,5.0,100bs-3n-12th-484520s-DENV_1-brazil-BVBRC_genome_sequence,sequana_cpu_dev,3,11370296.0,100,1,12,484520,DENV_1-brazil-BVBRC_genome_sequence,11119.19,3929.71,15048.91,327.04,115.58,442.61,147.54,34.0, sdumont6165,526711.85
352.0,1188,33,1790320.0,158060.0,157120.0,1790456.0,1853.44,4239.36,1853.44,4239.36,1.0,0,8.0,10.0,100bs-3n-12th-484520s-DENV_1-brazil-BVBRC_genome_sequence,sequana_cpu_dev,3,11370297.0,100,1,12,484520,DENV_1-brazil-BVBRC_genome_sequence,10266.08,3663.97,13930.05,320.82,114.5,435.31,145.1,32.0, sdumont6165,459691.65
326.0,1764,49,1870166.666015625,160848.0,159210.666015625,2018504.0,1853.44,4229.12,1863.68,4229.12,1.0,0,6.0,7.0,100bs-3n-12th-484520s-DENV_1-brazil-BVBRC_genome_sequence,sequana_cpu_dev,3,11370299.0,100,1,12,484520,DENV_1-brazil-BVBRC_genome_sequence,15275.14,5457.64,20732.78,318.23,113.7,431.93,143.98,48.0, sdumont6165,1015906.22
351.0,1188,33,1790376.0,157872.0,157354.666015625,1790432.0,1843.2,4239.36,1853.44,4239.36,1.0,0,3.0,5.0,100bs-3n-12th-484520s-DENV_1-brazil-BVBRC_genome_sequence,sequana_cpu_dev,3,11370300.0,100,1,12,484520,DENV_1-brazil-BVBRC_genome_sequence,10116.07,3597.23,13713.3,316.13,112.41,428.54,142.85,32.0, sdumont6165,452538.9
4255.0,13032,362,1942524.0,164148.0,162817.3330078125,2018756.0,4444.16,4741.12,4935.68,5191.68,1.0,0,35.0,94.0,1000bs-3n-12th-484520s-DENV_1-brazil-BVBRC_genome_sequence,sequana_cpu_dev,3,11370301.0,1000,1,12,484520,DENV_1-brazil-BVBRC_genome_sequence,120592.08,42489.57,163081.65,334.98,118.03,453.0,151.0,360.0, sdumont6165,59035557.3
3879.0,12240,340,1942473.3330078125,162816.0,162172.0,2018604.0,4003.84,4515.84,4044.8,4515.84,1.0,0,15.0,35.0,1000bs-3n-12th-484520s-DENV_1-brazil-BVBRC_genome_sequence,sequana_cpu_dev,3,11370304.0,1000,1,12,484520,DENV_1-brazil-BVBRC_genome_sequence,113172.15,39908.39,153080.54,333.84,117.72,451.57,150.52,339.0, sdumont6165,52047383.6
3537.0,11520,320,1938952.0,167964.0,166896.0,2013484.0,3747.84,4495.36,3829.76,4495.36,1.0,0,4.0,8.0,1000bs-3n-12th-484520s-DENV_1-brazil-BVBRC_genome_sequence,sequana_cpu_dev,3,11370306.0,1000,1,12,484520,DENV_1-brazil-BVBRC_genome_sequence,106679.95,37554.93,144234.88,334.42,117.73,452.15,150.72,319.0, sdumont6165,46155161.6
6191.0,19476,541,1792237.3330078125,168500.0,165057.3330078125,1796128.0,5826.56,4751.36,5898.24,5201.92,1.0,0,4.0,7.0,1000bs-3n-12th-484520s-DENV_1-brazil-BVBRC_genome_sequence,sequana_cpu_dev,3,11370307.0,1000,1,12,484520,DENV_1-brazil-BVBRC_genome_sequence,181329.41,63755.03,245084.44,335.8,118.06,453.86,151.29,540.0, sdumont6165,132590682.04
5866.0,18648,518,1866446.666015625,166464.0,164636.0,2018512.0,5488.64,4526.08,5498.88,4526.08,1.0,0,4.0,9.0,1000bs-3n-12th-484520s-DENV_1-brazil-BVBRC_genome_sequence,sequana_cpu_dev,3,11370309.0,1000,1,12,484520,DENV_1-brazil-BVBRC_genome_sequence,173775.44,61017.07,234792.51,336.12,118.02,454.14,151.38,517.0, sdumont6165,121622520.18
526.0,1836,34,2195697.3330078125,158204.0,156728.0,2195820.0,1853.44,4239.36,1853.44,4239.36,1.0,0,15.0,16.0,100bs-3n-18th-484520s-DENV_1-brazil-BVBRC_genome_sequence,sequana_cpu_dev,3,11370313.0,100,1,18,484520,DENV_1-brazil-BVBRC_genome_sequence,10642.75,3738.31,14381.06,322.51,113.28,435.79,145.26,33.0, sdumont6165,488956.04
522.0,2106,39,2270141.3330078125,162612.0,159650.666015625,2418552.0,1853.44,4229.12,1853.44,4229.12,1.0,0,10.0,15.0,100bs-3n-18th-484520s-DENV_1-brazil-BVBRC_genome_sequence,sequana_cpu_dev,3,11370314.0,100,1,18,484520,DENV_1-brazil-BVBRC_genome_sequence,12498.11,4373.19,16871.3,328.9,115.08,443.98,147.99,38.0, sdumont6165,657980.7
1026.0,3456,64,2195770.666015625,158128.0,156786.666015625,2195820.0,2088.96,4239.36,2088.96,4239.36,1.0,0,9.0,13.0,100bs-3n-18th-484520s-DENV_1-brazil-BVBRC_genome_sequence,sequana_cpu_dev,3,11370316.0,100,1,18,484520,DENV_1-brazil-BVBRC_genome_sequence,21109.6,7165.82,28275.42,340.48,115.58,456.06,152.02,62.0, sdumont6165,1809626.88
521.0,2376,44,2195753.3330078125,160336.0,157540.0,2195820.0,1853.44,4229.12,1853.44,4229.12,1.0,0,13.0,21.0,100bs-3n-18th-484520s-DENV_1-brazil-BVBRC_genome_sequence,sequana_cpu_dev,3,11370318.0,100,1,18,484520,DENV_1-brazil-BVBRC_genome_sequence,14299.54,4929.02,19228.56,340.47,117.36,457.82,152.61,42.0, sdumont6165,846056.64
496.0,2376,44,2123336.0,158012.0,157101.3330078125,2195832.0,1853.44,4229.12,1853.44,4229.12,3.0,0,45.0,108.0,100bs-3n-18th-484520s-DENV_1-brazil-BVBRC_genome_sequence,sequana_cpu_dev,3,11370319.0,100,1,18,484520,DENV_1-brazil-BVBRC_genome_sequence,13743.81,4861.25,18605.06,324.52,114.8,439.32,146.44,42.33, sdumont6165,818622.64
10965.0,35046,649,2344257.3330078125,166900.0,165194.666015625,2418644.0,6225.92,4536.32,6440.96,4536.32,1.0,0,11.0,20.0,1000bs-3n-18th-484520s-DENV_1-brazil-BVBRC_genome_sequence,sequana_cpu_dev,3,11370321.0,1000,1,18,484520,DENV_1-brazil-BVBRC_genome_sequence,227937.65,76391.49,304329.14,352.3,118.07,470.37,156.79,647.0, sdumont6165,197509611.86
5347.0,17766,329,2269980.0,170644.0,166685.3330078125,2418468.0,3819.52,4495.36,3819.52,4505.6,1.0,0,8.0,12.0,1000bs-3n-18th-484520s-DENV_1-brazil-BVBRC_genome_sequence,sequana_cpu_dev,3,11370324.0,1000,1,18,484520,DENV_1-brazil-BVBRC_genome_sequence,111591.24,38703.16,150294.4,341.26,118.36,459.62,153.21,327.0, sdumont6165,49446857.6
5853.0,18360,340,2273686.666015625,172208.0,167353.3330078125,2418620.0,4034.56,4515.84,4044.8,4515.84,1.0,0,7.0,14.0,1000bs-3n-18th-484520s-DENV_1-brazil-BVBRC_genome_sequence,sequana_cpu_dev,3,11370325.0,1000,1,18,484520,DENV_1-brazil-BVBRC_genome_sequence,115616.74,40042.56,155659.31,341.05,118.12,459.17,153.06,339.0, sdumont6165,52924165.4
6389.0,20358,377,2199416.0,168512.0,165988.0,2201372.0,4270.08,4515.84,4300.8,4515.84,1.0,0,18.0,37.0,1000bs-3n-18th-484520s-DENV_1-brazil-BVBRC_genome_sequence,sequana_cpu_dev,3,11370327.0,1000,1,18,484520,DENV_1-brazil-BVBRC_genome_sequence,129399.03,44452.36,173851.39,344.15,118.22,462.37,154.12,376.0, sdumont6165,65541974.03000001
5348.0,17442,323,2195720.0,171028.0,166144.0,2195836.0,3819.52,4495.36,3829.76,4505.6,3.0,0,9.0,19.0,1000bs-3n-18th-484520s-DENV_1-brazil-BVBRC_genome_sequence,sequana_cpu_dev,3,11370333.0,1000,1,18,484520,DENV_1-brazil-BVBRC_genome_sequence,109208.33,38095.46,147303.79,339.16,118.31,457.47,152.49,322.0, sdumont6165,47579124.17
699.0,2592,36,2601142.666015625,160744.0,159189.3330078125,2601348.0,1853.44,4239.36,1853.44,4239.36,1.0,0,17.0,23.0,100bs-3n-24th-484520s-DENV_1-brazil-BVBRC_genome_sequence,sequana_cpu_dev,3,11370335.0,100,1,24,484520,DENV_1-brazil-BVBRC_genome_sequence,12254.68,3944.84,16199.52,350.13,112.71,462.84,154.28,35.0, sdumont6165,583182.72
690.0,3096,43,2601133.3330078125,160596.0,159112.0,2601320.0,1853.44,4229.12,1853.44,4229.12,1.0,0,11.0,15.0,100bs-3n-24th-484520s-DENV_1-brazil-BVBRC_genome_sequence,sequana_cpu_dev,3,11370336.0,100,1,24,484520,DENV_1-brazil-BVBRC_genome_sequence,14700.61,4705.72,19406.33,352.79,112.88,465.66,155.22,41.67, sdumont6165,834472.1900000001
698.0,2880,40,2601136.0,166312.0,159752.0,2601328.0,1853.44,4229.12,1853.44,4239.36,1.0,0,22.0,24.0,100bs-3n-24th-484520s-DENV_1-brazil-BVBRC_genome_sequence,sequana_cpu_dev,3,11370338.0,100,1,24,484520,DENV_1-brazil-BVBRC_genome_sequence,13979.97,4456.72,18436.7,361.83,115.34,477.18,159.06,38.67, sdumont6165,737468.0
637.0,3744,52,2601142.666015625,160592.0,158981.3330078125,2601348.0,1853.44,4229.12,1853.44,4229.12,1.0,0,19.0,21.0,100bs-3n-24th-484520s-DENV_1-brazil-BVBRC_genome_sequence,sequana_cpu_dev,3,11370339.0,100,1,24,484520,DENV_1-brazil-BVBRC_genome_sequence,18057.89,5789.78,23847.67,354.08,113.53,467.6,155.87,51.0, sdumont6165,1240078.84
698.0,2880,40,2601245.3330078125,160884.0,158592.0,2601508.0,1853.44,4229.12,1853.44,4239.36,1.0,0,18.0,22.0,100bs-3n-24th-484520s-DENV_1-brazil-BVBRC_genome_sequence,sequana_cpu_dev,3,11370341.0,100,1,24,484520,DENV_1-brazil-BVBRC_genome_sequence,14065.68,4501.25,18566.93,370.15,118.45,488.6,162.87,38.0, sdumont6165,742677.2
8532.0,26640,370,2601209.3330078125,169028.0,167773.3330078125,2601332.0,4147.2,4515.84,4270.08,4515.84,1.0,0,14.0,22.0,1000bs-3n-24th-484520s-DENV_1-brazil-BVBRC_genome_sequence,sequana_cpu_dev,3,11370343.0,1000,1,24,484520,DENV_1-brazil-BVBRC_genome_sequence,139067.51,44154.76,183222.27,378.93,120.31,499.24,166.41,367.0, sdumont6165,67792239.89999999
9246.0,28872,401,2677382.666015625,166816.0,164854.666015625,2824008.0,4403.2,4515.84,4474.88,4526.08,1.0,0,13.0,17.0,1000bs-3n-24th-484520s-DENV_1-brazil-BVBRC_genome_sequence,sequana_cpu_dev,3,11370349.0,1000,1,24,484520,DENV_1-brazil-BVBRC_genome_sequence,153035.54,48162.25,201197.79,382.59,120.41,502.99,167.66,400.0, sdumont6165,80680313.79
7797.0,24264,337,2605050.666015625,167256.0,165402.666015625,2607296.0,3932.16,4515.84,4034.56,4515.84,1.0,0,52.0,121.0,1000bs-3n-24th-484520s-DENV_1-brazil-BVBRC_genome_sequence,sequana_cpu_dev,3,11370350.0,1000,1,24,484520,DENV_1-brazil-BVBRC_genome_sequence,126175.18,40375.34,166550.51,377.04,120.65,497.69,165.9,334.67, sdumont6165,56127521.870000005
9256.0,29592,411,2603121.3330078125,165388.0,165134.666015625,2606784.0,4413.44,4515.84,4526.08,4526.08,1.0,0,23.0,29.0,1000bs-3n-24th-484520s-DENV_1-brazil-BVBRC_genome_sequence,sequana_cpu_dev,3,11370351.0,1000,1,24,484520,DENV_1-brazil-BVBRC_genome_sequence,156733.81,49234.43,205968.24,382.28,120.08,502.36,167.45,410.0, sdumont6165,84652946.64
11978.0,37512,521,2677470.666015625,170964.0,169180.0,2824144.0,5478.4,4526.08,5488.64,4526.08,1.0,0,21.0,26.0,1000bs-3n-24th-484520s-DENV_1-brazil-BVBRC_genome_sequence,sequana_cpu_dev,3,11370352.0,1000,1,24,484520,DENV_1-brazil-BVBRC_genome_sequence,200517.32,62139.53,262656.85,385.61,119.5,505.11,168.37,520.0, sdumont6165,136844218.85
875.0,4140,46,3006837.3330078125,160800.0,159604.0,3006848.0,1853.44,4229.12,1853.44,4229.12,1.0,0,16.0,22.0,100bs-3n-30th-484520s-DENV_1-brazil-BVBRC_genome_sequence,sequana_cpu_dev,3,11370353.0,100,1,30,484520,DENV_1-brazil-BVBRC_genome_sequence,14785.66,10016.69,24802.36,328.57,222.59,551.16,183.72,45.0, sdumont6165,1140908.56
815.0,4230,47,3006693.3330078125,158964.0,158749.3330078125,3006700.0,1853.44,4229.12,1853.44,4229.12,1.0,0,52.0,127.0,100bs-3n-30th-484520s-DENV_1-brazil-BVBRC_genome_sequence,sequana_cpu_dev,3,11370354.0,100,1,30,484520,DENV_1-brazil-BVBRC_genome_sequence,15128.93,10292.41,25421.34,328.89,223.75,552.64,184.21,46.0, sdumont6165,1194802.98
873.0,4320,48,3006697.3330078125,160864.0,159364.0,3006724.0,1853.44,4229.12,1853.44,4229.12,1.0,0,22.0,27.0,100bs-3n-30th-484520s-DENV_1-brazil-BVBRC_genome_sequence,sequana_cpu_dev,3,11370355.0,100,1,30,484520,DENV_1-brazil-BVBRC_genome_sequence,16107.92,10788.6,26896.52,347.72,232.9,580.62,193.54,46.33, sdumont6165,1291032.96
873.0,4500,50,3006689.3330078125,160648.0,159448.0,3006700.0,1853.44,4229.12,1853.44,4229.12,1.0,0,25.0,28.0,100bs-3n-30th-484520s-DENV_1-brazil-BVBRC_genome_sequence,sequana_cpu_dev,3,11370356.0,100,1,30,484520,DENV_1-brazil-BVBRC_genome_sequence,16685.71,11173.3,27859.01,347.62,232.78,580.4,193.47,48.0, sdumont6165,1392950.5
869.0,4320,48,3006784.0,161212.0,159509.3330078125,3006840.0,1843.2,4229.12,1853.44,4229.12,1.0,0,13.0,16.0,100bs-3n-30th-484520s-DENV_1-brazil-BVBRC_genome_sequence,sequana_cpu_dev,3,11370357.0,100,1,30,484520,DENV_1-brazil-BVBRC_genome_sequence,16407.68,11036.15,27443.83,349.1,234.81,583.91,194.64,47.0, sdumont6165,1317303.84
11586.0,37800,420,3084669.3330078125,168444.0,167160.0,3234996.0,4444.16,4515.84,4444.16,4515.84,1.0,0,22.0,41.0,1000bs-3n-30th-484520s-DENV_1-brazil-BVBRC_genome_sequence,sequana_cpu_dev,3,11370358.0,1000,1,30,484520,DENV_1-brazil-BVBRC_genome_sequence,150178.63,101761.37,251939.99,360.42,244.22,604.64,201.55,416.67, sdumont6165,105814795.8
12396.0,38610,429,3231356.0,167584.0,165857.3330078125,3235300.0,4669.44,4526.08,4669.44,4526.08,1.0,0,26.0,36.0,1000bs-3n-30th-484520s-DENV_1-brazil-BVBRC_genome_sequence,sequana_cpu_dev,3,11370360.0,1000,1,30,484520,DENV_1-brazil-BVBRC_genome_sequence,152797.66,103759.71,256557.37,357.0,242.43,599.43,199.81,428.0, sdumont6165,110063111.73
13381.0,41850,465,3082902.666015625,170920.0,168700.0,3235108.0,4823.04,4526.08,4874.24,4526.08,1.0,0,26.0,40.0,1000bs-3n-30th-484520s-DENV_1-brazil-BVBRC_genome_sequence,sequana_cpu_dev,3,11370361.0,1000,1,30,484520,DENV_1-brazil-BVBRC_genome_sequence,168622.03,112616.66,281238.69,366.57,244.82,611.39,203.8,460.0, sdumont6165,130775990.85
17669.0,54630,607,3078756.0,167496.0,163018.666015625,3222508.0,5969.92,4536.32,6072.32,4536.32,1.0,0,64.0,150.0,1000bs-3n-30th-484520s-DENV_1-brazil-BVBRC_genome_sequence,sequana_cpu_dev,3,11370362.0,1000,1,30,484520,DENV_1-brazil-BVBRC_genome_sequence,226646.9,147921.98,374568.88,374.0,244.1,618.1,206.03,606.0, sdumont6165,227363310.16
11596.0,37440,416,3084732.0,170808.0,167866.666015625,3234804.0,4444.16,4515.84,4454.4,4526.08,2.0,0,34.0,46.0,1000bs-3n-30th-484520s-DENV_1-brazil-BVBRC_genome_sequence,sequana_cpu_dev,3,11370363.0,1000,1,30,484520,DENV_1-brazil-BVBRC_genome_sequence,150101.96,101385.94,251487.9,361.69,244.3,605.99,202.0,415.0, sdumont6165,104618966.4
1047.0,4860,45,3412365.3330078125,161564.0,160585.3330078125,3412508.0,1853.44,4229.12,1853.44,4229.12,1.0,0,29.0,42.0,100bs-3n-36th-484520s-DENV_1-brazil-BVBRC_genome_sequence,sequana_cpu_dev,3,11370364.0,100,1,36,484520,DENV_1-brazil-BVBRC_genome_sequence,14968.1,12769.07,27737.18,343.01,292.51,635.52,211.84,43.67, sdumont6165,1248173.1
1035.0,5940,55,3412282.666015625,163180.0,161596.0,3412376.0,1843.2,4229.12,1853.44,4229.12,1.0,0,21.0,31.0,100bs-3n-36th-484520s-DENV_1-brazil-BVBRC_genome_sequence,sequana_cpu_dev,3,11370365.0,100,1,36,484520,DENV_1-brazil-BVBRC_genome_sequence,18876.37,16159.62,35035.99,349.56,299.25,648.81,216.27,54.0, sdumont6165,1926979.45
2030.0,7020,65,3412281.3330078125,159160.0,159046.666015625,3412372.0,2068.48,4239.36,2078.72,4239.36,1.0,0,20.0,22.0,100bs-3n-36th-484520s-DENV_1-brazil-BVBRC_genome_sequence,sequana_cpu_dev,3,11370366.0,100,1,36,484520,DENV_1-brazil-BVBRC_genome_sequence,22621.55,19495.94,42117.49,353.46,304.62,658.09,219.36,64.0, sdumont6165,2737636.85
1046.0,4752,44,3412265.3330078125,159404.0,159144.0,3412364.0,1853.44,4229.12,1853.44,4229.12,1.0,0,20.0,27.0,100bs-3n-36th-484520s-DENV_1-brazil-BVBRC_genome_sequence,sequana_cpu_dev,3,11370367.0,100,1,36,484520,DENV_1-brazil-BVBRC_genome_sequence,14582.84,12445.88,27028.71,341.66,291.61,633.27,211.09,42.67, sdumont6165,1189263.24
1046.0,5292,49,3412230.666015625,160864.0,160288.0,3412260.0,1853.44,4229.12,1853.44,4229.12,1.0,0,17.0,19.0,100bs-3n-36th-484520s-DENV_1-brazil-BVBRC_genome_sequence,sequana_cpu_dev,3,11370368.0,100,1,36,484520,DENV_1-brazil-BVBRC_genome_sequence,16571.48,14086.91,30658.4,345.24,293.48,638.72,212.91,48.0, sdumont6165,1502261.6
15017.0,48060,445,3491933.3330078125,169744.0,167724.0,3640332.0,4659.2,4515.84,4669.44,4526.08,1.0,0,56.0,119.0,1000bs-3n-36th-484520s-DENV_1-brazil-BVBRC_genome_sequence,sequana_cpu_dev,3,11370369.0,1000,1,36,484520,DENV_1-brazil-BVBRC_genome_sequence,158805.86,135116.4,293922.26,357.67,304.32,661.99,220.66,444.0, sdumont6165,130795405.7
16036.0,49032,454,3562704.0,168008.0,167736.0,3635068.0,4884.48,4526.08,4894.72,4526.08,1.0,0,29.0,44.0,1000bs-3n-36th-484520s-DENV_1-brazil-BVBRC_genome_sequence,sequana_cpu_dev,3,11370370.0,1000,1,36,484520,DENV_1-brazil-BVBRC_genome_sequence,160501.11,136165.04,296666.14,355.88,301.92,657.8,219.27,451.0, sdumont6165,134686427.56
16091.0,49356,457,3414160.0,168076.0,167140.0,3417808.0,4874.24,4526.08,4874.24,4526.08,1.0,0,16.0,22.0,1000bs-3n-36th-484520s-DENV_1-brazil-BVBRC_genome_sequence,sequana_cpu_dev,3,11370371.0,1000,1,36,484520,DENV_1-brazil-BVBRC_genome_sequence,162000.71,137850.06,299850.77,355.26,302.3,657.57,219.19,456.0, sdumont6165,137031801.89000002
17141.0,53352,494,3492312.0,170980.0,168373.3330078125,3640480.0,5109.76,4526.08,5130.24,4526.08,1.0,0,21.0,22.0,1000bs-3n-36th-484520s-DENV_1-brazil-BVBRC_genome_sequence,sequana_cpu_dev,3,11370372.0,1000,1,36,484520,DENV_1-brazil-BVBRC_genome_sequence,177335.97,151538.85,328874.82,360.2,307.8,668.0,222.67,492.33, sdumont6165,162464161.08
16086.0,50112,464,3640628.0,171668.0,168977.3330078125,3640632.0,4894.72,4526.08,4915.2,4526.08,1.0,0,27.0,32.0,1000bs-3n-36th-484520s-DENV_1-brazil-BVBRC_genome_sequence,sequana_cpu_dev,3,11370373.0,1000,1,36,484520,DENV_1-brazil-BVBRC_genome_sequence,165186.51,141046.04,306232.55,357.05,304.86,661.91,220.64,462.67, sdumont6165,142091903.2
1219.0,6174,49,3817829.333007813,161088.0,159862.666015625,3817916.0,1853.44,4229.12,1853.44,4229.12,1.0,0,21.0,24.0,100bs-3n-42th-484520s-DENV_1-brazil-BVBRC_genome_sequence,sequana_cpu_dev,3,11370374.0,100,1,42,484520,DENV_1-brazil-BVBRC_genome_sequence,16467.29,14689.82,31157.11,350.37,312.55,662.92,220.97,47.0, sdumont6165,1526698.39
1220.0,6804,54,3817878.666015625,165500.0,163561.3330078125,3817916.0,1853.44,4229.12,1853.44,4229.12,1.0,0,22.0,30.0,100bs-3n-42th-484520s-DENV_1-brazil-BVBRC_genome_sequence,sequana_cpu_dev,3,11370375.0,100,1,42,484520,DENV_1-brazil-BVBRC_genome_sequence,18186.43,16175.24,34361.68,354.39,315.12,669.51,223.17,51.33, sdumont6165,1855530.72
2456.0,8694,69,3819682.666015625,161548.0,160521.3330078125,3823328.0,2068.48,4239.36,2078.72,4239.36,1.0,0,33.0,41.0,100bs-3n-42th-484520s-DENV_1-brazil-BVBRC_genome_sequence,sequana_cpu_dev,3,11370376.0,100,1,42,484520,DENV_1-brazil-BVBRC_genome_sequence,24422.67,22129.07,46551.74,362.8,328.67,691.47,230.49,67.33, sdumont6165,3212070.06
1197.0,7056,56,3817829.333007813,163712.0,161389.3330078125,3817952.0,1853.44,4229.12,1853.44,4229.12,1.0,0,49.0,70.0,100bs-3n-42th-484520s-DENV_1-brazil-BVBRC_genome_sequence,sequana_cpu_dev,3,11370377.0,100,1,42,484520,DENV_1-brazil-BVBRC_genome_sequence,18850.6,16958.16,35808.75,347.03,312.12,659.15,219.72,54.33, sdumont6165,2005290.0
2422.0,7938,63,3817878.666015625,162076.0,161569.3330078125,3817916.0,2058.24,4239.36,2058.24,4239.36,1.0,0,23.0,26.0,100bs-3n-42th-484520s-DENV_1-brazil-BVBRC_genome_sequence,sequana_cpu_dev,3,11370378.0,100,1,42,484520,DENV_1-brazil-BVBRC_genome_sequence,21465.66,19208.63,40674.29,355.85,318.36,674.21,224.74,60.33, sdumont6165,2562480.27
18781.0,57204,454,3895814.666015625,169992.0,169410.666015625,4040600.0,4843.52,4526.08,4864.0,4526.08,1.0,0,29.0,45.0,1000bs-3n-42th-484520s-DENV_1-brazil-BVBRC_genome_sequence,sequana_cpu_dev,3,11370379.0,1000,1,42,484520,DENV_1-brazil-BVBRC_genome_sequence,161266.35,144027.22,305293.57,357.32,319.11,676.43,225.48,451.33, sdumont6165,138603280.78
17530.0,56322,447,3971828.0,172360.0,170056.0,4046152.0,4638.72,4515.84,4638.72,4515.84,1.0,0,29.0,42.0,1000bs-3n-42th-484520s-DENV_1-brazil-BVBRC_genome_sequence,sequana_cpu_dev,3,11370380.0,1000,1,42,484520,DENV_1-brazil-BVBRC_genome_sequence,157342.43,140200.37,297542.8,353.32,314.82,668.14,222.71,445.33, sdumont6165,133001631.6
21242.0,67662,537,3894042.666015625,172240.0,169508.0,4040868.0,5324.8,4526.08,5335.04,4536.32,1.0,0,98.0,252.0,1000bs-3n-42th-484520s-DENV_1-brazil-BVBRC_genome_sequence,sequana_cpu_dev,3,11370381.0,1000,1,42,484520,DENV_1-brazil-BVBRC_genome_sequence,190694.15,170767.06,361461.2,357.13,319.79,676.92,225.64,534.0, sdumont6165,194104664.4
20012.0,62748,498,3970029.333007813,169756.0,167918.666015625,4046152.0,5089.28,4526.08,5089.28,4526.08,1.0,0,43.0,82.0,1000bs-3n-42th-484520s-DENV_1-brazil-BVBRC_genome_sequence,sequana_cpu_dev,3,11370385.0,1000,1,42,484520,DENV_1-brazil-BVBRC_genome_sequence,176932.14,158106.55,335038.7,356.48,318.55,675.03,225.01,496.33, sdumont6165,166849272.6
20035.0,60858,483,3968168.0,168440.0,167833.3330078125,4045992.0,5079.04,4526.08,5089.28,4526.08,1.0,0,21.0,23.0,1000bs-3n-42th-484520s-DENV_1-brazil-BVBRC_genome_sequence,sequana_cpu_dev,3,11370386.0,1000,1,42,484520,DENV_1-brazil-BVBRC_genome_sequence,170211.01,151436.84,321647.84,354.11,315.05,669.16,223.05,480.67, sdumont6165,155355906.72
2720.0,8784,61,4223366.666015625,167028.0,165704.0,4223488.0,2140.16,4259.84,2201.6,4311.04,1.0,0,32.0,37.0,100bs-3n-48th-484520s-DENV_1-brazil-BVBRC_genome_sequence,sequana_cpu_dev,3,11370388.0,100,1,48,484520,DENV_1-brazil-BVBRC_genome_sequence,20463.75,20592.0,41055.75,342.91,345.2,688.11,229.37,59.67, sdumont6166,2504400.75
1388.0,8352,58,4223298.666015625,162244.0,160850.666015625,4223440.0,1853.44,4229.12,1853.44,4229.12,1.0,0,40.0,47.0,100bs-3n-48th-484520s-DENV_1-brazil-BVBRC_genome_sequence,sequana_cpu_dev,3,11370389.0,100,1,48,484520,DENV_1-brazil-BVBRC_genome_sequence,19834.69,20075.23,39909.92,354.19,358.49,712.68,237.56,56.0, sdumont6166,2314775.36
1388.0,7344,51,4223352.0,162432.0,161009.3330078125,4223456.0,1853.44,4229.12,1853.44,4229.12,1.0,0,37.0,48.0,100bs-3n-48th-484520s-DENV_1-brazil-BVBRC_genome_sequence,sequana_cpu_dev,3,11370390.0,100,1,48,484520,DENV_1-brazil-BVBRC_genome_sequence,17093.36,17286.33,34379.69,348.84,352.78,701.63,233.88,49.0, sdumont6166,1753364.1900000002
1388.0,8064,56,4223352.0,163044.0,160982.666015625,4223444.0,1853.44,4229.12,1853.44,4229.12,1.0,0,28.0,38.0,100bs-3n-48th-484520s-DENV_1-brazil-BVBRC_genome_sequence,sequana_cpu_dev,3,11370391.0,100,1,48,484520,DENV_1-brazil-BVBRC_genome_sequence,18936.97,19078.01,38014.98,355.15,357.63,712.78,237.59,53.33, sdumont6166,2128838.8800000004
2815.0,10656,74,4223352.0,166480.0,163692.0,4223444.0,2078.72,4239.36,2078.72,4239.36,162.0,0,29.0,38.0,100bs-3n-48th-484520s-DENV_1-brazil-BVBRC_genome_sequence,sequana_cpu_dev,3,11370393.0,100,1,48,484520,DENV_1-brazil-BVBRC_genome_sequence,26501.52,26835.31,53336.84,366.3,371.03,737.33,245.78,72.33, sdumont6166,3946926.16
27148.0,82656,574,4297630.666015625,174064.0,171865.3330078125,4446156.0,5806.08,4536.32,5857.28,4536.32,1.0,0,95.0,218.0,1000bs-3n-48th-484520s-DENV_1-brazil-BVBRC_genome_sequence,sequana_cpu_dev,3,11370394.0,1000,1,48,484520,DENV_1-brazil-BVBRC_genome_sequence,208798.25,211444.36,420242.6,365.24,369.88,735.12,245.04,571.67, sdumont6166,241219252.4
25259.0,77904,541,4449796.0,172204.0,172014.666015625,4451688.0,5529.6,4526.08,5621.76,4536.32,1.0,0,53.0,64.0,1000bs-3n-48th-484520s-DENV_1-brazil-BVBRC_genome_sequence,sequana_cpu_dev,3,11370396.0,1000,1,48,484520,DENV_1-brazil-BVBRC_genome_sequence,193849.93,194848.18,388698.1,359.65,361.5,721.15,240.38,539.0, sdumont6165,210285672.1
22884.0,73440,510,4297788.0,174712.0,170732.0,4446268.0,5099.52,4526.08,5120.0,4526.08,1.0,0,37.0,49.0,1000bs-3n-48th-484520s-DENV_1-brazil-BVBRC_genome_sequence,sequana_cpu_dev,3,11370398.0,1000,1,48,484520,DENV_1-brazil-BVBRC_genome_sequence,183531.03,183334.62,366865.65,361.99,361.61,723.6,241.2,507.0, sdumont6165,187101481.5
20018.0,64224,446,4299496.0,170904.0,168377.3330078125,4451540.0,4689.92,4515.84,4700.16,4515.84,63.0,0,30.0,41.0,1000bs-3n-48th-484520s-DENV_1-brazil-BVBRC_genome_sequence,sequana_cpu_dev,3,11370401.0,1000,1,48,484520,DENV_1-brazil-BVBRC_genome_sequence,159310.51,159007.28,318317.79,358.0,357.32,715.32,238.44,445.0, sdumont6165,141969734.34
28557.0,87840,610,4449836.0,167880.0,167260.0,4451700.0,6031.36,4536.32,6072.32,4536.32,72.0,0,40.0,59.0,1000bs-3n-48th-484520s-DENV_1-brazil-BVBRC_genome_sequence,sequana_cpu_dev,3,11370403.0,1000,1,48,484520,DENV_1-brazil-BVBRC_genome_sequence,223198.72,224307.67,447506.39,366.7,368.52,735.22,245.07,608.67, sdumont6165,272978897.90000004
96.0,584,73,1170554.0,158780.0,153976.0,1339104.0,2068.48,4229.12,2078.72,4229.12,422.0,0,58.0,229.0,100bs-4n-2th-484520s-DENV_1-brazil-BVBRC_genome_sequence,sequana_cpu_dev,4,11370406.0,100,1,2,484520,DENV_1-brazil-BVBRC_genome_sequence,16640.45,10954.92,27595.38,231.12,152.15,383.27,95.82,72.0, sdumont6165,2014462.74
114.0,512,64,1114758.0,158912.0,153876.0,1122344.0,2068.48,4229.12,2078.72,4229.12,1.0,0,2.0,9.0,100bs-4n-2th-484520s-DENV_1-brazil-BVBRC_genome_sequence,sequana_cpu_dev,4,11370407.0,100,1,2,484520,DENV_1-brazil-BVBRC_genome_sequence,15431.34,9720.3,25151.64,244.94,154.29,399.23,99.81,63.0, sdumont6165,1609704.96
116.0,504,63,1172998.0,155480.0,152632.0,1343756.0,2068.48,4229.12,2078.72,4229.12,1.0,0,0.0,0.0,100bs-4n-2th-484520s-DENV_1-brazil-BVBRC_genome_sequence,sequana_cpu_dev,4,11370408.0,100,1,2,484520,DENV_1-brazil-BVBRC_genome_sequence,15464.97,9705.58,25170.54,249.43,156.54,405.98,101.49,62.0, sdumont6165,1585744.02
58.0,488,61,1113268.0,156876.0,153047.0,1116464.0,1853.44,4218.88,1853.44,4218.88,24.0,0,0.0,0.0,100bs-4n-2th-484520s-DENV_1-brazil-BVBRC_genome_sequence,sequana_cpu_dev,4,11370411.0,100,1,2,484520,DENV_1-brazil-BVBRC_genome_sequence,14631.58,9161.98,23793.56,243.86,152.7,396.56,99.14,60.0, sdumont6165,1451407.16
115.0,512,64,1113329.0,155016.0,152262.0,1116464.0,2058.24,4229.12,2078.72,4229.12,1.0,0,0.0,0.0,100bs-4n-2th-484520s-DENV_1-brazil-BVBRC_genome_sequence,sequana_cpu_dev,4,11370412.0,100,1,2,484520,DENV_1-brazil-BVBRC_genome_sequence,15412.39,9663.21,25075.6,247.67,155.22,402.89,100.72,62.25, sdumont6165,1604838.4
1117.0,4712,589,1174870.0,164096.0,158190.0,1344288.0,5785.6,4454.4,5795.84,4454.4,1.0,0,7.0,30.0,1000bs-4n-2th-484520s-DENV_1-brazil-BVBRC_genome_sequence,sequana_cpu_dev,4,11370413.0,1000,1,2,484520,DENV_1-brazil-BVBRC_genome_sequence,148732.82,92977.93,241710.75,253.26,158.33,411.59,102.9,587.25, sdumont6165,142367631.75
1211.0,5472,684,1228883.0,162640.0,158764.0,1344800.0,6492.16,4464.64,6502.4,4464.64,1.0,0,9.0,36.0,1000bs-4n-2th-484520s-DENV_1-brazil-BVBRC_genome_sequence,sequana_cpu_dev,4,11370414.0,1000,1,2,484520,DENV_1-brazil-BVBRC_genome_sequence,168760.25,107999.7,276759.95,247.18,158.18,405.37,101.34,682.75, sdumont6165,189303805.8
1147.0,4872,609,1228998.0,164312.0,159998.0,1344620.0,6010.88,4454.4,6021.12,4464.64,1.0,0,63.0,233.0,1000bs-4n-2th-484520s-DENV_1-brazil-BVBRC_genome_sequence,sequana_cpu_dev,4,11370415.0,1000,1,2,484520,DENV_1-brazil-BVBRC_genome_sequence,150162.89,97715.89,247878.78,246.98,160.72,407.7,101.92,608.0, sdumont6165,150958177.02
1120.0,4696,587,1117801.0,161424.0,158571.0,1122304.0,5785.6,4454.4,5795.84,4454.4,1.0,0,9.0,36.0,1000bs-4n-2th-484520s-DENV_1-brazil-BVBRC_genome_sequence,sequana_cpu_dev,4,11370416.0,1000,1,2,484520,DENV_1-brazil-BVBRC_genome_sequence,146226.06,94345.45,240571.51,249.96,161.27,411.23,102.81,585.0, sdumont6165,141215476.37
1151.0,4912,614,1171806.0,163176.0,158617.0,1338860.0,6021.12,4454.4,6041.6,4454.4,1.0,0,0.0,0.0,1000bs-4n-2th-484520s-DENV_1-brazil-BVBRC_genome_sequence,sequana_cpu_dev,4,11370417.0,1000,1,2,484520,DENV_1-brazil-BVBRC_genome_sequence,151583.79,98671.97,250255.76,247.28,160.97,408.25,102.06,613.0, sdumont6165,153657036.64000002
0.0,720,30,265348.0,3188.0,2097.0,265348.0,0.0,0.0,0.0,0.0,4.0,0,0.0,0.0,100bs-4n-6th-484520s-DENV_1-brazil-BVBRC_genome_sequence,sequana_cpu_dev,4,11370418.0,100,1,6,484520,DENV_1-brazil-BVBRC_genome_sequence,10024.12,4562.56,14586.69,345.66,157.33,502.99,125.75,29.0, sdumont6165,437600.7
172.0,792,33,1382122.0,159592.0,155967.0,1385216.0,1853.44,4229.12,1853.44,4229.12,1.0,0,1.0,3.0,100bs-4n-6th-484520s-DENV_1-brazil-BVBRC_genome_sequence,sequana_cpu_dev,4,11370419.0,100,1,6,484520,DENV_1-brazil-BVBRC_genome_sequence,10639.53,4880.55,15520.08,332.49,152.52,485.0,121.25,32.0, sdumont6165,512162.64
0.0,696,29,265348.0,3172.0,2621.0,265348.0,0.0,0.0,0.0,0.0,1.0,0,0.0,0.0,100bs-4n-6th-484520s-DENV_1-brazil-BVBRC_genome_sequence,sequana_cpu_dev,4,11370420.0,100,1,6,484520,DENV_1-brazil-BVBRC_genome_sequence,9483.52,4263.68,13747.2,338.7,152.27,490.97,122.74,28.0, sdumont6165,398668.8000000001
162.0,864,36,1384965.0,157164.0,154986.0,1390772.0,1853.44,4229.12,1853.44,4229.12,1.0,0,9.0,26.0,100bs-4n-6th-484520s-DENV_1-brazil-BVBRC_genome_sequence,sequana_cpu_dev,4,11370421.0,100,1,6,484520,DENV_1-brazil-BVBRC_genome_sequence,11283.04,5338.5,16621.54,329.49,155.76,485.25,121.31,34.25, sdumont6165,598375.4400000001
108.0,1032,43,1382144.0,157600.0,153682.0,1385204.0,1853.44,4218.88,1863.68,4218.88,1.0,0,20.0,82.0,100bs-4n-6th-484520s-DENV_1-brazil-BVBRC_genome_sequence,sequana_cpu_dev,4,11370422.0,100,1,6,484520,DENV_1-brazil-BVBRC_genome_sequence,11871.25,6125.64,17996.89,282.65,145.85,428.5,107.12,42.0, sdumont6165,773866.27
1596.0,6696,279,1383674.0,163916.0,158935.0,1390856.0,3604.48,4433.92,3604.48,4433.92,1.0,0,11.0,41.0,1000bs-4n-6th-484520s-DENV_1-brazil-BVBRC_genome_sequence,sequana_cpu_dev,4,11370423.0,1000,1,6,484520,DENV_1-brazil-BVBRC_genome_sequence,99822.24,44707.78,144530.02,359.07,160.82,519.89,129.97,278.0, sdumont6165,40323875.58
1894.0,8112,338,1496364.0,169804.0,162171.0,1613448.0,4096.0,4444.16,4106.24,4444.16,1.0,0,7.0,29.0,1000bs-4n-6th-484520s-DENV_1-brazil-BVBRC_genome_sequence,sequana_cpu_dev,4,11370424.0,1000,1,6,484520,DENV_1-brazil-BVBRC_genome_sequence,117480.77,54258.06,171738.82,348.61,161.0,509.61,127.4,337.0, sdumont6165,58047721.16
1592.0,6696,279,1383630.0,164088.0,160989.0,1390860.0,3614.72,4433.92,3624.96,4444.16,1.0,0,1.0,2.0,1000bs-4n-6th-484520s-DENV_1-brazil-BVBRC_genome_sequence,sequana_cpu_dev,4,11370425.0,1000,1,6,484520,DENV_1-brazil-BVBRC_genome_sequence,100003.09,44747.26,144750.34,359.72,160.96,520.68,130.17,278.0, sdumont6165,40385344.86
1591.0,6672,278,1499144.0,163912.0,159568.0,1613532.0,3604.48,4433.92,3604.48,4433.92,1.0,0,1.0,4.0,1000bs-4n-6th-484520s-DENV_1-brazil-BVBRC_genome_sequence,sequana_cpu_dev,4,11370426.0,1000,1,6,484520,DENV_1-brazil-BVBRC_genome_sequence,99516.91,44554.5,144071.41,359.27,160.85,520.11,130.03,277.0, sdumont6165,40051851.98
1586.0,6960,290,1439343.0,162004.0,159883.0,1613532.0,3614.72,4433.92,3624.96,4433.92,1.0,0,17.0,66.0,1000bs-4n-6th-484520s-DENV_1-brazil-BVBRC_genome_sequence,sequana_cpu_dev,4,11370427.0,1000,1,6,484520,DENV_1-brazil-BVBRC_genome_sequence,103109.38,46526.83,149636.21,357.72,161.43,519.15,129.79,288.25, sdumont6165,43394500.9
0.0,1200,25,265348.0,1040.0,1037.0,265348.0,0.0,0.0,0.0,0.0,1.0,0,0.0,0.0,100bs-4n-12th-484520s-DENV_1-brazil-BVBRC_genome_sequence,sequana_cpu_dev,4,11370428.0,100,1,12,484520,DENV_1-brazil-BVBRC_genome_sequence,9421.48,3650.76,13072.24,392.56,152.12,544.68,136.17,24.0, sdumont6165,326806.0
0.0,1344,28,265348.0,3128.0,1559.0,265348.0,0.0,0.0,0.0,0.0,1.0,0,0.0,0.0,100bs-4n-12th-484520s-DENV_1-brazil-BVBRC_genome_sequence,sequana_cpu_dev,4,11370429.0,100,1,12,484520,DENV_1-brazil-BVBRC_genome_sequence,11074.82,4140.44,15215.26,410.18,153.35,563.53,140.88,27.0, sdumont6165,426027.28
0.0,1344,28,265348.0,3176.0,1570.0,265348.0,0.0,0.0,0.0,0.0,1.0,0,0.0,0.0,100bs-4n-12th-484520s-DENV_1-brazil-BVBRC_genome_sequence,sequana_cpu_dev,4,11370430.0,100,1,12,484520,DENV_1-brazil-BVBRC_genome_sequence,11490.67,4244.12,15734.79,425.58,157.19,582.77,145.69,27.0, sdumont6165,440574.12
0.0,1488,31,265348.0,3124.0,1558.0,265348.0,0.0,0.0,0.0,0.0,1.0,0,0.0,0.0,100bs-4n-12th-484520s-DENV_1-brazil-BVBRC_genome_sequence,sequana_cpu_dev,4,11370431.0,100,1,12,484520,DENV_1-brazil-BVBRC_genome_sequence,12179.14,4554.93,16734.06,405.97,151.83,557.8,139.45,30.0, sdumont6165,518755.86
0.0,1200,25,265348.0,1040.0,1036.0,265348.0,0.0,0.0,0.0,0.0,1.0,0,0.0,0.0,100bs-4n-12th-484520s-DENV_1-brazil-BVBRC_genome_sequence,sequana_cpu_dev,4,11370432.0,100,1,12,484520,DENV_1-brazil-BVBRC_genome_sequence,9887.94,3657.97,13545.91,412.0,152.42,564.41,141.1,24.0, sdumont6165,338647.75
2495.0,10896,227,1788644.0,170520.0,162353.0,1795784.0,3153.92,4423.68,3153.92,4423.68,1.0,0,4.0,8.0,1000bs-4n-12th-484520s-DENV_1-brazil-BVBRC_genome_sequence,sequana_cpu_dev,4,11370433.0,1000,1,12,484520,DENV_1-brazil-BVBRC_genome_sequence,99302.51,36402.38,135704.89,439.39,161.07,600.46,150.12,226.0, sdumont6165,30805010.030000005
2494.0,10800,225,1788683.0,166420.0,161851.0,1795784.0,3153.92,4423.68,3153.92,4423.68,1.0,0,5.0,7.0,1000bs-4n-12th-484520s-DENV_1-brazil-BVBRC_genome_sequence,sequana_cpu_dev,4,11370434.0,1000,1,12,484520,DENV_1-brazil-BVBRC_genome_sequence,99025.29,36243.84,135269.13,442.08,161.8,603.88,150.97,224.0, sdumont6165,30435554.25
2501.0,10512,219,1788644.0,166356.0,162276.0,1790232.0,3143.68,4433.92,3153.92,4433.92,1.0,0,5.0,7.0,1000bs-4n-12th-484520s-DENV_1-brazil-BVBRC_genome_sequence,sequana_cpu_dev,4,11370435.0,1000,1,12,484520,DENV_1-brazil-BVBRC_genome_sequence,95931.9,35194.34,131126.24,440.05,161.44,601.5,150.37,218.0, sdumont6165,28716646.56
2500.0,10512,219,1792546.0,162536.0,159781.0,1800112.0,3143.68,4433.92,3153.92,4433.92,1.0,0,4.0,5.0,1000bs-4n-12th-484520s-DENV_1-brazil-BVBRC_genome_sequence,sequana_cpu_dev,4,11370436.0,1000,1,12,484520,DENV_1-brazil-BVBRC_genome_sequence,96062.74,35222.03,131284.77,440.65,161.57,602.22,150.56,218.0, sdumont6165,28751364.63
2476.0,10512,219,1844385.0,170304.0,162739.0,2013036.0,3133.44,4433.92,3133.44,4433.92,1.0,0,7.0,9.0,1000bs-4n-12th-484520s-DENV_1-brazil-BVBRC_genome_sequence,sequana_cpu_dev,4,11370437.0,1000,1,12,484520,DENV_1-brazil-BVBRC_genome_sequence,95087.16,34910.86,129998.02,440.22,161.62,601.84,150.46,216.0, sdumont6165,28469566.380000003
0.0,1728,24,265348.0,1040.0,1037.0,265348.0,0.0,0.0,0.0,0.0,1.0,0,0.0,0.0,100bs-4n-18th-484520s-DENV_1-brazil-BVBRC_genome_sequence,sequana_cpu_dev,4,11370438.0,100,1,18,484520,DENV_1-brazil-BVBRC_genome_sequence,9836.64,3591.26,13427.9,427.68,156.14,583.82,145.96,23.0, sdumont6165,322269.6
0.0,1800,25,265348.0,3096.0,1552.0,265348.0,0.0,0.0,0.0,0.0,1.0,0,0.0,0.0,100bs-4n-18th-484520s-DENV_1-brazil-BVBRC_genome_sequence,sequana_cpu_dev,4,11370439.0,100,1,18,484520,DENV_1-brazil-BVBRC_genome_sequence,9789.23,3621.86,13411.09,425.62,157.47,583.09,145.77,23.0, sdumont6165,335277.25
0.0,1800,25,265348.0,3144.0,1563.0,265348.0,0.0,0.0,0.0,0.0,1.0,0,0.0,0.0,100bs-4n-18th-484520s-DENV_1-brazil-BVBRC_genome_sequence,sequana_cpu_dev,4,11370440.0,100,1,18,484520,DENV_1-brazil-BVBRC_genome_sequence,9589.64,3559.03,13148.68,399.57,148.29,547.86,136.97,24.0, sdumont6165,328717.0
0.0,1728,24,265348.0,1036.0,1036.0,265348.0,0.0,0.0,0.0,0.0,1.0,0,0.0,0.0,100bs-4n-18th-484520s-DENV_1-brazil-BVBRC_genome_sequence,sequana_cpu_dev,4,11370441.0,100,1,18,484520,DENV_1-brazil-BVBRC_genome_sequence,9776.81,3617.74,13394.55,425.08,157.29,582.37,145.59,23.0, sdumont6165,321469.19999999995
0.0,2160,30,265348.0,1036.0,1035.0,265348.0,0.0,0.0,0.0,0.0,1.0,0,0.0,0.0,100bs-4n-18th-484520s-DENV_1-brazil-BVBRC_genome_sequence,sequana_cpu_dev,4,11370442.0,100,1,18,484520,DENV_1-brazil-BVBRC_genome_sequence,12606.39,4531.77,17138.17,442.72,159.2,601.92,150.48,28.5, sdumont6165,514145.1
3720.0,16488,229,2251158.0,171116.0,164697.0,2406468.0,3153.92,4423.68,3153.92,4433.92,1.0,0,39.0,121.0,1000bs-4n-18th-484520s-DENV_1-brazil-BVBRC_genome_sequence,sequana_cpu_dev,4,11370443.0,1000,1,18,484520,DENV_1-brazil-BVBRC_genome_sequence,100821.34,36774.21,137595.54,442.2,161.29,603.49,150.87,228.0, sdumont6165,31509378.66
3751.0,16632,231,2196845.0,170872.0,162642.0,2201260.0,3143.68,4423.68,3153.92,4423.68,1.0,0,12.0,17.0,1000bs-4n-18th-484520s-DENV_1-brazil-BVBRC_genome_sequence,sequana_cpu_dev,4,11370444.0,1000,1,18,484520,DENV_1-brazil-BVBRC_genome_sequence,102260.19,36973.44,139233.63,446.08,161.27,607.34,151.84,229.25, sdumont6165,32162968.53
3753.0,16344,227,2195529.0,166604.0,162690.0,2201408.0,3153.92,4423.68,3153.92,4423.68,1.0,0,13.0,16.0,1000bs-4n-18th-484520s-DENV_1-brazil-BVBRC_genome_sequence,sequana_cpu_dev,4,11370445.0,1000,1,18,484520,DENV_1-brazil-BVBRC_genome_sequence,100542.24,36458.28,137000.52,445.89,161.66,607.55,151.89,225.5, sdumont6165,31099118.04
3755.0,16200,225,2194064.0,166568.0,161162.0,2195700.0,3153.92,4423.68,3153.92,4423.68,1.0,0,12.0,17.0,1000bs-4n-18th-484520s-DENV_1-brazil-BVBRC_genome_sequence,sequana_cpu_dev,4,11370446.0,1000,1,18,484520,DENV_1-brazil-BVBRC_genome_sequence,99838.18,36273.73,136111.91,445.71,161.94,607.64,151.91,224.0, sdumont6165,30625179.75
3752.0,16488,229,2251160.0,168544.0,162036.0,2424032.0,3153.92,4423.68,3153.92,4423.68,1.0,0,13.0,22.0,1000bs-4n-18th-484520s-DENV_1-brazil-BVBRC_genome_sequence,sequana_cpu_dev,4,11370447.0,1000,1,18,484520,DENV_1-brazil-BVBRC_genome_sequence,102038.2,37004.39,139042.59,447.54,162.3,609.84,152.46,228.0, sdumont6165,31840753.11
0.0,2400,25,265348.0,3140.0,1564.0,265348.0,0.0,0.0,0.0,0.0,1.0,0,0.0,0.0,100bs-4n-24th-484520s-DENV_1-brazil-BVBRC_genome_sequence,sequana_cpu_dev,4,11370448.0,100,1,24,484520,DENV_1-brazil-BVBRC_genome_sequence,10907.67,3669.46,14577.13,454.49,152.89,607.38,151.85,24.0, sdumont6165,364428.25
0.0,2496,26,265348.0,1040.0,1037.0,265348.0,0.0,0.0,0.0,0.0,1.0,0,0.0,0.0,100bs-4n-24th-484520s-DENV_1-brazil-BVBRC_genome_sequence,sequana_cpu_dev,4,11370449.0,100,1,24,484520,DENV_1-brazil-BVBRC_genome_sequence,11826.66,3974.12,15800.79,473.07,158.96,632.03,158.01,25.0, sdumont6165,410820.54
0.0,2496,26,265348.0,3124.0,2064.0,265348.0,0.0,0.0,0.0,0.0,1.0,0,0.0,0.0,100bs-4n-24th-484520s-DENV_1-brazil-BVBRC_genome_sequence,sequana_cpu_dev,4,11370450.0,100,1,24,484520,DENV_1-brazil-BVBRC_genome_sequence,11814.58,4009.92,15824.5,472.58,160.4,632.98,158.25,25.0, sdumont6165,411437.0
0.0,2784,29,265348.0,3056.0,1540.0,265348.0,0.0,0.0,0.0,0.0,1.0,0,0.0,0.0,100bs-4n-24th-484520s-DENV_1-brazil-BVBRC_genome_sequence,sequana_cpu_dev,4,11370451.0,100,1,24,484520,DENV_1-brazil-BVBRC_genome_sequence,12859.72,4263.03,17122.75,459.28,152.25,611.53,152.88,28.0, sdumont6165,496559.75
0.0,2592,27,265348.0,3060.0,1543.0,265348.0,0.0,0.0,0.0,0.0,1.0,0,0.0,0.0,100bs-4n-24th-484520s-DENV_1-brazil-BVBRC_genome_sequence,sequana_cpu_dev,4,11370452.0,100,1,24,484520,DENV_1-brazil-BVBRC_genome_sequence,11949.29,3996.57,15945.86,459.59,153.71,613.3,153.33,26.0, sdumont6165,430538.22
5003.0,22176,231,2599480.0,168892.0,162817.0,2606752.0,3133.44,4423.68,3143.68,4423.68,1.0,0,21.0,32.0,1000bs-4n-24th-484520s-DENV_1-brazil-BVBRC_genome_sequence,sequana_cpu_dev,4,11370453.0,1000,1,24,484520,DENV_1-brazil-BVBRC_genome_sequence,113427.95,37706.15,151134.1,494.79,164.48,659.27,164.82,229.25, sdumont6165,34911977.1
5711.0,23232,242,2599610.0,166848.0,162057.0,2606552.0,3389.44,4433.92,3399.68,4444.16,1.0,0,22.0,31.0,1000bs-4n-24th-484520s-DENV_1-brazil-BVBRC_genome_sequence,sequana_cpu_dev,4,11370454.0,1000,1,24,484520,DENV_1-brazil-BVBRC_genome_sequence,119899.36,39626.13,159525.5,497.51,164.42,661.93,165.48,241.0, sdumont6165,38605171.0
5709.0,23712,247,2713649.0,168476.0,161836.0,2829372.0,3368.96,4433.92,3379.2,4433.92,1.0,0,16.0,20.0,1000bs-4n-24th-484520s-DENV_1-brazil-BVBRC_genome_sequence,sequana_cpu_dev,4,11370456.0,1000,1,24,484520,DENV_1-brazil-BVBRC_genome_sequence,122558.41,40512.29,163070.7,498.2,164.68,662.89,165.72,246.0, sdumont6165,40278462.900000006
5712.0,23232,242,2653885.0,169444.0,164036.0,2823952.0,3409.92,4485.12,3543.04,4608.0,1.0,0,23.0,30.0,1000bs-4n-24th-484520s-DENV_1-brazil-BVBRC_genome_sequence,sequana_cpu_dev,4,11370457.0,1000,1,24,484520,DENV_1-brazil-BVBRC_genome_sequence,119808.32,39650.24,159458.56,497.13,164.52,661.65,165.41,241.0, sdumont6165,38588971.52
4997.0,22752,237,2598216.0,170880.0,163515.0,2601340.0,3143.68,4413.44,3143.68,4423.68,1.0,0,9.0,13.0,1000bs-4n-24th-484520s-DENV_1-brazil-BVBRC_genome_sequence,sequana_cpu_dev,4,11370458.0,1000,1,24,484520,DENV_1-brazil-BVBRC_genome_sequence,116717.3,38925.42,155642.72,494.56,164.94,659.5,164.88,236.0, sdumont6165,36887324.64
865.0,4200,35,3003670.0,163264.0,157707.0,3006776.0,1853.44,4229.12,1853.44,4229.12,4.0,0,20.0,34.0,100bs-4n-30th-484520s-DENV_1-brazil-BVBRC_genome_sequence,sequana_cpu_dev,4,11370459.0,100,1,30,484520,DENV_1-brazil-BVBRC_genome_sequence,14599.92,10075.55,24675.47,439.24,302.96,742.2,185.55,33.25, sdumont6165,863641.4500000001
868.0,4200,35,3003744.0,159072.0,156368.0,3006772.0,1853.44,4229.12,1853.44,4229.12,1.0,0,26.0,29.0,100bs-4n-30th-484520s-DENV_1-brazil-BVBRC_genome_sequence,sequana_cpu_dev,4,11370460.0,100,1,30,484520,DENV_1-brazil-BVBRC_genome_sequence,14648.75,10134.35,24783.1,440.69,304.72,745.41,186.35,33.25, sdumont6165,867408.5
871.0,4320,36,3003748.0,161020.0,156842.0,3006772.0,1853.44,4229.12,1853.44,4229.12,1.0,0,23.0,39.0,100bs-4n-30th-484520s-DENV_1-brazil-BVBRC_genome_sequence,sequana_cpu_dev,4,11370461.0,100,1,30,484520,DENV_1-brazil-BVBRC_genome_sequence,15662.12,10800.97,26463.09,457.37,315.24,772.61,193.15,34.25, sdumont6165,952671.24
874.0,4200,35,3003746.0,159104.0,156285.0,3006776.0,1853.44,4229.12,1853.44,4229.12,1.0,0,12.0,15.0,100bs-4n-30th-484520s-DENV_1-brazil-BVBRC_genome_sequence,sequana_cpu_dev,4,11370462.0,100,1,30,484520,DENV_1-brazil-BVBRC_genome_sequence,15169.58,10478.91,25648.49,446.16,308.2,754.37,188.59,34.0, sdumont6165,897697.15
874.0,4320,36,3003704.0,158676.0,155633.0,3006752.0,1853.44,4229.12,1853.44,4229.12,1.0,0,19.0,27.0,100bs-4n-30th-484520s-DENV_1-brazil-BVBRC_genome_sequence,sequana_cpu_dev,4,11370463.0,100,1,30,484520,DENV_1-brazil-BVBRC_genome_sequence,15785.08,10861.05,26646.13,451.0,310.32,761.32,190.33,35.0, sdumont6165,959260.68
8931.0,37920,316,3062145.0,171964.0,165003.0,3222972.0,3778.56,4444.16,3788.8,4444.16,4.0,0,48.0,128.0,1000bs-4n-30th-484520s-DENV_1-brazil-BVBRC_genome_sequence,sequana_cpu_dev,4,11370464.0,1000,1,30,484520,DENV_1-brazil-BVBRC_genome_sequence,150480.98,103392.6,253873.58,478.83,329.01,807.84,201.96,314.25, sdumont6165,80224051.28
8931.0,38040,317,3173435.0,169292.0,163042.0,3234872.0,3799.04,4444.16,3819.52,4444.16,4.0,0,21.0,34.0,1000bs-4n-30th-484520s-DENV_1-brazil-BVBRC_genome_sequence,sequana_cpu_dev,4,11370465.0,1000,1,30,484520,DENV_1-brazil-BVBRC_genome_sequence,143962.97,99529.31,243492.28,475.13,328.48,803.6,200.9,303.0, sdumont6165,77187052.76
8048.0,33600,280,3006505.0,165648.0,162916.0,3012332.0,3563.52,4433.92,3573.76,4444.16,1.0,0,21.0,31.0,1000bs-4n-30th-484520s-DENV_1-brazil-BVBRC_genome_sequence,sequana_cpu_dev,4,11370466.0,1000,1,30,484520,DENV_1-brazil-BVBRC_genome_sequence,131335.26,92139.05,223474.32,470.74,330.25,800.98,200.25,279.0, sdumont6165,62572809.6
8935.0,39600,330,3060889.0,169560.0,163916.0,3217516.0,3799.04,4433.92,3819.52,4444.16,1.0,0,20.0,27.0,1000bs-4n-30th-484520s-DENV_1-brazil-BVBRC_genome_sequence,sequana_cpu_dev,4,11370467.0,1000,1,30,484520,DENV_1-brazil-BVBRC_genome_sequence,158180.35,108416.66,266597.01,480.79,329.53,810.33,202.58,329.0, sdumont6165,87977013.3
8032.0,34320,286,3060757.0,167312.0,164281.0,3234876.0,3594.24,4433.92,3594.24,4433.92,1.0,0,24.0,44.0,1000bs-4n-30th-484520s-DENV_1-brazil-BVBRC_genome_sequence,sequana_cpu_dev,4,11370468.0,1000,1,30,484520,DENV_1-brazil-BVBRC_genome_sequence,134762.96,94248.5,229011.46,472.85,330.7,803.55,200.89,285.0, sdumont6165,65497277.56
1047.0,4896,34,3409243.0,160704.0,157373.0,3412316.0,1853.44,4229.12,1853.44,4229.12,1.0,0,33.0,35.0,100bs-4n-36th-484520s-DENV_1-brazil-BVBRC_genome_sequence,sequana_cpu_dev,4,11370485.0,100,1,36,484520,DENV_1-brazil-BVBRC_genome_sequence,14710.39,12891.84,27602.23,445.77,390.66,836.43,209.11,33.0, sdumont6165,938475.82
1046.0,5184,36,3409243.0,162840.0,157993.0,3412304.0,1853.44,4229.12,1853.44,4229.12,1.0,0,31.0,47.0,100bs-4n-36th-484520s-DENV_1-brazil-BVBRC_genome_sequence,sequana_cpu_dev,4,11370486.0,100,1,36,484520,DENV_1-brazil-BVBRC_genome_sequence,15617.15,13588.57,29205.72,459.33,399.66,858.99,214.75,34.0, sdumont6165,1051405.92
1045.0,5040,35,3409204.0,160688.0,157393.0,3412168.0,1853.44,4229.12,1853.44,4229.12,1.0,0,26.0,42.0,100bs-4n-36th-484520s-DENV_1-brazil-BVBRC_genome_sequence,sequana_cpu_dev,4,11370487.0,100,1,36,484520,DENV_1-brazil-BVBRC_genome_sequence,15524.88,13708.06,29232.94,456.61,403.18,859.79,214.95,34.0, sdumont6165,1023152.9
1047.0,4896,34,3409208.0,161520.0,157548.0,3412312.0,1853.44,4229.12,1853.44,4229.12,1.0,0,31.0,38.0,100bs-4n-36th-484520s-DENV_1-brazil-BVBRC_genome_sequence,sequana_cpu_dev,4,11370488.0,100,1,36,484520,DENV_1-brazil-BVBRC_genome_sequence,14438.33,12635.89,27074.22,437.53,382.91,820.43,205.11,33.0, sdumont6165,920523.48
1047.0,5040,35,3409276.0,160992.0,158034.0,3412436.0,1853.44,4229.12,1853.44,4229.12,1.0,0,22.0,30.0,100bs-4n-36th-484520s-DENV_1-brazil-BVBRC_genome_sequence,sequana_cpu_dev,4,11370489.0,100,1,36,484520,DENV_1-brazil-BVBRC_genome_sequence,15743.6,13690.36,29433.96,463.05,402.66,865.7,216.43,34.0, sdumont6165,1030188.6
11805.0,51120,355,3469098.0,166800.0,163940.0,3640404.0,4003.84,4444.16,4014.08,4444.16,1.0,0,27.0,38.0,1000bs-4n-36th-484520s-DENV_1-brazil-BVBRC_genome_sequence,sequana_cpu_dev,4,11370490.0,1000,1,36,484520,DENV_1-brazil-BVBRC_genome_sequence,168182.25,146377.22,314559.47,476.44,414.67,891.1,222.78,353.0, sdumont6165,111668611.85
10728.0,46944,326,3410650.0,169588.0,163716.0,3412308.0,3778.56,4433.92,3799.04,4444.16,1.0,0,25.0,31.0,1000bs-4n-36th-484520s-DENV_1-brazil-BVBRC_genome_sequence,sequana_cpu_dev,4,11370491.0,1000,1,36,484520,DENV_1-brazil-BVBRC_genome_sequence,153930.33,134432.23,288362.56,473.63,413.64,887.27,221.82,325.0, sdumont6165,94006194.56
10728.0,46224,321,3467673.0,167900.0,164155.0,3628324.0,3788.8,4433.92,3788.8,4444.16,1.0,0,25.0,32.0,1000bs-4n-36th-484520s-DENV_1-brazil-BVBRC_genome_sequence,sequana_cpu_dev,4,11370493.0,1000,1,36,484520,DENV_1-brazil-BVBRC_genome_sequence,150109.13,131365.65,281474.78,470.2,411.49,881.69,220.42,319.25, sdumont6165,90353404.38
10722.0,46080,320,3467717.0,168808.0,165669.0,3640392.0,3788.8,4433.92,3799.04,4444.16,1.0,0,30.0,55.0,1000bs-4n-36th-484520s-DENV_1-brazil-BVBRC_genome_sequence,sequana_cpu_dev,4,11370495.0,1000,1,36,484520,DENV_1-brazil-BVBRC_genome_sequence,149525.51,130928.62,280454.14,469.85,411.41,881.25,220.31,318.25, sdumont6165,89745324.80000001
11791.0,48528,337,3579153.0,171152.0,165600.0,3640700.0,4003.84,4444.16,4014.08,4444.16,1.0,0,36.0,88.0,1000bs-4n-36th-484520s-DENV_1-brazil-BVBRC_genome_sequence,sequana_cpu_dev,4,11370496.0,1000,1,36,484520,DENV_1-brazil-BVBRC_genome_sequence,158713.55,138979.34,297692.9,472.36,413.63,885.99,221.5,336.0, sdumont6165,100322507.3
1198.0,6552,39,3871880.0,161400.0,158114.0,4040644.0,1843.2,4229.12,1843.2,4229.12,1.0,0,36.0,50.0,100bs-4n-42th-484520s-DENV_1-brazil-BVBRC_genome_sequence,sequana_cpu_dev,4,11370498.0,100,1,42,484520,DENV_1-brazil-BVBRC_genome_sequence,16678.09,15201.0,31879.09,450.76,410.84,861.6,215.4,37.0, sdumont6165,1243284.51
1218.0,6888,41,3814791.0,159784.0,157153.0,3817844.0,1853.44,4229.12,1853.44,4229.12,1.0,0,30.0,43.0,100bs-4n-42th-484520s-DENV_1-brazil-BVBRC_genome_sequence,sequana_cpu_dev,4,11370499.0,100,1,42,484520,DENV_1-brazil-BVBRC_genome_sequence,17823.83,16180.63,34004.46,460.19,417.57,877.77,219.44,38.75, sdumont6165,1394182.86
1216.0,6888,41,3814753.0,165996.0,159839.0,3817860.0,1853.44,4229.12,1853.44,4229.12,1.0,0,19.0,25.0,100bs-4n-42th-484520s-DENV_1-brazil-BVBRC_genome_sequence,sequana_cpu_dev,4,11370500.0,100,1,42,484520,DENV_1-brazil-BVBRC_genome_sequence,17695.96,16029.98,33725.94,451.02,408.52,859.54,214.89,39.25, sdumont6165,1382763.54
1219.0,6552,39,3814715.0,160576.0,157724.0,3817712.0,1853.44,4229.12,1853.44,4229.12,1.0,0,32.0,48.0,100bs-4n-42th-484520s-DENV_1-brazil-BVBRC_genome_sequence,sequana_cpu_dev,4,11370501.0,100,1,42,484520,DENV_1-brazil-BVBRC_genome_sequence,16835.24,15297.37,32132.61,452.02,410.69,862.72,215.68,37.25, sdumont6165,1253171.79
1211.0,6720,40,3814789.0,161292.0,157775.0,3817844.0,1853.44,4229.12,1853.44,4229.12,1.0,0,29.0,39.0,100bs-4n-42th-484520s-DENV_1-brazil-BVBRC_genome_sequence,sequana_cpu_dev,4,11370502.0,100,1,42,484520,DENV_1-brazil-BVBRC_genome_sequence,17787.66,16268.01,34055.67,465.2,425.4,890.6,222.65,38.25, sdumont6165,1362226.7999999998
15019.0,63000,375,3875985.0,171912.0,165919.0,4046092.0,4229.12,4444.16,4239.36,4444.16,1.0,0,26.0,35.0,1000bs-4n-42th-484520s-DENV_1-brazil-BVBRC_genome_sequence,sequana_cpu_dev,4,11370503.0,1000,1,42,484520,DENV_1-brazil-BVBRC_genome_sequence,174619.56,159373.38,333992.95,468.46,427.58,896.04,224.01,372.75, sdumont6165,125247356.25
15022.0,62160,370,3928909.0,170140.0,165442.0,4040500.0,4229.12,4444.16,4239.36,4444.16,1.0,0,50.0,142.0,1000bs-4n-42th-484520s-DENV_1-brazil-BVBRC_genome_sequence,sequana_cpu_dev,4,11370504.0,1000,1,42,484520,DENV_1-brazil-BVBRC_genome_sequence,172962.01,157966.68,330928.69,469.7,428.97,898.67,224.67,368.25, sdumont6165,122443615.3
13752.0,57960,345,3873245.0,172144.0,166429.0,4046096.0,3993.6,4444.16,4014.08,4444.16,1.0,0,36.0,81.0,1000bs-4n-42th-484520s-DENV_1-brazil-BVBRC_genome_sequence,sequana_cpu_dev,4,11370507.0,1000,1,42,484520,DENV_1-brazil-BVBRC_genome_sequence,160835.2,146430.03,307265.23,468.57,426.6,895.17,223.79,343.25, sdumont6165,106006504.35
15013.0,61488,366,3927521.0,174108.0,168048.0,4045948.0,4229.12,4444.16,4249.6,4444.16,1.0,0,31.0,39.0,1000bs-4n-42th-484520s-DENV_1-brazil-BVBRC_genome_sequence,sequana_cpu_dev,4,11370508.0,1000,1,42,484520,DENV_1-brazil-BVBRC_genome_sequence,172586.57,157582.82,330169.39,473.82,432.62,906.44,226.61,364.25, sdumont6165,120841996.74
13773.0,57456,342,3818966.0,166464.0,163835.0,3823424.0,3993.6,4444.16,3993.6,4444.16,1.0,0,34.0,50.0,1000bs-4n-42th-484520s-DENV_1-brazil-BVBRC_genome_sequence,sequana_cpu_dev,4,11370510.0,1000,1,42,484520,DENV_1-brazil-BVBRC_genome_sequence,159338.41,145280.66,304619.07,468.31,426.98,895.29,223.82,340.25, sdumont6165,104179721.94
1389.0,8832,46,4220234.0,161220.0,158139.0,4223272.0,1853.44,4229.12,1853.44,4229.12,1.0,0,36.0,44.0,100bs-4n-48th-484520s-DENV_1-brazil-BVBRC_genome_sequence,sequana_cpu_dev,4,11370513.0,100,1,48,484520,DENV_1-brazil-BVBRC_genome_sequence,20783.56,21232.85,42016.41,472.35,482.56,954.92,238.73,44.0, sdumont6165,1932754.86
1390.0,8256,43,4220234.0,161996.0,158328.0,4223272.0,1853.44,4229.12,1853.44,4229.12,1.0,0,35.0,48.0,100bs-4n-48th-484520s-DENV_1-brazil-BVBRC_genome_sequence,sequana_cpu_dev,4,11370514.0,100,1,48,484520,DENV_1-brazil-BVBRC_genome_sequence,18495.8,18878.25,37374.05,451.12,460.45,911.56,227.89,41.0, sdumont6165,1607084.15
1237.0,13056,68,4220313.0,160868.0,157725.0,4223420.0,1853.44,4218.88,1853.44,4229.12,1.0,0,97.0,293.0,100bs-4n-48th-484520s-DENV_1-brazil-BVBRC_genome_sequence,sequana_cpu_dev,4,11370516.0,100,1,48,484520,DENV_1-brazil-BVBRC_genome_sequence,22309.15,22605.7,44914.85,453.08,459.1,912.18,228.04,49.25, sdumont6166,3054209.8
1388.0,7872,41,4220276.0,166360.0,159451.0,4223272.0,1853.44,4229.12,1853.44,4229.12,1.0,0,35.0,46.0,100bs-4n-48th-484520s-DENV_1-brazil-BVBRC_genome_sequence,sequana_cpu_dev,4,11370517.0,100,1,48,484520,DENV_1-brazil-BVBRC_genome_sequence,18920.53,19119.97,38040.5,473.01,478.0,951.01,237.75,40.0, sdumont6166,1559660.5
1366.0,8832,46,4220234.0,162336.0,158370.0,4223272.0,1853.44,4218.88,1853.44,4229.12,1.0,0,33.0,52.0,100bs-4n-48th-484520s-DENV_1-brazil-BVBRC_genome_sequence,sequana_cpu_dev,4,11370518.0,100,1,48,484520,DENV_1-brazil-BVBRC_genome_sequence,20693.53,20908.24,41601.77,467.78,472.64,940.42,235.11,44.25, sdumont6166,1913681.42
17156.0,73728,384,4333067.0,171852.0,166640.0,4451484.0,4239.36,4444.16,4249.6,4444.16,1.0,0,33.0,48.0,1000bs-4n-48th-484520s-DENV_1-brazil-BVBRC_genome_sequence,sequana_cpu_dev,4,11370519.0,1000,1,48,484520,DENV_1-brazil-BVBRC_genome_sequence,181787.13,183826.94,365614.07,477.13,482.49,959.62,239.9,381.0, sdumont6166,140395802.88
19991.0,84672,441,4445754.0,172048.0,167836.0,4451484.0,4700.16,4454.4,4720.64,4454.4,1.0,0,127.0,394.0,1000bs-4n-48th-484520s-DENV_1-brazil-BVBRC_genome_sequence,sequana_cpu_dev,4,11370522.0,1000,1,48,484520,DENV_1-brazil-BVBRC_genome_sequence,203036.98,207492.28,410529.26,476.61,487.07,963.68,240.92,426.0, sdumont6165,181043403.66
18509.0,77376,403,4280069.0,170336.0,165764.0,4451340.0,4474.88,4444.16,4495.36,4454.4,1.0,0,47.0,61.0,1000bs-4n-48th-484520s-DENV_1-brazil-BVBRC_genome_sequence,sequana_cpu_dev,4,11370525.0,1000,1,48,484520,DENV_1-brazil-BVBRC_genome_sequence,190069.61,193639.16,383708.77,473.99,482.89,956.88,239.22,401.0, sdumont6165,154634634.31
18577.0,78336,408,4224670.0,170684.0,164841.0,4229436.0,4474.88,4444.16,4474.88,4444.16,1.0,0,36.0,43.0,1000bs-4n-48th-484520s-DENV_1-brazil-BVBRC_genome_sequence,sequana_cpu_dev,4,11370528.0,1000,1,48,484520,DENV_1-brazil-BVBRC_genome_sequence,191310.31,195061.66,386371.97,471.21,480.45,951.66,237.91,406.0, sdumont6165,157639763.76
17154.0,73728,384,4278715.0,168640.0,165280.0,4446212.0,4249.6,4444.16,4249.6,4454.4,1.0,0,35.0,43.0,1000bs-4n-48th-484520s-DENV_1-brazil-BVBRC_genome_sequence,sequana_cpu_dev,4,11370539.0,1000,1,48,484520,DENV_1-brazil-BVBRC_genome_sequence,183107.31,185529.27,368636.58,479.34,485.68,965.02,241.25,382.0, sdumont6166,141556446.72
0.0,26,13,265348.0,3136.0,3136.0,265348.0,0.0,0.0,0.0,0.0,0.0,0,0.0,0.0,100bs-1n-2th-187026s-DENV_1-colombia-BVBRC_genome_sequence,sequana_cpu_dev,1,11370550.0,100,1,2,187026,DENV_1-colombia-BVBRC_genome_sequence,621.22,447.79,1069.01,51.77,37.32,89.08,89.08,12.0, sdumont6165,13897.13
0.0,28,14,265348.0,3192.0,3192.0,265348.0,0.0,0.0,0.0,0.0,1.0,0,0.0,0.0,100bs-1n-2th-187026s-DENV_1-colombia-BVBRC_genome_sequence,sequana_cpu_dev,1,11370551.0,100,1,2,187026,DENV_1-colombia-BVBRC_genome_sequence,623.08,448.78,1071.86,47.93,34.52,82.45,82.45,13.0, sdumont6165,15006.04
0.0,28,14,265348.0,3164.0,3164.0,265348.0,0.0,0.0,0.0,0.0,1.0,0,0.0,0.0,100bs-1n-2th-187026s-DENV_1-colombia-BVBRC_genome_sequence,sequana_cpu_dev,1,11370552.0,100,1,2,187026,DENV_1-colombia-BVBRC_genome_sequence,620.42,452.45,1072.87,47.72,34.8,82.53,82.53,13.0, sdumont6165,15020.179999999998
0.0,30,15,265348.0,3148.0,3148.0,265348.0,0.0,0.0,0.0,0.0,1.0,0,0.0,0.0,100bs-1n-2th-187026s-DENV_1-colombia-BVBRC_genome_sequence,sequana_cpu_dev,1,11370554.0,100,1,2,187026,DENV_1-colombia-BVBRC_genome_sequence,723.23,469.15,1192.38,51.66,33.51,85.17,85.17,14.0, sdumont6166,17885.7
0.0,28,14,265348.0,3152.0,3152.0,265348.0,0.0,0.0,0.0,0.0,1.0,0,0.0,0.0,100bs-1n-2th-187026s-DENV_1-colombia-BVBRC_genome_sequence,sequana_cpu_dev,1,11370555.0,100,1,2,187026,DENV_1-colombia-BVBRC_genome_sequence,730.72,527.14,1257.86,56.21,40.55,96.76,96.76,13.0, sdumont6165,17610.039999999997
232.0,248,124,1105700.0,140560.0,140560.0,1105700.0,1925.12,4669.44,1925.12,4669.44,1.0,0,0.0,0.0,1000bs-1n-2th-187026s-DENV_1-colombia-BVBRC_genome_sequence,sequana_cpu_dev,1,11370556.0,1000,1,2,187026,DENV_1-colombia-BVBRC_genome_sequence,6942.05,4966.23,11908.28,56.9,40.71,97.61,97.61,122.0, sdumont6165,1476626.72
234.0,244,122,1100036.0,142040.0,142040.0,1100036.0,1925.12,4679.68,1925.12,4679.68,1.0,0,0.0,0.0,1000bs-1n-2th-187026s-DENV_1-colombia-BVBRC_genome_sequence,sequana_cpu_dev,1,11370560.0,1000,1,2,187026,DENV_1-colombia-BVBRC_genome_sequence,7326.5,5344.83,12671.33,61.05,44.54,105.59,105.59,120.0, sdumont6168,1545902.26
232.0,246,123,1100184.0,140192.0,140192.0,1100184.0,1925.12,4669.44,1925.12,4669.44,1.0,0,0.0,0.0,1000bs-1n-2th-187026s-DENV_1-colombia-BVBRC_genome_sequence,sequana_cpu_dev,1,11370561.0,1000,1,2,187026,DENV_1-colombia-BVBRC_genome_sequence,7282.52,5320.78,12603.3,59.69,43.61,103.31,103.31,122.0, sdumont6168,1550205.9
229.0,256,128,1323024.0,146368.0,146368.0,1323024.0,1935.36,4648.96,1935.36,4648.96,1.0,0,0.0,0.0,1000bs-1n-2th-187026s-DENV_1-colombia-BVBRC_genome_sequence,sequana_cpu_dev,1,11370562.0,1000,1,2,187026,DENV_1-colombia-BVBRC_genome_sequence,7315.48,4688.95,12004.43,57.6,36.92,94.52,94.52,127.0, sdumont6166,1536567.04
175.0,242,121,1100212.0,138144.0,138144.0,1100212.0,1720.32,4567.04,1720.32,4567.04,1.0,0,0.0,0.0,1000bs-1n-2th-187026s-DENV_1-colombia-BVBRC_genome_sequence,sequana_cpu_dev,1,11370564.0,1000,1,2,187026,DENV_1-colombia-BVBRC_genome_sequence,6909.36,4368.48,11277.84,57.58,36.4,93.98,93.98,120.0, sdumont6166,1364618.64
0.0,60,10,265348.0,3168.0,3168.0,265348.0,0.0,0.0,0.0,0.0,1.0,0,0.0,0.0,100bs-1n-6th-187026s-DENV_1-colombia-BVBRC_genome_sequence,sequana_cpu_dev,1,11370569.0,100,1,6,187026,DENV_1-colombia-BVBRC_genome_sequence,569.94,271.62,841.56,71.24,33.95,105.19,105.19,8.0, sdumont6169,8415.599999999999
0.0,60,10,265348.0,3176.0,3176.0,265348.0,0.0,0.0,0.0,0.0,2.0,0,0.0,0.0,100bs-1n-6th-187026s-DENV_1-colombia-BVBRC_genome_sequence,sequana_cpu_dev,1,11370570.0,100,1,6,187026,DENV_1-colombia-BVBRC_genome_sequence,569.65,269.24,838.89,71.21,33.65,104.86,104.86,8.0, sdumont6169,8388.9
0.0,54,9,265348.0,3176.0,3176.0,265348.0,0.0,0.0,0.0,0.0,1.0,0,0.0,0.0,100bs-1n-6th-187026s-DENV_1-colombia-BVBRC_genome_sequence,sequana_cpu_dev,1,11370573.0,100,1,6,187026,DENV_1-colombia-BVBRC_genome_sequence,530.42,241.64,772.06,66.3,30.2,96.51,96.51,8.0, sdumont6166,6948.539999999999
0.0,66,11,265348.0,3184.0,3184.0,265348.0,0.0,0.0,0.0,0.0,2.0,0,0.0,0.0,100bs-1n-6th-187026s-DENV_1-colombia-BVBRC_genome_sequence,sequana_cpu_dev,1,11370576.0,100,1,6,187026,DENV_1-colombia-BVBRC_genome_sequence,704.27,325.17,1029.44,70.43,32.52,102.94,102.94,10.0, sdumont6166,11323.84
0.0,54,9,265348.0,3172.0,3172.0,265348.0,0.0,0.0,0.0,0.0,2.0,0,0.0,0.0,100bs-1n-6th-187026s-DENV_1-colombia-BVBRC_genome_sequence,sequana_cpu_dev,1,11370579.0,100,1,6,187026,DENV_1-colombia-BVBRC_genome_sequence,516.46,235.84,752.3,64.56,29.48,94.04,94.04,8.0, sdumont6166,6770.7
354.0,504,84,1370188.0,142424.0,142424.0,1370188.0,1495.04,4556.8,1495.04,4556.8,2.0,0,0.0,0.0,1000bs-1n-6th-187026s-DENV_1-colombia-BVBRC_genome_sequence,sequana_cpu_dev,1,11370580.0,1000,1,6,187026,DENV_1-colombia-BVBRC_genome_sequence,6790.49,3036.43,9826.92,81.81,36.58,118.4,118.4,83.0, sdumont6166,825461.28
349.0,534,89,1370188.0,138248.0,138248.0,1370188.0,1495.04,4526.08,1495.04,4526.08,2.0,0,2.0,2.0,1000bs-1n-6th-187026s-DENV_1-colombia-BVBRC_genome_sequence,sequana_cpu_dev,1,11370589.0,1000,1,6,187026,DENV_1-colombia-BVBRC_genome_sequence,7160.62,3209.85,10370.46,82.31,36.89,119.2,119.2,87.0, sdumont6166,922970.94
349.0,516,86,1370184.0,138288.0,138288.0,1370184.0,1495.04,4526.08,1495.04,4526.08,1.0,0,3.0,3.0,1000bs-1n-6th-187026s-DENV_1-colombia-BVBRC_genome_sequence,sequana_cpu_dev,1,11370599.0,1000,1,6,187026,DENV_1-colombia-BVBRC_genome_sequence,6911.63,3097.2,10008.83,80.37,36.01,116.38,116.38,86.0, sdumont6166,860759.38
523.0,552,92,1370336.0,138664.0,138664.0,1370336.0,1720.32,4679.68,1720.32,4679.68,4.0,0,3.0,3.0,1000bs-1n-6th-187026s-DENV_1-colombia-BVBRC_genome_sequence,sequana_cpu_dev,1,11370604.0,1000,1,6,187026,DENV_1-colombia-BVBRC_genome_sequence,7298.28,3761.39,11059.67,80.2,41.33,121.53,121.53,91.0, sdumont6165,1017489.64
521.0,570,95,1370184.0,146632.0,146632.0,1370184.0,1699.84,4679.68,1699.84,4679.68,1.0,0,0.0,0.0,1000bs-1n-6th-187026s-DENV_1-colombia-BVBRC_genome_sequence,sequana_cpu_dev,1,11370606.0,1000,1,6,187026,DENV_1-colombia-BVBRC_genome_sequence,7402.08,3317.7,10719.78,81.34,36.46,117.8,117.8,91.0, sdumont6166,1018379.1
0.0,120,10,265348.0,1036.0,1036.0,265348.0,0.0,0.0,0.0,0.0,4.0,0,0.0,0.0,100bs-1n-12th-187026s-DENV_1-colombia-BVBRC_genome_sequence,sequana_cpu_dev,1,11370608.0,100,1,12,187026,DENV_1-colombia-BVBRC_genome_sequence,851.57,361.02,1212.59,94.62,40.11,134.73,134.73,9.0, sdumont6165,12125.9
0.0,192,16,265348.0,1040.0,1040.0,265348.0,0.0,0.0,0.0,0.0,1.0,0,0.0,0.0,100bs-1n-12th-187026s-DENV_1-colombia-BVBRC_genome_sequence,sequana_cpu_dev,1,11370612.0,100,1,12,187026,DENV_1-colombia-BVBRC_genome_sequence,1083.33,394.28,1477.61,90.28,32.86,123.13,123.13,12.0, sdumont6166,23641.76
0.0,132,11,265348.0,1036.0,1036.0,265348.0,0.0,0.0,0.0,0.0,4.0,0,0.0,0.0,100bs-1n-12th-187026s-DENV_1-colombia-BVBRC_genome_sequence,sequana_cpu_dev,1,11370613.0,100,1,12,187026,DENV_1-colombia-BVBRC_genome_sequence,850.15,321.22,1171.38,94.46,35.69,130.15,130.15,9.0, sdumont6166,12885.18
0.0,132,11,265348.0,1040.0,1040.0,265348.0,0.0,0.0,0.0,0.0,1.0,0,0.0,0.0,100bs-1n-12th-187026s-DENV_1-colombia-BVBRC_genome_sequence,sequana_cpu_dev,1,11370615.0,100,1,12,187026,DENV_1-colombia-BVBRC_genome_sequence,873.45,333.62,1207.07,97.05,37.07,134.12,134.12,9.0, sdumont6166,13277.77
0.0,168,14,265348.0,1036.0,1036.0,265348.0,0.0,0.0,0.0,0.0,1.0,0,0.0,0.0,100bs-1n-12th-187026s-DENV_1-colombia-BVBRC_genome_sequence,sequana_cpu_dev,1,11370618.0,100,1,12,187026,DENV_1-colombia-BVBRC_genome_sequence,1019.21,434.67,1453.88,84.93,36.22,121.16,121.16,12.0, sdumont6165,20354.32
993.0,1428,119,1775716.0,138848.0,138848.0,1775716.0,1730.56,4556.8,1730.56,4556.8,1.0,0,240.0,240.0,1000bs-1n-12th-187026s-DENV_1-colombia-BVBRC_genome_sequence,sequana_cpu_dev,1,11370622.0,1000,1,12,187026,DENV_1-colombia-BVBRC_genome_sequence,13068.69,4933.56,18002.25,110.75,41.81,152.56,152.56,118.0, sdumont6167,2142267.75
1053.0,1236,103,1775700.0,144920.0,144920.0,1775700.0,1699.84,4618.24,1699.84,4618.24,1.0,0,7.0,7.0,1000bs-1n-12th-187026s-DENV_1-colombia-BVBRC_genome_sequence,sequana_cpu_dev,1,11370626.0,1000,1,12,187026,DENV_1-colombia-BVBRC_genome_sequence,10380.86,4528.25,14909.11,102.78,44.83,147.61,147.61,101.0, sdumont6168,1535638.33
1047.0,1272,106,1775716.0,144980.0,144980.0,1775716.0,1720.32,4608.0,1720.32,4608.0,1.0,0,5.0,5.0,1000bs-1n-12th-187026s-DENV_1-colombia-BVBRC_genome_sequence,sequana_cpu_dev,1,11370627.0,1000,1,12,187026,DENV_1-colombia-BVBRC_genome_sequence,10557.8,3851.11,14408.91,101.52,37.03,138.55,138.55,104.0, sdumont6166,1527344.46
1054.0,1200,100,1775716.0,138764.0,138764.0,1775716.0,1699.84,4638.72,1699.84,4638.72,1.0,0,4.0,4.0,1000bs-1n-12th-187026s-DENV_1-colombia-BVBRC_genome_sequence,sequana_cpu_dev,1,11370629.0,1000,1,12,187026,DENV_1-colombia-BVBRC_genome_sequence,9906.1,3634.54,13540.63,100.06,36.71,136.77,136.77,99.0, sdumont6166,1354063.0
1056.0,1224,102,1775716.0,146612.0,146612.0,1775716.0,1699.84,4628.48,1699.84,4628.48,1.0,0,5.0,5.0,1000bs-1n-12th-187026s-DENV_1-colombia-BVBRC_genome_sequence,sequana_cpu_dev,1,11370631.0,1000,1,12,187026,DENV_1-colombia-BVBRC_genome_sequence,10265.7,3726.74,13992.45,101.64,36.9,138.54,138.54,101.0, sdumont6166,1427229.9
0.0,342,19,265348.0,1032.0,1032.0,265348.0,0.0,0.0,0.0,0.0,1.0,0,0.0,0.0,100bs-1n-18th-187026s-DENV_1-colombia-BVBRC_genome_sequence,sequana_cpu_dev,1,11370633.0,100,1,18,187026,DENV_1-colombia-BVBRC_genome_sequence,1144.88,525.32,1670.21,67.35,30.9,98.25,98.25,17.0, sdumont6071,31733.99
0.0,270,15,265348.0,3160.0,3160.0,265348.0,0.0,0.0,0.0,0.0,1.0,0,0.0,0.0,100bs-1n-18th-187026s-DENV_1-colombia-BVBRC_genome_sequence,sequana_cpu_dev,1,11370634.0,100,1,18,187026,DENV_1-colombia-BVBRC_genome_sequence,1291.41,476.06,1767.47,92.24,34.0,126.25,126.25,14.0, sdumont6071,26512.05
0.0,288,16,265348.0,1036.0,1036.0,265348.0,0.0,0.0,0.0,0.0,1.0,0,0.0,0.0,100bs-1n-18th-187026s-DENV_1-colombia-BVBRC_genome_sequence,sequana_cpu_dev,1,11370637.0,100,1,18,187026,DENV_1-colombia-BVBRC_genome_sequence,1278.65,471.19,1749.84,91.33,33.66,124.99,124.99,14.0, sdumont6071,27997.44
0.0,252,14,265348.0,1040.0,1040.0,265348.0,0.0,0.0,0.0,0.0,1.0,0,0.0,0.0,100bs-1n-18th-187026s-DENV_1-colombia-BVBRC_genome_sequence,sequana_cpu_dev,1,11370639.0,100,1,18,187026,DENV_1-colombia-BVBRC_genome_sequence,1107.67,394.79,1502.46,92.31,32.9,125.2,125.2,12.0, sdumont6166,21034.44
0.0,216,12,265348.0,1036.0,1036.0,265348.0,0.0,0.0,0.0,0.0,1.0,0,0.0,0.0,100bs-1n-18th-187026s-DENV_1-colombia-BVBRC_genome_sequence,sequana_cpu_dev,1,11370641.0,100,1,18,187026,DENV_1-colombia-BVBRC_genome_sequence,1085.37,448.44,1533.81,98.67,40.77,139.44,139.44,11.0, sdumont6165,18405.72
2111.0,2628,146,2181316.0,143340.0,143340.0,2181316.0,1955.84,4618.24,1955.84,4618.24,1.0,0,9.0,9.0,1000bs-1n-18th-187026s-DENV_1-colombia-BVBRC_genome_sequence,sequana_cpu_dev,1,11370642.0,1000,1,18,187026,DENV_1-colombia-BVBRC_genome_sequence,15037.87,5810.96,20848.83,105.16,40.64,145.8,145.8,143.0, sdumont6165,3043929.18
1596.0,2034,113,2181256.0,139252.0,139252.0,2181256.0,1730.56,4597.76,1730.56,4597.76,1.0,0,21.0,21.0,1000bs-1n-18th-187026s-DENV_1-colombia-BVBRC_genome_sequence,sequana_cpu_dev,1,11370644.0,1000,1,18,187026,DENV_1-colombia-BVBRC_genome_sequence,11663.49,4595.98,16259.46,105.08,41.41,146.48,146.48,111.0, sdumont6165,1837318.98
1564.0,2124,118,2404068.0,144980.0,144980.0,2404068.0,1730.56,4567.04,1730.56,4567.04,1.0,0,20.0,20.0,1000bs-1n-18th-187026s-DENV_1-colombia-BVBRC_genome_sequence,sequana_cpu_dev,1,11370646.0,1000,1,18,187026,DENV_1-colombia-BVBRC_genome_sequence,12057.73,4741.47,16799.2,104.85,41.23,146.08,146.08,115.0, sdumont6165,1982305.6
2625.0,2808,156,2404120.0,145424.0,145424.0,2404120.0,2201.6,4659.2,2201.6,4659.2,1.0,0,16.0,16.0,1000bs-1n-18th-187026s-DENV_1-colombia-BVBRC_genome_sequence,sequana_cpu_dev,1,11370648.0,1000,1,18,187026,DENV_1-colombia-BVBRC_genome_sequence,16657.69,6335.87,22993.55,107.47,40.88,148.35,148.35,155.0, sdumont6165,3586993.8
1595.0,2070,115,2181256.0,143256.0,143256.0,2181256.0,1730.56,4587.52,1730.56,4587.52,1.0,0,14.0,14.0,1000bs-1n-18th-187026s-DENV_1-colombia-BVBRC_genome_sequence,sequana_cpu_dev,1,11370649.0,1000,1,18,187026,DENV_1-colombia-BVBRC_genome_sequence,11861.96,4681.59,16543.55,104.05,41.07,145.12,145.12,114.0, sdumont6165,1902508.25
0.0,312,13,265348.0,1036.0,1036.0,265348.0,0.0,0.0,0.0,0.0,1.0,0,0.0,0.0,100bs-1n-24th-187026s-DENV_1-colombia-BVBRC_genome_sequence,sequana_cpu_dev,1,11370651.0,100,1,24,187026,DENV_1-colombia-BVBRC_genome_sequence,1240.78,458.97,1699.75,103.4,38.25,141.65,141.65,12.0, sdumont6165,22096.75
0.0,312,13,265348.0,1036.0,1036.0,265348.0,0.0,0.0,0.0,0.0,1.0,0,0.0,0.0,100bs-1n-24th-187026s-DENV_1-colombia-BVBRC_genome_sequence,sequana_cpu_dev,1,11370652.0,100,1,24,187026,DENV_1-colombia-BVBRC_genome_sequence,1202.8,419.56,1622.35,109.35,38.14,147.49,147.49,11.0, sdumont6071,21090.55
0.0,408,17,265348.0,1036.0,1036.0,265348.0,0.0,0.0,0.0,0.0,1.0,0,0.0,0.0,100bs-1n-24th-187026s-DENV_1-colombia-BVBRC_genome_sequence,sequana_cpu_dev,1,11370655.0,100,1,24,187026,DENV_1-colombia-BVBRC_genome_sequence,1670.31,565.78,2236.09,111.35,37.72,149.07,149.07,15.0, sdumont6071,38013.53
0.0,360,15,265348.0,1036.0,1036.0,265348.0,0.0,0.0,0.0,0.0,2.0,0,0.0,0.0,100bs-1n-24th-187026s-DENV_1-colombia-BVBRC_genome_sequence,sequana_cpu_dev,1,11370659.0,100,1,24,187026,DENV_1-colombia-BVBRC_genome_sequence,1447.58,496.46,1944.04,111.35,38.19,149.54,149.54,13.0, sdumont6071,29160.6
0.0,312,13,265348.0,1040.0,1040.0,265348.0,0.0,0.0,0.0,0.0,1.0,0,0.0,0.0,100bs-1n-24th-187026s-DENV_1-colombia-BVBRC_genome_sequence,sequana_cpu_dev,1,11370662.0,100,1,24,187026,DENV_1-colombia-BVBRC_genome_sequence,1196.3,419.5,1615.8,108.75,38.14,146.89,146.89,11.0, sdumont6071,21005.4
2845.0,2976,124,2586804.0,145616.0,145616.0,2586804.0,1945.6,4669.44,1945.6,4669.44,1.0,0,12.0,12.0,1000bs-1n-24th-187026s-DENV_1-colombia-BVBRC_genome_sequence,sequana_cpu_dev,1,11370665.0,1000,1,24,187026,DENV_1-colombia-BVBRC_genome_sequence,14243.88,5099.09,19342.98,115.8,41.46,157.26,157.26,123.0, sdumont6165,2398529.52
2842.0,3048,127,2586804.0,149636.0,149636.0,2586804.0,1945.6,4659.2,1945.6,4659.2,1.0,0,17.0,17.0,1000bs-1n-24th-187026s-DENV_1-colombia-BVBRC_genome_sequence,sequana_cpu_dev,1,11370671.0,1000,1,24,187026,DENV_1-colombia-BVBRC_genome_sequence,14798.44,5258.0,20056.44,117.45,41.73,159.18,159.18,126.0, sdumont6165,2547167.88
2847.0,2928,122,2586804.0,149300.0,149300.0,2586804.0,1894.4,4679.68,1894.4,4679.68,1.0,0,26.0,26.0,1000bs-1n-24th-187026s-DENV_1-colombia-BVBRC_genome_sequence,sequana_cpu_dev,1,11370675.0,1000,1,24,187026,DENV_1-colombia-BVBRC_genome_sequence,14062.48,5049.57,19112.05,115.27,41.39,156.66,156.66,122.0, sdumont6165,2331670.1
2839.0,3168,132,2586804.0,149428.0,149428.0,2586804.0,1945.6,4638.72,1945.6,4638.72,1.0,0,15.0,15.0,1000bs-1n-24th-187026s-DENV_1-colombia-BVBRC_genome_sequence,sequana_cpu_dev,1,11370679.0,1000,1,24,187026,DENV_1-colombia-BVBRC_genome_sequence,15421.74,5475.91,20897.65,116.83,41.48,158.32,158.32,132.0, sdumont6165,2758489.8000000003
2845.0,2976,124,2586804.0,151332.0,151332.0,2586804.0,1945.6,4669.44,1945.6,4669.44,1.0,0,24.0,24.0,1000bs-1n-24th-187026s-DENV_1-colombia-BVBRC_genome_sequence,sequana_cpu_dev,1,11370682.0,1000,1,24,187026,DENV_1-colombia-BVBRC_genome_sequence,13889.97,4681.6,18571.57,113.85,38.37,152.23,152.23,122.0, sdumont6071,2302874.68
0.0,600,20,265348.0,2996.0,2996.0,265348.0,0.0,0.0,0.0,0.0,1.0,0,0.0,0.0,100bs-1n-30th-187026s-DENV_1-colombia-BVBRC_genome_sequence,sequana_cpu_dev,1,11370686.0,100,1,30,187026,DENV_1-colombia-BVBRC_genome_sequence,1914.47,1280.84,3195.3,106.36,71.16,177.52,177.52,18.0, sdumont6071,63906.0
0.0,570,19,265348.0,3068.0,3068.0,265348.0,0.0,0.0,0.0,0.0,1.0,0,0.0,0.0,100bs-1n-30th-187026s-DENV_1-colombia-BVBRC_genome_sequence,sequana_cpu_dev,1,11370687.0,100,1,30,187026,DENV_1-colombia-BVBRC_genome_sequence,1674.58,1130.02,2804.6,98.5,66.47,164.98,164.98,17.0, sdumont6071,53287.4
0.0,600,20,265348.0,3116.0,3116.0,265348.0,0.0,0.0,0.0,0.0,1.0,0,0.0,0.0,100bs-1n-30th-187026s-DENV_1-colombia-BVBRC_genome_sequence,sequana_cpu_dev,1,11370688.0,100,1,30,187026,DENV_1-colombia-BVBRC_genome_sequence,1923.15,1290.56,3213.71,106.84,71.7,178.54,178.54,18.0, sdumont6071,64274.2
0.0,540,18,265348.0,3120.0,3120.0,265348.0,0.0,0.0,0.0,0.0,1.0,0,0.0,0.0,100bs-1n-30th-187026s-DENV_1-colombia-BVBRC_genome_sequence,sequana_cpu_dev,1,11370689.0,100,1,30,187026,DENV_1-colombia-BVBRC_genome_sequence,1666.98,1147.9,2814.87,104.19,71.74,175.93,175.93,16.0, sdumont6071,50667.66
0.0,540,18,265348.0,3028.0,3028.0,265348.0,0.0,0.0,0.0,0.0,1.0,0,0.0,0.0,100bs-1n-30th-187026s-DENV_1-colombia-BVBRC_genome_sequence,sequana_cpu_dev,1,11370690.0,100,1,30,187026,DENV_1-colombia-BVBRC_genome_sequence,1654.41,1143.47,2797.89,103.4,71.47,174.87,174.87,16.0, sdumont6071,50362.02
4423.0,4740,158,2992416.0,148884.0,148884.0,2992416.0,2119.68,4659.2,2119.68,4659.2,1.0,0,30.0,30.0,1000bs-1n-30th-187026s-DENV_1-colombia-BVBRC_genome_sequence,sequana_cpu_dev,1,11370691.0,1000,1,30,187026,DENV_1-colombia-BVBRC_genome_sequence,16844.61,11424.62,28269.23,107.98,73.23,181.21,181.21,156.0, sdumont6071,4466538.34
3563.0,4410,147,2992560.0,151224.0,151224.0,2992560.0,1914.88,4597.76,1914.88,4597.76,1.0,0,28.0,28.0,1000bs-1n-30th-187026s-DENV_1-colombia-BVBRC_genome_sequence,sequana_cpu_dev,1,11370693.0,1000,1,30,187026,DENV_1-colombia-BVBRC_genome_sequence,15827.52,10756.42,26583.95,109.16,74.18,183.34,183.34,145.0, sdumont6071,3907840.65
4455.0,4890,163,2992416.0,144056.0,144056.0,2992416.0,2119.68,4648.96,2119.68,4648.96,1.0,0,26.0,26.0,1000bs-1n-30th-187026s-DENV_1-colombia-BVBRC_genome_sequence,sequana_cpu_dev,1,11370696.0,1000,1,30,187026,DENV_1-colombia-BVBRC_genome_sequence,17539.98,11915.53,29455.51,108.27,73.55,181.82,181.82,162.0, sdumont6071,4801248.13
5348.0,5520,184,2992416.0,151260.0,151260.0,2992416.0,2344.96,4679.68,2344.96,4679.68,1.0,0,20.0,20.0,1000bs-1n-30th-187026s-DENV_1-colombia-BVBRC_genome_sequence,sequana_cpu_dev,1,11370697.0,1000,1,30,187026,DENV_1-colombia-BVBRC_genome_sequence,19998.01,13231.18,33229.19,109.28,72.3,181.58,181.58,183.0, sdumont6071,6114170.960000001
3568.0,4500,150,2992416.0,149456.0,149456.0,2992416.0,1914.88,4587.52,1914.88,4587.52,1.0,0,25.0,25.0,1000bs-1n-30th-187026s-DENV_1-colombia-BVBRC_genome_sequence,sequana_cpu_dev,1,11370699.0,1000,1,30,187026,DENV_1-colombia-BVBRC_genome_sequence,15990.53,10961.36,26951.89,107.32,73.57,180.89,180.89,149.0, sdumont6071,4042783.5
0.0,720,20,265348.0,3048.0,3048.0,265348.0,0.0,0.0,0.0,0.0,1.0,0,0.0,0.0,100bs-1n-36th-187026s-DENV_1-colombia-BVBRC_genome_sequence,sequana_cpu_dev,1,11370700.0,100,1,36,187026,DENV_1-colombia-BVBRC_genome_sequence,1926.72,1602.41,3529.14,107.04,89.02,196.06,196.06,18.0, sdumont6071,70582.8
0.0,684,19,265348.0,3108.0,3108.0,265348.0,0.0,0.0,0.0,0.0,1.0,0,0.0,0.0,100bs-1n-36th-187026s-DENV_1-colombia-BVBRC_genome_sequence,sequana_cpu_dev,1,11370702.0,100,1,36,187026,DENV_1-colombia-BVBRC_genome_sequence,1653.87,1380.76,3034.63,97.29,81.22,178.51,178.51,17.0, sdumont6071,57657.97
0.0,720,20,265348.0,3064.0,3064.0,265348.0,0.0,0.0,0.0,0.0,1.0,0,0.0,0.0,100bs-1n-36th-187026s-DENV_1-colombia-BVBRC_genome_sequence,sequana_cpu_dev,1,11370703.0,100,1,36,187026,DENV_1-colombia-BVBRC_genome_sequence,1705.75,1399.88,3105.63,94.76,77.77,172.54,172.54,18.0, sdumont6071,62112.600000000006
0.0,612,17,265348.0,3128.0,3128.0,265348.0,0.0,0.0,0.0,0.0,1.0,0,0.0,0.0,100bs-1n-36th-187026s-DENV_1-colombia-BVBRC_genome_sequence,sequana_cpu_dev,1,11370704.0,100,1,36,187026,DENV_1-colombia-BVBRC_genome_sequence,1639.55,1379.31,3018.86,102.47,86.21,188.68,188.68,16.0, sdumont6071,51320.62
0.0,648,18,265348.0,3148.0,3148.0,265348.0,0.0,0.0,0.0,0.0,1.0,0,0.0,0.0,100bs-1n-36th-187026s-DENV_1-colombia-BVBRC_genome_sequence,sequana_cpu_dev,1,11370705.0,100,1,36,187026,DENV_1-colombia-BVBRC_genome_sequence,1653.18,1394.19,3047.37,103.32,87.14,190.46,190.46,16.0, sdumont6071,54852.66
5353.0,6048,168,3620864.0,149932.0,149932.0,3620864.0,2119.68,4638.72,2119.68,4638.72,1.0,0,30.0,30.0,1000bs-1n-36th-187026s-DENV_1-colombia-BVBRC_genome_sequence,sequana_cpu_dev,1,11370706.0,1000,1,36,187026,DENV_1-colombia-BVBRC_genome_sequence,17929.47,15115.24,33044.71,108.01,91.06,199.06,199.06,166.0, sdumont6071,5551511.28
6423.0,6624,184,3398052.0,154232.0,154232.0,3398052.0,2324.48,4679.68,2324.48,4679.68,1.0,0,29.0,29.0,1000bs-1n-36th-187026s-DENV_1-colombia-BVBRC_genome_sequence,sequana_cpu_dev,1,11370708.0,1000,1,36,187026,DENV_1-colombia-BVBRC_genome_sequence,19576.0,16457.42,36033.42,108.15,90.92,199.08,199.08,181.0, sdumont6071,6630149.279999999
6423.0,6948,193,3403464.0,152008.0,152008.0,3403464.0,2355.2,4659.2,2355.2,4659.2,1.0,0,16.0,16.0,1000bs-1n-36th-187026s-DENV_1-colombia-BVBRC_genome_sequence,sequana_cpu_dev,1,11370720.0,1000,1,36,187026,DENV_1-colombia-BVBRC_genome_sequence,20534.89,17205.23,37740.12,106.95,89.61,196.56,196.56,192.0, sdumont6071,7283843.16
5349.0,6444,179,3403464.0,149872.0,149872.0,3403464.0,2119.68,4618.24,2119.68,4618.24,1.0,0,31.0,31.0,1000bs-1n-36th-187026s-DENV_1-colombia-BVBRC_genome_sequence,sequana_cpu_dev,1,11370723.0,1000,1,36,187026,DENV_1-colombia-BVBRC_genome_sequence,18865.93,15895.57,34761.5,106.59,89.81,196.39,196.39,177.0, sdumont6071,6222308.5
6413.0,7272,202,3397904.0,151888.0,151888.0,3397904.0,2365.44,4628.48,2365.44,4628.48,1.0,0,35.0,35.0,1000bs-1n-36th-187026s-DENV_1-colombia-BVBRC_genome_sequence,sequana_cpu_dev,1,11370727.0,1000,1,36,187026,DENV_1-colombia-BVBRC_genome_sequence,21824.94,18167.07,39992.0,108.58,90.38,198.97,198.97,201.0, sdumont6071,8078384.0
0.0,882,21,265348.0,3124.0,3124.0,265348.0,0.0,0.0,0.0,0.0,1.0,0,0.0,0.0,100bs-1n-42th-187026s-DENV_1-colombia-BVBRC_genome_sequence,sequana_cpu_dev,1,11370732.0,100,1,42,187026,DENV_1-colombia-BVBRC_genome_sequence,1901.22,1689.17,3590.39,105.62,93.84,199.47,199.47,18.0, sdumont6071,75398.19
0.0,1008,24,265348.0,3144.0,3144.0,265348.0,0.0,0.0,0.0,0.0,1.0,0,0.0,0.0,100bs-1n-42th-187026s-DENV_1-colombia-BVBRC_genome_sequence,sequana_cpu_dev,1,11370735.0,100,1,42,187026,DENV_1-colombia-BVBRC_genome_sequence,2440.08,2152.89,4592.97,110.91,97.86,208.77,208.77,22.0, sdumont6071,110231.28
0.0,1218,29,265348.0,3068.0,3068.0,265348.0,0.0,0.0,0.0,0.0,1.0,0,0.0,0.0,100bs-1n-42th-187026s-DENV_1-colombia-BVBRC_genome_sequence,sequana_cpu_dev,1,11370737.0,100,1,42,187026,DENV_1-colombia-BVBRC_genome_sequence,2107.16,2008.71,4115.87,75.26,71.74,147.0,147.0,28.0, sdumont6165,119360.23
0.0,966,23,265348.0,3152.0,3152.0,265348.0,0.0,0.0,0.0,0.0,1.0,0,0.0,0.0,100bs-1n-42th-187026s-DENV_1-colombia-BVBRC_genome_sequence,sequana_cpu_dev,1,11370740.0,100,1,42,187026,DENV_1-colombia-BVBRC_genome_sequence,2073.26,1927.69,4000.94,94.24,87.62,181.86,181.86,22.0, sdumont6165,92021.62
0.0,882,21,265348.0,3160.0,3160.0,265348.0,0.0,0.0,0.0,0.0,1.0,0,0.0,0.0,100bs-1n-42th-187026s-DENV_1-colombia-BVBRC_genome_sequence,sequana_cpu_dev,1,11370741.0,100,1,42,187026,DENV_1-colombia-BVBRC_genome_sequence,1971.03,1850.13,3821.17,103.74,97.38,201.11,201.11,19.0, sdumont6165,80244.57
7497.0,8442,201,3803492.0,145516.0,145516.0,3803492.0,2344.96,4638.72,2344.96,4638.72,1.0,0,11.0,11.0,1000bs-1n-42th-187026s-DENV_1-colombia-BVBRC_genome_sequence,sequana_cpu_dev,1,11370743.0,1000,1,42,187026,DENV_1-colombia-BVBRC_genome_sequence,21648.49,20261.33,41909.83,108.79,101.82,210.6,210.6,199.0, sdumont6165,8423875.83
8567.0,9282,221,4031728.0,150864.0,150864.0,4031728.0,2570.24,4669.44,2570.24,4669.44,1.0,0,286.0,286.0,1000bs-1n-42th-187026s-DENV_1-colombia-BVBRC_genome_sequence,sequana_cpu_dev,1,11370748.0,1000,1,42,187026,DENV_1-colombia-BVBRC_genome_sequence,23853.41,21515.58,45368.99,108.92,98.24,207.16,207.16,219.0, sdumont6166,10026546.79
7492.0,8526,203,3803496.0,149508.0,149508.0,3803496.0,2334.72,4638.72,2334.72,4638.72,1.0,0,26.0,26.0,1000bs-1n-42th-187026s-DENV_1-colombia-BVBRC_genome_sequence,sequana_cpu_dev,1,11370752.0,1000,1,42,187026,DENV_1-colombia-BVBRC_genome_sequence,22126.29,20022.71,42149.0,110.08,99.62,209.7,209.7,201.0, sdumont6166,8556247.0
7491.0,7980,190,4031728.0,153032.0,153032.0,4031728.0,2334.72,4669.44,2334.72,4669.44,1.0,0,37.0,37.0,1000bs-1n-42th-187026s-DENV_1-colombia-BVBRC_genome_sequence,sequana_cpu_dev,1,11370755.0,1000,1,42,187026,DENV_1-colombia-BVBRC_genome_sequence,20738.05,18550.05,39288.11,110.31,98.67,208.98,208.98,188.0, sdumont6166,7464740.9
7497.0,7854,187,3803644.0,149628.0,149628.0,3803644.0,2344.96,4669.44,2344.96,4669.44,1.0,0,33.0,33.0,1000bs-1n-42th-187026s-DENV_1-colombia-BVBRC_genome_sequence,sequana_cpu_dev,1,11370758.0,1000,1,42,187026,DENV_1-colombia-BVBRC_genome_sequence,20630.58,18636.79,39267.37,110.92,100.2,211.11,211.11,186.0, sdumont6166,7342998.19
0.0,1152,24,265348.0,3172.0,3172.0,265348.0,0.0,0.0,0.0,0.0,1.0,0,0.0,0.0,100bs-1n-48th-187026s-DENV_1-colombia-BVBRC_genome_sequence,sequana_cpu_dev,1,11370768.0,100,1,48,187026,DENV_1-colombia-BVBRC_genome_sequence,2198.8,2211.75,4410.55,99.95,100.53,200.48,200.48,22.0, sdumont6166,105853.2
1390.0,1536,32,4208996.0,143096.0,143096.0,4208996.0,1269.76,4259.84,1269.76,4259.84,1.0,0,39.0,39.0,100bs-1n-48th-187026s-DENV_1-colombia-BVBRC_genome_sequence,sequana_cpu_dev,1,11370782.0,100,1,48,187026,DENV_1-colombia-BVBRC_genome_sequence,3445.51,3597.54,7043.05,114.85,119.92,234.77,234.77,30.0, sdumont6165,225377.6
0.0,1056,22,265348.0,3124.0,3124.0,265348.0,0.0,0.0,0.0,0.0,1.0,0,0.0,0.0,100bs-1n-48th-187026s-DENV_1-colombia-BVBRC_genome_sequence,sequana_cpu_dev,1,11370784.0,100,1,48,187026,DENV_1-colombia-BVBRC_genome_sequence,2198.65,2206.74,4405.39,104.7,105.08,209.78,209.78,21.0, sdumont6166,96918.58
0.0,1440,30,265348.0,3180.0,3180.0,265348.0,0.0,0.0,0.0,0.0,1.0,0,0.0,0.0,100bs-1n-48th-187026s-DENV_1-colombia-BVBRC_genome_sequence,sequana_cpu_dev,1,11370786.0,100,1,48,187026,DENV_1-colombia-BVBRC_genome_sequence,2897.98,2909.76,5807.74,111.46,111.91,223.37,223.37,26.0, sdumont6166,174232.19999999998
0.0,1248,26,265348.0,1036.0,1036.0,265348.0,0.0,0.0,0.0,0.0,0.0,0,0.0,0.0,100bs-1n-48th-187026s-DENV_1-colombia-BVBRC_genome_sequence,sequana_cpu_dev,1,11370790.0,100,1,48,187026,DENV_1-colombia-BVBRC_genome_sequence,2593.98,2462.56,5056.54,103.76,98.5,202.26,202.26,25.0, sdumont6167,131470.04
11412.0,11664,243,4209152.0,151884.0,151884.0,4209152.0,2826.24,4689.92,2826.24,4689.92,1.0,0,28.0,28.0,1000bs-1n-48th-187026s-DENV_1-colombia-BVBRC_genome_sequence,sequana_cpu_dev,1,11370791.0,1000,1,48,187026,DENV_1-colombia-BVBRC_genome_sequence,30338.33,28834.44,59172.77,125.89,119.64,245.53,245.53,241.0, sdumont6167,14378983.11
8557.0,9168,191,4209004.0,153808.0,153808.0,4209004.0,2365.44,4659.2,2365.44,4659.2,1.0,0,31.0,31.0,1000bs-1n-48th-187026s-DENV_1-colombia-BVBRC_genome_sequence,sequana_cpu_dev,1,11370796.0,1000,1,48,187026,DENV_1-colombia-BVBRC_genome_sequence,23775.09,22586.73,46361.83,125.79,119.51,245.3,245.3,189.0, sdumont6167,8855109.530000001
9973.0,10656,222,4209152.0,151776.0,151776.0,4209152.0,2600.96,4669.44,2600.96,4669.44,1.0,0,24.0,24.0,1000bs-1n-48th-187026s-DENV_1-colombia-BVBRC_genome_sequence,sequana_cpu_dev,1,11370799.0,1000,1,48,187026,DENV_1-colombia-BVBRC_genome_sequence,27931.78,26766.18,54697.96,126.96,121.66,248.63,248.63,220.0, sdumont6167,12142947.12
11383.0,12960,270,4437236.0,155208.0,155208.0,4437236.0,2836.48,4628.48,2836.48,4628.48,0.0,0,33.0,33.0,1000bs-1n-48th-187026s-DENV_1-colombia-BVBRC_genome_sequence,sequana_cpu_dev,1,11370800.0,1000,1,48,187026,DENV_1-colombia-BVBRC_genome_sequence,30804.77,32242.38,63047.16,114.94,120.31,235.25,235.25,268.0, sdumont6165,17022733.2
12807.0,13392,279,4431964.0,153876.0,153876.0,4431964.0,3092.48,4679.68,3092.48,4679.68,1.0,0,22.0,22.0,1000bs-1n-48th-187026s-DENV_1-colombia-BVBRC_genome_sequence,sequana_cpu_dev,1,11370806.0,1000,1,48,187026,DENV_1-colombia-BVBRC_genome_sequence,31935.24,33489.75,65425.0,115.29,120.9,236.19,236.19,277.0, sdumont6165,18253575.0
0.0,56,14,265348.0,3160.0,3158.0,265348.0,0.0,0.0,0.0,0.0,1.0,0,0.0,0.0,100bs-2n-2th-187026s-DENV_1-colombia-BVBRC_genome_sequence,sequana_cpu_dev,2,11370810.0,100,1,2,187026,DENV_1-colombia-BVBRC_genome_sequence,987.54,752.23,1739.77,82.29,62.69,144.98,72.49,12.0, sdumont6168,24356.78
0.0,36,9,265348.0,3064.0,3064.0,265348.0,0.0,0.0,0.0,0.0,1.0,0,0.0,0.0,100bs-2n-2th-187026s-DENV_1-colombia-BVBRC_genome_sequence,sequana_cpu_dev,2,11370811.0,100,1,2,187026,DENV_1-colombia-BVBRC_genome_sequence,745.25,525.17,1270.42,100.04,70.12,170.16,85.08,7.5, sdumont6168,11433.78
0.0,32,8,265348.0,3124.0,3108.0,265348.0,0.0,0.0,0.0,0.0,1.0,0,0.0,0.0,100bs-2n-2th-187026s-DENV_1-colombia-BVBRC_genome_sequence,sequana_cpu_dev,2,11370812.0,100,1,2,187026,DENV_1-colombia-BVBRC_genome_sequence,785.19,546.46,1331.65,112.17,78.07,190.24,95.12,7.0, sdumont6168,10653.2
0.0,52,13,265348.0,3160.0,3150.0,265348.0,0.0,0.0,0.0,0.0,1.0,0,0.0,0.0,100bs-2n-2th-187026s-DENV_1-colombia-BVBRC_genome_sequence,sequana_cpu_dev,2,11370814.0,100,1,2,187026,DENV_1-colombia-BVBRC_genome_sequence,1202.94,874.23,2077.17,100.24,72.85,173.1,86.55,12.0, sdumont6168,27003.21
0.0,36,9,265348.0,3144.0,3102.0,265348.0,0.0,0.0,0.0,0.0,2.0,0,0.0,0.0,100bs-2n-2th-187026s-DENV_1-colombia-BVBRC_genome_sequence,sequana_cpu_dev,2,11370817.0,100,1,2,187026,DENV_1-colombia-BVBRC_genome_sequence,752.5,528.95,1281.45,94.06,66.12,160.18,80.09,8.0, sdumont6168,11533.05
101.0,332,83,1106446.0,148972.0,143636.0,1112552.0,1505.28,4382.72,1505.28,4382.72,1.0,0,0.0,0.0,1000bs-2n-2th-187026s-DENV_1-colombia-BVBRC_genome_sequence,sequana_cpu_dev,2,11370818.0,1000,1,2,187026,DENV_1-colombia-BVBRC_genome_sequence,9768.2,6307.35,16075.54,119.12,76.92,196.04,98.02,82.0, sdumont6166,1334269.82
107.0,300,75,1106422.0,148584.0,143408.0,1112572.0,1505.28,4403.2,1505.28,4403.2,1.0,0,0.0,0.0,1000bs-2n-2th-187026s-DENV_1-colombia-BVBRC_genome_sequence,sequana_cpu_dev,2,11370819.0,1000,1,2,187026,DENV_1-colombia-BVBRC_genome_sequence,8164.65,5653.09,13817.74,110.33,76.39,186.73,93.36,74.0, sdumont6165,1036330.5
142.0,388,97,1106596.0,148676.0,143404.0,1112860.0,1751.04,4423.68,1751.04,4423.68,1.0,0,0.0,0.0,1000bs-2n-2th-187026s-DENV_1-colombia-BVBRC_genome_sequence,sequana_cpu_dev,2,11370821.0,1000,1,2,187026,DENV_1-colombia-BVBRC_genome_sequence,11414.45,7497.72,18912.17,118.9,78.1,197.0,98.5,96.0, sdumont6166,1834480.49
146.0,380,95,1106562.0,156876.0,149642.0,1112704.0,1730.56,4433.92,1730.56,4444.16,1.0,0,0.0,0.0,1000bs-2n-2th-187026s-DENV_1-colombia-BVBRC_genome_sequence,sequana_cpu_dev,2,11370823.0,1000,1,2,187026,DENV_1-colombia-BVBRC_genome_sequence,11011.89,7241.43,18253.32,117.15,77.04,194.18,97.09,94.0, sdumont6166,1734065.4
103.0,320,80,1109194.0,148696.0,143504.0,1118112.0,1505.28,4382.72,1505.28,4382.72,1.0,0,0.0,0.0,1000bs-2n-2th-187026s-DENV_1-colombia-BVBRC_genome_sequence,sequana_cpu_dev,2,11370828.0,1000,1,2,187026,DENV_1-colombia-BVBRC_genome_sequence,9555.7,6125.84,15681.54,120.96,77.54,198.5,99.25,79.0, sdumont6166,1254523.2000000002
0.0,96,8,265348.0,3148.0,3110.0,265348.0,0.0,0.0,0.0,0.0,1.0,0,0.0,0.0,100bs-2n-6th-187026s-DENV_1-colombia-BVBRC_genome_sequence,sequana_cpu_dev,2,11370829.0,100,1,6,187026,DENV_1-colombia-BVBRC_genome_sequence,808.81,419.72,1228.53,126.95,66.32,193.27,96.63,6.5, sdumont6165,9828.24
0.0,132,11,265348.0,3152.0,2092.0,265348.0,0.0,0.0,0.0,0.0,84.0,0,0.0,0.0,100bs-2n-6th-187026s-DENV_1-colombia-BVBRC_genome_sequence,sequana_cpu_dev,2,11370832.0,100,1,6,187026,DENV_1-colombia-BVBRC_genome_sequence,1290.97,675.31,1966.28,143.87,75.88,219.74,109.87,9.0, sdumont6165,21629.08
0.0,72,6,265348.0,1040.0,1040.0,265348.0,0.0,0.0,0.0,0.0,16.0,0,0.0,0.0,100bs-2n-6th-187026s-DENV_1-colombia-BVBRC_genome_sequence,sequana_cpu_dev,2,11370834.0,100,1,6,187026,DENV_1-colombia-BVBRC_genome_sequence,724.35,344.78,1069.13,144.87,68.96,213.83,106.91,5.0, sdumont6167,6414.780000000001
0.0,192,16,265348.0,3112.0,2076.0,265348.0,0.0,0.0,0.0,0.0,1.0,0,0.0,0.0,100bs-2n-6th-187026s-DENV_1-colombia-BVBRC_genome_sequence,sequana_cpu_dev,2,11370836.0,100,1,6,187026,DENV_1-colombia-BVBRC_genome_sequence,2420.4,1293.84,3714.24,161.36,86.26,247.62,123.81,15.0, sdumont6167,59427.84
0.0,96,8,265348.0,3184.0,2110.0,265348.0,0.0,0.0,0.0,0.0,1.0,0,0.0,0.0,100bs-2n-6th-187026s-DENV_1-colombia-BVBRC_genome_sequence,sequana_cpu_dev,2,11370838.0,100,1,6,187026,DENV_1-colombia-BVBRC_genome_sequence,1020.88,533.55,1554.43,145.84,76.22,222.06,111.03,7.0, sdumont6167,12435.44
482.0,1164,97,1376580.0,152652.0,146726.0,1382680.0,1771.52,4423.68,1771.52,4423.68,1.0,0,1.0,2.0,1000bs-2n-6th-187026s-DENV_1-colombia-BVBRC_genome_sequence,sequana_cpu_dev,2,11370843.0,1000,1,6,187026,DENV_1-colombia-BVBRC_genome_sequence,15444.03,7350.54,22794.57,160.88,76.57,237.44,118.72,96.0, sdumont6166,2211073.29
330.0,816,68,1376580.0,150668.0,147632.0,1382680.0,1515.52,4423.68,1525.76,4423.68,7.0,0,0.0,1.0,1000bs-2n-6th-187026s-DENV_1-colombia-BVBRC_genome_sequence,sequana_cpu_dev,2,11370847.0,1000,1,6,187026,DENV_1-colombia-BVBRC_genome_sequence,11120.1,5552.08,16672.18,165.97,82.87,248.84,124.42,67.0, sdumont6165,1133708.24
334.0,756,63,1376702.0,148856.0,143782.0,1382772.0,1505.28,4444.16,1505.28,4444.16,13.0,0,2.0,4.0,1000bs-2n-6th-187026s-DENV_1-colombia-BVBRC_genome_sequence,sequana_cpu_dev,2,11370851.0,1000,1,6,187026,DENV_1-colombia-BVBRC_genome_sequence,10960.76,4865.19,15825.96,176.79,78.47,255.26,127.63,62.0, sdumont6167,997035.48
338.0,756,63,1376642.0,150832.0,146784.0,1382776.0,1505.28,4433.92,1505.28,4444.16,27.0,0,1.0,1.0,1000bs-2n-6th-187026s-DENV_1-colombia-BVBRC_genome_sequence,sequana_cpu_dev,2,11370852.0,1000,1,6,187026,DENV_1-colombia-BVBRC_genome_sequence,10452.15,4846.99,15299.14,168.58,78.18,246.76,123.38,62.0, sdumont6166,963845.82
333.0,780,65,1376570.0,154968.0,146716.0,1382772.0,1505.28,4423.68,1505.28,4433.92,1.0,0,0.0,1.0,1000bs-2n-6th-187026s-DENV_1-colombia-BVBRC_genome_sequence,sequana_cpu_dev,2,11370855.0,1000,1,6,187026,DENV_1-colombia-BVBRC_genome_sequence,10788.8,5475.86,16264.67,168.58,85.56,254.14,127.07,64.0, sdumont6167,1057203.55
0.0,216,9,265348.0,1032.0,1032.0,265348.0,0.0,0.0,0.0,0.0,1.0,0,0.0,0.0,100bs-2n-12th-187026s-DENV_1-colombia-BVBRC_genome_sequence,sequana_cpu_dev,2,11370856.0,100,1,12,187026,DENV_1-colombia-BVBRC_genome_sequence,1335.98,551.95,1887.93,167.0,68.99,235.99,118.0,8.0, sdumont6167,16991.37
0.0,168,7,265348.0,1032.0,1032.0,265348.0,0.0,0.0,0.0,0.0,0.0,0,0.0,0.0,100bs-2n-12th-187026s-DENV_1-colombia-BVBRC_genome_sequence,sequana_cpu_dev,2,11370857.0,100,1,12,187026,DENV_1-colombia-BVBRC_genome_sequence,863.99,375.41,1239.4,144.0,62.57,206.57,103.28,6.0, sdumont6167,8675.800000000001
0.0,288,12,265348.0,1036.0,1034.0,265348.0,0.0,0.0,0.0,0.0,1.0,0,0.0,0.0,100bs-2n-12th-187026s-DENV_1-colombia-BVBRC_genome_sequence,sequana_cpu_dev,2,11370859.0,100,1,12,187026,DENV_1-colombia-BVBRC_genome_sequence,1798.67,743.53,2542.2,179.87,74.35,254.22,127.11,10.0, sdumont6167,30506.4
0.0,216,9,265348.0,1036.0,1034.0,265348.0,0.0,0.0,0.0,0.0,1.0,0,0.0,0.0,100bs-2n-12th-187026s-DENV_1-colombia-BVBRC_genome_sequence,sequana_cpu_dev,2,11370860.0,100,1,12,187026,DENV_1-colombia-BVBRC_genome_sequence,1302.35,551.06,1853.4,186.05,78.72,264.77,132.39,7.0, sdumont6167,16680.600000000002
0.0,216,9,265348.0,1032.0,1032.0,265348.0,0.0,0.0,0.0,0.0,1.0,0,0.0,0.0,100bs-2n-12th-187026s-DENV_1-colombia-BVBRC_genome_sequence,sequana_cpu_dev,2,11370863.0,100,1,12,187026,DENV_1-colombia-BVBRC_genome_sequence,925.29,448.26,1373.56,132.18,64.04,196.22,98.11,7.0, sdumont6166,12362.04
343.0,1344,56,1782116.0,151272.0,145192.0,1788204.0,1280.0,4311.04,1280.0,4311.04,1.0,0,5.0,6.0,1000bs-2n-12th-187026s-DENV_1-colombia-BVBRC_genome_sequence,sequana_cpu_dev,2,11370869.0,1000,1,12,187026,DENV_1-colombia-BVBRC_genome_sequence,11421.84,4555.14,15976.98,203.96,81.34,285.3,142.65,56.0, sdumont6165,894710.88
347.0,1320,55,1782042.0,155356.0,147056.0,1788172.0,1280.0,4331.52,1280.0,4341.76,347.0,0,4.0,7.0,1000bs-2n-12th-187026s-DENV_1-colombia-BVBRC_genome_sequence,sequana_cpu_dev,2,11370872.0,1000,1,12,187026,DENV_1-colombia-BVBRC_genome_sequence,10515.13,4198.98,14714.11,194.72,77.76,272.48,136.24,54.0, sdumont6165,809276.05
339.0,1392,58,1782116.0,153192.0,146920.0,1788352.0,1280.0,4341.76,1280.0,4341.76,1.0,0,59.0,112.0,1000bs-2n-12th-187026s-DENV_1-colombia-BVBRC_genome_sequence,sequana_cpu_dev,2,11370879.0,1000,1,12,187026,DENV_1-colombia-BVBRC_genome_sequence,11836.64,4485.91,16322.55,207.66,78.7,286.36,143.18,57.0, sdumont6166,946707.9
347.0,1512,63,1782056.0,149276.0,144146.0,1788200.0,1280.0,4341.76,1280.0,4341.76,1.0,0,5.0,7.0,1000bs-2n-12th-187026s-DENV_1-colombia-BVBRC_genome_sequence,sequana_cpu_dev,2,11370888.0,1000,1,12,187026,DENV_1-colombia-BVBRC_genome_sequence,11527.45,4331.0,15858.45,213.47,80.2,293.68,146.84,54.0, sdumont6166,999082.35
686.0,1776,74,1782190.0,149528.0,144302.0,1788352.0,1515.52,4403.2,1525.76,4413.44,1.0,0,4.0,6.0,1000bs-2n-12th-187026s-DENV_1-colombia-BVBRC_genome_sequence,sequana_cpu_dev,2,11370893.0,1000,1,12,187026,DENV_1-colombia-BVBRC_genome_sequence,15225.09,5568.53,20793.62,211.46,77.34,288.8,144.4,72.0, sdumont6166,1538727.88
0.0,324,9,265348.0,1032.0,1030.0,265348.0,0.0,0.0,0.0,0.0,1.0,0,0.0,0.0,100bs-2n-18th-187026s-DENV_1-colombia-BVBRC_genome_sequence,sequana_cpu_dev,2,11370898.0,100,1,18,187026,DENV_1-colombia-BVBRC_genome_sequence,1148.66,511.17,1659.82,143.58,63.9,207.48,103.74,8.0, sdumont6168,14938.38
0.0,288,8,265348.0,1036.0,1034.0,265348.0,0.0,0.0,0.0,0.0,1.0,0,0.0,0.0,100bs-2n-18th-187026s-DENV_1-colombia-BVBRC_genome_sequence,sequana_cpu_dev,2,11370900.0,100,1,18,187026,DENV_1-colombia-BVBRC_genome_sequence,1308.23,543.95,1852.18,218.04,90.66,308.7,154.35,6.0, sdumont6168,14817.44
0.0,324,9,265348.0,1032.0,1032.0,265348.0,0.0,0.0,0.0,0.0,1.0,0,0.0,0.0,100bs-2n-18th-187026s-DENV_1-colombia-BVBRC_genome_sequence,sequana_cpu_dev,2,11370903.0,100,1,18,187026,DENV_1-colombia-BVBRC_genome_sequence,1342.82,549.6,1892.42,223.8,91.6,315.4,157.7,6.0, sdumont6168,17031.78
0.0,396,11,265348.0,1032.0,1032.0,265348.0,0.0,0.0,0.0,0.0,1.0,0,0.0,0.0,100bs-2n-18th-187026s-DENV_1-colombia-BVBRC_genome_sequence,sequana_cpu_dev,2,11370912.0,100,1,18,187026,DENV_1-colombia-BVBRC_genome_sequence,1310.96,540.82,1851.78,163.87,67.6,231.47,115.74,8.0, sdumont6168,20369.58
0.0,432,12,265348.0,1036.0,1034.0,265348.0,0.0,0.0,0.0,0.0,1.0,0,0.0,0.0,100bs-2n-18th-187026s-DENV_1-colombia-BVBRC_genome_sequence,sequana_cpu_dev,2,11370914.0,100,1,18,187026,DENV_1-colombia-BVBRC_genome_sequence,1569.14,659.37,2228.51,156.91,65.94,222.85,111.43,10.0, sdumont6168,26742.120000000003
1057.0,2268,63,2187576.0,157528.0,149410.0,2193728.0,1505.28,4444.16,1505.28,4444.16,1.0,0,10.0,11.0,1000bs-2n-18th-187026s-DENV_1-colombia-BVBRC_genome_sequence,sequana_cpu_dev,2,11370915.0,1000,1,18,187026,DENV_1-colombia-BVBRC_genome_sequence,13133.95,5266.89,18400.84,215.31,86.34,301.65,150.83,61.0, sdumont6168,1159252.92
1048.0,2664,74,2187576.0,157784.0,149672.0,2193728.0,1505.28,4403.2,1505.28,4403.2,1.0,0,22.0,26.0,1000bs-2n-18th-187026s-DENV_1-colombia-BVBRC_genome_sequence,sequana_cpu_dev,2,11370918.0,1000,1,18,187026,DENV_1-colombia-BVBRC_genome_sequence,15604.55,6112.53,21717.08,216.73,84.9,301.63,150.81,72.0, sdumont6168,1607063.9200000002
1051.0,2484,69,2187634.0,151772.0,145570.0,2193844.0,1505.28,4423.68,1505.28,4423.68,1.0,0,16.0,23.0,1000bs-2n-18th-187026s-DENV_1-colombia-BVBRC_genome_sequence,sequana_cpu_dev,2,11370919.0,1000,1,18,187026,DENV_1-colombia-BVBRC_genome_sequence,14743.52,5809.34,20552.86,216.82,85.43,302.25,151.12,68.0, sdumont6168,1418147.34
1051.0,2484,69,2187642.0,149648.0,145544.0,2193864.0,1505.28,4413.44,1505.28,4423.68,1.0,0,13.0,17.0,1000bs-2n-18th-187026s-DENV_1-colombia-BVBRC_genome_sequence,sequana_cpu_dev,2,11370922.0,1000,1,18,187026,DENV_1-colombia-BVBRC_genome_sequence,15119.01,5391.11,20510.12,222.34,79.28,301.62,150.81,68.0, sdumont6166,1415198.28
1049.0,2628,73,2187674.0,149740.0,144504.0,2193892.0,1505.28,4403.2,1505.28,4403.2,1.0,0,16.0,19.0,1000bs-2n-18th-187026s-DENV_1-colombia-BVBRC_genome_sequence,sequana_cpu_dev,2,11370924.0,1000,1,18,187026,DENV_1-colombia-BVBRC_genome_sequence,16069.65,5684.97,21754.61,223.19,78.96,302.15,151.07,72.0, sdumont6166,1588086.53
0.0,432,9,265348.0,1032.0,1030.0,265348.0,0.0,0.0,0.0,0.0,1.0,0,0.0,0.0,100bs-2n-24th-187026s-DENV_1-colombia-BVBRC_genome_sequence,sequana_cpu_dev,2,11370927.0,100,1,24,187026,DENV_1-colombia-BVBRC_genome_sequence,1509.53,508.56,2018.08,215.65,72.65,288.3,144.15,7.0, sdumont6166,18162.72
0.0,480,10,265348.0,3136.0,2084.0,265348.0,0.0,0.0,0.0,0.0,1.0,0,0.0,0.0,100bs-2n-24th-187026s-DENV_1-colombia-BVBRC_genome_sequence,sequana_cpu_dev,2,11370930.0,100,1,24,187026,DENV_1-colombia-BVBRC_genome_sequence,1813.62,664.42,2478.04,201.51,73.82,275.34,137.67,9.0, sdumont6165,24780.4
0.0,480,10,265348.0,1032.0,1030.0,265348.0,0.0,0.0,0.0,0.0,1.0,0,0.0,0.0,100bs-2n-24th-187026s-DENV_1-colombia-BVBRC_genome_sequence,sequana_cpu_dev,2,11370934.0,100,1,24,187026,DENV_1-colombia-BVBRC_genome_sequence,1922.04,655.26,2577.3,213.56,72.81,286.37,143.18,9.0, sdumont6165,25773.0
0.0,768,16,265348.0,1032.0,1030.0,265348.0,0.0,0.0,0.0,0.0,26.0,0,0.0,0.0,100bs-2n-24th-187026s-DENV_1-colombia-BVBRC_genome_sequence,sequana_cpu_dev,2,11370938.0,100,1,24,187026,DENV_1-colombia-BVBRC_genome_sequence,3714.91,1278.44,4993.35,247.66,85.23,332.89,166.44,15.0, sdumont6167,79893.6
0.0,480,10,265348.0,1032.0,1032.0,265348.0,0.0,0.0,0.0,0.0,1.0,0,0.0,0.0,100bs-2n-24th-187026s-DENV_1-colombia-BVBRC_genome_sequence,sequana_cpu_dev,2,11370942.0,100,1,24,187026,DENV_1-colombia-BVBRC_genome_sequence,1495.36,508.87,2004.23,186.92,63.61,250.53,125.26,8.0, sdumont6166,20042.3
1754.0,4416,92,2593132.0,157832.0,150550.0,2599292.0,1802.24,4536.32,2078.72,4710.4,0.0,0,21.0,23.0,1000bs-2n-24th-187026s-DENV_1-colombia-BVBRC_genome_sequence,sequana_cpu_dev,2,11370950.0,1000,1,24,187026,DENV_1-colombia-BVBRC_genome_sequence,21920.63,7083.74,29004.37,243.56,78.71,322.27,161.14,90.0, sdumont6166,2668402.04
2103.0,4560,95,2593116.0,153852.0,147498.0,2599264.0,1751.04,4444.16,1751.04,4444.16,1.0,0,24.0,30.0,1000bs-2n-24th-187026s-DENV_1-colombia-BVBRC_genome_sequence,sequana_cpu_dev,2,11370953.0,1000,1,24,187026,DENV_1-colombia-BVBRC_genome_sequence,22497.14,7374.84,29871.97,239.33,78.46,317.79,158.89,94.0, sdumont6165,2837837.15
1401.0,3936,82,2593132.0,153824.0,151662.0,2599264.0,1505.28,4372.48,1505.28,4372.48,1.0,0,11.0,12.0,1000bs-2n-24th-187026s-DENV_1-colombia-BVBRC_genome_sequence,sequana_cpu_dev,2,11370954.0,1000,1,24,187026,DENV_1-colombia-BVBRC_genome_sequence,18908.6,6303.7,25212.29,233.44,77.82,311.26,155.63,81.0, sdumont6165,2067407.78
1412.0,3264,68,2593116.0,153828.0,147708.0,2599264.0,1505.28,4423.68,1505.28,4423.68,5.0,0,17.0,26.0,1000bs-2n-24th-187026s-DENV_1-colombia-BVBRC_genome_sequence,sequana_cpu_dev,2,11370957.0,1000,1,24,187026,DENV_1-colombia-BVBRC_genome_sequence,15262.49,5191.77,20454.27,229.53,78.11,307.64,153.82,66.5, sdumont6165,1390890.36
1398.0,4272,89,2593116.0,159752.0,153756.0,2599264.0,1525.76,4362.24,1525.76,4372.48,1.0,0,21.0,23.0,1000bs-2n-24th-187026s-DENV_1-colombia-BVBRC_genome_sequence,sequana_cpu_dev,2,11370960.0,1000,1,24,187026,DENV_1-colombia-BVBRC_genome_sequence,20807.37,6872.88,27680.25,236.45,78.1,314.55,157.27,88.0, sdumont6165,2463542.25
0.0,660,11,265348.0,3144.0,2090.0,265348.0,0.0,0.0,0.0,0.0,1.0,0,0.0,0.0,100bs-2n-30th-187026s-DENV_1-colombia-BVBRC_genome_sequence,sequana_cpu_dev,2,11370966.0,100,1,30,187026,DENV_1-colombia-BVBRC_genome_sequence,1879.75,1324.72,3204.47,187.97,132.47,320.45,160.22,10.0, sdumont6165,35249.17
0.0,720,12,265348.0,3168.0,3158.0,265348.0,0.0,0.0,0.0,0.0,181.0,0,0.0,0.0,100bs-2n-30th-187026s-DENV_1-colombia-BVBRC_genome_sequence,sequana_cpu_dev,2,11370971.0,100,1,30,187026,DENV_1-colombia-BVBRC_genome_sequence,2364.36,1660.82,4025.18,214.94,150.98,365.93,182.96,11.0, sdumont6165,48302.16
0.0,660,11,265348.0,3092.0,3092.0,265348.0,0.0,0.0,0.0,0.0,1.0,0,0.0,0.0,100bs-2n-30th-187026s-DENV_1-colombia-BVBRC_genome_sequence,sequana_cpu_dev,2,11370976.0,100,1,30,187026,DENV_1-colombia-BVBRC_genome_sequence,1905.98,1353.14,3259.12,190.6,135.31,325.91,162.96,10.0, sdumont6165,35850.32
0.0,660,11,265348.0,3120.0,2078.0,265348.0,0.0,0.0,0.0,0.0,1.0,0,0.0,0.0,100bs-2n-30th-187026s-DENV_1-colombia-BVBRC_genome_sequence,sequana_cpu_dev,2,11370978.0,100,1,30,187026,DENV_1-colombia-BVBRC_genome_sequence,1909.94,1336.22,3246.16,190.99,133.62,324.62,162.31,10.0, sdumont6165,35707.759999999995
0.0,780,13,265348.0,3152.0,2090.0,265348.0,0.0,0.0,0.0,0.0,1.0,0,0.0,0.0,100bs-2n-30th-187026s-DENV_1-colombia-BVBRC_genome_sequence,sequana_cpu_dev,2,11370983.0,100,1,30,187026,DENV_1-colombia-BVBRC_genome_sequence,2439.81,1683.68,4123.48,212.51,146.76,359.27,179.64,11.5, sdumont6165,53605.23999999999
2479.0,6660,111,3112874.0,161332.0,152358.0,3233048.0,1730.56,4413.44,1730.56,4413.44,1.0,0,27.0,35.0,1000bs-2n-30th-187026s-DENV_1-colombia-BVBRC_genome_sequence,sequana_cpu_dev,2,11370987.0,1000,1,30,187026,DENV_1-colombia-BVBRC_genome_sequence,25189.5,16757.38,41946.88,233.24,155.16,388.4,194.2,108.0, sdumont6166,4656103.68
2643.0,6600,110,3115582.0,161428.0,152200.0,3233080.0,1730.56,4403.2,1730.56,4403.2,1.0,0,14.0,15.0,1000bs-2n-30th-187026s-DENV_1-colombia-BVBRC_genome_sequence,sequana_cpu_dev,2,11370990.0,1000,1,30,187026,DENV_1-colombia-BVBRC_genome_sequence,26338.81,17439.34,43778.15,241.64,159.99,401.63,200.82,109.0, sdumont6166,4815596.5
2574.0,6480,108,3001614.0,153512.0,152942.0,3004980.0,1710.08,4413.44,1720.32,4423.68,1.0,0,74.0,137.0,1000bs-2n-30th-187026s-DENV_1-colombia-BVBRC_genome_sequence,sequana_cpu_dev,2,11370999.0,1000,1,30,187026,DENV_1-colombia-BVBRC_genome_sequence,25184.35,17433.74,42618.1,237.59,164.47,402.06,201.03,106.0, sdumont6167,4602754.8
2638.0,6660,111,2998834.0,153324.0,149370.0,3004980.0,1720.32,4403.2,1720.32,4413.44,1.0,0,17.0,21.0,1000bs-2n-30th-187026s-DENV_1-colombia-BVBRC_genome_sequence,sequana_cpu_dev,2,11371000.0,1000,1,30,187026,DENV_1-colombia-BVBRC_genome_sequence,26533.3,18359.12,44892.42,241.21,166.9,408.11,204.06,110.0, sdumont6167,4983058.62
2646.0,6240,104,2998838.0,153320.0,148262.0,3004976.0,1730.56,4413.44,1730.56,4423.68,1.0,0,15.0,17.0,1000bs-2n-30th-187026s-DENV_1-colombia-BVBRC_genome_sequence,sequana_cpu_dev,2,11371002.0,1000,1,30,187026,DENV_1-colombia-BVBRC_genome_sequence,24708.38,16311.88,41020.26,239.89,158.37,398.25,199.13,103.0, sdumont6166,4266107.04
0.0,1512,21,265348.0,3184.0,3174.0,265348.0,0.0,0.0,0.0,0.0,1.0,0,0.0,0.0,100bs-2n-36th-187026s-DENV_1-colombia-BVBRC_genome_sequence,sequana_cpu_dev,2,11371003.0,100,1,36,187026,DENV_1-colombia-BVBRC_genome_sequence,4889.45,4179.02,9068.47,244.47,208.95,453.42,226.71,20.0, sdumont6166,190437.87
0.0,1080,15,265348.0,1032.0,1030.0,265348.0,0.0,0.0,0.0,0.0,1.0,0,0.0,0.0,100bs-2n-36th-187026s-DENV_1-colombia-BVBRC_genome_sequence,sequana_cpu_dev,2,11371005.0,100,1,36,187026,DENV_1-colombia-BVBRC_genome_sequence,2856.78,2485.71,5342.49,219.75,191.21,410.96,205.48,13.0, sdumont6167,80137.34999999999
0.0,936,13,265348.0,3140.0,2084.0,265348.0,0.0,0.0,0.0,0.0,1.0,0,0.0,0.0,100bs-2n-36th-187026s-DENV_1-colombia-BVBRC_genome_sequence,sequana_cpu_dev,2,11371006.0,100,1,36,187026,DENV_1-colombia-BVBRC_genome_sequence,2420.77,2122.74,4543.51,220.07,192.98,413.05,206.52,11.0, sdumont6167,59065.630000000005
0.0,1008,14,265348.0,3164.0,3144.0,265348.0,0.0,0.0,0.0,0.0,2.0,0,0.0,0.0,100bs-2n-36th-187026s-DENV_1-colombia-BVBRC_genome_sequence,sequana_cpu_dev,2,11371009.0,100,1,36,187026,DENV_1-colombia-BVBRC_genome_sequence,2518.97,2209.31,4728.27,229.0,200.85,429.84,214.92,11.0, sdumont6167,66195.78
0.0,1008,14,265348.0,3196.0,2114.0,265348.0,0.0,0.0,0.0,0.0,1.0,0,0.0,0.0,100bs-2n-36th-187026s-DENV_1-colombia-BVBRC_genome_sequence,sequana_cpu_dev,2,11371013.0,100,1,36,187026,DENV_1-colombia-BVBRC_genome_sequence,2544.76,2158.7,4703.45,204.34,173.1,377.44,188.72,12.5, sdumont6166,65848.3
8383.0,17784,247,3407094.0,164612.0,156234.0,3410544.0,2877.44,4444.16,2877.44,4444.16,1.0,0,15.0,17.0,1000bs-2n-36th-187026s-DENV_1-colombia-BVBRC_genome_sequence,sequana_cpu_dev,2,11371016.0,1000,1,36,187026,DENV_1-colombia-BVBRC_genome_sequence,63012.66,55745.72,118758.38,257.19,227.53,484.73,242.36,245.0, sdumont6167,29333319.86
3182.0,8280,115,3404222.0,154096.0,148882.0,3410392.0,1710.08,4403.2,1720.32,4413.44,1.0,0,27.0,28.0,1000bs-2n-36th-187026s-DENV_1-colombia-BVBRC_genome_sequence,sequana_cpu_dev,2,11371026.0,1000,1,36,187026,DENV_1-colombia-BVBRC_genome_sequence,27052.13,23538.61,50590.75,239.4,208.31,447.71,223.85,113.0, sdumont6167,5817936.25
5278.0,12240,170,3404222.0,158372.0,153044.0,3410392.0,2181.12,4423.68,2191.36,4423.68,1.0,0,25.0,35.0,1000bs-2n-36th-187026s-DENV_1-colombia-BVBRC_genome_sequence,sequana_cpu_dev,2,11371028.0,1000,1,36,187026,DENV_1-colombia-BVBRC_genome_sequence,42282.02,37189.57,79471.59,251.68,221.37,473.05,236.52,168.0, sdumont6167,13510170.3
3171.0,7560,105,3404386.0,153888.0,152102.0,3410392.0,1689.6,4423.68,1720.32,4433.92,201.0,0,75.0,124.0,1000bs-2n-36th-187026s-DENV_1-colombia-BVBRC_genome_sequence,sequana_cpu_dev,2,11371031.0,1000,1,36,187026,DENV_1-colombia-BVBRC_genome_sequence,23343.01,21036.01,44379.02,224.45,202.27,426.72,213.36,104.0, sdumont6165,4659797.1
3113.0,7848,109,3407142.0,156884.0,151262.0,3416072.0,1710.08,4403.2,1710.08,4413.44,1.0,0,103.0,173.0,1000bs-2n-36th-187026s-DENV_1-colombia-BVBRC_genome_sequence,sequana_cpu_dev,2,11371035.0,1000,1,36,187026,DENV_1-colombia-BVBRC_genome_sequence,24332.7,21846.8,46179.51,227.41,204.18,431.58,215.79,107.0, sdumont6168,5033566.59
0.0,1092,13,265348.0,3148.0,2090.0,265348.0,0.0,0.0,0.0,0.0,1.0,0,0.0,0.0,100bs-2n-42th-187026s-DENV_1-colombia-BVBRC_genome_sequence,sequana_cpu_dev,2,11371038.0,100,1,42,187026,DENV_1-colombia-BVBRC_genome_sequence,2443.45,2301.99,4745.44,222.13,209.27,431.4,215.7,11.0, sdumont6168,61690.72
0.0,1764,21,265348.0,3156.0,3136.0,265348.0,0.0,0.0,0.0,0.0,1.0,0,0.0,0.0,100bs-2n-42th-187026s-DENV_1-colombia-BVBRC_genome_sequence,sequana_cpu_dev,2,11371043.0,100,1,42,187026,DENV_1-colombia-BVBRC_genome_sequence,2491.37,2193.42,4684.78,131.12,115.44,246.57,123.28,19.0, sdumont6073,98380.38
0.0,1092,13,265348.0,3144.0,3098.0,265348.0,0.0,0.0,0.0,0.0,174.0,0,0.0,0.0,100bs-2n-42th-187026s-DENV_1-colombia-BVBRC_genome_sequence,sequana_cpu_dev,2,11371047.0,100,1,42,187026,DENV_1-colombia-BVBRC_genome_sequence,2356.27,2188.5,4544.76,196.36,182.37,378.73,189.37,12.0, sdumont6165,59081.880000000005
0.0,1344,16,265348.0,3040.0,2036.0,265348.0,0.0,0.0,0.0,0.0,1.0,0,0.0,0.0,100bs-2n-42th-187026s-DENV_1-colombia-BVBRC_genome_sequence,sequana_cpu_dev,2,11371051.0,100,1,42,187026,DENV_1-colombia-BVBRC_genome_sequence,2970.3,2704.01,5674.32,212.16,193.14,405.31,202.65,14.0, sdumont6166,90789.12
0.0,2268,27,265348.0,3096.0,3078.0,265348.0,0.0,0.0,0.0,0.0,24.0,0,0.0,0.0,100bs-2n-42th-187026s-DENV_1-colombia-BVBRC_genome_sequence,sequana_cpu_dev,2,11371054.0,100,1,42,187026,DENV_1-colombia-BVBRC_genome_sequence,5899.12,5547.54,11446.65,226.89,213.37,440.26,220.13,26.0, sdumont6165,309059.55
8630.0,17892,213,3921284.0,159832.0,154956.0,4038768.0,2641.92,4454.4,2641.92,4454.4,1.0,0,22.0,23.0,1000bs-2n-42th-187026s-DENV_1-colombia-BVBRC_genome_sequence,sequana_cpu_dev,2,11371057.0,1000,1,42,187026,DENV_1-colombia-BVBRC_genome_sequence,54591.8,49439.55,104031.35,259.96,235.43,495.39,247.69,210.0, sdumont6167,22158677.55
4953.0,11340,135,3809780.0,159708.0,154810.0,3815900.0,1955.84,4433.92,1966.08,4444.16,1.0,0,21.0,26.0,1000bs-2n-42th-187026s-DENV_1-colombia-BVBRC_genome_sequence,sequana_cpu_dev,2,11371060.0,1000,1,42,187026,DENV_1-colombia-BVBRC_genome_sequence,32502.02,29999.76,62501.77,244.38,225.56,469.94,234.97,133.0, sdumont6167,8437738.95
4959.0,11424,136,3809934.0,159708.0,153064.0,3815920.0,1925.12,4433.92,1925.12,4444.16,1.0,0,28.0,31.0,1000bs-2n-42th-187026s-DENV_1-colombia-BVBRC_genome_sequence,sequana_cpu_dev,2,11371065.0,1000,1,42,187026,DENV_1-colombia-BVBRC_genome_sequence,32561.99,28793.44,61355.43,242.15,214.11,456.26,228.13,134.5, sdumont6166,8344338.48
4937.0,10332,123,3812648.0,166020.0,154818.0,3816076.0,1925.12,4444.16,1925.12,4444.16,1.0,0,45.0,52.0,1000bs-2n-42th-187026s-DENV_1-colombia-BVBRC_genome_sequence,sequana_cpu_dev,2,11371068.0,1000,1,42,187026,DENV_1-colombia-BVBRC_genome_sequence,27552.58,25516.15,53068.73,227.71,210.88,438.58,219.29,121.0, sdumont6165,6527453.79
3716.0,9492,113,3810016.0,163840.0,154860.0,3816224.0,1710.08,4403.2,1720.32,4413.44,1.0,0,42.0,49.0,1000bs-2n-42th-187026s-DENV_1-colombia-BVBRC_genome_sequence,sequana_cpu_dev,2,11371071.0,1000,1,42,187026,DENV_1-colombia-BVBRC_genome_sequence,25119.62,23205.23,48324.84,226.34,209.05,435.39,217.7,111.0, sdumont6165,5460706.92
0.0,1728,18,265348.0,3120.0,2076.0,265348.0,0.0,0.0,0.0,0.0,1.0,0,0.0,0.0,100bs-2n-48th-187026s-DENV_1-colombia-BVBRC_genome_sequence,sequana_cpu_dev,2,11371074.0,100,1,48,187026,DENV_1-colombia-BVBRC_genome_sequence,3591.52,3720.95,7312.46,224.47,232.56,457.03,228.51,16.0, sdumont6165,131624.28
0.0,1728,18,265348.0,1032.0,1032.0,265348.0,0.0,0.0,0.0,0.0,1.0,0,0.0,0.0,100bs-2n-48th-187026s-DENV_1-colombia-BVBRC_genome_sequence,sequana_cpu_dev,2,11371077.0,100,1,48,187026,DENV_1-colombia-BVBRC_genome_sequence,3349.53,3401.33,6750.86,209.35,212.58,421.93,210.96,16.0, sdumont6165,121515.48
0.0,1728,18,265348.0,3184.0,3148.0,265348.0,0.0,0.0,0.0,0.0,0.0,0,0.0,0.0,100bs-2n-48th-187026s-DENV_1-colombia-BVBRC_genome_sequence,sequana_cpu_dev,2,11371080.0,100,1,48,187026,DENV_1-colombia-BVBRC_genome_sequence,3863.47,3954.91,7818.39,227.26,232.64,459.91,229.95,17.0, sdumont6165,140731.02000000002
0.0,2304,24,265348.0,3144.0,3142.0,265348.0,0.0,0.0,0.0,0.0,1.0,0,0.0,0.0,100bs-2n-48th-187026s-DENV_1-colombia-BVBRC_genome_sequence,sequana_cpu_dev,2,11371082.0,100,1,48,187026,DENV_1-colombia-BVBRC_genome_sequence,5344.13,5241.06,10585.19,232.35,227.87,460.23,230.11,23.0, sdumont6166,254044.56
0.0,2784,29,265348.0,3168.0,3158.0,265348.0,0.0,0.0,0.0,0.0,1.0,0,0.0,0.0,100bs-2n-48th-187026s-DENV_1-colombia-BVBRC_genome_sequence,sequana_cpu_dev,2,11371083.0,100,1,48,187026,DENV_1-colombia-BVBRC_genome_sequence,6821.59,6754.63,13576.22,252.65,250.17,502.82,251.41,27.0, sdumont6166,393710.38
7052.0,15264,159,4329454.0,160084.0,153888.0,4437416.0,2191.36,4444.16,2201.6,4454.4,1.0,0,45.0,57.0,1000bs-2n-48th-187026s-DENV_1-colombia-BVBRC_genome_sequence,sequana_cpu_dev,2,11371086.0,1000,1,48,187026,DENV_1-colombia-BVBRC_genome_sequence,38901.38,39350.86,78252.24,246.96,249.87,496.83,248.41,157.5, sdumont6167,12442106.16
7071.0,16320,170,4215338.0,158116.0,154862.0,4221476.0,2181.12,4433.92,2222.08,4433.92,1.0,0,29.0,31.0,1000bs-2n-48th-187026s-DENV_1-colombia-BVBRC_genome_sequence,sequana_cpu_dev,2,11371089.0,1000,1,48,187026,DENV_1-colombia-BVBRC_genome_sequence,41852.19,42683.08,84535.27,249.82,254.82,504.64,252.32,167.5, sdumont6167,14370995.9
8478.0,20160,210,4215396.0,158164.0,153898.0,4221640.0,2447.36,4413.44,2457.6,4423.68,1.0,0,35.0,42.0,1000bs-2n-48th-187026s-DENV_1-colombia-BVBRC_genome_sequence,sequana_cpu_dev,2,11371095.0,1000,1,48,187026,DENV_1-colombia-BVBRC_genome_sequence,52704.79,53469.02,106173.81,255.2,258.94,514.13,257.07,206.5, sdumont6167,22296500.1
5663.0,14112,147,4215486.0,160640.0,155336.0,4221640.0,1966.08,4413.44,1976.32,4423.68,1.0,0,22.0,27.0,1000bs-2n-48th-187026s-DENV_1-colombia-BVBRC_genome_sequence,sequana_cpu_dev,2,11371098.0,1000,1,48,187026,DENV_1-colombia-BVBRC_genome_sequence,35766.97,36028.8,71795.77,246.67,248.47,495.14,247.57,145.0, sdumont6167,10553978.19
6749.0,16416,171,4215406.0,157812.0,151786.0,4221612.0,2201.6,4433.92,2201.6,4444.16,1.0,0,127.0,231.0,1000bs-2n-48th-187026s-DENV_1-colombia-BVBRC_genome_sequence,sequana_cpu_dev,2,11371101.0,1000,1,48,187026,DENV_1-colombia-BVBRC_genome_sequence,40677.36,39943.12,80620.48,240.02,235.67,475.69,237.84,169.5, sdumont6166,13786102.08
0.0,108,18,265348.0,3184.0,3170.666015625,265348.0,0.0,0.0,0.0,0.0,1.0,0,0.0,0.0,100bs-3n-2th-187026s-DENV_1-colombia-BVBRC_genome_sequence,sequana_cpu_dev,3,11371104.0,100,1,2,187026,DENV_1-colombia-BVBRC_genome_sequence,2685.58,2010.6,4696.18,157.98,118.27,276.25,92.08,17.0, sdumont6166,84531.24
0.0,42,7,265348.0,3188.0,3161.3330078125,265348.0,0.0,0.0,0.0,0.0,1.0,0,0.0,0.0,100bs-3n-2th-187026s-DENV_1-colombia-BVBRC_genome_sequence,sequana_cpu_dev,3,11371107.0,100,1,2,187026,DENV_1-colombia-BVBRC_genome_sequence,760.34,528.48,1288.83,126.72,88.08,214.8,71.6,6.0, sdumont6166,9021.81
0.0,54,9,265348.0,3248.0,3193.3330078125,265348.0,0.0,0.0,0.0,0.0,1.0,0,0.0,0.0,100bs-3n-2th-187026s-DENV_1-colombia-BVBRC_genome_sequence,sequana_cpu_dev,3,11371110.0,100,1,2,187026,DENV_1-colombia-BVBRC_genome_sequence,1060.0,759.76,1819.76,151.43,108.54,259.97,86.66,7.0, sdumont6166,16377.84
0.0,48,8,265348.0,3136.0,3104.0,265348.0,0.0,0.0,0.0,0.0,1.0,0,0.0,0.0,100bs-3n-2th-187026s-DENV_1-colombia-BVBRC_genome_sequence,sequana_cpu_dev,3,11371112.0,100,1,2,187026,DENV_1-colombia-BVBRC_genome_sequence,1107.77,798.13,1905.9,158.25,114.02,272.27,90.76,7.0, sdumont6167,15247.2
0.0,48,8,265348.0,3128.0,3084.0,265348.0,0.0,0.0,0.0,0.0,1.0,0,0.0,0.0,100bs-3n-2th-187026s-DENV_1-colombia-BVBRC_genome_sequence,sequana_cpu_dev,3,11371114.0,100,1,2,187026,DENV_1-colombia-BVBRC_genome_sequence,1036.61,734.05,1770.66,148.09,104.86,252.95,84.32,7.0, sdumont6167,14165.28
52.0,300,50,1112642.666015625,148988.0,148694.666015625,1112804.0,1280.0,4300.8,1290.24,4300.8,1.0,0,0.0,0.0,1000bs-3n-2th-187026s-DENV_1-colombia-BVBRC_genome_sequence,sequana_cpu_dev,3,11371116.0,1000,1,2,187026,DENV_1-colombia-BVBRC_genome_sequence,8875.68,6000.15,14875.83,184.91,125.0,309.91,103.3,48.0, sdumont6167,743791.5
95.0,402,67,1112682.666015625,150780.0,149410.666015625,1112952.0,1525.76,4352.0,1525.76,4352.0,2.0,0,0.0,0.0,1000bs-3n-2th-187026s-DENV_1-colombia-BVBRC_genome_sequence,sequana_cpu_dev,3,11371119.0,1000,1,2,187026,DENV_1-colombia-BVBRC_genome_sequence,11264.01,7907.19,19171.2,170.67,119.81,290.47,96.82,66.0, sdumont6166,1284470.4
126.0,570,95,1112736.0,152932.0,150096.0,1112952.0,1761.28,4362.24,1771.52,4362.24,1.0,0,0.0,0.0,1000bs-3n-2th-187026s-DENV_1-colombia-BVBRC_genome_sequence,sequana_cpu_dev,3,11371121.0,1000,1,2,187026,DENV_1-colombia-BVBRC_genome_sequence,15772.1,11394.45,27166.55,167.79,121.22,289.01,96.34,94.0, sdumont6166,2580822.25
45.0,366,61,1112632.0,148596.0,148554.666015625,1112804.0,1280.0,4270.08,1290.24,4270.08,1.0,0,0.0,0.0,1000bs-3n-2th-187026s-DENV_1-colombia-BVBRC_genome_sequence,sequana_cpu_dev,3,11371125.0,1000,1,2,187026,DENV_1-colombia-BVBRC_genome_sequence,10352.68,7187.57,17540.25,172.54,119.79,292.34,97.45,60.0, sdumont6166,1069955.25
98.0,378,63,1112681.3330078125,154964.0,150672.0,1112952.0,1505.28,4362.24,1515.52,4362.24,1.0,0,0.0,0.0,1000bs-3n-2th-187026s-DENV_1-colombia-BVBRC_genome_sequence,sequana_cpu_dev,3,11371128.0,1000,1,2,187026,DENV_1-colombia-BVBRC_genome_sequence,10772.77,7471.62,18244.39,173.75,120.51,294.26,98.09,62.0, sdumont6166,1149396.57
0.0,90,5,265348.0,3160.0,3096.0,265348.0,0.0,0.0,0.0,0.0,1.0,0,0.0,0.0,100bs-3n-6th-187026s-DENV_1-colombia-BVBRC_genome_sequence,sequana_cpu_dev,3,11371129.0,100,1,6,187026,DENV_1-colombia-BVBRC_genome_sequence,494.93,261.05,755.98,123.73,65.26,188.99,63.0,4.0, sdumont6166,3779.9
0.0,162,9,265348.0,3148.0,3118.666015625,265348.0,0.0,0.0,0.0,0.0,1.0,0,0.0,0.0,100bs-3n-6th-187026s-DENV_1-colombia-BVBRC_genome_sequence,sequana_cpu_dev,3,11371131.0,100,1,6,187026,DENV_1-colombia-BVBRC_genome_sequence,1437.12,751.65,2188.77,205.3,107.38,312.68,104.23,7.0, sdumont6166,19698.93
0.0,108,6,265348.0,3128.0,3100.0,265348.0,0.0,0.0,0.0,0.0,1.0,0,0.0,0.0,100bs-3n-6th-187026s-DENV_1-colombia-BVBRC_genome_sequence,sequana_cpu_dev,3,11371135.0,100,1,6,187026,DENV_1-colombia-BVBRC_genome_sequence,1034.64,519.37,1554.01,206.93,103.87,310.8,103.6,5.0, sdumont6166,9324.06
0.0,198,11,265348.0,3124.0,3104.0,265348.0,0.0,0.0,0.0,0.0,1.0,0,0.0,0.0,100bs-3n-6th-187026s-DENV_1-colombia-BVBRC_genome_sequence,sequana_cpu_dev,3,11371138.0,100,1,6,187026,DENV_1-colombia-BVBRC_genome_sequence,1641.85,850.85,2492.71,196.99,101.56,298.55,99.52,8.33, sdumont6166,27419.81
0.0,504,28,265348.0,3128.0,3090.666015625,265348.0,0.0,0.0,0.0,0.0,1.0,0,0.0,0.0,100bs-3n-6th-187026s-DENV_1-colombia-BVBRC_genome_sequence,sequana_cpu_dev,3,11371140.0,100,1,6,187026,DENV_1-colombia-BVBRC_genome_sequence,5828.81,3132.9,8961.72,215.88,116.03,331.92,110.64,27.0, sdumont6166,250928.16
302.0,1116,62,1382814.666015625,155312.0,153041.3330078125,1383016.0,1525.76,4362.24,1525.76,4362.24,1.0,0,73.0,219.0,1000bs-3n-6th-187026s-DENV_1-colombia-BVBRC_genome_sequence,sequana_cpu_dev,3,11371144.0,1000,1,6,187026,DENV_1-colombia-BVBRC_genome_sequence,14447.59,7622.71,22070.31,236.85,124.96,361.81,120.6,61.0, sdumont6167,1368359.22
150.0,1008,56,1382897.3330078125,150888.0,149630.666015625,1382948.0,1280.0,4300.8,1290.24,4300.8,24.0,0,79.0,235.0,1000bs-3n-6th-187026s-DENV_1-colombia-BVBRC_genome_sequence,sequana_cpu_dev,3,11371147.0,1000,1,6,187026,DENV_1-colombia-BVBRC_genome_sequence,12370.21,6584.06,18954.28,233.4,124.23,357.63,119.21,53.0, sdumont6168,1061439.68
161.0,972,54,1382820.0,151020.0,149564.0,1382924.0,1280.0,4290.56,1290.24,4290.56,27.0,0,1.0,3.0,1000bs-3n-6th-187026s-DENV_1-colombia-BVBRC_genome_sequence,sequana_cpu_dev,3,11371150.0,1000,1,6,187026,DENV_1-colombia-BVBRC_genome_sequence,12410.5,6500.43,18910.92,234.16,122.65,356.81,118.94,53.0, sdumont6168,1021189.68
313.0,1152,64,1382813.3330078125,153100.0,151633.3330078125,1382908.0,1525.76,4352.0,1525.76,4362.24,159.0,0,42.0,123.0,1000bs-3n-6th-187026s-DENV_1-colombia-BVBRC_genome_sequence,sequana_cpu_dev,3,11371154.0,1000,1,6,187026,DENV_1-colombia-BVBRC_genome_sequence,14360.09,7555.78,21915.87,227.94,119.93,347.87,115.96,63.0, sdumont6165,1402615.68
318.0,1260,70,1382822.666015625,149076.0,148913.3330078125,1382892.0,1515.52,4352.0,1525.76,4352.0,135.0,0,4.0,11.0,1000bs-3n-6th-187026s-DENV_1-colombia-BVBRC_genome_sequence,sequana_cpu_dev,3,11371156.0,1000,1,6,187026,DENV_1-colombia-BVBRC_genome_sequence,16513.07,8285.5,24798.57,239.32,120.08,359.4,119.8,69.0, sdumont6167,1735899.9
0.0,324,9,265348.0,3124.0,1730.666015625,265348.0,0.0,0.0,0.0,0.0,326.0,0,0.0,0.0,100bs-3n-12th-187026s-DENV_1-colombia-BVBRC_genome_sequence,sequana_cpu_dev,3,11371159.0,100,1,12,187026,DENV_1-colombia-BVBRC_genome_sequence,1863.63,721.64,2585.28,232.95,90.21,323.16,107.72,8.0, sdumont6166,23267.52
0.0,468,13,265348.0,1036.0,1034.666015625,265348.0,0.0,0.0,0.0,0.0,306.0,0,0.0,0.0,100bs-3n-12th-187026s-DENV_1-colombia-BVBRC_genome_sequence,sequana_cpu_dev,3,11371165.0,100,1,12,187026,DENV_1-colombia-BVBRC_genome_sequence,2876.92,1105.62,3982.54,255.62,98.08,353.7,117.9,11.33, sdumont6167,51773.02
0.0,504,14,265348.0,3084.0,1717.3330078125,265348.0,0.0,0.0,0.0,0.0,8.0,0,0.0,0.0,100bs-3n-12th-187026s-DENV_1-colombia-BVBRC_genome_sequence,sequana_cpu_dev,3,11371168.0,100,1,12,187026,DENV_1-colombia-BVBRC_genome_sequence,2927.57,1436.85,4364.42,225.2,110.53,335.72,111.91,13.0, sdumont6165,61101.880000000005
0.0,360,10,265348.0,3060.0,1710.666015625,265348.0,0.0,0.0,0.0,0.0,1.0,0,0.0,0.0,100bs-3n-12th-187026s-DENV_1-colombia-BVBRC_genome_sequence,sequana_cpu_dev,3,11371170.0,100,1,12,187026,DENV_1-colombia-BVBRC_genome_sequence,1833.62,894.66,2728.28,203.74,99.41,303.14,101.05,9.0, sdumont6165,27282.800000000003
0.0,396,11,265348.0,1036.0,1036.0,265348.0,0.0,0.0,0.0,0.0,1.0,0,0.0,0.0,100bs-3n-12th-187026s-DENV_1-colombia-BVBRC_genome_sequence,sequana_cpu_dev,3,11371173.0,100,1,12,187026,DENV_1-colombia-BVBRC_genome_sequence,2625.77,1048.5,3674.26,291.75,116.5,408.25,136.08,9.0, sdumont6167,40416.86
1007.0,3636,101,1788332.0,155568.0,153337.3330078125,1788456.0,1771.52,4362.24,1771.52,4362.24,1.0,0,3.0,5.0,1000bs-3n-12th-187026s-DENV_1-colombia-BVBRC_genome_sequence,sequana_cpu_dev,3,11371175.0,1000,1,12,187026,DENV_1-colombia-BVBRC_genome_sequence,33077.12,12636.94,45714.06,330.77,126.37,457.14,152.38,100.0, sdumont6167,4617120.06
988.0,4068,113,1788273.3330078125,157376.0,155289.3330078125,1788412.0,1771.52,4331.52,1771.52,4331.52,18.0,0,4.0,5.0,1000bs-3n-12th-187026s-DENV_1-colombia-BVBRC_genome_sequence,sequana_cpu_dev,3,11371178.0,1000,1,12,187026,DENV_1-colombia-BVBRC_genome_sequence,35137.36,13803.12,48940.49,313.73,123.24,436.97,145.66,112.0, sdumont6168,5530275.37
285.0,1944,54,1788320.0,153400.0,150668.0,1788420.0,1280.0,4290.56,1290.24,4290.56,1.0,0,40.0,106.0,1000bs-3n-12th-187026s-DENV_1-colombia-BVBRC_genome_sequence,sequana_cpu_dev,3,11371181.0,1000,1,12,187026,DENV_1-colombia-BVBRC_genome_sequence,15100.67,6285.51,21386.17,290.4,120.88,411.27,137.09,52.0, sdumont6166,1154853.18
340.0,1656,46,1788329.3330078125,151360.0,149946.666015625,1788448.0,1280.0,4311.04,1290.24,4311.04,1.0,0,7.0,11.0,1000bs-3n-12th-187026s-DENV_1-colombia-BVBRC_genome_sequence,sequana_cpu_dev,3,11371183.0,1000,1,12,187026,DENV_1-colombia-BVBRC_genome_sequence,13438.67,5363.02,18801.69,298.64,119.18,417.82,139.27,45.0, sdumont6166,864877.74
333.0,2088,58,1788269.3330078125,149552.0,149286.666015625,1788448.0,1280.0,4280.32,1290.24,4280.32,1.0,0,5.0,6.0,1000bs-3n-12th-187026s-DENV_1-colombia-BVBRC_genome_sequence,sequana_cpu_dev,3,11371185.0,1000,1,12,187026,DENV_1-colombia-BVBRC_genome_sequence,17264.78,6773.95,24038.73,302.89,118.84,421.73,140.58,57.0, sdumont6166,1394246.34
0.0,378,7,265348.0,3148.0,1738.666015625,265348.0,0.0,0.0,0.0,0.0,1.0,0,0.0,0.0,100bs-3n-18th-187026s-DENV_1-colombia-BVBRC_genome_sequence,sequana_cpu_dev,3,11371188.0,100,1,18,187026,DENV_1-colombia-BVBRC_genome_sequence,1005.05,487.52,1492.57,167.51,81.25,248.76,82.92,6.0, sdumont6165,10447.99
0.0,594,11,265348.0,1032.0,1032.0,265348.0,0.0,0.0,0.0,0.0,1.0,0,0.0,0.0,100bs-3n-18th-187026s-DENV_1-colombia-BVBRC_genome_sequence,sequana_cpu_dev,3,11371189.0,100,1,18,187026,DENV_1-colombia-BVBRC_genome_sequence,2704.35,1028.92,3733.26,300.48,114.32,414.81,138.27,9.0, sdumont6165,41065.86
0.0,378,7,265348.0,1036.0,1034.666015625,265348.0,0.0,0.0,0.0,0.0,1.0,0,0.0,0.0,100bs-3n-18th-187026s-DENV_1-colombia-BVBRC_genome_sequence,sequana_cpu_dev,3,11371192.0,100,1,18,187026,DENV_1-colombia-BVBRC_genome_sequence,1329.5,522.48,1851.98,221.58,87.08,308.66,102.89,6.0, sdumont6166,12963.86
0.0,486,9,265348.0,1040.0,1037.3330078125,265348.0,0.0,0.0,0.0,0.0,1.0,0,0.0,0.0,100bs-3n-18th-187026s-DENV_1-colombia-BVBRC_genome_sequence,sequana_cpu_dev,3,11371194.0,100,1,18,187026,DENV_1-colombia-BVBRC_genome_sequence,2031.25,758.95,2790.2,253.91,94.87,348.77,116.26,8.0, sdumont6166,25111.8
0.0,810,15,265348.0,1040.0,1037.3330078125,265348.0,0.0,0.0,0.0,0.0,1.0,0,0.0,0.0,100bs-3n-18th-187026s-DENV_1-colombia-BVBRC_genome_sequence,sequana_cpu_dev,3,11371196.0,100,1,18,187026,DENV_1-colombia-BVBRC_genome_sequence,4029.01,1450.51,5479.52,287.79,103.61,391.39,130.46,14.0, sdumont6166,82192.8
519.0,3510,65,2193893.3330078125,152224.0,151122.666015625,2194116.0,1280.0,4311.04,1290.24,4311.04,1.0,0,12.0,16.0,1000bs-3n-18th-187026s-DENV_1-colombia-BVBRC_genome_sequence,sequana_cpu_dev,3,11371200.0,1000,1,18,187026,DENV_1-colombia-BVBRC_genome_sequence,17748.41,6722.22,24470.63,334.88,126.83,461.71,153.9,53.0, sdumont6167,1590590.95
518.0,3024,56,2193806.666015625,155664.0,152325.3330078125,2193944.0,1280.0,4300.8,1290.24,4300.8,1.0,0,16.0,22.0,1000bs-3n-18th-187026s-DENV_1-colombia-BVBRC_genome_sequence,sequana_cpu_dev,3,11371203.0,1000,1,18,187026,DENV_1-colombia-BVBRC_genome_sequence,18537.3,6986.47,25523.78,343.28,129.38,472.66,157.55,54.0, sdumont6167,1429331.68
1041.0,3348,62,2193796.0,157708.0,154478.666015625,2193944.0,1515.52,4362.24,1525.76,4372.48,1.0,0,18.0,20.0,1000bs-3n-18th-187026s-DENV_1-colombia-BVBRC_genome_sequence,sequana_cpu_dev,3,11371208.0,1000,1,18,187026,DENV_1-colombia-BVBRC_genome_sequence,20752.07,7744.06,28496.13,340.2,126.95,467.15,155.72,61.0, sdumont6167,1766760.06
521.0,2808,52,2193750.666015625,153652.0,151584.0,2193820.0,1269.76,4311.04,1280.0,4311.04,1.0,0,17.0,26.0,1000bs-3n-18th-187026s-DENV_1-colombia-BVBRC_genome_sequence,sequana_cpu_dev,3,11371211.0,1000,1,18,187026,DENV_1-colombia-BVBRC_genome_sequence,16487.36,6044.31,22531.67,323.28,118.52,441.8,147.27,51.0, sdumont6165,1171646.84
1042.0,3402,63,2268062.666015625,157520.0,155724.0,2416756.0,1515.52,4362.24,1525.76,4372.48,1.0,0,15.0,18.0,1000bs-3n-18th-187026s-DENV_1-colombia-BVBRC_genome_sequence,sequana_cpu_dev,3,11371213.0,1000,1,18,187026,DENV_1-colombia-BVBRC_genome_sequence,20547.84,7300.78,27848.61,334.88,119.0,453.88,151.29,61.33, sdumont6165,1754462.43
0.0,648,9,265348.0,1036.0,1034.666015625,265348.0,0.0,0.0,0.0,0.0,1.0,0,0.0,0.0,100bs-3n-24th-187026s-DENV_1-colombia-BVBRC_genome_sequence,sequana_cpu_dev,3,11371215.0,100,1,24,187026,DENV_1-colombia-BVBRC_genome_sequence,2228.04,753.8,2981.84,278.51,94.22,372.73,124.24,8.0, sdumont6165,26836.56
0.0,720,10,265348.0,1040.0,1037.3330078125,265348.0,0.0,0.0,0.0,0.0,1.0,0,0.0,0.0,100bs-3n-24th-187026s-DENV_1-colombia-BVBRC_genome_sequence,sequana_cpu_dev,3,11371220.0,100,1,24,187026,DENV_1-colombia-BVBRC_genome_sequence,2707.5,905.64,3613.14,310.87,103.75,414.62,138.21,8.67, sdumont6165,36131.4
0.0,792,11,265348.0,1040.0,1038.666015625,265348.0,0.0,0.0,0.0,0.0,1.0,0,0.0,0.0,100bs-3n-24th-187026s-DENV_1-colombia-BVBRC_genome_sequence,sequana_cpu_dev,3,11371222.0,100,1,24,187026,DENV_1-colombia-BVBRC_genome_sequence,2344.12,813.22,3157.33,308.49,105.99,414.48,138.16,7.67, sdumont6165,34730.63
0.0,1008,14,265348.0,3096.0,1722.666015625,265348.0,0.0,0.0,0.0,0.0,1.0,0,0.0,0.0,100bs-3n-24th-187026s-DENV_1-colombia-BVBRC_genome_sequence,sequana_cpu_dev,3,11371224.0,100,1,24,187026,DENV_1-colombia-BVBRC_genome_sequence,3794.19,1228.4,5022.59,344.93,111.67,456.6,152.2,11.0, sdumont6165,70316.26000000001
0.0,504,7,265348.0,1032.0,1032.0,265348.0,0.0,0.0,0.0,0.0,1.0,0,0.0,0.0,100bs-3n-24th-187026s-DENV_1-colombia-BVBRC_genome_sequence,sequana_cpu_dev,3,11371227.0,100,1,24,187026,DENV_1-colombia-BVBRC_genome_sequence,1438.59,517.78,1956.37,239.77,86.3,326.06,108.69,6.0, sdumont6166,13694.59
2309.0,8712,121,2599393.3330078125,161888.0,157012.0,2599492.0,1863.68,4341.76,2058.24,4372.48,1.0,0,14.0,20.0,1000bs-3n-24th-187026s-DENV_1-colombia-BVBRC_genome_sequence,sequana_cpu_dev,3,11371230.0,1000,1,24,187026,DENV_1-colombia-BVBRC_genome_sequence,45889.26,14686.84,60576.1,382.41,122.39,504.8,168.27,120.0, sdumont6166,7329708.1
1400.0,4464,62,2601193.3330078125,159916.0,158288.0,2604824.0,1515.52,4362.24,1525.76,4372.48,1.0,0,26.0,30.0,1000bs-3n-24th-187026s-DENV_1-colombia-BVBRC_genome_sequence,sequana_cpu_dev,3,11371238.0,1000,1,24,187026,DENV_1-colombia-BVBRC_genome_sequence,22304.5,7419.97,29724.48,365.65,121.64,487.29,162.43,61.0, sdumont6165,1842917.76
1386.0,5616,78,2599348.0,153764.0,153037.3330078125,2599504.0,1515.52,4321.28,1525.76,4321.28,1.0,0,17.0,26.0,1000bs-3n-24th-187026s-DENV_1-colombia-BVBRC_genome_sequence,sequana_cpu_dev,3,11371243.0,1000,1,24,187026,DENV_1-colombia-BVBRC_genome_sequence,28632.21,9429.66,38061.87,371.85,122.46,494.31,164.77,77.0, sdumont6166,2968825.8600000003
1388.0,5544,77,2599362.666015625,155768.0,153794.666015625,2599424.0,1525.76,4341.76,1525.76,4352.0,1.0,0,22.0,26.0,1000bs-3n-24th-187026s-DENV_1-colombia-BVBRC_genome_sequence,sequana_cpu_dev,3,11371245.0,1000,1,24,187026,DENV_1-colombia-BVBRC_genome_sequence,28161.15,9292.29,37453.43,370.54,122.27,492.81,164.27,76.0, sdumont6166,2883914.11
2066.0,7344,102,2599446.666015625,156192.0,155954.666015625,2599652.0,1761.28,4352.0,1771.52,4352.0,1.0,0,12.0,14.0,1000bs-3n-24th-187026s-DENV_1-colombia-BVBRC_genome_sequence,sequana_cpu_dev,3,11371247.0,1000,1,24,187026,DENV_1-colombia-BVBRC_genome_sequence,37475.47,12166.14,49641.61,374.75,121.66,496.42,165.47,100.0, sdumont6166,5063444.22
0.0,1350,15,265348.0,3124.0,3078.666015625,265348.0,0.0,0.0,0.0,0.0,1.0,0,0.0,0.0,100bs-3n-30th-187026s-DENV_1-colombia-BVBRC_genome_sequence,sequana_cpu_dev,3,11371248.0,100,1,30,187026,DENV_1-colombia-BVBRC_genome_sequence,4769.72,3130.06,7899.79,366.9,240.77,607.68,202.56,13.0, sdumont6166,118496.85
0.0,1080,12,265348.0,3124.0,2405.3330078125,265348.0,0.0,0.0,0.0,0.0,1.0,0,0.0,0.0,100bs-3n-30th-187026s-DENV_1-colombia-BVBRC_genome_sequence,sequana_cpu_dev,3,11371250.0,100,1,30,187026,DENV_1-colombia-BVBRC_genome_sequence,2942.49,1957.91,4900.4,294.25,195.79,490.04,163.35,10.0, sdumont6165,58804.8
0.0,2790,31,265348.0,3152.0,3109.3330078125,265348.0,0.0,0.0,0.0,0.0,1.0,0,0.0,0.0,100bs-3n-30th-187026s-DENV_1-colombia-BVBRC_genome_sequence,sequana_cpu_dev,3,11371252.0,100,1,30,187026,DENV_1-colombia-BVBRC_genome_sequence,10853.58,6943.27,17796.85,361.79,231.44,593.23,197.74,30.0, sdumont6166,551702.35
0.0,1260,14,265348.0,3152.0,3118.666015625,265348.0,0.0,0.0,0.0,0.0,1.0,0,0.0,0.0,100bs-3n-30th-187026s-DENV_1-colombia-BVBRC_genome_sequence,sequana_cpu_dev,3,11371254.0,100,1,30,187026,DENV_1-colombia-BVBRC_genome_sequence,3447.96,2495.36,5943.31,265.23,191.95,457.18,152.39,13.0, sdumont6167,83206.34000000001
0.0,1080,12,265348.0,3132.0,2432.0,265348.0,0.0,0.0,0.0,0.0,1.0,0,0.0,0.0,100bs-3n-30th-187026s-DENV_1-colombia-BVBRC_genome_sequence,sequana_cpu_dev,3,11371255.0,100,1,30,187026,DENV_1-colombia-BVBRC_genome_sequence,3043.13,2068.13,5111.26,276.65,188.01,464.66,154.89,11.0, sdumont6167,61335.12
1744.0,7110,79,3004914.666015625,156936.0,155246.666015625,3005068.0,1484.8,4331.52,1495.04,4331.52,1.0,0,15.0,20.0,1000bs-3n-30th-187026s-DENV_1-colombia-BVBRC_genome_sequence,sequana_cpu_dev,3,11371257.0,1000,1,30,187026,DENV_1-colombia-BVBRC_genome_sequence,27704.07,18848.12,46552.19,355.18,241.64,596.82,198.94,78.0, sdumont6167,3677623.01
1745.0,7560,84,3004953.3330078125,153364.0,153198.666015625,3005068.0,1495.04,4321.28,1515.52,4331.52,1.0,0,24.0,42.0,1000bs-3n-30th-187026s-DENV_1-colombia-BVBRC_genome_sequence,sequana_cpu_dev,3,11371258.0,1000,1,30,187026,DENV_1-colombia-BVBRC_genome_sequence,30231.96,20450.08,50682.03,364.24,246.39,610.63,203.54,83.0, sdumont6167,4257290.52
1563.0,6480,72,3005100.0,157436.0,154669.3330078125,3005360.0,1495.04,4341.76,1495.04,4352.0,1.0,0,97.0,259.0,1000bs-3n-30th-187026s-DENV_1-colombia-BVBRC_genome_sequence,sequana_cpu_dev,3,11371261.0,1000,1,30,187026,DENV_1-colombia-BVBRC_genome_sequence,23046.24,16246.43,39292.66,324.59,228.82,553.42,184.47,71.0, sdumont6166,2829071.5200000005
1756.0,7200,80,3005013.3330078125,155344.0,154096.0,3005248.0,1495.04,4341.76,1495.04,4352.0,1.0,0,19.0,31.0,1000bs-3n-30th-187026s-DENV_1-colombia-BVBRC_genome_sequence,sequana_cpu_dev,3,11371263.0,1000,1,30,187026,DENV_1-colombia-BVBRC_genome_sequence,28453.07,19237.41,47690.48,360.17,243.51,603.68,201.23,79.0, sdumont6166,3815238.4
1686.0,7380,82,3005002.666015625,153472.0,153320.0,3005068.0,1484.8,4331.52,1495.04,4331.52,1.0,0,21.0,27.0,1000bs-3n-30th-187026s-DENV_1-colombia-BVBRC_genome_sequence,sequana_cpu_dev,3,11371265.0,1000,1,30,187026,DENV_1-colombia-BVBRC_genome_sequence,28000.47,19137.29,47137.76,345.68,236.26,581.95,193.98,81.0, sdumont6166,3865296.32
0.0,1188,11,265348.0,3140.0,3126.666015625,265348.0,0.0,0.0,0.0,0.0,1.0,0,0.0,0.0,100bs-3n-36th-187026s-DENV_1-colombia-BVBRC_genome_sequence,sequana_cpu_dev,3,11371267.0,100,1,36,187026,DENV_1-colombia-BVBRC_genome_sequence,2964.66,2588.39,5553.04,296.47,258.84,555.3,185.1,10.0, sdumont6166,61083.44
0.0,1188,11,265348.0,3124.0,3105.3330078125,265348.0,0.0,0.0,0.0,0.0,1.0,0,0.0,0.0,100bs-3n-36th-187026s-DENV_1-colombia-BVBRC_genome_sequence,sequana_cpu_dev,3,11371269.0,100,1,36,187026,DENV_1-colombia-BVBRC_genome_sequence,3016.79,2602.33,5619.12,301.68,260.23,561.91,187.3,10.0, sdumont6165,61810.32
0.0,1188,11,265348.0,3128.0,3086.666015625,265348.0,0.0,0.0,0.0,0.0,1.0,0,0.0,0.0,100bs-3n-36th-187026s-DENV_1-colombia-BVBRC_genome_sequence,sequana_cpu_dev,3,11371270.0,100,1,36,187026,DENV_1-colombia-BVBRC_genome_sequence,2975.08,2564.6,5539.68,297.51,256.46,553.97,184.66,10.0, sdumont6165,60936.48
0.0,1404,13,265348.0,3152.0,3110.666015625,265348.0,0.0,0.0,0.0,0.0,1.0,0,0.0,0.0,100bs-3n-36th-187026s-DENV_1-colombia-BVBRC_genome_sequence,sequana_cpu_dev,3,11371273.0,100,1,36,187026,DENV_1-colombia-BVBRC_genome_sequence,3506.99,2984.94,6491.94,327.49,279.12,606.61,202.2,10.67, sdumont6165,84395.22
0.0,2592,24,265348.0,3148.0,3112.0,265348.0,0.0,0.0,0.0,0.0,1.0,0,0.0,0.0,100bs-3n-36th-187026s-DENV_1-colombia-BVBRC_genome_sequence,sequana_cpu_dev,3,11371274.0,100,1,36,187026,DENV_1-colombia-BVBRC_genome_sequence,7846.34,6778.17,14624.51,341.15,294.7,635.85,211.95,23.0, sdumont6165,350988.24
3151.0,12852,119,3560941.3330078125,155500.0,155469.3330078125,3633576.0,1740.8,4321.28,1740.8,4321.28,4.0,0,26.0,38.0,1000bs-3n-36th-187026s-DENV_1-colombia-BVBRC_genome_sequence,sequana_cpu_dev,3,11371276.0,1000,1,36,187026,DENV_1-colombia-BVBRC_genome_sequence,42993.14,36969.49,79962.63,368.6,316.91,685.51,228.5,116.67, sdumont6165,9515552.97
3161.0,10908,101,3410554.666015625,164016.0,160212.0,3410760.0,1720.32,4362.24,1730.56,4372.48,1.0,0,23.0,30.0,1000bs-3n-36th-187026s-DENV_1-colombia-BVBRC_genome_sequence,sequana_cpu_dev,3,11371278.0,1000,1,36,187026,DENV_1-colombia-BVBRC_genome_sequence,35994.99,30624.72,66619.71,364.78,310.36,675.14,225.05,98.67, sdumont6165,6728590.710000001
3171.0,10152,94,3410554.666015625,160316.0,156805.3330078125,3410788.0,1720.32,4362.24,1740.8,4372.48,1.0,0,28.0,34.0,1000bs-3n-36th-187026s-DENV_1-colombia-BVBRC_genome_sequence,sequana_cpu_dev,3,11371279.0,1000,1,36,187026,DENV_1-colombia-BVBRC_genome_sequence,33495.34,28527.78,62023.12,360.16,306.75,666.92,222.31,93.0, sdumont6165,5830173.28
2115.0,8100,75,3410505.3330078125,156280.0,154580.0,3410788.0,1495.04,4341.76,1495.04,4352.0,1.0,0,18.0,24.0,1000bs-3n-36th-187026s-DENV_1-colombia-BVBRC_genome_sequence,sequana_cpu_dev,3,11371281.0,1000,1,36,187026,DENV_1-colombia-BVBRC_genome_sequence,25521.69,21702.92,47224.61,344.89,293.28,638.17,212.72,74.0, sdumont6165,3541845.75
5254.0,17172,159,3414232.0,166164.0,161420.0,3416100.0,2201.6,4362.24,2201.6,4362.24,1.0,0,23.0,27.0,1000bs-3n-36th-187026s-DENV_1-colombia-BVBRC_genome_sequence,sequana_cpu_dev,3,11371284.0,1000,1,36,187026,DENV_1-colombia-BVBRC_genome_sequence,58882.87,50831.26,109714.12,373.44,322.39,695.83,231.94,157.67, sdumont6165,17444545.08
0.0,1764,14,265348.0,3184.0,3157.3330078125,265348.0,0.0,0.0,0.0,0.0,1.0,0,0.0,0.0,100bs-3n-42th-187026s-DENV_1-colombia-BVBRC_genome_sequence,sequana_cpu_dev,3,11371285.0,100,1,42,187026,DENV_1-colombia-BVBRC_genome_sequence,3784.5,3479.13,7263.63,307.6,282.47,590.07,196.69,12.33, sdumont6165,101690.82
0.0,1386,11,265348.0,3152.0,2446.666015625,265348.0,0.0,0.0,0.0,0.0,1.0,0,0.0,0.0,100bs-3n-42th-187026s-DENV_1-colombia-BVBRC_genome_sequence,sequana_cpu_dev,3,11371286.0,100,1,42,187026,DENV_1-colombia-BVBRC_genome_sequence,2994.15,2694.77,5688.91,322.38,289.86,612.24,204.08,9.33, sdumont6165,62578.01
0.0,1638,13,265348.0,3172.0,2458.666015625,265348.0,0.0,0.0,0.0,0.0,1.0,0,0.0,0.0,100bs-3n-42th-187026s-DENV_1-colombia-BVBRC_genome_sequence,sequana_cpu_dev,3,11371287.0,100,1,42,187026,DENV_1-colombia-BVBRC_genome_sequence,3810.28,3480.31,7290.59,337.12,307.59,644.71,214.9,11.33, sdumont6165,94777.67
0.0,1890,15,265348.0,3128.0,2420.0,265348.0,0.0,0.0,0.0,0.0,3.0,0,0.0,0.0,100bs-3n-42th-187026s-DENV_1-colombia-BVBRC_genome_sequence,sequana_cpu_dev,3,11371290.0,100,1,42,187026,DENV_1-colombia-BVBRC_genome_sequence,4323.41,3961.58,8284.99,341.49,312.5,653.99,218.0,12.67, sdumont6165,124274.85
0.0,1638,13,265348.0,3188.0,3154.666015625,265348.0,0.0,0.0,0.0,0.0,1.0,0,0.0,0.0,100bs-3n-42th-187026s-DENV_1-colombia-BVBRC_genome_sequence,sequana_cpu_dev,3,11371291.0,100,1,42,187026,DENV_1-colombia-BVBRC_genome_sequence,3823.81,3499.05,7322.86,338.17,309.14,647.31,215.77,11.33, sdumont6165,95197.18
3699.0,12348,98,3819946.666015625,165868.0,160090.666015625,3821884.0,1710.08,4362.24,1720.32,4362.24,1.0,0,31.0,47.0,1000bs-3n-42th-187026s-DENV_1-colombia-BVBRC_genome_sequence,sequana_cpu_dev,3,11371293.0,1000,1,42,187026,DENV_1-colombia-BVBRC_genome_sequence,34869.88,31664.87,66534.75,362.02,328.7,690.73,230.24,96.33, sdumont6165,6520405.5
2455.0,11466,91,3817950.666015625,156008.0,155024.0,3821708.0,1484.8,4321.28,1495.04,4321.28,1.0,0,25.0,27.0,1000bs-3n-42th-187026s-DENV_1-colombia-BVBRC_genome_sequence,sequana_cpu_dev,3,11371295.0,1000,1,42,187026,DENV_1-colombia-BVBRC_genome_sequence,31367.33,28495.0,59862.33,355.16,322.58,677.74,225.91,88.33, sdumont6165,5447472.03
2457.0,9828,78,3816113.333007813,156300.0,155296.0,3816196.0,1495.04,4341.76,1495.04,4352.0,1.0,0,21.0,23.0,1000bs-3n-42th-187026s-DENV_1-colombia-BVBRC_genome_sequence,sequana_cpu_dev,3,11371296.0,1000,1,42,187026,DENV_1-colombia-BVBRC_genome_sequence,26952.8,24287.52,51240.32,353.2,318.21,671.41,223.8,76.33, sdumont6165,3996744.96
2465.0,11214,89,3816146.666015625,161984.0,158441.3330078125,3816296.0,1495.04,4331.52,1495.04,4341.76,1.0,0,22.0,26.0,1000bs-3n-42th-187026s-DENV_1-colombia-BVBRC_genome_sequence,sequana_cpu_dev,3,11371297.0,1000,1,42,187026,DENV_1-colombia-BVBRC_genome_sequence,31018.97,27963.38,58982.35,355.26,320.22,675.47,225.16,87.33, sdumont6165,5249429.149999999
3704.0,11592,92,3816105.333007813,162020.0,157208.0,3816372.0,1751.04,4392.96,1822.72,4454.4,1.0,0,27.0,29.0,1000bs-3n-42th-187026s-DENV_1-colombia-BVBRC_genome_sequence,sequana_cpu_dev,3,11371298.0,1000,1,42,187026,DENV_1-colombia-BVBRC_genome_sequence,32334.54,29314.42,61648.95,358.01,324.52,682.53,227.51,90.33, sdumont6165,5671703.399999999
0.0,2016,14,265348.0,3188.0,3150.666015625,265348.0,0.0,0.0,0.0,0.0,1.0,0,0.0,0.0,100bs-3n-48th-187026s-DENV_1-colombia-BVBRC_genome_sequence,sequana_cpu_dev,3,11371301.0,100,1,48,187026,DENV_1-colombia-BVBRC_genome_sequence,3744.11,3699.24,7443.36,312.01,308.27,620.28,206.76,12.0, sdumont6165,104207.04
0.0,1728,12,265348.0,3168.0,3140.0,265348.0,0.0,0.0,0.0,0.0,1.0,0,0.0,0.0,100bs-3n-48th-187026s-DENV_1-colombia-BVBRC_genome_sequence,sequana_cpu_dev,3,11371302.0,100,1,48,187026,DENV_1-colombia-BVBRC_genome_sequence,2937.9,2914.47,5852.37,293.79,291.45,585.24,195.08,10.0, sdumont6165,70228.44
0.0,1872,13,265348.0,3168.0,3164.0,265348.0,0.0,0.0,0.0,0.0,1.0,0,0.0,0.0,100bs-3n-48th-187026s-DENV_1-colombia-BVBRC_genome_sequence,sequana_cpu_dev,3,11371304.0,100,1,48,187026,DENV_1-colombia-BVBRC_genome_sequence,3618.66,3656.6,7275.26,328.97,332.42,661.39,220.46,11.0, sdumont6166,94578.38
0.0,2304,16,265348.0,3184.0,2453.3330078125,265348.0,0.0,0.0,0.0,0.0,1.0,0,0.0,0.0,100bs-3n-48th-187026s-DENV_1-colombia-BVBRC_genome_sequence,sequana_cpu_dev,3,11371305.0,100,1,48,187026,DENV_1-colombia-BVBRC_genome_sequence,5320.42,5316.06,10636.48,371.81,371.57,743.37,247.79,14.33, sdumont6166,170183.68
0.0,1872,13,265348.0,3172.0,2454.666015625,265348.0,0.0,0.0,0.0,0.0,1.0,0,0.0,0.0,100bs-3n-48th-187026s-DENV_1-colombia-BVBRC_genome_sequence,sequana_cpu_dev,3,11371306.0,100,1,48,187026,DENV_1-colombia-BVBRC_genome_sequence,3709.81,3763.49,7473.3,328.12,332.99,661.1,220.37,11.33, sdumont6166,97152.9
4235.0,15120,105,4373785.3330078125,160452.0,157798.666015625,4450008.0,1740.8,4352.0,1751.04,4362.24,1.0,0,49.0,61.0,1000bs-3n-48th-187026s-DENV_1-colombia-BVBRC_genome_sequence,sequana_cpu_dev,3,11371307.0,1000,1,48,187026,DENV_1-colombia-BVBRC_genome_sequence,37148.58,37561.66,74710.24,360.67,364.68,725.34,241.78,103.0, sdumont6166,7844575.2
4150.0,14832,103,4221553.3330078125,156164.0,155981.3330078125,4221692.0,1740.8,4352.0,1740.8,4362.24,1.0,0,46.0,57.0,1000bs-3n-48th-187026s-DENV_1-colombia-BVBRC_genome_sequence,sequana_cpu_dev,3,11371308.0,1000,1,48,187026,DENV_1-colombia-BVBRC_genome_sequence,36361.86,36495.12,72856.97,358.89,360.2,719.09,239.7,101.33, sdumont6166,7504267.91
9837.0,31248,217,4221572.0,164208.0,162784.0,4221748.0,2723.84,4403.2,2795.52,4454.4,1.0,0,31.0,41.0,1000bs-3n-48th-187026s-DENV_1-colombia-BVBRC_genome_sequence,sequana_cpu_dev,3,11371309.0,1000,1,48,187026,DENV_1-colombia-BVBRC_genome_sequence,81538.43,81737.77,163276.2,383.39,384.32,767.72,255.91,212.67, sdumont6166,35430935.400000006
4230.0,16128,112,4221560.0,157948.0,155818.666015625,4221692.0,1740.8,4341.76,1751.04,4352.0,1.0,0,42.0,50.0,1000bs-3n-48th-187026s-DENV_1-colombia-BVBRC_genome_sequence,sequana_cpu_dev,3,11371310.0,1000,1,48,187026,DENV_1-colombia-BVBRC_genome_sequence,40366.51,40256.41,80622.92,369.25,368.24,737.49,245.83,109.33, sdumont6165,9029767.04
8426.0,27504,191,4221568.0,159852.0,157360.0,4221640.0,2457.6,4372.48,2457.6,4372.48,1.0,0,41.0,48.0,1000bs-3n-48th-187026s-DENV_1-colombia-BVBRC_genome_sequence,sequana_cpu_dev,3,11371311.0,1000,1,48,187026,DENV_1-colombia-BVBRC_genome_sequence,71792.97,71794.92,143587.89,379.86,379.87,759.72,253.24,189.0, sdumont6165,27425286.99
0.0,128,16,265348.0,3136.0,3114.0,265348.0,0.0,0.0,0.0,0.0,1.0,0,0.0,0.0,100bs-4n-2th-187026s-DENV_1-colombia-BVBRC_genome_sequence,sequana_cpu_dev,4,11371313.0,100,1,2,187026,DENV_1-colombia-BVBRC_genome_sequence,2669.68,2194.82,4864.5,177.98,146.32,324.3,81.07,15.0, sdumont6165,77832.0
0.0,80,10,265348.0,3124.0,3115.0,265348.0,0.0,0.0,0.0,0.0,1.0,0,0.0,0.0,100bs-4n-2th-187026s-DENV_1-colombia-BVBRC_genome_sequence,sequana_cpu_dev,4,11371314.0,100,1,2,187026,DENV_1-colombia-BVBRC_genome_sequence,989.75,667.13,1656.88,197.95,133.43,331.38,82.84,5.0, sdumont6165,16568.800000000003
0.0,56,7,265348.0,3152.0,3099.0,265348.0,0.0,0.0,0.0,0.0,1.0,0,0.0,0.0,100bs-4n-2th-187026s-DENV_1-colombia-BVBRC_genome_sequence,sequana_cpu_dev,4,11371315.0,100,1,2,187026,DENV_1-colombia-BVBRC_genome_sequence,884.34,640.53,1524.87,147.39,106.75,254.15,63.54,6.0, sdumont6165,10674.09
0.0,48,6,265348.0,3216.0,3188.0,265348.0,0.0,0.0,0.0,0.0,1.0,0,0.0,0.0,100bs-4n-2th-187026s-DENV_1-colombia-BVBRC_genome_sequence,sequana_cpu_dev,4,11371316.0,100,1,2,187026,DENV_1-colombia-BVBRC_genome_sequence,981.09,691.55,1672.64,196.22,138.31,334.53,83.63,5.0, sdumont6165,10035.84
0.0,40,5,265348.0,3300.0,3230.0,265348.0,0.0,0.0,0.0,0.0,1.0,0,0.0,0.0,100bs-4n-2th-187026s-DENV_1-colombia-BVBRC_genome_sequence,sequana_cpu_dev,4,11371317.0,100,1,2,187026,DENV_1-colombia-BVBRC_genome_sequence,485.84,342.37,828.22,121.46,85.59,207.05,51.76,4.0, sdumont6165,4141.1
88.0,528,66,1109569.0,152460.0,147495.0,1112660.0,1525.76,4321.28,1525.76,4321.28,1.0,0,0.0,0.0,1000bs-4n-2th-187026s-DENV_1-colombia-BVBRC_genome_sequence,sequana_cpu_dev,4,11371319.0,1000,1,2,187026,DENV_1-colombia-BVBRC_genome_sequence,13762.98,10020.02,23783.0,218.46,159.05,377.51,94.38,63.0, sdumont6165,1569678.0
50.0,392,49,1109513.0,148604.0,145881.0,1112512.0,1280.0,4290.56,1290.24,4290.56,1.0,0,0.0,0.0,1000bs-4n-2th-187026s-DENV_1-colombia-BVBRC_genome_sequence,sequana_cpu_dev,4,11371323.0,1000,1,2,187026,DENV_1-colombia-BVBRC_genome_sequence,10971.94,7546.43,18518.37,233.45,160.56,394.01,98.5,47.0, sdumont6166,907400.13
139.0,1160,145,1109584.0,155104.0,149170.0,1112648.0,2007.04,4290.56,2007.04,4290.56,1.0,0,0.0,0.0,1000bs-4n-2th-187026s-DENV_1-colombia-BVBRC_genome_sequence,sequana_cpu_dev,4,11371324.0,1000,1,2,187026,DENV_1-colombia-BVBRC_genome_sequence,30956.43,23084.73,54041.16,214.98,160.31,375.29,93.82,144.0, sdumont6166,7835968.2
45.0,432,54,1109576.0,150304.0,146551.0,1112632.0,1280.0,4270.08,1290.24,4270.08,1.0,0,0.0,0.0,1000bs-4n-2th-187026s-DENV_1-colombia-BVBRC_genome_sequence,sequana_cpu_dev,4,11371325.0,1000,1,2,187026,DENV_1-colombia-BVBRC_genome_sequence,11843.62,8220.81,20064.43,232.23,161.19,393.42,98.36,51.0, sdumont6166,1083479.22
51.0,376,47,1109513.0,148648.0,146094.0,1112512.0,1280.0,4290.56,1290.24,4300.8,1.0,0,0.0,0.0,1000bs-4n-2th-187026s-DENV_1-colombia-BVBRC_genome_sequence,sequana_cpu_dev,4,11371326.0,1000,1,2,187026,DENV_1-colombia-BVBRC_genome_sequence,10722.99,7371.22,18094.21,233.11,160.24,393.35,98.34,46.0, sdumont6166,850427.87
0.0,264,11,265348.0,3128.0,2586.0,265348.0,0.0,0.0,0.0,0.0,1.0,0,0.0,0.0,100bs-4n-6th-187026s-DENV_1-colombia-BVBRC_genome_sequence,sequana_cpu_dev,4,11371327.0,100,1,6,187026,DENV_1-colombia-BVBRC_genome_sequence,2693.8,1412.61,4106.41,269.38,141.26,410.64,102.66,10.0, sdumont6166,45170.51
0.0,144,6,265348.0,3164.0,2073.0,265348.0,0.0,0.0,0.0,0.0,1.0,0,0.0,0.0,100bs-4n-6th-187026s-DENV_1-colombia-BVBRC_genome_sequence,sequana_cpu_dev,4,11371328.0,100,1,6,187026,DENV_1-colombia-BVBRC_genome_sequence,1267.23,659.95,1927.18,253.45,131.99,385.44,96.36,5.0, sdumont6166,11563.08
0.0,192,8,265348.0,3152.0,3120.0,265348.0,0.0,0.0,0.0,0.0,1.0,0,0.0,0.0,100bs-4n-6th-187026s-DENV_1-colombia-BVBRC_genome_sequence,sequana_cpu_dev,4,11371329.0,100,1,6,187026,DENV_1-colombia-BVBRC_genome_sequence,1882.68,998.78,2881.45,268.95,142.68,411.64,102.91,7.0, sdumont6165,23051.6
0.0,120,5,265348.0,3116.0,3095.0,265348.0,0.0,0.0,0.0,0.0,1.0,0,0.0,0.0,100bs-4n-6th-187026s-DENV_1-colombia-BVBRC_genome_sequence,sequana_cpu_dev,4,11371331.0,100,1,6,187026,DENV_1-colombia-BVBRC_genome_sequence,1138.57,590.65,1729.22,284.64,147.66,432.31,108.08,4.0, sdumont6166,8646.1
0.0,144,6,265348.0,3140.0,3089.0,265348.0,0.0,0.0,0.0,0.0,1.0,0,0.0,0.0,100bs-4n-6th-187026s-DENV_1-colombia-BVBRC_genome_sequence,sequana_cpu_dev,4,11371332.0,100,1,6,187026,DENV_1-colombia-BVBRC_genome_sequence,1329.73,688.42,2018.15,265.95,137.68,403.63,100.91,5.0, sdumont6166,12108.9
159.0,1152,48,1381203.0,153944.0,148987.0,1388696.0,1280.0,4280.32,1290.24,4280.32,1.0,0,2.0,3.0,1000bs-4n-6th-187026s-DENV_1-colombia-BVBRC_genome_sequence,sequana_cpu_dev,4,11371333.0,1000,1,6,187026,DENV_1-colombia-BVBRC_genome_sequence,14929.65,7565.86,22495.5,317.65,160.98,478.63,119.66,47.0, sdumont6166,1079784.0
309.0,2016,84,1379716.0,150924.0,147823.0,1382880.0,1525.76,4290.56,1525.76,4290.56,1.0,0,1.0,1.0,1000bs-4n-6th-187026s-DENV_1-colombia-BVBRC_genome_sequence,sequana_cpu_dev,4,11371334.0,1000,1,6,187026,DENV_1-colombia-BVBRC_genome_sequence,25600.74,13232.85,38833.59,308.44,159.43,467.87,116.97,83.0, sdumont6166,3262021.56
165.0,912,38,1379714.0,148896.0,147318.0,1382748.0,1280.0,4311.04,1290.24,4321.28,3.0,0,0.0,2.0,1000bs-4n-6th-187026s-DENV_1-colombia-BVBRC_genome_sequence,sequana_cpu_dev,4,11371343.0,1000,1,6,187026,DENV_1-colombia-BVBRC_genome_sequence,11591.15,5932.37,17523.52,313.27,160.33,473.61,118.4,37.0, sdumont6165,665893.76
157.0,1200,50,1379680.0,148908.0,146328.0,1382620.0,1280.0,4270.08,1290.24,4270.08,1.0,0,0.0,2.0,1000bs-4n-6th-187026s-DENV_1-colombia-BVBRC_genome_sequence,sequana_cpu_dev,4,11371352.0,1000,1,6,187026,DENV_1-colombia-BVBRC_genome_sequence,15019.19,7757.9,22777.1,306.51,158.32,464.84,116.21,49.0, sdumont6165,1138855.0
167.0,744,31,1379754.0,152908.0,147795.0,1382768.0,1331.2,4372.48,1495.04,4526.08,1.0,0,2.0,3.0,1000bs-4n-6th-187026s-DENV_1-colombia-BVBRC_genome_sequence,sequana_cpu_dev,4,11371353.0,1000,1,6,187026,DENV_1-colombia-BVBRC_genome_sequence,9576.76,4823.36,14400.12,319.23,160.78,480.0,120.0,30.0, sdumont6165,446403.72
0.0,528,11,265348.0,1040.0,1036.0,265348.0,0.0,0.0,0.0,0.0,1.0,0,0.0,0.0,100bs-4n-12th-187026s-DENV_1-colombia-BVBRC_genome_sequence,sequana_cpu_dev,4,11371354.0,100,1,12,187026,DENV_1-colombia-BVBRC_genome_sequence,3278.71,1318.68,4597.39,327.87,131.87,459.74,114.93,10.0, sdumont6165,50571.29
0.0,384,8,265348.0,3180.0,2105.0,265348.0,0.0,0.0,0.0,0.0,1.0,0,0.0,0.0,100bs-4n-12th-187026s-DENV_1-colombia-BVBRC_genome_sequence,sequana_cpu_dev,4,11371355.0,100,1,12,187026,DENV_1-colombia-BVBRC_genome_sequence,2536.1,1004.14,3540.23,362.3,143.45,505.75,126.44,7.0, sdumont6165,28321.84
0.0,336,7,265348.0,3164.0,1568.0,265348.0,0.0,0.0,0.0,0.0,1.0,0,0.0,0.0,100bs-4n-12th-187026s-DENV_1-colombia-BVBRC_genome_sequence,sequana_cpu_dev,4,11371356.0,100,1,12,187026,DENV_1-colombia-BVBRC_genome_sequence,1622.42,660.57,2282.98,270.4,110.09,380.5,95.12,6.0, sdumont6165,15980.86
0.0,384,8,265348.0,3236.0,1585.0,265348.0,0.0,0.0,0.0,0.0,1.0,0,0.0,0.0,100bs-4n-12th-187026s-DENV_1-colombia-BVBRC_genome_sequence,sequana_cpu_dev,4,11371357.0,100,1,12,187026,DENV_1-colombia-BVBRC_genome_sequence,2234.7,933.43,3168.13,319.24,133.35,452.59,113.15,7.0, sdumont6165,25345.04
0.0,288,6,265348.0,3128.0,1559.0,265348.0,0.0,0.0,0.0,0.0,1.0,0,0.0,0.0,100bs-4n-12th-187026s-DENV_1-colombia-BVBRC_genome_sequence,sequana_cpu_dev,4,11371358.0,100,1,12,187026,DENV_1-colombia-BVBRC_genome_sequence,1638.04,672.44,2310.48,327.61,134.49,462.1,115.52,5.0, sdumont6165,13862.88
676.0,2976,62,1785222.0,155304.0,148632.0,1788300.0,1525.76,4321.28,1525.76,4331.52,1.0,0,6.0,11.0,1000bs-4n-12th-187026s-DENV_1-colombia-BVBRC_genome_sequence,sequana_cpu_dev,4,11371359.0,1000,1,12,187026,DENV_1-colombia-BVBRC_genome_sequence,25157.89,9616.74,34774.64,412.42,157.65,570.08,142.52,61.0, sdumont6165,2156027.68
345.0,1536,32,1785149.0,153132.0,148060.0,1788152.0,1280.0,4321.28,1290.24,4331.52,1.0,0,8.0,11.0,1000bs-4n-12th-187026s-DENV_1-colombia-BVBRC_genome_sequence,sequana_cpu_dev,4,11371360.0,1000,1,12,187026,DENV_1-colombia-BVBRC_genome_sequence,12358.35,4985.05,17343.4,398.66,160.81,559.46,139.87,31.0, sdumont6165,554988.8
332.0,2688,56,1785230.0,151100.0,147186.0,1788300.0,1280.0,4280.32,1290.24,4280.32,1.0,0,4.0,5.0,1000bs-4n-12th-187026s-DENV_1-colombia-BVBRC_genome_sequence,sequana_cpu_dev,4,11371361.0,1000,1,12,187026,DENV_1-colombia-BVBRC_genome_sequence,22406.26,8674.29,31080.55,407.39,157.71,565.1,141.28,55.0, sdumont6165,1740510.8
336.0,2352,49,1785149.0,152836.0,149579.0,1788152.0,1280.0,4280.32,1290.24,4280.32,1.0,0,7.0,10.0,1000bs-4n-12th-187026s-DENV_1-colombia-BVBRC_genome_sequence,sequana_cpu_dev,4,11371362.0,1000,1,12,187026,DENV_1-colombia-BVBRC_genome_sequence,19729.16,7651.04,27380.2,415.52,161.0,576.52,144.13,47.5, sdumont6165,1341629.8
338.0,3360,70,1785186.0,155052.0,149993.0,1788152.0,1280.0,4290.56,1290.24,4290.56,1.0,0,7.0,11.0,1000bs-4n-12th-187026s-DENV_1-colombia-BVBRC_genome_sequence,sequana_cpu_dev,4,11371363.0,1000,1,12,187026,DENV_1-colombia-BVBRC_genome_sequence,21847.08,8406.98,30254.05,412.21,158.62,570.83,142.71,53.0, sdumont6165,2117783.5
0.0,432,6,265348.0,3112.0,1553.0,265348.0,0.0,0.0,0.0,0.0,1.0,0,0.0,0.0,100bs-4n-18th-187026s-DENV_1-colombia-BVBRC_genome_sequence,sequana_cpu_dev,4,11371364.0,100,1,18,187026,DENV_1-colombia-BVBRC_genome_sequence,1797.59,702.83,2500.42,359.52,140.57,500.08,125.02,5.0, sdumont6165,15002.52
0.0,504,7,265348.0,3080.0,1544.0,265348.0,0.0,0.0,0.0,0.0,1.0,0,0.0,0.0,100bs-4n-18th-187026s-DENV_1-colombia-BVBRC_genome_sequence,sequana_cpu_dev,4,11371366.0,100,1,18,187026,DENV_1-colombia-BVBRC_genome_sequence,1145.41,632.37,1777.78,190.9,105.4,296.3,74.07,6.0, sdumont6165,12444.46
0.0,1512,21,265348.0,1036.0,1033.0,265348.0,0.0,0.0,0.0,0.0,2.0,0,0.0,0.0,100bs-4n-18th-187026s-DENV_1-colombia-BVBRC_genome_sequence,sequana_cpu_dev,4,11371368.0,100,1,18,187026,DENV_1-colombia-BVBRC_genome_sequence,7838.89,2843.85,10682.75,412.57,149.68,562.25,140.56,19.0, sdumont6166,224337.75
0.0,864,12,265348.0,1036.0,1035.0,265348.0,0.0,0.0,0.0,0.0,1.0,0,0.0,0.0,100bs-4n-18th-187026s-DENV_1-colombia-BVBRC_genome_sequence,sequana_cpu_dev,4,11371369.0,100,1,18,187026,DENV_1-colombia-BVBRC_genome_sequence,4842.06,1693.48,6535.54,440.19,153.95,594.14,148.54,11.0, sdumont6166,78426.48
0.0,504,7,265348.0,1036.0,1036.0,265348.0,0.0,0.0,0.0,0.0,2.0,0,0.0,0.0,100bs-4n-18th-187026s-DENV_1-colombia-BVBRC_genome_sequence,sequana_cpu_dev,4,11371371.0,100,1,18,187026,DENV_1-colombia-BVBRC_genome_sequence,1780.62,682.24,2462.86,296.77,113.71,410.48,102.62,6.0, sdumont6166,17240.02
487.0,3816,53,2190735.0,153620.0,148582.0,2193840.0,1280.0,4270.08,1290.24,4280.32,1.0,0,41.0,126.0,1000bs-4n-18th-187026s-DENV_1-colombia-BVBRC_genome_sequence,sequana_cpu_dev,4,11371372.0,1000,1,18,187026,DENV_1-colombia-BVBRC_genome_sequence,22573.68,8336.08,30909.75,434.11,160.31,594.42,148.6,52.0, sdumont6166,1638216.75
516.0,3456,48,2190764.0,151592.0,148165.0,2193840.0,1280.0,4290.56,1290.24,4290.56,1.0,0,11.0,17.0,1000bs-4n-18th-187026s-DENV_1-colombia-BVBRC_genome_sequence,sequana_cpu_dev,4,11371374.0,1000,1,18,187026,DENV_1-colombia-BVBRC_genome_sequence,20852.33,7555.76,28408.09,443.67,160.76,604.43,151.11,47.0, sdumont6166,1363588.32
1015.0,5760,80,2190698.0,151496.0,147992.0,2193692.0,1525.76,4300.8,1525.76,4300.8,1.0,0,10.0,17.0,1000bs-4n-18th-187026s-DENV_1-colombia-BVBRC_genome_sequence,sequana_cpu_dev,4,11371375.0,1000,1,18,187026,DENV_1-colombia-BVBRC_genome_sequence,34645.03,12160.78,46805.81,455.86,160.01,615.87,153.97,76.0, sdumont6166,3744464.8
517.0,3024,42,2190808.0,149616.0,147561.0,2193840.0,1280.0,4290.56,1290.24,4290.56,1.0,0,14.0,20.0,1000bs-4n-18th-187026s-DENV_1-colombia-BVBRC_genome_sequence,sequana_cpu_dev,4,11371379.0,1000,1,18,187026,DENV_1-colombia-BVBRC_genome_sequence,17752.06,6548.56,24300.63,432.98,159.72,592.7,148.17,41.0, sdumont6166,1020626.46
517.0,3384,47,2190734.0,151584.0,148181.0,2193824.0,1280.0,4290.56,1290.24,4300.8,3.0,0,15.0,21.0,1000bs-4n-18th-187026s-DENV_1-colombia-BVBRC_genome_sequence,sequana_cpu_dev,4,11371381.0,1000,1,18,187026,DENV_1-colombia-BVBRC_genome_sequence,20527.6,7475.8,28003.41,446.25,162.52,608.77,152.19,46.0, sdumont6166,1316160.27
0.0,768,8,265348.0,3200.0,1577.0,265348.0,0.0,0.0,0.0,0.0,1.0,0,0.0,0.0,100bs-4n-24th-187026s-DENV_1-colombia-BVBRC_genome_sequence,sequana_cpu_dev,4,11371382.0,100,1,24,187026,DENV_1-colombia-BVBRC_genome_sequence,2207.47,763.32,2970.8,350.73,121.74,472.46,118.12,6.25, sdumont6166,23766.4
0.0,864,9,265348.0,3232.0,1585.0,265348.0,0.0,0.0,0.0,0.0,1.0,0,0.0,0.0,100bs-4n-24th-187026s-DENV_1-colombia-BVBRC_genome_sequence,sequana_cpu_dev,4,11371384.0,100,1,24,187026,DENV_1-colombia-BVBRC_genome_sequence,3049.75,1027.81,4077.56,381.22,128.48,509.69,127.42,8.0, sdumont6166,36698.04
0.0,672,7,265348.0,3184.0,1573.0,265348.0,0.0,0.0,0.0,0.0,1.0,0,0.0,0.0,100bs-4n-24th-187026s-DENV_1-colombia-BVBRC_genome_sequence,sequana_cpu_dev,4,11371385.0,100,1,24,187026,DENV_1-colombia-BVBRC_genome_sequence,1984.3,706.58,2690.88,330.72,117.76,448.48,112.12,6.0, sdumont6166,18836.16
0.0,960,10,265348.0,3312.0,1604.0,265348.0,0.0,0.0,0.0,0.0,1.0,0,0.0,0.0,100bs-4n-24th-187026s-DENV_1-colombia-BVBRC_genome_sequence,sequana_cpu_dev,4,11371387.0,100,1,24,187026,DENV_1-colombia-BVBRC_genome_sequence,2974.65,1030.99,4005.63,384.65,132.83,517.48,129.37,7.75, sdumont6165,40056.3
0.0,672,7,265348.0,1040.0,1036.0,265348.0,0.0,0.0,0.0,0.0,1.0,0,0.0,0.0,100bs-4n-24th-187026s-DENV_1-colombia-BVBRC_genome_sequence,sequana_cpu_dev,4,11371390.0,100,1,24,187026,DENV_1-colombia-BVBRC_genome_sequence,1974.82,712.38,2687.2,394.96,142.48,537.44,134.36,5.0, sdumont6166,18810.4
1381.0,7296,76,2596283.0,155372.0,151401.0,2599388.0,1525.76,4300.8,1525.76,4300.8,1.0,0,23.0,28.0,1000bs-4n-24th-187026s-DENV_1-colombia-BVBRC_genome_sequence,sequana_cpu_dev,4,11371392.0,1000,1,24,187026,DENV_1-colombia-BVBRC_genome_sequence,37606.87,12153.93,49760.81,503.13,162.6,665.74,166.43,74.75, sdumont6166,3781821.56
2079.0,8832,92,2596238.0,159524.0,152558.0,2599240.0,1761.28,4331.52,1771.52,4331.52,1.0,0,24.0,36.0,1000bs-4n-24th-187026s-DENV_1-colombia-BVBRC_genome_sequence,sequana_cpu_dev,4,11371393.0,1000,1,24,187026,DENV_1-colombia-BVBRC_genome_sequence,46158.38,14719.39,60877.77,510.02,162.69,672.71,168.18,90.5, sdumont6166,5600754.84
692.0,4608,48,2596312.0,157276.0,151354.0,2599388.0,1280.0,4290.56,1290.24,4290.56,1.0,0,19.0,28.0,1000bs-4n-24th-187026s-DENV_1-colombia-BVBRC_genome_sequence,sequana_cpu_dev,4,11371395.0,1000,1,24,187026,DENV_1-colombia-BVBRC_genome_sequence,22893.19,7710.96,30604.15,487.09,164.06,651.15,162.79,47.0, sdumont6166,1468999.2000000002
477.0,5472,57,2596309.0,153424.0,150150.0,2599360.0,1280.0,4249.6,1290.24,4249.6,1.0,0,58.0,159.0,1000bs-4n-24th-187026s-DENV_1-colombia-BVBRC_genome_sequence,sequana_cpu_dev,4,11371397.0,1000,1,24,187026,DENV_1-colombia-BVBRC_genome_sequence,23514.59,8796.71,32311.31,419.9,157.08,576.99,144.25,56.0, sdumont6165,1841744.67
3438.0,15552,162,2596300.0,159800.0,155737.0,2599240.0,2232.32,4321.28,2232.32,4321.28,1.0,0,16.0,18.0,1000bs-4n-24th-187026s-DENV_1-colombia-BVBRC_genome_sequence,sequana_cpu_dev,4,11371399.0,1000,1,24,187026,DENV_1-colombia-BVBRC_genome_sequence,82837.43,26109.45,108946.88,514.52,162.17,676.69,169.17,161.0, sdumont6165,17649394.560000002
0.0,960,8,265348.0,3152.0,2608.0,265348.0,0.0,0.0,0.0,0.0,1.0,0,0.0,0.0,100bs-4n-30th-187026s-DENV_1-colombia-BVBRC_genome_sequence,sequana_cpu_dev,4,11371401.0,100,1,30,187026,DENV_1-colombia-BVBRC_genome_sequence,2559.72,1774.09,4333.82,365.67,253.44,619.12,154.78,7.0, sdumont6165,34670.56
0.0,1440,12,265348.0,3140.0,2567.0,265348.0,0.0,0.0,0.0,0.0,1.0,0,0.0,0.0,100bs-4n-30th-187026s-DENV_1-colombia-BVBRC_genome_sequence,sequana_cpu_dev,4,11371403.0,100,1,30,187026,DENV_1-colombia-BVBRC_genome_sequence,4047.23,2696.87,6744.1,367.93,245.17,613.1,153.27,11.0, sdumont6166,80929.20000000001
0.0,1800,15,265348.0,3116.0,2580.0,265348.0,0.0,0.0,0.0,0.0,1.0,0,0.0,0.0,100bs-4n-30th-187026s-DENV_1-colombia-BVBRC_genome_sequence,sequana_cpu_dev,4,11371405.0,100,1,30,187026,DENV_1-colombia-BVBRC_genome_sequence,6290.79,4115.71,10406.49,449.34,293.98,743.32,185.83,14.0, sdumont6165,156097.35
0.0,960,8,265348.0,3172.0,3132.0,265348.0,0.0,0.0,0.0,0.0,1.0,0,0.0,0.0,100bs-4n-30th-187026s-DENV_1-colombia-BVBRC_genome_sequence,sequana_cpu_dev,4,11371408.0,100,1,30,187026,DENV_1-colombia-BVBRC_genome_sequence,2949.1,2018.72,4967.82,421.3,288.39,709.69,177.42,7.0, sdumont6166,39742.56
0.0,960,8,265348.0,3056.0,1541.0,265348.0,0.0,0.0,0.0,0.0,1.0,0,0.0,0.0,100bs-4n-30th-187026s-DENV_1-colombia-BVBRC_genome_sequence,sequana_cpu_dev,4,11371411.0,100,1,30,187026,DENV_1-colombia-BVBRC_genome_sequence,2937.07,2018.52,4955.59,419.58,288.36,707.94,176.99,7.0, sdumont6166,39644.72
1744.0,8880,74,3001873.0,159096.0,153118.0,3004944.0,1495.04,4311.04,1515.52,4321.28,1.0,0,15.0,20.0,1000bs-4n-30th-187026s-DENV_1-colombia-BVBRC_genome_sequence,sequana_cpu_dev,4,11371412.0,1000,1,30,187026,DENV_1-colombia-BVBRC_genome_sequence,34767.04,23093.12,57860.16,479.57,318.51,798.08,199.52,72.5, sdumont6166,4281651.84
1743.0,8640,72,3001872.0,155408.0,151202.0,3004940.0,1505.28,4321.28,1505.28,4331.52,1.0,0,19.0,27.0,1000bs-4n-30th-187026s-DENV_1-colombia-BVBRC_genome_sequence,sequana_cpu_dev,4,11371414.0,1000,1,30,187026,DENV_1-colombia-BVBRC_genome_sequence,34308.01,22808.25,57116.26,483.21,321.24,804.45,201.11,71.0, sdumont6166,4112370.72
861.0,6600,55,3001901.0,153192.0,150556.0,3004940.0,1269.76,4270.08,1269.76,4270.08,1.0,0,20.0,34.0,1000bs-4n-30th-187026s-DENV_1-colombia-BVBRC_genome_sequence,sequana_cpu_dev,4,11371415.0,1000,1,30,187026,DENV_1-colombia-BVBRC_genome_sequence,25137.02,17142.7,42279.72,465.5,317.46,782.96,195.74,54.0, sdumont6166,2325384.6
867.0,7560,63,3003299.0,154084.0,150845.0,3010484.0,1269.76,4270.08,1280.0,4270.08,1.0,0,22.0,38.0,1000bs-4n-30th-187026s-DENV_1-colombia-BVBRC_genome_sequence,sequana_cpu_dev,4,11371417.0,1000,1,30,187026,DENV_1-colombia-BVBRC_genome_sequence,25784.4,17596.0,43380.4,468.81,319.93,788.73,197.18,55.0, sdumont6166,2732965.2
1754.0,7800,65,3001873.0,161220.0,154782.0,3004940.0,1515.52,4341.76,1566.72,4403.2,1.0,0,23.0,34.0,1000bs-4n-30th-187026s-DENV_1-colombia-BVBRC_genome_sequence,sequana_cpu_dev,4,11371419.0,1000,1,30,187026,DENV_1-colombia-BVBRC_genome_sequence,30112.77,20209.22,50321.99,477.98,320.78,798.76,199.69,63.0, sdumont6166,3270929.35
0.0,1440,10,265348.0,3184.0,2628.0,265348.0,0.0,0.0,0.0,0.0,1.0,0,0.0,0.0,100bs-4n-36th-187026s-DENV_1-colombia-BVBRC_genome_sequence,sequana_cpu_dev,4,11371420.0,100,1,36,187026,DENV_1-colombia-BVBRC_genome_sequence,2941.96,2558.22,5500.18,367.74,319.78,687.52,171.88,8.0, sdumont6166,55001.8
0.0,1296,9,265348.0,3168.0,2095.0,265348.0,0.0,0.0,0.0,0.0,1.0,0,0.0,0.0,100bs-4n-36th-187026s-DENV_1-colombia-BVBRC_genome_sequence,sequana_cpu_dev,4,11371422.0,100,1,36,187026,DENV_1-colombia-BVBRC_genome_sequence,2968.27,2598.87,5567.14,371.03,324.86,695.89,173.97,8.0, sdumont6166,50104.26
0.0,2448,17,265348.0,3124.0,2571.0,265348.0,0.0,0.0,0.0,0.0,1.0,0,0.0,0.0,100bs-4n-36th-187026s-DENV_1-colombia-BVBRC_genome_sequence,sequana_cpu_dev,4,11371423.0,100,1,36,187026,DENV_1-colombia-BVBRC_genome_sequence,7243.0,6365.89,13608.89,467.14,411.19,878.34,219.58,15.5, sdumont6166,231351.13
0.0,3024,21,265348.0,3152.0,3093.0,265348.0,0.0,0.0,0.0,0.0,1.0,0,0.0,0.0,100bs-4n-36th-187026s-DENV_1-colombia-BVBRC_genome_sequence,sequana_cpu_dev,4,11371426.0,100,1,36,187026,DENV_1-colombia-BVBRC_genome_sequence,7108.82,6204.52,13313.34,444.3,387.78,832.08,208.02,16.0, sdumont6165,279580.14
0.0,2160,15,265348.0,3184.0,3130.0,265348.0,0.0,0.0,0.0,0.0,1.0,0,0.0,0.0,100bs-4n-36th-187026s-DENV_1-colombia-BVBRC_genome_sequence,sequana_cpu_dev,4,11371429.0,100,1,36,187026,DENV_1-colombia-BVBRC_genome_sequence,4031.37,3519.36,7550.73,366.49,319.94,686.43,171.61,11.0, sdumont6166,113260.95
2098.0,10224,71,3407411.0,164316.0,154728.0,3410468.0,1495.04,4321.28,1495.04,4331.52,1.0,0,26.0,41.0,1000bs-4n-36th-187026s-DENV_1-colombia-BVBRC_genome_sequence,sequana_cpu_dev,4,11371431.0,1000,1,36,187026,DENV_1-colombia-BVBRC_genome_sequence,33162.22,28720.21,61882.43,473.75,410.29,884.03,221.01,70.0, sdumont6166,4393652.53
2092.0,12960,90,3407439.0,156060.0,152738.0,3410488.0,1505.28,4311.04,1515.52,4311.04,1.0,0,26.0,34.0,1000bs-4n-36th-187026s-DENV_1-colombia-BVBRC_genome_sequence,sequana_cpu_dev,4,11371432.0,1000,1,36,187026,DENV_1-colombia-BVBRC_genome_sequence,43212.18,37663.47,80875.66,485.53,423.19,908.72,227.18,89.0, sdumont6166,7278809.4
2098.0,9936,69,3407403.0,155148.0,151530.0,3410484.0,1505.28,4321.28,1515.52,4321.28,1.0,0,32.0,41.0,1000bs-4n-36th-187026s-DENV_1-colombia-BVBRC_genome_sequence,sequana_cpu_dev,4,11371435.0,1000,1,36,187026,DENV_1-colombia-BVBRC_genome_sequence,32107.65,27819.47,59927.12,473.88,410.7,884.58,221.14,67.75, sdumont6166,4134971.28
1040.0,9360,65,3407411.0,153668.0,151318.0,3410484.0,1269.76,4270.08,1269.76,4270.08,1.0,0,32.0,51.0,1000bs-4n-36th-187026s-DENV_1-colombia-BVBRC_genome_sequence,sequana_cpu_dev,4,11371436.0,1000,1,36,187026,DENV_1-colombia-BVBRC_genome_sequence,26471.43,22981.17,49452.59,456.4,396.23,852.63,213.16,58.0, sdumont6165,3214418.35
4107.0,18864,131,3466049.0,165236.0,158550.0,3621160.0,1966.08,4321.28,1976.32,4321.28,1.0,0,26.0,41.0,1000bs-4n-36th-187026s-DENV_1-colombia-BVBRC_genome_sequence,sequana_cpu_dev,4,11371438.0,1000,1,36,187026,DENV_1-colombia-BVBRC_genome_sequence,62639.06,55409.86,118048.92,489.37,432.89,922.26,230.56,128.0, sdumont6165,15464408.52
0.0,1848,11,265348.0,3176.0,3149.0,265348.0,0.0,0.0,0.0,0.0,1.0,0,0.0,0.0,100bs-4n-42th-187026s-DENV_1-colombia-BVBRC_genome_sequence,sequana_cpu_dev,4,11371440.0,100,1,42,187026,DENV_1-colombia-BVBRC_genome_sequence,3887.26,3646.06,7533.32,421.69,395.41,817.09,204.27,9.25, sdumont6165,82866.51999999999
0.0,4200,25,265348.0,3188.0,3163.0,265348.0,0.0,0.0,0.0,0.0,1.0,0,0.0,0.0,100bs-4n-42th-187026s-DENV_1-colombia-BVBRC_genome_sequence,sequana_cpu_dev,4,11371443.0,100,1,42,187026,DENV_1-colombia-BVBRC_genome_sequence,10715.32,10095.27,20810.59,461.36,434.68,896.04,224.01,23.25, sdumont6166,520264.75
0.0,1848,11,265348.0,3188.0,3171.0,265348.0,0.0,0.0,0.0,0.0,1.0,0,0.0,0.0,100bs-4n-42th-187026s-DENV_1-colombia-BVBRC_genome_sequence,sequana_cpu_dev,4,11371444.0,100,1,42,187026,DENV_1-colombia-BVBRC_genome_sequence,4017.03,3695.82,7712.85,449.35,414.47,863.82,215.95,9.0, sdumont6166,84841.35
0.0,1680,10,265348.0,3184.0,2095.0,265348.0,0.0,0.0,0.0,0.0,1.0,0,0.0,0.0,100bs-4n-42th-187026s-DENV_1-colombia-BVBRC_genome_sequence,sequana_cpu_dev,4,11371448.0,100,1,42,187026,DENV_1-colombia-BVBRC_genome_sequence,4022.77,3726.5,7749.27,489.48,453.52,943.0,235.75,8.25, sdumont6166,77492.70000000001
0.0,1680,10,265348.0,3180.0,2631.0,265348.0,0.0,0.0,0.0,0.0,1.0,0,0.0,0.0,100bs-4n-42th-187026s-DENV_1-colombia-BVBRC_genome_sequence,sequana_cpu_dev,4,11371451.0,100,1,42,187026,DENV_1-colombia-BVBRC_genome_sequence,2910.03,2674.12,5584.15,389.04,357.28,746.33,186.58,7.5, sdumont6166,55841.5
2464.0,10416,62,3870024.0,159136.0,153966.0,4044276.0,1484.8,4331.52,1495.04,4331.52,1.0,0,24.0,27.0,1000bs-4n-42th-187026s-DENV_1-colombia-BVBRC_genome_sequence,sequana_cpu_dev,4,11371454.0,1000,1,42,187026,DENV_1-colombia-BVBRC_genome_sequence,28139.35,25841.15,53980.5,468.99,430.69,899.68,224.92,60.0, sdumont6166,3346791.0
2461.0,11256,67,3813000.0,159684.0,153728.0,3816044.0,1495.04,4321.28,1515.52,4321.28,1.0,0,31.0,43.0,1000bs-4n-42th-187026s-DENV_1-colombia-BVBRC_genome_sequence,sequana_cpu_dev,4,11371456.0,1000,1,42,187026,DENV_1-colombia-BVBRC_genome_sequence,31285.43,28604.62,59890.05,479.54,438.47,918.0,229.5,65.25, sdumont6166,4012633.35
2406.0,14616,87,3812893.0,163292.0,153921.0,3815896.0,1495.04,4290.56,1515.52,4290.56,1.0,0,28.0,32.0,1000bs-4n-42th-187026s-DENV_1-colombia-BVBRC_genome_sequence,sequana_cpu_dev,4,11371457.0,1000,1,42,187026,DENV_1-colombia-BVBRC_genome_sequence,41105.86,38052.58,79158.44,477.98,442.47,920.45,230.11,86.0, sdumont6166,6886784.28
5522.0,25368,151,3815803.0,159564.0,156003.0,3822008.0,2170.88,4392.96,2519.04,4597.76,1.0,0,25.0,35.0,1000bs-4n-42th-187026s-DENV_1-colombia-BVBRC_genome_sequence,sequana_cpu_dev,4,11371459.0,1000,1,42,187026,DENV_1-colombia-BVBRC_genome_sequence,76177.28,71654.75,147832.03,510.44,480.14,990.58,247.65,149.25, sdumont6166,22322636.53
2460.0,10920,65,3812996.0,159232.0,154631.0,3816192.0,1495.04,4321.28,1515.52,4331.52,1.0,0,25.0,27.0,1000bs-4n-42th-187026s-DENV_1-colombia-BVBRC_genome_sequence,sequana_cpu_dev,4,11371461.0,1000,1,42,187026,DENV_1-colombia-BVBRC_genome_sequence,29661.34,27161.94,56823.28,469.04,429.54,898.58,224.64,63.25, sdumont6166,3693513.2
0.0,2688,14,265348.0,3180.0,3154.0,265348.0,0.0,0.0,0.0,0.0,1.0,0,0.0,0.0,100bs-4n-48th-187026s-DENV_1-colombia-BVBRC_genome_sequence,sequana_cpu_dev,4,11371463.0,100,1,48,187026,DENV_1-colombia-BVBRC_genome_sequence,4872.4,4926.07,9798.47,433.6,438.44,872.05,218.01,11.25, sdumont6166,137178.58
0.0,1920,10,265348.0,3236.0,2641.0,265348.0,0.0,0.0,0.0,0.0,1.0,0,0.0,0.0,100bs-4n-48th-187026s-DENV_1-colombia-BVBRC_genome_sequence,sequana_cpu_dev,4,11371464.0,100,1,48,187026,DENV_1-colombia-BVBRC_genome_sequence,2896.4,2910.21,5806.61,362.05,363.78,725.83,181.46,8.0, sdumont6166,58066.1
0.0,2304,12,265348.0,3172.0,2102.0,265348.0,0.0,0.0,0.0,0.0,1.0,0,0.0,0.0,100bs-4n-48th-187026s-DENV_1-colombia-BVBRC_genome_sequence,sequana_cpu_dev,4,11371466.0,100,1,48,187026,DENV_1-colombia-BVBRC_genome_sequence,4587.34,4582.13,9169.47,448.45,447.99,896.44,224.11,10.25, sdumont6166,110033.63999999998
0.0,2880,15,265348.0,3128.0,2083.0,265348.0,0.0,0.0,0.0,0.0,1.0,0,0.0,0.0,100bs-4n-48th-187026s-DENV_1-colombia-BVBRC_genome_sequence,sequana_cpu_dev,4,11371468.0,100,1,48,187026,DENV_1-colombia-BVBRC_genome_sequence,5294.46,5388.66,10683.12,407.27,414.51,821.78,205.44,13.0, sdumont6165,160246.80000000002
0.0,2304,12,265348.0,3240.0,3161.0,265348.0,0.0,0.0,0.0,0.0,1.0,0,0.0,0.0,100bs-4n-48th-187026s-DENV_1-colombia-BVBRC_genome_sequence,sequana_cpu_dev,4,11371469.0,100,1,48,187026,DENV_1-colombia-BVBRC_genome_sequence,4656.64,4762.08,9418.72,465.66,476.21,941.87,235.47,10.0, sdumont6165,113024.63999999998
4214.0,19392,101,4218539.0,161808.0,156403.0,4221584.0,1751.04,4321.28,1751.04,4331.52,1.0,0,41.0,47.0,1000bs-4n-48th-187026s-DENV_1-colombia-BVBRC_genome_sequence,sequana_cpu_dev,4,11371470.0,1000,1,48,187026,DENV_1-colombia-BVBRC_genome_sequence,48973.37,49554.24,98527.6,494.68,500.55,995.23,248.81,99.0, sdumont6165,9951287.6
5624.0,25920,135,4218420.0,159816.0,154199.0,4221416.0,1986.56,4331.52,1996.8,4331.52,1.0,0,48.0,59.0,1000bs-4n-48th-187026s-DENV_1-colombia-BVBRC_genome_sequence,sequana_cpu_dev,4,11371472.0,1000,1,48,187026,DENV_1-colombia-BVBRC_genome_sequence,66939.89,68747.79,135687.69,499.55,513.04,1012.59,253.15,134.0, sdumont6165,18317838.15
4219.0,18048,94,4219818.0,164100.0,158268.0,4221436.0,1740.8,4331.52,1751.04,4331.52,1.0,0,38.0,46.0,1000bs-4n-48th-187026s-DENV_1-colombia-BVBRC_genome_sequence,sequana_cpu_dev,4,11371473.0,1000,1,48,187026,DENV_1-colombia-BVBRC_genome_sequence,44380.21,45907.51,90287.71,486.43,503.08,989.51,247.38,91.25, sdumont6165,8487044.74
2805.0,16128,84,4218503.0,155460.0,152270.0,4221568.0,1505.28,4300.8,1515.52,4300.8,1.0,0,29.0,35.0,1000bs-4n-48th-187026s-DENV_1-colombia-BVBRC_genome_sequence,sequana_cpu_dev,4,11371474.0,1000,1,48,187026,DENV_1-colombia-BVBRC_genome_sequence,39161.59,39839.77,79001.36,483.48,491.85,975.33,243.83,81.0, sdumont6165,6636114.24
4215.0,18432,96,4218451.0,156084.0,154442.0,4221556.0,1751.04,4331.52,1751.04,4331.52,1.0,0,36.0,41.0,1000bs-4n-48th-187026s-DENV_1-colombia-BVBRC_genome_sequence,sequana_cpu_dev,4,11371475.0,1000,1,48,187026,DENV_1-colombia-BVBRC_genome_sequence,45714.43,46785.72,92500.15,486.32,497.72,984.04,246.01,94.0, sdumont6165,8880014.399999999
169.0,224,112,1102368.0,147800.0,147800.0,1102368.0,2068.48,4270.08,2068.48,4270.08,1.0,0,236.0,236.0,100bs-1n-2th-377019s-DENV_1-usa-BVBRC_genome_sequence,sequana_cpu_dev,1,11371476.0,100,1,2,377019,DENV_1-usa-BVBRC_genome_sequence,6512.77,4019.95,10532.72,58.67,36.22,94.89,94.89,111.0, sdumont6071,1179664.64
178.0,216,108,1108332.0,142812.0,142812.0,1108332.0,2068.48,4280.32,2068.48,4280.32,1.0,0,0.0,0.0,100bs-1n-2th-377019s-DENV_1-usa-BVBRC_genome_sequence,sequana_cpu_dev,1,11371477.0,100,1,2,377019,DENV_1-usa-BVBRC_genome_sequence,6427.4,3931.35,10358.75,60.07,36.74,96.81,96.81,107.0, sdumont6071,1118745.0
177.0,218,109,1102368.0,145660.0,145660.0,1102368.0,2068.48,4280.32,2068.48,4280.32,1.0,0,0.0,0.0,100bs-1n-2th-377019s-DENV_1-usa-BVBRC_genome_sequence,sequana_cpu_dev,1,11371478.0,100,1,2,377019,DENV_1-usa-BVBRC_genome_sequence,6412.29,3916.87,10329.15,59.93,36.61,96.53,96.53,107.0, sdumont6071,1125877.35
178.0,216,108,1102368.0,141492.0,141492.0,1102368.0,2068.48,4280.32,2068.48,4280.32,1.0,0,0.0,0.0,100bs-1n-2th-377019s-DENV_1-usa-BVBRC_genome_sequence,sequana_cpu_dev,1,11371479.0,100,1,2,377019,DENV_1-usa-BVBRC_genome_sequence,6363.36,3900.05,10263.41,59.47,36.45,95.92,95.92,107.0, sdumont6071,1108448.28
178.0,216,108,1102368.0,141540.0,141540.0,1102368.0,2068.48,4280.32,2068.48,4280.32,1.0,0,0.0,0.0,100bs-1n-2th-377019s-DENV_1-usa-BVBRC_genome_sequence,sequana_cpu_dev,1,11371480.0,100,1,2,377019,DENV_1-usa-BVBRC_genome_sequence,6416.21,3915.07,10331.28,59.96,36.59,96.55,96.55,107.0, sdumont6071,1115778.24
2082.0,2156,1078,1107896.0,143928.0,143928.0,1107896.0,9031.68,4986.88,9031.68,4986.88,1.0,0,0.0,0.0,1000bs-1n-2th-377019s-DENV_1-usa-BVBRC_genome_sequence,sequana_cpu_dev,1,11371481.0,1000,1,2,377019,DENV_1-usa-BVBRC_genome_sequence,65165.08,39799.05,104964.13,60.51,36.95,97.46,97.46,1077.0, sdumont6071,113151332.14
2134.0,2174,1087,1325188.0,147568.0,147568.0,1325188.0,9277.44,4997.12,9277.44,4997.12,1.0,0,0.0,0.0,1000bs-1n-2th-377019s-DENV_1-usa-BVBRC_genome_sequence,sequana_cpu_dev,1,11371482.0,1000,1,2,377019,DENV_1-usa-BVBRC_genome_sequence,65677.97,40182.8,105860.77,60.48,37.0,97.48,97.48,1086.0, sdumont6071,115070656.99
2166.0,2234,1117,1108408.0,146624.0,146624.0,1108408.0,9502.72,5007.36,9502.72,5007.36,1.0,0,0.0,0.0,1000bs-1n-2th-377019s-DENV_1-usa-BVBRC_genome_sequence,sequana_cpu_dev,1,11371483.0,1000,1,2,377019,DENV_1-usa-BVBRC_genome_sequence,66931.26,41182.28,108113.54,59.97,36.9,96.88,96.88,1116.0, sdumont6071,120762824.18
2125.0,2192,1096,1325188.0,147472.0,147472.0,1325188.0,9267.2,4997.12,9267.2,4997.12,1.0,0,236.0,236.0,1000bs-1n-2th-377019s-DENV_1-usa-BVBRC_genome_sequence,sequana_cpu_dev,1,11371484.0,1000,1,2,377019,DENV_1-usa-BVBRC_genome_sequence,64191.95,44242.51,108434.46,58.68,40.44,99.12,99.12,1094.0, sdumont6165,118844168.16
2152.0,2270,1135,1330608.0,147204.0,147204.0,1330608.0,9533.44,4986.88,9533.44,4986.88,2.0,0,0.0,0.0,1000bs-1n-2th-377019s-DENV_1-usa-BVBRC_genome_sequence,sequana_cpu_dev,1,11371485.0,1000,1,2,377019,DENV_1-usa-BVBRC_genome_sequence,66080.48,45859.19,111939.67,58.27,40.44,98.71,98.71,1134.0, sdumont6165,127051525.45
176.0,330,55,1371664.0,141848.0,141848.0,1371664.0,1638.4,4249.6,1638.4,4249.6,1.0,0,0.0,0.0,100bs-1n-6th-377019s-DENV_1-usa-BVBRC_genome_sequence,sequana_cpu_dev,1,11371487.0,100,1,6,377019,DENV_1-usa-BVBRC_genome_sequence,4536.64,2148.2,6684.84,85.6,40.53,126.13,126.13,53.0, sdumont6165,367666.2
175.0,336,56,1371772.0,141800.0,141800.0,1371772.0,1638.4,4249.6,1638.4,4249.6,1.0,0,0.0,0.0,100bs-1n-6th-377019s-DENV_1-usa-BVBRC_genome_sequence,sequana_cpu_dev,1,11371488.0,100,1,6,377019,DENV_1-usa-BVBRC_genome_sequence,4514.11,2134.49,6648.6,83.59,39.53,123.12,123.12,54.0, sdumont6165,372321.6
177.0,324,54,1371812.0,141940.0,141940.0,1371812.0,1638.4,4249.6,1638.4,4249.6,1.0,0,1.0,1.0,100bs-1n-6th-377019s-DENV_1-usa-BVBRC_genome_sequence,sequana_cpu_dev,1,11371489.0,100,1,6,377019,DENV_1-usa-BVBRC_genome_sequence,4392.08,2061.67,6453.75,84.46,39.65,124.11,124.11,52.0, sdumont6165,348502.5
175.0,324,54,1371772.0,141796.0,141796.0,1371772.0,1638.4,4249.6,1638.4,4249.6,1.0,0,3.0,3.0,100bs-1n-6th-377019s-DENV_1-usa-BVBRC_genome_sequence,sequana_cpu_dev,1,11371490.0,100,1,6,377019,DENV_1-usa-BVBRC_genome_sequence,4376.14,2062.42,6438.55,84.16,39.66,123.82,123.82,52.0, sdumont6165,347681.7
177.0,318,53,1371772.0,144064.0,144064.0,1371772.0,1638.4,4249.6,1638.4,4249.6,1.0,0,1.0,1.0,100bs-1n-6th-377019s-DENV_1-usa-BVBRC_genome_sequence,sequana_cpu_dev,1,11371492.0,100,1,6,377019,DENV_1-usa-BVBRC_genome_sequence,4376.36,2055.48,6431.83,85.81,40.3,126.11,126.11,51.0, sdumont6165,340886.99
3039.0,3186,531,1600048.0,149828.0,149828.0,1600048.0,5099.52,4945.92,5099.52,4945.92,1.0,0,2.0,2.0,1000bs-1n-6th-377019s-DENV_1-usa-BVBRC_genome_sequence,sequana_cpu_dev,1,11371493.0,1000,1,6,377019,DENV_1-usa-BVBRC_genome_sequence,45811.88,21432.25,67244.13,86.44,40.44,126.88,126.88,530.0, sdumont6165,35706633.03
3042.0,3144,524,1600040.0,151680.0,151680.0,1600040.0,5120.0,4956.16,5120.0,4956.16,1.0,0,1.0,1.0,1000bs-1n-6th-377019s-DENV_1-usa-BVBRC_genome_sequence,sequana_cpu_dev,1,11371495.0,1000,1,6,377019,DENV_1-usa-BVBRC_genome_sequence,45137.85,21139.23,66277.08,86.47,40.5,126.97,126.97,522.0, sdumont6165,34729189.92
3032.0,3192,532,1371680.0,144468.0,144468.0,1371680.0,5089.28,4945.92,5089.28,4945.92,1.0,0,2.0,2.0,1000bs-1n-6th-377019s-DENV_1-usa-BVBRC_genome_sequence,sequana_cpu_dev,1,11371496.0,1000,1,6,377019,DENV_1-usa-BVBRC_genome_sequence,45634.33,21435.49,67069.82,86.1,40.44,126.55,126.55,530.0, sdumont6165,35681144.24
3032.0,3246,541,1371800.0,148192.0,148192.0,1371800.0,5120.0,4935.68,5120.0,4935.68,1.0,0,1.0,1.0,1000bs-1n-6th-377019s-DENV_1-usa-BVBRC_genome_sequence,sequana_cpu_dev,1,11371497.0,1000,1,6,377019,DENV_1-usa-BVBRC_genome_sequence,46557.8,21912.53,68470.34,86.38,40.65,127.03,127.03,539.0, sdumont6165,37042453.94
3039.0,3192,532,1377360.0,148248.0,148248.0,1377360.0,5120.0,4945.92,5120.0,4945.92,1.0,0,1.0,1.0,1000bs-1n-6th-377019s-DENV_1-usa-BVBRC_genome_sequence,sequana_cpu_dev,1,11371499.0,1000,1,6,377019,DENV_1-usa-BVBRC_genome_sequence,45980.83,21532.9,67513.72,86.76,40.63,127.38,127.38,530.0, sdumont6165,35917299.04
354.0,564,47,1776880.0,142160.0,142160.0,1776880.0,1638.4,4259.84,1638.4,4259.84,1.0,0,10.0,10.0,100bs-1n-12th-377019s-DENV_1-usa-BVBRC_genome_sequence,sequana_cpu_dev,1,11371500.0,100,1,12,377019,DENV_1-usa-BVBRC_genome_sequence,4517.78,1730.48,6248.26,102.68,39.33,142.01,142.01,44.0, sdumont6165,293668.22000000003
351.0,576,48,1777028.0,142396.0,142396.0,1777028.0,1638.4,4259.84,1638.4,4259.84,1.0,0,11.0,11.0,100bs-1n-12th-377019s-DENV_1-usa-BVBRC_genome_sequence,sequana_cpu_dev,1,11371501.0,100,1,12,377019,DENV_1-usa-BVBRC_genome_sequence,4725.43,1817.44,6542.88,102.73,39.51,142.24,142.24,46.0, sdumont6165,314058.24
348.0,612,51,1777032.0,144100.0,144100.0,1777032.0,1638.4,4249.6,1638.4,4249.6,1.0,0,4.0,4.0,100bs-1n-12th-377019s-DENV_1-usa-BVBRC_genome_sequence,sequana_cpu_dev,1,11371502.0,100,1,12,377019,DENV_1-usa-BVBRC_genome_sequence,5080.49,1955.32,7035.81,103.68,39.9,143.59,143.59,49.0, sdumont6165,358826.31
354.0,564,47,1777180.0,142440.0,142440.0,1777180.0,1638.4,4259.84,1638.4,4259.84,1.0,0,7.0,7.0,100bs-1n-12th-377019s-DENV_1-usa-BVBRC_genome_sequence,sequana_cpu_dev,1,11371503.0,100,1,12,377019,DENV_1-usa-BVBRC_genome_sequence,4678.26,1810.8,6489.06,103.96,40.24,144.2,144.2,45.0, sdumont6165,304985.82
352.0,540,45,1777032.0,142304.0,142304.0,1777032.0,1638.4,4259.84,1638.4,4259.84,1.0,0,9.0,9.0,100bs-1n-12th-377019s-DENV_1-usa-BVBRC_genome_sequence,sequana_cpu_dev,1,11371504.0,100,1,12,377019,DENV_1-usa-BVBRC_genome_sequence,4463.4,1726.0,6189.4,101.44,39.23,140.67,140.67,44.0, sdumont6165,278523.0
5372.0,5520,460,2005120.0,148272.0,148272.0,2005120.0,4648.96,4956.16,4648.96,4956.16,1.0,0,8.0,8.0,1000bs-1n-12th-377019s-DENV_1-usa-BVBRC_genome_sequence,sequana_cpu_dev,1,11371505.0,1000,1,12,377019,DENV_1-usa-BVBRC_genome_sequence,48591.81,18655.14,67246.95,106.1,40.73,146.83,146.83,458.0, sdumont6165,30933597.0
5375.0,5460,455,2005120.0,154256.0,154256.0,2005120.0,4567.04,4966.4,4567.04,4966.4,1.0,0,6.0,6.0,1000bs-1n-12th-377019s-DENV_1-usa-BVBRC_genome_sequence,sequana_cpu_dev,1,11371506.0,1000,1,12,377019,DENV_1-usa-BVBRC_genome_sequence,48109.37,18405.95,66515.31,106.2,40.63,146.83,146.83,453.0, sdumont6165,30264466.05
5699.0,5916,493,1782616.0,148712.0,148712.0,1782616.0,4884.48,4956.16,4884.48,4956.16,1.0,0,2.0,2.0,1000bs-1n-12th-377019s-DENV_1-usa-BVBRC_genome_sequence,sequana_cpu_dev,1,11371508.0,1000,1,12,377019,DENV_1-usa-BVBRC_genome_sequence,51890.49,19937.37,71827.86,105.47,40.52,145.99,145.99,492.0, sdumont6165,35411134.98
5376.0,5460,455,1776888.0,148464.0,148464.0,1776888.0,4587.52,4956.16,4587.52,4956.16,1.0,0,3.0,3.0,1000bs-1n-12th-377019s-DENV_1-usa-BVBRC_genome_sequence,sequana_cpu_dev,1,11371509.0,1000,1,12,377019,DENV_1-usa-BVBRC_genome_sequence,48041.77,18527.96,66569.73,105.82,40.81,146.63,146.63,454.0, sdumont6165,30289227.15
5351.0,5772,481,2005268.0,150372.0,150372.0,2005268.0,4669.44,4925.44,4669.44,4925.44,1.0,0,6.0,6.0,1000bs-1n-12th-377019s-DENV_1-usa-BVBRC_genome_sequence,sequana_cpu_dev,1,11371510.0,1000,1,12,377019,DENV_1-usa-BVBRC_genome_sequence,50883.45,19555.92,70439.37,106.45,40.91,147.36,147.36,478.0, sdumont6165,33881336.97
529.0,882,49,2182504.0,148612.0,148612.0,2182504.0,1638.4,4259.84,1638.4,4259.84,1.0,0,13.0,13.0,100bs-1n-18th-377019s-DENV_1-usa-BVBRC_genome_sequence,sequana_cpu_dev,1,11371512.0,100,1,18,377019,DENV_1-usa-BVBRC_genome_sequence,4990.88,1895.74,6886.62,106.19,40.33,146.52,146.52,47.0, sdumont6165,337444.38
528.0,918,51,2182504.0,142564.0,142564.0,2182504.0,1638.4,4259.84,1638.4,4259.84,1.0,0,22.0,22.0,100bs-1n-18th-377019s-DENV_1-usa-BVBRC_genome_sequence,sequana_cpu_dev,1,11371513.0,100,1,18,377019,DENV_1-usa-BVBRC_genome_sequence,5058.87,1932.31,6991.18,105.39,40.26,145.65,145.65,48.0, sdumont6165,356550.18
529.0,918,51,2182504.0,146708.0,146708.0,2182504.0,1638.4,4259.84,1638.4,4259.84,2.0,0,18.0,18.0,100bs-1n-18th-377019s-DENV_1-usa-BVBRC_genome_sequence,sequana_cpu_dev,1,11371514.0,100,1,18,377019,DENV_1-usa-BVBRC_genome_sequence,5267.29,1986.35,7253.64,105.35,39.73,145.07,145.07,50.0, sdumont6165,369935.64
523.0,1026,57,2182508.0,144640.0,144640.0,2182508.0,1617.92,4249.6,1617.92,4249.6,1.0,0,24.0,24.0,100bs-1n-18th-377019s-DENV_1-usa-BVBRC_genome_sequence,sequana_cpu_dev,1,11371517.0,100,1,18,377019,DENV_1-usa-BVBRC_genome_sequence,6126.42,2300.99,8427.41,109.4,41.09,150.49,150.49,56.0, sdumont6165,480362.37
529.0,882,49,2182652.0,144920.0,144920.0,2182652.0,1638.4,4259.84,1638.4,4259.84,2.0,0,12.0,12.0,100bs-1n-18th-377019s-DENV_1-usa-BVBRC_genome_sequence,sequana_cpu_dev,1,11371518.0,100,1,18,377019,DENV_1-usa-BVBRC_genome_sequence,5024.96,1920.31,6945.27,106.91,40.86,147.77,147.77,47.0, sdumont6165,340318.23000000004
8600.0,9018,501,2188076.0,147016.0,147016.0,2188076.0,4843.52,4945.92,4843.52,4945.92,1.0,0,7.0,7.0,1000bs-1n-18th-377019s-DENV_1-usa-BVBRC_genome_sequence,sequana_cpu_dev,1,11371519.0,1000,1,18,377019,DENV_1-usa-BVBRC_genome_sequence,53588.08,20342.17,73930.26,107.61,40.85,148.45,148.45,498.0, sdumont6165,37039060.26
8591.0,9072,504,2410744.0,148960.0,148960.0,2410744.0,4874.24,4935.68,4874.24,4935.68,1.0,0,11.0,11.0,1000bs-1n-18th-377019s-DENV_1-usa-BVBRC_genome_sequence,sequana_cpu_dev,1,11371520.0,1000,1,18,377019,DENV_1-usa-BVBRC_genome_sequence,54050.15,20455.31,74505.46,107.67,40.75,148.42,148.42,502.0, sdumont6165,37550751.84
8600.0,8784,488,2405324.0,150108.0,150108.0,2405324.0,4792.32,4956.16,4792.32,4956.16,1.0,0,10.0,10.0,1000bs-1n-18th-377019s-DENV_1-usa-BVBRC_genome_sequence,sequana_cpu_dev,1,11371521.0,1000,1,18,377019,DENV_1-usa-BVBRC_genome_sequence,52340.46,19856.08,72196.54,107.7,40.86,148.55,148.55,486.0, sdumont6165,35231911.52
8064.0,8622,479,2188072.0,151292.0,151292.0,2188072.0,4587.52,4925.44,4587.52,4925.44,1.0,0,19.0,19.0,1000bs-1n-18th-377019s-DENV_1-usa-BVBRC_genome_sequence,sequana_cpu_dev,1,11371522.0,1000,1,18,377019,DENV_1-usa-BVBRC_genome_sequence,51259.81,19451.9,70711.71,107.46,40.78,148.24,148.24,477.0, sdumont6165,33870909.09
8601.0,8748,486,2182508.0,150900.0,150900.0,2182508.0,4874.24,4966.4,4874.24,4966.4,1.0,0,9.0,9.0,1000bs-1n-18th-377019s-DENV_1-usa-BVBRC_genome_sequence,sequana_cpu_dev,1,11371523.0,1000,1,18,377019,DENV_1-usa-BVBRC_genome_sequence,52090.64,19776.25,71866.89,107.4,40.78,148.18,148.18,485.0, sdumont6165,34927308.54
702.0,1344,56,2588024.0,144912.0,144912.0,2588024.0,1638.4,4249.6,1638.4,4249.6,1.0,0,12.0,12.0,100bs-1n-24th-377019s-DENV_1-usa-BVBRC_genome_sequence,sequana_cpu_dev,1,11371524.0,100,1,24,377019,DENV_1-usa-BVBRC_genome_sequence,6439.66,2223.65,8663.31,119.25,41.18,160.43,160.43,54.0, sdumont6165,485145.36
704.0,1272,53,2588024.0,145232.0,145232.0,2588024.0,1638.4,4249.6,1638.4,4249.6,1.0,0,18.0,18.0,100bs-1n-24th-377019s-DENV_1-usa-BVBRC_genome_sequence,sequana_cpu_dev,1,11371525.0,100,1,24,377019,DENV_1-usa-BVBRC_genome_sequence,5919.67,2049.46,7969.12,116.07,40.19,156.26,156.26,51.0, sdumont6165,422363.36
703.0,1272,53,2588172.0,142944.0,142944.0,2588172.0,1638.4,4249.6,1638.4,4249.6,1.0,0,25.0,25.0,100bs-1n-24th-377019s-DENV_1-usa-BVBRC_genome_sequence,sequana_cpu_dev,1,11371526.0,100,1,24,377019,DENV_1-usa-BVBRC_genome_sequence,6180.97,2140.04,8321.01,118.86,41.15,160.02,160.02,52.0, sdumont6165,441013.53
704.0,1272,53,2588028.0,147232.0,147232.0,2588028.0,1638.4,4249.6,1638.4,4249.6,1.0,0,19.0,19.0,100bs-1n-24th-377019s-DENV_1-usa-BVBRC_genome_sequence,sequana_cpu_dev,1,11371527.0,100,1,24,377019,DENV_1-usa-BVBRC_genome_sequence,5905.59,2059.36,7964.95,113.57,39.6,153.17,153.17,52.0, sdumont6165,422142.35
704.0,1320,55,2588024.0,145092.0,145092.0,2588024.0,1638.4,4249.6,1638.4,4249.6,1.0,0,15.0,15.0,100bs-1n-24th-377019s-DENV_1-usa-BVBRC_genome_sequence,sequana_cpu_dev,1,11371528.0,100,1,24,377019,DENV_1-usa-BVBRC_genome_sequence,5904.47,2052.58,7957.05,115.77,40.25,156.02,156.02,51.0, sdumont6165,437637.75
12183.0,12480,520,2593592.0,149284.0,149284.0,2593592.0,5068.8,4956.16,5068.8,4956.16,1.0,0,18.0,18.0,1000bs-1n-24th-377019s-DENV_1-usa-BVBRC_genome_sequence,sequana_cpu_dev,1,11371529.0,1000,1,24,377019,DENV_1-usa-BVBRC_genome_sequence,62495.75,21557.84,84053.59,120.65,41.62,162.27,162.27,518.0, sdumont6165,43707866.8
12099.0,12768,532,2588180.0,149760.0,149760.0,2588180.0,5068.8,4945.92,5068.8,4945.92,1.0,0,269.0,269.0,1000bs-1n-24th-377019s-DENV_1-usa-BVBRC_genome_sequence,sequana_cpu_dev,1,11371530.0,1000,1,24,377019,DENV_1-usa-BVBRC_genome_sequence,62274.63,19251.16,81525.79,117.5,36.32,153.82,153.82,530.0, sdumont6074,43371720.28
12182.0,12504,521,2593996.0,150220.0,150220.0,2593996.0,5068.8,4956.16,5068.8,4956.16,1.0,0,17.0,17.0,1000bs-1n-24th-377019s-DENV_1-usa-BVBRC_genome_sequence,sequana_cpu_dev,1,11371531.0,1000,1,24,377019,DENV_1-usa-BVBRC_genome_sequence,61438.88,18918.77,80357.65,118.38,36.45,154.83,154.83,519.0, sdumont6074,41866335.65
12183.0,12528,522,2588032.0,155556.0,155556.0,2588032.0,5068.8,4956.16,5068.8,4956.16,1.0,0,20.0,20.0,1000bs-1n-24th-377019s-DENV_1-usa-BVBRC_genome_sequence,sequana_cpu_dev,1,11371532.0,1000,1,24,377019,DENV_1-usa-BVBRC_genome_sequence,61489.77,18891.86,80381.63,118.25,36.33,154.58,154.58,520.0, sdumont6074,41959210.86
12184.0,12768,532,2810844.0,149200.0,149200.0,2810844.0,4976.64,4945.92,4976.64,4945.92,1.0,0,18.0,18.0,1000bs-1n-24th-377019s-DENV_1-usa-BVBRC_genome_sequence,sequana_cpu_dev,1,11371533.0,1000,1,24,377019,DENV_1-usa-BVBRC_genome_sequence,62072.65,19231.32,81303.97,117.12,36.29,153.4,153.4,530.0, sdumont6074,43253712.04
1774.0,1980,66,2993524.0,145408.0,145408.0,2993524.0,1843.2,4280.32,1843.2,4280.32,1.0,0,21.0,21.0,100bs-1n-30th-377019s-DENV_1-usa-BVBRC_genome_sequence,sequana_cpu_dev,1,11371534.0,100,1,30,377019,DENV_1-usa-BVBRC_genome_sequence,7027.42,4466.18,11493.6,109.8,69.78,179.59,179.59,64.0, sdumont6074,758577.6
1776.0,1950,65,2993524.0,145420.0,145420.0,2993524.0,1843.2,4280.32,1843.2,4280.32,1.0,0,17.0,17.0,100bs-1n-30th-377019s-DENV_1-usa-BVBRC_genome_sequence,sequana_cpu_dev,1,11371535.0,100,1,30,377019,DENV_1-usa-BVBRC_genome_sequence,6951.63,4432.25,11383.88,110.34,70.35,180.7,180.7,63.0, sdumont6074,739952.2
1776.0,2280,76,2993376.0,145464.0,145464.0,2993376.0,1843.2,4270.08,1843.2,4270.08,1.0,0,12.0,12.0,100bs-1n-30th-377019s-DENV_1-usa-BVBRC_genome_sequence,sequana_cpu_dev,1,11371536.0,100,1,30,377019,DENV_1-usa-BVBRC_genome_sequence,8324.51,5228.01,13552.51,112.49,70.65,183.14,183.14,74.0, sdumont6074,1029990.76
1772.0,2100,70,2993524.0,145712.0,145712.0,2993524.0,1843.2,4280.32,1843.2,4280.32,1.0,0,15.0,15.0,100bs-1n-30th-377019s-DENV_1-usa-BVBRC_genome_sequence,sequana_cpu_dev,1,11371537.0,100,1,30,377019,DENV_1-usa-BVBRC_genome_sequence,7470.97,4737.75,12208.72,109.87,69.67,179.54,179.54,68.0, sdumont6074,854610.3999999999
1776.0,1920,64,2993540.0,151604.0,151604.0,2993540.0,1843.2,4290.56,1843.2,4290.56,1.0,0,13.0,13.0,100bs-1n-30th-377019s-DENV_1-usa-BVBRC_genome_sequence,sequana_cpu_dev,1,11371538.0,100,1,30,377019,DENV_1-usa-BVBRC_genome_sequence,6760.52,4317.41,11077.93,109.04,69.64,178.68,178.68,62.0, sdumont6074,708987.52
18816.0,19470,649,2999616.0,154800.0,154800.0,2999616.0,5908.48,4956.16,5908.48,4956.16,1.0,0,19.0,19.0,1000bs-1n-30th-377019s-DENV_1-usa-BVBRC_genome_sequence,sequana_cpu_dev,1,11371539.0,1000,1,30,377019,DENV_1-usa-BVBRC_genome_sequence,71907.24,46085.91,117993.15,111.14,71.23,182.37,182.37,647.0, sdumont6074,76577554.35
18797.0,19830,661,3216536.0,150064.0,150064.0,3216536.0,5918.72,4945.92,5918.72,4945.92,1.0,0,14.0,14.0,1000bs-1n-30th-377019s-DENV_1-usa-BVBRC_genome_sequence,sequana_cpu_dev,1,11371543.0,1000,1,30,377019,DENV_1-usa-BVBRC_genome_sequence,73194.12,46819.11,120013.23,111.07,71.05,182.11,182.11,659.0, sdumont6074,79328745.03
18817.0,19410,647,2999284.0,154016.0,154016.0,2999284.0,5908.48,4966.4,5908.48,4966.4,1.0,0,14.0,14.0,1000bs-1n-30th-377019s-DENV_1-usa-BVBRC_genome_sequence,sequana_cpu_dev,1,11371546.0,1000,1,30,377019,DENV_1-usa-BVBRC_genome_sequence,71988.14,45973.49,117961.62,111.61,71.28,182.89,182.89,645.0, sdumont6074,76321168.14
19689.0,20430,681,3221956.0,150984.0,150984.0,3221956.0,6144.0,4956.16,6144.0,4956.16,1.0,0,18.0,18.0,1000bs-1n-30th-377019s-DENV_1-usa-BVBRC_genome_sequence,sequana_cpu_dev,1,11371547.0,1000,1,30,377019,DENV_1-usa-BVBRC_genome_sequence,75770.13,48297.52,124067.65,111.59,71.13,182.72,182.72,679.0, sdumont6074,84490069.64999999
18822.0,19440,648,3216388.0,153472.0,153472.0,3216388.0,5918.72,4966.4,5918.72,4966.4,1.0,0,28.0,28.0,1000bs-1n-30th-377019s-DENV_1-usa-BVBRC_genome_sequence,sequana_cpu_dev,1,11371549.0,1000,1,30,377019,DENV_1-usa-BVBRC_genome_sequence,71703.17,45953.09,117656.25,111.0,71.13,182.13,182.13,646.0, sdumont6074,76241250.0
2003.0,2700,75,3399060.0,145872.0,145872.0,3399060.0,1843.2,4270.08,1843.2,4270.08,1.0,0,281.0,281.0,100bs-1n-36th-377019s-DENV_1-usa-BVBRC_genome_sequence,sequana_cpu_dev,1,11371551.0,100,1,36,377019,DENV_1-usa-BVBRC_genome_sequence,7715.59,6986.03,14701.62,105.69,95.7,201.39,201.39,73.0, sdumont6165,1102621.5
1832.0,3132,87,3398912.0,151664.0,151664.0,3398912.0,1863.68,4259.84,1863.68,4259.84,0.0,0,278.0,278.0,100bs-1n-36th-377019s-DENV_1-usa-BVBRC_genome_sequence,sequana_cpu_dev,1,11371552.0,100,1,36,377019,DENV_1-usa-BVBRC_genome_sequence,9018.38,8366.9,17385.28,104.86,97.29,202.15,202.15,86.0, sdumont6209,1512519.36
2129.0,2628,73,3399060.0,146044.0,146044.0,3399060.0,1843.2,4280.32,1843.2,4280.32,1.0,0,28.0,28.0,100bs-1n-36th-377019s-DENV_1-usa-BVBRC_genome_sequence,sequana_cpu_dev,1,11371553.0,100,1,36,377019,DENV_1-usa-BVBRC_genome_sequence,7787.66,7041.62,14829.28,109.69,99.18,208.86,208.86,71.0, sdumont6165,1082537.44
2128.0,2628,73,3399060.0,147916.0,147916.0,3399060.0,1843.2,4270.08,1843.2,4270.08,1.0,0,15.0,15.0,100bs-1n-36th-377019s-DENV_1-usa-BVBRC_genome_sequence,sequana_cpu_dev,1,11371554.0,100,1,36,377019,DENV_1-usa-BVBRC_genome_sequence,7926.51,7002.06,14928.57,110.09,97.25,207.34,207.34,72.0, sdumont6165,1089785.61
2128.0,2736,76,3398912.0,147792.0,147792.0,3398912.0,1843.2,4270.08,1843.2,4270.08,1.0,0,38.0,38.0,100bs-1n-36th-377019s-DENV_1-usa-BVBRC_genome_sequence,sequana_cpu_dev,1,11371555.0,100,1,36,377019,DENV_1-usa-BVBRC_genome_sequence,8194.61,7333.19,15527.79,110.74,99.1,209.84,209.84,74.0, sdumont6165,1180112.04
23655.0,24660,685,3621732.0,158004.0,158004.0,3621732.0,6133.76,4956.16,6133.76,4956.16,1.0,0,18.0,18.0,1000bs-1n-36th-377019s-DENV_1-usa-BVBRC_genome_sequence,sequana_cpu_dev,1,11371556.0,1000,1,36,377019,DENV_1-usa-BVBRC_genome_sequence,77124.16,68922.33,146046.49,112.92,100.91,213.83,213.83,683.0, sdumont6165,100041845.65
26830.0,27864,774,3627328.0,151356.0,151356.0,3627328.0,6645.76,4966.4,6645.76,4966.4,1.0,0,36.0,36.0,1000bs-1n-36th-377019s-DENV_1-usa-BVBRC_genome_sequence,sequana_cpu_dev,1,11371557.0,1000,1,36,377019,DENV_1-usa-BVBRC_genome_sequence,87525.13,78436.1,165961.24,113.37,101.6,214.98,214.98,772.0, sdumont6165,128453999.76
25771.0,27000,750,3621908.0,153988.0,153988.0,3621908.0,6563.84,4956.16,6563.84,4956.16,1.0,0,24.0,24.0,1000bs-1n-36th-377019s-DENV_1-usa-BVBRC_genome_sequence,sequana_cpu_dev,1,11371559.0,1000,1,36,377019,DENV_1-usa-BVBRC_genome_sequence,84911.35,75882.2,160793.56,113.52,101.45,214.96,214.96,748.0, sdumont6165,120595170.0
24731.0,25524,709,3621908.0,152164.0,152164.0,3621908.0,6338.56,4966.4,6338.56,4966.4,1.0,0,16.0,16.0,1000bs-1n-36th-377019s-DENV_1-usa-BVBRC_genome_sequence,sequana_cpu_dev,1,11371562.0,1000,1,36,377019,DENV_1-usa-BVBRC_genome_sequence,79557.11,70988.72,150545.84,112.53,100.41,212.94,212.94,707.0, sdumont6165,106737000.56
24732.0,25092,697,3627492.0,151932.0,151932.0,3627492.0,6164.48,4976.64,6164.48,4976.64,1.0,0,18.0,18.0,1000bs-1n-36th-377019s-DENV_1-usa-BVBRC_genome_sequence,sequana_cpu_dev,1,11371564.0,1000,1,36,377019,DENV_1-usa-BVBRC_genome_sequence,78205.54,70518.08,148723.63,112.53,101.46,213.99,213.99,695.0, sdumont6165,103660370.11
2475.0,3024,72,3804616.0,146004.0,146004.0,3804616.0,1832.96,4280.32,1832.96,4280.32,1.0,0,53.0,53.0,100bs-1n-42th-377019s-DENV_1-usa-BVBRC_genome_sequence,sequana_cpu_dev,1,11371567.0,100,1,42,377019,DENV_1-usa-BVBRC_genome_sequence,7755.76,7240.78,14996.54,110.8,103.44,214.24,214.24,70.0, sdumont6165,1079750.88
2476.0,3948,94,3804468.0,148172.0,148172.0,3804468.0,1843.2,4270.08,1843.2,4270.08,1.0,0,23.0,23.0,100bs-1n-42th-377019s-DENV_1-usa-BVBRC_genome_sequence,sequana_cpu_dev,1,11371568.0,100,1,42,377019,DENV_1-usa-BVBRC_genome_sequence,8832.27,8242.46,17074.73,113.23,105.67,218.91,218.91,78.0, sdumont6165,1605024.62
2479.0,3570,85,3804616.0,146020.0,146020.0,3804616.0,1843.2,4270.08,1843.2,4270.08,1.0,0,40.0,40.0,100bs-1n-42th-377019s-DENV_1-usa-BVBRC_genome_sequence,sequana_cpu_dev,1,11371569.0,100,1,42,377019,DENV_1-usa-BVBRC_genome_sequence,9207.24,8521.19,17728.43,110.93,102.66,213.6,213.6,83.0, sdumont6165,1506916.55
2472.0,3654,87,3804468.0,150276.0,150276.0,3804468.0,1843.2,4259.84,1843.2,4259.84,1.0,0,25.0,25.0,100bs-1n-42th-377019s-DENV_1-usa-BVBRC_genome_sequence,sequana_cpu_dev,1,11371570.0,100,1,42,377019,DENV_1-usa-BVBRC_genome_sequence,9635.9,9027.97,18663.87,113.36,106.21,219.57,219.57,85.0, sdumont6165,1623756.69
2479.0,3360,80,3804616.0,145816.0,145816.0,3804616.0,1843.2,4270.08,1843.2,4270.08,1.0,0,20.0,20.0,100bs-1n-42th-377019s-DENV_1-usa-BVBRC_genome_sequence,sequana_cpu_dev,1,11371572.0,100,1,42,377019,DENV_1-usa-BVBRC_genome_sequence,8649.61,7982.93,16632.54,112.33,103.67,216.01,216.01,77.0, sdumont6165,1330603.2000000002
32592.0,33264,792,3810184.0,152496.0,152496.0,3810184.0,6922.24,4976.64,6922.24,4976.64,1.0,0,29.0,29.0,1000bs-1n-42th-377019s-DENV_1-usa-BVBRC_genome_sequence,sequana_cpu_dev,1,11371573.0,1000,1,42,377019,DENV_1-usa-BVBRC_genome_sequence,89170.01,83276.11,172446.12,113.02,105.55,218.56,218.56,789.0, sdumont6165,136577327.04
32611.0,32886,783,3810332.0,150596.0,150596.0,3810332.0,6973.44,4986.88,6973.44,4986.88,1.0,0,30.0,30.0,1000bs-1n-42th-377019s-DENV_1-usa-BVBRC_genome_sequence,sequana_cpu_dev,1,11371576.0,1000,1,42,377019,DENV_1-usa-BVBRC_genome_sequence,88085.12,82038.9,170124.03,112.79,105.04,217.83,217.83,781.0, sdumont6165,133207115.49
31362.0,32718,779,3810036.0,152584.0,152584.0,3810036.0,6778.88,4956.16,6778.88,4956.16,1.0,0,35.0,35.0,1000bs-1n-42th-377019s-DENV_1-usa-BVBRC_genome_sequence,sequana_cpu_dev,1,11371579.0,1000,1,42,377019,DENV_1-usa-BVBRC_genome_sequence,87419.24,81462.21,168881.45,112.51,104.84,217.35,217.35,777.0, sdumont6165,131558649.55
33812.0,35154,837,4027436.0,154352.0,154352.0,4027436.0,7229.44,4966.4,7229.44,4966.4,1.0,0,49.0,49.0,1000bs-1n-42th-377019s-DENV_1-usa-BVBRC_genome_sequence,sequana_cpu_dev,1,11371583.0,1000,1,42,377019,DENV_1-usa-BVBRC_genome_sequence,95187.03,88740.29,183927.32,114.13,106.4,220.54,220.54,834.0, sdumont6165,153947166.84
33839.0,34566,823,4027436.0,156332.0,156332.0,4027436.0,7208.96,4976.64,7208.96,4976.64,3.0,0,35.0,35.0,1000bs-1n-42th-377019s-DENV_1-usa-BVBRC_genome_sequence,sequana_cpu_dev,1,11371585.0,1000,1,42,377019,DENV_1-usa-BVBRC_genome_sequence,92505.86,86505.51,179011.37,112.67,105.37,218.04,218.04,821.0, sdumont6165,147326357.51
4249.0,5280,110,4210016.0,146408.0,146408.0,4210016.0,2068.48,4280.32,2068.48,4280.32,1.0,0,27.0,27.0,100bs-1n-48th-377019s-DENV_1-usa-BVBRC_genome_sequence,sequana_cpu_dev,1,11371586.0,100,1,48,377019,DENV_1-usa-BVBRC_genome_sequence,12183.67,12553.91,24737.58,114.94,118.43,233.37,233.37,106.0, sdumont6165,2721133.8000000003
2825.0,3840,80,4210016.0,154600.0,154600.0,4210016.0,1843.2,4270.08,1843.2,4270.08,1.0,0,26.0,26.0,100bs-1n-48th-377019s-DENV_1-usa-BVBRC_genome_sequence,sequana_cpu_dev,1,11371587.0,100,1,48,377019,DENV_1-usa-BVBRC_genome_sequence,8840.26,9252.41,18092.67,111.9,117.12,229.02,229.02,79.0, sdumont6165,1447413.6
2820.0,4368,91,4210164.0,148456.0,148456.0,4210164.0,1843.2,4259.84,1843.2,4259.84,1.0,0,31.0,31.0,100bs-1n-48th-377019s-DENV_1-usa-BVBRC_genome_sequence,sequana_cpu_dev,1,11371588.0,100,1,48,377019,DENV_1-usa-BVBRC_genome_sequence,10107.01,10548.53,20655.54,113.56,118.52,232.08,232.08,89.0, sdumont6165,1879654.14
2822.0,4080,85,4210016.0,150476.0,150476.0,4210016.0,1863.68,4270.08,1863.68,4270.08,1.0,0,25.0,25.0,100bs-1n-48th-377019s-DENV_1-usa-BVBRC_genome_sequence,sequana_cpu_dev,1,11371590.0,100,1,48,377019,DENV_1-usa-BVBRC_genome_sequence,9308.98,9722.13,19031.11,112.16,117.13,229.29,229.29,83.0, sdumont6165,1617644.35
2828.0,4320,90,4210016.0,148308.0,148308.0,4210016.0,1843.2,4259.84,1843.2,4259.84,1.0,0,26.0,26.0,100bs-1n-48th-377019s-DENV_1-usa-BVBRC_genome_sequence,sequana_cpu_dev,1,11371591.0,100,1,48,377019,DENV_1-usa-BVBRC_genome_sequence,9837.98,10265.36,20103.35,111.8,116.65,228.45,228.45,88.0, sdumont6165,1809301.5
42987.0,43728,911,4438256.0,153956.0,153956.0,4438256.0,7925.76,4986.88,7925.76,4986.88,1.0,0,28.0,28.0,1000bs-1n-48th-377019s-DENV_1-usa-BVBRC_genome_sequence,sequana_cpu_dev,1,11371593.0,1000,1,48,377019,DENV_1-usa-BVBRC_genome_sequence,102907.34,106475.08,209382.41,113.21,117.13,230.34,230.34,909.0, sdumont6165,190747375.51
37219.0,37968,791,4438404.0,154868.0,154868.0,4438404.0,7055.36,4976.64,7055.36,4976.64,1.0,0,39.0,39.0,1000bs-1n-48th-377019s-DENV_1-usa-BVBRC_genome_sequence,sequana_cpu_dev,1,11371595.0,1000,1,48,377019,DENV_1-usa-BVBRC_genome_sequence,89417.06,93625.63,183042.69,113.33,118.66,231.99,231.99,789.0, sdumont6165,144786767.79
40142.0,41760,870,4438552.0,154768.0,154768.0,4438552.0,7454.72,4966.4,7454.72,4966.4,1.0,0,32.0,32.0,1000bs-1n-48th-377019s-DENV_1-usa-BVBRC_genome_sequence,sequana_cpu_dev,1,11371604.0,1000,1,48,377019,DENV_1-usa-BVBRC_genome_sequence,97591.31,101846.57,199437.89,112.43,117.33,229.77,229.77,868.0, sdumont6165,173510964.3
44418.0,44736,932,4432836.0,158248.0,158248.0,4432836.0,8130.56,4997.12,8130.56,4997.12,1.0,0,37.0,37.0,1000bs-1n-48th-377019s-DENV_1-usa-BVBRC_genome_sequence,sequana_cpu_dev,1,11371615.0,1000,1,48,377019,DENV_1-usa-BVBRC_genome_sequence,104794.09,108648.06,213442.15,112.68,116.83,229.51,229.51,930.0, sdumont6165,198928083.8
34217.0,34896,727,4432984.0,155016.0,155016.0,4432984.0,6604.8,4976.64,6604.8,4976.64,1.0,0,283.0,283.0,1000bs-1n-48th-377019s-DENV_1-usa-BVBRC_genome_sequence,sequana_cpu_dev,1,11371626.0,1000,1,48,377019,DENV_1-usa-BVBRC_genome_sequence,81725.35,81682.01,163407.36,112.72,112.66,225.39,225.39,725.0, sdumont6166,118797150.71999998
103.0,264,66,1111486.0,154024.0,148958.0,1114908.0,1863.68,4249.6,1863.68,4249.6,1.0,0,118.0,236.0,100bs-2n-2th-377019s-DENV_1-usa-BVBRC_genome_sequence,sequana_cpu_dev,2,11371633.0,100,1,2,377019,DENV_1-usa-BVBRC_genome_sequence,7632.32,4782.83,12415.15,117.42,73.58,191.0,95.5,65.0, sdumont6166,819399.9
57.0,232,58,1108704.0,151764.0,146690.0,1114936.0,1638.4,4229.12,1638.4,4229.12,4.0,0,0.0,0.0,100bs-2n-2th-377019s-DENV_1-usa-BVBRC_genome_sequence,sequana_cpu_dev,2,11371647.0,100,1,2,377019,DENV_1-usa-BVBRC_genome_sequence,6988.4,4249.65,11238.06,124.79,75.89,200.68,100.34,56.0, sdumont6166,651807.48
58.0,244,61,1108694.0,151828.0,146842.0,1114748.0,1638.4,4229.12,1638.4,4229.12,1.0,0,0.0,0.0,100bs-2n-2th-377019s-DENV_1-usa-BVBRC_genome_sequence,sequana_cpu_dev,2,11371649.0,100,1,2,377019,DENV_1-usa-BVBRC_genome_sequence,7352.19,4506.1,11858.29,124.61,76.37,200.99,100.49,59.0, sdumont6166,723355.6900000001
58.0,236,59,1108702.0,151984.0,146812.0,1114932.0,1638.4,4229.12,1638.4,4229.12,1.0,0,0.0,0.0,100bs-2n-2th-377019s-DENV_1-usa-BVBRC_genome_sequence,sequana_cpu_dev,2,11371650.0,100,1,2,377019,DENV_1-usa-BVBRC_genome_sequence,7151.14,4349.8,11500.94,123.3,75.0,198.29,99.15,58.0, sdumont6166,678555.4600000001
58.0,228,57,1108692.0,152152.0,146876.0,1114904.0,1638.4,4229.12,1638.4,4229.12,1.0,0,0.0,0.0,100bs-2n-2th-377019s-DENV_1-usa-BVBRC_genome_sequence,sequana_cpu_dev,2,11371654.0,100,1,2,377019,DENV_1-usa-BVBRC_genome_sequence,6889.44,4160.12,11049.56,123.03,74.29,197.31,98.66,56.0, sdumont6166,629824.9199999999
1206.0,2880,720,1222858.0,156332.0,152014.0,1330800.0,6481.92,4608.0,6502.4,4608.0,1.0,0,0.0,0.0,1000bs-2n-2th-377019s-DENV_1-usa-BVBRC_genome_sequence,sequana_cpu_dev,2,11371656.0,1000,1,2,377019,DENV_1-usa-BVBRC_genome_sequence,87910.05,55401.85,143311.9,122.27,77.05,199.32,99.66,719.0, sdumont6166,103184568.0
1195.0,2648,662,1114618.0,160708.0,155844.0,1120648.0,6400.0,4751.36,6543.36,4884.48,194.0,0,0.0,0.0,1000bs-2n-2th-377019s-DENV_1-usa-BVBRC_genome_sequence,sequana_cpu_dev,2,11371666.0,1000,1,2,377019,DENV_1-usa-BVBRC_genome_sequence,81863.82,51034.31,132898.13,124.04,77.32,201.36,100.68,660.0, sdumont6166,87978562.06
1242.0,2952,738,1337068.0,157920.0,153894.0,1343140.0,6635.52,4608.0,6789.12,4618.24,1.0,0,0.0,0.0,1000bs-2n-2th-377019s-DENV_1-usa-BVBRC_genome_sequence,sequana_cpu_dev,2,11371678.0,1000,1,2,377019,DENV_1-usa-BVBRC_genome_sequence,89883.75,56892.5,146776.25,121.96,77.19,199.15,99.58,737.0, sdumont6166,108320872.5
1202.0,2860,715,1111552.0,156840.0,151520.0,1120476.0,6287.36,4597.76,6297.6,4608.0,1.0,0,0.0,0.0,1000bs-2n-2th-377019s-DENV_1-usa-BVBRC_genome_sequence,sequana_cpu_dev,2,11371691.0,1000,1,2,377019,DENV_1-usa-BVBRC_genome_sequence,86997.34,54884.12,141881.46,121.85,76.87,198.71,99.36,714.0, sdumont6166,101445243.9
1046.0,2268,567,1225908.0,158324.0,151674.0,1330964.0,5376.0,4587.52,5376.0,4597.76,1.0,0,118.0,236.0,1000bs-2n-2th-377019s-DENV_1-usa-BVBRC_genome_sequence,sequana_cpu_dev,2,11371694.0,1000,1,2,377019,DENV_1-usa-BVBRC_genome_sequence,65874.79,42994.82,108869.62,116.39,75.96,192.35,96.17,566.0, sdumont6165,61729074.54
0.0,336,28,265348.0,3156.0,3128.0,265348.0,0.0,0.0,0.0,0.0,1.0,0,0.0,0.0,100bs-2n-6th-377019s-DENV_1-usa-BVBRC_genome_sequence,sequana_cpu_dev,2,11371697.0,100,1,6,377019,DENV_1-usa-BVBRC_genome_sequence,4469.42,2001.2,6470.62,165.53,74.12,239.65,119.83,27.0, sdumont6165,181177.36
0.0,336,28,265348.0,3180.0,3146.0,265348.0,0.0,0.0,0.0,0.0,1.0,0,0.0,0.0,100bs-2n-6th-377019s-DENV_1-usa-BVBRC_genome_sequence,sequana_cpu_dev,2,11371698.0,100,1,6,377019,DENV_1-usa-BVBRC_genome_sequence,4510.45,2011.69,6522.14,167.05,74.51,241.56,120.78,27.0, sdumont6165,182619.92
0.0,336,28,265348.0,3164.0,3082.0,265348.0,0.0,0.0,0.0,0.0,1.0,0,0.0,0.0,100bs-2n-6th-377019s-DENV_1-usa-BVBRC_genome_sequence,sequana_cpu_dev,2,11371699.0,100,1,6,377019,DENV_1-usa-BVBRC_genome_sequence,4532.9,2020.14,6553.05,167.89,74.82,242.71,121.35,27.0, sdumont6165,183485.4
0.0,348,29,265348.0,3132.0,3130.0,265348.0,0.0,0.0,0.0,0.0,1.0,0,0.0,0.0,100bs-2n-6th-377019s-DENV_1-usa-BVBRC_genome_sequence,sequana_cpu_dev,2,11371700.0,100,1,6,377019,DENV_1-usa-BVBRC_genome_sequence,4607.75,2076.99,6684.74,164.56,74.18,238.74,119.37,28.0, sdumont6165,193857.46
0.0,336,28,265348.0,3124.0,3094.0,265348.0,0.0,0.0,0.0,0.0,1.0,0,0.0,0.0,100bs-2n-6th-377019s-DENV_1-usa-BVBRC_genome_sequence,sequana_cpu_dev,2,11371701.0,100,1,6,377019,DENV_1-usa-BVBRC_genome_sequence,4455.45,1997.76,6453.2,165.02,73.99,239.01,119.5,27.0, sdumont6165,180689.6
1598.0,3348,279,1380926.0,160896.0,155986.0,1389864.0,3399.68,4587.52,3409.92,4587.52,1.0,0,1.0,2.0,1000bs-2n-6th-377019s-DENV_1-usa-BVBRC_genome_sequence,sequana_cpu_dev,2,11371702.0,1000,1,6,377019,DENV_1-usa-BVBRC_genome_sequence,47531.86,21109.7,68641.56,170.98,75.93,246.91,123.46,278.0, sdumont6165,19150995.24
1570.0,3528,294,1600922.0,162704.0,154582.0,1607084.0,3420.16,4556.8,3430.4,4567.04,1.0,0,50.0,100.0,1000bs-2n-6th-377019s-DENV_1-usa-BVBRC_genome_sequence,sequana_cpu_dev,2,11371706.0,1000,1,6,377019,DENV_1-usa-BVBRC_genome_sequence,53228.31,22582.42,75810.73,181.67,77.07,258.74,129.37,293.0, sdumont6166,22288354.62
1754.0,3624,302,1603632.0,162724.0,153648.0,1607124.0,3635.2,4587.52,3635.2,4597.76,1.0,0,0.0,0.0,1000bs-2n-6th-377019s-DENV_1-usa-BVBRC_genome_sequence,sequana_cpu_dev,2,11371710.0,1000,1,6,377019,DENV_1-usa-BVBRC_genome_sequence,54631.13,23295.18,77926.31,181.82,77.53,259.35,129.68,300.5, sdumont6166,23533745.62
1597.0,3372,281,1378154.0,161008.0,152894.0,1384304.0,3399.68,4577.28,3399.68,4577.28,1.0,0,0.0,1.0,1000bs-2n-6th-377019s-DENV_1-usa-BVBRC_genome_sequence,sequana_cpu_dev,2,11371712.0,1000,1,6,377019,DENV_1-usa-BVBRC_genome_sequence,51479.07,21618.21,73097.28,183.85,77.21,261.06,130.53,280.0, sdumont6166,20540335.68
1595.0,3360,280,1380966.0,161156.0,155820.0,1384460.0,3399.68,4577.28,3409.92,4577.28,1.0,0,1.0,3.0,1000bs-2n-6th-377019s-DENV_1-usa-BVBRC_genome_sequence,sequana_cpu_dev,2,11371715.0,1000,1,6,377019,DENV_1-usa-BVBRC_genome_sequence,51405.4,21598.28,73003.69,184.91,77.69,262.6,131.3,278.0, sdumont6166,20441033.2
0.0,624,26,265348.0,3172.0,2106.0,265348.0,0.0,0.0,0.0,0.0,1.0,0,0.0,0.0,100bs-2n-12th-377019s-DENV_1-usa-BVBRC_genome_sequence,sequana_cpu_dev,2,11371717.0,100,1,12,377019,DENV_1-usa-BVBRC_genome_sequence,5136.14,1815.28,6951.42,214.01,75.64,289.64,144.82,24.0, sdumont6166,180736.92
0.0,648,27,265348.0,3156.0,2094.0,265348.0,0.0,0.0,0.0,0.0,1.0,0,0.0,0.0,100bs-2n-12th-377019s-DENV_1-usa-BVBRC_genome_sequence,sequana_cpu_dev,2,11371719.0,100,1,12,377019,DENV_1-usa-BVBRC_genome_sequence,5309.1,1882.84,7191.95,212.36,75.31,287.68,143.84,25.0, sdumont6166,194182.65
0.0,696,29,265348.0,3124.0,2078.0,265348.0,0.0,0.0,0.0,0.0,0.0,0,0.0,0.0,100bs-2n-12th-377019s-DENV_1-usa-BVBRC_genome_sequence,sequana_cpu_dev,2,11371721.0,100,1,12,377019,DENV_1-usa-BVBRC_genome_sequence,4880.62,1958.44,6839.06,177.61,71.2,248.81,124.41,27.5, sdumont6165,198332.74
0.0,648,27,265348.0,1040.0,1040.0,265348.0,0.0,0.0,0.0,0.0,1.0,0,0.0,0.0,100bs-2n-12th-377019s-DENV_1-usa-BVBRC_genome_sequence,sequana_cpu_dev,2,11371723.0,100,1,12,377019,DENV_1-usa-BVBRC_genome_sequence,5067.16,1872.52,6939.68,194.89,72.02,266.91,133.46,26.0, sdumont6165,187371.36
0.0,624,26,265348.0,3108.0,2074.0,265348.0,0.0,0.0,0.0,0.0,2.0,0,0.0,0.0,100bs-2n-12th-377019s-DENV_1-usa-BVBRC_genome_sequence,sequana_cpu_dev,2,11371725.0,100,1,12,377019,DENV_1-usa-BVBRC_genome_sequence,4838.82,1783.41,6622.23,193.55,71.34,264.89,132.44,25.0, sdumont6165,172177.97999999998
2855.0,5832,243,1897474.0,162412.0,155576.0,2017732.0,3153.92,4587.52,3153.92,4587.52,1.0,0,2.0,3.0,1000bs-2n-12th-377019s-DENV_1-usa-BVBRC_genome_sequence,sequana_cpu_dev,2,11371726.0,1000,1,12,377019,DENV_1-usa-BVBRC_genome_sequence,50747.12,18502.37,69249.49,209.7,76.46,286.15,143.08,242.0, sdumont6165,16827626.07
2835.0,6360,265,1786186.0,158996.0,153982.0,1789604.0,3174.4,4556.8,3184.64,4567.04,2.0,0,6.0,7.0,1000bs-2n-12th-377019s-DENV_1-usa-BVBRC_genome_sequence,sequana_cpu_dev,2,11371729.0,1000,1,12,377019,DENV_1-usa-BVBRC_genome_sequence,58731.39,20394.98,79126.37,223.31,77.55,300.86,150.43,263.0, sdumont6166,20968488.05
2844.0,6120,255,1783358.0,163216.0,156202.0,1789508.0,3174.4,4577.28,3174.4,4577.28,1.0,0,3.0,5.0,1000bs-2n-12th-377019s-DENV_1-usa-BVBRC_genome_sequence,sequana_cpu_dev,2,11371734.0,1000,1,12,377019,DENV_1-usa-BVBRC_genome_sequence,56220.44,19629.93,75850.37,222.22,77.59,299.8,149.9,253.0, sdumont6166,19341844.35
2846.0,6072,253,1783360.0,161296.0,154154.0,1789504.0,3174.4,4577.28,3174.4,4587.52,2.0,0,3.0,4.0,1000bs-2n-12th-377019s-DENV_1-usa-BVBRC_genome_sequence,sequana_cpu_dev,2,11371735.0,1000,1,12,377019,DENV_1-usa-BVBRC_genome_sequence,56073.84,19469.96,75543.8,224.3,77.88,302.18,151.09,250.0, sdumont6166,19112581.4
2847.0,5952,248,1783362.0,159304.0,154134.0,1789508.0,3174.4,4577.28,3174.4,4587.52,2.0,0,7.0,8.0,1000bs-2n-12th-377019s-DENV_1-usa-BVBRC_genome_sequence,sequana_cpu_dev,2,11371739.0,1000,1,12,377019,DENV_1-usa-BVBRC_genome_sequence,55044.56,19127.95,74172.51,223.76,77.76,301.51,150.76,246.0, sdumont6166,18394782.48
0.0,1008,28,265348.0,1036.0,1036.0,265348.0,0.0,0.0,0.0,0.0,0.0,0,0.0,0.0,100bs-2n-18th-377019s-DENV_1-usa-BVBRC_genome_sequence,sequana_cpu_dev,2,11371741.0,100,1,18,377019,DENV_1-usa-BVBRC_genome_sequence,5966.74,2066.87,8033.61,220.99,76.55,297.54,148.77,27.0, sdumont6166,224941.08
0.0,972,27,265348.0,3140.0,3070.0,265348.0,0.0,0.0,0.0,0.0,3.0,0,0.0,0.0,100bs-2n-18th-377019s-DENV_1-usa-BVBRC_genome_sequence,sequana_cpu_dev,2,11371742.0,100,1,18,377019,DENV_1-usa-BVBRC_genome_sequence,5365.42,1885.46,7250.88,206.36,72.52,278.88,139.44,26.0, sdumont6166,195773.76
0.0,1008,28,265348.0,1032.0,1032.0,265348.0,0.0,0.0,0.0,0.0,3.0,0,0.0,0.0,100bs-2n-18th-377019s-DENV_1-usa-BVBRC_genome_sequence,sequana_cpu_dev,2,11371744.0,100,1,18,377019,DENV_1-usa-BVBRC_genome_sequence,5520.67,1911.64,7432.32,212.33,73.52,285.86,142.93,26.0, sdumont6166,208104.96
0.0,1044,29,265348.0,3152.0,3122.0,265348.0,0.0,0.0,0.0,0.0,3.0,0,0.0,0.0,100bs-2n-18th-377019s-DENV_1-usa-BVBRC_genome_sequence,sequana_cpu_dev,2,11371747.0,100,1,18,377019,DENV_1-usa-BVBRC_genome_sequence,5474.78,2075.34,7550.12,210.57,79.82,290.39,145.19,26.0, sdumont6165,218953.48
0.0,1008,28,265348.0,1036.0,1034.0,265348.0,0.0,0.0,0.0,0.0,3.0,0,0.0,0.0,100bs-2n-18th-377019s-DENV_1-usa-BVBRC_genome_sequence,sequana_cpu_dev,2,11371750.0,100,1,18,377019,DENV_1-usa-BVBRC_genome_sequence,5341.79,1855.14,7196.93,205.45,71.35,276.81,138.4,26.0, sdumont6166,201514.04
4285.0,9540,265,2188856.0,163344.0,156234.0,2195000.0,3174.4,4556.8,3184.64,4556.8,1.0,0,14.0,15.0,1000bs-2n-18th-377019s-DENV_1-usa-BVBRC_genome_sequence,sequana_cpu_dev,2,11371752.0,1000,1,18,377019,DENV_1-usa-BVBRC_genome_sequence,59599.72,20407.78,80007.5,226.61,77.6,304.21,152.11,263.0, sdumont6166,21201987.5
4283.0,9396,261,2300262.0,159712.0,155376.0,2405520.0,3174.4,4556.8,3174.4,4567.04,4.0,0,11.0,13.0,1000bs-2n-18th-377019s-DENV_1-usa-BVBRC_genome_sequence,sequana_cpu_dev,2,11371755.0,1000,1,18,377019,DENV_1-usa-BVBRC_genome_sequence,59226.96,20222.88,79449.84,228.68,78.08,306.76,153.38,259.0, sdumont6166,20736408.24
4811.0,10008,278,2300264.0,167472.0,160362.0,2405524.0,3399.68,4587.52,3409.92,4587.52,1.0,0,20.0,23.0,1000bs-2n-18th-377019s-DENV_1-usa-BVBRC_genome_sequence,sequana_cpu_dev,2,11371758.0,1000,1,18,377019,DENV_1-usa-BVBRC_genome_sequence,62782.32,21394.13,84176.44,227.91,77.66,305.57,152.79,275.5, sdumont6166,23401050.32
4282.0,9612,267,2191634.0,165628.0,157570.0,2195000.0,3174.4,4556.8,3174.4,4556.8,4.0,0,11.0,15.0,1000bs-2n-18th-377019s-DENV_1-usa-BVBRC_genome_sequence,sequana_cpu_dev,2,11371761.0,1000,1,18,377019,DENV_1-usa-BVBRC_genome_sequence,60344.36,20596.93,80941.29,227.71,77.72,305.44,152.72,265.0, sdumont6166,21611324.43
4292.0,9360,260,2302974.0,163380.0,155276.0,2410944.0,3164.16,4567.04,3174.4,4567.04,1.0,0,17.0,18.0,1000bs-2n-18th-377019s-DENV_1-usa-BVBRC_genome_sequence,sequana_cpu_dev,2,11371764.0,1000,1,18,377019,DENV_1-usa-BVBRC_genome_sequence,58469.85,20107.09,78576.94,226.63,77.93,304.56,152.28,258.0, sdumont6166,20430004.4
693.0,1536,32,2594248.0,155596.0,151286.0,2600396.0,1638.4,4249.6,1638.4,4249.6,1.0,0,20.0,23.0,100bs-2n-24th-377019s-DENV_1-usa-BVBRC_genome_sequence,sequana_cpu_dev,2,11371769.0,100,1,24,377019,DENV_1-usa-BVBRC_genome_sequence,7157.44,2289.75,9447.19,238.58,76.33,314.91,157.45,30.0, sdumont6166,302310.08
692.0,1824,38,2594250.0,155648.0,150364.0,2600396.0,1638.4,4239.36,1638.4,4249.6,1.0,0,17.0,19.0,100bs-2n-24th-377019s-DENV_1-usa-BVBRC_genome_sequence,sequana_cpu_dev,2,11371773.0,100,1,24,377019,DENV_1-usa-BVBRC_genome_sequence,8779.36,2738.04,11517.4,243.87,76.06,319.93,159.96,36.0, sdumont6166,437661.2
0.0,1488,31,265348.0,1036.0,1036.0,265348.0,0.0,0.0,0.0,0.0,1.0,0,0.0,0.0,100bs-2n-24th-377019s-DENV_1-usa-BVBRC_genome_sequence,sequana_cpu_dev,2,11371778.0,100,1,24,377019,DENV_1-usa-BVBRC_genome_sequence,7122.04,2260.41,9382.44,241.71,76.74,318.45,159.22,29.5, sdumont6166,290855.64
698.0,1584,33,2594324.0,157588.0,151540.0,2600544.0,1638.4,4249.6,1638.4,4249.6,1.0,0,26.0,28.0,100bs-2n-24th-377019s-DENV_1-usa-BVBRC_genome_sequence,sequana_cpu_dev,2,11371780.0,100,1,24,377019,DENV_1-usa-BVBRC_genome_sequence,7740.67,2442.24,10182.91,249.7,78.78,328.48,164.24,31.0, sdumont6166,336036.03
0.0,1392,29,265348.0,3124.0,2082.0,265348.0,0.0,0.0,0.0,0.0,1.0,0,0.0,0.0,100bs-2n-24th-377019s-DENV_1-usa-BVBRC_genome_sequence,sequana_cpu_dev,2,11371781.0,100,1,24,377019,DENV_1-usa-BVBRC_genome_sequence,6256.54,2116.69,8373.22,223.45,75.6,299.04,149.52,28.0, sdumont6165,242823.38
6419.0,14112,294,2597112.0,159832.0,155638.0,2605964.0,3389.44,4567.04,3399.68,4567.04,1.0,0,28.0,32.0,1000bs-2n-24th-377019s-DENV_1-usa-BVBRC_genome_sequence,sequana_cpu_dev,2,11371783.0,1000,1,24,377019,DENV_1-usa-BVBRC_genome_sequence,70754.05,22963.55,93717.6,241.48,78.37,319.86,159.93,293.0, sdumont6165,27552974.4
6424.0,13440,280,2597036.0,159656.0,154700.0,2600404.0,3399.68,4587.52,3399.68,4587.52,2.0,0,13.0,15.0,1000bs-2n-24th-377019s-DENV_1-usa-BVBRC_genome_sequence,sequana_cpu_dev,2,11371787.0,1000,1,24,377019,DENV_1-usa-BVBRC_genome_sequence,67106.04,21826.09,88932.12,240.52,78.23,318.75,159.38,279.0, sdumont6165,24900993.6
6412.0,14016,292,2705736.0,163780.0,156638.0,2823212.0,3409.92,4567.04,3409.92,4567.04,4.0,0,18.0,25.0,1000bs-2n-24th-377019s-DENV_1-usa-BVBRC_genome_sequence,sequana_cpu_dev,2,11371791.0,1000,1,24,377019,DENV_1-usa-BVBRC_genome_sequence,70108.87,22715.56,92824.42,240.92,78.06,318.98,159.49,291.0, sdumont6165,27104730.64
6430.0,13248,276,2822488.0,164980.0,157868.0,2828632.0,3379.2,4587.52,3379.2,4587.52,4.0,0,11.0,13.0,1000bs-2n-24th-377019s-DENV_1-usa-BVBRC_genome_sequence,sequana_cpu_dev,2,11371795.0,1000,1,24,377019,DENV_1-usa-BVBRC_genome_sequence,66126.98,21472.38,87599.37,240.46,78.08,318.54,159.27,275.0, sdumont6165,24177426.12
6434.0,13248,276,2711360.0,161600.0,155248.0,2816344.0,3389.44,4587.52,3399.68,4587.52,1.0,0,20.0,24.0,1000bs-2n-24th-377019s-DENV_1-usa-BVBRC_genome_sequence,sequana_cpu_dev,2,11371799.0,1000,1,24,377019,DENV_1-usa-BVBRC_genome_sequence,65867.18,21503.92,87371.1,239.52,78.2,317.71,158.86,275.0, sdumont6165,24114423.6
844.0,2160,36,2999860.0,157848.0,151738.0,3005932.0,1638.4,4239.36,1638.4,4249.6,1.0,0,19.0,25.0,100bs-2n-30th-377019s-DENV_1-usa-BVBRC_genome_sequence,sequana_cpu_dev,2,11371802.0,100,1,30,377019,DENV_1-usa-BVBRC_genome_sequence,7386.55,5187.93,12574.48,211.04,148.23,359.27,179.64,35.0, sdumont6165,452681.28
865.0,2280,38,2999934.0,163988.0,154754.0,3006080.0,1638.4,4239.36,1638.4,4239.36,1.0,0,16.0,17.0,100bs-2n-30th-377019s-DENV_1-usa-BVBRC_genome_sequence,sequana_cpu_dev,2,11371804.0,100,1,30,377019,DENV_1-usa-BVBRC_genome_sequence,7849.76,5485.01,13334.77,212.16,148.24,360.4,180.2,37.0, sdumont6165,506721.26
872.0,2280,38,2999860.0,155756.0,150780.0,3005932.0,1638.4,4239.36,1638.4,4239.36,1.0,0,19.0,21.0,100bs-2n-30th-377019s-DENV_1-usa-BVBRC_genome_sequence,sequana_cpu_dev,2,11371806.0,100,1,30,377019,DENV_1-usa-BVBRC_genome_sequence,7913.4,5556.52,13469.92,213.88,150.18,364.05,182.03,37.0, sdumont6165,511856.96
876.0,2160,36,2999860.0,156060.0,150746.0,3006080.0,1638.4,4239.36,1638.4,4249.6,1.0,0,18.0,23.0,100bs-2n-30th-377019s-DENV_1-usa-BVBRC_genome_sequence,sequana_cpu_dev,2,11371807.0,100,1,30,377019,DENV_1-usa-BVBRC_genome_sequence,7509.25,5285.36,12794.61,214.55,151.01,365.56,182.78,35.0, sdumont6165,460605.96
875.0,2160,36,2999934.0,159904.0,151628.0,3006080.0,1638.4,4239.36,1638.4,4239.36,1.0,0,11.0,12.0,100bs-2n-30th-377019s-DENV_1-usa-BVBRC_genome_sequence,sequana_cpu_dev,2,11371810.0,100,1,30,377019,DENV_1-usa-BVBRC_genome_sequence,7462.45,5236.63,12699.08,213.21,149.62,362.83,181.42,35.0, sdumont6165,457166.88
10710.0,21900,365,3225538.0,166312.0,159034.0,3234468.0,4044.8,4597.76,4044.8,4597.76,1.0,0,27.0,34.0,1000bs-2n-30th-377019s-DENV_1-usa-BVBRC_genome_sequence,sequana_cpu_dev,2,11371812.0,1000,1,30,377019,DENV_1-usa-BVBRC_genome_sequence,83208.74,57969.05,141177.79,228.6,159.26,387.85,193.93,364.0, sdumont6165,51529893.35
9820.0,21600,360,3222754.0,164052.0,159156.0,3228900.0,3819.52,4567.04,3819.52,4577.28,1.0,0,22.0,25.0,1000bs-2n-30th-377019s-DENV_1-usa-BVBRC_genome_sequence,sequana_cpu_dev,2,11371820.0,1000,1,30,377019,DENV_1-usa-BVBRC_genome_sequence,82194.23,57218.91,139413.14,228.95,159.38,388.34,194.17,359.0, sdumont6165,50188730.400000006
10706.0,22920,382,3111200.0,159944.0,157168.0,3216460.0,4014.08,4587.52,4024.32,4597.76,1.0,0,76.0,131.0,1000bs-2n-30th-377019s-DENV_1-usa-BVBRC_genome_sequence,sequana_cpu_dev,2,11371827.0,1000,1,30,377019,DENV_1-usa-BVBRC_genome_sequence,92045.42,61101.69,153147.1,242.22,160.79,403.02,201.51,380.0, sdumont6166,58502192.2
10707.0,22500,375,3114054.0,166252.0,159030.0,3228900.0,4044.8,4587.52,4044.8,4597.76,1.0,0,17.0,19.0,1000bs-2n-30th-377019s-DENV_1-usa-BVBRC_genome_sequence,sequana_cpu_dev,2,11371831.0,1000,1,30,377019,DENV_1-usa-BVBRC_genome_sequence,90491.71,60404.32,150896.03,242.61,161.94,404.55,202.27,373.0, sdumont6166,56586011.25
11624.0,23520,392,3116838.0,164424.0,157848.0,3222028.0,4229.12,4597.76,4229.12,4597.76,1.0,0,16.0,21.0,1000bs-2n-30th-377019s-DENV_1-usa-BVBRC_genome_sequence,sequana_cpu_dev,2,11371836.0,1000,1,30,377019,DENV_1-usa-BVBRC_genome_sequence,94575.62,62912.81,157488.43,242.5,161.31,403.82,201.91,390.0, sdumont6166,61735464.56
1040.0,3240,45,3405326.0,155892.0,150562.0,3411472.0,1638.4,4239.36,1638.4,4239.36,1.0,0,23.0,32.0,100bs-2n-36th-377019s-DENV_1-usa-BVBRC_genome_sequence,sequana_cpu_dev,2,11371837.0,100,1,36,377019,DENV_1-usa-BVBRC_genome_sequence,10177.39,8417.31,18594.7,236.68,195.75,432.43,216.22,43.0, sdumont6166,836761.5
2074.0,4392,61,3405326.0,162188.0,153938.0,3411472.0,1873.92,4259.84,1894.4,4280.32,1.0,0,92.0,148.0,100bs-2n-36th-377019s-DENV_1-usa-BVBRC_genome_sequence,sequana_cpu_dev,2,11371839.0,100,1,36,377019,DENV_1-usa-BVBRC_genome_sequence,13514.2,11908.97,25423.17,225.24,198.48,423.72,211.86,60.0, sdumont6165,1550813.37
1040.0,3816,53,3405400.0,155620.0,150720.0,3411620.0,1638.4,4229.12,1638.4,4239.36,1.0,0,32.0,41.0,100bs-2n-36th-377019s-DENV_1-usa-BVBRC_genome_sequence,sequana_cpu_dev,2,11371841.0,100,1,36,377019,DENV_1-usa-BVBRC_genome_sequence,11643.69,10344.39,21988.09,226.11,200.85,426.95,213.48,51.5, sdumont6165,1165368.77
1034.0,3096,43,3405400.0,155872.0,152944.0,3411620.0,1638.4,4239.36,1638.4,4239.36,1.0,0,25.0,36.0,100bs-2n-36th-377019s-DENV_1-usa-BVBRC_genome_sequence,sequana_cpu_dev,2,11371842.0,100,1,36,377019,DENV_1-usa-BVBRC_genome_sequence,8870.76,7752.91,16623.67,211.21,184.59,395.8,197.9,42.0, sdumont6165,714817.8099999999
1045.0,2952,41,3405400.0,156084.0,150680.0,3411620.0,1638.4,4239.36,1638.4,4239.36,0.0,0,19.0,22.0,100bs-2n-36th-377019s-DENV_1-usa-BVBRC_genome_sequence,sequana_cpu_dev,2,11371845.0,100,1,36,377019,DENV_1-usa-BVBRC_genome_sequence,8750.33,7611.19,16361.52,218.76,190.28,409.04,204.52,40.0, sdumont6165,670822.3200000001
13929.0,28584,397,3519668.0,166652.0,160548.0,3634440.0,4270.08,4597.76,4270.08,4597.76,1.0,0,27.0,30.0,1000bs-2n-36th-377019s-DENV_1-usa-BVBRC_genome_sequence,sequana_cpu_dev,2,11371848.0,1000,1,36,377019,DENV_1-usa-BVBRC_genome_sequence,89820.47,79038.35,168858.82,227.39,200.1,427.49,213.75,395.0, sdumont6165,67036951.54
13940.0,29016,403,3408186.0,162456.0,158710.0,3411476.0,4259.84,4597.76,4259.84,4597.76,1.0,0,16.0,18.0,1000bs-2n-36th-377019s-DENV_1-usa-BVBRC_genome_sequence,sequana_cpu_dev,2,11371852.0,1000,1,36,377019,DENV_1-usa-BVBRC_genome_sequence,91262.04,80027.19,171289.24,227.02,199.07,426.09,213.05,402.0, sdumont6165,69029563.72
12882.0,26424,367,3410968.0,165052.0,158612.0,3417188.0,4003.84,4587.52,4003.84,4597.76,1.0,0,32.0,42.0,1000bs-2n-36th-377019s-DENV_1-usa-BVBRC_genome_sequence,sequana_cpu_dev,2,11371859.0,1000,1,36,377019,DENV_1-usa-BVBRC_genome_sequence,82249.34,71734.09,153983.43,225.34,196.53,421.87,210.94,365.0, sdumont6165,56511918.81
13952.0,29592,411,3519524.0,166896.0,158646.0,3639860.0,4229.12,4587.52,4249.6,4597.76,1.0,0,23.0,25.0,1000bs-2n-36th-377019s-DENV_1-usa-BVBRC_genome_sequence,sequana_cpu_dev,2,11371862.0,1000,1,36,377019,DENV_1-usa-BVBRC_genome_sequence,93425.04,80688.11,174113.16,228.15,197.05,425.2,212.6,409.5, sdumont6165,71560508.76
12875.0,27720,385,3411042.0,166980.0,161742.0,3417188.0,4014.08,4577.28,4024.32,4577.28,1.0,0,23.0,30.0,1000bs-2n-36th-377019s-DENV_1-usa-BVBRC_genome_sequence,sequana_cpu_dev,2,11371865.0,1000,1,36,377019,DENV_1-usa-BVBRC_genome_sequence,86372.41,75445.52,161817.93,224.93,196.47,421.4,210.7,384.0, sdumont6165,62299903.05
1215.0,4452,53,3810882.0,155808.0,150890.0,3817028.0,1638.4,4229.12,1638.4,4239.36,1.0,0,36.0,37.0,100bs-2n-42th-377019s-DENV_1-usa-BVBRC_genome_sequence,sequana_cpu_dev,2,11371866.0,100,1,42,377019,DENV_1-usa-BVBRC_genome_sequence,11649.2,10683.38,22332.58,224.02,205.45,429.47,214.74,52.0, sdumont6165,1183626.74
1218.0,3948,47,3810882.0,158540.0,152324.0,3817028.0,1638.4,4239.36,1638.4,4239.36,1.0,0,30.0,34.0,100bs-2n-42th-377019s-DENV_1-usa-BVBRC_genome_sequence,sequana_cpu_dev,2,11371868.0,100,1,42,377019,DENV_1-usa-BVBRC_genome_sequence,9940.97,9036.96,18977.92,218.52,198.61,417.13,208.56,45.5, sdumont6165,891962.2399999999
1213.0,4368,52,3810956.0,156004.0,150954.0,3817176.0,1638.4,4229.12,1638.4,4229.12,1.0,0,24.0,24.0,100bs-2n-42th-377019s-DENV_1-usa-BVBRC_genome_sequence,sequana_cpu_dev,2,11371869.0,100,1,42,377019,DENV_1-usa-BVBRC_genome_sequence,11148.76,10213.1,21361.85,218.6,200.26,418.86,209.43,51.0, sdumont6165,1110816.2
1218.0,4032,48,3810956.0,156168.0,152366.0,3817176.0,1638.4,4239.36,1638.4,4239.36,1.0,0,26.0,33.0,100bs-2n-42th-377019s-DENV_1-usa-BVBRC_genome_sequence,sequana_cpu_dev,2,11371926.0,100,1,42,377019,DENV_1-usa-BVBRC_genome_sequence,10033.3,9201.18,19234.48,220.52,202.18,422.7,211.35,45.5, sdumont6165,923255.04
1211.0,4536,54,3810956.0,158092.0,152048.0,3817028.0,1638.4,4229.12,1638.4,4229.12,4.0,0,36.0,52.0,100bs-2n-42th-377019s-DENV_1-usa-BVBRC_genome_sequence,sequana_cpu_dev,2,11371936.0,100,1,42,377019,DENV_1-usa-BVBRC_genome_sequence,11628.25,10639.85,22268.1,225.79,206.56,432.35,216.18,51.5, sdumont6165,1202477.4
18762.0,40320,480,4036412.0,164560.0,158726.0,4039848.0,4689.92,4597.76,4700.16,4597.76,1.0,0,18.0,20.0,1000bs-2n-42th-377019s-DENV_1-usa-BVBRC_genome_sequence,sequana_cpu_dev,2,11371938.0,1000,1,42,377019,DENV_1-usa-BVBRC_genome_sequence,106043.82,97616.1,203659.93,226.83,208.8,435.63,217.82,467.5, sdumont6165,97756766.4
17449.0,36288,432,3813670.0,166228.0,159566.0,3822596.0,4454.4,4587.52,4454.4,4597.76,1.0,0,31.0,35.0,1000bs-2n-42th-377019s-DENV_1-usa-BVBRC_genome_sequence,sequana_cpu_dev,2,11371941.0,1000,1,42,377019,DENV_1-usa-BVBRC_genome_sequence,97625.51,89480.74,187106.25,227.3,208.33,435.63,217.82,429.5, sdumont6165,80829900.0
17517.0,37296,444,4039122.0,164380.0,161148.0,4045268.0,4464.64,4587.52,4474.88,4597.76,1.0,0,17.0,20.0,1000bs-2n-42th-377019s-DENV_1-usa-BVBRC_genome_sequence,sequana_cpu_dev,2,11371944.0,1000,1,42,377019,DENV_1-usa-BVBRC_genome_sequence,100274.18,91856.41,192130.59,226.61,207.58,434.19,217.09,442.5, sdumont6165,85305981.96
18740.0,39984,476,3927308.0,168004.0,159288.0,4027704.0,4669.44,4587.52,4669.44,4587.52,1.0,0,42.0,46.0,1000bs-2n-42th-377019s-DENV_1-usa-BVBRC_genome_sequence,sequana_cpu_dev,2,11371946.0,1000,1,42,377019,DENV_1-usa-BVBRC_genome_sequence,108552.56,99837.35,208389.91,228.77,210.4,439.18,219.59,474.5, sdumont6165,99193597.16
18734.0,39144,466,4036486.0,167240.0,160666.0,4039996.0,4689.92,4597.76,4700.16,4597.76,1.0,0,26.0,34.0,1000bs-2n-42th-377019s-DENV_1-usa-BVBRC_genome_sequence,sequana_cpu_dev,2,11371952.0,1000,1,42,377019,DENV_1-usa-BVBRC_genome_sequence,105586.14,96799.93,202386.07,227.31,208.39,435.7,217.85,464.5, sdumont6165,94311908.62
1390.0,5184,54,4216504.0,158868.0,153714.0,4222576.0,1638.4,4229.12,1638.4,4239.36,1.0,0,29.0,35.0,100bs-2n-48th-377019s-DENV_1-usa-BVBRC_genome_sequence,sequana_cpu_dev,2,11371956.0,100,1,48,377019,DENV_1-usa-BVBRC_genome_sequence,11752.97,12055.85,23808.82,226.02,231.84,457.86,228.93,52.0, sdumont6165,1285676.28
1389.0,4896,51,4216504.0,159068.0,153628.0,4222576.0,1638.4,4239.36,1638.4,4239.36,1.0,0,24.0,30.0,100bs-2n-48th-377019s-DENV_1-usa-BVBRC_genome_sequence,sequana_cpu_dev,2,11371958.0,100,1,48,377019,DENV_1-usa-BVBRC_genome_sequence,10262.24,10472.28,20734.52,218.35,222.81,441.16,220.58,47.0, sdumont6165,1057460.52
1381.0,5568,58,4216578.0,156612.0,151498.0,4222724.0,1638.4,4229.12,1638.4,4229.12,1.0,0,42.0,49.0,100bs-2n-48th-377019s-DENV_1-usa-BVBRC_genome_sequence,sequana_cpu_dev,2,11371960.0,100,1,48,377019,DENV_1-usa-BVBRC_genome_sequence,12630.43,12866.01,25496.44,225.54,229.75,455.29,227.65,56.0, sdumont6165,1478793.52
1391.0,4800,50,4216578.0,158292.0,153624.0,4222724.0,1638.4,4239.36,1638.4,4239.36,1.0,0,50.0,76.0,100bs-2n-48th-377019s-DENV_1-usa-BVBRC_genome_sequence,sequana_cpu_dev,2,11371961.0,100,1,48,377019,DENV_1-usa-BVBRC_genome_sequence,10888.78,11102.57,21991.35,226.85,231.3,458.15,229.08,48.0, sdumont6165,1099567.5
1383.0,4896,51,4216430.0,156360.0,152444.0,4222576.0,1638.4,4229.12,1638.4,4239.36,1.0,0,31.0,34.0,100bs-2n-48th-377019s-DENV_1-usa-BVBRC_genome_sequence,sequana_cpu_dev,2,11371962.0,100,1,48,377019,DENV_1-usa-BVBRC_genome_sequence,10895.4,11116.14,22011.54,222.36,226.86,449.22,224.61,49.0, sdumont6165,1122588.54
22878.0,46368,483,4439398.0,168576.0,159896.0,4445544.0,4935.68,4608.0,4945.92,4608.0,1.0,0,36.0,45.0,1000bs-2n-48th-377019s-DENV_1-usa-BVBRC_genome_sequence,sequana_cpu_dev,2,11371963.0,1000,1,48,377019,DENV_1-usa-BVBRC_genome_sequence,109344.02,111781.49,221125.51,227.56,232.64,460.21,230.1,480.5, sdumont6165,106803621.33
22860.0,48768,508,4333482.0,167568.0,160972.0,4438672.0,4935.68,4587.52,4945.92,4587.52,1.0,0,35.0,42.0,1000bs-2n-48th-377019s-DENV_1-usa-BVBRC_genome_sequence,sequana_cpu_dev,2,11371966.0,1000,1,48,377019,DENV_1-usa-BVBRC_genome_sequence,116154.89,118045.87,234200.75,229.56,233.29,462.85,231.42,506.0, sdumont6165,118973981.0
20000.0,42912,447,4219218.0,165256.0,159094.0,4222584.0,4505.6,4577.28,4526.08,4587.52,0.0,0,23.0,30.0,1000bs-2n-48th-377019s-DENV_1-usa-BVBRC_genome_sequence,sequana_cpu_dev,2,11371977.0,1000,1,48,377019,DENV_1-usa-BVBRC_genome_sequence,101184.44,104630.35,205814.79,227.38,235.12,462.51,231.25,445.0, sdumont6165,91999211.13
35651.0,72768,758,4222204.0,164860.0,161000.0,4228556.0,6502.4,4751.36,7014.4,4874.24,1.0,0,38.0,46.0,1000bs-2n-48th-377019s-DENV_1-usa-BVBRC_genome_sequence,sequana_cpu_dev,2,11371983.0,1000,1,48,377019,DENV_1-usa-BVBRC_genome_sequence,181016.37,184471.12,365487.49,239.76,244.33,484.09,242.04,755.0, sdumont6165,277039517.42
24279.0,50208,523,4327918.0,169880.0,161534.0,4433252.0,5181.44,4597.76,5201.92,4608.0,1.0,0,35.0,46.0,1000bs-2n-48th-377019s-DENV_1-usa-BVBRC_genome_sequence,sequana_cpu_dev,2,11371987.0,1000,1,48,377019,DENV_1-usa-BVBRC_genome_sequence,119468.39,122235.1,241703.49,229.31,234.62,463.92,231.96,521.0, sdumont6165,126410925.27
73.0,402,67,1115058.666015625,154096.0,152876.0,1115228.0,1884.16,4229.12,1884.16,4239.36,1.0,0,156.0,236.0,100bs-3n-2th-377019s-DENV_1-usa-BVBRC_genome_sequence,sequana_cpu_dev,3,11371990.0,100,1,2,377019,DENV_1-usa-BVBRC_genome_sequence,10377.05,7288.77,17665.82,157.23,110.44,267.66,89.22,66.0, sdumont6166,1183609.94
55.0,306,51,1114905.3330078125,152200.0,152076.0,1115044.0,1628.16,4229.12,1638.4,4229.12,1.0,0,0.0,0.0,100bs-3n-2th-377019s-DENV_1-usa-BVBRC_genome_sequence,sequana_cpu_dev,3,11371991.0,100,1,2,377019,DENV_1-usa-BVBRC_genome_sequence,8363.44,5479.54,13842.98,171.8,112.53,284.33,94.78,48.67, sdumont6166,705991.98
54.0,276,46,1114897.3330078125,153932.0,152650.666015625,1115020.0,1638.4,4229.12,1638.4,4229.12,1.0,0,0.0,0.0,100bs-3n-2th-377019s-DENV_1-usa-BVBRC_genome_sequence,sequana_cpu_dev,3,11371993.0,100,1,2,377019,DENV_1-usa-BVBRC_genome_sequence,7833.28,5098.79,12932.07,178.03,115.88,293.91,97.97,44.0, sdumont6166,594875.22
57.0,342,57,1114946.666015625,152368.0,152084.0,1115168.0,1638.4,4229.12,1638.4,4229.12,1.0,0,0.0,0.0,100bs-3n-2th-377019s-DENV_1-usa-BVBRC_genome_sequence,sequana_cpu_dev,3,11371994.0,100,1,2,377019,DENV_1-usa-BVBRC_genome_sequence,9134.86,6012.04,15146.91,179.11,117.88,297.0,99.0,51.0, sdumont6166,863373.87
45.0,336,56,1114902.666015625,152160.0,151941.3330078125,1115036.0,1648.64,4218.88,1658.88,4218.88,1.0,0,0.0,0.0,100bs-3n-2th-377019s-DENV_1-usa-BVBRC_genome_sequence,sequana_cpu_dev,3,11371995.0,100,1,2,377019,DENV_1-usa-BVBRC_genome_sequence,9397.0,6304.61,15701.61,174.02,116.75,290.77,96.92,54.0, sdumont6166,879290.16
829.0,2970,495,1116940.0,160496.0,158822.666015625,1120832.0,4853.76,4474.88,5007.36,4485.12,1.0,0,0.0,0.0,1000bs-3n-2th-377019s-DENV_1-usa-BVBRC_genome_sequence,sequana_cpu_dev,3,11371996.0,1000,1,2,377019,DENV_1-usa-BVBRC_genome_sequence,89501.82,59635.38,149137.21,181.18,120.72,301.9,100.63,494.0, sdumont6166,73822918.95
722.0,2520,420,1191044.0,162256.0,159748.0,1337816.0,4290.56,4454.4,4300.8,4464.64,1.0,0,0.0,0.0,1000bs-3n-2th-377019s-DENV_1-usa-BVBRC_genome_sequence,sequana_cpu_dev,3,11372005.0,1000,1,2,377019,DENV_1-usa-BVBRC_genome_sequence,77680.03,50492.62,128172.64,185.39,120.51,305.9,101.97,419.0, sdumont6166,53832508.8
739.0,2424,404,1118645.3330078125,160504.0,158506.666015625,1120476.0,4229.12,4474.88,4300.8,4474.88,1.0,0,0.0,0.0,1000bs-3n-2th-377019s-DENV_1-usa-BVBRC_genome_sequence,sequana_cpu_dev,3,11372008.0,1000,1,2,377019,DENV_1-usa-BVBRC_genome_sequence,73920.59,47263.95,121184.54,184.34,117.87,302.21,100.74,401.0, sdumont6165,48958554.16
767.0,2562,427,1268805.3330078125,158320.0,157594.666015625,1343152.0,4464.64,4474.88,4526.08,4474.88,1.0,0,39.0,117.0,1000bs-3n-2th-377019s-DENV_1-usa-BVBRC_genome_sequence,sequana_cpu_dev,3,11372010.0,1000,1,2,377019,DENV_1-usa-BVBRC_genome_sequence,76911.89,49719.66,126631.55,180.54,116.71,297.26,99.09,426.0, sdumont6165,54071671.85
1111.0,4560,760,1118685.3330078125,158268.0,156980.0,1120536.0,7342.08,4679.68,7690.24,5027.84,1.0,0,7.0,23.0,1000bs-3n-2th-377019s-DENV_1-usa-BVBRC_genome_sequence,sequana_cpu_dev,3,11372013.0,1000,1,2,377019,DENV_1-usa-BVBRC_genome_sequence,127208.88,88701.97,215910.85,168.1,117.22,285.32,95.11,756.67, sdumont6165,164092246.0
147.0,1098,61,1384272.0,154816.0,154398.666015625,1384308.0,1648.64,4229.12,1658.88,4239.36,1.0,0,17.0,50.0,100bs-3n-6th-377019s-DENV_1-usa-BVBRC_genome_sequence,sequana_cpu_dev,3,11372018.0,100,1,6,377019,DENV_1-usa-BVBRC_genome_sequence,13861.79,6724.34,20586.13,239.0,115.94,354.93,118.31,58.0, sdumont6165,1255753.9300000002
0.0,468,26,265348.0,3140.0,2410.666015625,265348.0,0.0,0.0,0.0,0.0,1.0,0,0.0,0.0,100bs-3n-6th-377019s-DENV_1-usa-BVBRC_genome_sequence,sequana_cpu_dev,3,11372020.0,100,1,6,377019,DENV_1-usa-BVBRC_genome_sequence,5950.25,2725.04,8675.29,238.01,109.0,347.01,115.67,25.0, sdumont6165,225557.54000000004
138.0,612,34,1532792.0,155972.0,153962.666015625,1607120.0,1648.64,4229.12,1658.88,4239.36,1.0,0,0.0,1.0,100bs-3n-6th-377019s-DENV_1-usa-BVBRC_genome_sequence,sequana_cpu_dev,3,11372021.0,100,1,6,377019,DENV_1-usa-BVBRC_genome_sequence,7144.02,3452.9,10596.91,216.49,104.63,321.12,107.04,33.0, sdumont6165,360294.94
0.0,450,25,265348.0,3152.0,2440.0,265348.0,0.0,0.0,0.0,0.0,1.0,0,0.0,0.0,100bs-3n-6th-377019s-DENV_1-usa-BVBRC_genome_sequence,sequana_cpu_dev,3,11372022.0,100,1,6,377019,DENV_1-usa-BVBRC_genome_sequence,5623.21,2550.01,8173.22,234.3,106.25,340.55,113.52,24.0, sdumont6165,204330.5
0.0,432,24,265348.0,3156.0,2437.3330078125,265348.0,0.0,0.0,0.0,0.0,1.0,0,0.0,0.0,100bs-3n-6th-377019s-DENV_1-usa-BVBRC_genome_sequence,sequana_cpu_dev,3,11372025.0,100,1,6,377019,DENV_1-usa-BVBRC_genome_sequence,5623.74,2556.26,8180.0,244.51,111.14,355.65,118.55,23.0, sdumont6165,196320.0
1204.0,4320,240,1536548.0,162256.0,160748.0,1612672.0,2979.84,4454.4,2979.84,4464.64,1.0,0,1.0,3.0,1000bs-3n-6th-377019s-DENV_1-usa-BVBRC_genome_sequence,sequana_cpu_dev,3,11372026.0,1000,1,6,377019,DENV_1-usa-BVBRC_genome_sequence,62253.95,27962.34,90216.28,260.48,117.0,377.47,125.82,239.0, sdumont6165,21651907.2
1046.0,3690,205,1384300.0,160592.0,159709.3330078125,1384312.0,2754.56,4433.92,2764.8,4433.92,1.0,0,0.0,1.0,1000bs-3n-6th-377019s-DENV_1-usa-BVBRC_genome_sequence,sequana_cpu_dev,3,11372028.0,1000,1,6,377019,DENV_1-usa-BVBRC_genome_sequence,54227.44,23943.68,78171.12,265.82,117.37,383.19,127.73,204.0, sdumont6165,16025079.6
1219.0,3870,215,1384446.666015625,161008.0,160893.3330078125,1384584.0,2959.36,4464.64,2990.08,4464.64,1.0,0,1.0,2.0,1000bs-3n-6th-377019s-DENV_1-usa-BVBRC_genome_sequence,sequana_cpu_dev,3,11372030.0,1000,1,6,377019,DENV_1-usa-BVBRC_genome_sequence,56241.22,24932.48,81173.7,262.81,116.51,379.32,126.44,214.0, sdumont6165,17452345.5
1195.0,4248,236,1384345.3330078125,160960.0,160241.3330078125,1384436.0,2990.08,4433.92,2990.08,4444.16,1.0,0,0.0,1.0,1000bs-3n-6th-377019s-DENV_1-usa-BVBRC_genome_sequence,sequana_cpu_dev,3,11372031.0,1000,1,6,377019,DENV_1-usa-BVBRC_genome_sequence,60917.31,27468.09,88385.39,259.22,116.89,376.11,125.37,235.0, sdumont6165,20858952.04
2065.0,7074,393,1384317.3330078125,160756.0,160068.0,1384340.0,4423.68,4474.88,4423.68,4485.12,1.0,0,0.0,1.0,1000bs-3n-6th-377019s-DENV_1-usa-BVBRC_genome_sequence,sequana_cpu_dev,3,11372032.0,1000,1,6,377019,DENV_1-usa-BVBRC_genome_sequence,94560.05,45254.32,139814.38,241.22,115.44,356.67,118.89,392.0, sdumont6165,54947051.34
332.0,1512,42,1789593.3330078125,154776.0,154005.3330078125,1789652.0,1658.88,4229.12,1658.88,4229.12,1.0,0,4.0,8.0,100bs-3n-12th-377019s-DENV_1-usa-BVBRC_genome_sequence,sequana_cpu_dev,3,11372036.0,100,1,12,377019,DENV_1-usa-BVBRC_genome_sequence,12929.58,4594.9,17524.48,320.47,113.91,434.39,144.8,40.33, sdumont6165,736028.16
0.0,720,20,265348.0,3152.0,2414.666015625,265348.0,0.0,0.0,0.0,0.0,1.0,0,0.0,0.0,100bs-3n-12th-377019s-DENV_1-usa-BVBRC_genome_sequence,sequana_cpu_dev,3,11372038.0,100,1,12,377019,DENV_1-usa-BVBRC_genome_sequence,5145.09,2095.83,7240.91,270.79,110.31,381.1,127.03,19.0, sdumont6166,144818.2
0.0,828,23,265348.0,3124.0,1729.3330078125,265348.0,0.0,0.0,0.0,0.0,1.0,0,0.0,0.0,100bs-3n-12th-377019s-DENV_1-usa-BVBRC_genome_sequence,sequana_cpu_dev,3,11372041.0,100,1,12,377019,DENV_1-usa-BVBRC_genome_sequence,6215.59,2320.21,8535.8,295.98,110.49,406.47,135.49,21.0, sdumont6166,196323.4
0.0,792,22,265348.0,1040.0,1038.666015625,265348.0,0.0,0.0,0.0,0.0,1.0,0,0.0,0.0,100bs-3n-12th-377019s-DENV_1-usa-BVBRC_genome_sequence,sequana_cpu_dev,3,11372042.0,100,1,12,377019,DENV_1-usa-BVBRC_genome_sequence,6382.82,2338.7,8721.52,319.14,116.94,436.08,145.36,20.0, sdumont6165,191873.44
0.0,756,21,265348.0,1036.0,1034.666015625,265348.0,0.0,0.0,0.0,0.0,1.0,0,0.0,0.0,100bs-3n-12th-377019s-DENV_1-usa-BVBRC_genome_sequence,sequana_cpu_dev,3,11372043.0,100,1,12,377019,DENV_1-usa-BVBRC_genome_sequence,5949.54,2168.28,8117.82,297.48,108.41,405.89,135.3,20.0, sdumont6165,170474.22
2110.0,7488,208,1791414.666015625,159440.0,159128.0,1795248.0,2754.56,4444.16,2764.8,4464.64,1.0,0,6.0,9.0,1000bs-3n-12th-377019s-DENV_1-usa-BVBRC_genome_sequence,sequana_cpu_dev,3,11372045.0,1000,1,12,377019,DENV_1-usa-BVBRC_genome_sequence,68175.31,25045.48,93220.79,330.95,121.58,452.53,150.84,206.0, sdumont6166,19389924.32
2766.0,9684,269,1789604.0,161064.0,160305.3330078125,1789668.0,3235.84,4444.16,3235.84,4454.4,1.0,0,4.0,8.0,1000bs-3n-12th-377019s-DENV_1-usa-BVBRC_genome_sequence,sequana_cpu_dev,3,11372048.0,1000,1,12,377019,DENV_1-usa-BVBRC_genome_sequence,88627.47,32403.28,121030.75,332.79,121.65,454.44,151.48,266.33, sdumont6166,32557271.75
2099.0,6804,189,1791409.3330078125,162996.0,161033.3330078125,1795068.0,2723.84,4454.4,2754.56,4464.64,1.0,0,5.0,7.0,1000bs-3n-12th-377019s-DENV_1-usa-BVBRC_genome_sequence,sequana_cpu_dev,3,11372049.0,1000,1,12,377019,DENV_1-usa-BVBRC_genome_sequence,61619.37,22763.73,84383.1,327.76,121.08,448.85,149.62,188.0, sdumont6166,15948405.9
2111.0,6948,193,1792904.0,165456.0,162094.666015625,1799332.0,2754.56,4444.16,2754.56,4454.4,1.0,0,6.0,7.0,1000bs-3n-12th-377019s-DENV_1-usa-BVBRC_genome_sequence,sequana_cpu_dev,3,11372051.0,1000,1,12,377019,DENV_1-usa-BVBRC_genome_sequence,62908.49,23224.74,86133.23,329.36,121.6,450.96,150.32,191.0, sdumont6166,16623713.39
2461.0,7956,221,1791426.666015625,161340.0,160590.666015625,1795048.0,2979.84,4464.64,2990.08,4464.64,1.0,0,6.0,10.0,1000bs-3n-12th-377019s-DENV_1-usa-BVBRC_genome_sequence,sequana_cpu_dev,3,11372052.0,1000,1,12,377019,DENV_1-usa-BVBRC_genome_sequence,72541.0,26614.2,99155.2,331.24,121.53,452.76,150.92,219.0, sdumont6166,21913299.2
0.0,1782,33,390857.3330078125,5224.0,3750.666015625,453612.0,1157.12,2846.72,1771.52,4290.56,1.0,0,0.0,0.0,100bs-3n-18th-377019s-DENV_1-usa-BVBRC_genome_sequence,sequana_cpu_dev,3,11372054.0,100,1,18,377019,DENV_1-usa-BVBRC_genome_sequence,9306.65,3355.96,12662.61,320.92,115.72,436.64,145.55,29.0, sdumont6166,417866.13
0.0,1566,29,265348.0,1036.0,1036.0,265348.0,0.0,0.0,0.0,0.0,1.0,0,0.0,0.0,100bs-3n-18th-377019s-DENV_1-usa-BVBRC_genome_sequence,sequana_cpu_dev,3,11372056.0,100,1,18,377019,DENV_1-usa-BVBRC_genome_sequence,8731.24,3095.66,11826.9,319.62,113.19,432.81,144.27,27.33, sdumont6165,342980.1
516.0,1836,34,2194968.0,155176.0,154401.3330078125,2195032.0,1648.64,4229.12,1658.88,4239.36,1.0,0,14.0,15.0,100bs-3n-18th-377019s-DENV_1-usa-BVBRC_genome_sequence,sequana_cpu_dev,3,11372080.0,100,1,18,377019,DENV_1-usa-BVBRC_genome_sequence,10809.74,3710.3,14520.04,327.57,112.43,440.0,146.67,33.0, sdumont6165,493681.36
0.0,1350,25,265348.0,3180.0,1752.0,265348.0,0.0,0.0,0.0,0.0,0.0,0,0.0,0.0,100bs-3n-18th-377019s-DENV_1-usa-BVBRC_genome_sequence,sequana_cpu_dev,3,11372082.0,100,1,18,377019,DENV_1-usa-BVBRC_genome_sequence,7056.19,2495.26,9551.45,306.79,108.49,415.28,138.43,23.0, sdumont6165,238786.25000000003
0.0,1296,24,265348.0,3124.0,1732.0,265348.0,0.0,0.0,0.0,0.0,1.0,0,0.0,0.0,100bs-3n-18th-377019s-DENV_1-usa-BVBRC_genome_sequence,sequana_cpu_dev,3,11372083.0,100,1,18,377019,DENV_1-usa-BVBRC_genome_sequence,7162.64,2522.96,9685.6,311.42,109.69,421.11,140.37,23.0, sdumont6165,232454.4
5238.0,17766,329,2198948.0,167472.0,162202.666015625,2201124.0,3696.64,4464.64,3706.88,4474.88,1.0,0,14.0,16.0,1000bs-3n-18th-377019s-DENV_1-usa-BVBRC_genome_sequence,sequana_cpu_dev,3,11372085.0,1000,1,18,377019,DENV_1-usa-BVBRC_genome_sequence,114284.94,39588.44,153873.39,349.5,121.07,470.56,156.85,327.0, sdumont6166,50624345.31
3715.0,12852,238,2195046.666015625,165672.0,162204.0,2195144.0,2979.84,4454.4,2990.08,4464.64,1.0,0,12.0,20.0,1000bs-3n-18th-377019s-DENV_1-usa-BVBRC_genome_sequence,sequana_cpu_dev,3,11372087.0,1000,1,18,377019,DENV_1-usa-BVBRC_genome_sequence,81162.02,28671.45,109833.47,344.38,121.64,466.02,155.34,235.67, sdumont6166,26140365.86
3717.0,11772,218,2195046.666015625,163428.0,161998.666015625,2195140.0,2918.4,4464.64,2949.12,4464.64,1.0,0,12.0,13.0,1000bs-3n-18th-377019s-DENV_1-usa-BVBRC_genome_sequence,sequana_cpu_dev,3,11372088.0,1000,1,18,377019,DENV_1-usa-BVBRC_genome_sequence,73641.14,26185.83,99826.97,342.52,121.79,464.31,154.77,215.0, sdumont6166,21762279.46
4216.0,14148,262,2269366.666015625,167012.0,164080.0,2417808.0,3215.36,4454.4,3215.36,4464.64,1.0,0,12.0,18.0,1000bs-3n-18th-377019s-DENV_1-usa-BVBRC_genome_sequence,sequana_cpu_dev,3,11372089.0,1000,1,18,377019,DENV_1-usa-BVBRC_genome_sequence,90318.49,31825.38,122143.87,347.38,122.41,469.78,156.59,260.0, sdumont6166,32001693.94
4242.0,13122,243,2343600.0,167744.0,164136.0,2417820.0,3246.08,4587.52,3522.56,4823.04,1.0,0,11.0,18.0,1000bs-3n-18th-377019s-DENV_1-usa-BVBRC_genome_sequence,sequana_cpu_dev,3,11372090.0,1000,1,18,377019,DENV_1-usa-BVBRC_genome_sequence,82782.63,28565.65,111348.28,342.08,118.04,460.12,153.37,242.0, sdumont6165,27057632.04
0.0,2232,31,265348.0,3104.0,1724.0,265348.0,0.0,0.0,0.0,0.0,1.0,0,0.0,0.0,100bs-3n-24th-377019s-DENV_1-usa-BVBRC_genome_sequence,sequana_cpu_dev,3,11372091.0,100,1,24,377019,DENV_1-usa-BVBRC_genome_sequence,8450.03,3020.59,11470.62,285.27,101.93,387.2,129.07,29.67, sdumont6165,355589.22000000003
0.0,1944,27,265348.0,3136.0,1734.666015625,265348.0,0.0,0.0,0.0,0.0,1.0,0,0.0,0.0,100bs-3n-24th-377019s-DENV_1-usa-BVBRC_genome_sequence,sequana_cpu_dev,3,11372092.0,100,1,24,377019,DENV_1-usa-BVBRC_genome_sequence,8940.67,2866.61,11807.28,353.21,113.32,466.53,155.51,25.33, sdumont6165,318796.56
0.0,1584,22,265348.0,3180.0,1749.3330078125,265348.0,0.0,0.0,0.0,0.0,1.0,0,0.0,0.0,100bs-3n-24th-377019s-DENV_1-usa-BVBRC_genome_sequence,sequana_cpu_dev,3,11372093.0,100,1,24,377019,DENV_1-usa-BVBRC_genome_sequence,7265.7,2382.14,9647.84,357.17,117.12,474.29,158.1,20.33, sdumont6165,212252.48
0.0,2376,33,328102.666015625,5036.0,2366.666015625,453612.0,573.44,1413.12,1720.32,4239.36,1.0,0,0.0,0.0,100bs-3n-24th-377019s-DENV_1-usa-BVBRC_genome_sequence,sequana_cpu_dev,3,11372094.0,100,1,24,377019,DENV_1-usa-BVBRC_genome_sequence,9236.13,2901.98,12138.11,318.49,100.07,418.56,139.52,29.0, sdumont6165,400557.63
0.0,1800,25,265348.0,3152.0,1741.3330078125,265348.0,0.0,0.0,0.0,0.0,1.0,0,0.0,0.0,100bs-3n-24th-377019s-DENV_1-usa-BVBRC_genome_sequence,sequana_cpu_dev,3,11372095.0,100,1,24,377019,DENV_1-usa-BVBRC_genome_sequence,7881.9,2551.54,10433.44,342.69,110.94,453.63,151.21,23.0, sdumont6165,260836.0
4966.0,15984,222,2674761.3330078125,163888.0,162482.666015625,2823220.0,2959.36,4464.64,2990.08,4464.64,1.0,0,21.0,25.0,1000bs-3n-24th-377019s-DENV_1-usa-BVBRC_genome_sequence,sequana_cpu_dev,3,11372096.0,1000,1,24,377019,DENV_1-usa-BVBRC_genome_sequence,82894.5,26290.2,109184.7,376.79,119.5,496.29,165.43,220.0, sdumont6165,24239003.4
4972.0,17136,238,2674766.666015625,164324.0,161814.666015625,2823488.0,2959.36,4454.4,2990.08,4464.64,1.0,0,19.0,25.0,1000bs-3n-24th-377019s-DENV_1-usa-BVBRC_genome_sequence,sequana_cpu_dev,3,11372105.0,1000,1,24,377019,DENV_1-usa-BVBRC_genome_sequence,89827.02,28410.24,118237.26,379.02,119.87,498.89,166.3,237.0, sdumont6165,28140467.88
4972.0,15264,212,2674769.3330078125,161616.0,160958.666015625,2823496.0,2959.36,4464.64,2959.36,4464.64,1.0,0,14.0,18.0,1000bs-3n-24th-377019s-DENV_1-usa-BVBRC_genome_sequence,sequana_cpu_dev,3,11372106.0,1000,1,24,377019,DENV_1-usa-BVBRC_genome_sequence,79567.69,25418.14,104985.82,377.1,120.47,497.56,165.85,211.0, sdumont6165,22256993.84
4978.0,15336,213,2602346.666015625,166328.0,163809.3330078125,2605964.0,3051.52,4577.28,3317.76,4823.04,1.0,0,21.0,31.0,1000bs-3n-24th-377019s-DENV_1-usa-BVBRC_genome_sequence,sequana_cpu_dev,3,11372107.0,1000,1,24,377019,DENV_1-usa-BVBRC_genome_sequence,79356.97,25401.1,104758.07,376.1,120.38,496.48,165.49,211.0, sdumont6165,22313468.91
4968.0,15480,215,2676676.0,162124.0,161506.666015625,2828640.0,2959.36,4464.64,2979.84,4464.64,1.0,0,19.0,25.0,1000bs-3n-24th-377019s-DENV_1-usa-BVBRC_genome_sequence,sequana_cpu_dev,3,11372108.0,1000,1,24,377019,DENV_1-usa-BVBRC_genome_sequence,80432.86,25724.8,106157.67,376.42,120.4,496.83,165.61,213.67, sdumont6165,22823899.05
0.0,2790,31,265348.0,3092.0,2388.0,265348.0,0.0,0.0,0.0,0.0,1.0,0,0.0,0.0,100bs-3n-30th-377019s-DENV_1-usa-BVBRC_genome_sequence,sequana_cpu_dev,3,11372109.0,100,1,30,377019,DENV_1-usa-BVBRC_genome_sequence,10087.23,6741.71,16828.94,336.24,224.72,560.96,186.99,30.0, sdumont6165,521697.14
873.0,2880,32,2985821.3330078125,157924.0,140004.0,3005796.0,1699.84,4249.6,1761.28,4290.56,1.0,0,25.0,28.0,100bs-3n-30th-377019s-DENV_1-usa-BVBRC_genome_sequence,sequana_cpu_dev,3,11372110.0,100,1,30,377019,DENV_1-usa-BVBRC_genome_sequence,10220.59,6876.53,17097.12,336.86,226.74,563.6,187.87,30.33, sdumont6165,547107.84
871.0,2880,32,3006036.0,157876.0,157089.3330078125,3006096.0,1648.64,4239.36,1669.12,4259.84,1.0,0,26.0,34.0,100bs-3n-30th-377019s-DENV_1-usa-BVBRC_genome_sequence,sequana_cpu_dev,3,11372111.0,100,1,30,377019,DENV_1-usa-BVBRC_genome_sequence,10151.37,6816.34,16967.71,334.86,224.75,559.61,186.54,30.33, sdumont6165,542966.72
1448.0,6840,76,3006026.666015625,159920.0,157938.666015625,3006080.0,1884.16,4229.12,1884.16,4239.36,1.0,0,19.0,26.0,100bs-3n-30th-377019s-DENV_1-usa-BVBRC_genome_sequence,sequana_cpu_dev,3,11372112.0,100,1,30,377019,DENV_1-usa-BVBRC_genome_sequence,25222.04,16127.94,41349.98,336.29,215.04,551.33,183.78,75.0, sdumont6165,3142598.4800000004
0.0,2700,30,265348.0,3148.0,3116.0,265348.0,0.0,0.0,0.0,0.0,1.0,0,0.0,0.0,100bs-3n-30th-377019s-DENV_1-usa-BVBRC_genome_sequence,sequana_cpu_dev,3,11372113.0,100,1,30,377019,DENV_1-usa-BVBRC_genome_sequence,9534.09,6444.38,15978.47,340.5,230.16,570.66,190.22,28.0, sdumont6165,479354.1
7107.0,24210,269,3006084.0,162340.0,162313.3330078125,3006088.0,3143.68,4454.4,3153.92,4464.64,1.0,0,22.0,27.0,1000bs-3n-30th-377019s-DENV_1-usa-BVBRC_genome_sequence,sequana_cpu_dev,3,11372114.0,1000,1,30,377019,DENV_1-usa-BVBRC_genome_sequence,95328.94,64347.34,159676.28,356.61,240.71,597.32,199.11,267.33, sdumont6165,42952919.32
8899.0,28170,313,3082212.0,167364.0,165470.666015625,3234320.0,3676.16,4526.08,3778.56,4648.96,1.0,0,20.0,23.0,1000bs-3n-30th-377019s-DENV_1-usa-BVBRC_genome_sequence,sequana_cpu_dev,3,11372117.0,1000,1,30,377019,DENV_1-usa-BVBRC_genome_sequence,114413.11,75550.38,189963.49,367.89,242.93,610.82,203.61,311.0, sdumont6165,59458572.37
7124.0,23490,261,3080405.3330078125,166064.0,163490.666015625,3229040.0,3143.68,4454.4,3184.64,4464.64,1.0,0,23.0,33.0,1000bs-3n-30th-377019s-DENV_1-usa-BVBRC_genome_sequence,sequana_cpu_dev,3,11372119.0,1000,1,30,377019,DENV_1-usa-BVBRC_genome_sequence,93265.74,62956.73,156222.47,358.71,242.14,600.86,200.29,260.0, sdumont6165,40774064.67
12244.0,38970,433,3082161.3330078125,166512.0,163720.0,3234456.0,4546.56,4474.88,4556.8,4485.12,1.0,0,22.0,26.0,1000bs-3n-30th-377019s-DENV_1-usa-BVBRC_genome_sequence,sequana_cpu_dev,3,11372120.0,1000,1,30,377019,DENV_1-usa-BVBRC_genome_sequence,160345.88,103804.33,264150.21,372.03,240.85,612.88,204.29,431.0, sdumont6165,114377040.93
13649.0,45990,511,3082110.666015625,167964.0,164870.666015625,3234172.0,4894.72,4474.88,5038.08,4485.12,3.0,0,32.0,63.0,1000bs-3n-30th-377019s-DENV_1-usa-BVBRC_genome_sequence,sequana_cpu_dev,3,11372122.0,1000,1,30,377019,DENV_1-usa-BVBRC_genome_sequence,188295.69,120989.4,309285.09,369.47,237.39,606.86,202.29,509.67, sdumont6165,158044680.99
0.0,3348,31,265348.0,3180.0,3166.666015625,265348.0,0.0,0.0,0.0,0.0,1.0,0,0.0,0.0,100bs-3n-36th-377019s-DENV_1-usa-BVBRC_genome_sequence,sequana_cpu_dev,3,11372132.0,100,1,36,377019,DENV_1-usa-BVBRC_genome_sequence,9458.24,8120.44,17578.69,322.66,276.89,599.55,199.85,29.33, sdumont6165,544939.39
676.0,6264,58,3411666.666015625,157416.0,156928.0,3412048.0,1638.4,4218.88,1658.88,4218.88,1.0,0,25.0,33.0,100bs-3n-36th-377019s-DENV_1-usa-BVBRC_genome_sequence,sequana_cpu_dev,3,11372133.0,100,1,36,377019,DENV_1-usa-BVBRC_genome_sequence,17524.4,15097.2,32621.6,307.45,264.86,572.31,190.77,57.0, sdumont6165,1892052.8
1039.0,3888,36,3411618.666015625,160388.0,157316.0,3411756.0,1638.4,4229.12,1638.4,4239.36,1.0,0,27.0,36.0,100bs-3n-36th-377019s-DENV_1-usa-BVBRC_genome_sequence,sequana_cpu_dev,3,11372134.0,100,1,36,377019,DENV_1-usa-BVBRC_genome_sequence,11813.57,10046.19,21859.76,347.46,295.48,642.93,214.31,34.0, sdumont6165,786951.36
0.0,3564,33,265348.0,3152.0,2417.3330078125,265348.0,0.0,0.0,0.0,0.0,1.0,0,0.0,0.0,100bs-3n-36th-377019s-DENV_1-usa-BVBRC_genome_sequence,sequana_cpu_dev,3,11372135.0,100,1,36,377019,DENV_1-usa-BVBRC_genome_sequence,9056.56,7714.3,16770.86,323.45,275.51,598.96,199.65,28.0, sdumont6165,553438.38
0.0,3348,31,390857.3330078125,5188.0,4452.0,453612.0,1177.6,2846.72,1781.76,4300.8,1.0,0,0.0,0.0,100bs-3n-36th-377019s-DENV_1-usa-BVBRC_genome_sequence,sequana_cpu_dev,3,11372137.0,100,1,36,377019,DENV_1-usa-BVBRC_genome_sequence,10046.2,8513.33,18559.54,334.87,283.78,618.65,206.22,30.0, sdumont6165,575345.74
10678.0,34452,319,3411625.3330078125,164936.0,164709.3330078125,3411764.0,3573.76,4464.64,3614.72,4474.88,1.0,0,35.0,46.0,1000bs-3n-36th-377019s-DENV_1-usa-BVBRC_genome_sequence,sequana_cpu_dev,3,11372138.0,1000,1,36,377019,DENV_1-usa-BVBRC_genome_sequence,114024.36,97526.88,211551.25,358.57,306.69,665.26,221.75,318.0, sdumont6165,67484848.75
9625.0,30132,279,3636245.333007813,165060.0,163733.3330078125,3639996.0,3348.48,4464.64,3379.2,4474.88,1.0,0,19.0,20.0,1000bs-3n-36th-377019s-DENV_1-usa-BVBRC_genome_sequence,sequana_cpu_dev,3,11372140.0,1000,1,36,377019,DENV_1-usa-BVBRC_genome_sequence,98587.5,84213.32,182800.82,354.63,302.93,657.56,219.19,278.0, sdumont6165,51001428.78
9561.0,31320,290,3487650.666015625,166808.0,163849.3330078125,3634292.0,3317.76,4464.64,3379.2,4464.64,1.0,0,15.0,17.0,1000bs-3n-36th-377019s-DENV_1-usa-BVBRC_genome_sequence,sequana_cpu_dev,3,11372141.0,1000,1,36,377019,DENV_1-usa-BVBRC_genome_sequence,102037.38,86697.23,188734.61,353.9,300.68,654.59,218.2,288.33, sdumont6165,54733036.9
10698.0,32940,305,3485798.666015625,164660.0,164633.3330078125,3634292.0,3604.48,4474.88,3624.96,4474.88,1.0,0,18.0,20.0,1000bs-3n-36th-377019s-DENV_1-usa-BVBRC_genome_sequence,sequana_cpu_dev,3,11372142.0,1000,1,36,377019,DENV_1-usa-BVBRC_genome_sequence,108454.11,92480.3,200934.41,356.76,304.21,660.97,220.32,304.0, sdumont6165,61284995.05
15748.0,50112,464,3413416.0,164852.0,163282.666015625,3417040.0,4761.6,4474.88,4782.08,4485.12,1.0,0,21.0,33.0,1000bs-3n-36th-377019s-DENV_1-usa-BVBRC_genome_sequence,sequana_cpu_dev,3,11372143.0,1000,1,36,377019,DENV_1-usa-BVBRC_genome_sequence,170895.61,147584.73,318480.34,369.1,318.76,687.86,229.29,463.0, sdumont6165,147774877.76000002
1208.0,5292,42,3817134.666015625,158504.0,156909.3330078125,3817192.0,1638.4,4229.12,1638.4,4239.36,1.0,0,26.0,43.0,100bs-3n-42th-377019s-DENV_1-usa-BVBRC_genome_sequence,sequana_cpu_dev,3,11372146.0,100,1,42,377019,DENV_1-usa-BVBRC_genome_sequence,13320.23,12007.39,25327.63,353.91,318.89,672.79,224.26,37.67, sdumont6165,1063760.46
1152.0,7560,60,3817182.666015625,158184.0,157981.3330078125,3817336.0,1638.4,4229.12,1638.4,4229.12,1.0,0,21.0,23.0,100bs-3n-42th-377019s-DENV_1-usa-BVBRC_genome_sequence,sequana_cpu_dev,3,11372147.0,100,1,42,377019,DENV_1-usa-BVBRC_genome_sequence,20993.57,19267.49,40261.06,358.03,328.51,686.54,228.85,58.67, sdumont6165,2415663.6
1204.0,5292,42,3817125.333007813,158216.0,158029.3330078125,3817176.0,1638.4,4229.12,1638.4,4229.12,1.0,0,27.0,37.0,100bs-3n-42th-377019s-DENV_1-usa-BVBRC_genome_sequence,sequana_cpu_dev,3,11372148.0,100,1,42,377019,DENV_1-usa-BVBRC_genome_sequence,13999.58,12610.71,26610.29,350.49,315.47,665.96,221.99,40.0, sdumont6165,1117632.18
1819.0,11214,89,3817182.666015625,157848.0,156770.666015625,3817188.0,1863.68,4229.12,1884.16,4239.36,1.0,0,18.0,23.0,100bs-3n-42th-377019s-DENV_1-usa-BVBRC_genome_sequence,sequana_cpu_dev,3,11372149.0,100,1,42,377019,DENV_1-usa-BVBRC_genome_sequence,28116.57,25764.06,53880.63,323.18,296.14,619.32,206.44,87.0, sdumont6165,4795376.069999999
1214.0,4914,39,3817224.0,158156.0,156904.0,3817312.0,1638.4,4229.12,1638.4,4239.36,1.0,0,35.0,37.0,100bs-3n-42th-377019s-DENV_1-usa-BVBRC_genome_sequence,sequana_cpu_dev,3,11372150.0,100,1,42,377019,DENV_1-usa-BVBRC_genome_sequence,13249.35,11955.3,25204.64,352.04,317.52,669.57,223.19,37.67, sdumont6165,982980.96
14911.0,46116,366,3895172.0,167264.0,165380.0,4045448.0,4034.56,4474.88,4065.28,4474.88,2.0,0,20.0,25.0,1000bs-3n-42th-377019s-DENV_1-usa-BVBRC_genome_sequence,sequana_cpu_dev,3,11372151.0,1000,1,42,377019,DENV_1-usa-BVBRC_genome_sequence,131501.62,118527.55,250029.17,360.95,325.32,686.27,228.76,364.33, sdumont6165,91510676.22
12484.0,38052,302,3967530.666015625,166868.0,165442.666015625,4045552.0,3665.92,4536.32,3788.8,4659.2,3.0,0,36.0,56.0,1000bs-3n-42th-377019s-DENV_1-usa-BVBRC_genome_sequence,sequana_cpu_dev,3,11372152.0,1000,1,42,377019,DENV_1-usa-BVBRC_genome_sequence,106621.75,95486.89,202108.65,355.03,317.94,672.97,224.32,300.33, sdumont6165,61036812.3
20665.0,66150,525,3891501.333007813,167512.0,165694.666015625,4039856.0,5212.16,4474.88,5232.64,4485.12,1.0,0,17.0,24.0,1000bs-3n-42th-377019s-DENV_1-usa-BVBRC_genome_sequence,sequana_cpu_dev,3,11372154.0,1000,1,42,377019,DENV_1-usa-BVBRC_genome_sequence,193603.66,177555.61,371159.27,370.66,339.93,710.59,236.86,522.33, sdumont6165,194858616.75
12472.0,40572,322,3819026.666015625,166256.0,165466.666015625,3822620.0,3522.56,4464.64,3604.48,4474.88,1.0,0,33.0,51.0,1000bs-3n-42th-377019s-DENV_1-usa-BVBRC_genome_sequence,sequana_cpu_dev,3,11372156.0,1000,1,42,377019,DENV_1-usa-BVBRC_genome_sequence,114172.98,102721.37,216894.35,356.43,320.67,677.1,225.7,320.33, sdumont6165,69839980.7
11234.0,36414,289,3897014.666015625,166712.0,164238.666015625,4045416.0,3379.2,4454.4,3379.2,4464.64,1.0,0,25.0,30.0,1000bs-3n-42th-377019s-DENV_1-usa-BVBRC_genome_sequence,sequana_cpu_dev,3,11372157.0,1000,1,42,377019,DENV_1-usa-BVBRC_genome_sequence,102553.02,91650.71,194203.72,356.93,318.97,675.89,225.3,287.33, sdumont6165,56124875.08
1385.0,7344,51,4222773.3330078125,160996.0,157848.0,4222864.0,1638.4,4229.12,1638.4,4239.36,1.0,0,24.0,28.0,100bs-3n-48th-377019s-DENV_1-usa-BVBRC_genome_sequence,sequana_cpu_dev,3,11372158.0,100,1,48,377019,DENV_1-usa-BVBRC_genome_sequence,17479.03,17382.26,34861.29,356.71,354.74,711.45,237.15,49.0, sdumont6165,1777925.79
1384.0,7056,49,4222732.0,158332.0,157166.666015625,4222740.0,1638.4,4229.12,1638.4,4229.12,1.0,0,29.0,37.0,100bs-3n-48th-377019s-DENV_1-usa-BVBRC_genome_sequence,sequana_cpu_dev,3,11372159.0,100,1,48,377019,DENV_1-usa-BVBRC_genome_sequence,17117.83,17026.81,34144.64,364.21,362.27,726.48,242.16,47.0, sdumont6165,1673087.36
1378.0,5184,36,4222732.0,158728.0,157272.0,4222740.0,1638.4,4229.12,1638.4,4239.36,1.0,0,35.0,41.0,100bs-3n-48th-377019s-DENV_1-usa-BVBRC_genome_sequence,sequana_cpu_dev,3,11372160.0,100,1,48,377019,DENV_1-usa-BVBRC_genome_sequence,11442.19,11365.89,22808.07,336.53,334.29,670.83,223.61,34.0, sdumont6165,821090.52
1388.0,5616,39,4222781.3330078125,160600.0,159229.3330078125,4222888.0,1638.4,4229.12,1638.4,4239.36,1.0,0,44.0,49.0,100bs-3n-48th-377019s-DENV_1-usa-BVBRC_genome_sequence,sequana_cpu_dev,3,11372161.0,100,1,48,377019,DENV_1-usa-BVBRC_genome_sequence,12507.0,12524.77,25031.77,341.04,341.66,682.71,227.57,36.67, sdumont6165,976239.03
1369.0,7488,52,4222781.3330078125,158564.0,157254.666015625,4222888.0,1638.4,4229.12,1638.4,4239.36,1.0,0,33.0,45.0,100bs-3n-48th-377019s-DENV_1-usa-BVBRC_genome_sequence,sequana_cpu_dev,3,11372162.0,100,1,48,377019,DENV_1-usa-BVBRC_genome_sequence,16474.88,16363.79,32838.68,350.53,348.17,698.7,232.9,47.0, sdumont6165,1707611.36
31185.0,95184,661,4374918.666015625,169848.0,167816.0,4450972.0,6461.44,4669.44,6983.68,5027.84,1.0,0,34.0,61.0,1000bs-3n-48th-377019s-DENV_1-usa-BVBRC_genome_sequence,sequana_cpu_dev,3,11372163.0,1000,1,48,377019,DENV_1-usa-BVBRC_genome_sequence,251809.34,250081.94,501891.28,382.11,379.49,761.6,253.87,659.0, sdumont6165,331750136.08000004
18503.0,56880,395,4376725.3330078125,168748.0,168028.0,4451060.0,4239.36,4474.88,4300.8,4485.12,1.0,0,36.0,47.0,1000bs-3n-48th-377019s-DENV_1-usa-BVBRC_genome_sequence,sequana_cpu_dev,3,11372164.0,1000,1,48,377019,DENV_1-usa-BVBRC_genome_sequence,142784.48,141654.59,284439.06,363.32,360.44,723.76,241.25,393.0, sdumont6165,112353428.7
17116.0,53712,373,4226550.666015625,169856.0,166982.666015625,4228620.0,4034.56,4474.88,4075.52,4474.88,1.0,0,36.0,44.0,1000bs-3n-48th-377019s-DENV_1-usa-BVBRC_genome_sequence,sequana_cpu_dev,3,11372165.0,1000,1,48,377019,DENV_1-usa-BVBRC_genome_sequence,134073.79,133343.67,267417.45,362.36,360.39,722.75,240.92,370.0, sdumont6165,99746708.85
17113.0,56160,390,4298696.0,167488.0,164908.0,4450816.0,4075.52,4474.88,4075.52,4474.88,2.0,0,46.0,50.0,1000bs-3n-48th-377019s-DENV_1-usa-BVBRC_genome_sequence,sequana_cpu_dev,3,11372167.0,1000,1,48,377019,DENV_1-usa-BVBRC_genome_sequence,140216.73,140211.56,280428.3,362.02,361.99,724.01,241.34,387.33, sdumont6165,109367037.0
17101.0,52992,368,4300716.0,169852.0,167496.0,4450972.0,3993.6,4474.88,4075.52,4474.88,4.0,0,41.0,54.0,1000bs-3n-48th-377019s-DENV_1-usa-BVBRC_genome_sequence,sequana_cpu_dev,3,11372169.0,1000,1,48,377019,DENV_1-usa-BVBRC_genome_sequence,132039.23,131117.59,263156.82,360.76,358.24,719.01,239.67,366.0, sdumont6165,96841709.76
47.0,288,36,1111751.0,152040.0,149413.0,1114736.0,1638.4,4218.88,1638.4,4229.12,1.0,0,59.0,236.0,100bs-4n-2th-377019s-DENV_1-usa-BVBRC_genome_sequence,sequana_cpu_dev,4,11372170.0,100,1,2,377019,DENV_1-usa-BVBRC_genome_sequence,7683.52,5348.74,13032.26,219.53,152.82,372.35,93.09,35.0, sdumont6165,469161.36
53.0,296,37,1111752.0,152192.0,149504.0,1114756.0,1638.4,4229.12,1638.4,4229.12,1.0,0,0.0,0.0,100bs-4n-2th-377019s-DENV_1-usa-BVBRC_genome_sequence,sequana_cpu_dev,4,11372172.0,100,1,2,377019,DENV_1-usa-BVBRC_genome_sequence,8183.5,5533.02,13716.52,227.32,153.7,381.01,95.25,36.0, sdumont6165,507511.24
53.0,280,35,1113123.0,151848.0,149140.0,1120316.0,1628.16,4229.12,1638.4,4229.12,1.0,0,0.0,0.0,100bs-4n-2th-377019s-DENV_1-usa-BVBRC_genome_sequence,sequana_cpu_dev,4,11372173.0,100,1,2,377019,DENV_1-usa-BVBRC_genome_sequence,7749.8,5184.27,12934.07,227.94,152.48,380.41,95.1,34.0, sdumont6165,452692.45
56.0,288,36,1111733.0,152108.0,149519.0,1114756.0,1638.4,4229.12,1638.4,4229.12,1.0,0,0.0,0.0,100bs-4n-2th-377019s-DENV_1-usa-BVBRC_genome_sequence,sequana_cpu_dev,4,11372174.0,100,1,2,377019,DENV_1-usa-BVBRC_genome_sequence,7965.92,5257.74,13223.65,234.29,154.64,388.93,97.23,34.0, sdumont6165,476051.4
74.0,528,66,1170373.0,153840.0,150433.0,1331104.0,1873.92,4229.12,1884.16,4229.12,1.0,0,0.0,0.0,100bs-4n-2th-377019s-DENV_1-usa-BVBRC_genome_sequence,sequana_cpu_dev,4,11372175.0,100,1,2,377019,DENV_1-usa-BVBRC_genome_sequence,13337.35,9735.36,23072.71,205.19,149.77,354.96,88.74,65.0, sdumont6165,1522798.86
741.0,3976,497,1170281.0,160520.0,157356.0,1331032.0,5027.84,4413.44,5089.28,4423.68,1.0,0,0.0,0.0,1000bs-4n-2th-377019s-DENV_1-usa-BVBRC_genome_sequence,sequana_cpu_dev,4,11372176.0,1000,1,2,377019,DENV_1-usa-BVBRC_genome_sequence,112098.04,79227.69,191325.72,226.92,160.38,387.3,96.82,494.0, sdumont6165,95088882.84
567.0,2424,303,1114647.0,158768.0,154395.0,1120436.0,3584.0,4403.2,3624.96,4413.44,1.0,0,0.0,0.0,1000bs-4n-2th-377019s-DENV_1-usa-BVBRC_genome_sequence,sequana_cpu_dev,4,11372177.0,1000,1,2,377019,DENV_1-usa-BVBRC_genome_sequence,73560.81,48536.51,122097.33,244.39,161.25,405.64,101.41,301.0, sdumont6165,36995490.99
584.0,2800,350,1226082.0,164632.0,158304.0,1343288.0,3850.24,4403.2,3901.44,4403.2,1.0,0,0.0,0.0,1000bs-4n-2th-377019s-DENV_1-usa-BVBRC_genome_sequence,sequana_cpu_dev,4,11372178.0,1000,1,2,377019,DENV_1-usa-BVBRC_genome_sequence,83143.07,55998.86,139141.93,238.23,160.46,398.69,99.67,349.0, sdumont6165,48699675.5
599.0,2672,334,1167624.0,160744.0,156964.0,1337720.0,3860.48,4413.44,3880.96,4413.44,1.0,0,0.0,0.0,1000bs-4n-2th-377019s-DENV_1-usa-BVBRC_genome_sequence,sequana_cpu_dev,4,11372179.0,1000,1,2,377019,DENV_1-usa-BVBRC_genome_sequence,79926.6,53343.24,133269.84,240.02,160.19,400.21,100.05,333.0, sdumont6165,44512126.56
736.0,4024,503,1113243.0,158360.0,155686.0,1120384.0,5068.8,4413.44,5068.8,4423.68,1.0,0,0.0,0.0,1000bs-4n-2th-377019s-DENV_1-usa-BVBRC_genome_sequence,sequana_cpu_dev,4,11372181.0,1000,1,2,377019,DENV_1-usa-BVBRC_genome_sequence,113799.44,80713.83,194513.27,226.69,160.78,387.48,96.87,502.0, sdumont6165,97840174.81
0.0,480,20,265348.0,3096.0,2546.0,265348.0,0.0,0.0,0.0,0.0,1.0,0,0.0,0.0,100bs-4n-6th-377019s-DENV_1-usa-BVBRC_genome_sequence,sequana_cpu_dev,4,11372182.0,100,1,6,377019,DENV_1-usa-BVBRC_genome_sequence,6189.15,2950.62,9139.77,325.74,155.3,481.04,120.26,19.0, sdumont6165,182795.4
0.0,408,17,265348.0,3116.0,3077.0,265348.0,0.0,0.0,0.0,0.0,1.0,0,0.0,0.0,100bs-4n-6th-377019s-DENV_1-usa-BVBRC_genome_sequence,sequana_cpu_dev,4,11372183.0,100,1,6,377019,DENV_1-usa-BVBRC_genome_sequence,5325.11,2485.08,7810.18,332.82,155.32,488.14,122.03,16.0, sdumont6165,132773.06
0.0,384,16,265348.0,3132.0,3079.0,265348.0,0.0,0.0,0.0,0.0,1.0,0,0.0,0.0,100bs-4n-6th-377019s-DENV_1-usa-BVBRC_genome_sequence,sequana_cpu_dev,4,11372184.0,100,1,6,377019,DENV_1-usa-BVBRC_genome_sequence,4527.28,2089.6,6616.88,301.82,139.31,441.13,110.28,15.0, sdumont6165,105870.08
0.0,480,20,265348.0,3140.0,2556.0,265348.0,0.0,0.0,0.0,0.0,1.0,0,0.0,0.0,100bs-4n-6th-377019s-DENV_1-usa-BVBRC_genome_sequence,sequana_cpu_dev,4,11372185.0,100,1,6,377019,DENV_1-usa-BVBRC_genome_sequence,5876.63,2774.74,8651.36,326.48,154.15,480.63,120.16,18.0, sdumont6165,173027.2
0.0,432,18,265348.0,3140.0,2574.0,265348.0,0.0,0.0,0.0,0.0,1.0,0,0.0,0.0,100bs-4n-6th-377019s-DENV_1-usa-BVBRC_genome_sequence,sequana_cpu_dev,4,11372186.0,100,1,6,377019,DENV_1-usa-BVBRC_genome_sequence,5153.98,2408.51,7562.49,322.12,150.53,472.66,118.16,16.0, sdumont6165,136124.82
865.0,3816,159,1494002.0,158488.0,155382.0,1606996.0,2508.8,4392.96,2539.52,4403.2,1.0,0,0.0,1.0,1000bs-4n-6th-377019s-DENV_1-usa-BVBRC_genome_sequence,sequana_cpu_dev,4,11372187.0,1000,1,6,377019,DENV_1-usa-BVBRC_genome_sequence,53964.14,24907.13,78871.26,345.92,159.66,505.59,126.4,156.0, sdumont6165,12540530.34
702.0,3624,151,1381211.0,162500.0,158032.0,1384320.0,2365.44,4382.72,2600.96,4403.2,1.0,0,1.0,2.0,1000bs-4n-6th-377019s-DENV_1-usa-BVBRC_genome_sequence,sequana_cpu_dev,4,11372188.0,1000,1,6,377019,DENV_1-usa-BVBRC_genome_sequence,52382.35,23860.23,76242.58,349.22,159.07,508.28,127.07,150.0, sdumont6165,11512629.58
867.0,3888,162,1496677.0,166556.0,158452.0,1612416.0,2529.28,4392.96,2539.52,4403.2,1.0,0,25.0,98.0,1000bs-4n-6th-377019s-DENV_1-usa-BVBRC_genome_sequence,sequana_cpu_dev,4,11372189.0,1000,1,6,377019,DENV_1-usa-BVBRC_genome_sequence,55787.91,25731.98,81519.89,346.51,159.83,506.33,126.58,161.0, sdumont6165,13206222.18
1025.0,4704,196,1495327.0,164992.0,157198.0,1612432.0,2764.8,4392.96,2785.28,4403.2,1.0,0,0.0,0.0,1000bs-4n-6th-377019s-DENV_1-usa-BVBRC_genome_sequence,sequana_cpu_dev,4,11372190.0,1000,1,6,377019,DENV_1-usa-BVBRC_genome_sequence,66043.37,31132.64,97176.01,338.68,159.65,498.34,124.58,195.0, sdumont6165,19046497.96
869.0,4224,176,1438293.0,160680.0,156601.0,1607000.0,2508.8,4392.96,2539.52,4403.2,1.0,0,1.0,1.0,1000bs-4n-6th-377019s-DENV_1-usa-BVBRC_genome_sequence,sequana_cpu_dev,4,11372191.0,1000,1,6,377019,DENV_1-usa-BVBRC_genome_sequence,60599.93,28162.67,88762.6,346.29,160.93,507.21,126.8,175.0, sdumont6165,15622217.6
0.0,768,16,265348.0,1036.0,1035.0,265348.0,0.0,0.0,0.0,0.0,1.0,0,0.0,0.0,100bs-4n-12th-377019s-DENV_1-usa-BVBRC_genome_sequence,sequana_cpu_dev,4,11372192.0,100,1,12,377019,DENV_1-usa-BVBRC_genome_sequence,5870.37,2231.74,8102.11,391.36,148.78,540.14,135.04,15.0, sdumont6165,129633.76
0.0,720,15,265348.0,3180.0,1573.0,265348.0,0.0,0.0,0.0,0.0,1.0,0,0.0,0.0,100bs-4n-12th-377019s-DENV_1-usa-BVBRC_genome_sequence,sequana_cpu_dev,4,11372193.0,100,1,12,377019,DENV_1-usa-BVBRC_genome_sequence,5514.13,2123.96,7638.1,393.87,151.71,545.58,136.39,14.0, sdumont6165,114571.5
0.0,1056,22,265348.0,1040.0,1039.0,265348.0,0.0,0.0,0.0,0.0,1.0,0,0.0,0.0,100bs-4n-12th-377019s-DENV_1-usa-BVBRC_genome_sequence,sequana_cpu_dev,4,11372194.0,100,1,12,377019,DENV_1-usa-BVBRC_genome_sequence,7931.78,3010.14,10941.92,396.59,150.51,547.1,136.77,20.0, sdumont6165,240722.24
0.0,816,17,265348.0,3116.0,1555.0,265348.0,0.0,0.0,0.0,0.0,1.0,0,0.0,0.0,100bs-4n-12th-377019s-DENV_1-usa-BVBRC_genome_sequence,sequana_cpu_dev,4,11372195.0,100,1,12,377019,DENV_1-usa-BVBRC_genome_sequence,6235.42,2384.62,8620.04,389.71,149.04,538.75,134.69,16.0, sdumont6165,146540.68000000002
0.0,768,16,265348.0,3128.0,1561.0,265348.0,0.0,0.0,0.0,0.0,1.0,0,0.0,0.0,100bs-4n-12th-377019s-DENV_1-usa-BVBRC_genome_sequence,sequana_cpu_dev,4,11372196.0,100,1,12,377019,DENV_1-usa-BVBRC_genome_sequence,5579.71,2126.94,7706.65,371.98,141.8,513.78,128.44,15.0, sdumont6165,123306.4
1372.0,6864,143,1786478.0,162840.0,155537.0,1789560.0,2293.76,4372.48,2304.0,4382.72,1.0,0,7.0,10.0,1000bs-4n-12th-377019s-DENV_1-usa-BVBRC_genome_sequence,sequana_cpu_dev,4,11372197.0,1000,1,12,377019,DENV_1-usa-BVBRC_genome_sequence,60002.73,22689.11,82691.84,422.55,159.78,582.34,145.58,142.0, sdumont6165,11824933.12
1413.0,7056,147,1786480.0,167128.0,158941.0,1789560.0,2293.76,4382.72,2314.24,4382.72,1.0,0,6.0,10.0,1000bs-4n-12th-377019s-DENV_1-usa-BVBRC_genome_sequence,sequana_cpu_dev,4,11372198.0,1000,1,12,377019,DENV_1-usa-BVBRC_genome_sequence,62893.17,23510.09,86403.26,430.78,161.03,591.8,147.95,146.0, sdumont6165,12701279.22
1406.0,7008,146,1786443.0,162172.0,154653.0,1789452.0,2293.76,4362.24,2314.24,4372.48,1.0,0,7.0,11.0,1000bs-4n-12th-377019s-DENV_1-usa-BVBRC_genome_sequence,sequana_cpu_dev,4,11372199.0,1000,1,12,377019,DENV_1-usa-BVBRC_genome_sequence,62079.36,23159.0,85238.36,431.11,160.83,591.93,147.98,144.0, sdumont6165,12444800.56
1761.0,7920,165,1786445.0,160872.0,156818.0,1789452.0,2508.8,4392.96,2529.28,4403.2,1.0,0,6.0,8.0,1000bs-4n-12th-377019s-DENV_1-usa-BVBRC_genome_sequence,sequana_cpu_dev,4,11372200.0,1000,1,12,377019,DENV_1-usa-BVBRC_genome_sequence,71290.92,26423.08,97714.0,434.7,161.12,595.82,148.95,164.0, sdumont6165,16122810.0
3041.0,13728,286,1787836.0,165300.0,158979.0,1795012.0,3502.08,4392.96,3512.32,4403.2,1.0,0,6.0,11.0,1000bs-4n-12th-377019s-DENV_1-usa-BVBRC_genome_sequence,sequana_cpu_dev,4,11372201.0,1000,1,12,377019,DENV_1-usa-BVBRC_genome_sequence,123929.91,45743.68,169673.6,434.84,160.5,595.35,148.84,285.0, sdumont6165,48526649.6
0.0,2088,29,265348.0,3192.0,2090.0,265348.0,0.0,0.0,0.0,0.0,1.0,0,0.0,0.0,100bs-4n-18th-377019s-DENV_1-usa-BVBRC_genome_sequence,sequana_cpu_dev,4,11372202.0,100,1,18,377019,DENV_1-usa-BVBRC_genome_sequence,12025.02,4218.34,16243.37,429.47,150.66,580.12,145.03,28.0, sdumont6165,471057.73
500.0,2736,38,2191839.0,158496.0,152684.0,2194940.0,1648.64,4218.88,1658.88,4229.12,1.0,0,12.0,23.0,100bs-4n-18th-377019s-DENV_1-usa-BVBRC_genome_sequence,sequana_cpu_dev,4,11372203.0,100,1,18,377019,DENV_1-usa-BVBRC_genome_sequence,16331.69,5752.65,22084.33,441.4,155.48,596.87,149.22,37.0, sdumont6165,839204.54
501.0,2232,31,2187543.0,155208.0,150882.0,2194804.0,1699.84,4239.36,1720.32,4280.32,1.0,0,11.0,15.0,100bs-4n-18th-377019s-DENV_1-usa-BVBRC_genome_sequence,sequana_cpu_dev,4,11372204.0,100,1,18,377019,DENV_1-usa-BVBRC_genome_sequence,13219.33,4701.22,17920.55,440.64,156.71,597.35,149.34,30.0, sdumont6165,555537.0499999999
0.0,1152,16,265348.0,3124.0,1557.0,265348.0,0.0,0.0,0.0,0.0,1.0,0,0.0,0.0,100bs-4n-18th-377019s-DENV_1-usa-BVBRC_genome_sequence,sequana_cpu_dev,4,11372205.0,100,1,18,377019,DENV_1-usa-BVBRC_genome_sequence,5740.61,2178.33,7918.94,389.37,148.05,537.42,134.35,14.75, sdumont6165,126703.04
0.0,1296,18,265348.0,3160.0,2091.0,265348.0,0.0,0.0,0.0,0.0,1.0,0,0.0,0.0,100bs-4n-18th-377019s-DENV_1-usa-BVBRC_genome_sequence,sequana_cpu_dev,4,11372206.0,100,1,18,377019,DENV_1-usa-BVBRC_genome_sequence,6714.33,2479.61,9193.94,394.96,145.86,540.82,135.21,17.0, sdumont6165,165490.92
2637.0,12744,177,2195754.0,165512.0,158028.0,2204828.0,2529.28,4382.72,2539.52,4403.2,1.0,0,11.0,19.0,1000bs-4n-18th-377019s-DENV_1-usa-BVBRC_genome_sequence,sequana_cpu_dev,4,11372207.0,1000,1,18,377019,DENV_1-usa-BVBRC_genome_sequence,79162.32,28343.13,107505.45,449.79,161.04,610.83,152.71,176.0, sdumont6165,19028464.65
2649.0,12528,174,2249030.0,167272.0,160323.0,2423044.0,2529.28,4382.72,2539.52,4392.96,1.0,0,12.0,18.0,1000bs-4n-18th-377019s-DENV_1-usa-BVBRC_genome_sequence,sequana_cpu_dev,4,11372208.0,1000,1,18,377019,DENV_1-usa-BVBRC_genome_sequence,77949.59,27859.16,105808.75,450.58,161.04,611.61,152.9,173.0, sdumont6165,18410722.5
2644.0,11016,153,2191934.0,159512.0,156411.0,2194984.0,2529.28,4403.2,2529.28,4403.2,1.0,0,11.0,21.0,1000bs-4n-18th-377019s-DENV_1-usa-BVBRC_genome_sequence,sequana_cpu_dev,4,11372209.0,1000,1,18,377019,DENV_1-usa-BVBRC_genome_sequence,67554.63,24504.1,92058.73,444.44,161.21,605.65,151.41,152.0, sdumont6165,14084985.69
2649.0,11592,161,2194720.0,163344.0,158710.0,2200696.0,2508.8,4392.96,2529.28,4403.2,1.0,0,37.0,115.0,1000bs-4n-18th-377019s-DENV_1-usa-BVBRC_genome_sequence,sequana_cpu_dev,4,11372210.0,1000,1,18,377019,DENV_1-usa-BVBRC_genome_sequence,71500.06,25823.96,97324.02,446.88,161.4,608.28,152.07,160.0, sdumont6165,15669167.22
2649.0,11952,166,2193396.0,161096.0,156963.0,2195100.0,2519.04,4392.96,2529.28,4403.2,1.0,0,11.0,15.0,1000bs-4n-18th-377019s-DENV_1-usa-BVBRC_genome_sequence,sequana_cpu_dev,4,11372211.0,1000,1,18,377019,DENV_1-usa-BVBRC_genome_sequence,73568.34,26457.33,100025.68,448.59,161.33,609.91,152.48,164.0, sdumont6165,16604262.88
0.0,2304,24,265348.0,3136.0,2050.0,265348.0,0.0,0.0,0.0,0.0,1.0,0,0.0,0.0,100bs-4n-24th-377019s-DENV_1-usa-BVBRC_genome_sequence,sequana_cpu_dev,4,11372212.0,100,1,24,377019,DENV_1-usa-BVBRC_genome_sequence,10757.99,3545.24,14303.22,467.74,154.14,621.88,155.47,23.0, sdumont6165,343277.28
0.0,1920,20,265348.0,3128.0,2050.0,265348.0,0.0,0.0,0.0,0.0,1.0,0,0.0,0.0,100bs-4n-24th-377019s-DENV_1-usa-BVBRC_genome_sequence,sequana_cpu_dev,4,11372213.0,100,1,24,377019,DENV_1-usa-BVBRC_genome_sequence,7465.01,2529.93,9994.94,466.56,158.12,624.68,156.17,16.0, sdumont6165,199898.8
0.0,2400,25,265348.0,1040.0,1036.0,265348.0,0.0,0.0,0.0,0.0,1.0,0,0.0,0.0,100bs-4n-24th-377019s-DENV_1-usa-BVBRC_genome_sequence,sequana_cpu_dev,4,11372214.0,100,1,24,377019,DENV_1-usa-BVBRC_genome_sequence,10860.26,3603.62,14463.88,467.49,155.26,622.74,155.69,23.25, sdumont6165,361597.0
0.0,2592,27,265348.0,3140.0,2048.0,265348.0,0.0,0.0,0.0,0.0,1.0,0,0.0,0.0,100bs-4n-24th-377019s-DENV_1-usa-BVBRC_genome_sequence,sequana_cpu_dev,4,11372215.0,100,1,24,377019,DENV_1-usa-BVBRC_genome_sequence,12287.09,4025.39,16312.48,472.58,154.82,627.4,156.85,26.0, sdumont6165,440436.96
695.0,3552,37,2654537.0,158656.0,154182.0,2828696.0,1638.4,4229.12,1658.88,4229.12,1.0,0,24.0,33.0,100bs-4n-24th-377019s-DENV_1-usa-BVBRC_genome_sequence,sequana_cpu_dev,4,11372218.0,100,1,24,377019,DENV_1-usa-BVBRC_genome_sequence,17999.47,5742.97,23742.45,499.99,159.53,659.51,164.88,36.0, sdumont6165,878470.65
3547.0,16704,174,2600136.0,161716.0,156910.0,2605912.0,2508.8,4392.96,2539.52,4403.2,1.0,0,13.0,15.0,1000bs-4n-24th-377019s-DENV_1-usa-BVBRC_genome_sequence,sequana_cpu_dev,4,11372219.0,1000,1,24,377019,DENV_1-usa-BVBRC_genome_sequence,86262.23,28432.97,114695.2,498.63,164.35,662.98,165.74,173.0, sdumont6165,19956964.8
4254.0,17376,181,2654414.0,167512.0,160647.0,2828584.0,2897.92,4536.32,3338.24,4935.68,1.0,0,13.0,15.0,1000bs-4n-24th-377019s-DENV_1-usa-BVBRC_genome_sequence,sequana_cpu_dev,4,11372220.0,1000,1,24,377019,DENV_1-usa-BVBRC_genome_sequence,89867.51,29534.08,119401.59,499.26,164.08,663.34,165.84,180.0, sdumont6165,21611687.79
4237.0,18816,196,2597356.0,165756.0,161123.0,2600352.0,2754.56,4392.96,2764.8,4403.2,1.0,0,20.0,22.0,1000bs-4n-24th-377019s-DENV_1-usa-BVBRC_genome_sequence,sequana_cpu_dev,4,11372221.0,1000,1,24,377019,DENV_1-usa-BVBRC_genome_sequence,97157.76,31765.11,128922.87,500.19,163.55,663.74,165.93,194.25, sdumont6165,25268882.52
3534.0,17280,180,2597356.0,163672.0,158020.0,2600352.0,2539.52,4372.48,2539.52,4382.72,1.0,0,22.0,30.0,1000bs-4n-24th-377019s-DENV_1-usa-BVBRC_genome_sequence,sequana_cpu_dev,4,11372222.0,1000,1,24,377019,DENV_1-usa-BVBRC_genome_sequence,89201.21,29285.19,118486.4,498.33,163.6,661.94,165.48,179.0, sdumont6165,21327552.0
3540.0,16512,172,2598783.0,166236.0,158786.0,2600500.0,2508.8,4382.72,2539.52,4382.72,1.0,0,19.0,24.0,1000bs-4n-24th-377019s-DENV_1-usa-BVBRC_genome_sequence,sequana_cpu_dev,4,11372224.0,1000,1,24,377019,DENV_1-usa-BVBRC_genome_sequence,85216.98,28135.93,113352.91,498.34,164.54,662.88,165.72,171.0, sdumont6165,19496700.52
0.0,3480,29,265348.0,3132.0,2580.0,265348.0,0.0,0.0,0.0,0.0,1.0,0,0.0,0.0,100bs-4n-30th-377019s-DENV_1-usa-BVBRC_genome_sequence,sequana_cpu_dev,4,11372225.0,100,1,30,377019,DENV_1-usa-BVBRC_genome_sequence,12642.13,8471.74,21113.86,443.88,297.21,741.09,185.27,28.5, sdumont6165,612301.9400000001
0.0,2880,24,265348.0,3144.0,3050.0,265348.0,0.0,0.0,0.0,0.0,1.0,0,0.0,0.0,100bs-4n-30th-377019s-DENV_1-usa-BVBRC_genome_sequence,sequana_cpu_dev,4,11372226.0,100,1,30,377019,DENV_1-usa-BVBRC_genome_sequence,9672.57,6668.89,16341.46,439.66,303.13,742.79,185.7,22.0, sdumont6165,392195.04
863.0,3960,33,3002903.0,155576.0,153952.0,3006024.0,1638.4,4229.12,1638.4,4229.12,1.0,0,17.0,22.0,100bs-4n-30th-377019s-DENV_1-usa-BVBRC_genome_sequence,sequana_cpu_dev,4,11372228.0,100,1,30,377019,DENV_1-usa-BVBRC_genome_sequence,14701.75,9814.1,24515.85,474.25,316.58,790.83,197.71,31.0, sdumont6165,809023.0499999999
866.0,3840,32,2948625.0,157496.0,153113.0,3006024.0,1638.4,4229.12,1638.4,4229.12,1.0,0,25.0,32.0,100bs-4n-30th-377019s-DENV_1-usa-BVBRC_genome_sequence,sequana_cpu_dev,4,11372229.0,100,1,30,377019,DENV_1-usa-BVBRC_genome_sequence,14614.68,9767.08,24381.76,471.44,315.07,786.51,196.63,31.0, sdumont6165,780216.32
0.0,3600,30,265348.0,3152.0,3098.0,265348.0,0.0,0.0,0.0,0.0,1.0,0,0.0,0.0,100bs-4n-30th-377019s-DENV_1-usa-BVBRC_genome_sequence,sequana_cpu_dev,4,11372230.0,100,1,30,377019,DENV_1-usa-BVBRC_genome_sequence,13206.81,8870.91,22077.72,455.41,305.89,761.3,190.33,29.0, sdumont6165,662331.6000000001
6215.0,26880,224,3058667.0,165768.0,159558.0,3228696.0,2928.64,4403.2,2959.36,4403.2,1.0,0,19.0,34.0,1000bs-4n-30th-377019s-DENV_1-usa-BVBRC_genome_sequence,sequana_cpu_dev,4,11372231.0,1000,1,30,377019,DENV_1-usa-BVBRC_genome_sequence,105328.74,71987.75,177316.49,474.45,324.27,798.72,199.68,222.0, sdumont6165,39718893.76
7114.0,29400,245,3002891.0,163924.0,159504.0,3005884.0,3164.16,4403.2,3174.4,4413.44,1.0,0,22.0,40.0,1000bs-4n-30th-377019s-DENV_1-usa-BVBRC_genome_sequence,sequana_cpu_dev,4,11372233.0,1000,1,30,377019,DENV_1-usa-BVBRC_genome_sequence,117285.29,79412.49,196697.78,482.66,326.8,809.46,202.36,243.0, sdumont6165,48190956.1
6227.0,26160,218,3061528.0,164000.0,159749.0,3234116.0,2928.64,4403.2,2959.36,4403.2,1.0,0,16.0,25.0,1000bs-4n-30th-377019s-DENV_1-usa-BVBRC_genome_sequence,sequana_cpu_dev,4,11372234.0,1000,1,30,377019,DENV_1-usa-BVBRC_genome_sequence,102925.2,70320.92,173246.11,475.97,325.19,801.15,200.29,216.25, sdumont6165,37767651.98
6221.0,26280,219,3061450.0,162672.0,159836.0,3222456.0,2918.4,4403.2,2959.36,4403.2,1.0,0,56.0,168.0,1000bs-4n-30th-377019s-DENV_1-usa-BVBRC_genome_sequence,sequana_cpu_dev,4,11372235.0,1000,1,30,377019,DENV_1-usa-BVBRC_genome_sequence,103591.7,71141.44,174733.14,475.19,326.34,801.53,200.38,218.0, sdumont6165,38266557.66
7111.0,30720,256,3115799.0,163964.0,161456.0,3228844.0,3164.16,4403.2,3174.4,4413.44,3.0,0,23.0,45.0,1000bs-4n-30th-377019s-DENV_1-usa-BVBRC_genome_sequence,sequana_cpu_dev,4,11372236.0,1000,1,30,377019,DENV_1-usa-BVBRC_genome_sequence,124553.05,83502.22,208055.27,488.44,327.46,815.9,203.98,255.0, sdumont6165,53262149.12
0.0,3888,27,265348.0,3168.0,2608.0,265348.0,0.0,0.0,0.0,0.0,1.0,0,0.0,0.0,100bs-4n-36th-377019s-DENV_1-usa-BVBRC_genome_sequence,sequana_cpu_dev,4,11372238.0,100,1,36,377019,DENV_1-usa-BVBRC_genome_sequence,11254.87,9884.15,21139.02,437.08,383.91,820.99,205.25,25.75, sdumont6165,570753.54
1979.0,12528,87,3409837.0,161956.0,155693.0,3416984.0,1873.92,4229.12,1884.16,4229.12,1.0,0,19.0,24.0,100bs-4n-36th-377019s-DENV_1-usa-BVBRC_genome_sequence,sequana_cpu_dev,4,11372239.0,100,1,36,377019,DENV_1-usa-BVBRC_genome_sequence,41923.27,37328.86,79252.13,487.48,434.06,921.54,230.38,86.0, sdumont6165,6894935.3100000005
0.0,4320,30,265348.0,3160.0,2599.0,265348.0,0.0,0.0,0.0,0.0,1.0,0,0.0,0.0,100bs-4n-36th-377019s-DENV_1-usa-BVBRC_genome_sequence,sequana_cpu_dev,4,11372240.0,100,1,36,377019,DENV_1-usa-BVBRC_genome_sequence,10869.52,9539.33,20408.86,434.78,381.57,816.35,204.09,25.0, sdumont6165,612265.8
0.0,3600,25,265348.0,3152.0,2078.0,265348.0,0.0,0.0,0.0,0.0,1.0,0,0.0,0.0,100bs-4n-36th-377019s-DENV_1-usa-BVBRC_genome_sequence,sequana_cpu_dev,4,11372241.0,100,1,36,377019,DENV_1-usa-BVBRC_genome_sequence,10267.59,8925.24,19192.83,427.82,371.89,799.7,199.93,24.0, sdumont6165,479820.75000000006
0.0,3600,25,265348.0,3096.0,2562.0,265348.0,0.0,0.0,0.0,0.0,1.0,0,0.0,0.0,100bs-4n-36th-377019s-DENV_1-usa-BVBRC_genome_sequence,sequana_cpu_dev,4,11372243.0,100,1,36,377019,DENV_1-usa-BVBRC_genome_sequence,10170.86,8947.11,19117.98,437.2,384.9,822.11,205.53,23.25, sdumont6165,477949.5
8526.0,35856,249,3411272.0,165296.0,161003.0,3416992.0,3174.4,4403.2,3184.64,4413.44,1.0,0,31.0,44.0,1000bs-4n-36th-377019s-DENV_1-usa-BVBRC_genome_sequence,sequana_cpu_dev,4,11372244.0,1000,1,36,377019,DENV_1-usa-BVBRC_genome_sequence,117998.06,103543.36,221541.42,477.72,419.2,896.93,224.23,247.0, sdumont6165,55163813.580000006
8538.0,37440,260,3408490.0,164764.0,159909.0,3411564.0,3143.68,4403.2,3174.4,4413.44,1.0,0,25.0,30.0,1000bs-4n-36th-377019s-DENV_1-usa-BVBRC_genome_sequence,sequana_cpu_dev,4,11372245.0,1000,1,36,377019,DENV_1-usa-BVBRC_genome_sequence,124448.05,108829.75,233277.79,480.49,420.19,900.69,225.17,259.0, sdumont6165,60652225.4
7463.0,34416,239,3464194.0,164208.0,160374.0,3622276.0,2928.64,4392.96,2959.36,4403.2,1.0,0,21.0,25.0,1000bs-4n-36th-377019s-DENV_1-usa-BVBRC_genome_sequence,sequana_cpu_dev,4,11372246.0,1000,1,36,377019,DENV_1-usa-BVBRC_genome_sequence,113093.88,99388.13,212482.01,475.67,418.02,893.69,223.42,237.75, sdumont6165,50783200.39
7484.0,31392,218,3464157.0,168716.0,162177.0,3622276.0,2928.64,4403.2,2949.12,4403.2,1.0,0,23.0,33.0,1000bs-4n-36th-377019s-DENV_1-usa-BVBRC_genome_sequence,sequana_cpu_dev,4,11372247.0,1000,1,36,377019,DENV_1-usa-BVBRC_genome_sequence,101404.74,88682.16,190086.9,467.3,408.67,875.98,218.99,217.0, sdumont6165,41438944.2
12524.0,52128,362,3466976.0,164476.0,161539.0,3639796.0,4208.64,4515.84,4505.6,4812.8,1.0,0,20.0,36.0,1000bs-4n-36th-377019s-DENV_1-usa-BVBRC_genome_sequence,sequana_cpu_dev,4,11372248.0,1000,1,36,377019,DENV_1-usa-BVBRC_genome_sequence,175806.28,155404.06,331210.34,487.0,430.48,917.48,229.37,361.0, sdumont6165,119898143.08
1214.0,5376,32,3813987.0,157864.0,154042.0,3816964.0,1648.64,4239.36,1679.36,4259.84,1.0,0,24.0,32.0,100bs-4n-42th-377019s-DENV_1-usa-BVBRC_genome_sequence,sequana_cpu_dev,4,11372249.0,100,1,42,377019,DENV_1-usa-BVBRC_genome_sequence,13491.23,12429.46,25920.69,450.16,414.44,864.6,216.15,30.0, sdumont6165,829462.08
0.0,4536,27,265348.0,3120.0,2554.0,265348.0,0.0,0.0,0.0,0.0,1.0,0,0.0,0.0,100bs-4n-42th-377019s-DENV_1-usa-BVBRC_genome_sequence,sequana_cpu_dev,4,11372250.0,100,1,42,377019,DENV_1-usa-BVBRC_genome_sequence,11242.35,10294.46,21536.81,445.45,407.79,853.24,213.31,25.25, sdumont6165,581493.87
1185.0,6720,40,3813949.0,162420.0,157048.0,3816964.0,1638.4,4229.12,1638.4,4229.12,1.0,0,20.0,24.0,100bs-4n-42th-377019s-DENV_1-usa-BVBRC_genome_sequence,sequana_cpu_dev,4,11372251.0,100,1,42,377019,DENV_1-usa-BVBRC_genome_sequence,17742.71,16487.42,34230.13,476.5,442.74,919.24,229.81,37.25, sdumont6165,1369205.2
0.0,4536,27,265348.0,3148.0,2603.0,265348.0,0.0,0.0,0.0,0.0,1.0,0,0.0,0.0,100bs-4n-42th-377019s-DENV_1-usa-BVBRC_genome_sequence,sequana_cpu_dev,4,11372252.0,100,1,42,377019,DENV_1-usa-BVBRC_genome_sequence,11192.34,10297.31,21489.65,443.37,407.81,851.18,212.8,25.25, sdumont6165,580220.55
1212.0,5544,33,3814023.0,161956.0,155473.0,3817064.0,1638.4,4229.12,1638.4,4229.12,1.0,0,34.0,48.0,100bs-4n-42th-377019s-DENV_1-usa-BVBRC_genome_sequence,sequana_cpu_dev,4,11372253.0,100,1,42,377019,DENV_1-usa-BVBRC_genome_sequence,14727.33,13625.91,28353.24,460.23,425.81,886.04,221.51,32.0, sdumont6165,935656.92
9960.0,43344,258,3872495.0,164628.0,160464.0,4045204.0,3133.44,4403.2,3164.16,4403.2,1.0,0,32.0,46.0,1000bs-4n-42th-377019s-DENV_1-usa-BVBRC_genome_sequence,sequana_cpu_dev,4,11372254.0,1000,1,42,377019,DENV_1-usa-BVBRC_genome_sequence,122350.36,112767.25,235117.61,477.93,440.5,918.43,229.61,256.0, sdumont6165,60660343.38
11210.0,46368,276,3816864.0,166856.0,162391.0,3822680.0,3379.2,4403.2,3399.68,4413.44,1.0,0,27.0,43.0,1000bs-4n-42th-377019s-DENV_1-usa-BVBRC_genome_sequence,sequana_cpu_dev,4,11372255.0,1000,1,42,377019,DENV_1-usa-BVBRC_genome_sequence,132177.91,122233.84,254411.74,482.4,446.11,928.51,232.13,274.0, sdumont6165,70217640.24
13607.0,60312,359,3816556.0,165228.0,162311.0,3826948.0,3880.96,4392.96,3891.2,4392.96,1.0,0,29.0,38.0,1000bs-4n-42th-377019s-DENV_1-usa-BVBRC_genome_sequence,sequana_cpu_dev,4,11372256.0,1000,1,42,377019,DENV_1-usa-BVBRC_genome_sequence,175364.3,164208.22,339572.51,490.88,459.65,950.53,237.63,357.25, sdumont6165,121906531.09
9946.0,40656,242,3814047.0,168892.0,164285.0,3817120.0,3205.12,4474.88,3430.4,4679.68,1.0,0,15.0,17.0,1000bs-4n-42th-377019s-DENV_1-usa-BVBRC_genome_sequence,sequana_cpu_dev,4,11372257.0,1000,1,42,377019,DENV_1-usa-BVBRC_genome_sequence,111750.0,102462.09,214212.09,465.16,426.48,891.64,222.91,240.25, sdumont6165,51839325.78
9978.0,42840,255,3814084.0,163308.0,159609.0,3817284.0,3123.2,4403.2,3174.4,4413.44,1.0,0,24.0,31.0,1000bs-4n-42th-377019s-DENV_1-usa-BVBRC_genome_sequence,sequana_cpu_dev,4,11372258.0,1000,1,42,377019,DENV_1-usa-BVBRC_genome_sequence,118864.53,109034.87,227899.4,469.37,430.54,899.91,224.98,253.25, sdumont6165,58114347.0
0.0,5184,27,265348.0,3244.0,2647.0,265348.0,0.0,0.0,0.0,0.0,1.0,0,0.0,0.0,100bs-4n-48th-377019s-DENV_1-usa-BVBRC_genome_sequence,sequana_cpu_dev,4,11372259.0,100,1,48,377019,DENV_1-usa-BVBRC_genome_sequence,11365.44,11562.08,22927.53,454.62,462.48,917.1,229.28,25.0, sdumont6165,619043.3099999999
982.0,10176,53,4219480.0,162280.0,156680.0,4222464.0,1648.64,4218.88,1658.88,4229.12,1.0,0,23.0,37.0,100bs-4n-48th-377019s-DENV_1-usa-BVBRC_genome_sequence,sequana_cpu_dev,4,11372260.0,100,1,48,377019,DENV_1-usa-BVBRC_genome_sequence,21790.49,21950.14,43740.63,427.26,430.39,857.66,214.41,51.0, sdumont6165,2318253.39
0.0,5376,28,265348.0,3180.0,1571.0,265348.0,0.0,0.0,0.0,0.0,1.0,0,0.0,0.0,100bs-4n-48th-377019s-DENV_1-usa-BVBRC_genome_sequence,sequana_cpu_dev,4,11372262.0,100,1,48,377019,DENV_1-usa-BVBRC_genome_sequence,11201.28,11429.12,22630.4,448.05,457.16,905.22,226.3,25.0, sdumont6165,633651.2000000001
1384.0,6720,35,4165245.0,157976.0,155038.0,4222612.0,1638.4,4229.12,1648.64,4229.12,1.0,0,35.0,48.0,100bs-4n-48th-377019s-DENV_1-usa-BVBRC_genome_sequence,sequana_cpu_dev,4,11372264.0,100,1,48,377019,DENV_1-usa-BVBRC_genome_sequence,15276.09,15553.33,30829.43,473.75,482.39,956.14,239.04,32.25, sdumont6165,1079030.05
1385.0,7296,38,4219553.0,162172.0,156469.0,4222608.0,1638.4,4229.12,1658.88,4239.36,1.0,0,46.0,61.0,100bs-4n-48th-377019s-DENV_1-usa-BVBRC_genome_sequence,sequana_cpu_dev,4,11372265.0,100,1,48,377019,DENV_1-usa-BVBRC_genome_sequence,17014.84,17311.86,34326.7,486.14,494.62,980.76,245.19,35.0, sdumont6165,1304414.6
12829.0,53184,277,4221019.0,167604.0,162454.0,4228224.0,3399.68,4403.2,3409.92,4413.44,1.0,0,33.0,45.0,1000bs-4n-48th-377019s-DENV_1-usa-BVBRC_genome_sequence,sequana_cpu_dev,4,11372266.0,1000,1,48,377019,DENV_1-usa-BVBRC_genome_sequence,129692.72,131801.0,261493.72,473.33,481.03,954.36,238.59,274.0, sdumont6165,72433760.44
14197.0,58560,305,4278079.0,165144.0,161665.0,4450916.0,3604.48,4413.44,3635.2,4413.44,1.0,0,39.0,44.0,1000bs-4n-48th-377019s-DENV_1-usa-BVBRC_genome_sequence,sequana_cpu_dev,4,11372267.0,1000,1,48,377019,DENV_1-usa-BVBRC_genome_sequence,145775.9,147989.36,293765.26,481.11,488.41,969.52,242.38,303.0, sdumont6165,89598404.3
18445.0,78720,410,4278198.0,165296.0,161076.0,4445496.0,4372.48,4413.44,4392.96,4423.68,1.0,0,36.0,50.0,1000bs-4n-48th-377019s-DENV_1-usa-BVBRC_genome_sequence,sequana_cpu_dev,4,11372268.0,1000,1,48,377019,DENV_1-usa-BVBRC_genome_sequence,203381.0,206632.42,410013.42,498.48,506.45,1004.93,251.23,408.0, sdumont6165,168105502.2
12827.0,54144,282,4278077.0,169496.0,164180.0,4450840.0,3368.96,4403.2,3409.92,4413.44,1.0,0,30.0,37.0,1000bs-4n-48th-377019s-DENV_1-usa-BVBRC_genome_sequence,sequana_cpu_dev,4,11372270.0,1000,1,48,377019,DENV_1-usa-BVBRC_genome_sequence,133834.73,136203.55,270038.28,478.41,486.88,965.29,241.32,279.75, sdumont6165,76150794.96000001
12833.0,56832,296,4276725.0,167264.0,162832.0,4433532.0,3409.92,4403.2,3440.64,4413.44,1.0,0,33.0,42.0,1000bs-4n-48th-377019s-DENV_1-usa-BVBRC_genome_sequence,sequana_cpu_dev,4,11372271.0,1000,1,48,377019,DENV_1-usa-BVBRC_genome_sequence,141555.28,143844.83,285400.12,481.48,489.27,970.75,242.69,294.0, sdumont6165,84478435.52
0.0,60,30,265348.0,3128.0,3128.0,265348.0,0.0,0.0,0.0,0.0,1.0,0,0.0,0.0,100bs-1n-2th-198574s-DENV_2-colombia-BVBRC_genome_sequence,sequana_cpu_dev,1,11372272.0,100,1,2,198574,DENV_2-colombia-BVBRC_genome_sequence,1400.01,995.7,2395.71,48.28,34.33,82.61,82.61,29.0, sdumont6165,71871.3
0.0,60,30,265348.0,3176.0,3176.0,265348.0,0.0,0.0,0.0,0.0,1.0,0,0.0,0.0,100bs-1n-2th-198574s-DENV_2-colombia-BVBRC_genome_sequence,sequana_cpu_dev,1,11372273.0,100,1,2,198574,DENV_2-colombia-BVBRC_genome_sequence,1646.73,1164.0,2810.73,56.78,40.14,96.92,96.92,29.0, sdumont6165,84321.9
0.0,60,30,265348.0,3108.0,3108.0,265348.0,0.0,0.0,0.0,0.0,1.0,0,0.0,0.0,100bs-1n-2th-198574s-DENV_2-colombia-BVBRC_genome_sequence,sequana_cpu_dev,1,11372298.0,100,1,2,198574,DENV_2-colombia-BVBRC_genome_sequence,1630.65,1154.14,2784.78,56.23,39.8,96.03,96.03,29.0, sdumont6165,83543.40000000001
0.0,58,29,265348.0,3144.0,3144.0,265348.0,0.0,0.0,0.0,0.0,1.0,0,0.0,0.0,100bs-1n-2th-198574s-DENV_2-colombia-BVBRC_genome_sequence,sequana_cpu_dev,1,11372299.0,100,1,2,198574,DENV_2-colombia-BVBRC_genome_sequence,1538.14,1076.2,2614.33,53.04,37.11,90.15,90.15,29.0, sdumont6165,75815.56999999999
0.0,62,31,265348.0,3156.0,3156.0,265348.0,0.0,0.0,0.0,0.0,1.0,0,0.0,0.0,100bs-1n-2th-198574s-DENV_2-colombia-BVBRC_genome_sequence,sequana_cpu_dev,1,11372300.0,100,1,2,198574,DENV_2-colombia-BVBRC_genome_sequence,1633.4,1152.61,2786.01,54.45,38.42,92.87,92.87,30.0, sdumont6165,86366.31000000001
571.0,610,305,1105984.0,145128.0,145128.0,1105984.0,3061.76,4700.16,3061.76,4700.16,1.0,0,0.0,0.0,1000bs-1n-2th-198574s-DENV_2-colombia-BVBRC_genome_sequence,sequana_cpu_dev,1,11372301.0,1000,1,2,198574,DENV_2-colombia-BVBRC_genome_sequence,17358.8,12313.17,29671.96,56.91,40.37,97.29,97.29,305.0, sdumont6165,9049947.8
596.0,686,343,1100424.0,145112.0,145112.0,1100424.0,3512.32,4689.92,3512.32,4689.92,1.0,0,0.0,0.0,1000bs-1n-2th-198574s-DENV_2-colombia-BVBRC_genome_sequence,sequana_cpu_dev,1,11372302.0,1000,1,2,198574,DENV_2-colombia-BVBRC_genome_sequence,19096.72,13824.05,32920.77,55.84,40.42,96.26,96.26,342.0, sdumont6165,11291824.11
526.0,584,292,1105984.0,142808.0,142808.0,1105984.0,3031.04,4669.44,3031.04,4669.44,1.0,0,0.0,0.0,1000bs-1n-2th-198574s-DENV_2-colombia-BVBRC_genome_sequence,sequana_cpu_dev,1,11372303.0,1000,1,2,198574,DENV_2-colombia-BVBRC_genome_sequence,16809.41,11795.52,28604.93,57.96,40.67,98.64,98.64,290.0, sdumont6165,8352639.56
521.0,592,296,1106128.0,143984.0,143984.0,1106128.0,3031.04,4659.2,3031.04,4659.2,1.0,0,0.0,0.0,1000bs-1n-2th-198574s-DENV_2-colombia-BVBRC_genome_sequence,sequana_cpu_dev,1,11372304.0,1000,1,2,198574,DENV_2-colombia-BVBRC_genome_sequence,16947.8,11903.04,28850.84,57.45,40.35,97.8,97.8,295.0, sdumont6165,8539848.64
529.0,578,289,1100424.0,144852.0,144852.0,1100424.0,3031.04,4679.68,3031.04,4679.68,1.0,0,0.0,0.0,1000bs-1n-2th-198574s-DENV_2-colombia-BVBRC_genome_sequence,sequana_cpu_dev,1,11372305.0,1000,1,2,198574,DENV_2-colombia-BVBRC_genome_sequence,16652.6,11682.86,28335.46,57.82,40.57,98.39,98.39,288.0, sdumont6165,8188947.939999999
0.0,108,18,265348.0,3232.0,3232.0,265348.0,0.0,0.0,0.0,0.0,1.0,0,0.0,0.0,100bs-1n-6th-198574s-DENV_2-colombia-BVBRC_genome_sequence,sequana_cpu_dev,1,11372306.0,100,1,6,198574,DENV_2-colombia-BVBRC_genome_sequence,1270.36,634.83,1905.19,74.73,37.34,112.07,112.07,17.0, sdumont6165,34293.42
0.0,108,18,265348.0,3156.0,3156.0,265348.0,0.0,0.0,0.0,0.0,1.0,0,0.0,0.0,100bs-1n-6th-198574s-DENV_2-colombia-BVBRC_genome_sequence,sequana_cpu_dev,1,11372307.0,100,1,6,198574,DENV_2-colombia-BVBRC_genome_sequence,1237.94,618.27,1856.21,72.82,36.37,109.19,109.19,17.0, sdumont6165,33411.78
0.0,108,18,265348.0,1036.0,1036.0,265348.0,0.0,0.0,0.0,0.0,1.0,0,0.0,0.0,100bs-1n-6th-198574s-DENV_2-colombia-BVBRC_genome_sequence,sequana_cpu_dev,1,11372309.0,100,1,6,198574,DENV_2-colombia-BVBRC_genome_sequence,1269.92,630.09,1900.01,74.7,37.06,111.77,111.77,17.0, sdumont6165,34200.18
0.0,102,17,265348.0,3176.0,3176.0,265348.0,0.0,0.0,0.0,0.0,1.0,0,0.0,0.0,100bs-1n-6th-198574s-DENV_2-colombia-BVBRC_genome_sequence,sequana_cpu_dev,1,11372310.0,100,1,6,198574,DENV_2-colombia-BVBRC_genome_sequence,1287.72,634.11,1921.82,80.48,39.63,120.11,120.11,16.0, sdumont6165,32670.94
0.0,102,17,265348.0,3176.0,3176.0,265348.0,0.0,0.0,0.0,0.0,1.0,0,0.0,0.0,100bs-1n-6th-198574s-DENV_2-colombia-BVBRC_genome_sequence,sequana_cpu_dev,1,11372313.0,100,1,6,198574,DENV_2-colombia-BVBRC_genome_sequence,1282.01,626.23,1908.24,80.13,39.14,119.26,119.26,16.0, sdumont6165,32440.08
890.0,948,158,1370368.0,142980.0,142980.0,1370368.0,2160.64,4679.68,2160.64,4679.68,1.0,0,2.0,2.0,1000bs-1n-6th-198574s-DENV_2-colombia-BVBRC_genome_sequence,sequana_cpu_dev,1,11372315.0,1000,1,6,198574,DENV_2-colombia-BVBRC_genome_sequence,13240.33,6420.87,19661.2,84.33,40.9,125.23,125.23,157.0, sdumont6165,3106469.6
1045.0,1104,184,1370368.0,145200.0,145200.0,1370368.0,2355.2,4689.92,2355.2,4689.92,1.0,0,2.0,2.0,1000bs-1n-6th-198574s-DENV_2-colombia-BVBRC_genome_sequence,sequana_cpu_dev,1,11372316.0,1000,1,6,198574,DENV_2-colombia-BVBRC_genome_sequence,15018.55,7445.47,22464.02,82.07,40.69,122.75,122.75,183.0, sdumont6165,4133379.68
891.0,942,157,1370368.0,147176.0,147176.0,1370368.0,2160.64,4679.68,2160.64,4679.68,1.0,0,2.0,2.0,1000bs-1n-6th-198574s-DENV_2-colombia-BVBRC_genome_sequence,sequana_cpu_dev,1,11372317.0,1000,1,6,198574,DENV_2-colombia-BVBRC_genome_sequence,13091.7,6331.5,19423.2,84.46,40.85,125.31,125.31,155.0, sdumont6165,3049442.4
887.0,972,162,1370408.0,145172.0,145172.0,1370408.0,2160.64,4669.44,2160.64,4669.44,3.0,0,3.0,3.0,1000bs-1n-6th-198574s-DENV_2-colombia-BVBRC_genome_sequence,sequana_cpu_dev,1,11372329.0,1000,1,6,198574,DENV_2-colombia-BVBRC_genome_sequence,13375.6,6525.05,19900.64,83.6,40.78,124.38,124.38,160.0, sdumont6165,3223903.68
890.0,954,159,1370368.0,143232.0,143232.0,1370368.0,2160.64,4679.68,2160.64,4679.68,1.0,0,0.0,0.0,1000bs-1n-6th-198574s-DENV_2-colombia-BVBRC_genome_sequence,sequana_cpu_dev,1,11372340.0,1000,1,6,198574,DENV_2-colombia-BVBRC_genome_sequence,13278.85,6459.94,19738.78,84.04,40.89,124.93,124.93,158.0, sdumont6165,3138466.02
0.0,216,18,265348.0,1036.0,1036.0,265348.0,0.0,0.0,0.0,0.0,1.0,0,0.0,0.0,100bs-1n-12th-198574s-DENV_2-colombia-BVBRC_genome_sequence,sequana_cpu_dev,1,11372342.0,100,1,12,198574,DENV_2-colombia-BVBRC_genome_sequence,1522.89,619.8,2142.7,89.58,36.46,126.04,126.04,17.0, sdumont6165,38568.6
0.0,204,17,265348.0,1032.0,1032.0,265348.0,0.0,0.0,0.0,0.0,1.0,0,0.0,0.0,100bs-1n-12th-198574s-DENV_2-colombia-BVBRC_genome_sequence,sequana_cpu_dev,1,11372344.0,100,1,12,198574,DENV_2-colombia-BVBRC_genome_sequence,1568.67,635.46,2204.13,98.04,39.72,137.76,137.76,16.0, sdumont6165,37470.21
0.0,192,16,265348.0,1036.0,1036.0,265348.0,0.0,0.0,0.0,0.0,1.0,0,0.0,0.0,100bs-1n-12th-198574s-DENV_2-colombia-BVBRC_genome_sequence,sequana_cpu_dev,1,11372345.0,100,1,12,198574,DENV_2-colombia-BVBRC_genome_sequence,1345.47,553.85,1899.32,89.7,36.92,126.62,126.62,15.0, sdumont6165,30389.12
0.0,204,17,265348.0,1036.0,1036.0,265348.0,0.0,0.0,0.0,0.0,1.0,0,0.0,0.0,100bs-1n-12th-198574s-DENV_2-colombia-BVBRC_genome_sequence,sequana_cpu_dev,1,11372346.0,100,1,12,198574,DENV_2-colombia-BVBRC_genome_sequence,1580.81,641.49,2222.3,98.8,40.09,138.89,138.89,16.0, sdumont6165,37779.100000000006
0.0,204,17,265348.0,1036.0,1036.0,265348.0,0.0,0.0,0.0,0.0,1.0,0,0.0,0.0,100bs-1n-12th-198574s-DENV_2-colombia-BVBRC_genome_sequence,sequana_cpu_dev,1,11372347.0,100,1,12,198574,DENV_2-colombia-BVBRC_genome_sequence,1541.79,629.37,2171.16,96.36,39.34,135.7,135.7,16.0, sdumont6165,36909.72
2112.0,2208,184,1775780.0,147596.0,147596.0,1775780.0,2396.16,4689.92,2396.16,4689.92,1.0,0,4.0,4.0,1000bs-1n-12th-198574s-DENV_2-colombia-BVBRC_genome_sequence,sequana_cpu_dev,1,11372348.0,1000,1,12,198574,DENV_2-colombia-BVBRC_genome_sequence,18942.64,7514.86,26457.5,103.51,41.06,144.58,144.58,183.0, sdumont6165,4868180.0
1783.0,1812,151,1775928.0,145996.0,145996.0,1775928.0,2160.64,4700.16,2160.64,4700.16,1.0,0,8.0,8.0,1000bs-1n-12th-198574s-DENV_2-colombia-BVBRC_genome_sequence,sequana_cpu_dev,1,11372349.0,1000,1,12,198574,DENV_2-colombia-BVBRC_genome_sequence,15317.47,6142.67,21460.14,102.12,40.95,143.07,143.07,150.0, sdumont6165,3240481.14
1770.0,2028,169,1998740.0,147532.0,147532.0,1998740.0,2140.16,4648.96,2140.16,4648.96,1.0,0,4.0,4.0,1000bs-1n-12th-198574s-DENV_2-colombia-BVBRC_genome_sequence,sequana_cpu_dev,1,11372350.0,1000,1,12,198574,DENV_2-colombia-BVBRC_genome_sequence,17326.59,6881.12,24207.71,103.13,40.96,144.09,144.09,168.0, sdumont6165,4091102.99
1776.0,1860,155,1775928.0,147500.0,147500.0,1775928.0,2160.64,4689.92,2160.64,4689.92,1.0,0,4.0,4.0,1000bs-1n-12th-198574s-DENV_2-colombia-BVBRC_genome_sequence,sequana_cpu_dev,1,11372351.0,1000,1,12,198574,DENV_2-colombia-BVBRC_genome_sequence,15652.69,6303.57,21956.27,101.64,40.93,142.57,142.57,154.0, sdumont6165,3403221.85
1783.0,1824,152,1775940.0,147732.0,147732.0,1775940.0,2160.64,4700.16,2160.64,4700.16,1.0,0,6.0,6.0,1000bs-1n-12th-198574s-DENV_2-colombia-BVBRC_genome_sequence,sequana_cpu_dev,1,11372352.0,1000,1,12,198574,DENV_2-colombia-BVBRC_genome_sequence,15468.16,6206.21,21674.38,102.44,41.1,143.54,143.54,151.0, sdumont6165,3294505.76
0.0,342,19,265348.0,1036.0,1036.0,265348.0,0.0,0.0,0.0,0.0,1.0,0,0.0,0.0,100bs-1n-18th-198574s-DENV_2-colombia-BVBRC_genome_sequence,sequana_cpu_dev,1,11372354.0,100,1,18,198574,DENV_2-colombia-BVBRC_genome_sequence,1801.64,716.04,2517.67,100.09,39.78,139.87,139.87,18.0, sdumont6165,47835.73
0.0,324,18,265348.0,1040.0,1040.0,265348.0,0.0,0.0,0.0,0.0,1.0,0,0.0,0.0,100bs-1n-18th-198574s-DENV_2-colombia-BVBRC_genome_sequence,sequana_cpu_dev,1,11372356.0,100,1,18,198574,DENV_2-colombia-BVBRC_genome_sequence,1602.46,636.41,2238.87,89.03,35.36,124.38,124.38,18.0, sdumont6165,40299.66
0.0,324,18,265348.0,1036.0,1036.0,265348.0,0.0,0.0,0.0,0.0,1.0,0,0.0,0.0,100bs-1n-18th-198574s-DENV_2-colombia-BVBRC_genome_sequence,sequana_cpu_dev,1,11372357.0,100,1,18,198574,DENV_2-colombia-BVBRC_genome_sequence,1592.39,635.49,2227.88,93.67,37.38,131.05,131.05,17.0, sdumont6165,40101.84
0.0,342,19,265348.0,1036.0,1036.0,265348.0,0.0,0.0,0.0,0.0,1.0,0,0.0,0.0,100bs-1n-18th-198574s-DENV_2-colombia-BVBRC_genome_sequence,sequana_cpu_dev,1,11372358.0,100,1,18,198574,DENV_2-colombia-BVBRC_genome_sequence,1569.88,622.56,2192.45,92.35,36.62,128.97,128.97,17.0, sdumont6165,41656.55
0.0,342,19,265348.0,1036.0,1036.0,265348.0,0.0,0.0,0.0,0.0,1.0,0,0.0,0.0,100bs-1n-18th-198574s-DENV_2-colombia-BVBRC_genome_sequence,sequana_cpu_dev,1,11372360.0,100,1,18,198574,DENV_2-colombia-BVBRC_genome_sequence,1816.49,716.07,2532.56,100.92,39.78,140.7,140.7,18.0, sdumont6165,48118.64
2678.0,3096,172,2181312.0,149848.0,149848.0,2181312.0,2170.88,4638.72,2170.88,4638.72,1.0,0,21.0,21.0,1000bs-1n-18th-198574s-DENV_2-colombia-BVBRC_genome_sequence,sequana_cpu_dev,1,11372361.0,1000,1,18,198574,DENV_2-colombia-BVBRC_genome_sequence,17821.66,6953.47,24775.13,104.22,40.66,144.88,144.88,171.0, sdumont6165,4261322.36
3706.0,4050,225,2186868.0,147716.0,147716.0,2186868.0,2662.4,4669.44,2662.4,4669.44,1.0,0,18.0,18.0,1000bs-1n-18th-198574s-DENV_2-colombia-BVBRC_genome_sequence,sequana_cpu_dev,1,11372362.0,1000,1,18,198574,DENV_2-colombia-BVBRC_genome_sequence,24137.14,9180.05,33317.19,108.24,41.17,149.4,149.4,223.0, sdumont6165,7496367.750000001
3192.0,3600,200,2181312.0,147940.0,147940.0,2181312.0,2406.4,4648.96,2406.4,4648.96,1.0,0,6.0,6.0,1000bs-1n-18th-198574s-DENV_2-colombia-BVBRC_genome_sequence,sequana_cpu_dev,1,11372364.0,1000,1,18,198574,DENV_2-colombia-BVBRC_genome_sequence,21114.6,8097.53,29212.13,106.1,40.69,146.79,146.79,199.0, sdumont6165,5842426.0
2675.0,3150,175,2181308.0,147884.0,147884.0,2181308.0,2170.88,4628.48,2170.88,4628.48,1.0,0,21.0,21.0,1000bs-1n-18th-198574s-DENV_2-colombia-BVBRC_genome_sequence,sequana_cpu_dev,1,11372365.0,1000,1,18,198574,DENV_2-colombia-BVBRC_genome_sequence,18291.04,7074.63,25365.67,105.12,40.66,145.78,145.78,174.0, sdumont6165,4438992.25
3206.0,3402,189,2181312.0,147928.0,147928.0,2181312.0,2396.16,4689.92,2396.16,4689.92,1.0,0,8.0,8.0,1000bs-1n-18th-198574s-DENV_2-colombia-BVBRC_genome_sequence,sequana_cpu_dev,1,11372366.0,1000,1,18,198574,DENV_2-colombia-BVBRC_genome_sequence,19970.59,7705.1,27675.69,106.23,40.98,147.21,147.21,188.0, sdumont6165,5230705.41
0.0,480,20,265348.0,3144.0,3144.0,265348.0,0.0,0.0,0.0,0.0,1.0,0,0.0,0.0,100bs-1n-24th-198574s-DENV_2-colombia-BVBRC_genome_sequence,sequana_cpu_dev,1,11372367.0,100,1,24,198574,DENV_2-colombia-BVBRC_genome_sequence,2030.38,731.81,2762.19,106.86,38.52,145.38,145.38,19.0, sdumont6165,55243.8
0.0,504,21,265348.0,1040.0,1040.0,265348.0,0.0,0.0,0.0,0.0,1.0,0,0.0,0.0,100bs-1n-24th-198574s-DENV_2-colombia-BVBRC_genome_sequence,sequana_cpu_dev,1,11372368.0,100,1,24,198574,DENV_2-colombia-BVBRC_genome_sequence,2043.64,729.31,2772.94,102.18,36.47,138.65,138.65,20.0, sdumont6165,58231.74
0.0,456,19,265348.0,1040.0,1040.0,265348.0,0.0,0.0,0.0,0.0,1.0,0,0.0,0.0,100bs-1n-24th-198574s-DENV_2-colombia-BVBRC_genome_sequence,sequana_cpu_dev,1,11372369.0,100,1,24,198574,DENV_2-colombia-BVBRC_genome_sequence,2046.95,736.56,2783.51,113.72,40.92,154.64,154.64,18.0, sdumont6165,52886.69
0.0,480,20,265348.0,1040.0,1040.0,265348.0,0.0,0.0,0.0,0.0,1.0,0,0.0,0.0,100bs-1n-24th-198574s-DENV_2-colombia-BVBRC_genome_sequence,sequana_cpu_dev,1,11372370.0,100,1,24,198574,DENV_2-colombia-BVBRC_genome_sequence,2038.42,730.57,2768.98,113.25,40.59,153.83,153.83,18.0, sdumont6165,55379.6
0.0,480,20,265348.0,1040.0,1040.0,265348.0,0.0,0.0,0.0,0.0,1.0,0,0.0,0.0,100bs-1n-24th-198574s-DENV_2-colombia-BVBRC_genome_sequence,sequana_cpu_dev,1,11372372.0,100,1,24,198574,DENV_2-colombia-BVBRC_genome_sequence,2025.52,725.91,2751.43,106.61,38.21,144.81,144.81,19.0, sdumont6165,55028.6
4288.0,4368,182,2815120.0,151776.0,151776.0,2815120.0,2385.92,4700.16,2385.92,4700.16,1.0,0,12.0,12.0,1000bs-1n-24th-198574s-DENV_2-colombia-BVBRC_genome_sequence,sequana_cpu_dev,1,11372373.0,1000,1,24,198574,DENV_2-colombia-BVBRC_genome_sequence,21337.74,7531.71,28869.45,117.89,41.61,159.5,159.5,181.0, sdumont6165,5254239.9
4289.0,4368,182,2592448.0,148008.0,148008.0,2592448.0,2385.92,4700.16,2385.92,4700.16,1.0,0,18.0,18.0,1000bs-1n-24th-198574s-DENV_2-colombia-BVBRC_genome_sequence,sequana_cpu_dev,1,11372374.0,1000,1,24,198574,DENV_2-colombia-BVBRC_genome_sequence,21306.06,7529.28,28835.34,117.71,41.6,159.31,159.31,181.0, sdumont6165,5248031.88
4288.0,4416,184,2592448.0,148168.0,148168.0,2592448.0,2222.08,4689.92,2222.08,4689.92,1.0,0,26.0,26.0,1000bs-1n-24th-198574s-DENV_2-colombia-BVBRC_genome_sequence,sequana_cpu_dev,1,11372376.0,1000,1,24,198574,DENV_2-colombia-BVBRC_genome_sequence,21634.99,7648.73,29283.72,118.22,41.8,160.02,160.02,183.0, sdumont6165,5388204.48
4288.0,4392,183,2592596.0,150388.0,150388.0,2592596.0,2385.92,4700.16,2385.92,4700.16,1.0,0,21.0,21.0,1000bs-1n-24th-198574s-DENV_2-colombia-BVBRC_genome_sequence,sequana_cpu_dev,1,11372377.0,1000,1,24,198574,DENV_2-colombia-BVBRC_genome_sequence,21501.86,7620.17,29122.02,118.14,41.87,160.01,160.01,182.0, sdumont6165,5329329.66
4976.0,5232,218,2586888.0,146376.0,146376.0,2586888.0,2631.68,4689.92,2631.68,4689.92,1.0,0,23.0,23.0,1000bs-1n-24th-198574s-DENV_2-colombia-BVBRC_genome_sequence,sequana_cpu_dev,1,11372378.0,1000,1,24,198574,DENV_2-colombia-BVBRC_genome_sequence,26085.67,9058.52,35144.19,120.21,41.74,161.95,161.95,217.0, sdumont6165,7661433.420000001
873.0,1020,34,2992424.0,142268.0,142268.0,2992424.0,1290.24,4249.6,1290.24,4249.6,2.0,0,26.0,26.0,100bs-1n-30th-198574s-DENV_2-colombia-BVBRC_genome_sequence,sequana_cpu_dev,1,11372379.0,100,1,30,198574,DENV_2-colombia-BVBRC_genome_sequence,3528.97,2445.89,5974.86,106.94,74.12,181.06,181.06,33.0, sdumont6165,203145.24
0.0,810,27,265348.0,3092.0,3092.0,265348.0,0.0,0.0,0.0,0.0,4.0,0,0.0,0.0,100bs-1n-30th-198574s-DENV_2-colombia-BVBRC_genome_sequence,sequana_cpu_dev,1,11372380.0,100,1,30,198574,DENV_2-colombia-BVBRC_genome_sequence,2756.56,1974.32,4730.88,106.02,75.94,181.96,181.96,26.0, sdumont6165,127733.76
0.0,810,27,265348.0,3056.0,3056.0,265348.0,0.0,0.0,0.0,0.0,1.0,0,0.0,0.0,100bs-1n-30th-198574s-DENV_2-colombia-BVBRC_genome_sequence,sequana_cpu_dev,1,11372381.0,100,1,30,198574,DENV_2-colombia-BVBRC_genome_sequence,2750.86,1947.07,4697.93,101.88,72.11,174.0,174.0,27.0, sdumont6165,126844.11000000002
0.0,750,25,265348.0,3004.0,3004.0,265348.0,0.0,0.0,0.0,0.0,1.0,0,0.0,0.0,100bs-1n-30th-198574s-DENV_2-colombia-BVBRC_genome_sequence,sequana_cpu_dev,1,11372384.0,100,1,30,198574,DENV_2-colombia-BVBRC_genome_sequence,2455.02,1782.8,4237.82,102.29,74.28,176.58,176.58,24.0, sdumont6165,105945.5
0.0,780,26,265348.0,3120.0,3120.0,265348.0,0.0,0.0,0.0,0.0,1.0,0,0.0,0.0,100bs-1n-30th-198574s-DENV_2-colombia-BVBRC_genome_sequence,sequana_cpu_dev,1,11372385.0,100,1,30,198574,DENV_2-colombia-BVBRC_genome_sequence,2482.27,1777.74,4260.01,103.43,74.07,177.5,177.5,24.0, sdumont6165,110760.26
7999.0,9030,301,2998468.0,149540.0,149540.0,2998468.0,3031.04,4648.96,3031.04,4648.96,2.0,0,15.0,15.0,1000bs-1n-30th-198574s-DENV_2-colombia-BVBRC_genome_sequence,sequana_cpu_dev,1,11372386.0,1000,1,30,198574,DENV_2-colombia-BVBRC_genome_sequence,34173.13,24077.41,58250.55,113.91,80.26,194.17,194.17,300.0, sdumont6165,17533415.55
8018.0,8220,274,3220668.0,150564.0,150564.0,3220668.0,3010.56,4700.16,3010.56,4700.16,1.0,0,33.0,33.0,1000bs-1n-30th-198574s-DENV_2-colombia-BVBRC_genome_sequence,sequana_cpu_dev,1,11372387.0,1000,1,30,198574,DENV_2-colombia-BVBRC_genome_sequence,30960.39,21992.04,52952.43,113.41,80.56,193.96,193.96,273.0, sdumont6165,14508965.82
6255.0,7200,240,2997996.0,148960.0,148960.0,2997996.0,2580.48,4648.96,2580.48,4648.96,4.0,0,15.0,15.0,1000bs-1n-30th-198574s-DENV_2-colombia-BVBRC_genome_sequence,sequana_cpu_dev,1,11372388.0,1000,1,30,198574,DENV_2-colombia-BVBRC_genome_sequence,26815.56,19236.65,46052.21,112.67,80.83,193.5,193.5,238.0, sdumont6165,11052530.4
8881.0,9150,305,2992584.0,146648.0,146648.0,2992584.0,3061.76,4700.16,3061.76,4700.16,1.0,0,7.0,7.0,1000bs-1n-30th-198574s-DENV_2-colombia-BVBRC_genome_sequence,sequana_cpu_dev,1,11372389.0,1000,1,30,198574,DENV_2-colombia-BVBRC_genome_sequence,34960.64,24416.78,59377.42,114.63,80.06,194.68,194.68,305.0, sdumont6165,18110113.1
7131.0,7320,244,2997996.0,146712.0,146712.0,2997996.0,2785.28,4700.16,2785.28,4700.16,1.0,0,17.0,17.0,1000bs-1n-30th-198574s-DENV_2-colombia-BVBRC_genome_sequence,sequana_cpu_dev,1,11372390.0,1000,1,30,198574,DENV_2-colombia-BVBRC_genome_sequence,27319.58,19555.74,46875.32,112.43,80.48,192.9,192.9,243.0, sdumont6165,11437578.08
0.0,972,27,265348.0,3056.0,3056.0,265348.0,0.0,0.0,0.0,0.0,1.0,0,0.0,0.0,100bs-1n-36th-198574s-DENV_2-colombia-BVBRC_genome_sequence,sequana_cpu_dev,1,11372391.0,100,1,36,198574,DENV_2-colombia-BVBRC_genome_sequence,2709.01,2416.58,5125.6,108.36,96.66,205.02,205.02,25.0, sdumont6165,138391.2
0.0,1080,30,265348.0,3116.0,3116.0,265348.0,0.0,0.0,0.0,0.0,1.0,0,0.0,0.0,100bs-1n-36th-198574s-DENV_2-colombia-BVBRC_genome_sequence,sequana_cpu_dev,1,11372392.0,100,1,36,198574,DENV_2-colombia-BVBRC_genome_sequence,3202.43,2796.08,5998.51,114.37,99.86,214.23,214.23,28.0, sdumont6165,179955.30000000002
0.0,1080,30,265348.0,3076.0,3076.0,265348.0,0.0,0.0,0.0,0.0,1.0,0,0.0,0.0,100bs-1n-36th-198574s-DENV_2-colombia-BVBRC_genome_sequence,sequana_cpu_dev,1,11372393.0,100,1,36,198574,DENV_2-colombia-BVBRC_genome_sequence,2983.14,2631.82,5614.96,106.54,93.99,200.53,200.53,28.0, sdumont6165,168448.8
0.0,1008,28,265348.0,3160.0,3160.0,265348.0,0.0,0.0,0.0,0.0,1.0,0,0.0,0.0,100bs-1n-36th-198574s-DENV_2-colombia-BVBRC_genome_sequence,sequana_cpu_dev,1,11372394.0,100,1,36,198574,DENV_2-colombia-BVBRC_genome_sequence,2751.45,2386.68,5138.13,101.91,88.4,190.3,190.3,27.0, sdumont6165,143867.64
0.0,1116,31,453096.0,4476.0,4476.0,453096.0,1372.16,4290.56,1372.16,4290.56,1.0,0,0.0,0.0,100bs-1n-36th-198574s-DENV_2-colombia-BVBRC_genome_sequence,sequana_cpu_dev,1,11372395.0,100,1,36,198574,DENV_2-colombia-BVBRC_genome_sequence,2956.01,2635.78,5591.79,101.93,90.89,192.82,192.82,29.0, sdumont6165,173345.49
9638.0,10152,282,3398096.0,151652.0,151652.0,3398096.0,3000.32,4689.92,3000.32,4689.92,1.0,0,23.0,23.0,1000bs-1n-36th-198574s-DENV_2-colombia-BVBRC_genome_sequence,sequana_cpu_dev,1,11372396.0,1000,1,36,198574,DENV_2-colombia-BVBRC_genome_sequence,31646.37,28213.74,59860.12,112.62,100.4,213.03,213.03,281.0, sdumont6165,16880553.84
12797.0,13212,367,3397948.0,151344.0,151344.0,3397948.0,3706.88,4710.4,3706.88,4710.4,1.0,0,27.0,27.0,1000bs-1n-36th-198574s-DENV_2-colombia-BVBRC_genome_sequence,sequana_cpu_dev,1,11372399.0,1000,1,36,198574,DENV_2-colombia-BVBRC_genome_sequence,42034.92,37664.91,79699.83,114.85,102.91,217.76,217.76,366.0, sdumont6165,29249837.61
12795.0,13500,375,3397948.0,151460.0,151460.0,3397948.0,3706.88,4689.92,3706.88,4689.92,1.0,0,20.0,20.0,1000bs-1n-36th-198574s-DENV_2-colombia-BVBRC_genome_sequence,sequana_cpu_dev,1,11372403.0,1000,1,36,198574,DENV_2-colombia-BVBRC_genome_sequence,42902.67,37824.87,80727.53,114.71,101.14,215.85,215.85,374.0, sdumont6165,30272823.75
9643.0,10476,291,3403508.0,151424.0,151424.0,3403508.0,2979.84,4669.44,2979.84,4669.44,1.0,0,22.0,22.0,1000bs-1n-36th-198574s-DENV_2-colombia-BVBRC_genome_sequence,sequana_cpu_dev,1,11372405.0,1000,1,36,198574,DENV_2-colombia-BVBRC_genome_sequence,32472.21,28834.26,61306.47,111.97,99.43,211.4,211.4,290.0, sdumont6165,17840182.77
9644.0,9864,274,3397948.0,151452.0,151452.0,3397948.0,3010.56,4700.16,3010.56,4700.16,1.0,0,28.0,28.0,1000bs-1n-36th-198574s-DENV_2-colombia-BVBRC_genome_sequence,sequana_cpu_dev,1,11372406.0,1000,1,36,198574,DENV_2-colombia-BVBRC_genome_sequence,30547.64,27049.55,57597.19,111.9,99.08,210.98,210.98,273.0, sdumont6165,15781630.06
1223.0,1302,31,3803668.0,148996.0,148996.0,3803668.0,1290.24,4259.84,1290.24,4259.84,1.0,0,15.0,15.0,100bs-1n-42th-198574s-DENV_2-colombia-BVBRC_genome_sequence,sequana_cpu_dev,1,11372407.0,100,1,42,198574,DENV_2-colombia-BVBRC_genome_sequence,3203.16,3006.29,6209.45,106.77,100.21,206.98,206.98,30.0, sdumont6165,192492.95
1226.0,1470,35,3803668.0,146640.0,146640.0,3803668.0,1300.48,4290.56,1300.48,4290.56,1.0,0,23.0,23.0,100bs-1n-42th-198574s-DENV_2-colombia-BVBRC_genome_sequence,sequana_cpu_dev,1,11372408.0,100,1,42,198574,DENV_2-colombia-BVBRC_genome_sequence,3537.61,3320.28,6857.89,110.55,103.76,214.31,214.31,32.0, sdumont6165,240026.15
1223.0,1344,32,3803520.0,146328.0,146328.0,3803520.0,1290.24,4259.84,1290.24,4259.84,0.0,0,32.0,32.0,100bs-1n-42th-198574s-DENV_2-colombia-BVBRC_genome_sequence,sequana_cpu_dev,1,11372409.0,100,1,42,198574,DENV_2-colombia-BVBRC_genome_sequence,3218.35,3014.71,6233.06,103.82,97.25,201.07,201.07,31.0, sdumont6165,199457.92
1224.0,1554,37,3803520.0,144272.0,144272.0,3803520.0,1290.24,4249.6,1290.24,4249.6,1.0,0,43.0,43.0,100bs-1n-42th-198574s-DENV_2-colombia-BVBRC_genome_sequence,sequana_cpu_dev,1,11372411.0,100,1,42,198574,DENV_2-colombia-BVBRC_genome_sequence,3738.31,3470.51,7208.82,106.81,99.16,205.97,205.97,35.0, sdumont6165,266726.34
1224.0,1344,32,3803668.0,150568.0,150568.0,3803668.0,1290.24,4259.84,1290.24,4259.84,1.0,0,28.0,28.0,100bs-1n-42th-198574s-DENV_2-colombia-BVBRC_genome_sequence,sequana_cpu_dev,1,11372412.0,100,1,42,198574,DENV_2-colombia-BVBRC_genome_sequence,3165.9,2975.7,6141.6,102.13,95.99,198.12,198.12,31.0, sdumont6165,196531.2
12465.0,13734,327,4031736.0,155264.0,155264.0,4031736.0,3215.36,4669.44,3215.36,4669.44,1.0,0,31.0,31.0,1000bs-1n-42th-198574s-DENV_2-colombia-BVBRC_genome_sequence,sequana_cpu_dev,1,11372414.0,1000,1,42,198574,DENV_2-colombia-BVBRC_genome_sequence,35964.69,33655.63,69620.32,110.66,103.56,214.22,214.22,325.0, sdumont6165,22765844.64
14961.0,15624,372,4026316.0,155168.0,155168.0,4026316.0,3676.16,4689.92,3676.16,4689.92,1.0,0,22.0,22.0,1000bs-1n-42th-198574s-DENV_2-colombia-BVBRC_genome_sequence,sequana_cpu_dev,1,11372417.0,1000,1,42,198574,DENV_2-colombia-BVBRC_genome_sequence,42359.96,40121.66,82481.62,114.18,108.14,222.32,222.32,371.0, sdumont6165,30683162.64
11253.0,11592,276,3803644.0,153700.0,153700.0,3803644.0,2928.64,4700.16,2928.64,4700.16,1.0,0,25.0,25.0,1000bs-1n-42th-198574s-DENV_2-colombia-BVBRC_genome_sequence,sequana_cpu_dev,1,11372420.0,1000,1,42,198574,DENV_2-colombia-BVBRC_genome_sequence,30741.19,28704.89,59446.08,111.79,104.38,216.17,216.17,275.0, sdumont6165,16407118.08
12483.0,13482,321,3803652.0,153840.0,153840.0,3803652.0,3225.6,4679.68,3225.6,4679.68,1.0,0,44.0,44.0,1000bs-1n-42th-198574s-DENV_2-colombia-BVBRC_genome_sequence,sequana_cpu_dev,1,11372421.0,1000,1,42,198574,DENV_2-colombia-BVBRC_genome_sequence,36283.18,34186.65,70469.83,113.38,106.83,220.22,220.22,320.0, sdumont6165,22620815.43
11266.0,12138,289,3809064.0,151728.0,151728.0,3809064.0,3000.32,4679.68,3000.32,4679.68,1.0,0,20.0,20.0,1000bs-1n-42th-198574s-DENV_2-colombia-BVBRC_genome_sequence,sequana_cpu_dev,1,11372422.0,1000,1,42,198574,DENV_2-colombia-BVBRC_genome_sequence,31954.25,29955.44,61909.68,110.95,104.01,214.96,214.96,288.0, sdumont6165,17891897.52
1394.0,1824,38,4209072.0,150992.0,150992.0,4209072.0,1290.24,4249.6,1290.24,4249.6,1.0,0,35.0,35.0,100bs-1n-48th-198574s-DENV_2-colombia-BVBRC_genome_sequence,sequana_cpu_dev,1,11372424.0,100,1,48,198574,DENV_2-colombia-BVBRC_genome_sequence,3913.58,4066.48,7980.06,108.71,112.96,221.67,221.67,36.0, sdumont6165,303242.28
1367.0,2016,42,4209220.0,144616.0,144616.0,4209220.0,1259.52,4249.6,1259.52,4249.6,1.0,0,30.0,30.0,100bs-1n-48th-198574s-DENV_2-colombia-BVBRC_genome_sequence,sequana_cpu_dev,1,11372425.0,100,1,48,198574,DENV_2-colombia-BVBRC_genome_sequence,4457.29,4587.08,9044.37,108.71,111.88,220.59,220.59,41.0, sdumont6165,379863.54
1365.0,2016,42,4209368.0,145372.0,145372.0,4209368.0,1290.24,4249.6,1290.24,4249.6,1.0,0,45.0,45.0,100bs-1n-48th-198574s-DENV_2-colombia-BVBRC_genome_sequence,sequana_cpu_dev,1,11372450.0,100,1,48,198574,DENV_2-colombia-BVBRC_genome_sequence,4575.42,4724.26,9299.69,114.39,118.11,232.49,232.49,40.0, sdumont6165,390586.98
1398.0,1584,33,4209220.0,149148.0,149148.0,4209220.0,1290.24,4259.84,1290.24,4259.84,1.0,0,47.0,47.0,100bs-1n-48th-198574s-DENV_2-colombia-BVBRC_genome_sequence,sequana_cpu_dev,1,11372451.0,100,1,48,198574,DENV_2-colombia-BVBRC_genome_sequence,3441.1,3559.7,7000.8,111.0,114.83,225.83,225.83,31.0, sdumont6165,231026.4
1397.0,1584,33,4432032.0,146696.0,146696.0,4432032.0,1280.0,4259.84,1280.0,4259.84,1.0,0,23.0,23.0,100bs-1n-48th-198574s-DENV_2-colombia-BVBRC_genome_sequence,sequana_cpu_dev,1,11372452.0,100,1,48,198574,DENV_2-colombia-BVBRC_genome_sequence,3279.66,3399.55,6679.21,105.8,109.66,215.46,215.46,31.0, sdumont6165,220413.93
15721.0,17232,359,4209192.0,154900.0,154900.0,4209192.0,3481.6,4669.44,3481.6,4669.44,1.0,0,27.0,27.0,1000bs-1n-48th-198574s-DENV_2-colombia-BVBRC_genome_sequence,sequana_cpu_dev,1,11372453.0,1000,1,48,198574,DENV_2-colombia-BVBRC_genome_sequence,39759.11,41508.81,81267.92,111.37,116.27,227.64,227.64,357.0, sdumont6165,29175183.28
17113.0,18336,382,4209044.0,152936.0,152936.0,4209044.0,3399.68,4689.92,3399.68,4689.92,1.0,0,24.0,24.0,1000bs-1n-48th-198574s-DENV_2-colombia-BVBRC_genome_sequence,sequana_cpu_dev,1,11372454.0,1000,1,48,198574,DENV_2-colombia-BVBRC_genome_sequence,43928.96,45677.75,89606.71,115.6,120.2,235.81,235.81,380.0, sdumont6165,34229763.22
15736.0,16032,334,4214768.0,155896.0,155896.0,4214768.0,3430.4,4710.4,3430.4,4710.4,1.0,0,21.0,21.0,1000bs-1n-48th-198574s-DENV_2-colombia-BVBRC_genome_sequence,sequana_cpu_dev,1,11372455.0,1000,1,48,198574,DENV_2-colombia-BVBRC_genome_sequence,37155.57,38735.84,75891.41,111.91,116.67,228.59,228.59,332.0, sdumont6165,25347730.94
12872.0,13728,286,4215232.0,155192.0,155192.0,4215232.0,3031.04,4679.68,3031.04,4679.68,1.0,0,39.0,39.0,1000bs-1n-48th-198574s-DENV_2-colombia-BVBRC_genome_sequence,sequana_cpu_dev,1,11372456.0,1000,1,48,198574,DENV_2-colombia-BVBRC_genome_sequence,32016.47,33535.49,65551.96,112.34,117.67,230.01,230.01,285.0, sdumont6165,18747860.56
15687.0,17232,359,4215060.0,155424.0,155424.0,4215060.0,3532.8,4669.44,3532.8,4669.44,1.0,0,60.0,60.0,1000bs-1n-48th-198574s-DENV_2-colombia-BVBRC_genome_sequence,sequana_cpu_dev,1,11372458.0,1000,1,48,198574,DENV_2-colombia-BVBRC_genome_sequence,40914.54,42531.86,83446.4,114.29,118.8,233.09,233.09,358.0, sdumont6165,29957257.6
0.0,108,27,265348.0,3148.0,3138.0,265348.0,0.0,0.0,0.0,0.0,1.0,0,0.0,0.0,100bs-2n-2th-198574s-DENV_2-colombia-BVBRC_genome_sequence,sequana_cpu_dev,2,11372464.0,100,1,2,198574,DENV_2-colombia-BVBRC_genome_sequence,2374.85,1812.12,4186.97,91.34,69.7,161.04,80.52,26.0, sdumont6165,113048.19
37.0,196,49,1106746.0,151040.0,144958.0,1112888.0,1310.72,4218.88,1310.72,4229.12,1.0,0,0.0,0.0,100bs-2n-2th-198574s-DENV_2-colombia-BVBRC_genome_sequence,sequana_cpu_dev,2,11372465.0,100,1,2,198574,DENV_2-colombia-BVBRC_genome_sequence,4782.25,3623.83,8406.07,99.63,75.5,175.13,87.56,48.0, sdumont6165,411897.43
0.0,92,23,265348.0,3148.0,3146.0,265348.0,0.0,0.0,0.0,0.0,1.0,0,0.0,0.0,100bs-2n-2th-198574s-DENV_2-colombia-BVBRC_genome_sequence,sequana_cpu_dev,2,11372466.0,100,1,2,198574,DENV_2-colombia-BVBRC_genome_sequence,2264.09,1595.64,3859.73,102.91,72.53,175.44,87.72,22.0, sdumont6165,88773.79
0.0,120,30,265348.0,3096.0,3080.0,265348.0,0.0,0.0,0.0,0.0,1.0,0,0.0,0.0,100bs-2n-2th-198574s-DENV_2-colombia-BVBRC_genome_sequence,sequana_cpu_dev,2,11372468.0,100,1,2,198574,DENV_2-colombia-BVBRC_genome_sequence,2768.83,1926.52,4695.35,95.48,66.43,161.91,80.95,29.0, sdumont6166,140860.5
0.0,96,24,265348.0,3124.0,3104.0,265348.0,0.0,0.0,0.0,0.0,1.0,0,0.0,0.0,100bs-2n-2th-198574s-DENV_2-colombia-BVBRC_genome_sequence,sequana_cpu_dev,2,11372470.0,100,1,2,198574,DENV_2-colombia-BVBRC_genome_sequence,2510.62,1630.45,4141.07,109.16,70.89,180.05,90.02,23.0, sdumont6166,99385.68
275.0,672,168,1109512.0,151304.0,148128.0,1112952.0,2201.6,4433.92,2211.84,4433.92,1.0,0,0.0,0.0,1000bs-2n-2th-198574s-DENV_2-colombia-BVBRC_genome_sequence,sequana_cpu_dev,2,11372471.0,1000,1,2,198574,DENV_2-colombia-BVBRC_genome_sequence,20553.49,12939.59,33493.07,123.07,77.48,200.56,100.28,167.0, sdumont6166,5626835.76
321.0,780,195,1112254.0,153180.0,150120.0,1118400.0,2365.44,4444.16,2437.12,4454.4,1.0,0,0.0,0.0,1000bs-2n-2th-198574s-DENV_2-colombia-BVBRC_genome_sequence,sequana_cpu_dev,2,11372473.0,1000,1,2,198574,DENV_2-colombia-BVBRC_genome_sequence,23706.86,15049.61,38756.47,122.2,77.58,199.78,99.89,194.0, sdumont6166,7557511.65
317.0,744,186,1218176.0,155300.0,149288.0,1323512.0,2385.92,4454.4,2437.12,4454.4,1.0,0,0.0,0.0,1000bs-2n-2th-198574s-DENV_2-colombia-BVBRC_genome_sequence,sequana_cpu_dev,2,11372484.0,1000,1,2,198574,DENV_2-colombia-BVBRC_genome_sequence,22395.01,14247.91,36642.92,121.05,77.02,198.07,99.03,185.0, sdumont6166,6815583.12
318.0,760,190,1220812.0,154816.0,149848.0,1341068.0,2385.92,4454.4,2416.64,4454.4,1.0,0,0.0,0.0,1000bs-2n-2th-198574s-DENV_2-colombia-BVBRC_genome_sequence,sequana_cpu_dev,2,11372485.0,1000,1,2,198574,DENV_2-colombia-BVBRC_genome_sequence,23200.56,14739.95,37940.5,122.75,77.99,200.74,100.37,189.0, sdumont6166,7208695.0
434.0,1284,321,1106744.0,155636.0,148502.0,1112840.0,3389.44,4464.64,3399.68,4464.64,1.0,0,0.0,0.0,1000bs-2n-2th-198574s-DENV_2-colombia-BVBRC_genome_sequence,sequana_cpu_dev,2,11372486.0,1000,1,2,198574,DENV_2-colombia-BVBRC_genome_sequence,36373.45,24614.06,60987.51,113.67,76.92,190.59,95.29,320.0, sdumont6166,19576990.71
0.0,204,17,265348.0,3236.0,3178.0,265348.0,0.0,0.0,0.0,0.0,2.0,0,0.0,0.0,100bs-2n-6th-198574s-DENV_2-colombia-BVBRC_genome_sequence,sequana_cpu_dev,2,11372487.0,100,1,6,198574,DENV_2-colombia-BVBRC_genome_sequence,2287.17,1141.16,3428.33,147.8,73.57,221.37,110.68,15.5, sdumont6165,58281.61
0.0,132,11,265348.0,3180.0,3176.0,265348.0,0.0,0.0,0.0,0.0,3.0,0,0.0,0.0,100bs-2n-6th-198574s-DENV_2-colombia-BVBRC_genome_sequence,sequana_cpu_dev,2,11372488.0,100,1,6,198574,DENV_2-colombia-BVBRC_genome_sequence,1422.87,668.53,2091.39,158.1,74.28,232.38,116.19,9.0, sdumont6165,23005.29
152.0,456,38,1376716.0,149584.0,144286.0,1382872.0,1310.72,4229.12,1310.72,4229.12,4.0,0,0.0,1.0,100bs-2n-6th-198574s-DENV_2-colombia-BVBRC_genome_sequence,sequana_cpu_dev,2,11372489.0,100,1,6,198574,DENV_2-colombia-BVBRC_genome_sequence,5223.52,2741.85,7965.37,141.18,74.1,215.28,107.64,37.0, sdumont6165,302684.06
0.0,132,11,265348.0,3180.0,3142.0,265348.0,0.0,0.0,0.0,0.0,1.0,0,0.0,0.0,100bs-2n-6th-198574s-DENV_2-colombia-BVBRC_genome_sequence,sequana_cpu_dev,2,11372490.0,100,1,6,198574,DENV_2-colombia-BVBRC_genome_sequence,1186.11,566.49,1752.6,118.61,56.65,175.26,87.63,10.0, sdumont6165,19278.6
0.0,132,11,265348.0,3208.0,3186.0,265348.0,0.0,0.0,0.0,0.0,1.0,0,0.0,0.0,100bs-2n-6th-198574s-DENV_2-colombia-BVBRC_genome_sequence,sequana_cpu_dev,2,11372492.0,100,1,6,198574,DENV_2-colombia-BVBRC_genome_sequence,1386.51,657.4,2043.91,138.65,65.74,204.39,102.2,10.0, sdumont6165,22483.01
1569.0,3732,311,1379696.0,155832.0,150736.0,1388632.0,3409.92,4464.64,3430.4,4464.64,1.0,0,0.0,1.0,1000bs-2n-6th-198574s-DENV_2-colombia-BVBRC_genome_sequence,sequana_cpu_dev,2,11372493.0,1000,1,6,198574,DENV_2-colombia-BVBRC_genome_sequence,45951.83,23732.0,69683.82,148.23,76.55,224.79,112.39,310.0, sdumont6165,21671668.020000003
1268.0,3000,250,1379560.0,159548.0,152444.0,1388484.0,2938.88,4444.16,2949.12,4454.4,1.0,0,0.0,1.0,1000bs-2n-6th-198574s-DENV_2-colombia-BVBRC_genome_sequence,sequana_cpu_dev,2,11372494.0,1000,1,6,198574,DENV_2-colombia-BVBRC_genome_sequence,37328.07,19072.63,56400.7,149.91,76.6,226.51,113.25,249.0, sdumont6165,14100175.0
676.0,1632,136,1488184.0,157476.0,150414.0,1605740.0,1986.56,4444.16,1996.8,4454.4,1.0,0,0.0,1.0,1000bs-2n-6th-198574s-DENV_2-colombia-BVBRC_genome_sequence,sequana_cpu_dev,2,11372495.0,1000,1,6,198574,DENV_2-colombia-BVBRC_genome_sequence,21269.17,10228.02,31497.2,158.73,76.33,235.05,117.53,134.0, sdumont6165,4283619.2
831.0,1824,152,1376852.0,157664.0,153602.0,1382924.0,2283.52,4526.08,2344.96,4597.76,1.0,0,1.0,1.0,1000bs-2n-6th-198574s-DENV_2-colombia-BVBRC_genome_sequence,sequana_cpu_dev,2,11372504.0,1000,1,6,198574,DENV_2-colombia-BVBRC_genome_sequence,23457.86,11484.25,34942.11,155.35,76.05,231.4,115.7,151.0, sdumont6165,5311200.72
799.0,2172,181,1376840.0,153656.0,147524.0,1382904.0,2201.6,4413.44,2242.56,4413.44,1.0,0,1.0,2.0,1000bs-2n-6th-198574s-DENV_2-colombia-BVBRC_genome_sequence,sequana_cpu_dev,2,11372505.0,1000,1,6,198574,DENV_2-colombia-BVBRC_genome_sequence,27225.46,13671.88,40897.34,151.25,75.95,227.21,113.6,180.0, sdumont6165,7402418.539999999
0.0,240,10,265348.0,1036.0,1034.0,265348.0,0.0,0.0,0.0,0.0,1.0,0,0.0,0.0,100bs-2n-12th-198574s-DENV_2-colombia-BVBRC_genome_sequence,sequana_cpu_dev,2,11372506.0,100,1,12,198574,DENV_2-colombia-BVBRC_genome_sequence,1683.84,658.65,2342.49,187.09,73.18,260.28,130.14,9.0, sdumont6165,23424.9
0.0,336,14,265348.0,1036.0,1034.0,265348.0,0.0,0.0,0.0,0.0,1.0,0,0.0,0.0,100bs-2n-12th-198574s-DENV_2-colombia-BVBRC_genome_sequence,sequana_cpu_dev,2,11372507.0,100,1,12,198574,DENV_2-colombia-BVBRC_genome_sequence,2054.78,792.42,2847.2,158.06,60.96,219.02,109.51,13.0, sdumont6165,39860.8
0.0,312,13,265348.0,3144.0,2088.0,265348.0,0.0,0.0,0.0,0.0,1.0,0,0.0,0.0,100bs-2n-12th-198574s-DENV_2-colombia-BVBRC_genome_sequence,sequana_cpu_dev,2,11372508.0,100,1,12,198574,DENV_2-colombia-BVBRC_genome_sequence,2119.92,811.18,2931.1,176.66,67.6,244.26,122.13,12.0, sdumont6165,38104.3
0.0,312,13,265348.0,1036.0,1032.0,265348.0,0.0,0.0,0.0,0.0,1.0,0,0.0,0.0,100bs-2n-12th-198574s-DENV_2-colombia-BVBRC_genome_sequence,sequana_cpu_dev,2,11372522.0,100,1,12,198574,DENV_2-colombia-BVBRC_genome_sequence,2061.32,793.46,2854.78,171.78,66.12,237.9,118.95,12.0, sdumont6165,37112.14
0.0,312,13,265348.0,1032.0,1030.0,265348.0,0.0,0.0,0.0,0.0,1.0,0,0.0,0.0,100bs-2n-12th-198574s-DENV_2-colombia-BVBRC_genome_sequence,sequana_cpu_dev,2,11372523.0,100,1,12,198574,DENV_2-colombia-BVBRC_genome_sequence,2087.13,798.54,2885.66,173.93,66.54,240.47,120.24,12.0, sdumont6165,37513.58
1049.0,2424,101,1782212.0,157976.0,149830.0,1788360.0,1761.28,4433.92,1761.28,4444.16,1.0,0,7.0,9.0,1000bs-2n-12th-198574s-DENV_2-colombia-BVBRC_genome_sequence,sequana_cpu_dev,2,11372524.0,1000,1,12,198574,DENV_2-colombia-BVBRC_genome_sequence,20386.17,7725.74,28111.92,203.86,77.26,281.12,140.56,100.0, sdumont6165,2839303.92
1382.0,3000,125,1782216.0,152224.0,148928.0,1788360.0,1986.56,4444.16,1996.8,4454.4,1.0,0,4.0,5.0,1000bs-2n-12th-198574s-DENV_2-colombia-BVBRC_genome_sequence,sequana_cpu_dev,2,11372525.0,1000,1,12,198574,DENV_2-colombia-BVBRC_genome_sequence,25512.22,9498.22,35010.44,205.74,76.6,282.34,141.17,124.0, sdumont6165,4376305.0
1055.0,2304,96,1782212.0,156108.0,149896.0,1788360.0,1761.28,4444.16,1761.28,4454.4,1.0,0,4.0,6.0,1000bs-2n-12th-198574s-DENV_2-colombia-BVBRC_genome_sequence,sequana_cpu_dev,2,11372526.0,1000,1,12,198574,DENV_2-colombia-BVBRC_genome_sequence,19256.79,7261.45,26518.24,204.86,77.25,282.11,141.05,94.0, sdumont6165,2545751.04
1037.0,2904,121,1782212.0,150020.0,147932.0,1788360.0,1730.56,4392.96,1771.52,4392.96,1.0,0,5.0,5.0,1000bs-2n-12th-198574s-DENV_2-colombia-BVBRC_genome_sequence,sequana_cpu_dev,2,11372527.0,1000,1,12,198574,DENV_2-colombia-BVBRC_genome_sequence,24651.5,9177.64,33829.14,205.43,76.48,281.91,140.95,120.0, sdumont6165,4093325.94
1356.0,3480,145,1782216.0,156268.0,150004.0,1788364.0,2007.04,4403.2,2017.28,4413.44,1.0,0,6.0,7.0,1000bs-2n-12th-198574s-DENV_2-colombia-BVBRC_genome_sequence,sequana_cpu_dev,2,11372528.0,1000,1,12,198574,DENV_2-colombia-BVBRC_genome_sequence,29503.39,10936.16,40439.55,204.88,75.95,280.83,140.42,144.0, sdumont6165,5863734.75
326.0,1656,46,2079092.0,151272.0,146524.0,2181468.0,1280.0,4218.88,1290.24,4218.88,1.0,0,135.0,255.0,100bs-2n-18th-198574s-DENV_2-colombia-BVBRC_genome_sequence,sequana_cpu_dev,2,11372530.0,100,1,18,198574,DENV_2-colombia-BVBRC_genome_sequence,7682.06,2919.64,10601.7,182.91,69.52,252.42,126.21,42.0, sdumont6166,487678.2
0.0,504,14,265348.0,1036.0,1032.0,265348.0,0.0,0.0,0.0,0.0,1.0,0,0.0,0.0,100bs-2n-18th-198574s-DENV_2-colombia-BVBRC_genome_sequence,sequana_cpu_dev,2,11372531.0,100,1,18,198574,DENV_2-colombia-BVBRC_genome_sequence,2319.27,821.24,3140.52,193.27,68.44,261.71,130.85,12.0, sdumont6166,43967.28
0.0,972,27,265348.0,1032.0,1032.0,265348.0,0.0,0.0,0.0,0.0,1.0,0,0.0,0.0,100bs-2n-18th-198574s-DENV_2-colombia-BVBRC_genome_sequence,sequana_cpu_dev,2,11372532.0,100,1,18,198574,DENV_2-colombia-BVBRC_genome_sequence,5639.62,1871.84,7511.46,225.58,74.87,300.46,150.23,25.0, sdumont6166,202809.42
0.0,576,16,265348.0,3176.0,3116.0,265348.0,0.0,0.0,0.0,0.0,1.0,0,0.0,0.0,100bs-2n-18th-198574s-DENV_2-colombia-BVBRC_genome_sequence,sequana_cpu_dev,2,11372533.0,100,1,18,198574,DENV_2-colombia-BVBRC_genome_sequence,3249.15,1130.58,4379.73,232.08,80.76,312.84,156.42,14.0, sdumont6166,70075.68
0.0,648,18,265348.0,1032.0,1030.0,265348.0,0.0,0.0,0.0,0.0,1.0,0,0.0,0.0,100bs-2n-18th-198574s-DENV_2-colombia-BVBRC_genome_sequence,sequana_cpu_dev,2,11372534.0,100,1,18,198574,DENV_2-colombia-BVBRC_genome_sequence,3273.11,1140.02,4413.13,204.57,71.25,275.82,137.91,16.0, sdumont6166,79436.34
2605.0,6300,175,2187746.0,156448.0,152340.0,2193892.0,2191.36,4423.68,2252.8,4454.4,1.0,0,12.0,17.0,1000bs-2n-18th-198574s-DENV_2-colombia-BVBRC_genome_sequence,sequana_cpu_dev,2,11372535.0,1000,1,18,198574,DENV_2-colombia-BVBRC_genome_sequence,40861.54,13611.93,54473.47,236.19,78.68,314.88,157.44,173.0, sdumont6166,9532857.25
3116.0,7200,200,2187746.0,160548.0,154456.0,2193896.0,2406.4,4433.92,2467.84,4444.16,1.0,0,10.0,13.0,1000bs-2n-18th-198574s-DENV_2-colombia-BVBRC_genome_sequence,sequana_cpu_dev,2,11372536.0,1000,1,18,198574,DENV_2-colombia-BVBRC_genome_sequence,46534.43,15459.54,61993.97,237.42,78.88,316.3,158.15,196.0, sdumont6166,12398794.0
2104.0,4536,126,2187748.0,160580.0,152420.0,2193892.0,1986.56,4444.16,1996.8,4454.4,1.0,0,13.0,18.0,1000bs-2n-18th-198574s-DENV_2-colombia-BVBRC_genome_sequence,sequana_cpu_dev,2,11372537.0,1000,1,18,198574,DENV_2-colombia-BVBRC_genome_sequence,28344.9,9705.26,38050.16,228.59,78.27,306.86,153.43,124.0, sdumont6166,4794320.16
3120.0,6948,193,2187748.0,160668.0,152416.0,2193896.0,2457.6,4454.4,2467.84,4454.4,1.0,0,18.0,21.0,1000bs-2n-18th-198574s-DENV_2-colombia-BVBRC_genome_sequence,sequana_cpu_dev,2,11372539.0,1000,1,18,198574,DENV_2-colombia-BVBRC_genome_sequence,42529.54,14735.46,57265.0,221.51,76.75,298.26,149.13,192.0, sdumont6165,11052145.0
4648.0,9936,276,2187744.0,156680.0,152470.0,2193888.0,3194.88,4454.4,3205.12,4454.4,1.0,0,12.0,12.0,1000bs-2n-18th-198574s-DENV_2-colombia-BVBRC_genome_sequence,sequana_cpu_dev,2,11372540.0,1000,1,18,198574,DENV_2-colombia-BVBRC_genome_sequence,62112.17,21148.34,83260.51,225.86,76.9,302.77,151.38,275.0, sdumont6165,22979900.76
0.0,624,13,265348.0,1036.0,1032.0,265348.0,0.0,0.0,0.0,0.0,1.0,0,0.0,0.0,100bs-2n-24th-198574s-DENV_2-colombia-BVBRC_genome_sequence,sequana_cpu_dev,2,11372542.0,100,1,24,198574,DENV_2-colombia-BVBRC_genome_sequence,2483.43,846.27,3329.7,206.95,70.52,277.48,138.74,12.0, sdumont6165,43286.1
0.0,816,17,265348.0,1036.0,1034.0,265348.0,0.0,0.0,0.0,0.0,1.0,0,0.0,0.0,100bs-2n-24th-198574s-DENV_2-colombia-BVBRC_genome_sequence,sequana_cpu_dev,2,11372544.0,100,1,24,198574,DENV_2-colombia-BVBRC_genome_sequence,3646.77,1153.39,4800.16,243.12,76.89,320.01,160.01,15.0, sdumont6166,81602.72
0.0,720,15,265348.0,1036.0,1034.0,265348.0,0.0,0.0,0.0,0.0,3.0,0,0.0,0.0,100bs-2n-24th-198574s-DENV_2-colombia-BVBRC_genome_sequence,sequana_cpu_dev,2,11372545.0,100,1,24,198574,DENV_2-colombia-BVBRC_genome_sequence,3123.19,1003.77,4126.96,240.25,77.21,317.46,158.73,13.0, sdumont6166,61904.4
0.0,624,13,265348.0,3228.0,2128.0,265348.0,0.0,0.0,0.0,0.0,1.0,0,0.0,0.0,100bs-2n-24th-198574s-DENV_2-colombia-BVBRC_genome_sequence,sequana_cpu_dev,2,11372546.0,100,1,24,198574,DENV_2-colombia-BVBRC_genome_sequence,2580.38,852.23,3432.61,234.58,77.48,312.06,156.03,11.0, sdumont6166,44623.93
0.0,768,16,265348.0,3152.0,2092.0,265348.0,0.0,0.0,0.0,0.0,1.0,0,0.0,0.0,100bs-2n-24th-198574s-DENV_2-colombia-BVBRC_genome_sequence,sequana_cpu_dev,2,11372548.0,100,1,24,198574,DENV_2-colombia-BVBRC_genome_sequence,3151.8,1010.04,4161.84,225.13,72.15,297.27,148.64,14.0, sdumont6166,66589.44
6915.0,14832,309,2596290.0,156764.0,152764.0,2599584.0,3430.4,4464.64,3430.4,4464.64,1.0,0,14.0,16.0,1000bs-2n-24th-198574s-DENV_2-colombia-BVBRC_genome_sequence,sequana_cpu_dev,2,11372549.0,1000,1,24,198574,DENV_2-colombia-BVBRC_genome_sequence,80917.45,24174.96,105092.4,263.57,78.75,342.32,171.16,307.0, sdumont6166,32473551.6
3513.0,7920,165,2593288.0,156888.0,152786.0,2599436.0,2242.56,4454.4,2242.56,4454.4,1.0,0,26.0,26.0,1000bs-2n-24th-198574s-DENV_2-colombia-BVBRC_genome_sequence,sequana_cpu_dev,2,11372550.0,1000,1,24,198574,DENV_2-colombia-BVBRC_genome_sequence,42222.24,13034.38,55256.62,257.45,79.48,336.93,168.47,164.0, sdumont6166,9117342.3
7590.0,16176,337,2704768.0,163124.0,155710.0,2809952.0,3676.16,4464.64,3676.16,4464.64,1.0,0,15.0,16.0,1000bs-2n-24th-198574s-DENV_2-colombia-BVBRC_genome_sequence,sequana_cpu_dev,2,11372551.0,1000,1,24,198574,DENV_2-colombia-BVBRC_genome_sequence,88582.85,26322.45,114905.3,264.43,78.57,343.0,171.5,335.0, sdumont6166,38723086.1
2825.0,6624,138,2710392.0,154648.0,150644.0,2827668.0,1976.32,4433.92,1986.56,4454.4,1.0,0,20.0,22.0,1000bs-2n-24th-198574s-DENV_2-colombia-BVBRC_genome_sequence,sequana_cpu_dev,2,11372554.0,1000,1,24,198574,DENV_2-colombia-BVBRC_genome_sequence,35002.71,10922.61,45925.32,257.37,80.31,337.69,168.84,136.0, sdumont6166,6337694.16
2815.0,6720,140,2593288.0,156824.0,152660.0,2599436.0,1996.8,4423.68,1996.8,4423.68,1.0,0,31.0,33.0,1000bs-2n-24th-198574s-DENV_2-colombia-BVBRC_genome_sequence,sequana_cpu_dev,2,11372558.0,1000,1,24,198574,DENV_2-colombia-BVBRC_genome_sequence,35059.09,11005.88,46064.98,255.02,80.06,335.09,167.54,137.5, sdumont6166,6449097.2
0.0,1320,22,265348.0,3064.0,2048.0,265348.0,0.0,0.0,0.0,0.0,1.0,0,0.0,0.0,100bs-2n-30th-198574s-DENV_2-colombia-BVBRC_genome_sequence,sequana_cpu_dev,2,11372563.0,100,1,30,198574,DENV_2-colombia-BVBRC_genome_sequence,4523.94,2987.4,7511.34,226.2,149.37,375.57,187.78,20.0, sdumont6166,165249.48
0.0,1500,25,265348.0,3028.0,2032.0,265348.0,0.0,0.0,0.0,0.0,1.0,0,0.0,0.0,100bs-2n-30th-198574s-DENV_2-colombia-BVBRC_genome_sequence,sequana_cpu_dev,2,11372566.0,100,1,30,198574,DENV_2-colombia-BVBRC_genome_sequence,5542.89,3576.05,9118.94,241.0,155.48,396.48,198.24,23.0, sdumont6166,227973.5
0.0,960,16,265348.0,3120.0,3086.0,265348.0,0.0,0.0,0.0,0.0,1.0,0,0.0,0.0,100bs-2n-30th-198574s-DENV_2-colombia-BVBRC_genome_sequence,sequana_cpu_dev,2,11372568.0,100,1,30,198574,DENV_2-colombia-BVBRC_genome_sequence,3206.01,2163.53,5369.53,213.73,144.24,357.97,178.98,15.0, sdumont6166,85912.48
0.0,1080,18,265348.0,3052.0,3026.0,265348.0,0.0,0.0,0.0,0.0,1.0,0,0.0,0.0,100bs-2n-30th-198574s-DENV_2-colombia-BVBRC_genome_sequence,sequana_cpu_dev,2,11372572.0,100,1,30,198574,DENV_2-colombia-BVBRC_genome_sequence,3516.98,2347.78,5864.76,219.81,146.74,366.55,183.27,16.0, sdumont6166,105565.68
0.0,1860,31,265348.0,3092.0,2064.0,265348.0,0.0,0.0,0.0,0.0,1.0,0,0.0,0.0,100bs-2n-30th-198574s-DENV_2-colombia-BVBRC_genome_sequence,sequana_cpu_dev,2,11372575.0,100,1,30,198574,DENV_2-colombia-BVBRC_genome_sequence,5538.38,3820.44,9358.82,184.61,127.35,311.96,155.98,30.0, sdumont6165,290123.42
4427.0,10440,174,3115808.0,152972.0,150708.0,3221068.0,2088.96,4433.92,2181.12,4454.4,1.0,0,17.0,25.0,1000bs-2n-30th-198574s-DENV_2-colombia-BVBRC_genome_sequence,sequana_cpu_dev,2,11372577.0,1000,1,30,198574,DENV_2-colombia-BVBRC_genome_sequence,40556.89,27457.25,68014.14,234.43,158.71,393.15,196.57,173.0, sdumont6165,11834460.36
4422.0,10380,173,2998844.0,159068.0,152990.0,3004992.0,2181.12,4433.92,2191.36,4444.16,1.0,0,24.0,27.0,1000bs-2n-30th-198574s-DENV_2-colombia-BVBRC_genome_sequence,sequana_cpu_dev,2,11372583.0,1000,1,30,198574,DENV_2-colombia-BVBRC_genome_sequence,39977.91,27265.98,67243.89,232.43,158.52,390.95,195.48,172.0, sdumont6165,11633192.97
3550.0,9120,152,2998838.0,154984.0,152026.0,3004988.0,2375.68,4608.0,2519.04,4741.12,1.0,0,0.0,31.0,1000bs-2n-30th-198574s-DENV_2-colombia-BVBRC_genome_sequence,sequana_cpu_dev,2,11372585.0,1000,1,30,198574,DENV_2-colombia-BVBRC_genome_sequence,33685.98,23239.53,56925.52,227.61,157.02,384.63,192.32,148.0, sdumont6165,8652679.04
4428.0,10200,170,2998768.0,161240.0,155066.0,3004992.0,2181.12,4444.16,2191.36,4454.4,1.0,0,12.0,15.0,1000bs-2n-30th-198574s-DENV_2-colombia-BVBRC_genome_sequence,sequana_cpu_dev,2,11372586.0,1000,1,30,198574,DENV_2-colombia-BVBRC_genome_sequence,39345.02,26700.05,66045.07,232.81,157.99,390.8,195.4,169.0, sdumont6165,11227661.9
9619.0,20340,339,3004478.0,161324.0,156128.0,3010700.0,3573.76,4464.64,3573.76,4464.64,1.0,0,13.0,15.0,1000bs-2n-30th-198574s-DENV_2-colombia-BVBRC_genome_sequence,sequana_cpu_dev,2,11372587.0,1000,1,30,198574,DENV_2-colombia-BVBRC_genome_sequence,82304.56,53434.76,135739.32,244.23,158.56,402.79,201.39,337.0, sdumont6165,46015629.48
0.0,1440,20,265348.0,3156.0,3138.0,265348.0,0.0,0.0,0.0,0.0,1.0,0,0.0,0.0,100bs-2n-36th-198574s-DENV_2-colombia-BVBRC_genome_sequence,sequana_cpu_dev,2,11372588.0,100,1,36,198574,DENV_2-colombia-BVBRC_genome_sequence,3959.53,3432.85,7392.39,208.4,180.68,389.07,194.54,19.0, sdumont6165,147847.80000000002
0.0,2088,29,265348.0,3140.0,3134.0,265348.0,0.0,0.0,0.0,0.0,1.0,0,0.0,0.0,100bs-2n-36th-198574s-DENV_2-colombia-BVBRC_genome_sequence,sequana_cpu_dev,2,11372589.0,100,1,36,198574,DENV_2-colombia-BVBRC_genome_sequence,6029.06,5310.36,11339.42,219.3,193.19,412.49,206.24,27.5, sdumont6165,328843.18
0.0,1296,18,265348.0,3144.0,2088.0,265348.0,0.0,0.0,0.0,0.0,1.0,0,0.0,0.0,100bs-2n-36th-198574s-DENV_2-colombia-BVBRC_genome_sequence,sequana_cpu_dev,2,11372590.0,100,1,36,198574,DENV_2-colombia-BVBRC_genome_sequence,3400.73,2978.09,6378.82,200.04,175.18,375.22,187.61,17.0, sdumont6165,114818.76
0.0,2016,28,265348.0,3204.0,2116.0,265348.0,0.0,0.0,0.0,0.0,1.0,0,0.0,0.0,100bs-2n-36th-198574s-DENV_2-colombia-BVBRC_genome_sequence,sequana_cpu_dev,2,11372591.0,100,1,36,198574,DENV_2-colombia-BVBRC_genome_sequence,5933.29,5232.88,11166.17,223.92,197.53,421.45,210.73,26.5, sdumont6165,312652.76
0.0,1296,18,265348.0,3172.0,2100.0,265348.0,0.0,0.0,0.0,0.0,1.0,0,0.0,0.0,100bs-2n-36th-198574s-DENV_2-colombia-BVBRC_genome_sequence,sequana_cpu_dev,2,11372592.0,100,1,36,198574,DENV_2-colombia-BVBRC_genome_sequence,3375.46,2951.0,6326.46,198.56,173.59,372.14,186.07,17.0, sdumont6165,113876.28
7446.0,16632,231,3515848.0,164104.0,158498.0,3621048.0,2631.68,4454.4,2641.92,4464.64,1.0,0,27.0,30.0,1000bs-2n-36th-198574s-DENV_2-colombia-BVBRC_genome_sequence,sequana_cpu_dev,2,11372595.0,1000,1,36,198574,DENV_2-colombia-BVBRC_genome_sequence,56915.72,47802.8,104718.52,249.06,209.19,458.25,229.13,228.5, sdumont6166,24189978.12
13625.0,29520,410,3629978.0,163064.0,157472.0,3638908.0,4034.56,4464.64,4044.8,4464.64,1.0,0,21.0,29.0,1000bs-2n-36th-198574s-DENV_2-colombia-BVBRC_genome_sequence,sequana_cpu_dev,2,11372596.0,1000,1,36,198574,DENV_2-colombia-BVBRC_genome_sequence,105861.45,90819.72,196681.17,259.46,222.6,482.06,241.03,408.0, sdumont6166,80639279.7
5310.0,12744,177,3515866.0,159916.0,155700.0,3621052.0,2181.12,4423.68,2181.12,4423.68,1.0,0,30.0,32.0,1000bs-2n-36th-198574s-DENV_2-colombia-BVBRC_genome_sequence,sequana_cpu_dev,2,11372598.0,1000,1,36,198574,DENV_2-colombia-BVBRC_genome_sequence,42800.44,36018.36,78818.8,244.57,205.82,450.39,225.2,175.0, sdumont6166,13950927.6
11575.0,24624,342,3407168.0,160432.0,154216.0,3416096.0,3481.6,4454.4,3594.24,4464.64,1.0,0,19.0,27.0,1000bs-2n-36th-198574s-DENV_2-colombia-BVBRC_genome_sequence,sequana_cpu_dev,2,11372599.0,1000,1,36,198574,DENV_2-colombia-BVBRC_genome_sequence,87962.04,75063.16,163025.19,258.71,220.77,479.49,239.74,340.0, sdumont6166,55754614.98
5326.0,11808,164,3404460.0,157804.0,151664.0,3410532.0,2191.36,4444.16,2191.36,4444.16,1.0,0,38.0,40.0,1000bs-2n-36th-198574s-DENV_2-colombia-BVBRC_genome_sequence,sequana_cpu_dev,2,11372601.0,1000,1,36,198574,DENV_2-colombia-BVBRC_genome_sequence,39260.57,32941.95,72202.52,243.06,203.96,447.01,223.51,161.5, sdumont6166,11841213.28
0.0,1764,21,265348.0,3168.0,3152.0,265348.0,0.0,0.0,0.0,0.0,1.0,0,0.0,0.0,100bs-2n-42th-198574s-DENV_2-colombia-BVBRC_genome_sequence,sequana_cpu_dev,2,11372606.0,100,1,42,198574,DENV_2-colombia-BVBRC_genome_sequence,4081.13,3768.83,7849.96,209.11,193.01,402.11,201.06,19.5, sdumont6165,164849.16
1118.0,4620,55,3809978.0,153748.0,149368.0,3816124.0,1310.72,4218.88,1310.72,4218.88,3.0,0,23.0,28.0,100bs-2n-42th-198574s-DENV_2-colombia-BVBRC_genome_sequence,sequana_cpu_dev,2,11372609.0,100,1,42,198574,DENV_2-colombia-BVBRC_genome_sequence,12595.25,11958.92,24554.16,235.52,223.59,459.11,229.55,53.5, sdumont6165,1350478.8
1178.0,3780,45,3809832.0,153616.0,149406.0,3815980.0,1300.48,4218.88,1310.72,4218.88,1.0,0,25.0,28.0,100bs-2n-42th-198574s-DENV_2-colombia-BVBRC_genome_sequence,sequana_cpu_dev,2,11372611.0,100,1,42,198574,DENV_2-colombia-BVBRC_genome_sequence,10248.43,9744.81,19993.23,235.68,224.07,459.75,229.87,43.5, sdumont6165,899695.35
0.0,2100,25,265348.0,3152.0,3136.0,265348.0,0.0,0.0,0.0,0.0,1.0,0,0.0,0.0,100bs-2n-42th-198574s-DENV_2-colombia-BVBRC_genome_sequence,sequana_cpu_dev,2,11372614.0,100,1,42,198574,DENV_2-colombia-BVBRC_genome_sequence,5069.07,4735.71,9804.77,225.32,210.6,435.92,217.96,22.5, sdumont6165,245119.25
0.0,1932,23,265348.0,3144.0,3098.0,265348.0,0.0,0.0,0.0,0.0,1.0,0,0.0,0.0,100bs-2n-42th-198574s-DENV_2-colombia-BVBRC_genome_sequence,sequana_cpu_dev,2,11372615.0,100,1,42,198574,DENV_2-colombia-BVBRC_genome_sequence,4877.23,4491.72,9368.95,227.11,209.05,436.16,218.08,21.5, sdumont6165,215485.85
7462.0,16548,197,3809996.0,164112.0,157800.0,3816204.0,2365.44,4444.16,2416.64,4454.4,1.0,0,27.0,30.0,1000bs-2n-42th-198574s-DENV_2-colombia-BVBRC_genome_sequence,sequana_cpu_dev,2,11372616.0,1000,1,42,198574,DENV_2-colombia-BVBRC_genome_sequence,44861.88,41527.77,86389.65,229.48,212.43,441.91,220.95,195.5, sdumont6165,17018761.049999997
6222.0,14952,178,3921316.0,166176.0,159046.0,4026576.0,2170.88,4433.92,2181.12,4444.16,1.0,0,37.0,44.0,1000bs-2n-42th-198574s-DENV_2-colombia-BVBRC_genome_sequence,sequana_cpu_dev,2,11372619.0,1000,1,42,198574,DENV_2-colombia-BVBRC_genome_sequence,40383.64,37266.38,77650.02,228.81,211.13,439.94,219.97,176.5, sdumont6165,13821703.56
9914.0,21420,255,3921390.0,165828.0,158620.0,4026576.0,2846.72,4454.4,2856.96,4464.64,1.0,0,37.0,44.0,1000bs-2n-42th-198574s-DENV_2-colombia-BVBRC_genome_sequence,sequana_cpu_dev,2,11372620.0,1000,1,42,198574,DENV_2-colombia-BVBRC_genome_sequence,60701.85,56847.23,117549.08,239.46,224.25,463.71,231.85,253.5, sdumont6165,29975015.4
8688.0,19740,235,3815560.0,167148.0,159394.0,3821764.0,2590.72,4444.16,2631.68,4464.64,1.0,0,24.0,25.0,1000bs-2n-42th-198574s-DENV_2-colombia-BVBRC_genome_sequence,sequana_cpu_dev,2,11372621.0,1000,1,42,198574,DENV_2-colombia-BVBRC_genome_sequence,54972.88,51171.89,106144.77,235.94,219.62,455.56,227.78,233.0, sdumont6165,24944020.95
7455.0,17304,206,3812706.0,168308.0,160204.0,3821616.0,2396.16,4444.16,2406.4,4454.4,1.0,0,33.0,38.0,1000bs-2n-42th-198574s-DENV_2-colombia-BVBRC_genome_sequence,sequana_cpu_dev,2,11372624.0,1000,1,42,198574,DENV_2-colombia-BVBRC_genome_sequence,47438.41,44106.07,91544.48,231.97,215.67,447.64,223.82,204.5, sdumont6165,18858162.88
1376.0,4416,46,4215456.0,156624.0,151974.0,4221528.0,1310.72,4229.12,1310.72,4229.12,0.0,0,39.0,41.0,100bs-2n-48th-198574s-DENV_2-colombia-BVBRC_genome_sequence,sequana_cpu_dev,2,11372627.0,100,1,48,198574,DENV_2-colombia-BVBRC_genome_sequence,10765.55,10875.64,21641.18,244.67,247.17,491.85,245.92,44.0, sdumont6165,995494.28
0.0,2592,27,265348.0,3212.0,3168.0,265348.0,0.0,0.0,0.0,0.0,1.0,0,0.0,0.0,100bs-2n-48th-198574s-DENV_2-colombia-BVBRC_genome_sequence,sequana_cpu_dev,2,11372628.0,100,1,48,198574,DENV_2-colombia-BVBRC_genome_sequence,5319.62,5442.78,10762.41,212.78,217.71,430.5,215.25,25.0, sdumont6165,290585.07
0.0,2784,29,265348.0,3152.0,3152.0,265348.0,0.0,0.0,0.0,0.0,1.0,0,0.0,0.0,100bs-2n-48th-198574s-DENV_2-colombia-BVBRC_genome_sequence,sequana_cpu_dev,2,11372653.0,100,1,48,198574,DENV_2-colombia-BVBRC_genome_sequence,6431.77,6521.94,12953.7,238.21,241.55,479.77,239.88,27.0, sdumont6165,375657.3000000001
0.0,2688,28,265348.0,3192.0,3158.0,265348.0,0.0,0.0,0.0,0.0,1.0,0,0.0,0.0,100bs-2n-48th-198574s-DENV_2-colombia-BVBRC_genome_sequence,sequana_cpu_dev,2,11372654.0,100,1,48,198574,DENV_2-colombia-BVBRC_genome_sequence,5879.94,5986.52,11866.46,226.15,230.25,456.4,228.2,26.0, sdumont6165,332260.88
0.0,2592,27,265348.0,3160.0,2096.0,265348.0,0.0,0.0,0.0,0.0,1.0,0,0.0,0.0,100bs-2n-48th-198574s-DENV_2-colombia-BVBRC_genome_sequence,sequana_cpu_dev,2,11372655.0,100,1,48,198574,DENV_2-colombia-BVBRC_genome_sequence,5613.88,5738.51,11352.38,224.56,229.54,454.1,227.05,25.0, sdumont6165,306514.25999999995
11373.0,25152,262,4329596.0,165472.0,159112.0,4437568.0,2877.44,4454.4,2897.92,4464.64,1.0,0,50.0,67.0,1000bs-2n-48th-198574s-DENV_2-colombia-BVBRC_genome_sequence,sequana_cpu_dev,2,11372656.0,1000,1,48,198574,DENV_2-colombia-BVBRC_genome_sequence,61395.66,62522.58,123918.24,236.14,240.47,476.61,238.3,260.0, sdumont6165,32466578.880000003
9940.0,22752,237,4329732.0,163400.0,160120.0,4437688.0,2672.64,4444.16,2672.64,4464.64,1.0,0,49.0,72.0,1000bs-2n-48th-198574s-DENV_2-colombia-BVBRC_genome_sequence,sequana_cpu_dev,2,11372657.0,1000,1,48,198574,DENV_2-colombia-BVBRC_genome_sequence,55664.45,56879.89,112544.34,236.37,241.54,477.91,238.96,235.5, sdumont6165,26673008.58
11343.0,24384,254,4218242.0,167536.0,160036.0,4221616.0,2764.8,4454.4,2877.44,4464.64,1.0,0,33.0,36.0,1000bs-2n-48th-198574s-DENV_2-colombia-BVBRC_genome_sequence,sequana_cpu_dev,2,11372660.0,1000,1,48,198574,DENV_2-colombia-BVBRC_genome_sequence,60386.53,61434.43,121820.96,239.15,243.31,482.46,241.23,252.5, sdumont6165,30942523.84
11362.0,23616,246,4215630.0,167028.0,160118.0,4221776.0,2836.48,4464.64,2867.2,4464.64,1.0,0,56.0,60.0,1000bs-2n-48th-198574s-DENV_2-colombia-BVBRC_genome_sequence,sequana_cpu_dev,2,11372663.0,1000,1,48,198574,DENV_2-colombia-BVBRC_genome_sequence,57831.35,58493.7,116325.05,237.01,239.73,476.74,238.37,244.0, sdumont6165,28615962.3
11373.0,24288,253,4218258.0,162964.0,159110.0,4227188.0,2867.2,4464.64,2867.2,4464.64,1.0,0,37.0,41.0,1000bs-2n-48th-198574s-DENV_2-colombia-BVBRC_genome_sequence,sequana_cpu_dev,2,11372664.0,1000,1,48,198574,DENV_2-colombia-BVBRC_genome_sequence,59162.7,60522.6,119685.3,235.71,241.13,476.83,238.42,251.0, sdumont6165,30280380.9
1.0,258,43,1114581.3330078125,148784.0,148368.0,1118452.0,1280.0,4208.64,1310.72,4208.64,1.0,0,78.0,236.0,100bs-3n-2th-198574s-DENV_2-colombia-BVBRC_genome_sequence,sequana_cpu_dev,3,11372666.0,100,1,2,198574,DENV_2-colombia-BVBRC_genome_sequence,5061.62,4386.06,9447.68,120.51,104.43,224.94,74.98,42.0, sdumont6165,406250.24
0.0,90,15,265348.0,3124.0,3104.0,265348.0,0.0,0.0,0.0,0.0,1.0,0,0.0,0.0,100bs-3n-2th-198574s-DENV_2-colombia-BVBRC_genome_sequence,sequana_cpu_dev,3,11372667.0,100,1,2,198574,DENV_2-colombia-BVBRC_genome_sequence,2186.25,1543.85,3730.1,156.16,110.27,266.44,88.81,14.0, sdumont6165,55951.5
30.0,324,54,1112874.666015625,150852.0,149605.3330078125,1113016.0,1310.72,4208.64,1310.72,4208.64,1.0,0,0.0,0.0,100bs-3n-2th-198574s-DENV_2-colombia-BVBRC_genome_sequence,sequana_cpu_dev,3,11372668.0,100,1,2,198574,DENV_2-colombia-BVBRC_genome_sequence,7880.59,6308.8,14189.4,148.69,119.03,267.72,89.24,53.0, sdumont6165,766227.6
65.0,420,70,1188998.666015625,153236.0,151045.3330078125,1341228.0,1525.76,4218.88,1546.24,4229.12,1.0,0,0.0,0.0,100bs-3n-2th-198574s-DENV_2-colombia-BVBRC_genome_sequence,sequana_cpu_dev,3,11372669.0,100,1,2,198574,DENV_2-colombia-BVBRC_genome_sequence,10007.8,7963.67,17971.47,145.04,115.42,260.46,86.82,69.0, sdumont6165,1258002.9
0.0,102,17,265348.0,3180.0,3169.3330078125,265348.0,0.0,0.0,0.0,0.0,1.0,0,0.0,0.0,100bs-3n-2th-198574s-DENV_2-colombia-BVBRC_genome_sequence,sequana_cpu_dev,3,11372671.0,100,1,2,198574,DENV_2-colombia-BVBRC_genome_sequence,2447.27,1750.6,4197.87,152.95,109.41,262.37,87.46,16.0, sdumont6166,71363.79
219.0,744,124,1190860.0,155424.0,154617.3330078125,1341216.0,1966.08,4372.48,1966.08,4372.48,1.0,0,0.0,0.0,1000bs-3n-2th-198574s-DENV_2-colombia-BVBRC_genome_sequence,sequana_cpu_dev,3,11372672.0,1000,1,2,198574,DENV_2-colombia-BVBRC_genome_sequence,22434.93,14858.69,37293.62,183.89,121.79,305.69,101.9,122.0, sdumont6166,4624408.88
249.0,1014,169,1112889.3330078125,153168.0,152625.3330078125,1112988.0,2211.84,4372.48,2222.08,4382.72,1.0,0,0.0,0.0,1000bs-3n-2th-198574s-DENV_2-colombia-BVBRC_genome_sequence,sequana_cpu_dev,3,11372673.0,1000,1,2,198574,DENV_2-colombia-BVBRC_genome_sequence,28962.18,19631.67,48593.85,172.39,116.86,289.25,96.42,168.0, sdumont6165,8212360.649999999
197.0,840,140,1112909.3330078125,157536.0,153373.3330078125,1112948.0,1955.84,4352.0,1986.56,4352.0,1.0,0,0.0,0.0,1000bs-3n-2th-198574s-DENV_2-colombia-BVBRC_genome_sequence,sequana_cpu_dev,3,11372674.0,1000,1,2,198574,DENV_2-colombia-BVBRC_genome_sequence,24004.28,16169.51,40173.79,172.69,116.33,289.02,96.34,139.0, sdumont6165,5624330.600000001
248.0,954,159,1188958.666015625,157384.0,154688.0,1341056.0,2211.84,4372.48,2211.84,4372.48,1.0,0,0.0,0.0,1000bs-3n-2th-198574s-DENV_2-colombia-BVBRC_genome_sequence,sequana_cpu_dev,3,11372676.0,1000,1,2,198574,DENV_2-colombia-BVBRC_genome_sequence,27734.84,18998.1,46732.94,176.31,120.78,297.09,99.03,157.33, sdumont6166,7430537.46
209.0,846,141,1112872.0,155264.0,154070.666015625,1112988.0,1935.36,4362.24,1986.56,4372.48,3.0,0,0.0,0.0,1000bs-3n-2th-198574s-DENV_2-colombia-BVBRC_genome_sequence,sequana_cpu_dev,3,11372677.0,1000,1,2,198574,DENV_2-colombia-BVBRC_genome_sequence,24550.27,16456.68,41006.95,177.9,119.25,297.15,99.05,138.0, sdumont6166,5781979.949999999
0.0,162,9,265348.0,3144.0,3113.3330078125,265348.0,0.0,0.0,0.0,0.0,1.0,0,0.0,0.0,100bs-3n-6th-198574s-DENV_2-colombia-BVBRC_genome_sequence,sequana_cpu_dev,3,11372678.0,100,1,6,198574,DENV_2-colombia-BVBRC_genome_sequence,1589.45,761.42,2350.87,198.68,95.18,293.86,97.95,8.0, sdumont6165,21157.83
0.0,324,18,265348.0,3176.0,2450.666015625,265348.0,0.0,0.0,0.0,0.0,0.0,0,0.0,0.0,100bs-3n-6th-198574s-DENV_2-colombia-BVBRC_genome_sequence,sequana_cpu_dev,3,11372679.0,100,1,6,198574,DENV_2-colombia-BVBRC_genome_sequence,3391.72,1727.55,5119.27,199.51,101.62,301.13,100.38,17.0, sdumont6165,92146.86000000002
0.0,360,20,265348.0,3132.0,2398.666015625,265348.0,0.0,0.0,0.0,0.0,1.0,0,0.0,0.0,100bs-3n-6th-198574s-DENV_2-colombia-BVBRC_genome_sequence,sequana_cpu_dev,3,11372681.0,100,1,6,198574,DENV_2-colombia-BVBRC_genome_sequence,3978.83,2107.56,6086.39,209.41,110.92,320.34,106.78,19.0, sdumont6166,121727.8
0.0,180,10,265348.0,3128.0,3101.3330078125,265348.0,0.0,0.0,0.0,0.0,1.0,0,0.0,0.0,100bs-3n-6th-198574s-DENV_2-colombia-BVBRC_genome_sequence,sequana_cpu_dev,3,11372682.0,100,1,6,198574,DENV_2-colombia-BVBRC_genome_sequence,1602.53,778.36,2380.89,178.06,86.48,264.54,88.18,9.0, sdumont6166,23808.9
0.0,252,14,265348.0,3176.0,2424.0,265348.0,0.0,0.0,0.0,0.0,1.0,0,0.0,0.0,100bs-3n-6th-198574s-DENV_2-colombia-BVBRC_genome_sequence,sequana_cpu_dev,3,11372683.0,100,1,6,198574,DENV_2-colombia-BVBRC_genome_sequence,2824.75,1407.19,4231.95,217.29,108.25,325.53,108.51,13.0, sdumont6166,59247.3
338.0,1350,75,1382968.0,151616.0,150265.3330078125,1383068.0,1525.76,4341.76,1536.0,4341.76,1.0,0,0.0,1.0,1000bs-3n-6th-198574s-DENV_2-colombia-BVBRC_genome_sequence,sequana_cpu_dev,3,11372684.0,1000,1,6,198574,DENV_2-colombia-BVBRC_genome_sequence,18387.59,8764.59,27152.19,248.48,118.44,366.92,122.31,74.0, sdumont6166,2036414.25
332.0,1494,83,1457246.666015625,153344.0,150798.666015625,1605728.0,1536.0,4321.28,1546.24,4321.28,1.0,0,1.0,4.0,1000bs-3n-6th-198574s-DENV_2-colombia-BVBRC_genome_sequence,sequana_cpu_dev,3,11372685.0,1000,1,6,198574,DENV_2-colombia-BVBRC_genome_sequence,20506.7,9881.02,30387.72,250.08,120.5,370.58,123.53,82.0, sdumont6166,2522180.76
493.0,1854,103,1459045.3330078125,152916.0,152064.0,1611300.0,1740.8,4362.24,1771.52,4372.48,1.0,0,1.0,2.0,1000bs-3n-6th-198574s-DENV_2-colombia-BVBRC_genome_sequence,sequana_cpu_dev,3,11372686.0,1000,1,6,198574,DENV_2-colombia-BVBRC_genome_sequence,24724.69,11929.56,36654.25,244.8,118.11,362.91,120.97,101.0, sdumont6165,3775387.75
502.0,1656,92,1459093.3330078125,162008.0,156265.3330078125,1611156.0,1751.04,4372.48,1761.28,4372.48,1.0,0,1.0,2.0,1000bs-3n-6th-198574s-DENV_2-colombia-BVBRC_genome_sequence,sequana_cpu_dev,3,11372690.0,1000,1,6,198574,DENV_2-colombia-BVBRC_genome_sequence,22420.02,10645.54,33065.56,249.11,118.28,367.4,122.47,90.0, sdumont6165,3042031.52
784.0,2736,152,1382968.0,157564.0,154988.0,1383068.0,2252.8,4372.48,2263.04,4382.72,1.0,0,1.0,2.0,1000bs-3n-6th-198574s-DENV_2-colombia-BVBRC_genome_sequence,sequana_cpu_dev,3,11372693.0,1000,1,6,198574,DENV_2-colombia-BVBRC_genome_sequence,35414.21,17650.53,53064.75,234.53,116.89,351.42,117.14,151.0, sdumont6165,8065842.0
0.0,504,14,265348.0,3028.0,1697.3330078125,265348.0,0.0,0.0,0.0,0.0,1.0,0,0.0,0.0,100bs-3n-12th-198574s-DENV_2-colombia-BVBRC_genome_sequence,sequana_cpu_dev,3,11372696.0,100,1,12,198574,DENV_2-colombia-BVBRC_genome_sequence,3410.32,1265.74,4676.06,277.41,102.74,380.15,126.72,12.33, sdumont6165,65464.84
0.0,720,20,265348.0,1040.0,1037.3330078125,265348.0,0.0,0.0,0.0,0.0,1.0,0,0.0,0.0,100bs-3n-12th-198574s-DENV_2-colombia-BVBRC_genome_sequence,sequana_cpu_dev,3,11372697.0,100,1,12,198574,DENV_2-colombia-BVBRC_genome_sequence,4880.64,1968.76,6849.4,256.88,103.62,360.49,120.16,19.0, sdumont6165,136988.0
0.0,324,9,265348.0,1040.0,1036.0,265348.0,0.0,0.0,0.0,0.0,1.0,0,0.0,0.0,100bs-3n-12th-198574s-DENV_2-colombia-BVBRC_genome_sequence,sequana_cpu_dev,3,11372699.0,100,1,12,198574,DENV_2-colombia-BVBRC_genome_sequence,1915.53,745.86,2661.39,273.65,106.55,380.2,126.73,7.0, sdumont6165,23952.51
0.0,288,8,265348.0,1036.0,1034.666015625,265348.0,0.0,0.0,0.0,0.0,1.0,0,0.0,0.0,100bs-3n-12th-198574s-DENV_2-colombia-BVBRC_genome_sequence,sequana_cpu_dev,3,11372700.0,100,1,12,198574,DENV_2-colombia-BVBRC_genome_sequence,1729.24,681.18,2410.42,247.03,97.31,344.35,114.78,7.0, sdumont6165,19283.36
0.0,288,8,265348.0,3076.0,1716.0,265348.0,0.0,0.0,0.0,0.0,1.0,0,0.0,0.0,100bs-3n-12th-198574s-DENV_2-colombia-BVBRC_genome_sequence,sequana_cpu_dev,3,11372701.0,100,1,12,198574,DENV_2-colombia-BVBRC_genome_sequence,1499.38,589.23,2088.61,249.9,98.21,348.1,116.03,6.0, sdumont6165,16708.88
663.0,3096,86,1790364.0,154280.0,151517.3330078125,1794224.0,1536.0,4331.52,1546.24,4331.52,1.0,0,41.0,114.0,1000bs-3n-12th-198574s-DENV_2-colombia-BVBRC_genome_sequence,sequana_cpu_dev,3,11372702.0,1000,1,12,198574,DENV_2-colombia-BVBRC_genome_sequence,26544.04,9865.45,36409.49,314.66,116.96,431.62,143.87,84.33, sdumont6165,3131216.14
693.0,2556,71,1788406.666015625,154004.0,152637.3330078125,1788500.0,1536.0,4362.24,1536.0,4372.48,1.0,0,24.0,53.0,1000bs-3n-12th-198574s-DENV_2-colombia-BVBRC_genome_sequence,sequana_cpu_dev,3,11372703.0,1000,1,12,198574,DENV_2-colombia-BVBRC_genome_sequence,22265.0,8271.51,30536.52,318.07,118.16,436.24,145.41,70.0, sdumont6165,2168092.92
690.0,2880,80,1788414.666015625,151828.0,150629.3330078125,1788524.0,1536.0,4331.52,1536.0,4341.76,0.0,0,6.0,8.0,1000bs-3n-12th-198574s-DENV_2-colombia-BVBRC_genome_sequence,sequana_cpu_dev,3,11372704.0,1000,1,12,198574,DENV_2-colombia-BVBRC_genome_sequence,25346.84,9361.75,34708.59,320.85,118.5,439.35,146.45,79.0, sdumont6165,2776687.2
1038.0,3996,111,1788462.666015625,156012.0,152062.666015625,1788524.0,1740.8,4372.48,1771.52,4372.48,1.0,0,7.0,10.0,1000bs-3n-12th-198574s-DENV_2-colombia-BVBRC_genome_sequence,sequana_cpu_dev,3,11372705.0,1000,1,12,198574,DENV_2-colombia-BVBRC_genome_sequence,29866.72,10873.77,40740.49,321.15,116.92,438.07,146.02,93.0, sdumont6165,4522194.39
699.0,2844,79,1788462.666015625,154156.0,151953.3330078125,1788672.0,1525.76,4362.24,1536.0,4362.24,1.0,0,6.0,9.0,1000bs-3n-12th-198574s-DENV_2-colombia-BVBRC_genome_sequence,sequana_cpu_dev,3,11372708.0,1000,1,12,198574,DENV_2-colombia-BVBRC_genome_sequence,21726.24,8043.46,29769.7,301.75,111.71,413.47,137.82,72.0, sdumont6165,2351806.3000000003
0.0,486,9,265348.0,3184.0,1753.3330078125,265348.0,0.0,0.0,0.0,0.0,1.0,0,0.0,0.0,100bs-3n-18th-198574s-DENV_2-colombia-BVBRC_genome_sequence,sequana_cpu_dev,3,11372709.0,100,1,18,198574,DENV_2-colombia-BVBRC_genome_sequence,2085.65,781.08,2866.73,260.71,97.63,358.34,119.45,8.0, sdumont6165,25800.57
0.0,702,13,265348.0,1036.0,1034.666015625,265348.0,0.0,0.0,0.0,0.0,29.0,0,0.0,0.0,100bs-3n-18th-198574s-DENV_2-colombia-BVBRC_genome_sequence,sequana_cpu_dev,3,11372711.0,100,1,18,198574,DENV_2-colombia-BVBRC_genome_sequence,2734.18,1204.62,3938.8,227.85,100.39,328.23,109.41,12.0, sdumont6166,51204.4
0.0,648,12,265348.0,3180.0,2457.3330078125,265348.0,0.0,0.0,0.0,0.0,1.0,0,0.0,0.0,100bs-3n-18th-198574s-DENV_2-colombia-BVBRC_genome_sequence,sequana_cpu_dev,3,11372712.0,100,1,18,198574,DENV_2-colombia-BVBRC_genome_sequence,2725.35,983.75,3709.1,302.82,109.31,412.12,137.37,9.0, sdumont6165,44509.2
0.0,486,9,265348.0,1036.0,1036.0,265348.0,0.0,0.0,0.0,0.0,1.0,0,0.0,0.0,100bs-3n-18th-198574s-DENV_2-colombia-BVBRC_genome_sequence,sequana_cpu_dev,3,11372713.0,100,1,18,198574,DENV_2-colombia-BVBRC_genome_sequence,2062.93,756.61,2819.54,229.21,84.07,313.28,104.43,9.0, sdumont6165,25375.86
0.0,1188,22,265348.0,1036.0,1034.666015625,265348.0,0.0,0.0,0.0,0.0,1.0,0,0.0,0.0,100bs-3n-18th-198574s-DENV_2-colombia-BVBRC_genome_sequence,sequana_cpu_dev,3,11372715.0,100,1,18,198574,DENV_2-colombia-BVBRC_genome_sequence,6033.6,2320.19,8353.8,301.68,116.01,417.69,139.23,20.0, sdumont6166,183783.6
1568.0,6264,116,2193941.3330078125,160704.0,157884.0,2194060.0,1751.04,4362.24,1771.52,4372.48,1.0,0,18.0,24.0,1000bs-3n-18th-198574s-DENV_2-colombia-BVBRC_genome_sequence,sequana_cpu_dev,3,11372716.0,1000,1,18,198574,DENV_2-colombia-BVBRC_genome_sequence,39459.22,13940.96,53400.18,346.13,122.29,468.42,156.14,114.0, sdumont6166,6194420.88
1557.0,6480,120,2193990.666015625,158424.0,153770.666015625,2194204.0,1771.52,4352.0,1771.52,4362.24,1.0,0,9.0,13.0,1000bs-3n-18th-198574s-DENV_2-colombia-BVBRC_genome_sequence,sequana_cpu_dev,3,11372717.0,1000,1,18,198574,DENV_2-colombia-BVBRC_genome_sequence,40786.23,14394.72,55180.95,345.65,121.99,467.64,155.88,118.0, sdumont6166,6621714.0
4114.0,13824,256,2195925.3330078125,162608.0,159953.3330078125,2200000.0,2959.36,4372.48,2969.6,4372.48,1.0,0,14.0,23.0,1000bs-3n-18th-198574s-DENV_2-colombia-BVBRC_genome_sequence,sequana_cpu_dev,3,11372720.0,1000,1,18,198574,DENV_2-colombia-BVBRC_genome_sequence,90326.06,30206.63,120532.69,354.22,118.46,472.68,157.56,255.0, sdumont6165,30856368.64
1579.0,5724,106,2193946.666015625,156556.0,155140.0,2194060.0,1740.8,4372.48,1771.52,4372.48,1.0,0,18.0,22.0,1000bs-3n-18th-198574s-DENV_2-colombia-BVBRC_genome_sequence,sequana_cpu_dev,3,11372724.0,1000,1,18,198574,DENV_2-colombia-BVBRC_genome_sequence,35996.92,12403.68,48400.6,342.83,118.13,460.96,153.65,105.0, sdumont6165,5130463.6
1562.0,5238,97,2193985.3330078125,152544.0,151772.0,2194180.0,1740.8,4362.24,1771.52,4362.24,1.0,0,9.0,14.0,1000bs-3n-18th-198574s-DENV_2-colombia-BVBRC_genome_sequence,sequana_cpu_dev,3,11372725.0,1000,1,18,198574,DENV_2-colombia-BVBRC_genome_sequence,32147.46,11266.12,43413.58,334.87,117.36,452.22,150.74,96.0, sdumont6165,4211117.26
0.0,648,9,265348.0,3144.0,3128.0,265348.0,0.0,0.0,0.0,0.0,1.0,0,0.0,0.0,100bs-3n-24th-198574s-DENV_2-colombia-BVBRC_genome_sequence,sequana_cpu_dev,3,11372726.0,100,1,24,198574,DENV_2-colombia-BVBRC_genome_sequence,2228.04,773.97,3002.01,292.75,101.63,394.38,131.46,7.67, sdumont6165,27018.090000000004
0.0,2160,30,265348.0,1040.0,1036.0,265348.0,0.0,0.0,0.0,0.0,1.0,0,0.0,0.0,100bs-3n-24th-198574s-DENV_2-colombia-BVBRC_genome_sequence,sequana_cpu_dev,3,11372729.0,100,1,24,198574,DENV_2-colombia-BVBRC_genome_sequence,10184.45,3112.28,13296.74,359.71,109.84,469.55,156.52,28.33, sdumont6165,398902.2
0.0,1440,20,265348.0,3144.0,1737.3330078125,265348.0,0.0,0.0,0.0,0.0,1.0,0,0.0,0.0,100bs-3n-24th-198574s-DENV_2-colombia-BVBRC_genome_sequence,sequana_cpu_dev,3,11372738.0,100,1,24,198574,DENV_2-colombia-BVBRC_genome_sequence,6542.58,2082.84,8625.42,344.35,109.62,453.97,151.32,19.0, sdumont6165,172508.4
0.0,648,9,265348.0,3124.0,1729.3330078125,265348.0,0.0,0.0,0.0,0.0,1.0,0,0.0,0.0,100bs-3n-24th-198574s-DENV_2-colombia-BVBRC_genome_sequence,sequana_cpu_dev,3,11372740.0,100,1,24,198574,DENV_2-colombia-BVBRC_genome_sequence,2284.28,788.66,3072.94,285.53,98.58,384.12,128.04,8.0, sdumont6165,27656.46
0.0,936,13,265348.0,1036.0,1034.666015625,265348.0,0.0,0.0,0.0,0.0,1.0,0,0.0,0.0,100bs-3n-24th-198574s-DENV_2-colombia-BVBRC_genome_sequence,sequana_cpu_dev,3,11372742.0,100,1,24,198574,DENV_2-colombia-BVBRC_genome_sequence,3782.34,1243.67,5026.02,315.2,103.64,418.83,139.61,12.0, sdumont6165,65338.26000000001
2106.0,7200,100,2599532.0,154880.0,153418.666015625,2599724.0,1771.52,4362.24,1771.52,4362.24,1.0,0,22.0,26.0,1000bs-3n-24th-198574s-DENV_2-colombia-BVBRC_genome_sequence,sequana_cpu_dev,3,11372744.0,1000,1,24,198574,DENV_2-colombia-BVBRC_genome_sequence,36824.09,11771.67,48595.77,371.96,118.91,490.87,163.62,99.0, sdumont6165,4859577.0
3464.0,12744,177,2599490.666015625,156956.0,156812.0,2599604.0,2242.56,4362.24,2242.56,4362.24,1.0,0,16.0,22.0,1000bs-3n-24th-198574s-DENV_2-colombia-BVBRC_genome_sequence,sequana_cpu_dev,3,11372745.0,1000,1,24,198574,DENV_2-colombia-BVBRC_genome_sequence,67396.5,20763.39,88159.9,385.12,118.65,503.77,167.92,175.0, sdumont6165,15604302.3
2103.0,7920,110,2599538.666015625,155284.0,154596.0,2599600.0,1751.04,4352.0,1771.52,4362.24,1.0,0,19.0,26.0,1000bs-3n-24th-198574s-DENV_2-colombia-BVBRC_genome_sequence,sequana_cpu_dev,3,11372746.0,1000,1,24,198574,DENV_2-colombia-BVBRC_genome_sequence,40902.87,12987.69,53890.56,375.26,119.15,494.41,164.8,109.0, sdumont6165,5927961.6
2703.0,9864,137,2599528.0,163144.0,159524.0,2599580.0,1996.8,4433.92,2170.88,4556.8,54.0,0,180.0,266.0,1000bs-3n-24th-198574s-DENV_2-colombia-BVBRC_genome_sequence,sequana_cpu_dev,3,11372748.0,1000,1,24,198574,DENV_2-colombia-BVBRC_genome_sequence,45404.36,15402.23,60806.6,375.24,127.29,502.53,167.51,121.0, sdumont6167,8330504.2
1402.0,6480,90,2599474.666015625,160896.0,156812.0,2599576.0,1525.76,4321.28,1536.0,4321.28,60.0,0,23.0,25.0,1000bs-3n-24th-198574s-DENV_2-colombia-BVBRC_genome_sequence,sequana_cpu_dev,3,11372750.0,1000,1,24,198574,DENV_2-colombia-BVBRC_genome_sequence,31611.83,10930.15,42541.98,360.59,124.69,485.28,161.76,87.67, sdumont6165,3828778.2
0.0,1080,12,265348.0,3172.0,2452.0,265348.0,0.0,0.0,0.0,0.0,1.0,0,0.0,0.0,100bs-3n-30th-198574s-DENV_2-colombia-BVBRC_genome_sequence,sequana_cpu_dev,3,11372751.0,100,1,30,198574,DENV_2-colombia-BVBRC_genome_sequence,2829.57,2036.93,4866.51,274.32,197.15,471.47,157.16,10.33, sdumont6165,58398.12
0.0,1620,18,265348.0,3160.0,3121.3330078125,265348.0,0.0,0.0,0.0,0.0,1.0,0,0.0,0.0,100bs-3n-30th-198574s-DENV_2-colombia-BVBRC_genome_sequence,sequana_cpu_dev,3,11372752.0,100,1,30,198574,DENV_2-colombia-BVBRC_genome_sequence,5108.87,3522.46,8631.33,306.88,211.82,518.7,172.9,16.67, sdumont6165,155363.94
843.0,3330,37,3005030.666015625,154680.0,153490.666015625,3005124.0,1300.48,4229.12,1310.72,4229.12,1.0,0,22.0,27.0,100bs-3n-30th-198574s-DENV_2-colombia-BVBRC_genome_sequence,sequana_cpu_dev,3,11372753.0,100,1,30,198574,DENV_2-colombia-BVBRC_genome_sequence,12559.52,8290.52,20850.03,348.88,230.29,579.17,193.06,36.0, sdumont6165,771451.11
0.0,2700,30,265348.0,3148.0,2416.0,265348.0,0.0,0.0,0.0,0.0,1.0,0,0.0,0.0,100bs-3n-30th-198574s-DENV_2-colombia-BVBRC_genome_sequence,sequana_cpu_dev,3,11372754.0,100,1,30,198574,DENV_2-colombia-BVBRC_genome_sequence,9585.1,6382.17,15967.26,330.52,220.07,550.6,183.53,29.0, sdumont6165,479017.8
0.0,2160,24,265348.0,3132.0,3128.0,265348.0,0.0,0.0,0.0,0.0,1.0,0,0.0,0.0,100bs-3n-30th-198574s-DENV_2-colombia-BVBRC_genome_sequence,sequana_cpu_dev,3,11372756.0,100,1,30,198574,DENV_2-colombia-BVBRC_genome_sequence,7522.88,5065.32,12588.2,327.08,220.23,547.31,182.44,23.0, sdumont6165,302116.80000000005
2653.0,9990,111,3155473.3330078125,160764.0,158205.3330078125,3233508.0,1730.56,4362.24,1740.8,4372.48,1.0,0,29.0,37.0,1000bs-3n-30th-198574s-DENV_2-colombia-BVBRC_genome_sequence,sequana_cpu_dev,3,11372758.0,1000,1,30,198574,DENV_2-colombia-BVBRC_genome_sequence,37882.02,26528.05,64410.07,346.49,242.65,589.14,196.38,109.33, sdumont6165,7149517.77
3536.0,11250,125,3005026.666015625,157156.0,154394.666015625,3005128.0,1966.08,4372.48,1966.08,4372.48,1.0,0,22.0,25.0,1000bs-3n-30th-198574s-DENV_2-colombia-BVBRC_genome_sequence,sequana_cpu_dev,3,11372759.0,1000,1,30,198574,DENV_2-colombia-BVBRC_genome_sequence,43513.16,30160.39,73673.54,350.91,243.23,594.14,198.05,124.0, sdumont6165,9209192.5
3484.0,13230,147,3001030.666015625,161056.0,154544.0,3005124.0,1935.36,4362.24,1986.56,4372.48,0.0,0,63.0,144.0,1000bs-3n-30th-198574s-DENV_2-colombia-BVBRC_genome_sequence,sequana_cpu_dev,3,11372761.0,1000,1,30,198574,DENV_2-colombia-BVBRC_genome_sequence,53226.99,35568.56,88795.55,365.46,244.18,609.64,203.21,145.67, sdumont6166,13052945.85
2648.0,9360,104,3079302.666015625,163364.0,161097.3330078125,3227780.0,1740.8,4352.0,1751.04,4352.0,1.0,0,27.0,32.0,1000bs-3n-30th-198574s-DENV_2-colombia-BVBRC_genome_sequence,sequana_cpu_dev,3,11372764.0,1000,1,30,198574,DENV_2-colombia-BVBRC_genome_sequence,36363.74,25049.07,61412.81,356.51,245.58,602.09,200.7,102.0, sdumont6166,6386932.24
3521.0,11610,129,3006878.666015625,157120.0,156390.666015625,3010396.0,1955.84,4362.24,1966.08,4372.48,4.0,0,26.0,38.0,1000bs-3n-30th-198574s-DENV_2-colombia-BVBRC_genome_sequence,sequana_cpu_dev,3,11372766.0,1000,1,30,198574,DENV_2-colombia-BVBRC_genome_sequence,46780.82,31473.92,78254.74,365.48,245.89,611.37,203.79,128.0, sdumont6166,10094861.46
0.0,1404,13,265348.0,3144.0,3084.0,265348.0,0.0,0.0,0.0,0.0,1.0,0,0.0,0.0,100bs-3n-36th-198574s-DENV_2-colombia-BVBRC_genome_sequence,sequana_cpu_dev,3,11372768.0,100,1,36,198574,DENV_2-colombia-BVBRC_genome_sequence,3709.27,3219.36,6928.63,337.21,292.67,629.88,209.96,11.0, sdumont6166,90072.19
0.0,2376,22,265348.0,3132.0,2409.3330078125,265348.0,0.0,0.0,0.0,0.0,1.0,0,0.0,0.0,100bs-3n-36th-198574s-DENV_2-colombia-BVBRC_genome_sequence,sequana_cpu_dev,3,11372769.0,100,1,36,198574,DENV_2-colombia-BVBRC_genome_sequence,5444.39,4739.37,10183.76,362.96,315.96,678.92,226.31,15.0, sdumont6166,224042.72
0.0,1836,17,265348.0,3160.0,3092.0,265348.0,0.0,0.0,0.0,0.0,1.0,0,0.0,0.0,100bs-3n-36th-198574s-DENV_2-colombia-BVBRC_genome_sequence,sequana_cpu_dev,3,11372770.0,100,1,36,198574,DENV_2-colombia-BVBRC_genome_sequence,4615.48,4001.0,8616.48,307.7,266.73,574.43,191.48,15.0, sdumont6166,146480.16
1022.0,3996,37,3410481.3330078125,155020.0,153820.0,3410532.0,1300.48,4218.88,1310.72,4218.88,1.0,0,27.0,43.0,100bs-3n-36th-198574s-DENV_2-colombia-BVBRC_genome_sequence,sequana_cpu_dev,3,11372772.0,100,1,36,198574,DENV_2-colombia-BVBRC_genome_sequence,12737.7,11279.44,24017.14,363.93,322.27,686.2,228.73,35.0, sdumont6166,888634.1799999999
337.0,3672,34,3410630.666015625,153568.0,153434.666015625,3410832.0,1290.24,4218.88,1310.72,4229.12,1.0,0,109.0,294.0,100bs-3n-36th-198574s-DENV_2-colombia-BVBRC_genome_sequence,sequana_cpu_dev,3,11372775.0,100,1,36,198574,DENV_2-colombia-BVBRC_genome_sequence,6853.55,6218.69,13072.23,207.68,188.45,396.13,132.04,33.0, sdumont6167,444455.82
4238.0,14904,138,3410628.0,163976.0,160456.0,3410696.0,1966.08,4362.24,1966.08,4372.48,289.0,0,27.0,36.0,1000bs-3n-36th-198574s-DENV_2-colombia-BVBRC_genome_sequence,sequana_cpu_dev,3,11372777.0,1000,1,36,198574,DENV_2-colombia-BVBRC_genome_sequence,50450.69,43981.16,94431.84,368.25,321.03,689.28,229.76,137.0, sdumont6167,13031593.92
4247.0,13608,126,3410569.3330078125,161616.0,160453.3330078125,3410672.0,1914.88,4372.48,1966.08,4382.72,1.0,0,29.0,49.0,1000bs-3n-36th-198574s-DENV_2-colombia-BVBRC_genome_sequence,sequana_cpu_dev,3,11372779.0,1000,1,36,198574,DENV_2-colombia-BVBRC_genome_sequence,44434.9,38781.27,83216.17,361.26,315.29,676.55,225.52,123.0, sdumont6167,10485237.42
3181.0,10908,101,3484950.666015625,162148.0,158497.3330078125,3633324.0,1730.56,4362.24,1730.56,4362.24,1.0,0,22.0,25.0,1000bs-3n-36th-198574s-DENV_2-colombia-BVBRC_genome_sequence,sequana_cpu_dev,3,11372782.0,1000,1,36,198574,DENV_2-colombia-BVBRC_genome_sequence,34360.48,29739.35,64099.83,348.22,301.38,649.6,216.53,98.67, sdumont6166,6474082.83
4242.0,15552,144,3410728.0,160100.0,157866.666015625,3410844.0,1955.84,4362.24,1966.08,4382.72,1.0,0,22.0,28.0,1000bs-3n-36th-198574s-DENV_2-colombia-BVBRC_genome_sequence,sequana_cpu_dev,3,11372784.0,1000,1,36,198574,DENV_2-colombia-BVBRC_genome_sequence,51689.11,44877.71,96566.82,364.01,316.04,680.05,226.68,142.0, sdumont6166,13905622.080000002
5301.0,16740,155,3410668.0,166368.0,162122.666015625,3410828.0,2201.6,4403.2,2242.56,4464.64,1.0,0,26.0,33.0,1000bs-3n-36th-198574s-DENV_2-colombia-BVBRC_genome_sequence,sequana_cpu_dev,3,11372786.0,1000,1,36,198574,DENV_2-colombia-BVBRC_genome_sequence,56268.47,49223.75,105492.22,367.77,321.72,689.49,229.83,153.0, sdumont6166,16351294.1
0.0,2016,16,265348.0,3172.0,3152.0,265348.0,0.0,0.0,0.0,0.0,1.0,0,0.0,0.0,100bs-3n-42th-198574s-DENV_2-colombia-BVBRC_genome_sequence,sequana_cpu_dev,3,11372787.0,100,1,42,198574,DENV_2-colombia-BVBRC_genome_sequence,4667.07,4273.72,8940.79,333.36,305.27,638.63,212.88,14.0, sdumont6166,143052.64
0.0,1638,13,265348.0,3164.0,2441.3330078125,265348.0,0.0,0.0,0.0,0.0,1.0,0,0.0,0.0,100bs-3n-42th-198574s-DENV_2-colombia-BVBRC_genome_sequence,sequana_cpu_dev,3,11372788.0,100,1,42,198574,DENV_2-colombia-BVBRC_genome_sequence,3777.19,3443.74,7220.93,314.77,286.98,601.74,200.58,12.0, sdumont6166,93872.09
1806.0,7938,63,3817958.666015625,160804.0,156969.3330078125,3821540.0,1495.04,4229.12,1525.76,4229.12,1.0,0,66.0,163.0,100bs-3n-42th-198574s-DENV_2-colombia-BVBRC_genome_sequence,sequana_cpu_dev,3,11372790.0,100,1,42,198574,DENV_2-colombia-BVBRC_genome_sequence,18660.31,17629.55,36289.85,311.03,294.07,605.1,201.7,60.0, sdumont6167,2286260.55
789.0,6048,48,3816161.333007813,156744.0,155806.666015625,3816228.0,1300.48,4218.88,1310.72,4229.12,34.0,0,113.0,287.0,100bs-3n-42th-198574s-DENV_2-colombia-BVBRC_genome_sequence,sequana_cpu_dev,3,11372793.0,100,1,42,198574,DENV_2-colombia-BVBRC_genome_sequence,13007.57,12336.58,25344.15,309.7,293.73,603.43,201.14,42.0, sdumont6165,1216519.2000000002
0.0,1890,15,265348.0,3184.0,3156.0,265348.0,0.0,0.0,0.0,0.0,53.0,0,0.0,0.0,100bs-3n-42th-198574s-DENV_2-colombia-BVBRC_genome_sequence,sequana_cpu_dev,3,11372795.0,100,1,42,198574,DENV_2-colombia-BVBRC_genome_sequence,3658.02,3340.76,6998.78,297.11,271.13,568.24,189.41,12.33, sdumont6165,104981.7
4963.0,16632,132,3816168.0,161880.0,159216.0,3816228.0,1966.08,4372.48,1966.08,4382.72,1.0,0,44.0,49.0,1000bs-3n-42th-198574s-DENV_2-colombia-BVBRC_genome_sequence,sequana_cpu_dev,3,11372796.0,1000,1,42,198574,DENV_2-colombia-BVBRC_genome_sequence,45495.25,41956.47,87451.71,349.09,321.92,671.02,223.67,130.33, sdumont6165,11543625.72
11105.0,35532,282,3816220.0,162268.0,162190.666015625,3816400.0,3041.28,4382.72,3112.96,4382.72,1.0,0,23.0,26.0,1000bs-3n-42th-198574s-DENV_2-colombia-BVBRC_genome_sequence,sequana_cpu_dev,3,11372798.0,1000,1,42,198574,DENV_2-colombia-BVBRC_genome_sequence,104273.53,98513.19,202786.72,373.3,352.67,725.97,241.99,279.33, sdumont6165,57185855.04
10734.0,36666,291,3964721.333007813,167232.0,164328.0,4039064.0,3112.96,4372.48,3123.2,4382.72,213.0,0,113.0,281.0,1000bs-3n-42th-198574s-DENV_2-colombia-BVBRC_genome_sequence,sequana_cpu_dev,3,11372802.0,1000,1,42,198574,DENV_2-colombia-BVBRC_genome_sequence,103256.6,98806.23,202062.83,356.88,341.49,698.37,232.79,289.33, sdumont6165,58800283.53
7419.0,25326,201,3894289.333007813,165764.0,163094.666015625,4044612.0,2396.16,4372.48,2437.12,4382.72,1.0,0,29.0,33.0,1000bs-3n-42th-198574s-DENV_2-colombia-BVBRC_genome_sequence,sequana_cpu_dev,3,11372805.0,1000,1,42,198574,DENV_2-colombia-BVBRC_genome_sequence,72894.65,68111.53,141006.19,365.71,341.7,707.41,235.8,199.33, sdumont6165,28342244.19
6203.0,20412,162,3896060.0,163876.0,161692.0,4044608.0,2181.12,4372.48,2191.36,4372.48,1.0,0,28.0,31.0,1000bs-3n-42th-198574s-DENV_2-colombia-BVBRC_genome_sequence,sequana_cpu_dev,3,11372807.0,1000,1,42,198574,DENV_2-colombia-BVBRC_genome_sequence,57022.3,52973.93,109996.23,357.9,332.47,690.38,230.13,159.33, sdumont6165,17819389.259999998
0.0,2448,17,265348.0,3180.0,3153.3330078125,265348.0,0.0,0.0,0.0,0.0,3.0,0,0.0,0.0,100bs-3n-48th-198574s-DENV_2-colombia-BVBRC_genome_sequence,sequana_cpu_dev,3,11372809.0,100,1,48,198574,DENV_2-colombia-BVBRC_genome_sequence,4479.79,4561.21,9041.0,298.65,304.08,602.73,200.91,15.0, sdumont6165,153697.0
0.0,3888,27,265348.0,3236.0,1769.3330078125,265348.0,0.0,0.0,0.0,0.0,262.0,0,0.0,0.0,100bs-3n-48th-198574s-DENV_2-colombia-BVBRC_genome_sequence,sequana_cpu_dev,3,11372813.0,100,1,48,198574,DENV_2-colombia-BVBRC_genome_sequence,8566.89,8498.43,17065.32,329.5,326.86,656.36,218.79,26.0, sdumont6165,460763.64
945.0,6336,44,4221661.3330078125,155656.0,154605.3330078125,4221692.0,1300.48,4218.88,1310.72,4229.12,1.0,0,68.0,129.0,100bs-3n-48th-198574s-DENV_2-colombia-BVBRC_genome_sequence,sequana_cpu_dev,3,11372815.0,100,1,48,198574,DENV_2-colombia-BVBRC_genome_sequence,12344.25,12478.83,24823.08,308.61,311.97,620.58,206.86,40.0, sdumont6166,1092215.52
0.0,2304,16,265348.0,3244.0,3174.666015625,265348.0,0.0,0.0,0.0,0.0,1.0,0,0.0,0.0,100bs-3n-48th-198574s-DENV_2-colombia-BVBRC_genome_sequence,sequana_cpu_dev,3,11372816.0,100,1,48,198574,DENV_2-colombia-BVBRC_genome_sequence,4370.49,4337.83,8708.32,305.52,302.94,608.45,202.82,14.33, sdumont6165,139333.12
0.0,3744,26,265348.0,3180.0,2442.666015625,265348.0,0.0,0.0,0.0,0.0,1.0,0,0.0,0.0,100bs-3n-48th-198574s-DENV_2-colombia-BVBRC_genome_sequence,sequana_cpu_dev,3,11372818.0,100,1,48,198574,DENV_2-colombia-BVBRC_genome_sequence,8853.72,8770.58,17624.3,368.9,365.44,734.35,244.78,24.0, sdumont6165,458231.8
8455.0,29088,202,4372013.3330078125,167376.0,166138.666015625,4449832.0,2365.44,4362.24,2437.12,4372.48,4.0,0,29.0,35.0,1000bs-3n-48th-198574s-DENV_2-colombia-BVBRC_genome_sequence,sequana_cpu_dev,3,11372820.0,1000,1,48,198574,DENV_2-colombia-BVBRC_genome_sequence,74359.8,74499.71,148859.51,371.8,372.5,744.3,248.1,200.0, sdumont6165,30069621.020000003
7070.0,26064,181,4221705.3330078125,164600.0,162796.0,4221756.0,2191.36,4362.24,2211.84,4372.48,55.0,0,25.0,28.0,1000bs-3n-48th-198574s-DENV_2-colombia-BVBRC_genome_sequence,sequana_cpu_dev,3,11372823.0,1000,1,48,198574,DENV_2-colombia-BVBRC_genome_sequence,67807.11,68716.82,136523.92,376.71,381.76,758.47,252.82,180.0, sdumont6167,24710829.520000003
16791.0,55728,387,4297845.3330078125,167260.0,164885.3330078125,4444608.0,3880.96,4382.72,3901.44,4382.72,5.0,0,26.0,31.0,1000bs-3n-48th-198574s-DENV_2-colombia-BVBRC_genome_sequence,sequana_cpu_dev,3,11372825.0,1000,1,48,198574,DENV_2-colombia-BVBRC_genome_sequence,144123.15,150500.8,294623.94,374.35,390.91,765.26,255.09,385.0, sdumont6165,114019464.78
7052.0,22608,157,4221773.3330078125,163328.0,162816.0,4221796.0,2201.6,4372.48,2211.84,4382.72,1.0,0,40.0,51.0,1000bs-3n-48th-198574s-DENV_2-colombia-BVBRC_genome_sequence,sequana_cpu_dev,3,11372829.0,1000,1,48,198574,DENV_2-colombia-BVBRC_genome_sequence,56318.22,55758.7,112076.91,363.34,359.73,723.08,241.03,155.0, sdumont6165,17596074.87
7099.0,21888,152,4223678.666015625,168800.0,166224.0,4227504.0,2211.84,4444.16,2385.92,4567.04,1.0,0,36.0,51.0,1000bs-3n-48th-198574s-DENV_2-colombia-BVBRC_genome_sequence,sequana_cpu_dev,3,11372830.0,1000,1,48,198574,DENV_2-colombia-BVBRC_genome_sequence,54714.94,54232.73,108947.67,364.83,361.55,726.38,242.13,150.0, sdumont6165,16560045.84
0.0,232,29,265348.0,3192.0,3173.0,265348.0,0.0,0.0,0.0,0.0,1.0,0,0.0,0.0,100bs-4n-2th-198574s-DENV_2-colombia-BVBRC_genome_sequence,sequana_cpu_dev,4,11372831.0,100,1,2,198574,DENV_2-colombia-BVBRC_genome_sequence,5532.13,4192.45,9724.59,204.89,155.28,360.17,90.04,27.0, sdumont6165,282013.11
0.0,136,17,265348.0,3288.0,3205.0,265348.0,0.0,0.0,0.0,0.0,1.0,0,0.0,0.0,100bs-4n-2th-198574s-DENV_2-colombia-BVBRC_genome_sequence,sequana_cpu_dev,4,11372832.0,100,1,2,198574,DENV_2-colombia-BVBRC_genome_sequence,1972.75,1364.17,3336.92,197.27,136.42,333.69,83.42,10.0, sdumont6165,56727.64
0.0,96,12,265348.0,3220.0,3191.0,265348.0,0.0,0.0,0.0,0.0,1.0,0,0.0,0.0,100bs-4n-2th-198574s-DENV_2-colombia-BVBRC_genome_sequence,sequana_cpu_dev,4,11372835.0,100,1,2,198574,DENV_2-colombia-BVBRC_genome_sequence,2462.05,1728.41,4190.46,223.82,157.13,380.95,95.24,11.0, sdumont6165,50285.52
0.0,112,14,265348.0,3184.0,3155.0,265348.0,0.0,0.0,0.0,0.0,1.0,0,0.0,0.0,100bs-4n-2th-198574s-DENV_2-colombia-BVBRC_genome_sequence,sequana_cpu_dev,4,11372837.0,100,1,2,198574,DENV_2-colombia-BVBRC_genome_sequence,2657.33,1831.62,4488.95,204.41,140.89,345.3,86.33,13.0, sdumont6165,62845.3
0.0,128,16,265348.0,3240.0,3200.0,265348.0,0.0,0.0,0.0,0.0,0.0,0,0.0,0.0,100bs-4n-2th-198574s-DENV_2-colombia-BVBRC_genome_sequence,sequana_cpu_dev,4,11372838.0,100,1,2,198574,DENV_2-colombia-BVBRC_genome_sequence,3129.62,2231.68,5361.3,208.64,148.78,357.42,89.36,15.0, sdumont6165,85780.8
160.0,728,91,1222635.0,157140.0,149547.0,1341076.0,1751.04,4352.0,1822.72,4403.2,1.0,0,0.0,0.0,1000bs-4n-2th-198574s-DENV_2-colombia-BVBRC_genome_sequence,sequana_cpu_dev,4,11372839.0,1000,1,2,198574,DENV_2-colombia-BVBRC_genome_sequence,21109.05,14328.39,35437.44,234.55,159.2,393.75,98.44,90.0, sdumont6165,3224807.04
164.0,752,94,1166910.0,158556.0,150003.0,1341076.0,1740.8,4331.52,1761.28,4331.52,1.0,0,0.0,0.0,1000bs-4n-2th-198574s-DENV_2-colombia-BVBRC_genome_sequence,sequana_cpu_dev,4,11372840.0,1000,1,2,198574,DENV_2-colombia-BVBRC_genome_sequence,21967.29,14884.04,36851.33,236.21,160.04,396.25,99.06,93.0, sdumont6165,3464025.02
193.0,1048,131,1112660.0,151064.0,147626.0,1118436.0,1966.08,4331.52,1986.56,4331.52,1.0,0,0.0,0.0,1000bs-4n-2th-198574s-DENV_2-colombia-BVBRC_genome_sequence,sequana_cpu_dev,4,11372841.0,1000,1,2,198574,DENV_2-colombia-BVBRC_genome_sequence,29464.98,20728.51,50193.49,228.41,160.69,389.1,97.27,129.0, sdumont6165,6575347.19
111.0,704,88,1111379.0,153404.0,150334.0,1118816.0,1525.76,4300.8,1536.0,4300.8,1.0,0,0.0,0.0,1000bs-4n-2th-198574s-DENV_2-colombia-BVBRC_genome_sequence,sequana_cpu_dev,4,11372842.0,1000,1,2,198574,DENV_2-colombia-BVBRC_genome_sequence,20490.19,13884.22,34374.41,235.52,159.59,395.11,98.78,87.0, sdumont6165,3024948.08
148.0,928,116,1111276.0,149396.0,146708.0,1118552.0,1740.8,4311.04,1761.28,4321.28,1.0,0,0.0,0.0,1000bs-4n-2th-198574s-DENV_2-colombia-BVBRC_genome_sequence,sequana_cpu_dev,4,11372843.0,1000,1,2,198574,DENV_2-colombia-BVBRC_genome_sequence,26409.76,18365.34,44775.1,229.65,159.7,389.35,97.34,115.0, sdumont6165,5193911.6
0.0,192,8,265348.0,3140.0,2583.0,265348.0,0.0,0.0,0.0,0.0,1.0,0,0.0,0.0,100bs-4n-6th-198574s-DENV_2-colombia-BVBRC_genome_sequence,sequana_cpu_dev,4,11372844.0,100,1,6,198574,DENV_2-colombia-BVBRC_genome_sequence,1991.96,1003.26,2995.22,284.57,143.32,427.89,106.97,7.0, sdumont6165,23961.76
151.0,768,32,1379814.0,153572.0,148353.0,1382832.0,1300.48,4218.88,1310.72,4218.88,1.0,0,0.0,3.0,100bs-4n-6th-198574s-DENV_2-colombia-BVBRC_genome_sequence,sequana_cpu_dev,4,11372846.0,100,1,6,198574,DENV_2-colombia-BVBRC_genome_sequence,9061.22,4838.19,13899.41,292.3,156.07,448.37,112.09,31.0, sdumont6165,444781.12
0.0,168,7,265348.0,3168.0,2608.0,265348.0,0.0,0.0,0.0,0.0,1.0,0,0.0,0.0,100bs-4n-6th-198574s-DENV_2-colombia-BVBRC_genome_sequence,sequana_cpu_dev,4,11372847.0,100,1,6,198574,DENV_2-colombia-BVBRC_genome_sequence,1398.93,687.37,2086.3,268.19,131.2,399.39,99.85,5.25, sdumont6165,14604.100000000002
0.0,192,8,265348.0,3176.0,2095.0,265348.0,0.0,0.0,0.0,0.0,1.0,0,0.0,0.0,100bs-4n-6th-198574s-DENV_2-colombia-BVBRC_genome_sequence,sequana_cpu_dev,4,11372848.0,100,1,6,198574,DENV_2-colombia-BVBRC_genome_sequence,2003.12,1012.65,3015.77,286.16,144.66,430.82,107.71,7.0, sdumont6165,24126.16
0.0,240,10,265348.0,3180.0,2629.0,265348.0,0.0,0.0,0.0,0.0,1.0,0,0.0,0.0,100bs-4n-6th-198574s-DENV_2-colombia-BVBRC_genome_sequence,sequana_cpu_dev,4,11372849.0,100,1,6,198574,DENV_2-colombia-BVBRC_genome_sequence,2469.68,1279.71,3749.38,274.41,142.19,416.6,104.15,9.0, sdumont6165,37493.8
344.0,1488,62,1379844.0,151404.0,148007.0,1382824.0,1525.76,4331.52,1536.0,4331.52,1.0,0,0.0,1.0,1000bs-4n-6th-198574s-DENV_2-colombia-BVBRC_genome_sequence,sequana_cpu_dev,4,11372850.0,1000,1,6,198574,DENV_2-colombia-BVBRC_genome_sequence,20049.39,9652.85,29702.24,328.68,158.24,486.92,121.73,61.0, sdumont6165,1841538.88
332.0,1560,65,1379953.0,153424.0,148013.0,1382972.0,1495.04,4321.28,1536.0,4331.52,1.0,0,2.0,4.0,1000bs-4n-6th-198574s-DENV_2-colombia-BVBRC_genome_sequence,sequana_cpu_dev,4,11372851.0,1000,1,6,198574,DENV_2-colombia-BVBRC_genome_sequence,20768.18,10214.42,30982.6,324.5,159.6,484.1,121.03,64.0, sdumont6165,2013869.0
747.0,4128,172,1436901.0,164960.0,155839.0,1611132.0,2273.28,4300.8,2273.28,4300.8,1.0,0,0.0,0.0,1000bs-4n-6th-198574s-DENV_2-colombia-BVBRC_genome_sequence,sequana_cpu_dev,4,11372852.0,1000,1,6,198574,DENV_2-colombia-BVBRC_genome_sequence,50946.06,26858.58,77804.64,298.76,157.5,456.27,114.07,170.5, sdumont6165,13382398.08
482.0,2640,110,1379916.0,151380.0,147503.0,1382972.0,1771.52,4321.28,1771.52,4321.28,1.0,0,1.0,2.0,1000bs-4n-6th-198574s-DENV_2-colombia-BVBRC_genome_sequence,sequana_cpu_dev,4,11372853.0,1000,1,6,198574,DENV_2-colombia-BVBRC_genome_sequence,34674.27,17634.77,52309.05,318.11,161.79,479.9,119.97,109.0, sdumont6165,5753995.5
329.0,1752,73,1381233.0,153444.0,148036.0,1388304.0,1525.76,4311.04,1546.24,4321.28,1.0,0,0.0,1.0,1000bs-4n-6th-198574s-DENV_2-colombia-BVBRC_genome_sequence,sequana_cpu_dev,4,11372854.0,1000,1,6,198574,DENV_2-colombia-BVBRC_genome_sequence,23239.37,11481.29,34720.66,322.77,159.46,482.23,120.56,72.0, sdumont6165,2534608.18
0.0,576,12,265348.0,1036.0,1034.0,265348.0,0.0,0.0,0.0,0.0,1.0,0,0.0,0.0,100bs-4n-12th-198574s-DENV_2-colombia-BVBRC_genome_sequence,sequana_cpu_dev,4,11372855.0,100,1,12,198574,DENV_2-colombia-BVBRC_genome_sequence,3170.62,1587.43,4758.06,288.24,144.31,432.55,108.14,11.0, sdumont6165,57096.72
0.0,480,10,265348.0,1036.0,1035.0,265348.0,0.0,0.0,0.0,0.0,1.0,0,0.0,0.0,100bs-4n-12th-198574s-DENV_2-colombia-BVBRC_genome_sequence,sequana_cpu_dev,4,11372856.0,100,1,12,198574,DENV_2-colombia-BVBRC_genome_sequence,2784.39,1273.09,4057.48,309.38,141.45,450.83,112.71,9.0, sdumont6165,40574.8
0.0,384,8,265348.0,3112.0,1555.0,265348.0,0.0,0.0,0.0,0.0,1.0,0,0.0,0.0,100bs-4n-12th-198574s-DENV_2-colombia-BVBRC_genome_sequence,sequana_cpu_dev,4,11372857.0,100,1,12,198574,DENV_2-colombia-BVBRC_genome_sequence,1603.02,673.96,2276.98,267.17,112.33,379.5,94.87,6.0, sdumont6165,18215.84
0.0,960,20,265348.0,3188.0,1574.0,265348.0,0.0,0.0,0.0,0.0,1.0,0,0.0,0.0,100bs-4n-12th-198574s-DENV_2-colombia-BVBRC_genome_sequence,sequana_cpu_dev,4,11372858.0,100,1,12,198574,DENV_2-colombia-BVBRC_genome_sequence,6908.84,2749.45,9658.29,363.62,144.71,508.33,127.08,19.0, sdumont6165,193165.8
0.0,384,8,265348.0,3180.0,1571.0,265348.0,0.0,0.0,0.0,0.0,1.0,0,0.0,0.0,100bs-4n-12th-198574s-DENV_2-colombia-BVBRC_genome_sequence,sequana_cpu_dev,4,11372859.0,100,1,12,198574,DENV_2-colombia-BVBRC_genome_sequence,2588.8,1018.64,3607.45,369.83,145.52,515.35,128.84,7.0, sdumont6165,28859.6
687.0,4128,86,1785317.0,157640.0,150849.0,1788520.0,1525.76,4321.28,1536.0,4331.52,1.0,0,6.0,11.0,1000bs-4n-12th-198574s-DENV_2-colombia-BVBRC_genome_sequence,sequana_cpu_dev,4,11372860.0,1000,1,12,198574,DENV_2-colombia-BVBRC_genome_sequence,32923.16,12431.14,45354.29,422.65,159.82,582.47,145.62,77.75, sdumont6165,3900468.94
685.0,3072,64,1785317.0,153964.0,148462.0,1788360.0,1536.0,4331.52,1536.0,4331.52,1.0,0,20.0,66.0,1000bs-4n-12th-198574s-DENV_2-colombia-BVBRC_genome_sequence,sequana_cpu_dev,4,11372861.0,1000,1,12,198574,DENV_2-colombia-BVBRC_genome_sequence,25937.91,9943.41,35881.32,411.71,157.83,569.54,142.39,63.0, sdumont6165,2296404.48
347.0,2688,56,1785279.0,151732.0,147719.0,1788344.0,1310.72,4280.32,1310.72,4290.56,1.0,0,3.0,6.0,1000bs-4n-12th-198574s-DENV_2-colombia-BVBRC_genome_sequence,sequana_cpu_dev,4,11372862.0,1000,1,12,198574,DENV_2-colombia-BVBRC_genome_sequence,22221.03,8573.71,30794.74,419.26,161.77,581.03,145.26,53.0, sdumont6165,1724505.4400000002
691.0,3024,63,1785281.0,157920.0,154420.0,1788372.0,1536.0,4331.52,1536.0,4331.52,1.0,0,7.0,9.0,1000bs-4n-12th-198574s-DENV_2-colombia-BVBRC_genome_sequence,sequana_cpu_dev,4,11372863.0,1000,1,12,198574,DENV_2-colombia-BVBRC_genome_sequence,25876.51,9888.32,35764.84,417.36,159.49,576.85,144.21,62.0, sdumont6165,2253184.92
346.0,2544,53,1785265.0,152044.0,150201.0,1788344.0,1310.72,4280.32,1310.72,4280.32,1.0,0,5.0,6.0,1000bs-4n-12th-198574s-DENV_2-colombia-BVBRC_genome_sequence,sequana_cpu_dev,4,11372864.0,1000,1,12,198574,DENV_2-colombia-BVBRC_genome_sequence,21205.23,8190.63,29395.85,407.79,157.51,565.3,141.33,52.0, sdumont6165,1557980.0499999998
0.0,1080,15,265348.0,1040.0,1037.0,265348.0,0.0,0.0,0.0,0.0,1.0,0,0.0,0.0,100bs-4n-18th-198574s-DENV_2-colombia-BVBRC_genome_sequence,sequana_cpu_dev,4,11372865.0,100,1,18,198574,DENV_2-colombia-BVBRC_genome_sequence,4996.27,1772.75,6769.02,416.36,147.73,564.09,141.02,12.0, sdumont6165,101535.3
0.0,504,7,265348.0,3152.0,2079.0,265348.0,0.0,0.0,0.0,0.0,1.0,0,0.0,0.0,100bs-4n-18th-198574s-DENV_2-colombia-BVBRC_genome_sequence,sequana_cpu_dev,4,11372866.0,100,1,18,198574,DENV_2-colombia-BVBRC_genome_sequence,1761.3,695.05,2456.35,293.55,115.84,409.39,102.35,6.0, sdumont6165,17194.45
0.0,504,7,265348.0,3140.0,1561.0,265348.0,0.0,0.0,0.0,0.0,1.0,0,0.0,0.0,100bs-4n-18th-198574s-DENV_2-colombia-BVBRC_genome_sequence,sequana_cpu_dev,4,11372867.0,100,1,18,198574,DENV_2-colombia-BVBRC_genome_sequence,1741.04,682.52,2423.56,290.17,113.75,403.93,100.98,6.0, sdumont6165,16964.92
0.0,1728,24,265348.0,1032.0,1032.0,265348.0,0.0,0.0,0.0,0.0,1.0,0,0.0,0.0,100bs-4n-18th-198574s-DENV_2-colombia-BVBRC_genome_sequence,sequana_cpu_dev,4,11372868.0,100,1,18,198574,DENV_2-colombia-BVBRC_genome_sequence,9960.64,3503.33,13463.97,433.07,152.32,585.39,146.35,23.0, sdumont6165,323135.28
0.0,504,7,265348.0,1036.0,1035.0,265348.0,0.0,0.0,0.0,0.0,1.0,0,0.0,0.0,100bs-4n-18th-198574s-DENV_2-colombia-BVBRC_genome_sequence,sequana_cpu_dev,4,11372869.0,100,1,18,198574,DENV_2-colombia-BVBRC_genome_sequence,1733.69,679.41,2413.11,288.95,113.24,402.18,100.55,6.0, sdumont6165,16891.77
989.0,6336,88,2190793.0,152128.0,149089.0,2193780.0,1525.76,4290.56,1546.24,4300.8,1.0,0,12.0,21.0,1000bs-4n-18th-198574s-DENV_2-colombia-BVBRC_genome_sequence,sequana_cpu_dev,4,11372870.0,1000,1,18,198574,DENV_2-colombia-BVBRC_genome_sequence,37730.79,13611.49,51342.27,437.48,157.81,595.29,148.82,86.25, sdumont6165,4518119.76
523.0,3744,52,2249390.0,153652.0,150346.0,2422012.0,1300.48,4280.32,1310.72,4280.32,0.0,0,15.0,20.0,1000bs-4n-18th-198574s-DENV_2-colombia-BVBRC_genome_sequence,sequana_cpu_dev,4,11372871.0,1000,1,18,198574,DENV_2-colombia-BVBRC_genome_sequence,21309.93,8021.12,29331.05,426.2,160.42,586.62,146.66,50.0, sdumont6165,1525214.6
3024.0,15912,221,2190822.0,164084.0,156837.0,2193780.0,2498.56,4321.28,2498.56,4331.52,1.0,0,13.0,22.0,1000bs-4n-18th-198574s-DENV_2-colombia-BVBRC_genome_sequence,sequana_cpu_dev,4,11372872.0,1000,1,18,198574,DENV_2-colombia-BVBRC_genome_sequence,90524.57,31450.44,121975.0,461.86,160.46,622.32,155.58,196.0, sdumont6165,26956475.0
1049.0,5400,75,2190905.0,156304.0,150344.0,2193928.0,1515.52,4331.52,1536.0,4331.52,1.0,0,12.0,15.0,1000bs-4n-18th-198574s-DENV_2-colombia-BVBRC_genome_sequence,sequana_cpu_dev,4,11372873.0,1000,1,18,198574,DENV_2-colombia-BVBRC_genome_sequence,31301.1,11296.44,42597.54,447.16,161.38,608.54,152.13,70.0, sdumont6165,3194815.5
1040.0,5688,79,2190794.0,156240.0,150253.0,2193780.0,1515.52,4311.04,1536.0,4321.28,1.0,0,12.0,16.0,1000bs-4n-18th-198574s-DENV_2-colombia-BVBRC_genome_sequence,sequana_cpu_dev,4,11372874.0,1000,1,18,198574,DENV_2-colombia-BVBRC_genome_sequence,34371.98,12317.28,46689.27,445.0,159.45,604.45,151.11,77.25, sdumont6165,3688452.33
0.0,768,8,265348.0,3252.0,2125.0,265348.0,0.0,0.0,0.0,0.0,1.0,0,0.0,0.0,100bs-4n-24th-198574s-DENV_2-colombia-BVBRC_genome_sequence,sequana_cpu_dev,4,11372875.0,100,1,24,198574,DENV_2-colombia-BVBRC_genome_sequence,3023.13,1051.97,4075.1,431.88,150.28,582.16,145.54,7.0, sdumont6165,32600.8
0.0,864,9,265348.0,3244.0,2667.0,265348.0,0.0,0.0,0.0,0.0,1.0,0,0.0,0.0,100bs-4n-24th-198574s-DENV_2-colombia-BVBRC_genome_sequence,sequana_cpu_dev,4,11372876.0,100,1,24,198574,DENV_2-colombia-BVBRC_genome_sequence,2801.27,1007.88,3809.16,350.16,125.99,476.14,119.04,8.0, sdumont6165,34282.44
0.0,1152,12,265348.0,3204.0,2115.0,265348.0,0.0,0.0,0.0,0.0,1.0,0,0.0,0.0,100bs-4n-24th-198574s-DENV_2-colombia-BVBRC_genome_sequence,sequana_cpu_dev,4,11372877.0,100,1,24,198574,DENV_2-colombia-BVBRC_genome_sequence,5083.71,1687.15,6770.86,462.16,153.38,615.53,153.88,11.0, sdumont6165,81250.31999999999
0.0,768,8,265348.0,3184.0,1572.0,265348.0,0.0,0.0,0.0,0.0,1.0,0,0.0,0.0,100bs-4n-24th-198574s-DENV_2-colombia-BVBRC_genome_sequence,sequana_cpu_dev,4,11372878.0,100,1,24,198574,DENV_2-colombia-BVBRC_genome_sequence,1940.35,697.12,2637.47,301.03,107.59,408.62,102.15,6.5, sdumont6165,21099.76
0.0,768,8,265348.0,3288.0,2149.0,265348.0,0.0,0.0,0.0,0.0,1.0,0,0.0,0.0,100bs-4n-24th-198574s-DENV_2-colombia-BVBRC_genome_sequence,sequana_cpu_dev,4,11372879.0,100,1,24,198574,DENV_2-colombia-BVBRC_genome_sequence,2772.28,958.36,3730.63,396.04,136.91,532.95,133.24,7.0, sdumont6165,29845.04
1403.0,6336,66,2596380.0,158580.0,151700.0,2599320.0,1536.0,4321.28,1536.0,4331.52,1.0,0,22.0,27.0,1000bs-4n-24th-198574s-DENV_2-colombia-BVBRC_genome_sequence,sequana_cpu_dev,4,11372880.0,1000,1,24,198574,DENV_2-colombia-BVBRC_genome_sequence,31812.79,10648.76,42461.55,489.43,163.83,653.25,163.31,65.0, sdumont6165,2802462.3000000003
5401.0,26016,271,2596344.0,160732.0,157139.0,2599320.0,2908.16,4331.52,2979.84,4331.52,1.0,0,16.0,22.0,1000bs-4n-24th-198574s-DENV_2-colombia-BVBRC_genome_sequence,sequana_cpu_dev,4,11372881.0,1000,1,24,198574,DENV_2-colombia-BVBRC_genome_sequence,137051.29,43185.92,180237.21,509.01,160.41,669.42,167.36,269.25, sdumont6165,48844283.91
4087.0,19968,208,2596343.0,162720.0,155123.0,2599320.0,2498.56,4300.8,2498.56,4300.8,2.0,0,20.0,27.0,1000bs-4n-24th-198574s-DENV_2-colombia-BVBRC_genome_sequence,sequana_cpu_dev,4,11372883.0,1000,1,24,198574,DENV_2-colombia-BVBRC_genome_sequence,105549.77,33388.62,138938.39,509.9,161.3,671.2,167.8,207.0, sdumont6165,28899185.120000005
1409.0,6432,67,2596380.0,154720.0,150184.0,2599456.0,1587.2,4403.2,1792.0,4608.0,3.0,0,25.0,65.0,1000bs-4n-24th-198574s-DENV_2-colombia-BVBRC_genome_sequence,sequana_cpu_dev,4,11372884.0,1000,1,24,198574,DENV_2-colombia-BVBRC_genome_sequence,30716.21,10362.15,41078.35,483.79,163.08,646.87,161.72,63.5, sdumont6165,2752249.45
2006.0,10368,108,2596380.0,156652.0,152737.0,2599468.0,1771.52,4321.28,1771.52,4321.28,4.0,0,51.0,128.0,1000bs-4n-24th-198574s-DENV_2-colombia-BVBRC_genome_sequence,sequana_cpu_dev,4,11372885.0,1000,1,24,198574,DENV_2-colombia-BVBRC_genome_sequence,52459.34,17419.56,69878.9,494.9,164.34,659.23,164.81,106.0, sdumont6165,7546921.199999999
0.0,1440,12,265348.0,3152.0,3090.0,265348.0,0.0,0.0,0.0,0.0,1.0,0,0.0,0.0,100bs-4n-30th-198574s-DENV_2-colombia-BVBRC_genome_sequence,sequana_cpu_dev,4,11372886.0,100,1,30,198574,DENV_2-colombia-BVBRC_genome_sequence,3225.39,2256.14,5481.53,358.38,250.68,609.06,152.26,9.0, sdumont6165,65778.36
0.0,1200,10,265348.0,3128.0,1560.0,265348.0,0.0,0.0,0.0,0.0,1.0,0,0.0,0.0,100bs-4n-30th-198574s-DENV_2-colombia-BVBRC_genome_sequence,sequana_cpu_dev,4,11372887.0,100,1,30,198574,DENV_2-colombia-BVBRC_genome_sequence,2888.2,2019.81,4908.01,320.91,224.42,545.33,136.33,9.0, sdumont6165,49080.100000000006
0.0,2280,19,265348.0,3156.0,2071.0,265348.0,0.0,0.0,0.0,0.0,1.0,0,0.0,0.0,100bs-4n-30th-198574s-DENV_2-colombia-BVBRC_genome_sequence,sequana_cpu_dev,4,11372888.0,100,1,30,198574,DENV_2-colombia-BVBRC_genome_sequence,7503.62,4902.24,12405.86,468.98,306.39,775.37,193.84,16.0, sdumont6165,235711.34000000003
0.0,1440,12,265348.0,3172.0,2081.0,265348.0,0.0,0.0,0.0,0.0,1.0,0,0.0,0.0,100bs-4n-30th-198574s-DENV_2-colombia-BVBRC_genome_sequence,sequana_cpu_dev,4,11372889.0,100,1,30,198574,DENV_2-colombia-BVBRC_genome_sequence,3965.52,2696.71,6662.23,387.68,263.78,651.46,162.86,10.25, sdumont6165,79946.76
0.0,1680,14,265348.0,3132.0,2578.0,265348.0,0.0,0.0,0.0,0.0,3.0,0,0.0,0.0,100bs-4n-30th-198574s-DENV_2-colombia-BVBRC_genome_sequence,sequana_cpu_dev,4,11372890.0,100,1,30,198574,DENV_2-colombia-BVBRC_genome_sequence,5215.72,3516.58,8732.29,408.97,275.69,684.66,171.16,12.75, sdumont6165,122252.06
6950.0,32520,271,3113366.0,162916.0,158072.0,3227692.0,2867.2,4341.76,2918.4,4341.76,1.0,0,21.0,49.0,1000bs-4n-30th-198574s-DENV_2-colombia-BVBRC_genome_sequence,sequana_cpu_dev,4,11372891.0,1000,1,30,198574,DENV_2-colombia-BVBRC_genome_sequence,137481.47,87949.84,225431.32,511.08,326.95,838.03,209.51,269.0, sdumont6165,61091887.72
2641.0,11520,96,3001970.0,156992.0,152296.0,3005028.0,1720.32,4331.52,1740.8,4331.52,1.0,0,25.0,30.0,1000bs-4n-30th-198574s-DENV_2-colombia-BVBRC_genome_sequence,sequana_cpu_dev,4,11372892.0,1000,1,30,198574,DENV_2-colombia-BVBRC_genome_sequence,44967.93,30432.46,75400.39,478.38,323.75,802.13,200.53,94.0, sdumont6165,7238437.439999999
2631.0,14040,117,3057663.0,157188.0,151928.0,3227840.0,1720.32,4321.28,1761.28,4321.28,1.0,0,24.0,45.0,1000bs-4n-30th-198574s-DENV_2-colombia-BVBRC_genome_sequence,sequana_cpu_dev,4,11372893.0,1000,1,30,198574,DENV_2-colombia-BVBRC_genome_sequence,56510.17,37480.8,93990.97,490.35,325.18,815.53,203.88,115.25, sdumont6165,10996943.49
2647.0,11520,96,3003285.0,158884.0,153340.0,3010416.0,1740.8,4331.52,1751.04,4331.52,1.0,0,21.0,30.0,1000bs-4n-30th-198574s-DENV_2-colombia-BVBRC_genome_sequence,sequana_cpu_dev,4,11372894.0,1000,1,30,198574,DENV_2-colombia-BVBRC_genome_sequence,45322.31,30768.21,76090.52,480.92,326.48,807.4,201.85,94.25, sdumont6165,7304689.92
2647.0,11520,96,3060455.0,159188.0,152409.0,3233112.0,1740.8,4331.52,1740.8,4331.52,1.0,0,18.0,25.0,1000bs-4n-30th-198574s-DENV_2-colombia-BVBRC_genome_sequence,sequana_cpu_dev,4,11372895.0,1000,1,30,198574,DENV_2-colombia-BVBRC_genome_sequence,45508.42,30627.79,76136.21,480.27,323.24,803.5,200.88,94.75, sdumont6165,7309076.16
1020.0,7056,49,3408871.0,155316.0,151472.0,3416116.0,1300.48,4218.88,1310.72,4218.88,1.0,0,28.0,44.0,100bs-4n-36th-198574s-DENV_2-colombia-BVBRC_genome_sequence,sequana_cpu_dev,4,11372896.0,100,1,36,198574,DENV_2-colombia-BVBRC_genome_sequence,23822.69,21207.55,45030.24,512.49,456.23,968.72,242.18,46.5, sdumont6165,2206481.76
0.0,2736,19,265348.0,3152.0,2616.0,265348.0,0.0,0.0,0.0,0.0,1.0,0,0.0,0.0,100bs-4n-36th-198574s-DENV_2-colombia-BVBRC_genome_sequence,sequana_cpu_dev,4,11372897.0,100,1,36,198574,DENV_2-colombia-BVBRC_genome_sequence,7300.11,6391.3,13691.41,456.26,399.46,855.71,213.93,16.0, sdumont6165,260136.79
0.0,1584,11,265348.0,3148.0,2604.0,265348.0,0.0,0.0,0.0,0.0,1.0,0,0.0,0.0,100bs-4n-36th-198574s-DENV_2-colombia-BVBRC_genome_sequence,sequana_cpu_dev,4,11372898.0,100,1,36,198574,DENV_2-colombia-BVBRC_genome_sequence,3895.01,3389.1,7284.11,389.5,338.91,728.41,182.1,10.0, sdumont6165,80125.20999999999
1012.0,5760,40,3353129.0,155144.0,152256.0,3410408.0,1300.48,4218.88,1310.72,4218.88,1.0,0,26.0,39.0,100bs-4n-36th-198574s-DENV_2-colombia-BVBRC_genome_sequence,sequana_cpu_dev,4,11372899.0,100,1,36,198574,DENV_2-colombia-BVBRC_genome_sequence,18427.38,16442.41,34869.79,481.89,430.0,911.89,227.97,38.25, sdumont6165,1394791.6
0.0,2448,17,265348.0,3128.0,2570.0,265348.0,0.0,0.0,0.0,0.0,1.0,0,0.0,0.0,100bs-4n-36th-198574s-DENV_2-colombia-BVBRC_genome_sequence,sequana_cpu_dev,4,11372900.0,100,1,36,198574,DENV_2-colombia-BVBRC_genome_sequence,6798.97,5942.44,12741.41,424.94,371.4,796.34,199.08,16.0, sdumont6165,216603.97
12336.0,53280,370,3407526.0,165840.0,159964.0,3410532.0,3819.52,4352.0,3840.0,4352.0,1.0,0,24.0,36.0,1000bs-4n-36th-198574s-DENV_2-colombia-BVBRC_genome_sequence,sequana_cpu_dev,4,11372901.0,1000,1,36,198574,DENV_2-colombia-BVBRC_genome_sequence,185695.73,165880.48,351576.22,505.98,451.99,957.97,239.49,367.0, sdumont6165,130083201.4
4105.0,18576,129,3407562.0,162356.0,158035.0,3410532.0,1914.88,4331.52,1955.84,4341.76,1.0,0,26.0,49.0,1000bs-4n-36th-198574s-DENV_2-colombia-BVBRC_genome_sequence,sequana_cpu_dev,4,11372902.0,1000,1,36,198574,DENV_2-colombia-BVBRC_genome_sequence,60367.58,52894.52,113262.1,479.11,419.8,898.91,224.73,126.0, sdumont6165,14610810.9
9458.0,39744,276,3521639.0,162428.0,158283.0,3638616.0,3072.0,4341.76,3133.44,4341.76,1.0,0,25.0,35.0,1000bs-4n-36th-198574s-DENV_2-colombia-BVBRC_genome_sequence,sequana_cpu_dev,4,11372903.0,1000,1,36,198574,DENV_2-colombia-BVBRC_genome_sequence,140028.29,124718.23,264746.52,509.65,453.95,963.6,240.9,274.75, sdumont6165,73070039.52000001
3174.0,14544,101,3407525.0,161808.0,154753.0,3410528.0,1720.32,4321.28,1740.8,4331.52,1.0,0,17.0,19.0,1000bs-4n-36th-198574s-DENV_2-colombia-BVBRC_genome_sequence,sequana_cpu_dev,4,11372905.0,1000,1,36,198574,DENV_2-colombia-BVBRC_genome_sequence,47432.84,41395.87,88828.72,474.33,413.96,888.29,222.07,100.0, sdumont6165,8971700.72
3163.0,16128,112,3407596.0,159748.0,153315.0,3410660.0,1730.56,4311.04,1740.8,4321.28,1.0,0,28.0,44.0,1000bs-4n-36th-198574s-DENV_2-colombia-BVBRC_genome_sequence,sequana_cpu_dev,4,11372906.0,1000,1,36,198574,DENV_2-colombia-BVBRC_genome_sequence,52121.67,45520.4,97642.06,478.18,417.62,895.8,223.95,109.0, sdumont6165,10935910.72
0.0,1680,10,265348.0,3192.0,3153.0,265348.0,0.0,0.0,0.0,0.0,1.0,0,0.0,0.0,100bs-4n-42th-198574s-DENV_2-colombia-BVBRC_genome_sequence,sequana_cpu_dev,4,11372907.0,100,1,42,198574,DENV_2-colombia-BVBRC_genome_sequence,2961.52,2713.64,5675.17,360.13,329.84,689.97,172.49,8.25, sdumont6165,56751.7
0.0,2520,15,265348.0,3248.0,3155.0,265348.0,0.0,0.0,0.0,0.0,1.0,0,0.0,0.0,100bs-4n-42th-198574s-DENV_2-colombia-BVBRC_genome_sequence,sequana_cpu_dev,4,11372908.0,100,1,42,198574,DENV_2-colombia-BVBRC_genome_sequence,5804.22,5382.75,11186.97,438.91,406.93,845.84,211.46,13.25, sdumont6165,167804.55
1044.0,9072,54,3813029.0,153060.0,151738.0,3816104.0,1300.48,4208.64,1310.72,4208.64,1.0,0,32.0,51.0,100bs-4n-42th-198574s-DENV_2-colombia-BVBRC_genome_sequence,sequana_cpu_dev,4,11372909.0,100,1,42,198574,DENV_2-colombia-BVBRC_genome_sequence,24073.84,22930.03,47003.87,469.85,447.48,917.33,229.33,51.25, sdumont6165,2538208.98
0.0,2184,13,265348.0,3244.0,2119.0,265348.0,0.0,0.0,0.0,0.0,1.0,0,0.0,0.0,100bs-4n-42th-198574s-DENV_2-colombia-BVBRC_genome_sequence,sequana_cpu_dev,4,11372910.0,100,1,42,198574,DENV_2-colombia-BVBRC_genome_sequence,4984.98,4621.8,9606.78,444.34,411.94,856.27,214.07,11.25, sdumont6165,124888.14
0.0,3360,20,265348.0,3172.0,2088.0,265348.0,0.0,0.0,0.0,0.0,1.0,0,0.0,0.0,100bs-4n-42th-198574s-DENV_2-colombia-BVBRC_genome_sequence,sequana_cpu_dev,4,11372911.0,100,1,42,198574,DENV_2-colombia-BVBRC_genome_sequence,7685.61,7236.51,14922.11,421.68,396.95,818.63,204.66,18.25, sdumont6165,298442.2
2462.0,15288,91,3813001.0,161892.0,156470.0,3816084.0,1740.8,4331.52,1832.96,4352.0,1.0,0,6.0,43.0,1000bs-4n-42th-198574s-DENV_2-colombia-BVBRC_genome_sequence,sequana_cpu_dev,4,11372912.0,1000,1,42,198574,DENV_2-colombia-BVBRC_genome_sequence,40241.12,36804.21,77045.33,466.62,426.74,893.36,223.34,86.25, sdumont6165,7011125.03
11069.0,50232,299,3815738.0,163704.0,159763.0,3821496.0,3123.2,4341.76,3123.2,4341.76,1.0,0,29.0,54.0,1000bs-4n-42th-198574s-DENV_2-colombia-BVBRC_genome_sequence,sequana_cpu_dev,4,11372913.0,1000,1,42,198574,DENV_2-colombia-BVBRC_genome_sequence,151748.61,144107.56,295856.17,510.52,484.81,995.34,248.83,297.25, sdumont6165,88460994.83
4942.0,22680,135,3812995.0,164096.0,157916.0,3816084.0,1955.84,4331.52,1966.08,4331.52,1.0,0,31.0,42.0,1000bs-4n-42th-198574s-DENV_2-colombia-BVBRC_genome_sequence,sequana_cpu_dev,4,11372915.0,1000,1,42,198574,DENV_2-colombia-BVBRC_genome_sequence,65455.96,60882.84,126338.8,491.26,456.92,948.18,237.05,133.25, sdumont6165,17055738.0
3721.0,15960,95,3814422.0,165660.0,159871.0,3816084.0,1751.04,4352.0,1802.24,4403.2,1.0,0,23.0,30.0,1000bs-4n-42th-198574s-DENV_2-colombia-BVBRC_genome_sequence,sequana_cpu_dev,4,11372916.0,1000,1,42,198574,DENV_2-colombia-BVBRC_genome_sequence,43782.54,40166.05,83948.59,469.56,430.75,900.31,225.08,93.25, sdumont6165,7975116.05
3708.0,16968,101,3813038.0,157956.0,154106.0,3816084.0,1730.56,4331.52,1730.56,4331.52,1.0,0,30.0,34.0,1000bs-4n-42th-198574s-DENV_2-colombia-BVBRC_genome_sequence,sequana_cpu_dev,4,11372917.0,1000,1,42,198574,DENV_2-colombia-BVBRC_genome_sequence,46852.81,43189.2,90042.01,476.9,439.59,916.49,229.12,98.25, sdumont6165,9094243.01
0.0,2880,15,265348.0,3160.0,2095.0,265348.0,0.0,0.0,0.0,0.0,1.0,0,0.0,0.0,100bs-4n-48th-198574s-DENV_2-colombia-BVBRC_genome_sequence,sequana_cpu_dev,4,11372918.0,100,1,48,198574,DENV_2-colombia-BVBRC_genome_sequence,5924.02,6017.83,11941.85,455.69,462.91,918.6,229.65,13.0, sdumont6165,179127.75
0.0,2496,13,265348.0,3128.0,3121.0,265348.0,0.0,0.0,0.0,0.0,1.0,0,0.0,0.0,100bs-4n-48th-198574s-DENV_2-colombia-BVBRC_genome_sequence,sequana_cpu_dev,4,11372919.0,100,1,48,198574,DENV_2-colombia-BVBRC_genome_sequence,4887.81,4961.08,9848.89,435.54,441.87,877.41,219.35,11.25, sdumont6165,128035.57
0.0,2304,12,265348.0,3176.0,2623.0,265348.0,0.0,0.0,0.0,0.0,1.0,0,0.0,0.0,100bs-4n-48th-198574s-DENV_2-colombia-BVBRC_genome_sequence,sequana_cpu_dev,4,11372921.0,100,1,48,198574,DENV_2-colombia-BVBRC_genome_sequence,4889.03,4952.45,9841.47,488.9,495.24,984.15,246.04,10.0, sdumont6165,118097.63999999998
0.0,3840,20,265348.0,3176.0,3150.0,265348.0,0.0,0.0,0.0,0.0,1.0,0,0.0,0.0,100bs-4n-48th-198574s-DENV_2-colombia-BVBRC_genome_sequence,sequana_cpu_dev,4,11372922.0,100,1,48,198574,DENV_2-colombia-BVBRC_genome_sequence,7712.23,7810.05,15522.28,447.84,453.02,900.86,225.22,17.25, sdumont6165,310445.60000000003
0.0,2688,14,265348.0,3240.0,2117.0,265348.0,0.0,0.0,0.0,0.0,1.0,0,0.0,0.0,100bs-4n-48th-198574s-DENV_2-colombia-BVBRC_genome_sequence,sequana_cpu_dev,4,11372923.0,100,1,48,198574,DENV_2-colombia-BVBRC_genome_sequence,4790.18,4869.91,9660.09,419.52,426.14,845.67,211.42,11.5, sdumont6165,135241.26
5663.0,23616,123,4275640.0,170220.0,162497.0,4449844.0,1996.8,4372.48,2109.44,4474.88,1.0,0,35.0,44.0,1000bs-4n-48th-198574s-DENV_2-colombia-BVBRC_genome_sequence,sequana_cpu_dev,4,11372924.0,1000,1,48,198574,DENV_2-colombia-BVBRC_genome_sequence,57929.96,58937.55,116867.51,481.77,490.08,971.85,242.96,120.25, sdumont6165,14374703.73
4242.0,22656,118,4331308.0,164644.0,159927.0,4449860.0,1740.8,4311.04,1761.28,4311.04,1.0,0,41.0,51.0,1000bs-4n-48th-198574s-DENV_2-colombia-BVBRC_genome_sequence,sequana_cpu_dev,4,11372925.0,1000,1,48,198574,DENV_2-colombia-BVBRC_genome_sequence,54564.43,55590.71,110155.14,474.47,483.4,957.87,239.47,115.0, sdumont6165,12998306.52
4242.0,21696,113,4274244.0,168824.0,159475.0,4444276.0,1751.04,4321.28,1761.28,4331.52,1.0,0,37.0,51.0,1000bs-4n-48th-198574s-DENV_2-colombia-BVBRC_genome_sequence,sequana_cpu_dev,4,11372926.0,1000,1,48,198574,DENV_2-colombia-BVBRC_genome_sequence,52900.0,53574.59,106474.58,476.58,482.65,959.23,239.81,111.0, sdumont6165,12031627.54
4236.0,22080,115,4219900.0,158696.0,154963.0,4221480.0,1740.8,4321.28,1761.28,4331.52,1.0,0,39.0,54.0,1000bs-4n-48th-198574s-DENV_2-colombia-BVBRC_genome_sequence,sequana_cpu_dev,4,11372927.0,1000,1,48,198574,DENV_2-colombia-BVBRC_genome_sequence,54085.18,54938.6,109023.78,478.63,486.18,964.81,241.2,113.0, sdumont6165,12537734.7
9874.0,45888,239,4218548.0,168624.0,162619.0,4221612.0,2703.36,4331.52,2713.6,4341.76,1.0,0,46.0,68.0,1000bs-4n-48th-198574s-DENV_2-colombia-BVBRC_genome_sequence,sequana_cpu_dev,4,11372928.0,1000,1,48,198574,DENV_2-colombia-BVBRC_genome_sequence,121762.49,123180.17,244942.66,513.77,519.75,1033.51,258.38,237.0, sdumont6165,58541295.74
58.0,110,55,1100800.0,139260.0,139260.0,1100800.0,1341.44,4239.36,1341.44,4239.36,1.0,0,0.0,0.0,100bs-1n-2th-242689s-DENV_2-mexico-BVBRC_genome_sequence,sequana_cpu_dev,1,11372929.0,100,1,2,242689,DENV_2-mexico-BVBRC_genome_sequence,2661.24,1896.88,4558.12,52.18,37.19,89.37,89.37,51.0, sdumont6165,250696.6
58.0,102,51,1100804.0,141512.0,141512.0,1100804.0,1372.16,4239.36,1372.16,4239.36,1.0,0,0.0,0.0,100bs-1n-2th-242689s-DENV_2-mexico-BVBRC_genome_sequence,sequana_cpu_dev,1,11372930.0,100,1,2,242689,DENV_2-mexico-BVBRC_genome_sequence,2843.03,1996.83,4839.86,55.75,39.15,94.9,94.9,51.0, sdumont6165,246832.86
59.0,110,55,1100952.0,139552.0,139552.0,1100952.0,1372.16,4239.36,1372.16,4239.36,1.0,0,0.0,0.0,100bs-1n-2th-242689s-DENV_2-mexico-BVBRC_genome_sequence,sequana_cpu_dev,1,11372931.0,100,1,2,242689,DENV_2-mexico-BVBRC_genome_sequence,3008.88,2129.87,5138.75,54.71,38.72,93.43,93.43,55.0, sdumont6165,282631.25
58.0,104,52,1100948.0,143548.0,143548.0,1100948.0,1372.16,4239.36,1372.16,4239.36,1.0,0,0.0,0.0,100bs-1n-2th-242689s-DENV_2-mexico-BVBRC_genome_sequence,sequana_cpu_dev,1,11372932.0,100,1,2,242689,DENV_2-mexico-BVBRC_genome_sequence,2936.73,2053.89,4990.62,57.58,40.27,97.86,97.86,51.0, sdumont6165,259512.24
59.0,104,52,1100800.0,139244.0,139244.0,1100800.0,1372.16,4239.36,1372.16,4239.36,1.0,0,0.0,0.0,100bs-1n-2th-242689s-DENV_2-mexico-BVBRC_genome_sequence,sequana_cpu_dev,1,11372933.0,100,1,2,242689,DENV_2-mexico-BVBRC_genome_sequence,2835.4,1982.7,4818.1,55.6,38.88,94.47,94.47,51.0, sdumont6165,250541.2
1018.0,1110,555,1100920.0,145616.0,145616.0,1100920.0,5130.24,4771.84,5130.24,4771.84,1.0,0,0.0,0.0,1000bs-1n-2th-242689s-DENV_2-mexico-BVBRC_genome_sequence,sequana_cpu_dev,1,11372934.0,1000,1,2,242689,DENV_2-mexico-BVBRC_genome_sequence,31695.66,22350.01,54045.68,57.21,40.34,97.56,97.56,554.0, sdumont6165,29995352.4
1014.0,1122,561,1100796.0,145608.0,145608.0,1100796.0,5130.24,4761.6,5130.24,4761.6,1.0,0,0.0,0.0,1000bs-1n-2th-242689s-DENV_2-mexico-BVBRC_genome_sequence,sequana_cpu_dev,1,11372935.0,1000,1,2,242689,DENV_2-mexico-BVBRC_genome_sequence,31968.32,22653.31,54621.63,57.09,40.45,97.54,97.54,560.0, sdumont6165,30642734.43
999.0,1034,517,1106480.0,145652.0,145652.0,1106480.0,4853.76,4771.84,4853.76,4771.84,1.0,0,0.0,0.0,1000bs-1n-2th-242689s-DENV_2-mexico-BVBRC_genome_sequence,sequana_cpu_dev,1,11372936.0,1000,1,2,242689,DENV_2-mexico-BVBRC_genome_sequence,29973.78,20932.66,50906.44,58.09,40.57,98.66,98.66,516.0, sdumont6165,26318629.48
947.0,1016,508,1106484.0,145780.0,145780.0,1106484.0,4433.92,4751.36,4433.92,4751.36,1.0,0,0.0,0.0,1000bs-1n-2th-242689s-DENV_2-mexico-BVBRC_genome_sequence,sequana_cpu_dev,1,11372937.0,1000,1,2,242689,DENV_2-mexico-BVBRC_genome_sequence,29461.65,20494.15,49955.81,58.11,40.42,98.53,98.53,507.0, sdumont6165,25377551.48
989.0,1050,525,1100920.0,143448.0,143448.0,1100920.0,4884.48,4771.84,4884.48,4771.84,1.0,0,0.0,0.0,1000bs-1n-2th-242689s-DENV_2-mexico-BVBRC_genome_sequence,sequana_cpu_dev,1,11372938.0,1000,1,2,242689,DENV_2-mexico-BVBRC_genome_sequence,30338.62,21243.38,51582.01,57.9,40.54,98.44,98.44,524.0, sdumont6165,27080555.25
0.0,162,27,265348.0,3180.0,3180.0,265348.0,0.0,0.0,0.0,0.0,1.0,0,0.0,0.0,100bs-1n-6th-242689s-DENV_2-mexico-BVBRC_genome_sequence,sequana_cpu_dev,1,11372939.0,100,1,6,242689,DENV_2-mexico-BVBRC_genome_sequence,2070.67,997.04,3067.71,79.64,38.35,117.99,117.99,26.0, sdumont6165,82828.17
0.0,162,27,265348.0,3168.0,3168.0,265348.0,0.0,0.0,0.0,0.0,1.0,0,0.0,0.0,100bs-1n-6th-242689s-DENV_2-mexico-BVBRC_genome_sequence,sequana_cpu_dev,1,11372940.0,100,1,6,242689,DENV_2-mexico-BVBRC_genome_sequence,2051.4,986.2,3037.6,78.9,37.93,116.83,116.83,26.0, sdumont6165,82015.2
0.0,180,30,265348.0,3120.0,3120.0,265348.0,0.0,0.0,0.0,0.0,1.0,0,0.0,0.0,100bs-1n-6th-242689s-DENV_2-mexico-BVBRC_genome_sequence,sequana_cpu_dev,1,11372941.0,100,1,6,242689,DENV_2-mexico-BVBRC_genome_sequence,2417.19,1181.97,3599.16,83.35,40.76,124.11,124.11,29.0, sdumont6165,107974.8
170.0,246,41,1370676.0,139540.0,139540.0,1370676.0,1372.16,4259.84,1372.16,4259.84,1.0,0,2.0,2.0,100bs-1n-6th-242689s-DENV_2-mexico-BVBRC_genome_sequence,sequana_cpu_dev,1,11372942.0,100,1,6,242689,DENV_2-mexico-BVBRC_genome_sequence,3035.07,1547.05,4582.13,77.82,39.67,117.49,117.49,39.0, sdumont6165,187867.33
0.0,168,28,265348.0,3176.0,3176.0,265348.0,0.0,0.0,0.0,0.0,1.0,0,0.0,0.0,100bs-1n-6th-242689s-DENV_2-mexico-BVBRC_genome_sequence,sequana_cpu_dev,1,11372943.0,100,1,6,242689,DENV_2-mexico-BVBRC_genome_sequence,2234.29,1077.33,3311.62,82.75,39.9,122.65,122.65,27.0, sdumont6165,92725.36
1894.0,2124,354,1370684.0,147840.0,147840.0,1370684.0,3584.0,4761.6,3584.0,4761.6,1.0,0,2.0,2.0,1000bs-1n-6th-242689s-DENV_2-mexico-BVBRC_genome_sequence,sequana_cpu_dev,1,11372944.0,1000,1,6,242689,DENV_2-mexico-BVBRC_genome_sequence,27976.06,13942.04,41918.1,81.33,40.53,121.85,121.85,344.0, sdumont6165,14839007.4
1427.0,1584,264,1370832.0,145920.0,145920.0,1370832.0,2662.4,4720.64,2662.4,4720.64,1.0,0,1.0,1.0,1000bs-1n-6th-242689s-DENV_2-mexico-BVBRC_genome_sequence,sequana_cpu_dev,1,11372945.0,1000,1,6,242689,DENV_2-mexico-BVBRC_genome_sequence,22337.41,10712.85,33050.26,84.93,40.73,125.67,125.67,263.0, sdumont6165,8725268.64
1425.0,1590,265,1593496.0,147972.0,147972.0,1593496.0,2908.16,4710.4,2908.16,4710.4,1.0,0,2.0,2.0,1000bs-1n-6th-242689s-DENV_2-mexico-BVBRC_genome_sequence,sequana_cpu_dev,1,11372946.0,1000,1,6,242689,DENV_2-mexico-BVBRC_genome_sequence,22355.36,10700.29,33055.64,84.68,40.53,125.21,125.21,264.0, sdumont6165,8759744.6
1888.0,2124,354,1370684.0,147860.0,147860.0,1370684.0,3594.24,4741.12,3594.24,4741.12,1.0,0,5.0,5.0,1000bs-1n-6th-242689s-DENV_2-mexico-BVBRC_genome_sequence,sequana_cpu_dev,1,11372947.0,1000,1,6,242689,DENV_2-mexico-BVBRC_genome_sequence,28487.75,14285.59,42773.34,80.93,40.58,121.52,121.52,352.0, sdumont6165,15141762.36
1593.0,1680,280,1370684.0,145840.0,145840.0,1370684.0,3072.0,4751.36,3072.0,4751.36,1.0,0,0.0,0.0,1000bs-1n-6th-242689s-DENV_2-mexico-BVBRC_genome_sequence,sequana_cpu_dev,1,11372948.0,1000,1,6,242689,DENV_2-mexico-BVBRC_genome_sequence,23339.07,11292.26,34631.33,83.65,40.47,124.13,124.13,279.0, sdumont6165,9696772.4
0.0,312,26,265348.0,3172.0,3172.0,265348.0,0.0,0.0,0.0,0.0,1.0,0,0.0,0.0,100bs-1n-12th-242689s-DENV_2-mexico-BVBRC_genome_sequence,sequana_cpu_dev,1,11372949.0,100,1,12,242689,DENV_2-mexico-BVBRC_genome_sequence,2535.9,1011.06,3546.96,101.44,40.44,141.88,141.88,25.0, sdumont6165,92220.96
0.0,300,25,265348.0,3120.0,3120.0,265348.0,0.0,0.0,0.0,0.0,1.0,0,0.0,0.0,100bs-1n-12th-242689s-DENV_2-mexico-BVBRC_genome_sequence,sequana_cpu_dev,1,11372950.0,100,1,12,242689,DENV_2-mexico-BVBRC_genome_sequence,2302.44,915.21,3217.65,95.93,38.13,134.07,134.07,24.0, sdumont6165,80441.25
0.0,336,28,265348.0,1036.0,1036.0,265348.0,0.0,0.0,0.0,0.0,1.0,0,0.0,0.0,100bs-1n-12th-242689s-DENV_2-mexico-BVBRC_genome_sequence,sequana_cpu_dev,1,11372951.0,100,1,12,242689,DENV_2-mexico-BVBRC_genome_sequence,2719.5,1082.05,3801.56,100.72,40.08,140.8,140.8,27.0, sdumont6165,106443.68
0.0,324,27,265348.0,1040.0,1040.0,265348.0,0.0,0.0,0.0,0.0,1.0,0,0.0,0.0,100bs-1n-12th-242689s-DENV_2-mexico-BVBRC_genome_sequence,sequana_cpu_dev,1,11372952.0,100,1,12,242689,DENV_2-mexico-BVBRC_genome_sequence,2475.7,990.04,3465.74,95.22,38.08,133.3,133.3,26.0, sdumont6165,93574.98
0.0,336,28,265348.0,1036.0,1036.0,265348.0,0.0,0.0,0.0,0.0,1.0,0,0.0,0.0,100bs-1n-12th-242689s-DENV_2-mexico-BVBRC_genome_sequence,sequana_cpu_dev,1,11372953.0,100,1,12,242689,DENV_2-mexico-BVBRC_genome_sequence,2605.62,1034.15,3639.77,96.5,38.3,134.81,134.81,27.0, sdumont6165,101913.56
2861.0,2928,244,1998900.0,152524.0,152524.0,1998900.0,2795.52,4761.6,2795.52,4761.6,1.0,0,5.0,5.0,1000bs-1n-12th-242689s-DENV_2-mexico-BVBRC_genome_sequence,sequana_cpu_dev,1,11372954.0,1000,1,12,242689,DENV_2-mexico-BVBRC_genome_sequence,25077.97,9861.8,34939.77,103.2,40.58,143.79,143.79,243.0, sdumont6165,8525303.879999999
2859.0,3000,250,1776088.0,148368.0,148368.0,1776088.0,2887.68,4741.12,2887.68,4741.12,1.0,0,9.0,9.0,1000bs-1n-12th-242689s-DENV_2-mexico-BVBRC_genome_sequence,sequana_cpu_dev,1,11372955.0,1000,1,12,242689,DENV_2-mexico-BVBRC_genome_sequence,25756.21,10149.74,35905.96,103.44,40.76,144.2,144.2,249.0, sdumont6165,8976490.0
2855.0,3048,254,1776236.0,148696.0,148696.0,1776236.0,2887.68,4741.12,2887.68,4741.12,1.0,0,5.0,5.0,1000bs-1n-12th-242689s-DENV_2-mexico-BVBRC_genome_sequence,sequana_cpu_dev,1,11372957.0,1000,1,12,242689,DENV_2-mexico-BVBRC_genome_sequence,26126.27,10302.25,36428.52,103.27,40.72,143.99,143.99,253.0, sdumont6165,9252844.08
3189.0,3372,281,2004320.0,147860.0,147860.0,2004320.0,3123.2,4751.36,3123.2,4751.36,1.0,0,3.0,3.0,1000bs-1n-12th-242689s-DENV_2-mexico-BVBRC_genome_sequence,sequana_cpu_dev,1,11372958.0,1000,1,12,242689,DENV_2-mexico-BVBRC_genome_sequence,28919.03,11405.44,40324.47,103.28,40.73,144.02,144.02,280.0, sdumont6165,11331176.07
2844.0,3132,261,1998900.0,152472.0,152472.0,1998900.0,2877.44,4720.64,2877.44,4720.64,1.0,0,7.0,7.0,1000bs-1n-12th-242689s-DENV_2-mexico-BVBRC_genome_sequence,sequana_cpu_dev,1,11372959.0,1000,1,12,242689,DENV_2-mexico-BVBRC_genome_sequence,27042.91,10597.06,37639.96,104.01,40.76,144.77,144.77,260.0, sdumont6165,9824029.56
525.0,792,44,2181604.0,142356.0,142356.0,2181604.0,1372.16,4259.84,1372.16,4259.84,1.0,0,13.0,13.0,100bs-1n-18th-242689s-DENV_2-mexico-BVBRC_genome_sequence,sequana_cpu_dev,1,11372960.0,100,1,18,242689,DENV_2-mexico-BVBRC_genome_sequence,3284.4,1265.39,4549.79,102.64,39.54,142.18,142.18,32.0, sdumont6165,200190.76
0.0,504,28,265348.0,1040.0,1040.0,265348.0,0.0,0.0,0.0,0.0,1.0,0,0.0,0.0,100bs-1n-18th-242689s-DENV_2-mexico-BVBRC_genome_sequence,sequana_cpu_dev,1,11372961.0,100,1,18,242689,DENV_2-mexico-BVBRC_genome_sequence,2814.77,1097.42,3912.2,104.25,40.65,144.9,144.9,27.0, sdumont6165,109541.6
0.0,522,29,265348.0,1036.0,1036.0,265348.0,0.0,0.0,0.0,0.0,1.0,0,0.0,0.0,100bs-1n-18th-242689s-DENV_2-mexico-BVBRC_genome_sequence,sequana_cpu_dev,1,11372962.0,100,1,18,242689,DENV_2-mexico-BVBRC_genome_sequence,2809.24,1099.93,3909.17,100.33,39.28,139.61,139.61,28.0, sdumont6165,113365.93
0.0,522,29,265348.0,1036.0,1036.0,265348.0,0.0,0.0,0.0,0.0,1.0,0,0.0,0.0,100bs-1n-18th-242689s-DENV_2-mexico-BVBRC_genome_sequence,sequana_cpu_dev,1,11372963.0,100,1,18,242689,DENV_2-mexico-BVBRC_genome_sequence,2796.16,1088.15,3884.31,99.86,38.86,138.73,138.73,28.0, sdumont6165,112644.99
523.0,738,41,2181604.0,144452.0,144452.0,2181604.0,1372.16,4259.84,1372.16,4259.84,1.0,0,9.0,9.0,100bs-1n-18th-242689s-DENV_2-mexico-BVBRC_genome_sequence,sequana_cpu_dev,1,11372964.0,100,1,18,242689,DENV_2-mexico-BVBRC_genome_sequence,4199.47,1573.26,5772.73,104.99,39.33,144.32,144.32,40.0, sdumont6165,236681.93
4822.0,5022,279,2187172.0,149080.0,149080.0,2187172.0,3102.72,4751.36,3102.72,4751.36,1.0,0,17.0,17.0,1000bs-1n-18th-242689s-DENV_2-mexico-BVBRC_genome_sequence,sequana_cpu_dev,1,11372965.0,1000,1,18,242689,DENV_2-mexico-BVBRC_genome_sequence,29465.75,11333.2,40798.96,106.37,40.91,147.29,147.29,277.0, sdumont6165,11382909.84
5841.0,6120,340,2409844.0,149976.0,149976.0,2409844.0,3584.0,4761.6,3584.0,4761.6,1.0,0,18.0,18.0,1000bs-1n-18th-242689s-DENV_2-mexico-BVBRC_genome_sequence,sequana_cpu_dev,1,11372966.0,1000,1,18,242689,DENV_2-mexico-BVBRC_genome_sequence,36509.19,13832.68,50341.88,107.7,40.8,148.5,148.5,339.0, sdumont6165,17116239.2
4292.0,4878,271,2181612.0,150576.0,150576.0,2181612.0,2744.32,4710.4,2744.32,4710.4,1.0,0,19.0,19.0,1000bs-1n-18th-242689s-DENV_2-mexico-BVBRC_genome_sequence,sequana_cpu_dev,1,11372967.0,1000,1,18,242689,DENV_2-mexico-BVBRC_genome_sequence,28690.89,11076.01,39766.9,106.66,41.17,147.83,147.83,269.0, sdumont6165,10776829.9
4297.0,4806,267,2181760.0,148888.0,148888.0,2181760.0,2877.44,4710.4,2877.44,4710.4,1.0,0,15.0,15.0,1000bs-1n-18th-242689s-DENV_2-mexico-BVBRC_genome_sequence,sequana_cpu_dev,1,11372968.0,1000,1,18,242689,DENV_2-mexico-BVBRC_genome_sequence,28191.69,10906.6,39098.29,105.98,41.0,146.99,146.99,266.0, sdumont6165,10439243.43
4827.0,4932,274,2187696.0,152936.0,152936.0,2187696.0,3072.0,4761.6,3072.0,4761.6,1.0,0,19.0,19.0,1000bs-1n-18th-242689s-DENV_2-mexico-BVBRC_genome_sequence,sequana_cpu_dev,1,11372971.0,1000,1,18,242689,DENV_2-mexico-BVBRC_genome_sequence,29080.62,11217.84,40298.46,106.52,41.09,147.61,147.61,273.0, sdumont6165,11041778.04
0.0,744,31,453612.0,5088.0,5088.0,453612.0,1484.8,4300.8,1484.8,4300.8,1.0,0,0.0,0.0,100bs-1n-24th-242689s-DENV_2-mexico-BVBRC_genome_sequence,sequana_cpu_dev,1,11372973.0,100,1,24,242689,DENV_2-mexico-BVBRC_genome_sequence,3392.43,1194.73,4587.16,113.08,39.82,152.91,152.91,30.0, sdumont6165,142201.96
704.0,744,31,2587052.0,140844.0,140844.0,2587052.0,1372.16,4259.84,1372.16,4259.84,1.0,0,33.0,33.0,100bs-1n-24th-242689s-DENV_2-mexico-BVBRC_genome_sequence,sequana_cpu_dev,1,11372974.0,100,1,24,242689,DENV_2-mexico-BVBRC_genome_sequence,3426.2,1210.06,4636.26,114.21,40.34,154.54,154.54,30.0, sdumont6165,143724.06
701.0,888,37,2587216.0,144756.0,144756.0,2587216.0,1372.16,4259.84,1372.16,4259.84,1.0,0,20.0,20.0,100bs-1n-24th-242689s-DENV_2-mexico-BVBRC_genome_sequence,sequana_cpu_dev,1,11372975.0,100,1,24,242689,DENV_2-mexico-BVBRC_genome_sequence,4158.52,1442.53,5601.05,115.51,40.07,155.58,155.58,36.0, sdumont6165,207238.85
0.0,744,31,265348.0,1040.0,1040.0,265348.0,0.0,0.0,0.0,0.0,0.0,0,0.0,0.0,100bs-1n-24th-242689s-DENV_2-mexico-BVBRC_genome_sequence,sequana_cpu_dev,1,11372976.0,100,1,24,242689,DENV_2-mexico-BVBRC_genome_sequence,3437.69,1216.99,4654.68,114.59,40.57,155.16,155.16,30.0, sdumont6165,144295.08000000002
703.0,816,34,2587200.0,142856.0,142856.0,2587200.0,1372.16,4259.84,1372.16,4259.84,1.0,0,25.0,25.0,100bs-1n-24th-242689s-DENV_2-mexico-BVBRC_genome_sequence,sequana_cpu_dev,1,11372977.0,100,1,24,242689,DENV_2-mexico-BVBRC_genome_sequence,3645.95,1295.06,4941.02,113.94,40.47,154.41,154.41,32.0, sdumont6165,167994.68000000002
7147.0,7368,307,2592940.0,151068.0,151068.0,2592940.0,3133.44,4751.36,3133.44,4751.36,1.0,0,32.0,32.0,1000bs-1n-24th-242689s-DENV_2-mexico-BVBRC_genome_sequence,sequana_cpu_dev,1,11372978.0,1000,1,24,242689,DENV_2-mexico-BVBRC_genome_sequence,36437.2,12695.55,49132.75,118.69,41.35,160.04,160.04,307.0, sdumont6165,15083754.25
6427.0,7032,293,2815464.0,151312.0,151312.0,2815464.0,3082.24,4730.88,3082.24,4730.88,1.0,0,23.0,23.0,1000bs-1n-24th-242689s-DENV_2-mexico-BVBRC_genome_sequence,sequana_cpu_dev,1,11372979.0,1000,1,24,242689,DENV_2-mexico-BVBRC_genome_sequence,34575.79,12079.89,46655.67,119.23,41.65,160.88,160.88,290.0, sdumont6165,13670111.31
6442.0,7104,296,2587232.0,147516.0,147516.0,2587232.0,3082.24,4720.64,3082.24,4720.64,1.0,0,19.0,19.0,1000bs-1n-24th-242689s-DENV_2-mexico-BVBRC_genome_sequence,sequana_cpu_dev,1,11372980.0,1000,1,24,242689,DENV_2-mexico-BVBRC_genome_sequence,34869.22,12211.7,47080.92,118.6,41.54,160.14,160.14,294.0, sdumont6165,13935952.32
7817.0,8616,359,2587232.0,149620.0,149620.0,2587232.0,3584.0,4720.64,3584.0,4720.64,1.0,0,22.0,22.0,1000bs-1n-24th-242689s-DENV_2-mexico-BVBRC_genome_sequence,sequana_cpu_dev,1,11372981.0,1000,1,24,242689,DENV_2-mexico-BVBRC_genome_sequence,43047.23,14803.68,57850.91,120.24,41.35,161.59,161.59,358.0, sdumont6165,20768476.69
6445.0,7032,293,2810036.0,151148.0,151148.0,2810036.0,3102.72,4730.88,3102.72,4730.88,1.0,0,21.0,21.0,1000bs-1n-24th-242689s-DENV_2-mexico-BVBRC_genome_sequence,sequana_cpu_dev,1,11372982.0,1000,1,24,242689,DENV_2-mexico-BVBRC_genome_sequence,34647.54,12141.14,46788.68,118.66,41.58,160.24,160.24,292.0, sdumont6165,13709083.24
871.0,1620,54,2992592.0,147208.0,147208.0,2992592.0,1372.16,4239.36,1372.16,4239.36,1.0,0,11.0,11.0,100bs-1n-30th-242689s-DENV_2-mexico-BVBRC_genome_sequence,sequana_cpu_dev,1,11372983.0,100,1,30,242689,DENV_2-mexico-BVBRC_genome_sequence,6030.46,4195.61,10226.07,113.78,79.16,192.94,192.94,53.0, sdumont6165,552207.78
870.0,1770,59,2992592.0,140920.0,140920.0,2992592.0,1372.16,4239.36,1372.16,4239.36,1.0,0,25.0,25.0,100bs-1n-30th-242689s-DENV_2-mexico-BVBRC_genome_sequence,sequana_cpu_dev,1,11372984.0,100,1,30,242689,DENV_2-mexico-BVBRC_genome_sequence,6135.68,4238.93,10374.61,115.77,79.98,195.75,195.75,53.0, sdumont6165,612101.99
879.0,1140,38,2992592.0,143040.0,143040.0,2992592.0,1361.92,4249.6,1361.92,4249.6,1.0,0,21.0,21.0,100bs-1n-30th-242689s-DENV_2-mexico-BVBRC_genome_sequence,sequana_cpu_dev,1,11372985.0,100,1,30,242689,DENV_2-mexico-BVBRC_genome_sequence,3911.54,2820.69,6732.23,102.94,74.23,177.16,177.16,38.0, sdumont6165,255824.74
876.0,1380,46,2992592.0,145112.0,145112.0,2992592.0,1372.16,4249.6,1372.16,4249.6,1.0,0,34.0,34.0,100bs-1n-30th-242689s-DENV_2-mexico-BVBRC_genome_sequence,sequana_cpu_dev,1,11372986.0,100,1,30,242689,DENV_2-mexico-BVBRC_genome_sequence,5043.9,3561.41,8605.31,112.09,79.14,191.23,191.23,45.0, sdumont6165,395844.26
879.0,1140,38,2992592.0,143284.0,143284.0,2992592.0,1372.16,4259.84,1372.16,4259.84,1.0,0,19.0,19.0,100bs-1n-30th-242689s-DENV_2-mexico-BVBRC_genome_sequence,sequana_cpu_dev,1,11372987.0,100,1,30,242689,DENV_2-mexico-BVBRC_genome_sequence,4025.47,2913.78,6939.24,108.8,78.75,187.55,187.55,37.0, sdumont6165,263691.12
12497.0,12660,422,2998160.0,151400.0,151400.0,2998160.0,4177.92,4771.84,4177.92,4771.84,1.0,0,24.0,24.0,1000bs-1n-30th-242689s-DENV_2-mexico-BVBRC_genome_sequence,sequana_cpu_dev,1,11372988.0,1000,1,30,242689,DENV_2-mexico-BVBRC_genome_sequence,48161.71,34165.59,82327.29,114.4,81.15,195.55,195.55,421.0, sdumont6165,34742116.379999995
12529.0,12990,433,3215412.0,155328.0,155328.0,3215412.0,4167.68,4761.6,4167.68,4761.6,1.0,0,27.0,27.0,1000bs-1n-30th-242689s-DENV_2-mexico-BVBRC_genome_sequence,sequana_cpu_dev,1,11372989.0,1000,1,30,242689,DENV_2-mexico-BVBRC_genome_sequence,48957.45,34615.17,83572.62,113.59,80.31,193.9,193.9,431.0, sdumont6165,36186944.46
12494.0,13200,440,2992600.0,151240.0,151240.0,2992600.0,4177.92,4761.6,4177.92,4761.6,1.0,0,38.0,38.0,1000bs-1n-30th-242689s-DENV_2-mexico-BVBRC_genome_sequence,sequana_cpu_dev,1,11372990.0,1000,1,30,242689,DENV_2-mexico-BVBRC_genome_sequence,49984.12,35605.03,85589.15,113.86,81.1,194.96,194.96,439.0, sdumont6165,37659226.0
13349.0,13860,462,3215412.0,151428.0,151428.0,3215412.0,4423.68,4761.6,4423.68,4761.6,1.0,0,17.0,17.0,1000bs-1n-30th-242689s-DENV_2-mexico-BVBRC_genome_sequence,sequana_cpu_dev,1,11372991.0,1000,1,30,242689,DENV_2-mexico-BVBRC_genome_sequence,52714.71,37230.5,89945.21,114.85,81.11,195.96,195.96,459.0, sdumont6165,41554687.02
11630.0,12210,407,3215560.0,153324.0,153324.0,3215560.0,3952.64,4751.36,3952.64,4751.36,1.0,0,20.0,20.0,1000bs-1n-30th-242689s-DENV_2-mexico-BVBRC_genome_sequence,sequana_cpu_dev,1,11372992.0,1000,1,30,242689,DENV_2-mexico-BVBRC_genome_sequence,45685.27,32757.98,78443.25,112.53,80.68,193.21,193.21,406.0, sdumont6165,31926402.75
1052.0,1584,44,3398240.0,145292.0,145292.0,3398240.0,1372.16,4249.6,1372.16,4249.6,1.0,0,18.0,18.0,100bs-1n-36th-242689s-DENV_2-mexico-BVBRC_genome_sequence,sequana_cpu_dev,1,11372993.0,100,1,36,242689,DENV_2-mexico-BVBRC_genome_sequence,4710.93,4233.5,8944.43,109.56,98.45,208.01,208.01,43.0, sdumont6165,393554.92
1052.0,1440,40,3398240.0,143628.0,143628.0,3398240.0,1372.16,4249.6,1372.16,4249.6,1.0,0,33.0,33.0,100bs-1n-36th-242689s-DENV_2-mexico-BVBRC_genome_sequence,sequana_cpu_dev,1,11372994.0,100,1,36,242689,DENV_2-mexico-BVBRC_genome_sequence,4222.0,3790.82,8012.83,108.26,97.2,205.46,205.46,39.0, sdumont6165,320513.2
1051.0,1764,49,3398240.0,147000.0,147000.0,3398240.0,1372.16,4249.6,1372.16,4249.6,1.0,0,30.0,30.0,100bs-1n-36th-242689s-DENV_2-mexico-BVBRC_genome_sequence,sequana_cpu_dev,1,11372995.0,100,1,36,242689,DENV_2-mexico-BVBRC_genome_sequence,5173.63,4552.65,9726.28,110.08,96.86,206.94,206.94,47.0, sdumont6165,476587.72
1052.0,1584,44,3398388.0,143500.0,143500.0,3398388.0,1372.16,4249.6,1372.16,4249.6,1.0,0,20.0,20.0,100bs-1n-36th-242689s-DENV_2-mexico-BVBRC_genome_sequence,sequana_cpu_dev,1,11372996.0,100,1,36,242689,DENV_2-mexico-BVBRC_genome_sequence,4732.0,4206.09,8938.09,110.05,97.82,207.86,207.86,43.0, sdumont6165,393275.96
1050.0,1836,51,3398240.0,143548.0,143548.0,3398240.0,1372.16,4239.36,1372.16,4239.36,1.0,0,18.0,18.0,100bs-1n-36th-242689s-DENV_2-mexico-BVBRC_genome_sequence,sequana_cpu_dev,1,11372997.0,100,1,36,242689,DENV_2-mexico-BVBRC_genome_sequence,5426.05,4802.46,10228.5,108.52,96.05,204.57,204.57,50.0, sdumont6165,521653.5
15033.0,15840,440,3626776.0,153404.0,153404.0,3626776.0,4177.92,4751.36,4177.92,4751.36,1.0,0,26.0,26.0,1000bs-1n-36th-242689s-DENV_2-mexico-BVBRC_genome_sequence,sequana_cpu_dev,1,11372998.0,1000,1,36,242689,DENV_2-mexico-BVBRC_genome_sequence,49143.35,43773.38,92916.73,111.94,99.71,211.66,211.66,439.0, sdumont6165,40883361.2
15034.0,15372,427,3626480.0,153188.0,153188.0,3626480.0,4167.68,4771.84,4167.68,4771.84,1.0,0,22.0,22.0,1000bs-1n-36th-242689s-DENV_2-mexico-BVBRC_genome_sequence,sequana_cpu_dev,1,11372999.0,1000,1,36,242689,DENV_2-mexico-BVBRC_genome_sequence,47514.17,42535.84,90050.01,111.54,99.85,211.39,211.39,426.0, sdumont6165,38451354.27
13967.0,15048,418,3403808.0,152248.0,152248.0,3403808.0,3932.16,4741.12,3932.16,4741.12,1.0,0,12.0,12.0,1000bs-1n-36th-242689s-DENV_2-mexico-BVBRC_genome_sequence,sequana_cpu_dev,1,11373000.0,1000,1,36,242689,DENV_2-mexico-BVBRC_genome_sequence,46329.58,41324.01,87653.6,111.37,99.34,210.71,210.71,416.0, sdumont6165,36639204.8
15038.0,15408,428,3398396.0,151916.0,151916.0,3398396.0,4167.68,4771.84,4167.68,4771.84,1.0,0,15.0,15.0,1000bs-1n-36th-242689s-DENV_2-mexico-BVBRC_genome_sequence,sequana_cpu_dev,1,11373001.0,1000,1,36,242689,DENV_2-mexico-BVBRC_genome_sequence,47426.28,42707.12,90133.4,111.07,100.02,211.09,211.09,427.0, sdumont6165,38577095.2
13960.0,14868,413,3626628.0,153156.0,153156.0,3626628.0,3952.64,4751.36,3952.64,4751.36,1.0,0,33.0,33.0,1000bs-1n-36th-242689s-DENV_2-mexico-BVBRC_genome_sequence,sequana_cpu_dev,1,11373002.0,1000,1,36,242689,DENV_2-mexico-BVBRC_genome_sequence,45569.05,41046.77,86615.81,110.6,99.63,210.23,210.23,412.0, sdumont6165,35772329.53
1226.0,2184,52,3803708.0,143644.0,143644.0,3803708.0,1372.16,4249.6,1372.16,4249.6,1.0,0,34.0,34.0,100bs-1n-42th-242689s-DENV_2-mexico-BVBRC_genome_sequence,sequana_cpu_dev,1,11373003.0,100,1,42,242689,DENV_2-mexico-BVBRC_genome_sequence,5484.99,5154.19,10639.19,107.55,101.06,208.61,208.61,51.0, sdumont6165,553237.88
1226.0,2268,54,3803708.0,143900.0,143900.0,3803708.0,1372.16,4249.6,1372.16,4249.6,1.0,0,23.0,23.0,100bs-1n-42th-242689s-DENV_2-mexico-BVBRC_genome_sequence,sequana_cpu_dev,1,11373004.0,100,1,42,242689,DENV_2-mexico-BVBRC_genome_sequence,4794.13,4430.48,9224.61,111.49,103.03,214.53,214.53,43.0, sdumont6165,498128.94000000006
1225.0,2142,51,3803848.0,147840.0,147840.0,3803848.0,1372.16,4239.36,1372.16,4239.36,1.0,0,29.0,29.0,100bs-1n-42th-242689s-DENV_2-mexico-BVBRC_genome_sequence,sequana_cpu_dev,1,11373006.0,100,1,42,242689,DENV_2-mexico-BVBRC_genome_sequence,4712.18,4404.59,9116.77,92.4,86.36,178.76,178.76,51.0, sdumont6165,464955.27
1224.0,1890,45,3803708.0,143844.0,143844.0,3803708.0,1372.16,4249.6,1372.16,4249.6,1.0,0,24.0,24.0,100bs-1n-42th-242689s-DENV_2-mexico-BVBRC_genome_sequence,sequana_cpu_dev,1,11373007.0,100,1,42,242689,DENV_2-mexico-BVBRC_genome_sequence,4683.7,4340.52,9024.23,106.45,98.65,205.1,205.1,44.0, sdumont6165,406090.35
1219.0,2310,55,3803848.0,143888.0,143888.0,3803848.0,1372.16,4239.36,1372.16,4239.36,1.0,0,29.0,29.0,100bs-1n-42th-242689s-DENV_2-mexico-BVBRC_genome_sequence,sequana_cpu_dev,1,11373008.0,100,1,42,242689,DENV_2-mexico-BVBRC_genome_sequence,6026.46,5633.25,11659.71,111.6,104.32,215.92,215.92,54.0, sdumont6165,641284.0499999999
18753.0,19530,465,3803844.0,150776.0,150776.0,3803844.0,4403.2,4761.6,4403.2,4761.6,1.0,0,22.0,22.0,1000bs-1n-42th-242689s-DENV_2-mexico-BVBRC_genome_sequence,sequana_cpu_dev,1,11373009.0,1000,1,42,242689,DENV_2-mexico-BVBRC_genome_sequence,52491.78,49261.66,101753.44,113.13,106.17,219.3,219.3,464.0, sdumont6165,47315349.6
21249.0,22008,524,3809404.0,152736.0,152736.0,3809404.0,4648.96,4771.84,4648.96,4771.84,1.0,0,19.0,19.0,1000bs-1n-42th-242689s-DENV_2-mexico-BVBRC_genome_sequence,sequana_cpu_dev,1,11373010.0,1000,1,42,242689,DENV_2-mexico-BVBRC_genome_sequence,59406.85,56070.6,115477.45,113.81,107.41,221.22,221.22,522.0, sdumont6165,60510183.8
17542.0,17766,423,4026656.0,154556.0,154556.0,4026656.0,4167.68,4771.84,4167.68,4771.84,1.0,0,35.0,35.0,1000bs-1n-42th-242689s-DENV_2-mexico-BVBRC_genome_sequence,sequana_cpu_dev,1,11373012.0,1000,1,42,242689,DENV_2-mexico-BVBRC_genome_sequence,47256.03,44055.78,91311.81,111.98,104.4,216.38,216.38,422.0, sdumont6165,38624895.63
17539.0,18396,438,4026656.0,152832.0,152832.0,4026656.0,4157.44,4761.6,4157.44,4761.6,1.0,0,15.0,15.0,1000bs-1n-42th-242689s-DENV_2-mexico-BVBRC_genome_sequence,sequana_cpu_dev,1,11373013.0,1000,1,42,242689,DENV_2-mexico-BVBRC_genome_sequence,48499.37,45332.94,93832.31,111.49,104.21,215.71,215.71,435.0, sdumont6165,41098551.78
18793.0,19320,460,3803844.0,150672.0,150672.0,3803844.0,4372.48,4771.84,4372.48,4771.84,1.0,0,23.0,23.0,1000bs-1n-42th-242689s-DENV_2-mexico-BVBRC_genome_sequence,sequana_cpu_dev,1,11373014.0,1000,1,42,242689,DENV_2-mexico-BVBRC_genome_sequence,50795.81,47739.68,98535.49,110.91,104.24,215.14,215.14,458.0, sdumont6165,45326325.400000006
1396.0,2688,56,4209544.0,144332.0,144332.0,4209544.0,1361.92,4239.36,1361.92,4239.36,1.0,0,28.0,28.0,100bs-1n-48th-242689s-DENV_2-mexico-BVBRC_genome_sequence,sequana_cpu_dev,1,11373015.0,100,1,48,242689,DENV_2-mexico-BVBRC_genome_sequence,5569.73,5780.19,11349.91,111.39,115.6,227.0,227.0,50.0, sdumont6165,635594.96
1398.0,2400,50,4209544.0,148952.0,148952.0,4209544.0,1372.16,4239.36,1372.16,4239.36,1.0,0,31.0,31.0,100bs-1n-48th-242689s-DENV_2-mexico-BVBRC_genome_sequence,sequana_cpu_dev,1,11373016.0,100,1,48,242689,DENV_2-mexico-BVBRC_genome_sequence,5253.97,5468.15,10722.12,109.46,113.92,223.38,223.38,48.0, sdumont6165,536106.0
1395.0,2688,56,4209240.0,146600.0,146600.0,4209240.0,1372.16,4239.36,1372.16,4239.36,1.0,0,28.0,28.0,100bs-1n-48th-242689s-DENV_2-mexico-BVBRC_genome_sequence,sequana_cpu_dev,1,11373017.0,100,1,48,242689,DENV_2-mexico-BVBRC_genome_sequence,5964.36,6204.52,12168.89,110.45,114.9,225.35,225.35,54.0, sdumont6165,681457.84
1395.0,2592,54,4209388.0,146348.0,146348.0,4209388.0,1372.16,4239.36,1372.16,4239.36,1.0,0,24.0,24.0,100bs-1n-48th-242689s-DENV_2-mexico-BVBRC_genome_sequence,sequana_cpu_dev,1,11373018.0,100,1,48,242689,DENV_2-mexico-BVBRC_genome_sequence,5776.33,5994.03,11770.36,111.08,115.27,226.35,226.35,52.0, sdumont6165,635599.4400000001
2823.0,3072,64,4209388.0,145328.0,145328.0,4209388.0,1597.44,4270.08,1597.44,4270.08,1.0,0,32.0,32.0,100bs-1n-48th-242689s-DENV_2-mexico-BVBRC_genome_sequence,sequana_cpu_dev,1,11373019.0,100,1,48,242689,DENV_2-mexico-BVBRC_genome_sequence,7070.59,7297.13,14367.72,112.23,115.83,228.06,228.06,63.0, sdumont6165,919534.08
24346.0,25344,528,4215120.0,154592.0,154592.0,4215120.0,4843.52,4761.6,4843.52,4761.6,1.0,0,21.0,21.0,1000bs-1n-48th-242689s-DENV_2-mexico-BVBRC_genome_sequence,sequana_cpu_dev,1,11373020.0,1000,1,48,242689,DENV_2-mexico-BVBRC_genome_sequence,59381.73,61570.05,120951.78,112.89,117.05,229.95,229.95,526.0, sdumont6165,63862539.84
25761.0,26928,561,4214952.0,152528.0,152528.0,4214952.0,5079.04,4761.6,5079.04,4761.6,1.0,0,38.0,38.0,1000bs-1n-48th-242689s-DENV_2-mexico-BVBRC_genome_sequence,sequana_cpu_dev,1,11373021.0,1000,1,48,242689,DENV_2-mexico-BVBRC_genome_sequence,63151.64,65691.36,128843.0,112.97,117.52,230.49,230.49,559.0, sdumont6165,72280923.0
24329.0,25872,539,4437632.0,153488.0,153488.0,4437632.0,4679.68,4751.36,4679.68,4751.36,1.0,0,29.0,29.0,1000bs-1n-48th-242689s-DENV_2-mexico-BVBRC_genome_sequence,sequana_cpu_dev,1,11373022.0,1000,1,48,242689,DENV_2-mexico-BVBRC_genome_sequence,59805.46,62467.64,122273.1,112.21,117.2,229.41,229.41,533.0, sdumont6165,65905200.900000006
28559.0,29808,621,4209560.0,152576.0,152576.0,4209560.0,5560.32,4771.84,5560.32,4771.84,1.0,0,25.0,25.0,1000bs-1n-48th-242689s-DENV_2-mexico-BVBRC_genome_sequence,sequana_cpu_dev,1,11373023.0,1000,1,48,242689,DENV_2-mexico-BVBRC_genome_sequence,71418.78,74002.89,145421.67,115.38,119.55,234.93,234.93,619.0, sdumont6165,90306857.07
24342.0,25440,530,4437644.0,158144.0,158144.0,4437644.0,4823.04,4761.6,4823.04,4761.6,1.0,0,27.0,27.0,1000bs-1n-48th-242689s-DENV_2-mexico-BVBRC_genome_sequence,sequana_cpu_dev,1,11373024.0,1000,1,48,242689,DENV_2-mexico-BVBRC_genome_sequence,59383.22,61590.99,120974.21,112.47,116.65,229.12,229.12,528.0, sdumont6165,64116331.3
48.0,140,35,1110058.0,149096.0,144482.0,1118896.0,1382.4,4229.12,1382.4,4239.36,1.0,0,118.0,236.0,100bs-2n-2th-242689s-DENV_2-mexico-BVBRC_genome_sequence,sequana_cpu_dev,2,11373026.0,100,1,2,242689,DENV_2-mexico-BVBRC_genome_sequence,3480.48,2423.89,5904.37,105.47,73.45,178.92,89.46,33.0, sdumont6165,206652.95
53.0,132,33,1112846.0,149332.0,144112.0,1119056.0,1382.4,4229.12,1392.64,4239.36,1.0,0,0.0,0.0,100bs-2n-2th-242689s-DENV_2-mexico-BVBRC_genome_sequence,sequana_cpu_dev,2,11373027.0,100,1,2,242689,DENV_2-mexico-BVBRC_genome_sequence,3356.25,2288.91,5645.16,104.88,71.53,176.41,88.21,32.0, sdumont6165,186290.28
0.0,124,31,265348.0,3160.0,3154.0,265348.0,0.0,0.0,0.0,0.0,1.0,0,0.0,0.0,100bs-2n-2th-242689s-DENV_2-mexico-BVBRC_genome_sequence,sequana_cpu_dev,2,11373028.0,100,1,2,242689,DENV_2-mexico-BVBRC_genome_sequence,3235.01,2169.46,5404.48,107.83,72.32,180.15,90.07,30.0, sdumont6165,167538.87999999998
0.0,120,30,265348.0,3188.0,3164.0,265348.0,0.0,0.0,0.0,0.0,1.0,0,0.0,0.0,100bs-2n-2th-242689s-DENV_2-mexico-BVBRC_genome_sequence,sequana_cpu_dev,2,11373029.0,100,1,2,242689,DENV_2-mexico-BVBRC_genome_sequence,3226.28,2138.4,5364.68,113.22,75.13,188.35,94.17,28.5, sdumont6165,160940.40000000002
0.0,120,30,265348.0,3120.0,3120.0,265348.0,0.0,0.0,0.0,0.0,1.0,0,0.0,0.0,100bs-2n-2th-242689s-DENV_2-mexico-BVBRC_genome_sequence,sequana_cpu_dev,2,11373030.0,100,1,2,242689,DENV_2-mexico-BVBRC_genome_sequence,3224.78,2149.46,5374.24,111.2,74.12,185.32,92.66,29.0, sdumont6165,161227.19999999998
498.0,1188,297,1107274.0,156192.0,150186.0,1113456.0,3112.96,4474.88,3164.16,4485.12,1.0,0,0.0,0.0,1000bs-2n-2th-242689s-DENV_2-mexico-BVBRC_genome_sequence,sequana_cpu_dev,2,11373031.0,1000,1,2,242689,DENV_2-mexico-BVBRC_genome_sequence,33540.36,22505.94,56046.29,113.31,76.03,189.35,94.67,296.0, sdumont6165,16645748.13
554.0,1280,320,1224148.0,157904.0,150834.0,1341688.0,3389.44,4485.12,3399.68,4495.36,1.0,0,0.0,0.0,1000bs-2n-2th-242689s-DENV_2-mexico-BVBRC_genome_sequence,sequana_cpu_dev,2,11373032.0,1000,1,2,242689,DENV_2-mexico-BVBRC_genome_sequence,36117.2,24314.36,60431.56,113.58,76.46,190.04,95.02,318.0, sdumont6165,19338099.2
513.0,1108,277,1221330.0,157916.0,151116.0,1341580.0,3092.48,4485.12,3164.16,4495.36,1.0,0,0.0,0.0,1000bs-2n-2th-242689s-DENV_2-mexico-BVBRC_genome_sequence,sequana_cpu_dev,2,11373034.0,1000,1,2,242689,DENV_2-mexico-BVBRC_genome_sequence,31673.47,21055.92,52729.39,114.76,76.29,191.05,95.52,276.0, sdumont6165,14606041.03
586.0,1376,344,1110008.0,158156.0,150932.0,1118936.0,3624.96,4495.36,3635.2,4495.36,1.0,0,0.0,0.0,1000bs-2n-2th-242689s-DENV_2-mexico-BVBRC_genome_sequence,sequana_cpu_dev,2,11373035.0,1000,1,2,242689,DENV_2-mexico-BVBRC_genome_sequence,37956.49,26091.01,64047.51,110.66,76.07,186.73,93.36,343.0, sdumont6165,22032343.44
597.0,1380,345,1113042.0,159444.0,151756.0,1119444.0,3584.0,4495.36,3635.2,4495.36,1.0,0,0.0,0.0,1000bs-2n-2th-242689s-DENV_2-mexico-BVBRC_genome_sequence,sequana_cpu_dev,2,11373036.0,1000,1,2,242689,DENV_2-mexico-BVBRC_genome_sequence,38563.88,26311.24,64875.12,112.1,76.49,188.59,94.3,344.0, sdumont6165,22381916.4
159.0,468,39,1377110.0,150376.0,145236.0,1383260.0,1392.64,4229.12,1392.64,4229.12,1.0,0,0.0,1.0,100bs-2n-6th-242689s-DENV_2-mexico-BVBRC_genome_sequence,sequana_cpu_dev,2,11373037.0,100,1,6,242689,DENV_2-mexico-BVBRC_genome_sequence,5587.49,2829.74,8417.23,147.04,74.47,221.51,110.75,38.0, sdumont6165,328271.97
158.0,552,46,1268614.0,149240.0,145710.0,1370964.0,1372.16,4229.12,1392.64,4229.12,1.0,0,1.0,2.0,100bs-2n-6th-242689s-DENV_2-mexico-BVBRC_genome_sequence,sequana_cpu_dev,2,11373039.0,100,1,6,242689,DENV_2-mexico-BVBRC_genome_sequence,6451.55,3283.59,9735.14,143.37,72.97,216.34,108.17,45.0, sdumont6165,447816.44
0.0,192,16,265348.0,3172.0,3108.0,265348.0,0.0,0.0,0.0,0.0,1.0,0,0.0,0.0,100bs-2n-6th-242689s-DENV_2-mexico-BVBRC_genome_sequence,sequana_cpu_dev,2,11373040.0,100,1,6,242689,DENV_2-mexico-BVBRC_genome_sequence,2179.43,1004.13,3183.56,145.3,66.94,212.24,106.12,15.0, sdumont6165,50936.96
0.0,192,16,265348.0,3132.0,3112.0,265348.0,0.0,0.0,0.0,0.0,1.0,0,0.0,0.0,100bs-2n-6th-242689s-DENV_2-mexico-BVBRC_genome_sequence,sequana_cpu_dev,2,11373041.0,100,1,6,242689,DENV_2-mexico-BVBRC_genome_sequence,2190.53,1013.41,3203.94,146.04,67.56,213.6,106.8,15.0, sdumont6165,51263.04
0.0,276,23,265348.0,3168.0,3148.0,265348.0,0.0,0.0,0.0,0.0,1.0,0,0.0,0.0,100bs-2n-6th-242689s-DENV_2-mexico-BVBRC_genome_sequence,sequana_cpu_dev,2,11373042.0,100,1,6,242689,DENV_2-mexico-BVBRC_genome_sequence,3376.42,1626.01,5002.43,153.47,73.91,227.38,113.69,22.0, sdumont6165,115055.89
1012.0,2460,205,1377180.0,156732.0,150586.0,1383232.0,2426.88,4464.64,2508.8,4464.64,1.0,0,1.0,3.0,1000bs-2n-6th-242689s-DENV_2-mexico-BVBRC_genome_sequence,sequana_cpu_dev,2,11373043.0,1000,1,6,242689,DENV_2-mexico-BVBRC_genome_sequence,32598.84,15600.97,48199.81,159.8,76.48,236.27,118.14,204.0, sdumont6165,9880961.05
1026.0,2184,182,1377122.0,156448.0,151460.0,1383264.0,2508.8,4485.12,2519.04,4495.36,0.0,0,1.0,2.0,1000bs-2n-6th-242689s-DENV_2-mexico-BVBRC_genome_sequence,sequana_cpu_dev,2,11373045.0,1000,1,6,242689,DENV_2-mexico-BVBRC_genome_sequence,29286.89,13774.89,43061.79,161.81,76.1,237.91,118.96,181.0, sdumont6165,7837245.78
848.0,2208,184,1377106.0,154896.0,150634.0,1383232.0,2560.0,4638.72,2938.88,4843.52,1.0,0,1.0,3.0,1000bs-2n-6th-242689s-DENV_2-mexico-BVBRC_genome_sequence,sequana_cpu_dev,2,11373051.0,1000,1,6,242689,DENV_2-mexico-BVBRC_genome_sequence,29089.36,13743.58,42832.94,161.61,76.35,237.96,118.98,180.0, sdumont6165,7881260.960000001
854.0,2148,179,1491296.0,158456.0,151628.0,1611464.0,2232.32,4444.16,2263.04,4444.16,1.0,0,1.0,2.0,1000bs-2n-6th-242689s-DENV_2-mexico-BVBRC_genome_sequence,sequana_cpu_dev,2,11373052.0,1000,1,6,242689,DENV_2-mexico-BVBRC_genome_sequence,28866.59,13587.14,42453.73,162.17,76.33,238.5,119.25,178.0, sdumont6165,7599217.670000001
859.0,2100,175,1379878.0,156496.0,151558.0,1388796.0,2283.52,4474.88,2283.52,4485.12,1.0,0,51.0,100.0,1000bs-2n-6th-242689s-DENV_2-mexico-BVBRC_genome_sequence,sequana_cpu_dev,2,11373053.0,1000,1,6,242689,DENV_2-mexico-BVBRC_genome_sequence,26454.73,12293.19,38747.92,163.3,75.88,239.18,119.59,162.0, sdumont6165,6780886.0
0.0,360,15,265348.0,1036.0,1034.0,265348.0,0.0,0.0,0.0,0.0,1.0,0,0.0,0.0,100bs-2n-12th-242689s-DENV_2-mexico-BVBRC_genome_sequence,sequana_cpu_dev,2,11373054.0,100,1,12,242689,DENV_2-mexico-BVBRC_genome_sequence,2661.03,1015.16,3676.19,190.07,72.51,262.58,131.29,14.0, sdumont6165,55142.85
275.0,1200,50,1782494.0,152664.0,146548.0,1788716.0,1392.64,4229.12,1392.64,4229.12,1.0,0,126.0,247.0,100bs-2n-12th-242689s-DENV_2-mexico-BVBRC_genome_sequence,sequana_cpu_dev,2,11373056.0,100,1,12,242689,DENV_2-mexico-BVBRC_genome_sequence,9852.03,3580.97,13433.0,203.22,73.87,277.09,138.54,48.5, sdumont6166,671650.0
0.0,384,16,265348.0,1036.0,1036.0,265348.0,0.0,0.0,0.0,0.0,1.0,0,0.0,0.0,100bs-2n-12th-242689s-DENV_2-mexico-BVBRC_genome_sequence,sequana_cpu_dev,2,11373057.0,100,1,12,242689,DENV_2-mexico-BVBRC_genome_sequence,2798.27,1007.91,3806.18,199.88,71.99,271.87,135.94,14.0, sdumont6166,60898.88
0.0,408,17,265348.0,1036.0,1034.0,265348.0,0.0,0.0,0.0,0.0,1.0,0,0.0,0.0,100bs-2n-12th-242689s-DENV_2-mexico-BVBRC_genome_sequence,sequana_cpu_dev,2,11373058.0,100,1,12,242689,DENV_2-mexico-BVBRC_genome_sequence,2863.54,1040.32,3903.86,190.9,69.35,260.26,130.13,15.0, sdumont6166,66365.62
0.0,504,21,265348.0,3124.0,2078.0,265348.0,0.0,0.0,0.0,0.0,1.0,0,0.0,0.0,100bs-2n-12th-242689s-DENV_2-mexico-BVBRC_genome_sequence,sequana_cpu_dev,2,11373059.0,100,1,12,242689,DENV_2-mexico-BVBRC_genome_sequence,4157.94,1488.39,5646.33,218.84,78.34,297.18,148.59,19.0, sdumont6166,118572.93
1412.0,3480,145,1785208.0,154584.0,150770.0,1794136.0,2048.0,4444.16,2058.24,4454.4,1.0,0,8.0,9.0,1000bs-2n-12th-242689s-DENV_2-mexico-BVBRC_genome_sequence,sequana_cpu_dev,2,11373060.0,1000,1,12,242689,DENV_2-mexico-BVBRC_genome_sequence,31513.31,11146.26,42659.57,218.84,77.4,296.25,148.12,144.0, sdumont6166,6185637.65
2078.0,4728,197,1782426.0,158760.0,152638.0,1788572.0,2519.04,4464.64,2539.52,4464.64,1.0,0,7.0,8.0,1000bs-2n-12th-242689s-DENV_2-mexico-BVBRC_genome_sequence,sequana_cpu_dev,2,11373061.0,1000,1,12,242689,DENV_2-mexico-BVBRC_genome_sequence,43629.59,15205.87,58835.46,223.74,77.98,301.72,150.86,195.0, sdumont6166,11590585.62
1758.0,3720,155,1782502.0,162888.0,154742.0,1788720.0,2283.52,4485.12,2283.52,4485.12,1.0,0,6.0,8.0,1000bs-2n-12th-242689s-DENV_2-mexico-BVBRC_genome_sequence,sequana_cpu_dev,2,11373063.0,1000,1,12,242689,DENV_2-mexico-BVBRC_genome_sequence,33951.53,11935.33,45886.86,221.91,78.01,299.91,149.96,153.0, sdumont6166,7112463.3
1759.0,4296,179,1782428.0,160744.0,156746.0,1788576.0,2273.28,4485.12,2283.52,4485.12,1.0,0,4.0,7.0,1000bs-2n-12th-242689s-DENV_2-mexico-BVBRC_genome_sequence,sequana_cpu_dev,2,11373064.0,1000,1,12,242689,DENV_2-mexico-BVBRC_genome_sequence,36680.98,12882.96,49563.94,217.05,76.23,293.28,146.64,169.0, sdumont6166,8871945.26
2076.0,4896,204,1782574.0,156664.0,151650.0,1788572.0,2508.8,4464.64,2508.8,4495.36,1.0,0,3.0,5.0,1000bs-2n-12th-242689s-DENV_2-mexico-BVBRC_genome_sequence,sequana_cpu_dev,2,11373065.0,1000,1,12,242689,DENV_2-mexico-BVBRC_genome_sequence,45035.55,15741.49,60777.05,222.95,77.93,300.88,150.44,202.0, sdumont6166,12398518.2
509.0,1548,43,2187944.0,150924.0,145774.0,2194092.0,1372.16,4229.12,1392.64,4229.12,1.0,0,6.0,9.0,100bs-2n-18th-242689s-DENV_2-mexico-BVBRC_genome_sequence,sequana_cpu_dev,2,11373067.0,100,1,18,242689,DENV_2-mexico-BVBRC_genome_sequence,9710.92,3165.8,12876.73,236.85,77.21,314.07,157.03,41.0, sdumont6166,553699.39
0.0,972,27,265348.0,3236.0,2136.0,265348.0,0.0,0.0,0.0,0.0,1.0,0,0.0,0.0,100bs-2n-18th-242689s-DENV_2-mexico-BVBRC_genome_sequence,sequana_cpu_dev,2,11373068.0,100,1,18,242689,DENV_2-mexico-BVBRC_genome_sequence,4301.05,1486.63,5787.68,215.05,74.33,289.38,144.69,20.0, sdumont6166,156267.36000000002
0.0,684,19,265348.0,3152.0,2092.0,265348.0,0.0,0.0,0.0,0.0,1.0,0,0.0,0.0,100bs-2n-18th-242689s-DENV_2-mexico-BVBRC_genome_sequence,sequana_cpu_dev,2,11373069.0,100,1,18,242689,DENV_2-mexico-BVBRC_genome_sequence,3847.74,1350.91,5198.65,226.34,79.47,305.8,152.9,17.0, sdumont6166,98774.35
0.0,612,17,265348.0,1040.0,1036.0,265348.0,0.0,0.0,0.0,0.0,1.0,0,0.0,0.0,100bs-2n-18th-242689s-DENV_2-mexico-BVBRC_genome_sequence,sequana_cpu_dev,2,11373070.0,100,1,18,242689,DENV_2-mexico-BVBRC_genome_sequence,3363.32,1192.11,4555.43,224.22,79.47,303.7,151.85,15.0, sdumont6166,77442.31
507.0,1512,42,2187944.0,150828.0,145804.0,2194092.0,1382.4,4218.88,1392.64,4229.12,1.0,0,16.0,20.0,100bs-2n-18th-242689s-DENV_2-mexico-BVBRC_genome_sequence,sequana_cpu_dev,2,11373071.0,100,1,18,242689,DENV_2-mexico-BVBRC_genome_sequence,9128.41,3007.08,12135.49,228.21,75.18,303.39,151.69,40.0, sdumont6166,509690.58
3699.0,7956,221,2190806.0,159144.0,155118.0,2199660.0,2703.36,4485.12,2713.6,4495.36,1.0,0,18.0,21.0,1000bs-2n-18th-242689s-DENV_2-mexico-BVBRC_genome_sequence,sequana_cpu_dev,2,11373072.0,1000,1,18,242689,DENV_2-mexico-BVBRC_genome_sequence,51053.48,17084.04,68137.51,233.12,78.01,311.13,155.57,219.0, sdumont6166,15058389.71
3701.0,7884,219,2188024.0,161176.0,153176.0,2194096.0,2734.08,4485.12,2744.32,4495.36,1.0,0,18.0,19.0,1000bs-2n-18th-242689s-DENV_2-mexico-BVBRC_genome_sequence,sequana_cpu_dev,2,11373073.0,1000,1,18,242689,DENV_2-mexico-BVBRC_genome_sequence,47649.05,16736.88,64385.92,219.07,76.94,296.02,148.01,217.5, sdumont6165,14100516.48
3179.0,7020,195,2187952.0,161520.0,154226.0,2194100.0,2437.12,4485.12,2457.6,4495.36,0.0,0,14.0,17.0,1000bs-2n-18th-242689s-DENV_2-mexico-BVBRC_genome_sequence,sequana_cpu_dev,2,11373074.0,1000,1,18,242689,DENV_2-mexico-BVBRC_genome_sequence,42546.36,15002.48,57548.83,219.31,77.33,296.64,148.32,194.0, sdumont6165,11222021.85
3622.0,8460,235,2190804.0,157180.0,152040.0,2194096.0,2662.4,4474.88,2744.32,4485.12,1.0,0,19.0,22.0,1000bs-2n-18th-242689s-DENV_2-mexico-BVBRC_genome_sequence,sequana_cpu_dev,2,11373075.0,1000,1,18,242689,DENV_2-mexico-BVBRC_genome_sequence,50826.78,17787.15,68613.93,217.21,76.01,293.22,146.61,234.0, sdumont6165,16124273.55
2659.0,6264,174,2187950.0,163280.0,154956.0,2194096.0,2263.04,4464.64,2263.04,4474.88,1.0,0,9.0,11.0,1000bs-2n-18th-242689s-DENV_2-mexico-BVBRC_genome_sequence,sequana_cpu_dev,2,11373077.0,1000,1,18,242689,DENV_2-mexico-BVBRC_genome_sequence,37332.77,13370.19,50702.96,215.8,77.28,293.08,146.54,173.0, sdumont6165,8822315.04
0.0,1008,21,265348.0,1036.0,1034.0,265348.0,0.0,0.0,0.0,0.0,1.0,0,0.0,0.0,100bs-2n-24th-242689s-DENV_2-mexico-BVBRC_genome_sequence,sequana_cpu_dev,2,11373078.0,100,1,24,242689,DENV_2-mexico-BVBRC_genome_sequence,4491.16,1490.89,5982.06,224.56,74.54,299.1,149.55,20.0, sdumont6165,125623.26
0.0,912,19,265348.0,3152.0,2092.0,265348.0,0.0,0.0,0.0,0.0,1.0,0,0.0,0.0,100bs-2n-24th-242689s-DENV_2-mexico-BVBRC_genome_sequence,sequana_cpu_dev,2,11373079.0,100,1,24,242689,DENV_2-mexico-BVBRC_genome_sequence,3999.28,1347.38,5346.66,222.18,74.85,297.04,148.52,18.0, sdumont6165,101586.54
0.0,816,17,265348.0,3060.0,2050.0,265348.0,0.0,0.0,0.0,0.0,2.0,0,0.0,0.0,100bs-2n-24th-242689s-DENV_2-mexico-BVBRC_genome_sequence,sequana_cpu_dev,2,11373080.0,100,1,24,242689,DENV_2-mexico-BVBRC_genome_sequence,3568.71,1205.3,4774.02,223.04,75.33,298.38,149.19,16.0, sdumont6165,81158.34000000001
0.0,1104,23,265348.0,3080.0,2058.0,265348.0,0.0,0.0,0.0,0.0,4.0,0,0.0,0.0,100bs-2n-24th-242689s-DENV_2-mexico-BVBRC_genome_sequence,sequana_cpu_dev,2,11373081.0,100,1,24,242689,DENV_2-mexico-BVBRC_genome_sequence,5108.58,1663.53,6772.11,232.21,75.61,307.82,153.91,22.0, sdumont6165,155758.53
677.0,1680,35,2593482.0,153232.0,148114.0,2599628.0,1372.16,4229.12,1372.16,4239.36,1.0,0,14.0,19.0,100bs-2n-24th-242689s-DENV_2-mexico-BVBRC_genome_sequence,sequana_cpu_dev,2,11373082.0,100,1,24,242689,DENV_2-mexico-BVBRC_genome_sequence,7878.75,2503.85,10382.59,231.73,73.64,305.37,152.69,34.0, sdumont6165,363390.65
4249.0,9120,190,2593490.0,159548.0,154342.0,2599636.0,2467.84,4474.88,2488.32,4485.12,1.0,0,21.0,26.0,1000bs-2n-24th-242689s-DENV_2-mexico-BVBRC_genome_sequence,sequana_cpu_dev,2,11373083.0,1000,1,24,242689,DENV_2-mexico-BVBRC_genome_sequence,45083.16,14703.85,59787.01,239.8,78.21,318.02,159.01,188.0, sdumont6165,11359531.9
11112.0,23184,483,2707750.0,165644.0,157472.0,2822596.0,4864.0,4505.6,4874.24,4505.6,1.0,0,16.0,20.0,1000bs-2n-24th-242689s-DENV_2-mexico-BVBRC_genome_sequence,sequana_cpu_dev,2,11373084.0,1000,1,24,242689,DENV_2-mexico-BVBRC_genome_sequence,120639.44,37185.51,157824.95,250.29,77.15,327.44,163.72,482.0, sdumont6165,76229450.85000001
9695.0,20640,430,2593564.0,159444.0,154360.0,2599636.0,4249.6,4495.36,4362.24,4495.36,2.0,0,13.0,14.0,1000bs-2n-24th-242689s-DENV_2-mexico-BVBRC_genome_sequence,sequana_cpu_dev,2,11373088.0,1000,1,24,242689,DENV_2-mexico-BVBRC_genome_sequence,106479.54,32996.57,139476.12,248.2,76.92,325.12,162.56,429.0, sdumont6165,59974731.6
4949.0,11520,240,2596418.0,159624.0,155478.0,2605344.0,2662.4,4485.12,2713.6,4495.36,1.0,0,22.0,22.0,1000bs-2n-24th-242689s-DENV_2-mexico-BVBRC_genome_sequence,sequana_cpu_dev,2,11373089.0,1000,1,24,242689,DENV_2-mexico-BVBRC_genome_sequence,58480.06,18622.06,77102.13,245.71,78.24,323.96,161.98,238.0, sdumont6165,18504511.200000003
4250.0,9504,198,2707606.0,157708.0,154436.0,2815576.0,2426.88,4474.88,2437.12,4485.12,1.0,0,18.0,20.0,1000bs-2n-24th-242689s-DENV_2-mexico-BVBRC_genome_sequence,sequana_cpu_dev,2,11373091.0,1000,1,24,242689,DENV_2-mexico-BVBRC_genome_sequence,47118.76,15253.6,62372.36,240.4,77.82,318.23,159.11,196.0, sdumont6165,12349727.28
0.0,1500,25,265348.0,3124.0,3112.0,265348.0,0.0,0.0,0.0,0.0,1.0,0,0.0,0.0,100bs-2n-30th-242689s-DENV_2-mexico-BVBRC_genome_sequence,sequana_cpu_dev,2,11373092.0,100,1,30,242689,DENV_2-mexico-BVBRC_genome_sequence,5007.23,3458.56,8465.8,208.63,144.11,352.74,176.37,24.0, sdumont6165,211645.0
0.0,1620,27,265348.0,3080.0,2058.0,265348.0,0.0,0.0,0.0,0.0,1.0,0,0.0,0.0,100bs-2n-30th-242689s-DENV_2-mexico-BVBRC_genome_sequence,sequana_cpu_dev,2,11373093.0,100,1,30,242689,DENV_2-mexico-BVBRC_genome_sequence,5495.61,3802.38,9297.99,219.82,152.1,371.92,185.96,25.0, sdumont6165,251045.73
0.0,2760,46,359480.0,5324.0,3180.0,453612.0,757.76,2140.16,1525.76,4280.32,1.0,0,0.0,0.0,100bs-2n-30th-242689s-DENV_2-mexico-BVBRC_genome_sequence,sequana_cpu_dev,2,11373095.0,100,1,30,242689,DENV_2-mexico-BVBRC_genome_sequence,5898.61,3935.41,9834.02,226.87,151.36,378.23,189.12,26.0, sdumont6166,452364.92
860.0,3000,50,2782064.0,152836.0,147828.0,2788212.0,1382.4,4229.12,1392.64,4229.12,1.0,0,31.0,36.0,100bs-2n-30th-242689s-DENV_2-mexico-BVBRC_genome_sequence,sequana_cpu_dev,2,11373096.0,100,1,30,242689,DENV_2-mexico-BVBRC_genome_sequence,12282.4,7696.2,19978.6,250.66,157.07,407.73,203.86,49.0, sdumont6166,998930.0
0.0,1740,29,265348.0,3064.0,3064.0,265348.0,0.0,0.0,0.0,0.0,1.0,0,0.0,0.0,100bs-2n-30th-242689s-DENV_2-mexico-BVBRC_genome_sequence,sequana_cpu_dev,2,11373098.0,100,1,30,242689,DENV_2-mexico-BVBRC_genome_sequence,6394.86,4202.21,10597.07,232.5,152.81,385.31,192.65,27.5, sdumont6166,307315.03
13156.0,28500,475,3113372.0,167992.0,159906.0,3228144.0,4515.84,4485.12,4546.56,4495.36,1.0,0,19.0,23.0,1000bs-2n-30th-242689s-DENV_2-mexico-BVBRC_genome_sequence,sequana_cpu_dev,2,11373099.0,1000,1,30,242689,DENV_2-mexico-BVBRC_genome_sequence,122288.66,76735.35,199024.0,258.25,162.06,420.31,210.15,473.5, sdumont6166,94536400.0
7106.0,15420,257,2999036.0,161772.0,156640.0,3005180.0,2897.92,4485.12,2908.16,4495.36,1.0,0,24.0,35.0,1000bs-2n-30th-242689s-DENV_2-mexico-BVBRC_genome_sequence,sequana_cpu_dev,2,11373101.0,1000,1,30,242689,DENV_2-mexico-BVBRC_genome_sequence,62487.92,41050.62,103538.54,245.01,160.97,405.97,202.99,255.0, sdumont6166,26609404.78
6218.0,13980,233,2999110.0,159704.0,153908.0,3005180.0,2662.4,4464.64,2693.12,4464.64,1.0,0,16.0,20.0,1000bs-2n-30th-242689s-DENV_2-mexico-BVBRC_genome_sequence,sequana_cpu_dev,2,11373102.0,1000,1,30,242689,DENV_2-mexico-BVBRC_genome_sequence,56006.69,37314.7,93321.4,242.4,161.52,403.92,201.96,231.0, sdumont6166,21743886.2
7992.0,16560,276,3002020.0,161880.0,155170.0,3005180.0,3112.96,4495.36,3153.92,4495.36,1.0,0,30.0,38.0,1000bs-2n-30th-242689s-DENV_2-mexico-BVBRC_genome_sequence,sequana_cpu_dev,2,11373104.0,1000,1,30,242689,DENV_2-mexico-BVBRC_genome_sequence,67473.04,44127.05,111600.09,245.78,160.74,406.53,203.26,274.5, sdumont6166,30801624.84
7095.0,15240,254,2999258.0,163876.0,155056.0,3005332.0,2928.64,4485.12,2928.64,4495.36,1.0,0,22.0,22.0,1000bs-2n-30th-242689s-DENV_2-mexico-BVBRC_genome_sequence,sequana_cpu_dev,2,11373106.0,1000,1,30,242689,DENV_2-mexico-BVBRC_genome_sequence,62257.62,40863.49,103121.11,246.08,161.52,407.59,203.8,253.0, sdumont6166,26192761.94
0.0,2160,30,265348.0,3176.0,3160.0,265348.0,0.0,0.0,0.0,0.0,1.0,0,0.0,0.0,100bs-2n-36th-242689s-DENV_2-mexico-BVBRC_genome_sequence,sequana_cpu_dev,2,11373108.0,100,1,36,242689,DENV_2-mexico-BVBRC_genome_sequence,6208.35,5256.4,11464.75,221.73,187.73,409.46,204.73,28.0, sdumont6166,343942.5
965.0,2664,37,3404724.0,154432.0,150022.0,3411016.0,1372.16,4229.12,1372.16,4229.12,1.0,0,24.0,30.0,100bs-2n-36th-242689s-DENV_2-mexico-BVBRC_genome_sequence,sequana_cpu_dev,2,11373110.0,100,1,36,242689,DENV_2-mexico-BVBRC_genome_sequence,7965.41,6718.07,14683.48,227.58,191.94,419.53,209.76,35.0, sdumont6166,543288.76
0.0,1944,27,265348.0,3224.0,3206.0,265348.0,0.0,0.0,0.0,0.0,1.0,0,0.0,0.0,100bs-2n-36th-242689s-DENV_2-mexico-BVBRC_genome_sequence,sequana_cpu_dev,2,11373111.0,100,1,36,242689,DENV_2-mexico-BVBRC_genome_sequence,5357.96,4682.24,10040.2,210.23,183.76,393.99,196.99,25.5, sdumont6165,271085.4
0.0,1872,26,265348.0,3180.0,2108.0,265348.0,0.0,0.0,0.0,0.0,1.0,0,0.0,0.0,100bs-2n-36th-242689s-DENV_2-mexico-BVBRC_genome_sequence,sequana_cpu_dev,2,11373112.0,100,1,36,242689,DENV_2-mexico-BVBRC_genome_sequence,5336.36,4649.93,9986.29,217.88,189.89,407.77,203.88,24.5, sdumont6165,259643.54000000004
0.0,2016,28,265348.0,3176.0,3144.0,265348.0,0.0,0.0,0.0,0.0,1.0,0,0.0,0.0,100bs-2n-36th-242689s-DENV_2-mexico-BVBRC_genome_sequence,sequana_cpu_dev,2,11373113.0,100,1,36,242689,DENV_2-mexico-BVBRC_genome_sequence,5440.99,4722.91,10163.9,209.27,181.65,390.92,195.46,26.0, sdumont6165,284589.2
8537.0,19296,268,3404660.0,162416.0,156258.0,3410732.0,2928.64,4464.64,2928.64,4464.64,1.0,0,28.0,33.0,1000bs-2n-36th-242689s-DENV_2-mexico-BVBRC_genome_sequence,sequana_cpu_dev,2,11373114.0,1000,1,36,242689,DENV_2-mexico-BVBRC_genome_sequence,60727.26,53110.54,113837.79,227.87,199.28,427.15,213.58,266.5, sdumont6165,30508527.72
9607.0,20736,288,3407514.0,164432.0,156368.0,3416588.0,3102.72,4495.36,3112.96,4495.36,1.0,0,23.0,24.0,1000bs-2n-36th-242689s-DENV_2-mexico-BVBRC_genome_sequence,sequana_cpu_dev,2,11373115.0,1000,1,36,242689,DENV_2-mexico-BVBRC_genome_sequence,66045.38,57820.84,123866.22,231.74,202.88,434.62,217.31,285.0, sdumont6165,35673471.36
10642.0,23112,321,3409528.0,160116.0,155740.0,3410728.0,3297.28,4485.12,3368.96,4495.36,1.0,0,27.0,34.0,1000bs-2n-36th-242689s-DENV_2-mexico-BVBRC_genome_sequence,sequana_cpu_dev,2,11373117.0,1000,1,36,242689,DENV_2-mexico-BVBRC_genome_sequence,74951.24,66142.83,141094.08,234.22,206.7,440.92,220.46,320.0, sdumont6165,45291199.67999999
15867.0,34416,478,3404658.0,160780.0,154448.0,3410880.0,4474.88,4495.36,4505.6,4505.6,1.0,0,26.0,38.0,1000bs-2n-36th-242689s-DENV_2-mexico-BVBRC_genome_sequence,sequana_cpu_dev,2,11373119.0,1000,1,36,242689,DENV_2-mexico-BVBRC_genome_sequence,115848.91,103135.65,218984.56,242.87,216.22,459.09,229.54,477.0, sdumont6165,104674619.68
10635.0,23904,332,3630180.0,163600.0,157762.0,3638964.0,3645.44,4679.68,3973.12,4884.48,1.0,0,7.0,23.0,1000bs-2n-36th-242689s-DENV_2-mexico-BVBRC_genome_sequence,sequana_cpu_dev,2,11373120.0,1000,1,36,242689,DENV_2-mexico-BVBRC_genome_sequence,74762.86,66013.57,140776.43,232.18,205.01,437.19,218.6,322.0, sdumont6165,46737774.76
1103.0,4116,49,3701634.0,153140.0,148660.0,3804140.0,1361.92,4229.12,1372.16,4229.12,1.0,0,27.0,40.0,100bs-2n-42th-242689s-DENV_2-mexico-BVBRC_genome_sequence,sequana_cpu_dev,2,11373133.0,100,1,42,242689,DENV_2-mexico-BVBRC_genome_sequence,10720.23,10009.0,20729.23,225.62,210.62,436.24,218.12,47.5, sdumont6165,1015732.27
0.0,2436,29,265348.0,3192.0,3186.0,265348.0,0.0,0.0,0.0,0.0,1.0,0,0.0,0.0,100bs-2n-42th-242689s-DENV_2-mexico-BVBRC_genome_sequence,sequana_cpu_dev,2,11373134.0,100,1,42,242689,DENV_2-mexico-BVBRC_genome_sequence,5967.31,5410.8,11378.11,217.06,196.71,413.77,206.89,27.5, sdumont6165,329965.19
1209.0,3696,44,3810352.0,156548.0,150406.0,3816424.0,1351.68,4229.12,1372.16,4229.12,1.0,0,40.0,48.0,100bs-2n-42th-242689s-DENV_2-mexico-BVBRC_genome_sequence,sequana_cpu_dev,2,11373135.0,100,1,42,242689,DENV_2-mexico-BVBRC_genome_sequence,9773.2,9130.12,18903.32,230.03,214.85,444.88,222.44,42.5, sdumont6165,831746.08
0.0,2604,31,265348.0,3216.0,3184.0,265348.0,0.0,0.0,0.0,0.0,1.0,0,0.0,0.0,100bs-2n-42th-242689s-DENV_2-mexico-BVBRC_genome_sequence,sequana_cpu_dev,2,11373136.0,100,1,42,242689,DENV_2-mexico-BVBRC_genome_sequence,6022.62,5443.81,11466.43,211.49,191.1,402.6,201.3,28.5, sdumont6165,355459.33
1212.0,3108,37,3810260.0,158108.0,153188.0,3816388.0,1372.16,4229.12,1372.16,4239.36,1.0,0,28.0,41.0,100bs-2n-42th-242689s-DENV_2-mexico-BVBRC_genome_sequence,sequana_cpu_dev,2,11373137.0,100,1,42,242689,DENV_2-mexico-BVBRC_genome_sequence,8184.3,7569.84,15754.15,230.67,213.28,443.95,221.97,35.5, sdumont6165,582903.5499999999
12446.0,26964,321,3812916.0,165164.0,156888.0,3816280.0,3338.24,4485.12,3338.24,4495.36,0.0,0,24.0,28.0,1000bs-2n-42th-242689s-DENV_2-mexico-BVBRC_genome_sequence,sequana_cpu_dev,2,11373138.0,1000,1,42,242689,DENV_2-mexico-BVBRC_genome_sequence,74039.23,68444.48,142483.71,231.73,214.21,445.95,222.97,319.5, sdumont6165,45737270.91
11851.0,25368,302,3813066.0,165212.0,157944.0,3816432.0,3256.32,4495.36,3389.44,4495.36,158.0,0,35.0,45.0,1000bs-2n-42th-242689s-DENV_2-mexico-BVBRC_genome_sequence,sequana_cpu_dev,2,11373141.0,1000,1,42,242689,DENV_2-mexico-BVBRC_genome_sequence,69128.06,63534.42,132662.48,230.82,212.15,442.97,221.48,299.5, sdumont6165,40064068.96
11219.0,24444,291,3815164.0,164024.0,157576.0,3826168.0,3051.52,4485.12,3102.72,4485.12,177.0,0,29.0,32.0,1000bs-2n-42th-242689s-DENV_2-mexico-BVBRC_genome_sequence,sequana_cpu_dev,2,11373144.0,1000,1,42,242689,DENV_2-mexico-BVBRC_genome_sequence,66003.5,61004.65,127008.15,228.39,211.09,439.47,219.74,289.0, sdumont6165,36959371.65
12022.0,27300,325,3924392.0,162384.0,157638.0,4044808.0,3348.48,4485.12,3358.72,4485.12,574.0,0,286.0,289.0,1000bs-2n-42th-242689s-DENV_2-mexico-BVBRC_genome_sequence,sequana_cpu_dev,2,11373146.0,1000,1,42,242689,DENV_2-mexico-BVBRC_genome_sequence,71969.96,68667.8,140637.75,222.82,212.59,435.41,217.71,323.0, sdumont6168,45707268.75
14950.0,30912,368,4035658.0,162104.0,157208.0,4044512.0,3604.48,4495.36,3758.08,4505.6,604.0,0,44.0,58.0,1000bs-2n-42th-242689s-DENV_2-mexico-BVBRC_genome_sequence,sequana_cpu_dev,2,11373148.0,1000,1,42,242689,DENV_2-mexico-BVBRC_genome_sequence,85655.8,79649.99,165305.79,234.03,217.62,451.66,225.83,366.0, sdumont6165,60832530.720000006
1374.0,3168,33,4218720.0,155224.0,151836.0,4221820.0,1382.4,4239.36,1382.4,4239.36,448.0,0,51.0,63.0,100bs-2n-48th-242689s-DENV_2-mexico-BVBRC_genome_sequence,sequana_cpu_dev,2,11373152.0,100,1,48,242689,DENV_2-mexico-BVBRC_genome_sequence,7105.8,7165.94,14271.74,222.06,223.94,445.99,223.0,32.0, sdumont6167,470967.42
1371.0,4992,52,4215738.0,154920.0,150786.0,4221800.0,1392.64,4229.12,1392.64,4229.12,1.0,0,41.0,55.0,100bs-2n-48th-242689s-DENV_2-mexico-BVBRC_genome_sequence,sequana_cpu_dev,2,11373154.0,100,1,48,242689,DENV_2-mexico-BVBRC_genome_sequence,12232.96,12269.01,24501.97,244.66,245.38,490.04,245.02,50.0, sdumont6167,1274102.44
2780.0,8352,87,4215740.0,154668.0,150994.0,4221824.0,1587.2,4218.88,1617.92,4229.12,1.0,0,41.0,63.0,100bs-2n-48th-242689s-DENV_2-mexico-BVBRC_genome_sequence,sequana_cpu_dev,2,11373155.0,100,1,48,242689,DENV_2-mexico-BVBRC_genome_sequence,21946.96,22123.33,44070.29,259.66,261.86,521.52,260.76,84.5, sdumont6167,3834115.23
1384.0,3744,39,4215822.0,155584.0,152170.0,4222116.0,1372.16,4239.36,1372.16,4239.36,464.0,0,61.0,64.0,100bs-2n-48th-242689s-DENV_2-mexico-BVBRC_genome_sequence,sequana_cpu_dev,2,11373157.0,100,1,48,242689,DENV_2-mexico-BVBRC_genome_sequence,8563.91,8697.84,17261.75,225.37,228.89,454.26,227.13,38.0, sdumont6165,673208.25
0.0,2976,31,265348.0,3076.0,3070.0,265348.0,0.0,0.0,0.0,0.0,322.0,0,0.0,0.0,100bs-2n-48th-242689s-DENV_2-mexico-BVBRC_genome_sequence,sequana_cpu_dev,2,11373160.0,100,1,48,242689,DENV_2-mexico-BVBRC_genome_sequence,6424.4,6561.03,12985.43,229.44,234.32,463.77,231.88,28.0, sdumont6165,402548.33
14260.0,29952,312,4218740.0,166700.0,158924.0,4221828.0,3368.96,4495.36,3379.2,4495.36,361.0,0,25.0,26.0,1000bs-2n-48th-242689s-DENV_2-mexico-BVBRC_genome_sequence,sequana_cpu_dev,2,11373162.0,1000,1,48,242689,DENV_2-mexico-BVBRC_genome_sequence,71701.59,73900.25,145601.84,231.3,238.39,469.68,234.84,310.0, sdumont6165,45427774.08
15613.0,33792,352,4218770.0,160884.0,156690.0,4221828.0,3543.04,4495.36,3584.0,4505.6,422.0,0,31.0,45.0,1000bs-2n-48th-242689s-DENV_2-mexico-BVBRC_genome_sequence,sequana_cpu_dev,2,11373164.0,1000,1,48,242689,DENV_2-mexico-BVBRC_genome_sequence,81253.75,84162.4,165416.16,231.49,239.78,471.27,235.64,351.0, sdumont6165,58226488.32
14249.0,30528,318,4218744.0,163484.0,157900.0,4221984.0,3379.2,4485.12,3389.44,4495.36,1.0,0,44.0,55.0,1000bs-2n-48th-242689s-DENV_2-mexico-BVBRC_genome_sequence,sequana_cpu_dev,2,11373167.0,1000,1,48,242689,DENV_2-mexico-BVBRC_genome_sequence,73182.53,74586.61,147769.14,231.59,236.03,467.62,233.81,316.0, sdumont6165,46990586.52
24050.0,50496,526,4215756.0,166656.0,160560.0,4221828.0,4884.48,4505.6,5038.08,4505.6,561.0,0,28.0,30.0,1000bs-2n-48th-242689s-DENV_2-mexico-BVBRC_genome_sequence,sequana_cpu_dev,2,11373169.0,1000,1,48,242689,DENV_2-mexico-BVBRC_genome_sequence,128395.17,130048.78,258443.95,244.8,247.95,492.75,246.37,524.5, sdumont6165,135941517.70000002
15650.0,33216,346,4218534.0,165024.0,159740.0,4227536.0,3512.32,4495.36,3624.96,4505.6,492.0,0,42.0,47.0,1000bs-2n-48th-242689s-DENV_2-mexico-BVBRC_genome_sequence,sequana_cpu_dev,2,11373172.0,1000,1,48,242689,DENV_2-mexico-BVBRC_genome_sequence,81260.37,83104.61,164364.98,235.88,241.22,477.1,238.55,344.5, sdumont6165,56870283.080000006
35.0,270,45,1113472.0,153456.0,151136.0,1113540.0,1372.16,4218.88,1392.64,4218.88,1482.0,0,0.0,1.0,100bs-3n-2th-242689s-DENV_2-mexico-BVBRC_genome_sequence,sequana_cpu_dev,3,11373175.0,100,1,2,242689,DENV_2-mexico-BVBRC_genome_sequence,7115.42,5160.71,12276.13,161.71,117.29,279.0,93.0,44.0, sdumont6165,552425.85
0.0,150,25,265348.0,3152.0,3137.3330078125,265348.0,0.0,0.0,0.0,0.0,810.0,0,0.0,0.0,100bs-3n-2th-242689s-DENV_2-mexico-BVBRC_genome_sequence,sequana_cpu_dev,3,11373177.0,100,1,2,242689,DENV_2-mexico-BVBRC_genome_sequence,4059.03,2742.71,6801.73,169.13,114.28,283.41,94.47,24.0, sdumont6165,170043.25
44.0,336,56,1041134.666015625,153324.0,151034.666015625,1113608.0,1382.4,4229.12,1392.64,4229.12,1.0,0,0.0,0.0,100bs-3n-2th-242689s-DENV_2-mexico-BVBRC_genome_sequence,sequana_cpu_dev,3,11373178.0,100,1,2,242689,DENV_2-mexico-BVBRC_genome_sequence,8980.9,6529.19,15510.09,163.29,118.71,282.0,94.0,55.0, sdumont6165,868565.04
0.0,132,22,265348.0,3124.0,3118.666015625,265348.0,0.0,0.0,0.0,0.0,1.0,0,0.0,0.0,100bs-3n-2th-242689s-DENV_2-mexico-BVBRC_genome_sequence,sequana_cpu_dev,3,11373179.0,100,1,2,242689,DENV_2-mexico-BVBRC_genome_sequence,3552.23,2323.72,5875.95,169.15,110.65,279.81,93.27,21.0, sdumont6165,129270.9
40.0,240,40,1113456.0,152420.0,150714.666015625,1113540.0,1392.64,4218.88,1392.64,4218.88,1.0,0,0.0,0.0,100bs-3n-2th-242689s-DENV_2-mexico-BVBRC_genome_sequence,sequana_cpu_dev,3,11373180.0,100,1,2,242689,DENV_2-mexico-BVBRC_genome_sequence,6112.65,4348.7,10461.35,156.73,111.51,268.24,89.41,39.0, sdumont6165,418454.0
458.0,1830,305,1113508.0,156476.0,155630.666015625,1113636.0,3379.2,4403.2,3420.16,4403.2,1.0,0,80.0,236.0,1000bs-3n-2th-242689s-DENV_2-mexico-BVBRC_genome_sequence,sequana_cpu_dev,3,11373183.0,1000,1,2,242689,DENV_2-mexico-BVBRC_genome_sequence,54340.51,37943.59,92284.11,178.75,124.81,303.57,101.19,304.0, sdumont6167,28146653.55
416.0,1500,250,1113540.0,158244.0,156966.666015625,1113604.0,2949.12,4403.2,2969.6,4403.2,132.0,0,0.0,1.0,1000bs-3n-2th-242689s-DENV_2-mexico-BVBRC_genome_sequence,sequana_cpu_dev,3,11373185.0,1000,1,2,242689,DENV_2-mexico-BVBRC_genome_sequence,43886.89,29309.86,73196.75,176.96,118.18,295.15,98.38,248.0, sdumont6165,18299187.5
553.0,2376,396,1117132.0,157060.0,155808.0,1118944.0,4157.44,4413.44,4167.68,4413.44,689.0,0,0.0,0.0,1000bs-3n-2th-242689s-DENV_2-mexico-BVBRC_genome_sequence,sequana_cpu_dev,3,11373187.0,1000,1,2,242689,DENV_2-mexico-BVBRC_genome_sequence,65485.24,46519.27,112004.51,165.79,117.77,283.56,94.52,395.0, sdumont6165,44353785.96
334.0,1248,208,1191397.3330078125,160076.0,156130.666015625,1336196.0,2498.56,4382.72,2508.8,4392.96,1115.0,0,1.0,3.0,1000bs-3n-2th-242689s-DENV_2-mexico-BVBRC_genome_sequence,sequana_cpu_dev,3,11373191.0,1000,1,2,242689,DENV_2-mexico-BVBRC_genome_sequence,37591.37,24625.1,62216.46,181.6,118.96,300.56,100.19,207.0, sdumont6165,12941023.68
336.0,1242,207,1191414.666015625,154616.0,154321.3330078125,1341696.0,2498.56,4392.96,2508.8,4392.96,1123.0,0,23.0,54.0,1000bs-3n-2th-242689s-DENV_2-mexico-BVBRC_genome_sequence,sequana_cpu_dev,3,11373195.0,1000,1,2,242689,DENV_2-mexico-BVBRC_genome_sequence,37145.11,24370.99,61516.1,182.08,119.47,301.55,100.52,204.0, sdumont6165,12733832.7
0.0,252,14,265348.0,3156.0,2418.666015625,265348.0,0.0,0.0,0.0,0.0,124.0,0,0.0,0.0,100bs-3n-6th-242689s-DENV_2-mexico-BVBRC_genome_sequence,sequana_cpu_dev,3,11373201.0,100,1,6,242689,DENV_2-mexico-BVBRC_genome_sequence,2998.3,1425.25,4423.55,230.64,109.63,340.27,113.42,13.0, sdumont6165,61929.7
0.0,216,12,265348.0,3136.0,2413.3330078125,265348.0,0.0,0.0,0.0,0.0,207.0,0,0.0,0.0,100bs-3n-6th-242689s-DENV_2-mexico-BVBRC_genome_sequence,sequana_cpu_dev,3,11373203.0,100,1,6,242689,DENV_2-mexico-BVBRC_genome_sequence,2725.91,1285.02,4010.94,247.81,116.82,364.63,121.54,11.0, sdumont6165,48131.28
0.0,216,12,265348.0,3156.0,2437.3330078125,265348.0,0.0,0.0,0.0,0.0,2580.0,0,0.0,0.0,100bs-3n-6th-242689s-DENV_2-mexico-BVBRC_genome_sequence,sequana_cpu_dev,3,11373207.0,100,1,6,242689,DENV_2-mexico-BVBRC_genome_sequence,2607.44,1209.41,3816.85,237.04,109.95,346.99,115.66,11.0, sdumont6165,45802.2
0.0,270,15,265348.0,3080.0,1717.3330078125,265348.0,0.0,0.0,0.0,0.0,1186.0,0,0.0,0.0,100bs-3n-6th-242689s-DENV_2-mexico-BVBRC_genome_sequence,sequana_cpu_dev,3,11373214.0,100,1,6,242689,DENV_2-mexico-BVBRC_genome_sequence,3201.31,1560.1,4761.41,246.25,120.01,366.26,122.09,13.0, sdumont6165,71421.15
0.0,216,12,265348.0,3124.0,2424.0,265348.0,0.0,0.0,0.0,0.0,1114.0,0,0.0,0.0,100bs-3n-6th-242689s-DENV_2-mexico-BVBRC_genome_sequence,sequana_cpu_dev,3,11373218.0,100,1,6,242689,DENV_2-mexico-BVBRC_genome_sequence,2286.25,1082.43,3368.68,228.62,108.24,336.87,112.29,10.0, sdumont6165,40424.16
799.0,3186,177,1385162.666015625,158076.0,155692.0,1388836.0,2293.76,4392.96,2314.24,4403.2,1.0,0,79.0,235.0,1000bs-3n-6th-242689s-DENV_2-mexico-BVBRC_genome_sequence,sequana_cpu_dev,3,11373221.0,1000,1,6,242689,DENV_2-mexico-BVBRC_genome_sequence,44031.11,21964.2,65995.3,251.61,125.51,377.12,125.71,175.0, sdumont6167,11681168.1
1421.0,5148,286,1383365.3330078125,158480.0,157290.666015625,1383564.0,3205.12,4382.72,3276.8,4392.96,1.0,0,1.0,2.0,1000bs-3n-6th-242689s-DENV_2-mexico-BVBRC_genome_sequence,sequana_cpu_dev,3,11373223.0,1000,1,6,242689,DENV_2-mexico-BVBRC_genome_sequence,69768.49,35751.59,105520.08,245.36,125.74,371.1,123.7,284.33, sdumont6167,30178742.88
689.0,2232,124,1383362.666015625,152416.0,151154.666015625,1383412.0,2058.24,4433.92,2068.48,4505.6,1023.0,0,1.0,3.0,1000bs-3n-6th-242689s-DENV_2-mexico-BVBRC_genome_sequence,sequana_cpu_dev,3,11373226.0,1000,1,6,242689,DENV_2-mexico-BVBRC_genome_sequence,31040.17,14327.85,45368.02,252.36,116.49,368.85,122.95,123.0, sdumont6165,5625634.48
514.0,2124,118,1383354.666015625,156620.0,154386.666015625,1383400.0,1832.96,4352.0,1843.2,4352.0,544.0,0,1.0,3.0,1000bs-3n-6th-242689s-DENV_2-mexico-BVBRC_genome_sequence,sequana_cpu_dev,3,11373229.0,1000,1,6,242689,DENV_2-mexico-BVBRC_genome_sequence,30003.22,13885.45,43888.67,256.44,118.68,375.12,125.04,117.0, sdumont6165,5178863.06
521.0,1926,107,1387117.3330078125,164548.0,155416.0,1388972.0,1822.72,4372.48,1832.96,4372.48,648.0,0,0.0,1.0,1000bs-3n-6th-242689s-DENV_2-mexico-BVBRC_genome_sequence,sequana_cpu_dev,3,11373231.0,1000,1,6,242689,DENV_2-mexico-BVBRC_genome_sequence,27631.09,12765.13,40396.22,260.67,120.43,381.1,127.03,106.0, sdumont6165,4322395.54
634.0,2376,66,1788717.3330078125,156660.0,155046.666015625,1788876.0,1597.44,4218.88,1638.4,4218.88,1049.0,0,3.0,5.0,100bs-3n-12th-242689s-DENV_2-mexico-BVBRC_genome_sequence,sequana_cpu_dev,3,11373234.0,100,1,12,242689,DENV_2-mexico-BVBRC_genome_sequence,20815.61,7673.18,28488.79,320.24,118.05,438.29,146.1,65.0, sdumont6165,1880260.14
0.0,720,20,265348.0,3160.0,1745.3330078125,265348.0,0.0,0.0,0.0,0.0,201.0,0,0.0,0.0,100bs-3n-12th-242689s-DENV_2-mexico-BVBRC_genome_sequence,sequana_cpu_dev,3,11373238.0,100,1,12,242689,DENV_2-mexico-BVBRC_genome_sequence,4683.52,2068.25,6751.77,260.2,114.9,375.1,125.03,18.0, sdumont6167,135035.40000000002
0.0,468,13,265348.0,1040.0,1037.3330078125,265348.0,0.0,0.0,0.0,0.0,1.0,0,0.0,0.0,100bs-3n-12th-242689s-DENV_2-mexico-BVBRC_genome_sequence,sequana_cpu_dev,3,11373239.0,100,1,12,242689,DENV_2-mexico-BVBRC_genome_sequence,3187.0,1257.28,4444.28,318.7,125.73,444.43,148.14,10.0, sdumont6167,57775.64
0.0,864,24,265348.0,1040.0,1036.0,265348.0,0.0,0.0,0.0,0.0,82.0,0,0.0,0.0,100bs-3n-12th-242689s-DENV_2-mexico-BVBRC_genome_sequence,sequana_cpu_dev,3,11373241.0,100,1,12,242689,DENV_2-mexico-BVBRC_genome_sequence,5561.96,2329.08,7891.04,241.82,101.26,343.09,114.36,23.0, sdumont6165,189384.96
0.0,684,19,265348.0,1036.0,1036.0,265348.0,0.0,0.0,0.0,0.0,987.0,0,0.0,0.0,100bs-3n-12th-242689s-DENV_2-mexico-BVBRC_genome_sequence,sequana_cpu_dev,3,11373243.0,100,1,12,242689,DENV_2-mexico-BVBRC_genome_sequence,4751.88,1896.41,6648.29,268.52,107.45,375.98,125.33,17.67, sdumont6165,126317.51
1355.0,5184,144,1786524.0,155264.0,150897.3330078125,1794280.0,2058.24,4372.48,2068.48,4372.48,1100.0,0,6.0,10.0,1000bs-3n-12th-242689s-DENV_2-mexico-BVBRC_genome_sequence,sequana_cpu_dev,3,11373251.0,1000,1,12,242689,DENV_2-mexico-BVBRC_genome_sequence,46329.78,17083.62,63413.39,323.98,119.47,443.45,147.82,143.0, sdumont6165,9131528.16
1056.0,3600,100,1790570.666015625,156948.0,154121.3330078125,1794132.0,1832.96,4382.72,1832.96,4382.72,1167.0,0,6.0,10.0,1000bs-3n-12th-242689s-DENV_2-mexico-BVBRC_genome_sequence,sequana_cpu_dev,3,11373254.0,1000,1,12,242689,DENV_2-mexico-BVBRC_genome_sequence,32030.58,11975.13,44005.71,326.84,122.2,449.04,149.68,98.0, sdumont6165,4400571.0
1244.0,5220,145,1790565.3330078125,156968.0,156069.3330078125,1794404.0,2078.72,4362.24,2088.96,4372.48,2.0,0,183.0,264.0,1000bs-3n-12th-242689s-DENV_2-mexico-BVBRC_genome_sequence,sequana_cpu_dev,3,11373259.0,1000,1,12,242689,DENV_2-mexico-BVBRC_genome_sequence,43353.99,17243.0,60596.99,301.07,119.74,420.81,140.27,144.0, sdumont6168,8786563.549999999
2347.0,8388,233,1788676.0,158728.0,156645.3330078125,1788884.0,2785.28,4382.72,2795.52,4382.72,939.0,0,30.0,64.0,1000bs-3n-12th-242689s-DENV_2-mexico-BVBRC_genome_sequence,sequana_cpu_dev,3,11373260.0,1000,1,12,242689,DENV_2-mexico-BVBRC_genome_sequence,76623.25,27866.92,104490.18,330.27,120.12,450.39,150.13,232.0, sdumont6165,24346211.94
1384.0,4824,134,1788621.3330078125,164020.0,159380.0,1788736.0,2058.24,4392.96,2068.48,4392.96,302.0,0,39.0,107.0,1000bs-3n-12th-242689s-DENV_2-mexico-BVBRC_genome_sequence,sequana_cpu_dev,3,11373264.0,1000,1,12,242689,DENV_2-mexico-BVBRC_genome_sequence,44093.5,16878.67,60972.17,331.53,126.91,458.44,152.81,133.0, sdumont6167,8170270.779999999
0.0,756,14,265348.0,1040.0,1038.666015625,265348.0,0.0,0.0,0.0,0.0,1626.0,0,0.0,0.0,100bs-3n-18th-242689s-DENV_2-mexico-BVBRC_genome_sequence,sequana_cpu_dev,3,11373267.0,100,1,18,242689,DENV_2-mexico-BVBRC_genome_sequence,3700.48,1358.86,5059.34,284.65,104.53,389.18,129.73,13.0, sdumont6165,70830.76000000001
0.0,702,13,265348.0,3128.0,1734.666015625,265348.0,0.0,0.0,0.0,0.0,731.0,0,0.0,0.0,100bs-3n-18th-242689s-DENV_2-mexico-BVBRC_genome_sequence,sequana_cpu_dev,3,11373273.0,100,1,18,242689,DENV_2-mexico-BVBRC_genome_sequence,3471.15,1293.87,4765.02,335.76,125.25,461.01,153.67,10.33, sdumont6165,61945.26000000001
0.0,756,14,265348.0,3124.0,1729.3330078125,265348.0,0.0,0.0,0.0,0.0,772.0,0,0.0,0.0,100bs-3n-18th-242689s-DENV_2-mexico-BVBRC_genome_sequence,sequana_cpu_dev,3,11373277.0,100,1,18,242689,DENV_2-mexico-BVBRC_genome_sequence,3539.56,1345.73,4885.29,272.27,103.52,375.79,125.26,13.0, sdumont6165,68394.06
0.0,972,18,265348.0,1036.0,1034.666015625,265348.0,0.0,0.0,0.0,0.0,939.0,0,0.0,0.0,100bs-3n-18th-242689s-DENV_2-mexico-BVBRC_genome_sequence,sequana_cpu_dev,3,11373282.0,100,1,18,242689,DENV_2-mexico-BVBRC_genome_sequence,5062.17,1875.32,6937.48,316.39,117.21,433.59,144.53,16.0, sdumont6165,124874.63999999998
462.0,2268,42,2121789.3330078125,152748.0,151144.0,2194240.0,1382.4,4218.88,1392.64,4218.88,1.0,0,92.0,252.0,100bs-3n-18th-242689s-DENV_2-mexico-BVBRC_genome_sequence,sequana_cpu_dev,3,11373285.0,100,1,18,242689,DENV_2-mexico-BVBRC_genome_sequence,13478.51,4961.02,18439.54,328.74,121.0,449.74,149.91,41.0, sdumont6167,774460.68
2116.0,7020,130,2270224.0,161200.0,159760.0,2422332.0,2037.76,4392.96,2058.24,4392.96,1.0,0,14.0,17.0,1000bs-3n-18th-242689s-DENV_2-mexico-BVBRC_genome_sequence,sequana_cpu_dev,3,11373286.0,1000,1,18,242689,DENV_2-mexico-BVBRC_genome_sequence,42476.31,15693.24,58169.55,337.11,124.55,461.66,153.89,126.0, sdumont6167,7562041.5
2114.0,6642,123,2268418.666015625,158940.0,156316.0,2416912.0,2078.72,4433.92,2150.4,4505.6,1.0,0,12.0,16.0,1000bs-3n-18th-242689s-DENV_2-mexico-BVBRC_genome_sequence,sequana_cpu_dev,3,11373288.0,1000,1,18,242689,DENV_2-mexico-BVBRC_genome_sequence,41416.12,15370.74,56786.86,339.48,125.99,465.47,155.16,122.0, sdumont6167,6984783.78
2102.0,8100,150,2197440.0,163284.0,157648.0,2203960.0,2068.48,4372.48,2068.48,4372.48,1.0,0,13.0,15.0,1000bs-3n-18th-242689s-DENV_2-mexico-BVBRC_genome_sequence,sequana_cpu_dev,3,11373289.0,1000,1,18,242689,DENV_2-mexico-BVBRC_genome_sequence,51324.4,18651.03,69975.43,346.02,125.75,471.76,157.25,148.33, sdumont6167,10496314.499999998
4146.0,13230,245,2196006.666015625,165540.0,162020.0,2199656.0,2979.84,4403.2,3041.28,4403.2,611.0,0,15.0,18.0,1000bs-3n-18th-242689s-DENV_2-mexico-BVBRC_genome_sequence,sequana_cpu_dev,3,11373291.0,1000,1,18,242689,DENV_2-mexico-BVBRC_genome_sequence,85422.86,29027.23,114450.09,350.09,118.96,469.06,156.35,244.0, sdumont6165,28040272.05
2112.0,7992,148,2190096.0,161168.0,155733.3330078125,2194384.0,2058.24,4392.96,2068.48,4392.96,1104.0,0,11.0,14.0,1000bs-3n-18th-242689s-DENV_2-mexico-BVBRC_genome_sequence,sequana_cpu_dev,3,11373297.0,1000,1,18,242689,DENV_2-mexico-BVBRC_genome_sequence,49637.11,17298.9,66936.02,342.32,119.3,461.63,153.88,145.0, sdumont6165,9906530.96
0.0,1080,15,265348.0,3076.0,1716.0,265348.0,0.0,0.0,0.0,0.0,1086.0,0,0.0,0.0,100bs-3n-24th-242689s-DENV_2-mexico-BVBRC_genome_sequence,sequana_cpu_dev,3,11373301.0,100,1,24,242689,DENV_2-mexico-BVBRC_genome_sequence,4590.78,1616.53,6207.31,327.91,115.47,443.38,147.79,14.0, sdumont6165,93109.65
0.0,1584,22,265348.0,3120.0,2396.0,265348.0,0.0,0.0,0.0,0.0,1133.0,0,0.0,0.0,100bs-3n-24th-242689s-DENV_2-mexico-BVBRC_genome_sequence,sequana_cpu_dev,3,11373306.0,100,1,24,242689,DENV_2-mexico-BVBRC_genome_sequence,5200.57,2214.8,7415.37,260.03,110.74,370.77,123.59,20.0, sdumont6165,163138.13999999998
0.0,1584,22,265348.0,3096.0,1721.3330078125,265348.0,0.0,0.0,0.0,0.0,1.0,0,0.0,0.0,100bs-3n-24th-242689s-DENV_2-mexico-BVBRC_genome_sequence,sequana_cpu_dev,3,11373308.0,100,1,24,242689,DENV_2-mexico-BVBRC_genome_sequence,5261.45,2325.59,7587.04,263.07,116.28,379.35,126.45,20.0, sdumont6167,166914.88
0.0,1080,15,265348.0,1036.0,1034.666015625,265348.0,0.0,0.0,0.0,0.0,1.0,0,0.0,0.0,100bs-3n-24th-242689s-DENV_2-mexico-BVBRC_genome_sequence,sequana_cpu_dev,3,11373309.0,100,1,24,242689,DENV_2-mexico-BVBRC_genome_sequence,3993.47,1432.48,5425.95,332.79,119.37,452.16,150.72,12.0, sdumont6167,81389.25
0.0,1224,17,265348.0,3160.0,2421.3330078125,265348.0,0.0,0.0,0.0,0.0,1.0,0,0.0,0.0,100bs-3n-24th-242689s-DENV_2-mexico-BVBRC_genome_sequence,sequana_cpu_dev,3,11373310.0,100,1,24,242689,DENV_2-mexico-BVBRC_genome_sequence,4693.05,1648.83,6341.88,335.22,117.77,452.99,151.0,14.0, sdumont6167,107811.96
6285.0,19944,277,2675904.0,161688.0,160349.3330078125,2822596.0,3164.16,4403.2,3266.56,4403.2,831.0,0,28.0,33.0,1000bs-3n-24th-242689s-DENV_2-mexico-BVBRC_genome_sequence,sequana_cpu_dev,3,11373313.0,1000,1,24,242689,DENV_2-mexico-BVBRC_genome_sequence,106972.12,33074.77,140046.89,387.58,119.84,507.42,169.14,276.0, sdumont6165,38792988.53
3538.0,11448,159,2595684.0,157868.0,151628.0,2599924.0,2273.28,4392.96,2283.52,4403.2,734.0,0,21.0,29.0,1000bs-3n-24th-242689s-DENV_2-mexico-BVBRC_genome_sequence,sequana_cpu_dev,3,11373320.0,1000,1,24,242689,DENV_2-mexico-BVBRC_genome_sequence,59292.13,19158.26,78450.38,377.66,122.03,499.68,166.56,157.0, sdumont6165,12473610.42
2816.0,10224,142,2601536.0,161540.0,156722.666015625,2605196.0,1996.8,4372.48,2068.48,4372.48,1165.0,0,27.0,37.0,1000bs-3n-24th-242689s-DENV_2-mexico-BVBRC_genome_sequence,sequana_cpu_dev,3,11373322.0,1000,1,24,242689,DENV_2-mexico-BVBRC_genome_sequence,52894.88,17320.95,70215.83,376.86,123.41,500.27,166.76,140.33, sdumont6165,9970647.86
3411.0,12528,174,2673996.0,163800.0,160357.3330078125,2822588.0,2211.84,4392.96,2263.04,4392.96,1.0,0,122.0,257.0,1000bs-3n-24th-242689s-DENV_2-mexico-BVBRC_genome_sequence,sequana_cpu_dev,3,11373326.0,1000,1,24,242689,DENV_2-mexico-BVBRC_genome_sequence,64332.19,21785.7,86117.89,373.31,126.42,499.74,166.58,172.33, sdumont6167,14984512.86
2805.0,10872,151,2599718.666015625,163144.0,160214.666015625,2599904.0,2037.76,4362.24,2058.24,4372.48,1.0,0,35.0,56.0,1000bs-3n-24th-242689s-DENV_2-mexico-BVBRC_genome_sequence,sequana_cpu_dev,3,11373327.0,1000,1,24,242689,DENV_2-mexico-BVBRC_genome_sequence,56936.18,19143.89,76080.07,380.38,127.92,508.3,169.43,149.67, sdumont6167,11488090.57
0.0,2700,30,265348.0,3152.0,3140.0,265348.0,0.0,0.0,0.0,0.0,107.0,0,0.0,0.0,100bs-3n-30th-242689s-DENV_2-mexico-BVBRC_genome_sequence,sequana_cpu_dev,3,11373329.0,100,1,30,242689,DENV_2-mexico-BVBRC_genome_sequence,10342.3,6712.41,17054.71,356.63,231.46,588.09,196.03,29.0, sdumont6165,511641.3
0.0,2520,28,265348.0,3064.0,1713.3330078125,265348.0,0.0,0.0,0.0,0.0,20.0,0,0.0,0.0,100bs-3n-30th-242689s-DENV_2-mexico-BVBRC_genome_sequence,sequana_cpu_dev,3,11373331.0,100,1,30,242689,DENV_2-mexico-BVBRC_genome_sequence,7450.84,5384.13,12834.97,286.57,207.08,493.65,164.55,26.0, sdumont6083,359379.16
0.0,2700,30,265348.0,3156.0,3125.3330078125,265348.0,0.0,0.0,0.0,0.0,651.0,0,0.0,0.0,100bs-3n-30th-242689s-DENV_2-mexico-BVBRC_genome_sequence,sequana_cpu_dev,3,11373332.0,100,1,30,242689,DENV_2-mexico-BVBRC_genome_sequence,10251.67,6690.56,16942.23,366.13,238.95,605.08,201.69,28.0, sdumont6165,508266.9
0.0,1620,18,265348.0,3164.0,3112.0,265348.0,0.0,0.0,0.0,0.0,1193.0,0,0.0,0.0,100bs-3n-30th-242689s-DENV_2-mexico-BVBRC_genome_sequence,sequana_cpu_dev,3,11373334.0,100,1,30,242689,DENV_2-mexico-BVBRC_genome_sequence,5357.07,3708.95,9066.02,334.82,231.81,566.63,188.88,16.0, sdumont6165,163188.36000000002
0.0,1890,21,265348.0,3160.0,2440.0,265348.0,0.0,0.0,0.0,0.0,1116.0,0,0.0,0.0,100bs-3n-30th-242689s-DENV_2-mexico-BVBRC_genome_sequence,sequana_cpu_dev,3,11373337.0,100,1,30,242689,DENV_2-mexico-BVBRC_genome_sequence,6721.53,4526.54,11248.08,336.08,226.33,562.4,187.47,20.0, sdumont6165,236209.68
5289.0,16830,187,3159280.0,165344.0,162828.0,3233544.0,2467.84,4392.96,2478.08,4403.2,1.0,0,81.0,124.0,1000bs-3n-30th-242689s-DENV_2-mexico-BVBRC_genome_sequence,sequana_cpu_dev,3,11373339.0,1000,1,30,242689,DENV_2-mexico-BVBRC_genome_sequence,68256.69,46147.87,114404.56,366.97,248.11,615.08,205.03,186.0, sdumont6167,21393652.72
4426.0,16110,179,3079557.3330078125,158132.0,157928.0,3227996.0,2222.08,4382.72,2263.04,4392.96,79.0,0,20.0,27.0,1000bs-3n-30th-242689s-DENV_2-mexico-BVBRC_genome_sequence,sequana_cpu_dev,3,11373341.0,1000,1,30,242689,DENV_2-mexico-BVBRC_genome_sequence,64966.58,43198.44,108165.02,364.98,242.69,607.67,202.56,178.0, sdumont6165,19361538.58
4394.0,16020,178,3007181.3330078125,162208.0,159430.666015625,3010892.0,2232.32,4372.48,2263.04,4372.48,606.0,0,18.0,30.0,1000bs-3n-30th-242689s-DENV_2-mexico-BVBRC_genome_sequence,sequana_cpu_dev,3,11373343.0,1000,1,30,242689,DENV_2-mexico-BVBRC_genome_sequence,63821.93,42564.58,106386.51,362.62,241.84,604.47,201.49,176.0, sdumont6165,18936798.78
4396.0,15930,177,3007132.0,164232.0,160789.3330078125,3010744.0,2232.32,4372.48,2263.04,4382.72,927.0,0,15.0,18.0,1000bs-3n-30th-242689s-DENV_2-mexico-BVBRC_genome_sequence,sequana_cpu_dev,3,11373345.0,1000,1,30,242689,DENV_2-mexico-BVBRC_genome_sequence,62739.57,42030.46,104770.02,360.57,241.55,602.13,200.71,174.0, sdumont6165,18544293.54
4424.0,15390,171,3007081.3330078125,163928.0,159334.666015625,3010744.0,2263.04,4372.48,2263.04,4382.72,1139.0,0,27.0,32.0,1000bs-3n-30th-242689s-DENV_2-mexico-BVBRC_genome_sequence,sequana_cpu_dev,3,11373347.0,1000,1,30,242689,DENV_2-mexico-BVBRC_genome_sequence,61338.86,41320.59,102659.45,360.82,243.06,603.88,201.29,170.0, sdumont6165,17554765.95
0.0,3024,28,265348.0,3124.0,1730.666015625,265348.0,0.0,0.0,0.0,0.0,1.0,0,0.0,0.0,100bs-3n-36th-242689s-DENV_2-mexico-BVBRC_genome_sequence,sequana_cpu_dev,3,11373349.0,100,1,36,242689,DENV_2-mexico-BVBRC_genome_sequence,8569.07,7572.64,16141.71,317.37,280.47,597.84,199.28,27.0, sdumont6167,451967.88
0.0,2484,23,265348.0,3152.0,3112.0,265348.0,0.0,0.0,0.0,0.0,1.0,0,0.0,0.0,100bs-3n-36th-242689s-DENV_2-mexico-BVBRC_genome_sequence,sequana_cpu_dev,3,11373350.0,100,1,36,242689,DENV_2-mexico-BVBRC_genome_sequence,7195.13,6255.54,13450.67,342.63,297.88,640.51,213.5,21.0, sdumont6167,309365.41
0.0,2268,21,265348.0,3180.0,3132.0,265348.0,0.0,0.0,0.0,0.0,219.0,0,0.0,0.0,100bs-3n-36th-242689s-DENV_2-mexico-BVBRC_genome_sequence,sequana_cpu_dev,3,11373352.0,100,1,36,242689,DENV_2-mexico-BVBRC_genome_sequence,6028.87,5168.3,11197.18,317.31,272.02,589.33,196.44,19.0, sdumont6165,235140.78
0.0,2376,22,265348.0,3188.0,3153.3330078125,265348.0,0.0,0.0,0.0,0.0,1100.0,0,0.0,0.0,100bs-3n-36th-242689s-DENV_2-mexico-BVBRC_genome_sequence,sequana_cpu_dev,3,11373354.0,100,1,36,242689,DENV_2-mexico-BVBRC_genome_sequence,7028.93,6044.17,13073.1,340.73,292.77,633.49,211.16,20.67, sdumont6165,287608.2
0.0,2160,20,265348.0,3172.0,3125.3330078125,265348.0,0.0,0.0,0.0,0.0,1152.0,0,0.0,0.0,100bs-3n-36th-242689s-DENV_2-mexico-BVBRC_genome_sequence,sequana_cpu_dev,3,11373356.0,100,1,36,242689,DENV_2-mexico-BVBRC_genome_sequence,6308.05,5578.47,11886.52,332.0,293.6,625.61,208.54,19.0, sdumont6165,237730.4
6347.0,20196,187,3412729.3330078125,162096.0,158882.666015625,3416580.0,2478.08,4403.2,2488.32,4403.2,1197.0,0,37.0,50.0,1000bs-3n-36th-242689s-DENV_2-mexico-BVBRC_genome_sequence,sequana_cpu_dev,3,11373358.0,1000,1,36,242689,DENV_2-mexico-BVBRC_genome_sequence,65798.48,56582.22,122380.7,355.67,305.85,661.52,220.51,185.0, sdumont6165,22885190.9
5984.0,20304,188,3406773.3330078125,164488.0,160344.0,3410880.0,2488.32,4392.96,2488.32,4403.2,1.0,0,125.0,268.0,1000bs-3n-36th-242689s-DENV_2-mexico-BVBRC_genome_sequence,sequana_cpu_dev,3,11373360.0,1000,1,36,242689,DENV_2-mexico-BVBRC_genome_sequence,64417.02,56028.71,120445.73,346.33,301.23,647.56,215.85,186.0, sdumont6167,22643797.24
5299.0,19332,179,3485141.3330078125,162404.0,161646.666015625,3633544.0,2242.56,4382.72,2252.8,4392.96,1.0,0,15.0,19.0,1000bs-3n-36th-242689s-DENV_2-mexico-BVBRC_genome_sequence,sequana_cpu_dev,3,11373361.0,1000,1,36,242689,DENV_2-mexico-BVBRC_genome_sequence,63840.71,55669.46,119510.17,360.68,314.52,675.2,225.07,177.0, sdumont6167,21392320.43
5328.0,17712,164,3486904.0,165868.0,163557.3330078125,3639104.0,2242.56,4382.72,2263.04,4392.96,49.0,0,29.0,47.0,1000bs-3n-36th-242689s-DENV_2-mexico-BVBRC_genome_sequence,sequana_cpu_dev,3,11373363.0,1000,1,36,242689,DENV_2-mexico-BVBRC_genome_sequence,56894.45,48538.46,105432.91,351.2,299.62,650.82,216.94,162.0, sdumont6165,17290997.240000002
6292.0,19764,183,3412773.3330078125,162568.0,161792.0,3416436.0,2447.36,4403.2,2478.08,4403.2,669.0,0,186.0,283.0,1000bs-3n-36th-242689s-DENV_2-mexico-BVBRC_genome_sequence,sequana_cpu_dev,3,11373365.0,1000,1,36,242689,DENV_2-mexico-BVBRC_genome_sequence,63725.52,55244.22,118969.75,352.07,305.22,657.29,219.1,181.0, sdumont6168,21771464.25
0.0,2394,19,265348.0,3172.0,2456.0,265348.0,0.0,0.0,0.0,0.0,399.0,0,0.0,0.0,100bs-3n-42th-242689s-DENV_2-mexico-BVBRC_genome_sequence,sequana_cpu_dev,3,11373367.0,100,1,42,242689,DENV_2-mexico-BVBRC_genome_sequence,5565.09,4968.64,10533.73,309.17,276.04,585.21,195.07,18.0, sdumont6168,200140.87
0.0,2646,21,265348.0,3220.0,3172.0,265348.0,0.0,0.0,0.0,0.0,143.0,0,0.0,0.0,100bs-3n-42th-242689s-DENV_2-mexico-BVBRC_genome_sequence,sequana_cpu_dev,3,11373368.0,100,1,42,242689,DENV_2-mexico-BVBRC_genome_sequence,6426.68,5833.51,12260.19,326.56,296.45,623.01,207.67,19.67, sdumont6165,257463.99
1085.0,6426,51,3744096.0,156184.0,155216.0,3816432.0,1382.4,4218.88,1392.64,4218.88,758.0,0,26.0,28.0,100bs-3n-42th-242689s-DENV_2-mexico-BVBRC_genome_sequence,sequana_cpu_dev,3,11373370.0,100,1,42,242689,DENV_2-mexico-BVBRC_genome_sequence,17500.75,16236.83,33737.58,357.16,331.36,688.52,229.51,49.0, sdumont6168,1720616.58
0.0,2898,23,265348.0,3140.0,1736.0,265348.0,0.0,0.0,0.0,0.0,320.0,0,0.0,0.0,100bs-3n-42th-242689s-DENV_2-mexico-BVBRC_genome_sequence,sequana_cpu_dev,3,11373371.0,100,1,42,242689,DENV_2-mexico-BVBRC_genome_sequence,6998.78,6285.89,13284.67,333.28,299.33,632.6,210.87,21.0, sdumont6165,305547.41
1069.0,11214,89,3820088.0,155988.0,154952.0,3822004.0,1361.92,4218.88,1392.64,4218.88,1.0,0,88.0,221.0,100bs-3n-42th-242689s-DENV_2-mexico-BVBRC_genome_sequence,sequana_cpu_dev,3,11373373.0,100,1,42,242689,DENV_2-mexico-BVBRC_genome_sequence,19923.2,18781.6,38704.8,362.24,341.48,703.72,234.57,55.0, sdumont6167,3444727.2
7446.0,23184,184,3818228.0,163264.0,162109.3330078125,3821844.0,2406.4,4403.2,2457.6,4403.2,1.0,0,36.0,46.0,1000bs-3n-42th-242689s-DENV_2-mexico-BVBRC_genome_sequence,sequana_cpu_dev,3,11373374.0,1000,1,42,242689,DENV_2-mexico-BVBRC_genome_sequence,64421.48,58536.24,122957.72,353.96,321.63,675.59,225.2,182.0, sdumont6167,22624220.48
7464.0,26838,213,3890752.0,167332.0,163313.3330078125,4039244.0,2580.48,4413.44,2856.96,4444.16,1.0,0,19.0,37.0,1000bs-3n-42th-242689s-DENV_2-mexico-BVBRC_genome_sequence,sequana_cpu_dev,3,11373375.0,1000,1,42,242689,DENV_2-mexico-BVBRC_genome_sequence,76697.11,70147.29,146844.4,366.97,335.63,702.6,234.2,209.0, sdumont6167,31277857.2
8298.0,26586,211,3816332.0,165052.0,162226.666015625,3816432.0,2877.44,4526.08,3031.04,4741.12,7.0,0,21.0,37.0,1000bs-3n-42th-242689s-DENV_2-mexico-BVBRC_genome_sequence,sequana_cpu_dev,3,11373377.0,1000,1,42,242689,DENV_2-mexico-BVBRC_genome_sequence,75175.52,68051.78,143227.3,359.69,325.61,685.3,228.43,209.0, sdumont6168,30220960.3
7474.0,23940,190,3966684.0,164896.0,159954.666015625,4044680.0,2437.12,4392.96,2467.84,4403.2,1173.0,0,30.0,36.0,1000bs-3n-42th-242689s-DENV_2-mexico-BVBRC_genome_sequence,sequana_cpu_dev,3,11373379.0,1000,1,42,242689,DENV_2-mexico-BVBRC_genome_sequence,64339.64,57845.04,122184.69,345.91,310.99,656.91,218.97,186.0, sdumont6165,23215091.1
6232.0,22428,178,3890598.666015625,164788.0,159498.666015625,4039096.0,2242.56,4372.48,2242.56,4382.72,1143.0,0,36.0,41.0,1000bs-3n-42th-242689s-DENV_2-mexico-BVBRC_genome_sequence,sequana_cpu_dev,3,11373382.0,1000,1,42,242689,DENV_2-mexico-BVBRC_genome_sequence,61929.08,55421.89,117350.98,349.88,313.12,663.0,221.0,177.0, sdumont6165,20888474.44
1294.0,4608,32,4221912.0,156716.0,155821.3330078125,4221972.0,1382.4,4229.12,1392.64,4229.12,1105.0,0,47.0,59.0,100bs-3n-48th-242689s-DENV_2-mexico-BVBRC_genome_sequence,sequana_cpu_dev,3,11373384.0,100,1,48,242689,DENV_2-mexico-BVBRC_genome_sequence,10880.05,10831.48,21711.53,350.97,349.4,700.37,233.46,31.0, sdumont6165,694768.96
1085.0,6768,47,4222017.3330078125,155456.0,155118.666015625,4222096.0,1392.64,4218.88,1392.64,4229.12,4.0,0,122.0,273.0,100bs-3n-48th-242689s-DENV_2-mexico-BVBRC_genome_sequence,sequana_cpu_dev,3,11373386.0,100,1,48,242689,DENV_2-mexico-BVBRC_genome_sequence,15304.28,15539.61,30843.88,337.4,342.75,680.15,226.72,45.33, sdumont6167,1449662.36
0.0,3888,27,265348.0,3164.0,3118.666015625,265348.0,0.0,0.0,0.0,0.0,1.0,0,0.0,0.0,100bs-3n-48th-242689s-DENV_2-mexico-BVBRC_genome_sequence,sequana_cpu_dev,3,11373387.0,100,1,48,242689,DENV_2-mexico-BVBRC_genome_sequence,8769.36,8895.73,17665.09,350.77,355.83,706.6,235.53,25.0, sdumont6167,476957.43
0.0,4320,30,265348.0,3140.0,2404.0,265348.0,0.0,0.0,0.0,0.0,1.0,0,0.0,0.0,100bs-3n-48th-242689s-DENV_2-mexico-BVBRC_genome_sequence,sequana_cpu_dev,3,11373388.0,100,1,48,242689,DENV_2-mexico-BVBRC_genome_sequence,9888.31,9986.53,19874.84,366.23,369.87,736.11,245.37,27.0, sdumont6167,596245.2
0.0,3888,27,265348.0,3140.0,2414.666015625,265348.0,0.0,0.0,0.0,0.0,78.0,0,0.0,0.0,100bs-3n-48th-242689s-DENV_2-mexico-BVBRC_genome_sequence,sequana_cpu_dev,3,11373390.0,100,1,48,242689,DENV_2-mexico-BVBRC_genome_sequence,8606.55,8582.1,17188.65,344.26,343.28,687.55,229.18,25.0, sdumont6165,464093.5500000001
11367.0,35136,244,4223774.666015625,166832.0,164710.666015625,4227384.0,2897.92,4403.2,2959.36,4403.2,780.0,0,53.0,65.0,1000bs-3n-48th-242689s-DENV_2-mexico-BVBRC_genome_sequence,sequana_cpu_dev,3,11373392.0,1000,1,48,242689,DENV_2-mexico-BVBRC_genome_sequence,88715.79,87662.04,176377.83,366.11,361.74,727.84,242.61,242.33, sdumont6165,43036190.52
11388.0,37440,260,4372228.0,170164.0,165221.3330078125,4450056.0,2877.44,4392.96,2938.88,4403.2,794.0,0,29.0,32.0,1000bs-3n-48th-242689s-DENV_2-mexico-BVBRC_genome_sequence,sequana_cpu_dev,3,11373396.0,1000,1,48,242689,DENV_2-mexico-BVBRC_genome_sequence,95730.02,95293.52,191023.54,369.61,367.93,737.54,245.85,259.0, sdumont6165,49666120.4
11383.0,37584,261,4376116.0,170072.0,167101.3330078125,4450204.0,2949.12,4403.2,2969.6,4403.2,1189.0,0,39.0,54.0,1000bs-3n-48th-242689s-DENV_2-mexico-BVBRC_genome_sequence,sequana_cpu_dev,3,11373399.0,1000,1,48,242689,DENV_2-mexico-BVBRC_genome_sequence,96625.62,96796.94,193422.56,372.15,372.79,744.94,248.31,259.67, sdumont6165,50483288.16
11125.0,39024,271,4298001.3330078125,167008.0,164533.3330078125,4450208.0,2897.92,4392.96,2969.6,4403.2,1.0,0,160.0,293.0,1000bs-3n-48th-242689s-DENV_2-mexico-BVBRC_genome_sequence,sequana_cpu_dev,3,11373406.0,1000,1,48,242689,DENV_2-mexico-BVBRC_genome_sequence,99559.72,100894.66,200454.38,370.11,375.07,745.18,248.39,269.0, sdumont6167,54323136.98
8536.0,29376,204,4221922.666015625,166620.0,165222.666015625,4221988.0,2467.84,4382.72,2508.8,4382.72,1.0,0,45.0,49.0,1000bs-3n-48th-242689s-DENV_2-mexico-BVBRC_genome_sequence,sequana_cpu_dev,3,11373410.0,1000,1,48,242689,DENV_2-mexico-BVBRC_genome_sequence,73370.18,73701.91,147072.09,363.22,364.86,728.08,242.69,202.0, sdumont6167,30002706.36
0.0,144,18,265348.0,3080.0,3063.0,265348.0,0.0,0.0,0.0,0.0,848.0,0,0.0,0.0,100bs-4n-2th-242689s-DENV_2-mexico-BVBRC_genome_sequence,sequana_cpu_dev,4,11373414.0,100,1,2,242689,DENV_2-mexico-BVBRC_genome_sequence,3575.23,2460.58,6035.81,210.31,144.74,355.05,88.76,17.0, sdumont6165,108644.58
0.0,208,26,265348.0,3172.0,2598.0,265348.0,0.0,0.0,0.0,0.0,238.0,0,0.0,0.0,100bs-4n-2th-242689s-DENV_2-mexico-BVBRC_genome_sequence,sequana_cpu_dev,4,11373422.0,100,1,2,242689,DENV_2-mexico-BVBRC_genome_sequence,4944.11,3501.24,8445.35,197.76,140.05,337.81,84.45,25.0, sdumont6168,219579.1
0.0,144,18,265348.0,3124.0,3087.0,265348.0,0.0,0.0,0.0,0.0,2.0,0,0.0,0.0,100bs-4n-2th-242689s-DENV_2-mexico-BVBRC_genome_sequence,sequana_cpu_dev,4,11373424.0,100,1,2,242689,DENV_2-mexico-BVBRC_genome_sequence,4193.07,2702.76,6895.84,246.65,158.99,405.64,101.41,17.0, sdumont6168,124125.12
0.0,128,16,265348.0,3140.0,3114.0,265348.0,0.0,0.0,0.0,0.0,5.0,0,0.0,0.0,100bs-4n-2th-242689s-DENV_2-mexico-BVBRC_genome_sequence,sequana_cpu_dev,4,11373426.0,100,1,2,242689,DENV_2-mexico-BVBRC_genome_sequence,3644.79,2329.17,5973.96,242.99,155.28,398.26,99.57,15.0, sdumont6168,95583.36
0.0,136,17,265348.0,3144.0,3094.0,265348.0,0.0,0.0,0.0,0.0,9.0,0,0.0,0.0,100bs-4n-2th-242689s-DENV_2-mexico-BVBRC_genome_sequence,sequana_cpu_dev,4,11373428.0,100,1,2,242689,DENV_2-mexico-BVBRC_genome_sequence,3735.37,2388.96,6124.33,233.46,149.31,382.77,95.69,16.0, sdumont6168,104113.61
423.0,2432,304,1113177.0,156336.0,152156.0,1118812.0,3471.36,4362.24,3491.84,4362.24,400.0,0,0.0,0.0,1000bs-4n-2th-242689s-DENV_2-mexico-BVBRC_genome_sequence,sequana_cpu_dev,4,11373433.0,1000,1,2,242689,DENV_2-mexico-BVBRC_genome_sequence,66471.95,48578.95,115050.9,219.38,160.33,379.71,94.93,303.0, sdumont6165,34975473.6
300.0,1584,198,1168782.0,156276.0,151649.0,1341604.0,2396.16,4352.0,2508.8,4352.0,1233.0,0,308.0,761.0,1000bs-4n-2th-242689s-DENV_2-mexico-BVBRC_genome_sequence,sequana_cpu_dev,4,11373445.0,1000,1,2,242689,DENV_2-mexico-BVBRC_genome_sequence,45849.44,30363.59,76213.03,232.74,154.13,386.87,96.72,197.0, sdumont6168,15090179.94
421.0,2496,312,1110403.0,160164.0,154145.0,1113384.0,3399.68,4362.24,3471.36,4362.24,10.0,0,129.0,516.0,1000bs-4n-2th-242689s-DENV_2-mexico-BVBRC_genome_sequence,sequana_cpu_dev,4,11373453.0,1000,1,2,242689,DENV_2-mexico-BVBRC_genome_sequence,69623.1,48707.18,118330.28,224.59,157.12,381.71,95.43,310.0, sdumont6168,36919047.36
323.0,1864,233,1113260.0,158356.0,152034.0,1119088.0,2703.36,4352.0,2764.8,4352.0,216.0,0,179.0,245.0,1000bs-4n-2th-242689s-DENV_2-mexico-BVBRC_genome_sequence,sequana_cpu_dev,4,11373454.0,1000,1,2,242689,DENV_2-mexico-BVBRC_genome_sequence,56404.84,38105.4,94510.24,243.93,164.77,408.7,102.18,231.25, sdumont6168,22020885.92
315.0,1512,189,1167534.0,157960.0,154026.0,1336344.0,2467.84,4352.0,2508.8,4352.0,13.0,0,0.0,0.0,1000bs-4n-2th-242689s-DENV_2-mexico-BVBRC_genome_sequence,sequana_cpu_dev,4,11373464.0,1000,1,2,242689,DENV_2-mexico-BVBRC_genome_sequence,47653.32,31224.32,78877.64,255.85,167.67,423.51,105.88,186.25, sdumont6168,14907873.96
0.0,240,10,265348.0,3160.0,2609.0,265348.0,0.0,0.0,0.0,0.0,16.0,0,0.0,0.0,100bs-4n-6th-242689s-DENV_2-mexico-BVBRC_genome_sequence,sequana_cpu_dev,4,11373467.0,100,1,6,242689,DENV_2-mexico-BVBRC_genome_sequence,2977.98,1417.26,4395.23,330.89,157.47,488.36,122.09,9.0, sdumont6168,43952.3
0.0,360,15,265348.0,3192.0,2630.0,265348.0,0.0,0.0,0.0,0.0,19.0,0,0.0,0.0,100bs-4n-6th-242689s-DENV_2-mexico-BVBRC_genome_sequence,sequana_cpu_dev,4,11373468.0,100,1,6,242689,DENV_2-mexico-BVBRC_genome_sequence,4685.61,2221.64,6907.25,334.69,158.69,493.38,123.34,14.0, sdumont6168,103608.75
0.0,264,11,265348.0,3208.0,2628.0,265348.0,0.0,0.0,0.0,0.0,21.0,0,0.0,0.0,100bs-4n-6th-242689s-DENV_2-mexico-BVBRC_genome_sequence,sequana_cpu_dev,4,11373469.0,100,1,6,242689,DENV_2-mexico-BVBRC_genome_sequence,2997.76,1432.47,4430.23,299.78,143.25,443.02,110.76,10.0, sdumont6168,48732.53
134.0,912,38,1380103.0,153964.0,148998.0,1383116.0,1402.88,4229.12,1413.12,4239.36,24.0,0,0.0,2.0,100bs-4n-6th-242689s-DENV_2-mexico-BVBRC_genome_sequence,sequana_cpu_dev,4,11373471.0,100,1,6,242689,DENV_2-mexico-BVBRC_genome_sequence,11342.76,5901.42,17244.18,306.56,159.5,466.06,116.51,37.0, sdumont6168,655278.84
0.0,312,13,265348.0,3224.0,2650.0,265348.0,0.0,0.0,0.0,0.0,30.0,0,0.0,0.0,100bs-4n-6th-242689s-DENV_2-mexico-BVBRC_genome_sequence,sequana_cpu_dev,4,11373472.0,100,1,6,242689,DENV_2-mexico-BVBRC_genome_sequence,3565.5,1725.88,5291.38,324.14,156.9,481.03,120.26,11.0, sdumont6168,68787.94
512.0,2472,103,1380145.0,158652.0,153340.0,1383120.0,1832.96,4341.76,1832.96,4352.0,1.0,0,1.0,1.0,1000bs-4n-6th-242689s-DENV_2-mexico-BVBRC_genome_sequence,sequana_cpu_dev,4,11373474.0,1000,1,6,242689,DENV_2-mexico-BVBRC_genome_sequence,35895.15,16704.73,52599.88,362.58,168.73,531.31,132.83,99.0, sdumont6168,5417787.64
1097.0,5472,228,1380183.0,158616.0,153484.0,1383268.0,2816.0,4331.52,2816.0,4341.76,3.0,0,0.0,1.0,1000bs-4n-6th-242689s-DENV_2-mexico-BVBRC_genome_sequence,sequana_cpu_dev,4,11373475.0,1000,1,6,242689,DENV_2-mexico-BVBRC_genome_sequence,76315.82,38125.76,114441.58,336.19,167.95,504.15,126.04,227.0, sdumont6168,26092680.24
313.0,2136,89,1380151.0,154272.0,151083.0,1383128.0,1607.68,4300.8,1607.68,4300.8,9.0,0,0.0,0.0,1000bs-4n-6th-242689s-DENV_2-mexico-BVBRC_genome_sequence,sequana_cpu_dev,4,11373476.0,1000,1,6,242689,DENV_2-mexico-BVBRC_genome_sequence,30150.48,14074.8,44225.28,347.65,162.22,509.87,127.47,86.75, sdumont6168,3936049.92
513.0,2544,106,1380221.0,156488.0,150850.0,1383416.0,1832.96,4341.76,1843.2,4352.0,11.0,0,0.0,2.0,1000bs-4n-6th-242689s-DENV_2-mexico-BVBRC_genome_sequence,sequana_cpu_dev,4,11373479.0,1000,1,6,242689,DENV_2-mexico-BVBRC_genome_sequence,36772.73,17168.19,53940.92,357.02,166.68,523.7,130.92,103.0, sdumont6168,5717737.52
347.0,1992,83,1380147.0,156104.0,149593.0,1383120.0,1607.68,4311.04,1607.68,4321.28,14.0,0,1.0,2.0,1000bs-4n-6th-242689s-DENV_2-mexico-BVBRC_genome_sequence,sequana_cpu_dev,4,11373482.0,1000,1,6,242689,DENV_2-mexico-BVBRC_genome_sequence,29630.24,13631.76,43262.0,361.34,166.24,527.59,131.9,82.0, sdumont6168,3590746.0
0.0,432,9,265348.0,3244.0,2119.0,265348.0,0.0,0.0,0.0,0.0,3.0,0,0.0,0.0,100bs-4n-12th-242689s-DENV_2-mexico-BVBRC_genome_sequence,sequana_cpu_dev,4,11373483.0,100,1,12,242689,DENV_2-mexico-BVBRC_genome_sequence,2722.79,1106.35,3829.14,340.35,138.29,478.64,119.66,8.0, sdumont6165,34462.26
0.0,528,11,265348.0,3152.0,1565.0,265348.0,0.0,0.0,0.0,0.0,21.0,0,0.0,0.0,100bs-4n-12th-242689s-DENV_2-mexico-BVBRC_genome_sequence,sequana_cpu_dev,4,11373487.0,100,1,12,242689,DENV_2-mexico-BVBRC_genome_sequence,3530.16,1409.04,4939.2,353.02,140.9,493.92,123.48,10.0, sdumont6168,54331.2
0.0,432,9,265348.0,3168.0,1568.0,265348.0,0.0,0.0,0.0,0.0,25.0,0,0.0,0.0,100bs-4n-12th-242689s-DENV_2-mexico-BVBRC_genome_sequence,sequana_cpu_dev,4,11373491.0,100,1,12,242689,DENV_2-mexico-BVBRC_genome_sequence,2760.13,1078.93,3839.07,345.02,134.87,479.88,119.97,8.0, sdumont6168,34551.630000000005
0.0,624,13,265348.0,3176.0,2106.0,265348.0,0.0,0.0,0.0,0.0,23.0,0,0.0,0.0,100bs-4n-12th-242689s-DENV_2-mexico-BVBRC_genome_sequence,sequana_cpu_dev,4,11373497.0,100,1,12,242689,DENV_2-mexico-BVBRC_genome_sequence,4621.13,1754.34,6375.47,385.09,146.19,531.29,132.82,12.0, sdumont6168,82881.11
0.0,816,17,265348.0,3252.0,2642.0,265348.0,0.0,0.0,0.0,0.0,27.0,0,0.0,0.0,100bs-4n-12th-242689s-DENV_2-mexico-BVBRC_genome_sequence,sequana_cpu_dev,4,11373500.0,100,1,12,242689,DENV_2-mexico-BVBRC_genome_sequence,4485.54,2267.78,6753.32,299.04,151.19,450.22,112.56,15.0, sdumont6192,114806.44
1375.0,5856,122,1898364.0,158680.0,154458.0,2011332.0,2109.44,4392.96,2191.36,4515.84,30.0,0,5.0,9.0,1000bs-4n-12th-242689s-DENV_2-mexico-BVBRC_genome_sequence,sequana_cpu_dev,4,11373502.0,1000,1,12,242689,DENV_2-mexico-BVBRC_genome_sequence,56067.51,19628.85,75696.36,467.23,163.57,630.8,157.7,120.0, sdumont6192,9234955.92
2353.0,10704,223,1899682.0,166948.0,156957.0,2016752.0,2785.28,4341.76,2805.76,4341.76,6.0,0,4.0,7.0,1000bs-4n-12th-242689s-DENV_2-mexico-BVBRC_genome_sequence,sequana_cpu_dev,4,11373506.0,1000,1,12,242689,DENV_2-mexico-BVBRC_genome_sequence,104909.71,36054.06,140963.77,474.7,163.14,637.85,159.46,221.0, sdumont6192,31434920.71
1051.0,4992,104,1785588.0,160624.0,153569.0,1788668.0,1832.96,4341.76,1843.2,4352.0,15.0,0,4.0,5.0,1000bs-4n-12th-242689s-DENV_2-mexico-BVBRC_genome_sequence,sequana_cpu_dev,4,11373508.0,1000,1,12,242689,DENV_2-mexico-BVBRC_genome_sequence,46677.22,17330.13,64007.35,453.18,168.25,621.43,155.36,103.0, sdumont6168,6656764.399999999
662.0,3888,81,1785589.0,156816.0,150081.0,1788652.0,1607.68,4321.28,1617.92,4321.28,66.0,0,181.0,242.0,1000bs-4n-12th-242689s-DENV_2-mexico-BVBRC_genome_sequence,sequana_cpu_dev,4,11373511.0,1000,1,12,242689,DENV_2-mexico-BVBRC_genome_sequence,32399.29,12304.65,44703.93,404.99,153.81,558.8,139.7,80.0, sdumont6068,3621018.33
679.0,4320,90,1785526.0,158864.0,152172.0,1788520.0,1587.2,4300.8,1587.2,4311.04,18.0,0,6.0,9.0,1000bs-4n-12th-242689s-DENV_2-mexico-BVBRC_genome_sequence,sequana_cpu_dev,4,11373515.0,1000,1,12,242689,DENV_2-mexico-BVBRC_genome_sequence,37068.65,13689.43,50758.08,421.23,155.56,576.8,144.2,88.0, sdumont6068,4568227.2
0.0,792,11,265348.0,3176.0,2099.0,265348.0,0.0,0.0,0.0,0.0,278.0,0,0.0,0.0,100bs-4n-18th-242689s-DENV_2-mexico-BVBRC_genome_sequence,sequana_cpu_dev,4,11373517.0,100,1,18,242689,DENV_2-mexico-BVBRC_genome_sequence,3742.36,1442.57,5184.93,415.82,160.29,576.1,144.03,9.0, sdumont6165,57034.23
0.0,2088,29,265348.0,3164.0,3103.0,265348.0,0.0,0.0,0.0,0.0,633.0,0,0.0,0.0,100bs-4n-18th-242689s-DENV_2-mexico-BVBRC_genome_sequence,sequana_cpu_dev,4,11373520.0,100,1,18,242689,DENV_2-mexico-BVBRC_genome_sequence,9254.76,3424.57,12679.33,355.95,131.71,487.67,121.92,26.0, sdumont6068,367700.57
0.0,1008,14,265348.0,3224.0,2105.0,265348.0,0.0,0.0,0.0,0.0,3305.0,0,0.0,0.0,100bs-4n-18th-242689s-DENV_2-mexico-BVBRC_genome_sequence,sequana_cpu_dev,4,11373524.0,100,1,18,242689,DENV_2-mexico-BVBRC_genome_sequence,5251.88,2017.53,7269.41,403.99,155.19,559.19,139.8,13.0, sdumont6165,101771.74
0.0,1296,18,265348.0,1036.0,1036.0,265348.0,0.0,0.0,0.0,0.0,365.0,0,0.0,0.0,100bs-4n-18th-242689s-DENV_2-mexico-BVBRC_genome_sequence,sequana_cpu_dev,4,11373559.0,100,1,18,242689,DENV_2-mexico-BVBRC_genome_sequence,6262.65,2183.77,8446.42,391.42,136.49,527.9,131.98,16.0, sdumont6068,152035.56
0.0,720,10,265348.0,3132.0,2065.0,265348.0,0.0,0.0,0.0,0.0,699.0,0,0.0,0.0,100bs-4n-18th-242689s-DENV_2-mexico-BVBRC_genome_sequence,sequana_cpu_dev,4,11373560.0,100,1,18,242689,DENV_2-mexico-BVBRC_genome_sequence,2774.29,1066.79,3841.09,336.59,129.54,466.14,116.53,8.25, sdumont6165,38410.9
1874.0,11088,154,2192557.0,155116.0,151187.0,2199752.0,2048.0,4331.52,2058.24,4341.76,1216.0,0,70.0,250.0,1000bs-4n-18th-242689s-DENV_2-mexico-BVBRC_genome_sequence,sequana_cpu_dev,4,11373576.0,1000,1,18,242689,DENV_2-mexico-BVBRC_genome_sequence,64391.06,22700.55,87091.6,437.32,154.14,591.47,147.87,147.25, sdumont6069,13412106.4
1991.0,10152,141,2191129.0,155240.0,150049.0,2194196.0,2058.24,4331.52,2088.96,4341.76,2372.0,0,101.0,255.0,1000bs-4n-18th-242689s-DENV_2-mexico-BVBRC_genome_sequence,sequana_cpu_dev,4,11373582.0,1000,1,18,242689,DENV_2-mexico-BVBRC_genome_sequence,61523.12,21699.28,83222.41,442.61,156.11,598.72,149.68,139.0, sdumont6074,11734359.81
1058.0,5976,83,2191055.0,157076.0,152493.0,2194048.0,1607.68,4321.28,1607.68,4321.28,124.0,0,13.0,16.0,1000bs-4n-18th-242689s-DENV_2-mexico-BVBRC_genome_sequence,sequana_cpu_dev,4,11373606.0,1000,1,18,242689,DENV_2-mexico-BVBRC_genome_sequence,36105.56,12637.92,48743.47,440.31,154.12,594.43,148.61,82.0, sdumont6069,4045708.01
1053.0,6480,90,2246796.0,161232.0,153022.0,2416856.0,1607.68,4300.8,1617.92,4311.04,1.0,0,15.0,23.0,1000bs-4n-18th-242689s-DENV_2-mexico-BVBRC_genome_sequence,sequana_cpu_dev,4,11373607.0,1000,1,18,242689,DENV_2-mexico-BVBRC_genome_sequence,39588.66,13607.11,53195.77,449.87,154.63,604.5,151.12,88.0, sdumont6069,4787619.3
1506.0,7416,103,2191166.0,155268.0,149995.0,2194192.0,1812.48,4341.76,1843.2,4352.0,1.0,0,43.0,135.0,1000bs-4n-18th-242689s-DENV_2-mexico-BVBRC_genome_sequence,sequana_cpu_dev,4,11373608.0,1000,1,18,242689,DENV_2-mexico-BVBRC_genome_sequence,43778.28,15822.5,59600.78,433.45,156.66,590.11,147.53,101.0, sdumont6165,6138880.34
0.0,1152,12,265348.0,3088.0,1550.0,265348.0,0.0,0.0,0.0,0.0,1.0,0,0.0,0.0,100bs-4n-24th-242689s-DENV_2-mexico-BVBRC_genome_sequence,sequana_cpu_dev,4,11373609.0,100,1,24,242689,DENV_2-mexico-BVBRC_genome_sequence,4653.61,1556.43,6210.04,423.06,141.49,564.55,141.14,11.0, sdumont6165,74520.48
0.0,2016,21,265348.0,3116.0,1556.0,265348.0,0.0,0.0,0.0,0.0,292.0,0,0.0,0.0,100bs-4n-24th-242689s-DENV_2-mexico-BVBRC_genome_sequence,sequana_cpu_dev,4,11373618.0,100,1,24,242689,DENV_2-mexico-BVBRC_genome_sequence,9270.54,2962.71,12233.25,463.53,148.14,611.66,152.92,20.0, sdumont6165,256898.25
0.0,1824,19,265348.0,3144.0,1565.0,265348.0,0.0,0.0,0.0,0.0,18.0,0,0.0,0.0,100bs-4n-24th-242689s-DENV_2-mexico-BVBRC_genome_sequence,sequana_cpu_dev,4,11373627.0,100,1,24,242689,DENV_2-mexico-BVBRC_genome_sequence,8298.16,2664.95,10963.11,481.77,154.6,636.37,159.09,17.25, sdumont6165,208299.09000000003
0.0,1824,19,265348.0,3120.0,1556.0,265348.0,0.0,0.0,0.0,0.0,203.0,0,0.0,0.0,100bs-4n-24th-242689s-DENV_2-mexico-BVBRC_genome_sequence,sequana_cpu_dev,4,11373629.0,100,1,24,242689,DENV_2-mexico-BVBRC_genome_sequence,8427.86,2663.54,11091.4,468.21,147.97,616.19,154.05,18.0, sdumont6074,210736.6
0.0,1344,14,265348.0,3124.0,1558.0,265348.0,0.0,0.0,0.0,0.0,1.0,0,0.0,0.0,100bs-4n-24th-242689s-DENV_2-mexico-BVBRC_genome_sequence,sequana_cpu_dev,4,11373631.0,100,1,24,242689,DENV_2-mexico-BVBRC_genome_sequence,5217.26,1700.64,6917.9,474.3,154.6,628.9,157.22,11.0, sdumont6074,96850.6
2813.0,12288,128,2596668.0,161380.0,154418.0,2599732.0,2058.24,4352.0,2068.48,4352.0,1.0,0,15.0,21.0,1000bs-4n-24th-242689s-DENV_2-mexico-BVBRC_genome_sequence,sequana_cpu_dev,4,11373633.0,1000,1,24,242689,DENV_2-mexico-BVBRC_genome_sequence,63328.27,20208.5,83536.77,506.63,161.67,668.29,167.07,125.0, sdumont6165,10692706.56
4126.0,18912,197,2600801.0,161376.0,156846.0,2605144.0,2539.52,4341.76,2549.76,4352.0,68.0,0,152.0,252.0,1000bs-4n-24th-242689s-DENV_2-mexico-BVBRC_genome_sequence,sequana_cpu_dev,4,11373639.0,1000,1,24,242689,DENV_2-mexico-BVBRC_genome_sequence,100230.88,30977.47,131208.34,513.33,158.66,671.99,168.0,195.25, sdumont6083,25848042.98
2813.0,11712,122,2653697.0,161176.0,155895.0,2827848.0,2037.76,4352.0,2068.48,4352.0,1.0,0,19.0,31.0,1000bs-4n-24th-242689s-DENV_2-mexico-BVBRC_genome_sequence,sequana_cpu_dev,4,11373644.0,1000,1,24,242689,DENV_2-mexico-BVBRC_genome_sequence,60872.98,19264.57,80137.56,507.27,160.54,667.81,166.95,120.0, sdumont6083,9776782.32
2356.0,12576,131,2708036.0,159404.0,153893.0,2822544.0,2058.24,4341.76,2068.48,4352.0,759.0,0,110.0,252.0,1000bs-4n-24th-242689s-DENV_2-mexico-BVBRC_genome_sequence,sequana_cpu_dev,4,11373647.0,1000,1,24,242689,DENV_2-mexico-BVBRC_genome_sequence,58410.66,20546.86,78957.52,449.31,158.05,607.37,151.84,130.0, sdumont6083,10343435.12
2114.0,10080,105,2596631.0,163744.0,154538.0,2599584.0,1822.72,4341.76,1843.2,4341.76,135.0,0,22.0,30.0,1000bs-4n-24th-242689s-DENV_2-mexico-BVBRC_genome_sequence,sequana_cpu_dev,4,11373655.0,1000,1,24,242689,DENV_2-mexico-BVBRC_genome_sequence,51161.88,16778.63,67940.51,496.72,162.9,659.62,164.9,103.0, sdumont6165,7133753.55
0.0,2280,19,265348.0,3148.0,3097.0,265348.0,0.0,0.0,0.0,0.0,1.0,0,0.0,0.0,100bs-4n-30th-242689s-DENV_2-mexico-BVBRC_genome_sequence,sequana_cpu_dev,4,11373670.0,100,1,30,242689,DENV_2-mexico-BVBRC_genome_sequence,8460.14,5534.28,13994.42,470.01,307.46,777.47,194.37,18.0, sdumont6165,265893.98
0.0,1680,14,265348.0,3128.0,2578.0,265348.0,0.0,0.0,0.0,0.0,1.0,0,0.0,0.0,100bs-4n-30th-242689s-DENV_2-mexico-BVBRC_genome_sequence,sequana_cpu_dev,4,11373672.0,100,1,30,242689,DENV_2-mexico-BVBRC_genome_sequence,5281.7,3589.24,8870.94,399.29,271.27,670.56,167.64,13.25, sdumont6165,124193.16
0.0,1560,13,265348.0,3192.0,3113.0,265348.0,0.0,0.0,0.0,0.0,428.0,0,0.0,0.0,100bs-4n-30th-242689s-DENV_2-mexico-BVBRC_genome_sequence,sequana_cpu_dev,4,11373674.0,100,1,30,242689,DENV_2-mexico-BVBRC_genome_sequence,5155.78,3505.71,8661.5,468.71,318.7,787.41,196.85,11.0, sdumont6083,112599.5
376.0,4920,41,3003619.0,153712.0,150867.0,3010736.0,1392.64,4218.88,1392.64,4229.12,13.0,0,73.0,258.0,100bs-4n-30th-242689s-DENV_2-mexico-BVBRC_genome_sequence,sequana_cpu_dev,4,11373680.0,100,1,30,242689,DENV_2-mexico-BVBRC_genome_sequence,12043.27,8739.81,20783.08,312.49,226.89,539.38,134.85,38.5, sdumont6165,852106.28
0.0,3720,31,359480.0,5300.0,4162.0,453612.0,727.04,2109.44,1474.56,4229.12,285.0,0,0.0,0.0,100bs-4n-30th-242689s-DENV_2-mexico-BVBRC_genome_sequence,sequana_cpu_dev,4,11373683.0,100,1,30,242689,DENV_2-mexico-BVBRC_genome_sequence,10340.02,7213.28,17553.31,359.68,251.03,610.71,152.68,28.75, sdumont6165,544152.61
3535.0,16560,138,3059250.0,158908.0,152927.0,3233268.0,2027.52,4341.76,2058.24,4352.0,1.0,0,20.0,34.0,1000bs-4n-30th-242689s-DENV_2-mexico-BVBRC_genome_sequence,sequana_cpu_dev,4,11373684.0,1000,1,30,242689,DENV_2-mexico-BVBRC_genome_sequence,66314.41,44084.04,110398.45,484.05,321.78,805.83,201.46,137.0, sdumont6165,15234986.1
6121.0,27480,229,3002192.0,159888.0,157328.0,3005280.0,2682.88,4341.76,2744.32,4352.0,487.0,0,14.0,20.0,1000bs-4n-30th-242689s-DENV_2-mexico-BVBRC_genome_sequence,sequana_cpu_dev,4,11373688.0,1000,1,30,242689,DENV_2-mexico-BVBRC_genome_sequence,114727.7,73064.69,187792.38,505.41,321.87,827.28,206.82,227.0, sdumont6083,43004455.02
4365.0,21120,176,3002192.0,161972.0,156316.0,3005280.0,2242.56,4341.76,2283.52,4352.0,1.0,0,17.0,22.0,1000bs-4n-30th-242689s-DENV_2-mexico-BVBRC_genome_sequence,sequana_cpu_dev,4,11373702.0,1000,1,30,242689,DENV_2-mexico-BVBRC_genome_sequence,86747.33,56152.06,142899.39,495.7,320.87,816.57,204.14,175.0, sdumont6083,25150292.64
3543.0,15720,131,3002229.0,160068.0,155379.0,3005428.0,2027.52,4352.0,2037.76,4352.0,1.0,0,18.0,20.0,1000bs-4n-30th-242689s-DENV_2-mexico-BVBRC_genome_sequence,sequana_cpu_dev,4,11373707.0,1000,1,30,242689,DENV_2-mexico-BVBRC_genome_sequence,61276.41,40855.15,102131.56,482.49,321.69,804.19,201.05,127.0, sdumont6083,13379234.36
4184.0,19200,160,3060644.0,158228.0,154583.0,3221548.0,2242.56,4372.48,2334.72,4433.92,2.0,0,82.0,271.0,1000bs-4n-30th-242689s-DENV_2-mexico-BVBRC_genome_sequence,sequana_cpu_dev,4,11373708.0,1000,1,30,242689,DENV_2-mexico-BVBRC_genome_sequence,72056.4,46389.3,118445.7,470.96,303.2,774.15,193.54,153.0, sdumont6069,18951312.0
0.0,2304,16,265348.0,3144.0,3105.0,265348.0,0.0,0.0,0.0,0.0,1.0,0,0.0,0.0,100bs-4n-36th-242689s-DENV_2-mexico-BVBRC_genome_sequence,sequana_cpu_dev,4,11373713.0,100,1,36,242689,DENV_2-mexico-BVBRC_genome_sequence,6157.59,5112.24,11269.83,439.83,365.16,804.99,201.25,14.0, sdumont6069,180317.28
0.0,3888,27,265348.0,3180.0,3108.0,265348.0,0.0,0.0,0.0,0.0,0.0,0,0.0,0.0,100bs-4n-36th-242689s-DENV_2-mexico-BVBRC_genome_sequence,sequana_cpu_dev,4,11373715.0,100,1,36,242689,DENV_2-mexico-BVBRC_genome_sequence,10521.68,8791.65,19313.33,404.68,338.14,742.82,185.71,26.0, sdumont6069,521459.91
0.0,4320,30,265348.0,3172.0,3106.0,265348.0,0.0,0.0,0.0,0.0,1.0,0,0.0,0.0,100bs-4n-36th-242689s-DENV_2-mexico-BVBRC_genome_sequence,sequana_cpu_dev,4,11373722.0,100,1,36,242689,DENV_2-mexico-BVBRC_genome_sequence,13556.27,10964.92,24521.19,484.15,391.6,875.76,218.94,28.0, sdumont6069,735635.7
0.0,3312,23,265348.0,3144.0,3106.0,265348.0,0.0,0.0,0.0,0.0,5.0,0,0.0,0.0,100bs-4n-36th-242689s-DENV_2-mexico-BVBRC_genome_sequence,sequana_cpu_dev,4,11373726.0,100,1,36,242689,DENV_2-mexico-BVBRC_genome_sequence,8314.84,6729.56,15044.4,391.39,316.67,708.06,177.01,21.25, sdumont6083,346021.2
0.0,4464,31,265348.0,3184.0,2631.0,265348.0,0.0,0.0,0.0,0.0,7.0,0,0.0,0.0,100bs-4n-36th-242689s-DENV_2-mexico-BVBRC_genome_sequence,sequana_cpu_dev,4,11373730.0,100,1,36,242689,DENV_2-mexico-BVBRC_genome_sequence,13760.32,11556.61,25316.93,474.49,398.5,873.0,218.25,29.0, sdumont6083,784824.83
6136.0,28080,195,3466281.0,158348.0,154960.0,3633536.0,2426.88,4352.0,2478.08,4352.0,41.0,0,273.0,283.0,1000bs-4n-36th-242689s-DENV_2-mexico-BVBRC_genome_sequence,sequana_cpu_dev,4,11373735.0,1000,1,36,242689,DENV_2-mexico-BVBRC_genome_sequence,97747.34,80479.67,178227.02,503.85,414.84,918.7,229.67,194.0, sdumont6269,34754268.9
6378.0,26784,186,3409151.0,160072.0,156095.0,3410872.0,2416.64,4372.48,2467.84,4433.92,16.0,0,29.0,34.0,1000bs-4n-36th-242689s-DENV_2-mexico-BVBRC_genome_sequence,sequana_cpu_dev,4,11373743.0,1000,1,36,242689,DENV_2-mexico-BVBRC_genome_sequence,95507.6,78716.16,174223.76,519.06,427.81,946.87,236.72,184.0, sdumont6269,32405619.360000003
4259.0,18432,128,3410474.0,157992.0,154543.0,3416240.0,2007.04,4341.76,2037.76,4352.0,21.0,0,24.0,31.0,1000bs-4n-36th-242689s-DENV_2-mexico-BVBRC_genome_sequence,sequana_cpu_dev,4,11373749.0,1000,1,36,242689,DENV_2-mexico-BVBRC_genome_sequence,63089.96,51792.11,114882.07,499.73,410.22,909.95,227.49,126.25, sdumont6269,14704904.96
4237.0,19152,133,3410299.0,164316.0,158314.0,3420612.0,2027.52,4341.76,2037.76,4341.76,2.0,0,27.0,34.0,1000bs-4n-36th-242689s-DENV_2-mexico-BVBRC_genome_sequence,sequana_cpu_dev,4,11373755.0,1000,1,36,242689,DENV_2-mexico-BVBRC_genome_sequence,65182.46,53651.77,118834.24,496.65,408.79,905.45,226.36,131.25, sdumont6269,15804953.92
5311.0,24912,173,3464746.0,161892.0,158911.0,3638952.0,2232.32,4352.0,2273.28,4352.0,7.0,0,31.0,39.0,1000bs-4n-36th-242689s-DENV_2-mexico-BVBRC_genome_sequence,sequana_cpu_dev,4,11373760.0,1000,1,36,242689,DENV_2-mexico-BVBRC_genome_sequence,86971.51,73386.95,160358.46,508.61,429.16,937.77,234.44,171.0, sdumont6083,27742013.58
0.0,3528,21,265348.0,3220.0,2666.0,265348.0,0.0,0.0,0.0,0.0,0.0,0,0.0,0.0,100bs-4n-42th-242689s-DENV_2-mexico-BVBRC_genome_sequence,sequana_cpu_dev,4,11373769.0,100,1,42,242689,DENV_2-mexico-BVBRC_genome_sequence,7400.62,6547.04,13947.66,462.54,409.19,871.73,217.93,16.0, sdumont6083,292900.86
0.0,3864,23,265348.0,3240.0,2677.0,265348.0,0.0,0.0,0.0,0.0,4.0,0,0.0,0.0,100bs-4n-42th-242689s-DENV_2-mexico-BVBRC_genome_sequence,sequana_cpu_dev,4,11373771.0,100,1,42,242689,DENV_2-mexico-BVBRC_genome_sequence,10087.81,8965.27,19053.08,480.37,426.92,907.29,226.82,21.0, sdumont6167,438220.84
0.0,4032,24,265348.0,3216.0,3195.0,265348.0,0.0,0.0,0.0,0.0,7.0,0,0.0,0.0,100bs-4n-42th-242689s-DENV_2-mexico-BVBRC_genome_sequence,sequana_cpu_dev,4,11373773.0,100,1,42,242689,DENV_2-mexico-BVBRC_genome_sequence,10897.33,9730.82,20628.14,473.8,423.08,896.88,224.22,23.0, sdumont6083,495075.36
0.0,3528,21,265348.0,3268.0,3239.0,265348.0,0.0,0.0,0.0,0.0,10.0,0,0.0,0.0,100bs-4n-42th-242689s-DENV_2-mexico-BVBRC_genome_sequence,sequana_cpu_dev,4,11373787.0,100,1,42,242689,DENV_2-mexico-BVBRC_genome_sequence,8643.8,7421.38,16065.18,449.49,385.9,835.38,208.85,19.25, sdumont6167,337368.78
0.0,4368,26,265348.0,3228.0,2668.0,265348.0,0.0,0.0,0.0,0.0,14.0,0,0.0,0.0,100bs-4n-42th-242689s-DENV_2-mexico-BVBRC_genome_sequence,sequana_cpu_dev,4,11373790.0,100,1,42,242689,DENV_2-mexico-BVBRC_genome_sequence,10935.71,9390.41,20326.12,465.51,399.59,865.1,216.27,23.5, sdumont6167,528479.12
6205.0,27552,164,3924662.0,164940.0,160886.0,4039188.0,2263.04,4352.0,2263.04,4352.0,23.0,0,25.0,36.0,1000bs-4n-42th-242689s-DENV_2-mexico-BVBRC_genome_sequence,sequana_cpu_dev,4,11373793.0,1000,1,42,242689,DENV_2-mexico-BVBRC_genome_sequence,79073.09,67356.67,146429.76,500.46,426.31,926.77,231.69,158.0, sdumont6167,24014480.64
6074.0,29232,174,3870336.0,163020.0,158861.0,4044568.0,2252.8,4341.76,2263.04,4352.0,11.0,0,79.0,244.0,1000bs-4n-42th-242689s-DENV_2-mexico-BVBRC_genome_sequence,sequana_cpu_dev,4,11373798.0,1000,1,42,242689,DENV_2-mexico-BVBRC_genome_sequence,81711.02,73906.92,155617.95,476.48,430.96,907.44,226.86,171.5, sdumont6165,27077523.3
13399.0,57624,343,3816031.0,163268.0,158442.0,3821832.0,3624.96,4362.24,3635.2,4362.24,2580.0,0,103.0,286.0,1000bs-4n-42th-242689s-DENV_2-mexico-BVBRC_genome_sequence,sequana_cpu_dev,4,11373802.0,1000,1,42,242689,DENV_2-mexico-BVBRC_genome_sequence,168910.51,157656.81,326567.33,499.03,465.76,964.78,241.2,338.5, sdumont6165,112012594.19
5810.0,29232,174,3869005.0,167028.0,157259.0,4039148.0,2263.04,4341.76,2283.52,4352.0,783.0,0,141.0,279.0,1000bs-4n-42th-242689s-DENV_2-mexico-BVBRC_genome_sequence,sequana_cpu_dev,4,11373823.0,1000,1,42,242689,DENV_2-mexico-BVBRC_genome_sequence,78053.66,71962.63,150016.29,453.8,418.39,872.19,218.05,172.0, sdumont6167,26102834.46
12016.0,51240,305,3928831.0,164256.0,159848.0,4044364.0,3358.72,4362.24,3389.44,4362.24,379.0,0,136.0,303.0,1000bs-4n-42th-242689s-DENV_2-mexico-BVBRC_genome_sequence,sequana_cpu_dev,4,11373828.0,1000,1,42,242689,DENV_2-mexico-BVBRC_genome_sequence,150699.37,139199.84,289899.21,495.72,457.89,953.62,238.4,304.0, sdumont6165,88419259.05000001
0.0,5376,28,265348.0,3148.0,3116.0,265348.0,0.0,0.0,0.0,0.0,1.0,0,0.0,0.0,100bs-4n-48th-242689s-DENV_2-mexico-BVBRC_genome_sequence,sequana_cpu_dev,4,11373832.0,100,1,48,242689,DENV_2-mexico-BVBRC_genome_sequence,10826.39,10784.78,21611.16,400.98,399.44,800.41,200.1,27.0, sdumont6165,605112.48
0.0,4800,25,265348.0,3192.0,2111.0,265348.0,0.0,0.0,0.0,0.0,203.0,0,0.0,0.0,100bs-4n-48th-242689s-DENV_2-mexico-BVBRC_genome_sequence,sequana_cpu_dev,4,11373837.0,100,1,48,242689,DENV_2-mexico-BVBRC_genome_sequence,10240.97,10148.22,20389.19,445.26,441.23,886.49,221.62,23.0, sdumont6166,509729.75
754.0,6336,33,4275882.0,159024.0,154738.0,4449908.0,1382.4,4229.12,1413.12,4259.84,565.0,0,98.0,281.0,100bs-4n-48th-242689s-DENV_2-mexico-BVBRC_genome_sequence,sequana_cpu_dev,4,11373838.0,100,1,48,242689,DENV_2-mexico-BVBRC_genome_sequence,9814.81,9475.74,19290.55,327.16,315.86,643.02,160.75,30.0, sdumont6165,636588.15
0.0,3840,20,265348.0,3152.0,3124.0,265348.0,0.0,0.0,0.0,0.0,28.0,0,0.0,0.0,100bs-4n-48th-242689s-DENV_2-mexico-BVBRC_genome_sequence,sequana_cpu_dev,4,11373841.0,100,1,48,242689,DENV_2-mexico-BVBRC_genome_sequence,8199.75,7890.22,16089.98,443.51,426.48,869.99,217.5,18.5, sdumont6165,321799.6
0.0,4032,21,265348.0,3192.0,3115.0,265348.0,0.0,0.0,0.0,0.0,126.0,0,0.0,0.0,100bs-4n-48th-242689s-DENV_2-mexico-BVBRC_genome_sequence,sequana_cpu_dev,4,11373844.0,100,1,48,242689,DENV_2-mexico-BVBRC_genome_sequence,9017.24,8665.87,17683.12,468.64,450.15,918.79,229.7,19.25, sdumont6166,371345.52
7096.0,34176,178,4220297.0,168968.0,164072.0,4227408.0,2273.28,4341.76,2283.52,4341.76,19.0,0,29.0,52.0,1000bs-4n-48th-242689s-DENV_2-mexico-BVBRC_genome_sequence,sequana_cpu_dev,4,11373845.0,1000,1,48,242689,DENV_2-mexico-BVBRC_genome_sequence,88046.41,83650.77,171697.18,500.26,475.29,975.55,243.89,176.0, sdumont6166,30562098.04
8475.0,39552,206,4220262.0,168724.0,163007.0,4227552.0,2426.88,4352.0,2467.84,4352.0,1.0,0,30.0,37.0,1000bs-4n-48th-242689s-DENV_2-mexico-BVBRC_genome_sequence,sequana_cpu_dev,4,11373846.0,1000,1,48,242689,DENV_2-mexico-BVBRC_genome_sequence,99711.83,99087.69,198799.52,489.97,486.91,976.89,244.22,203.5, sdumont6165,40952701.12
12484.0,56448,294,4275965.0,164832.0,160056.0,4438044.0,3205.12,4362.24,3215.36,4362.24,1.0,0,25.0,42.0,1000bs-4n-48th-242689s-DENV_2-mexico-BVBRC_genome_sequence,sequana_cpu_dev,4,11373848.0,1000,1,48,242689,DENV_2-mexico-BVBRC_genome_sequence,145268.51,145997.23,291265.74,497.49,499.99,997.49,249.37,292.0, sdumont6165,85632127.56
7996.0,39360,205,4221801.0,166316.0,160953.0,4227868.0,2467.84,4341.76,2519.04,4352.0,318.0,0,107.0,287.0,1000bs-4n-48th-242689s-DENV_2-mexico-BVBRC_genome_sequence,sequana_cpu_dev,4,11373852.0,1000,1,48,242689,DENV_2-mexico-BVBRC_genome_sequence,96927.34,96943.81,193871.15,475.13,475.21,950.35,237.59,204.0, sdumont6165,39743585.75
12701.0,54528,284,4218791.0,166900.0,161534.0,4221844.0,3143.68,4362.24,3215.36,4362.24,409.0,0,36.0,42.0,1000bs-4n-48th-242689s-DENV_2-mexico-BVBRC_genome_sequence,sequana_cpu_dev,4,11373854.0,1000,1,48,242689,DENV_2-mexico-BVBRC_genome_sequence,143143.12,143153.7,286296.82,505.81,505.84,1011.65,252.91,283.0, sdumont6165,81308296.88
56.0,70,35,1101016.0,139212.0,139212.0,1101016.0,1464.32,4259.84,1464.32,4259.84,1.0,0,0.0,0.0,100bs-1n-2th-287037s-DENV_2-peru-BVBRC_genome_sequence,sequana_cpu_dev,1,11373856.0,100,1,2,287037,DENV_2-peru-BVBRC_genome_sequence,2082.47,1362.96,3445.43,61.25,40.09,101.34,101.34,34.0, sdumont6169,120590.05
56.0,94,47,1101016.0,139024.0,139024.0,1101016.0,1464.32,4259.84,1464.32,4259.84,1.0,0,0.0,0.0,100bs-1n-2th-287037s-DENV_2-peru-BVBRC_genome_sequence,sequana_cpu_dev,1,11373857.0,100,1,2,287037,DENV_2-peru-BVBRC_genome_sequence,2072.64,1334.68,3407.31,60.96,39.26,100.22,100.22,34.0, sdumont6169,160143.57
58.0,70,35,1101016.0,139092.0,139092.0,1101016.0,1464.32,4270.08,1464.32,4270.08,1.0,0,0.0,0.0,100bs-1n-2th-287037s-DENV_2-peru-BVBRC_genome_sequence,sequana_cpu_dev,1,11373858.0,100,1,2,287037,DENV_2-peru-BVBRC_genome_sequence,1965.89,1250.1,3215.99,61.43,39.07,100.5,100.5,32.0, sdumont6169,112559.65
54.0,74,37,1100868.0,139196.0,139196.0,1100868.0,1464.32,4259.84,1464.32,4259.84,1.0,0,0.0,0.0,100bs-1n-2th-287037s-DENV_2-peru-BVBRC_genome_sequence,sequana_cpu_dev,1,11373859.0,100,1,2,287037,DENV_2-peru-BVBRC_genome_sequence,2171.72,1402.01,3573.73,62.05,40.06,102.11,102.11,35.0, sdumont6169,132228.01
57.0,66,33,1100864.0,138924.0,138924.0,1100864.0,1464.32,4270.08,1464.32,4270.08,1.0,0,0.0,0.0,100bs-1n-2th-287037s-DENV_2-peru-BVBRC_genome_sequence,sequana_cpu_dev,1,11373860.0,100,1,2,287037,DENV_2-peru-BVBRC_genome_sequence,1944.34,1233.99,3178.33,60.76,38.56,99.32,99.32,32.0, sdumont6169,104884.89
655.0,736,368,1101020.0,143420.0,143420.0,1101020.0,3880.96,4823.04,3880.96,4823.04,1.0,0,0.0,0.0,1000bs-1n-2th-287037s-DENV_2-peru-BVBRC_genome_sequence,sequana_cpu_dev,1,11373861.0,1000,1,2,287037,DENV_2-peru-BVBRC_genome_sequence,22845.6,14795.71,37641.31,62.25,40.32,102.56,102.56,367.0, sdumont6169,13852002.079999998
625.0,668,334,1101020.0,143584.0,143584.0,1101020.0,3624.96,4833.28,3624.96,4833.28,1.0,0,0.0,0.0,1000bs-1n-2th-287037s-DENV_2-peru-BVBRC_genome_sequence,sequana_cpu_dev,1,11373863.0,1000,1,2,287037,DENV_2-peru-BVBRC_genome_sequence,21134.96,13521.27,34656.23,63.47,40.6,104.07,104.07,333.0, sdumont6169,11575180.82
665.0,842,421,1100900.0,145196.0,145196.0,1100900.0,4147.2,4782.08,4147.2,4782.08,1.0,0,0.0,0.0,1000bs-1n-2th-287037s-DENV_2-peru-BVBRC_genome_sequence,sequana_cpu_dev,1,11373865.0,1000,1,2,287037,DENV_2-peru-BVBRC_genome_sequence,25713.12,16973.86,42686.98,61.22,40.41,101.64,101.64,420.0, sdumont6169,17971218.580000002
605.0,720,360,1106460.0,145528.0,145528.0,1106460.0,3655.68,4792.32,3655.68,4792.32,1.0,0,0.0,0.0,1000bs-1n-2th-287037s-DENV_2-peru-BVBRC_genome_sequence,sequana_cpu_dev,1,11373866.0,1000,1,2,287037,DENV_2-peru-BVBRC_genome_sequence,22427.53,14526.46,36953.99,62.47,40.46,102.94,102.94,359.0, sdumont6169,13303436.4
569.0,662,331,1101020.0,143504.0,143504.0,1101020.0,4177.92,5304.32,4177.92,5304.32,1.0,0,0.0,0.0,1000bs-1n-2th-287037s-DENV_2-peru-BVBRC_genome_sequence,sequana_cpu_dev,1,11373868.0,1000,1,2,287037,DENV_2-peru-BVBRC_genome_sequence,20775.98,13291.25,34067.23,63.15,40.4,103.55,103.55,329.0, sdumont6169,11276253.13
0.0,162,27,265348.0,3152.0,3152.0,265348.0,0.0,0.0,0.0,0.0,1.0,0,0.0,0.0,100bs-1n-6th-287037s-DENV_2-peru-BVBRC_genome_sequence,sequana_cpu_dev,1,11373871.0,100,1,6,287037,DENV_2-peru-BVBRC_genome_sequence,2052.58,976.71,3029.29,78.95,37.57,116.51,116.51,26.0, sdumont6169,81790.83
164.0,204,34,1371108.0,139096.0,139096.0,1371108.0,1474.56,4259.84,1474.56,4259.84,1.0,0,2.0,2.0,100bs-1n-6th-287037s-DENV_2-peru-BVBRC_genome_sequence,sequana_cpu_dev,1,11373872.0,100,1,6,287037,DENV_2-peru-BVBRC_genome_sequence,2657.52,1283.98,3941.5,78.16,37.76,115.93,115.93,34.0, sdumont6169,134011.0
0.0,132,22,265348.0,3088.0,3088.0,265348.0,0.0,0.0,0.0,0.0,1.0,0,0.0,0.0,100bs-1n-6th-287037s-DENV_2-peru-BVBRC_genome_sequence,sequana_cpu_dev,1,11373873.0,100,1,6,287037,DENV_2-peru-BVBRC_genome_sequence,1750.98,806.61,2557.6,83.38,38.41,121.79,121.79,21.0, sdumont6169,56267.2
0.0,132,22,265348.0,3128.0,3128.0,265348.0,0.0,0.0,0.0,0.0,1.0,0,0.0,0.0,100bs-1n-6th-287037s-DENV_2-peru-BVBRC_genome_sequence,sequana_cpu_dev,1,11373874.0,100,1,6,287037,DENV_2-peru-BVBRC_genome_sequence,1740.45,809.75,2550.2,82.88,38.56,121.44,121.44,21.0, sdumont6169,56104.4
0.0,138,23,265348.0,3052.0,3052.0,265348.0,0.0,0.0,0.0,0.0,1.0,0,0.0,0.0,100bs-1n-6th-287037s-DENV_2-peru-BVBRC_genome_sequence,sequana_cpu_dev,1,11373875.0,100,1,6,287037,DENV_2-peru-BVBRC_genome_sequence,1883.39,876.77,2760.15,85.61,39.85,125.46,125.46,22.0, sdumont6169,63483.45
1243.0,1290,215,1370828.0,145376.0,145376.0,1370828.0,2785.28,4823.04,2785.28,4823.04,1.0,0,2.0,2.0,1000bs-1n-6th-287037s-DENV_2-peru-BVBRC_genome_sequence,sequana_cpu_dev,1,11373877.0,1000,1,6,287037,DENV_2-peru-BVBRC_genome_sequence,17389.92,8600.41,25990.33,81.64,40.38,122.02,122.02,213.0, sdumont6165,5587920.95
1070.0,1224,204,1599056.0,141348.0,141348.0,1599056.0,2539.52,4761.6,2539.52,4761.6,1.0,0,1.0,1.0,1000bs-1n-6th-287037s-DENV_2-peru-BVBRC_genome_sequence,sequana_cpu_dev,1,11373878.0,1000,1,6,287037,DENV_2-peru-BVBRC_genome_sequence,16635.87,8198.85,24834.72,82.36,40.59,122.94,122.94,202.0, sdumont6165,5066282.88
1069.0,1248,208,1593788.0,143168.0,143168.0,1593788.0,2539.52,4741.12,2539.52,4741.12,1.0,0,3.0,3.0,1000bs-1n-6th-287037s-DENV_2-peru-BVBRC_genome_sequence,sequana_cpu_dev,1,11373879.0,1000,1,6,287037,DENV_2-peru-BVBRC_genome_sequence,17042.8,8415.23,25458.03,82.73,40.85,123.58,123.58,206.0, sdumont6165,5295270.24
1246.0,1272,212,1593788.0,147552.0,147552.0,1593788.0,2764.8,4823.04,2764.8,4823.04,1.0,0,3.0,3.0,1000bs-1n-6th-287037s-DENV_2-peru-BVBRC_genome_sequence,sequana_cpu_dev,1,11373881.0,1000,1,6,287037,DENV_2-peru-BVBRC_genome_sequence,18522.84,8621.65,27144.5,87.79,40.86,128.65,128.65,211.0, sdumont6169,5754634.0
1378.0,1572,262,1599060.0,144404.0,144404.0,1599060.0,2877.44,4771.84,2877.44,4771.84,1.0,0,4.0,4.0,1000bs-1n-6th-287037s-DENV_2-peru-BVBRC_genome_sequence,sequana_cpu_dev,1,11373885.0,1000,1,6,287037,DENV_2-peru-BVBRC_genome_sequence,20761.84,10597.11,31358.95,79.85,40.76,120.61,120.61,260.0, sdumont6165,8216044.9
0.0,288,24,265348.0,1036.0,1036.0,265348.0,0.0,0.0,0.0,0.0,0.0,0,0.0,0.0,100bs-1n-12th-287037s-DENV_2-peru-BVBRC_genome_sequence,sequana_cpu_dev,1,11373887.0,100,1,12,287037,DENV_2-peru-BVBRC_genome_sequence,2227.89,916.52,3144.41,101.27,41.66,142.93,142.93,22.0, sdumont6165,75465.84
0.0,312,26,265348.0,1036.0,1036.0,265348.0,0.0,0.0,0.0,0.0,1.0,0,0.0,0.0,100bs-1n-12th-287037s-DENV_2-peru-BVBRC_genome_sequence,sequana_cpu_dev,1,11373888.0,100,1,12,287037,DENV_2-peru-BVBRC_genome_sequence,2214.93,918.32,3133.25,96.3,39.93,136.23,136.23,23.0, sdumont6165,81464.5
345.0,444,37,1776384.0,139732.0,139732.0,1776384.0,1464.32,4270.08,1464.32,4270.08,1.0,0,9.0,9.0,100bs-1n-12th-287037s-DENV_2-peru-BVBRC_genome_sequence,sequana_cpu_dev,1,11373889.0,100,1,12,287037,DENV_2-peru-BVBRC_genome_sequence,3039.74,1236.95,4276.68,98.06,39.9,137.96,137.96,31.0, sdumont6165,158237.16
346.0,384,32,2004616.0,145004.0,145004.0,2004616.0,1443.84,4270.08,1443.84,4270.08,1.0,0,8.0,8.0,100bs-1n-12th-287037s-DENV_2-peru-BVBRC_genome_sequence,sequana_cpu_dev,1,11373890.0,100,1,12,287037,DENV_2-peru-BVBRC_genome_sequence,2968.24,1204.12,4172.36,98.94,40.14,139.08,139.08,30.0, sdumont6165,133515.52
0.0,312,26,265348.0,1032.0,1032.0,265348.0,0.0,0.0,0.0,0.0,1.0,0,0.0,0.0,100bs-1n-12th-287037s-DENV_2-peru-BVBRC_genome_sequence,sequana_cpu_dev,1,11373891.0,100,1,12,287037,DENV_2-peru-BVBRC_genome_sequence,2351.46,909.81,3261.26,102.24,39.56,141.79,141.79,23.0, sdumont6169,84792.76000000001
3501.0,3672,306,1776392.0,146000.0,146000.0,1776392.0,3440.64,4823.04,3440.64,4823.04,1.0,0,4.0,4.0,1000bs-1n-12th-287037s-DENV_2-peru-BVBRC_genome_sequence,sequana_cpu_dev,1,11373893.0,1000,1,12,287037,DENV_2-peru-BVBRC_genome_sequence,30881.28,12269.05,43150.34,101.92,40.49,142.41,142.41,303.0, sdumont6165,13204004.04
2496.0,2856,238,1776388.0,147936.0,147936.0,1776388.0,2754.56,4761.6,2754.56,4761.6,1.0,0,5.0,5.0,1000bs-1n-12th-287037s-DENV_2-peru-BVBRC_genome_sequence,sequana_cpu_dev,1,11373894.0,1000,1,12,287037,DENV_2-peru-BVBRC_genome_sequence,23764.11,9637.3,33401.42,100.27,40.66,140.93,140.93,237.0, sdumont6165,7949537.96
3173.0,3444,287,1776388.0,148020.0,148020.0,1776388.0,3235.84,4802.56,3235.84,4802.56,1.0,0,8.0,8.0,1000bs-1n-12th-287037s-DENV_2-peru-BVBRC_genome_sequence,sequana_cpu_dev,1,11373895.0,1000,1,12,287037,DENV_2-peru-BVBRC_genome_sequence,28953.97,11598.59,40552.56,101.59,40.7,142.29,142.29,285.0, sdumont6165,11638584.72
2496.0,2856,238,1782500.0,150000.0,150000.0,1782500.0,2734.08,4761.6,2734.08,4761.6,1.0,0,8.0,8.0,1000bs-1n-12th-287037s-DENV_2-peru-BVBRC_genome_sequence,sequana_cpu_dev,1,11373897.0,1000,1,12,287037,DENV_2-peru-BVBRC_genome_sequence,23622.43,9665.32,33287.76,100.1,40.95,141.05,141.05,236.0, sdumont6165,7922486.880000001
3160.0,3576,298,1776388.0,146008.0,146008.0,1776388.0,2959.36,4771.84,2959.36,4771.84,1.0,0,6.0,6.0,1000bs-1n-12th-287037s-DENV_2-peru-BVBRC_genome_sequence,sequana_cpu_dev,1,11373899.0,1000,1,12,287037,DENV_2-peru-BVBRC_genome_sequence,32134.72,12082.43,44217.15,108.2,40.68,148.88,148.88,297.0, sdumont6169,13176710.7
0.0,522,29,265348.0,1040.0,1040.0,265348.0,0.0,0.0,0.0,0.0,1.0,0,0.0,0.0,100bs-1n-18th-287037s-DENV_2-peru-BVBRC_genome_sequence,sequana_cpu_dev,1,11373901.0,100,1,18,287037,DENV_2-peru-BVBRC_genome_sequence,2888.22,1092.56,3980.78,103.15,39.02,142.17,142.17,28.0, sdumont6169,115442.62
0.0,540,30,265348.0,1032.0,1032.0,265348.0,0.0,0.0,0.0,0.0,1.0,0,0.0,0.0,100bs-1n-18th-287037s-DENV_2-peru-BVBRC_genome_sequence,sequana_cpu_dev,1,11373902.0,100,1,18,287037,DENV_2-peru-BVBRC_genome_sequence,2850.11,1075.06,3925.16,98.28,37.07,135.35,135.35,29.0, sdumont6169,117754.8
519.0,792,44,2181928.0,139948.0,139948.0,2181928.0,1464.32,4249.6,1464.32,4249.6,1.0,0,16.0,16.0,100bs-1n-18th-287037s-DENV_2-peru-BVBRC_genome_sequence,sequana_cpu_dev,1,11373903.0,100,1,18,287037,DENV_2-peru-BVBRC_genome_sequence,4611.62,1664.09,6275.71,109.8,39.62,149.42,149.42,42.0, sdumont6169,276131.24
524.0,792,44,2181928.0,140084.0,140084.0,2181928.0,1464.32,4259.84,1464.32,4259.84,1.0,0,17.0,17.0,100bs-1n-18th-287037s-DENV_2-peru-BVBRC_genome_sequence,sequana_cpu_dev,1,11373904.0,100,1,18,287037,DENV_2-peru-BVBRC_genome_sequence,3591.45,1329.56,4921.01,105.63,39.1,144.74,144.74,34.0, sdumont6169,216524.44
0.0,540,30,265348.0,1032.0,1032.0,265348.0,0.0,0.0,0.0,0.0,1.0,0,0.0,0.0,100bs-1n-18th-287037s-DENV_2-peru-BVBRC_genome_sequence,sequana_cpu_dev,1,11373905.0,100,1,18,287037,DENV_2-peru-BVBRC_genome_sequence,2856.53,1078.67,3935.19,102.02,38.52,140.54,140.54,28.0, sdumont6169,118055.7
4835.0,4878,271,2187496.0,152508.0,152508.0,2187496.0,3645.44,5232.64,3645.44,5232.64,1.0,0,28.0,28.0,1000bs-1n-18th-287037s-DENV_2-peru-BVBRC_genome_sequence,sequana_cpu_dev,1,11373908.0,1000,1,18,287037,DENV_2-peru-BVBRC_genome_sequence,29184.68,10989.93,40174.61,108.09,40.7,148.79,148.79,270.0, sdumont6169,10887319.31
4830.0,5076,282,2187500.0,150672.0,150672.0,2187500.0,3102.72,4802.56,3102.72,4802.56,1.0,0,19.0,19.0,1000bs-1n-18th-287037s-DENV_2-peru-BVBRC_genome_sequence,sequana_cpu_dev,1,11373909.0,1000,1,18,287037,DENV_2-peru-BVBRC_genome_sequence,30463.93,11428.59,41892.52,108.41,40.67,149.08,149.08,281.0, sdumont6169,11813690.64
4294.0,4968,276,2181936.0,152608.0,152608.0,2181936.0,2959.36,4761.6,2959.36,4761.6,1.0,0,18.0,18.0,1000bs-1n-18th-287037s-DENV_2-peru-BVBRC_genome_sequence,sequana_cpu_dev,1,11373911.0,1000,1,18,287037,DENV_2-peru-BVBRC_genome_sequence,29105.83,11017.57,40123.41,108.2,40.96,149.16,149.16,269.0, sdumont6169,11074061.16
4298.0,4770,265,2404572.0,150140.0,150140.0,2404572.0,2959.36,4771.84,2959.36,4771.84,1.0,0,18.0,18.0,1000bs-1n-18th-287037s-DENV_2-peru-BVBRC_genome_sequence,sequana_cpu_dev,1,11373912.0,1000,1,18,287037,DENV_2-peru-BVBRC_genome_sequence,28512.72,10787.76,39300.48,107.6,40.71,148.3,148.3,265.0, sdumont6169,10414627.2
4835.0,4986,277,2181760.0,150040.0,150040.0,2181760.0,3184.64,4823.04,3184.64,4823.04,1.0,0,21.0,21.0,1000bs-1n-18th-287037s-DENV_2-peru-BVBRC_genome_sequence,sequana_cpu_dev,1,11373914.0,1000,1,18,287037,DENV_2-peru-BVBRC_genome_sequence,29585.99,11345.68,40931.68,107.59,41.26,148.84,148.84,275.0, sdumont6169,11338075.36
703.0,792,33,2587452.0,143668.0,143668.0,2587452.0,1464.32,4270.08,1464.32,4270.08,1.0,0,37.0,37.0,100bs-1n-24th-287037s-DENV_2-peru-BVBRC_genome_sequence,sequana_cpu_dev,1,11373916.0,100,1,24,287037,DENV_2-peru-BVBRC_genome_sequence,3325.91,1210.05,4535.96,110.86,40.34,151.2,151.2,30.0, sdumont6165,149686.68
699.0,888,37,2587452.0,143652.0,143652.0,2587452.0,1464.32,4259.84,1464.32,4259.84,1.0,0,23.0,23.0,100bs-1n-24th-287037s-DENV_2-peru-BVBRC_genome_sequence,sequana_cpu_dev,1,11373918.0,100,1,24,287037,DENV_2-peru-BVBRC_genome_sequence,4098.24,1467.55,5565.78,117.09,41.93,159.02,159.02,35.0, sdumont6165,205933.86
704.0,768,32,2587624.0,143700.0,143700.0,2587624.0,1443.84,4270.08,1443.84,4270.08,1.0,0,8.0,8.0,100bs-1n-24th-287037s-DENV_2-peru-BVBRC_genome_sequence,sequana_cpu_dev,1,11373920.0,100,1,24,287037,DENV_2-peru-BVBRC_genome_sequence,3432.28,1245.85,4678.13,114.41,41.53,155.94,155.94,30.0, sdumont6165,149700.16
703.0,936,39,2587608.0,143564.0,143564.0,2587608.0,1443.84,4270.08,1443.84,4270.08,1.0,0,15.0,15.0,100bs-1n-24th-287037s-DENV_2-peru-BVBRC_genome_sequence,sequana_cpu_dev,1,11373921.0,100,1,24,287037,DENV_2-peru-BVBRC_genome_sequence,3457.38,1250.19,4707.57,108.04,39.07,147.11,147.11,32.0, sdumont6165,183595.23
703.0,792,33,2587460.0,141560.0,141560.0,2587460.0,1464.32,4270.08,1464.32,4270.08,1.0,0,19.0,19.0,100bs-1n-24th-287037s-DENV_2-peru-BVBRC_genome_sequence,sequana_cpu_dev,1,11373922.0,100,1,24,287037,DENV_2-peru-BVBRC_genome_sequence,3579.03,1304.75,4883.78,111.84,40.77,152.62,152.62,32.0, sdumont6165,161164.74
7161.0,7416,309,2587624.0,150656.0,150656.0,2587624.0,3399.68,4812.8,3399.68,4812.8,1.0,0,27.0,27.0,1000bs-1n-24th-287037s-DENV_2-peru-BVBRC_genome_sequence,sequana_cpu_dev,1,11373923.0,1000,1,24,287037,DENV_2-peru-BVBRC_genome_sequence,35696.05,12751.74,48447.78,115.52,41.27,156.79,156.79,309.0, sdumont6165,14970364.02
7149.0,7872,328,2593008.0,150432.0,150432.0,2593008.0,3399.68,4782.08,3399.68,4782.08,1.0,0,27.0,27.0,1000bs-1n-24th-287037s-DENV_2-peru-BVBRC_genome_sequence,sequana_cpu_dev,1,11373926.0,1000,1,24,287037,DENV_2-peru-BVBRC_genome_sequence,38018.93,13566.41,51585.34,116.27,41.49,157.75,157.75,327.0, sdumont6165,16919991.52
9244.0,9624,401,2587472.0,154412.0,154412.0,2587472.0,4024.32,4833.28,4024.32,4833.28,1.0,0,20.0,20.0,1000bs-1n-24th-287037s-DENV_2-peru-BVBRC_genome_sequence,sequana_cpu_dev,1,11373927.0,1000,1,24,287037,DENV_2-peru-BVBRC_genome_sequence,48658.17,16529.77,65187.94,122.56,41.64,164.2,164.2,397.0, sdumont6169,26140363.94
7863.0,8112,338,2593032.0,148136.0,148136.0,2593032.0,3584.0,4823.04,3584.0,4823.04,1.0,0,20.0,20.0,1000bs-1n-24th-287037s-DENV_2-peru-BVBRC_genome_sequence,sequana_cpu_dev,1,11373929.0,1000,1,24,287037,DENV_2-peru-BVBRC_genome_sequence,40356.45,13950.07,54306.52,120.83,41.77,162.59,162.59,334.0, sdumont6169,18355603.76
9230.0,9648,402,2587472.0,152648.0,152648.0,2587472.0,4075.52,4823.04,4075.52,4823.04,1.0,0,13.0,13.0,1000bs-1n-24th-287037s-DENV_2-peru-BVBRC_genome_sequence,sequana_cpu_dev,1,11373930.0,1000,1,24,287037,DENV_2-peru-BVBRC_genome_sequence,49699.22,16697.33,66396.55,123.94,41.64,165.58,165.58,401.0, sdumont6169,26691413.1
876.0,1590,53,2993000.0,141788.0,141788.0,2993000.0,1464.32,4249.6,1464.32,4249.6,1.0,0,28.0,28.0,100bs-1n-30th-287037s-DENV_2-peru-BVBRC_genome_sequence,sequana_cpu_dev,1,11373933.0,100,1,30,287037,DENV_2-peru-BVBRC_genome_sequence,5610.07,3914.44,9524.51,114.49,79.89,194.38,194.38,49.0, sdumont6169,504799.03
877.0,2190,73,2992852.0,143820.0,143820.0,2992852.0,1464.32,4249.6,1464.32,4249.6,1.0,0,36.0,36.0,100bs-1n-30th-287037s-DENV_2-peru-BVBRC_genome_sequence,sequana_cpu_dev,1,11373935.0,100,1,30,287037,DENV_2-peru-BVBRC_genome_sequence,5107.55,3578.77,8686.32,113.5,79.53,193.03,193.03,45.0, sdumont6169,634101.36
691.0,1830,61,2993000.0,141632.0,141632.0,2993000.0,1464.32,4239.36,1464.32,4239.36,1.0,0,245.0,245.0,100bs-1n-30th-287037s-DENV_2-peru-BVBRC_genome_sequence,sequana_cpu_dev,1,11373938.0,100,1,30,287037,DENV_2-peru-BVBRC_genome_sequence,6323.59,4150.72,10474.3,105.39,69.18,174.57,174.57,60.0, sdumont6167,638932.2999999999
879.0,1290,43,2992852.0,143348.0,143348.0,2992852.0,1464.32,4259.84,1464.32,4259.84,1.0,0,34.0,34.0,100bs-1n-30th-287037s-DENV_2-peru-BVBRC_genome_sequence,sequana_cpu_dev,1,11373939.0,100,1,30,287037,DENV_2-peru-BVBRC_genome_sequence,4869.43,3283.82,8153.25,115.94,78.19,194.12,194.12,42.0, sdumont6167,350589.75
876.0,1500,50,2992852.0,143432.0,143432.0,2992852.0,1464.32,4249.6,1464.32,4249.6,1.0,0,29.0,29.0,100bs-1n-30th-287037s-DENV_2-peru-BVBRC_genome_sequence,sequana_cpu_dev,1,11373940.0,100,1,30,287037,DENV_2-peru-BVBRC_genome_sequence,5589.23,3926.3,9515.53,114.07,80.13,194.19,194.19,49.0, sdumont6169,475776.50000000006
12534.0,12750,425,3215668.0,152760.0,152760.0,3215668.0,4259.84,4833.28,4259.84,4833.28,1.0,0,13.0,13.0,1000bs-1n-30th-287037s-DENV_2-peru-BVBRC_genome_sequence,sequana_cpu_dev,1,11373942.0,1000,1,30,287037,DENV_2-peru-BVBRC_genome_sequence,51910.24,34723.52,86633.76,122.43,81.9,204.32,204.32,424.0, sdumont6167,36819348.0
12515.0,13500,450,3215668.0,154588.0,154588.0,3215668.0,4249.6,4802.56,4249.6,4802.56,1.0,0,21.0,21.0,1000bs-1n-30th-287037s-DENV_2-peru-BVBRC_genome_sequence,sequana_cpu_dev,1,11373943.0,1000,1,30,287037,DENV_2-peru-BVBRC_genome_sequence,51661.06,36273.18,87934.23,114.8,80.61,195.41,195.41,450.0, sdumont6169,39570403.5
14252.0,14850,495,3221088.0,154384.0,154384.0,3221088.0,4669.44,4823.04,4669.44,4823.04,1.0,0,20.0,20.0,1000bs-1n-30th-287037s-DENV_2-peru-BVBRC_genome_sequence,sequana_cpu_dev,1,11373946.0,1000,1,30,287037,DENV_2-peru-BVBRC_genome_sequence,58320.45,40118.19,98438.64,118.3,81.38,199.67,199.67,493.0, sdumont6169,48727126.8
12518.0,13230,441,3221384.0,152628.0,152628.0,3221384.0,4229.12,4823.04,4229.12,4823.04,1.0,0,22.0,22.0,1000bs-1n-30th-287037s-DENV_2-peru-BVBRC_genome_sequence,sequana_cpu_dev,1,11373947.0,1000,1,30,287037,DENV_2-peru-BVBRC_genome_sequence,50884.41,35726.44,86610.85,115.65,81.2,196.84,196.84,440.0, sdumont6169,38195384.85
12241.0,12750,425,3215668.0,155036.0,155036.0,3215668.0,4229.12,4833.28,4229.12,4833.28,1.0,0,250.0,250.0,1000bs-1n-30th-287037s-DENV_2-peru-BVBRC_genome_sequence,sequana_cpu_dev,1,11373948.0,1000,1,30,287037,DENV_2-peru-BVBRC_genome_sequence,45888.42,33337.26,79225.68,108.48,78.81,187.29,187.29,423.0, sdumont6165,33670914.0
2130.0,2232,62,3398432.0,143988.0,143988.0,3398432.0,1761.28,4311.04,1761.28,4311.04,1.0,0,33.0,33.0,100bs-1n-36th-287037s-DENV_2-peru-BVBRC_genome_sequence,sequana_cpu_dev,1,11373950.0,100,1,36,287037,DENV_2-peru-BVBRC_genome_sequence,6723.1,6035.46,12758.56,112.05,100.59,212.64,212.64,60.0, sdumont6165,791030.72
2128.0,2340,65,3398604.0,146732.0,146732.0,3398604.0,1689.6,4270.08,1689.6,4270.08,1.0,0,19.0,19.0,100bs-1n-36th-287037s-DENV_2-peru-BVBRC_genome_sequence,sequana_cpu_dev,1,11373951.0,100,1,36,287037,DENV_2-peru-BVBRC_genome_sequence,6977.94,6256.61,13234.56,109.03,97.76,206.79,206.79,64.0, sdumont6165,860246.4
1061.0,2088,58,3398580.0,144120.0,144120.0,3398580.0,1464.32,4249.6,1464.32,4249.6,0.0,0,27.0,27.0,100bs-1n-36th-287037s-DENV_2-peru-BVBRC_genome_sequence,sequana_cpu_dev,1,11373952.0,100,1,36,287037,DENV_2-peru-BVBRC_genome_sequence,6210.78,5585.49,11796.27,108.96,97.99,206.95,206.95,57.0, sdumont6165,684183.66
1063.0,1764,49,3398604.0,144520.0,144520.0,3398604.0,1464.32,4249.6,1464.32,4249.6,1.0,0,25.0,25.0,100bs-1n-36th-287037s-DENV_2-peru-BVBRC_genome_sequence,sequana_cpu_dev,1,11373953.0,100,1,36,287037,DENV_2-peru-BVBRC_genome_sequence,5130.2,4594.42,9724.61,106.88,95.72,202.6,202.6,48.0, sdumont6165,476505.89
1065.0,1692,47,3398580.0,144048.0,144048.0,3398580.0,1464.32,4249.6,1464.32,4249.6,1.0,0,24.0,24.0,100bs-1n-36th-287037s-DENV_2-peru-BVBRC_genome_sequence,sequana_cpu_dev,1,11373954.0,100,1,36,287037,DENV_2-peru-BVBRC_genome_sequence,4899.1,4408.39,9307.49,106.5,95.83,202.34,202.34,46.0, sdumont6165,437452.03
18209.0,18792,522,3398388.0,155752.0,155752.0,3398388.0,4925.44,4833.28,4925.44,4833.28,1.0,0,41.0,41.0,1000bs-1n-36th-287037s-DENV_2-peru-BVBRC_genome_sequence,sequana_cpu_dev,1,11373955.0,1000,1,36,287037,DENV_2-peru-BVBRC_genome_sequence,58374.84,52579.49,110954.33,112.26,101.11,213.37,213.37,520.0, sdumont6165,57918160.26
18252.0,18720,520,3404560.0,154168.0,154168.0,3404560.0,4864.0,4833.28,4864.0,4833.28,1.0,0,32.0,32.0,1000bs-1n-36th-287037s-DENV_2-peru-BVBRC_genome_sequence,sequana_cpu_dev,1,11373957.0,1000,1,36,287037,DENV_2-peru-BVBRC_genome_sequence,57227.22,51665.27,108892.49,110.26,99.55,209.81,209.81,519.0, sdumont6165,56624094.8
23503.0,23940,665,3398588.0,155476.0,155476.0,3398588.0,5969.92,4853.76,5969.92,4853.76,1.0,0,22.0,22.0,1000bs-1n-36th-287037s-DENV_2-peru-BVBRC_genome_sequence,sequana_cpu_dev,1,11373958.0,1000,1,36,287037,DENV_2-peru-BVBRC_genome_sequence,75726.32,67911.73,143638.05,114.22,102.43,216.65,216.65,663.0, sdumont6165,95519303.25
21387.0,22284,619,3404000.0,153420.0,153420.0,3404000.0,5519.36,4833.28,5519.36,4833.28,1.0,0,20.0,20.0,1000bs-1n-36th-287037s-DENV_2-peru-BVBRC_genome_sequence,sequana_cpu_dev,1,11373959.0,1000,1,36,287037,DENV_2-peru-BVBRC_genome_sequence,69685.88,63340.15,133026.03,112.94,102.66,215.6,215.6,617.0, sdumont6165,82343112.57
19317.0,19584,544,3621252.0,153240.0,153240.0,3621252.0,5314.56,5253.12,5314.56,5253.12,1.0,0,43.0,43.0,1000bs-1n-36th-287037s-DENV_2-peru-BVBRC_genome_sequence,sequana_cpu_dev,1,11373961.0,1000,1,36,287037,DENV_2-peru-BVBRC_genome_sequence,59465.31,54012.53,113477.84,110.12,100.02,210.14,210.14,540.0, sdumont6165,61731944.96
1217.0,2394,57,3587116.0,144880.0,144880.0,3587116.0,1392.64,4249.6,1392.64,4249.6,1.0,0,60.0,60.0,100bs-1n-42th-287037s-DENV_2-peru-BVBRC_genome_sequence,sequana_cpu_dev,1,11373962.0,100,1,42,287037,DENV_2-peru-BVBRC_genome_sequence,6053.26,5653.54,11706.79,110.06,102.79,212.85,212.85,55.0, sdumont6165,667287.03
1224.0,2100,50,3804080.0,143488.0,143488.0,3804080.0,1464.32,4249.6,1464.32,4249.6,1.0,0,19.0,19.0,100bs-1n-42th-287037s-DENV_2-peru-BVBRC_genome_sequence,sequana_cpu_dev,1,11373963.0,100,1,42,287037,DENV_2-peru-BVBRC_genome_sequence,5178.03,4826.92,10004.95,107.88,100.56,208.44,208.44,48.0, sdumont6165,500247.50000000006
2468.0,2814,67,3804080.0,147984.0,147984.0,3804080.0,1689.6,4270.08,1689.6,4270.08,1.0,0,21.0,21.0,100bs-1n-42th-287037s-DENV_2-peru-BVBRC_genome_sequence,sequana_cpu_dev,1,11373964.0,100,1,42,287037,DENV_2-peru-BVBRC_genome_sequence,7210.68,6765.05,13975.73,112.67,105.7,218.37,218.37,64.0, sdumont6165,936373.91
1223.0,2394,57,3804228.0,143916.0,143916.0,3804228.0,1464.32,4249.6,1464.32,4249.6,1.0,0,19.0,19.0,100bs-1n-42th-287037s-DENV_2-peru-BVBRC_genome_sequence,sequana_cpu_dev,1,11373965.0,100,1,42,287037,DENV_2-peru-BVBRC_genome_sequence,5986.71,5597.8,11584.51,108.85,101.78,210.63,210.63,55.0, sdumont6165,660317.0700000001
1222.0,2520,60,3803912.0,143316.0,143316.0,3803912.0,1464.32,4239.36,1464.32,4239.36,1.0,0,29.0,29.0,100bs-1n-42th-287037s-DENV_2-peru-BVBRC_genome_sequence,sequana_cpu_dev,1,11373966.0,100,1,42,287037,DENV_2-peru-BVBRC_genome_sequence,6342.6,5948.9,12291.5,109.36,102.57,211.92,211.92,58.0, sdumont6165,737490.0
24969.0,25368,604,4026876.0,151420.0,151420.0,4026876.0,5263.36,4843.52,5263.36,4843.52,1.0,0,23.0,23.0,1000bs-1n-42th-287037s-DENV_2-peru-BVBRC_genome_sequence,sequana_cpu_dev,1,11373967.0,1000,1,42,287037,DENV_2-peru-BVBRC_genome_sequence,68223.55,64606.0,132829.54,113.33,107.32,220.65,220.65,602.0, sdumont6165,80229042.16000001
21273.0,22134,527,3809756.0,151244.0,151244.0,3809756.0,4751.36,4823.04,4751.36,4823.04,1.0,0,33.0,33.0,1000bs-1n-42th-287037s-DENV_2-peru-BVBRC_genome_sequence,sequana_cpu_dev,1,11373968.0,1000,1,42,287037,DENV_2-peru-BVBRC_genome_sequence,58744.35,55156.4,113900.75,111.89,105.06,216.95,216.95,525.0, sdumont6165,60025695.25
23718.0,24696,588,3809648.0,153156.0,153156.0,3809648.0,5304.32,4833.28,5304.32,4833.28,1.0,0,11.0,11.0,1000bs-1n-42th-287037s-DENV_2-peru-BVBRC_genome_sequence,sequana_cpu_dev,1,11373969.0,1000,1,42,287037,DENV_2-peru-BVBRC_genome_sequence,67118.61,63046.34,130164.96,114.73,107.77,222.5,222.5,585.0, sdumont6165,76536996.48
22543.0,22890,545,3809608.0,152948.0,152948.0,3809608.0,5099.52,4843.52,5099.52,4843.52,1.0,0,36.0,36.0,1000bs-1n-42th-287037s-DENV_2-peru-BVBRC_genome_sequence,sequana_cpu_dev,1,11373970.0,1000,1,42,287037,DENV_2-peru-BVBRC_genome_sequence,60927.47,56141.94,117069.41,112.0,103.2,215.2,215.2,544.0, sdumont6165,63802828.45
23721.0,24318,579,3809796.0,153908.0,153908.0,3809796.0,5324.8,4843.52,5324.8,4843.52,1.0,0,33.0,33.0,1000bs-1n-42th-287037s-DENV_2-peru-BVBRC_genome_sequence,sequana_cpu_dev,1,11373974.0,1000,1,42,287037,DENV_2-peru-BVBRC_genome_sequence,66042.91,62052.36,128095.27,114.46,107.54,222.0,222.0,577.0, sdumont6165,74167161.33
1394.0,2784,58,4209780.0,144280.0,144280.0,4209780.0,1464.32,4249.6,1464.32,4249.6,1.0,0,24.0,24.0,100bs-1n-48th-287037s-DENV_2-peru-BVBRC_genome_sequence,sequana_cpu_dev,1,11373976.0,100,1,48,287037,DENV_2-peru-BVBRC_genome_sequence,6057.85,6332.66,12390.52,108.18,113.08,221.26,221.26,56.0, sdumont6165,718650.16
1394.0,2736,57,4437716.0,147216.0,147216.0,4437716.0,1443.84,4249.6,1443.84,4249.6,1.0,0,53.0,53.0,100bs-1n-48th-287037s-DENV_2-peru-BVBRC_genome_sequence,sequana_cpu_dev,1,11373977.0,100,1,48,287037,DENV_2-peru-BVBRC_genome_sequence,6132.91,6394.9,12527.81,111.51,116.27,227.78,227.78,55.0, sdumont6165,714085.1699999999
2831.0,2976,62,4209632.0,148072.0,148072.0,4209632.0,1669.12,4270.08,1669.12,4270.08,1.0,0,33.0,33.0,100bs-1n-48th-287037s-DENV_2-peru-BVBRC_genome_sequence,sequana_cpu_dev,1,11373978.0,100,1,48,287037,DENV_2-peru-BVBRC_genome_sequence,6414.36,6696.9,13111.26,105.15,109.79,214.94,214.94,61.0, sdumont6165,812898.12
2826.0,3024,63,4209484.0,143900.0,143900.0,4209484.0,1587.2,4270.08,1587.2,4270.08,1.0,0,45.0,45.0,100bs-1n-48th-287037s-DENV_2-peru-BVBRC_genome_sequence,sequana_cpu_dev,1,11373979.0,100,1,48,287037,DENV_2-peru-BVBRC_genome_sequence,6838.15,7112.48,13950.63,110.29,114.72,225.01,225.01,62.0, sdumont6165,878889.69
2825.0,3408,71,4209484.0,143680.0,143680.0,4209484.0,1669.12,4270.08,1669.12,4270.08,1.0,0,52.0,52.0,100bs-1n-48th-287037s-DENV_2-peru-BVBRC_genome_sequence,sequana_cpu_dev,1,11373980.0,100,1,48,287037,DENV_2-peru-BVBRC_genome_sequence,7590.21,7909.18,15499.39,111.62,116.31,227.93,227.93,68.0, sdumont6165,1100456.69
34276.0,34800,725,4437872.0,152936.0,152936.0,4437872.0,6502.4,4853.76,6502.4,4853.76,1.0,0,36.0,36.0,1000bs-1n-48th-287037s-DENV_2-peru-BVBRC_genome_sequence,sequana_cpu_dev,1,11373982.0,1000,1,48,287037,DENV_2-peru-BVBRC_genome_sequence,82186.7,86040.37,168227.07,113.83,119.17,233.0,233.0,722.0, sdumont6165,121964625.75
32856.0,33936,707,4215464.0,153396.0,153396.0,4215464.0,6215.68,4843.52,6215.68,4843.52,1.0,0,39.0,39.0,1000bs-1n-48th-287037s-DENV_2-peru-BVBRC_genome_sequence,sequana_cpu_dev,1,11373984.0,1000,1,48,287037,DENV_2-peru-BVBRC_genome_sequence,80012.62,83431.89,163444.52,113.65,118.51,232.17,232.17,704.0, sdumont6165,115555275.64
28623.0,29664,618,4215360.0,151452.0,151452.0,4215360.0,5478.4,4833.28,5478.4,4833.28,1.0,0,25.0,25.0,1000bs-1n-48th-287037s-DENV_2-peru-BVBRC_genome_sequence,sequana_cpu_dev,1,11373985.0,1000,1,48,287037,DENV_2-peru-BVBRC_genome_sequence,69102.47,72154.83,141257.31,112.18,117.13,229.31,229.31,616.0, sdumont6165,87297017.58
27202.0,28704,598,4209492.0,153144.0,153144.0,4209492.0,5365.76,4823.04,5365.76,4823.04,1.0,0,61.0,61.0,1000bs-1n-48th-287037s-DENV_2-peru-BVBRC_genome_sequence,sequana_cpu_dev,1,11373986.0,1000,1,48,287037,DENV_2-peru-BVBRC_genome_sequence,66175.54,69321.28,135496.82,111.03,116.31,227.34,227.34,596.0, sdumont6165,81027098.36
32865.0,34080,710,4215200.0,154816.0,154816.0,4215200.0,6082.56,4843.52,6082.56,4843.52,1.0,0,35.0,35.0,1000bs-1n-48th-287037s-DENV_2-peru-BVBRC_genome_sequence,sequana_cpu_dev,1,11373987.0,1000,1,48,287037,DENV_2-peru-BVBRC_genome_sequence,80158.13,83658.4,163816.53,113.06,117.99,231.05,231.05,709.0, sdumont6165,116309736.3
0.0,124,31,265348.0,3148.0,3136.0,265348.0,0.0,0.0,0.0,0.0,1.0,0,0.0,0.0,100bs-2n-2th-287037s-DENV_2-peru-BVBRC_genome_sequence,sequana_cpu_dev,2,11373990.0,100,1,2,287037,DENV_2-peru-BVBRC_genome_sequence,2492.98,1930.94,4423.92,84.4,65.27,149.67,74.84,29.5, sdumont6165,137141.52
0.0,100,25,265348.0,3060.0,3058.0,265348.0,0.0,0.0,0.0,0.0,1.0,0,0.0,0.0,100bs-2n-2th-287037s-DENV_2-peru-BVBRC_genome_sequence,sequana_cpu_dev,2,11373991.0,100,1,2,287037,DENV_2-peru-BVBRC_genome_sequence,2326.23,1648.5,3974.73,96.93,68.69,165.61,82.81,24.0, sdumont6165,99368.25
0.0,92,23,265348.0,3180.0,3170.0,265348.0,0.0,0.0,0.0,0.0,1.0,0,0.0,0.0,100bs-2n-2th-287037s-DENV_2-peru-BVBRC_genome_sequence,sequana_cpu_dev,2,11373992.0,100,1,2,287037,DENV_2-peru-BVBRC_genome_sequence,2234.17,1572.19,3806.37,101.55,71.46,173.02,86.51,22.0, sdumont6165,87546.51
0.0,80,20,265348.0,3088.0,3076.0,265348.0,0.0,0.0,0.0,0.0,1.0,0,0.0,0.0,100bs-2n-2th-287037s-DENV_2-peru-BVBRC_genome_sequence,sequana_cpu_dev,2,11373993.0,100,1,2,287037,DENV_2-peru-BVBRC_genome_sequence,1921.68,1314.8,3236.49,101.14,69.2,170.34,85.17,19.0, sdumont6165,64729.8
0.0,84,21,265348.0,3180.0,3160.0,265348.0,0.0,0.0,0.0,0.0,1.0,0,0.0,0.0,100bs-2n-2th-287037s-DENV_2-peru-BVBRC_genome_sequence,sequana_cpu_dev,2,11373994.0,100,1,2,287037,DENV_2-peru-BVBRC_genome_sequence,2129.37,1467.05,3596.42,106.47,73.35,179.82,89.91,20.0, sdumont6165,75524.82
313.0,816,204,1107238.0,155808.0,150676.0,1113444.0,2590.72,4495.36,2611.2,4495.36,1.0,0,0.0,0.0,1000bs-2n-2th-287037s-DENV_2-peru-BVBRC_genome_sequence,sequana_cpu_dev,2,11373995.0,1000,1,2,287037,DENV_2-peru-BVBRC_genome_sequence,22214.07,15468.45,37682.52,109.7,76.38,186.08,93.04,202.5, sdumont6165,7687234.079999999
355.0,864,216,1221280.0,159412.0,152478.0,1341528.0,2816.0,4515.84,2836.48,4515.84,1.0,0,0.0,0.0,1000bs-2n-2th-287037s-DENV_2-peru-BVBRC_genome_sequence,sequana_cpu_dev,2,11373996.0,1000,1,2,287037,DENV_2-peru-BVBRC_genome_sequence,23424.89,16419.57,39844.46,108.95,76.37,185.32,92.66,215.0, sdumont6165,8606403.36
359.0,912,228,1107242.0,151440.0,146356.0,1113452.0,2744.32,4505.6,2805.76,4526.08,1.0,0,0.0,0.0,1000bs-2n-2th-287037s-DENV_2-peru-BVBRC_genome_sequence,sequana_cpu_dev,2,11373997.0,1000,1,2,287037,DENV_2-peru-BVBRC_genome_sequence,24660.93,17179.24,41840.17,109.12,76.01,185.13,92.57,226.0, sdumont6165,9539558.76
321.0,768,192,1107240.0,149696.0,146558.0,1113448.0,2549.76,4505.6,2590.72,4505.6,1.0,0,0.0,0.0,1000bs-2n-2th-287037s-DENV_2-peru-BVBRC_genome_sequence,sequana_cpu_dev,2,11373998.0,1000,1,2,287037,DENV_2-peru-BVBRC_genome_sequence,21129.76,14546.38,35676.14,111.21,76.56,187.77,93.88,190.0, sdumont6165,6849818.88
318.0,796,199,1107316.0,149540.0,145396.0,1113452.0,2600.96,4495.36,2611.2,4505.6,1.0,0,0.0,0.0,1000bs-2n-2th-287037s-DENV_2-peru-BVBRC_genome_sequence,sequana_cpu_dev,2,11373999.0,1000,1,2,287037,DENV_2-peru-BVBRC_genome_sequence,21679.04,15029.78,36708.82,110.05,76.29,186.34,93.17,197.0, sdumont6165,7305055.18
0.0,168,14,265348.0,3128.0,3118.0,265348.0,0.0,0.0,0.0,0.0,1.0,0,0.0,0.0,100bs-2n-6th-287037s-DENV_2-peru-BVBRC_genome_sequence,sequana_cpu_dev,2,11374000.0,100,1,6,287037,DENV_2-peru-BVBRC_genome_sequence,1727.8,829.69,2557.49,138.55,66.34,204.89,102.45,12.5, sdumont6165,35804.86
0.0,180,15,265348.0,3092.0,3078.0,265348.0,0.0,0.0,0.0,0.0,1.0,0,0.0,0.0,100bs-2n-6th-287037s-DENV_2-peru-BVBRC_genome_sequence,sequana_cpu_dev,2,11374001.0,100,1,6,287037,DENV_2-peru-BVBRC_genome_sequence,2040.42,985.57,3025.98,151.5,72.97,224.47,112.23,13.5, sdumont6165,45389.7
0.0,204,17,265348.0,3140.0,3098.0,265348.0,0.0,0.0,0.0,0.0,1.0,0,0.0,0.0,100bs-2n-6th-287037s-DENV_2-peru-BVBRC_genome_sequence,sequana_cpu_dev,2,11374002.0,100,1,6,287037,DENV_2-peru-BVBRC_genome_sequence,2306.0,1120.85,3426.84,148.94,72.21,221.15,110.57,15.5, sdumont6165,58256.28
0.0,192,16,265348.0,3056.0,3054.0,265348.0,0.0,0.0,0.0,0.0,1.0,0,0.0,0.0,100bs-2n-6th-287037s-DENV_2-peru-BVBRC_genome_sequence,sequana_cpu_dev,2,11374003.0,100,1,6,287037,DENV_2-peru-BVBRC_genome_sequence,2011.31,973.94,2985.25,149.25,72.08,221.33,110.66,13.5, sdumont6165,47764.0
0.0,168,14,265348.0,3128.0,3106.0,265348.0,0.0,0.0,0.0,0.0,1.0,0,0.0,0.0,100bs-2n-6th-287037s-DENV_2-peru-BVBRC_genome_sequence,sequana_cpu_dev,2,11374004.0,100,1,6,287037,DENV_2-peru-BVBRC_genome_sequence,1693.22,824.58,2517.8,135.67,65.89,201.56,100.78,12.5, sdumont6165,35249.200000000004
1576.0,3864,322,1377252.0,162056.0,154872.0,1383408.0,3471.36,4495.36,3594.24,4495.36,1.0,0,2.0,2.0,1000bs-2n-6th-287037s-DENV_2-peru-BVBRC_genome_sequence,sequana_cpu_dev,2,11374005.0,1000,1,6,287037,DENV_2-peru-BVBRC_genome_sequence,47188.96,24233.65,71422.6,147.93,75.97,223.9,111.95,319.0, sdumont6165,22998077.200000003
1228.0,3204,267,1377326.0,153716.0,148680.0,1383408.0,3061.76,4495.36,3072.0,4495.36,1.0,0,1.0,1.0,1000bs-2n-6th-287037s-DENV_2-peru-BVBRC_genome_sequence,sequana_cpu_dev,2,11374006.0,1000,1,6,287037,DENV_2-peru-BVBRC_genome_sequence,38774.92,19907.16,58682.08,145.77,74.84,220.61,110.3,266.0, sdumont6165,15668115.36
847.0,1968,164,1380120.0,153732.0,147820.0,1388972.0,2355.2,4515.84,2365.44,4526.08,1.0,0,1.0,1.0,1000bs-2n-6th-287037s-DENV_2-peru-BVBRC_genome_sequence,sequana_cpu_dev,2,11374007.0,1000,1,6,287037,DENV_2-peru-BVBRC_genome_sequence,24051.59,11728.26,35779.85,157.2,76.66,233.86,116.93,153.0, sdumont6165,5867895.399999999
685.0,1692,141,1380110.0,155852.0,147734.0,1388968.0,2140.16,4485.12,2140.16,4505.6,1.0,0,0.0,1.0,1000bs-2n-6th-287037s-DENV_2-peru-BVBRC_genome_sequence,sequana_cpu_dev,2,11374008.0,1000,1,6,287037,DENV_2-peru-BVBRC_genome_sequence,22179.58,10654.54,32834.12,158.43,76.1,234.53,117.26,140.0, sdumont6165,4629610.92
674.0,1776,148,1491494.0,155692.0,150666.0,1606356.0,2150.4,4454.4,2160.64,4464.64,1.0,0,0.0,1.0,1000bs-2n-6th-287037s-DENV_2-peru-BVBRC_genome_sequence,sequana_cpu_dev,2,11374009.0,1000,1,6,287037,DENV_2-peru-BVBRC_genome_sequence,22993.37,11173.25,34166.62,158.03,76.78,234.81,117.41,145.5, sdumont6165,5056659.760000001
0.0,432,18,265348.0,1036.0,1036.0,265348.0,0.0,0.0,0.0,0.0,1.0,0,0.0,0.0,100bs-2n-12th-287037s-DENV_2-peru-BVBRC_genome_sequence,sequana_cpu_dev,2,11374010.0,100,1,12,287037,DENV_2-peru-BVBRC_genome_sequence,2960.84,1140.04,4100.88,185.05,71.25,256.3,128.15,16.0, sdumont6165,73815.84
0.0,576,24,265348.0,3184.0,2112.0,265348.0,0.0,0.0,0.0,0.0,1.0,0,0.0,0.0,100bs-2n-12th-287037s-DENV_2-peru-BVBRC_genome_sequence,sequana_cpu_dev,2,11374011.0,100,1,12,287037,DENV_2-peru-BVBRC_genome_sequence,3878.69,1571.14,5449.83,176.3,71.42,247.72,123.86,22.0, sdumont6165,130795.92
0.0,408,17,265348.0,1036.0,1034.0,265348.0,0.0,0.0,0.0,0.0,1.0,0,0.0,0.0,100bs-2n-12th-287037s-DENV_2-peru-BVBRC_genome_sequence,sequana_cpu_dev,2,11374013.0,100,1,12,287037,DENV_2-peru-BVBRC_genome_sequence,2597.12,1038.35,3635.47,173.14,69.22,242.36,121.18,15.0, sdumont6165,61802.99
0.0,408,17,265348.0,1040.0,1036.0,265348.0,0.0,0.0,0.0,0.0,1.0,0,0.0,0.0,100bs-2n-12th-287037s-DENV_2-peru-BVBRC_genome_sequence,sequana_cpu_dev,2,11374014.0,100,1,12,287037,DENV_2-peru-BVBRC_genome_sequence,2942.45,1136.72,4079.18,196.16,75.78,271.95,135.97,15.0, sdumont6165,69346.06
342.0,792,33,1674118.0,151172.0,145478.0,1776528.0,1443.84,4249.6,1484.8,4259.84,1.0,0,9.0,12.0,100bs-2n-12th-287037s-DENV_2-peru-BVBRC_genome_sequence,sequana_cpu_dev,2,11374015.0,100,1,12,287037,DENV_2-peru-BVBRC_genome_sequence,6066.19,2238.27,8304.46,195.68,72.2,267.89,133.94,31.0, sdumont6165,274047.18
3382.0,7920,330,1894156.0,158408.0,152296.0,2011788.0,3553.28,4495.36,3553.28,4515.84,1.0,0,5.0,7.0,1000bs-2n-12th-287037s-DENV_2-peru-BVBRC_genome_sequence,sequana_cpu_dev,2,11374016.0,1000,1,12,287037,DENV_2-peru-BVBRC_genome_sequence,68705.24,25037.75,93743.0,209.47,76.33,285.8,142.9,328.0, sdumont6165,30935190.0
3064.0,6864,286,1785460.0,155972.0,150992.0,1794380.0,3215.36,4505.6,3287.04,4515.84,1.0,0,10.0,12.0,1000bs-2n-12th-287037s-DENV_2-peru-BVBRC_genome_sequence,sequana_cpu_dev,2,11374017.0,1000,1,12,287037,DENV_2-peru-BVBRC_genome_sequence,58901.33,21516.44,80417.77,209.61,76.57,286.18,143.09,281.0, sdumont6165,22999482.220000003
1412.0,3192,133,1896866.0,156248.0,150084.0,2017052.0,2099.2,4495.36,2119.68,4495.36,1.0,0,6.0,6.0,1000bs-2n-12th-287037s-DENV_2-peru-BVBRC_genome_sequence,sequana_cpu_dev,2,11374018.0,1000,1,12,287037,DENV_2-peru-BVBRC_genome_sequence,26214.48,10044.76,36259.24,200.11,76.68,276.79,138.39,131.0, sdumont6165,4822478.92
1409.0,3648,152,1785460.0,150164.0,148132.0,1794384.0,2641.92,4730.88,2856.96,4935.68,1.0,0,0.0,9.0,1000bs-2n-12th-287037s-DENV_2-peru-BVBRC_genome_sequence,sequana_cpu_dev,2,11374019.0,1000,1,12,287037,DENV_2-peru-BVBRC_genome_sequence,30221.82,11461.08,41682.91,202.83,76.92,279.75,139.88,149.0, sdumont6165,6335802.32
1757.0,3984,166,1896800.0,151996.0,147986.0,2004772.0,2344.96,4505.6,2365.44,4515.84,1.0,0,7.0,10.0,1000bs-2n-12th-287037s-DENV_2-peru-BVBRC_genome_sequence,sequana_cpu_dev,2,11374020.0,1000,1,12,287037,DENV_2-peru-BVBRC_genome_sequence,33511.64,12611.79,46123.43,204.34,76.9,281.24,140.62,164.0, sdumont6165,7656489.38
0.0,756,21,265348.0,1036.0,1034.0,265348.0,0.0,0.0,0.0,0.0,1.0,0,0.0,0.0,100bs-2n-18th-287037s-DENV_2-peru-BVBRC_genome_sequence,sequana_cpu_dev,2,11374021.0,100,1,18,287037,DENV_2-peru-BVBRC_genome_sequence,3839.49,1396.65,5236.14,202.08,73.51,275.59,137.79,19.0, sdumont6165,109958.94
0.0,684,19,265348.0,1036.0,1034.0,265348.0,0.0,0.0,0.0,0.0,1.0,0,0.0,0.0,100bs-2n-18th-287037s-DENV_2-peru-BVBRC_genome_sequence,sequana_cpu_dev,2,11374023.0,100,1,18,287037,DENV_2-peru-BVBRC_genome_sequence,3040.96,1152.86,4193.82,184.47,69.8,254.27,127.14,16.5, sdumont6165,79682.57999999999
0.0,972,27,265348.0,3124.0,2082.0,265348.0,0.0,0.0,0.0,0.0,1.0,0,0.0,0.0,100bs-2n-18th-287037s-DENV_2-peru-BVBRC_genome_sequence,sequana_cpu_dev,2,11374024.0,100,1,18,287037,DENV_2-peru-BVBRC_genome_sequence,5409.67,1916.84,7326.51,216.39,76.67,293.06,146.53,25.0, sdumont6165,197815.77
0.0,612,17,265348.0,1036.0,1034.0,265348.0,0.0,0.0,0.0,0.0,1.0,0,0.0,0.0,100bs-2n-18th-287037s-DENV_2-peru-BVBRC_genome_sequence,sequana_cpu_dev,2,11374025.0,100,1,18,287037,DENV_2-peru-BVBRC_genome_sequence,2850.66,1095.12,3945.78,203.62,78.22,281.84,140.92,14.0, sdumont6165,67078.26000000001
0.0,864,24,265348.0,3140.0,2090.0,265348.0,0.0,0.0,0.0,0.0,1.0,0,0.0,0.0,100bs-2n-18th-287037s-DENV_2-peru-BVBRC_genome_sequence,sequana_cpu_dev,2,11374026.0,100,1,18,287037,DENV_2-peru-BVBRC_genome_sequence,4554.87,1641.09,6195.96,207.04,74.6,281.63,140.82,22.0, sdumont6165,148703.04
2137.0,5436,151,2191054.0,158516.0,149434.0,2199928.0,2119.68,4464.64,2119.68,4464.64,1.0,0,8.0,11.0,1000bs-2n-18th-287037s-DENV_2-peru-BVBRC_genome_sequence,sequana_cpu_dev,2,11374027.0,1000,1,18,287037,DENV_2-peru-BVBRC_genome_sequence,30612.37,11452.3,42064.66,206.15,77.14,283.28,141.64,148.5, sdumont6165,6351763.66
2654.0,6156,171,2299684.0,152660.0,150444.0,2405000.0,2314.24,4485.12,2344.96,4495.36,1.0,0,10.0,11.0,1000bs-2n-18th-287037s-DENV_2-peru-BVBRC_genome_sequence,sequana_cpu_dev,2,11374028.0,1000,1,18,287037,DENV_2-peru-BVBRC_genome_sequence,35461.49,13014.58,48476.07,209.83,77.01,286.84,143.42,169.0, sdumont6165,8289407.97
2666.0,5868,163,2188226.0,150324.0,148556.0,2194380.0,2344.96,4505.6,2344.96,4505.6,1.0,0,16.0,17.0,1000bs-2n-18th-287037s-DENV_2-peru-BVBRC_genome_sequence,sequana_cpu_dev,2,11374029.0,1000,1,18,287037,DENV_2-peru-BVBRC_genome_sequence,33398.81,12358.15,45756.96,208.74,77.24,285.98,142.99,160.0, sdumont6165,7458384.479999999
5670.0,12060,335,2188300.0,157080.0,150722.0,2194528.0,3665.92,4526.08,3799.04,4536.32,1.0,0,12.0,16.0,1000bs-2n-18th-287037s-DENV_2-peru-BVBRC_genome_sequence,sequana_cpu_dev,2,11374030.0,1000,1,18,287037,DENV_2-peru-BVBRC_genome_sequence,72921.11,25332.14,98253.25,219.64,76.3,295.94,147.97,332.0, sdumont6165,32914838.75
2664.0,5868,163,2299706.0,156760.0,152418.0,2404896.0,2365.44,4505.6,2365.44,4505.6,1.0,0,17.0,21.0,1000bs-2n-18th-287037s-DENV_2-peru-BVBRC_genome_sequence,sequana_cpu_dev,2,11374031.0,1000,1,18,287037,DENV_2-peru-BVBRC_genome_sequence,33861.22,12488.94,46350.17,210.97,77.83,288.8,144.4,160.5, sdumont6165,7555077.71
680.0,2256,47,2593774.0,153372.0,147646.0,2599924.0,1484.8,4229.12,1484.8,4229.12,1.0,0,31.0,40.0,100bs-2n-24th-287037s-DENV_2-peru-BVBRC_genome_sequence,sequana_cpu_dev,2,11374032.0,100,1,24,287037,DENV_2-peru-BVBRC_genome_sequence,11124.74,3490.46,14615.2,241.84,75.88,317.72,158.86,46.0, sdumont6165,686914.4
0.0,1008,21,265348.0,1036.0,1034.0,265348.0,0.0,0.0,0.0,0.0,1.0,0,0.0,0.0,100bs-2n-24th-287037s-DENV_2-peru-BVBRC_genome_sequence,sequana_cpu_dev,2,11374033.0,100,1,24,287037,DENV_2-peru-BVBRC_genome_sequence,3663.49,1336.62,5000.11,192.82,70.35,263.16,131.58,19.0, sdumont6165,105002.31
0.0,960,20,265348.0,3056.0,2048.0,265348.0,0.0,0.0,0.0,0.0,1.0,0,0.0,0.0,100bs-2n-24th-287037s-DENV_2-peru-BVBRC_genome_sequence,sequana_cpu_dev,2,11374034.0,100,1,24,287037,DENV_2-peru-BVBRC_genome_sequence,3721.8,1273.03,4994.83,206.77,70.72,277.49,138.75,18.0, sdumont6165,99896.6
0.0,1344,28,265348.0,3052.0,2042.0,265348.0,0.0,0.0,0.0,0.0,1.0,0,0.0,0.0,100bs-2n-24th-287037s-DENV_2-peru-BVBRC_genome_sequence,sequana_cpu_dev,2,11374035.0,100,1,24,287037,DENV_2-peru-BVBRC_genome_sequence,6228.32,2030.2,8258.53,230.68,75.19,305.87,152.94,27.0, sdumont6165,231238.84000000003
0.0,1296,27,265348.0,3116.0,2074.0,265348.0,0.0,0.0,0.0,0.0,1.0,0,0.0,0.0,100bs-2n-24th-287037s-DENV_2-peru-BVBRC_genome_sequence,sequana_cpu_dev,2,11374036.0,100,1,24,287037,DENV_2-peru-BVBRC_genome_sequence,5993.38,1963.5,7956.88,230.51,75.52,306.03,153.02,26.0, sdumont6165,214835.76
4965.0,10368,216,2596626.0,160548.0,156446.0,2605620.0,2805.76,4526.08,2836.48,4526.08,1.0,0,17.0,26.0,1000bs-2n-24th-287037s-DENV_2-peru-BVBRC_genome_sequence,sequana_cpu_dev,2,11374037.0,1000,1,24,287037,DENV_2-peru-BVBRC_genome_sequence,51302.67,16773.46,68076.13,238.62,78.02,316.63,158.32,215.0, sdumont6165,14704444.080000002
4958.0,11472,239,2596678.0,158556.0,152426.0,2600016.0,2805.76,4505.6,2836.48,4526.08,1.0,0,22.0,28.0,1000bs-2n-24th-287037s-DENV_2-peru-BVBRC_genome_sequence,sequana_cpu_dev,2,11374038.0,1000,1,24,287037,DENV_2-peru-BVBRC_genome_sequence,56756.72,18390.22,75146.94,240.49,77.92,318.42,159.21,236.0, sdumont6165,17960118.66
4938.0,10992,229,2819302.0,162504.0,155218.0,2828160.0,2785.28,4505.6,2805.76,4526.08,1.0,0,21.0,27.0,1000bs-2n-24th-287037s-DENV_2-peru-BVBRC_genome_sequence,sequana_cpu_dev,2,11374039.0,1000,1,24,287037,DENV_2-peru-BVBRC_genome_sequence,54271.22,17718.81,71990.04,239.08,78.06,317.14,158.57,227.0, sdumont6165,16485719.159999998
4764.0,10992,229,2705224.0,158732.0,152374.0,2810432.0,2693.12,4495.36,2805.76,4495.36,1.0,0,17.0,19.0,1000bs-2n-24th-287037s-DENV_2-peru-BVBRC_genome_sequence,sequana_cpu_dev,2,11374040.0,1000,1,24,287037,DENV_2-peru-BVBRC_genome_sequence,52580.61,17499.15,70079.76,231.63,77.09,308.72,154.36,227.0, sdumont6165,16048265.04
5604.0,12816,267,2708010.0,167148.0,158928.0,2822736.0,3031.04,4515.84,3031.04,4526.08,1.0,0,11.0,12.0,1000bs-2n-24th-287037s-DENV_2-peru-BVBRC_genome_sequence,sequana_cpu_dev,2,11374041.0,1000,1,24,287037,DENV_2-peru-BVBRC_genome_sequence,63981.1,20631.26,84612.35,240.53,77.56,318.09,159.05,266.0, sdumont6165,22591497.450000003
849.0,2880,48,3002176.0,154336.0,149576.0,3005620.0,1433.6,4239.36,1464.32,4239.36,1.0,0,18.0,21.0,100bs-2n-30th-287037s-DENV_2-peru-BVBRC_genome_sequence,sequana_cpu_dev,2,11374042.0,100,1,30,287037,DENV_2-peru-BVBRC_genome_sequence,8731.06,5793.08,14524.14,223.87,148.54,372.41,186.21,39.0, sdumont6165,697158.72
865.0,2220,37,2999396.0,154856.0,149386.0,3005620.0,1464.32,4239.36,1464.32,4239.36,1.0,0,19.0,23.0,100bs-2n-30th-287037s-DENV_2-peru-BVBRC_genome_sequence,sequana_cpu_dev,2,11374043.0,100,1,30,287037,DENV_2-peru-BVBRC_genome_sequence,7728.46,5162.78,12891.24,227.31,151.85,379.15,189.58,34.0, sdumont6165,476975.88
867.0,1980,33,3002240.0,153500.0,149056.0,3011168.0,1464.32,4239.36,1464.32,4239.36,1.0,0,15.0,17.0,100bs-2n-30th-287037s-DENV_2-peru-BVBRC_genome_sequence,sequana_cpu_dev,2,11374044.0,100,1,30,287037,DENV_2-peru-BVBRC_genome_sequence,7159.16,4855.65,12014.81,223.72,151.74,375.46,187.73,32.0, sdumont6165,396488.73
844.0,2640,44,2999464.0,154128.0,149162.0,3005604.0,1454.08,4239.36,1464.32,4239.36,1.0,0,15.0,20.0,100bs-2n-30th-287037s-DENV_2-peru-BVBRC_genome_sequence,sequana_cpu_dev,2,11374045.0,100,1,30,287037,DENV_2-peru-BVBRC_genome_sequence,8667.78,5857.4,14525.18,216.69,146.43,363.13,181.56,40.0, sdumont6165,639107.92
865.0,2160,36,2999392.0,154296.0,149088.0,3005456.0,1454.08,4239.36,1464.32,4239.36,1.0,0,22.0,29.0,100bs-2n-30th-287037s-DENV_2-peru-BVBRC_genome_sequence,sequana_cpu_dev,2,11374046.0,100,1,30,287037,DENV_2-peru-BVBRC_genome_sequence,7624.09,5152.49,12776.59,224.24,151.54,375.78,187.89,34.0, sdumont6165,459957.24
8836.0,18780,313,3002186.0,163384.0,156270.0,3005624.0,3348.48,4515.84,3430.4,4526.08,1.0,0,12.0,13.0,1000bs-2n-30th-287037s-DENV_2-peru-BVBRC_genome_sequence,sequana_cpu_dev,2,11374047.0,1000,1,30,287037,DENV_2-peru-BVBRC_genome_sequence,71984.8,48902.18,120886.97,230.72,156.74,387.46,193.73,312.0, sdumont6165,37837621.61
9647.0,19980,333,3002248.0,162036.0,155808.0,3011160.0,3768.32,4638.72,3880.96,4741.12,1.0,0,26.0,39.0,1000bs-2n-30th-287037s-DENV_2-peru-BVBRC_genome_sequence,sequana_cpu_dev,2,11374048.0,1000,1,30,287037,DENV_2-peru-BVBRC_genome_sequence,76208.84,51640.8,127849.63,230.94,156.49,387.42,193.71,330.0, sdumont6165,42573926.79
7982.0,17220,287,2999374.0,165756.0,157418.0,3005480.0,3143.68,4515.84,3174.4,4515.84,1.0,0,28.0,32.0,1000bs-2n-30th-287037s-DENV_2-peru-BVBRC_genome_sequence,sequana_cpu_dev,2,11374049.0,1000,1,30,287037,DENV_2-peru-BVBRC_genome_sequence,65199.63,44865.35,110064.98,229.58,157.98,387.55,193.78,284.0, sdumont6165,31588649.26
8862.0,18240,304,3002154.0,164044.0,156584.0,3005480.0,3379.2,4526.08,3440.64,4526.08,1.0,0,26.0,30.0,1000bs-2n-30th-287037s-DENV_2-peru-BVBRC_genome_sequence,sequana_cpu_dev,2,11374051.0,1000,1,30,287037,DENV_2-peru-BVBRC_genome_sequence,69508.59,47701.75,117210.34,230.16,157.95,388.11,194.06,302.0, sdumont6165,35631943.36
7898.0,16680,278,2999310.0,163156.0,158322.0,3005452.0,3112.96,4526.08,3123.2,4526.08,3.0,0,71.0,130.0,1000bs-2n-30th-287037s-DENV_2-peru-BVBRC_genome_sequence,sequana_cpu_dev,2,11374052.0,1000,1,30,287037,DENV_2-peru-BVBRC_genome_sequence,62589.59,43241.46,105831.05,226.77,156.67,383.45,191.72,276.0, sdumont6165,29421031.9
2079.0,4752,66,3404842.0,154444.0,149364.0,3410952.0,1689.6,4239.36,1689.6,4239.36,1.0,0,24.0,27.0,100bs-2n-36th-287037s-DENV_2-peru-BVBRC_genome_sequence,sequana_cpu_dev,2,11374053.0,100,1,36,287037,DENV_2-peru-BVBRC_genome_sequence,15086.67,13463.7,28550.37,235.73,210.37,446.1,223.05,64.0, sdumont6165,1884324.42
989.0,2448,34,3404924.0,154348.0,149558.0,3410992.0,1464.32,4239.36,1464.32,4239.36,1.0,0,29.0,33.0,100bs-2n-36th-287037s-DENV_2-peru-BVBRC_genome_sequence,sequana_cpu_dev,2,11374054.0,100,1,36,287037,DENV_2-peru-BVBRC_genome_sequence,6699.42,5889.59,12589.01,216.11,189.99,406.1,203.05,31.0, sdumont6165,428026.34
1032.0,2664,37,3404876.0,154072.0,149196.0,3411020.0,1454.08,4239.36,1464.32,4239.36,1.0,0,15.0,17.0,100bs-2n-36th-287037s-DENV_2-peru-BVBRC_genome_sequence,sequana_cpu_dev,2,11374055.0,100,1,36,287037,DENV_2-peru-BVBRC_genome_sequence,7807.64,6917.75,14725.4,216.88,192.16,409.04,204.52,36.0, sdumont6165,544839.7999999999
1041.0,2448,34,3404836.0,154484.0,151596.0,3411020.0,1464.32,4239.36,1464.32,4239.36,1.0,0,25.0,30.0,100bs-2n-36th-287037s-DENV_2-peru-BVBRC_genome_sequence,sequana_cpu_dev,2,11374056.0,100,1,36,287037,DENV_2-peru-BVBRC_genome_sequence,6915.08,6131.79,13046.86,216.1,191.62,407.71,203.86,32.0, sdumont6165,443593.24
1042.0,2448,34,3404910.0,156452.0,150494.0,3411168.0,1464.32,4239.36,1464.32,4239.36,1.0,0,16.0,17.0,100bs-2n-36th-287037s-DENV_2-peru-BVBRC_genome_sequence,sequana_cpu_dev,2,11374057.0,100,1,36,287037,DENV_2-peru-BVBRC_genome_sequence,7144.69,6270.24,13414.93,223.27,195.95,419.22,209.61,32.0, sdumont6165,456107.62
11716.0,25776,358,3518966.0,163120.0,157184.0,3639240.0,3584.0,4515.84,3665.92,4536.32,1.0,0,16.0,20.0,1000bs-2n-36th-287037s-DENV_2-peru-BVBRC_genome_sequence,sequana_cpu_dev,2,11374058.0,1000,1,36,287037,DENV_2-peru-BVBRC_genome_sequence,82090.89,72635.75,154726.64,230.59,204.03,434.63,217.31,356.0, sdumont6165,55392137.120000005
12779.0,26784,372,3407618.0,165484.0,157418.0,3411004.0,3624.96,4526.08,3635.2,4526.08,1.0,0,24.0,27.0,1000bs-2n-36th-287037s-DENV_2-peru-BVBRC_genome_sequence,sequana_cpu_dev,2,11374060.0,1000,1,36,287037,DENV_2-peru-BVBRC_genome_sequence,85450.58,75938.56,161389.14,230.95,205.24,436.19,218.09,370.0, sdumont6165,60036760.080000006
10677.0,23184,322,3404996.0,161668.0,155854.0,3411128.0,3368.96,4515.84,3430.4,4526.08,1.0,0,21.0,26.0,1000bs-2n-36th-287037s-DENV_2-peru-BVBRC_genome_sequence,sequana_cpu_dev,2,11374061.0,1000,1,36,287037,DENV_2-peru-BVBRC_genome_sequence,72096.64,63555.9,135652.55,225.3,198.61,423.91,211.96,320.0, sdumont6165,43680121.1
10670.0,22896,318,3407732.0,164216.0,157810.0,3411172.0,3297.28,4515.84,3399.68,4526.08,1.0,0,22.0,25.0,1000bs-2n-36th-287037s-DENV_2-peru-BVBRC_genome_sequence,sequana_cpu_dev,2,11374062.0,1000,1,36,287037,DENV_2-peru-BVBRC_genome_sequence,72165.46,63661.17,135826.62,230.19,203.07,433.26,216.63,313.5, sdumont6165,43192865.16
12770.0,26208,364,3519030.0,164164.0,157308.0,3626948.0,3870.72,4536.32,3901.44,4536.32,1.0,0,19.0,21.0,1000bs-2n-36th-287037s-DENV_2-peru-BVBRC_genome_sequence,sequana_cpu_dev,2,11374063.0,1000,1,36,287037,DENV_2-peru-BVBRC_genome_sequence,83434.79,73714.14,157148.94,230.48,203.63,434.11,217.06,362.0, sdumont6165,57202214.16
1217.0,3108,37,3921842.0,157856.0,152900.0,4039324.0,1454.08,4239.36,1464.32,4239.36,1.0,0,25.0,26.0,100bs-2n-42th-287037s-DENV_2-peru-BVBRC_genome_sequence,sequana_cpu_dev,2,11374064.0,100,1,42,287037,DENV_2-peru-BVBRC_genome_sequence,8063.82,7469.87,15533.69,224.0,207.5,431.49,215.75,36.0, sdumont6165,574746.53
1221.0,2940,35,3810436.0,154052.0,149092.0,3816512.0,1464.32,4239.36,1464.32,4239.36,1.0,0,26.0,27.0,100bs-2n-42th-287037s-DENV_2-peru-BVBRC_genome_sequence,sequana_cpu_dev,2,11374065.0,100,1,42,287037,DENV_2-peru-BVBRC_genome_sequence,6394.77,5898.54,12293.31,206.28,190.28,396.56,198.28,31.0, sdumont6165,430265.85
1215.0,3108,37,3810358.0,156000.0,150814.0,3816504.0,1464.32,4239.36,1464.32,4239.36,1.0,0,25.0,36.0,100bs-2n-42th-287037s-DENV_2-peru-BVBRC_genome_sequence,sequana_cpu_dev,2,11374066.0,100,1,42,287037,DENV_2-peru-BVBRC_genome_sequence,7742.51,7161.79,14904.3,221.21,204.62,425.84,212.92,35.0, sdumont6165,551459.1
1216.0,3024,36,3810358.0,154192.0,149058.0,3816504.0,1464.32,4239.36,1464.32,4239.36,1.0,0,31.0,40.0,100bs-2n-42th-287037s-DENV_2-peru-BVBRC_genome_sequence,sequana_cpu_dev,2,11374067.0,100,1,42,287037,DENV_2-peru-BVBRC_genome_sequence,7391.45,6825.01,14216.47,217.4,200.74,418.13,209.07,34.0, sdumont6165,511792.92
1218.0,3360,40,3810358.0,154420.0,150106.0,3816504.0,1454.08,4239.36,1464.32,4239.36,1.0,0,31.0,48.0,100bs-2n-42th-287037s-DENV_2-peru-BVBRC_genome_sequence,sequana_cpu_dev,2,11374069.0,100,1,42,287037,DENV_2-peru-BVBRC_genome_sequence,7383.13,6663.39,14046.53,210.95,190.38,401.33,200.66,35.0, sdumont6165,561861.2000000001
12482.0,26376,314,3813214.0,161528.0,156684.0,3816512.0,3409.92,4526.08,3409.92,4526.08,1.0,0,26.0,28.0,1000bs-2n-42th-287037s-DENV_2-peru-BVBRC_genome_sequence,sequana_cpu_dev,2,11374070.0,1000,1,42,287037,DENV_2-peru-BVBRC_genome_sequence,70530.92,65087.9,135618.83,225.34,207.95,433.29,216.64,313.0, sdumont6165,42584312.62
11230.0,24024,286,3813290.0,163380.0,158630.0,3816516.0,3194.88,4515.84,3205.12,4526.08,1.0,0,68.0,111.0,1000bs-2n-42th-287037s-DENV_2-peru-BVBRC_genome_sequence,sequana_cpu_dev,2,11374071.0,1000,1,42,287037,DENV_2-peru-BVBRC_genome_sequence,63246.37,58146.06,121392.43,222.7,204.74,427.44,213.72,284.0, sdumont6165,34718234.98
13723.0,29232,348,3813318.0,165568.0,158372.0,3816664.0,3655.68,4526.08,3665.92,4526.08,1.0,0,26.0,34.0,1000bs-2n-42th-287037s-DENV_2-peru-BVBRC_genome_sequence,sequana_cpu_dev,2,11374072.0,1000,1,42,287037,DENV_2-peru-BVBRC_genome_sequence,79515.11,73841.74,153356.85,229.81,213.42,443.23,221.61,346.0, sdumont6165,53368183.8
13729.0,29484,351,3813290.0,161252.0,155172.0,3816516.0,3635.2,4526.08,3635.2,4526.08,1.0,0,33.0,38.0,1000bs-2n-42th-287037s-DENV_2-peru-BVBRC_genome_sequence,sequana_cpu_dev,2,11374073.0,1000,1,42,287037,DENV_2-peru-BVBRC_genome_sequence,78692.73,73304.36,151997.1,225.48,210.04,435.52,217.76,349.0, sdumont6165,53350982.1
12474.0,26628,317,3816070.0,163540.0,157302.0,3822076.0,3317.76,4515.84,3440.64,4515.84,1.0,0,23.0,25.0,1000bs-2n-42th-287037s-DENV_2-peru-BVBRC_genome_sequence,sequana_cpu_dev,2,11374075.0,1000,1,42,287037,DENV_2-peru-BVBRC_genome_sequence,71030.46,65507.17,136537.62,225.49,207.96,433.45,216.73,315.0, sdumont6165,43282425.54
1388.0,3456,36,4216060.0,156812.0,152556.0,4222204.0,1464.32,4239.36,1464.32,4239.36,1.0,0,39.0,43.0,100bs-2n-48th-287037s-DENV_2-peru-BVBRC_genome_sequence,sequana_cpu_dev,2,11374076.0,100,1,48,287037,DENV_2-peru-BVBRC_genome_sequence,7334.21,7487.97,14822.17,215.71,220.23,435.95,217.97,34.0, sdumont6165,533598.12
2785.0,6528,68,4216060.0,156588.0,150430.0,4222204.0,1679.36,4239.36,1710.08,4239.36,1.0,0,39.0,46.0,100bs-2n-48th-287037s-DENV_2-peru-BVBRC_genome_sequence,sequana_cpu_dev,2,11374077.0,100,1,48,287037,DENV_2-peru-BVBRC_genome_sequence,15656.19,15997.95,31654.14,237.21,242.39,479.61,239.8,66.0, sdumont6165,2152481.52
1295.0,4512,47,4215912.0,156292.0,153354.0,4222060.0,1464.32,4229.12,1464.32,4229.12,1.0,0,21.0,28.0,100bs-2n-48th-287037s-DENV_2-peru-BVBRC_genome_sequence,sequana_cpu_dev,2,11374078.0,100,1,48,287037,DENV_2-peru-BVBRC_genome_sequence,9010.71,9128.92,18139.63,217.3,220.11,437.4,218.7,41.5, sdumont6165,852562.6100000001
1383.0,3264,34,4215932.0,156312.0,151284.0,4222096.0,1464.32,4239.36,1464.32,4239.36,1.0,0,33.0,39.0,100bs-2n-48th-287037s-DENV_2-peru-BVBRC_genome_sequence,sequana_cpu_dev,2,11374079.0,100,1,48,287037,DENV_2-peru-BVBRC_genome_sequence,6839.37,6952.47,13791.84,213.73,217.26,430.99,215.5,32.0, sdumont6165,468922.56
1370.0,3840,40,4215982.0,154436.0,149182.0,4222200.0,1443.84,4239.36,1464.32,4239.36,1.0,0,24.0,26.0,100bs-2n-48th-287037s-DENV_2-peru-BVBRC_genome_sequence,sequana_cpu_dev,2,11374080.0,100,1,48,287037,DENV_2-peru-BVBRC_genome_sequence,8402.67,8550.02,16952.69,221.12,225.0,446.12,223.06,38.0, sdumont6165,678107.6
17108.0,36384,379,4438732.0,165356.0,157848.0,4444880.0,3880.96,4526.08,3901.44,4536.32,1.0,0,48.0,58.0,1000bs-2n-48th-287037s-DENV_2-peru-BVBRC_genome_sequence,sequana_cpu_dev,2,11374081.0,1000,1,48,287037,DENV_2-peru-BVBRC_genome_sequence,86242.55,88552.92,174795.48,229.06,235.21,464.27,232.13,376.5, sdumont6165,66247486.92
17121.0,35040,365,4215920.0,161200.0,155020.0,4222064.0,3901.44,4536.32,3901.44,4536.32,1.0,0,35.0,41.0,1000bs-2n-48th-287037s-DENV_2-peru-BVBRC_genome_sequence,sequana_cpu_dev,2,11374082.0,1000,1,48,287037,DENV_2-peru-BVBRC_genome_sequence,82829.45,85126.5,167955.94,228.18,234.51,462.69,231.34,363.0, sdumont6165,61303918.1
18536.0,38784,404,4215994.0,165764.0,160302.0,4222216.0,4136.96,4536.32,4157.44,4536.32,1.0,0,41.0,44.0,1000bs-2n-48th-287037s-DENV_2-peru-BVBRC_genome_sequence,sequana_cpu_dev,2,11374084.0,1000,1,48,287037,DENV_2-peru-BVBRC_genome_sequence,92513.34,95143.29,187656.64,230.13,236.67,466.81,233.4,402.0, sdumont6165,75813282.56
22720.0,46656,486,4330126.0,165224.0,159134.0,4432588.0,4894.72,4536.32,4894.72,4546.56,1.0,0,398.0,773.0,1000bs-2n-48th-287037s-DENV_2-peru-BVBRC_genome_sequence,sequana_cpu_dev,2,11374086.0,1000,1,48,287037,DENV_2-peru-BVBRC_genome_sequence,114329.37,117230.15,231559.52,236.22,242.21,478.43,239.21,484.0, sdumont6165,112537926.72
17093.0,35040,365,4332890.0,168684.0,161788.0,4450300.0,3778.56,4536.32,3891.2,4536.32,1.0,0,59.0,61.0,1000bs-2n-48th-287037s-DENV_2-peru-BVBRC_genome_sequence,sequana_cpu_dev,2,11374087.0,1000,1,48,287037,DENV_2-peru-BVBRC_genome_sequence,82563.28,84429.36,166992.64,228.08,233.23,461.31,230.65,362.0, sdumont6165,60952313.6
0.0,120,20,265348.0,3124.0,3084.0,265348.0,0.0,0.0,0.0,0.0,1.0,0,0.0,0.0,100bs-3n-2th-287037s-DENV_2-peru-BVBRC_genome_sequence,sequana_cpu_dev,3,11374089.0,100,1,2,287037,DENV_2-peru-BVBRC_genome_sequence,2908.0,2048.02,4956.02,153.05,107.79,260.84,86.95,19.0, sdumont6165,99120.4
0.0,78,13,265348.0,3140.0,3118.666015625,265348.0,0.0,0.0,0.0,0.0,1.0,0,0.0,0.0,100bs-3n-2th-287037s-DENV_2-peru-BVBRC_genome_sequence,sequana_cpu_dev,3,11374090.0,100,1,2,287037,DENV_2-peru-BVBRC_genome_sequence,1897.06,1271.12,3168.18,158.09,105.93,264.01,88.0,12.0, sdumont6165,41186.34
0.0,114,19,265348.0,3144.0,3110.666015625,265348.0,0.0,0.0,0.0,0.0,1.0,0,0.0,0.0,100bs-3n-2th-287037s-DENV_2-peru-BVBRC_genome_sequence,sequana_cpu_dev,3,11374091.0,100,1,2,287037,DENV_2-peru-BVBRC_genome_sequence,2928.23,2003.89,4932.13,162.68,111.33,274.01,91.34,18.0, sdumont6165,93710.47
0.0,108,18,265348.0,3140.0,3110.666015625,265348.0,0.0,0.0,0.0,0.0,1.0,0,0.0,0.0,100bs-3n-2th-287037s-DENV_2-peru-BVBRC_genome_sequence,sequana_cpu_dev,3,11374092.0,100,1,2,287037,DENV_2-peru-BVBRC_genome_sequence,2557.28,1735.72,4293.0,150.43,102.1,252.53,84.18,17.0, sdumont6165,77274.0
0.0,132,22,265348.0,3180.0,3136.0,265348.0,0.0,0.0,0.0,0.0,1.0,0,0.0,0.0,100bs-3n-2th-287037s-DENV_2-peru-BVBRC_genome_sequence,sequana_cpu_dev,3,11374093.0,100,1,2,287037,DENV_2-peru-BVBRC_genome_sequence,3094.18,2161.81,5256.0,147.34,102.94,250.29,83.43,21.0, sdumont6165,115632.0
216.0,750,125,1191300.0,155948.0,153573.3330078125,1341648.0,2140.16,4413.44,2140.16,4413.44,0.0,0,0.0,0.0,1000bs-3n-2th-287037s-DENV_2-peru-BVBRC_genome_sequence,sequana_cpu_dev,3,11374094.0,1000,1,2,287037,DENV_2-peru-BVBRC_genome_sequence,21674.13,14415.21,36089.34,174.79,116.25,291.04,97.01,124.0, sdumont6165,4511167.5
218.0,840,140,1113454.666015625,155552.0,151572.0,1113724.0,2140.16,4403.2,2160.64,4423.68,1.0,0,0.0,0.0,1000bs-3n-2th-287037s-DENV_2-peru-BVBRC_genome_sequence,sequana_cpu_dev,3,11374096.0,1000,1,2,287037,DENV_2-peru-BVBRC_genome_sequence,24400.42,16242.23,40642.65,175.54,116.85,292.39,97.46,139.0, sdumont6165,5689971.0
218.0,804,134,1191544.0,156004.0,151905.3330078125,1341688.0,2119.68,4413.44,2140.16,4423.68,1.0,0,0.0,0.0,1000bs-3n-2th-287037s-DENV_2-peru-BVBRC_genome_sequence,sequana_cpu_dev,3,11374097.0,1000,1,2,287037,DENV_2-peru-BVBRC_genome_sequence,23321.4,15471.42,38792.82,175.35,116.33,291.68,97.23,133.0, sdumont6165,5198237.88
171.0,672,112,1113556.0,155928.0,153709.3330078125,1113748.0,1914.88,4372.48,1914.88,4382.72,1.0,0,0.0,0.0,1000bs-3n-2th-287037s-DENV_2-peru-BVBRC_genome_sequence,sequana_cpu_dev,3,11374100.0,1000,1,2,287037,DENV_2-peru-BVBRC_genome_sequence,19687.59,12898.13,32585.72,178.98,117.26,296.23,98.74,110.0, sdumont6165,3649600.64
175.0,642,107,1113418.666015625,151796.0,150296.0,1113604.0,1914.88,4382.72,1914.88,4382.72,1.0,0,0.0,0.0,1000bs-3n-2th-287037s-DENV_2-peru-BVBRC_genome_sequence,sequana_cpu_dev,3,11374102.0,1000,1,2,287037,DENV_2-peru-BVBRC_genome_sequence,19171.18,12419.95,31591.13,180.86,117.17,298.03,99.34,106.0, sdumont6165,3380250.91
0.0,180,10,265348.0,3152.0,3134.666015625,265348.0,0.0,0.0,0.0,0.0,1.0,0,0.0,0.0,100bs-3n-6th-287037s-DENV_2-peru-BVBRC_genome_sequence,sequana_cpu_dev,3,11374103.0,100,1,6,287037,DENV_2-peru-BVBRC_genome_sequence,2081.56,995.66,3077.23,260.2,124.46,384.65,128.22,8.0, sdumont6165,30772.3
0.0,180,10,265348.0,3156.0,3108.0,265348.0,0.0,0.0,0.0,0.0,1.0,0,0.0,0.0,100bs-3n-6th-287037s-DENV_2-peru-BVBRC_genome_sequence,sequana_cpu_dev,3,11374105.0,100,1,6,287037,DENV_2-peru-BVBRC_genome_sequence,1582.33,764.53,2346.87,197.79,95.57,293.36,97.79,8.0, sdumont6165,23468.7
0.0,162,9,265348.0,3156.0,3109.3330078125,265348.0,0.0,0.0,0.0,0.0,1.0,0,0.0,0.0,100bs-3n-6th-287037s-DENV_2-peru-BVBRC_genome_sequence,sequana_cpu_dev,3,11374106.0,100,1,6,287037,DENV_2-peru-BVBRC_genome_sequence,1630.24,769.34,2399.58,203.78,96.17,299.95,99.98,8.0, sdumont6165,21596.22
0.0,198,11,265348.0,3144.0,2434.666015625,265348.0,0.0,0.0,0.0,0.0,1.0,0,0.0,0.0,100bs-3n-6th-287037s-DENV_2-peru-BVBRC_genome_sequence,sequana_cpu_dev,3,11374107.0,100,1,6,287037,DENV_2-peru-BVBRC_genome_sequence,2110.03,1005.64,3115.66,234.45,111.74,346.18,115.39,9.0, sdumont6165,34272.259999999995
0.0,180,10,265348.0,3148.0,3117.3330078125,265348.0,0.0,0.0,0.0,0.0,1.0,0,0.0,0.0,100bs-3n-6th-287037s-DENV_2-peru-BVBRC_genome_sequence,sequana_cpu_dev,3,11374108.0,100,1,6,287037,DENV_2-peru-BVBRC_genome_sequence,1606.04,765.47,2371.51,200.75,95.68,296.44,98.81,8.0, sdumont6165,23715.1
351.0,1386,77,1383546.666015625,156168.0,154076.0,1383568.0,1689.6,4372.48,1689.6,4372.48,617.0,0,0.0,1.0,1000bs-3n-6th-287037s-DENV_2-peru-BVBRC_genome_sequence,sequana_cpu_dev,3,11374111.0,1000,1,6,287037,DENV_2-peru-BVBRC_genome_sequence,19363.58,9165.86,28529.44,254.78,120.6,375.39,125.13,76.0, sdumont6165,2196766.88
352.0,1350,75,1383445.3330078125,151804.0,150476.0,1383516.0,1689.6,4372.48,1689.6,4382.72,1.0,0,1.0,2.0,1000bs-3n-6th-287037s-DENV_2-peru-BVBRC_genome_sequence,sequana_cpu_dev,3,11374117.0,1000,1,6,287037,DENV_2-peru-BVBRC_genome_sequence,18671.44,8653.72,27325.16,255.77,118.54,374.32,124.77,73.0, sdumont6165,2049387.0
348.0,1422,79,1383450.666015625,157868.0,152490.666015625,1383532.0,1689.6,4372.48,1689.6,4372.48,1202.0,0,73.0,116.0,1000bs-3n-6th-287037s-DENV_2-peru-BVBRC_genome_sequence,sequana_cpu_dev,3,11374119.0,1000,1,6,287037,DENV_2-peru-BVBRC_genome_sequence,19743.06,9365.62,29108.68,256.4,121.63,378.03,126.01,77.0, sdumont6165,2299585.72
348.0,1512,84,1383494.666015625,154156.0,152749.3330078125,1383656.0,1689.6,4362.24,1689.6,4372.48,1.0,0,0.0,2.0,1000bs-3n-6th-287037s-DENV_2-peru-BVBRC_genome_sequence,sequana_cpu_dev,3,11374123.0,1000,1,6,287037,DENV_2-peru-BVBRC_genome_sequence,20574.64,9620.18,30194.82,247.89,115.91,363.79,121.26,83.0, sdumont6165,2536364.88
348.0,1476,82,1385296.0,149788.0,149722.666015625,1388956.0,1689.6,4362.24,1689.6,4362.24,1.0,0,1.0,2.0,1000bs-3n-6th-287037s-DENV_2-peru-BVBRC_genome_sequence,sequana_cpu_dev,3,11374124.0,1000,1,6,287037,DENV_2-peru-BVBRC_genome_sequence,20103.29,9371.85,29475.14,251.29,117.15,368.44,122.81,80.0, sdumont6165,2416961.48
0.0,360,10,265348.0,3000.0,1692.0,265348.0,0.0,0.0,0.0,0.0,567.0,0,0.0,0.0,100bs-3n-12th-287037s-DENV_2-peru-BVBRC_genome_sequence,sequana_cpu_dev,3,11374126.0,100,1,12,287037,DENV_2-peru-BVBRC_genome_sequence,2431.67,996.86,3428.53,270.19,110.76,380.95,126.98,9.0, sdumont6165,34285.3
0.0,396,11,265348.0,2992.0,1688.0,265348.0,0.0,0.0,0.0,0.0,1.0,0,0.0,0.0,100bs-3n-12th-287037s-DENV_2-peru-BVBRC_genome_sequence,sequana_cpu_dev,3,11374129.0,100,1,12,287037,DENV_2-peru-BVBRC_genome_sequence,2576.86,1021.66,3598.51,286.32,113.52,399.83,133.28,9.0, sdumont6165,39583.61
0.0,360,10,265348.0,3124.0,2384.0,265348.0,0.0,0.0,0.0,0.0,1.0,0,0.0,0.0,100bs-3n-12th-287037s-DENV_2-peru-BVBRC_genome_sequence,sequana_cpu_dev,3,11374130.0,100,1,12,287037,DENV_2-peru-BVBRC_genome_sequence,2450.2,965.87,3416.07,306.27,120.73,427.01,142.34,8.0, sdumont6165,34160.700000000004
0.0,360,10,265348.0,3096.0,2376.0,265348.0,0.0,0.0,0.0,0.0,1.0,0,0.0,0.0,100bs-3n-12th-287037s-DENV_2-peru-BVBRC_genome_sequence,sequana_cpu_dev,3,11374131.0,100,1,12,287037,DENV_2-peru-BVBRC_genome_sequence,2348.74,925.13,3273.87,293.59,115.64,409.23,136.41,8.0, sdumont6165,32738.7
0.0,396,11,265348.0,1040.0,1037.3330078125,265348.0,0.0,0.0,0.0,0.0,1.0,0,0.0,0.0,100bs-3n-12th-287037s-DENV_2-peru-BVBRC_genome_sequence,sequana_cpu_dev,3,11374132.0,100,1,12,287037,DENV_2-peru-BVBRC_genome_sequence,2592.17,1015.56,3607.73,259.22,101.56,360.77,120.26,10.0, sdumont6165,39685.03
1056.0,3384,94,1790761.3330078125,158212.0,155060.0,1794392.0,1914.88,4413.44,1914.88,4413.44,1.0,0,9.0,11.0,1000bs-3n-12th-287037s-DENV_2-peru-BVBRC_genome_sequence,sequana_cpu_dev,3,11374133.0,1000,1,12,287037,DENV_2-peru-BVBRC_genome_sequence,28505.36,10800.91,39306.28,309.84,117.4,427.24,142.41,92.0, sdumont6165,3694790.32
687.0,3204,89,1788908.0,152120.0,150758.666015625,1788976.0,1689.6,4352.0,1689.6,4352.0,3.0,0,85.0,250.0,1000bs-3n-12th-287037s-DENV_2-peru-BVBRC_genome_sequence,sequana_cpu_dev,3,11374135.0,1000,1,12,287037,DENV_2-peru-BVBRC_genome_sequence,26853.76,10562.82,37416.58,305.16,120.03,425.19,141.73,88.0, sdumont6166,3330075.62
703.0,3204,89,1788954.666015625,158384.0,153578.666015625,1789064.0,1689.6,4352.0,1689.6,4352.0,1192.0,0,10.0,13.0,1000bs-3n-12th-287037s-DENV_2-peru-BVBRC_genome_sequence,sequana_cpu_dev,3,11374138.0,1000,1,12,287037,DENV_2-peru-BVBRC_genome_sequence,27413.14,10498.07,37911.21,311.51,119.3,430.81,143.6,88.0, sdumont6165,3374097.69
1057.0,3384,94,1790726.666015625,156068.0,154656.0,1794524.0,1904.64,4413.44,1914.88,4413.44,1.0,0,7.0,10.0,1000bs-3n-12th-287037s-DENV_2-peru-BVBRC_genome_sequence,sequana_cpu_dev,3,11374145.0,1000,1,12,287037,DENV_2-peru-BVBRC_genome_sequence,28545.24,10800.65,39345.89,313.68,118.69,432.37,144.12,91.0, sdumont6165,3698513.66
1053.0,3456,96,1788858.666015625,154056.0,152810.666015625,1788916.0,1914.88,4403.2,1914.88,4413.44,1.0,0,5.0,5.0,1000bs-3n-12th-287037s-DENV_2-peru-BVBRC_genome_sequence,sequana_cpu_dev,3,11374146.0,1000,1,12,287037,DENV_2-peru-BVBRC_genome_sequence,29634.27,11184.97,40819.25,315.26,118.99,434.25,144.75,94.0, sdumont6165,3918648.0
0.0,918,17,265348.0,1036.0,1034.666015625,265348.0,0.0,0.0,0.0,0.0,1.0,0,0.0,0.0,100bs-3n-18th-287037s-DENV_2-peru-BVBRC_genome_sequence,sequana_cpu_dev,3,11374149.0,100,1,18,287037,DENV_2-peru-BVBRC_genome_sequence,4915.6,1755.1,6670.7,327.71,117.01,444.71,148.24,15.0, sdumont6165,113401.9
0.0,756,14,265348.0,3116.0,2417.3330078125,265348.0,0.0,0.0,0.0,0.0,1.0,0,0.0,0.0,100bs-3n-18th-287037s-DENV_2-peru-BVBRC_genome_sequence,sequana_cpu_dev,3,11374150.0,100,1,18,287037,DENV_2-peru-BVBRC_genome_sequence,3608.07,1330.64,4938.71,300.67,110.89,411.56,137.19,12.0, sdumont6165,69141.94
0.0,702,13,265348.0,3132.0,1736.0,265348.0,0.0,0.0,0.0,0.0,1.0,0,0.0,0.0,100bs-3n-18th-287037s-DENV_2-peru-BVBRC_genome_sequence,sequana_cpu_dev,3,11374153.0,100,1,18,287037,DENV_2-peru-BVBRC_genome_sequence,3439.95,1289.78,4729.73,312.72,117.25,429.98,143.33,11.0, sdumont6165,61486.48999999999
0.0,702,13,265348.0,1040.0,1036.0,265348.0,0.0,0.0,0.0,0.0,1.0,0,0.0,0.0,100bs-3n-18th-287037s-DENV_2-peru-BVBRC_genome_sequence,sequana_cpu_dev,3,11374154.0,100,1,18,287037,DENV_2-peru-BVBRC_genome_sequence,3420.42,1279.76,4700.18,310.95,116.34,427.29,142.43,11.0, sdumont6165,61102.34
0.0,648,12,265348.0,3144.0,1738.666015625,265348.0,0.0,0.0,0.0,0.0,0.0,0,0.0,0.0,100bs-3n-18th-287037s-DENV_2-peru-BVBRC_genome_sequence,sequana_cpu_dev,3,11374156.0,100,1,18,287037,DENV_2-peru-BVBRC_genome_sequence,2754.06,1045.64,3799.7,250.37,95.06,345.43,115.14,11.0, sdumont6165,45596.4
1596.0,5670,105,2268744.0,160560.0,155968.0,2417496.0,1904.64,4392.96,1914.88,4392.96,1.0,0,38.0,92.0,1000bs-3n-18th-287037s-DENV_2-peru-BVBRC_genome_sequence,sequana_cpu_dev,3,11374158.0,1000,1,18,287037,DENV_2-peru-BVBRC_genome_sequence,33435.93,12365.75,45801.67,324.62,120.06,444.68,148.23,103.0, sdumont6165,4809175.35
1593.0,5616,104,2194472.0,154608.0,151841.3330078125,2194684.0,1914.88,4392.96,1914.88,4392.96,1.0,0,18.0,40.0,1000bs-3n-18th-287037s-DENV_2-peru-BVBRC_genome_sequence,sequana_cpu_dev,3,11374159.0,1000,1,18,287037,DENV_2-peru-BVBRC_genome_sequence,32948.23,12140.48,45088.71,323.02,119.02,442.05,147.35,102.0, sdumont6165,4689225.84
1598.0,5508,102,2196262.666015625,156824.0,153957.3330078125,2199892.0,1884.16,4392.96,1894.4,4392.96,2.0,0,14.0,16.0,1000bs-3n-18th-287037s-DENV_2-peru-BVBRC_genome_sequence,sequana_cpu_dev,3,11374161.0,1000,1,18,287037,DENV_2-peru-BVBRC_genome_sequence,31971.69,11825.22,43796.91,319.72,118.25,437.97,145.99,100.0, sdumont6165,4467284.82
1594.0,5832,108,2194476.0,158692.0,153997.3330078125,2194684.0,1914.88,4382.72,1914.88,4382.72,1.0,0,13.0,16.0,1000bs-3n-18th-287037s-DENV_2-peru-BVBRC_genome_sequence,sequana_cpu_dev,3,11374162.0,1000,1,18,287037,DENV_2-peru-BVBRC_genome_sequence,34133.85,12513.03,46646.88,324.1,118.78,442.88,147.63,105.33, sdumont6165,5037863.04
1594.0,6156,114,2194474.666015625,154824.0,154725.3330078125,2194688.0,1914.88,4382.72,1914.88,4392.96,1.0,0,13.0,16.0,1000bs-3n-18th-287037s-DENV_2-peru-BVBRC_genome_sequence,sequana_cpu_dev,3,11374163.0,1000,1,18,287037,DENV_2-peru-BVBRC_genome_sequence,36693.49,13289.65,49983.15,327.62,118.66,446.28,148.76,112.0, sdumont6165,5698079.100000001
0.0,1008,14,265348.0,1040.0,1037.3330078125,265348.0,0.0,0.0,0.0,0.0,1.0,0,0.0,0.0,100bs-3n-24th-287037s-DENV_2-peru-BVBRC_genome_sequence,sequana_cpu_dev,3,11374164.0,100,1,24,287037,DENV_2-peru-BVBRC_genome_sequence,4061.83,1374.34,5436.17,338.49,114.53,453.01,151.0,12.0, sdumont6165,76106.38
0.0,1080,15,265348.0,3128.0,1733.3330078125,265348.0,0.0,0.0,0.0,0.0,1.0,0,0.0,0.0,100bs-3n-24th-287037s-DENV_2-peru-BVBRC_genome_sequence,sequana_cpu_dev,3,11374165.0,100,1,24,287037,DENV_2-peru-BVBRC_genome_sequence,4097.74,1387.52,5485.26,341.48,115.63,457.11,152.37,12.0, sdumont6165,82278.90000000001
0.0,1080,15,265348.0,3084.0,1718.666015625,265348.0,0.0,0.0,0.0,0.0,1.0,0,0.0,0.0,100bs-3n-24th-287037s-DENV_2-peru-BVBRC_genome_sequence,sequana_cpu_dev,3,11374166.0,100,1,24,287037,DENV_2-peru-BVBRC_genome_sequence,4597.4,1556.68,6154.08,328.39,111.19,439.58,146.53,14.0, sdumont6165,92311.2
0.0,936,13,265348.0,3116.0,1729.3330078125,265348.0,0.0,0.0,0.0,0.0,1.0,0,0.0,0.0,100bs-3n-24th-287037s-DENV_2-peru-BVBRC_genome_sequence,sequana_cpu_dev,3,11374167.0,100,1,24,287037,DENV_2-peru-BVBRC_genome_sequence,3769.02,1303.97,5072.98,342.64,118.54,461.18,153.73,11.0, sdumont6165,65948.73999999999
0.0,1008,14,265348.0,3176.0,3138.666015625,265348.0,0.0,0.0,0.0,0.0,1.0,0,0.0,0.0,100bs-3n-24th-287037s-DENV_2-peru-BVBRC_genome_sequence,sequana_cpu_dev,3,11374169.0,100,1,24,287037,DENV_2-peru-BVBRC_genome_sequence,3789.87,1329.98,5119.85,344.53,120.91,465.44,155.15,11.0, sdumont6165,71677.90000000001
2132.0,7920,110,2599932.0,156472.0,155712.0,2599996.0,1894.4,4382.72,1904.64,4382.72,1.0,0,20.0,30.0,1000bs-3n-24th-287037s-DENV_2-peru-BVBRC_genome_sequence,sequana_cpu_dev,3,11374170.0,1000,1,24,287037,DENV_2-peru-BVBRC_genome_sequence,38742.44,13082.13,51824.57,358.73,121.13,479.86,159.95,108.0, sdumont6165,5700702.7
2128.0,8712,121,2599984.0,164472.0,157828.0,2600152.0,1925.12,4372.48,1935.36,4372.48,1.0,0,20.0,25.0,1000bs-3n-24th-287037s-DENV_2-peru-BVBRC_genome_sequence,sequana_cpu_dev,3,11374171.0,1000,1,24,287037,DENV_2-peru-BVBRC_genome_sequence,42798.94,14318.88,57117.82,361.72,121.0,482.71,160.9,118.33, sdumont6165,6911256.22
2846.0,8712,121,2599945.3330078125,166580.0,161266.666015625,2599996.0,2160.64,4464.64,2252.8,4556.8,1.0,0,24.0,26.0,1000bs-3n-24th-287037s-DENV_2-peru-BVBRC_genome_sequence,sequana_cpu_dev,3,11374173.0,1000,1,24,287037,DENV_2-peru-BVBRC_genome_sequence,43127.01,14842.33,57969.34,359.39,123.69,483.08,161.03,120.0, sdumont6166,7014290.14
2129.0,8640,120,2599998.666015625,160688.0,159216.0,2600152.0,1894.4,4372.48,1904.64,4382.72,1.0,0,17.0,21.0,1000bs-3n-24th-287037s-DENV_2-peru-BVBRC_genome_sequence,sequana_cpu_dev,3,11374175.0,1000,1,24,287037,DENV_2-peru-BVBRC_genome_sequence,42423.3,14229.17,56652.47,357.56,119.93,477.49,159.16,118.67, sdumont6165,6798296.4
2843.0,8784,122,2601834.666015625,158516.0,156416.0,2605440.0,2140.16,4413.44,2140.16,4423.68,1.0,0,25.0,36.0,1000bs-3n-24th-287037s-DENV_2-peru-BVBRC_genome_sequence,sequana_cpu_dev,3,11374177.0,1000,1,24,287037,DENV_2-peru-BVBRC_genome_sequence,43428.15,14537.46,57965.61,361.9,121.15,483.05,161.02,120.0, sdumont6165,7071804.42
0.0,1710,19,265348.0,3128.0,3090.666015625,265348.0,0.0,0.0,0.0,0.0,1.0,0,0.0,0.0,100bs-3n-30th-287037s-DENV_2-peru-BVBRC_genome_sequence,sequana_cpu_dev,3,11374178.0,100,1,30,287037,DENV_2-peru-BVBRC_genome_sequence,5211.55,3589.73,8801.27,319.48,220.05,539.53,179.84,16.33, sdumont6165,167224.13
0.0,1980,22,265348.0,3136.0,3090.666015625,265348.0,0.0,0.0,0.0,0.0,1.0,0,0.0,0.0,100bs-3n-30th-287037s-DENV_2-peru-BVBRC_genome_sequence,sequana_cpu_dev,3,11374180.0,100,1,30,287037,DENV_2-peru-BVBRC_genome_sequence,6899.02,4613.34,11512.37,344.95,230.67,575.62,191.87,20.0, sdumont6165,253272.14
0.0,2070,23,265348.0,3148.0,3088.0,265348.0,0.0,0.0,0.0,0.0,1.0,0,0.0,0.0,100bs-3n-30th-287037s-DENV_2-peru-BVBRC_genome_sequence,sequana_cpu_dev,3,11374182.0,100,1,30,287037,DENV_2-peru-BVBRC_genome_sequence,6967.02,4671.19,11638.21,348.35,233.56,581.91,193.97,20.0, sdumont6165,267678.83
0.0,2250,25,265348.0,3148.0,3069.3330078125,265348.0,0.0,0.0,0.0,0.0,1.0,0,0.0,0.0,100bs-3n-30th-287037s-DENV_2-peru-BVBRC_genome_sequence,sequana_cpu_dev,3,11374183.0,100,1,30,287037,DENV_2-peru-BVBRC_genome_sequence,7685.43,5124.16,12809.58,334.15,222.79,556.94,185.65,23.0, sdumont6165,320239.5
0.0,1980,22,265348.0,3148.0,2408.0,265348.0,0.0,0.0,0.0,0.0,1.0,0,0.0,0.0,100bs-3n-30th-287037s-DENV_2-peru-BVBRC_genome_sequence,sequana_cpu_dev,3,11374184.0,100,1,30,287037,DENV_2-peru-BVBRC_genome_sequence,6553.8,4417.58,10971.38,339.09,228.56,567.65,189.22,19.33, sdumont6165,241370.36
4442.0,15570,173,3079854.666015625,159744.0,158604.0,3228360.0,2324.48,4392.96,2334.72,4403.2,1.0,0,23.0,29.0,1000bs-3n-30th-287037s-DENV_2-peru-BVBRC_genome_sequence,sequana_cpu_dev,3,11374185.0,1000,1,30,287037,DENV_2-peru-BVBRC_genome_sequence,59544.33,40772.17,100316.5,348.21,238.43,586.65,195.55,171.0, sdumont6165,17354754.5
5331.0,17100,190,3005549.3330078125,165688.0,162214.666015625,3005624.0,2560.0,4413.44,2570.24,4423.68,1.0,0,18.0,28.0,1000bs-3n-30th-287037s-DENV_2-peru-BVBRC_genome_sequence,sequana_cpu_dev,3,11374186.0,1000,1,30,287037,DENV_2-peru-BVBRC_genome_sequence,66318.88,44952.96,111271.84,352.76,239.11,591.87,197.29,188.0, sdumont6165,21141649.6
4441.0,16020,178,3083590.666015625,163436.0,160558.666015625,3234104.0,2344.96,4392.96,2365.44,4403.2,1.0,0,16.0,20.0,1000bs-3n-30th-287037s-DENV_2-peru-BVBRC_genome_sequence,sequana_cpu_dev,3,11374187.0,1000,1,30,287037,DENV_2-peru-BVBRC_genome_sequence,61206.17,41716.98,102923.15,349.04,237.92,586.96,195.65,175.33, sdumont6165,18320320.7
5328.0,18000,200,3081632.0,163352.0,161954.666015625,3233856.0,2549.76,4413.44,2560.0,4423.68,1.0,0,11.0,14.0,1000bs-3n-30th-287037s-DENV_2-peru-BVBRC_genome_sequence,sequana_cpu_dev,3,11374189.0,1000,1,30,287037,DENV_2-peru-BVBRC_genome_sequence,70794.3,48357.32,119151.62,355.75,243.0,598.75,199.58,199.0, sdumont6166,23830324.0
4440.0,16020,178,3007353.3330078125,163200.0,162678.666015625,3011108.0,2324.48,4392.96,2334.72,4403.2,1.0,0,26.0,36.0,1000bs-3n-30th-287037s-DENV_2-peru-BVBRC_genome_sequence,sequana_cpu_dev,3,11374190.0,1000,1,30,287037,DENV_2-peru-BVBRC_genome_sequence,61804.63,43173.67,104978.3,352.52,246.26,598.78,199.59,175.33, sdumont6166,18686137.4
0.0,3240,30,265348.0,3124.0,3097.3330078125,265348.0,0.0,0.0,0.0,0.0,1.0,0,0.0,0.0,100bs-3n-36th-287037s-DENV_2-peru-BVBRC_genome_sequence,sequana_cpu_dev,3,11374191.0,100,1,36,287037,DENV_2-peru-BVBRC_genome_sequence,8367.42,7280.1,15647.51,306.59,266.74,573.33,191.11,27.33, sdumont6166,469425.3
0.0,3024,28,265348.0,3184.0,2428.0,265348.0,0.0,0.0,0.0,0.0,1.0,0,0.0,0.0,100bs-3n-36th-287037s-DENV_2-peru-BVBRC_genome_sequence,sequana_cpu_dev,3,11374193.0,100,1,36,287037,DENV_2-peru-BVBRC_genome_sequence,7838.23,6810.78,14649.02,336.73,292.76,629.49,209.83,23.33, sdumont6166,410172.56
0.0,2268,21,265348.0,3152.0,3104.0,265348.0,0.0,0.0,0.0,0.0,1.0,0,0.0,0.0,100bs-3n-36th-287037s-DENV_2-peru-BVBRC_genome_sequence,sequana_cpu_dev,3,11374194.0,100,1,36,287037,DENV_2-peru-BVBRC_genome_sequence,6061.72,5251.77,11313.49,331.07,286.84,617.91,205.97,18.33, sdumont6166,237583.29
0.0,2160,20,265348.0,3176.0,3156.0,265348.0,0.0,0.0,0.0,0.0,1.0,0,0.0,0.0,100bs-3n-36th-287037s-DENV_2-peru-BVBRC_genome_sequence,sequana_cpu_dev,3,11374195.0,100,1,36,287037,DENV_2-peru-BVBRC_genome_sequence,6034.13,5239.21,11273.34,335.23,291.07,626.3,208.77,18.0, sdumont6166,225466.8
0.0,2808,26,265348.0,3160.0,3110.666015625,265348.0,0.0,0.0,0.0,0.0,1.0,0,0.0,0.0,100bs-3n-36th-287037s-DENV_2-peru-BVBRC_genome_sequence,sequana_cpu_dev,3,11374196.0,100,1,36,287037,DENV_2-peru-BVBRC_genome_sequence,8148.12,7081.39,15229.51,325.92,283.26,609.18,203.06,25.0, sdumont6166,395967.26
6366.0,22032,204,3485342.666015625,167792.0,162257.3330078125,3633944.0,2570.24,4403.2,2580.48,4413.44,1.0,0,25.0,36.0,1000bs-3n-36th-287037s-DENV_2-peru-BVBRC_genome_sequence,sequana_cpu_dev,3,11374198.0,1000,1,36,287037,DENV_2-peru-BVBRC_genome_sequence,70176.02,60444.12,130620.14,348.53,300.22,648.74,216.25,201.33, sdumont6165,26646508.56
6401.0,22140,205,3561604.0,164088.0,161149.3330078125,3639364.0,2560.0,4403.2,2560.0,4413.44,1.0,0,26.0,33.0,1000bs-3n-36th-287037s-DENV_2-peru-BVBRC_genome_sequence,sequana_cpu_dev,3,11374201.0,1000,1,36,287037,DENV_2-peru-BVBRC_genome_sequence,71535.68,61194.14,132729.82,353.01,301.96,654.97,218.32,202.67, sdumont6165,27209613.1
6332.0,20196,187,3409004.0,161928.0,156206.666015625,3416700.0,2549.76,4423.68,2549.76,4423.68,1.0,0,24.0,28.0,1000bs-3n-36th-287037s-DENV_2-peru-BVBRC_genome_sequence,sequana_cpu_dev,3,11374202.0,1000,1,36,287037,DENV_2-peru-BVBRC_genome_sequence,64171.35,54911.61,119082.96,348.76,298.43,647.19,215.73,184.0, sdumont6165,22268513.52
6397.0,21060,195,3563350.666015625,165292.0,163014.666015625,3639216.0,2549.76,4413.44,2560.0,4413.44,1.0,0,18.0,30.0,1000bs-3n-36th-287037s-DENV_2-peru-BVBRC_genome_sequence,sequana_cpu_dev,3,11374204.0,1000,1,36,287037,DENV_2-peru-BVBRC_genome_sequence,67431.45,57904.08,125335.52,349.39,300.02,649.41,216.47,193.0, sdumont6165,24440426.4
6405.0,20952,194,3413085.3330078125,163892.0,161662.666015625,3416956.0,2560.0,4413.44,2560.0,4413.44,1.0,0,20.0,29.0,1000bs-3n-36th-287037s-DENV_2-peru-BVBRC_genome_sequence,sequana_cpu_dev,3,11374206.0,1000,1,36,287037,DENV_2-peru-BVBRC_genome_sequence,66838.83,57482.89,124321.72,348.12,299.39,647.51,215.84,192.0, sdumont6165,24118413.68
0.0,3150,25,265348.0,3140.0,3036.0,265348.0,0.0,0.0,0.0,0.0,1.0,0,0.0,0.0,100bs-3n-42th-287037s-DENV_2-peru-BVBRC_genome_sequence,sequana_cpu_dev,3,11374207.0,100,1,42,287037,DENV_2-peru-BVBRC_genome_sequence,7381.65,6631.17,14012.82,320.94,288.31,609.25,203.08,23.0, sdumont6165,350320.5
0.0,3402,27,265348.0,3084.0,3049.3330078125,265348.0,0.0,0.0,0.0,0.0,1.0,0,0.0,0.0,100bs-3n-42th-287037s-DENV_2-peru-BVBRC_genome_sequence,sequana_cpu_dev,3,11374209.0,100,1,42,287037,DENV_2-peru-BVBRC_genome_sequence,8430.41,7549.8,15980.21,337.22,301.99,639.21,213.07,25.0, sdumont6165,431465.67
0.0,3276,26,265348.0,3096.0,3090.666015625,265348.0,0.0,0.0,0.0,0.0,1.0,0,0.0,0.0,100bs-3n-42th-287037s-DENV_2-peru-BVBRC_genome_sequence,sequana_cpu_dev,3,11374210.0,100,1,42,287037,DENV_2-peru-BVBRC_genome_sequence,7733.94,6948.29,14682.22,322.25,289.51,611.76,203.92,24.0, sdumont6165,381737.72
0.0,3024,24,265348.0,3144.0,3089.3330078125,265348.0,0.0,0.0,0.0,0.0,1.0,0,0.0,0.0,100bs-3n-42th-287037s-DENV_2-peru-BVBRC_genome_sequence,sequana_cpu_dev,3,11374212.0,100,1,42,287037,DENV_2-peru-BVBRC_genome_sequence,7214.1,6494.16,13708.26,327.91,295.19,623.1,207.7,22.0, sdumont6165,328998.24
0.0,3402,27,265348.0,3140.0,2409.3330078125,265348.0,0.0,0.0,0.0,0.0,1.0,0,0.0,0.0,100bs-3n-42th-287037s-DENV_2-peru-BVBRC_genome_sequence,sequana_cpu_dev,3,11374215.0,100,1,42,287037,DENV_2-peru-BVBRC_genome_sequence,8445.04,7575.85,16020.88,347.38,311.42,658.8,219.6,24.33, sdumont6165,432563.76
8712.0,27594,219,3820368.0,166128.0,163660.0,3822232.0,2795.52,4423.68,2805.76,4423.68,1.0,0,24.0,27.0,1000bs-3n-42th-287037s-DENV_2-peru-BVBRC_genome_sequence,sequana_cpu_dev,3,11374217.0,1000,1,42,287037,DENV_2-peru-BVBRC_genome_sequence,76712.03,69257.41,145969.44,352.99,318.67,671.66,223.89,217.33, sdumont6165,31967307.36
8726.0,27720,220,3818473.333007813,165336.0,162424.0,3822224.0,2775.04,4423.68,2785.28,4423.68,1.0,0,30.0,35.0,1000bs-3n-42th-287037s-DENV_2-peru-BVBRC_genome_sequence,sequana_cpu_dev,3,11374226.0,1000,1,42,287037,DENV_2-peru-BVBRC_genome_sequence,76525.87,69000.57,145526.44,351.04,316.52,667.55,222.52,218.0, sdumont6165,32015816.8
8715.0,29232,232,3892710.666015625,162796.0,161945.3330078125,4045100.0,2764.8,4413.44,2785.28,4413.44,1.0,0,26.0,29.0,1000bs-3n-42th-287037s-DENV_2-peru-BVBRC_genome_sequence,sequana_cpu_dev,3,11374231.0,1000,1,42,287037,DENV_2-peru-BVBRC_genome_sequence,80425.87,72843.15,153269.02,349.73,316.71,666.44,222.15,230.0, sdumont6165,35558412.64
13687.0,44352,352,3967012.0,165192.0,164245.3330078125,4044912.0,3635.2,4423.68,3706.88,4433.92,1.0,0,36.0,50.0,1000bs-3n-42th-287037s-DENV_2-peru-BVBRC_genome_sequence,sequana_cpu_dev,3,11374234.0,1000,1,42,287037,DENV_2-peru-BVBRC_genome_sequence,130470.65,119030.08,249500.73,372.77,340.09,712.86,237.62,350.0, sdumont6165,87824256.96000001
9938.0,31122,247,3820326.666015625,167664.0,165836.0,3822240.0,2990.08,4423.68,2990.08,4423.68,1.0,0,35.0,48.0,1000bs-3n-42th-287037s-DENV_2-peru-BVBRC_genome_sequence,sequana_cpu_dev,3,11374239.0,1000,1,42,287037,DENV_2-peru-BVBRC_genome_sequence,87318.79,79296.95,166615.74,357.39,324.56,681.95,227.32,244.33, sdumont6165,41154087.78
1383.0,6336,44,4222166.666015625,156480.0,156397.3330078125,4222252.0,1433.6,4229.12,1464.32,4229.12,1.0,0,28.0,32.0,100bs-3n-48th-287037s-DENV_2-peru-BVBRC_genome_sequence,sequana_cpu_dev,3,11374247.0,100,1,48,287037,DENV_2-peru-BVBRC_genome_sequence,14870.51,14721.75,29592.26,362.7,359.07,721.76,240.59,41.0, sdumont6165,1302059.44
1319.0,4608,32,4222180.0,158536.0,156442.666015625,4222252.0,1474.56,4239.36,1505.28,4270.08,1.0,0,68.0,132.0,100bs-3n-48th-287037s-DENV_2-peru-BVBRC_genome_sequence,sequana_cpu_dev,3,11374248.0,100,1,48,287037,DENV_2-peru-BVBRC_genome_sequence,10162.97,10188.76,20351.73,338.77,339.63,678.39,226.13,30.0, sdumont6165,651255.36
2695.0,10368,72,4222166.666015625,164384.0,158394.666015625,4222204.0,1658.88,4229.12,1710.08,4239.36,1.0,0,37.0,49.0,100bs-3n-48th-287037s-DENV_2-peru-BVBRC_genome_sequence,sequana_cpu_dev,3,11374251.0,100,1,48,287037,DENV_2-peru-BVBRC_genome_sequence,24381.2,24822.05,49203.25,360.26,366.92,727.18,242.39,67.67, sdumont6166,3542634.0
1372.0,6480,45,4222216.0,156588.0,155232.0,4222340.0,1464.32,4218.88,1474.56,4218.88,1.0,0,30.0,35.0,100bs-3n-48th-287037s-DENV_2-peru-BVBRC_genome_sequence,sequana_cpu_dev,3,11374252.0,100,1,48,287037,DENV_2-peru-BVBRC_genome_sequence,15731.84,15764.49,31496.33,357.54,358.28,715.83,238.61,44.0, sdumont6165,1417334.85
923.0,4608,32,3032689.3330078125,154356.0,103710.666015625,4222060.0,1525.76,4249.6,1536.0,4270.08,1.0,0,26.0,48.0,100bs-3n-48th-287037s-DENV_2-peru-BVBRC_genome_sequence,sequana_cpu_dev,3,11374253.0,100,1,48,287037,DENV_2-peru-BVBRC_genome_sequence,10005.93,9910.3,19916.23,345.03,341.73,686.77,228.92,29.0, sdumont6165,637319.36
11391.0,38448,267,4224214.666015625,164048.0,162853.3330078125,4228036.0,3010.56,4423.68,3020.8,4423.68,1.0,0,40.0,44.0,1000bs-3n-48th-287037s-DENV_2-peru-BVBRC_genome_sequence,sequana_cpu_dev,3,11374254.0,1000,1,48,287037,DENV_2-peru-BVBRC_genome_sequence,96351.33,95603.12,191954.45,363.59,360.77,724.36,241.45,265.0, sdumont6165,51251838.150000006
23899.0,76464,531,4225866.666015625,167204.0,165204.0,4227908.0,5160.96,4444.16,5181.44,4444.16,1.0,0,40.0,56.0,1000bs-3n-48th-287037s-DENV_2-peru-BVBRC_genome_sequence,sequana_cpu_dev,3,11374257.0,1000,1,48,287037,DENV_2-peru-BVBRC_genome_sequence,202048.31,201051.4,403099.71,381.72,379.82,761.54,253.85,529.33, sdumont6165,214045946.01
12816.0,43488,302,4224029.3330078125,168056.0,166213.3330078125,4227676.0,3768.32,4618.24,4044.8,4884.48,1.0,0,0.0,58.0,1000bs-3n-48th-287037s-DENV_2-peru-BVBRC_genome_sequence,sequana_cpu_dev,3,11374260.0,1000,1,48,287037,DENV_2-peru-BVBRC_genome_sequence,108864.17,108928.32,217792.49,364.09,364.31,728.4,242.8,299.0, sdumont6165,65773331.98
11371.0,37008,257,4224042.666015625,165552.0,162744.0,4227624.0,3020.8,4413.44,3041.28,4423.68,1.0,0,31.0,33.0,1000bs-3n-48th-287037s-DENV_2-peru-BVBRC_genome_sequence,sequana_cpu_dev,3,11374264.0,1000,1,48,287037,DENV_2-peru-BVBRC_genome_sequence,90857.56,91288.46,182146.02,357.71,359.4,717.11,239.04,254.0, sdumont6165,46811527.14
12801.0,39456,274,4300174.666015625,165148.0,161828.0,4450588.0,3215.36,4423.68,3235.84,4423.68,1.0,0,30.0,31.0,1000bs-3n-48th-287037s-DENV_2-peru-BVBRC_genome_sequence,sequana_cpu_dev,3,11374273.0,1000,1,48,287037,DENV_2-peru-BVBRC_genome_sequence,98004.98,97639.8,195644.78,360.31,358.97,719.28,239.76,272.0, sdumont6165,53606669.72
0.0,104,13,265348.0,3224.0,3144.0,265348.0,0.0,0.0,0.0,0.0,1.0,0,0.0,0.0,100bs-4n-2th-287037s-DENV_2-peru-BVBRC_genome_sequence,sequana_cpu_dev,4,11374274.0,100,1,2,287037,DENV_2-peru-BVBRC_genome_sequence,2444.89,1735.44,4180.33,203.74,144.62,348.36,87.09,12.0, sdumont6165,54344.29
0.0,184,23,265348.0,3168.0,3143.0,265348.0,0.0,0.0,0.0,0.0,1.0,0,0.0,0.0,100bs-4n-2th-287037s-DENV_2-peru-BVBRC_genome_sequence,sequana_cpu_dev,4,11374275.0,100,1,2,287037,DENV_2-peru-BVBRC_genome_sequence,4072.94,3073.88,7146.83,203.65,153.69,357.34,89.34,20.0, sdumont6165,164377.09
43.0,672,84,1092902.0,151196.0,146911.0,1113140.0,1710.08,4208.64,1720.32,4208.64,1.0,0,0.0,0.0,100bs-4n-2th-287037s-DENV_2-peru-BVBRC_genome_sequence,sequana_cpu_dev,4,11374277.0,100,1,2,287037,DENV_2-peru-BVBRC_genome_sequence,14961.96,12009.56,26971.52,180.26,144.69,324.96,81.24,83.0, sdumont6165,2265607.68
0.0,144,18,265348.0,3168.0,3133.0,265348.0,0.0,0.0,0.0,0.0,1.0,0,0.0,0.0,100bs-4n-2th-287037s-DENV_2-peru-BVBRC_genome_sequence,sequana_cpu_dev,4,11374278.0,100,1,2,287037,DENV_2-peru-BVBRC_genome_sequence,2957.36,2180.54,5137.89,173.96,128.27,302.23,75.56,17.0, sdumont6165,92482.02
0.0,176,22,265348.0,3236.0,3165.0,265348.0,0.0,0.0,0.0,0.0,1.0,0,0.0,0.0,100bs-4n-2th-287037s-DENV_2-peru-BVBRC_genome_sequence,sequana_cpu_dev,4,11374279.0,100,1,2,287037,DENV_2-peru-BVBRC_genome_sequence,4572.75,3212.1,7784.85,217.75,152.96,370.71,92.68,21.0, sdumont6165,171266.7
157.0,888,111,1110344.0,155972.0,151676.0,1113328.0,1884.16,4352.0,1914.88,4352.0,1.0,0,0.0,0.0,1000bs-4n-2th-287037s-DENV_2-peru-BVBRC_genome_sequence,sequana_cpu_dev,4,11374280.0,1000,1,2,287037,DENV_2-peru-BVBRC_genome_sequence,25315.28,17490.31,42805.59,232.25,160.46,392.71,98.18,109.0, sdumont6165,4751420.489999999
196.0,1016,127,1111701.0,152712.0,149847.0,1118872.0,2191.36,4444.16,2447.36,4659.2,1.0,0,0.0,0.0,1000bs-4n-2th-287037s-DENV_2-peru-BVBRC_genome_sequence,sequana_cpu_dev,4,11374283.0,1000,1,2,287037,DENV_2-peru-BVBRC_genome_sequence,27241.82,19291.49,46533.3,221.48,156.84,378.32,94.58,123.0, sdumont6165,5909729.100000001
150.0,952,119,1280199.0,157696.0,151168.0,1341544.0,1914.88,4331.52,1914.88,4341.76,1.0,0,0.0,0.0,1000bs-4n-2th-287037s-DENV_2-peru-BVBRC_genome_sequence,sequana_cpu_dev,4,11374287.0,1000,1,2,287037,DENV_2-peru-BVBRC_genome_sequence,26355.34,18479.47,44834.81,227.2,159.31,386.51,96.63,116.0, sdumont6165,5335342.39
272.0,1872,234,1111770.0,155824.0,151813.0,1113476.0,2856.96,4352.0,2867.2,4362.24,1.0,0,0.0,0.0,1000bs-4n-2th-287037s-DENV_2-peru-BVBRC_genome_sequence,sequana_cpu_dev,4,11374288.0,1000,1,2,287037,DENV_2-peru-BVBRC_genome_sequence,49791.95,37321.25,87113.2,213.7,160.18,373.88,93.47,233.0, sdumont6165,20384488.8
285.0,1800,225,1168764.0,157560.0,152525.0,1341544.0,2775.04,4372.48,2836.48,4372.48,1.0,0,0.0,1.0,1000bs-4n-2th-287037s-DENV_2-peru-BVBRC_genome_sequence,sequana_cpu_dev,4,11374291.0,1000,1,2,287037,DENV_2-peru-BVBRC_genome_sequence,48211.82,35755.99,83967.8,215.93,160.16,376.08,94.02,223.25, sdumont6165,18892755.0
0.0,192,8,265348.0,3140.0,3065.0,265348.0,0.0,0.0,0.0,0.0,1.0,0,0.0,0.0,100bs-4n-6th-287037s-DENV_2-peru-BVBRC_genome_sequence,sequana_cpu_dev,4,11374293.0,100,1,6,287037,DENV_2-peru-BVBRC_genome_sequence,2075.82,1045.18,3121.0,296.55,149.31,445.86,111.46,7.0, sdumont6165,24968.0
0.0,672,28,265348.0,3120.0,2567.0,265348.0,0.0,0.0,0.0,0.0,1.0,0,0.0,0.0,100bs-4n-6th-287037s-DENV_2-peru-BVBRC_genome_sequence,sequana_cpu_dev,4,11374294.0,100,1,6,287037,DENV_2-peru-BVBRC_genome_sequence,7086.98,3851.5,10938.48,272.58,148.13,420.71,105.18,26.0, sdumont6165,306277.44
0.0,264,11,265348.0,3084.0,2551.0,265348.0,0.0,0.0,0.0,0.0,1.0,0,0.0,0.0,100bs-4n-6th-287037s-DENV_2-peru-BVBRC_genome_sequence,sequana_cpu_dev,4,11374297.0,100,1,6,287037,DENV_2-peru-BVBRC_genome_sequence,2688.02,1379.08,4067.09,268.8,137.91,406.71,101.68,10.0, sdumont6165,44737.990000000005
0.0,576,24,265348.0,3068.0,2534.0,265348.0,0.0,0.0,0.0,0.0,1.0,0,0.0,0.0,100bs-4n-6th-287037s-DENV_2-peru-BVBRC_genome_sequence,sequana_cpu_dev,4,11374299.0,100,1,6,287037,DENV_2-peru-BVBRC_genome_sequence,4804.5,3303.26,8107.77,208.89,143.62,352.51,88.13,23.0, sdumont6166,194586.48
0.0,240,10,265348.0,3140.0,2595.0,265348.0,0.0,0.0,0.0,0.0,1.0,0,0.0,0.0,100bs-4n-6th-287037s-DENV_2-peru-BVBRC_genome_sequence,sequana_cpu_dev,4,11374301.0,100,1,6,287037,DENV_2-peru-BVBRC_genome_sequence,2029.86,999.94,3029.79,253.73,124.99,378.72,94.68,8.0, sdumont6166,30297.9
1089.0,5328,222,1381753.0,160284.0,155490.0,1388824.0,2836.48,4372.48,2897.92,4372.48,1.0,0,1.0,3.0,1000bs-4n-6th-287037s-DENV_2-peru-BVBRC_genome_sequence,sequana_cpu_dev,4,11374302.0,1000,1,6,287037,DENV_2-peru-BVBRC_genome_sequence,68965.81,35576.73,104542.54,312.06,160.98,473.04,118.26,221.0, sdumont6166,23208443.88
328.0,2088,87,1436029.0,153740.0,149092.0,1606056.0,1699.84,4311.04,1710.08,4311.04,1.0,0,0.0,2.0,1000bs-4n-6th-287037s-DENV_2-peru-BVBRC_genome_sequence,sequana_cpu_dev,4,11374303.0,1000,1,6,287037,DENV_2-peru-BVBRC_genome_sequence,27957.08,13746.39,41703.47,328.01,161.3,489.31,122.33,85.25, sdumont6166,3628201.89
340.0,1824,76,1437418.0,151512.0,147446.0,1606072.0,1679.36,4341.76,1699.84,4352.0,1.0,0,0.0,1.0,1000bs-4n-6th-287037s-DENV_2-peru-BVBRC_genome_sequence,sequana_cpu_dev,4,11374304.0,1000,1,6,287037,DENV_2-peru-BVBRC_genome_sequence,24729.77,12020.07,36749.84,330.86,160.81,491.66,122.92,74.75, sdumont6166,2792987.84
329.0,2136,89,1380326.0,149760.0,148684.0,1383412.0,1689.6,4321.28,1710.08,4331.52,1.0,0,0.0,1.0,1000bs-4n-6th-287037s-DENV_2-peru-BVBRC_genome_sequence,sequana_cpu_dev,4,11374306.0,1000,1,6,287037,DENV_2-peru-BVBRC_genome_sequence,29007.09,14204.57,43211.66,329.63,161.42,491.04,122.76,88.0, sdumont6166,3845837.74
340.0,1872,78,1380289.0,155488.0,149075.0,1383264.0,1699.84,4341.76,1710.08,4352.0,1.0,0,1.0,2.0,1000bs-4n-6th-287037s-DENV_2-peru-BVBRC_genome_sequence,sequana_cpu_dev,4,11374308.0,1000,1,6,287037,DENV_2-peru-BVBRC_genome_sequence,25406.02,12305.38,37711.39,334.29,161.91,496.2,124.05,76.0, sdumont6166,2941488.42
0.0,624,13,265348.0,3120.0,1557.0,265348.0,0.0,0.0,0.0,0.0,1.0,0,0.0,0.0,100bs-4n-12th-287037s-DENV_2-peru-BVBRC_genome_sequence,sequana_cpu_dev,4,11374310.0,100,1,12,287037,DENV_2-peru-BVBRC_genome_sequence,4135.9,1584.53,5720.44,344.66,132.04,476.7,119.18,12.0, sdumont6166,74365.72
0.0,816,17,265348.0,3124.0,1558.0,265348.0,0.0,0.0,0.0,0.0,1.0,0,0.0,0.0,100bs-4n-12th-287037s-DENV_2-peru-BVBRC_genome_sequence,sequana_cpu_dev,4,11374311.0,100,1,12,287037,DENV_2-peru-BVBRC_genome_sequence,5883.23,2262.42,8145.65,413.1,158.51,571.61,142.9,14.25, sdumont6166,138476.05
0.0,864,18,265348.0,1040.0,1036.0,265348.0,0.0,0.0,0.0,0.0,1.0,0,0.0,0.0,100bs-4n-12th-287037s-DENV_2-peru-BVBRC_genome_sequence,sequana_cpu_dev,4,11374315.0,100,1,12,287037,DENV_2-peru-BVBRC_genome_sequence,6815.35,2666.68,9482.03,400.9,156.86,557.77,139.44,17.0, sdumont6165,170676.54
0.0,1104,23,265348.0,3176.0,1571.0,265348.0,0.0,0.0,0.0,0.0,1.0,0,0.0,0.0,100bs-4n-12th-287037s-DENV_2-peru-BVBRC_genome_sequence,sequana_cpu_dev,4,11374322.0,100,1,12,287037,DENV_2-peru-BVBRC_genome_sequence,8695.7,3327.45,12023.15,395.26,151.25,546.51,136.63,22.0, sdumont6165,276532.45
0.0,672,14,265348.0,1040.0,1036.0,265348.0,0.0,0.0,0.0,0.0,1.0,0,0.0,0.0,100bs-4n-12th-287037s-DENV_2-peru-BVBRC_genome_sequence,sequana_cpu_dev,4,11374330.0,100,1,12,287037,DENV_2-peru-BVBRC_genome_sequence,4932.11,1922.65,6854.76,379.39,147.9,527.29,131.82,13.0, sdumont6165,95966.64
1029.0,5712,119,1785818.0,155884.0,151030.0,1788828.0,1873.92,4352.0,1935.36,4362.24,1.0,0,6.0,9.0,1000bs-4n-12th-287037s-DENV_2-peru-BVBRC_genome_sequence,sequana_cpu_dev,4,11374331.0,1000,1,12,287037,DENV_2-peru-BVBRC_genome_sequence,49129.95,18671.32,67801.27,423.53,160.96,584.49,146.12,116.0, sdumont6165,8068351.130000001
1043.0,4704,98,1787209.0,153912.0,149490.0,1788824.0,1904.64,4362.24,1935.36,4362.24,1.0,0,6.0,10.0,1000bs-4n-12th-287037s-DENV_2-peru-BVBRC_genome_sequence,sequana_cpu_dev,4,11374332.0,1000,1,12,287037,DENV_2-peru-BVBRC_genome_sequence,40700.93,15641.16,56342.09,419.6,161.25,580.85,145.21,97.0, sdumont6165,5521524.819999999
1029.0,5232,109,1785821.0,162448.0,153676.0,1788824.0,1894.4,4352.0,1935.36,4362.24,1.0,0,4.0,5.0,1000bs-4n-12th-287037s-DENV_2-peru-BVBRC_genome_sequence,sequana_cpu_dev,4,11374335.0,1000,1,12,287037,DENV_2-peru-BVBRC_genome_sequence,45350.97,17279.99,62630.96,419.92,160.0,579.92,144.98,108.0, sdumont6165,6826774.64
1015.0,4800,100,1785855.0,151956.0,147959.0,1788972.0,1925.12,4362.24,1935.36,4362.24,1.0,0,4.0,8.0,1000bs-4n-12th-287037s-DENV_2-peru-BVBRC_genome_sequence,sequana_cpu_dev,4,11374336.0,1000,1,12,287037,DENV_2-peru-BVBRC_genome_sequence,40674.16,15723.79,56397.95,410.85,158.83,569.68,142.42,99.0, sdumont6165,5639795.0
1056.0,4704,98,1841526.0,153968.0,149526.0,1999632.0,1914.88,4362.24,1925.12,4362.24,1.0,0,5.0,9.0,1000bs-4n-12th-287037s-DENV_2-peru-BVBRC_genome_sequence,sequana_cpu_dev,4,11374337.0,1000,1,12,287037,DENV_2-peru-BVBRC_genome_sequence,40078.26,15356.94,55435.2,421.88,161.65,583.53,145.88,95.0, sdumont6165,5432649.6
0.0,1872,26,265348.0,3184.0,1572.0,265348.0,0.0,0.0,0.0,0.0,142.0,0,0.0,0.0,100bs-4n-18th-287037s-DENV_2-peru-BVBRC_genome_sequence,sequana_cpu_dev,4,11374340.0,100,1,18,287037,DENV_2-peru-BVBRC_genome_sequence,9003.01,3195.21,12198.22,423.81,150.33,574.14,143.54,21.25, sdumont6165,317153.72
0.0,1728,24,265348.0,1036.0,1036.0,265348.0,0.0,0.0,0.0,0.0,1.0,0,0.0,0.0,100bs-4n-18th-287037s-DENV_2-peru-BVBRC_genome_sequence,sequana_cpu_dev,4,11374342.0,100,1,18,287037,DENV_2-peru-BVBRC_genome_sequence,9478.09,3387.58,12865.67,430.82,153.98,584.8,146.2,22.0, sdumont6165,308776.08
0.0,720,10,265348.0,1040.0,1035.0,265348.0,0.0,0.0,0.0,0.0,36.0,0,0.0,0.0,100bs-4n-18th-287037s-DENV_2-peru-BVBRC_genome_sequence,sequana_cpu_dev,4,11374344.0,100,1,18,287037,DENV_2-peru-BVBRC_genome_sequence,3054.07,1213.88,4267.95,339.34,134.88,474.22,118.55,9.0, sdumont6165,42679.5
0.0,1152,16,265348.0,1036.0,1035.0,265348.0,0.0,0.0,0.0,0.0,1.0,0,0.0,0.0,100bs-4n-18th-287037s-DENV_2-peru-BVBRC_genome_sequence,sequana_cpu_dev,4,11374345.0,100,1,18,287037,DENV_2-peru-BVBRC_genome_sequence,5348.11,2005.94,7354.05,375.22,140.89,516.11,129.03,14.25, sdumont6165,117664.8
0.0,1152,16,265348.0,3128.0,1558.0,265348.0,0.0,0.0,0.0,0.0,1.0,0,0.0,0.0,100bs-4n-18th-287037s-DENV_2-peru-BVBRC_genome_sequence,sequana_cpu_dev,4,11374348.0,100,1,18,287037,DENV_2-peru-BVBRC_genome_sequence,5766.63,2102.71,7869.34,411.9,150.19,562.1,140.52,14.0, sdumont6166,125909.44
1570.0,6696,93,2191273.0,164468.0,155990.0,2194344.0,1914.88,4362.24,1914.88,4362.24,1.0,0,13.0,20.0,1000bs-4n-18th-287037s-DENV_2-peru-BVBRC_genome_sequence,sequana_cpu_dev,4,11374349.0,1000,1,18,287037,DENV_2-peru-BVBRC_genome_sequence,40023.27,14850.05,54873.32,439.82,163.19,603.0,150.75,91.0, sdumont6166,5103218.76
1568.0,8712,121,2192705.0,153212.0,149678.0,2199756.0,2252.8,4474.88,2519.04,4792.32,1.0,0,2.0,16.0,1000bs-4n-18th-287037s-DENV_2-peru-BVBRC_genome_sequence,sequana_cpu_dev,4,11374350.0,1000,1,18,287037,DENV_2-peru-BVBRC_genome_sequence,54007.74,19419.69,73427.43,453.85,163.19,617.04,154.26,119.0, sdumont6166,8884719.03
4641.0,19584,272,2191271.0,162648.0,158586.0,2194344.0,3379.2,4474.88,3737.6,4782.08,1.0,0,14.0,21.0,1000bs-4n-18th-287037s-DENV_2-peru-BVBRC_genome_sequence,sequana_cpu_dev,4,11374351.0,1000,1,18,287037,DENV_2-peru-BVBRC_genome_sequence,127332.45,43785.31,171117.76,471.6,162.17,633.77,158.44,270.0, sdumont6166,46544030.72
3602.0,17064,237,2192661.0,162748.0,157789.0,2199904.0,2867.2,4352.0,2877.44,4362.24,462.0,0,67.0,122.0,1000bs-4n-18th-287037s-DENV_2-peru-BVBRC_genome_sequence,sequana_cpu_dev,4,11374357.0,1000,1,18,287037,DENV_2-peru-BVBRC_genome_sequence,108480.35,38110.32,146590.67,462.63,162.5,625.14,156.28,234.5, sdumont6165,34741988.79000001
1570.0,8064,112,2191347.0,152512.0,150529.0,2194352.0,1935.36,4331.52,1935.36,4341.76,257.0,0,10.0,15.0,1000bs-4n-18th-287037s-DENV_2-peru-BVBRC_genome_sequence,sequana_cpu_dev,4,11374365.0,1000,1,18,287037,DENV_2-peru-BVBRC_genome_sequence,48832.61,18002.89,66835.5,439.93,162.19,602.12,150.53,111.0, sdumont6165,7485576.0
0.0,1248,13,265348.0,3144.0,2070.0,265348.0,0.0,0.0,0.0,0.0,189.0,0,0.0,0.0,100bs-4n-24th-287037s-DENV_2-peru-BVBRC_genome_sequence,sequana_cpu_dev,4,11374369.0,100,1,24,287037,DENV_2-peru-BVBRC_genome_sequence,4005.99,1449.26,5455.24,400.6,144.93,545.52,136.38,10.0, sdumont6165,70918.12
604.0,4512,47,2542513.0,153556.0,150611.0,2599724.0,1484.8,4218.88,1484.8,4229.12,1.0,0,13.0,17.0,100bs-4n-24th-287037s-DENV_2-peru-BVBRC_genome_sequence,sequana_cpu_dev,4,11374370.0,100,1,24,287037,DENV_2-peru-BVBRC_genome_sequence,21773.17,7148.43,28921.6,473.33,155.4,628.73,157.18,46.0, sdumont6165,1359315.2
0.0,2688,28,265348.0,1036.0,1035.0,265348.0,0.0,0.0,0.0,0.0,203.0,0,0.0,0.0,100bs-4n-24th-287037s-DENV_2-peru-BVBRC_genome_sequence,sequana_cpu_dev,4,11374372.0,100,1,24,287037,DENV_2-peru-BVBRC_genome_sequence,12441.53,4098.04,16539.58,469.93,154.58,624.52,156.13,26.5, sdumont6165,463108.2400000001
0.0,1440,15,265348.0,3180.0,2093.0,265348.0,0.0,0.0,0.0,0.0,1.0,0,0.0,0.0,100bs-4n-24th-287037s-DENV_2-peru-BVBRC_genome_sequence,sequana_cpu_dev,4,11374374.0,100,1,24,287037,DENV_2-peru-BVBRC_genome_sequence,5581.1,2043.34,7624.44,429.32,157.18,586.5,146.62,13.0, sdumont6166,114366.6
0.0,1728,18,265348.0,3052.0,2044.0,265348.0,0.0,0.0,0.0,0.0,1030.0,0,0.0,0.0,100bs-4n-24th-287037s-DENV_2-peru-BVBRC_genome_sequence,sequana_cpu_dev,4,11374376.0,100,1,24,287037,DENV_2-peru-BVBRC_genome_sequence,6381.99,2348.24,8730.23,399.64,146.68,546.32,136.58,16.0, sdumont6165,157144.13999999998
2822.0,12384,129,2596881.0,164532.0,158161.0,2600032.0,2129.92,4362.24,2160.64,4372.48,504.0,0,20.0,24.0,1000bs-4n-24th-287037s-DENV_2-peru-BVBRC_genome_sequence,sequana_cpu_dev,4,11374383.0,1000,1,24,287037,DENV_2-peru-BVBRC_genome_sequence,63813.12,20709.64,84522.75,498.54,161.79,660.33,165.08,128.0, sdumont6165,10903434.75
2557.0,12384,129,2596850.0,164816.0,156496.0,2599920.0,2099.2,4362.24,2150.4,4362.24,127.0,0,80.0,256.0,1000bs-4n-24th-287037s-DENV_2-peru-BVBRC_genome_sequence,sequana_cpu_dev,4,11374387.0,1000,1,24,287037,DENV_2-peru-BVBRC_genome_sequence,57996.45,20174.53,78170.98,456.66,158.85,615.52,153.88,127.0, sdumont6165,10084056.42
2000.0,10368,108,2596844.0,164484.0,155246.0,2599892.0,1914.88,4341.76,1914.88,4341.76,14.0,0,16.0,21.0,1000bs-4n-24th-287037s-DENV_2-peru-BVBRC_genome_sequence,sequana_cpu_dev,4,11374390.0,1000,1,24,287037,DENV_2-peru-BVBRC_genome_sequence,48972.57,16701.6,65674.16,465.35,158.68,624.03,156.01,105.25, sdumont6165,7092809.28
5573.0,23328,243,2709568.0,164652.0,161312.0,2827976.0,3051.52,4372.48,3123.2,4372.48,1.0,0,26.0,36.0,1000bs-4n-24th-287037s-DENV_2-peru-BVBRC_genome_sequence,sequana_cpu_dev,4,11374393.0,1000,1,24,287037,DENV_2-peru-BVBRC_genome_sequence,123330.18,39462.17,162792.35,509.63,163.07,672.7,168.17,242.0, sdumont6165,39558541.05
2817.0,13152,137,2653863.0,163840.0,157714.0,2828108.0,2140.16,4362.24,2170.88,4372.48,1.0,0,16.0,23.0,1000bs-4n-24th-287037s-DENV_2-peru-BVBRC_genome_sequence,sequana_cpu_dev,4,11374394.0,1000,1,24,287037,DENV_2-peru-BVBRC_genome_sequence,67031.41,22255.51,89286.92,496.53,164.86,661.38,165.35,135.0, sdumont6165,12232308.04
0.0,2160,18,265348.0,3108.0,3060.0,265348.0,0.0,0.0,0.0,0.0,3.0,0,0.0,0.0,100bs-4n-30th-287037s-DENV_2-peru-BVBRC_genome_sequence,sequana_cpu_dev,4,11374409.0,100,1,30,287037,DENV_2-peru-BVBRC_genome_sequence,7032.33,4830.04,11862.38,426.24,292.99,719.22,179.81,16.5, sdumont6165,213522.84
0.0,2040,17,265348.0,3140.0,3106.0,265348.0,0.0,0.0,0.0,0.0,1.0,0,0.0,0.0,100bs-4n-30th-287037s-DENV_2-peru-BVBRC_genome_sequence,sequana_cpu_dev,4,11374415.0,100,1,30,287037,DENV_2-peru-BVBRC_genome_sequence,6551.84,4538.84,11090.69,409.49,283.68,693.17,173.29,16.0, sdumont6165,188541.73
0.0,2280,19,265348.0,3092.0,2545.0,265348.0,0.0,0.0,0.0,0.0,0.0,0,0.0,0.0,100bs-4n-30th-287037s-DENV_2-peru-BVBRC_genome_sequence,sequana_cpu_dev,4,11374419.0,100,1,30,287037,DENV_2-peru-BVBRC_genome_sequence,7062.7,4839.63,11902.33,415.45,284.68,700.14,175.03,17.0, sdumont6165,226144.27
0.0,3240,27,265348.0,3128.0,3073.0,265348.0,0.0,0.0,0.0,0.0,1.0,0,0.0,0.0,100bs-4n-30th-287037s-DENV_2-peru-BVBRC_genome_sequence,sequana_cpu_dev,4,11374420.0,100,1,30,287037,DENV_2-peru-BVBRC_genome_sequence,9571.29,6355.4,15926.68,435.06,288.88,723.94,180.99,22.0, sdumont6165,430020.36
0.0,3600,30,265348.0,3148.0,2578.0,265348.0,0.0,0.0,0.0,0.0,1.0,0,0.0,0.0,100bs-4n-30th-287037s-DENV_2-peru-BVBRC_genome_sequence,sequana_cpu_dev,4,11374421.0,100,1,30,287037,DENV_2-peru-BVBRC_genome_sequence,8380.85,5746.42,14127.27,380.95,261.2,642.15,160.54,22.0, sdumont6165,423818.1
4410.0,20520,171,3059530.0,161600.0,156602.0,3233524.0,2304.0,4362.24,2334.72,4372.48,1.0,0,24.0,34.0,1000bs-4n-30th-287037s-DENV_2-peru-BVBRC_genome_sequence,sequana_cpu_dev,4,11374422.0,1000,1,30,287037,DENV_2-peru-BVBRC_genome_sequence,80354.81,54483.83,134838.63,473.43,320.97,794.4,198.6,169.75, sdumont6165,23057405.73
4254.0,19680,164,3003908.0,168584.0,158891.0,3011432.0,2324.48,4362.24,2344.96,4362.24,1.0,0,47.0,153.0,1000bs-4n-30th-287037s-DENV_2-peru-BVBRC_genome_sequence,sequana_cpu_dev,4,11374424.0,1000,1,30,287037,DENV_2-peru-BVBRC_genome_sequence,75439.23,51554.91,126994.14,462.82,316.29,779.11,194.78,163.0, sdumont6165,20827038.96
4410.0,20280,169,3003820.0,165372.0,157521.0,3005440.0,2324.48,4362.24,2344.96,4362.24,1.0,0,23.0,30.0,1000bs-4n-30th-287037s-DENV_2-peru-BVBRC_genome_sequence,sequana_cpu_dev,4,11374425.0,1000,1,30,287037,DENV_2-peru-BVBRC_genome_sequence,77823.52,52931.33,130754.86,474.55,322.82,797.37,199.34,164.0, sdumont6165,22097571.34
5189.0,22200,185,3002410.0,164576.0,159054.0,3005440.0,2570.24,4372.48,2590.72,4372.48,35.0,0,34.0,64.0,1000bs-4n-30th-287037s-DENV_2-peru-BVBRC_genome_sequence,sequana_cpu_dev,4,11374428.0,1000,1,30,287037,DENV_2-peru-BVBRC_genome_sequence,87016.85,58833.45,145850.31,477.48,322.83,800.31,200.08,182.25, sdumont6165,26982307.35
4269.0,20760,173,3002399.0,163204.0,156926.0,3005460.0,2304.0,4352.0,2355.2,4362.24,27.0,0,22.0,30.0,1000bs-4n-30th-287037s-DENV_2-peru-BVBRC_genome_sequence,sequana_cpu_dev,4,11374431.0,1000,1,30,287037,DENV_2-peru-BVBRC_genome_sequence,78865.22,54130.25,132995.47,463.91,318.41,782.33,195.58,170.0, sdumont6165,23008216.31
0.0,3888,27,265348.0,3236.0,3141.0,265348.0,0.0,0.0,0.0,0.0,1.0,0,0.0,0.0,100bs-4n-36th-287037s-DENV_2-peru-BVBRC_genome_sequence,sequana_cpu_dev,4,11374433.0,100,1,36,287037,DENV_2-peru-BVBRC_genome_sequence,11857.36,10454.68,22312.04,460.31,406.1,866.41,216.6,25.75, sdumont6165,602425.0800000001
0.0,3456,24,265348.0,3172.0,3104.0,265348.0,0.0,0.0,0.0,0.0,1.0,0,0.0,0.0,100bs-4n-36th-287037s-DENV_2-peru-BVBRC_genome_sequence,sequana_cpu_dev,4,11374435.0,100,1,36,287037,DENV_2-peru-BVBRC_genome_sequence,9799.12,8645.88,18445.0,426.05,375.91,801.96,200.49,23.0, sdumont6165,442680.0
419.0,5184,36,3407901.0,156272.0,152154.0,3410988.0,1474.56,4218.88,1484.8,4229.12,1.0,0,97.0,285.0,100bs-4n-36th-287037s-DENV_2-peru-BVBRC_genome_sequence,sequana_cpu_dev,4,11374437.0,100,1,36,287037,DENV_2-peru-BVBRC_genome_sequence,10368.98,9180.18,19549.16,296.26,262.29,558.55,139.64,35.0, sdumont6166,703769.76
0.0,2592,18,265348.0,3172.0,2584.0,265348.0,0.0,0.0,0.0,0.0,1.0,0,0.0,0.0,100bs-4n-36th-287037s-DENV_2-peru-BVBRC_genome_sequence,sequana_cpu_dev,4,11374439.0,100,1,36,287037,DENV_2-peru-BVBRC_genome_sequence,7079.43,6141.21,13220.64,435.64,378.25,813.89,203.47,16.25, sdumont6166,237971.52
0.0,2880,20,265348.0,3168.0,3132.0,265348.0,0.0,0.0,0.0,0.0,1.0,0,0.0,0.0,100bs-4n-36th-287037s-DENV_2-peru-BVBRC_genome_sequence,sequana_cpu_dev,4,11374441.0,100,1,36,287037,DENV_2-peru-BVBRC_genome_sequence,8028.26,7023.81,15052.07,439.67,384.92,824.59,206.15,18.25, sdumont6166,301041.4
6366.0,26784,186,3466393.0,163612.0,159883.0,3639224.0,2498.56,4372.48,2539.52,4372.48,1.0,0,34.0,44.0,1000bs-4n-36th-287037s-DENV_2-peru-BVBRC_genome_sequence,sequana_cpu_dev,4,11374442.0,1000,1,36,287037,DENV_2-peru-BVBRC_genome_sequence,88483.77,77836.04,166319.81,480.89,423.02,903.91,225.98,184.0, sdumont6166,30935484.66
6335.0,30240,210,3409297.0,166920.0,161539.0,3416404.0,2519.04,4362.24,2570.24,4372.48,1.0,0,54.0,133.0,1000bs-4n-36th-287037s-DENV_2-peru-BVBRC_genome_sequence,sequana_cpu_dev,4,11374443.0,1000,1,36,287037,DENV_2-peru-BVBRC_genome_sequence,99027.09,87044.92,186072.01,478.39,420.51,898.9,224.72,207.0, sdumont6165,39075122.1
5308.0,25488,177,3407871.0,163700.0,157738.0,3410844.0,2293.76,4352.0,2334.72,4352.0,1.0,0,15.0,18.0,1000bs-4n-36th-287037s-DENV_2-peru-BVBRC_genome_sequence,sequana_cpu_dev,4,11374444.0,1000,1,36,287037,DENV_2-peru-BVBRC_genome_sequence,81814.68,72304.93,154119.61,468.9,414.39,883.29,220.82,174.5, sdumont6165,27279170.97
5307.0,25344,176,3409297.0,163256.0,158658.0,3410992.0,2304.0,4352.0,2344.96,4352.0,1.0,0,30.0,39.0,1000bs-4n-36th-287037s-DENV_2-peru-BVBRC_genome_sequence,sequana_cpu_dev,4,11374451.0,1000,1,36,287037,DENV_2-peru-BVBRC_genome_sequence,82541.13,72810.42,155351.54,471.66,416.06,887.72,221.93,175.0, sdumont6165,27341871.040000003
6364.0,30384,211,3410650.0,163356.0,158304.0,3416404.0,2478.08,4362.24,2560.0,4372.48,1.0,0,25.0,35.0,1000bs-4n-36th-287037s-DENV_2-peru-BVBRC_genome_sequence,sequana_cpu_dev,4,11374454.0,1000,1,36,287037,DENV_2-peru-BVBRC_genome_sequence,101525.22,88849.21,190374.43,485.77,425.12,910.88,227.72,209.0, sdumont6166,40169004.73
0.0,4368,26,265348.0,3144.0,3090.0,265348.0,0.0,0.0,0.0,0.0,1.0,0,0.0,0.0,100bs-4n-42th-287037s-DENV_2-peru-BVBRC_genome_sequence,sequana_cpu_dev,4,11374455.0,100,1,42,287037,DENV_2-peru-BVBRC_genome_sequence,10040.9,9259.53,19300.43,436.56,402.59,839.15,209.79,23.0, sdumont6166,501811.18
0.0,4368,26,265348.0,3052.0,2042.0,265348.0,0.0,0.0,0.0,0.0,1.0,0,0.0,0.0,100bs-4n-42th-287037s-DENV_2-peru-BVBRC_genome_sequence,sequana_cpu_dev,4,11374456.0,100,1,42,287037,DENV_2-peru-BVBRC_genome_sequence,9925.84,9107.76,19033.6,413.58,379.49,793.07,198.27,24.0, sdumont6166,494873.6
601.0,5376,32,2012437.0,112984.0,54781.0,3764868.0,768.0,2119.68,1556.48,4270.08,1.0,0,13.0,32.0,100bs-4n-42th-287037s-DENV_2-peru-BVBRC_genome_sequence,sequana_cpu_dev,4,11374457.0,100,1,42,287037,DENV_2-peru-BVBRC_genome_sequence,13824.51,12823.29,26647.81,468.75,435.06,903.81,225.95,29.5, sdumont6166,852729.92
0.0,4704,28,265348.0,3152.0,3104.0,265348.0,0.0,0.0,0.0,0.0,1.0,0,0.0,0.0,100bs-4n-42th-287037s-DENV_2-peru-BVBRC_genome_sequence,sequana_cpu_dev,4,11374458.0,100,1,42,287037,DENV_2-peru-BVBRC_genome_sequence,11296.11,10458.52,21754.63,451.84,418.34,870.19,217.55,25.0, sdumont6166,609129.64
0.0,4704,28,265348.0,3144.0,2590.0,265348.0,0.0,0.0,0.0,0.0,1.0,0,0.0,0.0,100bs-4n-42th-287037s-DENV_2-peru-BVBRC_genome_sequence,sequana_cpu_dev,4,11374462.0,100,1,42,287037,DENV_2-peru-BVBRC_genome_sequence,11000.54,10155.4,21155.94,423.1,390.59,813.69,203.42,26.0, sdumont6166,592366.32
7444.0,35280,210,3872044.0,166436.0,161550.0,4027316.0,2519.04,4362.24,2570.24,4372.48,1.0,0,25.0,31.0,1000bs-4n-42th-287037s-DENV_2-peru-BVBRC_genome_sequence,sequana_cpu_dev,4,11374464.0,1000,1,42,287037,DENV_2-peru-BVBRC_genome_sequence,101367.23,93271.99,194639.22,487.34,448.42,935.77,233.94,208.0, sdumont6166,40874236.2
7445.0,31080,185,3872066.0,162784.0,159243.0,4044664.0,2529.28,4372.48,2549.76,4372.48,1.0,0,42.0,55.0,1000bs-4n-42th-287037s-DENV_2-peru-BVBRC_genome_sequence,sequana_cpu_dev,4,11374465.0,1000,1,42,287037,DENV_2-peru-BVBRC_genome_sequence,87263.24,80080.41,167343.65,476.85,437.6,914.45,228.61,183.0, sdumont6166,30958575.25
12332.0,51576,307,3871972.0,162920.0,160334.0,4044812.0,3543.04,4474.88,3850.24,4782.08,19.0,0,28.0,39.0,1000bs-4n-42th-287037s-DENV_2-peru-BVBRC_genome_sequence,sequana_cpu_dev,4,11374467.0,1000,1,42,287037,DENV_2-peru-BVBRC_genome_sequence,149051.83,140138.61,289190.43,496.84,467.13,963.97,240.99,300.0, sdumont6165,88781462.00999999
13486.0,60144,358,3816341.0,167140.0,162655.0,3822140.0,3624.96,4372.48,3737.6,4372.48,584.0,0,28.0,39.0,1000bs-4n-42th-287037s-DENV_2-peru-BVBRC_genome_sequence,sequana_cpu_dev,4,11374473.0,1000,1,42,287037,DENV_2-peru-BVBRC_genome_sequence,177991.8,168292.49,346284.29,499.98,472.73,972.71,243.18,356.0, sdumont6165,123969775.82
7362.0,32088,191,3870656.0,164948.0,158924.0,4044664.0,2549.76,4372.48,2560.0,4372.48,1.0,0,51.0,123.0,1000bs-4n-42th-287037s-DENV_2-peru-BVBRC_genome_sequence,sequana_cpu_dev,4,11374480.0,1000,1,42,287037,DENV_2-peru-BVBRC_genome_sequence,88847.06,82029.54,170876.6,469.49,433.46,902.95,225.74,189.25, sdumont6165,32637430.6
0.0,4992,26,265348.0,3180.0,3139.0,265348.0,0.0,0.0,0.0,0.0,1.0,0,0.0,0.0,100bs-4n-48th-287037s-DENV_2-peru-BVBRC_genome_sequence,sequana_cpu_dev,4,11374482.0,100,1,48,287037,DENV_2-peru-BVBRC_genome_sequence,10391.23,10562.9,20954.13,437.48,444.79,882.27,220.57,23.75, sdumont6165,544807.38
0.0,3840,20,265348.0,3156.0,2615.0,265348.0,0.0,0.0,0.0,0.0,1.0,0,0.0,0.0,100bs-4n-48th-287037s-DENV_2-peru-BVBRC_genome_sequence,sequana_cpu_dev,4,11374483.0,100,1,48,287037,DENV_2-peru-BVBRC_genome_sequence,8020.31,8137.44,16157.74,440.02,446.32,886.34,221.59,18.25, sdumont6165,323154.8
0.0,4224,22,265348.0,3216.0,2081.0,265348.0,0.0,0.0,0.0,0.0,1.0,0,0.0,0.0,100bs-4n-48th-287037s-DENV_2-peru-BVBRC_genome_sequence,sequana_cpu_dev,4,11374484.0,100,1,48,287037,DENV_2-peru-BVBRC_genome_sequence,8949.4,9068.09,18017.49,459.92,465.73,925.65,231.41,19.5, sdumont6165,396384.78
0.0,3648,19,265348.0,3128.0,2595.0,265348.0,0.0,0.0,0.0,0.0,3.0,0,0.0,0.0,100bs-4n-48th-287037s-DENV_2-peru-BVBRC_genome_sequence,sequana_cpu_dev,4,11374485.0,100,1,48,287037,DENV_2-peru-BVBRC_genome_sequence,7169.99,7283.0,14453.0,421.76,428.41,850.18,212.54,17.0, sdumont6165,274607.0
1343.0,8448,44,4218990.0,159000.0,153822.0,4222068.0,1474.56,4218.88,1484.8,4229.12,4.0,0,39.0,49.0,100bs-4n-48th-287037s-DENV_2-peru-BVBRC_genome_sequence,sequana_cpu_dev,4,11374486.0,100,1,48,287037,DENV_2-peru-BVBRC_genome_sequence,20160.69,20489.84,40650.53,488.75,496.7,985.45,246.36,41.25, sdumont6165,1788623.3199999998
11193.0,46464,242,4277523.0,166788.0,161515.0,4450324.0,3072.0,4474.88,3235.84,4782.08,2.0,0,27.0,36.0,1000bs-4n-48th-287037s-DENV_2-peru-BVBRC_genome_sequence,sequana_cpu_dev,4,11374489.0,1000,1,48,287037,DENV_2-peru-BVBRC_genome_sequence,114910.46,116920.7,231831.16,478.79,487.17,965.96,241.49,240.0, sdumont6165,56103140.72
9756.0,46272,241,4334507.0,163352.0,159870.0,4450160.0,2805.76,4372.48,2816.0,4372.48,1.0,0,75.0,194.0,1000bs-4n-48th-287037s-DENV_2-peru-BVBRC_genome_sequence,sequana_cpu_dev,4,11374493.0,1000,1,48,287037,DENV_2-peru-BVBRC_genome_sequence,114991.08,116119.96,231111.03,480.17,484.86,965.03,241.26,239.5, sdumont6166,55697758.23
9964.0,43200,225,4221958.0,167008.0,161171.0,4227488.0,2744.32,4372.48,2805.76,4372.48,1.0,0,43.0,56.0,1000bs-4n-48th-287037s-DENV_2-peru-BVBRC_genome_sequence,sequana_cpu_dev,4,11374495.0,1000,1,48,287037,DENV_2-peru-BVBRC_genome_sequence,107669.93,108812.1,216482.03,484.48,489.58,974.06,243.52,222.25, sdumont6166,48708456.75
9921.0,43392,226,4220459.0,167592.0,160257.0,4227488.0,2795.52,4372.48,2816.0,4372.48,1.0,0,35.0,45.0,1000bs-4n-48th-287037s-DENV_2-peru-BVBRC_genome_sequence,sequana_cpu_dev,4,11374497.0,1000,1,48,287037,DENV_2-peru-BVBRC_genome_sequence,109177.58,110007.2,219184.78,487.4,491.1,978.5,244.63,224.0, sdumont6166,49535760.28
11375.0,47232,246,4277523.0,167604.0,162319.0,4450160.0,3031.04,4444.16,3246.08,4669.44,1.0,0,36.0,44.0,1000bs-4n-48th-287037s-DENV_2-peru-BVBRC_genome_sequence,sequana_cpu_dev,4,11374498.0,1000,1,48,287037,DENV_2-peru-BVBRC_genome_sequence,121025.15,121966.02,242991.18,493.98,497.82,991.8,247.95,245.0, sdumont6166,59775830.28
58.0,84,42,1100568.0,138948.0,138948.0,1100568.0,1351.68,4259.84,1351.68,4259.84,1.0,0,0.0,0.0,100bs-1n-2th-231143s-DENV_3-colombia-BVBRC_genome_sequence,sequana_cpu_dev,1,11374499.0,100,1,2,231143,DENV_3-colombia-BVBRC_genome_sequence,1892.19,1208.96,3101.15,51.14,32.67,83.81,83.81,37.0, sdumont6166,130248.3
55.0,80,40,1100568.0,138848.0,138848.0,1100568.0,1341.44,4249.6,1341.44,4249.6,1.0,0,0.0,0.0,100bs-1n-2th-231143s-DENV_3-colombia-BVBRC_genome_sequence,sequana_cpu_dev,1,11374500.0,100,1,2,231143,DENV_3-colombia-BVBRC_genome_sequence,2111.89,1368.6,3480.49,54.15,35.09,89.24,89.24,39.0, sdumont6166,139219.59999999998
57.0,70,35,1100584.0,138776.0,138776.0,1100584.0,1351.68,4259.84,1351.68,4259.84,1.0,0,0.0,0.0,100bs-1n-2th-231143s-DENV_3-colombia-BVBRC_genome_sequence,sequana_cpu_dev,1,11374501.0,100,1,2,231143,DENV_3-colombia-BVBRC_genome_sequence,1890.16,1203.56,3093.71,57.28,36.47,93.75,93.75,33.0, sdumont6166,108279.85
56.0,70,35,1100716.0,138760.0,138760.0,1100716.0,1351.68,4259.84,1351.68,4259.84,1.0,0,0.0,0.0,100bs-1n-2th-231143s-DENV_3-colombia-BVBRC_genome_sequence,sequana_cpu_dev,1,11374502.0,100,1,2,231143,DENV_3-colombia-BVBRC_genome_sequence,1877.69,1364.36,3242.05,55.23,40.13,95.35,95.35,34.0, sdumont6165,113471.75
52.0,80,40,1100568.0,138704.0,138704.0,1100568.0,1341.44,4249.6,1341.44,4249.6,1.0,0,0.0,0.0,100bs-1n-2th-231143s-DENV_3-colombia-BVBRC_genome_sequence,sequana_cpu_dev,1,11374505.0,100,1,2,231143,DENV_3-colombia-BVBRC_genome_sequence,1980.52,1291.76,3272.29,50.78,33.12,83.9,83.9,39.0, sdumont6166,130891.6
732.0,844,422,1106552.0,145208.0,145208.0,1106552.0,4239.36,4761.6,4239.36,4761.6,1.0,0,0.0,0.0,1000bs-1n-2th-231143s-DENV_3-colombia-BVBRC_genome_sequence,sequana_cpu_dev,1,11374506.0,1000,1,2,231143,DENV_3-colombia-BVBRC_genome_sequence,23251.82,15256.09,38507.91,55.23,36.24,91.47,91.47,421.0, sdumont6166,16250338.02
623.0,712,356,1106148.0,145064.0,145064.0,1106148.0,3563.52,4720.64,3563.52,4720.64,1.0,0,0.0,0.0,1000bs-1n-2th-231143s-DENV_3-colombia-BVBRC_genome_sequence,sequana_cpu_dev,1,11374508.0,1000,1,2,231143,DENV_3-colombia-BVBRC_genome_sequence,20105.65,12837.79,32943.44,56.8,36.26,93.06,93.06,354.0, sdumont6166,11727864.64
674.0,730,365,1100724.0,145144.0,145144.0,1100724.0,3768.32,4751.36,3768.32,4751.36,1.0,0,0.0,0.0,1000bs-1n-2th-231143s-DENV_3-colombia-BVBRC_genome_sequence,sequana_cpu_dev,1,11374509.0,1000,1,2,231143,DENV_3-colombia-BVBRC_genome_sequence,20531.79,13152.87,33684.66,56.41,36.13,92.54,92.54,364.0, sdumont6166,12294900.9
591.0,658,329,1100748.0,145408.0,145408.0,1100748.0,3317.76,4710.4,3317.76,4710.4,1.0,0,0.0,0.0,1000bs-1n-2th-231143s-DENV_3-colombia-BVBRC_genome_sequence,sequana_cpu_dev,1,11374511.0,1000,1,2,231143,DENV_3-colombia-BVBRC_genome_sequence,18902.95,13345.64,32248.6,57.63,40.69,98.32,98.32,328.0, sdumont6165,10609789.4
586.0,660,330,1100588.0,145048.0,145048.0,1100588.0,3338.24,4710.4,3338.24,4710.4,1.0,0,0.0,0.0,1000bs-1n-2th-231143s-DENV_3-colombia-BVBRC_genome_sequence,sequana_cpu_dev,1,11374512.0,1000,1,2,231143,DENV_3-colombia-BVBRC_genome_sequence,18984.56,13372.09,32356.65,57.7,40.64,98.35,98.35,329.0, sdumont6165,10677694.5
0.0,120,20,265348.0,3180.0,3180.0,265348.0,0.0,0.0,0.0,0.0,1.0,0,0.0,0.0,100bs-1n-6th-231143s-DENV_3-colombia-BVBRC_genome_sequence,sequana_cpu_dev,1,11374521.0,100,1,6,231143,DENV_3-colombia-BVBRC_genome_sequence,1447.8,721.07,2168.87,72.39,36.05,108.44,108.44,20.0, sdumont6165,43377.4
0.0,144,24,265348.0,3068.0,3068.0,265348.0,0.0,0.0,0.0,0.0,1.0,0,0.0,0.0,100bs-1n-6th-231143s-DENV_3-colombia-BVBRC_genome_sequence,sequana_cpu_dev,1,11374523.0,100,1,6,231143,DENV_3-colombia-BVBRC_genome_sequence,1747.55,887.34,2634.88,75.98,38.58,114.56,114.56,23.0, sdumont6165,63237.12
0.0,120,20,265348.0,3184.0,3184.0,265348.0,0.0,0.0,0.0,0.0,1.0,0,0.0,0.0,100bs-1n-6th-231143s-DENV_3-colombia-BVBRC_genome_sequence,sequana_cpu_dev,1,11374525.0,100,1,6,231143,DENV_3-colombia-BVBRC_genome_sequence,1449.03,720.44,2169.47,72.45,36.02,108.47,108.47,20.0, sdumont6165,43389.4
0.0,126,21,265348.0,3188.0,3188.0,265348.0,0.0,0.0,0.0,0.0,1.0,0,0.0,0.0,100bs-1n-6th-231143s-DENV_3-colombia-BVBRC_genome_sequence,sequana_cpu_dev,1,11374527.0,100,1,6,231143,DENV_3-colombia-BVBRC_genome_sequence,1449.19,719.52,2168.71,72.46,35.98,108.44,108.44,20.0, sdumont6165,45542.91
0.0,126,21,265348.0,3120.0,3120.0,265348.0,0.0,0.0,0.0,0.0,1.0,0,0.0,0.0,100bs-1n-6th-231143s-DENV_3-colombia-BVBRC_genome_sequence,sequana_cpu_dev,1,11374529.0,100,1,6,231143,DENV_3-colombia-BVBRC_genome_sequence,1520.71,757.99,2278.7,76.04,37.9,113.93,113.93,20.0, sdumont6165,47852.7
1062.0,1260,210,1370812.0,145512.0,145512.0,1370812.0,2447.36,4669.44,2447.36,4669.44,1.0,0,0.0,0.0,1000bs-1n-6th-231143s-DENV_3-colombia-BVBRC_genome_sequence,sequana_cpu_dev,1,11374530.0,1000,1,6,231143,DENV_3-colombia-BVBRC_genome_sequence,17092.52,8497.43,25589.96,81.78,40.66,122.44,122.44,209.0, sdumont6165,5373891.6
1067.0,1218,203,1370812.0,147584.0,147584.0,1370812.0,2447.36,4689.92,2447.36,4689.92,1.0,0,0.0,0.0,1000bs-1n-6th-231143s-DENV_3-colombia-BVBRC_genome_sequence,sequana_cpu_dev,1,11374531.0,1000,1,6,231143,DENV_3-colombia-BVBRC_genome_sequence,16652.02,8218.86,24870.89,82.03,40.49,122.52,122.52,203.0, sdumont6165,5048790.67
1070.0,1236,206,1370656.0,140932.0,140932.0,1370656.0,2447.36,4679.68,2447.36,4679.68,1.0,0,2.0,2.0,1000bs-1n-6th-231143s-DENV_3-colombia-BVBRC_genome_sequence,sequana_cpu_dev,1,11374533.0,1000,1,6,231143,DENV_3-colombia-BVBRC_genome_sequence,16790.48,8327.22,25117.7,81.51,40.42,121.93,121.93,206.0, sdumont6165,5174246.2
1242.0,1290,215,1370656.0,141028.0,141028.0,1370656.0,2662.4,4741.12,2662.4,4741.12,1.0,0,0.0,0.0,1000bs-1n-6th-231143s-DENV_3-colombia-BVBRC_genome_sequence,sequana_cpu_dev,1,11374534.0,1000,1,6,231143,DENV_3-colombia-BVBRC_genome_sequence,17305.55,8605.68,25911.23,81.63,40.59,122.22,122.22,212.0, sdumont6165,5570914.45
1068.0,1248,208,1370656.0,139060.0,139060.0,1370656.0,2447.36,4679.68,2447.36,4679.68,1.0,0,5.0,5.0,1000bs-1n-6th-231143s-DENV_3-colombia-BVBRC_genome_sequence,sequana_cpu_dev,1,11374536.0,1000,1,6,231143,DENV_3-colombia-BVBRC_genome_sequence,16966.97,8440.04,25407.01,81.97,40.77,122.74,122.74,207.0, sdumont6165,5284658.08
0.0,276,23,265348.0,1036.0,1036.0,265348.0,0.0,0.0,0.0,0.0,1.0,0,0.0,0.0,100bs-1n-12th-231143s-DENV_3-colombia-BVBRC_genome_sequence,sequana_cpu_dev,1,11374538.0,100,1,12,231143,DENV_3-colombia-BVBRC_genome_sequence,2007.97,826.19,2834.16,91.27,37.55,128.83,128.83,22.0, sdumont6165,65185.67999999999
0.0,312,26,265348.0,1032.0,1032.0,265348.0,0.0,0.0,0.0,0.0,1.0,0,0.0,0.0,100bs-1n-12th-231143s-DENV_3-colombia-BVBRC_genome_sequence,sequana_cpu_dev,1,11374539.0,100,1,12,231143,DENV_3-colombia-BVBRC_genome_sequence,2375.95,974.08,3350.04,99.0,40.59,139.58,139.58,24.0, sdumont6165,87101.04
0.0,276,23,265348.0,1036.0,1036.0,265348.0,0.0,0.0,0.0,0.0,1.0,0,0.0,0.0,100bs-1n-12th-231143s-DENV_3-colombia-BVBRC_genome_sequence,sequana_cpu_dev,1,11374541.0,100,1,12,231143,DENV_3-colombia-BVBRC_genome_sequence,2013.44,824.57,2838.01,91.52,37.48,129.0,129.0,22.0, sdumont6165,65274.23
0.0,276,23,265348.0,1036.0,1036.0,265348.0,0.0,0.0,0.0,0.0,1.0,0,0.0,0.0,100bs-1n-12th-231143s-DENV_3-colombia-BVBRC_genome_sequence,sequana_cpu_dev,1,11374542.0,100,1,12,231143,DENV_3-colombia-BVBRC_genome_sequence,1997.63,823.65,2821.29,90.8,37.44,128.24,128.24,22.0, sdumont6165,64889.67
0.0,276,23,265348.0,1040.0,1040.0,265348.0,0.0,0.0,0.0,0.0,1.0,0,0.0,0.0,100bs-1n-12th-231143s-DENV_3-colombia-BVBRC_genome_sequence,sequana_cpu_dev,1,11374544.0,100,1,12,231143,DENV_3-colombia-BVBRC_genome_sequence,1989.76,817.69,2807.45,90.44,37.17,127.61,127.61,22.0, sdumont6165,64571.35
2501.0,2640,220,1776228.0,145720.0,145720.0,1776228.0,2641.92,4730.88,2641.92,4730.88,1.0,0,8.0,8.0,1000bs-1n-12th-231143s-DENV_3-colombia-BVBRC_genome_sequence,sequana_cpu_dev,1,11374546.0,1000,1,12,231143,DENV_3-colombia-BVBRC_genome_sequence,21898.4,7982.08,29880.48,100.45,36.62,137.07,137.07,218.0, sdumont6166,6573705.6
2506.0,2592,216,1776232.0,147904.0,147904.0,1776232.0,2641.92,4741.12,2641.92,4741.12,1.0,0,4.0,4.0,1000bs-1n-12th-231143s-DENV_3-colombia-BVBRC_genome_sequence,sequana_cpu_dev,1,11374547.0,1000,1,12,231143,DENV_3-colombia-BVBRC_genome_sequence,21498.73,7796.61,29295.34,100.93,36.6,137.54,137.54,213.0, sdumont6166,6327793.44
2500.0,2688,224,1998904.0,147448.0,147448.0,1998904.0,2641.92,4720.64,2641.92,4720.64,1.0,0,7.0,7.0,1000bs-1n-12th-231143s-DENV_3-colombia-BVBRC_genome_sequence,sequana_cpu_dev,1,11374548.0,1000,1,12,231143,DENV_3-colombia-BVBRC_genome_sequence,22267.7,9066.04,31333.74,100.76,41.02,141.78,141.78,221.0, sdumont6165,7018757.760000001
2500.0,2664,222,1776092.0,143488.0,143488.0,1776092.0,2641.92,4720.64,2641.92,4720.64,1.0,0,1.0,1.0,1000bs-1n-12th-231143s-DENV_3-colombia-BVBRC_genome_sequence,sequana_cpu_dev,1,11374550.0,1000,1,12,231143,DENV_3-colombia-BVBRC_genome_sequence,22301.97,9074.21,31376.19,100.91,41.06,141.97,141.97,221.0, sdumont6165,6965514.18
2503.0,2592,216,1776232.0,141624.0,141624.0,1776232.0,2641.92,4741.12,2641.92,4741.12,1.0,0,6.0,6.0,1000bs-1n-12th-231143s-DENV_3-colombia-BVBRC_genome_sequence,sequana_cpu_dev,1,11374552.0,1000,1,12,231143,DENV_3-colombia-BVBRC_genome_sequence,21730.42,8776.14,30506.56,101.07,40.82,141.89,141.89,215.0, sdumont6165,6589416.96
0.0,486,27,265348.0,1040.0,1040.0,265348.0,0.0,0.0,0.0,0.0,1.0,0,0.0,0.0,100bs-1n-18th-231143s-DENV_3-colombia-BVBRC_genome_sequence,sequana_cpu_dev,1,11374554.0,100,1,18,231143,DENV_3-colombia-BVBRC_genome_sequence,2537.3,1014.53,3551.83,97.59,39.02,136.61,136.61,26.0, sdumont6165,95899.41
0.0,468,26,265348.0,3240.0,3240.0,265348.0,0.0,0.0,0.0,0.0,1.0,0,0.0,0.0,100bs-1n-18th-231143s-DENV_3-colombia-BVBRC_genome_sequence,sequana_cpu_dev,1,11374555.0,100,1,18,231143,DENV_3-colombia-BVBRC_genome_sequence,2502.82,1003.25,3506.06,100.11,40.13,140.24,140.24,25.0, sdumont6165,91157.56
0.0,504,28,265348.0,1032.0,1032.0,265348.0,0.0,0.0,0.0,0.0,1.0,0,0.0,0.0,100bs-1n-18th-231143s-DENV_3-colombia-BVBRC_genome_sequence,sequana_cpu_dev,1,11374556.0,100,1,18,231143,DENV_3-colombia-BVBRC_genome_sequence,2721.54,1084.33,3805.87,100.8,40.16,140.96,140.96,27.0, sdumont6165,106564.36
0.0,504,28,265348.0,3160.0,3160.0,265348.0,0.0,0.0,0.0,0.0,1.0,0,0.0,0.0,100bs-1n-18th-231143s-DENV_3-colombia-BVBRC_genome_sequence,sequana_cpu_dev,1,11374557.0,100,1,18,231143,DENV_3-colombia-BVBRC_genome_sequence,2498.17,998.59,3496.76,96.08,38.41,134.49,134.49,26.0, sdumont6165,97909.28
0.0,486,27,265348.0,1036.0,1036.0,265348.0,0.0,0.0,0.0,0.0,1.0,0,0.0,0.0,100bs-1n-18th-231143s-DENV_3-colombia-BVBRC_genome_sequence,sequana_cpu_dev,1,11374559.0,100,1,18,231143,DENV_3-colombia-BVBRC_genome_sequence,2591.47,1035.56,3627.03,99.67,39.83,139.5,139.5,26.0, sdumont6165,97929.81
4292.0,4554,253,2409992.0,151256.0,151256.0,2409992.0,2867.2,4730.88,2867.2,4730.88,1.0,0,22.0,22.0,1000bs-1n-18th-231143s-DENV_3-colombia-BVBRC_genome_sequence,sequana_cpu_dev,1,11374561.0,1000,1,18,231143,DENV_3-colombia-BVBRC_genome_sequence,25937.46,10283.62,36221.08,102.93,40.81,143.73,143.73,252.0, sdumont6165,9163933.24
4291.0,4554,253,2181616.0,147864.0,147864.0,2181616.0,2867.2,4730.88,2867.2,4730.88,1.0,0,6.0,6.0,1000bs-1n-18th-231143s-DENV_3-colombia-BVBRC_genome_sequence,sequana_cpu_dev,1,11374562.0,1000,1,18,231143,DENV_3-colombia-BVBRC_genome_sequence,26093.27,10309.22,36402.48,103.96,41.07,145.03,145.03,251.0, sdumont6165,9209827.44
4275.0,4590,255,2187176.0,147944.0,147944.0,2187176.0,2846.72,4720.64,2846.72,4720.64,1.0,0,144.0,144.0,1000bs-1n-18th-231143s-DENV_3-colombia-BVBRC_genome_sequence,sequana_cpu_dev,1,11374565.0,1000,1,18,231143,DENV_3-colombia-BVBRC_genome_sequence,26197.62,9289.88,35487.5,103.14,36.57,139.71,139.71,254.0, sdumont6166,9049312.5
4293.0,4572,254,2187172.0,145784.0,145784.0,2187172.0,2867.2,4730.88,2867.2,4730.88,1.0,0,25.0,25.0,1000bs-1n-18th-231143s-DENV_3-colombia-BVBRC_genome_sequence,sequana_cpu_dev,1,11374566.0,1000,1,18,231143,DENV_3-colombia-BVBRC_genome_sequence,25850.25,9219.06,35069.31,102.99,36.73,139.72,139.72,251.0, sdumont6166,8907604.74
4288.0,4626,257,2409992.0,149448.0,149448.0,2409992.0,2867.2,4720.64,2867.2,4720.64,1.0,0,17.0,17.0,1000bs-1n-18th-231143s-DENV_3-colombia-BVBRC_genome_sequence,sequana_cpu_dev,1,11374568.0,1000,1,18,231143,DENV_3-colombia-BVBRC_genome_sequence,26523.89,10522.35,37046.24,103.61,41.1,144.71,144.71,256.0, sdumont6165,9520883.68
0.0,720,30,265348.0,1040.0,1040.0,265348.0,0.0,0.0,0.0,0.0,1.0,0,0.0,0.0,100bs-1n-24th-231143s-DENV_3-colombia-BVBRC_genome_sequence,sequana_cpu_dev,1,11374570.0,100,1,24,231143,DENV_3-colombia-BVBRC_genome_sequence,3101.03,1127.99,4229.02,106.93,38.9,145.83,145.83,29.0, sdumont6165,126870.6
0.0,744,31,265348.0,1032.0,1032.0,265348.0,0.0,0.0,0.0,0.0,1.0,0,0.0,0.0,100bs-1n-24th-231143s-DENV_3-colombia-BVBRC_genome_sequence,sequana_cpu_dev,1,11374572.0,100,1,24,231143,DENV_3-colombia-BVBRC_genome_sequence,3320.17,1211.93,4532.1,110.67,40.4,151.07,151.07,30.0, sdumont6165,140495.1
702.0,768,32,2587152.0,142192.0,142192.0,2587152.0,1351.68,4259.84,1351.68,4259.84,1.0,0,10.0,10.0,100bs-1n-24th-231143s-DENV_3-colombia-BVBRC_genome_sequence,sequana_cpu_dev,1,11374574.0,100,1,24,231143,DENV_3-colombia-BVBRC_genome_sequence,3315.03,1191.64,4506.66,106.94,38.44,145.38,145.38,31.0, sdumont6165,144213.12
703.0,744,31,2587140.0,142388.0,142388.0,2587140.0,1351.68,4259.84,1351.68,4259.84,1.0,0,17.0,17.0,100bs-1n-24th-231143s-DENV_3-colombia-BVBRC_genome_sequence,sequana_cpu_dev,1,11374575.0,100,1,24,231143,DENV_3-colombia-BVBRC_genome_sequence,3408.05,1221.7,4629.75,113.6,40.72,154.32,154.32,30.0, sdumont6165,143522.25
0.0,720,30,265348.0,1040.0,1040.0,265348.0,0.0,0.0,0.0,0.0,1.0,0,0.0,0.0,100bs-1n-24th-231143s-DENV_3-colombia-BVBRC_genome_sequence,sequana_cpu_dev,1,11374576.0,100,1,24,231143,DENV_3-colombia-BVBRC_genome_sequence,3089.63,1121.93,4211.56,106.54,38.69,145.23,145.23,29.0, sdumont6165,126346.80000000002
6444.0,6888,287,2587160.0,146480.0,146480.0,2587160.0,3061.76,4720.64,3061.76,4720.64,1.0,0,37.0,37.0,1000bs-1n-24th-231143s-DENV_3-colombia-BVBRC_genome_sequence,sequana_cpu_dev,1,11374577.0,1000,1,24,231143,DENV_3-colombia-BVBRC_genome_sequence,33015.9,11968.34,44984.24,115.44,41.85,157.29,157.29,286.0, sdumont6165,12910476.88
6440.0,7080,295,2815244.0,147492.0,147492.0,2815244.0,3031.04,4710.4,3031.04,4710.4,1.0,0,21.0,21.0,1000bs-1n-24th-231143s-DENV_3-colombia-BVBRC_genome_sequence,sequana_cpu_dev,1,11374580.0,1000,1,24,231143,DENV_3-colombia-BVBRC_genome_sequence,33815.52,12202.33,46017.85,115.02,41.5,156.52,156.52,294.0, sdumont6165,13575265.75
7142.0,7272,303,2592572.0,148412.0,148412.0,2592572.0,3256.32,4751.36,3256.32,4751.36,1.0,0,14.0,14.0,1000bs-1n-24th-231143s-DENV_3-colombia-BVBRC_genome_sequence,sequana_cpu_dev,1,11374581.0,1000,1,24,231143,DENV_3-colombia-BVBRC_genome_sequence,35257.11,12559.16,47816.26,116.75,41.59,158.33,158.33,302.0, sdumont6165,14488326.78
6446.0,6720,280,2592572.0,150192.0,150192.0,2592572.0,3072.0,4741.12,3072.0,4741.12,1.0,0,27.0,27.0,1000bs-1n-24th-231143s-DENV_3-colombia-BVBRC_genome_sequence,sequana_cpu_dev,1,11374583.0,1000,1,24,231143,DENV_3-colombia-BVBRC_genome_sequence,32307.16,11574.21,43881.37,116.21,41.63,157.85,157.85,278.0, sdumont6165,12286783.6
6444.0,6816,284,2587012.0,152088.0,152088.0,2587012.0,3082.24,4730.88,3082.24,4730.88,1.0,0,37.0,37.0,1000bs-1n-24th-231143s-DENV_3-colombia-BVBRC_genome_sequence,sequana_cpu_dev,1,11374588.0,1000,1,24,231143,DENV_3-colombia-BVBRC_genome_sequence,32842.71,11739.64,44582.35,116.05,41.48,157.53,157.53,283.0, sdumont6165,12661387.4
875.0,1260,42,2992552.0,143848.0,143848.0,2992552.0,1351.68,4249.6,1351.68,4249.6,1.0,0,13.0,13.0,100bs-1n-30th-231143s-DENV_3-colombia-BVBRC_genome_sequence,sequana_cpu_dev,1,11374589.0,100,1,30,231143,DENV_3-colombia-BVBRC_genome_sequence,4453.26,3203.44,7656.7,108.62,78.13,186.75,186.75,41.0, sdumont6165,321581.4
846.0,1470,49,2992700.0,143880.0,143880.0,2992700.0,1351.68,4249.6,1351.68,4249.6,1.0,0,31.0,31.0,100bs-1n-30th-231143s-DENV_3-colombia-BVBRC_genome_sequence,sequana_cpu_dev,1,11374591.0,100,1,30,231143,DENV_3-colombia-BVBRC_genome_sequence,5048.75,3472.88,8521.63,107.42,73.89,181.31,181.31,47.0, sdumont6166,417559.87
879.0,1260,42,2992552.0,143408.0,143408.0,2992552.0,1351.68,4249.6,1351.68,4249.6,1.0,0,18.0,18.0,100bs-1n-30th-231143s-DENV_3-colombia-BVBRC_genome_sequence,sequana_cpu_dev,1,11374594.0,100,1,30,231143,DENV_3-colombia-BVBRC_genome_sequence,4371.62,3095.87,7467.49,109.29,77.4,186.69,186.69,40.0, sdumont6166,313634.58
879.0,1200,40,2992552.0,143932.0,143932.0,2992552.0,1351.68,4249.6,1351.68,4249.6,1.0,0,19.0,19.0,100bs-1n-30th-231143s-DENV_3-colombia-BVBRC_genome_sequence,sequana_cpu_dev,1,11374595.0,100,1,30,231143,DENV_3-colombia-BVBRC_genome_sequence,3927.62,2775.55,6703.16,103.36,73.04,176.4,176.4,38.0, sdumont6166,268126.4
879.0,1230,41,2992700.0,143976.0,143976.0,2992700.0,1351.68,4249.6,1351.68,4249.6,1.0,0,11.0,11.0,100bs-1n-30th-231143s-DENV_3-colombia-BVBRC_genome_sequence,sequana_cpu_dev,1,11374596.0,100,1,30,231143,DENV_3-colombia-BVBRC_genome_sequence,4143.98,2934.28,7078.26,103.6,73.36,176.96,176.96,40.0, sdumont6166,290208.66000000003
10743.0,11760,392,2998436.0,154820.0,154820.0,2998436.0,4413.44,5150.72,4413.44,5150.72,1.0,0,0.0,12.0,1000bs-1n-30th-231143s-DENV_3-colombia-BVBRC_genome_sequence,sequana_cpu_dev,1,11374597.0,1000,1,30,231143,DENV_3-colombia-BVBRC_genome_sequence,42733.35,30202.24,72935.59,109.85,77.64,187.5,187.5,389.0, sdumont6166,28590751.28
11527.0,11790,393,3215516.0,152640.0,152640.0,3215516.0,3911.68,4761.6,3911.68,4761.6,1.0,0,165.0,165.0,1000bs-1n-30th-231143s-DENV_3-colombia-BVBRC_genome_sequence,sequana_cpu_dev,1,11374599.0,1000,1,30,231143,DENV_3-colombia-BVBRC_genome_sequence,42959.65,31451.55,74411.2,109.87,80.44,190.31,190.31,391.0, sdumont6165,29243601.6
12526.0,13470,449,3220944.0,156244.0,156244.0,3220944.0,4136.96,4730.88,4136.96,4730.88,1.0,0,28.0,28.0,1000bs-1n-30th-231143s-DENV_3-colombia-BVBRC_genome_sequence,sequana_cpu_dev,1,11374602.0,1000,1,30,231143,DENV_3-colombia-BVBRC_genome_sequence,49813.86,34271.11,84084.97,111.19,76.5,187.69,187.69,448.0, sdumont6166,37754151.53
12528.0,13410,447,3215388.0,152804.0,152804.0,3215388.0,4126.72,4730.88,4126.72,4730.88,1.0,0,27.0,27.0,1000bs-1n-30th-231143s-DENV_3-colombia-BVBRC_genome_sequence,sequana_cpu_dev,1,11374603.0,1000,1,30,231143,DENV_3-colombia-BVBRC_genome_sequence,49197.14,34138.34,83335.47,110.56,76.72,187.27,187.27,445.0, sdumont6166,37250955.09
10744.0,11610,387,2998436.0,151716.0,151716.0,2998436.0,3706.88,4720.64,3706.88,4720.64,1.0,0,30.0,30.0,1000bs-1n-30th-231143s-DENV_3-colombia-BVBRC_genome_sequence,sequana_cpu_dev,1,11374605.0,1000,1,30,231143,DENV_3-colombia-BVBRC_genome_sequence,42399.37,30951.13,73350.5,110.13,80.39,190.52,190.52,385.0, sdumont6165,28386643.5
1049.0,1800,50,3398212.0,144160.0,144160.0,3398212.0,1351.68,4239.36,1351.68,4239.36,1.0,0,18.0,18.0,100bs-1n-36th-231143s-DENV_3-colombia-BVBRC_genome_sequence,sequana_cpu_dev,1,11374607.0,100,1,36,231143,DENV_3-colombia-BVBRC_genome_sequence,5344.0,4722.76,10066.76,109.06,96.38,205.44,205.44,49.0, sdumont6165,503338.0
1052.0,1620,45,3398360.0,144108.0,144108.0,3398360.0,1351.68,4249.6,1351.68,4249.6,1.0,0,24.0,24.0,100bs-1n-36th-231143s-DENV_3-colombia-BVBRC_genome_sequence,sequana_cpu_dev,1,11374608.0,100,1,36,231143,DENV_3-colombia-BVBRC_genome_sequence,4631.45,4216.1,8847.55,105.26,95.82,201.08,201.08,44.0, sdumont6165,398139.75
1051.0,1692,47,3398212.0,144252.0,144252.0,3398212.0,1351.68,4249.6,1351.68,4249.6,1.0,0,18.0,18.0,100bs-1n-36th-231143s-DENV_3-colombia-BVBRC_genome_sequence,sequana_cpu_dev,1,11374609.0,100,1,36,231143,DENV_3-colombia-BVBRC_genome_sequence,4926.9,4360.25,9287.15,109.49,96.89,206.38,206.38,45.0, sdumont6165,436496.05
990.0,2808,78,3398376.0,144012.0,144012.0,3398376.0,1351.68,4249.6,1351.68,4249.6,1.0,0,267.0,267.0,100bs-1n-36th-231143s-DENV_3-colombia-BVBRC_genome_sequence,sequana_cpu_dev,1,11374610.0,100,1,36,231143,DENV_3-colombia-BVBRC_genome_sequence,5132.54,4448.69,9581.23,114.06,98.86,212.92,212.92,45.0, sdumont6081,747335.94
1054.0,1620,45,3398212.0,147988.0,147988.0,3398212.0,1351.68,4249.6,1351.68,4249.6,1.0,0,20.0,20.0,100bs-1n-36th-231143s-DENV_3-colombia-BVBRC_genome_sequence,sequana_cpu_dev,1,11374612.0,100,1,36,231143,DENV_3-colombia-BVBRC_genome_sequence,4999.79,4329.21,9329.0,119.04,103.08,222.12,222.12,42.0, sdumont6081,419805.0
16121.0,17064,474,3403836.0,151628.0,151628.0,3403836.0,4362.24,4741.12,4362.24,4741.12,1.0,0,28.0,28.0,1000bs-1n-36th-231143s-DENV_3-colombia-BVBRC_genome_sequence,sequana_cpu_dev,1,11374613.0,1000,1,36,231143,DENV_3-colombia-BVBRC_genome_sequence,56290.1,48018.57,104308.67,119.26,101.73,220.99,220.99,472.0, sdumont6081,49442309.58
16089.0,16488,458,3626504.0,154956.0,154956.0,3626504.0,4362.24,4751.36,4362.24,4751.36,1.0,0,34.0,34.0,1000bs-1n-36th-231143s-DENV_3-colombia-BVBRC_genome_sequence,sequana_cpu_dev,1,11374616.0,1000,1,36,231143,DENV_3-colombia-BVBRC_genome_sequence,54520.62,47287.29,101807.91,119.56,103.7,223.26,223.26,456.0, sdumont6081,46628022.78
17084.0,17892,497,3620920.0,153356.0,153356.0,3620920.0,4587.52,4751.36,4587.52,4751.36,0.0,0,286.0,286.0,1000bs-1n-36th-231143s-DENV_3-colombia-BVBRC_genome_sequence,sequana_cpu_dev,1,11374619.0,1000,1,36,231143,DENV_3-colombia-BVBRC_genome_sequence,54722.52,51172.65,105895.17,110.33,103.17,213.5,213.5,496.0, sdumont6168,52629899.49
16105.0,17316,481,3403668.0,151432.0,151432.0,3403668.0,4352.0,4730.88,4352.0,4730.88,1.0,0,22.0,22.0,1000bs-1n-36th-231143s-DENV_3-colombia-BVBRC_genome_sequence,sequana_cpu_dev,1,11374627.0,1000,1,36,231143,DENV_3-colombia-BVBRC_genome_sequence,53673.73,49384.33,103058.06,112.05,103.1,215.15,215.15,479.0, sdumont6168,49570926.86
16102.0,16452,457,3621068.0,155280.0,155280.0,3621068.0,4362.24,4761.6,4362.24,4761.6,1.0,0,32.0,32.0,1000bs-1n-36th-231143s-DENV_3-colombia-BVBRC_genome_sequence,sequana_cpu_dev,1,11374632.0,1000,1,36,231143,DENV_3-colombia-BVBRC_genome_sequence,50475.73,44065.21,94540.94,110.94,96.85,207.78,207.78,455.0, sdumont6166,43205209.58
1226.0,2100,50,3803648.0,145784.0,145784.0,3803648.0,1351.68,4249.6,1351.68,4249.6,1.0,0,27.0,27.0,100bs-1n-42th-231143s-DENV_3-colombia-BVBRC_genome_sequence,sequana_cpu_dev,1,11374634.0,100,1,42,231143,DENV_3-colombia-BVBRC_genome_sequence,5088.15,4593.23,9681.38,106.0,95.69,201.7,201.7,48.0, sdumont6166,484069.0
1150.0,2142,51,3803648.0,143488.0,143488.0,3803648.0,1351.68,4239.36,1351.68,4239.36,1.0,0,53.0,53.0,100bs-1n-42th-231143s-DENV_3-colombia-BVBRC_genome_sequence,sequana_cpu_dev,1,11374635.0,100,1,42,231143,DENV_3-colombia-BVBRC_genome_sequence,5198.47,4886.29,10084.77,103.97,97.73,201.7,201.7,50.0, sdumont6165,514323.27
1225.0,2016,48,3803648.0,145220.0,145220.0,3803648.0,1351.68,4249.6,1351.68,4249.6,1.0,0,37.0,37.0,100bs-1n-42th-231143s-DENV_3-colombia-BVBRC_genome_sequence,sequana_cpu_dev,1,11374637.0,100,1,42,231143,DENV_3-colombia-BVBRC_genome_sequence,4920.77,4596.33,9517.1,104.7,97.79,202.49,202.49,47.0, sdumont6165,456820.8000000001
1133.0,1974,47,3803648.0,143500.0,143500.0,3803648.0,1351.68,4249.6,1351.68,4249.6,1.0,0,286.0,286.0,100bs-1n-42th-231143s-DENV_3-colombia-BVBRC_genome_sequence,sequana_cpu_dev,1,11374639.0,100,1,42,231143,DENV_3-colombia-BVBRC_genome_sequence,5247.37,4456.09,9703.47,116.61,99.02,215.63,215.63,45.0, sdumont6167,456063.09
1226.0,2016,48,3803648.0,143420.0,143420.0,3803648.0,1351.68,4249.6,1351.68,4249.6,1.0,0,50.0,50.0,100bs-1n-42th-231143s-DENV_3-colombia-BVBRC_genome_sequence,sequana_cpu_dev,1,11374641.0,100,1,42,231143,DENV_3-colombia-BVBRC_genome_sequence,5341.23,4595.8,9937.03,116.11,99.91,216.02,216.02,46.0, sdumont6167,476977.44000000006
21301.0,21966,523,3809372.0,154748.0,154748.0,3809372.0,4782.08,4761.6,4782.08,4761.6,1.0,0,44.0,44.0,1000bs-1n-42th-231143s-DENV_3-colombia-BVBRC_genome_sequence,sequana_cpu_dev,1,11374642.0,1000,1,42,231143,DENV_3-colombia-BVBRC_genome_sequence,63519.48,54991.09,118510.57,121.68,105.35,227.03,227.03,522.0, sdumont6167,61981028.11000001
17529.0,18606,443,4031896.0,152840.0,152840.0,4031896.0,4136.96,4741.12,4136.96,4741.12,1.0,0,45.0,45.0,1000bs-1n-42th-231143s-DENV_3-colombia-BVBRC_genome_sequence,sequana_cpu_dev,1,11374645.0,1000,1,42,231143,DENV_3-colombia-BVBRC_genome_sequence,54707.72,46726.75,101434.47,124.05,105.96,230.01,230.01,441.0, sdumont6167,44935470.21
22444.0,23352,556,4031896.0,155284.0,155284.0,4031896.0,5007.36,4751.36,5007.36,4751.36,1.0,0,296.0,296.0,1000bs-1n-42th-231143s-DENV_3-colombia-BVBRC_genome_sequence,sequana_cpu_dev,1,11374648.0,1000,1,42,231143,DENV_3-colombia-BVBRC_genome_sequence,61017.54,57545.78,118563.33,109.94,103.69,213.63,213.63,555.0, sdumont6165,65921211.48
21304.0,21462,511,4026476.0,153296.0,153296.0,4026476.0,5048.32,5089.28,5048.32,5089.28,1.0,0,20.0,20.0,1000bs-1n-42th-231143s-DENV_3-colombia-BVBRC_genome_sequence,sequana_cpu_dev,1,11374652.0,1000,1,42,231143,DENV_3-colombia-BVBRC_genome_sequence,55920.48,52717.8,108638.28,109.65,103.37,213.02,213.02,510.0, sdumont6165,55514161.08
17549.0,18354,437,4031896.0,153640.0,153640.0,4031896.0,4126.72,4741.12,4126.72,4741.12,1.0,0,25.0,25.0,1000bs-1n-42th-231143s-DENV_3-colombia-BVBRC_genome_sequence,sequana_cpu_dev,1,11374655.0,1000,1,42,231143,DENV_3-colombia-BVBRC_genome_sequence,47595.55,44686.66,92282.21,109.42,102.73,212.14,212.14,435.0, sdumont6165,40327325.77
1398.0,2688,56,4209492.0,145664.0,145664.0,4209492.0,1351.68,4239.36,1351.68,4239.36,1.0,0,42.0,42.0,100bs-1n-48th-231143s-DENV_3-colombia-BVBRC_genome_sequence,sequana_cpu_dev,1,11374659.0,100,1,48,231143,DENV_3-colombia-BVBRC_genome_sequence,5922.46,6146.03,12068.49,109.68,113.82,223.49,223.49,54.0, sdumont6165,675835.44
1396.0,2832,59,4209196.0,145920.0,145920.0,4209196.0,1351.68,4239.36,1351.68,4239.36,1.0,0,27.0,27.0,100bs-1n-48th-231143s-DENV_3-colombia-BVBRC_genome_sequence,sequana_cpu_dev,1,11374660.0,100,1,48,231143,DENV_3-colombia-BVBRC_genome_sequence,6160.89,6343.3,12504.19,108.09,111.29,219.37,219.37,57.0, sdumont6165,737747.2100000001
1398.0,2688,56,4209484.0,145548.0,145548.0,4209484.0,1351.68,4239.36,1351.68,4239.36,1.0,0,51.0,51.0,100bs-1n-48th-231143s-DENV_3-colombia-BVBRC_genome_sequence,sequana_cpu_dev,1,11374662.0,100,1,48,231143,DENV_3-colombia-BVBRC_genome_sequence,5873.92,6088.64,11962.56,108.78,112.75,221.53,221.53,54.0, sdumont6165,669903.36
1396.0,2544,53,4209196.0,145408.0,145408.0,4209196.0,1351.68,4239.36,1351.68,4239.36,0.0,0,41.0,41.0,100bs-1n-48th-231143s-DENV_3-colombia-BVBRC_genome_sequence,sequana_cpu_dev,1,11374663.0,100,1,48,231143,DENV_3-colombia-BVBRC_genome_sequence,5454.93,5686.86,11141.79,106.96,111.51,218.47,218.47,51.0, sdumont6165,590514.87
1398.0,2784,58,4209196.0,143640.0,143640.0,4209196.0,1351.68,4239.36,1351.68,4239.36,1.0,0,47.0,47.0,100bs-1n-48th-231143s-DENV_3-colombia-BVBRC_genome_sequence,sequana_cpu_dev,1,11374665.0,100,1,48,231143,DENV_3-colombia-BVBRC_genome_sequence,6103.01,6380.7,12483.71,108.98,113.94,222.92,222.92,56.0, sdumont6165,724055.1799999999
22905.0,24384,508,4214908.0,151196.0,151196.0,4214908.0,4608.0,4741.12,4608.0,4741.12,1.0,0,18.0,18.0,1000bs-1n-48th-231143s-DENV_3-colombia-BVBRC_genome_sequence,sequana_cpu_dev,1,11374666.0,1000,1,48,231143,DENV_3-colombia-BVBRC_genome_sequence,56449.08,58844.14,115293.23,111.34,116.06,227.4,227.4,507.0, sdumont6165,58568960.84
21470.0,22656,472,4209496.0,153632.0,153632.0,4209496.0,4382.72,4741.12,4382.72,4741.12,1.0,0,30.0,30.0,1000bs-1n-48th-231143s-DENV_3-colombia-BVBRC_genome_sequence,sequana_cpu_dev,1,11374671.0,1000,1,48,231143,DENV_3-colombia-BVBRC_genome_sequence,52595.35,55046.1,107641.45,111.91,117.12,229.02,229.02,470.0, sdumont6165,50806764.4
22901.0,23664,493,4214908.0,155520.0,155520.0,4214908.0,4587.52,4751.36,4587.52,4751.36,1.0,0,72.0,72.0,1000bs-1n-48th-231143s-DENV_3-colombia-BVBRC_genome_sequence,sequana_cpu_dev,1,11374675.0,1000,1,48,231143,DENV_3-colombia-BVBRC_genome_sequence,55183.72,57364.39,112548.1,112.39,116.83,229.22,229.22,491.0, sdumont6165,55486213.3
22895.0,23376,487,4432308.0,156464.0,156464.0,4432308.0,4608.0,4761.6,4608.0,4761.6,1.0,0,26.0,26.0,1000bs-1n-48th-231143s-DENV_3-colombia-BVBRC_genome_sequence,sequana_cpu_dev,1,11374678.0,1000,1,48,231143,DENV_3-colombia-BVBRC_genome_sequence,54132.12,56711.46,110843.58,111.61,116.93,228.54,228.54,485.0, sdumont6165,53980823.46
24325.0,24768,516,4209348.0,151468.0,151468.0,4209348.0,4833.28,4761.6,4833.28,4761.6,1.0,0,33.0,33.0,1000bs-1n-48th-231143s-DENV_3-colombia-BVBRC_genome_sequence,sequana_cpu_dev,1,11374679.0,1000,1,48,231143,DENV_3-colombia-BVBRC_genome_sequence,57630.44,60128.62,117759.06,112.12,116.98,229.1,229.1,514.0, sdumont6165,60763674.96
0.0,80,20,265348.0,3156.0,3108.0,265348.0,0.0,0.0,0.0,0.0,1.0,0,0.0,0.0,100bs-2n-2th-231143s-DENV_3-colombia-BVBRC_genome_sequence,sequana_cpu_dev,2,11374682.0,100,1,2,231143,DENV_3-colombia-BVBRC_genome_sequence,2186.12,1515.86,3701.98,115.06,79.78,194.84,97.42,19.0, sdumont6168,74039.6
0.0,84,21,265348.0,3148.0,3140.0,265348.0,0.0,0.0,0.0,0.0,1.0,0,0.0,0.0,100bs-2n-2th-231143s-DENV_3-colombia-BVBRC_genome_sequence,sequana_cpu_dev,2,11374683.0,100,1,2,231143,DENV_3-colombia-BVBRC_genome_sequence,2354.61,1635.13,3989.73,117.73,81.76,199.49,99.74,20.0, sdumont6168,83784.33
0.0,76,19,265348.0,3080.0,3070.0,265348.0,0.0,0.0,0.0,0.0,1.0,0,0.0,0.0,100bs-2n-2th-231143s-DENV_3-colombia-BVBRC_genome_sequence,sequana_cpu_dev,2,11374684.0,100,1,2,231143,DENV_3-colombia-BVBRC_genome_sequence,1909.79,1305.63,3215.42,112.34,76.8,189.14,94.57,17.0, sdumont6168,61092.98
0.0,76,19,265348.0,3132.0,3110.0,265348.0,0.0,0.0,0.0,0.0,1.0,0,0.0,0.0,100bs-2n-2th-231143s-DENV_3-colombia-BVBRC_genome_sequence,sequana_cpu_dev,2,11374685.0,100,1,2,231143,DENV_3-colombia-BVBRC_genome_sequence,2159.62,1467.95,3627.57,119.98,81.55,201.53,100.77,18.0, sdumont6168,68923.83
0.0,80,20,265348.0,3080.0,3074.0,265348.0,0.0,0.0,0.0,0.0,1.0,0,0.0,0.0,100bs-2n-2th-231143s-DENV_3-colombia-BVBRC_genome_sequence,sequana_cpu_dev,2,11374686.0,100,1,2,231143,DENV_3-colombia-BVBRC_genome_sequence,2156.05,1478.86,3634.91,113.48,77.83,191.31,95.66,19.0, sdumont6168,72698.2
290.0,680,170,1107052.0,155396.0,148302.0,1113136.0,2242.56,4454.4,2242.56,4454.4,1.0,0,0.0,0.0,1000bs-2n-2th-231143s-DENV_3-colombia-BVBRC_genome_sequence,sequana_cpu_dev,2,11374687.0,1000,1,2,231143,DENV_3-colombia-BVBRC_genome_sequence,21048.54,14308.18,35356.72,124.55,84.66,209.21,104.61,169.0, sdumont6168,6010642.4
285.0,692,173,1218384.0,153148.0,146880.0,1323632.0,2242.56,4444.16,2242.56,4444.16,1.0,0,118.0,236.0,1000bs-2n-2th-231143s-DENV_3-colombia-BVBRC_genome_sequence,sequana_cpu_dev,2,11374688.0,1000,1,2,231143,DENV_3-colombia-BVBRC_genome_sequence,19358.51,13055.75,32414.25,112.55,75.91,188.45,94.23,172.0, sdumont6165,5607665.25
337.0,728,182,1335232.0,152724.0,148652.0,1341392.0,2457.6,4485.12,2478.08,4485.12,1.0,0,0.0,0.0,1000bs-2n-2th-231143s-DENV_3-colombia-BVBRC_genome_sequence,sequana_cpu_dev,2,11374690.0,1000,1,2,231143,DENV_3-colombia-BVBRC_genome_sequence,20381.11,13834.4,34215.52,112.6,76.43,189.04,94.52,181.0, sdumont6165,6227224.64
322.0,828,207,1109900.0,153328.0,148222.0,1113104.0,2478.08,4464.64,2478.08,4464.64,1.0,0,118.0,236.0,1000bs-2n-2th-231143s-DENV_3-colombia-BVBRC_genome_sequence,sequana_cpu_dev,2,11374692.0,1000,1,2,231143,DENV_3-colombia-BVBRC_genome_sequence,25468.21,17354.62,42822.83,123.63,84.25,207.88,103.94,206.0, sdumont6167,8864325.81
319.0,808,202,1109756.0,155492.0,149454.0,1118696.0,2478.08,4454.4,2478.08,4454.4,1.0,0,0.0,0.0,1000bs-2n-2th-231143s-DENV_3-colombia-BVBRC_genome_sequence,sequana_cpu_dev,2,11374694.0,1000,1,2,231143,DENV_3-colombia-BVBRC_genome_sequence,24927.17,17051.68,41978.85,124.02,84.83,208.85,104.42,201.0, sdumont6167,8479727.7
0.0,192,16,265348.0,3124.0,2080.0,265348.0,0.0,0.0,0.0,0.0,1.0,0,0.0,0.0,100bs-2n-6th-231143s-DENV_3-colombia-BVBRC_genome_sequence,sequana_cpu_dev,2,11374696.0,100,1,6,231143,DENV_3-colombia-BVBRC_genome_sequence,2192.83,1098.58,3291.41,168.68,84.51,253.19,126.59,13.0, sdumont6167,52662.56
0.0,156,13,265348.0,3092.0,2066.0,265348.0,0.0,0.0,0.0,0.0,1.0,0,0.0,0.0,100bs-2n-6th-231143s-DENV_3-colombia-BVBRC_genome_sequence,sequana_cpu_dev,2,11374698.0,100,1,6,231143,DENV_3-colombia-BVBRC_genome_sequence,1916.67,940.54,2857.21,159.72,78.38,238.1,119.05,12.0, sdumont6167,37143.73
0.0,144,12,265348.0,3168.0,3146.0,265348.0,0.0,0.0,0.0,0.0,1.0,0,0.0,0.0,100bs-2n-6th-231143s-DENV_3-colombia-BVBRC_genome_sequence,sequana_cpu_dev,2,11374699.0,100,1,6,231143,DENV_3-colombia-BVBRC_genome_sequence,1907.27,939.94,2847.21,173.39,85.45,258.84,129.42,11.0, sdumont6167,34166.520000000004
0.0,180,15,265348.0,3180.0,3142.0,265348.0,0.0,0.0,0.0,0.0,1.0,0,0.0,0.0,100bs-2n-6th-231143s-DENV_3-colombia-BVBRC_genome_sequence,sequana_cpu_dev,2,11374702.0,100,1,6,231143,DENV_3-colombia-BVBRC_genome_sequence,2231.54,1113.98,3345.52,165.15,82.68,247.84,123.92,13.5, sdumont6167,50182.8
0.0,168,14,265348.0,3104.0,2070.0,265348.0,0.0,0.0,0.0,0.0,1.0,0,0.0,0.0,100bs-2n-6th-231143s-DENV_3-colombia-BVBRC_genome_sequence,sequana_cpu_dev,2,11374703.0,100,1,6,231143,DENV_3-colombia-BVBRC_genome_sequence,1854.61,928.45,2783.07,142.66,71.42,214.08,107.04,13.0, sdumont6167,38962.98
697.0,1512,126,1379812.0,151696.0,147598.0,1388640.0,2027.52,4474.88,2027.52,4485.12,1.0,0,1.0,3.0,1000bs-2n-6th-231143s-DENV_3-colombia-BVBRC_genome_sequence,sequana_cpu_dev,2,11374704.0,1000,1,6,231143,DENV_3-colombia-BVBRC_genome_sequence,21606.63,10588.38,32195.01,172.85,84.71,257.56,128.78,125.0, sdumont6167,4056571.26
690.0,1476,123,1491166.0,155804.0,149672.0,1611360.0,2027.52,4474.88,2027.52,4485.12,1.0,0,52.0,104.0,1000bs-2n-6th-231143s-DENV_3-colombia-BVBRC_genome_sequence,sequana_cpu_dev,2,11374708.0,1000,1,6,231143,DENV_3-colombia-BVBRC_genome_sequence,19480.59,9305.16,28785.75,159.68,76.27,235.95,117.97,122.0, sdumont6165,3540647.25
693.0,1500,125,1488354.0,153668.0,148468.0,1605892.0,2027.52,4474.88,2037.76,4474.88,1.0,0,0.0,0.0,1000bs-2n-6th-231143s-DENV_3-colombia-BVBRC_genome_sequence,sequana_cpu_dev,2,11374709.0,1000,1,6,231143,DENV_3-colombia-BVBRC_genome_sequence,19699.31,9400.39,29099.7,158.87,75.81,234.67,117.34,124.0, sdumont6165,3637462.5
693.0,1548,129,1377046.0,149332.0,144364.0,1383128.0,2027.52,4464.64,2027.52,4474.88,1.0,0,1.0,1.0,1000bs-2n-6th-231143s-DENV_3-colombia-BVBRC_genome_sequence,sequana_cpu_dev,2,11374710.0,1000,1,6,231143,DENV_3-colombia-BVBRC_genome_sequence,20378.87,9702.71,30081.58,159.21,75.8,235.01,117.51,128.0, sdumont6165,3880523.82
697.0,1464,122,1377042.0,155344.0,147428.0,1383108.0,2027.52,4474.88,2027.52,4485.12,1.0,0,1.0,2.0,1000bs-2n-6th-231143s-DENV_3-colombia-BVBRC_genome_sequence,sequana_cpu_dev,2,11374715.0,1000,1,6,231143,DENV_3-colombia-BVBRC_genome_sequence,19310.12,9195.02,28505.13,159.59,75.99,235.58,117.79,121.0, sdumont6165,3477625.8600000003
0.0,384,16,265348.0,3140.0,2084.0,265348.0,0.0,0.0,0.0,0.0,1.0,0,0.0,0.0,100bs-2n-12th-231143s-DENV_3-colombia-BVBRC_genome_sequence,sequana_cpu_dev,2,11374718.0,100,1,12,231143,DENV_3-colombia-BVBRC_genome_sequence,2760.6,1081.56,3842.16,184.04,72.1,256.14,128.07,15.0, sdumont6165,61474.56
0.0,336,14,265348.0,1032.0,1030.0,265348.0,0.0,0.0,0.0,0.0,1.0,0,0.0,0.0,100bs-2n-12th-231143s-DENV_3-colombia-BVBRC_genome_sequence,sequana_cpu_dev,2,11374719.0,100,1,12,231143,DENV_3-colombia-BVBRC_genome_sequence,2089.69,836.73,2926.42,160.75,64.36,225.11,112.55,13.0, sdumont6165,40969.880000000005
0.0,384,16,265348.0,1032.0,1030.0,265348.0,0.0,0.0,0.0,0.0,2.0,0,0.0,0.0,100bs-2n-12th-231143s-DENV_3-colombia-BVBRC_genome_sequence,sequana_cpu_dev,2,11374721.0,100,1,12,231143,DENV_3-colombia-BVBRC_genome_sequence,2514.58,996.7,3511.29,167.64,66.45,234.09,117.04,15.0, sdumont6165,56180.64
0.0,336,14,265348.0,1036.0,1036.0,265348.0,0.0,0.0,0.0,0.0,1.0,0,0.0,0.0,100bs-2n-12th-231143s-DENV_3-colombia-BVBRC_genome_sequence,sequana_cpu_dev,2,11374722.0,100,1,12,231143,DENV_3-colombia-BVBRC_genome_sequence,2149.05,847.19,2996.24,165.31,65.17,230.48,115.24,13.0, sdumont6165,41947.36
0.0,312,13,265348.0,1036.0,1034.0,265348.0,0.0,0.0,0.0,0.0,1.0,0,0.0,0.0,100bs-2n-12th-231143s-DENV_3-colombia-BVBRC_genome_sequence,sequana_cpu_dev,2,11374724.0,100,1,12,231143,DENV_3-colombia-BVBRC_genome_sequence,2147.47,850.85,2998.32,178.96,70.9,249.86,124.93,12.0, sdumont6165,38978.16
1403.0,3336,139,1782368.0,153928.0,146792.0,1788516.0,2027.52,4444.16,2027.52,4444.16,1.0,0,4.0,6.0,1000bs-2n-12th-231143s-DENV_3-colombia-BVBRC_genome_sequence,sequana_cpu_dev,2,11374726.0,1000,1,12,231143,DENV_3-colombia-BVBRC_genome_sequence,27846.56,10569.13,38415.69,201.79,76.59,278.37,139.19,138.0, sdumont6165,5339780.91
1414.0,3072,128,1896464.0,162096.0,150814.0,2016708.0,2027.52,4464.64,2027.52,4474.88,1.0,0,2.0,4.0,1000bs-2n-12th-231143s-DENV_3-colombia-BVBRC_genome_sequence,sequana_cpu_dev,2,11374728.0,1000,1,12,231143,DENV_3-colombia-BVBRC_genome_sequence,25511.54,9761.6,35273.14,202.47,77.47,279.95,139.97,126.0, sdumont6165,4514961.92
1399.0,3480,145,1782440.0,156100.0,147838.0,1788516.0,2027.52,4433.92,2027.52,4433.92,1.0,0,189.0,373.0,1000bs-2n-12th-231143s-DENV_3-colombia-BVBRC_genome_sequence,sequana_cpu_dev,2,11374732.0,1000,1,12,231143,DENV_3-colombia-BVBRC_genome_sequence,29169.76,11042.3,40212.05,202.57,76.68,279.25,139.63,144.0, sdumont6165,5830747.25
1404.0,3552,148,1782348.0,153816.0,146722.0,1788476.0,2027.52,4444.16,2027.52,4444.16,1.0,0,18.0,33.0,1000bs-2n-12th-231143s-DENV_3-colombia-BVBRC_genome_sequence,sequana_cpu_dev,2,11374733.0,1000,1,12,231143,DENV_3-colombia-BVBRC_genome_sequence,29615.68,11299.13,40914.81,201.47,76.86,278.33,139.17,147.0, sdumont6165,6055391.88
1415.0,3096,129,1893754.0,153788.0,147562.0,1999032.0,2027.52,4464.64,2027.52,4474.88,1.0,0,3.0,4.0,1000bs-2n-12th-231143s-DENV_3-colombia-BVBRC_genome_sequence,sequana_cpu_dev,2,11374734.0,1000,1,12,231143,DENV_3-colombia-BVBRC_genome_sequence,25638.92,9812.05,35450.97,200.3,76.66,276.96,138.48,128.0, sdumont6165,4573175.13
0.0,612,17,265348.0,1032.0,1030.0,265348.0,0.0,0.0,0.0,0.0,1.0,0,0.0,0.0,100bs-2n-18th-231143s-DENV_3-colombia-BVBRC_genome_sequence,sequana_cpu_dev,2,11374737.0,100,1,18,231143,DENV_3-colombia-BVBRC_genome_sequence,3075.62,1153.87,4229.49,192.23,72.12,264.34,132.17,16.0, sdumont6165,71901.33
0.0,684,19,265348.0,3088.0,2060.0,265348.0,0.0,0.0,0.0,0.0,1.0,0,0.0,0.0,100bs-2n-18th-231143s-DENV_3-colombia-BVBRC_genome_sequence,sequana_cpu_dev,2,11374739.0,100,1,18,231143,DENV_3-colombia-BVBRC_genome_sequence,3228.03,1202.83,4430.86,189.88,70.75,260.64,130.32,17.0, sdumont6165,84186.34
0.0,540,15,265348.0,1036.0,1034.0,265348.0,0.0,0.0,0.0,0.0,1.0,0,0.0,0.0,100bs-2n-18th-231143s-DENV_3-colombia-BVBRC_genome_sequence,sequana_cpu_dev,2,11374741.0,100,1,18,231143,DENV_3-colombia-BVBRC_genome_sequence,2623.11,1004.65,3627.76,187.37,71.76,259.13,129.56,14.0, sdumont6165,54416.4
0.0,612,17,265348.0,1032.0,1030.0,265348.0,0.0,0.0,0.0,0.0,1.0,0,0.0,0.0,100bs-2n-18th-231143s-DENV_3-colombia-BVBRC_genome_sequence,sequana_cpu_dev,2,11374742.0,100,1,18,231143,DENV_3-colombia-BVBRC_genome_sequence,3052.29,1142.71,4194.99,190.77,71.42,262.19,131.09,16.0, sdumont6165,71314.83
0.0,792,22,265348.0,1036.0,1034.0,265348.0,0.0,0.0,0.0,0.0,1.0,0,0.0,0.0,100bs-2n-18th-231143s-DENV_3-colombia-BVBRC_genome_sequence,sequana_cpu_dev,2,11374743.0,100,1,18,231143,DENV_3-colombia-BVBRC_genome_sequence,3575.79,1313.52,4889.31,188.2,69.13,257.33,128.67,19.0, sdumont6165,107564.82
2655.0,5508,153,2190662.0,158320.0,149156.0,2194012.0,2252.8,4474.88,2252.8,4474.88,1.0,0,10.0,13.0,1000bs-2n-18th-231143s-DENV_3-colombia-BVBRC_genome_sequence,sequana_cpu_dev,2,11374744.0,1000,1,18,231143,DENV_3-colombia-BVBRC_genome_sequence,31768.11,11638.69,43406.8,209.0,76.57,285.57,142.79,152.0, sdumont6165,6641240.4
2132.0,5040,140,2302072.0,152328.0,149992.0,2409988.0,2027.52,4444.16,2027.52,4444.16,1.0,0,14.0,17.0,1000bs-2n-18th-231143s-DENV_3-colombia-BVBRC_genome_sequence,sequana_cpu_dev,2,11374745.0,1000,1,18,231143,DENV_3-colombia-BVBRC_genome_sequence,28831.12,10734.38,39565.49,207.42,77.23,284.64,142.32,139.0, sdumont6165,5539168.6
2125.0,5148,143,2187900.0,156524.0,149304.0,2194048.0,2017.28,4433.92,2027.52,4433.92,1.0,0,13.0,16.0,1000bs-2n-18th-231143s-DENV_3-colombia-BVBRC_genome_sequence,sequana_cpu_dev,2,11374746.0,1000,1,18,231143,DENV_3-colombia-BVBRC_genome_sequence,29478.32,10957.61,40435.93,207.59,77.17,284.76,142.38,142.0, sdumont6165,5782337.99
2129.0,5400,150,2187864.0,162508.0,152272.0,2194012.0,2017.28,4433.92,2017.28,4433.92,1.0,0,20.0,24.0,1000bs-2n-18th-231143s-DENV_3-colombia-BVBRC_genome_sequence,sequana_cpu_dev,2,11374747.0,1000,1,18,231143,DENV_3-colombia-BVBRC_genome_sequence,31029.17,11450.45,42479.62,208.95,77.12,286.07,143.04,148.5, sdumont6165,6371943.0
2132.0,4932,137,2187882.0,154120.0,148984.0,2194012.0,2027.52,4454.4,2027.52,4454.4,1.0,0,6.0,7.0,1000bs-2n-18th-231143s-DENV_3-colombia-BVBRC_genome_sequence,sequana_cpu_dev,2,11374748.0,1000,1,18,231143,DENV_3-colombia-BVBRC_genome_sequence,27936.16,10445.62,38381.77,205.41,76.81,282.22,141.11,136.0, sdumont6165,5258302.489999999
0.0,912,19,265348.0,3112.0,3106.0,265348.0,0.0,0.0,0.0,0.0,1.0,0,0.0,0.0,100bs-2n-24th-231143s-DENV_3-colombia-BVBRC_genome_sequence,sequana_cpu_dev,2,11374749.0,100,1,24,231143,DENV_3-colombia-BVBRC_genome_sequence,3845.81,1324.11,5169.92,213.66,73.56,287.22,143.61,18.0, sdumont6165,98228.48
0.0,912,19,265348.0,3172.0,2102.0,265348.0,0.0,0.0,0.0,0.0,1.0,0,0.0,0.0,100bs-2n-24th-231143s-DENV_3-colombia-BVBRC_genome_sequence,sequana_cpu_dev,2,11374750.0,100,1,24,231143,DENV_3-colombia-BVBRC_genome_sequence,3908.59,1339.42,5248.01,217.14,74.41,291.56,145.78,18.0, sdumont6165,99712.19
0.0,960,20,265348.0,1028.0,1028.0,265348.0,0.0,0.0,0.0,0.0,1.0,0,0.0,0.0,100bs-2n-24th-231143s-DENV_3-colombia-BVBRC_genome_sequence,sequana_cpu_dev,2,11374751.0,100,1,24,231143,DENV_3-colombia-BVBRC_genome_sequence,3982.33,1354.84,5337.17,221.24,75.27,296.51,148.25,18.0, sdumont6165,106743.4
0.0,1296,27,265348.0,3100.0,2066.0,265348.0,0.0,0.0,0.0,0.0,1.0,0,0.0,0.0,100bs-2n-24th-231143s-DENV_3-colombia-BVBRC_genome_sequence,sequana_cpu_dev,2,11374752.0,100,1,24,231143,DENV_3-colombia-BVBRC_genome_sequence,4174.88,1506.86,5681.74,189.77,68.49,258.26,129.13,22.0, sdumont6165,153406.97999999998
0.0,912,19,265348.0,3176.0,3172.0,265348.0,0.0,0.0,0.0,0.0,1.0,0,0.0,0.0,100bs-2n-24th-231143s-DENV_3-colombia-BVBRC_genome_sequence,sequana_cpu_dev,2,11374753.0,100,1,24,231143,DENV_3-colombia-BVBRC_genome_sequence,3912.79,1330.29,5243.09,217.38,73.91,291.28,145.64,18.0, sdumont6165,99618.71
4247.0,9264,193,2598438.0,150892.0,149732.0,2599700.0,2478.08,4464.64,2478.08,4474.88,1.0,0,13.0,21.0,1000bs-2n-24th-231143s-DENV_3-colombia-BVBRC_genome_sequence,sequana_cpu_dev,2,11374754.0,1000,1,24,231143,DENV_3-colombia-BVBRC_genome_sequence,45266.06,14995.55,60261.61,237.0,78.51,315.51,157.75,191.0, sdumont6165,11630490.73
3549.0,8256,172,2707562.0,162224.0,152342.0,2827824.0,2252.8,4454.4,2252.8,4454.4,1.0,0,14.0,15.0,1000bs-2n-24th-231143s-DENV_3-colombia-BVBRC_genome_sequence,sequana_cpu_dev,2,11374756.0,1000,1,24,231143,DENV_3-colombia-BVBRC_genome_sequence,40024.52,13365.28,53389.8,234.06,78.16,312.22,156.11,171.0, sdumont6165,9183045.6
3549.0,8448,176,2593446.0,156960.0,148568.0,2599592.0,2242.56,4444.16,2242.56,4444.16,0.0,0,11.0,15.0,1000bs-2n-24th-231143s-DENV_3-colombia-BVBRC_genome_sequence,sequana_cpu_dev,2,11374757.0,1000,1,24,231143,DENV_3-colombia-BVBRC_genome_sequence,41024.81,13690.85,54715.66,235.77,78.68,314.46,157.23,174.0, sdumont6165,9629956.16
3548.0,8688,181,2593446.0,156816.0,150578.0,2599592.0,2263.04,4444.16,2273.28,4454.4,1.0,0,31.0,32.0,1000bs-2n-24th-231143s-DENV_3-colombia-BVBRC_genome_sequence,sequana_cpu_dev,2,11374758.0,1000,1,24,231143,DENV_3-colombia-BVBRC_genome_sequence,42123.71,14031.86,56155.57,235.33,78.39,313.72,156.86,179.0, sdumont6165,10164158.17
3555.0,7872,164,2707564.0,154376.0,149524.0,2827828.0,2232.32,4464.64,2242.56,4464.64,1.0,0,31.0,50.0,1000bs-2n-24th-231143s-DENV_3-colombia-BVBRC_genome_sequence,sequana_cpu_dev,2,11374759.0,1000,1,24,231143,DENV_3-colombia-BVBRC_genome_sequence,37441.93,12633.79,50075.72,232.56,78.47,311.03,155.51,161.0, sdumont6165,8212418.08
0.0,1560,26,265348.0,3128.0,3124.0,265348.0,0.0,0.0,0.0,0.0,1.0,0,0.0,0.0,100bs-2n-30th-231143s-DENV_3-colombia-BVBRC_genome_sequence,sequana_cpu_dev,2,11374760.0,100,1,30,231143,DENV_3-colombia-BVBRC_genome_sequence,5317.36,3705.27,9022.63,212.69,148.21,360.91,180.45,25.0, sdumont6165,234588.38
0.0,1620,27,265348.0,3136.0,3098.0,265348.0,0.0,0.0,0.0,0.0,1.0,0,0.0,0.0,100bs-2n-30th-231143s-DENV_3-colombia-BVBRC_genome_sequence,sequana_cpu_dev,2,11374761.0,100,1,30,231143,DENV_3-colombia-BVBRC_genome_sequence,5365.21,3724.58,9089.79,206.35,143.25,349.61,174.8,26.0, sdumont6165,245424.33
0.0,1620,27,265348.0,3120.0,3062.0,265348.0,0.0,0.0,0.0,0.0,1.0,0,0.0,0.0,100bs-2n-30th-231143s-DENV_3-colombia-BVBRC_genome_sequence,sequana_cpu_dev,2,11374762.0,100,1,30,231143,DENV_3-colombia-BVBRC_genome_sequence,5565.05,3854.77,9419.83,214.04,148.26,362.3,181.15,26.0, sdumont6165,254335.41
0.0,1860,31,265348.0,2988.0,2008.0,265348.0,0.0,0.0,0.0,0.0,1.0,0,0.0,0.0,100bs-2n-30th-231143s-DENV_3-colombia-BVBRC_genome_sequence,sequana_cpu_dev,2,11374763.0,100,1,30,231143,DENV_3-colombia-BVBRC_genome_sequence,6412.12,4379.15,10791.27,213.74,145.97,359.71,179.85,30.0, sdumont6165,334529.37
0.0,1680,28,265348.0,3112.0,3092.0,265348.0,0.0,0.0,0.0,0.0,1.0,0,0.0,0.0,100bs-2n-30th-231143s-DENV_3-colombia-BVBRC_genome_sequence,sequana_cpu_dev,2,11374764.0,100,1,30,231143,DENV_3-colombia-BVBRC_genome_sequence,5363.69,3719.09,9082.79,206.3,143.04,349.34,174.67,26.0, sdumont6165,254318.12
6204.0,14160,236,3115872.0,165092.0,159472.0,3233336.0,2672.64,4454.4,2672.64,4464.64,1.0,0,14.0,17.0,1000bs-2n-30th-231143s-DENV_3-colombia-BVBRC_genome_sequence,sequana_cpu_dev,2,11374765.0,1000,1,30,231143,DENV_3-colombia-BVBRC_genome_sequence,52643.94,36829.97,89473.91,224.02,156.72,380.74,190.37,235.0, sdumont6165,21115842.76
6244.0,13020,217,2998958.0,162876.0,157934.0,3005104.0,2662.4,4485.12,2662.4,4485.12,1.0,0,18.0,24.0,1000bs-2n-30th-231143s-DENV_3-colombia-BVBRC_genome_sequence,sequana_cpu_dev,2,11374766.0,1000,1,30,231143,DENV_3-colombia-BVBRC_genome_sequence,47936.79,34100.3,82037.09,221.93,157.87,379.8,189.9,216.0, sdumont6165,17802048.529999997
6190.0,13680,228,2999034.0,161292.0,157232.0,3005108.0,2652.16,4464.64,2662.4,4464.64,2.0,0,17.0,25.0,1000bs-2n-30th-231143s-DENV_3-colombia-BVBRC_genome_sequence,sequana_cpu_dev,2,11374768.0,1000,1,30,231143,DENV_3-colombia-BVBRC_genome_sequence,50906.53,35550.52,86457.05,224.26,156.61,380.87,190.43,227.0, sdumont6165,19712207.4
7120.0,14640,244,3004814.0,162136.0,156658.0,3011220.0,2897.92,4485.12,2897.92,4485.12,3.0,0,22.0,28.0,1000bs-2n-30th-231143s-DENV_3-colombia-BVBRC_genome_sequence,sequana_cpu_dev,2,11374769.0,1000,1,30,231143,DENV_3-colombia-BVBRC_genome_sequence,54756.3,38216.38,92972.69,225.33,157.27,382.6,191.3,243.0, sdumont6165,22685336.36
7120.0,15300,255,3113094.0,165044.0,157018.0,3233336.0,2897.92,4474.88,2908.16,4485.12,1.0,0,22.0,22.0,1000bs-2n-30th-231143s-DENV_3-colombia-BVBRC_genome_sequence,sequana_cpu_dev,2,11374770.0,1000,1,30,231143,DENV_3-colombia-BVBRC_genome_sequence,57519.61,40099.97,97619.58,226.46,157.87,384.33,192.16,254.0, sdumont6165,24892992.9
1044.0,2304,32,3518688.0,157108.0,150782.0,3638876.0,1351.68,4239.36,1351.68,4239.36,1.0,0,29.0,36.0,100bs-2n-36th-231143s-DENV_3-colombia-BVBRC_genome_sequence,sequana_cpu_dev,2,11374772.0,100,1,36,231143,DENV_3-colombia-BVBRC_genome_sequence,6517.38,5716.33,12233.71,217.25,190.54,407.79,203.9,30.0, sdumont6165,391478.72
0.0,2088,29,265348.0,3212.0,3164.0,265348.0,0.0,0.0,0.0,0.0,1.0,0,0.0,0.0,100bs-2n-36th-231143s-DENV_3-colombia-BVBRC_genome_sequence,sequana_cpu_dev,2,11374773.0,100,1,36,231143,DENV_3-colombia-BVBRC_genome_sequence,5858.94,5182.26,11041.2,213.14,188.54,401.68,200.84,27.5, sdumont6165,320194.80000000005
0.0,2088,29,265348.0,3240.0,3208.0,265348.0,0.0,0.0,0.0,0.0,1.0,0,0.0,0.0,100bs-2n-36th-231143s-DENV_3-colombia-BVBRC_genome_sequence,sequana_cpu_dev,2,11374774.0,100,1,36,231143,DENV_3-colombia-BVBRC_genome_sequence,5365.44,4736.19,10101.63,198.72,175.41,374.13,187.07,27.0, sdumont6165,292947.27
0.0,2160,30,265348.0,3204.0,3190.0,265348.0,0.0,0.0,0.0,0.0,1.0,0,0.0,0.0,100bs-2n-36th-231143s-DENV_3-colombia-BVBRC_genome_sequence,sequana_cpu_dev,2,11374775.0,100,1,36,231143,DENV_3-colombia-BVBRC_genome_sequence,5916.59,5165.15,11081.74,204.02,178.11,382.13,191.06,29.0, sdumont6165,332452.2
0.0,1944,27,265348.0,3152.0,3136.0,265348.0,0.0,0.0,0.0,0.0,1.0,0,0.0,0.0,100bs-2n-36th-231143s-DENV_3-colombia-BVBRC_genome_sequence,sequana_cpu_dev,2,11374776.0,100,1,36,231143,DENV_3-colombia-BVBRC_genome_sequence,5214.96,4590.43,9805.39,200.58,176.56,377.13,188.57,26.0, sdumont6165,264745.53
8560.0,19008,264,3627484.0,161644.0,156496.0,3633612.0,2867.2,4474.88,2867.2,4485.12,1.0,0,28.0,36.0,1000bs-2n-36th-231143s-DENV_3-colombia-BVBRC_genome_sequence,sequana_cpu_dev,2,11374777.0,1000,1,36,231143,DENV_3-colombia-BVBRC_genome_sequence,58708.87,51392.22,110101.09,223.23,195.41,418.64,209.32,263.0, sdumont6165,29066687.76
8551.0,19080,265,3404526.0,163708.0,157554.0,3410692.0,2887.68,4474.88,2897.92,4485.12,0.0,0,24.0,24.0,1000bs-2n-36th-231143s-DENV_3-colombia-BVBRC_genome_sequence,sequana_cpu_dev,2,11374778.0,1000,1,36,231143,DENV_3-colombia-BVBRC_genome_sequence,59046.75,51831.62,110878.36,223.66,196.33,419.99,210.0,264.0, sdumont6165,29382765.4
8547.0,19152,266,3516024.0,159644.0,154580.0,3633504.0,2897.92,4474.88,2897.92,4485.12,1.0,0,18.0,21.0,1000bs-2n-36th-231143s-DENV_3-colombia-BVBRC_genome_sequence,sequana_cpu_dev,2,11374779.0,1000,1,36,231143,DENV_3-colombia-BVBRC_genome_sequence,59596.13,52151.8,111747.93,224.89,196.8,421.69,210.85,265.0, sdumont6165,29724949.38
8532.0,18144,252,3630122.0,163856.0,157730.0,3633504.0,2887.68,4485.12,2897.92,4485.12,1.0,0,81.0,144.0,1000bs-2n-36th-231143s-DENV_3-colombia-BVBRC_genome_sequence,sequana_cpu_dev,2,11374780.0,1000,1,36,231143,DENV_3-colombia-BVBRC_genome_sequence,55886.33,48941.28,104827.61,222.65,194.99,417.64,208.82,251.0, sdumont6165,26416557.72
7496.0,16992,236,3518808.0,164596.0,159394.0,3638924.0,2652.16,4464.64,2662.4,4464.64,1.0,0,33.0,41.0,1000bs-2n-36th-231143s-DENV_3-colombia-BVBRC_genome_sequence,sequana_cpu_dev,2,11374782.0,1000,1,36,231143,DENV_3-colombia-BVBRC_genome_sequence,51802.01,45527.72,97329.73,220.43,193.73,414.17,207.08,235.0, sdumont6165,22969816.28
1215.0,2772,33,3810082.0,154984.0,149338.0,3816228.0,1351.68,4239.36,1351.68,4239.36,1.0,0,33.0,38.0,100bs-2n-42th-231143s-DENV_3-colombia-BVBRC_genome_sequence,sequana_cpu_dev,2,11374783.0,100,1,42,231143,DENV_3-colombia-BVBRC_genome_sequence,7023.7,6468.81,13492.51,219.49,202.15,421.64,210.82,32.0, sdumont6165,445252.83
1216.0,2688,32,3810064.0,156404.0,150552.0,3816228.0,1351.68,4239.36,1351.68,4239.36,1.0,0,39.0,45.0,100bs-2n-42th-231143s-DENV_3-colombia-BVBRC_genome_sequence,sequana_cpu_dev,2,11374784.0,100,1,42,231143,DENV_3-colombia-BVBRC_genome_sequence,6555.22,6015.1,12570.31,215.09,197.29,412.37,206.19,30.5, sdumont6165,402249.92
1211.0,2856,34,3810138.0,155916.0,150258.0,3816228.0,1351.68,4239.36,1351.68,4239.36,1.0,0,30.0,34.0,100bs-2n-42th-231143s-DENV_3-colombia-BVBRC_genome_sequence,sequana_cpu_dev,2,11374785.0,100,1,42,231143,DENV_3-colombia-BVBRC_genome_sequence,6823.2,6321.24,13144.44,210.03,194.52,404.55,202.27,32.5, sdumont6165,446910.96
0.0,2436,29,265348.0,3128.0,3094.0,265348.0,0.0,0.0,0.0,0.0,1.0,0,0.0,0.0,100bs-2n-42th-231143s-DENV_3-colombia-BVBRC_genome_sequence,sequana_cpu_dev,2,11374786.0,100,1,42,231143,DENV_3-colombia-BVBRC_genome_sequence,5871.93,5349.19,11221.12,213.6,194.52,408.12,204.06,27.5, sdumont6165,325412.48000000004
1218.0,2604,31,3692956.0,149956.0,144814.0,3795348.0,1423.36,4249.6,1433.6,4270.08,1.0,0,42.0,50.0,100bs-2n-42th-231143s-DENV_3-colombia-BVBRC_genome_sequence,sequana_cpu_dev,2,11374787.0,100,1,42,231143,DENV_3-colombia-BVBRC_genome_sequence,6374.37,5887.21,12261.58,216.27,199.67,415.94,207.97,29.5, sdumont6165,380108.98
9983.0,21252,253,3812934.0,161676.0,157844.0,3821768.0,2877.44,4485.12,2887.68,4485.12,1.0,0,26.0,30.0,1000bs-2n-42th-231143s-DENV_3-colombia-BVBRC_genome_sequence,sequana_cpu_dev,2,11374788.0,1000,1,42,231143,DENV_3-colombia-BVBRC_genome_sequence,56346.07,51775.69,108121.75,224.04,205.86,429.89,214.95,251.5, sdumont6165,27354802.75
12475.0,26376,314,3813044.0,163776.0,156612.0,3816208.0,3328.0,4485.12,3338.24,4485.12,1.0,0,28.0,29.0,1000bs-2n-42th-231143s-DENV_3-colombia-BVBRC_genome_sequence,sequana_cpu_dev,2,11374791.0,1000,1,42,231143,DENV_3-colombia-BVBRC_genome_sequence,70976.12,65465.9,136442.02,227.13,209.49,436.62,218.31,312.5, sdumont6165,42842794.28
11236.0,24696,294,3810134.0,168056.0,158732.0,3816352.0,3082.24,4474.88,3082.24,4485.12,1.0,0,24.0,34.0,1000bs-2n-42th-231143s-DENV_3-colombia-BVBRC_genome_sequence,sequana_cpu_dev,2,11374792.0,1000,1,42,231143,DENV_3-colombia-BVBRC_genome_sequence,66234.22,60878.08,127112.3,226.45,208.13,434.57,217.29,292.5, sdumont6165,37371016.2
11228.0,24276,289,3810062.0,161688.0,157726.0,3816208.0,3092.48,4485.12,3092.48,4485.12,1.0,0,18.0,21.0,1000bs-2n-42th-231143s-DENV_3-colombia-BVBRC_genome_sequence,sequana_cpu_dev,2,11374793.0,1000,1,42,231143,DENV_3-colombia-BVBRC_genome_sequence,64681.97,59773.33,124455.3,225.37,208.27,433.64,216.82,287.0, sdumont6165,35967581.7
11193.0,23352,278,3924176.0,161732.0,156670.0,4032144.0,3112.96,4485.12,3112.96,4495.36,0.0,0,18.0,26.0,1000bs-2n-42th-231143s-DENV_3-colombia-BVBRC_genome_sequence,sequana_cpu_dev,2,11374794.0,1000,1,42,231143,DENV_3-colombia-BVBRC_genome_sequence,62492.98,57529.06,120022.03,226.42,208.44,434.86,217.43,276.0, sdumont6165,33366124.34
1384.0,3456,36,4215614.0,156736.0,150392.0,4221780.0,1351.68,4229.12,1351.68,4239.36,1.0,0,43.0,43.0,100bs-2n-48th-231143s-DENV_3-colombia-BVBRC_genome_sequence,sequana_cpu_dev,2,11374795.0,100,1,48,231143,DENV_3-colombia-BVBRC_genome_sequence,7800.6,7984.76,15785.36,229.43,234.85,464.28,232.14,34.0, sdumont6165,568272.96
1389.0,3264,34,4215710.0,156716.0,152254.0,4221784.0,1351.68,4239.36,1351.68,4239.36,1.0,0,33.0,39.0,100bs-2n-48th-231143s-DENV_3-colombia-BVBRC_genome_sequence,sequana_cpu_dev,2,11374796.0,100,1,48,231143,DENV_3-colombia-BVBRC_genome_sequence,7284.24,7405.86,14690.1,227.63,231.43,459.07,229.53,32.0, sdumont6165,499463.4
1358.0,3360,35,4215690.0,156056.0,151270.0,4221888.0,1351.68,4239.36,1351.68,4239.36,1.0,0,26.0,36.0,100bs-2n-48th-231143s-DENV_3-colombia-BVBRC_genome_sequence,sequana_cpu_dev,2,11374797.0,100,1,48,231143,DENV_3-colombia-BVBRC_genome_sequence,7182.71,7362.58,14545.28,217.66,223.11,440.77,220.38,33.0, sdumont6165,509084.8000000001
1389.0,3264,34,4218490.0,154424.0,151860.0,4221784.0,1361.92,4239.36,1361.92,4239.36,1.0,0,45.0,55.0,100bs-2n-48th-231143s-DENV_3-colombia-BVBRC_genome_sequence,sequana_cpu_dev,2,11374798.0,100,1,48,231143,DENV_3-colombia-BVBRC_genome_sequence,6966.82,7150.4,14117.21,217.71,223.45,441.16,220.58,32.0, sdumont6165,479985.14
1389.0,3168,33,4215634.0,154928.0,150324.0,4221784.0,1351.68,4239.36,1351.68,4239.36,1.0,0,46.0,46.0,100bs-2n-48th-231143s-DENV_3-colombia-BVBRC_genome_sequence,sequana_cpu_dev,2,11374799.0,100,1,48,231143,DENV_3-colombia-BVBRC_genome_sequence,6808.43,6961.84,13770.27,219.63,224.58,444.2,222.1,31.0, sdumont6165,454418.91
15698.0,31968,333,4215640.0,161428.0,156248.0,4221788.0,3553.28,4495.36,3563.52,4495.36,1.0,0,401.0,781.0,1000bs-2n-48th-231143s-DENV_3-colombia-BVBRC_genome_sequence,sequana_cpu_dev,2,11374800.0,1000,1,48,231143,DENV_3-colombia-BVBRC_genome_sequence,74604.92,76046.09,150651.01,225.39,229.75,455.14,227.57,331.0, sdumont6165,50166786.330000006
15659.0,32544,339,4332832.0,167544.0,159444.0,4450164.0,3604.48,4495.36,3614.72,4495.36,1.0,0,57.0,66.0,1000bs-2n-48th-231143s-DENV_3-colombia-BVBRC_genome_sequence,sequana_cpu_dev,2,11374801.0,1000,1,48,231143,DENV_3-colombia-BVBRC_genome_sequence,77238.44,79011.78,156250.23,228.85,234.11,462.97,231.48,337.5, sdumont6165,52968827.970000006
15695.0,33120,345,4332612.0,161764.0,156292.0,4450164.0,3573.76,4485.12,3573.76,4495.36,1.0,0,33.0,35.0,1000bs-2n-48th-231143s-DENV_3-colombia-BVBRC_genome_sequence,sequana_cpu_dev,2,11374802.0,1000,1,48,231143,DENV_3-colombia-BVBRC_genome_sequence,78036.34,80153.19,158189.53,227.51,233.7,461.21,230.6,343.0, sdumont6165,54575387.85
15693.0,32448,338,4218662.0,164436.0,157892.0,4227832.0,3573.76,4495.36,3573.76,4495.36,1.0,0,32.0,41.0,1000bs-2n-48th-231143s-DENV_3-colombia-BVBRC_genome_sequence,sequana_cpu_dev,2,11374803.0,1000,1,48,231143,DENV_3-colombia-BVBRC_genome_sequence,76535.45,78289.49,154824.94,227.45,232.67,460.11,230.06,336.5, sdumont6165,52330829.72
15677.0,34272,357,4327122.0,169612.0,162422.0,4444744.0,3573.76,4474.88,3594.24,4474.88,3.0,0,36.0,40.0,1000bs-2n-48th-231143s-DENV_3-colombia-BVBRC_genome_sequence,sequana_cpu_dev,2,11374804.0,1000,1,48,231143,DENV_3-colombia-BVBRC_genome_sequence,81117.04,82891.73,164008.77,228.5,233.5,462.0,231.0,355.0, sdumont6165,58551130.88999999
0.0,102,17,265348.0,3236.0,2464.0,265348.0,0.0,0.0,0.0,0.0,4.0,0,0.0,0.0,100bs-3n-2th-231143s-DENV_3-colombia-BVBRC_genome_sequence,sequana_cpu_dev,3,11374805.0,100,1,2,231143,DENV_3-colombia-BVBRC_genome_sequence,2515.51,1745.46,4260.96,157.22,109.09,266.31,88.77,16.0, sdumont6165,72436.32
0.0,78,13,265348.0,3248.0,3196.0,265348.0,0.0,0.0,0.0,0.0,3.0,0,0.0,0.0,100bs-3n-2th-231143s-DENV_3-colombia-BVBRC_genome_sequence,sequana_cpu_dev,3,11374806.0,100,1,2,231143,DENV_3-colombia-BVBRC_genome_sequence,1933.35,1272.7,3206.04,161.11,106.06,267.17,89.06,12.0, sdumont6165,41678.52
0.0,96,16,265348.0,3176.0,3149.3330078125,265348.0,0.0,0.0,0.0,0.0,3.0,0,0.0,0.0,100bs-3n-2th-231143s-DENV_3-colombia-BVBRC_genome_sequence,sequana_cpu_dev,3,11374808.0,100,1,2,231143,DENV_3-colombia-BVBRC_genome_sequence,2246.48,1515.25,3761.73,149.77,101.02,250.78,83.59,15.0, sdumont6165,60187.68
0.0,96,16,265348.0,3252.0,3190.666015625,265348.0,0.0,0.0,0.0,0.0,2.0,0,0.0,0.0,100bs-3n-2th-231143s-DENV_3-colombia-BVBRC_genome_sequence,sequana_cpu_dev,3,11374809.0,100,1,2,231143,DENV_3-colombia-BVBRC_genome_sequence,2333.31,1536.34,3869.65,155.55,102.42,257.98,85.99,15.0, sdumont6165,61914.4
0.0,84,14,265348.0,3176.0,3164.0,265348.0,0.0,0.0,0.0,0.0,2.0,0,0.0,0.0,100bs-3n-2th-231143s-DENV_3-colombia-BVBRC_genome_sequence,sequana_cpu_dev,3,11374810.0,100,1,2,231143,DENV_3-colombia-BVBRC_genome_sequence,1927.21,1264.96,3192.17,148.25,97.3,245.55,81.85,13.0, sdumont6165,44690.380000000005
170.0,708,118,1261192.0,151180.0,147072.0,1341240.0,1802.24,4352.0,1802.24,4352.0,2.0,0,0.0,0.0,1000bs-3n-2th-231143s-DENV_3-colombia-BVBRC_genome_sequence,sequana_cpu_dev,3,11374812.0,1000,1,2,231143,DENV_3-colombia-BVBRC_genome_sequence,20978.45,13700.48,34678.93,179.3,117.1,296.4,98.8,117.0, sdumont6165,4092113.74
225.0,762,127,1115084.0,155328.0,152762.666015625,1118696.0,2017.28,4382.72,2027.52,4392.96,3.0,0,0.0,0.0,1000bs-3n-2th-231143s-DENV_3-colombia-BVBRC_genome_sequence,sequana_cpu_dev,3,11374813.0,1000,1,2,231143,DENV_3-colombia-BVBRC_genome_sequence,22040.96,14500.71,36541.67,177.75,116.94,294.69,98.23,124.0, sdumont6165,4640792.09
219.0,786,131,1113142.666015625,149340.0,149280.0,1113280.0,2017.28,4382.72,2017.28,4382.72,3.0,0,0.0,0.0,1000bs-3n-2th-231143s-DENV_3-colombia-BVBRC_genome_sequence,sequana_cpu_dev,3,11374814.0,1000,1,2,231143,DENV_3-colombia-BVBRC_genome_sequence,22951.54,15169.64,38121.18,176.55,116.69,293.24,97.75,130.0, sdumont6165,4993874.58
226.0,726,121,1113222.666015625,157404.0,154658.666015625,1113284.0,2191.36,4495.36,2406.4,4720.64,3.0,0,0.0,0.0,1000bs-3n-2th-231143s-DENV_3-colombia-BVBRC_genome_sequence,sequana_cpu_dev,3,11374815.0,1000,1,2,231143,DENV_3-colombia-BVBRC_genome_sequence,21404.67,14024.74,35429.42,178.37,116.87,295.25,98.42,120.0, sdumont6165,4286959.819999999
208.0,870,145,1113280.0,155488.0,153480.0,1113428.0,2037.76,4362.24,2048.0,4362.24,1.0,0,0.0,0.0,1000bs-3n-2th-231143s-DENV_3-colombia-BVBRC_genome_sequence,sequana_cpu_dev,3,11374817.0,1000,1,2,231143,DENV_3-colombia-BVBRC_genome_sequence,25148.68,16970.93,42119.61,174.64,117.85,292.5,97.5,144.0, sdumont6165,6107343.45
0.0,216,12,265348.0,3144.0,3093.3330078125,265348.0,0.0,0.0,0.0,0.0,1.0,0,0.0,0.0,100bs-3n-6th-231143s-DENV_3-colombia-BVBRC_genome_sequence,sequana_cpu_dev,3,11374819.0,100,1,6,231143,DENV_3-colombia-BVBRC_genome_sequence,2419.0,1171.46,3590.46,219.91,106.5,326.41,108.8,11.0, sdumont6165,43085.52
0.0,180,10,265348.0,3148.0,3132.0,265348.0,0.0,0.0,0.0,0.0,1.0,0,0.0,0.0,100bs-3n-6th-231143s-DENV_3-colombia-BVBRC_genome_sequence,sequana_cpu_dev,3,11374820.0,100,1,6,231143,DENV_3-colombia-BVBRC_genome_sequence,2085.95,1001.15,3087.1,231.77,111.24,343.01,114.34,9.0, sdumont6165,30871.0
0.0,198,11,265348.0,3128.0,2429.3330078125,265348.0,0.0,0.0,0.0,0.0,1.0,0,0.0,0.0,100bs-3n-6th-231143s-DENV_3-colombia-BVBRC_genome_sequence,sequana_cpu_dev,3,11374821.0,100,1,6,231143,DENV_3-colombia-BVBRC_genome_sequence,2101.51,1015.13,3116.65,210.15,101.51,311.66,103.89,10.0, sdumont6165,34283.15
0.0,180,10,265348.0,3092.0,2402.666015625,265348.0,0.0,0.0,0.0,0.0,1.0,0,0.0,0.0,100bs-3n-6th-231143s-DENV_3-colombia-BVBRC_genome_sequence,sequana_cpu_dev,3,11374822.0,100,1,6,231143,DENV_3-colombia-BVBRC_genome_sequence,1736.25,841.07,2577.33,192.92,93.45,286.37,95.46,9.0, sdumont6165,25773.3
0.0,180,10,265348.0,3140.0,2437.3330078125,265348.0,0.0,0.0,0.0,0.0,1.0,0,0.0,0.0,100bs-3n-6th-231143s-DENV_3-colombia-BVBRC_genome_sequence,sequana_cpu_dev,3,11374823.0,100,1,6,231143,DENV_3-colombia-BVBRC_genome_sequence,2114.97,1014.28,3129.25,235.0,112.7,347.69,115.9,9.0, sdumont6165,31292.5
345.0,1440,80,1383214.666015625,151756.0,150334.666015625,1383424.0,1566.72,4341.76,1576.96,4352.0,1.0,0,34.0,100.0,1000bs-3n-6th-231143s-DENV_3-colombia-BVBRC_genome_sequence,sequana_cpu_dev,3,11374824.0,1000,1,6,231143,DENV_3-colombia-BVBRC_genome_sequence,19760.09,9218.88,28978.97,250.13,116.69,366.82,122.27,79.0, sdumont6165,2318317.6
346.0,1458,81,1383213.3330078125,151392.0,150268.0,1383420.0,1576.96,4341.76,1576.96,4341.76,0.0,0,1.0,2.0,1000bs-3n-6th-231143s-DENV_3-colombia-BVBRC_genome_sequence,sequana_cpu_dev,3,11374825.0,1000,1,6,231143,DENV_3-colombia-BVBRC_genome_sequence,19963.86,9308.29,29272.14,249.55,116.35,365.9,121.97,80.0, sdumont6165,2371043.34
346.0,1476,82,1383214.666015625,157768.0,153024.0,1383424.0,1576.96,4341.76,1576.96,4341.76,1.0,0,0.0,2.0,1000bs-3n-6th-231143s-DENV_3-colombia-BVBRC_genome_sequence,sequana_cpu_dev,3,11374826.0,1000,1,6,231143,DENV_3-colombia-BVBRC_genome_sequence,20277.23,9465.37,29742.59,253.47,118.32,371.78,123.93,80.0, sdumont6165,2438892.38
348.0,1404,78,1383214.666015625,149736.0,149514.666015625,1383424.0,1576.96,4352.0,1576.96,4352.0,1.0,0,0.0,2.0,1000bs-3n-6th-231143s-DENV_3-colombia-BVBRC_genome_sequence,sequana_cpu_dev,3,11374827.0,1000,1,6,231143,DENV_3-colombia-BVBRC_genome_sequence,19436.0,9007.08,28443.08,252.42,116.98,369.39,123.13,77.0, sdumont6165,2218560.24
349.0,1440,80,1383205.3330078125,155416.0,151646.666015625,1383260.0,1576.96,4352.0,1576.96,4352.0,1.0,0,0.0,1.0,1000bs-3n-6th-231143s-DENV_3-colombia-BVBRC_genome_sequence,sequana_cpu_dev,3,11374828.0,1000,1,6,231143,DENV_3-colombia-BVBRC_genome_sequence,19840.65,9218.64,29059.29,251.15,116.69,367.84,122.61,79.0, sdumont6165,2324743.2
0.0,396,11,265348.0,1040.0,1038.666015625,265348.0,0.0,0.0,0.0,0.0,1.0,0,0.0,0.0,100bs-3n-12th-231143s-DENV_3-colombia-BVBRC_genome_sequence,sequana_cpu_dev,3,11374829.0,100,1,12,231143,DENV_3-colombia-BVBRC_genome_sequence,2577.83,1004.05,3581.88,257.78,100.4,358.19,119.4,10.0, sdumont6165,39400.68
0.0,432,12,265348.0,3144.0,1740.0,265348.0,0.0,0.0,0.0,0.0,1.0,0,0.0,0.0,100bs-3n-12th-231143s-DENV_3-colombia-BVBRC_genome_sequence,sequana_cpu_dev,3,11374830.0,100,1,12,231143,DENV_3-colombia-BVBRC_genome_sequence,3223.95,1244.63,4468.58,293.09,113.15,406.23,135.41,11.0, sdumont6165,53622.96
0.0,396,11,265348.0,3140.0,1738.666015625,265348.0,0.0,0.0,0.0,0.0,1.0,0,0.0,0.0,100bs-3n-12th-231143s-DENV_3-colombia-BVBRC_genome_sequence,sequana_cpu_dev,3,11374831.0,100,1,12,231143,DENV_3-colombia-BVBRC_genome_sequence,2646.57,1034.43,3681.0,284.65,110.99,395.63,131.88,9.33, sdumont6165,40491.0
0.0,360,10,265348.0,2992.0,1689.3330078125,265348.0,0.0,0.0,0.0,0.0,1.0,0,0.0,0.0,100bs-3n-12th-231143s-DENV_3-colombia-BVBRC_genome_sequence,sequana_cpu_dev,3,11374832.0,100,1,12,231143,DENV_3-colombia-BVBRC_genome_sequence,2191.13,864.78,3055.91,243.46,96.09,339.55,113.18,9.0, sdumont6165,30559.1
0.0,468,13,265348.0,1036.0,1034.666015625,265348.0,0.0,0.0,0.0,0.0,1.0,0,0.0,0.0,100bs-3n-12th-231143s-DENV_3-colombia-BVBRC_genome_sequence,sequana_cpu_dev,3,11374833.0,100,1,12,231143,DENV_3-colombia-BVBRC_genome_sequence,3028.63,1210.25,4238.88,252.39,100.85,353.24,117.75,12.0, sdumont6165,55105.44
700.0,3240,90,1788577.3330078125,155944.0,152581.3330078125,1788780.0,1576.96,4331.52,1576.96,4331.52,1.0,0,6.0,8.0,1000bs-3n-12th-231143s-DENV_3-colombia-BVBRC_genome_sequence,sequana_cpu_dev,3,11374834.0,1000,1,12,231143,DENV_3-colombia-BVBRC_genome_sequence,27553.53,10424.14,37977.67,309.59,117.13,426.72,142.24,89.0, sdumont6165,3417990.3
703.0,3024,84,1788577.3330078125,156044.0,152333.3330078125,1788780.0,1576.96,4331.52,1576.96,4331.52,1.0,0,5.0,9.0,1000bs-3n-12th-231143s-DENV_3-colombia-BVBRC_genome_sequence,sequana_cpu_dev,3,11374835.0,1000,1,12,231143,DENV_3-colombia-BVBRC_genome_sequence,25834.35,9847.89,35682.24,311.26,118.65,429.91,143.3,83.0, sdumont6165,2997308.16
706.0,2988,83,1788540.0,153696.0,151696.0,1788632.0,1576.96,4341.76,1576.96,4341.76,1.0,0,5.0,7.0,1000bs-3n-12th-231143s-DENV_3-colombia-BVBRC_genome_sequence,sequana_cpu_dev,3,11374836.0,1000,1,12,231143,DENV_3-colombia-BVBRC_genome_sequence,25254.3,9643.66,34897.96,310.42,118.55,428.97,142.99,81.33, sdumont6165,2896530.68
699.0,3168,88,1788638.666015625,162152.0,155889.3330078125,1788780.0,1576.96,4331.52,1576.96,4331.52,1.0,0,15.0,31.0,1000bs-3n-12th-231143s-DENV_3-colombia-BVBRC_genome_sequence,sequana_cpu_dev,3,11374837.0,1000,1,12,231143,DENV_3-colombia-BVBRC_genome_sequence,27059.04,10212.13,37271.17,311.02,117.38,428.4,142.8,87.0, sdumont6165,3279862.96
1052.0,3348,93,1790422.666015625,153900.0,153172.0,1794036.0,1802.24,4382.72,1802.24,4392.96,1.0,0,4.0,6.0,1000bs-3n-12th-231143s-DENV_3-colombia-BVBRC_genome_sequence,sequana_cpu_dev,3,11374838.0,1000,1,12,231143,DENV_3-colombia-BVBRC_genome_sequence,28624.51,10801.7,39426.21,314.56,118.7,433.26,144.42,91.0, sdumont6165,3666637.53
0.0,810,15,265348.0,3128.0,1736.0,265348.0,0.0,0.0,0.0,0.0,1.0,0,0.0,0.0,100bs-3n-18th-231143s-DENV_3-colombia-BVBRC_genome_sequence,sequana_cpu_dev,3,11374839.0,100,1,18,231143,DENV_3-colombia-BVBRC_genome_sequence,4173.27,1523.57,5696.84,298.09,108.83,406.92,135.64,14.0, sdumont6165,85452.6
0.0,648,12,265348.0,3124.0,1730.666015625,265348.0,0.0,0.0,0.0,0.0,1.0,0,0.0,0.0,100bs-3n-18th-231143s-DENV_3-colombia-BVBRC_genome_sequence,sequana_cpu_dev,3,11374840.0,100,1,18,231143,DENV_3-colombia-BVBRC_genome_sequence,2676.49,1023.78,3700.27,243.32,93.07,336.39,112.13,11.0, sdumont6165,44403.24
0.0,702,13,265348.0,3156.0,1741.3330078125,265348.0,0.0,0.0,0.0,0.0,1.0,0,0.0,0.0,100bs-3n-18th-231143s-DENV_3-colombia-BVBRC_genome_sequence,sequana_cpu_dev,3,11374842.0,100,1,18,231143,DENV_3-colombia-BVBRC_genome_sequence,3509.81,1289.54,4799.36,319.07,117.23,436.31,145.44,11.0, sdumont6165,62391.67999999999
0.0,756,14,265348.0,3148.0,1740.0,265348.0,0.0,0.0,0.0,0.0,1.0,0,0.0,0.0,100bs-3n-18th-231143s-DENV_3-colombia-BVBRC_genome_sequence,sequana_cpu_dev,3,11374843.0,100,1,18,231143,DENV_3-colombia-BVBRC_genome_sequence,4133.15,1509.1,5642.25,317.93,116.08,434.02,144.67,13.0, sdumont6165,78991.5
0.0,594,11,265348.0,1036.0,1034.666015625,265348.0,0.0,0.0,0.0,0.0,1.0,0,0.0,0.0,100bs-3n-18th-231143s-DENV_3-colombia-BVBRC_genome_sequence,sequana_cpu_dev,3,11374844.0,100,1,18,231143,DENV_3-colombia-BVBRC_genome_sequence,2700.74,1037.24,3737.97,270.07,103.72,373.8,124.6,10.0, sdumont6165,41117.67
1597.0,5292,98,2194092.0,154204.0,152893.3330078125,2194212.0,1802.24,4382.72,1802.24,4382.72,1.0,0,15.0,18.0,1000bs-3n-18th-231143s-DENV_3-colombia-BVBRC_genome_sequence,sequana_cpu_dev,3,11374845.0,1000,1,18,231143,DENV_3-colombia-BVBRC_genome_sequence,31008.78,11361.16,42369.94,319.68,117.13,436.8,145.6,97.0, sdumont6165,4152254.12
1588.0,5670,105,2194102.666015625,156436.0,152177.3330078125,2194208.0,1802.24,4362.24,1802.24,4362.24,1.0,0,17.0,18.0,1000bs-3n-18th-231143s-DENV_3-colombia-BVBRC_genome_sequence,sequana_cpu_dev,3,11374846.0,1000,1,18,231143,DENV_3-colombia-BVBRC_genome_sequence,33714.32,12309.43,46023.75,324.18,118.36,442.54,147.51,104.0, sdumont6165,4832493.75
1592.0,5508,102,2194092.0,158180.0,154128.0,2194212.0,1802.24,4372.48,1802.24,4372.48,1.0,0,12.0,16.0,1000bs-3n-18th-231143s-DENV_3-colombia-BVBRC_genome_sequence,sequana_cpu_dev,3,11374847.0,1000,1,18,231143,DENV_3-colombia-BVBRC_genome_sequence,32654.38,11994.62,44649.0,323.31,118.76,442.07,147.36,101.0, sdumont6165,4554198.0
1592.0,5508,102,2189985.3330078125,152312.0,152152.0,2194148.0,1802.24,4372.48,1802.24,4382.72,1.0,0,13.0,18.0,1000bs-3n-18th-231143s-DENV_3-colombia-BVBRC_genome_sequence,sequana_cpu_dev,3,11374848.0,1000,1,18,231143,DENV_3-colombia-BVBRC_genome_sequence,32836.94,11933.54,44770.48,325.12,118.15,443.27,147.76,101.0, sdumont6165,4566588.96
1597.0,5292,98,2344437.3330078125,154144.0,153857.3330078125,2422440.0,1792.0,4382.72,1802.24,4392.96,1.0,0,16.0,21.0,1000bs-3n-18th-231143s-DENV_3-colombia-BVBRC_genome_sequence,sequana_cpu_dev,3,11374849.0,1000,1,18,231143,DENV_3-colombia-BVBRC_genome_sequence,30994.79,11373.22,42368.01,323.97,118.86,442.83,147.61,95.67, sdumont6165,4152064.98
0.0,936,13,265348.0,3120.0,2406.666015625,265348.0,0.0,0.0,0.0,0.0,1.0,0,0.0,0.0,100bs-3n-24th-231143s-DENV_3-colombia-BVBRC_genome_sequence,sequana_cpu_dev,3,11374850.0,100,1,24,231143,DENV_3-colombia-BVBRC_genome_sequence,3852.37,1327.66,5180.03,321.03,110.64,431.67,143.89,12.0, sdumont6165,67340.39
0.0,1152,16,265348.0,3076.0,2390.666015625,265348.0,0.0,0.0,0.0,0.0,1.0,0,0.0,0.0,100bs-3n-24th-231143s-DENV_3-colombia-BVBRC_genome_sequence,sequana_cpu_dev,3,11374852.0,100,1,24,231143,DENV_3-colombia-BVBRC_genome_sequence,4521.46,1527.83,6049.29,301.43,101.86,403.29,134.43,15.0, sdumont6165,96788.64
0.0,1152,16,265348.0,1040.0,1037.3330078125,265348.0,0.0,0.0,0.0,0.0,1.0,0,0.0,0.0,100bs-3n-24th-231143s-DENV_3-colombia-BVBRC_genome_sequence,sequana_cpu_dev,3,11374853.0,100,1,24,231143,DENV_3-colombia-BVBRC_genome_sequence,4141.08,1465.6,5606.68,289.62,102.32,391.93,130.64,14.33, sdumont6165,89706.88
0.0,1008,14,265348.0,3148.0,1740.0,265348.0,0.0,0.0,0.0,0.0,1.0,0,0.0,0.0,100bs-3n-24th-231143s-DENV_3-colombia-BVBRC_genome_sequence,sequana_cpu_dev,3,11374854.0,100,1,24,231143,DENV_3-colombia-BVBRC_genome_sequence,3801.19,1316.14,5117.33,308.89,107.09,415.97,138.66,12.33, sdumont6165,71642.62
0.0,1008,14,265348.0,3052.0,1705.3330078125,265348.0,0.0,0.0,0.0,0.0,1.0,0,0.0,0.0,100bs-3n-24th-231143s-DENV_3-colombia-BVBRC_genome_sequence,sequana_cpu_dev,3,11374855.0,100,1,24,231143,DENV_3-colombia-BVBRC_genome_sequence,3858.93,1328.01,5186.94,313.71,107.78,421.49,140.5,12.33, sdumont6165,72617.15999999999
2831.0,8928,124,2599646.666015625,156896.0,154798.666015625,2599752.0,2037.76,4392.96,2048.0,4392.96,1.0,0,15.0,21.0,1000bs-3n-24th-231143s-DENV_3-colombia-BVBRC_genome_sequence,sequana_cpu_dev,3,11374856.0,1000,1,24,231143,DENV_3-colombia-BVBRC_genome_sequence,44514.86,14757.02,59271.88,361.91,119.98,481.89,160.63,123.0, sdumont6165,7349713.12
2126.0,7920,110,2599694.666015625,158808.0,156129.3330078125,2599900.0,1802.24,4362.24,1802.24,4362.24,1.0,0,47.0,92.0,1000bs-3n-24th-231143s-DENV_3-colombia-BVBRC_genome_sequence,sequana_cpu_dev,3,11374857.0,1000,1,24,231143,DENV_3-colombia-BVBRC_genome_sequence,39057.1,13055.95,52113.04,358.32,119.78,478.1,159.37,109.0, sdumont6165,5732434.4
2129.0,7416,103,2599697.3330078125,157032.0,154136.0,2599756.0,1792.0,4372.48,1802.24,4372.48,1.0,0,31.0,57.0,1000bs-3n-24th-231143s-DENV_3-colombia-BVBRC_genome_sequence,sequana_cpu_dev,3,11374858.0,1000,1,24,231143,DENV_3-colombia-BVBRC_genome_sequence,36089.32,12238.0,48327.32,357.32,121.17,478.49,159.5,101.0, sdumont6165,4977713.96
2128.0,8064,112,2599646.666015625,156748.0,154736.0,2599752.0,1792.0,4362.24,1802.24,4362.24,4.0,0,15.0,25.0,1000bs-3n-24th-231143s-DENV_3-colombia-BVBRC_genome_sequence,sequana_cpu_dev,3,11374860.0,1000,1,24,231143,DENV_3-colombia-BVBRC_genome_sequence,40295.32,13458.51,53753.82,363.02,121.25,484.27,161.42,111.0, sdumont6165,6020427.84
2121.0,8424,117,2599688.0,160928.0,156932.0,2599880.0,1802.24,4352.0,1802.24,4352.0,1.0,0,22.0,28.0,1000bs-3n-24th-231143s-DENV_3-colombia-BVBRC_genome_sequence,sequana_cpu_dev,3,11374861.0,1000,1,24,231143,DENV_3-colombia-BVBRC_genome_sequence,42114.66,13997.41,56112.06,363.06,120.67,483.72,161.24,116.0, sdumont6165,6565111.02
0.0,2070,23,265348.0,3120.0,3081.3330078125,265348.0,0.0,0.0,0.0,0.0,1.0,0,0.0,0.0,100bs-3n-30th-231143s-DENV_3-colombia-BVBRC_genome_sequence,sequana_cpu_dev,3,11374863.0,100,1,30,231143,DENV_3-colombia-BVBRC_genome_sequence,6948.87,4631.42,11580.29,315.86,210.52,526.38,175.46,22.0, sdumont6165,266346.67000000004
0.0,1800,20,265348.0,3180.0,3149.3330078125,265348.0,0.0,0.0,0.0,0.0,1.0,0,0.0,0.0,100bs-3n-30th-231143s-DENV_3-colombia-BVBRC_genome_sequence,sequana_cpu_dev,3,11374865.0,100,1,30,231143,DENV_3-colombia-BVBRC_genome_sequence,5722.28,3950.69,9672.97,301.17,207.93,509.1,169.7,19.0, sdumont6165,193459.4
0.0,1710,19,265348.0,3064.0,3061.3330078125,265348.0,0.0,0.0,0.0,0.0,1.0,0,0.0,0.0,100bs-3n-30th-231143s-DENV_3-colombia-BVBRC_genome_sequence,sequana_cpu_dev,3,11374866.0,100,1,30,231143,DENV_3-colombia-BVBRC_genome_sequence,5951.36,4073.63,10024.99,330.63,226.31,556.94,185.65,18.0, sdumont6165,190474.81
0.0,2070,23,265348.0,3136.0,3101.3330078125,265348.0,0.0,0.0,0.0,0.0,1.0,0,0.0,0.0,100bs-3n-30th-231143s-DENV_3-colombia-BVBRC_genome_sequence,sequana_cpu_dev,3,11374868.0,100,1,30,231143,DENV_3-colombia-BVBRC_genome_sequence,6520.62,4426.46,10947.08,326.03,221.32,547.35,182.45,20.0, sdumont6165,251782.84
0.0,2070,23,265348.0,3184.0,3129.3330078125,265348.0,0.0,0.0,0.0,0.0,1.0,0,0.0,0.0,100bs-3n-30th-231143s-DENV_3-colombia-BVBRC_genome_sequence,sequana_cpu_dev,3,11374869.0,100,1,30,231143,DENV_3-colombia-BVBRC_genome_sequence,6333.68,4353.08,10686.76,297.48,204.28,501.76,167.25,21.33, sdumont6165,245795.48
4439.0,15210,169,3005317.3330078125,164792.0,161710.666015625,3005404.0,2242.56,4382.72,2252.8,4392.96,1.0,0,18.0,26.0,1000bs-3n-30th-231143s-DENV_3-colombia-BVBRC_genome_sequence,sequana_cpu_dev,3,11374870.0,1000,1,30,231143,DENV_3-colombia-BVBRC_genome_sequence,58980.27,39946.24,98926.51,351.74,238.25,589.99,196.66,167.67, sdumont6165,16718580.19
4435.0,16290,181,3008982.666015625,163016.0,161072.0,3010988.0,2222.08,4372.48,2242.56,4392.96,1.0,0,24.0,31.0,1000bs-3n-30th-231143s-DENV_3-colombia-BVBRC_genome_sequence,sequana_cpu_dev,3,11374871.0,1000,1,30,231143,DENV_3-colombia-BVBRC_genome_sequence,63920.56,43006.33,106926.89,355.11,238.92,594.04,198.01,180.0, sdumont6165,19353767.09
4401.0,13680,152,3155566.666015625,166104.0,161358.666015625,3233340.0,2222.08,4392.96,2222.08,4392.96,1.0,0,46.0,106.0,1000bs-3n-30th-231143s-DENV_3-colombia-BVBRC_genome_sequence,sequana_cpu_dev,3,11374872.0,1000,1,30,231143,DENV_3-colombia-BVBRC_genome_sequence,52151.28,35704.45,87855.72,345.37,236.45,581.83,193.94,151.0, sdumont6165,13354069.44
4433.0,15120,168,3005217.3330078125,163096.0,158916.0,3005292.0,2242.56,4372.48,2242.56,4382.72,1.0,0,27.0,34.0,1000bs-3n-30th-231143s-DENV_3-colombia-BVBRC_genome_sequence,sequana_cpu_dev,3,11374873.0,1000,1,30,231143,DENV_3-colombia-BVBRC_genome_sequence,58967.16,39951.95,98919.11,354.46,240.18,594.64,198.21,166.33, sdumont6165,16618410.48
4441.0,15660,174,3007120.0,161928.0,159341.3330078125,3010852.0,2232.32,4382.72,2232.32,4392.96,1.0,0,13.0,19.0,1000bs-3n-30th-231143s-DENV_3-colombia-BVBRC_genome_sequence,sequana_cpu_dev,3,11374874.0,1000,1,30,231143,DENV_3-colombia-BVBRC_genome_sequence,59985.93,40717.77,100703.7,348.76,236.73,585.49,195.16,172.0, sdumont6165,17522443.8
0.0,2376,22,265348.0,3156.0,3141.3330078125,265348.0,0.0,0.0,0.0,0.0,1.0,0,0.0,0.0,100bs-3n-36th-231143s-DENV_3-colombia-BVBRC_genome_sequence,sequana_cpu_dev,3,11374875.0,100,1,36,231143,DENV_3-colombia-BVBRC_genome_sequence,6311.16,5400.93,11712.08,315.56,270.05,585.6,195.2,20.0, sdumont6165,257665.76
0.0,2052,19,265348.0,3092.0,3070.666015625,265348.0,0.0,0.0,0.0,0.0,1.0,0,0.0,0.0,100bs-3n-36th-231143s-DENV_3-colombia-BVBRC_genome_sequence,sequana_cpu_dev,3,11374877.0,100,1,36,231143,DENV_3-colombia-BVBRC_genome_sequence,5167.53,4445.08,9612.61,292.56,251.68,544.24,181.41,17.67, sdumont6165,182639.59000000003
0.0,2160,20,265348.0,3144.0,3094.666015625,265348.0,0.0,0.0,0.0,0.0,1.0,0,0.0,0.0,100bs-3n-36th-231143s-DENV_3-colombia-BVBRC_genome_sequence,sequana_cpu_dev,3,11374878.0,100,1,36,231143,DENV_3-colombia-BVBRC_genome_sequence,5997.59,5159.28,11156.87,315.66,271.54,587.2,195.73,19.0, sdumont6165,223137.4
0.0,2592,24,265348.0,3164.0,2421.3330078125,265348.0,0.0,0.0,0.0,0.0,1.0,0,0.0,0.0,100bs-3n-36th-231143s-DENV_3-colombia-BVBRC_genome_sequence,sequana_cpu_dev,3,11374879.0,100,1,36,231143,DENV_3-colombia-BVBRC_genome_sequence,7507.26,6418.12,13925.39,326.4,279.05,605.45,201.82,23.0, sdumont6165,334209.36
0.0,2376,22,265348.0,3128.0,3114.666015625,265348.0,0.0,0.0,0.0,0.0,1.0,0,0.0,0.0,100bs-3n-36th-231143s-DENV_3-colombia-BVBRC_genome_sequence,sequana_cpu_dev,3,11374880.0,100,1,36,231143,DENV_3-colombia-BVBRC_genome_sequence,6799.13,5736.68,12535.81,328.88,277.56,606.44,202.15,20.67, sdumont6165,275787.82
5331.0,18576,172,3410744.0,163780.0,161305.3330078125,3410848.0,2222.08,4382.72,2222.08,4392.96,1.0,0,33.0,39.0,1000bs-3n-36th-231143s-DENV_3-colombia-BVBRC_genome_sequence,sequana_cpu_dev,3,11374887.0,1000,1,36,231143,DENV_3-colombia-BVBRC_genome_sequence,59195.16,50830.63,110025.79,346.17,297.26,643.43,214.48,171.0, sdumont6165,18924435.88
6397.0,19872,184,3410808.0,165428.0,163598.666015625,3410936.0,2416.64,4392.96,2447.36,4392.96,1.0,0,30.0,43.0,1000bs-3n-36th-231143s-DENV_3-colombia-BVBRC_genome_sequence,sequana_cpu_dev,3,11374893.0,1000,1,36,231143,DENV_3-colombia-BVBRC_genome_sequence,64204.64,55408.7,119613.34,350.85,302.78,653.62,217.87,183.0, sdumont6165,22008854.56
5331.0,18684,173,3562984.0,163540.0,162212.0,3639072.0,2201.6,4372.48,2211.84,4382.72,1.0,0,33.0,43.0,1000bs-3n-36th-231143s-DENV_3-colombia-BVBRC_genome_sequence,sequana_cpu_dev,3,11374895.0,1000,1,36,231143,DENV_3-colombia-BVBRC_genome_sequence,59950.42,51761.13,111711.55,349.2,301.53,650.73,216.91,171.67, sdumont6165,19326098.15
6394.0,19656,182,3486858.666015625,165300.0,161860.0,3638924.0,2508.8,4474.88,2662.4,4618.24,1.0,0,26.0,32.0,1000bs-3n-36th-231143s-DENV_3-colombia-BVBRC_genome_sequence,sequana_cpu_dev,3,11374896.0,1000,1,36,231143,DENV_3-colombia-BVBRC_genome_sequence,63289.46,54654.88,117944.35,350.98,303.09,654.07,218.02,180.33, sdumont6165,21465871.7
6388.0,20412,189,3486858.666015625,161556.0,160393.3330078125,3639192.0,2457.6,4392.96,2467.84,4392.96,1.0,0,23.0,27.0,1000bs-3n-36th-231143s-DENV_3-colombia-BVBRC_genome_sequence,sequana_cpu_dev,3,11374897.0,1000,1,36,231143,DENV_3-colombia-BVBRC_genome_sequence,66426.12,57292.52,123718.64,353.33,304.75,658.08,219.36,188.0, sdumont6165,23382822.96
0.0,2772,22,265348.0,3152.0,2437.3330078125,265348.0,0.0,0.0,0.0,0.0,1.0,0,0.0,0.0,100bs-3n-42th-231143s-DENV_3-colombia-BVBRC_genome_sequence,sequana_cpu_dev,3,11374898.0,100,1,42,231143,DENV_3-colombia-BVBRC_genome_sequence,6712.37,6022.94,12735.31,330.45,296.28,626.73,208.91,20.33, sdumont6165,280176.82
0.0,3024,24,265348.0,3180.0,3144.0,265348.0,0.0,0.0,0.0,0.0,1.0,0,0.0,0.0,100bs-3n-42th-231143s-DENV_3-colombia-BVBRC_genome_sequence,sequana_cpu_dev,3,11374899.0,100,1,42,231143,DENV_3-colombia-BVBRC_genome_sequence,7693.38,6946.16,14639.55,344.75,311.05,655.8,218.6,22.33, sdumont6165,351349.19999999995
0.0,2772,22,265348.0,3208.0,3157.3330078125,265348.0,0.0,0.0,0.0,0.0,1.0,0,0.0,0.0,100bs-3n-42th-231143s-DENV_3-colombia-BVBRC_genome_sequence,sequana_cpu_dev,3,11374900.0,100,1,42,231143,DENV_3-colombia-BVBRC_genome_sequence,6767.22,6101.24,12868.46,333.06,300.09,633.15,211.05,20.33, sdumont6165,283106.12
0.0,2772,22,265348.0,3160.0,2450.666015625,265348.0,0.0,0.0,0.0,0.0,1.0,0,0.0,0.0,100bs-3n-42th-231143s-DENV_3-colombia-BVBRC_genome_sequence,sequana_cpu_dev,3,11374902.0,100,1,42,231143,DENV_3-colombia-BVBRC_genome_sequence,6864.2,6148.51,13012.7,337.89,302.44,640.33,213.44,20.33, sdumont6165,286279.4
0.0,3654,29,265348.0,3168.0,2453.3330078125,265348.0,0.0,0.0,0.0,0.0,1.0,0,0.0,0.0,100bs-3n-42th-231143s-DENV_3-colombia-BVBRC_genome_sequence,sequana_cpu_dev,3,11374903.0,100,1,42,231143,DENV_3-colombia-BVBRC_genome_sequence,9419.6,8526.81,17946.41,344.86,312.01,656.87,218.96,27.33, sdumont6165,520445.89
7474.0,26208,208,3892362.666015625,165896.0,164322.666015625,4044476.0,2447.36,4382.72,2447.36,4392.96,1.0,0,22.0,29.0,1000bs-3n-42th-231143s-DENV_3-colombia-BVBRC_genome_sequence,sequana_cpu_dev,3,11374905.0,1000,1,42,231143,DENV_3-colombia-BVBRC_genome_sequence,70828.71,63856.49,134685.19,350.07,315.59,665.66,221.89,202.33, sdumont6165,28014519.52
7480.0,24822,197,3818226.666015625,166516.0,164634.666015625,3821768.0,2447.36,4382.72,2447.36,4382.72,1.0,0,35.0,41.0,1000bs-3n-42th-231143s-DENV_3-colombia-BVBRC_genome_sequence,sequana_cpu_dev,3,11374907.0,1000,1,42,231143,DENV_3-colombia-BVBRC_genome_sequence,67538.94,60575.28,128114.22,345.79,310.11,655.9,218.63,195.33, sdumont6165,25238501.34
7479.0,25452,202,3894246.666015625,165492.0,162194.666015625,4044628.0,2426.88,4392.96,2437.12,4392.96,1.0,0,29.0,35.0,1000bs-3n-42th-231143s-DENV_3-colombia-BVBRC_genome_sequence,sequana_cpu_dev,3,11374908.0,1000,1,42,231143,DENV_3-colombia-BVBRC_genome_sequence,70389.22,63511.37,133900.59,351.38,317.02,668.4,222.8,200.33, sdumont6165,27047919.18
7488.0,23184,184,3816301.333007813,165712.0,161180.0,3816412.0,2426.88,4392.96,2437.12,4392.96,1.0,0,64.0,118.0,1000bs-3n-42th-231143s-DENV_3-colombia-BVBRC_genome_sequence,sequana_cpu_dev,3,11374911.0,1000,1,42,231143,DENV_3-colombia-BVBRC_genome_sequence,63193.52,56629.28,119822.8,346.61,310.58,657.19,219.06,182.33, sdumont6165,22047395.2
7408.0,23814,189,3819993.333007813,163560.0,161521.3330078125,3821928.0,2437.12,4392.96,2437.12,4392.96,1.0,0,34.0,76.0,1000bs-3n-42th-231143s-DENV_3-colombia-BVBRC_genome_sequence,sequana_cpu_dev,3,11374913.0,1000,1,42,231143,DENV_3-colombia-BVBRC_genome_sequence,63802.08,57196.08,120998.16,341.19,305.84,647.03,215.68,187.0, sdumont6165,22868652.24
0.0,3600,25,265348.0,3236.0,3178.666015625,265348.0,0.0,0.0,0.0,0.0,1.0,0,0.0,0.0,100bs-3n-48th-231143s-DENV_3-colombia-BVBRC_genome_sequence,sequana_cpu_dev,3,11374914.0,100,1,48,231143,DENV_3-colombia-BVBRC_genome_sequence,7510.35,7471.08,14981.43,326.54,324.83,651.37,217.12,23.0, sdumont6165,374535.75
0.0,3312,23,265348.0,3208.0,3168.0,265348.0,0.0,0.0,0.0,0.0,1.0,0,0.0,0.0,100bs-3n-48th-231143s-DENV_3-colombia-BVBRC_genome_sequence,sequana_cpu_dev,3,11374916.0,100,1,48,231143,DENV_3-colombia-BVBRC_genome_sequence,6784.13,6728.22,13512.35,323.05,320.39,643.45,214.48,21.0, sdumont6165,310784.05
0.0,3456,24,265348.0,3156.0,2437.3330078125,265348.0,0.0,0.0,0.0,0.0,2.0,0,0.0,0.0,100bs-3n-48th-231143s-DENV_3-colombia-BVBRC_genome_sequence,sequana_cpu_dev,3,11374919.0,100,1,48,231143,DENV_3-colombia-BVBRC_genome_sequence,7547.67,7477.28,15024.95,343.08,339.88,682.95,227.65,22.0, sdumont6165,360598.8000000001
0.0,3600,25,265348.0,3156.0,3138.666015625,265348.0,0.0,0.0,0.0,0.0,1.0,0,0.0,0.0,100bs-3n-48th-231143s-DENV_3-colombia-BVBRC_genome_sequence,sequana_cpu_dev,3,11374920.0,100,1,48,231143,DENV_3-colombia-BVBRC_genome_sequence,7608.69,7505.04,15113.72,330.81,326.31,657.12,219.04,23.0, sdumont6165,377843.0
0.0,3456,24,265348.0,3244.0,3182.666015625,265348.0,0.0,0.0,0.0,0.0,1.0,0,0.0,0.0,100bs-3n-48th-231143s-DENV_3-colombia-BVBRC_genome_sequence,sequana_cpu_dev,3,11374921.0,100,1,48,231143,DENV_3-colombia-BVBRC_genome_sequence,7483.81,7422.84,14906.65,340.17,337.4,677.58,225.86,22.0, sdumont6165,357759.6
9972.0,30672,213,4223901.3330078125,167540.0,165733.3330078125,4227904.0,2693.12,4392.96,2693.12,4403.2,1.0,0,37.0,48.0,1000bs-3n-48th-231143s-DENV_3-colombia-BVBRC_genome_sequence,sequana_cpu_dev,3,11374923.0,1000,1,48,231143,DENV_3-colombia-BVBRC_genome_sequence,75285.15,74832.6,150117.75,356.8,354.66,711.46,237.15,211.0, sdumont6165,31975080.75
9965.0,33552,233,4225676.0,167612.0,164144.0,4227632.0,2682.88,4392.96,2693.12,4392.96,3.0,0,30.0,38.0,1000bs-3n-48th-231143s-DENV_3-colombia-BVBRC_genome_sequence,sequana_cpu_dev,3,11374924.0,1000,1,48,231143,DENV_3-colombia-BVBRC_genome_sequence,82598.39,82518.39,165116.78,357.57,357.22,714.79,238.26,231.0, sdumont6165,38472209.74
9976.0,32112,223,4221873.3330078125,165436.0,163324.0,4221928.0,2682.88,4392.96,2693.12,4403.2,3.0,0,28.0,41.0,1000bs-3n-48th-231143s-DENV_3-colombia-BVBRC_genome_sequence,sequana_cpu_dev,3,11374925.0,1000,1,48,231143,DENV_3-colombia-BVBRC_genome_sequence,77734.72,77766.94,155501.66,351.74,351.89,703.63,234.54,221.0, sdumont6165,34676870.18
9966.0,31392,218,4221909.3330078125,167028.0,163964.0,4222088.0,2693.12,4392.96,2703.36,4403.2,1.0,0,38.0,48.0,1000bs-3n-48th-231143s-DENV_3-colombia-BVBRC_genome_sequence,sequana_cpu_dev,3,11374929.0,1000,1,48,231143,DENV_3-colombia-BVBRC_genome_sequence,76989.85,77127.42,154117.27,356.43,357.07,713.51,237.84,216.0, sdumont6165,33597564.86
9969.0,32976,229,4299858.666015625,163364.0,161313.3330078125,4450328.0,2682.88,4392.96,2693.12,4403.2,1.0,0,27.0,28.0,1000bs-3n-48th-231143s-DENV_3-colombia-BVBRC_genome_sequence,sequana_cpu_dev,3,11374931.0,1000,1,48,231143,DENV_3-colombia-BVBRC_genome_sequence,80636.07,80639.66,161275.72,355.22,355.24,710.47,236.82,227.0, sdumont6165,36932139.88
0.0,184,23,265348.0,3120.0,3080.0,265348.0,0.0,0.0,0.0,0.0,1.0,0,0.0,0.0,100bs-4n-2th-231143s-DENV_3-colombia-BVBRC_genome_sequence,sequana_cpu_dev,4,11374933.0,100,1,2,231143,DENV_3-colombia-BVBRC_genome_sequence,4625.0,3312.78,7937.79,210.23,150.58,360.81,90.2,22.0, sdumont6165,182569.17
0.0,80,10,265348.0,3136.0,3124.0,265348.0,0.0,0.0,0.0,0.0,1.0,0,0.0,0.0,100bs-4n-2th-231143s-DENV_3-colombia-BVBRC_genome_sequence,sequana_cpu_dev,4,11374934.0,100,1,2,231143,DENV_3-colombia-BVBRC_genome_sequence,2116.19,1387.22,3503.4,235.13,154.14,389.27,97.32,9.0, sdumont6165,35034.0
0.0,88,11,265348.0,3120.0,3087.0,265348.0,0.0,0.0,0.0,0.0,1.0,0,0.0,0.0,100bs-4n-2th-231143s-DENV_3-colombia-BVBRC_genome_sequence,sequana_cpu_dev,4,11374937.0,100,1,2,231143,DENV_3-colombia-BVBRC_genome_sequence,2109.83,1382.0,3491.83,210.98,138.2,349.18,87.3,10.0, sdumont6165,38410.13
0.0,96,12,265348.0,3160.0,3124.0,265348.0,0.0,0.0,0.0,0.0,0.0,0,0.0,0.0,100bs-4n-2th-231143s-DENV_3-colombia-BVBRC_genome_sequence,sequana_cpu_dev,4,11374945.0,100,1,2,231143,DENV_3-colombia-BVBRC_genome_sequence,2036.92,1357.93,3394.85,185.17,123.45,308.62,77.16,11.0, sdumont6165,40738.2
0.0,88,11,265348.0,3176.0,3109.0,265348.0,0.0,0.0,0.0,0.0,1.0,0,0.0,0.0,100bs-4n-2th-231143s-DENV_3-colombia-BVBRC_genome_sequence,sequana_cpu_dev,4,11374952.0,100,1,2,231143,DENV_3-colombia-BVBRC_genome_sequence,2112.31,1382.62,3494.93,234.7,153.62,388.33,97.08,9.0, sdumont6165,38444.23
168.0,752,94,1110008.0,159192.0,149705.0,1113044.0,1802.24,4341.76,1812.48,4341.76,1.0,0,0.0,0.0,1000bs-4n-2th-231143s-DENV_3-colombia-BVBRC_genome_sequence,sequana_cpu_dev,4,11374956.0,1000,1,2,231143,DENV_3-colombia-BVBRC_genome_sequence,22103.63,14492.05,36595.68,237.67,155.83,393.5,98.38,93.0, sdumont6165,3439993.92
115.0,704,88,1111430.0,149240.0,146667.0,1118568.0,1576.96,4300.8,1587.2,4300.8,1.0,0,0.0,0.0,1000bs-4n-2th-231143s-DENV_3-colombia-BVBRC_genome_sequence,sequana_cpu_dev,4,11374960.0,1000,1,2,231143,DENV_3-colombia-BVBRC_genome_sequence,21279.94,13883.95,35163.89,244.6,159.59,404.18,101.05,87.0, sdumont6165,3094422.32
166.0,768,96,1110068.0,155140.0,148202.0,1113144.0,1802.24,4341.76,1812.48,4341.76,0.0,0,59.0,236.0,1000bs-4n-2th-231143s-DENV_3-colombia-BVBRC_genome_sequence,sequana_cpu_dev,4,11374961.0,1000,1,2,231143,DENV_3-colombia-BVBRC_genome_sequence,22268.54,15141.75,37410.29,234.41,159.39,393.79,98.45,95.0, sdumont6165,3591387.84
113.0,712,89,1110043.0,153020.0,147653.0,1113044.0,1576.96,4300.8,1587.2,4300.8,1.0,0,0.0,0.0,1000bs-4n-2th-231143s-DENV_3-colombia-BVBRC_genome_sequence,sequana_cpu_dev,4,11374962.0,1000,1,2,231143,DENV_3-colombia-BVBRC_genome_sequence,21059.21,14173.38,35232.58,239.31,161.06,400.37,100.09,88.0, sdumont6165,3135699.62
165.0,824,103,1110008.0,149276.0,146667.0,1113044.0,1802.24,4341.76,1812.48,4341.76,0.0,0,0.0,0.0,1000bs-4n-2th-231143s-DENV_3-colombia-BVBRC_genome_sequence,sequana_cpu_dev,4,11374965.0,1000,1,2,231143,DENV_3-colombia-BVBRC_genome_sequence,23669.17,16237.29,39906.46,232.05,159.19,391.24,97.81,102.0, sdumont6165,4110365.38
0.0,216,9,265348.0,3184.0,2596.0,265348.0,0.0,0.0,0.0,0.0,1.0,0,0.0,0.0,100bs-4n-6th-231143s-DENV_3-colombia-BVBRC_genome_sequence,sequana_cpu_dev,4,11374968.0,100,1,6,231143,DENV_3-colombia-BVBRC_genome_sequence,2090.57,1057.83,3148.4,261.32,132.23,393.55,98.39,8.0, sdumont6165,28335.6
0.0,192,8,265348.0,3120.0,3089.0,265348.0,0.0,0.0,0.0,0.0,1.0,0,0.0,0.0,100bs-4n-6th-231143s-DENV_3-colombia-BVBRC_genome_sequence,sequana_cpu_dev,4,11374970.0,100,1,6,231143,DENV_3-colombia-BVBRC_genome_sequence,2132.93,1057.4,3190.33,304.7,151.06,455.76,113.94,7.0, sdumont6165,25522.64
0.0,168,7,265348.0,3120.0,2562.0,265348.0,0.0,0.0,0.0,0.0,1.0,0,0.0,0.0,100bs-4n-6th-231143s-DENV_3-colombia-BVBRC_genome_sequence,sequana_cpu_dev,4,11374973.0,100,1,6,231143,DENV_3-colombia-BVBRC_genome_sequence,1389.74,699.0,2088.74,231.62,116.5,348.12,87.03,6.0, sdumont6165,14621.179999999998
0.0,216,9,265348.0,3156.0,2594.0,265348.0,0.0,0.0,0.0,0.0,1.0,0,0.0,0.0,100bs-4n-6th-231143s-DENV_3-colombia-BVBRC_genome_sequence,sequana_cpu_dev,4,11374975.0,100,1,6,231143,DENV_3-colombia-BVBRC_genome_sequence,1975.59,1000.17,2975.76,246.95,125.02,371.97,92.99,8.0, sdumont6165,26781.840000000004
0.0,264,11,265348.0,3180.0,3173.0,265348.0,0.0,0.0,0.0,0.0,1.0,0,0.0,0.0,100bs-4n-6th-231143s-DENV_3-colombia-BVBRC_genome_sequence,sequana_cpu_dev,4,11374978.0,100,1,6,231143,DENV_3-colombia-BVBRC_genome_sequence,2504.74,1368.54,3873.28,278.3,152.06,430.36,107.59,9.0, sdumont6167,42606.08
171.0,1440,60,1380003.0,153304.0,148840.0,1382984.0,1361.92,4270.08,1372.16,4270.08,3.0,0,0.0,1.0,1000bs-4n-6th-231143s-DENV_3-colombia-BVBRC_genome_sequence,sequana_cpu_dev,4,11374981.0,1000,1,6,231143,DENV_3-colombia-BVBRC_genome_sequence,20238.71,9680.71,29919.42,343.03,164.08,507.11,126.78,59.0, sdumont6167,1795165.2
340.0,1848,77,1438451.0,157364.0,151416.0,1611216.0,1587.2,4331.52,1597.44,4331.52,6.0,0,0.0,1.0,1000bs-4n-6th-231143s-DENV_3-colombia-BVBRC_genome_sequence,sequana_cpu_dev,4,11374982.0,1000,1,6,231143,DENV_3-colombia-BVBRC_genome_sequence,23771.96,11585.74,35357.69,339.6,165.51,505.11,126.28,70.0, sdumont6167,2722542.1300000004
345.0,1512,63,1381395.0,155468.0,149822.0,1382984.0,1576.96,4341.76,1576.96,4341.76,374.0,0,0.0,1.0,1000bs-4n-6th-231143s-DENV_3-colombia-BVBRC_genome_sequence,sequana_cpu_dev,4,11374985.0,1000,1,6,231143,DENV_3-colombia-BVBRC_genome_sequence,20955.63,9980.19,30935.82,337.99,160.97,498.96,124.74,62.0, sdumont6166,1948956.66
342.0,1560,65,1380002.0,149600.0,146861.0,1382984.0,1576.96,4341.76,1587.2,4341.76,1.0,0,1.0,2.0,1000bs-4n-6th-231143s-DENV_3-colombia-BVBRC_genome_sequence,sequana_cpu_dev,4,11374989.0,1000,1,6,231143,DENV_3-colombia-BVBRC_genome_sequence,21415.41,10220.12,31635.53,334.62,159.69,494.31,123.58,64.0, sdumont6166,2056309.45
338.0,1728,72,1380113.0,151324.0,149401.0,1383132.0,1576.96,4321.28,1597.44,4321.28,1.0,0,0.0,1.0,1000bs-4n-6th-231143s-DENV_3-colombia-BVBRC_genome_sequence,sequana_cpu_dev,4,11374991.0,1000,1,6,231143,DENV_3-colombia-BVBRC_genome_sequence,23630.96,11389.69,35020.64,337.59,162.71,500.29,125.07,70.0, sdumont6166,2521486.08
0.0,432,9,265348.0,3168.0,1568.0,265348.0,0.0,0.0,0.0,0.0,1.0,0,0.0,0.0,100bs-4n-12th-231143s-DENV_3-colombia-BVBRC_genome_sequence,sequana_cpu_dev,4,11374993.0,100,1,12,231143,DENV_3-colombia-BVBRC_genome_sequence,2628.77,1060.25,3689.02,375.54,151.46,527.0,131.75,7.0, sdumont6166,33201.18
0.0,480,10,265348.0,1040.0,1036.0,265348.0,0.0,0.0,0.0,0.0,1.0,0,0.0,0.0,100bs-4n-12th-231143s-DENV_3-colombia-BVBRC_genome_sequence,sequana_cpu_dev,4,11374995.0,100,1,12,231143,DENV_3-colombia-BVBRC_genome_sequence,2728.7,1109.23,3837.92,330.12,133.97,464.09,116.02,8.25, sdumont6165,38379.2
0.0,384,8,265348.0,3128.0,1558.0,265348.0,0.0,0.0,0.0,0.0,1.0,0,0.0,0.0,100bs-4n-12th-231143s-DENV_3-colombia-BVBRC_genome_sequence,sequana_cpu_dev,4,11374999.0,100,1,12,231143,DENV_3-colombia-BVBRC_genome_sequence,2603.87,1065.86,3669.73,371.98,152.27,524.25,131.06,7.0, sdumont6165,29357.84
0.0,432,9,265348.0,3244.0,1587.0,265348.0,0.0,0.0,0.0,0.0,1.0,0,0.0,0.0,100bs-4n-12th-231143s-DENV_3-colombia-BVBRC_genome_sequence,sequana_cpu_dev,4,11375001.0,100,1,12,231143,DENV_3-colombia-BVBRC_genome_sequence,2536.36,1036.51,3572.87,317.04,129.56,446.61,111.65,8.0, sdumont6165,32155.83
0.0,432,9,265348.0,3148.0,1566.0,265348.0,0.0,0.0,0.0,0.0,1.0,0,0.0,0.0,100bs-4n-12th-231143s-DENV_3-colombia-BVBRC_genome_sequence,sequana_cpu_dev,4,11375002.0,100,1,12,231143,DENV_3-colombia-BVBRC_genome_sequence,2566.89,1055.9,3622.79,320.86,131.99,452.85,113.21,8.0, sdumont6165,32605.11
702.0,3216,67,1786915.0,155756.0,149799.0,1794092.0,1587.2,4331.52,1587.2,4341.76,1.0,0,2.0,4.0,1000bs-4n-12th-231143s-DENV_3-colombia-BVBRC_genome_sequence,sequana_cpu_dev,4,11375004.0,1000,1,12,231143,DENV_3-colombia-BVBRC_genome_sequence,27055.92,10576.38,37632.3,416.24,162.71,578.96,144.74,65.0, sdumont6166,2521364.1
704.0,3120,65,1844011.0,155944.0,151029.0,2016764.0,1587.2,4341.76,1597.44,4341.76,1.0,0,4.0,7.0,1000bs-4n-12th-231143s-DENV_3-colombia-BVBRC_genome_sequence,sequana_cpu_dev,4,11375007.0,1000,1,12,231143,DENV_3-colombia-BVBRC_genome_sequence,26367.92,10218.02,36585.93,425.29,164.81,590.1,147.52,62.0, sdumont6166,2378085.45
680.0,3600,75,1788302.0,151876.0,148280.0,1794096.0,1576.96,4321.28,1576.96,4321.28,1907.0,0,63.0,234.0,1000bs-4n-12th-231143s-DENV_3-colombia-BVBRC_genome_sequence,sequana_cpu_dev,4,11375011.0,1000,1,12,231143,DENV_3-colombia-BVBRC_genome_sequence,29455.28,11789.21,41244.49,407.72,163.17,570.89,142.72,72.25, sdumont6165,3093336.75
703.0,3360,70,1785516.0,153700.0,149739.0,1788536.0,1576.96,4341.76,1587.2,4341.76,1.0,0,6.0,9.0,1000bs-4n-12th-231143s-DENV_3-colombia-BVBRC_genome_sequence,sequana_cpu_dev,4,11375022.0,1000,1,12,231143,DENV_3-colombia-BVBRC_genome_sequence,28419.19,11199.42,39618.61,411.87,162.31,574.18,143.55,69.0, sdumont6165,2773302.7
702.0,3216,67,1785564.0,153804.0,148723.0,1788540.0,1576.96,4331.52,1587.2,4341.76,1.0,0,6.0,8.0,1000bs-4n-12th-231143s-DENV_3-colombia-BVBRC_genome_sequence,sequana_cpu_dev,4,11375024.0,1000,1,12,231143,DENV_3-colombia-BVBRC_genome_sequence,27183.37,10695.43,37878.79,411.87,162.05,573.92,143.48,66.0, sdumont6165,2537878.93
0.0,864,12,265348.0,1036.0,1033.0,265348.0,0.0,0.0,0.0,0.0,1.0,0,0.0,0.0,100bs-4n-18th-231143s-DENV_3-colombia-BVBRC_genome_sequence,sequana_cpu_dev,4,11375027.0,100,1,18,231143,DENV_3-colombia-BVBRC_genome_sequence,3833.71,1459.23,5292.94,348.52,132.66,481.18,120.29,11.0, sdumont6165,63515.28
0.0,864,12,265348.0,1040.0,1038.0,265348.0,0.0,0.0,0.0,0.0,1.0,0,0.0,0.0,100bs-4n-18th-231143s-DENV_3-colombia-BVBRC_genome_sequence,sequana_cpu_dev,4,11375028.0,100,1,18,231143,DENV_3-colombia-BVBRC_genome_sequence,4396.63,1650.83,6047.46,399.69,150.08,549.77,137.44,11.0, sdumont6165,72569.52
0.0,1080,15,265348.0,3160.0,1564.0,265348.0,0.0,0.0,0.0,0.0,568.0,0,0.0,0.0,100bs-4n-18th-231143s-DENV_3-colombia-BVBRC_genome_sequence,sequana_cpu_dev,4,11375032.0,100,1,18,231143,DENV_3-colombia-BVBRC_genome_sequence,4844.97,2051.53,6896.5,346.07,146.54,492.61,123.15,14.0, sdumont6166,103447.5
0.0,936,13,265348.0,1040.0,1037.0,265348.0,0.0,0.0,0.0,0.0,30.0,0,0.0,0.0,100bs-4n-18th-231143s-DENV_3-colombia-BVBRC_genome_sequence,sequana_cpu_dev,4,11375037.0,100,1,18,231143,DENV_3-colombia-BVBRC_genome_sequence,4533.55,1718.74,6252.29,377.8,143.23,521.02,130.26,12.0, sdumont6166,81279.77
0.0,720,10,265348.0,1040.0,1035.0,265348.0,0.0,0.0,0.0,0.0,1.0,0,0.0,0.0,100bs-4n-18th-231143s-DENV_3-colombia-BVBRC_genome_sequence,sequana_cpu_dev,4,11375039.0,100,1,18,231143,DENV_3-colombia-BVBRC_genome_sequence,3500.08,1416.68,4916.76,388.9,157.41,546.31,136.58,9.0, sdumont6166,49167.600000000006
9960.0,43344,602,2302442.0,162764.0,157784.0,2416848.0,5888.0,4382.72,5918.72,4382.72,1392.0,0,56.0,180.0,1000bs-4n-18th-231143s-DENV_3-colombia-BVBRC_genome_sequence,sequana_cpu_dev,4,11375042.0,1000,1,18,231143,DENV_3-colombia-BVBRC_genome_sequence,278768.33,96112.96,374881.28,464.0,159.99,623.99,156.0,600.75, sdumont6165,225678530.56
6572.0,29664,412,2191006.0,162240.0,155654.0,2194072.0,4055.04,4352.0,4208.64,4352.0,1.0,0,7.0,12.0,1000bs-4n-18th-231143s-DENV_3-colombia-BVBRC_genome_sequence,sequana_cpu_dev,4,11375054.0,1000,1,18,231143,DENV_3-colombia-BVBRC_genome_sequence,191346.33,65964.08,257310.42,466.12,160.69,626.81,156.7,410.5, sdumont6165,106011893.04
2111.0,9072,126,2191018.0,158244.0,152152.0,2194068.0,2017.28,4341.76,2048.0,4352.0,1.0,0,11.0,15.0,1000bs-4n-18th-231143s-DENV_3-colombia-BVBRC_genome_sequence,sequana_cpu_dev,4,11375059.0,1000,1,18,231143,DENV_3-colombia-BVBRC_genome_sequence,56966.9,20288.79,77255.69,455.74,162.31,618.05,154.51,125.0, sdumont6165,9734216.94
2112.0,9144,127,2192358.0,157064.0,152342.0,2199464.0,1986.56,4341.76,2037.76,4352.0,1.0,0,12.0,17.0,1000bs-4n-18th-231143s-DENV_3-colombia-BVBRC_genome_sequence,sequana_cpu_dev,4,11375060.0,1000,1,18,231143,DENV_3-colombia-BVBRC_genome_sequence,57148.28,20386.13,77534.41,453.56,161.79,615.35,153.84,126.0, sdumont6165,9846870.07
2098.0,9936,138,2246710.0,158632.0,151654.0,2404808.0,2048.0,4341.76,2058.24,4352.0,1.0,0,13.0,20.0,1000bs-4n-18th-231143s-DENV_3-colombia-BVBRC_genome_sequence,sequana_cpu_dev,4,11375061.0,1000,1,18,231143,DENV_3-colombia-BVBRC_genome_sequence,62069.59,22044.71,84114.3,453.06,160.91,613.97,153.49,137.0, sdumont6165,11607773.4
0.0,2112,22,265348.0,3180.0,1573.0,265348.0,0.0,0.0,0.0,0.0,1.0,0,0.0,0.0,100bs-4n-24th-231143s-DENV_3-colombia-BVBRC_genome_sequence,sequana_cpu_dev,4,11375063.0,100,1,24,231143,DENV_3-colombia-BVBRC_genome_sequence,9228.87,3068.75,12297.62,456.23,151.64,607.86,151.97,20.25, sdumont6165,270547.64
0.0,2016,21,265348.0,1040.0,1036.0,265348.0,0.0,0.0,0.0,0.0,1.0,0,0.0,0.0,100bs-4n-24th-231143s-DENV_3-colombia-BVBRC_genome_sequence,sequana_cpu_dev,4,11375064.0,100,1,24,231143,DENV_3-colombia-BVBRC_genome_sequence,7232.96,2551.08,9784.04,401.83,141.73,543.56,135.89,18.0, sdumont6165,205464.84000000003
1275.0,6144,64,2596475.0,160512.0,152889.0,2599444.0,1566.72,4218.88,1576.96,4229.12,1.0,0,16.0,21.0,100bs-4n-24th-231143s-DENV_3-colombia-BVBRC_genome_sequence,sequana_cpu_dev,4,11375066.0,100,1,24,231143,DENV_3-colombia-BVBRC_genome_sequence,29549.6,9530.45,39080.05,476.61,153.72,630.32,157.58,62.0, sdumont6165,2501123.2
0.0,1344,14,265348.0,1040.0,1035.0,265348.0,0.0,0.0,0.0,0.0,1.0,0,0.0,0.0,100bs-4n-24th-231143s-DENV_3-colombia-BVBRC_genome_sequence,sequana_cpu_dev,4,11375068.0,100,1,24,231143,DENV_3-colombia-BVBRC_genome_sequence,4911.0,1761.21,6672.21,377.77,135.48,513.25,128.31,13.0, sdumont6166,93410.94
0.0,2976,31,265348.0,3232.0,2662.0,265348.0,0.0,0.0,0.0,0.0,1.0,0,0.0,0.0,100bs-4n-24th-231143s-DENV_3-colombia-BVBRC_genome_sequence,sequana_cpu_dev,4,11375070.0,100,1,24,231143,DENV_3-colombia-BVBRC_genome_sequence,11510.05,3909.62,15419.68,460.4,156.38,616.79,154.2,25.0, sdumont6165,478010.08
2100.0,11136,116,2653574.0,156552.0,151570.0,2822260.0,1812.48,4321.28,1822.72,4331.52,2.0,0,9.0,14.0,1000bs-4n-24th-231143s-DENV_3-colombia-BVBRC_genome_sequence,sequana_cpu_dev,4,11375087.0,1000,1,24,231143,DENV_3-colombia-BVBRC_genome_sequence,56569.45,18721.65,75291.11,496.22,164.23,660.45,165.11,114.0, sdumont6166,8733768.76
2026.0,10272,107,2653602.0,158976.0,154014.0,2827680.0,1822.72,4331.52,1832.96,4331.52,0.0,0,59.0,148.0,1000bs-4n-24th-231143s-DENV_3-colombia-BVBRC_genome_sequence,sequana_cpu_dev,4,11375091.0,1000,1,24,231143,DENV_3-colombia-BVBRC_genome_sequence,49434.17,17109.49,66543.66,469.7,162.53,632.23,158.06,105.25, sdumont6165,7120171.62
2087.0,9600,100,2596507.0,154724.0,151123.0,2599592.0,1802.24,4341.76,1802.24,4341.76,1.0,0,17.0,21.0,1000bs-4n-24th-231143s-DENV_3-colombia-BVBRC_genome_sequence,sequana_cpu_dev,4,11375092.0,1000,1,24,231143,DENV_3-colombia-BVBRC_genome_sequence,46527.67,15884.69,62412.37,477.17,162.84,640.0,160.0,97.5, sdumont6165,6241237.0
2112.0,10176,106,2596517.0,154836.0,151684.0,2599592.0,1781.76,4331.52,1802.24,4331.52,1.0,0,14.0,21.0,1000bs-4n-24th-231143s-DENV_3-colombia-BVBRC_genome_sequence,sequana_cpu_dev,4,11375094.0,1000,1,24,231143,DENV_3-colombia-BVBRC_genome_sequence,50770.06,17140.53,67910.59,483.52,163.24,646.77,161.69,105.0, sdumont6165,7198522.54
2115.0,9408,98,2597898.0,160684.0,153522.0,2605008.0,1822.72,4341.76,1822.72,4341.76,1.0,0,21.0,26.0,1000bs-4n-24th-231143s-DENV_3-colombia-BVBRC_genome_sequence,sequana_cpu_dev,4,11375095.0,1000,1,24,231143,DENV_3-colombia-BVBRC_genome_sequence,46784.23,15939.22,62723.45,482.31,164.32,646.63,161.66,97.0, sdumont6165,6146898.1
0.0,2280,19,265348.0,3192.0,2606.0,265348.0,0.0,0.0,0.0,0.0,1.0,0,0.0,0.0,100bs-4n-30th-231143s-DENV_3-colombia-BVBRC_genome_sequence,sequana_cpu_dev,4,11375096.0,100,1,30,231143,DENV_3-colombia-BVBRC_genome_sequence,8142.31,5526.5,13668.82,452.35,307.03,759.38,189.84,18.0, sdumont6165,259707.58
853.0,3960,33,3059174.0,155888.0,153096.0,3221312.0,1351.68,4218.88,1372.16,4229.12,1.0,0,18.0,28.0,100bs-4n-30th-231143s-DENV_3-colombia-BVBRC_genome_sequence,sequana_cpu_dev,4,11375097.0,100,1,30,231143,DENV_3-colombia-BVBRC_genome_sequence,14484.82,9479.46,23964.28,452.65,296.23,748.88,187.22,32.0, sdumont6165,790821.24
0.0,3480,29,265348.0,3180.0,3128.0,265348.0,0.0,0.0,0.0,0.0,1.0,0,0.0,0.0,100bs-4n-30th-231143s-DENV_3-colombia-BVBRC_genome_sequence,sequana_cpu_dev,4,11375100.0,100,1,30,231143,DENV_3-colombia-BVBRC_genome_sequence,10250.74,7037.15,17287.89,366.1,251.33,617.42,154.36,28.0, sdumont6165,501348.81
0.0,2400,20,265348.0,3180.0,2596.0,265348.0,0.0,0.0,0.0,0.0,1.0,0,0.0,0.0,100bs-4n-30th-231143s-DENV_3-colombia-BVBRC_genome_sequence,sequana_cpu_dev,4,11375101.0,100,1,30,231143,DENV_3-colombia-BVBRC_genome_sequence,8140.73,5527.5,13668.23,452.26,307.08,759.35,189.84,18.0, sdumont6165,273364.6
856.0,4440,37,3002126.0,155364.0,151060.0,3005300.0,1361.92,4229.12,1392.64,4259.84,1.0,0,19.0,28.0,100bs-4n-30th-231143s-DENV_3-colombia-BVBRC_genome_sequence,sequana_cpu_dev,4,11375102.0,100,1,30,231143,DENV_3-colombia-BVBRC_genome_sequence,17202.02,11141.0,28343.02,484.43,313.93,798.36,199.59,35.5, sdumont6165,1048691.74
4408.0,20520,171,3002098.0,164860.0,159926.0,3005148.0,2211.84,4341.76,2252.8,4352.0,1.0,0,26.0,31.0,1000bs-4n-30th-231143s-DENV_3-colombia-BVBRC_genome_sequence,sequana_cpu_dev,4,11375103.0,1000,1,30,231143,DENV_3-colombia-BVBRC_genome_sequence,81445.71,54760.36,136206.07,481.23,323.52,804.76,201.19,169.25, sdumont6165,23291237.970000003
4410.0,19680,164,3002098.0,161044.0,157929.0,3005148.0,2222.08,4341.76,2242.56,4352.0,1.0,0,25.0,32.0,1000bs-4n-30th-231143s-DENV_3-colombia-BVBRC_genome_sequence,sequana_cpu_dev,4,11375105.0,1000,1,30,231143,DENV_3-colombia-BVBRC_genome_sequence,79256.08,53040.27,132296.36,486.23,325.4,811.63,202.91,163.0, sdumont6166,21696603.04
10420.0,44880,374,3006350.0,165052.0,159545.0,3010708.0,3860.48,4362.24,3870.72,4362.24,1.0,0,21.0,24.0,1000bs-4n-30th-231143s-DENV_3-colombia-BVBRC_genome_sequence,sequana_cpu_dev,4,11375107.0,1000,1,30,231143,DENV_3-colombia-BVBRC_genome_sequence,190552.1,121953.19,312505.3,512.94,328.26,841.2,210.3,371.5, sdumont6166,116876982.2
4398.0,20160,168,3003487.0,166396.0,160436.0,3010708.0,2211.84,4341.76,2242.56,4352.0,1.0,0,70.0,218.0,1000bs-4n-30th-231143s-DENV_3-colombia-BVBRC_genome_sequence,sequana_cpu_dev,4,11375111.0,1000,1,30,231143,DENV_3-colombia-BVBRC_genome_sequence,80901.06,53989.86,134890.91,487.36,325.24,812.6,203.15,166.0, sdumont6166,22661672.88
4394.0,20640,172,3003599.0,164564.0,158720.0,3010708.0,2222.08,4341.76,2242.56,4352.0,76.0,0,26.0,52.0,1000bs-4n-30th-231143s-DENV_3-colombia-BVBRC_genome_sequence,sequana_cpu_dev,4,11375115.0,1000,1,30,231143,DENV_3-colombia-BVBRC_genome_sequence,83215.26,55850.45,139065.7,486.64,326.61,813.25,203.31,171.0, sdumont6165,23919300.4
1010.0,7344,51,3409134.0,158072.0,153041.0,3416468.0,1361.92,4218.88,1372.16,4218.88,1.0,0,28.0,37.0,100bs-4n-36th-231143s-DENV_3-colombia-BVBRC_genome_sequence,sequana_cpu_dev,4,11375119.0,100,1,36,231143,DENV_3-colombia-BVBRC_genome_sequence,23763.15,21087.04,44850.19,487.72,432.65,920.37,230.09,48.75, sdumont6165,2287359.69
808.0,6336,44,3407538.0,156820.0,151477.0,3410496.0,1372.16,4218.88,1372.16,4218.88,1.0,0,22.0,37.0,100bs-4n-36th-231143s-DENV_3-colombia-BVBRC_genome_sequence,sequana_cpu_dev,4,11375121.0,100,1,36,231143,DENV_3-colombia-BVBRC_genome_sequence,17925.02,16011.75,33936.78,426.79,381.23,808.02,202.0,42.0, sdumont6165,1493218.3199999998
2827.0,13392,93,3407613.0,166412.0,155707.0,3410644.0,1771.52,4229.12,1843.2,4249.6,1.0,0,17.0,23.0,100bs-4n-36th-231143s-DENV_3-colombia-BVBRC_genome_sequence,sequana_cpu_dev,4,11375124.0,100,1,36,231143,DENV_3-colombia-BVBRC_genome_sequence,42453.66,37930.7,80384.36,466.52,416.82,883.34,220.84,91.0, sdumont6165,7475745.48
0.0,2880,20,265348.0,3160.0,2619.0,265348.0,0.0,0.0,0.0,0.0,1.0,0,0.0,0.0,100bs-4n-36th-231143s-DENV_3-colombia-BVBRC_genome_sequence,sequana_cpu_dev,4,11375126.0,100,1,36,231143,DENV_3-colombia-BVBRC_genome_sequence,7892.7,6932.74,14825.44,432.66,379.96,812.63,203.16,18.25, sdumont6165,296508.8
1027.0,5904,41,3408966.0,153840.0,150783.0,3416056.0,1351.68,4218.88,1372.16,4218.88,1.0,0,30.0,37.0,100bs-4n-36th-231143s-DENV_3-colombia-BVBRC_genome_sequence,sequana_cpu_dev,4,11375127.0,100,1,36,231143,DENV_3-colombia-BVBRC_genome_sequence,18932.75,16765.09,35697.84,476.34,421.78,898.12,224.53,39.75, sdumont6165,1463611.44
10332.0,47520,330,3409078.0,167272.0,160893.0,3416252.0,3348.48,4352.0,3399.68,4362.24,1.0,0,42.0,93.0,1000bs-4n-36th-231143s-DENV_3-colombia-BVBRC_genome_sequence,sequana_cpu_dev,4,11375132.0,1000,1,36,231143,DENV_3-colombia-BVBRC_genome_sequence,164130.16,145227.37,309357.53,500.4,442.77,943.16,235.79,328.0, sdumont6166,102087984.9
12525.0,55296,384,3467517.0,167068.0,160988.0,3627020.0,3768.32,4352.0,3840.0,4362.24,42.0,0,76.0,217.0,1000bs-4n-36th-231143s-DENV_3-colombia-BVBRC_genome_sequence,sequana_cpu_dev,4,11375135.0,1000,1,36,231143,DENV_3-colombia-BVBRC_genome_sequence,195268.46,173055.4,368323.87,512.52,454.21,966.73,241.68,381.0, sdumont6166,141436366.07999998
6224.0,29520,205,3466137.0,165236.0,160546.0,3638924.0,2437.12,4341.76,2488.32,4352.0,1.0,0,42.0,66.0,1000bs-4n-36th-231143s-DENV_3-colombia-BVBRC_genome_sequence,sequana_cpu_dev,4,11375144.0,1000,1,36,231143,DENV_3-colombia-BVBRC_genome_sequence,98507.79,86658.68,185166.47,484.68,426.39,911.07,227.77,203.25, sdumont6166,37959126.35
11494.0,48528,337,3521758.0,167144.0,160294.0,3638924.0,3532.8,4362.24,3624.96,4362.24,2.0,0,27.0,38.0,1000bs-4n-36th-231143s-DENV_3-colombia-BVBRC_genome_sequence,sequana_cpu_dev,4,11375147.0,1000,1,36,231143,DENV_3-colombia-BVBRC_genome_sequence,166809.89,148775.51,315585.4,497.18,443.43,940.61,235.15,335.5, sdumont6165,106352279.8
6327.0,26496,184,3409032.0,168068.0,161892.0,3416252.0,2467.84,4392.96,2611.2,4515.84,1.0,0,26.0,34.0,1000bs-4n-36th-231143s-DENV_3-colombia-BVBRC_genome_sequence,sequana_cpu_dev,4,11375155.0,1000,1,36,231143,DENV_3-colombia-BVBRC_genome_sequence,87619.25,76836.85,164456.1,483.37,423.92,907.29,226.82,181.25, sdumont6166,30259922.4
0.0,4536,27,265348.0,3180.0,2621.0,265348.0,0.0,0.0,0.0,0.0,1.0,0,0.0,0.0,100bs-4n-42th-231143s-DENV_3-colombia-BVBRC_genome_sequence,sequana_cpu_dev,4,11375159.0,100,1,42,231143,DENV_3-colombia-BVBRC_genome_sequence,11449.93,10636.85,22086.78,458.0,425.47,883.47,220.87,25.0, sdumont6166,596343.0599999999
0.0,4704,28,265348.0,3244.0,2690.0,265348.0,0.0,0.0,0.0,0.0,403.0,0,0.0,0.0,100bs-4n-42th-231143s-DENV_3-colombia-BVBRC_genome_sequence,sequana_cpu_dev,4,11375161.0,100,1,42,231143,DENV_3-colombia-BVBRC_genome_sequence,11273.96,10550.49,21824.45,450.96,422.02,872.98,218.24,25.0, sdumont6165,611084.6
866.0,6552,39,3815895.0,156276.0,151562.0,3821604.0,1361.92,4218.88,1372.16,4218.88,215.0,0,93.0,294.0,100bs-4n-42th-231143s-DENV_3-colombia-BVBRC_genome_sequence,sequana_cpu_dev,4,11375174.0,100,1,42,231143,DENV_3-colombia-BVBRC_genome_sequence,15182.95,14052.24,29235.19,410.35,379.79,790.14,197.54,37.0, sdumont6167,1140172.41
0.0,3192,19,265348.0,3176.0,3154.0,265348.0,0.0,0.0,0.0,0.0,389.0,0,0.0,0.0,100bs-4n-42th-231143s-DENV_3-colombia-BVBRC_genome_sequence,sequana_cpu_dev,4,11375177.0,100,1,42,231143,DENV_3-colombia-BVBRC_genome_sequence,7185.72,6583.42,13769.13,422.69,387.26,809.95,202.49,17.0, sdumont6166,261613.47
0.0,2856,17,265348.0,3220.0,3199.0,265348.0,0.0,0.0,0.0,0.0,176.0,0,0.0,0.0,100bs-4n-42th-231143s-DENV_3-colombia-BVBRC_genome_sequence,sequana_cpu_dev,4,11375184.0,100,1,42,231143,DENV_3-colombia-BVBRC_genome_sequence,5942.02,5464.11,11406.13,424.43,390.29,814.72,203.68,14.0, sdumont6165,193904.21
8644.0,36120,215,3870378.0,162480.0,159063.0,4044608.0,2682.88,4352.0,2693.12,4352.0,1.0,0,25.0,38.0,1000bs-4n-42th-231143s-DENV_3-colombia-BVBRC_genome_sequence,sequana_cpu_dev,4,11375186.0,1000,1,42,231143,DENV_3-colombia-BVBRC_genome_sequence,104336.59,97149.01,201485.6,490.98,457.19,948.17,237.04,212.5, sdumont6165,43319404.0
7235.0,30744,183,3814636.0,165684.0,161252.0,3816340.0,2437.12,4352.0,2447.36,4352.0,1182.0,0,25.0,31.0,1000bs-4n-42th-231143s-DENV_3-colombia-BVBRC_genome_sequence,sequana_cpu_dev,4,11375189.0,1000,1,42,231143,DENV_3-colombia-BVBRC_genome_sequence,82372.09,77520.42,159892.5,455.09,428.29,883.38,220.85,181.0, sdumont6165,29260327.5
8679.0,36288,216,3814641.0,167752.0,159833.0,3821784.0,2713.6,4392.96,2856.96,4515.84,1147.0,0,28.0,34.0,1000bs-4n-42th-231143s-DENV_3-colombia-BVBRC_genome_sequence,sequana_cpu_dev,4,11375214.0,1000,1,42,231143,DENV_3-colombia-BVBRC_genome_sequence,102593.18,95007.71,197600.89,479.41,443.96,923.37,230.84,214.0, sdumont6166,42681792.24
7427.0,35280,210,3814672.0,167820.0,160440.0,3821900.0,2662.4,4444.16,3061.76,4730.88,1.0,0,11.0,30.0,1000bs-4n-42th-231143s-DENV_3-colombia-BVBRC_genome_sequence,sequana_cpu_dev,4,11375233.0,1000,1,42,231143,DENV_3-colombia-BVBRC_genome_sequence,100472.43,93083.71,193556.14,486.0,450.23,936.23,234.06,206.75, sdumont6166,40646789.400000006
8583.0,35952,214,3814566.0,165548.0,159191.0,3821752.0,2652.16,4352.0,2693.12,4352.0,965.0,0,28.0,33.0,1000bs-4n-42th-231143s-DENV_3-colombia-BVBRC_genome_sequence,sequana_cpu_dev,4,11375238.0,1000,1,42,231143,DENV_3-colombia-BVBRC_genome_sequence,101345.71,94597.74,195943.45,478.05,446.22,924.26,231.07,212.0, sdumont6165,41931898.3
0.0,5760,30,265348.0,3172.0,3127.0,265348.0,0.0,0.0,0.0,0.0,268.0,0,0.0,0.0,100bs-4n-48th-231143s-DENV_3-colombia-BVBRC_genome_sequence,sequana_cpu_dev,4,11375250.0,100,1,48,231143,DENV_3-colombia-BVBRC_genome_sequence,11407.99,11557.95,22965.93,475.33,481.58,956.91,239.23,24.0, sdumont6166,688977.9
1367.0,7680,40,4110302.0,156192.0,152675.0,4221744.0,1361.92,4218.88,1372.16,4229.12,1.0,0,27.0,39.0,100bs-4n-48th-231143s-DENV_3-colombia-BVBRC_genome_sequence,sequana_cpu_dev,4,11375254.0,100,1,48,231143,DENV_3-colombia-BVBRC_genome_sequence,18666.69,18811.21,37477.9,491.23,495.03,986.26,246.57,38.0, sdumont6166,1499116.0
0.0,5760,30,265348.0,3188.0,2604.0,265348.0,0.0,0.0,0.0,0.0,968.0,0,0.0,0.0,100bs-4n-48th-231143s-DENV_3-colombia-BVBRC_genome_sequence,sequana_cpu_dev,4,11375258.0,100,1,48,231143,DENV_3-colombia-BVBRC_genome_sequence,10582.69,10803.17,21385.86,388.62,396.65,785.27,196.32,27.25, sdumont6165,641575.8
0.0,4992,26,265348.0,3160.0,2599.0,265348.0,0.0,0.0,0.0,0.0,1.0,0,0.0,0.0,100bs-4n-48th-231143s-DENV_3-colombia-BVBRC_genome_sequence,sequana_cpu_dev,4,11375266.0,100,1,48,231143,DENV_3-colombia-BVBRC_genome_sequence,9940.0,10078.97,20018.96,397.6,403.16,800.76,200.19,25.0, sdumont6166,520492.96
0.0,5952,31,265348.0,3188.0,3136.0,265348.0,0.0,0.0,0.0,0.0,562.0,0,0.0,0.0,100bs-4n-48th-231143s-DENV_3-colombia-BVBRC_genome_sequence,sequana_cpu_dev,4,11375269.0,100,1,48,231143,DENV_3-colombia-BVBRC_genome_sequence,13023.8,13272.31,26296.11,461.24,469.99,931.23,232.81,28.25, sdumont6165,815179.41
15558.0,66816,348,4277315.0,167312.0,159716.0,4444732.0,3635.2,4362.24,3676.16,4362.24,1.0,0,293.0,1065.0,1000bs-4n-48th-231143s-DENV_3-colombia-BVBRC_genome_sequence,sequana_cpu_dev,4,11375277.0,1000,1,48,231143,DENV_3-colombia-BVBRC_genome_sequence,174137.61,177971.68,352109.29,504.35,515.48,1019.83,254.96,345.25, sdumont6165,122534032.92
8342.0,39360,205,4275894.0,163108.0,157762.0,4432736.0,2437.12,4341.76,2488.32,4341.76,1.0,0,51.0,98.0,1000bs-4n-48th-231143s-DENV_3-colombia-BVBRC_genome_sequence,sequana_cpu_dev,4,11375279.0,1000,1,48,231143,DENV_3-colombia-BVBRC_genome_sequence,96169.76,97619.61,193789.37,473.18,480.29,953.47,238.37,203.25, sdumont6165,39726820.85
14139.0,62592,326,4220157.0,166932.0,159038.0,4227332.0,3358.72,4352.0,3399.68,4352.0,1.0,0,30.0,37.0,1000bs-4n-48th-231143s-DENV_3-colombia-BVBRC_genome_sequence,sequana_cpu_dev,4,11375285.0,1000,1,48,231143,DENV_3-colombia-BVBRC_genome_sequence,163790.64,166336.87,330127.51,506.3,514.17,1020.46,255.12,323.5, sdumont6166,107621568.26
8867.0,40896,213,4218878.0,167156.0,160676.0,4221920.0,2816.0,4433.92,3031.04,4679.68,1.0,0,6.0,32.0,1000bs-4n-48th-231143s-DENV_3-colombia-BVBRC_genome_sequence,sequana_cpu_dev,4,11375286.0,1000,1,48,231143,DENV_3-colombia-BVBRC_genome_sequence,101712.05,103219.61,204931.67,486.66,493.87,980.53,245.13,209.0, sdumont6166,43650445.71
8513.0,45696,238,4332948.0,163124.0,159562.0,4450004.0,2467.84,4341.76,2488.32,4341.76,75.0,0,35.0,52.0,1000bs-4n-48th-231143s-DENV_3-colombia-BVBRC_genome_sequence,sequana_cpu_dev,4,11375289.0,1000,1,48,231143,DENV_3-colombia-BVBRC_genome_sequence,99531.53,100810.97,200342.5,485.52,491.76,977.28,244.32,205.0, sdumont6166,47681515.0
0.0,56,28,265348.0,3000.0,3000.0,265348.0,0.0,0.0,0.0,0.0,1.0,0,0.0,0.0,100bs-1n-2th-272549s-DENV_4-usa-BVBRC_genome_sequence,sequana_cpu_dev,1,11375292.0,100,1,2,272549,DENV_4-usa-BVBRC_genome_sequence,1513.56,1092.29,2605.85,56.06,40.46,96.51,96.51,27.0, sdumont6165,72963.8
0.0,58,29,265348.0,3168.0,3168.0,265348.0,0.0,0.0,0.0,0.0,1.0,0,0.0,0.0,100bs-1n-2th-272549s-DENV_4-usa-BVBRC_genome_sequence,sequana_cpu_dev,1,11375295.0,100,1,2,272549,DENV_4-usa-BVBRC_genome_sequence,1528.08,1103.85,2631.92,54.57,39.42,94.0,94.0,28.0, sdumont6165,76325.68000000001
0.0,52,26,265348.0,3096.0,3096.0,265348.0,0.0,0.0,0.0,0.0,1.0,0,0.0,0.0,100bs-1n-2th-272549s-DENV_4-usa-BVBRC_genome_sequence,sequana_cpu_dev,1,11375296.0,100,1,2,272549,DENV_4-usa-BVBRC_genome_sequence,1380.17,980.36,2360.53,53.08,37.71,90.79,90.79,26.0, sdumont6165,61373.780000000006
0.0,58,29,265348.0,3148.0,3148.0,265348.0,0.0,0.0,0.0,0.0,1.0,0,0.0,0.0,100bs-1n-2th-272549s-DENV_4-usa-BVBRC_genome_sequence,sequana_cpu_dev,1,11375298.0,100,1,2,272549,DENV_4-usa-BVBRC_genome_sequence,1781.31,1093.95,2875.25,65.97,40.52,106.49,106.49,27.0, sdumont6167,83382.25
52.0,70,35,1100676.0,138552.0,138552.0,1100676.0,1433.6,4259.84,1433.6,4259.84,1.0,0,0.0,0.0,100bs-1n-2th-272549s-DENV_4-usa-BVBRC_genome_sequence,sequana_cpu_dev,1,11375301.0,100,1,2,272549,DENV_4-usa-BVBRC_genome_sequence,2129.08,1352.29,3481.37,62.62,39.77,102.39,102.39,34.0, sdumont6167,121847.95
508.0,568,284,1106384.0,144644.0,144644.0,1106384.0,3194.88,4782.08,3194.88,4782.08,1.0,0,0.0,0.0,1000bs-1n-2th-272549s-DENV_4-usa-BVBRC_genome_sequence,sequana_cpu_dev,1,11375302.0,1000,1,2,272549,DENV_4-usa-BVBRC_genome_sequence,15931.51,11555.05,27486.57,56.3,40.83,97.13,97.13,283.0, sdumont6165,7806185.88
515.0,560,280,1100684.0,144912.0,144912.0,1100684.0,3184.64,4802.56,3184.64,4802.56,1.0,0,117.0,117.0,1000bs-1n-2th-272549s-DENV_4-usa-BVBRC_genome_sequence,sequana_cpu_dev,1,11375307.0,1000,1,2,272549,DENV_4-usa-BVBRC_genome_sequence,15871.14,13748.12,29619.27,56.89,49.28,106.16,106.16,279.0, sdumont6166,8293395.600000001
539.0,634,317,1100824.0,145176.0,145176.0,1100824.0,3205.12,4792.32,3205.12,4792.32,1.0,0,0.0,0.0,1000bs-1n-2th-272549s-DENV_4-usa-BVBRC_genome_sequence,sequana_cpu_dev,1,11375311.0,1000,1,2,272549,DENV_4-usa-BVBRC_genome_sequence,17327.74,12651.65,29979.39,55.54,40.55,96.09,96.09,312.0, sdumont6165,9503466.63
541.0,634,317,1329056.0,146444.0,146444.0,1329056.0,3225.6,4792.32,3225.6,4792.32,1.0,0,0.0,0.0,1000bs-1n-2th-272549s-DENV_4-usa-BVBRC_genome_sequence,sequana_cpu_dev,1,11375315.0,1000,1,2,272549,DENV_4-usa-BVBRC_genome_sequence,17505.23,12792.02,30297.26,55.4,40.48,95.88,95.88,316.0, sdumont6165,9604231.42
524.0,544,272,1106244.0,146908.0,146908.0,1106244.0,3174.4,4812.8,3174.4,4812.8,1.0,0,0.0,0.0,1000bs-1n-2th-272549s-DENV_4-usa-BVBRC_genome_sequence,sequana_cpu_dev,1,11375317.0,1000,1,2,272549,DENV_4-usa-BVBRC_genome_sequence,15490.7,11028.21,26518.91,57.16,40.69,97.86,97.86,271.0, sdumont6165,7213143.52
0.0,120,20,265348.0,3156.0,3156.0,265348.0,0.0,0.0,0.0,0.0,1.0,0,0.0,0.0,100bs-1n-6th-272549s-DENV_4-usa-BVBRC_genome_sequence,sequana_cpu_dev,1,11375321.0,100,1,6,272549,DENV_4-usa-BVBRC_genome_sequence,1427.31,721.95,2149.26,75.12,38.0,113.12,113.12,19.0, sdumont6165,42985.2
0.0,132,22,265348.0,3060.0,3060.0,265348.0,0.0,0.0,0.0,0.0,1.0,0,0.0,0.0,100bs-1n-6th-272549s-DENV_4-usa-BVBRC_genome_sequence,sequana_cpu_dev,1,11375322.0,100,1,6,272549,DENV_4-usa-BVBRC_genome_sequence,1407.05,715.82,2122.87,70.35,35.79,106.14,106.14,20.0, sdumont6165,46703.14
0.0,126,21,265348.0,3124.0,3124.0,265348.0,0.0,0.0,0.0,0.0,1.0,0,0.0,0.0,100bs-1n-6th-272549s-DENV_4-usa-BVBRC_genome_sequence,sequana_cpu_dev,1,11375324.0,100,1,6,272549,DENV_4-usa-BVBRC_genome_sequence,1704.72,816.84,2521.56,85.24,40.84,126.08,126.08,20.0, sdumont6169,52952.76
0.0,114,19,265348.0,3100.0,3100.0,265348.0,0.0,0.0,0.0,0.0,1.0,0,0.0,0.0,100bs-1n-6th-272549s-DENV_4-usa-BVBRC_genome_sequence,sequana_cpu_dev,1,11375328.0,100,1,6,272549,DENV_4-usa-BVBRC_genome_sequence,1560.99,823.73,2384.72,86.72,45.76,132.48,132.48,18.0, sdumont6169,45309.67999999999
0.0,120,20,265348.0,3080.0,3080.0,265348.0,0.0,0.0,0.0,0.0,1.0,0,0.0,0.0,100bs-1n-6th-272549s-DENV_4-usa-BVBRC_genome_sequence,sequana_cpu_dev,1,11375333.0,100,1,6,272549,DENV_4-usa-BVBRC_genome_sequence,1561.51,731.13,2292.64,86.75,40.62,127.37,127.37,18.0, sdumont6169,45852.8
1044.0,1260,210,1376920.0,147556.0,147556.0,1376920.0,2529.28,4730.88,2529.28,4730.88,1.0,0,1.0,1.0,1000bs-1n-6th-272549s-DENV_4-usa-BVBRC_genome_sequence,sequana_cpu_dev,1,11375334.0,1000,1,6,272549,DENV_4-usa-BVBRC_genome_sequence,18180.85,8603.07,26783.92,86.99,41.16,128.15,128.15,209.0, sdumont6169,5624623.199999999
1043.0,1254,209,1370800.0,145316.0,145316.0,1370800.0,2529.28,4730.88,2529.28,4730.88,1.0,0,0.0,0.0,1000bs-1n-6th-272549s-DENV_4-usa-BVBRC_genome_sequence,sequana_cpu_dev,1,11375336.0,1000,1,6,272549,DENV_4-usa-BVBRC_genome_sequence,18053.98,8516.99,26570.97,86.8,40.95,127.75,127.75,208.0, sdumont6169,5553332.73
890.0,1068,178,1599032.0,147388.0,147388.0,1599032.0,2304.0,4720.64,2304.0,4720.64,1.0,0,2.0,2.0,1000bs-1n-6th-272549s-DENV_4-usa-BVBRC_genome_sequence,sequana_cpu_dev,1,11375340.0,1000,1,6,272549,DENV_4-usa-BVBRC_genome_sequence,15637.2,7241.34,22878.54,88.85,41.14,129.99,129.99,176.0, sdumont6169,4072380.12
1017.0,1128,188,1370948.0,147376.0,147376.0,1370948.0,2529.28,4792.32,2529.28,4792.32,1.0,0,236.0,236.0,1000bs-1n-6th-272549s-DENV_4-usa-BVBRC_genome_sequence,sequana_cpu_dev,1,11375342.0,1000,1,6,272549,DENV_4-usa-BVBRC_genome_sequence,15142.58,8038.57,23181.14,80.98,42.99,123.96,123.96,187.0, sdumont6168,4358054.32
889.0,1098,183,1593612.0,146912.0,146912.0,1593612.0,2908.16,5201.92,2908.16,5201.92,1.0,0,0.0,0.0,1000bs-1n-6th-272549s-DENV_4-usa-BVBRC_genome_sequence,sequana_cpu_dev,1,11375348.0,1000,1,6,272549,DENV_4-usa-BVBRC_genome_sequence,15027.15,7880.33,22907.48,83.48,43.78,127.26,127.26,180.0, sdumont6168,4192068.84
0.0,264,22,265348.0,1036.0,1036.0,265348.0,0.0,0.0,0.0,0.0,1.0,0,0.0,0.0,100bs-1n-12th-272549s-DENV_4-usa-BVBRC_genome_sequence,sequana_cpu_dev,1,11375350.0,100,1,12,272549,DENV_4-usa-BVBRC_genome_sequence,2006.19,888.81,2895.0,100.31,44.44,144.75,144.75,20.0, sdumont6168,63690.0
0.0,264,22,265348.0,3144.0,3144.0,265348.0,0.0,0.0,0.0,0.0,1.0,0,0.0,0.0,100bs-1n-12th-272549s-DENV_4-usa-BVBRC_genome_sequence,sequana_cpu_dev,1,11375352.0,100,1,12,272549,DENV_4-usa-BVBRC_genome_sequence,1972.18,874.86,2847.05,93.91,41.66,135.57,135.57,21.0, sdumont6168,62635.100000000006
227.0,456,38,1776440.0,141464.0,141464.0,1776440.0,1454.08,4249.6,1454.08,4249.6,1.0,0,140.0,140.0,100bs-1n-12th-272549s-DENV_4-usa-BVBRC_genome_sequence,sequana_cpu_dev,1,11375353.0,100,1,12,272549,DENV_4-usa-BVBRC_genome_sequence,2833.95,1325.37,4159.32,76.59,35.82,112.41,112.41,37.0, sdumont6165,158054.15999999997
0.0,252,21,265348.0,1036.0,1036.0,265348.0,0.0,0.0,0.0,0.0,1.0,0,0.0,0.0,100bs-1n-12th-272549s-DENV_4-usa-BVBRC_genome_sequence,sequana_cpu_dev,1,11375356.0,100,1,12,272549,DENV_4-usa-BVBRC_genome_sequence,1757.16,739.84,2497.0,87.86,36.99,124.85,124.85,20.0, sdumont6165,52437.0
0.0,276,23,265348.0,1032.0,1032.0,265348.0,0.0,0.0,0.0,0.0,1.0,0,0.0,0.0,100bs-1n-12th-272549s-DENV_4-usa-BVBRC_genome_sequence,sequana_cpu_dev,1,11375360.0,100,1,12,272549,DENV_4-usa-BVBRC_genome_sequence,2088.91,829.61,2918.52,99.47,39.51,138.98,138.98,21.0, sdumont6169,67125.96
2830.0,2916,243,1781884.0,147564.0,147564.0,1781884.0,2959.36,4812.8,2959.36,4812.8,80.0,0,11.0,11.0,1000bs-1n-12th-272549s-DENV_4-usa-BVBRC_genome_sequence,sequana_cpu_dev,1,11375362.0,1000,1,12,272549,DENV_4-usa-BVBRC_genome_sequence,26103.43,10128.15,36231.58,107.87,41.85,149.72,149.72,242.0, sdumont6169,8804273.940000001
2483.0,2760,230,1999128.0,151592.0,151592.0,1999128.0,2662.4,4771.84,2662.4,4771.84,97.0,0,10.0,10.0,1000bs-1n-12th-272549s-DENV_4-usa-BVBRC_genome_sequence,sequana_cpu_dev,1,11375364.0,1000,1,12,272549,DENV_4-usa-BVBRC_genome_sequence,24692.34,9599.5,34291.84,108.3,42.1,150.4,150.4,228.0, sdumont6169,7887123.199999999
2823.0,2940,245,1781884.0,145652.0,145652.0,1781884.0,2969.6,4812.8,2969.6,4812.8,1.0,0,10.0,10.0,1000bs-1n-12th-272549s-DENV_4-usa-BVBRC_genome_sequence,sequana_cpu_dev,1,11375365.0,1000,1,12,272549,DENV_4-usa-BVBRC_genome_sequence,26313.1,10063.67,36376.77,107.84,41.24,149.09,149.09,244.0, sdumont6169,8912308.649999999
1945.0,2484,207,1776320.0,147684.0,147684.0,1776320.0,2508.8,4720.64,2508.8,4720.64,4.0,0,239.0,239.0,1000bs-1n-12th-272549s-DENV_4-usa-BVBRC_genome_sequence,sequana_cpu_dev,1,11375371.0,1000,1,12,272549,DENV_4-usa-BVBRC_genome_sequence,19496.96,7268.01,26764.97,94.65,35.28,129.93,129.93,206.0, sdumont6166,5540348.79
2131.0,2352,196,1776320.0,139700.0,139700.0,1776320.0,2508.8,4761.6,2508.8,4761.6,22.0,0,104.0,104.0,1000bs-1n-12th-272549s-DENV_4-usa-BVBRC_genome_sequence,sequana_cpu_dev,1,11375374.0,1000,1,12,272549,DENV_4-usa-BVBRC_genome_sequence,19521.22,8010.49,27531.7,100.11,41.08,141.19,141.19,195.0, sdumont6165,5396213.2
0.0,468,26,265348.0,1032.0,1032.0,265348.0,0.0,0.0,0.0,0.0,1.0,0,0.0,0.0,100bs-1n-18th-272549s-DENV_4-usa-BVBRC_genome_sequence,sequana_cpu_dev,1,11375378.0,100,1,18,272549,DENV_4-usa-BVBRC_genome_sequence,2504.16,1006.54,3510.7,100.17,40.26,140.43,140.43,25.0, sdumont6165,91278.2
0.0,486,27,265348.0,1036.0,1036.0,265348.0,0.0,0.0,0.0,0.0,1.0,0,0.0,0.0,100bs-1n-18th-272549s-DENV_4-usa-BVBRC_genome_sequence,sequana_cpu_dev,1,11375382.0,100,1,18,272549,DENV_4-usa-BVBRC_genome_sequence,2438.31,976.18,3414.49,97.53,39.05,136.58,136.58,25.0, sdumont6165,92191.23
0.0,468,26,265348.0,1032.0,1032.0,265348.0,0.0,0.0,0.0,0.0,1.0,0,0.0,0.0,100bs-1n-18th-272549s-DENV_4-usa-BVBRC_genome_sequence,sequana_cpu_dev,1,11375387.0,100,1,18,272549,DENV_4-usa-BVBRC_genome_sequence,2535.07,1082.96,3618.04,101.4,43.32,144.72,144.72,25.0, sdumont6168,94069.04
0.0,468,26,265348.0,1032.0,1032.0,265348.0,0.0,0.0,0.0,0.0,1.0,0,0.0,0.0,100bs-1n-18th-272549s-DENV_4-usa-BVBRC_genome_sequence,sequana_cpu_dev,1,11375390.0,100,1,18,272549,DENV_4-usa-BVBRC_genome_sequence,2288.36,985.52,3273.88,95.35,41.06,136.41,136.41,24.0, sdumont6168,85120.88
0.0,450,25,265348.0,3172.0,3172.0,265348.0,0.0,0.0,0.0,0.0,1.0,0,0.0,0.0,100bs-1n-18th-272549s-DENV_4-usa-BVBRC_genome_sequence,sequana_cpu_dev,1,11375392.0,100,1,18,272549,DENV_4-usa-BVBRC_genome_sequence,2303.74,986.85,3290.6,100.16,42.91,143.07,143.07,23.0, sdumont6168,82265.0
3756.0,4320,240,2181684.0,148024.0,148024.0,2181684.0,2723.84,4741.12,2723.84,4741.12,1.0,0,19.0,19.0,1000bs-1n-18th-272549s-DENV_4-usa-BVBRC_genome_sequence,sequana_cpu_dev,1,11375393.0,1000,1,18,272549,DENV_4-usa-BVBRC_genome_sequence,24702.87,10470.09,35172.96,104.23,44.18,148.41,148.41,237.0, sdumont6168,8441510.4
4271.0,4788,266,2187244.0,150064.0,150064.0,2187244.0,2959.36,4761.6,2959.36,4761.6,336.0,0,18.0,18.0,1000bs-1n-18th-272549s-DENV_4-usa-BVBRC_genome_sequence,sequana_cpu_dev,1,11375401.0,1000,1,18,272549,DENV_4-usa-BVBRC_genome_sequence,29400.92,11092.6,40493.53,110.95,41.86,152.81,152.81,265.0, sdumont6169,10771278.98
4285.0,4464,248,2409916.0,148060.0,148060.0,2409916.0,2734.08,4792.32,2734.08,4792.32,53.0,0,19.0,19.0,1000bs-1n-18th-272549s-DENV_4-usa-BVBRC_genome_sequence,sequana_cpu_dev,1,11375406.0,1000,1,18,272549,DENV_4-usa-BVBRC_genome_sequence,27164.27,10378.96,37543.23,109.98,42.02,152.0,152.0,247.0, sdumont6169,9310721.04
4249.0,4500,250,2409916.0,148196.0,148196.0,2409916.0,2949.12,4792.32,2949.12,4792.32,1.0,0,136.0,136.0,1000bs-1n-18th-272549s-DENV_4-usa-BVBRC_genome_sequence,sequana_cpu_dev,1,11375409.0,1000,1,18,272549,DENV_4-usa-BVBRC_genome_sequence,25605.65,10339.91,35945.56,102.83,41.53,144.36,144.36,249.0, sdumont6165,8986390.0
4290.0,4410,245,2181856.0,148292.0,148292.0,2181856.0,2775.04,4802.56,2775.04,4802.56,19.0,0,11.0,11.0,1000bs-1n-18th-272549s-DENV_4-usa-BVBRC_genome_sequence,sequana_cpu_dev,1,11375413.0,1000,1,18,272549,DENV_4-usa-BVBRC_genome_sequence,25000.83,9958.03,34958.86,103.31,41.15,144.46,144.46,242.0, sdumont6165,8564920.7
588.0,816,34,2587268.0,143012.0,143012.0,2587268.0,1433.6,4259.84,1433.6,4259.84,503.0,0,254.0,254.0,100bs-1n-24th-272549s-DENV_4-usa-BVBRC_genome_sequence,sequana_cpu_dev,1,11375417.0,100,1,24,272549,DENV_4-usa-BVBRC_genome_sequence,3066.12,1307.88,4374.0,95.82,40.87,136.69,136.69,32.0, sdumont6282,148716.0
0.0,696,29,265348.0,1032.0,1032.0,265348.0,0.0,0.0,0.0,0.0,1.0,0,0.0,0.0,100bs-1n-24th-272549s-DENV_4-usa-BVBRC_genome_sequence,sequana_cpu_dev,1,11375418.0,100,1,24,272549,DENV_4-usa-BVBRC_genome_sequence,3159.42,1167.55,4326.97,112.84,41.7,154.53,154.53,28.0, sdumont6165,125482.13
699.0,912,38,2587268.0,143356.0,143356.0,2587268.0,1433.6,4259.84,1433.6,4259.84,1.0,0,29.0,29.0,100bs-1n-24th-272549s-DENV_4-usa-BVBRC_genome_sequence,sequana_cpu_dev,1,11375419.0,100,1,24,272549,DENV_4-usa-BVBRC_genome_sequence,4337.71,1529.03,5866.74,117.24,41.33,158.56,158.56,37.0, sdumont6165,222936.12
0.0,720,30,265348.0,1040.0,1040.0,265348.0,0.0,0.0,0.0,0.0,1.0,0,0.0,0.0,100bs-1n-24th-272549s-DENV_4-usa-BVBRC_genome_sequence,sequana_cpu_dev,1,11375420.0,100,1,24,272549,DENV_4-usa-BVBRC_genome_sequence,3147.52,1135.82,4283.34,108.54,39.17,147.7,147.7,29.0, sdumont6165,128500.2
451.0,1032,43,2592828.0,142696.0,142696.0,2592828.0,1443.84,4249.6,1443.84,4249.6,1.0,0,264.0,264.0,100bs-1n-24th-272549s-DENV_4-usa-BVBRC_genome_sequence,sequana_cpu_dev,1,11375422.0,100,1,24,272549,DENV_4-usa-BVBRC_genome_sequence,3700.59,1315.64,5016.24,90.26,32.09,122.35,122.35,41.0, sdumont6166,215698.32
6436.0,6552,273,2587276.0,151872.0,151872.0,2587276.0,3153.92,4812.8,3153.92,4812.8,1.0,0,19.0,19.0,1000bs-1n-24th-272549s-DENV_4-usa-BVBRC_genome_sequence,sequana_cpu_dev,1,11375423.0,1000,1,24,272549,DENV_4-usa-BVBRC_genome_sequence,31358.71,10109.88,41468.6,115.71,37.31,153.02,153.02,271.0, sdumont6166,11320927.8
7797.0,8376,349,2587276.0,147976.0,147976.0,2587276.0,3624.96,4782.08,3624.96,4782.08,1.0,0,10.0,10.0,1000bs-1n-24th-272549s-DENV_4-usa-BVBRC_genome_sequence,sequana_cpu_dev,1,11375430.0,1000,1,24,272549,DENV_4-usa-BVBRC_genome_sequence,41152.62,12827.85,53980.46,118.25,36.86,155.12,155.12,348.0, sdumont6166,18839180.54
7120.0,7416,309,2587276.0,151996.0,151996.0,2587276.0,3399.68,4802.56,3399.68,4802.56,1.0,0,20.0,20.0,1000bs-1n-24th-272549s-DENV_4-usa-BVBRC_genome_sequence,sequana_cpu_dev,1,11375433.0,1000,1,24,272549,DENV_4-usa-BVBRC_genome_sequence,36017.81,11435.1,47452.91,116.94,37.13,154.07,154.07,308.0, sdumont6166,14662949.19
6423.0,6864,286,2815508.0,151284.0,151284.0,2815508.0,3041.28,4782.08,3041.28,4782.08,1.0,0,34.0,34.0,1000bs-1n-24th-272549s-DENV_4-usa-BVBRC_genome_sequence,sequana_cpu_dev,1,11375444.0,1000,1,24,272549,DENV_4-usa-BVBRC_genome_sequence,33030.81,11828.77,44859.59,115.9,41.5,157.4,157.4,285.0, sdumont6165,12829842.739999998
5720.0,6456,269,2592836.0,147904.0,147904.0,2592836.0,2949.12,4751.36,2949.12,4751.36,1.0,0,13.0,13.0,1000bs-1n-24th-272549s-DENV_4-usa-BVBRC_genome_sequence,sequana_cpu_dev,1,11375446.0,1000,1,24,272549,DENV_4-usa-BVBRC_genome_sequence,31137.56,11176.26,42313.82,116.18,41.7,157.89,157.89,268.0, sdumont6165,11382417.58
878.0,1230,41,2992816.0,143704.0,143704.0,2992816.0,1433.6,4259.84,1433.6,4259.84,1.0,0,18.0,18.0,100bs-1n-30th-272549s-DENV_4-usa-BVBRC_genome_sequence,sequana_cpu_dev,1,11375453.0,100,1,30,272549,DENV_4-usa-BVBRC_genome_sequence,4151.93,2984.79,7136.72,103.8,74.62,178.42,178.42,40.0, sdumont6165,292605.52
793.0,1470,49,2992816.0,145592.0,145592.0,2992816.0,1433.6,4249.6,1433.6,4249.6,1.0,0,278.0,278.0,100bs-1n-30th-272549s-DENV_4-usa-BVBRC_genome_sequence,sequana_cpu_dev,1,11375454.0,100,1,30,272549,DENV_4-usa-BVBRC_genome_sequence,5180.71,3560.28,8740.99,107.93,74.17,182.1,182.1,48.0, sdumont6169,428308.51
878.0,1260,42,2775704.0,142672.0,142672.0,2775704.0,1413.12,4249.6,1413.12,4249.6,1.0,0,26.0,26.0,100bs-1n-30th-272549s-DENV_4-usa-BVBRC_genome_sequence,sequana_cpu_dev,1,11375455.0,100,1,30,272549,DENV_4-usa-BVBRC_genome_sequence,4258.59,2989.87,7248.46,103.87,72.92,176.79,176.79,41.0, sdumont6169,304435.32
879.0,1170,39,2992816.0,148264.0,148264.0,2992816.0,1433.6,4259.84,1433.6,4259.84,1.0,0,27.0,27.0,100bs-1n-30th-272549s-DENV_4-usa-BVBRC_genome_sequence,sequana_cpu_dev,1,11375456.0,100,1,30,272549,DENV_4-usa-BVBRC_genome_sequence,3919.82,2826.02,6745.84,103.15,74.37,177.52,177.52,38.0, sdumont6165,263087.76
877.0,1680,56,2992964.0,145740.0,145740.0,2992964.0,1433.6,4249.6,1433.6,4249.6,1.0,0,10.0,10.0,100bs-1n-30th-272549s-DENV_4-usa-BVBRC_genome_sequence,sequana_cpu_dev,1,11375457.0,100,1,30,272549,DENV_4-usa-BVBRC_genome_sequence,3897.49,2819.8,6717.29,95.06,68.78,163.84,163.84,41.0, sdumont6165,376168.24
12465.0,12840,428,2998700.0,151264.0,151264.0,2998700.0,4270.08,4812.8,4270.08,4812.8,1.0,0,37.0,37.0,1000bs-1n-30th-272549s-DENV_4-usa-BVBRC_genome_sequence,sequana_cpu_dev,1,11375459.0,1000,1,30,272549,DENV_4-usa-BVBRC_genome_sequence,48475.78,33061.18,81536.96,113.53,77.43,190.95,190.95,427.0, sdumont6166,34897818.88
13376.0,14100,470,2998680.0,155224.0,155224.0,2998680.0,4474.88,4802.56,4474.88,4802.56,1.0,0,29.0,29.0,1000bs-1n-30th-272549s-DENV_4-usa-BVBRC_genome_sequence,sequana_cpu_dev,1,11375460.0,1000,1,30,272549,DENV_4-usa-BVBRC_genome_sequence,52691.37,36230.69,88922.06,112.59,77.42,190.0,190.0,468.0, sdumont6166,41793368.2
10715.0,11400,380,2993140.0,153332.0,153332.0,2993140.0,3686.4,4782.08,3686.4,4782.08,1.0,0,35.0,35.0,1000bs-1n-30th-272549s-DENV_4-usa-BVBRC_genome_sequence,sequana_cpu_dev,1,11375461.0,1000,1,30,272549,DENV_4-usa-BVBRC_genome_sequence,41878.57,30227.54,72106.11,110.5,79.76,190.25,190.25,379.0, sdumont6165,27400321.8
10736.0,11610,387,3215952.0,152940.0,152940.0,3215952.0,3799.04,4782.08,3799.04,4782.08,1.0,0,41.0,41.0,1000bs-1n-30th-272549s-DENV_4-usa-BVBRC_genome_sequence,sequana_cpu_dev,1,11375464.0,1000,1,30,272549,DENV_4-usa-BVBRC_genome_sequence,42422.06,30782.41,73204.47,110.19,79.95,190.14,190.14,385.0, sdumont6165,28330129.89
9825.0,10710,357,3215804.0,153228.0,153228.0,3215804.0,3573.76,4782.08,3573.76,4782.08,1.0,0,146.0,146.0,1000bs-1n-30th-272549s-DENV_4-usa-BVBRC_genome_sequence,sequana_cpu_dev,1,11375467.0,1000,1,30,272549,DENV_4-usa-BVBRC_genome_sequence,39027.04,27251.52,66278.55,109.94,76.76,186.7,186.7,355.0, sdumont6166,23661442.35
1051.0,1980,55,3398512.0,143772.0,143772.0,3398512.0,1433.6,4249.6,1433.6,4249.6,1.0,0,43.0,43.0,100bs-1n-36th-272549s-DENV_4-usa-BVBRC_genome_sequence,sequana_cpu_dev,1,11375468.0,100,1,36,272549,DENV_4-usa-BVBRC_genome_sequence,4440.42,3864.21,8304.63,105.72,92.0,197.73,197.73,42.0, sdumont6166,456754.65
1052.0,1764,49,3398364.0,143324.0,143324.0,3398364.0,1433.6,4249.6,1433.6,4249.6,1.0,0,24.0,24.0,100bs-1n-36th-272549s-DENV_4-usa-BVBRC_genome_sequence,sequana_cpu_dev,1,11375469.0,100,1,36,272549,DENV_4-usa-BVBRC_genome_sequence,5129.49,4395.37,9524.86,106.86,91.57,198.43,198.43,48.0, sdumont6166,466718.14
1049.0,1800,50,3398512.0,143724.0,143724.0,3398512.0,1433.6,4249.6,1433.6,4249.6,1.0,0,37.0,37.0,100bs-1n-36th-272549s-DENV_4-usa-BVBRC_genome_sequence,sequana_cpu_dev,1,11375470.0,100,1,36,272549,DENV_4-usa-BVBRC_genome_sequence,5376.55,4734.8,10111.35,109.73,96.63,206.35,206.35,49.0, sdumont6166,505567.5
1051.0,1548,43,3398512.0,145840.0,145840.0,3398512.0,1413.12,4249.6,1413.12,4249.6,1.0,0,35.0,35.0,100bs-1n-36th-272549s-DENV_4-usa-BVBRC_genome_sequence,sequana_cpu_dev,1,11375471.0,100,1,36,272549,DENV_4-usa-BVBRC_genome_sequence,4361.28,3949.19,8310.47,106.37,96.32,202.69,202.69,41.0, sdumont6165,357350.21
1053.0,1476,41,3398364.0,143524.0,143524.0,3398364.0,1382.4,4249.6,1382.4,4249.6,1.0,0,29.0,29.0,100bs-1n-36th-272549s-DENV_4-usa-BVBRC_genome_sequence,sequana_cpu_dev,1,11375472.0,100,1,36,272549,DENV_4-usa-BVBRC_genome_sequence,4342.33,3947.49,8289.83,108.56,98.69,207.25,207.25,40.0, sdumont6165,339883.03
16061.0,17316,481,3398520.0,150720.0,150720.0,3398520.0,4444.16,4802.56,4444.16,4802.56,1.0,0,40.0,40.0,1000bs-1n-36th-272549s-DENV_4-usa-BVBRC_genome_sequence,sequana_cpu_dev,1,11375474.0,1000,1,36,272549,DENV_4-usa-BVBRC_genome_sequence,53976.8,46944.33,100921.13,112.69,98.0,210.69,210.69,479.0, sdumont6166,48543063.53
17107.0,18252,507,3398372.0,152572.0,152572.0,3398372.0,4689.92,4792.32,4689.92,4792.32,1.0,0,34.0,34.0,1000bs-1n-36th-272549s-DENV_4-usa-BVBRC_genome_sequence,sequana_cpu_dev,1,11375475.0,1000,1,36,272549,DENV_4-usa-BVBRC_genome_sequence,57024.29,49784.04,106808.34,112.7,98.39,211.08,211.08,506.0, sdumont6166,54151828.38
17119.0,17388,483,3398668.0,153052.0,153052.0,3398668.0,4689.92,4823.04,4689.92,4823.04,1.0,0,22.0,22.0,1000bs-1n-36th-272549s-DENV_4-usa-BVBRC_genome_sequence,sequana_cpu_dev,1,11375477.0,1000,1,36,272549,DENV_4-usa-BVBRC_genome_sequence,54375.29,48941.4,103316.69,112.81,101.54,214.35,214.35,482.0, sdumont6165,49901961.27
14979.0,15840,440,3403932.0,152648.0,152648.0,3403932.0,3932.16,4802.56,3932.16,4802.56,1.0,0,21.0,21.0,1000bs-1n-36th-272549s-DENV_4-usa-BVBRC_genome_sequence,sequana_cpu_dev,1,11375478.0,1000,1,36,272549,DENV_4-usa-BVBRC_genome_sequence,47312.37,42604.9,89917.26,108.27,97.49,205.76,205.76,437.0, sdumont6165,39563594.4
17119.0,17568,488,3404080.0,150568.0,150568.0,3404080.0,4669.44,4823.04,4669.44,4823.04,1.0,0,18.0,18.0,1000bs-1n-36th-272549s-DENV_4-usa-BVBRC_genome_sequence,sequana_cpu_dev,1,11375479.0,1000,1,36,272549,DENV_4-usa-BVBRC_genome_sequence,54509.81,48975.13,103484.94,111.93,100.56,212.49,212.49,487.0, sdumont6165,50500650.72
1103.0,2184,52,3803924.0,143884.0,143884.0,3803924.0,1433.6,4249.6,1433.6,4249.6,1.0,0,291.0,291.0,100bs-1n-42th-272549s-DENV_4-usa-BVBRC_genome_sequence,sequana_cpu_dev,1,11375481.0,100,1,42,272549,DENV_4-usa-BVBRC_genome_sequence,5650.82,5173.64,10824.46,110.8,101.44,212.24,212.24,51.0, sdumont6169,562871.9199999999
1219.0,1974,47,3803924.0,147372.0,147372.0,3803924.0,1433.6,4249.6,1433.6,4249.6,1.0,0,32.0,32.0,100bs-1n-42th-272549s-DENV_4-usa-BVBRC_genome_sequence,sequana_cpu_dev,1,11375482.0,100,1,42,272549,DENV_4-usa-BVBRC_genome_sequence,5222.09,4682.04,9904.13,116.05,104.05,220.09,220.09,45.0, sdumont6169,465494.11
1220.0,2184,52,3803924.0,143636.0,143636.0,3803924.0,1433.6,4249.6,1433.6,4249.6,1.0,0,40.0,40.0,100bs-1n-42th-272549s-DENV_4-usa-BVBRC_genome_sequence,sequana_cpu_dev,1,11375483.0,100,1,42,272549,DENV_4-usa-BVBRC_genome_sequence,5733.29,5192.89,10926.18,114.67,103.86,218.52,218.52,50.0, sdumont6169,568161.36
1221.0,2436,58,3803924.0,143676.0,143676.0,3803924.0,1433.6,4239.36,1433.6,4239.36,1.0,0,22.0,22.0,100bs-1n-42th-272549s-DENV_4-usa-BVBRC_genome_sequence,sequana_cpu_dev,1,11375484.0,100,1,42,272549,DENV_4-usa-BVBRC_genome_sequence,6519.69,5966.26,12485.95,116.42,106.54,222.96,222.96,56.0, sdumont6169,724185.1000000001
1223.0,2058,49,3803924.0,143608.0,143608.0,3803924.0,1413.12,4249.6,1413.12,4249.6,1.0,0,26.0,26.0,100bs-1n-42th-272549s-DENV_4-usa-BVBRC_genome_sequence,sequana_cpu_dev,1,11375485.0,100,1,42,272549,DENV_4-usa-BVBRC_genome_sequence,5291.43,4760.6,10052.04,112.58,101.29,213.87,213.87,47.0, sdumont6169,492549.96
17538.0,18942,451,4032308.0,155588.0,155588.0,4032308.0,4208.64,4782.08,4208.64,4782.08,1.0,0,16.0,16.0,1000bs-1n-42th-272549s-DENV_4-usa-BVBRC_genome_sequence,sequana_cpu_dev,1,11375486.0,1000,1,42,272549,DENV_4-usa-BVBRC_genome_sequence,52009.43,47646.29,99655.72,115.83,106.12,221.95,221.95,449.0, sdumont6169,44944729.72
21072.0,22134,527,4032308.0,154272.0,154272.0,4032308.0,4915.2,4812.8,4915.2,4812.8,1.0,0,256.0,256.0,1000bs-1n-42th-272549s-DENV_4-usa-BVBRC_genome_sequence,sequana_cpu_dev,1,11375487.0,1000,1,42,272549,DENV_4-usa-BVBRC_genome_sequence,58994.57,55606.56,114601.13,112.37,105.92,218.29,218.29,525.0, sdumont6165,60394795.510000005
16286.0,17514,417,4032160.0,154080.0,154080.0,4032160.0,3665.92,4782.08,3665.92,4782.08,1.0,0,23.0,23.0,1000bs-1n-42th-272549s-DENV_4-usa-BVBRC_genome_sequence,sequana_cpu_dev,1,11375490.0,1000,1,42,272549,DENV_4-usa-BVBRC_genome_sequence,45416.89,42495.48,87912.37,109.18,102.15,211.33,211.33,416.0, sdumont6165,36659458.29
17539.0,17976,428,3809488.0,152520.0,152520.0,3809488.0,3901.44,4812.8,3901.44,4812.8,1.0,0,32.0,32.0,1000bs-1n-42th-272549s-DENV_4-usa-BVBRC_genome_sequence,sequana_cpu_dev,1,11375492.0,1000,1,42,272549,DENV_4-usa-BVBRC_genome_sequence,46985.13,43903.31,90888.43,110.29,103.06,213.35,213.35,426.0, sdumont6165,38900248.04
16286.0,17262,411,3803928.0,150544.0,150544.0,3803928.0,3993.6,4792.32,3993.6,4792.32,1.0,0,31.0,31.0,1000bs-1n-42th-272549s-DENV_4-usa-BVBRC_genome_sequence,sequana_cpu_dev,1,11375496.0,1000,1,42,272549,DENV_4-usa-BVBRC_genome_sequence,44963.58,42159.62,87123.2,109.4,102.58,211.98,211.98,411.0, sdumont6165,35807635.2
1397.0,2976,62,4209568.0,146160.0,146160.0,4209568.0,1433.6,4249.6,1433.6,4249.6,1.0,0,59.0,59.0,100bs-1n-48th-272549s-DENV_4-usa-BVBRC_genome_sequence,sequana_cpu_dev,1,11375499.0,100,1,48,272549,DENV_4-usa-BVBRC_genome_sequence,5672.57,5879.86,11552.42,109.09,113.07,222.16,222.16,52.0, sdumont6165,716250.04
1397.0,2736,57,4209420.0,143984.0,143984.0,4209420.0,1413.12,4249.6,1413.12,4249.6,1.0,0,37.0,37.0,100bs-1n-48th-272549s-DENV_4-usa-BVBRC_genome_sequence,sequana_cpu_dev,1,11375501.0,100,1,48,272549,DENV_4-usa-BVBRC_genome_sequence,6102.73,6329.68,12432.41,110.96,115.09,226.04,226.04,55.0, sdumont6165,708647.37
2815.0,3216,67,4209416.0,149984.0,149984.0,4209416.0,1658.88,4270.08,1658.88,4270.08,1.0,0,31.0,31.0,100bs-1n-48th-272549s-DENV_4-usa-BVBRC_genome_sequence,sequana_cpu_dev,1,11375503.0,100,1,48,272549,DENV_4-usa-BVBRC_genome_sequence,7212.54,7465.97,14678.51,112.7,116.66,229.35,229.35,64.0, sdumont6165,983460.17
1396.0,2784,58,4209568.0,145824.0,145824.0,4209568.0,1433.6,4239.36,1433.6,4239.36,1.0,0,33.0,33.0,100bs-1n-48th-272549s-DENV_4-usa-BVBRC_genome_sequence,sequana_cpu_dev,1,11375506.0,100,1,48,272549,DENV_4-usa-BVBRC_genome_sequence,6143.19,6329.19,12472.38,111.69,115.08,226.77,226.77,55.0, sdumont6165,723398.0399999999
1397.0,2928,61,4209568.0,145860.0,145860.0,4209568.0,1761.28,4311.04,1761.28,4311.04,1.0,0,0.0,41.0,100bs-1n-48th-272549s-DENV_4-usa-BVBRC_genome_sequence,sequana_cpu_dev,1,11375507.0,100,1,48,272549,DENV_4-usa-BVBRC_genome_sequence,6368.69,6596.7,12965.39,109.81,113.74,223.54,223.54,58.0, sdumont6165,790888.7899999999
25714.0,27312,569,4209740.0,151036.0,151036.0,4209740.0,4853.76,4792.32,4853.76,4792.32,1.0,0,66.0,66.0,1000bs-1n-48th-272549s-DENV_4-usa-BVBRC_genome_sequence,sequana_cpu_dev,1,11375508.0,1000,1,48,272549,DENV_4-usa-BVBRC_genome_sequence,64885.12,67102.86,131987.98,114.23,118.14,232.37,232.37,568.0, sdumont6165,75101160.62
28542.0,29568,616,4437824.0,153396.0,153396.0,4437824.0,5201.92,4812.8,5201.92,4812.8,1.0,0,36.0,36.0,1000bs-1n-48th-272549s-DENV_4-usa-BVBRC_genome_sequence,sequana_cpu_dev,1,11375511.0,1000,1,48,272549,DENV_4-usa-BVBRC_genome_sequence,70295.73,73301.5,143597.23,114.49,119.38,233.87,233.87,614.0, sdumont6165,88455893.68
24320.0,25872,539,4209740.0,152928.0,152928.0,4209740.0,4915.2,4802.56,4915.2,4802.56,1.0,0,40.0,40.0,1000bs-1n-48th-272549s-DENV_4-usa-BVBRC_genome_sequence,sequana_cpu_dev,1,11375514.0,1000,1,48,272549,DENV_4-usa-BVBRC_genome_sequence,60338.12,62660.52,122998.64,112.36,116.69,229.05,229.05,537.0, sdumont6165,66296266.96
25760.0,26208,546,4437808.0,152912.0,152912.0,4437808.0,5120.0,4823.04,5120.0,4823.04,1.0,0,35.0,35.0,1000bs-1n-48th-272549s-DENV_4-usa-BVBRC_genome_sequence,sequana_cpu_dev,1,11375515.0,1000,1,48,272549,DENV_4-usa-BVBRC_genome_sequence,60632.47,62862.48,123494.96,111.46,115.56,227.01,227.01,544.0, sdumont6165,67428248.16
28332.0,29232,609,4209576.0,151028.0,151028.0,4209576.0,5560.32,4823.04,5560.32,4823.04,350.0,0,294.0,294.0,1000bs-1n-48th-272549s-DENV_4-usa-BVBRC_genome_sequence,sequana_cpu_dev,1,11375518.0,1000,1,48,272549,DENV_4-usa-BVBRC_genome_sequence,72586.81,73488.11,146074.92,119.58,121.07,240.65,240.65,607.0, sdumont6169,88959626.28
0.0,100,25,265348.0,3132.0,3094.0,265348.0,0.0,0.0,0.0,0.0,374.0,0,0.0,0.0,100bs-2n-2th-272549s-DENV_4-usa-BVBRC_genome_sequence,sequana_cpu_dev,2,11375520.0,100,1,2,272549,DENV_4-usa-BVBRC_genome_sequence,2214.02,1707.52,3921.53,92.25,71.15,163.4,81.7,24.0, sdumont6165,98038.25
0.0,76,19,265348.0,3204.0,3192.0,265348.0,0.0,0.0,0.0,0.0,1150.0,0,0.0,0.0,100bs-2n-2th-272549s-DENV_4-usa-BVBRC_genome_sequence,sequana_cpu_dev,2,11375525.0,100,1,2,272549,DENV_4-usa-BVBRC_genome_sequence,1909.96,1353.23,3263.2,106.11,75.18,181.29,90.64,18.0, sdumont6167,62000.8
0.0,84,21,265348.0,3172.0,3162.0,265348.0,0.0,0.0,0.0,0.0,1.0,0,0.0,0.0,100bs-2n-2th-272549s-DENV_4-usa-BVBRC_genome_sequence,sequana_cpu_dev,2,11375527.0,100,1,2,272549,DENV_4-usa-BVBRC_genome_sequence,2373.78,1670.39,4044.17,118.69,83.52,202.21,101.1,20.0, sdumont6167,84927.57
34.0,132,33,1107034.0,148908.0,144042.0,1113092.0,1454.08,4229.12,1454.08,4239.36,1127.0,0,53.0,106.0,100bs-2n-2th-272549s-DENV_4-usa-BVBRC_genome_sequence,sequana_cpu_dev,2,11375528.0,100,1,2,272549,DENV_4-usa-BVBRC_genome_sequence,3018.45,2345.14,5363.58,94.33,73.29,167.61,83.81,32.0, sdumont6165,176998.13999999998
0.0,76,19,265348.0,3092.0,3074.0,265348.0,0.0,0.0,0.0,0.0,1.0,0,0.0,0.0,100bs-2n-2th-272549s-DENV_4-usa-BVBRC_genome_sequence,sequana_cpu_dev,2,11375529.0,100,1,2,272549,DENV_4-usa-BVBRC_genome_sequence,1874.1,1325.01,3199.11,104.12,73.61,177.73,88.86,18.0, sdumont6165,60783.09
266.0,684,171,1107180.0,157752.0,150572.0,1113408.0,2304.0,4485.12,2334.72,4495.36,1.0,0,0.0,0.0,1000bs-2n-2th-272549s-DENV_4-usa-BVBRC_genome_sequence,sequana_cpu_dev,2,11375530.0,1000,1,2,272549,DENV_4-usa-BVBRC_genome_sequence,18790.92,12990.66,31781.58,110.53,76.42,186.95,93.48,170.0, sdumont6165,5434650.180000001
442.0,1416,354,1107122.0,153220.0,150192.0,1113276.0,3727.36,4495.36,3799.04,4495.36,1.0,0,0.0,0.0,1000bs-2n-2th-272549s-DENV_4-usa-BVBRC_genome_sequence,sequana_cpu_dev,2,11375531.0,1000,1,2,272549,DENV_4-usa-BVBRC_genome_sequence,35746.88,26800.91,62547.79,101.55,76.14,177.69,88.85,352.0, sdumont6165,22141917.66
264.0,664,166,1107106.0,155516.0,148434.0,1113260.0,2334.72,4485.12,2334.72,4485.12,1.0,0,0.0,0.0,1000bs-2n-2th-272549s-DENV_4-usa-BVBRC_genome_sequence,sequana_cpu_dev,2,11375532.0,1000,1,2,272549,DENV_4-usa-BVBRC_genome_sequence,18112.7,12566.74,30679.44,109.77,76.16,185.94,92.97,165.0, sdumont6165,5092787.04
302.0,744,186,1107180.0,154144.0,148624.0,1113408.0,2570.24,4505.6,2580.48,4505.6,1.0,0,0.0,0.0,1000bs-2n-2th-272549s-DENV_4-usa-BVBRC_genome_sequence,sequana_cpu_dev,2,11375533.0,1000,1,2,272549,DENV_4-usa-BVBRC_genome_sequence,19936.1,13996.07,33932.17,107.76,75.65,183.42,91.71,185.0, sdumont6165,6311383.62
257.0,680,170,1107102.0,155568.0,147372.0,1113244.0,2293.76,4474.88,2355.2,4474.88,1.0,0,0.0,0.0,1000bs-2n-2th-272549s-DENV_4-usa-BVBRC_genome_sequence,sequana_cpu_dev,2,11375534.0,1000,1,2,272549,DENV_4-usa-BVBRC_genome_sequence,18423.29,12803.57,31226.86,109.01,75.76,184.77,92.39,169.0, sdumont6165,5308566.2
0.0,144,12,265348.0,3180.0,3156.0,265348.0,0.0,0.0,0.0,0.0,1.0,0,0.0,0.0,100bs-2n-6th-272549s-DENV_4-usa-BVBRC_genome_sequence,sequana_cpu_dev,2,11375535.0,100,1,6,272549,DENV_4-usa-BVBRC_genome_sequence,1697.65,828.54,2526.18,154.33,75.32,229.65,114.83,11.0, sdumont6165,30314.16
0.0,156,13,265348.0,3132.0,3114.0,265348.0,0.0,0.0,0.0,0.0,1.0,0,0.0,0.0,100bs-2n-6th-272549s-DENV_4-usa-BVBRC_genome_sequence,sequana_cpu_dev,2,11375536.0,100,1,6,272549,DENV_4-usa-BVBRC_genome_sequence,1374.3,662.65,2036.95,124.94,60.24,185.18,92.59,11.0, sdumont6165,26480.35
303.0,816,68,1377090.0,149612.0,145666.0,1383160.0,1689.6,4239.36,1689.6,4239.36,1.0,0,1.0,1.0,100bs-2n-6th-272549s-DENV_4-usa-BVBRC_genome_sequence,sequana_cpu_dev,2,11375537.0,100,1,6,272549,DENV_4-usa-BVBRC_genome_sequence,9553.0,5074.31,14627.31,142.58,75.74,218.32,109.16,67.0, sdumont6165,994657.08
140.0,432,36,1377090.0,151516.0,147270.0,1383308.0,1454.08,4229.12,1454.08,4229.12,1.0,0,1.0,1.0,100bs-2n-6th-272549s-DENV_4-usa-BVBRC_genome_sequence,sequana_cpu_dev,2,11375538.0,100,1,6,272549,DENV_4-usa-BVBRC_genome_sequence,4842.02,2569.3,7411.33,138.34,73.41,211.75,105.88,35.0, sdumont6165,266807.88
0.0,144,12,265348.0,3112.0,3084.0,265348.0,0.0,0.0,0.0,0.0,1.0,0,0.0,0.0,100bs-2n-6th-272549s-DENV_4-usa-BVBRC_genome_sequence,sequana_cpu_dev,2,11375539.0,100,1,6,272549,DENV_4-usa-BVBRC_genome_sequence,1382.24,666.06,2048.29,125.66,60.55,186.21,93.1,11.0, sdumont6165,24579.48
513.0,1380,115,1493994.0,149376.0,147334.0,1599256.0,1863.68,4433.92,1904.64,4444.16,1.0,0,0.0,0.0,1000bs-2n-6th-272549s-DENV_4-usa-BVBRC_genome_sequence,sequana_cpu_dev,2,11375540.0,1000,1,6,272549,DENV_4-usa-BVBRC_genome_sequence,18065.98,8682.04,26748.02,158.47,76.16,234.63,117.32,114.0, sdumont6165,3076022.3000000003
1120.0,2784,232,1377164.0,157844.0,148808.0,1383304.0,2816.0,4474.88,2856.96,4474.88,1.0,0,1.0,2.0,1000bs-2n-6th-272549s-DENV_4-usa-BVBRC_genome_sequence,sequana_cpu_dev,2,11375541.0,1000,1,6,272549,DENV_4-usa-BVBRC_genome_sequence,34347.11,17526.17,51873.29,149.34,76.2,225.54,112.77,230.0, sdumont6165,12034603.28
517.0,1320,110,1379878.0,149552.0,144410.0,1383168.0,1873.92,4454.4,1884.16,4454.4,1.0,0,2.0,3.0,1000bs-2n-6th-272549s-DENV_4-usa-BVBRC_genome_sequence,sequana_cpu_dev,2,11375542.0,1000,1,6,272549,DENV_4-usa-BVBRC_genome_sequence,17410.26,8345.9,25756.15,159.73,76.57,236.29,118.15,109.0, sdumont6165,2833176.5
676.0,1548,129,1491280.0,157656.0,149546.0,1611536.0,2129.92,4485.12,2129.92,4495.36,1.0,0,1.0,2.0,1000bs-2n-6th-272549s-DENV_4-usa-BVBRC_genome_sequence,sequana_cpu_dev,2,11375543.0,1000,1,6,272549,DENV_4-usa-BVBRC_genome_sequence,20070.5,9781.11,29851.62,156.8,76.41,233.22,116.61,128.0, sdumont6165,3850858.98
514.0,1416,118,1377098.0,149468.0,145388.0,1383172.0,1884.16,4444.16,1884.16,4444.16,1.0,0,0.0,1.0,1000bs-2n-6th-272549s-DENV_4-usa-BVBRC_genome_sequence,sequana_cpu_dev,2,11375544.0,1000,1,6,272549,DENV_4-usa-BVBRC_genome_sequence,18313.55,8807.47,27121.02,156.53,75.28,231.8,115.9,117.0, sdumont6165,3200280.36
0.0,336,14,265348.0,1032.0,1032.0,265348.0,0.0,0.0,0.0,0.0,1.0,0,0.0,0.0,100bs-2n-12th-272549s-DENV_4-usa-BVBRC_genome_sequence,sequana_cpu_dev,2,11375546.0,100,1,12,272549,DENV_4-usa-BVBRC_genome_sequence,2482.21,961.57,3443.78,190.94,73.97,264.91,132.45,13.0, sdumont6165,48212.920000000006
0.0,312,13,265348.0,1040.0,1040.0,265348.0,0.0,0.0,0.0,0.0,1.0,0,0.0,0.0,100bs-2n-12th-272549s-DENV_4-usa-BVBRC_genome_sequence,sequana_cpu_dev,2,11375547.0,100,1,12,272549,DENV_4-usa-BVBRC_genome_sequence,1676.89,671.42,2348.31,139.74,55.95,195.69,97.85,12.0, sdumont6165,30528.03
0.0,336,14,265348.0,1036.0,1036.0,265348.0,0.0,0.0,0.0,0.0,1.0,0,0.0,0.0,100bs-2n-12th-272549s-DENV_4-usa-BVBRC_genome_sequence,sequana_cpu_dev,2,11375548.0,100,1,12,272549,DENV_4-usa-BVBRC_genome_sequence,2498.4,972.84,3471.24,192.18,74.83,267.02,133.51,13.0, sdumont6165,48597.36
0.0,312,13,265348.0,3172.0,2106.0,265348.0,0.0,0.0,0.0,0.0,1.0,0,0.0,0.0,100bs-2n-12th-272549s-DENV_4-usa-BVBRC_genome_sequence,sequana_cpu_dev,2,11375550.0,100,1,12,272549,DENV_4-usa-BVBRC_genome_sequence,2111.32,825.31,2936.63,175.94,68.78,244.72,122.36,12.0, sdumont6165,38176.19
0.0,312,13,265348.0,1036.0,1036.0,265348.0,0.0,0.0,0.0,0.0,1.0,0,0.0,0.0,100bs-2n-12th-272549s-DENV_4-usa-BVBRC_genome_sequence,sequana_cpu_dev,2,11375551.0,100,1,12,272549,DENV_4-usa-BVBRC_genome_sequence,2108.37,831.13,2939.5,175.7,69.26,244.96,122.48,12.0, sdumont6165,38213.5
1406.0,2976,124,1896734.0,160036.0,149866.0,2016996.0,2119.68,4505.6,2129.92,4505.6,1.0,0,4.0,7.0,1000bs-2n-12th-272549s-DENV_4-usa-BVBRC_genome_sequence,sequana_cpu_dev,2,11375552.0,1000,1,12,272549,DENV_4-usa-BVBRC_genome_sequence,24625.76,9358.94,33984.7,200.21,76.09,276.3,138.15,123.0, sdumont6165,4214102.8
1714.0,3960,165,1785708.0,156108.0,149494.0,1788764.0,2365.44,4495.36,2365.44,4505.6,1.0,0,63.0,121.0,1000bs-2n-12th-272549s-DENV_4-usa-BVBRC_genome_sequence,sequana_cpu_dev,2,11375553.0,1000,1,12,272549,DENV_4-usa-BVBRC_genome_sequence,33074.95,12461.53,45536.48,201.68,75.98,277.66,138.83,164.0, sdumont6165,7513519.2
2694.0,6480,270,1782610.0,162252.0,153136.0,1788756.0,3092.48,4474.88,3092.48,4474.88,1.0,0,8.0,10.0,1000bs-2n-12th-272549s-DENV_4-usa-BVBRC_genome_sequence,sequana_cpu_dev,2,11375554.0,1000,1,12,272549,DENV_4-usa-BVBRC_genome_sequence,55848.13,20572.89,76421.01,207.61,76.48,284.09,142.05,269.0, sdumont6165,20633672.7
1395.0,3288,137,1785472.0,151928.0,147336.0,1788764.0,2129.92,4474.88,2140.16,4485.12,1.0,0,5.0,6.0,1000bs-2n-12th-272549s-DENV_4-usa-BVBRC_genome_sequence,sequana_cpu_dev,2,11375555.0,1000,1,12,272549,DENV_4-usa-BVBRC_genome_sequence,27621.44,10427.43,38048.87,203.1,76.67,279.77,139.89,136.0, sdumont6165,5212695.19
1398.0,3528,147,1782692.0,155728.0,149742.0,1788764.0,2119.68,4474.88,2140.16,4495.36,1.0,0,2.0,4.0,1000bs-2n-12th-272549s-DENV_4-usa-BVBRC_genome_sequence,sequana_cpu_dev,2,11375556.0,1000,1,12,272549,DENV_4-usa-BVBRC_genome_sequence,29671.58,11169.29,40840.88,203.23,76.5,279.73,139.87,146.0, sdumont6165,6003609.359999999
0.0,756,21,265348.0,1040.0,1038.0,265348.0,0.0,0.0,0.0,0.0,1.0,0,0.0,0.0,100bs-2n-18th-272549s-DENV_4-usa-BVBRC_genome_sequence,sequana_cpu_dev,2,11375557.0,100,1,18,272549,DENV_4-usa-BVBRC_genome_sequence,3899.53,1429.89,5329.42,194.98,71.49,266.47,133.24,20.0, sdumont6165,111917.82
0.0,684,19,265348.0,3116.0,2076.0,265348.0,0.0,0.0,0.0,0.0,1.0,0,0.0,0.0,100bs-2n-18th-272549s-DENV_4-usa-BVBRC_genome_sequence,sequana_cpu_dev,2,11375558.0,100,1,18,272549,DENV_4-usa-BVBRC_genome_sequence,3561.55,1313.91,4875.46,197.86,72.99,270.86,135.43,18.0, sdumont6165,92633.74
0.0,972,27,265348.0,3152.0,2094.0,265348.0,0.0,0.0,0.0,0.0,1.0,0,0.0,0.0,100bs-2n-18th-272549s-DENV_4-usa-BVBRC_genome_sequence,sequana_cpu_dev,2,11375559.0,100,1,18,272549,DENV_4-usa-BVBRC_genome_sequence,5430.65,1920.21,7350.86,208.87,73.85,282.73,141.36,26.0, sdumont6165,198473.22
0.0,1116,31,265348.0,1040.0,1038.0,265348.0,0.0,0.0,0.0,0.0,1.0,0,0.0,0.0,100bs-2n-18th-272549s-DENV_4-usa-BVBRC_genome_sequence,sequana_cpu_dev,2,11375560.0,100,1,18,272549,DENV_4-usa-BVBRC_genome_sequence,6054.54,2110.07,8164.6,208.78,72.76,281.54,140.77,29.0, sdumont6165,253102.6
0.0,540,15,265348.0,1040.0,1038.0,265348.0,0.0,0.0,0.0,0.0,1.0,0,0.0,0.0,100bs-2n-18th-272549s-DENV_4-usa-BVBRC_genome_sequence,sequana_cpu_dev,2,11375561.0,100,1,18,272549,DENV_4-usa-BVBRC_genome_sequence,2674.48,1021.5,3695.98,198.44,75.6,274.04,137.02,13.5, sdumont6165,55439.7
2119.0,5148,143,2188150.0,152840.0,148484.0,2194292.0,2099.2,4464.64,2109.44,4464.64,1.0,0,16.0,18.0,1000bs-2n-18th-272549s-DENV_4-usa-BVBRC_genome_sequence,sequana_cpu_dev,2,11375562.0,1000,1,18,272549,DENV_4-usa-BVBRC_genome_sequence,29535.67,10877.31,40412.98,209.47,77.14,286.62,143.31,141.0, sdumont6165,5779056.140000001
2119.0,5292,147,2188224.0,164528.0,155560.0,2194292.0,2129.92,4454.4,2129.92,4454.4,1.0,0,13.0,16.0,1000bs-2n-18th-272549s-DENV_4-usa-BVBRC_genome_sequence,sequana_cpu_dev,2,11375563.0,1000,1,18,272549,DENV_4-usa-BVBRC_genome_sequence,30705.92,11256.01,41961.94,210.31,77.1,287.41,143.71,146.0, sdumont6165,6168405.180000001
2639.0,6480,180,2188154.0,156548.0,151632.0,2194300.0,2324.48,4485.12,2355.2,4505.6,1.0,0,16.0,24.0,1000bs-2n-18th-272549s-DENV_4-usa-BVBRC_genome_sequence,sequana_cpu_dev,2,11375564.0,1000,1,18,272549,DENV_4-usa-BVBRC_genome_sequence,38412.83,13755.38,52168.21,214.6,76.85,291.44,145.72,179.0, sdumont6165,9390277.8
2652.0,5436,151,2302338.0,152104.0,148194.0,2422672.0,2447.36,4608.0,2539.52,4710.4,1.0,0,9.0,11.0,1000bs-2n-18th-272549s-DENV_4-usa-BVBRC_genome_sequence,sequana_cpu_dev,2,11375565.0,1000,1,18,272549,DENV_4-usa-BVBRC_genome_sequence,31477.39,11539.24,43016.64,209.85,76.93,286.78,143.39,150.0, sdumont6165,6495512.64
2641.0,6732,187,2191008.0,156376.0,148440.0,2194300.0,2314.24,4485.12,2355.2,4485.12,1.0,0,7.0,8.0,1000bs-2n-18th-272549s-DENV_4-usa-BVBRC_genome_sequence,sequana_cpu_dev,2,11375566.0,1000,1,18,272549,DENV_4-usa-BVBRC_genome_sequence,35923.24,12992.84,48916.07,212.56,76.88,289.44,144.72,169.0, sdumont6165,9147305.09
680.0,2160,45,2593688.0,153076.0,149064.0,2599824.0,1454.08,4218.88,1454.08,4218.88,1.0,0,26.0,35.0,100bs-2n-24th-272549s-DENV_4-usa-BVBRC_genome_sequence,sequana_cpu_dev,2,11375567.0,100,1,24,272549,DENV_4-usa-BVBRC_genome_sequence,10616.77,3324.38,13941.15,246.9,77.31,324.21,162.11,43.0, sdumont6165,627351.75
0.0,1008,21,265348.0,3060.0,2050.0,265348.0,0.0,0.0,0.0,0.0,1.0,0,0.0,0.0,100bs-2n-24th-272549s-DENV_4-usa-BVBRC_genome_sequence,sequana_cpu_dev,2,11375568.0,100,1,24,272549,DENV_4-usa-BVBRC_genome_sequence,4503.84,1489.96,5993.81,225.19,74.5,299.69,149.85,20.0, sdumont6165,125870.01
0.0,768,16,265348.0,3100.0,2070.0,265348.0,0.0,0.0,0.0,0.0,1.0,0,0.0,0.0,100bs-2n-24th-272549s-DENV_4-usa-BVBRC_genome_sequence,sequana_cpu_dev,2,11375569.0,100,1,24,272549,DENV_4-usa-BVBRC_genome_sequence,2932.64,1025.91,3958.55,202.52,70.67,273.19,136.6,14.5, sdumont6165,63336.8
0.0,1152,24,265348.0,1040.0,1038.0,265348.0,0.0,0.0,0.0,0.0,1.0,0,0.0,0.0,100bs-2n-24th-272549s-DENV_4-usa-BVBRC_genome_sequence,sequana_cpu_dev,2,11375570.0,100,1,24,272549,DENV_4-usa-BVBRC_genome_sequence,5110.71,1673.45,6784.16,222.2,72.76,294.96,147.48,23.0, sdumont6165,162819.84
0.0,864,18,265348.0,3136.0,2086.0,265348.0,0.0,0.0,0.0,0.0,1.0,0,0.0,0.0,100bs-2n-24th-272549s-DENV_4-usa-BVBRC_genome_sequence,sequana_cpu_dev,2,11375571.0,100,1,24,272549,DENV_4-usa-BVBRC_genome_sequence,3456.81,1171.24,4628.04,203.34,68.9,272.24,136.12,17.0, sdumont6165,83304.72
6267.0,13920,290,2593768.0,158356.0,154408.0,2599840.0,3307.52,4485.12,3307.52,4485.12,1.0,0,14.0,16.0,1000bs-2n-24th-272549s-DENV_4-usa-BVBRC_genome_sequence,sequana_cpu_dev,2,11375572.0,1000,1,24,272549,DENV_4-usa-BVBRC_genome_sequence,70472.52,22356.95,92829.47,243.85,77.36,321.21,160.6,289.0, sdumont6165,26920546.3
3538.0,8352,174,2593696.0,154052.0,151996.0,2599836.0,2355.2,4474.88,2355.2,4474.88,1.0,0,20.0,28.0,1000bs-2n-24th-272549s-DENV_4-usa-BVBRC_genome_sequence,sequana_cpu_dev,2,11375573.0,1000,1,24,272549,DENV_4-usa-BVBRC_genome_sequence,40715.04,13433.89,54148.92,235.35,77.65,313.0,156.5,173.0, sdumont6165,9421912.08
4960.0,10800,225,2710642.0,168196.0,158032.0,2828036.0,2590.72,4515.84,2590.72,4515.84,2.0,0,18.0,25.0,1000bs-2n-24th-272549s-DENV_4-usa-BVBRC_genome_sequence,sequana_cpu_dev,2,11375574.0,1000,1,24,272549,DENV_4-usa-BVBRC_genome_sequence,53942.55,17404.57,71347.13,241.89,78.05,319.94,159.97,223.0, sdumont6165,16053104.250000002
3538.0,8640,180,2596550.0,162684.0,154374.0,2599836.0,2304.0,4474.88,2355.2,4474.88,1.0,0,29.0,38.0,1000bs-2n-24th-272549s-DENV_4-usa-BVBRC_genome_sequence,sequana_cpu_dev,2,11375575.0,1000,1,24,272549,DENV_4-usa-BVBRC_genome_sequence,42480.13,14070.03,56550.16,237.32,78.6,315.92,157.96,179.0, sdumont6165,10179028.8
3537.0,8400,175,2705178.0,156072.0,154064.0,2822796.0,2324.48,4464.64,2355.2,4464.64,1.0,0,18.0,22.0,1000bs-2n-24th-272549s-DENV_4-usa-BVBRC_genome_sequence,sequana_cpu_dev,2,11375576.0,1000,1,24,272549,DENV_4-usa-BVBRC_genome_sequence,40920.36,13606.71,54527.06,235.17,78.2,313.37,156.69,174.0, sdumont6165,9542235.5
0.0,1440,24,265348.0,3144.0,3134.0,265348.0,0.0,0.0,0.0,0.0,1.0,0,0.0,0.0,100bs-2n-30th-272549s-DENV_4-usa-BVBRC_genome_sequence,sequana_cpu_dev,2,11375577.0,100,1,30,272549,DENV_4-usa-BVBRC_genome_sequence,4921.67,3403.71,8325.38,213.99,147.99,361.97,180.99,23.0, sdumont6165,199809.12
867.0,1920,32,2999360.0,151908.0,147974.0,3005488.0,1443.84,4249.6,1454.08,4259.84,1.0,0,29.0,31.0,100bs-2n-30th-272549s-DENV_4-usa-BVBRC_genome_sequence,sequana_cpu_dev,2,11375578.0,100,1,30,272549,DENV_4-usa-BVBRC_genome_sequence,6669.21,4514.37,11183.57,218.63,148.04,366.67,183.33,30.5, sdumont6165,357874.24
0.0,1260,21,265348.0,3168.0,3156.0,265348.0,0.0,0.0,0.0,0.0,1.0,0,0.0,0.0,100bs-2n-30th-272549s-DENV_4-usa-BVBRC_genome_sequence,sequana_cpu_dev,2,11375579.0,100,1,30,272549,DENV_4-usa-BVBRC_genome_sequence,4345.81,3049.38,7395.18,217.29,152.47,369.76,184.88,20.0, sdumont6165,155298.78
855.0,2580,43,2999382.0,153068.0,148448.0,3005528.0,1433.6,4229.12,1433.6,4229.12,1.0,0,17.0,24.0,100bs-2n-30th-272549s-DENV_4-usa-BVBRC_genome_sequence,sequana_cpu_dev,2,11375580.0,100,1,30,272549,DENV_4-usa-BVBRC_genome_sequence,9652.77,6368.3,16021.06,229.83,151.63,381.45,190.73,42.0, sdumont6165,688905.58
0.0,1560,26,265348.0,3176.0,3166.0,265348.0,0.0,0.0,0.0,0.0,1.0,0,0.0,0.0,100bs-2n-30th-272549s-DENV_4-usa-BVBRC_genome_sequence,sequana_cpu_dev,2,11375581.0,100,1,30,272549,DENV_4-usa-BVBRC_genome_sequence,5413.29,3722.27,9135.57,216.53,148.89,365.42,182.71,25.0, sdumont6165,237524.82
5340.0,12420,207,2999318.0,163024.0,156854.0,3005388.0,2529.28,4474.88,2529.28,4485.12,1.0,0,23.0,29.0,1000bs-2n-30th-272549s-DENV_4-usa-BVBRC_genome_sequence,sequana_cpu_dev,2,11375582.0,1000,1,30,272549,DENV_4-usa-BVBRC_genome_sequence,46336.78,32346.85,78683.63,224.94,157.02,381.96,190.98,206.0, sdumont6165,16287511.41
7091.0,15660,261,2999224.0,162992.0,157824.0,3005348.0,2979.84,4505.6,3000.32,4515.84,1.0,0,14.0,18.0,1000bs-2n-30th-272549s-DENV_4-usa-BVBRC_genome_sequence,sequana_cpu_dev,2,11375583.0,1000,1,30,272549,DENV_4-usa-BVBRC_genome_sequence,60182.05,41034.92,101216.96,231.47,157.83,389.3,194.65,260.0, sdumont6165,26417626.56
6208.0,13800,230,3224842.0,164864.0,157066.0,3228348.0,2662.4,4485.12,2754.56,4495.36,1.0,0,19.0,26.0,1000bs-2n-30th-272549s-DENV_4-usa-BVBRC_genome_sequence,sequana_cpu_dev,2,11375584.0,1000,1,30,272549,DENV_4-usa-BVBRC_genome_sequence,52023.12,35979.26,88002.38,227.18,157.11,384.29,192.14,229.0, sdumont6165,20240547.4
6213.0,14160,236,3113360.0,163028.0,156940.0,3233624.0,2754.56,4485.12,2754.56,4485.12,1.0,0,19.0,25.0,1000bs-2n-30th-272549s-DENV_4-usa-BVBRC_genome_sequence,sequana_cpu_dev,2,11375585.0,1000,1,30,272549,DENV_4-usa-BVBRC_genome_sequence,53377.61,37153.86,90531.47,227.14,158.1,385.24,192.62,235.0, sdumont6165,21365426.92
10559.0,21780,363,3002024.0,163408.0,157012.0,3005392.0,3911.68,4526.08,3911.68,4526.08,1.0,0,15.0,16.0,1000bs-2n-30th-272549s-DENV_4-usa-BVBRC_genome_sequence,sequana_cpu_dev,2,11375586.0,1000,1,30,272549,DENV_4-usa-BVBRC_genome_sequence,85756.91,57171.42,142928.33,236.9,157.93,394.83,197.41,362.0, sdumont6165,51882983.78999999
0.0,2160,30,265348.0,3168.0,3110.0,265348.0,0.0,0.0,0.0,0.0,1.0,0,0.0,0.0,100bs-2n-36th-272549s-DENV_4-usa-BVBRC_genome_sequence,sequana_cpu_dev,2,11375587.0,100,1,36,272549,DENV_4-usa-BVBRC_genome_sequence,5691.11,5017.4,10708.51,203.25,179.19,382.45,191.22,28.0, sdumont6165,321255.3
0.0,2088,29,265348.0,3140.0,3114.0,265348.0,0.0,0.0,0.0,0.0,1.0,0,0.0,0.0,100bs-2n-36th-272549s-DENV_4-usa-BVBRC_genome_sequence,sequana_cpu_dev,2,11375588.0,100,1,36,272549,DENV_4-usa-BVBRC_genome_sequence,5827.17,5085.88,10913.05,208.11,181.64,389.75,194.88,28.0, sdumont6165,316478.44999999995
0.0,1872,26,265348.0,3136.0,2084.0,265348.0,0.0,0.0,0.0,0.0,1.0,0,0.0,0.0,100bs-2n-36th-272549s-DENV_4-usa-BVBRC_genome_sequence,sequana_cpu_dev,2,11375589.0,100,1,36,272549,DENV_4-usa-BVBRC_genome_sequence,5308.18,4636.02,9944.2,212.33,185.44,397.77,198.88,25.0, sdumont6165,258549.2
0.0,1800,25,265348.0,3180.0,3110.0,265348.0,0.0,0.0,0.0,0.0,1.0,0,0.0,0.0,100bs-2n-36th-272549s-DENV_4-usa-BVBRC_genome_sequence,sequana_cpu_dev,2,11375590.0,100,1,36,272549,DENV_4-usa-BVBRC_genome_sequence,4800.43,4192.41,8992.84,208.71,182.28,390.99,195.5,23.0, sdumont6165,224821.0
917.0,2880,40,3404762.0,153768.0,149554.0,3410892.0,1423.36,4229.12,1433.6,4229.12,1.0,0,25.0,40.0,100bs-2n-36th-272549s-DENV_4-usa-BVBRC_genome_sequence,sequana_cpu_dev,2,11375591.0,100,1,36,272549,DENV_4-usa-BVBRC_genome_sequence,7857.56,6968.74,14826.3,201.48,178.69,380.16,190.08,39.0, sdumont6165,593052.0
8548.0,18864,262,3519032.0,162960.0,155722.0,3633856.0,2990.08,4505.6,2990.08,4515.84,1.0,0,38.0,58.0,1000bs-2n-36th-272549s-DENV_4-usa-BVBRC_genome_sequence,sequana_cpu_dev,2,11375592.0,1000,1,36,272549,DENV_4-usa-BVBRC_genome_sequence,58707.97,51356.22,110064.19,224.93,196.77,421.7,210.85,261.0, sdumont6165,28836817.78
13752.0,30024,417,3407622.0,163476.0,155792.0,3416636.0,4034.56,4505.6,4157.44,4505.6,1.0,0,26.0,27.0,1000bs-2n-36th-272549s-DENV_4-usa-BVBRC_genome_sequence,sequana_cpu_dev,2,11375593.0,1000,1,36,272549,DENV_4-usa-BVBRC_genome_sequence,99148.93,88190.07,187339.0,238.91,212.51,451.42,225.71,415.0, sdumont6165,78120363.0
8529.0,18288,254,3407698.0,160840.0,154938.0,3416608.0,2979.84,4505.6,2979.84,4505.6,1.0,0,31.0,42.0,1000bs-2n-36th-272549s-DENV_4-usa-BVBRC_genome_sequence,sequana_cpu_dev,2,11375594.0,1000,1,36,272549,DENV_4-usa-BVBRC_genome_sequence,57364.95,50593.08,107958.04,226.74,199.97,426.71,213.36,253.0, sdumont6165,27421342.16
9611.0,21240,295,3407624.0,160668.0,155750.0,3416600.0,3194.88,4505.6,3225.6,4515.84,1.0,0,26.0,38.0,1000bs-2n-36th-272549s-DENV_4-usa-BVBRC_genome_sequence,sequana_cpu_dev,2,11375595.0,1000,1,36,272549,DENV_4-usa-BVBRC_genome_sequence,67619.29,59077.64,126696.93,230.4,201.29,431.68,215.84,293.5, sdumont6165,37375594.35
8538.0,18864,262,3519052.0,165048.0,157822.0,3633904.0,2990.08,4505.6,3000.32,4505.6,1.0,0,33.0,42.0,1000bs-2n-36th-272549s-DENV_4-usa-BVBRC_genome_sequence,sequana_cpu_dev,2,11375596.0,1000,1,36,272549,DENV_4-usa-BVBRC_genome_sequence,59229.45,52120.02,111349.47,227.37,200.07,427.45,213.72,260.5, sdumont6165,29173561.14
0.0,2268,27,265348.0,3140.0,3130.0,265348.0,0.0,0.0,0.0,0.0,1.0,0,0.0,0.0,100bs-2n-42th-272549s-DENV_4-usa-BVBRC_genome_sequence,sequana_cpu_dev,2,11375597.0,100,1,42,272549,DENV_4-usa-BVBRC_genome_sequence,5391.7,4938.41,10330.11,211.55,193.68,405.24,202.62,25.5, sdumont6165,278912.97000000003
1214.0,2856,34,3810418.0,154232.0,149000.0,3816640.0,1423.36,4239.36,1433.6,4239.36,1.0,0,30.0,33.0,100bs-2n-42th-272549s-DENV_4-usa-BVBRC_genome_sequence,sequana_cpu_dev,2,11375598.0,100,1,42,272549,DENV_4-usa-BVBRC_genome_sequence,6956.76,6462.29,13419.05,217.65,202.07,419.72,209.86,32.0, sdumont6165,456247.7
0.0,2604,31,265348.0,3172.0,3130.0,265348.0,0.0,0.0,0.0,0.0,1.0,0,0.0,0.0,100bs-2n-42th-272549s-DENV_4-usa-BVBRC_genome_sequence,sequana_cpu_dev,2,11375599.0,100,1,42,272549,DENV_4-usa-BVBRC_genome_sequence,6210.23,5704.43,11914.66,210.53,193.33,403.86,201.93,29.5, sdumont6165,369354.46
2431.0,6552,78,3813036.0,157892.0,150548.0,3816488.0,1669.12,4229.12,1679.36,4239.36,1.0,0,19.0,24.0,100bs-2n-42th-272549s-DENV_4-usa-BVBRC_genome_sequence,sequana_cpu_dev,2,11375600.0,100,1,42,272549,DENV_4-usa-BVBRC_genome_sequence,18134.05,17170.12,35304.17,237.06,224.44,461.51,230.75,76.5, sdumont6165,2753725.26
609.0,2604,31,1987704.0,60384.0,31724.0,3710060.0,747.52,2119.68,1505.28,4239.36,1.0,0,12.0,24.0,100bs-2n-42th-272549s-DENV_4-usa-BVBRC_genome_sequence,sequana_cpu_dev,2,11375601.0,100,1,42,272549,DENV_4-usa-BVBRC_genome_sequence,6435.87,5931.39,12367.26,218.27,201.09,419.37,209.68,29.5, sdumont6165,383385.06
9975.0,22176,264,3813258.0,164876.0,156852.0,3822056.0,2969.6,4495.36,2979.84,4505.6,1.0,0,26.0,36.0,1000bs-2n-42th-272549s-DENV_4-usa-BVBRC_genome_sequence,sequana_cpu_dev,2,11375602.0,1000,1,42,272549,DENV_4-usa-BVBRC_genome_sequence,59484.71,54626.41,114111.13,226.61,208.09,434.7,217.35,262.5, sdumont6165,30125338.32
9977.0,22512,268,3816096.0,162584.0,156548.0,3822056.0,2959.36,4485.12,2979.84,4495.36,1.0,0,35.0,37.0,1000bs-2n-42th-272549s-DENV_4-usa-BVBRC_genome_sequence,sequana_cpu_dev,2,11375603.0,1000,1,42,272549,DENV_4-usa-BVBRC_genome_sequence,59894.23,55237.42,115131.65,224.74,207.26,432.01,216.0,266.5, sdumont6165,30855282.2
11214.0,22848,272,4035868.0,164284.0,157474.0,4044720.0,3194.88,4515.84,3194.88,4515.84,1.0,0,36.0,43.0,1000bs-2n-42th-272549s-DENV_4-usa-BVBRC_genome_sequence,sequana_cpu_dev,2,11375604.0,1000,1,42,272549,DENV_4-usa-BVBRC_genome_sequence,61720.65,56752.07,118472.71,228.17,209.79,437.96,218.98,270.5, sdumont6165,32224577.12
9987.0,22344,266,3921790.0,162172.0,156508.0,4039268.0,2969.6,4495.36,2979.84,4495.36,1.0,0,26.0,42.0,1000bs-2n-42th-272549s-DENV_4-usa-BVBRC_genome_sequence,sequana_cpu_dev,2,11375605.0,1000,1,42,272549,DENV_4-usa-BVBRC_genome_sequence,59076.66,54149.96,113226.62,223.35,204.72,428.07,214.04,264.5, sdumont6165,30118280.92
11224.0,22932,273,4038562.0,161812.0,156870.0,4044728.0,3184.64,4515.84,3194.88,4526.08,1.0,0,35.0,47.0,1000bs-2n-42th-272549s-DENV_4-usa-BVBRC_genome_sequence,sequana_cpu_dev,2,11375606.0,1000,1,42,272549,DENV_4-usa-BVBRC_genome_sequence,61356.25,56624.62,117980.87,225.99,208.55,434.54,217.27,271.5, sdumont6165,32208777.51
1372.0,5952,62,4215872.0,156140.0,150134.0,4221996.0,1617.92,4249.6,1792.0,4280.32,1.0,0,14.0,29.0,100bs-2n-48th-272549s-DENV_4-usa-BVBRC_genome_sequence,sequana_cpu_dev,2,11375607.0,100,1,48,272549,DENV_4-usa-BVBRC_genome_sequence,14140.19,14414.5,28554.69,239.66,244.31,483.98,241.99,59.0, sdumont6165,1770390.78
1389.0,3456,36,4215944.0,154480.0,150270.0,4222184.0,1433.6,4239.36,1433.6,4239.36,1.0,0,51.0,56.0,100bs-2n-48th-272549s-DENV_4-usa-BVBRC_genome_sequence,sequana_cpu_dev,2,11375608.0,100,1,48,272549,DENV_4-usa-BVBRC_genome_sequence,7387.75,7543.36,14931.11,217.29,221.86,439.15,219.58,34.0, sdumont6165,537519.96
0.0,2880,30,265348.0,3056.0,2046.0,265348.0,0.0,0.0,0.0,0.0,1.0,0,0.0,0.0,100bs-2n-48th-272549s-DENV_4-usa-BVBRC_genome_sequence,sequana_cpu_dev,2,11375609.0,100,1,48,272549,DENV_4-usa-BVBRC_genome_sequence,6435.48,6562.1,12997.58,229.84,234.36,464.2,232.1,28.0, sdumont6165,389927.4
1384.0,3360,35,4215922.0,156260.0,151306.0,4221996.0,1433.6,4239.36,1433.6,4239.36,1.0,0,38.0,53.0,100bs-2n-48th-272549s-DENV_4-usa-BVBRC_genome_sequence,sequana_cpu_dev,2,11375610.0,100,1,48,272549,DENV_4-usa-BVBRC_genome_sequence,6979.0,7100.16,14079.16,211.48,215.16,426.64,213.32,33.0, sdumont6165,492770.6
2734.0,6048,63,4216018.0,154728.0,149458.0,4222184.0,1761.28,4259.84,1781.76,4280.32,1.0,0,43.0,48.0,100bs-2n-48th-272549s-DENV_4-usa-BVBRC_genome_sequence,sequana_cpu_dev,2,11375611.0,100,1,48,272549,DENV_4-usa-BVBRC_genome_sequence,13980.9,14157.04,28137.94,236.96,239.95,476.91,238.46,59.0, sdumont6165,1772690.22
12822.0,28800,300,4330120.0,167180.0,159162.0,4438088.0,3235.84,4495.36,3235.84,4505.6,1.0,0,34.0,41.0,1000bs-2n-48th-272549s-DENV_4-usa-BVBRC_genome_sequence,sequana_cpu_dev,2,11375612.0,1000,1,48,272549,DENV_4-usa-BVBRC_genome_sequence,68457.19,69755.26,138212.45,229.72,234.08,463.8,231.9,298.0, sdumont6165,41463735.0
15656.0,34176,356,4327448.0,162940.0,158048.0,4444852.0,3676.16,4505.6,3686.4,4526.08,1.0,0,28.0,30.0,1000bs-2n-48th-272549s-DENV_4-usa-BVBRC_genome_sequence,sequana_cpu_dev,2,11375613.0,1000,1,48,272549,DENV_4-usa-BVBRC_genome_sequence,82151.94,83276.97,165428.91,232.39,235.58,467.98,233.99,353.5, sdumont6165,58892691.96
14234.0,31200,325,4218678.0,167500.0,160210.0,4222040.0,3461.12,4505.6,3461.12,4515.84,1.0,0,37.0,47.0,1000bs-2n-48th-272549s-DENV_4-usa-BVBRC_genome_sequence,sequana_cpu_dev,2,11375614.0,1000,1,48,272549,DENV_4-usa-BVBRC_genome_sequence,75618.98,76960.42,152579.4,234.11,238.27,472.38,236.19,323.0, sdumont6165,49588305.0
14260.0,29472,307,4330216.0,161608.0,157166.0,4438284.0,3420.16,4515.84,3430.4,4526.08,1.0,0,34.0,43.0,1000bs-2n-48th-272549s-DENV_4-usa-BVBRC_genome_sequence,sequana_cpu_dev,2,11375615.0,1000,1,48,272549,DENV_4-usa-BVBRC_genome_sequence,69645.69,71392.39,141038.08,228.35,234.07,462.42,231.21,305.0, sdumont6165,43298690.56
15652.0,33984,354,4330164.0,167268.0,159646.0,4438140.0,3676.16,4515.84,3686.4,4526.08,1.0,0,51.0,53.0,1000bs-2n-48th-272549s-DENV_4-usa-BVBRC_genome_sequence,sequana_cpu_dev,2,11375616.0,1000,1,48,272549,DENV_4-usa-BVBRC_genome_sequence,81733.34,83713.52,165446.86,232.86,238.5,471.36,235.68,351.0, sdumont6165,58568188.44
0.0,132,22,265348.0,3152.0,3073.3330078125,265348.0,0.0,0.0,0.0,0.0,1.0,0,0.0,0.0,100bs-3n-2th-272549s-DENV_4-usa-BVBRC_genome_sequence,sequana_cpu_dev,3,11375617.0,100,1,2,272549,DENV_4-usa-BVBRC_genome_sequence,3032.89,2286.95,5319.84,144.42,108.9,253.33,84.44,21.0, sdumont6165,117036.48
0.0,96,16,265348.0,3148.0,3132.0,265348.0,0.0,0.0,0.0,0.0,1.0,0,0.0,0.0,100bs-3n-2th-272549s-DENV_4-usa-BVBRC_genome_sequence,sequana_cpu_dev,3,11375618.0,100,1,2,272549,DENV_4-usa-BVBRC_genome_sequence,2047.13,1435.2,3482.33,146.22,102.51,248.74,82.91,14.0, sdumont6165,55717.28
0.0,102,17,265348.0,3180.0,3133.3330078125,265348.0,0.0,0.0,0.0,0.0,1.0,0,0.0,0.0,100bs-3n-2th-272549s-DENV_4-usa-BVBRC_genome_sequence,sequana_cpu_dev,3,11375619.0,100,1,2,272549,DENV_4-usa-BVBRC_genome_sequence,2512.96,1723.86,4236.82,157.06,107.74,264.8,88.27,16.0, sdumont6165,72025.94
0.0,78,13,265348.0,3116.0,3098.666015625,265348.0,0.0,0.0,0.0,0.0,1.0,0,0.0,0.0,100bs-3n-2th-272549s-DENV_4-usa-BVBRC_genome_sequence,sequana_cpu_dev,3,11375620.0,100,1,2,272549,DENV_4-usa-BVBRC_genome_sequence,1849.14,1247.01,3096.15,154.09,103.92,258.01,86.0,12.0, sdumont6165,40249.95
0.0,96,16,265348.0,3156.0,3129.3330078125,265348.0,0.0,0.0,0.0,0.0,1.0,0,0.0,0.0,100bs-3n-2th-272549s-DENV_4-usa-BVBRC_genome_sequence,sequana_cpu_dev,3,11375621.0,100,1,2,272549,DENV_4-usa-BVBRC_genome_sequence,2465.13,1737.97,4203.1,164.34,115.86,280.21,93.4,15.0, sdumont6165,67249.6
158.0,714,119,1115157.3330078125,149516.0,149372.0,1118960.0,1894.4,4372.48,1904.64,4382.72,1.0,0,0.0,0.0,1000bs-3n-2th-272549s-DENV_4-usa-BVBRC_genome_sequence,sequana_cpu_dev,3,11375622.0,1000,1,2,272549,DENV_4-usa-BVBRC_genome_sequence,20386.2,13691.16,34077.35,172.76,116.03,288.79,96.26,118.0, sdumont6165,4055204.65
158.0,660,110,1113286.666015625,153688.0,152226.666015625,1113344.0,1894.4,4372.48,1904.64,4372.48,1.0,0,0.0,0.0,1000bs-3n-2th-272549s-DENV_4-usa-BVBRC_genome_sequence,sequana_cpu_dev,3,11375623.0,1000,1,2,272549,DENV_4-usa-BVBRC_genome_sequence,18815.9,12594.04,31409.94,172.62,115.54,288.16,96.05,109.0, sdumont6165,3455093.4
205.0,762,127,1113301.3330078125,153556.0,150921.3330078125,1113392.0,2129.92,4403.2,2129.92,4413.44,1.0,0,0.0,0.0,1000bs-3n-2th-272549s-DENV_4-usa-BVBRC_genome_sequence,sequana_cpu_dev,3,11375624.0,1000,1,2,272549,DENV_4-usa-BVBRC_genome_sequence,21749.9,14721.13,36471.03,172.62,116.83,289.45,96.48,126.0, sdumont6165,4631820.81
162.0,642,107,1191280.0,153600.0,152714.666015625,1341608.0,1894.4,4382.72,1904.64,4382.72,1.0,0,0.0,0.0,1000bs-3n-2th-272549s-DENV_4-usa-BVBRC_genome_sequence,sequana_cpu_dev,3,11375625.0,1000,1,2,272549,DENV_4-usa-BVBRC_genome_sequence,18662.44,12405.05,31067.48,176.06,117.03,293.09,97.7,106.0, sdumont6165,3324220.36
206.0,738,123,1113353.3330078125,149652.0,149545.3330078125,1113540.0,2099.2,4413.44,2129.92,4413.44,1.0,0,0.0,0.0,1000bs-3n-2th-272549s-DENV_4-usa-BVBRC_genome_sequence,sequana_cpu_dev,3,11375626.0,1000,1,2,272549,DENV_4-usa-BVBRC_genome_sequence,21033.31,14263.35,35296.66,172.4,116.91,289.32,96.44,122.0, sdumont6165,4341489.180000001
0.0,162,9,265348.0,3124.0,2414.666015625,265348.0,0.0,0.0,0.0,0.0,1.0,0,0.0,0.0,100bs-3n-6th-272549s-DENV_4-usa-BVBRC_genome_sequence,sequana_cpu_dev,3,11375627.0,100,1,6,272549,DENV_4-usa-BVBRC_genome_sequence,1556.09,755.8,2311.89,194.51,94.47,288.99,96.33,8.0, sdumont6165,20807.01
0.0,216,12,265348.0,3152.0,2422.666015625,265348.0,0.0,0.0,0.0,0.0,1.0,0,0.0,0.0,100bs-3n-6th-272549s-DENV_4-usa-BVBRC_genome_sequence,sequana_cpu_dev,3,11375628.0,100,1,6,272549,DENV_4-usa-BVBRC_genome_sequence,1879.95,918.46,2798.4,170.9,83.5,254.4,84.8,11.0, sdumont6165,33580.8
0.0,396,22,265348.0,3148.0,2409.3330078125,265348.0,0.0,0.0,0.0,0.0,1.0,0,0.0,0.0,100bs-3n-6th-272549s-DENV_4-usa-BVBRC_genome_sequence,sequana_cpu_dev,3,11375629.0,100,1,6,272549,DENV_4-usa-BVBRC_genome_sequence,4073.21,2142.18,6215.4,193.96,102.01,295.97,98.66,21.0, sdumont6165,136738.8
0.0,252,14,265348.0,3096.0,2404.0,265348.0,0.0,0.0,0.0,0.0,1.0,0,0.0,0.0,100bs-3n-6th-272549s-DENV_4-usa-BVBRC_genome_sequence,sequana_cpu_dev,3,11375630.0,100,1,6,272549,DENV_4-usa-BVBRC_genome_sequence,2958.77,1459.05,4417.82,227.6,112.23,339.83,113.28,13.0, sdumont6165,61849.48
0.0,198,11,265348.0,3156.0,3122.666015625,265348.0,0.0,0.0,0.0,0.0,1.0,0,0.0,0.0,100bs-3n-6th-272549s-DENV_4-usa-BVBRC_genome_sequence,sequana_cpu_dev,3,11375631.0,100,1,6,272549,DENV_4-usa-BVBRC_genome_sequence,1963.01,993.93,2956.94,196.3,99.39,295.69,98.56,10.0, sdumont6165,32526.34
501.0,1800,100,1383453.3330078125,161916.0,155274.666015625,1383576.0,1904.64,4403.2,1904.64,4413.44,1.0,0,1.0,2.0,1000bs-3n-6th-272549s-DENV_4-usa-BVBRC_genome_sequence,sequana_cpu_dev,3,11375632.0,1000,1,6,272549,DENV_4-usa-BVBRC_genome_sequence,24025.1,11543.42,35568.52,242.68,116.6,359.28,119.76,99.0, sdumont6165,3556851.9999999995
497.0,1998,111,1385221.3330078125,149836.0,149677.3330078125,1388732.0,1904.64,4382.72,1914.88,4403.2,1.0,0,0.0,0.0,1000bs-3n-6th-272549s-DENV_4-usa-BVBRC_genome_sequence,sequana_cpu_dev,3,11375634.0,1000,1,6,272549,DENV_4-usa-BVBRC_genome_sequence,26759.27,12915.16,39674.43,243.27,117.41,360.68,120.23,110.0, sdumont6165,4403861.73
342.0,1368,76,1383324.0,153584.0,152294.666015625,1383468.0,1679.36,4372.48,1679.36,4372.48,1.0,0,1.0,2.0,1000bs-3n-6th-272549s-DENV_4-usa-BVBRC_genome_sequence,sequana_cpu_dev,3,11375635.0,1000,1,6,272549,DENV_4-usa-BVBRC_genome_sequence,18423.2,8646.32,27069.52,245.64,115.28,360.93,120.31,75.0, sdumont6165,2057283.52
343.0,1566,87,1387081.3330078125,150020.0,149692.0,1388884.0,1669.12,4362.24,1679.36,4372.48,1.0,0,0.0,1.0,1000bs-3n-6th-272549s-DENV_4-usa-BVBRC_genome_sequence,sequana_cpu_dev,3,11375636.0,1000,1,6,272549,DENV_4-usa-BVBRC_genome_sequence,20293.55,9620.46,29914.01,244.5,115.91,360.41,120.14,83.0, sdumont6165,2602518.87
499.0,1854,103,1459497.3330078125,153784.0,151461.3330078125,1611684.0,1894.4,4392.96,1914.88,4403.2,1.0,0,1.0,3.0,1000bs-3n-6th-272549s-DENV_4-usa-BVBRC_genome_sequence,sequana_cpu_dev,3,11375637.0,1000,1,6,272549,DENV_4-usa-BVBRC_genome_sequence,24532.15,11848.84,36380.99,240.51,116.17,356.68,118.89,102.0, sdumont6165,3747241.97
0.0,1044,29,265348.0,1040.0,1038.666015625,265348.0,0.0,0.0,0.0,0.0,1.0,0,0.0,0.0,100bs-3n-12th-272549s-DENV_4-usa-BVBRC_genome_sequence,sequana_cpu_dev,3,11375638.0,100,1,12,272549,DENV_4-usa-BVBRC_genome_sequence,8715.91,3162.75,11878.65,322.81,117.14,439.95,146.65,27.0, sdumont6165,344480.85
0.0,360,10,265348.0,3140.0,1737.3330078125,265348.0,0.0,0.0,0.0,0.0,1.0,0,0.0,0.0,100bs-3n-12th-272549s-DENV_4-usa-BVBRC_genome_sequence,sequana_cpu_dev,3,11375639.0,100,1,12,272549,DENV_4-usa-BVBRC_genome_sequence,2621.7,1023.98,3645.68,291.3,113.78,405.08,135.03,9.0, sdumont6165,36456.8
0.0,648,18,265348.0,3152.0,1740.0,265348.0,0.0,0.0,0.0,0.0,1.0,0,0.0,0.0,100bs-3n-12th-272549s-DENV_4-usa-BVBRC_genome_sequence,sequana_cpu_dev,3,11375640.0,100,1,12,272549,DENV_4-usa-BVBRC_genome_sequence,4755.05,1757.57,6512.62,279.71,103.39,383.1,127.7,17.0, sdumont6165,117227.16
0.0,576,16,265348.0,3112.0,2402.666015625,265348.0,0.0,0.0,0.0,0.0,1.0,0,0.0,0.0,100bs-3n-12th-272549s-DENV_4-usa-BVBRC_genome_sequence,sequana_cpu_dev,3,11375642.0,100,1,12,272549,DENV_4-usa-BVBRC_genome_sequence,4424.03,1672.93,6096.96,294.94,111.53,406.46,135.49,15.0, sdumont6165,97551.36
0.0,576,16,265348.0,1040.0,1037.3330078125,265348.0,0.0,0.0,0.0,0.0,1.0,0,0.0,0.0,100bs-3n-12th-272549s-DENV_4-usa-BVBRC_genome_sequence,sequana_cpu_dev,3,11375643.0,100,1,12,272549,DENV_4-usa-BVBRC_genome_sequence,4419.49,1642.49,6061.98,294.63,109.5,404.13,134.71,15.0, sdumont6165,96991.68
1697.0,5544,154,1788840.0,158336.0,157628.0,1788992.0,2365.44,4413.44,2385.92,4413.44,1.0,0,2.0,4.0,1000bs-3n-12th-272549s-DENV_4-usa-BVBRC_genome_sequence,sequana_cpu_dev,3,11375644.0,1000,1,12,272549,DENV_4-usa-BVBRC_genome_sequence,48818.03,17847.61,66665.64,319.07,116.65,435.72,145.24,153.0, sdumont6165,10266508.56
697.0,3060,85,1863126.666015625,156156.0,153342.666015625,2011576.0,1669.12,4341.76,1679.36,4341.76,1.0,0,3.0,6.0,1000bs-3n-12th-272549s-DENV_4-usa-BVBRC_genome_sequence,sequana_cpu_dev,3,11375646.0,1000,1,12,272549,DENV_4-usa-BVBRC_genome_sequence,26157.95,9889.31,36047.26,311.4,117.73,429.13,143.04,84.0, sdumont6165,3064017.1
1042.0,3528,98,1788858.666015625,152140.0,151481.3330078125,1789048.0,1904.64,4403.2,1904.64,4403.2,1.0,0,6.0,10.0,1000bs-3n-12th-272549s-DENV_4-usa-BVBRC_genome_sequence,sequana_cpu_dev,3,11375647.0,1000,1,12,272549,DENV_4-usa-BVBRC_genome_sequence,30414.46,11403.71,41818.17,313.55,117.56,431.12,143.71,97.0, sdumont6165,4098180.66
699.0,3168,88,1788805.3330078125,151916.0,150613.3330078125,1788896.0,1669.12,4352.0,1679.36,4352.0,1.0,0,4.0,6.0,1000bs-3n-12th-272549s-DENV_4-usa-BVBRC_genome_sequence,sequana_cpu_dev,3,11375648.0,1000,1,12,272549,DENV_4-usa-BVBRC_genome_sequence,27047.39,10215.15,37262.54,310.89,117.42,428.31,142.77,87.0, sdumont6165,3279103.52
928.0,3276,91,1793926.666015625,159308.0,154278.666015625,1798688.0,2078.72,4536.32,2344.96,4802.56,1.0,0,2.0,35.0,1000bs-3n-12th-272549s-DENV_4-usa-BVBRC_genome_sequence,sequana_cpu_dev,3,11375649.0,1000,1,12,272549,DENV_4-usa-BVBRC_genome_sequence,28069.2,10540.16,38609.36,311.88,117.11,428.99,143.0,90.0, sdumont6165,3513451.76
0.0,648,12,265348.0,3232.0,1768.0,265348.0,0.0,0.0,0.0,0.0,1.0,0,0.0,0.0,100bs-3n-18th-272549s-DENV_4-usa-BVBRC_genome_sequence,sequana_cpu_dev,3,11375650.0,100,1,18,272549,DENV_4-usa-BVBRC_genome_sequence,2914.13,1086.09,4000.22,264.92,98.74,363.66,121.22,11.0, sdumont6165,48002.64
0.0,918,17,265348.0,1040.0,1037.3330078125,265348.0,0.0,0.0,0.0,0.0,1.0,0,0.0,0.0,100bs-3n-18th-272549s-DENV_4-usa-BVBRC_genome_sequence,sequana_cpu_dev,3,11375651.0,100,1,18,272549,DENV_4-usa-BVBRC_genome_sequence,4890.46,1749.29,6639.76,319.36,114.04,433.41,144.47,15.33, sdumont6165,112875.92
483.0,1890,35,2121981.3330078125,152412.0,152076.0,2194460.0,1454.08,4229.12,1454.08,4229.12,1.0,0,10.0,15.0,100bs-3n-18th-272549s-DENV_4-usa-BVBRC_genome_sequence,sequana_cpu_dev,3,11375652.0,100,1,18,272549,DENV_4-usa-BVBRC_genome_sequence,10971.08,3751.06,14722.14,322.68,110.33,433.0,144.33,34.0, sdumont6165,515274.9
0.0,810,15,265348.0,1040.0,1040.0,265348.0,0.0,0.0,0.0,0.0,1.0,0,0.0,0.0,100bs-3n-18th-272549s-DENV_4-usa-BVBRC_genome_sequence,sequana_cpu_dev,3,11375654.0,100,1,18,272549,DENV_4-usa-BVBRC_genome_sequence,4218.98,1520.47,5739.46,301.36,108.61,409.96,136.65,14.0, sdumont6165,86091.9
0.0,594,11,265348.0,1036.0,1036.0,265348.0,0.0,0.0,0.0,0.0,1.0,0,0.0,0.0,100bs-3n-18th-272549s-DENV_4-usa-BVBRC_genome_sequence,sequana_cpu_dev,3,11375655.0,100,1,18,272549,DENV_4-usa-BVBRC_genome_sequence,2719.47,1035.92,3755.4,302.16,115.1,417.27,139.09,9.0, sdumont6165,41309.4
1577.0,6426,119,2194396.0,152676.0,151912.0,2194588.0,1904.64,4372.48,1904.64,4372.48,1.0,0,8.0,13.0,1000bs-3n-18th-272549s-DENV_4-usa-BVBRC_genome_sequence,sequana_cpu_dev,3,11375656.0,1000,1,18,272549,DENV_4-usa-BVBRC_genome_sequence,39035.68,13901.33,52937.01,330.81,117.81,448.62,149.54,118.0, sdumont6165,6299504.19
2109.0,7074,131,2194446.666015625,156864.0,155412.0,2194588.0,2037.76,4403.2,2099.2,4413.44,1.0,0,15.0,24.0,1000bs-3n-18th-272549s-DENV_4-usa-BVBRC_genome_sequence,sequana_cpu_dev,3,11375658.0,1000,1,18,272549,DENV_4-usa-BVBRC_genome_sequence,43035.65,15154.06,58189.71,332.8,117.17,449.96,149.99,129.33, sdumont6165,7622852.01
1579.0,6264,116,2194396.0,156780.0,153933.3330078125,2194584.0,1873.92,4372.48,1904.64,4372.48,1.0,0,20.0,31.0,1000bs-3n-18th-272549s-DENV_4-usa-BVBRC_genome_sequence,sequana_cpu_dev,3,11375659.0,1000,1,18,272549,DENV_4-usa-BVBRC_genome_sequence,37794.2,13490.45,51284.65,328.65,117.31,445.95,148.65,115.0, sdumont6165,5949019.4
1583.0,5940,110,2196433.3330078125,160916.0,156308.0,2200416.0,1894.4,4382.72,1904.64,4392.96,1.0,0,22.0,27.0,1000bs-3n-18th-272549s-DENV_4-usa-BVBRC_genome_sequence,sequana_cpu_dev,3,11375660.0,1000,1,18,272549,DENV_4-usa-BVBRC_genome_sequence,35936.14,12923.99,48860.13,329.69,118.57,448.26,149.42,109.0, sdumont6165,5374614.3
1579.0,5724,106,2194404.0,154852.0,153433.3330078125,2194608.0,1904.64,4382.72,1904.64,4382.72,1.0,0,18.0,21.0,1000bs-3n-18th-272549s-DENV_4-usa-BVBRC_genome_sequence,sequana_cpu_dev,3,11375661.0,1000,1,18,272549,DENV_4-usa-BVBRC_genome_sequence,34501.16,12411.06,46912.22,328.58,118.2,446.78,148.93,105.0, sdumont6165,4972695.32
678.0,2376,33,2599880.0,153816.0,153418.666015625,2599964.0,1443.84,4229.12,1454.08,4229.12,1.0,0,23.0,28.0,100bs-3n-24th-272549s-DENV_4-usa-BVBRC_genome_sequence,sequana_cpu_dev,3,11375662.0,100,1,24,272549,DENV_4-usa-BVBRC_genome_sequence,11741.87,3638.15,15380.02,378.77,117.36,496.13,165.38,31.0, sdumont6165,507540.66
0.0,864,12,265348.0,1036.0,1034.666015625,265348.0,0.0,0.0,0.0,0.0,1.0,0,0.0,0.0,100bs-3n-24th-272549s-DENV_4-usa-BVBRC_genome_sequence,sequana_cpu_dev,3,11375663.0,100,1,24,272549,DENV_4-usa-BVBRC_genome_sequence,3727.26,1273.11,5000.37,338.84,115.74,454.58,151.53,11.0, sdumont6165,60004.44
0.0,1296,18,265348.0,3036.0,1702.666015625,265348.0,0.0,0.0,0.0,0.0,1.0,0,0.0,0.0,100bs-3n-24th-272549s-DENV_4-usa-BVBRC_genome_sequence,sequana_cpu_dev,3,11375664.0,100,1,24,272549,DENV_4-usa-BVBRC_genome_sequence,5058.55,1672.32,6730.87,297.56,98.37,395.93,131.98,17.0, sdumont6165,121155.66
0.0,936,13,265348.0,3124.0,1730.666015625,265348.0,0.0,0.0,0.0,0.0,1.0,0,0.0,0.0,100bs-3n-24th-272549s-DENV_4-usa-BVBRC_genome_sequence,sequana_cpu_dev,3,11375665.0,100,1,24,272549,DENV_4-usa-BVBRC_genome_sequence,3765.06,1284.48,5049.54,324.11,110.47,434.59,144.86,11.67, sdumont6165,65644.02
0.0,1296,18,265348.0,1040.0,1037.3330078125,265348.0,0.0,0.0,0.0,0.0,1.0,0,0.0,0.0,100bs-3n-24th-272549s-DENV_4-usa-BVBRC_genome_sequence,sequana_cpu_dev,3,11375666.0,100,1,24,272549,DENV_4-usa-BVBRC_genome_sequence,5324.32,1759.5,7083.82,313.2,103.5,416.7,138.9,17.0, sdumont6165,127508.76
2811.0,10080,140,2599985.3330078125,163128.0,160090.666015625,2600128.0,2109.44,4382.72,2129.92,4382.72,1.0,0,23.0,29.0,1000bs-3n-24th-272549s-DENV_4-usa-BVBRC_genome_sequence,sequana_cpu_dev,3,11375667.0,1000,1,24,272549,DENV_4-usa-BVBRC_genome_sequence,51357.67,16588.03,67945.69,369.48,119.34,488.82,162.94,139.0, sdumont6165,9512396.6
2824.0,10152,141,2674265.3330078125,160680.0,157761.3330078125,2822964.0,2119.68,4403.2,2129.92,4413.44,1.0,0,19.0,23.0,1000bs-3n-24th-272549s-DENV_4-usa-BVBRC_genome_sequence,sequana_cpu_dev,3,11375668.0,1000,1,24,272549,DENV_4-usa-BVBRC_genome_sequence,51883.07,16678.64,68561.71,373.26,119.99,493.25,164.42,139.0, sdumont6165,9667201.11
6917.0,22248,309,2601794.666015625,164888.0,163333.3330078125,2605536.0,3573.76,4423.68,3584.0,4423.68,1.0,0,15.0,20.0,1000bs-3n-24th-272549s-DENV_4-usa-BVBRC_genome_sequence,sequana_cpu_dev,3,11375669.0,1000,1,24,272549,DENV_4-usa-BVBRC_genome_sequence,118733.41,36521.01,155254.42,386.31,118.83,505.13,168.38,307.33, sdumont6165,47973615.78
3523.0,11448,159,2601789.3330078125,162484.0,160641.3330078125,2605396.0,2344.96,4403.2,2365.44,4413.44,1.0,0,17.0,24.0,1000bs-3n-24th-272549s-DENV_4-usa-BVBRC_genome_sequence,sequana_cpu_dev,3,11375670.0,1000,1,24,272549,DENV_4-usa-BVBRC_genome_sequence,59083.79,18846.87,77930.65,373.95,119.28,493.23,164.41,158.0, sdumont6165,12390973.35
2825.0,9504,132,2677825.3330078125,164492.0,158605.3330078125,2828232.0,2129.92,4403.2,2129.92,4413.44,1.0,0,19.0,24.0,1000bs-3n-24th-272549s-DENV_4-usa-BVBRC_genome_sequence,sequana_cpu_dev,3,11375671.0,1000,1,24,272549,DENV_4-usa-BVBRC_genome_sequence,47954.35,15634.3,63588.65,368.88,120.26,489.14,163.05,130.0, sdumont6165,8393701.8
786.0,3240,36,3005446.666015625,153564.0,153420.0,3005532.0,1443.84,4218.88,1454.08,4229.12,1.0,0,14.0,22.0,100bs-3n-30th-272549s-DENV_4-usa-BVBRC_genome_sequence,sequana_cpu_dev,3,11375672.0,100,1,30,272549,DENV_4-usa-BVBRC_genome_sequence,11896.52,7654.39,19550.91,339.9,218.7,558.6,186.2,35.0, sdumont6165,703832.76
0.0,1440,16,265348.0,3152.0,3118.666015625,265348.0,0.0,0.0,0.0,0.0,1.0,0,0.0,0.0,100bs-3n-30th-272549s-DENV_4-usa-BVBRC_genome_sequence,sequana_cpu_dev,3,11375673.0,100,1,30,272549,DENV_4-usa-BVBRC_genome_sequence,4464.36,3084.53,7548.89,297.62,205.64,503.26,167.75,15.0, sdumont6165,120782.24
0.0,1710,19,265348.0,3124.0,3102.666015625,265348.0,0.0,0.0,0.0,0.0,1.0,0,0.0,0.0,100bs-3n-30th-272549s-DENV_4-usa-BVBRC_genome_sequence,sequana_cpu_dev,3,11375674.0,100,1,30,272549,DENV_4-usa-BVBRC_genome_sequence,5760.51,3871.86,9632.37,320.03,215.1,535.13,178.38,18.0, sdumont6165,183015.03000000003
0.0,1800,20,265348.0,3116.0,3080.0,265348.0,0.0,0.0,0.0,0.0,1.0,0,0.0,0.0,100bs-3n-30th-272549s-DENV_4-usa-BVBRC_genome_sequence,sequana_cpu_dev,3,11375675.0,100,1,30,272549,DENV_4-usa-BVBRC_genome_sequence,6087.89,4101.82,10189.71,338.87,228.16,567.02,189.01,18.0, sdumont6165,203794.2
0.0,1620,18,265348.0,3140.0,3084.0,265348.0,0.0,0.0,0.0,0.0,1.0,0,0.0,0.0,100bs-3n-30th-272549s-DENV_4-usa-BVBRC_genome_sequence,sequana_cpu_dev,3,11375676.0,100,1,30,272549,DENV_4-usa-BVBRC_genome_sequence,5028.08,3441.73,8469.81,295.77,202.45,498.22,166.07,17.0, sdumont6165,152456.58
4418.0,15750,175,3007436.0,162732.0,159704.0,3011424.0,2263.04,4392.96,2324.48,4392.96,1.0,0,26.0,39.0,1000bs-3n-30th-272549s-DENV_4-usa-BVBRC_genome_sequence,sequana_cpu_dev,3,11375677.0,1000,1,30,272549,DENV_4-usa-BVBRC_genome_sequence,61455.58,41131.25,102586.83,355.23,237.75,592.99,197.66,173.0, sdumont6165,17952695.25
4409.0,13860,154,3005582.666015625,165072.0,160430.666015625,3005684.0,2283.52,4413.44,2324.48,4413.44,1.0,0,15.0,23.0,1000bs-3n-30th-272549s-DENV_4-usa-BVBRC_genome_sequence,sequana_cpu_dev,3,11375678.0,1000,1,30,272549,DENV_4-usa-BVBRC_genome_sequence,52904.81,36083.71,88988.52,345.78,235.84,581.62,193.87,153.0, sdumont6165,13704232.08
4442.0,14760,164,3005534.666015625,161144.0,157713.3330078125,3005680.0,2304.0,4403.2,2304.0,4413.44,1.0,0,23.0,30.0,1000bs-3n-30th-272549s-DENV_4-usa-BVBRC_genome_sequence,sequana_cpu_dev,3,11375679.0,1000,1,30,272549,DENV_4-usa-BVBRC_genome_sequence,57260.5,38514.19,95774.68,351.29,236.28,587.57,195.86,163.0, sdumont6165,15707047.52
5321.0,17370,193,3155784.0,167048.0,163152.0,3233764.0,2467.84,4413.44,2529.28,4413.44,1.0,0,20.0,28.0,1000bs-3n-30th-272549s-DENV_4-usa-BVBRC_genome_sequence,sequana_cpu_dev,3,11375680.0,1000,1,30,272549,DENV_4-usa-BVBRC_genome_sequence,69522.23,45766.76,115288.99,362.09,238.37,600.46,200.15,192.0, sdumont6165,22250775.07
9556.0,31230,347,3083600.0,162980.0,162053.3330078125,3228200.0,3706.88,4413.44,3727.36,4413.44,1.0,0,21.0,24.0,1000bs-3n-30th-272549s-DENV_4-usa-BVBRC_genome_sequence,sequana_cpu_dev,3,11375681.0,1000,1,30,272549,DENV_4-usa-BVBRC_genome_sequence,130287.06,82944.46,213231.52,376.55,239.72,616.28,205.43,346.0, sdumont6165,73991337.44
0.0,2484,23,265348.0,3160.0,3110.666015625,265348.0,0.0,0.0,0.0,0.0,1.0,0,0.0,0.0,100bs-3n-36th-272549s-DENV_4-usa-BVBRC_genome_sequence,sequana_cpu_dev,3,11375682.0,100,1,36,272549,DENV_4-usa-BVBRC_genome_sequence,7022.85,6040.31,13063.16,334.42,287.63,622.06,207.35,21.0, sdumont6165,300452.68
0.0,2700,25,265348.0,3152.0,3089.3330078125,265348.0,0.0,0.0,0.0,0.0,1.0,0,0.0,0.0,100bs-3n-36th-272549s-DENV_4-usa-BVBRC_genome_sequence,sequana_cpu_dev,3,11375683.0,100,1,36,272549,DENV_4-usa-BVBRC_genome_sequence,7800.84,6676.05,14476.89,334.76,286.3,621.06,207.02,23.33, sdumont6165,361922.25
0.0,2052,19,265348.0,3144.0,3121.3330078125,265348.0,0.0,0.0,0.0,0.0,1.0,0,0.0,0.0,100bs-3n-36th-272549s-DENV_4-usa-BVBRC_genome_sequence,sequana_cpu_dev,3,11375684.0,100,1,36,272549,DENV_4-usa-BVBRC_genome_sequence,5458.54,4686.21,10144.75,303.25,260.35,563.6,187.87,18.0, sdumont6165,192750.25
0.0,2268,21,265348.0,3124.0,3081.3330078125,265348.0,0.0,0.0,0.0,0.0,1.0,0,0.0,0.0,100bs-3n-36th-272549s-DENV_4-usa-BVBRC_genome_sequence,sequana_cpu_dev,3,11375685.0,100,1,36,272549,DENV_4-usa-BVBRC_genome_sequence,6317.06,5404.43,11721.5,315.85,270.22,586.07,195.36,20.0, sdumont6165,246151.5
0.0,2592,24,265348.0,3104.0,2397.3330078125,265348.0,0.0,0.0,0.0,0.0,1.0,0,0.0,0.0,100bs-3n-36th-272549s-DENV_4-usa-BVBRC_genome_sequence,sequana_cpu_dev,3,11375686.0,100,1,36,272549,DENV_4-usa-BVBRC_genome_sequence,7602.42,6582.96,14185.38,330.54,286.22,616.76,205.59,23.0, sdumont6165,340449.12
6378.0,20628,191,3563145.3330078125,166836.0,161930.666015625,3639320.0,2498.56,4413.44,2549.76,4413.44,1.0,0,32.0,41.0,1000bs-3n-36th-272549s-DENV_4-usa-BVBRC_genome_sequence,sequana_cpu_dev,3,11375687.0,1000,1,36,272549,DENV_4-usa-BVBRC_genome_sequence,67529.59,57982.05,125511.64,356.69,306.24,662.94,220.98,189.33, sdumont6165,23972723.24
6381.0,20952,194,3412840.0,163008.0,159610.666015625,3416632.0,2508.8,4413.44,2549.76,4413.44,1.0,0,30.0,37.0,1000bs-3n-36th-272549s-DENV_4-usa-BVBRC_genome_sequence,sequana_cpu_dev,3,11375688.0,1000,1,36,272549,DENV_4-usa-BVBRC_genome_sequence,68651.26,59070.53,127721.79,355.71,306.06,661.77,220.59,193.0, sdumont6165,24778027.26
6339.0,22680,210,3412818.666015625,160852.0,158757.3330078125,3416460.0,2498.56,4403.2,2529.28,4413.44,1.0,0,22.0,25.0,1000bs-3n-36th-272549s-DENV_4-usa-BVBRC_genome_sequence,sequana_cpu_dev,3,11375690.0,1000,1,36,272549,DENV_4-usa-BVBRC_genome_sequence,74601.79,64245.38,138847.17,357.5,307.88,665.38,221.79,208.67, sdumont6165,29157905.700000003
5332.0,16848,156,3487222.666015625,164420.0,159377.3330078125,3639324.0,2293.76,4413.44,2324.48,4413.44,1.0,0,19.0,33.0,1000bs-3n-36th-272549s-DENV_4-usa-BVBRC_genome_sequence,sequana_cpu_dev,3,11375691.0,1000,1,36,272549,DENV_4-usa-BVBRC_genome_sequence,54189.69,46536.98,100726.67,349.61,300.24,649.85,216.62,155.0, sdumont6165,15713360.52
5325.0,18036,167,3412901.3330078125,160836.0,158770.666015625,3416668.0,2314.24,4392.96,2324.48,4403.2,1.0,0,31.0,40.0,1000bs-3n-36th-272549s-DENV_4-usa-BVBRC_genome_sequence,sequana_cpu_dev,3,11375692.0,1000,1,36,272549,DENV_4-usa-BVBRC_genome_sequence,57829.74,49870.79,107700.53,348.37,300.43,648.8,216.27,166.0, sdumont6165,17985988.51
0.0,3024,24,265348.0,3144.0,3129.3330078125,265348.0,0.0,0.0,0.0,0.0,1.0,0,0.0,0.0,100bs-3n-42th-272549s-DENV_4-usa-BVBRC_genome_sequence,sequana_cpu_dev,3,11375693.0,100,1,42,272549,DENV_4-usa-BVBRC_genome_sequence,7809.56,7065.54,14875.1,354.98,321.16,676.14,225.38,22.0, sdumont6165,357002.4
0.0,3150,25,265348.0,3156.0,2436.0,265348.0,0.0,0.0,0.0,0.0,1.0,0,0.0,0.0,100bs-3n-42th-272549s-DENV_4-usa-BVBRC_genome_sequence,sequana_cpu_dev,3,11375694.0,100,1,42,272549,DENV_4-usa-BVBRC_genome_sequence,8197.92,7424.59,15622.51,351.52,318.15,669.67,223.22,23.33, sdumont6165,390562.75
1211.0,4914,39,3816652.0,158316.0,156320.0,3816724.0,1443.84,4239.36,1474.56,4270.08,1.0,0,30.0,34.0,100bs-3n-42th-272549s-DENV_4-usa-BVBRC_genome_sequence,sequana_cpu_dev,3,11375696.0,100,1,42,272549,DENV_4-usa-BVBRC_genome_sequence,11958.97,10936.87,22895.84,370.11,338.33,708.45,236.15,32.33, sdumont6165,892937.76
1206.0,4158,33,3816624.0,156504.0,156134.666015625,3816784.0,1433.6,4229.12,1433.6,4229.12,1.0,0,27.0,34.0,100bs-3n-42th-272549s-DENV_4-usa-BVBRC_genome_sequence,sequana_cpu_dev,3,11375698.0,100,1,42,272549,DENV_4-usa-BVBRC_genome_sequence,11168.6,10180.69,21349.29,360.28,328.41,688.69,229.56,31.0, sdumont6165,704526.5700000001
0.0,2772,22,265348.0,3236.0,3168.0,265348.0,0.0,0.0,0.0,0.0,1.0,0,0.0,0.0,100bs-3n-42th-272549s-DENV_4-usa-BVBRC_genome_sequence,sequana_cpu_dev,3,11375699.0,100,1,42,272549,DENV_4-usa-BVBRC_genome_sequence,6849.13,6172.15,13021.28,337.25,303.7,640.96,213.65,20.33, sdumont6165,286468.16000000003
7459.0,24822,197,3890842.666015625,162532.0,161332.0,4039416.0,2549.76,4403.2,2549.76,4413.44,1.0,0,277.0,769.0,1000bs-3n-42th-272549s-DENV_4-usa-BVBRC_genome_sequence,sequana_cpu_dev,3,11375700.0,1000,1,42,272549,DENV_4-usa-BVBRC_genome_sequence,69579.63,62569.66,132149.29,356.23,320.32,676.55,225.52,195.33, sdumont6165,26033410.130000003
7448.0,26334,209,3816600.0,166880.0,162710.666015625,3816604.0,2529.28,4392.96,2529.28,4403.2,1.0,0,38.0,48.0,1000bs-3n-42th-272549s-DENV_4-usa-BVBRC_genome_sequence,sequana_cpu_dev,3,11375707.0,1000,1,42,272549,DENV_4-usa-BVBRC_genome_sequence,73914.35,66723.26,140637.62,356.52,321.81,678.33,226.11,207.33, sdumont6165,29393262.58
7467.0,25704,204,3818404.0,163440.0,162261.3330078125,3822016.0,2488.32,4403.2,2539.52,4413.44,1.0,0,32.0,43.0,1000bs-3n-42th-272549s-DENV_4-usa-BVBRC_genome_sequence,sequana_cpu_dev,3,11375709.0,1000,1,42,272549,DENV_4-usa-BVBRC_genome_sequence,71595.63,64597.1,136192.72,353.88,319.26,673.14,224.38,202.33, sdumont6165,27783314.88
16040.0,52290,415,3818425.333007813,166704.0,163366.666015625,3822216.0,4147.2,4423.68,4177.92,4423.68,1.0,0,28.0,30.0,1000bs-3n-42th-272549s-DENV_4-usa-BVBRC_genome_sequence,sequana_cpu_dev,3,11375710.0,1000,1,42,272549,DENV_4-usa-BVBRC_genome_sequence,156300.27,144411.31,300711.59,378.16,349.38,727.54,242.51,413.33, sdumont6165,124795309.85
8710.0,29610,235,3816572.0,164824.0,162008.0,3816644.0,2713.6,4413.44,2775.04,4413.44,1.0,0,31.0,51.0,1000bs-3n-42th-272549s-DENV_4-usa-BVBRC_genome_sequence,sequana_cpu_dev,3,11375713.0,1000,1,42,272549,DENV_4-usa-BVBRC_genome_sequence,84350.81,76419.74,160770.55,360.54,326.6,687.14,229.05,234.0, sdumont6165,37781079.25
1379.0,4608,32,4222104.0,156480.0,155732.0,4222172.0,1454.08,4239.36,1474.56,4259.84,1.0,0,28.0,42.0,100bs-3n-48th-272549s-DENV_4-usa-BVBRC_genome_sequence,sequana_cpu_dev,3,11375716.0,100,1,48,272549,DENV_4-usa-BVBRC_genome_sequence,10982.07,10906.17,21888.24,366.07,363.54,729.61,243.2,30.0, sdumont6165,700423.68
1380.0,5040,35,4222204.0,156652.0,156470.666015625,4222468.0,1433.6,4229.12,1433.6,4229.12,1.0,0,42.0,53.0,100bs-3n-48th-272549s-DENV_4-usa-BVBRC_genome_sequence,sequana_cpu_dev,3,11375718.0,100,1,48,272549,DENV_4-usa-BVBRC_genome_sequence,11895.29,11899.0,23794.3,360.46,360.58,721.04,240.35,33.0, sdumont6165,832800.5
1370.0,8640,60,4222105.3330078125,160288.0,156874.666015625,4222320.0,1443.84,4218.88,1454.08,4218.88,1.0,0,48.0,51.0,100bs-3n-48th-272549s-DENV_4-usa-BVBRC_genome_sequence,sequana_cpu_dev,3,11375719.0,100,1,48,272549,DENV_4-usa-BVBRC_genome_sequence,21977.98,21550.99,43528.97,378.93,371.57,750.5,250.17,58.0, sdumont6165,2611738.2
0.0,3888,27,265348.0,3308.0,3197.3330078125,265348.0,0.0,0.0,0.0,0.0,1180.0,0,0.0,0.0,100bs-3n-48th-272549s-DENV_4-usa-BVBRC_genome_sequence,sequana_cpu_dev,3,11375721.0,100,1,48,272549,DENV_4-usa-BVBRC_genome_sequence,8312.93,8303.55,16616.48,341.92,341.36,683.27,227.76,24.33, sdumont6165,448644.96
1325.0,6192,43,4222102.666015625,160584.0,157801.3330078125,4222272.0,1443.84,4229.12,1454.08,4229.12,238.0,0,37.0,46.0,100bs-3n-48th-272549s-DENV_4-usa-BVBRC_genome_sequence,sequana_cpu_dev,3,11375727.0,100,1,48,272549,DENV_4-usa-BVBRC_genome_sequence,15044.14,15057.71,30101.85,358.19,358.52,716.71,238.9,42.0, sdumont6165,1294379.55
8527.0,30672,213,4296428.0,163180.0,162389.3330078125,4445088.0,2652.16,4423.68,2877.44,4433.92,1.0,0,8.0,33.0,1000bs-3n-48th-272549s-DENV_4-usa-BVBRC_genome_sequence,sequana_cpu_dev,3,11375728.0,1000,1,48,272549,DENV_4-usa-BVBRC_genome_sequence,74503.67,74335.44,148839.11,358.19,357.38,715.57,238.52,208.0, sdumont6165,31702730.43
9933.0,32256,224,4225973.3330078125,165244.0,161117.3330078125,4228192.0,2785.28,4413.44,2805.76,4413.44,1.0,0,23.0,37.0,1000bs-3n-48th-272549s-DENV_4-usa-BVBRC_genome_sequence,sequana_cpu_dev,3,11375729.0,1000,1,48,272549,DENV_4-usa-BVBRC_genome_sequence,80660.17,80132.74,160792.91,363.33,360.96,724.29,241.43,222.0, sdumont6165,36017611.84
11380.0,35136,244,4222164.0,169468.0,164004.0,4222188.0,2969.6,4423.68,3010.56,4423.68,1193.0,0,40.0,58.0,1000bs-3n-48th-272549s-DENV_4-usa-BVBRC_genome_sequence,sequana_cpu_dev,3,11375733.0,1000,1,48,272549,DENV_4-usa-BVBRC_genome_sequence,87695.62,87492.64,175188.26,363.88,363.04,726.92,242.31,241.0, sdumont6165,42745935.440000005
11244.0,36000,250,4298152.0,169028.0,166001.3330078125,4450236.0,3010.56,4413.44,3010.56,4423.68,1.0,0,32.0,36.0,1000bs-3n-48th-272549s-DENV_4-usa-BVBRC_genome_sequence,sequana_cpu_dev,3,11375755.0,1000,1,48,272549,DENV_4-usa-BVBRC_genome_sequence,90497.82,89919.95,180417.77,367.4,365.03,732.42,244.14,246.33, sdumont6165,45104442.5
12508.0,41472,288,4296365.3330078125,165360.0,162480.0,4444964.0,3235.84,4413.44,3256.32,4423.68,1095.0,0,292.0,309.0,1000bs-3n-48th-272549s-DENV_4-usa-BVBRC_genome_sequence,sequana_cpu_dev,3,11375781.0,1000,1,48,272549,DENV_4-usa-BVBRC_genome_sequence,102858.83,103589.86,206448.69,359.65,362.2,721.85,240.62,286.0, sdumont6206,59457222.72
0.0,144,18,265348.0,3144.0,3114.0,265348.0,0.0,0.0,0.0,0.0,25.0,0,0.0,0.0,100bs-4n-2th-272549s-DENV_4-usa-BVBRC_genome_sequence,sequana_cpu_dev,4,11375789.0,100,1,2,272549,DENV_4-usa-BVBRC_genome_sequence,3389.56,2586.18,5975.73,199.39,152.13,351.51,87.88,17.0, sdumont6206,107563.13999999998
0.0,136,17,265348.0,3140.0,2588.0,265348.0,0.0,0.0,0.0,0.0,625.0,0,0.0,0.0,100bs-4n-2th-272549s-DENV_4-usa-BVBRC_genome_sequence,sequana_cpu_dev,4,11375790.0,100,1,2,272549,DENV_4-usa-BVBRC_genome_sequence,2822.36,2275.68,5098.04,176.4,142.23,318.63,79.66,16.0, sdumont6165,86666.68
0.0,88,11,265348.0,3152.0,3114.0,265348.0,0.0,0.0,0.0,0.0,1.0,0,0.0,0.0,100bs-4n-2th-272549s-DENV_4-usa-BVBRC_genome_sequence,sequana_cpu_dev,4,11375796.0,100,1,2,272549,DENV_4-usa-BVBRC_genome_sequence,1950.74,1383.72,3334.46,195.07,138.37,333.45,83.36,10.0, sdumont6165,36679.06
0.0,200,25,265348.0,3184.0,3106.0,265348.0,0.0,0.0,0.0,0.0,1.0,0,0.0,0.0,100bs-4n-2th-272549s-DENV_4-usa-BVBRC_genome_sequence,sequana_cpu_dev,4,11375797.0,100,1,2,272549,DENV_4-usa-BVBRC_genome_sequence,4569.0,3505.49,8074.49,190.38,146.06,336.44,84.11,24.0, sdumont6165,201862.25
0.0,152,19,265348.0,3172.0,3135.0,265348.0,0.0,0.0,0.0,0.0,1.0,0,0.0,0.0,100bs-4n-2th-272549s-DENV_4-usa-BVBRC_genome_sequence,sequana_cpu_dev,4,11375799.0,100,1,2,272549,DENV_4-usa-BVBRC_genome_sequence,3412.24,2561.16,5973.4,189.57,142.29,331.86,82.96,18.0, sdumont6166,113494.6
205.0,1400,175,1111546.0,157460.0,152918.0,1118676.0,2334.72,4341.76,2385.92,4352.0,987.0,0,0.0,0.0,1000bs-4n-2th-272549s-DENV_4-usa-BVBRC_genome_sequence,sequana_cpu_dev,4,11375801.0,1000,1,2,272549,DENV_4-usa-BVBRC_genome_sequence,39508.81,28543.7,68052.51,227.06,164.04,391.11,97.78,174.0, sdumont6166,11909189.25
149.0,784,98,1110192.0,157512.0,149869.0,1113260.0,1884.16,4352.0,1904.64,4362.24,165.0,0,52.0,106.0,1000bs-4n-2th-272549s-DENV_4-usa-BVBRC_genome_sequence,sequana_cpu_dev,4,11375820.0,1000,1,2,272549,DENV_4-usa-BVBRC_genome_sequence,22732.53,15462.29,38194.82,236.8,161.07,397.86,99.47,96.0, sdumont6166,3743092.36
225.0,1616,202,1110226.0,155428.0,151914.0,1113408.0,2611.2,4352.0,2631.68,4352.0,1295.0,0,64.0,259.0,1000bs-4n-2th-272549s-DENV_4-usa-BVBRC_genome_sequence,sequana_cpu_dev,4,11375823.0,1000,1,2,272549,DENV_4-usa-BVBRC_genome_sequence,45374.67,32966.12,78340.79,225.74,164.01,389.76,97.44,201.0, sdumont6167,15824839.579999998
149.0,896,112,1110194.0,155272.0,151923.0,1113132.0,1904.64,4352.0,1904.64,4362.24,456.0,0,0.0,1.0,1000bs-4n-2th-272549s-DENV_4-usa-BVBRC_genome_sequence,sequana_cpu_dev,4,11375847.0,1000,1,2,272549,DENV_4-usa-BVBRC_genome_sequence,25973.5,17762.07,43735.56,234.0,160.02,394.01,98.5,111.0, sdumont6165,4898382.72
110.0,616,77,1167285.0,153548.0,148340.0,1335928.0,1658.88,4331.52,1658.88,4331.52,387.0,0,28.0,114.0,1000bs-4n-2th-272549s-DENV_4-usa-BVBRC_genome_sequence,sequana_cpu_dev,4,11375865.0,1000,1,2,272549,DENV_4-usa-BVBRC_genome_sequence,17809.44,12134.51,29943.95,237.46,161.79,399.25,99.81,75.0, sdumont6165,2305684.15
0.0,216,9,265348.0,3128.0,3097.0,265348.0,0.0,0.0,0.0,0.0,347.0,0,0.0,0.0,100bs-4n-6th-272549s-DENV_4-usa-BVBRC_genome_sequence,sequana_cpu_dev,4,11375870.0,100,1,6,272549,DENV_4-usa-BVBRC_genome_sequence,2041.45,1057.19,3098.64,255.18,132.15,387.33,96.83,8.0, sdumont6165,27887.76
0.0,168,7,265348.0,3184.0,3137.0,265348.0,0.0,0.0,0.0,0.0,931.0,0,0.0,0.0,100bs-4n-6th-272549s-DENV_4-usa-BVBRC_genome_sequence,sequana_cpu_dev,4,11375878.0,100,1,6,272549,DENV_4-usa-BVBRC_genome_sequence,1295.6,693.85,1989.44,215.93,115.64,331.57,82.89,6.0, sdumont6165,13926.08
0.0,456,19,265348.0,3140.0,2590.0,265348.0,0.0,0.0,0.0,0.0,968.0,0,0.0,0.0,100bs-4n-6th-272549s-DENV_4-usa-BVBRC_genome_sequence,sequana_cpu_dev,4,11375885.0,100,1,6,272549,DENV_4-usa-BVBRC_genome_sequence,3578.35,2476.03,6054.38,198.8,137.56,336.35,84.09,18.0, sdumont6167,115033.22
0.0,528,22,265348.0,3152.0,3118.0,265348.0,0.0,0.0,0.0,0.0,753.0,0,0.0,0.0,100bs-4n-6th-272549s-DENV_4-usa-BVBRC_genome_sequence,sequana_cpu_dev,4,11375899.0,100,1,6,272549,DENV_4-usa-BVBRC_genome_sequence,2804.81,1588.3,4393.11,215.75,122.18,337.93,84.48,13.0, sdumont6069,96648.42
0.0,168,7,265348.0,3148.0,3107.0,265348.0,0.0,0.0,0.0,0.0,15.0,0,0.0,0.0,100bs-4n-6th-272549s-DENV_4-usa-BVBRC_genome_sequence,sequana_cpu_dev,4,11375915.0,100,1,6,272549,DENV_4-usa-BVBRC_genome_sequence,1462.52,660.09,2122.62,243.75,110.02,353.77,88.44,6.0, sdumont6069,14858.34
497.0,2424,101,1381725.0,156716.0,150438.0,1388904.0,1884.16,4362.24,1925.12,4362.24,509.0,0,2.0,3.0,1000bs-4n-6th-272549s-DENV_4-usa-BVBRC_genome_sequence,sequana_cpu_dev,4,11375919.0,1000,1,6,272549,DENV_4-usa-BVBRC_genome_sequence,32360.62,15956.81,48317.43,323.61,159.57,483.17,120.79,100.0, sdumont6165,4880060.43
496.0,2352,98,1380222.0,157760.0,153664.0,1383196.0,1914.88,4352.0,1914.88,4362.24,162.0,0,1.0,2.0,1000bs-4n-6th-272549s-DENV_4-usa-BVBRC_genome_sequence,sequana_cpu_dev,4,11375935.0,1000,1,6,272549,DENV_4-usa-BVBRC_genome_sequence,31528.8,15094.99,46623.79,325.04,155.62,480.66,120.16,97.0, sdumont6069,4569131.42
489.0,2232,93,1381824.0,163584.0,154909.0,1389304.0,2007.04,4454.4,2293.76,4751.36,95.0,0,1.0,2.0,1000bs-4n-6th-272549s-DENV_4-usa-BVBRC_genome_sequence,sequana_cpu_dev,4,11375962.0,1000,1,6,272549,DENV_4-usa-BVBRC_genome_sequence,29223.35,14504.76,43728.11,321.14,159.39,480.53,120.13,91.0, sdumont6165,4066714.23
340.0,1824,76,1380223.0,153284.0,148488.0,1383196.0,1648.64,4352.0,1679.36,4362.24,734.0,0,2.0,7.0,1000bs-4n-6th-272549s-DENV_4-usa-BVBRC_genome_sequence,sequana_cpu_dev,4,11375966.0,1000,1,6,272549,DENV_4-usa-BVBRC_genome_sequence,23764.13,11075.22,34839.35,325.54,151.72,477.25,119.31,73.0, sdumont6069,2647790.6
490.0,2496,104,1380302.0,161428.0,155634.0,1383344.0,1873.92,4352.0,1925.12,4362.24,525.0,0,2.0,8.0,1000bs-4n-6th-272549s-DENV_4-usa-BVBRC_genome_sequence,sequana_cpu_dev,4,11375981.0,1000,1,6,272549,DENV_4-usa-BVBRC_genome_sequence,33136.64,15929.19,49065.83,321.71,154.65,476.37,119.09,103.0, sdumont6069,5102846.32
0.0,384,8,265348.0,3128.0,1559.0,265348.0,0.0,0.0,0.0,0.0,1.0,0,0.0,0.0,100bs-4n-12th-272549s-DENV_4-usa-BVBRC_genome_sequence,sequana_cpu_dev,4,11376006.0,100,1,12,272549,DENV_4-usa-BVBRC_genome_sequence,2092.5,807.56,2900.07,333.37,128.84,462.21,115.55,6.25, sdumont6069,23200.56
0.0,768,16,265348.0,3160.0,1567.0,265348.0,0.0,0.0,0.0,0.0,1.0,0,0.0,0.0,100bs-4n-12th-272549s-DENV_4-usa-BVBRC_genome_sequence,sequana_cpu_dev,4,11376007.0,100,1,12,272549,DENV_4-usa-BVBRC_genome_sequence,5391.37,1957.21,7348.57,385.1,139.8,524.9,131.22,14.0, sdumont6069,117577.12
0.0,528,11,265348.0,3172.0,1572.0,265348.0,0.0,0.0,0.0,0.0,6.0,0,0.0,0.0,100bs-4n-12th-272549s-DENV_4-usa-BVBRC_genome_sequence,sequana_cpu_dev,4,11376009.0,100,1,12,272549,DENV_4-usa-BVBRC_genome_sequence,2736.99,1312.96,4049.94,304.11,145.88,449.99,112.5,9.0, sdumont6074,44549.34
0.0,528,11,265348.0,1036.0,1034.0,265348.0,0.0,0.0,0.0,0.0,13.0,0,0.0,0.0,100bs-4n-12th-272549s-DENV_4-usa-BVBRC_genome_sequence,sequana_cpu_dev,4,11376010.0,100,1,12,272549,DENV_4-usa-BVBRC_genome_sequence,2630.38,1322.9,3953.28,263.04,132.29,395.33,98.83,10.0, sdumont6083,43486.08
0.0,480,10,265348.0,1036.0,1035.0,265348.0,0.0,0.0,0.0,0.0,1.0,0,0.0,0.0,100bs-4n-12th-272549s-DENV_4-usa-BVBRC_genome_sequence,sequana_cpu_dev,4,11376013.0,100,1,12,272549,DENV_4-usa-BVBRC_genome_sequence,2545.76,1092.98,3638.74,318.22,136.62,454.84,113.71,8.0, sdumont6083,36387.4
1342.0,6768,141,1785712.0,158104.0,153405.0,1788760.0,2119.68,4341.76,2160.64,4341.76,28.0,0,3.0,6.0,1000bs-4n-12th-272549s-DENV_4-usa-BVBRC_genome_sequence,sequana_cpu_dev,4,11376016.0,1000,1,12,272549,DENV_4-usa-BVBRC_genome_sequence,60941.29,22984.34,83925.63,441.6,166.55,608.16,152.04,138.0, sdumont6167,11833513.83
2012.0,9120,190,1785738.0,160068.0,154931.0,1788892.0,2641.92,4352.0,2641.92,4352.0,4.0,0,4.0,5.0,1000bs-4n-12th-272549s-DENV_4-usa-BVBRC_genome_sequence,sequana_cpu_dev,4,11376020.0,1000,1,12,272549,DENV_4-usa-BVBRC_genome_sequence,81816.36,30682.61,112498.97,434.63,163.01,597.64,149.41,188.25, sdumont6165,21374804.3
1011.0,4944,103,1785663.0,163968.0,152936.0,1788744.0,1884.16,4352.0,1914.88,4362.24,30.0,0,58.0,207.0,1000bs-4n-12th-272549s-DENV_4-usa-BVBRC_genome_sequence,sequana_cpu_dev,4,11376023.0,1000,1,12,272549,DENV_4-usa-BVBRC_genome_sequence,44321.73,16681.37,61003.1,434.53,163.54,598.07,149.52,102.0, sdumont6083,6283319.3
697.0,3456,72,1842758.0,159788.0,153784.0,2016816.0,1679.36,4341.76,1679.36,4352.0,67.0,0,7.0,12.0,1000bs-4n-12th-272549s-DENV_4-usa-BVBRC_genome_sequence,sequana_cpu_dev,4,11376050.0,1000,1,12,272549,DENV_4-usa-BVBRC_genome_sequence,30021.16,11455.82,41476.98,422.83,161.35,584.18,146.05,71.0, sdumont6083,2986342.56
959.0,5280,110,1787138.0,151760.0,147868.0,1788908.0,1914.88,4331.52,1914.88,4341.76,118.0,0,54.0,206.0,1000bs-4n-12th-272549s-DENV_4-usa-BVBRC_genome_sequence,sequana_cpu_dev,4,11376055.0,1000,1,12,272549,DENV_4-usa-BVBRC_genome_sequence,46062.37,17309.04,63371.41,422.59,158.8,581.39,145.35,109.0, sdumont6069,6970855.100000001
0.0,720,10,265348.0,1036.0,1034.0,265348.0,0.0,0.0,0.0,0.0,25.0,0,0.0,0.0,100bs-4n-18th-272549s-DENV_4-usa-BVBRC_genome_sequence,sequana_cpu_dev,4,11376059.0,100,1,18,272549,DENV_4-usa-BVBRC_genome_sequence,3463.39,1279.18,4742.56,384.82,142.13,526.95,131.74,9.0, sdumont6069,47425.600000000006
0.0,720,10,265348.0,3132.0,2080.0,265348.0,0.0,0.0,0.0,0.0,1.0,0,0.0,0.0,100bs-4n-18th-272549s-DENV_4-usa-BVBRC_genome_sequence,sequana_cpu_dev,4,11376061.0,100,1,18,272549,DENV_4-usa-BVBRC_genome_sequence,3071.76,1291.3,4363.05,341.31,143.48,484.78,121.2,9.0, sdumont6069,43630.5
0.0,792,11,265348.0,3120.0,2063.0,265348.0,0.0,0.0,0.0,0.0,763.0,0,0.0,0.0,100bs-4n-18th-272549s-DENV_4-usa-BVBRC_genome_sequence,sequana_cpu_dev,4,11376064.0,100,1,18,272549,DENV_4-usa-BVBRC_genome_sequence,3522.59,1366.78,4889.38,391.4,151.86,543.26,135.82,9.0, sdumont6165,53783.18
0.0,1296,18,265348.0,3168.0,1569.0,265348.0,0.0,0.0,0.0,0.0,527.0,0,0.0,0.0,100bs-4n-18th-272549s-DENV_4-usa-BVBRC_genome_sequence,sequana_cpu_dev,4,11376075.0,100,1,18,272549,DENV_4-usa-BVBRC_genome_sequence,6140.36,2394.76,8535.12,383.77,149.67,533.45,133.36,16.0, sdumont6165,153632.16
0.0,792,11,265348.0,1036.0,1035.0,265348.0,0.0,0.0,0.0,0.0,1537.0,0,0.0,0.0,100bs-4n-18th-272549s-DENV_4-usa-BVBRC_genome_sequence,sequana_cpu_dev,4,11376084.0,100,1,18,272549,DENV_4-usa-BVBRC_genome_sequence,3578.02,1360.87,4938.9,357.8,136.09,493.89,123.47,10.0, sdumont6165,54327.9
3096.0,14040,195,2191274.0,164480.0,155103.0,2194272.0,2631.68,4362.24,2641.92,4362.24,1465.0,0,14.0,19.0,1000bs-4n-18th-272549s-DENV_4-usa-BVBRC_genome_sequence,sequana_cpu_dev,4,11376103.0,1000,1,18,272549,DENV_4-usa-BVBRC_genome_sequence,90805.0,31384.21,122189.21,470.49,162.61,633.1,158.28,193.0, sdumont6165,23826895.950000003
3048.0,15048,209,2191238.0,158784.0,153554.0,2194272.0,2631.68,4352.0,2631.68,4352.0,82.0,0,185.0,488.0,1000bs-4n-18th-272549s-DENV_4-usa-BVBRC_genome_sequence,sequana_cpu_dev,4,11376116.0,1000,1,18,272549,DENV_4-usa-BVBRC_genome_sequence,95445.12,33700.49,129145.61,458.87,162.02,620.89,155.22,208.0, sdumont6165,26991432.49
1017.0,6048,84,2193729.0,156260.0,150320.0,2204080.0,1658.88,4331.52,1658.88,4331.52,183.0,0,81.0,147.0,1000bs-4n-18th-272549s-DENV_4-usa-BVBRC_genome_sequence,sequana_cpu_dev,4,11376122.0,1000,1,18,272549,DENV_4-usa-BVBRC_genome_sequence,35865.51,13393.27,49258.78,432.11,161.36,593.48,148.37,83.0, sdumont6166,4137737.52
1057.0,5328,74,2249648.0,156628.0,152409.0,2422504.0,1658.88,4331.52,1658.88,4341.76,213.0,0,17.0,22.0,1000bs-4n-18th-272549s-DENV_4-usa-BVBRC_genome_sequence,sequana_cpu_dev,4,11376126.0,1000,1,18,272549,DENV_4-usa-BVBRC_genome_sequence,31384.78,11759.52,43144.3,429.93,161.09,591.02,147.75,73.0, sdumont6166,3192678.2
2563.0,11088,154,2191239.0,160464.0,154406.0,2194268.0,2385.92,4362.24,2385.92,4362.24,49.0,0,17.0,27.0,1000bs-4n-18th-272549s-DENV_4-usa-BVBRC_genome_sequence,sequana_cpu_dev,4,11376130.0,1000,1,18,272549,DENV_4-usa-BVBRC_genome_sequence,69754.52,24606.28,94360.79,458.91,161.88,620.79,155.2,152.0, sdumont6166,14531561.659999998
0.0,1152,12,265348.0,1036.0,1034.0,265348.0,0.0,0.0,0.0,0.0,24.0,0,0.0,0.0,100bs-4n-24th-272549s-DENV_4-usa-BVBRC_genome_sequence,sequana_cpu_dev,4,11376132.0,100,1,24,272549,DENV_4-usa-BVBRC_genome_sequence,4159.24,1442.66,5601.9,387.92,134.44,522.36,130.59,10.75, sdumont6166,67222.79999999999
0.0,1152,12,265348.0,3244.0,2102.0,265348.0,0.0,0.0,0.0,0.0,364.0,0,0.0,0.0,100bs-4n-24th-272549s-DENV_4-usa-BVBRC_genome_sequence,sequana_cpu_dev,4,11376135.0,100,1,24,272549,DENV_4-usa-BVBRC_genome_sequence,3961.98,1424.98,5386.95,396.2,142.5,538.7,134.67,10.0, sdumont6165,64643.4
0.0,960,10,265348.0,3124.0,1555.0,265348.0,0.0,0.0,0.0,0.0,191.0,0,0.0,0.0,100bs-4n-24th-272549s-DENV_4-usa-BVBRC_genome_sequence,sequana_cpu_dev,4,11376138.0,100,1,24,272549,DENV_4-usa-BVBRC_genome_sequence,2992.82,1116.8,4109.62,414.56,154.66,569.22,142.3,7.25, sdumont6165,41096.2
0.0,1056,11,265348.0,3088.0,2062.0,265348.0,0.0,0.0,0.0,0.0,101.0,0,0.0,0.0,100bs-4n-24th-272549s-DENV_4-usa-BVBRC_genome_sequence,sequana_cpu_dev,4,11376142.0,100,1,24,272549,DENV_4-usa-BVBRC_genome_sequence,4036.45,1417.71,5454.16,436.53,153.46,589.98,147.5,9.25, sdumont6166,59995.76
0.0,1344,14,265348.0,3136.0,1560.0,265348.0,0.0,0.0,0.0,0.0,20.0,0,0.0,0.0,100bs-4n-24th-272549s-DENV_4-usa-BVBRC_genome_sequence,sequana_cpu_dev,4,11376143.0,100,1,24,272549,DENV_4-usa-BVBRC_genome_sequence,6234.39,2080.96,8315.35,479.57,160.07,639.64,159.91,13.0, sdumont6166,116414.9
2109.0,10368,108,2596743.0,160308.0,155587.0,2599812.0,1904.64,4341.76,1904.64,4352.0,23.0,0,25.0,29.0,1000bs-4n-24th-272549s-DENV_4-usa-BVBRC_genome_sequence,sequana_cpu_dev,4,11376144.0,1000,1,24,272549,DENV_4-usa-BVBRC_genome_sequence,50238.86,16781.84,67020.71,492.54,164.53,657.07,164.27,102.0, sdumont6166,7238236.680000001
2107.0,10272,107,2598245.0,162276.0,154340.0,2600120.0,1894.4,4341.76,1904.64,4341.76,28.0,0,19.0,31.0,1000bs-4n-24th-272549s-DENV_4-usa-BVBRC_genome_sequence,sequana_cpu_dev,4,11376146.0,1000,1,24,272549,DENV_4-usa-BVBRC_genome_sequence,51633.53,17160.29,68793.82,491.75,163.43,655.18,163.79,105.0, sdumont6166,7360938.740000001
2805.0,11904,124,2652484.0,166308.0,156176.0,2822636.0,2109.44,4362.24,2140.16,4362.24,3.0,0,23.0,35.0,1000bs-4n-24th-272549s-DENV_4-usa-BVBRC_genome_sequence,sequana_cpu_dev,4,11376148.0,1000,1,24,272549,DENV_4-usa-BVBRC_genome_sequence,60837.69,20045.47,80883.16,494.62,162.97,657.59,164.4,123.0, sdumont6165,10029511.84
2108.0,9408,98,2598136.0,166732.0,156339.0,2599824.0,1894.4,4352.0,1904.64,4352.0,9.0,0,16.0,24.0,1000bs-4n-24th-272549s-DENV_4-usa-BVBRC_genome_sequence,sequana_cpu_dev,4,11376150.0,1000,1,24,272549,DENV_4-usa-BVBRC_genome_sequence,46360.18,15731.67,62091.84,485.53,164.78,650.3,162.58,95.5, sdumont6165,6085000.319999999
4123.0,18624,194,2654058.0,162392.0,159842.0,2822780.0,2621.44,4362.24,2631.68,4362.24,11.0,0,14.0,18.0,1000bs-4n-24th-272549s-DENV_4-usa-BVBRC_genome_sequence,sequana_cpu_dev,4,11376151.0,1000,1,24,272549,DENV_4-usa-BVBRC_genome_sequence,96564.92,31091.59,127656.51,500.97,161.31,662.27,165.57,192.75, sdumont6165,24765362.94
0.0,1680,14,265348.0,3184.0,2561.0,265348.0,0.0,0.0,0.0,0.0,22.0,0,0.0,0.0,100bs-4n-30th-272549s-DENV_4-usa-BVBRC_genome_sequence,sequana_cpu_dev,4,11376152.0,100,1,30,272549,DENV_4-usa-BVBRC_genome_sequence,4956.63,3450.07,8406.71,381.28,265.39,646.67,161.67,13.0, sdumont6165,117693.94
0.0,2040,17,265348.0,3140.0,3129.0,265348.0,0.0,0.0,0.0,0.0,25.0,0,0.0,0.0,100bs-4n-30th-272549s-DENV_4-usa-BVBRC_genome_sequence,sequana_cpu_dev,4,11376153.0,100,1,30,272549,DENV_4-usa-BVBRC_genome_sequence,6537.62,4490.16,11027.78,435.84,299.34,735.19,183.8,15.0, sdumont6165,187472.26
0.0,2040,17,265348.0,3088.0,3047.0,265348.0,0.0,0.0,0.0,0.0,27.0,0,0.0,0.0,100bs-4n-30th-272549s-DENV_4-usa-BVBRC_genome_sequence,sequana_cpu_dev,4,11376154.0,100,1,30,272549,DENV_4-usa-BVBRC_genome_sequence,5269.24,3717.1,8986.35,369.84,261.16,631.0,157.75,14.25, sdumont6165,152767.95
0.0,1560,13,265348.0,3132.0,3105.0,265348.0,0.0,0.0,0.0,0.0,29.0,0,0.0,0.0,100bs-4n-30th-272549s-DENV_4-usa-BVBRC_genome_sequence,sequana_cpu_dev,4,11376155.0,100,1,30,272549,DENV_4-usa-BVBRC_genome_sequence,4972.59,3476.75,8449.34,414.38,289.73,704.11,176.03,12.0, sdumont6165,109841.42
851.0,5280,44,3002383.0,153468.0,150989.0,3005404.0,1443.84,4218.88,1454.08,4218.88,1.0,0,21.0,26.0,100bs-4n-30th-272549s-DENV_4-usa-BVBRC_genome_sequence,sequana_cpu_dev,4,11376157.0,100,1,30,272549,DENV_4-usa-BVBRC_genome_sequence,20983.01,13340.82,34323.82,496.73,315.84,812.57,203.14,42.25, sdumont6166,1510248.08
6992.0,31680,264,3060775.0,163216.0,160031.0,3221612.0,3010.56,4341.76,3041.28,4352.0,4.0,0,23.0,30.0,1000bs-4n-30th-272549s-DENV_4-usa-BVBRC_genome_sequence,sequana_cpu_dev,4,11376158.0,1000,1,30,272549,DENV_4-usa-BVBRC_genome_sequence,133569.23,86271.33,219840.57,507.87,328.03,835.9,208.97,263.0, sdumont6166,58037910.48
3518.0,16680,139,3002364.0,160568.0,156300.0,3005408.0,2088.96,4352.0,2099.2,4362.24,12.0,0,45.0,128.0,1000bs-4n-30th-272549s-DENV_4-usa-BVBRC_genome_sequence,sequana_cpu_dev,4,11376160.0,1000,1,30,272549,DENV_4-usa-BVBRC_genome_sequence,65444.26,44436.69,109880.95,475.94,323.2,799.14,199.78,137.5, sdumont6166,15273452.05
3538.0,15960,133,3058067.0,168940.0,159275.0,3228072.0,2099.2,4352.0,2099.2,4362.24,23.0,0,21.0,29.0,1000bs-4n-30th-272549s-DENV_4-usa-BVBRC_genome_sequence,sequana_cpu_dev,4,11376161.0,1000,1,30,272549,DENV_4-usa-BVBRC_genome_sequence,62585.86,42668.52,105254.37,474.14,323.25,797.38,199.35,132.0, sdumont6166,13998831.21
3536.0,15960,133,3002325.0,162760.0,158698.0,3005408.0,2088.96,4352.0,2099.2,4362.24,29.0,0,17.0,28.0,1000bs-4n-30th-272549s-DENV_4-usa-BVBRC_genome_sequence,sequana_cpu_dev,4,11376164.0,1000,1,30,272549,DENV_4-usa-BVBRC_genome_sequence,62452.2,42297.88,104750.08,477.66,323.51,801.17,200.29,130.75, sdumont6166,13931760.64
3365.0,15720,131,3003718.0,160852.0,156674.0,3010820.0,2099.2,4362.24,2109.44,4362.24,65.0,0,80.0,268.0,1000bs-4n-30th-272549s-DENV_4-usa-BVBRC_genome_sequence,sequana_cpu_dev,4,11376166.0,1000,1,30,272549,DENV_4-usa-BVBRC_genome_sequence,59567.67,41390.22,100957.89,461.76,320.85,782.62,195.65,129.0, sdumont6165,13225483.59
0.0,2016,14,265348.0,3136.0,3120.0,265348.0,0.0,0.0,0.0,0.0,9.0,0,0.0,0.0,100bs-4n-36th-272549s-DENV_4-usa-BVBRC_genome_sequence,sequana_cpu_dev,4,11376168.0,100,1,36,272549,DENV_4-usa-BVBRC_genome_sequence,5137.65,4529.88,9667.53,395.2,348.45,743.66,185.91,13.0, sdumont6165,135345.42
0.0,2736,19,265348.0,3172.0,2619.0,265348.0,0.0,0.0,0.0,0.0,11.0,0,0.0,0.0,100bs-4n-36th-272549s-DENV_4-usa-BVBRC_genome_sequence,sequana_cpu_dev,4,11376169.0,100,1,36,272549,DENV_4-usa-BVBRC_genome_sequence,7203.94,6314.64,13518.58,436.88,383.28,820.16,205.04,16.5, sdumont6165,256853.02
0.0,3888,27,265348.0,3152.0,3123.0,265348.0,0.0,0.0,0.0,0.0,14.0,0,0.0,0.0,100bs-4n-36th-272549s-DENV_4-usa-BVBRC_genome_sequence,sequana_cpu_dev,4,11376170.0,100,1,36,272549,DENV_4-usa-BVBRC_genome_sequence,11761.58,10419.33,22180.91,452.37,400.74,853.11,213.28,26.0, sdumont6165,598884.57
0.0,2592,18,265348.0,3160.0,3098.0,265348.0,0.0,0.0,0.0,0.0,17.0,0,0.0,0.0,100bs-4n-36th-272549s-DENV_4-usa-BVBRC_genome_sequence,sequana_cpu_dev,4,11376171.0,100,1,36,272549,DENV_4-usa-BVBRC_genome_sequence,7218.03,6242.85,13460.87,424.59,367.23,791.82,197.95,17.0, sdumont6165,242295.66
0.0,3888,27,265348.0,3184.0,2591.0,265348.0,0.0,0.0,0.0,0.0,25.0,0,0.0,0.0,100bs-4n-36th-272549s-DENV_4-usa-BVBRC_genome_sequence,sequana_cpu_dev,4,11376172.0,100,1,36,272549,DENV_4-usa-BVBRC_genome_sequence,11821.0,10424.62,22245.62,472.84,416.98,889.82,222.46,25.0, sdumont6165,600631.74
4255.0,20448,142,3407875.0,162256.0,155262.0,3410812.0,2099.2,4341.76,2099.2,4362.24,1.0,0,21.0,25.0,1000bs-4n-36th-272549s-DENV_4-usa-BVBRC_genome_sequence,sequana_cpu_dev,4,11376173.0,1000,1,36,272549,DENV_4-usa-BVBRC_genome_sequence,65932.39,57896.1,123828.49,473.52,415.75,889.27,222.32,139.25, sdumont6165,17583645.580000002
5276.0,22752,158,3407986.0,160648.0,156599.0,3410960.0,2324.48,4362.24,2324.48,4362.24,1.0,0,62.0,155.0,1000bs-4n-36th-272549s-DENV_4-usa-BVBRC_genome_sequence,sequana_cpu_dev,4,11376174.0,1000,1,36,272549,DENV_4-usa-BVBRC_genome_sequence,73690.26,64684.78,138375.04,470.18,412.67,882.85,220.71,156.75, sdumont6165,21863256.32
4252.0,20304,141,3409256.0,166768.0,158142.0,3410956.0,2099.2,4352.0,2109.44,4362.24,3.0,0,24.0,47.0,1000bs-4n-36th-272549s-DENV_4-usa-BVBRC_genome_sequence,sequana_cpu_dev,4,11376176.0,1000,1,36,272549,DENV_4-usa-BVBRC_genome_sequence,65164.62,57183.01,122347.64,469.64,412.17,881.8,220.45,138.75, sdumont6165,17251017.24
4256.0,20304,141,3407910.0,166748.0,157805.0,3410956.0,2068.48,4352.0,2099.2,4352.0,4.0,0,25.0,33.0,1000bs-4n-36th-272549s-DENV_4-usa-BVBRC_genome_sequence,sequana_cpu_dev,4,11376178.0,1000,1,36,272549,DENV_4-usa-BVBRC_genome_sequence,65101.21,57218.77,122319.98,468.35,411.65,880.0,220.0,139.0, sdumont6165,17247117.18
5306.0,22608,157,3409339.0,160856.0,154940.0,3416516.0,2324.48,4362.24,2324.48,4362.24,4.0,0,26.0,42.0,1000bs-4n-36th-272549s-DENV_4-usa-BVBRC_genome_sequence,sequana_cpu_dev,4,11376181.0,1000,1,36,272549,DENV_4-usa-BVBRC_genome_sequence,72699.0,63791.68,136490.68,471.33,413.58,884.91,221.23,154.25, sdumont6165,21429036.76
0.0,3192,19,265348.0,3148.0,3112.0,265348.0,0.0,0.0,0.0,0.0,3.0,0,0.0,0.0,100bs-4n-42th-272549s-DENV_4-usa-BVBRC_genome_sequence,sequana_cpu_dev,4,11376182.0,100,1,42,272549,DENV_4-usa-BVBRC_genome_sequence,7557.85,7040.23,14598.08,444.58,414.13,858.71,214.68,17.0, sdumont6165,277363.52
1162.0,6384,38,3813419.0,155840.0,151581.0,3816508.0,1443.84,4218.88,1454.08,4218.88,6.0,0,31.0,40.0,100bs-4n-42th-272549s-DENV_4-usa-BVBRC_genome_sequence,sequana_cpu_dev,4,11376183.0,100,1,42,272549,DENV_4-usa-BVBRC_genome_sequence,17107.36,16187.55,33294.91,471.9,446.54,918.44,229.61,36.25, sdumont6165,1265206.58
0.0,2856,17,265348.0,3120.0,3098.0,265348.0,0.0,0.0,0.0,0.0,10.0,0,0.0,0.0,100bs-4n-42th-272549s-DENV_4-usa-BVBRC_genome_sequence,sequana_cpu_dev,4,11376184.0,100,1,42,272549,DENV_4-usa-BVBRC_genome_sequence,6050.76,5548.06,11598.82,418.3,383.07,801.37,200.34,14.5, sdumont6165,197179.94
0.0,3024,18,265348.0,3120.0,3082.0,265348.0,0.0,0.0,0.0,0.0,12.0,0,0.0,0.0,100bs-4n-42th-272549s-DENV_4-usa-BVBRC_genome_sequence,sequana_cpu_dev,4,11376185.0,100,1,42,272549,DENV_4-usa-BVBRC_genome_sequence,6704.06,6109.14,12813.2,446.94,407.28,854.21,213.55,15.0, sdumont6165,230637.6
0.0,2856,17,265348.0,3176.0,2591.0,265348.0,0.0,0.0,0.0,0.0,27.0,0,0.0,0.0,100bs-4n-42th-272549s-DENV_4-usa-BVBRC_genome_sequence,sequana_cpu_dev,4,11376186.0,100,1,42,272549,DENV_4-usa-BVBRC_genome_sequence,7022.01,6442.15,13464.16,438.88,402.63,841.51,210.38,16.0, sdumont6165,228890.72
4970.0,24528,146,3814811.0,166728.0,159405.0,3816512.0,2068.48,4341.76,2099.2,4352.0,26.0,0,30.0,42.0,1000bs-4n-42th-272549s-DENV_4-usa-BVBRC_genome_sequence,sequana_cpu_dev,4,11376188.0,1000,1,42,272549,DENV_4-usa-BVBRC_genome_sequence,67186.43,61764.8,128951.23,466.57,428.92,895.49,223.87,144.0, sdumont6165,18826879.58
6214.0,28392,169,3813542.0,166384.0,161500.0,3816512.0,2293.76,4362.24,2324.48,4362.24,9.0,0,35.0,43.0,1000bs-4n-42th-272549s-DENV_4-usa-BVBRC_genome_sequence,sequana_cpu_dev,4,11376189.0,1000,1,42,272549,DENV_4-usa-BVBRC_genome_sequence,79241.24,73074.0,152315.24,474.5,437.57,912.07,228.02,167.0, sdumont6165,25741275.56
6206.0,27720,165,3813541.0,162628.0,157865.0,3816660.0,2293.76,4362.24,2324.48,4362.24,26.0,0,93.0,258.0,1000bs-4n-42th-272549s-DENV_4-usa-BVBRC_genome_sequence,sequana_cpu_dev,4,11376190.0,1000,1,42,272549,DENV_4-usa-BVBRC_genome_sequence,76517.95,70918.13,147436.08,470.89,436.35,907.24,226.81,162.5, sdumont6165,24326953.2
4857.0,24360,145,3869161.0,168164.0,160361.0,4039176.0,2058.24,4341.76,2099.2,4352.0,4.0,0,48.0,68.0,1000bs-4n-42th-272549s-DENV_4-usa-BVBRC_genome_sequence,sequana_cpu_dev,4,11376191.0,1000,1,42,272549,DENV_4-usa-BVBRC_genome_sequence,65089.07,59612.34,124701.42,455.17,416.87,872.04,218.01,143.0, sdumont6165,18081705.9
6220.0,26376,157,3814810.0,166372.0,158618.0,3821924.0,2304.0,4362.24,2324.48,4362.24,14.0,0,36.0,42.0,1000bs-4n-42th-272549s-DENV_4-usa-BVBRC_genome_sequence,sequana_cpu_dev,4,11376193.0,1000,1,42,272549,DENV_4-usa-BVBRC_genome_sequence,73183.02,66693.22,139876.24,473.65,431.69,905.34,226.34,154.5, sdumont6166,21960569.68
0.0,3264,17,265348.0,3180.0,2629.0,265348.0,0.0,0.0,0.0,0.0,31.0,0,0.0,0.0,100bs-4n-48th-272549s-DENV_4-usa-BVBRC_genome_sequence,sequana_cpu_dev,4,11376194.0,100,1,48,272549,DENV_4-usa-BVBRC_genome_sequence,6961.3,7089.17,14050.47,435.08,443.07,878.15,219.54,16.0, sdumont6165,238857.99
0.0,3840,20,265348.0,3172.0,2621.0,265348.0,0.0,0.0,0.0,0.0,4.0,0,0.0,0.0,100bs-4n-48th-272549s-DENV_4-usa-BVBRC_genome_sequence,sequana_cpu_dev,4,11376195.0,100,1,48,272549,DENV_4-usa-BVBRC_genome_sequence,8062.12,8286.44,16348.56,447.9,460.36,908.25,227.06,18.0, sdumont6165,326971.2
0.0,4608,24,265348.0,3208.0,2646.0,265348.0,0.0,0.0,0.0,0.0,9.0,0,0.0,0.0,100bs-4n-48th-272549s-DENV_4-usa-BVBRC_genome_sequence,sequana_cpu_dev,4,11376197.0,100,1,48,272549,DENV_4-usa-BVBRC_genome_sequence,7865.33,7954.26,15819.59,462.67,467.9,930.56,232.64,17.0, sdumont6166,379670.16
0.0,5376,28,265348.0,3184.0,3136.0,265348.0,0.0,0.0,0.0,0.0,13.0,0,0.0,0.0,100bs-4n-48th-272549s-DENV_4-usa-BVBRC_genome_sequence,sequana_cpu_dev,4,11376198.0,100,1,48,272549,DENV_4-usa-BVBRC_genome_sequence,12068.42,12206.24,24274.66,464.17,469.47,933.64,233.41,26.0, sdumont6166,679690.48
0.0,4416,23,265348.0,3164.0,2617.0,265348.0,0.0,0.0,0.0,0.0,26.0,0,0.0,0.0,100bs-4n-48th-272549s-DENV_4-usa-BVBRC_genome_sequence,sequana_cpu_dev,4,11376199.0,100,1,48,272549,DENV_4-usa-BVBRC_genome_sequence,10037.9,10162.87,20200.76,456.27,461.95,918.22,229.55,22.0, sdumont6166,464617.48
7107.0,32640,170,4274647.0,162672.0,158838.0,4432996.0,2324.48,4352.0,2334.72,4362.24,29.0,0,34.0,46.0,1000bs-4n-48th-272549s-DENV_4-usa-BVBRC_genome_sequence,sequana_cpu_dev,4,11376200.0,1000,1,48,272549,DENV_4-usa-BVBRC_genome_sequence,78432.36,79635.73,158068.09,469.65,476.86,946.52,236.63,167.0, sdumont6166,26871575.3
7074.0,34176,178,4219058.0,164780.0,158821.0,4222172.0,2314.24,4352.0,2334.72,4362.24,8.0,0,39.0,62.0,1000bs-4n-48th-272549s-DENV_4-usa-BVBRC_genome_sequence,sequana_cpu_dev,4,11376201.0,1000,1,48,272549,DENV_4-usa-BVBRC_genome_sequence,83816.2,84778.85,168595.05,478.95,484.45,963.4,240.85,175.0, sdumont6166,30009918.9
8495.0,35904,187,4221727.0,164924.0,157807.0,4227424.0,2570.24,4362.24,2580.48,4362.24,26.0,0,38.0,55.0,1000bs-4n-48th-272549s-DENV_4-usa-BVBRC_genome_sequence,sequana_cpu_dev,4,11376202.0,1000,1,48,272549,DENV_4-usa-BVBRC_genome_sequence,88330.85,89392.28,177723.13,477.46,483.2,960.67,240.17,185.0, sdumont6165,33234225.31
7105.0,31296,163,4219058.0,164872.0,158353.0,4222024.0,2334.72,4362.24,2334.72,4362.24,4.0,0,32.0,43.0,1000bs-4n-48th-272549s-DENV_4-usa-BVBRC_genome_sequence,sequana_cpu_dev,4,11376204.0,1000,1,48,272549,DENV_4-usa-BVBRC_genome_sequence,75521.85,76675.95,152197.8,469.08,476.25,945.33,236.33,161.0, sdumont6165,24808241.4
7114.0,29184,152,4220436.0,164872.0,158392.0,4227424.0,2426.88,4464.64,2723.84,4751.36,14.0,0,37.0,50.0,1000bs-4n-48th-272549s-DENV_4-usa-BVBRC_genome_sequence,sequana_cpu_dev,4,11376205.0,1000,1,48,272549,DENV_4-usa-BVBRC_genome_sequence,69387.41,70520.64,139908.05,464.2,471.74,935.93,233.98,149.5, sdumont6165,21266023.6
