Num de Execuções;Nome do Executável
3132409;hydra_pmi_proxy
129793;python
59759;singularity
48511;vasp_std
29205;hopscotch2d_omp_naive
28645;vasp_gam
28419;hopscotch2d_omp_busywait_nobarrier
28044;hopscotch2d_omp_sem_nobarrier
19358;ChildScript.sh
18366;gmx_mpi
16144;Inferencia
12633;hopscotch2d_omp_ews
11935;hopscotch2d_omp_busywait_barrier
10998;hopscotch2d_omp_semaphores
9208;Led
8215;cp2k.psmp
8182;endpoint
8082;benchmark.py
7871;CE20-complex-rep1
6881;bash
6319;firedrake_singularity
6309;Ame
5841;nvidia-smi
5637;sistema_anular_coluna
5456;cu2o
5001;rubreno
4852;hydra_bstrap_proxy
4606;pw.x
4373;vasp_ncl
4296;Octopus_000
4082;Octopus_001
3975;Ana
3949;wrapper_eviden-NEBA.sh
3942;Octopus_002
3912;Octopus_003
3878;Octopus_004
3802;Octopus_005
3581;Octopus_006
3518;Octopus_007
3393;Octopus_008
3240;Octopus_009
3135;hycom
3120;hostname
2980;Octopus_010
2837;Octopus_011
2739;make
2695;dual-calc
2668;orted
2530;rfdiffusion_job
2456;interactive
2418;CE20-apo-rep1
2239;wrapper_eviden-TIYA.sh
2155;CuNaCl
2122;Octopus_012
2102;Octopus_013
2096;SLB_TRFC
2054;Antraceno
1968;Octopus_014
1940;script_402_17.sh
1920;hopscotch2d_hib_naive
1850;Rubreno
1772;Si
1648;nanowire_1D
1608;teste_ase
1600;Octopus_015
1595;vasp_6.5.1-std
1587;hopscotch2d_hib_busywait_nobarrier
1568;finetune_job
1559;hopscotch2d_hib_sem_nobarrier
1448;CGTb
1380;Ame-2SO
1379;HDF5
1330;CoCN-die
1288;mpnn
1263;models.sh
1254;run_matheus.sh
1231;cp2k
1155;ams.exe
1147;nmr.exe
1140;sd_job
1002;Form-die
986;vasp_GPU
939;tf2_training
929;Led-puck
927;python3
919;Ana-puck
914;Led-unb
913;Pos4_yplus300
873;wrap
864;Octopus_016
838;auI
821;lmp
819;Octopus_017
815;CdTe
774;Octopus_019
771;Octopus_018
735;pluto
729;wrapper.sh
713;hopscotch2d_omp_busywait_nobarrier_nofs
711;minerva-dg-commands
708;PBEE
698;run_matheus_14_17.sh
693;exp3_thr_tile
677;naf
675;Ame-puck
671;siesta
654;run_simtel
646;hopscotch2d_mpi_naive
645;Proxy_Res
640;hopscotch2d_omp_sem_nobarrier_nofs
640;hopscotch2d_omp_naive_nofs
636;pmemd.cuda
628;prod5_alpha_plus4LST_run
616;bateria_oleo
603;Au-I-ab
598;turbines
594;script_5626_17.sh
580;upstreamFoam
554;bp_multi
550;vasp_6.3.0-std
544;wannier90.x
533;PBEE_array
531;reconstruct_array
514;CSEM_W_INV_GPU
511;lbm
506;csem3dw_inversion_exe
505;script_14_17.sh
502;aaaaaaaaa
501;ruby
494;Octopus_020
485;Vg1_Vl7
484;core_test
481;SALTS_GPU
480;auI221
478;expN
467;min
460;bands
454;interFoam
451;teste
426;hopscotch2d_omp_mpilike
425;p_nemo
419;gromacs
416;dde_mobility
416;amortar_structured_rt1
416;VASP_GPU_1x1
411;amr_wind
410;sudo
403;HPGLab-modeling
396;mag6
395;yambo
392;Ana-unb
385;Octopus_021
377;run_deepOnet-retrain.srm
376;tbtrans
371;test
359;Plumed
350;Pos4_5e-5_water
349;ortho_p
349;Inferencia_daniel
346;beta
345;cham
341;md
332;run_train.sh
330;gmx
329;FNO
327;lbpm_color_simulator
327;amortar_metis
322;Led-MD
315;crystal
315;Pos5_CC
307;SP
306;vasp_6.3.0-ncl
305;Pcrystal
304;Ana-rep2
300;CE20m
300;Ana-rep3
298;CE20
295;Octopus_022
293;namd+apoa1+container-nvidia
291;Cu2O
287;HPL-CPU-AMD
284;conda
283;truncate-vitseg
282;orca_avx2
279;run_deepOnet.srm
277;amrcm
277;amortar_parmetis_rt1
276;cnn2d_strm_nwcs
274;crpropa_10M
274;core
272;vasp_run
271;cp2k_run
269;Postprocess
268;themis
265;frame-220
264;TS-refinment
261;pv_gpu
255;gmx-cg
253;MLTSA-502
250;python3.13
248;gromacs+stmv+container_nvidia
243;Ame-1S3
242;peril
234;jastrow
233;TR2_45
232;amortar_parmetis_rt2
231;expFS
231;FT_1600
230;asf-vitseg
230;GW
225;Ag-3N-bridge
222;Ame-commitor
220;hopscotch2d_mpi_overlap
220;amortar_structured_rt2
217;sa1b
211;spinn_test
211;pw2bgw.x
210;CE20-walls
209;PCNDE48_1
208;m2m4m6
207;R1_MD
206;step1
206;qe_pani_2gpu
205;ph.x
205;Vo_Vw
201;wrapper_tuning.sh
200;openfwi-test
199;sleep
197;exp1_time
196;Mn6_varr
195;device
192;xhpl
192;sdumont2nd1003
189;perceiver
188;imerg_v7_run
187;ior
186;check_cma01
186;Test_Proxy
183;neb.x
182;poisson3d_py
180;vmd_run.sh
176;f-in-full
176;Ana-2S0
174;run_train_properties.sh
174;amortar_parmetis_rt3
174;Proxy-Sim
173;analysis
172;8
172;6
172;10
170;concat_data
169;medium
168;pp.x
168;mpnn_fix
168;M2_M0.1_train
168;7
166;amortar_structured_rt3
166;CSEM_W_Inv
165;script_bdesign
165;Octopus_023
163;rhoSimpleFoam
163;bands_test
163;HPL-GPU
162;cmake
161;modelador
159;J1328
158;prted
157;equilibration
157;TesteNP
156;Led-commitor
156;Hopscotch
154;run_pinn.sh
154;grep
152;dns_mp
151;e2co_gs
150;MD_PerfCheck
149;ctest
147;ondemand_vis_nsight
147;mof_500
147;dp
145;run_deepOnet-predict_float32-transi2_dt0.1.srm
145;Train_Proxy
144;jet
143;npt
142;nek5000
141;5
140;vasp_6.5.1-ncl
140;mlperf-cosmoflow
139;TR1_45_1
139;BERT_Proxy
138;knn:main
137;pw2wannier90.x
136;mdrun
136;5626_0
136;4
133;qe_gpu_dev
133;memb_gelliq
132;glc1unet
131;ainpp_
130;submit_widom.slurm
130;espe3mi
129;epsilon.cplx.x
129;I3-A2BX4-optm
127;Ana-1S3
126;run-single.sh
126;dapt-70b-domain-w
125;gromacs+stmv+compilado
125;PLDAH
124;perc_
124;lda_smb6
123;nsys
123;basic
122;sys/dashboard/sys/bc_desktop/form
122;orca
120;c6_paraelec_CIPS
120;9
120;4XAF
119;parihaka_swinunetr
118;gsmapprx
118;a-vitseg
117;heat
117;M0.1_train
117;CreateFile
115;sys/dashboard/sys/vscode
115;run_train_arm64.sh
114;sebi21pnpt
114;codigo
113;npt6
112;sigma.cplx.x
112;Xyr1_1
112;TR1SUB12
112;MH_diff
111;rfdiffusion_F13_cyclic
111;dev_hdf5
111;HPL-NEBA
111;Base_train
111;5626_4
111;5626_3
110;tsisx
110;jobtes
109;nvt
109;hollowA
109;beta_wan
109;5626_7
109;5626_1
108;sys/dashboard/sys/paraview
108;hopscotch2d_hib_ews
108;bands.x
108;5626_6
107;5626_2
106;reduce_trajectory
106;hwloc-calc
106;C0.9_M0.2_train
105;racGSH
105;prod5_alpha_plus4LST_run_OFFSET
105;paraview_sdu
105;paraview_osmesa
105;R1_NVT
105;I3-ABX4-dos
104;md0_R1
104;amg_metis
104;8core_mrb
103;M1_2_train
103;M1_2_C0.9_train
102;gem_spe5
102;electrode
102;cphmd
101;data_Dmdio_files_L9173_C517978177
101;5626_5
100;af2_array
100;HPL-MATO
99;xcompact3d
99;SISSO
99;C0.9_M0.1_train
98;pseudo2d-vitseg
98;exp2_tile
98;ahs
98;LGSH
98;DGSH
98;5626_8
97;graph_hillas
97;gmx_18
97;5626_9
95;vasp_gpu_run
94;xtcprot
94;teste01
94;poisson3d_sd
94;mace_train
94;e2co_train
93;CSEM_W_INV_CPU
92;poisson3d_fine_timed
92;lammps
92;5626_10
91;toXTC
90;wt
90;qe_run
90;LG_2
89;fio
89;DMPC
88;amrcm_N200_mt1_run5
88;amrcm_N200_mt1_run4
88;amrcm_N200_mt1_run3
88;amrcm_N200_mt1_run2
88;amrcm_N200_mt1_run1
88;YCrO3
88;Model.MONAN
88;ESDEAP
87;run.sh
87;ROCIS
87;CSEM_W
86;run_deepOnet_float32.srm
86;parabands.cplx.x
86;bridgeA
86;b4c_S1
86;PBE
86;Fornax
85;wannium
85;p3x3x1
85;nico
85;multi-exec
85;membrana
85;lammps+NaSiOH
84;simpleMultiGPU
84;script_14_24.sh
84;s3
84;pentaceno
84;ondemand_vis_octave
84;monan
84;jet_fr0
84;co12
84;beta_gw
83;ramd.slurm
82;suporte_vasp_gpu
82;pretrain_job
82;in21k-vitseg
82;cpuprprcx
82;D_equilibration
82;C0.9_train
82;Au-3N-hollow
81;spfm
81;run_naima
81;amortar_mt3_run1
81;MPP
80;streams_2.exe
80;run_rd2d_pideeponet
80;concaternar_xtc
80;b-vitseg
80;M0.3_train
80;CD36-DFe
79;casino
79;I3-A2BX4-dos
78;strip
78;amg_petsc4py
78;absorption.cplx.x
78;Pre.InitAtmos
78;Ollama_test
78;4XAF_heat4
78;3C306
77;sig2wan.x
77;gd2t28ph5
77;FPBA_1bpm_3x
77;7-dimer.slurm
76;pituba_7MM_hdf5.gdt
76;napoli-teste
76;fsga-vitseg
76;ech_prox
76;MD_Chain
75;topB
75;projwfc.x
75;NAMD_AutoStep
75;CE20nw
75;4XAF_heat1
75;2bAgA
74;fe
74;PostSUB
74;CuSolver
73;thebe-vitseg
73;sys/dashboard/sys/tensorboard
73;job
73;amrcm_N50_mt1_run2
73;amrcm_N50_mt1_run1
73;Qdrant_server
72;vscode
72;sup-gst
72;script_14_18.sh
72;perileno
72;amortar_mt2_run1
72;M1_2_M0.1_train
72;M1-2_C0.9_train
72;HPL_Intel
72;Caso8_E3
72;4XAF_heat2
71;paraview_array
71;mp1
71;dm-biphenylene
71;compr_train
71;amrcm_N50_mt1_run5
71;amrcm_N50_mt1_run4
71;amrcm_N50_mt1_run3
71;VASP_GPU
70;run_deepOnet-retrain2.srm
70;md.sh
70;dataset_cpu
70;datasetMurgo
70;RMHD_FR0
70;M1_2_M0.15_train
70;M1_2_C0.9_M0.1_train
70;M1-2_train
70;ACE2-8HRU
69;run_ACL.sh
69;compute_xmax
69;4XAF_heat3
68;oh
68;hollowB
68;e2co.index0.try0
68;3hAlA
68;1AuA
67;vitseg
67;run_dde_pt_h100.sh
67;rlx11lno_lfo
67;rf_fullnode
67;NAMSS_test
67;01
66;alfa
66;Pre.degrib
65;phs
65;namd+dapk1+container-nvidia
65;md0_R2
65;amortar_structured
64;topA
64;rfdiffusion
64;jet-prc
64;gmx_2018
64;diver_binder
64;canal
64;c_
64;amrcm_N100_mt1_run1
64;Rpen_production
64;POSTR1
64;M0.2_train
63;vitmae
63;run_deepOnet-predict.srm
63;Octopus_024
63;7wk6_Omicron_complex
62;sys/dashboard/sys/rstudio/form
62;ooh
62;gipaw.x
62;gem_spe3
62;echo
62;dos
62;CNSA
62;C0.9_M0.3_train
61;wotsbulk-smb6
61;npt1
61;lno_lao
61;dynmat.x
61;amrcm_N100_mt1_run5
61;amrcm_N100_mt1_run4
61;amrcm_N100_mt1_run3
61;amrcm_N100_mt1_run2
61;Slab2
60;std-vitseg
60;scf
60;run_train_arm64_properties.sh
60;run_deepOnet-predict_float32.srm
60;lscpu
60;amber_array
60;amber.slurm
60;M1-2_M0.1_train
60;M1-2_M0.1_C0.9_train
60;M1-2-C0.9_train
60;Au-3N-bridge
60;252-refine
59;spfm_dinov3
59;nvbandwidth
59;6m0j_Selvagem_complex_sem_conc_human
59;1w9c
58;diff_HDF5
58;Mar_diff
58;MTK_DNPex
58;GQCA40
58;ACE2-8HRU_sem_conc_human
58;7wk6_Omicron_complex_sem_conc_human
58;363
57;teste_01_selvagem
57;hollow_GPU
57;fio_gw
57;Br3-ABX3-dos
57;Ag-3N-bridge_poly
57;1dql_rerun
56;std2
56;sibyll_402_17_082
56;ollamatest
56;nmr
56;lammps_temp_ramp
56;env
56;deblend_5A_clean
56;csem3dw_forward_exe
56;b4c_avolio
56;MTK_DNPin
56;In2Se3-NLO
56;Cn-clusters
56;Al-2N-hollow_poly
56;1AgA
55;vasp_job
55;trainer.sh
55;raft_R1
55;poisson3d_gpu
55;numactl
55;dca.slurm
55;amortar_mt4_run1
55;SE_ROCV
55;NAFT_GW
55;FPBnA_1bpm_2x
55;Br3-ABX4-dos
55;BT_cisR2
55;Al-3N-hollow_poly
55;Al-1N-hollow_poly
55;Ag-1N-bridge_poly
54;sig2wan
54;mof4
54;job_wrf
54;gmxtrjconv
54;dm-02graphene
54;SE
54;MTK_LNPex
54;M1_2_M0.20_train
54;HPL
54;Ecfb-unet-efwi
54;CD36-LFe
54;16-16-vitseg
53;piri2H2O-f
53;mxene-mopac
53;multiscale
53;md0_R4
53;e2co.index0.try3
53;e2co.index0.try2
53;e2co.index0.try1
53;4XAF_npt1
52;pyr_pb_ben
52;minushalf_quick_analysis
52;m07
52;deepmd_train_loop
52;M12_M0.1_train
52;BTtrans1
52;Au-3N-hollow_poly
52;6m0j_Selvagem_complex
51;sibyll_402_17_080
51;pyr_sn_ben
51;mew
51;md0_R3
51;envelope-vitseg
51;analysisr4
51;amrwind-abl-pre
51;Au-2N-hollow_poly
51;90-vitseg
51;3515
50;srm
50;processing
50;md1_R1
50;lammps+HEAT+compilado
50;heats3
50;eproxy2
50;e2co.index1.try1
50;crpropa_array
50;2533FLnvt
49;vCsPbBr3
49;training
49;orca_MX
49;mpi_hello
49;kpoints
49;evaluate_job
49;e2co.index1.try3
49;e2co.index1.try2
49;e2co.index1.try0
49;e2co
49;deepxde_poisson-cm0
49;Simulpassivado_train
49;MTK_LNPin
49;CE20-apomonomer
48;pptwo
48;partial-vitseg
48;alfa_gw
48;Vol_Scan
48;Test_NEE_GA_Lags
47;rocm-smi
47;piriOH-H2O_f
47;lammps+HEAT+container-nvidia
47;e2co.index3.try3
47;e2co.index3.try2
47;e2co.index3.try1
47;e2co.index3.try0
47;deepxde_mobility
47;bullpack
47;ROCIS2
47;Interativo
47;Bullpack-NEBA
47;BTtrans2
47;4XAF_nvt
46;rhoAYK
46;phos_mlff
46;hse
46;e2co.index2.try3
46;e2co.index2.try2
46;e2co.index2.try1
46;e2co.index2.try0
46;cma_01
46;cleavage
46;TGR5
46;GRU_7d_NEE
46;C12-1
46;BT_TRS2
46;BT_CIS2
46;Au-1N-hollow_poly
45;simmim_parihaka_swinunetr
45;sibyll_402_17_086
45;run_ADM.sh
45;rm
45;rfdiffusion_F13_linear
45;pb4_ben
45;osu_bw
45;namss-vitseg
45;ldmanhsa
45;amortar
45;TR145rhoA
45;GrCIPS-SiO2
45;Cl3-ABX4-dos
45;Ag-3N-hollow_poly
44;wrapper_calibrate.sh
44;test1
44;sibyll_402_17_081
44;rlx_test
44;production
44;grompp
44;get_hillas
44;Teste
44;NAMD_Job
44;GA_LGBM_2d
44;Dpen_production
44;BTtrans3
44;BT_CIS3
44;BT_CIS1
44;Ag-3N-hollow
44;Ag-2N-hollow_poly
44;8piA
44;65-vitseg
44;60-vitseg
44;1AlA
44;---
43;sys/dashboard/sys/jupyter/form
43;sam_f_0
43;rmsd_dominios
43;r1
43;processor.sh
43;md2_R1
43;hmp1
43;f-in21k-vitseg
43;dos.x
43;car_sn_ben
43;USS_SP1
43;SP2USS
43;InstallPython
43;I3-ABX3-dos
43;CuPc-BL
43;3tAgA
42;xtb
42;qw_ipa
42;ondemand_vis-paraview
42;n3
42;exp7
42;cp2k+H2O-dft-ls+container-nvidia
42;apply
42;amortar_mt2_run3
42;amortar_mt2_run2
42;amg_parmetis_rt3
42;amg_parmetis_rt2
42;amg_parmetis_rt1
42;M2_M0.20_train
42;Ag-2N-bridge_poly
42;Ag-1N-hollow_poly
42;70-vitseg
41;xtal3
41;srun
41;sibyll_402_17_102
41;phollowA
41;ind_sn_ben
41;experimento_seam_ai
41;e2co.index5.try3
41;e2co.index5.try2
41;e2co.index5.try1
41;e2co.index5.try0
41;dwarf_cosmo
41;depp5
41;amortar_mt2_run5
41;amortar_mt2_run4
41;TR2_80
41;Lpen_production
41;CPX_WAT
41;C20
41;85-vitseg
41;80-vitseg
41;1STP
40;teste_extra_limits
40;submit_rigid.slurm
40;sn4_ben
40;si4_ben
40;qe_post_dev
40;new
40;jacobi_memcpy_mpi.sh
40;exp5_uprof
40;dlio
40;combo-vitseg
40;bi
40;analysisr3
40;amortar_mt3_run2
40;VCF96_clim
40;PerTR1
40;M2_C0.9_M0.1_train
40;GSFE-AA-Cs2ṔbBr4
40;Form
40;ComWann
40;BT_TRS1
40;546
39;smd
39;sibyll_402_17_109
39;sibyll_402_17_107
39;run_matheus_80.sh
39;pyr_ben
39;md9_R1
39;e2co.index4.try3
39;e2co.index4.try2
39;e2co.index4.try1
39;e2co.index4.try0
39;P-Gadget3
39;Multiscale
39;CDIFFGrCIPS2x2
39;Br3-A2BX4-dos
39;Au-3N-bridge_poly
38;torchrun
38;table_FPBA
38;sol-mono
38;run_matheus_109.sh
38;rlx-gdfeo3
38;post_scf_soc
38;namd+apoa1+container-nvidia_gh200
38;ind_ben
38;firedrake
38;amg_rt1
38;Hyst_Fe
38;Cl3-A2BX4-dos
38;BT_cisR1
38;Al-2N-bridge_poly
38;1wpq
37;s1019_B
37;pyr_si_ben
37;prod
37;mlff
37;minerva-dg-commands_training_domain_validation_erm_adam_lr-0.0001
37;membrane
37;ech_spe3
37;amortar_mt3_run3
37;alpha
37;ag
37;TEST
37;Gr_CIPS_SiO2n
37;CD36only
37;BERT800
37;Al-1N-bridge_poly
37;300K-600K
37;2hollowA
37;1OAN_continue
36;treintreinamento
36;sibyll_402_17_104
36;sibyll_402_17_103
36;sdumont2nd_run.sh
36;mlperf_storage_checkpoint
36;ipa
36;gst3D-azm-vitseg
36;gst-a700
36;glc-gst
36;f-gst-a700
36;cpupower
36;car_ben
36;a700-lvitseg
36;Pos4_water
36;OllamaRun
36;MoreVar
36;J240
36;HPC.srm
36;Ag-1N-hollow
36;8piAB
36;2pep
35;t-h100
35;star3d
35;sibyll_402_17_108
35;sibyll_402_17_106
35;raft_md
35;pv_final
35;paraview_baker
35;nbridgeB
35;ddmanhsa
35;cuinps
35;c1-6
35;alibi-vitseg
35;TS-refine
35;SCF
35;PythonLLM
35;POST2core
35;PB-WES-2T
35;PB-WES-1T
35;MD1-R1
35;ERB2
35;BT_fep
35;BT_cisR3
35;Ag-2N-hollow
35;3515+1
34;sibyll_14_17_080
34;seismic_job
34;sdumont2nd1031
34;sdumont2nd1011
34;s0
34;run_hpl_mxp_mixed.sh
34;qgsjet_14_17_080
34;p2y
34;mono
34;mol6dmso
34;mlp
34;mlff_phonon
34;minerva-dg-commands_training_domain_validation_vrex_adam_lr-0.001_20hz
34;dca-run.slurm
34;amrcm_N40_mt1_run5
34;amrcm_N40_mt1_run4
34;amrcm_N40_mt1_run3
34;amrcm_N40_mt1_run2
34;amrcm_N40_mt1_run1
34;Twist-Cs2PbBr4
34;HM_train
34;GeomecBR-CPU
34;Cl3-ABX3-dos
34;CEL_WAT
34;1ds6-DNP
33;suporte
33;sibyll_402_17_110
33;sibyll_402_17_097
33;sibyll_14_17_102
33;scf-gdfeo3
33;sam2
33;run_proton_stackin.sh
33;phon
33;penta
33;pca
33;mol5dmso
33;md2_R2
33;lpbm
33;lig_2_production
33;lbpm_morphdrain_pp
33;hycom-128-ATL12
33;hexa
33;get_hillas.sh
33;far
33;env-a700
33;band
33;b4c_S3
33;absco24fi48
33;M1-2-Base_train
33;LG1
33;Gr_CIPS-D3damp
33;DatasetGeneration
33;COMPSs
33;Au-Cl-cd
33;Al-3N-bridge_poly
33;Ag-2N-bridge
33;3mfq
33;12B_cphmd
32;superres
32;sqs
32;sft_llama31_70b
32;run_iron_stackin.sh
32;plotxct.cplx.x
32;model12
32;minerva-dg-commands_training_domain_validation_hmoe_adam_lr-0.001
32;md_run_cbs
32;felippo_composito
32;f3_swinunetr
32;enroot
32;collineina
32;cbridgeB
32;TR1S12
32;Simultrain_1mol
32;M2_train
32;M2_C0.9_train
32;FPBA_1bpm_2x
32;FM_Co-Fe
32;DMPE
32;Au-1N-hollow
32;ABA
32;2000_diff
31;xtb4stda
31;trigonal_p
31;test2
31;scfSOC1CIO1LNOFMwien2k
31;pristine
31;mol4dmso
31;minerva-dg-commands_training_domain_validation_vrex_adam_lr-0.0001_20hz
31;minerva-dg-commands_training_domain_validation_erm_adam_lr-0.0001_20hz
31;mag4
31;mace
31;llama2_inference_70b
31;imagenettraining
31;hp.x
31;gputest-singularity
31;full_finetune_job_pcoco_ff3_N_r2
31;dia_geopt
31;devitoh100
31;dev_vinicius
31;bulk-smb6
31;Xcomp3d
31;Octopus_025
31;FA1_cis
31;CSEM_W_FWD_GPU
31;Au-2N-bridge_poly
31;Ag-1N-bridge
31;1ekf-LNP
30;table_FPBnA
30;slate
30;sibyll_402_17_088
30;sibyll_14_17_086
30;run_matheus_108.sh
30;run_job_noisy.sh
30;pretrain_MaskedAutoEncoderViT_V0__B1_E0_lr0.001
30;npt4
30;minerva-dg-commands_training_domain_validation_erm_adam_lr-0.001
30;mdet_test
30;lig_4_production
30;e2co.index7.try1
30;e2co.index7.try0
30;amg
30;absorption
30;XAS
30;UiCa-M175k
30;M12_M0.30_train
30;M12_M0.25_train
30;M12_M0.20_train
30;M12_M0.15_train
30;M12_C0.9_M0.1_train
30;M1-2-M0.1_train
30;M1-2-C0.9_M0.1_train
30;E5_uprof
30;BC-1
30;Au-2N-hollow
30;Au-1N-bridge_poly
30;ACE2_8hru
29;water_revpbe_300
29;test500
29;submit_flexible.slurm
29;split2std_all
29;pure_ben
29;piriOH-H2O
29;gese
29;e2co.index6.try3
29;e2co.index6.try2
29;e2co.index6.try1
29;e2co.index6.try0
29;bifasico
29;augmentation_study_imagenet
29;amg_structured_rt1
29;SIGLEC-DNP
29;LMnO4-OVA
29;HPL-TIYA
29;GMX_Martini
29;FA2_cis
29;DMO-CD14
29;BT_TRS3
29;BS_run3
29;Al-3N-hollow
28;vasp
28;sibyll_14_17_104
28;run_iron.sh
28;rf_array
28;reweight
28;pCNDE96
28;p
28;npt_R1
28;minerva-dg-commands_training_domain_validation_vrex_adam_lr-0.001
28;job_ideal
28;hseS
28;gh43_r2_50_100
28;composito-lamela4
28;amg_rt2
28;af2_job
28;a7-l-vitmae
28;Xyr1
28;TR1_45
28;Rod
28;PostSUB2
28;PocoA_FPBA_1x
28;FAtrans3
28;FA_cisR3
28;FA_cisR2_append
28;FA3_cis
28;CuNaCl-conv
28;ComBasis
28;Co-P2
28;Al-2N-hollow
28;2x7-af
28;1e8a
28;1e-14core
27;vasp_gpu_hybrid
27;squared
27;snake_master
27;sibyll_402_17_113
27;sibyll_402_17_095
27;sibyll_402_17_085
27;sibyll_14_17_103
27;sibyll_14_17_097
27;sibyll_14_17_096
27;sibyll_14_17_085
27;sdumont2nd_run_matheus.sh
27;rspflapw.exe
27;qgsjet_402_17_115
27;qgsjet_402_17_114
27;qgsjet_402_17_113
27;qgsjet_402_17_112
27;qgsjet_402_17_111
27;qgsjet_402_17_110
27;qgsjet_402_17_109
27;qgsjet_402_17_108
27;qgsjet_402_17_107
27;qgsjet_402_17_106
27;qgsjet_402_17_105
27;qgsjet_402_17_104
27;qgsjet_402_17_103
27;qgsjet_402_17_102
27;qgsjet_402_17_101
27;qgsjet_402_17_100
27;qgsjet_402_17_099
27;qgsjet_402_17_098
27;qgsjet_402_17_097
27;qgsjet_402_17_096
27;qgsjet_402_17_095
27;qgsjet_402_17_094
27;qgsjet_402_17_093
27;qgsjet_402_17_092
27;qgsjet_402_17_091
27;qgsjet_402_17_090
27;qgsjet_402_17_089
27;qgsjet_402_17_088
27;qgsjet_402_17_087
27;qgsjet_402_17_086
27;qgsjet_402_17_085
27;qgsjet_402_17_084
27;qgsjet_402_17_083
27;qgsjet_402_17_082
27;qgsjet_402_17_081
27;qgsjet_402_17_080
27;pretraining
27;ni-scf
27;n-vitseg
27;mkdir
27;minerva-dg-commands_training_domain_validation_erm_adam_lr-0.001_20hz
27;medias_xmax
27;lig_3_production
27;fn-vitseg
27;exp3_hib_r2_socket
27;entropy
27;ef_Gr_CIPS_SiO2n
27;e2_wt
27;bench_2g_24c
27;antraceno
27;a700-fvitseg
27;Teste1
27;TR1_rho1
27;RpenNP_equilibration
27;Octopus_026
27;NPB-MZ
27;LMO-CD14
27;InibidorBrP
27;CD36_DFe
26;vLLM2
26;toPDB
26;system-DFT
26;sibyll_402_17_099
26;sibyll_402_17_087
26;run_proton.sh
26;run_lapw
26;rmsf
26;rlx-biphenylene
26;r1_npt
26;qgsjet_5626_17_115
26;qgsjet_5626_17_104
26;qgsjet_5626_17_081
26;pytest
26;prove
26;pretrain_MaskedAutoEncoderViT_V0_seam_ai_B1_E0_lr0.001
26;mpro-mut
26;minidiff
26;lig_3_desprot_eq
26;ion_contacts
26;gst-sup
26;ferro-exp
26;exp_het_openmm
26;dev
26;depp6
26;amortar_mt4_run2
26;PocoA_FPBA_1x10met
26;NPB-MZ-sp-hybrid-4
26;InGaP-0.50
26;GRU_6d_NEE
26;FA3_trans
26;Al-1N-hollow
26;647-refinment
26;2bridgeA
26;02_sinput
25;sibyll_402_17_096
25;sibyll_14_17_107
25;sibyll_14_17_101
25;sibyll_14_17_094
25;scr
25;scf_only_Gr_CIPS
25;pm
25;phos_mlff_strain
25;penta_gw
25;partrans_linux_gcc_opt
25;paraelec_Gr_CIPS
25;p2x2x1
25;npt2
25;mlffffff
25;minerva-dg-commands_training_domain_validation_difex_adam_lr-0.0001
25;md5_R1
25;jobmcmc-%j
25;hollowp
25;hexa_pass
25;e2co.index8.try2
25;e2co.index8.try1
25;e2co.index8.try0
25;e2co.index7.try3
25;e2co.index7.try2
25;check_adan
25;blend_gpu
25;bexos2
25;amortar_mt4_run3
25;Si-teste
25;Octopus_030
25;NptCrt
25;MLtest
25;Gr_CIPS2x2
25;Caso12_E3
25;Al-2N-bridge
25;Al-1N-bridge
25;2topA
25;1nbq
25;1ef7-DNP
25;1ds6-LNP
25;1dql-LNPs
25;1415
24;xtal1
24;sibyll_402_17_114
24;sibyll_402_17_101
24;sibyll_402_17_094
24;sibyll_402_17_089
24;sam_r1
24;qe+ausurf+container-nvidia
24;pure_water
24;protFUNmin
24;newTR1
24;geojan
24;e2co.index9.try3
24;e2co.index9.try2
24;e2co.index9.try1
24;e2co.index9.try0
24;e2co.index8.try3
24;e2co.index10.try3
24;e2co.index10.try2
24;e2co.index10.try1
24;e2co.index10.try0
24;core_mrb
24;collectl-extractor
24;amrcm_N40_mt1
24;SiO2GrCIPSscanCIPS
24;SatRain_ML_Job
24;R1_NPT
24;PocoC_FPBA_1x10m
24;Octopus_027
24;NPB
24;M
24;Lne5-TRM
24;J208_1
24;HC-GPU
24;GA_mRMR_7d
24;Fe-pol
24;FESx
24;FAtrans2
24;DMnO4-OVA
24;CE20_cpu
24;Au-1N-bridge
24;Al-3N-bridge
24;5to5
24;4mfq
23;water_pbe_300
23;wannier1
23;umbrella
23;spinup
23;sibyll_402_17_090
23;sdumont2nd_script.sh
23;rlx-01grafeno
23;ptopA
23;poisson3d_c
23;persistent_worker_starter.sh
23;payloads
23;mpirun
23;ml
23;minerva-dg-commands_training_domain_validation_vrex_adam_lr-0.0001
23;minerva-dg-commands_training_domain_validation_rdm_adam_lr-0.0001_20hz
23;minerva-dg-commands_training_domain_validation_hmoe_adam_lr-0.001_20hz
23;minerva-dg-commands_training_domain_validation_difex_adam_lr-0.001
23;md3_R1
23;md1fis
23;md1_R4
23;ls
23;llm_stability
23;llama_torchrun
23;graph_irfs
23;fnet
23;final
23;deepmd
23;combo-vitmae
23;amrwind-turbina180-2
23;amrwind-turb180-1
23;absco24fi72
23;Simulselect_1mol
23;SIGLEC-LNP
23;OPENMC_SIMULATION
23;GA_mRMR_5d
23;GA_mRMR_2d
23;FeNHC
23;FAtrans1
23;FA2_trans
23;FA1_trans
23;5x3-af
23;2lig_4_production
23;1xv8
23;1xjl
23;1dql-DNPs
23;1_M2_M0.1_train
22;vLLM
22;treinPOSCAR1
22;tree_md18_R4
22;teste_eficiencia
22;sub_check_mem.srm
22;sibyll_402_17_091
22;sibyll_14_17_099
22;sibyll_14_17_081
22;rmn1
22;rfd_gpu_test
22;prod30_40
22;piriOH-PLUMED
22;mof400
22;md9_R4
22;llm_gh200
22;llama2_inference_multinode
22;jet_c1
22;gpueps
22;dino
22;b-revpbe-300
22;Vac_Invade
22;TBL3D
22;Simultrain_passivado_10mol
22;PocoC_FPBA_1x
22;PTR1S12
22;POSTh100
22;La_auriv
22;JF-FB-PR
22;I3-ABX4-elastic
22;GRU_5d_NEE
22;GRU_4d_NEE
22;GRU_3d_NEE
22;GA_mRMR_6d
22;FA_cisR1
22;Caso1_E3
22;CHP
22;7yka-LNP
22;3tAgB
22;2pm4-DNPs
22;2bridgeB
22;1dug
22;1PPN
22;1AuB
22;1AgB
22;12B_run2
21;water_revpbe_350
21;treat
21;ti3c2o2-96
21;syn_nmr
21;sol
21;sibyll_402_17_111
21;sibyll_14_17_106
21;sibyll_14_17_098
21;relax_parallel
21;qgsjet_5626_17_114
21;prod40_50
21;paraelec_CIPS
21;pTR1SUB12
21;p4x4x1
21;p441
21;p-2_p1
21;npt3
21;nowcast_v3
21;ne5ac
21;n-bh4
21;mof3
21;md7_R1
21;md6_R1
21;lig_3_desprotonated_equilibration
21;full_finetune_job_pseam_ai_N_fseam_ai_N_r2
21;full_finetune_job_pseam_ai_N_fseam_ai_N_r1
21;full_finetune_job_pseam_ai_N_fseam_ai_N_r0
21;full_finetune_job_pseam_ai_N_ff3_N_r2
21;full_finetune_job_pseam_ai_N_ff3_N_r1
21;full_finetune_job_pseam_ai_N_ff3_N_r0
21;full_finetune_job_pf3_N_fseam_ai_N_r2
21;full_finetune_job_pf3_N_fseam_ai_N_r1
21;full_finetune_job_pf3_N_fseam_ai_N_r0
21;full_finetune_job_pf3_N_ff3_N_r2
21;full_finetune_job_pf3_N_ff3_N_r1
21;full_finetune_job_pf3_N_ff3_N_r0
21;full_finetune_job_pboth_N_fseam_ai_N_r1
21;full_finetune_job_pboth_N_fseam_ai_N_r0
21;fiq72
21;fenv-a700
21;exp8_cacheline
21;bridgeB
21;bands_test2
21;bands_hse
21;antechamber
21;amortar_mt1_run1
21;ace2_sdf_automate
21;a_hg_t_s3
21;Xyr1_2
21;Testeg
21;TREM2ne5ac
21;Superficie147
21;Seriebi
21;SERIEbi
21;RORdch
21;PCN48_1
21;Omicron-rerun
21;Octopus_028
21;NHC_SOC
21;MD8
21;Gamm-Alloy
21;GSFE-HTP
21;GA_mRMR_4d
21;GA_mRMR_3d
21;GA_LGBM_3d
21;Dpen_equilibration
21;Dne5-TRM
21;Continual_test
21;Caso1L_E3
21;CIPS2x2
21;Au-2N-bridge
21;Al6C-b
21;3_benchmark_soraia
21;2ipp-LNP
21;1ef7-LNP
21;1AlB
20;testc1
20;t_dmso
20;sibyll_402_17_105
20;sibyll_402_17_092
20;sibyll_402_17_084
20;sibyll_402_17_083
20;sibyll_14_24_110
20;sibyll_14_17_105
20;run_matheus_105.sh
20;ray_embeds5
20;prod20_30
20;pretrain_BYOL_V0__B0_E0_lr0.001
20;poisson3d_py_gamg
20;pluto-suporte
20;nvtcubic
20;minerva-dg-commands_training_domain_validation_group_dro_adam_lr-0.001_20hz
20;minerva-dg-commands_training_domain_validation_group_dro_adam_lr-0.001
20;minerva-dg-commands_training_domain_validation_group_dro_adam_lr-0.0001
20;md9fis
20;md12fis
20;lqsgw
20;log_md28_R1
20;hopscotch-speedup
20;evaluation
20;echelon
20;denv+benchmark+eq
20;deepxde_reactiondiffusion_cm0-cm5
20;array_benchmark
20;SmB6_AFM_DOS
20;Octopus_029
20;M2_M0.15_train
20;M0.15_train
20;GrCrInP2S6SiO2
20;GA_LGBM_7d
20;GA_LGBM_6d
20;GA_LGBM_4d
20;FerritaPuro
20;CsPbBr3-ABX3
20;75-vitseg
20;686
20;673
20;661
20;641-refinment
20;603
20;596
20;538
20;525-refine
20;363_3heat
20;320-refine
20;303-refine
20;2gh5
20;1ekf-DNP
19;singularity_test
19;sibyll_402_17_112
19;sibyll_14_17_112
19;sibyll_14_17_091
19;sibyll_14_17_090
19;run_pinn.srm
19;run_ADM2.sh
19;raft_R2
19;qgsjet_5626_17_113
19;qgsjet_5626_17_112
19;qgsjet_5626_17_111
19;qgsjet_5626_17_110
19;qgsjet_5626_17_109
19;qgsjet_5626_17_108
19;qgsjet_5626_17_107
19;qgsjet_5626_17_106
19;qgsjet_5626_17_105
19;qgsjet_5626_17_103
19;qgsjet_5626_17_102
19;qgsjet_5626_17_101
19;qgsjet_5626_17_100
19;qgsjet_5626_17_099
19;qgsjet_5626_17_098
19;qgsjet_5626_17_097
19;qgsjet_5626_17_096
19;qgsjet_5626_17_095
19;qgsjet_5626_17_094
19;qgsjet_5626_17_093
19;qgsjet_5626_17_092
19;qgsjet_5626_17_091
19;qgsjet_5626_17_090
19;qgsjet_5626_17_089
19;qgsjet_5626_17_088
19;qgsjet_5626_17_087
19;qgsjet_5626_17_086
19;qgsjet_5626_17_085
19;qgsjet_5626_17_084
19;qgsjet_5626_17_083
19;qgsjet_5626_17_082
19;qgsjet_5626_17_080
19;prod0_10
19;pp-%j
19;poisson2d
19;piriOH-H2O-d3-3
19;piri2H2O-comb
19;mlperf_julio
19;minerva-dg-commands_training_domain_validation_difex_adam_lr-0.001_best_lr_like_paper
19;md9_R3
19;md1_R2
19;job_real
19;jaxa_v8_run
19;iron_run01
19;h2
19;gromacs+stmv+compilado_nvidia
19;gh128_u_1
19;gem.py
19;full_finetune_job_pimagenet_fseam_ai_N_r2
19;full_finetune_job_pimagenet_fseam_ai_N_r1
19;full_finetune_job_pimagenet_fseam_ai_N_r0
19;full_finetune_job_pimagenet_ff3_N_r2
19;full_finetune_job_pimagenet_ff3_N_r1
19;full_finetune_job_pimagenet_ff3_N_r0
19;full_finetune_job_pcoco_fseam_ai_N_r2
19;full_finetune_job_pcoco_fseam_ai_N_r1
19;full_finetune_job_pcoco_fseam_ai_N_r0
19;full_finetune_job_pcoco_ff3_N_r1
19;full_finetune_job_pcoco_ff3_N_r0
19;full_finetune_job_pboth_N_fseam_ai_N_r2
19;full_finetune_job_pboth_N_ff3_N_r2
19;full_finetune_job_pboth_N_ff3_N_r1
19;full_finetune_job_pboth_N_ff3_N_r0
19;dapt-7b-domain-s
19;cg.D.64_ompi5_amd-clang
19;amrwind-abl-turb-sc
19;SPFM
19;SCF_Fe
19;PostSUB3
19;Nemotron-TRT-Build
19;NPB-bt
19;NEBC1tube
19;NEB1a
19;Mol_break
19;GA_LGBM_5d
19;FPBA_1bpm_1x
19;Delt-Alloy
19;ConvLSTM_LatinAmerica
19;Caso21_E3
19;6mtw
19;3cki-DNPs
19;3515-1
19;24eps
19;1zq9
19;1y1a
19;1e8i
19;1OAN_full
19;057-01.slurm
19;-1_1
18;water_pbe_350
18;vc-relax
18;vac
18;train_csd_000
18;stdaNTO
18;srm-calibracao
18;square
18;sibyll_402_17_115
18;sibyll_402_17_098
18;sibyll_402_17_093
18;sibyll_14_24_080
18;sibyll_14_17_113
18;sibyll_14_17_095
18;seriebi
18;scf-socbulk-smb6
18;s100
18;qgsjet_14_17_084
18;precursor
18;poisson2d_time_cmp
18;pmf_3.3
18;pituba_35MM_hdf5.gdt
18;ph_pani_gamma
18;paq1
18;minerva-dg-commands_training_domain_validation_group_dro_adam_lr-0.0001_20hz
18;minerva-dg-commands_training_domain_validation_coral_adam_lr-0.001
18;minerva-dg-commands_training_domain_validation_coral_adam_lr-0.0001
18;min1
18;md6fis
18;md4_R1
18;md1_R3
18;janela1
18;iron_avulso
18;inse-24-atoms
18;in-full
18;get_hillas_efficient.sh
18;fmtrip
18;fe3da5aa-8124-4e2d-ae2b-bd44e993e088
18;fa6257ab-f0ea-4309-9aab-fa2ad9c68f57
18;espectro_composicao
18;env2mlp0
18;env0unet
18;clean_ch
18;cg.D.64_mpich430
18;c6415128-0931-4a32-bca8-a4c887d964ce
18;bif_tubo
18;b4c_wave
18;amrwind-turbina180
18;ab2aa0b1-a6b3-4490-840c-4e6db9d8d4d4
18;TR1_D
18;TR1LGSUB12
18;REC_NAMD
18;RAPIDS_Jupyter_Test
18;Mn6
18;MK4589-58911
18;Lig_3_production
18;GA_LGBM
18;FeO-teste
18;FA_cisR1_append
18;DGEMM-NEBA
18;ConvLSTM_AmazonBasin
18;8f10445f-4b22-4f28-b800-6172b53fb873
18;8-32-vitseg
18;63d6019c-5c22-4992-b6f0-18d3122878d9
18;5cbd6d03-5d8d-4e9f-90f1-22e0fe79a27e
18;5c120bc1-3a09-47dc-bd82-afa0903adade
18;5b35064c-729e-4488-9f48-16845447becd
18;52d1eb02-9a45-4a41-a475-090274bf7856
18;4273c0c2-b68b-415a-b17b-9ddd2276e883
18;32-8-vitseg
18;3108bb45-d513-40b9-8b59-e214333f06dc
18;2topB
18;2pm4-LNPs
18;29e5f54b-d4f4-43db-9b7e-740902d71f70
18;1ef7
18;1dc676c2-ef84-4dfa-a387-908ea8f0118f
17;vasp_gpu_srun
17;submit_adsorbate_nvt.slurm
17;simpleFoam
17;sibyll_402_17_100
17;s1019_A
17;run_matheus_93.sh
17;run_matheus_92.sh
17;run_matheus_107.sh
17;run_matheus_103.sh
17;rlx
17;rect
17;qgsjet_14_17_110
17;pure_nitro
17;prod10_20
17;poisson3d_multi_gpu
17;npt_R2
17;namd+2bxd+container-nvidia
17;mpro-wt
17;moswire
17;model6
17;mn
17;minerva-dg-commands_training_domain_validation_sdmix_adam_lr-0.001
17;minerva-dg-commands_training_domain_validation_sdmix_adam_lr-0.0001
17;md3_R2
17;ll_vasp
17;jacobi_memcpy
17;ip_1019
17;hello
17;gem_uni2
17;friamedia
17;fi72
17;e2co.index15.try3
17;e2co.index15.try2
17;e2co.index15.try1
17;e2co.index15.try0
17;deepxde_reactiondiffusion_cm0-cm3
17;crpropa_sim1d
17;coq24
17;conf0
17;concave
17;bi600kse
17;amrwind-scaling96
17;amg_structured
17;amber24
17;Slab-001-SH
17;Selvagem
17;MH_CdTe_Run
17;FA_cisR2
17;E_PM_1
17;EM
17;Dne5-TRM2
17;D2FPBA
17;CloroP
17;Cl3-ABX4-elastic
17;CD36_LFe
17;7-6
17;6xbg-1
17;3cki-LNPs
17;2ipp-DNP
17;2hollowB
17;1eym
17;1ef3
17;1cam-smb6
17;01_minput
16;xtrem64_16
16;trxtal1
16;trmn1
16;train:main
16;test_vel
16;sr3_sim
16;sibyll_14_24_100
16;sibyll_14_18_080
16;sibyll_14_17_110
16;s1.r0.srm
16;run_matheus_95.sh
16;run_matheus_104.sh
16;rerun_DGSH
16;raft_R3
16;qgsjet_14_17_115
16;qgsjet_14_17_114
16;qgsjet_14_17_113
16;qgsjet_14_17_112
16;qgsjet_14_17_109
16;qgsjet_14_17_108
16;qgsjet_14_17_106
16;qgsjet_14_17_104
16;qgsjet_14_17_102
16;qgsjet_14_17_101
16;piriOH-H2O-fin
16;npt5
16;nowcast_v5
16;nixw
16;ncu
16;mof_br
16;mof
16;model9
16;model1
16;md9_R2
16;mRMR_GRU_7d_NEE
16;hexa_gw
16;h2o
16;gd2t37ph5
16;e2co.index16.try3
16;e2co.index16.try2
16;e2co.index16.try1
16;e2co.index16.try0
16;e2co.index14.try3
16;e2co.index14.try2
16;e2co.index14.try1
16;e2co.index14.try0
16;e2co.index13.try3
16;e2co.index13.try2
16;e2co.index13.try1
16;e2co.index13.try0
16;e2co.index12.try3
16;e2co.index12.try2
16;e2co.index12.try1
16;e2co.index12.try0
16;e2co.index11.try3
16;e2co.index11.try2
16;e2co.index11.try1
16;e2co.index11.try0
16;covar
16;composito_2gpu
16;cips
16;cbs_full_run
16;bgw
16;benchmark_darcy_soraia
16;adanSA
16;Valvula
16;TrajGRU
16;TR1rhoE
16;TR1_extr
16;TR1451
16;SmB6_NM_fino
16;Pd_NM
16;PLDLi
16;NConvLSTM
16;Lne5-TRM2
16;LLM2
16;In2Se3-DFT
16;HopscotchSweep
16;GATK-GPU
16;Fed1
16;Cu20_2nd
16;COM_nvt
16;C1FPBnA
16;C-nscf
16;808
16;6.5.0-cpu
16;5x2-af
16;545-refinment
16;3515-4
16;3515+4
16;3515+1_loc
16;2rcz-DNPs
16;255-refine
15;wtb2
15;uv
15;uname
15;sys/dashboard/sys/mlflow/form
15;sup
15;sibyll_14_18_115
15;sibyll_14_17_108
15;sdumont2nd_run_stackin.sh
15;scf-smfeo3
15;run_matheus_101.sh
15;run_matheus_100.sh
15;run_deepOnet-predict_thatf_float64.srm
15;run_deepOnet-predict_thatf_float32.srm
15;rlx_2
15;rfdiffusion_job_scaffold
15;relax
15;r3_md_1
15;qe+mxene+container-nvidia
15;poisson3d_9cases
15;pmf_1.1
15;piriOH-H2O_fin
15;piriOH-H2O-2nd
15;phos_phase
15;pbridgeA
15;parihaka_simmim3d
15;paq2
15;npt_R3
15;mol1dmso
15;mlff_+test
15;md8_R1
15;md3_R3
15;md2_R3
15;main_static
15;m_r_1234
15;lsrod
15;log_md0_R1
15;kernel.cplx.x
15;ip_000
15;htp2new
15;hL-O
15;gwi-unet-openfwi
15;gpu_info
15;gnu.sh
15;gd2t37ph7
15;gd2t28ph7
15;fon
15;e2co.index34.try3
15;e2co.index34.try2
15;e2co.index34.try1
15;e2co.index34.try0
15;e2co.index19.try3
15;e2co.index19.try2
15;e2co.index19.try1
15;e2co.index19.try0
15;e2co.index18.try3
15;e2co.index18.try2
15;e2co.index18.try1
15;e2co.index18.try0
15;e2co.index17.try3
15;e2co.index17.try2
15;e2co.index17.try1
15;e2co.index17.try0
15;dev_gpu
15;c_hg_t_s1
15;breamfis-experiment
15;bexos
15;amrcm_N60_mt1
15;amortar_mt1_run2
15;amg_rt3
15;adan86
15;active_cycle
15;Xyr1_3
15;UiCa-M700k
15;UiCa-M2_rotate
15;UiCa-M1
15;TestegR3
15;Simultrain_10mol600K
15;SIGLECp
15;SIGLEC-DSA
15;GPU
15;Fe-P2
15;Deep5
15;CdSe_w_aux2
15;C
15;BS_run4
15;AttConvLSTM-12min-03img-Lightning-QC-dBZ
15;AsH3-Co
15;7yka-DNP
15;6-dimer.slurm
15;3619
15;2Lig_3_production
15;1ekf
15;-1_loc2
14;wtb
14;vofC2dyn
14;vca-r
14;trjconv
14;treindft
14;treatRMN
14;testLMM
14;suporte_lncc
14;sshd
14;sibyll_14_24_115
14;sibyll_14_18_110
14;sibyll_14_18_100
14;sibyll_14_17_115
14;sibyll_14_17_100
14;sibyll_14_17_092
14;sibyll_14_17_087
14;sibyll_14_17_082
14;sam_o_0
14;run_x86.sh
14;run_piDeepOnet2.srm
14;run_matheus_96.sh
14;run_matheus_110.sh
14;run_matheus_102.sh
14;run_1
14;rndgen
14;rerun
14;qe_relax_sno2
14;puro
14;parallel2
14;paq4
14;paq3
14;ooh-sol
14;model34
14;miniwave
14;md14_R2
14;md12_R1
14;md10_R1
14;l-vitmae
14;kih
14;htp4
14;graphenylene
14;gh128_u_9
14;gh128_u_8
14;gh128_u_7
14;gh128_u_6
14;gh128_u_5
14;gh128_u_4
14;gh128_u_3
14;gh128_u_2
14;gh128_u_12
14;gh128_u_11
14;gh128_u_10
14;get_hillas_fast.sh
14;gam_pho
14;flavilixo
14;filtro_af2
14;fe-comp
14;e2co.index22.try3
14;e2co.index22.try2
14;e2co.index22.try1
14;e2co.index22.try0
14;e2co.index21.try3
14;e2co.index21.try2
14;e2co.index21.try1
14;e2co.index21.try0
14;e2co.index20.try3
14;e2co.index20.try2
14;e2co.index20.try1
14;e2co.index20.try0
14;dprx_npz
14;dlio-teste
14;ct_classifier
14;cptopA
14;co_12
14;chmod777
14;check_adan-visco
14;amrwind-turbina180-3
14;amortar_mt1_run5
14;amortar_mt1_run4
14;amortar_mt1_run3
14;amg_mt3_run1
14;TR1rhoC
14;TR1452
14;T0rfp0
14;POSTR2_2
14;NEBC2tube
14;MLR
14;M1_train
14;M-sup.pp.inp
14;JF-FB-IN
14;EuB6_NM_fino
14;D1FPBA
14;CdSe_w_aux3
14;C3FPBnA
14;C0
14;Br3-ABX3-elastic
14;BWA-GPU
14;BS_run2
14;BERT1200
14;AsCH33-Co
14;AMBER-gpu
14;AFNO_LatinAmerica
14;8rho
14;1wyx
14;1wyi
14;1gkd
14;1f4o
14;12B_run3
13;vofC1dyn
13;vca
13;treinPOSCAR3
13;tree_md18_R2
13;tree_md0
13;training.sh
13;testtest
13;tensorflow_conda
13;split_all
13;sibyll_14_24_090
13;sibyll_14_18_090
13;sibyll_14_17_083
13;seg2
13;seg
13;scwannsocNiinplaneAFMa-a-c+
13;sam_r0
13;s1.r1.srm
13;run_matheus_82.sh
13;run_matheus_106.sh
13;rlx-smfeo3
13;rlx-graphenylene
13;relaxSOC1CIO3LNOFM
13;re_miniwave_benchmark
13;ppSt1
13;piri2H2O_f2
13;phos
13;p450.01.slurm
13;octa
13;nsp2
13;npt_R4
13;ne5acG
13;miniwave_benchmark
13;minerva-dg-commands_training_domain_validation_difex_adam_lr-0.001_best_lr_like_paper_20hz
13;md6_R3
13;md3_R4
13;md2_R4
13;md15_R2
13;md11_R3
13;m8-100
13;lstopo
13;long3
13;lig_2_equilibration
13;job.sh
13;gw
13;gh128_u_14
13;gh128_u_13
13;geopt_s3
13;eval_UNet-12min-03img-Lightning-QC
13;eq10
13;ech_h_4g
13;dapt-7b-domain-w
13;cpbridgeA
13;cop3
13;co9
13;amrwind-turbina180-4
13;amrcm_N200_mt2_run5
13;amrcm_N200_mt2_run4
13;amrcm_N200_mt2_run3
13;amrcm_N200_mt2_run2
13;amrcm_N200_mt2_run1
13;amd_NO2Me_ben
13;Wild-rerun
13;TR1rhoB
13;TR1_PCN3
13;TR1SUB12D
13;TEST_A
13;Sup110
13;Simultrain_10mol
13;SIGLEC-LSA
13;Oproj_La3Ni2O7
13;Omicron-conc-human
13;MO.Pos1
13;MO.Pos0
13;MLP
13;MIN
13;M-nscf
13;JF-FB-T1
13;I3-A2BX4-elastic
13;HfTe2_polymophous_bands
13;HPL-GRACE
13;GRU_2d_NEE
13;FT800-1200
13;FA_cis
13;E_AFM_1
13;EFcuinps
13;D2FPBnA
13;CuPc-BL+1e
13;Cl3-ABX3-elastic
13;CdSe_w_rlx
13;CTQMC
13;CLUSTER_7
13;CD_DNP1x
13;CD_DNP1s
13;Br3-ABX4-elastic
13;BT_cis
13;BHP_H1
13;Alloy_BANDS_SOC
13;513-refine
13;3hr0
13;363prod2
13;3515_2
13;2lig_2_production
13;2hollowp2
13;1ypq
13;1eeq
13;1TM
13;1OAN_Final
13;1407_1
13;01-1.057
12;zarr_unet3d_GH200
12;xtal2
12;xFES2
12;wtb.x
12;vasp_gpu_96c
12;ups
12;triplet_sd
12;trimetilarsina-mos2.neb.inp
12;traintrain
12;train_FTUNet-12min-03img-Lightning-QC-dBZ
12;teste_gpu
12;test_neb
12;stm_metal-perovsk
12;stda_nto_sdumont
12;star3d_v1
12;srm3
12;sibyll_14_17_111
12;sibyll_14_17_093
12;sibyll_14_17_084
12;sam2_ft
12;s111-uio
12;s1.r2.srm
12;run_matheus_94.sh
12;run_matheus_90.sh
12;run_matheus_89.sh
12;run_matheus_87.sh
12;run_matheus_86.sh
12;run_dde_pt_gh200.sh
12;res_t
12;reTRANS1
12;qgsjet_14_17_111
12;qgsjet_14_17_107
12;qgsjet_14_17_105
12;qgsjet_14_17_103
12;qgsjet_14_17_100
12;qgsjet_14_17_099
12;qgsjet_14_17_098
12;qgsjet_14_17_097
12;qgsjet_14_17_096
12;qgsjet_14_17_095
12;qgsjet_14_17_094
12;qgsjet_14_17_093
12;qgsjet_14_17_092
12;qgsjet_14_17_091
12;qgsjet_14_17_090
12;qgsjet_14_17_089
12;qgsjet_14_17_088
12;qgsjet_14_17_087
12;qgsjet_14_17_086
12;qgsjet_14_17_085
12;qgsjet_14_17_083
12;qgsjet_14_17_082
12;qgsjet_14_17_081
12;poisson3d_sd_amg
12;poisson3d_4cases
12;poisson3
12;pmemd.cuda.MPI
12;piriOH-H2O-d3-2
12;piri2H2O-PLUMED
12;opt_FeNP_xtb
12;opt-ti3c2o2-96
12;nh3_pure
12;mpnn_binder
12;molecula
12;minerva-dg-commands_training_domain_validation_sdmix_adam_lr-0.001_best
12;minerva-dg-commands_training_domain_validation_hmoe_adam_lr-0.0001_20hz
12;minerva-dg-commands_training_domain_validation_hmoe_adam_lr-0.0001
12;md4_R2
12;md2
12;md17_R4
12;md14_R1
12;md12_R3
12;mcmcMSM64
12;long1
12;lig_1_eq
12;kagome
12;hexa_exact
12;gromacs_exclusive
12;gromacs+denv+prod
12;geopt_s1
12;frmedia2
12;fe-comp-oh
12;eproxy1
12;e2co.index55.try3
12;e2co.index55.try2
12;e2co.index55.try1
12;e2co.index55.try0
12;e2co.index41.try3
12;e2co.index41.try2
12;e2co.index41.try1
12;e2co.index41.try0
12;e2co.index40.try3
12;e2co.index40.try2
12;e2co.index40.try1
12;e2co.index40.try0
12;e2co.index24.try3
12;e2co.index24.try2
12;e2co.index24.try1
12;e2co.index24.try0
12;e2co.index23.try3
12;e2co.index23.try2
12;e2co.index23.try1
12;e2co.index23.try0
12;ddmanhsa_append
12;dca-build.slurm
12;dataset147
12;cp2k-test
12;cm_plot
12;cit_syn
12;b4c_S2
12;at4Ts
12;arch
12;anti_nmr2
12;amortar_parmetis
12;all_reduce_perf
12;aimd-400
12;aimd
12;WANTIBEXOS
12;TBH100
12;Simul4pore
12;Selvagem-conc-human
12;S1_LG_1
12;RerunD
12;RamanCdTe
12;RAPIDS_Jupyter
12;Phonon
12;PVA_Sol
12;Ni1x1
12;N-nscf
12;N
12;MXENE
12;M1_C0.9_train
12;Lpen_equilibration
12;Lig_1_production
12;JB-20m-10bpm-20m
12;J240_1
12;InGaP-0.33
12;In2Se3-BSE
12;I3-ABX3-elastic
12;I3-A2BX4-bands
12;HSE06
12;GW_Mn
12;FeIntersticialN
12;FPBA_minIter
12;FA_fep1
12;CLUSTER_9
12;CLUSTER_8
12;CLUSTER_6
12;CLUSTER_5
12;CLUSTER_4
12;CLUSTER_3
12;CLUSTER_21
12;CLUSTER_20
12;CLUSTER_2
12;CLUSTER_19
12;CLUSTER_18
12;CLUSTER_17
12;CLUSTER_16
12;CLUSTER_15
12;CLUSTER_14
12;CLUSTER_13
12;CLUSTER_12
12;CLUSTER_11
12;CLUSTER_10
12;CLUSTER_1
12;CLUSTER_0
12;CD_DNP2x
12;CD_D450s
12;C2FPBnA
12;C12-2
12;Br3-A2BX4-elastic
12;BT_fep2
12;BT_fep1
12;AttUNet-12min-03img-Lightning-QC
12;AmberTest
12;AFM_Co-Fe
12;AF+eef
12;ACE2-8HRU_conc_human
12;61071
12;363prod4
12;363_1
12;2rcz-LNPs
12;2p-7
12;2Lig_1_production
12;1zdn
12;1407_3
12;1407_2
12;057-apo.slurm
12;/prj/cptec/jayant.pendharkar/Work/GPUProgPract/exfirst
11;zpe
11;zno_cat
11;xxx_ICs
11;vofC3dyn
11;vae-seismic
11;tracer
11;topp
11;testdev1
11;st_ef_MultiStruct
11;sqs-1_20
11;split2_all
11;spinn_test_2
11;sp-mz.D.x_ompi4_gcc
11;sibyll_test
11;sibyll_14_17_114
11;sibyll_14_17_109
11;sibyll_14_17_089
11;sibyll_14_17_088
11;scf_band_Gr_CIPS
11;runbilayer
11;run_matheus_99.sh
11;run_matheus_98.sh
11;run_matheus_97.sh
11;run_matheus_91.sh
11;run_matheus_88.sh
11;run_matheus_85.sh
11;run_matheus_84.sh
11;run_matheus_83.sh
11;run_matheus_81.sh
11;run_013
11;re_LMn3O4
11;re_DTRM2
11;pyr_single_ben
11;proton_avulso
11;poisson3d_cpu_gpu
11;poisson3d_all_compare
11;piriOH-H2O_plumed_3rd
11;piri2H2O-fin
11;piri2H2O-2nd
11;ph_sno2_gamma
11;pca_ce20
11;pbee
11;osu_mbw_mr
11;osu_bibw
11;os-pt
11;omp_hello
11;oh-sol
11;md_36
11;md8_R3
11;md7_R3
11;md16_R1
11;md15_R4
11;md13_R1
11;md10_R2
11;mcu
11;m-A100
11;loop-5
11;long2
11;ll_vaps
11;ldmanhsa_append
11;job-name
11;jacobi_memcpy_mpi
11;init_atmosphere_model
11;ind_sn_2b_ben
11;hwloc-ls
11;hwloc-bind
11;htp
11;hpo3
11;hex-li
11;hello_world
11;heatmap_pbee
11;hL-SiO
11;gw_smb6
11;gromacs_c16
11;glcmdissimilarity-vitseg
11;gd2
11;folha1A
11;etup2amd
11;elib2amd
11;elib1amd
11;ech_gh200
11;ebugh4
11;e2co.index45.try3
11;e2co.index45.try2
11;e2co.index45.try1
11;e2co.index45.try0
11;e2co.index43.try3
11;e2co.index43.try2
11;e2co.index43.try1
11;e2co.index43.try0
11;e2co.index42.try3
11;e2co.index42.try2
11;e2co.index42.try1
11;e2co.index42.try0
11;e2co.index33.try3
11;e2co.index33.try2
11;e2co.index33.try1
11;e2co.index33.try0
11;e2co.index30.try3
11;e2co.index30.try2
11;e2co.index30.try1
11;e2co.index30.try0
11;downs
11;dinov2:train
11;deeprock-channel_dlv3_random
11;deeprock-1e91c41767876442
11;cpu_dscrop
11;co
11;chi2
11;cg.D.64_ompi4_amd-clang
11;cat
11;case37
11;bpn_3d
11;bexos-64
11;benchmark_darcy
11;bench15
11;bands3
11;bad-at
11;amg_metis_rt3
11;amg_metis_rt2
11;amg_metis_rt1
11;aims.240920.mpi.x
11;a_water
11;a_hg_t_s1
11;Testef
11;Slab
11;Shock
11;RORg5ntn
11;PLDCp
11;MX_freq
11;MD_SnBr
11;MD_PbBr
11;M0.20_train
11;La-parchg
11;Job-Batch-M-As
11;Inference
11;InGaP-0.67
11;IBtest
11;HfTe2_polymophous
11;HSA
11;GTiUNet
11;GRU_test
11;FeNP-RAMP
11;FeNHC_DFT
11;DOSsocFMa-a-c0
11;D1FPBnA
11;CpHMD
11;CoNHC
11;Cl3-A2BX4-elastic
11;COM_npt1
11;COMPILE
11;BC-t9
11;BARREIRA
11;As2DMo
11;As-Mo
11;As-Co
11;A39W2
11;A-M1-G
11;89
11;6m0j_sdf_automate
11;645-refinment
11;644-refinment
11;548
11;547
11;545-refine
11;545
11;519-refine
11;3cam-smb6
11;363prod3
11;3515-1_loc
11;302-refine
11;2hAlp
11;2hAgB
11;2gyp
11;24kernel
11;247-refine
11;246-refine
11;225
11;221
11;2022MVKSD2LATAM
11;1ds6
11;1OAN_extend
11;1407_4
11;13-1.Und828
11;12-3.Und828
11;12-2.Und828
11;10-3.Und828
11;0D.GaAs
11;02-2.057
11;02-1.057
11;01-3.057
11;01-2.057
10;xps
10;w-CdSe
10;trmn2
10;tri_pho
10;trabalho
10;teste-devito-interativo
10;test_fftw_amd
10;test_TR2_45
10;tar_compression
10;smb6_8cam
10;server_oct
10;seamai-vitseg
10;s001
10;run_proton_avulso.sh
10;run
10;restr
10;r1_nvt
10;pyr_sn_1c_ben
10;pyr_sn_1b_ben
10;pyr_sn_1a_ben
10;proc.exe
10;piriOH-H2O-d3bj-2
10;piriOH-H2O-3
10;piri2H2O_plumed_2nd
10;phs25
10;phon2
10;phon1
10;petsc_gpu_c
10;p_nemo_70b
10;p6_p9
10;p2pBandwidthLatencyTest
10;p2_p5
10;nvt_363
10;npt1_363
10;nee_lag_worker
10;mp1/wk1-9-10
10;mof1
10;minerva-dg-commands_training_domain_validation_rdm_adam_lr-0.0001
10;minerva-dg-commands_training_domain_validation_difex_adam_lr-0.001_20hz
10;minerva-dg-commands_training_domain_validation_difex_adam_lr-0.0001_20hz
10;minerva-dg-commands_training_domain_validation_coral_adam_lr-0.001_20hz
10;minerva-dg-commands_training_domain_validation_coral_adam_lr-0.0001_20hz
10;md8_R2
10;md6_R2
10;md5_R2
10;md4_R3
10;md18_R4
10;md18_R1
10;md11_R2
10;md10_R3
10;mag2
10;m-100
10;lmp_mpi
10;llm_fsdp
10;llm-gen
10;lixorelax
10;lig_3_eq
10;ind_sn_2c_ben
10;ind_sn_2a_ben
10;ind_single_ben
10;imgnet_10_r2
10;imgnet_10_r1
10;imgnet_10_r0
10;imerg_lncc-cpu_amd_run
10;hseSS
10;gold
10;gh128_u_15
10;folha2B
10;fe-nop
10;f-envelope-vitseg
10;edmft_LAO1_LNO1
10;echbuamd
10;e2co_index_3
10;e2co_index_2
10;e2co_index_1
10;e2co_index_0
10;e2co.index54.try3
10;e2co.index54.try2
10;e2co.index54.try1
10;e2co.index54.try0
10;e2co.index53.try3
10;e2co.index53.try2
10;e2co.index53.try1
10;e2co.index53.try0
10;e2co.index52.try3
10;e2co.index52.try2
10;e2co.index52.try1
10;e2co.index52.try0
10;e2co.index51.try3
10;e2co.index51.try2
10;e2co.index51.try1
10;e2co.index51.try0
10;e2co.index50.try3
10;e2co.index50.try2
10;e2co.index50.try1
10;e2co.index50.try0
10;e2co.index49.try3
10;e2co.index49.try2
10;e2co.index49.try1
10;e2co.index49.try0
10;e2co.index48.try3
10;e2co.index48.try2
10;e2co.index48.try1
10;e2co.index48.try0
10;e2co.index47.try3
10;e2co.index47.try2
10;e2co.index47.try1
10;e2co.index47.try0
10;e2co.index46.try3
10;e2co.index46.try2
10;e2co.index46.try1
10;e2co.index46.try0
10;e2co.index44.try3
10;e2co.index44.try2
10;e2co.index44.try1
10;e2co.index44.try0
10;e2co.index32.try3
10;e2co.index32.try2
10;e2co.index32.try1
10;e2co.index32.try0
10;e2co.index31.try3
10;e2co.index31.try2
10;e2co.index31.try1
10;e2co.index31.try0
10;e2co.index29.try3
10;e2co.index29.try2
10;e2co.index29.try1
10;e2co.index29.try0
10;e2co.index28.try3
10;e2co.index28.try2
10;e2co.index28.try1
10;e2co.index28.try0
10;e2co.index27.try3
10;e2co.index27.try2
10;e2co.index27.try1
10;e2co.index27.try0
10;e2co.index26.try3
10;e2co.index26.try2
10;e2co.index26.try1
10;e2co.index26.try0
10;e2co.index25.try3
10;e2co.index25.try2
10;e2co.index25.try1
10;e2co.index25.try0
10;e2-wt
10;dock_pyrosetta
10;dlio_benchmark
10;diamante_geoopt
10;deblend_5A_noisy
10;darshan-cosmoflow-cpu-full
10;cxfu01
10;cudaOpenMP
10;coq12
10;composito-lamela2-waves
10;composito-lamela2-nscf
10;com-lda_smb6
10;cd
10;c20-1c.starter.slm
10;c0c3a56a-f21f-412c-bb63-04abf5f7d600
10;bt.B.x
10;bt-mz.D.x_ompi4_gcc
10;bi-sol
10;bexos3-64
10;benchmark
10;bench7
10;band-graphenylene
10;b4c_S0
10;auo
10;amrwind-scaling180
10;amrcm_N60_mt1_run5
10;amrcm_N60_mt1_run4
10;amrcm_N60_mt1_run3
10;amrcm_N60_mt1_run2
10;amrcm_N60_mt1_run1
10;amortar_structured_rx1_ry1_rz1_rt3
10;amortar_structured_rx1_ry1_rz1_rt2
10;amortar_structured_rx1_ry1_rz1_rt1
10;amg_mt4_run1
10;ad2-1
10;a_hg_t_s2
10;XYLO
10;UNet3D_AmazonBasin
10;TR1
10;SiO
10;RFd-test
10;Na
10;N_train
10;MnNHC
10;MNConvLSTM
10;MD6
10;MD20
10;MD1
10;M2_M0.30_train
10;M2_M0.25_train
10;M2-M0.1_train
10;M2-C0.9_train
10;M2-C0.9_M0.1_train
10;M2-Base_train
10;M1_M0.30_train
10;M1_M0.25_train
10;M1_M0.20_train
10;M1_M0.1_train
10;M1_M0.1_C0.9_train
10;M1_M0.15_train
10;LNP-pack
10;J48_1
10;I3-ABX4-bands
10;I3-ABX3-bands
10;GlycDENV
10;GA_RF_3d
10;Fon-CuNaCl
10;FUN
10;FHI
10;FA_cisR3_K
10;Cl3-ABX4-bands
10;Cl3-ABX3-bands
10;Cl3-A2BX4-bands
10;CdTeSe_zb_C16
10;C3FPBA
10;C1FPBA
10;Br3-ABX4-bands
10;Br3-ABX3-bands
10;Br3-A2BX4-bands
10;BS_cphmd
10;BERT500
10;BC-t10
10;B3FPBnA
10;B1_full_s123
10;B
10;AsCH33-Ni
10;Ag
10;AUTOHPC.sh
10;90328c1c-e526-4775-81d7-7af3b207af36
10;8cam_smb6
10;7wk6_sdf_automate
10;6ofp
10;6bml
10;643-refinment
10;544
10;526
10;523
10;522
10;520
10;518
10;515
10;510
10;504
10;503
10;502
10;501
10;500
10;4ci8
10;496-refine
10;463-refine
10;4230_0_10
10;379-refine
10;363prod
10;2toppA
10;2ptopA
10;2pbridgeA
10;2Gr_CIPS_SiO2n
10;289-refine
10;2533FL40
10;24sig
10;240
10;235
10;230
10;222
10;221-refine
10;220
10;1h8f
10;1f0y
10;186-refine
10;14_108_6
10;1407_0
10;12B_run7
10;120_95_1
10;12-1.Und828
10;1156
10;1155
10;1154
10;1153
10;1152
10;1151
10;1150
10;113_1
10;1100
10;11-3.Und828
10;11-2.Und828
10;11-1.Und828
10;1099
10;1096
10;1065
10;10-2.Und828
10;10-1.Und828
10;1-1
10;06-4.Und828
10;02-3.057
10;01.1-tetramer
10;+-1_3515
9;which
9;v2f-vitseg
9;v1f-vitseg
9;v
9;uch1.srm
9;u_water
9;twopolayer
9;tw_4000
9;tst_pvbt_bt
9;trmn3
9;train_FTConvLSTM-12min-03img-Lightning-QC
9;tf_pinn_poisson
9;teste-main
9;test_vasp_ncl
9;test800
9;test-cpu
9;table_FPBnA2
9;st_Gr_CIPS_SiO2n
9;sibyll_proton_5626_17_080
9;sft_llama31_70b_vp1
9;sdumont2nd_run_avulso_t.sh
9;sdumont2nd_run_avulso.sh
9;sam2_ft_3
9;run_deepOnet-predict_float32_fSin_transi.srm
9;run_deepOnet-predict_float32-transi.srm
9;run_cpu.sh
9;run_015
9;run_012
9;rsSOC-HfTe2
9;relax1CIO1LNOFM
9;reTRANS2
9;raft_R1_cont
9;r1_md_2_2g_12c
9;r1_md0
9;r-SOC-HfTe2
9;quick
9;qe_post_process
9;python
9;pt
9;protFUN1
9;pr50-r3
9;ppMSM64
9;pot_gpd_poa
9;pestc_hello_py
9;perpes
9;paq5
9;paperSS_101-bilstm_CV=Pull-R1S5FCV_input_subset11_Class2=ROI=segfix32-8_pacman
9;paperSS_100-bilstm_CV=Pull-R1S5FCV_input_subset11_Class2=ROI=pb-25-50-75-PPad_pacman
9;paperSS_100-bilstm_CV=Pull-R1S5FCV_input_subset07_Class2=ROI=pb-25-50-75-PPad_pacman
9;p30_40r1
9;p20_30r1
9;p120_75
9;p10_p13
9;orca_h3c
9;openfwi-train-vgan-synth-styleb
9;openfwi-train-vgan-synth-stylea
9;openfwi-train-vgan-synth-ffb
9;openfwi-train-vgan-synth-cvb
9;openfwi-train-vgan-synth-cfb
9;on-fly_step1
9;ni
9;nea1
9;nagnam
9;mlff_qphos
9;minushalf_test
9;minim
9;minerva-byol_teste
9;md9_R5
9;md7_R2
9;md4_R4
9;md19_R3
9;md17_R3
9;md11_R1
9;m06
9;m-hep-B
9;leap
9;kag-graph
9;job_ungrib
9;hseO
9;hep
9;hello_mpi
9;h4_363
9;h3_363
9;h2_363
9;h1_363
9;gst2mlp1
9;gst2mlp0
9;gst1unet
9;gst1mlp1
9;gst1mlp0
9;gst0unet
9;gpu_test
9;glc2mlp1
9;glc2mlp0
9;glc1mlp1
9;glc1mlp0
9;glc0unet
9;glc-sup
9;fon1
9;fiq48
9;ferro_110
9;fc-vitseg
9;fa-vitseg
9;f90-vitseg
9;f85-vitseg
9;f80-vitseg
9;f70-vitseg
9;f65-vitseg
9;f60-vitseg
9;etup1amd
9;eq5
9;eq3
9;eq2
9;eq1
9;env2mlp1
9;env1unet
9;env1mlp1
9;env1mlp0
9;ebuz2amd
9;ebu_gh_3
9;dispatch.sh
9;dapt-70b-original-w
9;cxfu04
9;cxfu03
9;cxfu02
9;cwnn
9;curriculum-efwi
9;cs2ag
9;core_basic
9;conc
9;composito-lamela2
9;co2bi10co2
9;cbridgep
9;canal008
9;cam2-opt-ti3c2o2-96
9;c_hg_t_s2
9;cNEBC2tube
9;c-vitseg
9;bnd_110_smb6
9;bench1
9;bcb_orca
9;base_adan86
9;bands_gpd
9;auIup
9;amrwind-turbina180-5
9;amrwind-abl-pre4
9;amortar_metis_rt1
9;abf_wt1
9;a700-flvitseg
9;a700-fbvitseg
9;a700-bvitseg
9;ZarrPrepro
9;Ui1-M2
9;UNet_Precip
9;UNet3D
9;Tm_Md36
9;TiSe2_3
9;Tetr-Alloy
9;TR1_rho
9;TR1_PCN2
9;TR1YS12
9;T0rfp0.5
9;Simultrain_2mol
9;SVOLDAwannier
9;SDumont2nd_teste
9;SCF_Mn
9;RORgrstr2
9;RORg5ntn2
9;PhysNeMo_AFNO
9;PM_NM
9;PLDLA
9;PIK3CA_V580A3
9;PIK3CA_E542K1
9;PERI_GW
9;PBWGSTest
9;OL3-1
9;NiO_AFM
9;NPB-MZ-interativo
9;NEBtube
9;NEA1
9;MX_12_12
9;M-mol
9;M-all
9;LG_1
9;JF-FB-MOC
9;JF-FB-COM
9;HPL-Grace
9;Gd_FM
9;GR-10kgf-1mD
9;GA_RF_4d
9;Fedop
9;Fe_run
9;Fe-soc
9;Fe-DFTU
9;FT800-1600
9;FPBA_minIter2x
9;FPBA_2x_suav
9;FORNAX_1
9;FEAttUNet-12min-03img-Lightning-Raw
9;FAfepR1.1_1
9;Eu_Md36
9;EuMd36
9;DGEMM-TIYA
9;D3T313pH7_eq
9;D3T310pH7_eq
9;D3T301pH7_eq
9;D2T313pH7_eq
9;D2T310pH7_eq
9;D2T301pH7_eq
9;Cu_dos
9;ComLowH
9;CeO2_GS
9;CdTeSe_zb_C26
9;CdSe_zb_aux2
9;Caso8_E5_F1
9;Bullpack-TIYA
9;B_18_9_1800
9;B_18_8_1800
9;B_18_7_1800
9;B_18_10_1800
9;BTp_fep1
9;B1FPBnA
9;Anilina-Co
9;AW-abl-precur-1
9;9ckf
9;5mfq
9;5d3a
9;4bwn
9;33Co-CC
9;2tAgB
9;2eav
9;2bAgB
9;2atx
9;24sig1
9;1t0p
9;1h4r
9;1dtd
9;1703-B
9;1628-M2
9;113_0
9;1020prod2
8;xanes-fe
8;wannium_srun
8;vofC9dyn
8;vofC3low
8;twopopore6b
8;tstcvrx
8;trtXtal
8;trigonal
8;treinpassivado_train
8;train_FTConvLSTM-12min-03img-Lightning-QC-dBZ
8;train:mamba-seg
8;testuni3
8;test_photon-propagation
8;test3
8;test1600
8;table_FPBnA3
8;sys/dashboard/sys/paraview-lss
8;supervised
8;sobol248
8;siserie
8;sis_1
8;sh
8;seriebi_cpu
8;sdumont2nd_run_t.sh
8;scf01
8;sc1CIO3LNOAFMAup
8;sam_f1
8;sam2_v2_equidistant
8;sam2_ft_0
8;s2.r4.srm
8;s1.r3.srm
8;s0-B
8;run_024
8;run_023
8;run_022
8;run_021
8;run_020
8;run_019
8;run_018
8;run_017
8;run_016
8;run_014
8;run_011
8;run_010
8;run_009
8;run_008
8;run_003
8;run_002
8;run_001
8;rsync_imerg
8;rmn2
8;rfd_filtro_backbone
8;re_DMn3O4
8;re_CISR1
8;ray_embeds
8;ramd1
8;raft_md_R2
8;raft_md_R1
8;r_2d_1c_npt
8;qe_bands
8;protFUNnpt
8;prod1
8;pr50-r2
8;pr50-r1
8;ppMSM256
8;postw90.x
8;piri2h2o-teste
8;phonon_gamma
8;pentg
8;pentaopt
8;pdbcm_all
8;pca_pcore
8;patch_deletion
8;paq8
8;paq7
8;paq6
8;paperSS_102-bilstm_CV=Pull-R1S5FCV_input_subset11_Class2=ROI=segfix32-8_pacman_PREDICTIONS
8;paperSS_102-bilstm_CV=Pull-R1S5FCV_input_subset11_Class2=ROI=segfix128-8_pacman_PREDICTIONS
8;paperSS_102-bilstm_CV=Pull-R1S5FCV_input_subset11_Class2=ROI=pb-20-40-60-80-PPad_pacman_PREDICTIONS
8;paperSS_102-bilstm_CV=Pull-R1S5FCV_input_subset11_Class2=ROI=pb-10-20-30-40-50-60-70-80-90-PPad_pacman_PREDICTIONS
8;paperSS_100-unetX2_CV=Pull-R1S5FCV_input=subset11_Classes=3-TH=0.04_ROI=FP-PPad_pacman_PREDICTIONS
8;paperSS_100-unetX2_CV=Pull-R1S5FCV_input=subset11_Classes=3-TH=0.02_ROI=FP-PPad_pacman
8;paperSS_100-bilstm_CV=Pull-R1S5FCV_input_subset11_Class2=ROI=pb-30-60-PPad_pacman
8;paperSS_100-bilstm_CV=Pull-R1S5FCV_input_subset11_Class2=ROI=pb-20-40-60-80-PPad_pacman
8;paperSS_100-bilstm_CV=Pull-R1S5FCV_input_subset11_Class2=ROI=pb-10-20-30-40-50-60-70-80-90-PPad_pacman
8;paperSS_100-bilstm_CV=Pull-R1S5FCV_input_subset07_Class2=ROI=pb-30-60-PPad_pacman
8;paperSS_100-bilstm_CV=Pull-R1S5FCV_input_subset07_Class2=ROI=pb-20-40-60-80-PPad_pacman
8;paperSS_100-bilstm_CV=Pull-R1S5FCV_input_subset07_Class2=ROI=pb-10-20-30-40-50-60-70-80-90-PPad_pacman
8;paperSS_100-bilstm_CV=Pull-R1S5FCV_input_subset07_Class2=ROI=FP-PPad_pacman_PREDICTIONS
8;p40_50r1
8;p30_p33
8;p26_p29
8;p22_p25
8;p18_p21
8;p14_p17
8;nto2cube
8;ni_vasp_gpu
8;near
8;multiGPU
8;mpnn_relax
8;mosaic_teste
8;monte-carlo
8;mof2
8;model_01
8;minerva-dg-commands_training_domain_validation_sdmix_adam_lr-0.0001_best_20hz
8;minerva-dg-commands_training_domain_validation_sdmix_adam_lr-0.0001_best
8;minerva-dg-commands_training_domain_validation_difex_adam_lr-0.001_best_20hz
8;minerva-dg-commands_training_domain_validation_difex_adam_lr-0.001_best
8;md5_R3
8;md15_R3
8;m8-111
8;m-hep
8;lsmem
8;log_md43_R4
8;jet_data
8;jeste
8;ip_1111
8;hpl-nvidia.sh
8;hex
8;gromacs_shared_2gpu
8;gromacs_shared_1gpu
8;gromacs-compiler
8;frfina3
8;fbase-0
8;encut
8;elinc0
8;ech_h_3g
8;ebghthr2
8;dos1CIO3LNOAFMC
8;darshan-test
8;cpl.exe
8;compare_mc_50ep
8;co24
8;co-ooh
8;buffer-bpn
8;bismupore6a
8;bismulayer
8;bh4
8;bench_4g_96c
8;bench_2g_48c
8;bench2mi
8;bench14
8;b_pbe_300
8;b-vitmae
8;applying
8;apply.sh
8;amortar_metis_rt3
8;amortar_metis_rt2
8;amd-gpu-test
8;abs0.0
8;Zn_NM
8;ViscoAnisoUFF
8;Vg002_Vl018
8;Vac_Inserpt
8;TR1_E
8;TR1LG12
8;SmB6_bands
8;Sim_H1_ISO
8;SCF_C9
8;SCF_C8
8;SCF_C7
8;SCF_C6
8;SCF_C5
8;SCF_C4
8;SCF_C3
8;SCF_C21
8;SCF_C20
8;SCF_C2
8;SCF_C19
8;SCF_C18
8;SCF_C17
8;SCF_C16
8;SCF_C15
8;SCF_C14
8;SCF_C13
8;SCF_C12
8;SCF_C11
8;SCF_C10
8;SCF_C1
8;SCF_C0
8;SA248p1
8;ResNet50_LatinAmerica
8;Refi7-12
8;RORrstr
8;Pir-Mo
8;OL3-3
8;OL3-2
8;OL1-3
8;OL1-2
8;OL1-1
8;NO2Me_ben
8;N2-I3-A2BX4-optm
8;Mut_3
8;Mut_2
8;Mut_1
8;Mut1_1
8;Mpi-mol
8;Mg_NP
8;MD5
8;MD4
8;MD3
8;MD2
8;InGaP-CuAu-0.75
8;Hopscotch_OMP
8;Hopscotch_EXP3_HYBRID
8;HgMe2
8;HSE
8;HM_3x3train
8;GSFE-02-01
8;GSFE-00_00
8;GQCA_test
8;GA_RandomForest_7d
8;GA_RF_7d
8;GA_RF_6d
8;GA_RF_5d
8;FeIntersticial
8;FPBnA_1bpm_1x
8;FAfepr2_1_2
8;Eu_C60_MD
8;E_FM_DOS
8;ERB2_pV842I1_restart
8;DSPH_UMI
8;DOS_C3
8;DOS_C2
8;DNP-CD14
8;D3T313pH6_eq
8;D3T313pH5_eq
8;D3T310pH6_eq
8;D3T310pH5_eq
8;D3T301pH6_eq
8;D3T301pH5_eq
8;D3FPBnA
8;D2T313pH6_eq
8;D2T313pH5_eq
8;D2T310pH6_eq
8;D2T310pH5_eq
8;D2T301pH6_eq
8;D2T301pH5_eq
8;Cu20_2nodes
8;CsBr-surf
8;CdSe_zb_1
8;CdSe_w_0
8;Caso8_E5
8;CE20-monomer
8;C2FPBA
8;B-v2
8;AttUNet-12min-03img-Lightning-QC-dBZ
8;AttConvLSTM-12min-03img-Lightning-QC-ET35
8;AttConvLSTM-12min-03img-Lightning-QC
8;AsH3-Ni
8;Anilina-Ni
8;Al
8;8cuo
8;4mfv
8;3b6r
8;3O-ht
8;363prod5
8;363_5nvt
8;363Fe
8;3515+6
8;2x7-fm
8;2hep
8;2hAlB
8;2hAlA
8;2hAgA
8;2bridgepA
8;2ask
8;2DNiPi
8;24sig5
8;24sig3
8;24sig2
8;1sc1
8;1oph
8;1n1j
8;1eqt
8;1eog
8;1dql
8;12B_run4
8;100_GaIn2O3
8;10000-nCell
8;057-monomerc12sol.slurm
7;zikenv.nat
7;z-ooh
7;wannium_gpu
7;wan
7;vasp_gpu
7;twopopore6a
7;tw_3000
7;treinpassivadorefit
7;teste_s
7;teste_hollow
7;teste_bridge
7;teste1
7;teste-freq
7;test1200
7;test03-FB-MONO.1
7;tdev
7;table_FPBA2
7;t_nowcasting
7;t2
7;sq
7;sisso_c001_m001
7;sis_2
7;shock
7;serie_imerg
7;seam_ai_wout_attr_test
7;scf_MoS
7;scf2bulk-smb6
7;sc2CIO2LNOFM
7;sam_f0
7;sam_cpr_2
7;sam1
7;s_d0
7;s3.r5.srm
7;s3.r4.srm
7;s3.r3.srm
7;s3.r2.srm
7;s3.r1.srm
7;s3.r0.srm
7;s2.r0.srm
7;s1.r9.srm
7;s1.r8.srm
7;s1.r7.srm
7;s1.r6.srm
7;s1.r5.srm
7;s1.r4.srm
7;s010
7;run_deepOnet-predict_float32_dt0.001.srm
7;run_048
7;run_025
7;run_007
7;run_006
7;run_005
7;run_004
7;ru
7;rs=1
7;rossi
7;rmsd.sh
7;rmn3
7;rmefC2mars
7;rmefC1blen
7;rmef131
7;rlxlno_lfo_51
7;rlxlno_lfo_21
7;rlx2
7;rkd_
7;rf_cyclic_hmpv
7;retry_R1
7;rerun_rac
7;rerun_7wk6_Omicron_complex
7;rerun_6mj0_wild_complex
7;relaxSOC2CIO2LNOFM
7;relaxNi_NM
7;relax1SIO1LNOFM
7;relax1SIO1LNOAFM
7;rel_slab210_smb6
7;re_LMOCD14
7;rbslurm_var_list.sh
7;r4_50_60
7;python
7;proteoma
7;prod_CA
7;pr50-r4
7;piriOH-H2Oeq
7;pe_std
7;paperSS_102-bilstm_CV=Pull-R1S5FCV_input_subset11_Class2=ROI=pb-30-60-PPad_pacman_PREDICTIONS
7;paperSS_102-bilstm_CV=Pull-R1S5FCV_input_subset11_Class2=ROI=pb-25-50-75-PPad_pacman_PREDICTIONS
7;paperSS_100-bilstm_CV=Pull-R1S5FCV_input_subset07_Class2=ROI=pb-25-50-75-PPad_pacman_PREDICTIONS
7;paperSS_100-bilstm_CV=Pull-R1S5FCV_input_subset07_Class2=ROI=pb-20-40-60-80-PPad_pacman_PREDICTIONS
7;paperSS_100-bilstm_CV=Pull-R1S5FCV_input_subset07_Class2=ROI=pb-10-20-30-40-50-60-70-80-90-PPad_pacman_PREDICTIONS
7;paperSS_100-bilstm_CV=Pull-R1S5FCV_input_subset07_Class2=ROI=FP-ZPad_pacman_PREDICTIONS
7;pani_gpu_test
7;p8Ni_2x2x2_FM
7;p240_75
7;only_eTiSe2
7;nvt_R1
7;nvt_1020
7;npt_eq
7;npt1_1020
7;namss-vitmae
7;naags
7;n500
7;mxene-xtb
7;multi_numa_benchmark
7;mpnn_gpu
7;model-nc
7;minushalf_logs_separados
7;minushalf_dft_half
7;minerva-dg-commands_training_domain_validation_sdmix_adam_lr-0.0001_20hz
7;minerva-ae1fd0000f31e54b
7;minerva-9c403656b1a095f1
7;minerva-859e7f427c4d9fea
7;minerva-26889f8d52b450f2
7;md7_R5
7;md6_R4
7;md5_R4
7;md17_R1
7;md15_R1
7;md14_R5
7;md14_R4
7;md13_R3
7;m8-ph2
7;m53-001
7;m53
7;lu-mz.D.x_ompi4_gcc
7;log_md18_R2
7;legacy_lowdata_norm
7;legacy_lowdata_eq
7;j5_j8
7;iops_1
7;ions
7;htp5
7;htp2secnew
7;hpl-aarch64.sh
7;hello_mpi.exe
7;hH
7;graphvasp_relaxacao
7;gputest
7;gpu_eps
7;gm_lib48
7;germ
7;full_ft_missing
7;fs_benchmark
7;fono_g_1_2
7;finetunning1
7;field_0.02-r1
7;farHse
7;f48mxene-ti3c2o2-48
7;exp_hom_openmm
7;executavel.sh
7;eval_FTConvLSTM-12min-03img-Lightning-QC-dBZ
7;eq11
7;ef_GrCIPS2x2
7;ech_h100
7;ebugh2
7;e2co.index68.try2
7;e2co.index68.try1
7;e2co.index68.try0
7;e2co.index64.try3
7;e2co.index64.try2
7;e2co.index64.try1
7;e2co.index64.try0
7;e2co.index63.try3
7;e2co.index63.try2
7;e2co.index63.try1
7;e2co.index63.try0
7;e2co.index62.try3
7;e2co.index62.try2
7;e2co.index62.try1
7;e2co.index62.try0
7;e2co.index61.try3
7;e2co.index61.try2
7;e2co.index61.try1
7;e2co.index61.try0
7;e2co.index35.try2
7;e2co.index35.try1
7;e2co.index35.try0
7;dos2CIO2LNOAFMC
7;dispatch_eradio.sh
7;dev_cpu
7;deit_std
7;deeprock-28de6723d6169b9e
7;dd
7;dcktd-train
7;dapt-7b-original-s
7;dapt-7b-domain-s-tmp
7;cxfu10
7;cxfu09
7;cxfu08
7;cxfu07
7;cxfu06
7;cxfu05
7;core_extract
7;conv
7;conf102
7;cmat1
7;c1-9H
7;c1-6H
7;bull_mlperf_storage_checkpoint
7;build_sif
7;bt.C.x
7;bp011
7;biphenylene
7;bench_8pol
7;bench96_6x16
7;bench6mi
7;bench2
7;band-smfeo3
7;bader
7;b_pbe_350
7;at300
7;amrwind-scaling128
7;amrwind-abl-bound-3
7;amrwind-abl-bound-2
7;amortar_structured_rx4_ry4_rz4_rt3
7;amortar_structured_rx4_ry4_rz4_rt2
7;amortar_structured_rx4_ry4_rz4_rt1
7;amber.slurm.md3
7;amber.slurm.md2
7;a700-vitmae
7;UiCa-Original
7;UiCa-M3
7;Ueff-Cu-cips
7;Training_tf1
7;TiSe2_SB_single-shot
7;TestegR1
7;TesteRag
7;TR1_rhoD
7;T0rfp1.5
7;T0rfp1.0
7;Std_Vg30_Vl001
7;Simultrain_novo_primitivo
7;Seriebi_Final
7;SIGLEC-DNP-APPEND
7;SERIEmos2
7;R2_Cr2O3
7;Pir-Ni
7;Pbn053
7;PbI2
7;PBEE_estimate
7;P01low
7;OPT-B10
7;NiO_ZR8
7;NPB-BTIO-C-36
7;NAMD_Auto
7;N-3ch3as-7
7;N-3ch3as-2
7;MoPirid
7;Mo-passo5
7;Mo-passo4
7;Mo-passo3
7;Mo-passo2
7;MD0-R1
7;M-3ch3as-1
7;L_Pen
7;JPCN_1
7;J25PCNDE_1
7;InGaP-CuAu-0.25
7;I2
7;HM_5x5train
7;GW_1
7;GQCA40-T
7;FeNHC_14
7;FPBnA_1bpm_3x
7;FPBA_2x_suavR
7;FL_conserv_10
7;FERI1
7;FA_trans
7;FA_fep2
7;FA_CIS_R2
7;EuB6_NM_SOC
7;ERB2_pD845A3_restar
7;EGFR_pT847K1_restart
7;DOS_C9
7;DOS_C8
7;DOS_C7
7;DOS_C6
7;DOS_C5
7;DOS_C4
7;DOS_C21
7;DOS_C20
7;DOS_C19
7;DOS_C18
7;DOS_C17
7;DOS_C16
7;DOS_C15
7;DOS_C14
7;DOS_C13
7;DOS_C12
7;DOS_C11
7;DOS_C10
7;DFeAsH3
7;D3T310pH6_r60
7;D3T310pH5_r55
7;D2T301pH6_r60
7;CuS-EtOH
7;CuS
7;CuPcNi_planar
7;CuPcNi-I-FM
7;Cu20
7;CrNHC
7;Co_FM
7;CdSe_zb_aux3
7;CSEM_W_FWD_CPU
7;CIPS1x1
7;B_18_12_1800
7;BZ4GH200
7;BT_trans
7;BHPLate_rev
7;B3_localized_s456
7;B2FPBnA
7;AttUNet-06min-03img-Lightning-QC
7;AsOCH3Mo
7;AsOCH33-Ni
7;AsH3-Mo
7;AsCH33-Mo
7;Anilina-Mo
7;Al6C-c
7;A
7;6m0j_rerun_teste
7;6m0j_Selvagem_complex_conc_human
7;600K
7;5x2-shift
7;5000-nCell
7;363_4npt
7;3515_pe
7;2tAgp
7;2tAgA
7;2phollowA
7;2nd-graphenylene
7;2hAgp
7;2bAgp
7;2Ni
7;2DM100As
7;2DCoAni
7;2533FL010
7;24sig6
7;24sig4
7;21POSlayer
7;1yla
7;1p4r
7;1kfu
7;1gvj
7;1e-13core
7;1735-preC
7;1735-nCell
7;14_109_5
7;1407_9
7;1407_8
7;1407_7
7;1407_6
7;1407_5
7;1407_10
7;12B_run8
7;10prod
7;
6;x75scf
6;vol_scan
6;vofC9low
6;vofC2std
6;vofC1low
6;vofC18dyn
6;vofC10low
6;vofC10dyn
6;vnla_cl3
6;vaspkteste
6;vasp_test
6;txtal3
6;twopopore6c
6;two-phase
6;tst
6;trxtal3
6;trxtal2
6;treinteste
6;treinrefit
6;train_FTConvLSTM-06min-06img-Lightning-QC
6;tracer3
6;ti
6;tetra_geopt
6;teste_erro_QOSMaxMemoryPerNode.srm
6;teste_452
6;teste_439
6;teste_430
6;teste_421
6;teste2
6;teste.srm
6;teste-gh200
6;teste-geo2
6;teste-c
6;test_fftw_amd+tune+opt
6;test_bc.sh
6;test25
6;test05-FB-MONO
6;sys/dashboard/sys/ratos/form
6;sys/dashboard/sys/code
6;sub_oneapi.25.3.srm
6;split_semantic
6;sol-scf
6;smpl1_LG12
6;smearing
6;slvPly
6;sio2
6;sigma
6;serveOllama
6;seam_ai_wout_att
6;sdumont_dev.sh
6;scfSTOpristinewannier
6;scfSOC1CIO1LNOFMwien2kAFM
6;sc3CIO1LNOFM
6;sc1CIO3LNOFM
6;sc1CIO1LNOFM
6;sam_dp
6;sam_dino_f3
6;sam_cpr_1
6;sam2_v3
6;sam2_original
6;sam2_ft_1
6;sam2_1
6;s3.r9.srm
6;s3.r8.srm
6;s3.r7.srm
6;s3.r6.srm
6;s2.r9.srm
6;s2.r8.srm
6;s2.r7.srm
6;s2.r6.srm
6;s2.r5.srm
6;s2.r3.srm
6;s2.r2.srm
6;s2.r1.srm
6;run_matheus_a.sh
6;run_deepOnet-predict2.srm
6;run_ADM7.sh
6;run_2
6;run_050
6;run_049
6;run_047
6;run_046
6;run_045
6;run_044
6;run_043
6;run_042
6;run_041
6;run_040
6;run_039
6;run_038
6;run_037
6;run_036
6;run_035
6;run_034
6;run_033
6;run_032
6;run_031
6;run_030
6;run_029
6;run_028
6;run_027
6;run_026
6;rosetta_denovo
6;rn50_p1
6;rn50_p0
6;rmsd_protein
6;rmefC2blen
6;rlx31lno_lfo
6;rerun_racGSH
6;rerun_LGSH
6;report
6;relax_binder
6;reTRANS3
6;r4_60_70
6;r440_50
6;r430_40
6;r3_50_100
6;r1_nvt_0_4g_24c
6;r1_md_2
6;r1_md1
6;qe_pani_container
6;qe+ausurf+compilado
6;pyfortracc_paper
6;prim
6;preprocpu
6;pr_band
6;pr50-r5
6;poisson3d_dbg
6;piriOH-H2O_f2
6;piriOH-H2O-2
6;piri2H2O-ncv
6;phonomlffphonon
6;pho_blue_eos
6;pept_test_rep1_md6
6;pdos1
6;parihaka_simmim_swinunetr
6;paperisolado
6;paperSS_102-bilstm_CV=Pull-R1S5FCV_input_subset11_Class2=ROI=FP-PPad_pacman_PREDICTIONS
6;paperSS_100-unetX2_CV=Pull-R1S5FCV_input=subset11_Classes=2_ROI=FP-ZPad_pacman
6;paperSS_100-unetX2_CV=Pull-R1S5FCV_input=subset11_Classes=2_ROI=FP-PPad_pacman
6;paperSS_100-bilstm_CV=Pull-R1S5FCV_input_subset11_Class2=ROI=segfix32-8_pacman_PREDICTIONS
6;paperSS_100-bilstm_CV=Pull-R1S5FCV_input_subset11_Class2=ROI=segfix128-8_pacman_PREDICTIONS
6;paperSS_100-bilstm_CV=Pull-R1S5FCV_input_subset11_Class2=ROI=pb-30-60-PPad_pacman_PREDICTIONS
6;paperSS_100-bilstm_CV=Pull-R1S5FCV_input_subset11_Class2=ROI=pb-25-50-75-PPad_pacman_PREDICTIONS
6;paperSS_100-bilstm_CV=Pull-R1S5FCV_input_subset11_Class2=ROI=pb-20-40-60-80-PPad_pacman_PREDICTIONS
6;paperSS_100-bilstm_CV=Pull-R1S5FCV_input_subset11_Class2=ROI=pb-10-20-30-40-50-60-70-80-90-PPad_pacman_PREDICTIONS
6;paperSS_100-bilstm_CV=Pull-R1S5FCV_input_subset11_Class2=ROI=FP-ZPad_pacman_PREDICTIONS
6;paperSS_100-bilstm_CV=Pull-R1S5FCV_input_subset11_Class2=ROI=FP-PPad_pacman_PREDICTIONS
6;paperSS_100-bilstm_CV=Pull-R1S5FCV_input_subset07_Class2=ROI=segfix32-8_pacman_PREDICTIONS
6;paperSS_100-bilstm_CV=Pull-R1S5FCV_input_subset07_Class2=ROI=segfix128-8_pacman_PREDICTIONS
6;paperSS_100-bilstm_CV=Pull-R1S5FCV_input_subset07_Class2=ROI=pb-30-60-PPad_pacman_PREDICTIONS
6;p_sft_70b_pbv4
6;p_nemo_smoke
6;p2y-120bnd
6;p10_20r1
6;nvt_eq
6;nvt_R2
6;nsp1_wt
6;no_water_omicron-rerun
6;new-model
6;name
6;mpi_hello_py
6;modeling
6;mlperf_storage_gendata_julio
6;mkbackup
6;minerva-dg-commands_training_domain_validation_sdmix_adam_lr-0.001_20hz
6;minerva-dg-commands_training_domain_validation_robust_difex_adam_lr-0.001_best_20hz
6;minerva-dg-commands_training_domain_validation_robust_difex_adam_lr-0.001_best
6;minerva-dg-commands_training_domain_validation_ds_moe_lr-0.001_20hz
6;minerva-dg-commands_training_domain_validation_ds_moe_lr-0.0001_20hz
6;mimotop
6;merging
6;merger.sh
6;meminfo
6;md_dihydro
6;md8_R4
6;md7_R4
6;md4_R5
6;md1_R5
6;md19_R1
6;md12_R2
6;m8-ph
6;lstopo-no-graphics
6;log_md4_R1
6;log_md11_R1
6;lig_4_equilibration
6;legate-bind.sh
6;lbpm_morphopen_pp
6;io500.sh
6;interp
6;int
6;init_atm
6;imgnet_100_r2
6;imgnet_100_r1
6;imgnet_100_r0
6;i_b9
6;i_b8
6;i_b7
6;i_b6
6;i_b5
6;i_b4
6;i_b3
6;i_b2
6;i_b10
6;i_b1
6;hybE_PM_1
6;htp3
6;het-super
6;graphpistonwall
6;graphene
6;gmspe3mi
6;gm_buz96
6;gen_predict_files_bilstm_semantic
6;ftopA
6;frNP5bta2.5
6;folha3A
6;field_0.02-r3
6;field_0.02-r2
6;field_0.002-r3
6;field_0.002-r2
6;field_0.002-r1
6;fi_36
6;fi_144
6;fe-scf
6;fbase-10
6;experimento_seam_ai_eq
6;eval_Lagrangian-12min-03img-Lightning-QC
6;etu1bamd
6;eq9
6;eq7
6;enroot_test
6;elibgh2
6;efGr_CIPS_SiO2n
6;ech_lic
6;ebugh1
6;e2co.index69.try1
6;e2co.index69.try0
6;e2co.index68.try3
6;e2co.index67.try3
6;e2co.index67.try2
6;e2co.index67.try1
6;e2co.index67.try0
6;e2co.index66.try3
6;e2co.index66.try2
6;e2co.index66.try1
6;e2co.index66.try0
6;e2co.index65.try3
6;e2co.index65.try2
6;e2co.index65.try1
6;e2co.index65.try0
6;e2co.index60.try3
6;e2co.index60.try2
6;e2co.index60.try1
6;e2co.index60.try0
6;e2co.index59.try3
6;e2co.index59.try2
6;e2co.index59.try1
6;e2co.index59.try0
6;e2co.index58.try3
6;e2co.index58.try2
6;e2co.index58.try1
6;e2co.index58.try0
6;e2co.index57.try3
6;e2co.index57.try2
6;e2co.index57.try1
6;e2co.index57.try0
6;e2co.index56.try3
6;e2co.index56.try2
6;e2co.index56.try1
6;e2co.index56.try0
6;e2co.index37.try3
6;e2co.index37.try2
6;e2co.index37.try1
6;e2co.index37.try0
6;e2co.index36.try3
6;e2co.index36.try2
6;e2co.index36.try1
6;e2co.index36.try0
6;e2co.index35.try3
6;dosSOC1CIO1LNOFM
6;dos1CIO3LNOAFMG
6;dos1CIO3LNOAFMAdown
6;dm-graphenylene
6;dlio.slurm
6;des
6;deeprock-fe48291ee4dcc556
6;deeprock-f13ce1173daa615b
6;deeprock-ef95e8bb885fd36a
6;deeprock-ca915ad4c8fdc6e2
6;deeprock-bdc8f47bc47d929e
6;deeprock-bc4cabc953fd2a97
6;deeprock-af927021e614174c
6;deeprock-9d8b8c34fa6df79f
6;deeprock-82f1533499702735
6;deeprock-8223bb5230c5cc63
6;deeprock-7d9ab086898a0354
6;deeprock-5fa9accab7a694af
6;deeprock-5407f49c70d97a5d
6;deeprock-4b067c776c873340
6;deeprock-4811fa8d121e7156
6;deeprock-42772a1b677429a3
6;deeprock-316c27a9aed65d65
6;deeprock-12be1265f7237427
6;debug-amd
6;debug
6;darshan
6;dapt-70b-domain-s
6;d3-pbe-350
6;cuBLAS_matmul
6;cspbbr3
6;crprp_1d
6;create_iso
6;cosmoflow-cpu-full
6;conf1
6;co36
6;co2biselect
6;co2bi10co2_r
6;co15
6;cm_filter
6;cips-no_subs
6;buffet_m07
6;bt.C.36.mpi_io_full_ompi4_gcc
6;bipassiv
6;biotin
6;bench5
6;bench13
6;bcb_orca_triplet
6;bands_excited-HfTe2
6;b4c_S4
6;avx-turbo.gcc
6;avx-turbo.amd.arch
6;at2Ts
6;amrwind-scaling160
6;amrcmC_mt3_run1
6;amortar_structured_rx3_ry3_rz3_rt3
6;amortar_structured_rx3_ry3_rz3_rt2
6;amortar_structured_rx3_ry3_rz3_rt1
6;amortar_structured_rx2_ry2_rz2_rt3
6;amortar_structured_rx2_ry2_rz2_rt2
6;amortar_structured_rx2_ry2_rz2_rt1
6;amg_mt3_run3
6;amg_mt3_run2
6;alpha-mtd1
6;allocation
6;alfa_hse
6;alfa_bse
6;al3h2
6;acoustic_openmp_nvidiaX_nvc_so8_sz500_th6_tuneoff_mpi0_g1_partlncc-gh200_dev_rep1_%j
6;WT-
6;WHAM
6;Vg01_Vl001
6;VASP_AMD_Hybrid
6;UiCa-M330k_pos
6;Ui7-M2
6;Tm_C60_MD
6;TiSe2h_ex1
6;TiSe2_ex1
6;TiSe2_SB_bands
6;Te_eos_relax
6;TREM2p
6;TREM2-LSA
6;Std_Vg01_Vl001
6;Simultestedftpuro
6;Simulpassivado_deu
6;S_AFM_1
6;STM
6;SIGLEC-LNP-APPEND
6;SERIEsi
6;SCsocFMa-a-c0
6;SConvLSTM_LatinAmerica
6;Run_Simulation_from_Source_File.sh
6;RerunL
6;RT-HaniY
6;RORg5ntn3
6;RNA2_m64
6;PT_8x8x8
6;PIK3CA_E542K3
6;OL8-1
6;OL2-3
6;OL2-2
6;OL2-1
6;OH
6;Ntube-S1
6;NiGaSe
6;N_F_Cr_Cu
6;NSP2
6;NEE_Modeling
6;NEBNiSebrok
6;NAMD_4_Replicas
6;N-all
6;N-7
6;N-3ch3as-8
6;N-3ch3as-1
6;Man-all
6;MD9
6;MD7
6;MD27
6;MD26
6;MD25
6;MD24
6;MD23
6;MD21
6;MD13
6;MD12
6;MD11
6;MD10
6;M-3ch3as-16
6;M-3ch3as-15
6;M-3ch3as-14
6;M-3ch3as-12
6;M-3ch3as-10
6;La2CuO4
6;LLM3
6;L1A
6;In2Se3-GW
6;HSE_C3
6;HSE_C23_dev
6;Gr
6;Gd_NM
6;GS_Fe2O3
6;GMX_install
6;GAN_SConvLSTM_LatinAmerica
6;FreeFEM
6;Fchcl3eqeq
6;FPBA_prod2x
6;FPBA_minIter3x
6;FPBA_3x_suavR
6;FPBA_3x_suav
6;FM+eef
6;FLconsev30
6;FL_conserv_20
6;FE1
6;FAfepR1_1_2
6;FA_fep
6;FA2_fep2
6;ExampleJob
6;Evaluation_Inference_ConvLSTM
6;ERB2_pD845A2_restart
6;ERB2_pD845A1_restart
6;EGFR3_restart
6;DeepR1_Lllamacpp
6;DOS_C1
6;DOS_C0
6;D3T313pH7_r55
6;D3T313pH6_r60
6;D3T313pH6_r58
6;D3T313pH5_r56
6;D3T313pH5_catdcd
6;D3T310pH7_r55
6;D3T310pH5_catdcd
6;D3T301pH6_r60
6;D3T301pH6_r58
6;D3T301pH5_r56
6;D3T301pH5_catdcd
6;D2T313pH7_r55
6;D2T313pH6_r60
6;D2T313pH6_r57
6;D2T313pH5_r60
6;D2T313pH5_catdcd
6;D2T310pH7_r55
6;D2T310pH6_r60
6;D2T310pH6_r57
6;D2T310pH5_r55
6;D2T310pH5_catdcd
6;D2T301pH7_r60
6;D2T301pH7_r1
6;D2T301pH6_r59
6;D2T301pH5_r55
6;D2T301pH5_catdcd
6;Cr
6;CdTe_zb_rlx
6;CdTeSe_zb_C9
6;CdTeSe_zb_C4
6;CdTeSe_zb_C27
6;CdTeSe_zb_C25
6;Caso1_E5
6;CM-Co
6;CLUSTER_25
6;CIS2_CFc
6;CIPS1x1_workflow
6;CD_D3LFx
6;CD-2DCo
6;C60_Tm_36
6;C3_cpu_dev
6;C-M1-G
6;BE-1
6;B3_localized_s789
6;B3_localized_s123
6;B2_transformers_s789
6;B2_transformers_s456
6;B2_transformers_s123
6;Au-2N-top_poly
6;Au-1N-top_poly
6;AttUNet-12min-03img-Lightning-QC-ET35
6;AttUNet-06min-06img-Lightning-QC
6;As-Ni
6;Ani2DNi
6;Ame_b6x8
6;Ame_b4x12
6;Ag-Er
6;A39W
6;9br6
6;808-bh4
6;8-2d-opt-ti3c2o2-24
6;6xbg-3
6;6kgj
6;4np
6;4XAF_prod
6;4230_10_20
6;3nbv
6;3510-ph
6;32Nl_9m_ot_f12_IIa
6;30prod
6;2tAlp
6;2tAlB
6;2tAlA
6;2f16mxene-ti3c2o2
6;2d-opt-ti3c2o2-48
6;2bzy
6;2bAlp
6;2bAlB
6;2bAlA
6;2avd
6;2FESx
6;21POSpore-6
6;215-2
6;1ha4
6;1703-A
6;14_01
6;12sym4opt-ti3c2o2
6;12
6;100Mo-Cpi
6;100K
6;0_10r4
6;0_10r1
6;057.03.3md.slurm
6;057.03.1md.slurm
6;01.1.mtd1
6;
5;wfn2hdf.x
5;wannium_mpiexec
5;wannier
5;vscC31Proxy
5;vofC23low
5;vofC23dyn
5;val_cuda
5;umbre3_conti
5;txtal1
5;treinPOSCARMASS
5;treinPOSCAR3_dir
5;train_FTConvLSTM-06min-03img-Lightning-QC
5;trainPOSCAR1_dir
5;teste_435
5;teste-RMN
5;test_jobs_sdumont2nd
5;submit_binding_scan.slurm
5;sub_container.srm
5;sub_amd.srm
5;sub4_1
5;sub25_1
5;sub16_1
5;sub100_1
5;srm2
5;srli1amd
5;sp4_1
5;sp-Ueffcuinp
5;smb6_3cam
5;slurmd
5;slab111_scf_smb6
5;scf_Movac
5;scfTiSe2
5;scf02
5;scanCIPS
5;sc1CIO1LNOFMsoc
5;sam_p1
5;sam_p0
5;sam_feed_0
5;sam_cpr_3
5;sam
5;saliency_score
5;s661opt-ti3c2o2
5;s100-uio
5;s100-1l
5;run_mmpbsa.sh
5;run_3
5;rmef126
5;rlx_1
5;rixs-96
5;rerun_1gvj
5;relaxtest
5;relax3CIO1LNOAFM
5;relax2CIO2LNOFM
5;ref
5;re_SIGLSA
5;re_LTRM2
5;re_DMOCD14
5;rank_probe.sh
5;qe_pani_h100
5;qe_native
5;qe-ausurf-gpu
5;pxica
5;ptn-hse2
5;ptn-hse
5;protFUNnvt
5;protFUNheat
5;protFUN5
5;protFUN2
5;projwcf.x
5;prod5
5;probe_socket_binding
5;post_sisso
5;polaron7
5;poisson3d_py_clean
5;plumed
5;phonDC
5;phgamma.x
5;perpehollow
5;perpebridge
5;pe+1
5;pdos2
5;pdos-composito-2lmls
5;pdos
5;pca_cat
5;pbee-estimate
5;patch_creation
5;parabricks
5;paperSS_103-unetX2_CV=Pull-R1S5FCV_input=subset11_Classes=2_ROI=pb-10-20-30-40-50-60-70-80-90-PPad_pacman
5;paperSS_101-unetX2_CV=Pull-R1S5FCV_input=subset11_Classes=2_ROI=FP-ZPad_pacman
5;paperSS_101-unetX2_CV=Pull-R1S5FCV_input=subset11_Classes=2_ROI=FP-PPad_pacman
5;paperSS_101-bilstm_encoder_CV=Pull-R1S5FCV_input_subset11_Class2=ROI=segfix32-8_pacman
5;paperSS_101-bilstm_encoder_CV=Pull-R1S5FCV_input_subset11_Class2=ROI=segfix128-8_pacman
5;paperSS_101-bilstm_encoder_CV=Pull-R1S5FCV_input_subset11_Class2=ROI=pb-30-60-PPad_pacman
5;paperSS_101-bilstm_encoder_CV=Pull-R1S5FCV_input_subset11_Class2=ROI=pb-25-50-75-PPad_pacman
5;paperSS_101-bilstm_encoder_CV=Pull-R1S5FCV_input_subset11_Class2=ROI=pb-20-40-60-80-PPad_pacman
5;paperSS_101-bilstm_encoder_CV=Pull-R1S5FCV_input_subset11_Class2=ROI=pb-10-20-30-40-50-60-70-80-90-PPad_pacman
5;paperSS_101-bilstm_encoder_CV=Pull-R1S5FCV_input_subset11_Class2=ROI=FP-ZPad_pacman
5;paperSS_101-bilstm_encoder_CV=Pull-R1S5FCV_input_subset11_Class2=ROI=FP-PPad_pacman
5;paperSS_101-bilstm_CV=Pull-R1S5FCV_input_subset11_Class2=ROI=segfix32-8_pacman_PREDICTIONS
5;paperSS_101-bilstm_CV=Pull-R1S5FCV_input_subset11_Class2=ROI=segfix128-8_pacman_PREDICTIONS
5;paperSS_101-bilstm_CV=Pull-R1S5FCV_input_subset11_Class2=ROI=segfix128-8_pacman
5;paperSS_101-bilstm_CV=Pull-R1S5FCV_input_subset11_Class2=ROI=pb-30-60-PPad_pacman_PREDICTIONS
5;paperSS_101-bilstm_CV=Pull-R1S5FCV_input_subset11_Class2=ROI=pb-25-50-75-PPad_pacman_PREDICTIONS
5;paperSS_101-bilstm_CV=Pull-R1S5FCV_input_subset11_Class2=ROI=pb-20-40-60-80-PPad_pacman_PREDICTIONS
5;paperSS_101-bilstm_CV=Pull-R1S5FCV_input_subset11_Class2=ROI=pb-10-20-30-40-50-60-70-80-90-PPad_pacman_PREDICTIONS
5;paperSS_101-bilstm_CV=Pull-R1S5FCV_input_subset11_Class2=ROI=FP-ZPad_pacman_PREDICTIONS
5;paperSS_101-bilstm_CV=Pull-R1S5FCV_input_subset11_Class2=ROI=FP-PPad_pacman_PREDICTIONS
5;paperSS_101-bilstm_CV=Pull-R1S5FCV_input_subset07_Class2=ROI=segfix32-8_pacman_PREDICTIONS
5;paperSS_101-bilstm_CV=Pull-R1S5FCV_input_subset07_Class2=ROI=segfix128-8_pacman_PREDICTIONS
5;paperSS_101-bilstm_CV=Pull-R1S5FCV_input_subset07_Class2=ROI=pb-30-60-PPad_pacman_PREDICTIONS
5;paperSS_101-bilstm_CV=Pull-R1S5FCV_input_subset07_Class2=ROI=pb-25-50-75-PPad_pacman_PREDICTIONS
5;paperSS_101-bilstm_CV=Pull-R1S5FCV_input_subset07_Class2=ROI=pb-20-40-60-80-PPad_pacman_PREDICTIONS
5;paperSS_101-bilstm_CV=Pull-R1S5FCV_input_subset07_Class2=ROI=pb-10-20-30-40-50-60-70-80-90-PPad_pacman_PREDICTIONS
5;paperSS_101-bilstm_CV=Pull-R1S5FCV_input_subset07_Class2=ROI=FP-ZPad_pacman_PREDICTIONS
5;paperSS_101-bilstm_CV=Pull-R1S5FCV_input_subset07_Class2=ROI=FP-PPad_pacman_PREDICTIONS
5;paperSS_100-unetX2_CV=Pull-R1S5FCV_input=subset11_Classes=3-TH=0.10_ROI=segfix32-8_pacman_PREDICTIONS
5;paperSS_100-unetX2_CV=Pull-R1S5FCV_input=subset11_Classes=3-TH=0.10_ROI=segfix128-8_pacman_PREDICTIONS
5;paperSS_100-unetX2_CV=Pull-R1S5FCV_input=subset11_Classes=3-TH=0.10_ROI=pb-30-60-PPad_pacman_PREDICTIONS
5;paperSS_100-unetX2_CV=Pull-R1S5FCV_input=subset11_Classes=3-TH=0.10_ROI=pb-25-50-75-PPad_pacman_PREDICTIONS
5;paperSS_100-unetX2_CV=Pull-R1S5FCV_input=subset11_Classes=3-TH=0.10_ROI=pb-20-40-60-80-PPad_pacman_PREDICTIONS
5;paperSS_100-unetX2_CV=Pull-R1S5FCV_input=subset11_Classes=3-TH=0.10_ROI=pb-10-20-30-40-50-60-70-80-90-PPad_pacman_PREDICTIONS
5;paperSS_100-unetX2_CV=Pull-R1S5FCV_input=subset11_Classes=3-TH=0.10_ROI=FP-ZPad_pacman_PREDICTIONS
5;paperSS_100-unetX2_CV=Pull-R1S5FCV_input=subset11_Classes=3-TH=0.10_ROI=FP-PPad_pacman_PREDICTIONS
5;paperSS_100-unetX2_CV=Pull-R1S5FCV_input=subset11_Classes=3-TH=0.09_ROI=segfix32-8_pacman_PREDICTIONS
5;paperSS_100-unetX2_CV=Pull-R1S5FCV_input=subset11_Classes=3-TH=0.09_ROI=segfix128-8_pacman_PREDICTIONS
5;paperSS_100-unetX2_CV=Pull-R1S5FCV_input=subset11_Classes=3-TH=0.09_ROI=pb-30-60-PPad_pacman_PREDICTIONS
5;paperSS_100-unetX2_CV=Pull-R1S5FCV_input=subset11_Classes=3-TH=0.09_ROI=pb-25-50-75-PPad_pacman_PREDICTIONS
5;paperSS_100-unetX2_CV=Pull-R1S5FCV_input=subset11_Classes=3-TH=0.09_ROI=pb-20-40-60-80-PPad_pacman_PREDICTIONS
5;paperSS_100-unetX2_CV=Pull-R1S5FCV_input=subset11_Classes=3-TH=0.09_ROI=pb-10-20-30-40-50-60-70-80-90-PPad_pacman_PREDICTIONS
5;paperSS_100-unetX2_CV=Pull-R1S5FCV_input=subset11_Classes=3-TH=0.09_ROI=FP-ZPad_pacman_PREDICTIONS
5;paperSS_100-unetX2_CV=Pull-R1S5FCV_input=subset11_Classes=3-TH=0.09_ROI=FP-PPad_pacman_PREDICTIONS
5;paperSS_100-unetX2_CV=Pull-R1S5FCV_input=subset11_Classes=3-TH=0.06_ROI=segfix32-8_pacman_PREDICTIONS
5;paperSS_100-unetX2_CV=Pull-R1S5FCV_input=subset11_Classes=3-TH=0.06_ROI=segfix128-8_pacman_PREDICTIONS
5;paperSS_100-unetX2_CV=Pull-R1S5FCV_input=subset11_Classes=3-TH=0.06_ROI=pb-30-60-PPad_pacman_PREDICTIONS
5;paperSS_100-unetX2_CV=Pull-R1S5FCV_input=subset11_Classes=3-TH=0.06_ROI=pb-25-50-75-PPad_pacman_PREDICTIONS
5;paperSS_100-unetX2_CV=Pull-R1S5FCV_input=subset11_Classes=3-TH=0.06_ROI=pb-20-40-60-80-PPad_pacman_PREDICTIONS
5;paperSS_100-unetX2_CV=Pull-R1S5FCV_input=subset11_Classes=3-TH=0.06_ROI=pb-10-20-30-40-50-60-70-80-90-PPad_pacman_PREDICTIONS
5;paperSS_100-unetX2_CV=Pull-R1S5FCV_input=subset11_Classes=3-TH=0.06_ROI=FP-ZPad_pacman_PREDICTIONS
5;paperSS_100-unetX2_CV=Pull-R1S5FCV_input=subset11_Classes=3-TH=0.06_ROI=FP-PPad_pacman_PREDICTIONS
5;paperSS_100-unetX2_CV=Pull-R1S5FCV_input=subset11_Classes=3-TH=0.05_ROI=segfix32-8_pacman_PREDICTIONS
5;paperSS_100-unetX2_CV=Pull-R1S5FCV_input=subset11_Classes=3-TH=0.05_ROI=segfix128-8_pacman_PREDICTIONS
5;paperSS_100-unetX2_CV=Pull-R1S5FCV_input=subset11_Classes=3-TH=0.05_ROI=pb-30-60-PPad_pacman_PREDICTIONS
5;paperSS_100-unetX2_CV=Pull-R1S5FCV_input=subset11_Classes=3-TH=0.05_ROI=pb-25-50-75-PPad_pacman_PREDICTIONS
5;paperSS_100-unetX2_CV=Pull-R1S5FCV_input=subset11_Classes=3-TH=0.05_ROI=pb-20-40-60-80-PPad_pacman_PREDICTIONS
5;paperSS_100-unetX2_CV=Pull-R1S5FCV_input=subset11_Classes=3-TH=0.05_ROI=pb-10-20-30-40-50-60-70-80-90-PPad_pacman_PREDICTIONS
5;paperSS_100-unetX2_CV=Pull-R1S5FCV_input=subset11_Classes=3-TH=0.05_ROI=FP-ZPad_pacman_PREDICTIONS
5;paperSS_100-unetX2_CV=Pull-R1S5FCV_input=subset11_Classes=3-TH=0.05_ROI=FP-PPad_pacman_PREDICTIONS
5;paperSS_100-unetX2_CV=Pull-R1S5FCV_input=subset11_Classes=3-TH=0.02_ROI=segfix32-8_pacman_PREDICTIONS
5;paperSS_100-unetX2_CV=Pull-R1S5FCV_input=subset11_Classes=3-TH=0.02_ROI=segfix128-8_pacman_PREDICTIONS
5;paperSS_100-unetX2_CV=Pull-R1S5FCV_input=subset11_Classes=3-TH=0.02_ROI=pb-30-60-PPad_pacman_PREDICTIONS
5;paperSS_100-unetX2_CV=Pull-R1S5FCV_input=subset11_Classes=3-TH=0.02_ROI=pb-25-50-75-PPad_pacman_PREDICTIONS
5;paperSS_100-unetX2_CV=Pull-R1S5FCV_input=subset11_Classes=3-TH=0.02_ROI=pb-20-40-60-80-PPad_pacman_PREDICTIONS
5;paperSS_100-unetX2_CV=Pull-R1S5FCV_input=subset11_Classes=3-TH=0.02_ROI=pb-10-20-30-40-50-60-70-80-90-PPad_pacman_PREDICTIONS
5;paperSS_100-unetX2_CV=Pull-R1S5FCV_input=subset11_Classes=3-TH=0.02_ROI=FP-ZPad_pacman_PREDICTIONS
5;paperSS_100-unetX2_CV=Pull-R1S5FCV_input=subset11_Classes=3-TH=0.02_ROI=FP-PPad_pacman_PREDICTIONS
5;paperSS_100-unetX2_CV=Pull-R1S5FCV_input=subset11_Classes=3-TH=0.01_ROI=segfix32-8_pacman_PREDICTIONS
5;paperSS_100-unetX2_CV=Pull-R1S5FCV_input=subset11_Classes=3-TH=0.01_ROI=segfix128-8_pacman_PREDICTIONS
5;paperSS_100-unetX2_CV=Pull-R1S5FCV_input=subset11_Classes=3-TH=0.01_ROI=pb-30-60-PPad_pacman_PREDICTIONS
5;paperSS_100-unetX2_CV=Pull-R1S5FCV_input=subset11_Classes=3-TH=0.01_ROI=pb-25-50-75-PPad_pacman_PREDICTIONS
5;paperSS_100-unetX2_CV=Pull-R1S5FCV_input=subset11_Classes=3-TH=0.01_ROI=pb-20-40-60-80-PPad_pacman_PREDICTIONS
5;paperSS_100-unetX2_CV=Pull-R1S5FCV_input=subset11_Classes=3-TH=0.01_ROI=pb-10-20-30-40-50-60-70-80-90-PPad_pacman_PREDICTIONS
5;paperSS_100-unetX2_CV=Pull-R1S5FCV_input=subset11_Classes=3-TH=0.01_ROI=FP-ZPad_pacman_PREDICTIONS
5;paperSS_100-unetX2_CV=Pull-R1S5FCV_input=subset11_Classes=3-TH=0.01_ROI=FP-PPad_pacman_PREDICTIONS
5;pa
5;p7Fe_4x4x4_FM
5;p30_40r3
5;p-ptp-2f
5;os
5;orca_triangulo
5;openmp_helloworld.exe
5;o2
5;nvtau
5;nvt.sh
5;npt_R5
5;npt11
5;npt.sh
5;nowcast_v6_brasil
5;nowcast_v16
5;nemo
5;nagnag
5;mpnn_job
5;mlperf-cosmoflow-full
5;mil53-c
5;md8_R5
5;md6_R5
5;md5_R5
5;md3_R5
5;md2_R5
5;md19_R2
5;md18_R5
5;md17_R2
5;md16_R2
5;md14_R3
5;md13_R2
5;md0_R5
5;mattergen
5;mRMR_GRU_6d_NEE
5;m8-B111
5;m53-100
5;m
5;loop-4
5;log_md5_R1
5;log_md43_R6
5;log_md37_R3
5;log_md36_R2
5;log_md31_R3
5;log_md30_R4
5;log_md30_R2
5;log_md21_R1
5;log_md18_R5
5;log_md18_R1
5;llm_gh200_ib
5;lixoCO2vi
5;li
5;j1_j4
5;is.B
5;irr_b3
5;irr_b2
5;irr_b1
5;iron_run03
5;ip_1355
5;iops_9
5;iops_8
5;iops_7
5;iops_6
5;iops_5
5;iops_4
5;iops_3
5;iops_21
5;iops_20
5;iops_2
5;iops_19
5;iops_18
5;iops_16
5;iops_15
5;iops_14
5;iops_13
5;iops_12
5;iops_11
5;iops_10
5;imgnet_600_r2
5;imgnet_600_r1
5;i-pi
5;htop
5;ht-Ctop
5;hom_imp
5;het_imp
5;hH-Ctop
5;graphene-teste
5;gmflu002
5;gh43_r1_120_140
5;germ_mlff_strain
5;gabriel
5;frot-1000
5;friafina
5;frbeta2
5;fe-ooh-j
5;fe-fe
5;f96mxene-ti3c2o2-96
5;exp_gaussian_blur
5;exhTa2NiSe5_3
5;eval_ConvLSTM-12min-03img-Lightning-QC
5;etupgh2
5;etoh
5;etmithr2
5;elinc1
5;elibgh1
5;ecut
5;ech_h_2g
5;ech_amd
5;ebugh3
5;ebu_gh_4
5;e2co.index69.try3
5;e2co.index69.try2
5;e2-wt2
5;dream_2
5;dos3CIO1LNOFM
5;dispatch_v4.sh
5;denoise
5;deeprock-fec65d51ff9638ce
5;deeprock-fa0a12336260037b
5;deeprock-f191b1e6afdb14d8
5;deeprock-e92b887754c8ce64
5;deeprock-debc2be94619e890
5;deeprock-d59cb4cd8fce58bb
5;deeprock-ba0ddb60b074be11
5;deeprock-b74ff66021b29e4c
5;deeprock-ad95d162868d6a17
5;deeprock-aaef85cc69c03e86
5;deeprock-a13064e9ed80fa64
5;deeprock-972c568ae78cac05
5;deeprock-93dcc137d019afed
5;deeprock-7f37e508b9ad588a
5;deeprock-7b9c8ffea321f2a8
5;deeprock-6b0ff0605a543efe
5;deeprock-66bbef3a2f0497a8
5;deeprock-6492de4d77ee46b8
5;deeprock-6468ebac4168690d
5;deeprock-646053c26e6b9260
5;deeprock-6368cbaac3a72dad
5;deeprock-5bd17d21c5bbe448
5;deeprock-537c1953026c3802
5;deeprock-453fd795de331fec
5;deeprock-3b60f18a82418c8d
5;deeprock-3aa7f8f205543f88
5;deeprock-34d03e60b2516621
5;deeprock-32ded9b839898c0d
5;deeprock-2c7aa2c20d7b56f3
5;deeprock-2960ffa595a301be
5;deeprock-28fe541fe79a5b05
5;deeprock-261245c32deeef8f
5;deeprock-1cfc31ada9c3f594
5;deeprock-1c6bd8f47ee06096
5;deeprock-12f484bf7e35d0bb
5;deeprock-03859a36ffd60e92
5;deep4
5;datasetSpencer
5;datasetSoulis
5;datasetMynard
5;darshan-mlperf-cosmoflow
5;corerho1
5;core_sub
5;cop1
5;conf5
5;conf2
5;composito_expandido
5;composito_cargas
5;comb2
5;co_15
5;cn
5;cmat6
5;cmat5
5;cmat423
5;cmat409
5;cmat408
5;cmat4
5;cmat3
5;cmat2
5;chpmedia2
5;cdw
5;cata-h2
5;cam3-opt-ti3c2o2-96
5;cam-opt-ti3c2o2-96
5;bt.B
5;bnd_100_smb6
5;bi2
5;beta_bse
5;bench6
5;bench4
5;bench3
5;bench16
5;bench12
5;band-gny
5;b-revpbe-350
5;b-ptp-2f
5;atmosphere_model
5;at390
5;astronomy-seeing
5;ash
5;arch-tuning-exp
5;apo400_500
5;anti_nmr
5;ams2025
5;amrwind-scaling192
5;amrcm_N770_mt1_run5
5;amrcm_N770_mt1_run4
5;amrcm_N770_mt1_run3
5;amrcm_N770_mt1_run2
5;amrcm_N770_mt1_run1
5;aimd-ni
5;agua-scf
5;abf_1d
5;Vac_Inserpt1
5;VO2_r_relaxFM
5;VALx
5;V1
5;Urelaxa0a0c-
5;UiCa2-M2
5;UiCa10-M2
5;UiCa-M2-TV
5;UNetGTi_GSMaP_MVK_SD2
5;UNetGTI_H100_Optimized
5;Teste2
5;Teste0
5;TesNi-Pir
5;TRS1_mapa
5;TR1_F
5;TR145_1
5;TGfr
5;TEST_B
5;Sup010
5;Std_Vg002_Vl001
5;Seriebihand
5;Seriebi_Turbo
5;S_FM_1
5;SERIEgpu
5;SERIEbi_GPU
5;SCsocAFMa-a-c+
5;SCa-a-c0AFM
5;RpenNP_production
5;RT-2mLWi
5;RORZ2
5;PocoC_FPBA_1x_Coarse
5;PocoC_FPBA_1xMET
5;PocoA-M1
5;Pir-Co
5;Phonopy_Master
5;P01fix
5;OxidoNi
5;OPT-C8
5;OL8-3
5;OL8-2
5;Ni-passo5
5;Ni-passo4
5;Ni-passo3
5;Ni-passo2
5;Ni-passo1
5;Nb_ok_1_2_neb
5;Nat
5;NM4polaron
5;N-3ch3as-3
5;N-3ch3as-20
5;N-3ch3as-19
5;N-3ch3as-18
5;N-3ch3as-17
5;N-3ch3as-16
5;N-3ch3as-15
5;N-3ch3as-14
5;N-3ch3as-13
5;N-3ch3as-12
5;N-3
5;N-2
5;Mont
5;Mo-passo1
5;Mn_mag4
5;Mn6_U
5;Mn6_J
5;MX_PBEh-3c
5;MIL-101CrCUS
5;MD_I
5;MD30
5;MD29
5;MD28
5;MD22
5;MD19
5;MD18
5;MD17
5;MD16
5;MD15
5;MD14
5;MD-25
5;M-3ch3as-8
5;M-3ch3as-13
5;M-3ch3as-11
5;Led-refine
5;L_O
5;LNP2mapa
5;LNP-CD14
5;LG_SSMI_1
5;LG_SSMI2
5;LG3
5;LAO1_LNO1_laostr;export
5;LAO1_LNO1_laostr;export
5;LAO1_LNO1_laostr;export
5;LAO1_LNO1_laostr;export
5;LAO1_LNO1_laostr;export
5;LAO1_LNO1_laostr;export
5;LAO1_LNO1_laostr;export
5;LAO1_LNO1_laostr;export
5;LAO1_LNO1_laostr;export
5;LAO1_LNO1_laostr;export
5;LAO1_LNO1_laostr;export
5;LAO1_LNO1_laostr;export
5;LAO1_LNO1_laostr;export
5;LAO1_LNO1_laostr;export
5;LAO1_LNO1_laostr;export
5;LAO1_LNO1_laostr;export
5;LAO1_LNO1_laostr;export
5;LAO1_LNO1_laostr;export
5;LAO1_LNO1_laostr;export
5;LAO1_LNO1_laostr;export
5;LAO1_LNO1_laostr;export
5;LAO1_LNO1_laostr;export
5;LAO1_LNO1_laostr;export
5;LAO1_LNO1_laostr;export
5;LAO1_LNO1_laostr;export
5;LAO1_LNO1_laostr;export
5;LAO1_LNO1_laostr;export
5;LAO1_LNO1_laostr;export
5;LAO1_LNO1_laostr;export
5;LAO1_LNO1_laostr;export
5;LAO1_LNO1_laostr;export
5;LAO1_LNO1_laostr;export
5;LAO1_LNO1_laostr;export
5;LAO1_LNO1_laostr;export
5;LAO1_LNO1_laostr;export
5;LAO1_LNO1_laostr;export
5;LAO1_LNO1_laostr;export
5;LAO1_LNO1_laostr;export
5;LAO1_LNO1_laostr;export
5;LAO1_LNO1_laostr;export
5;LAO1_LNO1_laostr;export
5;LAO1_LNO1_laostr;export
5;LAO1_LNO1_laostr;export
5;LAO1_LNO1_laostr;export
5;LAO1_LNO1_laostr;export
5;LAO1_LNO1_laostr;export
5;LAO1_LNO1_laostr;export
5;LAO1_LNO1_laostr;export
5;JOB-MO
5;InGaP-CuAu-0.50
5;IV4_eval
5;IV4_LATAM_MVK_2018_2023_SD2
5;HSE_C20_srun
5;HSE_C20
5;HM_7x7train
5;Gt1
5;GdNi2_NM
5;G_CIPS_isol_frozen
5;GSFE-AB-Cs2ṔbBr4
5;GQCA40-F23
5;G-2DCo
5;Fe_BPN
5;FeNP-opD
5;FT_Marlin
5;FPBnA_1bpm_2x_best
5;FM8polaron
5;FLconsev50
5;FLconsev40
5;FAfepr3_2_2
5;FAfepr3_1_2
5;FAfep_r2_2_2
5;FA3_fep2
5;EuB6_diffU
5;EXT_TR1
5;ERB2_pV842I3_restart
5;ERB2_pV842I2_restart
5;EGFR_pT847K3_restart
5;EGFR_pT847K2_restart
5;EGFR2_restart
5;EGFR1_restart
5;DeepQ4XS
5;DeepConvLSTM_MVK2023_SD2
5;DOS_zb_C25
5;DM_02Graphene
5;DARSHAN
5;D3T313pH7_r60
5;D3T313pH7_r30
5;D3T313pH7_catdcd
5;D3T313pH6_r30
5;D3T313pH6_catdcd
5;D3T313pH5_r60
5;D3T313pH5_r30
5;D3T310pH7_r60
5;D3T310pH7_r30
5;D3T310pH7_catdcd
5;D3T310pH6_r63
5;D3T310pH6_r30
5;D3T310pH6_catdcd
5;D3T310pH5_r60
5;D3T310pH5_r30
5;D3T301pH7_r60
5;D3T301pH7_r54
5;D3T301pH7_r30
5;D3T301pH7_catdcd
5;D3T301pH6_r30
5;D3T301pH6_catdcd
5;D3T301pH5_r60
5;D3T301pH5_r30
5;D2T313pH7_r60
5;D2T313pH7_r30
5;D2T313pH7_catdcd
5;D2T313pH6_r30
5;D2T313pH6_catdcd
5;D2T313pH5_r61
5;D2T313pH5_r30
5;D2T310pH7_r60
5;D2T310pH7_r30
5;D2T310pH7_catdcd
5;D2T310pH6_r30
5;D2T310pH6_catdcd
5;D2T310pH5_r60
5;D2T310pH5_r30
5;D2T301pH7_r56
5;D2T301pH7_r30
5;D2T301pH7_catdcd
5;D2T301pH6_r30
5;D2T301pH6_catdcd
5;D2T301pH5_r60
5;D2T301pH5_r30
5;CuPc_far
5;CsPbI3-ABX4
5;Constx1
5;Co_NM
5;CoAsOCH33
5;Co-pol
5;Co-passo5
5;Co-passo4
5;Co-passo3
5;Co-passo2
5;Co-passo1
5;Co-hse
5;Cd_NM
5;CdTe_wz_zpr1
5;CdTe_wz_distorted
5;CdTe_w_rlx
5;CdTeSe_zb_C24
5;CdTeSe_zb_C23
5;CdTeSe_zb_C22
5;CdTeSe_zb_C21
5;CdTeSe_zb_C20
5;CdTeSe_zb_C19
5;CdTeSe_zb_C18
5;CdTeSe_zb_C17
5;CdTeSe_zb_C15
5;CdTeSe_zb_C14
5;CdTeSe_zb_C13
5;CdTeSe_zb_C12
5;CdTeSe_zb_C10
5;CdSe_zb_rlx
5;CdSe_w_soc
5;Caso1_E3_bottom
5;Caso12_E3_bottom
5;CN_SA_v2_checkpoint.py
5;CLUSTER_27
5;CLUSTER_26
5;CLUSTER_24
5;CLUSTER_23
5;CLUSTER_22
5;CIPS_workflow
5;CE20gr
5;CE20-rest12
5;CD36-only
5;CD-2DNi
5;C19-2
5;BTonly
5;BTfep1_2
5;BHP_H2_tr
5;BHPLate
5;BC-t6
5;B3FPBA
5;Au-Cs2PbBr4
5;Au-3N-top_poly
5;AttConvLSTM-06min-03img-Lightning-QC
5;AsSCH33-Ni
5;Anil2DMo
5;Ana_dbg
5;Ame_b8x6
5;Al-3N-top_poly
5;Al-2N-top_poly
5;Al-1N-top_poly
5;Ag2O_orca
5;Ag-3N-top_poly
5;Ag-2N-top_poly
5;Ag-1N-top_poly
5;AW-abl-spinup-2
5;AFM_criterioso
5;AF-eef
5;A3FPBnA
5;A39W1
5;9eus
5;8-32-vitmae
5;8-2ds-opt-ti3c2o2-48
5;78
5;67
5;64
5;4x3-af
5;42pospore6c
5;42pospore6b
5;42pospore6a
5;42poslayer
5;4230_50
5;4230_20_30
5;40prod
5;4-3
5;4-2
5;3twq
5;3O-hH
5;363_2MIN
5;36-42
5;34
5;32-8-vitmae
5;300K-npt-50
5;300K
5;2x2x1
5;2vcy
5;2ipp
5;2i4q
5;2hci_rerun
5;2h2n
5;2fmxene-ti3c2o2
5;2dvw
5;2Fed
5;2DNiAsOC
5;2DCoPir
5;2DCoAsH3
5;2DCo
5;2533FL30
5;25%
5;24inse0mxene-opt
5;21POSpore6c
5;21POSpore6b
5;21POSpore-1
5;20prod
5;1topA
5;1mzw
5;1703-D
5;12-4tddft40-ti3c2o2
5;1112
5;1020prod3
5;1020min1
5;100_P
5;100MoAnil
5;057.03.4md.slurm
5;057.02.1md.slurm
5;002
5;0.01-bulk-relax
4;zip
4;xtbFES2
4;xtbFES
4;x1li1amd
4;x0li1amd
4;wantbxs_1
4;vofC2low
4;vofC26low
4;vofC26dyn
4;vofC25dyn
4;vofC1std
4;vofC17low
4;vofC17dyn
4;vofC16dyn
4;vofC14low
4;v_test
4;v-r
4;uptime
4;ups_mp
4;uprof_fs
4;ucx_info
4;ucc-ib-cuda.sh
4;uc+-1
4;txtal2
4;twopopore2a
4;twopopore-555777
4;tunning_UNet-12min-03img-Lightning-QC
4;tunning_ConvLSTM-12min-03img-Lightning-QC
4;treinPOSCAR2
4;tree_md19_R4
4;tree_md19_R3
4;tree_md19_R1
4;tree_md15_R4
4;tree_md12_R1
4;tree_md10_R5
4;train-BERT800
4;time
4;tgt52_1
4;tgt51_1
4;testeh200
4;teste_tempo
4;teste_perpen_s
4;teste_perpen_hollow
4;teste_perpen_bridge
4;teste_62
4;teste_61
4;teste_60
4;teste_59
4;teste_58
4;teste_57
4;teste_56
4;teste_55
4;teste_54
4;teste_461
4;teste_456
4;teste_448
4;teste_443
4;teste_426
4;teste_119
4;teste_118
4;teste_116
4;teste_114
4;teste_112
4;teste-willian
4;teste-RMN-1
4;test_gb.sh
4;test_alloc
4;test_GPU
4;testPython
4;tchivango_dprx_npz
4;t_hg_t_plane_water
4;t_hg_t_76362_water
4;t_hg_t_24241_water
4;t_hg_t_103206_water
4;t-gh200
4;sym4opt-ti3c2o2
4;superficie
4;submit_adsorbate_scan.slurm
4;sub_test-gpu.sh
4;sub_oneapi.25.3.outro.srm
4;sub2_post_h100
4;strl_7
4;strl_6
4;strl_5
4;strl_4
4;strl_3
4;strl_2
4;strl_1
4;st1_nocl
4;srbu2amd
4;sq_wan
4;sp-mz.F.x
4;smear2
4;slurm_script_julio
4;slab111_rel_smb6
4;slab110_smb6
4;sisso_c002_m004
4;sisso_c002_m003
4;sisso_c002_m002
4;sisso_c002_m001
4;sig1525
4;sibyll_proton_14_17_080
4;sft_llama31_70b_opt
4;seg_freeze_v4_adamw
4;seg_2
4;sdumont_dev2.sh
4;scf03
4;scf00
4;sc1CIO3LNOAFMG
4;sam_f3
4;sam_cpr_0
4;s111-uio66_2
4;s-4
4;run_simtel_beta
4;run_deepOnet-predict_float32_poly.srm
4;run_deepOnet-predict_float32_dt0.1_ori.srm
4;run_deepOnet-predict3.srm
4;run_ADM6.sh
4;run_4
4;run5_3
4;ru-w
4;rspflapw_writeend.exe
4;rn50_0
4;rmefC1mars
4;rmefC1
4;rlxlno_lfo_42
4;rixs-16
4;revpbe-d3bj-350
4;rerun_no_water_7wk6_Omicron_complex
4;rerun_ace2
4;rerun_Ddamn_pt1
4;rerun_6m0j_wild_complex
4;relax_pyro
4;relaxSOC1CIO3LNOAAFMdown
4;relaxSOC1CIO1LNOAFM
4;relax3CIO1LNOFM
4;relax2CIO2LNOAFMA
4;relax1CIO3LNOFM
4;re_SIGDSA
4;re_CISR2
4;raft_md_R4
4;raft_md_R3
4;r5_102prod5
4;r510_20
4;r4mfq
4;r4_90_100
4;r4_80_90
4;r4_70_80
4;r3_1020prod3
4;r2_md0
4;r2_1020prod4
4;r1_70_80
4;r-4no2
4;qfi_120
4;pytorch
4;python
4;ptp-2f
4;ps
4;protFUN6
4;protFUN4
4;protFUN3
4;pos12P
4;polaron6
4;polaron1
4;poisson3d_stable
4;poisson3d_py_mg
4;poisson2d_petsc_gpu
4;piriOH-H2Of2
4;piri2H2O_5th
4;phs24
4;pho_eos_relax
4;petsc_check
4;perm_gen
4;pe_forced
4;pe-1
4;pe+6
4;pdos1-h
4;pca_N
4;pbee_test
4;pbe-d3bj-300
4;parihaka_swinunetr_2
4;paperSS_X02-bilstm-tdhead_CV=Pull-R1S5FCV_input_subset11_Class2=ROI=FP-PPad_pacman
4;paperSS_104-unetX2_CV=Pull-R1S5FCV_input=subset11_Classes=2_ROI=pb-20-40-60-80-PPad_pacman_PREDICTIONS
4;paperSS_104-unetX2_CV=Pull-R1S5FCV_input=subset11_Classes=2_ROI=pb-20-40-60-80-PPad_pacman
4;paperSS_103-bilstm_encoder_CV=Pull-R1S5FCV_input_subset11_Class2=ROI=segfix32-8_pacman_PREDICTIONS
4;paperSS_103-bilstm_encoder_CV=Pull-R1S5FCV_input_subset11_Class2=ROI=segfix128-8_pacman_PREDICTIONS
4;paperSS_103-bilstm_encoder_CV=Pull-R1S5FCV_input_subset11_Class2=ROI=pb-30-60-PPad_pacman_PREDICTIONS
4;paperSS_103-bilstm_encoder_CV=Pull-R1S5FCV_input_subset11_Class2=ROI=pb-25-50-75-PPad_pacman_PREDICTIONS
4;paperSS_103-bilstm_encoder_CV=Pull-R1S5FCV_input_subset11_Class2=ROI=pb-20-40-60-80-PPad_pacman_PREDICTIONS
4;paperSS_103-bilstm_encoder_CV=Pull-R1S5FCV_input_subset11_Class2=ROI=pb-10-20-30-40-50-60-70-80-90-PPad_pacman_PREDICTIONS
4;paperSS_103-bilstm_encoder_CV=Pull-R1S5FCV_input_subset11_Class2=ROI=FP-ZPad_pacman_PREDICTIONS
4;paperSS_103-bilstm_encoder_CV=Pull-R1S5FCV_input_subset11_Class2=ROI=FP-PPad_pacman_PREDICTIONS
4;paperSS_102-unetX2_CV=Pull-R1S5FCV_input=subset11_Classes=2_ROI=pb-25-50-75-PPad_pacman
4;paperSS_102-unetX2_CV=Pull-R1S5FCV_input=subset11_Classes=2_ROI=pb-20-40-60-80-PPad_pacman
4;paperSS_102-bilstm_encoder_CV=Pull-R1S5FCV_input_subset11_Class2=ROI=segfix32-8_pacman_PREDICTIONS
4;paperSS_102-bilstm_encoder_CV=Pull-R1S5FCV_input_subset11_Class2=ROI=segfix128-8_pacman_PREDICTIONS
4;paperSS_102-bilstm_encoder_CV=Pull-R1S5FCV_input_subset11_Class2=ROI=pb-30-60-PPad_pacman_PREDICTIONS
4;paperSS_102-bilstm_encoder_CV=Pull-R1S5FCV_input_subset11_Class2=ROI=pb-25-50-75-PPad_pacman_PREDICTIONS
4;paperSS_102-bilstm_encoder_CV=Pull-R1S5FCV_input_subset11_Class2=ROI=pb-20-40-60-80-PPad_pacman_PREDICTIONS
4;paperSS_102-bilstm_encoder_CV=Pull-R1S5FCV_input_subset11_Class2=ROI=pb-10-20-30-40-50-60-70-80-90-PPad_pacman_PREDICTIONS
4;paperSS_102-bilstm_encoder_CV=Pull-R1S5FCV_input_subset11_Class2=ROI=FP-ZPad_pacman_PREDICTIONS
4;paperSS_102-bilstm_encoder_CV=Pull-R1S5FCV_input_subset11_Class2=ROI=FP-PPad_pacman_PREDICTIONS
4;paperSS_101-bilstm_encoder_CV=Pull-R1S5FCV_input_subset11_Class2=ROI=segfix32-8_pacman_PREDICTIONS
4;paperSS_101-bilstm_encoder_CV=Pull-R1S5FCV_input_subset11_Class2=ROI=segfix128-8_pacman_PREDICTIONS
4;paperSS_101-bilstm_encoder_CV=Pull-R1S5FCV_input_subset11_Class2=ROI=pb-30-60-PPad_pacman_PREDICTIONS
4;paperSS_101-bilstm_encoder_CV=Pull-R1S5FCV_input_subset11_Class2=ROI=pb-25-50-75-PPad_pacman_PREDICTIONS
4;paperSS_101-bilstm_encoder_CV=Pull-R1S5FCV_input_subset11_Class2=ROI=pb-20-40-60-80-PPad_pacman_PREDICTIONS
4;paperSS_101-bilstm_encoder_CV=Pull-R1S5FCV_input_subset11_Class2=ROI=pb-10-20-30-40-50-60-70-80-90-PPad_pacman_PREDICTIONS
4;paperSS_101-bilstm_encoder_CV=Pull-R1S5FCV_input_subset11_Class2=ROI=FP-ZPad_pacman_PREDICTIONS
4;paperSS_101-bilstm_encoder_CV=Pull-R1S5FCV_input_subset11_Class2=ROI=FP-PPad_pacman_PREDICTIONS
4;paperSS_101-bilstm_CV=Pull-R1S5FCV_input_subset11_Class2=ROI=FP-ZPad_pacman
4;paperSS_101-bilstm_CV=Pull-R1S5FCV_input_subset11_Class2=ROI=FP-PPad_pacman
4;paperSS_101-bilstm_CV=Pull-R1S5FCV_input_subset07_Class2=ROI=FP-ZPad_pacman
4;paperSS_101-bilstm_CV=Pull-R1S5FCV_input_subset07_Class2=ROI=FP-PPad_pacman
4;paperSS_101-bilstm-tdhead_CV=Pull-R1S5FCV_input_subset11_Class2=ROI=FP-ZPad_pacman
4;paperSS_101-bilstm-tdhead_CV=Pull-R1S5FCV_input_subset11_Class2=ROI=FP-PPad_pacman
4;paperSS_101-bilstm-tdhead_CV=Pull-R1S5FCV_input_subset07_Class2=ROI=FP-ZPad_pacman
4;paperSS_101-bilstm-tdhead_CV=Pull-R1S5FCV_input_subset07_Class2=ROI=FP-PPad_pacman
4;paperSS_100-unetX2_CV=Pull-R1S5FCV_input=subset11_Classes=3-TH=0.15_ROI=segfix32-8_pacman_PREDICTIONS
4;paperSS_100-unetX2_CV=Pull-R1S5FCV_input=subset11_Classes=3-TH=0.15_ROI=segfix128-8_pacman_PREDICTIONS
4;paperSS_100-unetX2_CV=Pull-R1S5FCV_input=subset11_Classes=3-TH=0.15_ROI=pb-30-60-PPad_pacman_PREDICTIONS
4;paperSS_100-unetX2_CV=Pull-R1S5FCV_input=subset11_Classes=3-TH=0.15_ROI=pb-25-50-75-PPad_pacman_PREDICTIONS
4;paperSS_100-unetX2_CV=Pull-R1S5FCV_input=subset11_Classes=3-TH=0.15_ROI=pb-20-40-60-80-PPad_pacman_PREDICTIONS
4;paperSS_100-unetX2_CV=Pull-R1S5FCV_input=subset11_Classes=3-TH=0.15_ROI=pb-10-20-30-40-50-60-70-80-90-PPad_pacman_PREDICTIONS
4;paperSS_100-unetX2_CV=Pull-R1S5FCV_input=subset11_Classes=3-TH=0.15_ROI=FP-ZPad_pacman_PREDICTIONS
4;paperSS_100-unetX2_CV=Pull-R1S5FCV_input=subset11_Classes=3-TH=0.15_ROI=FP-PPad_pacman_PREDICTIONS
4;paperSS_100-unetX2_CV=Pull-R1S5FCV_input=subset11_Classes=3-TH=0.12_ROI=segfix32-8_pacman_PREDICTIONS
4;paperSS_100-unetX2_CV=Pull-R1S5FCV_input=subset11_Classes=3-TH=0.12_ROI=segfix128-8_pacman_PREDICTIONS
4;paperSS_100-unetX2_CV=Pull-R1S5FCV_input=subset11_Classes=3-TH=0.12_ROI=pb-30-60-PPad_pacman_PREDICTIONS
4;paperSS_100-unetX2_CV=Pull-R1S5FCV_input=subset11_Classes=3-TH=0.12_ROI=pb-25-50-75-PPad_pacman_PREDICTIONS
4;paperSS_100-unetX2_CV=Pull-R1S5FCV_input=subset11_Classes=3-TH=0.12_ROI=pb-20-40-60-80-PPad_pacman_PREDICTIONS
4;paperSS_100-unetX2_CV=Pull-R1S5FCV_input=subset11_Classes=3-TH=0.12_ROI=pb-10-20-30-40-50-60-70-80-90-PPad_pacman_PREDICTIONS
4;paperSS_100-unetX2_CV=Pull-R1S5FCV_input=subset11_Classes=3-TH=0.12_ROI=FP-ZPad_pacman_PREDICTIONS
4;paperSS_100-unetX2_CV=Pull-R1S5FCV_input=subset11_Classes=3-TH=0.12_ROI=FP-PPad_pacman_PREDICTIONS
4;paperSS_100-unetX2_CV=Pull-R1S5FCV_input=subset11_Classes=3-TH=0.08_ROI=segfix32-8_pacman_PREDICTIONS
4;paperSS_100-unetX2_CV=Pull-R1S5FCV_input=subset11_Classes=3-TH=0.08_ROI=segfix128-8_pacman_PREDICTIONS
4;paperSS_100-unetX2_CV=Pull-R1S5FCV_input=subset11_Classes=3-TH=0.08_ROI=pb-30-60-PPad_pacman_PREDICTIONS
4;paperSS_100-unetX2_CV=Pull-R1S5FCV_input=subset11_Classes=3-TH=0.08_ROI=pb-25-50-75-PPad_pacman_PREDICTIONS
4;paperSS_100-unetX2_CV=Pull-R1S5FCV_input=subset11_Classes=3-TH=0.08_ROI=pb-20-40-60-80-PPad_pacman_PREDICTIONS
4;paperSS_100-unetX2_CV=Pull-R1S5FCV_input=subset11_Classes=3-TH=0.08_ROI=pb-10-20-30-40-50-60-70-80-90-PPad_pacman_PREDICTIONS
4;paperSS_100-unetX2_CV=Pull-R1S5FCV_input=subset11_Classes=3-TH=0.08_ROI=FP-ZPad_pacman_PREDICTIONS
4;paperSS_100-unetX2_CV=Pull-R1S5FCV_input=subset11_Classes=3-TH=0.08_ROI=FP-PPad_pacman_PREDICTIONS
4;paperSS_100-unetX2_CV=Pull-R1S5FCV_input=subset11_Classes=3-TH=0.07_ROI=segfix32-8_pacman_PREDICTIONS
4;paperSS_100-unetX2_CV=Pull-R1S5FCV_input=subset11_Classes=3-TH=0.07_ROI=segfix128-8_pacman_PREDICTIONS
4;paperSS_100-unetX2_CV=Pull-R1S5FCV_input=subset11_Classes=3-TH=0.07_ROI=pb-30-60-PPad_pacman_PREDICTIONS
4;paperSS_100-unetX2_CV=Pull-R1S5FCV_input=subset11_Classes=3-TH=0.07_ROI=pb-25-50-75-PPad_pacman_PREDICTIONS
4;paperSS_100-unetX2_CV=Pull-R1S5FCV_input=subset11_Classes=3-TH=0.07_ROI=pb-20-40-60-80-PPad_pacman_PREDICTIONS
4;paperSS_100-unetX2_CV=Pull-R1S5FCV_input=subset11_Classes=3-TH=0.07_ROI=pb-10-20-30-40-50-60-70-80-90-PPad_pacman_PREDICTIONS
4;paperSS_100-unetX2_CV=Pull-R1S5FCV_input=subset11_Classes=3-TH=0.07_ROI=FP-ZPad_pacman_PREDICTIONS
4;paperSS_100-unetX2_CV=Pull-R1S5FCV_input=subset11_Classes=3-TH=0.07_ROI=FP-PPad_pacman_PREDICTIONS
4;paperSS_100-unetX2_CV=Pull-R1S5FCV_input=subset11_Classes=3-TH=0.04_ROI=segfix32-8_pacman_PREDICTIONS
4;paperSS_100-unetX2_CV=Pull-R1S5FCV_input=subset11_Classes=3-TH=0.04_ROI=segfix128-8_pacman_PREDICTIONS
4;paperSS_100-unetX2_CV=Pull-R1S5FCV_input=subset11_Classes=3-TH=0.04_ROI=pb-30-60-PPad_pacman_PREDICTIONS
4;paperSS_100-unetX2_CV=Pull-R1S5FCV_input=subset11_Classes=3-TH=0.04_ROI=pb-25-50-75-PPad_pacman_PREDICTIONS
4;paperSS_100-unetX2_CV=Pull-R1S5FCV_input=subset11_Classes=3-TH=0.04_ROI=pb-20-40-60-80-PPad_pacman_PREDICTIONS
4;paperSS_100-unetX2_CV=Pull-R1S5FCV_input=subset11_Classes=3-TH=0.04_ROI=pb-10-20-30-40-50-60-70-80-90-PPad_pacman_PREDICTIONS
4;paperSS_100-unetX2_CV=Pull-R1S5FCV_input=subset11_Classes=3-TH=0.04_ROI=FP-ZPad_pacman_PREDICTIONS
4;paperSS_100-unetX2_CV=Pull-R1S5FCV_input=subset11_Classes=3-TH=0.03_ROI=segfix32-8_pacman_PREDICTIONS
4;paperSS_100-unetX2_CV=Pull-R1S5FCV_input=subset11_Classes=3-TH=0.03_ROI=segfix128-8_pacman_PREDICTIONS
4;paperSS_100-unetX2_CV=Pull-R1S5FCV_input=subset11_Classes=3-TH=0.03_ROI=pb-30-60-PPad_pacman_PREDICTIONS
4;paperSS_100-unetX2_CV=Pull-R1S5FCV_input=subset11_Classes=3-TH=0.03_ROI=pb-25-50-75-PPad_pacman_PREDICTIONS
4;paperSS_100-unetX2_CV=Pull-R1S5FCV_input=subset11_Classes=3-TH=0.03_ROI=pb-20-40-60-80-PPad_pacman_PREDICTIONS
4;paperSS_100-unetX2_CV=Pull-R1S5FCV_input=subset11_Classes=3-TH=0.03_ROI=pb-10-20-30-40-50-60-70-80-90-PPad_pacman_PREDICTIONS
4;paperSS_100-unetX2_CV=Pull-R1S5FCV_input=subset11_Classes=3-TH=0.03_ROI=FP-ZPad_pacman_PREDICTIONS
4;paperSS_100-unetX2_CV=Pull-R1S5FCV_input=subset11_Classes=3-TH=0.03_ROI=FP-PPad_pacman_PREDICTIONS
4;paperSS_100-bilstm_CV=Pull-R1S5FCV_input_subset11_Class2=ROI=segfix32-8_pacman
4;paperSS_100-bilstm_CV=Pull-R1S5FCV_input_subset11_Class2=ROI=segfix128-8_pacman
4;paperSS_100-bilstm_CV=Pull-R1S5FCV_input_subset11_Class2=ROI=FP-ZPad_pacman
4;paperSS_100-bilstm_CV=Pull-R1S5FCV_input_subset11_Class2=ROI=FP-PPad_pacman
4;paperSS_100-bilstm_CV=Pull-R1S5FCV_input_subset07_Class2=ROI=segfix32-8_pacman
4;paperSS_100-bilstm_CV=Pull-R1S5FCV_input_subset07_Class2=ROI=segfix128-8_pacman
4;paperSS_100-bilstm_CV=Pull-R1S5FCV_input_subset07_Class2=ROI=FP-ZPad_pacman
4;paperSS_100-bilstm_CV=Pull-R1S5FCV_input_subset07_Class2=ROI=FP-PPad_pacman
4;paperSS_100-bilstm-tdhead_CV=Pull-R1S5FCV_input_subset07_Class2=ROI=FP-ZPad_pacman
4;paperSS_100-bilstm-tdhead_CV=Pull-R1S5FCV_input_subset07_Class2=ROI=FP-PPad_pacman
4;pack1
4;p40_50r3
4;p3-collectl-extractor
4;ollama_serve
4;nvtop
4;nvt_R4
4;nvt_R3
4;nowcast_v14
4;nowcast_v13
4;nk
4;nis26x6
4;nh36.nat
4;neutraP
4;net-test.slurm
4;neb_1
4;neb-semD3
4;neb-s1
4;nea4
4;n150
4;mol3dmso
4;mod2cube
4;miniAMR
4;minerva-e47b3d01c2fb491c
4;minerva-dg-commands_training_domain_validation_sdmix_adam_lr-0.001_best_20hz
4;minerva-dg-commands_training_domain_validation_rdm_adam_lr-0.001
4;minerva-dg-commands_training_domain_validation_2_domains_shuffled_group_dro_adam_lr-0.001
4;minerva-dg-commands_training_domain_validation_2_domains_shuffled_group_dro_adam_lr-0.0001
4;minerva-dg-commands_training_domain_validation_2_domains_shuffled_erm_adam_lr-0.001
4;minerva-dg-commands_training_domain_validation_2_domains_shuffled_erm_adam_lr-0.0001
4;minerva-dg-commands_training_domain_validation_2_domains_shuffled_coral_adam_lr-0.0001
4;minerva-94fcd4fa5874e622
4;minerva-859af31763b97048
4;minerva-851efa47849d3c73
4;minerva-849458ad292bd3f7
4;minerva-81d5084b6cd92d86
4;minerva-7fd5fc17f8a2a239
4;minerva-7016563318620d3b
4;minerva-61b615abd4fab84d
4;minerva-540b08c645da7a5b
4;minerva-4e29c0d72ccd8a85
4;minerva-41a7bd62c7c26d39
4;minerva-3fd4d5ef38b3d53f
4;minerva-39c29cb71a05b290
4;minerva-28396754034bf213
4;minerva-1bf12e2c61552b8e
4;minerva-151a09b791918998
4;minerva-0ea7f7ee1751ffee
4;minerva-098ad20097d2dc0d
4;minerva-07584d30f78a90e6
4;mim
4;md_PT02
4;md27_R1
4;md20_R1
4;md19_R4
4;md18_R3
4;md16_R3
4;md10_R5
4;matdyn.x
4;mapa_interacao
4;m808
4;m8-pdos
4;m8-111-2
4;m101
4;lu.B.x
4;lu-mz.F.x
4;log_md8_R2
4;log_md3_R3
4;log_md36_R1
4;log_md2_R3
4;log_md29_R6
4;log_md29_R3
4;log_md28_R4
4;log_md25_R2
4;log_md1_R5
4;log_md1_R4
4;log_md1_R3
4;log_md1_R2
4;log_md1_R1
4;lno_lfo_1_1
4;llama2_inference
4;lig_1_prod
4;lammps+HEAT+container-dockerhub
4;lammpexemp-02-MLFF-VASP-lammps-lncc
4;job_metgrid
4;job_lncc_gpu
4;job_fastfarm
4;janiado
4;janela13
4;jacobi_streams_events
4;j9_j12
4;isoA
4;is.A
4;io500
4;init_endpoints.sh
4;imgnet_600_r0
4;ibstatus
4;hse06
4;hopscotch-padding
4;higher
4;hello_world.sh
4;hello_job.sh
4;hL-2O
4;hH-stm
4;h4_1020
4;h3_1020
4;h2_1020
4;h1_1020
4;h
4;gromacs_shared
4;graph
4;gpu-test
4;gmxmin
4;gm_tup48
4;gh43_50_60
4;gh128_u_17
4;gh128_u_16
4;get_hillas_fr.sh
4;full_finetune_job_p_fseam_ai_N_r2
4;full_finetune_job_p_fseam_ai_N_r1
4;full_finetune_job_p_fseam_ai_N_r0
4;full_finetune_job_p_ff3_N_r2
4;full_finetune_job_p_ff3_N_r1
4;full_finetune_job_p_ff3_N_r0
4;freeze_dispatch.sh
4;form
4;fm+eef
4;flavitreinamentoco2
4;filter_cm
4;fi_72
4;fi48
4;fbase-100
4;f16mxene-ti3c2o2
4;exec_oneapi.25.3.outro
4;exact_Fe
4;eval_FTConvLSTM-12min-03img-Lightning-QC-ET35
4;etupgh1
4;etu_gh_4
4;erro_F
4;epstest
4;eps_co15
4;ef-pos-cips
4;ech_h_1g
4;ebugh_3b
4;e2co.index39.try3
4;e2co.index39.try2
4;e2co.index39.try1
4;e2co.index39.try0
4;e2co.index38.try3
4;e2co.index38.try2
4;e2co.index38.try1
4;e2co.index38.try0
4;dyna_0
4;dosSOC1CIO1LNOAFM
4;dos2CIO2LNOFM
4;dos2CIO2LNOAFMG
4;dos2CIO2LNOAFMA
4;dos1CIO1LNOFM
4;dockdesign_hybrid
4;dockdesign
4;dispatch_v4_ft.sh
4;dft+u12SmB6_NM_fino
4;def25tu2
4;deepxde_poisson-subM2
4;deeprock-f46199e73a9d01b2
4;deeprock-e9457cf0b5fc8c67
4;deeprock-e8b54ad063522ea8
4;deeprock-e4a669825a109ff9
4;deeprock-e3c24af9ba78163b
4;deeprock-e34ed91661bdaaf9
4;deeprock-e02a8f594dcc2d41
4;deeprock-dfd20fecd2cfc979
4;deeprock-dfb684e67f6f75eb
4;deeprock-df8710ccdaa918d7
4;deeprock-df6ac06f8a915bdb
4;deeprock-cdd190478404f612
4;deeprock-cc0481be259fbb5d
4;deeprock-c7098e664938c3fd
4;deeprock-c3a5cad23d5eed82
4;deeprock-befdc3c42b49bec9
4;deeprock-beb4b763104121a2
4;deeprock-b860a2547b586152
4;deeprock-b77a2683b49a0d3f
4;deeprock-b294d52d00cdd959
4;deeprock-aa5ef5b58948a42c
4;deeprock-a8f8d4504df12a31
4;deeprock-a490e4d0938bd244
4;deeprock-a07a247d30c324d2
4;deeprock-9f569967eb0ae7f3
4;deeprock-9dee3268f6ba3e78
4;deeprock-9ddd3cc282c05a7d
4;deeprock-9a96a7f780414c2e
4;deeprock-8b8827080040cc02
4;deeprock-82822c4fc7c6941b
4;deeprock-7d17fc611458e206
4;deeprock-7acd4f1492c1b3ea
4;deeprock-785600c62a4ccf69
4;deeprock-743f34cef1a8edd0
4;deeprock-7258fd4e9e5853df
4;deeprock-6b4edc98021caac4
4;deeprock-6b00fb7c676cd9c5
4;deeprock-6805a4fa83d074cf
4;deeprock-66e0d7a2abcb737e
4;deeprock-656761ef4efc2974
4;deeprock-61675abd9fca0a51
4;deeprock-5e90126262de2840
4;deeprock-5a93097f9db90bb8
4;deeprock-585c3b7e97398176
4;deeprock-55faf1fae0a57ba2
4;deeprock-54cf5f8bbd01fbc2
4;deeprock-4c93a5424d72c7da
4;deeprock-42f9642de6ad002c
4;deeprock-407074d927bad4c4
4;deeprock-3ba2fe7018448afa
4;deeprock-3b6ca57f9f38ae61
4;deeprock-306c7fd71e21c187
4;deeprock-2fa2f0c7426144e0
4;deeprock-2c614ca01d2c3919
4;deeprock-280598bc1523f3a0
4;deeprock-27c391360ee9ca27
4;deeprock-1fd9aac2d8ba5336
4;deeprock-1b509e688c8e6d3e
4;deeprock-181244a29ce0ffeb
4;deeprock-14efaf42a7a9200b
4;deeprock-13254b6620d343e7
4;deeprock-0d4c66841dc52bf4
4;deeprock-0baf5d3a915fac23
4;deeprock-043f813ab9a83aaa
4;deeprock-033ba5a321b4c867
4;dcpr1
4;dbra2
4;darshan-cosmoflow-full
4;d3-revpbe-300
4;d25lib2b
4;d25lib2a
4;cxbl01
4;cupc
4;cuo-ach
4;cu-h2s
4;cu-elec
4;cu
4;csag
4;cs2
4;crpropa
4;cristal_expandido
4;create-voronoi-operator.jl
4;corr_new2_exp
4;corr_new2_damp05_104
4;coq36
4;conf50
4;conf4
4;conf3
4;conf115
4;composito3.in
4;code-rosetta
4;co2biteste
4;cmat99
4;cmat98
4;cmat97
4;cmat96
4;cmat95
4;cmat94
4;cmat93
4;cmat92
4;cmat91
4;cmat90
4;cmat9
4;cmat89
4;cmat88
4;cmat87
4;cmat86
4;cmat85
4;cmat84
4;cmat83
4;cmat82
4;cmat81
4;cmat80
4;cmat8
4;cmat79
4;cmat78
4;cmat77
4;cmat76
4;cmat75
4;cmat74
4;cmat73
4;cmat72
4;cmat71
4;cmat70
4;cmat7
4;cmat69
4;cmat68
4;cmat67
4;cmat66
4;cmat65
4;cmat64
4;cmat63
4;cmat62
4;cmat61
4;cmat60
4;cmat59
4;cmat58
4;cmat57
4;cmat56
4;cmat55
4;cmat54
4;cmat53
4;cmat52
4;cmat51
4;cmat500
4;cmat50
4;cmat499
4;cmat498
4;cmat497
4;cmat496
4;cmat495
4;cmat494
4;cmat493
4;cmat492
4;cmat491
4;cmat490
4;cmat49
4;cmat489
4;cmat488
4;cmat487
4;cmat486
4;cmat485
4;cmat484
4;cmat483
4;cmat482
4;cmat481
4;cmat480
4;cmat48
4;cmat479
4;cmat478
4;cmat477
4;cmat476
4;cmat475
4;cmat474
4;cmat473
4;cmat472
4;cmat471
4;cmat470
4;cmat47
4;cmat469
4;cmat468
4;cmat467
4;cmat466
4;cmat465
4;cmat464
4;cmat463
4;cmat462
4;cmat461
4;cmat460
4;cmat46
4;cmat459
4;cmat458
4;cmat457
4;cmat456
4;cmat455
4;cmat454
4;cmat453
4;cmat452
4;cmat451
4;cmat450
4;cmat45
4;cmat449
4;cmat448
4;cmat447
4;cmat446
4;cmat445
4;cmat444
4;cmat443
4;cmat442
4;cmat441
4;cmat440
4;cmat44
4;cmat439
4;cmat438
4;cmat437
4;cmat436
4;cmat435
4;cmat434
4;cmat433
4;cmat432
4;cmat431
4;cmat430
4;cmat43
4;cmat429
4;cmat428
4;cmat427
4;cmat426
4;cmat425
4;cmat424
4;cmat422
4;cmat421
4;cmat420
4;cmat42
4;cmat419
4;cmat418
4;cmat417
4;cmat416
4;cmat415
4;cmat414
4;cmat413
4;cmat412
4;cmat411
4;cmat410
4;cmat41
4;cmat407
4;cmat406
4;cmat405
4;cmat404
4;cmat403
4;cmat402
4;cmat401
4;cmat400
4;cmat40
4;cmat399
4;cmat398
4;cmat397
4;cmat396
4;cmat395
4;cmat394
4;cmat393
4;cmat392
4;cmat391
4;cmat390
4;cmat39
4;cmat389
4;cmat388
4;cmat387
4;cmat386
4;cmat385
4;cmat384
4;cmat383
4;cmat382
4;cmat381
4;cmat380
4;cmat38
4;cmat379
4;cmat378
4;cmat377
4;cmat376
4;cmat375
4;cmat374
4;cmat373
4;cmat372
4;cmat371
4;cmat370
4;cmat37
4;cmat369
4;cmat368
4;cmat367
4;cmat366
4;cmat365
4;cmat364
4;cmat363
4;cmat362
4;cmat361
4;cmat360
4;cmat36
4;cmat359
4;cmat358
4;cmat357
4;cmat356
4;cmat355
4;cmat354
4;cmat353
4;cmat352
4;cmat351
4;cmat350
4;cmat35
4;cmat349
4;cmat348
4;cmat347
4;cmat346
4;cmat345
4;cmat344
4;cmat343
4;cmat342
4;cmat341
4;cmat340
4;cmat34
4;cmat339
4;cmat338
4;cmat337
4;cmat336
4;cmat335
4;cmat334
4;cmat333
4;cmat332
4;cmat331
4;cmat330
4;cmat33
4;cmat329
4;cmat328
4;cmat327
4;cmat326
4;cmat325
4;cmat324
4;cmat323
4;cmat322
4;cmat321
4;cmat320
4;cmat32
4;cmat319
4;cmat318
4;cmat317
4;cmat316
4;cmat315
4;cmat314
4;cmat313
4;cmat312
4;cmat311
4;cmat310
4;cmat31
4;cmat309
4;cmat308
4;cmat307
4;cmat306
4;cmat305
4;cmat304
4;cmat303
4;cmat302
4;cmat301
4;cmat300
4;cmat30
4;cmat299
4;cmat298
4;cmat297
4;cmat296
4;cmat295
4;cmat294
4;cmat293
4;cmat292
4;cmat291
4;cmat290
4;cmat29
4;cmat289
4;cmat288
4;cmat287
4;cmat286
4;cmat285
4;cmat284
4;cmat283
4;cmat282
4;cmat281
4;cmat280
4;cmat28
4;cmat279
4;cmat278
4;cmat277
4;cmat276
4;cmat275
4;cmat274
4;cmat273
4;cmat272
4;cmat271
4;cmat270
4;cmat27
4;cmat269
4;cmat268
4;cmat267
4;cmat266
4;cmat265
4;cmat264
4;cmat263
4;cmat262
4;cmat261
4;cmat260
4;cmat26
4;cmat259
4;cmat258
4;cmat257
4;cmat256
4;cmat255
4;cmat254
4;cmat253
4;cmat252
4;cmat251
4;cmat250
4;cmat25
4;cmat249
4;cmat248
4;cmat247
4;cmat246
4;cmat245
4;cmat244
4;cmat243
4;cmat242
4;cmat241
4;cmat240
4;cmat24
4;cmat239
4;cmat238
4;cmat237
4;cmat236
4;cmat235
4;cmat234
4;cmat233
4;cmat232
4;cmat231
4;cmat230
4;cmat23
4;cmat229
4;cmat228
4;cmat227
4;cmat226
4;cmat225
4;cmat224
4;cmat223
4;cmat222
4;cmat221
4;cmat220
4;cmat22
4;cmat219
4;cmat218
4;cmat217
4;cmat216
4;cmat215
4;cmat214
4;cmat213
4;cmat212
4;cmat211
4;cmat210
4;cmat21
4;cmat209
4;cmat208
4;cmat207
4;cmat206
4;cmat205
4;cmat204
4;cmat203
4;cmat202
4;cmat201
4;cmat200
4;cmat20
4;cmat199
4;cmat198
4;cmat197
4;cmat196
4;cmat195
4;cmat194
4;cmat193
4;cmat192
4;cmat191
4;cmat190
4;cmat19
4;cmat189
4;cmat188
4;cmat187
4;cmat186
4;cmat185
4;cmat184
4;cmat183
4;cmat182
4;cmat181
4;cmat180
4;cmat18
4;cmat179
4;cmat178
4;cmat177
4;cmat176
4;cmat175
4;cmat174
4;cmat173
4;cmat172
4;cmat171
4;cmat170
4;cmat17
4;cmat169
4;cmat168
4;cmat167
4;cmat166
4;cmat165
4;cmat164
4;cmat163
4;cmat162
4;cmat161
4;cmat160
4;cmat16
4;cmat159
4;cmat158
4;cmat157
4;cmat156
4;cmat155
4;cmat154
4;cmat153
4;cmat152
4;cmat151
4;cmat150
4;cmat15
4;cmat149
4;cmat148
4;cmat147
4;cmat146
4;cmat145
4;cmat144
4;cmat143
4;cmat142
4;cmat141
4;cmat140
4;cmat14
4;cmat139
4;cmat138
4;cmat137
4;cmat136
4;cmat135
4;cmat134
4;cmat133
4;cmat132
4;cmat131
4;cmat130
4;cmat13
4;cmat129
4;cmat128
4;cmat127
4;cmat126
4;cmat125
4;cmat124
4;cmat123
4;cmat122
4;cmat121
4;cmat120
4;cmat12
4;cmat119
4;cmat118
4;cmat117
4;cmat116
4;cmat115
4;cmat114
4;cmat113
4;cmat112
4;cmat111
4;cmat110
4;cmat11
4;cmat109
4;cmat108
4;cmat107
4;cmat106
4;cmat105
4;cmat104
4;cmat103
4;cmat102
4;cmat101
4;cmat100
4;cmat10
4;ce20-b24
4;ce20-b12
4;ce20-b08
4;ce20-b04
4;ce20-b02
4;ce20-b01
4;cd
4;cbs_gpu
4;cargas-sno2
4;bt.C.64_ompi5_gcc
4;bt.C.64_ompi4_amd
4;bt.B.x.simple
4;bt-mz.F.x
4;bt
4;bs_h100
4;bnd_210_smb6
4;bnd_111_smb6
4;bn
4;blas3
4;bismupore6b
4;bh4-b
4;bench_48c
4;bench3.2
4;bench11
4;bcb_orca_singlet
4;bands2CIO2LNOAFMC
4;band-biphenylene
4;baderPERF
4;b4c_Random
4;b-pbe-350
4;atmos
4;at30-39
4;assignarray
4;aniso3d
4;analyze
4;anaeig
4;amrcmC_mt4_run1
4;alfa_H100
4;akoflow_1_1
4;aimd-fe
4;af2-filter
4;ZrPdSb
4;Vac_Inserpt2
4;VCF96_teste02
4;Urelaxa0a0a0
4;UiCa4-M2
4;UiCa12-M2
4;UiCa-M350k
4;UiCa-M2-TRTV
4;Ui3-M2
4;UGe2_NM
4;TiSe2_2
4;TestegR2
4;Teste4
4;Teste3
4;T_equilibration
4;TRS1_CFc
4;TREM2-DSA
4;TR1rhoF
4;TR1_B
4;TR145r1
4;TMM
4;SupDop
4;Sup
4;Std_Vg8_Vl3
4;Std_Vg1_Vl7
4;Serietbi
4;Sakura
4;SSIM
4;SOCz2
4;SERIEpho
4;SCF_C25
4;SBCeO2_polaron
4;SA2D-Co
4;Refi6-7
4;Qwen_Test
4;PocoC_FPBA_1x_VCoarse
4;PocoC_FPBA_1x_R
4;PocoC_Estr3
4;Pir2DMo
4;PLDLA-TMC
4;PIK3CA_E542K2
4;PDI_GW
4;PBE+U
4;PARCHGNMe6polaron_Fe2O3
4;P24low
4;P17mapLU
4;P01mapLU
4;OxidoCu
4;OL7-3
4;OL7-2
4;OL7-1
4;OL28-3
4;OL28-2
4;OL28-1
4;OL27-3
4;OL27-2
4;OL27-1
4;O
4;Nemotron-TRT-Convert
4;Nd-P2
4;Nd-P1
4;Nb_t_1_2_neb
4;NPLG_map
4;NEB_Atomwalk
4;NEBNiSeforc
4;NAMD_v2.1
4;N-8
4;N-3ch3as-10
4;N-1
4;Mpi-all
4;MoAsSCH3
4;MD56
4;MD38
4;MD37
4;MD36
4;MD35
4;MD34
4;MD33
4;MD32
4;MD31
4;M-As-EDGE-A
4;M-3ch3as-9
4;M-3ch3as-7
4;M-3ch3as-6
4;M-3ch3as-5
4;M-3ch3as-4
4;M-3ch3as-3
4;M-3ch3as-2
4;L_pen
4;L-Ovac
4;JF-FB-PR0
4;JF-FB-IN2
4;JF-FB-IN1
4;J75PCNDE_1
4;J50PCNDE_1
4;IOR-TEST
4;I3-ABX4-optm
4;I3-ABX4-isif8
4;Ho_NM
4;HEAT
4;GrCIPS2x2
4;GelLiq
4;GSFE-Twisted-Cs2ṔbBr4
4;GSFE-03-00
4;GSFE-02-02
4;GSFE-01-01
4;GSFE-01-00
4;FinalTracking_NRT2
4;Fin_close
4;Fe_rec
4;Fe_hyst_rec
4;FM-eef
4;FL60-70
4;FL50-100
4;FE2
4;FAfep1_2
4;FA_cisR1A
4;FA_TRANS_R3
4;FA_TRANS_R2
4;FA_CIS_R1
4;FA_1micro_r2
4;FA3_fep1
4;F-SiO2GrCIPSscanCIPS
4;Evaluation_Inference_UNet
4;E_GRPM_1
4;EGFR1
4;DopFe
4;DOS-monolayer
4;D3T313pH7_r1
4;D3T313pH6_r57
4;D3T313pH6_r55
4;D3T313pH6_r1
4;D3T313pH5_r1
4;D3T310pH7_r1
4;D3T310pH6_r1
4;D3T310pH5_r1
4;D3T301pH7_r55
4;D3T301pH7_r1
4;D3T301pH6_r1
4;D3T301pH5_r1
4;D2T313pH7_r1
4;D2T313pH6_r1
4;D2T313pH5_r1
4;D2T310pH7_r1
4;D2T310pH6_r1
4;D2T310pH5_r1
4;D2T301pH6_r1
4;D2T301pH5_r1
4;Cubi-Alloy
4;CuPc-isol
4;CuNO32
4;Cu20_long
4;CrCUS2
4;ConvLSTMDS13
4;Co-P4
4;CdTe_wz_perfect
4;CdTeSe_zb_C8
4;CdTeSe_zb_C7
4;CdTeSe_zb_C6
4;CdTeSe_zb_C5
4;CdTeSe_zb_C3
4;CdTeSe_zb_C2
4;CdTeSe_zb_C11
4;CdTeSe_zb_C1
4;CdTeSe_zb_C0
4;CdTeSe_w_C5
4;CdTeSe_w_C21
4;CdTeSe_w_C13
4;CdTeSe_w_C12
4;CdSe_zb_zpr1
4;CdSe_wz_phon_4
4;CdSe_wz_phon_3
4;CdSe_wz_phon_2
4;CdSe_wz_phon_1
4;CasoPocoCEstrategia5
4;Caso21_E3_bottom
4;Caso12_E5
4;CT-CIPS2x2
4;CHGperf
4;CHGdop
4;C2O2H3
4;C18-1
4;C-all
4;C-3ch3as-8
4;C-3ch3as-7
4;C-3ch3as-6
4;C-3ch3as-5
4;C-3ch3as-3
4;C-3ch3as-19
4;C-3ch3as-18
4;C-3ch3as-17
4;C-3ch3as-16
4;C-3ch3as-15
4;C-3ch3as-14
4;C-3ch3as-13
4;C-3ch3as-12
4;C-3ch3as-11
4;C-3ch3as-10
4;Bi2Se3_r
4;Bands_001
4;Bands
4;BTp_fep2
4;BTfep1_3
4;BHPLate_2.0
4;BANDASsocFMa-a-c0
4;B2FPBA
4;B1_full_s789
4;B1_full_s456
4;Auto_Chain
4;AttConvLSTM-06min-06img-Lightning-QC
4;AsSCH3Mo
4;AsSCH332DCo
4;AsOCH33-Mo
4;AsOCH33-Co
4;AsOCH312
4;AsH32DMo
4;AsCH3Mo
4;AW-abl-precur-5
4;AMBER.SIF-gpu
4;AFMrelaxa0a0c+
4;AFMrelaxa-a-c-
4;AFMrelaxa+a+c+
4;ABC12
4;ABA1415EB
4;ABA1415
4;910
4;808-h2
4;8-2l-opt-ti3c2o2-24
4;6xi4
4;6xbg-2
4;5626_4a
4;56
4;550K
4;500K
4;4lp6
4;4l12opt-ti3c2o2
4;4g_hom_exp
4;4deq
4;450K
4;45
4;400K
4;3q01
4;3m52
4;3fn3
4;3f81
4;3evi
4;3epy
4;36eps
4;363rest
4;3515_multi
4;3515_3
4;350K
4;2pw3
4;2p8q
4;2nbridgeB
4;2lig_2_prod
4;2i99
4;2i7d
4;2huz
4;2d5r
4;2DMoAsH3
4;2DM100-Co
4;24s661opt-ti3c2o2
4;21POSpore-2
4;2-0tddft50
4;1zli
4;1yLa
4;1wrd
4;1tupds
4;1tupdhollow
4;1tupdbridge
4;1topB
4;1tgz
4;1te6
4;1n-2m-20th-c-bt-mz
4;1k6m
4;1hx1
4;1hci
4;1e-12core
4;1bridgeA
4;1OAN_lincs_continue
4;1OAN_Build
4;192procs
4;1628-M2-new
4;1516
4;14_80_4
4;14_80_1
4;14_109_6
4;14_103_3
4;14_01_stackin
4;1213
4;1200_1300prot
4;1020prod
4;1020min2
4;1020Analysis
4;101CrCUS_CO2_1
4;1011
4;100AsCH
4;0sfmxene-ti3c2o2
4;0nlyDic
4;06-3.Und828
4;06-2.Und828
4;057.03.5md.slurm
4;057.03.2md.slurm
4;057.02.4md.slurm
4;057.02.3md.slurm
4;057.02.2md.slurm
3;zikenv5
3;zikenv1
3;zZarrPrepro_SA
3;zZarrPrepro
3;z-oh
3;x0tu1amd
3;x0.-wfn
3;wp1_2-8
3;water
3;wantibexos
3;wan-gdfeo3
3;vtune
3;vofC9std
3;vofC8dyn
3;vofC5low
3;vofC4low
3;vofC25low
3;vofC24low
3;vofC24dyn
3;vofC23std
3;vofC22low
3;vofC1sdyn
3;vofC18std
3;vofC18low
3;vofC17std
3;vofC15low
3;vofC13low
3;vofC12low
3;vofC11low
3;vof4-fix4
3;vof2-fixs1
3;vitb_0
3;viscoelastic_openmp_nvidiaX_nvc_so6_sz400_th2_tuneoff_mpi0_g1_rep5_%j
3;viscoelastic_openmp_nvidiaX_nvc_so6_sz400_th2_tuneoff_mpi0_g1_rep4_%j
3;viscoelastic_openmp_nvidiaX_nvc_so6_sz400_th2_tuneoff_mpi0_g1_rep3_%j
3;viscoelastic_openmp_nvidiaX_nvc_so6_sz400_th2_tuneoff_mpi0_g1_rep2_%j
3;viscoelastic_openmp_nvidiaX_nvc_so6_sz400_th2_tuneoff_mpi0_g1_rep1_%j
3;viscoelastic_openmp_hopper_nvc_so6_sz400_th2_tuneoff_mpi0_g1_rep5_%j
3;viscoelastic_openmp_hopper_nvc_so6_sz400_th2_tuneoff_mpi0_g1_rep4_%j
3;viscoelastic_openmp_hopper_nvc_so6_sz400_th2_tuneoff_mpi0_g1_rep3_%j
3;viscoelastic_openmp_hopper_nvc_so6_sz400_th2_tuneoff_mpi0_g1_rep2_%j
3;viscoelastic_openmp_hopper_nvc_so6_sz400_th2_tuneoff_mpi0_g1_rep1_%j
3;vdwDF2Gr_CIPS_SiO2n
3;vca-r-8020
3;ups_mialgo
3;upload
3;untardata
3;twopopore-hexabare
3;twopopore-2
3;twopopore-1
3;tw_6000
3;tw_5000
3;tw_2000
3;trjconv_pipeline
3;trimetilarsina-NiMoS.neb.inp
3;trimetilarsina-CoMoS.neb.inp
3;treintrain_10mol
3;treintrain
3;treinrunnano
3;treinpassivado_deu
3;treinPOSCARCLIMB
3;tree_md0_R1
3;treeMD2
3;train_marlin
3;train_FTUNet-12min-03img-Lightning-QC-ET35
3;thio
3;th-vitseg
3;tgt53_1
3;testuni6
3;testuni2
3;teste_ni
3;teste_motif
3;teste_mapa
3;teste_449
3;teste_444
3;teste_440
3;teste_120
3;teste_117
3;teste_115
3;teste_113
3;teste_111
3;teste-h100
3;teste-192-nos
3;test_script_aut
3;test_multi_node
3;test_lncc-gh200
3;test_env
3;test_d
3;test4
3;test02-FB-MONO
3;tensor
3;sub_tf_conda_h100.srm
3;sub_test.srm
3;strl_9
3;strl_8
3;strl_10
3;st1_cl
3;srbu1amd
3;sqs-152
3;sp.C
3;socEGR_PM_1
3;sobol248.3
3;sobol248.2
3;sobol248.1
3;snake_martini
3;smb6_1cam
3;sigmaco9
3;sig1520
3;sig1225
3;sig1220
3;script_bdesign2
3;scl0192
3;scf_slab110_smb6
3;scf06
3;scf-ptp-2f
3;scf-4ch3
3;scf-2oh
3;scf-2nh2
3;scanGrCIPS
3;scala
3;sc2CIO2LNOFMsoc
3;sc1CIO3LNOFMsoc
3;sc1CIO3LNOAFMAdown
3;sbra0
3;sam_test
3;sam_sc_f
3;sam_resnet50_parihaka
3;sam_resnet50_p
3;sam_resnet50
3;sam_din1
3;sam_din0
3;sam0
3;s110-uio66
3;s100-mc
3;runsp_lapw
3;runbipore-1
3;run_piDeepOnet.srm
3;run_hpl_mixed.sh
3;run_gammadiff
3;run_deepOnet-predict_float32_2.srm
3;run__N_
3;run_ADM8.sh
3;run_ADM.sh_bkp
3;run_2_10
3;run10.sh
3;ru_super
3;rocmtu1c
3;rocmli2c
3;rn50_f0
3;rmefC1std
3;rmefC17
3;rmef4-fix
3;rlx_
3;rlx-LaNiO3
3;rfd_filtro
3;res_0
3;rerunframe_LGSH
3;rerun_Ldamn
3;rep1md36
3;relaxa0a0c+
3;relaxa-a-c-
3;relax_parallel2
3;relaxSOC1CIO3LNOAFMAup
3;relaxSOC1CIO3LNOAAFMup
3;relax2CIO2LNOAFMG
3;relax2CIO2LNOAFMC
3;relax1CIO3LNOAFMC
3;relax1CIO1LNOAFM
3;re_LMn3o4
3;re_CISR3
3;re2_LMn3O4
3;rbslurm_var_starling_curve.sh
3;rbslurm_var_starling.sh
3;r6_30_40
3;r5mfq
3;r5_90_100
3;r5_80_90
3;r5_70_80
3;r5_60_70
3;r5_50_60
3;r5_140_150
3;r5_130_140
3;r5_120_130
3;r5_110_120
3;r5_100_110
3;r4_140_150
3;r4_130_140
3;r4_120_130
3;r4_110_120
3;r4_100_110
3;r420_30
3;r2_0-10
3;r240_50
3;r210_20
3;r1_md2
3;r1_90_100
3;r1_80_90
3;r1_60_70
3;r1_50_60
3;r1_200_250
3;r1_140_150
3;r1_130_140
3;r1_120_130
3;r1_110_120
3;r1_100_110
3;r-4ch3
3;r-221-HfTe2
3;qfi_144
3;qe_pani_bands
3;prod4
3;prod2
3;preparatrajPTM
3;ppt
3;posEFcuinps
3;polarons_LaMnO3
3;polaron5
3;poisson3d_clean
3;poisson3d_c_gpu
3;pmemd
3;plot_imerg
3;piriOH-H2O-d3eq
3;piriOH-H2O-comb
3;piri2H2Oeq
3;piri2H2O-test
3;piri2H2O-fin-hyb
3;phonons_154
3;phono3py
3;phonSi
3;phonDSi
3;phonDBN
3;pho_refit
3;ph_composito
3;ph_G_89
3;ph_154
3;ph-composito-2x2x1
3;petsc_install
3;perpepd
3;perpeB
3;pentagonal
3;penta_bse
3;pent
3;pen-4
3;pen-3
3;pen-2
3;pen-1
3;pe-4
3;pca_Ndomain
3;parihaka_simmim_unetr
3;parchg
3;parallel
3;paperSS_Z02-bilstm-tdhead_CV=Pull-R1S5FCV_input_subset11_Class2=ROI=FP-PPad_pacman
3;paperSS_105-unetX2_CV=Pull-R1S5FCV_input=subset11_Classes=2_ROI=segfix128-8_pacman_PREDICTIONS
3;paperSS_105-unetX2_CV=Pull-R1S5FCV_input=subset11_Classes=2_ROI=pb-30-60-PPad_pacman_PREDICTIONS
3;paperSS_105-unetX2_CV=Pull-R1S5FCV_input=subset11_Classes=2_ROI=pb-25-50-75-PPad_pacman_PREDICTIONS
3;paperSS_105-unetX2_CV=Pull-R1S5FCV_input=subset11_Classes=2_ROI=pb-20-40-60-80-PPad_pacman_PREDICTIONS
3;paperSS_105-unetX2_CV=Pull-R1S5FCV_input=subset11_Classes=2_ROI=pb-10-20-30-40-50-60-70-80-90-PPad_pacman_PREDICTIONS
3;paperSS_105-unetX2_CV=Pull-R1S5FCV_input=subset11_Classes=2_ROI=FP-PPad_pacman_PREDICTIONS
3;paperSS_104-unetX2_CV=Pull-R1S5FCV_input=subset11_Classes=2_ROI=segfix32-8_pacman_PREDICTIONS
3;paperSS_104-unetX2_CV=Pull-R1S5FCV_input=subset11_Classes=2_ROI=segfix128-8_pacman_PREDICTIONS
3;paperSS_104-unetX2_CV=Pull-R1S5FCV_input=subset11_Classes=2_ROI=pb-30-60-PPad_pacman_PREDICTIONS
3;paperSS_104-unetX2_CV=Pull-R1S5FCV_input=subset11_Classes=2_ROI=pb-25-50-75-PPad_pacman_PREDICTIONS
3;paperSS_104-unetX2_CV=Pull-R1S5FCV_input=subset11_Classes=2_ROI=pb-10-20-30-40-50-60-70-80-90-PPad_pacman_PREDICTIONS
3;paperSS_104-unetX2_CV=Pull-R1S5FCV_input=subset11_Classes=2_ROI=FP-PPad_pacman_PREDICTIONS
3;paperSS_103-bilstm_encoder_CV=Pull-R1S5FCV_input_subset11_Class2=ROI=segfix32-8_pacman
3;paperSS_103-bilstm_encoder_CV=Pull-R1S5FCV_input_subset11_Class2=ROI=segfix128-8_pacman
3;paperSS_103-bilstm_encoder_CV=Pull-R1S5FCV_input_subset11_Class2=ROI=pb-30-60-PPad_pacman
3;paperSS_103-bilstm_encoder_CV=Pull-R1S5FCV_input_subset11_Class2=ROI=pb-25-50-75-PPad_pacman
3;paperSS_103-bilstm_encoder_CV=Pull-R1S5FCV_input_subset11_Class2=ROI=pb-20-40-60-80-PPad_pacman
3;paperSS_103-bilstm_encoder_CV=Pull-R1S5FCV_input_subset11_Class2=ROI=pb-10-20-30-40-50-60-70-80-90-PPad_pacman
3;paperSS_103-bilstm_encoder_CV=Pull-R1S5FCV_input_subset11_Class2=ROI=FP-ZPad_pacman
3;paperSS_103-bilstm_encoder_CV=Pull-R1S5FCV_input_subset11_Class2=ROI=FP-PPad_pacman
3;paperSS_102-unetX2_CV=Pull-R1S5FCV_input=subset11_Classes=2_ROI=pb-25-50-75-PPad_pacman_PREDICTIONS
3;paperSS_102-unetX2_CV=Pull-R1S5FCV_input=subset11_Classes=2_ROI=pb-20-40-60-80-PPad_pacman_PREDICTIONS
3;paperSS_102-bilstm_encoder_CV=Pull-R1S5FCV_input_subset11_Class2=ROI=segfix32-8_pacman
3;paperSS_102-bilstm_encoder_CV=Pull-R1S5FCV_input_subset11_Class2=ROI=segfix128-8_pacman
3;paperSS_102-bilstm_encoder_CV=Pull-R1S5FCV_input_subset11_Class2=ROI=pb-30-60-PPad_pacman
3;paperSS_102-bilstm_encoder_CV=Pull-R1S5FCV_input_subset11_Class2=ROI=pb-25-50-75-PPad_pacman
3;paperSS_102-bilstm_encoder_CV=Pull-R1S5FCV_input_subset11_Class2=ROI=pb-20-40-60-80-PPad_pacman
3;paperSS_102-bilstm_encoder_CV=Pull-R1S5FCV_input_subset11_Class2=ROI=pb-10-20-30-40-50-60-70-80-90-PPad_pacman
3;paperSS_102-bilstm_encoder_CV=Pull-R1S5FCV_input_subset11_Class2=ROI=FP-ZPad_pacman
3;paperSS_102-bilstm_encoder_CV=Pull-R1S5FCV_input_subset11_Class2=ROI=FP-PPad_pacman
3;paperSS_102-bilstm_CV=Pull-R1S5FCV_input_subset11_Class2=ROI=pb-20-40-60-80-PPad_pacman
3;paperSS_102-bilstm_CV=Pull-R1S5FCV_input_subset11_Class2=ROI=pb-10-20-30-40-50-60-70-80-90-PPad_pacman
3;paperSS_102-bilstm-tdhead_CV=Pull-R1S5FCV_input_subset11_Class2=ROI=FP-ZPad_pacman
3;paperSS_102-bilstm-tdhead_CV=Pull-R1S5FCV_input_subset11_Class2=ROI=FP-PPad_pacman
3;paperSS_102-bilstm-tdhead_CV=Pull-R1S5FCV_input_subset07_Class2=ROI=FP-ZPad_pacman
3;paperSS_102-bilstm-tdhead_CV=Pull-R1S5FCV_input_subset07_Class2=ROI=FP-PPad_pacman
3;paperSS_101-unetX2_CV=Pull-R1S5FCV_input=subset11_Classes=2_ROI=segfix32-8_pacman_PREDICTIONS
3;paperSS_101-unetX2_CV=Pull-R1S5FCV_input=subset11_Classes=2_ROI=segfix128-8_pacman_PREDICTIONS
3;paperSS_101-unetX2_CV=Pull-R1S5FCV_input=subset11_Classes=2_ROI=pb-30-60-PPad_pacman_PREDICTIONS
3;paperSS_101-unetX2_CV=Pull-R1S5FCV_input=subset11_Classes=2_ROI=pb-25-50-75-PPad_pacman_PREDICTIONS
3;paperSS_101-unetX2_CV=Pull-R1S5FCV_input=subset11_Classes=2_ROI=pb-20-40-60-80-PPad_pacman_PREDICTIONS
3;paperSS_101-unetX2_CV=Pull-R1S5FCV_input=subset11_Classes=2_ROI=pb-10-20-30-40-50-60-70-80-90-PPad_pacman_PREDICTIONS
3;paperSS_101-unetX2_CV=Pull-R1S5FCV_input=subset11_Classes=2_ROI=pb-10-20-30-40-50-60-70-80-90-PPad_pacman
3;paperSS_101-unetX2_CV=Pull-R1S5FCV_input=subset11_Classes=2_ROI=FP-ZPad_pacman_PREDICTIONS
3;paperSS_101-unetX2_CV=Pull-R1S5FCV_input=subset11_Classes=2_ROI=FP-PPad_pacman_PREDICTIONS
3;paperSS_100-unetX2_CV=Pull-R1S5FCV_input=subset11_Classes=3-TH=0.04_ROI=segfix32-8_pacman
3;paperSS_100-unetX2_CV=Pull-R1S5FCV_input=subset11_Classes=3-TH=0.04_ROI=segfix128-8_pacman
3;paperSS_100-unetX2_CV=Pull-R1S5FCV_input=subset11_Classes=3-TH=0.04_ROI=pb-30-60-PPad_pacman
3;paperSS_100-unetX2_CV=Pull-R1S5FCV_input=subset11_Classes=3-TH=0.04_ROI=pb-25-50-75-PPad_pacman
3;paperSS_100-unetX2_CV=Pull-R1S5FCV_input=subset11_Classes=3-TH=0.04_ROI=pb-20-40-60-80-PPad_pacman
3;paperSS_100-unetX2_CV=Pull-R1S5FCV_input=subset11_Classes=3-TH=0.04_ROI=pb-10-20-30-40-50-60-70-80-90-PPad_pacman
3;paperSS_100-unetX2_CV=Pull-R1S5FCV_input=subset11_Classes=3-TH=0.04_ROI=FP-ZPad_pacman
3;paperSS_100-unetX2_CV=Pull-R1S5FCV_input=subset11_Classes=3-TH=0.04_ROI=FP-PPad_pacman
3;paperSS_100-unetX2_CV=Pull-R1S5FCV_input=subset11_Classes=2_ROI=FP-ZPad_pacman.json
3;paperSS_100-unetX2_CV=Pull-R1S5FCV_input=subset11_Classes=2_ROI=FP-PPad_pacman.json
3;paperSS_100-bilstm-tdhead_CV=Pull-R1S5FCV_input_subset11_Class2=ROI=FP-ZPad_pacman
3;paperSS_100-bilstm-tdhead_CV=Pull-R1S5FCV_input_subset11_Class2=ROI=FP-PPad_pacman
3;pani-lamela2
3;pairdist_ion
3;pTR1_F
3;pTR1_E
3;pFe_4x4x4_FM
3;pCN208_2
3;p5Ni_2x2x2_FM
3;p4Fe_4x4x4_FM
3;p40_50r4
3;p30_40r4
3;p20_30r4
3;p20_30r3
3;p10_20r4
3;p10_20r3
3;ortho_1-1
3;openmpi-ib-cuda.sh
3;openfwi-train-styleb-vgan
3;openfwi-train-stylea-vgan
3;openfwi-train-inv-synth-styleb
3;openfwi-train-inv-synth-stylea
3;openfwi-train-inv-synth-ffb
3;openfwi-train-inv-synth-cvb
3;openfwi-train-inv-synth-cfb
3;openfwi-train-ffb-vgan
3;openfwi-train-fdo-synth-styleb
3;openfwi-train-fdo-synth-stylea
3;openfwi-train-fdo-synth-ffb
3;openfwi-train-fdo-synth-cvb
3;openfwi-train-fdo-synth-cfb
3;openfwi-train-cvb-vgan
3;openfwi-train-cfb-vgan
3;ondemand_vis-nsight
3;ollama2
3;oct
3;nvtrectang
3;nvt_prod3
3;nvt_eq3
3;nvt_eq2
3;nvhpc.sh
3;nowcast_v7
3;nowcast_cnc_r
3;nixw-test.slurm
3;nh36.1
3;new_calc_matrix
3;nesb
3;negEFcuinps
3;neb
3;nanofio
3;nanocflavio.oliveira
3;namd3
3;namd+container-nvidia
3;msm4
3;mp1_optimized
3;mosaic_h100
3;mol2dmso
3;mofs
3;mof500
3;mof4-srun
3;mof4-hybrid
3;minushalf_optimize_O_p
3;minerva-fbab1c6629c811f5
3;minerva-f5fbfc859a4d6007
3;minerva-f286b5b01b1af249
3;minerva-ea55b2c5bbc31bbd
3;minerva-e3c121677763a44c
3;minerva-e393f8c844028978
3;minerva-e31e19da614eac94
3;minerva-e28f1a4b452db023
3;minerva-dg-commands_training_domain_validation_2_domains_shuffled_vrex_adam_lr-0.001
3;minerva-dg-commands_training_domain_validation_2_domains_shuffled_vrex_adam_lr-0.0001
3;minerva-dg-commands_training_domain_validation_2_domains_shuffled_coral_adam_lr-0.001
3;minerva-cea4b05e3d78a7f1
3;minerva-ce6efe7f9a4a211f
3;minerva-c8bdba620b7e0125
3;minerva-c5a29b4bc824e5d7
3;minerva-af780ad505f36209
3;minerva-ac5e926dbd0c223b
3;minerva-a988fa466cf0715a
3;minerva-a145511f90cb7607
3;minerva-9fce2a53829e5a25
3;minerva-9836573e94419eea
3;minerva-94f52fa6f16a3897
3;minerva-89f536eae5d48966
3;minerva-7cbb63524dedc729
3;minerva-787a08655a16c78e
3;minerva-6bc4eeac0b7b513b
3;minerva-62aaa3b14e0e3c06
3;minerva-44da9ba2cb00f65a
3;minerva-4224b9db41b7bed7
3;minerva-3f978a2c140b7937
3;minerva-3e4d06dee925a556
3;minerva-3af29fdb10088b43
3;minerva-394dcf08fdbcf3dc
3;minerva-341a3b20c68bd2f9
3;minerva-2f9f3982e2a2ccd4
3;minerva-2b9e40fd9dbeda05
3;minerva-2a3b2c3e5b957194
3;minerva-19857378afe11f52
3;minerva-0cf91e78868c9b68
3;min_8x8x8
3;metis_amortar
3;metall
3;md_fast
3;md_42
3;md26_R1
3;md25_R1
3;md24_R1
3;md23_R1
3;md20_R4
3;md20_R3
3;md20_R2
3;md1rep5
3;md1rep4
3;md1rep3
3;md1rep2
3;md1rep1
3;md18_R2
3;md17_R5
3;md16_R4
3;md13_R5
3;md13_R4
3;md12_R5
3;md11_R5
3;mcmcMSM256
3;mapas_contato_auto
3;mace_4train
3;m8-ce
3;m8-A111
3;m53-B100
3;lr_5E-5_s456
3;log_nvt_R5
3;log_4_NVT
3;log_3_NVT
3;log_2_NVT
3;llm_test
3;ldmanhsa_continue
3;lammps+LJ+container-nvidia-gh200
3;lammps+LJ+compilado
3;l_eq
3;kwant
3;kowalski_analise
3;kernel
3;job1-suporte
3;iron_run02
3;iron_avulso_stackin
3;iron_03_stackin
3;ir_cit
3;ip
3;interpolate
3;install
3;inse-32
3;infe_test
3;imp_hom_openmm
3;imp_het_openmm
3;ijk_tBERT800
3;hybE_AFM_1
3;htp5n
3;ht-inside-inverted
3;ht-below
3;hstest
3;hse_pent
3;hse_GrCIPS
3;hseCIPS2x2
3;hf
3;heat4
3;h2bi2juncao
3;h120_75
3;gres-gromacs-test
3;grace_test
3;gpu_zstd
3;goes_prcx
3;gmn2431
3;gm_lib96
3;gm_lib60
3;gm_lib24
3;gm_buz60
3;gm_buz48
3;gh_mrb
3;gh43_r1_140_160
3;gh43_60_70
3;geopt
3;gem_flu2
3;gb
3;g43_r2_100_150
3;full_finetune_job_pimagenet_fboth_N_r3
3;full_finetune_job_pf3_N_fboth_N_r3
3;ftv75-1000
3;ft.C.32_ompi5_amd
3;ft.C
3;frmd2z192
3;frfina2
3;freeze_eradio
3;fon2
3;fi_24
3;fe-scf1
3;fe-hex
3;farI2
3;farI1
3;exTa2NiSe5_3
3;eval_ConvLSTM-06min-03img-Lightning-QC
3;eval_2024
3;etu_gh_3
3;equalize_attr
3;eq8
3;eps_co12
3;ep.E.x.amd
3;entrenamiento_v1
3;ensight
3;elibgh3
3;elghthr4
3;elghthr3
3;elghthr2
3;ef-neg-cips
3;ech_ghtup
3;ebmithr3
3;ebmithr2
3;ebhthr4
3;ebhthr3
3;ebhthr2
3;ebgh2bin
3;ebgh1bin
3;e2co.index127.try0
3;drivbu2c
3;drivbu2b
3;drivbu2a
3;dp199
3;dp198
3;dp197
3;dp196
3;dp1102
3;dp1101
3;dp1100
3;downse
3;downbridge
3;dos1CIO3LNOFM
3;dm-gny
3;dm-1graphene
3;dietil-sulfeto
3;dglu
3;dft+u8SmB6_NM_fino
3;dft+u6SmB6_NM_fino
3;dft+u5SmB6_NM_fino
3;dev_CdTe_wz_zpr2
3;deit_forced
3;deit_broken
3;deepseek_final_v2
3;deepseek_distributed
3;deeprock-fa649666bb24539f
3;deeprock-fa2859f536d96135
3;deeprock-fa1ee036437cb88b
3;deeprock-f745d4fb839c6b46
3;deeprock-e9f58e3554750d24
3;deeprock-e9f50592f6e17a49
3;deeprock-e978af4565a815e0
3;deeprock-e514ec434fa152bf
3;deeprock-d9600a75f8e8cadb
3;deeprock-d62489712b3c0da6
3;deeprock-d48d1a97a97eeb4a
3;deeprock-cd74d4e1ea19b801
3;deeprock-c9f38494d5c0913a
3;deeprock-c7022cdfb3f8c0e9
3;deeprock-c26f98fcc914dcd5
3;deeprock-bdc1999beadc05c2
3;deeprock-bd54b6c72b0ecd1c
3;deeprock-bcc038a2d2be1c59
3;deeprock-bc135b500fe733b8
3;deeprock-b7df544f07bc76cf
3;deeprock-b0ff641547e0539d
3;deeprock-af7f6a829972176c
3;deeprock-ad3c7435c8523dc9
3;deeprock-a2595d448e53c092
3;deeprock-9f4585a84fb4bc7d
3;deeprock-9ad8d1c77e507def
3;deeprock-9600f7a98dacb858
3;deeprock-8db5bd415e1fdcaf
3;deeprock-8cc09ec627016dbf
3;deeprock-88b9847189d21e1a
3;deeprock-866effec4a2a88fa
3;deeprock-7e4ca187a17c6963
3;deeprock-7747c764e57d8c70
3;deeprock-7218211d54429355
3;deeprock-681f793f5c526483
3;deeprock-67840d6d017a1859
3;deeprock-6649927aa13c402f
3;deeprock-641ae2c68b1ffd7b
3;deeprock-640194659980cf8e
3;deeprock-5fd6eae47645f835
3;deeprock-59fc04840404a54c
3;deeprock-5264cfbd7198b09f
3;deeprock-494474e91ccdfe9c
3;deeprock-4912d2fcee57b951
3;deeprock-48921c5d01722d3e
3;deeprock-3fdd84195d2c5f7a
3;deeprock-351c0658c8ea0f82
3;deeprock-34cbedeb1035c78f
3;deeprock-2f37341d86197479
3;deeprock-249921fc91bce57c
3;deeprock-20fc0736989013aa
3;deeprock-1e55e83945756d2f
3;deeprock-1d2e29907386de9b
3;deeprock-1a5398991d634adf
3;deeprock-1085c7ec7c9ef57d
3;deeprock-05201246a9135bcb
3;deeprock-042e7e77483a59b9
3;deeprock-0408b3a293f355d1
3;deeprock-005b7ce9ee04c073
3;deep3
3;de25li1a
3;ddefbu1c
3;ddefbu1b
3;ddefbu1a
3;dca-run-ucx.slurm
3;dapt-7b-original-w
3;d3-bj-pbe-350
3;cyhex0
3;cxbl10
3;cxbl09
3;cxbl08
3;cxbl07
3;cxbl06
3;cxbl05
3;cxbl04
3;cxbl03
3;cxbl02
3;cxBf10
3;cxBf09
3;cxBf08
3;cxBf07
3;cxBf06
3;cxBf05
3;cxBf04
3;cxBf03
3;cxBf02
3;cxBf01
3;cwa950
3;cwa598
3;cuo-etoh
3;cub
3;crpropa_mpi_test
3;create_h5
3;cpugpucomm
3;corr_snGrad
3;corr_new2_fst
3;corr_new2
3;copy_sibyll_long
3;conf8
3;conf71
3;conf7
3;conf25
3;conf20
3;co_9
3;co12sub
3;clean_fast
3;cg.D.64_ompi5
3;cg.D.64_ompi4_intel1api
3;cg.D.64_ompi4
3;cg.D.64_intel1api
3;cg.C.32_ompi5_amd
3;cg.C
3;cfb-unet-efwi
3;ce20_48c
3;cata-e2
3;case38
3;calc_run
3;c1-9
3;bulk-poly-optm
3;build_simtel
3;build_matrix_rt1
3;build_cp2k_2023
3;build_all
3;build
3;btt
3;bt.C.x.amd
3;bt.C
3;bt-mz.E.x
3;bt-mz.D.x_ompi5_gcc
3;bt-mz.A.x
3;broke_mol
3;bismupore6c
3;bismupore-4
3;bicyc0
3;bh4ci
3;bench_64c
3;bench_4g_48c
3;bench3.1
3;bench1mi
3;bench10
3;bands3CIO1LNOFM
3;bands2CIO2LNOFM
3;bands1CIO3LNOFM
3;bands1CIO1LNOFM
3;baderDop
3;b_300_pbe
3;b-pbe-300
3;b-SOC-HfTe2
3;auIsin
3;apo_300_400
3;apo100_200
3;amrwind-abl-pre-4
3;amrwind-abl-pre-3
3;alfa_BSE
3;aimd-ru
3;aigen
3;af2_binder
3;af+eef
3;adapter_diag
3;acoustic_openmp_so6_sz500_th2_tuneoff_mpibasic_g4_rep5_%j
3;acoustic_openmp_so6_sz500_th2_tuneoff_mpibasic_g4_rep4_%j
3;acoustic_openmp_so6_sz500_th2_tuneoff_mpibasic_g4_rep3_%j
3;acoustic_openmp_so6_sz500_th2_tuneoff_mpibasic_g4_rep2_%j
3;acoustic_openmp_so6_sz500_th2_tuneoff_mpibasic_g4_rep1_%j
3;acoustic_openmp_so6_sz500_th2_tuneoff_mpibasic_g2_rep5_%j
3;acoustic_openmp_so6_sz500_th2_tuneoff_mpibasic_g2_rep4_%j
3;acoustic_openmp_so6_sz500_th2_tuneoff_mpibasic_g2_rep3_%j
3;acoustic_openmp_so6_sz500_th2_tuneoff_mpibasic_g2_rep2_%j
3;acoustic_openmp_so6_sz500_th2_tuneoff_mpibasic_g2_rep1_%j
3;acoustic_openmp_so4_sz500_th2_tuneoff_mpibasic_g4_rep5_%j
3;acoustic_openmp_so4_sz500_th2_tuneoff_mpibasic_g4_rep4_%j
3;acoustic_openmp_so4_sz500_th2_tuneoff_mpibasic_g4_rep3_%j
3;acoustic_openmp_so4_sz500_th2_tuneoff_mpibasic_g4_rep2_%j
3;acoustic_openmp_so4_sz500_th2_tuneoff_mpibasic_g4_rep1_%j
3;acoustic_openmp_so4_sz500_th2_tuneoff_mpibasic_g2_rep5_%j
3;acoustic_openmp_so4_sz500_th2_tuneoff_mpibasic_g2_rep4_%j
3;acoustic_openmp_so4_sz500_th2_tuneoff_mpibasic_g2_rep3_%j
3;acoustic_openmp_so4_sz500_th2_tuneoff_mpibasic_g2_rep2_%j
3;acoustic_openmp_so4_sz500_th2_tuneoff_mpibasic_g2_rep1_%j
3;acoustic_openmp_so2_sz500_th2_tuneoff_mpibasic_g4_rep5_%j
3;acoustic_openmp_so2_sz500_th2_tuneoff_mpibasic_g4_rep4_%j
3;acoustic_openmp_so2_sz500_th2_tuneoff_mpibasic_g4_rep3_%j
3;acoustic_openmp_so2_sz500_th2_tuneoff_mpibasic_g4_rep2_%j
3;acoustic_openmp_so2_sz500_th2_tuneoff_mpibasic_g4_rep1_%j
3;acoustic_openmp_so2_sz500_th2_tuneoff_mpibasic_g2_rep5_%j
3;acoustic_openmp_so2_sz500_th2_tuneoff_mpibasic_g2_rep4_%j
3;acoustic_openmp_so2_sz500_th2_tuneoff_mpibasic_g2_rep3_%j
3;acoustic_openmp_so2_sz500_th2_tuneoff_mpibasic_g2_rep2_%j
3;acoustic_openmp_so2_sz500_th2_tuneoff_mpibasic_g2_rep1_%j
3;abs1.0
3;abs.75
3;abf_mut4
3;ZrPdSb_Zr_Sb_Pd
3;ZrPdGa_Pd_Zr_Ga
3;ZrPdGa_Ga_Zr_Pd
3;ZnNO3_w
3;ZnNO3_dmso
3;WaveFWD
3;Vg8_Vl3
3;Vg3_Vl001
3;Vg30_Vl001
3;Vg002_Vl7
3;Vg002_Vl001
3;VO2_m_dosNM
3;VO2_m_dosFM
3;VO2_m_AFM
3;VMD_Container_Analysis
3;VASP_GPU_Calculo
3;V2
3;Urelaxa0a0c+
3;Urelaxa-a-c0
3;Urelaxa-a-c-
3;Urelaxa-a-c+
3;Urelaxa+a+c0
3;Urelaxa+a+c-
3;UiCa-M2
3;Ui8-M2
3;Ui6-M2
3;Ui-inj-homo-1Da
3;UNetDS13
3;UNet-12min-03img-Lightning-QC-dBZ
3;U-agua
3;U-NH2-CO2
3;U-H2O
3;TiSe2_SB_hybrid
3;Tetragonal-Alloy
3;Tb_NM
3;TabNet_Forecast
3;TRANS1mapa
3;TMA-M-all.pp.inp
3;TGRc
3;TGR3
3;TGR2
3;TG24ZMc
3;TG24ZM
3;TG24ZIM
3;TG24EIM
3;TESTE
3;Sup110-SEM
3;Sup010-SEM
3;Std_Vg3_Vl001
3;Std_Vg002_Vl7
3;Std_Vg002_Vl018
3;Sp4_2
3;SmB6c_NM_SOC
3;Sim_H1_GR
3;SiO2n
3;Serve_sonder
3;SatRain_Test
3;S_PM_1
3;SVOLDAscfwann
3;SVOGGAscfwann
3;SE_CONT
3;SERIEnh2td
3;SConvLSTM_AmazonBasin
3;SCF_C27
3;SCF_C26
3;SCF_C24
3;SCF_C23
3;SCF_C22
3;SCFMa-a-c+
3;SA2D-Ni
3;SA2D-Mo
3;SA248p6
3;SA248p5
3;SA248p4
3;SA248p3
3;SA248p2
3;S9Ntube
3;S2Ntube
3;ResNet_FSCT
3;RT-teste
3;RT-noFB
3;RT-i300m
3;RT-c9650
3;RORZ3
3;R3_Cr2O3
3;Pt_3_4_neb
3;Psi002
3;Psi001
3;Preproc_LatinAmerica_Dataset
3;Postpr_test2
3;PocoA_FPBA_1xRe
3;PirCoMoS
3;Pd_FM
3;PT_8x8x8_restart
3;PTN-pol
3;POSTR2
3;PIK3CA_V580A2
3;PIK3CA_V580A1
3;PCAXtal
3;PBE_SOC
3;P17low
3;P03low
3;P02low
3;OxidoZn
3;OpenMP
3;Octopus_042
3;Octopus_041
3;Octopus_040
3;Octopus_039
3;Octopus_038
3;Octopus_037
3;Octopus_036
3;Octopus_035
3;Octopus_034
3;Octopus_033
3;Octopus_032
3;Octopus_031
3;NiCo
3;Nb
3;NPT-R1
3;NPB_totalview
3;NMpolaron6
3;NH4Cl
3;NEE_GA_Lags_RF
3;NConvLSTM_GH200
3;NAMD_v2.0
3;N68_otm
3;N-mol
3;N-3ch3as-9
3;N-3ch3as-6
3;N-3ch3as-5
3;N-3ch3as-4
3;N-3ch3as-11
3;N-20
3;N-19
3;N-18
3;N-17
3;Mo
3;MatrixMultiplication
3;MX_cor24
3;MXENE_teste
3;MD72
3;MD71
3;MD70
3;MD69
3;MD68
3;MD67
3;MD66
3;MD65
3;MD64
3;MD63
3;MD62
3;MD61
3;MD60
3;MD59
3;MD58
3;MD57
3;MD55
3;MD54
3;MD53
3;MD52
3;MD51
3;MD50
3;MD49
3;MD48
3;MD47
3;MD46
3;MD45
3;MD44
3;MD43
3;MD42
3;MD41
3;MD40
3;MD39
3;M-sup
3;M-passo3
3;M-As-TOP-S-F
3;M-As-TOP-S-E
3;M-As-TOP-S-D
3;M-As-TOP-S-C
3;M-As-TOP-S-B
3;M-As-TOP-S-A
3;M-As-TOP-M-L
3;M-As-TOP-M-K
3;M-As-TOP-M-J
3;M-As-TOP-M-I
3;M-As-TOP-M-H
3;M-As-TOP-M-G
3;M-As-TOP-M-F
3;M-As-TOP-M-E
3;M-As-TOP-M-D
3;M-As-TOP-M-C
3;M-As-TOP-M-B
3;M-As-TOP-M-A
3;M-As-REP-S-9
3;M-As-REP-S-8
3;M-As-REP-S-7
3;M-As-REP-S-6
3;M-As-REP-S-5
3;M-As-REP-S-4
3;M-As-REP-S-30
3;M-As-REP-S-3
3;M-As-REP-S-29
3;M-As-REP-S-28
3;M-As-REP-S-27
3;M-As-REP-S-26
3;M-As-REP-S-25
3;M-As-REP-S-24
3;M-As-REP-S-23
3;M-As-REP-S-22
3;M-As-REP-S-21
3;M-As-REP-S-20
3;M-As-REP-S-2
3;M-As-REP-S-19
3;M-As-REP-S-18
3;M-As-REP-S-17
3;M-As-REP-S-16
3;M-As-REP-S-15
3;M-As-REP-S-14
3;M-As-REP-S-13
3;M-As-REP-S-12
3;M-As-REP-S-11
3;M-As-REP-S-10
3;M-As-REP-S-1
3;M-As-REP-M-9
3;M-As-REP-M-8
3;M-As-REP-M-7
3;M-As-REP-M-6
3;M-As-REP-M-5
3;M-As-REP-M-4
3;M-As-REP-M-3
3;M-As-REP-M-2
3;M-As-REP-M-18
3;M-As-REP-M-17
3;M-As-REP-M-16
3;M-As-REP-M-15
3;M-As-REP-M-14
3;M-As-REP-M-13
3;M-As-REP-M-12
3;M-As-REP-M-11
3;M-As-REP-M-10
3;M-As-REP-M-1
3;M-As-EDGE-L
3;M-As-EDGE-K
3;M-As-EDGE-J
3;M-As-EDGE-I
3;M-As-EDGE-H
3;M-As-EDGE-G
3;M-As-EDGE-F
3;M-As-EDGE-E
3;M-As-EDGE-D
3;M-As-EDGE-C
3;M-As-EDGE-B
3;M-As-1
3;La2CuO4_AFM
3;La-pol
3;La-P1
3;LNP3mapa
3;LNP3_mapa
3;LLM_HACKATON
3;LG_Pert1
3;LASTPP
3;JOB
3;JF-FB-MO
3;J480_1
3;Inicial
3;IMERG_Explorar
3;ICPfull
3;HopscotchSpeedup
3;HM96_train
3;HM144_train
3;Ge_eos_relax
3;GS_LaMnO3
3;GSFE-05-05
3;GSFE-05-04
3;GSFE-05-03
3;GSFE-05-02
3;GSFE-05-01
3;GSFE-05-00
3;GSFE-04-04
3;GSFE-04-03
3;GSFE-04-02
3;GSFE-04-01
3;GSFE-04-00
3;GSFE-03-03
3;GSFE-03-02
3;GSFE-03-01
3;GRU_mRMR_7d_aug_NEE
3;GR-kF-10
3;GR-50kgf-100mD
3;GR-10kgf-50mD
3;GH158min1
3;GA_RandomForest_6d
3;GA_RandomForest_5d
3;GA_RandomForest_4d
3;GA_RandomForest_3d
3;GA_RandomForest_2d
3;GANConvLSTM
3;FluorP
3;Fin_break
3;Fin_Mol
3;FinAtomwalk
3;Fe-hse
3;Fe-P4
3;F_34_neb
3;FSS_Metrics_AFNO
3;FPBnA_minIter3x
3;FPBnA_minIter
3;FPBA_exp3x
3;FPBA_exp2x
3;FPBA_exp
3;FPBA_1bpm_2xJ
3;FMpolaron6
3;FM-ini
3;FEP
3;FAfep1_1
3;FA_fep3_append
3;FA_cisN
3;FA_TRANS_R1
3;FA_CIS_R3
3;FA2_fep1
3;Exact
3;EuMd54
3;EuMd48
3;EuMd42
3;EuB6c_NM_SOC
3;EuB6_AFM_DOS
3;Eu-MD36
3;E_FM_1
3;E_A_AFM_1
3;E_AFM_2
3;Dy_NM
3;DopSEM
3;Diff_Attention_LATAM_MVK_2018_2023_SD2
3;Deep6
3;DSAmap
3;DOSsocAFMa-a-c0
3;DOS_zb_C9
3;DOS_zb_C8
3;DOS_zb_C7
3;DOS_zb_C6
3;DOS_zb_C5
3;DOS_zb_C4
3;DOS_zb_C3
3;DOS_zb_C27
3;DOS_zb_C26
3;DOS_zb_C24
3;DOS_zb_C23
3;DOS_zb_C22
3;DOS_zb_C21
3;DOS_zb_C20
3;DOS_zb_C2
3;DOS_zb_C19
3;DOS_zb_C18
3;DOS_zb_C17
3;DOS_zb_C16
3;DOS_zb_C15
3;DOS_zb_C14
3;DOS_zb_C13
3;DOS_zb_C12
3;DOS_zb_C11
3;DOS_zb_C10
3;DOS_zb_C1
3;DOS_zb_C0
3;DNP1mapa
3;DM_01Graphene
3;DM_01BPN
3;DFT+U
3;D3T313pH7_r56
3;D3T313pH7_r36
3;D3T313pH7_r23
3;D3T313pH7_r2
3;D3T313pH6_r36
3;D3T313pH6_r23
3;D3T313pH6_r2
3;D3T313pH5_r57
3;D3T313pH5_r55
3;D3T313pH5_r36
3;D3T313pH5_r23
3;D3T313pH5_r2
3;D3T310pH7_r56
3;D3T310pH7_r36
3;D3T310pH7_r23
3;D3T310pH7_r2
3;D3T310pH6_r62
3;D3T310pH6_r36
3;D3T310pH6_r23
3;D3T310pH6_r2
3;D3T310pH5_r56
3;D3T310pH5_r36
3;D3T310pH5_r23
3;D3T310pH5_r2
3;D3T301pH7_r36
3;D3T301pH7_r23
3;D3T301pH7_r2
3;D3T301pH6_r59
3;D3T301pH6_r55
3;D3T301pH6_r36
3;D3T301pH6_r23
3;D3T301pH6_r2
3;D3T301pH5_r57
3;D3T301pH5_r55
3;D3T301pH5_r36
3;D3T301pH5_r23
3;D3T301pH5_r2
3;D3FPBA
3;D2T313pH7_r56
3;D2T313pH7_r36
3;D2T313pH7_r23
3;D2T313pH7_r2
3;D2T313pH6_r58
3;D2T313pH6_r55
3;D2T313pH6_r36
3;D2T313pH6_r23
3;D2T313pH6_r2
3;D2T313pH5_r36
3;D2T313pH5_r23
3;D2T313pH5_r2
3;D2T310pH7_r56
3;D2T310pH7_r36
3;D2T310pH7_r23
3;D2T310pH7_r2
3;D2T310pH6_r58
3;D2T310pH6_r55
3;D2T310pH6_r36
3;D2T310pH6_r23
3;D2T310pH6_r2
3;D2T310pH5_r56
3;D2T310pH5_r36
3;D2T310pH5_r23
3;D2T310pH5_r2
3;D2T301pH7_r57
3;D2T301pH7_r55
3;D2T301pH7_r36
3;D2T301pH7_r23
3;D2T301pH7_r2
3;D2T301pH6_r36
3;D2T301pH6_r23
3;D2T301pH6_r2
3;D2T301pH5_r56
3;D2T301pH5_r36
3;D2T301pH5_r23
3;D2T301pH5_r2
3;D.01GaAs3
3;D-m
3;CuPc_planar
3;CuPc
3;CsPbI3-dos
3;CsPbBr3_3N_isif3
3;CsPbBr3_2N_isif8
3;Cs2PbI4_3N_isif8
3;Cs2PbI4_3N_isif3
3;Cs2PbBr4_3N_isif8
3;Cs2PbBr4_1N_isif3
3;ConvLSTM-06min-03img-Lightning-QC
3;CoMoS
3;CoAsSCH33
3;Co
3;Cl
3;CdTe_zb_zpr2
3;CdTe_zb_zpr1
3;CdTe_zb_soc
3;CdTe_wz_zpr2
3;CdTe_w_soc
3;CdTeSe_w_C9
3;CdTeSe_w_C8
3;CdTeSe_w_C7
3;CdTeSe_w_C6
3;CdTeSe_w_C4
3;CdTeSe_w_C3
3;CdTeSe_w_C20
3;CdTeSe_w_C2
3;CdTeSe_w_C19
3;CdTeSe_w_C18
3;CdTeSe_w_C17
3;CdTeSe_w_C16
3;CdTeSe_w_C15
3;CdTeSe_w_C14
3;CdTeSe_w_C11
3;CdTeSe_w_C10
3;CdTeSe_w_C1
3;CdTeSe_w_C0
3;CdSe_zb_zpr2
3;CdSe_w_zpr1
3;Caso8_E3_bottom
3;Caso21_E5
3;Can-all
3;Ca-Hf
3;CT_Metrics_UNet
3;CSEM_W_Fwd
3;CN_Comm
3;CIS3_mapa
3;CIS2_mapa
3;CIS1_mapa
3;CIS1_CFc
3;CHGvac
3;CD_FeNP
3;CD_DLIGs
3;CD_D300x
3;CD-Co
3;CD-2DMo
3;C60Eu_MD
3;C-passo1
3;C-Si
3;C-3ch3as-9
3;C-3ch3as-4
3;C-3ch3as-2
3;C-3ch3as-1
3;BromoP
3;BlackScholes
3;Bi2Se3_o
3;BTp_eq
3;BL+2e
3;BHP_H2
3;BHPLate2.3
3;BC-t5
3;BANDASsocAFMa-a-c0
3;Asdl
3;AsSCHNiMoS
3;AsS2DNi
3;Apo0_100
3;Apo-200-300
3;AniCoMoS
3;Alloy_2
3;AW-abl-spinup-5
3;AW-abl-precur-1inv
3;AFNO6min_LatinAmerica
3;AFMrelaxa0a0c-
3;AFMrelaxa0a0a0
3;AFMrelaxa-a-c0
3;AFMrelaxa-a-c+
3;AFMrelaxa+a+c0
3;AFMrelaxa+a+c-
3;ABC1415
3;ABA34
3;A2FPBnA
3;89N
3;808-pipi
3;7ped
3;7ep4
3;7ep0
3;6xbg+N-3
3;6xbg+N-2
3;6xbg+N-1
3;6xbg+4-3
3;6xbg+4-2
3;6xbg+4-1
3;6xbg+3-1
3;6xbg+12-3
3;6xbg+12-2
3;6xbg+12-1
3;6xbg+1-3
3;6xbg+1-2
3;6xbg+1-1
3;6k2y
3;6e27
3;5h78
3;5SBCeO2_polaron
3;5626_1_stackin
3;5626_0_stackin
3;4iy4
3;4hw5
3;4NP
3;42pospore2a
3;4-1
3;3nr1
3;3nbridgeB
3;3n8e
3;3mqm
3;3mfq2
3;3dnk
3;3c3s
3;363prodRES
3;363min2
3;363min1
3;3515_bnd
3;2yob
3;2x7-fm3
3;2x7-fm2
3;2qcw
3;2qcq
3;2nz7
3;2hupds
3;2hupdhollow
3;2hupdbridge
3;2hpuro
3;2f0mxene-ti3c2o2
3;2_benchmark_soraia
3;2DNiAn
3;2DAsmassMo
3;2533FL50
3;24sig9
3;24sig8
3;24sig7
3;24f96mxene-ti3c2o2-96
3;24-30
3;23
3;21POSpore6a
3;21POSpore2d
3;21POSpore-hexabare
3;21POSpore-4
3;200_300prot
3;1z0j
3;1xtg
3;1w6m
3;1tupdni
3;1tjc
3;1tdos
3;1t09
3;1pr9
3;1mk2
3;1itq
3;1hso
3;1hrk
3;1hep
3;1gfw
3;1OAN_Full
3;192
3;1735-pre
3;1628-M2Dec
3;1628-M2-new-2
3;1628-M2-0
3;150K
3;14_109_9
3;14_109_8
3;14_109_7
3;14_109_4
3;14_109_3
3;14_109_2
3;14_109_10
3;14_109_1
3;14_109_0
3;14_107_10
3;14_106_1
3;14_105_7
3;14_105_6
3;14_105_3
3;14_102_3
3;14_03_stackin
3;14_02_stackin
3;14_02
3;1314
3;12s-4tddft40-ti3c2o2
3;12ep20
3;12-4ds-opt-ti3c2o2
3;12-18
3;111_new_smb6
3;102prod4
3;101CrCUS_H2O
3;101CrCUS_EtSH
3;101CrCUS_DMS
3;101CrCUS_DES
3;101CrCUS_CO2_2
3;101CrCUS_C8_2
3;101CrCUS_C8_1
3;101CrCUS_C7_2
3;101CrCUS_C7_1
3;101CrCUS_C6_2
3;101CrCUS_C6_1
3;101CrCUS_C5_2
3;101CrCUS_C5_1
3;101CrCUS_2Prop
3;100_S3
3;100MoAni
3;100-n2b
3;1
3;0_10r3
3;057.02.5md.slurm
3;04-3.Und828
3;04-2.Und828
3;0.004bulk-smb6
3;-4_pos
3;+6_pos
2;zro2
2;zro
2;z-o
2;xacprod2
2;x0li1re2
2;x0li1re
2;wp1_1-4
2;wilcoxon_ch_hyp
2;wave_sHfTe2
2;wave_pHfTe2
2;wannier_step1
2;w-scf
2;vofC8std
2;vofC8low
2;vofC5dyn
2;vofC3std
2;vofC38low
2;vofC37low
2;vofC36low
2;vofC35low
2;vofC34low
2;vofC33low
2;vofC30low
2;vofC2sdyn
2;vofC29low
2;vofC28low
2;vofC27low
2;vofC26std
2;vofC25std
2;vofC24std
2;vofC23high
2;vofC21low
2;vofC20low
2;vofC1high
2;vofC19low
2;vofC16std
2;vofC16low
2;vofC15std
2;vofC15dyn
2;vofC14dyn
2;vof4-map65
2;vof4-map34
2;vof135
2;v-solo
2;uo2cit
2;umbrel4
2;umbre4_conti
2;uc_difU
2;uc-diel
2;u-co2
2;twopopore2b
2;twopopore-6
2;twonodes
2;tw_8000
2;trim
2;treintrainsemvdw
2;treintrainsemtask
2;treintrainsemd
2;treinPOSCARPMASS2
2;trein4pore
2;tree_nvt_R2
2;tree_nvt_R1
2;treat2
2;trainrefit
2;train_FTUNet-12min-03img-Lightning-QC
2;train_FTConvLSTM-12min-03img-Lightning-QC-ET35
2;train_ConvLSTM-12min-03img-Lightning-QC-dBZ
2;train_ConvLSTM-12min-03img-Lightning-QC-ET35
2;train_ConvLSTM-06min-06img-Lightning-QC
2;train_ConvLSTM-06min-03img-Lightning-QC
2;train.sh
2;ti3c2o2-88
2;ti3c2o2-80
2;ti3c2o2-72
2;ti3c2o2-64
2;ti3c2o2-56
2;ti3c2o2
2;tgs-vitseg
2;testuni8
2;testuni4
2;teste_zero
2;teste_suporte
2;teste_perpen_pd
2;teste_perp_s
2;teste_perp_ni
2;teste_perp_hollow
2;teste_perp_bridge
2;teste_pd
2;teste_dmapa
2;teste_NP3_NP4
2;teste_8
2;teste_6
2;teste_590
2;teste_585
2;teste_580
2;teste_575
2;teste_570
2;teste_565
2;teste_560
2;teste_555
2;teste_550
2;teste_545
2;teste_540
2;teste_535
2;teste_530
2;teste_472
2;teste_466
2;teste_465
2;teste_463
2;teste_458
2;teste_457
2;teste_453
2;teste_447
2;teste_445
2;teste_436
2;teste_434
2;teste_425
2;teste_417
2;teste_413
2;teste_4
2;teste_32
2;teste_30
2;teste_28
2;teste_26
2;teste_24
2;teste_22
2;teste_20
2;teste_2
2;teste_18
2;teste_16
2;teste_14
2;teste_12
2;teste_10
2;teste_01_gromacs+stmv+container_nvidia
2;teste32_teste
2;teste.sh
2;teste-suporte
2;teste-gpu1A
2;testaP1
2;test_fftw_intel
2;test_fftw_amd+tune
2;test_crp
2;testLLM--time=02:00:00
2;testLLM
2;tensorflow
2;tddft40-ti3c2o2
2;tcn-inpt-e
2;tcn-hillasdev
2;tar_sibyll_long
2;tar_compression_little
2;t2d-opt-ti3c2o2-48
2;t-amd
2;syn_nmr2
2;sym4Sopt-ti3c2o2
2;suporte_vasp
2;summarize_eigenvectors_cplx.x
2;subs-gny
2;subs-2gra
2;sub_test_unit.srm
2;sub_oneapi.23.2.srm
2;sub24
2;strl_5rr
2;steered
2;st2_nocl
2;srtu2amd
2;srtu1amd
2;srmfq
2;srm6
2;srm4
2;srm1
2;sp4_3
2;sp.C.x.tune
2;sp.C.x.simple
2;sp.B.x.simple
2;sp.B.x
2;sp-mz.E.x
2;sp-mz.D.x_ompi5_gcc
2;soma_horas_slurm
2;sol-ooh
2;software
2;socEuB6_NM
2;sno2-charges
2;smpl2_LG12
2;sisso_c001_m004
2;sisso_c001_m003
2;sisso_c001_m002
2;sig915
2;sig1515
2;sig1215
2;siesta-mxene-ti3c2o2
2;seq_teste_julio.sh
2;select
2;seg_freeze_v4
2;seg_freeze_adamw
2;seam_ai_gst3d_1data
2;sdumont2nd2001
2;script_bdesign4
2;script_bdesign3
2;scf_symmHfTe2_polymophousSOC
2;scf_slab210_smb6
2;scf_composito_2lmls
2;scfINT
2;scfINI
2;scfHfTe2_polymophous_SOC
2;scfFIN
2;scf21lno_lfo
2;scf-LaNiO3
2;scf-8oh
2;scSOC3CIO1LNOFM
2;scSOC3CIO1LNOAFM
2;scSOC1CIO1LNOFM
2;scSOC1CIO1LNOAFM
2;sc2CIO2LNOAFMC
2;sc2CIO2LNOAFMA
2;sc1LNOFM
2;sc1CIOFM
2;sam_resnet50_f3
2;sam_fl_f
2;sam_f7
2;sam_f6
2;sam_f5
2;sam_f4
2;sam_f2
2;sam_dinov2_parihaka_1
2;sam_dinov2_parihaka
2;sam_dinov2_f3_1
2;sam_dinov2_f3
2;sam_cpr_f2
2;sam_cpr_f
2;sam_cpr
2;sam2_v3_2
2;sam2_ft_2
2;sam2_finetuned
2;sam2_b
2;sam1_o
2;sam1_f
2;saltoMu
2;sa1b_1
2;sTb_dos
2;sGdNi2_DOS
2;sDy_DOS
2;s9.r9.srm
2;s9.r8.srm
2;s9.r7.srm
2;s9.r6.srm
2;s9.r5.srm
2;s9.r4.srm
2;s9.r3.srm
2;s9.r2.srm
2;s9.r1.srm
2;s9.r0.srm
2;s1P01low
2;s111-uio66_5
2;s111-uio66-mc
2;s100-uio66-mc_1
2;s100-uio66-mc3
2;s1
2;s0-A
2;s-li
2;s-2
2;s-1
2;rungepore6c
2;rungepore6b
2;rungepore6a
2;rungepore2b
2;rungepore2a
2;rungemonoa
2;rungelayer
2;runbipore6c
2;runbipore6b
2;runbipore6a
2;runbimonolayeroneposcar
2;runbilayervaspkit
2;runbilayertwoposcar
2;runbilayerchatgpt
2;run_matheus_b.sh
2;run_inference.py
2;run_eval_UNet-12min-03img-Lightning-QC
2;run_deepOnet_float32-normSigma.srm
2;run_deepOnet-predict_float32-transi2.srm
2;run_dde_pt_h100
2;run_cpu_all.sh
2;run_benchmark_stats
2;run_adv_piDeepOnet.srm
2;run_ADM5.sh
2;run_8_1
2;run_6_2
2;run_6_1
2;run_4_2
2;run_4_1
2;run_2_6
2;run_2_4
2;run_2_2
2;run_2_1
2;run_1_8
2;run_1_6
2;run_1_4
2;run_1_2
2;run_1_12
2;run_1_10
2;run_1_1
2;run_12_1
2;run_10_1
2;run5_2
2;run2_3
2;run2_2
2;run1
2;rs221-HfTe2
2;rot_3x7
2;rosetta_scripts
2;rocmtu2c
2;rocmtu2b
2;rocmtu2a
2;rocmtu1f
2;rocmtu1b
2;rocmtu1a
2;rocmli2b
2;rocmli2a
2;rocmli1c
2;rocmli1b
2;rocmli1a
2;rocmbu2c
2;rocmbu2b
2;rocmbu2a
2;rocmbu1c
2;rocmbu1b
2;rocmbu1a
2;rocm-smi
2;rn50_f1
2;rmmtu1
2;rmmli1
2;rmmbu2a
2;rmfqmd3
2;rmfqmd2
2;rmfmd3
2;rlx_MoS
2;rlx22lno_lfo
2;rlx-02graphene
2;rlx-02grafeno
2;rfdiff_setup
2;rfdiff_motif
2;revpbe-350
2;rerunteste_DGSH
2;rerunframe_racGSH
2;rerun_no_water_ace2
2;rerun_Ldamn_pt2
2;rerun2_DGSH
2;rep5nvt
2;rep4md43
2;relaxation
2;relaxa0a0c-
2;relaxa0a0a0
2;relaxa-a-c0
2;relaxa-a-c+
2;relaxa+a+c0
2;relaxa+a+c-
2;relaxa+a+c+
2;relax_slab110_smb6
2;relaxSOC2CIO2LNOAFMG
2;relaxSOC2CIO2LNOAFMC
2;relaxSOC2CIO2LNOAFMA
2;relaxSOC1CIO3LNOGAFM
2;relaxSOC1CIO3LNOCAFM
2;relaxSOC1CIO3LNOAFMG
2;relaxSOC1CIO3LNOAFMC
2;relaxSOC1CIO3LNOAFMAdown
2;relaxSOC1CIO1LNOFM
2;relaxHfTe2_polymophousSOC
2;relax1CIOFM
2;rel_slab111_smb6
2;redo_locpot_Gr_CIPS
2;re_LSIGE
2;re_DSIGE
2;rdritu1a
2;rdribu2a
2;r_1234
2;rT0rfp0_1
2;r6_70_80
2;r6_60_70
2;r6_50_60
2;r6_40_50
2;r6_20_30
2;r6_10_20
2;r6_0_10
2;r5_1020prodrest
2;r5_1020prod4
2;r5_1020prod3
2;r5_1020prod2
2;r540_50
2;r520_30
2;r50_10
2;r40_10
2;r3_1020prod4
2;r3_100_110
2;r2_md1
2;r2_70_80
2;r2_102prod5
2;r2_100_110
2;r230_40
2;r220_30
2;r1_md_7
2;r1_md_3
2;r1_100_150
2;r1_0-10
2;r-2cf3
2;qfi_150
2;qe_relax_snO2
2;qe_relax_cpu
2;qe_pani_1gpu
2;qe-container
2;qe+pani+cpu
2;qe+ausurf+container-nvidia_gh200
2;q2r.x
2;pyro_dock
2;pseudoAFMrelaxa-b-c+
2;pseudoAFMrelaxa-b+c+
2;pseudoAFMrelaxa-a-c-
2;proton_03
2;proton_02
2;proton_01
2;protFUN9
2;protFUN8
2;protFUN7
2;protFUN10
2;prot
2;prod3
2;ppMSM16
2;post_scf
2;positions_AuNP+dip
2;polaron4.5
2;polaron4
2;polaron3
2;polaron2
2;poisson3d_py_shell
2;poisson3d_final
2;poisson3d
2;poisson2
2;pmemd.MPI
2;piriOH-H2O-fin-hyb
2;piriOH-H2O-f2
2;piri2H2O_3rd
2;piri2H2O-comb-dft
2;ping
2;ping
2;phx_2
2;phs00
2;phonorelax
2;phonophononsdft
2;ph_G_67
2;ph_G_34
2;petsc_hello_c
2;perps
2;perpni
2;perphollow
2;perpeni
2;perpeA
2;perpbridge
2;perl
2;pcoretmfit
2;pcan
2;pca_dominioN
2;pca_Ndomain_cpu
2;paraview
2;paq9
2;paq8_dev
2;paq11
2;paq10
2;paperSS_X00-unetX2_CV=Pull-R1S5FCV_input=subset07_Classes=3-TH=0.02_ROI=FP-PPad_pacman
2;paperSS_202-bilstm-tdhead_CV=Pull-R1S5FCV_input_subset11_Class2=ROI=FP-ZPad_pacman
2;paperSS_202-bilstm-tdhead_CV=Pull-R1S5FCV_input_subset11_Class2=ROI=FP-PPad_pacman
2;paperSS_202-bilstm-tdhead_CV=Pull-R1S5FCV_input_subset07_Class2=ROI=FP-ZPad_pacman
2;paperSS_202-bilstm-tdhead_CV=Pull-R1S5FCV_input_subset07_Class2=ROI=FP-PPad_pacman
2;paperSS_201-bilstm-tdhead_CV=Pull-R1S5FCV_input_subset11_Class2=ROI=FP-ZPad_pacman
2;paperSS_201-bilstm-tdhead_CV=Pull-R1S5FCV_input_subset11_Class2=ROI=FP-PPad_pacman
2;paperSS_201-bilstm-tdhead_CV=Pull-R1S5FCV_input_subset07_Class2=ROI=FP-ZPad_pacman
2;paperSS_201-bilstm-tdhead_CV=Pull-R1S5FCV_input_subset07_Class2=ROI=FP-PPad_pacman
2;paperSS_200-bilstm-tdhead_CV=Pull-R1S5FCV_input_subset11_Class2=ROI=FP-ZPad_pacman
2;paperSS_200-bilstm-tdhead_CV=Pull-R1S5FCV_input_subset11_Class2=ROI=FP-PPad_pacman
2;paperSS_200-bilstm-tdhead_CV=Pull-R1S5FCV_input_subset07_Class2=ROI=FP-ZPad_pacman
2;paperSS_200-bilstm-tdhead_CV=Pull-R1S5FCV_input_subset07_Class2=ROI=FP-PPad_pacman
2;paperSS_102-unetX2_CV=Pull-R1S5FCV_input=subset11_Classes=2_ROI=segfix32-8_pacman_PREDICTIONS
2;paperSS_102-unetX2_CV=Pull-R1S5FCV_input=subset11_Classes=2_ROI=segfix128-8_pacman_PREDICTIONS
2;paperSS_102-unetX2_CV=Pull-R1S5FCV_input=subset11_Classes=2_ROI=pb-30-60-PPad_pacman_PREDICTIONS
2;paperSS_102-unetX2_CV=Pull-R1S5FCV_input=subset11_Classes=2_ROI=pb-10-20-30-40-50-60-70-80-90-PPad_pacman_PREDICTIONS
2;paperSS_102-unetX2_CV=Pull-R1S5FCV_input=subset11_Classes=2_ROI=pb-10-20-30-40-50-60-70-80-90-PPad_pacman
2;paperSS_102-unetX2_CV=Pull-R1S5FCV_input=subset11_Classes=2_ROI=FP-PPad_pacman_PREDICTIONS
2;paperSS_102-bilstm_CV=Pull-R1S5FCV_input_subset11_Class2=ROI=segfix32-8_pacman
2;paperSS_102-bilstm_CV=Pull-R1S5FCV_input_subset11_Class2=ROI=segfix128-8_pacman
2;paperSS_102-bilstm_CV=Pull-R1S5FCV_input_subset11_Class2=ROI=pb-30-60-PPad_pacman
2;paperSS_102-bilstm_CV=Pull-R1S5FCV_input_subset11_Class2=ROI=pb-25-50-75-PPad_pacman
2;paperSS_102-bilstm_CV=Pull-R1S5FCV_input_subset11_Class2=ROI=FP-PPad_pacman
2;paperSS_101-unetX2_CV=Pull-R1S5FCV_input=subset11_Classes=2_ROI=segfix32-8_pacman
2;paperSS_101-unetX2_CV=Pull-R1S5FCV_input=subset11_Classes=2_ROI=segfix128-8_pacman
2;paperSS_101-unetX2_CV=Pull-R1S5FCV_input=subset11_Classes=2_ROI=pb-30-60-PPad_pacman
2;paperSS_101-unetX2_CV=Pull-R1S5FCV_input=subset11_Classes=2_ROI=pb-25-50-75-PPad_pacman
2;paperSS_101-bilstm_CV=Pull-R1S5FCV_input_subset11_Class2=ROI=pb-30-60-PPad_pacman
2;paperSS_101-bilstm_CV=Pull-R1S5FCV_input_subset11_Class2=ROI=pb-25-50-75-PPad_pacman
2;paperSS_101-bilstm_CV=Pull-R1S5FCV_input_subset11_Class2=ROI=pb-20-40-60-80-PPad_pacman
2;paperSS_101-bilstm_CV=Pull-R1S5FCV_input_subset11_Class2=ROI=pb-10-20-30-40-50-60-70-80-90-PPad_pacman
2;paperSS_101-bilstm_CV=Pull-R1S5FCV_input_subset07_Class2=ROI=segfix32-8_pacman
2;paperSS_101-bilstm_CV=Pull-R1S5FCV_input_subset07_Class2=ROI=segfix128-8_pacman
2;paperSS_101-bilstm_CV=Pull-R1S5FCV_input_subset07_Class2=ROI=pb-30-60-PPad_pacman
2;paperSS_101-bilstm_CV=Pull-R1S5FCV_input_subset07_Class2=ROI=pb-25-50-75-PPad_pacman
2;paperSS_101-bilstm_CV=Pull-R1S5FCV_input_subset07_Class2=ROI=pb-20-40-60-80-PPad_pacman
2;paperSS_101-bilstm_CV=Pull-R1S5FCV_input_subset07_Class2=ROI=pb-10-20-30-40-50-60-70-80-90-PPad_pacman
2;paperSS_100-unetX2_CV=Pull-R1S5FCV_input=subset11_Classes=3-TH=0.06_ROI=segfix32-8_pacman
2;paperSS_100-unetX2_CV=Pull-R1S5FCV_input=subset11_Classes=3-TH=0.06_ROI=segfix128-8_pacman
2;paperSS_100-unetX2_CV=Pull-R1S5FCV_input=subset11_Classes=3-TH=0.06_ROI=pb-30-60-PPad_pacman
2;paperSS_100-unetX2_CV=Pull-R1S5FCV_input=subset11_Classes=3-TH=0.06_ROI=pb-25-50-75-PPad_pacman
2;paperSS_100-unetX2_CV=Pull-R1S5FCV_input=subset11_Classes=3-TH=0.06_ROI=pb-20-40-60-80-PPad_pacman
2;paperSS_100-unetX2_CV=Pull-R1S5FCV_input=subset11_Classes=3-TH=0.06_ROI=pb-10-20-30-40-50-60-70-80-90-PPad_pacman
2;paperSS_100-unetX2_CV=Pull-R1S5FCV_input=subset11_Classes=3-TH=0.06_ROI=FP-ZPad_pacman
2;paperSS_100-unetX2_CV=Pull-R1S5FCV_input=subset11_Classes=3-TH=0.06_ROI=FP-PPad_pacman
2;paperSS_100-unetX2_CV=Pull-R1S5FCV_input=subset11_Classes=3-TH=0.03_ROI=segfix32-8_pacman
2;paperSS_100-unetX2_CV=Pull-R1S5FCV_input=subset11_Classes=3-TH=0.03_ROI=segfix128-8_pacman
2;paperSS_100-unetX2_CV=Pull-R1S5FCV_input=subset11_Classes=3-TH=0.03_ROI=pb-30-60-PPad_pacman
2;paperSS_100-unetX2_CV=Pull-R1S5FCV_input=subset11_Classes=3-TH=0.03_ROI=pb-25-50-75-PPad_pacman
2;paperSS_100-unetX2_CV=Pull-R1S5FCV_input=subset11_Classes=3-TH=0.03_ROI=pb-20-40-60-80-PPad_pacman
2;paperSS_100-unetX2_CV=Pull-R1S5FCV_input=subset11_Classes=3-TH=0.03_ROI=pb-10-20-30-40-50-60-70-80-90-PPad_pacman
2;paperSS_100-unetX2_CV=Pull-R1S5FCV_input=subset11_Classes=3-TH=0.03_ROI=FP-ZPad_pacman
2;paperSS_100-unetX2_CV=Pull-R1S5FCV_input=subset11_Classes=3-TH=0.03_ROI=FP-PPad_pacman
2;paperSS_100-unetX2_CV=Pull-R1S5FCV_input=subset11_Classes=3-TH=0.01_ROI=FP-ZPad_pacman
2;paperSS_100-unetX2_CV=Pull-R1S5FCV_input=subset11_Classes=3-TH=0.01_ROI=FP-PPad_pacman
2;paperSS_100-unetX2_CV=Pull-R1S5FCV_input=subset11_Classes=2_ROI=segfix32-8_pacman_PREDICTIONS
2;paperSS_100-unetX2_CV=Pull-R1S5FCV_input=subset11_Classes=2_ROI=segfix128-8_pacman_PREDICTIONS
2;paperSS_100-unetX2_CV=Pull-R1S5FCV_input=subset11_Classes=2_ROI=pb-30-60-PPad_pacman_PREDICTIONS
2;paperSS_100-unetX2_CV=Pull-R1S5FCV_input=subset11_Classes=2_ROI=pb-25-50-75-PPad_pacman_PREDICTIONS
2;paperSS_100-unetX2_CV=Pull-R1S5FCV_input=subset11_Classes=2_ROI=pb-20-40-60-80-PPad_pacman_PREDICTIONS
2;paperSS_100-unetX2_CV=Pull-R1S5FCV_input=subset11_Classes=2_ROI=pb-10-20-30-40-50-60-70-80-90-PPad_pacman_PREDICTIONS
2;paperSS_100-unetX2_CV=Pull-R1S5FCV_input=subset11_Classes=2_ROI=FP-ZPad_pacman_PREDICTIONS
2;paperSS_100-unetX2_CV=Pull-R1S5FCV_input=subset11_Classes=2_ROI=FP-PPad_pacman_PREDICTIONS
2;pani_test.in
2;packmol2
2;pack2
2;p_inf_w1
2;p_inf_w0
2;pTR1SUB45_1
2;p4Ni_2x2x2_FM
2;p10Ni_2x2x2_FM
2;p1-co2
2;p-2f
2;original_unitcell.in
2;orca_MX-CO
2;orca_96b973c
2;orca_72pbe0
2;orca_48b973c
2;orca_24
2;optimize_cuts
2;opt
2;openmm-hip
2;ooh1
2;oct-4
2;oct-3
2;oct-2
2;oct-1
2;nvtortho
2;nvt_prod1
2;nvidia-smiWed
2;numa_node
2;nowcast_v9
2;nowcast_gru_v2
2;nix-install.slurm
2;nis25x5
2;ni-scf1
2;ni-r
2;ni-band
2;neb-mig
2;nearP1I1
2;nbnd_111_smb6
2;nbnd_110_smb6
2;namss
2;namd2
2;n4300c
2;n4100c
2;mx12_12
2;mpro-abf
2;mpi
2;mp/wk_4-9-10
2;mp/wk_3-9-10
2;mof4-safe
2;mof4-fix
2;model.srm
2;mod1_Xf_frac0
2;mod12_testing
2;mn-scf
2;mlperf_storage_gendata
2;mlffpdisp-001t
2;mk_1-4
2;miniwave_uva
2;minerva-ff7fcac76ae06227
2;minerva-fe033f122d9f65ea
2;minerva-fafff4f3c128bdea
2;minerva-fa8841584da57e88
2;minerva-f644b5117b8abe28
2;minerva-f19bb4e1331e816b
2;minerva-f020b6207b8f78f4
2;minerva-ef6c1f54a182c5bf
2;minerva-e063b9b660069396
2;minerva-e024dd9e415f0f2c
2;minerva-dg-commands_training_domain_validation_robust_difex_adam_lr-0.001_best_lr_like_paper_20hz
2;minerva-dg-commands_training_domain_validation_robust_difex_adam_lr-0.001_best_lr_like_paper
2;minerva-dg-commands_training_domain_validation_robust_difex_adam_lr-0.001_20hz
2;minerva-dg-commands_training_domain_validation_robust_difex_adam_lr-0.001
2;minerva-dg-commands_training_domain_validation_robust_difex_adam_lr-0.0001_best_20hz
2;minerva-dg-commands_training_domain_validation_robust_difex_adam_lr-0.0001_best
2;minerva-dg-commands_training_domain_validation_robust_difex_adam_lr-0.0001_20hz
2;minerva-dg-commands_training_domain_validation_robust_difex_adam_lr-0.0001
2;minerva-dg-commands_training_domain_validation_rdm_adam_lr-0.001_20hz
2;minerva-dg-commands_training_domain_validation_ds_moe_lr-0.001
2;minerva-dg-commands_training_domain_validation_ds_moe_lr-0.0001
2;minerva-df8a505dfd8d9db9
2;minerva-de0cd2b6de8bc534
2;minerva-dd1d77d21f0c7e6e
2;minerva-dc7a95c8947620d6
2;minerva-d8c375b1dd932df8
2;minerva-d84228240c39fd9d
2;minerva-d6ce4fcef6ed899f
2;minerva-d396376cabc73240
2;minerva-d2641d774b07911c
2;minerva-cffd10bb17861803
2;minerva-cfec082d53524c2b
2;minerva-cfe39798a4ef33a5
2;minerva-ce484cc79030b26b
2;minerva-cab92537471a1a1b
2;minerva-c73b67a76e2451cd
2;minerva-c25e3dcdcd120ad5
2;minerva-b4b1a912c4e9c57b
2;minerva-a719bf50779acf7a
2;minerva-9f88c0dec7389fed
2;minerva-9d598d3f96845ea8
2;minerva-9c7e53baa6cca662
2;minerva-994a5f60fd91b828
2;minerva-97043ce7f85fec95
2;minerva-90d04d3533242446
2;minerva-90a9145a8a1b36d2
2;minerva-8e61f36a0d29a17b
2;minerva-8c991448366f822d
2;minerva-8bea0122c57a3581
2;minerva-88ff657e29dc0a96
2;minerva-88de24f2debf9152
2;minerva-87d4b4c8d8b22f1f
2;minerva-8617399a35a52efd
2;minerva-82b53c65128659ab
2;minerva-7cd3ac85620de7a9
2;minerva-7a5a3f8d03965240
2;minerva-764d79489fad70c4
2;minerva-729e4041871c8c69
2;minerva-6e0b255138503e0d
2;minerva-6cab76a7f824e89b
2;minerva-6c563a85123635e4
2;minerva-6aaae9a86f13914f
2;minerva-67811c5e6c94d015
2;minerva-67544a186bdf2410
2;minerva-61859c7967b1bf83
2;minerva-5f44c794b86a2970
2;minerva-5ef19e13b2dbc2e3
2;minerva-5d1e2c13194fcdec
2;minerva-58a07b5b1ee6452f
2;minerva-566be2fdddb57be7
2;minerva-565329d5dce152ad
2;minerva-562dbc4ae80c63bd
2;minerva-5371267180b19294
2;minerva-507ab5ca8b0dc922
2;minerva-50389a67f9413c43
2;minerva-4fe6575988037456
2;minerva-4fdbe5657c369fb5
2;minerva-4eed61a04f71faf2
2;minerva-4c91aa3ab3d75f1d
2;minerva-4acd0a0a1c90092e
2;minerva-495ec8228da5232f
2;minerva-474aeb6fe6fd8b17
2;minerva-4004ad18b00c4997
2;minerva-38dc7103ea7407ff
2;minerva-382fbe4e8f697396
2;minerva-35e06de1050f9ebc
2;minerva-359ddcb770b8bdcf
2;minerva-298191302b1fe080
2;minerva-26f169cd388291a0
2;minerva-2373d1444c979b82
2;minerva-22b4b29bf5dbba74
2;minerva-20fe86d301ae614e
2;minerva-1fc2cb3b9020459d
2;minerva-1b935754d8bc3340
2;minerva-1af3498245c1b0d9
2;minerva-13d8bd310b9a4a69
2;minerva-11b244a773aa2456
2;minerva-117f71231b5ad73d
2;minerva-105ad8272bc22057
2;minerva-0f33cc2f02099b3e
2;minerva-084259c93a988a51
2;minerva-08342a052ae40c8d
2;minerva-030d11ee74efd659
2;mg.D.512_intel1api.23.2
2;mg.C.32_ompi5_amd
2;mg.C
2;mg.B
2;membrana_x
2;membrana2
2;megatron_to_nemo
2;md_m3
2;md_48
2;md35_R6
2;md35_R3
2;md34_R4
2;md31_R2
2;md30_R3
2;md3-R2
2;md3-R1
2;md29_R4
2;md29_R3
2;md29_R2
2;md28_R4
2;md28_R3
2;md28_R2
2;md27_R4
2;md27_R3
2;md27_R2
2;md26_R4
2;md26_R3
2;md26_R2
2;md25_R4
2;md25_R3
2;md25_R2
2;md24_R4
2;md24_R3
2;md24_R2
2;md23_R4
2;md23_R3
2;md23_R2
2;md22_R1
2;md21_R1
2;md2-R2
2;md2-R1
2;md16_R5
2;md15_R5
2;md12_R4
2;md11_R4
2;md10_R4
2;mc_wilcoxon
2;mars129
2;mars126
2;marlin_case_9_true
2;marlin_case_8
2;marlin_case_7
2;mapas_racemicas
2;main-xf
2;main-prod
2;main-d
2;mag1scf2x2
2;mag0scf2x2
2;mace-train
2;ma21
2;m53-thio
2;m53-btt
2;m53-010
2;lu.C
2;lu.B.x.simple
2;lu.B
2;lu-mz.E.x
2;lu-mz.D.x_ompi5_gcc
2;lscpi
2;ls
2;log_md9_R2
2;log_md13_R3
2;log_NVT
2;log_1_NVT
2;lixoCO2p
2;lixoCO2
2;lineshape
2;lightweight_classifier
2;kagome_graph
2;jupyter_session
2;jacobi_streams
2;jacobi
2;is_b9
2;is_b8
2;is_b7
2;is_b6
2;is_b5
2;is_b4
2;is_b3
2;is_b2
2;is_b10
2;is_b1
2;is.D.x.amd
2;is.C
2;iron_03
2;iron_02_stackin
2;iron_02
2;iron_01_stackin
2;iron_01
2;ir_gly
2;ip_1982
2;ip_1863
2;ip_1589
2;ip_1402
2;ip_1234
2;ip_1228
2;inse-24
2;infe_1
2;infe_0
2;inf_f1
2;inf_f0
2;in_1
2;in_0
2;imgnet_1300_r2
2;imgnet_1300_r1
2;imgnet_1300_r0
2;imerg_dl
2;i_b22
2;i_b21
2;i_b20
2;i_b19
2;i_b18
2;i_b17
2;i_b16
2;i_b15
2;i_b14
2;i_b13
2;i_b12
2;i_b11
2;htp6
2;ht-inside
2;ht-atOtop
2;hseStes
2;hseOopt
2;hseCIP2x2
2;hse1
2;hsa_rerun
2;hostnamee
2;hostname
2;hosname
2;hollowBhse
2;hollow
2;het_hom_2g
2;hello_world_2.sh
2;heat3
2;hH-bands
2;gws230
2;gwn861
2;gwn2869
2;gwn2868
2;gwn2867
2;gwn2866
2;gwn2865
2;gwn2864
2;gwn2863
2;gwn2862
2;gwn2861
2;gwn2860
2;gwn2859
2;gwn2858
2;gwn2857
2;gwn2856
2;gwn2855
2;gwn2854
2;gwn2853
2;gwn2852
2;gwn2851
2;gwn2850
2;gwn2849
2;gwn2848
2;gwn2847
2;gwn2846
2;gwn2845
2;gwn2844
2;gwn2843
2;gwn2842
2;gwn2841
2;gwn2840
2;gwn2839
2;gwn2838
2;gwn2837
2;gwn2836
2;gwn2835
2;gwn2834
2;gwn2833
2;gwn2832
2;gwn2831
2;gwn2830
2;gwn2829
2;gwn2828
2;gwn2827
2;gwn2826
2;gwn2825
2;gwn2824
2;gwn2823
2;gwn2822
2;gwn2821
2;gwn2820
2;gwn2819
2;gwn2818
2;gwn2817
2;gwn2816
2;gwn2815
2;gwn2814
2;gwn2813
2;gwn2812
2;gwn2811
2;gwn2810
2;gwn2809
2;gwn2808
2;gwn2807
2;gwn2806
2;gwn2805
2;gwn2804
2;gwn2803
2;gwn2802
2;gwn2801
2;gwn2800
2;gwn2799
2;gwn2798
2;gwn2797
2;gwn2796
2;gwn2795
2;gwn2794
2;gwn2793
2;gwn2792
2;gwn2791
2;gwn2790
2;gwn2789
2;gwn2788
2;gwn2787
2;gwn2786
2;gwn2785
2;gwn2784
2;gwn2783
2;gwn2782
2;gwn2781
2;gwn2780
2;gwn2779
2;gwn2778
2;gwn2777
2;gwn2776
2;gwn2775
2;gwn2774
2;gwn2773
2;gwn2772
2;gwn2771
2;gwn2770
2;gwn2769
2;gwn2768
2;gwn2767
2;gwn2766
2;gwn2765
2;gwn2764
2;gwn2763
2;gwn2762
2;gwn2761
2;gwn2760
2;gwn2759
2;gwn2758
2;gwn2757
2;gwn2756
2;gwn2755
2;gwn2754
2;gwn2753
2;gwn2752
2;gwn2751
2;gwn2750
2;gwn2749
2;gwn2748
2;gwn2747
2;gwn2746
2;gwn2745
2;gwn2744
2;gwn2743
2;gwn2742
2;gwn2741
2;gwn2740
2;gwn2739
2;gwn2738
2;gwn2737
2;gwn2736
2;gwn2735
2;gwn2734
2;gwn2733
2;gwn2732
2;gwn2731
2;gwn2730
2;gwn2729
2;gwn2728
2;gwn2727
2;gwn2726
2;gwn2725
2;gwn2724
2;gwn2723
2;gwn2722
2;gwn2721
2;gwn2720
2;gwn2719
2;gwn2718
2;gwn2717
2;gwn2716
2;gwn2715
2;gwn2714
2;gwn2713
2;gwn2712
2;gwn2711
2;gwn2710
2;gwn2709
2;gwn2708
2;gwn2707
2;gwn2706
2;gwn2705
2;gwn2704
2;gwn2703
2;gwn2702
2;gwn2701
2;gwn2700
2;gwn2699
2;gwn2698
2;gwn2697
2;gwn2696
2;gwn2695
2;gwn2694
2;gwn2693
2;gwn2692
2;gwn2691
2;gwn2690
2;gwn2689
2;gwn2688
2;gwn2687
2;gwn2686
2;gwn2685
2;gwn2684
2;gwn2683
2;gwn2682
2;gwn2681
2;gwn2680
2;gwn2679
2;gwn2678
2;gwn2677
2;gwn2676
2;gwn2675
2;gwn2674
2;gwn2673
2;gwn2672
2;gwn2671
2;gwn2670
2;gwn2669
2;gwn2668
2;gwn2667
2;gwn2666
2;gwn2665
2;gwn2664
2;gwn2663
2;gwn2662
2;gwn2661
2;gwn2403
2;gwa956
2;gwa872
2;guillermo.carrillo
2;gsmap_concat
2;gromacs:2020.2-arm64
2;greedy_search_mRMR_7d
2;grade_jsons
2;gnn_v4_w3
2;gnn_v3
2;gnn_v2
2;gnn_rain
2;gmx_traj_protein_concat
2;gmx_2gpu
2;gmn3533
2;gmn2999
2;gmn2998
2;gmn2997
2;gmn2996
2;gmn2995
2;gmn2994
2;gmn2993
2;gmn2992
2;gmn2991
2;gmn2990
2;gmn299
2;gmn2989
2;gmn2988
2;gmn2987
2;gmn2986
2;gmn2985
2;gmn2984
2;gmn2983
2;gmn2982
2;gmn2981
2;gmn2980
2;gmn298
2;gmn2979
2;gmn2978
2;gmn2977
2;gmn2976
2;gmn2975
2;gmn2974
2;gmn2973
2;gmn2972
2;gmn2971
2;gmn2970
2;gmn297
2;gmn2969
2;gmn2968
2;gmn2967
2;gmn2966
2;gmn2965
2;gmn2964
2;gmn2963
2;gmn2962
2;gmn2961
2;gmn2960
2;gmn296
2;gmn2959
2;gmn2958
2;gmn2957
2;gmn2956
2;gmn2955
2;gmn2954
2;gmn2953
2;gmn2952
2;gmn2951
2;gmn2950
2;gmn295
2;gmn2949
2;gmn2948
2;gmn2947
2;gmn2946
2;gmn2945
2;gmn2944
2;gmn2943
2;gmn2942
2;gmn2941
2;gmn2940
2;gmn294
2;gmn2939
2;gmn2938
2;gmn2937
2;gmn2936
2;gmn2935
2;gmn2934
2;gmn2933
2;gmn2932
2;gmn2931
2;gmn2930
2;gmn293
2;gmn2929
2;gmn2928
2;gmn2927
2;gmn2926
2;gmn2925
2;gmn2924
2;gmn2923
2;gmn2922
2;gmn2921
2;gmn2920
2;gmn292
2;gmn2919
2;gmn2918
2;gmn2917
2;gmn2916
2;gmn2915
2;gmn2914
2;gmn2913
2;gmn2912
2;gmn2911
2;gmn2910
2;gmn291
2;gmn2909
2;gmn2908
2;gmn2907
2;gmn2906
2;gmn2905
2;gmn2904
2;gmn2903
2;gmn2902
2;gmn2901
2;gmn2900
2;gmn290
2;gmn29
2;gmn2899
2;gmn2898
2;gmn2897
2;gmn2896
2;gmn2895
2;gmn2894
2;gmn2893
2;gmn2892
2;gmn2891
2;gmn2890
2;gmn289
2;gmn2889
2;gmn2888
2;gmn2887
2;gmn2886
2;gmn2885
2;gmn2884
2;gmn2883
2;gmn2882
2;gmn2881
2;gmn2880
2;gmn288
2;gmn2879
2;gmn2878
2;gmn2877
2;gmn2876
2;gmn2875
2;gmn2874
2;gmn2873
2;gmn2872
2;gmn2871
2;gmn2870
2;gmn287
2;gmn2869
2;gmn2868
2;gmn2867
2;gmn2866
2;gmn2865
2;gmn2864
2;gmn2863
2;gmn2862
2;gmn2861
2;gmn2860
2;gmn286
2;gmn2859
2;gmn2858
2;gmn2857
2;gmn2856
2;gmn2855
2;gmn2854
2;gmn2853
2;gmn2852
2;gmn2851
2;gmn2850
2;gmn285
2;gmn2849
2;gmn2848
2;gmn2847
2;gmn2846
2;gmn2845
2;gmn2844
2;gmn2843
2;gmn2842
2;gmn2841
2;gmn2840
2;gmn284
2;gmn2839
2;gmn2838
2;gmn2837
2;gmn2836
2;gmn2835
2;gmn2834
2;gmn2833
2;gmn2832
2;gmn2831
2;gmn2830
2;gmn283
2;gmn2829
2;gmn2828
2;gmn2827
2;gmn2826
2;gmn2825
2;gmn2824
2;gmn2823
2;gmn2822
2;gmn2821
2;gmn2820
2;gmn282
2;gmn2819
2;gmn2818
2;gmn2817
2;gmn2816
2;gmn2815
2;gmn2814
2;gmn2813
2;gmn2812
2;gmn2811
2;gmn2810
2;gmn281
2;gmn2809
2;gmn2808
2;gmn2807
2;gmn2806
2;gmn2805
2;gmn2804
2;gmn2803
2;gmn2802
2;gmn2801
2;gmn2800
2;gmn280
2;gmn28
2;gmn2799
2;gmn2798
2;gmn2797
2;gmn2796
2;gmn2795
2;gmn2794
2;gmn2793
2;gmn2792
2;gmn2791
2;gmn2790
2;gmn279
2;gmn2789
2;gmn2788
2;gmn2787
2;gmn2786
2;gmn2785
2;gmn2784
2;gmn2783
2;gmn2782
2;gmn2781
2;gmn2780
2;gmn278
2;gmn2779
2;gmn2778
2;gmn2777
2;gmn2776
2;gmn2775
2;gmn2774
2;gmn2773
2;gmn2772
2;gmn2771
2;gmn2770
2;gmn277
2;gmn2769
2;gmn2768
2;gmn2767
2;gmn2766
2;gmn2765
2;gmn2764
2;gmn2763
2;gmn2762
2;gmn2761
2;gmn2760
2;gmn276
2;gmn2759
2;gmn2758
2;gmn2757
2;gmn2756
2;gmn2755
2;gmn2754
2;gmn2753
2;gmn2752
2;gmn2751
2;gmn2750
2;gmn275
2;gmn2749
2;gmn2748
2;gmn2747
2;gmn2746
2;gmn2745
2;gmn2744
2;gmn2743
2;gmn2742
2;gmn2741
2;gmn2740
2;gmn274
2;gmn2739
2;gmn2738
2;gmn2737
2;gmn2736
2;gmn2735
2;gmn2734
2;gmn2733
2;gmn2732
2;gmn2731
2;gmn2730
2;gmn273
2;gmn2729
2;gmn2728
2;gmn2727
2;gmn2726
2;gmn2725
2;gmn2724
2;gmn2723
2;gmn2722
2;gmn2721
2;gmn2720
2;gmn272
2;gmn2719
2;gmn2718
2;gmn2717
2;gmn2716
2;gmn2715
2;gmn2714
2;gmn2713
2;gmn2712
2;gmn2711
2;gmn2710
2;gmn271
2;gmn2709
2;gmn2708
2;gmn2707
2;gmn2706
2;gmn2705
2;gmn2704
2;gmn2703
2;gmn2702
2;gmn2701
2;gmn2700
2;gmn270
2;gmn2699
2;gmn2698
2;gmn2697
2;gmn2696
2;gmn2695
2;gmn2694
2;gmn2693
2;gmn2692
2;gmn2691
2;gmn2690
2;gmn269
2;gmn2689
2;gmn2688
2;gmn2687
2;gmn2686
2;gmn2685
2;gmn2684
2;gmn2683
2;gmn2682
2;gmn2681
2;gmn2680
2;gmn268
2;gmn2679
2;gmn2678
2;gmn2677
2;gmn2676
2;gmn2675
2;gmn2674
2;gmn2673
2;gmn2672
2;gmn2671
2;gmn2670
2;gmn267
2;gmn2669
2;gmn2668
2;gmn2667
2;gmn2666
2;gmn2665
2;gmn2664
2;gmn2663
2;gmn2662
2;gmn2661
2;gmn2660
2;gmn266
2;gmn2659
2;gmn2658
2;gmn2657
2;gmn2656
2;gmn2655
2;gmn2654
2;gmn2653
2;gmn2652
2;gmn2651
2;gmn2650
2;gmn265
2;gmn2649
2;gmn2648
2;gmn2647
2;gmn2646
2;gmn2645
2;gmn2644
2;gmn2643
2;gmn2642
2;gmn2641
2;gmn2640
2;gmn264
2;gmn2639
2;gmn2638
2;gmn2637
2;gmn2636
2;gmn2635
2;gmn2634
2;gmn2633
2;gmn2632
2;gmn2631
2;gmn2630
2;gmn263
2;gmn2629
2;gmn2628
2;gmn2627
2;gmn2626
2;gmn2625
2;gmn2624
2;gmn2623
2;gmn2622
2;gmn2621
2;gmn2620
2;gmn262
2;gmn2619
2;gmn2618
2;gmn2617
2;gmn2616
2;gmn2615
2;gmn2614
2;gmn2613
2;gmn2612
2;gmn2611
2;gmn2610
2;gmn261
2;gmn2609
2;gmn2608
2;gmn2607
2;gmn2606
2;gmn2605
2;gmn2604
2;gmn2603
2;gmn2602
2;gmn2601
2;gmn2600
2;gmn260
2;gmn2599
2;gmn2598
2;gmn2597
2;gmn2596
2;gmn2595
2;gmn2594
2;gmn2593
2;gmn2592
2;gmn2591
2;gmn2590
2;gmn259
2;gmn2589
2;gmn2588
2;gmn2587
2;gmn2586
2;gmn2585
2;gmn2584
2;gmn2583
2;gmn2582
2;gmn2581
2;gmn2580
2;gmn258
2;gmn2579
2;gmn2578
2;gmn2577
2;gmn2576
2;gmn2575
2;gmn2574
2;gmn2573
2;gmn2572
2;gmn2571
2;gmn2570
2;gmn257
2;gmn2569
2;gmn2568
2;gmn2567
2;gmn2566
2;gmn2565
2;gmn2564
2;gmn2563
2;gmn2562
2;gmn2561
2;gmn2560
2;gmn256
2;gmn2559
2;gmn2558
2;gmn2557
2;gmn2556
2;gmn2555
2;gmn2554
2;gmn2553
2;gmn2552
2;gmn2551
2;gmn2550
2;gmn255
2;gmn2549
2;gmn2548
2;gmn2547
2;gmn2546
2;gmn2545
2;gmn2544
2;gmn2543
2;gmn2542
2;gmn2541
2;gmn2540
2;gmn254
2;gmn2539
2;gmn2538
2;gmn2537
2;gmn2536
2;gmn2535
2;gmn2534
2;gmn2533
2;gmn2532
2;gmn2531
2;gmn2530
2;gmn253
2;gmn2529
2;gmn2528
2;gmn2527
2;gmn2526
2;gmn2525
2;gmn2524
2;gmn2523
2;gmn2522
2;gmn2521
2;gmn2520
2;gmn252
2;gmn2519
2;gmn2518
2;gmn2517
2;gmn2516
2;gmn2515
2;gmn2514
2;gmn2513
2;gmn2512
2;gmn2511
2;gmn2510
2;gmn251
2;gmn2509
2;gmn2508
2;gmn2507
2;gmn2506
2;gmn2505
2;gmn2504
2;gmn2503
2;gmn2502
2;gmn2501
2;gmn2500
2;gmn250
2;gmn2499
2;gmn2498
2;gmn2497
2;gmn2496
2;gmn2495
2;gmn2494
2;gmn2493
2;gmn2492
2;gmn2491
2;gmn2490
2;gmn249
2;gmn2489
2;gmn2488
2;gmn2487
2;gmn2486
2;gmn2485
2;gmn2484
2;gmn2483
2;gmn2482
2;gmn2481
2;gmn2480
2;gmn248
2;gmn2479
2;gmn2478
2;gmn2477
2;gmn2476
2;gmn2475
2;gmn2474
2;gmn2473
2;gmn2472
2;gmn2471
2;gmn2470
2;gmn247
2;gmn2469
2;gmn2468
2;gmn2467
2;gmn2466
2;gmn2465
2;gmn2464
2;gmn2463
2;gmn2462
2;gmn2461
2;gmn2460
2;gmn246
2;gmn2459
2;gmn2458
2;gmn2457
2;gmn2456
2;gmn2455
2;gmn2454
2;gmn2453
2;gmn2452
2;gmn2451
2;gmn2450
2;gmn245
2;gmn2449
2;gmn2448
2;gmn2447
2;gmn2446
2;gmn2445
2;gmn2444
2;gmn2443
2;gmn2442
2;gmn2441
2;gmn2440
2;gmn244
2;gmn2439
2;gmn2438
2;gmn2437
2;gmn2436
2;gmn2435
2;gmn2434
2;gmn2433
2;gmn2432
2;gmn2430
2;gmn243
2;gmn2429
2;gmn2428
2;gmn2427
2;gmn2426
2;gmn2425
2;gmn2424
2;gmn2423
2;gmn2422
2;gmn2421
2;gmn2420
2;gmn242
2;gmn2419
2;gmn2418
2;gmn2417
2;gmn2416
2;gmn2415
2;gmn2414
2;gmn2413
2;gmn2412
2;gmn2411
2;gmn2410
2;gmn241
2;gmn2409
2;gmn2408
2;gmn2407
2;gmn2406
2;gmn2405
2;gmn2404
2;gmn2403
2;gmn2402
2;gmn2401
2;gmn2400
2;gmn240
2;gmn2399
2;gmn2398
2;gmn2397
2;gmn2396
2;gmn2395
2;gmn2394
2;gmn2393
2;gmn2392
2;gmn2391
2;gmn2390
2;gmn239
2;gmn2389
2;gmn2388
2;gmn2387
2;gmn2386
2;gmn2385
2;gmn2384
2;gmn2383
2;gmn2382
2;gmn2381
2;gmn2380
2;gmn238
2;gmn2379
2;gmn2378
2;gmn2377
2;gmn2376
2;gmn2375
2;gmn2374
2;gmn2373
2;gmn2372
2;gmn2371
2;gmn2370
2;gmn237
2;gmn2369
2;gmn2368
2;gmn2367
2;gmn2366
2;gmn2365
2;gmn2364
2;gmn2363
2;gmn2362
2;gmn2361
2;gmn2360
2;gmn236
2;gmn2359
2;gmn2358
2;gmn2357
2;gmn2356
2;gmn2355
2;gmn2354
2;gmn2353
2;gmn2352
2;gmn2351
2;gmn2350
2;gmn235
2;gmn2349
2;gmn2348
2;gmn2347
2;gmn2346
2;gmn2345
2;gmn2344
2;gmn2343
2;gmn2342
2;gmn2341
2;gmn2340
2;gmn234
2;gmn2339
2;gmn2338
2;gmn2337
2;gmn2336
2;gmn2335
2;gmn2334
2;gmn2333
2;gmn2332
2;gmn2331
2;gmn2330
2;gmn233
2;gmn2329
2;gmn2328
2;gmn2327
2;gmn2326
2;gmn2325
2;gmn2324
2;gmn2323
2;gmn2322
2;gmn2321
2;gmn2320
2;gmn232
2;gmn2319
2;gmn2318
2;gmn2317
2;gmn2316
2;gmn2315
2;gmn2314
2;gmn2313
2;gmn2312
2;gmn2311
2;gmn2310
2;gmn231
2;gmn2309
2;gmn2308
2;gmn2307
2;gmn2306
2;gmn2305
2;gmn2304
2;gmn2303
2;gmn2302
2;gmn2301
2;gmn2300
2;gmn230
2;gmn2299
2;gmn2298
2;gmn2297
2;gmn2296
2;gmn2295
2;gmn2294
2;gmn2293
2;gmn2292
2;gmn2291
2;gmn2290
2;gmn229
2;gmn2289
2;gmn2288
2;gmn2287
2;gmn2286
2;gmn2285
2;gmn2284
2;gmn2283
2;gmn2282
2;gmn2281
2;gmn2280
2;gmn228
2;gmn2279
2;gmn2278
2;gmn2277
2;gmn2276
2;gmn2275
2;gmn2274
2;gmn2273
2;gmn2272
2;gmn2271
2;gmn2270
2;gmn227
2;gmn2269
2;gmn2268
2;gmn2267
2;gmn2266
2;gmn2265
2;gmn2264
2;gmn2263
2;gmn2262
2;gmn2261
2;gmn2260
2;gmn226
2;gmn2259
2;gmn2258
2;gmn2257
2;gmn2256
2;gmn2255
2;gmn2254
2;gmn2253
2;gmn2252
2;gmn2251
2;gmn2250
2;gmn225
2;gmn2249
2;gmn2248
2;gmn2247
2;gmn2246
2;gmn2245
2;gmn2244
2;gmn2243
2;gmn2242
2;gmn2241
2;gmn2240
2;gmn224
2;gmn2239
2;gmn2238
2;gmn2237
2;gmn2236
2;gmn2235
2;gmn2234
2;gmn2233
2;gmn2232
2;gmn2231
2;gmn2230
2;gmn223
2;gmn2229
2;gmn2228
2;gmn2227
2;gmn2226
2;gmn2225
2;gmn2224
2;gmn2223
2;gmn2222
2;gmn2221
2;gmn2220
2;gmn222
2;gmn2219
2;gmn2218
2;gmn2217
2;gmn2216
2;gmn2215
2;gmn2214
2;gmn2213
2;gmn2212
2;gmn2211
2;gmn2210
2;gmn221
2;gmn2209
2;gmn2208
2;gmn2207
2;gmn2206
2;gmn2205
2;gmn2204
2;gmn2203
2;gmn2202
2;gmn2201
2;gmn2200
2;gmn220
2;gmn2199
2;gmn2198
2;gmn2197
2;gmn2196
2;gmn2195
2;gmn2194
2;gmn2193
2;gmn2192
2;gmn2191
2;gmn2190
2;gmn219
2;gmn2189
2;gmn2188
2;gmn2187
2;gmn2186
2;gmn2185
2;gmn2184
2;gmn2183
2;gmn2182
2;gmn2181
2;gmn2180
2;gmn218
2;gmn2179
2;gmn2178
2;gmn2177
2;gmn2176
2;gmn2175
2;gmn2174
2;gmn2173
2;gmn2172
2;gmn2171
2;gmn2170
2;gmn217
2;gmn2169
2;gmn2168
2;gmn2167
2;gmn2166
2;gmn2165
2;gmn2164
2;gmn2163
2;gmn2162
2;gmn2161
2;gmn2160
2;gmn216
2;gmn2159
2;gmn2158
2;gmn2157
2;gmn2156
2;gmn2155
2;gmn2154
2;gmn2153
2;gmn2152
2;gmn2151
2;gmn2150
2;gmn215
2;gmn2149
2;gmn2148
2;gmn2147
2;gmn2146
2;gmn2145
2;gmn2144
2;gmn2143
2;gmn2142
2;gmn2141
2;gmn2140
2;gmn214
2;gmn2139
2;gmn2138
2;gmn2137
2;gmn2136
2;gmn2135
2;gmn2134
2;gmn2133
2;gmn2132
2;gmn2131
2;gmn2130
2;gmn213
2;gmn2129
2;gmn2128
2;gmn2127
2;gmn2126
2;gmn2125
2;gmn2124
2;gmn2123
2;gmn2122
2;gmn2121
2;gmn2120
2;gmn212
2;gmn2119
2;gmn2118
2;gmn2117
2;gmn2116
2;gmn2115
2;gmn2114
2;gmn2113
2;gmn2112
2;gmn2111
2;gmn2110
2;gmn211
2;gmn2109
2;gmn2108
2;gmn2107
2;gmn2106
2;gmn2105
2;gmn2104
2;gmn2103
2;gmn2102
2;gmn2101
2;gmn21000
2;gmn2100
2;gmn210
2;gma961
2;gma3533
2;gm_tup96
2;gm_tup84
2;gm_lib84
2;gm_lib72
2;gm_lib36
2;gh43_r1_180_200
2;gh43_90_100
2;gh43_80_90
2;gh43_70_80
2;gh200_mpi24_omp02_elpa_default
2;gh200_mpi12_omp04_elpa_default
2;gh200_mpi08_omp12_elpa_default
2;gh200_mpi08_omp06_elpa_default
2;gh200_mpi08_omp06_elpa_avxblock6
2;gh200_mpi06_omp08_elpa_default
2;gh200_mpi04_omp12_elpa_default
2;gh128_u_21
2;gh128_u_20
2;gh128_u_19
2;gh128_u_18
2;gen_darcy
2;g0w0
2;full_finetune_job_pimagenet_fboth_N_r0
2;full_finetune_job_pf3_N_fboth_N_r0
2;ftr005-1000
2;ft.D.512_intel1api.23.2
2;frm2b5
2;freeze_dispatch_adamw.sh
2;free
2;fm2trip
2;flavibanda_sem_acopla
2;flapwmbpt_ini.py
2;fit363
2;fit1020
2;finetune_seismic_job
2;filters_job
2;fi_150
2;fi_120
2;ffn2npert
2;feedback_logits_analysis_script.py
2;fe-ooh-s
2;f_inf_w1
2;f_inf_w0
2;f8mxene-ti3c2o2
2;f16mxene-ti3c2o2-96
2;f-thio
2;f-ems
2;f-btt-3
2;f-btt
2;extrai_grade_br
2;extract_motion
2;exec_oneapi.25.3
2;exact
2;eval_UNet-12min-03img-Lightning-Raw
2;eval_UNet-12min-03img-Lightning-QC-dBZ
2;eval_FTUNet-12min-03img-Lightning-QC-ET35
2;etupgh3
2;etsh
2;etohC
2;etil-4
2;eththr4
2;eththr3
2;eththr2
2;etghthr4
2;etghthr3
2;etghthr2
2;eta-3
2;error-152
2;eps_sub
2;ep.D.x.amd
2;ep.C
2;ensemble_eval
2;em.sh
2;elmithr2
2;elibgh4
2;eli_gh_4
2;egh2w143
2;ef-0.03Gr_CIPS_SiO2n
2;echo
2;ech_gh_4g
2;ech_gh_3g
2;ebmithr4
2;ebghthr6
2;ebghthr5
2;ebghthr4
2;ebghthr3
2;eUNet-12min-03img-Lightning-QC-dBZ
2;eUNet-12min-03img-Lightning-QC-ET35
2;eConvLSTM-06min-06img-Lightning-QC
2;eConvLSTM-06min-03img-Lightning-QC
2;e7polaron_Fe2O3
2;e5polaron_Fe2O3
2;e300
2;e2co_transformers_try0
2;e2co_localized_try0
2;e2co_full_try0
2;e2co.index99.try3
2;e2co.index99.try2
2;e2co.index99.try1
2;e2co.index99.try0
2;e2co.index98.try3
2;e2co.index98.try2
2;e2co.index98.try1
2;e2co.index98.try0
2;e2co.index97.try3
2;e2co.index97.try2
2;e2co.index97.try1
2;e2co.index97.try0
2;e2co.index134.try3
2;e2co.index134.try2
2;e2co.index134.try1
2;e2co.index134.try0
2;e2co.index133.try3
2;e2co.index133.try2
2;e2co.index133.try1
2;e2co.index133.try0
2;e2co.index132.try3
2;e2co.index132.try2
2;e2co.index132.try1
2;e2co.index132.try0
2;e2co.index131.try3
2;e2co.index131.try2
2;e2co.index131.try1
2;e2co.index131.try0
2;e2co.index130.try3
2;e2co.index130.try2
2;e2co.index130.try1
2;e2co.index130.try0
2;e2co.index129.try3
2;e2co.index129.try2
2;e2co.index129.try1
2;e2co.index129.try0
2;e2co.index128.try3
2;e2co.index128.try2
2;e2co.index128.try1
2;e2co.index128.try0
2;e2co.index127.try3
2;e2co.index127.try2
2;e2co.index127.try1
2;e2co.index126.try3
2;e2co.index126.try2
2;e2co.index126.try1
2;e2co.index126.try0
2;e2co.index125.try3
2;e2co.index125.try2
2;e2co.index125.try1
2;e2co.index125.try0
2;e2co.index124.try3
2;e2co.index124.try2
2;e2co.index124.try1
2;e2co.index124.try0
2;e2co.index123.try3
2;e2co.index123.try2
2;e2co.index123.try1
2;e2co.index123.try0
2;e2co.index122.try3
2;e2co.index122.try2
2;e2co.index122.try1
2;e2co.index122.try0
2;e2co.index121.try3
2;e2co.index121.try2
2;e2co.index121.try1
2;e2co.index121.try0
2;e2co.index120.try3
2;e2co.index120.try2
2;e2co.index120.try1
2;e2co.index120.try0
2;e2co.index119.try3
2;e2co.index119.try2
2;e2co.index119.try1
2;e2co.index119.try0
2;e2co.index118.try3
2;e2co.index118.try2
2;e2co.index118.try1
2;e2co.index118.try0
2;e2co.index117.try3
2;e2co.index117.try2
2;e2co.index117.try1
2;e2co.index117.try0
2;e2co.index116.try3
2;e2co.index116.try2
2;e2co.index116.try1
2;e2co.index116.try0
2;e2co.index115.try3
2;e2co.index115.try2
2;e2co.index115.try1
2;e2co.index115.try0
2;e2co.index114.try3
2;e2co.index114.try2
2;e2co.index114.try1
2;e2co.index114.try0
2;e2co.index113.try3
2;e2co.index113.try2
2;e2co.index113.try1
2;e2co.index113.try0
2;e2co.index112.try3
2;e2co.index112.try2
2;e2co.index112.try1
2;e2co.index112.try0
2;e2co.index111.try3
2;e2co.index111.try2
2;e2co.index111.try1
2;e2co.index111.try0
2;e2co.index110.try3
2;e2co.index110.try2
2;e2co.index110.try1
2;e2co.index110.try0
2;e2co.index109.try3
2;e2co.index109.try2
2;e2co.index109.try1
2;e2co.index109.try0
2;e2co.index108.try3
2;e2co.index108.try2
2;e2co.index108.try1
2;e2co.index108.try0
2;e2co.index107.try3
2;e2co.index107.try2
2;e2co.index107.try1
2;e2co.index107.try0
2;e2co.index106.try3
2;e2co.index106.try2
2;e2co.index106.try1
2;e2co.index106.try0
2;e2co.index105.try3
2;e2co.index105.try2
2;e2co.index105.try1
2;e2co.index105.try0
2;e2co.index104.try3
2;e2co.index104.try2
2;e2co.index104.try1
2;e2co.index104.try0
2;e2co.index103.try3
2;e2co.index103.try2
2;e2co.index103.try1
2;e2co.index103.try0
2;e2co.index102.try3
2;e2co.index102.try2
2;e2co.index102.try1
2;e2co.index102.try0
2;e2co.index101.try3
2;e2co.index101.try2
2;e2co.index101.try1
2;e2co.index101.try0
2;e2co.index100.try3
2;e2co.index100.try2
2;e2co.index100.try1
2;e2co.index100.try0
2;dyna_1
2;drivtu2a
2;drivli2c
2;drivli2b
2;drivbu1a
2;dri0tu2b
2;dri0tu2a
2;dri0tu1c
2;dri0tu1b
2;dri0tu1a
2;dri0li1c
2;dri0li1b
2;dri0li1a
2;dri0bu1c
2;dri0bu1b
2;dri0bu1a
2;dream_1
2;dp399
2;dp398
2;dp397
2;dp396
2;dp395
2;dp394
2;dp393
2;dp392
2;dp391
2;dp390
2;dp39
2;dp389
2;dp388
2;dp387
2;dp386
2;dp385
2;dp384
2;dp383
2;dp382
2;dp381
2;dp380
2;dp38
2;dp379
2;dp378
2;dp377
2;dp376
2;dp375
2;dp374
2;dp373
2;dp372
2;dp371
2;dp370
2;dp37
2;dp369
2;dp368
2;dp367
2;dp366
2;dp365
2;dp364
2;dp363
2;dp362
2;dp361
2;dp360
2;dp36
2;dp359
2;dp358
2;dp357
2;dp356
2;dp355
2;dp354
2;dp353
2;dp352
2;dp351
2;dp350
2;dp35
2;dp349
2;dp348
2;dp347
2;dp346
2;dp345
2;dp344
2;dp343
2;dp342
2;dp341
2;dp340
2;dp34
2;dp339
2;dp338
2;dp337
2;dp336
2;dp335
2;dp334
2;dp333
2;dp332
2;dp331
2;dp330
2;dp33
2;dp329
2;dp328
2;dp327
2;dp326
2;dp325
2;dp324
2;dp323
2;dp3228
2;dp3227
2;dp3226
2;dp3225
2;dp3224
2;dp3223
2;dp3222
2;dp3221
2;dp3220
2;dp322
2;dp3219
2;dp3218
2;dp3217
2;dp3216
2;dp3215
2;dp3214
2;dp3213
2;dp3212
2;dp3211
2;dp3210
2;dp321
2;dp3209
2;dp3208
2;dp3207
2;dp3206
2;dp3205
2;dp3204
2;dp3203
2;dp3202
2;dp3201
2;dp3200
2;dp320
2;dp32
2;dp3199
2;dp3198
2;dp3197
2;dp3196
2;dp3195
2;dp3194
2;dp3193
2;dp3192
2;dp3191
2;dp3190
2;dp319
2;dp3189
2;dp3188
2;dp3187
2;dp3186
2;dp3185
2;dp3184
2;dp3183
2;dp3182
2;dp3181
2;dp3180
2;dp318
2;dp3179
2;dp3178
2;dp3177
2;dp3176
2;dp3175
2;dp3174
2;dp3173
2;dp3172
2;dp3171
2;dp3170
2;dp317
2;dp3169
2;dp3168
2;dp3167
2;dp3166
2;dp3165
2;dp3164
2;dp3163
2;dp3162
2;dp3161
2;dp3160
2;dp316
2;dp3159
2;dp3158
2;dp3157
2;dp3156
2;dp3155
2;dp3154
2;dp3153
2;dp3152
2;dp3151
2;dp3150
2;dp315
2;dp3149
2;dp3148
2;dp3147
2;dp3146
2;dp3145
2;dp3144
2;dp3143
2;dp3142
2;dp3141
2;dp3140
2;dp314
2;dp3139
2;dp3138
2;dp3137
2;dp3136
2;dp3135
2;dp3134
2;dp3133
2;dp3132
2;dp3131
2;dp3130
2;dp313
2;dp3129
2;dp3128
2;dp3127
2;dp3126
2;dp3125
2;dp3124
2;dp3123
2;dp3122
2;dp3121
2;dp3120
2;dp312
2;dp3119
2;dp3118
2;dp3117
2;dp3116
2;dp3115
2;dp3114
2;dp3113
2;dp3112
2;dp3111
2;dp3110
2;dp311
2;dp3109
2;dp3108
2;dp3107
2;dp3106
2;dp3105
2;dp3104
2;dp3103
2;dp3102
2;dp3101
2;dp3100
2;dp310
2;dp31
2;dp2500
2;dp2499
2;dp2498
2;dp2497
2;dp2496
2;dp2495
2;dp2494
2;dp2493
2;dp2492
2;dp2491
2;dp2490
2;dp2489
2;dp2488
2;dp2487
2;dp2486
2;dp2485
2;dp1108
2;dp1107
2;dp1106
2;dp1105
2;dp1104
2;dp1103
2;dosVac_ads
2;dos1LNOFM
2;dos1CIO3LNOAFMAup
2;dos-composito-4lmls
2;dopado
2;domi
2;docker_test
2;dockdesign_mpi
2;dmesg
2;dispatch_v4_adamw.sh
2;dispatch_eradio_ft.sh
2;die-Form
2;diag_rede
2;diag2Nodes
2;dftmos
2;dft+u4.5SmB6_NM_fino
2;df
2;devito-mgpu
2;depth-mask
2;delete-files
2;deepseek_final_v3
2;deepseek_final
2;deeprock-sr_dlv3_random_linear
2;deeprock-sr_dlv3_random
2;deeprock-sr_dlv3_imagenet_linear
2;deeprock-sr_dlv3_imagenet_freeze_linear
2;deeprock-semblance_dlv3_random_linear
2;deeprock-semblance_dlv3_random
2;deeprock-semblance_dlv3_imagenet_linear
2;deeprock-semblance_dlv3_imagenet_freeze_linear
2;deeprock-semblance_dlv3_imagenet_freeze
2;deeprock-semblance_dlv3_imagenet
2;deeprock-salt_dlv3_random_linear
2;deeprock-salt_dlv3_random
2;deeprock-salt_dlv3_imagenet_linear
2;deeprock-salt_dlv3_imagenet_freeze_linear
2;deeprock-salt_dlv3_imagenet_freeze
2;deeprock-salt_dlv3_imagenet
2;deeprock-fe3409edb23319bf
2;deeprock-fc39f3c5c829c92b
2;deeprock-facies_dlv3_random_linear
2;deeprock-facies_dlv3_random
2;deeprock-facies_dlv3_imagenet_linear
2;deeprock-facies_dlv3_imagenet_freeze_linear
2;deeprock-facies_dlv3_imagenet_freeze
2;deeprock-facies_dlv3_imagenet
2;deeprock-f987c1455c52ef49
2;deeprock-f89c87a863a33555
2;deeprock-f2bb3f13e1025ecf
2;deeprock-f26fee0c597cfb78
2;deeprock-f1bf34481acf58d2
2;deeprock-envelope_dlv3_random_linear
2;deeprock-envelope_dlv3_random
2;deeprock-envelope_dlv3_imagenet_linear
2;deeprock-envelope_dlv3_imagenet_freeze_linear
2;deeprock-envelope_dlv3_imagenet_freeze
2;deeprock-envelope_dlv3_imagenet
2;deeprock-ef71204a5d5c81a2
2;deeprock-ee842d8ffb1220e9
2;deeprock-eb904985633bca19
2;deeprock-e6b26d13cf9d43fd
2;deeprock-e374f65ff2b7f5ef
2;deeprock-dfdcb3850e65d035
2;deeprock-d569511ed82cd3ec
2;deeprock-d0ccaf81637a071a
2;deeprock-channel_dlv3_random_linear
2;deeprock-channel_dlv3_imagenet_linear
2;deeprock-channel_dlv3_imagenet_freeze_linear
2;deeprock-channel_dlv3_imagenet_freeze
2;deeprock-channel_dlv3_imagenet
2;deeprock-cf5a50f3b4ae295f
2;deeprock-cebd84d7a69b4947
2;deeprock-cd0543592e4d85ea
2;deeprock-cc9429ba03b13a72
2;deeprock-cc4ac29171e1fbca
2;deeprock-ca798139c60f2166
2;deeprock-ca50c61e31686330
2;deeprock-c6ec9839dfb8bb9d
2;deeprock-c440e2658871c25c
2;deeprock-b81b2b6e4ac2dfc1
2;deeprock-b19df5766ca92ecf
2;deeprock-ae1383c04fce1331
2;deeprock-9f961a06d0980150
2;deeprock-9f79996e2cafa6d1
2;deeprock-9f6e7fd34067af08
2;deeprock-9e6417f9b23b08a9
2;deeprock-9e53087b60ba97c0
2;deeprock-9c4b68ff2b24548f
2;deeprock-9b01efbd22626590
2;deeprock-9a91fcff7d1e787f
2;deeprock-96c99597487ae9f8
2;deeprock-9564357b95ea79f9
2;deeprock-94254be291eae6e9
2;deeprock-8d5e14cdcd20d86d
2;deeprock-8c808f561e307f8b
2;deeprock-8936054d7face4c7
2;deeprock-7c283ec2624557e2
2;deeprock-775c693e95429742
2;deeprock-742fdc19cd5b45dc
2;deeprock-7379c0334f014ab6
2;deeprock-71c59e91cc2b09a8
2;deeprock-6e3b6b5fb26cd9a4
2;deeprock-693167589c5e1ff0
2;deeprock-596f16247e849102
2;deeprock-5786f74fe0fb4bc3
2;deeprock-5546cb5ef7fc6e01
2;deeprock-5214cf5680c3a31f
2;deeprock-51ecdf7319b4e8d3
2;deeprock-51329eed49023a60
2;deeprock-50ccfd9d3cc11e09
2;deeprock-4dc4fa9aa62a7fef
2;deeprock-4a1cd3bb2585580e
2;deeprock-4469db2612749f53
2;deeprock-424aca2dbaaa1ea5
2;deeprock-41fb0b5be2e3b53e
2;deeprock-40c524afa6d8e88f
2;deeprock-3fb2ec416fe73a4a
2;deeprock-3c4a7d3e94ff5e86
2;deeprock-36a50ad17f9a3869
2;deeprock-351873878a57b567
2;deeprock-3385760e80f249f9
2;deeprock-2fa4095bf192c0f6
2;deeprock-2f0b82c7f2ecbd72
2;deeprock-2393793120e3499a
2;deeprock-1fb5e62f81e3b7b7
2;deeprock-1e679b860320f72a
2;deeprock-1c05316d3115b489
2;deeprock-184e8cf4bc51217a
2;deeprock-17a42e99ff5356c8
2;deeprock-0f757f9b22bf29eb
2;deeprock-0d17b2a5e5ca49e4
2;deeprock-0ca31d49c753cb55
2;deeprock-0b04ed270c248bff
2;deeprock-058d182e5b60c096
2;deeprock-055af850af405c7f
2;de25li1c
2;de25li1b
2;de25bu2b
2;de25bu2a
2;de25bu1c
2;de25bu1b
2;de25bu1a
2;de25Gbu2
2;ddeftu1c
2;ddeftu1b
2;ddeftu1a
2;ddefli1c
2;ddefli1b
2;ddefli1a
2;ddc-hep
2;dcp2397
2;dapt-7b-domain-s-default_config
2;d_f3_1
2;d_f3_0
2;d3bj-revpbe-350
2;d3-pbe-300
2;cxBb10
2;cxBb09
2;cxBb08
2;cxBb07
2;cxBb06
2;cxBb05
2;cxBb04
2;cxBb03
2;cxBb02
2;cxBb01
2;cxAf09
2;cxAb10
2;cxAb09
2;cxAb08
2;cxAb07
2;cxAb06
2;cxAb05
2;cxAb04
2;cxAb03
2;cxAb02
2;cxAb01
2;cwa999
2;cwa998
2;cwa997
2;cwa996
2;cwa995
2;cwa994
2;cwa993
2;cwa992
2;cwa991
2;cwa990
2;cwa989
2;cwa988
2;cwa987
2;cwa986
2;cwa985
2;cwa984
2;cwa983
2;cwa982
2;cwa981
2;cwa980
2;cwa979
2;cwa978
2;cwa977
2;cwa976
2;cwa975
2;cwa974
2;cwa973
2;cwa972
2;cwa971
2;cwa970
2;cwa969
2;cwa968
2;cwa967
2;cwa966
2;cwa965
2;cwa964
2;cwa963
2;cwa962
2;cwa961
2;cwa960
2;cwa959
2;cwa958
2;cwa957
2;cwa956
2;cwa955
2;cwa954
2;cwa953
2;cwa952
2;cwa951
2;cwa949
2;cwa948
2;cwa947
2;cwa946
2;cwa945
2;cwa944
2;cwa943
2;cwa942
2;cwa941
2;cwa940
2;cwa939
2;cwa938
2;cwa937
2;cwa936
2;cwa935
2;cwa934
2;cwa933
2;cwa932
2;cwa931
2;cwa930
2;cwa929
2;cwa928
2;cwa927
2;cwa926
2;cwa925
2;cwa924
2;cwa923
2;cwa922
2;cwa921
2;cwa920
2;cwa919
2;cwa918
2;cwa917
2;cwa916
2;cwa915
2;cwa914
2;cwa913
2;cwa912
2;cwa911
2;cwa910
2;cwa909
2;cwa908
2;cwa907
2;cwa906
2;cwa905
2;cwa904
2;cwa903
2;cwa902
2;cwa901
2;cwa900
2;cwa899
2;cwa898
2;cwa897
2;cwa896
2;cwa895
2;cwa894
2;cwa893
2;cwa892
2;cwa891
2;cwa890
2;cwa889
2;cwa888
2;cwa887
2;cwa886
2;cwa885
2;cwa884
2;cwa883
2;cwa882
2;cwa881
2;cwa880
2;cwa879
2;cwa878
2;cwa877
2;cwa876
2;cwa875
2;cwa874
2;cwa873
2;cwa872
2;cwa871
2;cwa870
2;cwa869
2;cwa868
2;cwa867
2;cwa866
2;cwa865
2;cwa864
2;cwa863
2;cwa862
2;cwa861
2;cwa860
2;cwa859
2;cwa858
2;cwa857
2;cwa856
2;cwa855
2;cwa854
2;cwa853
2;cwa852
2;cwa851
2;cwa850
2;cwa849
2;cwa848
2;cwa847
2;cwa846
2;cwa845
2;cwa844
2;cwa843
2;cwa842
2;cwa841
2;cwa840
2;cwa839
2;cwa838
2;cwa837
2;cwa836
2;cwa835
2;cwa834
2;cwa833
2;cwa832
2;cwa831
2;cwa830
2;cwa829
2;cwa828
2;cwa827
2;cwa826
2;cwa825
2;cwa824
2;cwa823
2;cwa822
2;cwa821
2;cwa820
2;cwa819
2;cwa818
2;cwa817
2;cwa816
2;cwa815
2;cwa814
2;cwa813
2;cwa812
2;cwa811
2;cwa810
2;cwa809
2;cwa808
2;cwa807
2;cwa806
2;cwa805
2;cwa804
2;cwa803
2;cwa802
2;cwa801
2;cwa800
2;cwa799
2;cwa798
2;cwa797
2;cwa796
2;cwa795
2;cwa794
2;cwa793
2;cwa792
2;cwa791
2;cwa790
2;cwa789
2;cwa788
2;cwa787
2;cwa786
2;cwa785
2;cwa784
2;cwa783
2;cwa782
2;cwa781
2;cwa780
2;cwa779
2;cwa778
2;cwa777
2;cwa776
2;cwa775
2;cwa774
2;cwa773
2;cwa772
2;cwa771
2;cwa770
2;cwa769
2;cwa768
2;cwa767
2;cwa766
2;cwa765
2;cwa764
2;cwa763
2;cwa762
2;cwa761
2;cwa760
2;cwa759
2;cwa758
2;cwa757
2;cwa756
2;cwa755
2;cwa754
2;cwa753
2;cwa752
2;cwa751
2;cwa750
2;cwa749
2;cwa748
2;cwa747
2;cwa746
2;cwa745
2;cwa744
2;cwa743
2;cwa742
2;cwa741
2;cwa740
2;cwa739
2;cwa738
2;cwa737
2;cwa736
2;cwa735
2;cwa734
2;cwa733
2;cwa732
2;cwa731
2;cwa730
2;cwa729
2;cwa728
2;cwa727
2;cwa726
2;cwa725
2;cwa724
2;cwa723
2;cwa722
2;cwa721
2;cwa720
2;cwa719
2;cwa718
2;cwa717
2;cwa716
2;cwa715
2;cwa714
2;cwa713
2;cwa712
2;cwa711
2;cwa710
2;cwa709
2;cwa708
2;cwa707
2;cwa706
2;cwa705
2;cwa704
2;cwa703
2;cwa702
2;cwa701
2;cwa700
2;cwa699
2;cwa698
2;cwa697
2;cwa696
2;cwa695
2;cwa694
2;cwa693
2;cwa692
2;cwa691
2;cwa690
2;cwa689
2;cwa688
2;cwa687
2;cwa686
2;cwa685
2;cwa684
2;cwa683
2;cwa682
2;cwa681
2;cwa680
2;cwa679
2;cwa678
2;cwa677
2;cwa676
2;cwa675
2;cwa674
2;cwa673
2;cwa672
2;cwa671
2;cwa670
2;cwa669
2;cwa668
2;cwa667
2;cwa666
2;cwa665
2;cwa664
2;cwa663
2;cwa662
2;cwa661
2;cwa660
2;cwa659
2;cwa658
2;cwa657
2;cwa656
2;cwa655
2;cwa654
2;cwa653
2;cwa652
2;cwa651
2;cwa650
2;cwa649
2;cwa648
2;cwa647
2;cwa646
2;cwa645
2;cwa644
2;cwa643
2;cwa642
2;cwa641
2;cwa640
2;cwa639
2;cwa638
2;cwa637
2;cwa636
2;cwa635
2;cwa634
2;cwa633
2;cwa632
2;cwa631
2;cwa630
2;cwa629
2;cwa628
2;cwa627
2;cwa626
2;cwa625
2;cwa624
2;cwa623
2;cwa622
2;cwa621
2;cwa620
2;cwa619
2;cwa618
2;cwa617
2;cwa616
2;cwa615
2;cwa614
2;cwa613
2;cwa612
2;cwa611
2;cwa610
2;cwa609
2;cwa608
2;cwa607
2;cwa606
2;cwa605
2;cwa604
2;cwa603
2;cwa602
2;cwa601
2;cwa600
2;cwa599
2;cwa597
2;cwa596
2;cwa399
2;cwa398
2;cwa397
2;cwa396
2;cwa395
2;cwa394
2;cwa393
2;cwa392
2;cwa391
2;cwa390
2;cwa39
2;cwa389
2;cwa388
2;cwa387
2;cwa386
2;cwa385
2;cwa384
2;cwa383
2;cwa382
2;cwa381
2;cwa380
2;cwa38
2;cwa379
2;cwa378
2;cwa377
2;cwa376
2;cwa375
2;cwa374
2;cwa373
2;cwa372
2;cwa371
2;cwa370
2;cwa37
2;cwa369
2;cwa368
2;cwa367
2;cwa366
2;cwa365
2;cwa364
2;cwa363
2;cwa362
2;cwa361
2;cwa360
2;cwa36
2;cwa359
2;cwa358
2;cwa357
2;cwa356
2;cwa355
2;cwa354
2;cwa353
2;cwa352
2;cwa351
2;cwa350
2;cwa35
2;cwa349
2;cwa348
2;cwa347
2;cwa346
2;cwa345
2;cwa344
2;cwa343
2;cwa342
2;cwa341
2;cwa340
2;cwa34
2;cwa339
2;cwa338
2;cwa337
2;cwa336
2;cwa335
2;cwa334
2;cwa333
2;cwa332
2;cwa331
2;cwa330
2;cwa33
2;cwa329
2;cwa328
2;cwa327
2;cwa326
2;cwa325
2;cwa324
2;cwa323
2;cwa322
2;cwa321
2;cwa320
2;cwa32
2;cwa319
2;cwa318
2;cwa317
2;cwa316
2;cwa315
2;cwa314
2;cwa313
2;cwa312
2;cwa311
2;cwa310
2;cwa31
2;cwa13
2;cwa1000
2;cuo
2;cuno3
2;cudaTensorCoreGemm
2;cuda-gdb
2;cu-h2o
2;cu-ach
2;csau
2;cs2pbi3_opt
2;cr
2;cpu-power
2;cpu
2;cpan
2;cosmoflow-mini-cpu
2;corr_new2_expiso
2;corr_new2_104
2;core_refit
2;core_extract_A
2;coq24sub
2;conf6
2;conf24
2;conf23
2;conf22
2;conf21
2;conf19
2;conf18
2;conf17
2;conf16
2;conf14
2;conf13
2;conf10
2;conc1
2;composito_amd
2;composito-lamela4-waves
2;compare_multichannel
2;comparar_afinidade
2;comp126
2;commons.sh
2;comdmft.py
2;comb1
2;colabfold_nb_pep
2;co_9q
2;co_24
2;co_12q
2;co2bi10co2pmass
2;co2-bic
2;co-band
2;cmake.sh
2;clean_ch.out
2;cips_scf
2;cg.D.64_ompi5_intel1api
2;cg.D.512_intel1api.23.2
2;cg.B
2;cg.A
2;cd
2;cata-g
2;cata-e3
2;caso3
2;caso2
2;caso1
2;case53
2;case52
2;case51
2;case50
2;case49
2;case42
2;case1
2;cache
2;c_estr
2;c_dmso
2;cN3_Zn
2;cN3_HgCl
2;cN1_Zn
2;cN1_HgCl
2;c6_paraelec_GrCIPS-SiO2
2;c5_paraelec_CIPS
2;c4100c
2;c31-DFe
2;c150
2;build_venv_cpu.sh
2;bt.C.x.tune
2;bt.C.x.simple
2;bt.C.x.gcc
2;bse
2;bridgep
2;bridgehse
2;bp014
2;bnd_b_100_smb6
2;bn_estr
2;blend126
2;blas1
2;bl10B2
2;bl10B1
2;bl09B2
2;bl09B1
2;bl08B2
2;bl08B1
2;bl07B2
2;bl07B1
2;bl06B2
2;bl06B1
2;bl05B2
2;bl05B1
2;bl04B2
2;bl04B1
2;bl03B2
2;bl03B1
2;bl02B2
2;bl02B1
2;bl01B2
2;bl01B1
2;bin
2;bench_96c
2;bench_72c
2;bench9
2;bench8
2;bench17
2;bands_PM_NM
2;bandsHfTe2_polymophous
2;bands1CIO3LNOAFMAdown
2;bands-8oh
2;bandas-lamela2-composito
2;band-1graphene
2;band-01graphene
2;baderVAC
2;bad
2;b4c_T3
2;b4c_ICP
2;b4c_F2
2;b4c_F1
2;b-4cf3
2;b*ash
2;avx-turbo.amd
2;apptainer
2;amrwind-turbina180-1
2;amrwind-scaling4-80
2;amrwind-abl-pre-2
2;amd-smi
2;amd-info
2;amber.slurm.md1
2;al7h2
2;al4h2
2;al10h2
2;aimd-co
2;af2_binder_design
2;acoustic_openmp_nvidiaX_nvc_so8_sz500_th6_tuneoff_mpi0_g1_partlncc-h100_dev_rep1_%j
2;abs.50
2;abs.25
2;abf_wt5
2;abf_wt2
2;abf_mut5
2;abf_mut3
2;aa.sh
2;a_dmso
2;aN7_Zn
2;aN7_HgCl
2;aN1_Zn
2;aN1_HgCl
2;ZrPdZn
2;ZrPdSn
2;ZrPdSi
2;ZrPdSb_Sb_Pd_Zr
2;ZrPdSb_Pd_Sb_Zr
2;ZrPdPb
2;ZrPdMg_Zr_Mg_Pd
2;ZrPdMg_Pd_Zr_Mg
2;ZrPdMg_Pd_Mg_Zr
2;ZrPdMg_Mg_Zr_Pd
2;ZrPdMg_Mg_Pd_Zr
2;ZrPdMg
2;ZrPdIn_Zr_In_Pd
2;ZrPdIn_Pd_Zr_In
2;ZrPdIn_Pd_In_Zr
2;ZrPdIn_In_Zr_Pd
2;ZrPdIn_In_Pd_Zr
2;ZrPdIn
2;ZrPdGe_Zr_Ge_Pd
2;ZrPdGe_Pd_Zr_Ge
2;ZrPdGe_Pd_Ge_Zr
2;ZrPdGe_Ge_Zr_Pd
2;ZrPdGe_Ge_Pd_Zr
2;ZrPdGe
2;ZrPdGa_Zr_Ga_Pd
2;ZrPdGa_Pd_Ga_Zr
2;ZrPdGa_Ga_Pd_Zr
2;ZrPdGa
2;ZrPdBi_Zr_Bi_Pd
2;ZrPdBi_Pd_Zr_Bi
2;ZrPdBi_Pd_Bi_Zr
2;ZrPdBi_Bi_Zr_Pd
2;ZrPdBi_Bi_Pd_Zr
2;ZrPdBi
2;ZrPdAl_Zr_Al_Pd
2;ZrPdAl_Pd_Zr_Al
2;ZrPdAl_Pd_Al_Zr
2;ZrPdAl_Al_Zr_Pd
2;ZrPdAl_Al_Pd_Zr
2;ZrPdAl
2;Xception_LatinAmerica
2;VO2_r_PM
2;VO2_m_PM
2;V3
2;Urelaxa+a+c+
2;UiO66-NH2
2;UiCa11-M2
2;UiCa-M330k
2;UiCa-M1320k_pos
2;UiCa-M1320k
2;UNET_Radar_DBZ_Cappi
2;U5nopolaron_Fe2O3
2;U3nopolaron_Fe2O3
2;U-heptano
2;U-NH2-etil-metil-sulfeto
2;U-NH2-etanotiol
2;U-NH2-2-propanotiol
2;Tracking_NRT2
2;Tracking_NRT
2;Tm_Md54
2;Tm_Md42
2;TiSe2_normal_bands
2;TiSe2_ex2
2;TiSe2_CDW_NIRAJ
2;TiO
2;Teste_NAMD_Corrigido
2;Test
2;Ta2NiSe5_3
2;T_1.inp
2;TRS3_CFc
2;TREM-DSA
2;TG24ZIMc
2;T0rfp0_1
2;Suporte
2;SupDopFe
2;Static_001
2;SomaHoras
2;Smart_Filter
2;SmB6_wfc
2;SmB6_teste
2;SmB6_NM_SOC
2;SlidingClassif
2;Slab-100-FC
2;Slab-001
2;Sitop-inOtop
2;Singularity
2;Simulpassivadorefit
2;Simulpassivadopmass
2;S_SB_U4.5DOS
2;SVT2d-opt-ti3c2o2-48
2;SVR
2;SP_Ueff_cuinps
2;SOCz3
2;SERIepho
2;SEMATIVA
2;SCsocAFMa-a-c0
2;SCa-a-c0FM
2;SBbands-HfTe2
2;S8Ntube
2;S5Ntube
2;S4Ntube
2;RosettaScripts.mpi.linuxgccrelease
2;RT-vW360
2;RT-v360
2;RT-sFBmp
2;RT-i200m
2;RT-c10555
2;RT-anis2
2;RT-HaniZ
2;RT-9mCTR
2;RT-3fishbones
2;RSmfq
2;RORgE2
2;RORc
2;RORZ1
2;RF_Full
2;R@SCAN+U
2;R3_TiO2
2;R2SCAN+U
2;R2SCAN
2;R2L_V2O3
2;R1-NVT
2;R1-NPT
2;Pt85Rh15_meca
2;Psi004
2;Psi003
2;Proxy
2;Prop
2;PocoC_c2
2;PocoC_FPBA_1x_Helio
2;PocoC_FPBA_1x_C10
2;PocoC_FPBA_1xC
2;PocoC_BottomMono
2;PocoA_FPBA_1xE3
2;PocoA_FPBA_1xE2
2;Pir
2;Pcore_TMfit
2;Paraquat
2;PTN-hse
2;POSTR80
2;POST3core
2;POSCAteste
2;PCNDE208
2;PCN48
2;PBE_V2O3
2;PADRAO
2;P-Gadget3_Novo
2;Octopus_047
2;Octopus_046
2;Octopus_045
2;Octopus_044
2;Octopus_043
2;OLIGO9
2;OLIGO10
2;OFR_V2O3
2;Nitrogene_otm_2
2;Ni_3x7
2;NiO_ZR5
2;NiO_ZR
2;NiO_NM
2;NiMoS
2;NiAlO-H2-1
2;Nb_ok_6_7_neb
2;Nb_ok_3_4
2;NSOC_HSE
2;NRTUNet_gsmap
2;NPrac_map
2;NM5polaron
2;NEE_GA_Lags_RF_6d
2;NEE_GA_Lags_RF_5d
2;NEE_GA_Lags_RF_4d
2;NEE_GA_Lags_RF_3d
2;NAMSS
2;NAMD_v3.0
2;NAMD_Parallel_Test
2;N3-I3-A2BX4-optm
2;N-passo3
2;N-passo2
2;N-alqpi-11
2;N-16
2;N-15
2;N-14
2;N-13
2;N-12
2;Mpi-sup
2;MoVACDOS
2;MoSDOS
2;MoO3
2;MoAsOCH
2;MoAsO
2;Mn320-TDDFT_S7
2;Mn
2;MX_hyb
2;MX_b3lyp
2;MX_PBE
2;MX_GGA
2;MX_661_opt
2;MH_CdTe_zb
2;MH_CdTe_Fix
2;MAPI_MONOLAYER
2;M2_45_1200
2;M1-B_18_9_1800
2;M1-B_18_8_1800
2;M1-B_18_7_1800
2;M1-B_18_10_1800
2;M-passo5
2;M-ass3-9
2;M-ass3-8
2;M-ass3-7
2;M-ass3-6
2;M-ass3-5
2;M-ass3-4
2;M-ass3-3
2;M-ass3-22
2;M-ass3-21
2;M-ass3-20
2;M-ass3-2
2;M-ass3-19
2;M-ass3-18
2;M-ass3-17
2;M-ass3-16
2;M-ass3-15
2;M-ass3-14
2;M-ass3-13
2;M-ass3-12
2;M-ass3-11
2;M-ass3-10
2;M-ass3-1
2;M-alqpi-13
2;M-CO2-2
2;M-As-9
2;M-As-8
2;M-As-19
2;M-As-18
2;M-As-17
2;M-As-16
2;M-As-13
2;M-As-12
2;M-As-10
2;La2CuO4_NM
2;LSAmap
2;LNP4_mapa
2;LNP2_mapa
2;LNP1mapa
2;LNP1avg
2;LAO1_LNO1
2;L2CO4_r2scan
2;Ispin1
2;IniAtomwalk
2;InGaP-0.00
2;ISA3
2;ISA
2;IC5338_prec
2;Hopscotch_EXP4
2;Hopscotch_EXP3
2;Hopscotch_EXP2
2;HSE_C7
2;HSE_C23
2;HSE_C14
2;Gromacs-Plumed
2;GrCiPS-SiO2
2;GenPOT
2;GRU_mRMR_7d_NEE
2;GRU_mRMR_6d_aug_NEE
2;GR-ssPVBT
2;GR-sPVBT
2;GR-kF-1000
2;GR-kF-100
2;GQCA40_fullcurve
2;GA_RandomForest
2;G-2DNi
2;G-2DMo
2;Full_Preproc_LatinAmerica_Dataset
2;Fes2
2;Fe_hyst
2;Fe_AFM
2;FeNP-31D
2;FeCo-hse
2;Fe-P3
2;Fe-P1
2;Fchcl3axax
2;FT_Marlin3
2;FPBnA_minIter2x
2;FPBnA_dt
2;FPBnA_3x_suav
2;FPBnA_2x_suav
2;FM-scf
2;FM-mcoup_far
2;FM+eef_corr
2;FL50-60
2;FIrocl1c
2;FEAttConvLSTM-12min-03img-Lightning-QC
2;FAfep2_2
2;FA_rerun
2;FA_mapas
2;FA_cisR1_3micro
2;FA_CIS2
2;FA2_fep1_append
2;Evaluation_Statistics_Riken
2;Evaluation_Statistics_Persitence
2;Evaluation_Statistics_Persistence
2;Evaluation_Statistics_AFNO
2;Evaluation_Inference_InceptionV4
2;Eu_Md54
2;EuC60_MD
2;E_PM_3
2;E_PM_2
2;E_FM_DOS+U4
2;E_FM_3
2;E_FM_2
2;E_AFM_3
2;ERB2_pD845A2
2;ERB2_pD845A1
2;EF-negcuinps
2;Dev_HSE_Rlx
2;DeepQ4KS
2;DWCNT
2;DSPH_FNX
2;DSPH_1000
2;DOSsocNiinplaneAFMa-a-c+
2;DOS_VAC
2;DOS02
2;DNP-pack
2;D3T313pH7_r59
2;D3T313pH7_r58
2;D3T313pH7_r57
2;D3T313pH7_r54
2;D3T313pH7_r53
2;D3T313pH7_r52
2;D3T313pH7_r46
2;D3T313pH7_r35
2;D3T313pH7_r31
2;D3T313pH7_r29
2;D3T313pH7_r0
2;D3T313pH6_r59
2;D3T313pH6_r56
2;D3T313pH6_r52
2;D3T313pH6_r46
2;D3T313pH6_r39
2;D3T313pH6_r35
2;D3T313pH6_r33
2;D3T313pH6_r31
2;D3T313pH6_r29
2;D3T313pH6_r17
2;D3T313pH6_r0
2;D3T313pH5_r59
2;D3T313pH5_r58
2;D3T313pH5_r54
2;D3T313pH5_r53
2;D3T313pH5_r46
2;D3T313pH5_r35
2;D3T313pH5_r31
2;D3T313pH5_r29
2;D3T313pH5_r17
2;D3T313pH5_r0
2;D3T310pH7_r59
2;D3T310pH7_r58
2;D3T310pH7_r57
2;D3T310pH7_r54
2;D3T310pH7_r53
2;D3T310pH7_r52
2;D3T310pH7_r46
2;D3T310pH7_r35
2;D3T310pH7_r31
2;D3T310pH7_r29
2;D3T310pH7_r0
2;D3T310pH6_r55
2;D3T310pH6_r46
2;D3T310pH6_r39
2;D3T310pH6_r35
2;D3T310pH6_r33
2;D3T310pH6_r31
2;D3T310pH6_r29
2;D3T310pH6_r17
2;D3T310pH6_r0
2;D3T310pH5_r58
2;D3T310pH5_r57
2;D3T310pH5_r54
2;D3T310pH5_r53
2;D3T310pH5_r52
2;D3T310pH5_r46
2;D3T310pH5_r35
2;D3T310pH5_r31
2;D3T310pH5_r29
2;D3T310pH5_r17
2;D3T310pH5_r0
2;D3T301pH7_r58
2;D3T301pH7_r57
2;D3T301pH7_r56
2;D3T301pH7_r53
2;D3T301pH7_r52
2;D3T301pH7_r51
2;D3T301pH7_r46
2;D3T301pH7_r35
2;D3T301pH7_r31
2;D3T301pH7_r29
2;D3T301pH7_r0
2;D3T301pH6_r57
2;D3T301pH6_r56
2;D3T301pH6_r46
2;D3T301pH6_r35
2;D3T301pH6_r31
2;D3T301pH6_r29
2;D3T301pH6_r17
2;D3T301pH6_r0
2;D3T301pH5_r59
2;D3T301pH5_r58
2;D3T301pH5_r54
2;D3T301pH5_r53
2;D3T301pH5_r46
2;D3T301pH5_r35
2;D3T301pH5_r31
2;D3T301pH5_r29
2;D3T301pH5_r17
2;D3T301pH5_r0
2;D2T313pH7_r59
2;D2T313pH7_r58
2;D2T313pH7_r57
2;D2T313pH7_r54
2;D2T313pH7_r53
2;D2T313pH7_r52
2;D2T313pH7_r46
2;D2T313pH7_r35
2;D2T313pH7_r31
2;D2T313pH7_r29
2;D2T313pH7_r0
2;D2T313pH6_r59
2;D2T313pH6_r56
2;D2T313pH6_r54
2;D2T313pH6_r46
2;D2T313pH6_r35
2;D2T313pH6_r31
2;D2T313pH6_r29
2;D2T313pH6_r17
2;D2T313pH6_r0
2;D2T313pH5_r62
2;D2T313pH5_r59
2;D2T313pH5_r58
2;D2T313pH5_r55
2;D2T313pH5_r46
2;D2T313pH5_r35
2;D2T313pH5_r31
2;D2T313pH5_r29
2;D2T313pH5_r17
2;D2T313pH5_r0
2;D2T310pH7_r59
2;D2T310pH7_r58
2;D2T310pH7_r57
2;D2T310pH7_r54
2;D2T310pH7_r53
2;D2T310pH7_r52
2;D2T310pH7_r46
2;D2T310pH7_r35
2;D2T310pH7_r31
2;D2T310pH7_r29
2;D2T310pH7_r0
2;D2T310pH6_r59
2;D2T310pH6_r56
2;D2T310pH6_r54
2;D2T310pH6_r46
2;D2T310pH6_r35
2;D2T310pH6_r31
2;D2T310pH6_r29
2;D2T310pH6_r17
2;D2T310pH6_r0
2;D2T310pH5_r59
2;D2T310pH5_r58
2;D2T310pH5_r57
2;D2T310pH5_r54
2;D2T310pH5_r53
2;D2T310pH5_r52
2;D2T310pH5_r46
2;D2T310pH5_r35
2;D2T310pH5_r31
2;D2T310pH5_r29
2;D2T310pH5_r0
2;D2T301pH7_r59
2;D2T301pH7_r58
2;D2T301pH7_r54
2;D2T301pH7_r53
2;D2T301pH7_r46
2;D2T301pH7_r35
2;D2T301pH7_r31
2;D2T301pH7_r29
2;D2T301pH7_r0
2;D2T301pH6_r58
2;D2T301pH6_r57
2;D2T301pH6_r56
2;D2T301pH6_r55
2;D2T301pH6_r46
2;D2T301pH6_r35
2;D2T301pH6_r31
2;D2T301pH6_r29
2;D2T301pH6_r17
2;D2T301pH6_r0
2;D2T301pH5_r59
2;D2T301pH5_r58
2;D2T301pH5_r57
2;D2T301pH5_r54
2;D2T301pH5_r53
2;D2T301pH5_r52
2;D2T301pH5_r46
2;D2T301pH5_r35
2;D2T301pH5_r31
2;D2T301pH5_r29
2;D2T301pH5_r0
2;CuPcNi_3x7
2;CuPcNi-I-af
2;CuPc-rot
2;CsPbI3_3N_isif8
2;CsPbI3_3N_isif3
2;CsPbI3_2N_isif8
2;CsPbI3_2N_isif3
2;CsPbI3_1N_isif8
2;CsPbI3_1N_isif3
2;CsPbI3
2;CsPbBr3_3N_isif8
2;CsPbBr3_2N_isif3
2;CsPbBr3_1N_isif8
2;CsPbBr3_1N_isif3
2;Cs2PbI4_2N_isif8
2;Cs2PbI4_2N_isif3
2;Cs2PbI4_1N_isif8
2;Cs2PbI4_1N_isif3
2;Cs2PbBr4_3N_isif3
2;Cs2PbBr4_2N_isif8
2;Cs2PbBr4_2N_isif3
2;Cs2PbBr4_1N_isif8
2;ConvLSTM-12min-03img-Lightning-QC-ET35
2;ConvLSTM-12min-03img-Lightning-QC
2;ConvLSTM-06min-06img-Lightning-QC
2;Const_path
2;Comp_8_1800
2;Comp_6_1800
2;Comp_18_8_1800
2;Comp_18_1800
2;Comp_1800
2;Comp_12_1800
2;CoFe
2;CoAsCH3
2;Co-Fe
2;Classification
2;Cl3-A2BX4-isif8
2;Ce-Tb
2;CdTe_zb_phon_2
2;CdTe_zb_phon_1
2;CdTe_zb_1
2;CdTe_wz_phonopy_4
2;CdTe_wz_phonopy_3
2;CdTe_wz_phonopy_2
2;CdTe_wz_phonopy_1
2;CdTeSe_C9
2;CdTeSe_C8
2;CdTeSe_C7
2;CdTeSe_C6
2;CdTeSe_C5
2;CdTeSe_C4
2;CdTeSe_C3
2;CdTeSe_C2
2;CdTeSe_C10
2;CdTeSe_C1
2;CdTeSe_C0
2;CdSe_zb_soc
2;CdSe_zb_perfect
2;CdSe_zb_distorted
2;CT_Metrics_ResNet
2;CT_Metrics_ConvLSTM
2;CT_Metrics_AFNO
2;COM
2;CM-Mo
2;CM-As-Ni
2;CLSTM_Radar_DBZ_Cappi
2;CIS3_CFc
2;CHGPERF
2;CE20bc8x12
2;CE20bc4x24
2;CE20bc2x48
2;CE20bc24x4
2;CE20bc12x8
2;CE20b48x2
2;CE20_1x48
2;CD_LNP1s
2;CD_DLIGx
2;CD_D400x
2;CD_D400s
2;CD_D3LFs
2;CD_D350x
2;CD_D350s
2;CD_D300s
2;CD_D1ULx
2;CD_D1UHx
2;CD_D1U3x
2;CD_D1U3s
2;CD_D1U1x
2;CD_D1U1s
2;CD_D1LFx
2;CD_D170x
2;CD_D170s
2;CD-Mo
2;CAG1
2;C23_cpu_dev
2;C20-tripleto
2;C19-1
2;C18-3
2;C18-2
2;C-sup.pp.inp
2;C-passo5
2;C-passo4
2;C-passo3
2;C-passo2
2;C-alqpi-9
2;C-M2-G
2;Br_A2BX4_P-Square_T_300_K.sh
2;Bi2Se3_new-path
2;B_18_15_1800
2;B_18_14_1800
2;B_18_14_1600
2;B_18_12_1600
2;B_18_11_1800
2;BTfep2_3
2;BTfep2_2
2;BT3fep2
2;BT3fep1
2;BT2fep1
2;BHPLate_1
2;BE1
2;BC-t8
2;B3_localized_s2
2;B3_localized_s1
2;B3_localized_s0
2;B2_transformers_s2
2;B2_transformers_s1
2;B2_transformers_s0
2;B1FPBA
2;B16
2;B0.0
2;AuCl
2;AttUNet-12min-03img-Lightning-Raw
2;AsSOHNiMoS
2;AsSCoMoS
2;AsSCH33-Co
2;AsSCH2Ni
2;AsOCoMoS
2;AsOCH33Ni
2;AsOCH332DCo
2;AsH3-2DCo
2;AsCHNiMoS
2;As-2DCo
2;Apps
2;Ame_o8
2;Ame_o16
2;Ame_o12
2;Alloy
2;Al6C-TS
2;Al10H2
2;Ag_dos
2;AW-abl-spinup-1
2;ABC78
2;ABC1516
2;ABA910EB
2;ABA89
2;ABA78
2;ABA67
2;ABA56
2;ABA45
2;ABA1718EB
2;ABA1213EB
2;ABA1112EB
2;ABA1112
2;ABA1011
2;A3FPBA
2;8x8puro
2;8piB
2;8piABcont
2;8d0c
2;8cuo6
2;89o3
2;89_96
2;89ZR_O3_amd
2;89Z11_O3_oneapi.25.3
2;89AMD48
2;89AMD
2;808-oh
2;8-2sf0mxene-ti3c2o2
2;7x7puro
2;7wk6_rerun
2;7brt
2;7A3S_lincs_extend
2;7A3S-cg-lincs
2;75%
2;6xbg+3-3
2;6xbg+3-2
2;6xbg+2-3
2;6xbg+2-2
2;6xbg+2-1
2;6x6puro
2;6wh2
2;6odd
2;6lopt-ti3c2o2
2;6c4s
2;600Kpore10
2;600Klayer
2;6-24lopt-ti3c2o2
2;5x5-h
2;5x5-b
2;5x5
2;5x2BL
2;5symmCeO2_polaron
2;5h9q
2;5b0h
2;5626_xa
2;5626_9_stackin
2;5626_7_stackin
2;5626_6_stackin
2;5626_5_stackin
2;5626_4_stackin
2;5626_2_stackin
2;5626_1_5
2;5626_10_stackin
2;5000-2-nCell
2;50%
2;4tddft40-ti3c2o2
2;4symmCeO2_polaron
2;4ppe
2;4mfq2
2;4god
2;4dlopt-ti3c2o2-96
2;4d-opt-ti3c2o2-24
2;4d-12opt-ti3c2o2-24
2;4cd48opt-ti3c2o2-48
2;4XAF_heat5
2;4SBCeO2_polaron
2;42pospore-4
2;42posmonoa
2;3tracer
2;3topA
2;3nvtrectangular
2;3nvtcubic
2;3nau
2;3iwx
2;3ikk
2;3hollowB
2;3ee2
2;3cnk
2;3DCo
2;3D-RISM
2;363_rep2
2;363FES
2;363Analysis
2;3515_other
2;3515_H
2;300K-600k
2;3-3
2;3-2
2;3-1
2;2vsw
2;2symmCeO2_polaron
2;2rcz
2;2pmy_rerun
2;2pmy
2;2pm4_rerun
2;2pm4
2;2nz7_rerun
2;2l-opt-ti3c2o2-48
2;2j7z_rerun
2;2j7z
2;2i99_rerun
2;2i7d_rerun
2;2i4q_rerun
2;2huz_rerun
2;2hupdni
2;2hep-100
2;2h2n_rerun
2;2dsopt-ti3c2o2-24
2;2d-opt-ti3c2o2-24
2;2cl-opt-ti3c2o2-48
2;2R0smxene-ti3c2o2
2;2DNi
2;2DMoAs
2;2700_2800prot
2;250K
2;2500_2600prot
2;24epssub
2;24-6tddft40-ti3c2o2
2;2200_2300prot
2;21POSpore-555777
2;200K
2;2-propanotiol
2;2-3
2;2-2
2;2-1
2;1tupdpd
2;1tpuro
2;1polaron_Fe2O3
2;1k9k
2;1hep-100
2;1g_hom_imp
2;1g_het_imp
2;1ds6-DNPs
2;1dm-02graphene
2;1Ni-middle
2;1D_parallel_julia_mpiio
2;192_nova
2;192_antiga
2;1718
2;1703-C
2;1703-Av2
2;16-16-vitmae
2;14_96_5
2;14_96_4
2;14_96_0
2;14_95_9
2;14_95_7
2;14_95_5
2;14_95_10
2;14_95_1
2;14_94_0
2;14_93_9
2;14_93_8
2;14_93_3
2;14_93_2
2;14_93_10
2;14_93_0
2;14_92_9
2;14_92_8
2;14_92_6
2;14_92_5
2;14_92_4
2;14_92_10
2;14_90_0
2;14_89_4
2;14_87_0
2;14_86_7
2;14_82_2
2;14_82_1
2;14_110_3
2;14_110_2
2;14_110_0
2;14_108_9
2;14_108_8
2;14_108_7
2;14_108_5
2;14_108_4
2;14_108_3
2;14_108_2
2;14_108_10
2;14_108_1
2;14_108_0
2;14_107_9
2;14_107_3
2;14_107_2
2;14_107_1
2;14_105_9
2;14_105_8
2;14_105_10
2;14_104_8
2;14_104_7
2;14_104_5
2;14_104_4
2;14_104_3
2;14_103_5
2;14_103_4
2;14_103_2
2;14_102_6
2;14_101_8
2;14_101_7
2;14_101_6
2;14_101_5
2;14_100_8
2;14_100_3
2;14_100_2
2;14_100_1
2;14_03
2;12sfmxene-ti3c2o2
2;12ep30
2;12ep15
2;12Rf48mxene-ti3c2o2-48
2;12B_run5
2;128_nova
2;128_antiga
2;12-3
2;12-2
2;12-1
2;113_1h
2;102prod5
2;1020
2;100prod
2;100_prob
2;100_200prot
2;100AsSCH
2;1-3
2;1-2
2;0f48mxene-ti3c2o2-48
2;0_75-GQCA40
2;0_50-GQCA40
2;0_25-GQCA40
2;0Rf48mxene-ti3c2o2-48
2;057.02.5md
2;010FunMin
2;010
2;01-alpha-mtd1
2;01-1.Und057
2;009
2;008
2;007
2;005331
2;+-2_3515
1;¯_(ツ)_/¯
1;z-rlx-gdfeo3
1;xtbFE1
1;xroctu2f
1;xroctu2e
1;xroctu2d
1;xroctu2c
1;xroctu2b
1;xroctu2a
1;xroctu1f
1;xroctu1e
1;xroctu1d
1;xroctu1c
1;xroctu1b
1;xroctu1a
1;xrocli2f
1;xrocli2e
1;xrocli2d
1;xrocli2c
1;xrocli2b
1;xrocli2a
1;xrocli1f
1;xrocli1e
1;xrocli1d
1;xrocli1c
1;xrocli1b
1;xrocli1a
1;xrocbu2f
1;xrocbu2e
1;xrocbu2d
1;xrocbu2c
1;xrocbu2b
1;xrocbu2a
1;xrocbu1f
1;xrocbu1e
1;xrocbu1d
1;xrocbu1c
1;xrocbu1b
1;xrocbu1a
1;xacprod
1;xTB
1;x75relax
1;x0li1re5
1;x0li1re4
1;x0li1re3
1;x0bu1amd
1;x0abs
1;x0.relax
1;wp6_4-8
1;wp6_1-4
1;wp5_4-8
1;wp5_1-4
1;wp4_4-8
1;wp4_1-4
1;wp3_4-8
1;wp3_1-4
1;wp2_4-8
1;wp2_1-4
1;wk6_4-8
1;wk6_1-4
1;wk5_4-8
1;wk5_1-4
1;wk4_4-8
1;wk4_1-4
1;wk3_4-8
1;wk3_1-4
1;wk2_4-8
1;wk2_1-4
1;wk1_2-8
1;wk1_1-4
1;wien2k_test_bc
1;wham.slm
1;w_feed
1;w-band
1;vofC4std
1;vofC4dyn
1;vofC38std
1;vofC38dyn
1;vofC37std
1;vofC37dyn
1;vofC36dyn
1;vofC35dyn
1;vofC34dyn
1;vofC33std
1;vofC33dyn
1;vofC30std
1;vofC30dyn
1;vofC29dyn
1;vofC28dyn
1;vofC27std
1;vofC27dyn
1;vofC23noD
1;vofC23d01
1;vofC22dyn
1;vofC21std
1;vofC21dyn
1;vofC20dyn
1;vofC19dyn
1;vofC13dyn
1;vofC12dyn
1;vofC11dyn
1;vof4-map200
1;vof4-fix2
1;vof126
1;vof12-fix4
1;vitb_pr20
1;vitb_pr10
1;vitb_pe
1;vitb_md
1;vitb_ie
1;vitb_fr20
1;vitb_fr10
1;vitb_1
1;viscoelastic_openmp_so8_sz500_th2_tuneoff_mpibasic_g4_rep5_%j
1;viscoelastic_openmp_so8_sz500_th2_tuneoff_mpibasic_g4_rep4_%j
1;viscoelastic_openmp_so8_sz500_th2_tuneoff_mpibasic_g4_rep3_%j
1;viscoelastic_openmp_so8_sz500_th2_tuneoff_mpibasic_g4_rep2_%j
1;viscoelastic_openmp_so8_sz500_th2_tuneoff_mpibasic_g4_rep1_%j
1;viscoelastic_openmp_so8_sz500_th2_tuneoff_mpibasic_g2_rep5_%j
1;viscoelastic_openmp_so8_sz500_th2_tuneoff_mpibasic_g2_rep4_%j
1;viscoelastic_openmp_so8_sz500_th2_tuneoff_mpibasic_g2_rep3_%j
1;viscoelastic_openmp_so8_sz500_th2_tuneoff_mpibasic_g2_rep2_%j
1;viscoelastic_openmp_so8_sz500_th2_tuneoff_mpibasic_g2_rep1_%j
1;viscoelastic_openmp_so6_sz500_th2_tuneoff_mpibasic_g4_rep5_%j
1;viscoelastic_openmp_so6_sz500_th2_tuneoff_mpibasic_g4_rep4_%j
1;viscoelastic_openmp_so6_sz500_th2_tuneoff_mpibasic_g4_rep3_%j
1;viscoelastic_openmp_so6_sz500_th2_tuneoff_mpibasic_g4_rep2_%j
1;viscoelastic_openmp_so6_sz500_th2_tuneoff_mpibasic_g4_rep1_%j
1;viscoelastic_openmp_so6_sz500_th2_tuneoff_mpibasic_g2_rep5_%j
1;viscoelastic_openmp_so6_sz500_th2_tuneoff_mpibasic_g2_rep4_%j
1;viscoelastic_openmp_so6_sz500_th2_tuneoff_mpibasic_g2_rep3_%j
1;viscoelastic_openmp_so6_sz500_th2_tuneoff_mpibasic_g2_rep2_%j
1;viscoelastic_openmp_so6_sz500_th2_tuneoff_mpibasic_g2_rep1_%j
1;viscoelastic_openmp_so4_sz500_th2_tuneoff_mpibasic_g4_rep5_%j
1;viscoelastic_openmp_so4_sz500_th2_tuneoff_mpibasic_g4_rep4_%j
1;viscoelastic_openmp_so4_sz500_th2_tuneoff_mpibasic_g4_rep3_%j
1;viscoelastic_openmp_so4_sz500_th2_tuneoff_mpibasic_g4_rep2_%j
1;viscoelastic_openmp_so4_sz500_th2_tuneoff_mpibasic_g4_rep1_%j
1;viscoelastic_openmp_so4_sz500_th2_tuneoff_mpibasic_g2_rep5_%j
1;viscoelastic_openmp_so4_sz500_th2_tuneoff_mpibasic_g2_rep4_%j
1;viscoelastic_openmp_so4_sz500_th2_tuneoff_mpibasic_g2_rep3_%j
1;viscoelastic_openmp_so4_sz500_th2_tuneoff_mpibasic_g2_rep2_%j
1;viscoelastic_openmp_so4_sz500_th2_tuneoff_mpibasic_g2_rep1_%j
1;viscoelastic_openmp_so2_sz500_th2_tuneoff_mpibasic_g4_rep5_%j
1;viscoelastic_openmp_so2_sz500_th2_tuneoff_mpibasic_g4_rep4_%j
1;viscoelastic_openmp_so2_sz500_th2_tuneoff_mpibasic_g4_rep3_%j
1;viscoelastic_openmp_so2_sz500_th2_tuneoff_mpibasic_g4_rep2_%j
1;viscoelastic_openmp_so2_sz500_th2_tuneoff_mpibasic_g4_rep1_%j
1;viscoelastic_openmp_so2_sz500_th2_tuneoff_mpibasic_g2_rep5_%j
1;viscoelastic_openmp_so2_sz500_th2_tuneoff_mpibasic_g2_rep4_%j
1;viscoelastic_openmp_so2_sz500_th2_tuneoff_mpibasic_g2_rep3_%j
1;viscoelastic_openmp_so2_sz500_th2_tuneoff_mpibasic_g2_rep2_%j
1;viscoelastic_openmp_so2_sz500_th2_tuneoff_mpibasic_g2_rep1_%j
1;viscoelastic_openmp_so16_sz500_th2_tuneoff_mpibasic_g4_rep5_%j
1;viscoelastic_openmp_so16_sz500_th2_tuneoff_mpibasic_g4_rep4_%j
1;viscoelastic_openmp_so16_sz500_th2_tuneoff_mpibasic_g4_rep3_%j
1;viscoelastic_openmp_so16_sz500_th2_tuneoff_mpibasic_g4_rep2_%j
1;viscoelastic_openmp_so16_sz500_th2_tuneoff_mpibasic_g4_rep1_%j
1;viscoelastic_openmp_so16_sz500_th2_tuneoff_mpibasic_g2_rep5_%j
1;viscoelastic_openmp_so16_sz500_th2_tuneoff_mpibasic_g2_rep4_%j
1;viscoelastic_openmp_so16_sz500_th2_tuneoff_mpibasic_g2_rep3_%j
1;viscoelastic_openmp_so16_sz500_th2_tuneoff_mpibasic_g2_rep2_%j
1;viscoelastic_openmp_so16_sz500_th2_tuneoff_mpibasic_g2_rep1_%j
1;viscoelastic_openmp_so14_sz500_th2_tuneoff_mpibasic_g4_rep5_%j
1;viscoelastic_openmp_so14_sz500_th2_tuneoff_mpibasic_g4_rep4_%j
1;viscoelastic_openmp_so14_sz500_th2_tuneoff_mpibasic_g4_rep3_%j
1;viscoelastic_openmp_so14_sz500_th2_tuneoff_mpibasic_g4_rep2_%j
1;viscoelastic_openmp_so14_sz500_th2_tuneoff_mpibasic_g4_rep1_%j
1;viscoelastic_openmp_so14_sz500_th2_tuneoff_mpibasic_g2_rep5_%j
1;viscoelastic_openmp_so14_sz500_th2_tuneoff_mpibasic_g2_rep4_%j
1;viscoelastic_openmp_so14_sz500_th2_tuneoff_mpibasic_g2_rep3_%j
1;viscoelastic_openmp_so14_sz500_th2_tuneoff_mpibasic_g2_rep2_%j
1;viscoelastic_openmp_so14_sz500_th2_tuneoff_mpibasic_g2_rep1_%j
1;viscoelastic_openmp_so12_sz500_th2_tuneoff_mpibasic_g4_rep5_%j
1;viscoelastic_openmp_so12_sz500_th2_tuneoff_mpibasic_g4_rep4_%j
1;viscoelastic_openmp_so12_sz500_th2_tuneoff_mpibasic_g4_rep3_%j
1;viscoelastic_openmp_so12_sz500_th2_tuneoff_mpibasic_g4_rep2_%j
1;viscoelastic_openmp_so12_sz500_th2_tuneoff_mpibasic_g4_rep1_%j
1;viscoelastic_openmp_so12_sz500_th2_tuneoff_mpibasic_g2_rep5_%j
1;viscoelastic_openmp_so12_sz500_th2_tuneoff_mpibasic_g2_rep4_%j
1;viscoelastic_openmp_so12_sz500_th2_tuneoff_mpibasic_g2_rep3_%j
1;viscoelastic_openmp_so12_sz500_th2_tuneoff_mpibasic_g2_rep2_%j
1;viscoelastic_openmp_so12_sz500_th2_tuneoff_mpibasic_g2_rep1_%j
1;viscoelastic_openmp_so10_sz500_th2_tuneoff_mpibasic_g4_rep5_%j
1;viscoelastic_openmp_so10_sz500_th2_tuneoff_mpibasic_g4_rep4_%j
1;viscoelastic_openmp_so10_sz500_th2_tuneoff_mpibasic_g4_rep3_%j
1;viscoelastic_openmp_so10_sz500_th2_tuneoff_mpibasic_g4_rep2_%j
1;viscoelastic_openmp_so10_sz500_th2_tuneoff_mpibasic_g4_rep1_%j
1;viscoelastic_openmp_so10_sz500_th2_tuneoff_mpibasic_g2_rep5_%j
1;viscoelastic_openmp_so10_sz500_th2_tuneoff_mpibasic_g2_rep4_%j
1;viscoelastic_openmp_so10_sz500_th2_tuneoff_mpibasic_g2_rep3_%j
1;viscoelastic_openmp_so10_sz500_th2_tuneoff_mpibasic_g2_rep2_%j
1;viscoelastic_openmp_so10_sz500_th2_tuneoff_mpibasic_g2_rep1_%j
1;viscoelastic_openmp_nvidiaX_nvc_so6_sz500_th2_tuneoff_mpi0_g1_rep1_%j
1;viscoelastic_openacc_nvidiaX_nvc_so6_sz400_th2_tuneoff_mpi0_g1_rep1_%j
1;viscoelastic_openacc_hopper_nvc_so6_sz400_th2_tuneoff_mpi0_g1_rep1_%j
1;view
1;vca-82
1;vc-ptp
1;vasp_std_6.4.2_xy
1;vasp_seq
1;vasp_gpu_srun_fixed
1;vasp_4gpu
1;vasp2wann-smb6
1;vasp-test-Si256
1;v2dt
1;v-band
1;ups_nialgo
1;ups_mmp
1;upni
1;upbridge
1;umbrel9
1;umbrel8
1;umbrel7
1;umbrel6
1;umbrel5
1;umbrel29
1;umbrel28
1;umbrel27
1;umbrel26
1;umbrel25
1;umbrel24
1;umbrel23
1;umbrel22
1;umbrel21
1;umbrel20
1;umbrel19
1;umbrel18
1;umbrel17
1;umbrel16
1;umbrel15
1;umbrel14
1;umbrel13
1;umbrel12
1;umbrel11
1;umbrel10
1;umbrel1
1;umbre9_conti
1;umbre8_conti
1;umbre7_conti
1;umbre6_conti
1;umbre5_conti
1;umbre29_conti
1;umbre28_conti
1;umbre27_conti
1;umbre26_conti
1;umbre25_conti
1;umbre24_conti
1;umbre23_conti
1;umbre22_conti
1;umbre21_conti
1;umbre20_conti
1;umbre1_conti
1;umbre19_conti
1;umbre18_conti
1;umbre17_conti
1;umbre16_conti
1;umbre15_conti
1;umbre14_conti
1;umbre13_conti
1;umbre12_conti
1;umbre11_conti
1;umbre10_conti
1;umaskctl
1;ucx-ib-cuda.sh
1;uch.srm
1;ua.C.x.amd
1;u-hep
1;u
1;twopotes
1;twopopore2d
1;twopopore-4
1;twopomonoa
1;twopo50K
1;twopo200K
1;twopo100K
1;turbsim_low_9ms
1;tti_openmp_so8_sz500_th2_tuneoff_mpibasic_g4_rep5_%j
1;tti_openmp_so8_sz500_th2_tuneoff_mpibasic_g4_rep4_%j
1;tti_openmp_so8_sz500_th2_tuneoff_mpibasic_g4_rep3_%j
1;tti_openmp_so8_sz500_th2_tuneoff_mpibasic_g4_rep2_%j
1;tti_openmp_so8_sz500_th2_tuneoff_mpibasic_g4_rep1_%j
1;tti_openmp_so8_sz500_th2_tuneoff_mpibasic_g2_rep5_%j
1;tti_openmp_so8_sz500_th2_tuneoff_mpibasic_g2_rep4_%j
1;tti_openmp_so8_sz500_th2_tuneoff_mpibasic_g2_rep3_%j
1;tti_openmp_so8_sz500_th2_tuneoff_mpibasic_g2_rep2_%j
1;tti_openmp_so8_sz500_th2_tuneoff_mpibasic_g2_rep1_%j
1;tti_openmp_so6_sz500_th2_tuneoff_mpibasic_g4_rep5_%j
1;tti_openmp_so6_sz500_th2_tuneoff_mpibasic_g4_rep4_%j
1;tti_openmp_so6_sz500_th2_tuneoff_mpibasic_g4_rep3_%j
1;tti_openmp_so6_sz500_th2_tuneoff_mpibasic_g4_rep2_%j
1;tti_openmp_so6_sz500_th2_tuneoff_mpibasic_g4_rep1_%j
1;tti_openmp_so6_sz500_th2_tuneoff_mpibasic_g2_rep5_%j
1;tti_openmp_so6_sz500_th2_tuneoff_mpibasic_g2_rep4_%j
1;tti_openmp_so6_sz500_th2_tuneoff_mpibasic_g2_rep3_%j
1;tti_openmp_so6_sz500_th2_tuneoff_mpibasic_g2_rep2_%j
1;tti_openmp_so6_sz500_th2_tuneoff_mpibasic_g2_rep1_%j
1;tti_openmp_so4_sz500_th2_tuneoff_mpibasic_g4_rep5_%j
1;tti_openmp_so4_sz500_th2_tuneoff_mpibasic_g4_rep4_%j
1;tti_openmp_so4_sz500_th2_tuneoff_mpibasic_g4_rep3_%j
1;tti_openmp_so4_sz500_th2_tuneoff_mpibasic_g4_rep2_%j
1;tti_openmp_so4_sz500_th2_tuneoff_mpibasic_g4_rep1_%j
1;tti_openmp_so4_sz500_th2_tuneoff_mpibasic_g2_rep5_%j
1;tti_openmp_so4_sz500_th2_tuneoff_mpibasic_g2_rep4_%j
1;tti_openmp_so4_sz500_th2_tuneoff_mpibasic_g2_rep3_%j
1;tti_openmp_so4_sz500_th2_tuneoff_mpibasic_g2_rep2_%j
1;tti_openmp_so4_sz500_th2_tuneoff_mpibasic_g2_rep1_%j
1;tti_openmp_so2_sz500_th2_tuneoff_mpibasic_g4_rep5_%j
1;tti_openmp_so2_sz500_th2_tuneoff_mpibasic_g4_rep4_%j
1;tti_openmp_so2_sz500_th2_tuneoff_mpibasic_g4_rep3_%j
1;tti_openmp_so2_sz500_th2_tuneoff_mpibasic_g4_rep2_%j
1;tti_openmp_so2_sz500_th2_tuneoff_mpibasic_g4_rep1_%j
1;tti_openmp_so2_sz500_th2_tuneoff_mpibasic_g2_rep5_%j
1;tti_openmp_so2_sz500_th2_tuneoff_mpibasic_g2_rep4_%j
1;tti_openmp_so2_sz500_th2_tuneoff_mpibasic_g2_rep3_%j
1;tti_openmp_so2_sz500_th2_tuneoff_mpibasic_g2_rep2_%j
1;tti_openmp_so2_sz500_th2_tuneoff_mpibasic_g2_rep1_%j
1;tti_openmp_so16_sz500_th2_tuneoff_mpibasic_g4_rep5_%j
1;tti_openmp_so16_sz500_th2_tuneoff_mpibasic_g4_rep4_%j
1;tti_openmp_so16_sz500_th2_tuneoff_mpibasic_g4_rep3_%j
1;tti_openmp_so16_sz500_th2_tuneoff_mpibasic_g4_rep2_%j
1;tti_openmp_so16_sz500_th2_tuneoff_mpibasic_g4_rep1_%j
1;tti_openmp_so16_sz500_th2_tuneoff_mpibasic_g2_rep5_%j
1;tti_openmp_so16_sz500_th2_tuneoff_mpibasic_g2_rep4_%j
1;tti_openmp_so16_sz500_th2_tuneoff_mpibasic_g2_rep3_%j
1;tti_openmp_so16_sz500_th2_tuneoff_mpibasic_g2_rep2_%j
1;tti_openmp_so16_sz500_th2_tuneoff_mpibasic_g2_rep1_%j
1;tti_openmp_so14_sz500_th2_tuneoff_mpibasic_g4_rep5_%j
1;tti_openmp_so14_sz500_th2_tuneoff_mpibasic_g4_rep4_%j
1;tti_openmp_so14_sz500_th2_tuneoff_mpibasic_g4_rep3_%j
1;tti_openmp_so14_sz500_th2_tuneoff_mpibasic_g4_rep2_%j
1;tti_openmp_so14_sz500_th2_tuneoff_mpibasic_g4_rep1_%j
1;tti_openmp_so14_sz500_th2_tuneoff_mpibasic_g2_rep5_%j
1;tti_openmp_so14_sz500_th2_tuneoff_mpibasic_g2_rep4_%j
1;tti_openmp_so14_sz500_th2_tuneoff_mpibasic_g2_rep3_%j
1;tti_openmp_so14_sz500_th2_tuneoff_mpibasic_g2_rep2_%j
1;tti_openmp_so14_sz500_th2_tuneoff_mpibasic_g2_rep1_%j
1;tti_openmp_so12_sz500_th2_tuneoff_mpibasic_g4_rep5_%j
1;tti_openmp_so12_sz500_th2_tuneoff_mpibasic_g4_rep4_%j
1;tti_openmp_so12_sz500_th2_tuneoff_mpibasic_g4_rep3_%j
1;tti_openmp_so12_sz500_th2_tuneoff_mpibasic_g4_rep2_%j
1;tti_openmp_so12_sz500_th2_tuneoff_mpibasic_g4_rep1_%j
1;tti_openmp_so12_sz500_th2_tuneoff_mpibasic_g2_rep5_%j
1;tti_openmp_so12_sz500_th2_tuneoff_mpibasic_g2_rep4_%j
1;tti_openmp_so12_sz500_th2_tuneoff_mpibasic_g2_rep3_%j
1;tti_openmp_so12_sz500_th2_tuneoff_mpibasic_g2_rep2_%j
1;tti_openmp_so12_sz500_th2_tuneoff_mpibasic_g2_rep1_%j
1;tti_openmp_so10_sz500_th2_tuneoff_mpibasic_g4_rep5_%j
1;tti_openmp_so10_sz500_th2_tuneoff_mpibasic_g4_rep4_%j
1;tti_openmp_so10_sz500_th2_tuneoff_mpibasic_g4_rep3_%j
1;tti_openmp_so10_sz500_th2_tuneoff_mpibasic_g4_rep2_%j
1;tti_openmp_so10_sz500_th2_tuneoff_mpibasic_g4_rep1_%j
1;tti_openmp_so10_sz500_th2_tuneoff_mpibasic_g2_rep5_%j
1;tti_openmp_so10_sz500_th2_tuneoff_mpibasic_g2_rep4_%j
1;tti_openmp_so10_sz500_th2_tuneoff_mpibasic_g2_rep3_%j
1;tti_openmp_so10_sz500_th2_tuneoff_mpibasic_g2_rep2_%j
1;tti_openmp_so10_sz500_th2_tuneoff_mpibasic_g2_rep1_%j
1;tstuni11
1;tstuni10
1;trgenvt
1;treinvaspkit21poscarnpt
1;treinvaspkit21poscar600K
1;treintrainserienvt
1;treintrainseriebp_teste
1;treintrainserie
1;treintrainsemsoc
1;treintraindens
1;treintrain2
1;treinrun
1;treinrefitbico2
1;treinpassivado_andersen
1;treinPOSCARPMASS
1;treinPOSCAR2_dir
1;tree_nvt_R5
1;tree_nvt
1;tree_md1_R1
1;tree_md16_R4
1;tree_md14_R4
1;treeMD3
1;tree
1;treat3
1;trajconc363
1;train_UNet-12min-03img-Lightning-Raw
1;train_UNet-12min-03img-Lightning-QC-dBZ
1;train_UNet-12min-03img-Lightning-QC-ET35
1;train_UNet-12min-03img-Lightning-QC
1;train_UNet-06min-06img-Lightning-QC
1;train_UNet-06min-03img-Lightning-QC
1;train_FTUNet-12min-03img-Lightning-Raw
1;train_FTUNet-06min-06img-Lightning-QC
1;train_FTUNet-06min-03img-Lightning-QC
1;train_FTConvLSTM-12min-03img-Lightning-Raw
1;train_ConvLSTM-12min-03img-Lightning-QC
1;trainPOSCAR6_dir
1;trainPOSCAR4_dir
1;trainPOSCAR2_dir
1;trainPOSCAR10_dir
1;tracer2
1;totalview
1;tmcore_per_system
1;themis-nanocage
1;tgt54_1
1;tgr5_tgr5_CNP0483812.0
1;tgr5_QUERY_molecule_61_93
1;tgr5_CNP0478274.1
1;testuni5
1;testlpore-4
1;testerelax1CIO1LNOAFM
1;teste_sim_telarray
1;teste_sim_tel
1;teste_perpen_ni
1;teste_extract
1;teste_env
1;teste_cpu
1;teste_GW
1;teste_481
1;teste_477
1;teste_476
1;teste_468
1;teste_467
1;teste_459
1;teste_454
1;teste_432
1;teste_431
1;teste_427
1;teste_423
1;teste_419
1;teste_414
1;testeSCsocIrinplaneAFMa-a-c+
1;teste-gpu
1;teste-RMN-2
1;testaPOSCAR1_dir
1;testaP2
1;testaP11
1;test_vasp_shared
1;test_qdrant
1;test_multichannel
1;test_multi2
1;test_marlin_comp_res_case_6
1;test_marlin_comp_res_case_5
1;test_marlin_comp_res_case_3
1;test_marlin_comp_res_case_2
1;test_marlin_comp_res_case_1
1;test_fs
1;test_e2co
1;test_dia
1;testPorta
1;testPOSCAR10_dir
1;testOllama
1;testConn1
1;test21
1;test07-FB-MONO
1;test03-FB-MONO
1;test.py
1;temp_name
1;tds_m07
1;tddft40-ti3c2o2-96
1;tddft20-ti3c2o2-96
1;tco2
1;tcn-test
1;tcn-inpt
1;tcn-hillas
1;tail
1;table_FPBA_PR
1;t2dlcam2-opt-ti3c2o2-48
1;t100001_an8000_sub500000_vis500000.db
1;t100001_an500000_sub500000_vis500000.db
1;t100001_an4000_sub500000_vis500000.db
1;t100001_an2000_sub500000_vis500000.db
1;t100001_an1000_sub500000_vis500000.db
1;t100001_an1000_sub2000_vis500000.db
1;t100001_an1000_sub1000_vis8000.db
1;t100001_an1000_sub1000_vis500000.db
1;t100001_an1000_sub1000_vis4000.db
1;t100001_an1000_sub1000_vis2000.db
1;t100001_an1000_sub1000_vis1000.db
1;t100001_an1000_sub10000_vis500000.db
1;syn_nmr4
1;syn_nmr3
1;symmCeO2_polaron
1;symf48mxene-ti3c2o2-48
1;summarize_eigenvectors.cplx.x
1;subs-bpn
1;subs-1gra
1;subir_colecciones_qdrant
1;sub_job_single.sh
1;sub_container_v2.srm
1;sub_container_gres.srm
1;sub_amd_outro.srm
1;sub_amd.v2.srm
1;strl01
1;stride.slm
1;step0-f
1;star3dmag
1;st2_cl
1;srm5-calibracao
1;srm5
1;square-li
1;sqs5
1;sqs4
1;sqs3
1;sqs2
1;sqs-1
1;splitDeepR1
1;sp.C.x.amd
1;sp.B
1;sp.A
1;sp-mz.C.x
1;so8_400
1;so4_400
1;slurmctld
1;sleep.slurm
1;sisso_c003_m004
1;sisso_c003_m003
1;sisso_c003_m002
1;sisso_c003_m001
1;sisso
1;siser
1;sise
1;sipam_proc
1;sim_isoB.sh
1;sim_isoA.sh
1;sigmaco12
1;sigma12
1;sig925
1;sig920
1;sglang_deepseek
1;setup_rfdiffusion.sh
1;serveLlamacpp
1;serveLLama
1;servLlamacpp
1;seriepho
1;seriemos2sh
1;seriemos2
1;seq_read_single_julio.sh
1;seq_read_single.sh
1;seq_read.sh
1;select_Ndomain
1;seg_ft_v4_adamw
1;seg_ft_v4
1;seg_ft_adamw
1;seg_ft
1;seg_freeze
1;seam_ai_gst3d_2data
1;seam_ai_all_attr
1;sdumont2nd_run_proton_avulso.sh
1;sdumont2nd_run_avulso_stackin.sh
1;scsocAFMCIOLNOa-a-c-
1;script.sh
1;scl3072
1;scl1536
1;scl0768
1;scl0384
1;scflno_lfo_51
1;scflno_lfo_22
1;scfVac_ads
1;scfSTFdopedwannier
1;scfQuebra
1;scfInv
1;scfInicio
1;scf11lno_lfo
1;scf05
1;scf04
1;scf-sn02
1;scf-8nh2
1;scf-4cf3
1;scAFMCIOLNOa-a-c-
1;sc3CIO1LNOFMsocMAGMOM1
1;sc3CIO1LNOFMsoc
1;sc3CIO1LNOAFM
1;sc2CIO2LNOFMsocMAGMOM1
1;sc2CIO2LNOAFMG
1;sc1CIOAFMG
1;sc1CIOAFMC
1;sc1CIOAFMA
1;sc1CIO3LNOFMsocMAGMOM1
1;sc1CIO3LNOAFMC
1;sc1CIO3LNOAFM
1;sc1CIO1LNOFMsocMAGMOM1
1;sc1CIO1LNOAFM
1;sbr_ilu_search
1;sbr-bench-main-20260416_115910-icpx2025-local
1;sbr-bench-main-20260416_115910-gcc11
1;sbr-bench-main-20260415_122316-icpx2025-local
1;sbr-bench-main-20260415_122316-gcc11
1;sbr-bench-main-20251119_143355-icpx2025-singularity
1;sbr-bench-main-20251119_143355-gcc15
1;sbr-bench-main-20251119_143355-clang20
1;sbr-bench-main-20251119_142822-icpx2025-singularity
1;sbr-bench-main-20251119_142822-gcc15
1;sbr-bench-main-20251119_142822-clang20
1;sbr-bench-g1jn-icpx2025-local
1;samx2
1;samx1
1;sam_tex_3
1;sam_tex_2
1;sam_tex_1
1;sam_tex_0
1;sam_resnet50_parihaka_2
1;sam_resnet50_parihaka_1
1;sam_resnet50_f3_2
1;sam_resnet50_f3_1
1;sam_o_1
1;sam_fl_0
1;sam_feed_1
1;sam_feed
1;sam_fb_1
1;sam_fb_0
1;sam_f_1
1;sam_dino_parihaka_2
1;sam_dino_parihaka_1
1;sam_dino_parihaka
1;sam_dino_f3_2
1;sam_dino_f3_1
1;sam_d7
1;sam_d6
1;sam_d5
1;sam_d4
1;sam_d3
1;sam_d2
1;sam_d1
1;sam_d0
1;sam_cpr_4
1;sam_7
1;sam_6
1;sam_5
1;sam_4
1;sam_3
1;sam_2
1;sam_1
1;sam_0
1;sam2_x
1;sam2_v3_x
1;sam2_v2
1;sam2_42
1;sam2_0
1;s_f1
1;s_f0
1;s_d1
1;sUGe2_dos
1;sHo_DOS
1;s8.r9.srm
1;s8.r8.srm
1;s8.r7.srm
1;s8.r6.srm
1;s8.r5.srm
1;s8.r4.srm
1;s8.r3.srm
1;s8.r2.srm
1;s8.r1.srm
1;s8.r0.srm
1;s7.r9.srm
1;s7.r8.srm
1;s7.r7.srm
1;s7.r6.srm
1;s7.r5.srm
1;s7.r4.srm
1;s7.r3.srm
1;s7.r2.srm
1;s7.r1.srm
1;s7.r0.srm
1;s6.r9.srm
1;s6.r8.srm
1;s6.r7.srm
1;s6.r6.srm
1;s6.r5.srm
1;s6.r4.srm
1;s6.r3.srm
1;s6.r2.srm
1;s6.r1.srm
1;s6.r0.srm
1;s5.r9.srm
1;s5.r8.srm
1;s5.r7.srm
1;s5.r6.srm
1;s5.r5.srm
1;s5.r4.srm
1;s5.r3.srm
1;s5.r2.srm
1;s5.r1.srm
1;s5.r0.srm
1;s4l12opt-ti3c2o2
1;s4.r9.srm
1;s4.r8.srm
1;s4.r7.srm
1;s4.r6.srm
1;s4.r5.srm
1;s4.r4.srm
1;s4.r3.srm
1;s4.r2.srm
1;s4.r1.srm
1;s4.r0.srm
1;s1B
1;s111-uio66_4
1;s111-uio66_3
1;s110-uio66-mc
1;s1019_$1
1;s100-uio66_3
1;s100-uio66_2
1;s100-uio66-mc_4
1;s100-uio66-mc_1_1
1;s100-uio66-mc2
1;s100-uio66-mc
1;s100-2l
1;s10.r9.srm
1;s10.r8.srm
1;s10.r7.srm
1;s10.r6.srm
1;s10.r5.srm
1;s10.r4.srm
1;s10.r3.srm
1;s10.r2.srm
1;s10.r1.srm
1;s10.r0.srm
1;s0-2
1;rungemonob
1;runbitwoposcariconst
1;runbipore2d
1;runbipore-hexabare
1;runbipore-6
1;runbipore-555777
1;runbipore-4
1;runbipore-2
1;runbilayer21poscar
1;runafm_lapw
1;run_simulation_b
1;run_simulation_a
1;run_silicon
1;run_nitrogen
1;run_md.sh
1;run_matheus_d.sh
1;run_matheus_c.sh
1;run_helium
1;run_gamma
1;run_eval_UNet-12min-03img-Lightning-Raw
1;run_electron
1;run_deepOnet-retrain2-normSigma.srm
1;run_deepOnet-predict_subm4.srm
1;run_deepOnet-predict_float32_fSin_transi2.srm
1;run_avulso_iron_stackin.sh
1;run_alkene.sh
1;run_8_6
1;run_8_4
1;run_8_2
1;run_6_8
1;run_6_6
1;run_6_4
1;run_4_8
1;run_4_6
1;run_4_4
1;run_4_12
1;run_4_10
1;run_40_1
1;run_36_1
1;run_34_1
1;run_30_1
1;run_2_8
1;run_2_24
1;run_2_22
1;run_2_20
1;run_2_18
1;run_2_16
1;run_2_14
1;run_2_12
1;run_28_1
1;run_26_1
1;run_22_2
1;run_22_1
1;run_20_2
1;run_20_1
1;run_1_48_1
1;run_1_48
1;run_1_46
1;run_1_44
1;run_1_42
1;run_1_40
1;run_1_38
1;run_1_36
1;run_1_34
1;run_1_32
1;run_1_30
1;run_1_28
1;run_1_26
1;run_1_24
1;run_1_22
1;run_1_20
1;run_1_18
1;run_1_16
1;run_1_14
1;run_18_2
1;run_18_1
1;run_16_2
1;run_16_1
1;run_14_2
1;run_14_1
1;run_12_4
1;run_12_2
1;run_10_4
1;run_10_2
1;runPython.sh
1;ru-band
1;rrocli1f
1;rrocli1e
1;rrocli1d
1;rrocli1c
1;rrocli1b
1;rrocli1a
1;rot_2x7
1;rosetta
1;rocmtu2f
1;rocmtu2e
1;rocmtu2d
1;rocmtu1e
1;rocmtu1d
1;rocmli2f
1;rocmli2e
1;rocmli2d
1;rocmli1f
1;rocmli1e
1;rocmli1d
1;rocmbu2f
1;rocmbu2e
1;rocmbu2d
1;rocmbu1f
1;rocmbu1e
1;rocmbu1d
1;rn50_wo1
1;rn50_wo0
1;rn50_w1
1;rn50_w0
1;rn50_ip3
1;rn50_ip2
1;rn50_ip1
1;rn50_ip0
1;rn50_if3
1;rn50_if2
1;rn50_if1
1;rn50_if0
1;rn50_fwo1
1;rn50_fwo0
1;rn50_fw1
1;rn50_fw0
1;rn50_f01
1;rmmtu2c
1;rmmtu2b
1;rmmtu2a
1;rmmtu1c
1;rmmtu1b
1;rmmtu1a
1;rmmlib2c
1;rmmlib2b
1;rmmlib2a
1;rmmbu2c
1;rmmbu2b
1;rmmbu1
1;rmefT
1;rmefC9drag
1;rmefC2drag
1;rmefC1sc
1;rmefC1drag
1;rmef2-fix
1;rmef130
1;rmef129
1;rmef128
1;rmef127
1;rlxperf
1;rlxlno_lfo_22
1;rlxed_mol
1;rlxdop
1;rlx_SMo
1;rlx_MoVac
1;rfd_test
1;res_1
1;reruntestel
1;rerunframe_DGSH
1;rerun_no_water_6mj0_Wild_complex
1;rerun_Ldamn_pt1
1;rerun_Ddamn_sol
1;rerun_Ddamn
1;rerun_ADBC
1;rerun_ACBD
1;rerun_ABCD
1;rerun_7wk6_omicron_complex
1;rerun_2gyp
1;rerun_2gh5
1;rerun_2eav
1;rerun_2bzy
1;rerun_2avd
1;rerun_2atx
1;rerun_2ask
1;rerun_1zq9
1;rerun_1zdn
1;rerun_1ypq
1;rerun_1yLa
1;rerun_1y1a
1;rerun_1xv8
1;rerun_1xjl
1;rerun_1wyx
1;rerun_1wyi
1;rerun_1wpq
1;rerun_1w9c
1;rerun_1w6m
1;rerun_1tjc
1;rerun_1te6
1;rerun_1t4e
1;rerun_1t09
1;rerun_1sg0
1;rerun_1pr9
1;rerun_1p4r
1;rerun_1nbq
1;rerun_1na8
1;rerun_1l8l
1;rerun_1k9k
1;rerun_1k6m
1;rerun_1k2p
1;rerun_1joc
1;rerun_1itv
1;rerun_1itq
1;rerun_1hrk
1;rerun_1h8f
1;rerun_1gkd
1;rerun_1f4o
1;rerun_1f0y
1;rerun_1eym
1;rerun_1eqt
1;rerun_1eog
1;rerun_1ekf
1;rerun_1ef7
1;rerun_1ef3
1;rerun_1eeq
1;rerun_1e8i
1;rerun_1e8a
1;rerun_1dug
1;rerun850_LGSH
1;rep6md29
1;rep4nvt
1;rep4md28
1;rep3nvt
1;rep3md37
1;rep3md29
1;rep3md
1;rep2nvt
1;rep2md25
1;rep1md21
1;renato
1;removewaters
1;remfC2map
1;remfC1map
1;relaxa-b-c-AFM
1;relax_1
1;relaxSTRESS1CIO1LNOFM
1;relaxSTOpristine
1;relaxSTOdoped
1;relax3SIO1LNOFM
1;relax3SIO1LNOAFM
1;relax2D
1;relax2CIO2LNOAFMAup
1;relax2CIO2LNOAFMAdown
1;relax1SIO1LNO
1;relax1LNOFM
1;relax1CIOAFMG
1;relax1CIOAFMC
1;relax1CIOAFMA
1;relax1CIO3LNOAFMG
1;relax1CIO3LNOAFMAup
1;relax1CIO3LNOAFMAdown
1;relax-2oh
1;relax-2nh2
1;refineheat
1;ref-r
1;redo_scf_all
1;re_ws_miniwave_benchmark
1;rdritu2c
1;rdritu2b
1;rdritu2a
1;rdritu1c
1;rdritu1b
1;rdrili2c
1;rdrili2b
1;rdrili2a
1;rdrili1c
1;rdrili1b
1;rdrili1a
1;rdribu2c
1;rdribu2b
1;rdribu1c
1;rdribu1b
1;rdribu1a
1;rdf_D
1;rdf_C
1;rdf_B
1;rdf_A
1;rbslurm_var_starling_curve_from_milrinone.sh
1;rbslurm_var_starling_B.sh
1;rbslurm_var_patient.sh
1;rbslurm_var_last.sh
1;rbslurm_var.sh
1;ray_embeds_std
1;rain_gauge_prepro
1;raft_R4
1;rac_rerun
1;r_2d_1c_md0
1;rTiSe2_SOC
1;rT0rfp0
1;rSBTiSe2_SOC
1;r6_90_100
1;r6_80_90
1;r5_40_50
1;r5_30_40
1;r5_20_30
1;r5_150_200
1;r5_10_20
1;r5_0_10
1;r4_150_200
1;r4_102prod5
1;r4_1020prodres
1;r4_1020prod4
1;r4_1020prod3
1;r4_1020prod2
1;r4_100_150
1;r3_nvt
1;r3_md_2
1;r3_90_100
1;r3_80_90
1;r3_70_80
1;r3_60_70
1;r3_50_60
1;r3_363prod5
1;r3_140_150
1;r3_130_140
1;r3_120_130
1;r3_110_120
1;r3_1020prod2
1;r3_100_150
1;r3_0-10
1;r340_50
1;r330_40
1;r320_30
1;r310_20
1;r2scan_ghole_otm
1;r2_md_3_1g_24c
1;r2_md_2
1;r2_md_1
1;r2_md2
1;r2_dvdd_md_1
1;r2_90_100
1;r2_80_90
1;r2_60_70
1;r2_50_60
1;r2_363prod5
1;r2_140_150
1;r2_130_140
1;r2_120_130
1;r2_110_120
1;r2_1020prod5
1;r2_1020prod3
1;r2_1020prod2
1;r2_100_150
1;r2LL2CO4
1;r2
1;r1_md_6
1;r1_md_5
1;r1_md_4
1;r1_md_3_2g_24c
1;r1_md_2_4g_12c
1;r1_md_2_1g_2c
1;r1_md_2_1g_12c
1;r1_md_1
1;r1_150_200
1;r140_50
1;r130_40
1;r120_30
1;r110_20
1;r-8oh
1;r-8nh2
1;r-2no2
1;r-2ch3
1;qfi_72
1;qfi_36
1;qfi_24
1;qe_pani_gh200
1;qe-native
1;qe-multirun
1;qdrant_collections
1;pytorchdist
1;pure_HgMe2
1;pure
1;pup_freeze
1;pt-band
1;pseudoAFMrelaxa-b+c-
1;prueba
1;prot_cu1p
1;prodf5_alpha_plus4LST_run_OFFSET
1;prod50_100
1;proc24
1;proc128
1;printenv
1;prgh130
1;prgh129
1;prgh128
1;prgh127
1;prgh126
1;pretrain_MaskedAutoEncoderViT_V0__B64_E800_lr0.001
1;pretrain_MaskedAutoEncoderViT_V0__B128_E0_lr0.001
1;pretrain_BYOL_V0__B32_E14416699114888_lr0.001
1;prefix123
1;pp
1;postTR1_E
1;polaron6dos
1;poisson3d_gpu_c
1;poisson3d_direct_gpuoffload
1;poisson3d_cpu_py_gpu
1;poisson3d_amg
1;poisson2d_gpu
1;poisson2d_cmp
1;pluto-interativo
1;pload_C
1;pload
1;plabuc
1;piriOH-PLUMED5
1;piriOH-H2O-fin-mpi
1;piriOH-H2O-f
1;piri2H2O_linha
1;piri2H2O_4th
1;pip
1;phx_262
1;phonons-composito-4lmls
1;phonon
1;phonomlffphononstt
1;phonodisp-006
1;phonodisp-005
1;phon9
1;phon8
1;phon7
1;phon6
1;phon5
1;phon40
1;phon4
1;phon39
1;phon38
1;phon37
1;phon36
1;phon35
1;phon34
1;phon33
1;phon32
1;phon31
1;phon30
1;phon3
1;phon29
1;phon28
1;phon27
1;phon26
1;phon25
1;phon24
1;phon23
1;phon22
1;phon21
1;phon20
1;phon19
1;phon18
1;phon17
1;phon16
1;phon15
1;phon14
1;phon13
1;phon12
1;phon11
1;phon10
1;ph_Pt_12
1;ph_G_12
1;ph_2lmls
1;ph_2lm
1;ph-U-H2O
1;perpes_p
1;perpedosni
1;perpedos_s
1;perceiver_
1;pept
1;pen1-s
1;pen-s2
1;pe_0
1;pdse21tupdown
1;pdos-composito-4lmls
1;pcore_per_system
1;pca_tmcore
1;pca_ncore
1;pca_core136
1;pca_core
1;pca_acore
1;pbe-300
1;passo5
1;passo4
1;passo3
1;passo2
1;passo1
1;parihaka_unetr
1;paratest
1;paraelec_CIPS1x1
1;paq_u
1;paq15
1;paq14
1;paq13
1;paq12
1;paperSS_Y02-bilstm-tdhead_CV=Pull-R1S5FCV_input_subset11_Class2=ROI=FP-PPad_pacman
1;paperSS_X05-unetX2_CV=Pull-R1S5FCV_input=subset11_Classes=3-TH=0.02_ROI=FP-ZPad_pacman
1;paperSS_X05-unetX2_CV=Pull-R1S5FCV_input=subset11_Classes=3-TH=0.02_ROI=FP-PPad_pacman
1;paperSS_X04-unetX2_CV=Pull-R1S5FCV_input=subset11_Classes=3-TH=0.02_ROI=FP-PPad_pacman
1;paperSS_X03-unetX2_CV=Pull-R1S5FCV_input=subset11_Classes=3-TH=0.02_ROI=FP-PPad_pacman
1;paperSS_X02-unetX2_CV=Pull-R1S5FCV_input=subset11_Classes=3-TH=0.02_ROI=FP-PPad_pacman
1;paperSS_X01-unetX2_CV=Pull-R1S5FCV_input=subset11_Classes=3-TH=0.02_ROI=FP-PPad_pacman
1;paperSS_X00-unetX2_CV=Pull-R1S5FCV_input=subset11_Classes=3-TH=0.02_ROI=FP-PPad_pacman
1;paperSS_W02-bilstm-tdhead_CV=Pull-R1S5FCV_input_subset11_Class2=ROI=FP-PPad_pacman
1;paperSS_200-unetX2_CV=Pull-R1S5FCV_input=subset11_Classes=3-TH=0.02_ROI=segfix32-8_pacman
1;paperSS_200-unetX2_CV=Pull-R1S5FCV_input=subset11_Classes=3-TH=0.02_ROI=segfix128-8_pacman
1;paperSS_200-unetX2_CV=Pull-R1S5FCV_input=subset11_Classes=3-TH=0.02_ROI=pb-30-60-PPad_pacman
1;paperSS_200-unetX2_CV=Pull-R1S5FCV_input=subset11_Classes=3-TH=0.02_ROI=pb-25-50-75-PPad_pacman
1;paperSS_200-unetX2_CV=Pull-R1S5FCV_input=subset11_Classes=3-TH=0.02_ROI=pb-20-40-60-80-PPad_pacman
1;paperSS_200-unetX2_CV=Pull-R1S5FCV_input=subset11_Classes=3-TH=0.02_ROI=pb-10-20-30-40-50-60-70-80-90-PPad_pacman
1;paperSS_200-unetX2_CV=Pull-R1S5FCV_input=subset11_Classes=3-TH=0.02_ROI=FP-ZPad_pacman
1;paperSS_200-unetX2_CV=Pull-R1S5FCV_input=subset11_Classes=3-TH=0.02_ROI=FP-PPad_pacman
1;paperSS_105-unetX2_CV=Pull-R1S5FCV_input=subset11_Classes=2_ROI=segfix128-8_pacman
1;paperSS_105-unetX2_CV=Pull-R1S5FCV_input=subset11_Classes=2_ROI=pb-30-60-PPad_pacman
1;paperSS_105-unetX2_CV=Pull-R1S5FCV_input=subset11_Classes=2_ROI=pb-25-50-75-PPad_pacman
1;paperSS_105-unetX2_CV=Pull-R1S5FCV_input=subset11_Classes=2_ROI=pb-20-40-60-80-PPad_pacman
1;paperSS_105-unetX2_CV=Pull-R1S5FCV_input=subset11_Classes=2_ROI=pb-10-20-30-40-50-60-70-80-90-PPad_pacman
1;paperSS_105-unetX2_CV=Pull-R1S5FCV_input=subset11_Classes=2_ROI=FP-PPad_pacman
1;paperSS_104-unetX2_CV=Pull-R1S5FCV_input=subset11_Classes=2_ROI=segfix32-8_pacman
1;paperSS_104-unetX2_CV=Pull-R1S5FCV_input=subset11_Classes=2_ROI=segfix128-8_pacman
1;paperSS_104-unetX2_CV=Pull-R1S5FCV_input=subset11_Classes=2_ROI=pb-30-60-PPad_pacman
1;paperSS_104-unetX2_CV=Pull-R1S5FCV_input=subset11_Classes=2_ROI=pb-25-50-75-PPad_pacman
1;paperSS_104-unetX2_CV=Pull-R1S5FCV_input=subset11_Classes=2_ROI=pb-10-20-30-40-50-60-70-80-90-PPad_pacman
1;paperSS_104-unetX2_CV=Pull-R1S5FCV_input=subset11_Classes=2_ROI=FP-PPad_pacman
1;paperSS_103-unetX2_CV=Pull-R1S5FCV_input=subset11_Classes=2_ROI=segfix128-8_pacman_PREDICTIONS
1;paperSS_103-unetX2_CV=Pull-R1S5FCV_input=subset11_Classes=2_ROI=segfix128-8_pacman
1;paperSS_103-unetX2_CV=Pull-R1S5FCV_input=subset11_Classes=2_ROI=pb-30-60-PPad_pacman_PREDICTIONS
1;paperSS_103-unetX2_CV=Pull-R1S5FCV_input=subset11_Classes=2_ROI=pb-30-60-PPad_pacman
1;paperSS_103-unetX2_CV=Pull-R1S5FCV_input=subset11_Classes=2_ROI=pb-25-50-75-PPad_pacman_PREDICTIONS
1;paperSS_103-unetX2_CV=Pull-R1S5FCV_input=subset11_Classes=2_ROI=pb-25-50-75-PPad_pacman
1;paperSS_103-unetX2_CV=Pull-R1S5FCV_input=subset11_Classes=2_ROI=pb-20-40-60-80-PPad_pacman_PREDICTIONS
1;paperSS_103-unetX2_CV=Pull-R1S5FCV_input=subset11_Classes=2_ROI=pb-20-40-60-80-PPad_pacman
1;paperSS_103-unetX2_CV=Pull-R1S5FCV_input=subset11_Classes=2_ROI=pb-10-20-30-40-50-60-70-80-90-PPad_pacman_PREDICTIONS
1;paperSS_103-unetX2_CV=Pull-R1S5FCV_input=subset11_Classes=2_ROI=FP-PPad_pacman_PREDICTIONS
1;paperSS_103-unetX2_CV=Pull-R1S5FCV_input=subset11_Classes=2_ROI=FP-PPad_pacman
1;paperSS_102-unetX2_CV=Pull-R1S5FCV_input=subset11_Classes=2_ROI=segfix32-8_pacman
1;paperSS_102-unetX2_CV=Pull-R1S5FCV_input=subset11_Classes=2_ROI=segfix128-8_pacman
1;paperSS_102-unetX2_CV=Pull-R1S5FCV_input=subset11_Classes=2_ROI=pb-30-60-PPad_pacman
1;paperSS_102-unetX2_CV=Pull-R1S5FCV_input=subset11_Classes=2_ROI=FP-PPad_pacman
1;paperSS_101-unetX2_CV=Pull-R1S5FCV_input=subset11_Classes=2_ROI=pb-20-40-60-80-PPad_pacman
1;paperSS_100-unetX2_CV=Pull-R1S5FCV_input=subset11_Classes=3-TH=0.15_ROI=segfix32-8_pacman
1;paperSS_100-unetX2_CV=Pull-R1S5FCV_input=subset11_Classes=3-TH=0.15_ROI=segfix128-8_pacman
1;paperSS_100-unetX2_CV=Pull-R1S5FCV_input=subset11_Classes=3-TH=0.15_ROI=pb-30-60-PPad_pacman
1;paperSS_100-unetX2_CV=Pull-R1S5FCV_input=subset11_Classes=3-TH=0.15_ROI=pb-25-50-75-PPad_pacman
1;paperSS_100-unetX2_CV=Pull-R1S5FCV_input=subset11_Classes=3-TH=0.15_ROI=pb-20-40-60-80-PPad_pacman
1;paperSS_100-unetX2_CV=Pull-R1S5FCV_input=subset11_Classes=3-TH=0.15_ROI=pb-10-20-30-40-50-60-70-80-90-PPad_pacman
1;paperSS_100-unetX2_CV=Pull-R1S5FCV_input=subset11_Classes=3-TH=0.15_ROI=FP-ZPad_pacman
1;paperSS_100-unetX2_CV=Pull-R1S5FCV_input=subset11_Classes=3-TH=0.15_ROI=FP-PPad_pacman
1;paperSS_100-unetX2_CV=Pull-R1S5FCV_input=subset11_Classes=3-TH=0.12_ROI=segfix32-8_pacman
1;paperSS_100-unetX2_CV=Pull-R1S5FCV_input=subset11_Classes=3-TH=0.12_ROI=segfix128-8_pacman
1;paperSS_100-unetX2_CV=Pull-R1S5FCV_input=subset11_Classes=3-TH=0.12_ROI=pb-30-60-PPad_pacman
1;paperSS_100-unetX2_CV=Pull-R1S5FCV_input=subset11_Classes=3-TH=0.12_ROI=pb-25-50-75-PPad_pacman
1;paperSS_100-unetX2_CV=Pull-R1S5FCV_input=subset11_Classes=3-TH=0.12_ROI=pb-20-40-60-80-PPad_pacman
1;paperSS_100-unetX2_CV=Pull-R1S5FCV_input=subset11_Classes=3-TH=0.12_ROI=pb-10-20-30-40-50-60-70-80-90-PPad_pacman
1;paperSS_100-unetX2_CV=Pull-R1S5FCV_input=subset11_Classes=3-TH=0.12_ROI=FP-ZPad_pacman
1;paperSS_100-unetX2_CV=Pull-R1S5FCV_input=subset11_Classes=3-TH=0.12_ROI=FP-PPad_pacman
1;paperSS_100-unetX2_CV=Pull-R1S5FCV_input=subset11_Classes=3-TH=0.10_ROI=segfix32-8_pacman
1;paperSS_100-unetX2_CV=Pull-R1S5FCV_input=subset11_Classes=3-TH=0.10_ROI=segfix128-8_pacman
1;paperSS_100-unetX2_CV=Pull-R1S5FCV_input=subset11_Classes=3-TH=0.10_ROI=pb-30-60-PPad_pacman
1;paperSS_100-unetX2_CV=Pull-R1S5FCV_input=subset11_Classes=3-TH=0.10_ROI=pb-25-50-75-PPad_pacman
1;paperSS_100-unetX2_CV=Pull-R1S5FCV_input=subset11_Classes=3-TH=0.10_ROI=pb-20-40-60-80-PPad_pacman
1;paperSS_100-unetX2_CV=Pull-R1S5FCV_input=subset11_Classes=3-TH=0.10_ROI=pb-10-20-30-40-50-60-70-80-90-PPad_pacman
1;paperSS_100-unetX2_CV=Pull-R1S5FCV_input=subset11_Classes=3-TH=0.10_ROI=FP-ZPad_pacman
1;paperSS_100-unetX2_CV=Pull-R1S5FCV_input=subset11_Classes=3-TH=0.10_ROI=FP-PPad_pacman
1;paperSS_100-unetX2_CV=Pull-R1S5FCV_input=subset11_Classes=3-TH=0.09_ROI=segfix32-8_pacman
1;paperSS_100-unetX2_CV=Pull-R1S5FCV_input=subset11_Classes=3-TH=0.09_ROI=segfix128-8_pacman
1;paperSS_100-unetX2_CV=Pull-R1S5FCV_input=subset11_Classes=3-TH=0.09_ROI=pb-30-60-PPad_pacman
1;paperSS_100-unetX2_CV=Pull-R1S5FCV_input=subset11_Classes=3-TH=0.09_ROI=pb-25-50-75-PPad_pacman
1;paperSS_100-unetX2_CV=Pull-R1S5FCV_input=subset11_Classes=3-TH=0.09_ROI=pb-20-40-60-80-PPad_pacman
1;paperSS_100-unetX2_CV=Pull-R1S5FCV_input=subset11_Classes=3-TH=0.09_ROI=pb-10-20-30-40-50-60-70-80-90-PPad_pacman
1;paperSS_100-unetX2_CV=Pull-R1S5FCV_input=subset11_Classes=3-TH=0.09_ROI=FP-ZPad_pacman
1;paperSS_100-unetX2_CV=Pull-R1S5FCV_input=subset11_Classes=3-TH=0.09_ROI=FP-PPad_pacman
1;paperSS_100-unetX2_CV=Pull-R1S5FCV_input=subset11_Classes=3-TH=0.08_ROI=segfix32-8_pacman
1;paperSS_100-unetX2_CV=Pull-R1S5FCV_input=subset11_Classes=3-TH=0.08_ROI=segfix128-8_pacman
1;paperSS_100-unetX2_CV=Pull-R1S5FCV_input=subset11_Classes=3-TH=0.08_ROI=pb-30-60-PPad_pacman
1;paperSS_100-unetX2_CV=Pull-R1S5FCV_input=subset11_Classes=3-TH=0.08_ROI=pb-25-50-75-PPad_pacman
1;paperSS_100-unetX2_CV=Pull-R1S5FCV_input=subset11_Classes=3-TH=0.08_ROI=pb-20-40-60-80-PPad_pacman
1;paperSS_100-unetX2_CV=Pull-R1S5FCV_input=subset11_Classes=3-TH=0.08_ROI=pb-10-20-30-40-50-60-70-80-90-PPad_pacman
1;paperSS_100-unetX2_CV=Pull-R1S5FCV_input=subset11_Classes=3-TH=0.08_ROI=FP-ZPad_pacman
1;paperSS_100-unetX2_CV=Pull-R1S5FCV_input=subset11_Classes=3-TH=0.08_ROI=FP-PPad_pacman
1;paperSS_100-unetX2_CV=Pull-R1S5FCV_input=subset11_Classes=3-TH=0.07_ROI=segfix32-8_pacman
1;paperSS_100-unetX2_CV=Pull-R1S5FCV_input=subset11_Classes=3-TH=0.07_ROI=segfix128-8_pacman
1;paperSS_100-unetX2_CV=Pull-R1S5FCV_input=subset11_Classes=3-TH=0.07_ROI=pb-30-60-PPad_pacman
1;paperSS_100-unetX2_CV=Pull-R1S5FCV_input=subset11_Classes=3-TH=0.07_ROI=pb-25-50-75-PPad_pacman
1;paperSS_100-unetX2_CV=Pull-R1S5FCV_input=subset11_Classes=3-TH=0.07_ROI=pb-20-40-60-80-PPad_pacman
1;paperSS_100-unetX2_CV=Pull-R1S5FCV_input=subset11_Classes=3-TH=0.07_ROI=pb-10-20-30-40-50-60-70-80-90-PPad_pacman
1;paperSS_100-unetX2_CV=Pull-R1S5FCV_input=subset11_Classes=3-TH=0.07_ROI=FP-ZPad_pacman
1;paperSS_100-unetX2_CV=Pull-R1S5FCV_input=subset11_Classes=3-TH=0.07_ROI=FP-PPad_pacman
1;paperSS_100-unetX2_CV=Pull-R1S5FCV_input=subset11_Classes=3-TH=0.05_ROI=segfix32-8_pacman
1;paperSS_100-unetX2_CV=Pull-R1S5FCV_input=subset11_Classes=3-TH=0.05_ROI=segfix128-8_pacman
1;paperSS_100-unetX2_CV=Pull-R1S5FCV_input=subset11_Classes=3-TH=0.05_ROI=pb-30-60-PPad_pacman
1;paperSS_100-unetX2_CV=Pull-R1S5FCV_input=subset11_Classes=3-TH=0.05_ROI=pb-25-50-75-PPad_pacman
1;paperSS_100-unetX2_CV=Pull-R1S5FCV_input=subset11_Classes=3-TH=0.05_ROI=pb-20-40-60-80-PPad_pacman
1;paperSS_100-unetX2_CV=Pull-R1S5FCV_input=subset11_Classes=3-TH=0.05_ROI=pb-10-20-30-40-50-60-70-80-90-PPad_pacman
1;paperSS_100-unetX2_CV=Pull-R1S5FCV_input=subset11_Classes=3-TH=0.05_ROI=FP-ZPad_pacman
1;paperSS_100-unetX2_CV=Pull-R1S5FCV_input=subset11_Classes=3-TH=0.05_ROI=FP-PPad_pacman
1;paperSS_100-unetX2_CV=Pull-R1S5FCV_input=subset11_Classes=3-TH=0.02_ROI=segfix32-8_pacman
1;paperSS_100-unetX2_CV=Pull-R1S5FCV_input=subset11_Classes=3-TH=0.02_ROI=segfix128-8_pacman
1;paperSS_100-unetX2_CV=Pull-R1S5FCV_input=subset11_Classes=3-TH=0.02_ROI=pb-30-60-PPad_pacman
1;paperSS_100-unetX2_CV=Pull-R1S5FCV_input=subset11_Classes=3-TH=0.02_ROI=pb-25-50-75-PPad_pacman
1;paperSS_100-unetX2_CV=Pull-R1S5FCV_input=subset11_Classes=3-TH=0.02_ROI=pb-20-40-60-80-PPad_pacman
1;paperSS_100-unetX2_CV=Pull-R1S5FCV_input=subset11_Classes=3-TH=0.02_ROI=pb-10-20-30-40-50-60-70-80-90-PPad_pacman
1;paperSS_100-unetX2_CV=Pull-R1S5FCV_input=subset11_Classes=3-TH=0.02_ROI=FP-ZPad_pacman
1;paperSS_100-unetX2_CV=Pull-R1S5FCV_input=subset11_Classes=3-TH=0.01_ROI=segfix32-8_pacman
1;paperSS_100-unetX2_CV=Pull-R1S5FCV_input=subset11_Classes=3-TH=0.01_ROI=segfix128-8_pacman
1;paperSS_100-unetX2_CV=Pull-R1S5FCV_input=subset11_Classes=3-TH=0.01_ROI=pb-30-60-PPad_pacman
1;paperSS_100-unetX2_CV=Pull-R1S5FCV_input=subset11_Classes=3-TH=0.01_ROI=pb-25-50-75-PPad_pacman
1;paperSS_100-unetX2_CV=Pull-R1S5FCV_input=subset11_Classes=3-TH=0.01_ROI=pb-20-40-60-80-PPad_pacman
1;paperSS_100-unetX2_CV=Pull-R1S5FCV_input=subset11_Classes=3-TH=0.01_ROI=pb-10-20-30-40-50-60-70-80-90-PPad_pacman
1;paperSS_100-unetX2_CV=Pull-R1S5FCV_input=subset11_Classes=2_ROI=segfix32-8_pacman
1;paperSS_100-unetX2_CV=Pull-R1S5FCV_input=subset11_Classes=2_ROI=segfix128-8_pacman
1;paperSS_100-unetX2_CV=Pull-R1S5FCV_input=subset11_Classes=2_ROI=pb-30-60-PPad_pacman
1;paperSS_100-unetX2_CV=Pull-R1S5FCV_input=subset11_Classes=2_ROI=pb-25-50-75-PPad_pacman
1;paperSS_100-unetX2_CV=Pull-R1S5FCV_input=subset11_Classes=2_ROI=pb-20-40-60-80-PPad_pacman
1;paperSS_100-unetX2_CV=Pull-R1S5FCV_input=subset11_Classes=2_ROI=pb-10-20-30-40-50-60-70-80-90-PPad_pacman
1;pani_relax_fonon
1;pani_bands_native
1;pani-crgs
1;packmol8
1;packmol7
1;packmol6
1;packmol5
1;packmol4444
1;packmol3
1;packmol
1;p_inf_wo1
1;p_inf_wo0
1;p_20_0
1;p_10_0
1;pCNDE208_25
1;p-2oh
1;p-2nh2
1;osu_multi_lat
1;osu_latency_mt
1;osu_latency_mp
1;osu_latency
1;os-band
1;original
1;orca_arm
1;orca_PBEh-3c
1;orca_96pbe0
1;orca_96
1;orca_72b973c
1;orca_72
1;orca_48pbe0
1;orca_48
1;orca_32pbe0
1;orca_32b973c
1;orca_32
1;orca_24pbe0
1;orca_24b973c
1;orbital
1;opt-Form
1;openmp_helloworld
1;onepotes
1;oligo9_pt2_200_250
1;oligo9_pt2_150_200
1;oligo9_min1
1;oh-ooh
1;oh-2l
1;oh-1l
1;octa-li
1;nvt_prod2
1;nvt_fast
1;nvt_eq1
1;nvt_R5
1;nvt5
1;nvt4
1;nvt3
1;nvt2
1;nvt1_R5
1;nv_test
1;nscf_La3Ni2O7
1;nscf-ptp-2f
1;npt_R10
1;nowcast_v8
1;nowcast_v21
1;nowcast_v20
1;nowcast_v19
1;nowcast_v18
1;nowcast_v17
1;nowcast_v15
1;nowcast_v12
1;nowcast_v11
1;nowcast_v10
1;nowcast_lstm_v2
1;nowcast_lstm_v1
1;nowcast_gru_v1
1;normalbands-HfTe2
1;nis2chg2h2
1;nis28x8
1;nis27x7
1;nis24x4
1;nis23x3
1;nis22x2
1;new-depth-mask-50-04
1;new-depth-mask-50
1;new-depth-mask-100-03
1;neb_7
1;neb_6
1;neb_4
1;neb_3
1;neb_2
1;neb3
1;ndomain-pca
1;ncore_per_system
1;nb-band
1;nb
1;nanorrelax
1;nanofwte
1;nanofwse
1;nanofws
1;nanofmote
1;nanofmose
1;namss_conversion
1;namd+2bxd_copy+container-nvidia
1;n450
1;n4200c
1;n400
1;n350
1;n3300r
1;n325
1;n3200c
1;n3100c
1;n300
1;n275
1;n250
1;n200
1;n-mil53
1;n-fe-fe
1;mpnnf13
1;mpnn_rerun
1;mp6_9-10
1;mp6_5-8
1;mp6_1-4
1;mp5_9-10
1;mp5_5-8
1;mp5_1-4
1;mp4_9-10
1;mp4_4-8
1;mp4_1-4
1;mp3_9-10
1;mp3_4-8
1;mp3_1-4
1;mp2_9-10
1;mp2_4-8
1;mp2_1-4
1;mp1_2-8
1;mp1_1-4
1;mp/wk_6-9-10
1;mp/wk_5-9-10
1;mount
1;molecules
1;mof_300
1;mof_2
1;mof4-socket
1;mof4-shared
1;mof4-full
1;model34_testing
1;mod34_testing
1;mod1-depth-mask-2-87-05
1;mod1-depth-mask-100-03
1;mod-depth-mask-2-87-05
1;mn-sol-elec
1;mn-elect
1;mn-band
1;mlperf-gnn
1;mlffpdisp-006
1;mlffpdisp-005
1;mlffpdisp-004
1;mlffpdisp-003
1;mlffpdisp-002
1;mlffpdisp-001
1;mlff_kagome
1;mk_2-8
1;minerva-fe20b89a99845f94
1;minerva-fe08e471a32b22dd
1;minerva-fd2467a5b8c6b73a
1;minerva-fcf9c8ee59762e46
1;minerva-fcaa066c0c73ef98
1;minerva-fc5c75e5fb84d54f
1;minerva-fc37cdd6eb40ef62
1;minerva-fc19e46b28e60810
1;minerva-fbf9de35a6049054
1;minerva-fbe93dfabaf1b234
1;minerva-fb3061813d525df0
1;minerva-fa1ac13f4033a0e8
1;minerva-f9bd6c28c991d807
1;minerva-f95c0c3a49179f82
1;minerva-f9216dadf37557c8
1;minerva-f7e5074119ea62f1
1;minerva-f74c04fd30794613
1;minerva-f6b5dad9df2c30a0
1;minerva-f5d8e66140d6f520
1;minerva-f5c53315e7709cff
1;minerva-f5843543c4c94b60
1;minerva-f54ecd8d0edb57f5
1;minerva-f4db417a38349ed7
1;minerva-f3f5b28142371c93
1;minerva-f3b61cd0417b9f2c
1;minerva-f37be14b465df7f2
1;minerva-f2f6db334797dbf0
1;minerva-f22382a1271d582f
1;minerva-f1f08372a2026dbb
1;minerva-f16edfb5c6fa566a
1;minerva-f12f78dacd05ba11
1;minerva-f0988f3cdc28a024
1;minerva-f07bb98ce86d814e
1;minerva-f04f4a9561794035
1;minerva-eff6938422b8e516
1;minerva-efde8b392bf55cf7
1;minerva-efc8ee413e04c8a2
1;minerva-ef143b038f9f634f
1;minerva-ef137b325b9b785c
1;minerva-eeb4a75b9f85d2df
1;minerva-ee71b8ed372e7f8e
1;minerva-edcec24d347712f9
1;minerva-edbff53b87cc6c23
1;minerva-ed25ab8e27c580ab
1;minerva-ecf4ed49a83ea85a
1;minerva-ec9e187b272b085e
1;minerva-ec2af8817f4b595f
1;minerva-ebf334d8474aacf6
1;minerva-eb41612835a64c70
1;minerva-ea68b88c9a6b0e5a
1;minerva-ea68b56d97596571
1;minerva-ea3d5f02f374cf67
1;minerva-e9ddbf4ca6ced396
1;minerva-e93eafa427177486
1;minerva-e8f2bb7a3badc6a5
1;minerva-e87048078d6ed8b8
1;minerva-e7e264c88eee5e08
1;minerva-e7ceeb78dd112e45
1;minerva-e7babf4d8a39637c
1;minerva-e665fac46b90e63b
1;minerva-e65ad1089d1c3c3a
1;minerva-e61edb17ec20827c
1;minerva-e6065ff9fcfeb70c
1;minerva-e5f89a8a7a27456f
1;minerva-e543e1a67f4a8899
1;minerva-e51aea07aba1ef66
1;minerva-e50bf52799b82440
1;minerva-e46554e2715bd9c9
1;minerva-e4595dac6dcafd00
1;minerva-e41edcbfcf61e4e2
1;minerva-e3ff16130c43a25d
1;minerva-e3c262e35a1567d9
1;minerva-e3672453c248475d
1;minerva-e33a0d3dbfc324a2
1;minerva-e2cb9b51dff370f0
1;minerva-e181aa8557d66da7
1;minerva-e1632374d1457327
1;minerva-e1602723672436fd
1;minerva-e13eba669abfdce9
1;minerva-e13a95b25225ddd5
1;minerva-e0a810c6d62542a2
1;minerva-e01f6c678f21402c
1;minerva-dg-commands_training_domain_validation_ds_moe_adam_lr-0.001_20hz
1;minerva-dg-commands_training_domain_validation_ds_moe_adam_lr-0.001
1;minerva-dg-commands_training_domain_validation_ds_moe_adam_lr-0.0001_20hz
1;minerva-dg-commands_training_domain_validation_ds_moe_adam_lr-0.0001
1;minerva-dff86af3ecb6fa8b
1;minerva-dff2e6d4047d2bf4
1;minerva-dfef2c868c6677b9
1;minerva-dfaf52dfb1186135
1;minerva-def1fabf6216d5b5
1;minerva-dedddec344b9376e
1;minerva-de211ae126475138
1;minerva-ddda017d51a0dff4
1;minerva-ddcc068c35ce799b
1;minerva-dda619b45328bf61
1;minerva-dcb5f0ba158c7e1f
1;minerva-dcb230e1a5ac4955
1;minerva-dc847d9188e00a8e
1;minerva-dc3b21d39ec14e67
1;minerva-dbdcf28f122ac85c
1;minerva-db3d7e1f486d8d0a
1;minerva-dab95f09c3487f43
1;minerva-da4a61321614f359
1;minerva-d9c6e40e6b91b6b2
1;minerva-d90e75b9af00d44c
1;minerva-d830dbcbad059102
1;minerva-d81649ea6460038c
1;minerva-d6f365d023d105d1
1;minerva-d625c52cc2e4bb1c
1;minerva-d608ec6b9851d86c
1;minerva-d5988c1e19a2b46c
1;minerva-d54d4c5f45138102
1;minerva-d4ec13a78c1b2fc9
1;minerva-d4e1439923c10e42
1;minerva-d4d591fdb39fb6cc
1;minerva-d4a89f494034a255
1;minerva-d477fbb7f1a5b4ca
1;minerva-d453ff2053628414
1;minerva-d39c744ed0619e9e
1;minerva-d2ee9d41fe7d8588
1;minerva-d26bd2c4907b3246
1;minerva-d261dd7491385de2
1;minerva-d19c8ab7bb7e1be0
1;minerva-d17c44d5d336bf90
1;minerva-d15896e8837c3785
1;minerva-d1522b8569cd60ad
1;minerva-d0e4656e2f9f1930
1;minerva-cfbca442829e329f
1;minerva-cf1cdb7a0566925c
1;minerva-ccca33e00cfc2fd5
1;minerva-cc16f7f28f3b61dd
1;minerva-cbb7e352064d8896
1;minerva-cb7844db4b1fa6a5
1;minerva-cb5881de2407a3c1
1;minerva-cb5510856dfcd290
1;minerva-cb2adf738a284ae9
1;minerva-c96a54acd34dfd01
1;minerva-c86c1219c54a6144
1;minerva-c820f7d47bb59dbb
1;minerva-c7c094eb19dc2dbe
1;minerva-c79d642e28518be3
1;minerva-c71df4a6e0a4fa65
1;minerva-c65d45ea249a266d
1;minerva-c65a8e696bd99eb0
1;minerva-c649ca5e6d6c34cd
1;minerva-c620beb847ba1779
1;minerva-c604befcb6a1fce4
1;minerva-c5a914c50482d092
1;minerva-c5828b649f4fea1d
1;minerva-c46967b85a7e06c2
1;minerva-c45c5d575e0e9cf1
1;minerva-c413f92bc733e1e4
1;minerva-c32ebd2f3cbf8ab5
1;minerva-c32c28e4374a47b6
1;minerva-c289294e893a49d9
1;minerva-c27cdc6decedf8fe
1;minerva-c21a6afbba3d0e7e
1;minerva-c1426359c0ac32f2
1;minerva-c12c396c23043657
1;minerva-c11e836bfe38159b
1;minerva-c05e393b2472a0ea
1;minerva-c00c52cec85f5952
1;minerva-bff4285389125b50
1;minerva-bf0c8de52d35ac89
1;minerva-bef404e4dfd1c17a
1;minerva-becda1fd1baec973
1;minerva-be9b53ec20a0c8ee
1;minerva-be8653248c36c899
1;minerva-bdea577c12a80e93
1;minerva-bd98ad796a99448c
1;minerva-bd9784d53da69f44
1;minerva-bd8a0059906c9088
1;minerva-bc554c6e8c0f8c82
1;minerva-bc01826837a60479
1;minerva-bbaaa3379c50243d
1;minerva-bb93c574c520e249
1;minerva-bb5b417a2ec05cd9
1;minerva-bb36e9d2bbd089a2
1;minerva-bac723214f690a68
1;minerva-ba9fec7bb960a213
1;minerva-b91367f3d5909214
1;minerva-b8debe08a8d14ac2
1;minerva-b6b6c787c4de67da
1;minerva-b5dd74223b286f85
1;minerva-b56083abf9953cc8
1;minerva-b50854e13ecc7c31
1;minerva-b5016694c903c2a9
1;minerva-b48f83ef3036b06c
1;minerva-b416260a1c1b95c9
1;minerva-b374510ee07564b8
1;minerva-b310899baf506d29
1;minerva-b23ebbc5c995bb54
1;minerva-b22daa3929c97250
1;minerva-b161e0bf6b1315b1
1;minerva-b13551f9a0d59e23
1;minerva-b11f4f7fef4c433d
1;minerva-b0dccbfdebc82f86
1;minerva-b05a5ff5ecc66ba2
1;minerva-b0127b9379bf0a74
1;minerva-afeb8ee24ee8d240
1;minerva-afbb3167974af14a
1;minerva-afa7df6757362438
1;minerva-af84df7004269802
1;minerva-af441d9c8538ff2e
1;minerva-af22b24671d2cb65
1;minerva-ac2f9eb85dfcb3cd
1;minerva-abc8566c46b7d7a1
1;minerva-ab5ac930f444d46e
1;minerva-ab4b937c907e1444
1;minerva-ab38d22a298824f6
1;minerva-aaf72ea55e69ea68
1;minerva-aa4c0d7160befe22
1;minerva-a9dfa79095a97046
1;minerva-a9b3d68fd6ba0a76
1;minerva-a9815802087ee83a
1;minerva-a907180257879375
1;minerva-a8ab2253ec9dbfad
1;minerva-a80e2e45438e640d
1;minerva-a69762ecb3d40b2e
1;minerva-a666ad4a70818342
1;minerva-a65939e6e00ed22a
1;minerva-a60a2d3ce95ee183
1;minerva-a5e49e39a47cbbbf
1;minerva-a574f2d8f252eba5
1;minerva-a574e08fb2140bbb
1;minerva-a5506a4e82a9f1bf
1;minerva-a471384abba91171
1;minerva-a42158b3bc9d1483
1;minerva-a32e3e0c611f6ce4
1;minerva-a2d4680218ee81bf
1;minerva-a25b1c400f1f805d
1;minerva-a1721d252ebde79d
1;minerva-a1683fe476462c22
1;minerva-a0b58f50b9ab71c1
1;minerva-9ff62a1ef13c34e8
1;minerva-9f710d4d867e1b8c
1;minerva-9e173a40b50126a4
1;minerva-9e0b380c545fa029
1;minerva-9db547b66f7764b8
1;minerva-9dad164765035c88
1;minerva-9cc0115300037179
1;minerva-9c960b471eae2edd
1;minerva-9c59b97d50d385cb
1;minerva-9c11da3f676bd35f
1;minerva-9bf09c5296c9a18c
1;minerva-9b94c3992798c795
1;minerva-9b94130760c1a955
1;minerva-9b0965cca16681b4
1;minerva-9ac6eafff3b26a58
1;minerva-9a2472a334677b51
1;minerva-99e908933bddee9b
1;minerva-99e72853023000a6
1;minerva-994e76ad6bbf5504
1;minerva-9853ceae252a76f3
1;minerva-97c49ce2d58107af
1;minerva-9637891b2b81f415
1;minerva-962aeb95f19dda42
1;minerva-95af25e6a9e2ab4e
1;minerva-959b2eb604b356a3
1;minerva-956d6afa045d7f10
1;minerva-94da68884d21763a
1;minerva-9436be3ba554aefe
1;minerva-941dac5084ba9283
1;minerva-9417e31ff008c5bd
1;minerva-933a02afab5536e8
1;minerva-92ffbaaa605b45e2
1;minerva-92e407a6f7786ec0
1;minerva-926fed1808af2127
1;minerva-924d9901de2c90de
1;minerva-9228e215c85b89c6
1;minerva-91e0a54bf0b99e3b
1;minerva-915f4f5e5344d0cf
1;minerva-90eb79391b662c06
1;minerva-9017340147a0bbe6
1;minerva-8fd80a8545e59c99
1;minerva-8f7a6b0515f67f43
1;minerva-8f1376adf6c99875
1;minerva-8ef8967074033714
1;minerva-8ee41a360a8972e2
1;minerva-8edd9779b86eea95
1;minerva-8cff11fe446089fa
1;minerva-8c501f20a0bbc618
1;minerva-8c3af538f2c008c7
1;minerva-8a41c0f17a6cafc8
1;minerva-8a3644a8dbb4c11e
1;minerva-89ae953d6b075f21
1;minerva-89a7fe3fc59a5c12
1;minerva-899f9ce3981ccb38
1;minerva-887eaf4cb9467deb
1;minerva-8874dbf4cfdead26
1;minerva-8847fbfd112dee8b
1;minerva-87d29e0d18541d67
1;minerva-87b01700135baa59
1;minerva-87528000ba1a5fc8
1;minerva-869f6347af9aa38e
1;minerva-867d0885214580d0
1;minerva-86134361e3c7727f
1;minerva-85fb0a4f8d5502ee
1;minerva-85264878a0ec7de2
1;minerva-85081e541586edcc
1;minerva-84c017c719a88179
1;minerva-8421045875ef4014
1;minerva-8401fe0fe5ff9120
1;minerva-8350d7967aa78027
1;minerva-833c42cf3d3e0c4a
1;minerva-83061d7ce4a357df
1;minerva-82052a1658684b73
1;minerva-81d5d781ddc7d61d
1;minerva-819807eab1f9b865
1;minerva-8163ad8fbfe38f28
1;minerva-815adfdc25ae3b3e
1;minerva-805c2db8e2a2c527
1;minerva-7ee00ca74b05ec14
1;minerva-7dbbadf294810fbc
1;minerva-7da72efbe12cd45b
1;minerva-7da3fcaca9975aa8
1;minerva-7d6da23c8d204113
1;minerva-7d5c2907f89f5e11
1;minerva-7c7347bfd997c7f7
1;minerva-7bb39e03255c1f92
1;minerva-7a94858eab0ee940
1;minerva-77c68ac5a54f17e3
1;minerva-779d35d531922a2d
1;minerva-76e70d62fe0aff76
1;minerva-767ad16a587f71ad
1;minerva-74f41fc327525041
1;minerva-741b6569573edb9f
1;minerva-73bfc000b03e968a
1;minerva-7388fce0359eed51
1;minerva-73702464b0826f8a
1;minerva-735cd23f0c174f0f
1;minerva-7323706280014632
1;minerva-729ca73c7996650f
1;minerva-726e858d5cdba6ae
1;minerva-71773149657b5b2f
1;minerva-716feefbc8d91e7f
1;minerva-714f789481121df6
1;minerva-705da270ec2d9132
1;minerva-6f108f16178cf12e
1;minerva-6f00d3b009d88779
1;minerva-6ef7dfb8bc2b12db
1;minerva-6ed27fb440ee1af4
1;minerva-6ecec20dc9ea4644
1;minerva-6de25683b33ef7a1
1;minerva-6ddb56b5f0cb2e19
1;minerva-6d92a09b9c4f036a
1;minerva-6d6c255f4ace6ec2
1;minerva-6ca4029d0ef19cde
1;minerva-6c5e59c6473d63ca
1;minerva-6c50fcbed87f7188
1;minerva-6c223eff56671ce4
1;minerva-6b1f9565c6fa0f14
1;minerva-6acc873f5ebe2372
1;minerva-6ac6185c5770d3ba
1;minerva-6a5936a285bde693
1;minerva-69edfb59fea64742
1;minerva-695a333192985103
1;minerva-68b88c0add097b10
1;minerva-67d45930bebd4b4b
1;minerva-67a21dcdf7f5a594
1;minerva-677ecb0679fd2f4f
1;minerva-6752b36c3bd56912
1;minerva-673a0ed519b215dd
1;minerva-66f517060d23b8a3
1;minerva-66ad28cdacd6f932
1;minerva-6660c36e7ebc6e11
1;minerva-663082497f6c2055
1;minerva-6607e1c6922c24e5
1;minerva-64ccc672078aaf6f
1;minerva-644632d68c162554
1;minerva-63f6f5f9273ab0b2
1;minerva-63b1116bffb4f6e2
1;minerva-632f62aebd1ea87a
1;minerva-627af6931ca7e321
1;minerva-61dce50632ee38e5
1;minerva-6174e142021a1f27
1;minerva-612a012dce15b950
1;minerva-6098853a620cdda3
1;minerva-6020709cf486ce2c
1;minerva-5f5857ef2c7a837d
1;minerva-5e74c0086710c88a
1;minerva-5e359a8fe1c0673e
1;minerva-5de294dc3b88a1d8
1;minerva-5db317d2d574ca63
1;minerva-5d4a5642418dcf4a
1;minerva-5ce91a2a9073c546
1;minerva-5b850b77529be626
1;minerva-5abf204ce1a1d58e
1;minerva-5aa33bd115bc2b6f
1;minerva-5a8287e911c82506
1;minerva-59c13782134642b8
1;minerva-59a34b5f7b55174d
1;minerva-59670d6e64d73a29
1;minerva-591ad01665357bdb
1;minerva-590f07dcc9021029
1;minerva-57e224e1c87ad1cf
1;minerva-578a3f59998fbef0
1;minerva-575ee5e03eec35ea
1;minerva-5698cd11e7057ead
1;minerva-568e14fcf4524fc7
1;minerva-567032a7d1a32298
1;minerva-5666e062e71c7e5d
1;minerva-5644e28499f0f84e
1;minerva-5501b41a140cd444
1;minerva-545126c56064612a
1;minerva-52ed4885d3334053
1;minerva-518737843905dce9
1;minerva-5171ea4b26e5b301
1;minerva-50d084e3a0bc5d57
1;minerva-509ebd8d3383a15e
1;minerva-4fab01047706a400
1;minerva-4ee896174e3ccd90
1;minerva-4ee47e319535d077
1;minerva-4d79cfe26dc053f7
1;minerva-4d56bafa0a4a1599
1;minerva-4d2c36faead42c10
1;minerva-4d1609a617dccd9f
1;minerva-4cea744b78641ec1
1;minerva-4c53e36b3f3f92d2
1;minerva-4b44da893d14f756
1;minerva-4ac6fdba8ca91e5c
1;minerva-499e2cfb32cd6c62
1;minerva-4986515d0ce7fb41
1;minerva-4979d36a2c94dd80
1;minerva-489a7333ea9af97c
1;minerva-48480bb484a6d9fb
1;minerva-469ddc5d6f27fda3
1;minerva-4676dc9d80ed6410
1;minerva-462e5b623a9489ad
1;minerva-461b25eb163df8ba
1;minerva-45819e790f31fd82
1;minerva-44b4f60b9136ea90
1;minerva-412dc6ea1939d8f4
1;minerva-411ea34275c3edcd
1;minerva-411900b3a995f321
1;minerva-408a54bdb445ce2b
1;minerva-407a98f30a47ccb7
1;minerva-4079ac856bf582e2
1;minerva-407309b828192f85
1;minerva-406f3ab447a552e8
1;minerva-406e4730c5667eae
1;minerva-4038a5a64ad2d272
1;minerva-3fe3d0255fb0455d
1;minerva-3f6dc4a60df1fd62
1;minerva-3f52457f4b6e5e73
1;minerva-3eb236d48dba41c8
1;minerva-3e2462dfd4fdfc20
1;minerva-3d71dbca5055153c
1;minerva-3d494a72e1a9e046
1;minerva-3d251a6dfc218f26
1;minerva-3cd1069a090685cf
1;minerva-3c73220571e40d31
1;minerva-3c48f44218b502bb
1;minerva-3bd5948e08542513
1;minerva-3bd20f0b5a88dd49
1;minerva-3b90e061233d92e4
1;minerva-3aebe2e393c4a81f
1;minerva-3a2b093d6d10f977
1;minerva-3a157b63fe8d16bd
1;minerva-39ab5513188d7318
1;minerva-3934d5e3f83d9827
1;minerva-39348f5717f10007
1;minerva-38fc691ebddaef40
1;minerva-3897b394a2406f78
1;minerva-384e6e837c7e57a6
1;minerva-383445576104649f
1;minerva-381704bb76cb574e
1;minerva-37e8068225a31349
1;minerva-3727887d6725a764
1;minerva-366d57dbc38fcab4
1;minerva-361fc4503932920d
1;minerva-35a59bbdf373f0f0
1;minerva-35616498471ca89a
1;minerva-352e85f0241d200f
1;minerva-34c0eae9ae01b642
1;minerva-345dccf10e382221
1;minerva-338f0827217720cf
1;minerva-336b4936d8ed96d2
1;minerva-32f6d6801af6114b
1;minerva-32a05432deacef10
1;minerva-329bc67fd8e3da26
1;minerva-323ee3a691bdb1ed
1;minerva-32240c7c135010df
1;minerva-320ef8b0b2977f24
1;minerva-30b84f03735b52cd
1;minerva-30b4b0b3e8d3793d
1;minerva-3088a94eca2125c2
1;minerva-3038f688cb937876
1;minerva-2fae3a4479f8d4fa
1;minerva-2f5369aa66229c73
1;minerva-2ef6151618d4e65f
1;minerva-2ebdd831b7029fab
1;minerva-2dc569793555e0cf
1;minerva-2d348f83caec297e
1;minerva-2c7a3ce245ee19d0
1;minerva-2c20cb8b7a3116ca
1;minerva-2c0f2e2aa7f84fce
1;minerva-29f0ba4fd8b6b8d8
1;minerva-29e26081d6ff1067
1;minerva-29285d08e945075d
1;minerva-28ba74659e95a54b
1;minerva-286ce0313fb0a910
1;minerva-28066c8db0d62f97
1;minerva-27fcfe77e635adc8
1;minerva-26e9f68968f8cd51
1;minerva-26e20a9d30dc0a4f
1;minerva-26df0492257ea938
1;minerva-26b9adad18fd1d92
1;minerva-269ff4d8eca4bef4
1;minerva-26821ee09dcffdf6
1;minerva-2649c13e5af03186
1;minerva-25bd2bfc3fbd0603
1;minerva-25ace8fb3ea94e36
1;minerva-2532a50102e575d8
1;minerva-24e27cce0dd9650e
1;minerva-247e151130a30afe
1;minerva-23f10cd4bba67aec
1;minerva-238c72f8d0d494ec
1;minerva-2347b6ab1c9ade39
1;minerva-230dca76acc6d91c
1;minerva-22574ef3a380c0c3
1;minerva-2256c2c7542c79d3
1;minerva-2228fda1feffbbe4
1;minerva-218bdcc6ac2cc0c5
1;minerva-215ce0b32adb051d
1;minerva-213c3593b79eb26e
1;minerva-20d9e1165b8f410c
1;minerva-20ca7af40d573b6a
1;minerva-20c865f5628ccf2c
1;minerva-2017a0cf5dd6611b
1;minerva-1f304d9356f26283
1;minerva-1f205a4cbb23c8ab
1;minerva-1ef849401cfce8d0
1;minerva-1e9de107351869ee
1;minerva-1e63a30f101b04a3
1;minerva-1e1973b9abf2eec6
1;minerva-1ddda3baa3926093
1;minerva-1dd25045daf304c5
1;minerva-1d9086fa92bb295d
1;minerva-1d808239b239aa0f
1;minerva-1bfb5f7b8f3e8f9f
1;minerva-1b1cbf5847360340
1;minerva-1918147521ce3c64
1;minerva-17cd94a2be9ef1cf
1;minerva-17a8303834a8a5e9
1;minerva-178b846c0054b6bd
1;minerva-1768ef1da2700a31
1;minerva-170fb5f8fc216b63
1;minerva-16fe7cd636c158c5
1;minerva-1695164fd8690264
1;minerva-165f78ae21b1c2ed
1;minerva-1627c61a9bd5ae78
1;minerva-160652531d494fae
1;minerva-159bd125448a0f17
1;minerva-1512a5937ab98af6
1;minerva-13e86b007b86ac78
1;minerva-13c96b4be6e394ca
1;minerva-136f076195b50bbb
1;minerva-11e10ec64f1c3c63
1;minerva-11823dfe003ebc45
1;minerva-10d636ee501be3e7
1;minerva-10b7c3acd162650c
1;minerva-1038f78c63b41272
1;minerva-1035d67f62b451c0
1;minerva-0f2c55d94789fbf3
1;minerva-0f0f4e1a8de04f92
1;minerva-0ed04bfd14cf95fe
1;minerva-0e977b41c8c56969
1;minerva-0e7f95c539486af5
1;minerva-0de357c2a13f88bc
1;minerva-0d60fdc212934801
1;minerva-0cf1045dfa21fad1
1;minerva-0cdded55f8e59751
1;minerva-0cb99b970f828022
1;minerva-0c3419ed90bb061e
1;minerva-0befd124594b5f34
1;minerva-0bc25934bb5f554d
1;minerva-0bb6da301a355c2d
1;minerva-0b472691073ebb15
1;minerva-0a7999e3808c966c
1;minerva-092878c05fce0f43
1;minerva-09272c49d6a16c55
1;minerva-090114940402961d
1;minerva-0778a1f7e660f303
1;minerva-0755443f3648c491
1;minerva-06d93f9448eb6a86
1;minerva-06c6a9e8e2c5c0cd
1;minerva-06711034888db293
1;minerva-054487ba0a6d792f
1;minerva-05201f3a3905030c
1;minerva-050a02bd7fbaa970
1;minerva-048347827ceb0206
1;minerva-041d9bca34a76373
1;minerva-040833cda2bffe23
1;minerva-0377eef5a73de0b2
1;minerva-02e386b5f941e799
1;minerva-02a62f3cc3382bcb
1;minerva-02709e3d85602098
1;minerva-021419a390df69fa
1;minerva-017545c8c2a69f76
1;minerva-00d4af843d4c411e
1;minerva-00a0f76572f4d3a2
1;minerva-008d8ed0d98d53dd
1;mil53DC
1;mi3_test
1;mg.D.512_intel1api.23.2.x
1;mg.C.32_ompi4_gcc
1;mg.C.32_ompi4_amd
1;mg.C.128_intel1api.25.3
1;mg.A
1;meOH_TkSH
1;md_eq.sh
1;md_R2
1;md_R1
1;md_0
1;md43_R4
1;md42_R6
1;md42_R4
1;md41_R6
1;md41_R4
1;md40_R6
1;md40_R4
1;md4-R2
1;md4-R1
1;md39_R6
1;md39_R4
1;md38_R6
1;md38_R4
1;md37_R6
1;md37_R4
1;md37_R3
1;md36_R6
1;md36_R4
1;md36_R3
1;md36_R1
1;md35_R4
1;md35_R2
1;md35_R1
1;md34_R6
1;md34_R3
1;md34_R2
1;md34_R1
1;md33_R6
1;md33_R4
1;md33_R3
1;md33_R2
1;md33_R1
1;md32_R6
1;md32_R4
1;md32_R3
1;md32_R2
1;md32_R1
1;md31_R6
1;md31_R4
1;md31_R3
1;md31_R1
1;md30_R6
1;md30_R4
1;md30_R2
1;md30_R1
1;md29_R6
1;md29_R1
1;md28_R6
1;md28_R1
1;md27_R6
1;md26_R6
1;md25_R6
1;md24_R6
1;md23_R6
1;md22_R6
1;md22_R4
1;md22_R3
1;md22_R2
1;md21_R6
1;md21_R4
1;md21_R3
1;md21_R2
1;md20_R6
1;md19_R6
1;md18_R6
1;md17_R6
1;md16_R6
1;md15_R6
1;md14_R6
1;md-s-vdw
1;mcmcMSM16
1;mc
1;matmul
1;mass-Mo
1;mapas_NP3_NP4
1;malha8
1;malha6
1;malha4
1;malha2
1;malha14
1;malha12
1;malha10
1;main-random
1;main-m2
1;ma399
1;ma398
1;ma397
1;ma396
1;ma395
1;ma394
1;ma393
1;ma392
1;ma391
1;ma390
1;ma39
1;ma389
1;ma388
1;ma387
1;ma386
1;ma385
1;ma384
1;ma383
1;ma382
1;ma381
1;ma380
1;ma38
1;ma379
1;ma378
1;ma377
1;ma376
1;ma375
1;ma374
1;ma373
1;ma372
1;ma371
1;ma370
1;ma37
1;ma369
1;ma368
1;ma367
1;ma366
1;ma365
1;ma364
1;ma363
1;ma362
1;ma361
1;ma360
1;ma36
1;ma359
1;ma358
1;ma357
1;ma356
1;ma355
1;ma354
1;ma353
1;ma352
1;ma351
1;ma3500
1;ma350
1;ma35
1;ma3499
1;ma3498
1;ma3497
1;ma3496
1;ma3495
1;ma3494
1;ma3493
1;ma3492
1;ma3491
1;ma3490
1;ma349
1;ma3489
1;ma3488
1;ma3487
1;ma3486
1;ma3485
1;ma3484
1;ma3483
1;ma3482
1;ma3481
1;ma3480
1;ma348
1;ma3479
1;ma3478
1;ma3477
1;ma3476
1;ma3475
1;ma3474
1;ma3473
1;ma3472
1;ma3471
1;ma3470
1;ma347
1;ma3469
1;ma3468
1;ma3467
1;ma3466
1;ma3465
1;ma3464
1;ma3463
1;ma3462
1;ma3461
1;ma3460
1;ma346
1;ma3459
1;ma3458
1;ma3457
1;ma3456
1;ma3455
1;ma3454
1;ma3453
1;ma3452
1;ma3451
1;ma3450
1;ma345
1;ma3449
1;ma3448
1;ma3447
1;ma3446
1;ma3445
1;ma3444
1;ma3443
1;ma3442
1;ma3441
1;ma3440
1;ma344
1;ma3439
1;ma3438
1;ma3437
1;ma3436
1;ma3435
1;ma3434
1;ma3433
1;ma3432
1;ma3431
1;ma3430
1;ma343
1;ma3429
1;ma3428
1;ma3427
1;ma3426
1;ma3425
1;ma3424
1;ma3423
1;ma3422
1;ma3421
1;ma3420
1;ma342
1;ma3419
1;ma3418
1;ma3417
1;ma3416
1;ma3415
1;ma3414
1;ma3413
1;ma3412
1;ma3411
1;ma3410
1;ma341
1;ma3409
1;ma3408
1;ma3407
1;ma3406
1;ma3405
1;ma3404
1;ma3403
1;ma3402
1;ma3401
1;ma3400
1;ma340
1;ma34
1;ma3399
1;ma3398
1;ma3397
1;ma3396
1;ma3395
1;ma3394
1;ma3393
1;ma3392
1;ma3391
1;ma3390
1;ma339
1;ma3389
1;ma3388
1;ma3387
1;ma3386
1;ma3385
1;ma3384
1;ma3383
1;ma3382
1;ma3381
1;ma3380
1;ma338
1;ma3379
1;ma3378
1;ma3377
1;ma3376
1;ma3375
1;ma3374
1;ma3373
1;ma3372
1;ma3371
1;ma3370
1;ma337
1;ma3369
1;ma3368
1;ma3367
1;ma3366
1;ma3365
1;ma3364
1;ma3363
1;ma3362
1;ma3361
1;ma3360
1;ma336
1;ma3359
1;ma3358
1;ma3357
1;ma3356
1;ma3355
1;ma3354
1;ma3353
1;ma3352
1;ma3351
1;ma3350
1;ma335
1;ma3349
1;ma3348
1;ma3347
1;ma3346
1;ma3345
1;ma3344
1;ma3343
1;ma3342
1;ma3341
1;ma3340
1;ma334
1;ma3339
1;ma3338
1;ma3337
1;ma3336
1;ma3335
1;ma3334
1;ma3333
1;ma3332
1;ma3331
1;ma3330
1;ma333
1;ma3329
1;ma3328
1;ma3327
1;ma3326
1;ma3325
1;ma3324
1;ma3323
1;ma3322
1;ma3321
1;ma3320
1;ma332
1;ma3319
1;ma3318
1;ma3317
1;ma3316
1;ma3315
1;ma3314
1;ma3313
1;ma3312
1;ma3311
1;ma3310
1;ma331
1;ma3309
1;ma3308
1;ma3307
1;ma3306
1;ma3305
1;ma3304
1;ma3303
1;ma3302
1;ma3301
1;ma3300
1;ma330
1;ma33
1;ma3299
1;ma3298
1;ma3297
1;ma3296
1;ma3295
1;ma3294
1;ma3293
1;ma3292
1;ma3291
1;ma3290
1;ma329
1;ma3289
1;ma3288
1;ma3287
1;ma3286
1;ma3285
1;ma3284
1;ma3283
1;ma3282
1;ma3281
1;ma3280
1;ma328
1;ma3279
1;ma3278
1;ma3277
1;ma3276
1;ma3275
1;ma3274
1;ma3273
1;ma3272
1;ma3271
1;ma3270
1;ma327
1;ma3269
1;ma3268
1;ma3267
1;ma3266
1;ma3265
1;ma3264
1;ma3263
1;ma3262
1;ma3261
1;ma3260
1;ma326
1;ma3259
1;ma3258
1;ma3257
1;ma3256
1;ma3255
1;ma3254
1;ma3253
1;ma3252
1;ma3251
1;ma3250
1;ma325
1;ma3249
1;ma3248
1;ma3247
1;ma3246
1;ma3245
1;ma3244
1;ma3243
1;ma3242
1;ma3241
1;ma3240
1;ma324
1;ma3239
1;ma3238
1;ma3237
1;ma3236
1;ma3235
1;ma3234
1;ma3233
1;ma3232
1;ma3231
1;ma3230
1;ma323
1;ma3229
1;ma3228
1;ma3227
1;ma3226
1;ma3225
1;ma3224
1;ma3223
1;ma3222
1;ma3221
1;ma3220
1;ma322
1;ma3219
1;ma3218
1;ma3217
1;ma3216
1;ma3215
1;ma3214
1;ma3213
1;ma3212
1;ma3211
1;ma3210
1;ma321
1;ma3209
1;ma3208
1;ma3207
1;ma3206
1;ma3205
1;ma3204
1;ma3203
1;ma3202
1;ma3201
1;ma3200
1;ma320
1;ma32
1;ma3199
1;ma3198
1;ma3197
1;ma3196
1;ma3195
1;ma3194
1;ma3193
1;ma3192
1;ma3191
1;ma3190
1;ma319
1;ma3189
1;ma3188
1;ma3187
1;ma3186
1;ma3185
1;ma3184
1;ma3183
1;ma3182
1;ma3181
1;ma3180
1;ma318
1;ma3179
1;ma3178
1;ma3177
1;ma3176
1;ma3175
1;ma3174
1;ma3173
1;ma3172
1;ma3171
1;ma3170
1;ma317
1;ma3169
1;ma3168
1;ma3167
1;ma3166
1;ma3165
1;ma3164
1;ma3163
1;ma3162
1;ma3161
1;ma3160
1;ma316
1;ma3159
1;ma3158
1;ma3157
1;ma3156
1;ma3155
1;ma3154
1;ma3153
1;ma3152
1;ma3151
1;ma3150
1;ma315
1;ma3149
1;ma3148
1;ma3147
1;ma3146
1;ma3145
1;ma3144
1;ma3143
1;ma3142
1;ma3141
1;ma3140
1;ma314
1;ma3139
1;ma3138
1;ma3137
1;ma3136
1;ma3135
1;ma3134
1;ma3133
1;ma3132
1;ma3131
1;ma3130
1;ma313
1;ma3129
1;ma3128
1;ma3127
1;ma3126
1;ma3125
1;ma3124
1;ma3123
1;ma3122
1;ma3121
1;ma3120
1;ma312
1;ma3119
1;ma3118
1;ma3117
1;ma3116
1;ma3115
1;ma3114
1;ma3113
1;ma3112
1;ma3111
1;ma3110
1;ma311
1;ma3109
1;ma3108
1;ma3107
1;ma3106
1;ma3105
1;ma3104
1;ma3103
1;ma3102
1;ma3101
1;ma3100
1;ma310
1;ma31
1;ma299
1;ma298
1;ma297
1;ma296
1;ma295
1;ma294
1;ma293
1;ma292
1;ma291
1;ma290
1;ma29
1;ma289
1;ma288
1;ma287
1;ma286
1;ma285
1;ma284
1;ma283
1;ma282
1;ma281
1;ma280
1;ma28
1;ma279
1;ma278
1;ma277
1;ma276
1;ma275
1;ma274
1;ma273
1;ma272
1;ma271
1;ma270
1;ma27
1;ma269
1;ma268
1;ma267
1;ma266
1;ma265
1;ma264
1;ma263
1;ma262
1;ma261
1;ma260
1;ma26
1;ma259
1;ma258
1;ma257
1;ma256
1;ma255
1;ma254
1;ma253
1;ma252
1;ma251
1;ma2500
1;ma250
1;ma25
1;ma2499
1;ma2498
1;ma2497
1;ma2496
1;ma2495
1;ma2494
1;ma2493
1;ma2492
1;ma2491
1;ma2490
1;ma249
1;ma2489
1;ma2488
1;ma2487
1;ma2486
1;ma2485
1;ma2484
1;ma2483
1;ma2482
1;ma2481
1;ma2480
1;ma248
1;ma2479
1;ma2478
1;ma2477
1;ma2476
1;ma2475
1;ma2474
1;ma2473
1;ma2472
1;ma2471
1;ma2470
1;ma247
1;ma2469
1;ma2468
1;ma2467
1;ma2466
1;ma2465
1;ma2464
1;ma2463
1;ma2462
1;ma2461
1;ma2460
1;ma246
1;ma2459
1;ma2458
1;ma2457
1;ma2456
1;ma2455
1;ma2454
1;ma2453
1;ma2452
1;ma2451
1;ma2450
1;ma245
1;ma2449
1;ma2448
1;ma2447
1;ma2446
1;ma2445
1;ma2444
1;ma2443
1;ma2442
1;ma2441
1;ma2440
1;ma244
1;ma2439
1;ma2438
1;ma2437
1;ma2436
1;ma2435
1;ma2434
1;ma2433
1;ma2432
1;ma2431
1;ma2430
1;ma243
1;ma2429
1;ma2428
1;ma2427
1;ma2426
1;ma2425
1;ma2424
1;ma2423
1;ma2422
1;ma2421
1;ma2420
1;ma242
1;ma2419
1;ma2418
1;ma2417
1;ma2416
1;ma2415
1;ma2414
1;ma2413
1;ma2412
1;ma2411
1;ma2410
1;ma241
1;ma2409
1;ma2408
1;ma2407
1;ma2406
1;ma2405
1;ma2404
1;ma2403
1;ma2402
1;ma2401
1;ma2400
1;ma240
1;ma24
1;ma2399
1;ma2398
1;ma2397
1;ma2396
1;ma2395
1;ma2394
1;ma2393
1;ma2392
1;ma2391
1;ma2390
1;ma239
1;ma2389
1;ma2388
1;ma2387
1;ma2386
1;ma2385
1;ma2384
1;ma2383
1;ma2382
1;ma2381
1;ma2380
1;ma238
1;ma2379
1;ma2378
1;ma2377
1;ma2376
1;ma2375
1;ma2374
1;ma2373
1;ma2372
1;ma2371
1;ma2370
1;ma237
1;ma2369
1;ma2368
1;ma2367
1;ma2366
1;ma2365
1;ma2364
1;ma2363
1;ma2362
1;ma2361
1;ma2360
1;ma236
1;ma2359
1;ma2358
1;ma2357
1;ma2356
1;ma2355
1;ma2354
1;ma2353
1;ma2352
1;ma2351
1;ma2350
1;ma235
1;ma2349
1;ma2348
1;ma2347
1;ma2346
1;ma2345
1;ma2344
1;ma2343
1;ma2342
1;ma2341
1;ma2340
1;ma234
1;ma2339
1;ma2338
1;ma2337
1;ma2336
1;ma2335
1;ma2334
1;ma2333
1;ma2332
1;ma2331
1;ma2330
1;ma233
1;ma2329
1;ma2328
1;ma2327
1;ma2326
1;ma2325
1;ma2324
1;ma2323
1;ma2322
1;ma2321
1;ma2320
1;ma232
1;ma2319
1;ma2318
1;ma2317
1;ma2316
1;ma2315
1;ma2314
1;ma2313
1;ma2312
1;ma2311
1;ma2310
1;ma231
1;ma2309
1;ma2308
1;ma2307
1;ma2306
1;ma2305
1;ma2304
1;ma2303
1;ma2302
1;ma2301
1;ma2300
1;ma230
1;ma23
1;ma2299
1;ma2298
1;ma2297
1;ma2296
1;ma2295
1;ma2294
1;ma2293
1;ma2292
1;ma2291
1;ma2290
1;ma229
1;ma2289
1;ma2288
1;ma2287
1;ma2286
1;ma2285
1;ma2284
1;ma2283
1;ma2282
1;ma2281
1;ma2280
1;ma228
1;ma2279
1;ma2278
1;ma2277
1;ma2276
1;ma2275
1;ma2274
1;ma2273
1;ma2272
1;ma2271
1;ma2270
1;ma227
1;ma2269
1;ma2268
1;ma2267
1;ma2266
1;ma2265
1;ma2264
1;ma2263
1;ma2262
1;ma2261
1;ma2260
1;ma226
1;ma2259
1;ma2258
1;ma2257
1;ma2256
1;ma2255
1;ma2254
1;ma2253
1;ma2252
1;ma2251
1;ma2250
1;ma225
1;ma2249
1;ma2248
1;ma2247
1;ma2246
1;ma2245
1;ma2244
1;ma2243
1;ma2242
1;ma2241
1;ma2240
1;ma224
1;ma2239
1;ma2238
1;ma2237
1;ma2236
1;ma2235
1;ma2234
1;ma2233
1;ma2232
1;ma2231
1;ma2230
1;ma223
1;ma2229
1;ma2228
1;ma2227
1;ma2226
1;ma2225
1;ma2224
1;ma2223
1;ma2222
1;ma2221
1;ma2220
1;ma222
1;ma2219
1;ma2218
1;ma2217
1;ma2216
1;ma2215
1;ma2214
1;ma2213
1;ma2212
1;ma2211
1;ma2210
1;ma221
1;ma2209
1;ma2208
1;ma2207
1;ma2206
1;ma2205
1;ma2204
1;ma2203
1;ma2202
1;ma2201
1;ma2200
1;ma220
1;ma22
1;ma2199
1;ma2198
1;ma2197
1;ma2196
1;ma2195
1;ma2194
1;ma2193
1;ma2192
1;ma2191
1;ma2190
1;ma219
1;ma2189
1;ma2188
1;ma2187
1;ma2186
1;ma2185
1;ma2184
1;ma2183
1;ma2182
1;ma2181
1;ma2180
1;ma218
1;ma2179
1;ma2178
1;ma2177
1;ma2176
1;ma2175
1;ma2174
1;ma2173
1;ma2172
1;ma2171
1;ma2170
1;ma217
1;ma2169
1;ma2168
1;ma2167
1;ma2166
1;ma2165
1;ma2164
1;ma2163
1;ma2162
1;ma2161
1;ma2160
1;ma216
1;ma2159
1;ma2158
1;ma2157
1;ma2156
1;ma2155
1;ma2154
1;ma2153
1;ma2152
1;ma2151
1;ma2150
1;ma215
1;ma2149
1;ma2148
1;ma2147
1;ma2146
1;ma2145
1;ma2144
1;ma2143
1;ma2142
1;ma2141
1;ma2140
1;ma214
1;ma2139
1;ma2138
1;ma2137
1;ma2136
1;ma2135
1;ma2134
1;ma2133
1;ma2132
1;ma2131
1;ma2130
1;ma213
1;ma2129
1;ma2128
1;ma2127
1;ma2126
1;ma2125
1;ma2124
1;ma2123
1;ma2122
1;ma2121
1;ma2120
1;ma212
1;ma2119
1;ma2118
1;ma2117
1;ma2116
1;ma2115
1;ma2114
1;ma2113
1;ma2112
1;ma2111
1;ma2110
1;ma211
1;ma2109
1;ma2108
1;ma2107
1;ma2106
1;ma2105
1;ma2104
1;ma2103
1;ma2102
1;ma2101
1;ma2100
1;ma210
1;ma199
1;ma198
1;ma197
1;ma196
1;ma195
1;ma194
1;ma193
1;ma192
1;ma191
1;ma190
1;ma19
1;ma189
1;ma188
1;ma187
1;ma186
1;ma185
1;ma184
1;ma183
1;ma182
1;ma181
1;ma180
1;ma18
1;ma179
1;ma178
1;ma177
1;ma176
1;ma175
1;ma174
1;ma173
1;ma172
1;ma171
1;ma170
1;ma17
1;ma169
1;ma168
1;ma167
1;ma166
1;ma165
1;ma164
1;ma163
1;ma162
1;ma161
1;ma160
1;ma16
1;ma159
1;ma158
1;ma157
1;ma156
1;ma155
1;ma154
1;ma153
1;ma152
1;ma151
1;ma1500
1;ma150
1;ma15
1;ma1499
1;ma1498
1;ma1497
1;ma1496
1;ma1495
1;ma1494
1;ma1493
1;ma1492
1;ma1491
1;ma1490
1;ma149
1;ma1489
1;ma1488
1;ma1487
1;ma1486
1;ma1485
1;ma1484
1;ma1483
1;ma1482
1;ma1481
1;ma1480
1;ma148
1;ma1479
1;ma1478
1;ma1477
1;ma1476
1;ma1475
1;ma1474
1;ma1473
1;ma1472
1;ma1471
1;ma1470
1;ma147
1;ma1469
1;ma1468
1;ma1467
1;ma1466
1;ma1465
1;ma1464
1;ma1463
1;ma1462
1;ma1461
1;ma1460
1;ma146
1;ma1459
1;ma1458
1;ma1457
1;ma1456
1;ma1455
1;ma1454
1;ma1453
1;ma1452
1;ma1451
1;ma1450
1;ma145
1;ma1449
1;ma1448
1;ma1447
1;ma1446
1;ma1445
1;ma1444
1;ma1443
1;ma1442
1;ma1441
1;ma1440
1;ma144
1;ma1439
1;ma1438
1;ma1437
1;ma1436
1;ma1435
1;ma1434
1;ma1433
1;ma1432
1;ma1431
1;ma1430
1;ma143
1;ma1429
1;ma1428
1;ma1427
1;ma1426
1;ma1425
1;ma1424
1;ma1423
1;ma1422
1;ma1421
1;ma1420
1;ma142
1;ma1419
1;ma1418
1;ma1417
1;ma1416
1;ma1415
1;ma1414
1;ma1413
1;ma1412
1;ma1411
1;ma1410
1;ma141
1;ma1409
1;ma1408
1;ma1407
1;ma1406
1;ma1405
1;ma1404
1;ma1403
1;ma1402
1;ma1401
1;ma1400
1;ma140
1;ma14
1;ma1399
1;ma1398
1;ma1397
1;ma1396
1;ma1395
1;ma1394
1;ma1393
1;ma1392
1;ma1391
1;ma1390
1;ma139
1;ma1389
1;ma1388
1;ma1387
1;ma1386
1;ma1385
1;ma1384
1;ma1383
1;ma1382
1;ma1381
1;ma1380
1;ma138
1;ma1379
1;ma1378
1;ma1377
1;ma1376
1;ma1375
1;ma1374
1;ma1373
1;ma1372
1;ma1371
1;ma1370
1;ma137
1;ma1369
1;ma1368
1;ma1367
1;ma1366
1;ma1365
1;ma1364
1;ma1363
1;ma1362
1;ma1361
1;ma1360
1;ma136
1;ma1359
1;ma1358
1;ma1357
1;ma1356
1;ma1355
1;ma1354
1;ma1353
1;ma1352
1;ma1351
1;ma1350
1;ma135
1;ma1349
1;ma1348
1;ma1347
1;ma1346
1;ma1345
1;ma1344
1;ma1343
1;ma1342
1;ma1341
1;ma1340
1;ma134
1;ma1339
1;ma1338
1;ma1337
1;ma1336
1;ma1335
1;ma1334
1;ma1333
1;ma1332
1;ma1331
1;ma1330
1;ma133
1;ma1329
1;ma1328
1;ma1327
1;ma1326
1;ma1325
1;ma1324
1;ma1323
1;ma1322
1;ma1321
1;ma1320
1;ma132
1;ma1319
1;ma1318
1;ma1317
1;ma1316
1;ma1315
1;ma1314
1;ma1313
1;ma1312
1;ma1311
1;ma1310
1;ma131
1;ma1309
1;ma1308
1;ma1307
1;ma1306
1;ma1305
1;ma1304
1;ma1303
1;ma1302
1;ma1301
1;ma1300
1;ma130
1;ma13
1;ma1299
1;ma1298
1;ma1297
1;ma1296
1;ma1295
1;ma1294
1;ma1293
1;ma1292
1;ma1291
1;ma1290
1;ma129
1;ma1289
1;ma1288
1;ma1287
1;ma1286
1;ma1285
1;ma1284
1;ma1283
1;ma1282
1;ma1281
1;ma1280
1;ma128
1;ma1279
1;ma1278
1;ma1277
1;ma1276
1;ma1275
1;ma1274
1;ma1273
1;ma1272
1;ma1271
1;ma1270
1;ma127
1;ma1269
1;ma1268
1;ma1267
1;ma1266
1;ma1265
1;ma1264
1;ma1263
1;ma1262
1;ma1261
1;ma1260
1;ma126
1;ma1259
1;ma1258
1;ma1257
1;ma1256
1;ma1255
1;ma1254
1;ma1253
1;ma1252
1;ma1251
1;ma1250
1;ma125
1;ma1249
1;ma1248
1;ma1247
1;ma1246
1;ma1245
1;ma1244
1;ma1243
1;ma1242
1;ma1241
1;ma1240
1;ma124
1;ma1239
1;ma1238
1;ma1237
1;ma1236
1;ma1235
1;ma1234
1;ma1233
1;ma1232
1;ma1231
1;ma1230
1;ma123
1;ma1229
1;ma1228
1;ma1227
1;ma1226
1;ma1225
1;ma1224
1;ma1223
1;ma1222
1;ma1221
1;ma1220
1;ma122
1;ma1219
1;ma1218
1;ma1217
1;ma1216
1;ma1215
1;ma1214
1;ma1213
1;ma1212
1;ma1211
1;ma1210
1;ma121
1;ma1209
1;ma1208
1;ma1207
1;ma1206
1;ma1205
1;ma1204
1;ma1203
1;ma1202
1;ma1201
1;ma1200
1;ma120
1;ma12
1;ma1199
1;ma1198
1;ma1197
1;ma1196
1;ma1195
1;ma1194
1;ma1193
1;ma1192
1;ma1191
1;ma1190
1;ma119
1;ma1189
1;ma1188
1;ma1187
1;ma1186
1;ma1185
1;ma1184
1;ma1183
1;ma1182
1;ma1181
1;ma1180
1;ma118
1;ma1179
1;ma1178
1;ma1177
1;ma1176
1;ma1175
1;ma1174
1;ma1173
1;ma1172
1;ma1171
1;ma1170
1;ma117
1;ma1169
1;ma1168
1;ma1167
1;ma1166
1;ma1165
1;ma1164
1;ma1163
1;ma1162
1;ma1161
1;ma1160
1;ma116
1;ma1159
1;ma1158
1;ma1157
1;ma1156
1;ma1155
1;ma1154
1;ma1153
1;ma1152
1;ma1151
1;ma1150
1;ma115
1;ma1149
1;ma1148
1;ma1147
1;ma1146
1;ma1145
1;ma1144
1;ma1143
1;ma1142
1;ma1141
1;ma1140
1;ma114
1;ma1139
1;ma1138
1;ma1137
1;ma1136
1;ma1135
1;ma1134
1;ma1133
1;ma1132
1;ma1131
1;ma1130
1;ma113
1;ma1129
1;ma1128
1;ma1127
1;ma1126
1;ma1125
1;ma1124
1;ma1123
1;ma1122
1;ma1121
1;ma1120
1;ma112
1;ma1119
1;ma1118
1;ma1117
1;ma1116
1;ma1115
1;ma1114
1;ma1113
1;ma1112
1;ma1111
1;ma1110
1;ma111
1;ma1109
1;ma1108
1;ma1107
1;ma1106
1;ma1105
1;ma1104
1;ma1103
1;ma1102
1;ma1101
1;ma1100
1;ma110
1;ma11
1;mRMR_GRU_5d_NEE
1;mRMR_GRU_4d_NEE
1;mRMR_GRU_3d_NEE
1;m8-111p
1;m53-b001
1;m001
1;m-scf
1;lu.C.x.amd
1;lu.A
1;lu-mz.F.x_ompi4_gcc
1;lstm_eval
1;lspci
1;lr_5E-5_s789
1;lr_5E-5_s123
1;lr_5E-4_s789
1;lr_5E-4_s456
1;lr_5E-4_s123
1;lr_1E-4_s789
1;lr_1E-4_s456
1;lr_1E-4_s123
1;lr_1E-3_s789
1;lr_1E-3_s456
1;lr_1E-3_s123
1;long
1;log_md5_R2
1;log_md27_R1
1;log_md22_R4
1;log_md22_R3
1;log_md22_R2
1;log_md22_R1
1;log_md21_R5
1;log_md21_R4
1;log_md21_R3
1;log_md21_R2
1;log_md19_R4
1;log_md19_R3
1;log_md19_R1
1;log_md14_R5
1;log_md10_R1
1;log_md10
1;log_md0_R2
1;log
1;locpot_gen_Gr_CIPS
1;lncc-gh200.srm
1;lmp-one-gpu
1;lmp-help
1;lig_1_production
1;less
1;l_rerun
1;kagome-graph
1;jupyter_lab
1;jupyter-vscode
1;julia_lcs_par
1;julia_lcs
1;jobteste.sh
1;job_training
1;job_cpu
1;job-test.sh
1;janus
1;is2_b9
1;is2_b8
1;is2_b7
1;is2_b6
1;is2_b5
1;is2_b4
1;is2_b3
1;is2_b23
1;is2_b22
1;is2_b21
1;is2_b20
1;is2_b2
1;is2_b19
1;is2_b18
1;is2_b17
1;is2_b16
1;is2_b15
1;is2_b14
1;is2_b13
1;is2_b12
1;is2_b11
1;is2_b10
1;is2_b1
1;is.C.x.amd
1;ip_b9
1;ip_b8
1;ip_b7
1;ip_b6
1;ip_b10
1;ip_b05
1;ip_b04
1;ip_b03
1;ip_b02
1;ip_b01
1;io
1;inteqp.cplx.x
1;install_pkgs
1;install_libs
1;inse-96
1;inse-8
1;inputcreation.py
1;input_start.lmp
1;init_brok
1;inference
1;infe_s2
1;infe_s1
1;infe_s0
1;inf_p3
1;inf_p2
1;inf_p1
1;inf_p0
1;inf_f3
1;inf_f2
1;in_f1
1;in_f0
1;imgnet_500_r2
1;imgnet_500_r1
1;imgnet_500_r0
1;imgnet_1200_r2
1;imgnet_1200_r1
1;imgnet_1200_r0
1;imerg_grace_run
1;imerg_check
1;imerg_br
1;ilwpf_b9
1;ilwpf_b8
1;ilwpf_b7
1;ilwpf_b6
1;ilwpf_b5
1;ilwpf_b4
1;ilwpf_b3
1;ilwpf_b2
1;ilwpf_b10
1;ilwpf_b1
1;ifconfig
1;ie_0
1;ibv_b9
1;ibv_b8
1;ibv_b7
1;ibv_b6
1;ibv_b5
1;ibv_b4
1;ibv_b3
1;ibv_b2
1;ibv_b10
1;ibv_b1
1;ibc_b9
1;ibc_b8
1;ibc_b7
1;ibc_b6
1;ibc_b5
1;ibc_b4
1;ibc_b3
1;ibc_b2
1;ibc_b10
1;ibc_b1
1;i_b23
1;hwloc.sh
1;htp4_amd
1;htp44444444444444444444444444444444444444444444
1;htp1
1;ht-ins-inv
1;hsanioh2_mapas
1;horas_fila
1;hfe
1;hexa_bse
1;hex-4
1;hex-3
1;hex-2
1;hepB
1;hep-4
1;hep-3
1;hep-2
1;help.srm
1;heat5
1;heat2
1;h2oB
1;h2o-b
1;h240_75
1;gws99
1;gws98
1;gws97
1;gws96
1;gws95
1;gws94
1;gws93
1;gws92
1;gws91
1;gws90
1;gws9
1;gws89
1;gws88
1;gws87
1;gws86
1;gws85
1;gws84
1;gws83
1;gws82
1;gws81
1;gws80
1;gws8
1;gws79
1;gws78
1;gws77
1;gws76
1;gws75
1;gws74
1;gws73
1;gws72
1;gws71
1;gws70
1;gws7
1;gws69
1;gws68
1;gws67
1;gws66
1;gws65
1;gws64
1;gws63
1;gws62
1;gws61
1;gws60
1;gws6
1;gws59
1;gws58
1;gws57
1;gws56
1;gws55
1;gws54
1;gws53
1;gws52
1;gws51
1;gws500
1;gws50
1;gws5
1;gws499
1;gws498
1;gws497
1;gws496
1;gws495
1;gws494
1;gws493
1;gws492
1;gws491
1;gws490
1;gws49
1;gws489
1;gws488
1;gws487
1;gws486
1;gws485
1;gws484
1;gws483
1;gws482
1;gws481
1;gws480
1;gws48
1;gws479
1;gws478
1;gws477
1;gws476
1;gws475
1;gws474
1;gws473
1;gws472
1;gws471
1;gws470
1;gws47
1;gws469
1;gws468
1;gws467
1;gws466
1;gws465
1;gws464
1;gws463
1;gws462
1;gws461
1;gws460
1;gws46
1;gws459
1;gws458
1;gws457
1;gws456
1;gws455
1;gws454
1;gws453
1;gws452
1;gws451
1;gws450
1;gws45
1;gws449
1;gws448
1;gws447
1;gws446
1;gws445
1;gws444
1;gws443
1;gws442
1;gws441
1;gws440
1;gws44
1;gws439
1;gws438
1;gws437
1;gws436
1;gws435
1;gws434
1;gws433
1;gws432
1;gws431
1;gws430
1;gws43
1;gws429
1;gws428
1;gws427
1;gws426
1;gws425
1;gws424
1;gws423
1;gws422
1;gws421
1;gws420
1;gws42
1;gws419
1;gws418
1;gws417
1;gws416
1;gws415
1;gws414
1;gws413
1;gws412
1;gws411
1;gws410
1;gws41
1;gws409
1;gws408
1;gws407
1;gws406
1;gws405
1;gws404
1;gws403
1;gws402
1;gws401
1;gws400
1;gws40
1;gws4
1;gws399
1;gws398
1;gws397
1;gws396
1;gws395
1;gws394
1;gws393
1;gws392
1;gws391
1;gws390
1;gws39
1;gws389
1;gws388
1;gws387
1;gws386
1;gws385
1;gws384
1;gws383
1;gws382
1;gws381
1;gws380
1;gws38
1;gws379
1;gws378
1;gws377
1;gws376
1;gws375
1;gws374
1;gws373
1;gws372
1;gws371
1;gws370
1;gws37
1;gws369
1;gws368
1;gws367
1;gws366
1;gws365
1;gws364
1;gws363
1;gws362
1;gws361
1;gws360
1;gws36
1;gws359
1;gws358
1;gws357
1;gws356
1;gws355
1;gws354
1;gws353
1;gws352
1;gws351
1;gws350
1;gws35
1;gws349
1;gws348
1;gws347
1;gws346
1;gws345
1;gws344
1;gws343
1;gws342
1;gws341
1;gws340
1;gws34
1;gws339
1;gws338
1;gws337
1;gws336
1;gws335
1;gws334
1;gws333
1;gws332
1;gws331
1;gws330
1;gws33
1;gws329
1;gws328
1;gws327
1;gws326
1;gws325
1;gws324
1;gws323
1;gws322
1;gws321
1;gws320
1;gws32
1;gws319
1;gws318
1;gws317
1;gws316
1;gws315
1;gws314
1;gws313
1;gws312
1;gws311
1;gws310
1;gws31
1;gws309
1;gws308
1;gws307
1;gws306
1;gws305
1;gws304
1;gws303
1;gws302
1;gws301
1;gws300
1;gws30
1;gws3
1;gws299
1;gws298
1;gws297
1;gws296
1;gws295
1;gws294
1;gws293
1;gws292
1;gws291
1;gws290
1;gws29
1;gws289
1;gws288
1;gws287
1;gws286
1;gws285
1;gws284
1;gws283
1;gws282
1;gws281
1;gws280
1;gws28
1;gws279
1;gws278
1;gws277
1;gws276
1;gws275
1;gws274
1;gws273
1;gws272
1;gws271
1;gws270
1;gws27
1;gws269
1;gws268
1;gws267
1;gws266
1;gws265
1;gws264
1;gws263
1;gws262
1;gws261
1;gws260
1;gws26
1;gws259
1;gws258
1;gws257
1;gws256
1;gws255
1;gws254
1;gws253
1;gws252
1;gws251
1;gws250
1;gws25
1;gws249
1;gws248
1;gws247
1;gws246
1;gws245
1;gws244
1;gws243
1;gws242
1;gws241
1;gws240
1;gws24
1;gws239
1;gws238
1;gws237
1;gws236
1;gws235
1;gws234
1;gws233
1;gws232
1;gws231
1;gws23
1;gws229
1;gws228
1;gws227
1;gws226
1;gws225
1;gws224
1;gws223
1;gws222
1;gws221
1;gws220
1;gws22
1;gws219
1;gws218
1;gws217
1;gws216
1;gws215
1;gws214
1;gws213
1;gws212
1;gws211
1;gws210
1;gws21
1;gws209
1;gws208
1;gws207
1;gws206
1;gws205
1;gws204
1;gws203
1;gws202
1;gws201
1;gws200
1;gws20
1;gws2
1;gws199
1;gws198
1;gws197
1;gws196
1;gws195
1;gws194
1;gws193
1;gws192
1;gws191
1;gws190
1;gws19
1;gws189
1;gws188
1;gws187
1;gws186
1;gws185
1;gws184
1;gws183
1;gws182
1;gws181
1;gws180
1;gws18
1;gws179
1;gws178
1;gws177
1;gws176
1;gws175
1;gws174
1;gws173
1;gws172
1;gws171
1;gws170
1;gws17
1;gws169
1;gws168
1;gws167
1;gws166
1;gws165
1;gws164
1;gws163
1;gws162
1;gws161
1;gws160
1;gws16
1;gws159
1;gws158
1;gws157
1;gws156
1;gws155
1;gws154
1;gws153
1;gws152
1;gws151
1;gws150
1;gws15
1;gws149
1;gws148
1;gws147
1;gws146
1;gws145
1;gws144
1;gws143
1;gws142
1;gws141
1;gws140
1;gws14
1;gws139
1;gws138
1;gws137
1;gws136
1;gws135
1;gws134
1;gws133
1;gws132
1;gws131
1;gws130
1;gws13
1;gws129
1;gws128
1;gws127
1;gws126
1;gws125
1;gws124
1;gws123
1;gws122
1;gws121
1;gws120
1;gws12
1;gws119
1;gws118
1;gws117
1;gws116
1;gws115
1;gws114
1;gws113
1;gws112
1;gws111
1;gws110
1;gws11
1;gws109
1;gws108
1;gws107
1;gws106
1;gws105
1;gws104
1;gws103
1;gws102
1;gws101
1;gws100
1;gws10
1;gws1
1;gws
1;gwn999
1;gwn998
1;gwn997
1;gwn996
1;gwn995
1;gwn994
1;gwn993
1;gwn992
1;gwn991
1;gwn990
1;gwn989
1;gwn988
1;gwn987
1;gwn986
1;gwn985
1;gwn984
1;gwn983
1;gwn982
1;gwn981
1;gwn980
1;gwn979
1;gwn978
1;gwn977
1;gwn976
1;gwn975
1;gwn974
1;gwn973
1;gwn972
1;gwn971
1;gwn970
1;gwn969
1;gwn968
1;gwn967
1;gwn966
1;gwn965
1;gwn964
1;gwn963
1;gwn962
1;gwn961
1;gwn960
1;gwn959
1;gwn958
1;gwn957
1;gwn956
1;gwn955
1;gwn954
1;gwn953
1;gwn952
1;gwn951
1;gwn950
1;gwn949
1;gwn948
1;gwn947
1;gwn946
1;gwn945
1;gwn944
1;gwn943
1;gwn942
1;gwn941
1;gwn940
1;gwn939
1;gwn938
1;gwn937
1;gwn936
1;gwn935
1;gwn934
1;gwn933
1;gwn932
1;gwn931
1;gwn930
1;gwn929
1;gwn928
1;gwn927
1;gwn926
1;gwn925
1;gwn924
1;gwn923
1;gwn922
1;gwn921
1;gwn920
1;gwn919
1;gwn918
1;gwn917
1;gwn916
1;gwn915
1;gwn914
1;gwn913
1;gwn912
1;gwn911
1;gwn910
1;gwn909
1;gwn908
1;gwn907
1;gwn906
1;gwn905
1;gwn904
1;gwn903
1;gwn902
1;gwn901
1;gwn900
1;gwn899
1;gwn898
1;gwn897
1;gwn896
1;gwn895
1;gwn894
1;gwn893
1;gwn892
1;gwn891
1;gwn890
1;gwn889
1;gwn888
1;gwn887
1;gwn886
1;gwn885
1;gwn884
1;gwn883
1;gwn882
1;gwn881
1;gwn880
1;gwn879
1;gwn878
1;gwn877
1;gwn876
1;gwn875
1;gwn874
1;gwn873
1;gwn872
1;gwn871
1;gwn870
1;gwn869
1;gwn868
1;gwn867
1;gwn866
1;gwn865
1;gwn864
1;gwn863
1;gwn862
1;gwn860
1;gwn859
1;gwn858
1;gwn857
1;gwn856
1;gwn855
1;gwn854
1;gwn853
1;gwn852
1;gwn851
1;gwn850
1;gwn849
1;gwn848
1;gwn847
1;gwn846
1;gwn845
1;gwn844
1;gwn843
1;gwn842
1;gwn841
1;gwn840
1;gwn839
1;gwn838
1;gwn837
1;gwn836
1;gwn835
1;gwn834
1;gwn833
1;gwn832
1;gwn831
1;gwn830
1;gwn829
1;gwn828
1;gwn827
1;gwn826
1;gwn825
1;gwn824
1;gwn823
1;gwn822
1;gwn821
1;gwn820
1;gwn819
1;gwn818
1;gwn817
1;gwn816
1;gwn815
1;gwn814
1;gwn813
1;gwn812
1;gwn811
1;gwn810
1;gwn809
1;gwn808
1;gwn807
1;gwn806
1;gwn805
1;gwn804
1;gwn803
1;gwn802
1;gwn801
1;gwn800
1;gwn799
1;gwn798
1;gwn797
1;gwn796
1;gwn795
1;gwn794
1;gwn793
1;gwn792
1;gwn791
1;gwn790
1;gwn789
1;gwn788
1;gwn787
1;gwn786
1;gwn785
1;gwn784
1;gwn783
1;gwn782
1;gwn781
1;gwn780
1;gwn779
1;gwn778
1;gwn777
1;gwn776
1;gwn775
1;gwn774
1;gwn773
1;gwn772
1;gwn771
1;gwn770
1;gwn769
1;gwn768
1;gwn767
1;gwn766
1;gwn765
1;gwn764
1;gwn763
1;gwn762
1;gwn761
1;gwn760
1;gwn759
1;gwn758
1;gwn757
1;gwn756
1;gwn755
1;gwn754
1;gwn753
1;gwn752
1;gwn751
1;gwn750
1;gwn749
1;gwn748
1;gwn747
1;gwn746
1;gwn745
1;gwn744
1;gwn743
1;gwn742
1;gwn741
1;gwn740
1;gwn739
1;gwn738
1;gwn737
1;gwn736
1;gwn735
1;gwn734
1;gwn733
1;gwn732
1;gwn731
1;gwn730
1;gwn729
1;gwn728
1;gwn727
1;gwn726
1;gwn725
1;gwn724
1;gwn723
1;gwn722
1;gwn721
1;gwn720
1;gwn719
1;gwn718
1;gwn717
1;gwn716
1;gwn715
1;gwn714
1;gwn713
1;gwn712
1;gwn711
1;gwn710
1;gwn709
1;gwn708
1;gwn707
1;gwn706
1;gwn705
1;gwn704
1;gwn703
1;gwn702
1;gwn701
1;gwn700
1;gwn699
1;gwn698
1;gwn697
1;gwn696
1;gwn695
1;gwn694
1;gwn693
1;gwn692
1;gwn691
1;gwn690
1;gwn689
1;gwn688
1;gwn687
1;gwn686
1;gwn685
1;gwn684
1;gwn683
1;gwn682
1;gwn681
1;gwn680
1;gwn679
1;gwn678
1;gwn677
1;gwn676
1;gwn675
1;gwn674
1;gwn673
1;gwn672
1;gwn671
1;gwn670
1;gwn669
1;gwn668
1;gwn667
1;gwn666
1;gwn665
1;gwn664
1;gwn663
1;gwn662
1;gwn661
1;gwn660
1;gwn659
1;gwn658
1;gwn657
1;gwn656
1;gwn655
1;gwn654
1;gwn653
1;gwn652
1;gwn651
1;gwn650
1;gwn649
1;gwn648
1;gwn647
1;gwn646
1;gwn645
1;gwn644
1;gwn643
1;gwn642
1;gwn641
1;gwn640
1;gwn639
1;gwn638
1;gwn637
1;gwn636
1;gwn635
1;gwn634
1;gwn633
1;gwn632
1;gwn631
1;gwn630
1;gwn629
1;gwn628
1;gwn627
1;gwn626
1;gwn625
1;gwn624
1;gwn623
1;gwn622
1;gwn621
1;gwn620
1;gwn619
1;gwn618
1;gwn617
1;gwn616
1;gwn615
1;gwn614
1;gwn613
1;gwn612
1;gwn611
1;gwn610
1;gwn609
1;gwn608
1;gwn607
1;gwn606
1;gwn605
1;gwn604
1;gwn603
1;gwn602
1;gwn601
1;gwn600
1;gwn3999
1;gwn3998
1;gwn3997
1;gwn3996
1;gwn3995
1;gwn3994
1;gwn3993
1;gwn3992
1;gwn3991
1;gwn3990
1;gwn399
1;gwn3989
1;gwn3988
1;gwn3987
1;gwn3986
1;gwn3985
1;gwn3984
1;gwn3983
1;gwn3982
1;gwn3981
1;gwn3980
1;gwn398
1;gwn3979
1;gwn3978
1;gwn3977
1;gwn3976
1;gwn3975
1;gwn3974
1;gwn3973
1;gwn3972
1;gwn3971
1;gwn3970
1;gwn397
1;gwn3969
1;gwn3968
1;gwn3967
1;gwn3966
1;gwn3965
1;gwn3964
1;gwn3963
1;gwn3962
1;gwn3961
1;gwn3960
1;gwn396
1;gwn3959
1;gwn3958
1;gwn3957
1;gwn3956
1;gwn3955
1;gwn3954
1;gwn3953
1;gwn3952
1;gwn3951
1;gwn3950
1;gwn395
1;gwn3949
1;gwn3948
1;gwn3947
1;gwn3946
1;gwn3945
1;gwn3944
1;gwn3943
1;gwn3942
1;gwn3941
1;gwn3940
1;gwn394
1;gwn3939
1;gwn3938
1;gwn3937
1;gwn3936
1;gwn3935
1;gwn3934
1;gwn3933
1;gwn3932
1;gwn3931
1;gwn3930
1;gwn393
1;gwn3929
1;gwn3928
1;gwn3927
1;gwn3926
1;gwn3925
1;gwn3924
1;gwn3923
1;gwn3922
1;gwn3921
1;gwn3920
1;gwn392
1;gwn3919
1;gwn3918
1;gwn3917
1;gwn3916
1;gwn3915
1;gwn3914
1;gwn3913
1;gwn3912
1;gwn3911
1;gwn3910
1;gwn391
1;gwn3909
1;gwn3908
1;gwn3907
1;gwn3906
1;gwn3905
1;gwn3904
1;gwn3903
1;gwn3902
1;gwn3901
1;gwn3900
1;gwn390
1;gwn39
1;gwn3899
1;gwn3898
1;gwn3897
1;gwn3896
1;gwn3895
1;gwn3894
1;gwn3893
1;gwn3892
1;gwn3891
1;gwn3890
1;gwn389
1;gwn3889
1;gwn3888
1;gwn3887
1;gwn3886
1;gwn3885
1;gwn3884
1;gwn3883
1;gwn3882
1;gwn3881
1;gwn3880
1;gwn388
1;gwn3879
1;gwn3878
1;gwn3877
1;gwn3876
1;gwn3875
1;gwn3874
1;gwn3873
1;gwn3872
1;gwn3871
1;gwn3870
1;gwn387
1;gwn3869
1;gwn3868
1;gwn3867
1;gwn3866
1;gwn3865
1;gwn3864
1;gwn3863
1;gwn3862
1;gwn3861
1;gwn3860
1;gwn386
1;gwn3859
1;gwn3858
1;gwn3857
1;gwn3856
1;gwn3855
1;gwn3854
1;gwn3853
1;gwn3852
1;gwn3851
1;gwn3850
1;gwn385
1;gwn3849
1;gwn3848
1;gwn3847
1;gwn3846
1;gwn3845
1;gwn3844
1;gwn3843
1;gwn3842
1;gwn3841
1;gwn3840
1;gwn384
1;gwn3839
1;gwn3838
1;gwn3837
1;gwn3836
1;gwn3835
1;gwn3834
1;gwn3833
1;gwn3832
1;gwn3831
1;gwn3830
1;gwn383
1;gwn3829
1;gwn3828
1;gwn3827
1;gwn3826
1;gwn3825
1;gwn3824
1;gwn3823
1;gwn3822
1;gwn3821
1;gwn3820
1;gwn382
1;gwn3819
1;gwn3818
1;gwn3817
1;gwn3816
1;gwn3815
1;gwn3814
1;gwn3813
1;gwn3812
1;gwn3811
1;gwn3810
1;gwn381
1;gwn3809
1;gwn3808
1;gwn3807
1;gwn3806
1;gwn3805
1;gwn3804
1;gwn3803
1;gwn3802
1;gwn3801
1;gwn3800
1;gwn380
1;gwn38
1;gwn3799
1;gwn3798
1;gwn3797
1;gwn3796
1;gwn3795
1;gwn3794
1;gwn3793
1;gwn3792
1;gwn3791
1;gwn3790
1;gwn379
1;gwn3789
1;gwn3788
1;gwn3787
1;gwn3786
1;gwn3785
1;gwn3784
1;gwn3783
1;gwn3782
1;gwn3781
1;gwn3780
1;gwn378
1;gwn3779
1;gwn3778
1;gwn3777
1;gwn3776
1;gwn3775
1;gwn3774
1;gwn3773
1;gwn3772
1;gwn3771
1;gwn3770
1;gwn377
1;gwn3769
1;gwn3768
1;gwn3767
1;gwn3766
1;gwn3765
1;gwn3764
1;gwn3763
1;gwn3762
1;gwn3761
1;gwn3760
1;gwn376
1;gwn3759
1;gwn3758
1;gwn3757
1;gwn3756
1;gwn3755
1;gwn3754
1;gwn3753
1;gwn3752
1;gwn3751
1;gwn3750
1;gwn375
1;gwn3749
1;gwn3748
1;gwn3747
1;gwn3746
1;gwn3745
1;gwn3744
1;gwn3743
1;gwn3742
1;gwn3741
1;gwn3740
1;gwn374
1;gwn3739
1;gwn3738
1;gwn3737
1;gwn3736
1;gwn3735
1;gwn3734
1;gwn3733
1;gwn3732
1;gwn3731
1;gwn3730
1;gwn373
1;gwn3729
1;gwn3728
1;gwn3727
1;gwn3726
1;gwn3725
1;gwn3724
1;gwn3723
1;gwn3722
1;gwn3721
1;gwn3720
1;gwn372
1;gwn3719
1;gwn3718
1;gwn3717
1;gwn3716
1;gwn3715
1;gwn3714
1;gwn3713
1;gwn3712
1;gwn3711
1;gwn3710
1;gwn371
1;gwn3709
1;gwn3708
1;gwn3707
1;gwn3706
1;gwn3705
1;gwn3704
1;gwn3703
1;gwn3702
1;gwn3701
1;gwn3700
1;gwn370
1;gwn37
1;gwn3699
1;gwn3698
1;gwn3697
1;gwn3696
1;gwn3695
1;gwn3694
1;gwn3693
1;gwn3692
1;gwn3691
1;gwn3690
1;gwn369
1;gwn3689
1;gwn3688
1;gwn3687
1;gwn3686
1;gwn3685
1;gwn3684
1;gwn3683
1;gwn3682
1;gwn3681
1;gwn3680
1;gwn368
1;gwn3679
1;gwn3678
1;gwn3677
1;gwn3676
1;gwn3675
1;gwn3674
1;gwn3673
1;gwn3672
1;gwn3671
1;gwn3670
1;gwn367
1;gwn3669
1;gwn3668
1;gwn3667
1;gwn3666
1;gwn3665
1;gwn3664
1;gwn3663
1;gwn3662
1;gwn3661
1;gwn3660
1;gwn366
1;gwn3659
1;gwn3658
1;gwn3657
1;gwn3656
1;gwn3655
1;gwn3654
1;gwn3653
1;gwn3652
1;gwn3651
1;gwn3650
1;gwn365
1;gwn3649
1;gwn3648
1;gwn3647
1;gwn3646
1;gwn3645
1;gwn3644
1;gwn3643
1;gwn3642
1;gwn3641
1;gwn3640
1;gwn364
1;gwn3639
1;gwn3638
1;gwn3637
1;gwn3636
1;gwn3635
1;gwn3634
1;gwn3633
1;gwn3632
1;gwn3631
1;gwn3630
1;gwn363
1;gwn3629
1;gwn3628
1;gwn3627
1;gwn3626
1;gwn3625
1;gwn3624
1;gwn3623
1;gwn3622
1;gwn3621
1;gwn3620
1;gwn362
1;gwn3619
1;gwn3618
1;gwn3617
1;gwn3616
1;gwn3615
1;gwn3614
1;gwn3613
1;gwn3612
1;gwn3611
1;gwn3610
1;gwn361
1;gwn3609
1;gwn3608
1;gwn3607
1;gwn3606
1;gwn3605
1;gwn3604
1;gwn3603
1;gwn3602
1;gwn3601
1;gwn3600
1;gwn360
1;gwn36
1;gwn3599
1;gwn3598
1;gwn3597
1;gwn3596
1;gwn3595
1;gwn3594
1;gwn3593
1;gwn3592
1;gwn3591
1;gwn3590
1;gwn359
1;gwn3589
1;gwn3588
1;gwn3587
1;gwn3586
1;gwn3585
1;gwn3584
1;gwn3583
1;gwn3582
1;gwn3581
1;gwn3580
1;gwn358
1;gwn3579
1;gwn3578
1;gwn3577
1;gwn3576
1;gwn3575
1;gwn3574
1;gwn3573
1;gwn3572
1;gwn3571
1;gwn3570
1;gwn357
1;gwn3569
1;gwn3568
1;gwn3567
1;gwn3566
1;gwn3565
1;gwn3564
1;gwn3563
1;gwn3562
1;gwn3561
1;gwn3560
1;gwn356
1;gwn3559
1;gwn3558
1;gwn3557
1;gwn3556
1;gwn3555
1;gwn3554
1;gwn3553
1;gwn3552
1;gwn3551
1;gwn3550
1;gwn355
1;gwn3549
1;gwn3548
1;gwn3547
1;gwn3546
1;gwn3545
1;gwn3544
1;gwn3543
1;gwn3542
1;gwn3541
1;gwn3540
1;gwn354
1;gwn3539
1;gwn3538
1;gwn3537
1;gwn3536
1;gwn3535
1;gwn3534
1;gwn3533
1;gwn3532
1;gwn3531
1;gwn3530
1;gwn353
1;gwn3529
1;gwn3528
1;gwn3527
1;gwn3526
1;gwn3525
1;gwn3524
1;gwn3523
1;gwn3522
1;gwn3521
1;gwn3520
1;gwn352
1;gwn3519
1;gwn3518
1;gwn3517
1;gwn3516
1;gwn3515
1;gwn3514
1;gwn3513
1;gwn3512
1;gwn3511
1;gwn3510
1;gwn351
1;gwn3509
1;gwn3508
1;gwn3507
1;gwn3506
1;gwn3505
1;gwn3504
1;gwn3503
1;gwn3502
1;gwn3501
1;gwn3500
1;gwn350
1;gwn35
1;gwn3499
1;gwn3498
1;gwn3497
1;gwn3496
1;gwn3495
1;gwn3494
1;gwn3493
1;gwn3492
1;gwn3491
1;gwn3490
1;gwn349
1;gwn3489
1;gwn3488
1;gwn3487
1;gwn3486
1;gwn3485
1;gwn3484
1;gwn3483
1;gwn3482
1;gwn3481
1;gwn3480
1;gwn348
1;gwn3479
1;gwn3478
1;gwn3477
1;gwn3476
1;gwn3475
1;gwn3474
1;gwn3473
1;gwn3472
1;gwn3471
1;gwn3470
1;gwn347
1;gwn3469
1;gwn3468
1;gwn3467
1;gwn3466
1;gwn3465
1;gwn3464
1;gwn3463
1;gwn3462
1;gwn3461
1;gwn3460
1;gwn346
1;gwn3459
1;gwn3458
1;gwn3457
1;gwn3456
1;gwn3455
1;gwn3454
1;gwn3453
1;gwn3452
1;gwn3451
1;gwn3450
1;gwn345
1;gwn3449
1;gwn3448
1;gwn3447
1;gwn3446
1;gwn3445
1;gwn3444
1;gwn3443
1;gwn3442
1;gwn3441
1;gwn3440
1;gwn344
1;gwn3439
1;gwn3438
1;gwn3437
1;gwn3436
1;gwn3435
1;gwn3434
1;gwn3433
1;gwn3432
1;gwn3431
1;gwn3430
1;gwn343
1;gwn3429
1;gwn3428
1;gwn3427
1;gwn3426
1;gwn3425
1;gwn3424
1;gwn3423
1;gwn3422
1;gwn3421
1;gwn3420
1;gwn342
1;gwn3419
1;gwn3418
1;gwn3417
1;gwn3416
1;gwn3415
1;gwn3414
1;gwn3413
1;gwn3412
1;gwn3411
1;gwn3410
1;gwn341
1;gwn3409
1;gwn3408
1;gwn3407
1;gwn3406
1;gwn3405
1;gwn3404
1;gwn3403
1;gwn3402
1;gwn3401
1;gwn3400
1;gwn340
1;gwn34
1;gwn3399
1;gwn3398
1;gwn3397
1;gwn3396
1;gwn3395
1;gwn3394
1;gwn3393
1;gwn3392
1;gwn3391
1;gwn3390
1;gwn339
1;gwn3389
1;gwn3388
1;gwn3387
1;gwn3386
1;gwn3385
1;gwn3384
1;gwn3383
1;gwn3382
1;gwn3381
1;gwn3380
1;gwn338
1;gwn3379
1;gwn3378
1;gwn3377
1;gwn3376
1;gwn3375
1;gwn3374
1;gwn3373
1;gwn3372
1;gwn3371
1;gwn3370
1;gwn337
1;gwn3369
1;gwn3368
1;gwn3367
1;gwn3366
1;gwn3365
1;gwn3364
1;gwn3363
1;gwn3362
1;gwn3361
1;gwn3360
1;gwn336
1;gwn3359
1;gwn3358
1;gwn3357
1;gwn3356
1;gwn3355
1;gwn3354
1;gwn3353
1;gwn3352
1;gwn3351
1;gwn3350
1;gwn335
1;gwn3349
1;gwn3348
1;gwn3347
1;gwn3346
1;gwn3345
1;gwn3344
1;gwn3343
1;gwn3342
1;gwn3341
1;gwn3340
1;gwn334
1;gwn3339
1;gwn3338
1;gwn3337
1;gwn3336
1;gwn3335
1;gwn3334
1;gwn3333
1;gwn3332
1;gwn3331
1;gwn3330
1;gwn333
1;gwn3329
1;gwn3328
1;gwn3327
1;gwn3326
1;gwn3325
1;gwn3324
1;gwn3323
1;gwn3322
1;gwn3321
1;gwn3320
1;gwn332
1;gwn3319
1;gwn3318
1;gwn3317
1;gwn3316
1;gwn3315
1;gwn3314
1;gwn3313
1;gwn3312
1;gwn3311
1;gwn3310
1;gwn331
1;gwn3309
1;gwn3308
1;gwn3307
1;gwn3306
1;gwn3305
1;gwn3304
1;gwn3303
1;gwn3302
1;gwn3301
1;gwn3300
1;gwn330
1;gwn33
1;gwn3299
1;gwn3298
1;gwn3297
1;gwn3296
1;gwn3295
1;gwn3294
1;gwn3293
1;gwn3292
1;gwn3291
1;gwn3290
1;gwn329
1;gwn3289
1;gwn3288
1;gwn3287
1;gwn3286
1;gwn3285
1;gwn3284
1;gwn3283
1;gwn3282
1;gwn3281
1;gwn3280
1;gwn328
1;gwn3279
1;gwn3278
1;gwn3277
1;gwn3276
1;gwn3275
1;gwn3274
1;gwn3273
1;gwn3272
1;gwn3271
1;gwn3270
1;gwn327
1;gwn3269
1;gwn3268
1;gwn3267
1;gwn3266
1;gwn3265
1;gwn3264
1;gwn3263
1;gwn3262
1;gwn3261
1;gwn3260
1;gwn326
1;gwn3259
1;gwn3258
1;gwn3257
1;gwn3256
1;gwn3255
1;gwn3254
1;gwn3253
1;gwn3252
1;gwn3251
1;gwn3250
1;gwn325
1;gwn3249
1;gwn3248
1;gwn3247
1;gwn3246
1;gwn3245
1;gwn3244
1;gwn3243
1;gwn3242
1;gwn3241
1;gwn3240
1;gwn324
1;gwn3239
1;gwn3238
1;gwn3237
1;gwn3236
1;gwn3235
1;gwn3234
1;gwn3233
1;gwn3232
1;gwn3231
1;gwn3230
1;gwn323
1;gwn3229
1;gwn3228
1;gwn3227
1;gwn3226
1;gwn3225
1;gwn3224
1;gwn3223
1;gwn3222
1;gwn3221
1;gwn3220
1;gwn322
1;gwn3219
1;gwn3218
1;gwn3217
1;gwn3216
1;gwn3215
1;gwn3214
1;gwn3213
1;gwn3212
1;gwn3211
1;gwn3210
1;gwn321
1;gwn3209
1;gwn3208
1;gwn3207
1;gwn3206
1;gwn3205
1;gwn3204
1;gwn3203
1;gwn3202
1;gwn3201
1;gwn3200
1;gwn320
1;gwn32
1;gwn3199
1;gwn3198
1;gwn3197
1;gwn3196
1;gwn3195
1;gwn3194
1;gwn3193
1;gwn3192
1;gwn3191
1;gwn3190
1;gwn319
1;gwn3189
1;gwn3188
1;gwn3187
1;gwn3186
1;gwn3185
1;gwn3184
1;gwn3183
1;gwn3182
1;gwn3181
1;gwn3180
1;gwn318
1;gwn3179
1;gwn3178
1;gwn3177
1;gwn3176
1;gwn3175
1;gwn3174
1;gwn3173
1;gwn3172
1;gwn3171
1;gwn3170
1;gwn317
1;gwn3169
1;gwn3168
1;gwn3167
1;gwn3166
1;gwn3165
1;gwn3164
1;gwn3163
1;gwn3162
1;gwn3161
1;gwn3160
1;gwn316
1;gwn3159
1;gwn3158
1;gwn3157
1;gwn3156
1;gwn3155
1;gwn3154
1;gwn3153
1;gwn3152
1;gwn3151
1;gwn3150
1;gwn315
1;gwn3149
1;gwn3148
1;gwn3147
1;gwn3146
1;gwn3145
1;gwn3144
1;gwn3143
1;gwn3142
1;gwn3141
1;gwn3140
1;gwn314
1;gwn3139
1;gwn3138
1;gwn3137
1;gwn3136
1;gwn3135
1;gwn3134
1;gwn3133
1;gwn3132
1;gwn3131
1;gwn3130
1;gwn313
1;gwn3129
1;gwn3128
1;gwn3127
1;gwn3126
1;gwn3125
1;gwn3124
1;gwn3123
1;gwn3122
1;gwn3121
1;gwn3120
1;gwn312
1;gwn3119
1;gwn3118
1;gwn3117
1;gwn3116
1;gwn3115
1;gwn3114
1;gwn3113
1;gwn3112
1;gwn3111
1;gwn3110
1;gwn311
1;gwn3109
1;gwn3108
1;gwn3107
1;gwn3106
1;gwn3105
1;gwn3104
1;gwn3103
1;gwn3102
1;gwn3101
1;gwn31000
1;gwn3100
1;gwn310
1;gwn31
1;gwn2999
1;gwn2998
1;gwn2997
1;gwn2996
1;gwn2995
1;gwn2994
1;gwn2993
1;gwn2992
1;gwn2991
1;gwn2990
1;gwn299
1;gwn2989
1;gwn2988
1;gwn2987
1;gwn2986
1;gwn2985
1;gwn2984
1;gwn2983
1;gwn2982
1;gwn2981
1;gwn2980
1;gwn298
1;gwn2979
1;gwn2978
1;gwn2977
1;gwn2976
1;gwn2975
1;gwn2974
1;gwn2973
1;gwn2972
1;gwn2971
1;gwn2970
1;gwn297
1;gwn2969
1;gwn2968
1;gwn2967
1;gwn2966
1;gwn2965
1;gwn2964
1;gwn2963
1;gwn2962
1;gwn2961
1;gwn2960
1;gwn296
1;gwn2959
1;gwn2958
1;gwn2957
1;gwn2956
1;gwn2955
1;gwn2954
1;gwn2953
1;gwn2952
1;gwn2951
1;gwn2950
1;gwn295
1;gwn2949
1;gwn2948
1;gwn2947
1;gwn2946
1;gwn2945
1;gwn2944
1;gwn2943
1;gwn2942
1;gwn2941
1;gwn2940
1;gwn294
1;gwn2939
1;gwn2938
1;gwn2937
1;gwn2936
1;gwn2935
1;gwn2934
1;gwn2933
1;gwn2932
1;gwn2931
1;gwn2930
1;gwn293
1;gwn2929
1;gwn2928
1;gwn2927
1;gwn2926
1;gwn2925
1;gwn2924
1;gwn2923
1;gwn2922
1;gwn2921
1;gwn2920
1;gwn292
1;gwn2919
1;gwn2918
1;gwn2917
1;gwn2916
1;gwn2915
1;gwn2914
1;gwn2913
1;gwn2912
1;gwn2911
1;gwn2910
1;gwn291
1;gwn2909
1;gwn2908
1;gwn2907
1;gwn2906
1;gwn2905
1;gwn2904
1;gwn2903
1;gwn2902
1;gwn2901
1;gwn2900
1;gwn290
1;gwn29
1;gwn2899
1;gwn2898
1;gwn2897
1;gwn2896
1;gwn2895
1;gwn2894
1;gwn2893
1;gwn2892
1;gwn2891
1;gwn2890
1;gwn289
1;gwn2889
1;gwn2888
1;gwn2887
1;gwn2886
1;gwn2885
1;gwn2884
1;gwn2883
1;gwn2882
1;gwn2881
1;gwn2880
1;gwn288
1;gwn2879
1;gwn2878
1;gwn2877
1;gwn2876
1;gwn2875
1;gwn2874
1;gwn2873
1;gwn2872
1;gwn2871
1;gwn2870
1;gwn287
1;gwn286
1;gwn285
1;gwn284
1;gwn283
1;gwn282
1;gwn281
1;gwn280
1;gwn28
1;gwn279
1;gwn278
1;gwn277
1;gwn276
1;gwn275
1;gwn274
1;gwn273
1;gwn272
1;gwn271
1;gwn270
1;gwn27
1;gwn269
1;gwn268
1;gwn267
1;gwn2660
1;gwn266
1;gwn2659
1;gwn2658
1;gwn2657
1;gwn2656
1;gwn2655
1;gwn2654
1;gwn2653
1;gwn2652
1;gwn2651
1;gwn2650
1;gwn265
1;gwn2649
1;gwn2648
1;gwn2647
1;gwn2646
1;gwn2645
1;gwn2644
1;gwn2643
1;gwn2642
1;gwn2641
1;gwn2640
1;gwn264
1;gwn2639
1;gwn2638
1;gwn2637
1;gwn2636
1;gwn2635
1;gwn2634
1;gwn2633
1;gwn2632
1;gwn2631
1;gwn2630
1;gwn263
1;gwn2629
1;gwn2628
1;gwn2627
1;gwn2626
1;gwn2625
1;gwn2624
1;gwn2623
1;gwn2622
1;gwn2621
1;gwn2620
1;gwn262
1;gwn2619
1;gwn2618
1;gwn2617
1;gwn2616
1;gwn2615
1;gwn2614
1;gwn2613
1;gwn2612
1;gwn2611
1;gwn2610
1;gwn261
1;gwn2609
1;gwn2608
1;gwn2607
1;gwn2606
1;gwn2605
1;gwn2604
1;gwn2603
1;gwn2602
1;gwn2601
1;gwn2600
1;gwn260
1;gwn26
1;gwn2599
1;gwn2598
1;gwn2597
1;gwn2596
1;gwn2595
1;gwn2594
1;gwn2593
1;gwn2592
1;gwn2591
1;gwn2590
1;gwn259
1;gwn2589
1;gwn2588
1;gwn2587
1;gwn2586
1;gwn2585
1;gwn2584
1;gwn2583
1;gwn2582
1;gwn2581
1;gwn2580
1;gwn258
1;gwn2579
1;gwn2578
1;gwn2577
1;gwn2576
1;gwn2575
1;gwn2574
1;gwn2573
1;gwn2572
1;gwn2571
1;gwn2570
1;gwn257
1;gwn2569
1;gwn2568
1;gwn2567
1;gwn2566
1;gwn2565
1;gwn2564
1;gwn2563
1;gwn2562
1;gwn2561
1;gwn2560
1;gwn256
1;gwn2559
1;gwn2558
1;gwn2557
1;gwn2556
1;gwn2555
1;gwn2554
1;gwn2553
1;gwn2552
1;gwn2551
1;gwn2550
1;gwn255
1;gwn2549
1;gwn2548
1;gwn2547
1;gwn2546
1;gwn2545
1;gwn2544
1;gwn2543
1;gwn2542
1;gwn2541
1;gwn2540
1;gwn254
1;gwn2539
1;gwn2538
1;gwn2537
1;gwn2536
1;gwn2535
1;gwn2534
1;gwn2533
1;gwn2532
1;gwn2531
1;gwn2530
1;gwn253
1;gwn2529
1;gwn2528
1;gwn2527
1;gwn2526
1;gwn2525
1;gwn2524
1;gwn2523
1;gwn2522
1;gwn2521
1;gwn2520
1;gwn252
1;gwn2519
1;gwn2518
1;gwn2517
1;gwn2516
1;gwn2515
1;gwn2514
1;gwn2513
1;gwn2512
1;gwn2511
1;gwn2510
1;gwn251
1;gwn2509
1;gwn2508
1;gwn2507
1;gwn2506
1;gwn2505
1;gwn2504
1;gwn2503
1;gwn2502
1;gwn2501
1;gwn2500
1;gwn250
1;gwn25
1;gwn2499
1;gwn2498
1;gwn2497
1;gwn2496
1;gwn2495
1;gwn2494
1;gwn2493
1;gwn2492
1;gwn2491
1;gwn2490
1;gwn249
1;gwn2489
1;gwn2488
1;gwn2487
1;gwn2486
1;gwn2485
1;gwn2484
1;gwn2483
1;gwn2482
1;gwn2481
1;gwn2480
1;gwn248
1;gwn2479
1;gwn2478
1;gwn2477
1;gwn2476
1;gwn2475
1;gwn2474
1;gwn2473
1;gwn2472
1;gwn2471
1;gwn2470
1;gwn247
1;gwn2469
1;gwn2468
1;gwn2467
1;gwn2466
1;gwn2465
1;gwn2464
1;gwn2463
1;gwn2462
1;gwn2461
1;gwn2460
1;gwn246
1;gwn2459
1;gwn2458
1;gwn2457
1;gwn2456
1;gwn2455
1;gwn2454
1;gwn2453
1;gwn2452
1;gwn2451
1;gwn2450
1;gwn245
1;gwn2449
1;gwn2448
1;gwn2447
1;gwn2446
1;gwn2445
1;gwn2444
1;gwn2443
1;gwn2442
1;gwn2441
1;gwn2440
1;gwn244
1;gwn2439
1;gwn2438
1;gwn2437
1;gwn2436
1;gwn2435
1;gwn2434
1;gwn2433
1;gwn2432
1;gwn2431
1;gwn2430
1;gwn243
1;gwn2429
1;gwn2428
1;gwn2427
1;gwn2426
1;gwn2425
1;gwn2424
1;gwn2423
1;gwn2422
1;gwn2421
1;gwn2420
1;gwn242
1;gwn2419
1;gwn2418
1;gwn2417
1;gwn2416
1;gwn2415
1;gwn2414
1;gwn2413
1;gwn2412
1;gwn2411
1;gwn2410
1;gwn241
1;gwn2409
1;gwn2408
1;gwn2407
1;gwn2406
1;gwn2405
1;gwn2404
1;gwn2402
1;gwn2401
1;gwn2400
1;gwn240
1;gwn24
1;gwn2399
1;gwn2398
1;gwn2397
1;gwn2396
1;gwn2395
1;gwn2394
1;gwn2393
1;gwn2392
1;gwn2391
1;gwn2390
1;gwn239
1;gwn2389
1;gwn2388
1;gwn2387
1;gwn2386
1;gwn2385
1;gwn2384
1;gwn2383
1;gwn2382
1;gwn2381
1;gwn2380
1;gwn238
1;gwn2379
1;gwn2378
1;gwn2377
1;gwn2376
1;gwn2375
1;gwn2374
1;gwn2373
1;gwn2372
1;gwn2371
1;gwn2370
1;gwn237
1;gwn2369
1;gwn2368
1;gwn2367
1;gwn2366
1;gwn2365
1;gwn2364
1;gwn2363
1;gwn2362
1;gwn2361
1;gwn2360
1;gwn236
1;gwn2359
1;gwn2358
1;gwn2357
1;gwn2356
1;gwn2355
1;gwn2354
1;gwn2353
1;gwn2352
1;gwn2351
1;gwn2350
1;gwn235
1;gwn2349
1;gwn2348
1;gwn2347
1;gwn2346
1;gwn2345
1;gwn2344
1;gwn2343
1;gwn2342
1;gwn2341
1;gwn2340
1;gwn234
1;gwn2339
1;gwn2338
1;gwn2337
1;gwn2336
1;gwn2335
1;gwn2334
1;gwn2333
1;gwn2332
1;gwn2331
1;gwn2330
1;gwn233
1;gwn2329
1;gwn2328
1;gwn2327
1;gwn2326
1;gwn2325
1;gwn2324
1;gwn2323
1;gwn2322
1;gwn2321
1;gwn2320
1;gwn232
1;gwn2319
1;gwn2318
1;gwn2317
1;gwn2316
1;gwn2315
1;gwn2314
1;gwn2313
1;gwn2312
1;gwn2311
1;gwn2310
1;gwn231
1;gwn2309
1;gwn2308
1;gwn2307
1;gwn2306
1;gwn2305
1;gwn2304
1;gwn2303
1;gwn2302
1;gwn2301
1;gwn2300
1;gwn230
1;gwn23
1;gwn2299
1;gwn2298
1;gwn2297
1;gwn2296
1;gwn2295
1;gwn2294
1;gwn2293
1;gwn2292
1;gwn2291
1;gwn2290
1;gwn229
1;gwn2289
1;gwn2288
1;gwn2287
1;gwn2286
1;gwn2285
1;gwn2284
1;gwn2283
1;gwn2282
1;gwn2281
1;gwn2280
1;gwn228
1;gwn2279
1;gwn2278
1;gwn2277
1;gwn2276
1;gwn2275
1;gwn2274
1;gwn2273
1;gwn2272
1;gwn2271
1;gwn2270
1;gwn227
1;gwn2269
1;gwn2268
1;gwn2267
1;gwn2266
1;gwn2265
1;gwn2264
1;gwn2263
1;gwn2262
1;gwn2261
1;gwn2260
1;gwn226
1;gwn2259
1;gwn2258
1;gwn2257
1;gwn2256
1;gwn2255
1;gwn2254
1;gwn2253
1;gwn2252
1;gwn2251
1;gwn2250
1;gwn225
1;gwn2249
1;gwn2248
1;gwn2247
1;gwn2246
1;gwn2245
1;gwn2244
1;gwn2243
1;gwn2242
1;gwn2241
1;gwn2240
1;gwn224
1;gwn2239
1;gwn2238
1;gwn2237
1;gwn2236
1;gwn2235
1;gwn2234
1;gwn2233
1;gwn2232
1;gwn2231
1;gwn2230
1;gwn223
1;gwn2229
1;gwn2228
1;gwn2227
1;gwn2226
1;gwn2225
1;gwn2224
1;gwn2223
1;gwn2222
1;gwn2221
1;gwn2220
1;gwn222
1;gwn2219
1;gwn2218
1;gwn2217
1;gwn2216
1;gwn2215
1;gwn2214
1;gwn2213
1;gwn2212
1;gwn2211
1;gwn2210
1;gwn221
1;gwn2209
1;gwn2208
1;gwn2207
1;gwn2206
1;gwn2205
1;gwn2204
1;gwn2203
1;gwn2202
1;gwn2201
1;gwn2200
1;gwn220
1;gwn22
1;gwn2199
1;gwn2198
1;gwn2197
1;gwn2196
1;gwn2195
1;gwn2194
1;gwn2193
1;gwn2192
1;gwn2191
1;gwn2190
1;gwn219
1;gwn2189
1;gwn2188
1;gwn2187
1;gwn2186
1;gwn2185
1;gwn2184
1;gwn2183
1;gwn2182
1;gwn2181
1;gwn2180
1;gwn218
1;gwn2179
1;gwn2178
1;gwn2177
1;gwn2176
1;gwn2175
1;gwn2174
1;gwn2173
1;gwn2172
1;gwn2171
1;gwn2170
1;gwn217
1;gwn2169
1;gwn2168
1;gwn2167
1;gwn2166
1;gwn2165
1;gwn2164
1;gwn2163
1;gwn2162
1;gwn2161
1;gwn2160
1;gwn216
1;gwn2159
1;gwn2158
1;gwn2157
1;gwn2156
1;gwn2155
1;gwn2154
1;gwn2153
1;gwn2152
1;gwn2151
1;gwn2150
1;gwn215
1;gwn2149
1;gwn2148
1;gwn2147
1;gwn2146
1;gwn2145
1;gwn2144
1;gwn2143
1;gwn2142
1;gwn2141
1;gwn2140
1;gwn214
1;gwn2139
1;gwn2138
1;gwn2137
1;gwn2136
1;gwn2135
1;gwn2134
1;gwn2133
1;gwn2132
1;gwn2131
1;gwn2130
1;gwn213
1;gwn2129
1;gwn2128
1;gwn2127
1;gwn2126
1;gwn2125
1;gwn2124
1;gwn2123
1;gwn2122
1;gwn2121
1;gwn2120
1;gwn212
1;gwn2119
1;gwn2118
1;gwn2117
1;gwn2116
1;gwn2115
1;gwn2114
1;gwn2113
1;gwn2112
1;gwn2111
1;gwn2110
1;gwn211
1;gwn2109
1;gwn2108
1;gwn2107
1;gwn2106
1;gwn2105
1;gwn2104
1;gwn2103
1;gwn2102
1;gwn2101
1;gwn21000
1;gwn2100
1;gwn210
1;gwn21
1;gwn1000
1;gwa999
1;gwa998
1;gwa997
1;gwa996
1;gwa995
1;gwa994
1;gwa993
1;gwa992
1;gwa991
1;gwa990
1;gwa989
1;gwa988
1;gwa987
1;gwa986
1;gwa985
1;gwa984
1;gwa983
1;gwa982
1;gwa981
1;gwa980
1;gwa979
1;gwa978
1;gwa977
1;gwa976
1;gwa975
1;gwa974
1;gwa973
1;gwa972
1;gwa971
1;gwa970
1;gwa969
1;gwa968
1;gwa967
1;gwa966
1;gwa965
1;gwa964
1;gwa963
1;gwa962
1;gwa961
1;gwa960
1;gwa959
1;gwa958
1;gwa957
1;gwa955
1;gwa954
1;gwa953
1;gwa952
1;gwa951
1;gwa950
1;gwa949
1;gwa948
1;gwa947
1;gwa946
1;gwa945
1;gwa944
1;gwa943
1;gwa942
1;gwa941
1;gwa940
1;gwa939
1;gwa938
1;gwa937
1;gwa936
1;gwa935
1;gwa934
1;gwa933
1;gwa932
1;gwa931
1;gwa930
1;gwa929
1;gwa928
1;gwa927
1;gwa926
1;gwa925
1;gwa924
1;gwa923
1;gwa922
1;gwa921
1;gwa920
1;gwa919
1;gwa918
1;gwa917
1;gwa916
1;gwa915
1;gwa914
1;gwa913
1;gwa912
1;gwa911
1;gwa910
1;gwa909
1;gwa908
1;gwa907
1;gwa906
1;gwa905
1;gwa904
1;gwa903
1;gwa902
1;gwa901
1;gwa900
1;gwa899
1;gwa898
1;gwa897
1;gwa896
1;gwa895
1;gwa894
1;gwa893
1;gwa892
1;gwa891
1;gwa890
1;gwa889
1;gwa888
1;gwa887
1;gwa886
1;gwa885
1;gwa884
1;gwa883
1;gwa882
1;gwa881
1;gwa880
1;gwa879
1;gwa878
1;gwa877
1;gwa876
1;gwa875
1;gwa874
1;gwa873
1;gwa871
1;gwa870
1;gwa869
1;gwa868
1;gwa867
1;gwa866
1;gwa865
1;gwa864
1;gwa863
1;gwa862
1;gwa861
1;gwa860
1;gwa859
1;gwa858
1;gwa857
1;gwa856
1;gwa855
1;gwa854
1;gwa853
1;gwa852
1;gwa851
1;gwa850
1;gwa849
1;gwa848
1;gwa847
1;gwa846
1;gwa845
1;gwa844
1;gwa843
1;gwa842
1;gwa841
1;gwa840
1;gwa839
1;gwa838
1;gwa837
1;gwa836
1;gwa835
1;gwa834
1;gwa833
1;gwa832
1;gwa831
1;gwa830
1;gwa829
1;gwa828
1;gwa827
1;gwa826
1;gwa825
1;gwa824
1;gwa823
1;gwa822
1;gwa821
1;gwa820
1;gwa819
1;gwa818
1;gwa817
1;gwa816
1;gwa815
1;gwa814
1;gwa813
1;gwa812
1;gwa811
1;gwa810
1;gwa809
1;gwa808
1;gwa807
1;gwa806
1;gwa805
1;gwa804
1;gwa803
1;gwa802
1;gwa801
1;gwa800
1;gwa799
1;gwa798
1;gwa797
1;gwa796
1;gwa795
1;gwa794
1;gwa793
1;gwa792
1;gwa791
1;gwa790
1;gwa789
1;gwa788
1;gwa787
1;gwa786
1;gwa785
1;gwa784
1;gwa783
1;gwa782
1;gwa781
1;gwa780
1;gwa779
1;gwa778
1;gwa777
1;gwa776
1;gwa775
1;gwa774
1;gwa773
1;gwa772
1;gwa771
1;gwa770
1;gwa769
1;gwa768
1;gwa767
1;gwa766
1;gwa765
1;gwa764
1;gwa763
1;gwa762
1;gwa761
1;gwa760
1;gwa759
1;gwa758
1;gwa757
1;gwa756
1;gwa755
1;gwa754
1;gwa753
1;gwa752
1;gwa751
1;gwa750
1;gwa749
1;gwa748
1;gwa747
1;gwa746
1;gwa745
1;gwa744
1;gwa743
1;gwa742
1;gwa741
1;gwa740
1;gwa739
1;gwa738
1;gwa737
1;gwa736
1;gwa735
1;gwa734
1;gwa733
1;gwa732
1;gwa731
1;gwa730
1;gwa729
1;gwa728
1;gwa727
1;gwa726
1;gwa725
1;gwa724
1;gwa723
1;gwa722
1;gwa721
1;gwa720
1;gwa719
1;gwa718
1;gwa717
1;gwa716
1;gwa715
1;gwa714
1;gwa713
1;gwa712
1;gwa711
1;gwa710
1;gwa709
1;gwa708
1;gwa707
1;gwa706
1;gwa705
1;gwa704
1;gwa703
1;gwa702
1;gwa701
1;gwa700
1;gwa699
1;gwa698
1;gwa697
1;gwa696
1;gwa695
1;gwa694
1;gwa693
1;gwa692
1;gwa691
1;gwa690
1;gwa689
1;gwa688
1;gwa687
1;gwa686
1;gwa685
1;gwa684
1;gwa683
1;gwa682
1;gwa681
1;gwa680
1;gwa679
1;gwa678
1;gwa677
1;gwa676
1;gwa675
1;gwa674
1;gwa673
1;gwa672
1;gwa671
1;gwa670
1;gwa669
1;gwa668
1;gwa667
1;gwa666
1;gwa665
1;gwa664
1;gwa663
1;gwa662
1;gwa661
1;gwa660
1;gwa659
1;gwa658
1;gwa657
1;gwa656
1;gwa655
1;gwa654
1;gwa653
1;gwa652
1;gwa651
1;gwa650
1;gwa649
1;gwa648
1;gwa647
1;gwa646
1;gwa645
1;gwa644
1;gwa643
1;gwa642
1;gwa641
1;gwa640
1;gwa639
1;gwa638
1;gwa637
1;gwa3999
1;gwa3998
1;gwa3997
1;gwa3996
1;gwa3995
1;gwa3994
1;gwa3993
1;gwa3992
1;gwa3991
1;gwa3990
1;gwa399
1;gwa3989
1;gwa3988
1;gwa3987
1;gwa3986
1;gwa3985
1;gwa3984
1;gwa3983
1;gwa3982
1;gwa3981
1;gwa3980
1;gwa398
1;gwa3979
1;gwa3978
1;gwa3977
1;gwa3976
1;gwa3975
1;gwa3974
1;gwa3973
1;gwa3972
1;gwa3971
1;gwa3970
1;gwa397
1;gwa3969
1;gwa3968
1;gwa3967
1;gwa3966
1;gwa3965
1;gwa3964
1;gwa3963
1;gwa3962
1;gwa3961
1;gwa3960
1;gwa396
1;gwa3959
1;gwa3958
1;gwa3957
1;gwa3956
1;gwa3955
1;gwa3954
1;gwa3953
1;gwa3952
1;gwa3951
1;gwa3950
1;gwa395
1;gwa3949
1;gwa3948
1;gwa3947
1;gwa3946
1;gwa3945
1;gwa3944
1;gwa3943
1;gwa3942
1;gwa3941
1;gwa3940
1;gwa394
1;gwa3939
1;gwa3938
1;gwa3937
1;gwa3936
1;gwa3935
1;gwa3934
1;gwa3933
1;gwa3932
1;gwa3931
1;gwa3930
1;gwa393
1;gwa3929
1;gwa3928
1;gwa3927
1;gwa3926
1;gwa3925
1;gwa3924
1;gwa3923
1;gwa3922
1;gwa3921
1;gwa3920
1;gwa392
1;gwa3919
1;gwa3918
1;gwa3917
1;gwa3916
1;gwa3915
1;gwa3914
1;gwa3913
1;gwa3912
1;gwa3911
1;gwa3910
1;gwa391
1;gwa3909
1;gwa3908
1;gwa3907
1;gwa3906
1;gwa3905
1;gwa3904
1;gwa3903
1;gwa3902
1;gwa3901
1;gwa3900
1;gwa390
1;gwa39
1;gwa3899
1;gwa3898
1;gwa3897
1;gwa3896
1;gwa3895
1;gwa3894
1;gwa3893
1;gwa3892
1;gwa3891
1;gwa3890
1;gwa389
1;gwa3889
1;gwa3888
1;gwa3887
1;gwa3886
1;gwa3885
1;gwa3884
1;gwa3883
1;gwa3882
1;gwa3881
1;gwa3880
1;gwa388
1;gwa3879
1;gwa3878
1;gwa3877
1;gwa3876
1;gwa3875
1;gwa3874
1;gwa3873
1;gwa3872
1;gwa3871
1;gwa3870
1;gwa387
1;gwa3869
1;gwa3868
1;gwa3867
1;gwa3866
1;gwa3865
1;gwa3864
1;gwa3863
1;gwa3862
1;gwa3861
1;gwa3860
1;gwa386
1;gwa3859
1;gwa3858
1;gwa3857
1;gwa3856
1;gwa3855
1;gwa3854
1;gwa3853
1;gwa3852
1;gwa3851
1;gwa3850
1;gwa385
1;gwa3849
1;gwa3848
1;gwa3847
1;gwa3846
1;gwa3845
1;gwa3844
1;gwa3843
1;gwa3842
1;gwa3841
1;gwa3840
1;gwa384
1;gwa3839
1;gwa3838
1;gwa3837
1;gwa3836
1;gwa3835
1;gwa3834
1;gwa3833
1;gwa3832
1;gwa3831
1;gwa3830
1;gwa383
1;gwa3829
1;gwa3828
1;gwa3827
1;gwa3826
1;gwa3825
1;gwa3824
1;gwa3823
1;gwa3822
1;gwa3821
1;gwa3820
1;gwa382
1;gwa3819
1;gwa3818
1;gwa3817
1;gwa3816
1;gwa3815
1;gwa3814
1;gwa3813
1;gwa3812
1;gwa3811
1;gwa3810
1;gwa381
1;gwa3809
1;gwa3808
1;gwa3807
1;gwa3806
1;gwa3805
1;gwa3804
1;gwa3803
1;gwa3802
1;gwa3801
1;gwa3800
1;gwa380
1;gwa38
1;gwa3799
1;gwa3798
1;gwa3797
1;gwa3796
1;gwa3795
1;gwa3794
1;gwa3793
1;gwa3792
1;gwa3791
1;gwa3790
1;gwa379
1;gwa3789
1;gwa3788
1;gwa3787
1;gwa3786
1;gwa3785
1;gwa3784
1;gwa3783
1;gwa3782
1;gwa3781
1;gwa3780
1;gwa378
1;gwa3779
1;gwa3778
1;gwa3777
1;gwa3776
1;gwa3775
1;gwa3774
1;gwa3773
1;gwa3772
1;gwa3771
1;gwa3770
1;gwa377
1;gwa3769
1;gwa3768
1;gwa3767
1;gwa3766
1;gwa3765
1;gwa3764
1;gwa3763
1;gwa3762
1;gwa3761
1;gwa3760
1;gwa376
1;gwa3759
1;gwa3758
1;gwa3757
1;gwa3756
1;gwa3755
1;gwa3754
1;gwa3753
1;gwa3752
1;gwa3751
1;gwa3750
1;gwa375
1;gwa3749
1;gwa3748
1;gwa3747
1;gwa3746
1;gwa3745
1;gwa3744
1;gwa3743
1;gwa3742
1;gwa3741
1;gwa3740
1;gwa374
1;gwa3739
1;gwa3738
1;gwa3737
1;gwa3736
1;gwa3735
1;gwa3734
1;gwa3733
1;gwa3732
1;gwa3731
1;gwa3730
1;gwa373
1;gwa3729
1;gwa3728
1;gwa3727
1;gwa3726
1;gwa3725
1;gwa3724
1;gwa3723
1;gwa3722
1;gwa3721
1;gwa3720
1;gwa372
1;gwa3719
1;gwa3718
1;gwa3717
1;gwa3716
1;gwa3715
1;gwa3714
1;gwa3713
1;gwa3712
1;gwa3711
1;gwa3710
1;gwa371
1;gwa3709
1;gwa3708
1;gwa3707
1;gwa3706
1;gwa3705
1;gwa3704
1;gwa3703
1;gwa3702
1;gwa3701
1;gwa3700
1;gwa370
1;gwa37
1;gwa3699
1;gwa3698
1;gwa3697
1;gwa3696
1;gwa3695
1;gwa3694
1;gwa3693
1;gwa3692
1;gwa3691
1;gwa3690
1;gwa369
1;gwa3689
1;gwa3688
1;gwa3687
1;gwa3686
1;gwa3685
1;gwa3684
1;gwa3683
1;gwa3682
1;gwa3681
1;gwa3680
1;gwa368
1;gwa3679
1;gwa3678
1;gwa3677
1;gwa3676
1;gwa3675
1;gwa3674
1;gwa3673
1;gwa3672
1;gwa3671
1;gwa3670
1;gwa367
1;gwa3669
1;gwa3668
1;gwa3667
1;gwa3666
1;gwa3665
1;gwa3664
1;gwa3663
1;gwa3662
1;gwa3661
1;gwa3660
1;gwa366
1;gwa3659
1;gwa3658
1;gwa3657
1;gwa3656
1;gwa3655
1;gwa3654
1;gwa3653
1;gwa3652
1;gwa3651
1;gwa3650
1;gwa365
1;gwa3649
1;gwa3648
1;gwa3647
1;gwa3646
1;gwa3645
1;gwa3644
1;gwa3643
1;gwa3642
1;gwa3641
1;gwa3640
1;gwa364
1;gwa3639
1;gwa3638
1;gwa3637
1;gwa3636
1;gwa3635
1;gwa3634
1;gwa3633
1;gwa3632
1;gwa3631
1;gwa3630
1;gwa363
1;gwa3629
1;gwa3628
1;gwa3627
1;gwa3626
1;gwa3625
1;gwa3624
1;gwa3623
1;gwa3622
1;gwa3621
1;gwa3620
1;gwa362
1;gwa3619
1;gwa3618
1;gwa3617
1;gwa3616
1;gwa3615
1;gwa3614
1;gwa3613
1;gwa3612
1;gwa3611
1;gwa3610
1;gwa361
1;gwa3609
1;gwa3608
1;gwa3607
1;gwa3606
1;gwa3605
1;gwa3604
1;gwa3603
1;gwa3602
1;gwa3601
1;gwa3600
1;gwa360
1;gwa36
1;gwa3599
1;gwa3598
1;gwa3597
1;gwa3596
1;gwa3595
1;gwa3594
1;gwa3593
1;gwa3592
1;gwa3591
1;gwa3590
1;gwa359
1;gwa3589
1;gwa3588
1;gwa3587
1;gwa3586
1;gwa3585
1;gwa3584
1;gwa3583
1;gwa3582
1;gwa3581
1;gwa3580
1;gwa358
1;gwa3579
1;gwa3578
1;gwa3577
1;gwa3576
1;gwa3575
1;gwa3574
1;gwa3573
1;gwa3572
1;gwa3571
1;gwa3570
1;gwa357
1;gwa3569
1;gwa3568
1;gwa3567
1;gwa3566
1;gwa3565
1;gwa3564
1;gwa3563
1;gwa3562
1;gwa3561
1;gwa3560
1;gwa356
1;gwa3559
1;gwa3558
1;gwa3557
1;gwa3556
1;gwa3555
1;gwa3554
1;gwa3553
1;gwa3552
1;gwa3551
1;gwa3550
1;gwa355
1;gwa3549
1;gwa3548
1;gwa3547
1;gwa3546
1;gwa3545
1;gwa3544
1;gwa3543
1;gwa3542
1;gwa3541
1;gwa3540
1;gwa354
1;gwa3539
1;gwa3538
1;gwa3537
1;gwa3536
1;gwa3535
1;gwa3534
1;gwa3533
1;gwa3532
1;gwa3531
1;gwa3530
1;gwa353
1;gwa3529
1;gwa3528
1;gwa3527
1;gwa3526
1;gwa3525
1;gwa3524
1;gwa3523
1;gwa3522
1;gwa3521
1;gwa3520
1;gwa352
1;gwa3519
1;gwa3518
1;gwa3517
1;gwa3516
1;gwa3515
1;gwa3514
1;gwa3513
1;gwa3512
1;gwa3511
1;gwa3510
1;gwa351
1;gwa3509
1;gwa3508
1;gwa3507
1;gwa3506
1;gwa3505
1;gwa3504
1;gwa3503
1;gwa3502
1;gwa3501
1;gwa3500
1;gwa350
1;gwa35
1;gwa3499
1;gwa3498
1;gwa3497
1;gwa3496
1;gwa3495
1;gwa3494
1;gwa3493
1;gwa3492
1;gwa3491
1;gwa3490
1;gwa349
1;gwa3489
1;gwa3488
1;gwa3487
1;gwa3486
1;gwa3485
1;gwa3484
1;gwa3483
1;gwa3482
1;gwa3481
1;gwa3480
1;gwa348
1;gwa3479
1;gwa3478
1;gwa3477
1;gwa3476
1;gwa3475
1;gwa3474
1;gwa3473
1;gwa3472
1;gwa3471
1;gwa3470
1;gwa347
1;gwa3469
1;gwa3468
1;gwa3467
1;gwa3466
1;gwa3465
1;gwa3464
1;gwa3463
1;gwa3462
1;gwa3461
1;gwa3460
1;gwa346
1;gwa3459
1;gwa3458
1;gwa3457
1;gwa3456
1;gwa3455
1;gwa3454
1;gwa3453
1;gwa3452
1;gwa3451
1;gwa3450
1;gwa345
1;gwa3449
1;gwa3448
1;gwa3447
1;gwa3446
1;gwa3445
1;gwa3444
1;gwa3443
1;gwa3442
1;gwa3441
1;gwa3440
1;gwa344
1;gwa3439
1;gwa3438
1;gwa3437
1;gwa3436
1;gwa3435
1;gwa3434
1;gwa3433
1;gwa3432
1;gwa3431
1;gwa3430
1;gwa343
1;gwa3429
1;gwa3428
1;gwa3427
1;gwa3426
1;gwa3425
1;gwa3424
1;gwa3423
1;gwa3422
1;gwa3421
1;gwa3420
1;gwa342
1;gwa3419
1;gwa3418
1;gwa3417
1;gwa3416
1;gwa3415
1;gwa3414
1;gwa3413
1;gwa3412
1;gwa3411
1;gwa3410
1;gwa341
1;gwa3409
1;gwa3408
1;gwa3407
1;gwa3406
1;gwa3405
1;gwa3404
1;gwa3403
1;gwa3402
1;gwa3401
1;gwa3400
1;gwa340
1;gwa34
1;gwa3399
1;gwa3398
1;gwa3397
1;gwa3396
1;gwa3395
1;gwa3394
1;gwa3393
1;gwa3392
1;gwa3391
1;gwa3390
1;gwa339
1;gwa3389
1;gwa3388
1;gwa3387
1;gwa3386
1;gwa3385
1;gwa3384
1;gwa3383
1;gwa3382
1;gwa3381
1;gwa3380
1;gwa338
1;gwa3379
1;gwa3378
1;gwa3377
1;gwa3376
1;gwa3375
1;gwa3374
1;gwa3373
1;gwa3372
1;gwa3371
1;gwa3370
1;gwa337
1;gwa3369
1;gwa3368
1;gwa3367
1;gwa3366
1;gwa3365
1;gwa3364
1;gwa3363
1;gwa3362
1;gwa3361
1;gwa3360
1;gwa336
1;gwa3359
1;gwa3358
1;gwa3357
1;gwa3356
1;gwa3355
1;gwa3354
1;gwa3353
1;gwa3352
1;gwa3351
1;gwa3350
1;gwa335
1;gwa3349
1;gwa3348
1;gwa3347
1;gwa3346
1;gwa3345
1;gwa3344
1;gwa3343
1;gwa3342
1;gwa3341
1;gwa3340
1;gwa334
1;gwa3339
1;gwa3338
1;gwa3337
1;gwa3336
1;gwa3335
1;gwa3334
1;gwa3333
1;gwa3332
1;gwa3331
1;gwa3330
1;gwa333
1;gwa3329
1;gwa3328
1;gwa3327
1;gwa3326
1;gwa3325
1;gwa3324
1;gwa3323
1;gwa3322
1;gwa3321
1;gwa3320
1;gwa332
1;gwa3319
1;gwa3318
1;gwa3317
1;gwa3316
1;gwa3315
1;gwa3314
1;gwa3313
1;gwa3312
1;gwa3311
1;gwa3310
1;gwa331
1;gwa3309
1;gwa3308
1;gwa3307
1;gwa3306
1;gwa3305
1;gwa3304
1;gwa3303
1;gwa3302
1;gwa3301
1;gwa3300
1;gwa330
1;gwa33
1;gwa3299
1;gwa3298
1;gwa3297
1;gwa3296
1;gwa3295
1;gwa3294
1;gwa3293
1;gwa3292
1;gwa3291
1;gwa3290
1;gwa329
1;gwa3289
1;gwa3288
1;gwa3287
1;gwa3286
1;gwa3285
1;gwa3284
1;gwa3283
1;gwa3282
1;gwa3281
1;gwa3280
1;gwa328
1;gwa3279
1;gwa3278
1;gwa3277
1;gwa3276
1;gwa3275
1;gwa3274
1;gwa3273
1;gwa3272
1;gwa3271
1;gwa3270
1;gwa327
1;gwa3269
1;gwa3268
1;gwa3267
1;gwa3266
1;gwa3265
1;gwa3264
1;gwa3263
1;gwa3262
1;gwa3261
1;gwa3260
1;gwa326
1;gwa3259
1;gwa3258
1;gwa3257
1;gwa3256
1;gwa3255
1;gwa3254
1;gwa3253
1;gwa3252
1;gwa3251
1;gwa3250
1;gwa325
1;gwa3249
1;gwa3248
1;gwa3247
1;gwa3246
1;gwa3245
1;gwa3244
1;gwa3243
1;gwa3242
1;gwa3241
1;gwa3240
1;gwa324
1;gwa3239
1;gwa3238
1;gwa3237
1;gwa3236
1;gwa3235
1;gwa3234
1;gwa3233
1;gwa3232
1;gwa3231
1;gwa3230
1;gwa323
1;gwa3229
1;gwa3228
1;gwa3227
1;gwa3226
1;gwa3225
1;gwa3224
1;gwa3223
1;gwa3222
1;gwa3221
1;gwa3220
1;gwa322
1;gwa3219
1;gwa3218
1;gwa3217
1;gwa3216
1;gwa3215
1;gwa3214
1;gwa3213
1;gwa3212
1;gwa3211
1;gwa3210
1;gwa321
1;gwa3209
1;gwa3208
1;gwa3207
1;gwa3206
1;gwa3205
1;gwa3204
1;gwa3203
1;gwa3202
1;gwa3201
1;gwa3200
1;gwa320
1;gwa32
1;gwa3199
1;gwa3198
1;gwa3197
1;gwa3196
1;gwa3195
1;gwa3194
1;gwa3193
1;gwa3192
1;gwa3191
1;gwa3190
1;gwa319
1;gwa3189
1;gwa3188
1;gwa3187
1;gwa3186
1;gwa3185
1;gwa3184
1;gwa3183
1;gwa3182
1;gwa3181
1;gwa3180
1;gwa318
1;gwa3179
1;gwa3178
1;gwa3177
1;gwa3176
1;gwa3175
1;gwa3174
1;gwa3173
1;gwa3172
1;gwa3171
1;gwa3170
1;gwa317
1;gwa3169
1;gwa3168
1;gwa3167
1;gwa3166
1;gwa3165
1;gwa3164
1;gwa3163
1;gwa3162
1;gwa3161
1;gwa3160
1;gwa316
1;gwa3159
1;gwa3158
1;gwa3157
1;gwa3156
1;gwa3155
1;gwa3154
1;gwa3153
1;gwa3152
1;gwa3151
1;gwa3150
1;gwa315
1;gwa3149
1;gwa3148
1;gwa3147
1;gwa3146
1;gwa3145
1;gwa3144
1;gwa3143
1;gwa3142
1;gwa3141
1;gwa3140
1;gwa314
1;gwa3139
1;gwa3138
1;gwa3137
1;gwa3136
1;gwa3135
1;gwa3134
1;gwa3133
1;gwa3132
1;gwa3131
1;gwa3130
1;gwa313
1;gwa3129
1;gwa3128
1;gwa3127
1;gwa3126
1;gwa3125
1;gwa3124
1;gwa3123
1;gwa3122
1;gwa3121
1;gwa3120
1;gwa312
1;gwa3119
1;gwa3118
1;gwa3117
1;gwa3116
1;gwa3115
1;gwa3114
1;gwa3113
1;gwa3112
1;gwa3111
1;gwa3110
1;gwa311
1;gwa3109
1;gwa3108
1;gwa3107
1;gwa3106
1;gwa3105
1;gwa3104
1;gwa3103
1;gwa3102
1;gwa3101
1;gwa31000
1;gwa3100
1;gwa310
1;gwa31
1;gwa2999
1;gwa2998
1;gwa2997
1;gwa2996
1;gwa2995
1;gwa2994
1;gwa2993
1;gwa2992
1;gwa2991
1;gwa2990
1;gwa299
1;gwa2989
1;gwa2988
1;gwa2987
1;gwa2986
1;gwa2985
1;gwa2984
1;gwa2983
1;gwa2982
1;gwa2981
1;gwa2980
1;gwa298
1;gwa2979
1;gwa2978
1;gwa2977
1;gwa2976
1;gwa2975
1;gwa2974
1;gwa2973
1;gwa2972
1;gwa2971
1;gwa2970
1;gwa297
1;gwa2969
1;gwa2968
1;gwa2967
1;gwa2966
1;gwa2965
1;gwa2964
1;gwa2963
1;gwa2962
1;gwa2961
1;gwa2960
1;gwa296
1;gwa2959
1;gwa2958
1;gwa2957
1;gwa2956
1;gwa2955
1;gwa2954
1;gwa2953
1;gwa2952
1;gwa2951
1;gwa2950
1;gwa295
1;gwa2949
1;gwa2948
1;gwa2947
1;gwa2946
1;gwa2945
1;gwa2944
1;gwa2943
1;gwa2942
1;gwa2941
1;gwa2940
1;gwa294
1;gwa2939
1;gwa2938
1;gwa2937
1;gwa2936
1;gwa2935
1;gwa2934
1;gwa2933
1;gwa2932
1;gwa2931
1;gwa2930
1;gwa293
1;gwa2929
1;gwa2928
1;gwa2927
1;gwa2926
1;gwa2925
1;gwa2924
1;gwa2923
1;gwa2922
1;gwa2921
1;gwa2920
1;gwa292
1;gwa2919
1;gwa2918
1;gwa2917
1;gwa2916
1;gwa2915
1;gwa2914
1;gwa2913
1;gwa2912
1;gwa2911
1;gwa2910
1;gwa291
1;gwa2909
1;gwa2908
1;gwa2907
1;gwa2906
1;gwa2905
1;gwa2904
1;gwa2903
1;gwa2902
1;gwa2901
1;gwa2900
1;gwa290
1;gwa29
1;gwa2899
1;gwa2898
1;gwa2897
1;gwa2896
1;gwa2895
1;gwa2894
1;gwa2893
1;gwa2892
1;gwa2891
1;gwa2890
1;gwa289
1;gwa2889
1;gwa2888
1;gwa2887
1;gwa2886
1;gwa2885
1;gwa2884
1;gwa2883
1;gwa2882
1;gwa2881
1;gwa2880
1;gwa288
1;gwa2879
1;gwa2878
1;gwa2877
1;gwa2876
1;gwa2875
1;gwa2874
1;gwa2873
1;gwa2872
1;gwa2871
1;gwa2870
1;gwa287
1;gwa2869
1;gwa2868
1;gwa2867
1;gwa2866
1;gwa2865
1;gwa2864
1;gwa2863
1;gwa2862
1;gwa2861
1;gwa2860
1;gwa286
1;gwa2859
1;gwa2858
1;gwa2857
1;gwa2856
1;gwa2855
1;gwa2854
1;gwa2853
1;gwa2852
1;gwa2851
1;gwa2850
1;gwa285
1;gwa2849
1;gwa2848
1;gwa2847
1;gwa2846
1;gwa2845
1;gwa2844
1;gwa2843
1;gwa2842
1;gwa2841
1;gwa2840
1;gwa284
1;gwa2839
1;gwa2838
1;gwa2837
1;gwa2836
1;gwa2835
1;gwa2834
1;gwa2833
1;gwa2832
1;gwa2831
1;gwa2830
1;gwa283
1;gwa2829
1;gwa2828
1;gwa2827
1;gwa2826
1;gwa2825
1;gwa2824
1;gwa2823
1;gwa2822
1;gwa2821
1;gwa2820
1;gwa282
1;gwa2819
1;gwa2818
1;gwa2817
1;gwa2816
1;gwa2815
1;gwa2814
1;gwa2813
1;gwa2812
1;gwa2811
1;gwa2810
1;gwa281
1;gwa2809
1;gwa2808
1;gwa2807
1;gwa2806
1;gwa2805
1;gwa2804
1;gwa2803
1;gwa2802
1;gwa2801
1;gwa2800
1;gwa280
1;gwa28
1;gwa2799
1;gwa2798
1;gwa2797
1;gwa2796
1;gwa2795
1;gwa2794
1;gwa2793
1;gwa2792
1;gwa2791
1;gwa2790
1;gwa279
1;gwa2789
1;gwa2788
1;gwa2787
1;gwa2786
1;gwa2785
1;gwa2784
1;gwa2783
1;gwa2782
1;gwa2781
1;gwa2780
1;gwa278
1;gwa2779
1;gwa2778
1;gwa2777
1;gwa2776
1;gwa2775
1;gwa2774
1;gwa2773
1;gwa2772
1;gwa2771
1;gwa2770
1;gwa277
1;gwa2769
1;gwa2768
1;gwa2767
1;gwa2766
1;gwa2765
1;gwa2764
1;gwa2763
1;gwa2762
1;gwa2761
1;gwa2760
1;gwa276
1;gwa2759
1;gwa2758
1;gwa2757
1;gwa2756
1;gwa2755
1;gwa2754
1;gwa2753
1;gwa2752
1;gwa2751
1;gwa2750
1;gwa275
1;gwa2749
1;gwa2748
1;gwa2747
1;gwa2746
1;gwa2745
1;gwa2744
1;gwa2743
1;gwa2742
1;gwa2741
1;gwa2740
1;gwa274
1;gwa2739
1;gwa2738
1;gwa2737
1;gwa2736
1;gwa2735
1;gwa2734
1;gwa2733
1;gwa2732
1;gwa2731
1;gwa2730
1;gwa273
1;gwa2729
1;gwa2728
1;gwa2727
1;gwa2726
1;gwa2725
1;gwa2724
1;gwa2723
1;gwa2722
1;gwa2721
1;gwa2720
1;gwa272
1;gwa2719
1;gwa2718
1;gwa2717
1;gwa2716
1;gwa2715
1;gwa2714
1;gwa2713
1;gwa2712
1;gwa2711
1;gwa2710
1;gwa271
1;gwa2709
1;gwa2708
1;gwa2707
1;gwa2706
1;gwa2705
1;gwa2704
1;gwa2703
1;gwa2702
1;gwa2701
1;gwa2700
1;gwa270
1;gwa27
1;gwa2699
1;gwa2698
1;gwa2697
1;gwa2696
1;gwa2695
1;gwa2694
1;gwa2693
1;gwa2692
1;gwa2691
1;gwa2690
1;gwa269
1;gwa2689
1;gwa2688
1;gwa2687
1;gwa2686
1;gwa2685
1;gwa2684
1;gwa2683
1;gwa2682
1;gwa2681
1;gwa2680
1;gwa268
1;gwa2679
1;gwa2678
1;gwa2677
1;gwa2676
1;gwa2675
1;gwa2674
1;gwa2673
1;gwa2672
1;gwa2671
1;gwa2670
1;gwa267
1;gwa2669
1;gwa2668
1;gwa2667
1;gwa2666
1;gwa2665
1;gwa2664
1;gwa2663
1;gwa2662
1;gwa2661
1;gwa2660
1;gwa266
1;gwa2659
1;gwa2658
1;gwa2657
1;gwa2656
1;gwa2655
1;gwa2654
1;gwa2653
1;gwa2652
1;gwa2651
1;gwa2650
1;gwa265
1;gwa2649
1;gwa2648
1;gwa2647
1;gwa2646
1;gwa2645
1;gwa2644
1;gwa2643
1;gwa2642
1;gwa2641
1;gwa2640
1;gwa264
1;gwa2639
1;gwa2638
1;gwa2637
1;gwa2636
1;gwa2635
1;gwa2634
1;gwa2633
1;gwa2632
1;gwa2631
1;gwa2630
1;gwa263
1;gwa2629
1;gwa2628
1;gwa2627
1;gwa2626
1;gwa2625
1;gwa2624
1;gwa2623
1;gwa2622
1;gwa2621
1;gwa2620
1;gwa262
1;gwa2619
1;gwa2618
1;gwa2617
1;gwa2616
1;gwa2615
1;gwa2614
1;gwa2613
1;gwa2612
1;gwa2611
1;gwa2610
1;gwa261
1;gwa2609
1;gwa2608
1;gwa2607
1;gwa2606
1;gwa2605
1;gwa2604
1;gwa2603
1;gwa2602
1;gwa2601
1;gwa2600
1;gwa260
1;gwa26
1;gwa2599
1;gwa2598
1;gwa2597
1;gwa2596
1;gwa2595
1;gwa2594
1;gwa2593
1;gwa2592
1;gwa2591
1;gwa2590
1;gwa259
1;gwa2589
1;gwa2588
1;gwa2587
1;gwa2586
1;gwa2585
1;gwa2584
1;gwa2583
1;gwa2582
1;gwa2581
1;gwa2580
1;gwa258
1;gwa2579
1;gwa2578
1;gwa2577
1;gwa2576
1;gwa2575
1;gwa2574
1;gwa2573
1;gwa2572
1;gwa2571
1;gwa2570
1;gwa257
1;gwa2569
1;gwa2568
1;gwa2567
1;gwa2566
1;gwa2565
1;gwa2564
1;gwa2563
1;gwa2562
1;gwa2561
1;gwa2560
1;gwa256
1;gwa2559
1;gwa2558
1;gwa2557
1;gwa2556
1;gwa2555
1;gwa2554
1;gwa2553
1;gwa2552
1;gwa2551
1;gwa2550
1;gwa255
1;gwa2549
1;gwa2548
1;gwa2547
1;gwa2546
1;gwa2545
1;gwa2544
1;gwa2543
1;gwa2542
1;gwa2541
1;gwa2540
1;gwa254
1;gwa2539
1;gwa2538
1;gwa2537
1;gwa2536
1;gwa2535
1;gwa2534
1;gwa2533
1;gwa2532
1;gwa2531
1;gwa2530
1;gwa253
1;gwa2529
1;gwa2528
1;gwa2527
1;gwa2526
1;gwa2525
1;gwa2524
1;gwa2523
1;gwa2522
1;gwa2521
1;gwa2520
1;gwa252
1;gwa2519
1;gwa2518
1;gwa2517
1;gwa2516
1;gwa2515
1;gwa2514
1;gwa2513
1;gwa2512
1;gwa2511
1;gwa2510
1;gwa251
1;gwa2509
1;gwa2508
1;gwa2507
1;gwa2506
1;gwa2505
1;gwa2504
1;gwa2503
1;gwa2502
1;gwa2501
1;gwa2500
1;gwa250
1;gwa25
1;gwa2499
1;gwa2498
1;gwa2497
1;gwa2496
1;gwa2495
1;gwa2494
1;gwa2493
1;gwa2492
1;gwa2491
1;gwa2490
1;gwa249
1;gwa2489
1;gwa2488
1;gwa2487
1;gwa2486
1;gwa2485
1;gwa2484
1;gwa2483
1;gwa2482
1;gwa2481
1;gwa2480
1;gwa248
1;gwa2479
1;gwa2478
1;gwa2477
1;gwa2476
1;gwa2475
1;gwa2474
1;gwa2473
1;gwa2472
1;gwa2471
1;gwa2470
1;gwa247
1;gwa2469
1;gwa2468
1;gwa2467
1;gwa2466
1;gwa2465
1;gwa2464
1;gwa2463
1;gwa2462
1;gwa2461
1;gwa2460
1;gwa246
1;gwa2459
1;gwa2458
1;gwa2457
1;gwa2456
1;gwa2455
1;gwa2454
1;gwa2453
1;gwa2452
1;gwa2451
1;gwa2450
1;gwa245
1;gwa2449
1;gwa2448
1;gwa2447
1;gwa2446
1;gwa2445
1;gwa2444
1;gwa2443
1;gwa2442
1;gwa2441
1;gwa2440
1;gwa244
1;gwa2439
1;gwa2438
1;gwa2437
1;gwa2436
1;gwa2435
1;gwa2434
1;gwa2433
1;gwa2432
1;gwa2431
1;gwa2430
1;gwa243
1;gwa2429
1;gwa2428
1;gwa2427
1;gwa2426
1;gwa2425
1;gwa2424
1;gwa2423
1;gwa2422
1;gwa2421
1;gwa2420
1;gwa242
1;gwa2419
1;gwa2418
1;gwa2417
1;gwa2416
1;gwa2415
1;gwa2414
1;gwa2413
1;gwa2412
1;gwa2411
1;gwa2410
1;gwa241
1;gwa2409
1;gwa2408
1;gwa2407
1;gwa2406
1;gwa2405
1;gwa2404
1;gwa2403
1;gwa2402
1;gwa2401
1;gwa2400
1;gwa240
1;gwa24
1;gwa2399
1;gwa2398
1;gwa2397
1;gwa2396
1;gwa2395
1;gwa2394
1;gwa2393
1;gwa2392
1;gwa2391
1;gwa2390
1;gwa239
1;gwa2389
1;gwa2388
1;gwa2387
1;gwa2386
1;gwa2385
1;gwa2384
1;gwa2383
1;gwa2382
1;gwa2381
1;gwa2380
1;gwa238
1;gwa2379
1;gwa2378
1;gwa2377
1;gwa2376
1;gwa2375
1;gwa2374
1;gwa2373
1;gwa2372
1;gwa2371
1;gwa2370
1;gwa237
1;gwa2369
1;gwa2368
1;gwa2367
1;gwa2366
1;gwa2365
1;gwa2364
1;gwa2363
1;gwa2362
1;gwa2361
1;gwa2360
1;gwa236
1;gwa2359
1;gwa2358
1;gwa2357
1;gwa2356
1;gwa2355
1;gwa2354
1;gwa2353
1;gwa2352
1;gwa2351
1;gwa2350
1;gwa235
1;gwa2349
1;gwa2348
1;gwa2347
1;gwa2346
1;gwa2345
1;gwa2344
1;gwa2343
1;gwa2342
1;gwa2341
1;gwa2340
1;gwa234
1;gwa2339
1;gwa2338
1;gwa2337
1;gwa2336
1;gwa2335
1;gwa2334
1;gwa2333
1;gwa2332
1;gwa2331
1;gwa2330
1;gwa233
1;gwa2329
1;gwa2328
1;gwa2327
1;gwa2326
1;gwa2325
1;gwa2324
1;gwa2323
1;gwa2322
1;gwa2321
1;gwa2320
1;gwa232
1;gwa2319
1;gwa2318
1;gwa2317
1;gwa2316
1;gwa2315
1;gwa2314
1;gwa2313
1;gwa2312
1;gwa2311
1;gwa2310
1;gwa231
1;gwa2309
1;gwa2308
1;gwa2307
1;gwa2306
1;gwa2305
1;gwa2304
1;gwa2303
1;gwa2302
1;gwa2301
1;gwa2300
1;gwa230
1;gwa23
1;gwa2299
1;gwa2298
1;gwa2297
1;gwa2296
1;gwa2295
1;gwa2294
1;gwa2293
1;gwa2292
1;gwa2291
1;gwa2290
1;gwa229
1;gwa2289
1;gwa2288
1;gwa2287
1;gwa2286
1;gwa2285
1;gwa2284
1;gwa2283
1;gwa2282
1;gwa2281
1;gwa2280
1;gwa228
1;gwa2279
1;gwa2278
1;gwa2277
1;gwa2276
1;gwa2275
1;gwa2274
1;gwa2273
1;gwa2272
1;gwa2271
1;gwa2270
1;gwa227
1;gwa2269
1;gwa2268
1;gwa2267
1;gwa2266
1;gwa2265
1;gwa2264
1;gwa2263
1;gwa2262
1;gwa2261
1;gwa2260
1;gwa226
1;gwa2259
1;gwa2258
1;gwa2257
1;gwa2256
1;gwa2255
1;gwa2254
1;gwa2253
1;gwa2252
1;gwa2251
1;gwa2250
1;gwa225
1;gwa2249
1;gwa2248
1;gwa2247
1;gwa2246
1;gwa2245
1;gwa2244
1;gwa2243
1;gwa2242
1;gwa2241
1;gwa2240
1;gwa224
1;gwa2239
1;gwa2238
1;gwa2237
1;gwa2236
1;gwa2235
1;gwa2234
1;gwa2233
1;gwa2232
1;gwa2231
1;gwa2230
1;gwa223
1;gwa2229
1;gwa2228
1;gwa2227
1;gwa2226
1;gwa2225
1;gwa2224
1;gwa2223
1;gwa2222
1;gwa2221
1;gwa2220
1;gwa222
1;gwa2219
1;gwa2218
1;gwa2217
1;gwa2216
1;gwa2215
1;gwa2214
1;gwa2213
1;gwa2212
1;gwa2211
1;gwa2210
1;gwa221
1;gwa2209
1;gwa2208
1;gwa2207
1;gwa2206
1;gwa2205
1;gwa2204
1;gwa2203
1;gwa2202
1;gwa2201
1;gwa2200
1;gwa220
1;gwa22
1;gwa2199
1;gwa2198
1;gwa2197
1;gwa2196
1;gwa2195
1;gwa2194
1;gwa2193
1;gwa2192
1;gwa2191
1;gwa2190
1;gwa219
1;gwa2189
1;gwa2188
1;gwa2187
1;gwa2186
1;gwa2185
1;gwa2184
1;gwa2183
1;gwa2182
1;gwa2181
1;gwa2180
1;gwa218
1;gwa2179
1;gwa2178
1;gwa2177
1;gwa2176
1;gwa2175
1;gwa2174
1;gwa2173
1;gwa2172
1;gwa2171
1;gwa2170
1;gwa217
1;gwa2169
1;gwa2168
1;gwa2167
1;gwa2166
1;gwa2165
1;gwa2164
1;gwa2163
1;gwa2162
1;gwa2161
1;gwa2160
1;gwa216
1;gwa2159
1;gwa2158
1;gwa2157
1;gwa2156
1;gwa2155
1;gwa2154
1;gwa2153
1;gwa2152
1;gwa2151
1;gwa2150
1;gwa215
1;gwa2149
1;gwa2148
1;gwa2147
1;gwa2146
1;gwa2145
1;gwa2144
1;gwa2143
1;gwa2142
1;gwa2141
1;gwa2140
1;gwa214
1;gwa2139
1;gwa2138
1;gwa2137
1;gwa2136
1;gwa2135
1;gwa2134
1;gwa2133
1;gwa2132
1;gwa2131
1;gwa2130
1;gwa213
1;gwa2129
1;gwa2128
1;gwa2127
1;gwa2126
1;gwa2125
1;gwa2124
1;gwa2123
1;gwa2122
1;gwa2121
1;gwa2120
1;gwa212
1;gwa2119
1;gwa2118
1;gwa2117
1;gwa2116
1;gwa2115
1;gwa2114
1;gwa2113
1;gwa2112
1;gwa2111
1;gwa2110
1;gwa211
1;gwa2109
1;gwa2108
1;gwa2107
1;gwa2106
1;gwa2105
1;gwa2104
1;gwa2103
1;gwa2102
1;gwa2101
1;gwa21000
1;gwa2100
1;gwa210
1;gwa21
1;gwa1000
1;gw-full
1;graphite_hole_otm_800eV
1;graphduplafolha500
1;graph_k15
1;gpu_burn
1;gpu-teste
1;gpu-burn-test
1;gnn_v5
1;gnn_v4_w4
1;gmn999
1;gmn998
1;gmn997
1;gmn996
1;gmn995
1;gmn994
1;gmn993
1;gmn992
1;gmn991
1;gmn990
1;gmn989
1;gmn988
1;gmn987
1;gmn986
1;gmn985
1;gmn984
1;gmn983
1;gmn982
1;gmn981
1;gmn980
1;gmn979
1;gmn978
1;gmn977
1;gmn976
1;gmn975
1;gmn974
1;gmn973
1;gmn972
1;gmn971
1;gmn970
1;gmn969
1;gmn968
1;gmn967
1;gmn966
1;gmn965
1;gmn964
1;gmn963
1;gmn962
1;gmn961
1;gmn960
1;gmn959
1;gmn958
1;gmn957
1;gmn956
1;gmn955
1;gmn954
1;gmn953
1;gmn952
1;gmn951
1;gmn950
1;gmn949
1;gmn948
1;gmn947
1;gmn946
1;gmn945
1;gmn944
1;gmn943
1;gmn942
1;gmn941
1;gmn940
1;gmn939
1;gmn938
1;gmn937
1;gmn936
1;gmn935
1;gmn934
1;gmn933
1;gmn932
1;gmn931
1;gmn930
1;gmn929
1;gmn928
1;gmn927
1;gmn926
1;gmn925
1;gmn924
1;gmn923
1;gmn922
1;gmn921
1;gmn920
1;gmn919
1;gmn918
1;gmn917
1;gmn916
1;gmn915
1;gmn914
1;gmn913
1;gmn912
1;gmn911
1;gmn910
1;gmn909
1;gmn908
1;gmn907
1;gmn906
1;gmn905
1;gmn904
1;gmn903
1;gmn902
1;gmn901
1;gmn900
1;gmn899
1;gmn898
1;gmn897
1;gmn896
1;gmn895
1;gmn894
1;gmn893
1;gmn892
1;gmn891
1;gmn890
1;gmn889
1;gmn888
1;gmn887
1;gmn886
1;gmn885
1;gmn884
1;gmn883
1;gmn882
1;gmn881
1;gmn880
1;gmn879
1;gmn878
1;gmn877
1;gmn876
1;gmn875
1;gmn874
1;gmn873
1;gmn872
1;gmn871
1;gmn870
1;gmn869
1;gmn868
1;gmn867
1;gmn866
1;gmn865
1;gmn864
1;gmn863
1;gmn862
1;gmn861
1;gmn860
1;gmn859
1;gmn858
1;gmn857
1;gmn856
1;gmn855
1;gmn854
1;gmn853
1;gmn852
1;gmn851
1;gmn850
1;gmn849
1;gmn848
1;gmn847
1;gmn846
1;gmn845
1;gmn844
1;gmn843
1;gmn842
1;gmn841
1;gmn840
1;gmn839
1;gmn838
1;gmn837
1;gmn836
1;gmn835
1;gmn834
1;gmn833
1;gmn832
1;gmn831
1;gmn830
1;gmn829
1;gmn828
1;gmn827
1;gmn826
1;gmn825
1;gmn824
1;gmn823
1;gmn822
1;gmn821
1;gmn820
1;gmn819
1;gmn818
1;gmn817
1;gmn816
1;gmn815
1;gmn814
1;gmn813
1;gmn812
1;gmn811
1;gmn810
1;gmn809
1;gmn808
1;gmn807
1;gmn806
1;gmn805
1;gmn804
1;gmn803
1;gmn802
1;gmn801
1;gmn800
1;gmn799
1;gmn798
1;gmn797
1;gmn796
1;gmn795
1;gmn794
1;gmn793
1;gmn792
1;gmn791
1;gmn790
1;gmn789
1;gmn788
1;gmn787
1;gmn786
1;gmn785
1;gmn784
1;gmn783
1;gmn782
1;gmn781
1;gmn780
1;gmn779
1;gmn778
1;gmn777
1;gmn776
1;gmn775
1;gmn774
1;gmn773
1;gmn772
1;gmn771
1;gmn770
1;gmn769
1;gmn768
1;gmn767
1;gmn766
1;gmn765
1;gmn764
1;gmn763
1;gmn762
1;gmn761
1;gmn760
1;gmn759
1;gmn758
1;gmn757
1;gmn756
1;gmn755
1;gmn754
1;gmn753
1;gmn752
1;gmn751
1;gmn750
1;gmn749
1;gmn748
1;gmn747
1;gmn746
1;gmn745
1;gmn744
1;gmn743
1;gmn742
1;gmn741
1;gmn740
1;gmn739
1;gmn738
1;gmn737
1;gmn736
1;gmn735
1;gmn734
1;gmn733
1;gmn732
1;gmn731
1;gmn730
1;gmn729
1;gmn728
1;gmn727
1;gmn726
1;gmn725
1;gmn724
1;gmn723
1;gmn722
1;gmn721
1;gmn720
1;gmn719
1;gmn718
1;gmn717
1;gmn716
1;gmn715
1;gmn714
1;gmn713
1;gmn712
1;gmn711
1;gmn710
1;gmn709
1;gmn708
1;gmn707
1;gmn706
1;gmn705
1;gmn704
1;gmn703
1;gmn702
1;gmn701
1;gmn700
1;gmn699
1;gmn698
1;gmn697
1;gmn696
1;gmn695
1;gmn694
1;gmn693
1;gmn692
1;gmn691
1;gmn690
1;gmn689
1;gmn688
1;gmn687
1;gmn686
1;gmn685
1;gmn684
1;gmn683
1;gmn682
1;gmn681
1;gmn680
1;gmn679
1;gmn678
1;gmn677
1;gmn676
1;gmn675
1;gmn674
1;gmn673
1;gmn672
1;gmn671
1;gmn670
1;gmn669
1;gmn668
1;gmn667
1;gmn666
1;gmn665
1;gmn664
1;gmn3999
1;gmn3998
1;gmn3997
1;gmn3996
1;gmn3995
1;gmn3994
1;gmn3993
1;gmn3992
1;gmn3991
1;gmn3990
1;gmn399
1;gmn3989
1;gmn3988
1;gmn3987
1;gmn3986
1;gmn3985
1;gmn3984
1;gmn3983
1;gmn3982
1;gmn3981
1;gmn3980
1;gmn398
1;gmn3979
1;gmn3978
1;gmn3977
1;gmn3976
1;gmn3975
1;gmn3974
1;gmn3973
1;gmn3972
1;gmn3971
1;gmn3970
1;gmn397
1;gmn3969
1;gmn3968
1;gmn3967
1;gmn3966
1;gmn3965
1;gmn3964
1;gmn3963
1;gmn3962
1;gmn3961
1;gmn3960
1;gmn396
1;gmn3959
1;gmn3958
1;gmn3957
1;gmn3956
1;gmn3955
1;gmn3954
1;gmn3953
1;gmn3952
1;gmn3951
1;gmn3950
1;gmn395
1;gmn3949
1;gmn3948
1;gmn3947
1;gmn3946
1;gmn3945
1;gmn3944
1;gmn3943
1;gmn3942
1;gmn3941
1;gmn3940
1;gmn394
1;gmn3939
1;gmn3938
1;gmn3937
1;gmn3936
1;gmn3935
1;gmn3934
1;gmn3933
1;gmn3932
1;gmn3931
1;gmn3930
1;gmn393
1;gmn3929
1;gmn3928
1;gmn3927
1;gmn3926
1;gmn3925
1;gmn3924
1;gmn3923
1;gmn3922
1;gmn3921
1;gmn3920
1;gmn392
1;gmn3919
1;gmn3918
1;gmn3917
1;gmn3916
1;gmn3915
1;gmn3914
1;gmn3913
1;gmn3912
1;gmn3911
1;gmn3910
1;gmn391
1;gmn3909
1;gmn3908
1;gmn3907
1;gmn3906
1;gmn3905
1;gmn3904
1;gmn3903
1;gmn3902
1;gmn3901
1;gmn3900
1;gmn390
1;gmn39
1;gmn3899
1;gmn3898
1;gmn3897
1;gmn3896
1;gmn3895
1;gmn3894
1;gmn3893
1;gmn3892
1;gmn3891
1;gmn3890
1;gmn389
1;gmn3889
1;gmn3888
1;gmn3887
1;gmn3886
1;gmn3885
1;gmn3884
1;gmn3883
1;gmn3882
1;gmn3881
1;gmn3880
1;gmn388
1;gmn3879
1;gmn3878
1;gmn3877
1;gmn3876
1;gmn3875
1;gmn3874
1;gmn3873
1;gmn3872
1;gmn3871
1;gmn3870
1;gmn387
1;gmn3869
1;gmn3868
1;gmn3867
1;gmn3866
1;gmn3865
1;gmn3864
1;gmn3863
1;gmn3862
1;gmn3861
1;gmn3860
1;gmn386
1;gmn3859
1;gmn3858
1;gmn3857
1;gmn3856
1;gmn3855
1;gmn3854
1;gmn3853
1;gmn3852
1;gmn3851
1;gmn3850
1;gmn385
1;gmn3849
1;gmn3848
1;gmn3847
1;gmn3846
1;gmn3845
1;gmn3844
1;gmn3843
1;gmn3842
1;gmn3841
1;gmn3840
1;gmn384
1;gmn3839
1;gmn3838
1;gmn3837
1;gmn3836
1;gmn3835
1;gmn3834
1;gmn3833
1;gmn3832
1;gmn3831
1;gmn3830
1;gmn383
1;gmn3829
1;gmn3828
1;gmn3827
1;gmn3826
1;gmn3825
1;gmn3824
1;gmn3823
1;gmn3822
1;gmn3821
1;gmn3820
1;gmn382
1;gmn3819
1;gmn3818
1;gmn3817
1;gmn3816
1;gmn3815
1;gmn3814
1;gmn3813
1;gmn3812
1;gmn3811
1;gmn3810
1;gmn381
1;gmn3809
1;gmn3808
1;gmn3807
1;gmn3806
1;gmn3805
1;gmn3804
1;gmn3803
1;gmn3802
1;gmn3801
1;gmn3800
1;gmn380
1;gmn38
1;gmn3799
1;gmn3798
1;gmn3797
1;gmn3796
1;gmn3795
1;gmn3794
1;gmn3793
1;gmn3792
1;gmn3791
1;gmn3790
1;gmn379
1;gmn3789
1;gmn3788
1;gmn3787
1;gmn3786
1;gmn3785
1;gmn3784
1;gmn3783
1;gmn3782
1;gmn3781
1;gmn3780
1;gmn378
1;gmn3779
1;gmn3778
1;gmn3777
1;gmn3776
1;gmn3775
1;gmn3774
1;gmn3773
1;gmn3772
1;gmn3771
1;gmn3770
1;gmn377
1;gmn3769
1;gmn3768
1;gmn3767
1;gmn3766
1;gmn3765
1;gmn3764
1;gmn3763
1;gmn3762
1;gmn3761
1;gmn3760
1;gmn376
1;gmn3759
1;gmn3758
1;gmn3757
1;gmn3756
1;gmn3755
1;gmn3754
1;gmn3753
1;gmn3752
1;gmn3751
1;gmn3750
1;gmn375
1;gmn3749
1;gmn3748
1;gmn3747
1;gmn3746
1;gmn3745
1;gmn3744
1;gmn3743
1;gmn3742
1;gmn3741
1;gmn3740
1;gmn374
1;gmn3739
1;gmn3738
1;gmn3737
1;gmn3736
1;gmn3735
1;gmn3734
1;gmn3733
1;gmn3732
1;gmn3731
1;gmn3730
1;gmn373
1;gmn3729
1;gmn3728
1;gmn3727
1;gmn3726
1;gmn3725
1;gmn3724
1;gmn3723
1;gmn3722
1;gmn3721
1;gmn3720
1;gmn372
1;gmn3719
1;gmn3718
1;gmn3717
1;gmn3716
1;gmn3715
1;gmn3714
1;gmn3713
1;gmn3712
1;gmn3711
1;gmn3710
1;gmn371
1;gmn3709
1;gmn3708
1;gmn3707
1;gmn3706
1;gmn3705
1;gmn3704
1;gmn3703
1;gmn3702
1;gmn3701
1;gmn3700
1;gmn370
1;gmn37
1;gmn3699
1;gmn3698
1;gmn3697
1;gmn3696
1;gmn3695
1;gmn3694
1;gmn3693
1;gmn3692
1;gmn3691
1;gmn3690
1;gmn369
1;gmn3689
1;gmn3688
1;gmn3687
1;gmn3686
1;gmn3685
1;gmn3684
1;gmn3683
1;gmn3682
1;gmn3681
1;gmn3680
1;gmn368
1;gmn3679
1;gmn3678
1;gmn3677
1;gmn3676
1;gmn3675
1;gmn3674
1;gmn3673
1;gmn3672
1;gmn3671
1;gmn3670
1;gmn367
1;gmn3669
1;gmn3668
1;gmn3667
1;gmn3666
1;gmn3665
1;gmn3664
1;gmn3663
1;gmn3662
1;gmn3661
1;gmn3660
1;gmn366
1;gmn3659
1;gmn3658
1;gmn3657
1;gmn3656
1;gmn3655
1;gmn3654
1;gmn3653
1;gmn3652
1;gmn3651
1;gmn3650
1;gmn365
1;gmn3649
1;gmn3648
1;gmn3647
1;gmn3646
1;gmn3645
1;gmn3644
1;gmn3643
1;gmn3642
1;gmn3641
1;gmn3640
1;gmn364
1;gmn3639
1;gmn3638
1;gmn3637
1;gmn3636
1;gmn3635
1;gmn3634
1;gmn3633
1;gmn3632
1;gmn3631
1;gmn3630
1;gmn363
1;gmn3629
1;gmn3628
1;gmn3627
1;gmn3626
1;gmn3625
1;gmn3624
1;gmn3623
1;gmn3622
1;gmn3621
1;gmn3620
1;gmn362
1;gmn3619
1;gmn3618
1;gmn3617
1;gmn3616
1;gmn3615
1;gmn3614
1;gmn3613
1;gmn3612
1;gmn3611
1;gmn3610
1;gmn361
1;gmn3609
1;gmn3608
1;gmn3607
1;gmn3606
1;gmn3605
1;gmn3604
1;gmn3603
1;gmn3602
1;gmn3601
1;gmn3600
1;gmn360
1;gmn36
1;gmn3599
1;gmn3598
1;gmn3597
1;gmn3596
1;gmn3595
1;gmn3594
1;gmn3593
1;gmn3592
1;gmn3591
1;gmn3590
1;gmn359
1;gmn3589
1;gmn3588
1;gmn3587
1;gmn3586
1;gmn3585
1;gmn3584
1;gmn3583
1;gmn3582
1;gmn3581
1;gmn3580
1;gmn358
1;gmn3579
1;gmn3578
1;gmn3577
1;gmn3576
1;gmn3575
1;gmn3574
1;gmn3573
1;gmn3572
1;gmn3571
1;gmn3570
1;gmn357
1;gmn3569
1;gmn3568
1;gmn3567
1;gmn3566
1;gmn3565
1;gmn3564
1;gmn3563
1;gmn3562
1;gmn3561
1;gmn3560
1;gmn356
1;gmn3559
1;gmn3558
1;gmn3557
1;gmn3556
1;gmn3555
1;gmn3554
1;gmn3553
1;gmn3552
1;gmn3551
1;gmn3550
1;gmn355
1;gmn3549
1;gmn3548
1;gmn3547
1;gmn3546
1;gmn3545
1;gmn3544
1;gmn3543
1;gmn3542
1;gmn3541
1;gmn3540
1;gmn354
1;gmn3539
1;gmn3538
1;gmn3537
1;gmn3536
1;gmn3535
1;gmn3534
1;gmn3532
1;gmn3531
1;gmn3530
1;gmn353
1;gmn3529
1;gmn3528
1;gmn3527
1;gmn3526
1;gmn3525
1;gmn3524
1;gmn3523
1;gmn3522
1;gmn3521
1;gmn3520
1;gmn352
1;gmn3519
1;gmn3518
1;gmn3517
1;gmn3516
1;gmn3515
1;gmn3514
1;gmn3513
1;gmn3512
1;gmn3511
1;gmn3510
1;gmn351
1;gmn3509
1;gmn3508
1;gmn3507
1;gmn3506
1;gmn3505
1;gmn3504
1;gmn3503
1;gmn3502
1;gmn3501
1;gmn3500
1;gmn350
1;gmn35
1;gmn3499
1;gmn3498
1;gmn3497
1;gmn3496
1;gmn3495
1;gmn3494
1;gmn3493
1;gmn3492
1;gmn3491
1;gmn3490
1;gmn349
1;gmn3489
1;gmn3488
1;gmn3487
1;gmn3486
1;gmn3485
1;gmn3484
1;gmn3483
1;gmn3482
1;gmn3481
1;gmn3480
1;gmn348
1;gmn3479
1;gmn3478
1;gmn3477
1;gmn3476
1;gmn3475
1;gmn3474
1;gmn3473
1;gmn3472
1;gmn3471
1;gmn3470
1;gmn347
1;gmn3469
1;gmn3468
1;gmn3467
1;gmn3466
1;gmn3465
1;gmn3464
1;gmn3463
1;gmn3462
1;gmn3461
1;gmn3460
1;gmn346
1;gmn3459
1;gmn3458
1;gmn3457
1;gmn3456
1;gmn3455
1;gmn3454
1;gmn3453
1;gmn3452
1;gmn3451
1;gmn3450
1;gmn345
1;gmn3449
1;gmn3448
1;gmn3447
1;gmn3446
1;gmn3445
1;gmn3444
1;gmn3443
1;gmn3442
1;gmn3441
1;gmn3440
1;gmn344
1;gmn3439
1;gmn3438
1;gmn3437
1;gmn3436
1;gmn3435
1;gmn3434
1;gmn3433
1;gmn3432
1;gmn3431
1;gmn3430
1;gmn343
1;gmn3429
1;gmn3428
1;gmn3427
1;gmn3426
1;gmn3425
1;gmn3424
1;gmn3423
1;gmn3422
1;gmn3421
1;gmn3420
1;gmn342
1;gmn3419
1;gmn3418
1;gmn3417
1;gmn3416
1;gmn3415
1;gmn3414
1;gmn3413
1;gmn3412
1;gmn3411
1;gmn3410
1;gmn341
1;gmn3409
1;gmn3408
1;gmn3407
1;gmn3406
1;gmn3405
1;gmn3404
1;gmn3403
1;gmn3402
1;gmn3401
1;gmn3400
1;gmn340
1;gmn34
1;gmn3399
1;gmn3398
1;gmn3397
1;gmn3396
1;gmn3395
1;gmn3394
1;gmn3393
1;gmn3392
1;gmn3391
1;gmn3390
1;gmn339
1;gmn3389
1;gmn3388
1;gmn3387
1;gmn3386
1;gmn3385
1;gmn3384
1;gmn3383
1;gmn3382
1;gmn3381
1;gmn3380
1;gmn338
1;gmn3379
1;gmn3378
1;gmn3377
1;gmn3376
1;gmn3375
1;gmn3374
1;gmn3373
1;gmn3372
1;gmn3371
1;gmn3370
1;gmn337
1;gmn3369
1;gmn3368
1;gmn3367
1;gmn3366
1;gmn3365
1;gmn3364
1;gmn3363
1;gmn3362
1;gmn3361
1;gmn3360
1;gmn336
1;gmn3359
1;gmn3358
1;gmn3357
1;gmn3356
1;gmn3355
1;gmn3354
1;gmn3353
1;gmn3352
1;gmn3351
1;gmn3350
1;gmn335
1;gmn3349
1;gmn3348
1;gmn3347
1;gmn3346
1;gmn3345
1;gmn3344
1;gmn3343
1;gmn3342
1;gmn3341
1;gmn3340
1;gmn334
1;gmn3339
1;gmn3338
1;gmn3337
1;gmn3336
1;gmn3335
1;gmn3334
1;gmn3333
1;gmn3332
1;gmn3331
1;gmn3330
1;gmn333
1;gmn3329
1;gmn3328
1;gmn3327
1;gmn3326
1;gmn3325
1;gmn3324
1;gmn3323
1;gmn3322
1;gmn3321
1;gmn3320
1;gmn332
1;gmn3319
1;gmn3318
1;gmn3317
1;gmn3316
1;gmn3315
1;gmn3314
1;gmn3313
1;gmn3312
1;gmn3311
1;gmn3310
1;gmn331
1;gmn3309
1;gmn3308
1;gmn3307
1;gmn3306
1;gmn3305
1;gmn3304
1;gmn3303
1;gmn3302
1;gmn3301
1;gmn3300
1;gmn330
1;gmn33
1;gmn3299
1;gmn3298
1;gmn3297
1;gmn3296
1;gmn3295
1;gmn3294
1;gmn3293
1;gmn3292
1;gmn3291
1;gmn3290
1;gmn329
1;gmn3289
1;gmn3288
1;gmn3287
1;gmn3286
1;gmn3285
1;gmn3284
1;gmn3283
1;gmn3282
1;gmn3281
1;gmn3280
1;gmn328
1;gmn3279
1;gmn3278
1;gmn3277
1;gmn3276
1;gmn3275
1;gmn3274
1;gmn3273
1;gmn3272
1;gmn3271
1;gmn3270
1;gmn327
1;gmn3269
1;gmn3268
1;gmn3267
1;gmn3266
1;gmn3265
1;gmn3264
1;gmn3263
1;gmn3262
1;gmn3261
1;gmn3260
1;gmn326
1;gmn3259
1;gmn3258
1;gmn3257
1;gmn3256
1;gmn3255
1;gmn3254
1;gmn3253
1;gmn3252
1;gmn3251
1;gmn3250
1;gmn325
1;gmn3249
1;gmn3248
1;gmn3247
1;gmn3246
1;gmn3245
1;gmn3244
1;gmn3243
1;gmn3242
1;gmn3241
1;gmn3240
1;gmn324
1;gmn3239
1;gmn3238
1;gmn3237
1;gmn3236
1;gmn3235
1;gmn3234
1;gmn3233
1;gmn3232
1;gmn3231
1;gmn3230
1;gmn323
1;gmn3229
1;gmn3228
1;gmn3227
1;gmn3226
1;gmn3225
1;gmn3224
1;gmn3223
1;gmn3222
1;gmn3221
1;gmn3220
1;gmn322
1;gmn3219
1;gmn3218
1;gmn3217
1;gmn3216
1;gmn3215
1;gmn3214
1;gmn3213
1;gmn3212
1;gmn3211
1;gmn3210
1;gmn321
1;gmn3209
1;gmn3208
1;gmn3207
1;gmn3206
1;gmn3205
1;gmn3204
1;gmn3203
1;gmn3202
1;gmn3201
1;gmn3200
1;gmn320
1;gmn32
1;gmn3199
1;gmn3198
1;gmn3197
1;gmn3196
1;gmn3195
1;gmn3194
1;gmn3193
1;gmn3192
1;gmn3191
1;gmn3190
1;gmn319
1;gmn3189
1;gmn3188
1;gmn3187
1;gmn3186
1;gmn3185
1;gmn3184
1;gmn3183
1;gmn3182
1;gmn3181
1;gmn3180
1;gmn318
1;gmn3179
1;gmn3178
1;gmn3177
1;gmn3176
1;gmn3175
1;gmn3174
1;gmn3173
1;gmn3172
1;gmn3171
1;gmn3170
1;gmn317
1;gmn3169
1;gmn3168
1;gmn3167
1;gmn3166
1;gmn3165
1;gmn3164
1;gmn3163
1;gmn3162
1;gmn3161
1;gmn3160
1;gmn316
1;gmn3159
1;gmn3158
1;gmn3157
1;gmn3156
1;gmn3155
1;gmn3154
1;gmn3153
1;gmn3152
1;gmn3151
1;gmn3150
1;gmn315
1;gmn3149
1;gmn3148
1;gmn3147
1;gmn3146
1;gmn3145
1;gmn3144
1;gmn3143
1;gmn3142
1;gmn3141
1;gmn3140
1;gmn314
1;gmn3139
1;gmn3138
1;gmn3137
1;gmn3136
1;gmn3135
1;gmn3134
1;gmn3133
1;gmn3132
1;gmn3131
1;gmn3130
1;gmn313
1;gmn3129
1;gmn3128
1;gmn3127
1;gmn3126
1;gmn3125
1;gmn3124
1;gmn3123
1;gmn3122
1;gmn3121
1;gmn3120
1;gmn312
1;gmn3119
1;gmn3118
1;gmn3117
1;gmn3116
1;gmn3115
1;gmn3114
1;gmn3113
1;gmn3112
1;gmn3111
1;gmn3110
1;gmn311
1;gmn3109
1;gmn3108
1;gmn3107
1;gmn3106
1;gmn3105
1;gmn3104
1;gmn3103
1;gmn3102
1;gmn3101
1;gmn31000
1;gmn3100
1;gmn310
1;gmn31
1;gmn27
1;gmn26
1;gmn25
1;gmn24
1;gmn23
1;gmn22
1;gmn21
1;gmn1000
1;gma999
1;gma998
1;gma997
1;gma996
1;gma995
1;gma994
1;gma993
1;gma992
1;gma991
1;gma990
1;gma989
1;gma988
1;gma987
1;gma986
1;gma985
1;gma984
1;gma983
1;gma982
1;gma981
1;gma980
1;gma979
1;gma978
1;gma977
1;gma976
1;gma975
1;gma974
1;gma973
1;gma972
1;gma971
1;gma970
1;gma969
1;gma968
1;gma967
1;gma966
1;gma965
1;gma964
1;gma963
1;gma962
1;gma960
1;gma959
1;gma958
1;gma957
1;gma956
1;gma955
1;gma954
1;gma953
1;gma952
1;gma951
1;gma950
1;gma949
1;gma948
1;gma947
1;gma946
1;gma945
1;gma944
1;gma943
1;gma942
1;gma941
1;gma940
1;gma939
1;gma938
1;gma937
1;gma936
1;gma935
1;gma934
1;gma933
1;gma932
1;gma931
1;gma930
1;gma929
1;gma928
1;gma927
1;gma926
1;gma925
1;gma924
1;gma923
1;gma922
1;gma921
1;gma920
1;gma919
1;gma918
1;gma917
1;gma916
1;gma915
1;gma914
1;gma913
1;gma912
1;gma911
1;gma910
1;gma909
1;gma908
1;gma907
1;gma906
1;gma905
1;gma904
1;gma903
1;gma902
1;gma901
1;gma900
1;gma899
1;gma898
1;gma897
1;gma896
1;gma895
1;gma894
1;gma893
1;gma892
1;gma891
1;gma890
1;gma889
1;gma888
1;gma887
1;gma886
1;gma885
1;gma884
1;gma883
1;gma882
1;gma881
1;gma880
1;gma879
1;gma878
1;gma877
1;gma876
1;gma875
1;gma874
1;gma873
1;gma872
1;gma871
1;gma870
1;gma869
1;gma868
1;gma867
1;gma866
1;gma865
1;gma864
1;gma863
1;gma862
1;gma861
1;gma860
1;gma859
1;gma858
1;gma857
1;gma856
1;gma855
1;gma854
1;gma853
1;gma852
1;gma851
1;gma850
1;gma849
1;gma848
1;gma847
1;gma846
1;gma845
1;gma844
1;gma843
1;gma842
1;gma841
1;gma840
1;gma839
1;gma838
1;gma837
1;gma836
1;gma835
1;gma834
1;gma833
1;gma832
1;gma831
1;gma830
1;gma829
1;gma828
1;gma827
1;gma826
1;gma825
1;gma824
1;gma823
1;gma822
1;gma821
1;gma820
1;gma819
1;gma818
1;gma817
1;gma816
1;gma815
1;gma814
1;gma813
1;gma812
1;gma811
1;gma810
1;gma809
1;gma808
1;gma807
1;gma806
1;gma805
1;gma804
1;gma803
1;gma802
1;gma801
1;gma800
1;gma799
1;gma798
1;gma797
1;gma796
1;gma795
1;gma794
1;gma793
1;gma792
1;gma791
1;gma790
1;gma789
1;gma788
1;gma787
1;gma786
1;gma785
1;gma784
1;gma783
1;gma782
1;gma781
1;gma780
1;gma779
1;gma778
1;gma777
1;gma776
1;gma775
1;gma774
1;gma773
1;gma772
1;gma771
1;gma770
1;gma769
1;gma768
1;gma767
1;gma766
1;gma765
1;gma764
1;gma763
1;gma762
1;gma761
1;gma760
1;gma759
1;gma758
1;gma757
1;gma756
1;gma755
1;gma754
1;gma753
1;gma752
1;gma751
1;gma750
1;gma749
1;gma748
1;gma747
1;gma746
1;gma745
1;gma744
1;gma743
1;gma742
1;gma741
1;gma740
1;gma739
1;gma738
1;gma737
1;gma736
1;gma735
1;gma734
1;gma733
1;gma732
1;gma731
1;gma730
1;gma729
1;gma728
1;gma727
1;gma726
1;gma725
1;gma724
1;gma723
1;gma722
1;gma721
1;gma720
1;gma719
1;gma718
1;gma717
1;gma716
1;gma715
1;gma714
1;gma713
1;gma712
1;gma711
1;gma710
1;gma709
1;gma708
1;gma707
1;gma706
1;gma705
1;gma704
1;gma703
1;gma702
1;gma701
1;gma700
1;gma699
1;gma698
1;gma697
1;gma696
1;gma695
1;gma694
1;gma693
1;gma692
1;gma691
1;gma690
1;gma689
1;gma688
1;gma687
1;gma686
1;gma685
1;gma684
1;gma683
1;gma682
1;gma681
1;gma680
1;gma679
1;gma678
1;gma677
1;gma676
1;gma675
1;gma674
1;gma673
1;gma672
1;gma671
1;gma670
1;gma669
1;gma668
1;gma667
1;gma666
1;gma665
1;gma664
1;gma663
1;gma662
1;gma661
1;gma660
1;gma659
1;gma658
1;gma657
1;gma656
1;gma655
1;gma654
1;gma653
1;gma3999
1;gma3998
1;gma3997
1;gma3996
1;gma3995
1;gma3994
1;gma3993
1;gma3992
1;gma3991
1;gma3990
1;gma399
1;gma3989
1;gma3988
1;gma3987
1;gma3986
1;gma3985
1;gma3984
1;gma3983
1;gma3982
1;gma3981
1;gma3980
1;gma398
1;gma3979
1;gma3978
1;gma3977
1;gma3976
1;gma3975
1;gma3974
1;gma3973
1;gma3972
1;gma3971
1;gma3970
1;gma397
1;gma3969
1;gma3968
1;gma3967
1;gma3966
1;gma3965
1;gma3964
1;gma3963
1;gma3962
1;gma3961
1;gma3960
1;gma396
1;gma3959
1;gma3958
1;gma3957
1;gma3956
1;gma3955
1;gma3954
1;gma3953
1;gma3952
1;gma3951
1;gma3950
1;gma395
1;gma3949
1;gma3948
1;gma3947
1;gma3946
1;gma3945
1;gma3944
1;gma3943
1;gma3942
1;gma3941
1;gma3940
1;gma394
1;gma3939
1;gma3938
1;gma3937
1;gma3936
1;gma3935
1;gma3934
1;gma3933
1;gma3932
1;gma3931
1;gma3930
1;gma393
1;gma3929
1;gma3928
1;gma3927
1;gma3926
1;gma3925
1;gma3924
1;gma3923
1;gma3922
1;gma3921
1;gma3920
1;gma392
1;gma3919
1;gma3918
1;gma3917
1;gma3916
1;gma3915
1;gma3914
1;gma3913
1;gma3912
1;gma3911
1;gma3910
1;gma391
1;gma3909
1;gma3908
1;gma3907
1;gma3906
1;gma3905
1;gma3904
1;gma3903
1;gma3902
1;gma3901
1;gma3900
1;gma390
1;gma39
1;gma3899
1;gma3898
1;gma3897
1;gma3896
1;gma3895
1;gma3894
1;gma3893
1;gma3892
1;gma3891
1;gma3890
1;gma389
1;gma3889
1;gma3888
1;gma3887
1;gma3886
1;gma3885
1;gma3884
1;gma3883
1;gma3882
1;gma3881
1;gma3880
1;gma388
1;gma3879
1;gma3878
1;gma3877
1;gma3876
1;gma3875
1;gma3874
1;gma3873
1;gma3872
1;gma3871
1;gma3870
1;gma387
1;gma3869
1;gma3868
1;gma3867
1;gma3866
1;gma3865
1;gma3864
1;gma3863
1;gma3862
1;gma3861
1;gma3860
1;gma386
1;gma3859
1;gma3858
1;gma3857
1;gma3856
1;gma3855
1;gma3854
1;gma3853
1;gma3852
1;gma3851
1;gma3850
1;gma385
1;gma3849
1;gma3848
1;gma3847
1;gma3846
1;gma3845
1;gma3844
1;gma3843
1;gma3842
1;gma3841
1;gma3840
1;gma384
1;gma3839
1;gma3838
1;gma3837
1;gma3836
1;gma3835
1;gma3834
1;gma3833
1;gma3832
1;gma3831
1;gma3830
1;gma383
1;gma3829
1;gma3828
1;gma3827
1;gma3826
1;gma3825
1;gma3824
1;gma3823
1;gma3822
1;gma3821
1;gma3820
1;gma382
1;gma3819
1;gma3818
1;gma3817
1;gma3816
1;gma3815
1;gma3814
1;gma3813
1;gma3812
1;gma3811
1;gma3810
1;gma381
1;gma3809
1;gma3808
1;gma3807
1;gma3806
1;gma3805
1;gma3804
1;gma3803
1;gma3802
1;gma3801
1;gma3800
1;gma380
1;gma38
1;gma3799
1;gma3798
1;gma3797
1;gma3796
1;gma3795
1;gma3794
1;gma3793
1;gma3792
1;gma3791
1;gma3790
1;gma379
1;gma3789
1;gma3788
1;gma3787
1;gma3786
1;gma3785
1;gma3784
1;gma3783
1;gma3782
1;gma3781
1;gma3780
1;gma378
1;gma3779
1;gma3778
1;gma3777
1;gma3776
1;gma3775
1;gma3774
1;gma3773
1;gma3772
1;gma3771
1;gma3770
1;gma377
1;gma3769
1;gma3768
1;gma3767
1;gma3766
1;gma3765
1;gma3764
1;gma3763
1;gma3762
1;gma3761
1;gma3760
1;gma376
1;gma3759
1;gma3758
1;gma3757
1;gma3756
1;gma3755
1;gma3754
1;gma3753
1;gma3752
1;gma3751
1;gma3750
1;gma375
1;gma3749
1;gma3748
1;gma3747
1;gma3746
1;gma3745
1;gma3744
1;gma3743
1;gma3742
1;gma3741
1;gma3740
1;gma374
1;gma3739
1;gma3738
1;gma3737
1;gma3736
1;gma3735
1;gma3734
1;gma3733
1;gma3732
1;gma3731
1;gma3730
1;gma373
1;gma3729
1;gma3728
1;gma3727
1;gma3726
1;gma3725
1;gma3724
1;gma3723
1;gma3722
1;gma3721
1;gma3720
1;gma372
1;gma3719
1;gma3718
1;gma3717
1;gma3716
1;gma3715
1;gma3714
1;gma3713
1;gma3712
1;gma3711
1;gma3710
1;gma371
1;gma3709
1;gma3708
1;gma3707
1;gma3706
1;gma3705
1;gma3704
1;gma3703
1;gma3702
1;gma3701
1;gma3700
1;gma370
1;gma37
1;gma3699
1;gma3698
1;gma3697
1;gma3696
1;gma3695
1;gma3694
1;gma3693
1;gma3692
1;gma3691
1;gma3690
1;gma369
1;gma3689
1;gma3688
1;gma3687
1;gma3686
1;gma3685
1;gma3684
1;gma3683
1;gma3682
1;gma3681
1;gma3680
1;gma368
1;gma3679
1;gma3678
1;gma3677
1;gma3676
1;gma3675
1;gma3674
1;gma3673
1;gma3672
1;gma3671
1;gma3670
1;gma367
1;gma3669
1;gma3668
1;gma3667
1;gma3666
1;gma3665
1;gma3664
1;gma3663
1;gma3662
1;gma3661
1;gma3660
1;gma366
1;gma3659
1;gma3658
1;gma3657
1;gma3656
1;gma3655
1;gma3654
1;gma3653
1;gma3652
1;gma3651
1;gma3650
1;gma365
1;gma3649
1;gma3648
1;gma3647
1;gma3646
1;gma3645
1;gma3644
1;gma3643
1;gma3642
1;gma3641
1;gma3640
1;gma364
1;gma3639
1;gma3638
1;gma3637
1;gma3636
1;gma3635
1;gma3634
1;gma3633
1;gma3632
1;gma3631
1;gma3630
1;gma363
1;gma3629
1;gma3628
1;gma3627
1;gma3626
1;gma3625
1;gma3624
1;gma3623
1;gma3622
1;gma3621
1;gma3620
1;gma362
1;gma3619
1;gma3618
1;gma3617
1;gma3616
1;gma3615
1;gma3614
1;gma3613
1;gma3612
1;gma3611
1;gma3610
1;gma361
1;gma3609
1;gma3608
1;gma3607
1;gma3606
1;gma3605
1;gma3604
1;gma3603
1;gma3602
1;gma3601
1;gma3600
1;gma360
1;gma36
1;gma3599
1;gma3598
1;gma3597
1;gma3596
1;gma3595
1;gma3594
1;gma3593
1;gma3592
1;gma3591
1;gma3590
1;gma359
1;gma3589
1;gma3588
1;gma3587
1;gma3586
1;gma3585
1;gma3584
1;gma3583
1;gma3582
1;gma3581
1;gma3580
1;gma358
1;gma3579
1;gma3578
1;gma3577
1;gma3576
1;gma3575
1;gma3574
1;gma3573
1;gma3572
1;gma3571
1;gma3570
1;gma357
1;gma3569
1;gma3568
1;gma3567
1;gma3566
1;gma3565
1;gma3564
1;gma3563
1;gma3562
1;gma3561
1;gma3560
1;gma356
1;gma3559
1;gma3558
1;gma3557
1;gma3556
1;gma3555
1;gma3554
1;gma3553
1;gma3552
1;gma3551
1;gma3550
1;gma355
1;gma3549
1;gma3548
1;gma3547
1;gma3546
1;gma3545
1;gma3544
1;gma3543
1;gma3542
1;gma3541
1;gma3540
1;gma354
1;gma3539
1;gma3538
1;gma3537
1;gma3536
1;gma3535
1;gma3534
1;gma3532
1;gma3531
1;gma3530
1;gma353
1;gma3529
1;gma3528
1;gma3527
1;gma3526
1;gma3525
1;gma3524
1;gma3523
1;gma3522
1;gma3521
1;gma3520
1;gma352
1;gma3519
1;gma3518
1;gma3517
1;gma3516
1;gma3515
1;gma3514
1;gma3513
1;gma3512
1;gma3511
1;gma3510
1;gma351
1;gma3509
1;gma3508
1;gma3507
1;gma3506
1;gma3505
1;gma3504
1;gma3503
1;gma3502
1;gma3501
1;gma3500
1;gma350
1;gma35
1;gma3499
1;gma3498
1;gma3497
1;gma3496
1;gma3495
1;gma3494
1;gma3493
1;gma3492
1;gma3491
1;gma3490
1;gma349
1;gma3489
1;gma3488
1;gma3487
1;gma3486
1;gma3485
1;gma3484
1;gma3483
1;gma3482
1;gma3481
1;gma3480
1;gma348
1;gma3479
1;gma3478
1;gma3477
1;gma3476
1;gma3475
1;gma3474
1;gma3473
1;gma3472
1;gma3471
1;gma3470
1;gma347
1;gma3469
1;gma3468
1;gma3467
1;gma3466
1;gma3465
1;gma3464
1;gma3463
1;gma3462
1;gma3461
1;gma3460
1;gma346
1;gma3459
1;gma3458
1;gma3457
1;gma3456
1;gma3455
1;gma3454
1;gma3453
1;gma3452
1;gma3451
1;gma3450
1;gma345
1;gma3449
1;gma3448
1;gma3447
1;gma3446
1;gma3445
1;gma3444
1;gma3443
1;gma3442
1;gma3441
1;gma3440
1;gma344
1;gma3439
1;gma3438
1;gma3437
1;gma3436
1;gma3435
1;gma3434
1;gma3433
1;gma3432
1;gma3431
1;gma3430
1;gma343
1;gma3429
1;gma3428
1;gma3427
1;gma3426
1;gma3425
1;gma3424
1;gma3423
1;gma3422
1;gma3421
1;gma3420
1;gma342
1;gma3419
1;gma3418
1;gma3417
1;gma3416
1;gma3415
1;gma3414
1;gma3413
1;gma3412
1;gma3411
1;gma3410
1;gma341
1;gma3409
1;gma3408
1;gma3407
1;gma3406
1;gma3405
1;gma3404
1;gma3403
1;gma3402
1;gma3401
1;gma3400
1;gma340
1;gma34
1;gma3399
1;gma3398
1;gma3397
1;gma3396
1;gma3395
1;gma3394
1;gma3393
1;gma3392
1;gma3391
1;gma3390
1;gma339
1;gma3389
1;gma3388
1;gma3387
1;gma3386
1;gma3385
1;gma3384
1;gma3383
1;gma3382
1;gma3381
1;gma3380
1;gma338
1;gma3379
1;gma3378
1;gma3377
1;gma3376
1;gma3375
1;gma3374
1;gma3373
1;gma3372
1;gma3371
1;gma3370
1;gma337
1;gma3369
1;gma3368
1;gma3367
1;gma3366
1;gma3365
1;gma3364
1;gma3363
1;gma3362
1;gma3361
1;gma3360
1;gma336
1;gma3359
1;gma3358
1;gma3357
1;gma3356
1;gma3355
1;gma3354
1;gma3353
1;gma3352
1;gma3351
1;gma3350
1;gma335
1;gma3349
1;gma3348
1;gma3347
1;gma3346
1;gma3345
1;gma3344
1;gma3343
1;gma3342
1;gma3341
1;gma3340
1;gma334
1;gma3339
1;gma3338
1;gma3337
1;gma3336
1;gma3335
1;gma3334
1;gma3333
1;gma3332
1;gma3331
1;gma3330
1;gma333
1;gma3329
1;gma3328
1;gma3327
1;gma3326
1;gma3325
1;gma3324
1;gma3323
1;gma3322
1;gma3321
1;gma3320
1;gma332
1;gma3319
1;gma3318
1;gma3317
1;gma3316
1;gma3315
1;gma3314
1;gma3313
1;gma3312
1;gma3311
1;gma3310
1;gma331
1;gma3309
1;gma3308
1;gma3307
1;gma3306
1;gma3305
1;gma3304
1;gma3303
1;gma3302
1;gma3301
1;gma3300
1;gma330
1;gma33
1;gma3299
1;gma3298
1;gma3297
1;gma3296
1;gma3295
1;gma3294
1;gma3293
1;gma3292
1;gma3291
1;gma3290
1;gma329
1;gma3289
1;gma3288
1;gma3287
1;gma3286
1;gma3285
1;gma3284
1;gma3283
1;gma3282
1;gma3281
1;gma3280
1;gma328
1;gma3279
1;gma3278
1;gma3277
1;gma3276
1;gma3275
1;gma3274
1;gma3273
1;gma3272
1;gma3271
1;gma3270
1;gma327
1;gma3269
1;gma3268
1;gma3267
1;gma3266
1;gma3265
1;gma3264
1;gma3263
1;gma3262
1;gma3261
1;gma3260
1;gma326
1;gma3259
1;gma3258
1;gma3257
1;gma3256
1;gma3255
1;gma3254
1;gma3253
1;gma3252
1;gma3251
1;gma3250
1;gma325
1;gma3249
1;gma3248
1;gma3247
1;gma3246
1;gma3245
1;gma3244
1;gma3243
1;gma3242
1;gma3241
1;gma3240
1;gma324
1;gma3239
1;gma3238
1;gma3237
1;gma3236
1;gma3235
1;gma3234
1;gma3233
1;gma3232
1;gma3231
1;gma3230
1;gma323
1;gma3229
1;gma3228
1;gma3227
1;gma3226
1;gma3225
1;gma3224
1;gma3223
1;gma3222
1;gma3221
1;gma3220
1;gma322
1;gma3219
1;gma3218
1;gma3217
1;gma3216
1;gma3215
1;gma3214
1;gma3213
1;gma3212
1;gma3211
1;gma3210
1;gma321
1;gma3209
1;gma3208
1;gma3207
1;gma3206
1;gma3205
1;gma3204
1;gma3203
1;gma3202
1;gma3201
1;gma3200
1;gma320
1;gma32
1;gma3199
1;gma3198
1;gma3197
1;gma3196
1;gma3195
1;gma3194
1;gma3193
1;gma3192
1;gma3191
1;gma3190
1;gma319
1;gma3189
1;gma3188
1;gma3187
1;gma3186
1;gma3185
1;gma3184
1;gma3183
1;gma3182
1;gma3181
1;gma3180
1;gma318
1;gma3179
1;gma3178
1;gma3177
1;gma3176
1;gma3175
1;gma3174
1;gma3173
1;gma3172
1;gma3171
1;gma3170
1;gma317
1;gma3169
1;gma3168
1;gma3167
1;gma3166
1;gma3165
1;gma3164
1;gma3163
1;gma3162
1;gma3161
1;gma3160
1;gma316
1;gma3159
1;gma3158
1;gma3157
1;gma3156
1;gma3155
1;gma3154
1;gma3153
1;gma3152
1;gma3151
1;gma3150
1;gma315
1;gma3149
1;gma3148
1;gma3147
1;gma3146
1;gma3145
1;gma3144
1;gma3143
1;gma3142
1;gma3141
1;gma3140
1;gma314
1;gma3139
1;gma3138
1;gma3137
1;gma3136
1;gma3135
1;gma3134
1;gma3133
1;gma3132
1;gma3131
1;gma3130
1;gma313
1;gma3129
1;gma3128
1;gma3127
1;gma3126
1;gma3125
1;gma3124
1;gma3123
1;gma3122
1;gma3121
1;gma3120
1;gma312
1;gma3119
1;gma3118
1;gma3117
1;gma3116
1;gma3115
1;gma3114
1;gma3113
1;gma3112
1;gma3111
1;gma3110
1;gma311
1;gma3109
1;gma3108
1;gma3107
1;gma3106
1;gma3105
1;gma3104
1;gma3103
1;gma3102
1;gma3101
1;gma31000
1;gma3100
1;gma310
1;gma31
1;gma2999
1;gma2998
1;gma2997
1;gma2996
1;gma2995
1;gma2994
1;gma2993
1;gma2992
1;gma2991
1;gma2990
1;gma299
1;gma2989
1;gma2988
1;gma2987
1;gma2986
1;gma2985
1;gma2984
1;gma2983
1;gma2982
1;gma2981
1;gma2980
1;gma298
1;gma2979
1;gma2978
1;gma2977
1;gma2976
1;gma2975
1;gma2974
1;gma2973
1;gma2972
1;gma2971
1;gma2970
1;gma297
1;gma2969
1;gma2968
1;gma2967
1;gma2966
1;gma2965
1;gma2964
1;gma2963
1;gma2962
1;gma2961
1;gma2960
1;gma296
1;gma2959
1;gma2958
1;gma2957
1;gma2956
1;gma2955
1;gma2954
1;gma2953
1;gma2952
1;gma2951
1;gma2950
1;gma295
1;gma2949
1;gma2948
1;gma2947
1;gma2946
1;gma2945
1;gma2944
1;gma2943
1;gma2942
1;gma2941
1;gma2940
1;gma294
1;gma2939
1;gma2938
1;gma2937
1;gma2936
1;gma2935
1;gma2934
1;gma2933
1;gma2932
1;gma2931
1;gma2930
1;gma293
1;gma2929
1;gma2928
1;gma2927
1;gma2926
1;gma2925
1;gma2924
1;gma2923
1;gma2922
1;gma2921
1;gma2920
1;gma292
1;gma2919
1;gma2918
1;gma2917
1;gma2916
1;gma2915
1;gma2914
1;gma2913
1;gma2912
1;gma2911
1;gma2910
1;gma291
1;gma2909
1;gma2908
1;gma2907
1;gma2906
1;gma2905
1;gma2904
1;gma2903
1;gma2902
1;gma2901
1;gma2900
1;gma290
1;gma29
1;gma2899
1;gma2898
1;gma2897
1;gma2896
1;gma2895
1;gma2894
1;gma2893
1;gma2892
1;gma2891
1;gma2890
1;gma289
1;gma2889
1;gma2888
1;gma2887
1;gma2886
1;gma2885
1;gma2884
1;gma2883
1;gma2882
1;gma2881
1;gma2880
1;gma288
1;gma2879
1;gma2878
1;gma2877
1;gma2876
1;gma2875
1;gma2874
1;gma2873
1;gma2872
1;gma2871
1;gma2870
1;gma287
1;gma2869
1;gma2868
1;gma2867
1;gma2866
1;gma2865
1;gma2864
1;gma2863
1;gma2862
1;gma2861
1;gma2860
1;gma286
1;gma2859
1;gma2858
1;gma2857
1;gma2856
1;gma2855
1;gma2854
1;gma2853
1;gma2852
1;gma2851
1;gma2850
1;gma285
1;gma2849
1;gma2848
1;gma2847
1;gma2846
1;gma2845
1;gma2844
1;gma2843
1;gma2842
1;gma2841
1;gma2840
1;gma284
1;gma2839
1;gma2838
1;gma2837
1;gma2836
1;gma2835
1;gma2834
1;gma2833
1;gma2832
1;gma2831
1;gma2830
1;gma283
1;gma2829
1;gma2828
1;gma2827
1;gma2826
1;gma2825
1;gma2824
1;gma2823
1;gma2822
1;gma2821
1;gma2820
1;gma282
1;gma2819
1;gma2818
1;gma2817
1;gma2816
1;gma2815
1;gma2814
1;gma2813
1;gma2812
1;gma2811
1;gma2810
1;gma281
1;gma2809
1;gma2808
1;gma2807
1;gma2806
1;gma2805
1;gma2804
1;gma2803
1;gma2802
1;gma2801
1;gma2800
1;gma280
1;gma28
1;gma2799
1;gma2798
1;gma2797
1;gma2796
1;gma2795
1;gma2794
1;gma2793
1;gma2792
1;gma2791
1;gma2790
1;gma279
1;gma2789
1;gma2788
1;gma2787
1;gma2786
1;gma2785
1;gma2784
1;gma2783
1;gma2782
1;gma2781
1;gma2780
1;gma278
1;gma2779
1;gma2778
1;gma2777
1;gma2776
1;gma2775
1;gma2774
1;gma2773
1;gma2772
1;gma2771
1;gma2770
1;gma277
1;gma2769
1;gma2768
1;gma2767
1;gma2766
1;gma2765
1;gma2764
1;gma2763
1;gma2762
1;gma2761
1;gma2760
1;gma276
1;gma2759
1;gma2758
1;gma2757
1;gma2756
1;gma2755
1;gma2754
1;gma2753
1;gma2752
1;gma2751
1;gma2750
1;gma275
1;gma2749
1;gma2748
1;gma2747
1;gma2746
1;gma2745
1;gma2744
1;gma2743
1;gma2742
1;gma2741
1;gma2740
1;gma274
1;gma2739
1;gma2738
1;gma2737
1;gma2736
1;gma2735
1;gma2734
1;gma2733
1;gma2732
1;gma2731
1;gma2730
1;gma273
1;gma2729
1;gma2728
1;gma2727
1;gma2726
1;gma2725
1;gma2724
1;gma2723
1;gma2722
1;gma2721
1;gma2720
1;gma272
1;gma2719
1;gma2718
1;gma2717
1;gma2716
1;gma2715
1;gma2714
1;gma2713
1;gma2712
1;gma2711
1;gma2710
1;gma271
1;gma2709
1;gma2708
1;gma2707
1;gma2706
1;gma2705
1;gma2704
1;gma2703
1;gma2702
1;gma2701
1;gma2700
1;gma270
1;gma27
1;gma2699
1;gma2698
1;gma2697
1;gma2696
1;gma2695
1;gma2694
1;gma2693
1;gma2692
1;gma2691
1;gma2690
1;gma269
1;gma2689
1;gma2688
1;gma2687
1;gma2686
1;gma2685
1;gma2684
1;gma2683
1;gma2682
1;gma2681
1;gma2680
1;gma268
1;gma2679
1;gma2678
1;gma2677
1;gma2676
1;gma2675
1;gma2674
1;gma2673
1;gma2672
1;gma2671
1;gma2670
1;gma267
1;gma2669
1;gma2668
1;gma2667
1;gma2666
1;gma2665
1;gma2664
1;gma2663
1;gma2662
1;gma2661
1;gma2660
1;gma266
1;gma2659
1;gma2658
1;gma2657
1;gma2656
1;gma2655
1;gma2654
1;gma2653
1;gma2652
1;gma2651
1;gma2650
1;gma265
1;gma2649
1;gma2648
1;gma2647
1;gma2646
1;gma2645
1;gma2644
1;gma2643
1;gma2642
1;gma2641
1;gma2640
1;gma264
1;gma2639
1;gma2638
1;gma2637
1;gma2636
1;gma2635
1;gma2634
1;gma2633
1;gma2632
1;gma2631
1;gma2630
1;gma263
1;gma2629
1;gma2628
1;gma2627
1;gma2626
1;gma2625
1;gma2624
1;gma2623
1;gma2622
1;gma2621
1;gma2620
1;gma262
1;gma2619
1;gma2618
1;gma2617
1;gma2616
1;gma2615
1;gma2614
1;gma2613
1;gma2612
1;gma2611
1;gma2610
1;gma261
1;gma2609
1;gma2608
1;gma2607
1;gma2606
1;gma2605
1;gma2604
1;gma2603
1;gma2602
1;gma2601
1;gma2600
1;gma260
1;gma26
1;gma2599
1;gma2598
1;gma2597
1;gma2596
1;gma2595
1;gma2594
1;gma2593
1;gma2592
1;gma2591
1;gma2590
1;gma259
1;gma2589
1;gma2588
1;gma2587
1;gma2586
1;gma2585
1;gma2584
1;gma2583
1;gma2582
1;gma2581
1;gma2580
1;gma258
1;gma2579
1;gma2578
1;gma2577
1;gma2576
1;gma2575
1;gma2574
1;gma2573
1;gma2572
1;gma2571
1;gma2570
1;gma257
1;gma2569
1;gma2568
1;gma2567
1;gma2566
1;gma2565
1;gma2564
1;gma2563
1;gma2562
1;gma2561
1;gma2560
1;gma256
1;gma2559
1;gma2558
1;gma2557
1;gma2556
1;gma2555
1;gma2554
1;gma2553
1;gma2552
1;gma2551
1;gma2550
1;gma255
1;gma2549
1;gma2548
1;gma2547
1;gma2546
1;gma2545
1;gma2544
1;gma2543
1;gma2542
1;gma2541
1;gma2540
1;gma254
1;gma2539
1;gma2538
1;gma2537
1;gma2536
1;gma2535
1;gma2534
1;gma2533
1;gma2532
1;gma2531
1;gma2530
1;gma253
1;gma2529
1;gma2528
1;gma2527
1;gma2526
1;gma2525
1;gma2524
1;gma2523
1;gma2522
1;gma2521
1;gma2520
1;gma252
1;gma2519
1;gma2518
1;gma2517
1;gma2516
1;gma2515
1;gma2514
1;gma2513
1;gma2512
1;gma2511
1;gma2510
1;gma251
1;gma2509
1;gma2508
1;gma2507
1;gma2506
1;gma2505
1;gma2504
1;gma2503
1;gma2502
1;gma2501
1;gma2500
1;gma250
1;gma25
1;gma2499
1;gma2498
1;gma2497
1;gma2496
1;gma2495
1;gma2494
1;gma2493
1;gma2492
1;gma2491
1;gma2490
1;gma249
1;gma2489
1;gma2488
1;gma2487
1;gma2486
1;gma2485
1;gma2484
1;gma2483
1;gma2482
1;gma2481
1;gma2480
1;gma248
1;gma2479
1;gma2478
1;gma2477
1;gma2476
1;gma2475
1;gma2474
1;gma2473
1;gma2472
1;gma2471
1;gma2470
1;gma247
1;gma2469
1;gma2468
1;gma2467
1;gma2466
1;gma2465
1;gma2464
1;gma2463
1;gma2462
1;gma2461
1;gma2460
1;gma246
1;gma2459
1;gma2458
1;gma2457
1;gma2456
1;gma2455
1;gma2454
1;gma2453
1;gma2452
1;gma2451
1;gma2450
1;gma245
1;gma2449
1;gma2448
1;gma2447
1;gma2446
1;gma2445
1;gma2444
1;gma2443
1;gma2442
1;gma2441
1;gma2440
1;gma244
1;gma2439
1;gma2438
1;gma2437
1;gma2436
1;gma2435
1;gma2434
1;gma2433
1;gma2432
1;gma2431
1;gma2430
1;gma243
1;gma2429
1;gma2428
1;gma2427
1;gma2426
1;gma2425
1;gma2424
1;gma2423
1;gma2422
1;gma2421
1;gma2420
1;gma242
1;gma2419
1;gma2418
1;gma2417
1;gma2416
1;gma2415
1;gma2414
1;gma2413
1;gma2412
1;gma2411
1;gma2410
1;gma241
1;gma2409
1;gma2408
1;gma2407
1;gma2406
1;gma2405
1;gma2404
1;gma2403
1;gma2402
1;gma2401
1;gma2400
1;gma240
1;gma24
1;gma2399
1;gma2398
1;gma2397
1;gma2396
1;gma2395
1;gma2394
1;gma2393
1;gma2392
1;gma2391
1;gma2390
1;gma239
1;gma2389
1;gma2388
1;gma2387
1;gma2386
1;gma2385
1;gma2384
1;gma2383
1;gma2382
1;gma2381
1;gma2380
1;gma238
1;gma2379
1;gma2378
1;gma2377
1;gma2376
1;gma2375
1;gma2374
1;gma2373
1;gma2372
1;gma2371
1;gma2370
1;gma237
1;gma2369
1;gma2368
1;gma2367
1;gma2366
1;gma2365
1;gma2364
1;gma2363
1;gma2362
1;gma2361
1;gma2360
1;gma236
1;gma2359
1;gma2358
1;gma2357
1;gma2356
1;gma2355
1;gma2354
1;gma2353
1;gma2352
1;gma2351
1;gma2350
1;gma235
1;gma2349
1;gma2348
1;gma2347
1;gma2346
1;gma2345
1;gma2344
1;gma2343
1;gma2342
1;gma2341
1;gma2340
1;gma234
1;gma2339
1;gma2338
1;gma2337
1;gma2336
1;gma2335
1;gma2334
1;gma2333
1;gma2332
1;gma2331
1;gma2330
1;gma233
1;gma2329
1;gma2328
1;gma2327
1;gma2326
1;gma2325
1;gma2324
1;gma2323
1;gma2322
1;gma2321
1;gma2320
1;gma232
1;gma2319
1;gma2318
1;gma2317
1;gma2316
1;gma2315
1;gma2314
1;gma2313
1;gma2312
1;gma2311
1;gma2310
1;gma231
1;gma2309
1;gma2308
1;gma2307
1;gma2306
1;gma2305
1;gma2304
1;gma2303
1;gma2302
1;gma2301
1;gma2300
1;gma230
1;gma23
1;gma2299
1;gma2298
1;gma2297
1;gma2296
1;gma2295
1;gma2294
1;gma2293
1;gma2292
1;gma2291
1;gma2290
1;gma229
1;gma2289
1;gma2288
1;gma2287
1;gma2286
1;gma2285
1;gma2284
1;gma2283
1;gma2282
1;gma2281
1;gma2280
1;gma228
1;gma2279
1;gma2278
1;gma2277
1;gma2276
1;gma2275
1;gma2274
1;gma2273
1;gma2272
1;gma2271
1;gma2270
1;gma227
1;gma2269
1;gma2268
1;gma2267
1;gma2266
1;gma2265
1;gma2264
1;gma2263
1;gma2262
1;gma2261
1;gma2260
1;gma226
1;gma2259
1;gma2258
1;gma2257
1;gma2256
1;gma2255
1;gma2254
1;gma2253
1;gma2252
1;gma2251
1;gma2250
1;gma225
1;gma2249
1;gma2248
1;gma2247
1;gma2246
1;gma2245
1;gma2244
1;gma2243
1;gma2242
1;gma2241
1;gma2240
1;gma224
1;gma2239
1;gma2238
1;gma2237
1;gma2236
1;gma2235
1;gma2234
1;gma2233
1;gma2232
1;gma2231
1;gma2230
1;gma223
1;gma2229
1;gma2228
1;gma2227
1;gma2226
1;gma2225
1;gma2224
1;gma2223
1;gma2222
1;gma2221
1;gma2220
1;gma222
1;gma2219
1;gma2218
1;gma2217
1;gma2216
1;gma2215
1;gma2214
1;gma2213
1;gma2212
1;gma2211
1;gma2210
1;gma221
1;gma2209
1;gma2208
1;gma2207
1;gma2206
1;gma2205
1;gma2204
1;gma2203
1;gma2202
1;gma2201
1;gma2200
1;gma220
1;gma22
1;gma2199
1;gma2198
1;gma2197
1;gma2196
1;gma2195
1;gma2194
1;gma2193
1;gma2192
1;gma2191
1;gma2190
1;gma219
1;gma2189
1;gma2188
1;gma2187
1;gma2186
1;gma2185
1;gma2184
1;gma2183
1;gma2182
1;gma2181
1;gma2180
1;gma218
1;gma2179
1;gma2178
1;gma2177
1;gma2176
1;gma2175
1;gma2174
1;gma2173
1;gma2172
1;gma2171
1;gma2170
1;gma217
1;gma2169
1;gma2168
1;gma2167
1;gma2166
1;gma2165
1;gma2164
1;gma2163
1;gma2162
1;gma2161
1;gma2160
1;gma216
1;gma2159
1;gma2158
1;gma2157
1;gma2156
1;gma2155
1;gma2154
1;gma2153
1;gma2152
1;gma2151
1;gma2150
1;gma215
1;gma2149
1;gma2148
1;gma2147
1;gma2146
1;gma2145
1;gma2144
1;gma2143
1;gma2142
1;gma2141
1;gma2140
1;gma214
1;gma2139
1;gma2138
1;gma2137
1;gma2136
1;gma2135
1;gma2134
1;gma2133
1;gma2132
1;gma2131
1;gma2130
1;gma213
1;gma2129
1;gma2128
1;gma2127
1;gma2126
1;gma2125
1;gma2124
1;gma2123
1;gma2122
1;gma2121
1;gma2120
1;gma212
1;gma2119
1;gma2118
1;gma2117
1;gma2116
1;gma2115
1;gma2114
1;gma2113
1;gma2112
1;gma2111
1;gma2110
1;gma211
1;gma2109
1;gma2108
1;gma2107
1;gma2106
1;gma2105
1;gma2104
1;gma2103
1;gma2102
1;gma2101
1;gma21000
1;gma2100
1;gma210
1;gma21
1;gma1000
1;gm_tup72
1;gm_tup60
1;gm_tup36
1;gm_tup24
1;gm_tu144
1;gm_buz84
1;gm_buz72
1;gm_buz36
1;gm_buz24
1;gh43_r3_50_100
1;gh43_r1_160_180
1;gh200
1;gh128_u_23
1;gh128_u_22
1;germatwoposcarnpt
1;germateste
1;germaplanar
1;gem_tupi
1;gdb
1;g43_r1_100_150
1;full_imerg_v7_run
1;fu10B2
1;fu10B1
1;fu09B2
1;fu09B1
1;fu08B2
1;fu08B1
1;fu07B2
1;fu07B1
1;fu06B2
1;fu06B1
1;fu05B2
1;fu05B1
1;fu04B2
1;fu04B1
1;fu03B2
1;fu03B1
1;fu02B2
1;fu02B1
1;fu01B2
1;fu01B1
1;ftr75-1000
1;ft.D.512_intel1api.23.2.x
1;ft.C.32_ompi4_gcc
1;ft.C.32_ompi4_amd
1;ft.C.128_intel1api.25.3
1;ft.B
1;ft.A
1;fs_parihaka_swinunetr
1;frocml2f
1;frocml2e
1;frocml2d
1;frocml2c
1;frocml2b
1;frocml2a
1;frmDIRECT
1;friamediaNP9
1;fria10
1;freq_N8
1;fp011
1;forced_mol
1;fono_Pt_8_9
1;fono_Pt_1_2
1;fono_Nbok34
1;fono_Nb_6_7
1;fono_Nb_3_4
1;fono_NbOK89
1;fonoNb89
1;fon-Form
1;folha2A
1;fmxene-ti3c2o2-192
1;flaviP1
1;fix_break
1;fio_xc
1;fio_bse
1;fine1
1;filtrar_pdb
1;fep_calc
1;false
1;f_inf_wo1
1;f_inf_wo0
1;f_inf_1
1;f_inf_0
1;f_20_0
1;f_10_0
1;f3p011
1;f-ppt
1;f-pent
1;f-oct
1;f-hex
1;f-hep
1;exp2_time
1;exemplo_1_serial
1;exec_ifort_oneapi.23.2
1;exec_amd.outro
1;exec_amd
1;exact_Mn
1;ex2Ta2NiSe5
1;eval_v4w4
1;eval_v4w3
1;eval_v3
1;eval_UNet-06min-06img-Lightning-QC
1;eval_UNet-06min-03img-Lightning-QC
1;eval_Lagrangian-06min-03img-Lightning-QC
1;eval_FTUNet-12min-03img-Lightning-QC-dBZ
1;eval_FTConvLSTM-12min-03img-Lightning-Raw
1;eval_FTConvLSTM-12min-03img-Lightning-QC
1;eval_FTConvLSTM-06min-06img-Lightning-QC
1;eval_Eulerian-12min-03img-Lightning-QC
1;eval_Eulerian-06min-03img-Lightning-QC
1;etuph_3g
1;etuph_2g
1;etuph_1g
1;etupgh4
1;etste-GW
1;etohB
1;etil-3
1;etil-2
1;eththr6
1;eththr5
1;etghthr6
1;etghthr5
1;eta-4
1;eta-2
1;eta-1
1;equilibration_00.in
1;eq2b
1;eq1b
1;epsilon_co9
1;eps925
1;eps920
1;eps915
1;eps1520
1;eps1515
1;eps1220
1;eps1215
1;ep.C.x.amd
1;ep.B
1;ep.A
1;enrool
1;energy-Omicron
1;ems
1;elpa
1;eli_gh_3
1;elhthr6
1;elhthr5
1;elhthr4
1;elhthr3
1;elhthr2
1;elghthr6
1;elghthr5
1;elastic_openmp_so8_sz500_th2_tuneoff_mpibasic_g4_rep5_%j
1;elastic_openmp_so8_sz500_th2_tuneoff_mpibasic_g4_rep4_%j
1;elastic_openmp_so8_sz500_th2_tuneoff_mpibasic_g4_rep3_%j
1;elastic_openmp_so8_sz500_th2_tuneoff_mpibasic_g4_rep2_%j
1;elastic_openmp_so8_sz500_th2_tuneoff_mpibasic_g4_rep1_%j
1;elastic_openmp_so8_sz500_th2_tuneoff_mpibasic_g2_rep5_%j
1;elastic_openmp_so8_sz500_th2_tuneoff_mpibasic_g2_rep4_%j
1;elastic_openmp_so8_sz500_th2_tuneoff_mpibasic_g2_rep3_%j
1;elastic_openmp_so8_sz500_th2_tuneoff_mpibasic_g2_rep2_%j
1;elastic_openmp_so8_sz500_th2_tuneoff_mpibasic_g2_rep1_%j
1;elastic_openmp_so6_sz500_th2_tuneoff_mpibasic_g4_rep5_%j
1;elastic_openmp_so6_sz500_th2_tuneoff_mpibasic_g4_rep4_%j
1;elastic_openmp_so6_sz500_th2_tuneoff_mpibasic_g4_rep3_%j
1;elastic_openmp_so6_sz500_th2_tuneoff_mpibasic_g4_rep2_%j
1;elastic_openmp_so6_sz500_th2_tuneoff_mpibasic_g4_rep1_%j
1;elastic_openmp_so6_sz500_th2_tuneoff_mpibasic_g2_rep5_%j
1;elastic_openmp_so6_sz500_th2_tuneoff_mpibasic_g2_rep4_%j
1;elastic_openmp_so6_sz500_th2_tuneoff_mpibasic_g2_rep3_%j
1;elastic_openmp_so6_sz500_th2_tuneoff_mpibasic_g2_rep2_%j
1;elastic_openmp_so6_sz500_th2_tuneoff_mpibasic_g2_rep1_%j
1;elastic_openmp_so4_sz500_th2_tuneoff_mpibasic_g4_rep5_%j
1;elastic_openmp_so4_sz500_th2_tuneoff_mpibasic_g4_rep4_%j
1;elastic_openmp_so4_sz500_th2_tuneoff_mpibasic_g4_rep3_%j
1;elastic_openmp_so4_sz500_th2_tuneoff_mpibasic_g4_rep2_%j
1;elastic_openmp_so4_sz500_th2_tuneoff_mpibasic_g4_rep1_%j
1;elastic_openmp_so4_sz500_th2_tuneoff_mpibasic_g2_rep5_%j
1;elastic_openmp_so4_sz500_th2_tuneoff_mpibasic_g2_rep4_%j
1;elastic_openmp_so4_sz500_th2_tuneoff_mpibasic_g2_rep3_%j
1;elastic_openmp_so4_sz500_th2_tuneoff_mpibasic_g2_rep2_%j
1;elastic_openmp_so4_sz500_th2_tuneoff_mpibasic_g2_rep1_%j
1;elastic_openmp_so2_sz500_th2_tuneoff_mpibasic_g4_rep5_%j
1;elastic_openmp_so2_sz500_th2_tuneoff_mpibasic_g4_rep4_%j
1;elastic_openmp_so2_sz500_th2_tuneoff_mpibasic_g4_rep3_%j
1;elastic_openmp_so2_sz500_th2_tuneoff_mpibasic_g4_rep2_%j
1;elastic_openmp_so2_sz500_th2_tuneoff_mpibasic_g4_rep1_%j
1;elastic_openmp_so2_sz500_th2_tuneoff_mpibasic_g2_rep5_%j
1;elastic_openmp_so2_sz500_th2_tuneoff_mpibasic_g2_rep4_%j
1;elastic_openmp_so2_sz500_th2_tuneoff_mpibasic_g2_rep3_%j
1;elastic_openmp_so2_sz500_th2_tuneoff_mpibasic_g2_rep2_%j
1;elastic_openmp_so2_sz500_th2_tuneoff_mpibasic_g2_rep1_%j
1;elastic_openmp_so16_sz500_th2_tuneoff_mpibasic_g4_rep5_%j
1;elastic_openmp_so16_sz500_th2_tuneoff_mpibasic_g4_rep4_%j
1;elastic_openmp_so16_sz500_th2_tuneoff_mpibasic_g4_rep3_%j
1;elastic_openmp_so16_sz500_th2_tuneoff_mpibasic_g4_rep2_%j
1;elastic_openmp_so16_sz500_th2_tuneoff_mpibasic_g4_rep1_%j
1;elastic_openmp_so16_sz500_th2_tuneoff_mpibasic_g2_rep5_%j
1;elastic_openmp_so16_sz500_th2_tuneoff_mpibasic_g2_rep4_%j
1;elastic_openmp_so16_sz500_th2_tuneoff_mpibasic_g2_rep3_%j
1;elastic_openmp_so16_sz500_th2_tuneoff_mpibasic_g2_rep2_%j
1;elastic_openmp_so16_sz500_th2_tuneoff_mpibasic_g2_rep1_%j
1;elastic_openmp_so14_sz500_th2_tuneoff_mpibasic_g4_rep5_%j
1;elastic_openmp_so14_sz500_th2_tuneoff_mpibasic_g4_rep4_%j
1;elastic_openmp_so14_sz500_th2_tuneoff_mpibasic_g4_rep3_%j
1;elastic_openmp_so14_sz500_th2_tuneoff_mpibasic_g4_rep2_%j
1;elastic_openmp_so14_sz500_th2_tuneoff_mpibasic_g4_rep1_%j
1;elastic_openmp_so14_sz500_th2_tuneoff_mpibasic_g2_rep5_%j
1;elastic_openmp_so14_sz500_th2_tuneoff_mpibasic_g2_rep4_%j
1;elastic_openmp_so14_sz500_th2_tuneoff_mpibasic_g2_rep3_%j
1;elastic_openmp_so14_sz500_th2_tuneoff_mpibasic_g2_rep2_%j
1;elastic_openmp_so14_sz500_th2_tuneoff_mpibasic_g2_rep1_%j
1;elastic_openmp_so12_sz500_th2_tuneoff_mpibasic_g4_rep5_%j
1;elastic_openmp_so12_sz500_th2_tuneoff_mpibasic_g4_rep4_%j
1;elastic_openmp_so12_sz500_th2_tuneoff_mpibasic_g4_rep3_%j
1;elastic_openmp_so12_sz500_th2_tuneoff_mpibasic_g4_rep2_%j
1;elastic_openmp_so12_sz500_th2_tuneoff_mpibasic_g4_rep1_%j
1;elastic_openmp_so12_sz500_th2_tuneoff_mpibasic_g2_rep5_%j
1;elastic_openmp_so12_sz500_th2_tuneoff_mpibasic_g2_rep4_%j
1;elastic_openmp_so12_sz500_th2_tuneoff_mpibasic_g2_rep3_%j
1;elastic_openmp_so12_sz500_th2_tuneoff_mpibasic_g2_rep2_%j
1;elastic_openmp_so12_sz500_th2_tuneoff_mpibasic_g2_rep1_%j
1;elastic_openmp_so10_sz500_th2_tuneoff_mpibasic_g4_rep5_%j
1;elastic_openmp_so10_sz500_th2_tuneoff_mpibasic_g4_rep4_%j
1;elastic_openmp_so10_sz500_th2_tuneoff_mpibasic_g4_rep3_%j
1;elastic_openmp_so10_sz500_th2_tuneoff_mpibasic_g4_rep2_%j
1;elastic_openmp_so10_sz500_th2_tuneoff_mpibasic_g4_rep1_%j
1;elastic_openmp_so10_sz500_th2_tuneoff_mpibasic_g2_rep5_%j
1;elastic_openmp_so10_sz500_th2_tuneoff_mpibasic_g2_rep4_%j
1;elastic_openmp_so10_sz500_th2_tuneoff_mpibasic_g2_rep3_%j
1;elastic_openmp_so10_sz500_th2_tuneoff_mpibasic_g2_rep2_%j
1;elastic_openmp_so10_sz500_th2_tuneoff_mpibasic_g2_rep1_%j
1;egh1wt71
1;ef_MultiStruct
1;ef-0.05Gr_CIPS_SiO2n
1;ef-0.01Gr_CIPS_SiO2n
1;ef+0.03Gr_CIPS_SiO2n
1;ef+0.01Gr_CIPS_SiO2n
1;echo
1;echo
1;echo
1;echelon.sh
1;ech_tupi_amd
1;ebugh2B
1;ebugh1B
1;ebug3w71
1;ebmithr6
1;ebmithr5
1;ebhthr6
1;ebhthr5
1;ebgh4cpg
1;ebgh3cpg
1;eUNet-06min-06img-Lightning-QC
1;eUNet-06min-03img-Lightning-QC
1;eConvLSTM-12min-03img-Lightning-QC-dBZ
1;eConvLSTM-12min-03img-Lightning-QC-ET35
1;eConvLSTM-12min-03img-Lightning-QC
1;e8polaron_Fe2O3
1;e6polaron_Fe2O3
1;e4polaron_Fe2O3
1;e3polaron_Fe2O3
1;e375
1;e350
1;e325
1;e2polaron_Fe2O3
1;e2co.index96.try3
1;e2co.index96.try2
1;e2co.index96.try1
1;e2co.index96.try0
1;e2co.index95.try3
1;e2co.index95.try2
1;e2co.index95.try1
1;e2co.index95.try0
1;e2co.index94.try3
1;e2co.index94.try2
1;e2co.index94.try1
1;e2co.index94.try0
1;e2co.index93.try3
1;e2co.index93.try2
1;e2co.index93.try1
1;e2co.index93.try0
1;e2co.index92.try3
1;e2co.index92.try2
1;e2co.index92.try1
1;e2co.index92.try0
1;e2co.index91.try3
1;e2co.index91.try2
1;e2co.index91.try1
1;e2co.index91.try0
1;e2co.index90.try3
1;e2co.index90.try2
1;e2co.index90.try1
1;e2co.index90.try0
1;e2co.index89.try3
1;e2co.index89.try2
1;e2co.index89.try1
1;e2co.index89.try0
1;e2co.index88.try3
1;e2co.index88.try2
1;e2co.index88.try1
1;e2co.index88.try0
1;e2co.index87.try3
1;e2co.index87.try2
1;e2co.index87.try1
1;e2co.index87.try0
1;e2co.index86.try3
1;e2co.index86.try2
1;e2co.index86.try1
1;e2co.index86.try0
1;e2co.index85.try3
1;e2co.index85.try2
1;e2co.index85.try1
1;e2co.index85.try0
1;e2co.index84.try3
1;e2co.index84.try2
1;e2co.index84.try1
1;e2co.index84.try0
1;e2co.index83.try3
1;e2co.index83.try2
1;e2co.index83.try1
1;e2co.index83.try0
1;e2co.index82.try3
1;e2co.index82.try2
1;e2co.index82.try1
1;e2co.index82.try0
1;e2co.index81.try3
1;e2co.index81.try2
1;e2co.index81.try1
1;e2co.index81.try0
1;e2co.index80.try3
1;e2co.index80.try2
1;e2co.index80.try1
1;e2co.index80.try0
1;e2co.index79.try3
1;e2co.index79.try2
1;e2co.index79.try1
1;e2co.index79.try0
1;e2co.index78.try3
1;e2co.index78.try2
1;e2co.index78.try1
1;e2co.index78.try0
1;e2co.index77.try3
1;e2co.index77.try2
1;e2co.index77.try1
1;e2co.index77.try0
1;e2co.index76.try3
1;e2co.index76.try2
1;e2co.index76.try1
1;e2co.index76.try0
1;e2co.index75.try3
1;e2co.index75.try2
1;e2co.index75.try1
1;e2co.index75.try0
1;e2co.index74.try3
1;e2co.index74.try2
1;e2co.index74.try1
1;e2co.index74.try0
1;e2co.index73.try3
1;e2co.index73.try2
1;e2co.index73.try1
1;e2co.index73.try0
1;e2co.index72.try3
1;e2co.index72.try2
1;e2co.index72.try1
1;e2co.index72.try0
1;e2co.index71.try3
1;e2co.index71.try2
1;e2co.index71.try1
1;e2co.index71.try0
1;e2co.index70.try3
1;e2co.index70.try2
1;e2co.index70.try1
1;e2co.index70.try0
1;e2-g
1;e1polaron_Fe2O3
1;e0polaron_Fe2O3
1;dx25li1c
1;dx25li1b
1;dx25li1a
1;dx25bu1c
1;dx25bu1b
1;dx25bu1a
1;dssp3
1;dssp1
1;drocmt1c
1;drocmt1b
1;drocmt1a
1;drocml1c
1;drocml1b
1;drocml1a
1;drocmb1c
1;drocmb1b
1;drocmb1a
1;drivtu2c
1;drivtu2b
1;drivtu1c
1;drivtu1b
1;drivtu1a
1;drivlib2a
1;drivli2a
1;drivli1c
1;drivli1b
1;drivli1a
1;drivbu1c
1;drivbu1b
1;dri0tu2c
1;dri0li2c
1;dri0li2b
1;dri0li2a
1;dri0bu2c
1;dri0bu2b
1;dri0bu2a
1;dream_8_1
1;dream_5
1;dream_4
1;dream_3
1;dpaq1
1;dp3500
1;dp3499
1;dp3498
1;dp3497
1;dp3496
1;dp3495
1;dp3494
1;dp3493
1;dp3492
1;dp3491
1;dp3490
1;dp3489
1;dp3488
1;dp3487
1;dp3486
1;dp3485
1;dp3484
1;dp3483
1;dp3482
1;dp3481
1;dp3480
1;dp3479
1;dp3478
1;dp3477
1;dp3476
1;dp3475
1;dp3474
1;dp3473
1;dp3472
1;dp3471
1;dp3470
1;dp3469
1;dp3468
1;dp3467
1;dp3466
1;dp3465
1;dp3464
1;dp3463
1;dp3462
1;dp3461
1;dp3460
1;dp3459
1;dp3458
1;dp3457
1;dp3456
1;dp3455
1;dp3454
1;dp3453
1;dp3452
1;dp3451
1;dp3450
1;dp3449
1;dp3448
1;dp3447
1;dp3446
1;dp3445
1;dp3444
1;dp3443
1;dp3442
1;dp3441
1;dp3440
1;dp3439
1;dp3438
1;dp3437
1;dp3436
1;dp3435
1;dp3434
1;dp3433
1;dp3432
1;dp3431
1;dp3430
1;dp3429
1;dp3428
1;dp3427
1;dp3426
1;dp3425
1;dp3424
1;dp3423
1;dp3422
1;dp3421
1;dp3420
1;dp3419
1;dp3418
1;dp3417
1;dp3416
1;dp3415
1;dp3414
1;dp3413
1;dp3412
1;dp3411
1;dp3410
1;dp3409
1;dp3408
1;dp3407
1;dp3406
1;dp3405
1;dp3404
1;dp3403
1;dp3402
1;dp3401
1;dp3400
1;dp3399
1;dp3398
1;dp3397
1;dp3396
1;dp3395
1;dp3394
1;dp3393
1;dp3392
1;dp3391
1;dp3390
1;dp3389
1;dp3388
1;dp3387
1;dp3386
1;dp3385
1;dp3384
1;dp3383
1;dp3382
1;dp3381
1;dp3380
1;dp3379
1;dp3378
1;dp3377
1;dp3376
1;dp3375
1;dp3374
1;dp3373
1;dp3372
1;dp3371
1;dp3370
1;dp3369
1;dp3368
1;dp3367
1;dp3366
1;dp3365
1;dp3364
1;dp3363
1;dp3362
1;dp3361
1;dp3360
1;dp3359
1;dp3358
1;dp3357
1;dp3356
1;dp3355
1;dp3354
1;dp3353
1;dp3352
1;dp3351
1;dp3350
1;dp3349
1;dp3348
1;dp3347
1;dp3346
1;dp3345
1;dp3344
1;dp3343
1;dp3342
1;dp3341
1;dp3340
1;dp3339
1;dp3338
1;dp3337
1;dp3336
1;dp3335
1;dp3334
1;dp3333
1;dp3332
1;dp3331
1;dp3330
1;dp3329
1;dp3328
1;dp3327
1;dp3326
1;dp3325
1;dp3324
1;dp3323
1;dp3322
1;dp3321
1;dp3320
1;dp3319
1;dp3318
1;dp3317
1;dp3316
1;dp3315
1;dp3314
1;dp3313
1;dp3312
1;dp3311
1;dp3310
1;dp3309
1;dp3308
1;dp3307
1;dp3306
1;dp3305
1;dp3304
1;dp3303
1;dp3302
1;dp3301
1;dp3300
1;dp3299
1;dp3298
1;dp3297
1;dp3296
1;dp3295
1;dp3294
1;dp3293
1;dp3292
1;dp3291
1;dp3290
1;dp3289
1;dp3288
1;dp3287
1;dp3286
1;dp3285
1;dp3284
1;dp3283
1;dp3282
1;dp3281
1;dp3280
1;dp3279
1;dp3278
1;dp3277
1;dp3276
1;dp3275
1;dp3274
1;dp3273
1;dp3272
1;dp3271
1;dp3270
1;dp3269
1;dp3268
1;dp3267
1;dp3266
1;dp3265
1;dp3264
1;dp3263
1;dp3262
1;dp3261
1;dp3260
1;dp3259
1;dp3258
1;dp3257
1;dp3256
1;dp3255
1;dp3254
1;dp3253
1;dp3252
1;dp3251
1;dp3250
1;dp3249
1;dp3248
1;dp3247
1;dp3246
1;dp3245
1;dp3244
1;dp3243
1;dp3242
1;dp3241
1;dp3240
1;dp3239
1;dp3238
1;dp3237
1;dp3236
1;dp3235
1;dp3234
1;dp3233
1;dp3232
1;dp3231
1;dp3230
1;dp3229
1;dp299
1;dp298
1;dp297
1;dp296
1;dp295
1;dp294
1;dp293
1;dp292
1;dp291
1;dp290
1;dp29
1;dp289
1;dp288
1;dp287
1;dp286
1;dp285
1;dp284
1;dp283
1;dp282
1;dp281
1;dp280
1;dp28
1;dp279
1;dp278
1;dp277
1;dp276
1;dp275
1;dp274
1;dp273
1;dp272
1;dp271
1;dp270
1;dp27
1;dp269
1;dp268
1;dp267
1;dp266
1;dp265
1;dp264
1;dp263
1;dp262
1;dp261
1;dp260
1;dp26
1;dp259
1;dp258
1;dp257
1;dp256
1;dp255
1;dp254
1;dp253
1;dp252
1;dp251
1;dp250
1;dp25
1;dp249
1;dp2484
1;dp2483
1;dp2482
1;dp2481
1;dp2480
1;dp248
1;dp2479
1;dp2478
1;dp2477
1;dp2476
1;dp2475
1;dp2474
1;dp2473
1;dp2472
1;dp2471
1;dp2470
1;dp247
1;dp2469
1;dp2468
1;dp2467
1;dp2466
1;dp2465
1;dp2464
1;dp2463
1;dp2462
1;dp2461
1;dp2460
1;dp246
1;dp2459
1;dp2458
1;dp2457
1;dp2456
1;dp2455
1;dp2454
1;dp2453
1;dp2452
1;dp2451
1;dp2450
1;dp245
1;dp2449
1;dp2448
1;dp2447
1;dp2446
1;dp2445
1;dp2444
1;dp2443
1;dp2442
1;dp2441
1;dp2440
1;dp244
1;dp2439
1;dp2438
1;dp2437
1;dp2436
1;dp2435
1;dp2434
1;dp2433
1;dp2432
1;dp2431
1;dp2430
1;dp243
1;dp2429
1;dp2428
1;dp2427
1;dp2426
1;dp2425
1;dp2424
1;dp2423
1;dp2422
1;dp2421
1;dp2420
1;dp242
1;dp2419
1;dp2418
1;dp2417
1;dp2416
1;dp2415
1;dp2414
1;dp2413
1;dp2412
1;dp2411
1;dp2410
1;dp241
1;dp2409
1;dp2408
1;dp2407
1;dp2406
1;dp2405
1;dp2404
1;dp2403
1;dp2402
1;dp2401
1;dp2400
1;dp240
1;dp24
1;dp2399
1;dp2398
1;dp2397
1;dp2396
1;dp2395
1;dp2394
1;dp2393
1;dp2392
1;dp2391
1;dp2390
1;dp239
1;dp2389
1;dp2388
1;dp2387
1;dp2386
1;dp2385
1;dp2384
1;dp2383
1;dp2382
1;dp2381
1;dp2380
1;dp238
1;dp2379
1;dp2378
1;dp2377
1;dp2376
1;dp2375
1;dp2374
1;dp2373
1;dp2372
1;dp2371
1;dp2370
1;dp237
1;dp2369
1;dp2368
1;dp2367
1;dp2366
1;dp2365
1;dp2364
1;dp2363
1;dp2362
1;dp2361
1;dp2360
1;dp236
1;dp2359
1;dp2358
1;dp2357
1;dp2356
1;dp2355
1;dp2354
1;dp2353
1;dp2352
1;dp2351
1;dp2350
1;dp235
1;dp2349
1;dp2348
1;dp2347
1;dp2346
1;dp2345
1;dp2344
1;dp2343
1;dp2342
1;dp2341
1;dp2340
1;dp234
1;dp2339
1;dp2338
1;dp2337
1;dp2336
1;dp2335
1;dp2334
1;dp2333
1;dp2332
1;dp2331
1;dp2330
1;dp233
1;dp2329
1;dp2328
1;dp2327
1;dp2326
1;dp2325
1;dp2324
1;dp2323
1;dp2322
1;dp2321
1;dp2320
1;dp232
1;dp2319
1;dp2318
1;dp2317
1;dp2316
1;dp2315
1;dp2314
1;dp2313
1;dp2312
1;dp2311
1;dp2310
1;dp231
1;dp2309
1;dp2308
1;dp2307
1;dp2306
1;dp2305
1;dp2304
1;dp2303
1;dp2302
1;dp2301
1;dp2300
1;dp230
1;dp23
1;dp2299
1;dp2298
1;dp2297
1;dp2296
1;dp2295
1;dp2294
1;dp2293
1;dp2292
1;dp2291
1;dp2290
1;dp229
1;dp2289
1;dp2288
1;dp2287
1;dp2286
1;dp2285
1;dp2284
1;dp2283
1;dp2282
1;dp2281
1;dp2280
1;dp228
1;dp2279
1;dp2278
1;dp2277
1;dp2276
1;dp2275
1;dp2274
1;dp2273
1;dp2272
1;dp2271
1;dp2270
1;dp227
1;dp2269
1;dp2268
1;dp2267
1;dp2266
1;dp2265
1;dp2264
1;dp2263
1;dp2262
1;dp2261
1;dp2260
1;dp226
1;dp2259
1;dp2258
1;dp2257
1;dp2256
1;dp2255
1;dp2254
1;dp2253
1;dp2252
1;dp2251
1;dp2250
1;dp225
1;dp2249
1;dp2248
1;dp2247
1;dp2246
1;dp2245
1;dp2244
1;dp2243
1;dp2242
1;dp2241
1;dp2240
1;dp224
1;dp2239
1;dp2238
1;dp2237
1;dp2236
1;dp2235
1;dp2234
1;dp2233
1;dp2232
1;dp2231
1;dp2230
1;dp223
1;dp2229
1;dp2228
1;dp2227
1;dp2226
1;dp2225
1;dp2224
1;dp2223
1;dp2222
1;dp2221
1;dp2220
1;dp222
1;dp2219
1;dp2218
1;dp2217
1;dp2216
1;dp2215
1;dp2214
1;dp2213
1;dp2212
1;dp2211
1;dp2210
1;dp221
1;dp2209
1;dp2208
1;dp2207
1;dp2206
1;dp2205
1;dp2204
1;dp2203
1;dp2202
1;dp2201
1;dp2200
1;dp220
1;dp22
1;dp2199
1;dp2198
1;dp2197
1;dp2196
1;dp2195
1;dp2194
1;dp2193
1;dp2192
1;dp2191
1;dp2190
1;dp219
1;dp2189
1;dp2188
1;dp2187
1;dp2186
1;dp2185
1;dp2184
1;dp2183
1;dp2182
1;dp2181
1;dp2180
1;dp218
1;dp2179
1;dp2178
1;dp2177
1;dp2176
1;dp2175
1;dp2174
1;dp2173
1;dp2172
1;dp2171
1;dp2170
1;dp217
1;dp2169
1;dp2168
1;dp2167
1;dp2166
1;dp2165
1;dp2164
1;dp2163
1;dp2162
1;dp2161
1;dp2160
1;dp216
1;dp2159
1;dp2158
1;dp2157
1;dp2156
1;dp2155
1;dp2154
1;dp2153
1;dp2152
1;dp2151
1;dp2150
1;dp215
1;dp2149
1;dp2148
1;dp2147
1;dp2146
1;dp2145
1;dp2144
1;dp2143
1;dp2142
1;dp2141
1;dp2140
1;dp214
1;dp2139
1;dp2138
1;dp2137
1;dp2136
1;dp2135
1;dp2134
1;dp2133
1;dp2132
1;dp2131
1;dp2130
1;dp213
1;dp2129
1;dp2128
1;dp2127
1;dp2126
1;dp2125
1;dp2124
1;dp2123
1;dp2122
1;dp2121
1;dp2120
1;dp212
1;dp2119
1;dp2118
1;dp2117
1;dp2116
1;dp2115
1;dp2114
1;dp2113
1;dp2112
1;dp2111
1;dp2110
1;dp211
1;dp2109
1;dp2108
1;dp2107
1;dp2106
1;dp2105
1;dp2104
1;dp2103
1;dp2102
1;dp2101
1;dp2100
1;dp210
1;dp21
1;dp1500
1;dp1499
1;dp1498
1;dp1497
1;dp1496
1;dp1495
1;dp1494
1;dp1493
1;dp1492
1;dp1491
1;dp1490
1;dp1489
1;dp1488
1;dp1487
1;dp1486
1;dp1485
1;dp1484
1;dp1483
1;dp1482
1;dp1481
1;dp1480
1;dp1479
1;dp1478
1;dp1477
1;dp1476
1;dp1475
1;dp1474
1;dp1473
1;dp1472
1;dp1471
1;dp1470
1;dp1469
1;dp1468
1;dp1467
1;dp1466
1;dp1465
1;dp1464
1;dp1463
1;dp1462
1;dp1461
1;dp1460
1;dp1459
1;dp1458
1;dp1457
1;dp1456
1;dp1455
1;dp1454
1;dp1453
1;dp1452
1;dp1451
1;dp1450
1;dp1449
1;dp1448
1;dp1447
1;dp1446
1;dp1445
1;dp1444
1;dp1443
1;dp1442
1;dp1441
1;dp1440
1;dp1439
1;dp1438
1;dp1437
1;dp1436
1;dp1435
1;dp1434
1;dp1433
1;dp1432
1;dp1431
1;dp1430
1;dp1429
1;dp1428
1;dp1427
1;dp1426
1;dp1425
1;dp1424
1;dp1423
1;dp1422
1;dp1421
1;dp1420
1;dp1419
1;dp1418
1;dp1417
1;dp1416
1;dp1415
1;dp1414
1;dp1413
1;dp1412
1;dp1411
1;dp1410
1;dp1409
1;dp1408
1;dp1407
1;dp1406
1;dp1405
1;dp1404
1;dp1403
1;dp1402
1;dp1401
1;dp1400
1;dp1399
1;dp1398
1;dp1397
1;dp1396
1;dp1395
1;dp1394
1;dp1393
1;dp1392
1;dp1391
1;dp1390
1;dp1389
1;dp1388
1;dp1387
1;dp1386
1;dp1385
1;dp1384
1;dp1383
1;dp1382
1;dp1381
1;dp1380
1;dp1379
1;dp1378
1;dp1377
1;dp1376
1;dp1375
1;dp1374
1;dp1373
1;dp1372
1;dp1371
1;dp1370
1;dp1369
1;dp1368
1;dp1367
1;dp1366
1;dp1365
1;dp1364
1;dp1363
1;dp1362
1;dp1361
1;dp1360
1;dp1359
1;dp1358
1;dp1357
1;dp1356
1;dp1355
1;dp1354
1;dp1353
1;dp1352
1;dp1351
1;dp1350
1;dp1349
1;dp1348
1;dp1347
1;dp1346
1;dp1345
1;dp1344
1;dp1343
1;dp1342
1;dp1341
1;dp1340
1;dp1339
1;dp1338
1;dp1337
1;dp1336
1;dp1335
1;dp1334
1;dp1333
1;dp1332
1;dp1331
1;dp1330
1;dp1329
1;dp1328
1;dp1327
1;dp1326
1;dp1325
1;dp1324
1;dp1323
1;dp1322
1;dp1321
1;dp1320
1;dp1319
1;dp1318
1;dp1317
1;dp1316
1;dp1315
1;dp1314
1;dp1313
1;dp1312
1;dp1311
1;dp1310
1;dp1309
1;dp1308
1;dp1307
1;dp1306
1;dp1305
1;dp1304
1;dp1303
1;dp1302
1;dp1301
1;dp1300
1;dp1299
1;dp1298
1;dp1297
1;dp1296
1;dp1295
1;dp1294
1;dp1293
1;dp1292
1;dp1291
1;dp1290
1;dp1289
1;dp1288
1;dp1287
1;dp1286
1;dp1285
1;dp1284
1;dp1283
1;dp1282
1;dp1281
1;dp1280
1;dp1279
1;dp1278
1;dp1277
1;dp1276
1;dp1275
1;dp1274
1;dp1273
1;dp1272
1;dp1271
1;dp1270
1;dp1269
1;dp1268
1;dp1267
1;dp1266
1;dp1265
1;dp1264
1;dp1263
1;dp1262
1;dp1261
1;dp1260
1;dp1259
1;dp1258
1;dp1257
1;dp1256
1;dp1255
1;dp1254
1;dp1253
1;dp1252
1;dp1251
1;dp1250
1;dp1249
1;dp1248
1;dp1247
1;dp1246
1;dp1245
1;dp1244
1;dp1243
1;dp1242
1;dp1241
1;dp1240
1;dp1239
1;dp1238
1;dp1237
1;dp1236
1;dp1235
1;dp1234
1;dp1233
1;dp1232
1;dp1231
1;dp1230
1;dp1229
1;dp1228
1;dp1227
1;dp1226
1;dp1225
1;dp1224
1;dp1223
1;dp1222
1;dp1221
1;dp1220
1;dp1219
1;dp1218
1;dp1217
1;dp1216
1;dp1215
1;dp1214
1;dp1213
1;dp1212
1;dp1211
1;dp1210
1;dp1209
1;dp1208
1;dp1207
1;dp1206
1;dp1205
1;dp1204
1;dp1203
1;dp1202
1;dp1201
1;dp1200
1;dp1199
1;dp1198
1;dp1197
1;dp1196
1;dp1195
1;dp1194
1;dp1193
1;dp1192
1;dp1191
1;dp1190
1;dp1189
1;dp1188
1;dp1187
1;dp1186
1;dp1185
1;dp1184
1;dp1183
1;dp1182
1;dp1181
1;dp1180
1;dp1179
1;dp1178
1;dp1177
1;dp1176
1;dp1175
1;dp1174
1;dp1173
1;dp1172
1;dp1171
1;dp1170
1;dp1169
1;dp1168
1;dp1167
1;dp1166
1;dp1165
1;dp1164
1;dp1163
1;dp1162
1;dp1161
1;dp1160
1;dp1159
1;dp1158
1;dp1157
1;dp1156
1;dp1155
1;dp1154
1;dp1153
1;dp1152
1;dp1151
1;dp1150
1;dp1149
1;dp1148
1;dp1147
1;dp1146
1;dp1145
1;dp1144
1;dp1143
1;dp1142
1;dp1141
1;dp1140
1;dp1139
1;dp1138
1;dp1137
1;dp1136
1;dp1135
1;dp1134
1;dp1133
1;dp1132
1;dp1131
1;dp1130
1;dp1129
1;dp1128
1;dp1127
1;dp1126
1;dp1125
1;dp1124
1;dp1123
1;dp1122
1;dp1121
1;dp1120
1;dp1119
1;dp1118
1;dp1117
1;dp1116
1;dp1115
1;dp1114
1;dp1113
1;dp1112
1;dp1111
1;dp1110
1;dp1109
1;dott-strain1
1;dott-strain
1;doss1CIO1LNOFMsocMAGMOM1
1;doslno_lfo_51
1;doslno_lfo_42
1;doslno_lfo_22
1;dosQuebra
1;dosInicio
1;dos3CIO1LNOAFM
1;dos1CIOFM
1;dos1CIOAFMG
1;dos1CIOAFMC
1;dos1CIOAFMA
1;dos1CIO1LNOAFM
1;dos11lno_lfo
1;dos06
1;dos-smb6
1;dos-gdfeo3
1;dms
1;dmidecode
1;dm-2graphene
1;dm-01graphene
1;dlio_bench
1;dispatch_v4_ft_adamw.sh
1;dispatch_adamw.sh
1;die-4
1;die-3
1;die-2
1;die-1
1;dftwte
1;dftwse
1;dftws
1;dftmote
1;dftmose
1;dft+u_nm_EuB6
1;dft+u4_nm_EuB6
1;dft+u4SmB6_NM_fino
1;dft+u4.5_nm_EuB6
1;dft+u3_nm_EuB6
1;dft+u12_nm_EuB6
1;device_y
1;device_x
1;des2
1;depth-mask-200-870
1;depth-mask-200
1;deepxde_reactiondiffusion_cm4-cm5
1;deepxde_dfwave
1;deepssekr1
1;deeprock-sr_dlv3_pretrained_freeze
1;deeprock-sr_dlv3_pretrained
1;deeprock-sr_dlv3_imagenet_freeze
1;deeprock-sr_dlv3_imagenet
1;deeprock-fffea76b68232919
1;deeprock-ffe87ffa6d100197
1;deeprock-ffc0d84415e1ee34
1;deeprock-ffb8d1e86f25eaaf
1;deeprock-ffaaae22b5a40251
1;deeprock-ff865e5d9f50482d
1;deeprock-ff5063b080e134ef
1;deeprock-ff028e33aa3c62dd
1;deeprock-fefeca77e105b20a
1;deeprock-fed221de8ad69d96
1;deeprock-fe6e75d46ad5631b
1;deeprock-fe68b1696c811dc2
1;deeprock-fe3f332059e9eab2
1;deeprock-fe31e070015ce561
1;deeprock-fe227c9a7a5a4008
1;deeprock-fe0eab0152d71f14
1;deeprock-fdd243bfd7d3fadd
1;deeprock-fd9cf8fdcb90644b
1;deeprock-fd9b198d587e0723
1;deeprock-fd4681a6f643ec4f
1;deeprock-fd1ee5f40dc86865
1;deeprock-fce29c79e814496e
1;deeprock-fcba7175bda1cac4
1;deeprock-fc8fc62e51272061
1;deeprock-fc4aa877172c55a9
1;deeprock-fc44a00c008555a3
1;deeprock-fc27b26c57249032
1;deeprock-fc0d0454cc4ab316
1;deeprock-fbc885461a9be34c
1;deeprock-fbb0ca61b536f85b
1;deeprock-fba604688e08812a
1;deeprock-fb741f142aa8d976
1;deeprock-fb604a130b58ffb7
1;deeprock-fafc180fcbc7e7b0
1;deeprock-faec8b35ed7a4ed0
1;deeprock-fad576b5c08f2d96
1;deeprock-fac562f416aff1f7
1;deeprock-fac0db32ea95dc34
1;deeprock-fa75961e7ea9ea40
1;deeprock-fa39a72d40ef0833
1;deeprock-fa2de58de3d83af9
1;deeprock-f9ecaedf812920f8
1;deeprock-f9a6f3cb6699bfca
1;deeprock-f99a512e7e0c5a62
1;deeprock-f9919a1e61047c7b
1;deeprock-f9427e39131b1409
1;deeprock-f9277983b57a2605
1;deeprock-f924d4f2948e93ea
1;deeprock-f8ce2da2bf8b86fc
1;deeprock-f8c104ab924ab637
1;deeprock-f890bfb63dc6ddc5
1;deeprock-f8570efdf0dee34c
1;deeprock-f84d505a61e8d6ed
1;deeprock-f8326d31a7070c02
1;deeprock-f82eddb2e28d45be
1;deeprock-f823e26753d34cfe
1;deeprock-f7f8cef3d3205dc8
1;deeprock-f7f0b159cef7d58b
1;deeprock-f7d2e2cdb7c33369
1;deeprock-f7b987b98acf279b
1;deeprock-f7b3fd5f56935853
1;deeprock-f79de67b651fe8ca
1;deeprock-f792baa57f975db6
1;deeprock-f79182b3b4f590ea
1;deeprock-f78b4f69e411a2d5
1;deeprock-f73eb4ab87eabc06
1;deeprock-f72fdd6dedebdf7f
1;deeprock-f72ab35f6538640d
1;deeprock-f70933e59cbeded7
1;deeprock-f6d782eac6136bdb
1;deeprock-f642d64e7b700378
1;deeprock-f627abd100dec79b
1;deeprock-f60b16d3e54a0df6
1;deeprock-f5c5250b6b307cbf
1;deeprock-f5b86dcf68a5e796
1;deeprock-f5ab2c342cddfc21
1;deeprock-f592df8ca23905d2
1;deeprock-f58ec9bcac920e4e
1;deeprock-f582071fd967bc91
1;deeprock-f541319dfb2ec648
1;deeprock-f5225a26c2cce18e
1;deeprock-f4cf8daccd53dc46
1;deeprock-f4c2f94c1ce9b59d
1;deeprock-f4981c62d9041b77
1;deeprock-f45b71bb89d60acb
1;deeprock-f44bb807b5711aa0
1;deeprock-f43a91c9fa03026a
1;deeprock-f41af505e2c72d9e
1;deeprock-f415260a8ce39a1f
1;deeprock-f3d36f59c46b292c
1;deeprock-f3c8fb05c2884d82
1;deeprock-f3bed84b6b970f01
1;deeprock-f370b0f1081ec3ee
1;deeprock-f32644f6bbe85c09
1;deeprock-f3197e21e46d9853
1;deeprock-f2e342dade680a95
1;deeprock-f2e1229b58b3edc2
1;deeprock-f2d55d3840ed97cc
1;deeprock-f2d25c0a07404508
1;deeprock-f29e6a8202ca68bb
1;deeprock-f29ca1ec4f08be54
1;deeprock-f2876880c5f1504a
1;deeprock-f27bb62946262c8c
1;deeprock-f25ddd94beffc650
1;deeprock-f25c1bbacd504bd6
1;deeprock-f245aec0992e06dd
1;deeprock-f22e5bc8585aafea
1;deeprock-f2281045f2ecbe44
1;deeprock-f21a1a13e4750d2d
1;deeprock-f20fe0314bc454c2
1;deeprock-f20119e8fad4d493
1;deeprock-f1dbd5bc15727e67
1;deeprock-f19b856743126fdd
1;deeprock-f1209aa0bb69b570
1;deeprock-f11a8f20e5c81fde
1;deeprock-f0d85e3b7cf5b496
1;deeprock-f0c785eb4472d400
1;deeprock-f0b05d5fea643f54
1;deeprock-f09d119b149e2452
1;deeprock-f07b27d35c8c708e
1;deeprock-f0477b704c31cc6f
1;deeprock-f02b6836b2da5483
1;deeprock-eff3cfb50c9c0414
1;deeprock-efe40432f15539d6
1;deeprock-efdfeb0145f70afc
1;deeprock-efbe955570a59dca
1;deeprock-ef9d945675b5c782
1;deeprock-ef74ed4637f13085
1;deeprock-ef6103547c5c3ea9
1;deeprock-ef57a6fe013176d5
1;deeprock-ef4f9bb013c1a149
1;deeprock-eef10aa6eb4bc590
1;deeprock-eeee048bf992c3ca
1;deeprock-eee4e9e5d47354aa
1;deeprock-eea8c26dbd661d13
1;deeprock-ee9f85d7ed4cef30
1;deeprock-ee817ae60648a80f
1;deeprock-ee6c1915aea919e4
1;deeprock-ee5e1ccb29258f82
1;deeprock-ee4ab63cae8fffbc
1;deeprock-ee13cd066a02b1af
1;deeprock-ee05cadfbeeae8f5
1;deeprock-edd3b852882b0a21
1;deeprock-edba027a18c53667
1;deeprock-eda053668079bd46
1;deeprock-ed7680702ea793bf
1;deeprock-ed68634a8d31ff47
1;deeprock-ed44cc4a470db038
1;deeprock-ecfcd633d195291d
1;deeprock-ecec2b31b5920fa2
1;deeprock-ecdc5db15b9323ef
1;deeprock-ecd3bdc3f99d1fe2
1;deeprock-ec9620feb02fb386
1;deeprock-ec589230fefaba16
1;deeprock-ebfe771f82e85be1
1;deeprock-ebb1afd68bfa0b38
1;deeprock-ebac354a33f657b1
1;deeprock-eba0ffa6294534e9
1;deeprock-eb3646819778df6e
1;deeprock-eadffbfaeecbebaa
1;deeprock-ea967764734aec4b
1;deeprock-ea91e5b885b15080
1;deeprock-ea8cdaa0a5762d6b
1;deeprock-ea7ba14624f708fd
1;deeprock-ea4d7247ed2c4522
1;deeprock-ea0443d3a9ae2910
1;deeprock-e9c7754bea156cc3
1;deeprock-e99213935036a760
1;deeprock-e9866ff734dae63a
1;deeprock-e9648f143f94a099
1;deeprock-e95d1825d6e63214
1;deeprock-e959b09dbf01fb32
1;deeprock-e920b2a3412bc130
1;deeprock-e8ffbaca7c6d0276
1;deeprock-e8fe7643160b2aa6
1;deeprock-e8b5fbadd041e05c
1;deeprock-e8a09e54cf6b8957
1;deeprock-e89bde199108c149
1;deeprock-e858edd908e0e36d
1;deeprock-e852349a6d399e1e
1;deeprock-e845cd3dc2111f92
1;deeprock-e841fe992eb9a6c9
1;deeprock-e83b577f122111ea
1;deeprock-e834d9cea141a395
1;deeprock-e82d8bcefab3a3a7
1;deeprock-e82c54b71d6a7967
1;deeprock-e81e9c10ab75aff2
1;deeprock-e81218da6f0bceb7
1;deeprock-e807e4ab4ddf4182
1;deeprock-e7ef0bfc0864b620
1;deeprock-e7c6e21f0beb794d
1;deeprock-e7b2fe1e215650cb
1;deeprock-e7a04de891d564cf
1;deeprock-e79d987cd9253a13
1;deeprock-e744d35f2311c4e5
1;deeprock-e73b17503a831be8
1;deeprock-e72ff00817c9e453
1;deeprock-e709024bbc26f68e
1;deeprock-e7079a8a9e2b873b
1;deeprock-e6fba0d33036223c
1;deeprock-e6d3e601e479982f
1;deeprock-e6afc8b70d3c3754
1;deeprock-e69ae4dfad6829b9
1;deeprock-e629de5e32849c5a
1;deeprock-e6171662b29793c0
1;deeprock-e5f71add4f92cca9
1;deeprock-e5e6aef4ea8dbd97
1;deeprock-e5e59217fcab1cc7
1;deeprock-e5cce907b178e053
1;deeprock-e5a46b9a434ca407
1;deeprock-e59ba5b61201eb93
1;deeprock-e56c22de632b9211
1;deeprock-e514db316fda6b46
1;deeprock-e4ec01cdfbeb3ffd
1;deeprock-e4e1ddd28026e474
1;deeprock-e3e64708535d3da1
1;deeprock-e3d15e47acb07144
1;deeprock-e3c9c1fe019d2d41
1;deeprock-e3b5bffd47dbe195
1;deeprock-e3b4b4ecb7ccb608
1;deeprock-e3ad96a25f8bbb32
1;deeprock-e3960f1fd6f91caf
1;deeprock-e35430c2eb0ccb4a
1;deeprock-e33493f45229c200
1;deeprock-e2ffcb86ba5317e1
1;deeprock-e29d237f15110ac0
1;deeprock-e28fd45663808115
1;deeprock-e26ef5644d078cf6
1;deeprock-e2656a66017269d5
1;deeprock-e1f205e7448e8810
1;deeprock-e1eb4289eaed864c
1;deeprock-e1ce966e172557d4
1;deeprock-e1a51c7270260f91
1;deeprock-e161719f1284810e
1;deeprock-e15ba31dd255a541
1;deeprock-e1532d7618004ae4
1;deeprock-e13d76ff02f6924d
1;deeprock-e1351c4305c28fb7
1;deeprock-e0e5bda1d92be608
1;deeprock-e0bca192af4bad61
1;deeprock-e045fe636800706f
1;deeprock-e01fe227a1ea2675
1;deeprock-e01be389477f72fa
1;deeprock-e001ac6297577ee6
1;deeprock-dffe873fce4fa5dc
1;deeprock-dffdc5afd1dce5e9
1;deeprock-dff7ce023ce7afc5
1;deeprock-dfa73ee244e6f849
1;deeprock-df8868ebcafea434
1;deeprock-df3105d82efffe18
1;deeprock-df18aa93526d1a74
1;deeprock-df0ee845a6db55b4
1;deeprock-dedc99b90e3505f0
1;deeprock-deab1bb3efe69517
1;deeprock-de88f10efe911cfd
1;deeprock-de5c16c8c26371da
1;deeprock-de4784e4c5daa9a0
1;deeprock-de31e12966a9dad8
1;deeprock-de1b579d067b698c
1;deeprock-ddf42e5a2ae74ad9
1;deeprock-ddc1c8a04ff06097
1;deeprock-dda25224a4e2b9b0
1;deeprock-dd74f7bbefea513c
1;deeprock-dd668b7c13323d71
1;deeprock-dd55f085aa5e66d9
1;deeprock-dd412677ac6926af
1;deeprock-dd306fd51f248070
1;deeprock-dca519ca88ab7cee
1;deeprock-dc724609a79552a2
1;deeprock-dc6ac0a0f34b0b82
1;deeprock-dc5c223e0415052d
1;deeprock-dc4319e06197a849
1;deeprock-dc4115c79703eb16
1;deeprock-dc3c8a73e219ab4a
1;deeprock-dc250eebf58e65bc
1;deeprock-dc18c8cc4afbc3f8
1;deeprock-dbf504f6196578f7
1;deeprock-dbb419a3717544a7
1;deeprock-db9a7f941b00e42a
1;deeprock-db986fd59d4b4d6b
1;deeprock-db8fca352eb6e98e
1;deeprock-db8ceff4c777c2db
1;deeprock-db5831848858d9d0
1;deeprock-db247a0c5b68f047
1;deeprock-db2216c0cd5caed7
1;deeprock-db0d28c4eb083c04
1;deeprock-dac4b09e8c16cf1a
1;deeprock-da49807b0f6cf7dc
1;deeprock-d9a54b5e5aff1e74
1;deeprock-d97d5422fc4a2940
1;deeprock-d942f21c368401e1
1;deeprock-d90a27218f0e69a7
1;deeprock-d8f07f390210ec3c
1;deeprock-d8dec92e178fedd7
1;deeprock-d8d3c5f83b86b964
1;deeprock-d8d3056e8fccdbcc
1;deeprock-d8c5a8cddd0064a7
1;deeprock-d8c1ab934bb85bf8
1;deeprock-d87e5eedd25aac63
1;deeprock-d84f2fc208d86c32
1;deeprock-d84831d35d4c29c8
1;deeprock-d82841a6268e0c18
1;deeprock-d819dac53cdec48d
1;deeprock-d8174ed1eeae6ffa
1;deeprock-d80183b9f50305b3
1;deeprock-d73813d3544c9023
1;deeprock-d6cea7572e457b3b
1;deeprock-d6b2b1ec7ca94db8
1;deeprock-d69d563dd1049448
1;deeprock-d679161d2ae8f9e3
1;deeprock-d5f98394139de8b7
1;deeprock-d5ef72b012acb8e3
1;deeprock-d5e93b1f264c7285
1;deeprock-d5c667581b5ea47b
1;deeprock-d5c4ee256bab481c
1;deeprock-d58f2e2bd1201acb
1;deeprock-d581d476463234ca
1;deeprock-d55ff47a8d539fda
1;deeprock-d54ed3cd0376465f
1;deeprock-d544d441324def34
1;deeprock-d527b31f80dd32ac
1;deeprock-d51b285241676fdd
1;deeprock-d51158486bd4a038
1;deeprock-d4dac32b514bffa9
1;deeprock-d4cb7a3af099c2d7
1;deeprock-d4c356b2ce629042
1;deeprock-d4b83f92eefffe96
1;deeprock-d48a57d7ede08210
1;deeprock-d430645cc9496b17
1;deeprock-d42fc14e785ae52f
1;deeprock-d42195d573b8da60
1;deeprock-d3e3c8d387bcf3d4
1;deeprock-d392207333aeeff1
1;deeprock-d38e165b1bab3264
1;deeprock-d37c32349555a7cf
1;deeprock-d36896fde58178b7
1;deeprock-d33e29204dfc3478
1;deeprock-d2c2eb0cf0fafa31
1;deeprock-d2880bde054ae292
1;deeprock-d27b77e765510343
1;deeprock-d27126ccea7126bb
1;deeprock-d232a8f13a73163e
1;deeprock-d231efb0f3357b07
1;deeprock-d21a5d4a1daf5311
1;deeprock-d2142333d0b6b99a
1;deeprock-d1e36f974ae09fdc
1;deeprock-d1bff13489f6df8d
1;deeprock-d172812f8cfa1e34
1;deeprock-d162cba3332388ee
1;deeprock-d138f15b84dbcde5
1;deeprock-d1199a81e146808d
1;deeprock-d10b64cc2a10528b
1;deeprock-d0f582751da114e0
1;deeprock-d0de70ce096a53bf
1;deeprock-d0dbead7ccacdfdc
1;deeprock-d0bd3f4ef67ed57a
1;deeprock-d0ae12c27e02f454
1;deeprock-d0a60bc93dcadcfe
1;deeprock-d09886ebbeece0f8
1;deeprock-d085f31efb6f0d4f
1;deeprock-d07181aef8627a38
1;deeprock-cffb43661d263a1e
1;deeprock-cff747320dcf1e04
1;deeprock-cfd7a045775026f8
1;deeprock-cfb3c99ae9ce2cd9
1;deeprock-cfa0f103024112ec
1;deeprock-cf99cb3a34317274
1;deeprock-cf95023c2738a99e
1;deeprock-cf7107a28d56b0f5
1;deeprock-cf66ea739096b15f
1;deeprock-cf50f8f2e3391b9f
1;deeprock-cebb8a5393dd2c7d
1;deeprock-cea30b0195934bda
1;deeprock-cea2145275673f76
1;deeprock-ce85e0cf7f987e55
1;deeprock-ce380be39ab50dd8
1;deeprock-ce30b20c624761a4
1;deeprock-ce0898d849793b79
1;deeprock-cdf67a3cca8258ae
1;deeprock-cdd8c6b13012a1a0
1;deeprock-cdd142f6916dbdd1
1;deeprock-cdb96ef0cc7c0637
1;deeprock-cd75bdfa489a7480
1;deeprock-cd5e6ac451a20dee
1;deeprock-cd4e7f48ebb11867
1;deeprock-cd425df2645cbe08
1;deeprock-cd193c71ade6135d
1;deeprock-ccfe73ecbe851e4d
1;deeprock-ccf335bfa4928d3d
1;deeprock-cc9d2c498ae76676
1;deeprock-cc8fada4d674d1fb
1;deeprock-cc7c4fd5971fb4b7
1;deeprock-cc387ee17f25cdaa
1;deeprock-cc1fba055400021f
1;deeprock-cc0e5b32792eebad
1;deeprock-cbe46dc811d57b26
1;deeprock-cbc4c13e5d75eb8e
1;deeprock-cbac8e67b2f75792
1;deeprock-cb9a1f050b02a7e0
1;deeprock-cb9777aab24d0c8b
1;deeprock-cb9683dfe36264ca
1;deeprock-cb8bc23e77feba06
1;deeprock-cb8721f402df889d
1;deeprock-cb7a7f5033d6bdc5
1;deeprock-cb7735cbf574425b
1;deeprock-cb519a7b753fa9e2
1;deeprock-cb2cc0d134d24469
1;deeprock-cb2440b4e23684f6
1;deeprock-cb09a9feeea39bf9
1;deeprock-cb059c043c45b144
1;deeprock-cac362f0bfcb9d86
1;deeprock-ca7a1a4bf9f99dba
1;deeprock-ca6216a5c7b8e006
1;deeprock-ca2622fa9e8c39e9
1;deeprock-c9fa5ed75001212c
1;deeprock-c9932a596c734f58
1;deeprock-c924e186a0827c06
1;deeprock-c908bd556f6203dc
1;deeprock-c9056628ffbd4ada
1;deeprock-c8fe4e6ec305983a
1;deeprock-c8dc5bf8d70dfc79
1;deeprock-c8cfce324ef12c80
1;deeprock-c8ab5291d76a2598
1;deeprock-c888aed03a92c126
1;deeprock-c87727104bcdbcc5
1;deeprock-c86ce7a6329f3af7
1;deeprock-c8414cb25bcb9c4e
1;deeprock-c8410e94bf90d546
1;deeprock-c7fde2dd71badc00
1;deeprock-c7e0d1b91749a5ae
1;deeprock-c7c39c8cc1d20e37
1;deeprock-c79ff48922320c29
1;deeprock-c78ef7a64533f4f0
1;deeprock-c76cf306a04cdb05
1;deeprock-c75006055e734312
1;deeprock-c71ee28636a8d84c
1;deeprock-c7177979344bf576
1;deeprock-c713253adcc5142d
1;deeprock-c70c47a83f41b0c1
1;deeprock-c6d3352b2801fe0c
1;deeprock-c6cf3b6ac9129bf2
1;deeprock-c6ae391b41694b1d
1;deeprock-c68ab4aa48ee5e2e
1;deeprock-c5fc4013a6776449
1;deeprock-c5f064709f779663
1;deeprock-c5e087bd53c416e1
1;deeprock-c5d50fd322ff7c2f
1;deeprock-c5d1bc7616741446
1;deeprock-c5a74922f6cbff48
1;deeprock-c57f03ff7d2e3f97
1;deeprock-c52d8774b2bc173e
1;deeprock-c4f3d96e8234cdf3
1;deeprock-c4f130846e98ce3a
1;deeprock-c4cad8dcfbc47b2b
1;deeprock-c4c76b079be9fbf3
1;deeprock-c49c4a5d636e6967
1;deeprock-c490ced6fb5483b0
1;deeprock-c46cd9ed7fab7f6b
1;deeprock-c4527c0ef8d513f5
1;deeprock-c445d3c2faaa80df
1;deeprock-c42f128b93412782
1;deeprock-c3ec98ddabb67a2d
1;deeprock-c3e91ef6169aa2ce
1;deeprock-c34da4e3d12bd0c3
1;deeprock-c33e722ff976c69e
1;deeprock-c2fbb92f31283404
1;deeprock-c2c467bba797d1c3
1;deeprock-c2b99c4c3d824ddf
1;deeprock-c2b5a83789af2fa8
1;deeprock-c28efd9d8473b9fa
1;deeprock-c202247af6abe232
1;deeprock-c1fedc1e0228652b
1;deeprock-c1abaeb78fdc224f
1;deeprock-c1a162da44e35341
1;deeprock-c156d91db5f3877c
1;deeprock-c13a4c406632793e
1;deeprock-c1147eab9a6093e8
1;deeprock-c0c2dcc9e6ebf4fd
1;deeprock-c0aa5fe9a51bb63e
1;deeprock-c072edcdb5e545a4
1;deeprock-c062c2da94c2826b
1;deeprock-c049e52f61a6eda5
1;deeprock-c022832e681e96e1
1;deeprock-bff4ae822102ece7
1;deeprock-bfe7eb5970e0fc6a
1;deeprock-bfacd0b9f23833a3
1;deeprock-bfa50ca375a9b490
1;deeprock-bf96bb41d95b8a2a
1;deeprock-bf70723f0fdbcb94
1;deeprock-bf41db55f0f3d07c
1;deeprock-bf2ed347ea99e152
1;deeprock-bee734ce1952565e
1;deeprock-beb6420aa9455f5b
1;deeprock-bea4de4c31f6c57c
1;deeprock-be7989f95cba84c2
1;deeprock-be35b0d4e1244442
1;deeprock-be10f574d49554da
1;deeprock-bdf70f2cf184c97a
1;deeprock-bdeadd9c6cdc99d2
1;deeprock-bde7092785a766fd
1;deeprock-bddf85a59280e5f7
1;deeprock-bd8e4240f535f2bd
1;deeprock-bd80e6140974b2f2
1;deeprock-bd7238aeef41dbae
1;deeprock-bd363c0e32c136e4
1;deeprock-bd1435b586f31b48
1;deeprock-bcf78517d0e62368
1;deeprock-bcee618d34713f93
1;deeprock-bcc9d38255eeacf9
1;deeprock-bcbc34142d6d70fe
1;deeprock-bc89c99b62753b10
1;deeprock-bc6ccf5d125edea8
1;deeprock-bc6a9fb22a1795d9
1;deeprock-bc2c693265c5ae3b
1;deeprock-bc12a3b34edac09a
1;deeprock-bbf0541b7b43b55d
1;deeprock-bbe03eb107e14aa6
1;deeprock-bb8c9da5a2a23baa
1;deeprock-bb8680224a438934
1;deeprock-bb2eff19c8c0d90f
1;deeprock-bb29856e7babbc67
1;deeprock-bb17246fa74c7e22
1;deeprock-bb135bea606801b7
1;deeprock-bae773211676e726
1;deeprock-bae22524adc32158
1;deeprock-badae42123880b09
1;deeprock-babc03728c947e2c
1;deeprock-bab8f46b14803284
1;deeprock-ba9776dc98caa2b2
1;deeprock-ba79699fd48f5a97
1;deeprock-ba76a983312d163d
1;deeprock-ba52c7b8e02075d2
1;deeprock-ba1df58f725debd0
1;deeprock-ba18b3d31c9b4465
1;deeprock-b9f6bd5a3b27014b
1;deeprock-b989628da3559c08
1;deeprock-b95076bcec3ac91f
1;deeprock-b8e67d2c9b7385d8
1;deeprock-b8b1cb2ec0f64f0d
1;deeprock-b8b17ca64d75a4aa
1;deeprock-b8a95fd6f3a0bc67
1;deeprock-b87bc355e541246c
1;deeprock-b87a733d42b2311a
1;deeprock-b864d9952d74c1b5
1;deeprock-b83c311436238b72
1;deeprock-b8055893fb12dca5
1;deeprock-b7dd0fc39f222b9b
1;deeprock-b7d33894fe3b5e7c
1;deeprock-b784cc328d52b6e9
1;deeprock-b77bd2e525cd9415
1;deeprock-b748f0e1fb7c733e
1;deeprock-b73b16f359840273
1;deeprock-b7121b53f8c28922
1;deeprock-b6f9827bd2ae1b58
1;deeprock-b6e40fbc46d2fa66
1;deeprock-b6b66899ab36000d
1;deeprock-b69af4bf7e138a1f
1;deeprock-b697784e77728b0a
1;deeprock-b6834dc60dc08eb4
1;deeprock-b682b3e797a7f1af
1;deeprock-b652b3b7b19e109a
1;deeprock-b63d6c448c0d9319
1;deeprock-b5e4743b9fd6d488
1;deeprock-b5a51d2854efc37f
1;deeprock-b57e553bf50cea20
1;deeprock-b56ba1f73face09b
1;deeprock-b56704d9279d2f8c
1;deeprock-b564912f879e2392
1;deeprock-b563b1e3d859f788
1;deeprock-b5619979b8001787
1;deeprock-b534b63bfdad4c4c
1;deeprock-b53454f51f6fc077
1;deeprock-b4b28b160d030ae8
1;deeprock-b4aafa02d46ab549
1;deeprock-b4aaf9a733517ccd
1;deeprock-b498078536ab9753
1;deeprock-b47ee0537e078f9b
1;deeprock-b47aff63e0f6a770
1;deeprock-b478f90632b67f20
1;deeprock-b43bbcefee156430
1;deeprock-b43b99c747242d41
1;deeprock-b36e0e9efd7f42bf
1;deeprock-b355ceb8d69f93b2
1;deeprock-b2cfd57c8fb3e173
1;deeprock-b2caf78b56931d10
1;deeprock-b2bf3c1f31d0059f
1;deeprock-b2b6f32dec4ece65
1;deeprock-b2ae9e6932231fa0
1;deeprock-b2a4ffaf5b2edbe0
1;deeprock-b29f1bd3f3affffe
1;deeprock-b27c16da0cc59d8a
1;deeprock-b227fc968370e76c
1;deeprock-b2060e60b3164249
1;deeprock-b1e6d408e2b258f7
1;deeprock-b1ced7a63af05bf2
1;deeprock-b1aad795d06e6380
1;deeprock-b1aa6a793164331a
1;deeprock-b197e09c50bdbabd
1;deeprock-b186e138829bf29a
1;deeprock-b171d1053d64fcea
1;deeprock-b16a765e84043a31
1;deeprock-b163e1f3e3f12c30
1;deeprock-b15f905682eb30ec
1;deeprock-b12f0388d0900e75
1;deeprock-b12aebb3d30a2292
1;deeprock-b0fca27ee4790c35
1;deeprock-b0debb8c73732f67
1;deeprock-b0dd7078498c16f6
1;deeprock-b0a1b2a00ba44341
1;deeprock-b097b4523cda2bdf
1;deeprock-afb0a84ba6f3c2d0
1;deeprock-af9b47c5b28c1bbd
1;deeprock-af8814c231cdc156
1;deeprock-af805fc83b6ffddf
1;deeprock-af6a5db31086ae05
1;deeprock-af0624d738bd0f97
1;deeprock-aef5ea561d10dfc0
1;deeprock-aeb6c31723e8bc4f
1;deeprock-ae7aca1c8b723d74
1;deeprock-ae59e8ce489ad1f2
1;deeprock-ae3be140a9d07142
1;deeprock-ae2b5d3c1616469e
1;deeprock-ae06a6fa23d7b151
1;deeprock-ae04b85be59c5612
1;deeprock-ae015f53811fd25c
1;deeprock-ade26d835a27349c
1;deeprock-ad7a485e00183d62
1;deeprock-ad74b156248717de
1;deeprock-ad51f21d2047dadd
1;deeprock-ad484c64cd896a92
1;deeprock-ad3efef2d453be65
1;deeprock-ad350bd3cc72c12b
1;deeprock-acfb18127cf0cc4f
1;deeprock-acc450e3f7a0c4dc
1;deeprock-acbb242fafa7f197
1;deeprock-ac9c85079133039d
1;deeprock-ac90ca6ed7d5f1c2
1;deeprock-ac88d3dea0673086
1;deeprock-ac82ee697a9fdafc
1;deeprock-ac54e4d2c3039c10
1;deeprock-abfa3ded95a31f0d
1;deeprock-ab9eeb7b697a4560
1;deeprock-aafa01aaf6072f3a
1;deeprock-aac9bbd9a19c2f3c
1;deeprock-aa95390dde42d414
1;deeprock-aa83009c8342aa47
1;deeprock-aa5977c0b74470a2
1;deeprock-aa10b591fae8c77c
1;deeprock-aa0ba55306110449
1;deeprock-a9ba1b4748e5ef22
1;deeprock-a9ae86c6a4103f79
1;deeprock-a9a161d3fe1bb5bf
1;deeprock-a998b4d8b7add03c
1;deeprock-a9670e16e471fd4e
1;deeprock-a956ce82eafe590a
1;deeprock-a91b79b075969612
1;deeprock-a8ec17bbc15edb18
1;deeprock-a8d609c0f8f0544f
1;deeprock-a8d4eb24b9f230fb
1;deeprock-a84080e693814ed7
1;deeprock-a83a7c0f3e0a5bfd
1;deeprock-a77351c12167ffde
1;deeprock-a75879dbe8bb8c1e
1;deeprock-a74b0c5ef83591d7
1;deeprock-a6e002e5ba79bf7f
1;deeprock-a6aed096b545bc93
1;deeprock-a699966223522497
1;deeprock-a66e3d43f5d13b0f
1;deeprock-a65f8e3027e5ef12
1;deeprock-a6394841a7de4a65
1;deeprock-a5f3206dfb1c439c
1;deeprock-a5d0e960df976667
1;deeprock-a57a45d683f50d64
1;deeprock-a573adf3db7d7d96
1;deeprock-a5698e57424fa73c
1;deeprock-a55e78b3caf03d73
1;deeprock-a52b15a118065919
1;deeprock-a5255283fc457700
1;deeprock-a51ade5c3e4d62a2
1;deeprock-a4face86f0fcdf50
1;deeprock-a4a9dce4f81fd2e1
1;deeprock-a47c015b69eea5d4
1;deeprock-a453f4082576c627
1;deeprock-a42f2550c4ce1c6d
1;deeprock-a3edd955be7b888f
1;deeprock-a3e4223d591e4395
1;deeprock-a3b5916de0e2755e
1;deeprock-a34e3181d5a75f7e
1;deeprock-a337e4ecf9480cbe
1;deeprock-a335a1ad12b00c9b
1;deeprock-a312f995a6265b01
1;deeprock-a2e5abe5202f4096
1;deeprock-a2aad02937fac078
1;deeprock-a29de8deb443f3e6
1;deeprock-a25c1759e32576fd
1;deeprock-a1fa8137d4b26d85
1;deeprock-a1c49004866e0e95
1;deeprock-a16026731ab46c63
1;deeprock-a15529f927a0e678
1;deeprock-a126b618a8d06c12
1;deeprock-a113552b997680c1
1;deeprock-a1052425c694ea4f
1;deeprock-a10523a307baa8ec
1;deeprock-a0f7279f2722bfd3
1;deeprock-a0ad7105735d5159
1;deeprock-a08f0545454156a1
1;deeprock-a073cf113c32a0cf
1;deeprock-a00138b3efbd8718
1;deeprock-9ff74aa5e0e3abe0
1;deeprock-9feb836d66ce50be
1;deeprock-9fd7996cad04ffb9
1;deeprock-9fa8433bb59007d4
1;deeprock-9f8f072e30e4e772
1;deeprock-9f8bbefa2377591f
1;deeprock-9f4213c896c88a31
1;deeprock-9f3c345c2f63851d
1;deeprock-9f267b12cfeb5990
1;deeprock-9f109067ec5b9f63
1;deeprock-9f005fd48089cc42
1;deeprock-9ef3b0ea4f6d0a1a
1;deeprock-9ebb8842b475f121
1;deeprock-9eba5cdff46a09f4
1;deeprock-9e8da3529a58120d
1;deeprock-9e6e848191921b55
1;deeprock-9e4f8f34910978f4
1;deeprock-9e2e3c9d54d77270
1;deeprock-9e1e72458d56e72e
1;deeprock-9e13225b7a83900d
1;deeprock-9dc3f3eaf06c63fd
1;deeprock-9d8c650260aa1542
1;deeprock-9d8279bdae104d84
1;deeprock-9d771561fea30804
1;deeprock-9d70cd381f119e44
1;deeprock-9d6b1515feba09fb
1;deeprock-9d66608b909a8d47
1;deeprock-9d4a73fda3755659
1;deeprock-9d33bdcb6118edd1
1;deeprock-9d06b75d44256d16
1;deeprock-9ceab9571e336a17
1;deeprock-9cbffda57e77443c
1;deeprock-9c9d81bdc823397e
1;deeprock-9c978e12f217f2c7
1;deeprock-9c83c34bc5443659
1;deeprock-9c702d905132619d
1;deeprock-9c650199d8b1978f
1;deeprock-9c4f4574a9c6d41b
1;deeprock-9c29d17aa72e8632
1;deeprock-9c213a52b2927566
1;deeprock-9c1a6e3ca1735c3a
1;deeprock-9c0b7dc433c77582
1;deeprock-9be76412765644ba
1;deeprock-9bd6006b5cd6571a
1;deeprock-9b960057002fce5e
1;deeprock-9b6f3134efc03fbc
1;deeprock-9b680d845e06b9ad
1;deeprock-9b58577de5a86108
1;deeprock-9b3373067e92026a
1;deeprock-9b10b15aae5f8667
1;deeprock-9b0e2b36e123e2ad
1;deeprock-9af48113e5054c64
1;deeprock-9acadc775cc0cd20
1;deeprock-9a7a69f948b22961
1;deeprock-9a7267f0b39dd204
1;deeprock-9a5fac441f3250e2
1;deeprock-9a37c7a27a8cb8c4
1;deeprock-9a219469152fe35c
1;deeprock-9a08fa08d4c74bd5
1;deeprock-9a0471ba5123d6e1
1;deeprock-99f8dd62a8c91d34
1;deeprock-99ef7b5b5700a876
1;deeprock-99e7726d294b3bc2
1;deeprock-99b955b7c85295a3
1;deeprock-99a7fea531ae607c
1;deeprock-9985bef0ff31fbdb
1;deeprock-9980ab116ec16845
1;deeprock-99806825ea0ae786
1;deeprock-991fa3dd5fee4aee
1;deeprock-991f8aa8af7c807d
1;deeprock-99095a0a322235b2
1;deeprock-99021b0d3fd809d4
1;deeprock-98fd7bed211c2493
1;deeprock-98bb47ab913e6286
1;deeprock-98b4028e9b617bcc
1;deeprock-983f540e59868b10
1;deeprock-97f6f1a1db342cf9
1;deeprock-97c06a865cdb959d
1;deeprock-97b1199447724555
1;deeprock-976189f5bbec9693
1;deeprock-9755dd4438a0cb48
1;deeprock-970efe18262efe4c
1;deeprock-97087bb4e52d350b
1;deeprock-970116d09ee04b0c
1;deeprock-96fed67c0c0e7321
1;deeprock-96fb0da342af3012
1;deeprock-96ba1a9c8bb0490d
1;deeprock-96a1aa24232256bd
1;deeprock-96436ff9b9196e6c
1;deeprock-9639c12c525591de
1;deeprock-9631279591710e18
1;deeprock-962a4ae11a876a75
1;deeprock-95e258efe3cd59cb
1;deeprock-95dc8336bb0461c5
1;deeprock-95dbf982e21eb10e
1;deeprock-95c4538b74f00f81
1;deeprock-95a9a9e5f3ec0746
1;deeprock-9577e2ef2e1502c2
1;deeprock-952075447f1b0958
1;deeprock-950aa6f4672c6274
1;deeprock-950938df11cf75d1
1;deeprock-94fbce292b8f1a2e
1;deeprock-94f21acf88914275
1;deeprock-949f934b55a250f2
1;deeprock-944fdfe775eff35f
1;deeprock-941275cab3de88b2
1;deeprock-93f33c2e329c400d
1;deeprock-93f1f9f50b9d13a9
1;deeprock-93ef0780313dd263
1;deeprock-93c7ca084284115a
1;deeprock-938e48b8015e3855
1;deeprock-93730343b23c2231
1;deeprock-93676436f8f1c64b
1;deeprock-933dd8e2f9b900c0
1;deeprock-93285a2960228003
1;deeprock-92dfb188f411fe42
1;deeprock-92de9aff77c6fed7
1;deeprock-92c486a24c802bcb
1;deeprock-92a56d772244160c
1;deeprock-92a4449bf2d888e6
1;deeprock-928764211aa516f3
1;deeprock-925ae75eb172fd46
1;deeprock-91dbb79ac93fccd7
1;deeprock-91d822b49bc78b72
1;deeprock-919c46de4509c0d2
1;deeprock-917f863adccecfaf
1;deeprock-9177a1d9b41e11eb
1;deeprock-9158405277d0d475
1;deeprock-9142f70efe240b43
1;deeprock-9125951f1bc4c13c
1;deeprock-911bb2176a29dfca
1;deeprock-9111077d05facddf
1;deeprock-90e5cd842ec826e3
1;deeprock-90abcb1355a5e7d1
1;deeprock-907e54b1f832ec0c
1;deeprock-906716e9512dc7a3
1;deeprock-9060cf99a3289dbe
1;deeprock-90520b0d598d2797
1;deeprock-904d0072386b2925
1;deeprock-9049824aedd0ebf5
1;deeprock-90127db224681009
1;deeprock-8fcd35f0c58bc726
1;deeprock-8fc78f109986c0b2
1;deeprock-8f922bb413c25c11
1;deeprock-8f2aa06d4d658925
1;deeprock-8ec847c8d118ee2f
1;deeprock-8ea48f6ffb3a50c3
1;deeprock-8e702a5df2593316
1;deeprock-8e64e22b069cae07
1;deeprock-8e54cdf84bc8f542
1;deeprock-8e422ed23bc4072c
1;deeprock-8dec3cfc030d7563
1;deeprock-8dda59d5a65e8429
1;deeprock-8dcfc53db5f5d4a4
1;deeprock-8d9ff395a3d3e53d
1;deeprock-8d7261a4ae989a5f
1;deeprock-8d5f99436879c15c
1;deeprock-8d48c3e92b2999cf
1;deeprock-8d33f042009f0817
1;deeprock-8d1d0b5f49f41734
1;deeprock-8d0be6571294db68
1;deeprock-8ca03e75febb6737
1;deeprock-8c915b3729793eec
1;deeprock-8c8bb4bcb7c78b81
1;deeprock-8c6851c7094244a9
1;deeprock-8c397a981667204f
1;deeprock-8bfddc8f4cc24670
1;deeprock-8bf2f2e9c6aedd07
1;deeprock-8bd9bb7c0deb1938
1;deeprock-8bd9a3c40265580e
1;deeprock-8bd3d556da15ae66
1;deeprock-8b4cd93c21720d47
1;deeprock-8b43891897c19b9d
1;deeprock-8b268699f252e3c2
1;deeprock-8b1b422617c85f8b
1;deeprock-8ac0ec08f499c4ef
1;deeprock-8aa27174c55d154e
1;deeprock-8a9c0443b9429d07
1;deeprock-8a8763d7c2487dce
1;deeprock-8a6b2e22baa50d9d
1;deeprock-8a300ad53d167eb6
1;deeprock-8a1e171e9e66c299
1;deeprock-89eb2f2d8e429c76
1;deeprock-89cdf4ebf5780b11
1;deeprock-89b324d32c107ce7
1;deeprock-89b18c172c434410
1;deeprock-8992ff62a472fd86
1;deeprock-8973a381df61cd46
1;deeprock-893b9c48d41bde6c
1;deeprock-89328ca589cd2b43
1;deeprock-8920ca653c57eaa9
1;deeprock-890aa13be4bd3120
1;deeprock-88eab07881b10948
1;deeprock-88c89a42743b370d
1;deeprock-8864f40c57cfd351
1;deeprock-885a8b248d464f6c
1;deeprock-8813e59a687061a8
1;deeprock-8801c3288f2ab954
1;deeprock-8800ead4030d28ff
1;deeprock-87e36e3908420f1d
1;deeprock-87d706f7f4d0c55e
1;deeprock-879587f794e32759
1;deeprock-8760213e93b07916
1;deeprock-86f225747008860a
1;deeprock-86e1416ba7ad2c2d
1;deeprock-86bcb9986a367583
1;deeprock-868dfaa54510dec1
1;deeprock-85c500b0fccf713f
1;deeprock-858a6f3fbf21c978
1;deeprock-8589871a72f565ba
1;deeprock-8582ac2374bbc982
1;deeprock-857b6aae49d4d040
1;deeprock-856cad4e2258706c
1;deeprock-8558c1c720fc8f80
1;deeprock-84a8b83d81ece33e
1;deeprock-8498bbe6f9520900
1;deeprock-84741f75b5bf22e1
1;deeprock-845e601db7bbf416
1;deeprock-83d2639670da29a9
1;deeprock-837e3589ca60f0f7
1;deeprock-836dc732c272f644
1;deeprock-835bd32839fd8a96
1;deeprock-8350cc1a3df2fb45
1;deeprock-834c20f04a44efbe
1;deeprock-8342dc7442a465e4
1;deeprock-833ba82be8068724
1;deeprock-8314f9b1a880431d
1;deeprock-82ec7c8f3faaaf6b
1;deeprock-82c9d7b4994d19f0
1;deeprock-82bdb939574efa42
1;deeprock-8295783ace7fe8ed
1;deeprock-82383c1599508013
1;deeprock-820a3aa5de88fa94
1;deeprock-81f8311f8dc2f7cc
1;deeprock-81e4db5c608cdd43
1;deeprock-81cdef90555e9362
1;deeprock-81c4a1776b199db4
1;deeprock-81a8434bebe48c4a
1;deeprock-81a45f90d8a53a9b
1;deeprock-811561f149209160
1;deeprock-810d486727900c88
1;deeprock-80e83b80b28575ec
1;deeprock-808594fb80ae3af3
1;deeprock-80628855bce015cf
1;deeprock-80561602283952c7
1;deeprock-803991030d92c7b6
1;deeprock-8020e233a6191a35
1;deeprock-7ff4029e217eb475
1;deeprock-7fd234e9bc53dfc9
1;deeprock-7fb94ed24a653f28
1;deeprock-7f814c61b2d62540
1;deeprock-7f80cc009b613d89
1;deeprock-7f4ec9caa7fbea5a
1;deeprock-7f3c7bc4385ee545
1;deeprock-7f2a3aa1adc41e91
1;deeprock-7f188354b4e5906c
1;deeprock-7f14cbbc9aa5999b
1;deeprock-7f0d300b82e8a603
1;deeprock-7eb60da563f8bab3
1;deeprock-7e9119e3adacc357
1;deeprock-7e025ad67090839c
1;deeprock-7ddf1dc56fe9ece8
1;deeprock-7dda4ddf69fe4ef2
1;deeprock-7dd5e68fb54c1b4c
1;deeprock-7dce89edabc96b04
1;deeprock-7da1ec991ff25291
1;deeprock-7d7f6358016fe4a2
1;deeprock-7d4843a4a588794f
1;deeprock-7d41786c0d4c430f
1;deeprock-7d250e51b8afd259
1;deeprock-7d11e8e18442bbba
1;deeprock-7d0e4ec9c77d2f1b
1;deeprock-7cfe0af809ec435c
1;deeprock-7cd83b0a6e69984c
1;deeprock-7ccf64dc5d0390ab
1;deeprock-7cc9a96668aef6d7
1;deeprock-7cc986aea6ca78dd
1;deeprock-7ca991340d53b144
1;deeprock-7c6e28721c3a8cec
1;deeprock-7c536baac1e3b283
1;deeprock-7c3515f41524ac2d
1;deeprock-7c1bb05c1a372ecf
1;deeprock-7c1ba4afe24f9cb5
1;deeprock-7be212d4cb1fc873
1;deeprock-7ba6c4e3399accff
1;deeprock-7ba167c5a727e3d3
1;deeprock-7b7dff63bae338e5
1;deeprock-7aff6ca353e1ed83
1;deeprock-7ab8d86a949b6006
1;deeprock-7ab5339d7017b7c4
1;deeprock-7a7b1a03610c979f
1;deeprock-7a68b371972496d1
1;deeprock-7a408ce3a784bc70
1;deeprock-7a3adb78521a52aa
1;deeprock-79a5d1244ff19135
1;deeprock-79a0ce882e847afa
1;deeprock-7994f4d74844d912
1;deeprock-797b372e15b1ad9c
1;deeprock-79008f3591035b5e
1;deeprock-78f8c186ca6b0b1c
1;deeprock-78ab9d92e01f57d6
1;deeprock-78658084d8193f6a
1;deeprock-785d3df73c55c729
1;deeprock-78424c26f3b6a78d
1;deeprock-783f1fea3c7e4b50
1;deeprock-7830be961afef5e1
1;deeprock-7829ca65ba5e164d
1;deeprock-7815b517f3a5733e
1;deeprock-7806cc29f3fa35f5
1;deeprock-77e60f97760d537b
1;deeprock-77e2727cad5d05be
1;deeprock-7777269634b64692
1;deeprock-76842a9d091ea037
1;deeprock-7667ff95b971460c
1;deeprock-765d8a92497fb8c4
1;deeprock-764a5ec1f13e04c9
1;deeprock-762254e97c7971c8
1;deeprock-75fd2f3b9cdd6a34
1;deeprock-75f95289c87d2e22
1;deeprock-75f382e8b5120b74
1;deeprock-75e2f793ff41b850
1;deeprock-75c39c6fa24c02fa
1;deeprock-75a5278857ff998c
1;deeprock-75953f9075dd15d7
1;deeprock-758b397d1250ab0a
1;deeprock-755175af24313663
1;deeprock-7548da9149364ff7
1;deeprock-74b9e9bdf026cf1c
1;deeprock-7455782dcd7956df
1;deeprock-741766cdc285cf45
1;deeprock-73f6253277ac48f4
1;deeprock-73ec9c2eab763b3a
1;deeprock-73c52c3feb87d1d4
1;deeprock-735f34a53113d3ed
1;deeprock-7340cbf2ec4db242
1;deeprock-7340bb88da5e5ba1
1;deeprock-7311b4dc3446f1dd
1;deeprock-7282160827bae771
1;deeprock-7244bf52c892a200
1;deeprock-71fc4894c19ba1a9
1;deeprock-71ea7f5d66e467e0
1;deeprock-71d9b697db33dfd1
1;deeprock-71a11e3bc66a130a
1;deeprock-718cf3646a1b3389
1;deeprock-717f07f67f3283f0
1;deeprock-7165064123535453
1;deeprock-7143876f6aaca830
1;deeprock-711e224b50806ca5
1;deeprock-71125f7e9b933bb7
1;deeprock-710c7961019dec9b
1;deeprock-70a0d644727e605b
1;deeprock-7096d44868f72012
1;deeprock-7089d1e045eb9b8e
1;deeprock-7061fecef4ca7be5
1;deeprock-70603942584dd450
1;deeprock-704ee6ca3db6338a
1;deeprock-703bf179b7818e83
1;deeprock-702bb36d8b8165f4
1;deeprock-701b5065a7db923f
1;deeprock-6fea699bf366bd5b
1;deeprock-6fe41ef92294ed07
1;deeprock-6f78b5342223216a
1;deeprock-6f627a75dba80a65
1;deeprock-6f4690a3faf0d8c6
1;deeprock-6f463fcb1e79d5e4
1;deeprock-6f31a4d7587c3a22
1;deeprock-6f2e937729065e3e
1;deeprock-6f28c80eb94f5171
1;deeprock-6efe3b13464c5fde
1;deeprock-6ed101c7121d23b4
1;deeprock-6e965d843dd5fd71
1;deeprock-6e8abdd5c0b52e2c
1;deeprock-6e563a27f1b36c80
1;deeprock-6e3eaa0349a12de9
1;deeprock-6e3555d97bef5ccd
1;deeprock-6e2f7b6129a6b7b4
1;deeprock-6e27e63339dc6371
1;deeprock-6e06d14f4b117fb2
1;deeprock-6dd9b8467684723a
1;deeprock-6db86bae76da95e3
1;deeprock-6da9e5854686c269
1;deeprock-6da3ebcfb2a04e6c
1;deeprock-6d9083b3e6d0840f
1;deeprock-6d09179f570fec1b
1;deeprock-6d05424060480e17
1;deeprock-6cd6620e8ff3b1e1
1;deeprock-6cb5215f73fd4c60
1;deeprock-6cacf30366497a10
1;deeprock-6c5e68a966503502
1;deeprock-6c3600cacc766f3e
1;deeprock-6c1cd046b0bf34a5
1;deeprock-6bfc40cf8ff91616
1;deeprock-6bf06fc5b0109b2e
1;deeprock-6be5ef2ac002e93a
1;deeprock-6bc4543f8f2f58ea
1;deeprock-6ba1641ffeba9faf
1;deeprock-6b7d1d1949193ef8
1;deeprock-6b3924610509c4a6
1;deeprock-6afc027983602685
1;deeprock-6ad543f8044d8330
1;deeprock-6ad2fa88eeaedddf
1;deeprock-6ab0bb74f52e08ab
1;deeprock-6a92886c64ac7e6b
1;deeprock-6a80f511aa13e859
1;deeprock-6a6f1d5caf18a832
1;deeprock-6a6e4d3b36a69bf0
1;deeprock-6a431855fa48ee32
1;deeprock-69f7e66ff612c6fd
1;deeprock-699cf7e5c22d9ed5
1;deeprock-690d300d93ca8f1d
1;deeprock-690942deb638e572
1;deeprock-6904630a6358de03
1;deeprock-68f9ea57fe160f17
1;deeprock-68ef90b6cd377097
1;deeprock-68e49a1f7858d451
1;deeprock-68d505aee0c3a67d
1;deeprock-687406b618e38f92
1;deeprock-683f6551297e566d
1;deeprock-68314c18b23ef6b3
1;deeprock-6801401f19847885
1;deeprock-67f9ae25604e179d
1;deeprock-67e58de71e6ab000
1;deeprock-67813ba23f3831fd
1;deeprock-676c6e0f7d89bc1c
1;deeprock-67688b4438d43f8a
1;deeprock-6755dedefbc27a5e
1;deeprock-674e851f763d2b9f
1;deeprock-6747717da163763e
1;deeprock-671f656bc7db31d8
1;deeprock-66d3d26e3fa41ca2
1;deeprock-66d3aecbb0534b64
1;deeprock-66b5acdd77de2fe1
1;deeprock-66aa1ad1253d4540
1;deeprock-668cbcf6b759ca36
1;deeprock-66783b1246e4cb71
1;deeprock-66718e1e6323402c
1;deeprock-665b0d65e7b93236
1;deeprock-6632a6f0545ad9fc
1;deeprock-660b3a41f6e09af9
1;deeprock-65ec4f965b2462fd
1;deeprock-65d70b4ba9b9d2c4
1;deeprock-65610840378764fb
1;deeprock-652c6fb937938918
1;deeprock-651a5d76e299cff0
1;deeprock-6518df95606e5686
1;deeprock-64a0045bac00882c
1;deeprock-64872be5658ae2fd
1;deeprock-6484e6b7eb48ebfb
1;deeprock-645a2f1cb3b87696
1;deeprock-643aff15d3768a9c
1;deeprock-6436ce06e6cede29
1;deeprock-63dfd09053ca8aef
1;deeprock-63c814832c01a181
1;deeprock-63850d2575c63939
1;deeprock-6380ad102bb889f0
1;deeprock-6348c1e88ac11dd8
1;deeprock-632b90b29dd27d0b
1;deeprock-6302a67574cbdb86
1;deeprock-62c4ca1ab68c4c16
1;deeprock-62be07f861c0ba1f
1;deeprock-62b8ef5697c455ea
1;deeprock-62a9c5aa5016c683
1;deeprock-6295f9b11e3b1dcb
1;deeprock-628cbf36da0106a2
1;deeprock-625448a058ef738c
1;deeprock-621631ed7ace4860
1;deeprock-61f163c8b9173b28
1;deeprock-61c2f4ec7918d036
1;deeprock-61a454329149b17d
1;deeprock-6185c1b60ed8a889
1;deeprock-61232ae45882d82a
1;deeprock-60d32cc593e8d5e5
1;deeprock-60cbaf3c094df68a
1;deeprock-60a8c5a895300a37
1;deeprock-60a7686cba0ec97c
1;deeprock-60663a7643cd225d
1;deeprock-604b3362874d6925
1;deeprock-5ffe91ac24151b3c
1;deeprock-5fd210637aa22589
1;deeprock-5fc37815211f2393
1;deeprock-5fa1da3453130dba
1;deeprock-5f7a2ccf844ed589
1;deeprock-5f6f98a37bc9ea54
1;deeprock-5f6f120dc0fc4e24
1;deeprock-5f58e20a7b35fb55
1;deeprock-5f3d4b7c5b94d5de
1;deeprock-5efe2329ef8bfb19
1;deeprock-5ecbc37fd048ea7c
1;deeprock-5eca096e7131a623
1;deeprock-5ec48331178d3c80
1;deeprock-5ebc99718ceec827
1;deeprock-5eb4bc28701ff2d4
1;deeprock-5e833a7ab19c5158
1;deeprock-5e6835ca5f510cab
1;deeprock-5e2e4817c2339758
1;deeprock-5e1932b3c520d43d
1;deeprock-5df350e77104486c
1;deeprock-5dc7ff5ded4151d8
1;deeprock-5d9e1bb49cf2c682
1;deeprock-5d974e369c663ab0
1;deeprock-5d9531cc6c58c4ba
1;deeprock-5d2c76f4cb3a8557
1;deeprock-5d05a69158e53261
1;deeprock-5ced2c5549e57968
1;deeprock-5cde9b9f476812ee
1;deeprock-5c97c9d40ba247f0
1;deeprock-5c897c3106ac99b9
1;deeprock-5c3f4125f2004a00
1;deeprock-5c27740f975d351a
1;deeprock-5c24d8a7dbdd606d
1;deeprock-5c24a15aa7f862cb
1;deeprock-5c136e918f6c2a83
1;deeprock-5c105fdc81917cad
1;deeprock-5c0e09541bb7b5b3
1;deeprock-5bea536bc1cecd4b
1;deeprock-5bd7619dfa1be019
1;deeprock-5bcac8c7125ba079
1;deeprock-5bc2b34c82457965
1;deeprock-5ba8dae12ccfd74f
1;deeprock-5b8f44bafed5d071
1;deeprock-5b61429cd38530f2
1;deeprock-5b59d6a9b350d53d
1;deeprock-5b589b88839313aa
1;deeprock-5b38e2f9f5e91c77
1;deeprock-5b041e830f984511
1;deeprock-5ae9311ed60ee195
1;deeprock-5adfc303d7d0aee5
1;deeprock-5ad3cb195696604c
1;deeprock-5aca6e49b0ffed69
1;deeprock-5abea6782948f025
1;deeprock-5a7941525cd1bd61
1;deeprock-5a556ddebbd7795b
1;deeprock-5a37e17893293ae3
1;deeprock-5a2a3e20e6eeca1f
1;deeprock-59fa63095a945882
1;deeprock-59e489c489b96229
1;deeprock-59afcbddef71a949
1;deeprock-59ab21ec247307d3
1;deeprock-597620d373c56ff5
1;deeprock-5937cb41517f2a51
1;deeprock-590afb8abe7af4ab
1;deeprock-58fae306462ac39c
1;deeprock-58ebed5a68b03bb9
1;deeprock-58d9f8f642d69d16
1;deeprock-589ced1dbefa0b0d
1;deeprock-585113aa58350d0a
1;deeprock-57b0d10b1393fb8a
1;deeprock-579c6b09a6bb4709
1;deeprock-5785a4b21696663d
1;deeprock-574b5cbec7cc7472
1;deeprock-5744453eb2b18d0e
1;deeprock-5739174b2b0b4956
1;deeprock-571334b1222bc16a
1;deeprock-56ebbd0b47e017ca
1;deeprock-56d4e4e12b49efa0
1;deeprock-5688e4133da4a5d9
1;deeprock-562464d492af0137
1;deeprock-561f0792dba2bf94
1;deeprock-55fc9c482d86c6b4
1;deeprock-55f4cf8265620156
1;deeprock-55cde697e4bf7bbe
1;deeprock-55b30a47acfcd344
1;deeprock-55a69f59b16ba0ae
1;deeprock-556b239104cdf56e
1;deeprock-551c2434c69734a3
1;deeprock-54f86ef21ce798c6
1;deeprock-54e534800fe242a0
1;deeprock-54ce92649e156d06
1;deeprock-549a0e55c9c1df8e
1;deeprock-5474ea358142d427
1;deeprock-5473c3815d808ebd
1;deeprock-5471be11c1f9fa7b
1;deeprock-546e1518d585542f
1;deeprock-5466cb4e6dca5ac8
1;deeprock-545a28aa8c07b074
1;deeprock-544d20075e88b07d
1;deeprock-544507108fc433c3
1;deeprock-5440223d58ff3c03
1;deeprock-5428981c8fc1d752
1;deeprock-54147a13a6708028
1;deeprock-54112419db661b9b
1;deeprock-540aed568d393e54
1;deeprock-538fdb01fd6af17b
1;deeprock-53856365b6f6c53a
1;deeprock-53416c94d35245d1
1;deeprock-532a68ec49d2931d
1;deeprock-530f80f5772a166b
1;deeprock-52edeacfcf5e6e5f
1;deeprock-52b348ce73e66216
1;deeprock-52734b66cfc0a803
1;deeprock-52637a46a7b1fb6d
1;deeprock-5244e78c38b30290
1;deeprock-5233eadec605535e
1;deeprock-520da52c3a3e2584
1;deeprock-51fa70a3cdee9b31
1;deeprock-51de142af3ac5a06
1;deeprock-51caa4053eb2cf9a
1;deeprock-5170878190406826
1;deeprock-512d046c9c0d485a
1;deeprock-51135cca7e98cb95
1;deeprock-51010cb4ba42167f
1;deeprock-50fa9a89703dc24e
1;deeprock-50c727e908dd41eb
1;deeprock-50c1f406785795d7
1;deeprock-50be5c185d8f004d
1;deeprock-50bb5e23665ed2d2
1;deeprock-50aa5f597221730c
1;deeprock-50a9ee41776ee933
1;deeprock-5076032e0cec5ad7
1;deeprock-506b03096cc3394a
1;deeprock-5000c01e08e13285
1;deeprock-4f9970f1e30445f7
1;deeprock-4f9097b8a36f06f8
1;deeprock-4f8c364023a59200
1;deeprock-4f690fcf15dada02
1;deeprock-4f5e6213cb53e964
1;deeprock-4f59801f93e17720
1;deeprock-4f1a13b964da60eb
1;deeprock-4f07c8b5d4d0a381
1;deeprock-4eee4ff87962d579
1;deeprock-4ea2caee4595afce
1;deeprock-4e9733902d784a8e
1;deeprock-4e8358e265996ba8
1;deeprock-4e542c77527f688a
1;deeprock-4e2201bfdf70e131
1;deeprock-4df02f3694cebc59
1;deeprock-4d994a2dd203a626
1;deeprock-4d94a4cc13abbbb4
1;deeprock-4d837c3a75fc22cf
1;deeprock-4d60f73f41583c24
1;deeprock-4d1600844eb75ead
1;deeprock-4cfffdb081da1471
1;deeprock-4cce920adf2a3e20
1;deeprock-4cc1c992e3eee8db
1;deeprock-4c8d9d2df018cddb
1;deeprock-4c7fbcaec449b0f5
1;deeprock-4c437767bba97137
1;deeprock-4c2043f830b434ff
1;deeprock-4c1d5f46b2bf4082
1;deeprock-4bcb3b2a2c07b650
1;deeprock-4b83ec131f32ceea
1;deeprock-4b5c2ca57073e4e5
1;deeprock-4b594cd37a94208f
1;deeprock-4b503cc6d11eaa2e
1;deeprock-4b1e839806d097ac
1;deeprock-4a8b6466fcb15315
1;deeprock-4a84c1e90372b726
1;deeprock-4a6e4e5c98565101
1;deeprock-4a6c9f8885d00da7
1;deeprock-4a5bc047f5b0bb19
1;deeprock-4a50565cd29fe8e5
1;deeprock-4a2b1039824dabea
1;deeprock-4a12d5b75bae703d
1;deeprock-49e6074fc1e61078
1;deeprock-49de4566a91e44d3
1;deeprock-499d097d3ff92657
1;deeprock-498a96344bf740a4
1;deeprock-498573b13c714315
1;deeprock-4944eadc4c47210f
1;deeprock-49437a16a54c64c0
1;deeprock-490c511d98488593
1;deeprock-48fcea5e4992a41f
1;deeprock-48e20e6681de2154
1;deeprock-48d1a1390cf24ff7
1;deeprock-489e8bd6889ffbf9
1;deeprock-4896b64f25f174c3
1;deeprock-4885b9c1b05802b8
1;deeprock-487453d5486fac38
1;deeprock-4872dc2d9f5a5b34
1;deeprock-4840f29c0768b131
1;deeprock-483e1e4e44d299f7
1;deeprock-483034215cf32513
1;deeprock-48005d79b38d80cb
1;deeprock-47fef40143ab743a
1;deeprock-47d5320b8337ef69
1;deeprock-47abe3087f7b5a12
1;deeprock-4777750a9164a71b
1;deeprock-4762fd03cf2c4247
1;deeprock-4738934a4382b8cb
1;deeprock-471a02c71a434d5b
1;deeprock-46f8612d8b541d09
1;deeprock-46e0f52b61b2aea0
1;deeprock-46be9e206def199b
1;deeprock-469f4f5f8ed2583c
1;deeprock-468c36d2103d5b25
1;deeprock-45fb76b3d3510c7a
1;deeprock-45fa6b33ba29c1ea
1;deeprock-45fa2e762084c7ab
1;deeprock-45d637a172e82cc0
1;deeprock-45a8ac7e55c4ca3e
1;deeprock-457a00e4069fab27
1;deeprock-456f139b270b3639
1;deeprock-456d99d3edcda423
1;deeprock-454edf1766439dc0
1;deeprock-452b717382647774
1;deeprock-4512c51cfd5e10d6
1;deeprock-44e42e8fee40d3b9
1;deeprock-44dda942158a6b19
1;deeprock-44be1fc4f1426d43
1;deeprock-44bbd761fc595e65
1;deeprock-444d0d92b7082966
1;deeprock-444a902ca99b32ef
1;deeprock-43e88db938dabe25
1;deeprock-437c698777e808a3
1;deeprock-435b4894f1d39713
1;deeprock-435b2676e655f6ee
1;deeprock-433c0886df8b551e
1;deeprock-4329c66b7a55e65c
1;deeprock-431e0e802bbda631
1;deeprock-4309fcc6005aa5c3
1;deeprock-42a4ac2559b7782d
1;deeprock-428c3bfa1189f82f
1;deeprock-4283baa1a3a36d4f
1;deeprock-4275816874d9b1ba
1;deeprock-426c43ea2416078c
1;deeprock-424f3843a567a9a7
1;deeprock-4246efb9e6b11782
1;deeprock-42355932cef08a3f
1;deeprock-422e0443e600964f
1;deeprock-4229f313cc557866
1;deeprock-4207d870b95509d2
1;deeprock-41e1f66aec16806e
1;deeprock-41d81f124075989f
1;deeprock-419a56cf8de01d6a
1;deeprock-4100564fc171ae29
1;deeprock-40f4f7154fac4746
1;deeprock-40e5b88e145536a7
1;deeprock-40baa2cea88caf3a
1;deeprock-407da83a63b1210d
1;deeprock-406806988b83efd6
1;deeprock-4061444639560e67
1;deeprock-404c087ce80d04e4
1;deeprock-3f9f31295a418bfa
1;deeprock-3f92313eb2b8588e
1;deeprock-3f8d6c10f88b9bf5
1;deeprock-3f6faa3783f05904
1;deeprock-3f6f6a7c01b20cfa
1;deeprock-3f68442fbedd638e
1;deeprock-3f1b2c5d35774321
1;deeprock-3f15ce8f5da8a272
1;deeprock-3f11050c92bcc90a
1;deeprock-3f0a3e8fa6acb327
1;deeprock-3ed8aa36d03c871f
1;deeprock-3ecbaf42da28d1ad
1;deeprock-3e92bf3d31bdbea8
1;deeprock-3e9139ed776324c3
1;deeprock-3e84410a09c64e01
1;deeprock-3e73d888e325f9f8
1;deeprock-3e5c748f67209188
1;deeprock-3e45787b30980acd
1;deeprock-3e311c41e8f22d5a
1;deeprock-3e10f167c786ce10
1;deeprock-3df8f33120e4c5d1
1;deeprock-3df59b05a52866bf
1;deeprock-3de4da3d5bae34f8
1;deeprock-3dcfa723c4c1c6bf
1;deeprock-3dcaeb5b76c6a821
1;deeprock-3d8df9603e00ea5a
1;deeprock-3d6c66e31d363925
1;deeprock-3d4d21ea9aac24d7
1;deeprock-3d2e062ebf15b294
1;deeprock-3d110b2cb6e36926
1;deeprock-3ced9ceed1a52598
1;deeprock-3ce9afb7d26edb82
1;deeprock-3cdabd2a9e93efdb
1;deeprock-3cd16b4c4a32aeb9
1;deeprock-3cb7d2260445a408
1;deeprock-3cb26e79dbf1b2ee
1;deeprock-3ca70f26d0d6e34a
1;deeprock-3c840a9d80c34f1f
1;deeprock-3c38842350b9c7e4
1;deeprock-3c0d6573e926745f
1;deeprock-3bf0dd97299ab58c
1;deeprock-3b1f18bcb6dd6fa8
1;deeprock-3afe9433ea382aee
1;deeprock-3aeee3cd5662bbae
1;deeprock-3aa8d6e40ef6ac65
1;deeprock-3a83d57c4b10787c
1;deeprock-3a46f92c0b9a183b
1;deeprock-3a3908331e0115d0
1;deeprock-39f644027b30b6cb
1;deeprock-39d55fc44233276e
1;deeprock-39cc56b939361f71
1;deeprock-39b7cbc472ae653c
1;deeprock-39ab7c2eff4694c0
1;deeprock-399d47f94a1fd0cc
1;deeprock-399229eb3d5956da
1;deeprock-3956f0f8f1f7e4fc
1;deeprock-392c94d63b95ce6f
1;deeprock-3913aff8b114ca65
1;deeprock-3906f202f3925bf3
1;deeprock-38dbc3c770a1108c
1;deeprock-38a54a448da8d90e
1;deeprock-38a3ecd9fdd4980f
1;deeprock-38a0d10b8295bd84
1;deeprock-388620cafa8e169a
1;deeprock-38810c527fe530da
1;deeprock-380d7b5ae083cdb0
1;deeprock-37e64c6b850aa3f6
1;deeprock-37e0df6cbd106025
1;deeprock-37b14633665568bb
1;deeprock-379ef5b63717dbbb
1;deeprock-3750fa5f52861304
1;deeprock-373bb97395b5f52d
1;deeprock-37076676f9859328
1;deeprock-36f95ebf866e7a69
1;deeprock-36f0676e98ea2792
1;deeprock-36e350938f2ad017
1;deeprock-36defcb4bb890d11
1;deeprock-36ba62dda8e962c1
1;deeprock-3687bb837ef53b76
1;deeprock-367be21a9454e6d1
1;deeprock-361c73935f059899
1;deeprock-35fd415b059a6013
1;deeprock-35bd46dd5898561c
1;deeprock-350183e87894e2ce
1;deeprock-34db858d0715cf83
1;deeprock-34d59d49e265f649
1;deeprock-34cd4b9f3ec27309
1;deeprock-349da1e76fa9abe1
1;deeprock-3491df11b8aefa35
1;deeprock-346c4055c9426204
1;deeprock-34685d4a1f24ddc2
1;deeprock-34107daad2969f69
1;deeprock-33f414962ccc7155
1;deeprock-33c1afce114b719d
1;deeprock-33bea92e61a04d14
1;deeprock-33a64ff502b57cf9
1;deeprock-3396d23b5b222055
1;deeprock-3373a99be2b92348
1;deeprock-3366c25c55a1accf
1;deeprock-3360f538dd778ba2
1;deeprock-33293186841e7144
1;deeprock-32ff80ded52862b1
1;deeprock-32e2dd17dd756339
1;deeprock-32c6248213d2c7bb
1;deeprock-32a0a0aac9a6e73c
1;deeprock-32768378b5a9053d
1;deeprock-326f80543f462991
1;deeprock-3259e094d2c29888
1;deeprock-323b7c8a5d08a9a3
1;deeprock-32054509462d20d2
1;deeprock-3203a700578e4f13
1;deeprock-31a1562809b2edf6
1;deeprock-3181906f9dbf413e
1;deeprock-3177f962a520619e
1;deeprock-3150f3b9bf82f64c
1;deeprock-30f9fc0a895496f8
1;deeprock-30f830dcb8d021d5
1;deeprock-30d7fa4b551e8254
1;deeprock-30bf1645b70a2b05
1;deeprock-3076748fd2c2c122
1;deeprock-30640d02aa64eb8e
1;deeprock-302b310aae72bb40
1;deeprock-3014d94c9c5bc27e
1;deeprock-2fd17b30274f2bf6
1;deeprock-2f74abfa05e44e7d
1;deeprock-2f6e021cd4a7e39a
1;deeprock-2f62aae063252d6d
1;deeprock-2f61464e13f9adc6
1;deeprock-2f3a9d3b94c399f0
1;deeprock-2f215c7a78caec45
1;deeprock-2effdadae2252e11
1;deeprock-2ed4fdca32995975
1;deeprock-2eb9ac996ea5dba9
1;deeprock-2eabedaaac65f38b
1;deeprock-2ea41f6c50e08d68
1;deeprock-2e791ed95b8bef13
1;deeprock-2e73cc6de1bb4525
1;deeprock-2e6fd49278511ebb
1;deeprock-2e6f3db193edf313
1;deeprock-2e3468fc6d5c6ade
1;deeprock-2e0b6d1ff72ef547
1;deeprock-2ddd6c609ac390e3
1;deeprock-2dccd49822d32bc2
1;deeprock-2da7f6d59ea8fdff
1;deeprock-2d6eacb6863196da
1;deeprock-2d679aac673ce0cc
1;deeprock-2caa3d093f2ae8f2
1;deeprock-2c89b121835c5e36
1;deeprock-2c5c1afca22ea293
1;deeprock-2c531e569d8414ad
1;deeprock-2c334bb67b30410f
1;deeprock-2c0b5a09aa57025e
1;deeprock-2c0019074223ceab
1;deeprock-2bf36b735214c1c6
1;deeprock-2be9d7ed07ebf477
1;deeprock-2be24e24e61b674b
1;deeprock-2bdaaff714848614
1;deeprock-2bc59297d7898bc4
1;deeprock-2bc2e7ae230c3ec9
1;deeprock-2bb8e92f491f2bde
1;deeprock-2bb2a660f3e5d6b4
1;deeprock-2b91b8d0e8afbf72
1;deeprock-2b305120e86f6165
1;deeprock-2aa76f43ddc73486
1;deeprock-2aa55b9fa6590893
1;deeprock-2a97aca14633d065
1;deeprock-2a68878478ad13bd
1;deeprock-2a664cfac9961ac7
1;deeprock-2a32e83277f22b92
1;deeprock-2a327cd29c871d6d
1;deeprock-29d6827cf2d0ce43
1;deeprock-29c58a260388fb53
1;deeprock-29be7ebc3712decd
1;deeprock-29ba865e9ce5a37a
1;deeprock-29b15c87af0d553f
1;deeprock-296bad4db54c331e
1;deeprock-294c60d6544ad2fb
1;deeprock-28e38b1df6f7f825
1;deeprock-28db7133b4f87245
1;deeprock-28c6865c7ebbcb60
1;deeprock-28849a9ae6fe9abe
1;deeprock-286d091cce38fb47
1;deeprock-286b73d1bc5520c9
1;deeprock-280dc83dd59ef47e
1;deeprock-27b0cf6bb1ba30f5
1;deeprock-27782dedd72ca3b2
1;deeprock-27713e54c9f0a8f4
1;deeprock-272a941498a68a62
1;deeprock-2716bdf636a89fac
1;deeprock-27120308f45fb03e
1;deeprock-27011d67dd56a3c1
1;deeprock-26fbcac8acf64534
1;deeprock-26ee3dee43a5e83d
1;deeprock-26eb63d0d0faf3f0
1;deeprock-26c7793d5c86c06e
1;deeprock-26b30dd1cdd87b00
1;deeprock-26841d7a65fc8a12
1;deeprock-267d6484db6bc12a
1;deeprock-267209eebd3dcfe8
1;deeprock-2626bf47a22ba332
1;deeprock-25b5b6020fa88e8a
1;deeprock-2558c4fdec7a176e
1;deeprock-25057ce8c064c1bd
1;deeprock-25005c66de0c2652
1;deeprock-24e8547880496aad
1;deeprock-24bd7d24498b13e2
1;deeprock-24af9bcae0a0fd87
1;deeprock-248b2863655803c0
1;deeprock-2452ea4cb65c49d8
1;deeprock-24458c72c99dd2b5
1;deeprock-24144bf4aa0ffc3f
1;deeprock-23f213cd1c900eda
1;deeprock-23de919802b39dc1
1;deeprock-23c04b2c8eeb7520
1;deeprock-23a20924bc4a3417
1;deeprock-23241603cbc82f65
1;deeprock-22bd9d697be1c8ef
1;deeprock-22b7458fe847fd37
1;deeprock-228726e063927062
1;deeprock-22811e93176115ea
1;deeprock-2277168ef6b0aa5c
1;deeprock-225f4645379c4c34
1;deeprock-224edb33bf3f3cc9
1;deeprock-222b8a02397a41bc
1;deeprock-21e5f85b32a92b21
1;deeprock-21c70d4cfb6543a2
1;deeprock-21b2a371a09eb8b3
1;deeprock-217979d29c1446a4
1;deeprock-21590902f8529352
1;deeprock-213dc3ba0e722bc8
1;deeprock-2111d7e6f45ea801
1;deeprock-20fafc2278fea185
1;deeprock-20ee46072c523a7c
1;deeprock-20cb71fb29b77402
1;deeprock-20b5d1b340012696
1;deeprock-20aa785c891ff6cb
1;deeprock-209a2168cbac1c0e
1;deeprock-208aaf0d6cf5f6ac
1;deeprock-2088b000ae9d47af
1;deeprock-2079790e215bf9eb
1;deeprock-20482bad3a16812f
1;deeprock-201aee2fc3a94d04
1;deeprock-20103606bcd6f08f
1;deeprock-200ea4eb1735446d
1;deeprock-1ffceb4e17d49c05
1;deeprock-1fdd0e995e7f126c
1;deeprock-1fc82ae307a9473f
1;deeprock-1fa10e1493a5d27b
1;deeprock-1fa03cf1e3abc445
1;deeprock-1f5d24ad83730157
1;deeprock-1f4a8eac19be3b01
1;deeprock-1f3da678d91b0bfa
1;deeprock-1f39e939917ccabc
1;deeprock-1f2e88a4a6c178b5
1;deeprock-1f2d3c19ee3d4eab
1;deeprock-1f0415a904a17334
1;deeprock-1eb9a5d59411c9e3
1;deeprock-1e9100c8ce9b4c07
1;deeprock-1e7e76956c3fee73
1;deeprock-1e7c9e170c2575d3
1;deeprock-1e7c8da5d4f1f067
1;deeprock-1e5eb4e840554d70
1;deeprock-1e56c281bdc9d62c
1;deeprock-1e53a5ba99c1698e
1;deeprock-1e52a99a7813473c
1;deeprock-1e51194b23d29789
1;deeprock-1e0645cd6fa882e5
1;deeprock-1dda9007a9484419
1;deeprock-1dd8de156e96821e
1;deeprock-1db93a74f5c1ce9d
1;deeprock-1db8b8f9fd4fa13d
1;deeprock-1d7780e9c501c840
1;deeprock-1d4178bf614bdff1
1;deeprock-1d3a7b8e03765bd1
1;deeprock-1d2531d35b48c16c
1;deeprock-1d0827ecd6776f7a
1;deeprock-1ce43c5483f7cf5d
1;deeprock-1cc0f847db0be01f
1;deeprock-1ca4cfec069c6016
1;deeprock-1c98d6f3ebc1cca8
1;deeprock-1c8e56efbbb3b89d
1;deeprock-1c601dde69ff3cd1
1;deeprock-1c577868cc59b174
1;deeprock-1c3a2987e1591b51
1;deeprock-1c374bb81cfe16fd
1;deeprock-1c3134d8b93a44a0
1;deeprock-1c071d30fe56e0b1
1;deeprock-1c0038b4e0304fd8
1;deeprock-1bbd5bf54d509c29
1;deeprock-1b79035b5c578b82
1;deeprock-1b709a9b6a204354
1;deeprock-1b4e144b467913b8
1;deeprock-1ae12fdb444b95d6
1;deeprock-1a97c0c13c955289
1;deeprock-1a86195f3dfd8944
1;deeprock-1a7990a47ace6005
1;deeprock-1a5f253c1a337ada
1;deeprock-1a545135b31ab454
1;deeprock-1a53b0275ba40888
1;deeprock-1a34c9f6e800353a
1;deeprock-1a24db03fdd4abf5
1;deeprock-1a1bfd87f0a99e5a
1;deeprock-1a1ab14c102d4164
1;deeprock-19e61644d2ee8d1e
1;deeprock-19dfc14342a9d532
1;deeprock-19d30c75e04a319b
1;deeprock-19c61ced1e040587
1;deeprock-199034578e2c67a9
1;deeprock-197f12f28bbff7c3
1;deeprock-196045e18330b7fa
1;deeprock-195de4f55cd323aa
1;deeprock-191ee1515fc7958e
1;deeprock-1918a1aba3766dbf
1;deeprock-18f90f68fe8eba5a
1;deeprock-18eb9d2b31c69bc7
1;deeprock-18e0e92f2b819a31
1;deeprock-18c7a4d66698798b
1;deeprock-18bcfa05b2da5dd0
1;deeprock-18b6ae7ceb03c043
1;deeprock-18b4b0f6968a2626
1;deeprock-17f44894db38f527
1;deeprock-17f2c0ca00050f63
1;deeprock-17e2b6da11e046d3
1;deeprock-1794802870ca0581
1;deeprock-1780f3a02586581a
1;deeprock-177bc92e8f92f7cd
1;deeprock-17445fe4d4a5e993
1;deeprock-171e971cf0536fdf
1;deeprock-16db2778a66fa1bc
1;deeprock-16c5c928ae3c0fc2
1;deeprock-16c0d0ada993e599
1;deeprock-16c0bd1c50d848cb
1;deeprock-169d0f24ef10a7fd
1;deeprock-1699fdcd2aad12be
1;deeprock-1636bd546ab0225f
1;deeprock-15f903916e2894dc
1;deeprock-15eac15215f8cee0
1;deeprock-15e6d97fe182b39c
1;deeprock-15cfc701983b6971
1;deeprock-158ace3fdd462aeb
1;deeprock-1564d1e21a8046e7
1;deeprock-1560b5aa0a766388
1;deeprock-1559385bdda20410
1;deeprock-15193f24dd34d7c3
1;deeprock-1512af368c988acf
1;deeprock-150e454f078fd61f
1;deeprock-14fdde73512b50af
1;deeprock-14e05638206c8e21
1;deeprock-14c70365a58eff2b
1;deeprock-14bba85a0ea8e00b
1;deeprock-149fb9530db9c722
1;deeprock-14006342a43a5803
1;deeprock-13ffcbb2f1f312c3
1;deeprock-13d305414fb817d3
1;deeprock-13bdb5fa3c98253c
1;deeprock-13b323ed544999c2
1;deeprock-139ff3dd76152764
1;deeprock-1350d5dd01aff5e2
1;deeprock-1341841cc4a6420c
1;deeprock-132f35e7afa4d6f3
1;deeprock-1323856a452b7aec
1;deeprock-1322700acc96a499
1;deeprock-130ac04b79876c58
1;deeprock-12f634d152ab2f6e
1;deeprock-12edefc2cb7e15f4
1;deeprock-12b9327dd414138b
1;deeprock-12adcf26a0594d1f
1;deeprock-12a51cb7b69723ae
1;deeprock-12888a65ff1a5036
1;deeprock-12541a1e16718965
1;deeprock-122e712dd57b78ea
1;deeprock-122808b646ee2d5c
1;deeprock-1226e2e5b6de6e63
1;deeprock-1208d2fc5b829b5d
1;deeprock-11eb8860c381e635
1;deeprock-11a445a9732826dd
1;deeprock-116f3cc6be07f061
1;deeprock-111bc5159a9d408c
1;deeprock-10e90c953f09e9f7
1;deeprock-10d8a2bb0371b389
1;deeprock-1068045db5ddcbed
1;deeprock-1042280e3195b27b
1;deeprock-102a9582b5acd9c9
1;deeprock-0fc1ccafa49ec9e4
1;deeprock-0f86fd5440751b45
1;deeprock-0f7ebdc970704d3f
1;deeprock-0f7aae67c21eb0d2
1;deeprock-0f78f437f160154b
1;deeprock-0f6f398ff731af14
1;deeprock-0f6cc94064a7717a
1;deeprock-0f2c5d1cfb36631b
1;deeprock-0ed761b859fbd2d5
1;deeprock-0e056f62e17dc7c2
1;deeprock-0defb73edd165d5e
1;deeprock-0dc79fec26943337
1;deeprock-0da0ed7b3e293d88
1;deeprock-0d9c52fb51f5da4b
1;deeprock-0d8f2a7eaaba8d24
1;deeprock-0d3a8fb76cf474a2
1;deeprock-0ccc35f9c389c1e0
1;deeprock-0cab3c9f3b37ccfc
1;deeprock-0ca845c88c40ab75
1;deeprock-0c979054d26bdb0d
1;deeprock-0c807d79c5a175e6
1;deeprock-0c67956ef4aecc00
1;deeprock-0c492ab938038e16
1;deeprock-0c42480ef568d61c
1;deeprock-0bef17d8add5b5b1
1;deeprock-0bdfa4e0d869284e
1;deeprock-0bc25de8fc963354
1;deeprock-0bc22afacee5fee7
1;deeprock-0b99b5d157804171
1;deeprock-0b8666fcfbc7ff0d
1;deeprock-0b3b262b63edbabf
1;deeprock-0b2e4d0f3ea7efc3
1;deeprock-0b1ba27f3112e1d2
1;deeprock-0abdba550820bcd2
1;deeprock-0ab4498cc3603795
1;deeprock-0aa9f06a5a2f355e
1;deeprock-0a9dd1c255a6e8f5
1;deeprock-0a936c17d583137b
1;deeprock-0a51b43dddf33e02
1;deeprock-0a46de5b94bf39de
1;deeprock-0a16960993050fc2
1;deeprock-09b1a455d231d771
1;deeprock-09a779c19221a901
1;deeprock-09820a5f973880e9
1;deeprock-0980258a368ee954
1;deeprock-0973ed64d69defcd
1;deeprock-09727cb1739e93af
1;deeprock-096890c3618d243d
1;deeprock-096250299f474495
1;deeprock-0956a8ccca7b4cfe
1;deeprock-093fecd58f7707c7
1;deeprock-093d4e86419e29fb
1;deeprock-09365a7efa76e6a2
1;deeprock-092f15beb5a172ba
1;deeprock-08df70f1603c484f
1;deeprock-08daab614fd73e93
1;deeprock-08d2cf89b6ef6704
1;deeprock-08c4bd730aedbacc
1;deeprock-08ba67b715d9ad7d
1;deeprock-08a9996ce6fe260d
1;deeprock-086db0631625e23d
1;deeprock-0867426a84bbb58a
1;deeprock-0866c0d3ffe849e6
1;deeprock-085cb915ed3d8179
1;deeprock-08568f6c95a10c3e
1;deeprock-0855a15114a75ef7
1;deeprock-0810bac834bf30d3
1;deeprock-080b684e734a4c59
1;deeprock-07a6b90066d32750
1;deeprock-07a04db6117559f5
1;deeprock-079d6a19bdf40723
1;deeprock-0765bfa9cd44bed0
1;deeprock-075535789dcf5658
1;deeprock-070a007142c03fc1
1;deeprock-06db94c27e143be5
1;deeprock-06aa23ab8018f607
1;deeprock-06a0d8b8921213f2
1;deeprock-068dc5a54c2aaa7b
1;deeprock-06638aa9fbc79c3a
1;deeprock-065c1652d03af3ec
1;deeprock-064ce3ebc9262f82
1;deeprock-06375afbf080348a
1;deeprock-05db9f96aca765c2
1;deeprock-05d9c999ec2ccf10
1;deeprock-05d31557dd650b35
1;deeprock-05bb96dad48f6e60
1;deeprock-05b4a54816535e8b
1;deeprock-05a08803caa8eecc
1;deeprock-04fd4e26734b28f3
1;deeprock-04c37498648a90e2
1;deeprock-0451bc6778231f1a
1;deeprock-03d6ef17dabbb06b
1;deeprock-03cb8db6e9d8ebf3
1;deeprock-03c78e2d68dfe932
1;deeprock-03ba6155f73df13e
1;deeprock-038dbabd93ad32f1
1;deeprock-037c85e2db901c5b
1;deeprock-036e92b709630854
1;deeprock-0337a9ca1be49fc1
1;deeprock-03361f27a0546db4
1;deeprock-030d037e66572013
1;deeprock-02e79d952d9e6f7a
1;deeprock-02b5c9c579527b3d
1;deeprock-02a081506967ad52
1;deeprock-02810433342ec536
1;deeprock-02695e18a160409b
1;deeprock-02427a8423b77e8a
1;deeprock-01c46a09209fe5a7
1;deeprock-01a648785a2bd994
1;deeprock-017339514c2ec739
1;deeprock-00edb2ecaff0689d
1;deeprock-00e1c16655a43172
1;deeprock-00be9d3c733487bf
1;deeprock-00700747762b55b6
1;deeprock-004ade54c7d0a68c
1;deeprock-00433d860ed894de
1;deeprock-0028c51380c316b1
1;deep5
1;de25tu1c
1;de25tu1b
1;de25tu1a
1;de25bu2c
1;de240
1;ddritu2c
1;ddritu2b
1;ddritu2a
1;ddrili2c
1;ddrili2b
1;ddrili2a
1;ddribu2c
1;ddribu2b
1;ddribu2a
1;ddc-h2o
1;ddc
1;dcpr99
1;dcpr98
1;dcpr97
1;dcpr96
1;dcpr95
1;dcpr94
1;dcpr93
1;dcpr92
1;dcpr91
1;dcpr90
1;dcpr9
1;dcpr89
1;dcpr88
1;dcpr87
1;dcpr86
1;dcpr85
1;dcpr84
1;dcpr83
1;dcpr82
1;dcpr81
1;dcpr80
1;dcpr8
1;dcpr79
1;dcpr78
1;dcpr77
1;dcpr76
1;dcpr75
1;dcpr74
1;dcpr73
1;dcpr72
1;dcpr71
1;dcpr70
1;dcpr7
1;dcpr69
1;dcpr68
1;dcpr67
1;dcpr66
1;dcpr65
1;dcpr64
1;dcpr63
1;dcpr62
1;dcpr61
1;dcpr60
1;dcpr6
1;dcpr59
1;dcpr58
1;dcpr57
1;dcpr56
1;dcpr55
1;dcpr54
1;dcpr53
1;dcpr52
1;dcpr51
1;dcpr500
1;dcpr50
1;dcpr5
1;dcpr499
1;dcpr498
1;dcpr497
1;dcpr496
1;dcpr495
1;dcpr494
1;dcpr493
1;dcpr492
1;dcpr491
1;dcpr490
1;dcpr49
1;dcpr489
1;dcpr488
1;dcpr487
1;dcpr486
1;dcpr485
1;dcpr484
1;dcpr483
1;dcpr482
1;dcpr481
1;dcpr480
1;dcpr48
1;dcpr479
1;dcpr478
1;dcpr477
1;dcpr476
1;dcpr475
1;dcpr474
1;dcpr473
1;dcpr472
1;dcpr471
1;dcpr470
1;dcpr47
1;dcpr469
1;dcpr468
1;dcpr467
1;dcpr466
1;dcpr465
1;dcpr464
1;dcpr463
1;dcpr462
1;dcpr461
1;dcpr460
1;dcpr46
1;dcpr459
1;dcpr458
1;dcpr457
1;dcpr456
1;dcpr455
1;dcpr454
1;dcpr453
1;dcpr452
1;dcpr451
1;dcpr450
1;dcpr45
1;dcpr449
1;dcpr448
1;dcpr447
1;dcpr446
1;dcpr445
1;dcpr444
1;dcpr443
1;dcpr442
1;dcpr441
1;dcpr440
1;dcpr44
1;dcpr439
1;dcpr438
1;dcpr437
1;dcpr436
1;dcpr435
1;dcpr434
1;dcpr433
1;dcpr432
1;dcpr431
1;dcpr430
1;dcpr43
1;dcpr429
1;dcpr428
1;dcpr427
1;dcpr426
1;dcpr425
1;dcpr424
1;dcpr423
1;dcpr422
1;dcpr421
1;dcpr420
1;dcpr42
1;dcpr419
1;dcpr418
1;dcpr417
1;dcpr416
1;dcpr415
1;dcpr414
1;dcpr413
1;dcpr412
1;dcpr411
1;dcpr410
1;dcpr41
1;dcpr409
1;dcpr408
1;dcpr407
1;dcpr406
1;dcpr405
1;dcpr404
1;dcpr403
1;dcpr402
1;dcpr401
1;dcpr400
1;dcpr40
1;dcpr4
1;dcpr399
1;dcpr398
1;dcpr397
1;dcpr396
1;dcpr395
1;dcpr394
1;dcpr393
1;dcpr392
1;dcpr391
1;dcpr390
1;dcpr39
1;dcpr389
1;dcpr388
1;dcpr387
1;dcpr386
1;dcpr385
1;dcpr384
1;dcpr383
1;dcpr382
1;dcpr381
1;dcpr380
1;dcpr38
1;dcpr379
1;dcpr378
1;dcpr377
1;dcpr376
1;dcpr375
1;dcpr374
1;dcpr373
1;dcpr372
1;dcpr371
1;dcpr370
1;dcpr37
1;dcpr369
1;dcpr368
1;dcpr367
1;dcpr366
1;dcpr365
1;dcpr364
1;dcpr363
1;dcpr362
1;dcpr361
1;dcpr360
1;dcpr36
1;dcpr359
1;dcpr358
1;dcpr357
1;dcpr356
1;dcpr355
1;dcpr354
1;dcpr353
1;dcpr352
1;dcpr351
1;dcpr350
1;dcpr35
1;dcpr349
1;dcpr348
1;dcpr347
1;dcpr346
1;dcpr345
1;dcpr344
1;dcpr343
1;dcpr342
1;dcpr341
1;dcpr340
1;dcpr34
1;dcpr339
1;dcpr338
1;dcpr337
1;dcpr336
1;dcpr335
1;dcpr334
1;dcpr333
1;dcpr332
1;dcpr331
1;dcpr330
1;dcpr33
1;dcpr329
1;dcpr328
1;dcpr327
1;dcpr326
1;dcpr325
1;dcpr324
1;dcpr323
1;dcpr322
1;dcpr321
1;dcpr320
1;dcpr32
1;dcpr319
1;dcpr318
1;dcpr317
1;dcpr316
1;dcpr315
1;dcpr314
1;dcpr313
1;dcpr312
1;dcpr311
1;dcpr310
1;dcpr31
1;dcpr309
1;dcpr308
1;dcpr307
1;dcpr306
1;dcpr305
1;dcpr304
1;dcpr303
1;dcpr302
1;dcpr301
1;dcpr300
1;dcpr30
1;dcpr3
1;dcpr299
1;dcpr298
1;dcpr297
1;dcpr296
1;dcpr295
1;dcpr294
1;dcpr293
1;dcpr292
1;dcpr291
1;dcpr290
1;dcpr29
1;dcpr289
1;dcpr288
1;dcpr287
1;dcpr286
1;dcpr285
1;dcpr284
1;dcpr283
1;dcpr282
1;dcpr281
1;dcpr280
1;dcpr28
1;dcpr279
1;dcpr278
1;dcpr277
1;dcpr276
1;dcpr275
1;dcpr274
1;dcpr273
1;dcpr272
1;dcpr271
1;dcpr270
1;dcpr27
1;dcpr269
1;dcpr268
1;dcpr267
1;dcpr266
1;dcpr265
1;dcpr264
1;dcpr263
1;dcpr262
1;dcpr261
1;dcpr260
1;dcpr26
1;dcpr259
1;dcpr258
1;dcpr257
1;dcpr256
1;dcpr255
1;dcpr254
1;dcpr253
1;dcpr252
1;dcpr251
1;dcpr250
1;dcpr25
1;dcpr249
1;dcpr248
1;dcpr247
1;dcpr246
1;dcpr245
1;dcpr244
1;dcpr243
1;dcpr242
1;dcpr241
1;dcpr240
1;dcpr24
1;dcpr239
1;dcpr238
1;dcpr237
1;dcpr236
1;dcpr235
1;dcpr234
1;dcpr233
1;dcpr232
1;dcpr231
1;dcpr230
1;dcpr23
1;dcpr229
1;dcpr228
1;dcpr227
1;dcpr226
1;dcpr225
1;dcpr224
1;dcpr223
1;dcpr222
1;dcpr221
1;dcpr220
1;dcpr22
1;dcpr219
1;dcpr218
1;dcpr217
1;dcpr216
1;dcpr215
1;dcpr214
1;dcpr213
1;dcpr212
1;dcpr211
1;dcpr210
1;dcpr21
1;dcpr209
1;dcpr208
1;dcpr207
1;dcpr206
1;dcpr205
1;dcpr204
1;dcpr203
1;dcpr202
1;dcpr201
1;dcpr200
1;dcpr20
1;dcpr2
1;dcpr199
1;dcpr198
1;dcpr197
1;dcpr196
1;dcpr195
1;dcpr194
1;dcpr193
1;dcpr192
1;dcpr191
1;dcpr190
1;dcpr19
1;dcpr189
1;dcpr188
1;dcpr187
1;dcpr186
1;dcpr185
1;dcpr184
1;dcpr183
1;dcpr182
1;dcpr181
1;dcpr180
1;dcpr18
1;dcpr179
1;dcpr178
1;dcpr177
1;dcpr176
1;dcpr175
1;dcpr174
1;dcpr173
1;dcpr172
1;dcpr171
1;dcpr170
1;dcpr17
1;dcpr169
1;dcpr168
1;dcpr167
1;dcpr166
1;dcpr165
1;dcpr164
1;dcpr163
1;dcpr162
1;dcpr161
1;dcpr160
1;dcpr16
1;dcpr159
1;dcpr158
1;dcpr157
1;dcpr156
1;dcpr155
1;dcpr154
1;dcpr153
1;dcpr152
1;dcpr151
1;dcpr150
1;dcpr15
1;dcpr149
1;dcpr148
1;dcpr147
1;dcpr146
1;dcpr145
1;dcpr144
1;dcpr143
1;dcpr142
1;dcpr141
1;dcpr140
1;dcpr14
1;dcpr139
1;dcpr138
1;dcpr137
1;dcpr136
1;dcpr135
1;dcpr134
1;dcpr133
1;dcpr132
1;dcpr131
1;dcpr130
1;dcpr13
1;dcpr129
1;dcpr128
1;dcpr127
1;dcpr126
1;dcpr125
1;dcpr124
1;dcpr123
1;dcpr122
1;dcpr121
1;dcpr120
1;dcpr12
1;dcpr119
1;dcpr118
1;dcpr117
1;dcpr116
1;dcpr115
1;dcpr114
1;dcpr113
1;dcpr112
1;dcpr111
1;dcpr110
1;dcpr11
1;dcpr109
1;dcpr108
1;dcpr107
1;dcpr106
1;dcpr105
1;dcpr104
1;dcpr103
1;dcpr102
1;dcpr101
1;dcpr100
1;dcpr10
1;dcp399
1;dcp398
1;dcp397
1;dcp396
1;dcp395
1;dcp394
1;dcp393
1;dcp392
1;dcp391
1;dcp390
1;dcp39
1;dcp389
1;dcp388
1;dcp387
1;dcp386
1;dcp385
1;dcp384
1;dcp383
1;dcp382
1;dcp381
1;dcp380
1;dcp38
1;dcp379
1;dcp378
1;dcp377
1;dcp376
1;dcp375
1;dcp374
1;dcp373
1;dcp372
1;dcp371
1;dcp370
1;dcp37
1;dcp369
1;dcp368
1;dcp367
1;dcp366
1;dcp365
1;dcp364
1;dcp363
1;dcp362
1;dcp361
1;dcp360
1;dcp36
1;dcp359
1;dcp358
1;dcp357
1;dcp356
1;dcp355
1;dcp354
1;dcp353
1;dcp352
1;dcp351
1;dcp3500
1;dcp350
1;dcp35
1;dcp3499
1;dcp3498
1;dcp3497
1;dcp3496
1;dcp3495
1;dcp3494
1;dcp3493
1;dcp3492
1;dcp3491
1;dcp3490
1;dcp349
1;dcp3489
1;dcp3488
1;dcp3487
1;dcp3486
1;dcp3485
1;dcp3484
1;dcp3483
1;dcp3482
1;dcp3481
1;dcp3480
1;dcp348
1;dcp3479
1;dcp3478
1;dcp3477
1;dcp3476
1;dcp3475
1;dcp3474
1;dcp3473
1;dcp3472
1;dcp3471
1;dcp3470
1;dcp347
1;dcp3469
1;dcp3468
1;dcp3467
1;dcp3466
1;dcp3465
1;dcp3464
1;dcp3463
1;dcp3462
1;dcp3461
1;dcp3460
1;dcp346
1;dcp3459
1;dcp3458
1;dcp3457
1;dcp3456
1;dcp3455
1;dcp3454
1;dcp3453
1;dcp3452
1;dcp3451
1;dcp3450
1;dcp345
1;dcp3449
1;dcp3448
1;dcp3447
1;dcp3446
1;dcp3445
1;dcp3444
1;dcp3443
1;dcp3442
1;dcp3441
1;dcp3440
1;dcp344
1;dcp3439
1;dcp3438
1;dcp3437
1;dcp3436
1;dcp3435
1;dcp3434
1;dcp3433
1;dcp3432
1;dcp3431
1;dcp3430
1;dcp343
1;dcp3429
1;dcp3428
1;dcp3427
1;dcp3426
1;dcp3425
1;dcp3424
1;dcp3423
1;dcp3422
1;dcp3421
1;dcp3420
1;dcp342
1;dcp3419
1;dcp3418
1;dcp3417
1;dcp3416
1;dcp3415
1;dcp3414
1;dcp3413
1;dcp3412
1;dcp3411
1;dcp3410
1;dcp341
1;dcp3409
1;dcp3408
1;dcp3407
1;dcp3406
1;dcp3405
1;dcp3404
1;dcp3403
1;dcp3402
1;dcp3401
1;dcp3400
1;dcp340
1;dcp34
1;dcp3399
1;dcp3398
1;dcp3397
1;dcp3396
1;dcp3395
1;dcp3394
1;dcp3393
1;dcp3392
1;dcp3391
1;dcp3390
1;dcp339
1;dcp3389
1;dcp3388
1;dcp3387
1;dcp3386
1;dcp3385
1;dcp3384
1;dcp3383
1;dcp3382
1;dcp3381
1;dcp3380
1;dcp338
1;dcp3379
1;dcp3378
1;dcp3377
1;dcp3376
1;dcp3375
1;dcp3374
1;dcp3373
1;dcp3372
1;dcp3371
1;dcp3370
1;dcp337
1;dcp3369
1;dcp3368
1;dcp3367
1;dcp3366
1;dcp3365
1;dcp3364
1;dcp3363
1;dcp3362
1;dcp3361
1;dcp3360
1;dcp336
1;dcp3359
1;dcp3358
1;dcp3357
1;dcp3356
1;dcp3355
1;dcp3354
1;dcp3353
1;dcp3352
1;dcp3351
1;dcp3350
1;dcp335
1;dcp3349
1;dcp3348
1;dcp3347
1;dcp3346
1;dcp3345
1;dcp3344
1;dcp3343
1;dcp3342
1;dcp3341
1;dcp3340
1;dcp334
1;dcp3339
1;dcp3338
1;dcp3337
1;dcp3336
1;dcp3335
1;dcp3334
1;dcp3333
1;dcp3332
1;dcp3331
1;dcp3330
1;dcp333
1;dcp3329
1;dcp3328
1;dcp3327
1;dcp3326
1;dcp3325
1;dcp3324
1;dcp3323
1;dcp3322
1;dcp3321
1;dcp3320
1;dcp332
1;dcp3319
1;dcp3318
1;dcp3317
1;dcp3316
1;dcp3315
1;dcp3314
1;dcp3313
1;dcp3312
1;dcp3311
1;dcp3310
1;dcp331
1;dcp3309
1;dcp3308
1;dcp3307
1;dcp3306
1;dcp3305
1;dcp3304
1;dcp3303
1;dcp3302
1;dcp3301
1;dcp3300
1;dcp330
1;dcp33
1;dcp3299
1;dcp3298
1;dcp3297
1;dcp3296
1;dcp3295
1;dcp3294
1;dcp3293
1;dcp3292
1;dcp3291
1;dcp3290
1;dcp329
1;dcp3289
1;dcp3288
1;dcp3287
1;dcp3286
1;dcp3285
1;dcp3284
1;dcp3283
1;dcp3282
1;dcp3281
1;dcp3280
1;dcp328
1;dcp3279
1;dcp3278
1;dcp3277
1;dcp3276
1;dcp3275
1;dcp3274
1;dcp3273
1;dcp3272
1;dcp3271
1;dcp3270
1;dcp327
1;dcp3269
1;dcp3268
1;dcp3267
1;dcp3266
1;dcp3265
1;dcp3264
1;dcp3263
1;dcp3262
1;dcp3261
1;dcp3260
1;dcp326
1;dcp3259
1;dcp3258
1;dcp3257
1;dcp3256
1;dcp3255
1;dcp3254
1;dcp3253
1;dcp3252
1;dcp3251
1;dcp3250
1;dcp325
1;dcp3249
1;dcp3248
1;dcp3247
1;dcp3246
1;dcp3245
1;dcp3244
1;dcp3243
1;dcp3242
1;dcp3241
1;dcp3240
1;dcp324
1;dcp3239
1;dcp3238
1;dcp3237
1;dcp3236
1;dcp3235
1;dcp3234
1;dcp3233
1;dcp3232
1;dcp3231
1;dcp3230
1;dcp323
1;dcp3229
1;dcp3228
1;dcp3227
1;dcp3226
1;dcp3225
1;dcp3224
1;dcp3223
1;dcp3222
1;dcp3221
1;dcp3220
1;dcp322
1;dcp3219
1;dcp3218
1;dcp3217
1;dcp3216
1;dcp3215
1;dcp3214
1;dcp3213
1;dcp3212
1;dcp3211
1;dcp3210
1;dcp321
1;dcp3209
1;dcp3208
1;dcp3207
1;dcp3206
1;dcp3205
1;dcp3204
1;dcp3203
1;dcp3202
1;dcp3201
1;dcp3200
1;dcp320
1;dcp32
1;dcp3199
1;dcp3198
1;dcp3197
1;dcp3196
1;dcp3195
1;dcp3194
1;dcp3193
1;dcp3192
1;dcp3191
1;dcp3190
1;dcp319
1;dcp3189
1;dcp3188
1;dcp3187
1;dcp3186
1;dcp3185
1;dcp3184
1;dcp3183
1;dcp3182
1;dcp3181
1;dcp3180
1;dcp318
1;dcp3179
1;dcp3178
1;dcp3177
1;dcp3176
1;dcp3175
1;dcp3174
1;dcp3173
1;dcp3172
1;dcp3171
1;dcp3170
1;dcp317
1;dcp3169
1;dcp3168
1;dcp3167
1;dcp3166
1;dcp3165
1;dcp3164
1;dcp3163
1;dcp3162
1;dcp3161
1;dcp3160
1;dcp316
1;dcp3159
1;dcp3158
1;dcp3157
1;dcp3156
1;dcp3155
1;dcp3154
1;dcp3153
1;dcp3152
1;dcp3151
1;dcp3150
1;dcp315
1;dcp3149
1;dcp3148
1;dcp3147
1;dcp3146
1;dcp3145
1;dcp3144
1;dcp3143
1;dcp3142
1;dcp3141
1;dcp3140
1;dcp314
1;dcp3139
1;dcp3138
1;dcp3137
1;dcp3136
1;dcp3135
1;dcp3134
1;dcp3133
1;dcp3132
1;dcp3131
1;dcp3130
1;dcp313
1;dcp3129
1;dcp3128
1;dcp3127
1;dcp3126
1;dcp3125
1;dcp3124
1;dcp3123
1;dcp3122
1;dcp3121
1;dcp3120
1;dcp312
1;dcp3119
1;dcp3118
1;dcp3117
1;dcp3116
1;dcp3115
1;dcp3114
1;dcp3113
1;dcp3112
1;dcp3111
1;dcp3110
1;dcp311
1;dcp3109
1;dcp3108
1;dcp3107
1;dcp3106
1;dcp3105
1;dcp3104
1;dcp3103
1;dcp3102
1;dcp3101
1;dcp3100
1;dcp310
1;dcp31
1;dcp299
1;dcp298
1;dcp297
1;dcp296
1;dcp295
1;dcp294
1;dcp293
1;dcp292
1;dcp291
1;dcp290
1;dcp29
1;dcp289
1;dcp288
1;dcp287
1;dcp286
1;dcp285
1;dcp284
1;dcp283
1;dcp282
1;dcp281
1;dcp280
1;dcp28
1;dcp279
1;dcp278
1;dcp277
1;dcp276
1;dcp275
1;dcp274
1;dcp273
1;dcp272
1;dcp271
1;dcp270
1;dcp27
1;dcp269
1;dcp268
1;dcp267
1;dcp266
1;dcp265
1;dcp264
1;dcp263
1;dcp262
1;dcp261
1;dcp260
1;dcp26
1;dcp259
1;dcp258
1;dcp257
1;dcp256
1;dcp255
1;dcp254
1;dcp253
1;dcp252
1;dcp251
1;dcp2500
1;dcp250
1;dcp25
1;dcp2499
1;dcp2498
1;dcp2497
1;dcp2496
1;dcp2495
1;dcp2494
1;dcp2493
1;dcp2492
1;dcp2491
1;dcp2490
1;dcp249
1;dcp2489
1;dcp2488
1;dcp2487
1;dcp2486
1;dcp2485
1;dcp2484
1;dcp2483
1;dcp2482
1;dcp2481
1;dcp2480
1;dcp248
1;dcp2479
1;dcp2478
1;dcp2477
1;dcp2476
1;dcp2475
1;dcp2474
1;dcp2473
1;dcp2472
1;dcp2471
1;dcp2470
1;dcp247
1;dcp2469
1;dcp2468
1;dcp2467
1;dcp2466
1;dcp2465
1;dcp2464
1;dcp2463
1;dcp2462
1;dcp2461
1;dcp2460
1;dcp246
1;dcp2459
1;dcp2458
1;dcp2457
1;dcp2456
1;dcp2455
1;dcp2454
1;dcp2453
1;dcp2452
1;dcp2451
1;dcp2450
1;dcp245
1;dcp2449
1;dcp2448
1;dcp2447
1;dcp2446
1;dcp2445
1;dcp2444
1;dcp2443
1;dcp2442
1;dcp2441
1;dcp2440
1;dcp244
1;dcp2439
1;dcp2438
1;dcp2437
1;dcp2436
1;dcp2435
1;dcp2434
1;dcp2433
1;dcp2432
1;dcp2431
1;dcp2430
1;dcp243
1;dcp2429
1;dcp2428
1;dcp2427
1;dcp2426
1;dcp2425
1;dcp2424
1;dcp2423
1;dcp2422
1;dcp2421
1;dcp2420
1;dcp242
1;dcp2419
1;dcp2418
1;dcp2417
1;dcp2416
1;dcp2415
1;dcp2414
1;dcp2413
1;dcp2412
1;dcp2411
1;dcp2410
1;dcp241
1;dcp2409
1;dcp2408
1;dcp2407
1;dcp2406
1;dcp2405
1;dcp2404
1;dcp2403
1;dcp2402
1;dcp2401
1;dcp2400
1;dcp240
1;dcp24
1;dcp2399
1;dcp2398
1;dcp2396
1;dcp2395
1;dcp2394
1;dcp2393
1;dcp2392
1;dcp2391
1;dcp2390
1;dcp239
1;dcp2389
1;dcp2388
1;dcp2387
1;dcp2386
1;dcp2385
1;dcp2384
1;dcp2383
1;dcp2382
1;dcp2381
1;dcp2380
1;dcp238
1;dcp2379
1;dcp2378
1;dcp2377
1;dcp2376
1;dcp2375
1;dcp2374
1;dcp2373
1;dcp2372
1;dcp2371
1;dcp2370
1;dcp237
1;dcp2369
1;dcp2368
1;dcp2367
1;dcp2366
1;dcp2365
1;dcp2364
1;dcp2363
1;dcp2362
1;dcp2361
1;dcp2360
1;dcp236
1;dcp2359
1;dcp2358
1;dcp2357
1;dcp2356
1;dcp2355
1;dcp2354
1;dcp2353
1;dcp2352
1;dcp2351
1;dcp2350
1;dcp235
1;dcp2349
1;dcp2348
1;dcp2347
1;dcp2346
1;dcp2345
1;dcp2344
1;dcp2343
1;dcp2342
1;dcp2341
1;dcp2340
1;dcp234
1;dcp2339
1;dcp2338
1;dcp2337
1;dcp2336
1;dcp2335
1;dcp2334
1;dcp2333
1;dcp2332
1;dcp2331
1;dcp2330
1;dcp233
1;dcp2329
1;dcp2328
1;dcp2327
1;dcp2326
1;dcp2325
1;dcp2324
1;dcp2323
1;dcp2322
1;dcp2321
1;dcp2320
1;dcp232
1;dcp2319
1;dcp2318
1;dcp2317
1;dcp2316
1;dcp2315
1;dcp2314
1;dcp2313
1;dcp2312
1;dcp2311
1;dcp2310
1;dcp231
1;dcp2309
1;dcp2308
1;dcp2307
1;dcp2306
1;dcp2305
1;dcp2304
1;dcp2303
1;dcp2302
1;dcp2301
1;dcp2300
1;dcp230
1;dcp23
1;dcp2299
1;dcp2298
1;dcp2297
1;dcp2296
1;dcp2295
1;dcp2294
1;dcp2293
1;dcp2292
1;dcp2291
1;dcp2290
1;dcp229
1;dcp2289
1;dcp2288
1;dcp2287
1;dcp2286
1;dcp2285
1;dcp2284
1;dcp2283
1;dcp2282
1;dcp2281
1;dcp2280
1;dcp228
1;dcp2279
1;dcp2278
1;dcp2277
1;dcp2276
1;dcp2275
1;dcp2274
1;dcp2273
1;dcp2272
1;dcp2271
1;dcp2270
1;dcp227
1;dcp2269
1;dcp2268
1;dcp2267
1;dcp2266
1;dcp2265
1;dcp2264
1;dcp2263
1;dcp2262
1;dcp2261
1;dcp2260
1;dcp226
1;dcp2259
1;dcp2258
1;dcp2257
1;dcp2256
1;dcp2255
1;dcp2254
1;dcp2253
1;dcp2252
1;dcp2251
1;dcp2250
1;dcp225
1;dcp2249
1;dcp2248
1;dcp2247
1;dcp2246
1;dcp2245
1;dcp2244
1;dcp2243
1;dcp2242
1;dcp2241
1;dcp2240
1;dcp224
1;dcp2239
1;dcp2238
1;dcp2237
1;dcp2236
1;dcp2235
1;dcp2234
1;dcp2233
1;dcp2232
1;dcp2231
1;dcp2230
1;dcp223
1;dcp2229
1;dcp2228
1;dcp2227
1;dcp2226
1;dcp2225
1;dcp2224
1;dcp2223
1;dcp2222
1;dcp2221
1;dcp2220
1;dcp222
1;dcp2219
1;dcp2218
1;dcp2217
1;dcp2216
1;dcp2215
1;dcp2214
1;dcp2213
1;dcp2212
1;dcp2211
1;dcp2210
1;dcp221
1;dcp2209
1;dcp2208
1;dcp2207
1;dcp2206
1;dcp2205
1;dcp2204
1;dcp2203
1;dcp2202
1;dcp2201
1;dcp2200
1;dcp220
1;dcp22
1;dcp2199
1;dcp2198
1;dcp2197
1;dcp2196
1;dcp2195
1;dcp2194
1;dcp2193
1;dcp2192
1;dcp2191
1;dcp2190
1;dcp219
1;dcp2189
1;dcp2188
1;dcp2187
1;dcp2186
1;dcp2185
1;dcp2184
1;dcp2183
1;dcp2182
1;dcp2181
1;dcp2180
1;dcp218
1;dcp2179
1;dcp2178
1;dcp2177
1;dcp2176
1;dcp2175
1;dcp2174
1;dcp2173
1;dcp2172
1;dcp2171
1;dcp2170
1;dcp217
1;dcp2169
1;dcp2168
1;dcp2167
1;dcp2166
1;dcp2165
1;dcp2164
1;dcp2163
1;dcp2162
1;dcp2161
1;dcp2160
1;dcp216
1;dcp2159
1;dcp2158
1;dcp2157
1;dcp2156
1;dcp2155
1;dcp2154
1;dcp2153
1;dcp2152
1;dcp2151
1;dcp2150
1;dcp215
1;dcp2149
1;dcp2148
1;dcp2147
1;dcp2146
1;dcp2145
1;dcp2144
1;dcp2143
1;dcp2142
1;dcp2141
1;dcp2140
1;dcp214
1;dcp2139
1;dcp2138
1;dcp2137
1;dcp2136
1;dcp2135
1;dcp2134
1;dcp2133
1;dcp2132
1;dcp2131
1;dcp2130
1;dcp213
1;dcp2129
1;dcp2128
1;dcp2127
1;dcp2126
1;dcp2125
1;dcp2124
1;dcp2123
1;dcp2122
1;dcp2121
1;dcp2120
1;dcp212
1;dcp2119
1;dcp2118
1;dcp2117
1;dcp2116
1;dcp2115
1;dcp2114
1;dcp2113
1;dcp2112
1;dcp2111
1;dcp2110
1;dcp211
1;dcp2109
1;dcp2108
1;dcp2107
1;dcp2106
1;dcp2105
1;dcp2104
1;dcp2103
1;dcp2102
1;dcp2101
1;dcp2100
1;dcp210
1;dcp21
1;dcp1lll
1;dcp199
1;dcp198
1;dcp197
1;dcp196
1;dcp195
1;dcp194
1;dcp193
1;dcp192
1;dcp191
1;dcp190
1;dcp19
1;dcp189
1;dcp188
1;dcp187
1;dcp186
1;dcp185
1;dcp184
1;dcp183
1;dcp182
1;dcp181
1;dcp180
1;dcp18
1;dcp179
1;dcp178
1;dcp177
1;dcp176
1;dcp175
1;dcp174
1;dcp173
1;dcp172
1;dcp171
1;dcp170
1;dcp17
1;dcp169
1;dcp168
1;dcp167
1;dcp166
1;dcp165
1;dcp164
1;dcp163
1;dcp162
1;dcp161
1;dcp160
1;dcp16
1;dcp159
1;dcp158
1;dcp157
1;dcp156
1;dcp155
1;dcp154
1;dcp153
1;dcp152
1;dcp151
1;dcp1500
1;dcp150
1;dcp15
1;dcp1499
1;dcp1498
1;dcp1497
1;dcp1496
1;dcp1495
1;dcp1494
1;dcp1493
1;dcp1492
1;dcp1491
1;dcp1490
1;dcp149
1;dcp1489
1;dcp1488
1;dcp1487
1;dcp1486
1;dcp1485
1;dcp1484
1;dcp1483
1;dcp1482
1;dcp1481
1;dcp1480
1;dcp148
1;dcp1479
1;dcp1478
1;dcp1477
1;dcp1476
1;dcp1475
1;dcp1474
1;dcp1473
1;dcp1472
1;dcp1471
1;dcp1470
1;dcp147
1;dcp1469
1;dcp1468
1;dcp1467
1;dcp1466
1;dcp1465
1;dcp1464
1;dcp1463
1;dcp1462
1;dcp1461
1;dcp1460
1;dcp146
1;dcp1459
1;dcp1458
1;dcp1457
1;dcp1456
1;dcp1455
1;dcp1454
1;dcp1453
1;dcp1452
1;dcp1451
1;dcp1450
1;dcp145
1;dcp1449
1;dcp1448
1;dcp1447
1;dcp1446
1;dcp1445
1;dcp1444
1;dcp1443
1;dcp1442
1;dcp1441
1;dcp1440
1;dcp144
1;dcp1439
1;dcp1438
1;dcp1437
1;dcp1436
1;dcp1435
1;dcp1434
1;dcp1433
1;dcp1432
1;dcp1431
1;dcp1430
1;dcp143
1;dcp1429
1;dcp1428
1;dcp1427
1;dcp1426
1;dcp1425
1;dcp1424
1;dcp1423
1;dcp1422
1;dcp1421
1;dcp1420
1;dcp142
1;dcp1419
1;dcp1418
1;dcp1417
1;dcp1416
1;dcp1415
1;dcp1414
1;dcp1413
1;dcp1412
1;dcp1411
1;dcp1410
1;dcp141
1;dcp1409
1;dcp1408
1;dcp1407
1;dcp1406
1;dcp1405
1;dcp1404
1;dcp1403
1;dcp1402
1;dcp1401
1;dcp1400
1;dcp140
1;dcp14
1;dcp1399
1;dcp1398
1;dcp1397
1;dcp1396
1;dcp1395
1;dcp1394
1;dcp1393
1;dcp1392
1;dcp1391
1;dcp1390
1;dcp139
1;dcp1389
1;dcp1388
1;dcp1387
1;dcp1386
1;dcp1385
1;dcp1384
1;dcp1383
1;dcp1382
1;dcp1381
1;dcp1380
1;dcp138
1;dcp1379
1;dcp1378
1;dcp1377
1;dcp1376
1;dcp1375
1;dcp1374
1;dcp1373
1;dcp1372
1;dcp1371
1;dcp1370
1;dcp137
1;dcp1369
1;dcp1368
1;dcp1367
1;dcp1366
1;dcp1365
1;dcp1364
1;dcp1363
1;dcp1362
1;dcp1361
1;dcp1360
1;dcp136
1;dcp1359
1;dcp1358
1;dcp1357
1;dcp1356
1;dcp1355
1;dcp1354
1;dcp1353
1;dcp1352
1;dcp1351
1;dcp1350
1;dcp135
1;dcp1349
1;dcp1348
1;dcp1347
1;dcp1346
1;dcp1345
1;dcp1344
1;dcp1343
1;dcp1342
1;dcp1341
1;dcp1340
1;dcp134
1;dcp1339
1;dcp1338
1;dcp1337
1;dcp1336
1;dcp1335
1;dcp1334
1;dcp1333
1;dcp1332
1;dcp1331
1;dcp1330
1;dcp133
1;dcp1329
1;dcp1328
1;dcp1327
1;dcp1326
1;dcp1325
1;dcp1324
1;dcp1323
1;dcp1322
1;dcp1321
1;dcp1320
1;dcp132
1;dcp1319
1;dcp1318
1;dcp1317
1;dcp1316
1;dcp1315
1;dcp1314
1;dcp1313
1;dcp1312
1;dcp1311
1;dcp1310
1;dcp131
1;dcp1309
1;dcp1308
1;dcp1307
1;dcp1306
1;dcp1305
1;dcp1304
1;dcp1303
1;dcp1302
1;dcp1301
1;dcp1300
1;dcp130
1;dcp13
1;dcp1299
1;dcp1298
1;dcp1297
1;dcp1296
1;dcp1295
1;dcp1294
1;dcp1293
1;dcp1292
1;dcp1291
1;dcp1290
1;dcp129
1;dcp1289
1;dcp1288
1;dcp1287
1;dcp1286
1;dcp1285
1;dcp1284
1;dcp1283
1;dcp1282
1;dcp1281
1;dcp1280
1;dcp128
1;dcp1279
1;dcp1278
1;dcp1277
1;dcp1276
1;dcp1275
1;dcp1274
1;dcp1273
1;dcp1272
1;dcp1271
1;dcp1270
1;dcp127
1;dcp1269
1;dcp1268
1;dcp1267
1;dcp1266
1;dcp1265
1;dcp1264
1;dcp1263
1;dcp1262
1;dcp1261
1;dcp1260
1;dcp126
1;dcp1259
1;dcp1258
1;dcp1257
1;dcp1256
1;dcp1255
1;dcp1254
1;dcp1253
1;dcp1252
1;dcp1251
1;dcp1250
1;dcp125
1;dcp1249
1;dcp1248
1;dcp1247
1;dcp1246
1;dcp1245
1;dcp1244
1;dcp1243
1;dcp1242
1;dcp1241
1;dcp1240
1;dcp124
1;dcp1239
1;dcp1238
1;dcp1237
1;dcp1236
1;dcp1235
1;dcp1234
1;dcp1233
1;dcp1232
1;dcp1231
1;dcp1230
1;dcp123
1;dcp1229
1;dcp1228
1;dcp1227
1;dcp1226
1;dcp1225
1;dcp1224
1;dcp1223
1;dcp1222
1;dcp1221
1;dcp1220
1;dcp122
1;dcp1219
1;dcp1218
1;dcp1217
1;dcp1216
1;dcp1215
1;dcp1214
1;dcp1213
1;dcp1212
1;dcp1211
1;dcp1210
1;dcp121
1;dcp1209
1;dcp1208
1;dcp1207
1;dcp1206
1;dcp1205
1;dcp1204
1;dcp1203
1;dcp1202
1;dcp1201
1;dcp1200
1;dcp120
1;dcp12
1;dcp1199
1;dcp1198
1;dcp1197
1;dcp1196
1;dcp1195
1;dcp1194
1;dcp1193
1;dcp1192
1;dcp1191
1;dcp1190
1;dcp119
1;dcp1189
1;dcp1188
1;dcp1187
1;dcp1186
1;dcp1185
1;dcp1184
1;dcp1183
1;dcp1182
1;dcp1181
1;dcp1180
1;dcp118
1;dcp1179
1;dcp1178
1;dcp1177
1;dcp1176
1;dcp1175
1;dcp1174
1;dcp1173
1;dcp1172
1;dcp1171
1;dcp1170
1;dcp117
1;dcp1169
1;dcp1168
1;dcp1167
1;dcp1166
1;dcp1165
1;dcp1164
1;dcp1163
1;dcp1162
1;dcp1161
1;dcp1160
1;dcp116
1;dcp1159
1;dcp1158
1;dcp1157
1;dcp1156
1;dcp1155
1;dcp1154
1;dcp1153
1;dcp1152
1;dcp1151
1;dcp1150
1;dcp115
1;dcp1149
1;dcp1148
1;dcp1147
1;dcp1146
1;dcp1145
1;dcp1144
1;dcp1143
1;dcp1142
1;dcp1141
1;dcp1140
1;dcp114
1;dcp1139
1;dcp1138
1;dcp1137
1;dcp1136
1;dcp1135
1;dcp1134
1;dcp1133
1;dcp1132
1;dcp1131
1;dcp1130
1;dcp113
1;dcp1129
1;dcp1128
1;dcp1127
1;dcp1126
1;dcp1125
1;dcp1124
1;dcp1123
1;dcp1122
1;dcp1121
1;dcp1120
1;dcp112
1;dcp1119
1;dcp1118
1;dcp1117
1;dcp1116
1;dcp1115
1;dcp1114
1;dcp1113
1;dcp1112
1;dcp1111
1;dcp1110
1;dcp111
1;dcp1109
1;dcp1108
1;dcp1107
1;dcp1106
1;dcp1105
1;dcp1104
1;dcp1103
1;dcp1102
1;dcp1101
1;dcp1100
1;dcp110
1;dcp11
1;dapt-7b-domain-s-stress-test
1;dapt-7b-domain-s-stress
1;dapt-70b-original-s
1;da399
1;da398
1;da397
1;da396
1;da395
1;da394
1;da393
1;da392
1;da391
1;da390
1;da39
1;da389
1;da388
1;da387
1;da386
1;da385
1;da384
1;da383
1;da382
1;da381
1;da380
1;da38
1;da379
1;da378
1;da377
1;da376
1;da375
1;da374
1;da373
1;da372
1;da371
1;da370
1;da37
1;da369
1;da368
1;da367
1;da366
1;da365
1;da364
1;da363
1;da362
1;da361
1;da360
1;da36
1;da359
1;da358
1;da357
1;da356
1;da355
1;da354
1;da353
1;da352
1;da351
1;da3500
1;da350
1;da35
1;da3499
1;da3498
1;da3497
1;da3496
1;da3495
1;da3494
1;da3493
1;da3492
1;da3491
1;da3490
1;da349
1;da3489
1;da3488
1;da3487
1;da3486
1;da3485
1;da3484
1;da3483
1;da3482
1;da3481
1;da3480
1;da348
1;da3479
1;da3478
1;da3477
1;da3476
1;da3475
1;da3474
1;da3473
1;da3472
1;da3471
1;da3470
1;da347
1;da3469
1;da3468
1;da3467
1;da3466
1;da3465
1;da3464
1;da3463
1;da3462
1;da3461
1;da3460
1;da346
1;da3459
1;da3458
1;da3457
1;da3456
1;da3455
1;da3454
1;da3453
1;da3452
1;da3451
1;da3450
1;da345
1;da3449
1;da3448
1;da3447
1;da3446
1;da3445
1;da3444
1;da3443
1;da3442
1;da3441
1;da3440
1;da344
1;da3439
1;da3438
1;da3437
1;da3436
1;da3435
1;da3434
1;da3433
1;da3432
1;da3431
1;da3430
1;da343
1;da3429
1;da3428
1;da3427
1;da3426
1;da3425
1;da3424
1;da3423
1;da3422
1;da3421
1;da3420
1;da342
1;da3419
1;da3418
1;da3417
1;da3416
1;da3415
1;da3414
1;da3413
1;da3412
1;da3411
1;da3410
1;da341
1;da3409
1;da3408
1;da3407
1;da3406
1;da3405
1;da3404
1;da3403
1;da3402
1;da3401
1;da3400
1;da340
1;da34
1;da3399
1;da3398
1;da3397
1;da3396
1;da3395
1;da3394
1;da3393
1;da3392
1;da3391
1;da3390
1;da339
1;da3389
1;da3388
1;da3387
1;da3386
1;da3385
1;da3384
1;da3383
1;da3382
1;da3381
1;da3380
1;da338
1;da3379
1;da3378
1;da3377
1;da3376
1;da3375
1;da3374
1;da3373
1;da3372
1;da3371
1;da3370
1;da337
1;da3369
1;da3368
1;da3367
1;da3366
1;da3365
1;da3364
1;da3363
1;da3362
1;da3361
1;da3360
1;da336
1;da3359
1;da3358
1;da3357
1;da3356
1;da3355
1;da3354
1;da3353
1;da3352
1;da3351
1;da3350
1;da335
1;da3349
1;da3348
1;da3347
1;da3346
1;da3345
1;da3344
1;da3343
1;da3342
1;da3341
1;da3340
1;da334
1;da3339
1;da3338
1;da3337
1;da3336
1;da3335
1;da3334
1;da3333
1;da3332
1;da3331
1;da3330
1;da333
1;da3329
1;da3328
1;da3327
1;da3326
1;da3325
1;da3324
1;da3323
1;da3322
1;da3321
1;da3320
1;da332
1;da3319
1;da3318
1;da3317
1;da3316
1;da3315
1;da3314
1;da3313
1;da3312
1;da3311
1;da3310
1;da331
1;da3309
1;da3308
1;da3307
1;da3306
1;da3305
1;da3304
1;da3303
1;da3302
1;da3301
1;da3300
1;da330
1;da33
1;da3299
1;da3298
1;da3297
1;da3296
1;da3295
1;da3294
1;da3293
1;da3292
1;da3291
1;da3290
1;da329
1;da3289
1;da3288
1;da3287
1;da3286
1;da3285
1;da3284
1;da3283
1;da3282
1;da3281
1;da3280
1;da328
1;da3279
1;da3278
1;da3277
1;da3276
1;da3275
1;da3274
1;da3273
1;da3272
1;da3271
1;da3270
1;da327
1;da3269
1;da3268
1;da3267
1;da3266
1;da3265
1;da3264
1;da3263
1;da3262
1;da3261
1;da3260
1;da326
1;da3259
1;da3258
1;da3257
1;da3256
1;da3255
1;da3254
1;da3253
1;da3252
1;da3251
1;da3250
1;da325
1;da3249
1;da3248
1;da3247
1;da3246
1;da3245
1;da3244
1;da3243
1;da3242
1;da3241
1;da3240
1;da324
1;da3239
1;da3238
1;da3237
1;da3236
1;da3235
1;da3234
1;da3233
1;da3232
1;da3231
1;da3230
1;da323
1;da3229
1;da3228
1;da3227
1;da3226
1;da3225
1;da3224
1;da3223
1;da3222
1;da3221
1;da3220
1;da322
1;da3219
1;da3218
1;da3217
1;da3216
1;da3215
1;da3214
1;da3213
1;da3212
1;da3211
1;da3210
1;da321
1;da3209
1;da3208
1;da3207
1;da3206
1;da3205
1;da3204
1;da3203
1;da3202
1;da3201
1;da3200
1;da320
1;da32
1;da3199
1;da3198
1;da3197
1;da3196
1;da3195
1;da3194
1;da3193
1;da3192
1;da3191
1;da3190
1;da319
1;da3189
1;da3188
1;da3187
1;da3186
1;da3185
1;da3184
1;da3183
1;da3182
1;da3181
1;da3180
1;da318
1;da3179
1;da3178
1;da3177
1;da3176
1;da3175
1;da3174
1;da3173
1;da3172
1;da3171
1;da3170
1;da317
1;da3169
1;da3168
1;da3167
1;da3166
1;da3165
1;da3164
1;da3163
1;da3162
1;da3161
1;da3160
1;da316
1;da3159
1;da3158
1;da3157
1;da3156
1;da3155
1;da3154
1;da3153
1;da3152
1;da3151
1;da3150
1;da315
1;da3149
1;da3148
1;da3147
1;da3146
1;da3145
1;da3144
1;da3143
1;da3142
1;da3141
1;da3140
1;da314
1;da3139
1;da3138
1;da3137
1;da3136
1;da3135
1;da3134
1;da3133
1;da3132
1;da3131
1;da3130
1;da313
1;da3129
1;da3128
1;da3127
1;da3126
1;da3125
1;da3124
1;da3123
1;da3122
1;da3121
1;da3120
1;da312
1;da3119
1;da3118
1;da3117
1;da3116
1;da3115
1;da3114
1;da3113
1;da3112
1;da3111
1;da3110
1;da311
1;da3109
1;da3108
1;da3107
1;da3106
1;da3105
1;da3104
1;da3103
1;da3102
1;da3101
1;da3100
1;da310
1;da31
1;da299
1;da298
1;da297
1;da296
1;da295
1;da294
1;da293
1;da292
1;da291
1;da290
1;da29
1;da289
1;da288
1;da287
1;da286
1;da285
1;da284
1;da283
1;da282
1;da281
1;da280
1;da28
1;da279
1;da278
1;da277
1;da276
1;da275
1;da274
1;da273
1;da272
1;da271
1;da270
1;da27
1;da269
1;da268
1;da267
1;da266
1;da265
1;da264
1;da263
1;da262
1;da261
1;da260
1;da26
1;da259
1;da258
1;da257
1;da256
1;da255
1;da254
1;da253
1;da252
1;da251
1;da2500
1;da250
1;da25
1;da2499
1;da2498
1;da2497
1;da2496
1;da2495
1;da2494
1;da2493
1;da2492
1;da2491
1;da2490
1;da249
1;da2489
1;da2488
1;da2487
1;da2486
1;da2485
1;da2484
1;da2483
1;da2482
1;da2481
1;da2480
1;da248
1;da2479
1;da2478
1;da2477
1;da2476
1;da2475
1;da2474
1;da2473
1;da2472
1;da2471
1;da2470
1;da247
1;da2469
1;da2468
1;da2467
1;da2466
1;da2465
1;da2464
1;da2463
1;da2462
1;da2461
1;da2460
1;da246
1;da2459
1;da2458
1;da2457
1;da2456
1;da2455
1;da2454
1;da2453
1;da2452
1;da2451
1;da2450
1;da245
1;da2449
1;da2448
1;da2447
1;da2446
1;da2445
1;da2444
1;da2443
1;da2442
1;da2441
1;da2440
1;da244
1;da2439
1;da2438
1;da2437
1;da2436
1;da2435
1;da2434
1;da2433
1;da2432
1;da2431
1;da2430
1;da243
1;da2429
1;da2428
1;da2427
1;da2426
1;da2425
1;da2424
1;da2423
1;da2422
1;da2421
1;da2420
1;da242
1;da2419
1;da2418
1;da2417
1;da2416
1;da2415
1;da2414
1;da2413
1;da2412
1;da2411
1;da2410
1;da241
1;da2409
1;da2408
1;da2407
1;da2406
1;da2405
1;da2404
1;da2403
1;da2402
1;da2401
1;da2400
1;da240
1;da24
1;da2399
1;da2398
1;da2397
1;da2396
1;da2395
1;da2394
1;da2393
1;da2392
1;da2391
1;da2390
1;da239
1;da2389
1;da2388
1;da2387
1;da2386
1;da2385
1;da2384
1;da2383
1;da2382
1;da2381
1;da2380
1;da238
1;da2379
1;da2378
1;da2377
1;da2376
1;da2375
1;da2374
1;da2373
1;da2372
1;da2371
1;da2370
1;da237
1;da2369
1;da2368
1;da2367
1;da2366
1;da2365
1;da2364
1;da2363
1;da2362
1;da2361
1;da2360
1;da236
1;da2359
1;da2358
1;da2357
1;da2356
1;da2355
1;da2354
1;da2353
1;da2352
1;da2351
1;da2350
1;da235
1;da2349
1;da2348
1;da2347
1;da2346
1;da2345
1;da2344
1;da2343
1;da2342
1;da2341
1;da2340
1;da234
1;da2339
1;da2338
1;da2337
1;da2336
1;da2335
1;da2334
1;da2333
1;da2332
1;da2331
1;da2330
1;da233
1;da2329
1;da2328
1;da2327
1;da2326
1;da2325
1;da2324
1;da2323
1;da2322
1;da2321
1;da2320
1;da232
1;da2319
1;da2318
1;da2317
1;da2316
1;da2315
1;da2314
1;da2313
1;da2312
1;da2311
1;da2310
1;da231
1;da2309
1;da2308
1;da2307
1;da2306
1;da2305
1;da2304
1;da2303
1;da2302
1;da2301
1;da2300
1;da230
1;da23
1;da2299
1;da2298
1;da2297
1;da2296
1;da2295
1;da2294
1;da2293
1;da2292
1;da2291
1;da2290
1;da229
1;da2289
1;da2288
1;da2287
1;da2286
1;da2285
1;da2284
1;da2283
1;da2282
1;da2281
1;da2280
1;da228
1;da2279
1;da2278
1;da2277
1;da2276
1;da2275
1;da2274
1;da2273
1;da2272
1;da2271
1;da2270
1;da227
1;da2269
1;da2268
1;da2267
1;da2266
1;da2265
1;da2264
1;da2263
1;da2262
1;da2261
1;da2260
1;da226
1;da2259
1;da2258
1;da2257
1;da2256
1;da2255
1;da2254
1;da2253
1;da2252
1;da2251
1;da2250
1;da225
1;da2249
1;da2248
1;da2247
1;da2246
1;da2245
1;da2244
1;da2243
1;da2242
1;da2241
1;da2240
1;da224
1;da2239
1;da2238
1;da2237
1;da2236
1;da2235
1;da2234
1;da2233
1;da2232
1;da2231
1;da2230
1;da223
1;da2229
1;da2228
1;da2227
1;da2226
1;da2225
1;da2224
1;da2223
1;da2222
1;da2221
1;da2220
1;da222
1;da2219
1;da2218
1;da2217
1;da2216
1;da2215
1;da2214
1;da2213
1;da2212
1;da2211
1;da2210
1;da221
1;da2209
1;da2208
1;da2207
1;da2206
1;da2205
1;da2204
1;da2203
1;da2202
1;da2201
1;da2200
1;da220
1;da22
1;da2199
1;da2198
1;da2197
1;da2196
1;da2195
1;da2194
1;da2193
1;da2192
1;da2191
1;da2190
1;da219
1;da2189
1;da2188
1;da2187
1;da2186
1;da2185
1;da2184
1;da2183
1;da2182
1;da2181
1;da2180
1;da218
1;da2179
1;da2178
1;da2177
1;da2176
1;da2175
1;da2174
1;da2173
1;da2172
1;da2171
1;da2170
1;da217
1;da2169
1;da2168
1;da2167
1;da2166
1;da2165
1;da2164
1;da2163
1;da2162
1;da2161
1;da2160
1;da216
1;da2159
1;da2158
1;da2157
1;da2156
1;da2155
1;da2154
1;da2153
1;da2152
1;da2151
1;da2150
1;da215
1;da2149
1;da2148
1;da2147
1;da2146
1;da2145
1;da2144
1;da2143
1;da2142
1;da2141
1;da2140
1;da214
1;da2139
1;da2138
1;da2137
1;da2136
1;da2135
1;da2134
1;da2133
1;da2132
1;da2131
1;da2130
1;da213
1;da2129
1;da2128
1;da2127
1;da2126
1;da2125
1;da2124
1;da2123
1;da2122
1;da2121
1;da2120
1;da212
1;da2119
1;da2118
1;da2117
1;da2116
1;da2115
1;da2114
1;da2113
1;da2112
1;da2111
1;da2110
1;da211
1;da2109
1;da2108
1;da2107
1;da2106
1;da2105
1;da2104
1;da2103
1;da2102
1;da2101
1;da2100
1;da210
1;da21
1;d_rerun
1;d_eq
1;d3bj-revpbe-300
1;d3-revpbe-350
1;d3-bj-blyp-350
1;d25lib2c
1;cxAf10
1;cxAf08
1;cxAf07
1;cxAf06
1;cxAf05
1;cxAf04
1;cxAf03
1;cxAf02
1;cxAf01
1;cwa99
1;cwa98
1;cwa97
1;cwa96
1;cwa95
1;cwa94
1;cwa93
1;cwa92
1;cwa91
1;cwa90
1;cwa9
1;cwa89
1;cwa88
1;cwa87
1;cwa86
1;cwa85
1;cwa84
1;cwa83
1;cwa82
1;cwa81
1;cwa80
1;cwa8
1;cwa79
1;cwa78
1;cwa77
1;cwa76
1;cwa75
1;cwa74
1;cwa73
1;cwa72
1;cwa71
1;cwa70
1;cwa7
1;cwa69
1;cwa68
1;cwa67
1;cwa66
1;cwa65
1;cwa64
1;cwa63
1;cwa62
1;cwa61
1;cwa60
1;cwa6
1;cwa595
1;cwa594
1;cwa593
1;cwa592
1;cwa591
1;cwa590
1;cwa59
1;cwa589
1;cwa588
1;cwa587
1;cwa586
1;cwa585
1;cwa584
1;cwa583
1;cwa582
1;cwa581
1;cwa580
1;cwa58
1;cwa579
1;cwa578
1;cwa577
1;cwa576
1;cwa575
1;cwa574
1;cwa573
1;cwa572
1;cwa571
1;cwa570
1;cwa57
1;cwa569
1;cwa568
1;cwa567
1;cwa566
1;cwa565
1;cwa564
1;cwa563
1;cwa562
1;cwa561
1;cwa560
1;cwa56
1;cwa559
1;cwa558
1;cwa557
1;cwa556
1;cwa555
1;cwa554
1;cwa553
1;cwa552
1;cwa551
1;cwa550
1;cwa55
1;cwa549
1;cwa548
1;cwa547
1;cwa546
1;cwa545
1;cwa544
1;cwa543
1;cwa542
1;cwa541
1;cwa540
1;cwa54
1;cwa539
1;cwa538
1;cwa537
1;cwa536
1;cwa535
1;cwa534
1;cwa533
1;cwa532
1;cwa531
1;cwa530
1;cwa53
1;cwa529
1;cwa528
1;cwa527
1;cwa526
1;cwa525
1;cwa524
1;cwa523
1;cwa522
1;cwa521
1;cwa520
1;cwa52
1;cwa519
1;cwa518
1;cwa517
1;cwa516
1;cwa515
1;cwa514
1;cwa513
1;cwa512
1;cwa511
1;cwa510
1;cwa51
1;cwa509
1;cwa508
1;cwa507
1;cwa506
1;cwa505
1;cwa504
1;cwa503
1;cwa502
1;cwa501
1;cwa500
1;cwa50
1;cwa5
1;cwa499
1;cwa498
1;cwa497
1;cwa496
1;cwa495
1;cwa494
1;cwa493
1;cwa492
1;cwa491
1;cwa490
1;cwa49
1;cwa489
1;cwa488
1;cwa487
1;cwa486
1;cwa485
1;cwa484
1;cwa483
1;cwa482
1;cwa481
1;cwa480
1;cwa48
1;cwa479
1;cwa478
1;cwa477
1;cwa476
1;cwa475
1;cwa474
1;cwa473
1;cwa472
1;cwa471
1;cwa470
1;cwa47
1;cwa469
1;cwa468
1;cwa467
1;cwa466
1;cwa465
1;cwa464
1;cwa463
1;cwa462
1;cwa461
1;cwa460
1;cwa46
1;cwa459
1;cwa458
1;cwa457
1;cwa456
1;cwa455
1;cwa454
1;cwa453
1;cwa452
1;cwa451
1;cwa450
1;cwa45
1;cwa449
1;cwa448
1;cwa447
1;cwa446
1;cwa445
1;cwa444
1;cwa443
1;cwa442
1;cwa441
1;cwa440
1;cwa44
1;cwa439
1;cwa438
1;cwa437
1;cwa436
1;cwa435
1;cwa434
1;cwa433
1;cwa432
1;cwa431
1;cwa430
1;cwa43
1;cwa429
1;cwa428
1;cwa427
1;cwa426
1;cwa425
1;cwa424
1;cwa423
1;cwa422
1;cwa421
1;cwa420
1;cwa42
1;cwa419
1;cwa418
1;cwa417
1;cwa416
1;cwa415
1;cwa414
1;cwa413
1;cwa412
1;cwa411
1;cwa410
1;cwa41
1;cwa409
1;cwa408
1;cwa407
1;cwa406
1;cwa405
1;cwa404
1;cwa403
1;cwa402
1;cwa401
1;cwa400
1;cwa40
1;cwa4
1;cwa3999
1;cwa3998
1;cwa3997
1;cwa3996
1;cwa3995
1;cwa3994
1;cwa3993
1;cwa3992
1;cwa3991
1;cwa3990
1;cwa3989
1;cwa3988
1;cwa3987
1;cwa3986
1;cwa3985
1;cwa3984
1;cwa3983
1;cwa3982
1;cwa3981
1;cwa3980
1;cwa3979
1;cwa3978
1;cwa3977
1;cwa3976
1;cwa3975
1;cwa3974
1;cwa3973
1;cwa3972
1;cwa3971
1;cwa3970
1;cwa3969
1;cwa3968
1;cwa3967
1;cwa3966
1;cwa3965
1;cwa3964
1;cwa3963
1;cwa3962
1;cwa3961
1;cwa3960
1;cwa3959
1;cwa3958
1;cwa3957
1;cwa3956
1;cwa3955
1;cwa3954
1;cwa3953
1;cwa3952
1;cwa3951
1;cwa3950
1;cwa3949
1;cwa3948
1;cwa3947
1;cwa3946
1;cwa3945
1;cwa3944
1;cwa3943
1;cwa3942
1;cwa3941
1;cwa3940
1;cwa3939
1;cwa3938
1;cwa3937
1;cwa3936
1;cwa3935
1;cwa3934
1;cwa3933
1;cwa3932
1;cwa3931
1;cwa3930
1;cwa3929
1;cwa3928
1;cwa3927
1;cwa3926
1;cwa3925
1;cwa3924
1;cwa3923
1;cwa3922
1;cwa3921
1;cwa3920
1;cwa3919
1;cwa3918
1;cwa3917
1;cwa3916
1;cwa3915
1;cwa3914
1;cwa3913
1;cwa3912
1;cwa3911
1;cwa3910
1;cwa3909
1;cwa3908
1;cwa3907
1;cwa3906
1;cwa3905
1;cwa3904
1;cwa3903
1;cwa3902
1;cwa3901
1;cwa3900
1;cwa3899
1;cwa3898
1;cwa3897
1;cwa3896
1;cwa3895
1;cwa3894
1;cwa3893
1;cwa3892
1;cwa3891
1;cwa3890
1;cwa3889
1;cwa3888
1;cwa3887
1;cwa3886
1;cwa3885
1;cwa3884
1;cwa3883
1;cwa3882
1;cwa3881
1;cwa3880
1;cwa3879
1;cwa3878
1;cwa3877
1;cwa3876
1;cwa3875
1;cwa3874
1;cwa3873
1;cwa3872
1;cwa3871
1;cwa3870
1;cwa3869
1;cwa3868
1;cwa3867
1;cwa3866
1;cwa3865
1;cwa3864
1;cwa3863
1;cwa3862
1;cwa3861
1;cwa3860
1;cwa3859
1;cwa3858
1;cwa3857
1;cwa3856
1;cwa3855
1;cwa3854
1;cwa3853
1;cwa3852
1;cwa3851
1;cwa3850
1;cwa3849
1;cwa3848
1;cwa3847
1;cwa3846
1;cwa3845
1;cwa3844
1;cwa3843
1;cwa3842
1;cwa3841
1;cwa3840
1;cwa3839
1;cwa3838
1;cwa3837
1;cwa3836
1;cwa3835
1;cwa3834
1;cwa3833
1;cwa3832
1;cwa3831
1;cwa3830
1;cwa3829
1;cwa3828
1;cwa3827
1;cwa3826
1;cwa3825
1;cwa3824
1;cwa3823
1;cwa3822
1;cwa3821
1;cwa3820
1;cwa3819
1;cwa3818
1;cwa3817
1;cwa3816
1;cwa3815
1;cwa3814
1;cwa3813
1;cwa3812
1;cwa3811
1;cwa3810
1;cwa3809
1;cwa3808
1;cwa3807
1;cwa3806
1;cwa3805
1;cwa3804
1;cwa3803
1;cwa3802
1;cwa3801
1;cwa3800
1;cwa3799
1;cwa3798
1;cwa3797
1;cwa3796
1;cwa3795
1;cwa3794
1;cwa3793
1;cwa3792
1;cwa3791
1;cwa3790
1;cwa3789
1;cwa3788
1;cwa3787
1;cwa3786
1;cwa3785
1;cwa3784
1;cwa3783
1;cwa3782
1;cwa3781
1;cwa3780
1;cwa3779
1;cwa3778
1;cwa3777
1;cwa3776
1;cwa3775
1;cwa3774
1;cwa3773
1;cwa3772
1;cwa3771
1;cwa3770
1;cwa3769
1;cwa3768
1;cwa3767
1;cwa3766
1;cwa3765
1;cwa3764
1;cwa3763
1;cwa3762
1;cwa3761
1;cwa3760
1;cwa3759
1;cwa3758
1;cwa3757
1;cwa3756
1;cwa3755
1;cwa3754
1;cwa3753
1;cwa3752
1;cwa3751
1;cwa3750
1;cwa3749
1;cwa3748
1;cwa3747
1;cwa3746
1;cwa3745
1;cwa3744
1;cwa3743
1;cwa3742
1;cwa3741
1;cwa3740
1;cwa3739
1;cwa3738
1;cwa3737
1;cwa3736
1;cwa3735
1;cwa3734
1;cwa3733
1;cwa3732
1;cwa3731
1;cwa3730
1;cwa3729
1;cwa3728
1;cwa3727
1;cwa3726
1;cwa3725
1;cwa3724
1;cwa3723
1;cwa3722
1;cwa3721
1;cwa3720
1;cwa3719
1;cwa3718
1;cwa3717
1;cwa3716
1;cwa3715
1;cwa3714
1;cwa3713
1;cwa3712
1;cwa3711
1;cwa3710
1;cwa3709
1;cwa3708
1;cwa3707
1;cwa3706
1;cwa3705
1;cwa3704
1;cwa3703
1;cwa3702
1;cwa3701
1;cwa3700
1;cwa3699
1;cwa3698
1;cwa3697
1;cwa3696
1;cwa3695
1;cwa3694
1;cwa3693
1;cwa3692
1;cwa3691
1;cwa3690
1;cwa3689
1;cwa3688
1;cwa3687
1;cwa3686
1;cwa3685
1;cwa3684
1;cwa3683
1;cwa3682
1;cwa3681
1;cwa3680
1;cwa3679
1;cwa3678
1;cwa3677
1;cwa3676
1;cwa3675
1;cwa3674
1;cwa3673
1;cwa3672
1;cwa3671
1;cwa3670
1;cwa3669
1;cwa3668
1;cwa3667
1;cwa3666
1;cwa3665
1;cwa3664
1;cwa3663
1;cwa3662
1;cwa3661
1;cwa3660
1;cwa3659
1;cwa3658
1;cwa3657
1;cwa3656
1;cwa3655
1;cwa3654
1;cwa3653
1;cwa3652
1;cwa3651
1;cwa3650
1;cwa3649
1;cwa3648
1;cwa3647
1;cwa3646
1;cwa3645
1;cwa3644
1;cwa3643
1;cwa3642
1;cwa3641
1;cwa3640
1;cwa3639
1;cwa3638
1;cwa3637
1;cwa3636
1;cwa3635
1;cwa3634
1;cwa3633
1;cwa3632
1;cwa3631
1;cwa3630
1;cwa3629
1;cwa3628
1;cwa3627
1;cwa3626
1;cwa3625
1;cwa3624
1;cwa3623
1;cwa3622
1;cwa3621
1;cwa3620
1;cwa3619
1;cwa3618
1;cwa3617
1;cwa3616
1;cwa3615
1;cwa3614
1;cwa3613
1;cwa3612
1;cwa3611
1;cwa3610
1;cwa3609
1;cwa3608
1;cwa3607
1;cwa3606
1;cwa3605
1;cwa3604
1;cwa3603
1;cwa3602
1;cwa3601
1;cwa3600
1;cwa3599
1;cwa3598
1;cwa3597
1;cwa3596
1;cwa3595
1;cwa3594
1;cwa3593
1;cwa3592
1;cwa3591
1;cwa3590
1;cwa3589
1;cwa3588
1;cwa3587
1;cwa3586
1;cwa3585
1;cwa3584
1;cwa3583
1;cwa3582
1;cwa3581
1;cwa3580
1;cwa3579
1;cwa3578
1;cwa3577
1;cwa3576
1;cwa3575
1;cwa3574
1;cwa3573
1;cwa3572
1;cwa3571
1;cwa3570
1;cwa3569
1;cwa3568
1;cwa3567
1;cwa3566
1;cwa3565
1;cwa3564
1;cwa3563
1;cwa3562
1;cwa3561
1;cwa3560
1;cwa3559
1;cwa3558
1;cwa3557
1;cwa3556
1;cwa3555
1;cwa3554
1;cwa3553
1;cwa3552
1;cwa3551
1;cwa3550
1;cwa3549
1;cwa3548
1;cwa3547
1;cwa3546
1;cwa3545
1;cwa3544
1;cwa3543
1;cwa3542
1;cwa3541
1;cwa3540
1;cwa3539
1;cwa3538
1;cwa3537
1;cwa3536
1;cwa3535
1;cwa3534
1;cwa3533
1;cwa3532
1;cwa3531
1;cwa3530
1;cwa3529
1;cwa3528
1;cwa3527
1;cwa3526
1;cwa3525
1;cwa3524
1;cwa3523
1;cwa3522
1;cwa3521
1;cwa3520
1;cwa3519
1;cwa3518
1;cwa3517
1;cwa3516
1;cwa3515
1;cwa3514
1;cwa3513
1;cwa3512
1;cwa3511
1;cwa3510
1;cwa3509
1;cwa3508
1;cwa3507
1;cwa3506
1;cwa3505
1;cwa3504
1;cwa3503
1;cwa3502
1;cwa3501
1;cwa3500
1;cwa3499
1;cwa3498
1;cwa3497
1;cwa3496
1;cwa3495
1;cwa3494
1;cwa3493
1;cwa3492
1;cwa3491
1;cwa3490
1;cwa3489
1;cwa3488
1;cwa3487
1;cwa3486
1;cwa3485
1;cwa3484
1;cwa3483
1;cwa3482
1;cwa3481
1;cwa3480
1;cwa3479
1;cwa3478
1;cwa3477
1;cwa3476
1;cwa3475
1;cwa3474
1;cwa3473
1;cwa3472
1;cwa3471
1;cwa3470
1;cwa3469
1;cwa3468
1;cwa3467
1;cwa3466
1;cwa3465
1;cwa3464
1;cwa3463
1;cwa3462
1;cwa3461
1;cwa3460
1;cwa3459
1;cwa3458
1;cwa3457
1;cwa3456
1;cwa3455
1;cwa3454
1;cwa3453
1;cwa3452
1;cwa3451
1;cwa3450
1;cwa3449
1;cwa3448
1;cwa3447
1;cwa3446
1;cwa3445
1;cwa3444
1;cwa3443
1;cwa3442
1;cwa3441
1;cwa3440
1;cwa3439
1;cwa3438
1;cwa3437
1;cwa3436
1;cwa3435
1;cwa3434
1;cwa3433
1;cwa3432
1;cwa3431
1;cwa3430
1;cwa3429
1;cwa3428
1;cwa3427
1;cwa3426
1;cwa3425
1;cwa3424
1;cwa3423
1;cwa3422
1;cwa3421
1;cwa3420
1;cwa3419
1;cwa3418
1;cwa3417
1;cwa3416
1;cwa3415
1;cwa3414
1;cwa3413
1;cwa3412
1;cwa3411
1;cwa3410
1;cwa3409
1;cwa3408
1;cwa3407
1;cwa3406
1;cwa3405
1;cwa3404
1;cwa3403
1;cwa3402
1;cwa3401
1;cwa3400
1;cwa3399
1;cwa3398
1;cwa3397
1;cwa3396
1;cwa3395
1;cwa3394
1;cwa3393
1;cwa3392
1;cwa3391
1;cwa3390
1;cwa3389
1;cwa3388
1;cwa3387
1;cwa3386
1;cwa3385
1;cwa3384
1;cwa3383
1;cwa3382
1;cwa3381
1;cwa3380
1;cwa3379
1;cwa3378
1;cwa3377
1;cwa3376
1;cwa3375
1;cwa3374
1;cwa3373
1;cwa3372
1;cwa3371
1;cwa3370
1;cwa3369
1;cwa3368
1;cwa3367
1;cwa3366
1;cwa3365
1;cwa3364
1;cwa3363
1;cwa3362
1;cwa3361
1;cwa3360
1;cwa3359
1;cwa3358
1;cwa3357
1;cwa3356
1;cwa3355
1;cwa3354
1;cwa3353
1;cwa3352
1;cwa3351
1;cwa3350
1;cwa3349
1;cwa3348
1;cwa3347
1;cwa3346
1;cwa3345
1;cwa3344
1;cwa3343
1;cwa3342
1;cwa3341
1;cwa3340
1;cwa3339
1;cwa3338
1;cwa3337
1;cwa3336
1;cwa3335
1;cwa3334
1;cwa3333
1;cwa3332
1;cwa3331
1;cwa3330
1;cwa3329
1;cwa3328
1;cwa3327
1;cwa3326
1;cwa3325
1;cwa3324
1;cwa3323
1;cwa3322
1;cwa3321
1;cwa3320
1;cwa3319
1;cwa3318
1;cwa3317
1;cwa3316
1;cwa3315
1;cwa3314
1;cwa3313
1;cwa3312
1;cwa3311
1;cwa3310
1;cwa3309
1;cwa3308
1;cwa3307
1;cwa3306
1;cwa3305
1;cwa3304
1;cwa3303
1;cwa3302
1;cwa3301
1;cwa3300
1;cwa3299
1;cwa3298
1;cwa3297
1;cwa3296
1;cwa3295
1;cwa3294
1;cwa3293
1;cwa3292
1;cwa3291
1;cwa3290
1;cwa3289
1;cwa3288
1;cwa3287
1;cwa3286
1;cwa3285
1;cwa3284
1;cwa3283
1;cwa3282
1;cwa3281
1;cwa3280
1;cwa3279
1;cwa3278
1;cwa3277
1;cwa3276
1;cwa3275
1;cwa3274
1;cwa3273
1;cwa3272
1;cwa3271
1;cwa3270
1;cwa3269
1;cwa3268
1;cwa3267
1;cwa3266
1;cwa3265
1;cwa3264
1;cwa3263
1;cwa3262
1;cwa3261
1;cwa3260
1;cwa3259
1;cwa3258
1;cwa3257
1;cwa3256
1;cwa3255
1;cwa3254
1;cwa3253
1;cwa3252
1;cwa3251
1;cwa3250
1;cwa3249
1;cwa3248
1;cwa3247
1;cwa3246
1;cwa3245
1;cwa3244
1;cwa3243
1;cwa3242
1;cwa3241
1;cwa3240
1;cwa3239
1;cwa3238
1;cwa3237
1;cwa3236
1;cwa3235
1;cwa3234
1;cwa3233
1;cwa3232
1;cwa3231
1;cwa3230
1;cwa3229
1;cwa3228
1;cwa3227
1;cwa3226
1;cwa3225
1;cwa3224
1;cwa3223
1;cwa3222
1;cwa3221
1;cwa3220
1;cwa3219
1;cwa3218
1;cwa3217
1;cwa3216
1;cwa3215
1;cwa3214
1;cwa3213
1;cwa3212
1;cwa3211
1;cwa3210
1;cwa3209
1;cwa3208
1;cwa3207
1;cwa3206
1;cwa3205
1;cwa3204
1;cwa3203
1;cwa3202
1;cwa3201
1;cwa3200
1;cwa3199
1;cwa3198
1;cwa3197
1;cwa3196
1;cwa3195
1;cwa3194
1;cwa3193
1;cwa3192
1;cwa3191
1;cwa3190
1;cwa3189
1;cwa3188
1;cwa3187
1;cwa3186
1;cwa3185
1;cwa3184
1;cwa3183
1;cwa3182
1;cwa3181
1;cwa3180
1;cwa3179
1;cwa3178
1;cwa3177
1;cwa3176
1;cwa3175
1;cwa3174
1;cwa3173
1;cwa3172
1;cwa3171
1;cwa3170
1;cwa3169
1;cwa3168
1;cwa3167
1;cwa3166
1;cwa3165
1;cwa3164
1;cwa3163
1;cwa3162
1;cwa3161
1;cwa3160
1;cwa3159
1;cwa3158
1;cwa3157
1;cwa3156
1;cwa3155
1;cwa3154
1;cwa3153
1;cwa3152
1;cwa3151
1;cwa3150
1;cwa3149
1;cwa3148
1;cwa3147
1;cwa3146
1;cwa3145
1;cwa3144
1;cwa3143
1;cwa3142
1;cwa3141
1;cwa3140
1;cwa3139
1;cwa3138
1;cwa3137
1;cwa3136
1;cwa3135
1;cwa3134
1;cwa3133
1;cwa3132
1;cwa3131
1;cwa3130
1;cwa3129
1;cwa3128
1;cwa3127
1;cwa3126
1;cwa3125
1;cwa3124
1;cwa3123
1;cwa3122
1;cwa3121
1;cwa3120
1;cwa3119
1;cwa3118
1;cwa3117
1;cwa3116
1;cwa3115
1;cwa3114
1;cwa3113
1;cwa3112
1;cwa3111
1;cwa3110
1;cwa3109
1;cwa3108
1;cwa3107
1;cwa3106
1;cwa3105
1;cwa3104
1;cwa3103
1;cwa3102
1;cwa3101
1;cwa31000
1;cwa3100
1;cwa309
1;cwa308
1;cwa307
1;cwa306
1;cwa305
1;cwa304
1;cwa303
1;cwa302
1;cwa301
1;cwa300
1;cwa30
1;cwa3
1;cwa299
1;cwa298
1;cwa297
1;cwa296
1;cwa295
1;cwa294
1;cwa293
1;cwa292
1;cwa291
1;cwa290
1;cwa29
1;cwa289
1;cwa288
1;cwa287
1;cwa286
1;cwa285
1;cwa284
1;cwa283
1;cwa282
1;cwa281
1;cwa280
1;cwa28
1;cwa279
1;cwa278
1;cwa277
1;cwa276
1;cwa275
1;cwa274
1;cwa273
1;cwa272
1;cwa271
1;cwa270
1;cwa27
1;cwa269
1;cwa268
1;cwa267
1;cwa266
1;cwa265
1;cwa264
1;cwa263
1;cwa262
1;cwa261
1;cwa260
1;cwa26
1;cwa259
1;cwa258
1;cwa257
1;cwa256
1;cwa255
1;cwa254
1;cwa253
1;cwa252
1;cwa251
1;cwa250
1;cwa25
1;cwa249
1;cwa248
1;cwa247
1;cwa246
1;cwa245
1;cwa244
1;cwa243
1;cwa242
1;cwa241
1;cwa240
1;cwa24
1;cwa239
1;cwa238
1;cwa237
1;cwa236
1;cwa235
1;cwa234
1;cwa233
1;cwa232
1;cwa231
1;cwa230
1;cwa23
1;cwa229
1;cwa228
1;cwa227
1;cwa226
1;cwa225
1;cwa224
1;cwa223
1;cwa222
1;cwa221
1;cwa220
1;cwa22
1;cwa219
1;cwa218
1;cwa217
1;cwa216
1;cwa215
1;cwa214
1;cwa213
1;cwa212
1;cwa211
1;cwa210
1;cwa21
1;cwa209
1;cwa208
1;cwa207
1;cwa206
1;cwa205
1;cwa204
1;cwa203
1;cwa202
1;cwa201
1;cwa200
1;cwa20
1;cwa2
1;cwa199
1;cwa198
1;cwa197
1;cwa196
1;cwa195
1;cwa194
1;cwa193
1;cwa192
1;cwa191
1;cwa190
1;cwa19
1;cwa189
1;cwa188
1;cwa187
1;cwa186
1;cwa185
1;cwa184
1;cwa183
1;cwa182
1;cwa181
1;cwa180
1;cwa18
1;cwa179
1;cwa178
1;cwa177
1;cwa176
1;cwa175
1;cwa174
1;cwa173
1;cwa172
1;cwa171
1;cwa170
1;cwa17
1;cwa169
1;cwa168
1;cwa167
1;cwa166
1;cwa165
1;cwa164
1;cwa163
1;cwa162
1;cwa161
1;cwa160
1;cwa16
1;cwa159
1;cwa158
1;cwa157
1;cwa156
1;cwa155
1;cwa154
1;cwa153
1;cwa152
1;cwa151
1;cwa150
1;cwa15
1;cwa149
1;cwa148
1;cwa147
1;cwa146
1;cwa145
1;cwa144
1;cwa143
1;cwa142
1;cwa141
1;cwa140
1;cwa14
1;cwa139
1;cwa138
1;cwa137
1;cwa136
1;cwa135
1;cwa134
1;cwa133
1;cwa132
1;cwa131
1;cwa130
1;cwa129
1;cwa128
1;cwa127
1;cwa126
1;cwa125
1;cwa124
1;cwa123
1;cwa122
1;cwa121
1;cwa120
1;cwa12
1;cwa119
1;cwa118
1;cwa117
1;cwa116
1;cwa115
1;cwa114
1;cwa113
1;cwa112
1;cwa111
1;cwa110
1;cwa11
1;cwa109
1;cwa108
1;cwa107
1;cwa106
1;cwa105
1;cwa104
1;cwa103
1;cwa102
1;cwa101
1;cwa100
1;cwa10
1;cwa1
1;cuo-etsh
1;cuo-co2
1;cu2-3
1;cu2-2
1;cu2
1;cu-etsh
1;cu-etoh
1;cu-co2
1;crpropa_test
1;crpropa_final
1;crpropa_dev
1;crpropa_10M_gpu
1;cr-band
1;cpupowerinfo
1;cp2k.popt
1;cp2k-arm
1;corsika78010Linux_SIBYLL_fluka_thin
1;corr_new2_maxco75
1;corr_new2_maxco2
1;corr_new2_maxco15
1;corr_new2_maxco1
1;corr_new2_expU
1;corr_new2_damp1maxco1
1;corr_new2_damp1
1;corr_new2_damp05
1;core_pca
1;core_extract_N
1;copy_mass1407
1;constx2
1;conf9
1;conf88
1;conf83
1;conf69
1;conf63
1;conf58
1;conf53
1;conf499
1;conf488
1;conf473
1;conf456
1;conf438
1;conf406
1;conf40
1;conf382
1;conf366
1;conf347
1;conf327
1;conf313
1;conf286
1;conf268
1;conf254
1;conf226
1;conf216
1;conf197
1;conf188
1;conf168
1;conf150
1;conf15
1;conf139
1;conf137
1;conf126
1;conf124
1;conf12
1;conf11
1;conf108
1;compress_trackingtable
1;composito_expandido_deitado
1;composito3_h100
1;compile_vasp_gh200
1;common.sh
1;comb5
1;comb3Ispin1
1;comb3
1;comb1AF
1;coarse
1;co2bitraindens
1;co2
1;co-scf
1;cma_23
1;cma_15
1;cma_14
1;cma_11
1;cma_09
1;cma_07
1;cma_05
1;cma_04
1;cma_03
1;cma_02
1;cleanup_mass402_atm17
1;chg2xB
1;chg2xAB
1;chg2xA
1;charmrun.357053
1;ch_hyp_smoke
1;ch_hyp_full
1;cg.D.512_intel1api.23.2.x
1;cg.C.x.amd
1;cg.C.32_ompi4_gcc
1;cg.C.32_ompi4_amd
1;cg.C.128_intel1api.25.3
1;ce20_96c
1;ce20_96_8x12
1;ce20_96_6x16
1;ce20_96_12x8
1;ce20_72c
1;ce20_64c
1;ccu
1;cata-h2--
1;cata-f1
1;cata-f
1;cata-e1
1;cata-e
1;cat_xtc
1;cat_pca_intra
1;cat_OFO
1;cat_ODEF
1;cat_4BBJ
1;cat_3RFU
1;caso6
1;caso5
1;caso4
1;caso1-cont
1;case9
1;case8
1;case72
1;case71
1;case70
1;case7
1;case69
1;case68
1;case61
1;case6
1;case58
1;case57
1;case56
1;case55
1;case54
1;case5
1;case48
1;case47
1;case46
1;case45
1;case44
1;case43
1;case41
1;case40
1;case4
1;case39
1;case36
1;case35
1;case34
1;case33
1;case32
1;case31
1;case30
1;case3
1;case29
1;case28
1;case27
1;case26
1;case25
1;case24
1;case23
1;case22
1;case21
1;case20
1;case2
1;case19
1;case18
1;case17
1;case16
1;case15
1;case14
1;case13
1;case12
1;case11
1;case10
1;calc_matrix
1;cNEBC1tube
1;cN3_HgCl_dmso
1;cN1_Zn_dmso
1;cN1_HgCl_dmso
1;cBbl10
1;cBbl09
1;cBbl08
1;cBbl07
1;cBbl06
1;cBbl05
1;cBbl04
1;cBbl03
1;cBbl02
1;cBbl01
1;cAbl10
1;cAbl09
1;cAbl08
1;cAbl07
1;cAbl06
1;cAbl05
1;cAbl04
1;cAbl03
1;cAbl02
1;cAbl01
1;c500
1;c450
1;c4300r
1;c4300c
1;c4200r
1;c4200c
1;c400
1;c350
1;c3300r
1;c3300c
1;c325
1;c3200r
1;c3200c
1;c3100r
1;c3100c
1;c300
1;c275
1;c250
1;c200
1;byol
1;bulk_smb6
1;build_venv_gpu.sh
1;buffer-gny
1;buffer-2gra
1;buffer-1gra
1;buffer-01gra
1;bt.C.x.amd_163272_16_cores.out
1;bt.C.x.amd_163271_16_cores.out
1;bt.C.64_ompi5_amd
1;bt.A
1;bt-mz.F.x_ompi4_gcc
1;bt-mz.B.x
1;bridgB
1;bridgAB
1;bridgA
1;both
1;bootstrap_amortar
1;bismupore-hexabare
1;bismupore-6
1;bismupore-555777
1;bismupore-2
1;bismupore-1
1;bis
1;bipass
1;biotin_r
1;bi-ions
1;bi-by
1;bh4cf
1;bexos3
1;bench64_8x8
1;bench64_4x16
1;bench64_2x32
1;bands_La3Ni2O7
1;bands_Gexcited-HfTe2
1;bands3CIO1LNOAFM
1;bands2CIO2LNOAFMG
1;bands2CIO2LNOAFMA
1;bands1CIO3LNOAFMG
1;bands1CIO3LNOAFMC
1;bands1CIO3LNOAFMAup
1;bands1CIO1LNOAFM
1;bands-4lmls
1;bandas-lamela4
1;band_dos
1;band-gpy
1;band-bpy
1;band-bpn
1;band-2graphene
1;band-01grafeno
1;baderVac
1;bad-808
1;b4c_Williamson
1;b4c_Tyberg
1;b4c_T4
1;b4c_T2
1;b4c_T1
1;b4c_Stettler
1;b4c_Stergiopulos
1;b4c_Spencer2
1;b4c_Spencer
1;b4c_Soulis
1;b4c_Pahlevan
1;b4c_Mynard
1;b4c_Murgo
1;b4c_HR
1;b4c_F0
1;b4c_Eslami
1;b3-gdfeo3
1;b-8nh2
1;b-4ch3
1;b-2oh
1;b-2nh2
1;awknrgm
1;awk300
1;atom_walk_final
1;arsina-MoS2-passo5
1;apptainer_job
1;amrwind-turb180-1cnt
1;amrwind-scaling80
1;amrwind-scaling144
1;amrwind-abl-turb
1;amrcm_N16_mt1_run5
1;amrcm_N16_mt1_run4
1;amrcm_N16_mt1_run3
1;amrcm_N16_mt1_run2
1;amrcm_N16_mt1_run1
1;amrcm_N100_mt2_run5
1;amrcm_N100_mt2_run4
1;amrcm_N100_mt2_run3
1;amrcm_N100_mt2_run2
1;amrcm_N100_mt2_run1
1;amrcm2
1;amortar_structured_rx5_ry5_rz5_rt3
1;amortar_structured_rx5_ry5_rz5_rt2
1;amortar_structured_rx5_ry5_rz5_rt1
1;amortar_mt4_run5
1;amortar_mt4_run4
1;amber.slurm.md5
1;amber.slurm.md4
1;alpha_gw
1;all-mol
1;alfa_w90
1;al9h2
1;al8h2
1;al6h2
1;al5h2
1;al13h2
1;al12h2
1;al11h2
1;aims.240920.scalapack.mpi.x
1;ad2-5
1;ad2-4
1;ad2-3
1;ad2-2
1;acoustic_openmp_so8_sz500_th2_tuneoff_mpibasic_g4_rep5_%j
1;acoustic_openmp_so8_sz500_th2_tuneoff_mpibasic_g4_rep4_%j
1;acoustic_openmp_so8_sz500_th2_tuneoff_mpibasic_g4_rep3_%j
1;acoustic_openmp_so8_sz500_th2_tuneoff_mpibasic_g4_rep2_%j
1;acoustic_openmp_so8_sz500_th2_tuneoff_mpibasic_g4_rep1_%j
1;acoustic_openmp_so8_sz500_th2_tuneoff_mpibasic_g2_rep5_%j
1;acoustic_openmp_so8_sz500_th2_tuneoff_mpibasic_g2_rep4_%j
1;acoustic_openmp_so8_sz500_th2_tuneoff_mpibasic_g2_rep3_%j
1;acoustic_openmp_so8_sz500_th2_tuneoff_mpibasic_g2_rep2_%j
1;acoustic_openmp_so8_sz500_th2_tuneoff_mpibasic_g2_rep1_%j
1;acoustic_openmp_so16_sz500_th2_tuneoff_mpibasic_g4_rep5_%j
1;acoustic_openmp_so16_sz500_th2_tuneoff_mpibasic_g4_rep4_%j
1;acoustic_openmp_so16_sz500_th2_tuneoff_mpibasic_g4_rep3_%j
1;acoustic_openmp_so16_sz500_th2_tuneoff_mpibasic_g4_rep2_%j
1;acoustic_openmp_so16_sz500_th2_tuneoff_mpibasic_g4_rep1_%j
1;acoustic_openmp_so16_sz500_th2_tuneoff_mpibasic_g2_rep5_%j
1;acoustic_openmp_so16_sz500_th2_tuneoff_mpibasic_g2_rep4_%j
1;acoustic_openmp_so16_sz500_th2_tuneoff_mpibasic_g2_rep3_%j
1;acoustic_openmp_so16_sz500_th2_tuneoff_mpibasic_g2_rep2_%j
1;acoustic_openmp_so16_sz500_th2_tuneoff_mpibasic_g2_rep1_%j
1;acoustic_openmp_so14_sz500_th2_tuneoff_mpibasic_g4_rep5_%j
1;acoustic_openmp_so14_sz500_th2_tuneoff_mpibasic_g4_rep4_%j
1;acoustic_openmp_so14_sz500_th2_tuneoff_mpibasic_g4_rep3_%j
1;acoustic_openmp_so14_sz500_th2_tuneoff_mpibasic_g4_rep2_%j
1;acoustic_openmp_so14_sz500_th2_tuneoff_mpibasic_g4_rep1_%j
1;acoustic_openmp_so14_sz500_th2_tuneoff_mpibasic_g2_rep5_%j
1;acoustic_openmp_so14_sz500_th2_tuneoff_mpibasic_g2_rep4_%j
1;acoustic_openmp_so14_sz500_th2_tuneoff_mpibasic_g2_rep3_%j
1;acoustic_openmp_so14_sz500_th2_tuneoff_mpibasic_g2_rep2_%j
1;acoustic_openmp_so14_sz500_th2_tuneoff_mpibasic_g2_rep1_%j
1;acoustic_openmp_so12_sz500_th2_tuneoff_mpibasic_g4_rep5_%j
1;acoustic_openmp_so12_sz500_th2_tuneoff_mpibasic_g4_rep4_%j
1;acoustic_openmp_so12_sz500_th2_tuneoff_mpibasic_g4_rep3_%j
1;acoustic_openmp_so12_sz500_th2_tuneoff_mpibasic_g4_rep2_%j
1;acoustic_openmp_so12_sz500_th2_tuneoff_mpibasic_g4_rep1_%j
1;acoustic_openmp_so12_sz500_th2_tuneoff_mpibasic_g2_rep5_%j
1;acoustic_openmp_so12_sz500_th2_tuneoff_mpibasic_g2_rep4_%j
1;acoustic_openmp_so12_sz500_th2_tuneoff_mpibasic_g2_rep3_%j
1;acoustic_openmp_so12_sz500_th2_tuneoff_mpibasic_g2_rep2_%j
1;acoustic_openmp_so12_sz500_th2_tuneoff_mpibasic_g2_rep1_%j
1;acoustic_openmp_so10_sz500_th2_tuneoff_mpibasic_g4_rep5_%j
1;acoustic_openmp_so10_sz500_th2_tuneoff_mpibasic_g4_rep4_%j
1;acoustic_openmp_so10_sz500_th2_tuneoff_mpibasic_g4_rep3_%j
1;acoustic_openmp_so10_sz500_th2_tuneoff_mpibasic_g4_rep2_%j
1;acoustic_openmp_so10_sz500_th2_tuneoff_mpibasic_g4_rep1_%j
1;acoustic_openmp_so10_sz500_th2_tuneoff_mpibasic_g2_rep5_%j
1;acoustic_openmp_so10_sz500_th2_tuneoff_mpibasic_g2_rep4_%j
1;acoustic_openmp_so10_sz500_th2_tuneoff_mpibasic_g2_rep3_%j
1;acoustic_openmp_so10_sz500_th2_tuneoff_mpibasic_g2_rep2_%j
1;acoustic_openmp_so10_sz500_th2_tuneoff_mpibasic_g2_rep1_%j
1;acore_per_system
1;ace2-rerun
1;abf_wt4
1;abf_wt3
1;abf_mut2
1;abf_mut1
1;a_c
1;aN1_Zn_dmso
1;aN1_HgCl_dmso
1;a7-b-vitmae
1;a5
1;ZrPdZn_Zr_Zn_Pd
1;ZrPdZn_Zn_Zr_Pd
1;ZrPdZn_Zn_Pd_Zr
1;ZrPdZn_Pd_Zr_Zn
1;ZrPdZn_Pd_Zn_Zr
1;ZrPdSn_Zr_Sn_Pd
1;ZrPdSn_Sn_Zr_Pd
1;ZrPdSn_Sn_Pd_Zr
1;ZrPdSn_Pd_Zr_Sn
1;ZrPdSn_Pd_Sn_Zr
1;ZrPdSi_Zr_Si_Pd
1;ZrPdSi_Si_Zr_Pd
1;ZrPdSi_Si_Pd_Zr
1;ZrPdSi_Pd_Zr_Si
1;ZrPdSi_Pd_Si_Zr
1;ZrPdSb_Sb_Zr_Pd
1;ZrPdSb_Pd_Zr_Sb
1;ZrPdPb_Zr_Pb_Pd
1;ZrPdPb_Pd_Zr_Pb
1;ZrPdPb_Pd_Pb_Zr
1;ZrPdPb_Pb_Zr_Pd
1;ZrPdPb_Pb_Pd_Zr
1;ZnO_unit_GS
1;ZnO_Li
1;ZnO_GS
1;ZnO_Cu
1;ZORA
1;Y-Tc
1;XGB_Opt
1;Vsg8_Vsl3
1;VT2f24mxene-ti3c2o2
1;VO2_r_AFM
1;VIbg8x6
1;VIbg6x8
1;VIbg4x12
1;VIbg2x24
1;VIbg12x4
1;VAc_PVA
1;VASP_Phonons_Array
1;VASP_H100_dev
1;VASP_H100
1;VASP_Debug
1;UiCa-M3000k
1;UiCa-M2-TR
1;UiCa-M2-DT1
1;UiCa-M1300k
1;Ui-M2
1;UNet_Temporal
1;UNet_LatinAmerica
1;UNetMulti_LatinAmerica
1;UNetGTI_GSMaP_MVK_Latam
1;UNet-12min-03img-Lightning-Raw
1;UNet-12min-03img-Lightning-QC-dBZ-ET35
1;UNet-12min-03img-Lightning-QC
1;UNet-06min-06img-Lightning-QC
1;UNet-06min-03img-Lightning-QC
1;UNISIM-II-D-CO-IW_MT_caso6
1;UNET_Raw
1;UN2p6
1;UN2p5
1;U7nopolaron_Fe2O3
1;U6nopolaron_Fe2O3
1;U4nopolaron_Fe2O3
1;U2p6
1;U2p5
1;U2nopolaron_Fe2O3
1;U1nopolaron_Fe2O3
1;U-puro
1;U-octano
1;U-etil-metil-sulfeto
1;U-dietil-sulfeto
1;U-agua-scf
1;U-NH2-hexano
1;U-NH2-heptano
1;U-NH2-agua56
1;U-NH2-agua
1;U-2-propanotiol
1;U
1;TiSe2h_ex2
1;TiSe2_phonon
1;TiSe2_CDW_single-shot
1;TiSe2_CDW
1;TiBox
1;Ti-Re
1;Ti-In
1;Teste_Suporte
1;TesteM
1;TestLLM
1;Test2
1;Test1
1;Tesrt_Proxy
1;Ta2NiSe5_3SB
1;Ta2NiSe5_2
1;TRS3_mapa
1;TRS2_mapa
1;TRFC_pos4_agua1
1;TRANS3_CFc
1;TRANS2_CFc
1;TRANS1_CFc
1;TR1rhoD
1;TR1_ext
1;TR-iFR25
1;TR-100R2
1;TMA-mol
1;TMA-N-sup
1;TMA-N-mol
1;TMA-N-all
1;TMA-M-sup
1;TMA-M-mol
1;TMA-M-all
1;TG24EIMc
1;T0rfp2.5
1;T0rfp2.0
1;Sym0f48mxene-ti3c2o2-48
1;SupATV
1;Spatial_XGB
1;Sm_Proxy
1;SmB6cb_NM_SOC
1;SmB6_oldNM
1;SmB6_chg
1;SmB6_bands_2
1;SmB6_PM_monomorphous
1;Simulrefit
1;SimCin
1;Seriemos
1;Seriebi_Auto
1;Sc-Ir
1;Sbinoloop
1;S_SB_U6DOS
1;S_SB_U4DOS
1;S_MoDOS
1;SSIM1
1;SO3-3
1;SO3-2
1;SO3-1
1;SEMSup110
1;SCsocNiinplaneAFMa-a-c+
1;SCsocIrAFMa-a-c0
1;SCsocFMa-a-c+
1;SCa-a-c+AFM
1;SCF_MH
1;SCAFMa-a-c+
1;SBUGe2_dos
1;SBTb_dos
1;SBHo_DOS
1;SBGdNi2_DOS
1;SBCeO2_GS
1;SAAsOCH33
1;S7Ntube
1;S1Ntube
1;S10Ntube
1;Ru_SiO_C
1;RuSiO
1;Rod2
1;RandomForest
1;RUN_ID=
1;RT-monoR
1;RT-isot2
1;RT-iFR300
1;RT-i150m
1;RT-i100m
1;RT-c9660
1;RT-c9655
1;RT-c18060
1;RT-c18055
1;RT-c18050
1;RT-c146560
1;RT-c146555
1;RT-c146550
1;RT-c11360
1;RT-c11355
1;RT-c11350
1;RT-c10550
1;RT-anis1
1;RT-aFR300
1;RT-aFR25
1;RT-a300m
1;RT-a200m
1;RT-PVBTr
1;RT-90deg
1;RT-75deg
1;RT-4mesh
1;RT-4mTol
1;RT-45deg
1;RT-3mesh
1;RT-30deg
1;RT-2mlon
1;RT-2mesh
1;RT-15deg
1;RT-150m
1;RT-100mR
1;RT-100m
1;RORgE
1;RORg
1;RORZ4
1;RORE3
1;RORE2
1;RORE1
1;ROR3
1;ROR2
1;ROR1
1;ROCm-AI
1;RIXS
1;RF_GPU
1;R3_VO2
1;R3_V2O3
1;R3_Ti2O3
1;R3_Mn3O4
1;R3_Fe2O3
1;R2_VO2
1;R2_V2O3
1;R2_Ti2O3
1;R2_1020REST
1;R2L_VO2
1;R2L_Ti2O3
1;R1_NVP
1;Qwen_Fast
1;Psi005
1;Proxy_dis
1;Postpr_test3
1;PocoC_E3
1;PocoC-M1
1;PocoA_FPBA_1xE4
1;PirNiMoS
1;Pir2DNi
1;Pir2DCo
1;PeStdFin
1;PeInScf
1;PeForFin
1;Pbn078
1;Pbn077
1;Pbn076
1;Pbn075
1;Pbn074
1;Pbn073
1;Pbn072
1;Pbn071
1;Pbn070
1;Pbn069
1;Pbn068
1;Pbn067
1;Pbn066
1;Pbn065
1;Pbn064
1;Pbn063
1;Pbn062
1;Pbn061
1;Pbn060
1;Pbn059
1;Pbn058
1;Pbn057
1;Pbn056
1;Pbn055
1;Pbn054
1;Pbn052
1;Pbn051
1;Pbn050
1;Pbn049
1;Pbn048
1;Pbn047
1;Pbn046
1;Pbn045
1;Pbn044
1;Pbn043
1;Pbn042
1;Pbn041
1;Pbn040
1;Pbn039
1;Pbn038
1;Pbn037
1;Pbn036
1;Pbn035
1;Pbn034
1;Pbn033
1;Pbn032
1;Pbn031
1;Pbn030
1;Pbn029
1;Pbn028
1;Pbn027
1;Pbn026
1;Pbn025
1;Pbn024
1;Pbn023
1;Pbn022
1;Pbn021
1;Pbn020
1;Pbn019
1;Pbn018
1;Pbn017
1;Pbn016
1;Pbn015
1;Pbn014
1;Pbn013
1;Pbn012
1;Pbn011
1;Pbn010
1;Pbn009
1;Pbn008
1;Pbn007
1;Pbn006
1;Pbn005
1;Pbn004
1;Pbn003
1;Pbn002
1;Pbn001
1;Packmol
1;P_VO2
1;P_Ti2O3
1;P_Cr2O3
1;PTN-parchg
1;POSTr1
1;PLUTO44
1;PCHGU5nopolaron_Fe2O3
1;PBE_ghole_otm_2nd
1;PBEE_single
1;PB-WGS-2T
1;PARCHGe5polaron_Fe2O3
1;PARCHGNMe7polaron_Fe2O3
1;P25low
1;P17dyn
1;P09low
1;P01dynfix
1;P-Funnel
1;OpticalFlow_XGB
1;O_mol
1;O_atom
1;O_Cr2O3
1;OMPI_MCA_pml=^ucx
1;OLIGO10_nvt
1;OLIGO10_npt1
1;OFR_VO2
1;OFR_Ti2O3
1;OBox
1;NptHE
1;NptH
1;Nowcast_XGB
1;Nitrogene_otm_MonoL
1;Nitrogene_otm
1;Nitrogene_freq
1;Ni_lessk
1;Ni_AFM
1;Ni_2x2x2_FM
1;NiSeStdScf
1;NiSeIniScf
1;NiSeForcScf
1;NiSeBrokScf
1;NiO_ZR9
1;NiO_ZR7
1;NiO_ZR6
1;NiO_ZR4
1;NiO_ZR3
1;NiO_PARCHG
1;NiO_GS
1;NiMoS2
1;Ni
1;Nb_ok_8_9
1;NVT_R1
1;NP_DEBUG=1
1;NPB-MZ-sp-openmp
1;NP4_mapa
1;NMpolaron0
1;NMe7polaron_Fe2O3
1;NMe6polaron_Fe2O3
1;NMe5polaron_Fe2O3
1;NMe4polaron_Fe2O3
1;NMe3polaron_Fe2O3
1;NMe2polaron_Fe2O3
1;NMe1polaron_Fe2O3
1;NMe0polaron_Fe2O3
1;NM7polaron
1;NHC_molcas
1;NAME
1;NAMD_v2.3
1;NAMD_v2.2
1;NAMD_Safe_790
1;NAMD_Replica_1
1;NAMD_Optimizado
1;NAMD_GRES_Test
1;NAMD_GPU_Test2
1;N68_otm_2
1;N-sup.pp.inp
1;N-piridina
1;N-passo5
1;N-passo4
1;N-passo1
1;N-assch33
1;N-ass3-9
1;N-ass3-8
1;N-ass3-7
1;N-ass3-6
1;N-ass3-5
1;N-ass3-4
1;N-ass3-3
1;N-ass3-29
1;N-ass3-28
1;N-ass3-27
1;N-ass3-26
1;N-ass3-25
1;N-ass3-24
1;N-ass3-23
1;N-ass3-22
1;N-ass3-21
1;N-ass3-20
1;N-ass3-2
1;N-ass3-19
1;N-ass3-18
1;N-ass3-17
1;N-ass3-16
1;N-ass3-15
1;N-ass3-14
1;N-ass3-13
1;N-ass3-12
1;N-ass3-11
1;N-ass3-10
1;N-ass3-1
1;N-asoch33
1;N-anilina
1;N-As-REP-M-15
1;N-As-REP-M-14
1;N-As-REP-M-13
1;N-As-REP-M-12
1;N-As-REP-M-11
1;N-As-REP-M-10
1;N-As-REP-M-1
1;N-As-EDGE-L
1;N-As-EDGE-K
1;N-As-EDGE-J
1;N-As-EDGE-I
1;N-As-EDGE-H
1;N-As-EDGE-G
1;N-As-EDGE-F
1;N-As-EDGE-E
1;N-As-EDGE-D
1;N-As-EDGE-C
1;N-As-EDGE-B
1;N-As-EDGE-A
1;Mpi-mol.
1;MonteCarlo_x0.7
1;Mono1
1;MoAsCH3
1;Mo-Au
1;Mn3O4_r2scanL
1;Mn3O4_r2scan
1;Mn3O4_pbe
1;Mn3O4_OFR2
1;Mn370-optS9
1;Mn370-optS7
1;Mn370-optS5
1;Mn370-optS3
1;Mn370-optS11
1;Mn370-optS1
1;Mn370-TDDFT_S7
1;Mn320-optS9
1;Mn320-optS7
1;Mn320-optS5
1;Mn320-optS3
1;Mn320-optS11
1;Mn320-optS1
1;Mn295-optS9
1;Mn295-optS7
1;Mn295-optS5
1;Mn295-optS3
1;Mn295-optS11
1;Mn295-optS1
1;Mn295-TDDFT_S7
1;Mn270-optS9
1;Mn270-optS7
1;Mn270-optS5
1;Mn270-optS3
1;Mn270-optS11
1;Mn270-optS1
1;Mn270-TDDFT_S7
1;Mn260-optS9
1;Mn260-optS7
1;Mn260-optS5
1;Mn260-optS3
1;Mn260-optS11
1;Mn260-optS1
1;Mn260-TDDFT_S7
1;Mn250-optS9
1;Mn250-optS7
1;Mn250-optS5
1;Mn250-optS3
1;Mn250-optS11
1;Mn250-optS1
1;Mn250-TDDFT_S7
1;Mn240-optS9
1;Mn240-optS7
1;Mn240-optS5
1;Mn240-optS3
1;Mn240-optS11
1;Mn240-optS1
1;Mn240-TDDFT_S7
1;Mn230-optS9
1;Mn230-optS7
1;Mn230-optS5
1;Mn230-optS3
1;Mn230-optS11
1;Mn230-optS1
1;Mn230-TDDFT_S7
1;Mn220-optS9
1;Mn220-optS7
1;Mn220-optS5
1;Mn220-optS3
1;Mn220-optS11
1;Mn220-optS1
1;Mn220-TDDFT_S7
1;Mn-TDDFT
1;Md54
1;Md48
1;Md42
1;Marlin
1;MXenes
1;MX_661
1;MX_441
1;MOH-pen
1;MOH-oct
1;MOH-hex
1;MOH-hep
1;MOH-etil
1;MOH-eta
1;MOH-die
1;MOH-agua
1;MOH-CO2
1;MOH-2p
1;MLTSA-1100
1;MLFF_Serie
1;MH_CdSe_w
1;MArco
1;MAPbI3_ortho
1;MAPbI3_cubic
1;MA2PbI4
1;M2_56_1200
1;M2_50_1200
1;M2_48_1200
1;M2_42_1200
1;M2_40_1200
1;M2_36_1200
1;M2-C
1;M1-B_18_9_1600
1;M1-B_18_56_1200
1;M1-B_18_50_1200
1;M1-B_18_48_1200
1;M1-B_18_45_1200
1;M1-B_18_12_1600
1;M1-B_18_11_1600
1;M1-B_18_10_1600
1;M-piridina
1;M-pen-3
1;M-pen-2
1;M-pen-1
1;M-passo4
1;M-passo2
1;M-passo1
1;M-oct-3
1;M-oct-2
1;M-oct-1
1;M-hex-3
1;M-hex-2
1;M-hex-1
1;M-hep-3
1;M-hep-2
1;M-hep-1
1;M-etmet-3
1;M-etmet-2
1;M-etmet-1
1;M-die-3
1;M-die-2
1;M-die-1
1;M-assch3
1;M-ass3-26
1;M-ass3-25
1;M-ass3-24
1;M-ass3-23
1;M-ass3-22.pw.inp3
1;M-asoch3
1;M-as
1;M-anilina
1;M-H2O-3
1;M-H2O-2
1;M-H2O-1
1;M-CO2-3
1;M-CO2-1
1;M-As-98
1;M-As-96
1;M-As-94
1;M-As-92
1;M-As-91
1;M-As-86
1;M-As-82
1;M-As-81
1;M-As-76
1;M-As-71
1;M-As-7
1;M-As-68
1;M-As-67
1;M-As-65
1;M-As-61
1;M-As-6
1;M-As-57
1;M-As-53
1;M-As-52
1;M-As-50
1;M-As-5
1;M-As-47
1;M-As-45
1;M-As-41
1;M-As-4
1;M-As-37
1;M-As-33
1;M-As-32
1;M-As-30
1;M-As-3
1;M-As-27
1;M-As-22
1;M-As-20
1;M-As-2
1;M-As-15
1;M-As-14
1;M-As-11
1;M-As-105
1;M-As-103
1;M-As-102
1;M-As-101
1;M-As-100
1;M-2p-6
1;M-2p-5
1;M-2p-4
1;M-2p-3
1;M-2p-2
1;M-2p-1
1;LorGr_CIPS_SiO2n
1;LoRA2
1;Lig_3_equilibration
1;Lig_2_production
1;Led-unb-1nr4
1;LaP3
1;LaBox
1;La3Ni2O7
1;La-hse
1;La-P2
1;LNP3avg
1;LNP2avg
1;LMn3o4-rerun
1;LG_pCNDE
1;LEo
1;LD_DEBUG=libs
1;L2CO4_pbe
1;L2CO4_TPSS
1;L2CO4_RSL
1;L2CO4_OFR2
1;Kyuubi-AsCH33-Mo
1;JF-FB-MOC2
1;J240_95_1
1;J240_5
1;Inv_max
1;I_ABX4_P-Square_T_300_K.sh
1;I_ABX4_P-Rectangular_T_300_K.sh
1;I_ABX3_P-Square_T_300_K.sh
1;I_ABX3_P-Rectangular_T_300_K.sh
1;I_A2BX4_P-Square_T_300_K.sh
1;I_A2BX4_P-Rectangular_T_300_K.sh
1;IVbg8x6
1;IVbg6x8
1;IVbg4x12
1;IVbg2x24
1;IVbg12x4
1;ISPIN1
1;ISAf
1;ISA4
1;ISA2
1;INVADEINT
1;INVADEFIM
1;I3-ABX3-isif8
1;I3-A2BX4-isif8
1;Hopscotch_OMP_NAIVE
1;HgS-PVA2
1;HfTe2_polymophous_SOC
1;HfTe2_normal_bands
1;HfTe2_normal
1;HfBox
1;HYDRA_FULL_ERROR=1
1;HSE_C5
1;HSE_C3_ult
1;HSE_C3_alt
1;HSE_C3_2
1;HSE_C23_cpu_dev
1;HSE_C20_short
1;HSE_C20_qrun
1;HSE_C12
1;HSE_C11
1;HPL-GRACE-CPU
1;HM72_train
1;HETEROSTRUCTURES
1;H2O-2
1;H2-Ni
1;H2-Mo
1;H2-Co
1;H-U-agua-scf
1;H-Ba
1;GrCIPShse_workflow
1;GeomecBR
1;GVCF-GPU
1;GRU_mRMR_6d_NEE
1;GRU_mRMR_5d_aug_NEE
1;GRU_mRMR_5d_NEE
1;GRU_mRMR_4d_aug_NEE
1;GRU_mRMR_4d_NEE
1;GRU_mRMR_3d_aug_NEE
1;GRU_mRMR_3d_NEE
1;GR-pPVBT
1;GR-DIC
1;GR-7mesh
1;GR-5mesh
1;GR-50kgf-1mD
1;GNN_LATAM_MVK_2018_2023_SD2
1;GGA
1;GA_MLP
1;Forecast_XGB
1;Fesuperficie
1;Fe_4x4x4_FM
1;Fe2O3_r2scanL
1;Fe2O3_r2scan
1;Fe2O3_pbe
1;Fe2O3_OFR2
1;Fe-FM
1;Fe-AFM
1;FT_Marlin2
1;FSS_Metrics_Xception
1;FSS_Metrics_UNet
1;FSS_Metrics_ResNet
1;FSS_Metrics_InceptionV4
1;FSS_Metrics_ConvLSTM
1;FPBA_minIter3xf0
1;FORNAX_NO_SN
1;FORNAX_NO_COOLING
1;FMrelaxa0a0c-
1;FMrelaxa0a0c+
1;FMrelaxa0a0a0
1;FMrelaxa-a-c0
1;FMrelaxa-a-c-
1;FMrelaxa-a-c+
1;FMrelaxa+a+c0
1;FMrelaxa+a+c-
1;FMrelaxa+a+c+
1;FM5polaron
1;FM4polaron
1;FM3polaron
1;FM-mcoup
1;FL100-110
1;FIrocl1f
1;FIrocl1e
1;FIrocl1d
1;FIrocl1b
1;FIrocl1a
1;FEx
1;FES2-1020
1;FES1-1020
1;FES1
1;FE2363
1;FE2-1020
1;FE1363
1;FE1-1020
1;FDTD3d
1;FAfepR2.append050
1;FA_r1_1micro
1;FA_cis_r1_3ms
1;FA_cisR3_J
1;FA_cisR3_I
1;FA_cisR3_H
1;FA_cisR3_G
1;FA_cisR3_F
1;FA_cisR3_E
1;FA_cisR3_D
1;FA_cisR3_C
1;FA_cisR3_B
1;FA_cisR3_A
1;FA_cisR2_appendK
1;FA_cisR2_appendJ
1;FA_cisR2_appendI
1;FA_cisR2_appendH
1;FA_cisR2_appendG
1;FA_cisR2_appendF
1;FA_cisR2_appendE
1;FA_cisR2_appendD
1;FA_cisR2_appendC
1;FA_cisR2_appendB
1;FA_cisR2_appendA
1;FA_cisR1_appendF
1;FA_cisR1F
1;FA_cisR1E
1;FA_cisR1D
1;FA_cisR1C
1;FA_cisR1B
1;FA_CIS3
1;FA_CIS1
1;FA_1micro_r3
1;F-La
1;Evaluation_Statistics_Xception
1;Evaluation_Statistics_UNet
1;Evaluation_Statistics_ResNet
1;Evaluation_Statistics_InceptionV4
1;Evaluation_Statistics_ConvLSTM
1;Evaluation_Inference_Xception
1;Evaluation_Inference_Riken
1;Evaluation_Inference_ResNet
1;Evaluation_Inference_Persistence
1;Evaluation_Inference_AFNO
1;Eu_Tm36
1;Eu_Md48
1;Eu_Md42
1;EuB6cb_NM_SOC
1;E_FM_DOS+U8
1;E_FM_DOS+U4.5
1;E_FM_DOS+U12
1;E_A-AFM_1
1;ERB2_pV842I3
1;ERB2_pV842I2
1;ERB2_pV842I1
1;ERB2_pD845A3
1;ERB2_2GPU
1;EGFR_pT847K3
1;EGFR_pT847K2
1;EGFR_pT847K1
1;DpenNP_eq
1;DopFeAs
1;DeiStdFin
1;DeiFinScf
1;Deep7
1;DU
1;DOSsocCIOLNOAFMa-a-c-
1;DOSpolaron6
1;DOS03
1;DOS-Bulk
1;DNP4mapa
1;DNP4average
1;DNP3_mapa
1;DNP1avg
1;DM
1;DFT
1;D3T313pH7_r51
1;D3T313pH7_r50
1;D3T313pH7_r49
1;D3T313pH7_r48
1;D3T313pH7_r47
1;D3T313pH7_r45
1;D3T313pH7_r44
1;D3T313pH7_r43
1;D3T313pH7_r42
1;D3T313pH7_r41
1;D3T313pH7_r40
1;D3T313pH7_r39
1;D3T313pH7_r38
1;D3T313pH7_r37
1;D3T313pH7_r34
1;D3T313pH7_r33
1;D3T313pH7_r32
1;D3T313pH7_r3
1;D3T313pH7_r28
1;D3T313pH7_r27
1;D3T313pH7_r26
1;D3T313pH7_r25
1;D3T313pH7_r24
1;D3T313pH7_r22
1;D3T313pH7_r21
1;D3T313pH7_r20
1;D3T313pH7_r19
1;D3T313pH7_r18
1;D3T313pH7_r17
1;D3T313pH7_r16
1;D3T313pH7_r15
1;D3T313pH7_r14
1;D3T313pH7_r13
1;D3T313pH7_r12
1;D3T313pH7_r11
1;D3T313pH6_r54
1;D3T313pH6_r53
1;D3T313pH6_r51
1;D3T313pH6_r50
1;D3T313pH6_r49
1;D3T313pH6_r48
1;D3T313pH6_r47
1;D3T313pH6_r45
1;D3T313pH6_r44
1;D3T313pH6_r43
1;D3T313pH6_r42
1;D3T313pH6_r41
1;D3T313pH6_r40
1;D3T313pH6_r38
1;D3T313pH6_r37
1;D3T313pH6_r34
1;D3T313pH6_r32
1;D3T313pH6_r3
1;D3T313pH6_r28
1;D3T313pH6_r27
1;D3T313pH6_r26
1;D3T313pH6_r25
1;D3T313pH6_r24
1;D3T313pH6_r22
1;D3T313pH6_r21
1;D3T313pH6_r20
1;D3T313pH6_r19
1;D3T313pH6_r18
1;D3T313pH6_r16
1;D3T313pH6_r15
1;D3T313pH6_r14
1;D3T313pH6_r13
1;D3T313pH6_r12
1;D3T313pH6_r11
1;D3T313pH5_r52
1;D3T313pH5_r51
1;D3T313pH5_r50
1;D3T313pH5_r49
1;D3T313pH5_r48
1;D3T313pH5_r47
1;D3T313pH5_r45
1;D3T313pH5_r44
1;D3T313pH5_r43
1;D3T313pH5_r42
1;D3T313pH5_r41
1;D3T313pH5_r40
1;D3T313pH5_r39
1;D3T313pH5_r38
1;D3T313pH5_r37
1;D3T313pH5_r34
1;D3T313pH5_r33
1;D3T313pH5_r32
1;D3T313pH5_r3
1;D3T313pH5_r28
1;D3T313pH5_r27
1;D3T313pH5_r26
1;D3T313pH5_r25
1;D3T313pH5_r24
1;D3T313pH5_r22
1;D3T313pH5_r21
1;D3T313pH5_r20
1;D3T313pH5_r19
1;D3T313pH5_r18
1;D3T313pH5_r16
1;D3T313pH5_r15
1;D3T313pH5_r14
1;D3T313pH5_r13
1;D3T313pH5_r12
1;D3T313pH5_r11
1;D3T310pH7_r51
1;D3T310pH7_r50
1;D3T310pH7_r49
1;D3T310pH7_r48
1;D3T310pH7_r47
1;D3T310pH7_r45
1;D3T310pH7_r44
1;D3T310pH7_r43
1;D3T310pH7_r42
1;D3T310pH7_r41
1;D3T310pH7_r40
1;D3T310pH7_r39
1;D3T310pH7_r38
1;D3T310pH7_r37
1;D3T310pH7_r34
1;D3T310pH7_r33
1;D3T310pH7_r32
1;D3T310pH7_r3
1;D3T310pH7_r28
1;D3T310pH7_r27
1;D3T310pH7_r26
1;D3T310pH7_r25
1;D3T310pH7_r24
1;D3T310pH7_r22
1;D3T310pH7_r21
1;D3T310pH7_r20
1;D3T310pH7_r19
1;D3T310pH7_r18
1;D3T310pH7_r17
1;D3T310pH7_r16
1;D3T310pH7_r15
1;D3T310pH7_r14
1;D3T310pH7_r13
1;D3T310pH7_r12
1;D3T310pH7_r11
1;D3T310pH6_r65
1;D3T310pH6_r64
1;D3T310pH6_r61
1;D3T310pH6_r59
1;D3T310pH6_r58
1;D3T310pH6_r57
1;D3T310pH6_r56
1;D3T310pH6_r54
1;D3T310pH6_r53
1;D3T310pH6_r52
1;D3T310pH6_r51
1;D3T310pH6_r50
1;D3T310pH6_r49
1;D3T310pH6_r48
1;D3T310pH6_r47
1;D3T310pH6_r45
1;D3T310pH6_r44
1;D3T310pH6_r43
1;D3T310pH6_r42
1;D3T310pH6_r41
1;D3T310pH6_r40
1;D3T310pH6_r38
1;D3T310pH6_r37
1;D3T310pH6_r34
1;D3T310pH6_r32
1;D3T310pH6_r3
1;D3T310pH6_r28
1;D3T310pH6_r27
1;D3T310pH6_r26
1;D3T310pH6_r25
1;D3T310pH6_r24
1;D3T310pH6_r22
1;D3T310pH6_r21
1;D3T310pH6_r20
1;D3T310pH6_r19
1;D3T310pH6_r18
1;D3T310pH6_r16
1;D3T310pH6_r15
1;D3T310pH6_r14
1;D3T310pH6_r13
1;D3T310pH6_r12
1;D3T310pH6_r11
1;D3T310pH5_r59
1;D3T310pH5_r51
1;D3T310pH5_r50
1;D3T310pH5_r49
1;D3T310pH5_r48
1;D3T310pH5_r47
1;D3T310pH5_r45
1;D3T310pH5_r44
1;D3T310pH5_r43
1;D3T310pH5_r42
1;D3T310pH5_r41
1;D3T310pH5_r40
1;D3T310pH5_r39
1;D3T310pH5_r38
1;D3T310pH5_r37
1;D3T310pH5_r34
1;D3T310pH5_r33
1;D3T310pH5_r32
1;D3T310pH5_r3
1;D3T310pH5_r28
1;D3T310pH5_r27
1;D3T310pH5_r26
1;D3T310pH5_r25
1;D3T310pH5_r24
1;D3T310pH5_r22
1;D3T310pH5_r21
1;D3T310pH5_r20
1;D3T310pH5_r19
1;D3T310pH5_r18
1;D3T310pH5_r16
1;D3T310pH5_r15
1;D3T310pH5_r14
1;D3T310pH5_r13
1;D3T310pH5_r12
1;D3T310pH5_r11
1;D3T301pH7_r59
1;D3T301pH7_r50
1;D3T301pH7_r49
1;D3T301pH7_r48
1;D3T301pH7_r47
1;D3T301pH7_r45
1;D3T301pH7_r44
1;D3T301pH7_r43
1;D3T301pH7_r42
1;D3T301pH7_r41
1;D3T301pH7_r40
1;D3T301pH7_r39
1;D3T301pH7_r38
1;D3T301pH7_r37
1;D3T301pH7_r34
1;D3T301pH7_r33
1;D3T301pH7_r32
1;D3T301pH7_r3
1;D3T301pH7_r28
1;D3T301pH7_r27
1;D3T301pH7_r26
1;D3T301pH7_r25
1;D3T301pH7_r24
1;D3T301pH7_r22
1;D3T301pH7_r21
1;D3T301pH7_r20
1;D3T301pH7_r19
1;D3T301pH7_r18
1;D3T301pH7_r17
1;D3T301pH7_r16
1;D3T301pH7_r15
1;D3T301pH7_r14
1;D3T301pH7_r13
1;D3T301pH7_r12
1;D3T301pH7_r11
1;D3T301pH6_r61
1;D3T301pH6_r54
1;D3T301pH6_r53
1;D3T301pH6_r52
1;D3T301pH6_r51
1;D3T301pH6_r50
1;D3T301pH6_r49
1;D3T301pH6_r48
1;D3T301pH6_r47
1;D3T301pH6_r45
1;D3T301pH6_r44
1;D3T301pH6_r43
1;D3T301pH6_r42
1;D3T301pH6_r41
1;D3T301pH6_r40
1;D3T301pH6_r39
1;D3T301pH6_r38
1;D3T301pH6_r37
1;D3T301pH6_r34
1;D3T301pH6_r33
1;D3T301pH6_r32
1;D3T301pH6_r3
1;D3T301pH6_r28
1;D3T301pH6_r27
1;D3T301pH6_r26
1;D3T301pH6_r25
1;D3T301pH6_r24
1;D3T301pH6_r22
1;D3T301pH6_r21
1;D3T301pH6_r20
1;D3T301pH6_r19
1;D3T301pH6_r18
1;D3T301pH6_r16
1;D3T301pH6_r15
1;D3T301pH6_r14
1;D3T301pH6_r13
1;D3T301pH6_r12
1;D3T301pH6_r11
1;D3T301pH5_r52
1;D3T301pH5_r51
1;D3T301pH5_r50
1;D3T301pH5_r49
1;D3T301pH5_r48
1;D3T301pH5_r47
1;D3T301pH5_r45
1;D3T301pH5_r44
1;D3T301pH5_r43
1;D3T301pH5_r42
1;D3T301pH5_r41
1;D3T301pH5_r40
1;D3T301pH5_r39
1;D3T301pH5_r38
1;D3T301pH5_r37
1;D3T301pH5_r34
1;D3T301pH5_r33
1;D3T301pH5_r32
1;D3T301pH5_r3
1;D3T301pH5_r28
1;D3T301pH5_r27
1;D3T301pH5_r26
1;D3T301pH5_r25
1;D3T301pH5_r24
1;D3T301pH5_r22
1;D3T301pH5_r21
1;D3T301pH5_r20
1;D3T301pH5_r19
1;D3T301pH5_r18
1;D3T301pH5_r16
1;D3T301pH5_r15
1;D3T301pH5_r14
1;D3T301pH5_r13
1;D3T301pH5_r12
1;D3T301pH5_r11
1;D2T313pH7_r51
1;D2T313pH7_r50
1;D2T313pH7_r49
1;D2T313pH7_r48
1;D2T313pH7_r47
1;D2T313pH7_r45
1;D2T313pH7_r44
1;D2T313pH7_r43
1;D2T313pH7_r42
1;D2T313pH7_r41
1;D2T313pH7_r40
1;D2T313pH7_r39
1;D2T313pH7_r38
1;D2T313pH7_r37
1;D2T313pH7_r34
1;D2T313pH7_r33
1;D2T313pH7_r32
1;D2T313pH7_r3
1;D2T313pH7_r28
1;D2T313pH7_r27
1;D2T313pH7_r26
1;D2T313pH7_r25
1;D2T313pH7_r24
1;D2T313pH7_r22
1;D2T313pH7_r21
1;D2T313pH7_r20
1;D2T313pH7_r19
1;D2T313pH7_r18
1;D2T313pH7_r17
1;D2T313pH7_r16
1;D2T313pH7_r15
1;D2T313pH7_r14
1;D2T313pH7_r13
1;D2T313pH7_r12
1;D2T313pH7_r11
1;D2T313pH6_r53
1;D2T313pH6_r52
1;D2T313pH6_r51
1;D2T313pH6_r50
1;D2T313pH6_r49
1;D2T313pH6_r48
1;D2T313pH6_r47
1;D2T313pH6_r45
1;D2T313pH6_r44
1;D2T313pH6_r43
1;D2T313pH6_r42
1;D2T313pH6_r41
1;D2T313pH6_r40
1;D2T313pH6_r39
1;D2T313pH6_r38
1;D2T313pH6_r37
1;D2T313pH6_r34
1;D2T313pH6_r33
1;D2T313pH6_r32
1;D2T313pH6_r3
1;D2T313pH6_r28
1;D2T313pH6_r27
1;D2T313pH6_r26
1;D2T313pH6_r25
1;D2T313pH6_r24
1;D2T313pH6_r22
1;D2T313pH6_r21
1;D2T313pH6_r20
1;D2T313pH6_r19
1;D2T313pH6_r18
1;D2T313pH6_r16
1;D2T313pH6_r15
1;D2T313pH6_r14
1;D2T313pH6_r13
1;D2T313pH6_r12
1;D2T313pH6_r11
1;D2T313pH5_r64
1;D2T313pH5_r63
1;D2T313pH5_r57
1;D2T313pH5_r56
1;D2T313pH5_r54
1;D2T313pH5_r53
1;D2T313pH5_r52
1;D2T313pH5_r51
1;D2T313pH5_r50
1;D2T313pH5_r49
1;D2T313pH5_r48
1;D2T313pH5_r47
1;D2T313pH5_r45
1;D2T313pH5_r44
1;D2T313pH5_r43
1;D2T313pH5_r42
1;D2T313pH5_r41
1;D2T313pH5_r40
1;D2T313pH5_r39
1;D2T313pH5_r38
1;D2T313pH5_r37
1;D2T313pH5_r34
1;D2T313pH5_r33
1;D2T313pH5_r32
1;D2T313pH5_r3
1;D2T313pH5_r28
1;D2T313pH5_r27
1;D2T313pH5_r26
1;D2T313pH5_r25
1;D2T313pH5_r24
1;D2T313pH5_r22
1;D2T313pH5_r21
1;D2T313pH5_r20
1;D2T313pH5_r19
1;D2T313pH5_r18
1;D2T313pH5_r16
1;D2T313pH5_r15
1;D2T313pH5_r14
1;D2T313pH5_r13
1;D2T313pH5_r12
1;D2T313pH5_r11
1;D2T310pH7_r51
1;D2T310pH7_r50
1;D2T310pH7_r49
1;D2T310pH7_r48
1;D2T310pH7_r47
1;D2T310pH7_r45
1;D2T310pH7_r44
1;D2T310pH7_r43
1;D2T310pH7_r42
1;D2T310pH7_r41
1;D2T310pH7_r40
1;D2T310pH7_r39
1;D2T310pH7_r38
1;D2T310pH7_r37
1;D2T310pH7_r34
1;D2T310pH7_r33
1;D2T310pH7_r32
1;D2T310pH7_r3
1;D2T310pH7_r28
1;D2T310pH7_r27
1;D2T310pH7_r26
1;D2T310pH7_r25
1;D2T310pH7_r24
1;D2T310pH7_r22
1;D2T310pH7_r21
1;D2T310pH7_r20
1;D2T310pH7_r19
1;D2T310pH7_r18
1;D2T310pH7_r17
1;D2T310pH7_r16
1;D2T310pH7_r15
1;D2T310pH7_r14
1;D2T310pH7_r13
1;D2T310pH7_r12
1;D2T310pH7_r11
1;D2T310pH6_r53
1;D2T310pH6_r52
1;D2T310pH6_r51
1;D2T310pH6_r50
1;D2T310pH6_r49
1;D2T310pH6_r48
1;D2T310pH6_r47
1;D2T310pH6_r45
1;D2T310pH6_r44
1;D2T310pH6_r43
1;D2T310pH6_r42
1;D2T310pH6_r41
1;D2T310pH6_r40
1;D2T310pH6_r39
1;D2T310pH6_r38
1;D2T310pH6_r37
1;D2T310pH6_r34
1;D2T310pH6_r33
1;D2T310pH6_r32
1;D2T310pH6_r3
1;D2T310pH6_r28
1;D2T310pH6_r27
1;D2T310pH6_r26
1;D2T310pH6_r25
1;D2T310pH6_r24
1;D2T310pH6_r22
1;D2T310pH6_r21
1;D2T310pH6_r20
1;D2T310pH6_r19
1;D2T310pH6_r18
1;D2T310pH6_r16
1;D2T310pH6_r15
1;D2T310pH6_r14
1;D2T310pH6_r13
1;D2T310pH6_r12
1;D2T310pH6_r11
1;D2T310pH5_r51
1;D2T310pH5_r50
1;D2T310pH5_r49
1;D2T310pH5_r48
1;D2T310pH5_r47
1;D2T310pH5_r45
1;D2T310pH5_r44
1;D2T310pH5_r43
1;D2T310pH5_r42
1;D2T310pH5_r41
1;D2T310pH5_r40
1;D2T310pH5_r39
1;D2T310pH5_r38
1;D2T310pH5_r37
1;D2T310pH5_r34
1;D2T310pH5_r33
1;D2T310pH5_r32
1;D2T310pH5_r3
1;D2T310pH5_r28
1;D2T310pH5_r27
1;D2T310pH5_r26
1;D2T310pH5_r25
1;D2T310pH5_r24
1;D2T310pH5_r22
1;D2T310pH5_r21
1;D2T310pH5_r20
1;D2T310pH5_r19
1;D2T310pH5_r18
1;D2T310pH5_r17
1;D2T310pH5_r16
1;D2T310pH5_r15
1;D2T310pH5_r14
1;D2T310pH5_r13
1;D2T310pH5_r12
1;D2T310pH5_r11
1;D2T301pH7_r52
1;D2T301pH7_r51
1;D2T301pH7_r50
1;D2T301pH7_r49
1;D2T301pH7_r48
1;D2T301pH7_r47
1;D2T301pH7_r45
1;D2T301pH7_r44
1;D2T301pH7_r43
1;D2T301pH7_r42
1;D2T301pH7_r41
1;D2T301pH7_r40
1;D2T301pH7_r39
1;D2T301pH7_r38
1;D2T301pH7_r37
1;D2T301pH7_r34
1;D2T301pH7_r33
1;D2T301pH7_r32
1;D2T301pH7_r3
1;D2T301pH7_r28
1;D2T301pH7_r27
1;D2T301pH7_r26
1;D2T301pH7_r25
1;D2T301pH7_r24
1;D2T301pH7_r22
1;D2T301pH7_r21
1;D2T301pH7_r20
1;D2T301pH7_r19
1;D2T301pH7_r18
1;D2T301pH7_r17
1;D2T301pH7_r16
1;D2T301pH7_r15
1;D2T301pH7_r14
1;D2T301pH7_r13
1;D2T301pH7_r12
1;D2T301pH7_r11
1;D2T301pH6_r62
1;D2T301pH6_r61
1;D2T301pH6_r54
1;D2T301pH6_r53
1;D2T301pH6_r52
1;D2T301pH6_r51
1;D2T301pH6_r50
1;D2T301pH6_r49
1;D2T301pH6_r48
1;D2T301pH6_r47
1;D2T301pH6_r45
1;D2T301pH6_r44
1;D2T301pH6_r43
1;D2T301pH6_r42
1;D2T301pH6_r41
1;D2T301pH6_r40
1;D2T301pH6_r39
1;D2T301pH6_r38
1;D2T301pH6_r37
1;D2T301pH6_r34
1;D2T301pH6_r33
1;D2T301pH6_r32
1;D2T301pH6_r3
1;D2T301pH6_r28
1;D2T301pH6_r27
1;D2T301pH6_r26
1;D2T301pH6_r25
1;D2T301pH6_r24
1;D2T301pH6_r22
1;D2T301pH6_r21
1;D2T301pH6_r20
1;D2T301pH6_r19
1;D2T301pH6_r18
1;D2T301pH6_r16
1;D2T301pH6_r15
1;D2T301pH6_r14
1;D2T301pH6_r13
1;D2T301pH6_r12
1;D2T301pH6_r11
1;D2T301pH5_r51
1;D2T301pH5_r50
1;D2T301pH5_r49
1;D2T301pH5_r48
1;D2T301pH5_r47
1;D2T301pH5_r45
1;D2T301pH5_r44
1;D2T301pH5_r43
1;D2T301pH5_r42
1;D2T301pH5_r41
1;D2T301pH5_r40
1;D2T301pH5_r39
1;D2T301pH5_r38
1;D2T301pH5_r37
1;D2T301pH5_r34
1;D2T301pH5_r33
1;D2T301pH5_r32
1;D2T301pH5_r3
1;D2T301pH5_r28
1;D2T301pH5_r27
1;D2T301pH5_r26
1;D2T301pH5_r25
1;D2T301pH5_r24
1;D2T301pH5_r22
1;D2T301pH5_r21
1;D2T301pH5_r20
1;D2T301pH5_r19
1;D2T301pH5_r18
1;D2T301pH5_r17
1;D2T301pH5_r16
1;D2T301pH5_r15
1;D2T301pH5_r14
1;D2T301pH5_r13
1;D2T301pH5_r12
1;D2T301pH5_r11
1;D01GaAs
1;D.GaAsH3
1;D.GaAs11
1;D.FeAs11
1;D
1;Cub-Alloy
1;Cu_AFM_DOS
1;CuPc_2x7
1;CuPc-Ni_3x7
1;CuPc-Ni
1;CuO
1;Cu20_4nodes
1;CsPbI4-bands
1;CsPbCl3-ABX4
1;CsPbCl3-ABX3
1;CsPbBr3_poly4-isif8
1;CsPbBr3-N5
1;CsPbBr3-ABX4
1;CsPbBr3-A2BX4
1;Cr_SDW
1;ConvLSTM_MVK2023_SD2
1;ConvLSTM-12min-03img-Lightning-QC-dBZ
1;Conc1
1;Comp_18_9_1800
1;Comp_18_7_1800
1;Comp_18_6_1800
1;Comp_18_11_1800
1;Comp_18_10_1800
1;Comp
1;CoMoS2
1;CoCN
1;Co-P3
1;Co-P2-FM
1;Co-P2-AFM
1;Co-P1
1;Co-Fe_bands
1;Co-Fe-pol
1;Cl_ABX4_P-Square_T_300_K.sh
1;Cl_ABX4_P-Rectangular_T_300_K.sh
1;Cl_ABX3_P-Square_T_300_K.sh
1;Cl_ABX3_P-Rectangular_T_300_K.sh
1;Cl_A2BX4_P-Square_T_300_K.sh
1;Cl_A2BX4_P-Rectangular_T_300_K.sh
1;Cl3-ABX4-isif8
1;Cl3-ABX3-isif8
1;Cl3-A2BX4-ISIF8
1;Cl3-A2BX4
1;Cl-Ga
1;CdTe_zb_perfect
1;CdTe_zb_distorted
1;CdTe_zb_aux3
1;CdTe_zb_Lattice
1;CdTe_zb_0
1;CdTe_wz_dist_long
1;CdTe_w_aux3
1;CdTe_w_0
1;CdTe_Lattice
1;CdTeSe_C21
1;CdTeSe_C20
1;CdTeSe_C19
1;CdTeSe_C18
1;CdTeSe_C17
1;CdTeSe_C16
1;CdTeSe_C15
1;CdTeSe_C14
1;CdTeSe_C13
1;CdTeSe_C12
1;CdTeSe_C11
1;CdSe_zb_phon_2
1;CdSe_zb_phon_1
1;CdSe_zb_Lattice
1;CdSe_zb_0
1;CdSe_wz_perfect
1;CdSe_wz_distorted
1;CdSe_w_aux1
1;CdSe_Lattice
1;Caso8_E5_F
1;Caso8_E3_teste
1;CUDA_VISIBLE_DEVICES=0
1;CT_Metrics_Xception
1;CT_Metrics_Riken
1;CT_Metrics_InceptionV4
1;CO_a
1;CONST-REF
1;CO2-4
1;CO2-3
1;CO2-2
1;CO2-1
1;CM-Ni
1;CM-As-Mo
1;CM-As-Co
1;CIS1_map
1;CIPS2x2-CT
1;CE20bg8x6
1;CE20bg6x8
1;CE20bg4x12
1;CE20bg2x24
1;CE20bg1x48
1;CE20-rest10
1;CE20-holo-rep1
1;CD_TLNPx
1;CD_TDNPx
1;CD_LNP4x
1;CD_LNP1x
1;CD_DNP4x
1;CD_DNP4s
1;CD_DNLGx
1;CD_DNLGs
1;CD_D425x
1;CD_D425s
1;CD_D375x
1;CD_D375s
1;CD_D325x
1;CD_D325s
1;CD_D275x
1;CD_D275s
1;CD_D250x
1;CD_D250s
1;CD_D180x
1;CD_D180s
1;CD_D150x
1;CD_D150s
1;CD_D140x
1;CD_D140s
1;CASINO
1;C60Tm_MD
1;C-piridina
1;C-mol
1;C-assch33
1;C-ass3-9
1;C-ass3-8
1;C-ass3-7
1;C-ass3-6
1;C-ass3-5
1;C-ass3-4
1;C-ass3-3
1;C-ass3-28
1;C-ass3-27
1;C-ass3-26
1;C-ass3-25
1;C-ass3-24
1;C-ass3-23
1;C-ass3-22
1;C-ass3-21
1;C-ass3-20
1;C-ass3-2
1;C-ass3-19
1;C-ass3-18
1;C-ass3-17
1;C-ass3-16
1;C-ass3-15
1;C-ass3-14
1;C-ass3-13
1;C-ass3-12
1;C-ass3-11
1;C-ass3-10
1;C-ass3-1
1;C-asoch33
1;C-anilina
1;C-As-REP-M-15
1;C-As-REP-M-14
1;C-As-REP-M-13
1;C-As-REP-M-12
1;C-As-REP-M-11
1;C-As-REP-M-10
1;C-As-REP-M-1
1;C-As-EDGE-L
1;C-As-EDGE-K
1;C-As-EDGE-J
1;C-As-EDGE-I
1;C-As-EDGE-H
1;C-As-EDGE-G
1;C-As-EDGE-F
1;C-As-EDGE-E
1;C-As-EDGE-D
1;C-As-EDGE-C
1;C-As-EDGE-B
1;C-As-EDGE-A
1;BroFinScf
1;Br_ABX4_P-Square_T_300_K.sh
1;Br_ABX4_P-Rectangular_T_300_K.sh
1;Br_ABX3_P-Square_T_300_K.sh
1;Br_ABX3_P-Rectangular_T_300_K.sh
1;Br_A2BX4_P-Rectangular_T_300_K.sh
1;Br3-ABX4-isif8
1;Br3-ABX3-isif8
1;Br3-A2BX4-isif8
1;BiBox
1;Bi2Se3_romboedrica
1;Band_02Graphene
1;BaBox
1;B_18_13_1800
1;B_18_13_1600
1;BT_fep1_2
1;BT_cisN
1;BTTRS2
1;BL-2e
1;BHP_H2_3
1;BHP_H2_25
1;BHPLate3.0
1;BHPLate2.5
1;BHPLate1.5GR
1;BHPL_4.0
1;BHPL_2.6
1;BANDSsocNiinplaneAFMa-a-c+
1;BANDSsocCIOLNOAFMa-a-c-
1;B3.0
1;B2.5
1;B2.0
1;B1.5
1;B1.0
1;B0.5
1;Au-Cl-ab
1;Au
1;AsmassMo
1;AsSCH33-Mo
1;AsH32DNi
1;AsCONiMoS
1;AsCOHNiMoS
1;AsCH332DCo
1;AsCH32DNi
1;As2DNii
1;As2DNi
1;AniNiMoS
1;Ani2DCo
1;Ana-1S3t2
1;Allo_2.2
1;Al9H2
1;Al7H2
1;Al12H2
1;Al11H2
1;Al11AsH3
1;Al01AsH
1;Ag_AFM_DOS
1;AdvFeatures
1;AW-abl-trans-5
1;AW-abl-trans-1
1;AW-abl-spinup-5N
1;AW-abl-spinup-1N
1;AW-abl-spinup-1-neutro
1;AFNOAutoReg_LatinAmerica
1;AFMrelaxa-b+c+
1;AFM-mcoup_far
1;AFM-mcoup
1;ABC910
1;ABC89
1;ABC67
1;ABC56
1;ABC45
1;ABC34
1;ABC23
1;ABC1516p2
1;ABC1314
1;ABC1213
1;ABC1112
1;ABC1011
1;ABA910
1;ABA89EB
1;ABA78EB
1;ABA67EB
1;ABA56EB
1;ABA45EB
1;ABA34EB
1;ABA23EB
1;ABA23
1;ABA1617EB
1;ABA1516EB
1;ABA1314EB
1;ABA1314
1;ABA12EB
1;ABA1213
1;ABA12
1;ABA1011EB
1;A2FPBA
1;A1775
1;=pept_test_rep1_md6
1;=log_md4
1;=log_md0
1;900_1000prot
1;8polaron_Fe2O3
1;8pat
1;8_E5_F1
1;89opt3
1;89opt2
1;89ZR_O3
1;89Z11_O3
1;808-at
1;808-4np
1;800_900prot
1;8-2tddft50
1;8-2stddft50
1;8-2f0mxene-ti3c2o2
1;7polaron_Fe2O3
1;7A3S_nolincs_extend
1;700_800prot
1;6xbg+3-3r
1;6xbg+3-2r
1;6xbg+3-1r
1;6xbg+2-3r
1;6xbg+2-2r
1;6xbg+2-1r
1;6xbg+1-3r
1;6xbg+1-2r
1;6xbg+1-1r
1;6x7
1;6polaron_Fe2O3
1;6inse0mxene-opt
1;6inse-opt
1;66-CUS-H2O
1;66-CUS-EtSH
1;66-CUS-EMS
1;66-CUS-DMS
1;66-CUS-DES
1;66-CUS-CO2
1;66-CUS-C8
1;66-CUS-C7
1;66-CUS-C6
1;66-CUS-C5
1;66-CUS-2BuSH
1;66-CUS
1;654
1;600_700prot
1;600Kpore6c
1;600Kpore6b
1;600Kpore6a
1;600Kpore12
1;600Kpore-6
1;600Kpore-2
1;600Klayerlange
1;600-GQCA40
1;6-5
1;6+N-1r
1;5x5puro
1;5x2-fm
1;5polaron_Fe2O3
1;5layerHS
1;5626_b
1;5626_8_stackin
1;5626_4d
1;5626_4c
1;5626_4b
1;5626_3_stackin
1;500_600prot
1;5-4
1;4x4puro
1;4polaron_Fe2O3
1;4opt-ti3c2o2-96
1;4opt-ti3c2o2
1;4np_opt
1;4np_multinode
1;4np_gamma
1;4np-oh
1;4lopt-ti3c2o2-96
1;4g_het_exp
1;4etoh-100
1;4ds-opt-ti3c2o2-24
1;4ds-12opt-ti3c2o2-24
1;4dlopt-ti3c2o2-48
1;4clopt-ti3c2o2-96
1;4NP-n
1;42pospore2b
1;42pospore12
1;42pospore10
1;42pospore-555777
1;42pospore-2
1;42pospore-1
1;40tddft-96
1;400+
1;3x3puro
1;3topB
1;3symmCeO2_polaron
1;3polaron_Fe2O3
1;3hollowA
1;3hep-100
1;3hep
1;3bridgeB
1;3SBCeO2_polaron
1;3DNi
1;3DMo
1;363prod8
1;363prod7
1;363prod6
1;363_rep3
1;3515-alig2
1;3515-1_2
1;33Ni-coque
1;33Co-coque
1;300Kduo
1;300K-npt
1;300K-100
1;300-GQCA40
1;300+
1;3-24inse0mxene-opt
1;2xjy
1;2x2puro
1;2polaron_Fe2O3
1;2nvtrectangular
1;2nvtrect
1;2nvtcubic
1;2hupdpd
1;2hci
1;2h0d
1;2g_het_hom_exp
1;2f24mxene-ti3c2o2
1;2ds-opt-ti3c2o2-48
1;2ds-opt-ti3c2o2
1;2dlcam2-opt-ti3c2o2-48
1;2dl-opt-ti3c2o2-48
1;2d8s-opt-ti3c2o2-24
1;2d8-opt-ti3c2o2-24
1;2R8smxene-ti3c2o2
1;2R8mxene-ti3c2o2
1;2R0mxene-ti3c2o2
1;2PM_NM
1;2O2-2
1;2O2-1
1;2O-hH
1;2Lig_3_equilibration
1;2FEx
1;2Dmass-Mo
1;2DNiAsSC
1;2DNiAsH3
1;2DNiAsCH3
1;2BARREIRA
1;2B
1;2900_3000prot
1;2800_2900prot
1;25sig9
1;25sig8
1;25sig7
1;25sig6
1;25sig5
1;25sig4
1;25sig3
1;25sig2
1;25sig1
1;2533FL20
1;24sig5_
1;24sig4_
1;24sig3_
1;24sig2_
1;240_95_1
1;2400_2500prot
1;24-tddft40-ti3c2o2
1;215-3
1;215-2-FM
1;2100_2200prot
1;200r
1;200c
1;2000_2100prot
1;2-p-4
1;2-p-3
1;2-p-2
1;2-0stddft50
1;2
1;1w9c_append
1;1tupdperpen
1;1tdown
1;1symmCeO2_polaron
1;1nbridgeB
1;1k2p
1;1joc
1;1itv
1;1hollowB
1;1g_hom_exp
1;1g_het_exp
1;1ef7-LNPs
1;1ef7-DNPs
1;1ds6-LNPs
1;1a4d
1;1Vc_Inserpt
1;1SBCeO2_polaron
1;1OAN_Martini
1;1OAN_Fix
1;1FAsH3
1;1900_2000prot
1;1800_1900prot
1;18-b
1;1700_1800prot
1;1628-M2-C
1;1617
1;1600_1700prot
1;154atms
1;1516_p2
1;1516_p1
1;14_9_10
1;14_99_9
1;14_99_8
1;14_99_7
1;14_99_6
1;14_99_5
1;14_99_4
1;14_99_3
1;14_99_2
1;14_99_10
1;14_99_1
1;14_99_0
1;14_98_9
1;14_98_8
1;14_98_7
1;14_98_6
1;14_98_5
1;14_98_4
1;14_98_3
1;14_98_2
1;14_98_10
1;14_98_1
1;14_98_0
1;14_97_9
1;14_97_8
1;14_97_7
1;14_97_6
1;14_97_5
1;14_97_4
1;14_97_3
1;14_97_2
1;14_97_10
1;14_97_1
1;14_97_0
1;14_96_9
1;14_96_8
1;14_96_7
1;14_96_6
1;14_96_3
1;14_96_2
1;14_96_10
1;14_96_1
1;14_95_8
1;14_95_6
1;14_95_4
1;14_95_3
1;14_95_2
1;14_95_0
1;14_94_9
1;14_94_8
1;14_94_7
1;14_94_6
1;14_94_5
1;14_94_4
1;14_94_3
1;14_94_2
1;14_94_10
1;14_94_1
1;14_93_7
1;14_93_6
1;14_93_5
1;14_93_4
1;14_93_1
1;14_92_7
1;14_92_3
1;14_92_2
1;14_92_1
1;14_92_0
1;14_91_9
1;14_91_8
1;14_91_7
1;14_91_6
1;14_91_5
1;14_91_4
1;14_91_3
1;14_91_2
1;14_91_10
1;14_91_1
1;14_91_0
1;14_90_9
1;14_90_8
1;14_90_7
1;14_90_6
1;14_90_5
1;14_90_4
1;14_90_3
1;14_90_2
1;14_90_10
1;14_90_1
1;14_89_9
1;14_89_8
1;14_89_7
1;14_89_6
1;14_89_5
1;14_89_3
1;14_89_2
1;14_89_10
1;14_89_1
1;14_89_0
1;14_88_9
1;14_88_8
1;14_88_7
1;14_88_6
1;14_88_5
1;14_88_4
1;14_88_3
1;14_88_2
1;14_88_10
1;14_88_1
1;14_88_0
1;14_87_9
1;14_87_8
1;14_87_7
1;14_87_6
1;14_87_5
1;14_87_4
1;14_87_3
1;14_87_2
1;14_87_10
1;14_87_1
1;14_86_9
1;14_86_8
1;14_86_6
1;14_86_5
1;14_86_4
1;14_86_3
1;14_86_2
1;14_86_10
1;14_86_1
1;14_86_0
1;14_85_9
1;14_85_8
1;14_85_7
1;14_85_6
1;14_85_5
1;14_85_4
1;14_85_3
1;14_85_2
1;14_85_10
1;14_85_1
1;14_85_0
1;14_84_9
1;14_84_8
1;14_84_7
1;14_84_6
1;14_84_5
1;14_84_4
1;14_84_3
1;14_84_2
1;14_84_10
1;14_84_1
1;14_84_0
1;14_83_9
1;14_83_8
1;14_83_7
1;14_83_6
1;14_83_5
1;14_83_4
1;14_83_3
1;14_83_2
1;14_83_10
1;14_83_1
1;14_83_0
1;14_82_9
1;14_82_8
1;14_82_7
1;14_82_6
1;14_82_5
1;14_82_4
1;14_82_3
1;14_82_10
1;14_82_0
1;14_81_9
1;14_81_8
1;14_81_7
1;14_81_6
1;14_81_5
1;14_81_4
1;14_81_3
1;14_81_2
1;14_81_10
1;14_81_1
1;14_81_0
1;14_80_9
1;14_80_8
1;14_80_7
1;14_80_6
1;14_80_5
1;14_80_3
1;14_80_2
1;14_80_10
1;14_80_0
1;14_2_3
1;14_110_9
1;14_110_8
1;14_110_7
1;14_110_6
1;14_110_5
1;14_110_4
1;14_110_10
1;14_110_1
1;14_107_8
1;14_107_7
1;14_107_6
1;14_107_5
1;14_107_4
1;14_107_0
1;14_106_9
1;14_106_8
1;14_106_7
1;14_106_6
1;14_106_5
1;14_106_4
1;14_106_3
1;14_106_2
1;14_106_10
1;14_106_0
1;14_105_5
1;14_105_4
1;14_105_2
1;14_105_1
1;14_105_0
1;14_104_9
1;14_104_6
1;14_104_2
1;14_104_10
1;14_104_1
1;14_104_0
1;14_103_9
1;14_103_8
1;14_103_7
1;14_103_6
1;14_103_10
1;14_103_1
1;14_103_0
1;14_102_9
1;14_102_8
1;14_102_7
1;14_102_5
1;14_102_4
1;14_102_2
1;14_102_10
1;14_102_1
1;14_102_0
1;14_101_9
1;14_101_4
1;14_101_3
1;14_101_2
1;14_101_10
1;14_101_1
1;14_101_0
1;14_100_9
1;14_100_7
1;14_100_6
1;14_100_5
1;14_100_4
1;14_100_10
1;14_100_0
1;14_10
1;1415N
1;13-2.Und828
1;12subep30
1;12subep20
1;12subep
1;12sf48mxene-ti3c2o2
1;12f48mxene-ti3c2o2-48
1;12eps
1;12Rsfmxene-ti3c2o2-48
1;12Rf4mxene-ti3c2o2
1;12B_run6
1;1100_1200prot
1;1020prod2_r2
1;100r
1;100c
1;100_S2
1;100_S1
1;100_S
1;100Ni
1;100MoPir
1;100Mo-coque
1;100Mo
1;100Co
1;100AsOCH
1;1000_1100prot
1;100
1;0symmCeO2_polaron
1;0polaron_Fe2O3
1;0inse0mxene-opt
1;0SBCeO2_polaron
1;0Rsf48mxene-ti3c2o2-48
1;057-01-md5.slurm
1;057-01-md4.slurm
1;057-01-md3.slurm
1;057-01-md2.slurm
1;057-01-md1.slurm
1;03-2.Und828
1;01-3.Und057
1;01-2.Und057
1;00cNEBC1tube
1;0.coq24
1;0.co24
1;0-2sfmxene-ti3c2o2
1;0-2fmxene-ti3c2o2
1;.cplx.x
1;.25coq24
1;.25co24
1;......
1;.....
1;-1_loc2_dev
1;$LABEL
1;#
