AveCPU,CPUTimeRAW,ElapsedRaw,AveVMSize,MaxRSS,AveRSS,MaxVMSize,AveDiskRead,AveDiskWrite,MaxDiskRead,MaxDiskWrite,Planned,ConsumedEnergyRaw,AvePages,MaxPages,JobName,Partition,NNodes,JobID,Processo p/ no,Thread p/ proc.,Classe,Benchmark,Zone X,Zone Y,Iterações,Grid X,Grid Y,Grid Z,Consumo de Energia P0 (J),Consumo de Energia P1 (J),Consumo de Energia Total (J),Power P0 (W),Power P1 (W),Power Total (W),Potência por nó (W),Tempo (s),NodeList,EDP
17348.0,18846,1047,10604832.0,9430464.0,9430464.0,10604832.0,1361.92,4218.88,1361.92,4218.88,1.0,0,424.0,424.0,1n-1m-18th-Dc-lu-mz,sequana_cpu_dev,1,11434639.0,1,18,D,lu-mz,4,4,300,1632,1216,34,142546.91,42959.73,185506.64,136.54,41.15,177.69,177.69,1044.0, sdumont6165,194225452.08
17458.0,18864,1048,10604836.0,9430540.0,9430540.0,10604836.0,1361.92,4218.88,1361.92,4218.88,1.0,0,26.0,26.0,1n-1m-18th-Dc-lu-mz,sequana_cpu_dev,1,11434646.0,1,18,D,lu-mz,4,4,300,1632,1216,34,143003.81,42949.46,185953.27,136.71,41.06,177.78,177.78,1046.0, sdumont6165,194879026.95999998
17456.0,18882,1049,10604836.0,9430280.0,9430280.0,10604836.0,1361.92,4218.88,1361.92,4218.88,1.0,0,19.0,19.0,1n-1m-18th-Dc-lu-mz,sequana_cpu_dev,1,11434654.0,1,18,D,lu-mz,4,4,300,1632,1216,34,143110.53,42985.84,186096.38,136.56,41.02,177.57,177.57,1048.0, sdumont6165,195215102.62
17899.0,18954,1053,10621816.0,9430788.0,9430788.0,10621816.0,7270.4,4218.88,7270.4,4218.88,1.0,0,408.0,408.0,1n-1m-18th-Dc-lu-mz,sequana_cpu_dev,1,11434666.0,1,18,D,lu-mz,4,4,300,1632,1216,34,151141.59,45689.42,196831.01,143.67,43.43,187.1,187.1,1052.0, sdumont6044,207263053.53
17855.0,19134,1063,10621816.0,9430404.0,9430404.0,10621816.0,7270.4,4218.88,7270.4,4218.88,1.0,0,20.0,20.0,1n-1m-18th-Dc-lu-mz,sequana_cpu_dev,1,11434679.0,1,18,D,lu-mz,4,4,300,1632,1216,34,155358.1,47124.87,202482.96,146.43,44.42,190.84,190.84,1061.0, sdumont6044,215239386.48
19544.0,20740,1037,10625924.0,9431704.0,9431704.0,10625924.0,7086.08,4218.88,7086.08,4218.88,1.0,0,19.0,19.0,1n-1m-20th-Dc-lu-mz,sequana_cpu_dev,1,11434689.0,1,20,D,lu-mz,4,4,300,1632,1216,34,152093.53,45710.4,197803.93,146.81,44.12,190.93,190.93,1036.0, sdumont6044,205122675.41
19599.0,20720,1036,10625924.0,9430512.0,9430512.0,10625924.0,7086.08,4218.88,7086.08,4218.88,1.0,0,431.0,431.0,1n-1m-20th-Dc-lu-mz,sequana_cpu_dev,1,11434698.0,1,20,D,lu-mz,4,4,300,1632,1216,34,152744.54,42334.37,195078.91,147.72,40.94,188.66,188.66,1034.0, sdumont6053,202101750.76
19577.0,20800,1040,10625920.0,9430688.0,9430688.0,10625920.0,7086.08,4218.88,7086.08,4218.88,1.0,0,24.0,24.0,1n-1m-20th-Dc-lu-mz,sequana_cpu_dev,1,11434704.0,1,20,D,lu-mz,4,4,300,1632,1216,34,152613.06,42344.52,194957.58,146.88,40.76,187.64,187.64,1039.0, sdumont6053,202755883.2
19627.0,20740,1037,10625920.0,9431948.0,9431948.0,10625920.0,7086.08,4218.88,7086.08,4218.88,1.0,0,195.0,195.0,1n-1m-20th-Dc-lu-mz,sequana_cpu_dev,1,11434714.0,1,20,D,lu-mz,4,4,300,1632,1216,34,147675.09,46526.01,194201.1,142.54,44.91,187.45,187.45,1036.0, sdumont6041,201386540.70000002
19577.0,21000,1050,10625924.0,9430952.0,9430952.0,10625924.0,7086.08,4218.88,7086.08,4218.88,1.0,0,413.0,413.0,1n-1m-20th-Dc-lu-mz,sequana_cpu_dev,1,11434727.0,1,20,D,lu-mz,4,4,300,1632,1216,34,152058.86,45844.42,197903.28,144.96,43.7,188.66,188.66,1049.0, sdumont6044,207798444.0
20614.0,22088,1004,10630040.0,9430948.0,9430948.0,10630040.0,7004.16,4218.88,7004.16,4218.88,1.0,0,94.0,94.0,1n-1m-22th-Dc-lu-mz,sequana_cpu_dev,1,11434742.0,1,22,D,lu-mz,4,4,300,1632,1216,34,147862.22,41942.42,189804.64,147.42,41.82,189.24,189.24,1003.0, sdumont6043,190563858.56
20663.0,22176,1008,10630128.0,9431468.0,9431468.0,10630128.0,6912.0,4218.88,6912.0,4218.88,1.0,0,94.0,94.0,1n-1m-22th-Dc-lu-mz,sequana_cpu_dev,1,11434749.0,1,22,D,lu-mz,4,4,300,1632,1216,34,145012.55,45076.07,190088.62,144.0,44.76,188.77,188.77,1007.0, sdumont6041,191609328.96
20541.0,22132,1006,10630128.0,9430840.0,9430840.0,10630128.0,6912.0,4218.88,6912.0,4218.88,1.0,0,92.0,92.0,1n-1m-22th-Dc-lu-mz,sequana_cpu_dev,1,11434753.0,1,22,D,lu-mz,4,4,300,1632,1216,34,148564.1,40620.41,189184.51,147.82,40.42,188.24,188.24,1005.0, sdumont6053,190319617.06
21217.0,22572,1026,10630128.0,9431652.0,9431652.0,10630128.0,7096.32,4218.88,7096.32,4218.88,1.0,0,21.0,21.0,1n-1m-22th-Dc-lu-mz,sequana_cpu_dev,1,11434761.0,1,22,D,lu-mz,4,4,300,1632,1216,34,148803.54,46502.04,195305.58,145.17,45.37,190.54,190.54,1025.0, sdumont6041,200383525.07999998
20467.0,22110,1005,10613148.0,9431040.0,9431040.0,10613148.0,1341.44,4218.88,1341.44,4218.88,1.0,0,90.0,90.0,1n-1m-22th-Dc-lu-mz,sequana_cpu_dev,1,11434768.0,1,22,D,lu-mz,4,4,300,1632,1216,34,135875.72,35631.27,171507.0,135.33,35.49,170.82,170.82,1004.0, sdumont6074,172364535.0
22510.0,23904,996,10617176.0,9430500.0,9430500.0,10617176.0,1341.44,4218.88,1341.44,4218.88,1.0,0,22.0,22.0,1n-1m-24th-Dc-lu-mz,sequana_cpu_dev,1,11434778.0,1,24,D,lu-mz,4,4,300,1632,1216,34,139939.57,36513.07,176452.63,140.78,36.73,177.52,177.52,994.0, sdumont6074,175746819.48000002
22441.0,24336,1014,10634152.0,9431836.0,9431836.0,10634152.0,6912.0,4218.88,6912.0,4218.88,1.0,0,104.0,104.0,1n-1m-24th-Dc-lu-mz,sequana_cpu_dev,1,11434790.0,1,24,D,lu-mz,4,4,300,1632,1216,34,148547.51,41443.05,189990.56,146.64,40.91,187.55,187.55,1013.0, sdumont6053,192650427.84
22448.0,23928,997,10617176.0,9431216.0,9431216.0,10617176.0,1351.68,4218.88,1351.68,4218.88,2.0,0,423.0,423.0,1n-1m-24th-Dc-lu-mz,sequana_cpu_dev,1,11434813.0,1,24,D,lu-mz,4,4,300,1632,1216,34,148083.35,42554.21,190637.56,148.68,42.73,191.4,191.4,996.0, sdumont6169,190065647.32
21800.0,23760,990,10617172.0,9431100.0,9431100.0,10617172.0,1331.2,4218.88,1331.2,4218.88,23.0,0,35.0,35.0,1n-1m-24th-Dc-lu-mz,sequana_cpu_dev,1,11434824.0,1,24,D,lu-mz,4,4,300,1632,1216,34,143908.28,41284.92,185193.2,145.51,41.74,187.25,187.25,989.0, sdumont6169,183341268.0
22640.0,24288,1012,10617172.0,9434300.0,9434300.0,10617172.0,1341.44,4218.88,1341.44,4218.88,0.0,0,29.0,29.0,1n-1m-24th-Dc-lu-mz,sequana_cpu_dev,1,11434827.0,1,24,D,lu-mz,4,4,300,1632,1216,34,148483.47,42647.18,191130.65,146.87,42.18,189.05,189.05,1011.0, sdumont6169,193424217.79999998
21995.0,24050,925,10621284.0,9430984.0,9430984.0,10621284.0,1290.24,4218.88,1290.24,4218.88,1.0,0,22.0,22.0,1n-1m-26th-Dc-lu-mz,sequana_cpu_dev,1,11434829.0,1,26,D,lu-mz,4,4,300,1632,1216,34,134798.25,56852.39,191650.64,146.04,61.6,207.64,207.64,923.0, sdumont6169,177276842.0
21884.0,23998,923,10621280.0,9431000.0,9431000.0,10621280.0,1290.24,4218.88,1290.24,4218.88,573.0,0,205.0,205.0,1n-1m-26th-Dc-lu-mz,sequana_cpu_dev,1,11434833.0,1,26,D,lu-mz,4,4,300,1632,1216,34,134655.14,57975.93,192631.07,146.21,62.95,209.15,209.15,921.0, sdumont6203,177798477.61
21952.0,23816,916,10621280.0,9430428.0,9430428.0,10621280.0,1290.24,4218.88,1290.24,4218.88,1.0,0,111.0,111.0,1n-1m-26th-Dc-lu-mz,sequana_cpu_dev,1,11434840.0,1,26,D,lu-mz,4,4,300,1632,1216,34,134804.72,56344.81,191149.53,147.33,61.58,208.91,208.91,915.0, sdumont6169,175092969.48
22021.0,24154,929,10621280.0,9430488.0,9430488.0,10621280.0,1300.48,4218.88,1300.48,4218.88,1.0,0,28.0,28.0,1n-1m-26th-Dc-lu-mz,sequana_cpu_dev,1,11434846.0,1,26,D,lu-mz,4,4,300,1632,1216,34,134845.32,56515.69,191361.0,145.46,60.97,206.43,206.43,927.0, sdumont6169,177774369.0
22014.0,23712,912,10621280.0,9430644.0,9430644.0,10621280.0,1290.24,4218.88,1290.24,4218.88,1.0,0,33.0,33.0,1n-1m-26th-Dc-lu-mz,sequana_cpu_dev,1,11434854.0,1,26,D,lu-mz,4,4,300,1632,1216,34,134876.43,56685.6,191562.04,148.22,62.29,210.51,210.51,910.0, sdumont6169,174704580.48000002
22040.0,24248,866,10625388.0,9430500.0,9430500.0,10625388.0,1259.52,4218.88,1259.52,4218.88,1.0,0,31.0,31.0,1n-1m-28th-Dc-lu-mz,sequana_cpu_dev,1,11434858.0,1,28,D,lu-mz,4,4,300,1632,1216,34,125819.18,63617.53,189436.71,149.25,75.47,224.72,224.72,843.0, sdumont6169,164052190.85999998
22004.0,23744,848,10625388.0,9431396.0,9431396.0,10625388.0,1269.76,4218.88,1269.76,4218.88,1.0,0,115.0,115.0,1n-1m-28th-Dc-lu-mz,sequana_cpu_dev,1,11434862.0,1,28,D,lu-mz,4,4,300,1632,1216,34,125814.86,63672.93,189487.79,148.72,75.26,223.98,223.98,846.0, sdumont6169,160685645.92000002
21924.0,23996,857,10625396.0,9431476.0,9431476.0,10625396.0,1259.52,4218.88,1259.52,4218.88,0.0,0,19.0,19.0,1n-1m-28th-Dc-lu-mz,sequana_cpu_dev,1,11434878.0,1,28,D,lu-mz,4,4,300,1632,1216,34,125748.89,63043.89,188792.78,147.07,73.74,220.81,220.81,855.0, sdumont6169,161795412.46
21905.0,23884,853,10625388.0,9431920.0,9431920.0,10625388.0,1259.52,4218.88,1259.52,4218.88,2.0,0,20.0,20.0,1n-1m-28th-Dc-lu-mz,sequana_cpu_dev,1,11434882.0,1,28,D,lu-mz,4,4,300,1632,1216,34,125773.79,63467.29,189241.08,147.8,74.58,222.37,222.37,851.0, sdumont6169,161422641.23999998
21948.0,23772,849,10625392.0,9431340.0,9431340.0,10625392.0,1259.52,4218.88,1259.52,4218.88,1.0,0,14.0,14.0,1n-1m-28th-Dc-lu-mz,sequana_cpu_dev,1,11434885.0,1,28,D,lu-mz,4,4,300,1632,1216,34,125779.48,63585.14,189364.62,148.5,75.07,223.57,223.57,847.0, sdumont6169,160770562.38
22103.0,24240,808,10629496.0,9430816.0,9430816.0,10629496.0,1228.8,4218.88,1228.8,4218.88,2.0,0,18.0,18.0,1n-1m-30th-Dc-lu-mz,sequana_cpu_dev,1,11434890.0,1,30,D,lu-mz,4,4,300,1632,1216,34,116818.73,68567.65,185386.38,144.94,85.07,230.01,230.01,806.0, sdumont6169,149792195.04
22937.0,24510,817,10629496.0,9434668.0,9434668.0,10629496.0,1249.28,4218.88,1249.28,4218.88,1.0,0,123.0,123.0,1n-1m-30th-Dc-lu-mz,sequana_cpu_dev,1,11434895.0,1,30,D,lu-mz,4,4,300,1632,1216,34,121250.44,71241.25,192491.69,148.77,87.41,236.19,236.19,815.0, sdumont6169,157265710.73
22059.0,24270,809,10629500.0,9431992.0,9431992.0,10629500.0,1228.8,4218.88,1228.8,4218.88,3.0,0,26.0,26.0,1n-1m-30th-Dc-lu-mz,sequana_cpu_dev,1,11434903.0,1,30,D,lu-mz,4,4,300,1632,1216,34,116807.53,68292.72,185100.26,144.74,84.63,229.37,229.37,807.0, sdumont6169,149746110.34
22077.0,24150,805,10629496.0,9431940.0,9431940.0,10629496.0,1228.8,4218.88,1228.8,4218.88,1.0,0,19.0,19.0,1n-1m-30th-Dc-lu-mz,sequana_cpu_dev,1,11434909.0,1,30,D,lu-mz,4,4,300,1632,1216,34,116788.39,68571.17,185359.56,145.44,85.39,230.83,230.83,803.0, sdumont6169,149214445.8
22091.0,24270,809,10629496.0,9431748.0,9431748.0,10629496.0,1228.8,4218.88,1228.8,4218.88,1.0,0,28.0,28.0,1n-1m-30th-Dc-lu-mz,sequana_cpu_dev,1,11434913.0,1,30,D,lu-mz,4,4,300,1632,1216,34,116814.67,68674.1,185488.77,144.75,85.1,229.85,229.85,807.0, sdumont6169,150060414.92999998
21083.0,22976,718,10633616.0,9430880.0,9430880.0,10633616.0,1177.6,4218.88,1177.6,4218.88,1.0,0,59.0,59.0,1n-1m-32th-Dc-lu-mz,sequana_cpu_dev,1,11434918.0,1,32,D,lu-mz,4,4,300,1632,1216,34,103374.67,71594.36,174969.03,144.38,99.99,244.37,244.37,716.0, sdumont6169,125627763.54
21087.0,22912,716,10633620.0,9431284.0,9431284.0,10633620.0,1187.84,4218.88,1187.84,4218.88,3.0,0,52.0,52.0,1n-1m-32th-Dc-lu-mz,sequana_cpu_dev,1,11434922.0,1,32,D,lu-mz,4,4,300,1632,1216,34,103372.98,71567.52,174940.5,144.78,100.23,245.01,245.01,714.0, sdumont6169,125257398.0
21982.0,23136,723,10633616.0,9435620.0,9435620.0,10633616.0,1198.08,4218.88,1198.08,4218.88,2.0,0,211.0,211.0,1n-1m-32th-Dc-lu-mz,sequana_cpu_dev,1,11434926.0,1,32,D,lu-mz,4,4,300,1632,1216,34,107816.57,74430.8,182247.37,149.54,103.23,252.77,252.77,721.0, sdumont6169,131764848.50999999
20888.0,23040,720,10633620.0,9431104.0,9431104.0,10633620.0,1177.6,4218.88,1177.6,4218.88,2.0,0,68.0,68.0,1n-1m-32th-Dc-lu-mz,sequana_cpu_dev,1,11434932.0,1,32,D,lu-mz,4,4,300,1632,1216,34,103345.95,71505.74,174851.69,143.94,99.59,243.53,243.53,718.0, sdumont6169,125893216.8
21960.0,23200,725,10633608.0,9432580.0,9432580.0,10633608.0,1198.08,4218.88,1198.08,4218.88,3.0,0,41.0,41.0,1n-1m-32th-Dc-lu-mz,sequana_cpu_dev,1,11434936.0,1,32,D,lu-mz,4,4,300,1632,1216,34,107876.72,74289.65,182166.37,149.21,102.75,251.96,251.96,723.0, sdumont6169,132070618.25
21213.0,22814,671,10637732.0,9430904.0,9430904.0,10637732.0,1167.36,4218.88,1167.36,4218.88,2.0,0,69.0,69.0,1n-1m-34th-Dc-lu-mz,sequana_cpu_dev,1,11434940.0,1,34,D,lu-mz,4,4,300,1632,1216,34,98840.06,76992.31,175832.37,147.74,115.09,262.83,262.83,669.0, sdumont6169,117983520.27
21092.0,22848,672,10637732.0,9433256.0,9433256.0,10637732.0,1167.36,4218.88,1167.36,4218.88,4.0,0,61.0,61.0,1n-1m-34th-Dc-lu-mz,sequana_cpu_dev,1,11434944.0,1,34,D,lu-mz,4,4,300,1632,1216,34,98824.9,76937.83,175762.73,147.5,114.83,262.33,262.33,670.0, sdumont6169,118112554.56
21138.0,22746,669,10637728.0,9431580.0,9431580.0,10637728.0,1167.36,4218.88,1167.36,4218.88,3.0,0,67.0,67.0,1n-1m-34th-Dc-lu-mz,sequana_cpu_dev,1,11434949.0,1,34,D,lu-mz,4,4,300,1632,1216,34,98812.6,76943.3,175755.89,148.14,115.36,263.5,263.5,667.0, sdumont6169,117580690.41000001
21063.0,22916,674,10637728.0,9431104.0,9431104.0,10637728.0,1167.36,4218.88,1167.36,4218.88,3.0,0,47.0,47.0,1n-1m-34th-Dc-lu-mz,sequana_cpu_dev,1,11434953.0,1,34,D,lu-mz,4,4,300,1632,1216,34,98812.96,76636.78,175449.74,147.04,114.04,261.09,261.09,672.0, sdumont6169,118253124.75999999
21144.0,22746,669,10637736.0,9430984.0,9430984.0,10637736.0,1167.36,4218.88,1167.36,4218.88,3.0,0,59.0,59.0,1n-1m-34th-Dc-lu-mz,sequana_cpu_dev,1,11434957.0,1,34,D,lu-mz,4,4,300,1632,1216,34,98821.88,76732.41,175554.29,148.16,115.04,263.2,263.2,667.0, sdumont6169,117445820.01
21496.0,23112,642,10641836.0,9432252.0,9432252.0,10641836.0,1146.88,4218.88,1146.88,4218.88,4.0,0,193.0,193.0,1n-1m-36th-Dc-lu-mz,sequana_cpu_dev,1,11434962.0,1,36,D,lu-mz,4,4,300,1632,1216,34,94341.83,78443.85,172785.68,147.41,122.57,269.98,269.98,640.0, sdumont6169,110928406.56
21605.0,23616,656,10641836.0,9431192.0,9431192.0,10641836.0,1146.88,4218.88,1146.88,4218.88,3.0,0,85.0,85.0,1n-1m-36th-Dc-lu-mz,sequana_cpu_dev,1,11434966.0,1,36,D,lu-mz,4,4,300,1632,1216,34,94349.87,77689.6,172039.46,144.27,118.79,263.06,263.06,654.0, sdumont6169,112857885.75999999
21517.0,23220,645,10641836.0,9431668.0,9431668.0,10641836.0,1146.88,4218.88,1146.88,4218.88,3.0,0,64.0,64.0,1n-1m-36th-Dc-lu-mz,sequana_cpu_dev,1,11434971.0,1,36,D,lu-mz,4,4,300,1632,1216,34,94355.4,78327.98,172683.39,146.74,121.82,268.56,268.56,643.0, sdumont6169,111380786.55000001
21563.0,23328,648,10641832.0,9432448.0,9432448.0,10641832.0,1146.88,4218.88,1146.88,4218.88,1.0,0,152.0,152.0,1n-1m-36th-Dc-lu-mz,sequana_cpu_dev,1,11434973.0,1,36,D,lu-mz,4,4,300,1632,1216,34,94166.25,77245.87,171412.12,145.77,119.58,265.34,265.34,646.0, sdumont6165,111075053.75999999
21497.0,23220,645,10641832.0,9431120.0,9431120.0,10641832.0,1146.88,4218.88,1146.88,4218.88,1.0,0,71.0,71.0,1n-1m-36th-Dc-lu-mz,sequana_cpu_dev,1,11434974.0,1,36,D,lu-mz,4,4,300,1632,1216,34,94232.33,77256.55,171488.89,146.55,120.15,266.7,266.7,643.0, sdumont6165,110610334.05000001
20254.0,22458,591,10645964.0,9431444.0,9431444.0,10645964.0,1116.16,4218.88,1116.16,4218.88,1.0,0,69.0,69.0,1n-1m-38th-Dc-lu-mz,sequana_cpu_dev,1,11434975.0,1,38,D,lu-mz,4,4,300,1632,1216,34,84532.59,74503.76,159036.34,143.52,126.49,270.01,270.01,589.0, sdumont6165,93990476.94
20117.0,22572,594,10645968.0,9433004.0,9433004.0,10645968.0,1116.16,4218.88,1116.16,4218.88,1.0,0,63.0,63.0,1n-1m-38th-Dc-lu-mz,sequana_cpu_dev,1,11434976.0,1,38,D,lu-mz,4,4,300,1632,1216,34,84301.33,74552.14,158853.46,142.64,126.15,268.79,268.79,591.0, sdumont6165,94358955.24
20289.0,22572,594,10645960.0,9432296.0,9432296.0,10645960.0,1126.4,4218.88,1126.4,4218.88,1.0,0,61.0,61.0,1n-1m-38th-Dc-lu-mz,sequana_cpu_dev,1,11434978.0,1,38,D,lu-mz,4,4,300,1632,1216,34,84640.14,74149.96,158790.1,142.97,125.25,268.23,268.23,592.0, sdumont6165,94321319.4
20288.0,22458,591,10645964.0,9431844.0,9431844.0,10645964.0,1126.4,4218.88,1126.4,4218.88,1.0,0,64.0,64.0,1n-1m-38th-Dc-lu-mz,sequana_cpu_dev,1,11434979.0,1,38,D,lu-mz,4,4,300,1632,1216,34,84743.66,74352.81,159096.47,143.88,126.24,270.11,270.11,589.0, sdumont6165,94026013.77
21292.0,22952,604,10645968.0,9432612.0,9432612.0,10645968.0,1136.64,4218.88,1136.64,4218.88,1.0,0,55.0,55.0,1n-1m-38th-Dc-lu-mz,sequana_cpu_dev,1,11434980.0,1,38,D,lu-mz,4,4,300,1632,1216,34,88624.21,77952.62,166576.83,147.46,129.7,277.17,277.17,601.0, sdumont6165,100612405.32
21245.0,23680,592,10650060.0,9431988.0,9431988.0,10650060.0,1116.16,4218.88,1116.16,4218.88,1.0,0,537.0,537.0,1n-1m-40th-Dc-lu-mz,sequana_cpu_dev,1,11434982.0,1,40,D,lu-mz,4,4,300,1632,1216,34,84926.07,71780.22,156706.29,143.94,121.66,265.6,265.6,590.0, sdumont6072,92770123.68
21400.0,23960,599,10650056.0,9433040.0,9433040.0,10650056.0,1116.16,4218.88,1116.16,4218.88,1.0,0,80.0,80.0,1n-1m-40th-Dc-lu-mz,sequana_cpu_dev,1,11434986.0,1,40,D,lu-mz,4,4,300,1632,1216,34,85286.47,71890.98,157177.45,142.86,120.42,263.28,263.28,597.0, sdumont6072,94149292.55000001
21318.0,23840,596,10650056.0,9432404.0,9432404.0,10650056.0,1116.16,4218.88,1116.16,4218.88,1.0,0,66.0,66.0,1n-1m-40th-Dc-lu-mz,sequana_cpu_dev,1,11434988.0,1,40,D,lu-mz,4,4,300,1632,1216,34,85294.32,71461.51,156755.83,143.59,120.31,263.9,263.9,594.0, sdumont6072,93426474.67999999
21428.0,24040,601,10650060.0,9432724.0,9432724.0,10650060.0,1116.16,4218.88,1116.16,4218.88,1.0,0,72.0,72.0,1n-1m-40th-Dc-lu-mz,sequana_cpu_dev,1,11434990.0,1,40,D,lu-mz,4,4,300,1632,1216,34,85286.62,71512.08,156798.7,142.38,119.39,261.77,261.77,599.0, sdumont6072,94236018.7
21230.0,23720,593,10650056.0,9432032.0,9432032.0,10650056.0,1116.16,4218.88,1116.16,4218.88,3.0,0,208.0,208.0,1n-1m-40th-Dc-lu-mz,sequana_cpu_dev,1,11434995.0,1,40,D,lu-mz,4,4,300,1632,1216,34,85191.02,71955.69,157146.71,144.15,121.75,265.9,265.9,591.0, sdumont6072,93187999.03
22510.0,24738,589,10654172.0,9431648.0,9431648.0,10654172.0,1116.16,4218.88,1116.16,4218.88,1.0,0,76.0,76.0,1n-1m-42th-Dc-lu-mz,sequana_cpu_dev,1,11434997.0,1,42,D,lu-mz,4,4,300,1632,1216,34,85189.15,73958.1,159147.25,145.13,125.99,271.12,271.12,587.0, sdumont6072,93737730.25
22468.0,24444,582,10654168.0,9431656.0,9431656.0,10654168.0,1116.16,4218.88,1116.16,4218.88,1.0,0,88.0,88.0,1n-1m-42th-Dc-lu-mz,sequana_cpu_dev,1,11434998.0,1,42,D,lu-mz,4,4,300,1632,1216,34,85207.67,73901.55,159109.22,146.66,127.2,273.85,273.85,581.0, sdumont6072,92601566.04
21242.0,23688,564,10654168.0,9431992.0,9431992.0,10654168.0,1105.92,4218.88,1105.92,4218.88,1.0,0,99.0,99.0,1n-1m-42th-Dc-lu-mz,sequana_cpu_dev,1,11434999.0,1,42,D,lu-mz,4,4,300,1632,1216,34,80686.12,71157.3,151843.42,143.57,126.61,270.18,270.18,562.0, sdumont6072,85639688.88000001
21281.0,23856,568,10654172.0,9433120.0,9433120.0,10654172.0,1105.92,4218.88,1105.92,4218.88,1.0,0,89.0,89.0,1n-1m-42th-Dc-lu-mz,sequana_cpu_dev,1,11435000.0,1,42,D,lu-mz,4,4,300,1632,1216,34,80734.35,70407.06,151141.42,142.64,124.39,267.03,267.03,566.0, sdumont6072,85848326.56
21266.0,23856,568,10654172.0,9432540.0,9432540.0,10654172.0,1105.92,4218.88,1105.92,4218.88,1.0,0,74.0,74.0,1n-1m-42th-Dc-lu-mz,sequana_cpu_dev,1,11435001.0,1,42,D,lu-mz,4,4,300,1632,1216,34,80726.17,70838.24,151564.42,142.63,125.16,267.78,267.78,566.0, sdumont6072,86088590.56
20713.0,23716,539,10658276.0,9433112.0,9433112.0,10658276.0,1085.44,4218.88,1085.44,4218.88,1.0,0,62.0,62.0,1n-1m-44th-Dc-lu-mz,sequana_cpu_dev,1,11435002.0,1,44,D,lu-mz,4,4,300,1632,1216,34,73419.41,69186.73,142606.15,136.72,128.84,265.56,265.56,537.0, sdumont6072,76864714.85
24112.0,27588,627,10658280.0,9431836.0,9431836.0,10658280.0,1136.64,4218.88,1136.64,4218.88,1.0,0,282.0,282.0,1n-1m-44th-Dc-lu-mz,sequana_cpu_dev,1,11435003.0,1,44,D,lu-mz,4,4,300,1632,1216,34,81528.39,84233.56,165761.94,130.45,134.77,265.22,265.22,625.0, sdumont6084,103932736.38
20603.0,23672,538,10658276.0,9432412.0,9432412.0,10658276.0,1085.44,4218.88,1085.44,4218.88,1.0,0,508.0,508.0,1n-1m-44th-Dc-lu-mz,sequana_cpu_dev,1,11435006.0,1,44,D,lu-mz,4,4,300,1632,1216,34,73950.98,71459.47,145410.45,137.71,133.07,270.78,270.78,537.0, sdumont6067,78230822.10000001
20624.0,23628,537,10658280.0,9432592.0,9432592.0,10658280.0,1085.44,4218.88,1085.44,4218.88,1.0,0,101.0,101.0,1n-1m-44th-Dc-lu-mz,sequana_cpu_dev,1,11435007.0,1,44,D,lu-mz,4,4,300,1632,1216,34,74087.38,72038.83,146126.22,138.48,134.65,273.13,273.13,535.0, sdumont6067,78469780.14
21918.0,23848,542,10658280.0,9432000.0,9432000.0,10658280.0,1105.92,4218.88,1105.92,4218.88,1.0,0,104.0,104.0,1n-1m-44th-Dc-lu-mz,sequana_cpu_dev,1,11435008.0,1,44,D,lu-mz,4,4,300,1632,1216,34,74372.62,71383.78,145756.4,137.73,132.19,269.92,269.92,540.0, sdumont6067,78999968.8
22854.0,24886,541,10662408.0,9433160.0,9433160.0,10662408.0,1105.92,4218.88,1105.92,4218.88,1.0,0,98.0,98.0,1n-1m-46th-Dc-lu-mz,sequana_cpu_dev,1,11435009.0,1,46,D,lu-mz,4,4,300,1632,1216,34,73850.16,71606.35,145456.51,137.01,132.85,269.86,269.86,539.0, sdumont6067,78691971.91000001
22848.0,25024,544,10662412.0,9434944.0,9434944.0,10662412.0,1105.92,4218.88,1105.92,4218.88,4.0,0,84.0,84.0,1n-1m-46th-Dc-lu-mz,sequana_cpu_dev,1,11435010.0,1,46,D,lu-mz,4,4,300,1632,1216,34,78015.2,75474.22,153489.42,144.21,139.51,283.71,283.71,541.0, sdumont6067,83498244.48
22966.0,25070,545,10662404.0,9432276.0,9432276.0,10662404.0,1105.92,4218.88,1105.92,4218.88,1.0,0,90.0,90.0,1n-1m-46th-Dc-lu-mz,sequana_cpu_dev,1,11435011.0,1,46,D,lu-mz,4,4,300,1632,1216,34,77896.95,75692.61,153589.56,143.46,139.4,282.85,282.85,543.0, sdumont6067,83706310.2
22857.0,24932,542,10662404.0,9431828.0,9431828.0,10662404.0,1105.92,4218.88,1105.92,4218.88,1.0,0,76.0,76.0,1n-1m-46th-Dc-lu-mz,sequana_cpu_dev,1,11435012.0,1,46,D,lu-mz,4,4,300,1632,1216,34,73225.28,71971.26,145196.54,135.6,133.28,268.88,268.88,540.0, sdumont6067,78696524.68
21663.0,24886,541,10662408.0,9432032.0,9432032.0,10662408.0,1085.44,4218.88,1085.44,4218.88,1.0,0,74.0,74.0,1n-1m-46th-Dc-lu-mz,sequana_cpu_dev,1,11435014.0,1,46,D,lu-mz,4,4,300,1632,1216,34,73827.55,71525.28,145352.83,136.72,132.45,269.17,269.17,540.0, sdumont6067,78635881.02999999
22642.0,25536,532,10666516.0,9432768.0,9432768.0,10666516.0,1085.44,4218.88,1085.44,4218.88,1.0,0,98.0,98.0,1n-1m-48th-Dc-lu-mz,sequana_cpu_dev,1,11435015.0,1,48,D,lu-mz,4,4,300,1632,1216,34,73406.95,74714.67,148121.62,138.5,140.97,279.47,279.47,530.0, sdumont6067,78800701.84
22664.0,25872,539,10666516.0,9432080.0,9432080.0,10666516.0,1085.44,4218.88,1085.44,4218.88,0.0,0,296.0,296.0,1n-1m-48th-Dc-lu-mz,sequana_cpu_dev,1,11435017.0,1,48,D,lu-mz,4,4,300,1632,1216,34,73319.61,74507.24,147826.85,136.54,138.75,275.28,275.28,537.0, sdumont6067,79678672.15
22673.0,25680,535,10666516.0,9432564.0,9432564.0,10666516.0,1085.44,4218.88,1085.44,4218.88,1.0,0,86.0,86.0,1n-1m-48th-Dc-lu-mz,sequana_cpu_dev,1,11435018.0,1,48,D,lu-mz,4,4,300,1632,1216,34,73544.74,74455.79,148000.53,137.72,139.43,277.15,277.15,534.0, sdumont6067,79180283.55
22666.0,25200,525,10666512.0,9432700.0,9432700.0,10666512.0,1085.44,4218.88,1085.44,4218.88,1.0,0,63.0,63.0,1n-1m-48th-Dc-lu-mz,sequana_cpu_dev,1,11435021.0,1,48,D,lu-mz,4,4,300,1632,1216,34,73345.11,74580.6,147925.71,140.24,142.6,282.84,282.84,523.0, sdumont6067,77660997.75
22693.0,25296,527,10666512.0,9432020.0,9432020.0,10666512.0,1116.16,4218.88,1116.16,4218.88,1.0,0,82.0,82.0,1n-1m-48th-Dc-lu-mz,sequana_cpu_dev,1,11435025.0,1,48,D,lu-mz,4,4,300,1632,1216,34,73450.15,74838.51,148288.66,139.91,142.55,282.45,282.45,525.0, sdumont6067,78148123.82000001
5632.0,11604,967,5729668.0,4886476.0,4884434.0,6058012.0,1136.64,4218.88,1443.84,4218.88,1.0,0,170.0,378.0,1n-2m-6th-Dc-lu-mz,sequana_cpu_dev,1,11435059.0,2,6,D,lu-mz,4,4,300,1632,1216,34,93442.9,92565.61,186008.51,96.83,95.92,192.75,192.75,965.0, sdumont6067,179870229.17000002
5640.0,11592,966,5729656.0,4886788.0,4885580.0,6053788.0,1126.4,4218.88,1423.36,4218.88,1.0,0,0.0,3.0,1n-2m-6th-Dc-lu-mz,sequana_cpu_dev,1,11435062.0,2,6,D,lu-mz,4,4,300,1632,1216,34,93545.76,92642.33,186188.08,96.94,96.0,192.94,192.94,965.0, sdumont6067,179857685.28
5646.0,11544,962,5729662.0,4886564.0,4885282.0,6053792.0,1116.16,4218.88,1413.12,4218.88,1.0,0,1.0,2.0,1n-2m-6th-Dc-lu-mz,sequana_cpu_dev,1,11435072.0,2,6,D,lu-mz,4,4,300,1632,1216,34,90895.25,89895.81,180791.06,94.58,93.54,188.13,188.13,961.0, sdumont6067,173920999.72
5646.0,11556,963,5729668.0,4886244.0,4885048.0,6058016.0,1116.16,4218.88,1413.12,4218.88,1.0,0,1.0,2.0,1n-2m-6th-Dc-lu-mz,sequana_cpu_dev,1,11435078.0,2,6,D,lu-mz,4,4,300,1632,1216,34,90758.05,89834.27,180592.32,94.44,93.48,187.92,187.92,961.0, sdumont6067,173910404.16
5646.0,11544,962,5729668.0,4886804.0,4884894.0,6058016.0,1116.16,4218.88,1413.12,4218.88,1.0,0,0.0,1.0,1n-2m-6th-Dc-lu-mz,sequana_cpu_dev,1,11435088.0,2,6,D,lu-mz,4,4,300,1632,1216,34,90920.62,89870.22,180790.84,94.71,93.61,188.32,188.32,960.0, sdumont6067,173920788.07999998
5833.0,12272,767,5733782.0,4887272.0,4885226.0,6062128.0,1075.2,4218.88,1331.2,4218.88,1.0,0,0.0,1.0,1n-2m-8th-Dc-lu-mz,sequana_cpu_dev,1,11435097.0,2,8,D,lu-mz,4,4,300,1632,1216,34,83610.13,83142.91,166753.05,109.29,108.68,217.98,217.98,765.0, sdumont6067,127899589.35
5828.0,12272,767,5733772.0,4886880.0,4885956.0,6057900.0,1075.2,4218.88,1331.2,4218.88,1.0,0,3.0,7.0,1n-2m-8th-Dc-lu-mz,sequana_cpu_dev,1,11435123.0,2,8,D,lu-mz,4,4,300,1632,1216,34,83667.13,83267.41,166934.53,109.37,108.85,218.22,218.22,765.0, sdumont6067,128038784.51
5881.0,12368,773,5733784.0,4885452.0,4884778.0,6062128.0,1064.96,4218.88,1310.72,4218.88,1.0,0,2.0,3.0,1n-2m-8th-Dc-lu-mz,sequana_cpu_dev,1,11435142.0,2,8,D,lu-mz,4,4,300,1632,1216,34,83336.71,82949.82,166286.52,107.95,107.45,215.4,215.4,772.0, sdumont6067,128539479.96
5894.0,12320,770,5733774.0,4886564.0,4886152.0,6057904.0,1064.96,4218.88,1310.72,4218.88,1.0,0,4.0,4.0,1n-2m-8th-Dc-lu-mz,sequana_cpu_dev,1,11435148.0,2,8,D,lu-mz,4,4,300,1632,1216,34,83644.36,83319.74,166964.1,108.91,108.49,217.4,217.4,768.0, sdumont6067,128562357.0
5893.0,12352,772,5733786.0,4886880.0,4885304.0,6062132.0,1064.96,4218.88,1320.96,4218.88,1.0,0,1.0,2.0,1n-2m-8th-Dc-lu-mz,sequana_cpu_dev,1,11435153.0,2,8,D,lu-mz,4,4,300,1632,1216,34,83428.76,83179.43,166608.19,108.49,108.17,216.66,216.66,769.0, sdumont6067,128621522.68
6312.0,13760,688,5737890.0,4886736.0,4884886.0,6062016.0,1054.72,4218.88,1290.24,4218.88,1.0,0,170.0,385.0,1n-2m-10th-Dc-lu-mz,sequana_cpu_dev,1,11435154.0,2,10,D,lu-mz,4,4,300,1632,1216,34,79469.67,82185.15,161654.82,115.84,119.8,235.65,235.65,686.0, sdumont6165,111218516.16000001
6456.0,13620,681,5737890.0,4887252.0,4886142.0,6062020.0,1034.24,4218.88,1177.6,4218.88,0.0,0,41.0,46.0,1n-2m-10th-Dc-lu-mz,sequana_cpu_dev,1,11435156.0,2,10,D,lu-mz,4,4,300,1632,1216,34,79900.27,82612.75,162513.02,117.5,121.49,238.99,238.99,680.0, sdumont6165,110671366.61999999
6468.0,13720,686,5737894.0,4885808.0,4885000.0,6066248.0,1044.48,4218.88,1269.76,4218.88,1.0,0,5.0,6.0,1n-2m-10th-Dc-lu-mz,sequana_cpu_dev,1,11435158.0,2,10,D,lu-mz,4,4,300,1632,1216,34,79835.14,82618.13,162453.27,116.72,120.79,237.5,237.5,684.0, sdumont6165,111442943.22
6457.0,13660,683,5737890.0,4887376.0,4885808.0,6062020.0,1044.48,4218.88,1259.52,4218.88,1.0,0,7.0,9.0,1n-2m-10th-Dc-lu-mz,sequana_cpu_dev,1,11435160.0,2,10,D,lu-mz,4,4,300,1632,1216,34,80106.83,82630.19,162737.02,117.46,121.16,238.62,238.62,682.0, sdumont6165,111149384.66
6459.0,13680,684,5737898.0,4886888.0,4885432.0,6066244.0,1044.48,4218.88,1280.0,4218.88,1.0,0,3.0,4.0,1n-2m-10th-Dc-lu-mz,sequana_cpu_dev,1,11435163.0,2,10,D,lu-mz,4,4,300,1632,1216,34,80039.87,82611.23,162651.11,117.36,121.13,238.49,238.49,682.0, sdumont6165,111253359.24
7012.0,14760,615,5742010.0,4886644.0,4884926.0,6066136.0,1024.0,4218.88,1228.8,4218.88,1.0,0,4.0,7.0,1n-2m-12th-Dc-lu-mz,sequana_cpu_dev,1,11435175.0,2,12,D,lu-mz,4,4,300,1632,1216,34,76863.9,82203.43,159067.33,125.19,133.88,259.07,259.07,614.0, sdumont6165,97826407.94999999
7000.0,14856,619,5742012.0,4886376.0,4884840.0,6066144.0,1024.0,4218.88,1228.8,4218.88,1.0,0,40.0,53.0,1n-2m-12th-Dc-lu-mz,sequana_cpu_dev,1,11435183.0,2,12,D,lu-mz,4,4,300,1632,1216,34,76788.12,82038.87,158826.99,124.45,132.96,257.42,257.42,617.0, sdumont6165,98313906.80999999
6984.0,14904,621,5742008.0,4886844.0,4884930.0,6070364.0,1024.0,4218.88,1146.88,4218.88,1.0,0,9.0,10.0,1n-2m-12th-Dc-lu-mz,sequana_cpu_dev,1,11435185.0,2,12,D,lu-mz,4,4,300,1632,1216,34,76482.41,81799.52,158281.93,123.56,132.15,255.71,255.71,619.0, sdumont6165,98293078.53
6992.0,14808,617,5742012.0,4886588.0,4885588.0,6066136.0,1024.0,4218.88,1228.8,4218.88,1.0,0,8.0,9.0,1n-2m-12th-Dc-lu-mz,sequana_cpu_dev,1,11435186.0,2,12,D,lu-mz,4,4,300,1632,1216,34,76731.85,82116.59,158848.45,124.77,133.52,258.29,258.29,615.0, sdumont6165,98009493.65
6974.0,14880,620,5742012.0,4887412.0,4885494.0,6066144.0,1024.0,4218.88,1228.8,4218.88,1.0,0,6.0,8.0,1n-2m-12th-Dc-lu-mz,sequana_cpu_dev,1,11435188.0,2,12,D,lu-mz,4,4,300,1632,1216,34,76583.11,81822.44,158405.55,123.92,132.4,256.32,256.32,618.0, sdumont6165,98211441.0
7673.0,16436,587,5746138.0,4886976.0,4885738.0,6074484.0,1024.0,4218.88,1218.56,4218.88,1.0,0,12.0,13.0,1n-2m-14th-Dc-lu-mz,sequana_cpu_dev,1,11435189.0,2,14,D,lu-mz,4,4,300,1632,1216,34,75200.59,78176.02,153376.61,128.55,133.63,262.18,262.18,585.0, sdumont6165,90032070.07
7666.0,16352,584,5746126.0,4887588.0,4885584.0,6074480.0,1024.0,4218.88,1218.56,4218.88,1.0,0,15.0,16.0,1n-2m-14th-Dc-lu-mz,sequana_cpu_dev,1,11435191.0,2,14,D,lu-mz,4,4,300,1632,1216,34,75459.58,78485.04,153944.62,129.88,135.09,264.96,264.96,581.0, sdumont6165,89903658.08
7590.0,16408,586,5746128.0,4886428.0,4884802.0,6074480.0,1034.24,4218.88,1249.28,4229.12,1.0,0,4.0,10.0,1n-2m-14th-Dc-lu-mz,sequana_cpu_dev,1,11435192.0,2,14,D,lu-mz,4,4,300,1632,1216,34,75613.44,78509.41,154122.85,129.92,134.9,264.82,264.82,582.0, sdumont6165,90315990.10000001
7651.0,16604,593,5746132.0,4887524.0,4885988.0,6070260.0,1024.0,4218.88,1218.56,4218.88,1.0,0,34.0,42.0,1n-2m-14th-Dc-lu-mz,sequana_cpu_dev,1,11435197.0,2,14,D,lu-mz,4,4,300,1632,1216,34,75125.49,77689.38,152814.87,127.12,131.45,258.57,258.57,591.0, sdumont6165,90619217.91
7661.0,16520,590,5746130.0,4887140.0,4885234.0,6070256.0,1013.76,4218.88,1136.64,4218.88,1.0,0,12.0,13.0,1n-2m-14th-Dc-lu-mz,sequana_cpu_dev,1,11435203.0,2,14,D,lu-mz,4,4,300,1632,1216,34,74929.93,78263.34,153193.27,127.43,133.1,260.53,260.53,588.0, sdumont6165,90384029.3
8200.0,17440,545,5750250.0,4886944.0,4886840.0,6078600.0,1013.76,4218.88,1208.32,4218.88,1.0,0,20.0,20.0,1n-2m-16th-Dc-lu-mz,sequana_cpu_dev,1,11435205.0,2,16,D,lu-mz,4,4,300,1632,1216,34,74187.17,78956.61,153143.78,136.62,145.41,282.03,282.03,543.0, sdumont6165,83463360.1
8166.0,17440,545,5750246.0,4888416.0,4885432.0,6074380.0,1024.0,4218.88,1208.32,4218.88,1.0,0,8.0,17.0,1n-2m-16th-Dc-lu-mz,sequana_cpu_dev,1,11435226.0,2,16,D,lu-mz,4,4,300,1632,1216,34,74132.31,78858.0,152990.31,136.52,145.23,281.75,281.75,543.0, sdumont6165,83379718.95
7958.0,17312,541,5750244.0,4886440.0,4884930.0,6078596.0,993.28,4218.88,1095.68,4218.88,1.0,0,21.0,26.0,1n-2m-16th-Dc-lu-mz,sequana_cpu_dev,1,11435229.0,2,16,D,lu-mz,4,4,300,1632,1216,34,70053.33,74698.7,144752.03,129.97,138.59,268.56,268.56,539.0, sdumont6165,78310848.23
8197.0,17376,543,5750250.0,4886376.0,4885230.0,6078604.0,1003.52,4218.88,1116.16,4218.88,1.0,0,19.0,20.0,1n-2m-16th-Dc-lu-mz,sequana_cpu_dev,1,11435236.0,2,16,D,lu-mz,4,4,300,1632,1216,34,69905.92,74729.03,144634.96,129.22,138.13,267.35,267.35,541.0, sdumont6165,78536783.28
8199.0,17536,548,5750248.0,4886764.0,4885654.0,6078608.0,1013.76,4218.88,1208.32,4218.88,1.0,0,22.0,26.0,1n-2m-16th-Dc-lu-mz,sequana_cpu_dev,1,11435238.0,2,16,D,lu-mz,4,4,300,1632,1216,34,73678.51,78492.65,152171.17,134.94,143.76,278.7,278.7,546.0, sdumont6165,83389801.16000001
8794.0,19008,528,5754378.0,4886824.0,4885392.0,6078520.0,1003.52,4218.88,1187.84,4218.88,1.0,0,377.0,391.0,1n-2m-18th-Dc-lu-mz,sequana_cpu_dev,1,11435241.0,2,18,D,lu-mz,4,4,300,1632,1216,34,74681.94,72112.39,146794.33,141.98,137.1,279.08,279.08,526.0, sdumont6083,77507406.24
8820.0,18972,527,5754388.0,4887896.0,4886380.0,6078536.0,993.28,4218.88,1095.68,4218.88,1.0,0,62.0,69.0,1n-2m-18th-Dc-lu-mz,sequana_cpu_dev,1,11435251.0,2,18,D,lu-mz,4,4,300,1632,1216,34,71137.86,73954.19,145092.06,135.5,140.87,276.37,276.37,525.0, sdumont6165,76463515.62
8627.0,19116,531,5754372.0,4886224.0,4885620.0,6082724.0,1013.76,4218.88,1198.08,4218.88,1.0,0,186.0,435.0,1n-2m-18th-Dc-lu-mz,sequana_cpu_dev,1,11435254.0,2,18,D,lu-mz,4,4,300,1632,1216,34,75735.61,73284.21,149019.81,143.17,138.53,281.7,281.7,529.0, sdumont6245,79129519.11
8688.0,18936,526,5754376.0,4887988.0,4886032.0,6082720.0,1003.52,4218.88,1187.84,4218.88,1.0,0,10.0,23.0,1n-2m-18th-Dc-lu-mz,sequana_cpu_dev,1,11435259.0,2,18,D,lu-mz,4,4,300,1632,1216,34,76086.41,74033.94,150120.35,144.93,141.02,285.94,285.94,525.0, sdumont6245,78963304.10000001
8818.0,18936,526,5754374.0,4886884.0,4885454.0,6082720.0,1003.52,4218.88,1187.84,4218.88,1.0,0,22.0,27.0,1n-2m-18th-Dc-lu-mz,sequana_cpu_dev,1,11435262.0,2,18,D,lu-mz,4,4,300,1632,1216,34,75958.63,73850.49,149809.12,144.68,140.67,285.35,285.35,525.0, sdumont6245,78799597.12
9739.0,20840,521,5758484.0,4887172.0,4885396.0,6082612.0,1013.76,4218.88,1198.08,4218.88,1.0,0,8.0,27.0,1n-2m-20th-Dc-lu-mz,sequana_cpu_dev,1,11435264.0,2,20,D,lu-mz,4,4,300,1632,1216,34,76333.09,76136.39,152469.48,146.79,146.42,293.21,293.21,520.0, sdumont6245,79436599.08
9880.0,20920,523,5758496.0,4887492.0,4885838.0,6086844.0,1003.52,4218.88,1187.84,4218.88,1.0,0,27.0,33.0,1n-2m-20th-Dc-lu-mz,sequana_cpu_dev,1,11435265.0,2,20,D,lu-mz,4,4,300,1632,1216,34,76289.29,76359.89,152649.19,146.43,146.56,292.99,292.99,521.0, sdumont6245,79835526.37
9860.0,20720,518,5758476.0,4886852.0,4885224.0,6082604.0,1003.52,4218.88,1095.68,4218.88,1.0,0,24.0,27.0,1n-2m-20th-Dc-lu-mz,sequana_cpu_dev,1,11435268.0,2,20,D,lu-mz,4,4,300,1632,1216,34,76448.92,76441.22,152890.14,147.87,147.86,295.73,295.73,517.0, sdumont6245,79197092.52000001
9697.0,21000,525,5758480.0,4887996.0,4886508.0,6086836.0,1013.76,4218.88,1198.08,4218.88,1.0,0,51.0,102.0,1n-2m-20th-Dc-lu-mz,sequana_cpu_dev,1,11435274.0,2,20,D,lu-mz,4,4,300,1632,1216,34,76390.33,75953.05,152343.39,146.06,145.23,291.29,291.29,523.0, sdumont6245,79980279.75
9627.0,20960,524,5758476.0,4886728.0,4885432.0,6086808.0,1013.76,4218.88,1198.08,4218.88,1.0,0,12.0,25.0,1n-2m-20th-Dc-lu-mz,sequana_cpu_dev,1,11435279.0,2,20,D,lu-mz,4,4,300,1632,1216,34,76256.59,75896.78,152153.37,146.09,145.4,291.48,291.48,522.0, sdumont6245,79728365.88
10516.0,22616,514,5762606.0,4887196.0,4885904.0,6090960.0,1013.76,4218.88,1198.08,4218.88,1.0,0,23.0,29.0,1n-2m-22th-Dc-lu-mz,sequana_cpu_dev,1,11435281.0,2,22,D,lu-mz,4,4,300,1632,1216,34,76453.1,74564.46,151017.56,149.03,145.35,294.38,294.38,513.0, sdumont6245,77623025.84
10548.0,22660,515,5762618.0,4887084.0,4885648.0,6086760.0,1003.52,4218.88,1187.84,4218.88,1.0,0,23.0,29.0,1n-2m-22th-Dc-lu-mz,sequana_cpu_dev,1,11435293.0,2,22,D,lu-mz,4,4,300,1632,1216,34,76412.65,74290.88,150703.53,148.66,144.53,293.2,293.2,514.0, sdumont6245,77612317.95
10231.0,22352,508,5762604.0,4886844.0,4886434.0,6090960.0,993.28,4218.88,1177.6,4218.88,1.0,0,26.0,31.0,1n-2m-22th-Dc-lu-mz,sequana_cpu_dev,1,11435295.0,2,22,D,lu-mz,4,4,300,1632,1216,34,71878.85,70531.59,142410.44,141.77,139.12,280.89,280.89,507.0, sdumont6245,72344503.52
10191.0,22308,507,5762608.0,4887612.0,4886160.0,6086736.0,993.28,4218.88,1167.36,4218.88,1.0,0,25.0,33.0,1n-2m-22th-Dc-lu-mz,sequana_cpu_dev,1,11435297.0,2,22,D,lu-mz,4,4,300,1632,1216,34,71929.58,70709.5,142639.08,142.15,139.74,281.9,281.9,506.0, sdumont6245,72318013.55999999
10187.0,22220,505,5762618.0,4888144.0,4886244.0,6086760.0,993.28,4218.88,1167.36,4218.88,1.0,0,23.0,28.0,1n-2m-22th-Dc-lu-mz,sequana_cpu_dev,1,11435301.0,2,22,D,lu-mz,4,4,300,1632,1216,34,71884.36,70811.99,142696.35,142.63,140.5,283.13,283.13,504.0, sdumont6245,72061656.75
10862.0,24144,503,5766720.0,4888944.0,4886748.0,6090848.0,1003.52,4218.88,1177.6,4218.88,1.0,0,13.0,28.0,1n-2m-24th-Dc-lu-mz,sequana_cpu_dev,1,11435305.0,2,24,D,lu-mz,4,4,300,1632,1216,34,71901.68,71850.29,143751.97,143.52,143.41,286.93,286.93,501.0, sdumont6245,72307240.91
10898.0,24144,503,5766730.0,4888500.0,4886556.0,6095072.0,1003.52,4218.88,1187.84,4218.88,3.0,0,13.0,26.0,1n-2m-24th-Dc-lu-mz,sequana_cpu_dev,1,11435309.0,2,24,D,lu-mz,4,4,300,1632,1216,34,71910.53,71894.91,143805.44,143.25,143.22,286.47,286.47,502.0, sdumont6245,72334136.32000001
10883.0,24144,503,5766728.0,4888232.0,4886038.0,6095072.0,1003.52,4218.88,1177.6,4218.88,1.0,0,12.0,41.0,1n-2m-24th-Dc-lu-mz,sequana_cpu_dev,1,11435311.0,2,24,D,lu-mz,4,4,300,1632,1216,34,71946.68,71910.79,143857.47,143.32,143.25,286.57,286.57,502.0, sdumont6245,72360307.41
11432.0,24576,512,5766718.0,4888252.0,4886074.0,6095072.0,1003.52,4218.88,1177.6,4218.88,1.0,0,73.0,83.0,1n-2m-24th-Dc-lu-mz,sequana_cpu_dev,1,11435313.0,2,24,D,lu-mz,4,4,300,1632,1216,34,71936.33,71575.33,143511.66,140.78,140.07,280.84,280.84,511.0, sdumont6245,73477969.92
11120.0,24240,505,5766730.0,4887540.0,4886244.0,6095076.0,983.04,4218.88,1085.44,4218.88,1.0,0,26.0,33.0,1n-2m-24th-Dc-lu-mz,sequana_cpu_dev,1,11435316.0,2,24,D,lu-mz,4,4,300,1632,1216,34,71932.21,71828.81,143761.02,142.72,142.52,285.24,285.24,504.0, sdumont6245,72599315.1
5636.0,11556,963,5937024.0,4898400.0,4892838.0,6037244.0,1331.2,4208.64,1331.2,4208.64,1.0,0,378.0,379.0,2n-1m-6th-Dc-lu-mz,sequana_cpu_dev,2,11435561.0,1,6,D,lu-mz,4,4,300,1632,1216,34,194209.35,74388.36,268597.72,201.88,77.33,279.21,139.6,962.0, sdumont6246,258659604.35999998
5472.0,11520,960,5937026.0,4896856.0,4892174.0,6037216.0,1310.72,4208.64,1310.72,4208.64,1.0,0,16.0,31.0,2n-1m-6th-Dc-lu-mz,sequana_cpu_dev,2,11435562.0,1,6,D,lu-mz,4,4,300,1632,1216,34,194600.2,74611.45,269211.65,202.92,77.8,280.72,140.36,959.0, sdumont6246,258443184.00000003
5648.0,11556,963,5937022.0,4895800.0,4891164.0,6049532.0,1331.2,4208.64,1331.2,4208.64,1.0,0,22.0,43.0,2n-1m-6th-Dc-lu-mz,sequana_cpu_dev,2,11435567.0,1,6,D,lu-mz,4,4,300,1632,1216,34,194638.47,74776.87,269415.34,202.54,77.81,280.35,140.17,961.0, sdumont6246,259446972.42000002
5641.0,11544,962,5937020.0,4895752.0,4890990.0,6049504.0,1331.2,4208.64,1331.2,4208.64,1.0,0,42.0,49.0,2n-1m-6th-Dc-lu-mz,sequana_cpu_dev,2,11435572.0,1,6,D,lu-mz,4,4,300,1632,1216,34,194751.62,74862.63,269614.25,202.66,77.9,280.56,140.28,961.0, sdumont6245,259368908.5
5633.0,11556,963,5937012.0,4894924.0,4890976.0,6037216.0,1331.2,4208.64,1331.2,4208.64,1.0,0,409.0,414.0,2n-1m-6th-Dc-lu-mz,sequana_cpu_dev,2,11435575.0,1,6,D,lu-mz,4,4,300,1632,1216,34,177993.76,75216.13,253209.88,185.02,78.19,263.21,131.61,962.0, sdumont6165,243841114.44
5814.0,12336,771,5941132.0,4896416.0,4891454.0,6041348.0,1218.56,4208.64,1218.56,4208.64,1.0,0,202.0,403.0,2n-1m-8th-Dc-lu-mz,sequana_cpu_dev,2,11435576.0,1,8,D,lu-mz,4,4,300,1632,1216,34,179298.65,60215.53,239514.18,233.16,78.3,311.46,155.73,769.0, sdumont6245,184665432.78
5830.0,12256,766,5941132.0,4897440.0,4891690.0,6041344.0,1218.56,4208.64,1218.56,4208.64,1.0,0,2.0,3.0,2n-1m-8th-Dc-lu-mz,sequana_cpu_dev,2,11435577.0,1,8,D,lu-mz,4,4,300,1632,1216,34,179550.85,60104.79,239655.64,234.71,78.57,313.28,156.64,765.0, sdumont6245,183576220.24
5827.0,12256,766,5941136.0,4897964.0,4892030.0,6053624.0,1218.56,4208.64,1218.56,4208.64,1.0,0,2.0,3.0,2n-1m-8th-Dc-lu-mz,sequana_cpu_dev,2,11435580.0,1,8,D,lu-mz,4,4,300,1632,1216,34,179790.72,60172.5,239963.22,235.33,78.76,314.09,157.04,764.0, sdumont6245,183811826.52
5815.0,12304,769,5941130.0,4897092.0,4891988.0,6041344.0,1218.56,4208.64,1218.56,4208.64,1.0,0,43.0,82.0,2n-1m-8th-Dc-lu-mz,sequana_cpu_dev,2,11435582.0,1,8,D,lu-mz,4,4,300,1632,1216,34,179295.24,60153.02,239448.26,233.46,78.32,311.78,155.89,768.0, sdumont6246,184135711.94
5812.0,12320,770,5941132.0,4896284.0,4891056.0,6041324.0,1218.56,4208.64,1218.56,4208.64,1.0,0,9.0,16.0,2n-1m-8th-Dc-lu-mz,sequana_cpu_dev,2,11435583.0,1,8,D,lu-mz,4,4,300,1632,1216,34,178611.34,59868.3,238479.64,232.26,77.85,310.12,155.06,769.0, sdumont6245,183629322.8
6394.0,13600,680,5945248.0,4898216.0,4892698.0,6045440.0,1167.36,4208.64,1167.36,4208.64,1.0,0,3.0,3.0,2n-1m-10th-Dc-lu-mz,sequana_cpu_dev,2,11435585.0,1,10,D,lu-mz,4,4,300,1632,1216,34,174093.81,52743.54,226837.35,257.54,78.02,335.56,167.78,676.0, sdumont6246,154249398.0
6381.0,13560,678,5945244.0,4896588.0,4892040.0,6057732.0,1167.36,4208.64,1167.36,4208.64,2.0,0,4.0,4.0,2n-1m-10th-Dc-lu-mz,sequana_cpu_dev,2,11435592.0,1,10,D,lu-mz,4,4,300,1632,1216,34,173934.12,52959.79,226893.91,257.3,78.34,335.64,167.82,676.0, sdumont6245,153834070.98
6387.0,13540,677,5945244.0,4899156.0,4892630.0,6057728.0,1167.36,4208.64,1167.36,4208.64,1.0,0,29.0,55.0,2n-1m-10th-Dc-lu-mz,sequana_cpu_dev,2,11435600.0,1,10,D,lu-mz,4,4,300,1632,1216,34,174721.71,53131.57,227853.28,258.66,78.65,337.31,168.65,675.5, sdumont6245,154256670.56
6393.0,13540,677,5945248.0,4899244.0,4893548.0,6057732.0,1167.36,4208.64,1167.36,4208.64,1.0,0,6.0,9.0,2n-1m-10th-Dc-lu-mz,sequana_cpu_dev,2,11435605.0,1,10,D,lu-mz,4,4,300,1632,1216,34,174340.93,52928.71,227269.64,258.67,78.53,337.2,168.6,674.0, sdumont6246,153861546.28
6386.0,13560,678,5945232.0,4897260.0,4892198.0,6057724.0,1167.36,4208.64,1167.36,4208.64,1.0,0,21.0,38.0,2n-1m-10th-Dc-lu-mz,sequana_cpu_dev,2,11435609.0,1,10,D,lu-mz,4,4,300,1632,1216,34,173864.71,52837.07,226701.77,257.58,78.28,335.85,167.93,675.0, sdumont6246,153703800.06
6947.0,14856,619,5949352.0,4897512.0,4892004.0,6049568.0,1136.64,4208.64,1136.64,4208.64,1.0,0,10.0,12.0,2n-1m-12th-Dc-lu-mz,sequana_cpu_dev,2,11435627.0,1,12,D,lu-mz,4,4,300,1632,1216,34,164364.91,48056.9,212421.81,266.39,77.89,344.28,172.14,617.0, sdumont6246,131489100.39
6967.0,14808,617,5949366.0,4896208.0,4891826.0,6061864.0,1136.64,4208.64,1136.64,4208.64,1.0,0,8.0,10.0,2n-1m-12th-Dc-lu-mz,sequana_cpu_dev,2,11435633.0,1,12,D,lu-mz,4,4,300,1632,1216,34,164545.91,48012.58,212558.49,267.34,78.01,345.35,172.67,615.5, sdumont6245,131148588.33
6919.0,14928,622,5949350.0,4897604.0,4892302.0,6049540.0,1136.64,4208.64,1136.64,4208.64,1.0,0,37.0,60.0,2n-1m-12th-Dc-lu-mz,sequana_cpu_dev,2,11435636.0,1,12,D,lu-mz,4,4,300,1632,1216,34,163668.82,48013.56,211682.39,263.98,77.44,341.42,170.71,620.0, sdumont6245,131666446.58000001
6954.0,14808,617,5949352.0,4897484.0,4892552.0,6049540.0,1136.64,4208.64,1136.64,4208.64,2.0,0,7.0,9.0,2n-1m-12th-Dc-lu-mz,sequana_cpu_dev,2,11435637.0,1,12,D,lu-mz,4,4,300,1632,1216,34,164239.54,47951.51,212191.06,267.06,77.97,345.03,172.51,615.0, sdumont6245,130921884.02
6963.0,14808,617,5949348.0,4896200.0,4891448.0,6049540.0,1136.64,4208.64,1136.64,4208.64,1.0,0,11.0,13.0,2n-1m-12th-Dc-lu-mz,sequana_cpu_dev,2,11435638.0,1,12,D,lu-mz,4,4,300,1632,1216,34,164409.14,47931.04,212340.19,267.33,77.94,345.27,172.63,615.0, sdumont6246,131013897.23
7575.0,16464,588,5953464.0,4898060.0,4893146.0,6065952.0,1116.16,4208.64,1116.16,4208.64,1.0,0,15.0,16.0,2n-1m-14th-Dc-lu-mz,sequana_cpu_dev,2,11435639.0,1,14,D,lu-mz,4,4,300,1632,1216,34,160834.28,45796.08,206630.36,274.46,78.15,352.61,176.31,586.0, sdumont6246,121498651.67999999
7581.0,16408,586,5953456.0,4896360.0,4891210.0,6053660.0,1116.16,4208.64,1116.16,4208.64,1.0,0,31.0,50.0,2n-1m-14th-Dc-lu-mz,sequana_cpu_dev,2,11435645.0,1,14,D,lu-mz,4,4,300,1632,1216,34,161500.85,45951.49,207452.34,276.31,78.61,354.92,177.46,584.5, sdumont6245,121567071.24
7606.0,16324,583,5953466.0,4897132.0,4892482.0,6065952.0,1116.16,4208.64,1116.16,4208.64,1.0,0,12.0,13.0,2n-1m-14th-Dc-lu-mz,sequana_cpu_dev,2,11435648.0,1,14,D,lu-mz,4,4,300,1632,1216,34,161717.96,45783.31,207501.28,278.34,78.8,357.15,178.57,581.0, sdumont6246,120973246.24
7595.0,16408,586,5953464.0,4897248.0,4891658.0,6065952.0,1116.16,4208.64,1116.16,4208.64,1.0,0,11.0,12.0,2n-1m-14th-Dc-lu-mz,sequana_cpu_dev,2,11435652.0,1,14,D,lu-mz,4,4,300,1632,1216,34,161630.55,45891.07,207521.62,276.76,78.58,355.35,177.67,584.0, sdumont6246,121607669.32
7575.0,16436,587,5953462.0,4897932.0,4892410.0,6053656.0,1116.16,4208.64,1116.16,4208.64,1.0,0,9.0,12.0,2n-1m-14th-Dc-lu-mz,sequana_cpu_dev,2,11435653.0,1,14,D,lu-mz,4,4,300,1632,1216,34,161286.9,45827.24,207114.14,275.7,78.34,354.04,177.02,585.0, sdumont6246,121576000.18
8199.0,17440,545,5957578.0,4896684.0,4892350.0,6057772.0,1105.92,4208.64,1105.92,4208.64,1.0,0,18.0,20.0,2n-1m-16th-Dc-lu-mz,sequana_cpu_dev,2,11435654.0,1,16,D,lu-mz,4,4,300,1632,1216,34,157884.39,43591.72,201476.11,290.76,80.28,371.04,185.52,543.0, sdumont6245,109804479.94999999
8204.0,17376,543,5957580.0,4897152.0,4891918.0,6070068.0,1105.92,4208.64,1105.92,4208.64,1.0,0,19.0,19.0,2n-1m-16th-Dc-lu-mz,sequana_cpu_dev,2,11435655.0,1,16,D,lu-mz,4,4,300,1632,1216,34,157717.97,43451.13,201169.1,291.53,80.32,371.85,185.92,541.0, sdumont6245,109234821.3
8204.0,17376,543,5957572.0,4896828.0,4892554.0,6057764.0,1105.92,4208.64,1105.92,4208.64,1.0,0,61.0,96.0,2n-1m-16th-Dc-lu-mz,sequana_cpu_dev,2,11435657.0,1,16,D,lu-mz,4,4,300,1632,1216,34,157729.42,43382.47,201111.89,291.55,80.19,371.74,185.87,541.0, sdumont6246,109203756.27000001
8167.0,17408,544,5957574.0,4897584.0,4891778.0,6070056.0,1105.92,4208.64,1105.92,4208.64,1.0,0,55.0,82.0,2n-1m-16th-Dc-lu-mz,sequana_cpu_dev,2,11435663.0,1,16,D,lu-mz,4,4,300,1632,1216,34,157673.57,43247.4,200920.97,290.91,79.79,370.7,185.35,542.0, sdumont6245,109301007.68
8223.0,17376,543,5957560.0,4899124.0,4893368.0,6057764.0,1105.92,4208.64,1105.92,4208.64,1.0,0,18.0,18.0,2n-1m-16th-Dc-lu-mz,sequana_cpu_dev,2,11435666.0,1,16,D,lu-mz,4,4,300,1632,1216,34,158150.54,43369.27,201519.81,292.33,80.17,372.5,186.25,541.0, sdumont6246,109425256.83
8651.0,19080,530,5961688.0,4897728.0,4892664.0,6061904.0,1085.44,4208.64,1085.44,4208.64,1.0,0,409.0,411.0,2n-1m-18th-Dc-lu-mz,sequana_cpu_dev,2,11435669.0,1,18,D,lu-mz,4,4,300,1632,1216,34,146766.49,42354.03,189120.53,277.71,80.15,357.86,178.93,528.5, sdumont6167,100233880.9
8682.0,19008,528,5961686.0,4897924.0,4893150.0,6074168.0,1085.44,4208.64,1085.44,4208.64,1.0,0,20.0,23.0,2n-1m-18th-Dc-lu-mz,sequana_cpu_dev,2,11435671.0,1,18,D,lu-mz,4,4,300,1632,1216,34,147700.15,42615.5,190315.65,280.8,81.02,361.82,180.91,526.0, sdumont6166,100486663.2
8626.0,19116,531,5961688.0,4897732.0,4891986.0,6074176.0,1085.44,4208.64,1085.44,4208.64,191.0,0,217.0,415.0,2n-1m-18th-Dc-lu-mz,sequana_cpu_dev,2,11435674.0,1,18,D,lu-mz,4,4,300,1632,1216,34,141835.55,41211.33,183046.88,267.61,77.76,345.37,172.69,530.0, sdumont6165,97197893.28
8681.0,19008,528,5961676.0,4897308.0,4892218.0,6074172.0,1085.44,4208.64,1085.44,4208.64,1.0,0,16.0,17.0,2n-1m-18th-Dc-lu-mz,sequana_cpu_dev,2,11435678.0,1,18,D,lu-mz,4,4,300,1632,1216,34,152003.35,41047.65,193051.0,289.25,78.12,367.37,183.69,525.5, sdumont6245,101930928.0
8670.0,19008,528,5961674.0,4896696.0,4892752.0,6074172.0,1085.44,4208.64,1085.44,4208.64,1.0,0,27.0,29.0,2n-1m-18th-Dc-lu-mz,sequana_cpu_dev,2,11435690.0,1,18,D,lu-mz,4,4,300,1632,1216,34,152234.03,41008.55,193242.58,289.42,77.96,367.38,183.69,526.0, sdumont6246,102032082.24
9790.0,21080,527,5965796.0,4897976.0,4893096.0,6078304.0,1085.44,4208.64,1085.44,4208.64,1.0,0,27.0,33.0,2n-1m-20th-Dc-lu-mz,sequana_cpu_dev,2,11435692.0,1,20,D,lu-mz,4,4,300,1632,1216,34,152562.53,40931.05,193493.58,290.04,77.82,367.86,183.93,526.0, sdumont6245,101971116.66
9638.0,21120,528,5965798.0,4897640.0,4892360.0,6078284.0,1085.44,4208.64,1085.44,4208.64,4.0,0,79.0,136.0,2n-1m-20th-Dc-lu-mz,sequana_cpu_dev,2,11435694.0,1,20,D,lu-mz,4,4,300,1632,1216,34,151803.7,40992.88,192796.58,288.05,77.79,365.84,182.92,527.0, sdumont6246,101796594.24
9704.0,21000,525,5965798.0,4899804.0,4894074.0,6078280.0,1085.44,4208.64,1085.44,4208.64,1.0,0,63.0,98.0,2n-1m-20th-Dc-lu-mz,sequana_cpu_dev,2,11435695.0,1,20,D,lu-mz,4,4,300,1632,1216,34,152594.52,41001.25,193595.77,291.21,78.25,369.46,184.73,524.0, sdumont6245,101637779.25
9808.0,20840,521,5965794.0,4897544.0,4892882.0,6065988.0,1085.44,4208.64,1085.44,4208.64,1.0,0,28.0,32.0,2n-1m-20th-Dc-lu-mz,sequana_cpu_dev,2,11435696.0,1,20,D,lu-mz,4,4,300,1632,1216,34,152562.5,40856.93,193419.43,293.39,78.57,371.96,185.98,520.0, sdumont6246,100771523.03
9776.0,20880,522,5965782.0,4897736.0,4892596.0,6065984.0,1085.44,4208.64,1085.44,4208.64,1.0,0,18.0,19.0,2n-1m-20th-Dc-lu-mz,sequana_cpu_dev,2,11435697.0,1,20,D,lu-mz,4,4,300,1632,1216,34,152406.66,40941.97,193348.62,292.53,78.58,371.11,185.56,521.0, sdumont6246,100927979.64
9950.0,22396,509,5969976.0,4897600.0,4892962.0,6082468.0,1075.2,4208.64,1075.2,4208.64,1.0,0,21.0,22.0,2n-1m-22th-Dc-lu-mz,sequana_cpu_dev,2,11435699.0,1,22,D,lu-mz,4,4,300,1632,1216,34,143803.41,38005.49,181808.9,283.08,74.81,357.89,178.95,508.0, sdumont6245,92540730.1
9962.0,22484,511,5969976.0,4898004.0,4892452.0,6082464.0,1064.96,4208.64,1064.96,4208.64,1.0,0,63.0,106.0,2n-1m-22th-Dc-lu-mz,sequana_cpu_dev,2,11435704.0,1,22,D,lu-mz,4,4,300,1632,1216,34,143824.36,38081.25,181905.6,282.01,74.67,356.68,178.34,510.0, sdumont6245,92953761.60000001
10011.0,22264,506,5969976.0,4897368.0,4892324.0,6070172.0,1075.2,4208.64,1075.2,4208.64,1.0,0,20.0,20.0,2n-1m-22th-Dc-lu-mz,sequana_cpu_dev,2,11435709.0,1,22,D,lu-mz,4,4,300,1632,1216,34,143868.69,37866.76,181735.45,284.89,74.98,359.87,179.94,505.0, sdumont6246,91958137.7
9934.0,22396,509,5969978.0,4898348.0,4893108.0,6082464.0,1064.96,4208.64,1064.96,4208.64,1.0,0,29.0,42.0,2n-1m-22th-Dc-lu-mz,sequana_cpu_dev,2,11435711.0,1,22,D,lu-mz,4,4,300,1632,1216,34,143839.82,38151.73,181991.55,283.15,75.1,358.25,179.13,508.0, sdumont6245,92633698.94999999
9992.0,22264,506,5969966.0,4897080.0,4892358.0,6082464.0,1064.96,4208.64,1064.96,4208.64,1.0,0,32.0,33.0,2n-1m-22th-Dc-lu-mz,sequana_cpu_dev,2,11435713.0,1,22,D,lu-mz,4,4,300,1632,1216,34,143805.61,37923.51,181729.12,284.76,75.1,359.86,179.93,505.0, sdumont6245,91954934.72
10837.0,24432,509,5974020.0,4897292.0,4892388.0,6086504.0,1064.96,4208.64,1075.2,4208.64,1.0,0,32.0,39.0,2n-1m-24th-Dc-lu-mz,sequana_cpu_dev,2,11435716.0,1,24,D,lu-mz,4,4,300,1632,1216,34,143683.14,38483.36,182166.5,282.84,75.75,358.6,179.3,508.0, sdumont6246,92722748.5
10838.0,24336,507,5974022.0,4898584.0,4893766.0,6074216.0,1075.2,4208.64,1075.2,4208.64,1.0,0,26.0,32.0,2n-1m-24th-Dc-lu-mz,sequana_cpu_dev,2,11435717.0,1,24,D,lu-mz,4,4,300,1632,1216,34,143937.53,38325.13,182262.66,285.02,75.89,360.92,180.46,505.0, sdumont6245,92407168.62
10857.0,24384,508,5974020.0,4897304.0,4892624.0,6086504.0,1064.96,4208.64,1075.2,4208.64,1.0,0,23.0,26.0,2n-1m-24th-Dc-lu-mz,sequana_cpu_dev,2,11435721.0,1,24,D,lu-mz,4,4,300,1632,1216,34,143904.55,38469.18,182373.72,283.84,75.88,359.71,179.86,507.0, sdumont6245,92645849.76
10818.0,24336,507,5974012.0,4899264.0,4894046.0,6074220.0,1064.96,4208.64,1064.96,4208.64,1.0,0,80.0,127.0,2n-1m-24th-Dc-lu-mz,sequana_cpu_dev,2,11435723.0,1,24,D,lu-mz,4,4,300,1632,1216,34,143914.99,38094.18,182009.17,284.42,75.28,359.7,179.85,506.0, sdumont6246,92278649.19000001
10859.0,24192,504,5974012.0,4898280.0,4892906.0,6074212.0,1075.2,4208.64,1075.2,4208.64,1.0,0,20.0,25.0,2n-1m-24th-Dc-lu-mz,sequana_cpu_dev,2,11435724.0,1,24,D,lu-mz,4,4,300,1632,1216,34,143748.45,38190.02,181938.47,285.78,75.92,361.71,180.85,503.0, sdumont6246,91696988.88
10872.0,24284,467,5978134.0,4897876.0,4894126.0,6078328.0,1054.72,4208.64,1054.72,4208.64,1.0,0,428.0,431.0,2n-1m-26th-Dc-lu-mz,sequana_cpu_dev,2,11435725.0,1,26,D,lu-mz,4,4,300,1632,1216,34,131484.6,54870.54,186355.14,282.76,118.0,400.76,200.38,465.0, sdumont6166,87027850.38000001
10890.0,24440,470,5978136.0,4898524.0,4893112.0,6078352.0,1054.72,4208.64,1054.72,4208.64,1.0,0,31.0,34.0,2n-1m-26th-Dc-lu-mz,sequana_cpu_dev,2,11435727.0,1,26,D,lu-mz,4,4,300,1632,1216,34,131608.58,54796.7,186405.28,280.92,116.96,397.88,198.94,468.5, sdumont6166,87610481.6
10949.0,24336,468,5978136.0,4897504.0,4892550.0,6090644.0,1054.72,4208.64,1054.72,4208.64,1.0,0,25.0,31.0,2n-1m-26th-Dc-lu-mz,sequana_cpu_dev,2,11435728.0,1,26,D,lu-mz,4,4,300,1632,1216,34,131971.24,54933.08,186904.32,282.9,117.76,400.65,200.33,466.5, sdumont6165,87471221.76
10963.0,24024,462,5978134.0,4900244.0,4893832.0,6090640.0,1054.72,4208.64,1054.72,4208.64,1.0,0,16.0,25.0,2n-1m-26th-Dc-lu-mz,sequana_cpu_dev,2,11435729.0,1,26,D,lu-mz,4,4,300,1632,1216,34,132663.27,55413.11,188076.39,288.71,120.6,409.31,204.65,459.5, sdumont6165,86891292.18
10969.0,24128,464,5978136.0,4900436.0,4893886.0,6090640.0,1054.72,4208.64,1054.72,4208.64,1.0,0,25.0,28.0,2n-1m-26th-Dc-lu-mz,sequana_cpu_dev,2,11435732.0,1,26,D,lu-mz,4,4,300,1632,1216,34,132541.41,55346.33,187887.74,287.2,119.93,407.13,203.56,461.5, sdumont6166,87179911.36
10945.0,24080,430,5982242.0,4897580.0,4894324.0,6082436.0,1034.24,4208.64,1044.48,4208.64,1.0,0,33.0,41.0,2n-1m-28th-Dc-lu-mz,sequana_cpu_dev,2,11435737.0,1,28,D,lu-mz,4,4,300,1632,1216,34,123255.66,62399.88,185655.54,287.31,145.45,432.76,216.38,429.0, sdumont6166,79831882.2
11003.0,24136,431,5982240.0,4897500.0,4893098.0,6094744.0,1034.24,4208.64,1034.24,4208.64,1.0,0,25.0,26.0,2n-1m-28th-Dc-lu-mz,sequana_cpu_dev,2,11435739.0,1,28,D,lu-mz,4,4,300,1632,1216,34,123365.28,62125.45,185490.73,288.24,145.15,433.39,216.69,428.0, sdumont6166,79946504.63000001
10936.0,23968,428,5982244.0,4898280.0,4892904.0,6094724.0,1034.24,4208.64,1034.24,4208.64,1.0,0,68.0,108.0,2n-1m-28th-Dc-lu-mz,sequana_cpu_dev,2,11435740.0,1,28,D,lu-mz,4,4,300,1632,1216,34,123461.25,62354.85,185816.1,289.14,146.03,435.17,217.58,427.0, sdumont6166,79529290.8
10841.0,24360,435,5982238.0,4899736.0,4893572.0,6082452.0,1034.24,4208.64,1034.24,4208.64,1.0,0,34.0,37.0,2n-1m-28th-Dc-lu-mz,sequana_cpu_dev,2,11435741.0,1,28,D,lu-mz,4,4,300,1632,1216,34,122445.45,61965.02,184410.47,282.78,143.11,425.89,212.95,433.0, sdumont6165,80218554.45
10995.0,23968,428,5982240.0,4898940.0,4893054.0,6094724.0,1034.24,4208.64,1034.24,4208.64,3.0,0,96.0,150.0,2n-1m-28th-Dc-lu-mz,sequana_cpu_dev,2,11435758.0,1,28,D,lu-mz,4,4,300,1632,1216,34,123826.28,62191.47,186017.75,290.67,145.99,436.66,218.33,426.0, sdumont6165,79615597.0
11002.0,24540,409,5986354.0,4900396.0,4893948.0,6098840.0,1024.0,4208.64,1024.0,4208.64,1.0,0,31.0,33.0,2n-1m-30th-Dc-lu-mz,sequana_cpu_dev,2,11435759.0,1,30,D,lu-mz,4,4,300,1632,1216,34,114292.91,67312.73,181605.64,280.82,165.39,446.21,223.1,407.0, sdumont6165,74276706.76
11014.0,24360,406,5986356.0,4899032.0,4893752.0,6086552.0,1024.0,4208.64,1024.0,4208.64,1.0,0,27.0,35.0,2n-1m-30th-Dc-lu-mz,sequana_cpu_dev,2,11435761.0,1,30,D,lu-mz,4,4,300,1632,1216,34,114516.06,67887.14,182403.2,283.46,168.04,451.49,225.75,404.0, sdumont6166,74055699.2
11015.0,24360,406,5986350.0,4897828.0,4892638.0,6098836.0,1024.0,4208.64,1024.0,4208.64,1.0,0,29.0,39.0,2n-1m-30th-Dc-lu-mz,sequana_cpu_dev,2,11435763.0,1,30,D,lu-mz,4,4,300,1632,1216,34,114446.36,67656.44,182102.8,283.28,167.47,450.75,225.37,404.0, sdumont6166,73933736.8
10758.0,25140,419,5986344.0,4898740.0,4893624.0,6086548.0,1024.0,4208.64,1024.0,4208.64,1.0,0,437.0,444.0,2n-1m-30th-Dc-lu-mz,sequana_cpu_dev,2,11435766.0,1,30,D,lu-mz,4,4,300,1632,1216,34,112760.88,71793.72,184554.61,270.41,172.17,442.58,221.29,417.0, sdumont6167,77328381.58999999
10927.0,24840,414,5986354.0,4897672.0,4892568.0,6098836.0,1024.0,4208.64,1024.0,4208.64,1.0,0,29.0,33.0,2n-1m-30th-Dc-lu-mz,sequana_cpu_dev,2,11435768.0,1,30,D,lu-mz,4,4,300,1632,1216,34,113820.54,72111.65,185932.19,276.26,175.03,451.29,225.65,412.0, sdumont6167,76975926.66
10853.0,23872,373,5990468.0,4898852.0,4893522.0,6090664.0,1003.52,4208.64,1003.52,4208.64,1.0,0,72.0,120.0,2n-1m-32th-Dc-lu-mz,sequana_cpu_dev,2,11435769.0,1,32,D,lu-mz,4,4,300,1632,1216,34,106526.81,72127.35,178654.15,287.13,194.41,481.55,240.77,371.0, sdumont6165,66637997.949999996
10975.0,23360,365,5990462.0,4897860.0,4893248.0,6102948.0,1003.52,4208.64,1003.52,4208.64,0.0,0,51.0,52.0,2n-1m-32th-Dc-lu-mz,sequana_cpu_dev,2,11435770.0,1,32,D,lu-mz,4,4,300,1632,1216,34,107522.8,72777.36,180300.16,296.21,200.49,496.69,248.35,363.0, sdumont6166,65809558.4
10962.0,23296,364,5990466.0,4898032.0,4893368.0,6090660.0,1003.52,4208.64,1003.52,4208.64,1.0,0,52.0,60.0,2n-1m-32th-Dc-lu-mz,sequana_cpu_dev,2,11435771.0,1,32,D,lu-mz,4,4,300,1632,1216,34,107593.18,72849.71,180442.88,297.22,201.24,498.46,249.23,362.0, sdumont6165,65681208.32
10971.0,23424,366,5990464.0,4898964.0,4894478.0,6090656.0,1003.52,4208.64,1003.52,4208.64,1.0,0,58.0,73.0,2n-1m-32th-Dc-lu-mz,sequana_cpu_dev,2,11435772.0,1,32,D,lu-mz,4,4,300,1632,1216,34,107557.63,72554.77,180112.4,295.49,199.33,494.81,247.41,364.0, sdumont6165,65921138.4
10989.0,23296,364,5990466.0,4898024.0,4892876.0,6090656.0,1003.52,4208.64,1003.52,4208.64,1.0,0,52.0,57.0,2n-1m-32th-Dc-lu-mz,sequana_cpu_dev,2,11435773.0,1,32,D,lu-mz,4,4,300,1632,1216,34,107637.82,72941.07,180578.9,297.75,201.77,499.53,249.76,361.5, sdumont6166,65730719.6
10580.0,22916,337,5994582.0,4899948.0,4894346.0,6107068.0,993.28,4208.64,993.28,4208.64,1.0,0,128.0,211.0,2n-1m-34th-Dc-lu-mz,sequana_cpu_dev,2,11435774.0,1,34,D,lu-mz,4,4,300,1632,1216,34,98315.91,75784.42,174100.33,293.48,226.22,519.7,259.85,335.0, sdumont6166,58671811.20999999
10533.0,22848,336,5994578.0,4898296.0,4892812.0,6107064.0,993.28,4208.64,993.28,4208.64,1.0,0,68.0,79.0,2n-1m-34th-Dc-lu-mz,sequana_cpu_dev,2,11435775.0,1,34,D,lu-mz,4,4,300,1632,1216,34,98326.85,75677.14,174003.99,293.51,225.9,519.41,259.71,335.0, sdumont6165,58465340.64
10538.0,22916,337,5994582.0,4900380.0,4894870.0,6094780.0,993.28,4208.64,993.28,4208.64,1.0,0,65.0,67.0,2n-1m-34th-Dc-lu-mz,sequana_cpu_dev,2,11435776.0,1,34,D,lu-mz,4,4,300,1632,1216,34,98112.76,75863.2,173975.95,292.87,226.46,519.33,259.67,335.0, sdumont6166,58629895.150000006
10453.0,24004,353,5994580.0,4897968.0,4893220.0,6094776.0,993.28,4208.64,993.28,4208.64,1.0,0,46.0,53.0,2n-1m-34th-Dc-lu-mz,sequana_cpu_dev,2,11435777.0,1,34,D,lu-mz,4,4,300,1632,1216,34,96585.4,74335.79,170921.19,275.17,211.78,486.95,243.48,351.0, sdumont6165,60335180.07
10521.0,23052,339,5994582.0,4898272.0,4893706.0,6107068.0,993.28,4208.64,993.28,4208.64,1.0,0,45.0,49.0,2n-1m-34th-Dc-lu-mz,sequana_cpu_dev,2,11435778.0,1,34,D,lu-mz,4,4,300,1632,1216,34,97910.58,75322.81,173233.39,290.54,223.51,514.05,257.02,337.0, sdumont6165,58726119.21000001
10223.0,23328,324,5998686.0,4899292.0,4895106.0,6098876.0,972.8,4208.64,972.8,4208.64,1.0,0,72.0,79.0,2n-1m-36th-Dc-lu-mz,sequana_cpu_dev,2,11435779.0,1,36,D,lu-mz,4,4,300,1632,1216,34,89515.44,73135.17,162650.61,278.0,227.13,505.13,252.56,322.0, sdumont6165,52698797.63999999
10241.0,23616,328,5998684.0,4898400.0,4893374.0,6111168.0,972.8,4208.64,972.8,4208.64,1.0,0,213.0,216.0,2n-1m-36th-Dc-lu-mz,sequana_cpu_dev,2,11435780.0,1,36,D,lu-mz,4,4,300,1632,1216,34,89382.9,72935.75,162318.65,274.18,223.73,497.91,248.95,326.0, sdumont6165,53240517.199999996
10226.0,23400,325,5998686.0,4899660.0,4894080.0,6111172.0,972.8,4208.64,972.8,4208.64,1.0,0,77.0,85.0,2n-1m-36th-Dc-lu-mz,sequana_cpu_dev,2,11435781.0,1,36,D,lu-mz,4,4,300,1632,1216,34,89429.09,73051.35,162480.44,276.02,225.47,501.48,250.74,324.0, sdumont6165,52806143.0
10253.0,23688,329,5998684.0,4900760.0,4894404.0,6098876.0,972.8,4208.64,972.8,4208.64,1.0,0,53.0,55.0,2n-1m-36th-Dc-lu-mz,sequana_cpu_dev,2,11435782.0,1,36,D,lu-mz,4,4,300,1632,1216,34,89458.05,72549.28,162007.33,273.57,221.86,495.44,247.72,327.0, sdumont6166,53300411.56999999
10225.0,23472,326,5998688.0,4897328.0,4893394.0,6098880.0,972.8,4208.64,972.8,4208.64,1.0,0,51.0,52.0,2n-1m-36th-Dc-lu-mz,sequana_cpu_dev,2,11435783.0,1,36,D,lu-mz,4,4,300,1632,1216,34,89479.28,73147.36,162626.64,276.17,225.76,501.93,250.97,324.0, sdumont6166,53016284.64000001
10622.0,23028,303,6002816.0,4899352.0,4893708.0,6115312.0,972.8,4208.64,972.8,4208.64,1.0,0,75.0,78.0,2n-1m-38th-Dc-lu-mz,sequana_cpu_dev,2,11435784.0,1,38,D,lu-mz,4,4,300,1632,1216,34,88327.91,77172.04,165499.96,293.45,256.39,549.83,274.92,301.0, sdumont6166,50146487.879999995
10520.0,23332,307,6002818.0,4898460.0,4893408.0,6115316.0,972.8,4208.64,972.8,4208.64,1.0,0,59.0,67.0,2n-1m-38th-Dc-lu-mz,sequana_cpu_dev,2,11435785.0,1,38,D,lu-mz,4,4,300,1632,1216,34,87670.2,76697.95,164368.15,287.44,251.47,538.91,269.46,305.0, sdumont6165,50461022.05
10622.0,23180,305,6002816.0,4898680.0,4893486.0,6103020.0,972.8,4208.64,972.8,4208.64,1.0,0,75.0,79.0,2n-1m-38th-Dc-lu-mz,sequana_cpu_dev,2,11435786.0,1,38,D,lu-mz,4,4,300,1632,1216,34,88094.53,76430.42,164524.95,290.74,252.25,542.99,271.49,303.0, sdumont6165,50180109.75
9572.0,22876,301,6002814.0,4898708.0,4893608.0,6103020.0,952.32,4208.64,962.56,4208.64,1.0,0,145.0,226.0,2n-1m-38th-Dc-lu-mz,sequana_cpu_dev,2,11435787.0,1,38,D,lu-mz,4,4,300,1632,1216,34,79688.16,69212.32,148900.48,266.52,231.48,497.99,249.0,299.0, sdumont6166,44819044.480000004
10662.0,22952,302,6002814.0,4898028.0,4893568.0,6103016.0,983.04,4208.64,993.28,4208.64,1.0,0,64.0,73.0,2n-1m-38th-Dc-lu-mz,sequana_cpu_dev,2,11435788.0,1,38,D,lu-mz,4,4,300,1632,1216,34,79717.48,69345.51,149062.99,265.72,231.15,496.88,248.44,300.0, sdumont6166,45017022.98
11187.0,24240,303,6006910.0,4899120.0,4893300.0,6107100.0,972.8,4208.64,972.8,4218.88,1.0,0,164.0,250.0,2n-1m-40th-Dc-lu-mz,sequana_cpu_dev,2,11435789.0,1,40,D,lu-mz,4,4,300,1632,1216,34,88114.36,79595.28,167709.64,293.71,265.32,559.03,279.52,300.0, sdumont6166,50816020.92
11195.0,24240,303,6006904.0,4900512.0,4894488.0,6119388.0,972.8,4208.64,972.8,4218.88,1.0,0,61.0,65.0,2n-1m-40th-Dc-lu-mz,sequana_cpu_dev,2,11435790.0,1,40,D,lu-mz,4,4,300,1632,1216,34,87902.78,79425.78,167328.56,292.04,263.87,555.91,277.95,301.0, sdumont6165,50700553.68
10116.0,23600,295,6006908.0,4898696.0,4894266.0,6107100.0,962.56,4208.64,962.56,4208.64,1.0,0,68.0,78.0,2n-1m-40th-Dc-lu-mz,sequana_cpu_dev,2,11435791.0,1,40,D,lu-mz,4,4,300,1632,1216,34,79924.15,71786.98,151711.12,272.78,245.01,517.79,258.89,293.0, sdumont6165,44754780.4
11088.0,24560,307,6006904.0,4899724.0,4896558.0,6107096.0,972.8,4208.64,972.8,4218.88,1.0,0,82.0,93.0,2n-1m-40th-Dc-lu-mz,sequana_cpu_dev,2,11435792.0,1,40,D,lu-mz,4,4,300,1632,1216,34,87923.83,79273.0,167196.82,288.27,259.91,548.19,274.09,305.0, sdumont6165,51329423.74
10110.0,23760,297,6006908.0,4898344.0,4894646.0,6107100.0,952.32,4208.64,962.56,4208.64,2.0,0,74.0,88.0,2n-1m-40th-Dc-lu-mz,sequana_cpu_dev,2,11435793.0,1,40,D,lu-mz,4,4,300,1632,1216,34,79719.91,71699.07,151418.99,270.24,243.05,513.28,256.64,295.0, sdumont6165,44971440.029999994
10515.0,24696,294,6011026.0,4899276.0,4895000.0,6111216.0,952.32,4208.64,962.56,4218.88,3.0,0,75.0,79.0,2n-1m-42th-Dc-lu-mz,sequana_cpu_dev,2,11435794.0,1,42,D,lu-mz,4,4,300,1632,1216,34,78687.44,73921.25,152608.69,269.48,253.15,522.63,261.32,292.0, sdumont6165,44866954.86
10533.0,24024,286,6011020.0,4898840.0,4893598.0,6111212.0,962.56,4208.64,962.56,4218.88,1.0,0,91.0,96.0,2n-1m-42th-Dc-lu-mz,sequana_cpu_dev,2,11435795.0,1,42,D,lu-mz,4,4,300,1632,1216,34,79090.96,74287.71,153378.67,278.49,261.58,540.07,270.03,284.0, sdumont6166,43866299.620000005
10617.0,24444,291,6011024.0,4901112.0,4894882.0,6123508.0,962.56,4208.64,962.56,4218.88,1.0,0,157.0,256.0,2n-1m-42th-Dc-lu-mz,sequana_cpu_dev,2,11435796.0,1,42,D,lu-mz,4,4,300,1632,1216,34,79134.13,74039.58,153173.71,273.82,256.19,530.01,265.01,289.0, sdumont6165,44573549.61
10472.0,24948,297,6011026.0,4901152.0,4895428.0,6123512.0,952.32,4208.64,962.56,4218.88,1.0,0,76.0,91.0,2n-1m-42th-Dc-lu-mz,sequana_cpu_dev,2,11435797.0,1,42,D,lu-mz,4,4,300,1632,1216,34,78275.58,73566.72,151842.3,265.34,249.38,514.72,257.36,295.0, sdumont6166,45097163.099999994
10582.0,25200,300,6011026.0,4899700.0,4894234.0,6123508.0,952.32,4208.64,962.56,4218.88,1.0,0,73.0,75.0,2n-1m-42th-Dc-lu-mz,sequana_cpu_dev,2,11435798.0,1,42,D,lu-mz,4,4,300,1632,1216,34,78615.01,73859.67,152474.68,263.81,247.85,511.66,255.83,298.0, sdumont6166,45742404.0
10954.0,24112,274,6015136.0,4899184.0,4894020.0,6127620.0,952.32,4218.88,962.56,4218.88,1.0,0,165.0,266.0,2n-1m-44th-Dc-lu-mz,sequana_cpu_dev,2,11435799.0,1,44,D,lu-mz,4,4,300,1632,1216,34,77801.54,76879.19,154680.73,286.04,282.64,568.68,284.34,272.0, sdumont6165,42382520.02
10911.0,24464,278,6015134.0,4899368.0,4894152.0,6115324.0,962.56,4218.88,962.56,4218.88,1.0,0,88.0,91.0,2n-1m-44th-Dc-lu-mz,sequana_cpu_dev,2,11435800.0,1,44,D,lu-mz,4,4,300,1632,1216,34,77614.44,76437.51,154051.94,281.21,276.95,558.16,279.08,276.0, sdumont6166,42826439.32
10930.0,24112,274,6015132.0,4899424.0,4895274.0,6115324.0,952.32,4218.88,962.56,4218.88,1.0,0,62.0,63.0,2n-1m-44th-Dc-lu-mz,sequana_cpu_dev,2,11435801.0,1,44,D,lu-mz,4,4,300,1632,1216,34,77865.49,77459.39,155324.88,286.27,284.78,571.05,285.52,272.0, sdumont6166,42559017.120000005
10913.0,24288,276,6015136.0,4901000.0,4894992.0,6127620.0,962.56,4218.88,962.56,4218.88,1.0,0,88.0,90.0,2n-1m-44th-Dc-lu-mz,sequana_cpu_dev,2,11435802.0,1,44,D,lu-mz,4,4,300,1632,1216,34,77508.24,77007.93,154516.17,282.88,281.05,563.93,281.96,274.0, sdumont6166,42646462.92
10913.0,24200,275,6015134.0,4898784.0,4893982.0,6115324.0,952.32,4218.88,962.56,4218.88,1.0,0,87.0,97.0,2n-1m-44th-Dc-lu-mz,sequana_cpu_dev,2,11435803.0,1,44,D,lu-mz,4,4,300,1632,1216,34,77631.26,77309.82,154941.08,284.36,283.19,567.55,283.77,273.0, sdumont6165,42608797.0
11301.0,25576,278,6019260.0,4899056.0,4894528.0,6131752.0,962.56,4218.88,962.56,4218.88,1.0,0,523.0,531.0,2n-1m-46th-Dc-lu-mz,sequana_cpu_dev,2,11435804.0,1,46,D,lu-mz,4,4,300,1632,1216,34,77047.2,70845.85,147893.05,279.16,256.69,535.84,267.92,276.0, sdumont6279,41114267.9
11204.0,26680,290,6019258.0,4900000.0,4893994.0,6131756.0,952.32,4218.88,962.56,4218.88,1.0,0,79.0,81.0,2n-1m-46th-Dc-lu-mz,sequana_cpu_dev,2,11435805.0,1,46,D,lu-mz,4,4,300,1632,1216,34,76620.45,69799.23,146419.67,266.51,242.79,509.29,254.65,287.5, sdumont6279,42461704.300000004
11412.0,25300,275,6019256.0,4898524.0,4893918.0,6131756.0,952.32,4218.88,962.56,4218.88,1.0,0,71.0,75.0,2n-1m-46th-Dc-lu-mz,sequana_cpu_dev,2,11435806.0,1,46,D,lu-mz,4,4,300,1632,1216,34,77833.7,71760.11,149593.82,285.11,262.86,547.96,273.98,273.0, sdumont6279,41138300.5
11136.0,26220,285,6019258.0,4900004.0,4895850.0,6119464.0,952.32,4218.88,962.56,4218.88,1.0,0,79.0,92.0,2n-1m-46th-Dc-lu-mz,sequana_cpu_dev,2,11435807.0,1,46,D,lu-mz,4,4,300,1632,1216,34,76735.41,70559.95,147295.36,271.15,249.33,520.48,260.24,283.0, sdumont6280,41979177.599999994
11464.0,25208,274,6019260.0,4898872.0,4893750.0,6119464.0,972.8,4218.88,983.04,4218.88,2.0,0,69.0,74.0,2n-1m-46th-Dc-lu-mz,sequana_cpu_dev,2,11435808.0,1,46,D,lu-mz,4,4,300,1632,1216,34,78098.63,71690.24,149788.87,287.13,263.57,550.69,275.35,272.0, sdumont6280,41042150.379999995
11727.0,26496,276,6023370.0,4898788.0,4893960.0,6123576.0,952.32,4218.88,962.56,4218.88,1.0,0,191.0,288.0,2n-1m-48th-Dc-lu-mz,sequana_cpu_dev,2,11435809.0,1,48,D,lu-mz,4,4,300,1632,1216,34,76954.81,74221.56,151176.37,280.86,270.88,551.74,275.87,274.0, sdumont6280,41724678.12
11751.0,26112,272,6023370.0,4899836.0,4893946.0,6135864.0,952.32,4218.88,962.56,4218.88,1.0,0,168.0,259.0,2n-1m-48th-Dc-lu-mz,sequana_cpu_dev,2,11435810.0,1,48,D,lu-mz,4,4,300,1632,1216,34,76935.67,74416.2,151351.87,283.9,274.6,558.49,279.25,271.0, sdumont6280,41167708.64
11640.0,26208,273,6023368.0,4899384.0,4894978.0,6135864.0,952.32,4218.88,962.56,4218.88,1.0,0,540.0,547.0,2n-1m-48th-Dc-lu-mz,sequana_cpu_dev,2,11435811.0,1,48,D,lu-mz,4,4,300,1632,1216,34,75477.45,72697.07,148174.52,278.51,268.25,546.77,273.38,271.0, sdumont6072,40451643.95999999
11732.0,26688,278,6023368.0,4902124.0,4895334.0,6135864.0,952.32,4218.88,962.56,4218.88,1.0,0,58.0,60.0,2n-1m-48th-Dc-lu-mz,sequana_cpu_dev,2,11435812.0,1,48,D,lu-mz,4,4,300,1632,1216,34,76216.22,72681.86,148898.08,276.15,263.34,539.49,269.74,276.0, sdumont6073,41393666.239999995
11742.0,28032,292,6023364.0,4900652.0,4895898.0,6135860.0,952.32,4218.88,962.56,4218.88,1.0,0,81.0,88.0,2n-1m-48th-Dc-lu-mz,sequana_cpu_dev,2,11435813.0,1,48,D,lu-mz,4,4,300,1632,1216,34,75950.03,72838.0,148788.03,261.9,251.17,513.06,256.53,290.0, sdumont6073,43446104.76
3329.0,10212,851,4525090.666015625,3325716.0,3320888.0,4670968.0,1269.76,4208.64,1269.76,4208.64,549.0,0,447.0,473.0,3n-1m-4th-Dc-lu-mz,sequana_cpu_dev,3,11451023.0,1,4,D,lu-mz,4,4,300,1632,1216,34,204039.75,106151.79,310191.53,240.05,124.88,364.93,121.64,850.0, sdumont6167,263972992.03000003
3337.0,10224,852,4525129.3330078125,3325692.0,3320956.0,4670952.0,1259.52,4208.64,1269.76,4208.64,959.0,0,315.0,379.0,3n-1m-4th-Dc-lu-mz,sequana_cpu_dev,3,11451028.0,1,4,D,lu-mz,4,4,300,1632,1216,34,212791.77,108067.24,320859.01,250.05,126.99,377.04,125.68,851.0, sdumont6171,273371876.52
3347.0,10200,850,4525136.0,3324280.0,3320804.0,4670952.0,1259.52,4208.64,1269.76,4208.64,1.0,0,24.0,33.0,3n-1m-4th-Dc-lu-mz,sequana_cpu_dev,3,11451040.0,1,4,D,lu-mz,4,4,300,1632,1216,34,204298.61,105849.22,310147.84,240.92,124.82,365.74,121.91,848.0, sdumont6165,263625664.00000003
3343.0,10200,850,4525128.0,3324956.0,3320722.666015625,4670952.0,1269.76,4208.64,1269.76,4208.64,1.0,0,115.0,268.0,3n-1m-4th-Dc-lu-mz,sequana_cpu_dev,3,11451043.0,1,4,D,lu-mz,4,4,300,1632,1216,34,204152.35,105668.74,309821.09,240.75,124.61,365.36,121.79,848.0, sdumont6165,263347926.50000003
3347.0,10176,848,4525089.3330078125,3325060.0,3320022.666015625,4670952.0,1259.52,4208.64,1269.76,4208.64,1.0,0,18.0,33.0,3n-1m-4th-Dc-lu-mz,sequana_cpu_dev,3,11451047.0,1,4,D,lu-mz,4,4,300,1632,1216,34,204802.15,105958.92,310761.06,241.8,125.1,366.9,122.3,847.0, sdumont6166,263525378.88
3404.0,10800,600,4398170.666015625,3324756.0,3321264.0,4543992.0,1126.4,4208.64,1146.88,4208.64,0.0,0,25.0,63.0,3n-1m-6th-Dc-lu-mz,sequana_cpu_dev,3,11451050.0,1,6,D,lu-mz,4,4,300,1632,1216,34,166851.44,72359.54,239210.99,279.33,121.14,400.48,133.49,597.33, sdumont6167,143526594.0
3403.0,10818,601,4398173.3330078125,3324768.0,3320672.0,4543988.0,1116.16,4208.64,1116.16,4208.64,1.0,0,21.0,57.0,3n-1m-6th-Dc-lu-mz,sequana_cpu_dev,3,11451052.0,1,6,D,lu-mz,4,4,300,1632,1216,34,166666.41,72396.06,239062.47,278.71,121.06,399.77,133.26,598.0, sdumont6167,143676544.47
3581.0,10872,604,4398177.3330078125,3325672.0,3321094.666015625,4544008.0,1136.64,4208.64,1136.64,4208.64,2.0,0,27.0,80.0,3n-1m-6th-Dc-lu-mz,sequana_cpu_dev,3,11451056.0,1,6,D,lu-mz,4,4,300,1632,1216,34,166641.7,72468.81,239110.5,276.35,120.18,396.53,132.18,603.0, sdumont6166,144422742.0
3400.0,10800,600,4398174.666015625,3324824.0,3321242.666015625,4544012.0,1116.16,4208.64,1116.16,4208.64,1.0,0,37.0,56.0,3n-1m-6th-Dc-lu-mz,sequana_cpu_dev,3,11451063.0,1,6,D,lu-mz,4,4,300,1632,1216,34,166956.86,72403.97,239360.84,279.19,121.08,400.27,133.42,598.0, sdumont6167,143616504.0
3578.0,10890,605,4398164.0,3324716.0,3320037.3330078125,4543992.0,1136.64,4208.64,1136.64,4208.64,1.0,0,56.0,127.0,3n-1m-6th-Dc-lu-mz,sequana_cpu_dev,3,11451066.0,1,6,D,lu-mz,4,4,300,1632,1216,34,166709.47,72337.9,239047.37,276.3,119.9,396.19,132.06,603.33, sdumont6166,144623658.85
3569.0,12000,500,4336702.666015625,3324256.0,3320489.3330078125,4482448.0,1054.72,4208.64,1054.72,4208.64,1.0,0,27.0,73.0,3n-1m-8th-Dc-lu-mz,sequana_cpu_dev,3,11451069.0,1,8,D,lu-mz,4,4,300,1632,1216,34,153252.48,57073.84,210326.32,333.88,124.34,458.23,152.74,459.0, sdumont6167,105163160.0
3583.0,11352,473,4336750.666015625,3326964.0,3321648.0,4482568.0,1054.72,4208.64,1054.72,4208.64,1.0,0,4.0,6.0,3n-1m-8th-Dc-lu-mz,sequana_cpu_dev,3,11451071.0,1,8,D,lu-mz,4,4,300,1632,1216,34,153689.92,57086.29,210776.21,335.57,124.64,460.21,153.4,458.0, sdumont6165,99697147.33
3581.0,11424,476,4336749.3330078125,3326688.0,3321324.0,4482580.0,1054.72,4208.64,1054.72,4208.64,1.0,0,15.0,45.0,3n-1m-8th-Dc-lu-mz,sequana_cpu_dev,3,11451073.0,1,8,D,lu-mz,4,4,300,1632,1216,34,153909.58,57165.74,211075.33,335.82,124.73,460.54,153.51,458.33, sdumont6167,100471857.08
3579.0,11448,477,4336748.0,3324880.0,3320812.0,4482584.0,1054.72,4208.64,1054.72,4208.64,0.0,0,20.0,52.0,3n-1m-8th-Dc-lu-mz,sequana_cpu_dev,3,11451077.0,1,8,D,lu-mz,4,4,300,1632,1216,34,153708.41,57203.41,210911.82,334.88,124.63,459.5,153.17,459.0, sdumont6165,100604938.14
3583.0,11376,474,4336744.0,3324808.0,3320977.3330078125,4482560.0,1054.72,4208.64,1054.72,4208.64,1.0,0,2.0,5.0,3n-1m-8th-Dc-lu-mz,sequana_cpu_dev,3,11451078.0,1,8,D,lu-mz,4,4,300,1632,1216,34,153890.37,57082.19,210972.55,336.74,124.91,461.65,153.88,457.0, sdumont6165,100000988.69999999
3880.0,11790,393,4406397.3330078125,3324672.0,3321080.0,4552216.0,1024.0,4208.64,1024.0,4208.64,1.0,0,20.0,48.0,3n-1m-10th-Dc-lu-mz,sequana_cpu_dev,3,11451079.0,1,10,D,lu-mz,4,4,300,1632,1216,34,138294.11,45753.14,184047.25,354.6,117.32,471.92,157.31,390.0, sdumont6167,72330569.25
3850.0,11940,398,4406397.3330078125,3326372.0,3321656.0,4552232.0,1024.0,4208.64,1024.0,4208.64,0.0,0,77.0,219.0,3n-1m-10th-Dc-lu-mz,sequana_cpu_dev,3,11451080.0,1,10,D,lu-mz,4,4,300,1632,1216,34,149136.55,49461.75,198598.3,377.25,125.12,502.37,167.46,395.33, sdumont6166,79042123.39999999
3580.0,11790,393,4406397.3330078125,3327288.0,3321517.3330078125,4552208.0,1075.2,4208.64,1126.4,4218.88,1.0,0,3.0,12.0,3n-1m-10th-Dc-lu-mz,sequana_cpu_dev,3,11451081.0,1,10,D,lu-mz,4,4,300,1632,1216,34,138502.18,45697.2,184199.38,356.05,117.47,473.52,157.84,389.0, sdumont6167,72390356.34
3581.0,11730,391,4406397.3330078125,3325456.0,3321312.0,4552216.0,1003.52,4208.64,1013.76,4208.64,1.0,0,8.0,9.0,3n-1m-10th-Dc-lu-mz,sequana_cpu_dev,3,11451086.0,1,10,D,lu-mz,4,4,300,1632,1216,34,138363.33,45625.27,183988.6,355.69,117.29,472.98,157.66,389.0, sdumont6166,71939542.60000001
3864.0,11790,393,4406396.0,3325796.0,3320549.3330078125,4552212.0,1024.0,4208.64,1024.0,4208.64,1.0,0,34.0,96.0,3n-1m-10th-Dc-lu-mz,sequana_cpu_dev,3,11451089.0,1,10,D,lu-mz,4,4,300,1632,1216,34,137978.27,45506.39,183484.66,353.47,116.57,470.04,156.68,390.33, sdumont6166,72109471.38
3932.0,12420,345,4388658.666015625,3327336.0,3322340.0,4556316.0,993.28,4208.64,993.28,4208.64,1.0,0,28.0,63.0,3n-1m-12th-Dc-lu-mz,sequana_cpu_dev,3,11451092.0,1,12,D,lu-mz,4,4,300,1632,1216,34,133851.09,41822.41,175673.49,390.24,121.93,512.17,170.72,343.0, sdumont6166,60607354.05
3937.0,12384,344,4388664.0,3325180.0,3321737.3330078125,4556344.0,993.28,4208.64,993.28,4208.64,1.0,0,11.0,14.0,3n-1m-12th-Dc-lu-mz,sequana_cpu_dev,3,11451095.0,1,12,D,lu-mz,4,4,300,1632,1216,34,134106.91,41785.29,175892.2,390.98,121.82,512.81,170.94,343.0, sdumont6165,60506916.800000004
3934.0,12348,343,4388660.0,3325264.0,3320589.3330078125,4556336.0,993.28,4208.64,993.28,4208.64,1.0,0,39.0,61.0,3n-1m-12th-Dc-lu-mz,sequana_cpu_dev,3,11451096.0,1,12,D,lu-mz,4,4,300,1632,1216,34,134162.16,41798.64,175960.8,392.29,122.22,514.51,171.5,342.0, sdumont6165,60354554.4
3926.0,12456,346,4410500.0,3325556.0,3321318.666015625,4556320.0,993.28,4208.64,993.28,4208.64,1078.0,0,62.0,125.0,3n-1m-12th-Dc-lu-mz,sequana_cpu_dev,3,11451098.0,1,12,D,lu-mz,4,4,300,1632,1216,34,133420.51,41725.91,175146.42,387.85,121.3,509.15,169.72,344.0, sdumont6167,60600661.32000001
3937.0,12420,345,4410506.666015625,3326568.0,3321562.666015625,4556340.0,993.28,4208.64,993.28,4208.64,1.0,0,26.0,58.0,3n-1m-12th-Dc-lu-mz,sequana_cpu_dev,3,11451102.0,1,12,D,lu-mz,4,4,300,1632,1216,34,134437.43,41884.21,176321.64,393.09,122.47,515.56,171.85,342.0, sdumont6165,60830965.800000004
4149.0,13146,313,4414620.0,3327184.0,3322346.666015625,4560452.0,972.8,4208.64,972.8,4208.64,1.0,0,73.0,191.0,3n-1m-14th-Dc-lu-mz,sequana_cpu_dev,3,11451109.0,1,14,D,lu-mz,4,4,300,1632,1216,34,126506.31,37981.68,164487.99,405.47,121.74,527.21,175.74,312.0, sdumont6167,51484740.87
4176.0,13104,312,4414608.0,3326036.0,3321481.3330078125,4560436.0,972.8,4208.64,972.8,4208.64,1.0,0,15.0,19.0,3n-1m-14th-Dc-lu-mz,sequana_cpu_dev,3,11451111.0,1,14,D,lu-mz,4,4,300,1632,1216,34,126988.28,38007.53,164995.8,409.64,122.6,532.24,177.41,310.0, sdumont6166,51478689.599999994
4175.0,13104,312,4414613.3330078125,3325292.0,3321161.3330078125,4560432.0,972.8,4208.64,972.8,4208.64,1.0,0,15.0,22.0,3n-1m-14th-Dc-lu-mz,sequana_cpu_dev,3,11451114.0,1,14,D,lu-mz,4,4,300,1632,1216,34,127007.5,37973.01,164980.51,409.7,122.49,532.2,177.4,310.0, sdumont6165,51473919.120000005
4145.0,13188,314,4414572.0,3326184.0,3321942.666015625,4560296.0,972.8,4208.64,983.04,4208.64,1.0,0,95.0,188.0,3n-1m-14th-Dc-lu-mz,sequana_cpu_dev,3,11451116.0,1,14,D,lu-mz,4,4,300,1632,1216,34,126310.09,37992.89,164302.98,403.55,121.38,524.93,174.98,313.0, sdumont6165,51591135.720000006
4176.0,13104,312,4414620.0,3328180.0,3322968.0,4560456.0,972.8,4208.64,983.04,4208.64,1.0,0,16.0,25.0,3n-1m-14th-Dc-lu-mz,sequana_cpu_dev,3,11451121.0,1,14,D,lu-mz,4,4,300,1632,1216,34,127072.07,37994.34,165066.41,409.91,122.56,532.47,177.49,310.0, sdumont6167,51500719.92
4287.0,13872,289,4418725.3330078125,3327112.0,3322582.666015625,4564548.0,952.32,4208.64,962.56,4208.64,1.0,0,27.0,39.0,3n-1m-16th-Dc-lu-mz,sequana_cpu_dev,3,11451122.0,1,16,D,lu-mz,4,4,300,1632,1216,34,116916.67,33986.72,150903.39,407.38,118.42,525.8,175.27,287.0, sdumont6166,43611079.71
4288.0,13824,288,4418722.666015625,3325720.0,3321437.3330078125,4564544.0,962.56,4208.64,962.56,4208.64,1.0,0,20.0,24.0,3n-1m-16th-Dc-lu-mz,sequana_cpu_dev,3,11451123.0,1,16,D,lu-mz,4,4,300,1632,1216,34,117227.19,34053.66,151280.84,409.89,119.07,528.95,176.32,286.0, sdumont6167,43568881.92
4287.0,13776,287,4418728.0,3325560.0,3321878.666015625,4564564.0,952.32,4208.64,962.56,4208.64,1.0,0,23.0,27.0,3n-1m-16th-Dc-lu-mz,sequana_cpu_dev,3,11451125.0,1,16,D,lu-mz,4,4,300,1632,1216,34,117368.21,34084.82,151453.04,410.38,119.18,529.56,176.52,286.0, sdumont6166,43467022.480000004
4289.0,13776,287,4418726.666015625,3325196.0,3321677.3330078125,4564560.0,952.32,4208.64,962.56,4208.64,1.0,0,21.0,27.0,3n-1m-16th-Dc-lu-mz,sequana_cpu_dev,3,11451128.0,1,16,D,lu-mz,4,4,300,1632,1216,34,116937.59,34122.09,151059.68,410.31,119.73,530.03,176.68,285.0, sdumont6165,43354128.16
4287.0,13872,289,4418725.3330078125,3325792.0,3321774.666015625,4564560.0,962.56,4208.64,962.56,4208.64,363.0,0,19.0,25.0,3n-1m-16th-Dc-lu-mz,sequana_cpu_dev,3,11451131.0,1,16,D,lu-mz,4,4,300,1632,1216,34,117162.82,34814.88,151977.71,406.82,120.89,527.7,175.9,288.0, sdumont6167,43921558.19
4824.0,14742,273,4400994.666015625,3325416.0,3321652.0,4568676.0,962.56,4208.64,962.56,4208.64,1.0,0,28.0,32.0,3n-1m-18th-Dc-lu-mz,sequana_cpu_dev,3,11451136.0,1,18,D,lu-mz,4,4,300,1632,1216,34,105826.65,29759.68,135586.33,391.95,110.22,502.17,167.39,270.0, sdumont6165,37015068.089999996
4822.0,14742,273,4422840.0,3327380.0,3322276.0,4568676.0,952.32,4208.64,962.56,4208.64,1.0,0,51.0,96.0,3n-1m-18th-Dc-lu-mz,sequana_cpu_dev,3,11451138.0,1,18,D,lu-mz,4,4,300,1632,1216,34,114832.25,32209.58,147041.84,423.74,118.85,542.59,180.86,271.0, sdumont6165,40142422.32
4823.0,14742,273,4422844.0,3326664.0,3321777.3330078125,4568676.0,952.32,4208.64,962.56,4208.64,1.0,0,23.0,25.0,3n-1m-18th-Dc-lu-mz,sequana_cpu_dev,3,11451145.0,1,18,D,lu-mz,4,4,300,1632,1216,34,106041.33,29774.29,135815.62,391.3,109.87,501.16,167.05,271.0, sdumont6165,37077664.26
4824.0,14742,273,4422838.666015625,3326008.0,3321742.666015625,4568676.0,962.56,4208.64,962.56,4208.64,1.0,0,47.0,92.0,3n-1m-18th-Dc-lu-mz,sequana_cpu_dev,3,11451149.0,1,18,D,lu-mz,4,4,300,1632,1216,34,106094.66,29819.82,135914.48,392.94,110.44,503.39,167.8,270.0, sdumont6166,37104653.04000001
4823.0,14742,273,4422838.666015625,3325892.0,3321388.0,4568672.0,962.56,4208.64,962.56,4208.64,1.0,0,21.0,23.0,3n-1m-18th-Dc-lu-mz,sequana_cpu_dev,3,11451153.0,1,18,D,lu-mz,4,4,300,1632,1216,34,114823.89,32238.64,147062.53,423.7,118.96,542.67,180.89,271.0, sdumont6167,40148070.69
4763.0,16020,267,4405104.0,3326192.0,3322494.666015625,4507228.0,942.08,4208.64,942.08,4208.64,1.0,0,29.0,31.0,3n-1m-20th-Dc-lu-mz,sequana_cpu_dev,3,11451155.0,1,20,D,lu-mz,4,4,300,1632,1216,34,106588.12,29778.03,136366.15,402.22,112.37,514.59,171.53,265.0, sdumont6165,36409762.05
4757.0,16080,268,4426944.0,3328052.0,3323205.3330078125,4572768.0,942.08,4208.64,942.08,4208.64,0.0,0,32.0,49.0,3n-1m-20th-Dc-lu-mz,sequana_cpu_dev,3,11451156.0,1,20,D,lu-mz,4,4,300,1632,1216,34,106450.87,29709.22,136160.08,400.19,111.69,511.88,170.63,266.0, sdumont6167,36490901.44
4764.0,16020,267,4426944.0,3325468.0,3321721.3330078125,4572784.0,942.08,4208.64,942.08,4208.64,1.0,0,29.0,32.0,3n-1m-20th-Dc-lu-mz,sequana_cpu_dev,3,11451157.0,1,20,D,lu-mz,4,4,300,1632,1216,34,106340.84,29765.06,136105.9,401.29,112.32,513.61,171.2,265.0, sdumont6165,36340275.3
4764.0,16020,267,4405096.0,3326384.0,3321806.666015625,4507244.0,942.08,4208.64,942.08,4208.64,1.0,0,32.0,44.0,3n-1m-20th-Dc-lu-mz,sequana_cpu_dev,3,11451158.0,1,20,D,lu-mz,4,4,300,1632,1216,34,106650.37,29769.87,136420.23,402.45,112.34,514.79,171.6,265.0, sdumont6167,36424201.410000004
4744.0,16080,268,4426944.0,3326228.0,3322149.3330078125,4572768.0,942.08,4208.64,942.08,4208.64,1.0,0,34.0,37.0,3n-1m-20th-Dc-lu-mz,sequana_cpu_dev,3,11451160.0,1,20,D,lu-mz,4,4,300,1632,1216,34,106141.06,29679.21,135820.27,400.53,112.0,512.53,170.84,265.0, sdumont6167,36399832.36
5231.0,16764,254,4430996.0,3325232.0,3322136.0,4576832.0,942.08,4208.64,942.08,4208.64,1.0,0,62.0,115.0,3n-1m-22th-Dc-lu-mz,sequana_cpu_dev,3,11451162.0,1,22,D,lu-mz,4,4,300,1632,1216,34,107179.9,29307.0,136486.9,423.64,115.84,539.47,179.82,253.0, sdumont6166,34667672.6
5237.0,16830,255,4430997.3330078125,3326180.0,3321857.3330078125,4576824.0,942.08,4208.64,942.08,4208.64,1.0,0,32.0,42.0,3n-1m-22th-Dc-lu-mz,sequana_cpu_dev,3,11451181.0,1,22,D,lu-mz,4,4,300,1632,1216,34,107062.43,29288.05,136350.47,424.85,116.22,541.07,180.36,252.0, sdumont6165,34769369.85
5238.0,16764,254,4430989.3330078125,3326348.0,3321909.3330078125,4576812.0,942.08,4208.64,942.08,4208.64,1.0,0,30.0,34.0,3n-1m-22th-Dc-lu-mz,sequana_cpu_dev,3,11451182.0,1,22,D,lu-mz,4,4,300,1632,1216,34,107147.4,29314.05,136461.46,423.51,115.87,539.37,179.79,253.0, sdumont6165,34661210.839999996
5238.0,16764,254,4430993.3330078125,3325856.0,3322353.3330078125,4576828.0,942.08,4208.64,942.08,4208.64,1.0,0,35.0,38.0,3n-1m-22th-Dc-lu-mz,sequana_cpu_dev,3,11451183.0,1,22,D,lu-mz,4,4,300,1632,1216,34,107196.93,29335.84,136532.77,425.38,116.41,541.8,180.6,252.0, sdumont6166,34679323.58
5237.0,16764,254,4430994.666015625,3325680.0,3322182.666015625,4576808.0,942.08,4208.64,942.08,4208.64,1.0,0,34.0,39.0,3n-1m-22th-Dc-lu-mz,sequana_cpu_dev,3,11451185.0,1,22,D,lu-mz,4,4,300,1632,1216,34,107230.05,29359.16,136589.22,425.52,116.5,542.02,180.67,252.0, sdumont6165,34693661.88
5709.0,17856,248,4435177.3330078125,3327044.0,3322554.666015625,4581008.0,942.08,4208.64,952.32,4208.64,1.0,0,39.0,53.0,3n-1m-24th-Dc-lu-mz,sequana_cpu_dev,3,11451187.0,1,24,D,lu-mz,4,4,300,1632,1216,34,108094.34,29769.58,137863.92,439.41,121.01,560.42,186.81,246.0, sdumont6165,34190252.160000004
5709.0,17856,248,4435172.0,3326680.0,3322481.3330078125,4580992.0,942.08,4208.64,942.08,4208.64,1.0,0,79.0,154.0,3n-1m-24th-Dc-lu-mz,sequana_cpu_dev,3,11451188.0,1,24,D,lu-mz,4,4,300,1632,1216,34,107987.93,29692.23,137680.16,438.98,120.7,559.68,186.56,246.0, sdumont6165,34144679.68
5708.0,17856,248,4435174.666015625,3327096.0,3322540.0,4580992.0,942.08,4208.64,942.08,4208.64,1.0,0,42.0,51.0,3n-1m-24th-Dc-lu-mz,sequana_cpu_dev,3,11451191.0,1,24,D,lu-mz,4,4,300,1632,1216,34,107991.45,29718.69,137710.15,438.99,120.81,559.8,186.6,246.0, sdumont6166,34152117.199999996
5707.0,17856,248,4435174.666015625,3326076.0,3321549.3330078125,4580988.0,942.08,4208.64,942.08,4208.64,1.0,0,36.0,40.0,3n-1m-24th-Dc-lu-mz,sequana_cpu_dev,3,11451194.0,1,24,D,lu-mz,4,4,300,1632,1216,34,108006.18,29566.29,137572.46,440.84,120.68,561.52,187.17,245.0, sdumont6166,34117970.08
5710.0,17856,248,4435172.0,3328472.0,3322537.3330078125,4580996.0,942.08,4208.64,942.08,4208.64,1.0,0,37.0,45.0,3n-1m-24th-Dc-lu-mz,sequana_cpu_dev,3,11451195.0,1,24,D,lu-mz,4,4,300,1632,1216,34,108045.54,29619.47,137665.0,440.4,120.73,561.13,187.04,245.33, sdumont6165,34140920.0
6179.0,19500,250,4439289.3330078125,3326592.0,3321969.3330078125,4585104.0,942.08,4208.64,942.08,4208.64,1.0,0,33.0,39.0,3n-1m-26th-Dc-lu-mz,sequana_cpu_dev,3,11451197.0,1,26,D,lu-mz,4,4,300,1632,1216,34,107052.3,49532.13,156584.43,431.66,199.73,631.39,210.46,248.0, sdumont6166,39146107.5
6180.0,19422,249,4417442.666015625,3326480.0,3322216.0,4519564.0,942.08,4208.64,952.32,4208.64,1.0,0,26.0,28.0,3n-1m-26th-Dc-lu-mz,sequana_cpu_dev,3,11451199.0,1,26,D,lu-mz,4,4,300,1632,1216,34,107149.74,49645.9,156795.64,433.8,201.0,634.8,211.6,247.0, sdumont6165,39042114.36000001
6181.0,19422,249,4439281.3330078125,3325140.0,3321988.0,4585108.0,942.08,4208.64,942.08,4208.64,1.0,0,20.0,25.0,3n-1m-26th-Dc-lu-mz,sequana_cpu_dev,3,11451200.0,1,26,D,lu-mz,4,4,300,1632,1216,34,107195.42,49802.3,156997.73,433.99,201.63,635.62,211.87,247.0, sdumont6166,39092434.77
6101.0,19734,253,4439198.666015625,3327440.0,3323005.3330078125,4584988.0,942.08,4208.64,942.08,4208.64,1.0,0,139.0,197.0,3n-1m-26th-Dc-lu-mz,sequana_cpu_dev,3,11451202.0,1,26,D,lu-mz,4,4,300,1632,1216,34,106111.39,49135.11,155246.5,422.75,195.76,618.51,206.17,251.0, sdumont6165,39277364.5
6181.0,19500,250,4439288.0,3327592.0,3322125.3330078125,4585108.0,942.08,4208.64,942.08,4208.64,1.0,0,15.0,17.0,3n-1m-26th-Dc-lu-mz,sequana_cpu_dev,3,11451204.0,1,26,D,lu-mz,4,4,300,1632,1216,34,107137.13,49830.72,156967.84,432.0,200.93,632.93,210.98,248.0, sdumont6167,39241960.0
5822.0,19992,238,4443350.666015625,3326364.0,3322005.3330078125,4589208.0,921.6,4208.64,931.84,4208.64,1.0,0,26.0,31.0,3n-1m-28th-Dc-lu-mz,sequana_cpu_dev,3,11451205.0,1,28,D,lu-mz,4,4,300,1632,1216,34,92992.62,50963.49,143956.11,394.04,215.95,609.98,203.33,236.0, sdumont6166,34261554.18
5822.0,19992,238,4443354.666015625,3327400.0,3322885.3330078125,4589216.0,921.6,4208.64,931.84,4208.64,1.0,0,73.0,147.0,3n-1m-28th-Dc-lu-mz,sequana_cpu_dev,3,11451207.0,1,28,D,lu-mz,4,4,300,1632,1216,34,92879.62,51118.51,143998.13,393.56,216.6,610.16,203.39,236.0, sdumont6165,34271554.94
5821.0,19992,238,4465192.0,3330152.0,3327933.3330078125,4589212.0,921.6,4208.64,931.84,4208.64,1.0,0,32.0,38.0,3n-1m-28th-Dc-lu-mz,sequana_cpu_dev,3,11451210.0,1,28,D,lu-mz,4,4,300,1632,1216,34,92862.15,51036.04,143898.19,393.48,216.25,609.74,203.25,236.0, sdumont6165,34247769.22
5823.0,19992,238,4443352.0,3325800.0,3321840.0,4589212.0,921.6,4208.64,931.84,4208.64,1.0,0,42.0,53.0,3n-1m-28th-Dc-lu-mz,sequana_cpu_dev,3,11451214.0,1,28,D,lu-mz,4,4,300,1632,1216,34,92938.47,50951.52,143889.99,393.81,215.9,609.7,203.23,236.0, sdumont6167,34245817.62
5819.0,19992,238,4443352.0,3325736.0,3322044.0,4589228.0,921.6,4208.64,931.84,4208.64,1.0,0,67.0,128.0,3n-1m-28th-Dc-lu-mz,sequana_cpu_dev,3,11451218.0,1,28,D,lu-mz,4,4,300,1632,1216,34,92830.73,51016.58,143847.31,393.35,216.17,609.52,203.17,236.0, sdumont6167,34235659.78
6245.0,20970,233,4469352.0,3327944.0,3326200.0,4658860.0,921.6,4208.64,931.84,4208.64,1.0,0,38.0,46.0,3n-1m-30th-Dc-lu-mz,sequana_cpu_dev,3,11451221.0,1,30,D,lu-mz,4,4,300,1632,1216,34,91689.63,58407.72,150097.35,396.92,252.85,649.77,216.59,231.0, sdumont6165,34972682.550000004
6244.0,20880,232,4491196.0,3327472.0,3327048.0,4658872.0,921.6,4208.64,931.84,4208.64,1.0,0,74.0,153.0,3n-1m-30th-Dc-lu-mz,sequana_cpu_dev,3,11451224.0,1,30,D,lu-mz,4,4,300,1632,1216,34,91684.24,58182.77,149867.01,398.63,252.97,651.6,217.2,230.0, sdumont6167,34769146.32
6245.0,20880,232,4469353.3330078125,3327912.0,3326501.3330078125,4658856.0,921.6,4208.64,931.84,4208.64,1.0,0,56.0,83.0,3n-1m-30th-Dc-lu-mz,sequana_cpu_dev,3,11451249.0,1,30,D,lu-mz,4,4,300,1632,1216,34,91649.68,58517.32,150167.0,398.48,254.42,652.9,217.63,230.0, sdumont6167,34838744.0
6245.0,20880,232,4491198.666015625,3329020.0,3327273.3330078125,4658860.0,921.6,4208.64,931.84,4208.64,1.0,0,56.0,64.0,3n-1m-30th-Dc-lu-mz,sequana_cpu_dev,3,11451251.0,1,30,D,lu-mz,4,4,300,1632,1216,34,91653.63,58431.77,150085.4,398.49,254.05,652.55,217.52,230.0, sdumont6167,34819812.8
6245.0,20790,231,4447497.3330078125,3328856.0,3326868.0,4593320.0,921.6,4208.64,931.84,4208.64,1.0,0,49.0,63.0,3n-1m-30th-Dc-lu-mz,sequana_cpu_dev,3,11451252.0,1,30,D,lu-mz,4,4,300,1632,1216,34,91624.49,58276.53,149901.01,398.37,253.38,651.74,217.25,230.0, sdumont6167,34627133.31
5706.0,20064,209,4517157.3330078125,3329468.0,3328349.3330078125,4597440.0,921.6,4208.64,931.84,4208.64,1.0,0,60.0,91.0,3n-1m-32th-Dc-lu-mz,sequana_cpu_dev,3,11451271.0,1,32,D,lu-mz,4,4,300,1632,1216,34,78829.45,57334.83,136164.28,382.67,278.32,660.99,220.33,206.0, sdumont6166,28458334.52
5693.0,19968,208,4539000.0,3326296.0,3325085.3330078125,4662972.0,911.36,4208.64,911.36,4208.64,1.0,0,102.0,145.0,3n-1m-32th-Dc-lu-mz,sequana_cpu_dev,3,11451276.0,1,32,D,lu-mz,4,4,300,1632,1216,34,78795.33,57122.58,135917.9,380.65,275.95,656.61,218.87,207.0, sdumont6167,28270923.2
5677.0,20064,209,4517154.666015625,3327796.0,3326972.0,4662976.0,921.6,4208.64,931.84,4208.64,1.0,0,109.0,148.0,3n-1m-32th-Dc-lu-mz,sequana_cpu_dev,3,11451280.0,1,32,D,lu-mz,4,4,300,1632,1216,34,78495.52,57105.7,135601.22,379.21,275.87,655.08,218.36,207.0, sdumont6165,28340654.98
5706.0,19872,207,4539002.666015625,3326776.0,3326082.666015625,4662976.0,911.36,4208.64,911.36,4208.64,1.0,0,61.0,92.0,3n-1m-32th-Dc-lu-mz,sequana_cpu_dev,3,11451285.0,1,32,D,lu-mz,4,4,300,1632,1216,34,78853.65,57288.34,136141.99,384.65,279.46,664.11,221.37,205.0, sdumont6165,28181391.93
5706.0,19968,208,4538996.0,3328092.0,3327368.0,4662968.0,911.36,4208.64,911.36,4208.64,1.0,0,63.0,76.0,3n-1m-32th-Dc-lu-mz,sequana_cpu_dev,3,11451294.0,1,32,D,lu-mz,4,4,300,1632,1216,34,78734.93,57351.63,136086.55,382.21,278.41,660.61,220.2,206.0, sdumont6166,28306002.4
6058.0,20094,197,4543072.0,3329188.0,3327682.666015625,4667088.0,911.36,4208.64,911.36,4208.64,1.0,0,52.0,54.0,3n-1m-34th-Dc-lu-mz,sequana_cpu_dev,3,11451299.0,1,34,D,lu-mz,4,4,300,1632,1216,34,77610.29,63346.35,140956.64,398.0,324.85,722.85,240.95,195.0, sdumont6167,27768458.080000002
6058.0,19890,195,4525277.3330078125,3328564.0,3325976.0,4667084.0,911.36,4208.64,911.36,4208.64,1.0,0,90.0,130.0,3n-1m-34th-Dc-lu-mz,sequana_cpu_dev,3,11451301.0,1,34,D,lu-mz,4,4,300,1632,1216,34,77797.99,63191.35,140989.34,403.1,327.42,730.51,243.5,193.0, sdumont6166,27492921.3
6056.0,20094,197,4521180.0,3328836.0,3328100.0,4667084.0,911.36,4208.64,911.36,4208.64,1.0,0,97.0,154.0,3n-1m-34th-Dc-lu-mz,sequana_cpu_dev,3,11451304.0,1,34,D,lu-mz,4,4,300,1632,1216,34,77552.37,63489.21,141041.57,397.7,325.59,723.29,241.1,195.0, sdumont6167,27785189.290000003
6054.0,20196,198,4499337.3330078125,3328752.0,3327877.3330078125,4601552.0,911.36,4208.64,911.36,4208.64,1.0,0,96.0,168.0,3n-1m-34th-Dc-lu-mz,sequana_cpu_dev,3,11451306.0,1,34,D,lu-mz,4,4,300,1632,1216,34,77370.75,63312.5,140683.25,394.75,323.02,717.77,239.26,196.0, sdumont6166,27855283.5
6058.0,19992,196,4521225.3330078125,3328412.0,3327213.3330078125,4601548.0,911.36,4208.64,911.36,4208.64,1.0,0,75.0,86.0,3n-1m-34th-Dc-lu-mz,sequana_cpu_dev,3,11451307.0,1,34,D,lu-mz,4,4,300,1632,1216,34,77668.59,63342.8,141011.39,398.3,324.83,723.14,241.05,195.0, sdumont6165,27638232.44
6413.0,21168,196,4547218.666015625,3328880.0,3327260.0,4671188.0,911.36,4208.64,911.36,4208.64,1.0,0,85.0,144.0,3n-1m-36th-Dc-lu-mz,sequana_cpu_dev,3,11451311.0,1,36,D,lu-mz,4,4,300,1632,1216,34,76898.21,65432.82,142331.03,396.38,337.28,733.67,244.56,194.0, sdumont6167,27896881.88
6410.0,21168,196,4507632.0,3327492.0,3326740.0,4671196.0,911.36,4208.64,911.36,4208.64,1.0,0,90.0,120.0,3n-1m-36th-Dc-lu-mz,sequana_cpu_dev,3,11451314.0,1,36,D,lu-mz,4,4,300,1632,1216,34,76971.51,65620.09,142591.6,396.76,338.25,735.01,245.0,194.0, sdumont6166,27947953.6
6411.0,21168,196,4547220.0,3328972.0,3327649.3330078125,4671204.0,911.36,4208.64,911.36,4208.64,1.0,0,96.0,169.0,3n-1m-36th-Dc-lu-mz,sequana_cpu_dev,3,11451316.0,1,36,D,lu-mz,4,4,300,1632,1216,34,76998.13,65115.15,142113.28,396.9,335.65,732.54,244.18,194.0, sdumont6165,27854202.88
6413.0,21168,196,4547220.0,3328648.0,3328421.3330078125,4671192.0,911.36,4208.64,911.36,4208.64,1.0,0,62.0,78.0,3n-1m-36th-Dc-lu-mz,sequana_cpu_dev,3,11451320.0,1,36,D,lu-mz,4,4,300,1632,1216,34,77040.65,65160.52,142201.17,397.12,335.88,733.0,244.33,194.0, sdumont6166,27871429.320000004
6405.0,21168,196,4547220.0,3330640.0,3326880.0,4671192.0,911.36,4208.64,911.36,4208.64,1.0,0,157.0,236.0,3n-1m-36th-Dc-lu-mz,sequana_cpu_dev,3,11451321.0,1,36,D,lu-mz,4,4,300,1632,1216,34,77034.15,65117.19,142151.34,397.75,336.23,733.98,244.66,193.67, sdumont6165,27861662.64
6708.0,22116,194,4551344.0,3369472.0,3343368.0,4609788.0,921.6,4208.64,931.84,4208.64,1.0,0,128.0,138.0,3n-1m-38th-Dc-lu-mz,sequana_cpu_dev,3,11451323.0,1,38,D,lu-mz,4,4,300,1632,1216,34,75635.66,67849.71,143485.37,396.0,355.23,751.23,250.41,191.0, sdumont6167,27836161.779999997
6740.0,24168,212,4573192.0,3368712.0,3341918.666015625,4675332.0,911.36,4208.64,911.36,4208.64,1.0,0,104.0,143.0,3n-1m-38th-Dc-lu-mz,sequana_cpu_dev,3,11451327.0,1,38,D,lu-mz,4,4,300,1632,1216,34,76019.98,67796.85,143816.83,404.36,360.62,764.98,254.99,188.0, sdumont6166,30489167.959999997
6738.0,21660,190,4551346.666015625,3372192.0,3342378.666015625,4609792.0,911.36,4208.64,911.36,4208.64,1.0,0,77.0,108.0,3n-1m-38th-Dc-lu-mz,sequana_cpu_dev,3,11451328.0,1,38,D,lu-mz,4,4,300,1632,1216,34,75979.81,67891.69,143871.5,404.15,361.13,765.27,255.09,188.0, sdumont6167,27335585.0
6715.0,22116,194,4551346.666015625,3369520.0,3340728.0,4675328.0,921.6,4208.64,931.84,4208.64,1.0,0,88.0,109.0,3n-1m-38th-Dc-lu-mz,sequana_cpu_dev,3,11451331.0,1,38,D,lu-mz,4,4,300,1632,1216,34,75705.19,67882.53,143587.71,394.3,353.55,747.85,249.28,192.0, sdumont6165,27856015.74
6713.0,22002,193,4551345.3330078125,3368316.0,3341433.3330078125,4675324.0,911.36,4208.64,911.36,4208.64,1.0,0,89.0,110.0,3n-1m-38th-Dc-lu-mz,sequana_cpu_dev,3,11451333.0,1,38,D,lu-mz,4,4,300,1632,1216,34,75882.12,67927.17,143809.28,397.29,355.64,752.93,250.98,191.0, sdumont6165,27755191.04
7097.0,22800,190,4533597.3330078125,3368700.0,3340541.3330078125,4613880.0,911.36,4208.64,911.36,4208.64,1.0,0,97.0,121.0,3n-1m-40th-Dc-lu-mz,sequana_cpu_dev,3,11451336.0,1,40,D,lu-mz,4,4,300,1632,1216,34,75995.18,68457.42,144452.59,404.23,364.14,768.36,256.12,188.0, sdumont6167,27445992.099999998
7095.0,22920,191,4577289.3330078125,3369492.0,3342198.666015625,4679416.0,911.36,4208.64,911.36,4208.64,1.0,0,69.0,92.0,3n-1m-40th-Dc-lu-mz,sequana_cpu_dev,3,11451339.0,1,40,D,lu-mz,4,4,300,1632,1216,34,76003.01,68225.46,144228.47,402.13,360.98,763.11,254.37,189.0, sdumont6167,27547637.77
7089.0,22920,191,4555441.3330078125,3368648.0,3341689.3330078125,4679412.0,911.36,4208.64,911.36,4208.64,1.0,0,93.0,139.0,3n-1m-40th-Dc-lu-mz,sequana_cpu_dev,3,11451341.0,1,40,D,lu-mz,4,4,300,1632,1216,34,75925.01,68084.7,144009.71,401.72,360.24,761.96,253.99,189.0, sdumont6166,27505854.61
7098.0,22800,190,4555441.3330078125,3370736.0,3342730.666015625,4613876.0,911.36,4208.64,911.36,4208.64,1.0,0,96.0,137.0,3n-1m-40th-Dc-lu-mz,sequana_cpu_dev,3,11451342.0,1,40,D,lu-mz,4,4,300,1632,1216,34,76070.87,68361.23,144432.1,404.63,363.62,768.26,256.09,188.0, sdumont6167,27442099.0
7100.0,22800,190,4555445.3330078125,3369580.0,3341028.0,4613880.0,911.36,4208.64,911.36,4208.64,1.0,0,81.0,96.0,3n-1m-40th-Dc-lu-mz,sequana_cpu_dev,3,11451345.0,1,40,D,lu-mz,4,4,300,1632,1216,34,76028.48,68464.26,144492.74,404.41,364.17,768.58,256.19,188.0, sdumont6166,27453620.599999998
7437.0,23940,190,4537669.3330078125,3369908.0,3342198.666015625,4617996.0,911.36,4208.64,911.36,4208.64,1.0,0,141.0,231.0,3n-1m-42th-Dc-lu-mz,sequana_cpu_dev,3,11451347.0,1,42,D,lu-mz,4,4,300,1632,1216,34,75094.19,70393.5,145487.69,399.44,374.43,773.87,257.96,188.0, sdumont6167,27642661.1
7435.0,24192,192,4581360.0,3369212.0,3341308.0,4683528.0,911.36,4208.64,911.36,4208.64,1.0,0,137.0,205.0,3n-1m-42th-Dc-lu-mz,sequana_cpu_dev,3,11451352.0,1,42,D,lu-mz,4,4,300,1632,1216,34,75286.54,70396.72,145683.26,400.46,374.45,774.91,258.3,188.0, sdumont6165,27971185.92
7438.0,23814,189,4581358.666015625,3368480.0,3342505.3330078125,4683528.0,911.36,4208.64,911.36,4208.64,1.0,0,112.0,136.0,3n-1m-42th-Dc-lu-mz,sequana_cpu_dev,3,11451361.0,1,42,D,lu-mz,4,4,300,1632,1216,34,75357.39,70025.81,145383.2,400.84,372.48,773.31,257.77,188.0, sdumont6165,27477424.8
7363.0,23940,190,4581394.666015625,3369792.0,3340934.666015625,4683544.0,911.36,4208.64,911.36,4208.64,1.0,0,218.0,293.0,3n-1m-42th-Dc-lu-mz,sequana_cpu_dev,3,11451367.0,1,42,D,lu-mz,4,4,300,1632,1216,34,74862.17,69707.66,144569.82,396.1,368.82,764.92,254.97,189.0, sdumont6167,27468265.8
7287.0,24318,193,4559513.3330078125,3369520.0,3342313.3330078125,4683548.0,911.36,4208.64,911.36,4208.64,1.0,0,564.0,591.0,3n-1m-42th-Dc-lu-mz,sequana_cpu_dev,3,11451371.0,1,42,D,lu-mz,4,4,300,1632,1216,34,76227.71,67326.33,143554.03,399.1,352.49,751.59,250.53,191.0, sdumont6169,27705927.79
7715.0,24684,187,4585513.3330078125,3369592.0,3341436.0,4687656.0,911.36,4208.64,911.36,4218.88,1.0,0,92.0,100.0,3n-1m-44th-Dc-lu-mz,sequana_cpu_dev,3,11451377.0,1,44,D,lu-mz,4,4,300,1632,1216,34,76319.82,69106.03,145425.85,412.54,373.55,786.09,262.03,185.0, sdumont6171,27194633.95
7704.0,24684,187,4541829.3330078125,3369704.0,3341373.3330078125,4622124.0,911.36,4208.64,911.36,4218.88,1.0,0,136.0,232.0,3n-1m-44th-Dc-lu-mz,sequana_cpu_dev,3,11451383.0,1,44,D,lu-mz,4,4,300,1632,1216,34,74215.16,70444.44,144659.61,405.55,384.94,790.49,263.5,183.0, sdumont6167,27051347.069999997
7723.0,24552,186,4585506.666015625,3368976.0,3342845.3330078125,4687636.0,911.36,4208.64,911.36,4218.88,1.0,0,108.0,152.0,3n-1m-44th-Dc-lu-mz,sequana_cpu_dev,3,11451386.0,1,44,D,lu-mz,4,4,300,1632,1216,34,74126.08,70594.64,144720.72,402.86,383.67,786.53,262.18,184.0, sdumont6166,26918053.92
7735.0,24552,186,4563666.666015625,3369304.0,3341813.3330078125,4687640.0,911.36,4208.64,911.36,4218.88,1.0,0,128.0,168.0,3n-1m-44th-Dc-lu-mz,sequana_cpu_dev,3,11451391.0,1,44,D,lu-mz,4,4,300,1632,1216,34,74225.29,70951.65,145176.94,403.4,385.61,789.01,263.0,184.0, sdumont6166,27002910.84
7708.0,24816,188,4563669.3330078125,3370408.0,3341486.666015625,4687644.0,911.36,4208.64,911.36,4218.88,1.0,0,101.0,115.0,3n-1m-44th-Dc-lu-mz,sequana_cpu_dev,3,11451396.0,1,44,D,lu-mz,4,4,300,1632,1216,34,74038.83,70485.9,144524.73,398.06,378.96,777.01,259.0,186.0, sdumont6167,27170649.240000002
8006.0,26358,191,4545901.3330078125,3372260.0,3343414.666015625,4626236.0,911.36,4218.88,911.36,4218.88,1.0,0,88.0,108.0,3n-1m-46th-Dc-lu-mz,sequana_cpu_dev,3,11451397.0,1,46,D,lu-mz,4,4,300,1632,1216,34,73913.35,70803.01,144716.36,391.08,374.62,765.7,255.23,189.0, sdumont6166,27640824.759999998
7970.0,26496,192,4589544.0,3370100.0,3342677.3330078125,4691772.0,911.36,4218.88,911.36,4218.88,1.0,0,87.0,94.0,3n-1m-46th-Dc-lu-mz,sequana_cpu_dev,3,11451398.0,1,46,D,lu-mz,4,4,300,1632,1216,34,73723.89,70349.86,144073.75,388.02,370.26,758.28,252.76,190.0, sdumont6166,27662160.0
7981.0,26358,191,4567701.3330078125,3370268.0,3342620.0,4626240.0,911.36,4218.88,911.36,4218.88,1.0,0,81.0,99.0,3n-1m-46th-Dc-lu-mz,sequana_cpu_dev,3,11451399.0,1,46,D,lu-mz,4,4,300,1632,1216,34,73911.32,70219.83,144131.14,391.07,371.53,762.6,254.2,189.0, sdumont6167,27529047.740000002
7995.0,26358,191,4567702.666015625,3367880.0,3342050.666015625,4626236.0,911.36,4218.88,911.36,4218.88,1.0,0,76.0,92.0,3n-1m-46th-Dc-lu-mz,sequana_cpu_dev,3,11451400.0,1,46,D,lu-mz,4,4,300,1632,1216,34,74040.64,70337.48,144378.12,391.75,372.16,763.91,254.64,189.0, sdumont6166,27576220.919999998
8002.0,26220,190,4589546.666015625,3370556.0,3342376.0,4691768.0,911.36,4218.88,911.36,4218.88,1.0,0,85.0,133.0,3n-1m-46th-Dc-lu-mz,sequana_cpu_dev,3,11451402.0,1,46,D,lu-mz,4,4,300,1632,1216,34,73953.17,70615.78,144568.95,393.37,375.62,768.98,256.33,188.0, sdumont6165,27468100.500000004
8213.0,28368,197,4571898.666015625,3367640.0,3341361.3330078125,4695880.0,911.36,4218.88,911.36,4218.88,1.0,0,139.0,216.0,3n-1m-48th-Dc-lu-mz,sequana_cpu_dev,3,11451406.0,1,48,D,lu-mz,4,4,300,1632,1216,34,73133.07,72730.76,145863.83,376.97,374.9,751.88,250.63,194.0, sdumont6165,28735174.509999998
8190.0,28368,197,4571850.666015625,3372912.0,3342566.666015625,4630340.0,911.36,4218.88,911.36,4218.88,1.0,0,102.0,122.0,3n-1m-48th-Dc-lu-mz,sequana_cpu_dev,3,11451410.0,1,48,D,lu-mz,4,4,300,1632,1216,34,73088.01,72345.32,145433.33,374.81,371.0,745.81,248.6,195.0, sdumont6165,28650366.009999998
8243.0,28080,195,4571896.0,3370552.0,3341796.0,4695880.0,911.36,4218.88,911.36,4218.88,1.0,0,108.0,113.0,3n-1m-48th-Dc-lu-mz,sequana_cpu_dev,3,11451413.0,1,48,D,lu-mz,4,4,300,1632,1216,34,73309.84,72569.95,145879.79,377.89,374.07,751.96,250.65,194.0, sdumont6166,28446559.05
8183.0,28368,197,4593741.3330078125,3371192.0,3342682.666015625,4695876.0,911.36,4218.88,911.36,4218.88,1.0,0,145.0,236.0,3n-1m-48th-Dc-lu-mz,sequana_cpu_dev,3,11451419.0,1,48,D,lu-mz,4,4,300,1632,1216,34,73184.81,72440.0,145624.82,377.24,373.4,750.64,250.21,194.0, sdumont6165,28688089.540000003
8218.0,28080,195,4571894.666015625,3369992.0,3342013.3330078125,4695880.0,911.36,4218.88,911.36,4218.88,1.0,0,120.0,145.0,3n-1m-48th-Dc-lu-mz,sequana_cpu_dev,3,11451422.0,1,48,D,lu-mz,4,4,300,1632,1216,34,73223.33,72329.03,145552.37,377.44,372.83,750.27,250.09,194.0, sdumont6165,28382712.15
2600.0,10912,682,3608858.0,2624700.0,2621148.0,3759132.0,1167.36,4208.64,1167.36,4208.64,1.0,0,104.0,381.0,4n-1m-4th-Dc-lu-mz,sequana_cpu_dev,4,11451427.0,1,4,D,lu-mz,4,4,300,1632,1216,34,216095.74,112557.08,328652.82,317.32,165.28,482.6,120.65,681.0, sdumont6167,224141223.24
2609.0,10864,679,3605817.0,2624320.0,2617620.0,3771560.0,1167.36,4208.64,1167.36,4208.64,1.0,0,2.0,4.0,4n-1m-4th-Dc-lu-mz,sequana_cpu_dev,4,11451442.0,1,4,D,lu-mz,4,4,300,1632,1216,34,216494.04,112600.48,329094.53,319.31,166.08,485.39,121.35,678.0, sdumont6168,223455185.87
2611.0,10864,679,3608882.0,2623744.0,2619627.0,3771540.0,1167.36,4208.64,1167.36,4208.64,1.0,0,1.0,5.0,4n-1m-4th-Dc-lu-mz,sequana_cpu_dev,4,11451451.0,1,4,D,lu-mz,4,4,300,1632,1216,34,216567.31,112743.76,329311.07,319.89,166.53,486.43,121.61,677.0, sdumont6168,223602216.53
2599.0,10928,683,3611897.0,2623976.0,2622130.0,3771404.0,1167.36,4208.64,1167.36,4208.64,1.0,0,65.0,183.0,4n-1m-4th-Dc-lu-mz,sequana_cpu_dev,4,11451459.0,1,4,D,lu-mz,4,4,300,1632,1216,34,215950.97,112616.2,328567.17,316.87,165.25,482.12,120.53,681.5, sdumont6166,224411377.10999998
2609.0,10896,681,3608823.0,2622588.0,2619561.0,3759264.0,1177.6,4208.64,1187.84,4208.64,1.0,0,27.0,51.0,4n-1m-4th-Dc-lu-mz,sequana_cpu_dev,4,11451469.0,1,4,D,lu-mz,4,4,300,1632,1216,34,216450.13,112596.32,329046.45,318.78,165.84,484.62,121.15,679.0, sdumont6167,224080632.45000002
2821.0,11616,484,3612969.0,2621544.0,2619053.0,3775668.0,1075.2,4208.64,1075.2,4208.64,1.0,0,11.0,41.0,4n-1m-6th-Dc-lu-mz,sequana_cpu_dev,4,11451481.0,1,6,D,lu-mz,4,4,300,1632,1216,34,186008.0,81601.05,267609.05,385.33,169.04,554.37,138.59,482.75, sdumont6168,129522780.19999999
2823.0,11592,483,3609896.0,2622356.0,2616795.0,3775648.0,1075.2,4208.64,1075.2,4208.64,1.0,0,1.0,2.0,4n-1m-6th-Dc-lu-mz,sequana_cpu_dev,4,11451487.0,1,6,D,lu-mz,4,4,300,1632,1216,34,174751.23,76573.82,251325.04,363.31,159.2,522.51,130.63,481.0, sdumont6165,121389994.32000001
2824.0,11592,483,3609928.0,2621964.0,2616807.0,3775672.0,1064.96,4208.64,1075.2,4208.64,1.0,0,1.0,3.0,4n-1m-6th-Dc-lu-mz,sequana_cpu_dev,4,11451489.0,1,6,D,lu-mz,4,4,300,1632,1216,34,174828.08,76577.6,251405.68,364.04,159.46,523.5,130.87,480.25, sdumont6166,121428943.44
2814.0,11664,486,3609899.0,2622232.0,2617158.0,3775544.0,1075.2,4208.64,1075.2,4208.64,1.0,0,16.0,34.0,4n-1m-6th-Dc-lu-mz,sequana_cpu_dev,4,11451493.0,1,6,D,lu-mz,4,4,300,1632,1216,34,185984.03,81661.76,267645.79,384.07,168.64,552.71,138.18,484.25, sdumont6168,130075853.93999998
2814.0,11664,486,3613005.0,2623496.0,2620421.0,3775676.0,1075.2,4208.64,1075.2,4208.64,1.0,0,26.0,44.0,4n-1m-6th-Dc-lu-mz,sequana_cpu_dev,4,11451495.0,1,6,D,lu-mz,4,4,300,1632,1216,34,185867.0,81606.34,267473.34,384.02,168.61,552.63,138.16,484.0, sdumont6165,129992043.24000001
2792.0,12384,387,3617078.0,2622148.0,2619313.0,3767492.0,1003.52,4208.64,1013.76,4208.64,1.0,0,33.0,63.0,4n-1m-8th-Dc-lu-mz,sequana_cpu_dev,4,11451496.0,1,8,D,lu-mz,4,4,300,1632,1216,34,160454.73,61296.78,221751.5,416.77,159.21,575.98,143.99,385.0, sdumont6167,85817830.5
2796.0,12352,386,3617080.0,2622100.0,2619080.0,3779768.0,1003.52,4208.64,1013.76,4208.64,1.0,0,5.0,13.0,4n-1m-8th-Dc-lu-mz,sequana_cpu_dev,4,11451498.0,1,8,D,lu-mz,4,4,300,1632,1216,34,160611.93,61273.8,221885.73,418.26,159.57,577.83,144.46,384.0, sdumont6165,85647891.78
2794.0,12352,386,3620187.0,2622964.0,2622608.0,3779764.0,1003.52,4208.64,1013.76,4208.64,1.0,0,28.0,67.0,4n-1m-8th-Dc-lu-mz,sequana_cpu_dev,4,11451499.0,1,8,D,lu-mz,4,4,300,1632,1216,34,160536.93,61338.37,221875.3,418.06,159.74,577.8,144.45,384.0, sdumont6168,85643865.8
2784.0,12448,389,3617119.0,2623180.0,2619639.0,3767492.0,1003.52,4208.64,1013.76,4208.64,1.0,0,14.0,45.0,4n-1m-8th-Dc-lu-mz,sequana_cpu_dev,4,11451500.0,1,8,D,lu-mz,4,4,300,1632,1216,34,159591.9,61022.74,220614.64,412.38,157.68,570.06,142.52,387.0, sdumont6168,85819094.96000001
2794.0,12352,386,3617078.0,2622656.0,2619712.0,3767340.0,1013.76,4208.64,1013.76,4208.64,1.0,0,3.0,9.0,4n-1m-8th-Dc-lu-mz,sequana_cpu_dev,4,11451501.0,1,8,D,lu-mz,4,4,300,1632,1216,34,160551.86,61239.16,221791.02,418.1,159.48,577.58,144.4,384.0, sdumont6167,85611333.72
3168.0,13840,346,3618113.0,2624324.0,2617869.0,3783872.0,993.28,4208.64,993.28,4208.64,1.0,0,24.0,55.0,4n-1m-10th-Dc-lu-mz,sequana_cpu_dev,4,11451502.0,1,10,D,lu-mz,4,4,300,1632,1216,34,161960.61,56089.6,218050.21,471.53,163.29,634.81,158.7,343.5, sdumont6168,75445372.66
3160.0,13880,347,3621222.0,2622420.0,2619387.0,3783892.0,993.28,4208.64,1013.76,4208.64,1.0,0,29.0,46.0,4n-1m-10th-Dc-lu-mz,sequana_cpu_dev,4,11451503.0,1,10,D,lu-mz,4,4,300,1632,1216,34,161492.64,56039.31,217531.95,468.75,162.67,631.42,157.86,344.5, sdumont6167,75483586.65
3153.0,13880,347,3624297.0,2623248.0,2622220.0,3783892.0,993.28,4208.64,993.28,4208.64,1.0,0,26.0,53.0,4n-1m-10th-Dc-lu-mz,sequana_cpu_dev,4,11451505.0,1,10,D,lu-mz,4,4,300,1632,1216,34,161430.94,56045.69,217476.64,467.92,162.45,630.37,157.59,345.0, sdumont6168,75464394.08
3154.0,13840,346,3621206.0,2622140.0,2619362.0,3771576.0,993.28,4208.64,1013.76,4208.64,1.0,0,5.0,11.0,4n-1m-10th-Dc-lu-mz,sequana_cpu_dev,4,11451508.0,1,10,D,lu-mz,4,4,300,1632,1216,34,161534.59,56125.82,217660.41,469.58,163.16,632.73,158.18,344.0, sdumont6167,75310501.86
3175.0,13720,343,3621216.0,2622216.0,2619829.0,3771580.0,993.28,4208.64,993.28,4208.64,1.0,0,18.0,56.0,4n-1m-10th-Dc-lu-mz,sequana_cpu_dev,4,11451509.0,1,10,D,lu-mz,4,4,300,1632,1216,34,162206.82,56168.23,218375.05,475.68,164.72,640.4,160.1,341.0, sdumont6165,74902642.14999999
3443.0,15072,314,3622227.0,2622908.0,2617619.0,3787852.0,972.8,4208.64,972.8,4208.64,1.0,0,24.0,63.0,4n-1m-12th-Dc-lu-mz,sequana_cpu_dev,4,11451510.0,1,12,D,lu-mz,4,4,300,1632,1216,34,153846.55,51001.3,204847.85,493.1,163.47,656.56,164.14,312.0, sdumont6165,64322224.9
3465.0,15024,313,3625299.0,2623380.0,2619892.0,3787848.0,972.8,4208.64,983.04,4208.64,1.0,0,7.0,8.0,4n-1m-12th-Dc-lu-mz,sequana_cpu_dev,4,11451511.0,1,12,D,lu-mz,4,4,300,1632,1216,34,154169.54,51009.0,205178.54,495.72,164.02,659.74,164.93,311.0, sdumont6165,64220883.02
3443.0,15168,316,3625332.0,2622040.0,2619403.0,3775704.0,972.8,4208.64,972.8,4208.64,1.0,0,13.0,35.0,4n-1m-12th-Dc-lu-mz,sequana_cpu_dev,4,11451513.0,1,12,D,lu-mz,4,4,300,1632,1216,34,153844.22,50913.4,204757.62,491.14,162.53,653.66,163.42,313.25, sdumont6168,64703407.92
3425.0,15264,318,3622257.0,2624024.0,2617421.0,3787996.0,972.8,4208.64,972.8,4208.64,1.0,0,33.0,48.0,4n-1m-12th-Dc-lu-mz,sequana_cpu_dev,4,11451515.0,1,12,D,lu-mz,4,4,300,1632,1216,34,153201.08,51007.68,204208.76,484.81,161.42,646.23,161.56,316.0, sdumont6165,64938385.68
3464.0,15024,313,3625271.0,2623216.0,2620246.0,3787868.0,972.8,4208.64,972.8,4208.64,1.0,0,45.0,60.0,4n-1m-12th-Dc-lu-mz,sequana_cpu_dev,4,11451516.0,1,12,D,lu-mz,4,4,300,1632,1216,34,154353.05,50962.28,205315.33,496.31,163.87,660.18,165.04,311.0, sdumont6167,64263698.29
3582.0,16632,297,3629443.0,2623368.0,2620231.0,3792092.0,962.56,4208.64,962.56,4208.64,1.0,0,9.0,16.0,4n-1m-14th-Dc-lu-mz,sequana_cpu_dev,4,11451526.0,1,14,D,lu-mz,4,4,300,1632,1216,34,143399.65,45805.68,189205.33,486.1,155.27,641.37,160.34,295.0, sdumont6168,56193983.01
3592.0,16576,296,3629442.0,2622176.0,2619884.0,3779808.0,962.56,4208.64,962.56,4208.64,1.0,0,14.0,29.0,4n-1m-14th-Dc-lu-mz,sequana_cpu_dev,4,11451527.0,1,14,D,lu-mz,4,4,300,1632,1216,34,144348.79,45887.04,190235.83,490.98,156.08,647.06,161.77,294.0, sdumont6166,56309805.68
3599.0,16520,295,3629407.0,2622280.0,2619515.0,3779800.0,952.32,4208.64,962.56,4208.64,1.0,0,22.0,66.0,4n-1m-14th-Dc-lu-mz,sequana_cpu_dev,4,11451528.0,1,14,D,lu-mz,4,4,300,1632,1216,34,144678.14,45961.03,190639.18,493.78,156.86,650.65,162.66,293.0, sdumont6166,56238558.1
3587.0,16576,296,3629442.0,2623788.0,2620635.0,3779804.0,962.56,4208.64,962.56,4208.64,1.0,0,10.0,13.0,4n-1m-14th-Dc-lu-mz,sequana_cpu_dev,4,11451529.0,1,14,D,lu-mz,4,4,300,1632,1216,34,144435.16,45907.55,190342.71,491.28,156.15,647.42,161.86,294.0, sdumont6166,56341442.16
3592.0,16576,296,3629442.0,2623328.0,2620343.0,3792092.0,962.56,4208.64,983.04,4208.64,1.0,0,12.0,17.0,4n-1m-14th-Dc-lu-mz,sequana_cpu_dev,4,11451530.0,1,14,D,lu-mz,4,4,300,1632,1216,34,144771.48,46013.63,190785.11,494.1,157.04,651.14,162.79,293.0, sdumont6167,56472392.559999995
4076.0,17664,276,3633524.0,2622856.0,2620023.0,3796228.0,962.56,4208.64,962.56,4208.64,1.0,0,17.0,18.0,4n-1m-16th-Dc-lu-mz,sequana_cpu_dev,4,11451531.0,1,16,D,lu-mz,4,4,300,1632,1216,34,148766.36,45888.21,194654.57,542.94,167.48,710.42,177.6,274.0, sdumont6168,53724661.32
4105.0,17600,275,3633488.0,2623540.0,2620346.0,3796068.0,962.56,4208.64,962.56,4208.64,2.0,0,16.0,26.0,4n-1m-16th-Dc-lu-mz,sequana_cpu_dev,4,11451533.0,1,16,D,lu-mz,4,4,300,1632,1216,34,148979.73,45894.41,194874.15,545.71,168.11,713.82,178.46,273.0, sdumont6165,53590391.25
4100.0,17664,276,3633553.0,2623092.0,2620201.0,3796220.0,952.32,4208.64,962.56,4208.64,1.0,0,18.0,23.0,4n-1m-16th-Dc-lu-mz,sequana_cpu_dev,4,11451534.0,1,16,D,lu-mz,4,4,300,1632,1216,34,148727.33,45914.8,194642.13,542.8,167.57,710.37,177.59,274.0, sdumont6166,53721227.88
4072.0,17856,279,3633555.0,2623524.0,2619650.0,3796208.0,962.56,4208.64,962.56,4208.64,1.0,0,25.0,49.0,4n-1m-16th-Dc-lu-mz,sequana_cpu_dev,4,11451535.0,1,16,D,lu-mz,4,4,300,1632,1216,34,148276.09,45889.19,194165.28,537.23,166.27,703.5,175.87,276.0, sdumont6167,54172113.12
4068.0,17792,278,3633553.0,2621912.0,2619200.0,3783928.0,962.56,4208.64,962.56,4208.64,1.0,0,27.0,46.0,4n-1m-16th-Dc-lu-mz,sequana_cpu_dev,4,11451536.0,1,16,D,lu-mz,4,4,300,1632,1216,34,148230.36,45934.22,194164.57,537.07,166.43,703.49,175.87,276.0, sdumont6168,53977750.46
4034.0,19440,270,3637661.0,2623288.0,2619571.0,3788048.0,942.08,4208.64,942.08,4208.64,1.0,0,48.0,119.0,4n-1m-18th-Dc-lu-mz,sequana_cpu_dev,4,11451537.0,1,18,D,lu-mz,4,4,300,1632,1216,34,134229.41,40672.35,174901.76,500.86,151.76,652.62,163.15,268.0, sdumont6168,47223475.2
4048.0,19512,271,3640740.0,2623296.0,2622818.0,3800336.0,942.08,4208.64,942.08,4208.64,1.0,0,42.0,86.0,4n-1m-18th-Dc-lu-mz,sequana_cpu_dev,4,11451538.0,1,18,D,lu-mz,4,4,300,1632,1216,34,133897.14,40574.78,174471.93,499.62,151.4,651.01,162.75,268.0, sdumont6168,47281893.03
4088.0,19152,266,3640702.0,2623772.0,2623343.0,3800208.0,942.08,4208.64,942.08,4208.64,320.0,0,20.0,26.0,4n-1m-18th-Dc-lu-mz,sequana_cpu_dev,4,11451540.0,1,18,D,lu-mz,4,4,300,1632,1216,34,135035.14,41073.38,176108.52,510.04,155.13,665.17,166.29,264.75, sdumont6167,46844866.32
4072.0,19224,267,3634552.0,2622756.0,2618158.0,3800328.0,942.08,4208.64,942.08,4208.64,1.0,0,18.0,22.0,4n-1m-18th-Dc-lu-mz,sequana_cpu_dev,4,11451541.0,1,18,D,lu-mz,4,4,300,1632,1216,34,134878.82,40659.88,175538.7,508.98,153.43,662.41,165.6,265.0, sdumont6166,46868832.900000006
4085.0,19152,266,3637634.0,2622848.0,2620159.0,3788044.0,942.08,4208.64,942.08,4208.64,1.0,0,21.0,24.0,4n-1m-18th-Dc-lu-mz,sequana_cpu_dev,4,11451542.0,1,18,D,lu-mz,4,4,300,1632,1216,34,135177.1,40589.06,175766.15,512.03,153.75,665.78,166.45,264.0, sdumont6167,46753795.9
4486.0,21440,268,3641773.0,2628992.0,2621272.0,3792148.0,942.08,4208.64,942.08,4208.64,53.0,0,409.0,415.0,4n-1m-20th-Dc-lu-mz,sequana_cpu_dev,4,11451544.0,1,20,D,lu-mz,4,4,300,1632,1216,34,133623.91,39337.02,172960.92,500.46,147.33,647.79,161.95,267.0, sdumont6169,46353526.56
4591.0,21040,263,3638673.0,2624100.0,2618482.0,3804440.0,942.08,4208.64,942.08,4208.64,94.0,0,18.0,23.0,4n-1m-20th-Dc-lu-mz,sequana_cpu_dev,4,11451547.0,1,20,D,lu-mz,4,4,300,1632,1216,34,136302.74,41105.2,177407.93,520.24,156.89,677.13,169.28,262.0, sdumont6166,46658285.589999996
4594.0,21280,266,3641746.0,2623372.0,2620449.0,3792148.0,942.08,4208.64,942.08,4208.64,1.0,0,19.0,27.0,4n-1m-20th-Dc-lu-mz,sequana_cpu_dev,4,11451548.0,1,20,D,lu-mz,4,4,300,1632,1216,34,135693.64,40507.54,176201.19,517.91,154.61,672.52,168.13,262.0, sdumont6167,46869516.54
4572.0,21200,265,3641762.0,2623280.0,2620182.0,3804440.0,942.08,4208.64,952.32,4208.64,1.0,0,22.0,25.0,4n-1m-20th-Dc-lu-mz,sequana_cpu_dev,4,11451549.0,1,20,D,lu-mz,4,4,300,1632,1216,34,135626.71,40504.93,176131.64,517.66,154.6,672.26,168.06,262.0, sdumont6167,46674884.6
4579.0,21120,264,3644844.0,2623816.0,2623014.0,3804440.0,942.08,4208.64,942.08,4208.64,1.0,0,15.0,21.0,4n-1m-20th-Dc-lu-mz,sequana_cpu_dev,4,11451550.0,1,20,D,lu-mz,4,4,300,1632,1216,34,135701.78,40545.43,176247.21,517.95,154.75,672.7,168.17,262.0, sdumont6165,46529263.44
4981.0,22616,257,3648897.0,2623660.0,2622886.0,3808488.0,942.08,4208.64,942.08,4208.64,1.0,0,49.0,132.0,4n-1m-22th-Dc-lu-mz,sequana_cpu_dev,4,11451551.0,1,22,D,lu-mz,4,4,300,1632,1216,34,136958.11,40111.04,177069.14,537.09,157.3,694.39,173.6,255.0, sdumont6168,45506768.980000004
4958.0,22704,258,3648889.0,2624044.0,2623168.0,3808484.0,942.08,4208.64,942.08,4208.64,1.0,0,19.0,24.0,4n-1m-22th-Dc-lu-mz,sequana_cpu_dev,4,11451552.0,1,22,D,lu-mz,4,4,300,1632,1216,34,137015.2,40356.12,177371.32,535.22,157.64,692.86,173.21,256.0, sdumont6167,45761800.56
4922.0,22968,261,3642746.0,2624424.0,2618355.0,3808488.0,942.08,4208.64,942.08,4208.64,1.0,0,43.0,83.0,4n-1m-22th-Dc-lu-mz,sequana_cpu_dev,4,11451553.0,1,22,D,lu-mz,4,4,300,1632,1216,34,136055.21,40403.62,176458.84,525.31,156.0,681.31,170.33,259.0, sdumont6167,46055757.24
4969.0,22616,257,3645819.0,2623368.0,2620740.0,3796192.0,942.08,4208.64,942.08,4208.64,1.0,0,20.0,24.0,4n-1m-22th-Dc-lu-mz,sequana_cpu_dev,4,11451554.0,1,22,D,lu-mz,4,4,300,1632,1216,34,136790.4,40113.78,176904.18,536.43,157.31,693.74,173.44,255.0, sdumont6167,45464374.26
4953.0,22616,257,3645816.0,2625480.0,2621065.0,3808484.0,942.08,4208.64,942.08,4208.64,1.0,0,22.0,24.0,4n-1m-22th-Dc-lu-mz,sequana_cpu_dev,4,11451555.0,1,22,D,lu-mz,4,4,300,1632,1216,34,136661.46,40287.58,176949.04,535.93,157.99,693.92,173.48,255.0, sdumont6168,45475903.28
5390.0,24960,260,3649963.0,2624072.0,2620573.0,3812668.0,942.08,4208.64,942.08,4208.64,1.0,0,41.0,98.0,4n-1m-24th-Dc-lu-mz,sequana_cpu_dev,4,11451556.0,1,24,D,lu-mz,4,4,300,1632,1216,34,139158.0,40877.67,180035.67,539.37,158.44,697.81,174.45,258.0, sdumont6165,46809274.2
5389.0,24672,257,3649995.0,2623736.0,2620589.0,3812668.0,942.08,4208.64,942.08,4208.64,1.0,0,22.0,29.0,4n-1m-24th-Dc-lu-mz,sequana_cpu_dev,4,11451557.0,1,24,D,lu-mz,4,4,300,1632,1216,34,139491.0,40965.78,180456.77,547.02,160.65,707.67,176.92,255.0, sdumont6166,46377389.89
5421.0,24672,257,3646926.0,2625224.0,2618844.0,3812668.0,942.08,4208.64,942.08,4208.64,1.0,0,25.0,32.0,4n-1m-24th-Dc-lu-mz,sequana_cpu_dev,4,11451558.0,1,24,D,lu-mz,4,4,300,1632,1216,34,139855.6,41045.49,180901.1,548.45,160.96,709.42,177.35,255.0, sdumont6165,46491582.7
5400.0,24576,256,3649972.0,2623208.0,2620958.0,3800376.0,942.08,4208.64,942.08,4208.64,1.0,0,21.0,26.0,4n-1m-24th-Dc-lu-mz,sequana_cpu_dev,4,11451559.0,1,24,D,lu-mz,4,4,300,1632,1216,34,139845.44,41139.88,180985.31,550.57,161.97,712.54,178.14,254.0, sdumont6166,46332239.36
5429.0,24480,255,3649996.0,2624332.0,2620926.0,3812668.0,942.08,4208.64,942.08,4208.64,1.0,0,22.0,30.0,4n-1m-24th-Dc-lu-mz,sequana_cpu_dev,4,11451560.0,1,24,D,lu-mz,4,4,300,1632,1216,34,140091.78,41077.18,181168.96,551.54,161.72,713.26,178.32,254.0, sdumont6166,46198084.8
5070.0,24960,240,3654117.0,2624900.0,2621336.0,3816780.0,931.84,4208.64,931.84,4208.64,1.0,0,21.0,31.0,4n-1m-26th-Dc-lu-mz,sequana_cpu_dev,4,11451561.0,1,26,D,lu-mz,4,4,300,1632,1216,34,121620.25,52814.1,174434.34,511.01,221.91,732.92,183.23,238.0, sdumont6166,41864241.6
5085.0,24856,239,3657183.0,2624568.0,2623828.0,3816780.0,921.6,4208.64,931.84,4208.64,1.0,0,20.0,31.0,4n-1m-26th-Dc-lu-mz,sequana_cpu_dev,4,11451562.0,1,26,D,lu-mz,4,4,300,1632,1216,34,121839.13,52829.61,174668.74,514.09,222.91,737.0,184.25,237.0, sdumont6168,41745828.86
5058.0,24752,238,3654080.0,2623968.0,2620909.0,3804344.0,931.84,4208.64,952.32,4208.64,1.0,0,24.0,26.0,4n-1m-26th-Dc-lu-mz,sequana_cpu_dev,4,11451563.0,1,26,D,lu-mz,4,4,300,1632,1216,34,121731.22,52611.42,174342.64,515.81,222.93,738.74,184.69,236.0, sdumont6165,41493548.32
5073.0,24648,237,3654115.0,2625860.0,2622001.0,3804488.0,921.6,4208.64,931.84,4208.64,1.0,0,21.0,31.0,4n-1m-26th-Dc-lu-mz,sequana_cpu_dev,4,11451565.0,1,26,D,lu-mz,4,4,300,1632,1216,34,121991.1,52937.39,174928.49,519.11,225.27,744.38,186.09,235.0, sdumont6168,41458052.129999995
5067.0,24648,237,3654114.0,2624872.0,2621490.0,3804484.0,931.84,4208.64,931.84,4208.64,304.0,0,70.0,114.0,4n-1m-26th-Dc-lu-mz,sequana_cpu_dev,4,11451567.0,1,26,D,lu-mz,4,4,300,1632,1216,34,122053.53,53873.61,175927.14,519.38,229.25,748.63,187.16,235.0, sdumont6165,41694732.18
5430.0,24752,221,3661255.0,2624500.0,2623951.0,3820888.0,921.6,4208.64,931.84,4208.64,1.0,0,29.0,38.0,4n-1m-28th-Dc-lu-mz,sequana_cpu_dev,4,11451568.0,1,28,D,lu-mz,4,4,300,1632,1216,34,121780.35,64150.39,185930.74,556.07,292.92,849.0,212.25,219.0, sdumont6166,41090693.54
5373.0,24752,221,3658188.0,2624416.0,2621135.0,3808464.0,921.6,4208.64,931.84,4208.64,0.0,0,43.0,106.0,4n-1m-28th-Dc-lu-mz,sequana_cpu_dev,4,11451569.0,1,28,D,lu-mz,4,4,300,1632,1216,34,120986.39,63695.98,184682.37,549.94,289.53,839.47,209.87,220.0, sdumont6167,40814803.769999996
5450.0,24304,217,3658194.0,2623884.0,2620719.0,3808596.0,921.6,4208.64,931.84,4208.64,1.0,0,28.0,36.0,4n-1m-28th-Dc-lu-mz,sequana_cpu_dev,4,11451570.0,1,28,D,lu-mz,4,4,300,1632,1216,34,122063.35,64482.16,186545.51,565.11,298.53,863.64,215.91,216.0, sdumont6165,40480375.67
5437.0,24304,217,3658152.0,2623700.0,2620650.0,3820740.0,921.6,4208.64,931.84,4208.64,0.0,0,28.0,37.0,4n-1m-28th-Dc-lu-mz,sequana_cpu_dev,4,11451571.0,1,28,D,lu-mz,4,4,300,1632,1216,34,122104.2,64486.87,186591.06,565.3,298.55,863.85,215.96,216.0, sdumont6167,40490260.019999996
5410.0,24640,220,3658187.0,2624728.0,2621298.0,3820884.0,921.6,4208.64,931.84,4208.64,1.0,0,25.0,35.0,4n-1m-28th-Dc-lu-mz,sequana_cpu_dev,4,11451572.0,1,28,D,lu-mz,4,4,300,1632,1216,34,121522.15,63726.33,185248.49,557.44,292.32,849.76,212.44,218.0, sdumont6168,40754667.8
5052.0,24840,207,3662333.0,2624720.0,2621294.0,3824996.0,911.36,4208.64,911.36,4208.64,0.0,0,28.0,40.0,4n-1m-30th-Dc-lu-mz,sequana_cpu_dev,4,11451573.0,1,30,D,lu-mz,4,4,300,1632,1216,34,104478.17,64194.36,168672.54,509.65,313.14,822.79,205.7,205.0, sdumont6168,34915215.78
5790.0,25440,212,3659260.0,2624104.0,2618274.0,3825004.0,931.84,4208.64,952.32,4208.64,1.0,0,29.0,39.0,4n-1m-30th-Dc-lu-mz,sequana_cpu_dev,4,11451574.0,1,30,D,lu-mz,4,4,300,1632,1216,34,103188.58,63317.58,166506.16,491.37,301.51,792.89,198.22,210.0, sdumont6165,35299305.92
5052.0,24960,208,3662335.0,2624120.0,2620965.0,3812708.0,911.36,4208.64,911.36,4208.64,0.0,0,33.0,50.0,4n-1m-30th-Dc-lu-mz,sequana_cpu_dev,4,11451575.0,1,30,D,lu-mz,4,4,300,1632,1216,34,104389.27,63968.27,168357.54,506.74,310.53,817.27,204.32,206.0, sdumont6166,35018368.32
5072.0,24840,207,3665408.0,2623468.0,2623191.0,3825000.0,911.36,4208.64,911.36,4208.64,1.0,0,58.0,127.0,4n-1m-30th-Dc-lu-mz,sequana_cpu_dev,4,11451576.0,1,30,D,lu-mz,4,4,300,1632,1216,34,104676.96,64124.7,168801.66,510.62,312.8,823.42,205.86,205.0, sdumont6165,34941943.62
5011.0,25200,210,3665410.0,2624116.0,2623613.0,3825004.0,911.36,4208.64,931.84,4208.64,0.0,0,25.0,36.0,4n-1m-30th-Dc-lu-mz,sequana_cpu_dev,4,11451577.0,1,30,D,lu-mz,4,4,300,1632,1216,34,103712.48,63416.83,167129.3,498.62,304.89,803.51,200.88,208.0, sdumont6166,35097153.0
5242.0,24832,194,3666444.0,2623420.0,2620631.0,3829116.0,911.36,4208.64,911.36,4208.64,1.0,0,472.0,483.0,4n-1m-32th-Dc-lu-mz,sequana_cpu_dev,4,11451579.0,1,32,D,lu-mz,4,4,300,1632,1216,34,105367.62,68196.65,173564.27,545.95,353.35,899.3,224.82,193.0, sdumont6273,33671468.379999995
5309.0,25216,197,3666445.0,2626244.0,2621389.0,3816824.0,911.36,4208.64,911.36,4208.64,1.0,0,481.0,484.0,4n-1m-32th-Dc-lu-mz,sequana_cpu_dev,4,11451584.0,1,32,D,lu-mz,4,4,300,1632,1216,34,106045.8,72932.05,178977.86,554.49,381.35,935.84,233.96,191.25, sdumont6264,35258638.419999994
5418.0,24320,190,3666440.0,2624780.0,2621436.0,3829108.0,911.36,4208.64,911.36,4208.64,1.0,0,59.0,70.0,4n-1m-32th-Dc-lu-mz,sequana_cpu_dev,4,11451585.0,1,32,D,lu-mz,4,4,300,1632,1216,34,107636.78,74049.45,181686.23,571.78,393.36,965.14,241.28,188.25, sdumont6267,34520383.7
5437.0,24192,189,3666410.0,2624568.0,2621409.0,3828980.0,911.36,4208.64,911.36,4208.64,0.0,0,55.0,76.0,4n-1m-32th-Dc-lu-mz,sequana_cpu_dev,4,11451586.0,1,32,D,lu-mz,4,4,300,1632,1216,34,107656.12,74409.57,182065.69,574.94,397.38,972.32,243.08,187.25, sdumont6267,34410415.410000004
5380.0,24448,191,3666444.0,2624312.0,2621268.0,3829112.0,911.36,4208.64,911.36,4208.64,1.0,0,73.0,78.0,4n-1m-32th-Dc-lu-mz,sequana_cpu_dev,4,11451587.0,1,32,D,lu-mz,4,4,300,1632,1216,34,107584.92,74153.53,181738.45,569.23,392.35,961.58,240.39,189.0, sdumont6264,34712043.95
4767.0,23664,174,3667491.0,2625128.0,2619115.0,3833228.0,890.88,4208.64,901.12,4208.64,1.0,0,50.0,59.0,4n-1m-34th-Dc-lu-mz,sequana_cpu_dev,4,11451589.0,1,34,D,lu-mz,4,4,300,1632,1216,34,89695.49,70068.59,159764.07,520.73,406.79,927.52,231.88,172.25, sdumont6264,27798948.18
4731.0,23800,175,3670524.0,2624200.0,2621731.0,3820788.0,890.88,4208.64,890.88,4208.64,1.0,0,64.0,66.0,4n-1m-34th-Dc-lu-mz,sequana_cpu_dev,4,11451590.0,1,34,D,lu-mz,4,4,300,1632,1216,34,89551.85,69533.66,159085.51,514.67,399.62,914.28,228.57,174.0, sdumont6267,27839964.25
4763.0,23664,174,3670560.0,2626856.0,2622750.0,3833228.0,890.88,4208.64,901.12,4208.64,1.0,0,63.0,76.0,4n-1m-34th-Dc-lu-mz,sequana_cpu_dev,4,11451591.0,1,34,D,lu-mz,4,4,300,1632,1216,34,89637.81,70123.3,159761.11,520.4,407.11,927.5,231.88,172.25, sdumont6266,27798433.139999997
4790.0,23800,175,3673637.0,2626420.0,2624478.0,3833232.0,890.88,4208.64,901.12,4208.64,1.0,0,118.0,154.0,4n-1m-34th-Dc-lu-mz,sequana_cpu_dev,4,11451592.0,1,34,D,lu-mz,4,4,300,1632,1216,34,89725.63,69813.4,159539.03,518.65,403.55,922.19,230.55,173.0, sdumont6267,27919330.25
4709.0,23800,175,3670565.0,2627532.0,2622449.0,3820932.0,890.88,4208.64,901.12,4208.64,1.0,0,54.0,66.0,4n-1m-34th-Dc-lu-mz,sequana_cpu_dev,4,11451593.0,1,34,D,lu-mz,4,4,300,1632,1216,34,89519.51,69800.22,159319.73,516.71,402.89,919.6,229.9,173.25, sdumont6266,27880952.75
5073.0,24624,171,3677706.0,2625552.0,2624641.0,3837332.0,890.88,4208.64,901.12,4208.64,1.0,0,69.0,74.0,4n-1m-36th-Dc-lu-mz,sequana_cpu_dev,4,11451595.0,1,36,D,lu-mz,4,4,300,1632,1216,34,89678.4,73312.59,162990.99,530.64,433.8,964.44,241.11,169.0, sdumont6266,27871459.29
5058.0,24480,170,3674636.0,2625520.0,2621937.0,3825044.0,890.88,4208.64,901.12,4208.64,1.0,0,67.0,75.0,4n-1m-36th-Dc-lu-mz,sequana_cpu_dev,4,11451599.0,1,36,D,lu-mz,4,4,300,1632,1216,34,89653.75,73407.45,163061.2,532.86,436.3,969.17,242.29,168.25, sdumont6265,27720404.000000004
5101.0,24336,169,3671591.0,2626908.0,2620084.0,3837332.0,890.88,4208.64,901.12,4208.64,1.0,0,66.0,94.0,4n-1m-36th-Dc-lu-mz,sequana_cpu_dev,4,11451601.0,1,36,D,lu-mz,4,4,300,1632,1216,34,89704.51,73525.22,163229.73,536.35,439.62,975.97,243.99,167.25, sdumont6265,27585824.37
5026.0,24768,172,3674603.0,2627064.0,2622084.0,3837336.0,890.88,4208.64,890.88,4208.64,1.0,0,229.0,363.0,4n-1m-36th-Dc-lu-mz,sequana_cpu_dev,4,11451602.0,1,36,D,lu-mz,4,4,300,1632,1216,34,89058.72,72863.78,161922.5,523.87,428.61,952.49,238.12,170.0, sdumont6265,27850670.0
5061.0,24336,169,3674663.0,2624944.0,2622235.0,3825036.0,890.88,4208.64,890.88,4208.64,1.0,0,72.0,83.0,4n-1m-36th-Dc-lu-mz,sequana_cpu_dev,4,11451603.0,1,36,D,lu-mz,4,4,300,1632,1216,34,89663.8,73663.33,163327.12,536.91,441.1,978.01,244.5,167.0, sdumont6264,27602283.279999997
5275.0,24472,161,3678786.0,2626204.0,2622556.0,3841448.0,890.88,4208.64,901.12,4208.64,1.0,0,63.0,73.0,4n-1m-38th-Dc-lu-mz,sequana_cpu_dev,4,11451604.0,1,38,D,lu-mz,4,4,300,1632,1216,34,89621.86,76798.67,166420.53,570.84,489.16,1060.0,265.0,157.0, sdumont6265,26793705.33
5289.0,23864,157,3678786.0,2625260.0,2621913.0,3829156.0,890.88,4208.64,901.12,4208.64,1.0,0,61.0,72.0,4n-1m-38th-Dc-lu-mz,sequana_cpu_dev,4,11451605.0,1,38,D,lu-mz,4,4,300,1632,1216,34,89669.25,77344.54,167013.79,578.51,499.0,1077.51,269.38,155.0, sdumont6265,26221165.03
5257.0,23712,156,3678787.0,2624704.0,2621881.0,3829160.0,890.88,4208.64,901.12,4208.64,1.0,0,80.0,91.0,4n-1m-38th-Dc-lu-mz,sequana_cpu_dev,4,11451606.0,1,38,D,lu-mz,4,4,300,1632,1216,34,89551.21,77215.75,166766.96,581.5,501.4,1082.9,270.73,154.0, sdumont6266,26015645.759999998
5082.0,24320,160,3681859.0,2625848.0,2624616.0,3841452.0,890.88,4208.64,901.12,4208.64,1.0,0,488.0,497.0,4n-1m-38th-Dc-lu-mz,sequana_cpu_dev,4,11451607.0,1,38,D,lu-mz,4,4,300,1632,1216,34,84546.77,75550.99,160097.77,535.11,478.17,1013.28,253.32,158.0, sdumont6166,25615643.2
5163.0,24320,160,3675713.0,2623696.0,2618267.0,3841448.0,890.88,4208.64,901.12,4208.64,1.0,0,64.0,77.0,4n-1m-38th-Dc-lu-mz,sequana_cpu_dev,4,11451608.0,1,38,D,lu-mz,4,4,300,1632,1216,34,85864.81,76433.8,162298.61,543.45,483.76,1027.21,256.8,158.0, sdumont6165,25967777.599999998
5549.0,25120,157,3682887.0,2625496.0,2621657.0,3833256.0,890.88,4208.64,901.12,4208.64,1.0,0,77.0,91.0,4n-1m-40th-Dc-lu-mz,sequana_cpu_dev,4,11451612.0,1,40,D,lu-mz,4,4,300,1632,1216,34,86552.37,79047.18,165599.55,558.4,509.98,1068.38,267.1,155.0, sdumont6166,25999129.349999998
5554.0,24960,156,3682893.0,2626388.0,2621950.0,3845556.0,890.88,4208.64,901.12,4208.64,1.0,0,71.0,89.0,4n-1m-40th-Dc-lu-mz,sequana_cpu_dev,4,11451613.0,1,40,D,lu-mz,4,4,300,1632,1216,34,86985.46,79787.32,166772.78,568.53,521.49,1090.02,272.5,153.0, sdumont6165,26016553.68
5494.0,25120,157,3679818.0,2625008.0,2619182.0,3845556.0,890.88,4208.64,901.12,4208.64,1.0,0,74.0,84.0,4n-1m-40th-Dc-lu-mz,sequana_cpu_dev,4,11451615.0,1,40,D,lu-mz,4,4,300,1632,1216,34,86544.09,78865.33,165409.42,558.35,508.81,1067.16,266.79,155.0, sdumont6165,25969278.94
5501.0,24800,155,3682892.0,2625512.0,2621790.0,3833264.0,890.88,4208.64,901.12,4208.64,1.0,0,55.0,59.0,4n-1m-40th-Dc-lu-mz,sequana_cpu_dev,4,11451616.0,1,40,D,lu-mz,4,4,300,1632,1216,34,86484.97,79322.82,165807.79,565.26,518.45,1083.71,270.93,153.0, sdumont6167,25700207.450000003
5426.0,25760,161,3679820.0,2625560.0,2619680.0,3845556.0,890.88,4208.64,901.12,4208.64,1.0,0,61.0,68.0,4n-1m-40th-Dc-lu-mz,sequana_cpu_dev,4,11451619.0,1,40,D,lu-mz,4,4,300,1632,1216,34,85656.19,77896.84,163553.04,538.72,489.92,1028.64,257.16,159.0, sdumont6166,26332039.44
5773.0,26040,155,3687005.0,2625068.0,2621489.0,3837376.0,890.88,4208.64,901.12,4208.64,1.0,0,82.0,92.0,4n-1m-42th-Dc-lu-mz,sequana_cpu_dev,4,11451620.0,1,42,D,lu-mz,4,4,300,1632,1216,34,85494.13,81199.93,166694.06,556.06,528.11,1084.17,271.04,153.75, sdumont6167,25837579.3
5685.0,26040,155,3687006.0,2624980.0,2622589.0,3849668.0,890.88,4208.64,901.12,4208.64,1.0,0,80.0,95.0,4n-1m-42th-Dc-lu-mz,sequana_cpu_dev,4,11451623.0,1,42,D,lu-mz,4,4,300,1632,1216,34,85431.74,80826.6,166258.34,558.38,528.28,1086.66,271.66,153.0, sdumont6166,25770042.7
5749.0,25872,154,3690042.0,2625220.0,2624277.0,3849520.0,890.88,4208.64,901.12,4208.64,1.0,0,69.0,88.0,4n-1m-42th-Dc-lu-mz,sequana_cpu_dev,4,11451624.0,1,42,D,lu-mz,4,4,300,1632,1216,34,85443.04,81628.3,167071.34,562.13,537.03,1099.15,274.79,152.0, sdumont6168,25728986.36
4610.0,25200,150,3687005.0,2624496.0,2621610.0,3849668.0,880.64,4208.64,880.64,4208.64,1.0,0,78.0,107.0,4n-1m-42th-Dc-lu-mz,sequana_cpu_dev,4,11451627.0,1,42,D,lu-mz,4,4,300,1632,1216,34,68617.78,64978.15,133595.93,460.52,436.09,896.62,224.15,149.0, sdumont6168,20039389.5
4601.0,25368,151,3686970.0,2625732.0,2622149.0,3849536.0,880.64,4208.64,880.64,4208.64,1.0,0,81.0,88.0,4n-1m-42th-Dc-lu-mz,sequana_cpu_dev,4,11451633.0,1,42,D,lu-mz,4,4,300,1632,1216,34,68625.51,65215.14,133840.64,460.57,437.69,898.26,224.56,149.0, sdumont6166,20209936.64
4687.0,25344,144,3694085.0,2625376.0,2624723.0,3853644.0,880.64,4208.64,880.64,4208.64,22.0,0,176.0,492.0,4n-1m-44th-Dc-lu-mz,sequana_cpu_dev,4,11451652.0,1,44,D,lu-mz,4,4,300,1632,1216,34,67634.29,67483.62,135117.91,472.97,471.91,944.88,236.22,143.0, sdumont6165,19456979.04
4746.0,25344,144,3691073.0,2624940.0,2622292.0,3853636.0,880.64,4208.64,880.64,4208.64,141.0,0,90.0,107.0,4n-1m-44th-Dc-lu-mz,sequana_cpu_dev,4,11451654.0,1,44,D,lu-mz,4,4,300,1632,1216,34,68328.04,68372.03,136700.08,477.82,478.13,955.94,238.99,143.0, sdumont6165,19684811.52
4720.0,25520,145,3691116.0,2624320.0,2621376.0,3841484.0,880.64,4208.64,880.64,4208.64,1.0,0,70.0,80.0,4n-1m-44th-Dc-lu-mz,sequana_cpu_dev,4,11451655.0,1,44,D,lu-mz,4,4,300,1632,1216,34,68253.69,67850.06,136103.75,473.98,471.18,945.16,236.29,144.0, sdumont6169,19735043.75
4602.0,26400,150,3691045.0,2628272.0,2622878.0,3853636.0,880.64,4208.64,880.64,4208.64,184.0,0,157.0,362.0,4n-1m-44th-Dc-lu-mz,sequana_cpu_dev,4,11451657.0,1,44,D,lu-mz,4,4,300,1632,1216,34,66694.11,66420.55,133114.66,452.95,451.1,904.05,226.01,147.25, sdumont6168,19967199.0
4760.0,25520,145,3694153.0,2626312.0,2624934.0,3853632.0,880.64,4208.64,880.64,4208.64,146.0,0,67.0,91.0,4n-1m-44th-Dc-lu-mz,sequana_cpu_dev,4,11451660.0,1,44,D,lu-mz,4,4,300,1632,1216,34,68171.22,68251.12,136422.34,479.26,479.78,959.04,239.76,142.25, sdumont6168,19781239.3
4943.0,26680,145,3695167.0,2625660.0,2622643.0,3857896.0,880.64,4208.64,880.64,4218.88,1.0,0,241.0,441.0,4n-1m-46th-Dc-lu-mz,sequana_cpu_dev,4,11451664.0,1,46,D,lu-mz,4,4,300,1632,1216,34,68544.79,67149.04,135693.82,480.99,471.26,952.25,238.06,142.5, sdumont6169,19675603.900000002
5038.0,26128,142,3698303.0,2625612.0,2624987.0,3857896.0,880.64,4208.64,880.64,4218.88,310.0,0,96.0,103.0,4n-1m-46th-Dc-lu-mz,sequana_cpu_dev,4,11451668.0,1,46,D,lu-mz,4,4,300,1632,1216,34,68311.36,68240.51,136551.87,487.94,487.43,975.37,243.84,140.0, sdumont6166,19390365.54
5050.0,26128,142,3698271.0,2624388.0,2624076.0,3857896.0,880.64,4208.64,880.64,4218.88,1.0,0,80.0,98.0,4n-1m-46th-Dc-lu-mz,sequana_cpu_dev,4,11451675.0,1,46,D,lu-mz,4,4,300,1632,1216,34,68330.54,68167.04,136497.58,488.08,486.91,974.98,243.75,140.0, sdumont6168,19382656.36
4980.0,26496,144,3695232.0,2627136.0,2623412.0,3845600.0,880.64,4208.64,880.64,4218.88,1.0,0,77.0,95.0,4n-1m-46th-Dc-lu-mz,sequana_cpu_dev,4,11451677.0,1,46,D,lu-mz,4,4,300,1632,1216,34,67645.45,67704.64,135350.09,476.38,476.79,953.17,238.29,142.0, sdumont6168,19490412.96
4954.0,26864,146,3695199.0,2626012.0,2622088.0,3857764.0,880.64,4208.64,880.64,4218.88,1.0,0,88.0,124.0,4n-1m-46th-Dc-lu-mz,sequana_cpu_dev,4,11451678.0,1,46,D,lu-mz,4,4,300,1632,1216,34,67131.78,67587.7,134719.47,466.19,469.36,935.55,233.89,144.0, sdumont6167,19669042.62
5190.0,26688,139,3699341.0,2625924.0,2622664.0,3849712.0,880.64,4218.88,880.64,4218.88,1.0,0,81.0,92.0,4n-1m-48th-Dc-lu-mz,sequana_cpu_dev,4,11451679.0,1,48,D,lu-mz,4,4,300,1632,1216,34,67434.55,69980.49,137415.04,492.22,510.81,1003.03,250.76,137.0, sdumont6167,19100690.560000002
5242.0,26496,138,3702411.0,2625664.0,2624913.0,3862008.0,880.64,4218.88,880.64,4218.88,1.0,0,64.0,66.0,4n-1m-48th-Dc-lu-mz,sequana_cpu_dev,4,11451680.0,1,48,D,lu-mz,4,4,300,1632,1216,34,67980.66,70108.11,138088.76,501.74,517.43,1019.17,254.79,135.5, sdumont6166,19056248.880000003
5214.0,26880,140,3702413.0,2625396.0,2624867.0,3862004.0,880.64,4218.88,880.64,4218.88,1.0,0,83.0,125.0,4n-1m-48th-Dc-lu-mz,sequana_cpu_dev,4,11451681.0,1,48,D,lu-mz,4,4,300,1632,1216,34,67687.32,70084.48,137771.8,490.49,507.86,998.35,249.59,138.0, sdumont6166,19288052.0
5243.0,26688,139,3699341.0,2626004.0,2623017.0,3849712.0,880.64,4218.88,880.64,4218.88,1.0,0,69.0,87.0,4n-1m-48th-Dc-lu-mz,sequana_cpu_dev,4,11451683.0,1,48,D,lu-mz,4,4,300,1632,1216,34,67829.73,70321.44,138151.17,495.11,513.3,1008.4,252.1,137.0, sdumont6168,19203012.630000003
5272.0,26304,137,3699340.0,2625124.0,2622293.0,3862000.0,880.64,4218.88,880.64,4218.88,1.0,0,71.0,83.0,4n-1m-48th-Dc-lu-mz,sequana_cpu_dev,4,11451686.0,1,48,D,lu-mz,4,4,300,1632,1216,34,68260.62,70681.37,138941.99,505.63,523.57,1029.2,257.3,135.0, sdumont6166,19035052.63
1555.0,9612,801,2538058.0,1773024.0,1769118.0,2938016.0,1105.92,4218.88,1372.16,4218.88,1.0,0,6.0,41.0,3n-2m-2th-Dc-lu-mz,sequana_cpu_dev,3,11451860.0,2,2,D,lu-mz,4,4,300,1632,1216,34,150810.68,158012.04,308822.72,188.82,197.84,386.67,128.89,798.67, sdumont6165,247366998.71999997
1552.0,9576,798,2538083.3330078125,1774248.0,1769152.0,2938016.0,1105.92,4218.88,1372.16,4218.88,1.0,0,43.0,252.0,3n-2m-2th-Dc-lu-mz,sequana_cpu_dev,3,11451870.0,2,2,D,lu-mz,4,4,300,1632,1216,34,150644.07,157898.16,308542.24,189.25,198.36,387.62,129.21,796.0, sdumont6167,246216707.51999998
1555.0,9684,807,2537814.0,1772488.0,1768935.3330078125,2937720.0,1177.6,4218.88,1730.56,4218.88,3.0,0,312.0,389.0,3n-2m-2th-Dc-lu-mz,sequana_cpu_dev,3,11451898.0,2,2,D,lu-mz,4,4,300,1632,1216,34,156403.69,153505.62,309909.32,194.21,190.62,384.83,128.28,805.33, sdumont6284,250096821.24
1565.0,9576,798,2538042.0,1773528.0,1769086.0,2938012.0,1105.92,4218.88,1372.16,4218.88,16.0,0,73.0,221.0,3n-2m-2th-Dc-lu-mz,sequana_cpu_dev,3,11451926.0,2,2,D,lu-mz,4,4,300,1632,1216,34,151236.79,158751.08,309987.87,189.76,199.19,388.94,129.65,797.0, sdumont6165,247370320.26
1568.0,9600,800,2538059.3330078125,1772844.0,1768982.666015625,2937880.0,1105.92,4218.88,1361.92,4218.88,1.0,0,1.0,6.0,3n-2m-2th-Dc-lu-mz,sequana_cpu_dev,3,11451931.0,2,2,D,lu-mz,4,4,300,1632,1216,34,150977.71,158178.91,309156.62,189.03,198.05,387.08,129.03,798.67, sdumont6167,247325296.0
1678.0,10272,428,2541928.0,1771432.0,1768342.666015625,2941840.0,1085.44,4218.88,1525.76,4218.88,1.0,0,67.0,122.0,3n-2m-4th-Dc-lu-mz,sequana_cpu_dev,3,11451935.0,2,4,D,lu-mz,4,4,300,1632,1216,34,103719.93,102963.92,206683.85,242.9,241.13,484.04,161.35,427.0, sdumont6283,88460687.8
1677.0,10272,428,2541927.3330078125,1773404.0,1769003.3330078125,2941820.0,1085.44,4218.88,1546.24,4218.88,1.0,0,0.0,2.0,3n-2m-4th-Dc-lu-mz,sequana_cpu_dev,3,11451936.0,2,4,D,lu-mz,4,4,300,1632,1216,34,103939.84,103202.0,207141.84,243.42,241.69,485.11,161.7,427.0, sdumont6283,88656707.52
1678.0,10344,431,2541907.3330078125,1772732.0,1768251.3330078125,2941840.0,1095.68,4218.88,1597.44,4229.12,1.0,0,1.0,4.0,3n-2m-4th-Dc-lu-mz,sequana_cpu_dev,3,11451937.0,2,4,D,lu-mz,4,4,300,1632,1216,34,103760.04,103187.74,206947.78,241.3,239.97,481.27,160.42,430.0, sdumont6282,89194493.17999999
1674.0,10248,427,2541935.3330078125,1776260.0,1769137.3330078125,2941844.0,1085.44,4218.88,1536.0,4218.88,1.0,0,1.0,3.0,3n-2m-4th-Dc-lu-mz,sequana_cpu_dev,3,11451938.0,2,4,D,lu-mz,4,4,300,1632,1216,34,103637.97,103184.08,206822.04,243.28,242.22,485.5,161.83,426.0, sdumont6283,88313011.08
1673.0,10224,426,2541910.666015625,1773020.0,1768802.666015625,2941840.0,1085.44,4218.88,1536.0,4218.88,1.0,0,14.0,35.0,3n-2m-4th-Dc-lu-mz,sequana_cpu_dev,3,11451939.0,2,4,D,lu-mz,4,4,300,1632,1216,34,103742.94,103455.03,207197.97,244.1,243.42,487.52,162.51,425.0, sdumont6284,88266335.22
1698.0,10836,301,2589718.666015625,1772332.0,1768454.0,2945956.0,1085.44,4218.88,1515.52,4218.88,1.0,0,9.0,28.0,3n-2m-6th-Dc-lu-mz,sequana_cpu_dev,3,11451940.0,2,6,D,lu-mz,4,4,300,1632,1216,34,78446.74,77623.8,156070.54,261.49,258.75,520.24,173.41,300.0, sdumont6284,46977232.54
1789.0,10836,301,2589716.0,1771376.0,1768192.666015625,2945940.0,1044.48,4218.88,1454.08,4218.88,1.0,0,1.0,2.0,3n-2m-6th-Dc-lu-mz,sequana_cpu_dev,3,11451946.0,2,6,D,lu-mz,4,4,300,1632,1216,34,78330.39,77580.98,155911.38,261.1,258.6,519.7,173.23,300.0, sdumont6283,46929325.38
1783.0,10872,302,2589684.0,1773620.0,1769178.0,2945960.0,1044.48,4218.88,1464.32,4218.88,1.0,0,69.0,208.0,3n-2m-6th-Dc-lu-mz,sequana_cpu_dev,3,11451949.0,2,6,D,lu-mz,4,4,300,1632,1216,34,81573.94,80444.71,162018.65,271.01,267.26,538.27,179.42,301.0, sdumont6282,48929632.3
1786.0,10836,301,2589716.0,1772456.0,1768962.666015625,2945956.0,1085.44,4218.88,1464.32,4218.88,1.0,0,18.0,50.0,3n-2m-6th-Dc-lu-mz,sequana_cpu_dev,3,11451952.0,2,6,D,lu-mz,4,4,300,1632,1216,34,78297.88,77648.51,155946.38,260.99,258.83,519.82,173.27,300.0, sdumont6283,46939860.38
1769.0,10980,305,2590010.666015625,1773140.0,1768768.666015625,2946252.0,983.04,4218.88,1136.64,4218.88,1.0,0,164.0,394.0,3n-2m-6th-Dc-lu-mz,sequana_cpu_dev,3,11451955.0,2,6,D,lu-mz,4,4,300,1632,1216,34,86039.9,87615.05,173654.96,283.03,288.21,571.23,190.41,304.0, sdumont6166,52964762.8
1748.0,11136,232,2550440.666015625,1773316.0,1769000.0,2950368.0,952.32,4218.88,1054.72,4218.88,1.0,0,3.0,6.0,3n-2m-8th-Dc-lu-mz,sequana_cpu_dev,3,11451958.0,2,8,D,lu-mz,4,4,300,1632,1216,34,70785.55,72248.83,143034.38,307.76,314.13,621.89,207.3,230.0, sdumont6166,33183976.16
1695.0,11136,232,2550408.666015625,1773580.0,1769574.666015625,2950360.0,952.32,4218.88,1054.72,4218.88,1.0,0,1.0,9.0,3n-2m-8th-Dc-lu-mz,sequana_cpu_dev,3,11451960.0,2,8,D,lu-mz,4,4,300,1632,1216,34,70804.16,72121.82,142925.98,307.84,313.57,621.42,207.14,230.0, sdumont6167,33158827.360000003
1720.0,11136,232,2550410.0,1773852.0,1769310.666015625,2950364.0,952.32,4218.88,1064.96,4218.88,1.0,0,2.0,8.0,3n-2m-8th-Dc-lu-mz,sequana_cpu_dev,3,11451965.0,2,8,D,lu-mz,4,4,300,1632,1216,34,70900.12,72178.85,143078.98,309.61,315.19,624.8,208.27,229.0, sdumont6167,33194323.360000003
1694.0,11136,232,2550384.0,1772428.0,1768710.0,2950364.0,952.32,4218.88,1064.96,4218.88,3.0,0,1.0,4.0,3n-2m-8th-Dc-lu-mz,sequana_cpu_dev,3,11451966.0,2,8,D,lu-mz,4,4,300,1632,1216,34,70917.29,72177.29,143094.58,309.68,315.18,624.87,208.29,229.0, sdumont6165,33197942.56
1667.0,11136,232,2550444.0,1773760.0,1768736.0,2950360.0,952.32,4218.88,1064.96,4218.88,2.0,0,1.0,5.0,3n-2m-8th-Dc-lu-mz,sequana_cpu_dev,3,11451967.0,2,8,D,lu-mz,4,4,300,1632,1216,34,70942.28,72197.75,143140.03,309.31,314.8,624.11,208.04,229.33, sdumont6167,33208486.96
1840.0,12060,201,2554550.666015625,1774696.0,1769195.3330078125,2954484.0,942.08,4218.88,1034.24,4218.88,1.0,0,4.0,8.0,3n-2m-10th-Dc-lu-mz,sequana_cpu_dev,3,11451968.0,2,10,D,lu-mz,4,4,300,1632,1216,34,68121.15,69230.76,137351.91,342.32,347.89,690.21,230.07,199.0, sdumont6166,27607733.91
1874.0,12060,201,2554536.0,1772140.0,1768769.3330078125,2954476.0,942.08,4218.88,1044.48,4218.88,1.0,0,9.0,12.0,3n-2m-10th-Dc-lu-mz,sequana_cpu_dev,3,11451969.0,2,10,D,lu-mz,4,4,300,1632,1216,34,67929.2,69022.4,136951.6,339.65,345.11,684.76,228.25,200.0, sdumont6165,27527271.6
1871.0,11940,199,2554554.666015625,1773256.0,1768790.0,2954484.0,952.32,4218.88,1085.44,4218.88,1.0,0,5.0,10.0,3n-2m-10th-Dc-lu-mz,sequana_cpu_dev,3,11451970.0,2,10,D,lu-mz,4,4,300,1632,1216,34,68154.64,69381.08,137535.72,344.22,350.41,694.62,231.54,198.0, sdumont6166,27369608.28
1792.0,12120,202,2554573.3330078125,1773332.0,1768916.666015625,2954476.0,962.56,4218.88,1085.44,4218.88,1.0,0,71.0,408.0,3n-2m-10th-Dc-lu-mz,sequana_cpu_dev,3,11451972.0,2,10,D,lu-mz,4,4,300,1632,1216,34,67616.66,70136.51,137753.17,338.08,350.68,688.77,229.59,200.0, sdumont6166,27826140.340000004
1870.0,11940,199,2554554.666015625,1773428.0,1768680.0,2954476.0,952.32,4218.88,1085.44,4218.88,1.0,0,8.0,12.0,3n-2m-10th-Dc-lu-mz,sequana_cpu_dev,3,11451973.0,2,10,D,lu-mz,4,4,300,1632,1216,34,68317.68,69519.01,137836.69,346.79,352.89,699.68,233.23,197.0, sdumont6165,27429501.31
1827.0,12600,175,2602356.666015625,1774356.0,1769814.0,2958596.0,942.08,4218.88,1034.24,4218.88,1.0,0,6.0,12.0,3n-2m-12th-Dc-lu-mz,sequana_cpu_dev,3,11451975.0,2,12,D,lu-mz,4,4,300,1632,1216,34,60347.83,63981.03,124328.86,348.83,369.83,718.66,239.55,173.0, sdumont6167,21757550.5
1821.0,12744,177,2602342.0,1773920.0,1767819.3330078125,2958600.0,942.08,4218.88,1024.0,4218.88,1.0,0,18.0,153.0,3n-2m-12th-Dc-lu-mz,sequana_cpu_dev,3,11451977.0,2,12,D,lu-mz,4,4,300,1632,1216,34,60012.61,64949.42,124962.04,344.2,372.55,716.75,238.92,174.33, sdumont6167,22118281.08
1868.0,12600,175,2603333.3330078125,1773672.0,1769406.0,2964572.0,942.08,4218.88,1034.24,4218.88,1.0,0,55.0,120.0,3n-2m-12th-Dc-lu-mz,sequana_cpu_dev,3,11451979.0,2,12,D,lu-mz,4,4,300,1632,1216,34,59998.06,64864.94,124863.0,346.81,374.94,721.75,240.58,173.0, sdumont6168,21851025.0
1812.0,12672,176,2602355.3330078125,1773660.0,1768994.666015625,2958600.0,942.08,4218.88,1044.48,4218.88,1.0,0,31.0,151.0,3n-2m-12th-Dc-lu-mz,sequana_cpu_dev,3,11451980.0,2,12,D,lu-mz,4,4,300,1632,1216,34,59936.07,63367.48,123303.55,345.74,365.57,711.31,237.1,173.33, sdumont6167,21701424.8
1826.0,12600,175,2602334.666015625,1773832.0,1769056.666015625,2958596.0,931.84,4218.88,1024.0,4218.88,2.0,0,7.0,14.0,3n-2m-12th-Dc-lu-mz,sequana_cpu_dev,3,11451982.0,2,12,D,lu-mz,4,4,300,1632,1216,34,60054.36,64611.69,124666.05,347.14,373.48,720.61,240.2,173.0, sdumont6168,21816558.75
2121.0,13272,158,2606482.0,1773120.0,1769310.0,2962712.0,931.84,4218.88,931.84,4218.88,1.0,0,15.0,23.0,3n-2m-14th-Dc-lu-mz,sequana_cpu_dev,3,11451984.0,2,14,D,lu-mz,4,4,300,1632,1216,34,62889.23,64086.53,126975.75,402.22,409.91,812.14,270.71,156.33, sdumont6165,20062168.5
2079.0,13272,158,2606497.3330078125,1773416.0,1769650.666015625,2962716.0,808.96,3512.32,1024.0,4218.88,1.0,0,10.0,40.0,3n-2m-14th-Dc-lu-mz,sequana_cpu_dev,3,11451985.0,2,14,D,lu-mz,4,4,300,1632,1216,34,62870.97,64006.62,126877.59,402.11,409.4,811.51,270.5,156.33, sdumont6165,20046659.22
2084.0,13440,160,2606450.666015625,1773084.0,1769261.3330078125,2962576.0,942.08,4218.88,1034.24,4218.88,1.0,0,10.0,19.0,3n-2m-14th-Dc-lu-mz,sequana_cpu_dev,3,11451989.0,2,14,D,lu-mz,4,4,300,1632,1216,34,62541.06,63600.55,126141.62,394.95,401.67,796.62,265.54,158.33, sdumont6165,20182659.2
2111.0,13356,159,2606518.666015625,1773476.0,1769280.666015625,2962712.0,942.08,4218.88,1044.48,4218.88,1.0,0,11.0,18.0,3n-2m-14th-Dc-lu-mz,sequana_cpu_dev,3,11451992.0,2,14,D,lu-mz,4,4,300,1632,1216,34,62715.78,64006.57,126722.35,400.28,408.55,808.83,269.61,156.67, sdumont6167,20148853.650000002
2110.0,13272,158,2606520.0,1772880.0,1768890.0,2962716.0,931.84,4218.88,1024.0,4218.88,0.0,0,14.0,22.0,3n-2m-14th-Dc-lu-mz,sequana_cpu_dev,3,11451997.0,2,14,D,lu-mz,4,4,300,1632,1216,34,62860.2,63920.64,126780.84,401.22,408.0,809.22,269.74,156.67, sdumont6166,20031372.72
1952.0,14016,146,2610598.0,1772892.0,1769478.0,2966832.0,931.84,4218.88,1024.0,4218.88,1.0,0,12.0,22.0,3n-2m-16th-Dc-lu-mz,sequana_cpu_dev,3,11451999.0,2,16,D,lu-mz,4,4,300,1632,1216,34,51419.43,53813.62,105233.05,356.22,372.85,729.06,243.02,144.33, sdumont6166,15364025.3
2017.0,13920,145,2610639.3330078125,1775272.0,1769654.0,2966836.0,931.84,4218.88,1024.0,4218.88,1.0,0,17.0,24.0,3n-2m-16th-Dc-lu-mz,sequana_cpu_dev,3,11452000.0,2,16,D,lu-mz,4,4,300,1632,1216,34,51525.28,53851.89,105377.17,359.44,375.71,735.16,245.05,143.33, sdumont6167,15279689.65
2018.0,14016,146,2599647.3330078125,1772740.0,1769178.666015625,2966840.0,931.84,4218.88,1013.76,4218.88,1.0,0,15.0,27.0,3n-2m-16th-Dc-lu-mz,sequana_cpu_dev,3,11452001.0,2,16,D,lu-mz,4,4,300,1632,1216,34,51425.45,53898.71,105324.17,357.12,374.3,731.42,243.81,144.0, sdumont6165,15377328.82
1881.0,14112,147,2610572.0,1774820.0,1769582.666015625,2966836.0,931.84,4218.88,1013.76,4218.88,1.0,0,8.0,30.0,3n-2m-16th-Dc-lu-mz,sequana_cpu_dev,3,11452002.0,2,16,D,lu-mz,4,4,300,1632,1216,34,51294.69,53767.85,105062.54,353.76,370.81,724.57,241.52,145.0, sdumont6165,15444193.379999999
1953.0,14016,146,2610612.0,1773240.0,1768906.0,2966840.0,931.84,4218.88,1013.76,4218.88,1.0,0,15.0,25.0,3n-2m-16th-Dc-lu-mz,sequana_cpu_dev,3,11452003.0,2,16,D,lu-mz,4,4,300,1632,1216,34,51401.75,53872.3,105274.06,357.77,374.99,732.76,244.25,143.67, sdumont6165,15370012.76
2136.0,15228,141,2614759.3330078125,1775032.0,1770150.666015625,2970956.0,931.84,4218.88,1024.0,4218.88,1.0,0,69.0,350.0,3n-2m-18th-Dc-lu-mz,sequana_cpu_dev,3,11452004.0,2,18,D,lu-mz,4,4,300,1632,1216,34,51394.52,52822.8,104217.31,369.74,380.02,749.76,249.92,139.0, sdumont6165,14694640.709999999
2166.0,15012,139,2603812.666015625,1774604.0,1770254.666015625,2970956.0,931.84,4218.88,1024.0,4218.88,1.0,0,15.0,27.0,3n-2m-18th-Dc-lu-mz,sequana_cpu_dev,3,11452009.0,2,18,D,lu-mz,4,4,300,1632,1216,34,52046.81,53544.98,105591.79,377.15,388.01,765.16,255.05,138.0, sdumont6166,14677258.809999999
2272.0,15120,140,2614716.666015625,1773076.0,1769131.3330078125,2970960.0,931.84,4218.88,1024.0,4218.88,1.0,0,23.0,25.0,3n-2m-18th-Dc-lu-mz,sequana_cpu_dev,3,11452014.0,2,18,D,lu-mz,4,4,300,1632,1216,34,52070.86,53578.5,105649.35,378.28,389.2,767.48,255.83,137.67, sdumont6165,14790909.0
2283.0,15012,139,2614735.3330078125,1772812.0,1769805.3330078125,2970956.0,931.84,4218.88,1013.76,4218.88,1.0,0,32.0,41.0,3n-2m-18th-Dc-lu-mz,sequana_cpu_dev,3,11452015.0,2,18,D,lu-mz,4,4,300,1632,1216,34,52350.59,53728.24,106078.83,382.12,392.18,774.3,258.1,137.0, sdumont6166,14744957.370000001
2179.0,14904,138,2614734.666015625,1773088.0,1768905.3330078125,2970960.0,931.84,4218.88,1024.0,4218.88,1.0,0,14.0,41.0,3n-2m-18th-Dc-lu-mz,sequana_cpu_dev,3,11452016.0,2,18,D,lu-mz,4,4,300,1632,1216,34,52408.85,53780.47,106189.32,385.36,395.44,780.8,260.27,136.0, sdumont6165,14654126.16
2365.0,16320,136,2607882.666015625,1774708.0,1770640.0,2975076.0,921.6,4218.88,1024.0,4218.88,1.0,0,11.0,36.0,3n-2m-20th-Dc-lu-mz,sequana_cpu_dev,3,11452021.0,2,20,D,lu-mz,4,4,300,1632,1216,34,52687.77,53968.69,106656.46,393.19,402.75,795.94,265.31,134.0, sdumont6165,14505278.56
2504.0,16320,136,2607931.3330078125,1775080.0,1770300.666015625,2975072.0,931.84,4218.88,1013.76,4218.88,1.0,0,26.0,33.0,3n-2m-20th-Dc-lu-mz,sequana_cpu_dev,3,11452029.0,2,20,D,lu-mz,4,4,300,1632,1216,34,52738.72,54000.45,106739.17,396.53,406.02,802.55,267.52,133.0, sdumont6167,14516527.12
2466.0,16320,136,2657797.3330078125,1775632.0,1770322.0,3055860.0,798.72,3512.32,1013.76,4218.88,1.0,0,32.0,84.0,3n-2m-20th-Dc-lu-mz,sequana_cpu_dev,3,11452031.0,2,20,D,lu-mz,4,4,300,1632,1216,34,52762.9,53979.27,106742.17,395.7,404.85,800.55,266.85,133.33, sdumont6166,14516935.12
2458.0,16200,135,2607929.3330078125,1774036.0,1769465.3330078125,2975072.0,931.84,4218.88,1013.76,4218.88,1.0,0,27.0,38.0,3n-2m-20th-Dc-lu-mz,sequana_cpu_dev,3,11452033.0,2,20,D,lu-mz,4,4,300,1632,1216,34,52831.65,54028.26,106859.91,394.27,403.2,797.46,265.82,134.0, sdumont6165,14426087.85
2460.0,16320,136,2618795.3330078125,1773520.0,1769978.666015625,2974936.0,942.08,4218.88,1075.2,4218.88,3.0,0,21.0,31.0,3n-2m-20th-Dc-lu-mz,sequana_cpu_dev,3,11452037.0,2,20,D,lu-mz,4,4,300,1632,1216,34,52814.77,54031.64,106846.41,394.14,403.22,797.36,265.79,134.0, sdumont6166,14531111.76
2647.0,17028,129,2622952.666015625,1774364.0,1770347.3330078125,2979196.0,931.84,4218.88,1013.76,4218.88,1.0,0,28.0,42.0,3n-2m-22th-Dc-lu-mz,sequana_cpu_dev,3,11452042.0,2,22,D,lu-mz,4,4,300,1632,1216,34,52933.0,53945.21,106878.21,416.8,424.77,841.56,280.52,127.0, sdumont6166,13787289.090000002
2677.0,17028,129,2622953.3330078125,1774732.0,1770720.0,2979200.0,931.84,4218.88,1013.76,4218.88,1.0,0,35.0,49.0,3n-2m-22th-Dc-lu-mz,sequana_cpu_dev,3,11452046.0,2,22,D,lu-mz,4,4,300,1632,1216,34,52928.82,53939.19,106868.01,416.76,424.72,841.48,280.49,127.0, sdumont6167,13785973.29
2646.0,17160,130,2622997.3330078125,1773816.0,1770199.3330078125,2979196.0,931.84,4218.88,1013.76,4218.88,1.0,0,24.0,42.0,3n-2m-22th-Dc-lu-mz,sequana_cpu_dev,3,11452049.0,2,22,D,lu-mz,4,4,300,1632,1216,34,52780.05,53892.1,106672.16,412.34,421.03,833.38,277.79,128.0, sdumont6165,13867380.8
2609.0,17556,133,2622973.3330078125,1774208.0,1769920.0,2979196.0,808.96,3512.32,1024.0,4218.88,1.0,0,78.0,362.0,3n-2m-22th-Dc-lu-mz,sequana_cpu_dev,3,11452058.0,2,22,D,lu-mz,4,4,300,1632,1216,34,51937.51,53122.87,105060.38,396.47,405.52,801.99,267.33,131.0, sdumont6167,13973030.540000001
2650.0,17160,130,2622974.666015625,1773548.0,1770050.666015625,2979060.0,931.84,4218.88,1024.0,4218.88,1.0,0,26.0,41.0,3n-2m-22th-Dc-lu-mz,sequana_cpu_dev,3,11452062.0,2,22,D,lu-mz,4,4,300,1632,1216,34,52919.57,53857.39,106776.97,415.61,422.97,838.58,279.53,127.33, sdumont6165,13881006.1
2890.0,18432,128,2637989.3330078125,1810980.0,1777247.3330078125,2983168.0,931.84,4218.88,1003.52,4218.88,1.0,0,32.0,38.0,3n-2m-24th-Dc-lu-mz,sequana_cpu_dev,3,11452066.0,2,24,D,lu-mz,4,4,300,1632,1216,34,53779.55,53577.77,107357.33,426.82,425.22,852.04,284.01,126.0, sdumont6166,13741738.24
2868.0,18288,127,2627091.3330078125,1773532.0,1769982.0,2983312.0,931.84,4218.88,1013.76,4218.88,1.0,0,24.0,51.0,3n-2m-24th-Dc-lu-mz,sequana_cpu_dev,3,11452070.0,2,24,D,lu-mz,4,4,300,1632,1216,34,53863.12,53608.41,107471.53,430.9,428.87,859.77,286.59,125.0, sdumont6165,13648884.31
2890.0,18432,128,2638012.0,1806284.0,1776647.3330078125,2983304.0,931.84,4218.88,1013.76,4218.88,1.0,0,32.0,40.0,3n-2m-24th-Dc-lu-mz,sequana_cpu_dev,3,11452073.0,2,24,D,lu-mz,4,4,300,1632,1216,34,53858.07,53626.59,107484.65,428.59,426.75,855.34,285.11,125.67, sdumont6167,13758035.2
2868.0,18288,127,2629886.666015625,1776212.0,1771582.0,2991696.0,942.08,4218.88,1075.2,4229.12,1.0,0,32.0,89.0,3n-2m-24th-Dc-lu-mz,sequana_cpu_dev,3,11452074.0,2,24,D,lu-mz,4,4,300,1632,1216,34,53875.56,53692.74,107568.3,431.0,429.54,860.55,286.85,125.0, sdumont6167,13661174.1
2847.0,18288,127,2627074.666015625,1773908.0,1769861.3330078125,2983308.0,931.84,4218.88,1024.0,4218.88,1.0,0,21.0,45.0,3n-2m-24th-Dc-lu-mz,sequana_cpu_dev,3,11452076.0,2,24,D,lu-mz,4,4,300,1632,1216,34,53886.76,53729.88,107616.64,431.09,429.84,860.93,286.98,125.0, sdumont6165,13667313.28
1248.0,10256,641,2242633.0,1487740.0,1483970.0,2650840.0,1064.96,4218.88,1290.24,4218.88,1.0,0,30.0,96.0,4n-2m-2th-Dc-lu-mz,sequana_cpu_dev,4,11452137.0,2,2,D,lu-mz,4,4,300,1632,1216,34,164264.17,173180.13,337444.3,257.47,271.44,528.91,132.23,638.0, sdumont6166,216301796.29999998
1249.0,10208,638,2239539.5,1485720.0,1481069.5,2646640.0,1064.96,4218.88,1290.24,4218.88,1.0,0,10.0,24.0,4n-2m-2th-Dc-lu-mz,sequana_cpu_dev,4,11452138.0,2,2,D,lu-mz,4,4,300,1632,1216,34,164271.68,173318.37,337590.05,257.88,272.09,529.97,132.49,637.0, sdumont6167,215382451.9
1244.0,10240,640,2241109.0,1485712.0,1482194.0,2646612.0,1075.2,4218.88,1300.48,4218.88,1.0,0,9.0,53.0,4n-2m-2th-Dc-lu-mz,sequana_cpu_dev,4,11452139.0,2,2,D,lu-mz,4,4,300,1632,1216,34,164277.62,173360.79,337638.41,257.28,271.5,528.78,132.2,638.5, sdumont6165,216088582.39999998
1246.0,10240,640,2242640.5,1486668.0,1483733.5,2646644.0,1075.2,4218.88,1310.72,4218.88,1.0,0,26.0,112.0,4n-2m-2th-Dc-lu-mz,sequana_cpu_dev,4,11452140.0,2,2,D,lu-mz,4,4,300,1632,1216,34,164242.88,173112.31,337355.19,257.03,270.91,527.94,131.99,639.0, sdumont6167,215907321.6
1245.0,10240,640,2241086.5,1486756.0,1482471.0,2646584.0,1075.2,4218.88,1361.92,4239.36,1.0,0,8.0,59.0,4n-2m-2th-Dc-lu-mz,sequana_cpu_dev,4,11452161.0,2,2,D,lu-mz,4,4,300,1632,1216,34,164278.01,173219.25,337497.27,257.59,271.61,529.19,132.3,637.75, sdumont6168,215998252.8
1303.0,10976,343,2246745.0,1485640.0,1483757.0,2654932.0,1003.52,4218.88,1198.08,4229.12,1.0,0,14.0,32.0,4n-2m-4th-Dc-lu-mz,sequana_cpu_dev,4,11452162.0,2,4,D,lu-mz,4,4,300,1632,1216,34,108049.52,113376.35,221425.87,317.79,333.46,651.25,162.81,340.0, sdumont6165,75949073.41
1307.0,10912,341,2243672.0,1486124.0,1481330.5,2650732.0,1003.52,4218.88,1208.32,4229.12,1.0,0,11.0,42.0,4n-2m-4th-Dc-lu-mz,sequana_cpu_dev,4,11452163.0,2,4,D,lu-mz,4,4,300,1632,1216,34,107926.15,113277.24,221203.39,317.43,333.17,650.6,162.65,340.0, sdumont6167,75430355.99000001
1310.0,10912,341,2243689.0,1486744.0,1480702.5,2654928.0,993.28,4218.88,1146.88,4218.88,1.0,0,1.0,5.0,4n-2m-4th-Dc-lu-mz,sequana_cpu_dev,4,11452164.0,2,4,D,lu-mz,4,4,300,1632,1216,34,108194.97,113497.63,221692.61,318.22,333.82,652.04,163.01,340.0, sdumont6165,75597180.00999999
1298.0,10976,343,2245207.5,1486644.0,1481397.0,2650728.0,993.28,4218.88,1136.64,4218.88,1.0,0,10.0,66.0,4n-2m-4th-Dc-lu-mz,sequana_cpu_dev,4,11452165.0,2,4,D,lu-mz,4,4,300,1632,1216,34,108090.87,113323.17,221414.04,317.43,332.8,650.23,162.56,340.5, sdumont6165,75945015.72
1306.0,10944,342,2245189.0,1487596.0,1483016.0,2654932.0,993.28,4218.88,1187.84,4229.12,1.0,0,33.0,91.0,4n-2m-4th-Dc-lu-mz,sequana_cpu_dev,4,11452166.0,2,4,D,lu-mz,4,4,300,1632,1216,34,108034.96,113267.14,221302.09,317.04,332.4,649.44,162.36,340.75, sdumont6165,75685314.78
1412.0,11664,243,2247808.5,1486764.0,1481226.5,2659044.0,962.56,4218.88,1095.68,4218.88,1.0,0,4.0,20.0,4n-2m-6th-Dc-lu-mz,sequana_cpu_dev,4,11452167.0,2,6,D,lu-mz,4,4,300,1632,1216,34,92950.84,96616.67,189567.5,385.69,400.9,786.59,196.65,241.0, sdumont6167,46064902.5
1411.0,11712,244,2247790.5,1486660.0,1481350.0,2654852.0,962.56,4218.88,1085.44,4218.88,1.0,0,11.0,73.0,4n-2m-6th-Dc-lu-mz,sequana_cpu_dev,4,11452168.0,2,6,D,lu-mz,4,4,300,1632,1216,34,93039.01,96810.31,189849.32,384.85,400.45,785.29,196.32,241.75, sdumont6168,46323234.08
1407.0,11808,246,2247772.5,1486440.0,1481611.0,2659052.0,972.8,4218.88,1105.92,4218.88,1.0,0,2.0,18.0,4n-2m-6th-Dc-lu-mz,sequana_cpu_dev,4,11452169.0,2,6,D,lu-mz,4,4,300,1632,1216,34,93152.37,96864.48,190016.86,383.34,398.62,781.96,195.49,243.0, sdumont6166,46744147.559999995
1406.0,11760,245,2249306.0,1485752.0,1482215.5,2654856.0,962.56,4218.88,1116.16,4218.88,1.0,0,17.0,52.0,4n-2m-6th-Dc-lu-mz,sequana_cpu_dev,4,11452170.0,2,6,D,lu-mz,4,4,300,1632,1216,34,92820.69,96581.33,189402.03,381.98,397.45,779.43,194.86,243.0, sdumont6166,46403497.35
1408.0,11664,243,2249293.5,1485640.0,1482915.0,2654852.0,962.56,4218.88,1085.44,4218.88,1.0,0,11.0,79.0,4n-2m-6th-Dc-lu-mz,sequana_cpu_dev,4,11452171.0,2,6,D,lu-mz,4,4,300,1632,1216,34,92984.59,96857.52,189842.11,385.83,401.9,787.73,196.93,241.0, sdumont6167,46131632.73
1419.0,12480,195,2253444.0,1486656.0,1482925.0,2658968.0,942.08,4218.88,1054.72,4218.88,1.0,0,3.0,12.0,4n-2m-8th-Dc-lu-mz,sequana_cpu_dev,4,11452172.0,2,8,D,lu-mz,4,4,300,1632,1216,34,80388.95,83572.91,163961.86,416.52,433.02,849.54,212.39,193.0, sdumont6166,31972562.699999996
1408.0,12544,196,2253444.0,1487564.0,1482717.5,2658968.0,952.32,4218.88,1095.68,4218.88,1.0,0,1.0,7.0,4n-2m-8th-Dc-lu-mz,sequana_cpu_dev,4,11452173.0,2,8,D,lu-mz,4,4,300,1632,1216,34,80219.07,83493.81,163712.89,417.81,434.86,852.67,213.17,192.0, sdumont6166,32087726.44
1418.0,16960,265,2253459.5,1487188.0,1483220.0,2663160.0,972.8,4218.88,1126.4,4218.88,1.0,0,2.0,8.0,4n-2m-8th-Dc-lu-mz,sequana_cpu_dev,4,11452174.0,2,8,D,lu-mz,4,4,300,1632,1216,34,79964.94,83189.34,163154.28,414.33,431.03,845.36,211.34,193.0, sdumont6167,43235884.2
1431.0,12480,195,2253443.5,1487568.0,1482825.5,2663160.0,952.32,4218.88,1095.68,4218.88,1.0,0,3.0,6.0,4n-2m-8th-Dc-lu-mz,sequana_cpu_dev,4,11452175.0,2,8,D,lu-mz,4,4,300,1632,1216,34,79972.18,83144.53,163116.71,414.36,430.8,845.16,211.29,193.0, sdumont6165,31807758.45
1414.0,12608,197,2253446.0,1485748.0,1480610.0,2658984.0,952.32,4218.88,1095.68,4218.88,1.0,0,12.0,65.0,4n-2m-8th-Dc-lu-mz,sequana_cpu_dev,4,11452176.0,2,8,D,lu-mz,4,4,300,1632,1216,34,79958.68,83118.21,163076.9,412.16,428.44,840.6,210.15,194.0, sdumont6168,32126149.299999997
1511.0,14080,176,2257582.5,1486968.0,1482782.0,2667280.0,931.84,4218.88,1034.24,4218.88,1.0,0,35.0,72.0,4n-2m-10th-Dc-lu-mz,sequana_cpu_dev,4,11452177.0,2,10,D,lu-mz,4,4,300,1632,1216,34,72924.83,75735.4,148660.22,421.53,437.78,859.31,214.83,173.0, sdumont6167,26164198.72
1540.0,13840,173,2256045.5,1486684.0,1481508.0,2663088.0,942.08,4218.88,1034.24,4218.88,1.0,0,12.0,37.0,4n-2m-10th-Dc-lu-mz,sequana_cpu_dev,4,11452178.0,2,10,D,lu-mz,4,4,300,1632,1216,34,73323.87,76191.38,149515.25,426.3,442.97,869.27,217.32,172.0, sdumont6168,25866138.25
1517.0,13840,173,2257564.5,1487032.0,1482769.0,2663088.0,931.84,4218.88,1034.24,4218.88,1.0,0,10.0,40.0,4n-2m-10th-Dc-lu-mz,sequana_cpu_dev,4,11452179.0,2,10,D,lu-mz,4,4,300,1632,1216,34,73527.88,76413.65,149941.53,429.99,446.86,876.85,219.21,171.0, sdumont6168,25939884.69
1515.0,13920,174,2257548.0,1487836.0,1483551.0,2663088.0,942.08,4218.88,1044.48,4218.88,1.0,0,3.0,7.0,4n-2m-10th-Dc-lu-mz,sequana_cpu_dev,4,11452180.0,2,10,D,lu-mz,4,4,300,1632,1216,34,73310.16,76225.95,149536.12,426.22,443.17,869.4,217.35,172.0, sdumont6166,26019284.88
1489.0,13920,174,2257530.0,1486720.0,1482581.0,2667288.0,942.08,4218.88,1044.48,4218.88,1.0,0,13.0,106.0,4n-2m-10th-Dc-lu-mz,sequana_cpu_dev,4,11452181.0,2,10,D,lu-mz,4,4,300,1632,1216,34,73478.18,76402.09,149880.26,429.7,446.8,876.49,219.12,171.0, sdumont6165,26079165.240000002
1738.0,15168,158,2263217.0,1486992.0,1484103.5,2671400.0,942.08,4218.88,1044.48,4218.88,1.0,0,12.0,51.0,4n-2m-12th-Dc-lu-mz,sequana_cpu_dev,4,11452182.0,2,12,D,lu-mz,4,4,300,1632,1216,34,77271.17,82802.86,160074.04,498.52,534.21,1032.74,258.18,155.0, sdumont6166,25291698.32
1742.0,15264,159,2261679.5,1487828.0,1483307.5,2667204.0,942.08,4218.88,1085.44,4218.88,1.0,0,35.0,108.0,4n-2m-12th-Dc-lu-mz,sequana_cpu_dev,4,11452183.0,2,12,D,lu-mz,4,4,300,1632,1216,34,76908.28,82385.47,159293.75,493.0,528.11,1021.11,255.28,156.0, sdumont6166,25327706.25
1754.0,15168,158,2260109.0,1486320.0,1481908.5,2671404.0,931.84,4218.88,1044.48,4218.88,1.0,0,20.0,65.0,4n-2m-12th-Dc-lu-mz,sequana_cpu_dev,4,11452184.0,2,12,D,lu-mz,4,4,300,1632,1216,34,77049.96,82511.31,159561.27,493.91,528.92,1022.83,255.71,156.0, sdumont6166,25210680.66
1758.0,15072,157,2261663.5,1486032.0,1482909.0,2667208.0,931.84,4218.88,1034.24,4218.88,1.0,0,6.0,10.0,4n-2m-12th-Dc-lu-mz,sequana_cpu_dev,4,11452185.0,2,12,D,lu-mz,4,4,300,1632,1216,34,77397.4,83003.83,160401.23,499.34,535.51,1034.85,258.71,155.0, sdumont6165,25182993.110000003
1740.0,15552,162,2261676.5,1485352.0,1482516.5,2667172.0,942.08,4218.88,1054.72,4218.88,1.0,0,4.0,9.0,4n-2m-12th-Dc-lu-mz,sequana_cpu_dev,4,11452186.0,2,12,D,lu-mz,4,4,300,1632,1216,34,77397.29,82748.19,160145.47,496.14,530.44,1026.57,256.64,156.0, sdumont6166,25943566.14
1729.0,16800,150,2265794.5,1487264.0,1483920.0,2675516.0,931.84,4218.88,1034.24,4218.88,1.0,0,8.0,13.0,4n-2m-14th-Dc-lu-mz,sequana_cpu_dev,4,11452187.0,2,14,D,lu-mz,4,4,300,1632,1216,34,63618.37,65983.35,129601.71,429.85,445.83,875.69,218.92,148.0, sdumont6166,19440256.5
1727.0,16912,151,2264274.0,1486416.0,1481722.0,2671316.0,931.84,4218.88,1044.48,4218.88,1.0,0,9.0,16.0,4n-2m-14th-Dc-lu-mz,sequana_cpu_dev,4,11452189.0,2,14,D,lu-mz,4,4,300,1632,1216,34,63487.22,65803.19,129290.41,428.97,444.62,873.58,218.4,148.0, sdumont6165,19522851.91
1968.0,16912,151,2265811.5,1487428.0,1482857.5,2671320.0,972.8,4218.88,1024.0,4218.88,0.0,0,35.0,172.0,4n-2m-14th-Dc-lu-mz,sequana_cpu_dev,4,11452190.0,2,14,D,lu-mz,4,4,300,1632,1216,34,63252.61,65566.97,128819.59,421.68,437.11,858.8,214.7,150.0, sdumont6168,19451758.09
1719.0,16912,151,2265778.0,1486768.0,1483580.0,2671316.0,931.84,4218.88,1024.0,4218.88,1.0,0,71.0,231.0,4n-2m-14th-Dc-lu-mz,sequana_cpu_dev,4,11452191.0,2,14,D,lu-mz,4,4,300,1632,1216,34,63202.11,65446.68,128648.8,424.18,439.24,863.41,215.85,149.0, sdumont6165,19425968.8
1674.0,16912,151,2265779.0,1487336.0,1483168.5,2671320.0,942.08,4218.88,1064.96,4218.88,1.0,0,15.0,87.0,4n-2m-14th-Dc-lu-mz,sequana_cpu_dev,4,11452192.0,2,14,D,lu-mz,4,4,300,1632,1216,34,63264.03,65467.63,128731.66,424.59,439.38,863.97,215.99,149.0, sdumont6166,19438480.66
1867.0,17920,140,2269924.5,1487212.0,1483617.5,2679660.0,931.84,4218.88,1024.0,4218.88,1.0,0,17.0,51.0,4n-2m-16th-Dc-lu-mz,sequana_cpu_dev,4,11452193.0,2,16,D,lu-mz,4,4,300,1632,1216,34,65802.62,69680.81,135483.43,476.83,504.93,981.76,245.44,138.0, sdumont6166,18967680.2
1943.0,17920,140,2269917.0,1487224.0,1483549.0,2679640.0,931.84,4218.88,1024.0,4218.88,1.0,0,15.0,27.0,4n-2m-16th-Dc-lu-mz,sequana_cpu_dev,4,11452194.0,2,16,D,lu-mz,4,4,300,1632,1216,34,65856.76,69792.71,135649.48,477.22,505.74,982.97,245.74,138.0, sdumont6165,18990927.200000003
1908.0,17920,140,2269914.5,1487392.0,1483290.5,2679640.0,931.84,4218.88,1024.0,4218.88,1.0,0,29.0,87.0,4n-2m-16th-Dc-lu-mz,sequana_cpu_dev,4,11452196.0,2,16,D,lu-mz,4,4,300,1632,1216,34,65760.36,69842.65,135603.01,476.52,506.11,982.63,245.66,138.0, sdumont6167,18984421.400000002
1909.0,17920,140,2269933.0,1486252.0,1482921.5,2679640.0,931.84,4218.88,1024.0,4218.88,1.0,0,18.0,34.0,4n-2m-16th-Dc-lu-mz,sequana_cpu_dev,4,11452197.0,2,16,D,lu-mz,4,4,300,1632,1216,34,65702.38,69695.24,135397.62,476.1,505.04,981.14,245.29,138.0, sdumont6165,18955666.8
1863.0,18048,141,2269897.0,1486968.0,1483043.0,2675416.0,931.84,4218.88,1024.0,4218.88,1.0,0,39.0,111.0,4n-2m-16th-Dc-lu-mz,sequana_cpu_dev,4,11452198.0,2,16,D,lu-mz,4,4,300,1632,1216,34,65424.08,69387.1,134811.18,470.68,499.19,969.86,242.47,139.0, sdumont6166,19008376.38
2080.0,19584,136,2274035.0,1487960.0,1483986.0,2679560.0,942.08,4218.88,1085.44,4218.88,1.0,0,20.0,81.0,4n-2m-18th-Dc-lu-mz,sequana_cpu_dev,4,11452199.0,2,18,D,lu-mz,4,4,300,1632,1216,34,66750.51,69310.0,136060.51,498.14,517.24,1015.38,253.84,134.0, sdumont6166,18504229.36
2055.0,19584,136,2274056.0,1486640.0,1483233.5,2683756.0,921.6,4218.88,1034.24,4218.88,1.0,0,21.0,69.0,4n-2m-18th-Dc-lu-mz,sequana_cpu_dev,4,11452200.0,2,18,D,lu-mz,4,4,300,1632,1216,34,66989.46,69640.34,136629.8,503.68,523.61,1027.29,256.82,133.0, sdumont6168,18581652.799999997
2147.0,19584,136,2275547.5,1486784.0,1484679.0,2679456.0,931.84,4218.88,1024.0,4218.88,1.0,0,19.0,26.0,4n-2m-18th-Dc-lu-mz,sequana_cpu_dev,4,11452201.0,2,18,D,lu-mz,4,4,300,1632,1216,34,67023.06,69576.68,136599.75,503.02,522.18,1025.2,256.3,133.25, sdumont6166,18577566.0
2114.0,19584,136,2272497.5,1488156.0,1482248.5,2683752.0,931.84,4218.88,1034.24,4218.88,1.0,0,15.0,26.0,4n-2m-18th-Dc-lu-mz,sequana_cpu_dev,4,11452202.0,2,18,D,lu-mz,4,4,300,1632,1216,34,67054.75,69505.2,136559.94,504.17,522.6,1026.77,256.69,133.0, sdumont6168,18572151.84
2119.0,19440,135,2274035.0,1492916.0,1483907.0,2679560.0,931.84,4218.88,1064.96,4218.88,1.0,0,14.0,20.0,4n-2m-18th-Dc-lu-mz,sequana_cpu_dev,4,11452203.0,2,18,D,lu-mz,4,4,300,1632,1216,34,67093.64,69704.06,136797.7,504.46,524.09,1028.55,257.14,133.0, sdumont6165,18467689.5
2330.0,21440,134,2278152.0,1487288.0,1483411.0,2687868.0,931.84,4218.88,1034.24,4218.88,1.0,0,22.0,86.0,4n-2m-20th-Dc-lu-mz,sequana_cpu_dev,4,11452204.0,2,20,D,lu-mz,4,4,300,1632,1216,34,67601.23,71148.18,138749.4,512.13,539.0,1051.13,262.78,132.0, sdumont6166,18592419.599999998
2315.0,21600,135,2278157.5,1486768.0,1483792.5,2683704.0,931.84,4218.88,1024.0,4218.88,1.0,0,42.0,239.0,4n-2m-20th-Dc-lu-mz,sequana_cpu_dev,4,11452205.0,2,20,D,lu-mz,4,4,300,1632,1216,34,67059.41,70560.89,137620.3,504.21,530.53,1034.74,258.68,133.0, sdumont6166,18578740.5
2365.0,21440,134,2278133.5,1485832.0,1483121.0,2687876.0,931.84,4218.88,1075.2,4218.88,1.0,0,25.0,139.0,4n-2m-20th-Dc-lu-mz,sequana_cpu_dev,4,11452206.0,2,20,D,lu-mz,4,4,300,1632,1216,34,67521.83,71060.07,138581.9,511.53,538.33,1049.86,262.47,132.0, sdumont6166,18569974.599999998
2367.0,21280,133,2278137.0,1486736.0,1483026.5,2683676.0,931.84,4218.88,1024.0,4218.88,1.0,0,19.0,27.0,4n-2m-20th-Dc-lu-mz,sequana_cpu_dev,4,11452207.0,2,20,D,lu-mz,4,4,300,1632,1216,34,67688.24,71241.24,138929.48,516.7,543.83,1060.53,265.13,131.0, sdumont6165,18477620.84
2333.0,21440,134,2278152.0,1487604.0,1483459.0,2687872.0,931.84,4218.88,1024.0,4218.88,3.0,0,13.0,25.0,4n-2m-20th-Dc-lu-mz,sequana_cpu_dev,4,11452208.0,2,20,D,lu-mz,4,4,300,1632,1216,34,67819.19,71243.89,139063.08,513.78,539.73,1053.51,263.38,132.0, sdumont6167,18634452.72
2528.0,23232,132,2280704.5,1487240.0,1482963.5,2687808.0,931.84,4218.88,1034.24,4218.88,2.0,0,36.0,112.0,4n-2m-22th-Dc-lu-mz,sequana_cpu_dev,4,11452211.0,2,22,D,lu-mz,4,4,300,1632,1216,34,67913.73,70328.98,138242.71,522.41,540.99,1063.41,265.85,130.0, sdumont6165,18248037.72
2540.0,23056,131,2282273.5,1488808.0,1484519.5,2691992.0,931.84,4218.88,1024.0,4218.88,2.0,0,24.0,47.0,4n-2m-22th-Dc-lu-mz,sequana_cpu_dev,4,11452212.0,2,22,D,lu-mz,4,4,300,1632,1216,34,68163.08,70566.78,138729.86,528.4,547.03,1075.43,268.86,129.0, sdumont6165,18173611.659999996
2512.0,23232,132,2282270.0,1489268.0,1483892.5,2691960.0,931.84,4218.88,1034.24,4218.88,1.0,0,35.0,100.0,4n-2m-22th-Dc-lu-mz,sequana_cpu_dev,4,11452213.0,2,22,D,lu-mz,4,4,300,1632,1216,34,67949.62,70414.13,138363.75,526.74,545.85,1072.59,268.15,129.0, sdumont6166,18264015.0
2557.0,23232,132,2283798.0,1487336.0,1485057.5,2687832.0,931.84,4218.88,1024.0,4218.88,1.0,0,60.0,192.0,4n-2m-22th-Dc-lu-mz,sequana_cpu_dev,4,11452214.0,2,22,D,lu-mz,4,4,300,1632,1216,34,67714.21,70043.41,137757.62,520.88,538.8,1059.67,264.92,130.0, sdumont6166,18184005.84
2561.0,22880,130,2282290.0,1486472.0,1483530.5,2691996.0,931.84,4218.88,1034.24,4218.88,1.0,0,22.0,30.0,4n-2m-22th-Dc-lu-mz,sequana_cpu_dev,4,11452215.0,2,22,D,lu-mz,4,4,300,1632,1216,34,68225.62,70612.18,138837.8,533.01,551.66,1084.67,271.17,128.0, sdumont6165,18048914.0
2764.0,27648,144,2286392.0,1486712.0,1483324.5,2696140.0,931.84,4218.88,1024.0,4218.88,1.0,0,28.0,78.0,4n-2m-24th-Dc-lu-mz,sequana_cpu_dev,4,11452217.0,2,24,D,lu-mz,4,4,300,1632,1216,34,69732.8,71600.15,141332.95,549.08,563.78,1112.86,278.21,127.0, sdumont6166,20351944.8
2785.0,24960,130,2287942.5,1487080.0,1484822.5,2696108.0,931.84,4218.88,1024.0,4218.88,1.0,0,20.0,26.0,4n-2m-24th-Dc-lu-mz,sequana_cpu_dev,4,11452218.0,2,24,D,lu-mz,4,4,300,1632,1216,34,69694.13,71595.13,141289.27,544.49,559.34,1103.82,275.96,128.0, sdumont6167,18367605.099999998
2706.0,24960,130,2286373.5,1487620.0,1483572.0,2691908.0,921.6,4218.88,1024.0,4218.88,1.0,0,13.0,27.0,4n-2m-24th-Dc-lu-mz,sequana_cpu_dev,4,11452219.0,2,24,D,lu-mz,4,4,300,1632,1216,34,69581.67,71569.09,141150.75,546.83,562.43,1109.27,277.32,127.25, sdumont6165,18349597.5
2724.0,24960,130,2284838.5,1489640.0,1483458.0,2691912.0,942.08,4218.88,1075.2,4218.88,1.0,0,20.0,95.0,4n-2m-24th-Dc-lu-mz,sequana_cpu_dev,4,11452223.0,2,24,D,lu-mz,4,4,300,1632,1216,34,69602.96,71567.48,141170.44,543.77,559.12,1102.89,275.72,128.0, sdumont6167,18352157.2
2738.0,25152,131,2284846.5,1487196.0,1482491.0,2691912.0,931.84,4218.88,1024.0,4218.88,1.0,0,92.0,213.0,4n-2m-24th-Dc-lu-mz,sequana_cpu_dev,4,11452224.0,2,24,D,lu-mz,4,4,300,1632,1216,34,69279.07,71161.44,140440.51,541.24,555.95,1097.19,274.3,128.0, sdumont6166,18397706.810000002
2580.0,10960,685,3404560.0,2621168.0,2615624.0,3780084.0,1054.72,4218.88,1290.24,4218.88,1.0,0,190.0,384.0,2n-2m-4th-Dc-lu-mz,sequana_cpu_dev,2,11452282.0,2,4,D,lu-mz,4,4,300,1632,1216,34,105269.05,110634.96,215904.01,154.13,161.98,316.11,158.06,683.0, sdumont6166,147894246.85
2638.0,11488,718,3407631.0,2621568.0,2617423.0,3775896.0,1044.48,4218.88,1198.08,4218.88,1.0,0,2.0,3.0,2n-2m-4th-Dc-lu-mz,sequana_cpu_dev,2,11452288.0,2,4,D,lu-mz,4,4,300,1632,1216,34,105131.14,110629.33,215760.47,155.18,163.29,318.47,159.23,677.5, sdumont6165,154916017.46
2605.0,10944,684,3407626.0,2623268.0,2618063.0,3792380.0,1064.96,4218.88,1290.24,4218.88,2.0,0,88.0,367.0,2n-2m-4th-Dc-lu-mz,sequana_cpu_dev,2,11452299.0,2,4,D,lu-mz,4,4,300,1632,1216,34,112687.84,114122.88,226810.73,164.99,167.09,332.08,166.04,683.0, sdumont6167,155138539.32
2636.0,10912,682,3407610.0,2624324.0,2619167.0,3775824.0,1054.72,4218.88,1280.0,4218.88,1.0,0,74.0,152.0,2n-2m-4th-Dc-lu-mz,sequana_cpu_dev,2,11452305.0,2,4,D,lu-mz,4,4,300,1632,1216,34,104786.01,110164.26,214950.28,154.1,162.01,316.1,158.05,680.0, sdumont6165,146596090.96
2616.0,10896,681,3404537.0,2622868.0,2615338.0,3792312.0,1054.72,4218.88,1280.0,4218.88,1.0,0,0.0,3.0,2n-2m-4th-Dc-lu-mz,sequana_cpu_dev,2,11452329.0,2,4,D,lu-mz,4,4,300,1632,1216,34,104836.56,110328.19,215164.76,154.29,162.37,316.65,158.33,679.5, sdumont6166,146527201.56
2822.0,11592,483,3411736.0,2621592.0,2618078.0,3796448.0,1003.52,4218.88,1167.36,4218.88,1.0,0,1.0,4.0,2n-2m-6th-Dc-lu-mz,sequana_cpu_dev,2,11452332.0,2,6,D,lu-mz,4,4,300,1632,1216,34,85081.57,88648.39,173729.96,176.88,184.3,361.18,180.59,481.0, sdumont6166,83911570.67999999
2825.0,11592,483,3408662.0,2623208.0,2616055.0,3796448.0,1003.52,4218.88,1167.36,4218.88,1.0,0,10.0,36.0,2n-2m-6th-Dc-lu-mz,sequana_cpu_dev,2,11452335.0,2,6,D,lu-mz,4,4,300,1632,1216,34,85219.87,88791.9,174011.77,177.17,184.6,361.77,180.89,481.0, sdumont6165,84047684.91
2823.0,11592,483,3408630.0,2622312.0,2615710.0,3779956.0,1003.52,4218.88,1167.36,4218.88,1.0,0,1.0,2.0,2n-2m-6th-Dc-lu-mz,sequana_cpu_dev,2,11452341.0,2,6,D,lu-mz,4,4,300,1632,1216,34,85268.41,88807.87,174076.28,177.27,184.63,361.9,180.95,481.0, sdumont6165,84078843.24
2824.0,11616,484,3411771.0,2622404.0,2617863.0,3779972.0,1003.52,4218.88,1187.84,4218.88,1.0,0,1.0,3.0,2n-2m-6th-Dc-lu-mz,sequana_cpu_dev,2,11452354.0,2,6,D,lu-mz,4,4,300,1632,1216,34,90865.95,94618.37,185484.32,188.52,196.3,384.82,192.41,482.0, sdumont6166,89774410.88000001
2821.0,11568,482,3408659.0,2622392.0,2616188.0,3796444.0,1003.52,4218.88,1177.6,4218.88,1.0,0,1.0,4.0,2n-2m-6th-Dc-lu-mz,sequana_cpu_dev,2,11452357.0,2,6,D,lu-mz,4,4,300,1632,1216,34,85250.52,88816.43,174066.95,177.24,184.65,361.89,180.94,481.0, sdumont6165,83900269.9
2834.0,12416,388,3412857.0,2624096.0,2615619.0,3796516.0,972.8,4218.88,1126.4,4218.88,1.0,0,4.0,8.0,2n-2m-8th-Dc-lu-mz,sequana_cpu_dev,2,11452359.0,2,8,D,lu-mz,4,4,300,1632,1216,34,78575.52,81814.25,160389.77,204.09,212.5,416.6,208.3,385.0, sdumont6166,62231230.76
2794.0,12352,386,3415922.0,2622716.0,2618282.0,3784220.0,972.8,4218.88,1126.4,4218.88,1.0,0,3.0,13.0,2n-2m-8th-Dc-lu-mz,sequana_cpu_dev,2,11452366.0,2,8,D,lu-mz,4,4,300,1632,1216,34,78709.9,81875.5,160585.4,204.97,213.22,418.19,209.1,384.0, sdumont6166,61985964.4
2839.0,12320,385,3415848.0,2622964.0,2618382.0,3796364.0,972.8,4218.88,1126.4,4218.88,1.0,0,1.0,4.0,2n-2m-8th-Dc-lu-mz,sequana_cpu_dev,2,11452367.0,2,8,D,lu-mz,4,4,300,1632,1216,34,78592.03,81914.79,160506.82,205.2,213.88,419.08,209.54,383.0, sdumont6165,61795125.7
2837.0,12352,386,3415904.0,2623624.0,2618743.0,3800624.0,983.04,4218.88,1126.4,4218.88,1.0,0,16.0,43.0,2n-2m-8th-Dc-lu-mz,sequana_cpu_dev,2,11452371.0,2,8,D,lu-mz,4,4,300,1632,1216,34,78528.61,81777.69,160306.31,204.5,212.96,417.46,208.73,384.0, sdumont6166,61878235.66
2812.0,12480,390,3415895.0,2623660.0,2618073.0,3800624.0,983.04,4218.88,1126.4,4218.88,1.0,0,101.0,396.0,2n-2m-8th-Dc-lu-mz,sequana_cpu_dev,2,11452375.0,2,8,D,lu-mz,4,4,300,1632,1216,34,83711.59,83757.15,167468.74,215.2,215.31,430.51,215.26,389.0, sdumont6166,65312808.599999994
3197.0,13760,344,3416897.0,2622268.0,2616442.0,3804672.0,972.8,4218.88,1105.92,4218.88,0.0,0,4.0,10.0,2n-2m-10th-Dc-lu-mz,sequana_cpu_dev,2,11452384.0,2,10,D,lu-mz,4,4,300,1632,1216,34,79600.43,82662.58,162263.01,233.1,242.06,475.16,237.58,341.5, sdumont6165,55818475.440000005
3204.0,13680,342,3416901.0,2622992.0,2616211.0,3800488.0,972.8,4218.88,1105.92,4218.88,1.0,0,1.0,5.0,2n-2m-10th-Dc-lu-mz,sequana_cpu_dev,2,11452388.0,2,10,D,lu-mz,4,4,300,1632,1216,34,79782.33,83011.22,162793.55,234.65,244.15,478.8,239.4,340.0, sdumont6166,55675394.099999994
3226.0,13680,342,3416899.0,2621752.0,2615810.0,3788192.0,962.56,4218.88,1024.0,4218.88,3.0,0,6.0,9.0,2n-2m-10th-Dc-lu-mz,sequana_cpu_dev,2,11452392.0,2,10,D,lu-mz,4,4,300,1632,1216,34,85314.02,85663.48,170977.5,250.92,251.95,502.88,251.44,340.0, sdumont6167,58474305.0
3226.0,13840,346,3416917.0,2624540.0,2616058.0,3804740.0,972.8,4218.88,1105.92,4218.88,1.0,0,2.0,4.0,2n-2m-10th-Dc-lu-mz,sequana_cpu_dev,2,11452394.0,2,10,D,lu-mz,4,4,300,1632,1216,34,79484.38,82719.54,162203.91,231.73,241.16,472.9,236.45,343.0, sdumont6165,56122552.86
3229.0,13840,346,3416904.0,2622128.0,2615566.0,3792392.0,962.56,4218.88,1105.92,4218.88,1.0,0,2.0,5.0,2n-2m-10th-Dc-lu-mz,sequana_cpu_dev,2,11452403.0,2,10,D,lu-mz,4,4,300,1632,1216,34,79085.99,82350.67,161436.66,229.9,239.39,469.29,234.65,344.0, sdumont6166,55857084.36
3479.0,15072,314,3424128.0,2622148.0,2618459.0,3804748.0,962.56,4218.88,1095.68,4218.88,1.0,0,10.0,30.0,2n-2m-12th-Dc-lu-mz,sequana_cpu_dev,2,11452413.0,2,12,D,lu-mz,4,4,300,1632,1216,34,75557.43,81197.66,156755.09,241.4,259.42,500.81,250.41,313.0, sdumont6166,49221098.26
3501.0,15072,314,3421030.0,2623380.0,2615711.0,3808860.0,952.32,4218.88,1085.44,4218.88,1.0,0,7.0,12.0,2n-2m-12th-Dc-lu-mz,sequana_cpu_dev,2,11452419.0,2,12,D,lu-mz,4,4,300,1632,1216,34,75468.05,81067.32,156535.37,241.11,259.0,500.11,250.06,313.0, sdumont6165,49152106.18
3456.0,15072,314,3424111.0,2622668.0,2618669.0,3804660.0,952.32,4218.88,1085.44,4218.88,0.0,0,78.0,152.0,2n-2m-12th-Dc-lu-mz,sequana_cpu_dev,2,11452422.0,2,12,D,lu-mz,4,4,300,1632,1216,34,79849.08,82682.71,162531.79,255.11,264.16,519.27,259.64,313.0, sdumont6166,51034982.06
3490.0,14880,310,3424101.0,2622452.0,2618426.0,3796568.0,952.32,4218.88,1105.92,4218.88,1.0,0,13.0,44.0,2n-2m-12th-Dc-lu-mz,sequana_cpu_dev,2,11452426.0,2,12,D,lu-mz,4,4,300,1632,1216,34,75737.21,81509.51,157246.72,245.1,263.78,508.89,254.44,309.0, sdumont6166,48746483.2
3434.0,15072,314,3424142.0,2624692.0,2618751.0,3792376.0,962.56,4218.88,1105.92,4218.88,0.0,0,4.0,9.0,2n-2m-12th-Dc-lu-mz,sequana_cpu_dev,2,11452430.0,2,12,D,lu-mz,4,4,300,1632,1216,34,75333.53,81056.03,156389.55,240.68,258.96,499.65,249.82,313.0, sdumont6166,49106318.699999996
3741.0,16688,298,3428229.0,2623924.0,2619759.0,3796488.0,952.32,4218.88,1075.2,4218.88,1.0,0,7.0,8.0,2n-2m-14th-Dc-lu-mz,sequana_cpu_dev,2,11452435.0,2,14,D,lu-mz,4,4,300,1632,1216,34,70007.02,72758.92,142765.95,235.71,244.98,480.69,240.35,297.0, sdumont6166,42544253.1
3659.0,16576,296,3428228.0,2622820.0,2619003.0,3800684.0,962.56,4218.88,1095.68,4218.88,1.0,0,7.0,13.0,2n-2m-14th-Dc-lu-mz,sequana_cpu_dev,2,11452437.0,2,14,D,lu-mz,4,4,300,1632,1216,34,70408.04,73402.5,143810.55,238.67,248.82,487.49,243.75,295.0, sdumont6166,42567922.8
3749.0,16520,295,3428228.0,2623612.0,2618942.0,3812976.0,952.32,4218.88,1075.2,4218.88,0.0,0,8.0,13.0,2n-2m-14th-Dc-lu-mz,sequana_cpu_dev,2,11452439.0,2,14,D,lu-mz,4,4,300,1632,1216,34,71144.25,74087.89,145232.14,242.41,252.43,494.83,247.42,293.5, sdumont6165,42843481.300000004
3740.0,16520,295,3425183.0,2624292.0,2616819.0,3800684.0,952.32,4218.88,1085.44,4218.88,1.0,0,27.0,60.0,2n-2m-14th-Dc-lu-mz,sequana_cpu_dev,2,11452442.0,2,14,D,lu-mz,4,4,300,1632,1216,34,71266.1,74061.66,145327.76,243.23,252.77,496.0,248.0,293.0, sdumont6165,42871689.2
3744.0,16520,295,3428195.0,2623276.0,2618918.0,3796376.0,952.32,4218.88,1075.2,4218.88,0.0,0,10.0,12.0,2n-2m-14th-Dc-lu-mz,sequana_cpu_dev,2,11452446.0,2,14,D,lu-mz,4,4,300,1632,1216,34,71247.84,74040.49,145288.32,242.76,252.27,495.03,247.51,293.5, sdumont6165,42860054.4
4095.0,17536,274,3432364.0,2623268.0,2618622.0,3812992.0,952.32,4218.88,1075.2,4218.88,1.0,0,18.0,21.0,2n-2m-16th-Dc-lu-mz,sequana_cpu_dev,2,11452448.0,2,16,D,lu-mz,4,4,300,1632,1216,34,73813.88,78831.99,152645.87,270.88,289.29,560.18,280.09,272.5, sdumont6166,41824968.379999995
4088.0,17600,275,3432367.0,2623880.0,2619036.0,3812984.0,952.32,4218.88,1075.2,4218.88,1.0,0,11.0,20.0,2n-2m-16th-Dc-lu-mz,sequana_cpu_dev,2,11452450.0,2,16,D,lu-mz,4,4,300,1632,1216,34,73774.15,78482.9,152257.05,270.23,287.48,557.72,278.86,273.0, sdumont6165,41870688.75
4088.0,17728,277,3429308.0,2623220.0,2616538.0,3804808.0,962.56,4218.88,1116.16,4218.88,1.0,0,11.0,18.0,2n-2m-16th-Dc-lu-mz,sequana_cpu_dev,2,11452454.0,2,16,D,lu-mz,4,4,300,1632,1216,34,73624.11,78491.29,152115.4,269.69,287.51,557.2,278.6,273.0, sdumont6166,42135965.8
4091.0,17600,275,3432376.0,2623756.0,2619088.0,3812896.0,952.32,4218.88,1075.2,4218.88,0.0,0,13.0,21.0,2n-2m-16th-Dc-lu-mz,sequana_cpu_dev,2,11452460.0,2,16,D,lu-mz,4,4,300,1632,1216,34,73848.25,78487.07,152335.32,270.02,286.97,556.99,278.5,273.5, sdumont6166,41892213.0
4095.0,17536,274,3429222.0,2621532.0,2616125.0,3800548.0,952.32,4218.88,1064.96,4218.88,1.0,0,14.0,17.0,2n-2m-16th-Dc-lu-mz,sequana_cpu_dev,2,11452464.0,2,16,D,lu-mz,4,4,300,1632,1216,34,73936.51,78551.64,152488.15,270.83,287.73,558.56,279.28,273.0, sdumont6165,41781753.1
4187.0,19296,268,3436489.0,2623988.0,2619235.0,3816996.0,942.08,4218.88,1054.72,4218.88,1.0,0,38.0,62.0,2n-2m-18th-Dc-lu-mz,sequana_cpu_dev,2,11452473.0,2,18,D,lu-mz,4,4,300,1632,1216,34,66723.92,69375.77,136099.7,250.86,260.81,511.67,255.84,266.0, sdumont6165,36474719.6
4156.0,19368,269,3436507.0,2623416.0,2619260.0,3817108.0,942.08,4218.88,1054.72,4218.88,1.0,0,10.0,25.0,2n-2m-18th-Dc-lu-mz,sequana_cpu_dev,2,11452475.0,2,18,D,lu-mz,4,4,300,1632,1216,34,66609.13,69151.0,135760.14,250.41,259.97,510.38,255.19,266.0, sdumont6165,36519477.660000004
4484.0,19728,274,3436487.0,2622632.0,2619487.0,3817024.0,962.56,4218.88,1105.92,4218.88,0.0,0,102.0,380.0,2n-2m-18th-Dc-lu-mz,sequana_cpu_dev,2,11452486.0,2,18,D,lu-mz,4,4,300,1632,1216,34,76884.68,77780.19,154664.87,282.16,285.44,567.61,283.8,272.5, sdumont6167,42378174.379999995
4486.0,19512,271,3433373.0,2626612.0,2617276.0,3804664.0,952.32,4218.88,1064.96,4218.88,1.0,0,79.0,295.0,2n-2m-18th-Dc-lu-mz,sequana_cpu_dev,2,11452502.0,2,18,D,lu-mz,4,4,300,1632,1216,34,65562.68,68110.72,133673.4,242.82,252.26,495.09,247.54,270.0, sdumont6165,36225491.4
4277.0,19224,267,3436498.0,2623376.0,2618495.0,3804736.0,952.32,4218.88,1054.72,4218.88,0.0,0,18.0,19.0,2n-2m-18th-Dc-lu-mz,sequana_cpu_dev,2,11452505.0,2,18,D,lu-mz,4,4,300,1632,1216,34,66671.03,69235.7,135906.73,251.12,260.77,511.9,255.95,265.5, sdumont6165,36287096.910000004
4780.0,21280,266,3437489.0,2623532.0,2616228.0,3825272.0,952.32,4218.88,1095.68,4218.88,1.0,0,19.0,28.0,2n-2m-20th-Dc-lu-mz,sequana_cpu_dev,2,11452508.0,2,20,D,lu-mz,4,4,300,1632,1216,34,67315.68,71381.91,138697.59,254.98,270.39,525.37,262.68,264.0, sdumont6165,36893558.94
4655.0,21040,263,3440611.0,2622832.0,2619655.0,3813040.0,952.32,4218.88,1064.96,4218.88,1.0,0,13.0,23.0,2n-2m-20th-Dc-lu-mz,sequana_cpu_dev,2,11452510.0,2,20,D,lu-mz,4,4,300,1632,1216,34,67597.8,71507.7,139105.5,259.5,274.5,534.0,267.0,260.5, sdumont6165,36584746.5
4630.0,21360,267,3437565.0,2624800.0,2616654.0,3825424.0,952.32,4218.88,1064.96,4218.88,1.0,0,14.0,22.0,2n-2m-20th-Dc-lu-mz,sequana_cpu_dev,2,11452511.0,2,20,D,lu-mz,4,4,300,1632,1216,34,67020.76,71167.87,138188.64,252.44,268.05,520.49,260.25,265.5, sdumont6165,36896366.88
4764.0,20960,262,3440639.0,2624312.0,2618953.0,3821228.0,942.08,4218.88,962.56,4218.88,1.0,0,16.0,23.0,2n-2m-20th-Dc-lu-mz,sequana_cpu_dev,2,11452512.0,2,20,D,lu-mz,4,4,300,1632,1216,34,67739.42,71745.57,139484.99,260.04,275.42,535.46,267.73,260.5, sdumont6166,36545067.379999995
4588.0,20960,262,3437506.0,2623076.0,2616438.0,3825336.0,942.08,4218.88,1064.96,4218.88,1.0,0,9.0,24.0,2n-2m-20th-Dc-lu-mz,sequana_cpu_dev,2,11452515.0,2,20,D,lu-mz,4,4,300,1632,1216,34,67547.5,71743.38,139290.88,259.8,275.94,535.73,267.87,260.0, sdumont6166,36494210.56
4970.0,22528,256,3444731.0,2624576.0,2619335.0,3829540.0,952.32,4218.88,1064.96,4218.88,1.0,0,11.0,24.0,2n-2m-22th-Dc-lu-mz,sequana_cpu_dev,2,11452516.0,2,22,D,lu-mz,4,4,300,1632,1216,34,68192.3,70620.63,138812.93,268.47,278.03,546.51,273.25,254.0, sdumont6166,35536110.08
5040.0,22616,257,3441598.0,2622720.0,2616443.0,3812968.0,962.56,4218.88,1105.92,4218.88,1.0,0,36.0,74.0,2n-2m-22th-Dc-lu-mz,sequana_cpu_dev,2,11452519.0,2,22,D,lu-mz,4,4,300,1632,1216,34,68006.05,70426.87,138432.92,266.69,276.18,542.87,271.44,255.0, sdumont6165,35577260.440000005
5023.0,22704,258,3444735.0,2624288.0,2620125.0,3829544.0,952.32,4218.88,1064.96,4218.88,1.0,0,14.0,24.0,2n-2m-22th-Dc-lu-mz,sequana_cpu_dev,2,11452522.0,2,22,D,lu-mz,4,4,300,1632,1216,34,67736.38,70335.45,138071.83,264.6,274.75,539.34,269.67,256.0, sdumont6166,35622532.13999999
4962.0,22616,257,3444708.0,2625580.0,2619421.0,3829460.0,962.56,4218.88,1105.92,4218.88,1.0,0,13.0,28.0,2n-2m-22th-Dc-lu-mz,sequana_cpu_dev,2,11452524.0,2,22,D,lu-mz,4,4,300,1632,1216,34,68133.08,70631.28,138764.36,267.72,277.53,545.25,272.62,254.5, sdumont6166,35662440.519999996
5030.0,22528,256,3441630.0,2624236.0,2617016.0,3829464.0,942.08,4218.88,1064.96,4218.88,1.0,0,21.0,41.0,2n-2m-22th-Dc-lu-mz,sequana_cpu_dev,2,11452527.0,2,22,D,lu-mz,4,4,300,1632,1216,34,68125.82,70625.96,138751.78,268.21,278.05,546.27,273.13,254.0, sdumont6165,35520455.68
5541.0,24192,252,3445728.0,2623840.0,2617067.0,3821220.0,952.32,4218.88,1064.96,4218.88,1.0,0,23.0,35.0,2n-2m-24th-Dc-lu-mz,sequana_cpu_dev,2,11452530.0,2,24,D,lu-mz,4,4,300,1632,1216,34,70549.23,71894.01,142443.23,282.2,287.58,569.77,284.89,250.0, sdumont6166,35895693.96
5522.0,24672,257,3448871.0,2623440.0,2619442.0,3821368.0,942.08,4218.88,1064.96,4218.88,1.0,0,19.0,25.0,2n-2m-24th-Dc-lu-mz,sequana_cpu_dev,2,11452531.0,2,24,D,lu-mz,4,4,300,1632,1216,34,69734.31,71484.45,141218.77,273.47,280.33,553.8,276.9,255.0, sdumont6165,36293223.89
5473.0,24288,253,3445689.0,2622336.0,2616426.0,3821072.0,952.32,4218.88,1075.2,4218.88,1.0,0,12.0,22.0,2n-2m-24th-Dc-lu-mz,sequana_cpu_dev,2,11452532.0,2,24,D,lu-mz,4,4,300,1632,1216,34,70389.41,71826.12,142215.53,279.88,285.59,565.48,282.74,251.5, sdumont6165,35980529.089999996
5452.0,24768,258,3448848.0,2624156.0,2619686.0,3833664.0,942.08,4218.88,1064.96,4218.88,1.0,0,15.0,29.0,2n-2m-24th-Dc-lu-mz,sequana_cpu_dev,2,11452536.0,2,24,D,lu-mz,4,4,300,1632,1216,34,69765.45,71422.13,141187.58,273.59,280.09,553.68,276.84,255.0, sdumont6165,36426395.63999999
5502.0,24384,254,3445697.0,2623480.0,2616726.0,3833376.0,942.08,4218.88,1064.96,4218.88,1.0,0,15.0,28.0,2n-2m-24th-Dc-lu-mz,sequana_cpu_dev,2,11452538.0,2,24,D,lu-mz,4,4,300,1632,1216,34,70498.91,71780.54,142279.45,279.76,284.84,564.6,282.3,252.0, sdumont6165,36138980.300000004
4984.0,10046,5023,5719364.0,4893924.0,4888434.0,6043492.0,2201.6,4229.12,3584.0,4239.36,3.0,0,204.0,408.0,1n-2m-1th-Dc-lu-mz,sequana_cpu,1,11454908.0,2,1,D,lu-mz,4,4,300,1632,1216,34,272156.32,267769.29,539925.61,54.19,53.32,107.51,107.51,5022.0, sdumont6103,2712046339.0299997
4992.0,10040,5020,5719366.0,4893836.0,4888212.0,6043496.0,2201.6,4229.12,3584.0,4239.36,8.0,0,65.0,133.0,1n-2m-1th-Dc-lu-mz,sequana_cpu,1,11454993.0,2,1,D,lu-mz,4,4,300,1632,1216,34,272815.24,267936.44,540751.68,54.37,53.4,107.76,107.76,5018.0, sdumont6103,2714573433.6000004
4959.0,10016,5008,5719372.0,4894656.0,4889618.0,6043512.0,2201.6,4229.12,3573.76,4239.36,13.0,0,199.0,430.0,1n-2m-1th-Dc-lu-mz,sequana_cpu,1,11455065.0,2,1,D,lu-mz,4,4,300,1632,1216,34,316899.18,289649.24,606548.43,63.29,57.85,121.14,121.14,5007.0, sdumont6171,3037594537.44
4961.0,10006,5003,5719364.0,4888580.0,4887544.0,6047720.0,2201.6,4229.12,3584.0,4239.36,8.0,0,199.0,398.0,1n-2m-1th-Dc-lu-mz,sequana_cpu,1,11455090.0,2,1,D,lu-mz,4,4,300,1632,1216,34,295470.27,248843.1,544313.36,59.07,49.75,108.82,108.82,5002.0, sdumont6172,2723199740.08
4989.0,10026,5013,5731036.0,4894224.0,4888260.0,6060468.0,16128.0,4229.12,31313.92,4239.36,22.0,0,213.0,426.0,1n-2m-1th-Dc-lu-mz,sequana_cpu,1,11455131.0,2,1,D,lu-mz,4,4,300,1632,1216,34,301153.85,281806.77,582960.62,60.09,56.23,116.31,116.31,5012.0, sdumont6053,2922381588.06
5038.0,10208,2552,5733094.0,4886472.0,4886262.0,6062528.0,8683.52,4218.88,16424.96,4229.12,16.0,0,129.0,142.0,1n-2m-2th-Dc-lu-mz,sequana_cpu,1,11455170.0,2,2,D,lu-mz,4,4,300,1632,1216,34,178987.5,170029.65,349017.15,70.16,66.65,136.82,136.82,2551.0, sdumont6053,890691766.8000001
5008.0,10180,2545,5733098.0,4887224.0,4885376.0,6066756.0,8683.52,4218.88,16424.96,4229.12,26.0,0,14.0,20.0,1n-2m-2th-Dc-lu-mz,sequana_cpu,1,11455175.0,2,2,D,lu-mz,4,4,300,1632,1216,34,178984.73,170000.57,348985.3,70.36,66.82,137.18,137.18,2544.0, sdumont6053,888167588.5
4980.0,10184,2546,5733096.0,4886044.0,4885102.0,6062528.0,8714.24,4218.88,16476.16,4229.12,25.0,0,12.0,24.0,1n-2m-2th-Dc-lu-mz,sequana_cpu,1,11455189.0,2,2,D,lu-mz,4,4,300,1632,1216,34,179026.59,169849.52,348876.1,70.34,66.74,137.08,137.08,2545.0, sdumont6053,888238550.5999999
5008.0,10196,2549,5733094.0,4886928.0,4884758.0,6066752.0,8591.36,4218.88,16168.96,4229.12,6.0,0,0.0,0.0,1n-2m-2th-Dc-lu-mz,sequana_cpu,1,11455209.0,2,2,D,lu-mz,4,4,300,1632,1216,34,178401.09,169617.26,348018.35,70.02,66.57,136.58,136.58,2548.0, sdumont6053,887098774.15
5009.0,10196,2549,5733112.0,4887236.0,4885242.0,6062556.0,8683.52,4218.88,16414.72,4229.12,6.0,0,14.0,23.0,1n-2m-2th-Dc-lu-mz,sequana_cpu,1,11455235.0,2,2,D,lu-mz,4,4,300,1632,1216,34,178815.9,169582.44,348398.33,70.18,66.56,136.73,136.73,2548.0, sdumont6053,888067343.1700001
5332.0,10832,1354,5737212.0,4886596.0,4885708.0,6066648.0,5058.56,4218.88,9164.8,4218.88,4.0,0,1.0,2.0,1n-2m-4th-Dc-lu-mz,sequana_cpu,1,11455239.0,2,4,D,lu-mz,4,4,300,1632,1216,34,116999.41,110931.69,227931.1,86.47,81.99,168.46,168.46,1353.0, sdumont6053,308618709.40000004
5326.0,10840,1355,5737210.0,4888244.0,4885648.0,6066644.0,5058.56,4218.88,9164.8,4218.88,31.0,0,22.0,31.0,1n-2m-4th-Dc-lu-mz,sequana_cpu,1,11455243.0,2,4,D,lu-mz,4,4,300,1632,1216,34,116864.76,110910.71,227775.47,86.31,81.91,168.22,168.22,1354.0, sdumont6053,308635761.85
5325.0,10848,1356,5737232.0,4887948.0,4885904.0,6070876.0,5058.56,4218.88,9175.04,4218.88,7.0,0,0.0,0.0,1n-2m-4th-Dc-lu-mz,sequana_cpu,1,11455250.0,2,4,D,lu-mz,4,4,300,1632,1216,34,117039.37,110891.39,227930.76,86.38,81.84,168.21,168.21,1355.0, sdumont6053,309074110.56
5328.0,10880,1360,5737216.0,4887668.0,4886048.0,6066648.0,5058.56,4218.88,9175.04,4218.88,22.0,0,2.0,3.0,1n-2m-4th-Dc-lu-mz,sequana_cpu,1,11455262.0,2,4,D,lu-mz,4,4,300,1632,1216,34,119785.12,113320.16,233105.27,88.21,83.45,171.65,171.65,1358.0, sdumont6053,317023167.2
5330.0,10832,1354,5737214.0,4887840.0,4885506.0,6066648.0,5058.56,4218.88,9175.04,4218.88,14.0,0,15.0,23.0,1n-2m-4th-Dc-lu-mz,sequana_cpu,1,11455271.0,2,4,D,lu-mz,4,4,300,1632,1216,34,116775.6,110954.01,227729.61,86.31,82.01,168.31,168.31,1353.0, sdumont6053,308345891.94
5050.0,10144,5072,5926748.0,4909684.0,4902908.0,6039236.0,3829.76,4229.12,4106.24,4229.12,88434.0,0,531.0,548.0,2n-1m-1th-Dc-lu-mz,sequana_cpu,2,11455495.0,1,1,D,lu-mz,4,4,300,1632,1216,34,589958.53,409108.89,999067.42,116.36,80.69,197.05,98.53,5070.0, sdumont6243,5067269954.24
4931.0,9914,4957,5926734.0,4906688.0,4901144.0,6026936.0,3471.36,4229.12,3471.36,4229.12,5917.0,0,437.0,447.0,2n-1m-1th-Dc-lu-mz,sequana_cpu,2,11455834.0,1,1,D,lu-mz,4,4,300,1632,1216,34,595397.38,416701.87,1012099.25,120.14,84.08,204.22,102.11,4956.0, sdumont6144,5016975982.25
4990.0,10038,5019,5926458.0,4901580.0,4898200.0,6026676.0,3645.44,4229.12,3870.72,4229.12,923.0,0,435.0,441.0,2n-1m-1th-Dc-lu-mz,sequana_cpu,2,11455884.0,1,1,D,lu-mz,4,4,300,1632,1216,34,591514.64,388772.82,980287.46,117.88,77.48,195.35,97.68,5018.0, sdumont6283,4920062761.74
4935.0,9920,4960,5926742.0,4904836.0,4900070.0,6039248.0,3471.36,4229.12,3471.36,4229.12,12220.0,0,121.0,132.0,2n-1m-1th-Dc-lu-mz,sequana_cpu,2,11455917.0,1,1,D,lu-mz,4,4,300,1632,1216,34,541406.78,403048.15,944454.92,109.18,81.28,190.45,95.23,4959.0, sdumont6078,4684496403.2
4994.0,10026,5013,5926746.0,4905312.0,4900132.0,6026940.0,3502.08,4229.12,3502.08,4229.12,3780.0,0,204.0,210.0,2n-1m-1th-Dc-lu-mz,sequana_cpu,2,11455935.0,1,1,D,lu-mz,4,4,300,1632,1216,34,573411.74,386635.42,960047.16,114.43,77.16,191.59,95.79,5011.0, sdumont6174,4812716413.08
5004.0,10188,2547,5928804.0,4898180.0,4891710.0,6041284.0,2160.64,4218.88,2170.88,4218.88,47991.0,0,404.0,437.0,2n-1m-2th-Dc-lu-mz,sequana_cpu,2,11455944.0,1,2,D,lu-mz,4,4,300,1632,1216,34,315263.98,219626.53,534890.51,123.83,86.26,210.09,105.05,2546.0, sdumont6070,1362366128.97
4996.0,10160,2540,5928794.0,4896100.0,4891268.0,6028996.0,2160.64,4218.88,2170.88,4218.88,62815.0,0,371.0,371.0,2n-1m-2th-Dc-lu-mz,sequana_cpu,2,11456058.0,1,2,D,lu-mz,4,4,300,1632,1216,34,333413.76,186091.15,519504.91,131.32,73.29,204.61,102.31,2539.0, sdumont6075,1319542471.3999999
5004.0,10172,2543,5928806.0,4897228.0,4891880.0,6028996.0,2160.64,4218.88,2170.88,4218.88,23.0,0,0.0,1.0,2n-1m-2th-Dc-lu-mz,sequana_cpu,2,11456231.0,1,2,D,lu-mz,4,4,300,1632,1216,34,333708.28,186326.43,520034.71,131.33,73.33,204.66,102.33,2541.0, sdumont6071,1322448267.53
5007.0,10168,2542,5928802.0,4897220.0,4892558.0,6028992.0,2160.64,4218.88,2170.88,4218.88,21.0,0,11.0,23.0,2n-1m-2th-Dc-lu-mz,sequana_cpu,2,11456264.0,1,2,D,lu-mz,4,4,300,1632,1216,34,333439.6,186465.45,519905.04,131.22,73.38,204.61,102.3,2541.0, sdumont6071,1321598611.6799998
5001.0,10160,2540,5928806.0,4898628.0,4893016.0,6028996.0,2170.88,4218.88,2170.88,4218.88,16.0,0,0.0,0.0,2n-1m-2th-Dc-lu-mz,sequana_cpu,2,11456293.0,1,2,D,lu-mz,4,4,300,1632,1216,34,333546.39,186326.65,519873.04,131.37,73.39,204.76,102.38,2539.0, sdumont6075,1320477521.6
5333.0,10840,1355,5932912.0,4896200.0,4891880.0,6033128.0,1536.0,4208.64,1536.0,4208.64,4188.0,0,217.0,381.0,2n-1m-4th-Dc-lu-mz,sequana_cpu,2,11456332.0,1,4,D,lu-mz,4,4,300,1632,1216,34,217593.93,97416.7,315010.63,160.7,71.95,232.65,116.33,1354.0, sdumont6075,426839403.65000004
5336.0,10840,1355,5932898.0,4899860.0,4893000.0,6045396.0,1536.0,4208.64,1536.0,4208.64,924.0,0,191.0,381.0,2n-1m-4th-Dc-lu-mz,sequana_cpu,2,11456378.0,1,4,D,lu-mz,4,4,300,1632,1216,34,225248.18,102942.71,328190.88,166.48,76.08,242.57,121.28,1353.0, sdumont6075,444698642.40000004
5322.0,10896,1362,5932898.0,4896428.0,4891482.0,6033100.0,1536.0,4208.64,1536.0,4208.64,3147.0,0,380.0,382.0,2n-1m-4th-Dc-lu-mz,sequana_cpu,2,11456410.0,1,4,D,lu-mz,4,4,300,1632,1216,34,229008.75,114222.66,343231.42,168.27,83.93,252.19,126.1,1361.0, sdumont6237,467481194.03999996
5334.0,10848,1356,5932902.0,4897220.0,4892406.0,6033108.0,1536.0,4208.64,1546.24,4208.64,1.0,0,0.0,1.0,2n-1m-4th-Dc-lu-mz,sequana_cpu,2,11456421.0,1,4,D,lu-mz,4,4,300,1632,1216,34,223962.82,111734.12,335696.94,165.29,82.46,247.75,123.87,1355.0, sdumont6238,455205050.64
5338.0,10872,1359,5949882.0,4897324.0,4891910.0,6062376.0,9082.88,4208.64,9093.12,4208.64,7262.0,0,173.0,180.0,2n-1m-4th-Dc-lu-mz,sequana_cpu,2,11456425.0,1,4,D,lu-mz,4,4,300,1632,1216,34,237672.28,117581.2,355253.48,175.02,86.58,261.6,130.8,1358.0, sdumont6061,482789479.32
2486.0,10060,2515,3398377.0,2630228.0,2620395.0,3773860.0,1802.24,4218.88,2785.28,4229.12,782.0,0,108.0,163.0,2n-2m-1th-Dc-lu-mz,sequana_cpu,2,11456511.0,2,1,D,lu-mz,4,4,300,1632,1216,34,291509.55,272034.72,563544.27,115.95,108.21,224.16,112.08,2514.0, sdumont6136,1417313839.05
2481.0,10076,2519,3398388.0,2633476.0,2620422.0,3786152.0,1812.48,4218.88,2785.28,4239.36,12.0,0,21.0,65.0,2n-2m-1th-Dc-lu-mz,sequana_cpu,2,11456523.0,2,1,D,lu-mz,4,4,300,1632,1216,34,291566.59,271529.12,563095.71,116.07,108.09,224.16,112.08,2512.0, sdumont6136,1418438093.49
2485.0,10084,2521,3401477.0,2626756.0,2621368.0,3781964.0,1802.24,4218.88,2764.8,4229.12,11.0,0,46.0,161.0,2n-2m-1th-Dc-lu-mz,sequana_cpu,2,11456531.0,2,1,D,lu-mz,4,4,300,1632,1216,34,291566.41,271404.53,562970.94,115.88,107.87,223.76,111.88,2516.0, sdumont6137,1419249739.7399998
2488.0,10076,2519,3401457.0,2630504.0,2622006.0,3769728.0,1802.24,4218.88,2775.04,4229.12,9.0,0,17.0,71.0,2n-2m-1th-Dc-lu-mz,sequana_cpu,2,11456554.0,2,1,D,lu-mz,4,4,300,1632,1216,34,291328.71,271593.68,562922.38,115.74,107.9,223.65,111.82,2517.0, sdumont6136,1418001475.22
2489.0,10040,2510,3398342.0,2629476.0,2619439.0,3786156.0,1546.24,4218.88,2263.04,4229.12,3998.0,0,168.0,234.0,2n-2m-1th-Dc-lu-mz,sequana_cpu,2,11456557.0,2,1,D,lu-mz,4,4,300,1632,1216,34,294779.14,265941.34,560720.49,117.54,106.04,223.57,111.79,2508.0, sdumont6133,1407408429.9
2493.0,10168,1271,3400418.0,2621756.0,2615950.0,3788268.0,1218.56,4218.88,1607.68,4218.88,2408.0,0,264.0,381.0,2n-2m-2th-Dc-lu-mz,sequana_cpu,2,11456560.0,2,2,D,lu-mz,4,4,300,1632,1216,34,166939.83,169273.09,336212.92,131.55,133.39,264.94,132.47,1269.0, sdumont6209,427326621.32
2493.0,10200,1275,3400415.0,2622372.0,2615641.0,3775976.0,1218.56,4218.88,1617.92,4218.88,19828.0,0,230.0,327.0,2n-2m-2th-Dc-lu-mz,sequana_cpu,2,11456561.0,2,2,D,lu-mz,4,4,300,1632,1216,34,170033.01,170927.86,340960.87,133.57,134.27,267.84,133.92,1273.0, sdumont6164,434725109.25
2497.0,10288,1286,3400398.0,2620860.0,2615759.0,3771724.0,1218.56,4218.88,1607.68,4218.88,5.0,0,0.0,0.0,2n-2m-2th-Dc-lu-mz,sequana_cpu,2,11456707.0,2,2,D,lu-mz,4,4,300,1632,1216,34,170174.62,170920.4,341095.02,133.89,134.48,268.37,134.18,1271.0, sdumont6164,438648195.72
2500.0,10240,1280,3403508.0,2620948.0,2618048.0,3771716.0,1218.56,4218.88,1597.44,4218.88,2873.0,0,353.0,372.0,2n-2m-2th-Dc-lu-mz,sequana_cpu,2,11456718.0,2,2,D,lu-mz,4,4,300,1632,1216,34,169721.91,175948.76,345670.66,132.7,137.57,270.27,135.13,1279.0, sdumont6110,442458444.79999995
2493.0,10168,1271,3403524.0,2621472.0,2618027.0,3788256.0,1228.8,4218.88,1628.16,4229.12,28.0,0,0.0,0.0,2n-2m-2th-Dc-lu-mz,sequana_cpu,2,11456728.0,2,2,D,lu-mz,4,4,300,1632,1216,34,170331.42,176317.37,346648.79,134.22,138.94,273.17,136.58,1269.0, sdumont6110,440590612.09
3107.0,9426,3142,4328017.3330078125,3334336.0,3330214.666015625,4485160.0,8253.44,4218.88,19773.44,4218.88,28046.0,0,372.0,389.0,3n-1m-1th-Dc-lu-mz,sequana_cpu,3,11456797.0,1,1,D,lu-mz,4,4,300,1632,1216,34,554691.31,383019.82,937711.13,176.6,121.94,298.54,99.51,3141.0, sdumont6231,2946288370.46
3136.0,9486,3162,4322361.3330078125,3333300.0,3328282.666015625,4468200.0,2508.8,4218.88,2529.28,4218.88,9399.0,0,363.0,367.0,3n-1m-1th-Dc-lu-mz,sequana_cpu,3,11456930.0,1,1,D,lu-mz,4,4,300,1632,1216,34,534027.9,353142.69,887170.59,169.0,111.75,280.75,93.58,3160.0, sdumont6271,2805233405.58
3140.0,9465,3155,4322360.0,3334632.0,3329188.0,4468180.0,2508.8,4218.88,2529.28,4218.88,9.0,0,9.0,28.0,3n-1m-1th-Dc-lu-mz,sequana_cpu,3,11456948.0,1,1,D,lu-mz,4,4,300,1632,1216,34,534714.24,354092.08,888806.32,169.54,112.27,281.8,93.93,3154.0, sdumont6271,2804183939.6
3110.0,9411,3137,4322361.3330078125,3335728.0,3329433.3330078125,4468180.0,2488.32,4218.88,2488.32,4218.88,16.0,0,17.0,51.0,3n-1m-1th-Dc-lu-mz,sequana_cpu,3,11456949.0,1,1,D,lu-mz,4,4,300,1632,1216,34,534050.04,353575.21,887625.25,170.3,112.75,283.04,94.35,3136.0, sdumont6272,2784480409.25
3110.0,9387,3129,4322358.666015625,3335440.0,3330702.666015625,4468196.0,2488.32,4218.88,2488.32,4218.88,11.0,0,16.0,28.0,3n-1m-1th-Dc-lu-mz,sequana_cpu,3,11456950.0,1,1,D,lu-mz,4,4,300,1632,1216,34,529296.77,350305.82,879602.59,169.21,111.99,281.2,93.73,3128.0, sdumont6273,2752276504.11
3162.0,9618,1603,4389952.0,3325756.0,3321145.3330078125,4535792.0,1669.12,4218.88,1669.12,4218.88,17567.0,0,373.0,376.0,3n-1m-2th-Dc-lu-mz,sequana_cpu,3,11456951.0,1,2,D,lu-mz,4,4,300,1632,1216,34,322158.85,189849.98,512008.83,202.36,119.25,321.61,107.2,1592.0, sdumont6142,820750154.49
3157.0,9666,1611,4389952.0,3326220.0,3321392.0,4535772.0,1669.12,4218.88,1669.12,4218.88,272.0,0,371.0,373.0,3n-1m-2th-Dc-lu-mz,sequana_cpu,3,11457011.0,1,2,D,lu-mz,4,4,300,1632,1216,34,328502.96,202396.34,530899.3,204.67,126.1,330.78,110.26,1605.0, sdumont6230,855278772.3000001
3164.0,9642,1607,4389960.0,3326864.0,3321960.0,4535788.0,1669.12,4218.88,1669.12,4218.88,16.0,0,0.0,0.0,3n-1m-2th-Dc-lu-mz,sequana_cpu,3,11457027.0,1,2,D,lu-mz,4,4,300,1632,1216,34,328683.73,201847.49,530531.22,204.66,125.68,330.34,110.11,1606.0, sdumont6230,852563670.54
3166.0,9600,1600,4389954.666015625,3326276.0,3320849.3330078125,4535792.0,1669.12,4218.88,1669.12,4218.88,23.0,0,35.0,73.0,3n-1m-2th-Dc-lu-mz,sequana_cpu,3,11457028.0,1,2,D,lu-mz,4,4,300,1632,1216,34,322430.33,198594.65,521024.97,201.64,124.2,325.84,108.61,1599.0, sdumont6202,833639952.0
3160.0,9606,1601,4389953.3330078125,3329056.0,3321528.0,4535788.0,1669.12,4218.88,1669.12,4218.88,27.0,0,155.0,411.0,3n-1m-2th-Dc-lu-mz,sequana_cpu,3,11457042.0,1,2,D,lu-mz,4,4,300,1632,1216,34,317540.07,195816.91,513356.97,198.54,122.44,320.98,106.99,1599.33, sdumont6230,821884508.9699999
2481.0,10056,2514,3599650.0,2632964.0,2625566.0,3765392.0,2150.4,4218.88,2150.4,4218.88,2.0,0,57.0,87.0,4n-1m-1th-Dc-lu-mz,sequana_cpu,4,11457054.0,1,1,D,lu-mz,4,4,300,1632,1216,34,590104.83,419163.01,1009267.84,234.82,166.8,401.62,100.4,2513.0, sdumont6203,2537299349.7599998
2476.0,10060,2515,3608135.0,2635468.0,2628130.0,3782368.0,9052.16,4218.88,15974.4,4218.88,97418.0,0,368.0,372.0,4n-1m-1th-Dc-lu-mz,sequana_cpu,4,11457105.0,1,1,D,lu-mz,4,4,300,1632,1216,34,599563.46,429906.66,1029470.12,238.49,171.01,409.49,102.37,2514.0, sdumont6285,2589117351.8
2477.0,10052,2513,3611147.0,2634064.0,2629230.0,3782372.0,9062.4,4218.88,15994.88,4218.88,12.0,0,196.0,365.0,4n-1m-1th-Dc-lu-mz,sequana_cpu,4,11457976.0,1,1,D,lu-mz,4,4,300,1632,1216,34,604970.96,426385.98,1031356.94,240.9,169.79,410.69,102.67,2511.25, sdumont6045,2591799990.22
2477.0,10068,2517,3610040.0,2633932.0,2632389.0,3782372.0,5601.28,4218.88,15974.4,4218.88,16424.0,0,382.0,414.0,4n-1m-1th-Dc-lu-mz,sequana_cpu,4,11457984.0,1,1,D,lu-mz,4,4,300,1632,1216,34,584342.82,388658.17,973000.99,232.25,154.47,386.73,96.68,2516.0, sdumont6275,2449043491.83
2478.0,10080,2520,3611212.0,2636064.0,2629802.0,3782368.0,9062.4,4218.88,15974.4,4218.88,19503.0,0,282.0,393.0,4n-1m-1th-Dc-lu-mz,sequana_cpu,4,11458074.0,1,1,D,lu-mz,4,4,300,1632,1216,34,582906.74,420081.26,1002988.0,231.4,166.77,398.17,99.54,2519.0, sdumont6256,2527529760.0
2497.0,10216,1277,3613206.0,2623708.0,2620830.0,3784296.0,5017.6,4208.64,8540.16,4208.64,20.0,0,42.0,94.0,4n-1m-2th-Dc-lu-mz,sequana_cpu,4,11458105.0,1,2,D,lu-mz,4,4,300,1632,1216,34,346701.66,212870.0,559571.67,271.92,166.96,438.88,109.72,1275.0, sdumont6038,714573022.59
2503.0,10184,1273,3613263.0,2624200.0,2621323.0,3772116.0,5017.6,4208.64,8540.16,4208.64,31.0,0,9.0,35.0,4n-1m-2th-Dc-lu-mz,sequana_cpu,4,11458107.0,1,2,D,lu-mz,4,4,300,1632,1216,34,346932.48,212683.33,559615.81,272.96,167.34,440.3,110.07,1271.0, sdumont6038,712390926.1300001
2500.0,10216,1277,3613266.0,2624152.0,2620705.0,3784432.0,5017.6,4208.64,8540.16,4208.64,13.0,0,37.0,122.0,4n-1m-2th-Dc-lu-mz,sequana_cpu,4,11458111.0,1,2,D,lu-mz,4,4,300,1632,1216,34,347020.65,212873.58,559894.23,271.96,166.83,438.79,109.7,1276.0, sdumont6109,714984931.7099999
2494.0,10304,1288,3604769.0,2623216.0,2620333.0,3755140.0,1484.8,4208.64,1495.04,4208.64,8916.0,0,370.0,371.0,4n-1m-2th-Dc-lu-mz,sequana_cpu,4,11458115.0,1,2,D,lu-mz,4,4,300,1632,1216,34,337722.69,214299.12,552021.81,264.26,167.68,431.94,107.99,1278.0, sdumont6259,711004091.2800001
2503.0,10216,1277,3607854.0,2623084.0,2622562.0,3767448.0,1505.28,4208.64,1515.52,4208.64,589.0,0,35.0,143.0,4n-1m-2th-Dc-lu-mz,sequana_cpu,4,11458172.0,1,2,D,lu-mz,4,4,300,1632,1216,34,337557.39,213384.49,550941.88,264.75,167.36,432.11,108.03,1275.0, sdumont6206,703552780.76
9956.0,10011,10011,10798136.0,9433872.0,9433872.0,10798136.0,6164.48,4249.6,6164.48,4249.6,23408.0,0,443.0,443.0,1n-1m-1th-Dc-lu-mz,sequana_cpu,1,11459032.0,1,1,D,lu-mz,4,4,300,1632,1216,34,547599.38,432021.6,979620.97,54.71,43.16,97.86,97.86,10010.0, sdumont6209,9806985530.67
9989.0,10049,10049,10798144.0,9432708.0,9432708.0,10798144.0,6205.44,4249.6,6205.44,4249.6,72196.0,0,441.0,441.0,1n-1m-1th-Dc-lu-mz,sequana_cpu,1,11459200.0,1,1,D,lu-mz,4,4,300,1632,1216,34,550310.53,424406.54,974717.07,54.77,42.24,97.01,97.01,10048.0, sdumont6084,9794931836.43
9957.0,10020,10020,10586876.0,9433460.0,9433460.0,10586876.0,61081.6,4249.6,61081.6,4249.6,30788.0,0,256.0,256.0,1n-1m-1th-Dc-lu-mz,sequana_cpu,1,11459575.0,1,1,D,lu-mz,4,4,300,1632,1216,34,484455.95,364405.7,848861.65,48.35,36.37,84.73,84.73,10019.0, sdumont6040,8505593733.0
9958.0,10021,10021,10575460.0,9435248.0,9435248.0,10575460.0,6164.48,4249.6,6164.48,4249.6,3483.0,0,443.0,443.0,1n-1m-1th-Dc-lu-mz,sequana_cpu,1,11459859.0,1,1,D,lu-mz,4,4,300,1632,1216,34,590082.88,415265.94,1005348.82,58.89,41.44,100.33,100.33,10020.0, sdumont6227,10074600525.22
9958.0,10017,10017,10798144.0,9434640.0,9434640.0,10798144.0,6164.48,4249.6,6164.48,4249.6,1428.0,0,299.0,299.0,1n-1m-1th-Dc-lu-mz,sequana_cpu,1,11459866.0,1,1,D,lu-mz,4,4,300,1632,1216,34,592274.85,400592.23,992867.08,59.13,40.0,99.13,99.13,10016.0, sdumont6258,9945549540.359999
10086.0,10188,5094,10800192.0,9429268.0,9429268.0,10800192.0,3522.56,4229.12,3522.56,4229.12,1581.0,0,383.0,383.0,1n-1m-2th-Dc-lu-mz,sequana_cpu,1,11460128.0,1,2,D,lu-mz,4,4,300,1632,1216,34,342982.26,208616.73,551599.0,67.36,40.97,108.33,108.33,5092.0, sdumont6133,2809845306.0
10088.0,10148,5074,10794768.0,9429328.0,9429328.0,10794768.0,3522.56,4229.12,3522.56,4229.12,8.0,0,175.0,175.0,1n-1m-2th-Dc-lu-mz,sequana_cpu,1,11460161.0,1,2,D,lu-mz,4,4,300,1632,1216,34,341319.38,207442.72,548762.11,67.28,40.89,108.17,108.17,5073.0, sdumont6133,2784418946.14
10089.0,10148,5074,10800196.0,9429156.0,9429156.0,10800196.0,3512.32,4229.12,3512.32,4229.12,10.0,0,167.0,167.0,1n-1m-2th-Dc-lu-mz,sequana_cpu,1,11460186.0,1,2,D,lu-mz,4,4,300,1632,1216,34,341371.56,207421.79,548793.35,67.29,40.89,108.18,108.18,5073.0, sdumont6133,2784577457.9
10080.0,10142,5071,10800196.0,9429392.0,9429392.0,10800196.0,3573.76,4229.12,3573.76,4229.12,2745.0,0,504.0,504.0,1n-1m-2th-Dc-lu-mz,sequana_cpu,1,11460211.0,1,2,D,lu-mz,4,4,300,1632,1216,34,346558.27,214858.43,561416.71,68.35,42.38,110.73,110.73,5070.0, sdumont6265,2846944136.41
10084.0,10194,5097,10577520.0,9429680.0,9429680.0,10577520.0,3512.32,4229.12,3512.32,4229.12,402.0,0,387.0,387.0,1n-1m-2th-Dc-lu-mz,sequana_cpu,1,11460260.0,1,2,D,lu-mz,4,4,300,1632,1216,34,342315.33,202810.11,545125.44,67.17,39.8,106.97,106.97,5096.0, sdumont6198,2778504367.68
10677.0,10852,2713,10576052.0,9429728.0,9429728.0,10576052.0,2263.04,4218.88,2263.04,4218.88,10555.0,0,440.0,440.0,1n-1m-4th-Dc-lu-mz,sequana_cpu,1,11460305.0,1,4,D,lu-mz,4,4,300,1632,1216,34,236564.28,115922.34,352486.62,87.23,42.74,129.97,129.97,2712.0, sdumont6275,956296200.06
10697.0,10828,2707,10576052.0,9430756.0,9430756.0,10576052.0,2263.04,4218.88,2263.04,4218.88,6.0,0,77.0,77.0,1n-1m-4th-Dc-lu-mz,sequana_cpu,1,11460383.0,1,4,D,lu-mz,4,4,300,1632,1216,34,236578.46,116429.22,353007.67,87.43,43.03,130.45,130.45,2706.0, sdumont6275,955591762.6899999
10696.0,10828,2707,10576052.0,9430396.0,9430396.0,10576052.0,2263.04,4218.88,2263.04,4218.88,11.0,0,76.0,76.0,1n-1m-4th-Dc-lu-mz,sequana_cpu,1,11460388.0,1,4,D,lu-mz,4,4,300,1632,1216,34,236537.64,116192.11,352729.75,87.41,42.94,130.35,130.35,2706.0, sdumont6275,954839433.25
10555.0,10800,2700,10593036.0,9431412.0,9431412.0,10593036.0,17059.84,4218.88,17059.84,4218.88,3513.0,0,373.0,373.0,1n-1m-4th-Dc-lu-mz,sequana_cpu,1,11460406.0,1,4,D,lu-mz,4,4,300,1632,1216,34,227725.59,122694.49,350420.09,84.37,45.46,129.83,129.83,2699.0, sdumont6041,946134243.0000001
10682.0,10868,2717,10576060.0,9430812.0,9430812.0,10576060.0,2263.04,4218.88,2263.04,4218.88,21.0,0,427.0,427.0,1n-1m-4th-Dc-lu-mz,sequana_cpu,1,11460436.0,1,4,D,lu-mz,4,4,300,1632,1216,34,227409.31,107524.29,334933.61,83.76,39.6,123.36,123.36,2715.0, sdumont6258,910014618.37
11137.0,11514,1919,10580172.0,9429560.0,9429560.0,10580172.0,1832.96,4218.88,1832.96,4218.88,1.0,0,15.0,15.0,1n-1m-6th-Dc-lu-mz,sequana_cpu,1,11460459.0,1,6,D,lu-mz,4,4,300,1632,1216,34,189161.86,76228.18,265390.05,98.62,39.74,138.37,138.37,1918.0, sdumont6258,509283505.95
11277.0,11586,1931,10580168.0,9429228.0,9429228.0,10580168.0,1843.2,4218.88,1843.2,4218.88,2.0,0,376.0,376.0,1n-1m-6th-Dc-lu-mz,sequana_cpu,1,11460522.0,1,6,D,lu-mz,4,4,300,1632,1216,34,184325.54,71166.7,255492.24,95.65,36.93,132.59,132.59,1927.0, sdumont6196,493355515.44
11118.0,11508,1918,10580172.0,9428064.0,9428064.0,10580172.0,1822.72,4218.88,1822.72,4218.88,1.0,0,458.0,458.0,1n-1m-6th-Dc-lu-mz,sequana_cpu,1,11460621.0,1,6,D,lu-mz,4,4,300,1632,1216,34,179920.82,70023.43,249944.25,93.95,36.57,130.52,130.52,1915.0, sdumont6071,479393071.5
11143.0,11496,1916,10580168.0,9428932.0,9428932.0,10580168.0,1822.72,4218.88,1822.72,4218.88,1.0,0,16.0,16.0,1n-1m-6th-Dc-lu-mz,sequana_cpu,1,11460684.0,1,6,D,lu-mz,4,4,300,1632,1216,34,179955.22,70091.47,250046.7,94.12,36.66,130.78,130.78,1912.0, sdumont6071,479089477.20000005
11147.0,11448,1908,10580168.0,9430596.0,9430596.0,10580168.0,1822.72,4218.88,1822.72,4218.88,1.0,0,41.0,41.0,1n-1m-6th-Dc-lu-mz,sequana_cpu,1,11460746.0,1,6,D,lu-mz,4,4,300,1632,1216,34,180461.53,70103.18,250564.71,94.63,36.76,131.39,131.39,1907.0, sdumont6071,478077466.68
11710.0,12176,1522,10584280.0,9430452.0,9430452.0,10584280.0,1617.92,4218.88,1617.92,4218.88,3.0,0,1.0,1.0,1n-1m-8th-Dc-lu-mz,sequana_cpu,1,11460807.0,1,8,D,lu-mz,4,4,300,1632,1216,34,163327.5,55669.26,218996.76,107.38,36.6,143.98,143.98,1521.0, sdumont6071,333313068.72
11696.0,12152,1519,10584280.0,9430556.0,9430556.0,10584280.0,1617.92,4218.88,1617.92,4218.88,1.0,0,45.0,45.0,1n-1m-8th-Dc-lu-mz,sequana_cpu,1,11460830.0,1,8,D,lu-mz,4,4,300,1632,1216,34,163173.34,55597.19,218770.53,107.49,36.63,144.12,144.12,1518.0, sdumont6071,332312435.07
11657.0,12232,1529,10601256.0,9432500.0,9432500.0,10601256.0,9994.24,4218.88,9994.24,4218.88,1.0,0,378.0,378.0,1n-1m-8th-Dc-lu-mz,sequana_cpu,1,11460839.0,1,8,D,lu-mz,4,4,300,1632,1216,34,170917.06,68730.93,239648.0,111.86,44.98,156.84,156.84,1528.0, sdumont6041,366421792.0
11679.0,12192,1524,10584284.0,9430292.0,9430292.0,10584284.0,1617.92,4218.88,1617.92,4218.88,1.0,0,47.0,47.0,1n-1m-8th-Dc-lu-mz,sequana_cpu,1,11460842.0,1,8,D,lu-mz,4,4,300,1632,1216,34,162680.98,55570.15,218251.13,106.82,36.49,143.3,143.3,1523.0, sdumont6071,332614722.12
11652.0,12240,1530,10601264.0,9430124.0,9430124.0,10601264.0,9994.24,4218.88,9994.24,4218.88,1.0,0,65.0,65.0,1n-1m-8th-Dc-lu-mz,sequana_cpu,1,11460855.0,1,8,D,lu-mz,4,4,300,1632,1216,34,170781.1,68935.01,239716.11,111.69,45.09,156.78,156.78,1529.0, sdumont6041,366765648.29999995
13005.0,13650,1365,10605368.0,9429516.0,9429516.0,10605368.0,9082.88,4218.88,9082.88,4218.88,4.0,0,2.0,2.0,1n-1m-10th-Dc-lu-mz,sequana_cpu,1,11460868.0,1,10,D,lu-mz,4,4,300,1632,1216,34,169382.79,62108.94,231491.73,124.18,45.53,169.72,169.72,1364.0, sdumont6041,315986211.45
12979.0,13620,1362,10588396.0,9430128.0,9430128.0,10588396.0,1536.0,4218.88,1536.0,4218.88,1770.0,0,390.0,390.0,1n-1m-10th-Dc-lu-mz,sequana_cpu,1,11460886.0,1,10,D,lu-mz,4,4,300,1632,1216,34,175187.79,52295.78,227483.58,128.72,38.42,167.14,167.14,1361.0, sdumont6261,309832635.96
12983.0,13820,1382,10588392.0,9433672.0,9433672.0,10588392.0,1638.4,4218.88,1638.4,4218.88,1.0,0,0.0,389.0,1n-1m-10th-Dc-lu-mz,sequana_cpu,1,11460931.0,1,10,D,lu-mz,4,4,300,1632,1216,34,178861.29,53978.68,232839.97,130.84,39.49,170.33,170.33,1367.0, sdumont6058,321784838.54
13029.0,13560,1356,10605372.0,9430348.0,9430348.0,10605372.0,9082.88,4218.88,9082.88,4218.88,1.0,0,391.0,391.0,1n-1m-10th-Dc-lu-mz,sequana_cpu,1,11460951.0,1,10,D,lu-mz,4,4,300,1632,1216,34,165852.93,60407.58,226260.51,122.4,44.58,166.98,166.98,1355.0, sdumont6041,306809251.56
13041.0,13630,1363,10605368.0,9430284.0,9430284.0,10605368.0,9082.88,4218.88,9082.88,4218.88,1.0,0,6.0,6.0,1n-1m-10th-Dc-lu-mz,sequana_cpu,1,11460965.0,1,10,D,lu-mz,4,4,300,1632,1216,34,169642.66,61928.01,231570.68,124.65,45.5,170.15,170.15,1361.0, sdumont6041,315630836.84
13949.0,14760,1230,10609476.0,9432880.0,9432880.0,10609476.0,8181.76,4208.64,8181.76,4208.64,1.0,0,4.0,4.0,1n-1m-12th-Dc-lu-mz,sequana_cpu,1,11460977.0,1,12,D,lu-mz,4,4,300,1632,1216,34,158622.52,55088.56,213711.08,129.38,44.93,174.32,174.32,1226.0, sdumont6041,262864628.39999998
14257.0,14844,1237,10609480.0,9430248.0,9430248.0,10609480.0,8355.84,4218.88,8355.84,4218.88,1.0,0,8.0,8.0,1n-1m-12th-Dc-lu-mz,sequana_cpu,1,11460981.0,1,12,D,lu-mz,4,4,300,1632,1216,34,161991.43,56491.48,218482.91,131.06,45.71,176.77,176.77,1236.0, sdumont6041,270263359.67
14251.0,14904,1242,10609484.0,9430860.0,9430860.0,10609484.0,8366.08,4218.88,8366.08,4218.88,1.0,0,6.0,6.0,1n-1m-12th-Dc-lu-mz,sequana_cpu,1,11460995.0,1,12,D,lu-mz,4,4,300,1632,1216,34,161524.67,56437.37,217962.05,130.16,45.48,175.63,175.63,1241.0, sdumont6041,270708866.09999996
14300.0,14892,1241,10609476.0,9431312.0,9431312.0,10609476.0,8366.08,4218.88,8366.08,4218.88,1.0,0,69.0,69.0,1n-1m-12th-Dc-lu-mz,sequana_cpu,1,11460999.0,1,12,D,lu-mz,4,4,300,1632,1216,34,159514.53,55435.97,214950.51,128.64,44.71,173.35,173.35,1240.0, sdumont6041,266753582.91000003
13961.0,14748,1229,10609480.0,9430076.0,9430076.0,10609480.0,8181.76,4218.88,8181.76,4218.88,1.0,0,9.0,9.0,1n-1m-12th-Dc-lu-mz,sequana_cpu,1,11461003.0,1,12,D,lu-mz,4,4,300,1632,1216,34,158635.72,55224.69,213860.41,129.18,44.97,174.15,174.15,1228.0, sdumont6041,262834443.89000002
15560.0,16436,1174,10613592.0,9431412.0,9431412.0,10613592.0,7997.44,4218.88,7997.44,4218.88,2.0,0,393.0,393.0,1n-1m-14th-Dc-lu-mz,sequana_cpu,1,11461024.0,1,14,D,lu-mz,4,4,300,1632,1216,34,152424.42,45043.47,197467.9,130.17,38.47,168.63,168.63,1171.0, sdumont6062,231827314.6
15607.0,16436,1174,10613596.0,9431332.0,9431332.0,10613596.0,7997.44,4218.88,7997.44,4218.88,1.0,0,15.0,15.0,1n-1m-14th-Dc-lu-mz,sequana_cpu,1,11461030.0,1,14,D,lu-mz,4,4,300,1632,1216,34,152542.36,45068.49,197610.85,130.16,38.45,168.61,168.61,1172.0, sdumont6062,231995137.9
15632.0,16744,1196,10596616.0,9429720.0,9429720.0,10596616.0,1443.84,4218.88,1443.84,4218.88,3.0,0,393.0,393.0,1n-1m-14th-Dc-lu-mz,sequana_cpu,1,11461037.0,1,14,D,lu-mz,4,4,300,1632,1216,34,166092.46,48423.49,214515.94,139.22,40.59,179.81,179.81,1193.0, sdumont6222,256561064.24
15569.0,16590,1185,10613592.0,9430904.0,9430904.0,10613592.0,7997.44,4218.88,7997.44,4218.88,0.0,0,393.0,393.0,1n-1m-14th-Dc-lu-mz,sequana_cpu,1,11461047.0,1,14,D,lu-mz,4,4,300,1632,1216,34,159008.9,50403.76,209412.65,135.21,42.86,178.07,178.07,1176.0, sdumont6056,248153990.25
15189.0,16576,1184,10613600.0,9430160.0,9430160.0,10613600.0,7823.36,4218.88,7823.36,4218.88,1.0,0,13.0,13.0,1n-1m-14th-Dc-lu-mz,sequana_cpu,1,11461056.0,1,14,D,lu-mz,4,4,300,1632,1216,34,155516.6,49303.57,204820.17,133.49,42.32,175.81,175.81,1165.0, sdumont6056,242507081.28
16056.0,17280,1080,10617700.0,9430108.0,9430108.0,10617700.0,7280.64,4208.64,7280.64,4208.64,1.0,0,22.0,22.0,1n-1m-16th-Dc-lu-mz,sequana_cpu,1,11461059.0,1,16,D,lu-mz,4,4,300,1632,1216,34,147668.2,45203.99,192872.19,136.98,41.93,178.92,178.92,1078.0, sdumont6056,208301965.2
16432.0,17424,1089,10617704.0,9430224.0,9430224.0,10617704.0,7454.72,4218.88,7454.72,4218.88,1.0,0,15.0,15.0,1n-1m-16th-Dc-lu-mz,sequana_cpu,1,11461071.0,1,16,D,lu-mz,4,4,300,1632,1216,34,151185.21,46286.81,197472.02,139.08,42.58,181.67,181.67,1087.0, sdumont6056,215047029.78
16360.0,17648,1103,10600724.0,9431112.0,9431112.0,10600724.0,1392.64,4208.64,1392.64,4208.64,1.0,0,412.0,412.0,1n-1m-16th-Dc-lu-mz,sequana_cpu,1,11461092.0,1,16,D,lu-mz,4,4,300,1632,1216,34,158511.66,55338.33,213849.99,143.84,50.22,194.06,194.06,1102.0, sdumont6113,235876538.97
15977.0,17200,1075,10600720.0,9430620.0,9430620.0,10600720.0,1372.16,4208.64,1372.16,4208.64,10828.0,0,421.0,421.0,1n-1m-16th-Dc-lu-mz,sequana_cpu,1,11461100.0,1,16,D,lu-mz,4,4,300,1632,1216,34,147635.12,40919.73,188554.84,137.59,38.14,175.73,175.73,1073.0, sdumont6176,202696453.0
16368.0,17376,1086,10600720.0,9430972.0,9430972.0,10600720.0,1392.64,4218.88,1392.64,4218.88,1.0,0,401.0,401.0,1n-1m-16th-Dc-lu-mz,sequana_cpu,1,11461184.0,1,16,D,lu-mz,4,4,300,1632,1216,34,144855.82,41654.5,186510.32,133.63,38.43,172.06,172.06,1084.0, sdumont6103,202550207.52
1551.0,9408,1568,2534618.666015625,1775248.0,1771504.0,2935952.0,1320.96,4218.88,1812.48,4229.12,2151.0,0,174.0,383.0,3n-2m-1th-Dc-lu-mz,sequana_cpu,3,11469191.0,2,1,D,lu-mz,4,4,300,1632,1216,34,258813.07,260070.39,518883.46,165.13,165.93,331.06,110.35,1567.33, sdumont6175,813609265.2800001
1533.0,9348,1558,2534620.0,1777268.0,1772206.0,2935952.0,1310.72,4218.88,1771.52,4229.12,28.0,0,5.0,30.0,3n-2m-1th-Dc-lu-mz,sequana_cpu,3,11469216.0,2,1,D,lu-mz,4,4,300,1632,1216,34,259375.37,261264.74,520640.11,166.66,167.87,334.53,111.51,1556.33, sdumont6271,811157291.38
1524.0,9354,1559,2534590.0,1781460.0,1772546.0,2931616.0,1310.72,4218.88,1771.52,4229.12,3.0,0,69.0,355.0,3n-2m-1th-Dc-lu-mz,sequana_cpu,3,11469232.0,2,1,D,lu-mz,4,4,300,1632,1216,34,250690.73,261671.55,512362.28,160.91,167.95,328.86,109.62,1558.0, sdumont6175,798772794.5200001
1552.0,9402,1567,2534664.666015625,1782144.0,1772453.3330078125,2931756.0,1310.72,4218.88,1771.52,4229.12,2251.0,0,290.0,382.0,3n-2m-1th-Dc-lu-mz,sequana_cpu,3,11469269.0,2,1,D,lu-mz,4,4,300,1632,1216,34,263588.24,240269.78,503858.02,168.43,153.53,321.95,107.32,1565.0, sdumont6272,789545517.34
1558.0,9474,1579,2534641.3330078125,1782540.0,1773226.666015625,2935948.0,1310.72,4218.88,1781.76,4229.12,27.0,0,119.0,364.0,3n-2m-1th-Dc-lu-mz,sequana_cpu,3,11469318.0,2,1,D,lu-mz,4,4,300,1632,1216,34,263063.86,245633.56,508697.42,166.71,155.66,322.37,107.46,1578.0, sdumont6272,803233226.18
1231.0,10064,1258,2237506.5,1490976.0,1484374.0,2644576.0,1228.8,4218.88,1628.16,4229.12,3374.0,0,84.0,307.0,4n-2m-1th-Dc-lu-mz,sequana_cpu,4,11469355.0,2,1,D,lu-mz,4,4,300,1632,1216,34,284408.49,269391.99,553800.48,226.26,214.31,440.57,110.14,1257.0, sdumont6132,696681003.84
1231.0,10048,1256,2240556.5,1496008.0,1488171.5,2644452.0,1228.8,4218.88,1628.16,4229.12,3211.0,0,12.0,94.0,4n-2m-1th-Dc-lu-mz,sequana_cpu,4,11469430.0,2,1,D,lu-mz,4,4,300,1632,1216,34,283949.91,269100.37,553050.28,226.25,214.42,440.68,110.17,1255.0, sdumont6202,694631151.6800001
1231.0,10064,1258,2237510.5,1496292.0,1484955.5,2644552.0,1228.8,4218.88,1628.16,4229.12,2558.0,0,9.0,52.0,4n-2m-1th-Dc-lu-mz,sequana_cpu,4,11469471.0,2,1,D,lu-mz,4,4,300,1632,1216,34,284202.82,268984.96,553187.78,226.23,214.11,440.34,110.09,1256.25, sdumont6132,695910227.24
1222.0,10104,1263,2239048.5,1495060.0,1487298.5,2648752.0,1228.8,4218.88,1628.16,4218.88,19204.0,0,180.0,381.0,4n-2m-1th-Dc-lu-mz,sequana_cpu,4,11469504.0,2,1,D,lu-mz,4,4,300,1632,1216,34,281482.71,255970.6,537453.3,224.65,204.29,428.93,107.23,1253.0, sdumont6132,678803517.9000001
1231.0,10024,1253,2240575.5,1496128.0,1488699.0,2648764.0,1228.8,4218.88,1628.16,4229.12,24.0,0,0.0,0.0,4n-2m-1th-Dc-lu-mz,sequana_cpu,4,11469569.0,2,1,D,lu-mz,4,4,300,1632,1216,34,281812.14,256296.7,538108.84,225.09,204.71,429.8,107.45,1252.0, sdumont6121,674250376.52
