AveCPU,CPUTimeRAW,ElapsedRaw,AveVMSize,MaxRSS,AveRSS,MaxVMSize,AveDiskRead,AveDiskWrite,MaxDiskRead,MaxDiskWrite,Planned,ConsumedEnergyRaw,AvePages,MaxPages,JobName,Partition,NNodes,JobID,Processo p/ no,Thread p/ proc.,Classe,Benchmark,Zone X,Zone Y,Iterações,Grid X,Grid Y,Grid Z,Consumo de Energia P0 (J),Consumo de Energia P1 (J),Consumo de Energia Total (J),Power P0 (W),Power P1 (W),Power Total (W),Potência por nó (W),Tempo (s),NodeList,EDP
0.0,28,14,267444.0,3140.0,3140.0,267444.0,0.0,0.0,0.0,0.0,1.0,0,0.0,0.0,1n-1m-2th-Ac-lu-mz,sequana_cpu_dev,1,11418170.0,1,2,A,lu-mz,4,4,250,128,128,16,784.26,515.51,1299.77,60.33,39.65,99.98,99.98,13.0, sdumont6043,18196.78
58.0,100,50,1449836.0,299124.0,299124.0,1449836.0,5560.32,4208.64,5560.32,4208.64,1.0,0,44.0,44.0,1n-1m-2th-Bc-lu-mz,sequana_cpu_dev,1,11418171.0,1,2,B,lu-mz,4,4,250,304,208,17,3216.74,1951.23,5167.97,65.65,39.82,105.47,105.47,49.0, sdumont6043,258398.5
355.0,418,209,1909180.0,753572.0,753572.0,1909180.0,27996.16,4239.36,27996.16,4239.36,1.0,0,45.0,45.0,1n-1m-2th-Cc-lu-mz,sequana_cpu_dev,1,11418172.0,1,2,C,lu-mz,4,4,250,480,320,28,14178.93,8484.71,22663.64,68.17,40.79,108.96,108.96,208.0, sdumont6043,4736700.76
0.0,32,8,267444.0,3148.0,3148.0,267444.0,0.0,0.0,0.0,0.0,4.0,0,0.0,0.0,1n-1m-4th-Ac-lu-mz,sequana_cpu_dev,1,11418175.0,1,4,A,lu-mz,4,4,250,128,128,16,445.58,241.39,686.98,63.65,34.48,98.14,98.14,7.0, sdumont6043,5495.84
0.0,116,29,267444.0,2924.0,2924.0,267444.0,0.0,0.0,0.0,0.0,1.0,0,0.0,0.0,1n-1m-4th-Bc-lu-mz,sequana_cpu_dev,1,11418177.0,1,4,B,lu-mz,4,4,250,304,208,17,2075.72,1090.17,3165.88,74.13,38.93,113.07,113.07,28.0, sdumont6043,91810.52
356.0,452,113,1892808.0,752176.0,752176.0,1892808.0,2027.52,4218.88,2027.52,4218.88,1.0,0,50.0,50.0,1n-1m-4th-Cc-lu-mz,sequana_cpu_dev,1,11418179.0,1,4,C,lu-mz,4,4,250,480,320,28,8390.13,4599.56,12989.69,74.91,41.07,115.98,115.98,112.0, sdumont6165,1467834.97
0.0,36,6,267444.0,3036.0,3036.0,267444.0,0.0,0.0,0.0,0.0,1.0,0,0.0,0.0,1n-1m-6th-Ac-lu-mz,sequana_cpu_dev,1,11418181.0,1,6,A,lu-mz,4,4,250,128,128,16,403.31,191.7,595.02,80.66,38.34,119.0,119.0,5.0, sdumont6043,3570.12
0.0,132,22,267444.0,3168.0,3168.0,267444.0,0.0,0.0,0.0,0.0,1.0,0,0.0,0.0,1n-1m-6th-Bc-lu-mz,sequana_cpu_dev,1,11418185.0,1,6,B,lu-mz,4,4,250,304,208,17,1713.31,783.03,2496.33,81.59,37.29,118.87,118.87,21.0, sdumont6043,54919.259999999995
356.0,468,78,1913900.0,752388.0,752388.0,1913900.0,10158.08,4218.88,10158.08,4218.88,0.0,0,5.0,5.0,1n-1m-6th-Cc-lu-mz,sequana_cpu_dev,1,11418187.0,1,6,C,lu-mz,4,4,250,480,320,28,7464.89,3130.99,10595.88,96.95,40.66,137.61,137.61,77.0, sdumont6043,826478.6399999999
0.0,48,6,267444.0,1040.0,1040.0,267444.0,0.0,0.0,0.0,0.0,1.0,0,0.0,0.0,1n-1m-8th-Ac-lu-mz,sequana_cpu_dev,1,11418189.0,1,8,A,lu-mz,4,4,250,128,128,16,341.72,146.09,487.81,68.34,29.22,97.56,97.56,5.0, sdumont6043,2926.86
0.0,144,18,267444.0,1040.0,1040.0,267444.0,0.0,0.0,0.0,0.0,1.0,0,0.0,0.0,1n-1m-8th-Bc-lu-mz,sequana_cpu_dev,1,11418191.0,1,8,B,lu-mz,4,4,250,304,208,17,1567.38,641.27,2208.65,92.2,37.72,129.92,129.92,17.0, sdumont6043,39755.700000000004
474.0,496,62,1918008.0,754264.0,754264.0,1918008.0,10158.08,4218.88,10158.08,4218.88,1.0,0,3.0,3.0,1n-1m-8th-Cc-lu-mz,sequana_cpu_dev,1,11418193.0,1,8,C,lu-mz,4,4,250,480,320,28,6479.77,2429.31,8909.08,106.23,39.82,146.05,146.05,61.0, sdumont6043,552362.96
0.0,50,5,267444.0,1036.0,1036.0,267444.0,0.0,0.0,0.0,0.0,0.0,0,0.0,0.0,1n-1m-10th-Ac-lu-mz,sequana_cpu_dev,1,11418195.0,1,10,A,lu-mz,4,4,250,128,128,16,370.53,141.5,512.03,92.63,35.37,128.01,128.01,4.0, sdumont6043,2560.1499999999996
0.0,150,15,267444.0,1040.0,1040.0,267444.0,0.0,0.0,0.0,0.0,1.0,0,0.0,0.0,1n-1m-10th-Bc-lu-mz,sequana_cpu_dev,1,11418197.0,1,10,B,lu-mz,4,4,250,304,208,17,1485.13,541.97,2027.1,106.08,38.71,144.79,144.79,14.0, sdumont6043,30406.5
294.0,520,52,1922116.0,752968.0,752968.0,1922116.0,5560.32,4208.64,5560.32,4208.64,1.0,0,10.0,10.0,1n-1m-10th-Cc-lu-mz,sequana_cpu_dev,1,11418199.0,1,10,C,lu-mz,4,4,250,480,320,28,5938.69,2013.63,7952.32,118.77,40.27,159.05,159.05,50.0, sdumont6043,413520.64
0.0,60,5,265348.0,1032.0,1032.0,265348.0,0.0,0.0,0.0,0.0,1.0,0,0.0,0.0,1n-1m-12th-Ac-lu-mz,sequana_cpu_dev,1,11418202.0,1,12,A,lu-mz,4,4,250,128,128,16,363.41,146.46,509.87,121.14,48.82,169.96,169.96,3.0, sdumont6165,2549.35
0.0,180,15,265348.0,1028.0,1028.0,265348.0,0.0,0.0,0.0,0.0,1.0,0,0.0,0.0,1n-1m-12th-Bc-lu-mz,sequana_cpu_dev,1,11418204.0,1,12,B,lu-mz,4,4,250,304,208,17,1452.57,560.06,2012.64,103.76,40.0,143.76,143.76,14.0, sdumont6165,30189.600000000002
353.0,576,48,1909256.0,752336.0,752336.0,1909256.0,1239.04,4208.64,1239.04,4208.64,1.0,0,15.0,15.0,1n-1m-12th-Cc-lu-mz,sequana_cpu_dev,1,11418206.0,1,12,C,lu-mz,4,4,250,480,320,28,5308.92,1887.51,7196.42,115.41,41.03,156.44,156.44,46.0, sdumont6165,345428.16000000003
0.0,70,5,265348.0,3076.0,3076.0,265348.0,0.0,0.0,0.0,0.0,1.0,0,0.0,0.0,1n-1m-14th-Ac-lu-mz,sequana_cpu_dev,1,11418208.0,1,14,A,lu-mz,4,4,250,128,128,16,374.79,143.86,518.65,124.93,47.95,172.88,172.88,3.0, sdumont6165,2593.25
0.0,196,14,265348.0,1032.0,1032.0,265348.0,0.0,0.0,0.0,0.0,1.0,0,0.0,0.0,1n-1m-14th-Bc-lu-mz,sequana_cpu_dev,1,11418210.0,1,14,B,lu-mz,4,4,250,304,208,17,1371.75,501.7,1873.44,114.31,41.81,156.12,156.12,12.0, sdumont6165,26228.16
412.0,602,43,1913364.0,752188.0,752188.0,1913364.0,1239.04,4208.64,1239.04,4208.64,1.0,0,16.0,16.0,1n-1m-14th-Cc-lu-mz,sequana_cpu_dev,1,11418212.0,1,14,C,lu-mz,4,4,250,480,320,28,4951.31,1691.54,6642.85,120.76,41.26,162.02,162.02,41.0, sdumont6165,285642.55
0.0,64,4,265348.0,1036.0,1036.0,265348.0,0.0,0.0,0.0,0.0,1.0,0,0.0,0.0,1n-1m-16th-Ac-lu-mz,sequana_cpu_dev,1,11418214.0,1,16,A,lu-mz,4,4,250,128,128,16,251.1,98.58,349.68,83.7,32.86,116.56,116.56,3.0, sdumont6165,1398.72
0.0,224,14,265348.0,1036.0,1036.0,265348.0,0.0,0.0,0.0,0.0,1.0,0,0.0,0.0,1n-1m-16th-Bc-lu-mz,sequana_cpu_dev,1,11418217.0,1,16,B,lu-mz,4,4,250,304,208,17,1291.22,457.73,1748.95,107.6,38.14,145.75,145.75,12.0, sdumont6165,24485.3
433.0,672,42,1917476.0,752132.0,752132.0,1917476.0,1239.04,4208.64,1239.04,4208.64,1.0,0,415.0,415.0,1n-1m-16th-Cc-lu-mz,sequana_cpu_dev,1,11418219.0,1,16,C,lu-mz,4,4,250,480,320,28,5435.88,1814.35,7250.23,135.9,45.36,181.26,181.26,40.0, sdumont6215,304509.66
0.0,90,5,265348.0,1032.0,1032.0,265348.0,0.0,0.0,0.0,0.0,0.0,0,0.0,0.0,1n-1m-18th-Ac-lu-mz,sequana_cpu_dev,1,11418222.0,1,18,A,lu-mz,4,4,250,128,128,16,283.02,110.35,393.37,94.34,36.78,131.12,131.12,3.0, sdumont6215,1966.85
0.0,216,12,265348.0,1028.0,1028.0,265348.0,0.0,0.0,0.0,0.0,1.0,0,0.0,0.0,1n-1m-18th-Bc-lu-mz,sequana_cpu_dev,1,11418225.0,1,18,B,lu-mz,4,4,250,304,208,17,1313.34,448.31,1761.65,131.33,44.83,176.17,176.17,10.0, sdumont6215,21139.800000000003
532.0,720,40,1921588.0,752236.0,752236.0,1921588.0,1239.04,4208.64,1239.04,4208.64,3.0,0,29.0,29.0,1n-1m-18th-Cc-lu-mz,sequana_cpu_dev,1,11418231.0,1,18,C,lu-mz,4,4,250,480,320,28,5454.64,1736.55,7191.19,139.86,44.53,184.39,184.39,39.0, sdumont6215,287647.6
0.0,100,5,265348.0,1036.0,1036.0,265348.0,0.0,0.0,0.0,0.0,1.0,0,0.0,0.0,1n-1m-20th-Ac-lu-mz,sequana_cpu_dev,1,11418233.0,1,20,A,lu-mz,4,4,250,128,128,16,289.23,111.52,400.75,96.41,37.17,133.58,133.58,3.0, sdumont6215,2003.75
0.0,240,12,265348.0,1028.0,1028.0,265348.0,0.0,0.0,0.0,0.0,1.0,0,0.0,0.0,1n-1m-20th-Bc-lu-mz,sequana_cpu_dev,1,11418236.0,1,20,B,lu-mz,4,4,250,304,208,17,1317.47,446.39,1763.87,131.75,44.64,176.39,176.39,10.0, sdumont6215,21166.44
586.0,740,37,2153932.0,754132.0,754132.0,2153932.0,1228.8,4208.64,1228.8,4208.64,1.0,0,38.0,38.0,1n-1m-20th-Cc-lu-mz,sequana_cpu_dev,1,11418240.0,1,20,C,lu-mz,4,4,250,480,320,28,4975.69,1579.5,6555.19,142.16,45.13,187.29,187.29,35.0, sdumont6215,242542.03
0.0,110,5,265348.0,3176.0,3176.0,265348.0,0.0,0.0,0.0,0.0,1.0,0,0.0,0.0,1n-1m-22th-Ac-lu-mz,sequana_cpu_dev,1,11418243.0,1,22,A,lu-mz,4,4,250,128,128,16,390.32,145.73,536.04,97.58,36.43,134.01,134.01,4.0, sdumont6165,2680.2
0.0,264,12,265348.0,1032.0,1032.0,265348.0,0.0,0.0,0.0,0.0,1.0,0,0.0,0.0,1n-1m-22th-Bc-lu-mz,sequana_cpu_dev,1,11418247.0,1,22,B,lu-mz,4,4,250,304,208,17,1344.81,456.07,1800.88,122.26,41.46,163.72,163.72,11.0, sdumont6165,21610.56
645.0,814,37,2158168.0,753920.0,753920.0,2158168.0,1228.8,4208.64,1228.8,4208.64,1.0,0,45.0,45.0,1n-1m-22th-Cc-lu-mz,sequana_cpu_dev,1,11418252.0,1,22,C,lu-mz,4,4,250,480,320,28,4533.59,1432.83,5966.42,125.93,39.8,165.73,165.73,36.0, sdumont6165,220757.54
0.0,96,4,265348.0,1032.0,1032.0,265348.0,0.0,0.0,0.0,0.0,1.0,0,0.0,0.0,1n-1m-24th-Ac-lu-mz,sequana_cpu_dev,1,11418255.0,1,24,A,lu-mz,4,4,250,128,128,16,267.75,99.92,367.67,66.94,24.98,91.92,91.92,4.0, sdumont6165,1470.68
0.0,288,12,265348.0,1032.0,1032.0,265348.0,0.0,0.0,0.0,0.0,1.0,0,0.0,0.0,1n-1m-24th-Bc-lu-mz,sequana_cpu_dev,1,11418257.0,1,24,B,lu-mz,4,4,250,304,208,17,1397.45,463.78,1861.24,127.04,42.16,169.2,169.2,11.0, sdumont6165,22334.88
704.0,888,37,1934044.0,752580.0,752580.0,1934044.0,1228.8,4208.64,1228.8,4208.64,1.0,0,46.0,46.0,1n-1m-24th-Cc-lu-mz,sequana_cpu_dev,1,11418263.0,1,24,C,lu-mz,4,4,250,480,320,28,4721.07,1460.09,6181.16,131.14,40.56,171.7,171.7,36.0, sdumont6165,228702.91999999998
0.0,130,5,265348.0,3072.0,3072.0,265348.0,0.0,0.0,0.0,0.0,1.0,0,0.0,0.0,1n-1m-26th-Ac-lu-mz,sequana_cpu_dev,1,11418266.0,1,26,A,lu-mz,4,4,250,128,128,16,399.35,199.42,598.77,99.84,49.86,149.69,149.69,4.0, sdumont6165,2993.85
0.0,286,11,265348.0,3052.0,3052.0,265348.0,0.0,0.0,0.0,0.0,1.0,0,0.0,0.0,1n-1m-26th-Bc-lu-mz,sequana_cpu_dev,1,11418271.0,1,26,B,lu-mz,4,4,250,304,208,17,1196.74,561.49,1758.24,119.67,56.15,175.82,175.82,10.0, sdumont6165,19340.64
761.0,884,34,1938156.0,754636.0,754636.0,1938156.0,1239.04,4208.64,1239.04,4208.64,1.0,0,21.0,21.0,1n-1m-26th-Cc-lu-mz,sequana_cpu_dev,1,11418273.0,1,26,C,lu-mz,4,4,250,480,320,28,4232.26,1954.88,6187.14,128.25,59.24,187.49,187.49,33.0, sdumont6165,210362.76
0.0,224,8,267444.0,3128.0,3128.0,267444.0,0.0,0.0,0.0,0.0,1.0,0,0.0,0.0,1n-1m-28th-Ac-lu-mz,sequana_cpu_dev,1,11418277.0,1,28,A,lu-mz,4,4,250,128,128,16,469.53,292.68,762.22,67.08,41.81,108.89,108.89,7.0, sdumont6043,6097.76
0.0,392,14,265348.0,3176.0,3176.0,265348.0,0.0,0.0,0.0,0.0,1.0,0,0.0,0.0,1n-1m-28th-Bc-lu-mz,sequana_cpu_dev,1,11418279.0,1,28,B,lu-mz,4,4,250,304,208,17,1376.91,776.46,2153.37,114.74,64.71,179.45,179.45,12.0, sdumont6236,30147.18
818.0,952,34,1942276.0,752780.0,752780.0,1942276.0,1218.56,4218.88,1218.56,4218.88,1.0,0,128.0,128.0,1n-1m-28th-Cc-lu-mz,sequana_cpu_dev,1,11418281.0,1,28,C,lu-mz,4,4,250,480,320,28,4601.76,2442.36,7044.12,143.81,76.32,220.13,220.13,32.0, sdumont6236,239500.08
0.0,150,5,265348.0,3144.0,3144.0,265348.0,0.0,0.0,0.0,0.0,1.0,0,0.0,0.0,1n-1m-30th-Ac-lu-mz,sequana_cpu_dev,1,11418284.0,1,30,A,lu-mz,4,4,250,128,128,16,435.48,283.91,719.39,145.16,94.64,239.8,239.8,3.0, sdumont6236,3596.95
0.0,360,12,265348.0,3184.0,3184.0,265348.0,0.0,0.0,0.0,0.0,2.0,0,0.0,0.0,1n-1m-30th-Bc-lu-mz,sequana_cpu_dev,1,11418287.0,1,30,B,lu-mz,4,4,250,304,208,17,1362.69,829.06,2191.75,151.41,92.12,243.53,243.53,9.0, sdumont6236,26301.0
878.0,990,33,2169200.0,754696.0,754696.0,2169200.0,1228.8,4218.88,1228.8,4218.88,4.0,0,85.0,85.0,1n-1m-30th-Cc-lu-mz,sequana_cpu_dev,1,11418290.0,1,30,C,lu-mz,4,4,250,480,320,28,4584.81,2792.25,7377.06,147.9,90.07,237.97,237.97,31.0, sdumont6236,243442.98
0.0,160,5,265348.0,3152.0,3152.0,265348.0,0.0,0.0,0.0,0.0,1.0,0,0.0,0.0,1n-1m-32th-Ac-lu-mz,sequana_cpu_dev,1,11418293.0,1,32,A,lu-mz,4,4,250,128,128,16,436.46,315.9,752.36,145.49,105.3,250.79,250.79,3.0, sdumont6236,3761.8
0.0,384,12,265348.0,3052.0,3052.0,265348.0,0.0,0.0,0.0,0.0,1.0,0,0.0,0.0,1n-1m-32th-Bc-lu-mz,sequana_cpu_dev,1,11418295.0,1,32,B,lu-mz,4,4,250,304,208,17,1352.57,942.6,2295.17,135.26,94.26,229.52,229.52,10.0, sdumont6236,27542.04
936.0,1056,33,1950484.0,754716.0,754716.0,1950484.0,1218.56,4218.88,1218.56,4218.88,0.0,0,46.0,46.0,1n-1m-32th-Cc-lu-mz,sequana_cpu_dev,1,11418297.0,1,32,C,lu-mz,4,4,250,480,320,28,4593.34,3180.02,7773.37,148.17,102.58,250.75,250.75,31.0, sdumont6236,256521.21
0.0,170,5,265348.0,3124.0,3124.0,265348.0,0.0,0.0,0.0,0.0,1.0,0,0.0,0.0,1n-1m-34th-Ac-lu-mz,sequana_cpu_dev,1,11418299.0,1,34,A,lu-mz,4,4,250,128,128,16,441.34,352.44,793.78,147.11,117.48,264.59,264.59,3.0, sdumont6236,3968.8999999999996
0.0,408,12,265348.0,3128.0,3128.0,265348.0,0.0,0.0,0.0,0.0,1.0,0,0.0,0.0,1n-1m-34th-Bc-lu-mz,sequana_cpu_dev,1,11418302.0,1,34,B,lu-mz,4,4,250,304,208,17,1347.57,1054.59,2402.17,134.76,105.46,240.22,240.22,10.0, sdumont6236,28826.04
994.0,1122,33,1737504.0,752448.0,752448.0,1737504.0,1218.56,4218.88,1218.56,4218.88,1.0,0,58.0,58.0,1n-1m-34th-Cc-lu-mz,sequana_cpu_dev,1,11418304.0,1,34,C,lu-mz,4,4,250,480,320,28,4551.66,3553.18,8104.85,146.83,114.62,261.45,261.45,31.0, sdumont6236,267460.05
0.0,180,5,265348.0,3164.0,3164.0,265348.0,0.0,0.0,0.0,0.0,1.0,0,0.0,0.0,1n-1m-36th-Ac-lu-mz,sequana_cpu_dev,1,11418306.0,1,36,A,lu-mz,4,4,250,128,128,16,437.48,357.62,795.1,145.83,119.21,265.03,265.03,3.0, sdumont6236,3975.5
0.0,432,12,265348.0,3172.0,3172.0,265348.0,0.0,0.0,0.0,0.0,1.0,0,0.0,0.0,1n-1m-36th-Bc-lu-mz,sequana_cpu_dev,1,11418308.0,1,36,B,lu-mz,4,4,250,304,208,17,1349.96,1112.77,2462.74,135.0,111.28,246.27,246.27,10.0, sdumont6236,29552.879999999997
1039.0,1188,33,1958720.0,753056.0,753056.0,1958720.0,1218.56,4218.88,1218.56,4218.88,1.0,0,274.0,274.0,1n-1m-36th-Cc-lu-mz,sequana_cpu_dev,1,11418310.0,1,36,C,lu-mz,4,4,250,480,320,28,4509.82,3725.15,8234.97,145.48,120.17,265.64,265.64,31.0, sdumont6236,271754.00999999995
0.0,228,6,265348.0,3148.0,3148.0,265348.0,0.0,0.0,0.0,0.0,1.0,0,0.0,0.0,1n-1m-38th-Ac-lu-mz,sequana_cpu_dev,1,11418312.0,1,38,A,lu-mz,4,4,250,128,128,16,442.49,367.56,810.05,147.5,122.52,270.02,270.02,3.0, sdumont6236,4860.299999999999
0.0,456,12,265348.0,3088.0,3088.0,265348.0,0.0,0.0,0.0,0.0,1.0,0,0.0,0.0,1n-1m-38th-Bc-lu-mz,sequana_cpu_dev,1,11418314.0,1,38,B,lu-mz,4,4,250,304,208,17,1335.0,1140.15,2475.15,133.5,114.02,247.52,247.52,10.0, sdumont6236,29701.800000000003
1109.0,1292,34,1968400.0,754584.0,754584.0,1968400.0,1218.56,4218.88,1218.56,4218.88,1.0,0,101.0,101.0,1n-1m-38th-Cc-lu-mz,sequana_cpu_dev,1,11418316.0,1,38,C,lu-mz,4,4,250,480,320,28,4462.96,3884.65,8347.6,143.97,125.31,269.28,269.28,31.0, sdumont6236,283818.4
0.0,240,6,265348.0,3144.0,3144.0,265348.0,0.0,0.0,0.0,0.0,3.0,0,0.0,0.0,1n-1m-40th-Ac-lu-mz,sequana_cpu_dev,1,11418318.0,1,40,A,lu-mz,4,4,250,128,128,16,439.57,377.34,816.92,109.89,94.34,204.23,204.23,4.0, sdumont6236,4901.5199999999995
0.0,480,12,265348.0,3060.0,3060.0,265348.0,0.0,0.0,0.0,0.0,1.0,0,0.0,0.0,1n-1m-40th-Bc-lu-mz,sequana_cpu_dev,1,11418320.0,1,40,B,lu-mz,4,4,250,304,208,17,1330.16,1185.31,2515.47,133.02,118.53,251.55,251.55,10.0, sdumont6236,30185.64
0.0,1160,29,265348.0,3136.0,3136.0,265348.0,0.0,0.0,0.0,0.0,1.0,0,0.0,0.0,1n-1m-40th-Cc-lu-mz,sequana_cpu_dev,1,11418322.0,1,40,C,lu-mz,4,4,250,480,320,28,3797.1,3389.68,7186.79,140.63,125.54,266.18,266.18,27.0, sdumont6236,208416.91
0.0,252,6,265348.0,3136.0,3136.0,265348.0,0.0,0.0,0.0,0.0,0.0,0,0.0,0.0,1n-1m-42th-Ac-lu-mz,sequana_cpu_dev,1,11418324.0,1,42,A,lu-mz,4,4,250,128,128,16,436.58,383.25,819.83,145.53,127.75,273.28,273.28,3.0, sdumont6236,4918.9800000000005
0.0,504,12,265348.0,3124.0,3124.0,265348.0,0.0,0.0,0.0,0.0,1.0,0,0.0,0.0,1n-1m-42th-Bc-lu-mz,sequana_cpu_dev,1,11418326.0,1,42,B,lu-mz,4,4,250,304,208,17,1321.33,1212.31,2533.64,132.13,121.23,253.36,253.36,10.0, sdumont6236,30403.68
0.0,1176,28,265348.0,3076.0,3076.0,265348.0,0.0,0.0,0.0,0.0,1.0,0,0.0,0.0,1n-1m-42th-Cc-lu-mz,sequana_cpu_dev,1,11418328.0,1,42,C,lu-mz,4,4,250,480,320,28,3801.32,3442.52,7243.84,140.79,127.5,268.29,268.29,27.0, sdumont6236,202827.52000000002
0.0,264,6,265348.0,3140.0,3140.0,265348.0,0.0,0.0,0.0,0.0,1.0,0,0.0,0.0,1n-1m-44th-Ac-lu-mz,sequana_cpu_dev,1,11418330.0,1,44,A,lu-mz,4,4,250,128,128,16,438.56,388.82,827.38,109.64,97.2,206.85,206.85,4.0, sdumont6236,4964.28
0.0,528,12,265348.0,3128.0,3128.0,265348.0,0.0,0.0,0.0,0.0,1.0,0,0.0,0.0,1n-1m-44th-Bc-lu-mz,sequana_cpu_dev,1,11418332.0,1,44,B,lu-mz,4,4,250,304,208,17,1316.49,1242.22,2558.71,131.65,124.22,255.87,255.87,10.0, sdumont6236,30704.52
0.0,1276,29,265348.0,3136.0,3136.0,265348.0,0.0,0.0,0.0,0.0,1.0,0,0.0,0.0,1n-1m-44th-Cc-lu-mz,sequana_cpu_dev,1,11418334.0,1,44,C,lu-mz,4,4,250,480,320,28,3968.57,3676.71,7645.27,146.98,136.17,283.16,283.16,27.0, sdumont6236,221712.83000000002
0.0,276,6,265348.0,3212.0,3212.0,265348.0,0.0,0.0,0.0,0.0,1.0,0,0.0,0.0,1n-1m-46th-Ac-lu-mz,sequana_cpu_dev,1,11418336.0,1,46,A,lu-mz,4,4,250,128,128,16,439.7,388.41,828.11,109.93,97.1,207.03,207.03,4.0, sdumont6236,4968.66
0.0,598,13,265348.0,3220.0,3220.0,265348.0,0.0,0.0,0.0,0.0,1.0,0,0.0,0.0,1n-1m-46th-Bc-lu-mz,sequana_cpu_dev,1,11418338.0,1,46,B,lu-mz,4,4,250,304,208,17,1306.08,1243.51,2549.59,118.73,113.05,231.78,231.78,11.0, sdumont6236,33144.67
0.0,1380,30,265348.0,3216.0,3216.0,265348.0,0.0,0.0,0.0,0.0,1.0,0,0.0,0.0,1n-1m-46th-Cc-lu-mz,sequana_cpu_dev,1,11418340.0,1,46,C,lu-mz,4,4,250,480,320,28,3951.61,3657.2,7608.81,141.13,130.61,271.74,271.74,28.0, sdumont6236,228264.30000000002
0.0,288,6,265348.0,3120.0,3120.0,265348.0,0.0,0.0,0.0,0.0,1.0,0,0.0,0.0,1n-1m-48th-Ac-lu-mz,sequana_cpu_dev,1,11418342.0,1,48,A,lu-mz,4,4,250,128,128,16,438.45,404.67,843.11,109.61,101.17,210.78,210.78,4.0, sdumont6236,5058.66
0.0,624,13,265348.0,3112.0,3112.0,265348.0,0.0,0.0,0.0,0.0,1.0,0,0.0,0.0,1n-1m-48th-Bc-lu-mz,sequana_cpu_dev,1,11418344.0,1,48,B,lu-mz,4,4,250,304,208,17,1445.97,1447.25,2893.22,131.45,131.57,263.02,263.02,11.0, sdumont6236,37611.86
0.0,1440,30,265348.0,3140.0,3140.0,265348.0,0.0,0.0,0.0,0.0,1.0,0,0.0,0.0,1n-1m-48th-Cc-lu-mz,sequana_cpu_dev,1,11418346.0,1,48,C,lu-mz,4,4,250,480,320,28,3939.09,3760.9,7699.99,140.68,134.32,275.0,275.0,28.0, sdumont6236,230999.69999999998
5.0,28,7,772808.0,133264.0,68180.0,1280268.0,512.0,2109.44,1024.0,4218.88,3.0,0,1.0,2.0,1n-2m-2th-Ac-lu-mz,sequana_cpu_dev,1,11418348.0,2,2,A,lu-mz,4,4,250,128,128,16,308.55,315.79,624.34,51.43,52.63,104.06,104.06,6.0, sdumont6236,4370.38
0.0,104,26,359222.0,4620.0,3898.0,453096.0,634.88,2109.44,1280.0,4218.88,1.0,0,0.0,0.0,1n-2m-2th-Bc-lu-mz,sequana_cpu_dev,1,11418350.0,2,2,B,lu-mz,4,4,250,304,208,17,1619.23,1649.44,3268.68,64.77,65.98,130.75,130.75,25.0, sdumont6236,84985.68
177.0,420,105,1282134.0,453340.0,451418.0,1610492.0,1576.96,4218.88,2304.0,4229.12,1.0,0,0.0,1.0,1n-2m-2th-Cc-lu-mz,sequana_cpu_dev,1,11418352.0,2,2,C,lu-mz,4,4,250,480,320,28,7221.88,7338.31,14560.19,69.44,70.56,140.0,140.0,104.0, sdumont6236,1528819.95
6.0,40,5,463904.0,6272.0,4634.0,662460.0,501.76,2109.44,1013.76,4218.88,1.0,0,0.0,0.0,1n-2m-4th-Ac-lu-mz,sequana_cpu_dev,1,11418354.0,2,4,A,lu-mz,4,4,250,128,128,16,266.14,268.87,535.01,66.53,67.22,133.75,133.75,4.0, sdumont6236,2675.05
27.0,128,16,463904.0,6396.0,4694.0,662460.0,573.44,2109.44,1136.64,4218.88,1.0,0,6.0,12.0,1n-2m-4th-Bc-lu-mz,sequana_cpu_dev,1,11418357.0,2,4,B,lu-mz,4,4,250,304,208,17,1111.9,1067.08,2178.98,79.42,76.22,155.64,155.64,14.0, sdumont6182,34863.68
170.0,464,58,1286262.0,453304.0,451510.0,1610432.0,1269.76,4218.88,1699.84,4218.88,1.0,0,5.0,9.0,1n-2m-4th-Cc-lu-mz,sequana_cpu_dev,1,11418359.0,2,4,C,lu-mz,4,4,250,480,320,28,4918.98,4844.57,9763.55,86.3,84.99,171.29,171.29,57.0, sdumont6182,566285.8999999999
0.0,48,4,265348.0,4244.0,3706.0,265348.0,501.76,2109.44,1013.76,4218.88,1.0,0,0.0,0.0,1n-2m-6th-Ac-lu-mz,sequana_cpu_dev,1,11418361.0,2,6,A,lu-mz,4,4,250,128,128,16,199.46,197.24,396.7,66.49,65.75,132.23,132.23,3.0, sdumont6182,1586.8
30.0,144,12,777112.0,133452.0,68314.0,1288876.0,542.72,2109.44,1085.44,4218.88,1.0,0,4.0,8.0,1n-2m-6th-Bc-lu-mz,sequana_cpu_dev,1,11418363.0,2,6,B,lu-mz,4,4,250,304,208,17,917.27,877.93,1795.2,83.39,79.81,163.2,163.2,11.0, sdumont6182,21542.4
204.0,492,41,1290380.0,453352.0,451508.0,1614552.0,1157.12,4218.88,1454.08,4218.88,1.0,0,2.0,3.0,1n-2m-6th-Cc-lu-mz,sequana_cpu_dev,1,11418365.0,2,6,C,lu-mz,4,4,250,480,320,28,3944.15,3818.99,7763.14,98.6,95.47,194.08,194.08,40.0, sdumont6182,318288.74
7.0,64,4,463904.0,6396.0,4766.0,662460.0,491.52,2109.44,993.28,4218.88,1.0,0,5.0,11.0,1n-2m-8th-Ac-lu-mz,sequana_cpu_dev,1,11418367.0,2,8,A,lu-mz,4,4,250,128,128,16,218.12,212.79,430.91,109.06,106.4,215.45,215.45,2.0, sdumont6182,1723.64
0.0,160,10,575242.0,8268.0,5720.0,885136.0,532.48,2109.44,1075.2,4218.88,1.0,0,0.0,0.0,1n-2m-8th-Bc-lu-mz,sequana_cpu_dev,1,11418369.0,2,8,B,lu-mz,4,4,250,304,208,17,888.88,868.22,1757.1,111.11,108.53,219.64,219.64,8.0, sdumont6182,17571.0
234.0,528,33,1294498.0,453264.0,451520.0,1618668.0,1105.92,4218.88,1372.16,4218.88,1.0,0,2.0,5.0,1n-2m-8th-Cc-lu-mz,sequana_cpu_dev,1,11418371.0,2,8,C,lu-mz,4,4,250,480,320,28,3646.47,3451.45,7097.92,117.63,111.34,228.97,228.97,31.0, sdumont6182,234231.36000000002
0.0,80,4,359222.0,4660.0,3886.0,453096.0,491.52,2109.44,993.28,4218.88,1.0,0,0.0,0.0,1n-2m-10th-Ac-lu-mz,sequana_cpu_dev,1,11418373.0,2,10,A,lu-mz,4,4,250,128,128,16,106.86,109.94,216.79,53.43,54.97,108.4,108.4,2.0, sdumont6182,867.16
32.0,180,9,463904.0,6428.0,4814.0,662460.0,522.24,2109.44,1044.48,4218.88,0.0,0,7.0,15.0,1n-2m-10th-Bc-lu-mz,sequana_cpu_dev,1,11418375.0,2,10,B,lu-mz,4,4,250,304,208,17,707.28,701.05,1408.33,101.04,100.15,201.19,201.19,7.0, sdumont6182,12674.97
124.0,540,27,781642.0,133856.0,68504.0,1297936.0,645.12,2109.44,1280.0,4218.88,1.0,0,5.0,11.0,1n-2m-10th-Cc-lu-mz,sequana_cpu_dev,1,11418377.0,2,10,C,lu-mz,4,4,250,480,320,28,3210.85,3069.76,6280.61,128.43,122.79,251.22,251.22,25.0, sdumont6182,169576.47
9.0,96,4,783102.0,133144.0,68136.0,1300856.0,491.52,2109.44,972.8,4218.88,1.0,0,10.0,21.0,1n-2m-12th-Ac-lu-mz,sequana_cpu_dev,1,11418379.0,2,12,A,lu-mz,4,4,250,128,128,16,108.6,117.1,225.7,54.3,58.55,112.85,112.85,2.0, sdumont6182,902.8
39.0,216,9,783298.0,133684.0,68384.0,1301248.0,512.0,2109.44,1013.76,4218.88,1.0,0,8.0,17.0,1n-2m-12th-Bc-lu-mz,sequana_cpu_dev,1,11418381.0,2,12,B,lu-mz,4,4,250,304,208,17,718.65,754.74,1473.39,102.66,107.82,210.48,210.48,7.0, sdumont6182,13260.51
139.0,600,25,463904.0,6292.0,4640.0,662460.0,634.88,2109.44,1269.76,4218.88,1.0,0,22.0,44.0,1n-2m-12th-Cc-lu-mz,sequana_cpu_dev,1,11418383.0,2,12,C,lu-mz,4,4,250,480,320,28,3148.01,3140.3,6288.31,136.87,136.53,273.4,273.4,23.0, sdumont6182,157207.75
0.0,112,4,463904.0,6392.0,4734.0,662460.0,491.52,2109.44,983.04,4218.88,1.0,0,0.0,0.0,1n-2m-14th-Ac-lu-mz,sequana_cpu_dev,1,11418385.0,2,14,A,lu-mz,4,4,250,128,128,16,112.79,117.25,230.04,56.39,58.63,115.02,115.02,2.0, sdumont6182,920.16
0.0,224,8,265348.0,3744.0,3392.0,265348.0,532.48,2109.44,1054.72,4218.88,1.0,0,0.0,0.0,1n-2m-14th-Bc-lu-mz,sequana_cpu_dev,1,11418387.0,2,14,B,lu-mz,4,4,250,304,208,17,752.31,750.05,1502.37,125.39,125.01,250.39,250.39,6.0, sdumont6182,12018.96
145.0,644,23,785746.0,134156.0,68632.0,1306144.0,624.64,2109.44,1239.04,4218.88,1.0,0,12.0,24.0,1n-2m-14th-Cc-lu-mz,sequana_cpu_dev,1,11418389.0,2,14,C,lu-mz,4,4,250,480,320,28,2893.74,2791.01,5684.75,137.8,132.91,270.7,270.7,21.0, sdumont6182,130749.25
11.0,128,4,787216.0,133384.0,68242.0,1309084.0,491.52,2109.44,972.8,4218.88,1.0,0,35.0,70.0,1n-2m-16th-Ac-lu-mz,sequana_cpu_dev,1,11418391.0,2,16,A,lu-mz,4,4,250,128,128,16,113.7,123.21,236.91,56.85,61.6,118.46,118.46,2.0, sdumont6182,947.64
45.0,256,8,787416.0,133628.0,68366.0,1309484.0,522.24,2109.44,1044.48,4218.88,1.0,0,14.0,29.0,1n-2m-16th-Bc-lu-mz,sequana_cpu_dev,1,11418393.0,2,16,B,lu-mz,4,4,250,304,208,17,778.43,796.7,1575.14,129.74,132.78,262.52,262.52,6.0, sdumont6182,12601.12
151.0,672,21,787818.0,133932.0,68460.0,1310288.0,604.16,2109.44,1198.08,4218.88,1.0,0,11.0,23.0,1n-2m-16th-Cc-lu-mz,sequana_cpu_dev,1,11418395.0,2,16,C,lu-mz,4,4,250,480,320,28,2596.8,2634.24,5231.04,136.67,138.64,275.32,275.32,19.0, sdumont6182,109851.84
12.0,144,4,463050.0,132012.0,67586.0,660752.0,471.04,2109.44,952.32,4218.88,1.0,0,15.0,31.0,1n-2m-18th-Ac-lu-mz,sequana_cpu_dev,1,11418397.0,2,18,A,lu-mz,4,4,250,128,128,16,117.35,121.47,238.82,58.67,60.74,119.41,119.41,2.0, sdumont6182,955.28
45.0,252,7,789466.0,133832.0,68480.0,1313584.0,512.0,2109.44,1024.0,4218.88,0.0,0,16.0,32.0,1n-2m-18th-Bc-lu-mz,sequana_cpu_dev,1,11418399.0,2,18,B,lu-mz,4,4,250,304,208,17,632.96,633.48,1266.44,126.59,126.7,253.29,253.29,5.0, sdumont6182,8865.08
0.0,792,22,359222.0,4548.0,3828.0,453096.0,614.4,2109.44,1239.04,4218.88,1.0,0,0.0,0.0,1n-2m-18th-Cc-lu-mz,sequana_cpu_dev,1,11418401.0,2,18,C,lu-mz,4,4,250,480,320,28,2780.64,2733.72,5514.36,146.35,143.88,290.23,290.23,19.0, sdumont6182,121315.92
14.0,160,4,791350.0,133616.0,68302.0,1317352.0,491.52,2109.44,983.04,4218.88,1.0,0,18.0,36.0,1n-2m-20th-Ac-lu-mz,sequana_cpu_dev,1,11418403.0,2,20,A,lu-mz,4,4,250,128,128,16,117.43,126.71,244.14,58.72,63.35,122.07,122.07,2.0, sdumont6182,976.56
0.0,280,7,359222.0,4616.0,3874.0,453096.0,522.24,2109.44,1034.24,4218.88,2.0,0,0.0,0.0,1n-2m-20th-Bc-lu-mz,sequana_cpu_dev,1,11418405.0,2,20,B,lu-mz,4,4,250,304,208,17,641.55,664.05,1305.6,128.31,132.81,261.12,261.12,5.0, sdumont6182,9139.199999999999
0.0,800,20,575480.0,8060.0,5514.0,885612.0,593.92,2109.44,1187.84,4218.88,1.0,0,0.0,0.0,1n-2m-20th-Cc-lu-mz,sequana_cpu_dev,1,11418407.0,2,20,C,lu-mz,4,4,250,480,320,28,2489.0,2562.64,5051.64,138.28,142.37,280.65,280.65,18.0, sdumont6182,101032.8
17.0,176,4,793416.0,133516.0,68324.0,1321484.0,491.52,2109.44,983.04,4218.88,2.0,0,20.0,41.0,1n-2m-22th-Ac-lu-mz,sequana_cpu_dev,1,11418409.0,2,22,A,lu-mz,4,4,250,128,128,16,117.66,122.72,240.38,58.83,61.36,120.19,120.19,2.0, sdumont6182,961.52
59.0,352,8,793586.0,133768.0,68440.0,1321824.0,512.0,2109.44,1024.0,4218.88,1.0,0,20.0,40.0,1n-2m-22th-Bc-lu-mz,sequana_cpu_dev,1,11418411.0,2,22,B,lu-mz,4,4,250,304,208,17,630.06,635.52,1265.58,105.01,105.92,210.93,210.93,6.0, sdumont6182,10124.64
0.0,880,20,359222.0,4740.0,3940.0,453096.0,583.68,2109.44,1177.6,4218.88,3.0,0,0.0,0.0,1n-2m-22th-Cc-lu-mz,sequana_cpu_dev,1,11418413.0,2,22,C,lu-mz,4,4,250,480,320,28,2486.08,2467.56,4953.64,138.12,137.09,275.2,275.2,18.0, sdumont6182,99072.8
0.0,192,4,359222.0,4552.0,3816.0,453096.0,491.52,2109.44,993.28,4218.88,0.0,0,0.0,0.0,1n-2m-24th-Ac-lu-mz,sequana_cpu_dev,1,11418415.0,2,24,A,lu-mz,4,4,250,128,128,16,119.36,125.3,244.66,59.68,62.65,122.33,122.33,2.0, sdumont6182,978.64
64.0,384,8,795658.0,133884.0,68440.0,1325968.0,522.24,2109.44,1034.24,4218.88,4.0,0,23.0,47.0,1n-2m-24th-Bc-lu-mz,sequana_cpu_dev,1,11418417.0,2,24,B,lu-mz,4,4,250,304,208,17,654.72,662.48,1317.2,109.12,110.41,219.53,219.53,6.0, sdumont6182,10537.6
212.0,960,20,796042.0,134164.0,68546.0,1326736.0,593.92,2109.44,1198.08,4218.88,0.0,0,21.0,42.0,1n-2m-24th-Cc-lu-mz,sequana_cpu_dev,1,11418419.0,2,24,C,lu-mz,4,4,250,480,320,28,2542.93,2547.95,5090.87,141.27,141.55,282.83,282.83,18.0, sdumont6182,101817.4
0.0,40,10,265348.0,3144.0,3130.0,265348.0,0.0,0.0,0.0,0.0,4.0,0,0.0,0.0,2n-1m-2th-Ac-lu-mz,sequana_cpu_dev,2,11418421.0,1,2,A,lu-mz,4,4,250,128,128,16,677.27,528.2,1205.47,84.66,66.03,150.68,75.34,8.0, sdumont6166,12054.7
0.0,104,26,265348.0,3172.0,3112.0,265348.0,0.0,0.0,0.0,0.0,0.0,0,0.0,0.0,2n-1m-2th-Bc-lu-mz,sequana_cpu_dev,2,11418423.0,1,2,B,lu-mz,4,4,250,304,208,17,2786.92,1838.43,4625.35,116.12,76.6,192.72,96.36,24.0, sdumont6165,120259.1
178.0,420,105,1489444.0,463624.0,458034.0,1601940.0,2027.52,4218.88,2027.52,4218.88,4.0,0,42.0,43.0,2n-1m-2th-Cc-lu-mz,sequana_cpu_dev,2,11418425.0,1,2,C,lu-mz,4,4,250,480,320,28,12548.57,8201.33,20749.91,120.66,78.86,199.52,99.76,104.0, sdumont6165,2178740.55
0.0,40,5,265348.0,3104.0,3090.0,265348.0,0.0,0.0,0.0,0.0,0.0,0,0.0,0.0,2n-1m-4th-Ac-lu-mz,sequana_cpu_dev,2,11418427.0,1,4,A,lu-mz,4,4,250,128,128,16,456.35,276.62,732.97,114.09,69.16,183.24,91.62,4.0, sdumont6166,3664.8500000000004
0.0,120,15,265348.0,3116.0,3114.0,265348.0,0.0,0.0,0.0,0.0,4.0,0,0.0,0.0,2n-1m-4th-Bc-lu-mz,sequana_cpu_dev,2,11418430.0,1,4,B,lu-mz,4,4,250,304,208,17,1890.24,1062.87,2953.11,135.02,75.92,210.94,105.47,14.0, sdumont6165,44296.65
118.0,464,58,1493586.0,463548.0,459084.0,1606048.0,1239.04,4208.64,1239.04,4208.64,0.0,0,0.0,0.0,2n-1m-4th-Cc-lu-mz,sequana_cpu_dev,2,11418432.0,1,4,C,lu-mz,4,4,250,480,320,28,8444.3,4396.85,12841.15,148.15,77.14,225.28,112.64,57.0, sdumont6165,744786.7
0.0,48,4,265348.0,3120.0,3086.0,265348.0,0.0,0.0,0.0,0.0,4.0,0,0.0,0.0,2n-1m-6th-Ac-lu-mz,sequana_cpu_dev,2,11418434.0,1,6,A,lu-mz,4,4,250,128,128,16,350.35,187.83,538.18,116.78,62.61,179.39,89.7,3.0, sdumont6166,2152.72
0.0,144,12,265348.0,3172.0,3160.0,265348.0,0.0,0.0,0.0,0.0,0.0,0,0.0,0.0,2n-1m-6th-Bc-lu-mz,sequana_cpu_dev,2,11418436.0,1,6,B,lu-mz,4,4,250,304,208,17,1561.95,764.52,2326.47,142.0,69.5,211.5,105.75,11.0, sdumont6165,27917.64
177.0,480,40,1497662.0,465152.0,459062.0,1597864.0,1239.04,4208.64,1239.04,4208.64,1.0,0,2.0,2.0,2n-1m-6th-Cc-lu-mz,sequana_cpu_dev,2,11418438.0,1,6,C,lu-mz,4,4,250,480,320,28,6901.84,3019.52,9921.36,176.97,77.42,254.39,127.2,39.0, sdumont6165,396854.4
0.0,64,4,265348.0,1036.0,1034.0,265348.0,0.0,0.0,0.0,0.0,0.0,0,0.0,0.0,2n-1m-8th-Ac-lu-mz,sequana_cpu_dev,2,11418440.0,1,8,A,lu-mz,4,4,250,128,128,16,380.3,179.25,559.55,126.77,59.75,186.52,93.26,3.0, sdumont6165,2238.2
0.0,160,10,265348.0,1040.0,1038.0,265348.0,0.0,0.0,0.0,0.0,1.0,0,0.0,0.0,2n-1m-8th-Bc-lu-mz,sequana_cpu_dev,2,11418443.0,1,8,B,lu-mz,4,4,250,304,208,17,1547.69,666.66,2214.35,171.97,74.07,246.04,123.02,9.0, sdumont6165,22143.5
236.0,512,32,1501814.0,463268.0,457880.0,1614352.0,1239.04,4208.64,1239.04,4208.64,0.0,0,3.0,5.0,2n-1m-8th-Cc-lu-mz,sequana_cpu_dev,2,11418446.0,1,8,C,lu-mz,4,4,250,480,320,28,6034.17,2345.32,8379.49,194.65,75.66,270.31,135.15,31.0, sdumont6165,268143.68
0.0,60,3,265348.0,1040.0,1038.0,265348.0,0.0,0.0,0.0,0.0,1.0,0,0.0,0.0,2n-1m-10th-Ac-lu-mz,sequana_cpu_dev,2,11418455.0,1,10,A,lu-mz,4,4,250,128,128,16,187.87,88.67,276.54,93.93,44.34,138.27,69.14,2.0, sdumont6166,829.6200000000001
0.0,160,8,265348.0,1040.0,1036.0,265348.0,0.0,0.0,0.0,0.0,0.0,0,0.0,0.0,2n-1m-10th-Bc-lu-mz,sequana_cpu_dev,2,11418462.0,1,10,B,lu-mz,4,4,250,304,208,17,1270.12,492.73,1762.85,181.45,70.39,251.84,125.92,7.0, sdumont6165,14102.8
0.0,540,27,265348.0,3152.0,2094.0,265348.0,0.0,0.0,0.0,0.0,1.0,0,0.0,0.0,2n-1m-10th-Cc-lu-mz,sequana_cpu_dev,2,11418469.0,1,10,C,lu-mz,4,4,250,480,320,28,5550.56,1953.56,7504.12,213.48,75.14,288.62,144.31,26.0, sdumont6166,202611.24
0.0,96,4,265348.0,1040.0,1038.0,265348.0,0.0,0.0,0.0,0.0,0.0,0,0.0,0.0,2n-1m-12th-Ac-lu-mz,sequana_cpu_dev,2,11418471.0,1,12,A,lu-mz,4,4,250,128,128,16,192.11,89.94,282.05,64.04,29.98,94.02,47.01,3.0, sdumont6165,1128.2
0.0,216,9,265348.0,1036.0,1034.0,265348.0,0.0,0.0,0.0,0.0,1.0,0,0.0,0.0,2n-1m-12th-Bc-lu-mz,sequana_cpu_dev,2,11418473.0,1,12,B,lu-mz,4,4,250,304,208,17,1281.24,485.22,1766.46,183.03,69.32,252.35,126.18,7.0, sdumont6166,15898.14
0.0,600,25,265348.0,1040.0,1036.0,265348.0,0.0,0.0,0.0,0.0,0.0,0,0.0,0.0,2n-1m-12th-Cc-lu-mz,sequana_cpu_dev,2,11418475.0,1,12,C,lu-mz,4,4,250,480,320,28,5422.37,1878.58,7300.95,225.93,78.27,304.21,152.1,24.0, sdumont6165,182523.75
0.0,112,4,265348.0,1040.0,1036.0,265348.0,0.0,0.0,0.0,0.0,1.0,0,0.0,0.0,2n-1m-14th-Ac-lu-mz,sequana_cpu_dev,2,11418477.0,1,14,A,lu-mz,4,4,250,128,128,16,200.85,90.39,291.24,100.42,45.2,145.62,72.81,2.0, sdumont6165,1164.96
0.0,224,8,265348.0,1036.0,1036.0,265348.0,0.0,0.0,0.0,0.0,1.0,0,0.0,0.0,2n-1m-14th-Bc-lu-mz,sequana_cpu_dev,2,11418479.0,1,14,B,lu-mz,4,4,250,304,208,17,1347.75,486.49,1834.24,224.62,81.08,305.71,152.85,6.0, sdumont6165,14673.92
0.0,644,23,265348.0,1036.0,1036.0,265348.0,0.0,0.0,0.0,0.0,1.0,0,0.0,0.0,2n-1m-14th-Cc-lu-mz,sequana_cpu_dev,2,11418481.0,1,14,C,lu-mz,4,4,250,480,320,28,5094.24,1664.24,6758.48,237.11,77.36,314.47,157.23,21.5, sdumont6166,155445.03999999998
0.0,96,3,265348.0,1036.0,1036.0,265348.0,0.0,0.0,0.0,0.0,1.0,0,0.0,0.0,2n-1m-16th-Ac-lu-mz,sequana_cpu_dev,2,11418483.0,1,16,A,lu-mz,4,4,250,128,128,16,209.43,88.72,298.15,209.43,88.72,298.15,149.08,1.0, sdumont6165,894.4499999999999
0.0,256,8,265348.0,1040.0,1036.0,265348.0,0.0,0.0,0.0,0.0,1.0,0,0.0,0.0,2n-1m-16th-Bc-lu-mz,sequana_cpu_dev,2,11418485.0,1,16,B,lu-mz,4,4,250,304,208,17,1375.85,481.04,1856.89,229.31,80.17,309.48,154.74,6.0, sdumont6165,14855.12
0.0,672,21,265348.0,1040.0,1038.0,265348.0,0.0,0.0,0.0,0.0,1.0,0,0.0,0.0,2n-1m-16th-Cc-lu-mz,sequana_cpu_dev,2,11418487.0,1,16,C,lu-mz,4,4,250,480,320,28,4590.29,1470.46,6060.74,241.59,77.39,318.99,159.49,19.0, sdumont6166,127275.54
0.0,108,3,265348.0,1040.0,1036.0,265348.0,0.0,0.0,0.0,0.0,0.0,0,0.0,0.0,2n-1m-18th-Ac-lu-mz,sequana_cpu_dev,2,11418489.0,1,18,A,lu-mz,4,4,250,128,128,16,210.98,90.04,301.02,210.98,90.04,301.02,150.51,1.0, sdumont6166,903.06
0.0,252,7,265348.0,1036.0,1036.0,265348.0,0.0,0.0,0.0,0.0,0.0,0,0.0,0.0,2n-1m-18th-Bc-lu-mz,sequana_cpu_dev,2,11418491.0,1,18,B,lu-mz,4,4,250,304,208,17,1136.8,386.89,1523.69,227.36,77.38,304.74,152.37,5.0, sdumont6165,10665.83
0.0,756,21,265348.0,1040.0,1038.0,265348.0,0.0,0.0,0.0,0.0,1.0,0,0.0,0.0,2n-1m-18th-Cc-lu-mz,sequana_cpu_dev,2,11418493.0,1,18,C,lu-mz,4,4,250,480,320,28,4842.92,1522.7,6365.62,254.89,80.14,335.03,167.52,19.0, sdumont6165,133678.02
0.0,160,4,265348.0,1036.0,1036.0,265348.0,0.0,0.0,0.0,0.0,0.0,0,0.0,0.0,2n-1m-20th-Ac-lu-mz,sequana_cpu_dev,2,11418496.0,1,20,A,lu-mz,4,4,250,128,128,16,210.08,89.35,299.44,105.04,44.68,149.72,74.86,2.0, sdumont6166,1197.76
0.0,280,7,265348.0,3080.0,2058.0,265348.0,0.0,0.0,0.0,0.0,0.0,0,0.0,0.0,2n-1m-20th-Bc-lu-mz,sequana_cpu_dev,2,11418499.0,1,20,B,lu-mz,4,4,250,304,208,17,1142.44,387.19,1529.63,228.49,77.44,305.93,152.96,5.0, sdumont6165,10707.41
0.0,760,19,265348.0,1040.0,1036.0,265348.0,0.0,0.0,0.0,0.0,0.0,0,0.0,0.0,2n-1m-20th-Cc-lu-mz,sequana_cpu_dev,2,11418501.0,1,20,C,lu-mz,4,4,250,480,320,28,4424.54,1378.48,5803.01,245.81,76.58,322.39,161.19,18.0, sdumont6165,110257.19
0.0,176,4,265348.0,1036.0,1034.0,265348.0,0.0,0.0,0.0,0.0,1.0,0,0.0,0.0,2n-1m-22th-Ac-lu-mz,sequana_cpu_dev,2,11418503.0,1,22,A,lu-mz,4,4,250,128,128,16,210.04,91.52,301.56,105.02,45.76,150.78,75.39,2.0, sdumont6166,1206.24
0.0,308,7,265348.0,1036.0,1034.0,265348.0,0.0,0.0,0.0,0.0,0.0,0,0.0,0.0,2n-1m-22th-Bc-lu-mz,sequana_cpu_dev,2,11418506.0,1,22,B,lu-mz,4,4,250,304,208,17,1145.96,385.89,1531.86,190.99,64.32,255.31,127.65,6.0, sdumont6166,10723.019999999999
0.0,880,20,265348.0,1040.0,1038.0,265348.0,0.0,0.0,0.0,0.0,0.0,0,0.0,0.0,2n-1m-22th-Cc-lu-mz,sequana_cpu_dev,2,11418511.0,1,22,C,lu-mz,4,4,250,480,320,28,4469.88,1378.19,5848.07,248.33,76.57,324.89,162.45,18.0, sdumont6166,116961.4
0.0,144,3,265348.0,1040.0,1038.0,265348.0,0.0,0.0,0.0,0.0,0.0,0,0.0,0.0,2n-1m-24th-Ac-lu-mz,sequana_cpu_dev,2,11418513.0,1,24,A,lu-mz,4,4,250,128,128,16,214.81,91.95,306.77,107.41,45.98,153.38,76.69,2.0, sdumont6165,920.31
0.0,384,8,265348.0,1040.0,1036.0,265348.0,0.0,0.0,0.0,0.0,1.0,0,0.0,0.0,2n-1m-24th-Bc-lu-mz,sequana_cpu_dev,2,11418516.0,1,24,B,lu-mz,4,4,250,304,208,17,1180.83,393.57,1574.4,196.81,65.6,262.4,131.2,6.0, sdumont6165,12595.2
0.0,912,19,265348.0,1036.0,1036.0,265348.0,0.0,0.0,0.0,0.0,0.0,0,0.0,0.0,2n-1m-24th-Cc-lu-mz,sequana_cpu_dev,2,11418518.0,1,24,C,lu-mz,4,4,250,480,320,28,4668.23,1409.99,6078.21,259.35,78.33,337.68,168.84,18.0, sdumont6166,115485.99
0.0,208,4,265348.0,3236.0,3188.0,265348.0,0.0,0.0,0.0,0.0,1.0,0,0.0,0.0,2n-1m-26th-Ac-lu-mz,sequana_cpu_dev,2,11418520.0,1,26,A,lu-mz,4,4,250,128,128,16,205.6,115.61,321.21,102.8,57.81,160.61,80.3,2.0, sdumont6165,1284.84
0.0,312,6,265348.0,3144.0,2090.0,265348.0,0.0,0.0,0.0,0.0,0.0,0,0.0,0.0,2n-1m-26th-Bc-lu-mz,sequana_cpu_dev,2,11418522.0,1,26,B,lu-mz,4,4,250,304,208,17,1143.93,530.84,1674.77,228.79,106.17,334.95,167.48,5.0, sdumont6165,10048.619999999999
0.0,936,18,265348.0,3232.0,3162.0,265348.0,0.0,0.0,0.0,0.0,0.0,0,0.0,0.0,2n-1m-26th-Cc-lu-mz,sequana_cpu_dev,2,11418524.0,1,26,C,lu-mz,4,4,250,480,320,28,4197.24,1919.77,6117.01,254.61,116.4,371.0,185.5,16.5, sdumont6165,110106.18000000001
0.0,168,3,265348.0,3180.0,3176.0,265348.0,0.0,0.0,0.0,0.0,0.0,0,0.0,0.0,2n-1m-28th-Ac-lu-mz,sequana_cpu_dev,2,11418527.0,1,28,A,lu-mz,4,4,250,128,128,16,206.68,133.42,340.1,103.34,66.71,170.05,85.03,2.0, sdumont6166,1020.3000000000001
0.0,504,9,265348.0,3152.0,3134.0,265348.0,0.0,0.0,0.0,0.0,1.0,0,0.0,0.0,2n-1m-28th-Bc-lu-mz,sequana_cpu_dev,2,11418533.0,1,28,B,lu-mz,4,4,250,304,208,17,1469.35,879.83,2349.18,183.67,109.98,293.65,146.82,8.0, sdumont6167,21142.62
0.0,952,17,265348.0,3172.0,3172.0,265348.0,0.0,0.0,0.0,0.0,0.0,0,0.0,0.0,2n-1m-28th-Cc-lu-mz,sequana_cpu_dev,2,11418536.0,1,28,C,lu-mz,4,4,250,480,320,28,4411.01,2379.61,6790.62,275.69,148.73,424.41,212.21,16.0, sdumont6167,115440.54
0.0,240,4,265348.0,3152.0,3148.0,265348.0,0.0,0.0,0.0,0.0,1.0,0,0.0,0.0,2n-1m-30th-Ac-lu-mz,sequana_cpu_dev,2,11418543.0,1,30,A,lu-mz,4,4,250,128,128,16,214.3,157.58,371.89,107.15,78.79,185.94,92.97,2.0, sdumont6168,1487.56
0.0,540,9,267444.0,3196.0,3154.0,267444.0,0.0,0.0,0.0,0.0,0.0,0,0.0,0.0,2n-1m-30th-Bc-lu-mz,sequana_cpu_dev,2,11418548.0,1,30,B,lu-mz,4,4,250,304,208,17,1397.89,885.28,2283.17,186.97,118.61,305.58,152.79,7.5, sdumont6045,20548.53
0.0,1080,18,265348.0,3144.0,3136.0,265348.0,0.0,0.0,0.0,0.0,1.0,0,0.0,0.0,2n-1m-30th-Cc-lu-mz,sequana_cpu_dev,2,11418552.0,1,30,C,lu-mz,4,4,250,480,320,28,4381.38,2722.51,7103.89,273.84,170.16,443.99,222.0,16.0, sdumont6167,127870.02
0.0,192,3,265348.0,3116.0,3112.0,265348.0,0.0,0.0,0.0,0.0,0.0,0,0.0,0.0,2n-1m-32th-Ac-lu-mz,sequana_cpu_dev,2,11418560.0,1,32,A,lu-mz,4,4,250,128,128,16,218.01,175.09,393.1,109.0,87.54,196.55,98.27,2.0, sdumont6168,1179.3000000000002
0.0,448,7,265348.0,3116.0,3104.0,265348.0,0.0,0.0,0.0,0.0,1.0,0,0.0,0.0,2n-1m-32th-Bc-lu-mz,sequana_cpu_dev,2,11418565.0,1,32,B,lu-mz,4,4,250,304,208,17,1159.45,822.05,1981.5,231.89,164.41,396.3,198.15,5.0, sdumont6165,13870.5
0.0,1152,18,265348.0,3152.0,3146.0,265348.0,0.0,0.0,0.0,0.0,0.0,0,0.0,0.0,2n-1m-32th-Cc-lu-mz,sequana_cpu_dev,2,11418573.0,1,32,C,lu-mz,4,4,250,480,320,28,4041.3,2821.08,6862.38,244.91,170.99,415.9,207.95,16.5, sdumont6166,123522.84
0.0,272,4,265348.0,3136.0,3094.0,265348.0,0.0,0.0,0.0,0.0,1.0,0,0.0,0.0,2n-1m-34th-Ac-lu-mz,sequana_cpu_dev,2,11418575.0,1,34,A,lu-mz,4,4,250,128,128,16,201.78,175.07,376.85,100.89,87.54,188.42,94.21,2.0, sdumont6166,1507.4
0.0,476,7,265348.0,3172.0,3110.0,265348.0,0.0,0.0,0.0,0.0,0.0,0,0.0,0.0,2n-1m-34th-Bc-lu-mz,sequana_cpu_dev,2,11418579.0,1,34,B,lu-mz,4,4,250,304,208,17,1145.62,907.15,2052.77,210.13,166.44,376.57,188.28,5.5, sdumont6166,14369.39
0.0,1156,17,265348.0,3236.0,3188.0,265348.0,0.0,0.0,0.0,0.0,0.0,0,0.0,0.0,2n-1m-34th-Cc-lu-mz,sequana_cpu_dev,2,11418584.0,1,34,C,lu-mz,4,4,250,480,320,28,4148.19,3300.22,7448.42,259.26,206.26,465.53,232.76,16.0, sdumont6166,126623.14
0.0,288,4,265348.0,3168.0,3132.0,265348.0,0.0,0.0,0.0,0.0,0.0,0,0.0,0.0,2n-1m-36th-Ac-lu-mz,sequana_cpu_dev,2,11418588.0,1,36,A,lu-mz,4,4,250,128,128,16,201.75,179.81,381.56,100.87,89.91,190.78,95.39,2.0, sdumont6165,1526.24
0.0,504,7,265348.0,3176.0,3152.0,265348.0,0.0,0.0,0.0,0.0,1.0,0,0.0,0.0,2n-1m-36th-Bc-lu-mz,sequana_cpu_dev,2,11418590.0,1,36,B,lu-mz,4,4,250,304,208,17,1139.96,966.78,2106.73,227.99,193.36,421.35,210.67,5.0, sdumont6166,14747.11
0.0,1296,18,265348.0,3232.0,3154.0,265348.0,0.0,0.0,0.0,0.0,0.0,0,0.0,0.0,2n-1m-36th-Cc-lu-mz,sequana_cpu_dev,2,11418593.0,1,36,C,lu-mz,4,4,250,480,320,28,4112.25,3465.48,7577.73,257.02,216.59,473.61,236.8,16.0, sdumont6165,136399.13999999998
0.0,304,4,265348.0,3232.0,3190.0,265348.0,0.0,0.0,0.0,0.0,1.0,0,0.0,0.0,2n-1m-38th-Ac-lu-mz,sequana_cpu_dev,2,11418595.0,1,38,A,lu-mz,4,4,250,128,128,16,204.48,185.62,390.1,102.24,92.81,195.05,97.52,2.0, sdumont6166,1560.4
0.0,532,7,265348.0,3148.0,3132.0,265348.0,0.0,0.0,0.0,0.0,0.0,0,0.0,0.0,2n-1m-38th-Bc-lu-mz,sequana_cpu_dev,2,11418599.0,1,38,B,lu-mz,4,4,250,304,208,17,1135.38,997.68,2133.05,227.08,199.54,426.61,213.31,5.0, sdumont6166,14931.350000000002
0.0,1368,18,267444.0,3088.0,2066.0,267444.0,0.0,0.0,0.0,0.0,1.0,0,0.0,0.0,2n-1m-38th-Cc-lu-mz,sequana_cpu_dev,2,11418605.0,1,38,C,lu-mz,4,4,250,480,320,28,4379.06,3626.14,8005.2,257.59,213.3,470.89,235.45,17.0, sdumont6045,144093.6
0.0,320,4,267444.0,3228.0,3162.0,267444.0,0.0,0.0,0.0,0.0,0.0,0,0.0,0.0,2n-1m-40th-Ac-lu-mz,sequana_cpu_dev,2,11418607.0,1,40,A,lu-mz,4,4,250,128,128,16,360.97,296.12,657.1,139.23,115.48,254.71,127.35,2.5, sdumont6045,2628.4
0.0,560,7,267444.0,3084.0,3080.0,267444.0,0.0,0.0,0.0,0.0,1.0,0,0.0,0.0,2n-1m-40th-Bc-lu-mz,sequana_cpu_dev,2,11418609.0,1,40,B,lu-mz,4,4,250,304,208,17,1203.66,1033.15,2236.81,220.93,190.19,411.12,205.56,5.5, sdumont6045,15657.67
0.0,1280,16,267444.0,3176.0,3136.0,267444.0,0.0,0.0,0.0,0.0,0.0,0,0.0,0.0,2n-1m-40th-Cc-lu-mz,sequana_cpu_dev,2,11418612.0,1,40,C,lu-mz,4,4,250,480,320,28,3698.23,3198.31,6896.54,255.31,221.06,476.37,238.19,14.5, sdumont6045,110344.64
0.0,336,4,267444.0,3224.0,2136.0,267444.0,0.0,0.0,0.0,0.0,1.0,0,0.0,0.0,2n-1m-42th-Ac-lu-mz,sequana_cpu_dev,2,11418615.0,1,42,A,lu-mz,4,4,250,128,128,16,225.54,198.6,424.15,112.77,99.3,212.07,106.04,2.0, sdumont6044,1696.6
0.0,588,7,267444.0,3208.0,2126.0,267444.0,0.0,0.0,0.0,0.0,0.0,0,0.0,0.0,2n-1m-42th-Bc-lu-mz,sequana_cpu_dev,2,11418619.0,1,42,B,lu-mz,4,4,250,304,208,17,1223.05,1086.32,2309.37,244.61,217.26,461.87,230.94,5.0, sdumont6044,16165.59
0.0,1344,16,265348.0,3172.0,2104.0,265348.0,0.0,0.0,0.0,0.0,1.0,0,0.0,0.0,2n-1m-42th-Cc-lu-mz,sequana_cpu_dev,2,11418623.0,1,42,C,lu-mz,4,4,250,480,320,28,3473.78,3247.88,6721.66,239.92,224.27,464.19,232.09,14.5, sdumont6166,107546.56
0.0,264,3,265348.0,3184.0,3176.0,265348.0,0.0,0.0,0.0,0.0,0.0,0,0.0,0.0,2n-1m-44th-Ac-lu-mz,sequana_cpu_dev,2,11418626.0,1,44,A,lu-mz,4,4,250,128,128,16,194.29,185.93,380.22,80.52,77.5,158.02,79.01,2.5, sdumont6165,1140.66
0.0,616,7,265348.0,3120.0,3116.0,265348.0,0.0,0.0,0.0,0.0,0.0,0,0.0,0.0,2n-1m-44th-Bc-lu-mz,sequana_cpu_dev,2,11418628.0,1,44,B,lu-mz,4,4,250,304,208,17,1115.62,1078.39,2194.01,185.94,179.73,365.67,182.83,6.0, sdumont6166,15358.070000000002
0.0,1408,16,265348.0,3108.0,3102.0,265348.0,0.0,0.0,0.0,0.0,1.0,0,0.0,0.0,2n-1m-44th-Cc-lu-mz,sequana_cpu_dev,2,11418634.0,1,44,C,lu-mz,4,4,250,480,320,28,3466.48,3259.34,6725.82,239.36,224.92,464.28,232.14,14.5, sdumont6166,107613.12
0.0,368,4,265348.0,3116.0,3112.0,265348.0,0.0,0.0,0.0,0.0,0.0,0,0.0,0.0,2n-1m-46th-Ac-lu-mz,sequana_cpu_dev,2,11418643.0,1,46,A,lu-mz,4,4,250,128,128,16,453.32,411.74,865.06,226.66,205.87,432.53,216.27,2.0, sdumont6165,3460.24
0.0,644,7,265348.0,3112.0,3106.0,265348.0,0.0,0.0,0.0,0.0,1.0,0,0.0,0.0,2n-1m-46th-Bc-lu-mz,sequana_cpu_dev,2,11418649.0,1,46,B,lu-mz,4,4,250,304,208,17,1102.84,1082.1,2184.94,202.37,198.24,400.61,200.3,5.5, sdumont6166,15294.58
0.0,1472,16,265348.0,3172.0,3168.0,265348.0,0.0,0.0,0.0,0.0,1.0,0,0.0,0.0,2n-1m-46th-Cc-lu-mz,sequana_cpu_dev,2,11418651.0,1,46,C,lu-mz,4,4,250,480,320,28,3472.75,3302.92,6775.67,248.05,235.92,483.98,241.99,14.0, sdumont6166,108410.72
0.0,672,7,267444.0,3104.0,3102.0,267444.0,0.0,0.0,0.0,0.0,1.0,0,0.0,0.0,2n-1m-48th-Ac-lu-mz,sequana_cpu_dev,2,11418655.0,1,48,A,lu-mz,4,4,250,128,128,16,445.92,433.12,879.04,89.18,86.62,175.81,87.9,5.0, sdumont6047,6153.28
0.0,768,8,267444.0,3240.0,2142.0,267444.0,0.0,0.0,0.0,0.0,1.0,0,0.0,0.0,2n-1m-48th-Bc-lu-mz,sequana_cpu_dev,2,11418657.0,1,48,B,lu-mz,4,4,250,304,208,17,1118.31,1178.0,2296.31,186.39,196.33,382.72,191.36,6.0, sdumont6046,18370.48
0.0,1536,16,267444.0,3076.0,3068.0,267444.0,0.0,0.0,0.0,0.0,1.0,0,0.0,0.0,2n-1m-48th-Cc-lu-mz,sequana_cpu_dev,2,11418659.0,1,48,C,lu-mz,4,4,250,480,320,28,3555.98,3540.0,7095.98,254.0,252.86,506.86,253.43,14.0, sdumont6046,113535.68
2.0,40,5,608726.0,133668.0,60105.0,1297412.0,675.84,2109.44,1628.16,4218.88,1.0,0,0.0,0.0,2n-2m-2th-Ac-lu-mz,sequana_cpu_dev,2,11418661.0,2,2,A,lu-mz,4,4,250,128,128,16,265.86,284.69,550.55,66.46,71.17,137.64,68.82,4.0, sdumont6047,2752.75
11.0,112,14,590025.0,144264.0,42327.0,1310096.0,1034.24,2109.44,3072.0,4218.88,1.0,0,0.0,0.0,2n-2m-2th-Bc-lu-mz,sequana_cpu_dev,2,11418665.0,2,2,B,lu-mz,4,4,250,304,208,17,1487.34,1606.8,3094.14,114.41,123.6,238.01,119.01,13.0, sdumont6047,43317.96
66.0,448,56,1052823.0,314648.0,306762.0,1298660.0,5253.12,4218.88,9646.08,4239.36,1.0,0,267.0,367.0,2n-2m-2th-Cc-lu-mz,sequana_cpu_dev,2,11418671.0,2,2,C,lu-mz,4,4,250,480,320,28,7484.75,6847.33,14332.08,136.09,124.5,260.58,130.29,55.0, sdumont6049,802596.48
3.0,48,3,611509.0,133824.0,60266.0,1301660.0,634.88,2109.44,1443.84,4218.88,1.0,0,1.0,3.0,2n-2m-4th-Ac-lu-mz,sequana_cpu_dev,2,11418675.0,2,4,A,lu-mz,4,4,250,128,128,16,135.59,147.55,283.14,67.8,73.78,141.57,70.79,2.0, sdumont6046,849.42
0.0,144,9,267444.0,4228.0,3617.0,267444.0,1218.56,2109.44,2478.08,4218.88,1.0,0,0.0,0.0,2n-2m-4th-Bc-lu-mz,sequana_cpu_dev,2,11418680.0,2,4,B,lu-mz,4,4,250,304,208,17,1039.74,1090.39,2130.13,148.53,155.77,304.3,152.15,7.0, sdumont6047,19171.170000000002
56.0,480,30,614448.0,144820.0,62452.0,1315064.0,1628.16,2109.44,5427.2,4218.88,1.0,0,0.0,0.0,2n-2m-4th-Cc-lu-mz,sequana_cpu_dev,2,11418683.0,2,4,C,lu-mz,4,4,250,480,320,28,4338.18,4652.16,8990.34,149.59,160.42,310.01,155.01,29.0, sdumont6046,269710.2
1.0,72,3,749535.0,144224.0,40796.0,1318072.0,727.04,2109.44,1454.08,4218.88,3.0,0,1.0,4.0,2n-2m-6th-Ac-lu-mz,sequana_cpu_dev,2,11418685.0,2,6,A,lu-mz,4,4,250,128,128,16,156.39,170.94,327.34,78.2,85.47,163.67,81.83,2.0, sdumont6047,982.02
15.0,168,7,599287.0,133920.0,46928.0,1306160.0,768.0,2109.44,1986.56,4218.88,1.0,0,2.0,6.0,2n-2m-6th-Bc-lu-mz,sequana_cpu_dev,2,11418688.0,2,6,B,lu-mz,4,4,250,304,208,17,775.35,820.16,1595.51,129.23,136.69,265.92,132.96,6.0, sdumont6046,11168.57
58.0,504,21,616527.0,144720.0,62992.0,1319188.0,1310.72,2109.44,4167.68,4218.88,1.0,0,1.0,4.0,2n-2m-6th-Cc-lu-mz,sequana_cpu_dev,2,11418694.0,2,6,C,lu-mz,4,4,250,480,320,28,3552.06,3781.02,7333.09,177.6,189.05,366.65,183.33,20.0, sdumont6047,153994.89
4.0,96,3,614938.0,133824.0,60085.0,1309900.0,634.88,2109.44,1443.84,4218.88,1.0,0,3.0,8.0,2n-2m-8th-Ac-lu-mz,sequana_cpu_dev,2,11418697.0,2,8,A,lu-mz,4,4,250,128,128,16,165.5,183.5,349.0,82.75,91.75,174.5,87.25,2.0, sdumont6046,1047.0
16.0,192,6,738698.0,144392.0,71049.0,1322564.0,901.12,2109.44,1812.48,4218.88,1.0,0,2.0,8.0,2n-2m-8th-Bc-lu-mz,sequana_cpu_dev,2,11418700.0,2,8,B,lu-mz,4,4,250,304,208,17,638.04,687.6,1325.64,127.61,137.52,265.13,132.56,5.0, sdumont6047,7953.84
61.0,544,17,739054.0,144756.0,71416.0,1323304.0,1812.48,2109.44,3624.96,4218.88,1.0,0,8.0,31.0,2n-2m-8th-Cc-lu-mz,sequana_cpu_dev,2,11418703.0,2,8,C,lu-mz,4,4,250,480,320,28,3271.26,3436.05,6707.31,204.45,214.75,419.21,209.6,16.0, sdumont6046,114024.27
4.0,120,3,740566.0,143756.0,71187.0,1326308.0,716.8,2109.44,1443.84,4218.88,1.0,0,17.0,60.0,2n-2m-10th-Ac-lu-mz,sequana_cpu_dev,2,11418709.0,2,10,A,lu-mz,4,4,250,128,128,16,185.26,204.51,389.77,92.63,102.26,194.88,97.44,2.0, sdumont6047,1169.31
16.0,200,5,740730.0,143872.0,70989.0,1314276.0,890.88,2109.44,1802.24,4218.88,1.0,0,5.0,11.0,2n-2m-10th-Bc-lu-mz,sequana_cpu_dev,2,11418712.0,2,10,B,lu-mz,4,4,250,304,208,17,717.25,772.12,1489.37,179.31,193.03,372.34,186.17,4.0, sdumont6046,7446.849999999999
63.0,600,15,620609.0,144348.0,62394.0,1327276.0,1044.48,2109.44,3082.24,4218.88,1.0,0,4.0,9.0,2n-2m-10th-Cc-lu-mz,sequana_cpu_dev,2,11418714.0,2,10,C,lu-mz,4,4,250,480,320,28,2799.11,2925.71,5724.82,199.94,208.98,408.92,204.46,14.0, sdumont6046,85872.29999999999
5.0,144,3,619252.0,133468.0,59524.0,1318136.0,634.88,2109.44,1454.08,4218.88,0.0,0,17.0,50.0,2n-2m-12th-Ac-lu-mz,sequana_cpu_dev,2,11418716.0,2,12,A,lu-mz,4,4,250,128,128,16,180.12,205.99,386.11,90.06,102.99,193.05,96.53,2.0, sdumont6047,1158.33
10.0,288,6,580170.0,144768.0,39533.0,1330812.0,942.08,2109.44,1945.6,4218.88,0.0,0,6.0,24.0,2n-2m-12th-Bc-lu-mz,sequana_cpu_dev,2,11418718.0,2,12,B,lu-mz,4,4,250,304,208,17,748.05,833.84,1581.89,149.61,166.77,316.38,158.19,5.0, sdumont6046,9491.34
69.0,672,14,733602.0,143648.0,70996.0,1302136.0,563.2,2109.44,1126.4,4218.88,1.0,0,10.0,23.0,2n-2m-12th-Cc-lu-mz,sequana_cpu_dev,2,11418722.0,2,12,C,lu-mz,4,4,250,480,320,28,2766.58,2948.49,5715.07,230.55,245.71,476.26,238.13,12.0, sdumont6165,80010.98
6.0,168,3,628283.0,144000.0,73104.0,1317440.0,491.52,2109.44,993.28,4218.88,1.0,0,11.0,23.0,2n-2m-14th-Ac-lu-mz,sequana_cpu_dev,2,11418726.0,2,14,A,lu-mz,4,4,250,128,128,16,179.28,196.98,376.26,179.28,196.98,376.26,188.13,1.0, sdumont6166,1128.78
21.0,280,5,735322.0,144184.0,70894.0,1317880.0,501.76,2109.44,1024.0,4218.88,1.0,0,9.0,18.0,2n-2m-14th-Bc-lu-mz,sequana_cpu_dev,2,11418728.0,2,14,B,lu-mz,4,4,250,304,208,17,731.12,749.96,1481.08,243.71,249.99,493.69,246.85,3.0, sdumont6166,7405.4
74.0,728,13,434252.0,99492.0,38367.0,629016.0,542.72,2109.44,1085.44,4218.88,1.0,0,12.0,28.0,2n-2m-14th-Cc-lu-mz,sequana_cpu_dev,2,11418731.0,2,14,C,lu-mz,4,4,250,480,320,28,2683.23,2804.68,5487.9,223.6,233.72,457.33,228.66,12.0, sdumont6047,71342.7
5.0,192,3,435578.0,97740.0,37882.0,631440.0,542.72,2109.44,1085.44,4218.88,1.0,0,12.0,33.0,2n-2m-16th-Ac-lu-mz,sequana_cpu_dev,2,11418733.0,2,16,A,lu-mz,4,4,250,128,128,16,201.7,218.53,420.22,100.85,109.26,210.11,105.06,2.0, sdumont6047,1260.66
0.0,448,7,313632.0,5488.0,3838.0,456388.0,552.96,2109.44,1105.92,4218.88,1.0,0,0.0,0.0,2n-2m-16th-Bc-lu-mz,sequana_cpu_dev,2,11418737.0,2,16,B,lu-mz,4,4,250,304,208,17,951.08,890.66,1841.73,158.51,148.44,306.96,153.48,6.0, sdumont6169,12892.11
77.0,768,12,455713.0,143004.0,59429.0,670296.0,512.0,2109.44,1085.44,4218.88,0.0,0,21.0,49.0,2n-2m-16th-Cc-lu-mz,sequana_cpu_dev,2,11418743.0,2,16,C,lu-mz,4,4,250,480,320,28,2532.99,2424.91,4957.9,253.3,242.49,495.79,247.9,10.0, sdumont6169,59494.799999999996
6.0,216,3,632436.0,143236.0,72756.0,1325812.0,491.52,2109.44,993.28,4218.88,0.0,0,14.0,34.0,2n-2m-18th-Ac-lu-mz,sequana_cpu_dev,2,11418747.0,2,18,A,lu-mz,4,4,250,128,128,16,198.57,213.23,411.8,99.28,106.62,205.9,102.95,2.0, sdumont6165,1235.4
11.0,360,5,574534.0,133852.0,36270.0,1313828.0,512.0,2109.44,1054.72,4218.88,1.0,0,6.0,26.0,2n-2m-18th-Bc-lu-mz,sequana_cpu_dev,2,11418755.0,2,18,B,lu-mz,4,4,250,304,208,17,509.14,534.74,1043.88,148.79,156.0,304.79,152.39,3.5, sdumont6165,5219.400000000001
88.0,864,12,749355.0,145036.0,71313.0,1343920.0,1351.68,2109.44,2713.6,4218.88,0.0,0,13.0,28.0,2n-2m-18th-Cc-lu-mz,sequana_cpu_dev,2,11418757.0,2,18,C,lu-mz,4,4,250,480,320,28,2485.31,2620.6,5105.91,237.96,250.18,488.13,244.07,10.5, sdumont6047,61270.92
7.0,240,3,634494.0,142744.0,72609.0,1329924.0,491.52,2109.44,993.28,4218.88,1.0,0,22.0,53.0,2n-2m-20th-Ac-lu-mz,sequana_cpu_dev,2,11418761.0,2,20,A,lu-mz,4,4,250,128,128,16,199.51,219.29,418.8,99.75,109.65,209.4,104.7,2.0, sdumont6165,1256.4
26.0,400,5,634668.0,144280.0,72774.0,1330312.0,491.52,2109.44,1013.76,4218.88,1.0,0,16.0,35.0,2n-2m-20th-Bc-lu-mz,sequana_cpu_dev,2,11418764.0,2,20,B,lu-mz,4,4,250,304,208,17,515.14,555.49,1070.64,128.79,138.87,267.66,133.83,4.0, sdumont6165,5353.200000000001
87.0,880,11,468802.0,141124.0,69506.0,678536.0,481.28,2109.44,962.56,4218.88,1.0,0,18.0,42.0,2n-2m-20th-Cc-lu-mz,sequana_cpu_dev,2,11418767.0,2,20,C,lu-mz,4,4,250,480,320,28,2172.71,2305.96,4478.67,217.27,230.6,447.87,223.93,10.0, sdumont6165,49265.37
8.0,352,4,529412.0,133804.0,35827.0,1321604.0,491.52,2109.44,1013.76,4218.88,1.0,0,71.0,215.0,2n-2m-22th-Ac-lu-mz,sequana_cpu_dev,2,11418769.0,2,22,A,lu-mz,4,4,250,128,128,16,293.39,301.2,594.59,146.7,150.6,297.3,148.65,2.0, sdumont6166,2378.36
30.0,440,5,743579.0,143720.0,72087.0,1322144.0,501.76,2109.44,1003.52,4218.88,0.0,0,19.0,38.0,2n-2m-22th-Bc-lu-mz,sequana_cpu_dev,2,11418773.0,2,22,B,lu-mz,4,4,250,304,208,17,507.96,533.83,1041.79,126.99,133.46,260.45,130.22,4.0, sdumont6166,5208.95
97.0,968,11,583815.0,144028.0,72787.0,1122176.0,512.0,2109.44,1095.68,4218.88,1.0,0,21.0,46.0,2n-2m-22th-Cc-lu-mz,sequana_cpu_dev,2,11418775.0,2,22,C,lu-mz,4,4,250,480,320,28,2174.71,2245.82,4420.53,229.59,236.96,466.55,233.27,9.5, sdumont6166,48625.829999999994
9.0,384,4,635557.0,141276.0,70055.0,1325872.0,491.52,2109.44,993.28,4218.88,1.0,0,25.0,79.0,2n-2m-24th-Ac-lu-mz,sequana_cpu_dev,2,11418790.0,2,24,A,lu-mz,4,4,250,128,128,16,111.73,125.56,237.28,85.66,95.4,181.06,90.53,1.5, sdumont6166,949.12
16.0,384,4,580555.0,144528.0,38813.0,1338428.0,512.0,2109.44,1013.76,4218.88,1.0,0,13.0,55.0,2n-2m-24th-Bc-lu-mz,sequana_cpu_dev,2,11418792.0,2,24,B,lu-mz,4,4,250,304,208,17,516.95,541.62,1058.57,151.07,157.89,308.95,154.48,3.5, sdumont6166,4234.28
107.0,1056,11,636128.0,141340.0,70596.0,1326996.0,512.0,2109.44,1085.44,4218.88,1.0,0,20.0,48.0,2n-2m-24th-Cc-lu-mz,sequana_cpu_dev,2,11418794.0,2,24,C,lu-mz,4,4,250,480,320,28,2226.83,2303.17,4530.01,235.16,243.08,478.25,239.12,9.5, sdumont6165,49830.11
0.0,48,8,265348.0,3152.0,3113.3330078125,265348.0,0.0,0.0,0.0,0.0,1.0,0,0.0,0.0,3n-1m-2th-Ac-lu-mz,sequana_cpu_dev,3,11418796.0,1,2,A,lu-mz,4,4,250,128,128,16,1045.75,796.7,1842.45,149.39,113.81,263.21,87.74,7.0, sdumont6166,14739.6
0.0,120,20,267444.0,3196.0,3140.0,267444.0,0.0,0.0,0.0,0.0,0.0,0,0.0,0.0,3n-1m-2th-Bc-lu-mz,sequana_cpu_dev,3,11418799.0,1,2,B,lu-mz,4,4,250,304,208,17,3430.08,2237.92,5667.99,180.53,117.79,298.32,99.44,19.0, sdumont6048,113359.79999999999
118.0,450,75,1383401.3330078125,369888.0,368870.666015625,1524880.0,9984.0,4208.64,10014.72,4218.88,1.0,0,42.0,44.0,3n-1m-2th-Cc-lu-mz,sequana_cpu_dev,3,11418802.0,1,2,C,lu-mz,4,4,250,480,320,28,13749.04,8494.63,22243.68,185.8,114.79,300.59,100.2,74.0, sdumont6048,1668276.0
0.0,48,4,265348.0,3092.0,3065.3330078125,265348.0,0.0,0.0,0.0,0.0,0.0,0,0.0,0.0,3n-1m-4th-Ac-lu-mz,sequana_cpu_dev,3,11418808.0,1,4,A,lu-mz,4,4,250,128,128,16,624.66,374.56,999.22,208.22,124.85,333.07,111.02,3.0, sdumont6166,3996.88
0.0,168,14,265348.0,3144.0,3116.0,265348.0,0.0,0.0,0.0,0.0,1.0,0,0.0,0.0,3n-1m-4th-Bc-lu-mz,sequana_cpu_dev,3,11418810.0,1,4,B,lu-mz,4,4,250,304,208,17,2523.78,1527.03,4050.81,194.14,117.46,311.6,103.87,13.0, sdumont6180,56711.34
117.0,504,42,1445454.666015625,370360.0,368764.0,1527568.0,1249.28,4208.64,1259.52,4208.64,0.0,0,46.0,50.0,3n-1m-4th-Cc-lu-mz,sequana_cpu_dev,3,11418812.0,1,4,C,lu-mz,4,4,250,480,320,28,9017.15,4868.25,13885.41,219.93,118.74,338.67,112.89,41.0, sdumont6178,583187.22
0.0,72,4,265348.0,3140.0,3120.0,265348.0,0.0,0.0,0.0,0.0,0.0,0,0.0,0.0,3n-1m-6th-Ac-lu-mz,sequana_cpu_dev,3,11418817.0,1,6,A,lu-mz,4,4,250,128,128,16,709.54,373.24,1082.78,236.51,124.41,360.93,120.31,3.0, sdumont6167,4331.12
0.0,198,11,265348.0,3140.0,2440.0,265348.0,0.0,0.0,0.0,0.0,1.0,0,0.0,0.0,3n-1m-6th-Bc-lu-mz,sequana_cpu_dev,3,11418819.0,1,6,B,lu-mz,4,4,250,304,208,17,2118.78,1131.45,3250.23,211.88,113.15,325.02,108.34,10.0, sdumont6166,35752.53
0.0,558,31,267444.0,3204.0,3144.0,267444.0,0.0,0.0,0.0,0.0,1.0,0,0.0,0.0,3n-1m-6th-Cc-lu-mz,sequana_cpu_dev,3,11418821.0,1,6,C,lu-mz,4,4,250,480,320,28,7441.24,3414.49,10855.73,248.04,113.82,361.86,120.62,30.0, sdumont6047,336527.63
0.0,120,5,267444.0,3104.0,1730.666015625,267444.0,0.0,0.0,0.0,0.0,1.0,0,0.0,0.0,3n-1m-8th-Ac-lu-mz,sequana_cpu_dev,3,11418823.0,1,8,A,lu-mz,4,4,250,128,128,16,1028.92,470.21,1499.13,257.23,117.55,374.78,124.93,4.0, sdumont6047,7495.650000000001
0.0,240,10,265348.0,1040.0,1034.666015625,265348.0,0.0,0.0,0.0,0.0,1.0,0,0.0,0.0,3n-1m-8th-Bc-lu-mz,sequana_cpu_dev,3,11418827.0,1,8,B,lu-mz,4,4,250,304,208,17,2060.04,1001.73,3061.77,228.89,111.3,340.2,113.4,9.0, sdumont6169,30617.7
0.0,600,25,265348.0,1040.0,1034.666015625,265348.0,0.0,0.0,0.0,0.0,1.0,0,0.0,0.0,3n-1m-8th-Cc-lu-mz,sequana_cpu_dev,3,11418832.0,1,8,C,lu-mz,4,4,250,480,320,28,6820.46,2870.19,9690.65,284.19,119.59,403.78,134.59,24.0, sdumont6168,242266.25
0.0,180,6,265348.0,1040.0,1034.666015625,265348.0,0.0,0.0,0.0,0.0,1.0,0,0.0,0.0,3n-1m-10th-Ac-lu-mz,sequana_cpu_dev,3,11418834.0,1,10,A,lu-mz,4,4,250,128,128,16,1119.3,505.19,1624.49,223.86,101.04,324.9,108.3,5.0, sdumont6167,9746.94
0.0,240,8,265348.0,1040.0,1037.3330078125,265348.0,0.0,0.0,0.0,0.0,1.0,0,0.0,0.0,3n-1m-10th-Bc-lu-mz,sequana_cpu_dev,3,11418837.0,1,10,B,lu-mz,4,4,250,304,208,17,1881.15,759.62,2640.78,268.74,108.52,377.25,125.75,7.0, sdumont6168,21126.24
0.0,630,21,265348.0,3160.0,1744.0,265348.0,0.0,0.0,0.0,0.0,1.0,0,0.0,0.0,3n-1m-10th-Cc-lu-mz,sequana_cpu_dev,3,11418840.0,1,10,C,lu-mz,4,4,250,480,320,28,6472.7,2436.35,8909.06,323.64,121.82,445.45,148.48,20.0, sdumont6168,187090.25999999998
0.0,252,7,265348.0,3140.0,1737.3330078125,265348.0,0.0,0.0,0.0,0.0,14.0,0,0.0,0.0,3n-1m-12th-Ac-lu-mz,sequana_cpu_dev,3,11418844.0,1,12,A,lu-mz,4,4,250,128,128,16,1472.7,631.08,2103.78,276.6,118.54,395.14,131.71,5.33, sdumont6167,14726.460000000001
0.0,324,9,265348.0,3140.0,1736.0,265348.0,0.0,0.0,0.0,0.0,1.0,0,0.0,0.0,3n-1m-12th-Bc-lu-mz,sequana_cpu_dev,3,11418848.0,1,12,B,lu-mz,4,4,250,304,208,17,2279.66,887.55,3167.21,284.96,110.94,395.9,131.97,8.0, sdumont6168,28504.89
0.0,756,21,265348.0,1036.0,1036.0,265348.0,0.0,0.0,0.0,0.0,1.0,0,0.0,0.0,3n-1m-12th-Cc-lu-mz,sequana_cpu_dev,3,11418852.0,1,12,C,lu-mz,4,4,250,480,320,28,6639.96,2402.9,9042.87,332.0,120.15,452.14,150.71,20.0, sdumont6167,189900.27000000002
0.0,294,7,265348.0,3144.0,1737.3330078125,265348.0,0.0,0.0,0.0,0.0,1.0,0,0.0,0.0,3n-1m-14th-Ac-lu-mz,sequana_cpu_dev,3,11418856.0,1,14,A,lu-mz,4,4,250,128,128,16,1524.21,639.74,2163.96,254.04,106.62,360.66,120.22,6.0, sdumont6167,15147.720000000001
0.0,378,9,265348.0,1036.0,1036.0,265348.0,0.0,0.0,0.0,0.0,1.0,0,0.0,0.0,3n-1m-14th-Bc-lu-mz,sequana_cpu_dev,3,11418860.0,1,14,B,lu-mz,4,4,250,304,208,17,2344.23,885.98,3230.21,293.03,110.75,403.78,134.59,8.0, sdumont6168,29071.89
0.0,798,19,265348.0,1036.0,1036.0,265348.0,0.0,0.0,0.0,0.0,9.0,0,0.0,0.0,3n-1m-14th-Cc-lu-mz,sequana_cpu_dev,3,11418864.0,1,14,C,lu-mz,4,4,250,480,320,28,6244.16,2170.76,8414.92,346.9,120.6,467.5,155.83,18.0, sdumont6169,159883.48
0.0,384,8,265348.0,3096.0,2404.0,265348.0,0.0,0.0,0.0,0.0,1.0,0,0.0,0.0,3n-1m-16th-Ac-lu-mz,sequana_cpu_dev,3,11418870.0,1,16,A,lu-mz,4,4,250,128,128,16,1790.14,759.4,2549.54,255.73,108.49,364.22,121.41,7.0, sdumont6167,20396.32
0.0,480,10,265348.0,3056.0,2380.0,265348.0,0.0,0.0,0.0,0.0,1.0,0,0.0,0.0,3n-1m-16th-Bc-lu-mz,sequana_cpu_dev,3,11418877.0,1,16,B,lu-mz,4,4,250,304,208,17,2699.1,1001.54,3700.64,311.81,116.01,427.82,142.61,8.67, sdumont6168,37006.4
0.0,960,20,265348.0,1036.0,1036.0,265348.0,0.0,0.0,0.0,0.0,1.0,0,0.0,0.0,3n-1m-16th-Cc-lu-mz,sequana_cpu_dev,3,11418884.0,1,16,C,lu-mz,4,4,250,480,320,28,6432.51,2340.07,8772.58,338.55,123.16,461.71,153.9,19.0, sdumont6165,175451.6
0.0,486,9,265348.0,3120.0,1732.0,265348.0,0.0,0.0,0.0,0.0,1.0,0,0.0,0.0,3n-1m-18th-Ac-lu-mz,sequana_cpu_dev,3,11418888.0,1,18,A,lu-mz,4,4,250,128,128,16,2207.92,871.31,3079.24,275.99,108.91,384.9,128.3,8.0, sdumont6166,27713.159999999996
0.0,594,11,265348.0,3152.0,1742.666015625,265348.0,0.0,0.0,0.0,0.0,1.0,0,0.0,0.0,3n-1m-18th-Bc-lu-mz,sequana_cpu_dev,3,11418892.0,1,18,B,lu-mz,4,4,250,304,208,17,3031.87,1143.83,4175.7,336.87,127.09,463.97,154.66,9.0, sdumont6167,45932.7
0.0,1080,20,265348.0,3152.0,1740.0,265348.0,0.0,0.0,0.0,0.0,1.0,0,0.0,0.0,3n-1m-18th-Cc-lu-mz,sequana_cpu_dev,3,11418894.0,1,18,C,lu-mz,4,4,250,480,320,28,6750.0,2257.54,9007.54,355.26,118.82,474.08,158.03,19.0, sdumont6166,180150.80000000002
0.0,600,10,265348.0,3132.0,1732.0,265348.0,0.0,0.0,0.0,0.0,1.0,0,0.0,0.0,3n-1m-20th-Ac-lu-mz,sequana_cpu_dev,3,11418896.0,1,20,A,lu-mz,4,4,250,128,128,16,2550.12,998.84,3548.96,283.35,110.98,394.33,131.44,9.0, sdumont6165,35489.6
0.0,660,11,265348.0,3140.0,2408.0,265348.0,0.0,0.0,0.0,0.0,1.0,0,0.0,0.0,3n-1m-20th-Bc-lu-mz,sequana_cpu_dev,3,11418898.0,1,20,B,lu-mz,4,4,250,304,208,17,3397.1,1246.36,4643.47,339.71,124.64,464.35,154.78,10.0, sdumont6167,51078.170000000006
0.0,1320,22,265348.0,3092.0,1720.0,265348.0,0.0,0.0,0.0,0.0,1.0,0,0.0,0.0,3n-1m-20th-Cc-lu-mz,sequana_cpu_dev,3,11418900.0,1,20,C,lu-mz,4,4,250,480,320,28,7243.61,2493.78,9737.39,344.93,118.75,463.69,154.56,21.0, sdumont6166,214222.58
0.0,792,12,265348.0,3092.0,1721.3330078125,265348.0,0.0,0.0,0.0,0.0,1.0,0,0.0,0.0,3n-1m-22th-Ac-lu-mz,sequana_cpu_dev,3,11418902.0,1,22,A,lu-mz,4,4,250,128,128,16,3262.45,1240.85,4503.3,296.59,112.8,409.39,136.46,11.0, sdumont6167,54039.600000000006
0.0,858,13,265348.0,3056.0,1710.666015625,265348.0,0.0,0.0,0.0,0.0,3.0,0,0.0,0.0,3n-1m-22th-Bc-lu-mz,sequana_cpu_dev,3,11418904.0,1,22,B,lu-mz,4,4,250,304,208,17,3901.22,1403.13,5304.35,325.1,116.93,442.03,147.34,12.0, sdumont6165,68956.55
0.0,1584,24,265348.0,3140.0,1736.0,265348.0,0.0,0.0,0.0,0.0,1.0,0,0.0,0.0,3n-1m-22th-Cc-lu-mz,sequana_cpu_dev,3,11418906.0,1,22,C,lu-mz,4,4,250,480,320,28,7953.86,2736.83,10690.68,345.82,118.99,464.81,154.94,23.0, sdumont6167,256576.32
0.0,792,11,265348.0,3152.0,1741.3330078125,265348.0,0.0,0.0,0.0,0.0,1.0,0,0.0,0.0,3n-1m-24th-Ac-lu-mz,sequana_cpu_dev,3,11418908.0,1,24,A,lu-mz,4,4,250,128,128,16,3083.5,1147.91,4231.41,308.35,114.79,423.14,141.05,10.0, sdumont6165,46545.509999999995
0.0,1008,14,265348.0,3172.0,2448.0,265348.0,0.0,0.0,0.0,0.0,1.0,0,0.0,0.0,3n-1m-24th-Bc-lu-mz,sequana_cpu_dev,3,11418910.0,1,24,B,lu-mz,4,4,250,304,208,17,4333.55,1529.16,5862.71,361.13,127.43,488.56,162.85,12.0, sdumont6165,82077.94
0.0,1728,24,265348.0,3112.0,1726.666015625,265348.0,0.0,0.0,0.0,0.0,1.0,0,0.0,0.0,3n-1m-24th-Cc-lu-mz,sequana_cpu_dev,3,11418912.0,1,24,C,lu-mz,4,4,250,480,320,28,8338.91,2807.07,11145.98,362.56,122.05,484.61,161.54,23.0, sdumont6166,267503.52
0.0,1014,13,265348.0,3176.0,3161.3330078125,265348.0,0.0,0.0,0.0,0.0,1.0,0,0.0,0.0,3n-1m-26th-Ac-lu-mz,sequana_cpu_dev,3,11418914.0,1,26,A,lu-mz,4,4,250,128,128,16,3710.89,1862.72,5573.61,309.24,155.23,464.47,154.82,12.0, sdumont6166,72456.93
0.0,1170,15,265348.0,3180.0,3150.666015625,265348.0,0.0,0.0,0.0,0.0,1.0,0,0.0,0.0,3n-1m-26th-Bc-lu-mz,sequana_cpu_dev,3,11418916.0,1,26,B,lu-mz,4,4,250,304,208,17,4561.19,2231.06,6792.25,325.8,159.36,485.16,161.72,14.0, sdumont6167,101883.75
0.0,2184,28,265348.0,3172.0,3144.0,265348.0,0.0,0.0,0.0,0.0,1.0,0,0.0,0.0,3n-1m-26th-Cc-lu-mz,sequana_cpu_dev,3,11418918.0,1,26,C,lu-mz,4,4,250,480,320,28,9031.18,4387.28,13418.46,334.49,162.49,496.98,165.66,27.0, sdumont6166,375716.88
0.0,1176,14,265348.0,3176.0,3136.0,265348.0,0.0,0.0,0.0,0.0,1.0,0,0.0,0.0,3n-1m-28th-Ac-lu-mz,sequana_cpu_dev,3,11418921.0,1,28,A,lu-mz,4,4,250,128,128,16,4045.85,2387.67,6433.52,311.22,183.67,494.89,164.96,13.0, sdumont6166,90069.28
0.0,1428,17,265348.0,3172.0,3150.666015625,265348.0,0.0,0.0,0.0,0.0,1.0,0,0.0,0.0,3n-1m-28th-Bc-lu-mz,sequana_cpu_dev,3,11418923.0,1,28,B,lu-mz,4,4,250,304,208,17,5019.68,2930.51,7950.2,313.73,183.16,496.89,165.63,16.0, sdumont6166,135153.4
0.0,2520,30,265348.0,3216.0,3168.0,265348.0,0.0,0.0,0.0,0.0,1.0,0,0.0,0.0,3n-1m-28th-Cc-lu-mz,sequana_cpu_dev,3,11418925.0,1,28,C,lu-mz,4,4,250,480,320,28,9966.95,5659.22,15626.17,343.69,195.15,538.83,179.61,29.0, sdumont6166,468785.1
0.0,1350,15,265348.0,3172.0,3109.3330078125,265348.0,0.0,0.0,0.0,0.0,1.0,0,0.0,0.0,3n-1m-30th-Ac-lu-mz,sequana_cpu_dev,3,11418928.0,1,30,A,lu-mz,4,4,250,128,128,16,4363.98,2956.7,7320.67,311.71,211.19,522.91,174.3,14.0, sdumont6167,109810.05
0.0,1620,18,265348.0,3128.0,3101.3330078125,265348.0,0.0,0.0,0.0,0.0,0.0,0,0.0,0.0,3n-1m-30th-Bc-lu-mz,sequana_cpu_dev,3,11418930.0,1,30,B,lu-mz,4,4,250,304,208,17,5553.42,3648.46,9201.88,326.67,214.62,541.29,180.43,17.0, sdumont6166,165633.84
726.0,2970,33,1466490.666015625,370372.0,369232.0,1696544.0,1320.96,4218.88,1320.96,4218.88,1.0,0,50.0,64.0,3n-1m-30th-Cc-lu-mz,sequana_cpu_dev,3,11418932.0,1,30,C,lu-mz,4,4,250,480,320,28,10577.93,6888.37,17466.3,330.56,215.26,545.82,181.94,32.0, sdumont6167,576387.9
0.0,1824,19,265348.0,3228.0,3192.0,265348.0,0.0,0.0,0.0,0.0,1.0,0,0.0,0.0,3n-1m-32th-Bc-lu-mz,sequana_cpu_dev,3,11418936.0,1,32,B,lu-mz,4,4,250,304,208,17,5879.03,4382.56,10261.59,326.61,243.48,570.09,190.03,18.0, sdumont6165,194970.21
777.0,3456,36,1536176.0,371152.0,369652.0,1700656.0,1320.96,4218.88,1320.96,4218.88,1.0,0,87.0,150.0,3n-1m-32th-Cc-lu-mz,sequana_cpu_dev,3,11418938.0,1,32,C,lu-mz,4,4,250,480,320,28,11528.94,8524.89,20053.83,329.4,243.57,572.97,190.99,35.0, sdumont6167,721937.8800000001
0.0,2040,20,265348.0,3148.0,3096.0,265348.0,0.0,0.0,0.0,0.0,1.0,0,0.0,0.0,3n-1m-34th-Bc-lu-mz,sequana_cpu_dev,3,11418942.0,1,34,B,lu-mz,4,4,250,304,208,17,6051.02,5048.0,11099.02,318.47,265.68,584.16,194.72,19.0, sdumont6167,221980.40000000002
831.0,3978,39,1562114.666015625,370808.0,370066.666015625,1704768.0,1320.96,4218.88,1320.96,4218.88,0.0,0,59.0,64.0,3n-1m-34th-Cc-lu-mz,sequana_cpu_dev,3,11418944.0,1,34,C,lu-mz,4,4,250,480,320,28,12499.04,10352.21,22851.25,328.92,272.43,601.35,200.45,38.0, sdumont6165,891198.75
0.0,2376,22,265348.0,3164.0,3133.3330078125,265348.0,0.0,0.0,0.0,0.0,1.0,0,0.0,0.0,3n-1m-36th-Bc-lu-mz,sequana_cpu_dev,3,11418951.0,1,36,B,lu-mz,4,4,250,304,208,17,6725.04,5766.55,12491.59,320.24,274.6,594.84,198.28,21.0, sdumont6166,274814.98
855.0,4536,42,1566184.0,370756.0,369374.666015625,1708872.0,1320.96,4218.88,1320.96,4218.88,1.0,0,187.0,233.0,3n-1m-36th-Cc-lu-mz,sequana_cpu_dev,3,11418954.0,1,36,C,lu-mz,4,4,250,480,320,28,13291.8,11572.54,24864.34,324.19,282.26,606.45,202.15,41.0, sdumont6167,1044302.28
0.0,3306,29,265348.0,3216.0,3186.666015625,265348.0,0.0,0.0,0.0,0.0,1.0,0,0.0,0.0,3n-1m-38th-Bc-lu-mz,sequana_cpu_dev,3,11418962.0,1,38,B,lu-mz,4,4,250,304,208,17,9012.32,8048.37,17060.69,321.87,287.44,609.31,203.1,28.0, sdumont6167,494760.00999999995
942.0,6270,55,1528485.3330078125,372552.0,370441.3330078125,1712992.0,1310.72,4218.88,1320.96,4218.88,1.0,0,71.0,77.0,3n-1m-38th-Cc-lu-mz,sequana_cpu_dev,3,11418966.0,1,38,C,lu-mz,4,4,250,480,320,28,17752.13,16221.8,33973.92,328.74,300.4,629.15,209.72,54.0, sdumont6166,1868565.5999999999
0.0,3360,28,265348.0,3152.0,2444.0,265348.0,0.0,0.0,0.0,0.0,0.0,0,0.0,0.0,3n-1m-40th-Bc-lu-mz,sequana_cpu_dev,3,11418970.0,1,40,B,lu-mz,4,4,250,304,208,17,8446.02,7796.56,16242.58,312.82,288.76,601.58,200.53,27.0, sdumont6166,454792.24
978.0,6360,53,1596302.666015625,374808.0,371541.3330078125,1717092.0,1310.72,4218.88,1320.96,4218.88,1.0,0,61.0,80.0,3n-1m-40th-Cc-lu-mz,sequana_cpu_dev,3,11418973.0,1,40,C,lu-mz,4,4,250,480,320,28,16892.86,16074.69,32967.55,324.86,309.13,633.99,211.33,52.0, sdumont6166,1747280.1500000001
0.0,3276,26,265348.0,3148.0,3130.666015625,265348.0,0.0,0.0,0.0,0.0,1.0,0,0.0,0.0,3n-1m-42th-Bc-lu-mz,sequana_cpu_dev,3,11418980.0,1,42,B,lu-mz,4,4,250,304,208,17,7995.39,7590.64,15586.02,319.82,303.63,623.44,207.81,25.0, sdumont6167,405236.52
1026.0,6300,50,1578554.666015625,372000.0,370113.3330078125,1721204.0,1310.72,4218.88,1320.96,4218.88,1.0,0,74.0,85.0,3n-1m-42th-Cc-lu-mz,sequana_cpu_dev,3,11418982.0,1,42,C,lu-mz,4,4,250,480,320,28,15940.35,15441.85,31382.2,327.71,317.33,645.04,215.01,48.67, sdumont6167,1569110.0
0.0,3432,26,265348.0,3148.0,3116.0,265348.0,0.0,0.0,0.0,0.0,1.0,0,0.0,0.0,3n-1m-44th-Bc-lu-mz,sequana_cpu_dev,3,11418986.0,1,44,B,lu-mz,4,4,250,304,208,17,8037.26,7740.03,15777.29,330.58,318.25,648.83,216.28,24.33, sdumont6165,410209.54000000004
1073.0,6864,52,1604498.666015625,371988.0,370250.666015625,1725324.0,1310.72,4218.88,1320.96,4218.88,1.0,0,74.0,103.0,3n-1m-44th-Cc-lu-mz,sequana_cpu_dev,3,11418988.0,1,44,C,lu-mz,4,4,250,480,320,28,16569.37,16229.88,32799.25,327.18,320.37,647.55,215.85,50.67, sdumont6166,1705561.0
0.0,3864,28,265348.0,3140.0,3118.666015625,265348.0,0.0,0.0,0.0,0.0,1.0,0,0.0,0.0,3n-1m-46th-Bc-lu-mz,sequana_cpu_dev,3,11418995.0,1,46,B,lu-mz,4,4,250,304,208,17,8326.74,8176.8,16503.54,316.45,310.66,627.11,209.04,26.33, sdumont6167,462099.12
1123.0,7866,57,1630412.0,372416.0,370404.0,1729428.0,1310.72,4218.88,1320.96,4218.88,1.0,0,152.0,198.0,3n-1m-46th-Cc-lu-mz,sequana_cpu_dev,3,11418997.0,1,46,C,lu-mz,4,4,250,480,320,28,18186.42,18071.91,36258.33,328.75,326.6,655.35,218.45,55.33, sdumont6166,2066724.81
0.0,4320,30,265348.0,3180.0,3165.3330078125,265348.0,0.0,0.0,0.0,0.0,1.0,0,0.0,0.0,3n-1m-48th-Bc-lu-mz,sequana_cpu_dev,3,11419001.0,1,48,B,lu-mz,4,4,250,304,208,17,8994.87,9256.24,18251.12,317.69,326.82,644.51,214.84,28.33, sdumont6167,547533.6
1173.0,8640,60,1584168.0,372224.0,370250.666015625,1714880.0,1310.72,4218.88,1320.96,4218.88,1.0,0,87.0,92.0,3n-1m-48th-Cc-lu-mz,sequana_cpu_dev,3,11419003.0,1,48,C,lu-mz,4,4,250,480,320,28,19220.93,19893.81,39114.74,329.57,341.03,670.6,223.53,58.33, sdumont6167,2346884.4
2.0,48,4,708368.666015625,143852.0,73402.666015625,1292852.0,512.0,2109.44,1024.0,4218.88,1.0,0,0.0,0.0,3n-2m-2th-Ac-lu-mz,sequana_cpu_dev,3,11419005.0,2,2,A,lu-mz,4,4,250,128,128,16,383.21,397.85,781.06,127.74,132.62,260.35,86.78,3.0, sdumont6167,3124.24
8.0,132,11,639072.666015625,143892.0,66217.3330078125,1358640.0,532.48,2109.44,1105.92,4218.88,1.0,0,0.0,2.0,3n-2m-2th-Bc-lu-mz,sequana_cpu_dev,3,11419007.0,2,2,B,lu-mz,4,4,250,304,208,17,1485.56,1539.62,3025.18,165.06,171.07,336.13,112.04,9.0, sdumont6165,33276.979999999996
65.0,444,37,1022405.3330078124,262960.0,260324.666015625,1420708.0,1126.4,4218.88,1280.0,4218.88,1.0,0,0.0,0.0,3n-2m-2th-Cc-lu-mz,sequana_cpu_dev,3,11419010.0,2,2,C,lu-mz,4,4,250,480,320,28,6679.3,6898.85,13578.15,185.54,191.63,377.17,125.72,36.0, sdumont6167,502391.55
2.0,72,3,480791.3330078125,100080.0,35725.3330078125,885612.0,491.52,2109.44,1024.0,4218.88,1.0,0,1.0,5.0,3n-2m-4th-Ac-lu-mz,sequana_cpu_dev,3,11419012.0,2,4,A,lu-mz,4,4,250,128,128,16,397.73,405.83,803.56,198.87,202.92,401.78,133.93,2.0, sdumont6165,2410.68
10.0,168,7,658956.0,144072.0,73173.3330078125,1297216.0,512.0,2109.44,1075.2,4218.88,1.0,0,5.0,30.0,3n-2m-4th-Bc-lu-mz,sequana_cpu_dev,3,11419016.0,2,4,B,lu-mz,4,4,250,304,208,17,1073.27,1106.56,2179.83,178.88,184.43,363.3,121.1,6.0, sdumont6166,15258.81
39.0,528,22,528755.3330078125,143576.0,72360.666015625,1085404.0,532.48,2109.44,1259.52,4218.88,1.0,0,2.0,11.0,3n-2m-4th-Cc-lu-mz,sequana_cpu_dev,3,11419019.0,2,4,C,lu-mz,4,4,250,480,320,28,4482.16,4581.56,9063.72,213.44,218.17,431.61,143.87,21.0, sdumont6167,199401.84
4.0,108,3,523196.0,143852.0,65414.666015625,1088944.0,491.52,2109.44,1013.76,4218.88,1.0,0,8.0,37.0,3n-2m-6th-Ac-lu-mz,sequana_cpu_dev,3,11419021.0,2,6,A,lu-mz,4,4,250,128,128,16,442.74,445.04,887.77,221.37,222.52,443.89,147.96,2.0, sdumont6165,2663.31
11.0,216,6,596419.3330078125,145436.0,66138.666015625,1088800.0,522.24,2109.44,1075.2,4218.88,1.0,0,33.0,191.0,3n-2m-6th-Bc-lu-mz,sequana_cpu_dev,3,11419023.0,2,6,B,lu-mz,4,4,250,304,208,17,1142.03,1142.43,2284.46,228.41,228.49,456.89,152.3,5.0, sdumont6167,13706.76
28.0,612,17,369796.666015625,99928.0,27013.3330078125,606900.0,532.48,2109.44,1259.52,4229.12,1081.0,0,31.0,188.0,3n-2m-6th-Cc-lu-mz,sequana_cpu_dev,3,11419026.0,2,6,C,lu-mz,4,4,250,480,320,28,3815.9,3859.8,7675.69,238.49,241.24,479.73,159.91,16.0, sdumont6167,130486.73
6.0,192,4,725492.0,145868.0,73772.0,1305208.0,512.0,2109.44,1024.0,4218.88,1.0,0,6.0,17.0,3n-2m-8th-Ac-lu-mz,sequana_cpu_dev,3,11419044.0,2,8,A,lu-mz,4,4,250,128,128,16,482.65,488.93,971.58,160.88,162.98,323.86,107.95,3.0, sdumont6165,3886.32
13.0,192,4,445060.0,140312.0,58326.0,653000.0,491.52,2109.44,972.8,4218.88,1.0,0,3.0,6.0,3n-2m-8th-Bc-lu-mz,sequana_cpu_dev,3,11419046.0,2,8,B,lu-mz,4,4,250,304,208,17,804.54,807.22,1611.76,201.13,201.81,402.94,134.31,4.0, sdumont6167,6447.04
45.0,672,14,547526.666015625,144020.0,65617.3330078125,1159172.0,522.24,2109.44,1167.36,4218.88,0.0,0,2.0,6.0,3n-2m-8th-Cc-lu-mz,sequana_cpu_dev,3,11419048.0,2,8,C,lu-mz,4,4,250,480,320,28,3313.65,3328.21,6641.86,276.14,277.35,553.49,184.5,12.0, sdumont6166,92986.04
9.0,240,4,472218.666015625,142464.0,72316.0,723056.0,491.52,2109.44,972.8,4218.88,3.0,0,6.0,15.0,3n-2m-10th-Ac-lu-mz,sequana_cpu_dev,3,11419050.0,2,10,A,lu-mz,4,4,250,128,128,16,519.79,524.91,1044.69,173.26,174.97,348.23,116.08,3.0, sdumont6165,4178.76
15.0,300,5,564217.3330078125,143708.0,59362.666015625,1228108.0,501.76,2109.44,1034.24,4218.88,1.0,0,6.0,19.0,3n-2m-10th-Bc-lu-mz,sequana_cpu_dev,3,11419053.0,2,10,B,lu-mz,4,4,250,304,208,17,888.09,890.99,1779.08,222.02,222.75,444.77,148.26,4.0, sdumont6166,8895.4
49.0,720,12,553383.3330078125,144012.0,58886.0,1163300.0,522.24,2109.44,1146.88,4218.88,1.0,0,4.0,10.0,3n-2m-10th-Cc-lu-mz,sequana_cpu_dev,3,11419057.0,2,10,C,lu-mz,4,4,250,480,320,28,3324.9,3340.61,6665.51,302.26,303.69,605.96,201.99,11.0, sdumont6167,79986.12
13.0,288,4,838815.3330078125,145784.0,73828.666015625,1691168.0,522.24,2109.44,1044.48,4218.88,1.0,0,17.0,49.0,3n-2m-12th-Ac-lu-mz,sequana_cpu_dev,3,11419061.0,2,12,A,lu-mz,4,4,250,128,128,16,810.36,851.51,1661.86,270.12,283.84,553.95,184.65,3.0, sdumont6167,6647.44
20.0,576,8,718644.0,144120.0,73414.0,1313688.0,542.72,2109.44,1095.68,4218.88,1.0,0,74.0,380.0,3n-2m-12th-Bc-lu-mz,sequana_cpu_dev,3,11419064.0,2,12,B,lu-mz,4,4,250,304,208,17,1456.83,1545.02,3001.85,208.12,220.72,428.84,142.95,7.0, sdumont6168,24014.8
56.0,1008,14,729988.0,144432.0,73248.666015625,1314580.0,593.92,2109.44,1187.84,4218.88,1.0,0,73.0,359.0,3n-2m-12th-Cc-lu-mz,sequana_cpu_dev,3,11419067.0,2,12,C,lu-mz,4,4,250,480,320,28,3518.69,3795.27,7313.97,270.67,291.94,562.61,187.54,13.0, sdumont6165,102395.58
11.0,420,5,539924.0,146080.0,43307.3330078125,1170948.0,512.0,2109.44,1054.72,4218.88,5.0,0,8.0,36.0,3n-2m-14th-Ac-lu-mz,sequana_cpu_dev,3,11419070.0,2,14,A,lu-mz,4,4,250,128,128,16,820.95,860.73,1681.68,273.65,286.91,560.56,186.85,3.0, sdumont6168,8408.4
23.0,504,6,650973.3330078125,144708.0,66037.3330078125,1317804.0,512.0,2109.44,1054.72,4218.88,257.0,0,19.0,72.0,3n-2m-14th-Bc-lu-mz,sequana_cpu_dev,3,11419074.0,2,14,B,lu-mz,4,4,250,304,208,17,1230.61,1299.88,2530.49,246.12,259.98,506.1,168.7,5.0, sdumont6166,15182.939999999999
61.0,1512,18,651402.666015625,144600.0,66207.3330078125,1318692.0,542.72,2109.44,1157.12,4218.88,271.0,0,49.0,249.0,3n-2m-14th-Cc-lu-mz,sequana_cpu_dev,3,11419077.0,2,14,C,lu-mz,4,4,250,480,320,28,3354.94,3391.87,6746.81,304.99,308.35,613.35,204.45,11.0, sdumont6168,121442.58
21.0,576,6,623378.0,144096.0,65488.0,1387216.0,501.76,2109.44,1044.48,4218.88,2.0,0,16.0,50.0,3n-2m-16th-Ac-lu-mz,sequana_cpu_dev,3,11419080.0,2,16,A,lu-mz,4,4,250,128,128,16,874.32,919.23,1793.55,218.58,229.81,448.39,149.46,4.0, sdumont6168,10761.3
31.0,576,6,827786.666015625,144200.0,65986.666015625,1542760.0,512.0,2109.44,1064.96,4218.88,1.0,0,15.0,34.0,3n-2m-16th-Bc-lu-mz,sequana_cpu_dev,3,11419083.0,2,16,B,lu-mz,4,4,250,304,208,17,1277.2,1344.36,2621.56,255.44,268.87,524.31,174.77,5.0, sdumont6169,15729.36
68.0,1056,11,639845.3330078125,144016.0,66096.666015625,1175656.0,542.72,2109.44,1136.64,4218.88,1.0,0,14.0,51.0,3n-2m-16th-Cc-lu-mz,sequana_cpu_dev,3,11419087.0,2,16,C,lu-mz,4,4,250,480,320,28,3224.08,3423.12,6647.2,322.41,342.31,664.72,221.57,10.0, sdumont6167,73119.2
32.0,648,6,620015.3330078125,146108.0,66962.666015625,1179244.0,512.0,2109.44,1054.72,4218.88,1.0,0,16.0,44.0,3n-2m-18th-Ac-lu-mz,sequana_cpu_dev,3,11419090.0,2,18,A,lu-mz,4,4,250,128,128,16,1171.2,1190.97,2362.16,234.24,238.19,472.43,157.48,5.0, sdumont6166,14172.96
38.0,756,7,586470.666015625,143916.0,72500.0,1244584.0,501.76,2109.44,1075.2,4218.88,1.0,0,18.0,42.0,3n-2m-18th-Bc-lu-mz,sequana_cpu_dev,3,11419094.0,2,18,B,lu-mz,4,4,250,304,208,17,1604.59,1623.66,3228.25,267.43,270.61,538.04,179.35,6.0, sdumont6167,22597.75
82.0,1296,12,582320.666015625,144692.0,65890.666015625,1326932.0,522.24,2109.44,1146.88,4218.88,1.0,0,16.0,36.0,3n-2m-18th-Cc-lu-mz,sequana_cpu_dev,3,11419098.0,2,18,C,lu-mz,4,4,250,480,320,28,3393.03,3423.33,6816.36,308.46,311.21,619.67,206.56,11.0, sdumont6167,81796.31999999999
34.0,720,6,581449.3330078125,143972.0,65677.3330078125,1248888.0,501.76,2109.44,1054.72,4218.88,1.0,0,21.0,49.0,3n-2m-20th-Ac-lu-mz,sequana_cpu_dev,3,11419103.0,2,20,A,lu-mz,4,4,250,128,128,16,1220.54,1278.6,2499.14,244.11,255.72,499.83,166.61,5.0, sdumont6166,14994.84
46.0,840,7,711953.3330078125,144364.0,66242.666015625,1461232.0,522.24,2109.44,1075.2,4218.88,1.0,0,18.0,48.0,3n-2m-20th-Bc-lu-mz,sequana_cpu_dev,3,11419106.0,2,20,B,lu-mz,4,4,250,304,208,17,1632.56,1704.41,3336.98,272.09,284.07,556.16,185.39,6.0, sdumont6166,23358.86
91.0,1440,12,577344.0,144752.0,59148.666015625,1331052.0,522.24,2109.44,1167.36,4218.88,1.0,0,19.0,44.0,3n-2m-20th-Cc-lu-mz,sequana_cpu_dev,3,11419108.0,2,20,C,lu-mz,4,4,250,480,320,28,3574.39,3761.14,7335.53,324.94,341.92,666.87,222.29,11.0, sdumont6166,88026.36
51.0,924,7,664033.3330078125,144096.0,73456.0,1253020.0,522.24,2109.44,1075.2,4218.88,1.0,0,21.0,52.0,3n-2m-22th-Ac-lu-mz,sequana_cpu_dev,3,11419110.0,2,22,A,lu-mz,4,4,250,128,128,16,1547.16,1546.75,3093.91,293.48,292.06,585.54,195.18,5.33, sdumont6167,21657.37
34.0,1056,8,523350.0,143764.0,42840.666015625,1187116.0,522.24,2109.44,1085.44,4218.88,1.0,0,13.0,47.0,3n-2m-22th-Bc-lu-mz,sequana_cpu_dev,3,11419112.0,2,22,B,lu-mz,4,4,250,304,208,17,1644.53,1660.95,3305.47,311.77,313.92,625.7,208.57,5.33, sdumont6165,26443.76
105.0,1716,13,751176.666015625,146936.0,74114.666015625,1334992.0,583.68,2109.44,1177.6,4218.88,1.0,0,19.0,54.0,3n-2m-22th-Cc-lu-mz,sequana_cpu_dev,3,11419114.0,2,22,C,lu-mz,4,4,250,480,320,28,3943.61,3955.09,7898.7,339.41,339.82,679.23,226.41,11.67, sdumont6166,102683.09999999999
38.0,1440,10,651746.0,146308.0,50475.3330078125,1403684.0,573.44,2109.44,1187.84,4229.12,1.0,0,19.0,70.0,3n-2m-24th-Ac-lu-mz,sequana_cpu_dev,3,11419116.0,2,24,A,lu-mz,4,4,250,128,128,16,2147.32,2220.37,4367.69,259.2,267.32,526.52,175.51,8.33, sdumont6165,43676.899999999994
69.0,1296,9,497790.0,103640.0,51810.666015625,773104.0,491.52,2109.44,983.04,4218.88,1.0,0,29.0,74.0,3n-2m-24th-Bc-lu-mz,sequana_cpu_dev,3,11419118.0,2,24,B,lu-mz,4,4,250,304,208,17,2036.01,2082.01,4118.03,313.2,318.49,631.69,210.56,6.67, sdumont6165,37062.27
134.0,2160,15,472682.0,141180.0,58606.0,709484.0,491.52,2109.44,983.04,4218.88,1.0,0,28.0,67.0,3n-2m-24th-Cc-lu-mz,sequana_cpu_dev,3,11419120.0,2,24,C,lu-mz,4,4,250,480,320,28,4712.89,4768.55,9481.44,354.28,357.96,712.24,237.41,13.33, sdumont6166,142221.6
0.0,56,7,265348.0,3244.0,3161.0,265348.0,0.0,0.0,0.0,0.0,1.0,0,0.0,0.0,4n-1m-2th-Ac-lu-mz,sequana_cpu_dev,4,11419122.0,1,2,A,lu-mz,4,4,250,128,128,16,1022.8,843.2,1866.0,170.47,140.53,311.0,77.75,6.0, sdumont6166,13062.0
0.0,112,14,265348.0,3168.0,3154.0,265348.0,0.0,0.0,0.0,0.0,1.0,0,0.0,0.0,4n-1m-2th-Bc-lu-mz,sequana_cpu_dev,4,11419124.0,1,2,B,lu-mz,4,4,250,304,208,17,2984.51,1998.01,4982.52,248.71,166.5,415.21,103.8,12.0, sdumont6166,69755.28
58.0,432,54,1289349.0,312752.0,310188.0,1439728.0,1239.04,4208.64,1239.04,4208.64,1.0,0,10.0,43.0,4n-1m-2th-Cc-lu-mz,sequana_cpu_dev,4,11419126.0,1,2,C,lu-mz,4,4,250,480,320,28,13237.39,8605.03,21842.42,249.76,162.36,412.12,103.03,53.0, sdumont6167,1179490.68
0.0,48,3,265348.0,3144.0,3119.0,265348.0,0.0,0.0,0.0,0.0,0.0,0,0.0,0.0,4n-1m-4th-Ac-lu-mz,sequana_cpu_dev,4,11419128.0,1,4,A,lu-mz,4,4,250,128,128,16,270.79,183.35,454.13,135.39,91.67,227.07,56.77,2.0, sdumont6165,1362.3899999999999
0.0,128,8,265348.0,3136.0,3078.0,265348.0,0.0,0.0,0.0,0.0,1.0,0,0.0,0.0,4n-1m-4th-Bc-lu-mz,sequana_cpu_dev,4,11419130.0,1,4,B,lu-mz,4,4,250,304,208,17,1734.3,1001.47,2735.77,247.76,143.07,390.82,97.71,7.0, sdumont6167,21886.16
0.0,480,30,265348.0,3172.0,3136.0,265348.0,0.0,0.0,0.0,0.0,1.0,0,0.0,0.0,4n-1m-4th-Cc-lu-mz,sequana_cpu_dev,4,11419134.0,1,4,C,lu-mz,4,4,250,480,320,28,8854.51,4651.91,13506.42,305.33,160.41,465.74,116.43,29.0, sdumont6165,405192.6
0.0,72,3,265348.0,3240.0,2639.0,265348.0,0.0,0.0,0.0,0.0,1.0,0,0.0,0.0,4n-1m-6th-Ac-lu-mz,sequana_cpu_dev,4,11419137.0,1,6,A,lu-mz,4,4,250,128,128,16,309.16,184.46,493.61,154.58,92.23,246.81,61.7,2.0, sdumont6166,1480.83
0.0,168,7,265348.0,3240.0,3157.0,265348.0,0.0,0.0,0.0,0.0,1.0,0,0.0,0.0,4n-1m-6th-Bc-lu-mz,sequana_cpu_dev,4,11419141.0,1,6,B,lu-mz,4,4,250,304,208,17,1554.64,794.38,2349.02,271.5,139.17,410.67,102.67,5.75, sdumont6167,16443.14
0.0,504,21,265348.0,3120.0,2076.0,265348.0,0.0,0.0,0.0,0.0,1.0,0,0.0,0.0,4n-1m-6th-Cc-lu-mz,sequana_cpu_dev,4,11419145.0,1,6,C,lu-mz,4,4,250,480,320,28,7188.4,3234.37,10422.77,359.42,161.72,521.14,130.28,20.0, sdumont6166,218878.17
0.0,96,3,265348.0,3108.0,1554.0,265348.0,0.0,0.0,0.0,0.0,0.0,0,0.0,0.0,4n-1m-8th-Ac-lu-mz,sequana_cpu_dev,4,11419150.0,1,8,A,lu-mz,4,4,250,128,128,16,337.94,183.36,521.3,168.97,91.68,260.65,65.16,2.0, sdumont6167,1563.8999999999999
0.0,256,8,265348.0,3144.0,2066.0,265348.0,0.0,0.0,0.0,0.0,1.0,0,0.0,0.0,4n-1m-8th-Bc-lu-mz,sequana_cpu_dev,4,11419153.0,1,8,B,lu-mz,4,4,250,304,208,17,1625.3,909.04,2534.34,232.19,129.86,362.05,90.51,7.0, sdumont6165,20274.72
0.0,544,17,265348.0,3040.0,1537.0,265348.0,0.0,0.0,0.0,0.0,1.0,0,0.0,0.0,4n-1m-8th-Cc-lu-mz,sequana_cpu_dev,4,11419156.0,1,8,C,lu-mz,4,4,250,480,320,28,6065.53,2439.48,8505.0,379.1,152.47,531.56,132.89,16.0, sdumont6167,144585.0
0.0,80,2,265348.0,3048.0,1539.0,265348.0,0.0,0.0,0.0,0.0,1.0,0,0.0,0.0,4n-1m-10th-Ac-lu-mz,sequana_cpu_dev,4,11419158.0,1,10,A,lu-mz,4,4,250,128,128,16,374.3,183.22,557.52,374.3,183.22,557.52,139.38,1.0, sdumont6165,1115.04
0.0,200,5,265348.0,3164.0,2072.0,265348.0,0.0,0.0,0.0,0.0,1.0,0,0.0,0.0,4n-1m-10th-Bc-lu-mz,sequana_cpu_dev,4,11419160.0,1,10,B,lu-mz,4,4,250,304,208,17,1433.39,599.46,2032.85,358.35,149.87,508.21,127.05,4.0, sdumont6168,10164.25
0.0,560,14,265348.0,3176.0,2601.0,265348.0,0.0,0.0,0.0,0.0,1.0,0,0.0,0.0,4n-1m-10th-Cc-lu-mz,sequana_cpu_dev,4,11419162.0,1,10,C,lu-mz,4,4,250,480,320,28,5560.73,2038.82,7599.55,427.75,156.83,584.58,146.15,13.0, sdumont6165,106393.7
0.0,144,3,265348.0,3056.0,1541.0,265348.0,0.0,0.0,0.0,0.0,1.0,0,0.0,0.0,4n-1m-12th-Ac-lu-mz,sequana_cpu_dev,4,11419167.0,1,12,A,lu-mz,4,4,250,128,128,16,375.07,185.02,560.09,232.31,116.27,348.57,87.14,1.75, sdumont6167,1680.27
0.0,288,6,265348.0,3092.0,1550.0,265348.0,0.0,0.0,0.0,0.0,1.0,0,0.0,0.0,4n-1m-12th-Bc-lu-mz,sequana_cpu_dev,4,11419180.0,1,12,B,lu-mz,4,4,250,304,208,17,1499.64,604.81,2104.45,499.88,201.6,701.48,175.37,3.0, sdumont6167,12626.699999999999
0.0,624,13,265348.0,3056.0,1540.0,265348.0,0.0,0.0,0.0,0.0,1.0,0,0.0,0.0,4n-1m-12th-Cc-lu-mz,sequana_cpu_dev,4,11419182.0,1,12,C,lu-mz,4,4,250,480,320,28,5528.24,1963.54,7491.77,460.69,163.63,624.31,156.08,12.0, sdumont6165,97393.01000000001
0.0,168,3,265348.0,3116.0,1555.0,265348.0,0.0,0.0,0.0,0.0,1.0,0,0.0,0.0,4n-1m-14th-Ac-lu-mz,sequana_cpu_dev,4,11419183.0,1,14,A,lu-mz,4,4,250,128,128,16,402.53,185.3,587.83,402.53,185.3,587.83,146.96,1.0, sdumont6167,1763.4900000000002
0.0,224,4,265348.0,3140.0,1562.0,265348.0,0.0,0.0,0.0,0.0,1.0,0,0.0,0.0,4n-1m-14th-Bc-lu-mz,sequana_cpu_dev,4,11419186.0,1,14,B,lu-mz,4,4,250,304,208,17,971.41,389.95,1361.36,242.85,97.49,340.34,85.08,4.0, sdumont6168,5445.44
0.0,672,12,265348.0,3144.0,1562.0,265348.0,0.0,0.0,0.0,0.0,1.0,0,0.0,0.0,4n-1m-14th-Cc-lu-mz,sequana_cpu_dev,4,11419188.0,1,14,C,lu-mz,4,4,250,480,320,28,4772.89,1616.85,6389.74,433.9,146.99,580.89,145.22,11.0, sdumont6167,76676.88
0.0,128,2,265348.0,3092.0,1550.0,265348.0,0.0,0.0,0.0,0.0,1.0,0,0.0,0.0,4n-1m-16th-Ac-lu-mz,sequana_cpu_dev,4,11419189.0,1,16,A,lu-mz,4,4,250,128,128,16,403.13,178.36,581.49,403.13,178.36,581.49,145.37,1.0, sdumont6166,1162.98
0.0,320,5,265348.0,3172.0,1571.0,265348.0,0.0,0.0,0.0,0.0,1.0,0,0.0,0.0,4n-1m-16th-Bc-lu-mz,sequana_cpu_dev,4,11419201.0,1,16,B,lu-mz,4,4,250,304,208,17,1016.13,391.39,1407.52,254.03,97.85,351.88,87.97,4.0, sdumont6168,7037.6
0.0,704,11,265348.0,3172.0,1570.0,265348.0,0.0,0.0,0.0,0.0,1.0,0,0.0,0.0,4n-1m-16th-Cc-lu-mz,sequana_cpu_dev,4,11419203.0,1,16,C,lu-mz,4,4,250,480,320,28,4834.23,1618.65,6452.88,483.42,161.86,645.29,161.32,10.0, sdumont6168,70981.68000000001
0.0,144,2,265348.0,1040.0,1036.0,265348.0,0.0,0.0,0.0,0.0,1.0,0,0.0,0.0,4n-1m-18th-Ac-lu-mz,sequana_cpu_dev,4,11419204.0,1,18,A,lu-mz,4,4,250,128,128,16,412.05,179.77,591.82,412.05,179.77,591.82,147.96,1.0, sdumont6167,1183.64
0.0,288,4,265348.0,1036.0,1035.0,265348.0,0.0,0.0,0.0,0.0,1.0,0,0.0,0.0,4n-1m-18th-Bc-lu-mz,sequana_cpu_dev,4,11419205.0,1,18,B,lu-mz,4,4,250,304,208,17,1043.64,392.52,1436.16,347.88,130.84,478.72,119.68,3.0, sdumont6166,5744.64
0.0,864,12,265348.0,1040.0,1037.0,265348.0,0.0,0.0,0.0,0.0,1.0,0,0.0,0.0,4n-1m-18th-Cc-lu-mz,sequana_cpu_dev,4,11419206.0,1,18,C,lu-mz,4,4,250,480,320,28,4898.12,1613.38,6511.5,445.28,146.67,591.95,147.99,11.0, sdumont6168,78138.0
0.0,320,4,265348.0,3204.0,2631.0,265348.0,0.0,0.0,0.0,0.0,1.0,0,0.0,0.0,4n-1m-20th-Bc-lu-mz,sequana_cpu_dev,4,11419213.0,1,20,B,lu-mz,4,4,250,304,208,17,1064.24,392.65,1456.89,354.75,130.88,485.63,121.41,3.0, sdumont6166,5827.56
0.0,880,11,265348.0,1040.0,1038.0,265348.0,0.0,0.0,0.0,0.0,1.0,0,0.0,0.0,4n-1m-20th-Cc-lu-mz,sequana_cpu_dev,4,11419215.0,1,20,C,lu-mz,4,4,250,480,320,28,4377.06,1409.66,5786.72,437.71,140.97,578.67,144.67,10.0, sdumont6165,63653.920000000006
0.0,264,3,265348.0,1040.0,1036.0,265348.0,0.0,0.0,0.0,0.0,1.0,0,0.0,0.0,4n-1m-22th-Ac-lu-mz,sequana_cpu_dev,4,11419217.0,1,22,A,lu-mz,4,4,250,128,128,16,417.73,187.19,604.92,208.87,93.59,302.46,75.62,2.0, sdumont6166,1814.7599999999998
0.0,440,5,265348.0,1040.0,1035.0,265348.0,0.0,0.0,0.0,0.0,1.0,0,0.0,0.0,4n-1m-22th-Bc-lu-mz,sequana_cpu_dev,4,11419219.0,1,22,B,lu-mz,4,4,250,304,208,17,1065.3,393.77,1459.07,355.1,131.26,486.36,121.59,3.0, sdumont6166,7295.349999999999
0.0,968,11,265348.0,3140.0,1561.0,265348.0,0.0,0.0,0.0,0.0,0.0,0,0.0,0.0,4n-1m-22th-Cc-lu-mz,sequana_cpu_dev,4,11419221.0,1,22,C,lu-mz,4,4,250,480,320,28,4444.16,1427.27,5871.43,444.42,142.73,587.14,146.79,10.0, sdumont6168,64585.73
0.0,288,3,265348.0,1036.0,1036.0,265348.0,0.0,0.0,0.0,0.0,1.0,0,0.0,0.0,4n-1m-24th-Ac-lu-mz,sequana_cpu_dev,4,11419223.0,1,24,A,lu-mz,4,4,250,128,128,16,373.74,187.93,561.66,186.87,93.96,280.83,70.21,2.0, sdumont6168,1684.98
0.0,480,5,265348.0,3144.0,1564.0,265348.0,0.0,0.0,0.0,0.0,1.0,0,0.0,0.0,4n-1m-24th-Bc-lu-mz,sequana_cpu_dev,4,11419225.0,1,24,B,lu-mz,4,4,250,304,208,17,1103.4,398.46,1501.86,275.85,99.62,375.46,93.87,4.0, sdumont6166,7509.299999999999
0.0,1248,13,267444.0,3032.0,1541.0,267444.0,0.0,0.0,0.0,0.0,1.0,0,0.0,0.0,4n-1m-24th-Cc-lu-mz,sequana_cpu_dev,4,11419227.0,1,24,C,lu-mz,4,4,250,480,320,28,5020.26,1681.62,6701.88,456.39,152.87,609.26,152.32,11.0, sdumont6049,87124.44
0.0,312,3,267444.0,3220.0,2661.0,267444.0,0.0,0.0,0.0,0.0,1.0,0,0.0,0.0,4n-1m-26th-Ac-lu-mz,sequana_cpu_dev,4,11419229.0,1,26,A,lu-mz,4,4,250,128,128,16,436.29,237.94,674.22,436.29,237.94,674.22,168.56,1.0, sdumont6049,2022.66
0.0,520,5,267444.0,3296.0,3204.0,267444.0,0.0,0.0,0.0,0.0,1.0,0,0.0,0.0,4n-1m-26th-Bc-lu-mz,sequana_cpu_dev,4,11419231.0,1,26,B,lu-mz,4,4,250,304,208,17,1096.37,517.39,1613.76,365.46,172.46,537.92,134.48,3.0, sdumont6046,8068.8
0.0,1144,11,267444.0,3160.0,3135.0,267444.0,0.0,0.0,0.0,0.0,1.0,0,0.0,0.0,4n-1m-26th-Cc-lu-mz,sequana_cpu_dev,4,11419233.0,1,26,C,lu-mz,4,4,250,480,320,28,4561.44,2075.88,6637.32,570.18,259.49,829.67,207.42,8.0, sdumont6048,73010.51999999999
0.0,336,3,267444.0,3208.0,3135.0,267444.0,0.0,0.0,0.0,0.0,1.0,0,0.0,0.0,4n-1m-28th-Ac-lu-mz,sequana_cpu_dev,4,11419235.0,1,28,A,lu-mz,4,4,250,128,128,16,415.6,264.64,680.24,415.6,264.64,680.24,170.06,1.0, sdumont6046,2040.72
0.0,560,5,267444.0,3188.0,2115.0,267444.0,0.0,0.0,0.0,0.0,1.0,0,0.0,0.0,4n-1m-28th-Bc-lu-mz,sequana_cpu_dev,4,11419237.0,1,28,B,lu-mz,4,4,250,304,208,17,1102.27,607.7,1709.97,367.42,202.57,569.99,142.5,3.0, sdumont6049,8549.85
0.0,1120,10,267444.0,3232.0,3202.0,267444.0,0.0,0.0,0.0,0.0,1.0,0,0.0,0.0,4n-1m-28th-Cc-lu-mz,sequana_cpu_dev,4,11419239.0,1,28,C,lu-mz,4,4,250,480,320,28,4237.75,2248.26,6486.01,529.72,281.03,810.75,202.69,8.0, sdumont6046,64860.100000000006
0.0,360,3,267444.0,3136.0,3094.0,267444.0,0.0,0.0,0.0,0.0,1.0,0,0.0,0.0,4n-1m-30th-Ac-lu-mz,sequana_cpu_dev,4,11419241.0,1,30,A,lu-mz,4,4,250,128,128,16,422.8,304.54,727.34,422.8,304.54,727.34,181.83,1.0, sdumont6048,2182.02
0.0,600,5,267444.0,3204.0,3162.0,267444.0,0.0,0.0,0.0,0.0,1.0,0,0.0,0.0,4n-1m-30th-Bc-lu-mz,sequana_cpu_dev,4,11419243.0,1,30,B,lu-mz,4,4,250,304,208,17,1090.83,692.32,1783.16,363.61,230.77,594.39,148.6,3.0, sdumont6047,8915.800000000001
0.0,1440,12,267444.0,3176.0,3133.0,267444.0,0.0,0.0,0.0,0.0,1.0,0,0.0,0.0,4n-1m-30th-Cc-lu-mz,sequana_cpu_dev,4,11419245.0,1,30,C,lu-mz,4,4,250,480,320,28,4427.73,2798.16,7225.89,442.77,279.82,722.59,180.65,10.0, sdumont6049,86710.68000000001
0.0,384,3,267444.0,3208.0,3178.0,267444.0,0.0,0.0,0.0,0.0,1.0,0,0.0,0.0,4n-1m-32th-Ac-lu-mz,sequana_cpu_dev,4,11419247.0,1,32,A,lu-mz,4,4,250,128,128,16,405.87,324.07,729.94,405.87,324.07,729.94,182.48,1.0, sdumont6047,2189.82
0.0,640,5,267444.0,3208.0,2105.0,267444.0,0.0,0.0,0.0,0.0,1.0,0,0.0,0.0,4n-1m-32th-Bc-lu-mz,sequana_cpu_dev,4,11419249.0,1,32,B,lu-mz,4,4,250,304,208,17,1085.48,785.13,1870.61,361.83,261.71,623.54,155.88,3.0, sdumont6047,9353.05
0.0,1280,10,267444.0,3212.0,3171.0,267444.0,0.0,0.0,0.0,0.0,1.0,0,0.0,0.0,4n-1m-32th-Cc-lu-mz,sequana_cpu_dev,4,11419251.0,1,32,C,lu-mz,4,4,250,480,320,28,3881.3,2761.18,6642.48,485.16,345.15,830.31,207.58,8.0, sdumont6049,66424.79999999999
0.0,408,3,265348.0,3172.0,2624.0,265348.0,0.0,0.0,0.0,0.0,1.0,0,0.0,0.0,4n-1m-34th-Ac-lu-mz,sequana_cpu_dev,4,11419254.0,1,34,A,lu-mz,4,4,250,128,128,16,414.65,359.09,773.74,207.33,179.54,386.87,96.72,2.0, sdumont6168,2321.2200000000003
0.0,544,4,265348.0,3152.0,3150.0,265348.0,0.0,0.0,0.0,0.0,1.0,0,0.0,0.0,4n-1m-34th-Bc-lu-mz,sequana_cpu_dev,4,11419256.0,1,34,B,lu-mz,4,4,250,304,208,17,1062.49,859.72,1922.21,354.16,286.57,640.74,160.18,3.0, sdumont6165,7688.84
0.0,1360,10,265348.0,3184.0,3151.0,265348.0,0.0,0.0,0.0,0.0,1.0,0,0.0,0.0,4n-1m-34th-Cc-lu-mz,sequana_cpu_dev,4,11419258.0,1,34,C,lu-mz,4,4,250,480,320,28,3780.27,3013.18,6793.45,420.03,334.8,754.83,188.71,9.0, sdumont6165,67934.5
0.0,432,3,267444.0,3196.0,3140.0,267444.0,0.0,0.0,0.0,0.0,1.0,0,0.0,0.0,4n-1m-36th-Ac-lu-mz,sequana_cpu_dev,4,11419259.0,1,36,A,lu-mz,4,4,250,128,128,16,415.04,360.49,775.53,415.04,360.49,775.53,193.88,1.0, sdumont6048,2326.59
0.0,576,4,265348.0,3160.0,3119.0,265348.0,0.0,0.0,0.0,0.0,1.0,0,0.0,0.0,4n-1m-36th-Bc-lu-mz,sequana_cpu_dev,4,11419262.0,1,36,B,lu-mz,4,4,250,304,208,17,1054.06,903.08,1957.14,351.35,301.03,652.38,163.09,3.0, sdumont6168,7828.56
0.0,1440,10,267444.0,3208.0,3175.0,267444.0,0.0,0.0,0.0,0.0,7.0,0,0.0,0.0,4n-1m-36th-Cc-lu-mz,sequana_cpu_dev,4,11419263.0,1,36,C,lu-mz,4,4,250,480,320,28,3970.54,3311.38,7281.91,496.32,413.92,910.24,227.56,8.0, sdumont6049,72819.1
0.0,456,3,265348.0,3168.0,2617.0,265348.0,0.0,0.0,0.0,0.0,1.0,0,0.0,0.0,4n-1m-38th-Ac-lu-mz,sequana_cpu_dev,4,11419266.0,1,38,A,lu-mz,4,4,250,128,128,16,387.76,353.07,740.83,193.88,176.53,370.41,92.6,2.0, sdumont6167,2222.4900000000002
0.0,608,4,265348.0,3184.0,3138.0,265348.0,0.0,0.0,0.0,0.0,1.0,0,0.0,0.0,4n-1m-38th-Bc-lu-mz,sequana_cpu_dev,4,11419268.0,1,38,B,lu-mz,4,4,250,304,208,17,1033.59,921.87,1955.46,344.53,307.29,651.82,162.96,3.0, sdumont6168,7821.84
0.0,1672,11,267444.0,3232.0,3141.0,267444.0,0.0,0.0,0.0,0.0,1.0,0,0.0,0.0,4n-1m-38th-Cc-lu-mz,sequana_cpu_dev,4,11419269.0,1,38,C,lu-mz,4,4,250,480,320,28,4370.72,3807.9,8178.62,546.34,475.99,1022.33,255.58,8.0, sdumont6048,89964.81999999999
0.0,480,3,265348.0,3180.0,2627.0,265348.0,0.0,0.0,0.0,0.0,1.0,0,0.0,0.0,4n-1m-40th-Ac-lu-mz,sequana_cpu_dev,4,11419272.0,1,40,A,lu-mz,4,4,250,128,128,16,405.05,376.24,781.29,202.53,188.12,390.65,97.66,2.0, sdumont6167,2343.87
0.0,800,5,267444.0,3204.0,3142.0,267444.0,0.0,0.0,0.0,0.0,1.0,0,0.0,0.0,4n-1m-40th-Bc-lu-mz,sequana_cpu_dev,4,11419273.0,1,40,B,lu-mz,4,4,250,304,208,17,1066.0,972.27,2038.27,355.33,324.09,679.42,169.86,3.0, sdumont6048,10191.35
0.0,1440,9,265348.0,3172.0,3155.0,265348.0,0.0,0.0,0.0,0.0,1.0,0,0.0,0.0,4n-1m-40th-Cc-lu-mz,sequana_cpu_dev,4,11419276.0,1,40,C,lu-mz,4,4,250,480,320,28,3687.36,3354.56,7041.91,460.92,419.32,880.24,220.06,8.0, sdumont6166,63377.19
0.0,504,3,265348.0,3144.0,2599.0,265348.0,0.0,0.0,0.0,0.0,1.0,0,0.0,0.0,4n-1m-42th-Ac-lu-mz,sequana_cpu_dev,4,11419278.0,1,42,A,lu-mz,4,4,250,128,128,16,397.12,374.14,771.26,198.56,187.07,385.63,96.41,2.0, sdumont6165,2313.7799999999997
0.0,672,4,265348.0,3172.0,3139.0,265348.0,0.0,0.0,0.0,0.0,3.0,0,0.0,0.0,4n-1m-42th-Bc-lu-mz,sequana_cpu_dev,4,11419280.0,1,42,B,lu-mz,4,4,250,304,208,17,1033.15,982.28,2015.43,344.38,327.43,671.81,167.95,3.0, sdumont6166,8061.72
0.0,1512,9,265348.0,3216.0,3160.0,265348.0,0.0,0.0,0.0,0.0,1.0,0,0.0,0.0,4n-1m-42th-Cc-lu-mz,sequana_cpu_dev,4,11419282.0,1,42,C,lu-mz,4,4,250,480,320,28,3687.34,3441.92,7129.27,460.92,430.24,891.16,222.79,8.0, sdumont6167,64163.43000000001
0.0,528,3,265348.0,3140.0,3128.0,265348.0,0.0,0.0,0.0,0.0,2.0,0,0.0,0.0,4n-1m-44th-Ac-lu-mz,sequana_cpu_dev,4,11419284.0,1,44,A,lu-mz,4,4,250,128,128,16,382.02,365.09,747.12,191.01,182.55,373.56,93.39,2.0, sdumont6167,2241.36
0.0,880,5,265348.0,3184.0,3117.0,265348.0,0.0,0.0,0.0,0.0,1.0,0,0.0,0.0,4n-1m-44th-Bc-lu-mz,sequana_cpu_dev,4,11419286.0,1,44,B,lu-mz,4,4,250,304,208,17,1025.01,1000.73,2025.74,321.25,313.15,634.4,158.6,3.25, sdumont6168,10128.7
0.0,1760,10,267444.0,3168.0,2572.0,267444.0,0.0,0.0,0.0,0.0,3.0,0,0.0,0.0,4n-1m-44th-Cc-lu-mz,sequana_cpu_dev,4,11419287.0,1,44,C,lu-mz,4,4,250,480,320,28,3772.25,3539.43,7311.69,471.53,442.43,913.96,228.49,8.0, sdumont6048,73116.9
0.0,552,3,267444.0,3180.0,3109.0,267444.0,0.0,0.0,0.0,0.0,1.0,0,0.0,0.0,4n-1m-46th-Ac-lu-mz,sequana_cpu_dev,4,11419290.0,1,46,A,lu-mz,4,4,250,128,128,16,422.35,392.05,814.4,422.35,392.05,814.4,203.6,1.0, sdumont6049,2443.2
0.0,1472,8,265872.0,3156.0,2622.0,267444.0,0.0,0.0,0.0,0.0,3.0,0,0.0,0.0,4n-1m-46th-Bc-lu-mz,sequana_cpu_dev,4,11419294.0,1,46,B,lu-mz,4,4,250,304,208,17,1773.83,1559.97,3333.8,295.64,260.0,555.63,138.91,6.0, sdumont6267,26670.4
0.0,1656,9,265348.0,3176.0,3171.0,265348.0,0.0,0.0,0.0,0.0,1.0,0,0.0,0.0,4n-1m-46th-Cc-lu-mz,sequana_cpu_dev,4,11419295.0,1,46,C,lu-mz,4,4,250,480,320,28,3753.43,3540.6,7294.03,519.9,490.1,1010.0,252.5,7.25, sdumont6166,65646.27
0.0,576,3,265348.0,3180.0,3152.0,265348.0,0.0,0.0,0.0,0.0,4.0,0,0.0,0.0,4n-1m-48th-Ac-lu-mz,sequana_cpu_dev,4,11419299.0,1,48,A,lu-mz,4,4,250,128,128,16,391.32,389.1,780.42,391.32,389.1,780.42,195.11,1.0, sdumont6167,2341.2599999999998
0.0,960,5,265348.0,3180.0,3149.0,265348.0,0.0,0.0,0.0,0.0,1.0,0,0.0,0.0,4n-1m-48th-Bc-lu-mz,sequana_cpu_dev,4,11419301.0,1,48,B,lu-mz,4,4,250,304,208,17,1005.7,1054.0,2059.7,315.31,330.17,645.48,161.37,3.25, sdumont6166,10298.5
0.0,1728,9,265348.0,3176.0,3162.0,265348.0,0.0,0.0,0.0,0.0,4.0,0,0.0,0.0,4n-1m-48th-Cc-lu-mz,sequana_cpu_dev,4,11419303.0,1,48,C,lu-mz,4,4,250,480,320,28,3719.19,3683.65,7402.84,515.07,510.08,1025.15,256.29,7.25, sdumont6168,66625.56
1.0,64,4,646829.5,144440.0,72957.5,1310048.0,563.2,2109.44,1474.56,4218.88,1.0,0,5.0,23.0,4n-2m-2th-Ac-lu-mz,sequana_cpu_dev,4,11419306.0,2,2,A,lu-mz,4,4,250,128,128,16,254.36,242.57,496.93,127.18,121.28,248.46,62.12,2.0, sdumont6267,1987.72
4.0,128,8,568508.5,145444.0,55891.5,1310260.0,665.6,2109.44,2191.36,4218.88,1.0,0,0.0,0.0,4n-2m-2th-Bc-lu-mz,sequana_cpu_dev,4,11419308.0,2,2,B,lu-mz,4,4,250,304,208,17,1601.49,1499.03,3100.52,228.78,214.15,442.93,110.73,7.0, sdumont6050,24804.16
26.0,448,28,593165.0,144824.0,72970.5,1311116.0,1054.72,2109.44,5099.52,4218.88,1.0,0,7.0,26.0,4n-2m-2th-Cc-lu-mz,sequana_cpu_dev,4,11419310.0,2,2,C,lu-mz,4,4,250,480,320,28,7191.74,6684.25,13875.99,266.36,247.56,513.93,128.48,27.0, sdumont6267,388527.72
1.0,96,3,616309.5,144104.0,50932.5,1297180.0,501.76,2109.44,1024.0,4218.88,1.0,0,4.0,28.0,4n-2m-4th-Ac-lu-mz,sequana_cpu_dev,4,11419311.0,2,4,A,lu-mz,4,4,250,128,128,16,222.54,243.52,466.07,111.27,121.76,233.03,58.26,2.0, sdumont6167,1398.21
6.0,160,5,646601.0,143988.0,72948.0,1297388.0,522.24,2109.44,1054.72,4218.88,1.0,0,0.0,3.0,4n-2m-4th-Bc-lu-mz,sequana_cpu_dev,4,11419313.0,2,4,B,lu-mz,4,4,250,304,208,17,985.6,1037.76,2023.36,246.4,259.44,505.84,126.46,4.0, sdumont6167,10116.8
28.0,512,16,530194.0,144340.0,65950.0,1298248.0,522.24,2109.44,1198.08,4218.88,11.0,0,1.0,6.0,4n-2m-4th-Cc-lu-mz,sequana_cpu_dev,4,11419316.0,2,4,C,lu-mz,4,4,250,480,320,28,4559.73,4746.09,9305.82,303.98,316.41,620.39,155.1,15.0, sdumont6166,148893.12
1.0,96,2,588394.5,143668.0,67444.0,1301408.0,501.76,2109.44,1024.0,4218.88,247.0,0,1.0,5.0,4n-2m-6th-Ac-lu-mz,sequana_cpu_dev,4,11419318.0,2,6,A,lu-mz,4,4,250,128,128,16,272.11,279.41,551.52,272.11,279.41,551.52,137.88,1.0, sdumont6167,1103.04
7.0,192,4,528162.0,144280.0,62056.5,1301520.0,501.76,2109.44,1044.48,4218.88,395.0,0,1.0,5.0,4n-2m-6th-Bc-lu-mz,sequana_cpu_dev,4,11419322.0,2,6,B,lu-mz,4,4,250,304,208,17,702.87,735.63,1438.49,234.29,245.21,479.5,119.87,3.0, sdumont6168,5753.96
29.0,528,11,588796.0,144420.0,67695.5,1302364.0,532.48,2109.44,1136.64,4218.88,38.0,0,0.0,2.0,4n-2m-6th-Cc-lu-mz,sequana_cpu_dev,4,11419328.0,2,6,C,lu-mz,4,4,250,480,320,28,3541.6,3660.38,7201.98,354.16,366.04,720.2,180.05,10.0, sdumont6168,79221.78
2.0,192,3,590323.5,143668.0,67473.5,1305524.0,501.76,2109.44,1024.0,4218.88,5.0,0,4.0,14.0,4n-2m-8th-Ac-lu-mz,sequana_cpu_dev,4,11419335.0,2,8,A,lu-mz,4,4,250,128,128,16,282.33,289.11,571.44,209.57,216.08,425.65,106.41,1.5, sdumont6165,1714.3200000000002
8.0,256,4,585443.0,144220.0,62849.0,1305632.0,501.76,2109.44,1044.48,4218.88,1.0,0,5.0,28.0,4n-2m-8th-Bc-lu-mz,sequana_cpu_dev,4,11419336.0,2,8,B,lu-mz,4,4,250,304,208,17,774.89,811.98,1586.87,258.3,270.66,528.96,132.24,3.0, sdumont6167,6347.48
30.0,640,10,594622.0,144908.0,71491.5,1306484.0,522.24,2109.44,1105.92,4218.88,21.0,0,2.0,10.0,4n-2m-8th-Cc-lu-mz,sequana_cpu_dev,4,11419339.0,2,8,C,lu-mz,4,4,250,480,320,28,2927.61,3030.52,5958.12,325.29,336.72,662.01,165.5,9.0, sdumont6168,59581.2
8.0,320,4,647635.0,143968.0,68082.0,1309748.0,501.76,2109.44,1034.24,4218.88,1.0,0,7.0,34.0,4n-2m-10th-Bc-lu-mz,sequana_cpu_dev,4,11419347.0,2,10,B,lu-mz,4,4,250,304,208,17,817.4,838.43,1655.83,306.19,313.7,619.9,154.97,2.75, sdumont6168,6623.32
31.0,640,8,569382.0,144432.0,45989.0,1310620.0,522.24,2109.44,1085.44,4218.88,19.0,0,5.0,16.0,4n-2m-10th-Cc-lu-mz,sequana_cpu_dev,4,11419350.0,2,10,C,lu-mz,4,4,250,480,320,28,2652.99,2749.63,5402.62,379.0,392.8,771.8,192.95,7.0, sdumont6166,43220.96
10.0,384,4,567594.5,144264.0,67972.0,1313872.0,501.76,2109.44,1034.24,4218.88,4.0,0,6.0,20.0,4n-2m-12th-Bc-lu-mz,sequana_cpu_dev,4,11419354.0,2,12,B,lu-mz,4,4,250,304,208,17,740.32,784.24,1524.56,261.57,279.18,540.75,135.19,2.75, sdumont6166,6098.24
35.0,768,8,528971.0,144612.0,56920.0,1314724.0,501.76,2109.44,1095.68,4218.88,1.0,0,5.0,17.0,4n-2m-12th-Cc-lu-mz,sequana_cpu_dev,4,11419356.0,2,12,C,lu-mz,4,4,250,480,320,28,2731.07,2952.65,5683.71,390.15,421.81,811.96,202.99,7.0, sdumont6167,45469.68
10.0,448,4,601935.0,144472.0,72763.0,1317984.0,501.76,2109.44,1024.0,4218.88,1.0,0,10.0,25.0,4n-2m-14th-Bc-lu-mz,sequana_cpu_dev,4,11419359.0,2,14,B,lu-mz,4,4,250,304,208,17,369.63,399.14,768.77,184.82,199.57,384.39,96.1,2.0, sdumont6165,3075.08
37.0,784,7,651882.0,144456.0,68087.5,1318832.0,522.24,2109.44,1064.96,4218.88,1.0,0,9.0,25.0,4n-2m-14th-Cc-lu-mz,sequana_cpu_dev,4,11419362.0,2,14,C,lu-mz,4,4,250,480,320,28,2379.96,2459.63,4839.59,396.66,409.94,806.6,201.65,6.0, sdumont6168,33877.130000000005
12.0,512,4,642422.0,146132.0,58057.0,1322100.0,512.0,2109.44,1024.0,4218.88,1.0,0,16.0,54.0,4n-2m-16th-Bc-lu-mz,sequana_cpu_dev,4,11419367.0,2,16,B,lu-mz,4,4,250,304,208,17,362.07,401.17,763.24,120.69,133.72,254.41,63.6,3.0, sdumont6167,3052.96
39.0,896,7,592553.0,144632.0,61806.5,1322956.0,512.0,2109.44,1064.96,4218.88,1.0,0,12.0,32.0,4n-2m-16th-Cc-lu-mz,sequana_cpu_dev,4,11419371.0,2,16,C,lu-mz,4,4,250,480,320,28,2301.59,2476.08,4777.66,383.6,412.68,796.28,199.07,6.0, sdumont6168,33443.619999999995
3.0,432,3,600619.0,144892.0,67339.0,1326116.0,501.76,2109.44,1024.0,4218.88,1.0,0,18.0,53.0,4n-2m-18th-Ac-lu-mz,sequana_cpu_dev,4,11419378.0,2,18,A,lu-mz,4,4,250,128,128,16,302.61,307.67,610.29,302.61,307.67,610.29,152.57,1.0, sdumont6168,1830.87
11.0,576,4,508290.0,144060.0,57387.0,1113484.0,501.76,2109.44,1044.48,4218.88,1.0,0,19.0,74.0,4n-2m-18th-Bc-lu-mz,sequana_cpu_dev,4,11419380.0,2,18,B,lu-mz,4,4,250,304,208,17,486.45,507.99,994.43,206.0,218.33,424.33,106.08,2.25, sdumont6165,3977.72
44.0,1008,7,594037.5,145808.0,61381.5,1327080.0,512.0,2109.44,1075.2,4218.88,1.0,0,20.0,55.0,4n-2m-18th-Cc-lu-mz,sequana_cpu_dev,4,11419382.0,2,18,C,lu-mz,4,4,250,480,320,28,2339.64,2425.68,4765.32,389.94,404.28,794.22,198.56,6.0, sdumont6168,33357.24
13.0,640,4,595918.0,144456.0,61335.0,1330348.0,501.76,2109.44,1024.0,4218.88,1.0,0,16.0,33.0,4n-2m-20th-Bc-lu-mz,sequana_cpu_dev,4,11419392.0,2,20,B,lu-mz,4,4,250,304,208,17,390.93,438.45,829.38,162.43,183.06,345.49,86.37,2.5, sdumont6165,3317.52
44.0,1120,7,514498.5,144168.0,60836.0,1118496.0,501.76,2109.44,1064.96,4218.88,1.0,0,25.0,91.0,4n-2m-20th-Cc-lu-mz,sequana_cpu_dev,4,11419394.0,2,20,C,lu-mz,4,4,250,480,320,28,2386.71,2547.29,4934.0,397.78,424.55,822.33,205.58,6.0, sdumont6167,34538.0
15.0,704,4,599170.5,146684.0,62860.5,1334468.0,501.76,2109.44,1024.0,4218.88,1.0,0,21.0,45.0,4n-2m-22th-Bc-lu-mz,sequana_cpu_dev,4,11419402.0,2,22,B,lu-mz,4,4,250,304,208,17,384.62,415.3,799.92,177.74,191.52,369.27,92.32,2.25, sdumont6167,3199.68
49.0,1232,7,599906.5,144960.0,62832.0,1335340.0,512.0,2109.44,1075.2,4218.88,1.0,0,21.0,51.0,4n-2m-22th-Cc-lu-mz,sequana_cpu_dev,4,11419403.0,2,22,C,lu-mz,4,4,250,480,320,28,2394.11,2474.73,4868.85,459.53,474.75,934.28,233.57,5.25, sdumont6165,34081.950000000004
16.0,768,4,606752.0,144772.0,67592.5,1338708.0,501.76,2109.44,1034.24,4218.88,1.0,0,24.0,53.0,4n-2m-24th-Bc-lu-mz,sequana_cpu_dev,4,11419407.0,2,24,B,lu-mz,4,4,250,304,208,17,382.95,416.13,799.07,177.06,191.87,368.93,92.23,2.25, sdumont6165,3196.28
54.0,1344,7,662100.0,146316.0,68632.0,1339448.0,522.24,2109.44,1075.2,4218.88,1.0,0,24.0,54.0,4n-2m-24th-Cc-lu-mz,sequana_cpu_dev,4,11419409.0,2,24,C,lu-mz,4,4,250,480,320,28,2473.74,2569.49,5043.23,474.7,492.87,967.57,241.89,5.25, sdumont6166,35302.61
0.0,24,12,265348.0,3124.0,3124.0,265348.0,0.0,0.0,0.0,0.0,1.0,0,0.0,0.0,1n-1m-2th-Ac-lu-mz,sequana_cpu_dev,1,11420486.0,1,2,A,lu-mz,4,4,250,128,128,16,601.6,445.78,1047.38,54.69,40.53,95.22,95.22,11.0, sdumont6165,12568.560000000001
0.0,22,11,265348.0,3160.0,3160.0,265348.0,0.0,0.0,0.0,0.0,1.0,0,0.0,0.0,1n-1m-2th-Ac-lu-mz,sequana_cpu_dev,1,11420488.0,1,2,A,lu-mz,4,4,250,128,128,16,543.2,403.12,946.31,49.38,36.65,86.03,86.03,11.0, sdumont6165,10409.41
0.0,22,11,265348.0,3076.0,3076.0,265348.0,0.0,0.0,0.0,0.0,4.0,0,0.0,0.0,1n-1m-2th-Ac-lu-mz,sequana_cpu_dev,1,11420490.0,1,2,A,lu-mz,4,4,250,128,128,16,540.85,399.2,940.05,49.17,36.29,85.46,85.46,11.0, sdumont6165,10340.55
58.0,98,49,1432860.0,296964.0,296964.0,1432860.0,1239.04,4208.64,1239.04,4208.64,1.0,0,40.0,40.0,1n-1m-2th-Bc-lu-mz,sequana_cpu_dev,1,11420498.0,1,2,B,lu-mz,4,4,250,304,208,17,2823.92,1969.66,4793.58,58.83,41.03,99.87,99.87,48.0, sdumont6165,234885.41999999998
59.0,98,49,1432860.0,297012.0,297012.0,1432860.0,1239.04,4208.64,1239.04,4208.64,1.0,0,0.0,0.0,1n-1m-2th-Bc-lu-mz,sequana_cpu_dev,1,11420500.0,1,2,B,lu-mz,4,4,250,304,208,17,2841.18,1982.11,4823.29,59.19,41.29,100.49,100.49,48.0, sdumont6165,236341.21
59.0,98,49,1432860.0,296856.0,296856.0,1432860.0,1239.04,4208.64,1239.04,4208.64,1.0,0,0.0,0.0,1n-1m-2th-Bc-lu-mz,sequana_cpu_dev,1,11420503.0,1,2,B,lu-mz,4,4,250,304,208,17,2846.69,1982.77,4829.45,59.31,41.31,100.61,100.61,48.0, sdumont6165,236643.05
357.0,412,206,1888700.0,752132.0,752132.0,1888700.0,3184.64,4229.12,3184.64,4229.12,1.0,0,42.0,42.0,1n-1m-2th-Cc-lu-mz,sequana_cpu_dev,1,11420505.0,1,2,C,lu-mz,4,4,250,480,320,28,12337.05,8460.38,20797.43,60.18,41.27,101.45,101.45,205.0, sdumont6165,4284270.58
357.0,412,206,2116944.0,753212.0,753212.0,2116944.0,3205.12,4229.12,3205.12,4229.12,1.0,0,0.0,0.0,1n-1m-2th-Cc-lu-mz,sequana_cpu_dev,1,11420511.0,1,2,C,lu-mz,4,4,250,480,320,28,12284.61,8434.62,20719.23,59.92,41.14,101.07,101.07,205.0, sdumont6165,4268161.38
357.0,412,206,2116940.0,753204.0,753204.0,2116940.0,3205.12,4229.12,3205.12,4229.12,1.0,0,0.0,0.0,1n-1m-2th-Cc-lu-mz,sequana_cpu_dev,1,11420516.0,1,2,C,lu-mz,4,4,250,480,320,28,12310.14,8465.43,20775.57,60.05,41.29,101.34,101.34,205.0, sdumont6165,4279767.42
0.0,32,8,265348.0,3104.0,3104.0,265348.0,0.0,0.0,0.0,0.0,1.0,0,0.0,0.0,1n-1m-4th-Ac-lu-mz,sequana_cpu_dev,1,11420520.0,1,4,A,lu-mz,4,4,250,128,128,16,403.85,252.48,656.33,57.69,36.07,93.76,93.76,7.0, sdumont6165,5250.64
0.0,32,8,265348.0,3060.0,3060.0,265348.0,0.0,0.0,0.0,0.0,1.0,0,0.0,0.0,1n-1m-4th-Ac-lu-mz,sequana_cpu_dev,1,11420530.0,1,4,A,lu-mz,4,4,250,128,128,16,400.5,251.65,652.15,57.21,35.95,93.16,93.16,7.0, sdumont6165,5217.2
0.0,40,10,265348.0,3124.0,3124.0,265348.0,0.0,0.0,0.0,0.0,1.0,0,0.0,0.0,1n-1m-4th-Ac-lu-mz,sequana_cpu_dev,1,11420535.0,1,4,A,lu-mz,4,4,250,128,128,16,511.14,349.47,860.61,56.79,38.83,95.62,95.62,9.0, sdumont6165,8606.1
0.0,124,31,265348.0,3024.0,3024.0,265348.0,0.0,0.0,0.0,0.0,1.0,0,0.0,0.0,1n-1m-4th-Bc-lu-mz,sequana_cpu_dev,1,11420541.0,1,4,B,lu-mz,4,4,250,304,208,17,2271.26,1275.37,3546.63,78.32,43.98,122.3,122.3,29.0, sdumont6167,109945.53
0.0,120,30,265348.0,2992.0,2992.0,265348.0,0.0,0.0,0.0,0.0,4.0,0,0.0,0.0,1n-1m-4th-Bc-lu-mz,sequana_cpu_dev,1,11420544.0,1,4,B,lu-mz,4,4,250,304,208,17,1996.45,1091.0,3087.45,68.84,37.62,106.46,106.46,29.0, sdumont6166,92623.5
0.0,112,28,265348.0,3132.0,3132.0,265348.0,0.0,0.0,0.0,0.0,1.0,0,0.0,0.0,1n-1m-4th-Bc-lu-mz,sequana_cpu_dev,1,11420547.0,1,4,B,lu-mz,4,4,250,304,208,17,1925.14,1031.56,2956.69,71.3,38.21,109.51,109.51,27.0, sdumont6166,82787.32
356.0,452,113,1892808.0,752012.0,752012.0,1892808.0,2017.28,4218.88,2017.28,4218.88,1.0,0,50.0,50.0,1n-1m-4th-Cc-lu-mz,sequana_cpu_dev,1,11420550.0,1,4,C,lu-mz,4,4,250,480,320,28,9738.4,4985.45,14723.84,86.95,44.51,131.46,131.46,112.0, sdumont6167,1663793.92
357.0,448,112,1892812.0,751872.0,751872.0,1892812.0,2027.52,4218.88,2027.52,4218.88,1.0,0,0.0,0.0,1n-1m-4th-Cc-lu-mz,sequana_cpu_dev,1,11420552.0,1,4,C,lu-mz,4,4,250,480,320,28,8376.84,4590.78,12967.62,74.79,40.99,115.78,115.78,112.0, sdumont6165,1452373.4400000002
356.0,452,113,1892808.0,752016.0,752016.0,1892808.0,2027.52,4218.88,2027.52,4218.88,1.0,0,49.0,49.0,1n-1m-4th-Cc-lu-mz,sequana_cpu_dev,1,11420559.0,1,4,C,lu-mz,4,4,250,480,320,28,8613.46,4211.38,12824.84,76.91,37.6,114.51,114.51,112.0, sdumont6166,1449206.92
0.0,36,6,265348.0,3116.0,3116.0,265348.0,0.0,0.0,0.0,0.0,1.0,0,0.0,0.0,1n-1m-6th-Ac-lu-mz,sequana_cpu_dev,1,11420566.0,1,6,A,lu-mz,4,4,250,128,128,16,380.52,181.41,561.94,76.1,36.28,112.39,112.39,5.0, sdumont6166,3371.6400000000003
0.0,36,6,265348.0,3168.0,3168.0,265348.0,0.0,0.0,0.0,0.0,1.0,0,0.0,0.0,1n-1m-6th-Ac-lu-mz,sequana_cpu_dev,1,11420568.0,1,6,A,lu-mz,4,4,250,128,128,16,381.07,181.39,562.46,76.21,36.28,112.49,112.49,5.0, sdumont6166,3374.76
0.0,36,6,265348.0,3108.0,3108.0,265348.0,0.0,0.0,0.0,0.0,1.0,0,0.0,0.0,1n-1m-6th-Ac-lu-mz,sequana_cpu_dev,1,11420571.0,1,6,A,lu-mz,4,4,250,128,128,16,368.6,195.18,563.78,73.72,39.04,112.76,112.76,5.0, sdumont6165,3382.68
0.0,126,21,265348.0,3048.0,3048.0,265348.0,0.0,0.0,0.0,0.0,0.0,0,0.0,0.0,1n-1m-6th-Bc-lu-mz,sequana_cpu_dev,1,11420578.0,1,6,B,lu-mz,4,4,250,304,208,17,1575.42,811.85,2387.27,78.77,40.59,119.36,119.36,20.0, sdumont6165,50132.67
0.0,126,21,265348.0,3156.0,3156.0,265348.0,0.0,0.0,0.0,0.0,1.0,0,0.0,0.0,1n-1m-6th-Bc-lu-mz,sequana_cpu_dev,1,11420580.0,1,6,B,lu-mz,4,4,250,304,208,17,1584.94,808.27,2393.21,79.25,40.41,119.66,119.66,20.0, sdumont6165,50257.41
0.0,126,21,265348.0,3052.0,3052.0,265348.0,0.0,0.0,0.0,0.0,1.0,0,0.0,0.0,1n-1m-6th-Bc-lu-mz,sequana_cpu_dev,1,11420582.0,1,6,B,lu-mz,4,4,250,304,208,17,1577.42,802.54,2379.96,78.87,40.13,119.0,119.0,20.0, sdumont6165,49979.16
356.0,468,78,1896916.0,751784.0,751784.0,1896916.0,1628.16,4218.88,1628.16,4218.88,1.0,0,52.0,52.0,1n-1m-6th-Cc-lu-mz,sequana_cpu_dev,1,11420584.0,1,6,C,lu-mz,4,4,250,480,320,28,6839.98,3141.77,9981.75,88.83,40.8,129.63,129.63,77.0, sdumont6165,778576.5
356.0,462,77,1896924.0,752268.0,752268.0,1896924.0,1628.16,4218.88,1628.16,4218.88,1.0,0,4.0,4.0,1n-1m-6th-Cc-lu-mz,sequana_cpu_dev,1,11420587.0,1,6,C,lu-mz,4,4,250,480,320,28,6738.72,3090.81,9829.54,88.67,40.67,129.34,129.34,76.0, sdumont6165,756874.5800000001
344.0,474,79,2119736.0,754220.0,754220.0,2119736.0,1638.4,4218.88,1638.4,4218.88,1.0,0,380.0,380.0,1n-1m-6th-Cc-lu-mz,sequana_cpu_dev,1,11420593.0,1,6,C,lu-mz,4,4,250,480,320,28,7306.51,2990.19,10296.7,93.67,38.34,132.01,132.01,78.0, sdumont6169,813439.3
0.0,40,5,265348.0,3048.0,3048.0,265348.0,0.0,0.0,0.0,0.0,0.0,0,0.0,0.0,1n-1m-8th-Ac-lu-mz,sequana_cpu_dev,1,11420598.0,1,8,A,lu-mz,4,4,250,128,128,16,336.39,142.02,478.41,84.1,35.51,119.6,119.6,4.0, sdumont6169,2392.05
0.0,40,5,265348.0,1036.0,1036.0,265348.0,0.0,0.0,0.0,0.0,1.0,0,0.0,0.0,1n-1m-8th-Ac-lu-mz,sequana_cpu_dev,1,11420603.0,1,8,A,lu-mz,4,4,250,128,128,16,322.69,139.05,461.75,80.67,34.76,115.44,115.44,4.0, sdumont6166,2308.75
0.0,48,6,265348.0,3112.0,3112.0,265348.0,0.0,0.0,0.0,0.0,1.0,0,0.0,0.0,1n-1m-8th-Ac-lu-mz,sequana_cpu_dev,1,11420608.0,1,8,A,lu-mz,4,4,250,128,128,16,335.44,138.72,474.17,67.09,27.74,94.83,94.83,5.0, sdumont6169,2845.02
0.0,144,18,265348.0,1036.0,1036.0,265348.0,0.0,0.0,0.0,0.0,1.0,0,0.0,0.0,1n-1m-8th-Bc-lu-mz,sequana_cpu_dev,1,11420611.0,1,8,B,lu-mz,4,4,250,304,208,17,1559.34,619.96,2179.3,91.73,36.47,128.19,128.19,17.0, sdumont6169,39227.4
0.0,144,18,265348.0,3108.0,3108.0,265348.0,0.0,0.0,0.0,0.0,1.0,0,0.0,0.0,1n-1m-8th-Bc-lu-mz,sequana_cpu_dev,1,11420617.0,1,8,B,lu-mz,4,4,250,304,208,17,1569.6,622.66,2192.26,92.33,36.63,128.96,128.96,17.0, sdumont6169,39460.68000000001
0.0,144,18,265348.0,1028.0,1028.0,265348.0,0.0,0.0,0.0,0.0,1.0,0,0.0,0.0,1n-1m-8th-Bc-lu-mz,sequana_cpu_dev,1,11420621.0,1,8,B,lu-mz,4,4,250,304,208,17,1570.88,620.64,2191.52,92.4,36.51,128.91,128.91,17.0, sdumont6169,39447.36
463.0,504,63,1901028.0,752244.0,752244.0,1901028.0,1628.16,4218.88,1628.16,4218.88,0.0,0,295.0,295.0,1n-1m-8th-Cc-lu-mz,sequana_cpu_dev,1,11420626.0,1,8,C,lu-mz,4,4,250,480,320,28,6086.76,2523.24,8610.0,98.17,40.7,138.87,138.87,62.0, sdumont6165,542430.0
475.0,496,62,1901032.0,754376.0,754376.0,1901032.0,1628.16,4218.88,1628.16,4218.88,1.0,0,54.0,54.0,1n-1m-8th-Cc-lu-mz,sequana_cpu_dev,1,11420632.0,1,8,C,lu-mz,4,4,250,480,320,28,6289.5,2294.05,8583.55,104.82,38.23,143.06,143.06,60.0, sdumont6166,532180.1
475.0,488,61,1901028.0,752440.0,752440.0,1901028.0,1628.16,4218.88,1628.16,4218.88,1.0,0,1.0,1.0,1n-1m-8th-Cc-lu-mz,sequana_cpu_dev,1,11420637.0,1,8,C,lu-mz,4,4,250,480,320,28,6195.89,2255.83,8451.72,103.26,37.6,140.86,140.86,60.0, sdumont6166,515554.92
0.0,50,5,265348.0,1032.0,1032.0,265348.0,0.0,0.0,0.0,0.0,1.0,0,0.0,0.0,1n-1m-10th-Ac-lu-mz,sequana_cpu_dev,1,11420646.0,1,10,A,lu-mz,4,4,250,128,128,16,344.74,147.7,492.45,86.19,36.93,123.11,123.11,4.0, sdumont6165,2462.25
0.0,50,5,265348.0,1036.0,1036.0,265348.0,0.0,0.0,0.0,0.0,1.0,0,0.0,0.0,1n-1m-10th-Ac-lu-mz,sequana_cpu_dev,1,11420650.0,1,10,A,lu-mz,4,4,250,128,128,16,352.27,134.43,486.7,88.07,33.61,121.67,121.67,4.0, sdumont6166,2433.5
0.0,50,5,265348.0,1028.0,1028.0,265348.0,0.0,0.0,0.0,0.0,1.0,0,0.0,0.0,1n-1m-10th-Ac-lu-mz,sequana_cpu_dev,1,11420654.0,1,10,A,lu-mz,4,4,250,128,128,16,353.65,131.7,485.35,88.41,32.92,121.34,121.34,4.0, sdumont6166,2426.75
0.0,150,15,265348.0,1032.0,1032.0,265348.0,0.0,0.0,0.0,0.0,1.0,0,0.0,0.0,1n-1m-10th-Bc-lu-mz,sequana_cpu_dev,1,11420659.0,1,10,B,lu-mz,4,4,250,304,208,17,1307.65,459.23,1766.88,100.59,35.33,135.91,135.91,13.0, sdumont6166,26503.2
0.0,140,14,265348.0,1032.0,1032.0,265348.0,0.0,0.0,0.0,0.0,1.0,0,0.0,0.0,1n-1m-10th-Bc-lu-mz,sequana_cpu_dev,1,11420664.0,1,10,B,lu-mz,4,4,250,304,208,17,1316.65,464.18,1780.83,101.28,35.71,136.99,136.99,13.0, sdumont6166,24931.62
0.0,140,14,265348.0,1032.0,1032.0,265348.0,0.0,0.0,0.0,0.0,1.0,0,0.0,0.0,1n-1m-10th-Bc-lu-mz,sequana_cpu_dev,1,11420668.0,1,10,B,lu-mz,4,4,250,304,208,17,1317.33,465.71,1783.04,101.33,35.82,137.16,137.16,13.0, sdumont6166,24962.559999999998
285.0,520,52,1905140.0,752104.0,752104.0,1905140.0,1239.04,4208.64,1239.04,4208.64,1.0,0,253.0,253.0,1n-1m-10th-Cc-lu-mz,sequana_cpu_dev,1,11420670.0,1,10,C,lu-mz,4,4,250,480,320,28,5608.27,2161.9,7770.16,109.97,42.39,152.36,152.36,51.0, sdumont6165,404048.32
294.0,510,51,1905144.0,753640.0,753640.0,1905144.0,1239.04,4208.64,1239.04,4208.64,1.0,0,5.0,5.0,1n-1m-10th-Cc-lu-mz,sequana_cpu_dev,1,11420674.0,1,10,C,lu-mz,4,4,250,480,320,28,5548.96,2040.81,7589.76,110.98,40.82,151.8,151.8,50.0, sdumont6165,387077.76
295.0,510,51,1905136.0,751964.0,751964.0,1905136.0,1239.04,4208.64,1239.04,4208.64,1.0,0,6.0,6.0,1n-1m-10th-Cc-lu-mz,sequana_cpu_dev,1,11420682.0,1,10,C,lu-mz,4,4,250,480,320,28,5691.0,1881.32,7572.32,113.82,37.63,151.45,151.45,50.0, sdumont6166,386188.32
0.0,84,7,265348.0,3112.0,3112.0,265348.0,0.0,0.0,0.0,0.0,1.0,0,0.0,0.0,1n-1m-12th-Ac-lu-mz,sequana_cpu_dev,1,11420688.0,1,12,A,lu-mz,4,4,250,128,128,16,387.82,208.63,596.44,64.64,34.77,99.41,99.41,6.0, sdumont6168,4175.08
0.0,60,5,265348.0,3108.0,3108.0,265348.0,0.0,0.0,0.0,0.0,1.0,0,0.0,0.0,1n-1m-12th-Ac-lu-mz,sequana_cpu_dev,1,11420722.0,1,12,A,lu-mz,4,4,250,128,128,16,376.02,139.47,515.49,94.0,34.87,128.87,128.87,4.0, sdumont6169,2577.45
0.0,60,5,265348.0,1032.0,1032.0,265348.0,0.0,0.0,0.0,0.0,1.0,0,0.0,0.0,1n-1m-12th-Ac-lu-mz,sequana_cpu_dev,1,11420727.0,1,12,A,lu-mz,4,4,250,128,128,16,355.47,150.33,505.8,88.87,37.58,126.45,126.45,4.0, sdumont6168,2529.0
0.0,180,15,265348.0,1028.0,1028.0,265348.0,0.0,0.0,0.0,0.0,1.0,0,0.0,0.0,1n-1m-12th-Bc-lu-mz,sequana_cpu_dev,1,11420732.0,1,12,B,lu-mz,4,4,250,304,208,17,1437.61,560.5,1998.11,102.69,40.04,142.72,142.72,14.0, sdumont6165,29971.649999999998
0.0,180,15,265348.0,1032.0,1032.0,265348.0,0.0,0.0,0.0,0.0,1.0,0,0.0,0.0,1n-1m-12th-Bc-lu-mz,sequana_cpu_dev,1,11420738.0,1,12,B,lu-mz,4,4,250,304,208,17,1416.54,574.97,1991.51,108.96,44.23,153.19,153.19,13.0, sdumont6168,29872.65
0.0,180,15,265348.0,1028.0,1028.0,265348.0,0.0,0.0,0.0,0.0,1.0,0,0.0,0.0,1n-1m-12th-Bc-lu-mz,sequana_cpu_dev,1,11420741.0,1,12,B,lu-mz,4,4,250,304,208,17,1422.48,554.27,1976.75,101.61,39.59,141.2,141.2,14.0, sdumont6165,29651.25
353.0,564,47,1909252.0,752224.0,752224.0,1909252.0,1239.04,4208.64,1239.04,4208.64,1.0,0,66.0,66.0,1n-1m-12th-Cc-lu-mz,sequana_cpu_dev,1,11420746.0,1,12,C,lu-mz,4,4,250,480,320,28,5311.95,1810.41,7122.36,115.48,39.36,154.83,154.83,46.0, sdumont6082,334750.92
353.0,576,48,1909248.0,752132.0,752132.0,1909248.0,1239.04,4208.64,1239.04,4208.64,1.0,0,13.0,13.0,1n-1m-12th-Cc-lu-mz,sequana_cpu_dev,1,11420750.0,1,12,C,lu-mz,4,4,250,480,320,28,5317.77,1798.11,7115.88,115.6,39.09,154.69,154.69,46.0, sdumont6082,341562.24
353.0,576,48,2137496.0,753648.0,753648.0,2137496.0,1239.04,4208.64,1239.04,4208.64,1.0,0,13.0,13.0,1n-1m-12th-Cc-lu-mz,sequana_cpu_dev,1,11420753.0,1,12,C,lu-mz,4,4,250,480,320,28,5318.58,1814.99,7133.57,115.62,39.46,155.08,155.08,46.0, sdumont6082,342411.36
0.0,70,5,265348.0,3092.0,3092.0,265348.0,0.0,0.0,0.0,0.0,4.0,0,0.0,0.0,1n-1m-14th-Ac-lu-mz,sequana_cpu_dev,1,11420756.0,1,14,A,lu-mz,4,4,250,128,128,16,372.57,145.22,517.79,93.14,36.31,129.45,129.45,4.0, sdumont6165,2588.95
0.0,70,5,265348.0,3052.0,3052.0,265348.0,0.0,0.0,0.0,0.0,1.0,0,0.0,0.0,1n-1m-14th-Ac-lu-mz,sequana_cpu_dev,1,11420759.0,1,14,A,lu-mz,4,4,250,128,128,16,380.72,134.88,515.6,95.18,33.72,128.9,128.9,4.0, sdumont6166,2578.0
0.0,70,5,265348.0,3076.0,3076.0,265348.0,0.0,0.0,0.0,0.0,1.0,0,0.0,0.0,1n-1m-14th-Ac-lu-mz,sequana_cpu_dev,1,11420761.0,1,14,A,lu-mz,4,4,250,128,128,16,381.69,135.69,517.38,95.42,33.92,129.35,129.35,4.0, sdumont6166,2586.9
0.0,196,14,265348.0,1032.0,1032.0,265348.0,0.0,0.0,0.0,0.0,1.0,0,0.0,0.0,1n-1m-14th-Bc-lu-mz,sequana_cpu_dev,1,11420763.0,1,14,B,lu-mz,4,4,250,304,208,17,1370.19,508.31,1878.5,105.4,39.1,144.5,144.5,13.0, sdumont6165,26299.0
0.0,182,13,265348.0,1032.0,1032.0,265348.0,0.0,0.0,0.0,0.0,1.0,0,0.0,0.0,1n-1m-14th-Bc-lu-mz,sequana_cpu_dev,1,11420767.0,1,14,B,lu-mz,4,4,250,304,208,17,1247.19,463.07,1710.26,95.94,35.62,131.56,131.56,13.0, sdumont6165,22233.38
0.0,196,14,265348.0,1032.0,1032.0,265348.0,0.0,0.0,0.0,0.0,1.0,0,0.0,0.0,1n-1m-14th-Bc-lu-mz,sequana_cpu_dev,1,11420771.0,1,14,B,lu-mz,4,4,250,304,208,17,1368.58,505.86,1874.44,105.28,38.91,144.19,144.19,13.0, sdumont6165,26242.16
412.0,602,43,1913356.0,752156.0,752156.0,1913356.0,1239.04,4208.64,1239.04,4208.64,1.0,0,65.0,65.0,1n-1m-14th-Cc-lu-mz,sequana_cpu_dev,1,11420773.0,1,14,C,lu-mz,4,4,250,480,320,28,4932.96,1694.04,6627.0,117.45,40.33,157.79,157.79,42.0, sdumont6165,284961.0
411.0,602,43,2136176.0,754096.0,754096.0,2136176.0,1239.04,4208.64,1239.04,4208.64,1.0,0,80.0,80.0,1n-1m-14th-Cc-lu-mz,sequana_cpu_dev,1,11420776.0,1,14,C,lu-mz,4,4,250,480,320,28,5057.01,1554.01,6611.02,120.41,37.0,157.41,157.41,42.0, sdumont6166,284273.86000000004
412.0,602,43,1918928.0,753608.0,753608.0,1918928.0,1239.04,4208.64,1239.04,4208.64,1.0,0,22.0,22.0,1n-1m-14th-Cc-lu-mz,sequana_cpu_dev,1,11420778.0,1,14,C,lu-mz,4,4,250,480,320,28,5078.09,1565.33,6643.43,120.91,37.27,158.18,158.18,42.0, sdumont6166,285667.49
0.0,64,4,265348.0,1028.0,1028.0,265348.0,0.0,0.0,0.0,0.0,0.0,0,0.0,0.0,1n-1m-16th-Ac-lu-mz,sequana_cpu_dev,1,11420781.0,1,16,A,lu-mz,4,4,250,128,128,16,249.77,97.32,347.09,83.26,32.44,115.7,115.7,3.0, sdumont6165,1388.36
0.0,64,4,265348.0,1032.0,1032.0,265348.0,0.0,0.0,0.0,0.0,1.0,0,0.0,0.0,1n-1m-16th-Ac-lu-mz,sequana_cpu_dev,1,11420784.0,1,16,A,lu-mz,4,4,250,128,128,16,251.94,89.36,341.31,83.98,29.79,113.77,113.77,3.0, sdumont6166,1365.24
0.0,64,4,265348.0,1032.0,1032.0,265348.0,0.0,0.0,0.0,0.0,1.0,0,0.0,0.0,1n-1m-16th-Ac-lu-mz,sequana_cpu_dev,1,11420787.0,1,16,A,lu-mz,4,4,250,128,128,16,257.38,90.71,348.09,85.79,30.24,116.03,116.03,3.0, sdumont6166,1392.36
0.0,208,13,265348.0,1032.0,1032.0,265348.0,0.0,0.0,0.0,0.0,1.0,0,0.0,0.0,1n-1m-16th-Bc-lu-mz,sequana_cpu_dev,1,11420790.0,1,16,B,lu-mz,4,4,250,304,208,17,1281.36,424.51,1705.88,106.78,35.38,142.16,142.16,12.0, sdumont6166,22176.440000000002
0.0,240,15,265348.0,3084.0,3084.0,265348.0,0.0,0.0,0.0,0.0,1.0,0,0.0,0.0,1n-1m-16th-Bc-lu-mz,sequana_cpu_dev,1,11420792.0,1,16,B,lu-mz,4,4,250,304,208,17,1395.03,550.88,1945.9,99.64,39.35,138.99,138.99,14.0, sdumont6165,29188.5
0.0,208,13,265348.0,1032.0,1032.0,265348.0,0.0,0.0,0.0,0.0,3.0,0,0.0,0.0,1n-1m-16th-Bc-lu-mz,sequana_cpu_dev,1,11420795.0,1,16,B,lu-mz,4,4,250,304,208,17,1293.59,418.58,1712.17,107.8,34.88,142.68,142.68,12.0, sdumont6166,22258.21
468.0,640,40,1917472.0,752244.0,752244.0,1917472.0,1239.04,4208.64,1239.04,4208.64,1.0,0,120.0,120.0,1n-1m-16th-Cc-lu-mz,sequana_cpu_dev,1,11420797.0,1,16,C,lu-mz,4,4,250,480,320,28,4766.93,1630.79,6397.72,122.23,41.82,164.04,164.04,39.0, sdumont6165,255908.80000000002
471.0,624,39,1917476.0,752396.0,752396.0,1917476.0,1239.04,4208.64,1239.04,4208.64,1.0,0,26.0,26.0,1n-1m-16th-Cc-lu-mz,sequana_cpu_dev,1,11420824.0,1,16,C,lu-mz,4,4,250,480,320,28,4607.37,1533.68,6141.06,121.25,40.36,161.61,161.61,38.0, sdumont6165,239501.34000000003
471.0,624,39,2140288.0,754408.0,754408.0,2140288.0,1239.04,4208.64,1239.04,4208.64,1.0,0,25.0,25.0,1n-1m-16th-Cc-lu-mz,sequana_cpu_dev,1,11420826.0,1,16,C,lu-mz,4,4,250,480,320,28,4591.47,1542.88,6134.35,120.83,40.6,161.43,161.43,38.0, sdumont6165,239239.65000000002
0.0,126,7,265348.0,1028.0,1028.0,265348.0,0.0,0.0,0.0,0.0,1.0,0,0.0,0.0,1n-1m-18th-Ac-lu-mz,sequana_cpu_dev,1,11420828.0,1,18,A,lu-mz,4,4,250,128,128,16,371.87,181.73,553.6,74.37,36.35,110.72,110.72,5.0, sdumont6236,3875.2000000000003
0.0,72,4,265348.0,3136.0,3136.0,265348.0,0.0,0.0,0.0,0.0,1.0,0,0.0,0.0,1n-1m-18th-Ac-lu-mz,sequana_cpu_dev,1,11420832.0,1,18,A,lu-mz,4,4,250,128,128,16,257.33,98.47,355.8,85.78,32.82,118.6,118.6,3.0, sdumont6165,1423.2
0.0,72,4,265348.0,3168.0,3168.0,265348.0,0.0,0.0,0.0,0.0,1.0,0,0.0,0.0,1n-1m-18th-Ac-lu-mz,sequana_cpu_dev,1,11420835.0,1,18,A,lu-mz,4,4,250,128,128,16,251.38,96.74,348.12,83.79,32.25,116.04,116.04,3.0, sdumont6165,1392.48
0.0,216,12,265348.0,3120.0,3120.0,265348.0,0.0,0.0,0.0,0.0,1.0,0,0.0,0.0,1n-1m-18th-Bc-lu-mz,sequana_cpu_dev,1,11420838.0,1,18,B,lu-mz,4,4,250,304,208,17,1330.72,452.23,1782.95,133.07,45.22,178.3,178.3,10.0, sdumont6236,21395.4
0.0,216,12,265348.0,1032.0,1032.0,265348.0,0.0,0.0,0.0,0.0,1.0,0,0.0,0.0,1n-1m-18th-Bc-lu-mz,sequana_cpu_dev,1,11420841.0,1,18,B,lu-mz,4,4,250,304,208,17,1335.12,449.02,1784.14,133.51,44.9,178.41,178.41,10.0, sdumont6236,21409.68
0.0,216,12,265348.0,1036.0,1036.0,265348.0,0.0,0.0,0.0,0.0,1.0,0,0.0,0.0,1n-1m-18th-Bc-lu-mz,sequana_cpu_dev,1,11420845.0,1,18,B,lu-mz,4,4,250,304,208,17,1167.95,404.64,1572.59,106.18,36.79,142.96,142.96,11.0, sdumont6165,18871.079999999998
529.0,720,40,1921584.0,752164.0,752164.0,1921584.0,1239.04,4208.64,1239.04,4208.64,0.0,0,26.0,26.0,1n-1m-18th-Cc-lu-mz,sequana_cpu_dev,1,11420848.0,1,18,C,lu-mz,4,4,250,480,320,28,4839.28,1591.43,6430.7,124.08,40.81,164.89,164.89,39.0, sdumont6165,257228.0
528.0,720,40,1921584.0,754608.0,754608.0,1921584.0,1239.04,4208.64,1239.04,4208.64,0.0,0,95.0,95.0,1n-1m-18th-Cc-lu-mz,sequana_cpu_dev,1,11420851.0,1,18,C,lu-mz,4,4,250,480,320,28,5508.67,1743.83,7252.5,144.96,45.89,190.86,190.86,38.0, sdumont6236,290100.0
529.0,720,40,1927148.0,751940.0,751940.0,1927148.0,1228.8,4208.64,1228.8,4208.64,1.0,0,30.0,30.0,1n-1m-18th-Cc-lu-mz,sequana_cpu_dev,1,11420854.0,1,18,C,lu-mz,4,4,250,480,320,28,5531.92,1760.68,7292.6,145.58,46.33,191.91,191.91,38.0, sdumont6236,291704.0
0.0,100,5,265348.0,1036.0,1036.0,265348.0,0.0,0.0,0.0,0.0,1.0,0,0.0,0.0,1n-1m-20th-Ac-lu-mz,sequana_cpu_dev,1,11420858.0,1,20,A,lu-mz,4,4,250,128,128,16,249.53,90.73,340.26,62.38,22.68,85.06,85.06,4.0, sdumont6166,1701.3
0.0,100,5,265348.0,1032.0,1032.0,265348.0,0.0,0.0,0.0,0.0,3.0,0,0.0,0.0,1n-1m-20th-Ac-lu-mz,sequana_cpu_dev,1,11420863.0,1,20,A,lu-mz,4,4,250,128,128,16,256.21,90.11,346.33,64.05,22.53,86.58,86.58,4.0, sdumont6166,1731.6499999999999
0.0,100,5,265348.0,3052.0,3052.0,265348.0,0.0,0.0,0.0,0.0,1.0,0,0.0,0.0,1n-1m-20th-Ac-lu-mz,sequana_cpu_dev,1,11420866.0,1,20,A,lu-mz,4,4,250,128,128,16,252.06,98.19,350.25,63.02,24.55,87.56,87.56,4.0, sdumont6165,1751.25
0.0,240,12,265348.0,3048.0,3048.0,265348.0,0.0,0.0,0.0,0.0,0.0,0,0.0,0.0,1n-1m-20th-Bc-lu-mz,sequana_cpu_dev,1,11420869.0,1,20,B,lu-mz,4,4,250,304,208,17,1178.58,410.89,1589.46,107.14,37.35,144.5,144.5,11.0, sdumont6165,19073.52
0.0,240,12,265348.0,1032.0,1032.0,265348.0,0.0,0.0,0.0,0.0,0.0,0,0.0,0.0,1n-1m-20th-Bc-lu-mz,sequana_cpu_dev,1,11420872.0,1,20,B,lu-mz,4,4,250,304,208,17,1369.59,457.16,1826.75,124.51,41.56,166.07,166.07,11.0, sdumont6236,21921.0
0.0,240,12,265348.0,1032.0,1032.0,265348.0,0.0,0.0,0.0,0.0,0.0,0,0.0,0.0,1n-1m-20th-Bc-lu-mz,sequana_cpu_dev,1,11420875.0,1,20,B,lu-mz,4,4,250,304,208,17,1347.04,451.98,1799.01,122.46,41.09,163.55,163.55,11.0, sdumont6236,21588.12
535.0,780,39,1925688.0,752440.0,752440.0,1925688.0,1239.04,4208.64,1239.04,4208.64,0.0,0,423.0,423.0,1n-1m-20th-Cc-lu-mz,sequana_cpu_dev,1,11420878.0,1,20,C,lu-mz,4,4,250,480,320,28,4243.98,1417.6,5661.58,111.68,37.31,148.99,148.99,38.0, sdumont6077,220801.62
587.0,720,36,2153932.0,753716.0,753716.0,2153932.0,1228.8,4208.64,1228.8,4208.64,0.0,0,35.0,35.0,1n-1m-20th-Cc-lu-mz,sequana_cpu_dev,1,11420881.0,1,20,C,lu-mz,4,4,250,480,320,28,4234.44,1355.53,5589.97,124.54,39.87,164.41,164.41,34.0, sdumont6077,201238.92
587.0,740,37,2148508.0,756140.0,756140.0,2148508.0,1239.04,4208.64,1239.04,4208.64,0.0,0,41.0,41.0,1n-1m-20th-Cc-lu-mz,sequana_cpu_dev,1,11420884.0,1,20,C,lu-mz,4,4,250,480,320,28,4233.31,1353.74,5587.05,124.51,39.82,164.32,164.32,34.0, sdumont6077,206720.85
0.0,88,4,265348.0,1032.0,1032.0,265348.0,0.0,0.0,0.0,0.0,0.0,0,0.0,0.0,1n-1m-22th-Ac-lu-mz,sequana_cpu_dev,1,11420889.0,1,22,A,lu-mz,4,4,250,128,128,16,241.96,92.95,334.91,80.65,30.98,111.64,111.64,3.0, sdumont6077,1339.64
0.0,110,5,265348.0,1032.0,1032.0,265348.0,0.0,0.0,0.0,0.0,1.0,0,0.0,0.0,1n-1m-22th-Ac-lu-mz,sequana_cpu_dev,1,11420892.0,1,22,A,lu-mz,4,4,250,128,128,16,368.66,138.13,506.79,122.89,46.04,168.93,168.93,3.0, sdumont6077,2533.9500000000003
0.0,88,4,265348.0,1036.0,1036.0,265348.0,0.0,0.0,0.0,0.0,1.0,0,0.0,0.0,1n-1m-22th-Ac-lu-mz,sequana_cpu_dev,1,11420895.0,1,22,A,lu-mz,4,4,250,128,128,16,244.1,93.38,337.48,81.37,31.13,112.49,112.49,3.0, sdumont6077,1349.92
0.0,264,12,265348.0,3168.0,3168.0,265348.0,0.0,0.0,0.0,0.0,1.0,0,0.0,0.0,1n-1m-22th-Bc-lu-mz,sequana_cpu_dev,1,11420900.0,1,22,B,lu-mz,4,4,250,304,208,17,1333.45,455.57,1789.03,121.22,41.42,162.64,162.64,11.0, sdumont6165,21468.36
0.0,286,13,265348.0,3168.0,3168.0,265348.0,0.0,0.0,0.0,0.0,1.0,0,0.0,0.0,1n-1m-22th-Bc-lu-mz,sequana_cpu_dev,1,11420904.0,1,22,B,lu-mz,4,4,250,304,208,17,1338.65,460.66,1799.31,121.7,41.88,163.57,163.57,11.0, sdumont6165,23391.03
0.0,286,13,265348.0,3092.0,3092.0,265348.0,0.0,0.0,0.0,0.0,1.0,0,0.0,0.0,1n-1m-22th-Bc-lu-mz,sequana_cpu_dev,1,11420907.0,1,22,B,lu-mz,4,4,250,304,208,17,1333.9,454.52,1788.42,111.16,37.88,149.04,149.04,12.0, sdumont6165,23249.46
644.0,814,37,2158164.0,755696.0,755696.0,2158164.0,1228.8,4208.64,1228.8,4208.64,1.0,0,131.0,131.0,1n-1m-22th-Cc-lu-mz,sequana_cpu_dev,1,11420910.0,1,22,C,lu-mz,4,4,250,480,320,28,4494.78,1438.97,5933.75,124.86,39.97,164.83,164.83,36.0, sdumont6165,219548.75
646.0,814,37,2158164.0,753748.0,753748.0,2158164.0,1228.8,4208.64,1228.8,4208.64,1.0,0,39.0,39.0,1n-1m-22th-Cc-lu-mz,sequana_cpu_dev,1,11420913.0,1,22,C,lu-mz,4,4,250,480,320,28,4494.49,1437.95,5932.44,124.85,39.94,164.79,164.79,36.0, sdumont6165,219500.28
646.0,814,37,2152732.0,754320.0,754320.0,2152732.0,1239.04,4208.64,1239.04,4208.64,1.0,0,35.0,35.0,1n-1m-22th-Cc-lu-mz,sequana_cpu_dev,1,11420917.0,1,22,C,lu-mz,4,4,250,480,320,28,4492.95,1438.85,5931.8,124.8,39.97,164.77,164.77,36.0, sdumont6165,219476.6
0.0,120,5,265348.0,3040.0,3040.0,265348.0,0.0,0.0,0.0,0.0,1.0,0,0.0,0.0,1n-1m-24th-Ac-lu-mz,sequana_cpu_dev,1,11420920.0,1,24,A,lu-mz,4,4,250,128,128,16,401.8,147.19,549.0,100.45,36.8,137.25,137.25,4.0, sdumont6165,2745.0
0.0,96,4,265348.0,3088.0,3088.0,265348.0,0.0,0.0,0.0,0.0,1.0,0,0.0,0.0,1n-1m-24th-Ac-lu-mz,sequana_cpu_dev,1,11420923.0,1,24,A,lu-mz,4,4,250,128,128,16,259.9,99.29,359.19,86.63,33.1,119.73,119.73,3.0, sdumont6077,1436.76
0.0,120,5,265348.0,3048.0,3048.0,265348.0,0.0,0.0,0.0,0.0,0.0,0,0.0,0.0,1n-1m-24th-Ac-lu-mz,sequana_cpu_dev,1,11420927.0,1,24,A,lu-mz,4,4,250,128,128,16,390.19,141.66,531.84,130.06,47.22,177.28,177.28,3.0, sdumont6077,2659.2000000000003
0.0,312,13,265348.0,3108.0,3108.0,265348.0,0.0,0.0,0.0,0.0,0.0,0,0.0,0.0,1n-1m-24th-Bc-lu-mz,sequana_cpu_dev,1,11420930.0,1,24,B,lu-mz,4,4,250,304,208,17,1323.6,446.46,1770.07,120.33,40.59,160.92,160.92,11.0, sdumont6077,23010.91
0.0,312,13,265348.0,1028.0,1028.0,265348.0,0.0,0.0,0.0,0.0,0.0,0,0.0,0.0,1n-1m-24th-Bc-lu-mz,sequana_cpu_dev,1,11420934.0,1,24,B,lu-mz,4,4,250,304,208,17,1320.42,445.18,1765.61,120.04,40.47,160.51,160.51,11.0, sdumont6077,22952.93
0.0,312,13,265348.0,1032.0,1032.0,265348.0,0.0,0.0,0.0,0.0,1.0,0,0.0,0.0,1n-1m-24th-Bc-lu-mz,sequana_cpu_dev,1,11420937.0,1,24,B,lu-mz,4,4,250,304,208,17,1323.65,447.16,1770.81,120.33,40.65,160.98,160.98,11.0, sdumont6077,23020.53
701.0,888,37,1939612.0,752264.0,752264.0,1939612.0,1228.8,4208.64,1228.8,4208.64,1.0,0,131.0,131.0,1n-1m-24th-Cc-lu-mz,sequana_cpu_dev,1,11420940.0,1,24,C,lu-mz,4,4,250,480,320,28,4431.76,1401.75,5833.51,126.62,40.05,166.67,166.67,35.0, sdumont6077,215839.87
703.0,888,37,1934052.0,754504.0,754504.0,1934052.0,1218.56,4208.64,1218.56,4208.64,0.0,0,51.0,51.0,1n-1m-24th-Cc-lu-mz,sequana_cpu_dev,1,11420944.0,1,24,C,lu-mz,4,4,250,480,320,28,4698.96,1469.22,6168.18,134.26,41.98,176.23,176.23,35.0, sdumont6165,228222.66
703.0,888,37,1934048.0,752408.0,752408.0,1934048.0,1218.56,4208.64,1218.56,4208.64,0.0,0,39.0,39.0,1n-1m-24th-Cc-lu-mz,sequana_cpu_dev,1,11420947.0,1,24,C,lu-mz,4,4,250,480,320,28,4709.2,1474.01,6183.22,130.81,40.94,171.76,171.76,36.0, sdumont6165,228779.14
0.0,130,5,265348.0,3088.0,3088.0,265348.0,0.0,0.0,0.0,0.0,0.0,0,0.0,0.0,1n-1m-26th-Ac-lu-mz,sequana_cpu_dev,1,11420950.0,1,26,A,lu-mz,4,4,250,128,128,16,394.76,196.94,591.7,98.69,49.23,147.92,147.92,4.0, sdumont6165,2958.5
0.0,130,5,265348.0,3112.0,3112.0,265348.0,0.0,0.0,0.0,0.0,1.0,0,0.0,0.0,1n-1m-26th-Ac-lu-mz,sequana_cpu_dev,1,11420953.0,1,26,A,lu-mz,4,4,250,128,128,16,397.67,199.6,597.27,99.42,49.9,149.32,149.32,4.0, sdumont6165,2986.35
0.0,130,5,265348.0,3044.0,3044.0,265348.0,0.0,0.0,0.0,0.0,1.0,0,0.0,0.0,1n-1m-26th-Ac-lu-mz,sequana_cpu_dev,1,11420956.0,1,26,A,lu-mz,4,4,250,128,128,16,396.04,197.12,593.16,99.01,49.28,148.29,148.29,4.0, sdumont6165,2965.7999999999997
0.0,286,11,265348.0,3052.0,3052.0,265348.0,0.0,0.0,0.0,0.0,0.0,0,0.0,0.0,1n-1m-26th-Bc-lu-mz,sequana_cpu_dev,1,11420960.0,1,26,B,lu-mz,4,4,250,304,208,17,1202.29,566.48,1768.77,120.23,56.65,176.88,176.88,10.0, sdumont6165,19456.47
0.0,286,11,265348.0,3076.0,3076.0,265348.0,0.0,0.0,0.0,0.0,0.0,0,0.0,0.0,1n-1m-26th-Bc-lu-mz,sequana_cpu_dev,1,11420963.0,1,26,B,lu-mz,4,4,250,304,208,17,1209.69,567.34,1777.04,120.97,56.73,177.7,177.7,10.0, sdumont6165,19547.44
0.0,286,11,265348.0,3124.0,3124.0,265348.0,0.0,0.0,0.0,0.0,0.0,0,0.0,0.0,1n-1m-26th-Bc-lu-mz,sequana_cpu_dev,1,11420966.0,1,26,B,lu-mz,4,4,250,304,208,17,1192.8,561.87,1754.67,119.28,56.19,175.47,175.47,10.0, sdumont6165,19301.370000000003
761.0,884,34,1938156.0,752636.0,752636.0,1938156.0,1239.04,4208.64,1239.04,4208.64,1.0,0,140.0,140.0,1n-1m-26th-Cc-lu-mz,sequana_cpu_dev,1,11420969.0,1,26,C,lu-mz,4,4,250,480,320,28,4299.61,2000.0,6299.6,130.29,60.61,190.9,190.9,33.0, sdumont6165,214186.40000000002
708.0,936,36,1938164.0,752852.0,752852.0,1938164.0,1239.04,4208.64,1239.04,4208.64,1.0,0,465.0,465.0,1n-1m-26th-Cc-lu-mz,sequana_cpu_dev,1,11420972.0,1,26,C,lu-mz,4,4,250,480,320,28,4324.33,2023.55,6347.88,127.19,59.52,186.7,186.7,34.0, sdumont6082,228523.68
761.0,884,34,1938164.0,754576.0,754576.0,1938164.0,1239.04,4208.64,1239.04,4208.64,1.0,0,32.0,32.0,1n-1m-26th-Cc-lu-mz,sequana_cpu_dev,1,11420975.0,1,26,C,lu-mz,4,4,250,480,320,28,4334.41,2003.26,6337.67,131.35,60.7,192.05,192.05,33.0, sdumont6082,215480.78
0.0,168,6,265348.0,3160.0,3160.0,265348.0,0.0,0.0,0.0,0.0,1.0,0,0.0,0.0,1n-1m-28th-Ac-lu-mz,sequana_cpu_dev,1,11420978.0,1,28,A,lu-mz,4,4,250,128,128,16,399.47,232.16,631.63,99.87,58.04,157.91,157.91,4.0, sdumont6082,3789.7799999999997
0.0,168,6,265348.0,3140.0,3140.0,265348.0,0.0,0.0,0.0,0.0,1.0,0,0.0,0.0,1n-1m-28th-Ac-lu-mz,sequana_cpu_dev,1,11420981.0,1,28,A,lu-mz,4,4,250,128,128,16,398.31,232.37,630.69,99.58,58.09,157.67,157.67,4.0, sdumont6082,3784.1400000000003
0.0,140,5,265348.0,3240.0,3240.0,265348.0,0.0,0.0,0.0,0.0,1.0,0,0.0,0.0,1n-1m-28th-Ac-lu-mz,sequana_cpu_dev,1,11420986.0,1,28,A,lu-mz,4,4,250,128,128,16,391.55,230.51,622.06,97.89,57.63,155.51,155.51,4.0, sdumont6165,3110.2999999999997
0.0,308,11,265348.0,3232.0,3232.0,265348.0,0.0,0.0,0.0,0.0,1.0,0,0.0,0.0,1n-1m-28th-Bc-lu-mz,sequana_cpu_dev,1,11420990.0,1,28,B,lu-mz,4,4,250,304,208,17,1212.25,659.16,1871.41,121.23,65.92,187.14,187.14,10.0, sdumont6165,20585.510000000002
0.0,336,12,265348.0,3168.0,3168.0,265348.0,0.0,0.0,0.0,0.0,1.0,0,0.0,0.0,1n-1m-28th-Bc-lu-mz,sequana_cpu_dev,1,11420997.0,1,28,B,lu-mz,4,4,250,304,208,17,1222.57,665.46,1888.02,122.26,66.55,188.8,188.8,10.0, sdumont6082,22656.239999999998
0.0,336,12,265348.0,3140.0,3140.0,265348.0,0.0,0.0,0.0,0.0,1.0,0,0.0,0.0,1n-1m-28th-Bc-lu-mz,sequana_cpu_dev,1,11421004.0,1,28,B,lu-mz,4,4,250,304,208,17,1220.75,660.95,1881.7,122.08,66.1,188.17,188.17,10.0, sdumont6082,22580.4
819.0,952,34,2165092.0,754400.0,754400.0,2165092.0,1228.8,4218.88,1228.8,4218.88,2.0,0,44.0,44.0,1n-1m-28th-Cc-lu-mz,sequana_cpu_dev,1,11421007.0,1,28,C,lu-mz,4,4,250,480,320,28,4127.9,2214.68,6342.58,129.0,69.21,198.21,198.21,32.0, sdumont6082,215647.72
819.0,952,34,1725168.0,751744.0,751744.0,1725168.0,1228.8,4218.88,1228.8,4218.88,3.0,0,56.0,56.0,1n-1m-28th-Cc-lu-mz,sequana_cpu_dev,1,11421010.0,1,28,C,lu-mz,4,4,250,480,320,28,4121.36,2217.2,6338.56,128.79,69.29,198.08,198.08,32.0, sdumont6082,215511.04
820.0,952,34,1947840.0,752176.0,752176.0,1947840.0,1239.04,4218.88,1239.04,4218.88,1.0,0,22.0,22.0,1n-1m-28th-Cc-lu-mz,sequana_cpu_dev,1,11421013.0,1,28,C,lu-mz,4,4,250,480,320,28,4113.78,2210.33,6324.11,128.56,69.07,197.63,197.63,32.0, sdumont6082,215019.74
0.0,150,5,265348.0,3048.0,3048.0,265348.0,0.0,0.0,0.0,0.0,1.0,0,0.0,0.0,1n-1m-30th-Ac-lu-mz,sequana_cpu_dev,1,11421016.0,1,30,A,lu-mz,4,4,250,128,128,16,385.88,256.56,642.44,128.63,85.52,214.15,214.15,3.0, sdumont6082,3212.2000000000003
0.0,150,5,265348.0,3052.0,3052.0,265348.0,0.0,0.0,0.0,0.0,1.0,0,0.0,0.0,1n-1m-30th-Ac-lu-mz,sequana_cpu_dev,1,11421019.0,1,30,A,lu-mz,4,4,250,128,128,16,386.65,257.79,644.45,128.88,85.93,214.82,214.82,3.0, sdumont6082,3222.25
0.0,150,5,265348.0,3132.0,3132.0,265348.0,0.0,0.0,0.0,0.0,1.0,0,0.0,0.0,1n-1m-30th-Ac-lu-mz,sequana_cpu_dev,1,11421022.0,1,30,A,lu-mz,4,4,250,128,128,16,382.6,253.12,635.72,127.53,84.37,211.91,211.91,3.0, sdumont6082,3178.6000000000004
0.0,360,12,265348.0,3156.0,3156.0,265348.0,0.0,0.0,0.0,0.0,1.0,0,0.0,0.0,1n-1m-30th-Bc-lu-mz,sequana_cpu_dev,1,11421025.0,1,30,B,lu-mz,4,4,250,304,208,17,1195.66,747.4,1943.06,119.57,74.74,194.31,194.31,10.0, sdumont6082,23316.72
0.0,360,12,265348.0,3172.0,3172.0,265348.0,0.0,0.0,0.0,0.0,1.0,0,0.0,0.0,1n-1m-30th-Bc-lu-mz,sequana_cpu_dev,1,11421028.0,1,30,B,lu-mz,4,4,250,304,208,17,1202.91,755.77,1958.67,120.29,75.58,195.87,195.87,10.0, sdumont6082,23504.04
0.0,360,12,265348.0,3136.0,3136.0,265348.0,0.0,0.0,0.0,0.0,1.0,0,0.0,0.0,1n-1m-30th-Bc-lu-mz,sequana_cpu_dev,1,11421031.0,1,30,B,lu-mz,4,4,250,304,208,17,1204.86,750.24,1955.1,133.87,83.36,217.23,217.23,9.0, sdumont6082,23461.199999999997
878.0,990,33,1729272.0,751908.0,751908.0,1729272.0,1228.8,4218.88,1228.8,4218.88,1.0,0,40.0,40.0,1n-1m-30th-Cc-lu-mz,sequana_cpu_dev,1,11421034.0,1,30,C,lu-mz,4,4,250,480,320,28,4079.89,2525.4,6605.29,131.61,81.46,213.07,213.07,31.0, sdumont6082,217974.57
875.0,990,33,1946384.0,752728.0,752728.0,1946384.0,1228.8,4218.88,1228.8,4218.88,0.0,0,60.0,60.0,1n-1m-30th-Cc-lu-mz,sequana_cpu_dev,1,11421037.0,1,30,C,lu-mz,4,4,250,480,320,28,4076.9,2529.2,6606.1,127.4,79.04,206.44,206.44,32.0, sdumont6082,218001.30000000002
878.0,990,33,2169196.0,754616.0,754616.0,2169196.0,1228.8,4218.88,1228.8,4218.88,1.0,0,175.0,175.0,1n-1m-30th-Cc-lu-mz,sequana_cpu_dev,1,11421040.0,1,30,C,lu-mz,4,4,250,480,320,28,4076.79,2526.3,6603.09,127.4,78.95,206.35,206.35,32.0, sdumont6082,217901.97
0.0,160,5,265348.0,3140.0,3140.0,265348.0,0.0,0.0,0.0,0.0,1.0,0,0.0,0.0,1n-1m-32th-Ac-lu-mz,sequana_cpu_dev,1,11421043.0,1,32,A,lu-mz,4,4,250,128,128,16,390.13,294.07,684.21,130.04,98.02,228.07,228.07,3.0, sdumont6082,3421.05
0.0,160,5,265348.0,3056.0,3056.0,265348.0,0.0,0.0,0.0,0.0,1.0,0,0.0,0.0,1n-1m-32th-Ac-lu-mz,sequana_cpu_dev,1,11421046.0,1,32,A,lu-mz,4,4,250,128,128,16,381.41,285.13,666.54,127.14,95.04,222.18,222.18,3.0, sdumont6082,3332.7
0.0,160,5,265348.0,3044.0,3044.0,265348.0,0.0,0.0,0.0,0.0,0.0,0,0.0,0.0,1n-1m-32th-Ac-lu-mz,sequana_cpu_dev,1,11421049.0,1,32,A,lu-mz,4,4,250,128,128,16,383.69,288.97,672.65,127.9,96.32,224.22,224.22,3.0, sdumont6082,3363.25
0.0,384,12,265348.0,3116.0,3116.0,265348.0,0.0,0.0,0.0,0.0,1.0,0,0.0,0.0,1n-1m-32th-Bc-lu-mz,sequana_cpu_dev,1,11421052.0,1,32,B,lu-mz,4,4,250,304,208,17,1214.22,874.39,2088.61,121.42,87.44,208.86,208.86,10.0, sdumont6082,25063.32
0.0,384,12,265348.0,3072.0,3072.0,265348.0,0.0,0.0,0.0,0.0,1.0,0,0.0,0.0,1n-1m-32th-Bc-lu-mz,sequana_cpu_dev,1,11421055.0,1,32,B,lu-mz,4,4,250,304,208,17,1208.31,871.46,2079.77,120.83,87.15,207.98,207.98,10.0, sdumont6082,24957.239999999998
0.0,384,12,265348.0,3136.0,3136.0,265348.0,0.0,0.0,0.0,0.0,1.0,0,0.0,0.0,1n-1m-32th-Bc-lu-mz,sequana_cpu_dev,1,11421058.0,1,32,B,lu-mz,4,4,250,304,208,17,1211.88,872.34,2084.22,121.19,87.23,208.42,208.42,10.0, sdumont6082,25010.64
936.0,1056,33,1950492.0,752592.0,752592.0,1950492.0,1228.8,4218.88,1228.8,4218.88,0.0,0,61.0,61.0,1n-1m-32th-Cc-lu-mz,sequana_cpu_dev,1,11421061.0,1,32,C,lu-mz,4,4,250,480,320,28,4113.83,2926.77,7040.6,132.7,94.41,227.12,227.12,31.0, sdumont6082,232339.80000000002
935.0,1056,33,2178736.0,754268.0,754268.0,2178736.0,1228.8,4218.88,1228.8,4218.88,1.0,0,50.0,50.0,1n-1m-32th-Cc-lu-mz,sequana_cpu_dev,1,11421064.0,1,32,C,lu-mz,4,4,250,480,320,28,4098.42,2916.78,7015.21,132.21,94.09,226.3,226.3,31.0, sdumont6082,231501.93
936.0,1056,33,1950496.0,752880.0,752880.0,1950496.0,1228.8,4218.88,1228.8,4218.88,1.0,0,50.0,50.0,1n-1m-32th-Cc-lu-mz,sequana_cpu_dev,1,11421067.0,1,32,C,lu-mz,4,4,250,480,320,28,4114.58,2942.59,7057.17,132.73,94.92,227.65,227.65,31.0, sdumont6082,232886.61000000002
0.0,170,5,265348.0,3164.0,3164.0,265348.0,0.0,0.0,0.0,0.0,1.0,0,0.0,0.0,1n-1m-34th-Ac-lu-mz,sequana_cpu_dev,1,11421070.0,1,34,A,lu-mz,4,4,250,128,128,16,386.83,319.26,706.09,128.94,106.42,235.36,235.36,3.0, sdumont6082,3530.4500000000003
0.0,170,5,265348.0,3160.0,3160.0,265348.0,0.0,0.0,0.0,0.0,1.0,0,0.0,0.0,1n-1m-34th-Ac-lu-mz,sequana_cpu_dev,1,11421073.0,1,34,A,lu-mz,4,4,250,128,128,16,385.2,316.94,702.14,128.4,105.65,234.05,234.05,3.0, sdumont6082,3510.7
0.0,170,5,265348.0,3148.0,3148.0,265348.0,0.0,0.0,0.0,0.0,1.0,0,0.0,0.0,1n-1m-34th-Ac-lu-mz,sequana_cpu_dev,1,11421076.0,1,34,A,lu-mz,4,4,250,128,128,16,394.04,328.79,722.83,131.35,109.6,240.94,240.94,3.0, sdumont6082,3614.15
0.0,408,12,265348.0,3088.0,3088.0,265348.0,0.0,0.0,0.0,0.0,1.0,0,0.0,0.0,1n-1m-34th-Bc-lu-mz,sequana_cpu_dev,1,11421080.0,1,34,B,lu-mz,4,4,250,304,208,17,1203.08,975.91,2178.99,120.31,97.59,217.9,217.9,10.0, sdumont6082,26147.879999999997
0.0,408,12,265348.0,3164.0,3164.0,265348.0,0.0,0.0,0.0,0.0,0.0,0,0.0,0.0,1n-1m-34th-Bc-lu-mz,sequana_cpu_dev,1,11421083.0,1,34,B,lu-mz,4,4,250,304,208,17,1206.55,976.07,2182.62,120.66,97.61,218.26,218.26,10.0, sdumont6082,26191.44
0.0,408,12,265348.0,3216.0,3216.0,265348.0,0.0,0.0,0.0,0.0,0.0,0,0.0,0.0,1n-1m-34th-Bc-lu-mz,sequana_cpu_dev,1,11421086.0,1,34,B,lu-mz,4,4,250,304,208,17,1201.77,974.94,2176.71,120.18,97.49,217.67,217.67,10.0, sdumont6082,26120.52
993.0,1122,33,1954608.0,753240.0,753240.0,1954608.0,1228.8,4218.88,1228.8,4218.88,1.0,0,167.0,167.0,1n-1m-34th-Cc-lu-mz,sequana_cpu_dev,1,11421089.0,1,34,C,lu-mz,4,4,250,480,320,28,4076.37,3286.8,7363.17,131.5,106.03,237.52,237.52,31.0, sdumont6082,242984.61000000002
993.0,1122,33,2177424.0,755032.0,755032.0,2177424.0,1228.8,4218.88,1228.8,4218.88,1.0,0,48.0,48.0,1n-1m-34th-Cc-lu-mz,sequana_cpu_dev,1,11421092.0,1,34,C,lu-mz,4,4,250,480,320,28,4061.88,3266.88,7328.76,131.03,105.38,236.41,236.41,31.0, sdumont6082,241849.08000000002
994.0,1122,33,2177424.0,756856.0,756856.0,2177424.0,1228.8,4218.88,1228.8,4218.88,1.0,0,49.0,49.0,1n-1m-34th-Cc-lu-mz,sequana_cpu_dev,1,11421095.0,1,34,C,lu-mz,4,4,250,480,320,28,4058.84,3262.49,7321.33,130.93,105.24,236.17,236.17,31.0, sdumont6082,241603.88999999998
0.0,180,5,265348.0,3136.0,3136.0,265348.0,0.0,0.0,0.0,0.0,1.0,0,0.0,0.0,1n-1m-36th-Ac-lu-mz,sequana_cpu_dev,1,11421098.0,1,36,A,lu-mz,4,4,250,128,128,16,395.11,327.77,722.88,131.7,109.26,240.96,240.96,3.0, sdumont6082,3614.4
0.0,180,5,265348.0,3168.0,3168.0,265348.0,0.0,0.0,0.0,0.0,1.0,0,0.0,0.0,1n-1m-36th-Ac-lu-mz,sequana_cpu_dev,1,11421101.0,1,36,A,lu-mz,4,4,250,128,128,16,394.92,335.02,729.94,131.64,111.67,243.31,243.31,3.0, sdumont6082,3649.7000000000003
0.0,216,6,265348.0,3160.0,3160.0,265348.0,0.0,0.0,0.0,0.0,1.0,0,0.0,0.0,1n-1m-36th-Ac-lu-mz,sequana_cpu_dev,1,11421104.0,1,36,A,lu-mz,4,4,250,128,128,16,396.16,341.66,737.82,132.05,113.89,245.94,245.94,3.0, sdumont6082,4426.92
0.0,432,12,265348.0,3164.0,3164.0,265348.0,0.0,0.0,0.0,0.0,1.0,0,0.0,0.0,1n-1m-36th-Bc-lu-mz,sequana_cpu_dev,1,11421107.0,1,36,B,lu-mz,4,4,250,304,208,17,1203.57,1016.0,2219.57,120.36,101.6,221.96,221.96,10.0, sdumont6082,26634.840000000004
0.0,432,12,265348.0,3116.0,3116.0,265348.0,0.0,0.0,0.0,0.0,1.0,0,0.0,0.0,1n-1m-36th-Bc-lu-mz,sequana_cpu_dev,1,11421110.0,1,36,B,lu-mz,4,4,250,304,208,17,1200.85,1014.06,2214.91,120.08,101.41,221.49,221.49,10.0, sdumont6082,26578.92
0.0,432,12,265348.0,3164.0,3164.0,265348.0,0.0,0.0,0.0,0.0,1.0,0,0.0,0.0,1n-1m-36th-Bc-lu-mz,sequana_cpu_dev,1,11421113.0,1,36,B,lu-mz,4,4,250,304,208,17,1198.17,1017.88,2216.04,119.82,101.79,221.6,221.6,10.0, sdumont6082,26592.48
1051.0,1188,33,1958720.0,753048.0,753048.0,1958720.0,1228.8,4218.88,1228.8,4218.88,1.0,0,76.0,76.0,1n-1m-36th-Cc-lu-mz,sequana_cpu_dev,1,11421116.0,1,36,C,lu-mz,4,4,250,480,320,28,4034.12,3417.89,7452.01,130.13,110.25,240.39,240.39,31.0, sdumont6082,245916.33000000002
1051.0,1188,33,1958712.0,752812.0,752812.0,1958712.0,1228.8,4218.88,1228.8,4218.88,1.0,0,82.0,82.0,1n-1m-36th-Cc-lu-mz,sequana_cpu_dev,1,11421119.0,1,36,C,lu-mz,4,4,250,480,320,28,3998.07,3397.91,7395.98,128.97,109.61,238.58,238.58,31.0, sdumont6082,244067.34
1052.0,1188,33,1958720.0,754868.0,754868.0,1958720.0,1228.8,4218.88,1228.8,4218.88,1.0,0,86.0,86.0,1n-1m-36th-Cc-lu-mz,sequana_cpu_dev,1,11421122.0,1,36,C,lu-mz,4,4,250,480,320,28,4006.5,3415.94,7422.43,129.24,110.19,239.43,239.43,31.0, sdumont6082,244940.19
0.0,190,5,265348.0,3140.0,3140.0,265348.0,0.0,0.0,0.0,0.0,1.0,0,0.0,0.0,1n-1m-38th-Ac-lu-mz,sequana_cpu_dev,1,11421125.0,1,38,A,lu-mz,4,4,250,128,128,16,389.4,333.35,722.75,129.8,111.12,240.92,240.92,3.0, sdumont6082,3613.75
0.0,190,5,265348.0,3044.0,3044.0,265348.0,0.0,0.0,0.0,0.0,1.0,0,0.0,0.0,1n-1m-38th-Ac-lu-mz,sequana_cpu_dev,1,11421128.0,1,38,A,lu-mz,4,4,250,128,128,16,385.05,326.94,711.99,128.35,108.98,237.33,237.33,3.0, sdumont6082,3559.95
0.0,190,5,265348.0,3088.0,3088.0,265348.0,0.0,0.0,0.0,0.0,1.0,0,0.0,0.0,1n-1m-38th-Ac-lu-mz,sequana_cpu_dev,1,11421131.0,1,38,A,lu-mz,4,4,250,128,128,16,388.89,330.86,719.75,129.63,110.29,239.92,239.92,3.0, sdumont6082,3598.75
0.0,456,12,265348.0,3048.0,3048.0,265348.0,0.0,0.0,0.0,0.0,1.0,0,0.0,0.0,1n-1m-38th-Bc-lu-mz,sequana_cpu_dev,1,11421134.0,1,38,B,lu-mz,4,4,250,304,208,17,1189.77,1045.75,2235.52,118.98,104.57,223.55,223.55,10.0, sdumont6082,26826.239999999998
0.0,456,12,265348.0,3036.0,3036.0,265348.0,0.0,0.0,0.0,0.0,1.0,0,0.0,0.0,1n-1m-38th-Bc-lu-mz,sequana_cpu_dev,1,11421137.0,1,38,B,lu-mz,4,4,250,304,208,17,1190.68,1044.77,2235.45,119.07,104.48,223.55,223.55,10.0, sdumont6082,26825.399999999998
0.0,456,12,265348.0,3128.0,3128.0,265348.0,0.0,0.0,0.0,0.0,1.0,0,0.0,0.0,1n-1m-38th-Bc-lu-mz,sequana_cpu_dev,1,11421141.0,1,38,B,lu-mz,4,4,250,304,208,17,1193.11,1044.68,2237.79,119.31,104.47,223.78,223.78,10.0, sdumont6082,26853.48
1107.0,1292,34,1962832.0,753048.0,753048.0,1962832.0,1228.8,4218.88,1228.8,4218.88,1.0,0,189.0,189.0,1n-1m-38th-Cc-lu-mz,sequana_cpu_dev,1,11421144.0,1,38,C,lu-mz,4,4,250,480,320,28,4001.45,3550.16,7551.61,125.05,110.94,235.99,235.99,32.0, sdumont6082,256754.74
1109.0,1292,34,1962832.0,753136.0,753136.0,1962832.0,1228.8,4218.88,1228.8,4218.88,1.0,0,95.0,95.0,1n-1m-38th-Cc-lu-mz,sequana_cpu_dev,1,11421146.0,1,38,C,lu-mz,4,4,250,480,320,28,3984.22,3546.98,7531.2,128.52,114.42,242.94,242.94,31.0, sdumont6082,256060.8
1108.0,1254,33,1968396.0,752404.0,752404.0,1968396.0,1228.8,4218.88,1228.8,4218.88,1.0,0,80.0,80.0,1n-1m-38th-Cc-lu-mz,sequana_cpu_dev,1,11421150.0,1,38,C,lu-mz,4,4,250,480,320,28,3964.67,3525.66,7490.32,127.89,113.73,241.62,241.62,31.0, sdumont6082,247180.56
0.0,240,6,265348.0,3164.0,3164.0,265348.0,0.0,0.0,0.0,0.0,1.0,0,0.0,0.0,1n-1m-40th-Ac-lu-mz,sequana_cpu_dev,1,11421153.0,1,40,A,lu-mz,4,4,250,128,128,16,392.15,342.82,734.98,98.04,85.71,183.74,183.74,4.0, sdumont6082,4409.88
0.0,240,6,265348.0,3056.0,3056.0,265348.0,0.0,0.0,0.0,0.0,1.0,0,0.0,0.0,1n-1m-40th-Ac-lu-mz,sequana_cpu_dev,1,11421156.0,1,40,A,lu-mz,4,4,250,128,128,16,393.79,347.44,741.22,98.45,86.86,185.31,185.31,4.0, sdumont6082,4447.32
0.0,240,6,265348.0,3092.0,3092.0,265348.0,0.0,0.0,0.0,0.0,1.0,0,0.0,0.0,1n-1m-40th-Ac-lu-mz,sequana_cpu_dev,1,11421158.0,1,40,A,lu-mz,4,4,250,128,128,16,394.69,348.39,743.09,98.67,87.1,185.77,185.77,4.0, sdumont6082,4458.54
0.0,480,12,265348.0,3128.0,3128.0,265348.0,0.0,0.0,0.0,0.0,1.0,0,0.0,0.0,1n-1m-40th-Bc-lu-mz,sequana_cpu_dev,1,11421161.0,1,40,B,lu-mz,4,4,250,304,208,17,1186.67,1080.68,2267.36,118.67,108.07,226.74,226.74,10.0, sdumont6082,27208.32
0.0,480,12,265348.0,3164.0,3164.0,265348.0,0.0,0.0,0.0,0.0,1.0,0,0.0,0.0,1n-1m-40th-Bc-lu-mz,sequana_cpu_dev,1,11421164.0,1,40,B,lu-mz,4,4,250,304,208,17,1186.08,1077.22,2263.29,118.61,107.72,226.33,226.33,10.0, sdumont6082,27159.48
0.0,480,12,265348.0,3140.0,3140.0,265348.0,0.0,0.0,0.0,0.0,1.0,0,0.0,0.0,1n-1m-40th-Bc-lu-mz,sequana_cpu_dev,1,11421167.0,1,40,B,lu-mz,4,4,250,304,208,17,1176.55,1075.08,2251.63,117.66,107.51,225.16,225.16,10.0, sdumont6082,27019.56
0.0,1160,29,265348.0,3048.0,3048.0,265348.0,0.0,0.0,0.0,0.0,1.0,0,0.0,0.0,1n-1m-40th-Cc-lu-mz,sequana_cpu_dev,1,11421170.0,1,40,C,lu-mz,4,4,250,480,320,28,3524.65,3232.81,6757.46,130.54,119.73,250.28,250.28,27.0, sdumont6082,195966.34
0.0,1120,28,265348.0,3140.0,3140.0,265348.0,0.0,0.0,0.0,0.0,1.0,0,0.0,0.0,1n-1m-40th-Cc-lu-mz,sequana_cpu_dev,1,11421173.0,1,40,C,lu-mz,4,4,250,480,320,28,3381.44,3097.02,6478.46,125.24,114.7,239.94,239.94,27.0, sdumont6082,181396.88
0.0,1160,29,265348.0,3072.0,3072.0,265348.0,0.0,0.0,0.0,0.0,3.0,0,0.0,0.0,1n-1m-40th-Cc-lu-mz,sequana_cpu_dev,1,11421176.0,1,40,C,lu-mz,4,4,250,480,320,28,3527.04,3234.17,6761.21,130.63,119.78,250.42,250.42,27.0, sdumont6082,196075.09
0.0,210,5,265348.0,3080.0,3080.0,265348.0,0.0,0.0,0.0,0.0,1.0,0,0.0,0.0,1n-1m-42th-Ac-lu-mz,sequana_cpu_dev,1,11421179.0,1,42,A,lu-mz,4,4,250,128,128,16,390.56,346.41,736.98,130.19,115.47,245.66,245.66,3.0, sdumont6082,3684.9
0.0,252,6,265348.0,3132.0,3132.0,265348.0,0.0,0.0,0.0,0.0,1.0,0,0.0,0.0,1n-1m-42th-Ac-lu-mz,sequana_cpu_dev,1,11421182.0,1,42,A,lu-mz,4,4,250,128,128,16,395.77,351.92,747.69,131.92,117.31,249.23,249.23,3.0, sdumont6082,4486.14
0.0,252,6,265348.0,3120.0,3120.0,265348.0,0.0,0.0,0.0,0.0,1.0,0,0.0,0.0,1n-1m-42th-Ac-lu-mz,sequana_cpu_dev,1,11421185.0,1,42,A,lu-mz,4,4,250,128,128,16,393.17,355.58,748.76,98.29,88.9,187.19,187.19,4.0, sdumont6082,4492.5599999999995
0.0,504,12,265348.0,3124.0,3124.0,265348.0,0.0,0.0,0.0,0.0,1.0,0,0.0,0.0,1n-1m-42th-Bc-lu-mz,sequana_cpu_dev,1,11421188.0,1,42,B,lu-mz,4,4,250,304,208,17,1177.21,1104.25,2281.46,117.72,110.43,228.15,228.15,10.0, sdumont6082,27377.52
0.0,504,12,265348.0,3128.0,3128.0,265348.0,0.0,0.0,0.0,0.0,1.0,0,0.0,0.0,1n-1m-42th-Bc-lu-mz,sequana_cpu_dev,1,11421191.0,1,42,B,lu-mz,4,4,250,304,208,17,1166.25,1098.74,2264.99,116.62,109.87,226.5,226.5,10.0, sdumont6082,27179.879999999997
0.0,504,12,265348.0,3108.0,3108.0,265348.0,0.0,0.0,0.0,0.0,1.0,0,0.0,0.0,1n-1m-42th-Bc-lu-mz,sequana_cpu_dev,1,11421194.0,1,42,B,lu-mz,4,4,250,304,208,17,1179.91,1113.41,2293.33,117.99,111.34,229.33,229.33,10.0, sdumont6082,27519.96
0.0,1218,29,265348.0,3056.0,3056.0,265348.0,0.0,0.0,0.0,0.0,1.0,0,0.0,0.0,1n-1m-42th-Cc-lu-mz,sequana_cpu_dev,1,11421197.0,1,42,C,lu-mz,4,4,250,480,320,28,3529.61,3313.7,6843.3,130.73,122.73,253.46,253.46,27.0, sdumont6082,198455.7
0.0,1218,29,265348.0,3140.0,3140.0,265348.0,0.0,0.0,0.0,0.0,1.0,0,0.0,0.0,1n-1m-42th-Cc-lu-mz,sequana_cpu_dev,1,11421200.0,1,42,C,lu-mz,4,4,250,480,320,28,3524.7,3300.63,6825.33,130.54,122.25,252.79,252.79,27.0, sdumont6082,197934.57
0.0,1218,29,265348.0,3032.0,3032.0,265348.0,0.0,0.0,0.0,0.0,1.0,0,0.0,0.0,1n-1m-42th-Cc-lu-mz,sequana_cpu_dev,1,11421203.0,1,42,C,lu-mz,4,4,250,480,320,28,3529.2,3310.8,6840.01,130.71,122.62,253.33,253.33,27.0, sdumont6082,198360.29
0.0,264,6,265348.0,3112.0,3112.0,265348.0,0.0,0.0,0.0,0.0,1.0,0,0.0,0.0,1n-1m-44th-Ac-lu-mz,sequana_cpu_dev,1,11421206.0,1,44,A,lu-mz,4,4,250,128,128,16,393.18,359.3,752.48,98.29,89.83,188.12,188.12,4.0, sdumont6082,4514.88
0.0,264,6,265348.0,3120.0,3120.0,265348.0,0.0,0.0,0.0,0.0,0.0,0,0.0,0.0,1n-1m-44th-Ac-lu-mz,sequana_cpu_dev,1,11421209.0,1,44,A,lu-mz,4,4,250,128,128,16,393.37,359.95,753.32,98.34,89.99,188.33,188.33,4.0, sdumont6082,4519.92
0.0,264,6,265348.0,3140.0,3140.0,265348.0,0.0,0.0,0.0,0.0,0.0,0,0.0,0.0,1n-1m-44th-Ac-lu-mz,sequana_cpu_dev,1,11421212.0,1,44,A,lu-mz,4,4,250,128,128,16,395.75,361.2,756.95,98.94,90.3,189.24,189.24,4.0, sdumont6082,4541.700000000001
0.0,572,13,265348.0,3140.0,3140.0,265348.0,0.0,0.0,0.0,0.0,1.0,0,0.0,0.0,1n-1m-44th-Bc-lu-mz,sequana_cpu_dev,1,11421215.0,1,44,B,lu-mz,4,4,250,304,208,17,1166.93,1125.2,2292.13,106.08,102.29,208.38,208.38,11.0, sdumont6082,29797.690000000002
0.0,528,12,265348.0,3076.0,3076.0,265348.0,0.0,0.0,0.0,0.0,1.0,0,0.0,0.0,1n-1m-44th-Bc-lu-mz,sequana_cpu_dev,1,11421218.0,1,44,B,lu-mz,4,4,250,304,208,17,1176.0,1126.14,2302.14,117.6,112.61,230.21,230.21,10.0, sdumont6082,27625.68
0.0,572,13,265348.0,3044.0,3044.0,265348.0,0.0,0.0,0.0,0.0,4.0,0,0.0,0.0,1n-1m-44th-Bc-lu-mz,sequana_cpu_dev,1,11421221.0,1,44,B,lu-mz,4,4,250,304,208,17,1168.64,1124.59,2293.23,116.86,112.46,229.32,229.32,10.0, sdumont6082,29811.99
0.0,1320,30,265348.0,3144.0,3144.0,265348.0,0.0,0.0,0.0,0.0,1.0,0,0.0,0.0,1n-1m-44th-Cc-lu-mz,sequana_cpu_dev,1,11421224.0,1,44,C,lu-mz,4,4,250,480,320,28,3531.07,3357.99,6889.06,126.11,119.93,246.04,246.04,28.0, sdumont6082,206671.80000000002
0.0,1320,30,265348.0,3140.0,3140.0,265348.0,0.0,0.0,0.0,0.0,4.0,0,0.0,0.0,1n-1m-44th-Cc-lu-mz,sequana_cpu_dev,1,11421227.0,1,44,C,lu-mz,4,4,250,480,320,28,3524.25,3340.01,6864.26,125.87,119.29,245.15,245.15,28.0, sdumont6082,205927.80000000002
0.0,1320,30,265348.0,3120.0,3120.0,265348.0,0.0,0.0,0.0,0.0,1.0,0,0.0,0.0,1n-1m-44th-Cc-lu-mz,sequana_cpu_dev,1,11421230.0,1,44,C,lu-mz,4,4,250,480,320,28,3525.53,3332.37,6857.9,125.91,119.01,244.93,244.93,28.0, sdumont6082,205737.0
0.0,276,6,265348.0,3172.0,3172.0,265348.0,0.0,0.0,0.0,0.0,4.0,0,0.0,0.0,1n-1m-46th-Ac-lu-mz,sequana_cpu_dev,1,11421234.0,1,46,A,lu-mz,4,4,250,128,128,16,393.19,361.66,754.85,98.3,90.42,188.71,188.71,4.0, sdumont6082,4529.1
0.0,276,6,265348.0,3168.0,3168.0,265348.0,0.0,0.0,0.0,0.0,1.0,0,0.0,0.0,1n-1m-46th-Ac-lu-mz,sequana_cpu_dev,1,11421237.0,1,46,A,lu-mz,4,4,250,128,128,16,392.33,361.41,753.74,98.08,90.35,188.44,188.44,4.0, sdumont6082,4522.4400000000005
0.0,230,5,265348.0,3232.0,3232.0,265348.0,0.0,0.0,0.0,0.0,4.0,0,0.0,0.0,1n-1m-46th-Ac-lu-mz,sequana_cpu_dev,1,11421240.0,1,46,A,lu-mz,4,4,250,128,128,16,392.99,363.94,756.93,131.0,121.31,252.31,252.31,3.0, sdumont6082,3784.6499999999996
0.0,598,13,265348.0,3228.0,3228.0,265348.0,0.0,0.0,0.0,0.0,1.0,0,0.0,0.0,1n-1m-46th-Bc-lu-mz,sequana_cpu_dev,1,11421243.0,1,46,B,lu-mz,4,4,250,304,208,17,1159.91,1132.23,2292.14,105.45,102.93,208.38,208.38,11.0, sdumont6082,29797.82
0.0,552,12,265348.0,3236.0,3236.0,265348.0,0.0,0.0,0.0,0.0,4.0,0,0.0,0.0,1n-1m-46th-Bc-lu-mz,sequana_cpu_dev,1,11421246.0,1,46,B,lu-mz,4,4,250,304,208,17,1170.26,1137.57,2307.83,106.39,103.42,209.8,209.8,11.0, sdumont6082,27693.96
0.0,598,13,265348.0,3224.0,3224.0,265348.0,0.0,0.0,0.0,0.0,1.0,0,0.0,0.0,1n-1m-46th-Bc-lu-mz,sequana_cpu_dev,1,11421250.0,1,46,B,lu-mz,4,4,250,304,208,17,1168.11,1140.09,2308.2,106.19,103.64,209.84,209.84,11.0, sdumont6082,30006.6
0.0,1380,30,265348.0,1032.0,1032.0,265348.0,0.0,0.0,0.0,0.0,4.0,0,0.0,0.0,1n-1m-46th-Cc-lu-mz,sequana_cpu_dev,1,11421252.0,1,46,C,lu-mz,4,4,250,480,320,28,3543.75,3370.48,6914.23,126.56,120.37,246.94,246.94,28.0, sdumont6082,207426.9
0.0,1380,30,265348.0,3172.0,3172.0,265348.0,0.0,0.0,0.0,0.0,1.0,0,0.0,0.0,1n-1m-46th-Cc-lu-mz,sequana_cpu_dev,1,11421255.0,1,46,C,lu-mz,4,4,250,480,320,28,3538.03,3348.74,6886.77,126.36,119.6,245.96,245.96,28.0, sdumont6082,206603.1
0.0,1380,30,265348.0,3172.0,3172.0,265348.0,0.0,0.0,0.0,0.0,1.0,0,0.0,0.0,1n-1m-46th-Cc-lu-mz,sequana_cpu_dev,1,11421259.0,1,46,C,lu-mz,4,4,250,480,320,28,3547.75,3363.75,6911.5,126.71,120.13,246.84,246.84,28.0, sdumont6082,207345.0
0.0,240,5,265348.0,3080.0,3080.0,265348.0,0.0,0.0,0.0,0.0,1.0,0,0.0,0.0,1n-1m-48th-Ac-lu-mz,sequana_cpu_dev,1,11421262.0,1,48,A,lu-mz,4,4,250,128,128,16,393.87,376.61,770.47,131.29,125.54,256.82,256.82,3.0, sdumont6082,3852.3500000000004
0.0,240,5,265348.0,3056.0,3056.0,265348.0,0.0,0.0,0.0,0.0,1.0,0,0.0,0.0,1n-1m-48th-Ac-lu-mz,sequana_cpu_dev,1,11421265.0,1,48,A,lu-mz,4,4,250,128,128,16,390.96,373.29,764.25,97.74,93.32,191.06,191.06,4.0, sdumont6082,3821.25
0.0,240,5,265348.0,3092.0,3092.0,265348.0,0.0,0.0,0.0,0.0,1.0,0,0.0,0.0,1n-1m-48th-Ac-lu-mz,sequana_cpu_dev,1,11421267.0,1,48,A,lu-mz,4,4,250,128,128,16,388.01,370.21,758.22,97.0,92.55,189.55,189.55,4.0, sdumont6082,3791.1000000000004
0.0,624,13,265348.0,1040.0,1040.0,265348.0,0.0,0.0,0.0,0.0,1.0,0,0.0,0.0,1n-1m-48th-Bc-lu-mz,sequana_cpu_dev,1,11421271.0,1,48,B,lu-mz,4,4,250,304,208,17,1289.52,1310.49,2600.01,117.23,119.14,236.36,236.36,11.0, sdumont6082,33800.130000000005
0.0,624,13,265348.0,3048.0,3048.0,265348.0,0.0,0.0,0.0,0.0,3.0,0,0.0,0.0,1n-1m-48th-Bc-lu-mz,sequana_cpu_dev,1,11421274.0,1,48,B,lu-mz,4,4,250,304,208,17,1288.38,1321.38,2609.76,107.36,110.11,217.48,217.48,12.0, sdumont6082,33926.880000000005
0.0,624,13,265348.0,3120.0,3120.0,265348.0,0.0,0.0,0.0,0.0,1.0,0,0.0,0.0,1n-1m-48th-Bc-lu-mz,sequana_cpu_dev,1,11421277.0,1,48,B,lu-mz,4,4,250,304,208,17,1287.59,1319.04,2606.63,117.05,119.91,236.97,236.97,11.0, sdumont6082,33886.19
0.0,1392,29,265348.0,3048.0,3048.0,265348.0,0.0,0.0,0.0,0.0,1.0,0,0.0,0.0,1n-1m-48th-Cc-lu-mz,sequana_cpu_dev,1,11421279.0,1,48,C,lu-mz,4,4,250,480,320,28,3509.39,3463.68,6973.07,125.34,123.7,249.04,249.04,28.0, sdumont6082,202219.03
0.0,1440,30,265348.0,3148.0,3148.0,265348.0,0.0,0.0,0.0,0.0,1.0,0,0.0,0.0,1n-1m-48th-Cc-lu-mz,sequana_cpu_dev,1,11421284.0,1,48,C,lu-mz,4,4,250,480,320,28,3514.22,3465.66,6979.87,125.51,123.77,249.28,249.28,28.0, sdumont6082,209396.1
0.0,1440,30,265348.0,1032.0,1032.0,265348.0,0.0,0.0,0.0,0.0,1.0,0,0.0,0.0,1n-1m-48th-Cc-lu-mz,sequana_cpu_dev,1,11421288.0,1,48,C,lu-mz,4,4,250,480,320,28,3511.79,3461.47,6973.26,125.42,123.62,249.05,249.05,28.0, sdumont6082,209197.80000000002
5.0,28,7,772808.0,133096.0,68108.0,1280268.0,512.0,2109.44,1024.0,4218.88,1.0,0,13.0,27.0,1n-2m-2th-Ac-lu-mz,sequana_cpu_dev,1,11421292.0,2,2,A,lu-mz,4,4,250,128,128,16,263.39,282.24,545.63,43.9,47.04,90.94,90.94,6.0, sdumont6082,3819.41
5.0,28,7,446574.0,129356.0,66298.0,627800.0,471.04,2109.44,942.08,4208.64,1.0,0,0.0,0.0,1n-2m-2th-Ac-lu-mz,sequana_cpu_dev,1,11421294.0,2,2,A,lu-mz,4,4,250,128,128,16,265.89,283.86,549.75,44.32,47.31,91.62,91.62,6.0, sdumont6082,3848.25
5.0,28,7,446580.0,129372.0,66306.0,627812.0,471.04,2109.44,942.08,4208.64,4.0,0,0.0,0.0,1n-2m-2th-Ac-lu-mz,sequana_cpu_dev,1,11421298.0,2,2,A,lu-mz,4,4,250,128,128,16,267.25,285.89,553.15,44.54,47.65,92.19,92.19,6.0, sdumont6082,3872.0499999999997
23.0,104,26,773004.0,133156.0,68166.0,1280660.0,634.88,2109.44,1269.76,4218.88,1.0,0,13.0,27.0,1n-2m-2th-Bc-lu-mz,sequana_cpu_dev,1,11421301.0,2,2,B,lu-mz,4,4,250,304,208,17,1410.77,1494.34,2905.11,56.43,59.77,116.2,116.2,25.0, sdumont6082,75532.86
23.0,104,26,446698.0,129728.0,66482.0,628048.0,471.04,2109.44,942.08,4208.64,4.0,0,0.0,0.0,1n-2m-2th-Bc-lu-mz,sequana_cpu_dev,1,11421304.0,2,2,B,lu-mz,4,4,250,304,208,17,1406.96,1492.86,2899.81,58.62,62.2,120.83,120.83,24.0, sdumont6082,75395.06
23.0,104,26,446678.0,129656.0,66444.0,628008.0,471.04,2109.44,942.08,4208.64,0.0,0,0.0,0.0,1n-2m-2th-Bc-lu-mz,sequana_cpu_dev,1,11421306.0,2,2,B,lu-mz,4,4,250,304,208,17,1402.44,1481.86,2884.29,56.1,59.27,115.37,115.37,25.0, sdumont6082,74991.54
178.0,416,104,1393544.0,455040.0,452310.0,1833312.0,1576.96,4218.88,2304.0,4229.12,4.0,0,0.0,0.0,1n-2m-2th-Cc-lu-mz,sequana_cpu_dev,1,11421310.0,2,2,C,lu-mz,4,4,250,480,320,28,6283.23,6642.72,12925.95,61.0,64.49,125.49,125.49,103.0, sdumont6082,1344298.8
190.0,416,104,1284926.0,453500.0,451684.0,1611880.0,1566.72,4218.88,2293.76,4229.12,1.0,0,0.0,0.0,1n-2m-2th-Cc-lu-mz,sequana_cpu_dev,1,11421314.0,2,2,C,lu-mz,4,4,250,480,320,28,6327.91,6691.1,13019.01,61.44,64.96,126.4,126.4,103.0, sdumont6082,1353977.04
187.0,428,107,1396262.0,454380.0,451892.0,1834552.0,1597.44,4218.88,2344.96,4229.12,4.0,0,372.0,383.0,1n-2m-2th-Cc-lu-mz,sequana_cpu_dev,1,11421319.0,2,2,C,lu-mz,4,4,250,480,320,28,6741.6,7292.22,14033.82,63.6,68.79,132.39,132.39,106.0, sdumont6239,1501618.74
6.0,40,5,774880.0,133148.0,68070.0,1284412.0,501.76,2109.44,1013.76,4218.88,1.0,0,15.0,30.0,1n-2m-4th-Ac-lu-mz,sequana_cpu_dev,1,11421324.0,2,4,A,lu-mz,4,4,250,128,128,16,242.18,260.68,502.86,60.55,65.17,125.72,125.72,4.0, sdumont6239,2514.3
6.0,40,5,448708.0,131780.0,67448.0,632068.0,471.04,2109.44,942.08,4208.64,4.0,0,0.0,1.0,1n-2m-4th-Ac-lu-mz,sequana_cpu_dev,1,11421327.0,2,4,A,lu-mz,4,4,250,128,128,16,241.43,260.55,501.99,60.36,65.14,125.5,125.5,4.0, sdumont6239,2509.95
6.0,40,5,774878.0,133108.0,68078.0,1284408.0,501.76,2109.44,1013.76,4218.88,1.0,0,1.0,2.0,1n-2m-4th-Ac-lu-mz,sequana_cpu_dev,1,11421331.0,2,4,A,lu-mz,4,4,250,128,128,16,241.15,259.84,500.99,60.29,64.96,125.25,125.25,4.0, sdumont6239,2504.95
26.0,120,15,775052.0,133196.0,68136.0,1284756.0,573.44,2109.44,1136.64,4218.88,4.0,0,6.0,12.0,1n-2m-4th-Bc-lu-mz,sequana_cpu_dev,1,11421336.0,2,4,B,lu-mz,4,4,250,304,208,17,991.41,1071.9,2063.31,70.82,76.56,147.38,147.38,14.0, sdumont6239,30949.649999999998
116.0,376,47,1052818.0,220728.0,218882.0,1381228.0,1198.08,4218.88,1556.48,4218.88,1.0,0,2.0,28.0,1n-2m-4th-Bc-lu-mz,sequana_cpu_dev,1,11421339.0,2,4,B,lu-mz,4,4,250,304,208,17,1298.74,1112.55,2411.29,28.23,24.19,52.42,52.42,46.0, sdumont6185,113330.63
116.0,376,47,1052818.0,220660.0,218892.0,1377032.0,1198.08,4218.88,1546.24,4218.88,4.0,0,0.0,1.0,1n-2m-4th-Bc-lu-mz,sequana_cpu_dev,1,11421343.0,2,4,B,lu-mz,4,4,250,304,208,17,1298.93,1109.63,2408.55,28.24,24.12,52.36,52.36,46.0, sdumont6185,113201.85
170.0,456,57,1286256.0,453096.0,451364.0,1614608.0,1269.76,4218.88,1689.6,4218.88,1.0,0,10.0,19.0,1n-2m-4th-Cc-lu-mz,sequana_cpu_dev,1,11421348.0,2,4,C,lu-mz,4,4,250,480,320,28,4281.01,4468.57,8749.58,75.11,78.4,153.5,153.5,57.0, sdumont6082,498726.06
169.0,456,57,1286262.0,453176.0,452428.0,1614624.0,1269.76,4218.88,1689.6,4218.88,0.0,0,1.0,1.0,1n-2m-4th-Cc-lu-mz,sequana_cpu_dev,1,11421353.0,2,4,C,lu-mz,4,4,250,480,320,28,4295.76,4513.98,8809.73,76.71,80.61,157.32,157.32,56.0, sdumont6082,502154.61
710.0,1472,184,1400388.0,455200.0,452474.0,1842872.0,2088.96,4229.12,3328.0,4239.36,1.0,0,1.0,19.0,1n-2m-4th-Cc-lu-mz,sequana_cpu_dev,1,11421357.0,2,4,C,lu-mz,4,4,250,480,320,28,5084.98,3956.95,9041.94,27.79,21.62,49.41,49.41,183.0, sdumont6279,1663716.9600000002
6.0,48,4,450694.0,129572.0,66374.0,636040.0,471.04,2109.44,942.08,4208.64,1.0,0,2.0,4.0,1n-2m-6th-Ac-lu-mz,sequana_cpu_dev,1,11421365.0,2,6,A,lu-mz,4,4,250,128,128,16,183.73,198.87,382.6,61.24,66.29,127.53,127.53,3.0, sdumont6239,1530.4
22.0,120,10,776936.0,134240.0,68702.0,1288524.0,532.48,2109.44,1054.72,4218.88,1.0,0,3.0,6.0,1n-2m-6th-Ac-lu-mz,sequana_cpu_dev,1,11421370.0,2,6,A,lu-mz,4,4,250,128,128,16,202.86,159.2,362.05,22.54,17.69,40.23,40.23,9.0, sdumont6279,3620.5
6.0,48,4,776922.0,137432.0,70306.0,1288496.0,491.52,2109.44,993.28,4218.88,25.0,0,6.0,12.0,1n-2m-6th-Ac-lu-mz,sequana_cpu_dev,1,11421375.0,2,6,A,lu-mz,4,4,250,128,128,16,186.57,184.7,371.27,93.29,92.35,185.64,185.64,2.0, sdumont6169,1485.08
0.0,144,12,265348.0,3308.0,3238.0,265348.0,542.72,2109.44,1085.44,4218.88,0.0,0,0.0,0.0,1n-2m-6th-Bc-lu-mz,sequana_cpu_dev,1,11421377.0,2,6,B,lu-mz,4,4,250,304,208,17,829.14,884.47,1713.6,82.91,88.45,171.36,171.36,10.0, sdumont6239,20563.199999999997
174.0,420,35,1171062.0,222060.0,219688.0,1609392.0,1157.12,4229.12,1474.56,4239.36,1.0,0,6.0,46.0,1n-2m-6th-Bc-lu-mz,sequana_cpu_dev,1,11421383.0,2,6,B,lu-mz,4,4,250,304,208,17,947.03,748.43,1695.46,28.7,22.68,51.38,51.38,33.0, sdumont6279,59341.1
175.0,420,35,1059726.0,220100.0,218628.0,1390924.0,1126.4,4218.88,1402.88,4218.88,1.0,0,1.0,3.0,1n-2m-6th-Bc-lu-mz,sequana_cpu_dev,1,11421391.0,2,6,B,lu-mz,4,4,250,304,208,17,949.59,755.89,1705.47,27.93,22.23,50.16,50.16,34.0, sdumont6279,59691.450000000004
708.0,1512,126,1401788.0,455600.0,452640.0,1841564.0,1710.08,4218.88,2570.24,4229.12,1.0,0,0.0,5.0,1n-2m-6th-Cc-lu-mz,sequana_cpu_dev,1,11421398.0,2,6,C,lu-mz,4,4,250,480,320,28,3778.59,2953.64,6732.22,30.23,23.63,53.86,53.86,125.0, sdumont6279,848259.7200000001
707.0,1524,127,1404506.0,455380.0,452574.0,1846996.0,1679.36,4218.88,2406.4,4229.12,0.0,0,0.0,5.0,1n-2m-6th-Cc-lu-mz,sequana_cpu_dev,1,11421405.0,2,6,C,lu-mz,4,4,250,480,320,28,3813.43,2983.59,6797.02,30.27,23.68,53.94,53.94,126.0, sdumont6279,863221.54
708.0,1512,126,1404504.0,454724.0,452150.0,1846980.0,1710.08,4218.88,2570.24,4229.12,1.0,0,0.0,3.0,1n-2m-6th-Cc-lu-mz,sequana_cpu_dev,1,11421411.0,2,6,C,lu-mz,4,4,250,480,320,28,3761.63,2935.86,6697.49,30.09,23.49,53.58,53.58,125.0, sdumont6279,843883.74
0.0,48,3,463904.0,6196.0,4668.0,662460.0,501.76,2109.44,993.28,4218.88,0.0,0,0.0,0.0,1n-2m-8th-Ac-lu-mz,sequana_cpu_dev,1,11421417.0,2,8,A,lu-mz,4,4,250,128,128,16,191.15,198.31,389.47,95.58,99.16,194.73,194.73,2.0, sdumont6082,1168.41
24.0,128,8,265348.0,3348.0,3244.0,265348.0,471.04,2109.44,942.08,4218.88,1.0,0,21.0,43.0,1n-2m-8th-Ac-lu-mz,sequana_cpu_dev,1,11421425.0,2,8,A,lu-mz,4,4,250,128,128,16,179.63,141.08,320.71,25.66,20.15,45.82,45.82,7.0, sdumont6279,2565.68
24.0,128,8,778992.0,133420.0,68232.0,1292636.0,522.24,2109.44,1044.48,4218.88,0.0,0,2.0,5.0,1n-2m-8th-Ac-lu-mz,sequana_cpu_dev,1,11421427.0,2,8,A,lu-mz,4,4,250,128,128,16,179.88,142.88,322.76,25.7,20.41,46.11,46.11,7.0, sdumont6279,2582.08
32.0,208,13,463904.0,6492.0,4774.0,662460.0,563.2,2109.44,1116.16,4218.88,0.0,0,189.0,379.0,1n-2m-8th-Bc-lu-mz,sequana_cpu_dev,1,11421436.0,2,8,B,lu-mz,4,4,250,304,208,17,755.69,788.1,1543.79,62.97,65.67,128.65,128.65,12.0, sdumont6220,20069.27
0.0,448,28,577442.0,8664.0,5904.0,889536.0,655.36,2109.44,1300.48,4218.88,1.0,0,0.0,0.0,1n-2m-8th-Bc-lu-mz,sequana_cpu_dev,1,11421441.0,2,8,B,lu-mz,4,4,250,304,208,17,799.47,631.62,1431.09,28.55,22.56,51.11,51.11,28.0, sdumont6279,40070.52
105.0,464,29,781964.0,133076.0,68066.0,1298580.0,655.36,2109.44,1310.72,4218.88,1.0,0,4.0,9.0,1n-2m-8th-Bc-lu-mz,sequana_cpu_dev,1,11421454.0,2,8,B,lu-mz,4,4,250,304,208,17,830.68,656.99,1487.67,29.67,23.46,53.13,53.13,28.0, sdumont6279,43142.43
236.0,496,31,1294486.0,453256.0,452422.0,1622840.0,1095.68,4218.88,1351.68,4218.88,2.0,0,34.0,56.0,1n-2m-8th-Cc-lu-mz,sequana_cpu_dev,1,11421461.0,2,8,C,lu-mz,4,4,250,480,320,28,2920.23,3251.83,6172.06,97.34,108.39,205.74,205.74,30.0, sdumont6168,191333.86000000002
235.0,512,32,1294496.0,455252.0,452500.0,1618668.0,1095.68,4218.88,1351.68,4218.88,1.0,0,2.0,7.0,1n-2m-8th-Cc-lu-mz,sequana_cpu_dev,1,11421470.0,2,8,C,lu-mz,4,4,250,480,320,28,2924.6,3253.25,6177.85,94.34,104.94,199.29,199.29,31.0, sdumont6168,197691.2
237.0,512,32,1405896.0,455288.0,453528.0,1845664.0,1095.68,4218.88,1351.68,4218.88,1.0,0,19.0,28.0,1n-2m-8th-Cc-lu-mz,sequana_cpu_dev,1,11421473.0,2,8,C,lu-mz,4,4,250,480,320,28,3066.76,3162.14,6228.91,98.93,102.0,200.93,200.93,31.0, sdumont6082,199325.12
7.0,80,4,781038.0,133288.0,68228.0,1296728.0,491.52,2109.44,972.8,4218.88,1.0,0,22.0,45.0,1n-2m-10th-Ac-lu-mz,sequana_cpu_dev,1,11421477.0,2,10,A,lu-mz,4,4,250,128,128,16,90.14,104.11,194.25,45.07,52.06,97.13,97.13,2.0, sdumont6168,777.0
7.0,60,3,781040.0,133180.0,67108.0,1296732.0,491.52,2109.44,972.8,4218.88,2.0,0,6.0,13.0,1n-2m-10th-Ac-lu-mz,sequana_cpu_dev,1,11421480.0,2,10,A,lu-mz,4,4,250,128,128,16,92.19,107.23,199.41,46.09,53.61,99.71,99.71,2.0, sdumont6168,598.23
7.0,60,3,781040.0,133220.0,68192.0,1296732.0,491.52,2109.44,972.8,4218.88,2.0,0,13.0,26.0,1n-2m-10th-Ac-lu-mz,sequana_cpu_dev,1,11421487.0,2,10,A,lu-mz,4,4,250,128,128,16,97.39,98.74,196.13,48.7,49.37,98.07,98.07,2.0, sdumont6169,588.39
0.0,160,8,359222.0,4548.0,3852.0,453096.0,532.48,2109.44,1054.72,4218.88,2.0,0,0.0,0.0,1n-2m-10th-Bc-lu-mz,sequana_cpu_dev,1,11421489.0,2,10,B,lu-mz,4,4,250,304,208,17,604.79,679.66,1284.45,86.4,97.09,183.49,183.49,7.0, sdumont6168,10275.6
32.0,160,8,454926.0,129820.0,66500.0,644504.0,471.04,2109.44,942.08,4218.88,1.0,0,3.0,6.0,1n-2m-10th-Bc-lu-mz,sequana_cpu_dev,1,11421492.0,2,10,B,lu-mz,4,4,250,304,208,17,609.29,684.99,1294.28,87.04,97.86,184.9,184.9,7.0, sdumont6168,10354.24
0.0,160,8,359222.0,4608.0,3864.0,453096.0,532.48,2109.44,1054.72,4218.88,1.0,0,0.0,0.0,1n-2m-10th-Bc-lu-mz,sequana_cpu_dev,1,11421494.0,2,10,B,lu-mz,4,4,250,304,208,17,604.93,678.0,1282.93,86.42,96.86,183.28,183.28,7.0, sdumont6168,10263.44
123.0,520,26,781642.0,133604.0,68356.0,1297936.0,645.12,2109.44,1290.24,4218.88,1.0,0,8.0,16.0,1n-2m-10th-Cc-lu-mz,sequana_cpu_dev,1,11421499.0,2,10,C,lu-mz,4,4,250,480,320,28,2703.47,2958.13,5661.6,108.14,118.33,226.46,226.46,25.0, sdumont6168,147201.6
123.0,540,27,265348.0,3368.0,3264.0,265348.0,471.04,2109.44,942.08,4218.88,1.0,0,2.0,4.0,1n-2m-10th-Cc-lu-mz,sequana_cpu_dev,1,11421503.0,2,10,C,lu-mz,4,4,250,480,320,28,2727.73,2975.28,5703.01,109.11,119.01,228.12,228.12,25.0, sdumont6168,153981.27000000002
0.0,520,26,575242.0,6696.0,4932.0,885136.0,645.12,2109.44,1290.24,4218.88,1.0,0,0.0,0.0,1n-2m-10th-Cc-lu-mz,sequana_cpu_dev,1,11421508.0,2,10,C,lu-mz,4,4,250,480,320,28,2694.92,2953.48,5648.4,107.8,118.14,225.94,225.94,25.0, sdumont6168,146858.4
9.0,72,3,783110.0,133376.0,68180.0,1300872.0,491.52,2109.44,972.8,4218.88,1.0,0,8.0,16.0,1n-2m-12th-Ac-lu-mz,sequana_cpu_dev,1,11421513.0,2,12,A,lu-mz,4,4,250,128,128,16,96.06,115.26,211.32,48.03,57.63,105.66,105.66,2.0, sdumont6168,633.96
9.0,72,3,783118.0,133280.0,68164.0,1300888.0,491.52,2109.44,983.04,4218.88,1.0,0,13.0,26.0,1n-2m-12th-Ac-lu-mz,sequana_cpu_dev,1,11421519.0,2,12,A,lu-mz,4,4,250,128,128,16,96.21,115.57,211.78,48.1,57.79,105.89,105.89,2.0, sdumont6168,635.34
9.0,72,3,783110.0,133404.0,68260.0,1300872.0,491.52,2109.44,972.8,4218.88,3.0,0,13.0,27.0,1n-2m-12th-Ac-lu-mz,sequana_cpu_dev,1,11421524.0,2,12,A,lu-mz,4,4,250,128,128,16,91.52,104.98,196.5,45.76,52.49,98.25,98.25,2.0, sdumont6165,589.5
39.0,192,8,783298.0,133580.0,68284.0,1301248.0,522.24,2109.44,1044.48,4218.88,1.0,0,5.0,10.0,1n-2m-12th-Bc-lu-mz,sequana_cpu_dev,1,11421527.0,2,12,B,lu-mz,4,4,250,304,208,17,624.73,728.96,1353.69,89.25,104.14,193.38,193.38,7.0, sdumont6168,10829.52
39.0,192,8,783288.0,133468.0,68226.0,1301228.0,522.24,2109.44,1044.48,4218.88,1.0,0,5.0,10.0,1n-2m-12th-Bc-lu-mz,sequana_cpu_dev,1,11421532.0,2,12,B,lu-mz,4,4,250,304,208,17,630.95,733.94,1364.88,90.14,104.85,194.98,194.98,7.0, sdumont6168,10919.04
0.0,192,8,359222.0,4632.0,3844.0,453096.0,532.48,2109.44,1054.72,4218.88,1.0,0,0.0,0.0,1n-2m-12th-Bc-lu-mz,sequana_cpu_dev,1,11421536.0,2,12,B,lu-mz,4,4,250,304,208,17,629.12,731.91,1361.03,89.87,104.56,194.43,194.43,7.0, sdumont6168,10888.24
137.0,600,25,783702.0,133832.0,68488.0,1302056.0,634.88,2109.44,1269.76,4218.88,1.0,0,25.0,50.0,1n-2m-12th-Cc-lu-mz,sequana_cpu_dev,1,11421538.0,2,12,C,lu-mz,4,4,250,480,320,28,2659.39,3018.5,5677.89,110.81,125.77,236.58,236.58,24.0, sdumont6168,141947.25
137.0,600,25,783702.0,133788.0,68452.0,1302056.0,634.88,2109.44,1269.76,4218.88,1.0,0,8.0,17.0,1n-2m-12th-Cc-lu-mz,sequana_cpu_dev,1,11421542.0,2,12,C,lu-mz,4,4,250,480,320,28,2658.96,3020.19,5679.15,110.79,125.84,236.63,236.63,24.0, sdumont6168,141978.75
137.0,600,25,783692.0,134068.0,68546.0,1302036.0,634.88,2109.44,1269.76,4218.88,1.0,0,6.0,12.0,1n-2m-12th-Cc-lu-mz,sequana_cpu_dev,1,11421544.0,2,12,C,lu-mz,4,4,250,480,320,28,2650.35,3041.38,5691.72,110.43,126.72,237.16,237.16,24.0, sdumont6168,142293.0
11.0,56,2,458916.0,129852.0,66494.0,652484.0,471.04,2109.44,942.08,4218.88,1.0,0,20.0,41.0,1n-2m-14th-Ac-lu-mz,sequana_cpu_dev,1,11421551.0,2,14,A,lu-mz,4,4,250,128,128,16,97.14,108.42,205.55,48.57,54.21,102.78,102.78,2.0, sdumont6168,411.1
0.0,84,3,359222.0,4584.0,3862.0,453096.0,491.52,2109.44,993.28,4218.88,0.0,0,0.0,0.0,1n-2m-14th-Ac-lu-mz,sequana_cpu_dev,1,11421554.0,2,14,A,lu-mz,4,4,250,128,128,16,100.47,110.55,211.02,50.23,55.27,105.51,105.51,2.0, sdumont6165,633.0600000000001
0.0,84,3,575242.0,8328.0,5722.0,885136.0,491.52,2109.44,972.8,4218.88,1.0,0,0.0,0.0,1n-2m-14th-Ac-lu-mz,sequana_cpu_dev,1,11421558.0,2,14,A,lu-mz,4,4,250,128,128,16,99.08,108.01,207.09,49.54,54.01,103.54,103.54,2.0, sdumont6165,621.27
0.0,224,8,575480.0,8028.0,5582.0,885612.0,522.24,2109.44,1044.48,4218.88,1.0,0,0.0,0.0,1n-2m-14th-Bc-lu-mz,sequana_cpu_dev,1,11421563.0,2,14,B,lu-mz,4,4,250,304,208,17,704.52,699.5,1404.02,117.42,116.58,234.0,234.0,6.0, sdumont6169,11232.16
41.0,224,8,785360.0,133660.0,68370.0,1305372.0,522.24,2109.44,1044.48,4218.88,1.0,0,9.0,19.0,1n-2m-14th-Bc-lu-mz,sequana_cpu_dev,1,11421566.0,2,14,B,lu-mz,4,4,250,304,208,17,699.3,694.35,1393.64,116.55,115.72,232.27,232.27,6.0, sdumont6169,11149.12
41.0,224,8,785348.0,133404.0,67218.0,1305348.0,522.24,2109.44,1044.48,4218.88,1.0,0,12.0,25.0,1n-2m-14th-Bc-lu-mz,sequana_cpu_dev,1,11421569.0,2,14,B,lu-mz,4,4,250,304,208,17,705.14,700.26,1405.4,117.52,116.71,234.23,234.23,6.0, sdumont6169,11243.2
0.0,644,23,575458.0,8272.0,5680.0,885568.0,614.4,2109.44,1239.04,4218.88,1.0,0,0.0,0.0,1n-2m-14th-Cc-lu-mz,sequana_cpu_dev,1,11421572.0,2,14,C,lu-mz,4,4,250,480,320,28,2636.99,2611.57,5248.56,125.57,124.36,249.93,249.93,21.0, sdumont6169,120716.88
144.0,644,23,459490.0,130200.0,66712.0,653632.0,471.04,2109.44,942.08,4218.88,1.0,0,8.0,17.0,1n-2m-14th-Cc-lu-mz,sequana_cpu_dev,1,11421577.0,2,14,C,lu-mz,4,4,250,480,320,28,2639.62,2619.06,5258.67,125.7,124.72,250.41,250.41,21.0, sdumont6169,120949.41
144.0,644,23,459492.0,130384.0,66768.0,653636.0,471.04,2109.44,942.08,4218.88,1.0,0,8.0,16.0,1n-2m-14th-Cc-lu-mz,sequana_cpu_dev,1,11421581.0,2,14,C,lu-mz,4,4,250,480,320,28,2646.12,2618.4,5264.53,126.01,124.69,250.69,250.69,21.0, sdumont6169,121084.18999999999
11.0,128,4,787232.0,134424.0,68754.0,1309116.0,491.52,2109.44,983.04,4218.88,1.0,0,17.0,35.0,1n-2m-16th-Ac-lu-mz,sequana_cpu_dev,1,11421584.0,2,16,A,lu-mz,4,4,250,128,128,16,107.64,115.44,223.08,53.82,57.72,111.54,111.54,2.0, sdumont6169,892.32
11.0,128,4,463904.0,6484.0,4724.0,662460.0,481.28,2109.44,962.56,4218.88,1.0,0,11.0,22.0,1n-2m-16th-Ac-lu-mz,sequana_cpu_dev,1,11421588.0,2,16,A,lu-mz,4,4,250,128,128,16,108.19,115.55,223.74,108.19,115.55,223.74,223.74,1.0, sdumont6169,894.96
0.0,128,4,359222.0,4596.0,3844.0,453096.0,491.52,2109.44,983.04,4218.88,1.0,0,0.0,0.0,1n-2m-16th-Ac-lu-mz,sequana_cpu_dev,1,11421591.0,2,16,A,lu-mz,4,4,250,128,128,16,100.68,112.48,213.16,50.34,56.24,106.58,106.58,2.0, sdumont6165,852.64
0.0,256,8,359222.0,4696.0,3912.0,453096.0,522.24,2109.44,1054.72,4218.88,1.0,0,0.0,0.0,1n-2m-16th-Bc-lu-mz,sequana_cpu_dev,1,11421594.0,2,16,B,lu-mz,4,4,250,304,208,17,685.38,735.67,1421.05,97.91,105.1,203.01,203.01,7.0, sdumont6165,11368.4
0.0,256,8,359222.0,4632.0,3838.0,453096.0,532.48,2109.44,1054.72,4218.88,1.0,0,0.0,0.0,1n-2m-16th-Bc-lu-mz,sequana_cpu_dev,1,11421597.0,2,16,B,lu-mz,4,4,250,304,208,17,688.51,734.05,1422.56,114.75,122.34,237.09,237.09,6.0, sdumont6165,11380.48
45.0,256,8,461112.0,132296.0,67704.0,656876.0,471.04,2109.44,942.08,4218.88,1.0,0,9.0,19.0,1n-2m-16th-Bc-lu-mz,sequana_cpu_dev,1,11421600.0,2,16,B,lu-mz,4,4,250,304,208,17,687.98,732.93,1420.91,114.66,122.15,236.82,236.82,6.0, sdumont6165,11367.28
0.0,672,21,359222.0,4636.0,3840.0,453096.0,604.16,2109.44,1208.32,4218.88,1.0,0,0.0,0.0,1n-2m-16th-Cc-lu-mz,sequana_cpu_dev,1,11421605.0,2,16,C,lu-mz,4,4,250,480,320,28,2288.99,2442.46,4731.45,114.45,122.12,236.57,236.57,20.0, sdumont6165,99360.45
151.0,672,21,461546.0,132352.0,67706.0,657744.0,471.04,2109.44,952.32,4218.88,1.0,0,9.0,19.0,1n-2m-16th-Cc-lu-mz,sequana_cpu_dev,1,11421608.0,2,16,C,lu-mz,4,4,250,480,320,28,2272.74,2440.93,4713.68,113.64,122.05,235.68,235.68,20.0, sdumont6165,98987.28
0.0,672,21,359222.0,4424.0,3774.0,453096.0,614.4,2109.44,1218.56,4218.88,1.0,0,0.0,0.0,1n-2m-16th-Cc-lu-mz,sequana_cpu_dev,1,11421612.0,2,16,C,lu-mz,4,4,250,480,320,28,2295.59,2447.06,4742.65,114.78,122.35,237.13,237.13,20.0, sdumont6165,99595.65
12.0,108,3,463034.0,129948.0,66560.0,660720.0,471.04,2109.44,942.08,4218.88,1.0,0,14.0,29.0,1n-2m-18th-Ac-lu-mz,sequana_cpu_dev,1,11421617.0,2,18,A,lu-mz,4,4,250,128,128,16,107.71,110.9,218.61,53.86,55.45,109.31,109.31,2.0, sdumont6169,655.83
12.0,144,4,463034.0,131888.0,67480.0,660720.0,471.04,2109.44,952.32,4218.88,1.0,0,13.0,27.0,1n-2m-18th-Ac-lu-mz,sequana_cpu_dev,1,11421620.0,2,18,A,lu-mz,4,4,250,128,128,16,110.27,113.94,224.22,55.14,56.97,112.11,112.11,2.0, sdumont6169,896.88
12.0,144,4,463050.0,130024.0,66550.0,660752.0,471.04,2109.44,952.32,4218.88,1.0,0,18.0,36.0,1n-2m-18th-Ac-lu-mz,sequana_cpu_dev,1,11421624.0,2,18,A,lu-mz,4,4,250,128,128,16,110.81,114.54,225.36,55.41,57.27,112.68,112.68,2.0, sdumont6169,901.44
45.0,252,7,789466.0,133812.0,68432.0,1313584.0,512.0,2109.44,1024.0,4218.88,1.0,0,16.0,32.0,1n-2m-18th-Bc-lu-mz,sequana_cpu_dev,1,11421628.0,2,18,B,lu-mz,4,4,250,304,208,17,558.22,588.68,1146.9,93.04,98.11,191.15,191.15,6.0, sdumont6165,8028.300000000001
45.0,252,7,789478.0,133540.0,68292.0,1313608.0,512.0,2109.44,1034.24,4218.88,1.0,0,26.0,52.0,1n-2m-18th-Bc-lu-mz,sequana_cpu_dev,1,11421632.0,2,18,B,lu-mz,4,4,250,304,208,17,567.97,588.55,1156.53,113.59,117.71,231.31,231.31,5.0, sdumont6166,8095.71
0.0,252,7,575242.0,6696.0,4912.0,885136.0,512.0,2109.44,1034.24,4218.88,1.0,0,0.0,0.0,1n-2m-18th-Bc-lu-mz,sequana_cpu_dev,1,11421635.0,2,18,B,lu-mz,4,4,250,304,208,17,575.31,593.45,1168.77,95.89,98.91,194.79,194.79,6.0, sdumont6166,8181.389999999999
172.0,720,20,463606.0,130496.0,66818.0,661864.0,471.04,2109.44,952.32,4218.88,10.0,0,15.0,31.0,1n-2m-18th-Cc-lu-mz,sequana_cpu_dev,1,11421639.0,2,18,C,lu-mz,4,4,250,480,320,28,2434.94,2428.63,4863.57,121.75,121.43,243.18,243.18,20.0, sdumont6169,97271.4
172.0,720,20,463604.0,132492.0,67798.0,661860.0,471.04,2109.44,952.32,4218.88,11.0,0,13.0,26.0,1n-2m-18th-Cc-lu-mz,sequana_cpu_dev,1,11421643.0,2,18,C,lu-mz,4,4,250,480,320,28,2434.6,2432.35,4866.95,121.73,121.62,243.35,243.35,20.0, sdumont6169,97339.0
0.0,720,20,359222.0,4456.0,3726.0,453096.0,614.4,2109.44,1218.56,4218.88,10.0,0,0.0,0.0,1n-2m-18th-Cc-lu-mz,sequana_cpu_dev,1,11421650.0,2,18,C,lu-mz,4,4,250,480,320,28,2459.05,2464.68,4923.73,129.42,129.72,259.14,259.14,19.0, sdumont6169,98474.59999999999
14.0,120,3,465104.0,129828.0,66488.0,664860.0,471.04,2109.44,942.08,4218.88,41.0,0,17.0,35.0,1n-2m-20th-Ac-lu-mz,sequana_cpu_dev,1,11421654.0,2,20,A,lu-mz,4,4,250,128,128,16,111.75,119.69,231.44,55.87,59.85,115.72,115.72,2.0, sdumont6169,694.3199999999999
14.0,160,4,791400.0,133520.0,68246.0,1317452.0,491.52,2109.44,983.04,4218.88,0.0,0,15.0,31.0,1n-2m-20th-Ac-lu-mz,sequana_cpu_dev,1,11421658.0,2,20,A,lu-mz,4,4,250,128,128,16,109.82,117.87,227.69,54.91,58.94,113.84,113.84,2.0, sdumont6169,910.76
14.0,160,4,791346.0,133372.0,68170.0,1317344.0,491.52,2109.44,983.04,4218.88,1.0,0,12.0,25.0,1n-2m-20th-Ac-lu-mz,sequana_cpu_dev,1,11421664.0,2,20,A,lu-mz,4,4,250,128,128,16,112.34,117.84,230.17,56.17,58.92,115.09,115.09,2.0, sdumont6169,920.68
52.0,320,8,465228.0,132240.0,67700.0,665108.0,471.04,2109.44,952.32,4218.88,21.0,0,19.0,38.0,1n-2m-20th-Bc-lu-mz,sequana_cpu_dev,1,11421668.0,2,20,B,lu-mz,4,4,250,304,208,17,574.94,603.06,1178.0,95.82,100.51,196.33,196.33,6.0, sdumont6166,9424.0
53.0,280,7,791538.0,133800.0,68462.0,1317728.0,512.0,2109.44,1024.0,4218.88,4.0,0,22.0,44.0,1n-2m-20th-Bc-lu-mz,sequana_cpu_dev,1,11421671.0,2,20,B,lu-mz,4,4,250,304,208,17,576.32,592.87,1169.19,96.05,98.81,194.87,194.87,6.0, sdumont6166,8184.33
52.0,320,8,465224.0,130288.0,66744.0,665100.0,471.04,2109.44,942.08,4218.88,8.0,0,28.0,57.0,1n-2m-20th-Bc-lu-mz,sequana_cpu_dev,1,11421678.0,2,20,B,lu-mz,4,4,250,304,208,17,574.44,610.88,1185.32,114.89,122.18,237.06,237.06,5.0, sdumont6166,9482.56
172.0,760,19,465668.0,130692.0,66936.0,665988.0,471.04,2109.44,942.08,4218.88,11.0,0,20.0,41.0,1n-2m-20th-Cc-lu-mz,sequana_cpu_dev,1,11421684.0,2,20,C,lu-mz,4,4,250,480,320,28,2265.28,2368.01,4633.3,125.85,131.56,257.41,257.41,18.0, sdumont6166,88032.7
0.0,800,20,575242.0,6812.0,3922.0,885136.0,593.92,2109.44,1187.84,4218.88,1.0,0,0.0,0.0,1n-2m-20th-Cc-lu-mz,sequana_cpu_dev,1,11421689.0,2,20,C,lu-mz,4,4,250,480,320,28,2326.81,2386.53,4713.34,129.27,132.58,261.85,261.85,18.0, sdumont6169,94266.8
172.0,800,20,463904.0,6252.0,4658.0,662460.0,593.92,2109.44,1198.08,4218.88,1.0,0,15.0,30.0,1n-2m-20th-Cc-lu-mz,sequana_cpu_dev,1,11421696.0,2,20,C,lu-mz,4,4,250,480,320,28,2315.78,2378.88,4694.66,128.65,132.16,260.81,260.81,18.0, sdumont6169,93893.2
17.0,132,3,793398.0,133620.0,68276.0,1321448.0,491.52,2109.44,983.04,4218.88,0.0,0,16.0,33.0,1n-2m-22th-Ac-lu-mz,sequana_cpu_dev,1,11421702.0,2,22,A,lu-mz,4,4,250,128,128,16,111.93,116.99,228.91,55.96,58.49,114.46,114.46,2.0, sdumont6169,686.73
17.0,176,4,793414.0,133744.0,68430.0,1321480.0,491.52,2109.44,983.04,4218.88,1.0,0,23.0,47.0,1n-2m-22th-Ac-lu-mz,sequana_cpu_dev,1,11421707.0,2,22,A,lu-mz,4,4,250,128,128,16,101.24,112.03,213.27,33.75,37.34,71.09,71.09,3.0, sdumont6165,853.08
17.0,176,4,467168.0,132104.0,67638.0,668988.0,471.04,2109.44,952.32,4218.88,1.0,0,19.0,38.0,1n-2m-22th-Ac-lu-mz,sequana_cpu_dev,1,11421716.0,2,22,A,lu-mz,4,4,250,128,128,16,110.89,115.29,226.18,55.45,57.64,113.09,113.09,2.0, sdumont6169,904.72
0.0,308,7,359222.0,4528.0,3822.0,453096.0,522.24,2109.44,1034.24,4218.88,0.0,0,0.0,0.0,1n-2m-22th-Bc-lu-mz,sequana_cpu_dev,1,11421719.0,2,22,B,lu-mz,4,4,250,304,208,17,566.85,596.88,1163.73,94.47,99.48,193.95,193.95,6.0, sdumont6165,8146.110000000001
59.0,352,8,793604.0,134060.0,68526.0,1321860.0,512.0,2109.44,1034.24,4218.88,0.0,0,19.0,39.0,1n-2m-22th-Bc-lu-mz,sequana_cpu_dev,1,11421722.0,2,22,B,lu-mz,4,4,250,304,208,17,567.56,596.79,1164.35,94.59,99.46,194.06,194.06,6.0, sdumont6165,9314.8
59.0,264,6,467290.0,130132.0,66618.0,669232.0,471.04,2109.44,952.32,4218.88,0.0,0,15.0,30.0,1n-2m-22th-Bc-lu-mz,sequana_cpu_dev,1,11421725.0,2,22,B,lu-mz,4,4,250,304,208,17,553.79,581.8,1135.59,92.3,96.97,189.27,189.27,6.0, sdumont6165,6813.539999999999
0.0,880,20,359222.0,4528.0,3760.0,453096.0,604.16,2109.44,1208.32,4218.88,0.0,0,0.0,0.0,1n-2m-22th-Cc-lu-mz,sequana_cpu_dev,1,11421728.0,2,22,C,lu-mz,4,4,250,480,320,28,2220.68,2313.69,4534.37,123.37,128.54,251.91,251.91,18.0, sdumont6165,90687.4
194.0,880,20,467726.0,132548.0,67798.0,670104.0,471.04,2109.44,952.32,4218.88,1.0,0,23.0,46.0,1n-2m-22th-Cc-lu-mz,sequana_cpu_dev,1,11421731.0,2,22,C,lu-mz,4,4,250,480,320,28,2221.73,2314.83,4536.55,116.93,121.83,238.77,238.77,19.0, sdumont6165,90731.0
194.0,880,20,467712.0,130688.0,66886.0,670076.0,471.04,2109.44,952.32,4218.88,0.0,0,25.0,50.0,1n-2m-22th-Cc-lu-mz,sequana_cpu_dev,1,11421735.0,2,22,C,lu-mz,4,4,250,480,320,28,2330.79,2336.32,4667.11,129.49,129.8,259.28,259.28,18.0, sdumont6169,93342.2
19.0,192,4,795468.0,133812.0,68438.0,1325588.0,491.52,2109.44,983.04,4218.88,1.0,0,25.0,51.0,1n-2m-24th-Ac-lu-mz,sequana_cpu_dev,1,11421738.0,2,24,A,lu-mz,4,4,250,128,128,16,112.36,117.55,229.91,56.18,58.78,114.95,114.95,2.0, sdumont6169,919.64
0.0,192,4,359222.0,4524.0,3738.0,453096.0,501.76,2109.44,993.28,4218.88,0.0,0,0.0,0.0,1n-2m-24th-Ac-lu-mz,sequana_cpu_dev,1,11421741.0,2,24,A,lu-mz,4,4,250,128,128,16,114.8,119.51,234.31,57.4,59.76,117.15,117.15,2.0, sdumont6169,937.24
18.0,192,4,469212.0,131992.0,67520.0,673076.0,471.04,2109.44,942.08,4218.88,1.0,0,21.0,43.0,1n-2m-24th-Ac-lu-mz,sequana_cpu_dev,1,11421744.0,2,24,A,lu-mz,4,4,250,128,128,16,114.56,119.62,234.18,57.28,59.81,117.09,117.09,2.0, sdumont6169,936.72
0.0,336,7,359208.0,4544.0,3734.0,453068.0,522.24,2109.44,1044.48,4218.88,1.0,0,0.0,0.0,1n-2m-24th-Bc-lu-mz,sequana_cpu_dev,1,11421750.0,2,24,B,lu-mz,4,4,250,304,208,17,613.37,619.56,1232.93,102.23,103.26,205.49,205.49,6.0, sdumont6169,8630.51
65.0,336,7,469346.0,130156.0,66636.0,673344.0,471.04,2109.44,952.32,4218.88,1.0,0,35.0,70.0,1n-2m-24th-Bc-lu-mz,sequana_cpu_dev,1,11421754.0,2,24,B,lu-mz,4,4,250,304,208,17,615.23,618.91,1234.14,102.54,103.15,205.69,205.69,6.0, sdumont6169,8638.980000000001
65.0,384,8,469348.0,130232.0,66680.0,673348.0,471.04,2109.44,952.32,4218.88,1.0,0,20.0,40.0,1n-2m-24th-Bc-lu-mz,sequana_cpu_dev,1,11421756.0,2,24,B,lu-mz,4,4,250,304,208,17,623.6,627.15,1250.74,103.93,104.52,208.46,208.46,6.0, sdumont6169,10005.92
211.0,960,20,469782.0,132624.0,67834.0,674216.0,471.04,2109.44,952.32,4218.88,1.0,0,25.0,51.0,1n-2m-24th-Cc-lu-mz,sequana_cpu_dev,1,11421762.0,2,24,C,lu-mz,4,4,250,480,320,28,2415.58,2431.57,4847.16,134.2,135.09,269.29,269.29,18.0, sdumont6169,96943.2
211.0,912,19,469782.0,130796.0,66950.0,674216.0,471.04,2109.44,952.32,4218.88,1.0,0,21.0,43.0,1n-2m-24th-Cc-lu-mz,sequana_cpu_dev,1,11421766.0,2,24,C,lu-mz,4,4,250,480,320,28,2413.12,2427.66,4840.78,134.06,134.87,268.93,268.93,18.0, sdumont6169,91974.81999999999
211.0,960,20,469782.0,132652.0,67870.0,674216.0,471.04,2109.44,942.08,4218.88,1.0,0,19.0,39.0,1n-2m-24th-Cc-lu-mz,sequana_cpu_dev,1,11421771.0,2,24,C,lu-mz,4,4,250,480,320,28,2405.15,2417.38,4822.53,133.62,134.3,267.92,267.92,18.0, sdumont6169,96450.59999999999
0.0,28,7,265348.0,3172.0,3140.0,265348.0,0.0,0.0,0.0,0.0,1.0,0,0.0,0.0,2n-1m-2th-Ac-lu-mz,sequana_cpu_dev,2,11421774.0,1,2,A,lu-mz,4,4,250,128,128,16,567.84,369.15,936.99,94.64,61.52,156.16,78.08,6.0, sdumont6169,6558.93
0.0,24,6,265348.0,3140.0,3126.0,265348.0,0.0,0.0,0.0,0.0,1.0,0,0.0,0.0,2n-1m-2th-Ac-lu-mz,sequana_cpu_dev,2,11421776.0,1,2,A,lu-mz,4,4,250,128,128,16,548.29,365.45,913.74,91.38,60.91,152.29,76.14,6.0, sdumont6169,5482.4400000000005
0.0,28,7,265348.0,3168.0,3140.0,265348.0,0.0,0.0,0.0,0.0,1.0,0,0.0,0.0,2n-1m-2th-Ac-lu-mz,sequana_cpu_dev,2,11421780.0,1,2,A,lu-mz,4,4,250,128,128,16,564.06,370.62,934.68,94.01,61.77,155.78,77.89,6.0, sdumont6169,6542.759999999999
0.0,104,26,265348.0,3160.0,3134.0,265348.0,0.0,0.0,0.0,0.0,1.0,0,0.0,0.0,2n-1m-2th-Bc-lu-mz,sequana_cpu_dev,2,11421783.0,1,2,B,lu-mz,4,4,250,304,208,17,3071.02,1864.79,4935.81,122.84,74.59,197.43,98.72,25.0, sdumont6169,128331.06000000001
0.0,104,26,265348.0,3148.0,3132.0,265348.0,0.0,0.0,0.0,0.0,1.0,0,0.0,0.0,2n-1m-2th-Bc-lu-mz,sequana_cpu_dev,2,11421786.0,1,2,B,lu-mz,4,4,250,304,208,17,2928.37,1787.74,4716.11,117.13,71.51,188.64,94.32,25.0, sdumont6169,122618.85999999999
0.0,104,26,265348.0,3200.0,3154.0,265348.0,0.0,0.0,0.0,0.0,1.0,0,0.0,0.0,2n-1m-2th-Bc-lu-mz,sequana_cpu_dev,2,11421789.0,1,2,B,lu-mz,4,4,250,304,208,17,2993.55,1843.07,4836.62,119.74,73.72,193.46,96.73,25.0, sdumont6217,125752.12
178.0,420,105,1489442.0,463240.0,458000.0,1601936.0,2027.52,4218.88,2027.52,4218.88,1.0,0,43.0,45.0,2n-1m-2th-Cc-lu-mz,sequana_cpu_dev,2,11421792.0,1,2,C,lu-mz,4,4,250,480,320,28,12470.14,8157.18,20627.32,119.91,78.43,198.34,99.17,104.0, sdumont6166,2165868.6
178.0,420,105,1600850.0,464780.0,458908.0,1612056.0,2027.52,4218.88,2027.52,4218.88,1.0,0,41.0,43.0,2n-1m-2th-Cc-lu-mz,sequana_cpu_dev,2,11421795.0,1,2,C,lu-mz,4,4,250,480,320,28,13275.54,7964.52,21240.06,127.65,76.58,204.23,102.12,104.0, sdumont6217,2230206.3000000003
178.0,420,105,1603608.0,464084.0,459564.0,1617484.0,2027.52,4218.88,2027.52,4218.88,1.0,0,0.0,0.0,2n-1m-2th-Cc-lu-mz,sequana_cpu_dev,2,11421798.0,1,2,C,lu-mz,4,4,250,480,320,28,13083.06,7884.47,20967.53,125.8,75.81,201.61,100.81,104.0, sdumont6169,2201590.65
0.0,40,5,265348.0,3164.0,3148.0,265348.0,0.0,0.0,0.0,0.0,2.0,0,0.0,0.0,2n-1m-4th-Ac-lu-mz,sequana_cpu_dev,2,11421802.0,1,4,A,lu-mz,4,4,250,128,128,16,472.97,264.48,737.45,118.24,66.12,184.36,92.18,4.0, sdumont6217,3687.25
0.0,40,5,265348.0,3156.0,3152.0,265348.0,0.0,0.0,0.0,0.0,1.0,0,0.0,0.0,2n-1m-4th-Ac-lu-mz,sequana_cpu_dev,2,11421805.0,1,4,A,lu-mz,4,4,250,128,128,16,472.86,264.4,737.26,118.22,66.1,184.32,92.16,4.0, sdumont6217,3686.3
0.0,40,5,265348.0,3148.0,3130.0,265348.0,0.0,0.0,0.0,0.0,1.0,0,0.0,0.0,2n-1m-4th-Ac-lu-mz,sequana_cpu_dev,2,11421808.0,1,4,A,lu-mz,4,4,250,128,128,16,473.89,262.16,736.05,118.47,65.54,184.01,92.01,4.0, sdumont6169,3680.25
0.0,120,15,265348.0,3168.0,3158.0,265348.0,0.0,0.0,0.0,0.0,1.0,0,0.0,0.0,2n-1m-4th-Bc-lu-mz,sequana_cpu_dev,2,11421811.0,1,4,B,lu-mz,4,4,250,304,208,17,1941.53,1010.13,2951.66,138.68,72.15,210.83,105.42,14.0, sdumont6217,44274.899999999994
0.0,120,15,265348.0,3164.0,3160.0,265348.0,0.0,0.0,0.0,0.0,1.0,0,0.0,0.0,2n-1m-4th-Bc-lu-mz,sequana_cpu_dev,2,11421814.0,1,4,B,lu-mz,4,4,250,304,208,17,1929.16,1010.49,2939.65,137.8,72.18,209.97,104.99,14.0, sdumont6169,44094.75
0.0,120,15,265348.0,3124.0,3094.0,265348.0,0.0,0.0,0.0,0.0,1.0,0,0.0,0.0,2n-1m-4th-Bc-lu-mz,sequana_cpu_dev,2,11421818.0,1,4,B,lu-mz,4,4,250,304,208,17,1880.85,1059.08,2939.93,134.35,75.65,210.0,105.0,14.0, sdumont6165,44098.95
117.0,456,57,1493586.0,463012.0,458074.0,1593756.0,1239.04,4208.64,1239.04,4208.64,0.0,0,47.0,48.0,2n-1m-4th-Cc-lu-mz,sequana_cpu_dev,2,11421821.0,1,4,C,lu-mz,4,4,250,480,320,28,8401.14,4364.81,12765.95,150.02,77.94,227.96,113.98,56.0, sdumont6166,727659.15
118.0,456,57,1493586.0,463412.0,459032.0,1606048.0,1239.04,4208.64,1239.04,4208.64,1.0,0,1.0,2.0,2n-1m-4th-Cc-lu-mz,sequana_cpu_dev,2,11421825.0,1,4,C,lu-mz,4,4,250,480,320,28,8408.5,4376.28,12784.78,150.15,78.15,228.3,114.15,56.0, sdumont6166,728732.4600000001
118.0,456,57,1493588.0,463308.0,458826.0,1606048.0,1239.04,4208.64,1239.04,4208.64,1.0,0,1.0,2.0,2n-1m-4th-Cc-lu-mz,sequana_cpu_dev,2,11421829.0,1,4,C,lu-mz,4,4,250,480,320,28,8392.06,4373.19,12765.25,149.86,78.09,227.95,113.98,56.0, sdumont6165,727619.25
0.0,48,4,265348.0,1036.0,1034.0,265348.0,0.0,0.0,0.0,0.0,1.0,0,0.0,0.0,2n-1m-6th-Ac-lu-mz,sequana_cpu_dev,2,11421833.0,1,6,A,lu-mz,4,4,250,128,128,16,342.91,184.17,527.08,114.3,61.39,175.69,87.85,3.0, sdumont6166,2108.32
0.0,48,4,265348.0,3156.0,3126.0,265348.0,0.0,0.0,0.0,0.0,1.0,0,0.0,0.0,2n-1m-6th-Ac-lu-mz,sequana_cpu_dev,2,11421836.0,1,6,A,lu-mz,4,4,250,128,128,16,349.71,187.74,537.46,116.57,62.58,179.15,89.58,3.0, sdumont6166,2149.84
0.0,48,4,265348.0,3236.0,3206.0,265348.0,0.0,0.0,0.0,0.0,1.0,0,0.0,0.0,2n-1m-6th-Ac-lu-mz,sequana_cpu_dev,2,11421842.0,1,6,A,lu-mz,4,4,250,128,128,16,346.17,186.12,532.29,115.39,62.04,177.43,88.72,3.0, sdumont6166,2129.16
0.0,144,12,265348.0,3112.0,2072.0,265348.0,0.0,0.0,0.0,0.0,1.0,0,0.0,0.0,2n-1m-6th-Bc-lu-mz,sequana_cpu_dev,2,11421850.0,1,6,B,lu-mz,4,4,250,304,208,17,1586.32,734.99,2321.32,144.21,66.82,211.03,105.51,11.0, sdumont6217,27855.840000000004
0.0,144,12,265348.0,3084.0,3080.0,265348.0,0.0,0.0,0.0,0.0,1.0,0,0.0,0.0,2n-1m-6th-Bc-lu-mz,sequana_cpu_dev,2,11421855.0,1,6,B,lu-mz,4,4,250,304,208,17,1593.48,733.01,2326.49,144.86,66.64,211.5,105.75,11.0, sdumont6217,27917.879999999997
0.0,144,12,265348.0,3048.0,2038.0,265348.0,0.0,0.0,0.0,0.0,1.0,0,0.0,0.0,2n-1m-6th-Bc-lu-mz,sequana_cpu_dev,2,11421859.0,1,6,B,lu-mz,4,4,250,304,208,17,1597.71,732.48,2330.19,145.25,66.59,211.84,105.92,11.0, sdumont6169,27962.28
176.0,480,40,1497708.0,462880.0,457996.0,1597952.0,1239.04,4208.64,1239.04,4208.64,1.0,0,52.0,52.0,2n-1m-6th-Cc-lu-mz,sequana_cpu_dev,2,11421863.0,1,6,C,lu-mz,4,4,250,480,320,28,7032.1,2876.33,9908.43,180.31,73.75,254.06,127.03,39.0, sdumont6217,396337.2
177.0,480,40,1497700.0,463524.0,458042.0,1610164.0,1239.04,4208.64,1239.04,4208.64,1.0,0,4.0,4.0,2n-1m-6th-Cc-lu-mz,sequana_cpu_dev,2,11421865.0,1,6,C,lu-mz,4,4,250,480,320,28,6860.05,3019.47,9879.53,178.25,78.4,256.65,128.32,38.5, sdumont6165,395181.2
176.0,480,40,1497700.0,464756.0,458878.0,1597872.0,1239.04,4208.64,1239.04,4208.64,1.0,0,25.0,51.0,2n-1m-6th-Cc-lu-mz,sequana_cpu_dev,2,11421870.0,1,6,C,lu-mz,4,4,250,480,320,28,7126.36,2869.65,9996.01,182.73,73.58,256.31,128.15,39.0, sdumont6219,399840.4
0.0,64,4,265348.0,3144.0,2090.0,265348.0,0.0,0.0,0.0,0.0,1.0,0,0.0,0.0,2n-1m-8th-Ac-lu-mz,sequana_cpu_dev,2,11421873.0,1,8,A,lu-mz,4,4,250,128,128,16,386.03,172.71,558.74,128.68,57.57,186.25,93.12,3.0, sdumont6217,2234.96
0.0,64,4,265348.0,3112.0,2072.0,265348.0,0.0,0.0,0.0,0.0,0.0,0,0.0,0.0,2n-1m-8th-Ac-lu-mz,sequana_cpu_dev,2,11421876.0,1,8,A,lu-mz,4,4,250,128,128,16,386.84,170.01,556.85,128.95,56.67,185.62,92.81,3.0, sdumont6169,2227.4
0.0,64,4,265348.0,1028.0,1028.0,265348.0,0.0,0.0,0.0,0.0,1.0,0,0.0,0.0,2n-1m-8th-Ac-lu-mz,sequana_cpu_dev,2,11421881.0,1,8,A,lu-mz,4,4,250,128,128,16,284.4,130.23,414.64,94.8,43.41,138.21,69.11,3.0, sdumont6169,1658.56
0.0,160,10,265348.0,1032.0,1032.0,265348.0,0.0,0.0,0.0,0.0,1.0,0,0.0,0.0,2n-1m-8th-Bc-lu-mz,sequana_cpu_dev,2,11421885.0,1,8,B,lu-mz,4,4,250,304,208,17,1587.89,640.14,2228.03,176.43,71.13,247.56,123.78,9.0, sdumont6217,22280.300000000003
0.0,160,10,265348.0,3072.0,2052.0,265348.0,0.0,0.0,0.0,0.0,1.0,0,0.0,0.0,2n-1m-8th-Bc-lu-mz,sequana_cpu_dev,2,11421889.0,1,8,B,lu-mz,4,4,250,304,208,17,1591.74,646.09,2237.83,176.86,71.79,248.65,124.32,9.0, sdumont6217,22378.3
0.0,160,10,265348.0,3052.0,2042.0,265348.0,0.0,0.0,0.0,0.0,1.0,0,0.0,0.0,2n-1m-8th-Bc-lu-mz,sequana_cpu_dev,2,11421894.0,1,8,B,lu-mz,4,4,250,304,208,17,1596.29,638.11,2234.39,177.37,70.9,248.27,124.13,9.0, sdumont6219,22343.899999999998
235.0,512,32,1501806.0,463684.0,458194.0,1614268.0,1239.04,4208.64,1239.04,4208.64,1.0,0,5.0,6.0,2n-1m-8th-Cc-lu-mz,sequana_cpu_dev,2,11421897.0,1,8,C,lu-mz,4,4,250,480,320,28,6201.91,2229.19,8431.1,200.06,71.91,271.97,135.99,31.0, sdumont6219,269795.2
216.0,544,34,1501802.0,463404.0,458436.0,1614264.0,1239.04,4208.64,1239.04,4208.64,1.0,0,219.0,383.0,2n-1m-8th-Cc-lu-mz,sequana_cpu_dev,2,11421901.0,1,8,C,lu-mz,4,4,250,480,320,28,6695.83,2716.72,9412.55,202.9,82.32,285.23,142.61,33.0, sdumont6238,320026.69999999995
235.0,512,32,1501808.0,464968.0,459062.0,1601980.0,1239.04,4208.64,1239.04,4208.64,1.0,0,3.0,4.0,2n-1m-8th-Cc-lu-mz,sequana_cpu_dev,2,11421905.0,1,8,C,lu-mz,4,4,250,480,320,28,6347.35,2460.17,8807.51,204.75,79.36,284.11,142.06,31.0, sdumont6237,281840.32
0.0,80,4,265348.0,1040.0,1038.0,265348.0,0.0,0.0,0.0,0.0,1.0,0,0.0,0.0,2n-1m-10th-Ac-lu-mz,sequana_cpu_dev,2,11421907.0,1,10,A,lu-mz,4,4,250,128,128,16,187.84,94.78,282.62,62.61,31.59,94.21,47.1,3.0, sdumont6237,1130.48
0.0,80,4,265348.0,1040.0,1040.0,265348.0,0.0,0.0,0.0,0.0,1.0,0,0.0,0.0,2n-1m-10th-Ac-lu-mz,sequana_cpu_dev,2,11421911.0,1,10,A,lu-mz,4,4,250,128,128,16,199.68,95.07,294.75,83.22,39.38,122.6,61.3,2.5, sdumont6237,1179.0
0.0,60,3,265348.0,1040.0,1036.0,265348.0,0.0,0.0,0.0,0.0,4.0,0,0.0,0.0,2n-1m-10th-Ac-lu-mz,sequana_cpu_dev,2,11421914.0,1,10,A,lu-mz,4,4,250,128,128,16,178.3,89.43,267.73,89.15,44.72,133.87,66.93,2.0, sdumont6165,803.19
0.0,160,8,265348.0,1032.0,1032.0,265348.0,0.0,0.0,0.0,0.0,17.0,0,0.0,0.0,2n-1m-10th-Bc-lu-mz,sequana_cpu_dev,2,11421920.0,1,10,B,lu-mz,4,4,250,304,208,17,1324.25,499.64,1823.9,189.18,71.38,260.56,130.28,7.0, sdumont6167,14591.2
0.0,160,8,265348.0,3120.0,2076.0,265348.0,0.0,0.0,0.0,0.0,4.0,0,0.0,0.0,2n-1m-10th-Bc-lu-mz,sequana_cpu_dev,2,11421923.0,1,10,B,lu-mz,4,4,250,304,208,17,1234.39,483.61,1718.0,176.34,69.09,245.43,122.71,7.0, sdumont6166,13744.0
0.0,160,8,265348.0,1036.0,1034.0,265348.0,0.0,0.0,0.0,0.0,4.0,0,0.0,0.0,2n-1m-10th-Bc-lu-mz,sequana_cpu_dev,2,11421925.0,1,10,B,lu-mz,4,4,250,304,208,17,1244.94,478.62,1723.57,177.85,68.37,246.22,123.11,7.0, sdumont6165,13788.56
0.0,540,27,265348.0,1040.0,1038.0,265348.0,0.0,0.0,0.0,0.0,8.0,0,0.0,0.0,2n-1m-10th-Cc-lu-mz,sequana_cpu_dev,2,11421929.0,1,10,C,lu-mz,4,4,250,480,320,28,5557.77,1945.92,7503.69,213.76,74.84,288.6,144.3,26.0, sdumont6166,202599.62999999998
0.0,520,26,265348.0,1036.0,1036.0,265348.0,0.0,0.0,0.0,0.0,4.0,0,0.0,0.0,2n-1m-10th-Cc-lu-mz,sequana_cpu_dev,2,11421935.0,1,10,C,lu-mz,4,4,250,480,320,28,5553.41,1971.81,7525.21,222.14,78.87,301.01,150.5,25.0, sdumont6166,195655.46
0.0,520,26,265348.0,1036.0,1036.0,265348.0,0.0,0.0,0.0,0.0,4.0,0,0.0,0.0,2n-1m-10th-Cc-lu-mz,sequana_cpu_dev,2,11421938.0,1,10,C,lu-mz,4,4,250,480,320,28,5535.81,1954.51,7490.32,221.43,78.18,299.61,149.81,25.0, sdumont6166,194748.32
0.0,72,3,265348.0,3056.0,2046.0,265348.0,0.0,0.0,0.0,0.0,8.0,0,0.0,0.0,2n-1m-12th-Ac-lu-mz,sequana_cpu_dev,2,11421941.0,1,12,A,lu-mz,4,4,250,128,128,16,190.25,89.68,279.93,95.12,44.84,139.96,69.98,2.0, sdumont6165,839.79
0.0,72,3,265348.0,1040.0,1038.0,265348.0,0.0,0.0,0.0,0.0,4.0,0,0.0,0.0,2n-1m-12th-Ac-lu-mz,sequana_cpu_dev,2,11421945.0,1,12,A,lu-mz,4,4,250,128,128,16,191.44,90.37,281.82,95.72,45.19,140.91,70.45,2.0, sdumont6166,845.46
0.0,96,4,265348.0,1036.0,1034.0,265348.0,0.0,0.0,0.0,0.0,4.0,0,0.0,0.0,2n-1m-12th-Ac-lu-mz,sequana_cpu_dev,2,11421950.0,1,12,A,lu-mz,4,4,250,128,128,16,187.2,91.33,278.53,93.6,45.66,139.26,69.63,2.0, sdumont6165,1114.12
0.0,192,8,265348.0,1036.0,1034.0,265348.0,0.0,0.0,0.0,0.0,8.0,0,0.0,0.0,2n-1m-12th-Bc-lu-mz,sequana_cpu_dev,2,11421954.0,1,12,B,lu-mz,4,4,250,304,208,17,1265.69,480.85,1746.54,180.81,68.69,249.51,124.75,7.0, sdumont6165,13972.32
0.0,192,8,265348.0,1036.0,1036.0,265348.0,0.0,0.0,0.0,0.0,4.0,0,0.0,0.0,2n-1m-12th-Bc-lu-mz,sequana_cpu_dev,2,11421959.0,1,12,B,lu-mz,4,4,250,304,208,17,1263.82,484.76,1748.58,180.55,69.25,249.8,124.9,7.0, sdumont6165,13988.64
0.0,192,8,265348.0,1036.0,1034.0,265348.0,0.0,0.0,0.0,0.0,4.0,0,0.0,0.0,2n-1m-12th-Bc-lu-mz,sequana_cpu_dev,2,11421962.0,1,12,B,lu-mz,4,4,250,304,208,17,1381.21,523.87,1905.09,197.32,74.84,272.16,136.08,7.0, sdumont6165,15240.72
0.0,600,25,265348.0,1036.0,1036.0,265348.0,0.0,0.0,0.0,0.0,8.0,0,0.0,0.0,2n-1m-12th-Cc-lu-mz,sequana_cpu_dev,2,11421968.0,1,12,C,lu-mz,4,4,250,480,320,28,5407.09,1868.94,7276.03,225.3,77.87,303.17,151.58,24.0, sdumont6165,181900.75
0.0,576,24,265348.0,1040.0,1040.0,265348.0,0.0,0.0,0.0,0.0,4.0,0,0.0,0.0,2n-1m-12th-Cc-lu-mz,sequana_cpu_dev,2,11421971.0,1,12,C,lu-mz,4,4,250,480,320,28,5403.74,1859.0,7262.75,234.95,80.83,315.77,157.89,23.0, sdumont6165,174306.0
0.0,600,25,265348.0,1040.0,1040.0,265348.0,0.0,0.0,0.0,0.0,4.0,0,0.0,0.0,2n-1m-12th-Cc-lu-mz,sequana_cpu_dev,2,11421974.0,1,12,C,lu-mz,4,4,250,480,320,28,5352.43,1847.03,7199.45,223.02,76.96,299.98,149.99,24.0, sdumont6165,179986.25
0.0,84,3,265348.0,1036.0,1036.0,265348.0,0.0,0.0,0.0,0.0,1.0,0,0.0,0.0,2n-1m-14th-Ac-lu-mz,sequana_cpu_dev,2,11421976.0,1,14,A,lu-mz,4,4,250,128,128,16,199.16,89.1,288.26,99.58,44.55,144.13,72.06,2.0, sdumont6166,864.78
0.0,84,3,265348.0,3132.0,2084.0,265348.0,0.0,0.0,0.0,0.0,4.0,0,0.0,0.0,2n-1m-14th-Ac-lu-mz,sequana_cpu_dev,2,11421980.0,1,14,A,lu-mz,4,4,250,128,128,16,195.05,88.75,283.79,97.52,44.37,141.9,70.95,2.0, sdumont6165,851.3700000000001
0.0,84,3,265348.0,1036.0,1036.0,265348.0,0.0,0.0,0.0,0.0,4.0,0,0.0,0.0,2n-1m-14th-Ac-lu-mz,sequana_cpu_dev,2,11421982.0,1,14,A,lu-mz,4,4,250,128,128,16,195.98,87.75,283.73,97.99,43.88,141.87,70.93,2.0, sdumont6166,851.19
0.0,224,8,265348.0,3120.0,2080.0,265348.0,0.0,0.0,0.0,0.0,8.0,0,0.0,0.0,2n-1m-14th-Bc-lu-mz,sequana_cpu_dev,2,11421985.0,1,14,B,lu-mz,4,4,250,304,208,17,1346.2,486.66,1832.86,192.31,69.52,261.84,130.92,7.0, sdumont6165,14662.88
0.0,224,8,265348.0,1040.0,1036.0,265348.0,0.0,0.0,0.0,0.0,1.0,0,0.0,0.0,2n-1m-14th-Bc-lu-mz,sequana_cpu_dev,2,11421988.0,1,14,B,lu-mz,4,4,250,304,208,17,1338.09,484.19,1822.28,191.16,69.17,260.33,130.16,7.0, sdumont6165,14578.24
0.0,224,8,265348.0,1036.0,1034.0,265348.0,0.0,0.0,0.0,0.0,1.0,0,0.0,0.0,2n-1m-14th-Bc-lu-mz,sequana_cpu_dev,2,11421990.0,1,14,B,lu-mz,4,4,250,304,208,17,1343.18,487.74,1830.92,191.88,69.68,261.56,130.78,7.0, sdumont6166,14647.36
0.0,616,22,265348.0,1040.0,1036.0,265348.0,0.0,0.0,0.0,0.0,1.0,0,0.0,0.0,2n-1m-14th-Cc-lu-mz,sequana_cpu_dev,2,11421993.0,1,14,C,lu-mz,4,4,250,480,320,28,5064.42,1671.32,6735.75,241.16,79.59,320.75,160.37,21.0, sdumont6166,148186.5
0.0,644,23,265348.0,3028.0,2030.0,265348.0,0.0,0.0,0.0,0.0,1.0,0,0.0,0.0,2n-1m-14th-Cc-lu-mz,sequana_cpu_dev,2,11421995.0,1,14,C,lu-mz,4,4,250,480,320,28,5100.69,1664.18,6764.87,231.85,75.64,307.49,153.75,22.0, sdumont6165,155592.01
0.0,616,22,265348.0,1036.0,1036.0,265348.0,0.0,0.0,0.0,0.0,1.0,0,0.0,0.0,2n-1m-14th-Cc-lu-mz,sequana_cpu_dev,2,11421997.0,1,14,C,lu-mz,4,4,250,480,320,28,5085.6,1671.67,6757.27,242.17,79.6,321.77,160.89,21.0, sdumont6165,148659.94
0.0,96,3,265348.0,1036.0,1036.0,265348.0,0.0,0.0,0.0,0.0,0.0,0,0.0,0.0,2n-1m-16th-Ac-lu-mz,sequana_cpu_dev,2,11421999.0,1,16,A,lu-mz,4,4,250,128,128,16,199.88,90.7,290.57,99.94,45.35,145.29,72.64,2.0, sdumont6166,871.71
0.0,96,3,265348.0,3176.0,2108.0,265348.0,0.0,0.0,0.0,0.0,0.0,0,0.0,0.0,2n-1m-16th-Ac-lu-mz,sequana_cpu_dev,2,11422001.0,1,16,A,lu-mz,4,4,250,128,128,16,208.17,90.91,299.08,104.09,45.45,149.54,74.77,2.0, sdumont6166,897.24
0.0,96,3,265348.0,1036.0,1034.0,265348.0,0.0,0.0,0.0,0.0,0.0,0,0.0,0.0,2n-1m-16th-Ac-lu-mz,sequana_cpu_dev,2,11422004.0,1,16,A,lu-mz,4,4,250,128,128,16,204.92,89.4,294.32,102.46,44.7,147.16,73.58,2.0, sdumont6165,882.96
0.0,256,8,265348.0,3068.0,2050.0,265348.0,0.0,0.0,0.0,0.0,1.0,0,0.0,0.0,2n-1m-16th-Bc-lu-mz,sequana_cpu_dev,2,11422006.0,1,16,B,lu-mz,4,4,250,304,208,17,1378.81,484.28,1863.09,229.8,80.71,310.52,155.26,6.0, sdumont6166,14904.72
0.0,224,7,265348.0,1036.0,1034.0,265348.0,0.0,0.0,0.0,0.0,0.0,0,0.0,0.0,2n-1m-16th-Bc-lu-mz,sequana_cpu_dev,2,11422008.0,1,16,B,lu-mz,4,4,250,304,208,17,1378.04,482.83,1860.88,229.67,80.47,310.15,155.07,6.0, sdumont6166,13026.16
0.0,224,7,265348.0,1036.0,1034.0,265348.0,0.0,0.0,0.0,0.0,1.0,0,0.0,0.0,2n-1m-16th-Bc-lu-mz,sequana_cpu_dev,2,11422010.0,1,16,B,lu-mz,4,4,250,304,208,17,1380.94,484.66,1865.6,230.16,80.78,310.93,155.47,6.0, sdumont6166,13059.199999999999
0.0,672,21,265348.0,3060.0,2050.0,265348.0,0.0,0.0,0.0,0.0,0.0,0,0.0,0.0,2n-1m-16th-Cc-lu-mz,sequana_cpu_dev,2,11422013.0,1,16,C,lu-mz,4,4,250,480,320,28,4576.42,1465.21,6041.63,228.82,73.26,302.08,151.04,20.0, sdumont6166,126874.23
0.0,672,21,265348.0,1036.0,1036.0,265348.0,0.0,0.0,0.0,0.0,1.0,0,0.0,0.0,2n-1m-16th-Cc-lu-mz,sequana_cpu_dev,2,11422015.0,1,16,C,lu-mz,4,4,250,480,320,28,4607.11,1479.0,6086.11,230.36,73.95,304.31,152.15,20.0, sdumont6166,127808.31
0.0,672,21,265348.0,1036.0,1036.0,265348.0,0.0,0.0,0.0,0.0,1.0,0,0.0,0.0,2n-1m-16th-Cc-lu-mz,sequana_cpu_dev,2,11422017.0,1,16,C,lu-mz,4,4,250,480,320,28,4591.55,1479.45,6071.0,229.58,73.97,303.55,151.77,20.0, sdumont6166,127491.0
0.0,108,3,265348.0,1040.0,1038.0,265348.0,0.0,0.0,0.0,0.0,1.0,0,0.0,0.0,2n-1m-18th-Ac-lu-mz,sequana_cpu_dev,2,11422019.0,1,18,A,lu-mz,4,4,250,128,128,16,207.62,88.84,296.45,103.81,44.42,148.23,74.11,2.0, sdumont6166,889.3499999999999
0.0,108,3,265348.0,3116.0,2078.0,265348.0,0.0,0.0,0.0,0.0,0.0,0,0.0,0.0,2n-1m-18th-Ac-lu-mz,sequana_cpu_dev,2,11422021.0,1,18,A,lu-mz,4,4,250,128,128,16,209.52,90.01,299.53,104.76,45.01,149.76,74.88,2.0, sdumont6166,898.5899999999999
0.0,108,3,265348.0,3212.0,2124.0,265348.0,0.0,0.0,0.0,0.0,0.0,0,0.0,0.0,2n-1m-18th-Ac-lu-mz,sequana_cpu_dev,2,11422023.0,1,18,A,lu-mz,4,4,250,128,128,16,209.99,89.68,299.68,105.0,44.84,149.84,74.92,2.0, sdumont6166,899.04
0.0,252,7,265348.0,3080.0,2058.0,265348.0,0.0,0.0,0.0,0.0,0.0,0,0.0,0.0,2n-1m-18th-Bc-lu-mz,sequana_cpu_dev,2,11422026.0,1,18,B,lu-mz,4,4,250,304,208,17,1122.54,383.88,1506.42,187.09,63.98,251.07,125.53,6.0, sdumont6166,10544.94
0.0,252,7,265348.0,3180.0,2110.0,265348.0,0.0,0.0,0.0,0.0,1.0,0,0.0,0.0,2n-1m-18th-Bc-lu-mz,sequana_cpu_dev,2,11422029.0,1,18,B,lu-mz,4,4,250,304,208,17,1130.09,387.03,1517.12,188.35,64.51,252.85,126.43,6.0, sdumont6166,10619.84
0.0,252,7,265348.0,1040.0,1038.0,265348.0,0.0,0.0,0.0,0.0,0.0,0,0.0,0.0,2n-1m-18th-Bc-lu-mz,sequana_cpu_dev,2,11422031.0,1,18,B,lu-mz,4,4,250,304,208,17,1129.7,388.44,1518.15,188.28,64.74,253.02,126.51,6.0, sdumont6165,10627.050000000001
0.0,756,21,265348.0,3108.0,2074.0,265348.0,0.0,0.0,0.0,0.0,1.0,0,0.0,0.0,2n-1m-18th-Cc-lu-mz,sequana_cpu_dev,2,11422033.0,1,18,C,lu-mz,4,4,250,480,320,28,4964.2,1559.17,6523.37,248.21,77.96,326.17,163.08,20.0, sdumont6165,136990.77
0.0,756,21,265348.0,1036.0,1036.0,265348.0,0.0,0.0,0.0,0.0,1.0,0,0.0,0.0,2n-1m-18th-Cc-lu-mz,sequana_cpu_dev,2,11422035.0,1,18,C,lu-mz,4,4,250,480,320,28,4969.23,1565.81,6535.04,248.46,78.29,326.75,163.38,20.0, sdumont6166,137235.84
0.0,756,21,265348.0,3124.0,2080.0,265348.0,0.0,0.0,0.0,0.0,1.0,0,0.0,0.0,2n-1m-18th-Cc-lu-mz,sequana_cpu_dev,2,11422037.0,1,18,C,lu-mz,4,4,250,480,320,28,4822.07,1521.6,6343.67,241.1,76.08,317.18,158.59,20.0, sdumont6166,133217.07
0.0,120,3,265348.0,3144.0,2092.0,265348.0,0.0,0.0,0.0,0.0,0.0,0,0.0,0.0,2n-1m-20th-Ac-lu-mz,sequana_cpu_dev,2,11422039.0,1,20,A,lu-mz,4,4,250,128,128,16,210.37,89.17,299.54,105.19,44.58,149.77,74.89,2.0, sdumont6165,898.6200000000001
0.0,240,6,265348.0,1036.0,1034.0,265348.0,0.0,0.0,0.0,0.0,1.0,0,0.0,0.0,2n-1m-20th-Ac-lu-mz,sequana_cpu_dev,2,11422041.0,1,20,A,lu-mz,4,4,250,128,128,16,451.99,283.97,735.96,90.4,56.79,147.19,73.6,5.0, sdumont6188,4415.76
0.0,160,4,265348.0,1036.0,1036.0,265348.0,0.0,0.0,0.0,0.0,1.0,0,0.0,0.0,2n-1m-20th-Ac-lu-mz,sequana_cpu_dev,2,11422043.0,1,20,A,lu-mz,4,4,250,128,128,16,221.53,92.66,314.19,110.76,46.33,157.1,78.55,2.0, sdumont6189,1256.76
0.0,280,7,265348.0,1036.0,1034.0,265348.0,0.0,0.0,0.0,0.0,1.0,0,0.0,0.0,2n-1m-20th-Bc-lu-mz,sequana_cpu_dev,2,11422045.0,1,20,B,lu-mz,4,4,250,304,208,17,1171.97,403.03,1575.0,234.39,80.61,315.0,157.5,5.0, sdumont6189,11025.0
0.0,280,7,265348.0,1036.0,1034.0,265348.0,0.0,0.0,0.0,0.0,1.0,0,0.0,0.0,2n-1m-20th-Bc-lu-mz,sequana_cpu_dev,2,11422047.0,1,20,B,lu-mz,4,4,250,304,208,17,1183.69,403.46,1587.15,236.74,80.69,317.43,158.72,5.0, sdumont6189,11110.050000000001
0.0,280,7,265348.0,1036.0,1036.0,265348.0,0.0,0.0,0.0,0.0,1.0,0,0.0,0.0,2n-1m-20th-Bc-lu-mz,sequana_cpu_dev,2,11422051.0,1,20,B,lu-mz,4,4,250,304,208,17,1176.17,401.98,1578.15,235.23,80.4,315.63,157.81,5.0, sdumont6189,11047.050000000001
0.0,760,19,265348.0,3124.0,2080.0,265348.0,0.0,0.0,0.0,0.0,1.0,0,0.0,0.0,2n-1m-20th-Cc-lu-mz,sequana_cpu_dev,2,11422053.0,1,20,C,lu-mz,4,4,250,480,320,28,4413.51,1373.54,5787.05,245.19,76.31,321.5,160.75,18.0, sdumont6165,109953.95
0.0,760,19,265348.0,1040.0,1038.0,265348.0,0.0,0.0,0.0,0.0,1.0,0,0.0,0.0,2n-1m-20th-Cc-lu-mz,sequana_cpu_dev,2,11422055.0,1,20,C,lu-mz,4,4,250,480,320,28,4406.45,1380.02,5786.47,244.8,76.67,321.47,160.74,18.0, sdumont6165,109942.93000000001
0.0,760,19,265348.0,3144.0,2090.0,265348.0,0.0,0.0,0.0,0.0,1.0,0,0.0,0.0,2n-1m-20th-Cc-lu-mz,sequana_cpu_dev,2,11422057.0,1,20,C,lu-mz,4,4,250,480,320,28,4397.64,1377.56,5775.2,244.31,76.53,320.84,160.42,18.0, sdumont6166,109728.8
0.0,132,3,265348.0,3168.0,2102.0,265348.0,0.0,0.0,0.0,0.0,1.0,0,0.0,0.0,2n-1m-22th-Ac-lu-mz,sequana_cpu_dev,2,11422059.0,1,22,A,lu-mz,4,4,250,128,128,16,210.18,91.94,302.12,105.09,45.97,151.06,75.53,2.0, sdumont6166,906.36
0.0,132,3,265348.0,3224.0,2132.0,265348.0,0.0,0.0,0.0,0.0,1.0,0,0.0,0.0,2n-1m-22th-Ac-lu-mz,sequana_cpu_dev,2,11422062.0,1,22,A,lu-mz,4,4,250,128,128,16,210.56,91.93,302.49,105.28,45.96,151.24,75.62,2.0, sdumont6165,907.47
0.0,132,3,265348.0,1040.0,1038.0,265348.0,0.0,0.0,0.0,0.0,1.0,0,0.0,0.0,2n-1m-22th-Ac-lu-mz,sequana_cpu_dev,2,11422064.0,1,22,A,lu-mz,4,4,250,128,128,16,204.55,90.97,295.53,102.28,45.49,147.76,73.88,2.0, sdumont6165,886.5899999999999
0.0,308,7,265348.0,1040.0,1038.0,265348.0,0.0,0.0,0.0,0.0,1.0,0,0.0,0.0,2n-1m-22th-Bc-lu-mz,sequana_cpu_dev,2,11422067.0,1,22,B,lu-mz,4,4,250,304,208,17,1144.07,392.12,1536.18,190.68,65.35,256.03,128.02,6.0, sdumont6165,10753.26
0.0,308,7,265348.0,1040.0,1036.0,265348.0,0.0,0.0,0.0,0.0,1.0,0,0.0,0.0,2n-1m-22th-Bc-lu-mz,sequana_cpu_dev,2,11422069.0,1,22,B,lu-mz,4,4,250,304,208,17,1141.36,387.12,1528.48,190.23,64.52,254.75,127.37,6.0, sdumont6166,10699.36
0.0,308,7,265348.0,1040.0,1036.0,265348.0,0.0,0.0,0.0,0.0,0.0,0,0.0,0.0,2n-1m-22th-Bc-lu-mz,sequana_cpu_dev,2,11422071.0,1,22,B,lu-mz,4,4,250,304,208,17,1137.21,391.25,1528.46,189.53,65.21,254.74,127.37,6.0, sdumont6165,10699.220000000001
0.0,836,19,265348.0,1036.0,1036.0,265348.0,0.0,0.0,0.0,0.0,0.0,0,0.0,0.0,2n-1m-22th-Cc-lu-mz,sequana_cpu_dev,2,11422073.0,1,22,C,lu-mz,4,4,250,480,320,28,4463.04,1381.03,5844.07,247.95,76.72,324.67,162.34,18.0, sdumont6165,111037.32999999999
0.0,880,20,265348.0,3172.0,2102.0,265348.0,0.0,0.0,0.0,0.0,1.0,0,0.0,0.0,2n-1m-22th-Cc-lu-mz,sequana_cpu_dev,2,11422075.0,1,22,C,lu-mz,4,4,250,480,320,28,4596.88,1425.93,6022.81,241.94,75.05,316.99,158.5,19.0, sdumont6166,120456.20000000001
0.0,880,20,265348.0,1036.0,1034.0,265348.0,0.0,0.0,0.0,0.0,1.0,0,0.0,0.0,2n-1m-22th-Cc-lu-mz,sequana_cpu_dev,2,11422077.0,1,22,C,lu-mz,4,4,250,480,320,28,4580.6,1413.84,5994.44,241.08,74.41,315.5,157.75,19.0, sdumont6166,119888.79999999999
0.0,144,3,265348.0,1036.0,1036.0,265348.0,0.0,0.0,0.0,0.0,1.0,0,0.0,0.0,2n-1m-24th-Ac-lu-mz,sequana_cpu_dev,2,11422079.0,1,24,A,lu-mz,4,4,250,128,128,16,332.16,135.12,467.28,166.08,67.56,233.64,116.82,2.0, sdumont6165,1401.84
0.0,144,3,265348.0,1040.0,1038.0,265348.0,0.0,0.0,0.0,0.0,1.0,0,0.0,0.0,2n-1m-24th-Ac-lu-mz,sequana_cpu_dev,2,11422081.0,1,24,A,lu-mz,4,4,250,128,128,16,201.57,91.21,292.78,100.79,45.6,146.39,73.2,2.0, sdumont6166,878.3399999999999
0.0,144,3,265348.0,1040.0,1038.0,265348.0,0.0,0.0,0.0,0.0,3.0,0,0.0,0.0,2n-1m-24th-Ac-lu-mz,sequana_cpu_dev,2,11422083.0,1,24,A,lu-mz,4,4,250,128,128,16,217.39,91.73,309.12,108.69,45.86,154.56,77.28,2.0, sdumont6165,927.36
0.0,336,7,265348.0,1040.0,1040.0,265348.0,0.0,0.0,0.0,0.0,0.0,0,0.0,0.0,2n-1m-24th-Bc-lu-mz,sequana_cpu_dev,2,11422085.0,1,24,B,lu-mz,4,4,250,304,208,17,1311.3,442.41,1753.71,218.55,73.73,292.29,146.14,6.0, sdumont6166,12275.970000000001
0.0,336,7,265348.0,1036.0,1034.0,265348.0,0.0,0.0,0.0,0.0,1.0,0,0.0,0.0,2n-1m-24th-Bc-lu-mz,sequana_cpu_dev,2,11422087.0,1,24,B,lu-mz,4,4,250,304,208,17,1317.9,441.52,1759.41,219.65,73.59,293.24,146.62,6.0, sdumont6165,12315.87
0.0,336,7,265348.0,1040.0,1040.0,265348.0,0.0,0.0,0.0,0.0,1.0,0,0.0,0.0,2n-1m-24th-Bc-lu-mz,sequana_cpu_dev,2,11422089.0,1,24,B,lu-mz,4,4,250,304,208,17,1316.31,436.28,1752.59,219.39,72.71,292.1,146.05,6.0, sdumont6165,12268.13
0.0,960,20,265348.0,1036.0,1036.0,265348.0,0.0,0.0,0.0,0.0,1.0,0,0.0,0.0,2n-1m-24th-Cc-lu-mz,sequana_cpu_dev,2,11422091.0,1,24,C,lu-mz,4,4,250,480,320,28,4630.91,1407.97,6038.88,257.27,78.22,335.49,167.75,18.0, sdumont6165,120777.6
0.0,960,20,265348.0,1040.0,1038.0,265348.0,0.0,0.0,0.0,0.0,1.0,0,0.0,0.0,2n-1m-24th-Cc-lu-mz,sequana_cpu_dev,2,11422093.0,1,24,C,lu-mz,4,4,250,480,320,28,4625.37,1407.22,6032.59,256.96,78.18,335.14,167.57,18.0, sdumont6166,120651.8
0.0,912,19,265348.0,1036.0,1036.0,265348.0,0.0,0.0,0.0,0.0,1.0,0,0.0,0.0,2n-1m-24th-Cc-lu-mz,sequana_cpu_dev,2,11422095.0,1,24,C,lu-mz,4,4,250,480,320,28,4629.71,1404.85,6034.56,257.21,78.05,335.25,167.63,18.0, sdumont6165,114656.64000000001
0.0,208,4,265348.0,3240.0,3186.0,265348.0,0.0,0.0,0.0,0.0,1.0,0,0.0,0.0,2n-1m-26th-Ac-lu-mz,sequana_cpu_dev,2,11422097.0,1,26,A,lu-mz,4,4,250,128,128,16,335.93,177.69,513.62,167.97,88.84,256.81,128.41,2.0, sdumont6166,2054.48
0.0,156,3,265348.0,3204.0,3180.0,265348.0,0.0,0.0,0.0,0.0,1.0,0,0.0,0.0,2n-1m-26th-Ac-lu-mz,sequana_cpu_dev,2,11422099.0,1,26,A,lu-mz,4,4,250,128,128,16,336.07,176.35,512.42,168.03,88.17,256.21,128.1,2.0, sdumont6165,1537.2599999999998
0.0,208,4,265348.0,3184.0,3120.0,265348.0,0.0,0.0,0.0,0.0,3.0,0,0.0,0.0,2n-1m-26th-Ac-lu-mz,sequana_cpu_dev,2,11422101.0,1,26,A,lu-mz,4,4,250,128,128,16,208.1,116.4,324.5,104.05,58.2,162.25,81.12,2.0, sdumont6165,1298.0
0.0,364,7,265348.0,3244.0,3182.0,265348.0,0.0,0.0,0.0,0.0,1.0,0,0.0,0.0,2n-1m-26th-Bc-lu-mz,sequana_cpu_dev,2,11422103.0,1,26,B,lu-mz,4,4,250,304,208,17,1151.37,540.97,1692.34,191.9,90.16,282.06,141.03,6.0, sdumont6166,11846.38
0.0,364,7,265348.0,3252.0,3218.0,265348.0,0.0,0.0,0.0,0.0,1.0,0,0.0,0.0,2n-1m-26th-Bc-lu-mz,sequana_cpu_dev,2,11422105.0,1,26,B,lu-mz,4,4,250,304,208,17,1158.79,538.82,1697.61,193.13,89.8,282.94,141.47,6.0, sdumont6166,11883.269999999999
0.0,364,7,265348.0,3056.0,2046.0,265348.0,0.0,0.0,0.0,0.0,1.0,0,0.0,0.0,2n-1m-26th-Bc-lu-mz,sequana_cpu_dev,2,11422107.0,1,26,B,lu-mz,4,4,250,304,208,17,1157.63,539.22,1696.85,192.94,89.87,282.81,141.4,6.0, sdumont6166,11877.949999999999
0.0,936,18,265348.0,3220.0,3148.0,265348.0,0.0,0.0,0.0,0.0,1.0,0,0.0,0.0,2n-1m-26th-Cc-lu-mz,sequana_cpu_dev,2,11422109.0,1,26,C,lu-mz,4,4,250,480,320,28,4156.23,1912.21,6068.44,244.48,112.48,356.97,178.48,17.0, sdumont6165,109231.92
0.0,936,18,265348.0,3128.0,2082.0,265348.0,0.0,0.0,0.0,0.0,0.0,0,0.0,0.0,2n-1m-26th-Cc-lu-mz,sequana_cpu_dev,2,11422111.0,1,26,C,lu-mz,4,4,250,480,320,28,4178.07,1922.45,6100.52,245.77,113.09,358.85,179.43,17.0, sdumont6166,109809.36000000002
0.0,936,18,265348.0,3204.0,3182.0,265348.0,0.0,0.0,0.0,0.0,1.0,0,0.0,0.0,2n-1m-26th-Cc-lu-mz,sequana_cpu_dev,2,11422113.0,1,26,C,lu-mz,4,4,250,480,320,28,4158.25,1917.08,6075.33,244.6,112.77,357.37,178.69,17.0, sdumont6166,109355.94
0.0,168,3,265348.0,3168.0,2102.0,265348.0,0.0,0.0,0.0,0.0,0.0,0,0.0,0.0,2n-1m-28th-Ac-lu-mz,sequana_cpu_dev,2,11422115.0,1,28,A,lu-mz,4,4,250,128,128,16,203.55,132.52,336.07,101.78,66.26,168.04,84.02,2.0, sdumont6165,1008.21
0.0,168,3,265348.0,3140.0,3130.0,265348.0,0.0,0.0,0.0,0.0,1.0,0,0.0,0.0,2n-1m-28th-Ac-lu-mz,sequana_cpu_dev,2,11422117.0,1,28,A,lu-mz,4,4,250,128,128,16,203.23,132.56,335.79,67.74,44.19,111.93,55.97,3.0, sdumont6165,1007.3700000000001
0.0,168,3,265348.0,3164.0,3162.0,265348.0,0.0,0.0,0.0,0.0,1.0,0,0.0,0.0,2n-1m-28th-Ac-lu-mz,sequana_cpu_dev,2,11422119.0,1,28,A,lu-mz,4,4,250,128,128,16,209.83,134.68,344.51,87.24,56.32,143.57,71.78,2.5, sdumont6166,1033.53
0.0,392,7,265348.0,3176.0,3160.0,265348.0,0.0,0.0,0.0,0.0,1.0,0,0.0,0.0,2n-1m-28th-Bc-lu-mz,sequana_cpu_dev,2,11422121.0,1,28,B,lu-mz,4,4,250,304,208,17,1169.27,634.31,1803.58,194.88,105.72,300.6,150.3,6.0, sdumont6166,12625.06
0.0,392,7,265348.0,3160.0,3140.0,265348.0,0.0,0.0,0.0,0.0,1.0,0,0.0,0.0,2n-1m-28th-Bc-lu-mz,sequana_cpu_dev,2,11422123.0,1,28,B,lu-mz,4,4,250,304,208,17,1167.56,636.8,1804.35,194.59,106.13,300.73,150.36,6.0, sdumont6166,12630.449999999999
0.0,392,7,265348.0,3152.0,3150.0,265348.0,0.0,0.0,0.0,0.0,1.0,0,0.0,0.0,2n-1m-28th-Bc-lu-mz,sequana_cpu_dev,2,11422125.0,1,28,B,lu-mz,4,4,250,304,208,17,1167.15,637.54,1804.69,194.52,106.26,300.78,150.39,6.0, sdumont6166,12632.83
0.0,1008,18,265348.0,3192.0,3182.0,265348.0,0.0,0.0,0.0,0.0,1.0,0,0.0,0.0,2n-1m-28th-Cc-lu-mz,sequana_cpu_dev,2,11422127.0,1,28,C,lu-mz,4,4,250,480,320,28,4235.69,2243.9,6479.59,249.16,131.99,381.15,190.58,17.0, sdumont6165,116632.62
0.0,1008,18,265348.0,3128.0,3124.0,265348.0,0.0,0.0,0.0,0.0,1.0,0,0.0,0.0,2n-1m-28th-Cc-lu-mz,sequana_cpu_dev,2,11422129.0,1,28,C,lu-mz,4,4,250,480,320,28,4231.33,2250.39,6481.72,248.9,132.38,381.28,190.64,17.0, sdumont6166,116670.96
0.0,952,17,265348.0,3172.0,3156.0,265348.0,0.0,0.0,0.0,0.0,0.0,0,0.0,0.0,2n-1m-28th-Cc-lu-mz,sequana_cpu_dev,2,11422131.0,1,28,C,lu-mz,4,4,250,480,320,28,4244.97,2243.0,6487.97,265.31,140.19,405.5,202.75,16.0, sdumont6165,110295.49
0.0,180,3,265348.0,3160.0,3106.0,265348.0,0.0,0.0,0.0,0.0,1.0,0,0.0,0.0,2n-1m-30th-Ac-lu-mz,sequana_cpu_dev,2,11422133.0,1,30,A,lu-mz,4,4,250,128,128,16,193.8,143.27,337.07,96.9,71.64,168.53,84.27,2.0, sdumont6165,1011.21
0.0,180,3,265348.0,3148.0,3126.0,265348.0,0.0,0.0,0.0,0.0,1.0,0,0.0,0.0,2n-1m-30th-Ac-lu-mz,sequana_cpu_dev,2,11422135.0,1,30,A,lu-mz,4,4,250,128,128,16,203.85,149.47,353.32,101.93,74.73,176.66,88.33,2.0, sdumont6165,1059.96
0.0,180,3,265348.0,3156.0,3142.0,265348.0,0.0,0.0,0.0,0.0,1.0,0,0.0,0.0,2n-1m-30th-Ac-lu-mz,sequana_cpu_dev,2,11422137.0,1,30,A,lu-mz,4,4,250,128,128,16,203.27,149.03,352.3,101.64,74.52,176.15,88.08,2.0, sdumont6166,1056.9
0.0,360,6,265348.0,3148.0,3096.0,265348.0,0.0,0.0,0.0,0.0,0.0,0,0.0,0.0,2n-1m-30th-Bc-lu-mz,sequana_cpu_dev,2,11422140.0,1,30,B,lu-mz,4,4,250,304,208,17,1157.52,724.59,1882.11,231.5,144.92,376.42,188.21,5.0, sdumont6166,11292.66
0.0,420,7,265348.0,3144.0,3098.0,265348.0,0.0,0.0,0.0,0.0,1.0,0,0.0,0.0,2n-1m-30th-Bc-lu-mz,sequana_cpu_dev,2,11422142.0,1,30,B,lu-mz,4,4,250,304,208,17,1161.42,726.91,1888.33,193.57,121.15,314.72,157.36,6.0, sdumont6166,13218.31
0.0,420,7,265348.0,3132.0,3106.0,265348.0,0.0,0.0,0.0,0.0,1.0,0,0.0,0.0,2n-1m-30th-Bc-lu-mz,sequana_cpu_dev,2,11422144.0,1,30,B,lu-mz,4,4,250,304,208,17,1156.63,719.92,1876.56,192.77,119.99,312.76,156.38,6.0, sdumont6166,13135.92
0.0,1020,17,265348.0,3136.0,3100.0,265348.0,0.0,0.0,0.0,0.0,1.0,0,0.0,0.0,2n-1m-30th-Cc-lu-mz,sequana_cpu_dev,2,11422146.0,1,30,C,lu-mz,4,4,250,480,320,28,4213.22,2571.73,6784.95,263.33,160.73,424.06,212.03,16.0, sdumont6166,115344.15
0.0,1080,18,265348.0,3088.0,3074.0,265348.0,0.0,0.0,0.0,0.0,1.0,0,0.0,0.0,2n-1m-30th-Cc-lu-mz,sequana_cpu_dev,2,11422148.0,1,30,C,lu-mz,4,4,250,480,320,28,4190.49,2577.81,6768.31,246.5,151.64,398.14,199.07,17.0, sdumont6166,121829.58
0.0,1020,17,265348.0,3120.0,2078.0,265348.0,0.0,0.0,0.0,0.0,1.0,0,0.0,0.0,2n-1m-30th-Cc-lu-mz,sequana_cpu_dev,2,11422150.0,1,30,C,lu-mz,4,4,250,480,320,28,4207.4,2577.21,6784.61,262.96,161.08,424.04,212.02,16.0, sdumont6165,115338.37
0.0,192,3,265348.0,3100.0,3082.0,265348.0,0.0,0.0,0.0,0.0,1.0,0,0.0,0.0,2n-1m-32th-Ac-lu-mz,sequana_cpu_dev,2,11422152.0,1,32,A,lu-mz,4,4,250,128,128,16,203.99,163.3,367.29,101.99,81.65,183.64,91.82,2.0, sdumont6166,1101.8700000000001
0.0,192,3,265348.0,3172.0,3166.0,265348.0,0.0,0.0,0.0,0.0,1.0,0,0.0,0.0,2n-1m-32th-Ac-lu-mz,sequana_cpu_dev,2,11422154.0,1,32,A,lu-mz,4,4,250,128,128,16,197.48,160.42,357.9,98.74,80.21,178.95,89.48,2.0, sdumont6166,1073.6999999999998
0.0,192,3,265348.0,3140.0,3136.0,265348.0,0.0,0.0,0.0,0.0,1.0,0,0.0,0.0,2n-1m-32th-Ac-lu-mz,sequana_cpu_dev,2,11422156.0,1,32,A,lu-mz,4,4,250,128,128,16,204.94,164.92,369.86,102.47,82.46,184.93,92.46,2.0, sdumont6165,1109.58
0.0,448,7,265348.0,3136.0,3132.0,265348.0,0.0,0.0,0.0,0.0,1.0,0,0.0,0.0,2n-1m-32th-Bc-lu-mz,sequana_cpu_dev,2,11422157.0,1,32,B,lu-mz,4,4,250,304,208,17,1156.59,822.82,1979.4,192.76,137.14,329.9,164.95,6.0, sdumont6166,13855.800000000001
0.0,448,7,265348.0,3116.0,3104.0,265348.0,0.0,0.0,0.0,0.0,1.0,0,0.0,0.0,2n-1m-32th-Bc-lu-mz,sequana_cpu_dev,2,11422160.0,1,32,B,lu-mz,4,4,250,304,208,17,1169.29,827.93,1997.22,194.88,137.99,332.87,166.43,6.0, sdumont6166,13980.54
0.0,448,7,265348.0,3180.0,3170.0,265348.0,0.0,0.0,0.0,0.0,1.0,0,0.0,0.0,2n-1m-32th-Bc-lu-mz,sequana_cpu_dev,2,11422162.0,1,32,B,lu-mz,4,4,250,304,208,17,1153.73,815.77,1969.5,192.29,135.96,328.25,164.13,6.0, sdumont6165,13786.5
0.0,1088,17,265348.0,3116.0,3084.0,265348.0,0.0,0.0,0.0,0.0,1.0,0,0.0,0.0,2n-1m-32th-Cc-lu-mz,sequana_cpu_dev,2,11422164.0,1,32,C,lu-mz,4,4,250,480,320,28,4015.84,2807.14,6822.99,250.99,175.45,426.44,213.22,16.0, sdumont6165,115990.83
0.0,1088,17,265348.0,3164.0,3152.0,265348.0,0.0,0.0,0.0,0.0,1.0,0,0.0,0.0,2n-1m-32th-Cc-lu-mz,sequana_cpu_dev,2,11422166.0,1,32,C,lu-mz,4,4,250,480,320,28,4025.23,2823.38,6848.61,251.58,176.46,428.04,214.02,16.0, sdumont6165,116426.37
0.0,1088,17,265348.0,3140.0,3124.0,265348.0,0.0,0.0,0.0,0.0,1.0,0,0.0,0.0,2n-1m-32th-Cc-lu-mz,sequana_cpu_dev,2,11422168.0,1,32,C,lu-mz,4,4,250,480,320,28,4165.29,2909.74,7075.02,260.33,181.86,442.19,221.09,16.0, sdumont6165,120275.34000000001
0.0,204,3,265348.0,3160.0,3148.0,265348.0,0.0,0.0,0.0,0.0,1.0,0,0.0,0.0,2n-1m-34th-Ac-lu-mz,sequana_cpu_dev,2,11422170.0,1,34,A,lu-mz,4,4,250,128,128,16,202.07,175.76,377.83,101.04,87.88,188.92,94.46,2.0, sdumont6165,1133.49
0.0,272,4,265348.0,3148.0,3104.0,265348.0,0.0,0.0,0.0,0.0,1.0,0,0.0,0.0,2n-1m-34th-Ac-lu-mz,sequana_cpu_dev,2,11422171.0,1,34,A,lu-mz,4,4,250,128,128,16,199.81,175.2,375.0,99.9,87.6,187.5,93.75,2.0, sdumont6165,1500.0
0.0,272,4,265348.0,3124.0,3108.0,265348.0,0.0,0.0,0.0,0.0,1.0,0,0.0,0.0,2n-1m-34th-Ac-lu-mz,sequana_cpu_dev,2,11422173.0,1,34,A,lu-mz,4,4,250,128,128,16,203.66,176.41,380.06,101.83,88.2,190.03,95.02,2.0, sdumont6166,1520.24
0.0,476,7,265348.0,3128.0,3102.0,265348.0,0.0,0.0,0.0,0.0,3.0,0,0.0,0.0,2n-1m-34th-Bc-lu-mz,sequana_cpu_dev,2,11422176.0,1,34,B,lu-mz,4,4,250,304,208,17,1205.01,935.35,2140.36,241.0,187.07,428.07,214.04,5.0, sdumont6167,14982.52
0.0,476,7,265348.0,3164.0,3152.0,265348.0,0.0,0.0,0.0,0.0,1.0,0,0.0,0.0,2n-1m-34th-Bc-lu-mz,sequana_cpu_dev,2,11422177.0,1,34,B,lu-mz,4,4,250,304,208,17,1150.67,916.1,2066.76,191.78,152.68,344.46,172.23,6.0, sdumont6166,14467.320000000002
0.0,476,7,265348.0,3180.0,3164.0,265348.0,0.0,0.0,0.0,0.0,1.0,0,0.0,0.0,2n-1m-34th-Bc-lu-mz,sequana_cpu_dev,2,11422180.0,1,34,B,lu-mz,4,4,250,304,208,17,1156.31,917.79,2074.1,192.72,152.97,345.68,172.84,6.0, sdumont6166,14518.699999999999
0.0,1156,17,265348.0,3184.0,3114.0,265348.0,0.0,0.0,0.0,0.0,1.0,0,0.0,0.0,2n-1m-34th-Cc-lu-mz,sequana_cpu_dev,2,11422182.0,1,34,C,lu-mz,4,4,250,480,320,28,4133.24,3270.23,7403.47,258.33,204.39,462.72,231.36,16.0, sdumont6166,125858.99
0.0,1224,18,265348.0,3156.0,3106.0,265348.0,0.0,0.0,0.0,0.0,4.0,0,0.0,0.0,2n-1m-34th-Cc-lu-mz,sequana_cpu_dev,2,11422184.0,1,34,C,lu-mz,4,4,250,480,320,28,4365.98,3370.06,7736.04,272.87,210.63,483.5,241.75,16.0, sdumont6166,139248.72
0.0,1156,17,265348.0,3152.0,3136.0,265348.0,0.0,0.0,0.0,0.0,1.0,0,0.0,0.0,2n-1m-34th-Cc-lu-mz,sequana_cpu_dev,2,11422186.0,1,34,C,lu-mz,4,4,250,480,320,28,4130.54,3252.44,7382.98,258.16,203.28,461.44,230.72,16.0, sdumont6166,125510.65999999999
0.0,288,4,265348.0,3272.0,3196.0,265348.0,0.0,0.0,0.0,0.0,1.0,0,0.0,0.0,2n-1m-36th-Ac-lu-mz,sequana_cpu_dev,2,11422189.0,1,36,A,lu-mz,4,4,250,128,128,16,198.58,177.6,376.18,66.19,59.2,125.39,62.7,3.0, sdumont6166,1504.72
0.0,288,4,265348.0,3280.0,3166.0,265348.0,0.0,0.0,0.0,0.0,0.0,0,0.0,0.0,2n-1m-36th-Ac-lu-mz,sequana_cpu_dev,2,11422194.0,1,36,A,lu-mz,4,4,250,128,128,16,202.44,180.02,382.46,101.22,90.01,191.23,95.62,2.0, sdumont6165,1529.84
0.0,288,4,265348.0,3216.0,3126.0,265348.0,0.0,0.0,0.0,0.0,4.0,0,0.0,0.0,2n-1m-36th-Ac-lu-mz,sequana_cpu_dev,2,11422196.0,1,36,A,lu-mz,4,4,250,128,128,16,210.98,180.32,391.3,105.49,90.16,195.65,97.83,2.0, sdumont6167,1565.2
0.0,504,7,265348.0,3228.0,3178.0,265348.0,0.0,0.0,0.0,0.0,0.0,0,0.0,0.0,2n-1m-36th-Bc-lu-mz,sequana_cpu_dev,2,11422198.0,1,36,B,lu-mz,4,4,250,304,208,17,1130.61,955.05,2085.66,188.44,159.18,347.61,173.81,6.0, sdumont6166,14599.619999999999
0.0,504,7,265348.0,3292.0,3210.0,265348.0,0.0,0.0,0.0,0.0,1.0,0,0.0,0.0,2n-1m-36th-Bc-lu-mz,sequana_cpu_dev,2,11422200.0,1,36,B,lu-mz,4,4,250,304,208,17,1137.03,957.35,2094.38,189.51,159.56,349.06,174.53,6.0, sdumont6166,14660.66
0.0,504,7,265348.0,3232.0,2134.0,265348.0,0.0,0.0,0.0,0.0,1.0,0,0.0,0.0,2n-1m-36th-Bc-lu-mz,sequana_cpu_dev,2,11422202.0,1,36,B,lu-mz,4,4,250,304,208,17,1144.68,962.26,2106.94,190.78,160.38,351.16,175.58,6.0, sdumont6166,14748.58
0.0,1224,17,265348.0,3056.0,2046.0,265348.0,0.0,0.0,0.0,0.0,1.0,0,0.0,0.0,2n-1m-36th-Cc-lu-mz,sequana_cpu_dev,2,11422204.0,1,36,C,lu-mz,4,4,250,480,320,28,4106.34,3448.47,7554.81,256.65,215.53,472.18,236.09,16.0, sdumont6166,128431.77
0.0,1368,19,265348.0,3032.0,2036.0,265348.0,0.0,0.0,0.0,0.0,1.0,0,0.0,0.0,2n-1m-36th-Cc-lu-mz,sequana_cpu_dev,2,11422206.0,1,36,C,lu-mz,4,4,250,480,320,28,4293.66,3601.35,7895.0,238.54,200.07,438.61,219.31,18.0, sdumont6166,150005.0
0.0,1296,18,265348.0,3180.0,3152.0,265348.0,0.0,0.0,0.0,0.0,1.0,0,0.0,0.0,2n-1m-36th-Cc-lu-mz,sequana_cpu_dev,2,11422208.0,1,36,C,lu-mz,4,4,250,480,320,28,4116.91,3433.58,7550.49,257.31,214.6,471.91,235.95,16.0, sdumont6165,135908.82
0.0,304,4,265348.0,3156.0,3140.0,265348.0,0.0,0.0,0.0,0.0,1.0,0,0.0,0.0,2n-1m-38th-Ac-lu-mz,sequana_cpu_dev,2,11422210.0,1,38,A,lu-mz,4,4,250,128,128,16,202.73,184.01,386.73,67.58,61.34,128.91,64.46,3.0, sdumont6165,1546.92
0.0,228,3,265348.0,3180.0,3172.0,265348.0,0.0,0.0,0.0,0.0,1.0,0,0.0,0.0,2n-1m-38th-Ac-lu-mz,sequana_cpu_dev,2,11422212.0,1,38,A,lu-mz,4,4,250,128,128,16,205.02,186.47,391.48,68.34,62.16,130.49,65.25,3.0, sdumont6166,1174.44
0.0,304,4,265348.0,3144.0,3130.0,265348.0,0.0,0.0,0.0,0.0,1.0,0,0.0,0.0,2n-1m-38th-Ac-lu-mz,sequana_cpu_dev,2,11422216.0,1,38,A,lu-mz,4,4,250,128,128,16,205.45,186.37,391.82,68.48,62.12,130.61,65.3,3.0, sdumont6166,1567.28
0.0,532,7,265348.0,3124.0,3116.0,265348.0,0.0,0.0,0.0,0.0,1.0,0,0.0,0.0,2n-1m-38th-Bc-lu-mz,sequana_cpu_dev,2,11422218.0,1,38,B,lu-mz,4,4,250,304,208,17,1140.81,1005.81,2146.61,190.13,167.63,357.77,178.88,6.0, sdumont6165,15026.27
0.0,532,7,265348.0,3180.0,3170.0,265348.0,0.0,0.0,0.0,0.0,0.0,0,0.0,0.0,2n-1m-38th-Bc-lu-mz,sequana_cpu_dev,2,11422220.0,1,38,B,lu-mz,4,4,250,304,208,17,1141.63,1005.12,2146.75,228.33,201.02,429.35,214.68,5.0, sdumont6166,15027.25
0.0,532,7,265348.0,3116.0,2078.0,265348.0,0.0,0.0,0.0,0.0,1.0,0,0.0,0.0,2n-1m-38th-Bc-lu-mz,sequana_cpu_dev,2,11422222.0,1,38,B,lu-mz,4,4,250,304,208,17,1141.26,1002.56,2143.81,190.21,167.09,357.3,178.65,6.0, sdumont6165,15006.67
0.0,1368,18,265348.0,3164.0,3146.0,265348.0,0.0,0.0,0.0,0.0,1.0,0,0.0,0.0,2n-1m-38th-Cc-lu-mz,sequana_cpu_dev,2,11422223.0,1,38,C,lu-mz,4,4,250,480,320,28,4076.49,3623.83,7700.32,239.79,213.17,452.96,226.48,17.0, sdumont6166,138605.76
0.0,1368,18,265348.0,3168.0,3142.0,265348.0,0.0,0.0,0.0,0.0,1.0,0,0.0,0.0,2n-1m-38th-Cc-lu-mz,sequana_cpu_dev,2,11422226.0,1,38,C,lu-mz,4,4,250,480,320,28,4081.96,3621.08,7703.04,240.12,213.0,453.12,226.56,17.0, sdumont6166,138654.72
0.0,1368,18,265348.0,3184.0,3174.0,265348.0,0.0,0.0,0.0,0.0,1.0,0,0.0,0.0,2n-1m-38th-Cc-lu-mz,sequana_cpu_dev,2,11422229.0,1,38,C,lu-mz,4,4,250,480,320,28,4097.7,3594.49,7692.19,241.04,211.44,452.48,226.24,17.0, sdumont6166,138459.41999999998
0.0,320,4,265348.0,3152.0,3136.0,265348.0,0.0,0.0,0.0,0.0,1.0,0,0.0,0.0,2n-1m-40th-Ac-lu-mz,sequana_cpu_dev,2,11422231.0,1,40,A,lu-mz,4,4,250,128,128,16,198.76,184.49,383.25,66.25,61.5,127.75,63.88,3.0, sdumont6165,1533.0
0.0,320,4,265348.0,3124.0,3118.0,265348.0,0.0,0.0,0.0,0.0,1.0,0,0.0,0.0,2n-1m-40th-Ac-lu-mz,sequana_cpu_dev,2,11422234.0,1,40,A,lu-mz,4,4,250,128,128,16,200.39,187.17,387.55,66.8,62.39,129.18,64.59,3.0, sdumont6165,1550.2
0.0,320,4,265348.0,3124.0,3122.0,265348.0,0.0,0.0,0.0,0.0,1.0,0,0.0,0.0,2n-1m-40th-Ac-lu-mz,sequana_cpu_dev,2,11422236.0,1,40,A,lu-mz,4,4,250,128,128,16,446.15,392.49,838.63,148.72,130.83,279.54,139.77,3.0, sdumont6166,3354.52
0.0,560,7,265348.0,3236.0,3168.0,265348.0,0.0,0.0,0.0,0.0,0.0,0,0.0,0.0,2n-1m-40th-Bc-lu-mz,sequana_cpu_dev,2,11422238.0,1,40,B,lu-mz,4,4,250,304,208,17,1123.62,1027.66,2151.28,187.27,171.28,358.55,179.27,6.0, sdumont6166,15058.960000000001
0.0,560,7,265348.0,3160.0,3142.0,265348.0,0.0,0.0,0.0,0.0,1.0,0,0.0,0.0,2n-1m-40th-Bc-lu-mz,sequana_cpu_dev,2,11422240.0,1,40,B,lu-mz,4,4,250,304,208,17,1124.62,1030.0,2154.62,187.44,171.67,359.1,179.55,6.0, sdumont6165,15082.34
0.0,560,7,265348.0,3180.0,3176.0,265348.0,0.0,0.0,0.0,0.0,1.0,0,0.0,0.0,2n-1m-40th-Bc-lu-mz,sequana_cpu_dev,2,11422241.0,1,40,B,lu-mz,4,4,250,304,208,17,1138.28,1037.19,2175.47,189.71,172.87,362.58,181.29,6.0, sdumont6166,15228.289999999999
0.0,1200,15,265348.0,3240.0,3202.0,265348.0,0.0,0.0,0.0,0.0,1.0,0,0.0,0.0,2n-1m-40th-Cc-lu-mz,sequana_cpu_dev,2,11422244.0,1,40,C,lu-mz,4,4,250,480,320,28,3473.82,3178.84,6652.66,248.13,227.06,475.19,237.6,14.0, sdumont6165,99789.9
0.0,1200,15,265348.0,3180.0,3150.0,265348.0,0.0,0.0,0.0,0.0,1.0,0,0.0,0.0,2n-1m-40th-Cc-lu-mz,sequana_cpu_dev,2,11422246.0,1,40,C,lu-mz,4,4,250,480,320,28,3494.07,3189.62,6683.69,249.58,227.83,477.41,238.7,14.0, sdumont6166,100255.34999999999
0.0,1200,15,265348.0,3124.0,3114.0,265348.0,0.0,0.0,0.0,0.0,1.0,0,0.0,0.0,2n-1m-40th-Cc-lu-mz,sequana_cpu_dev,2,11422248.0,1,40,C,lu-mz,4,4,250,480,320,28,3466.73,3177.46,6644.18,247.62,226.96,474.58,237.29,14.0, sdumont6165,99662.70000000001
0.0,336,4,265348.0,3184.0,3152.0,265348.0,0.0,0.0,0.0,0.0,1.0,0,0.0,0.0,2n-1m-42th-Ac-lu-mz,sequana_cpu_dev,2,11422250.0,1,42,A,lu-mz,4,4,250,128,128,16,321.36,294.49,615.85,160.68,147.25,307.93,153.96,2.0, sdumont6165,2463.4
0.0,336,4,265348.0,3240.0,3194.0,265348.0,0.0,0.0,0.0,0.0,1.0,0,0.0,0.0,2n-1m-42th-Ac-lu-mz,sequana_cpu_dev,2,11422251.0,1,42,A,lu-mz,4,4,250,128,128,16,202.46,191.5,393.96,84.72,79.76,164.48,82.24,2.5, sdumont6166,1575.84
0.0,336,4,265348.0,3224.0,3174.0,265348.0,0.0,0.0,0.0,0.0,1.0,0,0.0,0.0,2n-1m-42th-Ac-lu-mz,sequana_cpu_dev,2,11422254.0,1,42,A,lu-mz,4,4,250,128,128,16,203.23,192.26,395.49,101.62,96.13,197.75,98.87,2.0, sdumont6166,1581.96
0.0,588,7,265348.0,3180.0,3176.0,265348.0,0.0,0.0,0.0,0.0,0.0,0,0.0,0.0,2n-1m-42th-Bc-lu-mz,sequana_cpu_dev,2,11422257.0,1,42,B,lu-mz,4,4,250,304,208,17,1123.95,1053.91,2177.86,187.32,175.65,362.98,181.49,6.0, sdumont6165,15245.02
0.0,588,7,265348.0,3212.0,3154.0,265348.0,0.0,0.0,0.0,0.0,1.0,0,0.0,0.0,2n-1m-42th-Bc-lu-mz,sequana_cpu_dev,2,11422258.0,1,42,B,lu-mz,4,4,250,304,208,17,1128.22,1060.41,2188.63,188.04,176.74,364.77,182.39,6.0, sdumont6165,15320.41
0.0,588,7,265348.0,3244.0,3174.0,265348.0,0.0,0.0,0.0,0.0,1.0,0,0.0,0.0,2n-1m-42th-Bc-lu-mz,sequana_cpu_dev,2,11422260.0,1,42,B,lu-mz,4,4,250,304,208,17,1127.54,1068.04,2195.58,187.92,178.01,365.93,182.97,6.0, sdumont6165,15369.06
0.0,1344,16,265348.0,3232.0,3202.0,265348.0,0.0,0.0,0.0,0.0,1.0,0,0.0,0.0,2n-1m-42th-Cc-lu-mz,sequana_cpu_dev,2,11422263.0,1,42,C,lu-mz,4,4,250,480,320,28,3463.81,3238.19,6702.0,247.42,231.3,478.71,239.36,14.0, sdumont6166,107232.0
0.0,1260,15,265348.0,3240.0,3234.0,265348.0,0.0,0.0,0.0,0.0,1.0,0,0.0,0.0,2n-1m-42th-Cc-lu-mz,sequana_cpu_dev,2,11422265.0,1,42,C,lu-mz,4,4,250,480,320,28,3472.52,3253.55,6726.07,257.65,241.32,498.97,249.48,13.5, sdumont6166,100891.04999999999
0.0,1260,15,265348.0,3116.0,2076.0,265348.0,0.0,0.0,0.0,0.0,1.0,0,0.0,0.0,2n-1m-42th-Cc-lu-mz,sequana_cpu_dev,2,11422267.0,1,42,C,lu-mz,4,4,250,480,320,28,3471.44,3255.38,6726.82,247.96,232.53,480.49,240.24,14.0, sdumont6165,100902.29999999999
0.0,352,4,265348.0,3180.0,3174.0,265348.0,0.0,0.0,0.0,0.0,1.0,0,0.0,0.0,2n-1m-44th-Ac-lu-mz,sequana_cpu_dev,2,11422270.0,1,44,A,lu-mz,4,4,250,128,128,16,199.34,192.25,391.59,83.45,80.11,163.56,81.78,2.5, sdumont6166,1566.36
0.0,264,3,265348.0,3152.0,2094.0,265348.0,0.0,0.0,0.0,0.0,1.0,0,0.0,0.0,2n-1m-44th-Ac-lu-mz,sequana_cpu_dev,2,11422272.0,1,44,A,lu-mz,4,4,250,128,128,16,202.36,194.08,396.44,67.45,64.69,132.15,66.07,3.0, sdumont6166,1189.32
0.0,264,3,265348.0,3168.0,2102.0,265348.0,0.0,0.0,0.0,0.0,1.0,0,0.0,0.0,2n-1m-44th-Ac-lu-mz,sequana_cpu_dev,2,11422276.0,1,44,A,lu-mz,4,4,250,128,128,16,195.34,189.12,384.46,81.86,78.96,160.82,80.41,2.5, sdumont6166,1153.3799999999999
0.0,616,7,265348.0,3148.0,3136.0,265348.0,0.0,0.0,0.0,0.0,1.0,0,0.0,0.0,2n-1m-44th-Bc-lu-mz,sequana_cpu_dev,2,11422279.0,1,44,B,lu-mz,4,4,250,304,208,17,1117.55,1083.96,2201.52,204.8,198.51,403.31,201.65,5.5, sdumont6166,15410.64
0.0,616,7,265348.0,3116.0,2076.0,265348.0,0.0,0.0,0.0,0.0,1.0,0,0.0,0.0,2n-1m-44th-Bc-lu-mz,sequana_cpu_dev,2,11422282.0,1,44,B,lu-mz,4,4,250,304,208,17,1116.51,1088.69,2205.2,204.74,199.45,404.2,202.1,5.5, sdumont6166,15436.399999999998
0.0,616,7,265348.0,3240.0,3184.0,265348.0,0.0,0.0,0.0,0.0,1.0,0,0.0,0.0,2n-1m-44th-Bc-lu-mz,sequana_cpu_dev,2,11422284.0,1,44,B,lu-mz,4,4,250,304,208,17,1108.44,1074.83,2183.26,203.25,196.84,400.09,200.05,5.5, sdumont6166,15282.820000000002
0.0,1408,16,265348.0,3156.0,3142.0,265348.0,0.0,0.0,0.0,0.0,1.0,0,0.0,0.0,2n-1m-44th-Cc-lu-mz,sequana_cpu_dev,2,11422287.0,1,44,C,lu-mz,4,4,250,480,320,28,3484.37,3323.04,6807.42,232.29,221.54,453.83,226.91,15.0, sdumont6165,108918.72
0.0,1408,16,265348.0,3152.0,3136.0,265348.0,0.0,0.0,0.0,0.0,1.0,0,0.0,0.0,2n-1m-44th-Cc-lu-mz,sequana_cpu_dev,2,11422290.0,1,44,C,lu-mz,4,4,250,480,320,28,3458.3,3288.09,6746.39,230.55,219.21,449.76,224.88,15.0, sdumont6165,107942.24
0.0,1408,16,265348.0,3108.0,2074.0,265348.0,0.0,0.0,0.0,0.0,1.0,0,0.0,0.0,2n-1m-44th-Cc-lu-mz,sequana_cpu_dev,2,11422292.0,1,44,C,lu-mz,4,4,250,480,320,28,3479.65,3294.88,6774.52,240.32,227.47,467.79,233.9,14.5, sdumont6166,108392.32
0.0,368,4,265348.0,3148.0,3138.0,265348.0,0.0,0.0,0.0,0.0,1.0,0,0.0,0.0,2n-1m-46th-Ac-lu-mz,sequana_cpu_dev,2,11422293.0,1,46,A,lu-mz,4,4,250,128,128,16,200.99,193.91,394.9,84.33,80.99,165.32,82.66,2.5, sdumont6165,1579.6
0.0,368,4,265348.0,3152.0,3138.0,265348.0,0.0,0.0,0.0,0.0,1.0,0,0.0,0.0,2n-1m-46th-Ac-lu-mz,sequana_cpu_dev,2,11422297.0,1,46,A,lu-mz,4,4,250,128,128,16,448.64,408.52,857.16,187.18,169.65,356.83,178.42,2.5, sdumont6165,3428.64
0.0,368,4,265348.0,3240.0,2138.0,265348.0,0.0,0.0,0.0,0.0,1.0,0,0.0,0.0,2n-1m-46th-Ac-lu-mz,sequana_cpu_dev,2,11422300.0,1,46,A,lu-mz,4,4,250,128,128,16,200.91,193.85,394.76,84.13,80.93,165.06,82.53,2.5, sdumont6165,1579.04
0.0,644,7,265348.0,3176.0,3164.0,265348.0,0.0,0.0,0.0,0.0,115.0,0,0.0,0.0,2n-1m-46th-Bc-lu-mz,sequana_cpu_dev,2,11422305.0,1,46,B,lu-mz,4,4,250,304,208,17,1171.28,1147.06,2318.34,195.21,191.18,386.39,193.19,6.0, sdumont6168,16228.380000000001
0.0,644,7,265348.0,3176.0,3172.0,265348.0,0.0,0.0,0.0,0.0,1.0,0,0.0,0.0,2n-1m-46th-Bc-lu-mz,sequana_cpu_dev,2,11422309.0,1,46,B,lu-mz,4,4,250,304,208,17,1108.61,1099.53,2208.14,203.35,201.48,404.83,202.42,5.5, sdumont6165,15456.98
0.0,644,7,265348.0,3152.0,3140.0,265348.0,0.0,0.0,0.0,0.0,1.0,0,0.0,0.0,2n-1m-46th-Bc-lu-mz,sequana_cpu_dev,2,11422318.0,1,46,B,lu-mz,4,4,250,304,208,17,1111.56,1095.27,2206.83,203.76,200.6,404.35,202.18,5.5, sdumont6165,15447.81
0.0,1472,16,265348.0,3180.0,2108.0,265348.0,0.0,0.0,0.0,0.0,1.0,0,0.0,0.0,2n-1m-46th-Cc-lu-mz,sequana_cpu_dev,2,11422323.0,1,46,C,lu-mz,4,4,250,480,320,28,3453.48,3296.48,6749.95,246.68,235.46,482.14,241.07,14.0, sdumont6165,107999.2
0.0,1472,16,265348.0,3188.0,3172.0,265348.0,0.0,0.0,0.0,0.0,1.0,0,0.0,0.0,2n-1m-46th-Cc-lu-mz,sequana_cpu_dev,2,11422326.0,1,46,C,lu-mz,4,4,250,480,320,28,3484.23,3310.66,6794.88,240.62,228.53,469.15,234.58,14.5, sdumont6165,108718.08
0.0,1472,16,265348.0,3180.0,2106.0,265348.0,0.0,0.0,0.0,0.0,1.0,0,0.0,0.0,2n-1m-46th-Cc-lu-mz,sequana_cpu_dev,2,11422330.0,1,46,C,lu-mz,4,4,250,480,320,28,3448.57,3301.4,6749.97,238.19,227.95,466.14,233.07,14.5, sdumont6165,107999.52
0.0,384,4,265348.0,3240.0,3158.0,265348.0,0.0,0.0,0.0,0.0,4.0,0,0.0,0.0,2n-1m-48th-Ac-lu-mz,sequana_cpu_dev,2,11422335.0,1,48,A,lu-mz,4,4,250,128,128,16,476.26,447.61,923.87,238.13,223.81,461.94,230.97,2.0, sdumont6168,3695.48
0.0,384,4,265348.0,3164.0,2100.0,265348.0,0.0,0.0,0.0,0.0,4.0,0,0.0,0.0,2n-1m-48th-Ac-lu-mz,sequana_cpu_dev,2,11422337.0,1,48,A,lu-mz,4,4,250,128,128,16,355.09,329.81,684.9,177.54,164.9,342.45,171.22,2.0, sdumont6168,2739.6
0.0,384,4,265348.0,3168.0,3130.0,265348.0,0.0,0.0,0.0,0.0,4.0,0,0.0,0.0,2n-1m-48th-Ac-lu-mz,sequana_cpu_dev,2,11422341.0,1,48,A,lu-mz,4,4,250,128,128,16,357.5,334.45,691.96,178.75,167.23,345.98,172.99,2.0, sdumont6168,2767.84
0.0,960,10,265348.0,3152.0,2094.0,265348.0,0.0,0.0,0.0,0.0,1.0,0,0.0,0.0,2n-1m-48th-Bc-lu-mz,sequana_cpu_dev,2,11422345.0,1,48,B,lu-mz,4,4,250,304,208,17,1482.45,1349.91,2832.36,185.31,168.74,354.05,177.02,8.0, sdumont6246,28323.600000000002
0.0,768,8,265348.0,3168.0,3156.0,265348.0,0.0,0.0,0.0,0.0,1.0,0,0.0,0.0,2n-1m-48th-Bc-lu-mz,sequana_cpu_dev,2,11422347.0,1,48,B,lu-mz,4,4,250,304,208,17,1171.92,1082.29,2254.21,195.32,180.38,375.7,187.85,6.0, sdumont6245,18033.68
0.0,768,8,265348.0,3108.0,3106.0,265348.0,0.0,0.0,0.0,0.0,1.0,0,0.0,0.0,2n-1m-48th-Bc-lu-mz,sequana_cpu_dev,2,11422351.0,1,48,B,lu-mz,4,4,250,304,208,17,1167.01,1079.01,2246.02,194.5,179.83,374.34,187.17,6.0, sdumont6245,17968.16
0.0,1728,18,265348.0,3180.0,2106.0,265348.0,0.0,0.0,0.0,0.0,0.0,0,0.0,0.0,2n-1m-48th-Cc-lu-mz,sequana_cpu_dev,2,11422354.0,1,48,C,lu-mz,4,4,250,480,320,28,3699.14,3634.71,7333.85,231.2,227.17,458.37,229.18,16.0, sdumont6211,132009.30000000002
0.0,1632,17,265348.0,3160.0,3124.0,265348.0,0.0,0.0,0.0,0.0,1.0,0,0.0,0.0,2n-1m-48th-Cc-lu-mz,sequana_cpu_dev,2,11422358.0,1,48,C,lu-mz,4,4,250,480,320,28,3768.86,3705.77,7474.64,243.42,239.25,482.67,241.34,15.5, sdumont6166,127068.88
0.0,1536,16,265348.0,3228.0,3204.0,265348.0,0.0,0.0,0.0,0.0,1.0,0,0.0,0.0,2n-1m-48th-Cc-lu-mz,sequana_cpu_dev,2,11422362.0,1,48,C,lu-mz,4,4,250,480,320,28,3457.03,3395.34,6852.37,238.73,234.44,473.17,236.59,14.5, sdumont6165,109637.92
2.0,32,4,612851.0,139940.0,69932.0,1280428.0,491.52,2109.44,1003.52,4218.88,1.0,0,1.0,3.0,2n-2m-2th-Ac-lu-mz,sequana_cpu_dev,2,11422364.0,2,2,A,lu-mz,4,4,250,128,128,16,248.88,268.29,517.17,82.96,89.43,172.39,86.19,3.0, sdumont6166,2068.68
1.0,32,4,514030.0,140228.0,38255.0,885136.0,491.52,2109.44,1003.52,4218.88,1.0,0,0.0,0.0,2n-2m-2th-Ac-lu-mz,sequana_cpu_dev,2,11422367.0,2,2,A,lu-mz,4,4,250,128,128,16,251.41,272.29,523.7,83.8,90.76,174.57,87.28,3.0, sdumont6165,2094.8
2.0,40,5,452772.0,140124.0,71583.0,640288.0,481.28,2109.44,952.32,4218.88,1.0,0,0.0,2.0,2n-2m-2th-Ac-lu-mz,sequana_cpu_dev,2,11422375.0,2,2,A,lu-mz,4,4,250,128,128,16,261.73,271.09,532.82,65.43,67.77,133.2,66.6,4.0, sdumont6211,2664.1000000000004
6.0,112,14,511015.0,129752.0,35737.0,885136.0,522.24,2109.44,1136.64,4218.88,1.0,0,0.0,1.0,2n-2m-2th-Bc-lu-mz,sequana_cpu_dev,2,11422384.0,2,2,B,lu-mz,4,4,250,304,208,17,1500.78,1515.44,3016.22,115.44,116.57,232.02,116.01,13.0, sdumont6211,42227.079999999994
5.0,112,14,406116.0,140228.0,37743.0,640672.0,522.24,2109.44,1146.88,4218.88,1.0,0,3.0,12.0,2n-2m-2th-Bc-lu-mz,sequana_cpu_dev,2,11422387.0,2,2,B,lu-mz,4,4,250,304,208,17,1437.16,1526.72,2963.88,119.76,127.23,246.99,123.5,12.0, sdumont6166,41494.32
5.0,112,14,406113.0,140360.0,37791.0,640660.0,522.24,2109.44,1146.88,4218.88,1.0,0,0.0,0.0,2n-2m-2th-Bc-lu-mz,sequana_cpu_dev,2,11422391.0,2,2,B,lu-mz,4,4,250,304,208,17,1431.9,1519.76,2951.66,119.33,126.65,245.97,122.99,12.0, sdumont6165,41323.24
80.0,424,53,1088108.0,312772.0,308968.0,1456420.0,1105.92,4218.88,1269.76,4218.88,1.0,0,0.0,0.0,2n-2m-2th-Cc-lu-mz,sequana_cpu_dev,2,11422393.0,2,2,C,lu-mz,4,4,250,480,320,28,6207.51,6596.32,12803.83,119.38,126.85,246.23,123.11,52.0, sdumont6165,678602.99
80.0,424,53,1088091.0,312848.0,309025.0,1456428.0,1177.6,4218.88,1648.64,4218.88,1.0,0,0.0,0.0,2n-2m-2th-Cc-lu-mz,sequana_cpu_dev,2,11422397.0,2,2,C,lu-mz,4,4,250,480,320,28,6227.84,6623.4,12851.24,119.77,127.37,247.14,123.57,52.0, sdumont6166,681115.72
80.0,432,54,1088089.0,313660.0,308974.0,1472908.0,1105.92,4218.88,1269.76,4218.88,2.0,0,10.0,22.0,2n-2m-2th-Cc-lu-mz,sequana_cpu_dev,2,11422400.0,2,2,C,lu-mz,4,4,250,480,320,28,6739.84,6995.82,13735.66,128.31,133.26,261.57,130.78,52.5, sdumont6167,741725.64
3.0,128,8,568271.0,143616.0,38392.0,1297036.0,512.0,2109.44,1075.2,4218.88,3.0,0,0.0,2.0,2n-2m-4th-Ac-lu-mz,sequana_cpu_dev,2,11422403.0,2,4,A,lu-mz,4,4,250,128,128,16,519.88,465.76,985.64,77.95,69.32,147.27,73.63,6.5, sdumont6169,7885.12
3.0,32,2,617998.0,143524.0,72431.0,1296824.0,481.28,2109.44,993.28,4218.88,0.0,0,4.0,13.0,2n-2m-4th-Ac-lu-mz,sequana_cpu_dev,2,11422405.0,2,4,A,lu-mz,4,4,250,128,128,16,137.72,148.72,286.44,68.86,74.36,143.22,71.61,2.0, sdumont6168,572.88
3.0,64,4,614944.0,139980.0,69893.0,1284680.0,491.52,2109.44,983.04,4218.88,1.0,0,1.0,4.0,2n-2m-4th-Ac-lu-mz,sequana_cpu_dev,2,11422407.0,2,4,A,lu-mz,4,4,250,128,128,16,138.99,149.56,288.55,46.33,49.85,96.18,48.09,3.0, sdumont6168,1154.2
11.0,400,25,568321.0,143716.0,38380.0,1297236.0,573.44,2109.44,1331.2,4218.88,1.0,0,3.0,12.0,2n-2m-4th-Bc-lu-mz,sequana_cpu_dev,2,11422409.0,2,4,B,lu-mz,4,4,250,304,208,17,1940.3,1742.22,3682.52,81.92,73.41,155.33,77.67,23.5, sdumont6279,92063.0
13.0,144,9,618206.0,144172.0,72658.0,1297348.0,512.0,2109.44,1075.2,4218.88,1.0,0,9.0,33.0,2n-2m-4th-Bc-lu-mz,sequana_cpu_dev,2,11422412.0,2,4,B,lu-mz,4,4,250,304,208,17,1060.94,1085.93,2146.87,132.62,135.74,268.36,134.18,8.0, sdumont6168,19321.829999999998
11.0,400,25,565220.0,133536.0,36229.0,1284832.0,573.44,2109.44,1331.2,4218.88,1.0,0,0.0,2.0,2n-2m-4th-Bc-lu-mz,sequana_cpu_dev,2,11422419.0,2,4,B,lu-mz,4,4,250,304,208,17,1937.42,1751.03,3688.45,81.79,73.79,155.58,77.79,23.5, sdumont6169,92211.25
266.0,1504,94,1089120.0,312992.0,306379.0,1460396.0,1556.48,4218.88,2344.96,4229.12,1.0,0,14.0,30.0,2n-2m-4th-Cc-lu-mz,sequana_cpu_dev,2,11422425.0,2,4,C,lu-mz,4,4,250,480,320,28,8251.19,7535.26,15786.45,89.69,81.91,171.59,85.8,92.0, sdumont6169,1483926.3
264.0,1488,93,1149324.0,314084.0,309317.0,1492296.0,1576.96,4229.12,2344.96,4270.08,1.0,0,0.0,0.0,2n-2m-4th-Cc-lu-mz,sequana_cpu_dev,2,11422430.0,2,4,C,lu-mz,4,4,250,480,320,28,8225.9,7504.38,15730.28,89.71,81.81,171.52,85.76,91.5, sdumont6169,1462916.04
262.0,1504,94,1092264.0,313552.0,308975.0,1477032.0,1576.96,4229.12,2344.96,4249.6,1.0,0,48.0,194.0,2n-2m-4th-Cc-lu-mz,sequana_cpu_dev,2,11422432.0,2,4,C,lu-mz,4,4,250,480,320,28,8244.35,7518.19,15762.54,88.94,81.07,170.02,85.01,92.5, sdumont6169,1481678.76
3.0,72,3,617022.0,142120.0,70500.0,1288868.0,481.28,2109.44,993.28,4218.88,1.0,0,1.0,6.0,2n-2m-6th-Ac-lu-mz,sequana_cpu_dev,2,11422435.0,2,6,A,lu-mz,4,4,250,128,128,16,159.05,169.89,328.94,79.53,84.94,164.47,82.23,2.0, sdumont6167,986.8199999999999
1.0,72,3,571222.0,143816.0,38661.0,1301096.0,501.76,2109.44,1003.52,4218.88,1.0,0,0.0,3.0,2n-2m-6th-Ac-lu-mz,sequana_cpu_dev,2,11422437.0,2,6,A,lu-mz,4,4,250,128,128,16,155.41,164.47,319.88,113.96,123.2,237.15,118.58,1.5, sdumont6167,959.64
3.0,72,3,617005.0,140096.0,69963.0,1288804.0,491.52,2109.44,993.28,4218.88,0.0,0,1.0,3.0,2n-2m-6th-Ac-lu-mz,sequana_cpu_dev,2,11422440.0,2,6,A,lu-mz,4,4,250,128,128,16,156.08,167.99,324.08,78.04,84.0,162.04,81.02,2.0, sdumont6168,972.24
14.0,168,7,617178.0,140176.0,70001.0,1289112.0,501.76,2109.44,1034.24,4218.88,1.0,0,3.0,9.0,2n-2m-6th-Bc-lu-mz,sequana_cpu_dev,2,11422444.0,2,6,B,lu-mz,4,4,250,304,208,17,789.09,821.06,1610.15,131.51,136.84,268.36,134.18,6.0, sdumont6167,11271.050000000001
15.0,168,7,727102.0,144248.0,70845.0,1301472.0,522.24,2109.44,1044.48,4218.88,4.0,0,4.0,15.0,2n-2m-6th-Bc-lu-mz,sequana_cpu_dev,2,11422448.0,2,6,B,lu-mz,4,4,250,304,208,17,788.67,816.39,1605.06,131.44,136.07,267.51,133.76,6.0, sdumont6168,11235.42
15.0,168,7,617139.0,140136.0,69939.0,1288956.0,501.76,2109.44,1034.24,4218.88,4.0,0,0.0,3.0,2n-2m-6th-Bc-lu-mz,sequana_cpu_dev,2,11422451.0,2,6,B,lu-mz,4,4,250,304,208,17,791.72,820.79,1612.51,144.19,150.42,294.61,147.3,5.5, sdumont6168,11287.57
57.0,504,21,620652.0,144140.0,72755.0,1302208.0,552.96,2109.44,1239.04,4218.88,3.0,0,15.0,38.0,2n-2m-6th-Cc-lu-mz,sequana_cpu_dev,2,11422453.0,2,6,C,lu-mz,4,4,250,480,320,28,3493.36,3631.88,7125.24,174.67,181.59,356.26,178.13,20.0, sdumont6165,149630.04
57.0,504,21,617545.0,140608.0,70224.0,1289780.0,552.96,2109.44,1239.04,4218.88,3.0,0,0.0,2.0,2n-2m-6th-Cc-lu-mz,sequana_cpu_dev,2,11422455.0,2,6,C,lu-mz,4,4,250,480,320,28,3498.79,3621.41,7120.2,174.94,181.07,356.01,178.0,20.0, sdumont6165,149524.19999999998
57.0,504,21,457461.0,140640.0,71858.0,649708.0,481.28,2109.44,962.56,4218.88,2.0,0,13.0,45.0,2n-2m-6th-Cc-lu-mz,sequana_cpu_dev,2,11422457.0,2,6,C,lu-mz,4,4,250,480,320,28,3678.06,3800.02,7478.08,188.4,194.98,383.38,191.69,19.5, sdumont6167,157039.68
3.0,96,3,619080.0,142192.0,70527.0,1292980.0,491.52,2109.44,993.28,4218.88,1.0,0,10.0,28.0,2n-2m-8th-Ac-lu-mz,sequana_cpu_dev,2,11422460.0,2,8,A,lu-mz,4,4,250,128,128,16,170.67,182.02,352.69,125.64,137.44,263.07,131.54,1.5, sdumont6167,1058.07
1.0,96,3,572251.0,143704.0,38579.0,1305212.0,501.76,2109.44,1003.52,4218.88,1.0,0,1.0,4.0,2n-2m-8th-Ac-lu-mz,sequana_cpu_dev,2,11422463.0,2,8,A,lu-mz,4,4,250,128,128,16,172.44,184.38,356.81,172.44,184.38,356.81,178.41,1.0, sdumont6167,1070.43
3.0,96,3,728937.0,143784.0,70731.0,1305088.0,491.52,2109.44,993.28,4218.88,1.0,0,2.0,6.0,2n-2m-8th-Ac-lu-mz,sequana_cpu_dev,2,11422466.0,2,8,A,lu-mz,4,4,250,128,128,16,169.13,181.56,350.69,169.13,181.56,350.69,175.34,1.0, sdumont6167,1052.07
16.0,192,6,622311.0,144020.0,72619.0,1305592.0,491.52,2109.44,1024.0,4218.88,1.0,0,3.0,6.0,2n-2m-8th-Bc-lu-mz,sequana_cpu_dev,2,11422469.0,2,8,B,lu-mz,4,4,250,304,208,17,651.92,682.2,1334.12,162.98,170.55,333.53,166.76,4.0, sdumont6168,8004.719999999999
16.0,192,6,622297.0,143964.0,72602.0,1305476.0,491.52,2109.44,1024.0,4218.88,1.0,0,2.0,9.0,2n-2m-8th-Bc-lu-mz,sequana_cpu_dev,2,11422472.0,2,8,B,lu-mz,4,4,250,304,208,17,651.37,679.6,1330.96,162.84,169.9,332.74,166.37,4.0, sdumont6168,7985.76
16.0,192,6,619253.0,142424.0,70622.0,1293296.0,491.52,2109.44,1024.0,4218.88,1.0,0,3.0,7.0,2n-2m-8th-Bc-lu-mz,sequana_cpu_dev,2,11422478.0,2,8,B,lu-mz,4,4,250,304,208,17,655.54,682.59,1338.13,163.88,170.65,334.53,167.27,4.0, sdumont6168,8028.780000000001
60.0,544,17,729518.0,144264.0,70922.0,1306324.0,583.68,2109.44,1177.6,4218.88,1.0,0,2.0,5.0,2n-2m-8th-Cc-lu-mz,sequana_cpu_dev,2,11422481.0,2,8,C,lu-mz,4,4,250,480,320,28,3082.64,3201.55,6284.19,205.51,213.44,418.95,209.47,15.0, sdumont6167,106831.23
30.0,576,18,525556.0,144172.0,38529.0,1306180.0,614.4,2109.44,1249.28,4229.12,1.0,0,9.0,37.0,2n-2m-8th-Cc-lu-mz,sequana_cpu_dev,2,11422483.0,2,8,C,lu-mz,4,4,250,480,320,28,3385.16,3489.87,6875.03,199.13,205.29,404.41,202.21,17.0, sdumont6167,123750.54
60.0,544,17,622712.0,144044.0,72712.0,1306328.0,532.48,2109.44,1167.36,4218.88,4.0,0,3.0,8.0,2n-2m-8th-Cc-lu-mz,sequana_cpu_dev,2,11422490.0,2,8,C,lu-mz,4,4,250,480,320,28,3082.95,3207.92,6290.86,205.53,213.86,419.39,209.7,15.0, sdumont6168,106944.62
2.0,120,3,625099.0,134264.0,37127.0,1084088.0,491.52,2109.44,993.28,4218.88,3.0,0,4.0,19.0,2n-2m-10th-Ac-lu-mz,sequana_cpu_dev,2,11422494.0,2,10,A,lu-mz,4,4,250,128,128,16,179.65,194.63,374.28,89.82,97.32,187.14,93.57,2.0, sdumont6165,1122.84
2.0,80,2,518150.0,139308.0,38119.0,885136.0,491.52,2109.44,993.28,4218.88,3.0,0,5.0,21.0,2n-2m-10th-Ac-lu-mz,sequana_cpu_dev,2,11422500.0,2,10,A,lu-mz,4,4,250,128,128,16,174.94,189.15,364.09,174.94,189.15,364.09,182.05,1.0, sdumont6165,728.18
4.0,120,3,621085.0,140040.0,69784.0,1296884.0,481.28,2109.44,993.28,4218.88,2.0,0,6.0,18.0,2n-2m-10th-Ac-lu-mz,sequana_cpu_dev,2,11422514.0,2,10,A,lu-mz,4,4,250,128,128,16,185.96,202.16,388.12,185.96,202.16,388.12,194.06,1.0, sdumont6168,1164.3600000000001
16.0,200,5,458103.0,140364.0,69666.0,657072.0,481.28,2109.44,962.56,4218.88,3.0,0,18.0,41.0,2n-2m-10th-Bc-lu-mz,sequana_cpu_dev,2,11422527.0,2,10,B,lu-mz,4,4,250,304,208,17,696.75,726.27,1423.02,174.19,181.57,355.76,177.88,4.0, sdumont6165,7115.1
16.0,200,5,621314.0,140428.0,70105.0,1297420.0,491.52,2109.44,1024.0,4218.88,1.0,0,5.0,12.0,2n-2m-10th-Bc-lu-mz,sequana_cpu_dev,2,11422535.0,2,10,B,lu-mz,4,4,250,304,208,17,705.83,733.78,1439.61,176.46,183.44,359.9,179.95,4.0, sdumont6166,7198.049999999999
16.0,200,5,624370.0,143980.0,72692.0,1309644.0,491.52,2109.44,1024.0,4218.88,1.0,0,4.0,8.0,2n-2m-10th-Bc-lu-mz,sequana_cpu_dev,2,11422537.0,2,10,B,lu-mz,4,4,250,304,208,17,701.67,731.72,1433.39,175.42,182.93,358.35,179.17,4.0, sdumont6165,7166.950000000001
62.0,560,14,621641.0,140544.0,70154.0,1298016.0,522.24,2109.44,1136.64,4218.88,1.0,0,11.0,28.0,2n-2m-10th-Cc-lu-mz,sequana_cpu_dev,2,11422542.0,2,10,C,lu-mz,4,4,250,480,320,28,2706.75,2800.46,5507.22,208.21,215.42,423.63,211.82,13.0, sdumont6166,77101.08
62.0,600,15,621697.0,140496.0,70174.0,1298148.0,522.24,2109.44,1136.64,4218.88,2.0,0,5.0,11.0,2n-2m-10th-Cc-lu-mz,sequana_cpu_dev,2,11422546.0,2,10,C,lu-mz,4,4,250,480,320,28,2880.55,2876.92,5757.47,223.69,222.9,446.59,223.3,13.0, sdumont6167,86362.05
62.0,600,15,621665.0,140636.0,70219.0,1298012.0,522.24,2109.44,1136.64,4218.88,1.0,0,13.0,45.0,2n-2m-10th-Cc-lu-mz,sequana_cpu_dev,2,11422548.0,2,10,C,lu-mz,4,4,250,480,320,28,2885.45,2890.2,5775.66,221.96,222.32,444.28,222.14,13.0, sdumont6166,86634.9
5.0,144,3,449289.0,141088.0,59459.0,660880.0,481.28,2109.44,952.32,4218.88,1.0,0,11.0,24.0,2n-2m-12th-Ac-lu-mz,sequana_cpu_dev,2,11422550.0,2,12,A,lu-mz,4,4,250,128,128,16,190.23,204.91,395.14,190.23,204.91,395.14,197.57,1.0, sdumont6166,1185.42
2.0,144,3,572493.0,142964.0,38544.0,1313448.0,481.28,2109.44,993.28,4218.88,1.0,0,5.0,21.0,2n-2m-12th-Ac-lu-mz,sequana_cpu_dev,2,11422555.0,2,12,A,lu-mz,4,4,250,128,128,16,196.2,212.75,408.95,196.2,212.75,408.95,204.47,1.0, sdumont6166,1226.85
5.0,144,3,623185.0,141340.0,70090.0,1301164.0,491.52,2109.44,993.28,4218.88,1.0,0,11.0,31.0,2n-2m-12th-Ac-lu-mz,sequana_cpu_dev,2,11422565.0,2,12,A,lu-mz,4,4,250,128,128,16,198.67,211.77,410.45,198.67,211.77,410.45,205.22,1.0, sdumont6167,1231.35
20.0,288,6,626429.0,144260.0,72791.0,1313828.0,501.76,2109.44,1034.24,4218.88,1.0,0,12.0,28.0,2n-2m-12th-Bc-lu-mz,sequana_cpu_dev,2,11422568.0,2,12,B,lu-mz,4,4,250,304,208,17,767.51,805.02,1572.53,191.88,201.25,393.13,196.57,4.0, sdumont6166,9435.18
20.0,240,5,626445.0,144304.0,73282.0,1313824.0,501.76,2109.44,1024.0,4218.88,1.0,0,13.0,33.0,2n-2m-12th-Bc-lu-mz,sequana_cpu_dev,2,11422574.0,2,12,B,lu-mz,4,4,250,304,208,17,727.43,789.26,1516.69,181.86,197.31,379.17,189.59,4.0, sdumont6166,7583.450000000001
20.0,288,6,623357.0,140468.0,70152.0,1301476.0,491.52,2109.44,1024.0,4218.88,1.0,0,9.0,19.0,2n-2m-12th-Bc-lu-mz,sequana_cpu_dev,2,11422583.0,2,12,B,lu-mz,4,4,250,304,208,17,779.77,815.73,1595.51,229.06,238.61,467.67,233.83,3.5, sdumont6167,9573.06
69.0,672,14,733636.0,144380.0,71515.0,1314560.0,563.2,2109.44,1136.64,4218.88,4.0,0,12.0,37.0,2n-2m-12th-Cc-lu-mz,sequana_cpu_dev,2,11422586.0,2,12,C,lu-mz,4,4,250,480,320,28,2873.0,3078.32,5951.32,239.42,256.53,495.94,247.97,12.0, sdumont6167,83318.48
69.0,672,14,613308.0,134100.0,60321.0,1302280.0,522.24,2109.44,1136.64,4218.88,8.0,0,17.0,51.0,2n-2m-12th-Cc-lu-mz,sequana_cpu_dev,2,11422591.0,2,12,C,lu-mz,4,4,250,480,320,28,2830.21,2941.12,5771.33,217.71,226.24,443.95,221.97,13.0, sdumont6169,80798.62
69.0,672,14,626831.0,144468.0,72903.0,1314568.0,522.24,2109.44,1126.4,4218.88,8.0,0,6.0,13.0,2n-2m-12th-Cc-lu-mz,sequana_cpu_dev,2,11422594.0,2,12,C,lu-mz,4,4,250,480,320,28,2643.9,2835.44,5479.34,211.57,226.83,438.4,219.2,12.5, sdumont6165,76710.76000000001
5.0,168,3,628331.0,142552.0,72025.0,1317632.0,491.52,2109.44,993.28,4218.88,1.0,0,13.0,28.0,2n-2m-14th-Ac-lu-mz,sequana_cpu_dev,2,11422597.0,2,14,A,lu-mz,4,4,250,128,128,16,197.68,207.66,405.33,98.84,103.83,202.67,101.33,2.0, sdumont6167,1215.99
5.0,168,3,735106.0,143168.0,70765.0,1305136.0,501.76,2109.44,993.28,4218.88,1.0,0,13.0,32.0,2n-2m-14th-Ac-lu-mz,sequana_cpu_dev,2,11422603.0,2,14,A,lu-mz,4,4,250,128,128,16,198.82,207.85,406.67,99.41,103.93,203.34,101.67,2.0, sdumont6167,1220.01
6.0,168,3,625210.0,142352.0,70037.0,1305148.0,481.28,2109.44,993.28,4218.88,1.0,0,14.0,38.0,2n-2m-14th-Ac-lu-mz,sequana_cpu_dev,2,11422606.0,2,14,A,lu-mz,4,4,250,128,128,16,202.98,212.05,415.03,101.49,106.03,207.52,103.76,2.0, sdumont6166,1245.09
21.0,280,5,465323.0,140508.0,71781.0,665376.0,481.28,2109.44,962.56,4218.88,1.0,0,14.0,39.0,2n-2m-14th-Bc-lu-mz,sequana_cpu_dev,2,11422612.0,2,14,B,lu-mz,4,4,250,304,208,17,772.64,766.82,1539.46,193.16,191.71,384.87,192.43,4.0, sdumont6167,7697.3
21.0,280,5,625405.0,140436.0,70169.0,1305544.0,491.52,2109.44,1034.24,4218.88,1.0,0,9.0,19.0,2n-2m-14th-Bc-lu-mz,sequana_cpu_dev,2,11422617.0,2,14,B,lu-mz,4,4,250,304,208,17,775.56,772.95,1548.52,193.89,193.24,387.13,193.56,4.0, sdumont6166,7742.6
21.0,280,5,628497.0,144208.0,72719.0,1317940.0,501.76,2109.44,1034.24,4218.88,0.0,0,30.0,64.0,2n-2m-14th-Bc-lu-mz,sequana_cpu_dev,2,11422622.0,2,14,B,lu-mz,4,4,250,304,208,17,605.1,639.38,1244.48,201.7,213.13,414.83,207.41,3.0, sdumont6169,6222.4
0.0,728,13,359480.0,5144.0,4100.0,453612.0,573.44,2109.44,1157.12,4218.88,2.0,0,0.0,0.0,2n-2m-14th-Cc-lu-mz,sequana_cpu_dev,2,11422624.0,2,14,C,lu-mz,4,4,250,480,320,28,2461.47,2570.87,5032.34,223.77,233.72,457.49,228.74,11.0, sdumont6168,65420.42
73.0,728,13,465694.0,140916.0,71999.0,666172.0,481.28,2109.44,962.56,4218.88,4.0,0,8.0,18.0,2n-2m-14th-Cc-lu-mz,sequana_cpu_dev,2,11422627.0,2,14,C,lu-mz,4,4,250,480,320,28,2597.02,2696.13,5293.15,236.09,245.1,481.2,240.6,11.0, sdumont6168,68810.95
73.0,728,13,625819.0,140736.0,70321.0,1306396.0,522.24,2109.44,1116.16,4218.88,4.0,0,9.0,20.0,2n-2m-14th-Cc-lu-mz,sequana_cpu_dev,2,11422630.0,2,14,C,lu-mz,4,4,250,480,320,28,2455.34,2564.07,5019.41,223.21,233.1,456.31,228.16,11.0, sdumont6169,65252.33
5.0,192,3,630376.0,143432.0,72252.0,1321688.0,491.52,2109.44,1003.52,4218.88,4.0,0,21.0,56.0,2n-2m-16th-Ac-lu-mz,sequana_cpu_dev,2,11422632.0,2,16,A,lu-mz,4,4,250,128,128,16,193.73,213.31,407.03,193.73,213.31,407.03,203.52,1.0, sdumont6169,1221.09
5.0,192,3,630376.0,143132.0,72107.0,1321688.0,491.52,2109.44,1003.52,4218.88,3.0,0,13.0,26.0,2n-2m-16th-Ac-lu-mz,sequana_cpu_dev,2,11422636.0,2,16,A,lu-mz,4,4,250,128,128,16,196.32,213.19,409.51,196.32,213.19,409.51,204.76,1.0, sdumont6168,1228.53
5.0,192,3,630341.0,142656.0,72521.0,1321556.0,481.28,2109.44,993.28,4218.88,7.0,0,11.0,24.0,2n-2m-16th-Ac-lu-mz,sequana_cpu_dev,2,11422638.0,2,16,A,lu-mz,4,4,250,128,128,16,194.16,214.79,408.94,194.16,214.79,408.94,204.47,1.0, sdumont6168,1226.82
23.0,384,6,597583.0,144196.0,42351.0,1322060.0,501.76,2109.44,1044.48,4218.88,278.0,0,139.0,376.0,2n-2m-16th-Bc-lu-mz,sequana_cpu_dev,2,11422642.0,2,16,B,lu-mz,4,4,250,304,208,17,716.91,722.36,1439.27,143.38,144.47,287.85,143.93,5.0, sdumont6169,8635.619999999999
23.0,320,5,574215.0,140440.0,70003.0,1096832.0,491.52,2109.44,1003.52,4218.88,3.0,0,14.0,29.0,2n-2m-16th-Bc-lu-mz,sequana_cpu_dev,2,11422643.0,2,16,B,lu-mz,4,4,250,304,208,17,644.77,656.1,1300.87,214.92,218.7,433.62,216.81,3.0, sdumont6169,6504.349999999999
11.0,448,7,521331.0,142656.0,39328.0,885136.0,501.76,2109.44,1044.48,4218.88,169.0,0,5.0,22.0,2n-2m-16th-Bc-lu-mz,sequana_cpu_dev,2,11422648.0,2,16,B,lu-mz,4,4,250,304,208,17,685.44,731.45,1416.89,137.09,146.29,283.38,141.69,5.0, sdumont6165,9918.230000000001
77.0,768,12,627841.0,140960.0,70300.0,1310372.0,512.0,2109.44,1105.92,4218.88,1.0,0,13.0,29.0,2n-2m-16th-Cc-lu-mz,sequana_cpu_dev,2,11422651.0,2,16,C,lu-mz,4,4,250,480,320,28,2423.91,2558.02,4981.93,220.36,232.55,452.9,226.45,11.0, sdumont6169,59783.16
77.0,768,12,630916.0,144624.0,72931.0,1322660.0,522.24,2109.44,1105.92,4218.88,0.0,0,9.0,21.0,2n-2m-16th-Cc-lu-mz,sequana_cpu_dev,2,11422655.0,2,16,C,lu-mz,4,4,250,480,320,28,2414.76,2554.36,4969.11,241.48,255.44,496.91,248.46,10.0, sdumont6165,59629.31999999999
76.0,832,13,364626.0,6200.0,3940.0,662460.0,522.24,2109.44,1126.4,4218.88,1.0,0,39.0,137.0,2n-2m-16th-Cc-lu-mz,sequana_cpu_dev,2,11422657.0,2,16,C,lu-mz,4,4,250,480,320,28,2475.91,2636.18,5112.09,215.56,229.61,445.18,222.59,11.5, sdumont6165,66457.17
3.0,216,3,414257.0,141444.0,38049.0,673236.0,491.52,2109.44,1003.52,4218.88,1.0,0,13.0,54.0,2n-2m-18th-Ac-lu-mz,sequana_cpu_dev,2,11422660.0,2,18,A,lu-mz,4,4,250,128,128,16,198.43,212.59,411.02,198.43,212.59,411.02,205.51,1.0, sdumont6166,1233.06
6.0,216,3,629379.0,139544.0,69467.0,1313584.0,491.52,2109.44,993.28,4218.88,1.0,0,24.0,54.0,2n-2m-18th-Ac-lu-mz,sequana_cpu_dev,2,11422663.0,2,18,A,lu-mz,4,4,250,128,128,16,209.45,213.53,422.99,209.45,213.53,422.99,211.49,1.0, sdumont6167,1268.97
6.0,216,3,632401.0,142796.0,72521.0,1325672.0,491.52,2109.44,1003.52,4218.88,1.0,0,14.0,29.0,2n-2m-18th-Ac-lu-mz,sequana_cpu_dev,2,11422666.0,2,18,A,lu-mz,4,4,250,128,128,16,202.8,211.74,414.54,101.4,105.87,207.27,103.64,2.0, sdumont6166,1243.6200000000001
23.0,360,5,629536.0,140668.0,70199.0,1313828.0,491.52,2109.44,1003.52,4218.88,4.0,0,19.0,45.0,2n-2m-18th-Bc-lu-mz,sequana_cpu_dev,2,11422669.0,2,18,B,lu-mz,4,4,250,304,208,17,532.03,558.91,1090.94,177.34,186.3,363.65,181.82,3.0, sdumont6168,5454.700000000001
23.0,360,5,629552.0,140548.0,70163.0,1313892.0,491.52,2109.44,1013.76,4218.88,4.0,0,15.0,41.0,2n-2m-18th-Bc-lu-mz,sequana_cpu_dev,2,11422674.0,2,18,B,lu-mz,4,4,250,304,208,17,518.72,549.12,1067.85,172.91,183.04,355.95,177.97,3.0, sdumont6169,5339.25
23.0,360,5,629553.0,140480.0,70154.0,1313896.0,491.52,2109.44,1013.76,4218.88,1.0,0,11.0,28.0,2n-2m-18th-Bc-lu-mz,sequana_cpu_dev,2,11422680.0,2,18,B,lu-mz,4,4,250,304,208,17,516.88,549.24,1066.13,172.29,183.08,355.38,177.69,3.0, sdumont6168,5330.650000000001
87.0,864,12,629940.0,140896.0,70400.0,1314640.0,522.24,2109.44,1116.16,4218.88,62.0,0,22.0,53.0,2n-2m-18th-Cc-lu-mz,sequana_cpu_dev,2,11422684.0,2,18,C,lu-mz,4,4,250,480,320,28,2428.95,2578.13,5007.07,231.67,246.3,477.97,238.98,10.5, sdumont6168,60084.84
87.0,864,12,633012.0,144820.0,72995.0,1326936.0,522.24,2109.44,1105.92,4218.88,1.0,0,20.0,53.0,2n-2m-18th-Cc-lu-mz,sequana_cpu_dev,2,11422686.0,2,18,C,lu-mz,4,4,250,480,320,28,2459.48,2570.5,5029.98,245.95,257.05,503.0,251.5,10.0, sdumont6169,60359.759999999995
87.0,864,12,739818.0,143972.0,71146.0,1314644.0,552.96,2109.44,1105.92,4218.88,1.0,0,16.0,41.0,2n-2m-18th-Cc-lu-mz,sequana_cpu_dev,2,11422690.0,2,18,C,lu-mz,4,4,250,480,320,28,2433.5,2526.34,4959.84,221.23,229.67,450.89,225.45,11.0, sdumont6166,59518.08
3.0,240,3,415287.0,138860.0,37409.0,677356.0,491.52,2109.44,1003.52,4218.88,1.0,0,9.0,37.0,2n-2m-20th-Ac-lu-mz,sequana_cpu_dev,2,11422693.0,2,20,A,lu-mz,4,4,250,128,128,16,191.35,211.8,403.15,95.68,105.9,201.58,100.79,2.0, sdumont6165,1209.4499999999998
7.0,240,3,631421.0,139008.0,69577.0,1317636.0,491.52,2109.44,993.28,4218.88,0.0,0,18.0,38.0,2n-2m-20th-Ac-lu-mz,sequana_cpu_dev,2,11422696.0,2,20,A,lu-mz,4,4,250,128,128,16,197.29,219.49,416.78,98.65,109.75,208.39,104.2,2.0, sdumont6166,1250.34
3.0,240,3,467628.0,139436.0,38029.0,677356.0,491.52,2109.44,993.28,4218.88,1.0,0,9.0,36.0,2n-2m-20th-Ac-lu-mz,sequana_cpu_dev,2,11422704.0,2,20,A,lu-mz,4,4,250,128,128,16,194.17,217.4,411.57,97.08,108.7,205.78,102.89,2.0, sdumont6166,1234.71
26.0,400,5,471473.0,140628.0,71868.0,677676.0,481.28,2109.44,962.56,4218.88,1.0,0,24.0,62.0,2n-2m-20th-Bc-lu-mz,sequana_cpu_dev,2,11422706.0,2,20,B,lu-mz,4,4,250,304,208,17,504.01,539.42,1043.42,126.0,134.85,260.86,130.43,4.0, sdumont6166,5217.1
26.0,400,5,631566.0,140736.0,70257.0,1317900.0,491.52,2109.44,1013.76,4218.88,1.0,0,17.0,38.0,2n-2m-20th-Bc-lu-mz,sequana_cpu_dev,2,11422710.0,2,20,B,lu-mz,4,4,250,304,208,17,509.82,550.72,1060.53,127.45,137.68,265.13,132.57,4.0, sdumont6166,5302.65
26.0,400,5,458078.0,130308.0,59468.0,665232.0,481.28,2109.44,962.56,4218.88,1.0,0,18.0,44.0,2n-2m-20th-Bc-lu-mz,sequana_cpu_dev,2,11422712.0,2,20,B,lu-mz,4,4,250,304,208,17,518.62,562.43,1081.05,129.66,140.61,270.26,135.13,4.0, sdumont6166,5405.25
88.0,880,11,631997.0,143220.0,70914.0,1318760.0,512.0,2109.44,1085.44,4218.88,1.0,0,16.0,36.0,2n-2m-20th-Cc-lu-mz,sequana_cpu_dev,2,11422715.0,2,20,C,lu-mz,4,4,250,480,320,28,2173.93,2316.35,4490.28,217.39,231.64,449.03,224.51,10.0, sdumont6165,49393.079999999994
87.0,880,11,635067.0,144976.0,73022.0,1331040.0,512.0,2109.44,1095.68,4218.88,1.0,0,23.0,48.0,2n-2m-20th-Cc-lu-mz,sequana_cpu_dev,2,11422717.0,2,20,C,lu-mz,4,4,250,480,320,28,2156.53,2309.64,4466.17,215.65,230.96,446.62,223.31,10.0, sdumont6165,49127.87
87.0,880,11,631999.0,141024.0,70414.0,1318756.0,512.0,2109.44,1085.44,4218.88,4.0,0,25.0,77.0,2n-2m-20th-Cc-lu-mz,sequana_cpu_dev,2,11422719.0,2,20,C,lu-mz,4,4,250,480,320,28,2268.18,2407.85,4676.03,252.02,267.54,519.56,259.78,9.0, sdumont6167,51436.329999999994
8.0,264,3,473364.0,141416.0,72210.0,681476.0,481.28,2109.44,962.56,4218.88,1.0,0,21.0,48.0,2n-2m-22th-Ac-lu-mz,sequana_cpu_dev,2,11422721.0,2,22,A,lu-mz,4,4,250,128,128,16,196.33,212.9,409.23,98.17,106.45,204.61,102.31,2.0, sdumont6166,1227.69
4.0,352,4,687472.0,142772.0,38822.0,1334056.0,501.76,2109.44,1003.52,4218.88,2.0,0,14.0,56.0,2n-2m-22th-Ac-lu-mz,sequana_cpu_dev,2,11422723.0,2,22,A,lu-mz,4,4,250,128,128,16,211.22,229.39,440.61,211.22,229.39,440.61,220.31,1.0, sdumont6168,1762.44
8.0,264,3,636557.0,142924.0,72557.0,1334056.0,491.52,2109.44,1003.52,4218.88,4.0,0,19.0,47.0,2n-2m-22th-Ac-lu-mz,sequana_cpu_dev,2,11422725.0,2,22,A,lu-mz,4,4,250,128,128,16,209.25,228.48,437.73,209.25,228.48,437.73,218.87,1.0, sdumont6167,1313.19
15.0,440,5,526308.0,143688.0,38649.0,1121440.0,512.0,2109.44,1024.0,4218.88,1.0,0,16.0,64.0,2n-2m-22th-Bc-lu-mz,sequana_cpu_dev,2,11422727.0,2,22,B,lu-mz,4,4,250,304,208,17,513.67,541.32,1054.98,128.42,135.33,263.75,131.87,4.0, sdumont6165,5274.9
15.0,440,5,524424.0,140680.0,38801.0,885136.0,491.52,2109.44,1013.76,4218.88,1.0,0,12.0,51.0,2n-2m-22th-Bc-lu-mz,sequana_cpu_dev,2,11422729.0,2,22,B,lu-mz,4,4,250,304,208,17,502.5,528.04,1030.55,125.63,132.01,257.64,128.82,4.0, sdumont6165,5152.75
30.0,440,5,633675.0,140748.0,70363.0,1322140.0,491.52,2109.44,1013.76,4218.88,4.0,0,38.0,99.0,2n-2m-22th-Bc-lu-mz,sequana_cpu_dev,2,11422731.0,2,22,B,lu-mz,4,4,250,304,208,17,535.46,560.23,1095.69,178.49,186.74,365.23,182.62,3.0, sdumont6168,5478.450000000001
98.0,1056,12,743901.0,144116.0,71160.0,1322736.0,542.72,2109.44,1095.68,4218.88,4.0,0,35.0,100.0,2n-2m-22th-Cc-lu-mz,sequana_cpu_dev,2,11422733.0,2,22,C,lu-mz,4,4,250,480,320,28,2256.49,2326.33,4582.82,250.72,258.48,509.2,254.6,9.0, sdumont6168,54993.84
49.0,1232,14,532805.0,144624.0,38643.0,1335176.0,593.92,2109.44,1208.32,4229.12,4.0,0,10.0,40.0,2n-2m-22th-Cc-lu-mz,sequana_cpu_dev,2,11422736.0,2,22,C,lu-mz,4,4,250,480,320,28,2471.32,2575.3,5046.62,205.94,214.61,420.55,210.28,12.0, sdumont6168,70652.68
49.0,968,11,416612.0,141288.0,38026.0,682656.0,512.0,2109.44,1095.68,4218.88,1.0,0,27.0,109.0,2n-2m-22th-Cc-lu-mz,sequana_cpu_dev,2,11422739.0,2,22,C,lu-mz,4,4,250,480,320,28,2168.1,2246.75,4414.84,228.96,237.14,466.1,233.05,9.5, sdumont6166,48563.240000000005
5.0,288,3,525475.0,141080.0,38902.0,885612.0,491.52,2109.44,993.28,4218.88,1.0,0,15.0,63.0,2n-2m-24th-Ac-lu-mz,sequana_cpu_dev,2,11422741.0,2,24,A,lu-mz,4,4,250,128,128,16,198.08,215.63,413.71,149.71,162.4,312.11,156.05,1.5, sdumont6166,1241.1299999999999
9.0,288,3,635558.0,141472.0,70093.0,1325872.0,491.52,2109.44,993.28,4218.88,1.0,0,20.0,44.0,2n-2m-24th-Ac-lu-mz,sequana_cpu_dev,2,11422743.0,2,24,A,lu-mz,4,4,250,128,128,16,204.22,220.16,424.38,154.98,165.94,320.91,160.46,1.5, sdumont6166,1273.1399999999999
9.0,384,4,638613.0,142876.0,72095.0,1338164.0,491.52,2109.44,993.28,4218.88,1.0,0,18.0,39.0,2n-2m-24th-Ac-lu-mz,sequana_cpu_dev,2,11422745.0,2,24,A,lu-mz,4,4,250,128,128,16,210.49,220.32,430.81,210.49,220.32,430.81,215.4,1.0, sdumont6167,1723.24
33.0,480,5,576604.0,135792.0,37099.0,1113260.0,501.76,2109.44,1013.76,4218.88,1.0,0,29.0,62.0,2n-2m-24th-Bc-lu-mz,sequana_cpu_dev,2,11422750.0,2,24,B,lu-mz,4,4,250,304,208,17,524.72,555.16,1079.88,153.51,162.05,315.56,157.78,3.5, sdumont6166,5399.400000000001
33.0,480,5,475515.0,140644.0,71848.0,685912.0,481.28,2109.44,962.56,4218.88,1.0,0,19.0,50.0,2n-2m-24th-Bc-lu-mz,sequana_cpu_dev,2,11422753.0,2,24,B,lu-mz,4,4,250,304,208,17,557.79,567.87,1125.66,185.93,189.29,375.22,187.61,3.0, sdumont6166,5628.3
33.0,480,5,475590.0,140808.0,71901.0,685904.0,481.28,2109.44,962.56,4218.88,1.0,0,24.0,50.0,2n-2m-24th-Bc-lu-mz,sequana_cpu_dev,2,11422755.0,2,24,B,lu-mz,4,4,250,304,208,17,525.05,552.9,1077.95,175.02,184.3,359.32,179.66,3.0, sdumont6166,5389.75
107.0,1152,12,636080.0,141160.0,70554.0,1326844.0,512.0,2109.44,1085.44,4218.88,1.0,0,22.0,57.0,2n-2m-24th-Cc-lu-mz,sequana_cpu_dev,2,11422758.0,2,24,C,lu-mz,4,4,250,480,320,28,2358.74,2360.85,4719.59,249.64,249.52,499.16,249.58,9.5, sdumont6166,56635.08
107.0,1152,12,639153.0,144836.0,73065.0,1339136.0,512.0,2109.44,1095.68,4218.88,1.0,0,27.0,67.0,2n-2m-24th-Cc-lu-mz,sequana_cpu_dev,2,11422762.0,2,24,C,lu-mz,4,4,250,480,320,28,2332.57,2416.31,4748.88,245.41,255.04,500.46,250.23,9.5, sdumont6168,56986.56
107.0,1152,12,636117.0,141292.0,70500.0,1326992.0,512.0,2109.44,1085.44,4218.88,1.0,0,24.0,57.0,2n-2m-24th-Cc-lu-mz,sequana_cpu_dev,2,11422765.0,2,24,C,lu-mz,4,4,250,480,320,28,2348.68,2430.77,4779.45,260.96,270.09,531.05,265.52,9.0, sdumont6168,57353.399999999994
0.0,36,6,265348.0,3164.0,3132.0,265348.0,0.0,0.0,0.0,0.0,1.0,0,0.0,0.0,3n-1m-2th-Ac-lu-mz,sequana_cpu_dev,3,11422768.0,1,2,A,lu-mz,4,4,250,128,128,16,800.91,579.18,1380.09,160.18,115.84,276.02,92.01,5.0, sdumont6165,8280.539999999999
0.0,36,6,265348.0,3160.0,3117.3330078125,265348.0,0.0,0.0,0.0,0.0,1.0,0,0.0,0.0,3n-1m-2th-Ac-lu-mz,sequana_cpu_dev,3,11422770.0,1,2,A,lu-mz,4,4,250,128,128,16,850.8,595.81,1446.61,170.16,119.16,289.32,96.44,5.0, sdumont6169,8679.66
0.0,36,6,265348.0,3176.0,3164.0,265348.0,0.0,0.0,0.0,0.0,1.0,0,0.0,0.0,3n-1m-2th-Ac-lu-mz,sequana_cpu_dev,3,11422772.0,1,2,A,lu-mz,4,4,250,128,128,16,813.8,580.03,1393.83,162.76,116.01,278.77,92.92,5.0, sdumont6166,8362.98
0.0,120,20,265348.0,3140.0,3089.3330078125,265348.0,0.0,0.0,0.0,0.0,1.0,0,0.0,0.0,3n-1m-2th-Bc-lu-mz,sequana_cpu_dev,3,11422776.0,1,2,B,lu-mz,4,4,250,304,208,17,3211.56,2236.68,5448.24,169.03,117.72,286.75,95.58,19.0, sdumont6166,108964.79999999999
0.0,120,20,265348.0,3128.0,3089.3330078125,265348.0,0.0,0.0,0.0,0.0,1.0,0,0.0,0.0,3n-1m-2th-Bc-lu-mz,sequana_cpu_dev,3,11422780.0,1,2,B,lu-mz,4,4,250,304,208,17,3264.99,2264.61,5529.59,171.84,119.19,291.03,97.01,19.0, sdumont6167,110591.8
0.0,120,20,265348.0,3148.0,3122.666015625,265348.0,0.0,0.0,0.0,0.0,1.0,0,0.0,0.0,3n-1m-2th-Bc-lu-mz,sequana_cpu_dev,3,11422782.0,1,2,B,lu-mz,4,4,250,304,208,17,3267.37,2244.24,5511.61,171.97,118.12,290.08,96.69,19.0, sdumont6167,110232.2
118.0,444,74,1365246.666015625,369540.0,368294.666015625,1507920.0,1638.4,4208.64,1648.64,4218.88,1.0,0,28.0,42.0,3n-1m-2th-Cc-lu-mz,sequana_cpu_dev,3,11422786.0,1,2,C,lu-mz,4,4,250,480,320,28,14118.23,9146.55,23264.78,193.4,125.3,318.7,106.23,73.0, sdumont6169,1721593.72
118.0,444,74,1365254.666015625,371176.0,368817.3330078125,1507900.0,1638.4,4208.64,1648.64,4218.88,1.0,0,0.0,0.0,3n-1m-2th-Cc-lu-mz,sequana_cpu_dev,3,11422789.0,1,2,C,lu-mz,4,4,250,480,320,28,14057.05,9112.49,23169.54,192.56,124.83,317.39,105.8,73.0, sdumont6168,1714545.96
118.0,444,74,1367110.666015625,369756.0,368338.666015625,1507896.0,1638.4,4208.64,1648.64,4218.88,1.0,0,14.0,42.0,3n-1m-2th-Cc-lu-mz,sequana_cpu_dev,3,11422791.0,1,2,C,lu-mz,4,4,250,480,320,28,13764.49,9096.11,22860.6,188.55,124.6,313.16,104.39,73.0, sdumont6166,1691684.4
0.0,72,6,265348.0,3148.0,3125.3330078125,265348.0,0.0,0.0,0.0,0.0,1.0,0,0.0,0.0,3n-1m-4th-Ac-lu-mz,sequana_cpu_dev,3,11422792.0,1,4,A,lu-mz,4,4,250,128,128,16,781.81,505.31,1287.12,195.45,126.33,321.78,107.26,4.0, sdumont6165,7722.719999999999
0.0,60,5,265348.0,3144.0,3129.3330078125,265348.0,0.0,0.0,0.0,0.0,1.0,0,0.0,0.0,3n-1m-4th-Ac-lu-mz,sequana_cpu_dev,3,11422795.0,1,4,A,lu-mz,4,4,250,128,128,16,629.14,375.56,1004.7,209.71,125.19,334.9,111.63,3.0, sdumont6166,5023.5
0.0,60,5,265348.0,3140.0,3124.0,265348.0,0.0,0.0,0.0,0.0,1.0,0,0.0,0.0,3n-1m-4th-Ac-lu-mz,sequana_cpu_dev,3,11422797.0,1,4,A,lu-mz,4,4,250,128,128,16,628.68,376.18,1004.86,174.16,103.82,277.99,92.66,3.67, sdumont6167,5024.3
0.0,144,12,265348.0,3160.0,2438.666015625,265348.0,0.0,0.0,0.0,0.0,1.0,0,0.0,0.0,3n-1m-4th-Bc-lu-mz,sequana_cpu_dev,3,11422799.0,1,4,B,lu-mz,4,4,250,304,208,17,2155.42,1244.63,3400.05,195.95,113.15,309.1,103.03,11.0, sdumont6167,40800.600000000006
0.0,144,12,265348.0,3128.0,2406.666015625,265348.0,0.0,0.0,0.0,0.0,1.0,0,0.0,0.0,3n-1m-4th-Bc-lu-mz,sequana_cpu_dev,3,11422801.0,1,4,B,lu-mz,4,4,250,304,208,17,2210.23,1276.08,3486.31,200.93,116.01,316.94,105.65,11.0, sdumont6167,41835.72
0.0,144,12,265348.0,3148.0,3121.3330078125,265348.0,0.0,0.0,0.0,0.0,1.0,0,0.0,0.0,3n-1m-4th-Bc-lu-mz,sequana_cpu_dev,3,11422803.0,1,4,B,lu-mz,4,4,250,304,208,17,2170.62,1233.79,3404.41,197.33,112.16,309.49,103.16,11.0, sdumont6167,40852.92
117.0,504,42,1369366.666015625,370832.0,369732.0,1512024.0,1249.28,4208.64,1259.52,4208.64,3.0,0,17.0,49.0,3n-1m-4th-Cc-lu-mz,sequana_cpu_dev,3,11422810.0,1,4,C,lu-mz,4,4,250,480,320,28,9089.22,5030.23,14119.45,221.69,122.69,344.38,114.79,41.0, sdumont6169,593016.9
117.0,504,42,1297140.0,370108.0,368840.0,1512044.0,1249.28,4208.64,1259.52,4208.64,0.0,0,16.0,48.0,3n-1m-4th-Cc-lu-mz,sequana_cpu_dev,3,11422815.0,1,4,C,lu-mz,4,4,250,480,320,28,8941.67,4966.72,13908.39,218.09,121.14,339.23,113.08,41.0, sdumont6167,584152.38
117.0,504,42,1373085.3330078125,370856.0,368573.3330078125,1517592.0,1249.28,4208.64,1259.52,4208.64,1.0,0,1.0,2.0,3n-1m-4th-Cc-lu-mz,sequana_cpu_dev,3,11422818.0,1,4,C,lu-mz,4,4,250,480,320,28,8887.02,4939.74,13826.76,216.76,120.48,337.24,112.41,41.0, sdumont6166,580723.92
0.0,90,5,265348.0,3076.0,1717.3330078125,265348.0,0.0,0.0,0.0,0.0,1.0,0,0.0,0.0,3n-1m-6th-Ac-lu-mz,sequana_cpu_dev,3,11422820.0,1,6,A,lu-mz,4,4,250,128,128,16,701.47,372.99,1074.46,175.37,93.25,268.62,89.54,4.0, sdumont6166,5372.3
0.0,90,5,265348.0,3056.0,1706.666015625,265348.0,0.0,0.0,0.0,0.0,1.0,0,0.0,0.0,3n-1m-6th-Ac-lu-mz,sequana_cpu_dev,3,11422822.0,1,6,A,lu-mz,4,4,250,128,128,16,704.21,373.93,1078.14,234.74,124.64,359.38,119.79,3.0, sdumont6166,5390.700000000001
0.0,90,5,265348.0,3056.0,1708.0,265348.0,0.0,0.0,0.0,0.0,1.0,0,0.0,0.0,3n-1m-6th-Ac-lu-mz,sequana_cpu_dev,3,11422824.0,1,6,A,lu-mz,4,4,250,128,128,16,707.29,373.64,1080.93,235.76,124.55,360.31,120.1,3.0, sdumont6166,5404.650000000001
0.0,162,9,265348.0,3132.0,1734.666015625,265348.0,0.0,0.0,0.0,0.0,0.0,0,0.0,0.0,3n-1m-6th-Bc-lu-mz,sequana_cpu_dev,3,11422827.0,1,6,B,lu-mz,4,4,250,304,208,17,1797.05,893.5,2690.55,224.63,111.69,336.32,112.11,8.0, sdumont6165,24214.95
0.0,180,10,265348.0,3124.0,1732.0,265348.0,0.0,0.0,0.0,0.0,1.0,0,0.0,0.0,3n-1m-6th-Bc-lu-mz,sequana_cpu_dev,3,11422830.0,1,6,B,lu-mz,4,4,250,304,208,17,1961.77,978.93,2940.7,217.97,108.77,326.74,108.91,9.0, sdumont6166,29407.0
0.0,162,9,265348.0,3096.0,1722.666015625,265348.0,0.0,0.0,0.0,0.0,1.0,0,0.0,0.0,3n-1m-6th-Bc-lu-mz,sequana_cpu_dev,3,11422832.0,1,6,B,lu-mz,4,4,250,304,208,17,1901.39,935.78,2837.17,237.67,116.97,354.65,118.22,8.0, sdumont6165,25534.53
164.0,576,32,1373485.3330078125,369604.0,368370.666015625,1516156.0,1290.24,4208.64,1300.48,4208.64,1.0,0,152.0,349.0,3n-1m-6th-Cc-lu-mz,sequana_cpu_dev,3,11422834.0,1,6,C,lu-mz,4,4,250,480,320,28,7523.53,3686.97,11210.5,242.69,118.93,361.63,120.54,31.0, sdumont6167,358736.0
0.0,540,30,265348.0,3144.0,1740.0,265348.0,0.0,0.0,0.0,0.0,1.0,0,0.0,0.0,3n-1m-6th-Cc-lu-mz,sequana_cpu_dev,3,11422836.0,1,6,C,lu-mz,4,4,250,480,320,28,7187.15,3424.85,10612.0,247.83,118.1,365.93,121.98,29.0, sdumont6166,318360.0
0.0,540,30,265348.0,3140.0,1738.666015625,265348.0,0.0,0.0,0.0,0.0,0.0,0,0.0,0.0,3n-1m-6th-Cc-lu-mz,sequana_cpu_dev,3,11422838.0,1,6,C,lu-mz,4,4,250,480,320,28,7243.93,3417.83,10661.77,249.79,117.86,367.65,122.55,29.0, sdumont6167,319853.10000000003
0.0,120,5,265348.0,1040.0,1037.3330078125,265348.0,0.0,0.0,0.0,0.0,1.0,0,0.0,0.0,3n-1m-8th-Ac-lu-mz,sequana_cpu_dev,3,11422840.0,1,8,A,lu-mz,4,4,250,128,128,16,1030.36,499.54,1529.9,257.59,124.88,382.47,127.49,4.0, sdumont6165,7649.5
0.0,120,5,265348.0,3112.0,1726.666015625,265348.0,0.0,0.0,0.0,0.0,0.0,0,0.0,0.0,3n-1m-8th-Ac-lu-mz,sequana_cpu_dev,3,11422843.0,1,8,A,lu-mz,4,4,250,128,128,16,1030.1,499.9,1530.0,257.52,124.97,382.5,127.5,4.0, sdumont6167,7650.0
0.0,144,6,265348.0,1040.0,1037.3330078125,265348.0,0.0,0.0,0.0,0.0,1.0,0,0.0,0.0,3n-1m-8th-Ac-lu-mz,sequana_cpu_dev,3,11422845.0,1,8,A,lu-mz,4,4,250,128,128,16,1024.61,493.43,1518.05,256.15,123.36,379.51,126.5,4.0, sdumont6166,9108.3
0.0,192,8,265348.0,1040.0,1036.0,265348.0,0.0,0.0,0.0,0.0,1.0,0,0.0,0.0,3n-1m-8th-Bc-lu-mz,sequana_cpu_dev,3,11422847.0,1,8,B,lu-mz,4,4,250,304,208,17,1989.28,871.43,2860.7,284.18,124.49,408.67,136.22,7.0, sdumont6166,22885.6
0.0,192,8,265348.0,1040.0,1038.666015625,265348.0,0.0,0.0,0.0,0.0,1.0,0,0.0,0.0,3n-1m-8th-Bc-lu-mz,sequana_cpu_dev,3,11422849.0,1,8,B,lu-mz,4,4,250,304,208,17,1992.45,874.07,2866.52,284.64,124.87,409.5,136.5,7.0, sdumont6165,22932.16
0.0,192,8,265348.0,1036.0,1033.3330078125,265348.0,0.0,0.0,0.0,0.0,1.0,0,0.0,0.0,3n-1m-8th-Bc-lu-mz,sequana_cpu_dev,3,11422851.0,1,8,B,lu-mz,4,4,250,304,208,17,1991.53,867.52,2859.05,284.5,123.93,408.44,136.15,7.0, sdumont6165,22872.4
0.0,600,25,265348.0,3144.0,1738.666015625,265348.0,0.0,0.0,0.0,0.0,1.0,0,0.0,0.0,3n-1m-8th-Cc-lu-mz,sequana_cpu_dev,3,11422853.0,1,8,C,lu-mz,4,4,250,480,320,28,6726.47,2793.37,9519.84,280.27,116.39,396.66,132.22,24.0, sdumont6165,237996.0
0.0,600,25,265348.0,1040.0,1036.0,265348.0,0.0,0.0,0.0,0.0,1.0,0,0.0,0.0,3n-1m-8th-Cc-lu-mz,sequana_cpu_dev,3,11422857.0,1,8,C,lu-mz,4,4,250,480,320,28,6764.61,2812.09,9576.7,281.86,117.17,399.03,133.01,24.0, sdumont6167,239417.50000000003
0.0,600,25,265348.0,1036.0,1034.666015625,265348.0,0.0,0.0,0.0,0.0,1.0,0,0.0,0.0,3n-1m-8th-Cc-lu-mz,sequana_cpu_dev,3,11422861.0,1,8,C,lu-mz,4,4,250,480,320,28,6760.46,2800.5,9560.95,281.69,116.69,398.37,132.79,24.0, sdumont6167,239023.75000000003
0.0,180,6,265348.0,1036.0,1036.0,265348.0,0.0,0.0,0.0,0.0,4.0,0,0.0,0.0,3n-1m-10th-Ac-lu-mz,sequana_cpu_dev,3,11422865.0,1,10,A,lu-mz,4,4,250,128,128,16,1113.03,502.64,1615.68,222.61,100.53,323.14,107.71,5.0, sdumont6167,9694.08
0.0,180,6,265348.0,1036.0,1036.0,265348.0,0.0,0.0,0.0,0.0,1.0,0,0.0,0.0,3n-1m-10th-Ac-lu-mz,sequana_cpu_dev,3,11422870.0,1,10,A,lu-mz,4,4,250,128,128,16,1113.02,497.55,1610.57,222.6,99.51,322.11,107.37,5.0, sdumont6167,9663.42
0.0,180,6,265348.0,3120.0,1728.0,265348.0,0.0,0.0,0.0,0.0,1.0,0,0.0,0.0,3n-1m-10th-Ac-lu-mz,sequana_cpu_dev,3,11422874.0,1,10,A,lu-mz,4,4,250,128,128,16,1106.87,495.53,1602.39,221.37,99.11,320.48,106.83,5.0, sdumont6166,9614.34
0.0,240,8,265348.0,1036.0,1034.666015625,265348.0,0.0,0.0,0.0,0.0,1.0,0,0.0,0.0,3n-1m-10th-Bc-lu-mz,sequana_cpu_dev,3,11422882.0,1,10,B,lu-mz,4,4,250,304,208,17,1894.95,753.34,2648.29,270.71,107.62,378.33,126.11,7.0, sdumont6165,21186.32
0.0,240,8,265348.0,1036.0,1036.0,265348.0,0.0,0.0,0.0,0.0,1.0,0,0.0,0.0,3n-1m-10th-Bc-lu-mz,sequana_cpu_dev,3,11422887.0,1,10,B,lu-mz,4,4,250,304,208,17,1896.99,746.68,2643.67,271.0,106.67,377.67,125.89,7.0, sdumont6167,21149.36
0.0,240,8,265348.0,3152.0,1741.3330078125,265348.0,0.0,0.0,0.0,0.0,1.0,0,0.0,0.0,3n-1m-10th-Bc-lu-mz,sequana_cpu_dev,3,11422891.0,1,10,B,lu-mz,4,4,250,304,208,17,1893.39,747.07,2640.45,270.48,106.72,377.21,125.74,7.0, sdumont6166,21123.6
0.0,630,21,265348.0,1040.0,1036.0,265348.0,0.0,0.0,0.0,0.0,4.0,0,0.0,0.0,3n-1m-10th-Cc-lu-mz,sequana_cpu_dev,3,11422894.0,1,10,C,lu-mz,4,4,250,480,320,28,6441.05,2392.86,8833.91,322.05,119.64,441.7,147.23,20.0, sdumont6167,185512.11
0.0,630,21,265348.0,3120.0,1730.666015625,265348.0,0.0,0.0,0.0,0.0,1.0,0,0.0,0.0,3n-1m-10th-Cc-lu-mz,sequana_cpu_dev,3,11422896.0,1,10,C,lu-mz,4,4,250,480,320,28,6442.84,2391.14,8833.97,322.14,119.56,441.7,147.23,20.0, sdumont6167,185513.37
0.0,630,21,265348.0,3168.0,1746.666015625,265348.0,0.0,0.0,0.0,0.0,4.0,0,0.0,0.0,3n-1m-10th-Cc-lu-mz,sequana_cpu_dev,3,11422898.0,1,10,C,lu-mz,4,4,250,480,320,28,6439.41,2391.97,8831.38,321.97,119.6,441.57,147.19,20.0, sdumont6165,185458.97999999998
0.0,252,7,265348.0,3060.0,1709.3330078125,265348.0,0.0,0.0,0.0,0.0,1.0,0,0.0,0.0,3n-1m-12th-Ac-lu-mz,sequana_cpu_dev,3,11422900.0,1,12,A,lu-mz,4,4,250,128,128,16,1450.18,623.98,2074.16,241.7,104.0,345.69,115.23,6.0, sdumont6165,14519.119999999999
0.0,252,7,265348.0,1036.0,1034.666015625,265348.0,0.0,0.0,0.0,0.0,1.0,0,0.0,0.0,3n-1m-12th-Ac-lu-mz,sequana_cpu_dev,3,11422904.0,1,12,A,lu-mz,4,4,250,128,128,16,1463.08,624.59,2087.67,243.85,104.1,347.94,115.98,6.0, sdumont6166,14613.69
0.0,252,7,265348.0,3108.0,1726.666015625,265348.0,0.0,0.0,0.0,0.0,1.0,0,0.0,0.0,3n-1m-12th-Ac-lu-mz,sequana_cpu_dev,3,11422907.0,1,12,A,lu-mz,4,4,250,128,128,16,1446.79,624.29,2071.08,241.13,104.05,345.18,115.06,6.0, sdumont6166,14497.56
0.0,324,9,265348.0,1040.0,1037.3330078125,265348.0,0.0,0.0,0.0,0.0,1.0,0,0.0,0.0,3n-1m-12th-Bc-lu-mz,sequana_cpu_dev,3,11422910.0,1,12,B,lu-mz,4,4,250,304,208,17,2119.62,865.54,2985.16,264.95,108.19,373.15,124.38,8.0, sdumont6165,26866.44
0.0,324,9,265348.0,1036.0,1034.666015625,265348.0,0.0,0.0,0.0,0.0,1.0,0,0.0,0.0,3n-1m-12th-Bc-lu-mz,sequana_cpu_dev,3,11422912.0,1,12,B,lu-mz,4,4,250,304,208,17,2254.71,903.14,3157.85,322.1,129.02,451.12,150.37,7.0, sdumont6166,28420.649999999998
0.0,324,9,265348.0,3060.0,1710.666015625,265348.0,0.0,0.0,0.0,0.0,1.0,0,0.0,0.0,3n-1m-12th-Bc-lu-mz,sequana_cpu_dev,3,11422916.0,1,12,B,lu-mz,4,4,250,304,208,17,2255.18,869.35,3124.53,295.03,113.49,408.52,136.17,7.67, sdumont6166,28120.77
0.0,720,20,265348.0,1040.0,1038.666015625,265348.0,0.0,0.0,0.0,0.0,3.0,0,0.0,0.0,3n-1m-12th-Cc-lu-mz,sequana_cpu_dev,3,11422920.0,1,12,C,lu-mz,4,4,250,480,320,28,6594.0,2372.75,8966.75,347.05,124.88,471.93,157.31,19.0, sdumont6165,179335.0
0.0,756,21,265348.0,1040.0,1038.666015625,265348.0,0.0,0.0,0.0,0.0,1.0,0,0.0,0.0,3n-1m-12th-Cc-lu-mz,sequana_cpu_dev,3,11422921.0,1,12,C,lu-mz,4,4,250,480,320,28,6610.21,2379.78,8989.98,330.51,118.99,449.5,149.83,20.0, sdumont6166,188789.58
0.0,756,21,265348.0,1036.0,1034.666015625,265348.0,0.0,0.0,0.0,0.0,1.0,0,0.0,0.0,3n-1m-12th-Cc-lu-mz,sequana_cpu_dev,3,11422923.0,1,12,C,lu-mz,4,4,250,480,320,28,6577.73,2373.74,8951.47,328.89,118.69,447.57,149.19,20.0, sdumont6166,187980.87
0.0,294,7,265348.0,3076.0,1716.0,265348.0,0.0,0.0,0.0,0.0,1.0,0,0.0,0.0,3n-1m-14th-Ac-lu-mz,sequana_cpu_dev,3,11422926.0,1,14,A,lu-mz,4,4,250,128,128,16,1504.82,622.59,2127.41,250.8,103.77,354.57,118.19,6.0, sdumont6165,14891.869999999999
0.0,294,7,265348.0,1036.0,1036.0,265348.0,0.0,0.0,0.0,0.0,4.0,0,0.0,0.0,3n-1m-14th-Ac-lu-mz,sequana_cpu_dev,3,11422928.0,1,14,A,lu-mz,4,4,250,128,128,16,1507.16,622.71,2129.87,301.43,124.54,425.97,141.99,5.0, sdumont6166,14909.09
0.0,294,7,265348.0,3076.0,1716.0,265348.0,0.0,0.0,0.0,0.0,1.0,0,0.0,0.0,3n-1m-14th-Ac-lu-mz,sequana_cpu_dev,3,11422930.0,1,14,A,lu-mz,4,4,250,128,128,16,1502.19,621.28,2123.47,250.37,103.55,353.91,117.97,6.0, sdumont6167,14864.289999999999
0.0,378,9,265348.0,1040.0,1036.0,265348.0,0.0,0.0,0.0,0.0,1.0,0,0.0,0.0,3n-1m-14th-Bc-lu-mz,sequana_cpu_dev,3,11422932.0,1,14,B,lu-mz,4,4,250,304,208,17,2318.32,875.18,3193.51,289.79,109.4,399.19,133.06,8.0, sdumont6166,28741.590000000004
0.0,378,9,265348.0,3144.0,1737.3330078125,265348.0,0.0,0.0,0.0,0.0,0.0,0,0.0,0.0,3n-1m-14th-Bc-lu-mz,sequana_cpu_dev,3,11422934.0,1,14,B,lu-mz,4,4,250,304,208,17,2329.08,871.4,3200.48,291.14,108.92,400.06,133.35,8.0, sdumont6167,28804.32
0.0,378,9,265348.0,1040.0,1037.3330078125,265348.0,0.0,0.0,0.0,0.0,1.0,0,0.0,0.0,3n-1m-14th-Bc-lu-mz,sequana_cpu_dev,3,11422936.0,1,14,B,lu-mz,4,4,250,304,208,17,2336.11,874.55,3210.66,292.01,109.32,401.33,133.78,8.0, sdumont6166,28895.94
0.0,798,19,265348.0,1040.0,1037.3330078125,265348.0,0.0,0.0,0.0,0.0,1.0,0,0.0,0.0,3n-1m-14th-Cc-lu-mz,sequana_cpu_dev,3,11422939.0,1,14,C,lu-mz,4,4,250,480,320,28,6184.08,2130.93,8315.0,343.56,118.38,461.94,153.98,18.0, sdumont6167,157985.0
0.0,798,19,265348.0,1040.0,1037.3330078125,265348.0,0.0,0.0,0.0,0.0,3.0,0,0.0,0.0,3n-1m-14th-Cc-lu-mz,sequana_cpu_dev,3,11422941.0,1,14,C,lu-mz,4,4,250,480,320,28,6186.09,2104.48,8290.57,357.3,121.69,478.99,159.66,17.33, sdumont6166,157520.83
0.0,798,19,265348.0,1036.0,1036.0,265348.0,0.0,0.0,0.0,0.0,1.0,0,0.0,0.0,3n-1m-14th-Cc-lu-mz,sequana_cpu_dev,3,11422943.0,1,14,C,lu-mz,4,4,250,480,320,28,6180.04,2120.88,8300.92,343.34,117.83,461.16,153.72,18.0, sdumont6165,157717.48
0.0,384,8,265348.0,1040.0,1036.0,265348.0,0.0,0.0,0.0,0.0,1.0,0,0.0,0.0,3n-1m-16th-Ac-lu-mz,sequana_cpu_dev,3,11422945.0,1,16,A,lu-mz,4,4,250,128,128,16,1828.54,743.89,2572.43,261.22,106.27,367.49,122.5,7.0, sdumont6166,20579.44
0.0,384,8,265348.0,1040.0,1036.0,265348.0,0.0,0.0,0.0,0.0,1.0,0,0.0,0.0,3n-1m-16th-Ac-lu-mz,sequana_cpu_dev,3,11422947.0,1,16,A,lu-mz,4,4,250,128,128,16,1823.39,747.86,2571.25,260.48,106.84,367.32,122.44,7.0, sdumont6165,20570.0
0.0,384,8,265348.0,1036.0,1034.666015625,265348.0,0.0,0.0,0.0,0.0,1.0,0,0.0,0.0,3n-1m-16th-Ac-lu-mz,sequana_cpu_dev,3,11422948.0,1,16,A,lu-mz,4,4,250,128,128,16,1833.52,752.52,2586.05,261.93,107.5,369.44,123.15,7.0, sdumont6166,20688.4
0.0,480,10,265348.0,1036.0,1034.666015625,265348.0,0.0,0.0,0.0,0.0,1.0,0,0.0,0.0,3n-1m-16th-Bc-lu-mz,sequana_cpu_dev,3,11422951.0,1,16,B,lu-mz,4,4,250,304,208,17,2713.29,1002.36,3715.65,301.48,111.37,412.85,137.62,9.0, sdumont6166,37156.5
0.0,480,10,265348.0,3144.0,1736.0,265348.0,0.0,0.0,0.0,0.0,1.0,0,0.0,0.0,3n-1m-16th-Bc-lu-mz,sequana_cpu_dev,3,11422953.0,1,16,B,lu-mz,4,4,250,304,208,17,2692.95,994.98,3687.92,299.22,110.55,409.77,136.59,9.0, sdumont6167,36879.2
0.0,480,10,265348.0,1040.0,1037.3330078125,265348.0,0.0,0.0,0.0,0.0,1.0,0,0.0,0.0,3n-1m-16th-Bc-lu-mz,sequana_cpu_dev,3,11422955.0,1,16,B,lu-mz,4,4,250,304,208,17,2691.27,998.61,3689.87,299.03,110.96,409.99,136.66,9.0, sdumont6166,36898.7
0.0,912,19,265348.0,3052.0,1710.666015625,265348.0,0.0,0.0,0.0,0.0,1.0,0,0.0,0.0,3n-1m-16th-Cc-lu-mz,sequana_cpu_dev,3,11422957.0,1,16,C,lu-mz,4,4,250,480,320,28,6192.63,2116.63,8309.26,344.04,117.59,461.63,153.88,18.0, sdumont6166,157875.94
0.0,912,19,265348.0,1036.0,1034.666015625,265348.0,0.0,0.0,0.0,0.0,1.0,0,0.0,0.0,3n-1m-16th-Cc-lu-mz,sequana_cpu_dev,3,11422960.0,1,16,C,lu-mz,4,4,250,480,320,28,6189.59,2116.74,8306.33,343.87,117.6,461.46,153.82,18.0, sdumont6167,157820.27
0.0,912,19,265348.0,1040.0,1037.3330078125,265348.0,0.0,0.0,0.0,0.0,1.0,0,0.0,0.0,3n-1m-16th-Cc-lu-mz,sequana_cpu_dev,3,11422962.0,1,16,C,lu-mz,4,4,250,480,320,28,6182.84,2117.16,8300.0,343.49,117.62,461.11,153.7,18.0, sdumont6167,157700.0
0.0,486,9,265348.0,1040.0,1036.0,265348.0,0.0,0.0,0.0,0.0,4.0,0,0.0,0.0,3n-1m-18th-Ac-lu-mz,sequana_cpu_dev,3,11422963.0,1,18,A,lu-mz,4,4,250,128,128,16,2204.66,872.44,3077.1,275.58,109.06,384.64,128.21,8.0, sdumont6165,27693.899999999998
0.0,486,9,265348.0,1036.0,1036.0,265348.0,0.0,0.0,0.0,0.0,1.0,0,0.0,0.0,3n-1m-18th-Ac-lu-mz,sequana_cpu_dev,3,11422966.0,1,18,A,lu-mz,4,4,250,128,128,16,2213.62,873.17,3086.78,276.7,109.15,385.85,128.62,8.0, sdumont6167,27781.02
0.0,486,9,265348.0,3172.0,1748.0,265348.0,0.0,0.0,0.0,0.0,1.0,0,0.0,0.0,3n-1m-18th-Ac-lu-mz,sequana_cpu_dev,3,11422969.0,1,18,A,lu-mz,4,4,250,128,128,16,2216.25,869.73,3085.99,277.03,108.72,385.75,128.58,8.0, sdumont6165,27773.909999999996
0.0,486,9,265348.0,1036.0,1033.3330078125,265348.0,0.0,0.0,0.0,0.0,1.0,0,0.0,0.0,3n-1m-18th-Bc-lu-mz,sequana_cpu_dev,3,11422971.0,1,18,B,lu-mz,4,4,250,304,208,17,2704.89,1003.36,3708.25,300.54,111.48,412.03,137.34,9.0, sdumont6166,33374.25
0.0,486,9,265348.0,1036.0,1034.666015625,265348.0,0.0,0.0,0.0,0.0,1.0,0,0.0,0.0,3n-1m-18th-Bc-lu-mz,sequana_cpu_dev,3,11422973.0,1,18,B,lu-mz,4,4,250,304,208,17,2715.79,989.59,3705.38,301.75,109.95,411.71,137.24,9.0, sdumont6167,33348.42
0.0,540,10,265348.0,1036.0,1034.666015625,265348.0,0.0,0.0,0.0,0.0,1.0,0,0.0,0.0,3n-1m-18th-Bc-lu-mz,sequana_cpu_dev,3,11422974.0,1,18,B,lu-mz,4,4,250,304,208,17,2713.76,999.81,3713.58,301.53,111.09,412.62,137.54,9.0, sdumont6167,37135.8
0.0,1080,20,265348.0,1036.0,1034.666015625,265348.0,0.0,0.0,0.0,0.0,1.0,0,0.0,0.0,3n-1m-18th-Cc-lu-mz,sequana_cpu_dev,3,11422977.0,1,18,C,lu-mz,4,4,250,480,320,28,6723.75,2247.97,8971.72,353.88,118.31,472.2,157.4,19.0, sdumont6165,179434.4
0.0,1080,20,265348.0,1040.0,1036.0,265348.0,0.0,0.0,0.0,0.0,1.0,0,0.0,0.0,3n-1m-18th-Cc-lu-mz,sequana_cpu_dev,3,11422979.0,1,18,C,lu-mz,4,4,250,480,320,28,6714.35,2244.01,8958.35,353.39,118.11,471.49,157.16,19.0, sdumont6167,179167.0
0.0,1080,20,265348.0,1040.0,1036.0,265348.0,0.0,0.0,0.0,0.0,4.0,0,0.0,0.0,3n-1m-18th-Cc-lu-mz,sequana_cpu_dev,3,11422981.0,1,18,C,lu-mz,4,4,250,480,320,28,6746.86,2236.3,8983.17,355.1,117.7,472.8,157.6,19.0, sdumont6165,179663.4
0.0,600,10,265348.0,1040.0,1037.3330078125,265348.0,0.0,0.0,0.0,0.0,4.0,0,0.0,0.0,3n-1m-20th-Ac-lu-mz,sequana_cpu_dev,3,11422983.0,1,20,A,lu-mz,4,4,250,128,128,16,2560.13,998.65,3558.78,284.46,110.96,395.42,131.81,9.0, sdumont6165,35587.8
0.0,600,10,265348.0,3140.0,1734.666015625,265348.0,0.0,0.0,0.0,0.0,0.0,0,0.0,0.0,3n-1m-20th-Ac-lu-mz,sequana_cpu_dev,3,11422985.0,1,20,A,lu-mz,4,4,250,128,128,16,2562.32,1003.01,3565.33,320.29,125.38,445.67,148.56,8.0, sdumont6165,35653.3
0.0,600,10,265348.0,3124.0,1732.0,265348.0,0.0,0.0,0.0,0.0,1.0,0,0.0,0.0,3n-1m-20th-Ac-lu-mz,sequana_cpu_dev,3,11422987.0,1,20,A,lu-mz,4,4,250,128,128,16,2552.36,996.61,3548.97,283.6,110.73,394.33,131.44,9.0, sdumont6167,35489.7
0.0,660,11,265348.0,3120.0,1730.666015625,265348.0,0.0,0.0,0.0,0.0,3.0,0,0.0,0.0,3n-1m-20th-Bc-lu-mz,sequana_cpu_dev,3,11422989.0,1,20,B,lu-mz,4,4,250,304,208,17,3166.64,1165.89,4332.53,316.66,116.59,433.25,144.42,10.0, sdumont6167,47657.829999999994
0.0,660,11,265348.0,1040.0,1034.666015625,265348.0,0.0,0.0,0.0,0.0,1.0,0,0.0,0.0,3n-1m-20th-Bc-lu-mz,sequana_cpu_dev,3,11422990.0,1,20,B,lu-mz,4,4,250,304,208,17,3161.72,1161.29,4323.01,316.17,116.13,432.3,144.1,10.0, sdumont6166,47553.11
0.0,660,11,265348.0,1040.0,1036.0,265348.0,0.0,0.0,0.0,0.0,1.0,0,0.0,0.0,3n-1m-20th-Bc-lu-mz,sequana_cpu_dev,3,11422993.0,1,20,B,lu-mz,4,4,250,304,208,17,3171.13,1160.56,4331.69,317.11,116.06,433.17,144.39,10.0, sdumont6165,47648.59
0.0,1320,22,265348.0,3148.0,1737.3330078125,265348.0,0.0,0.0,0.0,0.0,1.0,0,0.0,0.0,3n-1m-20th-Cc-lu-mz,sequana_cpu_dev,3,11422995.0,1,20,C,lu-mz,4,4,250,480,320,28,7219.44,2493.22,9712.66,343.78,118.72,462.51,154.17,21.0, sdumont6166,213678.52
0.0,1320,22,265348.0,3060.0,2385.3330078125,265348.0,0.0,0.0,0.0,0.0,1.0,0,0.0,0.0,3n-1m-20th-Cc-lu-mz,sequana_cpu_dev,3,11422997.0,1,20,C,lu-mz,4,4,250,480,320,28,7229.52,2489.18,9718.7,344.26,118.53,462.8,154.27,21.0, sdumont6167,213811.40000000002
0.0,1320,22,265348.0,3132.0,1733.3330078125,265348.0,0.0,0.0,0.0,0.0,1.0,0,0.0,0.0,3n-1m-20th-Cc-lu-mz,sequana_cpu_dev,3,11422999.0,1,20,C,lu-mz,4,4,250,480,320,28,7214.95,2484.96,9699.9,343.57,118.33,461.9,153.97,21.0, sdumont6165,213397.8
0.0,792,12,265348.0,3144.0,3084.0,265348.0,0.0,0.0,0.0,0.0,1.0,0,0.0,0.0,3n-1m-22th-Ac-lu-mz,sequana_cpu_dev,3,11423001.0,1,22,A,lu-mz,4,4,250,128,128,16,3243.25,1273.67,4516.92,294.84,115.79,410.63,136.88,11.0, sdumont6166,54203.04
0.0,858,13,265348.0,3116.0,3076.0,265348.0,0.0,0.0,0.0,0.0,1.0,0,0.0,0.0,3n-1m-22th-Ac-lu-mz,sequana_cpu_dev,3,11423004.0,1,22,A,lu-mz,4,4,250,128,128,16,3290.6,1277.65,4568.25,299.15,116.15,415.3,138.43,11.0, sdumont6167,59387.25
0.0,792,12,265348.0,3144.0,2410.666015625,265348.0,0.0,0.0,0.0,0.0,1.0,0,0.0,0.0,3n-1m-22th-Ac-lu-mz,sequana_cpu_dev,3,11423006.0,1,22,A,lu-mz,4,4,250,128,128,16,3294.88,1279.54,4574.42,329.49,127.95,457.44,152.48,10.0, sdumont6168,54893.04
0.0,924,14,265348.0,1040.0,1037.3330078125,265348.0,0.0,0.0,0.0,0.0,1.0,0,0.0,0.0,3n-1m-22th-Bc-lu-mz,sequana_cpu_dev,3,11423008.0,1,22,B,lu-mz,4,4,250,304,208,17,4172.92,1531.58,5704.5,347.74,127.63,475.38,158.46,12.0, sdumont6169,79863.0
0.0,924,14,265348.0,1036.0,1034.666015625,265348.0,0.0,0.0,0.0,0.0,1.0,0,0.0,0.0,3n-1m-22th-Bc-lu-mz,sequana_cpu_dev,3,11423009.0,1,22,B,lu-mz,4,4,250,304,208,17,4130.03,1494.58,5624.6,317.69,114.97,432.66,144.22,13.0, sdumont6166,78744.40000000001
0.0,924,14,265348.0,3084.0,1717.3330078125,265348.0,0.0,0.0,0.0,0.0,1.0,0,0.0,0.0,3n-1m-22th-Bc-lu-mz,sequana_cpu_dev,3,11423012.0,1,22,B,lu-mz,4,4,250,304,208,17,4167.85,1537.86,5705.71,347.32,128.16,475.48,158.49,12.0, sdumont6167,79879.94
0.0,1650,25,265348.0,3096.0,1724.0,265348.0,0.0,0.0,0.0,0.0,1.0,0,0.0,0.0,3n-1m-22th-Cc-lu-mz,sequana_cpu_dev,3,11423014.0,1,22,C,lu-mz,4,4,250,480,320,28,8009.37,2808.92,10818.29,348.23,122.13,470.36,156.79,23.0, sdumont6168,270457.25
0.0,1650,25,265348.0,3088.0,1718.666015625,265348.0,0.0,0.0,0.0,0.0,1.0,0,0.0,0.0,3n-1m-22th-Cc-lu-mz,sequana_cpu_dev,3,11423016.0,1,22,C,lu-mz,4,4,250,480,320,28,8370.12,2946.55,11316.67,363.92,128.11,492.03,164.01,23.0, sdumont6168,282916.75
0.0,1650,25,265348.0,1040.0,1037.3330078125,265348.0,0.0,0.0,0.0,0.0,1.0,0,0.0,0.0,3n-1m-22th-Cc-lu-mz,sequana_cpu_dev,3,11423017.0,1,22,C,lu-mz,4,4,250,480,320,28,7922.23,2743.41,10665.64,344.44,119.28,463.72,154.57,23.0, sdumont6165,266641.0
0.0,864,12,265348.0,1040.0,1037.3330078125,265348.0,0.0,0.0,0.0,0.0,1.0,0,0.0,0.0,3n-1m-24th-Ac-lu-mz,sequana_cpu_dev,3,11423020.0,1,24,A,lu-mz,4,4,250,128,128,16,3098.01,1191.37,4289.39,309.8,119.14,428.94,142.98,10.0, sdumont6169,51472.68000000001
0.0,864,12,265348.0,3112.0,1726.666015625,265348.0,0.0,0.0,0.0,0.0,1.0,0,0.0,0.0,3n-1m-24th-Ac-lu-mz,sequana_cpu_dev,3,11423022.0,1,24,A,lu-mz,4,4,250,128,128,16,3114.41,1183.48,4297.89,346.05,131.5,477.54,159.18,9.0, sdumont6168,51574.68000000001
0.0,792,11,265348.0,3224.0,1765.3330078125,265348.0,0.0,0.0,0.0,0.0,1.0,0,0.0,0.0,3n-1m-24th-Ac-lu-mz,sequana_cpu_dev,3,11423024.0,1,24,A,lu-mz,4,4,250,128,128,16,3120.23,1184.12,4304.35,346.69,131.57,478.26,159.42,9.0, sdumont6169,47347.850000000006
0.0,1008,14,265348.0,1036.0,1034.666015625,265348.0,0.0,0.0,0.0,0.0,1.0,0,0.0,0.0,3n-1m-24th-Bc-lu-mz,sequana_cpu_dev,3,11423025.0,1,24,B,lu-mz,4,4,250,304,208,17,4335.56,1536.31,5871.86,333.5,118.18,451.68,150.56,13.0, sdumont6166,82206.04
0.0,1008,14,265348.0,3156.0,1742.666015625,265348.0,0.0,0.0,0.0,0.0,2.0,0,0.0,0.0,3n-1m-24th-Bc-lu-mz,sequana_cpu_dev,3,11423028.0,1,24,B,lu-mz,4,4,250,304,208,17,4348.47,1557.35,5905.81,362.37,129.78,492.15,164.05,12.0, sdumont6169,82681.34000000001
0.0,936,13,265348.0,1040.0,1037.3330078125,265348.0,0.0,0.0,0.0,0.0,3.0,0,0.0,0.0,3n-1m-24th-Bc-lu-mz,sequana_cpu_dev,3,11423030.0,1,24,B,lu-mz,4,4,250,304,208,17,4318.59,1548.73,5867.33,359.88,129.06,488.94,162.98,12.0, sdumont6168,76275.29
0.0,1800,25,265348.0,3236.0,2485.3330078125,265348.0,0.0,0.0,0.0,0.0,0.0,0,0.0,0.0,3n-1m-24th-Cc-lu-mz,sequana_cpu_dev,3,11423032.0,1,24,C,lu-mz,4,4,250,480,320,28,8333.59,2849.93,11183.52,362.33,123.91,486.24,162.08,23.0, sdumont6167,279588.0
0.0,1728,24,265348.0,1040.0,1036.0,265348.0,0.0,0.0,0.0,0.0,1.0,0,0.0,0.0,3n-1m-24th-Cc-lu-mz,sequana_cpu_dev,3,11423033.0,1,24,C,lu-mz,4,4,250,480,320,28,8302.89,2804.63,11107.52,361.0,121.94,482.94,160.98,23.0, sdumont6165,266580.48
0.0,1800,25,265348.0,3112.0,1729.3330078125,265348.0,0.0,0.0,0.0,0.0,1.0,0,0.0,0.0,3n-1m-24th-Cc-lu-mz,sequana_cpu_dev,3,11423036.0,1,24,C,lu-mz,4,4,250,480,320,28,8342.04,2842.86,11184.9,362.7,123.6,486.3,162.1,23.0, sdumont6168,279622.5
0.0,1014,13,265348.0,3168.0,3150.666015625,265348.0,0.0,0.0,0.0,0.0,1.0,0,0.0,0.0,3n-1m-26th-Ac-lu-mz,sequana_cpu_dev,3,11423038.0,1,26,A,lu-mz,4,4,250,128,128,16,3709.0,1893.72,5602.72,337.18,172.16,509.34,169.78,11.0, sdumont6168,72835.36
0.0,1014,13,265348.0,3168.0,3148.0,265348.0,0.0,0.0,0.0,0.0,1.0,0,0.0,0.0,3n-1m-26th-Ac-lu-mz,sequana_cpu_dev,3,11423040.0,1,26,A,lu-mz,4,4,250,128,128,16,3719.44,1895.88,5615.32,338.13,172.35,510.48,170.16,11.0, sdumont6168,72999.16
0.0,1014,13,265348.0,3236.0,2480.0,265348.0,0.0,0.0,0.0,0.0,1.0,0,0.0,0.0,3n-1m-26th-Ac-lu-mz,sequana_cpu_dev,3,11423041.0,1,26,A,lu-mz,4,4,250,128,128,16,3699.05,1868.61,5567.67,308.25,155.72,463.97,154.66,12.0, sdumont6166,72379.71
0.0,1092,14,265348.0,3132.0,3122.666015625,265348.0,0.0,0.0,0.0,0.0,3.0,0,0.0,0.0,3n-1m-26th-Bc-lu-mz,sequana_cpu_dev,3,11423044.0,1,26,B,lu-mz,4,4,250,304,208,17,4546.49,2234.64,6781.13,349.73,171.9,521.63,173.88,13.0, sdumont6167,94935.82
0.0,1170,15,265348.0,3168.0,3144.0,265348.0,0.0,0.0,0.0,0.0,3.0,0,0.0,0.0,3n-1m-26th-Bc-lu-mz,sequana_cpu_dev,3,11423046.0,1,26,B,lu-mz,4,4,250,304,208,17,4549.6,2259.45,6809.05,349.97,173.8,523.77,174.59,13.0, sdumont6167,102135.75
0.0,1170,15,265348.0,3176.0,3172.0,265348.0,0.0,0.0,0.0,0.0,1.0,0,0.0,0.0,3n-1m-26th-Bc-lu-mz,sequana_cpu_dev,3,11423048.0,1,26,B,lu-mz,4,4,250,304,208,17,4557.37,2267.58,6824.96,350.57,174.43,525.0,175.0,13.0, sdumont6169,102374.4
0.0,2184,28,265348.0,3212.0,3165.3330078125,265348.0,0.0,0.0,0.0,0.0,1.0,0,0.0,0.0,3n-1m-26th-Cc-lu-mz,sequana_cpu_dev,3,11423050.0,1,26,C,lu-mz,4,4,250,480,320,28,9345.71,4571.62,13917.34,346.14,169.32,515.46,171.82,27.0, sdumont6165,389685.52
0.0,2184,28,265348.0,3180.0,3150.666015625,265348.0,0.0,0.0,0.0,0.0,1.0,0,0.0,0.0,3n-1m-26th-Cc-lu-mz,sequana_cpu_dev,3,11423053.0,1,26,C,lu-mz,4,4,250,480,320,28,9030.19,4433.17,13463.36,347.31,170.51,517.82,172.61,26.0, sdumont6169,376974.08
0.0,2184,28,265348.0,3172.0,2441.3330078125,265348.0,0.0,0.0,0.0,0.0,1.0,0,0.0,0.0,3n-1m-26th-Cc-lu-mz,sequana_cpu_dev,3,11423055.0,1,26,C,lu-mz,4,4,250,480,320,28,9142.25,4496.28,13638.52,346.87,170.66,517.53,172.51,26.33, sdumont6167,381878.56
0.0,1260,15,265348.0,3152.0,3120.0,265348.0,0.0,0.0,0.0,0.0,1.0,0,0.0,0.0,3n-1m-28th-Ac-lu-mz,sequana_cpu_dev,3,11423057.0,1,28,A,lu-mz,4,4,250,128,128,16,4025.78,2395.71,6421.49,326.12,194.32,520.43,173.48,12.33, sdumont6168,96322.34999999999
0.0,1176,14,265348.0,3156.0,2437.3330078125,265348.0,0.0,0.0,0.0,0.0,1.0,0,0.0,0.0,3n-1m-28th-Ac-lu-mz,sequana_cpu_dev,3,11423059.0,1,28,A,lu-mz,4,4,250,128,128,16,4063.26,2409.2,6472.46,338.6,200.77,539.37,179.79,12.0, sdumont6169,90614.44
0.0,1260,15,265348.0,3176.0,3152.0,265348.0,0.0,0.0,0.0,0.0,1.0,0,0.0,0.0,3n-1m-28th-Ac-lu-mz,sequana_cpu_dev,3,11423061.0,1,28,A,lu-mz,4,4,250,128,128,16,4048.86,2402.94,6451.8,311.45,184.84,496.29,165.43,13.0, sdumont6169,96777.0
0.0,1428,17,265348.0,3180.0,3174.666015625,265348.0,0.0,0.0,0.0,0.0,1.0,0,0.0,0.0,3n-1m-28th-Bc-lu-mz,sequana_cpu_dev,3,11423063.0,1,28,B,lu-mz,4,4,250,304,208,17,4876.44,2821.05,7697.49,325.1,188.07,513.17,171.06,15.0, sdumont6167,130857.33
0.0,1428,17,265348.0,3172.0,3137.3330078125,265348.0,0.0,0.0,0.0,0.0,1.0,0,0.0,0.0,3n-1m-28th-Bc-lu-mz,sequana_cpu_dev,3,11423065.0,1,28,B,lu-mz,4,4,250,304,208,17,4881.3,2824.16,7705.46,325.42,188.28,513.7,171.23,15.0, sdumont6167,130992.82
0.0,1428,17,265348.0,3216.0,3170.666015625,265348.0,0.0,0.0,0.0,0.0,1.0,0,0.0,0.0,3n-1m-28th-Bc-lu-mz,sequana_cpu_dev,3,11423067.0,1,28,B,lu-mz,4,4,250,304,208,17,4878.67,2824.84,7703.51,325.24,188.32,513.57,171.19,15.0, sdumont6169,130959.67
0.0,2520,30,265348.0,3144.0,3126.666015625,265348.0,0.0,0.0,0.0,0.0,1.0,0,0.0,0.0,3n-1m-28th-Cc-lu-mz,sequana_cpu_dev,3,11423070.0,1,28,C,lu-mz,4,4,250,480,320,28,9996.16,5718.42,15714.59,357.01,204.23,561.24,187.08,28.0, sdumont6168,471437.7
0.0,2520,30,265348.0,3200.0,3166.666015625,265348.0,0.0,0.0,0.0,0.0,1.0,0,0.0,0.0,3n-1m-28th-Cc-lu-mz,sequana_cpu_dev,3,11423073.0,1,28,C,lu-mz,4,4,250,480,320,28,9984.25,5715.16,15699.41,356.58,204.11,560.69,186.9,28.0, sdumont6167,470982.3
0.0,2520,30,265348.0,3252.0,3212.0,265348.0,0.0,0.0,0.0,0.0,1.0,0,0.0,0.0,3n-1m-28th-Cc-lu-mz,sequana_cpu_dev,3,11423075.0,1,28,C,lu-mz,4,4,250,480,320,28,9956.09,5667.81,15623.9,343.31,195.44,538.76,179.59,29.0, sdumont6167,468717.0
0.0,1350,15,265348.0,3092.0,2396.0,265348.0,0.0,0.0,0.0,0.0,1.0,0,0.0,0.0,3n-1m-30th-Ac-lu-mz,sequana_cpu_dev,3,11423078.0,1,30,A,lu-mz,4,4,250,128,128,16,4351.41,2954.01,7305.42,310.81,211.0,521.82,173.94,14.0, sdumont6167,109581.3
0.0,1440,16,265348.0,3148.0,3105.3330078125,265348.0,0.0,0.0,0.0,0.0,3.0,0,0.0,0.0,3n-1m-30th-Ac-lu-mz,sequana_cpu_dev,3,11423081.0,1,30,A,lu-mz,4,4,250,128,128,16,4680.83,3192.87,7873.69,334.34,228.06,562.41,187.47,14.0, sdumont6168,125979.04
0.0,1440,16,265348.0,3132.0,3100.0,265348.0,0.0,0.0,0.0,0.0,4.0,0,0.0,0.0,3n-1m-30th-Ac-lu-mz,sequana_cpu_dev,3,11423084.0,1,30,A,lu-mz,4,4,250,128,128,16,4368.68,2977.99,7346.68,312.05,212.71,524.76,174.92,14.0, sdumont6167,117546.88
0.0,1620,18,265348.0,3144.0,2438.666015625,265348.0,0.0,0.0,0.0,0.0,1.0,0,0.0,0.0,3n-1m-30th-Bc-lu-mz,sequana_cpu_dev,3,11423086.0,1,30,B,lu-mz,4,4,250,304,208,17,5555.17,3689.28,9244.44,347.2,230.58,577.78,192.59,16.0, sdumont6168,166399.92
0.0,1620,18,265348.0,3148.0,2442.666015625,265348.0,0.0,0.0,0.0,0.0,1.0,0,0.0,0.0,3n-1m-30th-Bc-lu-mz,sequana_cpu_dev,3,11423088.0,1,30,B,lu-mz,4,4,250,304,208,17,5529.42,3648.39,9177.8,325.26,214.61,539.87,179.96,17.0, sdumont6167,165200.4
0.0,1620,18,265348.0,3144.0,3113.3330078125,265348.0,0.0,0.0,0.0,0.0,1.0,0,0.0,0.0,3n-1m-30th-Bc-lu-mz,sequana_cpu_dev,3,11423091.0,1,30,B,lu-mz,4,4,250,304,208,17,5566.3,3683.86,9250.16,347.89,230.24,578.14,192.71,16.0, sdumont6167,166502.88
725.0,2970,33,1510161.3330078125,370532.0,369273.3330078125,1696540.0,1320.96,4218.88,1320.96,4218.88,7.0,0,136.0,149.0,3n-1m-30th-Cc-lu-mz,sequana_cpu_dev,3,11423094.0,1,30,C,lu-mz,4,4,250,480,320,28,10593.13,6945.9,17539.03,331.04,217.06,548.09,182.7,32.0, sdumont6169,578787.99
725.0,2970,33,1488337.3330078125,372188.0,369808.0,1631012.0,1320.96,4218.88,1320.96,4218.88,3.0,0,60.0,70.0,3n-1m-30th-Cc-lu-mz,sequana_cpu_dev,3,11423096.0,1,30,C,lu-mz,4,4,250,480,320,28,10701.5,7013.13,17714.62,345.21,226.23,571.44,190.48,31.0, sdumont6168,584582.46
725.0,2970,33,1488368.0,370632.0,369318.666015625,1631008.0,1320.96,4218.88,1320.96,4218.88,1.0,0,77.0,132.0,3n-1m-30th-Cc-lu-mz,sequana_cpu_dev,3,11423097.0,1,30,C,lu-mz,4,4,250,480,320,28,10877.33,7126.49,18003.82,339.92,222.7,562.62,187.54,32.0, sdumont6166,594126.0599999999
0.0,1824,19,265348.0,3220.0,2493.3330078125,265348.0,0.0,0.0,0.0,0.0,1.0,0,0.0,0.0,3n-1m-32th-Bc-lu-mz,sequana_cpu_dev,3,11423110.0,1,32,B,lu-mz,4,4,250,304,208,17,5856.22,4391.84,10248.06,325.35,243.99,569.34,189.78,18.0, sdumont6166,194713.13999999998
0.0,1824,19,265348.0,3280.0,3237.3330078125,265348.0,0.0,0.0,0.0,0.0,16.0,0,0.0,0.0,3n-1m-32th-Bc-lu-mz,sequana_cpu_dev,3,11423115.0,1,32,B,lu-mz,4,4,250,304,208,17,5840.81,4477.5,10318.31,324.49,248.75,573.24,191.08,18.0, sdumont6168,196047.88999999998
0.0,1920,20,265348.0,3308.0,3249.3330078125,265348.0,0.0,0.0,0.0,0.0,1.0,0,0.0,0.0,3n-1m-32th-Bc-lu-mz,sequana_cpu_dev,3,11423117.0,1,32,B,lu-mz,4,4,250,304,208,17,5867.25,4411.95,10279.2,325.96,245.11,571.07,190.36,18.0, sdumont6169,205584.0
778.0,3456,36,1558016.0,370512.0,369254.666015625,1700652.0,1320.96,4218.88,1320.96,4218.88,1.0,0,51.0,71.0,3n-1m-32th-Cc-lu-mz,sequana_cpu_dev,3,11423119.0,1,32,C,lu-mz,4,4,250,480,320,28,11554.33,8609.49,20163.82,339.83,253.22,593.05,197.68,34.0, sdumont6167,725897.52
775.0,3456,36,1514325.3330078125,370840.0,369436.0,1700652.0,1320.96,4218.88,1320.96,4218.88,1.0,0,94.0,168.0,3n-1m-32th-Cc-lu-mz,sequana_cpu_dev,3,11423122.0,1,32,C,lu-mz,4,4,250,480,320,28,11835.33,8798.97,20634.3,338.15,251.4,589.55,196.52,35.0, sdumont6166,742834.7999999999
778.0,3456,36,1536176.0,370400.0,369226.666015625,1700656.0,1320.96,4218.88,1320.96,4218.88,4.0,0,53.0,62.0,3n-1m-32th-Cc-lu-mz,sequana_cpu_dev,3,11423124.0,1,32,C,lu-mz,4,4,250,480,320,28,11558.24,8609.42,20167.66,339.95,253.22,593.17,197.72,34.0, sdumont6169,726035.76
0.0,2142,21,265348.0,3112.0,3094.666015625,265348.0,0.0,0.0,0.0,0.0,1.0,0,0.0,0.0,3n-1m-34th-Bc-lu-mz,sequana_cpu_dev,3,11423135.0,1,34,B,lu-mz,4,4,250,304,208,17,6401.1,5374.63,11775.73,336.9,282.88,619.78,206.59,19.0, sdumont6168,247290.33
0.0,2142,21,265348.0,3120.0,2422.666015625,265348.0,0.0,0.0,0.0,0.0,4.0,0,0.0,0.0,3n-1m-34th-Bc-lu-mz,sequana_cpu_dev,3,11423137.0,1,34,B,lu-mz,4,4,250,304,208,17,6403.16,5379.49,11782.65,337.01,283.13,620.14,206.71,19.0, sdumont6167,247435.65
0.0,2142,21,265348.0,3148.0,3094.666015625,265348.0,0.0,0.0,0.0,0.0,1.0,0,0.0,0.0,3n-1m-34th-Bc-lu-mz,sequana_cpu_dev,3,11423142.0,1,34,B,lu-mz,4,4,250,304,208,17,6364.93,5319.06,11683.99,318.25,265.95,584.2,194.73,20.0, sdumont6167,245363.79
827.0,4080,40,1540272.0,372564.0,370676.0,1639240.0,1320.96,4218.88,1320.96,4218.88,1.0,0,64.0,86.0,3n-1m-34th-Cc-lu-mz,sequana_cpu_dev,3,11423144.0,1,34,C,lu-mz,4,4,250,480,320,28,12785.54,10629.02,23414.56,327.83,272.54,600.37,200.12,39.0, sdumont6167,936582.4
831.0,3978,39,1562053.3330078125,370660.0,369256.0,1704760.0,1320.96,4218.88,1320.96,4218.88,4.0,0,51.0,65.0,3n-1m-34th-Cc-lu-mz,sequana_cpu_dev,3,11423147.0,1,34,C,lu-mz,4,4,250,480,320,28,12646.94,10551.82,23198.75,341.81,285.18,626.99,209.0,37.0, sdumont6169,904751.25
828.0,4080,40,1562110.666015625,372236.0,370101.3330078125,1704764.0,1320.96,4218.88,1320.96,4218.88,1.0,0,60.0,65.0,3n-1m-34th-Cc-lu-mz,sequana_cpu_dev,3,11423148.0,1,34,C,lu-mz,4,4,250,480,320,28,12803.32,10632.18,23435.5,336.93,279.79,616.72,205.57,38.0, sdumont6165,937420.0
0.0,2376,22,265348.0,3172.0,3152.0,265348.0,0.0,0.0,0.0,0.0,1.0,0,0.0,0.0,3n-1m-36th-Bc-lu-mz,sequana_cpu_dev,3,11423158.0,1,36,B,lu-mz,4,4,250,304,208,17,6477.16,5573.31,12050.48,323.86,278.67,602.52,200.84,20.0, sdumont6167,265110.56
0.0,2376,22,265348.0,3168.0,3158.666015625,265348.0,0.0,0.0,0.0,0.0,1.0,0,0.0,0.0,3n-1m-36th-Bc-lu-mz,sequana_cpu_dev,3,11423159.0,1,36,B,lu-mz,4,4,250,304,208,17,6388.59,5450.3,11838.88,304.22,259.54,563.76,187.92,21.0, sdumont6165,260455.36
0.0,2376,22,265348.0,3184.0,3170.666015625,265348.0,0.0,0.0,0.0,0.0,1.0,0,0.0,0.0,3n-1m-36th-Bc-lu-mz,sequana_cpu_dev,3,11423162.0,1,36,B,lu-mz,4,4,250,304,208,17,6725.49,5745.38,12470.87,320.26,273.59,593.85,197.95,21.0, sdumont6165,274359.14
883.0,4536,42,1566198.666015625,370864.0,370076.0,1708872.0,1320.96,4218.88,1320.96,4218.88,1.0,0,60.0,69.0,3n-1m-36th-Cc-lu-mz,sequana_cpu_dev,3,11423167.0,1,36,C,lu-mz,4,4,250,480,320,28,13631.24,11932.39,25563.63,340.78,298.31,639.09,213.03,40.0, sdumont6167,1073672.46
885.0,4536,42,1544356.0,372108.0,370625.3330078125,1643340.0,1320.96,4218.88,1320.96,4218.88,1.0,0,111.0,180.0,3n-1m-36th-Cc-lu-mz,sequana_cpu_dev,3,11423171.0,1,36,C,lu-mz,4,4,250,480,320,28,13638.61,11949.6,25588.22,340.97,298.74,639.71,213.24,40.0, sdumont6169,1074705.24
883.0,4536,42,1536181.3330078125,406352.0,382993.3330078125,1643336.0,1320.96,4218.88,1320.96,4218.88,1.0,0,101.0,168.0,3n-1m-36th-Cc-lu-mz,sequana_cpu_dev,3,11423173.0,1,36,C,lu-mz,4,4,250,480,320,28,13470.81,11875.55,25346.36,336.77,296.89,633.66,211.22,40.0, sdumont6167,1064547.12
0.0,3306,29,265348.0,3176.0,3130.666015625,265348.0,0.0,0.0,0.0,0.0,23.0,0,0.0,0.0,3n-1m-38th-Bc-lu-mz,sequana_cpu_dev,3,11423189.0,1,38,B,lu-mz,4,4,250,304,208,17,8365.37,7774.98,16140.36,309.83,287.96,597.79,199.26,27.0, sdumont6165,468070.44
0.0,3306,29,265348.0,3156.0,2442.666015625,265348.0,0.0,0.0,0.0,0.0,1.0,0,0.0,0.0,3n-1m-38th-Bc-lu-mz,sequana_cpu_dev,3,11423191.0,1,38,B,lu-mz,4,4,250,304,208,17,8707.01,7830.37,16537.38,322.48,290.01,612.5,204.17,27.0, sdumont6167,479584.02
0.0,3306,29,265348.0,3160.0,1744.0,265348.0,0.0,0.0,0.0,0.0,1.0,0,0.0,0.0,3n-1m-38th-Bc-lu-mz,sequana_cpu_dev,3,11423196.0,1,38,B,lu-mz,4,4,250,304,208,17,9032.77,8104.98,17137.75,334.55,300.18,634.73,211.58,27.0, sdumont6168,496994.75
944.0,6384,56,1529917.3330078125,371560.0,370010.666015625,1712968.0,1310.72,4218.88,1320.96,4218.88,1.0,0,109.0,189.0,3n-1m-38th-Cc-lu-mz,sequana_cpu_dev,3,11423200.0,1,38,C,lu-mz,4,4,250,480,320,28,18160.45,16647.47,34807.92,336.3,308.29,644.59,214.86,54.0, sdumont6167,1949243.52
946.0,6270,55,1622770.666015625,372564.0,371373.3330078125,1935816.0,1310.72,4218.88,1320.96,4218.88,1.0,0,113.0,185.0,3n-1m-38th-Cc-lu-mz,sequana_cpu_dev,3,11423205.0,1,38,C,lu-mz,4,4,250,480,320,28,17747.09,16243.02,33990.11,328.65,300.8,629.45,209.82,54.0, sdumont6165,1869456.05
945.0,6384,56,1526628.0,371740.0,369949.3330078125,1712988.0,1310.72,4218.88,1320.96,4218.88,1.0,0,66.0,76.0,3n-1m-38th-Cc-lu-mz,sequana_cpu_dev,3,11423209.0,1,38,C,lu-mz,4,4,250,480,320,28,18054.44,16524.3,34578.74,328.26,300.44,628.7,209.57,55.0, sdumont6167,1936409.44
0.0,3240,27,265348.0,3156.0,3130.666015625,265348.0,0.0,0.0,0.0,0.0,4.0,0,0.0,0.0,3n-1m-40th-Bc-lu-mz,sequana_cpu_dev,3,11423227.0,1,40,B,lu-mz,4,4,250,304,208,17,8099.57,7781.12,15880.69,323.98,311.24,635.23,211.74,25.0, sdumont6168,428778.63
0.0,3120,26,265348.0,3184.0,3146.666015625,265348.0,0.0,0.0,0.0,0.0,10.0,0,0.0,0.0,3n-1m-40th-Bc-lu-mz,sequana_cpu_dev,3,11423231.0,1,40,B,lu-mz,4,4,250,304,208,17,8021.8,7513.69,15535.48,320.87,300.55,621.42,207.14,25.0, sdumont6168,403922.48
0.0,3360,28,265348.0,3176.0,3153.3330078125,265348.0,0.0,0.0,0.0,0.0,0.0,0,0.0,0.0,3n-1m-40th-Bc-lu-mz,sequana_cpu_dev,3,11423234.0,1,40,B,lu-mz,4,4,250,304,208,17,8081.16,7607.24,15688.4,288.61,271.69,560.3,186.77,28.0, sdumont6168,439275.2
983.0,6000,50,1576321.3330078125,370192.0,369817.3330078125,1722664.0,1310.72,4218.88,1320.96,4218.88,29.0,0,113.0,197.0,3n-1m-40th-Cc-lu-mz,sequana_cpu_dev,3,11423239.0,1,40,C,lu-mz,4,4,250,480,320,28,16036.75,15356.48,31393.23,334.1,319.93,654.03,218.01,48.0, sdumont6169,1569661.5
980.0,6120,51,1574465.3330078125,370508.0,369424.0,1717096.0,1310.72,4218.88,1320.96,4218.88,11.0,0,58.0,66.0,3n-1m-40th-Cc-lu-mz,sequana_cpu_dev,3,11423241.0,1,40,C,lu-mz,4,4,250,480,320,28,16326.87,15644.47,31971.34,333.2,319.27,652.48,217.49,49.0, sdumont6167,1630538.34
981.0,6360,53,1596308.0,370464.0,369224.0,1717092.0,1310.72,4218.88,1320.96,4218.88,1.0,0,59.0,88.0,3n-1m-40th-Cc-lu-mz,sequana_cpu_dev,3,11423248.0,1,40,C,lu-mz,4,4,250,480,320,28,16969.55,16253.33,33222.88,326.34,312.56,638.9,212.97,52.0, sdumont6169,1760812.64
0.0,3276,26,265348.0,3144.0,3093.3330078125,265348.0,0.0,0.0,0.0,0.0,1.0,0,0.0,0.0,3n-1m-42th-Bc-lu-mz,sequana_cpu_dev,3,11423274.0,1,42,B,lu-mz,4,4,250,304,208,17,7716.66,7338.16,15054.83,308.67,293.53,602.19,200.73,25.0, sdumont6167,391425.58
0.0,3276,26,265348.0,3108.0,3085.3330078125,265348.0,0.0,0.0,0.0,0.0,3.0,0,0.0,0.0,3n-1m-42th-Bc-lu-mz,sequana_cpu_dev,3,11423279.0,1,42,B,lu-mz,4,4,250,304,208,17,7700.57,7351.32,15051.9,320.86,306.31,627.16,209.05,24.0, sdumont6167,391349.39999999997
0.0,3276,26,265348.0,3100.0,3085.3330078125,265348.0,0.0,0.0,0.0,0.0,8.0,0,0.0,0.0,3n-1m-42th-Bc-lu-mz,sequana_cpu_dev,3,11423287.0,1,42,B,lu-mz,4,4,250,304,208,17,7983.42,7670.92,15654.34,332.64,319.62,652.26,217.42,24.0, sdumont6168,407012.84
1026.0,6300,50,1622268.0,373096.0,370321.3330078125,1721208.0,1310.72,4218.88,1320.96,4218.88,4.0,0,114.0,186.0,3n-1m-42th-Cc-lu-mz,sequana_cpu_dev,3,11423290.0,1,42,C,lu-mz,4,4,250,480,320,28,15987.97,15561.76,31549.73,326.29,317.59,643.87,214.62,49.0, sdumont6167,1577486.5
1025.0,6300,50,1622249.3330078125,372240.0,370938.666015625,1721212.0,1310.72,4218.88,1320.96,4218.88,1.0,0,58.0,77.0,3n-1m-42th-Cc-lu-mz,sequana_cpu_dev,3,11423294.0,1,42,C,lu-mz,4,4,250,480,320,28,15970.92,15508.39,31479.31,325.94,316.5,642.43,214.14,49.0, sdumont6169,1573965.5
1025.0,6300,50,1549900.0,370816.0,370249.3330078125,1721208.0,1310.72,4218.88,1320.96,4218.88,4.0,0,77.0,89.0,3n-1m-42th-Cc-lu-mz,sequana_cpu_dev,3,11423296.0,1,42,C,lu-mz,4,4,250,480,320,28,15957.6,15548.82,31506.42,325.67,317.32,642.99,214.33,49.0, sdumont6169,1575321.0
0.0,3564,27,265348.0,3176.0,3152.0,265348.0,0.0,0.0,0.0,0.0,1.0,0,0.0,0.0,3n-1m-44th-Bc-lu-mz,sequana_cpu_dev,3,11423311.0,1,44,B,lu-mz,4,4,250,304,208,17,8383.78,8168.31,16552.09,326.49,318.56,645.05,215.02,25.67, sdumont6169,446906.43
0.0,3564,27,265348.0,3092.0,2393.3330078125,265348.0,0.0,0.0,0.0,0.0,1.0,0,0.0,0.0,3n-1m-44th-Bc-lu-mz,sequana_cpu_dev,3,11423312.0,1,44,B,lu-mz,4,4,250,304,208,17,8058.39,7827.28,15885.67,330.94,321.78,652.72,217.57,24.33, sdumont6169,428913.09
0.0,3432,26,265348.0,3088.0,2389.3330078125,265348.0,0.0,0.0,0.0,0.0,1.0,0,0.0,0.0,3n-1m-44th-Bc-lu-mz,sequana_cpu_dev,3,11423318.0,1,44,B,lu-mz,4,4,250,304,208,17,8068.74,7799.24,15867.97,331.35,320.59,651.94,217.31,24.33, sdumont6168,412567.22
1065.0,6996,53,1604516.0,370796.0,369616.0,1725336.0,1310.72,4218.88,1320.96,4218.88,1.0,0,125.0,224.0,3n-1m-44th-Cc-lu-mz,sequana_cpu_dev,3,11423320.0,1,44,C,lu-mz,4,4,250,480,320,28,16905.48,16763.67,33669.15,325.11,322.38,647.48,215.83,52.0, sdumont6169,1784464.9500000002
1073.0,6864,52,1582652.0,371788.0,370081.3330078125,1659788.0,1310.72,4218.88,1320.96,4218.88,1.0,0,92.0,104.0,3n-1m-44th-Cc-lu-mz,sequana_cpu_dev,3,11423323.0,1,44,C,lu-mz,4,4,250,480,320,28,16620.44,16499.41,33119.85,330.04,327.78,657.82,219.27,50.33, sdumont6168,1722232.2
1069.0,7128,54,1604494.666015625,371736.0,370754.666015625,1725320.0,1310.72,4218.88,1320.96,4218.88,1.0,0,86.0,127.0,3n-1m-44th-Cc-lu-mz,sequana_cpu_dev,3,11423326.0,1,44,C,lu-mz,4,4,250,480,320,28,17153.46,16976.9,34130.35,327.6,324.36,651.96,217.32,52.33, sdumont6167,1843038.9
0.0,3864,28,265348.0,3144.0,3109.3330078125,265348.0,0.0,0.0,0.0,0.0,19.0,0,0.0,0.0,3n-1m-46th-Bc-lu-mz,sequana_cpu_dev,3,11423342.0,1,46,B,lu-mz,4,4,250,304,208,17,8438.57,8372.49,16811.06,324.56,322.02,646.58,215.53,26.0, sdumont6167,470709.68000000005
0.0,3864,28,265348.0,3144.0,3117.3330078125,265348.0,0.0,0.0,0.0,0.0,1.0,0,0.0,0.0,3n-1m-46th-Bc-lu-mz,sequana_cpu_dev,3,11423353.0,1,46,B,lu-mz,4,4,250,304,208,17,8715.17,8615.49,17330.66,330.72,327.25,657.96,219.32,26.33, sdumont6167,485258.48
0.0,3864,28,265348.0,3164.0,3133.3330078125,265348.0,0.0,0.0,0.0,0.0,2.0,0,0.0,0.0,3n-1m-46th-Bc-lu-mz,sequana_cpu_dev,3,11423356.0,1,46,B,lu-mz,4,4,250,304,208,17,8388.41,8289.3,16677.72,318.33,314.87,633.2,211.07,26.33, sdumont6167,466976.16000000003
1122.0,7728,56,1644077.3330078125,408640.0,384390.666015625,1729432.0,1310.72,4218.88,1320.96,4218.88,1.0,0,142.0,290.0,3n-1m-46th-Cc-lu-mz,sequana_cpu_dev,3,11423359.0,1,46,C,lu-mz,4,4,250,480,320,28,17945.93,17974.25,35920.18,332.33,332.86,665.19,221.73,54.0, sdumont6168,2011530.08
1124.0,7728,56,1630422.666015625,371788.0,370174.666015625,1729432.0,1310.72,4218.88,1320.96,4218.88,1.0,0,97.0,116.0,3n-1m-46th-Cc-lu-mz,sequana_cpu_dev,3,11423361.0,1,46,C,lu-mz,4,4,250,480,320,28,17929.53,17979.91,35909.44,329.83,330.89,660.72,220.24,54.33, sdumont6167,2010928.6400000001
1121.0,7728,56,1608576.0,371860.0,370222.666015625,1729428.0,1310.72,4218.88,1320.96,4218.88,1.0,0,89.0,108.0,3n-1m-46th-Cc-lu-mz,sequana_cpu_dev,3,11423363.0,1,46,C,lu-mz,4,4,250,480,320,28,17903.76,17976.17,35879.93,329.36,330.82,660.17,220.06,54.33, sdumont6169,2009276.08
0.0,4176,29,265348.0,3172.0,3145.3330078125,265348.0,0.0,0.0,0.0,0.0,1.0,0,0.0,0.0,3n-1m-48th-Bc-lu-mz,sequana_cpu_dev,3,11423371.0,1,48,B,lu-mz,4,4,250,304,208,17,9032.98,9386.26,18419.23,330.25,343.49,673.74,224.58,27.33, sdumont6169,534157.67
0.0,4320,30,265348.0,3160.0,3138.666015625,265348.0,0.0,0.0,0.0,0.0,1.0,0,0.0,0.0,3n-1m-48th-Bc-lu-mz,sequana_cpu_dev,3,11423375.0,1,48,B,lu-mz,4,4,250,304,208,17,9364.67,9665.29,19029.96,330.28,341.21,671.49,223.83,28.33, sdumont6168,570898.7999999999
0.0,4320,30,265348.0,3128.0,1733.3330078125,265348.0,0.0,0.0,0.0,0.0,7.0,0,0.0,0.0,3n-1m-48th-Bc-lu-mz,sequana_cpu_dev,3,11423379.0,1,48,B,lu-mz,4,4,250,304,208,17,8965.62,9334.37,18299.99,316.58,329.69,646.27,215.42,28.33, sdumont6168,548999.7000000001
1173.0,8640,60,1656404.0,372832.0,370837.3330078125,1733532.0,1300.48,4218.88,1310.72,4218.88,17.0,0,121.0,195.0,3n-1m-48th-Cc-lu-mz,sequana_cpu_dev,3,11423385.0,1,48,C,lu-mz,4,4,250,480,320,28,19109.05,20152.67,39261.72,323.88,341.57,665.45,221.82,59.0, sdumont6168,2355703.2
1179.0,8640,60,1562190.666015625,370408.0,369525.3330078125,1649340.0,1310.72,4218.88,1310.72,4218.88,17.0,0,108.0,145.0,3n-1m-48th-Cc-lu-mz,sequana_cpu_dev,3,11423387.0,1,48,C,lu-mz,4,4,250,480,320,28,19140.03,20232.16,39372.19,330.0,348.83,678.83,226.28,58.0, sdumont6167,2362331.4000000004
1170.0,8640,60,1656406.666015625,370996.0,369730.666015625,1733540.0,1300.48,4218.88,1310.72,4218.88,17.0,0,102.0,120.0,3n-1m-48th-Cc-lu-mz,sequana_cpu_dev,3,11423393.0,1,48,C,lu-mz,4,4,250,480,320,28,18742.9,19762.5,38505.4,323.15,340.73,663.89,221.3,58.0, sdumont6167,2310324.0
2.0,48,4,547450.0,144128.0,59199.3330078125,1292860.0,491.52,2109.44,1024.0,4218.88,17.0,0,4.0,25.0,3n-2m-2th-Ac-lu-mz,sequana_cpu_dev,3,11423423.0,2,2,A,lu-mz,4,4,250,128,128,16,390.54,414.67,805.21,130.18,138.22,268.4,89.47,3.0, sdumont6166,3220.84
2.0,48,4,603338.0,143956.0,65938.666015625,1146240.0,501.76,2109.44,1024.0,4218.88,4.0,0,0.0,0.0,3n-2m-2th-Ac-lu-mz,sequana_cpu_dev,3,11423431.0,2,2,A,lu-mz,4,4,250,128,128,16,386.78,410.32,797.09,128.93,136.77,265.7,88.57,3.0, sdumont6167,3188.36
2.0,48,4,453058.0,140636.0,71766.0,641048.0,481.28,2109.44,972.8,4218.88,4.0,0,0.0,0.0,3n-2m-2th-Ac-lu-mz,sequana_cpu_dev,3,11423452.0,2,2,A,lu-mz,4,4,250,128,128,16,388.57,408.19,796.76,129.52,136.06,265.59,88.53,3.0, sdumont6168,3187.04
8.0,132,11,635020.666015625,145832.0,72738.0,1293104.0,532.48,2109.44,1105.92,4218.88,4.0,0,4.0,26.0,3n-2m-2th-Bc-lu-mz,sequana_cpu_dev,3,11423458.0,2,2,B,lu-mz,4,4,250,304,208,17,1501.12,1569.57,3070.68,161.49,168.85,330.33,110.11,9.33, sdumont6168,33777.479999999996
5.0,132,11,567055.3330078125,143252.0,49909.3330078125,1080560.0,532.48,2109.44,1105.92,4218.88,155.0,0,2.0,13.0,3n-2m-2th-Bc-lu-mz,sequana_cpu_dev,3,11423463.0,2,2,B,lu-mz,4,4,250,304,208,17,1433.83,1513.11,2946.94,159.31,168.12,327.44,109.15,9.0, sdumont6169,32416.34
5.0,120,10,568349.3330078125,143416.0,50062.666015625,1080496.0,552.96,2109.44,1116.16,4218.88,116.0,0,0.0,0.0,3n-2m-2th-Bc-lu-mz,sequana_cpu_dev,3,11423466.0,2,2,B,lu-mz,4,4,250,304,208,17,1456.4,1536.58,2992.99,161.82,170.73,332.55,110.85,9.0, sdumont6165,29929.899999999998
63.0,456,38,1022384.0,263128.0,259994.0,1420524.0,1146.88,4218.88,1454.08,4218.88,86.0,0,11.0,23.0,3n-2m-2th-Cc-lu-mz,sequana_cpu_dev,3,11423471.0,2,2,C,lu-mz,4,4,250,480,320,28,6477.84,6834.53,13312.38,175.08,184.72,359.79,119.93,37.0, sdumont6168,505870.43999999994
65.0,444,37,1023353.3330078124,262516.0,259985.3330078125,1426272.0,1136.64,4218.88,1454.08,4218.88,67.0,0,0.0,0.0,3n-2m-2th-Cc-lu-mz,sequana_cpu_dev,3,11423479.0,2,2,C,lu-mz,4,4,250,480,320,28,6560.9,6924.73,13485.63,182.25,192.35,374.6,124.87,36.0, sdumont6168,498968.31
65.0,456,38,1022362.666015625,262780.0,259946.666015625,1420520.0,1126.4,4218.88,1280.0,4218.88,6.0,0,10.0,32.0,3n-2m-2th-Cc-lu-mz,sequana_cpu_dev,3,11423482.0,2,2,C,lu-mz,4,4,250,480,320,28,6776.27,7072.66,13848.92,188.23,196.46,384.69,128.23,36.0, sdumont6168,526258.96
3.0,72,3,721370.666015625,145880.0,73876.666015625,1362488.0,512.0,2109.44,1024.0,4218.88,16.0,0,3.0,19.0,3n-2m-4th-Ac-lu-mz,sequana_cpu_dev,3,11423487.0,2,4,A,lu-mz,4,4,250,128,128,16,401.43,413.99,815.42,200.71,206.99,407.71,135.9,2.0, sdumont6167,2446.2599999999998
3.0,72,3,605485.3330078125,143992.0,66108.666015625,1084868.0,501.76,2109.44,1024.0,4218.88,16.0,0,4.0,18.0,3n-2m-4th-Ac-lu-mz,sequana_cpu_dev,3,11423496.0,2,4,A,lu-mz,4,4,250,128,128,16,404.97,417.67,822.64,202.49,208.84,411.32,137.11,2.0, sdumont6168,2467.92
3.0,96,4,528425.3330078125,145792.0,72728.666015625,1084868.0,491.52,2109.44,1024.0,4218.88,30.0,0,1.0,4.0,3n-2m-4th-Ac-lu-mz,sequana_cpu_dev,3,11423505.0,2,4,A,lu-mz,4,4,250,128,128,16,408.92,422.96,831.88,183.11,187.96,371.06,123.69,2.33, sdumont6167,3327.52
10.0,192,8,534386.666015625,145876.0,45295.3330078125,1297212.0,501.76,2109.44,1085.44,4218.88,1258.0,0,32.0,123.0,3n-2m-4th-Bc-lu-mz,sequana_cpu_dev,3,11423515.0,2,4,B,lu-mz,4,4,250,304,208,17,1255.8,1278.49,2534.28,209.3,213.08,422.38,140.79,6.0, sdumont6168,20274.24
6.0,168,7,513194.0,100336.0,36053.3330078125,885136.0,501.76,2109.44,1054.72,4218.88,4.0,0,0.0,2.0,3n-2m-4th-Bc-lu-mz,sequana_cpu_dev,3,11423531.0,2,4,B,lu-mz,4,4,250,304,208,17,1097.82,1122.59,2220.41,182.97,187.1,370.07,123.36,6.0, sdumont6167,15542.869999999999
3.0,408,17,456118.666015625,99592.0,20167.3330078125,885136.0,542.72,2109.44,1157.12,4218.88,583.0,0,0.0,1.0,3n-2m-4th-Bc-lu-mz,sequana_cpu_dev,3,11423539.0,2,4,B,lu-mz,4,4,250,304,208,17,1328.83,1370.21,2699.05,166.1,171.28,337.38,112.46,8.0, sdumont6166,45883.850000000006
26.0,528,22,480692.666015625,98724.0,35592.0,885136.0,532.48,2109.44,1269.76,4218.88,4.0,0,6.0,21.0,3n-2m-4th-Cc-lu-mz,sequana_cpu_dev,3,11423551.0,2,4,C,lu-mz,4,4,250,480,320,28,4439.76,4560.39,9000.15,211.42,217.16,428.58,142.86,21.0, sdumont6165,198003.3
26.0,528,22,605438.666015625,144020.0,50225.3330078125,1298108.0,634.88,2109.44,1269.76,4218.88,6.0,0,5.0,33.0,3n-2m-4th-Cc-lu-mz,sequana_cpu_dev,3,11423554.0,2,4,C,lu-mz,4,4,250,480,320,28,4590.94,4669.34,9260.29,229.55,233.47,463.01,154.34,20.0, sdumont6167,203726.38
40.0,528,22,550021.3330078125,144408.0,58846.0,1298080.0,532.48,2109.44,1269.76,4218.88,6.0,0,0.0,1.0,3n-2m-4th-Cc-lu-mz,sequana_cpu_dev,3,11423558.0,2,4,C,lu-mz,4,4,250,480,320,28,4443.92,4604.06,9047.99,214.94,222.94,437.88,145.96,20.67, sdumont6168,199055.78
4.0,144,4,537898.666015625,143940.0,58616.0,1088944.0,491.52,2109.44,1024.0,4218.88,6.0,0,5.0,21.0,3n-2m-6th-Ac-lu-mz,sequana_cpu_dev,3,11423561.0,2,6,A,lu-mz,4,4,250,128,128,16,443.29,456.89,900.18,197.74,203.63,401.37,133.79,2.33, sdumont6166,3600.72
3.0,144,4,417597.3330078125,140532.0,42625.3330078125,649140.0,491.52,2109.44,1034.24,4218.88,8.0,0,1.0,5.0,3n-2m-6th-Ac-lu-mz,sequana_cpu_dev,3,11423565.0,2,6,A,lu-mz,4,4,250,128,128,16,432.65,441.88,874.53,193.63,197.78,391.42,130.47,2.33, sdumont6167,3498.12
3.0,144,4,493506.0,101412.0,36198.0,885136.0,491.52,2109.44,1013.76,4218.88,14.0,0,13.0,59.0,3n-2m-6th-Ac-lu-mz,sequana_cpu_dev,3,11423567.0,2,6,A,lu-mz,4,4,250,128,128,16,414.14,432.59,846.73,207.07,216.29,423.36,141.12,2.0, sdumont6165,3386.92
7.0,216,6,424453.3330078125,140432.0,49090.666015625,648884.0,501.76,2109.44,1064.96,4218.88,15.0,0,1.0,3.0,3n-2m-6th-Bc-lu-mz,sequana_cpu_dev,3,11423571.0,2,6,B,lu-mz,4,4,250,304,208,17,948.32,987.9,1936.22,189.66,197.58,387.24,129.08,5.0, sdumont6168,11617.32
7.0,216,6,482057.3330078125,100248.0,36170.0,885612.0,501.76,2109.44,1054.72,4218.88,15.0,0,0.0,4.0,3n-2m-6th-Bc-lu-mz,sequana_cpu_dev,3,11423573.0,2,6,B,lu-mz,4,4,250,304,208,17,945.2,984.69,1929.9,189.04,196.94,385.98,128.66,5.0, sdumont6169,11579.400000000001
8.0,360,10,481396.0,143484.0,42860.0,1219776.0,532.48,2109.44,1126.4,4218.88,1.0,0,0.0,3.0,3n-2m-6th-Bc-lu-mz,sequana_cpu_dev,3,11423582.0,2,6,B,lu-mz,4,4,250,304,208,17,1378.25,1409.76,2788.01,153.14,156.64,309.78,103.26,9.0, sdumont6220,27880.100000000002
28.0,720,20,570049.3330078125,143648.0,50012.666015625,1089524.0,583.68,2109.44,1269.76,4218.88,4.0,0,64.0,381.0,3n-2m-6th-Cc-lu-mz,sequana_cpu_dev,3,11423584.0,2,6,C,lu-mz,4,4,250,480,320,28,3785.81,3893.95,7679.76,199.25,204.94,404.2,134.73,19.0, sdumont6194,153595.2
14.0,576,16,537301.3330078125,143656.0,27271.3330078125,1089532.0,604.16,2109.44,1218.56,4218.88,1.0,0,0.0,3.0,3n-2m-6th-Cc-lu-mz,sequana_cpu_dev,3,11423589.0,2,6,C,lu-mz,4,4,250,480,320,28,3503.93,3575.25,7079.18,245.02,249.52,494.54,164.85,14.33, sdumont6168,113266.88
42.0,576,16,551604.0,144440.0,58578.0,1302224.0,522.24,2109.44,1177.6,4218.88,1.0,0,1.0,3.0,3n-2m-6th-Cc-lu-mz,sequana_cpu_dev,3,11423592.0,2,6,C,lu-mz,4,4,250,480,320,28,3654.65,3689.8,7344.44,243.64,245.99,489.63,163.21,15.0, sdumont6167,117511.04
6.0,192,4,518606.666015625,145756.0,59770.0,1093060.0,491.52,2109.44,1024.0,4218.88,1.0,0,3.0,9.0,3n-2m-8th-Ac-lu-mz,sequana_cpu_dev,3,11423594.0,2,8,A,lu-mz,4,4,250,128,128,16,488.56,495.99,984.56,162.85,165.33,328.19,109.4,3.0, sdumont6168,3938.24
4.0,288,6,527447.3330078125,143704.0,42900.666015625,1305208.0,522.24,2109.44,1085.44,4218.88,1.0,0,2.0,12.0,3n-2m-8th-Ac-lu-mz,sequana_cpu_dev,3,11423596.0,2,8,A,lu-mz,4,4,250,128,128,16,771.51,778.15,1549.66,154.3,155.63,309.93,103.31,5.0, sdumont6168,9297.960000000001
4.0,192,4,418532.0,140228.0,42154.0,652708.0,491.52,2109.44,1034.24,4218.88,1.0,0,8.0,35.0,3n-2m-8th-Ac-lu-mz,sequana_cpu_dev,3,11423598.0,2,8,A,lu-mz,4,4,250,128,128,16,479.82,486.16,965.98,159.94,162.05,321.99,107.33,3.0, sdumont6169,3863.92
13.0,192,4,455855.3330078125,140412.0,58242.666015625,677244.0,481.28,2109.44,972.8,4218.88,1.0,0,9.0,28.0,3n-2m-8th-Bc-lu-mz,sequana_cpu_dev,3,11423602.0,2,8,B,lu-mz,4,4,250,304,208,17,806.29,813.01,1619.3,201.57,203.25,404.82,134.94,4.0, sdumont6167,6477.2
8.0,192,4,464832.666015625,18948.0,8989.3330078125,885136.0,501.76,2109.44,1034.24,4218.88,1.0,0,2.0,10.0,3n-2m-8th-Bc-lu-mz,sequana_cpu_dev,3,11423606.0,2,8,B,lu-mz,4,4,250,304,208,17,812.3,818.97,1631.27,203.08,204.74,407.82,135.94,4.0, sdumont6167,6525.08
9.0,240,5,440826.666015625,140404.0,42574.666015625,784156.0,501.76,2109.44,1064.96,4218.88,0.0,0,2.0,6.0,3n-2m-8th-Bc-lu-mz,sequana_cpu_dev,3,11423608.0,2,8,B,lu-mz,4,4,250,304,208,17,1063.91,1071.45,2135.36,265.98,267.86,533.84,177.95,4.0, sdumont6169,10676.800000000001
30.0,624,13,691086.0,144212.0,50906.666015625,1306160.0,583.68,2109.44,1167.36,4218.88,1.0,0,1.0,6.0,3n-2m-8th-Cc-lu-mz,sequana_cpu_dev,3,11423612.0,2,8,C,lu-mz,4,4,250,480,320,28,3340.11,3367.15,6707.26,278.34,280.6,558.94,186.31,12.0, sdumont6167,87194.38
30.0,672,14,433490.0,100152.0,35498.666015625,676536.0,522.24,2109.44,1177.6,4218.88,1.0,0,1.0,3.0,3n-2m-8th-Cc-lu-mz,sequana_cpu_dev,3,11423613.0,2,8,C,lu-mz,4,4,250,480,320,28,3332.35,3360.25,6692.59,277.7,280.02,557.72,185.91,12.0, sdumont6169,93696.26000000001
45.0,624,13,537959.3330078125,143864.0,56676.666015625,1159180.0,522.24,2109.44,1167.36,4218.88,1.0,0,1.0,6.0,3n-2m-8th-Cc-lu-mz,sequana_cpu_dev,3,11423623.0,2,8,C,lu-mz,4,4,250,480,320,28,3319.88,3351.73,6671.61,276.66,279.31,555.97,185.32,12.0, sdumont6169,86730.93
9.0,240,4,520376.666015625,143824.0,59165.3330078125,1097184.0,491.52,2109.44,1024.0,4218.88,1.0,0,13.0,44.0,3n-2m-10th-Ac-lu-mz,sequana_cpu_dev,3,11423627.0,2,10,A,lu-mz,4,4,250,128,128,16,512.28,519.62,1031.9,170.76,173.21,343.97,114.66,3.0, sdumont6169,4127.6
9.0,240,4,527412.666015625,145676.0,66190.666015625,1097184.0,491.52,2109.44,1013.76,4218.88,1.0,0,7.0,17.0,3n-2m-10th-Ac-lu-mz,sequana_cpu_dev,3,11423630.0,2,10,A,lu-mz,4,4,250,128,128,16,511.43,519.25,1030.68,170.48,173.08,343.56,114.52,3.0, sdumont6168,4122.72
9.0,240,4,545526.666015625,143944.0,72421.3330078125,1162764.0,491.52,2109.44,1024.0,4218.88,1.0,0,8.0,20.0,3n-2m-10th-Ac-lu-mz,sequana_cpu_dev,3,11423633.0,2,10,A,lu-mz,4,4,250,128,128,16,513.85,522.4,1036.25,171.28,174.13,345.42,115.14,3.0, sdumont6169,4145.0
10.0,300,5,564402.666015625,143712.0,50052.666015625,1162568.0,522.24,2109.44,1054.72,4218.88,1.0,0,7.0,28.0,3n-2m-10th-Bc-lu-mz,sequana_cpu_dev,3,11423637.0,2,10,B,lu-mz,4,4,250,304,208,17,895.82,906.5,1802.32,223.95,226.63,450.58,150.19,4.0, sdumont6169,9011.6
15.0,300,5,657768.0,144140.0,65914.0,1309568.0,512.0,2109.44,1044.48,4218.88,1.0,0,6.0,15.0,3n-2m-10th-Bc-lu-mz,sequana_cpu_dev,3,11423641.0,2,10,B,lu-mz,4,4,250,304,208,17,885.37,894.01,1779.38,221.34,223.5,444.85,148.28,4.0, sdumont6169,8896.900000000001
10.0,420,7,611752.666015625,144200.0,43575.3330078125,1309564.0,522.24,2109.44,1075.2,4218.88,1.0,0,4.0,15.0,3n-2m-10th-Bc-lu-mz,sequana_cpu_dev,3,11423649.0,2,10,B,lu-mz,4,4,250,304,208,17,1204.64,1214.18,2418.82,200.77,202.36,403.14,134.38,6.0, sdumont6168,16931.74
49.0,720,12,567506.0,144544.0,59434.666015625,1310276.0,512.0,2109.44,1157.12,4218.88,1.0,0,17.0,52.0,3n-2m-10th-Cc-lu-mz,sequana_cpu_dev,3,11423654.0,2,10,C,lu-mz,4,4,250,480,320,28,3325.9,3365.23,6691.14,302.35,305.93,608.29,202.76,11.0, sdumont6168,80293.68000000001
49.0,720,12,542520.666015625,143932.0,58919.3330078125,1163292.0,512.0,2109.44,1146.88,4218.88,1.0,0,4.0,13.0,3n-2m-10th-Cc-lu-mz,sequana_cpu_dev,3,11423660.0,2,10,C,lu-mz,4,4,250,480,320,28,3339.82,3389.82,6729.64,303.62,308.17,611.79,203.93,11.0, sdumont6168,80755.68000000001
49.0,720,12,567157.3330078125,146200.0,59446.0,1310280.0,512.0,2109.44,1157.12,4218.88,1.0,0,16.0,57.0,3n-2m-10th-Cc-lu-mz,sequana_cpu_dev,3,11423664.0,2,10,C,lu-mz,4,4,250,480,320,28,3310.2,3328.07,6638.27,300.93,302.55,603.48,201.16,11.0, sdumont6167,79659.24
9.0,360,5,539700.666015625,143776.0,42576.0,1494556.0,512.0,2109.44,1054.72,4218.88,1.0,0,14.0,73.0,3n-2m-12th-Ac-lu-mz,sequana_cpu_dev,3,11423670.0,2,12,A,lu-mz,4,4,250,128,128,16,778.83,826.64,1605.47,194.71,206.66,401.37,133.79,4.0, sdumont6167,8027.35
13.0,360,5,499796.666015625,142368.0,65328.666015625,792556.0,491.52,2109.44,972.8,4218.88,1.0,0,10.0,23.0,3n-2m-12th-Ac-lu-mz,sequana_cpu_dev,3,11423676.0,2,12,A,lu-mz,4,4,250,128,128,16,809.68,855.41,1665.08,269.89,285.14,555.03,185.01,3.0, sdumont6168,8325.4
9.0,288,4,618792.666015625,144136.0,50579.3330078125,1297948.0,512.0,2109.44,1044.48,4218.88,8.0,0,8.0,37.0,3n-2m-12th-Ac-lu-mz,sequana_cpu_dev,3,11423685.0,2,12,A,lu-mz,4,4,250,128,128,16,688.35,751.29,1439.63,229.45,250.43,479.88,159.96,3.0, sdumont6168,5758.52
20.0,432,6,512789.3330078125,143572.0,49871.3330078125,1101048.0,501.76,2109.44,1054.72,4218.88,1.0,0,16.0,63.0,3n-2m-12th-Bc-lu-mz,sequana_cpu_dev,3,11423691.0,2,12,B,lu-mz,4,4,250,304,208,17,1205.67,1302.02,2507.69,301.42,325.51,626.92,208.97,4.0, sdumont6168,15046.14
13.0,432,6,436444.0,101224.0,35795.3330078125,751172.0,501.76,2109.44,1064.96,4218.88,1.0,0,9.0,33.0,3n-2m-12th-Bc-lu-mz,sequana_cpu_dev,3,11423697.0,2,12,B,lu-mz,4,4,250,304,208,17,1202.07,1301.85,2503.93,300.52,325.46,625.98,208.66,4.0, sdumont6167,15023.579999999998
13.0,432,6,494560.666015625,143548.0,42690.666015625,1101044.0,512.0,2109.44,1064.96,4218.88,1.0,0,6.0,24.0,3n-2m-12th-Bc-lu-mz,sequana_cpu_dev,3,11423703.0,2,12,B,lu-mz,4,4,250,304,208,17,1185.25,1284.57,2469.82,275.4,299.72,575.12,191.71,4.33, sdumont6166,14818.920000000002
56.0,792,11,568667.3330078125,144696.0,58667.3330078125,1314584.0,512.0,2109.44,1136.64,4218.88,5.0,0,9.0,20.0,3n-2m-12th-Cc-lu-mz,sequana_cpu_dev,3,11423709.0,2,12,C,lu-mz,4,4,250,480,320,28,3041.46,3304.19,6345.64,295.06,320.61,615.67,205.22,10.33, sdumont6167,69802.04000000001
56.0,864,12,555088.0,144088.0,58584.0,1167416.0,512.0,2109.44,1136.64,4218.88,1.0,0,5.0,15.0,3n-2m-12th-Cc-lu-mz,sequana_cpu_dev,3,11423711.0,2,12,C,lu-mz,4,4,250,480,320,28,3134.55,3402.18,6536.73,313.45,340.22,653.67,217.89,10.0, sdumont6166,78440.76
56.0,864,12,740908.666015625,144708.0,73645.3330078125,1314580.0,573.44,2109.44,1136.64,4218.88,2.0,0,8.0,21.0,3n-2m-12th-Cc-lu-mz,sequana_cpu_dev,3,11423715.0,2,12,C,lu-mz,4,4,250,480,320,28,3249.86,3523.64,6773.49,324.99,352.36,677.35,225.78,10.0, sdumont6167,81281.88
11.0,504,6,567309.3330078125,102816.0,36265.3330078125,1258020.0,522.24,2109.44,1075.2,4218.88,4.0,0,52.0,281.0,3n-2m-14th-Ac-lu-mz,sequana_cpu_dev,3,11423718.0,2,14,A,lu-mz,4,4,250,128,128,16,1049.82,1102.05,2151.87,209.96,220.41,430.37,143.46,5.0, sdumont6169,12911.22
16.0,420,5,568274.0,146064.0,59413.3330078125,1170948.0,501.76,2109.44,1034.24,4218.88,5.0,0,22.0,54.0,3n-2m-14th-Ac-lu-mz,sequana_cpu_dev,3,11423723.0,2,14,A,lu-mz,4,4,250,128,128,16,852.07,879.94,1732.01,213.02,219.98,433.0,144.33,4.0, sdumont6168,8660.05
16.0,420,5,683692.666015625,144192.0,66382.0,1383096.0,512.0,2109.44,1044.48,4218.88,1.0,0,13.0,30.0,3n-2m-14th-Ac-lu-mz,sequana_cpu_dev,3,11423733.0,2,14,A,lu-mz,4,4,250,128,128,16,855.67,871.76,1727.43,213.92,217.94,431.86,143.95,4.0, sdumont6167,8637.15
24.0,504,6,673031.3330078125,144176.0,66162.0,1383336.0,512.0,2109.44,1064.96,4218.88,14.0,0,12.0,26.0,3n-2m-14th-Bc-lu-mz,sequana_cpu_dev,3,11423739.0,2,14,B,lu-mz,4,4,250,304,208,17,1249.82,1286.88,2536.7,312.46,321.72,634.17,211.39,4.0, sdumont6167,15220.199999999999
24.0,420,5,603708.0,144328.0,59136.666015625,1383200.0,501.76,2109.44,1054.72,4218.88,13.0,0,15.0,40.0,3n-2m-14th-Bc-lu-mz,sequana_cpu_dev,3,11423742.0,2,14,B,lu-mz,4,4,250,304,208,17,1243.06,1278.65,2521.72,310.77,319.66,630.43,210.14,4.0, sdumont6166,12608.599999999999
24.0,504,6,603294.666015625,144300.0,58693.3330078125,1383340.0,501.76,2109.44,1064.96,4218.88,14.0,0,13.0,34.0,3n-2m-14th-Bc-lu-mz,sequana_cpu_dev,3,11423749.0,2,14,B,lu-mz,4,4,250,304,208,17,1259.07,1295.62,2554.69,314.77,323.91,638.67,212.89,4.0, sdumont6166,15328.14
20.0,924,11,405734.0,141028.0,26693.3330078125,731652.0,552.96,2109.44,1198.08,4229.12,1.0,0,2.0,17.0,3n-2m-14th-Cc-lu-mz,sequana_cpu_dev,3,11423751.0,2,14,C,lu-mz,4,4,250,480,320,28,3079.43,3117.69,6197.12,307.94,311.77,619.71,206.57,10.0, sdumont6168,68168.31999999999
40.0,924,11,518031.3330078125,143992.0,42784.666015625,1171528.0,542.72,2109.44,1146.88,4218.88,1.0,0,5.0,19.0,3n-2m-14th-Cc-lu-mz,sequana_cpu_dev,3,11423753.0,2,14,C,lu-mz,4,4,250,480,320,28,3192.23,3235.08,6427.3,319.22,323.51,642.73,214.24,10.0, sdumont6168,70700.3
61.0,924,11,557359.3330078125,144168.0,59160.666015625,1171536.0,512.0,2109.44,1136.64,4218.88,1.0,0,7.0,17.0,3n-2m-14th-Cc-lu-mz,sequana_cpu_dev,3,11423756.0,2,14,C,lu-mz,4,4,250,480,320,28,3203.39,3249.01,6452.4,320.34,324.9,645.24,215.08,10.0, sdumont6168,70976.4
23.0,384,4,489668.0,103208.0,52197.3330078125,756828.0,491.52,2109.44,983.04,4218.88,1.0,0,14.0,32.0,3n-2m-16th-Ac-lu-mz,sequana_cpu_dev,3,11423758.0,2,16,A,lu-mz,4,4,250,128,128,16,844.89,898.63,1743.52,211.22,224.66,435.88,145.29,4.0, sdumont6169,6974.08
14.0,480,5,653268.0,144040.0,43208.0,1977040.0,512.0,2109.44,1054.72,4218.88,1.0,0,10.0,32.0,3n-2m-16th-Ac-lu-mz,sequana_cpu_dev,3,11423762.0,2,16,A,lu-mz,4,4,250,128,128,16,858.11,913.21,1771.32,214.53,228.3,442.83,147.61,4.0, sdumont6168,8856.6
24.0,384,4,580699.3330078125,145956.0,58817.3330078125,1306188.0,501.76,2109.44,1044.48,4218.88,1.0,0,14.0,39.0,3n-2m-16th-Ac-lu-mz,sequana_cpu_dev,3,11423766.0,2,16,A,lu-mz,4,4,250,128,128,16,845.41,892.63,1738.04,211.35,223.16,434.51,144.84,4.0, sdumont6167,6952.16
30.0,576,6,555703.3330078125,143772.0,65822.0,1174828.0,501.76,2109.44,1054.72,4218.88,1.0,0,17.0,42.0,3n-2m-16th-Bc-lu-mz,sequana_cpu_dev,3,11423771.0,2,16,B,lu-mz,4,4,250,304,208,17,1272.89,1349.18,2622.07,254.58,269.84,524.41,174.8,5.0, sdumont6167,15732.420000000002
20.0,576,6,554515.3330078125,99800.0,35888.0,953748.0,501.76,2109.44,1054.72,4218.88,1.0,0,9.0,29.0,3n-2m-16th-Bc-lu-mz,sequana_cpu_dev,3,11423775.0,2,16,B,lu-mz,4,4,250,304,208,17,1262.39,1339.41,2601.8,252.48,267.88,520.36,173.45,5.0, sdumont6167,15610.800000000001
30.0,576,6,639616.666015625,143868.0,66047.3330078125,1240356.0,512.0,2109.44,1054.72,4218.88,1.0,0,18.0,39.0,3n-2m-16th-Bc-lu-mz,sequana_cpu_dev,3,11423778.0,2,16,B,lu-mz,4,4,250,304,208,17,1269.19,1325.6,2594.78,253.84,265.12,518.96,172.99,5.0, sdumont6165,15568.68
68.0,1056,11,456818.666015625,99596.0,51191.3330078125,692400.0,491.52,2109.44,983.04,4218.88,1.0,0,21.0,69.0,3n-2m-16th-Cc-lu-mz,sequana_cpu_dev,3,11423784.0,2,16,C,lu-mz,4,4,250,480,320,28,3194.9,3379.39,6574.3,319.49,337.94,657.43,219.14,10.0, sdumont6165,72317.3
68.0,1056,11,629022.0,144124.0,66176.0,1175652.0,542.72,2109.44,1136.64,4218.88,1.0,0,13.0,31.0,3n-2m-16th-Cc-lu-mz,sequana_cpu_dev,3,11423789.0,2,16,C,lu-mz,4,4,250,480,320,28,3230.73,3403.25,6633.98,358.97,378.14,737.11,245.7,9.0, sdumont6166,72973.78
45.0,1056,11,519624.0,144288.0,43130.0,1175512.0,552.96,2109.44,1198.08,4229.12,3.0,0,8.0,27.0,3n-2m-16th-Cc-lu-mz,sequana_cpu_dev,3,11423795.0,2,16,C,lu-mz,4,4,250,480,320,28,3230.77,3410.99,6641.75,323.08,341.1,664.18,221.39,10.0, sdumont6167,73059.25
21.0,648,6,501895.3330078125,103748.0,36858.666015625,885136.0,501.76,2109.44,1054.72,4218.88,1.0,0,6.0,21.0,3n-2m-18th-Ac-lu-mz,sequana_cpu_dev,3,11423801.0,2,18,A,lu-mz,4,4,250,128,128,16,1148.46,1207.68,2356.13,287.11,301.92,589.03,196.34,4.0, sdumont6213,14136.78
10.0,756,7,480236.666015625,143824.0,27031.3330078125,1179184.0,532.48,2109.44,1075.2,4218.88,4.0,0,12.0,73.0,3n-2m-18th-Ac-lu-mz,sequana_cpu_dev,3,11423806.0,2,18,A,lu-mz,4,4,250,128,128,16,1099.42,1151.72,2251.13,256.05,268.66,524.7,174.9,4.33, sdumont6168,15757.91
30.0,648,6,466110.666015625,142452.0,58976.0,697448.0,491.52,2109.44,972.8,4218.88,1.0,0,19.0,45.0,3n-2m-18th-Ac-lu-mz,sequana_cpu_dev,3,11423812.0,2,18,A,lu-mz,4,4,250,128,128,16,1151.76,1199.36,2351.11,230.35,239.87,470.22,156.74,5.0, sdumont6169,14106.66
24.0,972,9,627154.666015625,144444.0,50142.0,1522652.0,552.96,2109.44,1116.16,4218.88,0.0,0,17.0,70.0,3n-2m-18th-Bc-lu-mz,sequana_cpu_dev,3,11423821.0,2,18,B,lu-mz,4,4,250,304,208,17,1804.7,1808.11,3612.81,225.59,226.01,451.6,150.53,8.0, sdumont6169,32515.29
37.0,756,7,487986.0,140608.0,58400.666015625,739124.0,491.52,2109.44,983.04,4218.88,1.0,0,15.0,37.0,3n-2m-18th-Bc-lu-mz,sequana_cpu_dev,3,11423823.0,2,18,B,lu-mz,4,4,250,304,208,17,1600.94,1629.14,3230.07,266.82,271.52,538.35,179.45,6.0, sdumont6165,22610.49
24.0,756,7,483543.3330078125,98836.0,35286.0,957036.0,512.0,2109.44,1085.44,4218.88,1.0,0,10.0,33.0,3n-2m-18th-Bc-lu-mz,sequana_cpu_dev,3,11423826.0,2,18,B,lu-mz,4,4,250,304,208,17,1606.09,1626.8,3232.9,304.55,307.46,612.0,204.0,5.33, sdumont6167,22630.3
83.0,1296,12,572372.0,144132.0,58869.3330078125,1179764.0,522.24,2109.44,1157.12,4218.88,1.0,0,16.0,35.0,3n-2m-18th-Cc-lu-mz,sequana_cpu_dev,3,11423833.0,2,18,C,lu-mz,4,4,250,480,320,28,3609.46,3645.3,7254.76,350.49,353.57,704.06,234.69,10.33, sdumont6166,87057.12
54.0,1620,15,617283.3330078125,144812.0,43526.666015625,1326784.0,552.96,2109.44,1187.84,4218.88,1.0,0,13.0,49.0,3n-2m-18th-Cc-lu-mz,sequana_cpu_dev,3,11423837.0,2,18,C,lu-mz,4,4,250,480,320,28,3780.98,3725.91,7506.89,315.08,310.49,625.57,208.52,12.0, sdumont6246,112603.35
82.0,1188,11,477621.3330078125,141000.0,58699.3330078125,698676.0,491.52,2109.44,983.04,4218.88,1.0,0,17.0,43.0,3n-2m-18th-Cc-lu-mz,sequana_cpu_dev,3,11423840.0,2,18,C,lu-mz,4,4,250,480,320,28,3576.11,3605.61,7181.72,357.61,360.56,718.17,239.39,10.0, sdumont6245,78998.92
22.0,720,6,500162.0,143904.0,43135.3330078125,1117768.0,522.24,2109.44,1075.2,4218.88,1.0,0,14.0,42.0,3n-2m-20th-Ac-lu-mz,sequana_cpu_dev,3,11423843.0,2,20,A,lu-mz,4,4,250,128,128,16,1199.51,1253.31,2452.83,299.88,313.33,613.21,204.4,4.0, sdumont6168,14716.98
23.0,1080,9,661938.666015625,145932.0,50889.3330078125,1395360.0,542.72,2109.44,1095.68,4218.88,1.0,0,48.0,252.0,3n-2m-20th-Ac-lu-mz,sequana_cpu_dev,3,11423845.0,2,20,A,lu-mz,4,4,250,128,128,16,1529.34,1579.83,3109.17,254.89,263.31,518.2,172.73,6.0, sdumont6169,27982.53
13.0,840,7,533936.666015625,102120.0,21022.0,885612.0,512.0,2109.44,1064.96,4218.88,1.0,0,5.0,33.0,3n-2m-20th-Ac-lu-mz,sequana_cpu_dev,3,11423848.0,2,20,A,lu-mz,4,4,250,128,128,16,1206.3,1249.85,2456.14,241.26,249.97,491.23,163.74,5.0, sdumont6168,17192.98
30.0,960,8,699536.666015625,101000.0,36335.3330078125,1683168.0,512.0,2109.44,1075.2,4218.88,1.0,0,17.0,60.0,3n-2m-20th-Bc-lu-mz,sequana_cpu_dev,3,11423850.0,2,20,B,lu-mz,4,4,250,304,208,17,1576.02,1663.9,3239.92,262.67,277.32,539.99,180.0,6.0, sdumont6168,25919.36
32.0,840,7,710066.666015625,144428.0,50893.3330078125,1395688.0,542.72,2109.44,1095.68,4218.88,1.0,0,14.0,50.0,3n-2m-20th-Bc-lu-mz,sequana_cpu_dev,3,11423854.0,2,20,B,lu-mz,4,4,250,304,208,17,1907.35,1997.15,3904.51,317.89,332.86,650.75,216.92,6.0, sdumont6169,27331.57
0.0,840,7,359480.0,5248.0,4162.0,453612.0,563.2,2109.44,1146.88,4229.12,1.0,0,0.0,0.0,3n-2m-20th-Bc-lu-mz,sequana_cpu_dev,3,11423855.0,2,20,B,lu-mz,4,4,250,304,208,17,1608.52,1690.49,3299.01,268.09,281.75,549.84,183.28,6.0, sdumont6165,23093.07
60.0,1560,13,509932.666015625,141040.0,43234.0,885148.0,522.24,2109.44,1146.88,4218.88,1.0,0,15.0,50.0,3n-2m-20th-Cc-lu-mz,sequana_cpu_dev,3,11423859.0,2,20,C,lu-mz,4,4,250,480,320,28,3525.97,3703.8,7229.76,320.54,336.71,657.25,219.08,11.0, sdumont6245,93986.88
30.0,1560,13,407720.666015625,141268.0,26276.0,744088.0,552.96,2109.44,1167.36,4218.88,1.0,0,3.0,18.0,3n-2m-20th-Cc-lu-mz,sequana_cpu_dev,3,11423862.0,2,20,C,lu-mz,4,4,250,480,320,28,3516.14,3684.66,7200.81,319.65,334.97,654.62,218.21,11.0, sdumont6168,93610.53
60.0,1560,13,528302.0,141220.0,50001.3330078125,885612.0,522.24,2109.44,1157.12,4218.88,1.0,0,11.0,42.0,3n-2m-20th-Cc-lu-mz,sequana_cpu_dev,3,11423865.0,2,20,C,lu-mz,4,4,250,480,320,28,3537.59,3723.79,7261.38,353.76,372.38,726.14,242.05,10.0, sdumont6168,94397.94
33.0,1056,8,624642.0,146112.0,51101.3330078125,1187428.0,522.24,2109.44,1075.2,4218.88,1.0,0,19.0,90.0,3n-2m-22th-Ac-lu-mz,sequana_cpu_dev,3,11423870.0,2,22,A,lu-mz,4,4,250,128,128,16,1534.85,1540.62,3075.47,255.81,256.77,512.58,170.86,6.0, sdumont6169,24603.76
28.0,924,7,690194.666015625,146056.0,51159.3330078125,1272088.0,512.0,2109.44,1064.96,4218.88,1.0,0,16.0,51.0,3n-2m-22th-Ac-lu-mz,sequana_cpu_dev,3,11423873.0,2,22,A,lu-mz,4,4,250,128,128,16,1229.94,1241.81,2471.74,245.99,248.36,494.35,164.78,5.0, sdumont6245,17302.18
31.0,1056,8,630874.0,144320.0,43959.3330078125,1399580.0,522.24,2109.44,1085.44,4218.88,1.0,0,19.0,66.0,3n-2m-22th-Ac-lu-mz,sequana_cpu_dev,3,11423875.0,2,22,A,lu-mz,4,4,250,128,128,16,1542.61,1541.84,3084.45,257.1,256.97,514.08,171.36,6.0, sdumont6245,24675.6
59.0,1188,9,616199.3330078125,143696.0,65603.3330078125,1449428.0,512.0,2109.44,1095.68,4218.88,1.0,0,21.0,65.0,3n-2m-22th-Bc-lu-mz,sequana_cpu_dev,3,11423878.0,2,22,B,lu-mz,4,4,250,304,208,17,1958.0,1966.67,3924.67,326.33,327.78,654.11,218.04,6.0, sdumont6245,35322.03
35.0,1056,8,442778.666015625,99600.0,35384.0,704076.0,501.76,2109.44,1085.44,4218.88,1.0,0,13.0,41.0,3n-2m-22th-Bc-lu-mz,sequana_cpu_dev,3,11423884.0,2,22,B,lu-mz,4,4,250,304,208,17,1628.55,1646.82,3275.37,271.42,274.47,545.9,181.97,6.0, sdumont6245,26202.96
54.0,1320,10,678535.3330078125,145664.0,66374.666015625,1252816.0,532.48,2109.44,1105.92,4218.88,1.0,0,65.0,303.0,3n-2m-22th-Bc-lu-mz,sequana_cpu_dev,3,11423887.0,2,22,B,lu-mz,4,4,250,304,208,17,1889.1,1894.12,3783.23,236.14,236.77,472.9,157.63,8.0, sdumont6168,37832.3
35.0,1716,13,401184.666015625,99972.0,19818.0,704872.0,552.96,2109.44,1167.36,4218.88,1.0,0,13.0,82.0,3n-2m-22th-Cc-lu-mz,sequana_cpu_dev,3,11423888.0,2,22,C,lu-mz,4,4,250,480,320,28,3596.46,3619.52,7215.98,349.21,350.98,700.19,233.4,10.33, sdumont6166,93807.73999999999
105.0,1716,13,481137.3330078125,141224.0,58245.3330078125,704160.0,491.52,2109.44,983.04,4218.88,1.0,0,21.0,67.0,3n-2m-22th-Cc-lu-mz,sequana_cpu_dev,3,11423890.0,2,22,C,lu-mz,4,4,250,480,320,28,3940.11,3961.12,7901.23,348.64,350.08,698.72,232.91,11.33, sdumont6166,102715.98999999999
38.0,2112,16,442316.0,102088.0,20171.3330078125,885580.0,573.44,2109.44,1228.8,4218.88,0.0,0,11.0,66.0,3n-2m-22th-Cc-lu-mz,sequana_cpu_dev,3,11423896.0,2,22,C,lu-mz,4,4,250,480,320,28,4257.62,4366.64,8624.26,304.12,311.9,616.02,205.34,14.0, sdumont6169,137988.16
58.0,1152,8,497119.3330078125,21520.0,11613.3330078125,751040.0,491.52,2109.44,983.04,4218.88,1.0,0,49.0,128.0,3n-2m-24th-Ac-lu-mz,sequana_cpu_dev,3,11423898.0,2,24,A,lu-mz,4,4,250,128,128,16,1877.06,1979.27,3856.33,312.84,329.88,642.72,214.24,6.0, sdumont6221,30850.64
60.0,1008,7,493770.0,141276.0,58729.3330078125,751812.0,491.52,2109.44,983.04,4218.88,0.0,0,39.0,101.0,3n-2m-24th-Ac-lu-mz,sequana_cpu_dev,3,11423901.0,2,24,A,lu-mz,4,4,250,128,128,16,1916.13,1972.02,3888.15,319.36,328.67,648.03,216.01,6.0, sdumont6165,27217.05
61.0,1152,8,714356.666015625,145380.0,66351.3330078125,1519216.0,522.24,2109.44,1085.44,4218.88,1.0,0,27.0,62.0,3n-2m-24th-Ac-lu-mz,sequana_cpu_dev,3,11423904.0,2,24,A,lu-mz,4,4,250,128,128,16,1913.35,1964.75,3878.1,304.91,311.81,616.72,205.57,6.33, sdumont6167,31024.8
70.0,1296,9,701716.0,140716.0,58386.666015625,1887092.0,491.52,2109.44,983.04,4218.88,0.0,0,48.0,127.0,3n-2m-24th-Bc-lu-mz,sequana_cpu_dev,3,11423909.0,2,24,B,lu-mz,4,4,250,304,208,17,2073.38,2203.33,4276.71,296.2,314.76,610.96,203.65,7.0, sdumont6168,38490.39
70.0,1152,8,497530.0,100092.0,51255.3330078125,774128.0,491.52,2109.44,983.04,4218.88,11.0,0,35.0,83.0,3n-2m-24th-Bc-lu-mz,sequana_cpu_dev,3,11423917.0,2,24,B,lu-mz,4,4,250,304,208,17,2036.87,2085.51,4122.37,290.98,297.93,588.91,196.3,7.0, sdumont6167,32978.96
45.0,1008,7,370407.3330078125,99032.0,19460.666015625,707440.0,522.24,2109.44,1157.12,4218.88,36.0,0,17.0,62.0,3n-2m-24th-Bc-lu-mz,sequana_cpu_dev,3,11423930.0,2,24,B,lu-mz,4,4,250,304,208,17,2043.79,2091.09,4134.88,291.97,298.73,590.7,196.9,7.0, sdumont6166,28944.16
136.0,2160,15,637325.3330078125,146416.0,66798.666015625,1192128.0,563.2,2109.44,1208.32,4218.88,37.0,0,28.0,62.0,3n-2m-24th-Cc-lu-mz,sequana_cpu_dev,3,11423932.0,2,24,C,lu-mz,4,4,250,480,320,28,4728.09,4794.76,9522.84,363.7,368.83,732.53,244.18,13.0, sdumont6165,142842.6
134.0,2160,15,547965.3330078125,144504.0,50901.3330078125,1192112.0,532.48,2109.44,1208.32,4218.88,36.0,0,26.0,59.0,3n-2m-24th-Cc-lu-mz,sequana_cpu_dev,3,11423935.0,2,24,C,lu-mz,4,4,250,480,320,28,4744.4,4804.94,9549.34,338.89,343.21,682.1,227.37,14.0, sdumont6167,143240.1
90.0,2160,15,433631.3330078125,100796.0,35726.666015625,709480.0,532.48,2109.44,1259.52,4229.12,36.0,0,18.0,68.0,3n-2m-24th-Cc-lu-mz,sequana_cpu_dev,3,11423937.0,2,24,C,lu-mz,4,4,250,480,320,28,4604.43,4677.77,9282.2,354.19,359.83,714.02,238.01,13.0, sdumont6165,139233.0
0.0,32,4,265348.0,3192.0,3154.0,265348.0,0.0,0.0,0.0,0.0,4.0,0,0.0,0.0,4n-1m-2th-Ac-lu-mz,sequana_cpu_dev,4,11423939.0,1,2,A,lu-mz,4,4,250,128,128,16,517.17,386.66,903.83,172.39,128.89,301.28,75.32,3.0, sdumont6168,3615.32
0.0,32,4,265348.0,3248.0,3156.0,265348.0,0.0,0.0,0.0,0.0,4.0,0,0.0,0.0,4n-1m-2th-Ac-lu-mz,sequana_cpu_dev,4,11423941.0,1,2,A,lu-mz,4,4,250,128,128,16,523.77,390.86,914.63,174.59,130.29,304.88,76.22,3.0, sdumont6166,3658.52
0.0,32,4,265348.0,3244.0,3161.0,265348.0,0.0,0.0,0.0,0.0,4.0,0,0.0,0.0,4n-1m-2th-Ac-lu-mz,sequana_cpu_dev,4,11423943.0,1,2,A,lu-mz,4,4,250,128,128,16,533.33,396.74,930.07,177.78,132.25,310.02,77.51,3.0, sdumont6168,3720.28
0.0,104,13,265348.0,3188.0,3167.0,265348.0,0.0,0.0,0.0,0.0,3.0,0,0.0,0.0,4n-1m-2th-Bc-lu-mz,sequana_cpu_dev,4,11423947.0,1,2,B,lu-mz,4,4,250,304,208,17,2979.38,2020.44,4999.82,248.28,168.37,416.65,104.16,12.0, sdumont6165,64997.659999999996
0.0,104,13,265348.0,3212.0,3176.0,265348.0,0.0,0.0,0.0,0.0,9.0,0,0.0,0.0,4n-1m-2th-Bc-lu-mz,sequana_cpu_dev,4,11423950.0,1,2,B,lu-mz,4,4,250,304,208,17,2989.6,2015.3,5004.9,249.13,167.94,417.07,104.27,12.0, sdumont6167,65063.7
0.0,112,14,265348.0,3224.0,3175.0,265348.0,0.0,0.0,0.0,0.0,9.0,0,0.0,0.0,4n-1m-2th-Bc-lu-mz,sequana_cpu_dev,4,11423952.0,1,2,B,lu-mz,4,4,250,304,208,17,2991.89,2005.34,4997.22,249.32,167.11,416.44,104.11,12.0, sdumont6165,69961.08
58.0,432,54,1292387.0,314644.0,313293.0,1451868.0,1239.04,4208.64,1239.04,4208.64,9.0,0,21.0,43.0,4n-1m-2th-Cc-lu-mz,sequana_cpu_dev,4,11423954.0,1,2,C,lu-mz,4,4,250,480,320,28,13125.25,8634.42,21759.67,247.65,162.91,410.56,102.64,53.0, sdumont6167,1175022.18
50.0,464,58,1292413.0,313352.0,312806.0,1452020.0,1259.52,4208.64,1259.52,4208.64,1.0,0,258.0,368.0,4n-1m-2th-Cc-lu-mz,sequana_cpu_dev,4,11423956.0,1,2,C,lu-mz,4,4,250,480,320,28,13873.18,8775.87,22649.05,243.39,153.96,397.35,99.34,57.0, sdumont6194,1313644.9
58.0,432,54,1286238.0,312896.0,307551.0,1451860.0,1239.04,4208.64,1239.04,4208.64,1.0,0,0.0,0.0,4n-1m-2th-Cc-lu-mz,sequana_cpu_dev,4,11423958.0,1,2,C,lu-mz,4,4,250,480,320,28,13249.83,8209.55,21459.37,250.0,154.9,404.89,101.22,53.0, sdumont6201,1158805.98
0.0,64,4,265348.0,3236.0,3193.0,265348.0,0.0,0.0,0.0,0.0,1.0,0,0.0,0.0,4n-1m-4th-Ac-lu-mz,sequana_cpu_dev,4,11423960.0,1,4,A,lu-mz,4,4,250,128,128,16,577.48,358.29,935.77,192.49,119.43,311.92,77.98,3.0, sdumont6168,3743.08
0.0,64,4,265348.0,3296.0,2664.0,265348.0,0.0,0.0,0.0,0.0,1.0,0,0.0,0.0,4n-1m-4th-Ac-lu-mz,sequana_cpu_dev,4,11423965.0,1,4,A,lu-mz,4,4,250,128,128,16,269.59,178.02,447.61,89.86,59.34,149.2,37.3,3.0, sdumont6169,1790.44
0.0,64,4,265348.0,3228.0,3200.0,265348.0,0.0,0.0,0.0,0.0,1.0,0,0.0,0.0,4n-1m-4th-Ac-lu-mz,sequana_cpu_dev,4,11423967.0,1,4,A,lu-mz,4,4,250,128,128,16,272.12,179.34,451.46,90.71,59.78,150.49,37.62,3.0, sdumont6168,1805.84
0.0,144,9,265348.0,3180.0,3154.0,265348.0,0.0,0.0,0.0,0.0,0.0,0,0.0,0.0,4n-1m-4th-Bc-lu-mz,sequana_cpu_dev,4,11423969.0,1,4,B,lu-mz,4,4,250,304,208,17,1993.77,1101.43,3095.2,249.22,137.68,386.9,96.72,8.0, sdumont6168,27856.8
0.0,144,9,265348.0,3132.0,2595.0,265348.0,0.0,0.0,0.0,0.0,3.0,0,0.0,0.0,4n-1m-4th-Bc-lu-mz,sequana_cpu_dev,4,11423971.0,1,4,B,lu-mz,4,4,250,304,208,17,2035.72,1180.39,3216.1,282.15,163.35,445.5,111.38,7.25, sdumont6165,28944.899999999998
0.0,144,9,265348.0,3160.0,2599.0,265348.0,0.0,0.0,0.0,0.0,3.0,0,0.0,0.0,4n-1m-4th-Bc-lu-mz,sequana_cpu_dev,4,11423973.0,1,4,B,lu-mz,4,4,250,304,208,17,1719.47,999.58,2719.05,245.64,142.8,388.44,97.11,7.0, sdumont6167,24471.45
0.0,464,29,265348.0,3064.0,2552.0,265348.0,0.0,0.0,0.0,0.0,3.0,0,0.0,0.0,4n-1m-4th-Cc-lu-mz,sequana_cpu_dev,4,11423976.0,1,4,C,lu-mz,4,4,250,480,320,28,8784.57,4668.28,13452.86,313.73,166.72,480.46,120.11,28.0, sdumont6166,390132.94
0.0,480,30,265348.0,3124.0,2555.0,265348.0,0.0,0.0,0.0,0.0,7.0,0,0.0,0.0,4n-1m-4th-Cc-lu-mz,sequana_cpu_dev,4,11423979.0,1,4,C,lu-mz,4,4,250,480,320,28,8827.66,4665.67,13493.34,315.27,166.63,481.9,120.48,28.0, sdumont6168,404800.2
0.0,480,30,265348.0,3180.0,3133.0,265348.0,0.0,0.0,0.0,0.0,7.0,0,0.0,0.0,4n-1m-4th-Cc-lu-mz,sequana_cpu_dev,4,11423983.0,1,4,C,lu-mz,4,4,250,480,320,28,8794.05,4694.55,13488.6,303.24,161.88,465.12,116.28,29.0, sdumont6167,404658.0
0.0,72,3,265348.0,3160.0,2619.0,265348.0,0.0,0.0,0.0,0.0,7.0,0,0.0,0.0,4n-1m-6th-Ac-lu-mz,sequana_cpu_dev,4,11423987.0,1,6,A,lu-mz,4,4,250,128,128,16,298.72,184.51,483.23,149.36,92.25,241.61,60.4,2.0, sdumont6167,1449.69
0.0,72,3,265348.0,3196.0,2097.0,265348.0,0.0,0.0,0.0,0.0,8.0,0,0.0,0.0,4n-1m-6th-Ac-lu-mz,sequana_cpu_dev,4,11423991.0,1,6,A,lu-mz,4,4,250,128,128,16,307.83,185.95,493.79,153.92,92.98,246.89,61.72,2.0, sdumont6167,1481.3700000000001
0.0,72,3,265348.0,3168.0,2097.0,265348.0,0.0,0.0,0.0,0.0,24.0,0,0.0,0.0,4n-1m-6th-Ac-lu-mz,sequana_cpu_dev,4,11423993.0,1,6,A,lu-mz,4,4,250,128,128,16,308.81,186.13,494.94,154.41,93.06,247.47,61.87,2.0, sdumont6165,1484.82
0.0,168,7,265348.0,3240.0,2107.0,265348.0,0.0,0.0,0.0,0.0,24.0,0,0.0,0.0,4n-1m-6th-Bc-lu-mz,sequana_cpu_dev,4,11423996.0,1,6,B,lu-mz,4,4,250,304,208,17,1551.75,807.69,2359.45,258.63,134.62,393.24,98.31,6.0, sdumont6165,16516.149999999998
0.0,168,7,265348.0,3172.0,2630.0,265348.0,0.0,0.0,0.0,0.0,26.0,0,0.0,0.0,4n-1m-6th-Bc-lu-mz,sequana_cpu_dev,4,11424000.0,1,6,B,lu-mz,4,4,250,304,208,17,1538.5,798.33,2336.83,256.42,133.06,389.47,97.37,6.0, sdumont6168,16357.81
0.0,168,7,265348.0,3152.0,1564.0,265348.0,0.0,0.0,0.0,0.0,24.0,0,0.0,0.0,4n-1m-6th-Bc-lu-mz,sequana_cpu_dev,4,11424004.0,1,6,B,lu-mz,4,4,250,304,208,17,1556.27,804.98,2361.25,259.38,134.16,393.54,98.39,6.0, sdumont6168,16528.75
0.0,504,21,265348.0,3180.0,2641.0,265348.0,0.0,0.0,0.0,0.0,7.0,0,0.0,0.0,4n-1m-6th-Cc-lu-mz,sequana_cpu_dev,4,11424007.0,1,6,C,lu-mz,4,4,250,480,320,28,7164.85,3222.14,10386.99,358.24,161.11,519.35,129.84,20.0, sdumont6165,218126.79
0.0,504,21,265348.0,3156.0,1564.0,265348.0,0.0,0.0,0.0,0.0,4.0,0,0.0,0.0,4n-1m-6th-Cc-lu-mz,sequana_cpu_dev,4,11424010.0,1,6,C,lu-mz,4,4,250,480,320,28,7063.03,3188.0,10251.03,353.15,159.4,512.55,128.14,20.0, sdumont6165,215271.63
0.0,480,20,265348.0,3172.0,2101.0,265348.0,0.0,0.0,0.0,0.0,7.0,0,0.0,0.0,4n-1m-6th-Cc-lu-mz,sequana_cpu_dev,4,11424014.0,1,6,C,lu-mz,4,4,250,480,320,28,7178.56,3240.89,10419.45,377.82,170.57,548.39,137.1,19.0, sdumont6167,208389.0
0.0,96,3,265348.0,1040.0,1037.0,265348.0,0.0,0.0,0.0,0.0,4.0,0,0.0,0.0,4n-1m-8th-Ac-lu-mz,sequana_cpu_dev,4,11424016.0,1,8,A,lu-mz,4,4,250,128,128,16,320.32,185.56,505.89,160.16,92.78,252.94,63.24,2.0, sdumont6165,1517.67
0.0,96,3,265348.0,1040.0,1035.0,265348.0,0.0,0.0,0.0,0.0,7.0,0,0.0,0.0,4n-1m-8th-Ac-lu-mz,sequana_cpu_dev,4,11424018.0,1,8,A,lu-mz,4,4,250,128,128,16,332.79,184.99,517.78,166.39,92.49,258.89,64.72,2.0, sdumont6166,1553.34
0.0,64,2,265348.0,3172.0,1571.0,265348.0,0.0,0.0,0.0,0.0,7.0,0,0.0,0.0,4n-1m-8th-Ac-lu-mz,sequana_cpu_dev,4,11424020.0,1,8,A,lu-mz,4,4,250,128,128,16,339.94,186.48,526.42,339.94,186.48,526.42,131.61,1.0, sdumont6166,1052.84
0.0,192,6,265348.0,1040.0,1036.0,265348.0,0.0,0.0,0.0,0.0,7.0,0,0.0,0.0,4n-1m-8th-Bc-lu-mz,sequana_cpu_dev,4,11424022.0,1,8,B,lu-mz,4,4,250,304,208,17,1274.87,598.85,1873.72,254.97,119.77,374.74,93.69,5.0, sdumont6168,11242.32
0.0,192,6,265348.0,3144.0,1562.0,265348.0,0.0,0.0,0.0,0.0,7.0,0,0.0,0.0,4n-1m-8th-Bc-lu-mz,sequana_cpu_dev,4,11424024.0,1,8,B,lu-mz,4,4,250,304,208,17,1272.43,596.44,1868.87,254.49,119.29,373.77,93.44,5.0, sdumont6165,11213.22
0.0,160,5,265348.0,3148.0,1564.0,265348.0,0.0,0.0,0.0,0.0,20.0,0,0.0,0.0,4n-1m-8th-Bc-lu-mz,sequana_cpu_dev,4,11424026.0,1,8,B,lu-mz,4,4,250,304,208,17,1293.04,605.4,1898.45,323.26,151.35,474.61,118.65,4.0, sdumont6168,9492.25
0.0,608,19,265348.0,1040.0,1038.0,265348.0,0.0,0.0,0.0,0.0,21.0,0,0.0,0.0,4n-1m-8th-Cc-lu-mz,sequana_cpu_dev,4,11424028.0,1,8,C,lu-mz,4,4,250,480,320,28,6499.1,2767.61,9266.71,382.3,162.8,545.1,136.28,17.0, sdumont6167,176067.49
0.0,544,17,265348.0,1040.0,1037.0,265348.0,0.0,0.0,0.0,0.0,0.0,0,0.0,0.0,4n-1m-8th-Cc-lu-mz,sequana_cpu_dev,4,11424029.0,1,8,C,lu-mz,4,4,250,480,320,28,6039.03,2433.09,8472.12,402.6,162.21,564.81,141.2,15.0, sdumont6166,144026.04
0.0,544,17,265348.0,3116.0,1557.0,265348.0,0.0,0.0,0.0,0.0,21.0,0,0.0,0.0,4n-1m-8th-Cc-lu-mz,sequana_cpu_dev,4,11424032.0,1,8,C,lu-mz,4,4,250,480,320,28,6074.79,2448.75,8523.53,404.99,163.25,568.24,142.06,15.0, sdumont6165,144900.01
0.0,120,3,265348.0,1036.0,1036.0,265348.0,0.0,0.0,0.0,0.0,4.0,0,0.0,0.0,4n-1m-10th-Ac-lu-mz,sequana_cpu_dev,4,11424034.0,1,10,A,lu-mz,4,4,250,128,128,16,371.9,188.56,560.47,185.95,94.28,280.23,70.06,2.0, sdumont6166,1681.41
0.0,120,3,265348.0,1040.0,1034.0,265348.0,0.0,0.0,0.0,0.0,4.0,0,0.0,0.0,4n-1m-10th-Ac-lu-mz,sequana_cpu_dev,4,11424036.0,1,10,A,lu-mz,4,4,250,128,128,16,366.59,185.93,552.52,183.3,92.96,276.26,69.06,2.0, sdumont6165,1657.56
0.0,120,3,265348.0,1036.0,1034.0,265348.0,0.0,0.0,0.0,0.0,4.0,0,0.0,0.0,4n-1m-10th-Ac-lu-mz,sequana_cpu_dev,4,11424038.0,1,10,A,lu-mz,4,4,250,128,128,16,377.22,186.87,564.09,188.61,93.44,282.05,70.51,2.0, sdumont6165,1692.27
0.0,200,5,265348.0,1040.0,1036.0,265348.0,0.0,0.0,0.0,0.0,4.0,0,0.0,0.0,4n-1m-10th-Bc-lu-mz,sequana_cpu_dev,4,11424040.0,1,10,B,lu-mz,4,4,250,304,208,17,1446.61,593.03,2039.63,361.65,148.26,509.91,127.48,4.0, sdumont6165,10198.150000000001
0.0,200,5,265348.0,1040.0,1035.0,265348.0,0.0,0.0,0.0,0.0,7.0,0,0.0,0.0,4n-1m-10th-Bc-lu-mz,sequana_cpu_dev,4,11424042.0,1,10,B,lu-mz,4,4,250,304,208,17,1450.06,594.05,2044.11,362.52,148.51,511.03,127.76,4.0, sdumont6168,10220.55
0.0,200,5,265348.0,1040.0,1037.0,265348.0,0.0,0.0,0.0,0.0,7.0,0,0.0,0.0,4n-1m-10th-Bc-lu-mz,sequana_cpu_dev,4,11424044.0,1,10,B,lu-mz,4,4,250,304,208,17,1446.33,592.55,2038.89,361.58,148.14,509.72,127.43,4.0, sdumont6168,10194.45
0.0,600,15,265348.0,3124.0,1558.0,265348.0,0.0,0.0,0.0,0.0,7.0,0,0.0,0.0,4n-1m-10th-Cc-lu-mz,sequana_cpu_dev,4,11424046.0,1,10,C,lu-mz,4,4,250,480,320,28,5546.91,2034.44,7581.36,426.69,156.5,583.18,145.8,13.0, sdumont6167,113720.4
0.0,560,14,265348.0,1036.0,1036.0,265348.0,0.0,0.0,0.0,0.0,7.0,0,0.0,0.0,4n-1m-10th-Cc-lu-mz,sequana_cpu_dev,4,11424048.0,1,10,C,lu-mz,4,4,250,480,320,28,5507.55,2023.09,7530.64,423.66,155.62,579.28,144.82,13.0, sdumont6166,105428.96
0.0,560,14,265348.0,1036.0,1036.0,265348.0,0.0,0.0,0.0,0.0,19.0,0,0.0,0.0,4n-1m-10th-Cc-lu-mz,sequana_cpu_dev,4,11424050.0,1,10,C,lu-mz,4,4,250,480,320,28,5533.23,2035.29,7568.52,425.63,156.56,582.19,145.55,13.0, sdumont6168,105959.28
0.0,96,2,265348.0,1040.0,1037.0,265348.0,0.0,0.0,0.0,0.0,19.0,0,0.0,0.0,4n-1m-12th-Ac-lu-mz,sequana_cpu_dev,4,11424052.0,1,12,A,lu-mz,4,4,250,128,128,16,365.96,187.42,553.37,365.96,187.42,553.37,138.34,1.0, sdumont6165,1106.74
0.0,96,2,265348.0,1036.0,1035.0,265348.0,0.0,0.0,0.0,0.0,19.0,0,0.0,0.0,4n-1m-12th-Ac-lu-mz,sequana_cpu_dev,4,11424054.0,1,12,A,lu-mz,4,4,250,128,128,16,350.32,184.93,535.25,350.32,184.93,535.25,133.81,1.0, sdumont6167,1070.5
0.0,96,2,265348.0,1040.0,1037.0,265348.0,0.0,0.0,0.0,0.0,19.0,0,0.0,0.0,4n-1m-12th-Ac-lu-mz,sequana_cpu_dev,4,11424056.0,1,12,A,lu-mz,4,4,250,128,128,16,384.93,186.41,571.34,384.93,186.41,571.34,142.83,1.0, sdumont6167,1142.68
0.0,240,5,265348.0,3024.0,1535.0,265348.0,0.0,0.0,0.0,0.0,1.0,0,0.0,0.0,4n-1m-12th-Bc-lu-mz,sequana_cpu_dev,4,11424057.0,1,12,B,lu-mz,4,4,250,304,208,17,1469.25,594.46,2063.72,367.31,148.62,515.93,128.98,4.0, sdumont6166,10318.599999999999
0.0,240,5,265348.0,1040.0,1036.0,265348.0,0.0,0.0,0.0,0.0,1.0,0,0.0,0.0,4n-1m-12th-Bc-lu-mz,sequana_cpu_dev,4,11424059.0,1,12,B,lu-mz,4,4,250,304,208,17,1450.38,594.49,2044.87,362.6,148.62,511.22,127.8,4.0, sdumont6165,10224.349999999999
0.0,240,5,265348.0,1036.0,1035.0,265348.0,0.0,0.0,0.0,0.0,4.0,0,0.0,0.0,4n-1m-12th-Bc-lu-mz,sequana_cpu_dev,4,11424062.0,1,12,B,lu-mz,4,4,250,304,208,17,1475.84,601.34,2077.18,368.96,150.33,519.29,129.82,4.0, sdumont6167,10385.9
0.0,672,14,265348.0,1040.0,1036.0,265348.0,0.0,0.0,0.0,0.0,4.0,0,0.0,0.0,4n-1m-12th-Cc-lu-mz,sequana_cpu_dev,4,11424064.0,1,12,C,lu-mz,4,4,250,480,320,28,5197.56,1874.71,7072.27,399.81,144.21,544.02,136.01,13.0, sdumont6167,99011.78
0.0,672,14,265348.0,1040.0,1037.0,265348.0,0.0,0.0,0.0,0.0,7.0,0,0.0,0.0,4n-1m-12th-Cc-lu-mz,sequana_cpu_dev,4,11424066.0,1,12,C,lu-mz,4,4,250,480,320,28,5606.83,2030.94,7637.77,458.31,166.25,624.56,156.14,12.25, sdumont6168,106928.78
0.0,672,14,265348.0,1040.0,1034.0,265348.0,0.0,0.0,0.0,0.0,7.0,0,0.0,0.0,4n-1m-12th-Cc-lu-mz,sequana_cpu_dev,4,11424068.0,1,12,C,lu-mz,4,4,250,480,320,28,5212.81,1881.8,7094.61,425.89,153.51,579.4,144.85,12.25, sdumont6165,99324.54
0.0,168,3,265348.0,1040.0,1037.0,265348.0,0.0,0.0,0.0,0.0,7.0,0,0.0,0.0,4n-1m-14th-Ac-lu-mz,sequana_cpu_dev,4,11424070.0,1,14,A,lu-mz,4,4,250,128,128,16,405.19,187.45,592.64,202.6,93.72,296.32,74.08,2.0, sdumont6168,1777.92
0.0,168,3,265348.0,3140.0,1562.0,265348.0,0.0,0.0,0.0,0.0,7.0,0,0.0,0.0,4n-1m-14th-Ac-lu-mz,sequana_cpu_dev,4,11424072.0,1,14,A,lu-mz,4,4,250,128,128,16,390.61,187.83,578.44,195.3,93.91,289.22,72.3,2.0, sdumont6167,1735.3200000000002
0.0,112,2,265348.0,3052.0,1541.0,265348.0,0.0,0.0,0.0,0.0,18.0,0,0.0,0.0,4n-1m-14th-Ac-lu-mz,sequana_cpu_dev,4,11424074.0,1,14,A,lu-mz,4,4,250,128,128,16,396.06,188.4,584.46,396.06,188.4,584.46,146.12,1.0, sdumont6167,1168.92
0.0,224,4,265348.0,1040.0,1036.0,265348.0,0.0,0.0,0.0,0.0,18.0,0,0.0,0.0,4n-1m-14th-Bc-lu-mz,sequana_cpu_dev,4,11424076.0,1,14,B,lu-mz,4,4,250,304,208,17,1102.37,439.61,1541.98,367.46,146.54,513.99,128.5,3.0, sdumont6168,6167.92
0.0,224,4,265348.0,3176.0,1570.0,265348.0,0.0,0.0,0.0,0.0,18.0,0,0.0,0.0,4n-1m-14th-Bc-lu-mz,sequana_cpu_dev,4,11424078.0,1,14,B,lu-mz,4,4,250,304,208,17,986.89,397.62,1384.52,328.96,132.54,461.51,115.38,3.0, sdumont6165,5538.08
0.0,280,5,265348.0,1036.0,1035.0,265348.0,0.0,0.0,0.0,0.0,17.0,0,0.0,0.0,4n-1m-14th-Bc-lu-mz,sequana_cpu_dev,4,11424080.0,1,14,B,lu-mz,4,4,250,304,208,17,1497.59,590.69,2088.29,374.4,147.67,522.07,130.52,4.0, sdumont6166,10441.45
0.0,672,12,265348.0,1040.0,1036.0,265348.0,0.0,0.0,0.0,0.0,1.0,0,0.0,0.0,4n-1m-14th-Cc-lu-mz,sequana_cpu_dev,4,11424081.0,1,14,C,lu-mz,4,4,250,480,320,28,4733.46,1623.41,6356.87,430.31,147.58,577.9,144.47,11.0, sdumont6167,76282.44
0.0,672,12,265348.0,1040.0,1034.0,265348.0,0.0,0.0,0.0,0.0,1.0,0,0.0,0.0,4n-1m-14th-Cc-lu-mz,sequana_cpu_dev,4,11424083.0,1,14,C,lu-mz,4,4,250,480,320,28,5265.02,1815.86,7080.89,478.64,165.08,643.72,160.93,11.0, sdumont6167,84970.68000000001
0.0,672,12,265348.0,1040.0,1037.0,265348.0,0.0,0.0,0.0,0.0,1.0,0,0.0,0.0,4n-1m-14th-Cc-lu-mz,sequana_cpu_dev,4,11424085.0,1,14,C,lu-mz,4,4,250,480,320,28,4891.95,1679.01,6570.97,444.72,152.64,597.36,149.34,11.0, sdumont6167,78851.64
0.0,192,3,265348.0,3180.0,1574.0,265348.0,0.0,0.0,0.0,0.0,4.0,0,0.0,0.0,4n-1m-16th-Ac-lu-mz,sequana_cpu_dev,4,11424088.0,1,16,A,lu-mz,4,4,250,128,128,16,398.03,175.79,573.82,199.01,87.9,286.91,71.73,2.0, sdumont6167,1721.46
0.0,128,2,265348.0,1040.0,1037.0,265348.0,0.0,0.0,0.0,0.0,1.0,0,0.0,0.0,4n-1m-16th-Ac-lu-mz,sequana_cpu_dev,4,11424089.0,1,16,A,lu-mz,4,4,250,128,128,16,399.33,174.51,573.84,399.33,174.51,573.84,143.46,1.0, sdumont6166,1147.68
0.0,128,2,265348.0,1040.0,1035.0,265348.0,0.0,0.0,0.0,0.0,2.0,0,0.0,0.0,4n-1m-16th-Ac-lu-mz,sequana_cpu_dev,4,11424091.0,1,16,A,lu-mz,4,4,250,128,128,16,390.45,170.63,561.08,390.45,170.63,561.08,140.27,1.0, sdumont6168,1122.16
0.0,256,4,265348.0,1040.0,1037.0,265348.0,0.0,0.0,0.0,0.0,1.0,0,0.0,0.0,4n-1m-16th-Bc-lu-mz,sequana_cpu_dev,4,11424093.0,1,16,B,lu-mz,4,4,250,304,208,17,976.09,392.36,1368.45,244.02,98.09,342.11,85.53,4.0, sdumont6165,5473.8
0.0,320,5,265348.0,3120.0,1557.0,265348.0,0.0,0.0,0.0,0.0,5.0,0,0.0,0.0,4n-1m-16th-Bc-lu-mz,sequana_cpu_dev,4,11424096.0,1,16,B,lu-mz,4,4,250,304,208,17,998.7,394.35,1393.05,332.9,131.45,464.35,116.09,3.0, sdumont6168,6965.25
0.0,320,5,265348.0,3156.0,2085.0,265348.0,0.0,0.0,0.0,0.0,1.0,0,0.0,0.0,4n-1m-16th-Bc-lu-mz,sequana_cpu_dev,4,11424097.0,1,16,B,lu-mz,4,4,250,304,208,17,1003.07,393.19,1396.25,250.77,98.3,349.06,87.27,4.0, sdumont6165,6981.25
0.0,704,11,265348.0,3244.0,2105.0,265348.0,0.0,0.0,0.0,0.0,17.0,0,0.0,0.0,4n-1m-16th-Cc-lu-mz,sequana_cpu_dev,4,11424100.0,1,16,C,lu-mz,4,4,250,480,320,28,4831.87,1633.92,6465.8,483.19,163.39,646.58,161.64,10.0, sdumont6165,71123.8
0.0,704,11,265348.0,3216.0,2110.0,265348.0,0.0,0.0,0.0,0.0,17.0,0,0.0,0.0,4n-1m-16th-Cc-lu-mz,sequana_cpu_dev,4,11424102.0,1,16,C,lu-mz,4,4,250,480,320,28,4861.33,1642.82,6504.15,486.13,164.28,650.41,162.6,10.0, sdumont6168,71545.65
0.0,704,11,265348.0,1040.0,1037.0,265348.0,0.0,0.0,0.0,0.0,17.0,0,0.0,0.0,4n-1m-16th-Cc-lu-mz,sequana_cpu_dev,4,11424104.0,1,16,C,lu-mz,4,4,250,480,320,28,4856.02,1637.5,6493.52,485.6,163.75,649.35,162.34,10.0, sdumont6166,71428.72
0.0,216,3,265348.0,3164.0,1567.0,265348.0,0.0,0.0,0.0,0.0,1.0,0,0.0,0.0,4n-1m-18th-Ac-lu-mz,sequana_cpu_dev,4,11424105.0,1,18,A,lu-mz,4,4,250,128,128,16,402.93,186.42,589.36,402.93,186.42,589.36,147.34,1.0, sdumont6165,1768.08
0.0,144,2,265348.0,3152.0,1565.0,265348.0,0.0,0.0,0.0,0.0,1.0,0,0.0,0.0,4n-1m-18th-Ac-lu-mz,sequana_cpu_dev,4,11424107.0,1,18,A,lu-mz,4,4,250,128,128,16,410.34,176.76,587.1,410.34,176.76,587.1,146.77,1.0, sdumont6168,1174.2
0.0,144,2,265348.0,3148.0,1563.0,265348.0,0.0,0.0,0.0,0.0,0.0,0,0.0,0.0,4n-1m-18th-Ac-lu-mz,sequana_cpu_dev,4,11424109.0,1,18,A,lu-mz,4,4,250,128,128,16,411.54,180.89,592.42,411.54,180.89,592.42,148.11,1.0, sdumont6168,1184.84
0.0,360,5,265348.0,1040.0,1037.0,265348.0,0.0,0.0,0.0,0.0,4.0,0,0.0,0.0,4n-1m-18th-Bc-lu-mz,sequana_cpu_dev,4,11424113.0,1,18,B,lu-mz,4,4,250,304,208,17,1017.6,396.52,1414.11,254.4,99.13,353.53,88.38,4.0, sdumont6165,7070.549999999999
0.0,288,4,265348.0,3096.0,1552.0,265348.0,0.0,0.0,0.0,0.0,6.0,0,0.0,0.0,4n-1m-18th-Bc-lu-mz,sequana_cpu_dev,4,11424119.0,1,18,B,lu-mz,4,4,250,304,208,17,1039.83,390.92,1430.75,346.61,130.31,476.92,119.23,3.0, sdumont6165,5723.0
0.0,288,4,265348.0,1040.0,1036.0,265348.0,0.0,0.0,0.0,0.0,6.0,0,0.0,0.0,4n-1m-18th-Bc-lu-mz,sequana_cpu_dev,4,11424123.0,1,18,B,lu-mz,4,4,250,304,208,17,1021.15,396.33,1417.48,340.38,132.11,472.49,118.12,3.0, sdumont6167,5669.92
0.0,792,11,265348.0,3152.0,1565.0,265348.0,0.0,0.0,0.0,0.0,6.0,0,0.0,0.0,4n-1m-18th-Cc-lu-mz,sequana_cpu_dev,4,11424131.0,1,18,C,lu-mz,4,4,250,480,320,28,4938.41,1635.08,6573.49,493.84,163.51,657.35,164.34,10.0, sdumont6167,72308.39
0.0,792,11,265348.0,3116.0,1558.0,265348.0,0.0,0.0,0.0,0.0,6.0,0,0.0,0.0,4n-1m-18th-Cc-lu-mz,sequana_cpu_dev,4,11424135.0,1,18,C,lu-mz,4,4,250,480,320,28,4929.62,1628.99,6558.61,492.96,162.9,655.86,163.97,10.0, sdumont6168,72144.70999999999
0.0,864,12,265348.0,3152.0,1566.0,265348.0,0.0,0.0,0.0,0.0,20.0,0,0.0,0.0,4n-1m-18th-Cc-lu-mz,sequana_cpu_dev,4,11424142.0,1,18,C,lu-mz,4,4,250,480,320,28,4975.62,1637.79,6613.41,486.39,160.35,646.74,161.69,10.25, sdumont6167,79360.92
0.0,240,3,265348.0,3236.0,2654.0,265348.0,0.0,0.0,0.0,0.0,16.0,0,0.0,0.0,4n-1m-20th-Ac-lu-mz,sequana_cpu_dev,4,11424145.0,1,20,A,lu-mz,4,4,250,128,128,16,402.68,188.47,591.15,201.34,94.23,295.57,73.89,2.0, sdumont6167,1773.4499999999998
0.0,240,3,265348.0,3112.0,1556.0,265348.0,0.0,0.0,0.0,0.0,17.0,0,0.0,0.0,4n-1m-20th-Ac-lu-mz,sequana_cpu_dev,4,11424147.0,1,20,A,lu-mz,4,4,250,128,128,16,412.26,188.53,600.79,306.64,139.02,445.67,111.42,1.5, sdumont6167,1802.37
0.0,240,3,265348.0,3156.0,1564.0,265348.0,0.0,0.0,0.0,0.0,17.0,0,0.0,0.0,4n-1m-20th-Ac-lu-mz,sequana_cpu_dev,4,11424149.0,1,20,A,lu-mz,4,4,250,128,128,16,421.91,189.12,611.02,268.89,120.87,389.76,97.44,1.75, sdumont6167,1833.06
0.0,400,5,265348.0,3172.0,1572.0,265348.0,0.0,0.0,0.0,0.0,4.0,0,0.0,0.0,4n-1m-20th-Bc-lu-mz,sequana_cpu_dev,4,11424151.0,1,20,B,lu-mz,4,4,250,304,208,17,1024.09,396.29,1420.38,256.02,99.07,355.09,88.77,4.0, sdumont6166,7101.900000000001
0.0,320,4,265348.0,3076.0,1548.0,265348.0,0.0,0.0,0.0,0.0,4.0,0,0.0,0.0,4n-1m-20th-Bc-lu-mz,sequana_cpu_dev,4,11424153.0,1,20,B,lu-mz,4,4,250,304,208,17,1034.64,390.87,1425.51,344.88,130.29,475.17,118.79,3.0, sdumont6166,5702.04
0.0,400,5,265348.0,3172.0,1571.0,265348.0,0.0,0.0,0.0,0.0,4.0,0,0.0,0.0,4n-1m-20th-Bc-lu-mz,sequana_cpu_dev,4,11424155.0,1,20,B,lu-mz,4,4,250,304,208,17,1024.5,396.7,1421.2,256.13,99.17,355.3,88.82,4.0, sdumont6165,7106.0
0.0,880,11,265348.0,3120.0,1558.0,265348.0,0.0,0.0,0.0,0.0,4.0,0,0.0,0.0,4n-1m-20th-Cc-lu-mz,sequana_cpu_dev,4,11424157.0,1,20,C,lu-mz,4,4,250,480,320,28,4351.71,1417.92,5769.63,435.17,141.79,576.96,144.24,10.0, sdumont6166,63465.93
0.0,1200,15,265348.0,3112.0,1554.0,265348.0,0.0,0.0,0.0,0.0,1.0,0,0.0,0.0,4n-1m-20th-Cc-lu-mz,sequana_cpu_dev,4,11424159.0,1,20,C,lu-mz,4,4,250,480,320,28,4850.19,1869.51,6719.7,346.44,133.54,479.98,119.99,14.0, sdumont6169,100795.5
0.0,880,11,265348.0,3132.0,2073.0,265348.0,0.0,0.0,0.0,0.0,1.0,0,0.0,0.0,4n-1m-20th-Cc-lu-mz,sequana_cpu_dev,4,11424161.0,1,20,C,lu-mz,4,4,250,480,320,28,4378.84,1382.98,5761.82,486.54,153.66,640.2,160.05,9.0, sdumont6237,63380.02
0.0,176,2,265348.0,3144.0,1562.0,265348.0,0.0,0.0,0.0,0.0,1.0,0,0.0,0.0,4n-1m-22th-Ac-lu-mz,sequana_cpu_dev,4,11424163.0,1,22,A,lu-mz,4,4,250,128,128,16,408.77,185.72,594.49,408.77,185.72,594.49,148.62,1.0, sdumont6168,1188.98
0.0,264,3,265348.0,3172.0,2090.0,265348.0,0.0,0.0,0.0,0.0,1.0,0,0.0,0.0,4n-1m-22th-Ac-lu-mz,sequana_cpu_dev,4,11424165.0,1,22,A,lu-mz,4,4,250,128,128,16,423.31,184.93,608.24,423.31,184.93,608.24,152.06,1.0, sdumont6168,1824.72
0.0,264,3,265348.0,3092.0,1549.0,265348.0,0.0,0.0,0.0,0.0,1.0,0,0.0,0.0,4n-1m-22th-Ac-lu-mz,sequana_cpu_dev,4,11424167.0,1,22,A,lu-mz,4,4,250,128,128,16,431.32,182.92,614.24,431.32,182.92,614.24,153.56,1.0, sdumont6237,1842.72
0.0,440,5,265348.0,3116.0,2061.0,265348.0,0.0,0.0,0.0,0.0,1.0,0,0.0,0.0,4n-1m-22th-Bc-lu-mz,sequana_cpu_dev,4,11424169.0,1,22,B,lu-mz,4,4,250,304,208,17,1061.31,388.62,1449.93,353.77,129.54,483.31,120.83,3.0, sdumont6237,7249.650000000001
0.0,440,5,265348.0,3180.0,2095.0,265348.0,0.0,0.0,0.0,0.0,1.0,0,0.0,0.0,4n-1m-22th-Bc-lu-mz,sequana_cpu_dev,4,11424172.0,1,22,B,lu-mz,4,4,250,304,208,17,1063.88,386.34,1450.22,354.63,128.78,483.41,120.85,3.0, sdumont6168,7251.1
0.0,440,5,265348.0,3176.0,2628.0,265348.0,0.0,0.0,0.0,0.0,1.0,0,0.0,0.0,4n-1m-22th-Bc-lu-mz,sequana_cpu_dev,4,11424174.0,1,22,B,lu-mz,4,4,250,304,208,17,1059.86,388.89,1448.76,353.29,129.63,482.92,120.73,3.0, sdumont6266,7243.8
0.0,1056,12,265348.0,3168.0,1569.0,265348.0,0.0,0.0,0.0,0.0,1.0,0,0.0,0.0,4n-1m-22th-Cc-lu-mz,sequana_cpu_dev,4,11424176.0,1,22,C,lu-mz,4,4,250,480,320,28,4807.85,1554.5,6362.35,480.79,155.45,636.24,159.06,10.0, sdumont6266,76348.20000000001
0.0,968,11,265348.0,3180.0,2106.0,265348.0,0.0,0.0,0.0,0.0,1.0,0,0.0,0.0,4n-1m-22th-Cc-lu-mz,sequana_cpu_dev,4,11424178.0,1,22,C,lu-mz,4,4,250,480,320,28,4468.67,1404.71,5873.38,496.52,156.08,652.6,163.15,9.0, sdumont6169,64607.18
0.0,968,11,265348.0,1040.0,1038.0,265348.0,0.0,0.0,0.0,0.0,1.0,0,0.0,0.0,4n-1m-22th-Cc-lu-mz,sequana_cpu_dev,4,11424179.0,1,22,C,lu-mz,4,4,250,480,320,28,4394.71,1436.97,5831.68,439.47,143.7,583.17,145.79,10.0, sdumont6167,64148.48
0.0,288,3,265348.0,3080.0,1549.0,265348.0,0.0,0.0,0.0,0.0,4.0,0,0.0,0.0,4n-1m-24th-Ac-lu-mz,sequana_cpu_dev,4,11424182.0,1,24,A,lu-mz,4,4,250,128,128,16,430.68,189.4,620.08,430.68,189.4,620.08,155.02,1.0, sdumont6165,1860.2400000000002
0.0,288,3,265348.0,1040.0,1038.0,265348.0,0.0,0.0,0.0,0.0,6.0,0,0.0,0.0,4n-1m-24th-Ac-lu-mz,sequana_cpu_dev,4,11424185.0,1,24,A,lu-mz,4,4,250,128,128,16,435.26,191.71,626.96,435.26,191.71,626.96,156.74,1.0, sdumont6166,1880.88
0.0,288,3,265348.0,3140.0,1561.0,265348.0,0.0,0.0,0.0,0.0,6.0,0,0.0,0.0,4n-1m-24th-Ac-lu-mz,sequana_cpu_dev,4,11424187.0,1,24,A,lu-mz,4,4,250,128,128,16,424.3,190.97,615.27,424.3,190.97,615.27,153.82,1.0, sdumont6165,1845.81
0.0,384,4,265348.0,1036.0,1034.0,265348.0,0.0,0.0,0.0,0.0,6.0,0,0.0,0.0,4n-1m-24th-Bc-lu-mz,sequana_cpu_dev,4,11424189.0,1,24,B,lu-mz,4,4,250,304,208,17,1088.37,404.41,1492.79,362.79,134.8,497.6,124.4,3.0, sdumont6168,5971.16
0.0,384,4,265348.0,1040.0,1037.0,265348.0,0.0,0.0,0.0,0.0,6.0,0,0.0,0.0,4n-1m-24th-Bc-lu-mz,sequana_cpu_dev,4,11424191.0,1,24,B,lu-mz,4,4,250,304,208,17,1076.22,405.21,1481.42,358.74,135.07,493.81,123.45,3.0, sdumont6168,5925.68
0.0,480,5,265348.0,3132.0,1559.0,265348.0,0.0,0.0,0.0,0.0,16.0,0,0.0,0.0,4n-1m-24th-Bc-lu-mz,sequana_cpu_dev,4,11424193.0,1,24,B,lu-mz,4,4,250,304,208,17,1073.73,405.14,1478.87,268.43,101.28,369.72,92.43,4.0, sdumont6167,7394.349999999999
0.0,1056,11,265348.0,1040.0,1035.0,265348.0,0.0,0.0,0.0,0.0,15.0,0,0.0,0.0,4n-1m-24th-Cc-lu-mz,sequana_cpu_dev,4,11424195.0,1,24,C,lu-mz,4,4,250,480,320,28,4602.94,1460.98,6063.92,460.29,146.1,606.39,151.6,10.0, sdumont6167,66703.12
0.0,1056,11,265348.0,3092.0,1550.0,265348.0,0.0,0.0,0.0,0.0,1.0,0,0.0,0.0,4n-1m-24th-Cc-lu-mz,sequana_cpu_dev,4,11424196.0,1,24,C,lu-mz,4,4,250,480,320,28,4610.94,1464.52,6075.46,461.09,146.45,607.55,151.89,10.0, sdumont6166,66830.06
0.0,1056,11,265348.0,3080.0,2053.0,265348.0,0.0,0.0,0.0,0.0,15.0,0,0.0,0.0,4n-1m-24th-Cc-lu-mz,sequana_cpu_dev,4,11424199.0,1,24,C,lu-mz,4,4,250,480,320,28,4611.02,1452.07,6063.1,461.1,145.21,606.31,151.58,10.0, sdumont6168,66694.1
0.0,312,3,265348.0,3272.0,2670.0,265348.0,0.0,0.0,0.0,0.0,1.0,0,0.0,0.0,4n-1m-26th-Ac-lu-mz,sequana_cpu_dev,4,11424200.0,1,26,A,lu-mz,4,4,250,128,128,16,396.42,234.63,631.05,198.21,117.32,315.53,78.88,2.0, sdumont6166,1893.1499999999999
0.0,728,7,265348.0,3228.0,3207.0,265348.0,0.0,0.0,0.0,0.0,1.0,0,0.0,0.0,4n-1m-26th-Ac-lu-mz,sequana_cpu_dev,4,11424205.0,1,26,A,lu-mz,4,4,250,128,128,16,614.53,497.87,1112.4,122.91,99.57,222.48,55.62,5.0, sdumont6223,7786.800000000001
0.0,312,3,265348.0,3240.0,3199.0,265348.0,0.0,0.0,0.0,0.0,4.0,0,0.0,0.0,4n-1m-26th-Ac-lu-mz,sequana_cpu_dev,4,11424215.0,1,26,A,lu-mz,4,4,250,128,128,16,384.14,235.06,619.2,339.97,205.68,545.65,136.41,1.25, sdumont6166,1857.6000000000001
0.0,416,4,265348.0,3236.0,2122.0,265348.0,0.0,0.0,0.0,0.0,4.0,0,0.0,0.0,4n-1m-26th-Bc-lu-mz,sequana_cpu_dev,4,11424218.0,1,26,B,lu-mz,4,4,250,304,208,17,1051.2,521.49,1572.68,480.51,238.37,718.88,179.72,2.25, sdumont6165,6290.72
0.0,416,4,265348.0,3196.0,2635.0,265348.0,0.0,0.0,0.0,0.0,6.0,0,0.0,0.0,4n-1m-26th-Bc-lu-mz,sequana_cpu_dev,4,11424220.0,1,26,B,lu-mz,4,4,250,304,208,17,1077.56,527.79,1605.35,359.19,175.93,535.12,133.78,3.0, sdumont6166,6421.4
0.0,416,4,265348.0,3244.0,3179.0,265348.0,0.0,0.0,0.0,0.0,1.0,0,0.0,0.0,4n-1m-26th-Bc-lu-mz,sequana_cpu_dev,4,11424222.0,1,26,B,lu-mz,4,4,250,304,208,17,1072.64,527.03,1599.67,357.55,175.68,533.22,133.31,3.0, sdumont6167,6398.68
0.0,1040,10,265348.0,3216.0,3175.0,265348.0,0.0,0.0,0.0,0.0,1.0,0,0.0,0.0,4n-1m-26th-Cc-lu-mz,sequana_cpu_dev,4,11424226.0,1,26,C,lu-mz,4,4,250,480,320,28,4448.39,2101.75,6550.14,494.27,233.53,727.79,181.95,9.0, sdumont6167,65501.4
0.0,1456,14,265872.0,3136.0,3085.0,267444.0,0.0,0.0,0.0,0.0,1.0,0,0.0,0.0,4n-1m-26th-Cc-lu-mz,sequana_cpu_dev,4,11424231.0,1,26,C,lu-mz,4,4,250,480,320,28,4771.29,2340.29,7111.58,397.61,195.02,592.63,148.16,12.0, sdumont6040,99562.12
0.0,1040,10,266396.0,3172.0,3122.0,267444.0,0.0,0.0,0.0,0.0,1.0,0,0.0,0.0,4n-1m-26th-Cc-lu-mz,sequana_cpu_dev,4,11424235.0,1,26,C,lu-mz,4,4,250,480,320,28,4401.4,2013.07,6414.47,489.04,223.67,712.72,178.18,9.0, sdumont6169,64144.700000000004
0.0,336,3,265348.0,3172.0,3152.0,265348.0,0.0,0.0,0.0,0.0,1.0,0,0.0,0.0,4n-1m-28th-Ac-lu-mz,sequana_cpu_dev,4,11424240.0,1,28,A,lu-mz,4,4,250,128,128,16,381.01,261.17,642.18,289.97,197.46,487.43,121.86,1.5, sdumont6168,1926.54
0.0,336,3,265348.0,3236.0,3163.0,265348.0,0.0,0.0,0.0,0.0,1.0,0,0.0,0.0,4n-1m-28th-Ac-lu-mz,sequana_cpu_dev,4,11424247.0,1,28,A,lu-mz,4,4,250,128,128,16,402.81,267.76,670.57,201.41,133.88,335.28,83.82,2.0, sdumont6168,2011.71
0.0,336,3,265348.0,3184.0,3171.0,265348.0,0.0,0.0,0.0,0.0,1.0,0,0.0,0.0,4n-1m-28th-Ac-lu-mz,sequana_cpu_dev,4,11424250.0,1,28,A,lu-mz,4,4,250,128,128,16,412.61,269.28,681.89,206.31,134.64,340.95,85.24,2.0, sdumont6167,2045.67
0.0,560,5,265348.0,3184.0,3157.0,265348.0,0.0,0.0,0.0,0.0,1.0,0,0.0,0.0,4n-1m-28th-Bc-lu-mz,sequana_cpu_dev,4,11424255.0,1,28,B,lu-mz,4,4,250,304,208,17,1024.68,594.83,1619.5,299.85,174.32,474.17,118.54,3.5, sdumont6166,8097.5
0.0,448,4,265348.0,3168.0,2622.0,265348.0,0.0,0.0,0.0,0.0,1.0,0,0.0,0.0,4n-1m-28th-Bc-lu-mz,sequana_cpu_dev,4,11424260.0,1,28,B,lu-mz,4,4,250,304,208,17,1058.12,601.0,1659.13,485.84,276.51,762.35,190.59,2.25, sdumont6166,6636.52
0.0,448,4,265348.0,3220.0,3171.0,265348.0,0.0,0.0,0.0,0.0,3.0,0,0.0,0.0,4n-1m-28th-Bc-lu-mz,sequana_cpu_dev,4,11424265.0,1,28,B,lu-mz,4,4,250,304,208,17,1057.61,603.71,1661.32,352.54,201.24,553.77,138.44,3.0, sdumont6166,6645.28
0.0,1120,10,265348.0,3232.0,2627.0,265348.0,0.0,0.0,0.0,0.0,1.0,0,0.0,0.0,4n-1m-28th-Cc-lu-mz,sequana_cpu_dev,4,11424269.0,1,28,C,lu-mz,4,4,250,480,320,28,4296.24,2328.0,6624.24,477.36,258.67,736.03,184.01,9.0, sdumont6167,66242.4
0.0,1120,10,265348.0,3172.0,2632.0,265348.0,0.0,0.0,0.0,0.0,1.0,0,0.0,0.0,4n-1m-28th-Cc-lu-mz,sequana_cpu_dev,4,11424271.0,1,28,C,lu-mz,4,4,250,480,320,28,4145.05,2248.33,6393.38,460.56,249.81,710.38,177.59,9.0, sdumont6167,63933.8
0.0,1008,9,265348.0,3176.0,2636.0,265348.0,0.0,0.0,0.0,0.0,6.0,0,0.0,0.0,4n-1m-28th-Cc-lu-mz,sequana_cpu_dev,4,11424275.0,1,28,C,lu-mz,4,4,250,480,320,28,3994.99,2162.8,6157.79,499.37,270.35,769.72,192.43,8.0, sdumont6165,55420.11
0.0,360,3,265348.0,3184.0,3122.0,265348.0,0.0,0.0,0.0,0.0,6.0,0,0.0,0.0,4n-1m-30th-Ac-lu-mz,sequana_cpu_dev,4,11424278.0,1,30,A,lu-mz,4,4,250,128,128,16,395.53,295.1,690.63,395.53,295.1,690.63,172.66,1.0, sdumont6166,2071.89
0.0,360,3,265348.0,3180.0,3160.0,265348.0,0.0,0.0,0.0,0.0,6.0,0,0.0,0.0,4n-1m-30th-Ac-lu-mz,sequana_cpu_dev,4,11424284.0,1,30,A,lu-mz,4,4,250,128,128,16,415.76,305.75,721.52,415.76,305.75,721.52,180.38,1.0, sdumont6166,2164.56
0.0,360,3,265348.0,3220.0,2631.0,265348.0,0.0,0.0,0.0,0.0,16.0,0,0.0,0.0,4n-1m-30th-Ac-lu-mz,sequana_cpu_dev,4,11424291.0,1,30,A,lu-mz,4,4,250,128,128,16,414.57,302.53,717.1,414.57,302.53,717.1,179.28,1.0, sdumont6167,2151.3
0.0,480,4,265348.0,3172.0,2610.0,265348.0,0.0,0.0,0.0,0.0,17.0,0,0.0,0.0,4n-1m-30th-Bc-lu-mz,sequana_cpu_dev,4,11424296.0,1,30,B,lu-mz,4,4,250,304,208,17,1080.77,697.16,1777.93,360.26,232.39,592.64,148.16,3.0, sdumont6166,7111.72
0.0,600,5,265348.0,3184.0,3137.0,265348.0,0.0,0.0,0.0,0.0,16.0,0,0.0,0.0,4n-1m-30th-Bc-lu-mz,sequana_cpu_dev,4,11424299.0,1,30,B,lu-mz,4,4,250,304,208,17,1078.6,697.48,1776.08,359.53,232.49,592.03,148.01,3.0, sdumont6165,8880.4
0.0,480,4,265348.0,3176.0,3155.0,265348.0,0.0,0.0,0.0,0.0,16.0,0,0.0,0.0,4n-1m-30th-Bc-lu-mz,sequana_cpu_dev,4,11424304.0,1,30,B,lu-mz,4,4,250,304,208,17,1081.7,696.5,1778.2,360.57,232.17,592.73,148.18,3.0, sdumont6167,7112.8
0.0,1200,10,265348.0,3172.0,3123.0,265348.0,0.0,0.0,0.0,0.0,4.0,0,0.0,0.0,4n-1m-30th-Cc-lu-mz,sequana_cpu_dev,4,11424310.0,1,30,C,lu-mz,4,4,250,480,320,28,3825.5,2381.22,6206.73,478.19,297.65,775.84,193.96,8.0, sdumont6167,62067.299999999996
0.0,1200,10,265348.0,3176.0,3129.0,265348.0,0.0,0.0,0.0,0.0,6.0,0,0.0,0.0,4n-1m-30th-Cc-lu-mz,sequana_cpu_dev,4,11424314.0,1,30,C,lu-mz,4,4,250,480,320,28,3825.62,2391.3,6216.92,465.25,290.87,756.12,189.03,8.25, sdumont6167,62169.2
0.0,1200,10,265348.0,3180.0,3133.0,265348.0,0.0,0.0,0.0,0.0,4.0,0,0.0,0.0,4n-1m-30th-Cc-lu-mz,sequana_cpu_dev,4,11424320.0,1,30,C,lu-mz,4,4,250,480,320,28,3821.25,2394.13,6215.38,424.58,266.01,690.6,172.65,9.0, sdumont6166,62153.8
0.0,640,5,265348.0,3172.0,3139.0,265348.0,0.0,0.0,0.0,0.0,13.0,0,0.0,0.0,4n-1m-32th-Ac-lu-mz,sequana_cpu_dev,4,11424326.0,1,32,A,lu-mz,4,4,250,128,128,16,511.46,476.11,987.57,127.87,119.03,246.89,61.72,4.0, sdumont6168,4937.85
0.0,384,3,265348.0,3148.0,3106.0,265348.0,0.0,0.0,0.0,0.0,6.0,0,0.0,0.0,4n-1m-32th-Ac-lu-mz,sequana_cpu_dev,4,11424334.0,1,32,A,lu-mz,4,4,250,128,128,16,417.05,333.91,750.95,417.05,333.91,750.95,187.74,1.0, sdumont6166,2252.8500000000004
0.0,384,3,265348.0,3144.0,2584.0,265348.0,0.0,0.0,0.0,0.0,6.0,0,0.0,0.0,4n-1m-32th-Ac-lu-mz,sequana_cpu_dev,4,11424342.0,1,32,A,lu-mz,4,4,250,128,128,16,420.09,337.09,757.18,210.04,168.54,378.59,94.65,2.0, sdumont6168,2271.54
0.0,896,7,265887.0,3240.0,2646.0,267504.0,0.0,0.0,0.0,0.0,1.0,0,0.0,0.0,4n-1m-32th-Bc-lu-mz,sequana_cpu_dev,4,11424349.0,1,32,B,lu-mz,4,4,250,304,208,17,1826.19,1361.27,3187.45,304.36,226.88,531.24,132.81,6.0, sdumont6168,22312.149999999998
0.0,1152,9,265887.0,3236.0,3170.0,267504.0,0.0,0.0,0.0,0.0,1.0,0,0.0,0.0,4n-1m-32th-Bc-lu-mz,sequana_cpu_dev,4,11424357.0,1,32,B,lu-mz,4,4,250,304,208,17,1820.98,1440.81,3261.79,227.62,180.1,407.72,101.93,8.0, sdumont6168,29356.11
0.0,640,5,265887.0,3236.0,2641.0,267504.0,0.0,0.0,0.0,0.0,1.0,0,0.0,0.0,4n-1m-32th-Bc-lu-mz,sequana_cpu_dev,4,11424359.0,1,32,B,lu-mz,4,4,250,304,208,17,1422.17,1018.61,2440.77,474.06,339.54,813.59,203.4,3.0, sdumont6199,12203.85
0.0,1536,12,265887.0,3172.0,2630.0,267504.0,0.0,0.0,0.0,0.0,1.0,0,0.0,0.0,4n-1m-32th-Cc-lu-mz,sequana_cpu_dev,4,11424361.0,1,32,C,lu-mz,4,4,250,480,320,28,4546.64,3181.72,7728.36,454.66,318.17,772.84,193.21,10.0, sdumont6169,92740.31999999999
0.0,1536,12,265887.0,3244.0,3135.0,267504.0,0.0,0.0,0.0,0.0,1.0,0,0.0,0.0,4n-1m-32th-Cc-lu-mz,sequana_cpu_dev,4,11424365.0,1,32,C,lu-mz,4,4,250,480,320,28,4774.84,3371.55,8146.4,477.48,337.16,814.64,203.66,10.0, sdumont6052,97756.79999999999
0.0,1280,10,265348.0,3236.0,3188.0,265348.0,0.0,0.0,0.0,0.0,1.0,0,0.0,0.0,4n-1m-32th-Cc-lu-mz,sequana_cpu_dev,4,11424368.0,1,32,C,lu-mz,4,4,250,480,320,28,3787.41,2694.88,6482.28,420.82,299.43,720.25,180.06,9.0, sdumont6168,64822.799999999996
0.0,408,3,265348.0,3240.0,3161.0,265348.0,0.0,0.0,0.0,0.0,4.0,0,0.0,0.0,4n-1m-34th-Ac-lu-mz,sequana_cpu_dev,4,11424377.0,1,34,A,lu-mz,4,4,250,128,128,16,393.08,341.3,734.38,393.08,341.3,734.38,183.59,1.0, sdumont6165,2203.14
0.0,408,3,265348.0,3216.0,3144.0,265348.0,0.0,0.0,0.0,0.0,4.0,0,0.0,0.0,4n-1m-34th-Ac-lu-mz,sequana_cpu_dev,4,11424379.0,1,34,A,lu-mz,4,4,250,128,128,16,389.1,340.18,729.28,389.1,340.18,729.28,182.32,1.0, sdumont6165,2187.84
0.0,408,3,265348.0,3176.0,3142.0,265348.0,0.0,0.0,0.0,0.0,4.0,0,0.0,0.0,4n-1m-34th-Ac-lu-mz,sequana_cpu_dev,4,11424382.0,1,34,A,lu-mz,4,4,250,128,128,16,408.82,349.47,758.3,204.41,174.74,379.15,94.79,2.0, sdumont6166,2274.8999999999996
0.0,680,5,265348.0,3172.0,3136.0,265348.0,0.0,0.0,0.0,0.0,88.0,0,0.0,0.0,4n-1m-34th-Bc-lu-mz,sequana_cpu_dev,4,11424388.0,1,34,B,lu-mz,4,4,250,304,208,17,1055.73,849.41,1905.14,351.91,283.14,635.05,158.76,3.0, sdumont6168,9525.7
0.0,544,4,265348.0,3176.0,3118.0,265348.0,0.0,0.0,0.0,0.0,7.0,0,0.0,0.0,4n-1m-34th-Bc-lu-mz,sequana_cpu_dev,4,11424391.0,1,34,B,lu-mz,4,4,250,304,208,17,1048.19,852.92,1901.11,349.4,284.31,633.7,158.43,3.0, sdumont6167,7604.44
0.0,680,5,265348.0,3180.0,3171.0,265348.0,0.0,0.0,0.0,0.0,6.0,0,0.0,0.0,4n-1m-34th-Bc-lu-mz,sequana_cpu_dev,4,11424393.0,1,34,B,lu-mz,4,4,250,304,208,17,1056.7,861.56,1918.26,352.23,287.19,639.42,159.85,3.0, sdumont6165,9591.3
0.0,1360,10,265348.0,3180.0,3160.0,265348.0,0.0,0.0,0.0,0.0,226.0,0,0.0,0.0,4n-1m-34th-Cc-lu-mz,sequana_cpu_dev,4,11424398.0,1,34,C,lu-mz,4,4,250,480,320,28,3827.13,3023.42,6850.55,452.04,357.36,809.39,202.35,8.5, sdumont6168,68505.5
0.0,1360,10,265348.0,3168.0,3136.0,265348.0,0.0,0.0,0.0,0.0,6.0,0,0.0,0.0,4n-1m-34th-Cc-lu-mz,sequana_cpu_dev,4,11424403.0,1,34,C,lu-mz,4,4,250,480,320,28,3817.19,3021.19,6838.38,477.15,377.65,854.8,213.7,8.0, sdumont6166,68383.8
0.0,1360,10,265348.0,3232.0,3180.0,265348.0,0.0,0.0,0.0,0.0,17.0,0,0.0,0.0,4n-1m-34th-Cc-lu-mz,sequana_cpu_dev,4,11424407.0,1,34,C,lu-mz,4,4,250,480,320,28,3795.11,3047.38,6842.49,421.68,338.6,760.28,190.07,9.0, sdumont6166,68424.9
0.0,432,3,265348.0,3136.0,3119.0,265348.0,0.0,0.0,0.0,0.0,15.0,0,0.0,0.0,4n-1m-36th-Ac-lu-mz,sequana_cpu_dev,4,11424410.0,1,36,A,lu-mz,4,4,250,128,128,16,408.6,362.47,771.07,408.6,362.47,771.07,192.77,1.0, sdumont6168,2313.21
0.0,432,3,265348.0,3172.0,3136.0,265348.0,0.0,0.0,0.0,0.0,15.0,0,0.0,0.0,4n-1m-36th-Ac-lu-mz,sequana_cpu_dev,4,11424415.0,1,36,A,lu-mz,4,4,250,128,128,16,397.73,351.13,748.86,198.87,175.56,374.43,93.61,2.0, sdumont6167,2246.58
0.0,288,2,265348.0,3148.0,3125.0,265348.0,0.0,0.0,0.0,0.0,15.0,0,0.0,0.0,4n-1m-36th-Ac-lu-mz,sequana_cpu_dev,4,11424418.0,1,36,A,lu-mz,4,4,250,128,128,16,397.87,353.24,751.12,397.87,353.24,751.12,187.78,1.0, sdumont6168,1502.24
0.0,576,4,265348.0,3160.0,3128.0,265348.0,0.0,0.0,0.0,0.0,4.0,0,0.0,0.0,4n-1m-36th-Bc-lu-mz,sequana_cpu_dev,4,11424423.0,1,36,B,lu-mz,4,4,250,304,208,17,1067.61,903.05,1970.66,355.87,301.02,656.89,164.22,3.0, sdumont6168,7882.64
0.0,720,5,265348.0,3132.0,2081.0,265348.0,0.0,0.0,0.0,0.0,4.0,0,0.0,0.0,4n-1m-36th-Bc-lu-mz,sequana_cpu_dev,4,11424428.0,1,36,B,lu-mz,4,4,250,304,208,17,1064.59,893.79,1958.38,532.3,446.89,979.19,244.8,2.0, sdumont6168,9791.900000000001
0.0,576,4,265348.0,3148.0,3092.0,265348.0,0.0,0.0,0.0,0.0,4.0,0,0.0,0.0,4n-1m-36th-Bc-lu-mz,sequana_cpu_dev,4,11424433.0,1,36,B,lu-mz,4,4,250,304,208,17,1058.93,893.6,1952.53,352.98,297.87,650.84,162.71,3.0, sdumont6168,7810.12
0.0,1440,10,265348.0,3156.0,3129.0,265348.0,0.0,0.0,0.0,0.0,4.0,0,0.0,0.0,4n-1m-36th-Cc-lu-mz,sequana_cpu_dev,4,11424438.0,1,36,C,lu-mz,4,4,250,480,320,28,3803.49,3162.76,6966.25,422.61,351.42,774.03,193.51,9.0, sdumont6166,69662.5
0.0,1440,10,265348.0,3128.0,3102.0,265348.0,0.0,0.0,0.0,0.0,6.0,0,0.0,0.0,4n-1m-36th-Cc-lu-mz,sequana_cpu_dev,4,11424445.0,1,36,C,lu-mz,4,4,250,480,320,28,3783.32,3144.58,6927.9,472.91,393.07,865.99,216.5,8.0, sdumont6166,69279.0
0.0,1440,10,265348.0,3176.0,3160.0,265348.0,0.0,0.0,0.0,0.0,6.0,0,0.0,0.0,4n-1m-36th-Cc-lu-mz,sequana_cpu_dev,4,11424450.0,1,36,C,lu-mz,4,4,250,480,320,28,3810.07,3186.93,6997.0,476.26,398.37,874.63,218.66,8.0, sdumont6168,69970.0
0.0,456,3,265348.0,3176.0,3124.0,265348.0,0.0,0.0,0.0,0.0,6.0,0,0.0,0.0,4n-1m-38th-Ac-lu-mz,sequana_cpu_dev,4,11424458.0,1,38,A,lu-mz,4,4,250,128,128,16,404.29,362.18,766.47,356.82,319.38,676.21,169.05,1.25, sdumont6166,2299.41
0.0,456,3,265348.0,3172.0,3137.0,265348.0,0.0,0.0,0.0,0.0,7.0,0,0.0,0.0,4n-1m-38th-Ac-lu-mz,sequana_cpu_dev,4,11424464.0,1,38,A,lu-mz,4,4,250,128,128,16,416.38,372.0,788.38,208.19,186.0,394.19,98.55,2.0, sdumont6167,2365.14
0.0,456,3,265348.0,3176.0,2638.0,265348.0,0.0,0.0,0.0,0.0,15.0,0,0.0,0.0,4n-1m-38th-Ac-lu-mz,sequana_cpu_dev,4,11424472.0,1,38,A,lu-mz,4,4,250,128,128,16,406.16,361.56,767.72,406.16,361.56,767.72,191.93,1.0, sdumont6166,2303.16
0.0,608,4,265348.0,3216.0,3167.0,265348.0,0.0,0.0,0.0,0.0,15.0,0,0.0,0.0,4n-1m-38th-Bc-lu-mz,sequana_cpu_dev,4,11424482.0,1,38,B,lu-mz,4,4,250,304,208,17,1073.6,944.12,2017.72,357.87,314.71,672.57,168.14,3.0, sdumont6166,8070.88
0.0,608,4,265348.0,3216.0,3176.0,265348.0,0.0,0.0,0.0,0.0,15.0,0,0.0,0.0,4n-1m-38th-Bc-lu-mz,sequana_cpu_dev,4,11424493.0,1,38,B,lu-mz,4,4,250,304,208,17,1063.37,936.72,2000.09,354.46,312.24,666.7,166.67,3.0, sdumont6169,8000.36
0.0,760,5,265348.0,3240.0,3178.0,265348.0,0.0,0.0,0.0,0.0,18.0,0,0.0,0.0,4n-1m-38th-Bc-lu-mz,sequana_cpu_dev,4,11424496.0,1,38,B,lu-mz,4,4,250,304,208,17,998.83,890.67,1889.5,249.71,222.67,472.38,118.09,4.0, sdumont6165,9447.5
0.0,1520,10,265348.0,3172.0,3147.0,265348.0,0.0,0.0,0.0,0.0,4.0,0,0.0,0.0,4n-1m-38th-Cc-lu-mz,sequana_cpu_dev,4,11424497.0,1,38,C,lu-mz,4,4,250,480,320,28,4155.47,3651.54,7807.01,519.43,456.44,975.88,243.97,8.0, sdumont6168,78070.1
0.0,1520,10,265348.0,3188.0,2102.0,265348.0,0.0,0.0,0.0,0.0,4.0,0,0.0,0.0,4n-1m-38th-Cc-lu-mz,sequana_cpu_dev,4,11424499.0,1,38,C,lu-mz,4,4,250,480,320,28,3888.42,3394.46,7282.88,486.05,424.31,910.36,227.59,8.0, sdumont6165,72828.8
0.0,1520,10,265348.0,3208.0,3158.0,265348.0,0.0,0.0,0.0,0.0,4.0,0,0.0,0.0,4n-1m-38th-Cc-lu-mz,sequana_cpu_dev,4,11424504.0,1,38,C,lu-mz,4,4,250,480,320,28,4129.66,3654.98,7784.64,474.85,419.42,894.27,223.57,8.75, sdumont6167,77846.40000000001
0.0,480,3,265348.0,3116.0,2571.0,265348.0,0.0,0.0,0.0,0.0,4.0,0,0.0,0.0,4n-1m-40th-Ac-lu-mz,sequana_cpu_dev,4,11424508.0,1,40,A,lu-mz,4,4,250,128,128,16,398.97,368.89,767.86,398.97,368.89,767.86,191.97,1.0, sdumont6165,2303.58
0.0,480,3,265348.0,3096.0,2561.0,265348.0,0.0,0.0,0.0,0.0,6.0,0,0.0,0.0,4n-1m-40th-Ac-lu-mz,sequana_cpu_dev,4,11424512.0,1,40,A,lu-mz,4,4,250,128,128,16,409.16,379.41,788.57,409.16,379.41,788.57,197.14,1.0, sdumont6165,2365.71
0.0,320,2,265348.0,3180.0,3123.0,265348.0,0.0,0.0,0.0,0.0,6.0,0,0.0,0.0,4n-1m-40th-Ac-lu-mz,sequana_cpu_dev,4,11424515.0,1,40,A,lu-mz,4,4,250,128,128,16,406.33,376.02,782.35,406.33,376.02,782.35,195.59,1.0, sdumont6166,1564.7
0.0,800,5,265348.0,3092.0,2569.0,265348.0,0.0,0.0,0.0,0.0,6.0,0,0.0,0.0,4n-1m-40th-Bc-lu-mz,sequana_cpu_dev,4,11424518.0,1,40,B,lu-mz,4,4,250,304,208,17,1034.86,959.63,1994.49,344.95,319.88,664.83,166.21,3.0, sdumont6165,9972.45
0.0,800,5,265348.0,3152.0,3090.0,265348.0,0.0,0.0,0.0,0.0,5.0,0,0.0,0.0,4n-1m-40th-Bc-lu-mz,sequana_cpu_dev,4,11424521.0,1,40,B,lu-mz,4,4,250,304,208,17,1033.1,959.31,1992.4,344.37,319.77,664.13,166.03,3.0, sdumont6168,9962.0
0.0,800,5,265348.0,3180.0,3164.0,265348.0,0.0,0.0,0.0,0.0,15.0,0,0.0,0.0,4n-1m-40th-Bc-lu-mz,sequana_cpu_dev,4,11424527.0,1,40,B,lu-mz,4,4,250,304,208,17,1055.17,965.11,2020.28,399.17,362.86,762.03,190.51,2.75, sdumont6167,10101.4
0.0,1440,9,265348.0,3172.0,3136.0,265348.0,0.0,0.0,0.0,0.0,16.0,0,0.0,0.0,4n-1m-40th-Cc-lu-mz,sequana_cpu_dev,4,11424529.0,1,40,C,lu-mz,4,4,250,480,320,28,3286.7,2987.23,6273.93,469.53,426.75,896.28,224.07,7.0, sdumont6166,56465.37
0.0,1440,9,265348.0,3240.0,3177.0,265348.0,0.0,0.0,0.0,0.0,15.0,0,0.0,0.0,4n-1m-40th-Cc-lu-mz,sequana_cpu_dev,4,11424531.0,1,40,C,lu-mz,4,4,250,480,320,28,3748.69,3371.97,7120.66,468.59,421.5,890.08,222.52,8.0, sdumont6169,64085.94
0.0,1440,9,265348.0,3132.0,2600.0,265348.0,0.0,0.0,0.0,0.0,13.0,0,0.0,0.0,4n-1m-40th-Cc-lu-mz,sequana_cpu_dev,4,11424534.0,1,40,C,lu-mz,4,4,250,480,320,28,3554.58,3242.56,6797.14,444.32,405.32,849.64,212.41,8.0, sdumont6166,61174.26
0.0,336,2,265348.0,3172.0,3130.0,265348.0,0.0,0.0,0.0,0.0,4.0,0,0.0,0.0,4n-1m-42th-Ac-lu-mz,sequana_cpu_dev,4,11424538.0,1,42,A,lu-mz,4,4,250,128,128,16,414.35,382.75,797.11,414.35,382.75,797.11,199.28,1.0, sdumont6167,1594.22
0.0,504,3,265348.0,3200.0,3111.0,265348.0,0.0,0.0,0.0,0.0,4.0,0,0.0,0.0,4n-1m-42th-Ac-lu-mz,sequana_cpu_dev,4,11424546.0,1,42,A,lu-mz,4,4,250,128,128,16,409.53,375.99,785.52,409.53,375.99,785.52,196.38,1.0, sdumont6168,2356.56
0.0,504,3,265348.0,3172.0,2609.0,265348.0,0.0,0.0,0.0,0.0,4.0,0,0.0,0.0,4n-1m-42th-Ac-lu-mz,sequana_cpu_dev,4,11424549.0,1,42,A,lu-mz,4,4,250,128,128,16,402.03,371.49,773.52,402.03,371.49,773.52,193.38,1.0, sdumont6168,2320.56
0.0,840,5,265348.0,3176.0,3162.0,265348.0,0.0,0.0,0.0,0.0,120.0,0,0.0,0.0,4n-1m-42th-Bc-lu-mz,sequana_cpu_dev,4,11424553.0,1,42,B,lu-mz,4,4,250,304,208,17,1048.75,996.61,2045.36,349.58,332.2,681.79,170.45,3.0, sdumont6169,10226.8
0.0,672,4,265348.0,3172.0,3137.0,265348.0,0.0,0.0,0.0,0.0,6.0,0,0.0,0.0,4n-1m-42th-Bc-lu-mz,sequana_cpu_dev,4,11424556.0,1,42,B,lu-mz,4,4,250,304,208,17,1045.51,996.5,2042.02,348.5,332.17,680.67,170.17,3.0, sdumont6167,8168.08
0.0,1176,7,265348.0,3176.0,3152.0,265348.0,0.0,0.0,0.0,0.0,15.0,0,0.0,0.0,4n-1m-42th-Bc-lu-mz,sequana_cpu_dev,4,11424559.0,1,42,B,lu-mz,4,4,250,304,208,17,1387.51,1288.58,2676.09,231.25,214.76,446.02,111.5,6.0, sdumont6167,18732.63
0.0,1512,9,265348.0,3176.0,2626.0,265348.0,0.0,0.0,0.0,0.0,7.0,0,0.0,0.0,4n-1m-42th-Cc-lu-mz,sequana_cpu_dev,4,11424560.0,1,42,C,lu-mz,4,4,250,480,320,28,3803.54,3439.97,7243.51,543.36,491.42,1034.79,258.7,7.0, sdumont6167,65191.590000000004
0.0,1512,9,265348.0,3172.0,2625.0,265348.0,0.0,0.0,0.0,0.0,6.0,0,0.0,0.0,4n-1m-42th-Cc-lu-mz,sequana_cpu_dev,4,11424564.0,1,42,C,lu-mz,4,4,250,480,320,28,3746.97,3450.52,7197.48,535.28,492.93,1028.21,257.05,7.0, sdumont6169,64777.31999999999
0.0,1512,9,265348.0,3188.0,3151.0,265348.0,0.0,0.0,0.0,0.0,14.0,0,0.0,0.0,4n-1m-42th-Cc-lu-mz,sequana_cpu_dev,4,11424568.0,1,42,C,lu-mz,4,4,250,480,320,28,3753.89,3441.79,7195.68,469.24,430.22,899.46,224.87,8.0, sdumont6168,64761.12
0.0,528,3,265348.0,3168.0,3126.0,265348.0,0.0,0.0,0.0,0.0,14.0,0,0.0,0.0,4n-1m-44th-Ac-lu-mz,sequana_cpu_dev,4,11424571.0,1,44,A,lu-mz,4,4,250,128,128,16,404.24,382.76,787.0,202.12,191.38,393.5,98.38,2.0, sdumont6166,2361.0
0.0,528,3,265348.0,3136.0,2574.0,265348.0,0.0,0.0,0.0,0.0,14.0,0,0.0,0.0,4n-1m-44th-Ac-lu-mz,sequana_cpu_dev,4,11424584.0,1,44,A,lu-mz,4,4,250,128,128,16,411.39,386.57,797.96,363.71,341.87,705.58,176.39,1.25, sdumont6167,2393.88
0.0,528,3,265348.0,3180.0,3147.0,265348.0,0.0,0.0,0.0,0.0,14.0,0,0.0,0.0,4n-1m-44th-Ac-lu-mz,sequana_cpu_dev,4,11424593.0,1,44,A,lu-mz,4,4,250,128,128,16,397.37,379.93,777.3,198.69,189.96,388.65,97.16,2.0, sdumont6168,2331.8999999999996
0.0,880,5,265348.0,3180.0,3161.0,265348.0,0.0,0.0,0.0,0.0,3.0,0,0.0,0.0,4n-1m-44th-Bc-lu-mz,sequana_cpu_dev,4,11424596.0,1,44,B,lu-mz,4,4,250,304,208,17,1005.88,985.24,1991.12,274.31,267.19,541.49,135.37,3.75, sdumont6165,9955.599999999999
0.0,880,5,265348.0,3192.0,3156.0,265348.0,0.0,0.0,0.0,0.0,4.0,0,0.0,0.0,4n-1m-44th-Bc-lu-mz,sequana_cpu_dev,4,11424600.0,1,44,B,lu-mz,4,4,250,304,208,17,1024.28,1007.3,2031.58,341.43,335.77,677.19,169.3,3.0, sdumont6165,10157.9
0.0,704,4,265348.0,3176.0,3167.0,265348.0,0.0,0.0,0.0,0.0,69.0,0,0.0,0.0,4n-1m-44th-Bc-lu-mz,sequana_cpu_dev,4,11424605.0,1,44,B,lu-mz,4,4,250,304,208,17,1008.52,987.49,1996.01,336.17,329.16,665.34,166.33,3.0, sdumont6165,7984.04
0.0,1936,11,265348.0,3184.0,3156.0,265348.0,0.0,0.0,0.0,0.0,4.0,0,0.0,0.0,4n-1m-44th-Cc-lu-mz,sequana_cpu_dev,4,11424615.0,1,44,C,lu-mz,4,4,250,480,320,28,3716.05,3514.39,7230.44,530.86,502.06,1032.92,258.23,7.0, sdumont6167,79534.84
0.0,1584,9,265348.0,3168.0,3139.0,265348.0,0.0,0.0,0.0,0.0,6.0,0,0.0,0.0,4n-1m-44th-Cc-lu-mz,sequana_cpu_dev,4,11424618.0,1,44,C,lu-mz,4,4,250,480,320,28,3736.54,3523.38,7259.92,533.79,503.34,1037.13,259.28,7.0, sdumont6167,65339.28
0.0,1584,9,265348.0,3180.0,3104.0,265348.0,0.0,0.0,0.0,0.0,6.0,0,0.0,0.0,4n-1m-44th-Cc-lu-mz,sequana_cpu_dev,4,11424620.0,1,44,C,lu-mz,4,4,250,480,320,28,3788.88,3518.18,7307.06,541.27,502.6,1043.87,260.97,7.0, sdumont6169,65763.54000000001
0.0,1288,7,265348.0,3152.0,3108.0,265348.0,0.0,0.0,0.0,0.0,0.0,0,0.0,0.0,4n-1m-46th-Ac-lu-mz,sequana_cpu_dev,4,11424623.0,1,46,A,lu-mz,4,4,250,128,128,16,956.98,814.48,1771.47,191.4,162.9,354.29,88.57,5.0, sdumont6175,12400.29
0.0,552,3,265348.0,3180.0,2626.0,265348.0,0.0,0.0,0.0,0.0,1.0,0,0.0,0.0,4n-1m-46th-Ac-lu-mz,sequana_cpu_dev,4,11424626.0,1,46,A,lu-mz,4,4,250,128,128,16,408.4,365.49,773.89,408.4,365.49,773.89,193.47,1.0, sdumont6174,2321.67
0.0,1288,7,265348.0,3168.0,2617.0,265348.0,0.0,0.0,0.0,0.0,4.0,0,0.0,0.0,4n-1m-46th-Ac-lu-mz,sequana_cpu_dev,4,11424631.0,1,46,A,lu-mz,4,4,250,128,128,16,939.24,821.56,1760.8,187.85,164.31,352.16,88.04,5.0, sdumont6170,12325.6
0.0,920,5,265348.0,3172.0,2608.0,265348.0,0.0,0.0,0.0,0.0,1.0,0,0.0,0.0,4n-1m-46th-Bc-lu-mz,sequana_cpu_dev,4,11424635.0,1,46,B,lu-mz,4,4,250,304,208,17,1025.62,962.97,1988.59,341.87,320.99,662.86,165.72,3.0, sdumont6176,9942.949999999999
0.0,920,5,265348.0,3232.0,2102.0,265348.0,0.0,0.0,0.0,0.0,1.0,0,0.0,0.0,4n-1m-46th-Bc-lu-mz,sequana_cpu_dev,4,11424642.0,1,46,B,lu-mz,4,4,250,304,208,17,1023.08,962.35,1985.43,341.03,320.78,661.81,165.45,3.0, sdumont6174,9927.15
0.0,736,4,265348.0,3200.0,2112.0,265348.0,0.0,0.0,0.0,0.0,1.0,0,0.0,0.0,4n-1m-46th-Bc-lu-mz,sequana_cpu_dev,4,11424650.0,1,46,B,lu-mz,4,4,250,304,208,17,1023.07,954.26,1977.34,341.02,318.09,659.11,164.78,3.0, sdumont6176,7909.36
0.0,1656,9,265348.0,3136.0,2595.0,265348.0,0.0,0.0,0.0,0.0,0.0,0,0.0,0.0,4n-1m-46th-Cc-lu-mz,sequana_cpu_dev,4,11424654.0,1,46,C,lu-mz,4,4,250,480,320,28,3771.92,3386.99,7158.91,538.85,483.86,1022.7,255.68,7.0, sdumont6176,64430.19
0.0,1656,9,265348.0,3172.0,2090.0,265348.0,0.0,0.0,0.0,0.0,1.0,0,0.0,0.0,4n-1m-46th-Cc-lu-mz,sequana_cpu_dev,4,11424663.0,1,46,C,lu-mz,4,4,250,480,320,28,3781.13,3392.98,7174.11,540.16,484.71,1024.87,256.22,7.0, sdumont6177,64566.99
0.0,1656,9,265348.0,3240.0,3158.0,265348.0,0.0,0.0,0.0,0.0,1.0,0,0.0,0.0,4n-1m-46th-Cc-lu-mz,sequana_cpu_dev,4,11424671.0,1,46,C,lu-mz,4,4,250,480,320,28,3740.66,3533.47,7274.14,517.97,489.22,1007.19,251.8,7.25, sdumont6166,65467.26
0.0,1152,6,265348.0,3156.0,2608.0,265348.0,0.0,0.0,0.0,0.0,1.0,0,0.0,0.0,4n-1m-48th-Ac-lu-mz,sequana_cpu_dev,4,11424677.0,1,48,A,lu-mz,4,4,250,128,128,16,685.92,623.6,1309.51,162.17,147.06,309.23,77.31,4.25, sdumont6178,7857.0599999999995
0.0,576,3,265348.0,3180.0,3122.0,265348.0,0.0,0.0,0.0,0.0,3.0,0,0.0,0.0,4n-1m-48th-Ac-lu-mz,sequana_cpu_dev,4,11424680.0,1,48,A,lu-mz,4,4,250,128,128,16,384.64,359.82,744.46,384.64,359.82,744.46,186.11,1.0, sdumont6176,2233.38
0.0,576,3,265348.0,3172.0,3134.0,265348.0,0.0,0.0,0.0,0.0,1.0,0,0.0,0.0,4n-1m-48th-Ac-lu-mz,sequana_cpu_dev,4,11424683.0,1,48,A,lu-mz,4,4,250,128,128,16,392.6,362.59,755.19,392.6,362.59,755.19,188.8,1.0, sdumont6176,2265.57
0.0,960,5,265348.0,3188.0,2617.0,265348.0,0.0,0.0,0.0,0.0,1.0,0,0.0,0.0,4n-1m-48th-Bc-lu-mz,sequana_cpu_dev,4,11424686.0,1,48,B,lu-mz,4,4,250,304,208,17,1002.8,1051.05,2053.85,314.09,328.76,642.85,160.71,3.25, sdumont6166,10269.25
0.0,960,5,265348.0,3156.0,2614.0,265348.0,0.0,0.0,0.0,0.0,1.0,0,0.0,0.0,4n-1m-48th-Bc-lu-mz,sequana_cpu_dev,4,11424691.0,1,48,B,lu-mz,4,4,250,304,208,17,1009.39,1055.78,2065.17,315.98,330.14,646.12,161.53,3.25, sdumont6165,10325.85
0.0,960,5,265348.0,3236.0,2618.0,265348.0,0.0,0.0,0.0,0.0,1.0,0,0.0,0.0,4n-1m-48th-Bc-lu-mz,sequana_cpu_dev,4,11424694.0,1,48,B,lu-mz,4,4,250,304,208,17,996.97,1045.93,2042.9,312.48,327.38,639.86,159.97,3.25, sdumont6166,10214.5
0.0,1728,9,265348.0,3240.0,2109.0,265348.0,0.0,0.0,0.0,0.0,2.0,0,0.0,0.0,4n-1m-48th-Cc-lu-mz,sequana_cpu_dev,4,11424699.0,1,48,C,lu-mz,4,4,250,480,320,28,3728.03,3682.63,7410.66,516.54,509.98,1026.52,256.63,7.25, sdumont6166,66695.94
0.0,1728,9,265348.0,3156.0,2095.0,265348.0,0.0,0.0,0.0,0.0,1.0,0,0.0,0.0,4n-1m-48th-Cc-lu-mz,sequana_cpu_dev,4,11424703.0,1,48,C,lu-mz,4,4,250,480,320,28,3707.9,3694.49,7402.39,513.66,511.64,1025.3,256.33,7.25, sdumont6167,66621.51000000001
0.0,1728,9,265348.0,3156.0,2615.0,265348.0,0.0,0.0,0.0,0.0,1.0,0,0.0,0.0,4n-1m-48th-Cc-lu-mz,sequana_cpu_dev,4,11424706.0,1,48,C,lu-mz,4,4,250,480,320,28,3690.85,3649.99,7340.84,511.25,505.48,1016.73,254.18,7.25, sdumont6165,66067.56
1.0,48,3,539478.0,145300.0,55748.5,1080460.0,501.76,2109.44,1024.0,4218.88,1.0,0,1.0,10.0,4n-2m-2th-Ac-lu-mz,sequana_cpu_dev,4,11424711.0,2,2,A,lu-mz,4,4,250,128,128,16,234.03,253.71,487.74,117.01,126.86,243.87,60.97,2.0, sdumont6166,1463.22
1.0,48,3,507925.5,145260.0,72358.5,1080344.0,491.52,2109.44,1024.0,4218.88,1.0,0,0.0,0.0,4n-2m-2th-Ac-lu-mz,sequana_cpu_dev,4,11424719.0,2,2,A,lu-mz,4,4,250,128,128,16,233.94,250.9,484.84,116.97,125.45,242.42,60.61,2.0, sdumont6167,1454.52
1.0,48,3,584147.5,146188.0,67737.0,1293176.0,501.76,2109.44,1024.0,4218.88,1.0,0,3.0,24.0,4n-2m-2th-Ac-lu-mz,sequana_cpu_dev,4,11424723.0,2,2,A,lu-mz,4,4,250,128,128,16,234.81,253.9,488.71,117.4,126.95,244.36,61.09,2.0, sdumont6165,1466.1299999999999
4.0,128,8,537049.5,143408.0,54180.0,1080548.0,512.0,2109.44,1075.2,4218.88,1.0,0,2.0,20.0,4n-2m-2th-Bc-lu-mz,sequana_cpu_dev,4,11424728.0,2,2,B,lu-mz,4,4,250,304,208,17,1468.12,1543.98,3012.11,209.73,220.57,430.3,107.58,7.0, sdumont6168,24096.88
4.0,128,8,505357.0,143256.0,50190.0,1080548.0,512.0,2109.44,1085.44,4218.88,1.0,0,0.0,0.0,4n-2m-2th-Bc-lu-mz,sequana_cpu_dev,4,11424732.0,2,2,B,lu-mz,4,4,250,304,208,17,1461.46,1537.9,2999.36,208.78,219.7,428.48,107.12,7.0, sdumont6167,23994.88
4.0,128,8,537014.0,143292.0,54331.5,1080544.0,512.0,2109.44,1085.44,4218.88,6.0,0,3.0,24.0,4n-2m-2th-Bc-lu-mz,sequana_cpu_dev,4,11424735.0,2,2,B,lu-mz,4,4,250,304,208,17,1467.82,1547.81,3015.63,209.69,221.12,430.8,107.7,7.0, sdumont6165,24125.04
19.0,480,30,621486.5,144264.0,56128.0,1294152.0,696.32,2109.44,1423.36,4229.12,8.0,0,2.0,22.0,4n-2m-2th-Cc-lu-mz,sequana_cpu_dev,4,11424739.0,2,2,C,lu-mz,4,4,250,480,320,28,7066.48,7220.47,14286.94,243.67,248.98,492.65,123.16,29.0, sdumont6169,428608.2
25.0,448,28,577446.0,144296.0,60949.0,1294136.0,583.68,2109.44,1341.44,4218.88,5.0,0,0.0,0.0,4n-2m-2th-Cc-lu-mz,sequana_cpu_dev,4,11424743.0,2,2,C,lu-mz,4,4,250,480,320,28,6544.39,6691.49,13235.88,251.71,257.37,509.07,127.27,26.0, sdumont6169,370604.63999999996
19.0,448,28,566751.0,143660.0,55918.0,1081308.0,624.64,2109.44,1361.92,4218.88,17.0,0,0.0,0.0,4n-2m-2th-Cc-lu-mz,sequana_cpu_dev,4,11424747.0,2,2,C,lu-mz,4,4,250,480,320,28,6775.81,6927.67,13703.48,250.96,256.58,507.54,126.88,27.0, sdumont6169,383697.44
1.0,64,2,402153.5,140252.0,49341.0,644672.0,501.76,2109.44,1024.0,4218.88,14.0,0,0.0,3.0,4n-2m-4th-Ac-lu-mz,sequana_cpu_dev,4,11424750.0,2,4,A,lu-mz,4,4,250,128,128,16,258.62,280.69,539.31,258.62,280.69,539.31,134.83,1.0, sdumont6165,1078.62
1.0,96,3,486036.0,143180.0,54816.0,1084456.0,501.76,2109.44,1034.24,4218.88,18.0,0,5.0,19.0,4n-2m-4th-Ac-lu-mz,sequana_cpu_dev,4,11424752.0,2,4,A,lu-mz,4,4,250,128,128,16,251.84,275.12,526.96,125.92,137.56,263.48,65.87,2.0, sdumont6167,1580.88
1.0,96,3,586331.5,144208.0,67304.0,1297288.0,501.76,2109.44,1024.0,4218.88,14.0,0,2.0,7.0,4n-2m-4th-Ac-lu-mz,sequana_cpu_dev,4,11424760.0,2,4,A,lu-mz,4,4,250,128,128,16,259.08,283.15,542.23,129.54,141.57,271.11,67.78,2.0, sdumont6168,1626.69
6.0,192,6,558152.0,143556.0,66193.0,1084656.0,512.0,2109.44,1044.48,4218.88,4.0,0,1.0,4.0,4n-2m-4th-Bc-lu-mz,sequana_cpu_dev,4,11424765.0,2,4,B,lu-mz,4,4,250,304,208,17,972.17,1030.05,2002.22,243.04,257.51,500.55,125.14,4.0, sdumont6168,12013.32
6.0,160,5,584609.5,144040.0,66077.5,1297400.0,512.0,2109.44,1054.72,4218.88,4.0,0,0.0,2.0,4n-2m-4th-Bc-lu-mz,sequana_cpu_dev,4,11424767.0,2,4,B,lu-mz,4,4,250,304,208,17,969.45,1027.58,1997.03,242.36,256.9,499.26,124.81,4.0, sdumont6168,9985.15
6.0,192,6,457285.5,143500.0,49633.0,1084656.0,501.76,2109.44,1054.72,4218.88,4.0,0,0.0,4.0,4n-2m-4th-Bc-lu-mz,sequana_cpu_dev,4,11424776.0,2,4,B,lu-mz,4,4,250,304,208,17,976.26,1034.76,2011.02,263.57,279.94,543.52,135.88,3.75, sdumont6167,12066.119999999999
28.0,512,16,585201.0,145644.0,66560.0,1298248.0,542.72,2109.44,1198.08,4218.88,4.0,0,2.0,8.0,4n-2m-4th-Cc-lu-mz,sequana_cpu_dev,4,11424780.0,2,4,C,lu-mz,4,4,250,480,320,28,4510.09,4725.13,9235.22,300.67,315.01,615.68,153.92,15.0, sdumont6165,147763.52
21.0,512,16,484892.5,143956.0,53749.5,1085412.0,542.72,2109.44,1208.32,4218.88,6.0,0,0.0,2.0,4n-2m-4th-Cc-lu-mz,sequana_cpu_dev,4,11424783.0,2,4,C,lu-mz,4,4,250,480,320,28,4515.61,4725.65,9241.25,301.04,315.04,616.08,154.02,15.0, sdumont6165,147860.0
21.0,512,16,402600.0,140820.0,49696.5,645636.0,522.24,2109.44,1198.08,4218.88,8.0,0,4.0,23.0,4n-2m-4th-Cc-lu-mz,sequana_cpu_dev,4,11424787.0,2,4,C,lu-mz,4,4,250,480,320,28,4518.87,4732.22,9251.09,301.26,315.48,616.74,154.18,15.0, sdumont6166,148017.44
1.0,144,3,541645.5,145296.0,55707.0,1088576.0,491.52,2109.44,1024.0,4218.88,6.0,0,5.0,31.0,4n-2m-6th-Ac-lu-mz,sequana_cpu_dev,4,11424790.0,2,6,A,lu-mz,4,4,250,128,128,16,274.93,283.47,558.4,236.92,247.28,484.2,121.05,1.25, sdumont6167,1675.1999999999998
0.0,288,6,540598.0,101096.0,17119.5,885612.0,522.24,2109.44,1064.96,4218.88,4.0,0,0.0,4.0,4n-2m-6th-Ac-lu-mz,sequana_cpu_dev,4,11424793.0,2,6,A,lu-mz,4,4,250,128,128,16,603.05,610.2,1213.25,161.3,164.11,325.41,81.35,3.75, sdumont6169,7279.5
0.0,144,3,538545.5,143504.0,33616.5,1301304.0,512.0,2109.44,1034.24,4218.88,1.0,0,1.0,7.0,4n-2m-6th-Ac-lu-mz,sequana_cpu_dev,4,11424801.0,2,6,A,lu-mz,4,4,250,128,128,16,298.42,294.72,593.14,219.88,216.25,436.14,109.03,1.5, sdumont6169,1779.42
1.0,240,5,464306.5,144228.0,21233.0,1301516.0,512.0,2109.44,1044.48,4218.88,1.0,0,0.0,3.0,4n-2m-6th-Bc-lu-mz,sequana_cpu_dev,4,11424805.0,2,6,B,lu-mz,4,4,250,304,208,17,700.34,723.15,1423.49,205.4,211.62,417.01,104.25,3.5, sdumont6168,7117.45
7.0,240,5,494500.5,143584.0,55808.0,1088644.0,501.76,2109.44,1034.24,4218.88,1.0,0,1.0,4.0,4n-2m-6th-Bc-lu-mz,sequana_cpu_dev,4,11424812.0,2,6,B,lu-mz,4,4,250,304,208,17,730.28,755.74,1486.03,214.59,221.47,436.05,109.01,3.5, sdumont6168,7430.15
5.0,240,5,569228.5,143908.0,55411.0,1301520.0,512.0,2109.44,1044.48,4218.88,1.0,0,2.0,10.0,4n-2m-6th-Bc-lu-mz,sequana_cpu_dev,4,11424817.0,2,6,B,lu-mz,4,4,250,304,208,17,715.23,738.58,1453.8,224.68,230.6,455.28,113.82,3.25, sdumont6237,7269.0
29.0,576,12,505629.0,143860.0,65909.5,1089676.0,512.0,2109.44,1136.64,4218.88,4.0,0,7.0,37.0,4n-2m-6th-Cc-lu-mz,sequana_cpu_dev,4,11424821.0,2,6,C,lu-mz,4,4,250,480,320,28,3518.15,3663.77,7181.92,351.82,366.38,718.19,179.55,10.0, sdumont6165,86183.04000000001
21.0,576,12,540461.5,143792.0,54255.5,1089676.0,532.48,2109.44,1136.64,4218.88,4.0,0,1.0,4.0,4n-2m-6th-Cc-lu-mz,sequana_cpu_dev,4,11424825.0,2,6,C,lu-mz,4,4,250,480,320,28,3516.89,3659.03,7175.92,319.72,332.64,652.36,163.09,11.0, sdumont6168,86111.04000000001
28.0,576,12,588616.5,144652.0,67552.0,1302372.0,532.48,2109.44,1136.64,4218.88,4.0,0,1.0,5.0,4n-2m-6th-Cc-lu-mz,sequana_cpu_dev,4,11424830.0,2,6,C,lu-mz,4,4,250,480,320,28,3497.47,3645.26,7142.73,349.75,364.53,714.27,178.57,10.0, sdumont6167,85712.76
2.0,192,3,595678.0,143472.0,72487.5,1305524.0,501.76,2109.44,1024.0,4218.88,6.0,0,4.0,16.0,4n-2m-8th-Ac-lu-mz,sequana_cpu_dev,4,11424836.0,2,8,A,lu-mz,4,4,250,128,128,16,286.34,298.72,585.06,182.84,187.44,370.28,92.57,1.75, sdumont6166,1755.1799999999998
2.0,192,3,595678.5,143280.0,72570.0,1305492.0,501.76,2109.44,1013.76,4218.88,6.0,0,3.0,12.0,4n-2m-8th-Ac-lu-mz,sequana_cpu_dev,4,11424839.0,2,8,A,lu-mz,4,4,250,128,128,16,285.92,295.58,581.51,212.12,221.91,434.03,108.51,1.5, sdumont6166,1744.53
8.0,256,4,508700.5,143656.0,66951.5,1092892.0,501.76,2109.44,1034.24,4218.88,7.0,0,9.0,43.0,4n-2m-8th-Bc-lu-mz,sequana_cpu_dev,4,11424842.0,2,8,B,lu-mz,4,4,250,304,208,17,783.37,825.38,1608.75,391.68,412.69,804.37,201.09,2.0, sdumont6165,6435.0
6.0,256,4,513847.5,145504.0,54638.0,1092892.0,501.76,2109.44,1034.24,4218.88,6.0,0,6.0,45.0,4n-2m-8th-Bc-lu-mz,sequana_cpu_dev,4,11424845.0,2,8,B,lu-mz,4,4,250,304,208,17,789.85,833.58,1623.42,331.81,350.2,682.01,170.5,2.5, sdumont6165,6493.68
8.0,256,4,528744.0,144324.0,61286.0,1305752.0,501.76,2109.44,1044.48,4218.88,14.0,0,3.0,12.0,4n-2m-8th-Bc-lu-mz,sequana_cpu_dev,4,11424853.0,2,8,B,lu-mz,4,4,250,304,208,17,793.57,836.1,1629.67,264.52,278.7,543.22,135.81,3.0, sdumont6168,6518.68
22.0,576,9,539271.0,143940.0,50666.0,1093792.0,542.72,2109.44,1116.16,4218.88,14.0,0,6.0,51.0,4n-2m-8th-Cc-lu-mz,sequana_cpu_dev,4,11424861.0,2,8,C,lu-mz,4,4,250,480,320,28,2935.99,3047.93,5983.91,367.0,380.99,747.99,187.0,8.0, sdumont6167,53855.19
22.0,640,10,482722.5,143700.0,49020.0,1093652.0,522.24,2109.44,1116.16,4218.88,13.0,0,1.0,5.0,4n-2m-8th-Cc-lu-mz,sequana_cpu_dev,4,11424864.0,2,8,C,lu-mz,4,4,250,480,320,28,2914.44,3033.09,5947.52,353.18,368.31,721.5,180.37,8.25, sdumont6166,59475.200000000004
30.0,576,9,507706.5,143764.0,65934.0,1093652.0,512.0,2109.44,1095.68,4218.88,13.0,0,2.0,7.0,4n-2m-8th-Cc-lu-mz,sequana_cpu_dev,4,11424867.0,2,8,C,lu-mz,4,4,250,480,320,28,2929.26,3040.44,5969.69,366.16,380.05,746.21,186.55,8.0, sdumont6166,53727.21
2.0,240,3,597737.0,143788.0,72287.0,1309640.0,501.76,2109.44,1024.0,4218.88,7.0,0,12.0,51.0,4n-2m-10th-Ac-lu-mz,sequana_cpu_dev,4,11424871.0,2,10,A,lu-mz,4,4,250,128,128,16,291.24,299.12,590.36,291.24,299.12,590.36,147.59,1.0, sdumont6167,1771.08
1.0,320,4,577349.0,143956.0,38905.5,1309644.0,522.24,2109.44,1044.48,4218.88,2.0,0,47.0,364.0,4n-2m-10th-Ac-lu-mz,sequana_cpu_dev,4,11424875.0,2,10,A,lu-mz,4,4,250,128,128,16,405.91,431.82,837.73,135.3,143.94,279.24,69.81,3.0, sdumont6236,3350.92
4.0,320,4,399232.0,98488.0,27308.5,613172.0,512.0,2109.44,1054.72,4218.88,3.0,0,7.0,41.0,4n-2m-10th-Bc-lu-mz,sequana_cpu_dev,4,11424881.0,2,10,B,lu-mz,4,4,250,304,208,17,598.38,628.85,1227.23,299.19,314.43,613.62,153.4,2.0, sdumont6169,4908.92
8.0,320,4,647280.5,144012.0,67743.5,1309748.0,501.76,2109.44,1024.0,4218.88,1.0,0,4.0,17.0,4n-2m-10th-Bc-lu-mz,sequana_cpu_dev,4,11424886.0,2,10,B,lu-mz,4,4,250,304,208,17,597.42,622.38,1219.8,298.71,311.19,609.9,152.48,2.0, sdumont6168,4879.2
6.0,320,4,425045.0,140684.0,44623.0,657292.0,501.76,2109.44,1034.24,4218.88,1.0,0,4.0,13.0,4n-2m-10th-Bc-lu-mz,sequana_cpu_dev,4,11424890.0,2,10,B,lu-mz,4,4,250,304,208,17,473.8,511.3,985.1,236.9,255.65,492.55,123.14,2.0, sdumont6169,3940.4
23.0,720,9,591752.0,144432.0,49480.5,1310600.0,532.48,2109.44,1085.44,4218.88,1.0,0,7.0,38.0,4n-2m-10th-Cc-lu-mz,sequana_cpu_dev,4,11424896.0,2,10,C,lu-mz,4,4,250,480,320,28,2715.53,2800.55,5516.08,387.93,400.08,788.01,197.0,7.0, sdumont6221,49644.72
31.0,720,9,536946.5,144356.0,49205.5,1310604.0,512.0,2109.44,1085.44,4218.88,1.0,0,4.0,14.0,4n-2m-10th-Cc-lu-mz,sequana_cpu_dev,4,11424899.0,2,10,C,lu-mz,4,4,250,480,320,28,2733.65,2811.97,5545.62,422.93,434.18,857.12,214.28,6.5, sdumont6236,49910.58
31.0,720,9,586012.5,144544.0,61644.5,1310580.0,522.24,2109.44,1085.44,4218.88,1.0,0,4.0,12.0,4n-2m-10th-Cc-lu-mz,sequana_cpu_dev,4,11424902.0,2,10,C,lu-mz,4,4,250,480,320,28,2715.92,2797.65,5513.57,387.99,399.66,787.65,196.91,7.0, sdumont6169,49622.13
2.0,288,3,486987.5,142008.0,49994.0,1100928.0,501.76,2109.44,1034.24,4218.88,1.0,0,12.0,66.0,4n-2m-12th-Ac-lu-mz,sequana_cpu_dev,4,11424906.0,2,12,A,lu-mz,4,4,250,128,128,16,312.92,322.83,635.75,312.92,322.83,635.75,158.94,1.0, sdumont6169,1907.25
2.0,288,3,567316.0,143732.0,49969.5,1313760.0,501.76,2109.44,1024.0,4218.88,1.0,0,8.0,28.0,4n-2m-12th-Ac-lu-mz,sequana_cpu_dev,4,11424913.0,2,12,A,lu-mz,4,4,250,128,128,16,312.21,324.35,636.56,312.21,324.35,636.56,159.14,1.0, sdumont6266,1909.6799999999998
10.0,384,4,587729.0,145968.0,61578.5,1313868.0,501.76,2109.44,1044.48,4218.88,1.0,0,14.0,70.0,4n-2m-12th-Bc-lu-mz,sequana_cpu_dev,4,11424918.0,2,12,B,lu-mz,4,4,250,304,208,17,880.41,928.63,1809.04,440.2,464.31,904.52,226.13,2.0, sdumont6266,7236.16
7.0,384,4,513391.5,143948.0,50537.5,1313876.0,512.0,2109.44,1044.48,4218.88,1.0,0,4.0,14.0,4n-2m-12th-Bc-lu-mz,sequana_cpu_dev,4,11424922.0,2,12,B,lu-mz,4,4,250,304,208,17,883.4,930.54,1813.94,441.7,465.27,906.97,226.74,2.0, sdumont6168,7255.76
10.0,288,3,594442.5,144416.0,67538.0,1313868.0,501.76,2109.44,1034.24,4218.88,3.0,0,7.0,16.0,4n-2m-12th-Bc-lu-mz,sequana_cpu_dev,4,11424925.0,2,12,B,lu-mz,4,4,250,304,208,17,885.06,931.05,1816.11,442.53,465.52,908.06,227.01,2.0, sdumont6266,5448.33
17.0,960,10,400893.5,101684.0,27565.0,620960.0,532.48,2109.44,1157.12,4218.88,1.0,0,7.0,48.0,4n-2m-12th-Cc-lu-mz,sequana_cpu_dev,4,11424928.0,2,12,C,lu-mz,4,4,250,480,320,28,2896.72,3048.76,5945.48,362.09,381.09,743.19,185.8,8.0, sdumont6168,59454.799999999996
26.0,768,8,573217.0,144692.0,55709.5,1314724.0,522.24,2109.44,1095.68,4218.88,1.0,0,4.0,17.0,4n-2m-12th-Cc-lu-mz,sequana_cpu_dev,4,11424930.0,2,12,C,lu-mz,4,4,250,480,320,28,2857.71,3012.43,5870.14,476.28,502.07,978.36,244.59,6.0, sdumont6168,46961.12
26.0,768,8,568991.0,144508.0,50878.0,1314724.0,532.48,2109.44,1095.68,4218.88,1.0,0,5.0,15.0,4n-2m-12th-Cc-lu-mz,sequana_cpu_dev,4,11424934.0,2,12,C,lu-mz,4,4,250,480,320,28,2833.26,3009.58,5842.84,472.21,501.6,973.81,243.45,6.0, sdumont6266,46742.72
2.0,336,3,575334.5,145592.0,55808.0,1317876.0,512.0,2109.44,1034.24,4218.88,1.0,0,18.0,65.0,4n-2m-14th-Ac-lu-mz,sequana_cpu_dev,4,11424937.0,2,14,A,lu-mz,4,4,250,128,128,16,318.88,320.18,639.05,318.88,320.18,639.05,159.76,1.0, sdumont6236,1917.1499999999999
8.0,448,4,572885.0,144220.0,54278.0,1317988.0,501.76,2109.44,1024.0,4218.88,1.0,0,7.0,26.0,4n-2m-14th-Bc-lu-mz,sequana_cpu_dev,4,11424948.0,2,14,B,lu-mz,4,4,250,304,208,17,487.61,520.22,1007.84,243.81,260.11,503.92,125.98,2.0, sdumont6236,4031.36
8.0,672,6,493840.0,143784.0,55322.5,1105248.0,512.0,2109.44,1085.44,4218.88,1.0,0,55.0,415.0,4n-2m-14th-Bc-lu-mz,sequana_cpu_dev,4,11424951.0,2,14,B,lu-mz,4,4,250,304,208,17,1178.8,1223.86,2402.66,294.7,305.97,600.67,150.17,4.0, sdumont6168,14415.96
10.0,448,4,594900.5,145700.0,66455.5,1317992.0,501.76,2109.44,1044.48,4218.88,1.0,0,13.0,31.0,4n-2m-14th-Bc-lu-mz,sequana_cpu_dev,4,11424956.0,2,14,B,lu-mz,4,4,250,304,208,17,479.27,518.2,997.47,239.63,259.1,498.74,124.68,2.0, sdumont6236,3989.88
27.0,896,8,508497.0,144452.0,44210.5,1318836.0,512.0,2109.44,1075.2,4218.88,1.0,0,8.0,26.0,4n-2m-14th-Cc-lu-mz,sequana_cpu_dev,4,11424959.0,2,14,C,lu-mz,4,4,250,480,320,28,2252.99,2345.21,4598.2,375.5,390.87,766.37,191.59,6.0, sdumont6236,36785.6
36.0,896,8,651801.0,144748.0,68012.5,1318836.0,522.24,2109.44,1085.44,4218.88,1.0,0,9.0,22.0,4n-2m-14th-Cc-lu-mz,sequana_cpu_dev,4,11424963.0,2,14,C,lu-mz,4,4,250,480,320,28,2459.8,2563.13,5022.92,409.97,427.19,837.15,209.29,6.0, sdumont6168,40183.36
36.0,896,8,561828.0,144068.0,59914.0,1106136.0,512.0,2109.44,1064.96,4218.88,0.0,0,9.0,29.0,4n-2m-14th-Cc-lu-mz,sequana_cpu_dev,4,11424967.0,2,14,C,lu-mz,4,4,250,480,320,28,2246.39,2339.08,4585.48,374.4,389.85,764.25,191.06,6.0, sdumont6169,36683.84
2.0,512,4,544882.5,145352.0,50768.5,1109168.0,512.0,2109.44,1054.72,4218.88,3.0,0,59.0,389.0,4n-2m-16th-Ac-lu-mz,sequana_cpu_dev,4,11424976.0,2,16,A,lu-mz,4,4,250,128,128,16,560.07,574.74,1134.81,186.69,191.58,378.27,94.57,3.0, sdumont6169,4539.24
6.0,512,4,439687.0,143848.0,33254.5,1109364.0,512.0,2109.44,1034.24,4218.88,1.0,0,6.0,26.0,4n-2m-16th-Bc-lu-mz,sequana_cpu_dev,4,11424981.0,2,16,B,lu-mz,4,4,250,304,208,17,382.08,422.9,804.98,191.04,211.45,402.49,100.62,2.0, sdumont6169,3219.92
12.0,512,4,652288.0,145536.0,67148.0,1322112.0,501.76,2109.44,1024.0,4218.88,1.0,0,13.0,33.0,4n-2m-16th-Bc-lu-mz,sequana_cpu_dev,4,11424986.0,2,16,B,lu-mz,4,4,250,304,208,17,394.6,441.38,835.98,197.3,220.69,417.99,104.5,2.0, sdumont6169,3343.92
12.0,512,4,598859.0,144352.0,67863.5,1322172.0,501.76,2109.44,1024.0,4218.88,1.0,0,16.0,45.0,4n-2m-16th-Bc-lu-mz,sequana_cpu_dev,4,11424992.0,2,16,B,lu-mz,4,4,250,304,208,17,389.28,434.14,823.43,194.64,217.07,411.71,102.93,2.0, sdumont6168,3293.72
39.0,896,7,652340.5,144708.0,66804.0,1322956.0,522.24,2109.44,1075.2,4218.88,21.0,0,16.0,55.0,4n-2m-16th-Cc-lu-mz,sequana_cpu_dev,4,11425001.0,2,16,C,lu-mz,4,4,250,480,320,28,2307.96,2472.2,4780.17,461.59,494.44,956.03,239.01,5.0, sdumont6168,33461.19
29.0,1024,8,479308.5,143920.0,40278.5,1110252.0,512.0,2109.44,1075.2,4218.88,20.0,0,7.0,22.0,4n-2m-16th-Cc-lu-mz,sequana_cpu_dev,4,11425004.0,2,16,C,lu-mz,4,4,250,480,320,28,2289.27,2450.55,4739.82,457.85,490.11,947.96,236.99,5.0, sdumont6168,37918.56
38.0,1024,8,593828.5,144776.0,62879.0,1322928.0,512.0,2109.44,1075.2,4218.88,20.0,0,11.0,26.0,4n-2m-16th-Cc-lu-mz,sequana_cpu_dev,4,11425008.0,2,16,C,lu-mz,4,4,250,480,320,28,2284.2,2443.79,4727.99,456.84,488.76,945.6,236.4,5.0, sdumont6168,37823.92
8.0,432,3,484806.5,145840.0,44928.5,1113492.0,501.76,2109.44,1024.0,4218.88,4.0,0,20.0,64.0,4n-2m-18th-Bc-lu-mz,sequana_cpu_dev,4,11425020.0,2,18,B,lu-mz,4,4,250,304,208,17,398.14,431.22,829.36,199.07,215.61,414.68,103.67,2.0, sdumont6166,2488.08
11.0,432,3,595686.5,144424.0,62882.5,1326236.0,501.76,2109.44,1024.0,4218.88,6.0,0,13.0,32.0,4n-2m-18th-Bc-lu-mz,sequana_cpu_dev,4,11425023.0,2,18,B,lu-mz,4,4,250,304,208,17,373.8,407.33,781.12,186.9,203.66,390.56,97.64,2.0, sdumont6166,2343.36
11.0,432,3,653985.5,144684.0,66900.0,1326232.0,501.76,2109.44,1024.0,4218.88,1.0,0,15.0,36.0,4n-2m-18th-Bc-lu-mz,sequana_cpu_dev,4,11425025.0,2,18,B,lu-mz,4,4,250,304,208,17,391.72,425.89,817.61,195.86,212.94,408.81,102.2,2.0, sdumont6166,2452.83
44.0,1008,7,519518.5,144152.0,67308.5,1114376.0,501.76,2109.44,1075.2,4218.88,9.0,0,22.0,87.0,4n-2m-18th-Cc-lu-mz,sequana_cpu_dev,4,11425029.0,2,18,C,lu-mz,4,4,250,480,320,28,2343.8,2441.26,4785.06,390.63,406.88,797.51,199.38,6.0, sdumont6166,33495.420000000006
33.0,1008,7,491852.0,146312.0,50577.0,1114240.0,512.0,2109.44,1085.44,4218.88,6.0,0,10.0,32.0,4n-2m-18th-Cc-lu-mz,sequana_cpu_dev,4,11425033.0,2,18,C,lu-mz,4,4,250,480,320,28,2322.71,2417.23,4739.94,387.12,402.87,789.99,197.5,6.0, sdumont6167,33179.579999999994
33.0,1008,7,600977.0,144224.0,51080.0,1114388.0,522.24,2109.44,1075.2,4218.88,16.0,0,13.0,40.0,4n-2m-18th-Cc-lu-mz,sequana_cpu_dev,4,11425038.0,2,18,C,lu-mz,4,4,250,480,320,28,2326.72,2424.98,4751.71,387.79,404.16,791.95,197.99,6.0, sdumont6168,33261.97
3.0,320,2,548181.5,144504.0,50570.5,1117400.0,512.0,2109.44,1034.24,4218.88,16.0,0,26.0,111.0,4n-2m-20th-Ac-lu-mz,sequana_cpu_dev,4,11425041.0,2,20,A,lu-mz,4,4,250,128,128,16,312.09,325.33,637.42,312.09,325.33,637.42,159.35,1.0, sdumont6167,1274.84
13.0,640,4,514426.5,145892.0,61203.5,1117604.0,491.52,2109.44,1013.76,4218.88,4.0,0,27.0,82.0,4n-2m-20th-Bc-lu-mz,sequana_cpu_dev,4,11425052.0,2,20,B,lu-mz,4,4,250,304,208,17,403.22,450.11,853.34,201.61,225.06,426.67,106.67,2.0, sdumont6167,3413.36
6.0,640,4,465222.0,144064.0,33389.5,1117604.0,512.0,2109.44,1034.24,4218.88,4.0,0,12.0,67.0,4n-2m-20th-Bc-lu-mz,sequana_cpu_dev,4,11425055.0,2,20,B,lu-mz,4,4,250,304,208,17,407.62,453.63,861.24,203.81,226.81,430.62,107.66,2.0, sdumont6166,3444.96
10.0,640,4,547116.5,144148.0,50260.0,1117600.0,501.76,2109.44,1024.0,4218.88,3.0,0,15.0,51.0,4n-2m-20th-Bc-lu-mz,sequana_cpu_dev,4,11425058.0,2,20,B,lu-mz,4,4,250,304,208,17,387.3,432.81,820.11,193.65,216.41,410.05,102.51,2.0, sdumont6165,3280.44
33.0,1120,7,546697.5,144128.0,49286.0,1118496.0,522.24,2109.44,1085.44,4218.88,4.0,0,18.0,74.0,4n-2m-20th-Cc-lu-mz,sequana_cpu_dev,4,11425061.0,2,20,C,lu-mz,4,4,250,480,320,28,2385.48,2556.62,4942.11,477.1,511.32,988.42,247.11,5.0, sdumont6166,34594.77
33.0,1120,7,493429.5,143948.0,50294.0,1118360.0,512.0,2109.44,1085.44,4218.88,6.0,0,12.0,40.0,4n-2m-20th-Cc-lu-mz,sequana_cpu_dev,4,11425064.0,2,20,C,lu-mz,4,4,250,480,320,28,2398.48,2564.06,4962.54,479.7,512.81,992.51,248.13,5.0, sdumont6168,34737.78
33.0,1120,7,497248.0,144196.0,54191.5,1118500.0,512.0,2109.44,1085.44,4218.88,1.0,0,11.0,34.0,4n-2m-20th-Cc-lu-mz,sequana_cpu_dev,4,11425066.0,2,20,C,lu-mz,4,4,250,480,320,28,2404.39,2560.48,4964.86,400.73,426.75,827.48,206.87,6.0, sdumont6166,34754.02
4.0,528,3,604587.5,144132.0,67018.5,1334356.0,501.76,2109.44,1024.0,4218.88,14.0,0,29.0,99.0,4n-2m-22th-Ac-lu-mz,sequana_cpu_dev,4,11425076.0,2,22,A,lu-mz,4,4,250,128,128,16,317.49,324.85,642.34,317.49,324.85,642.34,160.58,1.0, sdumont6167,1927.02
3.0,704,4,372396.0,144096.0,20991.5,1121732.0,532.48,2109.44,1085.44,4218.88,14.0,0,10.0,86.0,4n-2m-22th-Bc-lu-mz,sequana_cpu_dev,4,11425079.0,2,22,B,lu-mz,4,4,250,304,208,17,402.33,436.24,838.57,201.16,218.12,419.28,104.82,2.0, sdumont6168,3354.28
15.0,704,4,515473.0,144008.0,45348.0,1121728.0,501.76,2109.44,1034.24,4218.88,14.0,0,23.0,59.0,4n-2m-22th-Bc-lu-mz,sequana_cpu_dev,4,11425082.0,2,22,B,lu-mz,4,4,250,304,208,17,413.83,449.61,863.44,366.53,396.85,763.38,190.84,1.25, sdumont6168,3453.76
11.0,528,3,663997.0,145880.0,56807.0,1121724.0,512.0,2109.44,1034.24,4218.88,14.0,0,13.0,52.0,4n-2m-22th-Bc-lu-mz,sequana_cpu_dev,4,11425085.0,2,22,B,lu-mz,4,4,250,304,208,17,401.61,437.24,838.84,200.8,218.62,419.42,104.86,2.0, sdumont6168,2516.52
49.0,1232,7,598362.5,145044.0,61547.5,1335320.0,512.0,2109.44,1075.2,4218.88,1.0,0,19.0,44.0,4n-2m-22th-Cc-lu-mz,sequana_cpu_dev,4,11425087.0,2,22,C,lu-mz,4,4,250,480,320,28,2393.41,2486.16,4879.57,459.48,477.02,936.5,234.12,5.25, sdumont6166,34156.99
49.0,1232,7,516445.0,144292.0,60767.0,1122488.0,501.76,2109.44,1075.2,4218.88,1.0,0,20.0,46.0,4n-2m-22th-Cc-lu-mz,sequana_cpu_dev,4,11425090.0,2,22,C,lu-mz,4,4,250,480,320,28,2385.81,2474.59,4860.4,457.74,474.49,932.22,233.06,5.25, sdumont6166,34022.799999999996
49.0,1232,7,599596.0,145116.0,62810.0,1335324.0,512.0,2109.44,1075.2,4218.88,1.0,0,21.0,49.0,4n-2m-22th-Cc-lu-mz,sequana_cpu_dev,4,11425094.0,2,22,C,lu-mz,4,4,250,480,320,28,2407.82,2499.59,4907.41,462.15,479.54,941.69,235.42,5.25, sdumont6167,34351.869999999995
12.0,768,4,489513.0,144136.0,44148.5,1125848.0,501.76,2109.44,1034.24,4218.88,1.0,0,19.0,58.0,4n-2m-24th-Bc-lu-mz,sequana_cpu_dev,4,11425106.0,2,24,B,lu-mz,4,4,250,304,208,17,404.02,439.43,843.44,185.97,201.82,387.8,96.95,2.25, sdumont6165,3373.76
12.0,768,4,582167.0,144628.0,56208.0,1338704.0,501.76,2109.44,1034.24,4218.88,5.0,0,15.0,46.0,4n-2m-24th-Bc-lu-mz,sequana_cpu_dev,4,11425109.0,2,24,B,lu-mz,4,4,250,304,208,17,399.22,433.34,832.56,184.73,200.24,384.97,96.24,2.25, sdumont6167,3330.24
16.0,768,4,573251.0,144156.0,61457.5,1125844.0,501.76,2109.44,1024.0,4218.88,1.0,0,23.0,66.0,4n-2m-24th-Bc-lu-mz,sequana_cpu_dev,4,11425111.0,2,24,B,lu-mz,4,4,250,304,208,17,407.23,442.58,849.81,188.09,203.89,391.98,98.0,2.25, sdumont6165,3399.24
13.0,1344,7,443405.5,144436.0,21348.0,1126592.0,542.72,2109.44,1085.44,4218.88,12.0,0,7.0,57.0,4n-2m-24th-Cc-lu-mz,sequana_cpu_dev,4,11425115.0,2,24,C,lu-mz,4,4,250,480,320,28,2474.58,2579.33,5053.91,412.43,429.89,842.32,210.58,6.0, sdumont6166,35377.369999999995
54.0,1344,7,518537.0,144420.0,60812.5,1126728.0,501.76,2109.44,1075.2,4218.88,13.0,0,23.0,56.0,4n-2m-24th-Cc-lu-mz,sequana_cpu_dev,4,11425118.0,2,24,C,lu-mz,4,4,250,480,320,28,2499.06,2599.21,5098.27,479.58,498.57,978.15,244.54,5.25, sdumont6166,35687.89
54.0,1344,7,662131.5,145236.0,68166.0,1339428.0,532.48,2109.44,1075.2,4218.88,12.0,0,25.0,54.0,4n-2m-24th-Cc-lu-mz,sequana_cpu_dev,4,11425121.0,2,24,C,lu-mz,4,4,250,480,320,28,2482.26,2593.43,5075.69,413.71,432.24,845.95,211.49,6.0, sdumont6166,35529.829999999994
0.0,26,13,265348.0,3088.0,3088.0,265348.0,0.0,0.0,0.0,0.0,1.0,0,0.0,0.0,1n-1m-2th-Ac-lu-mz,sequana_cpu_dev,1,11428646.0,1,2,A,lu-mz,4,4,250,128,128,16,731.08,488.17,1219.25,60.92,40.68,101.6,101.6,12.0, sdumont6167,15850.25
59.0,98,49,1432856.0,296836.0,296836.0,1432856.0,1239.04,4208.64,1239.04,4208.64,1.0,0,40.0,40.0,1n-1m-2th-Bc-lu-mz,sequana_cpu_dev,1,11428650.0,1,2,B,lu-mz,4,4,250,304,208,17,2837.09,1961.49,4798.58,59.11,40.86,99.97,99.97,48.0, sdumont6165,235130.41999999998
357.0,416,208,2111512.0,753924.0,753924.0,2111512.0,3205.12,4229.12,3205.12,4229.12,1.0,0,0.0,0.0,1n-1m-2th-Cc-lu-mz,sequana_cpu_dev,1,11428655.0,1,2,C,lu-mz,4,4,250,480,320,28,14567.75,9227.48,23795.23,70.38,44.58,114.95,114.95,207.0, sdumont6167,4949407.84
0.0,32,8,265348.0,3132.0,3132.0,265348.0,0.0,0.0,0.0,0.0,1.0,0,0.0,0.0,1n-1m-4th-Ac-lu-mz,sequana_cpu_dev,1,11428659.0,1,4,A,lu-mz,4,4,250,128,128,16,470.43,272.77,743.2,67.2,38.97,106.17,106.17,7.0, sdumont6167,5945.6
0.0,112,28,265348.0,2976.0,2976.0,265348.0,0.0,0.0,0.0,0.0,1.0,0,0.0,0.0,1n-1m-4th-Bc-lu-mz,sequana_cpu_dev,1,11428661.0,1,4,B,lu-mz,4,4,250,304,208,17,1879.72,1121.08,3000.8,69.62,41.52,111.14,111.14,27.0, sdumont6165,84022.40000000001
356.0,492,123,1892804.0,751692.0,751692.0,1892804.0,2027.52,4218.88,2027.52,4218.88,1.0,0,49.0,49.0,1n-1m-4th-Cc-lu-mz,sequana_cpu_dev,1,11428665.0,1,4,C,lu-mz,4,4,250,480,320,28,8432.78,4624.25,13057.03,75.29,41.29,116.58,116.58,112.0, sdumont6165,1606014.6900000002
0.0,42,7,265348.0,3076.0,3076.0,265348.0,0.0,0.0,0.0,0.0,4.0,0,0.0,0.0,1n-1m-6th-Ac-lu-mz,sequana_cpu_dev,1,11428669.0,1,6,A,lu-mz,4,4,250,128,128,16,335.2,189.91,525.12,55.87,31.65,87.52,87.52,6.0, sdumont6165,3675.84
0.0,132,22,265348.0,3056.0,3056.0,265348.0,0.0,0.0,0.0,0.0,1.0,0,0.0,0.0,1n-1m-6th-Bc-lu-mz,sequana_cpu_dev,1,11428674.0,1,6,B,lu-mz,4,4,250,304,208,17,1619.47,745.83,2365.3,77.12,35.52,112.63,112.63,21.0, sdumont6166,52036.600000000006
356.0,462,77,1896916.0,753988.0,753988.0,1896916.0,1628.16,4218.88,1628.16,4218.88,1.0,0,17.0,17.0,1n-1m-6th-Cc-lu-mz,sequana_cpu_dev,1,11428676.0,1,6,C,lu-mz,4,4,250,480,320,28,6813.88,3152.63,9966.51,89.66,41.48,131.14,131.14,76.0, sdumont6165,767421.27
0.0,40,5,265348.0,1028.0,1028.0,265348.0,0.0,0.0,0.0,0.0,1.0,0,0.0,0.0,1n-1m-8th-Ac-lu-mz,sequana_cpu_dev,1,11428680.0,1,8,A,lu-mz,4,4,250,128,128,16,312.23,149.36,461.59,78.06,37.34,115.4,115.4,4.0, sdumont6165,2307.95
0.0,144,18,265348.0,1032.0,1032.0,265348.0,0.0,0.0,0.0,0.0,1.0,0,0.0,0.0,1n-1m-8th-Bc-lu-mz,sequana_cpu_dev,1,11428682.0,1,8,B,lu-mz,4,4,250,304,208,17,1452.28,657.19,2109.46,85.43,38.66,124.09,124.09,17.0, sdumont6165,37970.28
475.0,488,61,1901032.0,752348.0,752348.0,1901032.0,1628.16,4218.88,1628.16,4218.88,0.0,0,5.0,5.0,1n-1m-8th-Cc-lu-mz,sequana_cpu_dev,1,11428684.0,1,8,C,lu-mz,4,4,250,480,320,28,5970.42,2446.55,8416.97,99.51,40.78,140.28,140.28,60.0, sdumont6165,513435.17
0.0,50,5,265348.0,1036.0,1036.0,265348.0,0.0,0.0,0.0,0.0,1.0,0,0.0,0.0,1n-1m-10th-Ac-lu-mz,sequana_cpu_dev,1,11428688.0,1,10,A,lu-mz,4,4,250,128,128,16,343.37,145.73,489.1,85.84,36.43,122.27,122.27,4.0, sdumont6165,2445.5
0.0,150,15,265348.0,1040.0,1040.0,265348.0,0.0,0.0,0.0,0.0,1.0,0,0.0,0.0,1n-1m-10th-Bc-lu-mz,sequana_cpu_dev,1,11428691.0,1,10,B,lu-mz,4,4,250,304,208,17,1311.64,461.07,1772.71,93.69,32.93,126.62,126.62,14.0, sdumont6166,26590.65
294.0,510,51,1905140.0,752156.0,752156.0,1905140.0,1239.04,4208.64,1239.04,4208.64,1.0,0,62.0,62.0,1n-1m-10th-Cc-lu-mz,sequana_cpu_dev,1,11428696.0,1,10,C,lu-mz,4,4,250,480,320,28,5776.79,1901.06,7677.85,117.89,38.8,156.69,156.69,49.0, sdumont6166,391570.35000000003
0.0,48,4,265348.0,1036.0,1036.0,265348.0,0.0,0.0,0.0,0.0,1.0,0,0.0,0.0,1n-1m-12th-Ac-lu-mz,sequana_cpu_dev,1,11428698.0,1,12,A,lu-mz,4,4,250,128,128,16,371.01,137.23,508.25,123.67,45.74,169.42,169.42,3.0, sdumont6166,2033.0
0.0,180,15,265348.0,1036.0,1036.0,265348.0,0.0,0.0,0.0,0.0,1.0,0,0.0,0.0,1n-1m-12th-Bc-lu-mz,sequana_cpu_dev,1,11428700.0,1,12,B,lu-mz,4,4,250,304,208,17,1443.79,561.76,2005.56,103.13,40.13,143.25,143.25,14.0, sdumont6165,30083.399999999998
353.0,576,48,1909248.0,754212.0,754212.0,1909248.0,1239.04,4208.64,1239.04,4208.64,1.0,0,67.0,67.0,1n-1m-12th-Cc-lu-mz,sequana_cpu_dev,1,11428703.0,1,12,C,lu-mz,4,4,250,480,320,28,5445.31,1745.6,7190.9,115.86,37.14,153.0,153.0,47.0, sdumont6166,345163.19999999995
0.0,70,5,265348.0,1036.0,1036.0,265348.0,0.0,0.0,0.0,0.0,1.0,0,0.0,0.0,1n-1m-14th-Ac-lu-mz,sequana_cpu_dev,1,11428705.0,1,14,A,lu-mz,4,4,250,128,128,16,374.44,147.36,521.8,93.61,36.84,130.45,130.45,4.0, sdumont6165,2609.0
0.0,182,13,265348.0,1036.0,1036.0,265348.0,0.0,0.0,0.0,0.0,1.0,0,0.0,0.0,1n-1m-14th-Bc-lu-mz,sequana_cpu_dev,1,11428708.0,1,14,B,lu-mz,4,4,250,304,208,17,1406.01,475.57,1881.58,117.17,39.63,156.8,156.8,12.0, sdumont6166,24460.54
412.0,602,43,1696416.0,751484.0,751484.0,1696416.0,1239.04,4208.64,1239.04,4208.64,1.0,0,15.0,15.0,1n-1m-14th-Cc-lu-mz,sequana_cpu_dev,1,11428712.0,1,14,C,lu-mz,4,4,250,480,320,28,4999.1,1770.13,6769.22,119.03,42.15,161.17,161.17,42.0, sdumont6165,291076.46
0.0,64,4,265348.0,1036.0,1036.0,265348.0,0.0,0.0,0.0,0.0,1.0,0,0.0,0.0,1n-1m-16th-Ac-lu-mz,sequana_cpu_dev,1,11428714.0,1,16,A,lu-mz,4,4,250,128,128,16,252.73,98.28,351.02,84.24,32.76,117.01,117.01,3.0, sdumont6165,1404.08
0.0,208,13,265348.0,1040.0,1040.0,265348.0,0.0,0.0,0.0,0.0,1.0,0,0.0,0.0,1n-1m-16th-Bc-lu-mz,sequana_cpu_dev,1,11428716.0,1,16,B,lu-mz,4,4,250,304,208,17,1282.44,458.97,1741.41,106.87,38.25,145.12,145.12,12.0, sdumont6165,22638.33
470.0,624,39,1917468.0,754436.0,754436.0,1917468.0,1239.04,4208.64,1239.04,4208.64,4.0,0,24.0,24.0,1n-1m-16th-Cc-lu-mz,sequana_cpu_dev,1,11428718.0,1,16,C,lu-mz,4,4,250,480,320,28,4638.06,1527.3,6165.36,122.05,40.19,162.25,162.25,38.0, sdumont6165,240449.03999999998
0.0,72,4,265348.0,1036.0,1036.0,265348.0,0.0,0.0,0.0,0.0,1.0,0,0.0,0.0,1n-1m-18th-Ac-lu-mz,sequana_cpu_dev,1,11428720.0,1,18,A,lu-mz,4,4,250,128,128,16,256.69,98.45,355.14,85.56,32.82,118.38,118.38,3.0, sdumont6165,1420.56
0.0,216,12,265348.0,1040.0,1040.0,265348.0,0.0,0.0,0.0,0.0,1.0,0,0.0,0.0,1n-1m-18th-Bc-lu-mz,sequana_cpu_dev,1,11428722.0,1,18,B,lu-mz,4,4,250,304,208,17,1174.92,408.99,1583.92,106.81,37.18,143.99,143.99,11.0, sdumont6165,19007.04
529.0,720,40,1921584.0,752252.0,752252.0,1921584.0,1239.04,4208.64,1239.04,4208.64,1.0,0,38.0,38.0,1n-1m-18th-Cc-lu-mz,sequana_cpu_dev,1,11428724.0,1,18,C,lu-mz,4,4,250,480,320,28,4849.06,1582.34,6431.41,124.33,40.57,164.91,164.91,39.0, sdumont6165,257256.4
0.0,280,14,265348.0,1032.0,1032.0,265348.0,0.0,0.0,0.0,0.0,1.0,0,0.0,0.0,1n-1m-20th-Ac-lu-mz,sequana_cpu_dev,1,11428726.0,1,20,A,lu-mz,4,4,250,128,128,16,454.75,220.81,675.56,37.9,18.4,56.3,56.3,12.0, sdumont6207,9457.84
0.0,300,15,265348.0,1036.0,1036.0,265348.0,0.0,0.0,0.0,0.0,0.0,0,0.0,0.0,1n-1m-20th-Bc-lu-mz,sequana_cpu_dev,1,11428729.0,1,20,B,lu-mz,4,4,250,304,208,17,1368.86,555.36,1924.22,97.78,39.67,137.44,137.44,14.0, sdumont6239,28863.3
586.0,740,37,2148508.0,754548.0,754548.0,2148508.0,1239.04,4208.64,1239.04,4208.64,1.0,0,107.0,107.0,1n-1m-20th-Cc-lu-mz,sequana_cpu_dev,1,11428732.0,1,20,C,lu-mz,4,4,250,480,320,28,4536.81,1544.49,6081.3,129.62,44.13,173.75,173.75,35.0, sdumont6239,225008.1
0.0,242,11,265348.0,3112.0,3112.0,265348.0,0.0,0.0,0.0,0.0,1.0,0,0.0,0.0,1n-1m-22th-Ac-lu-mz,sequana_cpu_dev,1,11428734.0,1,22,A,lu-mz,4,4,250,128,128,16,380.09,164.86,544.95,42.23,18.32,60.55,60.55,9.0, sdumont6207,5994.450000000001
639.0,704,32,1473932.0,297468.0,297468.0,1473932.0,1218.56,4208.64,1218.56,4208.64,1.0,0,113.0,113.0,1n-1m-22th-Bc-lu-mz,sequana_cpu_dev,1,11428736.0,1,22,B,lu-mz,4,4,250,304,208,17,1373.14,571.33,1944.47,45.77,19.04,64.82,64.82,30.0, sdumont6207,62223.04
645.0,814,37,1935976.0,755480.0,755480.0,1935976.0,1228.8,4208.64,1228.8,4208.64,1.0,0,38.0,38.0,1n-1m-22th-Cc-lu-mz,sequana_cpu_dev,1,11428738.0,1,22,C,lu-mz,4,4,250,480,320,28,4597.72,1552.69,6150.4,127.71,43.13,170.84,170.84,36.0, sdumont6239,227564.8
0.0,120,5,265348.0,1040.0,1040.0,265348.0,0.0,0.0,0.0,0.0,1.0,0,0.0,0.0,1n-1m-24th-Ac-lu-mz,sequana_cpu_dev,1,11428740.0,1,24,A,lu-mz,4,4,250,128,128,16,414.76,159.93,574.68,138.25,53.31,191.56,191.56,3.0, sdumont6239,2873.3999999999996
0.0,312,13,265348.0,1032.0,1032.0,265348.0,0.0,0.0,0.0,0.0,1.0,0,0.0,0.0,1n-1m-24th-Bc-lu-mz,sequana_cpu_dev,1,11428742.0,1,24,B,lu-mz,4,4,250,304,208,17,1413.91,501.69,1915.6,128.54,45.61,174.15,174.15,11.0, sdumont6239,24902.8
704.0,888,37,1939488.0,751912.0,751912.0,1939488.0,1228.8,4208.64,1228.8,4208.64,1.0,0,37.0,37.0,1n-1m-24th-Cc-lu-mz,sequana_cpu_dev,1,11428745.0,1,24,C,lu-mz,4,4,250,480,320,28,4756.7,1574.65,6331.35,135.91,44.99,180.9,180.9,35.0, sdumont6239,234259.95
0.0,156,6,265348.0,3040.0,3040.0,265348.0,0.0,0.0,0.0,0.0,1.0,0,0.0,0.0,1n-1m-26th-Ac-lu-mz,sequana_cpu_dev,1,11428747.0,1,26,A,lu-mz,4,4,250,128,128,16,405.67,213.21,618.88,135.22,71.07,206.29,206.29,3.0, sdumont6239,3713.2799999999997
0.0,312,12,265348.0,3100.0,3100.0,265348.0,0.0,0.0,0.0,0.0,1.0,0,0.0,0.0,1n-1m-26th-Bc-lu-mz,sequana_cpu_dev,1,11428749.0,1,26,B,lu-mz,4,4,250,304,208,17,1211.46,596.62,1808.08,121.15,59.66,180.81,180.81,10.0, sdumont6239,21696.96
761.0,884,34,1938164.0,753320.0,753320.0,1938164.0,1239.04,4208.64,1239.04,4208.64,4.0,0,37.0,37.0,1n-1m-26th-Cc-lu-mz,sequana_cpu_dev,1,11428751.0,1,26,C,lu-mz,4,4,250,480,320,28,4288.51,2092.5,6381.01,134.02,65.39,199.41,199.41,32.0, sdumont6239,216954.34
0.0,168,6,265348.0,3052.0,3052.0,265348.0,0.0,0.0,0.0,0.0,1.0,0,0.0,0.0,1n-1m-28th-Ac-lu-mz,sequana_cpu_dev,1,11428753.0,1,28,A,lu-mz,4,4,250,128,128,16,403.05,246.39,649.44,100.76,61.6,162.36,162.36,4.0, sdumont6239,3896.6400000000003
0.0,336,12,265348.0,3080.0,3080.0,265348.0,0.0,0.0,0.0,0.0,1.0,0,0.0,0.0,1n-1m-28th-Bc-lu-mz,sequana_cpu_dev,1,11428755.0,1,28,B,lu-mz,4,4,250,304,208,17,1228.73,704.24,1932.97,122.87,70.42,193.3,193.3,10.0, sdumont6239,23195.64
813.0,952,34,1947836.0,752176.0,752176.0,1947836.0,1228.8,4218.88,1228.8,4218.88,1.0,0,120.0,120.0,1n-1m-28th-Cc-lu-mz,sequana_cpu_dev,1,11428757.0,1,28,C,lu-mz,4,4,250,480,320,28,4172.32,2336.81,6509.12,130.38,73.03,203.41,203.41,32.0, sdumont6239,221310.08
0.0,150,5,265348.0,3048.0,3048.0,265348.0,0.0,0.0,0.0,0.0,1.0,0,0.0,0.0,1n-1m-30th-Ac-lu-mz,sequana_cpu_dev,1,11428759.0,1,30,A,lu-mz,4,4,250,128,128,16,396.64,274.41,671.05,99.16,68.6,167.76,167.76,4.0, sdumont6239,3355.25
0.0,360,12,265348.0,3148.0,3148.0,265348.0,0.0,0.0,0.0,0.0,1.0,0,0.0,0.0,1n-1m-30th-Bc-lu-mz,sequana_cpu_dev,1,11428761.0,1,30,B,lu-mz,4,4,250,304,208,17,1231.61,803.36,2034.98,123.16,80.34,203.5,203.5,10.0, sdumont6239,24419.760000000002
877.0,990,33,1951948.0,752200.0,752200.0,1951948.0,1228.8,4218.88,1228.8,4218.88,1.0,0,42.0,42.0,1n-1m-30th-Cc-lu-mz,sequana_cpu_dev,1,11428763.0,1,30,C,lu-mz,4,4,250,480,320,28,4165.99,2678.28,6844.27,134.39,86.4,220.78,220.78,31.0, sdumont6239,225860.91
0.0,128,4,265348.0,3076.0,3076.0,265348.0,0.0,0.0,0.0,0.0,1.0,0,0.0,0.0,1n-1m-32th-Ac-lu-mz,sequana_cpu_dev,1,11428765.0,1,32,A,lu-mz,4,4,250,128,128,16,252.94,198.94,451.88,84.31,66.31,150.63,150.63,3.0, sdumont6239,1807.52
0.0,352,11,265348.0,3116.0,3116.0,265348.0,0.0,0.0,0.0,0.0,1.0,0,0.0,0.0,1n-1m-32th-Bc-lu-mz,sequana_cpu_dev,1,11428768.0,1,32,B,lu-mz,4,4,250,304,208,17,1230.61,901.5,2132.12,123.06,90.15,213.21,213.21,10.0, sdumont6239,23453.32
936.0,1056,33,1950492.0,753452.0,753452.0,1950492.0,1228.8,4218.88,1228.8,4218.88,1.0,0,59.0,59.0,1n-1m-32th-Cc-lu-mz,sequana_cpu_dev,1,11428771.0,1,32,C,lu-mz,4,4,250,480,320,28,4159.38,3032.88,7192.26,134.17,97.83,232.01,232.01,31.0, sdumont6239,237344.58000000002
0.0,170,5,265348.0,3128.0,3128.0,265348.0,0.0,0.0,0.0,0.0,1.0,0,0.0,0.0,1n-1m-34th-Ac-lu-mz,sequana_cpu_dev,1,11428773.0,1,34,A,lu-mz,4,4,250,128,128,16,397.31,336.84,734.15,132.44,112.28,244.72,244.72,3.0, sdumont6239,3670.75
0.0,374,11,265348.0,3108.0,3108.0,265348.0,0.0,0.0,0.0,0.0,1.0,0,0.0,0.0,1n-1m-34th-Bc-lu-mz,sequana_cpu_dev,1,11428775.0,1,34,B,lu-mz,4,4,250,304,208,17,1204.72,945.41,2150.13,120.47,94.54,215.01,215.01,10.0, sdumont6165,23651.43
1897.0,2958,87,1954604.0,752952.0,752952.0,1954604.0,1628.16,4218.88,1628.16,4218.88,1.0,0,497.0,497.0,1n-1m-34th-Cc-lu-mz,sequana_cpu_dev,1,11428777.0,1,34,C,lu-mz,4,4,250,480,320,28,4062.82,2456.31,6519.13,47.24,28.56,75.8,75.8,86.0, sdumont6207,567164.31
0.0,396,11,265348.0,3144.0,3144.0,265348.0,0.0,0.0,0.0,0.0,1.0,0,0.0,0.0,1n-1m-36th-Ac-lu-mz,sequana_cpu_dev,1,11428779.0,1,36,A,lu-mz,4,4,250,128,128,16,381.26,240.71,621.97,42.36,26.75,69.11,69.11,9.0, sdumont6207,6841.67
0.0,1008,28,265348.0,3056.0,3056.0,265348.0,0.0,0.0,0.0,0.0,1.0,0,0.0,0.0,1n-1m-36th-Bc-lu-mz,sequana_cpu_dev,1,11428781.0,1,36,B,lu-mz,4,4,250,304,208,17,1212.08,770.61,1982.69,46.62,29.64,76.26,76.26,26.0, sdumont6207,55515.32
2112.0,3024,84,1958716.0,753076.0,753076.0,1958716.0,1607.68,4218.88,1607.68,4218.88,1.0,0,58.0,58.0,1n-1m-36th-Cc-lu-mz,sequana_cpu_dev,1,11428783.0,1,36,C,lu-mz,4,4,250,480,320,28,3905.48,2524.86,6430.34,47.63,30.79,78.42,78.42,82.0, sdumont6207,540148.56
0.0,418,11,265348.0,3132.0,3132.0,265348.0,0.0,0.0,0.0,0.0,1.0,0,0.0,0.0,1n-1m-38th-Ac-lu-mz,sequana_cpu_dev,1,11428785.0,1,38,A,lu-mz,4,4,250,128,128,16,382.02,254.71,636.73,42.45,28.3,70.75,70.75,9.0, sdumont6207,7004.030000000001
0.0,1064,28,265348.0,3056.0,3056.0,265348.0,0.0,0.0,0.0,0.0,0.0,0,0.0,0.0,1n-1m-38th-Bc-lu-mz,sequana_cpu_dev,1,11428787.0,1,38,B,lu-mz,4,4,250,304,208,17,1214.37,821.2,2035.57,44.98,30.41,75.39,75.39,27.0, sdumont6207,56995.96
1104.0,1254,33,2191076.0,754412.0,754412.0,2191076.0,1218.56,4218.88,1218.56,4218.88,1.0,0,188.0,188.0,1n-1m-38th-Cc-lu-mz,sequana_cpu_dev,1,11428789.0,1,38,C,lu-mz,4,4,250,480,320,28,3962.77,3521.67,7484.45,123.84,110.05,233.89,233.89,32.0, sdumont6165,246986.85
0.0,200,5,265348.0,3156.0,3156.0,265348.0,0.0,0.0,0.0,0.0,2.0,0,0.0,0.0,1n-1m-40th-Ac-lu-mz,sequana_cpu_dev,1,11428791.0,1,40,A,lu-mz,4,4,250,128,128,16,391.49,350.44,741.94,97.87,87.61,185.48,185.48,4.0, sdumont6165,3709.7000000000003
0.0,480,12,265348.0,3108.0,3108.0,265348.0,0.0,0.0,0.0,0.0,1.0,0,0.0,0.0,1n-1m-40th-Bc-lu-mz,sequana_cpu_dev,1,11428793.0,1,40,B,lu-mz,4,4,250,304,208,17,1169.96,1080.8,2250.76,106.36,98.25,204.61,204.61,11.0, sdumont6165,27009.120000000003
0.0,1120,28,265348.0,3064.0,3064.0,265348.0,0.0,0.0,0.0,0.0,1.0,0,0.0,0.0,1n-1m-40th-Cc-lu-mz,sequana_cpu_dev,1,11428795.0,1,40,C,lu-mz,4,4,250,480,320,28,3361.61,3101.31,6462.92,124.5,114.86,239.37,239.37,27.0, sdumont6165,180961.76
0.0,210,5,265348.0,3132.0,3132.0,265348.0,0.0,0.0,0.0,0.0,1.0,0,0.0,0.0,1n-1m-42th-Ac-lu-mz,sequana_cpu_dev,1,11428797.0,1,42,A,lu-mz,4,4,250,128,128,16,391.96,354.15,746.12,97.99,88.54,186.53,186.53,4.0, sdumont6165,3730.6
0.0,504,12,265348.0,3124.0,3124.0,265348.0,0.0,0.0,0.0,0.0,1.0,0,0.0,0.0,1n-1m-42th-Bc-lu-mz,sequana_cpu_dev,1,11428799.0,1,42,B,lu-mz,4,4,250,304,208,17,1172.2,1104.82,2277.02,117.22,110.48,227.7,227.7,10.0, sdumont6165,27324.239999999998
0.0,1218,29,265348.0,3064.0,3064.0,265348.0,0.0,0.0,0.0,0.0,1.0,0,0.0,0.0,1n-1m-42th-Cc-lu-mz,sequana_cpu_dev,1,11428801.0,1,42,C,lu-mz,4,4,250,480,320,28,3376.95,3169.77,6546.72,120.61,113.21,233.81,233.81,28.0, sdumont6165,189854.88
0.0,220,5,265348.0,3124.0,3124.0,265348.0,0.0,0.0,0.0,0.0,1.0,0,0.0,0.0,1n-1m-44th-Ac-lu-mz,sequana_cpu_dev,1,11428803.0,1,44,A,lu-mz,4,4,250,128,128,16,388.09,358.98,747.07,97.02,89.75,186.77,186.77,4.0, sdumont6165,3735.3500000000004
0.0,528,12,265348.0,3164.0,3164.0,265348.0,0.0,0.0,0.0,0.0,1.0,0,0.0,0.0,1n-1m-44th-Bc-lu-mz,sequana_cpu_dev,1,11428808.0,1,44,B,lu-mz,4,4,250,304,208,17,1164.29,1149.57,2313.85,105.84,104.51,210.35,210.35,11.0, sdumont6165,27766.199999999997
0.0,1276,29,265348.0,3156.0,3156.0,265348.0,0.0,0.0,0.0,0.0,1.0,0,0.0,0.0,1n-1m-44th-Cc-lu-mz,sequana_cpu_dev,1,11428813.0,1,44,C,lu-mz,4,4,250,480,320,28,3523.06,3389.52,6912.58,125.82,121.05,246.88,246.88,28.0, sdumont6165,200464.82
0.0,230,5,265348.0,3060.0,3060.0,265348.0,0.0,0.0,0.0,0.0,3.0,0,0.0,0.0,1n-1m-46th-Ac-lu-mz,sequana_cpu_dev,1,11428818.0,1,46,A,lu-mz,4,4,250,128,128,16,388.46,363.7,752.16,97.12,90.93,188.04,188.04,4.0, sdumont6165,3760.7999999999997
0.0,552,12,265348.0,3080.0,3080.0,265348.0,0.0,0.0,0.0,0.0,1.0,0,0.0,0.0,1n-1m-46th-Bc-lu-mz,sequana_cpu_dev,1,11428821.0,1,46,B,lu-mz,4,4,250,304,208,17,1159.92,1150.0,2309.93,105.45,104.55,209.99,209.99,11.0, sdumont6165,27719.159999999996
0.0,1334,29,265348.0,3088.0,3088.0,265348.0,0.0,0.0,0.0,0.0,1.0,0,0.0,0.0,1n-1m-46th-Cc-lu-mz,sequana_cpu_dev,1,11428835.0,1,46,C,lu-mz,4,4,250,480,320,28,3519.16,3385.5,6904.66,125.68,120.91,246.59,246.59,28.0, sdumont6165,200235.13999999998
0.0,240,5,265348.0,3124.0,3124.0,265348.0,0.0,0.0,0.0,0.0,1.0,0,0.0,0.0,1n-1m-48th-Ac-lu-mz,sequana_cpu_dev,1,11428837.0,1,48,A,lu-mz,4,4,250,128,128,16,388.48,378.67,767.15,97.12,94.67,191.79,191.79,4.0, sdumont6165,3835.75
0.0,624,13,265348.0,3052.0,3052.0,265348.0,0.0,0.0,0.0,0.0,1.0,0,0.0,0.0,1n-1m-48th-Bc-lu-mz,sequana_cpu_dev,1,11428842.0,1,48,B,lu-mz,4,4,250,304,208,17,1280.34,1336.92,2617.26,116.39,121.54,237.93,237.93,11.0, sdumont6165,34024.380000000005
0.0,1440,30,265348.0,3060.0,3060.0,265348.0,0.0,0.0,0.0,0.0,1.0,0,0.0,0.0,1n-1m-48th-Cc-lu-mz,sequana_cpu_dev,1,11428847.0,1,48,C,lu-mz,4,4,250,480,320,28,3490.76,3509.62,7000.38,124.67,125.34,250.01,250.01,28.0, sdumont6165,210011.4
5.0,28,7,772804.0,135304.0,69212.0,1280260.0,512.0,2109.44,1024.0,4218.88,1.0,0,6.0,12.0,1n-2m-2th-Ac-lu-mz,sequana_cpu_dev,1,11428851.0,2,2,A,lu-mz,4,4,250,128,128,16,261.98,285.77,547.75,43.66,47.63,91.29,91.29,6.0, sdumont6165,3834.25
0.0,100,25,577482.0,9064.0,6060.0,889616.0,634.88,2109.44,1259.52,4218.88,1.0,0,0.0,0.0,1n-2m-2th-Bc-lu-mz,sequana_cpu_dev,1,11428856.0,2,2,B,lu-mz,4,4,250,304,208,17,1375.73,1492.24,2867.97,57.32,62.18,119.5,119.5,24.0, sdumont6165,71699.25
191.0,420,105,1282146.0,453276.0,451440.0,1610516.0,1484.8,4218.88,2037.76,4218.88,1.0,0,0.0,0.0,1n-2m-2th-Cc-lu-mz,sequana_cpu_dev,1,11428858.0,2,2,C,lu-mz,4,4,250,480,320,28,6217.05,6715.49,12932.54,59.78,64.57,124.35,124.35,104.0, sdumont6165,1357916.7000000002
0.0,40,5,575480.0,8336.0,5730.0,885612.0,501.76,2109.44,1003.52,4218.88,1.0,0,0.0,0.0,1n-2m-4th-Ac-lu-mz,sequana_cpu_dev,1,11428860.0,2,4,A,lu-mz,4,4,250,128,128,16,224.58,242.9,467.48,56.15,60.73,116.87,116.87,4.0, sdumont6165,2337.4
0.0,120,15,359222.0,4684.0,3840.0,453096.0,573.44,2109.44,1146.88,4218.88,0.0,0,0.0,0.0,1n-2m-4th-Bc-lu-mz,sequana_cpu_dev,1,11428862.0,2,4,B,lu-mz,4,4,250,304,208,17,930.51,1040.89,1971.4,66.46,74.35,140.81,140.81,14.0, sdumont6165,29571.0
117.0,456,57,1286260.0,453188.0,452388.0,1610432.0,1259.52,4218.88,1679.36,4218.88,1.0,0,5.0,10.0,1n-2m-4th-Cc-lu-mz,sequana_cpu_dev,1,11428864.0,2,4,C,lu-mz,4,4,250,480,320,28,4146.7,4452.5,8599.21,74.05,79.51,153.56,153.56,56.0, sdumont6165,490154.97
0.0,96,8,707384.0,12964.0,8100.0,1147324.0,1177.6,2109.44,2355.2,4218.88,1.0,0,0.0,0.0,1n-2m-6th-Ac-lu-mz,sequana_cpu_dev,1,11428866.0,2,6,A,lu-mz,4,4,250,128,128,16,327.49,302.72,630.21,46.78,43.25,90.03,90.03,7.0, sdumont6039,5041.68
0.0,144,12,363440.0,4776.0,3992.0,459436.0,1361.92,2109.44,2723.84,4218.88,1.0,0,0.0,0.0,1n-2m-6th-Bc-lu-mz,sequana_cpu_dev,1,11428868.0,2,6,B,lu-mz,4,4,250,304,208,17,856.05,823.98,1680.04,85.61,82.4,168.0,168.0,10.0, sdumont6039,20160.48
175.0,480,40,1302052.0,453588.0,451750.0,1635712.0,3932.16,4218.88,6891.52,4218.88,0.0,0,7.0,15.0,1n-2m-6th-Cc-lu-mz,sequana_cpu_dev,1,11428870.0,2,6,C,lu-mz,4,4,250,480,320,28,3762.05,3632.93,7394.97,96.46,93.15,189.61,189.61,39.0, sdumont6039,295798.8
0.0,64,4,267444.0,4836.0,3928.0,267444.0,808.96,2109.44,1617.92,4218.88,1.0,0,0.0,0.0,1n-2m-8th-Ac-lu-mz,sequana_cpu_dev,1,11428872.0,2,8,A,lu-mz,4,4,250,128,128,16,208.8,201.84,410.64,104.4,100.92,205.32,205.32,2.0, sdumont6039,1642.56
32.0,160,10,472392.0,6600.0,4896.0,677340.0,1259.52,2109.44,2519.04,4218.88,1.0,0,2.0,5.0,1n-2m-8th-Bc-lu-mz,sequana_cpu_dev,1,11428874.0,2,8,B,lu-mz,4,4,250,304,208,17,849.07,818.83,1667.9,106.13,102.35,208.49,208.49,8.0, sdumont6039,16679.0
232.0,512,32,1194456.0,452996.0,451550.0,1416408.0,3297.28,4218.88,5621.76,4218.88,1.0,0,3.0,8.0,1n-2m-8th-Cc-lu-mz,sequana_cpu_dev,1,11428876.0,2,8,C,lu-mz,4,4,250,480,320,28,3264.34,3143.45,6407.79,108.81,104.78,213.59,213.59,30.0, sdumont6039,205049.28
8.0,80,4,416390.0,48596.0,25900.0,565336.0,532.48,2109.44,1064.96,4218.88,1.0,0,9.0,19.0,1n-2m-10th-Ac-lu-mz,sequana_cpu_dev,1,11428878.0,2,10,A,lu-mz,4,4,250,128,128,16,103.42,104.84,208.25,51.71,52.42,104.13,104.13,2.0, sdumont6039,833.0
32.0,180,9,472392.0,6752.0,4926.0,677340.0,1075.2,2109.44,2160.64,4218.88,1.0,0,5.0,11.0,1n-2m-10th-Bc-lu-mz,sequana_cpu_dev,1,11428880.0,2,10,B,lu-mz,4,4,250,304,208,17,672.78,658.71,1331.49,96.11,94.1,190.21,190.21,7.0, sdumont6039,11983.41
123.0,540,27,438192.0,89640.0,46380.0,608940.0,532.48,2109.44,1064.96,4218.88,1.0,0,5.0,10.0,1n-2m-10th-Cc-lu-mz,sequana_cpu_dev,1,11428882.0,2,10,C,lu-mz,4,4,250,480,320,28,2990.4,2897.03,5887.43,119.62,115.88,235.5,235.5,25.0, sdumont6039,158960.61000000002
0.0,96,4,585990.0,8980.0,6008.0,904536.0,727.04,2109.44,1464.32,4218.88,1.0,0,0.0,0.0,1n-2m-12th-Ac-lu-mz,sequana_cpu_dev,1,11428884.0,2,12,A,lu-mz,4,4,250,128,128,16,104.83,111.72,216.54,52.41,55.86,108.27,108.27,2.0, sdumont6039,866.16
40.0,192,8,792826.0,133908.0,68506.0,1318208.0,1075.2,2109.44,2150.4,4218.88,1.0,0,5.0,10.0,1n-2m-12th-Bc-lu-mz,sequana_cpu_dev,1,11428886.0,2,12,B,lu-mz,4,4,250,304,208,17,692.31,710.68,1402.99,98.9,101.53,200.43,200.43,7.0, sdumont6039,11223.92
0.0,600,25,267444.0,3532.0,3276.0,267444.0,2365.44,2109.44,4730.88,4218.88,0.0,0,0.0,0.0,1n-2m-12th-Cc-lu-mz,sequana_cpu_dev,1,11428888.0,2,12,C,lu-mz,4,4,250,480,320,28,2908.33,2926.74,5835.07,121.18,121.95,243.13,243.13,24.0, sdumont6039,145876.75
11.0,112,4,794712.0,133708.0,68346.0,1321980.0,716.8,2109.44,1433.6,4218.88,1.0,0,12.0,24.0,1n-2m-14th-Ac-lu-mz,sequana_cpu_dev,1,11428890.0,2,14,A,lu-mz,4,4,250,128,128,16,108.49,109.21,217.7,54.25,54.6,108.85,108.85,2.0, sdumont6039,870.8
42.0,224,8,472392.0,6596.0,4866.0,677340.0,1075.2,2109.44,2160.64,4218.88,1.0,0,18.0,36.0,1n-2m-14th-Bc-lu-mz,sequana_cpu_dev,1,11428892.0,2,14,B,lu-mz,4,4,250,304,208,17,723.63,713.12,1436.76,103.38,101.87,205.25,205.25,7.0, sdumont6039,11494.08
0.0,644,23,267444.0,3884.0,3536.0,267444.0,2181.12,2109.44,4352.0,4218.88,1.0,0,0.0,0.0,1n-2m-14th-Cc-lu-mz,sequana_cpu_dev,1,11428894.0,2,14,C,lu-mz,4,4,250,480,320,28,2705.87,2643.7,5349.56,128.85,125.89,254.74,254.74,21.0, sdumont6039,123039.88
0.0,128,4,267444.0,4768.0,3948.0,267444.0,727.04,2109.44,1464.32,4218.88,0.0,0,0.0,0.0,1n-2m-16th-Ac-lu-mz,sequana_cpu_dev,1,11428896.0,2,16,A,lu-mz,4,4,250,128,128,16,104.83,109.59,214.41,52.41,54.79,107.21,107.21,2.0, sdumont6039,857.64
0.0,256,8,267444.0,3364.0,3244.0,267444.0,1095.68,2109.44,2191.36,4218.88,0.0,0,0.0,0.0,1n-2m-16th-Bc-lu-mz,sequana_cpu_dev,1,11428898.0,2,16,B,lu-mz,4,4,250,304,208,17,738.83,754.31,1493.14,123.14,125.72,248.86,248.86,6.0, sdumont6039,11945.12
0.0,640,20,585990.0,8592.0,5862.0,904536.0,1996.8,2109.44,3993.6,4218.88,1.0,0,0.0,0.0,1n-2m-16th-Cc-lu-mz,sequana_cpu_dev,1,11428900.0,2,16,C,lu-mz,4,4,250,480,320,28,2443.26,2475.32,4918.58,128.59,130.28,258.87,258.87,19.0, sdumont6039,98371.6
13.0,144,4,445260.0,89876.0,46452.0,623076.0,532.48,2109.44,1075.2,4218.88,1.0,0,13.0,26.0,1n-2m-18th-Ac-lu-mz,sequana_cpu_dev,1,11428902.0,2,18,A,lu-mz,4,4,250,128,128,16,117.54,120.71,238.24,58.77,60.35,119.12,119.12,2.0, sdumont6039,952.96
0.0,252,7,463904.0,6432.0,4746.0,662460.0,512.0,2109.44,1034.24,4218.88,1.0,0,0.0,0.0,1n-2m-18th-Bc-lu-mz,sequana_cpu_dev,1,11428904.0,2,18,B,lu-mz,4,4,250,304,208,17,560.97,590.94,1151.91,93.49,98.49,191.98,191.98,6.0, sdumont6165,8063.370000000001
0.0,828,23,267444.0,3788.0,3490.0,267444.0,2273.28,2109.44,4546.56,4218.88,1.0,0,0.0,0.0,1n-2m-18th-Cc-lu-mz,sequana_cpu_dev,1,11428906.0,2,18,C,lu-mz,4,4,250,480,320,28,2624.11,2587.22,5211.33,119.28,117.6,236.88,236.88,22.0, sdumont6038,119860.59
0.0,160,4,267444.0,3856.0,3480.0,267444.0,737.28,2109.44,1474.56,4218.88,1.0,0,0.0,0.0,1n-2m-20th-Ac-lu-mz,sequana_cpu_dev,1,11428908.0,2,20,A,lu-mz,4,4,250,128,128,16,106.12,113.99,220.1,53.06,56.99,110.05,110.05,2.0, sdumont6038,880.4
52.0,320,8,801076.0,134356.0,68764.0,1334708.0,993.28,2109.44,1976.32,4218.88,1.0,0,43.0,87.0,1n-2m-20th-Bc-lu-mz,sequana_cpu_dev,1,11428910.0,2,20,B,lu-mz,4,4,250,304,208,17,605.15,625.45,1230.61,100.86,104.24,205.1,205.1,6.0, sdumont6038,9844.88
174.0,800,20,801464.0,134704.0,68916.0,1335484.0,1894.4,2109.44,3788.8,4218.88,1.0,0,16.0,32.0,1n-2m-20th-Cc-lu-mz,sequana_cpu_dev,1,11428912.0,2,20,C,lu-mz,4,4,250,480,320,28,2377.33,2426.38,4803.7,132.07,134.8,266.87,266.87,18.0, sdumont6038,96074.0
17.0,132,3,449758.0,88904.0,46046.0,632072.0,532.48,2109.44,1064.96,4218.88,1.0,0,19.0,39.0,1n-2m-22th-Ac-lu-mz,sequana_cpu_dev,1,11428914.0,2,22,A,lu-mz,4,4,250,128,128,16,114.26,117.05,231.31,57.13,58.53,115.66,115.66,2.0, sdumont6038,693.9300000000001
59.0,308,7,803142.0,134292.0,68740.0,1338840.0,993.28,2109.44,1976.32,4218.88,1.0,0,23.0,47.0,1n-2m-22th-Bc-lu-mz,sequana_cpu_dev,1,11428916.0,2,22,B,lu-mz,4,4,250,304,208,17,606.19,603.08,1209.26,101.03,100.51,201.54,201.54,6.0, sdumont6038,8464.82
195.0,880,20,803544.0,134888.0,68994.0,1339644.0,1894.4,2109.44,3788.8,4218.88,1.0,0,22.0,44.0,1n-2m-22th-Cc-lu-mz,sequana_cpu_dev,1,11428918.0,2,22,C,lu-mz,4,4,250,480,320,28,2378.99,2351.08,4730.07,132.17,130.62,262.78,262.78,18.0, sdumont6038,94601.4
19.0,192,4,805056.0,133920.0,68548.0,1342668.0,716.8,2109.44,1433.6,4218.88,1.0,0,24.0,49.0,1n-2m-24th-Ac-lu-mz,sequana_cpu_dev,1,11428920.0,2,24,A,lu-mz,4,4,250,128,128,16,115.73,120.03,235.76,57.87,60.01,117.88,117.88,2.0, sdumont6038,943.04
0.0,336,7,363712.0,5468.0,4298.0,459980.0,1085.44,2109.44,2181.12,4218.88,1.0,0,0.0,0.0,1n-2m-24th-Bc-lu-mz,sequana_cpu_dev,1,11428922.0,2,24,B,lu-mz,4,4,250,304,208,17,629.63,630.23,1259.86,104.94,105.04,209.98,209.98,6.0, sdumont6038,8819.019999999999
214.0,960,20,451990.0,89060.0,46106.0,636536.0,532.48,2109.44,1064.96,4218.88,1.0,0,18.0,37.0,1n-2m-24th-Cc-lu-mz,sequana_cpu_dev,1,11428924.0,2,24,C,lu-mz,4,4,250,480,320,28,2472.47,2449.91,4922.38,137.36,136.11,273.47,273.47,18.0, sdumont6038,98447.6
0.0,28,7,265348.0,3176.0,3150.0,265348.0,0.0,0.0,0.0,0.0,1.0,0,0.0,0.0,2n-1m-2th-Ac-lu-mz,sequana_cpu_dev,2,11428926.0,1,2,A,lu-mz,4,4,250,128,128,16,530.53,378.4,908.94,88.42,63.07,151.49,75.74,6.0, sdumont6166,6362.58
0.0,108,27,267474.0,3140.0,3116.0,267504.0,0.0,0.0,0.0,0.0,1.0,0,0.0,0.0,2n-1m-2th-Bc-lu-mz,sequana_cpu_dev,2,11428929.0,1,2,B,lu-mz,4,4,250,304,208,17,3417.9,2022.01,5439.91,131.46,77.77,209.23,104.61,26.0, sdumont6052,146877.57
178.0,420,105,1489446.0,462952.0,458106.0,1589652.0,2027.52,4218.88,2027.52,4218.88,1.0,0,42.0,43.0,2n-1m-2th-Cc-lu-mz,sequana_cpu_dev,2,11428931.0,1,2,C,lu-mz,4,4,250,480,320,28,12482.42,8162.59,20645.01,120.02,78.49,198.51,99.25,104.0, sdumont6165,2167726.05
0.0,64,8,267474.0,3236.0,3132.0,267504.0,0.0,0.0,0.0,0.0,1.0,0,0.0,0.0,2n-1m-4th-Ac-lu-mz,sequana_cpu_dev,2,11428934.0,1,4,A,lu-mz,4,4,250,128,128,16,767.96,493.11,1261.07,109.71,70.44,180.15,90.08,7.0, sdumont6038,10088.56
0.0,120,15,266426.0,3176.0,3146.0,267504.0,0.0,0.0,0.0,0.0,1.0,0,0.0,0.0,2n-1m-4th-Bc-lu-mz,sequana_cpu_dev,2,11428936.0,1,4,B,lu-mz,4,4,250,304,208,17,2207.73,1101.05,3308.78,157.7,78.65,236.34,118.17,14.0, sdumont6169,49631.700000000004
118.0,464,58,1493552.0,462896.0,457910.0,1593756.0,1239.04,4208.64,1239.04,4208.64,1.0,0,0.0,0.0,2n-1m-4th-Cc-lu-mz,sequana_cpu_dev,2,11428938.0,1,4,C,lu-mz,4,4,250,480,320,28,8523.8,4441.76,12965.57,149.54,77.93,227.47,113.73,57.0, sdumont6166,752003.0599999999
0.0,48,4,265348.0,3124.0,2082.0,265348.0,0.0,0.0,0.0,0.0,3.0,0,0.0,0.0,2n-1m-6th-Ac-lu-mz,sequana_cpu_dev,2,11428940.0,1,6,A,lu-mz,4,4,250,128,128,16,347.93,186.97,534.9,115.98,62.32,178.3,89.15,3.0, sdumont6166,2139.6
0.0,144,12,265348.0,3156.0,3110.0,265348.0,0.0,0.0,0.0,0.0,1.0,0,0.0,0.0,2n-1m-6th-Bc-lu-mz,sequana_cpu_dev,2,11428943.0,1,6,B,lu-mz,4,4,250,304,208,17,1574.02,781.76,2355.78,157.4,78.18,235.58,117.79,10.0, sdumont6165,28269.36
176.0,480,40,1497666.0,463576.0,458138.0,1610160.0,1239.04,4208.64,1239.04,4208.64,1.0,0,50.0,51.0,2n-1m-6th-Cc-lu-mz,sequana_cpu_dev,2,11428946.0,1,6,C,lu-mz,4,4,250,480,320,28,6899.75,3041.0,9940.75,176.92,77.97,254.89,127.45,39.0, sdumont6166,397630.0
0.0,48,3,265348.0,3136.0,2086.0,265348.0,0.0,0.0,0.0,0.0,1.0,0,0.0,0.0,2n-1m-8th-Ac-lu-mz,sequana_cpu_dev,2,11428949.0,1,8,A,lu-mz,4,4,250,128,128,16,380.11,179.19,559.3,190.06,89.59,279.65,139.82,2.0, sdumont6165,1677.8999999999999
0.0,160,10,265348.0,1036.0,1036.0,265348.0,0.0,0.0,0.0,0.0,0.0,0,0.0,0.0,2n-1m-8th-Bc-lu-mz,sequana_cpu_dev,2,11428951.0,1,8,B,lu-mz,4,4,250,304,208,17,1547.28,672.82,2220.1,171.92,74.76,246.68,123.34,9.0, sdumont6166,22201.0
235.0,512,32,1501772.0,462968.0,458070.0,1601980.0,1239.04,4208.64,1239.04,4208.64,1.0,0,3.0,6.0,2n-1m-8th-Cc-lu-mz,sequana_cpu_dev,2,11428954.0,1,8,C,lu-mz,4,4,250,480,320,28,6004.51,2340.97,8345.48,200.15,78.03,278.18,139.09,30.0, sdumont6166,267055.36
0.0,60,3,265348.0,1036.0,1034.0,265348.0,0.0,0.0,0.0,0.0,1.0,0,0.0,0.0,2n-1m-10th-Ac-lu-mz,sequana_cpu_dev,2,11428957.0,1,10,A,lu-mz,4,4,250,128,128,16,186.78,88.85,275.63,93.39,44.43,137.82,68.91,2.0, sdumont6166,826.89
0.0,160,8,265348.0,1040.0,1038.0,265348.0,0.0,0.0,0.0,0.0,1.0,0,0.0,0.0,2n-1m-10th-Bc-lu-mz,sequana_cpu_dev,2,11428959.0,1,10,B,lu-mz,4,4,250,304,208,17,1241.51,483.29,1724.8,177.36,69.04,246.4,123.2,7.0, sdumont6165,13798.4
0.0,520,26,265348.0,1036.0,1034.0,265348.0,0.0,0.0,0.0,0.0,1.0,0,0.0,0.0,2n-1m-10th-Cc-lu-mz,sequana_cpu_dev,2,11428961.0,1,10,C,lu-mz,4,4,250,480,320,28,5550.12,1962.73,7512.85,222.0,78.51,300.51,150.26,25.0, sdumont6166,195334.1
0.0,72,3,265348.0,1036.0,1036.0,265348.0,0.0,0.0,0.0,0.0,1.0,0,0.0,0.0,2n-1m-12th-Ac-lu-mz,sequana_cpu_dev,2,11428963.0,1,12,A,lu-mz,4,4,250,128,128,16,192.1,89.06,281.16,96.05,44.53,140.58,70.29,2.0, sdumont6166,843.48
0.0,216,9,265348.0,1036.0,1036.0,265348.0,0.0,0.0,0.0,0.0,1.0,0,0.0,0.0,2n-1m-12th-Bc-lu-mz,sequana_cpu_dev,2,11428965.0,1,12,B,lu-mz,4,4,250,304,208,17,1267.75,480.82,1748.57,158.47,60.1,218.57,109.29,8.0, sdumont6165,15737.13
0.0,600,25,265348.0,1036.0,1034.0,265348.0,0.0,0.0,0.0,0.0,1.0,0,0.0,0.0,2n-1m-12th-Cc-lu-mz,sequana_cpu_dev,2,11428967.0,1,12,C,lu-mz,4,4,250,480,320,28,5412.44,1863.11,7275.56,230.47,79.24,309.71,154.86,23.5, sdumont6166,181889.0
0.0,84,3,265348.0,1032.0,1032.0,265348.0,0.0,0.0,0.0,0.0,1.0,0,0.0,0.0,2n-1m-14th-Ac-lu-mz,sequana_cpu_dev,2,11428969.0,1,14,A,lu-mz,4,4,250,128,128,16,199.57,89.11,288.68,99.78,44.55,144.34,72.17,2.0, sdumont6166,866.04
0.0,224,8,265348.0,3124.0,2082.0,265348.0,0.0,0.0,0.0,0.0,1.0,0,0.0,0.0,2n-1m-14th-Bc-lu-mz,sequana_cpu_dev,2,11428971.0,1,14,B,lu-mz,4,4,250,304,208,17,1346.87,488.53,1835.4,224.48,81.42,305.9,152.95,6.0, sdumont6165,14683.2
0.0,616,22,265348.0,3128.0,2082.0,265348.0,0.0,0.0,0.0,0.0,1.0,0,0.0,0.0,2n-1m-14th-Cc-lu-mz,sequana_cpu_dev,2,11428973.0,1,14,C,lu-mz,4,4,250,480,320,28,5082.37,1661.9,6744.27,242.02,79.14,321.16,160.58,21.0, sdumont6165,148373.94
0.0,96,3,265348.0,1036.0,1036.0,265348.0,0.0,0.0,0.0,0.0,1.0,0,0.0,0.0,2n-1m-16th-Ac-lu-mz,sequana_cpu_dev,2,11428975.0,1,16,A,lu-mz,4,4,250,128,128,16,201.6,87.45,289.05,100.8,43.73,144.53,72.26,2.0, sdumont6166,867.1500000000001
0.0,224,7,265348.0,1032.0,1032.0,265348.0,0.0,0.0,0.0,0.0,1.0,0,0.0,0.0,2n-1m-16th-Bc-lu-mz,sequana_cpu_dev,2,11428977.0,1,16,B,lu-mz,4,4,250,304,208,17,1372.3,480.46,1852.76,228.72,80.08,308.79,154.4,6.0, sdumont6166,12969.32
0.0,640,20,265348.0,1040.0,1038.0,265348.0,0.0,0.0,0.0,0.0,1.0,0,0.0,0.0,2n-1m-16th-Cc-lu-mz,sequana_cpu_dev,2,11428979.0,1,16,C,lu-mz,4,4,250,480,320,28,4560.6,1459.75,6020.35,228.03,72.99,301.02,150.51,20.0, sdumont6166,120407.0
0.0,108,3,265348.0,1040.0,1036.0,265348.0,0.0,0.0,0.0,0.0,1.0,0,0.0,0.0,2n-1m-18th-Ac-lu-mz,sequana_cpu_dev,2,11428981.0,1,18,A,lu-mz,4,4,250,128,128,16,208.5,89.01,297.51,104.25,44.51,148.75,74.38,2.0, sdumont6165,892.53
0.0,252,7,265348.0,1036.0,1036.0,265348.0,0.0,0.0,0.0,0.0,1.0,0,0.0,0.0,2n-1m-18th-Bc-lu-mz,sequana_cpu_dev,2,11428983.0,1,18,B,lu-mz,4,4,250,304,208,17,1126.48,383.17,1509.65,187.75,63.86,251.61,125.8,6.0, sdumont6165,10567.550000000001
0.0,756,21,265348.0,1040.0,1038.0,265348.0,0.0,0.0,0.0,0.0,1.0,0,0.0,0.0,2n-1m-18th-Cc-lu-mz,sequana_cpu_dev,2,11428985.0,1,18,C,lu-mz,4,4,250,480,320,28,4955.22,1549.21,6504.43,247.76,77.46,325.22,162.61,20.0, sdumont6166,136593.03
0.0,120,3,265348.0,3136.0,2084.0,265348.0,0.0,0.0,0.0,0.0,1.0,0,0.0,0.0,2n-1m-20th-Ac-lu-mz,sequana_cpu_dev,2,11428987.0,1,20,A,lu-mz,4,4,250,128,128,16,201.53,88.12,289.65,100.76,44.06,144.82,72.41,2.0, sdumont6165,868.9499999999999
0.0,280,7,265348.0,1040.0,1038.0,265348.0,0.0,0.0,0.0,0.0,1.0,0,0.0,0.0,2n-1m-20th-Bc-lu-mz,sequana_cpu_dev,2,11428989.0,1,20,B,lu-mz,4,4,250,304,208,17,1140.63,387.28,1527.91,190.11,64.55,254.65,127.33,6.0, sdumont6166,10695.37
0.0,760,19,265348.0,1040.0,1040.0,265348.0,0.0,0.0,0.0,0.0,0.0,0,0.0,0.0,2n-1m-20th-Cc-lu-mz,sequana_cpu_dev,2,11428991.0,1,20,C,lu-mz,4,4,250,480,320,28,4444.13,1374.58,5818.71,246.9,76.37,323.26,161.63,18.0, sdumont6166,110555.49
0.0,132,3,265348.0,3184.0,2110.0,265348.0,0.0,0.0,0.0,0.0,1.0,0,0.0,0.0,2n-1m-22th-Ac-lu-mz,sequana_cpu_dev,2,11428993.0,1,22,A,lu-mz,4,4,250,128,128,16,210.6,89.23,299.83,105.3,44.61,149.91,74.96,2.0, sdumont6166,899.49
0.0,308,7,265348.0,1036.0,1036.0,265348.0,0.0,0.0,0.0,0.0,0.0,0,0.0,0.0,2n-1m-22th-Bc-lu-mz,sequana_cpu_dev,2,11428995.0,1,22,B,lu-mz,4,4,250,304,208,17,1144.63,387.17,1531.8,190.77,64.53,255.3,127.65,6.0, sdumont6166,10722.6
0.0,836,19,265348.0,1040.0,1036.0,265348.0,0.0,0.0,0.0,0.0,1.0,0,0.0,0.0,2n-1m-22th-Cc-lu-mz,sequana_cpu_dev,2,11428997.0,1,22,C,lu-mz,4,4,250,480,320,28,4473.93,1371.37,5845.31,248.55,76.19,324.74,162.37,18.0, sdumont6165,111060.89000000001
0.0,144,3,265348.0,3056.0,2046.0,265348.0,0.0,0.0,0.0,0.0,1.0,0,0.0,0.0,2n-1m-24th-Ac-lu-mz,sequana_cpu_dev,2,11428999.0,1,24,A,lu-mz,4,4,250,128,128,16,216.79,90.73,307.51,108.39,45.36,153.76,76.88,2.0, sdumont6165,922.53
0.0,336,7,265348.0,3160.0,2096.0,265348.0,0.0,0.0,0.0,0.0,1.0,0,0.0,0.0,2n-1m-24th-Bc-lu-mz,sequana_cpu_dev,2,11429001.0,1,24,B,lu-mz,4,4,250,304,208,17,1185.74,395.13,1580.87,197.62,65.86,263.48,131.74,6.0, sdumont6165,11066.09
0.0,912,19,265348.0,3144.0,2090.0,265348.0,0.0,0.0,0.0,0.0,1.0,0,0.0,0.0,2n-1m-24th-Cc-lu-mz,sequana_cpu_dev,2,11429003.0,1,24,C,lu-mz,4,4,250,480,320,28,4656.17,1400.52,6056.69,258.68,77.81,336.48,168.24,18.0, sdumont6165,115077.10999999999
0.0,208,4,265348.0,3256.0,3200.0,265348.0,0.0,0.0,0.0,0.0,1.0,0,0.0,0.0,2n-1m-26th-Ac-lu-mz,sequana_cpu_dev,2,11429005.0,1,26,A,lu-mz,4,4,250,128,128,16,208.71,116.13,324.84,104.35,58.06,162.42,81.21,2.0, sdumont6165,1299.36
0.0,364,7,265348.0,3180.0,3150.0,265348.0,0.0,0.0,0.0,0.0,1.0,0,0.0,0.0,2n-1m-26th-Bc-lu-mz,sequana_cpu_dev,2,11429007.0,1,26,B,lu-mz,4,4,250,304,208,17,1158.53,541.25,1699.77,193.09,90.21,283.3,141.65,6.0, sdumont6166,11898.39
0.0,936,18,265348.0,3224.0,3180.0,265348.0,0.0,0.0,0.0,0.0,1.0,0,0.0,0.0,2n-1m-26th-Cc-lu-mz,sequana_cpu_dev,2,11429009.0,1,26,C,lu-mz,4,4,250,480,320,28,4167.2,1914.67,6081.87,245.13,112.63,357.76,178.88,17.0, sdumont6166,109473.66
0.0,168,3,265348.0,3176.0,3160.0,265348.0,0.0,0.0,0.0,0.0,2.0,0,0.0,0.0,2n-1m-28th-Ac-lu-mz,sequana_cpu_dev,2,11429012.0,1,28,A,lu-mz,4,4,250,128,128,16,207.2,133.77,340.97,69.07,44.59,113.66,56.83,3.0, sdumont6166,1022.9100000000001
0.0,392,7,265348.0,3104.0,2070.0,265348.0,0.0,0.0,0.0,0.0,1.0,0,0.0,0.0,2n-1m-28th-Bc-lu-mz,sequana_cpu_dev,2,11429015.0,1,28,B,lu-mz,4,4,250,304,208,17,1173.26,643.67,1816.93,195.54,107.28,302.82,151.41,6.0, sdumont6166,12718.51
0.0,1008,18,265348.0,3188.0,3158.0,265348.0,0.0,0.0,0.0,0.0,1.0,0,0.0,0.0,2n-1m-28th-Cc-lu-mz,sequana_cpu_dev,2,11429017.0,1,28,C,lu-mz,4,4,250,480,320,28,4234.42,2251.76,6486.18,249.08,132.46,381.54,190.77,17.0, sdumont6166,116751.24
0.0,180,3,265348.0,3156.0,3120.0,265348.0,0.0,0.0,0.0,0.0,1.0,0,0.0,0.0,2n-1m-30th-Ac-lu-mz,sequana_cpu_dev,2,11429019.0,1,30,A,lu-mz,4,4,250,128,128,16,204.75,148.11,352.86,102.38,74.06,176.43,88.22,2.0, sdumont6166,1058.58
0.0,420,7,265348.0,3144.0,3112.0,265348.0,0.0,0.0,0.0,0.0,0.0,0,0.0,0.0,2n-1m-30th-Bc-lu-mz,sequana_cpu_dev,2,11429021.0,1,30,B,lu-mz,4,4,250,304,208,17,1164.83,724.78,1889.61,194.14,120.8,314.93,157.47,6.0, sdumont6165,13227.269999999999
0.0,1080,18,265348.0,3088.0,2064.0,265348.0,0.0,0.0,0.0,0.0,0.0,0,0.0,0.0,2n-1m-30th-Cc-lu-mz,sequana_cpu_dev,2,11429023.0,1,30,C,lu-mz,4,4,250,480,320,28,4230.56,2582.07,6812.63,248.86,151.89,400.74,200.37,17.0, sdumont6165,122627.34
0.0,192,3,265348.0,3124.0,2082.0,265348.0,0.0,0.0,0.0,0.0,0.0,0,0.0,0.0,2n-1m-32th-Ac-lu-mz,sequana_cpu_dev,2,11429025.0,1,32,A,lu-mz,4,4,250,128,128,16,206.56,164.75,371.31,103.28,82.37,185.66,92.83,2.0, sdumont6165,1113.93
0.0,448,7,265348.0,3124.0,3096.0,265348.0,0.0,0.0,0.0,0.0,1.0,0,0.0,0.0,2n-1m-32th-Bc-lu-mz,sequana_cpu_dev,2,11429027.0,1,32,B,lu-mz,4,4,250,304,208,17,1116.7,795.79,1912.49,186.12,132.63,318.75,159.37,6.0, sdumont6165,13387.43
0.0,1088,17,265348.0,3124.0,2082.0,265348.0,0.0,0.0,0.0,0.0,1.0,0,0.0,0.0,2n-1m-32th-Cc-lu-mz,sequana_cpu_dev,2,11429029.0,1,32,C,lu-mz,4,4,250,480,320,28,4188.33,2928.67,7117.01,261.77,183.04,444.81,222.41,16.0, sdumont6166,120989.17
0.0,204,3,265348.0,3156.0,3152.0,265348.0,0.0,0.0,0.0,0.0,1.0,0,0.0,0.0,2n-1m-34th-Ac-lu-mz,sequana_cpu_dev,2,11429031.0,1,34,A,lu-mz,4,4,250,128,128,16,201.26,174.39,375.64,100.63,87.19,187.82,93.91,2.0, sdumont6166,1126.92
0.0,476,7,265348.0,3144.0,2090.0,265348.0,0.0,0.0,0.0,0.0,1.0,0,0.0,0.0,2n-1m-34th-Bc-lu-mz,sequana_cpu_dev,2,11429033.0,1,34,B,lu-mz,4,4,250,304,208,17,1154.44,921.13,2075.58,192.41,153.52,345.93,172.96,6.0, sdumont6166,14529.06
0.0,1156,17,265348.0,3152.0,2096.0,265348.0,0.0,0.0,0.0,0.0,2.0,0,0.0,0.0,2n-1m-34th-Cc-lu-mz,sequana_cpu_dev,2,11429035.0,1,34,C,lu-mz,4,4,250,480,320,28,3989.17,3142.18,7131.35,249.32,196.39,445.71,222.85,16.0, sdumont6165,121232.95000000001
0.0,288,4,265348.0,3092.0,2062.0,265348.0,0.0,0.0,0.0,0.0,1.0,0,0.0,0.0,2n-1m-36th-Ac-lu-mz,sequana_cpu_dev,2,11429037.0,1,36,A,lu-mz,4,4,250,128,128,16,200.94,179.0,379.94,66.98,59.67,126.65,63.32,3.0, sdumont6165,1519.76
0.0,504,7,265348.0,3248.0,3194.0,265348.0,0.0,0.0,0.0,0.0,1.0,0,0.0,0.0,2n-1m-36th-Bc-lu-mz,sequana_cpu_dev,2,11429039.0,1,36,B,lu-mz,4,4,250,304,208,17,1143.67,963.72,2107.39,190.61,160.62,351.23,175.62,6.0, sdumont6165,14751.73
0.0,1296,18,265348.0,3144.0,2092.0,265348.0,0.0,0.0,0.0,0.0,1.0,0,0.0,0.0,2n-1m-36th-Cc-lu-mz,sequana_cpu_dev,2,11429041.0,1,36,C,lu-mz,4,4,250,480,320,28,4130.08,3448.83,7578.92,242.95,202.87,445.82,222.91,17.0, sdumont6166,136420.56
0.0,304,4,265348.0,3172.0,3148.0,265348.0,0.0,0.0,0.0,0.0,1.0,0,0.0,0.0,2n-1m-38th-Ac-lu-mz,sequana_cpu_dev,2,11429043.0,1,38,A,lu-mz,4,4,250,128,128,16,201.87,182.69,384.56,100.94,91.34,192.28,96.14,2.0, sdumont6166,1538.24
0.0,532,7,265348.0,3120.0,3108.0,265348.0,0.0,0.0,0.0,0.0,1.0,0,0.0,0.0,2n-1m-38th-Bc-lu-mz,sequana_cpu_dev,2,11429045.0,1,38,B,lu-mz,4,4,250,304,208,17,1137.82,1003.04,2140.86,189.64,167.17,356.81,178.41,6.0, sdumont6165,14986.02
0.0,1368,18,265348.0,3148.0,3132.0,265348.0,0.0,0.0,0.0,0.0,1.0,0,0.0,0.0,2n-1m-38th-Cc-lu-mz,sequana_cpu_dev,2,11429047.0,1,38,C,lu-mz,4,4,250,480,320,28,4083.64,3627.24,7710.88,240.21,213.37,453.58,226.79,17.0, sdumont6166,138795.84
0.0,320,4,265348.0,3184.0,2110.0,265348.0,0.0,0.0,0.0,0.0,1.0,0,0.0,0.0,2n-1m-40th-Ac-lu-mz,sequana_cpu_dev,2,11429049.0,1,40,A,lu-mz,4,4,250,128,128,16,207.14,192.06,399.2,69.05,64.02,133.07,66.53,3.0, sdumont6166,1596.8
0.0,560,7,265348.0,3180.0,3162.0,265348.0,0.0,0.0,0.0,0.0,0.0,0,0.0,0.0,2n-1m-40th-Bc-lu-mz,sequana_cpu_dev,2,11429051.0,1,40,B,lu-mz,4,4,250,304,208,17,1133.54,1033.1,2166.64,188.92,172.18,361.11,180.55,6.0, sdumont6166,15166.48
0.0,1200,15,265348.0,3152.0,3138.0,265348.0,0.0,0.0,0.0,0.0,1.0,0,0.0,0.0,2n-1m-40th-Cc-lu-mz,sequana_cpu_dev,2,11429053.0,1,40,C,lu-mz,4,4,250,480,320,28,3492.96,3198.36,6691.32,249.5,228.45,477.95,238.98,14.0, sdumont6165,100369.79999999999
0.0,336,4,265348.0,3248.0,3186.0,265348.0,0.0,0.0,0.0,0.0,1.0,0,0.0,0.0,2n-1m-42th-Ac-lu-mz,sequana_cpu_dev,2,11429055.0,1,42,A,lu-mz,4,4,250,128,128,16,197.36,187.39,384.76,65.79,62.46,128.25,64.13,3.0, sdumont6166,1539.04
0.0,588,7,265348.0,3204.0,3160.0,265348.0,0.0,0.0,0.0,0.0,1.0,0,0.0,0.0,2n-1m-42th-Bc-lu-mz,sequana_cpu_dev,2,11429057.0,1,42,B,lu-mz,4,4,250,304,208,17,1115.73,1053.81,2169.53,185.95,175.63,361.59,180.79,6.0, sdumont6166,15186.710000000001
0.0,1260,15,265348.0,3200.0,2116.0,265348.0,0.0,0.0,0.0,0.0,1.0,0,0.0,0.0,2n-1m-42th-Cc-lu-mz,sequana_cpu_dev,2,11429059.0,1,42,C,lu-mz,4,4,250,480,320,28,3483.82,3234.8,6718.62,248.84,231.06,479.9,239.95,14.0, sdumont6166,100779.3
0.0,352,4,265348.0,3240.0,2138.0,265348.0,0.0,0.0,0.0,0.0,0.0,0,0.0,0.0,2n-1m-44th-Ac-lu-mz,sequana_cpu_dev,2,11429061.0,1,44,A,lu-mz,4,4,250,128,128,16,201.36,192.97,394.33,84.66,80.9,165.57,82.78,2.5, sdumont6165,1577.32
0.0,616,7,265348.0,3172.0,3162.0,265348.0,0.0,0.0,0.0,0.0,0.0,0,0.0,0.0,2n-1m-44th-Bc-lu-mz,sequana_cpu_dev,2,11429063.0,1,44,B,lu-mz,4,4,250,304,208,17,1113.06,1081.69,2194.75,185.51,180.28,365.79,182.9,6.0, sdumont6166,15363.25
0.0,1408,16,265348.0,3160.0,3144.0,265348.0,0.0,0.0,0.0,0.0,1.0,0,0.0,0.0,2n-1m-44th-Cc-lu-mz,sequana_cpu_dev,2,11429065.0,1,44,C,lu-mz,4,4,250,480,320,28,3474.69,3300.07,6774.75,231.65,220.0,451.65,225.83,15.0, sdumont6165,108396.0
0.0,276,3,265348.0,3120.0,3118.0,265348.0,0.0,0.0,0.0,0.0,1.0,0,0.0,0.0,2n-1m-46th-Ac-lu-mz,sequana_cpu_dev,2,11429068.0,1,46,A,lu-mz,4,4,250,128,128,16,195.07,188.76,383.83,81.6,78.5,160.1,80.05,2.5, sdumont6166,1151.49
0.0,644,7,265348.0,3132.0,2084.0,265348.0,0.0,0.0,0.0,0.0,1.0,0,0.0,0.0,2n-1m-46th-Bc-lu-mz,sequana_cpu_dev,2,11429071.0,1,46,B,lu-mz,4,4,250,304,208,17,1106.31,1094.02,2200.33,202.93,200.27,403.21,201.6,5.5, sdumont6166,15402.31
0.0,1472,16,265348.0,3164.0,2098.0,265348.0,0.0,0.0,0.0,0.0,3.0,0,0.0,0.0,2n-1m-46th-Cc-lu-mz,sequana_cpu_dev,2,11429073.0,1,46,C,lu-mz,4,4,250,480,320,28,3467.44,3295.74,6763.17,239.48,227.51,466.99,233.49,14.5, sdumont6166,108210.72
0.0,384,4,265348.0,3252.0,3156.0,265348.0,0.0,0.0,0.0,0.0,1.0,0,0.0,0.0,2n-1m-48th-Ac-lu-mz,sequana_cpu_dev,2,11429076.0,1,48,A,lu-mz,4,4,250,128,128,16,201.18,199.92,401.1,84.31,83.54,167.84,83.92,2.5, sdumont6166,1604.4
0.0,672,7,265348.0,3116.0,2076.0,265348.0,0.0,0.0,0.0,0.0,1.0,0,0.0,0.0,2n-1m-48th-Bc-lu-mz,sequana_cpu_dev,2,11429079.0,1,48,B,lu-mz,4,4,250,304,208,17,1093.69,1133.98,2227.67,200.74,207.83,408.57,204.28,5.5, sdumont6165,15593.69
0.0,1536,16,265348.0,3184.0,3164.0,265348.0,0.0,0.0,0.0,0.0,1.0,0,0.0,0.0,2n-1m-48th-Cc-lu-mz,sequana_cpu_dev,2,11429083.0,1,48,C,lu-mz,4,4,250,480,320,28,3458.78,3415.91,6874.69,238.85,235.81,474.66,237.33,14.5, sdumont6165,109995.04
0.0,32,4,312414.0,5044.0,3915.0,453612.0,522.24,2109.44,1044.48,4218.88,1.0,0,0.0,0.0,2n-2m-2th-Ac-lu-mz,sequana_cpu_dev,2,11429085.0,2,2,A,lu-mz,4,4,250,128,128,16,251.16,270.72,521.88,83.72,90.24,173.96,86.98,3.0, sdumont6165,2087.52
11.0,104,13,722973.0,144000.0,70264.0,1293232.0,563.2,2109.44,1136.64,4218.88,1.0,0,0.0,0.0,2n-2m-2th-Bc-lu-mz,sequana_cpu_dev,2,11429088.0,2,2,B,lu-mz,4,4,250,304,208,17,1437.16,1525.68,2962.84,119.76,127.14,246.9,123.45,12.0, sdumont6165,38516.92
69.0,432,54,1088092.0,312980.0,309065.0,1456432.0,1198.08,4218.88,1720.32,4239.36,1.0,0,0.0,0.0,2n-2m-2th-Cc-lu-mz,sequana_cpu_dev,2,11429090.0,2,2,C,lu-mz,4,4,250,480,320,28,6243.27,6635.76,12879.03,120.06,127.61,247.67,123.84,52.0, sdumont6166,695467.62
3.0,48,3,618035.0,143932.0,73119.0,1296972.0,481.28,2109.44,993.28,4218.88,0.0,0,0.0,2.0,2n-2m-4th-Ac-lu-mz,sequana_cpu_dev,2,11429093.0,2,4,A,lu-mz,4,4,250,128,128,16,126.78,138.79,265.57,42.26,46.26,88.52,44.26,3.0, sdumont6166,796.71
13.0,176,11,592071.0,144328.0,42326.0,1314324.0,952.32,2109.44,2713.6,4218.88,1.0,0,112.0,232.0,2n-2m-4th-Bc-lu-mz,sequana_cpu_dev,2,11429102.0,2,4,B,lu-mz,4,4,250,304,208,17,1128.79,1216.12,2344.91,112.88,121.61,234.49,117.25,10.0, sdumont6056,25794.01
28.0,496,31,526276.0,134456.0,36073.0,1302772.0,2723.84,2109.44,5457.92,4218.88,1.0,0,5.0,22.0,2n-2m-4th-Cc-lu-mz,sequana_cpu_dev,2,11429123.0,2,4,C,lu-mz,4,4,250,480,320,28,4269.55,4584.21,8853.76,149.73,160.83,310.56,155.28,28.5, sdumont6056,274466.56
3.0,72,3,736451.0,143720.0,71436.0,1305792.0,716.8,2109.44,1443.84,4218.88,4.0,0,9.0,35.0,2n-2m-6th-Ac-lu-mz,sequana_cpu_dev,2,11429126.0,2,6,A,lu-mz,4,4,250,128,128,16,148.78,164.3,313.08,109.94,122.03,231.97,115.99,1.5, sdumont6056,939.24
15.0,168,7,616144.0,144500.0,62329.0,1318456.0,768.0,2109.44,1986.56,4218.88,1.0,0,1.0,4.0,2n-2m-6th-Bc-lu-mz,sequana_cpu_dev,2,11429128.0,2,6,B,lu-mz,4,4,250,304,208,17,745.75,800.25,1546.0,136.08,146.3,282.39,141.19,5.5, sdumont6057,10822.0
57.0,504,21,613456.0,136532.0,60429.0,1306904.0,1310.72,2109.44,4157.44,4218.88,1.0,0,1.0,4.0,2n-2m-6th-Cc-lu-mz,sequana_cpu_dev,2,11429132.0,2,6,C,lu-mz,4,4,250,480,320,28,3471.5,3700.43,7171.93,177.91,189.74,367.65,183.82,19.5, sdumont6056,150610.53
1.0,96,3,690474.0,144200.0,39691.0,1322252.0,716.8,2109.44,1443.84,4218.88,1.0,0,1.0,6.0,2n-2m-8th-Ac-lu-mz,sequana_cpu_dev,2,11429135.0,2,8,A,lu-mz,4,4,250,128,128,16,163.86,181.4,345.25,163.86,181.4,345.25,172.63,1.0, sdumont6057,1035.75
8.0,192,6,528135.0,134116.0,36132.0,1310208.0,911.36,2109.44,1832.96,4218.88,1.0,0,1.0,4.0,2n-2m-8th-Bc-lu-mz,sequana_cpu_dev,2,11429138.0,2,8,B,lu-mz,4,4,250,304,208,17,618.73,668.8,1287.53,154.68,167.2,321.88,160.94,4.0, sdumont6056,7725.18
30.0,576,18,402558.0,98688.0,27415.0,615880.0,1136.64,2109.44,3461.12,4218.88,1.0,0,1.0,7.0,2n-2m-8th-Cc-lu-mz,sequana_cpu_dev,2,11429140.0,2,8,C,lu-mz,4,4,250,480,320,28,2891.27,3114.37,6005.64,192.75,207.62,400.38,200.19,15.0, sdumont6057,108101.52
2.0,120,3,523848.0,133236.0,36092.0,1101040.0,727.04,2109.44,1474.56,4218.88,1.0,0,2.0,9.0,2n-2m-10th-Ac-lu-mz,sequana_cpu_dev,2,11429164.0,2,10,A,lu-mz,4,4,250,128,128,16,173.84,191.47,365.31,173.84,191.47,365.31,182.65,1.0, sdumont6057,1095.93
16.0,240,6,617425.0,134228.0,60034.0,1314396.0,716.8,2109.44,1802.24,4218.88,1.0,0,5.0,12.0,2n-2m-10th-Bc-lu-mz,sequana_cpu_dev,2,11429166.0,2,10,B,lu-mz,4,4,250,304,208,17,694.04,749.83,1443.87,201.13,218.01,419.14,209.57,3.5, sdumont6056,8663.22
31.0,600,15,529367.0,134312.0,36126.0,1315136.0,1546.24,2109.44,3102.72,4218.88,1.0,0,1.0,7.0,2n-2m-10th-Cc-lu-mz,sequana_cpu_dev,2,11429169.0,2,10,C,lu-mz,4,4,250,480,320,28,2666.76,2870.36,5537.12,205.14,220.8,425.93,212.97,13.0, sdumont6056,83056.8
5.0,144,3,626258.0,143200.0,72768.0,1313456.0,491.52,2109.44,993.28,4218.88,13.0,0,26.0,79.0,2n-2m-12th-Ac-lu-mz,sequana_cpu_dev,2,11429173.0,2,12,A,lu-mz,4,4,250,128,128,16,185.8,207.94,393.75,141.16,156.55,297.71,148.86,1.5, sdumont6166,1181.25
20.0,240,5,733263.0,144080.0,70942.0,1313764.0,512.0,2109.44,1024.0,4218.88,1.0,0,30.0,89.0,2n-2m-12th-Bc-lu-mz,sequana_cpu_dev,2,11429175.0,2,12,B,lu-mz,4,4,250,304,208,17,735.71,790.27,1525.98,183.93,197.57,381.5,190.75,4.0, sdumont6166,7629.9
34.0,672,14,680574.0,133304.0,37266.0,1102316.0,563.2,2109.44,1126.4,4218.88,1.0,0,4.0,17.0,2n-2m-12th-Cc-lu-mz,sequana_cpu_dev,2,11429179.0,2,12,C,lu-mz,4,4,250,480,320,28,2640.14,2828.43,5468.57,220.01,235.7,455.71,227.86,12.0, sdumont6165,76559.98
5.0,168,3,628316.0,142816.0,72525.0,1317568.0,491.52,2109.44,993.28,4218.88,1.0,0,14.0,30.0,2n-2m-14th-Ac-lu-mz,sequana_cpu_dev,2,11429182.0,2,14,A,lu-mz,4,4,250,128,128,16,188.12,205.47,393.59,94.06,102.74,196.79,98.4,2.0, sdumont6166,1180.77
10.0,280,5,575434.0,144232.0,38766.0,1317944.0,512.0,2109.44,1034.24,4218.88,1.0,0,3.0,14.0,2n-2m-14th-Bc-lu-mz,sequana_cpu_dev,2,11429186.0,2,14,B,lu-mz,4,4,250,304,208,17,728.17,749.85,1478.02,182.04,187.46,369.5,184.75,4.0, sdumont6166,7390.1
73.0,672,12,735696.0,143748.0,71067.0,1306396.0,563.2,2109.44,1126.4,4218.88,1.0,0,21.0,72.0,2n-2m-14th-Cc-lu-mz,sequana_cpu_dev,2,11429192.0,2,14,C,lu-mz,4,4,250,480,320,28,2745.15,2725.02,5470.17,249.56,247.73,497.29,248.64,11.0, sdumont6167,65642.04000000001
5.0,192,3,630391.0,144536.0,73044.0,1321748.0,491.52,2109.44,993.28,4218.88,1.0,0,27.0,93.0,2n-2m-16th-Ac-lu-mz,sequana_cpu_dev,2,11429198.0,2,16,A,lu-mz,4,4,250,128,128,16,168.54,182.45,350.99,168.54,182.45,350.99,175.5,1.0, sdumont6166,1052.97
23.0,320,5,630564.0,144212.0,73223.0,1322064.0,501.76,2109.44,1034.24,4218.88,1.0,0,22.0,53.0,2n-2m-16th-Bc-lu-mz,sequana_cpu_dev,2,11429202.0,2,16,B,lu-mz,4,4,250,304,208,17,641.42,670.09,1311.51,213.81,223.36,437.17,218.58,3.0, sdumont6166,6557.55
77.0,768,12,594896.0,134440.0,40005.0,1310508.0,512.0,2109.44,1105.92,4218.88,1.0,0,12.0,25.0,2n-2m-16th-Cc-lu-mz,sequana_cpu_dev,2,11429205.0,2,16,C,lu-mz,4,4,250,480,320,28,2509.25,2600.96,5110.22,250.93,260.1,511.02,255.51,10.0, sdumont6166,61322.64
6.0,144,2,618351.0,132532.0,59060.0,1313520.0,491.52,2109.44,993.28,4218.88,1.0,0,15.0,31.0,2n-2m-18th-Ac-lu-mz,sequana_cpu_dev,2,11429212.0,2,18,A,lu-mz,4,4,250,128,128,16,203.59,209.32,412.91,203.59,209.32,412.91,206.46,1.0, sdumont6167,825.82
23.0,360,5,466370.0,140600.0,69330.0,673624.0,481.28,2109.44,962.56,4218.88,1.0,0,16.0,37.0,2n-2m-18th-Bc-lu-mz,sequana_cpu_dev,2,11429214.0,2,18,B,lu-mz,4,4,250,304,208,17,540.11,548.32,1088.42,180.04,182.77,362.81,181.4,3.0, sdumont6166,5442.1
87.0,864,12,575624.0,141036.0,70114.0,1097384.0,512.0,2109.44,1105.92,4218.88,1.0,0,13.0,29.0,2n-2m-18th-Cc-lu-mz,sequana_cpu_dev,2,11429217.0,2,18,C,lu-mz,4,4,250,480,320,28,2276.96,2361.89,4638.84,207.0,214.72,421.71,210.86,11.0, sdumont6165,55666.08
7.0,240,3,741318.0,142684.0,70515.0,1317632.0,501.76,2109.44,993.28,4218.88,1.0,0,19.0,55.0,2n-2m-20th-Ac-lu-mz,sequana_cpu_dev,2,11429220.0,2,20,A,lu-mz,4,4,250,128,128,16,199.95,222.9,422.85,99.98,111.45,211.43,105.71,2.0, sdumont6166,1268.5500000000002
26.0,400,5,601894.0,144692.0,42648.0,1330304.0,491.52,2109.44,1013.76,4218.88,1.0,0,18.0,44.0,2n-2m-20th-Bc-lu-mz,sequana_cpu_dev,2,11429225.0,2,20,B,lu-mz,4,4,250,304,208,17,520.93,563.63,1084.57,130.23,140.91,271.14,135.57,4.0, sdumont6166,5422.849999999999
43.0,880,11,575764.0,134384.0,36442.0,1318748.0,552.96,2109.44,1116.16,4218.88,1.0,0,8.0,34.0,2n-2m-20th-Cc-lu-mz,sequana_cpu_dev,2,11429229.0,2,20,C,lu-mz,4,4,250,480,320,28,2162.33,2308.66,4470.99,216.23,230.87,447.1,223.55,10.0, sdumont6166,49180.89
4.0,264,3,579590.0,143152.0,38627.0,1334052.0,512.0,2109.44,1044.48,4218.88,1.0,0,11.0,46.0,2n-2m-22th-Ac-lu-mz,sequana_cpu_dev,2,11429231.0,2,22,A,lu-mz,4,4,250,128,128,16,195.75,211.47,407.23,148.82,159.9,308.72,154.36,1.5, sdumont6165,1221.69
30.0,440,5,473547.0,140696.0,71859.0,681796.0,481.28,2109.44,962.56,4218.88,1.0,0,37.0,76.0,2n-2m-22th-Bc-lu-mz,sequana_cpu_dev,2,11429235.0,2,22,B,lu-mz,4,4,250,304,208,17,512.33,538.86,1051.19,149.72,157.09,306.81,153.41,3.5, sdumont6165,5255.950000000001
98.0,1056,12,743939.0,144156.0,71309.0,1322888.0,542.72,2109.44,1085.44,4218.88,1.0,0,27.0,62.0,2n-2m-22th-Cc-lu-mz,sequana_cpu_dev,2,11429239.0,2,22,C,lu-mz,4,4,250,480,320,28,2292.05,2285.23,4577.27,229.2,228.52,457.73,228.86,10.0, sdumont6167,54927.240000000005
5.0,288,3,577509.0,133848.0,36231.0,1325728.0,501.76,2109.44,1013.76,4218.88,1.0,0,9.0,39.0,2n-2m-24th-Ac-lu-mz,sequana_cpu_dev,2,11429241.0,2,24,A,lu-mz,4,4,250,128,128,16,201.39,211.42,412.81,155.64,161.61,317.24,158.62,1.5, sdumont6166,1238.43
33.0,576,6,638787.0,144468.0,72843.0,1338544.0,501.76,2109.44,1024.0,4218.88,1.0,0,19.0,40.0,2n-2m-24th-Bc-lu-mz,sequana_cpu_dev,2,11429244.0,2,24,B,lu-mz,4,4,250,304,208,17,663.14,667.05,1330.19,165.78,166.76,332.55,166.27,4.0, sdumont6166,7981.14
107.0,1056,11,410024.0,20532.0,11415.0,555688.0,481.28,2109.44,962.56,4218.88,1.0,0,20.0,48.0,2n-2m-24th-Cc-lu-mz,sequana_cpu_dev,2,11429247.0,2,24,C,lu-mz,4,4,250,480,320,28,2240.13,2325.39,4565.51,236.6,245.47,482.07,241.03,9.5, sdumont6166,50220.61
0.0,36,6,265348.0,3176.0,3122.666015625,265348.0,0.0,0.0,0.0,0.0,1.0,0,0.0,0.0,3n-1m-2th-Ac-lu-mz,sequana_cpu_dev,3,11429250.0,1,2,A,lu-mz,4,4,250,128,128,16,815.79,579.7,1395.49,163.16,115.94,279.1,93.03,5.0, sdumont6167,8372.94
0.0,120,20,265348.0,3152.0,3128.0,265348.0,0.0,0.0,0.0,0.0,1.0,0,0.0,0.0,3n-1m-2th-Bc-lu-mz,sequana_cpu_dev,3,11429254.0,1,2,B,lu-mz,4,4,250,304,208,17,3229.91,2215.19,5445.1,170.0,116.59,286.58,95.53,19.0, sdumont6165,108902.0
118.0,444,74,1365261.3330078125,369668.0,368392.0,1507920.0,1638.4,4208.64,1648.64,4218.88,1.0,0,0.0,0.0,3n-1m-2th-Cc-lu-mz,sequana_cpu_dev,3,11429257.0,1,2,C,lu-mz,4,4,250,480,320,28,13643.09,8932.75,22575.84,186.89,122.37,309.26,103.09,73.0, sdumont6167,1670612.16
0.0,60,5,265348.0,3140.0,3090.666015625,265348.0,0.0,0.0,0.0,0.0,1.0,0,0.0,0.0,3n-1m-4th-Ac-lu-mz,sequana_cpu_dev,3,11429260.0,1,4,A,lu-mz,4,4,250,128,128,16,628.8,375.95,1004.75,174.36,103.72,278.07,92.69,3.67, sdumont6167,5023.75
0.0,144,12,265348.0,3124.0,2400.0,265348.0,0.0,0.0,0.0,0.0,1.0,0,0.0,0.0,3n-1m-4th-Bc-lu-mz,sequana_cpu_dev,3,11429262.0,1,4,B,lu-mz,4,4,250,304,208,17,2213.38,1280.71,3494.09,201.22,116.43,317.64,105.88,11.0, sdumont6167,41929.08
117.0,504,42,1443646.666015625,371492.0,369058.666015625,1734844.0,1249.28,4208.64,1259.52,4208.64,1.0,0,1.0,2.0,3n-1m-4th-Cc-lu-mz,sequana_cpu_dev,3,11429265.0,1,4,C,lu-mz,4,4,250,480,320,28,8898.1,4955.1,13853.19,217.03,120.86,337.88,112.63,41.0, sdumont6167,581833.98
0.0,90,5,265348.0,3144.0,2402.666015625,265348.0,0.0,0.0,0.0,0.0,1.0,0,0.0,0.0,3n-1m-6th-Ac-lu-mz,sequana_cpu_dev,3,11429268.0,1,6,A,lu-mz,4,4,250,128,128,16,708.26,374.05,1082.31,236.09,124.68,360.77,120.26,3.0, sdumont6166,5411.549999999999
0.0,162,9,265348.0,3092.0,2397.3330078125,265348.0,0.0,0.0,0.0,0.0,1.0,0,0.0,0.0,3n-1m-6th-Bc-lu-mz,sequana_cpu_dev,3,11429271.0,1,6,B,lu-mz,4,4,250,304,208,17,1995.7,990.31,2986.01,249.46,123.79,373.25,124.42,8.0, sdumont6165,26874.090000000004
0.0,540,30,265348.0,3144.0,3104.0,265348.0,0.0,0.0,0.0,0.0,1.0,0,0.0,0.0,3n-1m-6th-Cc-lu-mz,sequana_cpu_dev,3,11429274.0,1,6,C,lu-mz,4,4,250,480,320,28,7236.93,3436.71,10673.64,249.55,118.51,368.06,122.69,29.0, sdumont6166,320209.19999999995
0.0,120,5,265348.0,1040.0,1038.666015625,265348.0,0.0,0.0,0.0,0.0,0.0,0,0.0,0.0,3n-1m-8th-Ac-lu-mz,sequana_cpu_dev,3,11429277.0,1,8,A,lu-mz,4,4,250,128,128,16,933.75,459.31,1393.05,233.44,114.83,348.26,116.09,4.0, sdumont6165,6965.25
0.0,192,8,265348.0,3164.0,1745.3330078125,265348.0,0.0,0.0,0.0,0.0,0.0,0,0.0,0.0,3n-1m-8th-Bc-lu-mz,sequana_cpu_dev,3,11429279.0,1,8,B,lu-mz,4,4,250,304,208,17,1997.9,878.18,2876.08,285.41,125.45,410.87,136.96,7.0, sdumont6167,23008.64
0.0,600,25,265348.0,1040.0,1037.3330078125,265348.0,0.0,0.0,0.0,0.0,1.0,0,0.0,0.0,3n-1m-8th-Cc-lu-mz,sequana_cpu_dev,3,11429282.0,1,8,C,lu-mz,4,4,250,480,320,28,6751.55,2819.98,9571.53,281.31,117.5,398.81,132.94,24.0, sdumont6167,239288.25000000003
0.0,180,6,265348.0,1036.0,1034.666015625,265348.0,0.0,0.0,0.0,0.0,1.0,0,0.0,0.0,3n-1m-10th-Ac-lu-mz,sequana_cpu_dev,3,11429285.0,1,10,A,lu-mz,4,4,250,128,128,16,1099.35,498.82,1598.17,219.87,99.76,319.63,106.54,5.0, sdumont6165,9589.02
0.0,240,8,265348.0,3176.0,1749.3330078125,265348.0,0.0,0.0,0.0,0.0,1.0,0,0.0,0.0,3n-1m-10th-Bc-lu-mz,sequana_cpu_dev,3,11429289.0,1,10,B,lu-mz,4,4,250,304,208,17,1871.64,748.45,2620.09,267.38,106.92,374.3,124.77,7.0, sdumont6166,20960.72
0.0,630,21,265348.0,3164.0,1744.0,265348.0,0.0,0.0,0.0,0.0,1.0,0,0.0,0.0,3n-1m-10th-Cc-lu-mz,sequana_cpu_dev,3,11429292.0,1,10,C,lu-mz,4,4,250,480,320,28,6446.54,2400.97,8847.51,322.33,120.05,442.38,147.46,20.0, sdumont6167,185797.71
0.0,252,7,265348.0,3056.0,1710.666015625,265348.0,0.0,0.0,0.0,0.0,1.0,0,0.0,0.0,3n-1m-12th-Ac-lu-mz,sequana_cpu_dev,3,11429295.0,1,12,A,lu-mz,4,4,250,128,128,16,1441.64,623.09,2064.73,240.27,103.85,344.12,114.71,6.0, sdumont6167,14453.11
0.0,324,9,265348.0,3088.0,1720.0,265348.0,0.0,0.0,0.0,0.0,1.0,0,0.0,0.0,3n-1m-12th-Bc-lu-mz,sequana_cpu_dev,3,11429298.0,1,12,B,lu-mz,4,4,250,304,208,17,2268.61,873.53,3142.13,324.09,124.79,448.88,149.63,7.0, sdumont6165,28279.170000000002
0.0,756,21,265348.0,3160.0,1746.666015625,265348.0,0.0,0.0,0.0,0.0,1.0,0,0.0,0.0,3n-1m-12th-Cc-lu-mz,sequana_cpu_dev,3,11429301.0,1,12,C,lu-mz,4,4,250,480,320,28,6579.41,2391.34,8970.74,328.97,119.57,448.54,149.51,20.0, sdumont6166,188385.54
0.0,294,7,265348.0,3120.0,1729.3330078125,265348.0,0.0,0.0,0.0,0.0,1.0,0,0.0,0.0,3n-1m-14th-Ac-lu-mz,sequana_cpu_dev,3,11429306.0,1,14,A,lu-mz,4,4,250,128,128,16,1500.37,624.4,2124.76,250.06,104.07,354.13,118.04,6.0, sdumont6165,14873.320000000002
0.0,378,9,265348.0,3052.0,1708.0,265348.0,0.0,0.0,0.0,0.0,1.0,0,0.0,0.0,3n-1m-14th-Bc-lu-mz,sequana_cpu_dev,3,11429308.0,1,14,B,lu-mz,4,4,250,304,208,17,2333.65,873.03,3206.67,291.71,109.13,400.83,133.61,8.0, sdumont6167,28860.03
0.0,798,19,265348.0,1036.0,1036.0,265348.0,0.0,0.0,0.0,0.0,0.0,0,0.0,0.0,3n-1m-14th-Cc-lu-mz,sequana_cpu_dev,3,11429311.0,1,14,C,lu-mz,4,4,250,480,320,28,6183.54,2120.81,8304.35,343.53,117.82,461.35,153.78,18.0, sdumont6165,157782.65
0.0,384,8,265348.0,1036.0,1036.0,265348.0,0.0,0.0,0.0,0.0,1.0,0,0.0,0.0,3n-1m-16th-Ac-lu-mz,sequana_cpu_dev,3,11429313.0,1,16,A,lu-mz,4,4,250,128,128,16,1822.44,750.51,2572.95,260.35,107.22,367.56,122.52,7.0, sdumont6165,20583.6
0.0,480,10,265348.0,3088.0,1720.0,265348.0,0.0,0.0,0.0,0.0,1.0,0,0.0,0.0,3n-1m-16th-Bc-lu-mz,sequana_cpu_dev,3,11429315.0,1,16,B,lu-mz,4,4,250,304,208,17,2696.93,989.66,3686.59,299.66,109.96,409.62,136.54,9.0, sdumont6166,36865.9
0.0,912,19,265348.0,1040.0,1037.3330078125,265348.0,0.0,0.0,0.0,0.0,1.0,0,0.0,0.0,3n-1m-16th-Cc-lu-mz,sequana_cpu_dev,3,11429317.0,1,16,C,lu-mz,4,4,250,480,320,28,6177.73,2124.67,8302.4,343.21,118.04,461.24,153.75,18.0, sdumont6165,157745.6
0.0,486,9,265348.0,1036.0,1034.666015625,265348.0,0.0,0.0,0.0,0.0,1.0,0,0.0,0.0,3n-1m-18th-Ac-lu-mz,sequana_cpu_dev,3,11429320.0,1,18,A,lu-mz,4,4,250,128,128,16,2210.3,867.99,3078.28,276.29,108.5,384.79,128.26,8.0, sdumont6166,27704.52
0.0,540,10,265348.0,1040.0,1037.3330078125,265348.0,0.0,0.0,0.0,0.0,1.0,0,0.0,0.0,3n-1m-18th-Bc-lu-mz,sequana_cpu_dev,3,11429324.0,1,18,B,lu-mz,4,4,250,304,208,17,2720.13,999.68,3719.81,302.24,111.08,413.31,137.77,9.0, sdumont6167,37198.1
0.0,1080,20,265348.0,3180.0,1749.3330078125,265348.0,0.0,0.0,0.0,0.0,1.0,0,0.0,0.0,3n-1m-18th-Cc-lu-mz,sequana_cpu_dev,3,11429326.0,1,18,C,lu-mz,4,4,250,480,320,28,6737.74,2251.51,8989.24,354.62,118.5,473.12,157.71,19.0, sdumont6167,179784.8
0.0,600,10,265348.0,3052.0,1708.0,265348.0,0.0,0.0,0.0,0.0,1.0,0,0.0,0.0,3n-1m-20th-Ac-lu-mz,sequana_cpu_dev,3,11429328.0,1,20,A,lu-mz,4,4,250,128,128,16,2547.66,992.89,3540.55,283.07,110.32,393.39,131.13,9.0, sdumont6165,35405.5
0.0,660,11,265348.0,3056.0,1709.3330078125,265348.0,0.0,0.0,0.0,0.0,1.0,0,0.0,0.0,3n-1m-20th-Bc-lu-mz,sequana_cpu_dev,3,11429331.0,1,20,B,lu-mz,4,4,250,304,208,17,3165.36,1161.11,4326.47,316.54,116.11,432.65,144.22,10.0, sdumont6166,47591.170000000006
0.0,1320,22,265348.0,3060.0,1709.3330078125,265348.0,0.0,0.0,0.0,0.0,1.0,0,0.0,0.0,3n-1m-20th-Cc-lu-mz,sequana_cpu_dev,3,11429334.0,1,20,C,lu-mz,4,4,250,480,320,28,7203.19,2490.19,9693.38,343.01,118.58,461.59,153.86,21.0, sdumont6167,213254.36
0.0,792,12,265348.0,3032.0,1698.666015625,265348.0,0.0,0.0,0.0,0.0,1.0,0,0.0,0.0,3n-1m-22th-Ac-lu-mz,sequana_cpu_dev,3,11429338.0,1,22,A,lu-mz,4,4,250,128,128,16,3261.1,1247.55,4508.65,296.46,113.41,409.88,136.63,11.0, sdumont6166,54103.799999999996
0.0,924,14,265348.0,3064.0,1709.3330078125,265348.0,0.0,0.0,0.0,0.0,1.0,0,0.0,0.0,3n-1m-22th-Bc-lu-mz,sequana_cpu_dev,3,11429341.0,1,22,B,lu-mz,4,4,250,304,208,17,4121.89,1496.16,5618.05,343.49,124.68,468.17,156.06,12.0, sdumont6165,78652.7
0.0,1584,24,265348.0,1040.0,1038.666015625,265348.0,0.0,0.0,0.0,0.0,1.0,0,0.0,0.0,3n-1m-22th-Cc-lu-mz,sequana_cpu_dev,3,11429344.0,1,22,C,lu-mz,4,4,250,480,320,28,7936.28,2747.97,10684.25,330.68,114.5,445.18,148.39,24.0, sdumont6166,256422.0
0.0,792,11,265348.0,1040.0,1037.3330078125,265348.0,0.0,0.0,0.0,0.0,1.0,0,0.0,0.0,3n-1m-24th-Ac-lu-mz,sequana_cpu_dev,3,11429346.0,1,24,A,lu-mz,4,4,250,128,128,16,3071.79,1144.69,4216.48,307.18,114.47,421.65,140.55,10.0, sdumont6167,46381.28
0.0,1008,14,265348.0,3116.0,1730.666015625,265348.0,0.0,0.0,0.0,0.0,1.0,0,0.0,0.0,3n-1m-24th-Bc-lu-mz,sequana_cpu_dev,3,11429348.0,1,24,B,lu-mz,4,4,250,304,208,17,4327.41,1522.52,5849.93,332.88,117.12,449.99,150.0,13.0, sdumont6166,81899.02
0.0,1728,24,265348.0,3216.0,1762.666015625,265348.0,0.0,0.0,0.0,0.0,1.0,0,0.0,0.0,3n-1m-24th-Cc-lu-mz,sequana_cpu_dev,3,11429350.0,1,24,C,lu-mz,4,4,250,480,320,28,8308.62,2803.73,11112.36,361.24,121.9,483.15,161.05,23.0, sdumont6167,266696.64
0.0,1014,13,265348.0,3184.0,3162.666015625,265348.0,0.0,0.0,0.0,0.0,1.0,0,0.0,0.0,3n-1m-26th-Ac-lu-mz,sequana_cpu_dev,3,11429352.0,1,26,A,lu-mz,4,4,250,128,128,16,3701.21,1867.99,5569.2,308.43,155.67,464.1,154.7,12.0, sdumont6166,72399.59999999999
0.0,1170,15,265348.0,3140.0,1736.0,265348.0,0.0,0.0,0.0,0.0,1.0,0,0.0,0.0,3n-1m-26th-Bc-lu-mz,sequana_cpu_dev,3,11429354.0,1,26,B,lu-mz,4,4,250,304,208,17,4536.95,2233.58,6770.54,324.07,159.54,483.61,161.2,14.0, sdumont6167,101558.1
0.0,2106,27,265348.0,3188.0,2466.666015625,265348.0,0.0,0.0,0.0,0.0,1.0,0,0.0,0.0,3n-1m-26th-Cc-lu-mz,sequana_cpu_dev,3,11429356.0,1,26,C,lu-mz,4,4,250,480,320,28,9026.98,4397.74,13424.72,347.19,169.14,516.34,172.11,26.0, sdumont6166,362467.44
0.0,1176,14,265348.0,3176.0,3166.666015625,265348.0,0.0,0.0,0.0,0.0,1.0,0,0.0,0.0,3n-1m-28th-Ac-lu-mz,sequana_cpu_dev,3,11429358.0,1,28,A,lu-mz,4,4,250,128,128,16,4011.32,2374.63,6385.94,308.56,182.66,491.23,163.74,13.0, sdumont6165,89403.15999999999
0.0,1344,16,265348.0,3244.0,2489.3330078125,265348.0,0.0,0.0,0.0,0.0,1.0,0,0.0,0.0,3n-1m-28th-Bc-lu-mz,sequana_cpu_dev,3,11429361.0,1,28,B,lu-mz,4,4,250,304,208,17,4873.27,2802.79,7676.07,324.88,186.85,511.74,170.58,15.0, sdumont6167,122817.12
0.0,2520,30,265348.0,3180.0,3172.0,265348.0,0.0,0.0,0.0,0.0,1.0,0,0.0,0.0,3n-1m-28th-Cc-lu-mz,sequana_cpu_dev,3,11429363.0,1,28,C,lu-mz,4,4,250,480,320,28,9953.41,5672.53,15625.94,343.22,195.6,538.83,179.61,29.0, sdumont6166,468778.2
0.0,1350,15,265348.0,3092.0,2402.666015625,265348.0,0.0,0.0,0.0,0.0,1.0,0,0.0,0.0,3n-1m-30th-Ac-lu-mz,sequana_cpu_dev,3,11429365.0,1,30,A,lu-mz,4,4,250,128,128,16,4354.16,2959.9,7314.06,311.01,211.42,522.43,174.14,14.0, sdumont6166,109710.90000000001
0.0,1620,18,265348.0,3148.0,2436.0,265348.0,0.0,0.0,0.0,0.0,1.0,0,0.0,0.0,3n-1m-30th-Bc-lu-mz,sequana_cpu_dev,3,11429368.0,1,30,B,lu-mz,4,4,250,304,208,17,5542.54,3657.1,9199.65,326.03,215.12,541.16,180.39,17.0, sdumont6167,165593.69999999998
725.0,2970,33,1466508.0,370376.0,369125.3330078125,1696540.0,1320.96,4218.88,1320.96,4218.88,1.0,0,82.0,155.0,3n-1m-30th-Cc-lu-mz,sequana_cpu_dev,3,11429370.0,1,30,C,lu-mz,4,4,250,480,320,28,10907.48,7134.63,18042.11,340.86,222.96,563.82,187.94,32.0, sdumont6165,595389.63
0.0,1920,20,265348.0,3224.0,2488.0,265348.0,0.0,0.0,0.0,0.0,1.0,0,0.0,0.0,3n-1m-32th-Bc-lu-mz,sequana_cpu_dev,3,11429375.0,1,32,B,lu-mz,4,4,250,304,208,17,5840.45,4488.35,10328.8,324.47,249.35,573.82,191.27,18.0, sdumont6168,206576.0
778.0,3456,36,1571676.0,406112.0,382913.3330078125,1700656.0,1320.96,4218.88,1320.96,4218.88,1.0,0,129.0,176.0,3n-1m-32th-Cc-lu-mz,sequana_cpu_dev,3,11429377.0,1,32,C,lu-mz,4,4,250,480,320,28,11507.32,8740.46,20247.78,338.45,257.07,595.52,198.51,34.0, sdumont6167,728920.08
0.0,2142,21,265348.0,3144.0,2440.0,265348.0,0.0,0.0,0.0,0.0,0.0,0,0.0,0.0,3n-1m-34th-Bc-lu-mz,sequana_cpu_dev,3,11429384.0,1,34,B,lu-mz,4,4,250,304,208,17,6393.24,5351.46,11744.7,319.66,267.57,587.24,195.75,20.0, sdumont6166,246638.7
829.0,3978,39,1562109.3330078125,370988.0,370061.3330078125,1704760.0,1320.96,4218.88,1320.96,4218.88,1.0,0,99.0,163.0,3n-1m-34th-Cc-lu-mz,sequana_cpu_dev,3,11429390.0,1,34,C,lu-mz,4,4,250,480,320,28,12534.79,10386.74,22921.53,338.78,280.72,619.5,206.5,37.0, sdumont6166,893939.6699999999
0.0,2376,22,265348.0,3232.0,3152.0,265348.0,0.0,0.0,0.0,0.0,570.0,0,0.0,0.0,3n-1m-36th-Bc-lu-mz,sequana_cpu_dev,3,11429407.0,1,36,B,lu-mz,4,4,250,304,208,17,6724.31,5855.51,12579.82,320.21,278.83,599.04,199.68,21.0, sdumont6167,276756.04
884.0,4428,41,1566200.0,370728.0,369472.0,1708872.0,1320.96,4218.88,1320.96,4218.88,1.0,0,48.0,52.0,3n-1m-36th-Cc-lu-mz,sequana_cpu_dev,3,11429415.0,1,36,C,lu-mz,4,4,250,480,320,28,13530.09,11961.39,25491.48,344.08,304.19,648.28,216.09,39.33, sdumont6167,1045150.6799999999
0.0,3306,29,265348.0,3152.0,2446.666015625,265348.0,0.0,0.0,0.0,0.0,1.0,0,0.0,0.0,3n-1m-38th-Bc-lu-mz,sequana_cpu_dev,3,11429424.0,1,38,B,lu-mz,4,4,250,304,208,17,8660.53,7867.01,16527.54,309.3,280.96,590.27,196.76,28.0, sdumont6167,479298.66000000003
948.0,6384,56,1570322.666015625,370716.0,369853.3330078125,1712996.0,1310.72,4218.88,1320.96,4218.88,1.0,0,67.0,77.0,3n-1m-38th-Cc-lu-mz,sequana_cpu_dev,3,11429427.0,1,38,C,lu-mz,4,4,250,480,320,28,17971.05,16663.25,34634.3,328.63,304.82,633.44,211.15,54.67, sdumont6166,1939520.8000000003
0.0,3240,27,265348.0,3148.0,1738.666015625,265348.0,0.0,0.0,0.0,0.0,1.0,0,0.0,0.0,3n-1m-40th-Bc-lu-mz,sequana_cpu_dev,3,11429431.0,1,40,B,lu-mz,4,4,250,304,208,17,7999.07,7412.22,15411.29,307.66,285.09,592.74,197.58,26.0, sdumont6167,416104.83
982.0,6120,51,1530774.666015625,370796.0,369508.0,1651560.0,1310.72,4218.88,1320.96,4218.88,1.0,0,110.0,175.0,3n-1m-40th-Cc-lu-mz,sequana_cpu_dev,3,11429433.0,1,40,C,lu-mz,4,4,250,480,320,28,16246.19,15462.96,31709.15,324.92,309.26,634.18,211.39,50.0, sdumont6165,1617166.6500000001
0.0,3276,26,265348.0,3156.0,3105.3330078125,265348.0,0.0,0.0,0.0,0.0,1.0,0,0.0,0.0,3n-1m-42th-Bc-lu-mz,sequana_cpu_dev,3,11429447.0,1,42,B,lu-mz,4,4,250,304,208,17,7976.91,7552.05,15528.96,328.14,310.56,638.69,212.9,24.33, sdumont6165,403752.95999999996
1022.0,6300,50,1556733.3330078125,370952.0,369530.666015625,1655676.0,1310.72,4218.88,1320.96,4218.88,1.0,0,96.0,107.0,3n-1m-42th-Cc-lu-mz,sequana_cpu_dev,3,11429453.0,1,42,C,lu-mz,4,4,250,480,320,28,15860.89,15415.89,31276.78,323.69,314.61,638.3,212.77,49.0, sdumont6166,1563839.0
0.0,3564,27,265348.0,3136.0,3116.0,265348.0,0.0,0.0,0.0,0.0,1.0,0,0.0,0.0,3n-1m-44th-Bc-lu-mz,sequana_cpu_dev,3,11429464.0,1,44,B,lu-mz,4,4,250,304,208,17,7990.11,7808.3,15798.41,319.6,312.33,631.94,210.65,25.0, sdumont6167,426557.07
1069.0,6864,52,1626340.0,371604.0,370149.3330078125,1725320.0,1310.72,4218.88,1320.96,4218.88,1.0,0,96.0,120.0,3n-1m-44th-Cc-lu-mz,sequana_cpu_dev,3,11429467.0,1,44,C,lu-mz,4,4,250,480,320,28,16520.7,16437.93,32958.63,328.27,326.65,654.91,218.3,50.33, sdumont6166,1713848.7599999998
0.0,3864,28,265348.0,3088.0,2389.3330078125,265348.0,0.0,0.0,0.0,0.0,1.0,0,0.0,0.0,3n-1m-46th-Bc-lu-mz,sequana_cpu_dev,3,11429473.0,1,46,B,lu-mz,4,4,250,304,208,17,8419.29,8393.11,16812.4,319.78,318.9,638.68,212.89,26.33, sdumont6166,470747.20000000007
1123.0,7866,57,1586774.666015625,371012.0,369713.3330078125,1729432.0,1310.72,4218.88,1320.96,4218.88,3.0,0,84.0,94.0,3n-1m-46th-Cc-lu-mz,sequana_cpu_dev,3,11429477.0,1,46,C,lu-mz,4,4,250,480,320,28,18019.27,17938.43,35957.69,327.62,326.15,653.78,217.93,55.0, sdumont6165,2049588.33
0.0,4320,30,265348.0,3172.0,2442.666015625,265348.0,0.0,0.0,0.0,0.0,0.0,0,0.0,0.0,3n-1m-48th-Bc-lu-mz,sequana_cpu_dev,3,11429484.0,1,48,B,lu-mz,4,4,250,304,208,17,9206.87,9445.82,18652.69,328.82,337.35,666.17,222.06,28.0, sdumont6165,559580.7
1173.0,8640,60,1612714.666015625,371352.0,370001.3330078125,1733540.0,1300.48,4218.88,1310.72,4218.88,0.0,0,89.0,118.0,3n-1m-48th-Cc-lu-mz,sequana_cpu_dev,3,11429486.0,1,48,C,lu-mz,4,4,250,480,320,28,19155.89,19959.24,39115.14,330.27,344.12,674.4,224.8,58.0, sdumont6166,2346908.4
1.0,48,4,560252.0,143736.0,43738.0,1080704.0,501.76,2109.44,1024.0,4218.88,1.0,0,0.0,0.0,3n-2m-2th-Ac-lu-mz,sequana_cpu_dev,3,11429489.0,2,2,A,lu-mz,4,4,250,128,128,16,382.77,397.84,780.62,127.59,132.61,260.21,86.74,3.0, sdumont6166,3122.48
5.0,132,11,522782.0,143188.0,43048.0,1080556.0,532.48,2109.44,1126.4,4218.88,961.0,0,0.0,0.0,3n-2m-2th-Bc-lu-mz,sequana_cpu_dev,3,11429493.0,2,2,B,lu-mz,4,4,250,304,208,17,1668.47,1737.34,3405.81,166.85,173.73,340.58,113.53,10.0, sdumont6166,37463.909999999996
58.0,468,39,1022394.666015625,262996.0,260052.0,1420700.0,1198.08,4218.88,1556.48,4239.36,1.0,0,28.0,169.0,3n-2m-2th-Cc-lu-mz,sequana_cpu_dev,3,11429500.0,2,2,C,lu-mz,4,4,250,480,320,28,6998.35,7246.56,14244.91,184.17,190.7,374.87,124.96,38.0, sdumont6166,555551.49
3.0,72,3,528487.3330078125,143780.0,72792.0,1084688.0,491.52,2109.44,1024.0,4218.88,1.0,0,2.0,10.0,3n-2m-4th-Ac-lu-mz,sequana_cpu_dev,3,11429501.0,2,4,A,lu-mz,4,4,250,128,128,16,398.1,406.73,804.83,199.05,203.36,402.42,134.14,2.0, sdumont6165,2414.4900000000002
0.0,168,7,396420.666015625,6840.0,4347.3330078125,675772.0,542.72,2109.44,1085.44,4218.88,1.0,0,0.0,0.0,3n-2m-4th-Bc-lu-mz,sequana_cpu_dev,3,11429503.0,2,4,B,lu-mz,4,4,250,304,208,17,1022.28,1051.57,2073.85,170.38,175.26,345.64,115.21,6.0, sdumont6166,14516.949999999999
26.0,528,22,570078.0,143700.0,50294.0,1085408.0,634.88,2109.44,1290.24,4229.12,1.0,0,0.0,1.0,3n-2m-4th-Cc-lu-mz,sequana_cpu_dev,3,11429505.0,2,4,C,lu-mz,4,4,250,480,320,28,4458.42,4559.37,9017.78,212.31,217.11,429.42,143.14,21.0, sdumont6166,198391.16
4.0,144,4,443274.666015625,142636.0,58924.666015625,649048.0,491.52,2109.44,972.8,4218.88,1.0,0,2.0,6.0,3n-2m-6th-Ac-lu-mz,sequana_cpu_dev,3,11429507.0,2,6,A,lu-mz,4,4,250,128,128,16,433.62,437.03,870.65,216.81,218.52,435.33,145.11,2.0, sdumont6167,3482.6
11.0,216,6,523106.666015625,143404.0,65271.3330078125,1088800.0,501.76,2109.44,1054.72,4218.88,0.0,0,6.0,31.0,3n-2m-6th-Bc-lu-mz,sequana_cpu_dev,3,11429508.0,2,6,B,lu-mz,4,4,250,304,208,17,987.32,992.56,1979.88,197.46,198.51,395.98,131.99,5.0, sdumont6165,11879.28
14.0,612,17,538008.666015625,143828.0,27700.0,1089384.0,614.4,2109.44,1228.8,4218.88,0.0,0,30.0,184.0,3n-2m-6th-Cc-lu-mz,sequana_cpu_dev,3,11429509.0,2,6,C,lu-mz,4,4,250,480,320,28,3794.64,3818.35,7612.99,237.16,238.65,475.81,158.6,16.0, sdumont6165,129420.83
4.0,192,4,387376.666015625,140436.0,42318.0,652708.0,501.76,2109.44,1034.24,4218.88,0.0,0,3.0,14.0,3n-2m-8th-Ac-lu-mz,sequana_cpu_dev,3,11429510.0,2,8,A,lu-mz,4,4,250,128,128,16,480.67,486.66,967.32,160.22,162.22,322.44,107.48,3.0, sdumont6166,3869.28
13.0,192,4,598593.3330078125,143504.0,65936.0,1092912.0,512.0,2109.44,1044.48,4218.88,1.0,0,2.0,7.0,3n-2m-8th-Bc-lu-mz,sequana_cpu_dev,3,11429511.0,2,8,B,lu-mz,4,4,250,304,208,17,804.96,810.47,1615.43,201.24,202.62,403.86,134.62,4.0, sdumont6167,6461.72
30.0,768,16,438846.666015625,144308.0,26886.0,1306340.0,563.2,2109.44,1208.32,4218.88,1.0,0,33.0,153.0,3n-2m-8th-Cc-lu-mz,sequana_cpu_dev,3,11429512.0,2,8,C,lu-mz,4,4,250,480,320,28,3644.14,3669.96,7314.1,280.32,282.3,562.62,187.54,13.0, sdumont6166,117025.6
3.0,480,8,465466.0,140820.0,27264.666015625,885612.0,522.24,2109.44,1095.68,4218.88,1.0,0,3.0,23.0,3n-2m-10th-Ac-lu-mz,sequana_cpu_dev,3,11429515.0,2,10,A,lu-mz,4,4,250,128,128,16,994.55,984.5,1979.05,165.76,164.08,329.84,109.95,6.0, sdumont6169,15832.4
10.0,360,6,537063.3330078125,143348.0,42848.666015625,1162472.0,512.0,2109.44,1054.72,4218.88,1.0,0,5.0,15.0,3n-2m-10th-Bc-lu-mz,sequana_cpu_dev,3,11429517.0,2,10,B,lu-mz,4,4,250,304,208,17,865.48,890.98,1756.46,216.37,222.74,439.11,146.37,4.0, sdumont6167,10538.76
33.0,720,12,655377.3330078125,144556.0,50719.3330078125,1310456.0,573.44,2109.44,1157.12,4218.88,1.0,0,3.0,11.0,3n-2m-10th-Cc-lu-mz,sequana_cpu_dev,3,11429521.0,2,10,C,lu-mz,4,4,250,480,320,28,3316.95,3418.68,6735.63,331.7,341.87,673.56,224.52,10.0, sdumont6167,80827.56
9.0,360,5,610694.666015625,143808.0,43670.666015625,1297948.0,512.0,2109.44,1044.48,4218.88,1.0,0,7.0,25.0,3n-2m-12th-Ac-lu-mz,sequana_cpu_dev,3,11429525.0,2,12,A,lu-mz,4,4,250,128,128,16,809.73,863.1,1672.83,269.91,287.7,557.61,185.87,3.0, sdumont6166,8364.15
20.0,432,6,692970.0,144264.0,66336.0,1313692.0,512.0,2109.44,1054.72,4218.88,1.0,0,10.0,30.0,3n-2m-12th-Bc-lu-mz,sequana_cpu_dev,3,11429528.0,2,12,B,lu-mz,4,4,250,304,208,17,1215.21,1284.95,2500.16,284.7,300.42,585.12,195.04,4.33, sdumont6165,15000.96
37.0,864,12,425110.666015625,98908.0,35308.666015625,683496.0,522.24,2109.44,1167.36,4218.88,0.0,0,11.0,56.0,3n-2m-12th-Cc-lu-mz,sequana_cpu_dev,3,11429529.0,2,12,C,lu-mz,4,4,250,480,320,28,3261.5,3446.86,6708.36,326.15,344.69,670.84,223.61,10.0, sdumont6165,80500.31999999999
10.0,420,5,413159.3330078125,140740.0,42124.666015625,752084.0,501.76,2109.44,1054.72,4218.88,1.0,0,12.0,43.0,3n-2m-14th-Ac-lu-mz,sequana_cpu_dev,3,11429530.0,2,14,A,lu-mz,4,4,250,128,128,16,850.09,861.97,1712.06,238.2,239.38,477.59,159.2,3.67, sdumont6166,8560.3
24.0,504,6,567670.0,143424.0,58386.666015625,1170800.0,501.76,2109.44,1054.72,4218.88,1.0,0,13.0,38.0,3n-2m-14th-Bc-lu-mz,sequana_cpu_dev,3,11429531.0,2,14,B,lu-mz,4,4,250,304,208,17,1261.49,1277.57,2539.06,252.3,255.51,507.81,169.27,5.0, sdumont6166,15234.36
61.0,1008,12,633594.666015625,144172.0,50589.3330078125,1171536.0,573.44,2109.44,1136.64,4218.88,1.0,0,9.0,22.0,3n-2m-14th-Cc-lu-mz,sequana_cpu_dev,3,11429533.0,2,14,C,lu-mz,4,4,250,480,320,28,3135.1,3166.7,6301.8,337.53,340.58,678.12,226.04,9.33, sdumont6166,75621.6
24.0,480,5,661621.3330078125,145956.0,66633.3330078125,1306188.0,512.0,2109.44,1044.48,4218.88,1.0,0,10.0,24.0,3n-2m-16th-Ac-lu-mz,sequana_cpu_dev,3,11429535.0,2,16,A,lu-mz,4,4,250,128,128,16,848.32,886.6,1734.91,212.08,221.65,433.73,144.58,4.0, sdumont6165,8674.550000000001
20.0,576,6,498984.0,143936.0,42890.666015625,1240388.0,522.24,2109.44,1064.96,4218.88,1.0,0,9.0,30.0,3n-2m-16th-Bc-lu-mz,sequana_cpu_dev,3,11429536.0,2,16,B,lu-mz,4,4,250,304,208,17,1258.08,1331.8,2589.88,251.62,266.36,517.98,172.66,5.0, sdumont6167,15539.28
46.0,1056,11,600072.0,144408.0,50094.0,1175648.0,573.44,2109.44,1146.88,4218.88,1.0,0,10.0,33.0,3n-2m-16th-Cc-lu-mz,sequana_cpu_dev,3,11429537.0,2,16,C,lu-mz,4,4,250,480,320,28,3207.04,3393.32,6600.36,320.7,339.33,660.04,220.01,10.0, sdumont6167,72603.95999999999
32.0,648,6,619802.666015625,146168.0,66449.3330078125,1179244.0,512.0,2109.44,1054.72,4218.88,1.0,0,15.0,37.0,3n-2m-18th-Ac-lu-mz,sequana_cpu_dev,3,11429538.0,2,18,A,lu-mz,4,4,250,128,128,16,1175.31,1198.19,2373.5,235.06,239.64,474.7,158.23,5.0, sdumont6166,14241.0
37.0,756,7,513198.666015625,100064.0,51172.0,827500.0,491.52,2109.44,983.04,4218.88,1.0,0,17.0,43.0,3n-2m-18th-Bc-lu-mz,sequana_cpu_dev,3,11429539.0,2,18,B,lu-mz,4,4,250,304,208,17,1598.3,1623.71,3222.01,266.38,270.62,537.0,179.0,6.0, sdumont6165,22554.07
82.0,1296,12,550544.0,144280.0,59252.0,1179772.0,522.24,2109.44,1157.12,4218.88,1.0,0,22.0,72.0,3n-2m-18th-Cc-lu-mz,sequana_cpu_dev,3,11429540.0,2,18,C,lu-mz,4,4,250,480,320,28,3609.97,3647.85,7257.82,328.18,331.62,659.8,219.93,11.0, sdumont6167,87093.84
0.0,840,7,328102.666015625,5156.0,3904.0,453612.0,542.72,2109.44,1126.4,4218.88,1.0,0,0.0,0.0,3n-2m-20th-Ac-lu-mz,sequana_cpu_dev,3,11429541.0,2,20,A,lu-mz,4,4,250,128,128,16,1387.04,1450.71,2837.74,244.02,256.04,500.05,166.68,5.67, sdumont6166,19864.18
15.0,960,8,481055.3330078125,144064.0,27280.0,1183064.0,552.96,2109.44,1126.4,4218.88,1.0,0,3.0,19.0,3n-2m-20th-Bc-lu-mz,sequana_cpu_dev,3,11429542.0,2,20,B,lu-mz,4,4,250,304,208,17,1530.76,1622.29,3153.04,243.29,257.38,500.66,166.89,6.33, sdumont6167,25224.32
92.0,1560,13,472552.666015625,101968.0,52041.3330078125,702284.0,491.52,2109.44,983.04,4218.88,1.0,0,23.0,59.0,3n-2m-20th-Cc-lu-mz,sequana_cpu_dev,3,11429543.0,2,20,C,lu-mz,4,4,250,480,320,28,3545.15,3731.41,7276.56,322.29,339.22,661.51,220.5,11.0, sdumont6165,94595.28
27.0,792,6,513808.666015625,144132.0,42820.666015625,1253016.0,522.24,2109.44,1075.2,4218.88,0.0,0,14.0,43.0,3n-2m-22th-Ac-lu-mz,sequana_cpu_dev,3,11429544.0,2,22,A,lu-mz,4,4,250,128,128,16,1222.96,1234.65,2457.61,266.84,267.2,534.04,178.01,4.67, sdumont6165,14745.66
19.0,1056,8,480324.666015625,140980.0,27226.0,885612.0,532.48,2109.44,1105.92,4218.88,1.0,0,7.0,47.0,3n-2m-22th-Bc-lu-mz,sequana_cpu_dev,3,11429545.0,2,22,B,lu-mz,4,4,250,304,208,17,1973.45,1987.18,3960.63,314.19,315.42,629.61,209.87,6.33, sdumont6165,31685.04
68.0,1716,13,443186.0,102260.0,36044.0,705300.0,522.24,2109.44,1167.36,4218.88,1.0,0,13.0,48.0,3n-2m-22th-Cc-lu-mz,sequana_cpu_dev,3,11429546.0,2,22,C,lu-mz,4,4,250,480,320,28,3615.65,3635.77,7251.42,351.08,352.55,703.63,234.54,10.33, sdumont6165,94268.46
32.0,1008,7,516271.3330078125,100336.0,36144.0,885612.0,501.76,2109.44,1085.44,4218.88,1.0,0,24.0,97.0,3n-2m-24th-Ac-lu-mz,sequana_cpu_dev,3,11429547.0,2,24,A,lu-mz,4,4,250,128,128,16,1612.93,1646.06,3258.99,306.13,311.04,617.18,205.73,5.33, sdumont6166,22812.93
62.0,1152,8,567178.0,143660.0,58628.666015625,1191236.0,512.0,2109.44,1085.44,4218.88,1.0,0,27.0,58.0,3n-2m-24th-Bc-lu-mz,sequana_cpu_dev,3,11429548.0,2,24,B,lu-mz,4,4,250,304,208,17,2055.15,2094.34,4149.49,327.33,332.63,659.96,219.99,6.33, sdumont6167,33195.92
121.0,2016,14,545736.666015625,144424.0,58873.3330078125,1126584.0,522.24,2109.44,1177.6,4218.88,1.0,0,26.0,59.0,3n-2m-24th-Cc-lu-mz,sequana_cpu_dev,3,11429549.0,2,24,C,lu-mz,4,4,250,480,320,28,4074.21,4107.53,8181.74,350.7,352.89,703.59,234.53,11.67, sdumont6166,114544.36
0.0,64,8,265348.0,3216.0,3162.0,265348.0,0.0,0.0,0.0,0.0,1.0,0,0.0,0.0,4n-1m-2th-Ac-lu-mz,sequana_cpu_dev,4,11429550.0,1,2,A,lu-mz,4,4,250,128,128,16,1249.58,1029.63,2279.21,178.51,147.09,325.6,81.4,7.0, sdumont6168,18233.68
0.0,112,14,265348.0,3228.0,3158.0,265348.0,0.0,0.0,0.0,0.0,1.0,0,0.0,0.0,4n-1m-2th-Bc-lu-mz,sequana_cpu_dev,4,11429551.0,1,2,B,lu-mz,4,4,250,304,208,17,3002.14,2030.06,5032.2,230.93,156.16,387.09,96.77,13.0, sdumont6166,70450.8
55.0,448,56,1292413.0,313572.0,312851.0,1451996.0,1239.04,4208.64,1239.04,4208.64,1.0,0,65.0,220.0,4n-1m-2th-Cc-lu-mz,sequana_cpu_dev,4,11429552.0,1,2,C,lu-mz,4,4,250,480,320,28,13542.59,9007.99,22550.59,246.23,163.78,410.01,102.5,55.0, sdumont6165,1262833.04
0.0,48,3,265348.0,3160.0,3105.0,265348.0,0.0,0.0,0.0,0.0,1.0,0,0.0,0.0,4n-1m-4th-Ac-lu-mz,sequana_cpu_dev,4,11429553.0,1,4,A,lu-mz,4,4,250,128,128,16,339.48,232.31,571.78,169.74,116.15,285.89,71.47,2.0, sdumont6168,1715.34
0.0,128,8,265348.0,3156.0,3130.0,265348.0,0.0,0.0,0.0,0.0,1.0,0,0.0,0.0,4n-1m-4th-Bc-lu-mz,sequana_cpu_dev,4,11429554.0,1,4,B,lu-mz,4,4,250,304,208,17,1951.79,1140.31,3092.1,278.83,162.9,441.73,110.43,7.0, sdumont6168,24736.8
0.0,480,30,265348.0,3148.0,3124.0,265348.0,0.0,0.0,0.0,0.0,1.0,0,0.0,0.0,4n-1m-4th-Cc-lu-mz,sequana_cpu_dev,4,11429555.0,1,4,C,lu-mz,4,4,250,480,320,28,8806.1,4686.07,13492.17,303.66,161.59,465.25,116.31,29.0, sdumont6168,404765.1
0.0,72,3,265348.0,3172.0,3143.0,265348.0,0.0,0.0,0.0,0.0,1.0,0,0.0,0.0,4n-1m-6th-Ac-lu-mz,sequana_cpu_dev,4,11429556.0,1,6,A,lu-mz,4,4,250,128,128,16,300.43,183.55,483.99,150.22,91.78,241.99,60.5,2.0, sdumont6165,1451.97
0.0,168,7,265348.0,3172.0,3133.0,265348.0,0.0,0.0,0.0,0.0,0.0,0,0.0,0.0,4n-1m-6th-Bc-lu-mz,sequana_cpu_dev,4,11429557.0,1,6,B,lu-mz,4,4,250,304,208,17,1533.83,795.22,2329.05,255.64,132.54,388.17,97.04,6.0, sdumont6168,16303.350000000002
0.0,504,21,265348.0,3176.0,3165.0,265348.0,0.0,0.0,0.0,0.0,1.0,0,0.0,0.0,4n-1m-6th-Cc-lu-mz,sequana_cpu_dev,4,11429558.0,1,6,C,lu-mz,4,4,250,480,320,28,7168.82,3239.7,10408.52,358.44,161.99,520.43,130.11,20.0, sdumont6167,218578.92
0.0,96,3,265348.0,3128.0,2063.0,265348.0,0.0,0.0,0.0,0.0,1.0,0,0.0,0.0,4n-1m-8th-Ac-lu-mz,sequana_cpu_dev,4,11429559.0,1,8,A,lu-mz,4,4,250,128,128,16,333.83,186.8,520.63,166.92,93.4,260.31,65.08,2.0, sdumont6167,1561.8899999999999
0.0,192,6,265348.0,1036.0,1036.0,265348.0,0.0,0.0,0.0,0.0,1.0,0,0.0,0.0,4n-1m-8th-Bc-lu-mz,sequana_cpu_dev,4,11429561.0,1,8,B,lu-mz,4,4,250,304,208,17,1286.58,594.93,1881.52,257.32,118.99,376.3,94.08,5.0, sdumont6167,11289.119999999999
0.0,608,19,265348.0,1036.0,1034.0,265348.0,0.0,0.0,0.0,0.0,1.0,0,0.0,0.0,4n-1m-8th-Cc-lu-mz,sequana_cpu_dev,4,11429564.0,1,8,C,lu-mz,4,4,250,480,320,28,6788.94,2866.96,9655.9,377.16,159.28,536.44,134.11,18.0, sdumont6167,183462.1
0.0,120,3,265348.0,3064.0,1543.0,265348.0,0.0,0.0,0.0,0.0,1.0,0,0.0,0.0,4n-1m-10th-Ac-lu-mz,sequana_cpu_dev,4,11429568.0,1,10,A,lu-mz,4,4,250,128,128,16,359.21,184.34,543.54,315.65,162.83,478.48,119.62,1.25, sdumont6166,1630.62
0.0,200,5,265348.0,3120.0,1556.0,265348.0,0.0,0.0,0.0,0.0,1.0,0,0.0,0.0,4n-1m-10th-Bc-lu-mz,sequana_cpu_dev,4,11429569.0,1,10,B,lu-mz,4,4,250,304,208,17,1430.47,600.03,2030.5,357.62,150.01,507.63,126.91,4.0, sdumont6166,10152.5
0.0,560,14,265348.0,1040.0,1038.0,265348.0,0.0,0.0,0.0,0.0,1.0,0,0.0,0.0,4n-1m-10th-Cc-lu-mz,sequana_cpu_dev,4,11429570.0,1,10,C,lu-mz,4,4,250,480,320,28,5516.91,2040.06,7556.97,424.38,156.93,581.31,145.33,13.0, sdumont6165,105797.58
0.0,144,3,265348.0,1036.0,1034.0,265348.0,0.0,0.0,0.0,0.0,1.0,0,0.0,0.0,4n-1m-12th-Ac-lu-mz,sequana_cpu_dev,4,11429571.0,1,12,A,lu-mz,4,4,250,128,128,16,379.17,186.64,565.8,288.14,138.58,426.72,106.68,1.5, sdumont6168,1697.3999999999999
0.0,240,5,265348.0,1040.0,1036.0,265348.0,0.0,0.0,0.0,0.0,1.0,0,0.0,0.0,4n-1m-12th-Bc-lu-mz,sequana_cpu_dev,4,11429572.0,1,12,B,lu-mz,4,4,250,304,208,17,1458.32,604.6,2062.91,364.58,151.15,515.73,128.93,4.0, sdumont6167,10314.55
0.0,672,14,265348.0,1040.0,1038.0,265348.0,0.0,0.0,0.0,0.0,1.0,0,0.0,0.0,4n-1m-12th-Cc-lu-mz,sequana_cpu_dev,4,11429573.0,1,12,C,lu-mz,4,4,250,480,320,28,5603.25,2031.05,7634.29,466.94,169.25,636.19,159.05,12.0, sdumont6168,106880.06
0.0,168,3,265348.0,3128.0,1561.0,265348.0,0.0,0.0,0.0,0.0,1.0,0,0.0,0.0,4n-1m-14th-Ac-lu-mz,sequana_cpu_dev,4,11429575.0,1,14,A,lu-mz,4,4,250,128,128,16,388.94,189.06,578.0,194.47,94.53,289.0,72.25,2.0, sdumont6166,1734.0
0.0,280,5,265348.0,3164.0,1566.0,265348.0,0.0,0.0,0.0,0.0,1.0,0,0.0,0.0,4n-1m-14th-Bc-lu-mz,sequana_cpu_dev,4,11429577.0,1,14,B,lu-mz,4,4,250,304,208,17,1345.03,536.94,1881.97,336.26,134.24,470.49,117.62,4.0, sdumont6168,9409.85
0.0,616,11,265348.0,1040.0,1037.0,265348.0,0.0,0.0,0.0,0.0,1.0,0,0.0,0.0,4n-1m-14th-Cc-lu-mz,sequana_cpu_dev,4,11429578.0,1,14,C,lu-mz,4,4,250,480,320,28,4743.38,1638.03,6381.41,431.22,148.91,580.13,145.03,11.0, sdumont6165,70195.51
0.0,128,2,265348.0,1040.0,1037.0,265348.0,0.0,0.0,0.0,0.0,1.0,0,0.0,0.0,4n-1m-16th-Ac-lu-mz,sequana_cpu_dev,4,11429579.0,1,16,A,lu-mz,4,4,250,128,128,16,400.05,176.15,576.21,400.05,176.15,576.21,144.05,1.0, sdumont6167,1152.42
0.0,320,5,265348.0,3184.0,2097.0,265348.0,0.0,0.0,0.0,0.0,0.0,0,0.0,0.0,4n-1m-16th-Bc-lu-mz,sequana_cpu_dev,4,11429580.0,1,16,B,lu-mz,4,4,250,304,208,17,1006.5,395.66,1402.16,251.62,98.91,350.54,87.63,4.0, sdumont6166,7010.8
0.0,704,11,265348.0,1040.0,1036.0,265348.0,0.0,0.0,0.0,0.0,1.0,0,0.0,0.0,4n-1m-16th-Cc-lu-mz,sequana_cpu_dev,4,11429581.0,1,16,C,lu-mz,4,4,250,480,320,28,4852.22,1633.94,6486.15,485.22,163.39,648.62,162.15,10.0, sdumont6167,71347.65
0.0,216,3,265348.0,1040.0,1037.0,265348.0,0.0,0.0,0.0,0.0,1.0,0,0.0,0.0,4n-1m-18th-Ac-lu-mz,sequana_cpu_dev,4,11429582.0,1,18,A,lu-mz,4,4,250,128,128,16,394.97,186.49,581.45,197.48,93.24,290.73,72.68,2.0, sdumont6165,1744.3500000000001
0.0,288,4,265348.0,3140.0,1561.0,265348.0,0.0,0.0,0.0,0.0,1.0,0,0.0,0.0,4n-1m-18th-Bc-lu-mz,sequana_cpu_dev,4,11429583.0,1,18,B,lu-mz,4,4,250,304,208,17,1014.22,395.22,1409.44,338.07,131.74,469.81,117.45,3.0, sdumont6166,5637.76
0.0,864,12,265348.0,1040.0,1035.0,265348.0,0.0,0.0,0.0,0.0,1.0,0,0.0,0.0,4n-1m-18th-Cc-lu-mz,sequana_cpu_dev,4,11429584.0,1,18,C,lu-mz,4,4,250,480,320,28,4928.9,1630.7,6559.6,492.89,163.07,655.96,163.99,10.0, sdumont6167,78715.20000000001
0.0,240,3,265348.0,3168.0,2091.0,265348.0,0.0,0.0,0.0,0.0,1.0,0,0.0,0.0,4n-1m-20th-Ac-lu-mz,sequana_cpu_dev,4,11429586.0,1,20,A,lu-mz,4,4,250,128,128,16,403.43,189.52,592.95,201.72,94.76,296.48,74.12,2.0, sdumont6167,1778.8500000000001
0.0,400,5,265348.0,3120.0,1557.0,265348.0,0.0,0.0,0.0,0.0,1.0,0,0.0,0.0,4n-1m-20th-Bc-lu-mz,sequana_cpu_dev,4,11429589.0,1,20,B,lu-mz,4,4,250,304,208,17,1011.27,398.52,1409.79,337.09,132.84,469.93,117.48,3.0, sdumont6167,7048.95
0.0,880,11,265348.0,3172.0,2103.0,265348.0,0.0,0.0,0.0,0.0,1.0,0,0.0,0.0,4n-1m-20th-Cc-lu-mz,sequana_cpu_dev,4,11429593.0,1,20,C,lu-mz,4,4,250,480,320,28,4397.32,1435.34,5832.67,439.73,143.53,583.27,145.82,10.0, sdumont6168,64159.37
0.0,264,3,265348.0,3172.0,1570.0,265348.0,0.0,0.0,0.0,0.0,1.0,0,0.0,0.0,4n-1m-22th-Ac-lu-mz,sequana_cpu_dev,4,11429594.0,1,22,A,lu-mz,4,4,250,128,128,16,371.88,189.5,561.38,185.94,94.75,280.69,70.17,2.0, sdumont6168,1684.1399999999999
0.0,440,5,265348.0,1040.0,1036.0,265348.0,0.0,0.0,0.0,0.0,1.0,0,0.0,0.0,4n-1m-22th-Bc-lu-mz,sequana_cpu_dev,4,11429596.0,1,22,B,lu-mz,4,4,250,304,208,17,1056.34,398.02,1454.36,330.94,124.46,455.4,113.85,3.25, sdumont6166,7271.799999999999
0.0,968,11,265348.0,1040.0,1036.0,265348.0,0.0,0.0,0.0,0.0,1.0,0,0.0,0.0,4n-1m-22th-Cc-lu-mz,sequana_cpu_dev,4,11429599.0,1,22,C,lu-mz,4,4,250,480,320,28,4411.62,1430.58,5842.2,441.16,143.06,584.22,146.06,10.0, sdumont6167,64264.2
0.0,288,3,265348.0,3176.0,1572.0,265348.0,0.0,0.0,0.0,0.0,1.0,0,0.0,0.0,4n-1m-24th-Ac-lu-mz,sequana_cpu_dev,4,11429600.0,1,24,A,lu-mz,4,4,250,128,128,16,426.48,192.28,618.75,213.24,96.14,309.38,77.34,2.0, sdumont6167,1856.25
0.0,480,5,265348.0,3220.0,2113.0,265348.0,0.0,0.0,0.0,0.0,1.0,0,0.0,0.0,4n-1m-24th-Bc-lu-mz,sequana_cpu_dev,4,11429602.0,1,24,B,lu-mz,4,4,250,304,208,17,1101.66,404.72,1506.38,275.42,101.18,376.6,94.15,4.0, sdumont6167,7531.900000000001
0.0,1056,11,265348.0,3236.0,1586.0,265348.0,0.0,0.0,0.0,0.0,1.0,0,0.0,0.0,4n-1m-24th-Cc-lu-mz,sequana_cpu_dev,4,11429603.0,1,24,C,lu-mz,4,4,250,480,320,28,4606.26,1464.78,6071.04,460.63,146.48,607.1,151.78,10.0, sdumont6168,66781.44
0.0,312,3,265348.0,3116.0,2571.0,265348.0,0.0,0.0,0.0,0.0,1.0,0,0.0,0.0,4n-1m-26th-Ac-lu-mz,sequana_cpu_dev,4,11429604.0,1,26,A,lu-mz,4,4,250,128,128,16,425.12,241.72,666.84,212.56,120.86,333.42,83.36,2.0, sdumont6167,2000.52
0.0,416,4,265348.0,3144.0,3101.0,265348.0,0.0,0.0,0.0,0.0,1.0,0,0.0,0.0,4n-1m-26th-Bc-lu-mz,sequana_cpu_dev,4,11429605.0,1,26,B,lu-mz,4,4,250,304,208,17,1077.12,529.46,1606.58,359.04,176.49,535.53,133.88,3.0, sdumont6167,6426.32
0.0,1040,10,265348.0,3180.0,3154.0,265348.0,0.0,0.0,0.0,0.0,1.0,0,0.0,0.0,4n-1m-26th-Cc-lu-mz,sequana_cpu_dev,4,11429606.0,1,26,C,lu-mz,4,4,250,480,320,28,4431.37,2085.18,6516.55,492.37,231.69,724.06,181.02,9.0, sdumont6165,65165.5
0.0,336,3,265348.0,3172.0,3125.0,265348.0,0.0,0.0,0.0,0.0,1.0,0,0.0,0.0,4n-1m-28th-Ac-lu-mz,sequana_cpu_dev,4,11429607.0,1,28,A,lu-mz,4,4,250,128,128,16,386.1,260.78,646.88,193.05,130.39,323.44,80.86,2.0, sdumont6167,1940.6399999999999
0.0,448,4,265348.0,3140.0,3114.0,265348.0,0.0,0.0,0.0,0.0,1.0,0,0.0,0.0,4n-1m-28th-Bc-lu-mz,sequana_cpu_dev,4,11429608.0,1,28,B,lu-mz,4,4,250,304,208,17,1048.49,603.57,1652.07,349.5,201.19,550.69,137.67,3.0, sdumont6166,6608.28
0.0,1120,10,265348.0,3176.0,3140.0,265348.0,0.0,0.0,0.0,0.0,1.0,0,0.0,0.0,4n-1m-28th-Cc-lu-mz,sequana_cpu_dev,4,11429609.0,1,28,C,lu-mz,4,4,250,480,320,28,4430.19,2400.52,6830.7,492.24,266.72,758.97,189.74,9.0, sdumont6168,68307.0
0.0,360,3,265348.0,3140.0,3102.0,265348.0,0.0,0.0,0.0,0.0,1.0,0,0.0,0.0,4n-1m-30th-Ac-lu-mz,sequana_cpu_dev,4,11429611.0,1,30,A,lu-mz,4,4,250,128,128,16,384.12,290.03,674.15,192.06,145.01,337.07,84.27,2.0, sdumont6165,2022.4499999999998
0.0,480,4,265348.0,3144.0,3104.0,265348.0,0.0,0.0,0.0,0.0,1.0,0,0.0,0.0,4n-1m-30th-Bc-lu-mz,sequana_cpu_dev,4,11429612.0,1,30,B,lu-mz,4,4,250,304,208,17,1041.16,677.97,1719.12,347.05,225.99,573.04,143.26,3.0, sdumont6165,6876.48
0.0,1200,10,265348.0,3144.0,3131.0,265348.0,0.0,0.0,0.0,0.0,1.0,0,0.0,0.0,4n-1m-30th-Cc-lu-mz,sequana_cpu_dev,4,11429614.0,1,30,C,lu-mz,4,4,250,480,320,28,4092.28,2556.3,6648.58,454.7,284.03,738.73,184.68,9.0, sdumont6167,66485.8
0.0,384,3,265348.0,3184.0,2623.0,265348.0,0.0,0.0,0.0,0.0,1.0,0,0.0,0.0,4n-1m-32th-Ac-lu-mz,sequana_cpu_dev,4,11429616.0,1,32,A,lu-mz,4,4,250,128,128,16,370.47,305.34,675.81,185.24,152.67,337.91,84.48,2.0, sdumont6167,2027.4299999999998
0.0,512,4,265348.0,3180.0,2614.0,265348.0,0.0,0.0,0.0,0.0,1.0,0,0.0,0.0,4n-1m-32th-Bc-lu-mz,sequana_cpu_dev,4,11429617.0,1,32,B,lu-mz,4,4,250,304,208,17,1068.69,777.41,1846.1,356.23,259.14,615.37,153.84,3.0, sdumont6167,7384.4
0.0,1280,10,265348.0,3232.0,3162.0,265348.0,0.0,0.0,0.0,0.0,1.0,0,0.0,0.0,4n-1m-32th-Cc-lu-mz,sequana_cpu_dev,4,11429618.0,1,32,C,lu-mz,4,4,250,480,320,28,3813.49,2701.58,6515.07,423.72,300.18,723.9,180.97,9.0, sdumont6166,65150.7
0.0,408,3,265348.0,3180.0,2634.0,265348.0,0.0,0.0,0.0,0.0,4.0,0,0.0,0.0,4n-1m-34th-Ac-lu-mz,sequana_cpu_dev,4,11429620.0,1,34,A,lu-mz,4,4,250,128,128,16,399.97,349.65,749.62,199.98,174.83,374.81,93.7,2.0, sdumont6167,2248.86
0.0,544,4,265348.0,3180.0,3143.0,265348.0,0.0,0.0,0.0,0.0,1.0,0,0.0,0.0,4n-1m-34th-Bc-lu-mz,sequana_cpu_dev,4,11429621.0,1,34,B,lu-mz,4,4,250,304,208,17,1059.23,862.0,1921.23,353.08,287.33,640.41,160.1,3.0, sdumont6167,7684.92
0.0,1360,10,265348.0,3188.0,3161.0,265348.0,0.0,0.0,0.0,0.0,1.0,0,0.0,0.0,4n-1m-34th-Cc-lu-mz,sequana_cpu_dev,4,11429622.0,1,34,C,lu-mz,4,4,250,480,320,28,3778.38,3004.03,6782.41,419.82,333.78,753.6,188.4,9.0, sdumont6167,67824.1
0.0,432,3,265348.0,3160.0,3099.0,265348.0,0.0,0.0,0.0,0.0,1.0,0,0.0,0.0,4n-1m-36th-Ac-lu-mz,sequana_cpu_dev,4,11429623.0,1,36,A,lu-mz,4,4,250,128,128,16,401.11,359.33,760.44,200.55,179.66,380.22,95.05,2.0, sdumont6168,2281.32
0.0,576,4,265348.0,3164.0,3123.0,265348.0,0.0,0.0,0.0,0.0,1.0,0,0.0,0.0,4n-1m-36th-Bc-lu-mz,sequana_cpu_dev,4,11429624.0,1,36,B,lu-mz,4,4,250,304,208,17,1051.49,897.93,1949.43,350.5,299.31,649.81,162.45,3.0, sdumont6168,7797.72
0.0,1440,10,265348.0,3140.0,3120.0,265348.0,0.0,0.0,0.0,0.0,1.0,0,0.0,0.0,4n-1m-36th-Cc-lu-mz,sequana_cpu_dev,4,11429625.0,1,36,C,lu-mz,4,4,250,480,320,28,3764.22,3168.7,6932.92,418.25,352.08,770.32,192.58,9.0, sdumont6167,69329.2
0.0,456,3,265348.0,3240.0,3175.0,265348.0,0.0,0.0,0.0,0.0,1.0,0,0.0,0.0,4n-1m-38th-Ac-lu-mz,sequana_cpu_dev,4,11429626.0,1,38,A,lu-mz,4,4,250,128,128,16,419.13,377.74,796.87,209.57,188.87,398.43,99.61,2.0, sdumont6168,2390.61
0.0,760,5,265348.0,3232.0,3157.0,265348.0,0.0,0.0,0.0,0.0,1.0,0,0.0,0.0,4n-1m-38th-Bc-lu-mz,sequana_cpu_dev,4,11429627.0,1,38,B,lu-mz,4,4,250,304,208,17,1045.26,931.09,1976.35,348.42,310.36,658.78,164.7,3.0, sdumont6165,9881.75
0.0,1520,10,265348.0,3156.0,2612.0,265348.0,0.0,0.0,0.0,0.0,1.0,0,0.0,0.0,4n-1m-38th-Cc-lu-mz,sequana_cpu_dev,4,11429628.0,1,38,C,lu-mz,4,4,250,480,320,28,4135.44,3648.13,7783.57,459.49,405.35,864.84,216.21,9.0, sdumont6168,77835.7
0.0,480,3,265348.0,3120.0,3091.0,265348.0,0.0,0.0,0.0,0.0,1.0,0,0.0,0.0,4n-1m-40th-Ac-lu-mz,sequana_cpu_dev,4,11429629.0,1,40,A,lu-mz,4,4,250,128,128,16,396.73,365.35,762.07,198.36,182.67,381.04,95.26,2.0, sdumont6168,2286.21
0.0,640,4,265348.0,3148.0,3116.0,265348.0,0.0,0.0,0.0,0.0,1.0,0,0.0,0.0,4n-1m-40th-Bc-lu-mz,sequana_cpu_dev,4,11429630.0,1,40,B,lu-mz,4,4,250,304,208,17,1036.95,956.86,1993.82,345.65,318.95,664.61,166.15,3.0, sdumont6165,7975.28
0.0,1440,9,265348.0,3144.0,3096.0,265348.0,0.0,0.0,0.0,0.0,1.0,0,0.0,0.0,4n-1m-40th-Cc-lu-mz,sequana_cpu_dev,4,11429631.0,1,40,C,lu-mz,4,4,250,480,320,28,3698.31,3360.62,7058.94,462.29,420.08,882.37,220.59,8.0, sdumont6165,63530.46
0.0,504,3,265348.0,3144.0,3087.0,265348.0,0.0,0.0,0.0,0.0,1.0,0,0.0,0.0,4n-1m-42th-Ac-lu-mz,sequana_cpu_dev,4,11429632.0,1,42,A,lu-mz,4,4,250,128,128,16,391.73,369.16,760.89,195.86,184.58,380.45,95.11,2.0, sdumont6167,2282.67
0.0,840,5,265348.0,3136.0,3096.0,265348.0,0.0,0.0,0.0,0.0,1.0,0,0.0,0.0,4n-1m-42th-Bc-lu-mz,sequana_cpu_dev,4,11429633.0,1,42,B,lu-mz,4,4,250,304,208,17,1032.59,985.35,2017.94,344.2,328.45,672.65,168.16,3.0, sdumont6165,10089.7
0.0,1512,9,265348.0,3144.0,2583.0,265348.0,0.0,0.0,0.0,0.0,1.0,0,0.0,0.0,4n-1m-42th-Cc-lu-mz,sequana_cpu_dev,4,11429634.0,1,42,C,lu-mz,4,4,250,480,320,28,3690.82,3425.72,7116.53,461.35,428.21,889.57,222.39,8.0, sdumont6166,64048.77
0.0,528,3,265348.0,3184.0,2641.0,265348.0,0.0,0.0,0.0,0.0,1.0,0,0.0,0.0,4n-1m-44th-Ac-lu-mz,sequana_cpu_dev,4,11429635.0,1,44,A,lu-mz,4,4,250,128,128,16,408.18,390.45,798.63,361.17,343.21,704.38,176.1,1.25, sdumont6166,2395.89
0.0,880,5,265348.0,3184.0,3161.0,265348.0,0.0,0.0,0.0,0.0,1.0,0,0.0,0.0,4n-1m-44th-Bc-lu-mz,sequana_cpu_dev,4,11429636.0,1,44,B,lu-mz,4,4,250,304,208,17,1021.23,1003.39,2024.61,320.06,314.12,634.18,158.54,3.25, sdumont6168,10123.05
0.0,1584,9,265348.0,3184.0,2637.0,265348.0,0.0,0.0,0.0,0.0,1.0,0,0.0,0.0,4n-1m-44th-Cc-lu-mz,sequana_cpu_dev,4,11429637.0,1,44,C,lu-mz,4,4,250,480,320,28,3724.33,3503.15,7227.47,465.54,437.89,903.43,225.86,8.0, sdumont6168,65047.23
0.0,552,3,265348.0,3180.0,2624.0,265348.0,0.0,0.0,0.0,0.0,1.0,0,0.0,0.0,4n-1m-46th-Ac-lu-mz,sequana_cpu_dev,4,11429638.0,1,46,A,lu-mz,4,4,250,128,128,16,375.47,363.14,738.61,332.06,319.86,651.91,162.98,1.25, sdumont6167,2215.83
0.0,920,5,265348.0,3172.0,3149.0,265348.0,0.0,0.0,0.0,0.0,0.0,0,0.0,0.0,4n-1m-46th-Bc-lu-mz,sequana_cpu_dev,4,11429639.0,1,46,B,lu-mz,4,4,250,304,208,17,1016.94,1019.06,2035.99,318.79,319.04,637.83,159.46,3.25, sdumont6167,10179.95
0.0,1656,9,265348.0,3208.0,2643.0,265348.0,0.0,0.0,0.0,0.0,1.0,0,0.0,0.0,4n-1m-46th-Cc-lu-mz,sequana_cpu_dev,4,11429640.0,1,46,C,lu-mz,4,4,250,480,320,28,3747.38,3561.28,7308.67,519.11,493.1,1012.21,253.05,7.25, sdumont6168,65778.03
0.0,576,3,265348.0,3224.0,2664.0,265348.0,0.0,0.0,0.0,0.0,1.0,0,0.0,0.0,4n-1m-48th-Ac-lu-mz,sequana_cpu_dev,4,11429641.0,1,48,A,lu-mz,4,4,250,128,128,16,396.48,390.07,786.55,396.48,390.07,786.55,196.64,1.0, sdumont6168,2359.6499999999996
0.0,960,5,265348.0,3172.0,2620.0,265348.0,0.0,0.0,0.0,0.0,1.0,0,0.0,0.0,4n-1m-48th-Bc-lu-mz,sequana_cpu_dev,4,11429642.0,1,48,B,lu-mz,4,4,250,304,208,17,1002.0,1051.21,2053.2,313.72,328.66,642.38,160.59,3.25, sdumont6167,10266.0
0.0,1728,9,265348.0,3240.0,2644.0,265348.0,0.0,0.0,0.0,0.0,1.0,0,0.0,0.0,4n-1m-48th-Cc-lu-mz,sequana_cpu_dev,4,11429643.0,1,48,C,lu-mz,4,4,250,480,320,28,3672.84,3634.22,7307.06,508.63,503.19,1011.82,252.96,7.25, sdumont6165,65763.54000000001
1.0,48,3,479138.5,143360.0,50035.0,1080344.0,501.76,2109.44,1024.0,4218.88,1.0,0,0.0,0.0,4n-2m-2th-Ac-lu-mz,sequana_cpu_dev,4,11429644.0,2,2,A,lu-mz,4,4,250,128,128,16,230.91,252.92,483.84,115.46,126.46,241.92,60.48,2.0, sdumont6165,1451.52
4.0,128,8,533393.5,143388.0,50736.5,1080548.0,512.0,2109.44,1085.44,4218.88,1.0,0,0.0,0.0,4n-2m-2th-Bc-lu-mz,sequana_cpu_dev,4,11429645.0,2,2,B,lu-mz,4,4,250,304,208,17,1449.29,1528.38,2977.67,207.04,218.34,425.38,106.35,7.0, sdumont6166,23821.36
19.0,448,28,454632.0,143656.0,48700.0,1081436.0,583.68,2109.44,1351.68,4218.88,1.0,0,3.0,27.0,4n-2m-2th-Cc-lu-mz,sequana_cpu_dev,4,11429646.0,2,2,C,lu-mz,4,4,250,480,320,28,6429.63,6751.92,13181.56,238.13,250.07,488.21,122.05,27.0, sdumont6168,369083.68
0.0,96,3,510928.0,143408.0,33618.0,1084456.0,501.76,2109.44,1024.0,4218.88,0.0,0,0.0,3.0,4n-2m-4th-Ac-lu-mz,sequana_cpu_dev,4,11429647.0,2,4,A,lu-mz,4,4,250,128,128,16,265.04,288.03,553.06,132.52,144.01,276.53,69.13,2.0, sdumont6165,1659.1799999999998
5.0,160,5,457294.0,143564.0,49914.0,1084656.0,512.0,2109.44,1054.72,4218.88,1.0,0,0.0,2.0,4n-2m-4th-Bc-lu-mz,sequana_cpu_dev,4,11429648.0,2,4,B,lu-mz,4,4,250,304,208,17,985.23,1036.79,2022.02,246.31,259.2,505.5,126.38,4.0, sdumont6166,10110.1
14.0,512,16,508943.0,130304.0,32344.5,889484.0,542.72,2109.44,1198.08,4218.88,1.0,0,0.0,3.0,4n-2m-4th-Cc-lu-mz,sequana_cpu_dev,4,11429649.0,2,4,C,lu-mz,4,4,250,480,320,28,4522.46,4723.24,9245.69,301.5,314.88,616.38,154.09,15.0, sdumont6165,147931.04
0.0,144,3,571167.5,142780.0,38954.0,1088408.0,501.76,2109.44,1024.0,4218.88,3.0,0,0.0,4.0,4n-2m-6th-Ac-lu-mz,sequana_cpu_dev,4,11429650.0,2,6,A,lu-mz,4,4,250,128,128,16,272.17,280.68,552.85,272.17,280.68,552.85,138.21,1.0, sdumont6168,1658.5500000000002
5.0,192,4,529735.0,143620.0,44470.0,1088776.0,501.76,2109.44,1044.48,4218.88,1.0,0,1.0,6.0,4n-2m-6th-Bc-lu-mz,sequana_cpu_dev,4,11429651.0,2,6,B,lu-mz,4,4,250,304,208,17,701.11,738.97,1440.08,233.7,246.32,480.03,120.01,3.0, sdumont6168,5760.32
29.0,576,12,500406.0,143724.0,60916.5,1089536.0,512.0,2109.44,1126.4,4218.88,1.0,0,1.0,4.0,4n-2m-6th-Cc-lu-mz,sequana_cpu_dev,4,11429652.0,2,6,C,lu-mz,4,4,250,480,320,28,3505.05,3639.75,7144.8,341.7,355.44,697.14,174.28,10.25, sdumont6165,85737.6
1.0,192,3,465656.0,142884.0,54819.0,1092692.0,501.76,2109.44,1024.0,4218.88,1.0,0,7.0,45.0,4n-2m-8th-Ac-lu-mz,sequana_cpu_dev,4,11429653.0,2,8,A,lu-mz,4,4,250,128,128,16,281.55,289.8,571.36,242.4,252.43,494.83,123.71,1.25, sdumont6165,1714.08
6.0,256,4,508680.5,143488.0,49503.0,1092892.0,501.76,2109.44,1034.24,4218.88,1.0,0,1.0,7.0,4n-2m-8th-Bc-lu-mz,sequana_cpu_dev,4,11429654.0,2,8,B,lu-mz,4,4,250,304,208,17,789.44,830.24,1619.68,263.15,276.75,539.89,134.97,3.0, sdumont6166,6478.72
30.0,640,10,497040.0,144172.0,55803.5,1093788.0,501.76,2109.44,1105.92,4218.88,1.0,0,1.0,3.0,4n-2m-8th-Cc-lu-mz,sequana_cpu_dev,4,11429655.0,2,8,C,lu-mz,4,4,250,480,320,28,2893.39,3004.28,5897.67,350.54,364.76,715.31,178.83,8.25, sdumont6166,58976.7
8.0,320,4,592310.5,144316.0,67415.5,1309816.0,501.76,2109.44,1044.48,4218.88,1.0,0,4.0,14.0,4n-2m-10th-Bc-lu-mz,sequana_cpu_dev,4,11429657.0,2,10,B,lu-mz,4,4,250,304,208,17,816.66,844.22,1660.88,272.22,281.41,553.63,138.41,3.0, sdumont6168,6643.52
23.0,640,8,534968.5,143856.0,45662.0,1097916.0,522.24,2109.44,1085.44,4218.88,1.0,0,3.0,13.0,4n-2m-10th-Cc-lu-mz,sequana_cpu_dev,4,11429658.0,2,10,C,lu-mz,4,4,250,480,320,28,2642.66,2747.84,5390.5,377.52,392.55,770.07,192.52,7.0, sdumont6168,43124.0
7.0,384,4,566677.0,143532.0,49528.5,1102316.0,501.76,2109.44,1034.24,4218.88,0.0,0,4.0,15.0,4n-2m-12th-Bc-lu-mz,sequana_cpu_dev,4,11429660.0,2,12,B,lu-mz,4,4,250,304,208,17,737.21,782.41,1519.61,368.6,391.2,759.81,189.95,2.0, sdumont6166,6078.44
26.0,768,8,535708.0,145828.0,45879.0,1101892.0,522.24,2109.44,1085.44,4218.88,1.0,0,4.0,14.0,4n-2m-12th-Cc-lu-mz,sequana_cpu_dev,4,11429661.0,2,12,C,lu-mz,4,4,250,480,320,28,2702.08,2909.31,5611.39,386.01,415.62,801.63,200.41,7.0, sdumont6167,44891.12
2.0,336,3,543224.0,144976.0,50276.0,1105044.0,501.76,2109.44,1024.0,4218.88,1.0,0,10.0,49.0,4n-2m-14th-Ac-lu-mz,sequana_cpu_dev,4,11429662.0,2,14,A,lu-mz,4,4,250,128,128,16,304.14,313.48,617.62,304.14,313.48,617.62,154.41,1.0, sdumont6167,1852.8600000000001
10.0,448,4,504166.0,143828.0,56879.0,1105248.0,501.76,2109.44,1024.0,4218.88,1.0,0,8.0,21.0,4n-2m-14th-Bc-lu-mz,sequana_cpu_dev,4,11429663.0,2,14,B,lu-mz,4,4,250,304,208,17,376.01,406.65,782.66,170.44,185.57,356.01,89.0,2.25, sdumont6167,3130.64
9.0,672,6,467632.5,144900.0,21600.5,1318832.0,552.96,2109.44,1136.64,4218.88,1.0,0,5.0,45.0,4n-2m-14th-Cc-lu-mz,sequana_cpu_dev,4,11429664.0,2,14,C,lu-mz,4,4,250,480,320,28,2365.45,2456.32,4821.78,394.24,409.39,803.63,200.91,6.0, sdumont6166,28930.68
12.0,512,4,504541.5,143536.0,55402.5,1109360.0,501.76,2109.44,1024.0,4218.88,1.0,0,20.0,73.0,4n-2m-16th-Bc-lu-mz,sequana_cpu_dev,4,11429666.0,2,16,B,lu-mz,4,4,250,304,208,17,392.35,436.74,829.09,178.21,199.39,377.6,94.4,2.25, sdumont6166,3316.36
39.0,896,7,659401.0,144640.0,73276.0,1322956.0,522.24,2109.44,1075.2,4218.88,0.0,0,10.0,25.0,4n-2m-16th-Cc-lu-mz,sequana_cpu_dev,4,11429667.0,2,16,C,lu-mz,4,4,250,480,320,28,2312.4,2493.67,4806.08,385.4,415.61,801.01,200.25,6.0, sdumont6166,33642.56
8.0,432,3,484683.0,143816.0,43828.5,1113504.0,501.76,2109.44,1034.24,4218.88,0.0,0,12.0,35.0,4n-2m-18th-Bc-lu-mz,sequana_cpu_dev,4,11429669.0,2,18,B,lu-mz,4,4,250,304,208,17,385.61,422.47,808.08,192.8,211.23,404.04,101.01,2.0, sdumont6165,2424.2400000000002
33.0,1008,7,461455.0,144244.0,43853.5,1114380.0,522.24,2109.44,1085.44,4218.88,0.0,0,13.0,39.0,4n-2m-18th-Cc-lu-mz,sequana_cpu_dev,4,11429670.0,2,18,C,lu-mz,4,4,250,480,320,28,2348.04,2447.44,4795.48,391.34,407.91,799.25,199.81,6.0, sdumont6166,33568.36
6.0,640,4,518947.0,143884.0,33796.0,1117604.0,512.0,2109.44,1024.0,4218.88,0.0,0,12.0,65.0,4n-2m-20th-Bc-lu-mz,sequana_cpu_dev,4,11429672.0,2,20,B,lu-mz,4,4,250,304,208,17,398.67,444.48,843.15,199.34,222.24,421.58,105.39,2.0, sdumont6167,3372.6
22.0,1120,7,446210.5,141132.0,38328.0,885612.0,512.0,2109.44,1075.2,4218.88,1.0,0,8.0,34.0,4n-2m-20th-Cc-lu-mz,sequana_cpu_dev,4,11429673.0,2,20,C,lu-mz,4,4,250,480,320,28,2408.96,2572.95,4981.9,481.79,514.59,996.38,249.1,5.0, sdumont6165,34873.299999999996
4.0,528,3,659713.0,143212.0,67660.0,1334356.0,512.0,2109.44,1024.0,4218.88,1.0,0,31.0,104.0,4n-2m-22th-Ac-lu-mz,sequana_cpu_dev,4,11429674.0,2,22,A,lu-mz,4,4,250,128,128,16,313.99,321.19,635.18,276.82,281.65,558.48,139.62,1.25, sdumont6168,1905.54
7.0,704,4,419308.5,144184.0,33221.5,1121724.0,512.0,2109.44,1034.24,4218.88,1.0,0,10.0,42.0,4n-2m-22th-Bc-lu-mz,sequana_cpu_dev,4,11429675.0,2,22,B,lu-mz,4,4,250,304,208,17,398.23,432.01,830.25,199.12,216.01,415.12,103.78,2.0, sdumont6165,3321.0
37.0,1232,7,469801.0,144132.0,48840.0,1122620.0,512.0,2109.44,1085.44,4218.88,1.0,0,15.0,44.0,4n-2m-22th-Cc-lu-mz,sequana_cpu_dev,4,11429676.0,2,22,C,lu-mz,4,4,250,480,320,28,2401.95,2496.42,4898.37,461.08,478.95,940.02,235.01,5.25, sdumont6165,34288.59
16.0,768,4,605526.5,146692.0,66935.0,1338576.0,501.76,2109.44,1024.0,4218.88,1.0,0,24.0,56.0,4n-2m-24th-Bc-lu-mz,sequana_cpu_dev,4,11429678.0,2,24,B,lu-mz,4,4,250,304,208,17,424.11,459.66,883.76,299.15,326.54,625.7,156.42,1.75, sdumont6167,3535.04
54.0,1344,7,540313.5,145260.0,56326.0,1339456.0,501.76,2109.44,1075.2,4218.88,1.0,0,30.0,109.0,4n-2m-24th-Cc-lu-mz,sequana_cpu_dev,4,11429679.0,2,24,C,lu-mz,4,4,250,480,320,28,2481.21,2578.46,5059.67,476.3,494.75,971.05,242.76,5.25, sdumont6166,35417.69
0.0,25,25,265348.0,1032.0,1032.0,265348.0,0.0,0.0,0.0,0.0,0.0,0,0.0,0.0,1n-1m-1th-Ac-lu-mz,sequana_cpu_dev,1,11429753.0,1,1,A,lu-mz,4,4,250,128,128,16,1145.07,858.15,2003.23,47.71,35.76,83.47,83.47,24.0, sdumont6264,50080.75
0.0,21,21,265348.0,1032.0,1032.0,265348.0,0.0,0.0,0.0,0.0,1.0,0,0.0,0.0,1n-1m-1th-Ac-lu-mz,sequana_cpu_dev,1,11429755.0,1,1,A,lu-mz,4,4,250,128,128,16,1023.03,752.74,1775.77,51.15,37.64,88.79,88.79,20.0, sdumont6264,37291.17
0.0,31,31,265348.0,1028.0,1028.0,265348.0,0.0,0.0,0.0,0.0,1.0,0,0.0,0.0,1n-1m-1th-Ac-lu-mz,sequana_cpu_dev,1,11429756.0,1,1,A,lu-mz,4,4,250,128,128,16,1193.37,848.1,2041.47,51.89,36.87,88.76,88.76,23.0, sdumont6251,63285.57
0.0,21,21,265348.0,1036.0,1036.0,265348.0,0.0,0.0,0.0,0.0,1.0,0,0.0,0.0,1n-1m-1th-Ac-lu-mz,sequana_cpu_dev,1,11429758.0,1,1,A,lu-mz,4,4,250,128,128,16,1024.84,752.32,1777.16,51.24,37.62,88.86,88.86,20.0, sdumont6264,37320.36
0.0,26,26,265348.0,1032.0,1032.0,265348.0,0.0,0.0,0.0,0.0,1.0,0,0.0,0.0,1n-1m-1th-Ac-lu-mz,sequana_cpu_dev,1,11429761.0,1,1,A,lu-mz,4,4,250,128,128,16,1046.59,905.95,1952.55,45.5,39.39,84.89,84.89,23.0, sdumont6165,50766.299999999996
88.0,92,92,1430808.0,296976.0,296976.0,1430808.0,2129.92,4218.88,2129.92,4218.88,1.0,0,38.0,38.0,1n-1m-1th-Bc-lu-mz,sequana_cpu_dev,1,11429764.0,1,1,B,lu-mz,4,4,250,304,208,17,4545.69,3709.43,8255.12,49.95,40.76,90.72,90.72,91.0, sdumont6165,759471.04
88.0,91,91,1430804.0,297028.0,297028.0,1430804.0,2129.92,4218.88,2129.92,4218.88,1.0,0,38.0,38.0,1n-1m-1th-Bc-lu-mz,sequana_cpu_dev,1,11429765.0,1,1,B,lu-mz,4,4,250,304,208,17,5093.81,3504.64,8598.45,55.98,38.51,94.49,94.49,91.0, sdumont6251,782458.9500000001
88.0,92,92,1430800.0,297148.0,297148.0,1430800.0,2129.92,4218.88,2129.92,4218.88,1.0,0,38.0,38.0,1n-1m-1th-Bc-lu-mz,sequana_cpu_dev,1,11429770.0,1,1,B,lu-mz,4,4,250,304,208,17,4950.77,3541.87,8492.64,54.4,38.92,93.33,93.33,91.0, sdumont6264,781322.8799999999
88.0,91,91,1430808.0,296836.0,296836.0,1430808.0,2129.92,4218.88,2129.92,4218.88,3.0,0,0.0,0.0,1n-1m-1th-Bc-lu-mz,sequana_cpu_dev,1,11429776.0,1,1,B,lu-mz,4,4,250,304,208,17,5070.68,3506.33,8577.01,56.34,38.96,95.3,95.3,90.0, sdumont6251,780507.91
88.0,91,91,1430804.0,296900.0,296900.0,1430804.0,2129.92,4218.88,2129.92,4218.88,1.0,0,38.0,38.0,1n-1m-1th-Bc-lu-mz,sequana_cpu_dev,1,11429779.0,1,1,B,lu-mz,4,4,250,304,208,17,4539.62,3724.59,8264.2,50.44,41.38,91.82,91.82,90.0, sdumont6165,752042.2000000001
385.0,399,399,2115012.0,753536.0,753536.0,2115012.0,6359.04,4249.6,6359.04,4249.6,1.0,0,38.0,38.0,1n-1m-1th-Cc-lu-mz,sequana_cpu_dev,1,11429782.0,1,1,C,lu-mz,4,4,250,480,320,28,21757.25,15594.36,37351.61,54.67,39.18,93.85,93.85,398.0, sdumont6264,14903292.39
385.0,399,399,1892336.0,752524.0,752524.0,1892336.0,6348.8,4249.6,6348.8,4249.6,1.0,0,38.0,38.0,1n-1m-1th-Cc-lu-mz,sequana_cpu_dev,1,11429798.0,1,1,C,lu-mz,4,4,250,480,320,28,20259.79,16486.87,36746.67,50.9,41.42,92.33,92.33,398.0, sdumont6165,14661921.33
383.0,399,399,1892336.0,752136.0,752136.0,1892336.0,6359.04,4249.6,6359.04,4249.6,1.0,0,182.0,182.0,1n-1m-1th-Cc-lu-mz,sequana_cpu_dev,1,11429805.0,1,1,C,lu-mz,4,4,250,480,320,28,22399.19,15441.41,37840.59,56.28,38.8,95.08,95.08,398.0, sdumont6251,15098395.409999998
385.0,398,398,1886776.0,752672.0,752672.0,1886776.0,6359.04,4249.6,6359.04,4249.6,1.0,0,0.0,0.0,1n-1m-1th-Cc-lu-mz,sequana_cpu_dev,1,11429808.0,1,1,C,lu-mz,4,4,250,480,320,28,22451.41,15403.14,37854.55,56.55,38.8,95.35,95.35,397.0, sdumont6251,15066110.9
385.0,399,399,2109592.0,753456.0,753456.0,2109592.0,6318.08,4249.6,6318.08,4249.6,1.0,0,0.0,0.0,1n-1m-1th-Cc-lu-mz,sequana_cpu_dev,1,11429813.0,1,1,C,lu-mz,4,4,250,480,320,28,22493.82,15416.06,37909.88,56.66,38.83,95.49,95.49,397.0, sdumont6251,15126042.12
4.0,20,10,445534.0,129352.0,66266.0,625720.0,471.04,2109.44,942.08,4208.64,1.0,0,8.0,16.0,1n-2m-1th-Ac-lu-mz,sequana_cpu_dev,1,11429827.0,2,1,A,lu-mz,4,4,250,128,128,16,491.86,454.3,946.16,49.19,45.43,94.62,94.62,10.0, sdumont6251,9461.6
4.0,20,10,445544.0,129568.0,66338.0,625740.0,471.04,2109.44,942.08,4208.64,4.0,0,0.0,0.0,1n-2m-1th-Ac-lu-mz,sequana_cpu_dev,1,11429834.0,2,1,A,lu-mz,4,4,250,128,128,16,493.5,457.95,951.44,49.35,45.79,95.14,95.14,10.0, sdumont6251,9514.400000000001
4.0,22,11,771790.0,133132.0,68094.0,1278232.0,542.72,2109.44,1085.44,4218.88,1.0,0,3.0,7.0,1n-2m-1th-Ac-lu-mz,sequana_cpu_dev,1,11429840.0,2,1,A,lu-mz,4,4,250,128,128,16,549.59,509.88,1059.47,54.96,50.99,105.95,105.95,10.0, sdumont6251,11654.17
4.0,20,10,445550.0,129532.0,66328.0,625752.0,471.04,2109.44,942.08,4208.64,1.0,0,0.0,0.0,1n-2m-1th-Ac-lu-mz,sequana_cpu_dev,1,11429841.0,2,1,A,lu-mz,4,4,250,128,128,16,491.54,455.69,947.23,49.15,45.57,94.72,94.72,10.0, sdumont6251,9472.3
4.0,20,10,445550.0,129464.0,66294.0,625752.0,471.04,2109.44,942.08,4208.64,1.0,0,0.0,0.0,1n-2m-1th-Ac-lu-mz,sequana_cpu_dev,1,11429844.0,2,1,A,lu-mz,4,4,250,128,128,16,490.82,457.03,947.85,49.08,45.7,94.79,94.79,10.0, sdumont6251,9478.5
29.0,94,47,1046638.0,220684.0,218864.0,1370836.0,1228.8,4218.88,1597.44,4218.88,1.0,0,11.0,23.0,1n-2m-1th-Bc-lu-mz,sequana_cpu_dev,1,11429845.0,2,1,B,lu-mz,4,4,250,304,208,17,2541.27,2373.25,4914.52,56.47,52.74,109.21,109.21,45.0, sdumont6251,230982.44000000003
37.0,94,47,1046704.0,220404.0,218712.0,1375064.0,1228.8,4218.88,1607.68,4218.88,1.0,0,0.0,0.0,1n-2m-1th-Bc-lu-mz,sequana_cpu_dev,1,11429846.0,2,1,B,lu-mz,4,4,250,304,208,17,2544.78,2374.54,4919.32,55.32,51.62,106.94,106.94,46.0, sdumont6251,231208.03999999998
37.0,90,45,1046646.0,220588.0,218874.0,1370852.0,1116.16,4218.88,1290.24,4218.88,1.0,0,0.0,0.0,1n-2m-1th-Bc-lu-mz,sequana_cpu_dev,1,11429851.0,2,1,B,lu-mz,4,4,250,304,208,17,2483.42,2315.7,4799.12,55.19,51.46,106.65,106.65,45.0, sdumont6251,215960.4
37.0,94,47,1046650.0,220536.0,218762.0,1375064.0,1228.8,4218.88,1607.68,4218.88,1.0,0,0.0,0.0,1n-2m-1th-Bc-lu-mz,sequana_cpu_dev,1,11429853.0,2,1,B,lu-mz,4,4,250,304,208,17,2601.66,2383.95,4985.61,56.56,51.83,108.38,108.38,46.0, sdumont6251,234323.66999999998
29.0,94,47,1046646.0,220732.0,219892.0,1370852.0,1228.8,4218.88,1597.44,4218.88,1.0,0,0.0,0.0,1n-2m-1th-Bc-lu-mz,sequana_cpu_dev,1,11429854.0,2,1,B,lu-mz,4,4,250,304,208,17,2549.11,2373.84,4922.95,56.65,52.75,109.4,109.4,45.0, sdumont6251,231378.65
178.0,400,200,1280094.0,453172.0,451340.0,1608468.0,2324.48,4229.12,3788.8,4239.36,1.0,0,13.0,26.0,1n-2m-1th-Cc-lu-mz,sequana_cpu_dev,1,11429855.0,2,1,C,lu-mz,4,4,250,480,320,28,11187.06,10462.26,21649.32,56.22,52.57,108.79,108.79,199.0, sdumont6251,4329864.0
207.0,430,215,1280082.0,453504.0,451460.0,1608436.0,2416.64,4229.12,3993.6,4239.36,1.0,0,372.0,382.0,1n-2m-1th-Cc-lu-mz,sequana_cpu_dev,1,11429857.0,2,1,C,lu-mz,4,4,250,480,320,28,11254.77,12081.09,23335.86,52.84,56.72,109.56,109.56,213.0, sdumont6084,5017209.9
192.0,418,209,1280096.0,453340.0,451378.0,1604272.0,2365.44,4229.12,3891.2,4239.36,1.0,0,0.0,0.0,1n-2m-1th-Cc-lu-mz,sequana_cpu_dev,1,11429858.0,2,1,C,lu-mz,4,4,250,480,320,28,10948.48,11767.86,22716.34,52.64,56.58,109.21,109.21,208.0, sdumont6084,4747715.06
189.0,406,203,1280086.0,453336.0,451642.0,1604252.0,2324.48,4229.12,3809.28,4239.36,3.0,0,0.0,0.0,1n-2m-1th-Cc-lu-mz,sequana_cpu_dev,1,11429859.0,2,1,C,lu-mz,4,4,250,480,320,28,10617.78,11449.7,22067.48,52.56,56.68,109.24,109.24,202.0, sdumont6084,4479698.4399999995
191.0,414,207,1280076.0,453212.0,451482.0,1604240.0,2181.12,4218.88,3409.92,4239.36,1.0,0,0.0,0.0,1n-2m-1th-Cc-lu-mz,sequana_cpu_dev,1,11429862.0,2,1,C,lu-mz,4,4,250,480,320,28,10817.38,11652.89,22470.27,52.51,56.57,109.08,109.08,206.0, sdumont6084,4651345.89
0.0,34,17,265348.0,1032.0,1032.0,265348.0,0.0,0.0,0.0,0.0,1.0,0,0.0,0.0,2n-1m-1th-Ac-lu-mz,sequana_cpu_dev,2,11429864.0,1,1,A,lu-mz,4,4,250,128,128,16,1325.41,984.27,2309.68,82.84,61.52,144.36,72.18,16.0, sdumont6174,39264.56
0.0,22,11,265348.0,1040.0,1038.0,265348.0,0.0,0.0,0.0,0.0,1.0,0,0.0,0.0,2n-1m-1th-Ac-lu-mz,sequana_cpu_dev,2,11429868.0,1,1,A,lu-mz,4,4,250,128,128,16,967.09,675.11,1642.2,96.71,67.51,164.22,82.11,10.0, sdumont6175,18064.2
0.0,22,11,265348.0,1036.0,1036.0,265348.0,0.0,0.0,0.0,0.0,1.0,0,0.0,0.0,2n-1m-1th-Ac-lu-mz,sequana_cpu_dev,2,11429870.0,1,1,A,lu-mz,4,4,250,128,128,16,968.27,680.33,1648.6,96.83,68.03,164.86,82.43,10.0, sdumont6175,18134.6
0.0,22,11,265348.0,1036.0,1034.0,265348.0,0.0,0.0,0.0,0.0,1.0,0,0.0,0.0,2n-1m-1th-Ac-lu-mz,sequana_cpu_dev,2,11429871.0,1,1,A,lu-mz,4,4,250,128,128,16,970.88,682.77,1653.65,97.09,68.28,165.37,82.68,10.0, sdumont6174,18190.15
0.0,22,11,265348.0,1040.0,1038.0,265348.0,0.0,0.0,0.0,0.0,1.0,0,0.0,0.0,2n-1m-1th-Ac-lu-mz,sequana_cpu_dev,2,11429874.0,1,1,A,lu-mz,4,4,250,128,128,16,965.67,686.77,1652.45,96.57,68.68,165.24,82.62,10.0, sdumont6174,18176.95
29.0,94,47,1254020.0,230280.0,225392.0,1354304.0,1269.76,4208.64,1269.76,4208.64,1.0,0,38.0,38.0,2n-1m-1th-Bc-lu-mz,sequana_cpu_dev,2,11429875.0,1,1,B,lu-mz,4,4,250,304,208,17,5001.47,3446.26,8447.73,108.73,74.92,183.65,91.82,46.0, sdumont6175,397043.31
29.0,94,47,1254028.0,230296.0,225352.0,1354300.0,1269.76,4208.64,1269.76,4208.64,1.0,0,0.0,0.0,2n-1m-1th-Bc-lu-mz,sequana_cpu_dev,2,11429878.0,1,1,B,lu-mz,4,4,250,304,208,17,5007.2,3451.39,8458.59,108.85,75.03,183.88,91.94,46.0, sdumont6174,397553.73
29.0,94,47,1254020.0,230776.0,225474.0,1366592.0,1269.76,4208.64,1269.76,4208.64,1.0,0,0.0,0.0,2n-1m-1th-Bc-lu-mz,sequana_cpu_dev,2,11429882.0,1,1,B,lu-mz,4,4,250,304,208,17,5003.47,3462.83,8466.3,108.77,75.28,184.05,92.02,46.0, sdumont6175,397916.1
29.0,94,47,1254020.0,230216.0,225468.0,1354300.0,1269.76,4208.64,1269.76,4208.64,1.0,0,0.0,0.0,2n-1m-1th-Bc-lu-mz,sequana_cpu_dev,2,11429884.0,1,1,B,lu-mz,4,4,250,304,208,17,5007.63,3436.44,8444.06,108.86,74.71,183.57,91.78,46.0, sdumont6174,396870.81999999995
29.0,92,46,1254022.0,230292.0,225406.0,1354304.0,1269.76,4208.64,1269.76,4208.64,4.0,0,0.0,0.0,2n-1m-1th-Bc-lu-mz,sequana_cpu_dev,2,11429887.0,1,1,B,lu-mz,4,4,250,304,208,17,5011.98,3445.17,8457.15,111.38,76.56,187.94,93.97,45.0, sdumont6175,389028.89999999997
177.0,404,202,1601544.0,463256.0,458786.0,1815836.0,3379.2,4229.12,3379.2,4229.12,1.0,0,61.0,62.0,2n-1m-1th-Cc-lu-mz,sequana_cpu_dev,2,11429889.0,1,1,C,lu-mz,4,4,250,480,320,28,22179.49,15241.7,37421.19,110.35,75.83,186.18,93.09,201.0, sdumont6175,7559080.380000001
177.0,400,200,1604296.0,464572.0,458840.0,1828132.0,3379.2,4229.12,3379.2,4229.12,1.0,0,14.0,16.0,2n-1m-1th-Cc-lu-mz,sequana_cpu_dev,2,11429891.0,1,1,C,lu-mz,4,4,250,480,320,28,22039.03,15125.25,37164.28,110.75,76.01,186.76,93.38,199.0, sdumont6175,7432856.0
177.0,402,201,1487420.0,463512.0,458090.0,1599880.0,3379.2,4229.12,3379.2,4229.12,1.0,0,0.0,0.0,2n-1m-1th-Cc-lu-mz,sequana_cpu_dev,2,11429893.0,1,1,C,lu-mz,4,4,250,480,320,28,22045.3,15163.83,37209.14,110.23,75.82,186.05,93.02,200.0, sdumont6174,7479037.14
177.0,404,202,1490208.0,463792.0,458136.0,1599884.0,3389.44,4229.12,3399.68,4229.12,1.0,0,4.0,8.0,2n-1m-1th-Cc-lu-mz,sequana_cpu_dev,2,11429895.0,1,1,C,lu-mz,4,4,250,480,320,28,22155.15,15212.42,37367.57,110.51,75.87,186.37,93.19,200.5, sdumont6175,7548249.14
177.0,402,201,1487420.0,463708.0,458324.0,1599884.0,3379.2,4229.12,3379.2,4229.12,1.0,0,1.0,3.0,2n-1m-1th-Cc-lu-mz,sequana_cpu_dev,2,11429897.0,1,1,C,lu-mz,4,4,250,480,320,28,22168.09,15234.74,37402.83,110.84,76.17,187.01,93.51,200.0, sdumont6175,7517968.83
2.0,28,7,601539.0,133348.0,59505.0,1278520.0,491.52,2109.44,1034.24,4218.88,1.0,0,7.0,16.0,2n-2m-1th-Ac-lu-mz,sequana_cpu_dev,2,11429903.0,2,1,A,lu-mz,4,4,250,128,128,16,581.0,546.34,1127.34,96.83,91.06,187.89,93.94,6.0, sdumont6174,7891.379999999999
2.0,28,7,614933.0,143680.0,71484.0,1290808.0,501.76,2109.44,1044.48,4218.88,1.0,0,0.0,0.0,2n-2m-1th-Ac-lu-mz,sequana_cpu_dev,2,11429905.0,2,1,A,lu-mz,4,4,250,128,128,16,475.8,449.12,924.92,79.3,74.85,154.15,77.08,6.0, sdumont6175,6474.44
2.0,28,7,614933.0,143624.0,71417.0,1290812.0,501.76,2109.44,1044.48,4218.88,1.0,0,0.0,0.0,2n-2m-1th-Ac-lu-mz,sequana_cpu_dev,2,11429908.0,2,1,A,lu-mz,4,4,250,128,128,16,478.02,450.15,928.17,79.67,75.02,154.69,77.35,6.0, sdumont6175,6497.19
2.0,28,7,611860.0,139972.0,68865.0,1278520.0,501.76,2109.44,1044.48,4218.88,1.0,0,0.0,0.0,2n-2m-1th-Ac-lu-mz,sequana_cpu_dev,2,11429909.0,2,1,A,lu-mz,4,4,250,128,128,16,477.57,450.05,927.61,79.59,75.01,154.6,77.3,6.0, sdumont6174,6493.27
2.0,28,7,611860.0,142036.0,69870.0,1278520.0,501.76,2109.44,1044.48,4218.88,1.0,0,0.0,0.0,2n-2m-1th-Ac-lu-mz,sequana_cpu_dev,2,11429913.0,2,1,A,lu-mz,4,4,250,128,128,16,477.36,449.79,927.15,79.56,74.97,154.53,77.26,6.0, sdumont6175,6490.05
5.0,100,25,565656.0,133972.0,35696.0,1278832.0,645.12,2109.44,1310.72,4218.88,1.0,0,2.0,10.0,2n-2m-1th-Bc-lu-mz,sequana_cpu_dev,2,11429914.0,2,1,B,lu-mz,4,4,250,304,208,17,2491.59,2348.11,4839.7,108.33,102.09,210.42,105.21,23.0, sdumont6175,120992.5
11.0,96,24,611990.0,140348.0,69544.0,1278660.0,563.2,2109.44,1280.0,4218.88,1.0,0,0.0,0.0,2n-2m-1th-Bc-lu-mz,sequana_cpu_dev,2,11429918.0,2,1,B,lu-mz,4,4,250,304,208,17,2501.26,2356.3,4857.56,108.75,102.45,211.2,105.6,23.0, sdumont6175,116581.44
11.0,96,24,611990.0,140340.0,68961.0,1278660.0,552.96,2109.44,1249.28,4218.88,1.0,0,0.0,0.0,2n-2m-1th-Bc-lu-mz,sequana_cpu_dev,2,11429923.0,2,1,B,lu-mz,4,4,250,304,208,17,2447.24,2310.37,4757.61,106.4,100.45,206.85,103.43,23.0, sdumont6174,114182.63999999998
11.0,100,25,615092.0,143616.0,72520.0,1291068.0,563.2,2109.44,1300.48,4218.88,1.0,0,0.0,0.0,2n-2m-1th-Bc-lu-mz,sequana_cpu_dev,2,11429924.0,2,1,B,lu-mz,4,4,250,304,208,17,2490.22,2348.63,4838.85,108.27,102.11,210.38,105.19,23.0, sdumont6175,120971.25000000001
11.0,96,24,611990.0,140308.0,70016.0,1278660.0,563.2,2109.44,1290.24,4218.88,1.0,0,0.0,0.0,2n-2m-1th-Bc-lu-mz,sequana_cpu_dev,2,11429926.0,2,1,B,lu-mz,4,4,250,304,208,17,2448.19,2303.97,4752.16,106.44,100.17,206.62,103.31,23.0, sdumont6174,114051.84
94.0,408,102,1086034.0,313384.0,308830.0,1466672.0,1587.2,4218.88,2385.92,4229.12,2.0,0,5.0,13.0,2n-2m-1th-Cc-lu-mz,sequana_cpu_dev,2,11429929.0,2,1,C,lu-mz,4,4,250,480,320,28,11105.81,10450.09,21555.9,109.96,103.47,213.42,106.71,101.0, sdumont6174,2198701.8000000003
88.0,420,105,1082921.0,312856.0,306326.0,1458420.0,1669.12,4229.12,2539.52,4270.08,1.0,0,272.0,384.0,2n-2m-1th-Cc-lu-mz,sequana_cpu_dev,2,11429934.0,2,1,C,lu-mz,4,4,250,480,320,28,11101.68,11422.82,22524.5,107.27,110.35,217.62,108.81,103.5, sdumont6282,2365072.5
85.0,420,105,1086001.0,313584.0,308856.0,1470720.0,1669.12,4229.12,2498.56,4249.6,1.0,0,171.0,378.0,2n-2m-1th-Cc-lu-mz,sequana_cpu_dev,2,11429939.0,2,1,C,lu-mz,4,4,250,480,320,28,10410.85,11009.62,21420.47,101.08,106.89,207.97,103.98,103.0, sdumont6166,2249149.35
94.0,408,102,1082888.0,312876.0,306484.0,1458428.0,1587.2,4218.88,2396.16,4229.12,1.0,0,0.0,0.0,2n-2m-1th-Cc-lu-mz,sequana_cpu_dev,2,11429943.0,2,1,C,lu-mz,4,4,250,480,320,28,10288.54,10864.87,21153.41,101.87,107.57,209.44,104.72,101.0, sdumont6165,2157647.82
89.0,420,105,1084279.0,312604.0,306241.0,1464004.0,1669.12,4218.88,2488.32,4239.36,2.0,0,270.0,371.0,2n-2m-1th-Cc-lu-mz,sequana_cpu_dev,2,11429947.0,2,1,C,lu-mz,4,4,250,480,320,28,11057.34,11248.57,22305.91,106.32,108.16,214.48,107.24,104.0, sdumont6168,2342120.55
0.0,33,11,265348.0,1040.0,1038.666015625,265348.0,0.0,0.0,0.0,0.0,1.0,0,0.0,0.0,3n-1m-1th-Ac-lu-mz,sequana_cpu_dev,3,11429955.0,1,1,A,lu-mz,4,4,250,128,128,16,1453.87,1131.18,2585.04,145.39,113.12,258.5,86.17,10.0, sdumont6165,28435.44
0.0,42,14,265348.0,1036.0,1036.0,265348.0,0.0,0.0,0.0,0.0,1.0,0,0.0,0.0,3n-1m-1th-Ac-lu-mz,sequana_cpu_dev,3,11429958.0,1,1,A,lu-mz,4,4,250,128,128,16,1760.42,1438.99,3199.41,135.42,110.69,246.11,82.04,13.0, sdumont6169,44791.74
0.0,27,9,265348.0,1040.0,1036.0,265348.0,0.0,0.0,0.0,0.0,1.0,0,0.0,0.0,3n-1m-1th-Ac-lu-mz,sequana_cpu_dev,3,11429960.0,1,1,A,lu-mz,4,4,250,128,128,16,1221.15,960.88,2182.03,152.64,120.11,272.75,90.92,8.0, sdumont6166,19638.27
0.0,27,9,265348.0,1036.0,1036.0,265348.0,0.0,0.0,0.0,0.0,1.0,0,0.0,0.0,3n-1m-1th-Ac-lu-mz,sequana_cpu_dev,3,11429961.0,1,1,A,lu-mz,4,4,250,128,128,16,1227.29,970.61,2197.91,153.41,121.33,274.74,91.58,8.0, sdumont6167,19781.19
0.0,27,9,265348.0,1036.0,1033.3330078125,265348.0,0.0,0.0,0.0,0.0,1.0,0,0.0,0.0,3n-1m-1th-Ac-lu-mz,sequana_cpu_dev,3,11429965.0,1,1,A,lu-mz,4,4,250,128,128,16,1231.39,969.42,2200.81,153.92,121.18,275.1,91.7,8.0, sdumont6167,19807.29
29.0,120,40,1199590.666015625,210932.0,206018.666015625,1344324.0,1269.76,4208.64,1269.76,4208.64,0.0,0,38.0,39.0,3n-1m-1th-Bc-lu-mz,sequana_cpu_dev,3,11429969.0,1,1,B,lu-mz,4,4,250,304,208,17,5350.13,4106.98,9457.1,157.36,120.79,278.15,92.72,34.0, sdumont6166,378284.0
29.0,105,35,1199582.666015625,208920.0,205486.666015625,1344324.0,1269.76,4208.64,1269.76,4208.64,0.0,0,0.0,0.0,3n-1m-1th-Bc-lu-mz,sequana_cpu_dev,3,11429970.0,1,1,B,lu-mz,4,4,250,304,208,17,5355.36,4128.97,9484.34,160.76,123.87,284.63,94.88,33.33, sdumont6166,331951.9
29.0,159,53,1199594.666015625,210472.0,206760.0,1344340.0,1269.76,4208.64,1269.76,4208.64,1.0,0,25.0,38.0,3n-1m-1th-Bc-lu-mz,sequana_cpu_dev,3,11429972.0,1,1,B,lu-mz,4,4,250,304,208,17,5170.14,4041.42,9211.56,152.06,118.87,270.93,90.31,34.0, sdumont6165,488212.68
26.0,114,38,1199593.3330078125,208764.0,205357.3330078125,1344340.0,1269.76,4208.64,1269.76,4208.64,1.0,0,103.0,310.0,3n-1m-1th-Bc-lu-mz,sequana_cpu_dev,3,11429975.0,1,1,B,lu-mz,4,4,250,304,208,17,5745.81,4172.62,9918.43,155.29,112.77,268.07,89.36,37.0, sdumont6168,376900.34
29.0,162,54,1199593.3330078125,208868.0,205336.0,1344336.0,1269.76,4208.64,1269.76,4208.64,1.0,0,0.0,0.0,3n-1m-1th-Bc-lu-mz,sequana_cpu_dev,3,11429977.0,1,1,B,lu-mz,4,4,250,304,208,17,5344.86,4088.13,9432.99,157.2,120.24,277.44,92.48,34.0, sdumont6168,509381.45999999996
118.0,420,140,1363228.0,369652.0,368285.3330078125,1505860.0,2549.76,4218.88,2549.76,4218.88,79.0,0,28.0,46.0,3n-1m-1th-Cc-lu-mz,sequana_cpu_dev,3,11429998.0,1,1,C,lu-mz,4,4,250,480,320,28,22736.2,17327.14,40063.34,163.57,124.66,288.23,96.08,139.0, sdumont6168,5608867.6
118.0,420,140,1363229.3330078125,371216.0,369084.0,1505868.0,2549.76,4218.88,2549.76,4218.88,1.0,0,0.0,0.0,3n-1m-1th-Cc-lu-mz,sequana_cpu_dev,3,11430022.0,1,1,C,lu-mz,4,4,250,480,320,28,22763.27,17266.93,40030.2,163.76,124.22,287.99,96.0,139.0, sdumont6168,5604228.0
118.0,423,141,1439312.0,370320.0,368964.0,1521424.0,2539.52,4218.88,2549.76,4218.88,1.0,0,12.0,38.0,3n-1m-1th-Cc-lu-mz,sequana_cpu_dev,3,11430026.0,1,1,C,lu-mz,4,4,250,480,320,28,22519.35,17061.87,39581.22,162.01,122.75,284.76,94.92,139.0, sdumont6165,5580952.0200000005
118.0,420,140,1363233.3330078125,370144.0,368581.3330078125,1505884.0,2549.76,4218.88,2549.76,4218.88,26.0,0,0.0,0.0,3n-1m-1th-Cc-lu-mz,sequana_cpu_dev,3,11430030.0,1,1,C,lu-mz,4,4,250,480,320,28,21463.45,16872.17,38335.62,154.41,121.38,275.8,91.93,139.0, sdumont6165,5366986.800000001
118.0,420,140,1363229.3330078125,369680.0,368457.3330078125,1505876.0,2549.76,4218.88,2549.76,4218.88,144.0,0,0.0,0.0,3n-1m-1th-Cc-lu-mz,sequana_cpu_dev,3,11430033.0,1,1,C,lu-mz,4,4,250,480,320,28,21464.19,16880.92,38345.12,154.42,121.45,275.86,91.95,139.0, sdumont6165,5368316.800000001
1.0,36,6,494439.3330078125,143908.0,49734.666015625,1078648.0,512.0,2109.44,1054.72,4218.88,1.0,0,0.0,1.0,3n-2m-1th-Ac-lu-mz,sequana_cpu_dev,3,11430035.0,2,1,A,lu-mz,4,4,250,128,128,16,550.68,580.4,1131.08,137.67,145.1,282.77,94.26,4.0, sdumont6166,6786.48
0.0,42,7,359222.0,4644.0,3893.3330078125,453096.0,542.72,2109.44,1085.44,4218.88,1.0,0,0.0,0.0,3n-2m-1th-Ac-lu-mz,sequana_cpu_dev,3,11430041.0,2,1,A,lu-mz,4,4,250,128,128,16,832.85,826.8,1659.65,138.81,137.8,276.61,92.2,6.0, sdumont6169,11617.550000000001
2.0,30,5,707362.0,144108.0,73536.666015625,1290776.0,522.24,2109.44,1034.24,4218.88,146.0,0,0.0,0.0,3n-2m-1th-Ac-lu-mz,sequana_cpu_dev,3,11430046.0,2,1,A,lu-mz,4,4,250,128,128,16,611.45,622.61,1234.06,152.86,155.65,308.51,102.84,4.0, sdumont6169,6170.299999999999
2.0,30,5,521992.0,143616.0,42706.666015625,1078648.0,501.76,2109.44,1034.24,4218.88,0.0,0,0.0,0.0,3n-2m-1th-Ac-lu-mz,sequana_cpu_dev,3,11430048.0,2,1,A,lu-mz,4,4,250,128,128,16,506.25,515.02,1021.27,126.56,128.76,255.32,85.11,4.0, sdumont6166,5106.35
2.0,36,6,591740.666015625,143620.0,65914.0,1078700.0,512.0,2109.44,1034.24,4218.88,1.0,0,0.0,0.0,3n-2m-1th-Ac-lu-mz,sequana_cpu_dev,3,11430050.0,2,1,A,lu-mz,4,4,250,128,128,16,605.74,641.42,1247.16,151.44,160.35,311.79,103.93,4.0, sdumont6166,7482.960000000001
5.0,108,18,522085.3330078125,143448.0,43119.3330078125,1078396.0,563.2,2109.44,1218.56,4218.88,34.0,0,9.0,30.0,3n-2m-1th-Bc-lu-mz,sequana_cpu_dev,3,11430055.0,2,1,B,lu-mz,4,4,250,304,208,17,2567.49,2627.12,5194.61,151.03,154.54,305.57,101.86,17.0, sdumont6168,93502.98
8.0,102,17,707306.0,145900.0,72997.3330078125,1290900.0,604.16,2109.44,1218.56,4218.88,21.0,0,0.0,0.0,3n-2m-1th-Bc-lu-mz,sequana_cpu_dev,3,11430061.0,2,1,B,lu-mz,4,4,250,304,208,17,2564.82,2623.35,5188.17,160.3,163.96,324.26,108.09,16.0, sdumont6166,88198.89
8.0,216,36,444809.3330078125,140260.0,64536.666015625,638572.0,481.28,2109.44,972.8,4218.88,244.0,0,5.0,17.0,3n-2m-1th-Bc-lu-mz,sequana_cpu_dev,3,11430063.0,2,1,B,lu-mz,4,4,250,304,208,17,2495.21,2586.82,5082.03,155.95,161.68,317.63,105.88,16.0, sdumont6168,182953.08
5.0,108,18,567672.666015625,143308.0,50103.3330078125,1078500.0,614.4,2109.44,1239.04,4218.88,3.0,0,7.0,45.0,3n-2m-1th-Bc-lu-mz,sequana_cpu_dev,3,11430064.0,2,1,B,lu-mz,4,4,250,304,208,17,2676.44,2744.11,5420.55,157.44,161.42,318.86,106.29,17.0, sdumont6166,97569.90000000001
8.0,108,18,598610.0,143408.0,72396.0,1078500.0,563.2,2109.44,1218.56,4218.88,1.0,0,0.0,0.0,3n-2m-1th-Bc-lu-mz,sequana_cpu_dev,3,11430065.0,2,1,B,lu-mz,4,4,250,304,208,17,2519.24,2575.65,5094.89,151.08,154.63,305.71,101.9,16.67, sdumont6167,91708.02
63.0,426,71,1020317.3330078124,262640.0,259918.0,1418628.0,1372.16,4218.88,1966.08,4218.88,529.0,0,5.0,17.0,3n-2m-1th-Cc-lu-mz,sequana_cpu_dev,3,11430069.0,2,1,C,lu-mz,4,4,250,480,320,28,11238.24,11537.14,22775.38,160.55,164.82,325.36,108.45,70.0, sdumont6166,1617051.98
55.0,450,75,1020355.3330078124,262632.0,259813.3330078125,1418648.0,1484.8,4229.12,2109.44,4249.6,653.0,0,175.0,365.0,3n-2m-1th-Cc-lu-mz,sequana_cpu_dev,3,11430073.0,2,1,C,lu-mz,4,4,250,480,320,28,12650.7,11932.07,24582.77,170.96,161.24,332.2,110.73,74.0, sdumont6266,1843707.75
62.0,420,70,1020344.666015625,262500.0,259781.3330078125,1418644.0,1372.16,4218.88,1976.32,4229.12,56.0,0,0.0,0.0,3n-2m-1th-Cc-lu-mz,sequana_cpu_dev,3,11430079.0,2,1,C,lu-mz,4,4,250,480,320,28,11409.14,11795.93,23205.07,165.35,170.96,336.31,112.1,69.0, sdumont6167,1624354.9
62.0,420,70,1020293.3330078124,262668.0,259854.0,1418624.0,1423.36,4218.88,1976.32,4229.12,1.0,0,0.0,0.0,3n-2m-1th-Cc-lu-mz,sequana_cpu_dev,3,11430081.0,2,1,C,lu-mz,4,4,250,480,320,28,11255.06,11525.85,22780.91,163.12,167.04,330.16,110.05,69.0, sdumont6166,1594663.7
62.0,420,70,1020371.3330078124,262728.0,259872.0,1418640.0,1433.6,4218.88,2027.52,4249.6,1.0,0,0.0,0.0,3n-2m-1th-Cc-lu-mz,sequana_cpu_dev,3,11430084.0,2,1,C,lu-mz,4,4,250,480,320,28,11161.14,11413.13,22574.27,161.76,165.41,327.16,109.05,69.0, sdumont6165,1580198.9000000001
0.0,36,9,265348.0,1040.0,1035.0,265348.0,0.0,0.0,0.0,0.0,1.0,0,0.0,0.0,4n-1m-1th-Ac-lu-mz,sequana_cpu_dev,4,11430087.0,1,1,A,lu-mz,4,4,250,128,128,16,1440.84,1228.72,2669.56,180.1,153.59,333.69,83.42,8.0, sdumont6167,24026.04
0.0,32,8,265348.0,1040.0,1036.0,265348.0,0.0,0.0,0.0,0.0,1.0,0,0.0,0.0,4n-1m-1th-Ac-lu-mz,sequana_cpu_dev,4,11430091.0,1,1,A,lu-mz,4,4,250,128,128,16,1308.64,1091.03,2399.68,186.95,155.86,342.81,85.7,7.0, sdumont6168,19197.44
0.0,24,6,265348.0,1036.0,1034.0,265348.0,0.0,0.0,0.0,0.0,1.0,0,0.0,0.0,4n-1m-1th-Ac-lu-mz,sequana_cpu_dev,4,11430093.0,1,1,A,lu-mz,4,4,250,128,128,16,924.27,740.76,1665.03,184.85,148.15,333.01,83.25,5.0, sdumont6165,9990.18
0.0,24,6,265348.0,1040.0,1035.0,265348.0,0.0,0.0,0.0,0.0,1.0,0,0.0,0.0,4n-1m-1th-Ac-lu-mz,sequana_cpu_dev,4,11430094.0,1,1,A,lu-mz,4,4,250,128,128,16,920.73,741.69,1662.42,184.15,148.34,332.48,83.12,5.0, sdumont6165,9974.52
0.0,24,6,265348.0,1040.0,1036.0,265348.0,0.0,0.0,0.0,0.0,1.0,0,0.0,0.0,4n-1m-1th-Ac-lu-mz,sequana_cpu_dev,4,11430095.0,1,1,A,lu-mz,4,4,250,128,128,16,924.65,740.22,1664.87,184.93,148.04,332.97,83.24,5.0, sdumont6165,9989.22
0.0,96,24,265348.0,1036.0,1036.0,265348.0,0.0,0.0,0.0,0.0,1.0,0,0.0,0.0,4n-1m-1th-Bc-lu-mz,sequana_cpu_dev,4,11430097.0,1,1,B,lu-mz,4,4,250,304,208,17,4845.34,3767.15,8612.49,210.67,163.79,374.46,93.61,23.0, sdumont6165,206699.76
0.0,96,24,265348.0,1036.0,1036.0,265348.0,0.0,0.0,0.0,0.0,1.0,0,0.0,0.0,4n-1m-1th-Bc-lu-mz,sequana_cpu_dev,4,11430102.0,1,1,B,lu-mz,4,4,250,304,208,17,4838.47,3749.8,8588.27,210.37,163.03,373.4,93.35,23.0, sdumont6167,206118.48
0.0,96,24,265348.0,1040.0,1036.0,265348.0,0.0,0.0,0.0,0.0,0.0,0,0.0,0.0,4n-1m-1th-Bc-lu-mz,sequana_cpu_dev,4,11430103.0,1,1,B,lu-mz,4,4,250,304,208,17,4840.25,3747.93,8588.18,210.45,162.95,373.4,93.35,23.0, sdumont6167,206116.32
0.0,116,29,265348.0,1040.0,1037.0,265348.0,0.0,0.0,0.0,0.0,1.0,0,0.0,0.0,4n-1m-1th-Bc-lu-mz,sequana_cpu_dev,4,11430106.0,1,1,B,lu-mz,4,4,250,304,208,17,5582.72,4304.9,9887.62,199.38,153.75,353.13,88.28,28.0, sdumont6168,286740.98000000004
0.0,108,27,265348.0,1040.0,1038.0,265348.0,0.0,0.0,0.0,0.0,1.0,0,0.0,0.0,4n-1m-1th-Bc-lu-mz,sequana_cpu_dev,4,11430107.0,1,1,B,lu-mz,4,4,250,304,208,17,5159.03,4071.04,9230.07,206.36,162.84,369.2,92.3,25.0, sdumont6167,249211.88999999998
88.0,416,104,1347390.0,315048.0,313398.0,1678068.0,2109.44,4218.88,2119.68,4218.88,1.0,0,50.0,88.0,4n-1m-1th-Cc-lu-mz,sequana_cpu_dev,4,11430108.0,1,1,C,lu-mz,4,4,250,480,320,28,22079.06,17030.36,39109.43,214.36,165.34,379.7,94.93,103.0, sdumont6166,4067380.72
87.0,412,103,1347090.0,313892.0,310596.0,1465372.0,2119.68,4218.88,2129.92,4218.88,1.0,0,15.0,60.0,4n-1m-1th-Cc-lu-mz,sequana_cpu_dev,4,11430109.0,1,1,C,lu-mz,4,4,250,480,320,28,21784.23,16833.07,38617.3,213.57,165.03,378.6,94.65,102.0, sdumont6165,3977581.9000000004
88.0,408,102,1288622.0,312996.0,310499.0,1437532.0,2109.44,4218.88,2109.44,4218.88,1.0,0,5.0,23.0,4n-1m-1th-Cc-lu-mz,sequana_cpu_dev,4,11430110.0,1,1,C,lu-mz,4,4,250,480,320,28,21655.5,16634.08,38289.58,214.41,164.69,379.1,94.78,101.0, sdumont6166,3905537.16
88.0,408,102,1287285.0,313416.0,310226.0,1449960.0,2109.44,4218.88,2109.44,4218.88,1.0,0,5.0,23.0,4n-1m-1th-Cc-lu-mz,sequana_cpu_dev,4,11430114.0,1,1,C,lu-mz,4,4,250,480,320,28,21623.24,16706.96,38330.2,214.09,165.42,379.51,94.88,101.0, sdumont6167,3909680.4
88.0,408,102,1288655.0,313748.0,310554.0,1449964.0,2119.68,4218.88,2129.92,4218.88,0.0,0,0.0,0.0,4n-1m-1th-Cc-lu-mz,sequana_cpu_dev,4,11430115.0,1,1,C,lu-mz,4,4,250,480,320,28,21573.61,16584.35,38157.96,213.6,164.2,377.8,94.45,101.0, sdumont6166,3892111.92
1.0,32,4,537725.0,143360.0,55097.5,1078280.0,501.76,2109.44,1034.24,4218.88,0.0,0,2.0,19.0,4n-2m-1th-Ac-lu-mz,sequana_cpu_dev,4,11430116.0,2,1,A,lu-mz,4,4,250,128,128,16,450.92,468.84,919.76,150.31,156.28,306.59,76.65,3.0, sdumont6167,3679.04
1.0,32,4,537729.5,143396.0,54886.0,1078316.0,501.76,2109.44,1034.24,4218.88,0.0,0,0.0,0.0,4n-2m-1th-Ac-lu-mz,sequana_cpu_dev,4,11430118.0,2,1,A,lu-mz,4,4,250,128,128,16,450.53,467.81,918.34,150.18,155.94,306.11,76.53,3.0, sdumont6166,3673.36
1.0,32,4,588469.0,143912.0,72280.0,1291112.0,501.76,2109.44,1034.24,4218.88,1.0,0,0.0,0.0,4n-2m-1th-Ac-lu-mz,sequana_cpu_dev,4,11430119.0,2,1,A,lu-mz,4,4,250,128,128,16,452.56,468.64,921.21,150.85,156.21,307.07,76.77,3.0, sdumont6166,3684.84
1.0,32,4,483720.0,143312.0,55118.0,1078280.0,501.76,2109.44,1044.48,4218.88,0.0,0,0.0,0.0,4n-2m-1th-Ac-lu-mz,sequana_cpu_dev,4,11430120.0,2,1,A,lu-mz,4,4,250,128,128,16,453.86,470.27,924.13,151.29,156.76,308.04,77.01,3.0, sdumont6165,3696.52
1.0,56,7,577944.5,144068.0,62301.5,1291012.0,512.0,2109.44,1085.44,4218.88,1.0,0,7.0,44.0,4n-2m-1th-Ac-lu-mz,sequana_cpu_dev,4,11430121.0,2,1,A,lu-mz,4,4,250,128,128,16,979.96,1001.84,1981.8,195.99,200.37,396.36,99.09,5.0, sdumont6168,13872.6
5.0,104,13,581861.0,144244.0,66435.0,1291224.0,532.48,2109.44,1167.36,4218.88,1.0,0,0.0,4.0,4n-2m-1th-Bc-lu-mz,sequana_cpu_dev,4,11430122.0,2,1,B,lu-mz,4,4,250,304,208,17,2405.26,2484.78,4890.04,200.44,207.07,407.5,101.88,12.0, sdumont6166,63570.52
5.0,104,13,506999.0,143564.0,72157.5,1078480.0,512.0,2109.44,1167.36,4218.88,1.0,0,0.0,0.0,4n-2m-1th-Bc-lu-mz,sequana_cpu_dev,4,11430124.0,2,1,B,lu-mz,4,4,250,304,208,17,2399.58,2483.11,4882.68,218.14,225.74,443.88,110.97,11.0, sdumont6168,63474.840000000004
4.0,120,15,641853.5,144232.0,51044.5,1291220.0,563.2,2109.44,1187.84,4218.88,0.0,0,0.0,0.0,4n-2m-1th-Bc-lu-mz,sequana_cpu_dev,4,11430125.0,2,1,B,lu-mz,4,4,250,304,208,17,2614.04,2702.15,5316.19,201.08,207.86,408.94,102.23,13.0, sdumont6167,79742.84999999999
5.0,112,14,581682.0,144204.0,66021.0,1291224.0,542.72,2109.44,1177.6,4218.88,1.0,0,10.0,66.0,4n-2m-1th-Bc-lu-mz,sequana_cpu_dev,4,11430126.0,2,1,B,lu-mz,4,4,250,304,208,17,2590.89,2679.81,5270.69,211.99,219.1,431.08,107.77,12.25, sdumont6167,73789.65999999999
4.0,112,14,444490.0,140416.0,44961.5,662460.0,512.0,2109.44,1177.6,4218.88,1.0,0,0.0,0.0,4n-2m-1th-Bc-lu-mz,sequana_cpu_dev,4,11430127.0,2,1,B,lu-mz,4,4,250,304,208,17,2566.14,2656.6,5222.74,197.4,204.35,401.75,100.44,13.0, sdumont6167,73118.36
40.0,416,52,985965.5,238432.0,235125.0,1395672.0,1218.56,4218.88,1730.56,4229.12,1.0,0,3.0,16.0,4n-2m-1th-Cc-lu-mz,sequana_cpu_dev,4,11430128.0,2,1,C,lu-mz,4,4,250,480,320,28,10850.82,11259.97,22110.8,212.76,220.78,433.55,108.39,51.0, sdumont6167,1149761.5999999999
37.0,416,52,985948.5,240076.0,235311.5,1395668.0,1218.56,4218.88,1710.08,4229.12,1.0,0,0.0,0.0,4n-2m-1th-Cc-lu-mz,sequana_cpu_dev,4,11430129.0,2,1,C,lu-mz,4,4,250,480,320,28,10807.61,11211.93,22019.53,211.91,219.84,431.76,107.94,51.0, sdumont6167,1145015.56
37.0,416,52,987509.5,238536.0,236644.0,1391500.0,1218.56,4218.88,1710.08,4229.12,1.0,0,0.0,0.0,4n-2m-1th-Cc-lu-mz,sequana_cpu_dev,4,11430130.0,2,1,C,lu-mz,4,4,250,480,320,28,10822.02,11208.42,22030.44,212.2,219.77,431.97,107.99,51.0, sdumont6167,1145582.88
39.0,416,52,985948.5,238740.0,235179.5,1395672.0,1218.56,4218.88,1710.08,4229.12,1.0,0,0.0,5.0,4n-2m-1th-Cc-lu-mz,sequana_cpu_dev,4,11430131.0,2,1,C,lu-mz,4,4,250,480,320,28,10808.75,11192.97,22001.72,211.94,219.47,431.41,107.85,51.0, sdumont6165,1144089.44
40.0,416,52,985947.5,238104.0,235108.5,1391476.0,1187.84,4218.88,1730.56,4218.88,1.0,0,0.0,0.0,4n-2m-1th-Cc-lu-mz,sequana_cpu_dev,4,11430132.0,2,1,C,lu-mz,4,4,250,480,320,28,10890.87,11274.57,22165.44,213.55,221.07,434.62,108.65,51.0, sdumont6167,1152602.88
