AveCPU,CPUTimeRAW,ElapsedRaw,AveVMSize,MaxRSS,AveRSS,MaxVMSize,AveDiskRead,AveDiskWrite,MaxDiskRead,MaxDiskWrite,Planned,ConsumedEnergyRaw,AvePages,MaxPages,JobName,Partition,NNodes,JobID,Processo p/ no,Thread p/ proc.,Classe,Benchmark,Zone X,Zone Y,Iterações,Grid X,Grid Y,Grid Z,Consumo de Energia P0 (J),Consumo de Energia P1 (J),Consumo de Energia Total (J),Power P0 (W),Power P1 (W),Power Total (W),Potência por nó (W),Tempo (s),NodeList,EDP
0.0,26,13,265348.0,3076.0,3076.0,265348.0,0.0,0.0,0.0,0.0,1.0,0,0.0,0.0,1n-1m-2th-Ac-sp-mz,sequana_cpu_dev,1,11420211.0,1,2,A,sp-mz,4,4,400,128,128,16,670.48,429.58,1100.06,55.87,35.8,91.67,91.67,12.0, sdumont6169,14300.779999999999
55.0,86,43,1466140.0,330636.0,330636.0,1466140.0,1239.04,4208.64,1239.04,4208.64,1.0,0,367.0,367.0,1n-1m-2th-Bc-sp-mz,sequana_cpu_dev,1,11420215.0,1,2,B,sp-mz,8,8,400,304,208,17,2399.69,1705.54,4105.23,57.14,40.61,97.74,97.74,42.0, sdumont6165,176524.88999999998
297.0,328,164,2065396.0,924320.0,924320.0,2065396.0,2816.0,4218.88,2816.0,4218.88,1.0,0,35.0,35.0,1n-1m-2th-Cc-sp-mz,sequana_cpu_dev,1,11420218.0,1,2,C,sp-mz,16,16,400,480,320,28,9555.16,6699.74,16254.91,58.62,41.1,99.72,99.72,163.0, sdumont6165,2665805.2399999998
0.0,28,7,265348.0,3140.0,3140.0,265348.0,0.0,0.0,0.0,0.0,1.0,0,0.0,0.0,1n-1m-4th-Ac-sp-mz,sequana_cpu_dev,1,11420221.0,1,4,A,sp-mz,4,4,400,128,128,16,334.96,198.67,533.63,55.83,33.11,88.94,88.94,6.0, sdumont6165,3735.41
0.0,96,24,265348.0,3048.0,3048.0,265348.0,0.0,0.0,0.0,0.0,1.0,0,0.0,0.0,1n-1m-4th-Bc-sp-mz,sequana_cpu_dev,1,11420225.0,1,4,B,sp-mz,8,8,400,304,208,17,1582.89,918.71,2501.6,68.82,39.94,108.77,108.77,23.0, sdumont6165,60038.399999999994
347.0,368,92,2063936.0,924624.0,924624.0,2063936.0,2027.52,4218.88,2027.52,4218.88,1.0,0,381.0,381.0,1n-1m-4th-Cc-sp-mz,sequana_cpu_dev,1,11420229.0,1,4,C,sp-mz,16,16,400,480,320,28,7064.38,3457.35,10521.72,77.63,37.99,115.62,115.62,91.0, sdumont6222,967998.24
0.0,30,5,265348.0,3116.0,3116.0,265348.0,0.0,0.0,0.0,0.0,1.0,0,0.0,0.0,1n-1m-6th-Ac-sp-mz,sequana_cpu_dev,1,11420230.0,1,6,A,sp-mz,4,4,400,128,128,16,317.84,141.23,459.07,79.46,35.31,114.77,114.77,4.0, sdumont6222,2295.35
0.0,102,17,265348.0,3180.0,3180.0,265348.0,0.0,0.0,0.0,0.0,1.0,0,0.0,0.0,1n-1m-6th-Bc-sp-mz,sequana_cpu_dev,1,11420231.0,1,6,B,sp-mz,8,8,400,304,208,17,1469.71,608.99,2078.7,91.86,38.06,129.92,129.92,16.0, sdumont6222,35337.899999999994
344.0,396,66,2073616.0,924508.0,924508.0,2073616.0,1628.16,4218.88,1628.16,4218.88,4.0,0,387.0,387.0,1n-1m-6th-Cc-sp-mz,sequana_cpu_dev,1,11420232.0,1,6,C,sp-mz,16,16,400,480,320,28,6064.94,2458.72,8523.66,93.31,37.83,131.13,131.13,65.0, sdumont6250,562561.5599999999
0.0,40,5,265348.0,1032.0,1032.0,265348.0,0.0,0.0,0.0,0.0,1.0,0,0.0,0.0,1n-1m-8th-Ac-sp-mz,sequana_cpu_dev,1,11420234.0,1,8,A,sp-mz,4,4,400,128,128,16,238.33,92.27,330.6,59.58,23.07,82.65,82.65,4.0, sdumont6250,1653.0
0.0,112,14,265348.0,1028.0,1028.0,265348.0,0.0,0.0,0.0,0.0,0.0,0,0.0,0.0,1n-1m-8th-Bc-sp-mz,sequana_cpu_dev,1,11420240.0,1,8,B,sp-mz,8,8,400,304,208,17,1342.82,476.16,1818.98,103.29,36.63,139.92,139.92,13.0, sdumont6250,25465.72
236.0,408,51,2072156.0,924640.0,924640.0,2072156.0,1239.04,4208.64,1239.04,4208.64,1.0,0,6.0,6.0,1n-1m-8th-Cc-sp-mz,sequana_cpu_dev,1,11420242.0,1,8,C,sp-mz,16,16,400,480,320,28,5539.44,1918.18,7457.62,110.79,38.36,149.15,149.15,50.0, sdumont6250,380338.62
0.0,40,4,265348.0,1032.0,1032.0,265348.0,0.0,0.0,0.0,0.0,1.0,0,0.0,0.0,1n-1m-10th-Ac-sp-mz,sequana_cpu_dev,1,11420247.0,1,10,A,sp-mz,4,4,400,128,128,16,241.19,96.78,337.97,80.4,32.26,112.66,112.66,3.0, sdumont6165,1351.88
0.0,120,12,265348.0,1032.0,1032.0,265348.0,0.0,0.0,0.0,0.0,1.0,0,0.0,0.0,1n-1m-10th-Bc-sp-mz,sequana_cpu_dev,1,11420253.0,1,10,B,sp-mz,8,8,400,304,208,17,1069.2,399.23,1468.43,97.2,36.29,133.49,133.49,11.0, sdumont6165,17621.16
294.0,430,43,2076272.0,924648.0,924648.0,2076272.0,1239.04,4208.64,1239.04,4208.64,1.0,0,5.0,5.0,1n-1m-10th-Cc-sp-mz,sequana_cpu_dev,1,11420291.0,1,10,C,sp-mz,16,16,400,480,320,28,4599.92,1680.46,6280.38,109.52,40.01,149.53,149.53,42.0, sdumont6165,270056.34
0.0,48,4,265348.0,1032.0,1032.0,265348.0,0.0,0.0,0.0,0.0,1.0,0,0.0,0.0,1n-1m-12th-Ac-sp-mz,sequana_cpu_dev,1,11420297.0,1,12,A,sp-mz,4,4,400,128,128,16,255.92,97.55,353.48,127.96,48.78,176.74,176.74,2.0, sdumont6165,1413.92
0.0,132,11,265348.0,1032.0,1032.0,265348.0,0.0,0.0,0.0,0.0,1.0,0,0.0,0.0,1n-1m-12th-Bc-sp-mz,sequana_cpu_dev,1,11420299.0,1,12,B,sp-mz,8,8,400,304,208,17,1123.22,400.16,1523.38,112.32,40.02,152.34,152.34,10.0, sdumont6165,16757.18
354.0,468,39,2086348.0,927844.0,927844.0,2086348.0,1239.04,4208.64,1239.04,4208.64,1.0,0,10.0,10.0,1n-1m-12th-Cc-sp-mz,sequana_cpu_dev,1,11420302.0,1,12,C,sp-mz,16,16,400,480,320,28,4940.85,1465.36,6406.21,130.02,38.56,168.58,168.58,38.0, sdumont6250,249842.19
0.0,56,4,265348.0,1036.0,1036.0,265348.0,0.0,0.0,0.0,0.0,1.0,0,0.0,0.0,1n-1m-14th-Ac-sp-mz,sequana_cpu_dev,1,11420308.0,1,14,A,sp-mz,4,4,400,128,128,16,262.58,94.29,356.87,131.29,47.15,178.43,178.43,2.0, sdumont6165,1427.48
0.0,154,11,265348.0,1040.0,1040.0,265348.0,0.0,0.0,0.0,0.0,0.0,0,0.0,0.0,1n-1m-14th-Bc-sp-mz,sequana_cpu_dev,1,11420318.0,1,14,B,sp-mz,8,8,400,304,208,17,1030.48,353.66,1384.14,114.5,39.3,153.79,153.79,9.0, sdumont6165,15225.54
411.0,518,37,2084492.0,924788.0,924788.0,2084492.0,1239.04,4208.64,1239.04,4208.64,0.0,0,77.0,77.0,1n-1m-14th-Cc-sp-mz,sequana_cpu_dev,1,11420327.0,1,14,C,sp-mz,16,16,400,480,320,28,4290.48,1428.75,5719.23,122.59,40.82,163.41,163.41,35.0, sdumont6165,211611.50999999998
0.0,64,4,265348.0,1040.0,1040.0,265348.0,0.0,0.0,0.0,0.0,0.0,0,0.0,0.0,1n-1m-16th-Ac-sp-mz,sequana_cpu_dev,1,11420340.0,1,16,A,sp-mz,4,4,400,128,128,16,260.63,94.29,354.92,130.31,47.15,177.46,177.46,2.0, sdumont6165,1419.68
0.0,160,10,265348.0,1036.0,1036.0,265348.0,0.0,0.0,0.0,0.0,1.0,0,0.0,0.0,1n-1m-16th-Bc-sp-mz,sequana_cpu_dev,1,11420346.0,1,16,B,sp-mz,8,8,400,304,208,17,1066.88,353.1,1419.99,133.36,44.14,177.5,177.5,8.0, sdumont6165,14199.9
470.0,560,35,2088600.0,924868.0,924868.0,2088600.0,1239.04,4208.64,1239.04,4208.64,1.0,0,36.0,36.0,1n-1m-16th-Cc-sp-mz,sequana_cpu_dev,1,11420353.0,1,16,C,sp-mz,16,16,400,480,320,28,4361.31,1425.39,5786.7,128.27,41.92,170.2,170.2,34.0, sdumont6165,202534.5
0.0,108,6,265348.0,1036.0,1036.0,265348.0,0.0,0.0,0.0,0.0,1.0,0,0.0,0.0,1n-1m-18th-Ac-sp-mz,sequana_cpu_dev,1,11420381.0,1,18,A,sp-mz,4,4,400,128,128,16,290.8,124.33,415.13,96.93,41.44,138.38,138.38,3.0, sdumont6166,2490.7799999999997
0.0,180,10,265348.0,1032.0,1032.0,265348.0,0.0,0.0,0.0,0.0,1.0,0,0.0,0.0,1n-1m-18th-Bc-sp-mz,sequana_cpu_dev,1,11420385.0,1,18,B,sp-mz,8,8,400,304,208,17,1088.98,321.49,1410.47,136.12,40.19,176.31,176.31,8.0, sdumont6166,14104.7
528.0,612,34,2092712.0,924888.0,924888.0,2092712.0,1239.04,4208.64,1239.04,4208.64,1.0,0,81.0,81.0,1n-1m-18th-Cc-sp-mz,sequana_cpu_dev,1,11420387.0,1,18,C,sp-mz,16,16,400,480,320,28,4250.08,1216.34,5466.42,132.81,38.01,170.83,170.83,32.0, sdumont6166,185858.28
0.0,60,3,265348.0,3172.0,3172.0,265348.0,0.0,0.0,0.0,0.0,1.0,0,0.0,0.0,1n-1m-20th-Ac-sp-mz,sequana_cpu_dev,1,11420391.0,1,20,A,sp-mz,4,4,400,128,128,16,117.08,47.13,164.21,58.54,23.56,82.11,82.11,2.0, sdumont6165,492.63
0.0,200,10,265348.0,3100.0,3100.0,265348.0,0.0,0.0,0.0,0.0,1.0,0,0.0,0.0,1n-1m-20th-Bc-sp-mz,sequana_cpu_dev,1,11420400.0,1,20,B,sp-mz,8,8,400,304,208,17,921.81,306.53,1228.34,115.23,38.32,153.54,153.54,8.0, sdumont6165,12283.4
587.0,680,34,2319636.0,926564.0,926564.0,2319636.0,1228.8,4208.64,1228.8,4208.64,1.0,0,39.0,39.0,1n-1m-20th-Cc-sp-mz,sequana_cpu_dev,1,11420401.0,1,20,C,sp-mz,16,16,400,480,320,28,4035.29,1277.35,5312.64,126.1,39.92,166.02,166.02,32.0, sdumont6165,180629.76
0.0,88,4,265348.0,1036.0,1036.0,265348.0,0.0,0.0,0.0,0.0,1.0,0,0.0,0.0,1n-1m-22th-Ac-sp-mz,sequana_cpu_dev,1,11420402.0,1,22,A,sp-mz,4,4,400,128,128,16,262.32,93.36,355.68,131.16,46.68,177.84,177.84,2.0, sdumont6165,1422.72
0.0,286,13,265348.0,3128.0,3128.0,265348.0,0.0,0.0,0.0,0.0,1.0,0,0.0,0.0,1n-1m-22th-Bc-sp-mz,sequana_cpu_dev,1,11420404.0,1,22,B,sp-mz,8,8,400,304,208,17,1166.8,415.36,1582.16,106.07,37.76,143.83,143.83,11.0, sdumont6228,20568.08
645.0,770,35,2106600.0,926512.0,926512.0,2106600.0,1228.8,4208.64,1228.8,4208.64,1.0,0,30.0,30.0,1n-1m-22th-Cc-sp-mz,sequana_cpu_dev,1,11420408.0,1,22,C,sp-mz,16,16,400,480,320,28,4343.67,1368.21,5711.88,131.63,41.46,173.09,173.09,33.0, sdumont6165,199915.80000000002
0.0,96,4,265348.0,1036.0,1036.0,265348.0,0.0,0.0,0.0,0.0,1.0,0,0.0,0.0,1n-1m-24th-Ac-sp-mz,sequana_cpu_dev,1,11420410.0,1,24,A,sp-mz,4,4,400,128,128,16,120.58,46.92,167.5,60.29,23.46,83.75,83.75,2.0, sdumont6165,670.0
0.0,240,10,265348.0,3144.0,3144.0,265348.0,0.0,0.0,0.0,0.0,1.0,0,0.0,0.0,1n-1m-24th-Bc-sp-mz,sequana_cpu_dev,1,11420411.0,1,24,B,sp-mz,8,8,400,304,208,17,968.22,307.67,1275.89,121.03,38.46,159.49,159.49,8.0, sdumont6165,12758.900000000001
703.0,768,32,2110612.0,924200.0,924200.0,2110612.0,1228.8,4208.64,1228.8,4208.64,1.0,0,41.0,41.0,1n-1m-24th-Cc-sp-mz,sequana_cpu_dev,1,11420416.0,1,24,C,sp-mz,16,16,400,480,320,28,4109.85,1249.48,5359.34,137.0,41.65,178.64,178.64,30.0, sdumont6165,171498.88
0.0,104,4,265348.0,3084.0,3084.0,265348.0,0.0,0.0,0.0,0.0,1.0,0,0.0,0.0,1n-1m-26th-Ac-sp-mz,sequana_cpu_dev,1,11420419.0,1,26,A,sp-mz,4,4,400,128,128,16,266.65,130.77,397.42,133.33,65.39,198.71,198.71,2.0, sdumont6165,1589.68
0.0,312,12,265348.0,3096.0,3096.0,265348.0,0.0,0.0,0.0,0.0,0.0,0,0.0,0.0,1n-1m-26th-Bc-sp-mz,sequana_cpu_dev,1,11420423.0,1,26,B,sp-mz,8,8,400,304,208,17,1186.11,592.51,1778.61,118.61,59.25,177.86,177.86,10.0, sdumont6165,21343.32
761.0,1196,46,2109160.0,925000.0,925000.0,2109160.0,1239.04,4208.64,1239.04,4208.64,0.0,0,58.0,58.0,1n-1m-26th-Cc-sp-mz,sequana_cpu_dev,1,11420449.0,1,26,C,sp-mz,16,16,400,480,320,28,5425.9,2789.87,8215.78,120.58,62.0,182.57,182.57,45.0, sdumont6165,377925.88
0.0,112,4,265348.0,3156.0,3156.0,265348.0,0.0,0.0,0.0,0.0,1.0,0,0.0,0.0,1n-1m-28th-Ac-sp-mz,sequana_cpu_dev,1,11420450.0,1,28,A,sp-mz,4,4,400,128,128,16,261.69,151.99,413.69,87.23,50.66,137.9,137.9,3.0, sdumont6165,1654.76
0.0,364,13,265348.0,3216.0,3216.0,265348.0,0.0,0.0,0.0,0.0,1.0,0,0.0,0.0,1n-1m-28th-Bc-sp-mz,sequana_cpu_dev,1,11420452.0,1,28,B,sp-mz,8,8,400,304,208,17,1317.94,767.69,2085.64,109.83,63.97,173.8,173.8,12.0, sdumont6165,27113.32
820.0,1232,44,2118836.0,924592.0,924592.0,2118836.0,1218.56,4218.88,1218.56,4218.88,1.0,0,47.0,47.0,1n-1m-28th-Cc-sp-mz,sequana_cpu_dev,1,11420456.0,1,28,C,sp-mz,16,16,400,480,320,28,5180.82,3043.11,8223.93,120.48,70.77,191.25,191.25,43.0, sdumont6165,361852.92000000004
0.0,120,4,265348.0,3128.0,3128.0,265348.0,0.0,0.0,0.0,0.0,1.0,0,0.0,0.0,1n-1m-30th-Ac-sp-mz,sequana_cpu_dev,1,11420459.0,1,30,A,sp-mz,4,4,400,128,128,16,259.88,167.96,427.84,86.63,55.99,142.61,142.61,3.0, sdumont6165,1711.36
0.0,360,12,265348.0,3220.0,3220.0,265348.0,0.0,0.0,0.0,0.0,1.0,0,0.0,0.0,1n-1m-30th-Bc-sp-mz,sequana_cpu_dev,1,11420461.0,1,30,B,sp-mz,8,8,400,304,208,17,1163.84,781.46,1945.3,105.8,71.04,176.85,176.85,11.0, sdumont6165,23343.6
878.0,1380,46,2117380.0,925892.0,925892.0,2117380.0,1239.04,4218.88,1239.04,4218.88,1.0,0,47.0,47.0,1n-1m-30th-Cc-sp-mz,sequana_cpu_dev,1,11420466.0,1,30,C,sp-mz,16,16,400,480,320,28,5224.02,3493.19,8717.22,116.09,77.63,193.72,193.72,45.0, sdumont6165,400992.12
0.0,128,4,265348.0,3052.0,3052.0,265348.0,0.0,0.0,0.0,0.0,1.0,0,0.0,0.0,1n-1m-32th-Ac-sp-mz,sequana_cpu_dev,1,11420468.0,1,32,A,sp-mz,4,4,400,128,128,16,260.89,190.54,451.43,86.96,63.51,150.48,150.48,3.0, sdumont6165,1805.72
0.0,416,13,265348.0,3076.0,3076.0,265348.0,0.0,0.0,0.0,0.0,1.0,0,0.0,0.0,1n-1m-32th-Bc-sp-mz,sequana_cpu_dev,1,11420470.0,1,32,B,sp-mz,8,8,400,304,208,17,1294.91,965.53,2260.44,107.91,80.46,188.37,188.37,12.0, sdumont6165,29385.72
935.0,1504,47,1904384.0,924960.0,924960.0,1904384.0,1218.56,4218.88,1218.56,4218.88,0.0,0,152.0,152.0,1n-1m-32th-Cc-sp-mz,sequana_cpu_dev,1,11420471.0,1,32,C,sp-mz,16,16,400,480,320,28,5325.89,4028.17,9354.06,115.78,87.57,203.35,203.35,46.0, sdumont6165,439640.81999999995
0.0,136,4,265348.0,3240.0,3240.0,265348.0,0.0,0.0,0.0,0.0,1.0,0,0.0,0.0,1n-1m-34th-Ac-sp-mz,sequana_cpu_dev,1,11420473.0,1,34,A,sp-mz,4,4,400,128,128,16,259.69,208.76,468.45,86.56,69.59,156.15,156.15,3.0, sdumont6165,1873.8
0.0,442,13,265348.0,3176.0,3176.0,265348.0,0.0,0.0,0.0,0.0,1.0,0,0.0,0.0,1n-1m-34th-Bc-sp-mz,sequana_cpu_dev,1,11420474.0,1,34,B,sp-mz,8,8,400,304,208,17,1288.15,1060.8,2348.96,107.35,88.4,195.75,195.75,12.0, sdumont6165,30536.48
993.0,1632,48,2125608.0,925112.0,925112.0,2125608.0,1218.56,4218.88,1218.56,4218.88,1.0,0,77.0,77.0,1n-1m-34th-Cc-sp-mz,sequana_cpu_dev,1,11420478.0,1,34,C,sp-mz,16,16,400,480,320,28,5428.21,4514.97,9943.18,115.49,96.06,211.56,211.56,47.0, sdumont6165,477272.64
0.0,144,4,265348.0,3140.0,3140.0,265348.0,0.0,0.0,0.0,0.0,1.0,0,0.0,0.0,1n-1m-36th-Ac-sp-mz,sequana_cpu_dev,1,11420482.0,1,36,A,sp-mz,4,4,400,128,128,16,251.89,213.81,465.69,83.96,71.27,155.23,155.23,3.0, sdumont6165,1862.76
0.0,432,12,265348.0,1032.0,1032.0,265348.0,0.0,0.0,0.0,0.0,1.0,0,0.0,0.0,1n-1m-36th-Bc-sp-mz,sequana_cpu_dev,1,11420484.0,1,36,B,sp-mz,8,8,400,304,208,17,1139.73,994.3,2134.04,103.61,90.39,194.0,194.0,11.0, sdumont6165,25608.48
1051.0,1620,45,2135680.0,927176.0,927176.0,2135680.0,1228.8,4218.88,1228.8,4218.88,1.0,0,51.0,51.0,1n-1m-36th-Cc-sp-mz,sequana_cpu_dev,1,11420487.0,1,36,C,sp-mz,16,16,400,480,320,28,5115.38,4525.42,9640.8,116.26,102.85,219.11,219.11,44.0, sdumont6165,433835.99999999994
0.0,152,4,265348.0,3164.0,3164.0,265348.0,0.0,0.0,0.0,0.0,1.0,0,0.0,0.0,1n-1m-38th-Ac-sp-mz,sequana_cpu_dev,1,11420489.0,1,38,A,sp-mz,4,4,400,128,128,16,249.41,226.13,475.54,83.14,75.38,158.51,158.51,3.0, sdumont6165,1902.16
0.0,570,15,265348.0,3048.0,3048.0,265348.0,0.0,0.0,0.0,0.0,1.0,0,0.0,0.0,1n-1m-38th-Bc-sp-mz,sequana_cpu_dev,1,11420491.0,1,38,B,sp-mz,8,8,400,304,208,17,1310.16,1169.71,2479.87,93.58,83.55,177.13,177.13,14.0, sdumont6166,37198.049999999996
1107.0,1824,48,2133832.0,925616.0,925616.0,2133832.0,1228.8,4218.88,1228.8,4218.88,1.0,0,178.0,178.0,1n-1m-38th-Cc-sp-mz,sequana_cpu_dev,1,11420499.0,1,38,C,sp-mz,16,16,400,480,320,28,5317.51,4767.83,10085.34,115.6,103.65,219.25,219.25,46.0, sdumont6166,484096.32
0.0,200,5,265348.0,3140.0,3140.0,265348.0,0.0,0.0,0.0,0.0,1.0,0,0.0,0.0,1n-1m-40th-Ac-sp-mz,sequana_cpu_dev,1,11420501.0,1,40,A,sp-mz,4,4,400,128,128,16,253.73,231.97,485.7,84.58,77.32,161.9,161.9,3.0, sdumont6166,2428.5
0.0,480,12,265348.0,3176.0,3176.0,265348.0,0.0,0.0,0.0,0.0,1.0,0,0.0,0.0,1n-1m-40th-Bc-sp-mz,sequana_cpu_dev,1,11420504.0,1,40,B,sp-mz,8,8,400,304,208,17,1147.48,1054.93,2202.42,104.32,95.9,200.22,200.22,11.0, sdumont6166,26429.04
1165.0,1920,48,2137936.0,925260.0,925260.0,2137936.0,1228.8,4218.88,1228.8,4218.88,0.0,0,47.0,47.0,1n-1m-40th-Cc-sp-mz,sequana_cpu_dev,1,11420506.0,1,40,C,sp-mz,16,16,400,480,320,28,5403.54,5024.58,10428.12,117.47,109.23,226.7,226.7,46.0, sdumont6166,500549.76
0.0,168,4,265348.0,3152.0,3152.0,265348.0,0.0,0.0,0.0,0.0,1.0,0,0.0,0.0,1n-1m-42th-Ac-sp-mz,sequana_cpu_dev,1,11420512.0,1,42,A,sp-mz,4,4,400,128,128,16,263.76,248.78,512.54,131.88,124.39,256.27,256.27,2.0, sdumont6166,2050.16
0.0,504,12,265348.0,3120.0,3120.0,265348.0,0.0,0.0,0.0,0.0,1.0,0,0.0,0.0,1n-1m-42th-Bc-sp-mz,sequana_cpu_dev,1,11420517.0,1,42,B,sp-mz,8,8,400,304,208,17,1160.9,1083.03,2243.93,116.09,108.3,224.39,224.39,10.0, sdumont6166,26927.159999999996
1225.0,1764,42,2142048.0,925684.0,925684.0,2142048.0,1218.56,4218.88,1218.56,4218.88,1.0,0,56.0,56.0,1n-1m-42th-Cc-sp-mz,sequana_cpu_dev,1,11420521.0,1,42,C,sp-mz,16,16,400,480,320,28,4703.05,4612.32,9315.37,114.71,112.5,227.2,227.2,41.0, sdumont6165,391245.54000000004
0.0,176,4,265348.0,3228.0,3228.0,265348.0,0.0,0.0,0.0,0.0,1.0,0,0.0,0.0,1n-1m-44th-Ac-sp-mz,sequana_cpu_dev,1,11420531.0,1,44,A,sp-mz,4,4,400,128,128,16,251.47,250.81,502.29,83.82,83.6,167.43,167.43,3.0, sdumont6165,2009.16
0.0,528,12,265348.0,3212.0,3212.0,265348.0,0.0,0.0,0.0,0.0,1.0,0,0.0,0.0,1n-1m-44th-Bc-sp-mz,sequana_cpu_dev,1,11420537.0,1,44,B,sp-mz,8,8,400,304,208,17,1133.01,1125.96,2258.97,103.0,102.36,205.36,205.36,11.0, sdumont6165,27107.64
1231.0,1936,44,2151728.0,924924.0,924924.0,2151728.0,1228.8,4218.88,1228.8,4218.88,1.0,0,536.0,536.0,1n-1m-44th-Cc-sp-mz,sequana_cpu_dev,1,11420542.0,1,44,C,sp-mz,16,16,400,480,320,28,4774.26,4999.15,9773.41,111.03,116.26,227.29,227.29,43.0, sdumont6168,430030.04
0.0,230,5,265348.0,1032.0,1032.0,265348.0,0.0,0.0,0.0,0.0,1.0,0,0.0,0.0,1n-1m-46th-Ac-sp-mz,sequana_cpu_dev,1,11420545.0,1,46,A,sp-mz,4,4,400,128,128,16,269.74,253.58,523.31,89.91,84.53,174.44,174.44,3.0, sdumont6167,2616.5499999999997
0.0,598,13,265348.0,3140.0,3140.0,265348.0,0.0,0.0,0.0,0.0,1.0,0,0.0,0.0,1n-1m-46th-Bc-sp-mz,sequana_cpu_dev,1,11420548.0,1,46,B,sp-mz,8,8,400,304,208,17,1227.4,1293.06,2520.47,111.58,117.55,229.13,229.13,11.0, sdumont6168,32766.109999999997
1337.0,2116,46,2150284.0,925460.0,925460.0,2150284.0,1228.8,4218.88,1228.8,4218.88,1.0,0,50.0,50.0,1n-1m-46th-Cc-sp-mz,sequana_cpu_dev,1,11420551.0,1,46,C,sp-mz,16,16,400,480,320,28,5000.53,5252.33,10252.86,113.65,119.37,233.02,233.02,44.0, sdumont6168,471631.56000000006
0.0,240,5,265348.0,1040.0,1040.0,265348.0,0.0,0.0,0.0,0.0,1.0,0,0.0,0.0,1n-1m-48th-Ac-sp-mz,sequana_cpu_dev,1,11420554.0,1,48,A,sp-mz,4,4,400,128,128,16,247.08,250.81,497.89,82.36,83.6,165.96,165.96,3.0, sdumont6166,2489.45
0.0,672,14,265348.0,3056.0,3056.0,265348.0,0.0,0.0,0.0,0.0,4.0,0,0.0,0.0,1n-1m-48th-Bc-sp-mz,sequana_cpu_dev,1,11420561.0,1,48,B,sp-mz,8,8,400,304,208,17,1575.59,1505.49,3081.07,131.3,125.46,256.76,256.76,12.0, sdumont6167,43134.98
1396.0,2496,52,2377208.0,927300.0,927300.0,2377208.0,1228.8,4218.88,1228.8,4218.88,1.0,0,236.0,236.0,1n-1m-48th-Cc-sp-mz,sequana_cpu_dev,1,11420567.0,1,48,C,sp-mz,16,16,400,480,320,28,5924.6,6021.81,11946.41,118.49,120.44,238.93,238.93,50.0, sdumont6166,621213.32
4.0,24,6,772834.0,133068.0,68112.0,1280320.0,512.0,2109.44,1024.0,4218.88,1.0,0,0.0,1.0,1n-2m-2th-Ac-sp-mz,sequana_cpu_dev,1,11420569.0,2,2,A,sp-mz,4,4,400,128,128,16,278.48,290.77,569.25,55.7,58.15,113.85,113.85,5.0, sdumont6166,3415.5
0.0,84,21,575242.0,6668.0,4884.0,885136.0,604.16,2109.44,1218.56,4218.88,1.0,0,0.0,0.0,1n-2m-2th-Bc-sp-mz,sequana_cpu_dev,1,11420573.0,2,2,B,sp-mz,8,8,400,304,208,17,1155.97,1244.13,2400.11,57.8,62.21,120.01,120.01,20.0, sdumont6165,50402.310000000005
139.0,328,82,1359452.0,532052.0,530186.0,1687800.0,1433.6,4218.88,2007.04,4229.12,1.0,0,0.0,0.0,1n-2m-2th-Cc-sp-mz,sequana_cpu_dev,1,11420579.0,2,2,C,sp-mz,16,16,400,480,320,28,4807.1,5010.22,9817.32,59.35,61.85,121.2,121.2,81.0, sdumont6166,805020.24
5.0,32,4,448648.0,129576.0,66378.0,631948.0,460.8,2109.44,921.6,4208.64,1.0,0,1.0,3.0,1n-2m-4th-Ac-sp-mz,sequana_cpu_dev,1,11420581.0,2,4,A,sp-mz,4,4,400,128,128,16,159.54,167.19,326.74,53.18,55.73,108.91,108.91,3.0, sdumont6166,1306.96
21.0,104,13,448576.0,129560.0,66334.0,631804.0,471.04,2109.44,942.08,4208.64,0.0,0,10.0,20.0,1n-2m-4th-Bc-sp-mz,sequana_cpu_dev,1,11420583.0,2,4,B,sp-mz,8,8,400,304,208,17,792.56,821.12,1613.67,72.05,74.65,146.7,146.7,11.0, sdumont6166,20977.71
147.0,368,46,1363560.0,531940.0,530092.0,1691900.0,1198.08,4218.88,1546.24,4218.88,1.0,0,2.0,3.0,1n-2m-4th-Cc-sp-mz,sequana_cpu_dev,1,11420585.0,2,4,C,sp-mz,16,16,400,480,320,28,3255.38,3362.0,6617.39,72.34,74.71,147.05,147.05,45.0, sdumont6166,304399.94
5.0,48,4,776952.0,133528.0,68364.0,1288556.0,491.52,2109.44,983.04,4218.88,1.0,0,1.0,2.0,1n-2m-6th-Ac-sp-mz,sequana_cpu_dev,1,11420588.0,2,6,A,sp-mz,4,4,400,128,128,16,175.14,177.97,353.11,58.38,59.32,117.7,117.7,3.0, sdumont6166,1412.44
23.0,120,10,776886.0,133056.0,68072.0,1288424.0,532.48,2109.44,1064.96,4218.88,74.0,0,10.0,20.0,1n-2m-6th-Bc-sp-mz,sequana_cpu_dev,1,11420594.0,2,6,B,sp-mz,8,8,400,304,208,17,651.35,630.71,1282.06,72.37,70.08,142.45,142.45,9.0, sdumont6169,12820.599999999999
180.0,396,33,1367688.0,531780.0,530062.0,1696032.0,1095.68,4218.88,1249.28,4218.88,0.0,0,10.0,19.0,1n-2m-6th-Cc-sp-mz,sequana_cpu_dev,1,11420599.0,2,6,C,sp-mz,16,16,400,480,320,28,2828.61,2742.8,5571.41,88.39,85.71,174.11,174.11,32.0, sdumont6169,183856.53
5.0,48,3,452766.0,129604.0,66358.0,640184.0,471.04,2109.44,942.08,4218.88,1.0,0,2.0,4.0,1n-2m-8th-Ac-sp-mz,sequana_cpu_dev,1,11420604.0,2,8,A,sp-mz,4,4,400,128,128,16,92.74,99.27,192.01,46.37,49.63,96.01,96.01,2.0, sdumont6166,576.03
24.0,128,8,778940.0,133092.0,68110.0,1292532.0,522.24,2109.44,1044.48,4218.88,2.0,0,1.0,3.0,1n-2m-8th-Bc-sp-mz,sequana_cpu_dev,1,11420609.0,2,8,B,sp-mz,8,8,400,304,208,17,618.9,605.28,1224.18,88.41,86.47,174.88,174.88,7.0, sdumont6169,9793.44
98.0,416,26,463904.0,6404.0,4822.0,662460.0,645.12,2109.44,1290.24,4218.88,4.0,0,3.0,6.0,1n-2m-8th-Cc-sp-mz,sequana_cpu_dev,1,11420612.0,2,8,C,sp-mz,16,16,400,480,320,28,2601.4,2544.61,5146.01,104.06,101.78,205.84,205.84,25.0, sdumont6169,133796.26
6.0,60,3,454826.0,129860.0,66508.0,644304.0,471.04,2109.44,942.08,4218.88,5.0,0,5.0,11.0,1n-2m-10th-Ac-sp-mz,sequana_cpu_dev,1,11420618.0,2,10,A,sp-mz,4,4,400,128,128,16,102.84,105.66,208.51,51.42,52.83,104.25,104.25,2.0, sdumont6169,625.53
0.0,140,7,359222.0,4584.0,3858.0,453096.0,512.0,2109.44,1034.24,4218.88,5.0,0,0.0,0.0,1n-2m-10th-Bc-sp-mz,sequana_cpu_dev,1,11420622.0,2,10,B,sp-mz,8,8,400,304,208,17,549.76,543.96,1093.72,91.63,90.66,182.29,182.29,6.0, sdumont6169,7656.04
0.0,460,23,359222.0,4528.0,3824.0,453096.0,624.64,2109.44,1249.28,4218.88,0.0,0,0.0,0.0,1n-2m-10th-Cc-sp-mz,sequana_cpu_dev,1,11420627.0,2,10,C,sp-mz,16,16,400,480,320,28,2402.64,2472.47,4875.11,109.21,112.39,221.6,221.6,22.0, sdumont6166,112127.53
0.0,168,7,359222.0,4492.0,3816.0,453096.0,522.24,2109.44,1044.48,4218.88,1.0,0,0.0,0.0,1n-2m-12th-Ac-sp-mz,sequana_cpu_dev,1,11420633.0,2,12,A,sp-mz,4,4,400,128,128,16,210.73,208.76,419.5,52.68,52.19,104.87,104.87,4.0, sdumont6167,2936.5
28.0,168,7,783054.0,133448.0,68278.0,1300760.0,512.0,2109.44,1024.0,4218.88,1.0,0,15.0,30.0,1n-2m-12th-Bc-sp-mz,sequana_cpu_dev,1,11420638.0,2,12,B,sp-mz,8,8,400,304,208,17,606.82,614.54,1221.37,121.36,122.91,244.27,244.27,5.0, sdumont6167,8549.59
0.0,480,20,359222.0,4520.0,3788.0,453096.0,604.16,2109.44,1208.32,4218.88,1.0,0,0.0,0.0,1n-2m-12th-Cc-sp-mz,sequana_cpu_dev,1,11420647.0,2,12,C,sp-mz,16,16,400,480,320,28,2190.12,2351.91,4542.03,115.27,123.78,239.05,239.05,19.0, sdumont6165,90840.59999999999
0.0,84,3,463904.0,6172.0,4650.0,662460.0,491.52,2109.44,972.8,4218.88,1.0,0,0.0,0.0,1n-2m-14th-Ac-sp-mz,sequana_cpu_dev,1,11420652.0,2,14,A,sp-mz,4,4,400,128,128,16,108.29,116.03,224.32,54.15,58.02,112.16,112.16,2.0, sdumont6166,672.96
30.0,168,6,458872.0,129680.0,66402.0,652396.0,471.04,2109.44,942.08,4218.88,1.0,0,9.0,18.0,1n-2m-14th-Bc-sp-mz,sequana_cpu_dev,1,11420655.0,2,14,B,sp-mz,8,8,400,304,208,17,570.37,584.92,1155.3,114.07,116.98,231.06,231.06,5.0, sdumont6166,6931.799999999999
124.0,532,19,458884.0,129848.0,66482.0,652420.0,471.04,2109.44,942.08,4218.88,1.0,0,18.0,36.0,1n-2m-14th-Cc-sp-mz,sequana_cpu_dev,1,11420660.0,2,14,C,sp-mz,16,16,400,480,320,28,2321.65,2270.89,4592.54,128.98,126.16,255.14,255.14,18.0, sdumont6167,87258.26
7.0,96,3,460984.0,129872.0,66526.0,656620.0,471.04,2109.44,942.08,4218.88,1.0,0,12.0,24.0,1n-2m-16th-Ac-sp-mz,sequana_cpu_dev,1,11420665.0,2,16,A,sp-mz,4,4,400,128,128,16,123.62,129.51,253.14,123.62,129.51,253.14,253.14,1.0, sdumont6167,759.42
33.0,224,7,787176.0,133212.0,68176.0,1309004.0,512.0,2109.44,1013.76,4218.88,1.0,0,16.0,32.0,1n-2m-16th-Bc-sp-mz,sequana_cpu_dev,1,11420669.0,2,16,B,sp-mz,8,8,400,304,208,17,622.25,622.02,1244.26,155.56,155.5,311.07,311.07,4.0, sdumont6167,8709.82
138.0,608,19,460942.0,129740.0,66426.0,656536.0,471.04,2109.44,952.32,4218.88,2.0,0,32.0,65.0,1n-2m-16th-Cc-sp-mz,sequana_cpu_dev,1,11420671.0,2,16,C,sp-mz,16,16,400,480,320,28,2185.83,2317.15,4502.98,121.43,128.73,250.17,250.17,18.0, sdumont6166,85556.62
8.0,108,3,463044.0,129876.0,66514.0,660740.0,471.04,2109.44,942.08,4218.88,1.0,0,11.0,23.0,1n-2m-18th-Ac-sp-mz,sequana_cpu_dev,1,11420676.0,2,18,A,sp-mz,4,4,400,128,128,16,114.6,123.15,237.74,57.3,61.57,118.87,118.87,2.0, sdumont6166,713.22
37.0,216,6,462978.0,129692.0,66434.0,660608.0,471.04,2109.44,942.08,4218.88,1.0,0,16.0,33.0,1n-2m-18th-Bc-sp-mz,sequana_cpu_dev,1,11420683.0,2,18,B,sp-mz,8,8,400,304,208,17,479.47,471.65,951.11,119.87,117.91,237.78,237.78,4.0, sdumont6167,5706.66
145.0,648,18,789242.0,135480.0,69300.0,1313136.0,583.68,2109.44,1167.36,4218.88,1.0,0,20.0,41.0,1n-2m-18th-Cc-sp-mz,sequana_cpu_dev,1,11420689.0,2,18,C,sp-mz,16,16,400,480,320,28,2144.44,2140.79,4285.23,126.14,125.93,252.07,252.07,17.0, sdumont6169,77134.13999999998
9.0,120,3,465120.0,132160.0,67670.0,664892.0,471.04,2109.44,942.08,4218.88,1.0,0,11.0,22.0,1n-2m-20th-Ac-sp-mz,sequana_cpu_dev,1,11420723.0,2,20,A,sp-mz,4,4,400,128,128,16,105.65,125.41,231.06,105.65,125.41,231.06,231.06,1.0, sdumont6168,693.1800000000001
39.0,360,9,791290.0,133532.0,68342.0,1317232.0,532.48,2109.44,1054.72,4218.88,1.0,0,195.0,390.0,1n-2m-20th-Bc-sp-mz,sequana_cpu_dev,1,11420728.0,2,20,B,sp-mz,8,8,400,304,208,17,622.84,653.24,1276.08,88.98,93.32,182.3,182.3,7.0, sdumont6082,11484.72
162.0,760,19,791298.0,133360.0,68236.0,1317248.0,593.92,2109.44,1177.6,4218.88,1.0,0,42.0,85.0,1n-2m-20th-Cc-sp-mz,sequana_cpu_dev,1,11420733.0,2,20,C,sp-mz,16,16,400,480,320,28,2048.66,2287.09,4335.75,120.51,134.53,255.04,255.04,17.0, sdumont6168,82379.25
10.0,132,3,467164.0,130028.0,66566.0,668980.0,471.04,2109.44,942.08,4218.88,0.0,0,34.0,68.0,1n-2m-22th-Ac-sp-mz,sequana_cpu_dev,1,11420739.0,2,22,A,sp-mz,4,4,400,128,128,16,109.05,120.21,229.26,109.05,120.21,229.26,229.26,1.0, sdumont6165,687.78
43.0,264,6,467114.0,129944.0,66532.0,668880.0,471.04,2109.44,952.32,4218.88,1.0,0,22.0,44.0,1n-2m-22th-Bc-sp-mz,sequana_cpu_dev,1,11420742.0,2,22,B,sp-mz,8,8,400,304,208,17,454.86,470.31,925.17,90.97,94.06,185.03,185.03,5.0, sdumont6166,5551.0199999999995
171.0,792,18,793366.0,134560.0,68812.0,1321384.0,583.68,2109.44,1167.36,4218.88,1.0,0,19.0,38.0,1n-2m-22th-Cc-sp-mz,sequana_cpu_dev,1,11420747.0,2,22,C,sp-mz,16,16,400,480,320,28,2117.14,2155.32,4272.46,124.54,126.78,251.32,251.32,17.0, sdumont6166,76904.28
11.0,144,3,795474.0,133876.0,68494.0,1325600.0,491.52,2109.44,983.04,4218.88,1.0,0,21.0,43.0,1n-2m-24th-Ac-sp-mz,sequana_cpu_dev,1,11420752.0,2,24,A,sp-mz,4,4,400,128,128,16,120.31,127.01,247.32,60.15,63.51,123.66,123.66,2.0, sdumont6166,741.96
128.0,768,16,736008.0,22992.0,13040.0,1206668.0,573.44,2109.44,1136.64,4218.88,1.0,0,217.0,435.0,1n-2m-24th-Bc-sp-mz,sequana_cpu_dev,1,11420754.0,2,24,B,sp-mz,8,8,400,304,208,17,584.36,536.18,1120.54,44.95,41.24,86.2,86.2,13.0, sdumont6185,17928.64
190.0,864,18,469182.0,130008.0,66588.0,673016.0,471.04,2109.44,952.32,4218.88,1.0,0,28.0,57.0,1n-2m-24th-Cc-sp-mz,sequana_cpu_dev,1,11420757.0,2,24,C,sp-mz,16,16,400,480,320,28,2157.45,2253.04,4410.49,126.91,132.53,259.44,259.44,17.0, sdumont6165,79388.81999999999
0.0,24,6,265348.0,3084.0,3068.0,265348.0,0.0,0.0,0.0,0.0,1.0,0,0.0,0.0,2n-1m-2th-Ac-sp-mz,sequana_cpu_dev,2,11420760.0,1,2,A,sp-mz,4,4,400,128,128,16,598.79,399.14,997.92,119.76,79.83,199.58,99.79,5.0, sdumont6166,5987.5199999999995
0.0,84,21,265348.0,3072.0,3066.0,265348.0,0.0,0.0,0.0,0.0,1.0,0,0.0,0.0,2n-1m-2th-Bc-sp-mz,sequana_cpu_dev,2,11420762.0,1,2,B,sp-mz,8,8,400,304,208,17,2517.95,1601.13,4119.08,125.9,80.06,205.95,102.98,20.0, sdumont6166,86500.68
118.0,332,83,1572388.0,541332.0,536480.0,1672580.0,1638.4,4208.64,1638.4,4208.64,1.0,0,16.0,33.0,2n-1m-2th-Cc-sp-mz,sequana_cpu_dev,2,11420764.0,1,2,C,sp-mz,16,16,400,480,320,28,10504.08,6680.38,17184.46,128.1,81.47,209.57,104.78,82.0, sdumont6166,1426310.18
0.0,32,4,265348.0,3116.0,3106.0,265348.0,0.0,0.0,0.0,0.0,4.0,0,0.0,0.0,2n-1m-4th-Ac-sp-mz,sequana_cpu_dev,2,11420768.0,1,4,A,sp-mz,4,4,400,128,128,16,316.07,189.04,505.11,105.36,63.01,168.37,84.18,3.0, sdumont6166,2020.44
0.0,104,13,265348.0,3160.0,3104.0,265348.0,0.0,0.0,0.0,0.0,1.0,0,0.0,0.0,2n-1m-4th-Bc-sp-mz,sequana_cpu_dev,2,11420772.0,1,4,B,sp-mz,8,8,400,304,208,17,1685.78,878.4,2564.18,140.48,73.2,213.68,106.84,12.0, sdumont6166,33334.34
117.0,368,46,1570928.0,541444.0,536592.0,1671120.0,1239.04,4208.64,1239.04,4208.64,0.0,0,0.0,1.0,2n-1m-4th-Cc-sp-mz,sequana_cpu_dev,2,11420774.0,1,4,C,sp-mz,16,16,400,480,320,28,6906.61,3586.99,10493.6,153.48,79.71,233.19,116.6,45.0, sdumont6167,482705.60000000003
0.0,36,3,265348.0,3096.0,3074.0,265348.0,0.0,0.0,0.0,0.0,1.0,0,0.0,0.0,2n-1m-6th-Ac-sp-mz,sequana_cpu_dev,2,11420777.0,1,6,A,sp-mz,4,4,400,128,128,16,274.52,147.56,422.09,137.26,73.78,211.04,105.52,2.0, sdumont6168,1266.27
0.0,120,10,265348.0,3148.0,3100.0,265348.0,0.0,0.0,0.0,0.0,1.0,0,0.0,0.0,2n-1m-6th-Bc-sp-mz,sequana_cpu_dev,2,11420779.0,1,6,B,sp-mz,8,8,400,304,208,17,1292.86,635.04,1927.9,143.65,70.56,214.21,107.11,9.0, sdumont6167,19279.0
176.0,396,33,1575040.0,542012.0,536578.0,1687524.0,1239.04,4208.64,1239.04,4208.64,0.0,0,1.0,2.0,2n-1m-6th-Cc-sp-mz,sequana_cpu_dev,2,11420782.0,1,6,C,sp-mz,16,16,400,480,320,28,5321.35,2437.91,7759.26,166.29,76.18,242.48,121.24,32.0, sdumont6165,256055.58000000002
0.0,48,3,265348.0,1040.0,1038.0,265348.0,0.0,0.0,0.0,0.0,0.0,0,0.0,0.0,2n-1m-8th-Ac-sp-mz,sequana_cpu_dev,2,11420785.0,1,8,A,sp-mz,4,4,400,128,128,16,191.3,93.23,284.53,95.65,46.61,142.26,71.13,2.0, sdumont6166,853.5899999999999
0.0,128,8,265348.0,3164.0,2100.0,265348.0,0.0,0.0,0.0,0.0,1.0,0,0.0,0.0,2n-1m-8th-Bc-sp-mz,sequana_cpu_dev,2,11420788.0,1,8,B,sp-mz,8,8,400,304,208,17,1181.32,493.59,1674.91,168.76,70.51,239.27,119.64,7.0, sdumont6165,13399.28
0.0,416,26,265348.0,3160.0,2100.0,265348.0,0.0,0.0,0.0,0.0,1.0,0,0.0,0.0,2n-1m-8th-Cc-sp-mz,sequana_cpu_dev,2,11420791.0,1,8,C,sp-mz,16,16,400,480,320,28,5286.68,2026.44,7313.12,211.47,81.06,292.52,146.26,25.0, sdumont6166,190141.12
0.0,60,3,265348.0,1036.0,1034.0,265348.0,0.0,0.0,0.0,0.0,1.0,0,0.0,0.0,2n-1m-10th-Ac-sp-mz,sequana_cpu_dev,2,11420793.0,1,10,A,sp-mz,4,4,400,128,128,16,212.78,91.99,304.77,106.39,45.99,152.38,76.19,2.0, sdumont6167,914.31
0.0,120,6,265348.0,3180.0,3148.0,265348.0,0.0,0.0,0.0,0.0,1.0,0,0.0,0.0,2n-1m-10th-Bc-sp-mz,sequana_cpu_dev,2,11420796.0,1,10,B,sp-mz,8,8,400,304,208,17,1079.4,422.93,1502.34,215.88,84.59,300.47,150.23,5.0, sdumont6167,9014.039999999999
0.0,440,22,265348.0,1040.0,1036.0,265348.0,0.0,0.0,0.0,0.0,1.0,0,0.0,0.0,2n-1m-10th-Cc-sp-mz,sequana_cpu_dev,2,11420798.0,1,10,C,sp-mz,16,16,400,480,320,28,5075.78,1735.21,6810.98,241.7,82.63,324.33,162.17,21.0, sdumont6166,149841.56
0.0,72,3,265348.0,1036.0,1036.0,265348.0,0.0,0.0,0.0,0.0,1.0,0,0.0,0.0,2n-1m-12th-Ac-sp-mz,sequana_cpu_dev,2,11420825.0,1,12,A,sp-mz,4,4,400,128,128,16,219.82,91.37,311.19,109.91,45.69,155.6,77.8,2.0, sdumont6166,933.5699999999999
0.0,144,6,265348.0,3088.0,2062.0,265348.0,0.0,0.0,0.0,0.0,1.0,0,0.0,0.0,2n-1m-12th-Bc-sp-mz,sequana_cpu_dev,2,11420827.0,1,12,B,sp-mz,8,8,400,304,208,17,1157.3,396.78,1554.09,231.46,79.36,310.82,155.41,5.0, sdumont6167,9324.539999999999
0.0,480,20,265348.0,1036.0,1034.0,265348.0,0.0,0.0,0.0,0.0,0.0,0,0.0,0.0,2n-1m-12th-Cc-sp-mz,sequana_cpu_dev,2,11420829.0,1,12,C,sp-mz,16,16,400,480,320,28,4339.88,1462.73,5802.6,228.41,76.99,305.4,152.7,19.0, sdumont6165,116052.0
0.0,84,3,265348.0,3140.0,3136.0,265348.0,0.0,0.0,0.0,0.0,0.0,0,0.0,0.0,2n-1m-14th-Ac-sp-mz,sequana_cpu_dev,2,11420833.0,1,14,A,sp-mz,4,4,400,128,128,16,208.9,87.89,296.79,104.45,43.95,148.4,74.2,2.0, sdumont6166,890.3700000000001
0.0,168,6,265348.0,3068.0,3060.0,265348.0,0.0,0.0,0.0,0.0,1.0,0,0.0,0.0,2n-1m-14th-Bc-sp-mz,sequana_cpu_dev,2,11420836.0,1,14,B,sp-mz,8,8,400,304,208,17,1128.87,373.12,1501.99,225.77,74.62,300.4,150.2,5.0, sdumont6165,9011.94
0.0,532,19,265348.0,1036.0,1036.0,265348.0,0.0,0.0,0.0,0.0,1.0,0,0.0,0.0,2n-1m-14th-Cc-sp-mz,sequana_cpu_dev,2,11420839.0,1,14,C,sp-mz,16,16,400,480,320,28,4258.47,1365.83,5624.3,236.58,75.88,312.46,156.23,18.0, sdumont6165,106861.7
0.0,96,3,265348.0,3164.0,3110.0,265348.0,0.0,0.0,0.0,0.0,1.0,0,0.0,0.0,2n-1m-16th-Ac-sp-mz,sequana_cpu_dev,2,11420842.0,1,16,A,sp-mz,4,4,400,128,128,16,221.51,103.93,325.44,110.75,51.97,162.72,81.36,2.0, sdumont6165,976.3199999999999
0.0,192,6,265348.0,1040.0,1038.0,265348.0,0.0,0.0,0.0,0.0,1.0,0,0.0,0.0,2n-1m-16th-Bc-sp-mz,sequana_cpu_dev,2,11420846.0,1,16,B,sp-mz,8,8,400,304,208,17,844.31,285.24,1129.55,168.86,57.05,225.91,112.95,5.0, sdumont6165,6777.299999999999
0.0,608,19,265348.0,3120.0,2076.0,265348.0,0.0,0.0,0.0,0.0,0.0,0,0.0,0.0,2n-1m-16th-Cc-sp-mz,sequana_cpu_dev,2,11420849.0,1,16,C,sp-mz,16,16,400,480,320,28,4541.53,1407.46,5948.99,252.31,78.19,330.5,165.25,18.0, sdumont6166,113030.81
0.0,108,3,265348.0,3180.0,2110.0,265348.0,0.0,0.0,0.0,0.0,0.0,0,0.0,0.0,2n-1m-18th-Ac-sp-mz,sequana_cpu_dev,2,11420852.0,1,18,A,sp-mz,4,4,400,128,128,16,223.11,87.02,310.13,111.55,43.51,155.07,77.53,2.0, sdumont6166,930.39
0.0,216,6,265348.0,3112.0,2074.0,265348.0,0.0,0.0,0.0,0.0,1.0,0,0.0,0.0,2n-1m-18th-Bc-sp-mz,sequana_cpu_dev,2,11420855.0,1,18,B,sp-mz,8,8,400,304,208,17,877.92,291.82,1169.73,175.58,58.36,233.95,116.97,5.0, sdumont6166,7018.38
0.0,648,18,265348.0,1032.0,1032.0,265348.0,0.0,0.0,0.0,0.0,1.0,0,0.0,0.0,2n-1m-18th-Cc-sp-mz,sequana_cpu_dev,2,11420859.0,1,18,C,sp-mz,16,16,400,480,320,28,4377.39,1315.49,5692.88,257.49,77.38,334.88,167.44,17.0, sdumont6167,102471.84
0.0,120,3,265348.0,1036.0,1036.0,265348.0,0.0,0.0,0.0,0.0,1.0,0,0.0,0.0,2n-1m-20th-Ac-sp-mz,sequana_cpu_dev,2,11420864.0,1,20,A,sp-mz,4,4,400,128,128,16,233.51,93.85,327.36,116.75,46.93,163.68,81.84,2.0, sdumont6166,982.08
0.0,240,6,265348.0,3000.0,2020.0,265348.0,0.0,0.0,0.0,0.0,1.0,0,0.0,0.0,2n-1m-20th-Bc-sp-mz,sequana_cpu_dev,2,11420867.0,1,20,B,sp-mz,8,8,400,304,208,17,871.12,287.68,1158.81,174.22,57.54,231.76,115.88,5.0, sdumont6166,6952.86
0.0,720,18,265348.0,3032.0,2036.0,265348.0,0.0,0.0,0.0,0.0,1.0,0,0.0,0.0,2n-1m-20th-Cc-sp-mz,sequana_cpu_dev,2,11420870.0,1,20,C,sp-mz,16,16,400,480,320,28,4147.85,1279.26,5427.11,243.99,75.25,319.24,159.62,17.0, sdumont6165,97687.98
0.0,132,3,265348.0,3144.0,2092.0,265348.0,0.0,0.0,0.0,0.0,2.0,0,0.0,0.0,2n-1m-22th-Ac-sp-mz,sequana_cpu_dev,2,11420873.0,1,22,A,sp-mz,4,4,400,128,128,16,224.09,91.26,315.35,112.04,45.63,157.67,78.84,2.0, sdumont6165,946.0500000000001
0.0,264,6,265348.0,3108.0,2070.0,265348.0,0.0,0.0,0.0,0.0,1.0,0,0.0,0.0,2n-1m-22th-Bc-sp-mz,sequana_cpu_dev,2,11420876.0,1,22,B,sp-mz,8,8,400,304,208,17,875.6,287.33,1162.94,175.12,57.47,232.59,116.29,5.0, sdumont6165,6977.64
0.0,792,18,265348.0,3056.0,2046.0,265348.0,0.0,0.0,0.0,0.0,1.0,0,0.0,0.0,2n-1m-22th-Cc-sp-mz,sequana_cpu_dev,2,11420879.0,1,22,C,sp-mz,16,16,400,480,320,28,4173.93,1277.23,5451.16,245.53,75.13,320.66,160.33,17.0, sdumont6166,98120.88
0.0,144,3,265348.0,1040.0,1038.0,265348.0,0.0,0.0,0.0,0.0,1.0,0,0.0,0.0,2n-1m-24th-Ac-sp-mz,sequana_cpu_dev,2,11420882.0,1,24,A,sp-mz,4,4,400,128,128,16,235.08,90.77,325.86,117.54,45.39,162.93,81.46,2.0, sdumont6165,977.58
0.0,288,6,265348.0,3120.0,2080.0,265348.0,0.0,0.0,0.0,0.0,0.0,0,0.0,0.0,2n-1m-24th-Bc-sp-mz,sequana_cpu_dev,2,11420885.0,1,24,B,sp-mz,8,8,400,304,208,17,920.36,295.55,1215.91,184.07,59.11,243.18,121.59,5.0, sdumont6166,7295.460000000001
0.0,816,17,265348.0,1040.0,1040.0,265348.0,0.0,0.0,0.0,0.0,0.0,0,0.0,0.0,2n-1m-24th-Cc-sp-mz,sequana_cpu_dev,2,11420890.0,1,24,C,sp-mz,16,16,400,480,320,28,4038.56,1197.87,5236.44,252.41,74.87,327.28,163.64,16.0, sdumont6166,89019.48
0.0,156,3,265348.0,3300.0,3266.0,265348.0,0.0,0.0,0.0,0.0,1.0,0,0.0,0.0,2n-1m-26th-Ac-sp-mz,sequana_cpu_dev,2,11420893.0,1,26,A,sp-mz,4,4,400,128,128,16,228.95,120.29,349.24,114.48,60.15,174.62,87.31,2.0, sdumont6166,1047.72
0.0,364,7,265348.0,3236.0,3234.0,265348.0,0.0,0.0,0.0,0.0,1.0,0,0.0,0.0,2n-1m-26th-Bc-sp-mz,sequana_cpu_dev,2,11420896.0,1,26,B,sp-mz,8,8,400,304,208,17,1148.18,563.55,1711.73,191.36,93.92,285.29,142.64,6.0, sdumont6165,11982.11
0.0,1248,24,265348.0,3216.0,2126.0,265348.0,0.0,0.0,0.0,0.0,1.0,0,0.0,0.0,2n-1m-26th-Cc-sp-mz,sequana_cpu_dev,2,11420901.0,1,26,C,sp-mz,16,16,400,480,320,28,5343.97,2678.13,8022.1,232.35,116.44,348.79,174.39,23.0, sdumont6166,192530.40000000002
0.0,168,3,265348.0,3236.0,2134.0,265348.0,0.0,0.0,0.0,0.0,1.0,0,0.0,0.0,2n-1m-28th-Ac-sp-mz,sequana_cpu_dev,2,11420905.0,1,28,A,sp-mz,4,4,400,128,128,16,217.82,133.5,351.32,108.91,66.75,175.66,87.83,2.0, sdumont6165,1053.96
0.0,392,7,265348.0,3152.0,2092.0,265348.0,0.0,0.0,0.0,0.0,1.0,0,0.0,0.0,2n-1m-28th-Bc-sp-mz,sequana_cpu_dev,2,11420908.0,1,28,B,sp-mz,8,8,400,304,208,17,1136.88,649.14,1786.02,189.48,108.19,297.67,148.83,6.0, sdumont6166,12502.14
0.0,1512,27,265348.0,3124.0,3122.0,265348.0,0.0,0.0,0.0,0.0,1.0,0,0.0,0.0,2n-1m-28th-Cc-sp-mz,sequana_cpu_dev,2,11420911.0,1,28,C,sp-mz,16,16,400,480,320,28,5837.07,3368.41,9205.48,233.48,134.74,368.22,184.11,25.0, sdumont6167,248547.96
0.0,180,3,265348.0,3152.0,3126.0,265348.0,0.0,0.0,0.0,0.0,1.0,0,0.0,0.0,2n-1m-30th-Ac-sp-mz,sequana_cpu_dev,2,11420914.0,1,30,A,sp-mz,4,4,400,128,128,16,215.71,148.06,363.77,215.71,148.06,363.77,181.89,1.0, sdumont6167,1091.31
0.0,480,8,265348.0,3112.0,3086.0,265348.0,0.0,0.0,0.0,0.0,4.0,0,0.0,0.0,2n-1m-30th-Bc-sp-mz,sequana_cpu_dev,2,11420918.0,1,30,B,sp-mz,8,8,400,304,208,17,1188.43,756.3,1944.72,198.07,126.05,324.12,162.06,6.0, sdumont6167,15557.76
0.0,1380,23,265348.0,3120.0,3118.0,265348.0,0.0,0.0,0.0,0.0,1.0,0,0.0,0.0,2n-1m-30th-Cc-sp-mz,sequana_cpu_dev,2,11420921.0,1,30,C,sp-mz,16,16,400,480,320,28,5063.65,3368.0,8431.65,230.17,153.09,383.26,191.63,22.0, sdumont6166,193927.94999999998
0.0,192,3,265348.0,3232.0,3220.0,265348.0,0.0,0.0,0.0,0.0,1.0,0,0.0,0.0,2n-1m-32th-Ac-sp-mz,sequana_cpu_dev,2,11420924.0,1,32,A,sp-mz,4,4,400,128,128,16,214.57,165.62,380.19,107.28,82.81,190.09,95.05,2.0, sdumont6165,1140.57
0.0,448,7,265348.0,3240.0,2138.0,265348.0,0.0,0.0,0.0,0.0,1.0,0,0.0,0.0,2n-1m-32th-Bc-sp-mz,sequana_cpu_dev,2,11420928.0,1,32,B,sp-mz,8,8,400,304,208,17,1112.48,812.3,1924.78,185.41,135.38,320.8,160.4,6.0, sdumont6166,13473.46
0.0,1536,24,265348.0,3236.0,2134.0,265348.0,0.0,0.0,0.0,0.0,1.0,0,0.0,0.0,2n-1m-32th-Cc-sp-mz,sequana_cpu_dev,2,11420932.0,1,32,C,sp-mz,16,16,400,480,320,28,5207.36,3865.46,9072.81,226.41,168.06,394.47,197.24,23.0, sdumont6166,217747.44
0.0,204,3,265348.0,3140.0,3116.0,265348.0,0.0,0.0,0.0,0.0,1.0,0,0.0,0.0,2n-1m-34th-Ac-sp-mz,sequana_cpu_dev,2,11420935.0,1,34,A,sp-mz,4,4,400,128,128,16,213.47,180.42,393.9,106.74,90.21,196.95,98.47,2.0, sdumont6165,1181.6999999999998
0.0,476,7,265348.0,3124.0,3106.0,265348.0,0.0,0.0,0.0,0.0,1.0,0,0.0,0.0,2n-1m-34th-Bc-sp-mz,sequana_cpu_dev,2,11420938.0,1,34,B,sp-mz,8,8,400,304,208,17,1094.76,892.29,1987.05,218.95,178.46,397.41,198.7,5.0, sdumont6166,13909.35
0.0,1768,26,265348.0,3140.0,2090.0,265348.0,0.0,0.0,0.0,0.0,1.0,0,0.0,0.0,2n-1m-34th-Cc-sp-mz,sequana_cpu_dev,2,11420942.0,1,34,C,sp-mz,16,16,400,480,320,28,5715.75,4296.44,10012.19,228.63,171.86,400.49,200.24,25.0, sdumont6242,260316.94
0.0,288,4,265348.0,3120.0,3054.0,265348.0,0.0,0.0,0.0,0.0,1.0,0,0.0,0.0,2n-1m-36th-Ac-sp-mz,sequana_cpu_dev,2,11420945.0,1,36,A,sp-mz,4,4,400,128,128,16,223.82,191.65,415.47,171.44,145.46,316.89,158.45,1.5, sdumont6166,1661.88
0.0,504,7,265348.0,3116.0,2074.0,265348.0,0.0,0.0,0.0,0.0,1.0,0,0.0,0.0,2n-1m-36th-Bc-sp-mz,sequana_cpu_dev,2,11420948.0,1,36,B,sp-mz,8,8,400,304,208,17,1168.66,976.28,2144.94,233.73,195.26,428.99,214.49,5.0, sdumont6166,15014.58
0.0,1800,25,265348.0,3128.0,3058.0,265348.0,0.0,0.0,0.0,0.0,1.0,0,0.0,0.0,2n-1m-36th-Cc-sp-mz,sequana_cpu_dev,2,11420951.0,1,36,C,sp-mz,16,16,400,480,320,28,5204.71,4541.5,9746.21,216.86,189.23,406.09,203.05,24.0, sdumont6166,243655.24999999997
0.0,228,3,265348.0,3156.0,3154.0,265348.0,0.0,0.0,0.0,0.0,1.0,0,0.0,0.0,2n-1m-38th-Ac-sp-mz,sequana_cpu_dev,2,11420954.0,1,38,A,sp-mz,4,4,400,128,128,16,184.87,176.53,361.4,184.87,176.53,361.4,180.7,1.0, sdumont6165,1084.1999999999998
0.0,532,7,265348.0,3168.0,3164.0,265348.0,0.0,0.0,0.0,0.0,1.0,0,0.0,0.0,2n-1m-38th-Bc-sp-mz,sequana_cpu_dev,2,11420957.0,1,38,B,sp-mz,8,8,400,304,208,17,1090.43,975.43,2065.86,200.15,178.96,379.11,189.56,5.5, sdumont6165,14461.02
0.0,1824,24,265348.0,3180.0,3168.0,265348.0,0.0,0.0,0.0,0.0,1.0,0,0.0,0.0,2n-1m-38th-Cc-sp-mz,sequana_cpu_dev,2,11420961.0,1,38,C,sp-mz,16,16,400,480,320,28,5248.47,4703.84,9952.31,228.19,204.51,432.71,216.35,23.0, sdumont6166,238855.44
0.0,240,3,265348.0,3220.0,3196.0,265348.0,0.0,0.0,0.0,0.0,1.0,0,0.0,0.0,2n-1m-40th-Ac-sp-mz,sequana_cpu_dev,2,11420964.0,1,40,A,sp-mz,4,4,400,128,128,16,202.84,193.74,396.57,202.84,193.74,396.57,198.29,1.0, sdumont6165,1189.71
0.0,560,7,265348.0,3240.0,3240.0,265348.0,0.0,0.0,0.0,0.0,0.0,0,0.0,0.0,2n-1m-40th-Bc-sp-mz,sequana_cpu_dev,2,11420967.0,1,40,B,sp-mz,8,8,400,304,208,17,1092.59,1019.0,2111.59,182.1,169.83,351.93,175.97,6.0, sdumont6165,14781.130000000001
0.0,2000,25,265348.0,3132.0,3124.0,265348.0,0.0,0.0,0.0,0.0,0.0,0,0.0,0.0,2n-1m-40th-Cc-sp-mz,sequana_cpu_dev,2,11420970.0,1,40,C,sp-mz,16,16,400,480,320,28,5606.51,5008.47,10614.98,233.6,208.69,442.29,221.15,24.0, sdumont6167,265374.5
0.0,252,3,265348.0,3052.0,3040.0,265348.0,0.0,0.0,0.0,0.0,1.0,0,0.0,0.0,2n-1m-42th-Ac-sp-mz,sequana_cpu_dev,2,11420973.0,1,42,A,sp-mz,4,4,400,128,128,16,202.27,200.34,402.61,101.14,100.17,201.31,100.65,2.0, sdumont6166,1207.83
0.0,588,7,265348.0,3140.0,3136.0,265348.0,0.0,0.0,0.0,0.0,1.0,0,0.0,0.0,2n-1m-42th-Bc-sp-mz,sequana_cpu_dev,2,11420976.0,1,42,B,sp-mz,8,8,400,304,208,17,1082.24,1021.27,2103.5,198.43,187.13,385.56,192.78,5.5, sdumont6166,14724.5
0.0,2016,24,265348.0,3128.0,3104.0,265348.0,0.0,0.0,0.0,0.0,1.0,0,0.0,0.0,2n-1m-42th-Cc-sp-mz,sequana_cpu_dev,2,11420979.0,1,42,C,sp-mz,16,16,400,480,320,28,5166.61,4917.25,10083.86,229.82,218.69,448.51,224.26,22.5, sdumont6166,242012.64
0.0,352,4,265348.0,3140.0,3114.0,265348.0,0.0,0.0,0.0,0.0,1.0,0,0.0,0.0,2n-1m-44th-Ac-sp-mz,sequana_cpu_dev,2,11420982.0,1,44,A,sp-mz,4,4,400,128,128,16,203.15,204.19,407.34,203.15,204.19,407.34,203.67,1.0, sdumont6166,1629.36
0.0,616,7,265348.0,3132.0,3092.0,265348.0,0.0,0.0,0.0,0.0,1.0,0,0.0,0.0,2n-1m-44th-Bc-sp-mz,sequana_cpu_dev,2,11420987.0,1,44,B,sp-mz,8,8,400,304,208,17,1079.93,1066.48,2146.41,179.99,177.75,357.73,178.87,6.0, sdumont6165,15024.869999999999
0.0,2200,25,265348.0,3132.0,3104.0,265348.0,0.0,0.0,0.0,0.0,1.0,0,0.0,0.0,2n-1m-44th-Cc-sp-mz,sequana_cpu_dev,2,11420991.0,1,44,C,sp-mz,16,16,400,480,320,28,5145.64,4973.73,10119.36,223.72,216.25,439.97,219.99,23.0, sdumont6165,252984.0
0.0,276,3,265348.0,3236.0,3208.0,265348.0,0.0,0.0,0.0,0.0,1.0,0,0.0,0.0,2n-1m-46th-Ac-sp-mz,sequana_cpu_dev,2,11420998.0,1,46,A,sp-mz,4,4,400,128,128,16,202.82,210.2,413.02,202.82,210.2,413.02,206.51,1.0, sdumont6165,1239.06
0.0,644,7,265348.0,3240.0,3206.0,265348.0,0.0,0.0,0.0,0.0,1.0,0,0.0,0.0,2n-1m-46th-Bc-sp-mz,sequana_cpu_dev,2,11421005.0,1,46,B,sp-mz,8,8,400,304,208,17,1090.17,1086.89,2177.06,218.03,217.38,435.41,217.71,5.0, sdumont6166,15239.42
0.0,2392,26,265348.0,3180.0,3146.0,265348.0,0.0,0.0,0.0,0.0,1.0,0,0.0,0.0,2n-1m-46th-Cc-sp-mz,sequana_cpu_dev,2,11421008.0,1,46,C,sp-mz,16,16,400,480,320,28,5472.17,5387.73,10859.9,223.46,219.95,443.41,221.71,24.5, sdumont6165,282357.39999999997
0.0,288,3,265348.0,3172.0,3170.0,265348.0,0.0,0.0,0.0,0.0,0.0,0,0.0,0.0,2n-1m-48th-Ac-sp-mz,sequana_cpu_dev,2,11421011.0,1,48,A,sp-mz,4,4,400,128,128,16,200.25,216.52,416.77,200.25,216.52,416.77,208.38,1.0, sdumont6166,1250.31
0.0,768,8,265348.0,3148.0,3146.0,265348.0,0.0,0.0,0.0,0.0,1.0,0,0.0,0.0,2n-1m-48th-Bc-sp-mz,sequana_cpu_dev,2,11421014.0,1,48,B,sp-mz,8,8,400,304,208,17,1342.63,1389.25,2731.88,207.85,214.95,422.8,211.4,6.5, sdumont6165,21855.04
0.0,2496,26,265348.0,3088.0,2064.0,265348.0,0.0,0.0,0.0,0.0,1.0,0,0.0,0.0,2n-1m-48th-Cc-sp-mz,sequana_cpu_dev,2,11421017.0,1,48,C,sp-mz,16,16,400,480,320,28,5639.0,5801.93,11440.93,230.28,236.88,467.16,233.58,24.5, sdumont6165,297464.18
2.0,32,4,612861.0,140124.0,69935.0,1280400.0,491.52,2109.44,1003.52,4218.88,2.0,0,4.0,18.0,2n-2m-2th-Ac-sp-mz,sequana_cpu_dev,2,11421020.0,2,2,A,sp-mz,4,4,400,128,128,16,258.36,279.51,537.88,86.12,93.17,179.29,89.65,3.0, sdumont6166,2151.52
9.0,88,11,579822.0,133452.0,39578.0,1280376.0,512.0,2109.44,1105.92,4218.88,1.0,0,5.0,19.0,2n-2m-2th-Bc-sp-mz,sequana_cpu_dev,2,11421023.0,2,2,B,sp-mz,8,8,400,304,208,17,1123.0,1196.44,2319.44,112.3,119.64,231.94,115.97,10.0, sdumont6166,25513.84
64.0,344,43,1118526.0,345392.0,340805.0,1503172.0,1146.88,4218.88,1515.52,4218.88,1.0,0,0.0,0.0,2n-2m-2th-Cc-sp-mz,sequana_cpu_dev,2,11421026.0,2,2,C,sp-mz,16,16,400,480,320,28,4762.86,5071.41,9834.27,113.4,120.75,234.15,117.07,42.0, sdumont6165,422873.61000000004
2.0,48,3,614918.0,142288.0,70446.0,1284512.0,491.52,2109.44,983.04,4218.88,1.0,0,0.0,2.0,2n-2m-4th-Ac-sp-mz,sequana_cpu_dev,2,11421029.0,2,4,A,sp-mz,4,4,400,128,128,16,131.28,145.1,276.38,65.64,72.55,138.19,69.1,2.0, sdumont6165,829.14
5.0,96,6,515026.0,139912.0,38634.0,885148.0,501.76,2109.44,1044.48,4218.88,1.0,0,0.0,3.0,2n-2m-4th-Bc-sp-mz,sequana_cpu_dev,2,11421032.0,2,4,B,sp-mz,8,8,400,304,208,17,665.59,706.88,1372.46,110.93,117.81,228.74,114.37,6.0, sdumont6165,8234.76
22.0,384,24,407018.0,139892.0,37713.0,644280.0,552.96,2109.44,1280.0,4218.88,1.0,0,1.0,4.0,2n-2m-4th-Cc-sp-mz,sequana_cpu_dev,2,11421035.0,2,4,C,sp-mz,16,16,400,480,320,28,3167.95,3353.07,6521.02,137.74,145.79,283.52,141.76,23.0, sdumont6166,156504.48
2.0,72,3,620060.0,143596.0,72471.0,1300968.0,491.52,2109.44,983.04,4218.88,1.0,0,3.0,11.0,2n-2m-6th-Ac-sp-mz,sequana_cpu_dev,2,11421038.0,2,6,A,sp-mz,4,4,400,128,128,16,149.76,162.17,311.93,74.88,81.08,155.97,77.98,2.0, sdumont6166,935.79
5.0,144,6,460385.0,140052.0,38127.0,662460.0,491.52,2109.44,1024.0,4218.88,1.0,0,1.0,4.0,2n-2m-6th-Bc-sp-mz,sequana_cpu_dev,2,11421041.0,2,6,B,sp-mz,8,8,400,304,208,17,581.34,608.19,1189.52,145.33,152.05,297.38,148.69,4.0, sdumont6166,7137.12
23.0,408,17,516057.0,140140.0,38245.0,885136.0,532.48,2109.44,1177.6,4218.88,1.0,0,1.0,4.0,2n-2m-6th-Cc-sp-mz,sequana_cpu_dev,2,11421044.0,2,6,C,sp-mz,16,16,400,480,320,28,2709.54,2829.34,5538.88,169.35,176.83,346.18,173.09,16.0, sdumont6166,94160.96
1.0,96,3,517133.0,140508.0,38762.0,885136.0,491.52,2109.44,993.28,4218.88,1.0,0,1.0,7.0,2n-2m-8th-Ac-sp-mz,sequana_cpu_dev,2,11421047.0,2,8,A,sp-mz,4,4,400,128,128,16,168.69,178.89,347.57,168.69,178.89,347.57,173.79,1.0, sdumont6166,1042.71
12.0,160,5,445102.0,140088.0,58815.0,652500.0,481.28,2109.44,962.56,4218.88,1.0,0,2.0,5.0,2n-2m-8th-Bc-sp-mz,sequana_cpu_dev,2,11421050.0,2,8,B,sp-mz,8,8,400,304,208,17,646.54,667.49,1314.03,161.63,166.87,328.51,164.25,4.0, sdumont6165,6570.15
49.0,448,14,622091.0,143768.0,72483.0,1305152.0,522.24,2109.44,1136.64,4218.88,1.0,0,2.0,6.0,2n-2m-8th-Cc-sp-mz,sequana_cpu_dev,2,11421053.0,2,8,C,sp-mz,16,16,400,480,320,28,2412.5,2503.13,4915.63,185.58,192.55,378.13,189.06,13.0, sdumont6165,68818.82
3.0,120,3,461050.0,138720.0,70951.0,656824.0,481.28,2109.44,962.56,4218.88,1.0,0,4.0,11.0,2n-2m-10th-Ac-sp-mz,sequana_cpu_dev,2,11421056.0,2,10,A,sp-mz,4,4,400,128,128,16,173.25,179.39,352.64,173.25,179.39,352.64,176.32,1.0, sdumont6165,1057.92
6.0,160,4,520137.0,143160.0,38646.0,1096240.0,522.24,2109.44,1064.96,4218.88,2.0,0,1.0,5.0,2n-2m-10th-Bc-sp-mz,sequana_cpu_dev,2,11421059.0,2,10,B,sp-mz,8,8,400,304,208,17,467.38,491.84,959.21,136.89,143.88,280.78,140.39,3.5, sdumont6166,3836.84
26.0,480,12,518115.0,140092.0,38647.0,885136.0,522.24,2109.44,1116.16,4218.88,1.0,0,2.0,11.0,2n-2m-10th-Cc-sp-mz,sequana_cpu_dev,2,11421062.0,2,10,C,sp-mz,16,16,400,480,320,28,2427.4,2503.67,4931.07,220.67,227.61,448.28,224.14,11.0, sdumont6165,59172.84
3.0,144,3,623156.0,139024.0,69488.0,1300988.0,481.28,2109.44,993.28,4218.88,1.0,0,12.0,29.0,2n-2m-12th-Ac-sp-mz,sequana_cpu_dev,2,11421065.0,2,12,A,sp-mz,4,4,400,128,128,16,169.85,181.94,351.79,169.85,181.94,351.79,175.9,1.0, sdumont6166,1055.3700000000001
14.0,192,4,626201.0,145900.0,73073.0,1313380.0,491.52,2109.44,1013.76,4218.88,1.0,0,10.0,31.0,2n-2m-12th-Bc-sp-mz,sequana_cpu_dev,2,11421068.0,2,12,B,sp-mz,8,8,400,304,208,17,475.23,521.98,997.21,158.41,173.99,332.4,166.2,3.0, sdumont6166,3988.84
56.0,528,11,733049.0,143820.0,70684.0,1313396.0,552.96,2109.44,1105.92,4218.88,1.0,0,7.0,15.0,2n-2m-12th-Cc-sp-mz,sequana_cpu_dev,2,11421071.0,2,12,C,sp-mz,16,16,400,480,320,28,2294.36,2446.36,4740.72,229.44,244.64,474.07,237.04,10.0, sdumont6165,52147.920000000006
3.0,112,2,735164.0,142592.0,70113.0,1305268.0,491.52,2109.44,993.28,4218.88,1.0,0,6.0,15.0,2n-2m-14th-Ac-sp-mz,sequana_cpu_dev,2,11421074.0,2,14,A,sp-mz,4,4,400,128,128,16,170.3,175.44,345.74,170.3,175.44,345.74,172.87,1.0, sdumont6165,691.48
7.0,224,4,412163.0,140140.0,37741.0,664860.0,491.52,2109.44,1013.76,4218.88,1.0,0,2.0,9.0,2n-2m-14th-Bc-sp-mz,sequana_cpu_dev,2,11421077.0,2,14,B,sp-mz,8,8,400,304,208,17,517.2,545.26,1062.46,172.4,181.75,354.15,177.08,3.0, sdumont6165,4249.84
62.0,616,11,625193.0,140300.0,70053.0,1305200.0,501.76,2109.44,1064.96,4218.88,1.0,0,9.0,20.0,2n-2m-14th-Cc-sp-mz,sequana_cpu_dev,2,11421081.0,2,14,C,sp-mz,16,16,400,480,320,28,2059.93,2139.77,4199.7,205.99,213.98,419.97,209.99,10.0, sdumont6165,46196.7
16.0,256,4,737153.0,144220.0,70826.0,1321612.0,501.76,2109.44,1013.76,4218.88,1.0,0,11.0,27.0,2n-2m-16th-Bc-sp-mz,sequana_cpu_dev,2,11421087.0,2,16,B,sp-mz,8,8,400,304,208,17,521.33,567.94,1089.27,173.78,189.31,363.09,181.54,3.0, sdumont6166,4357.08
34.0,704,11,523101.0,143320.0,38523.0,1108612.0,552.96,2109.44,1105.92,4218.88,1.0,0,4.0,16.0,2n-2m-16th-Cc-sp-mz,sequana_cpu_dev,2,11421090.0,2,16,C,sp-mz,16,16,400,480,320,28,2103.47,2238.54,4342.01,210.35,223.85,434.2,217.1,10.0, sdumont6165,47762.11
18.0,288,4,469177.0,140440.0,71756.0,673080.0,481.28,2109.44,962.56,4218.88,1.0,0,13.0,28.0,2n-2m-18th-Bc-sp-mz,sequana_cpu_dev,2,11421096.0,2,18,B,sp-mz,8,8,400,304,208,17,537.25,563.98,1101.23,179.08,187.99,367.08,183.54,3.0, sdumont6165,4404.92
0.0,720,10,359222.0,4596.0,3838.0,453096.0,552.96,2109.44,1105.92,4218.88,1.0,0,0.0,0.0,2n-2m-18th-Cc-sp-mz,sequana_cpu_dev,2,11421099.0,2,18,C,sp-mz,16,16,400,480,320,28,2153.11,2240.47,4393.58,239.23,248.94,488.18,244.09,9.0, sdumont6166,43935.8
19.0,320,4,631352.0,140416.0,70108.0,1317496.0,491.52,2109.44,1003.52,4218.88,0.0,0,10.0,27.0,2n-2m-20th-Bc-sp-mz,sequana_cpu_dev,2,11421105.0,2,20,B,sp-mz,8,8,400,304,208,17,543.58,573.15,1116.73,181.19,191.05,372.24,186.12,3.0, sdumont6165,4466.92
81.0,800,10,634448.0,143992.0,73210.0,1329864.0,512.0,2109.44,1095.68,4218.88,2.0,0,29.0,75.0,2n-2m-20th-Cc-sp-mz,sequana_cpu_dev,2,11421108.0,2,20,C,sp-mz,16,16,400,480,320,28,2172.81,2301.29,4474.11,271.6,287.66,559.26,279.63,8.0, sdumont6165,44741.1
21.0,352,4,636502.0,144072.0,72754.0,1333976.0,491.52,2109.44,1013.76,4218.88,2.0,0,18.0,41.0,2n-2m-22th-Bc-sp-mz,sequana_cpu_dev,2,11421114.0,2,22,B,sp-mz,8,8,400,304,208,17,535.08,557.61,1092.69,223.44,231.76,455.2,227.6,2.5, sdumont6165,4370.76
90.0,880,10,470240.0,140348.0,69222.0,681352.0,481.28,2109.44,962.56,4218.88,2.0,0,21.0,48.0,2n-2m-22th-Cc-sp-mz,sequana_cpu_dev,2,11421117.0,2,22,C,sp-mz,16,16,400,480,320,28,2183.99,2252.3,4436.29,257.92,265.8,523.72,261.86,8.5, sdumont6166,44362.9
23.0,384,4,469654.0,140404.0,38231.0,685460.0,491.52,2109.44,1013.76,4218.88,3.0,0,16.0,34.0,2n-2m-24th-Bc-sp-mz,sequana_cpu_dev,2,11421123.0,2,24,B,sp-mz,8,8,400,304,208,17,552.52,572.43,1124.95,230.4,237.87,468.27,234.14,2.5, sdumont6166,4499.8
95.0,960,10,635490.0,140504.0,70160.0,1325788.0,501.76,2109.44,1075.2,4218.88,3.0,0,21.0,46.0,2n-2m-24th-Cc-sp-mz,sequana_cpu_dev,2,11421126.0,2,24,C,sp-mz,16,16,400,480,320,28,2080.38,2156.93,4237.31,244.63,253.51,498.15,249.07,8.5, sdumont6165,42373.100000000006
0.0,48,8,265348.0,3148.0,3104.0,265348.0,0.0,0.0,0.0,0.0,4.0,0,0.0,0.0,3n-1m-2th-Ac-sp-mz,sequana_cpu_dev,3,11421129.0,1,2,A,sp-mz,4,4,400,128,128,16,818.78,642.63,1461.41,136.46,107.11,243.57,81.19,6.0, sdumont6167,11691.28
0.0,90,15,265348.0,3128.0,3074.666015625,265348.0,0.0,0.0,0.0,0.0,1.0,0,0.0,0.0,3n-1m-2th-Bc-sp-mz,sequana_cpu_dev,3,11421132.0,1,2,B,sp-mz,8,8,400,304,208,17,2459.7,1631.33,4091.03,175.69,116.52,292.22,97.41,14.0, sdumont6167,61365.450000000004
58.0,336,56,1406545.3330078125,412744.0,410769.3330078125,1550004.0,1239.04,4208.64,1239.04,4208.64,1.0,0,11.0,35.0,3n-1m-2th-Cc-sp-mz,sequana_cpu_dev,3,11421135.0,1,2,C,sp-mz,16,16,400,480,320,28,10219.86,6748.73,16968.59,185.82,122.7,308.52,102.84,55.0, sdumont6165,950241.04
0.0,36,3,265348.0,3228.0,3186.666015625,265348.0,0.0,0.0,0.0,0.0,1.0,0,0.0,0.0,3n-1m-4th-Ac-sp-mz,sequana_cpu_dev,3,11421138.0,1,4,A,sp-mz,4,4,400,128,128,16,466.53,277.36,743.88,233.26,138.68,371.94,123.98,2.0, sdumont6167,2231.64
0.0,108,9,265348.0,3184.0,3130.666015625,265348.0,0.0,0.0,0.0,0.0,1.0,0,0.0,0.0,3n-1m-4th-Bc-sp-mz,sequana_cpu_dev,3,11421140.0,1,4,B,sp-mz,8,8,400,304,208,17,1594.04,888.46,2482.5,199.26,111.06,310.31,103.44,8.0, sdumont6165,22342.5
118.0,372,31,1410646.666015625,412748.0,410637.3330078125,1554112.0,1239.04,4208.64,1239.04,4208.64,1.0,0,1.0,3.0,3n-1m-4th-Cc-sp-mz,sequana_cpu_dev,3,11421143.0,1,4,C,sp-mz,16,16,400,480,320,28,6670.93,3607.58,10278.51,222.36,120.25,342.62,114.21,30.0, sdumont6166,318633.81
0.0,54,3,265348.0,3144.0,3094.666015625,265348.0,0.0,0.0,0.0,0.0,1.0,0,0.0,0.0,3n-1m-6th-Ac-sp-mz,sequana_cpu_dev,3,11421147.0,1,6,A,sp-mz,4,4,400,128,128,16,242.0,140.49,382.49,121.0,70.25,191.25,63.75,2.0, sdumont6165,1147.47
0.0,126,7,265348.0,3172.0,3114.666015625,265348.0,0.0,0.0,0.0,0.0,1.0,0,0.0,0.0,3n-1m-6th-Bc-sp-mz,sequana_cpu_dev,3,11421149.0,1,6,B,sp-mz,8,8,400,304,208,17,1235.53,595.08,1830.61,205.92,99.18,305.1,101.7,6.0, sdumont6167,12814.269999999999
0.0,414,23,265348.0,3144.0,3110.666015625,265348.0,0.0,0.0,0.0,0.0,1.0,0,0.0,0.0,3n-1m-6th-Cc-sp-mz,sequana_cpu_dev,3,11421152.0,1,6,C,sp-mz,16,16,400,480,320,28,5585.14,2553.17,8138.31,265.96,121.58,387.54,129.18,21.0, sdumont6165,187181.13
0.0,72,3,265348.0,3124.0,1733.3330078125,265348.0,0.0,0.0,0.0,0.0,1.0,0,0.0,0.0,3n-1m-8th-Ac-sp-mz,sequana_cpu_dev,3,11421155.0,1,8,A,sp-mz,4,4,400,128,128,16,271.9,137.05,408.95,135.95,68.53,204.47,68.16,2.0, sdumont6167,1226.85
0.0,144,6,265348.0,1036.0,1033.3330078125,265348.0,0.0,0.0,0.0,0.0,1.0,0,0.0,0.0,3n-1m-8th-Bc-sp-mz,sequana_cpu_dev,3,11421159.0,1,8,B,sp-mz,8,8,400,304,208,17,1045.29,440.05,1485.34,209.06,88.01,297.07,99.02,5.0, sdumont6165,8912.039999999999
0.0,432,18,265348.0,3056.0,2381.3330078125,265348.0,0.0,0.0,0.0,0.0,1.0,0,0.0,0.0,3n-1m-8th-Cc-sp-mz,sequana_cpu_dev,3,11421162.0,1,8,C,sp-mz,16,16,400,480,320,28,4946.09,1961.35,6907.44,290.95,115.37,406.32,135.44,17.0, sdumont6167,124333.92
0.0,60,2,265348.0,1036.0,1034.666015625,265348.0,0.0,0.0,0.0,0.0,1.0,0,0.0,0.0,3n-1m-10th-Ac-sp-mz,sequana_cpu_dev,3,11421165.0,1,10,A,sp-mz,4,4,400,128,128,16,304.18,138.64,442.82,304.18,138.64,442.82,147.61,1.0, sdumont6166,885.64
0.0,150,5,265348.0,3048.0,1705.3330078125,265348.0,0.0,0.0,0.0,0.0,1.0,0,0.0,0.0,3n-1m-10th-Bc-sp-mz,sequana_cpu_dev,3,11421168.0,1,10,B,sp-mz,8,8,400,304,208,17,1173.55,442.42,1615.97,293.39,110.61,403.99,134.66,4.0, sdumont6167,8079.85
0.0,480,16,265348.0,3048.0,1706.666015625,265348.0,0.0,0.0,0.0,0.0,1.0,0,0.0,0.0,3n-1m-10th-Cc-sp-mz,sequana_cpu_dev,3,11421171.0,1,10,C,sp-mz,16,16,400,480,320,28,4689.02,1665.01,6354.03,312.6,111.0,423.6,141.2,15.0, sdumont6167,101664.48
0.0,72,2,265348.0,3116.0,2404.0,265348.0,0.0,0.0,0.0,0.0,1.0,0,0.0,0.0,3n-1m-12th-Ac-sp-mz,sequana_cpu_dev,3,11421174.0,1,12,A,sp-mz,4,4,400,128,128,16,314.66,136.53,451.19,314.66,136.53,451.19,150.4,1.0, sdumont6167,902.38
0.0,180,5,265348.0,3052.0,1709.3330078125,265348.0,0.0,0.0,0.0,0.0,3.0,0,0.0,0.0,3n-1m-12th-Bc-sp-mz,sequana_cpu_dev,3,11421177.0,1,12,B,sp-mz,8,8,400,304,208,17,1202.98,430.3,1633.28,300.75,107.57,408.32,136.11,4.0, sdumont6167,8166.4
0.0,504,14,265348.0,3152.0,2412.0,265348.0,0.0,0.0,0.0,0.0,3.0,0,0.0,0.0,3n-1m-12th-Cc-sp-mz,sequana_cpu_dev,3,11421180.0,1,12,C,sp-mz,16,16,400,480,320,28,4471.06,1515.2,5986.26,343.93,116.55,460.48,153.49,13.0, sdumont6167,83807.64
0.0,84,2,265348.0,3168.0,2454.666015625,265348.0,0.0,0.0,0.0,0.0,3.0,0,0.0,0.0,3n-1m-14th-Ac-sp-mz,sequana_cpu_dev,3,11421183.0,1,14,A,sp-mz,4,4,400,128,128,16,315.6,137.52,453.12,315.6,137.52,453.12,151.04,1.0, sdumont6166,906.24
0.0,210,5,265348.0,3232.0,2498.666015625,265348.0,0.0,0.0,0.0,0.0,2.0,0,0.0,0.0,3n-1m-14th-Bc-sp-mz,sequana_cpu_dev,3,11421186.0,1,14,B,sp-mz,8,8,400,304,208,17,802.91,291.99,1094.9,200.73,73.0,273.72,91.24,4.0, sdumont6166,5474.5
0.0,546,13,265348.0,3236.0,2480.0,265348.0,0.0,0.0,0.0,0.0,0.0,0,0.0,0.0,3n-1m-14th-Cc-sp-mz,sequana_cpu_dev,3,11421189.0,1,14,C,sp-mz,16,16,400,480,320,28,4627.32,1500.16,6127.48,385.61,125.01,510.62,170.21,12.0, sdumont6166,79657.23999999999
0.0,96,2,265348.0,3120.0,2412.0,265348.0,0.0,0.0,0.0,0.0,1.0,0,0.0,0.0,3n-1m-16th-Ac-sp-mz,sequana_cpu_dev,3,11421192.0,1,16,A,sp-mz,4,4,400,128,128,16,309.4,126.44,435.84,309.4,126.44,435.84,145.28,1.0, sdumont6165,871.68
0.0,240,5,265348.0,2984.0,1685.3330078125,265348.0,0.0,0.0,0.0,0.0,1.0,0,0.0,0.0,3n-1m-16th-Bc-sp-mz,sequana_cpu_dev,3,11421195.0,1,16,B,sp-mz,8,8,400,304,208,17,811.95,292.8,1104.75,270.65,97.6,368.25,122.75,3.0, sdumont6167,5523.75
0.0,624,13,265348.0,1040.0,1036.0,265348.0,0.0,0.0,0.0,0.0,1.0,0,0.0,0.0,3n-1m-16th-Cc-sp-mz,sequana_cpu_dev,3,11421198.0,1,16,C,sp-mz,16,16,400,480,320,28,4212.01,1363.76,5575.77,351.0,113.65,464.65,154.88,12.0, sdumont6166,72485.01000000001
0.0,108,2,265348.0,3132.0,2385.3330078125,265348.0,0.0,0.0,0.0,0.0,1.0,0,0.0,0.0,3n-1m-18th-Ac-sp-mz,sequana_cpu_dev,3,11421201.0,1,18,A,sp-mz,4,4,400,128,128,16,314.9,124.89,439.8,314.9,124.89,439.8,146.6,1.0, sdumont6166,879.6
0.0,216,4,265348.0,3144.0,2392.0,265348.0,0.0,0.0,0.0,0.0,4.0,0,0.0,0.0,3n-1m-18th-Bc-sp-mz,sequana_cpu_dev,3,11421204.0,1,18,B,sp-mz,8,8,400,304,208,17,842.56,290.5,1133.07,280.85,96.83,377.69,125.9,3.0, sdumont6167,4532.28
0.0,702,13,265348.0,1036.0,1036.0,265348.0,0.0,0.0,0.0,0.0,4.0,0,0.0,0.0,3n-1m-18th-Cc-sp-mz,sequana_cpu_dev,3,11421207.0,1,18,C,sp-mz,16,16,400,480,320,28,4348.79,1360.75,5709.54,362.4,113.4,475.8,158.6,12.0, sdumont6165,74224.02
0.0,180,3,265348.0,3120.0,2402.666015625,265348.0,0.0,0.0,0.0,0.0,3.0,0,0.0,0.0,3n-1m-20th-Ac-sp-mz,sequana_cpu_dev,3,11421210.0,1,20,A,sp-mz,4,4,400,128,128,16,291.91,138.59,430.5,145.95,69.3,215.25,71.75,2.0, sdumont6166,1291.5
0.0,240,4,265348.0,3148.0,2416.0,265348.0,0.0,0.0,0.0,0.0,2.0,0,0.0,0.0,3n-1m-20th-Bc-sp-mz,sequana_cpu_dev,3,11421213.0,1,20,B,sp-mz,8,8,400,304,208,17,856.77,293.44,1150.21,285.59,97.81,383.4,127.8,3.0, sdumont6165,4600.84
0.0,780,13,265348.0,3184.0,2453.3330078125,265348.0,0.0,0.0,0.0,0.0,4.0,0,0.0,0.0,3n-1m-20th-Cc-sp-mz,sequana_cpu_dev,3,11421216.0,1,20,C,sp-mz,16,16,400,480,320,28,4370.14,1370.87,5741.01,364.18,114.24,478.42,159.47,12.0, sdumont6165,74633.13
0.0,132,2,265348.0,3052.0,2360.0,265348.0,0.0,0.0,0.0,0.0,4.0,0,0.0,0.0,3n-1m-22th-Ac-sp-mz,sequana_cpu_dev,3,11421219.0,1,22,A,sp-mz,4,4,400,128,128,16,315.69,125.21,440.9,315.69,125.21,440.9,146.97,1.0, sdumont6167,881.8
0.0,264,4,265348.0,3128.0,2377.3330078125,265348.0,0.0,0.0,0.0,0.0,3.0,0,0.0,0.0,3n-1m-22th-Bc-sp-mz,sequana_cpu_dev,3,11421222.0,1,22,B,sp-mz,8,8,400,304,208,17,851.69,292.57,1144.26,283.9,97.52,381.42,127.14,3.0, sdumont6167,4577.04
0.0,792,12,265348.0,3152.0,1741.3330078125,265348.0,0.0,0.0,0.0,0.0,4.0,0,0.0,0.0,3n-1m-22th-Cc-sp-mz,sequana_cpu_dev,3,11421225.0,1,22,C,sp-mz,16,16,400,480,320,28,4410.07,1351.01,5761.08,400.92,122.82,523.73,174.58,11.0, sdumont6167,69132.95999999999
0.0,144,2,265348.0,3168.0,2450.666015625,265348.0,0.0,0.0,0.0,0.0,3.0,0,0.0,0.0,3n-1m-24th-Ac-sp-mz,sequana_cpu_dev,3,11421228.0,1,24,A,sp-mz,4,4,400,128,128,16,325.01,129.25,454.26,325.01,129.25,454.26,151.42,1.0, sdumont6167,908.52
0.0,288,4,265348.0,3092.0,1721.3330078125,265348.0,0.0,0.0,0.0,0.0,4.0,0,0.0,0.0,3n-1m-24th-Bc-sp-mz,sequana_cpu_dev,3,11421231.0,1,24,B,sp-mz,8,8,400,304,208,17,888.0,296.84,1184.84,296.0,98.95,394.95,131.65,3.0, sdumont6165,4739.36
0.0,864,12,265348.0,3176.0,3124.0,265348.0,0.0,0.0,0.0,0.0,4.0,0,0.0,0.0,3n-1m-24th-Cc-sp-mz,sequana_cpu_dev,3,11421233.0,1,24,C,sp-mz,16,16,400,480,320,28,4112.09,1233.87,5345.96,373.83,112.17,486.0,162.0,11.0, sdumont6166,64151.520000000004
0.0,234,3,265348.0,3140.0,3116.0,265348.0,0.0,0.0,0.0,0.0,1.0,0,0.0,0.0,3n-1m-26th-Ac-sp-mz,sequana_cpu_dev,3,11421236.0,1,26,A,sp-mz,4,4,400,128,128,16,334.88,178.21,513.09,167.44,89.11,256.55,85.52,2.0, sdumont6165,1539.27
0.0,390,5,265348.0,3144.0,3112.0,265348.0,0.0,0.0,0.0,0.0,4.0,0,0.0,0.0,3n-1m-26th-Bc-sp-mz,sequana_cpu_dev,3,11421241.0,1,26,B,sp-mz,8,8,400,304,208,17,1297.72,609.36,1907.09,324.43,152.34,476.77,158.92,4.0, sdumont6165,9535.449999999999
0.0,1248,16,265348.0,3144.0,3113.3330078125,265348.0,0.0,0.0,0.0,0.0,1.0,0,0.0,0.0,3n-1m-26th-Cc-sp-mz,sequana_cpu_dev,3,11421244.0,1,26,C,sp-mz,16,16,400,480,320,28,5404.22,2676.18,8080.4,360.28,178.41,538.69,179.56,15.0, sdumont6167,129286.4
0.0,252,3,265348.0,3140.0,3082.666015625,265348.0,0.0,0.0,0.0,0.0,4.0,0,0.0,0.0,3n-1m-28th-Ac-sp-mz,sequana_cpu_dev,3,11421247.0,1,28,A,sp-mz,4,4,400,128,128,16,336.05,201.74,537.79,168.02,100.87,268.89,89.63,2.0, sdumont6165,1613.37
0.0,420,5,265348.0,3140.0,3105.3330078125,265348.0,0.0,0.0,0.0,0.0,1.0,0,0.0,0.0,3n-1m-28th-Bc-sp-mz,sequana_cpu_dev,3,11421249.0,1,28,B,sp-mz,8,8,400,304,208,17,1294.76,721.7,2016.47,323.69,180.43,504.12,168.04,4.0, sdumont6165,10082.35
0.0,1428,17,265348.0,3140.0,3128.0,265348.0,0.0,0.0,0.0,0.0,4.0,0,0.0,0.0,3n-1m-28th-Cc-sp-mz,sequana_cpu_dev,3,11421253.0,1,28,C,sp-mz,16,16,400,480,320,28,5471.94,3131.39,8603.33,342.0,195.71,537.71,179.24,16.0, sdumont6167,146256.61
0.0,270,3,265348.0,3168.0,3150.666015625,265348.0,0.0,0.0,0.0,0.0,1.0,0,0.0,0.0,3n-1m-30th-Ac-sp-mz,sequana_cpu_dev,3,11421256.0,1,30,A,sp-mz,4,4,400,128,128,16,336.21,226.87,563.09,168.11,113.44,281.54,93.85,2.0, sdumont6166,1689.27
0.0,450,5,265348.0,3128.0,3125.3330078125,265348.0,0.0,0.0,0.0,0.0,1.0,0,0.0,0.0,3n-1m-30th-Bc-sp-mz,sequana_cpu_dev,3,11421258.0,1,30,B,sp-mz,8,8,400,304,208,17,1291.18,810.19,2101.37,322.8,202.55,525.34,175.11,4.0, sdumont6165,10506.849999999999
0.0,1440,16,265348.0,3144.0,3136.0,265348.0,0.0,0.0,0.0,0.0,1.0,0,0.0,0.0,3n-1m-30th-Cc-sp-mz,sequana_cpu_dev,3,11421261.0,1,30,C,sp-mz,16,16,400,480,320,28,5517.85,3587.64,9105.49,367.86,239.18,607.03,202.34,15.0, sdumont6167,145687.84
0.0,288,3,265348.0,3144.0,3097.3330078125,265348.0,0.0,0.0,0.0,0.0,1.0,0,0.0,0.0,3n-1m-32th-Ac-sp-mz,sequana_cpu_dev,3,11421264.0,1,32,A,sp-mz,4,4,400,128,128,16,329.48,247.38,576.86,164.74,123.69,288.43,96.14,2.0, sdumont6167,1730.58
0.0,480,5,265348.0,3112.0,3090.666015625,265348.0,0.0,0.0,0.0,0.0,4.0,0,0.0,0.0,3n-1m-32th-Bc-sp-mz,sequana_cpu_dev,3,11421268.0,1,32,B,sp-mz,8,8,400,304,208,17,1275.56,915.23,2190.78,318.89,228.81,547.7,182.57,4.0, sdumont6165,10953.900000000001
0.0,1632,17,265348.0,3144.0,3090.666015625,265348.0,0.0,0.0,0.0,0.0,1.0,0,0.0,0.0,3n-1m-32th-Cc-sp-mz,sequana_cpu_dev,3,11421270.0,1,32,C,sp-mz,16,16,400,480,320,28,5415.35,3966.13,9381.48,338.46,247.88,586.34,195.45,16.0, sdumont6167,159485.16
0.0,306,3,265348.0,3132.0,3082.666015625,265348.0,0.0,0.0,0.0,0.0,1.0,0,0.0,0.0,3n-1m-34th-Ac-sp-mz,sequana_cpu_dev,3,11421273.0,1,34,A,sp-mz,4,4,400,128,128,16,320.9,267.93,588.83,160.45,133.96,294.41,98.14,2.0, sdumont6165,1766.4900000000002
0.0,510,5,265348.0,3184.0,3158.666015625,265348.0,0.0,0.0,0.0,0.0,1.0,0,0.0,0.0,3n-1m-34th-Bc-sp-mz,sequana_cpu_dev,3,11421276.0,1,34,B,sp-mz,8,8,400,304,208,17,1264.02,999.86,2263.88,316.01,249.96,565.97,188.66,4.0, sdumont6166,11319.400000000001
0.0,1734,17,265348.0,3144.0,3094.666015625,265348.0,0.0,0.0,0.0,0.0,4.0,0,0.0,0.0,3n-1m-34th-Cc-sp-mz,sequana_cpu_dev,3,11421280.0,1,34,C,sp-mz,16,16,400,480,320,28,5363.05,4333.76,9696.81,335.19,270.86,606.05,202.02,16.0, sdumont6166,164845.77
0.0,324,3,265348.0,3168.0,3118.666015625,265348.0,0.0,0.0,0.0,0.0,1.0,0,0.0,0.0,3n-1m-36th-Ac-sp-mz,sequana_cpu_dev,3,11421283.0,1,36,A,sp-mz,4,4,400,128,128,16,318.28,277.35,595.63,159.14,138.67,297.82,99.27,2.0, sdumont6166,1786.8899999999999
0.0,540,5,265348.0,3136.0,3101.3330078125,265348.0,0.0,0.0,0.0,0.0,1.0,0,0.0,0.0,3n-1m-36th-Bc-sp-mz,sequana_cpu_dev,3,11421287.0,1,36,B,sp-mz,8,8,400,304,208,17,1259.6,1050.6,2310.2,314.9,262.65,577.55,192.52,4.0, sdumont6167,11551.0
0.0,1836,17,265348.0,3140.0,2438.666015625,265348.0,0.0,0.0,0.0,0.0,1.0,0,0.0,0.0,3n-1m-36th-Cc-sp-mz,sequana_cpu_dev,3,11421291.0,1,36,C,sp-mz,16,16,400,480,320,28,5366.08,4549.57,9915.64,335.38,284.35,619.73,206.58,16.0, sdumont6166,168565.88
0.0,342,3,265348.0,3112.0,3081.3330078125,265348.0,0.0,0.0,0.0,0.0,1.0,0,0.0,0.0,3n-1m-38th-Ac-sp-mz,sequana_cpu_dev,3,11421295.0,1,38,A,sp-mz,4,4,400,128,128,16,327.48,288.64,616.12,163.74,144.32,308.06,102.69,2.0, sdumont6166,1848.3600000000001
0.0,684,6,265348.0,3052.0,1706.666015625,265348.0,0.0,0.0,0.0,0.0,4.0,0,0.0,0.0,3n-1m-38th-Bc-sp-mz,sequana_cpu_dev,3,11421297.0,1,38,B,sp-mz,8,8,400,304,208,17,1210.38,1050.12,2260.49,302.59,262.53,565.12,188.37,4.0, sdumont6167,13562.939999999999
0.0,1938,17,265348.0,3176.0,3150.666015625,265348.0,0.0,0.0,0.0,0.0,1.0,0,0.0,0.0,3n-1m-38th-Cc-sp-mz,sequana_cpu_dev,3,11421300.0,1,38,C,sp-mz,16,16,400,480,320,28,5334.08,4721.74,10055.82,333.38,295.11,628.49,209.5,16.0, sdumont6167,170948.94
0.0,360,3,265348.0,3160.0,3132.0,265348.0,0.0,0.0,0.0,0.0,4.0,0,0.0,0.0,3n-1m-40th-Ac-sp-mz,sequana_cpu_dev,3,11421303.0,1,40,A,sp-mz,4,4,400,128,128,16,317.08,293.88,610.96,158.54,146.94,305.48,101.83,2.0, sdumont6166,1832.88
0.0,600,5,265348.0,3072.0,3061.3330078125,265348.0,0.0,0.0,0.0,0.0,1.0,0,0.0,0.0,3n-1m-40th-Bc-sp-mz,sequana_cpu_dev,3,11421307.0,1,40,B,sp-mz,8,8,400,304,208,17,1239.14,1119.48,2358.61,309.78,279.87,589.65,196.55,4.0, sdumont6165,11793.050000000001
0.0,2160,18,265348.0,3172.0,3124.0,265348.0,0.0,0.0,0.0,0.0,4.0,0,0.0,0.0,3n-1m-40th-Cc-sp-mz,sequana_cpu_dev,3,11421311.0,1,40,C,sp-mz,16,16,400,480,320,28,5762.9,5195.45,10958.35,338.99,305.61,644.61,214.87,17.0, sdumont6165,197250.30000000002
0.0,378,3,265348.0,3108.0,3072.0,265348.0,0.0,0.0,0.0,0.0,1.0,0,0.0,0.0,3n-1m-42th-Ac-sp-mz,sequana_cpu_dev,3,11421313.0,1,42,A,sp-mz,4,4,400,128,128,16,281.69,274.23,555.91,140.84,137.11,277.96,92.65,2.0, sdumont6167,1667.73
0.0,756,6,265348.0,3136.0,3094.666015625,265348.0,0.0,0.0,0.0,0.0,0.0,0,0.0,0.0,3n-1m-42th-Bc-sp-mz,sequana_cpu_dev,3,11421318.0,1,42,B,sp-mz,8,8,400,304,208,17,1191.59,1102.96,2294.56,279.91,258.82,538.73,179.58,4.33, sdumont6165,13767.36
0.0,2016,16,265348.0,3168.0,3126.666015625,265348.0,0.0,0.0,0.0,0.0,1.0,0,0.0,0.0,3n-1m-42th-Cc-sp-mz,sequana_cpu_dev,3,11421325.0,1,42,C,sp-mz,16,16,400,480,320,28,4893.25,4607.5,9500.75,326.22,307.17,633.38,211.13,15.0, sdumont6166,152012.0
0.0,396,3,265348.0,3144.0,3090.666015625,265348.0,0.0,0.0,0.0,0.0,4.0,0,0.0,0.0,3n-1m-44th-Ac-sp-mz,sequana_cpu_dev,3,11421328.0,1,44,A,sp-mz,4,4,400,128,128,16,315.33,309.95,625.27,266.07,259.88,525.95,175.32,1.33, sdumont6167,1875.81
0.0,792,6,265348.0,3140.0,3117.3330078125,265348.0,0.0,0.0,0.0,0.0,1.0,0,0.0,0.0,3n-1m-44th-Bc-sp-mz,sequana_cpu_dev,3,11421330.0,1,44,B,sp-mz,8,8,400,304,208,17,1230.61,1170.35,2400.96,307.65,292.59,600.24,200.08,4.0, sdumont6167,14405.76
0.0,2244,17,265348.0,3124.0,3112.0,265348.0,0.0,0.0,0.0,0.0,4.0,0,0.0,0.0,3n-1m-44th-Cc-sp-mz,sequana_cpu_dev,3,11421335.0,1,44,C,sp-mz,16,16,400,480,320,28,5276.06,5039.3,10315.36,344.65,328.92,673.57,224.52,15.33, sdumont6165,175361.12
0.0,414,3,265348.0,3148.0,3129.3330078125,265348.0,0.0,0.0,0.0,0.0,1.0,0,0.0,0.0,3n-1m-46th-Ac-sp-mz,sequana_cpu_dev,3,11421340.0,1,46,A,sp-mz,4,4,400,128,128,16,308.97,311.0,619.97,260.94,260.38,521.32,173.77,1.33, sdumont6165,1859.91
0.0,828,6,265348.0,3160.0,2449.3330078125,265348.0,0.0,0.0,0.0,0.0,3.0,0,0.0,0.0,3n-1m-46th-Bc-sp-mz,sequana_cpu_dev,3,11421342.0,1,46,B,sp-mz,8,8,400,304,208,17,1223.62,1184.56,2408.18,375.06,361.96,737.02,245.67,3.33, sdumont6167,14449.079999999998
0.0,2346,17,265348.0,3180.0,3117.3330078125,265348.0,0.0,0.0,0.0,0.0,1.0,0,0.0,0.0,3n-1m-46th-Cc-sp-mz,sequana_cpu_dev,3,11421347.0,1,46,C,sp-mz,16,16,400,480,320,28,5311.92,5137.13,10449.05,347.01,335.38,682.39,227.46,15.33, sdumont6167,177633.84999999998
0.0,432,3,265348.0,3156.0,2445.3330078125,265348.0,0.0,0.0,0.0,0.0,0.0,0,0.0,0.0,3n-1m-48th-Ac-sp-mz,sequana_cpu_dev,3,11421352.0,1,48,A,sp-mz,4,4,400,128,128,16,313.25,324.44,637.69,313.25,324.44,637.69,212.56,1.0, sdumont6165,1913.0700000000002
0.0,1872,13,265348.0,3140.0,3112.0,265348.0,0.0,0.0,0.0,0.0,1.0,0,0.0,0.0,3n-1m-48th-Bc-sp-mz,sequana_cpu_dev,3,11421358.0,1,48,B,sp-mz,8,8,400,304,208,17,2285.2,2159.47,4444.67,207.75,196.32,404.06,134.69,11.0, sdumont6185,57780.71
906.0,5904,41,1501060.0,413744.0,412192.0,1644444.0,1280.0,4218.88,1310.72,4218.88,1.0,0,193.0,202.0,3n-1m-48th-Cc-sp-mz,sequana_cpu_dev,3,11421364.0,1,48,C,sp-mz,16,16,400,480,320,28,8115.98,7538.5,15654.48,208.1,193.29,401.4,133.8,39.0, sdumont6185,641833.6799999999
5.0,96,8,526186.666015625,143188.0,72185.3330078125,1080252.0,501.76,2109.44,1064.96,4218.88,1.0,0,2.0,12.0,3n-2m-2th-Ac-sp-mz,sequana_cpu_dev,3,11421369.0,2,2,A,sp-mz,4,4,400,128,128,16,857.54,845.23,1702.77,122.51,120.75,243.25,81.08,7.0, sdumont6239,13622.16
16.0,276,23,634851.3330078125,143588.0,72679.3330078125,1292756.0,593.92,2109.44,1320.96,4218.88,1.0,0,3.0,21.0,3n-2m-2th-Bc-sp-mz,sequana_cpu_dev,3,11421374.0,2,2,B,sp-mz,8,8,400,304,208,17,2985.39,2889.2,5874.59,135.7,131.33,267.03,89.01,22.0, sdumont6239,135115.57
18.0,348,29,560336.666015625,143216.0,43193.3330078125,1080212.0,614.4,2109.44,1361.92,4218.88,1.0,0,0.0,0.0,3n-2m-2th-Cc-sp-mz,sequana_cpu_dev,3,11421378.0,2,2,C,sp-mz,16,16,400,480,320,28,5188.69,5356.76,10545.45,185.31,191.31,376.62,125.54,28.0, sdumont6165,305818.05000000005
2.0,72,3,637004.666015625,143872.0,72848.666015625,1296996.0,501.76,2109.44,1003.52,4218.88,1.0,0,0.0,2.0,3n-2m-4th-Ac-sp-mz,sequana_cpu_dev,3,11421382.0,2,4,A,sp-mz,4,4,400,128,128,16,201.47,212.06,413.54,100.74,106.03,206.77,68.92,2.0, sdumont6166,1240.6200000000001
5.0,144,6,415842.666015625,140108.0,42264.0,644360.0,501.76,2109.44,1044.48,4218.88,0.0,0,0.0,3.0,3n-2m-4th-Bc-sp-mz,sequana_cpu_dev,3,11421390.0,2,4,B,sp-mz,8,8,400,304,208,17,757.85,781.56,1539.41,189.46,195.39,384.85,128.28,4.0, sdumont6166,9236.460000000001
20.0,456,19,568302.0,145188.0,50255.3330078125,1084188.0,563.2,2109.44,1228.8,4218.88,1.0,0,0.0,3.0,3n-2m-4th-Cc-sp-mz,sequana_cpu_dev,3,11421397.0,2,4,C,sp-mz,16,16,400,480,320,28,3653.07,3796.54,7449.61,202.95,210.92,413.87,137.96,18.0, sdumont6168,141542.59
1.0,72,2,568068.666015625,143380.0,49803.3330078125,1301192.0,501.76,2109.44,1013.76,4218.88,0.0,0,2.0,11.0,3n-2m-6th-Ac-sp-mz,sequana_cpu_dev,3,11421406.0,2,6,A,sp-mz,4,4,400,128,128,16,204.35,220.93,425.28,204.35,220.93,425.28,141.76,1.0, sdumont6168,850.56
5.0,180,5,606426.666015625,143752.0,50185.3330078125,1300996.0,512.0,2109.44,1034.24,4218.88,1.0,0,3.0,20.0,3n-2m-6th-Bc-sp-mz,sequana_cpu_dev,3,11421410.0,2,6,B,sp-mz,8,8,400,304,208,17,539.31,565.83,1105.15,179.77,188.61,368.38,122.79,3.0, sdumont6082,5525.75
32.0,432,12,522974.666015625,143292.0,65212.0,1088444.0,512.0,2109.44,1126.4,4218.88,0.0,0,2.0,11.0,3n-2m-6th-Cc-sp-mz,sequana_cpu_dev,3,11421416.0,2,6,C,sp-mz,16,16,400,480,320,28,2872.7,2914.04,5786.74,261.15,264.91,526.07,175.36,11.0, sdumont6167,69440.88
2.0,96,2,567842.666015625,143244.0,71848.666015625,1305312.0,491.52,2109.44,1013.76,4218.88,1.0,0,2.0,5.0,3n-2m-8th-Ac-sp-mz,sequana_cpu_dev,3,11421424.0,2,8,A,sp-mz,4,4,400,128,128,16,231.36,238.01,469.37,231.36,238.01,469.37,156.46,1.0, sdumont6082,938.74
8.0,192,4,567761.3330078125,143708.0,72254.0,1305244.0,491.52,2109.44,1024.0,4218.88,0.0,0,2.0,7.0,3n-2m-8th-Bc-sp-mz,sequana_cpu_dev,3,11421428.0,2,8,B,sp-mz,8,8,400,304,208,17,618.6,649.32,1267.93,206.2,216.44,422.64,140.88,3.0, sdumont6168,5071.72
49.0,1344,28,607800.0,143804.0,50166.0,1305128.0,696.32,2109.44,1413.12,4218.88,0.0,0,11.0,36.0,3n-2m-8th-Cc-sp-mz,sequana_cpu_dev,3,11421435.0,2,8,C,sp-mz,16,16,400,480,320,28,4575.09,4499.31,9074.4,169.45,166.64,336.09,112.03,27.0, sdumont6168,254083.19999999998
2.0,180,3,527274.666015625,142276.0,65114.666015625,1096756.0,491.52,2109.44,1013.76,4218.88,1.0,0,14.0,41.0,3n-2m-10th-Ac-sp-mz,sequana_cpu_dev,3,11421442.0,2,10,A,sp-mz,4,4,400,128,128,16,232.78,240.35,473.13,232.78,240.35,473.13,157.71,1.0, sdumont6168,1419.3899999999999
9.0,240,4,643136.0,144052.0,72858.666015625,1309368.0,501.76,2109.44,1024.0,4218.88,1.0,0,4.0,15.0,3n-2m-10th-Bc-sp-mz,sequana_cpu_dev,3,11421453.0,2,10,B,sp-mz,8,8,400,304,208,17,670.35,700.5,1370.84,335.17,350.25,685.42,228.47,2.0, sdumont6168,5483.36
12.0,840,14,426892.666015625,99436.0,19992.666015625,885136.0,542.72,2109.44,1167.36,4218.88,78.0,0,4.0,26.0,3n-2m-10th-Cc-sp-mz,sequana_cpu_dev,3,11421462.0,2,10,C,sp-mz,16,16,400,480,320,28,2829.66,2879.32,5708.98,257.24,261.76,519.0,173.0,11.0, sdumont6211,79925.72
1.0,288,4,574919.3330078125,145456.0,50420.0,1106812.0,512.0,2109.44,1044.48,4218.88,1.0,0,5.0,24.0,3n-2m-12th-Ac-sp-mz,sequana_cpu_dev,3,11421469.0,2,12,A,sp-mz,4,4,400,128,128,16,397.77,413.46,811.22,132.59,137.82,270.41,90.14,3.0, sdumont6165,3244.88
9.0,288,4,557601.3330078125,143848.0,59100.666015625,1313484.0,491.52,2109.44,1024.0,4218.88,1.0,0,10.0,34.0,3n-2m-12th-Bc-sp-mz,sequana_cpu_dev,3,11421472.0,2,12,B,sp-mz,8,8,400,304,208,17,543.52,577.63,1121.15,181.17,192.54,373.72,124.57,3.0, sdumont6165,4484.6
26.0,648,9,682580.0,144164.0,50608.0,1313504.0,542.72,2109.44,1095.68,4218.88,1.0,0,6.0,19.0,3n-2m-12th-Cc-sp-mz,sequana_cpu_dev,3,11421476.0,2,12,C,sp-mz,16,16,400,480,320,28,2370.27,2461.64,4831.91,308.52,320.62,629.15,209.72,7.67, sdumont6167,43487.19
3.0,420,5,516026.666015625,138132.0,29193.3330078125,972480.0,512.0,2109.44,1064.96,4218.88,23.0,0,66.0,353.0,3n-2m-14th-Ac-sp-mz,sequana_cpu_dev,3,11421481.0,2,14,A,sp-mz,4,4,400,128,128,16,587.09,591.73,1178.82,146.77,147.93,294.7,98.23,4.0, sdumont6214,5894.099999999999
10.0,336,4,566795.3330078125,144016.0,65527.3330078125,1317600.0,491.52,2109.44,1013.76,4218.88,304.0,0,8.0,21.0,3n-2m-14th-Bc-sp-mz,sequana_cpu_dev,3,11421486.0,2,14,B,sp-mz,8,8,400,304,208,17,310.23,334.99,645.21,139.48,149.77,289.25,96.42,2.33, sdumont6165,2580.84
29.0,672,8,496017.3330078125,143372.0,42794.666015625,1104776.0,522.24,2109.44,1085.44,4218.88,1.0,0,7.0,22.0,3n-2m-14th-Cc-sp-mz,sequana_cpu_dev,3,11421491.0,2,14,C,sp-mz,16,16,400,480,320,28,2161.8,2222.45,4384.25,308.83,317.49,626.32,208.77,7.0, sdumont6166,35074.0
2.0,384,4,424302.666015625,138480.0,41996.0,669356.0,501.76,2109.44,1034.24,4218.88,1.0,0,5.0,18.0,3n-2m-16th-Ac-sp-mz,sequana_cpu_dev,3,11421495.0,2,16,A,sp-mz,4,4,400,128,128,16,367.7,377.43,745.14,183.85,188.72,372.57,124.19,2.0, sdumont6165,2980.56
7.0,384,4,423945.3330078125,140380.0,42154.666015625,668980.0,491.52,2109.44,1024.0,4218.88,1.0,0,6.0,27.0,3n-2m-16th-Bc-sp-mz,sequana_cpu_dev,3,11421500.0,2,16,B,sp-mz,8,8,400,304,208,17,291.49,323.58,615.06,145.74,161.79,307.53,102.51,2.0, sdumont6167,2460.24
32.0,768,8,497381.3330078125,143348.0,42804.0,1108892.0,522.24,2109.44,1075.2,4218.88,1.0,0,11.0,48.0,3n-2m-16th-Cc-sp-mz,sequana_cpu_dev,3,11421502.0,2,16,C,sp-mz,16,16,400,480,320,28,2247.83,2359.37,4607.2,321.12,337.05,658.17,219.39,7.0, sdumont6165,36857.6
3.0,324,3,578108.0,142836.0,71674.666015625,1325844.0,491.52,2109.44,1003.52,4218.88,1.0,0,12.0,30.0,3n-2m-18th-Ac-sp-mz,sequana_cpu_dev,3,11421507.0,2,18,A,sp-mz,4,4,400,128,128,16,241.32,242.91,484.23,202.65,201.95,404.6,134.87,1.33, sdumont6167,1452.69
12.0,432,4,542601.3330078125,143324.0,72222.0,1113132.0,491.52,2109.44,1003.52,4218.88,1.0,0,15.0,49.0,3n-2m-18th-Bc-sp-mz,sequana_cpu_dev,3,11421514.0,2,18,B,sp-mz,8,8,400,304,208,17,296.08,317.11,613.18,131.83,140.93,272.76,90.92,2.33, sdumont6166,2452.72
17.0,864,8,613325.3330078125,143344.0,28210.0,1113148.0,532.48,2109.44,1075.2,4218.88,1.0,0,6.0,40.0,3n-2m-18th-Cc-sp-mz,sequana_cpu_dev,3,11421518.0,2,18,C,sp-mz,16,16,400,480,320,28,2284.4,2332.19,4616.59,326.34,333.17,659.51,219.84,7.0, sdumont6167,36932.72
2.0,360,3,499071.3330078125,138932.0,42370.0,885136.0,491.52,2109.44,1003.52,4218.88,1.0,0,9.0,29.0,3n-2m-20th-Ac-sp-mz,sequana_cpu_dev,3,11421523.0,2,20,A,sp-mz,4,4,400,128,128,16,129.42,130.83,260.25,64.71,65.41,130.12,43.37,2.0, sdumont6165,780.75
9.0,480,4,507287.3330078125,143536.0,49653.3330078125,1117252.0,501.76,2109.44,1024.0,4218.88,1.0,0,11.0,44.0,3n-2m-20th-Bc-sp-mz,sequana_cpu_dev,3,11421528.0,2,20,B,sp-mz,8,8,400,304,208,17,299.57,324.84,624.41,99.86,108.28,208.14,69.38,3.0, sdumont6165,2497.64
18.0,960,8,461371.3330078125,99348.0,19967.3330078125,885136.0,522.24,2109.44,1085.44,4218.88,1.0,0,4.0,27.0,3n-2m-20th-Cc-sp-mz,sequana_cpu_dev,3,11421533.0,2,20,C,sp-mz,16,16,400,480,320,28,2308.32,2413.14,4721.46,329.76,344.73,674.49,224.83,7.0, sdumont6167,37771.68
2.0,528,4,406418.666015625,96940.0,21562.0,638800.0,501.76,2109.44,1044.48,4218.88,1.0,0,46.0,256.0,3n-2m-22th-Ac-sp-mz,sequana_cpu_dev,3,11421535.0,2,22,A,sp-mz,4,4,400,128,128,16,362.11,365.31,727.42,161.74,161.71,323.45,107.82,2.33, sdumont6166,2909.68
10.0,528,4,507428.666015625,140596.0,49804.666015625,885612.0,491.52,2109.44,1013.76,4218.88,0.0,0,11.0,44.0,3n-2m-22th-Bc-sp-mz,sequana_cpu_dev,3,11421539.0,2,22,B,sp-mz,8,8,400,304,208,17,293.42,313.1,606.52,131.52,139.55,271.07,90.36,2.33, sdumont6166,2426.08
61.0,1056,8,532242.0,143620.0,58576.0,1121256.0,501.76,2109.44,1064.96,4218.88,1.0,0,18.0,47.0,3n-2m-22th-Cc-sp-mz,sequana_cpu_dev,3,11421541.0,2,22,C,sp-mz,16,16,400,480,320,28,2305.6,2346.69,4652.28,366.73,372.55,739.29,246.43,6.33, sdumont6167,37218.24
16.0,576,4,650394.666015625,144192.0,66177.3330078125,1338064.0,501.76,2109.44,1013.76,4218.88,0.0,0,19.0,72.0,3n-2m-24th-Bc-sp-mz,sequana_cpu_dev,3,11421550.0,2,24,B,sp-mz,8,8,400,304,208,17,433.16,450.63,883.79,179.03,186.12,365.15,121.72,2.33, sdumont6165,3535.16
66.0,1152,8,534274.666015625,143716.0,58562.666015625,1125472.0,501.76,2109.44,1075.2,4218.88,2.0,0,23.0,55.0,3n-2m-24th-Cc-sp-mz,sequana_cpu_dev,3,11421555.0,2,24,C,sp-mz,16,16,400,480,320,28,2379.46,2456.0,4835.46,339.92,350.86,690.78,230.26,7.0, sdumont6166,38683.68
0.0,56,7,265348.0,3168.0,3133.0,265348.0,0.0,0.0,0.0,0.0,1.0,0,0.0,0.0,4n-1m-2th-Ac-sp-mz,sequana_cpu_dev,4,11421559.0,1,2,A,sp-mz,4,4,400,128,128,16,878.7,690.37,1569.06,175.74,138.07,313.81,78.45,5.0, sdumont6169,10983.42
0.0,88,11,265348.0,3116.0,3078.0,265348.0,0.0,0.0,0.0,0.0,0.0,0,0.0,0.0,4n-1m-2th-Bc-sp-mz,sequana_cpu_dev,4,11421564.0,1,2,B,sp-mz,8,8,400,304,208,17,2356.67,1603.47,3960.14,235.67,160.35,396.01,99.0,10.0, sdumont6168,43561.54
58.0,344,43,1319814.0,344684.0,342226.0,1470176.0,1239.04,4208.64,1239.04,4208.64,1.0,0,0.0,0.0,4n-1m-2th-Cc-sp-mz,sequana_cpu_dev,4,11421567.0,1,2,C,sp-mz,16,16,400,480,320,28,10214.13,6881.6,17095.73,243.19,163.85,407.04,101.76,42.0, sdumont6167,735116.39
0.0,48,3,265348.0,3144.0,3115.0,265348.0,0.0,0.0,0.0,0.0,0.0,0,0.0,0.0,4n-1m-4th-Ac-sp-mz,sequana_cpu_dev,4,11421570.0,1,4,A,sp-mz,4,4,400,128,128,16,277.32,186.27,463.59,138.66,93.13,231.79,57.95,2.0, sdumont6165,1390.77
0.0,112,7,265348.0,3116.0,3079.0,265348.0,0.0,0.0,0.0,0.0,1.0,0,0.0,0.0,4n-1m-4th-Bc-sp-mz,sequana_cpu_dev,4,11421573.0,1,4,B,sp-mz,8,8,400,304,208,17,1554.95,888.65,2443.6,259.16,148.11,407.27,101.82,6.0, sdumont6167,17105.2
0.0,384,24,265348.0,3156.0,3088.0,265348.0,0.0,0.0,0.0,0.0,1.0,0,0.0,0.0,4n-1m-4th-Cc-sp-mz,sequana_cpu_dev,4,11421578.0,1,4,C,sp-mz,16,16,400,480,320,28,6598.74,3650.63,10249.37,286.9,158.72,445.62,111.41,23.0, sdumont6168,245984.88
0.0,48,2,265348.0,3148.0,3142.0,265348.0,0.0,0.0,0.0,0.0,1.0,0,0.0,0.0,4n-1m-6th-Ac-sp-mz,sequana_cpu_dev,4,11421582.0,1,6,A,sp-mz,4,4,400,128,128,16,317.85,187.6,505.45,317.85,187.6,505.45,126.36,1.0, sdumont6167,1010.9
0.0,168,7,265348.0,3112.0,3084.0,265348.0,0.0,0.0,0.0,0.0,1.0,0,0.0,0.0,4n-1m-6th-Bc-sp-mz,sequana_cpu_dev,4,11421585.0,1,6,B,sp-mz,8,8,400,304,208,17,1550.69,910.68,2461.37,258.45,151.78,410.23,102.56,6.0, sdumont6167,17229.59
0.0,408,17,265348.0,3176.0,3157.0,265348.0,0.0,0.0,0.0,0.0,1.0,0,0.0,0.0,4n-1m-6th-Cc-sp-mz,sequana_cpu_dev,4,11421589.0,1,6,C,sp-mz,16,16,400,480,320,28,5600.81,2630.18,8230.99,350.05,164.39,514.44,128.61,16.0, sdumont6168,139926.83
0.0,64,2,265348.0,3172.0,1571.0,265348.0,0.0,0.0,0.0,0.0,3.0,0,0.0,0.0,4n-1m-8th-Ac-sp-mz,sequana_cpu_dev,4,11421592.0,1,8,A,sp-mz,4,4,400,128,128,16,350.76,181.36,532.11,350.76,181.36,532.11,133.03,1.0, sdumont6167,1064.22
0.0,160,5,265348.0,3140.0,2066.0,265348.0,0.0,0.0,0.0,0.0,4.0,0,0.0,0.0,4n-1m-8th-Bc-sp-mz,sequana_cpu_dev,4,11421595.0,1,8,B,sp-mz,8,8,400,304,208,17,1344.98,573.38,1918.37,336.25,143.35,479.59,119.9,4.0, sdumont6169,9591.849999999999
0.0,448,14,265348.0,3184.0,2095.0,265348.0,0.0,0.0,0.0,0.0,0.0,0,0.0,0.0,4n-1m-8th-Cc-sp-mz,sequana_cpu_dev,4,11421598.0,1,8,C,sp-mz,16,16,400,480,320,28,5028.47,2000.26,7028.72,386.81,153.87,540.67,135.17,13.0, sdumont6167,98402.08
0.0,120,3,265348.0,3240.0,1588.0,265348.0,0.0,0.0,0.0,0.0,2.0,0,0.0,0.0,4n-1m-10th-Ac-sp-mz,sequana_cpu_dev,4,11421601.0,1,10,A,sp-mz,4,4,400,128,128,16,358.06,169.26,527.31,358.06,169.26,527.31,131.83,1.0, sdumont6167,1581.9299999999998
0.0,200,5,265348.0,3156.0,1565.0,265348.0,0.0,0.0,0.0,0.0,3.0,0,0.0,0.0,4n-1m-10th-Bc-sp-mz,sequana_cpu_dev,4,11421606.0,1,10,B,sp-mz,8,8,400,304,208,17,990.18,388.44,1378.62,247.54,97.11,344.65,86.16,4.0, sdumont6168,6893.099999999999
0.0,520,13,265348.0,3112.0,1555.0,265348.0,0.0,0.0,0.0,0.0,4.0,0,0.0,0.0,4n-1m-10th-Cc-sp-mz,sequana_cpu_dev,4,11421609.0,1,10,C,sp-mz,16,16,400,480,320,28,4929.07,1751.0,6680.07,481.67,171.34,653.01,163.25,10.25, sdumont6169,86840.91
0.0,96,2,265348.0,3112.0,1554.0,265348.0,0.0,0.0,0.0,0.0,1.0,0,0.0,0.0,4n-1m-12th-Ac-sp-mz,sequana_cpu_dev,4,11421613.0,1,12,A,sp-mz,4,4,400,128,128,16,356.14,168.77,524.91,356.14,168.77,524.91,131.23,1.0, sdumont6167,1049.82
0.0,192,4,265348.0,3100.0,2056.0,265348.0,0.0,0.0,0.0,0.0,1.0,0,0.0,0.0,4n-1m-12th-Bc-sp-mz,sequana_cpu_dev,4,11421618.0,1,12,B,sp-mz,8,8,400,304,208,17,1019.7,391.26,1410.96,339.9,130.42,470.32,117.58,3.0, sdumont6165,5643.84
0.0,528,11,265348.0,1036.0,1036.0,265348.0,0.0,0.0,0.0,0.0,1.0,0,0.0,0.0,4n-1m-12th-Cc-sp-mz,sequana_cpu_dev,4,11421621.0,1,12,C,sp-mz,16,16,400,480,320,28,4680.53,1635.71,6316.24,468.05,163.57,631.62,157.91,10.0, sdumont6165,69478.64
0.0,112,2,265348.0,3172.0,1571.0,265348.0,0.0,0.0,0.0,0.0,1.0,0,0.0,0.0,4n-1m-14th-Ac-sp-mz,sequana_cpu_dev,4,11421625.0,1,14,A,sp-mz,4,4,400,128,128,16,351.84,170.3,522.14,351.84,170.3,522.14,130.54,1.0, sdumont6166,1044.28
0.0,224,4,265348.0,3148.0,2063.0,265348.0,0.0,0.0,0.0,0.0,4.0,0,0.0,0.0,4n-1m-14th-Bc-sp-mz,sequana_cpu_dev,4,11421629.0,1,14,B,sp-mz,8,8,400,304,208,17,1075.85,390.05,1465.9,537.92,195.02,732.95,183.24,2.0, sdumont6168,5863.6
0.0,616,11,265348.0,3176.0,2068.0,265348.0,0.0,0.0,0.0,0.0,8.0,0,0.0,0.0,4n-1m-14th-Cc-sp-mz,sequana_cpu_dev,4,11421633.0,1,14,C,sp-mz,16,16,400,480,320,28,4282.11,1420.92,5703.03,475.79,157.88,633.67,158.42,9.0, sdumont6169,62733.329999999994
0.0,192,3,265348.0,3156.0,2080.0,265348.0,0.0,0.0,0.0,0.0,7.0,0,0.0,0.0,4n-1m-16th-Ac-sp-mz,sequana_cpu_dev,4,11421636.0,1,16,A,sp-mz,4,4,400,128,128,16,357.24,170.25,527.48,357.24,170.25,527.48,131.87,1.0, sdumont6166,1582.44
0.0,512,8,265348.0,3116.0,1556.0,265348.0,0.0,0.0,0.0,0.0,343.0,0,0.0,0.0,4n-1m-16th-Bc-sp-mz,sequana_cpu_dev,4,11421640.0,1,16,B,sp-mz,8,8,400,304,208,17,1306.65,628.18,1934.83,186.66,89.74,276.4,69.1,7.0, sdumont6198,15478.64
0.0,832,13,265348.0,1036.0,1034.0,265348.0,0.0,0.0,0.0,0.0,406.0,0,0.0,0.0,4n-1m-16th-Cc-sp-mz,sequana_cpu_dev,4,11421649.0,1,16,C,sp-mz,16,16,400,480,320,28,4641.88,1746.62,6388.49,404.56,152.38,556.94,139.24,11.5, sdumont6169,83050.37
0.0,288,4,265348.0,1036.0,1036.0,265348.0,0.0,0.0,0.0,0.0,0.0,0,0.0,0.0,4n-1m-18th-Ac-sp-mz,sequana_cpu_dev,4,11421659.0,1,18,A,sp-mz,4,4,400,128,128,16,166.36,162.41,328.77,102.75,98.66,201.41,50.35,1.75, sdumont6168,1315.08
0.0,288,4,265348.0,1036.0,1036.0,265348.0,0.0,0.0,0.0,0.0,1.0,0,0.0,0.0,4n-1m-18th-Bc-sp-mz,sequana_cpu_dev,4,11421663.0,1,18,B,sp-mz,8,8,400,304,208,17,1103.77,411.34,1515.11,551.88,205.67,757.55,189.39,2.0, sdumont6166,6060.44
0.0,648,9,265348.0,3164.0,1569.0,265348.0,0.0,0.0,0.0,0.0,1.0,0,0.0,0.0,4n-1m-18th-Cc-sp-mz,sequana_cpu_dev,4,11421667.0,1,18,C,sp-mz,16,16,400,480,320,28,4451.15,1411.08,5862.23,556.39,176.38,732.78,183.19,8.0, sdumont6167,52760.06999999999
0.0,320,4,265348.0,3180.0,2630.0,265348.0,0.0,0.0,0.0,0.0,4.0,0,0.0,0.0,4n-1m-20th-Bc-sp-mz,sequana_cpu_dev,4,11421679.0,1,20,B,sp-mz,8,8,400,304,208,17,1104.76,380.69,1485.45,368.25,126.9,495.15,123.79,3.0, sdumont6168,5941.8
0.0,800,10,265348.0,3160.0,2087.0,265348.0,0.0,0.0,0.0,0.0,1.0,0,0.0,0.0,4n-1m-20th-Cc-sp-mz,sequana_cpu_dev,4,11421683.0,1,20,C,sp-mz,16,16,400,480,320,28,4492.72,1410.7,5903.42,499.19,156.74,655.94,163.98,9.0, sdumont6166,59034.2
0.0,352,4,265348.0,3092.0,1550.0,265348.0,0.0,0.0,0.0,0.0,1.0,0,0.0,0.0,4n-1m-22th-Bc-sp-mz,sequana_cpu_dev,4,11421697.0,1,22,B,sp-mz,8,8,400,304,208,17,1108.06,382.41,1490.47,369.35,127.47,496.82,124.21,3.0, sdumont6165,5961.88
0.0,880,10,265348.0,1040.0,1037.0,265348.0,0.0,0.0,0.0,0.0,0.0,0,0.0,0.0,4n-1m-22th-Cc-sp-mz,sequana_cpu_dev,4,11421701.0,1,22,C,sp-mz,16,16,400,480,320,28,4436.01,1429.52,5865.53,554.5,178.69,733.19,183.3,8.0, sdumont6166,58655.299999999996
0.0,480,5,265348.0,3120.0,2566.0,265348.0,0.0,0.0,0.0,0.0,1.0,0,0.0,0.0,4n-1m-24th-Ac-sp-mz,sequana_cpu_dev,4,11421706.0,1,24,A,sp-mz,4,4,400,128,128,16,395.93,345.25,741.18,98.98,86.31,185.29,46.32,4.0, sdumont6216,3705.8999999999996
0.0,576,6,265348.0,1040.0,1037.0,265348.0,0.0,0.0,0.0,0.0,1.0,0,0.0,0.0,4n-1m-24th-Bc-sp-mz,sequana_cpu_dev,4,11421715.0,1,24,B,sp-mz,8,8,400,304,208,17,1291.18,702.24,1993.43,258.24,140.45,398.69,99.67,5.0, sdumont6167,11960.58
0.0,960,10,265348.0,3140.0,2610.0,265348.0,0.0,0.0,0.0,0.0,0.0,0,0.0,0.0,4n-1m-24th-Cc-sp-mz,sequana_cpu_dev,4,11421718.0,1,24,C,sp-mz,16,16,400,480,320,28,3931.05,1160.7,5091.75,436.78,128.97,565.75,141.44,9.0, sdumont6217,50917.5
0.0,312,3,265348.0,3168.0,2631.0,265348.0,0.0,0.0,0.0,0.0,0.0,0,0.0,0.0,4n-1m-26th-Ac-sp-mz,sequana_cpu_dev,4,11421721.0,1,26,A,sp-mz,4,4,400,128,128,16,376.36,197.07,573.42,376.36,197.07,573.42,143.36,1.0, sdumont6218,1720.2599999999998
0.0,416,4,265348.0,3236.0,3180.0,265348.0,0.0,0.0,0.0,0.0,0.0,0,0.0,0.0,4n-1m-26th-Bc-sp-mz,sequana_cpu_dev,4,11421724.0,1,26,B,sp-mz,8,8,400,304,208,17,1073.55,508.94,1582.5,357.85,169.65,527.5,131.87,3.0, sdumont6218,6330.0
0.0,1352,13,265348.0,3240.0,3196.0,265348.0,0.0,0.0,0.0,0.0,0.0,0,0.0,0.0,4n-1m-26th-Cc-sp-mz,sequana_cpu_dev,4,11421727.0,1,26,C,sp-mz,16,16,400,480,320,28,5283.9,2563.86,7847.76,440.32,213.66,653.98,163.5,12.0, sdumont6216,102020.88
0.0,224,2,265348.0,3168.0,3097.0,265348.0,0.0,0.0,0.0,0.0,1.0,0,0.0,0.0,4n-1m-28th-Ac-sp-mz,sequana_cpu_dev,4,11421732.0,1,28,A,sp-mz,4,4,400,128,128,16,372.68,221.12,593.8,372.68,221.12,593.8,148.45,1.0, sdumont6216,1187.6
0.0,448,4,265348.0,3096.0,2558.0,265348.0,0.0,0.0,0.0,0.0,0.0,0,0.0,0.0,4n-1m-28th-Bc-sp-mz,sequana_cpu_dev,4,11421734.0,1,28,B,sp-mz,8,8,400,304,208,17,1076.12,615.81,1691.92,358.71,205.27,563.97,140.99,3.0, sdumont6166,6767.68
0.0,1456,13,265348.0,3152.0,2576.0,265348.0,0.0,0.0,0.0,0.0,1.0,0,0.0,0.0,4n-1m-28th-Cc-sp-mz,sequana_cpu_dev,4,11421737.0,1,28,C,sp-mz,16,16,400,480,320,28,5397.85,3117.75,8515.6,490.71,283.43,774.15,193.54,11.0, sdumont6167,110702.8
0.0,240,2,265348.0,3144.0,3110.0,265348.0,0.0,0.0,0.0,0.0,0.0,0,0.0,0.0,4n-1m-30th-Ac-sp-mz,sequana_cpu_dev,4,11421740.0,1,30,A,sp-mz,4,4,400,128,128,16,383.29,258.75,642.04,383.29,258.75,642.04,160.51,1.0, sdumont6166,1284.08
0.0,480,4,265348.0,3128.0,3093.0,265348.0,0.0,0.0,0.0,0.0,1.0,0,0.0,0.0,4n-1m-30th-Bc-sp-mz,sequana_cpu_dev,4,11421745.0,1,30,B,sp-mz,8,8,400,304,208,17,1074.0,700.09,1774.09,358.0,233.36,591.36,147.84,3.0, sdumont6166,7096.36
0.0,1440,12,265348.0,3144.0,3065.0,265348.0,0.0,0.0,0.0,0.0,1.0,0,0.0,0.0,4n-1m-30th-Cc-sp-mz,sequana_cpu_dev,4,11421751.0,1,30,C,sp-mz,16,16,400,480,320,28,4783.25,3175.03,7958.28,434.84,288.64,723.48,180.87,11.0, sdumont6165,95499.36
0.0,512,4,265348.0,3152.0,2603.0,265348.0,0.0,0.0,0.0,0.0,1.0,0,0.0,0.0,4n-1m-32th-Ac-sp-mz,sequana_cpu_dev,4,11421753.0,1,32,A,sp-mz,4,4,400,128,128,16,544.25,445.86,990.11,272.12,222.93,495.05,123.76,2.0, sdumont6165,3960.44
0.0,640,5,265348.0,3176.0,2096.0,265348.0,0.0,0.0,0.0,0.0,1.0,0,0.0,0.0,4n-1m-32th-Bc-sp-mz,sequana_cpu_dev,4,11421757.0,1,32,B,sp-mz,8,8,400,304,208,17,968.03,728.74,1696.77,242.01,182.18,424.19,106.05,4.0, sdumont6166,8483.85
0.0,1792,14,265348.0,3168.0,3104.0,265348.0,0.0,0.0,0.0,0.0,1.0,0,0.0,0.0,4n-1m-32th-Cc-sp-mz,sequana_cpu_dev,4,11421763.0,1,32,C,sp-mz,16,16,400,480,320,28,5517.2,4137.83,9655.03,424.4,318.29,742.69,185.67,13.0, sdumont6167,135170.42
0.0,408,3,265348.0,3176.0,2636.0,265348.0,0.0,0.0,0.0,0.0,1.0,0,0.0,0.0,4n-1m-34th-Ac-sp-mz,sequana_cpu_dev,4,11421765.0,1,34,A,sp-mz,4,4,400,128,128,16,380.65,308.65,689.3,190.32,154.32,344.65,86.16,2.0, sdumont6166,2067.8999999999996
0.0,680,5,265348.0,3152.0,2616.0,265348.0,0.0,0.0,0.0,0.0,1.0,0,0.0,0.0,4n-1m-34th-Bc-sp-mz,sequana_cpu_dev,4,11421770.0,1,34,B,sp-mz,8,8,400,304,208,17,1021.5,834.5,1856.0,255.38,208.62,464.0,116.0,4.0, sdumont6165,9280.0
0.0,1904,14,265348.0,3160.0,3132.0,265348.0,0.0,0.0,0.0,0.0,1.0,0,0.0,0.0,4n-1m-34th-Cc-sp-mz,sequana_cpu_dev,4,11421773.0,1,34,C,sp-mz,16,16,400,480,320,28,5407.57,4513.79,9921.36,415.97,347.21,763.18,190.8,13.0, sdumont6165,138899.04
0.0,432,3,265348.0,3076.0,3062.0,265348.0,0.0,0.0,0.0,0.0,1.0,0,0.0,0.0,4n-1m-36th-Ac-sp-mz,sequana_cpu_dev,4,11421777.0,1,36,A,sp-mz,4,4,400,128,128,16,371.65,312.52,684.17,276.29,233.86,510.15,127.54,1.5, sdumont6165,2052.5099999999998
0.0,576,4,265348.0,3176.0,3137.0,265348.0,0.0,0.0,0.0,0.0,1.0,0,0.0,0.0,4n-1m-36th-Bc-sp-mz,sequana_cpu_dev,4,11421781.0,1,36,B,sp-mz,8,8,400,304,208,17,1027.51,887.14,1914.65,342.5,295.71,638.22,159.55,3.0, sdumont6167,7658.6
0.0,1872,13,265348.0,3156.0,3109.0,265348.0,0.0,0.0,0.0,0.0,1.0,0,0.0,0.0,4n-1m-36th-Cc-sp-mz,sequana_cpu_dev,4,11421784.0,1,36,C,sp-mz,16,16,400,480,320,28,5222.56,4527.65,9750.2,435.21,377.3,812.52,203.13,12.0, sdumont6165,126752.6
0.0,456,3,265348.0,3112.0,2577.0,265348.0,0.0,0.0,0.0,0.0,1.0,0,0.0,0.0,4n-1m-38th-Ac-sp-mz,sequana_cpu_dev,4,11421787.0,1,38,A,sp-mz,4,4,400,128,128,16,382.94,336.18,719.12,191.47,168.09,359.56,89.89,2.0, sdumont6165,2157.36
0.0,760,5,265348.0,3124.0,2599.0,265348.0,0.0,0.0,0.0,0.0,1.0,0,0.0,0.0,4n-1m-38th-Bc-sp-mz,sequana_cpu_dev,4,11421790.0,1,38,B,sp-mz,8,8,400,304,208,17,1018.14,909.21,1927.35,295.93,265.24,561.18,140.29,3.5, sdumont6168,9636.75
0.0,1976,13,265348.0,3176.0,3137.0,265348.0,0.0,0.0,0.0,0.0,3.0,0,0.0,0.0,4n-1m-38th-Cc-sp-mz,sequana_cpu_dev,4,11421793.0,1,38,C,sp-mz,16,16,400,480,320,28,5350.77,4718.19,10068.96,475.63,419.82,895.45,223.86,11.25, sdumont6167,130896.47999999998
0.0,480,3,265348.0,3088.0,2561.0,265348.0,0.0,0.0,0.0,0.0,1.0,0,0.0,0.0,4n-1m-40th-Ac-sp-mz,sequana_cpu_dev,4,11421796.0,1,40,A,sp-mz,4,4,400,128,128,16,393.89,358.98,752.87,196.94,179.49,376.43,94.11,2.0, sdumont6166,2258.61
0.0,960,6,265348.0,3112.0,2563.0,265348.0,0.0,0.0,0.0,0.0,1.0,0,0.0,0.0,4n-1m-40th-Bc-sp-mz,sequana_cpu_dev,4,11421799.0,1,40,B,sp-mz,8,8,400,304,208,17,1590.8,1462.93,3053.74,318.16,292.59,610.75,152.69,5.0, sdumont6165,18322.44
0.0,2080,13,265348.0,3140.0,3089.0,265348.0,0.0,0.0,0.0,0.0,2.0,0,0.0,0.0,4n-1m-40th-Cc-sp-mz,sequana_cpu_dev,4,11421803.0,1,40,C,sp-mz,16,16,400,480,320,28,5220.02,4854.17,10074.19,435.0,404.51,839.52,209.88,12.0, sdumont6165,130964.47
0.0,672,4,265348.0,3124.0,3087.0,265348.0,0.0,0.0,0.0,0.0,1.0,0,0.0,0.0,4n-1m-42th-Ac-sp-mz,sequana_cpu_dev,4,11421806.0,1,42,A,sp-mz,4,4,400,128,128,16,260.25,248.88,509.13,130.12,124.44,254.56,63.64,2.0, sdumont6165,2036.52
0.0,840,5,265348.0,3140.0,3098.0,265348.0,0.0,0.0,0.0,0.0,1.0,0,0.0,0.0,4n-1m-42th-Bc-sp-mz,sequana_cpu_dev,4,11421809.0,1,42,B,sp-mz,8,8,400,304,208,17,1011.12,959.86,1970.98,252.78,239.97,492.75,123.19,4.0, sdumont6166,9854.9
0.0,2352,14,265348.0,3088.0,2563.0,265348.0,0.0,0.0,0.0,0.0,1.0,0,0.0,0.0,4n-1m-42th-Cc-sp-mz,sequana_cpu_dev,4,11421812.0,1,42,C,sp-mz,16,16,400,480,320,28,5720.91,5427.82,11148.73,459.14,434.99,894.13,223.53,12.5, sdumont6167,156082.22
0.0,528,3,265348.0,3184.0,3161.0,265348.0,0.0,0.0,0.0,0.0,1.0,0,0.0,0.0,4n-1m-44th-Ac-sp-mz,sequana_cpu_dev,4,11421815.0,1,44,A,sp-mz,4,4,400,128,128,16,380.84,365.11,745.95,334.7,318.38,653.07,163.27,1.25, sdumont6168,2237.8500000000004
0.0,880,5,265348.0,3172.0,3150.0,265348.0,0.0,0.0,0.0,0.0,4.0,0,0.0,0.0,4n-1m-44th-Bc-sp-mz,sequana_cpu_dev,4,11421819.0,1,44,B,sp-mz,8,8,400,304,208,17,1016.31,983.73,2000.03,338.77,327.91,666.68,166.67,3.0, sdumont6167,10000.15
0.0,2464,14,265348.0,3168.0,3136.0,265348.0,0.0,0.0,0.0,0.0,3.0,0,0.0,0.0,4n-1m-44th-Cc-sp-mz,sequana_cpu_dev,4,11421822.0,1,44,C,sp-mz,16,16,400,480,320,28,5817.71,5569.15,11386.86,484.81,464.1,948.91,237.23,12.0, sdumont6169,159416.04
0.0,552,3,265348.0,3172.0,3123.0,265348.0,0.0,0.0,0.0,0.0,3.0,0,0.0,0.0,4n-1m-46th-Ac-sp-mz,sequana_cpu_dev,4,11421826.0,1,46,A,sp-mz,4,4,400,128,128,16,361.13,362.55,723.68,361.13,362.55,723.68,180.92,1.0, sdumont6217,2171.04
0.0,920,5,265348.0,3216.0,2646.0,265348.0,0.0,0.0,0.0,0.0,3.0,0,0.0,0.0,4n-1m-46th-Bc-sp-mz,sequana_cpu_dev,4,11421830.0,1,46,B,sp-mz,8,8,400,304,208,17,986.39,962.3,1948.69,328.8,320.77,649.56,162.39,3.0, sdumont6167,9743.45
0.0,2760,15,265348.0,3236.0,2643.0,265348.0,0.0,0.0,0.0,0.0,3.0,0,0.0,0.0,4n-1m-46th-Cc-sp-mz,sequana_cpu_dev,4,11421834.0,1,46,C,sp-mz,16,16,400,480,320,28,5796.49,5650.69,11447.18,445.88,434.67,880.55,220.14,13.0, sdumont6217,171707.7
0.0,576,3,265348.0,3088.0,2557.0,265348.0,0.0,0.0,0.0,0.0,3.0,0,0.0,0.0,4n-1m-48th-Ac-sp-mz,sequana_cpu_dev,4,11421837.0,1,48,A,sp-mz,4,4,400,128,128,16,394.65,406.09,800.74,394.65,406.09,800.74,200.18,1.0, sdumont6217,2402.2200000000003
0.0,960,5,265348.0,3172.0,3122.0,265348.0,0.0,0.0,0.0,0.0,3.0,0,0.0,0.0,4n-1m-48th-Bc-sp-mz,sequana_cpu_dev,4,11421843.0,1,48,B,sp-mz,8,8,400,304,208,17,989.17,999.68,1988.85,247.29,249.92,497.21,124.3,4.0, sdumont6167,9944.25
0.0,2688,14,265348.0,3152.0,2583.0,265348.0,0.0,0.0,0.0,0.0,1.0,0,0.0,0.0,4n-1m-48th-Cc-sp-mz,sequana_cpu_dev,4,11421851.0,1,48,C,sp-mz,16,16,400,480,320,28,5643.26,5813.77,11457.03,461.5,475.35,936.85,234.21,12.25, sdumont6168,160398.42
1.0,48,3,484472.5,143416.0,55178.0,1080292.0,501.76,2109.44,1024.0,4218.88,1.0,0,2.0,21.0,4n-2m-2th-Ac-sp-mz,sequana_cpu_dev,4,11421856.0,2,2,A,sp-mz,4,4,400,128,128,16,237.47,257.21,494.68,118.74,128.61,247.34,61.84,2.0, sdumont6167,1484.04
3.0,112,7,503697.5,143400.0,48956.5,1080196.0,512.0,2109.44,1064.96,4218.88,1.0,0,0.0,1.0,4n-2m-2th-Bc-sp-mz,sequana_cpu_dev,4,11421860.0,2,2,B,sp-mz,8,8,400,304,208,17,1137.35,1205.32,2342.67,227.47,241.06,468.53,117.13,5.0, sdumont6165,16398.690000000002
15.0,352,22,479037.5,143172.0,49707.0,1080080.0,563.2,2109.44,1290.24,4218.88,1.0,0,0.0,1.0,4n-2m-2th-Cc-sp-mz,sequana_cpu_dev,4,11421862.0,2,2,C,sp-mz,16,16,400,480,320,28,5084.31,5355.25,10439.57,242.11,255.01,497.12,124.28,21.0, sdumont6167,229670.53999999998
1.0,96,3,559764.5,145076.0,67887.5,1084404.0,501.76,2109.44,1024.0,4218.88,4.0,0,0.0,4.0,4n-2m-4th-Ac-sp-mz,sequana_cpu_dev,4,11421866.0,2,4,A,sp-mz,4,4,400,128,128,16,269.88,286.48,556.36,134.94,143.24,278.18,69.54,2.0, sdumont6217,1669.08
5.0,128,4,591452.5,145944.0,72984.0,1297008.0,501.76,2109.44,1034.24,4218.88,1.0,0,4.0,16.0,4n-2m-4th-Bc-sp-mz,sequana_cpu_dev,4,11421869.0,2,4,B,sp-mz,8,8,400,304,208,17,633.51,676.25,1309.76,211.17,225.42,436.59,109.15,3.0, sdumont6166,5239.04
22.0,416,13,437631.0,140204.0,55406.5,644404.0,491.52,2109.44,983.04,4218.88,1.0,0,0.0,3.0,4n-2m-4th-Cc-sp-mz,sequana_cpu_dev,4,11421872.0,2,4,C,sp-mz,16,16,400,480,320,28,3210.88,3375.41,6586.29,267.57,281.28,548.86,137.21,12.0, sdumont6166,85621.77
1.0,96,2,594323.0,145864.0,72731.0,1301352.0,501.76,2109.44,1013.76,4218.88,1.0,0,2.0,8.0,4n-2m-6th-Ac-sp-mz,sequana_cpu_dev,4,11421875.0,2,6,A,sp-mz,4,4,400,128,128,16,264.36,273.25,537.61,264.36,273.25,537.61,134.4,1.0, sdumont6167,1075.22
4.0,192,4,536320.0,143344.0,50717.5,1088300.0,501.76,2109.44,1034.24,4218.88,1.0,0,0.0,2.0,4n-2m-6th-Bc-sp-mz,sequana_cpu_dev,4,11421880.0,2,6,B,sp-mz,8,8,400,304,208,17,719.41,757.42,1476.83,239.8,252.47,492.28,123.07,3.0, sdumont6168,5907.32
17.0,480,10,562371.5,143304.0,49244.0,1108292.0,522.24,2109.44,1116.16,4218.88,1.0,0,1.0,4.0,4n-2m-6th-Cc-sp-mz,sequana_cpu_dev,4,11421884.0,2,6,C,sp-mz,16,16,400,480,320,28,2687.39,2775.99,5463.38,298.6,308.44,607.04,151.76,9.0, sdumont6165,54633.8
4.0,256,4,489018.5,143328.0,55317.0,1092412.0,501.76,2109.44,1044.48,4218.88,1.0,0,1.0,5.0,4n-2m-8th-Bc-sp-mz,sequana_cpu_dev,4,11421895.0,2,8,B,sp-mz,8,8,400,304,208,17,425.03,455.2,880.23,212.52,227.6,440.12,110.03,2.0, sdumont6166,3520.92
18.0,512,8,543063.0,143276.0,55338.0,1092560.0,512.0,2109.44,1085.44,4218.88,1.0,0,2.0,8.0,4n-2m-8th-Cc-sp-mz,sequana_cpu_dev,4,11421898.0,2,8,C,sp-mz,16,16,400,480,320,28,2362.17,2459.4,4821.57,337.45,351.34,688.8,172.2,7.0, sdumont6168,38572.56
6.0,240,3,652586.5,146228.0,73481.5,1309364.0,501.76,2109.44,1024.0,4218.88,1.0,0,3.0,12.0,4n-2m-10th-Bc-sp-mz,sequana_cpu_dev,4,11421904.0,2,10,B,sp-mz,8,8,400,304,208,17,369.27,399.71,768.99,184.64,199.86,384.49,96.12,2.0, sdumont6165,2306.9700000000003
26.0,560,7,592101.0,143972.0,67528.0,1309372.0,512.0,2109.44,1085.44,4218.88,1.0,0,5.0,17.0,4n-2m-10th-Cc-sp-mz,sequana_cpu_dev,4,11421908.0,2,10,C,sp-mz,16,16,400,480,320,28,2208.63,2292.23,4500.86,368.11,382.04,750.14,187.54,6.0, sdumont6165,31506.019999999997
5.0,288,3,486666.0,143508.0,49947.5,1100648.0,501.76,2109.44,1034.24,4218.88,1.0,0,4.0,15.0,4n-2m-12th-Bc-sp-mz,sequana_cpu_dev,4,11421915.0,2,12,B,sp-mz,8,8,400,304,208,17,362.7,408.04,770.74,181.35,204.02,385.37,96.34,2.0, sdumont6166,2312.2200000000003
29.0,672,7,505685.0,145500.0,60733.0,1100664.0,501.76,2109.44,1064.96,4218.88,1.0,0,10.0,27.0,4n-2m-12th-Cc-sp-mz,sequana_cpu_dev,4,11421919.0,2,12,C,sp-mz,16,16,400,480,320,28,2211.05,2352.07,4563.13,368.51,392.01,760.52,190.13,6.0, sdumont6167,31941.91
6.0,336,3,546195.5,143380.0,54363.0,1104764.0,501.76,2109.44,1024.0,4218.88,1.0,0,7.0,28.0,4n-2m-14th-Bc-sp-mz,sequana_cpu_dev,4,11421926.0,2,14,B,sp-mz,8,8,400,304,208,17,391.02,437.39,828.42,195.51,218.7,414.21,103.55,2.0, sdumont6165,2485.2599999999998
23.0,784,7,468649.0,143460.0,53895.0,1104784.0,512.0,2109.44,1085.44,4218.88,1.0,0,11.0,40.0,4n-2m-14th-Cc-sp-mz,sequana_cpu_dev,4,11421928.0,2,14,C,sp-mz,16,16,400,480,320,28,2270.39,2364.99,4635.38,378.4,394.17,772.56,193.14,6.0, sdumont6168,32447.66
8.0,384,3,593096.0,144068.0,62439.5,1321708.0,501.76,2109.44,1024.0,4218.88,1.0,0,14.0,56.0,4n-2m-16th-Bc-sp-mz,sequana_cpu_dev,4,11421937.0,2,16,B,sp-mz,8,8,400,304,208,17,390.58,437.22,827.8,195.29,218.61,413.9,103.48,2.0, sdumont6165,2483.3999999999996
25.0,768,6,489881.0,143400.0,50096.0,1109028.0,512.0,2109.44,1085.44,4218.88,1.0,0,9.0,26.0,4n-2m-16th-Cc-sp-mz,sequana_cpu_dev,4,11421940.0,2,16,C,sp-mz,16,16,400,480,320,28,2316.21,2463.02,4779.24,463.24,492.6,955.85,238.96,5.0, sdumont6165,28675.44
9.0,432,3,594971.5,144120.0,62301.5,1325832.0,501.76,2109.44,1024.0,4218.88,0.0,0,10.0,24.0,4n-2m-18th-Bc-sp-mz,sequana_cpu_dev,4,11421949.0,2,18,B,sp-mz,8,8,400,304,208,17,384.33,417.73,802.07,192.17,208.87,401.03,100.26,2.0, sdumont6165,2406.21
37.0,864,6,513680.0,143500.0,62131.5,1113020.0,501.76,2109.44,1075.2,4218.88,1.0,0,18.0,43.0,4n-2m-18th-Cc-sp-mz,sequana_cpu_dev,4,11421953.0,2,18,C,sp-mz,16,16,400,480,320,28,2321.22,2392.88,4714.1,464.24,478.58,942.82,235.7,5.0, sdumont6167,28284.600000000002
10.0,480,3,597535.0,144016.0,62766.0,1329920.0,501.76,2109.44,1024.0,4218.88,1.0,0,16.0,57.0,4n-2m-20th-Bc-sp-mz,sequana_cpu_dev,4,11421963.0,2,20,B,sp-mz,8,8,400,304,208,17,410.7,455.99,866.7,205.35,228.0,433.35,108.34,2.0, sdumont6165,2600.1000000000004
30.0,960,6,545462.5,143812.0,49314.5,1117136.0,512.0,2109.44,1064.96,4218.88,1.0,0,14.0,53.0,4n-2m-20th-Cc-sp-mz,sequana_cpu_dev,4,11421967.0,2,20,C,sp-mz,16,16,400,480,320,28,2043.46,2151.71,4195.17,408.69,430.34,839.03,209.76,5.0, sdumont6167,25171.02
5.0,528,3,442310.5,143676.0,32826.5,1121244.0,512.0,2109.44,1034.24,4218.88,0.0,0,10.0,58.0,4n-2m-22th-Bc-sp-mz,sequana_cpu_dev,4,11421973.0,2,22,B,sp-mz,8,8,400,304,208,17,402.88,436.29,839.17,300.75,328.74,629.48,157.37,1.5, sdumont6168,2517.5099999999998
33.0,1056,6,494480.5,143556.0,50109.5,1121256.0,512.0,2109.44,1085.44,4218.88,3.0,0,14.0,42.0,4n-2m-22th-Cc-sp-mz,sequana_cpu_dev,4,11421977.0,2,22,C,sp-mz,16,16,400,480,320,28,2268.77,2334.94,4603.71,453.75,466.99,920.74,230.19,5.0, sdumont6168,27622.260000000002
9.0,576,3,493785.0,140696.0,49402.0,885612.0,501.76,2109.44,1024.0,4218.88,1.0,0,19.0,66.0,4n-2m-24th-Bc-sp-mz,sequana_cpu_dev,4,11421983.0,2,24,B,sp-mz,8,8,400,304,208,17,412.79,448.85,861.65,364.01,395.5,759.51,189.88,1.25, sdumont6168,2584.95
49.0,1152,6,661784.0,144096.0,68093.5,1338204.0,522.24,2109.44,1075.2,4218.88,0.0,0,20.0,52.0,4n-2m-24th-Cc-sp-mz,sequana_cpu_dev,4,11421986.0,2,24,C,sp-mz,16,16,400,480,320,28,2408.02,2474.44,4882.46,572.69,588.05,1160.74,290.19,4.25, sdumont6167,29294.760000000002
0.0,22,11,265348.0,3116.0,3116.0,265348.0,0.0,0.0,0.0,0.0,4.0,0,0.0,0.0,1n-1m-2th-Ac-sp-mz,sequana_cpu_dev,1,11424624.0,1,2,A,sp-mz,4,4,400,128,128,16,571.26,364.91,936.17,57.13,36.49,93.62,93.62,10.0, sdumont6166,10297.869999999999
0.0,22,11,265348.0,3044.0,3044.0,265348.0,0.0,0.0,0.0,0.0,0.0,0,0.0,0.0,1n-1m-2th-Ac-sp-mz,sequana_cpu_dev,1,11424627.0,1,2,A,sp-mz,4,4,400,128,128,16,503.7,323.79,827.49,50.37,32.38,82.75,82.75,10.0, sdumont6166,9102.39
0.0,22,11,265348.0,3140.0,3140.0,265348.0,0.0,0.0,0.0,0.0,0.0,0,0.0,0.0,1n-1m-2th-Ac-sp-mz,sequana_cpu_dev,1,11424632.0,1,2,A,sp-mz,4,4,400,128,128,16,571.66,373.62,945.27,57.17,37.36,94.53,94.53,10.0, sdumont6167,10397.97
0.0,22,11,265348.0,3128.0,3128.0,265348.0,0.0,0.0,0.0,0.0,1.0,0,0.0,0.0,1n-1m-2th-Ac-sp-mz,sequana_cpu_dev,1,11424637.0,1,2,A,sp-mz,4,4,400,128,128,16,553.99,395.96,949.95,55.4,39.6,94.99,94.99,10.0, sdumont6165,10449.45
59.0,82,41,1466140.0,330772.0,330772.0,1466140.0,1239.04,4208.64,1239.04,4208.64,1.0,0,31.0,31.0,1n-1m-2th-Bc-sp-mz,sequana_cpu_dev,1,11424648.0,1,2,B,sp-mz,8,8,400,304,208,17,2618.62,1676.56,4295.18,65.47,41.91,107.38,107.38,40.0, sdumont6167,176102.38
59.0,82,41,1466140.0,330796.0,330796.0,1466140.0,1239.04,4208.64,1239.04,4208.64,1.0,0,0.0,0.0,1n-1m-2th-Bc-sp-mz,sequana_cpu_dev,1,11424651.0,1,2,B,sp-mz,8,8,400,304,208,17,2703.47,1741.86,4445.32,67.59,43.55,111.13,111.13,40.0, sdumont6167,182258.12
58.0,80,40,1466140.0,330580.0,330580.0,1466140.0,1239.04,4208.64,1239.04,4208.64,1.0,0,32.0,32.0,1n-1m-2th-Bc-sp-mz,sequana_cpu_dev,1,11424659.0,1,2,B,sp-mz,8,8,400,304,208,17,2336.05,1485.85,3821.89,59.9,38.1,98.0,98.0,39.0, sdumont6166,152875.6
59.0,82,41,1466140.0,330740.0,330740.0,1466140.0,1239.04,4208.64,1239.04,4208.64,3.0,0,31.0,31.0,1n-1m-2th-Bc-sp-mz,sequana_cpu_dev,1,11424668.0,1,2,B,sp-mz,8,8,400,304,208,17,2699.06,1730.72,4429.77,67.48,43.27,110.74,110.74,40.0, sdumont6167,181620.57
297.0,328,164,2282644.0,926588.0,926588.0,2282644.0,2805.76,4218.88,2805.76,4218.88,1.0,0,34.0,34.0,1n-1m-2th-Cc-sp-mz,sequana_cpu_dev,1,11424673.0,1,2,C,sp-mz,16,16,400,480,320,28,9705.93,6161.09,15867.02,59.55,37.8,97.34,97.34,163.0, sdumont6166,2602191.2800000003
297.0,328,164,2282644.0,926524.0,926524.0,2282644.0,2816.0,4218.88,2816.0,4218.88,1.0,0,0.0,0.0,1n-1m-2th-Cc-sp-mz,sequana_cpu_dev,1,11424678.0,1,2,C,sp-mz,16,16,400,480,320,28,9746.98,6167.91,15914.89,59.8,37.84,97.64,97.64,163.0, sdumont6166,2610041.96
297.0,328,164,2288072.0,925696.0,925696.0,2288072.0,2805.76,4218.88,2805.76,4218.88,1.0,0,0.0,0.0,1n-1m-2th-Cc-sp-mz,sequana_cpu_dev,1,11424682.0,1,2,C,sp-mz,16,16,400,480,320,28,9725.46,6089.38,15814.84,59.67,37.36,97.02,97.02,163.0, sdumont6166,2593633.7600000002
297.0,328,164,2065396.0,924440.0,924440.0,2065396.0,2805.76,4218.88,2805.76,4218.88,1.0,0,0.0,0.0,1n-1m-2th-Cc-sp-mz,sequana_cpu_dev,1,11424685.0,1,2,C,sp-mz,16,16,400,480,320,28,9714.39,6114.21,15828.6,59.6,37.51,97.11,97.11,163.0, sdumont6166,2595890.4
0.0,28,7,265348.0,3132.0,3132.0,265348.0,0.0,0.0,0.0,0.0,1.0,0,0.0,0.0,1n-1m-4th-Ac-sp-mz,sequana_cpu_dev,1,11424688.0,1,4,A,sp-mz,4,4,400,128,128,16,360.49,167.15,527.64,60.08,27.86,87.94,87.94,6.0, sdumont6195,3693.48
0.0,28,7,265348.0,3164.0,3164.0,265348.0,0.0,0.0,0.0,0.0,1.0,0,0.0,0.0,1n-1m-4th-Ac-sp-mz,sequana_cpu_dev,1,11424693.0,1,4,A,sp-mz,4,4,400,128,128,16,344.37,179.27,523.64,57.4,29.88,87.27,87.27,6.0, sdumont6196,3665.48
0.0,28,7,265348.0,3088.0,3088.0,265348.0,0.0,0.0,0.0,0.0,2.0,0,0.0,0.0,1n-1m-4th-Ac-sp-mz,sequana_cpu_dev,1,11424696.0,1,4,A,sp-mz,4,4,400,128,128,16,347.37,180.61,527.98,57.9,30.1,88.0,88.0,6.0, sdumont6196,3695.86
0.0,24,6,265348.0,3052.0,3052.0,265348.0,0.0,0.0,0.0,0.0,1.0,0,0.0,0.0,1n-1m-4th-Ac-sp-mz,sequana_cpu_dev,1,11424701.0,1,4,A,sp-mz,4,4,400,128,128,16,349.63,180.87,530.5,69.93,36.17,106.1,106.1,5.0, sdumont6196,3183.0
0.0,96,24,265348.0,3084.0,3084.0,265348.0,0.0,0.0,0.0,0.0,1.0,0,0.0,0.0,1n-1m-4th-Bc-sp-mz,sequana_cpu_dev,1,11424705.0,1,4,B,sp-mz,8,8,400,304,208,17,1646.6,826.78,2473.37,71.59,35.95,107.54,107.54,23.0, sdumont6196,59360.88
0.0,96,24,265348.0,3176.0,3176.0,265348.0,0.0,0.0,0.0,0.0,1.0,0,0.0,0.0,1n-1m-4th-Bc-sp-mz,sequana_cpu_dev,1,11424708.0,1,4,B,sp-mz,8,8,400,304,208,17,1640.77,822.98,2463.76,74.58,37.41,111.99,111.99,22.0, sdumont6196,59130.240000000005
0.0,96,24,265348.0,3048.0,3048.0,265348.0,0.0,0.0,0.0,0.0,1.0,0,0.0,0.0,1n-1m-4th-Bc-sp-mz,sequana_cpu_dev,1,11424715.0,1,4,B,sp-mz,8,8,400,304,208,17,1653.21,827.97,2481.18,71.88,36.0,107.88,107.88,23.0, sdumont6196,59548.31999999999
0.0,96,24,265348.0,3120.0,3120.0,265348.0,0.0,0.0,0.0,0.0,1.0,0,0.0,0.0,1n-1m-4th-Bc-sp-mz,sequana_cpu_dev,1,11424721.0,1,4,B,sp-mz,8,8,400,304,208,17,1651.16,824.61,2475.77,71.79,35.85,107.64,107.64,23.0, sdumont6196,59418.479999999996
237.0,360,90,2063936.0,924504.0,924504.0,2063936.0,1628.16,4218.88,1628.16,4218.88,1.0,0,37.0,37.0,1n-1m-4th-Cc-sp-mz,sequana_cpu_dev,1,11424725.0,1,4,C,sp-mz,16,16,400,480,320,28,6660.38,3289.27,9949.65,74.84,36.96,111.79,111.79,89.0, sdumont6196,895468.5
237.0,360,90,2063936.0,927320.0,927320.0,2063936.0,1628.16,4218.88,1628.16,4218.88,1.0,0,2.0,2.0,1n-1m-4th-Cc-sp-mz,sequana_cpu_dev,1,11424730.0,1,4,C,sp-mz,16,16,400,480,320,28,6674.89,3296.75,9971.65,75.0,37.04,112.04,112.04,89.0, sdumont6196,897448.5
237.0,360,90,2063936.0,924544.0,924544.0,2063936.0,1628.16,4218.88,1628.16,4218.88,1.0,0,43.0,43.0,1n-1m-4th-Cc-sp-mz,sequana_cpu_dev,1,11424734.0,1,4,C,sp-mz,16,16,400,480,320,28,6362.4,3662.16,10024.56,71.49,41.15,112.64,112.64,89.0, sdumont6165,902210.3999999999
237.0,360,90,2063936.0,924336.0,924336.0,2063936.0,1628.16,4218.88,1628.16,4218.88,1.0,0,35.0,35.0,1n-1m-4th-Cc-sp-mz,sequana_cpu_dev,1,11424738.0,1,4,C,sp-mz,16,16,400,480,320,28,6540.71,3340.04,9880.75,73.49,37.53,111.02,111.02,89.0, sdumont6166,889267.5
0.0,30,5,265348.0,1036.0,1036.0,265348.0,0.0,0.0,0.0,0.0,1.0,0,0.0,0.0,1n-1m-6th-Ac-sp-mz,sequana_cpu_dev,1,11424741.0,1,6,A,sp-mz,4,4,400,128,128,16,299.29,138.63,437.93,74.82,34.66,109.48,109.48,4.0, sdumont6166,2189.65
0.0,42,7,265348.0,3172.0,3172.0,265348.0,0.0,0.0,0.0,0.0,1.0,0,0.0,0.0,1n-1m-6th-Ac-sp-mz,sequana_cpu_dev,1,11424744.0,1,6,A,sp-mz,4,4,400,128,128,16,369.91,208.13,578.04,61.65,34.69,96.34,96.34,6.0, sdumont6082,4046.2799999999997
0.0,30,5,265348.0,1036.0,1036.0,265348.0,0.0,0.0,0.0,0.0,1.0,0,0.0,0.0,1n-1m-6th-Ac-sp-mz,sequana_cpu_dev,1,11424748.0,1,6,A,sp-mz,4,4,400,128,128,16,300.83,139.78,440.6,75.21,34.94,110.15,110.15,4.0, sdumont6166,2203.0
0.0,30,5,265348.0,1036.0,1036.0,265348.0,0.0,0.0,0.0,0.0,1.0,0,0.0,0.0,1n-1m-6th-Ac-sp-mz,sequana_cpu_dev,1,11424751.0,1,6,A,sp-mz,4,4,400,128,128,16,287.34,149.38,436.72,71.83,37.35,109.18,109.18,4.0, sdumont6165,2183.6000000000004
0.0,102,17,265348.0,1036.0,1036.0,265348.0,0.0,0.0,0.0,0.0,1.0,0,0.0,0.0,1n-1m-6th-Bc-sp-mz,sequana_cpu_dev,1,11424754.0,1,6,B,sp-mz,8,8,400,304,208,17,1337.98,659.04,1997.02,83.62,41.19,124.81,124.81,16.0, sdumont6165,33949.34
0.0,102,17,265348.0,1040.0,1040.0,265348.0,0.0,0.0,0.0,0.0,1.0,0,0.0,0.0,1n-1m-6th-Bc-sp-mz,sequana_cpu_dev,1,11424763.0,1,6,B,sp-mz,8,8,400,304,208,17,1339.85,659.13,1998.98,83.74,41.2,124.94,124.94,16.0, sdumont6165,33982.66
0.0,102,17,265348.0,3184.0,3184.0,265348.0,0.0,0.0,0.0,0.0,1.0,0,0.0,0.0,1n-1m-6th-Bc-sp-mz,sequana_cpu_dev,1,11424766.0,1,6,B,sp-mz,8,8,400,304,208,17,1335.14,652.8,1987.95,83.45,40.8,124.25,124.25,16.0, sdumont6165,33795.15
0.0,102,17,265348.0,3180.0,3180.0,265348.0,0.0,0.0,0.0,0.0,1.0,0,0.0,0.0,1n-1m-6th-Bc-sp-mz,sequana_cpu_dev,1,11424772.0,1,6,B,sp-mz,8,8,400,304,208,17,1337.98,655.83,1993.81,83.62,40.99,124.61,124.61,16.0, sdumont6165,33894.77
356.0,378,63,2068048.0,924856.0,924856.0,2068048.0,1628.16,4218.88,1628.16,4218.88,1.0,0,2.0,2.0,1n-1m-6th-Cc-sp-mz,sequana_cpu_dev,1,11424778.0,1,6,C,sp-mz,16,16,400,480,320,28,5275.06,2548.96,7824.02,85.08,41.11,126.19,126.19,62.0, sdumont6165,492913.26
356.0,378,63,2068048.0,924816.0,924816.0,2068048.0,1628.16,4218.88,1628.16,4218.88,1.0,0,5.0,5.0,1n-1m-6th-Cc-sp-mz,sequana_cpu_dev,1,11424781.0,1,6,C,sp-mz,16,16,400,480,320,28,5275.15,2550.38,7825.53,85.08,41.14,126.22,126.22,62.0, sdumont6165,493008.38999999996
356.0,384,64,2068048.0,924592.0,924592.0,2068048.0,1628.16,4218.88,1628.16,4218.88,0.0,0,39.0,39.0,1n-1m-6th-Cc-sp-mz,sequana_cpu_dev,1,11424785.0,1,6,C,sp-mz,16,16,400,480,320,28,5283.08,2555.84,7838.92,83.86,40.57,124.43,124.43,63.0, sdumont6165,501690.88
356.0,378,63,2068048.0,924836.0,924836.0,2068048.0,1628.16,4218.88,1628.16,4218.88,1.0,0,1.0,1.0,1n-1m-6th-Cc-sp-mz,sequana_cpu_dev,1,11424788.0,1,6,C,sp-mz,16,16,400,480,320,28,5281.88,2551.76,7833.65,85.19,41.16,126.35,126.35,62.0, sdumont6165,493519.94999999995
0.0,32,4,265348.0,1036.0,1036.0,265348.0,0.0,0.0,0.0,0.0,1.0,0,0.0,0.0,1n-1m-8th-Ac-sp-mz,sequana_cpu_dev,1,11424791.0,1,8,A,sp-mz,4,4,400,128,128,16,215.09,99.82,314.92,71.7,33.27,104.97,104.97,3.0, sdumont6165,1259.68
0.0,40,5,265348.0,1032.0,1032.0,265348.0,0.0,0.0,0.0,0.0,1.0,0,0.0,0.0,1n-1m-8th-Ac-sp-mz,sequana_cpu_dev,1,11424794.0,1,8,A,sp-mz,4,4,400,128,128,16,246.2,110.57,356.76,61.55,27.64,89.19,89.19,4.0, sdumont6236,1783.8
0.0,40,5,265348.0,1040.0,1040.0,265348.0,0.0,0.0,0.0,0.0,1.0,0,0.0,0.0,1n-1m-8th-Ac-sp-mz,sequana_cpu_dev,1,11424802.0,1,8,A,sp-mz,4,4,400,128,128,16,250.37,108.05,358.42,62.59,27.01,89.61,89.61,4.0, sdumont6236,1792.1000000000001
0.0,40,5,265348.0,1036.0,1036.0,265348.0,0.0,0.0,0.0,0.0,1.0,0,0.0,0.0,1n-1m-8th-Ac-sp-mz,sequana_cpu_dev,1,11424806.0,1,8,A,sp-mz,4,4,400,128,128,16,249.3,105.23,354.53,62.33,26.31,88.63,88.63,4.0, sdumont6236,1772.6499999999999
0.0,112,14,265348.0,1036.0,1036.0,265348.0,0.0,0.0,0.0,0.0,1.0,0,0.0,0.0,1n-1m-8th-Bc-sp-mz,sequana_cpu_dev,1,11424814.0,1,8,B,sp-mz,8,8,400,304,208,17,1396.02,554.93,1950.95,107.39,42.69,150.07,150.07,13.0, sdumont6236,27313.3
0.0,112,14,265348.0,3060.0,3060.0,265348.0,0.0,0.0,0.0,0.0,1.0,0,0.0,0.0,1n-1m-8th-Bc-sp-mz,sequana_cpu_dev,1,11424819.0,1,8,B,sp-mz,8,8,400,304,208,17,1282.11,529.45,1811.55,98.62,40.73,139.35,139.35,13.0, sdumont6237,25361.7
0.0,112,14,265348.0,1036.0,1036.0,265348.0,0.0,0.0,0.0,0.0,1.0,0,0.0,0.0,1n-1m-8th-Bc-sp-mz,sequana_cpu_dev,1,11424822.0,1,8,B,sp-mz,8,8,400,304,208,17,1193.82,509.04,1702.85,91.83,39.16,130.99,130.99,13.0, sdumont6165,23839.899999999998
0.0,112,14,265348.0,1040.0,1040.0,265348.0,0.0,0.0,0.0,0.0,1.0,0,0.0,0.0,1n-1m-8th-Bc-sp-mz,sequana_cpu_dev,1,11424827.0,1,8,B,sp-mz,8,8,400,304,208,17,1401.1,552.39,1953.48,107.78,42.49,150.27,150.27,13.0, sdumont6236,27348.72
236.0,408,51,2072156.0,924576.0,924576.0,2072156.0,1239.04,4208.64,1239.04,4208.64,1.0,0,7.0,7.0,1n-1m-8th-Cc-sp-mz,sequana_cpu_dev,1,11424831.0,1,8,C,sp-mz,16,16,400,480,320,28,4914.54,2042.76,6957.3,98.29,40.86,139.15,139.15,50.0, sdumont6165,354822.3
236.0,408,51,2072156.0,924444.0,924444.0,2072156.0,1239.04,4208.64,1239.04,4208.64,1.0,0,48.0,48.0,1n-1m-8th-Cc-sp-mz,sequana_cpu_dev,1,11424834.0,1,8,C,sp-mz,16,16,400,480,320,28,5720.71,2236.04,7956.75,114.41,44.72,159.13,159.13,50.0, sdumont6236,405794.25
219.0,424,53,2072156.0,924620.0,924620.0,2072156.0,1239.04,4208.64,1239.04,4208.64,1.0,0,373.0,373.0,1n-1m-8th-Cc-sp-mz,sequana_cpu_dev,1,11424837.0,1,8,C,sp-mz,16,16,400,480,320,28,5599.46,2039.57,7639.03,107.68,39.22,146.9,146.9,52.0, sdumont6266,404868.58999999997
236.0,408,51,2072156.0,924716.0,924716.0,2072156.0,1239.04,4208.64,1239.04,4208.64,1.0,0,3.0,3.0,1n-1m-8th-Cc-sp-mz,sequana_cpu_dev,1,11424840.0,1,8,C,sp-mz,16,16,400,480,320,28,5549.34,1977.16,7526.5,110.99,39.54,150.53,150.53,50.0, sdumont6266,383851.5
0.0,40,4,265348.0,1032.0,1032.0,265348.0,0.0,0.0,0.0,0.0,1.0,0,0.0,0.0,1n-1m-10th-Ac-sp-mz,sequana_cpu_dev,1,11424843.0,1,10,A,sp-mz,4,4,400,128,128,16,271.87,94.93,366.8,90.62,31.64,122.27,122.27,3.0, sdumont6266,1467.2
0.0,40,4,265348.0,1036.0,1036.0,265348.0,0.0,0.0,0.0,0.0,1.0,0,0.0,0.0,1n-1m-10th-Ac-sp-mz,sequana_cpu_dev,1,11424846.0,1,10,A,sp-mz,4,4,400,128,128,16,273.0,96.21,369.22,91.0,32.07,123.07,123.07,3.0, sdumont6266,1476.88
0.0,40,4,265348.0,1032.0,1032.0,265348.0,0.0,0.0,0.0,0.0,1.0,0,0.0,0.0,1n-1m-10th-Ac-sp-mz,sequana_cpu_dev,1,11424854.0,1,10,A,sp-mz,4,4,400,128,128,16,275.59,95.56,371.15,91.86,31.85,123.72,123.72,3.0, sdumont6266,1484.6
0.0,40,4,265348.0,1036.0,1036.0,265348.0,0.0,0.0,0.0,0.0,1.0,0,0.0,0.0,1n-1m-10th-Ac-sp-mz,sequana_cpu_dev,1,11424862.0,1,10,A,sp-mz,4,4,400,128,128,16,274.97,94.83,369.8,91.66,31.61,123.27,123.27,3.0, sdumont6266,1479.2
0.0,120,12,265348.0,1032.0,1032.0,265348.0,0.0,0.0,0.0,0.0,1.0,0,0.0,0.0,1n-1m-10th-Bc-sp-mz,sequana_cpu_dev,1,11424865.0,1,10,B,sp-mz,8,8,400,304,208,17,1213.75,391.6,1605.36,110.34,35.6,145.94,145.94,11.0, sdumont6266,19264.32
0.0,120,12,265348.0,1032.0,1032.0,265348.0,0.0,0.0,0.0,0.0,1.0,0,0.0,0.0,1n-1m-10th-Bc-sp-mz,sequana_cpu_dev,1,11424868.0,1,10,B,sp-mz,8,8,400,304,208,17,1217.61,393.79,1611.4,110.69,35.8,146.49,146.49,11.0, sdumont6266,19336.800000000003
0.0,110,11,265348.0,1036.0,1036.0,265348.0,0.0,0.0,0.0,0.0,0.0,0,0.0,0.0,1n-1m-10th-Bc-sp-mz,sequana_cpu_dev,1,11424872.0,1,10,B,sp-mz,8,8,400,304,208,17,1222.55,392.09,1614.64,122.25,39.21,161.46,161.46,10.0, sdumont6266,17761.04
0.0,120,12,265348.0,3172.0,3172.0,265348.0,0.0,0.0,0.0,0.0,2.0,0,0.0,0.0,1n-1m-10th-Bc-sp-mz,sequana_cpu_dev,1,11424876.0,1,10,B,sp-mz,8,8,400,304,208,17,1139.62,404.99,1544.62,103.6,36.82,140.42,140.42,11.0, sdumont6221,18535.44
294.0,430,43,2076272.0,924684.0,924684.0,2076272.0,1239.04,4208.64,1239.04,4208.64,1.0,0,60.0,60.0,1n-1m-10th-Cc-sp-mz,sequana_cpu_dev,1,11424879.0,1,10,C,sp-mz,16,16,400,480,320,28,4829.74,1699.06,6528.8,114.99,40.45,155.45,155.45,42.0, sdumont6221,280738.4
295.0,430,43,2076272.0,924616.0,924616.0,2076272.0,1239.04,4208.64,1239.04,4208.64,1.0,0,7.0,7.0,1n-1m-10th-Cc-sp-mz,sequana_cpu_dev,1,11424883.0,1,10,C,sp-mz,16,16,400,480,320,28,4850.09,1697.27,6547.36,118.29,41.4,159.69,159.69,41.0, sdumont6221,281536.48
294.0,430,43,2076272.0,924384.0,924384.0,2076272.0,1239.04,4208.64,1239.04,4208.64,1.0,0,11.0,11.0,1n-1m-10th-Cc-sp-mz,sequana_cpu_dev,1,11424887.0,1,10,C,sp-mz,16,16,400,480,320,28,4841.34,1687.57,6528.92,115.27,40.18,155.45,155.45,42.0, sdumont6221,280743.56
295.0,430,43,2076272.0,924920.0,924920.0,2076272.0,1239.04,4208.64,1239.04,4208.64,1.0,0,5.0,5.0,1n-1m-10th-Cc-sp-mz,sequana_cpu_dev,1,11424892.0,1,10,C,sp-mz,16,16,400,480,320,28,4853.1,1695.96,6549.06,115.55,40.38,155.93,155.93,42.0, sdumont6221,281609.58
0.0,48,4,265348.0,3144.0,3144.0,265348.0,0.0,0.0,0.0,0.0,1.0,0,0.0,0.0,1n-1m-12th-Ac-sp-mz,sequana_cpu_dev,1,11424897.0,1,12,A,sp-mz,4,4,400,128,128,16,265.76,99.7,365.46,88.59,33.23,121.82,121.82,3.0, sdumont6221,1461.84
0.0,48,4,265348.0,1036.0,1036.0,265348.0,0.0,0.0,0.0,0.0,1.0,0,0.0,0.0,1n-1m-12th-Ac-sp-mz,sequana_cpu_dev,1,11424900.0,1,12,A,sp-mz,4,4,400,128,128,16,269.37,98.78,368.15,89.79,32.93,122.72,122.72,3.0, sdumont6221,1472.6
0.0,48,4,265348.0,1032.0,1032.0,265348.0,0.0,0.0,0.0,0.0,1.0,0,0.0,0.0,1n-1m-12th-Ac-sp-mz,sequana_cpu_dev,1,11424903.0,1,12,A,sp-mz,4,4,400,128,128,16,262.05,98.05,360.09,87.35,32.68,120.03,120.03,3.0, sdumont6221,1440.36
0.0,48,4,265348.0,1036.0,1036.0,265348.0,0.0,0.0,0.0,0.0,1.0,0,0.0,0.0,1n-1m-12th-Ac-sp-mz,sequana_cpu_dev,1,11424908.0,1,12,A,sp-mz,4,4,400,128,128,16,283.01,107.72,390.72,94.34,35.91,130.24,130.24,3.0, sdumont6236,1562.88
0.0,132,11,265348.0,1040.0,1040.0,265348.0,0.0,0.0,0.0,0.0,0.0,0,0.0,0.0,1n-1m-12th-Bc-sp-mz,sequana_cpu_dev,1,11424911.0,1,12,B,sp-mz,8,8,400,304,208,17,1285.6,440.36,1725.97,128.56,44.04,172.6,172.6,10.0, sdumont6236,18985.670000000002
0.0,120,10,265348.0,1036.0,1036.0,265348.0,0.0,0.0,0.0,0.0,1.0,0,0.0,0.0,1n-1m-12th-Bc-sp-mz,sequana_cpu_dev,1,11424916.0,1,12,B,sp-mz,8,8,400,304,208,17,1132.21,381.42,1513.63,113.22,38.14,151.36,151.36,10.0, sdumont6236,15136.300000000001
0.0,132,11,265348.0,1036.0,1036.0,265348.0,0.0,0.0,0.0,0.0,1.0,0,0.0,0.0,1n-1m-12th-Bc-sp-mz,sequana_cpu_dev,1,11424919.0,1,12,B,sp-mz,8,8,400,304,208,17,1277.2,434.62,1711.82,141.91,48.29,190.2,190.2,9.0, sdumont6236,18830.02
0.0,132,11,265348.0,3056.0,3056.0,265348.0,0.0,0.0,0.0,0.0,1.0,0,0.0,0.0,1n-1m-12th-Bc-sp-mz,sequana_cpu_dev,1,11424923.0,1,12,B,sp-mz,8,8,400,304,208,17,1283.88,443.49,1727.37,128.39,44.35,172.74,172.74,10.0, sdumont6236,19001.07
352.0,456,38,2085948.0,925720.0,925720.0,2085948.0,1239.04,4208.64,1239.04,4208.64,1.0,0,73.0,73.0,1n-1m-12th-Cc-sp-mz,sequana_cpu_dev,1,11424926.0,1,12,C,sp-mz,16,16,400,480,320,28,5036.15,1686.6,6722.75,136.11,45.58,181.7,181.7,37.0, sdumont6236,255464.5
353.0,468,39,2080380.0,925820.0,925820.0,2080380.0,1239.04,4208.64,1239.04,4208.64,4.0,0,11.0,11.0,1n-1m-12th-Cc-sp-mz,sequana_cpu_dev,1,11424929.0,1,12,C,sp-mz,16,16,400,480,320,28,5021.85,1686.02,6707.87,132.15,44.37,176.52,176.52,38.0, sdumont6236,261606.93
353.0,468,39,2085948.0,924316.0,924316.0,2085948.0,1239.04,4208.64,1239.04,4208.64,1.0,0,17.0,17.0,1n-1m-12th-Cc-sp-mz,sequana_cpu_dev,1,11424932.0,1,12,C,sp-mz,16,16,400,480,320,28,5043.98,1687.18,6731.17,136.32,45.6,181.92,181.92,37.0, sdumont6236,262515.63
353.0,468,39,2080380.0,924516.0,924516.0,2080380.0,1239.04,4208.64,1239.04,4208.64,1.0,0,14.0,14.0,1n-1m-12th-Cc-sp-mz,sequana_cpu_dev,1,11424936.0,1,12,C,sp-mz,16,16,400,480,320,28,5048.83,1687.33,6736.15,132.86,44.4,177.27,177.27,38.0, sdumont6236,262709.85
0.0,42,3,265348.0,3072.0,3072.0,265348.0,0.0,0.0,0.0,0.0,1.0,0,0.0,0.0,1n-1m-14th-Ac-sp-mz,sequana_cpu_dev,1,11424939.0,1,14,A,sp-mz,4,4,400,128,128,16,298.27,100.83,399.1,149.14,50.41,199.55,199.55,2.0, sdumont6236,1197.3000000000002
0.0,56,4,265348.0,3144.0,3144.0,265348.0,0.0,0.0,0.0,0.0,1.0,0,0.0,0.0,1n-1m-14th-Ac-sp-mz,sequana_cpu_dev,1,11424942.0,1,14,A,sp-mz,4,4,400,128,128,16,295.16,102.73,397.89,147.58,51.36,198.95,198.95,2.0, sdumont6236,1591.56
0.0,56,4,265348.0,3084.0,3084.0,265348.0,0.0,0.0,0.0,0.0,1.0,0,0.0,0.0,1n-1m-14th-Ac-sp-mz,sequana_cpu_dev,1,11424946.0,1,14,A,sp-mz,4,4,400,128,128,16,300.14,103.04,403.18,100.05,34.35,134.39,134.39,3.0, sdumont6236,1612.72
0.0,56,4,265348.0,1036.0,1036.0,265348.0,0.0,0.0,0.0,0.0,1.0,0,0.0,0.0,1n-1m-14th-Ac-sp-mz,sequana_cpu_dev,1,11424950.0,1,14,A,sp-mz,4,4,400,128,128,16,294.71,103.4,398.11,147.36,51.7,199.05,199.05,2.0, sdumont6236,1592.44
0.0,140,10,265348.0,3116.0,3116.0,265348.0,0.0,0.0,0.0,0.0,1.0,0,0.0,0.0,1n-1m-14th-Bc-sp-mz,sequana_cpu_dev,1,11424953.0,1,14,B,sp-mz,8,8,400,304,208,17,958.8,335.23,1294.03,106.53,37.25,143.78,143.78,9.0, sdumont6186,12940.3
0.0,154,11,265348.0,3160.0,3160.0,265348.0,0.0,0.0,0.0,0.0,1.0,0,0.0,0.0,1n-1m-14th-Bc-sp-mz,sequana_cpu_dev,1,11424957.0,1,14,B,sp-mz,8,8,400,304,208,17,974.53,335.96,1310.49,97.45,33.6,131.05,131.05,10.0, sdumont6186,14415.39
0.0,154,11,265348.0,3048.0,3048.0,265348.0,0.0,0.0,0.0,0.0,1.0,0,0.0,0.0,1n-1m-14th-Bc-sp-mz,sequana_cpu_dev,1,11424961.0,1,14,B,sp-mz,8,8,400,304,208,17,980.0,338.5,1318.5,108.89,37.61,146.5,146.5,9.0, sdumont6186,14503.5
0.0,154,11,265348.0,3148.0,3148.0,265348.0,0.0,0.0,0.0,0.0,1.0,0,0.0,0.0,1n-1m-14th-Bc-sp-mz,sequana_cpu_dev,1,11424965.0,1,14,B,sp-mz,8,8,400,304,208,17,972.7,335.3,1308.01,108.08,37.26,145.33,145.33,9.0, sdumont6186,14388.11
412.0,532,38,2084492.0,924708.0,924708.0,2084492.0,1239.04,4208.64,1239.04,4208.64,1.0,0,69.0,69.0,1n-1m-14th-Cc-sp-mz,sequana_cpu_dev,1,11424969.0,1,14,C,sp-mz,16,16,400,480,320,28,4163.28,1410.6,5573.88,115.65,39.18,154.83,154.83,36.0, sdumont6186,211807.44
412.0,518,37,2084492.0,924584.0,924584.0,2084492.0,1239.04,4208.64,1239.04,4208.64,1.0,0,11.0,11.0,1n-1m-14th-Cc-sp-mz,sequana_cpu_dev,1,11424973.0,1,14,C,sp-mz,16,16,400,480,320,28,4159.07,1386.64,5545.71,115.53,38.52,154.05,154.05,36.0, sdumont6186,205191.27
412.0,518,37,2312736.0,925944.0,925944.0,2312736.0,1239.04,4208.64,1239.04,4208.64,1.0,0,15.0,15.0,1n-1m-14th-Cc-sp-mz,sequana_cpu_dev,1,11424977.0,1,14,C,sp-mz,16,16,400,480,320,28,4048.43,1351.75,5400.17,115.67,38.62,154.29,154.29,35.0, sdumont6186,199806.29
412.0,518,37,2084492.0,924528.0,924528.0,2084492.0,1239.04,4208.64,1239.04,4208.64,1.0,0,22.0,22.0,1n-1m-14th-Cc-sp-mz,sequana_cpu_dev,1,11424980.0,1,14,C,sp-mz,16,16,400,480,320,28,4050.31,1346.23,5396.54,112.51,37.4,149.9,149.9,36.0, sdumont6186,199671.98
0.0,64,4,265348.0,3144.0,3144.0,265348.0,0.0,0.0,0.0,0.0,1.0,0,0.0,0.0,1n-1m-16th-Ac-sp-mz,sequana_cpu_dev,1,11424984.0,1,16,A,sp-mz,4,4,400,128,128,16,243.22,87.77,330.99,121.61,43.88,165.49,165.49,2.0, sdumont6186,1323.96
0.0,64,4,265348.0,3144.0,3144.0,265348.0,0.0,0.0,0.0,0.0,1.0,0,0.0,0.0,1n-1m-16th-Ac-sp-mz,sequana_cpu_dev,1,11424987.0,1,16,A,sp-mz,4,4,400,128,128,16,243.19,88.64,331.83,81.06,29.55,110.61,110.61,3.0, sdumont6186,1327.32
0.0,64,4,265348.0,3052.0,3052.0,265348.0,0.0,0.0,0.0,0.0,1.0,0,0.0,0.0,1n-1m-16th-Ac-sp-mz,sequana_cpu_dev,1,11424993.0,1,16,A,sp-mz,4,4,400,128,128,16,244.56,88.53,333.1,122.28,44.27,166.55,166.55,2.0, sdumont6186,1332.4
0.0,64,4,265348.0,3064.0,3064.0,265348.0,0.0,0.0,0.0,0.0,1.0,0,0.0,0.0,1n-1m-16th-Ac-sp-mz,sequana_cpu_dev,1,11425002.0,1,16,A,sp-mz,4,4,400,128,128,16,256.37,96.17,352.54,128.18,48.09,176.27,176.27,2.0, sdumont6165,1410.16
0.0,160,10,265348.0,1040.0,1040.0,265348.0,0.0,0.0,0.0,0.0,1.0,0,0.0,0.0,1n-1m-16th-Bc-sp-mz,sequana_cpu_dev,1,11425006.0,1,16,B,sp-mz,8,8,400,304,208,17,1050.78,359.74,1410.52,116.75,39.97,156.72,156.72,9.0, sdumont6165,14105.2
0.0,160,10,265348.0,3116.0,3116.0,265348.0,0.0,0.0,0.0,0.0,1.0,0,0.0,0.0,1n-1m-16th-Bc-sp-mz,sequana_cpu_dev,1,11425009.0,1,16,B,sp-mz,8,8,400,304,208,17,1052.57,361.17,1413.74,116.95,40.13,157.08,157.08,9.0, sdumont6165,14137.4
0.0,160,10,265348.0,3156.0,3156.0,265348.0,0.0,0.0,0.0,0.0,1.0,0,0.0,0.0,1n-1m-16th-Bc-sp-mz,sequana_cpu_dev,1,11425012.0,1,16,B,sp-mz,8,8,400,304,208,17,1052.32,359.13,1411.44,116.92,39.9,156.83,156.83,9.0, sdumont6165,14114.400000000001
0.0,160,10,265348.0,1036.0,1036.0,265348.0,0.0,0.0,0.0,0.0,1.0,0,0.0,0.0,1n-1m-16th-Bc-sp-mz,sequana_cpu_dev,1,11425015.0,1,16,B,sp-mz,8,8,400,304,208,17,1047.64,359.65,1407.3,116.4,39.96,156.37,156.37,9.0, sdumont6165,14073.0
470.0,560,35,2088600.0,925092.0,925092.0,2088600.0,1239.04,4208.64,1239.04,4208.64,1.0,0,77.0,77.0,1n-1m-16th-Cc-sp-mz,sequana_cpu_dev,1,11425018.0,1,16,C,sp-mz,16,16,400,480,320,28,4195.42,1385.87,5581.29,123.39,40.76,164.16,164.16,34.0, sdumont6165,195345.15
471.0,560,35,2311416.0,926732.0,926732.0,2311416.0,1239.04,4208.64,1239.04,4208.64,1.0,0,24.0,24.0,1n-1m-16th-Cc-sp-mz,sequana_cpu_dev,1,11425021.0,1,16,C,sp-mz,16,16,400,480,320,28,4190.83,1389.49,5580.32,119.74,39.7,159.44,159.44,35.0, sdumont6165,195311.19999999998
471.0,560,35,2088600.0,924752.0,924752.0,2088600.0,1239.04,4208.64,1239.04,4208.64,1.0,0,24.0,24.0,1n-1m-16th-Cc-sp-mz,sequana_cpu_dev,1,11425024.0,1,16,C,sp-mz,16,16,400,480,320,28,4174.83,1386.63,5561.45,122.79,40.78,163.57,163.57,34.0, sdumont6165,194650.75
470.0,576,36,1871492.0,923888.0,923888.0,1871492.0,1228.8,4208.64,1228.8,4208.64,1.0,0,23.0,23.0,1n-1m-16th-Cc-sp-mz,sequana_cpu_dev,1,11425027.0,1,16,C,sp-mz,16,16,400,480,320,28,4326.28,1435.64,5761.92,123.61,41.02,164.63,164.63,35.0, sdumont6165,207429.12
0.0,72,4,265348.0,1032.0,1032.0,265348.0,0.0,0.0,0.0,0.0,1.0,0,0.0,0.0,1n-1m-18th-Ac-sp-mz,sequana_cpu_dev,1,11425030.0,1,18,A,sp-mz,4,4,400,128,128,16,260.74,94.59,355.33,86.91,31.53,118.44,118.44,3.0, sdumont6165,1421.32
0.0,54,3,265348.0,1036.0,1036.0,265348.0,0.0,0.0,0.0,0.0,1.0,0,0.0,0.0,1n-1m-18th-Ac-sp-mz,sequana_cpu_dev,1,11425034.0,1,18,A,sp-mz,4,4,400,128,128,16,260.46,93.81,354.27,130.23,46.9,177.14,177.14,2.0, sdumont6165,1062.81
0.0,54,3,265348.0,3144.0,3144.0,265348.0,0.0,0.0,0.0,0.0,1.0,0,0.0,0.0,1n-1m-18th-Ac-sp-mz,sequana_cpu_dev,1,11425039.0,1,18,A,sp-mz,4,4,400,128,128,16,115.84,46.71,162.55,38.61,15.57,54.18,54.18,3.0, sdumont6165,487.65000000000003
0.0,72,4,265348.0,1032.0,1032.0,265348.0,0.0,0.0,0.0,0.0,1.0,0,0.0,0.0,1n-1m-18th-Ac-sp-mz,sequana_cpu_dev,1,11425043.0,1,18,A,sp-mz,4,4,400,128,128,16,262.18,94.8,356.98,87.39,31.6,118.99,118.99,3.0, sdumont6165,1427.92
0.0,180,10,265348.0,1036.0,1036.0,265348.0,0.0,0.0,0.0,0.0,1.0,0,0.0,0.0,1n-1m-18th-Bc-sp-mz,sequana_cpu_dev,1,11425047.0,1,18,B,sp-mz,8,8,400,304,208,17,1081.04,357.84,1438.87,120.12,39.76,159.87,159.87,9.0, sdumont6165,14388.699999999999
0.0,180,10,265348.0,1032.0,1032.0,265348.0,0.0,0.0,0.0,0.0,1.0,0,0.0,0.0,1n-1m-18th-Bc-sp-mz,sequana_cpu_dev,1,11425050.0,1,18,B,sp-mz,8,8,400,304,208,17,1083.11,359.18,1442.29,120.35,39.91,160.25,160.25,9.0, sdumont6165,14422.9
0.0,180,10,265348.0,1040.0,1040.0,265348.0,0.0,0.0,0.0,0.0,1.0,0,0.0,0.0,1n-1m-18th-Bc-sp-mz,sequana_cpu_dev,1,11425053.0,1,18,B,sp-mz,8,8,400,304,208,17,1077.56,355.05,1432.62,119.73,39.45,159.18,159.18,9.0, sdumont6165,14326.199999999999
0.0,180,10,265348.0,1036.0,1036.0,265348.0,0.0,0.0,0.0,0.0,1.0,0,0.0,0.0,1n-1m-18th-Bc-sp-mz,sequana_cpu_dev,1,11425056.0,1,18,B,sp-mz,8,8,400,304,208,17,1079.15,355.56,1434.71,119.91,39.51,159.41,159.41,9.0, sdumont6165,14347.1
528.0,612,34,2098280.0,924308.0,924308.0,2098280.0,1228.8,4208.64,1228.8,4208.64,1.0,0,95.0,95.0,1n-1m-18th-Cc-sp-mz,sequana_cpu_dev,1,11425059.0,1,18,C,sp-mz,16,16,400,480,320,28,4163.92,1330.67,5494.59,122.47,39.14,161.61,161.61,34.0, sdumont6165,186816.06
528.0,630,35,1875604.0,923824.0,923824.0,1875604.0,1239.04,4208.64,1239.04,4208.64,1.0,0,38.0,38.0,1n-1m-18th-Cc-sp-mz,sequana_cpu_dev,1,11425062.0,1,18,C,sp-mz,16,16,400,480,320,28,4310.19,1389.43,5699.62,126.77,40.87,167.64,167.64,34.0, sdumont6165,199486.69999999998
529.0,630,35,2320956.0,928000.0,928000.0,2320956.0,1228.8,4208.64,1228.8,4208.64,1.0,0,25.0,25.0,1n-1m-18th-Cc-sp-mz,sequana_cpu_dev,1,11425065.0,1,18,C,sp-mz,16,16,400,480,320,28,4326.76,1392.12,5718.88,127.26,40.94,168.2,168.2,34.0, sdumont6165,200160.80000000002
529.0,630,35,2092712.0,924868.0,924868.0,2092712.0,1239.04,4208.64,1239.04,4208.64,1.0,0,31.0,31.0,1n-1m-18th-Cc-sp-mz,sequana_cpu_dev,1,11425068.0,1,18,C,sp-mz,16,16,400,480,320,28,4300.12,1389.97,5690.09,126.47,40.88,167.36,167.36,34.0, sdumont6165,199153.15
0.0,60,3,265348.0,1036.0,1036.0,265348.0,0.0,0.0,0.0,0.0,1.0,0,0.0,0.0,1n-1m-20th-Ac-sp-mz,sequana_cpu_dev,1,11425071.0,1,20,A,sp-mz,4,4,400,128,128,16,114.62,47.28,161.9,38.21,15.76,53.97,53.97,3.0, sdumont6165,485.70000000000005
0.0,60,3,265348.0,3156.0,3156.0,265348.0,0.0,0.0,0.0,0.0,1.0,0,0.0,0.0,1n-1m-20th-Ac-sp-mz,sequana_cpu_dev,1,11425074.0,1,20,A,sp-mz,4,4,400,128,128,16,114.53,46.47,161.0,38.18,15.49,53.67,53.67,3.0, sdumont6165,483.0
0.0,80,4,265348.0,1040.0,1040.0,265348.0,0.0,0.0,0.0,0.0,1.0,0,0.0,0.0,1n-1m-20th-Ac-sp-mz,sequana_cpu_dev,1,11425077.0,1,20,A,sp-mz,4,4,400,128,128,16,253.59,94.53,348.12,84.53,31.51,116.04,116.04,3.0, sdumont6165,1392.48
0.0,60,3,265348.0,3232.0,3232.0,265348.0,0.0,0.0,0.0,0.0,1.0,0,0.0,0.0,1n-1m-20th-Ac-sp-mz,sequana_cpu_dev,1,11425080.0,1,20,A,sp-mz,4,4,400,128,128,16,114.7,47.34,162.04,38.23,15.78,54.01,54.01,3.0, sdumont6165,486.12
0.0,200,10,265348.0,3176.0,3176.0,265348.0,0.0,0.0,0.0,0.0,1.0,0,0.0,0.0,1n-1m-20th-Bc-sp-mz,sequana_cpu_dev,1,11425083.0,1,20,B,sp-mz,8,8,400,304,208,17,933.19,315.09,1248.28,103.69,35.01,138.7,138.7,9.0, sdumont6165,12482.8
0.0,200,10,265348.0,1036.0,1036.0,265348.0,0.0,0.0,0.0,0.0,1.0,0,0.0,0.0,1n-1m-20th-Bc-sp-mz,sequana_cpu_dev,1,11425086.0,1,20,B,sp-mz,8,8,400,304,208,17,1062.49,355.06,1417.55,118.05,39.45,157.51,157.51,9.0, sdumont6165,14175.5
0.0,180,9,265348.0,1036.0,1036.0,265348.0,0.0,0.0,0.0,0.0,1.0,0,0.0,0.0,1n-1m-20th-Bc-sp-mz,sequana_cpu_dev,1,11425089.0,1,20,B,sp-mz,8,8,400,304,208,17,914.88,304.34,1219.22,101.65,33.82,135.47,135.47,9.0, sdumont6165,10972.98
0.0,200,10,265348.0,1032.0,1032.0,265348.0,0.0,0.0,0.0,0.0,1.0,0,0.0,0.0,1n-1m-20th-Bc-sp-mz,sequana_cpu_dev,1,11425092.0,1,20,B,sp-mz,8,8,400,304,208,17,1060.55,350.68,1411.24,117.84,38.96,156.8,156.8,9.0, sdumont6165,14112.4
586.0,680,34,2319640.0,926580.0,926580.0,2319640.0,1228.8,4208.64,1228.8,4208.64,1.0,0,106.0,106.0,1n-1m-20th-Cc-sp-mz,sequana_cpu_dev,1,11425095.0,1,20,C,sp-mz,16,16,400,480,320,28,4218.65,1228.83,5447.48,131.83,38.4,170.23,170.23,32.0, sdumont6188,185214.31999999998
587.0,680,34,2325068.0,926864.0,926864.0,2325068.0,1228.8,4208.64,1228.8,4208.64,1.0,0,27.0,27.0,1n-1m-20th-Cc-sp-mz,sequana_cpu_dev,1,11425098.0,1,20,C,sp-mz,16,16,400,480,320,28,4057.26,1173.82,5231.08,126.79,36.68,163.47,163.47,32.0, sdumont6188,177856.72
536.0,740,37,2096820.0,925668.0,925668.0,2096820.0,1239.04,4208.64,1239.04,4208.64,1.0,0,433.0,433.0,1n-1m-20th-Cc-sp-mz,sequana_cpu_dev,1,11425101.0,1,20,C,sp-mz,16,16,400,480,320,28,4586.83,1213.08,5799.91,131.05,34.66,165.71,165.71,35.0, sdumont6195,214596.66999999998
587.0,700,35,2102388.0,925332.0,925332.0,2102388.0,1228.8,4208.64,1228.8,4208.64,1.0,0,29.0,29.0,1n-1m-20th-Cc-sp-mz,sequana_cpu_dev,1,11425104.0,1,20,C,sp-mz,16,16,400,480,320,28,4410.84,1122.98,5533.82,133.66,34.03,167.69,167.69,33.0, sdumont6195,193683.69999999998
0.0,88,4,265348.0,1036.0,1036.0,265348.0,0.0,0.0,0.0,0.0,1.0,0,0.0,0.0,1n-1m-22th-Ac-sp-mz,sequana_cpu_dev,1,11425107.0,1,22,A,sp-mz,4,4,400,128,128,16,276.82,79.44,356.26,138.41,39.72,178.13,178.13,2.0, sdumont6195,1425.04
0.0,66,3,265348.0,1036.0,1036.0,265348.0,0.0,0.0,0.0,0.0,1.0,0,0.0,0.0,1n-1m-22th-Ac-sp-mz,sequana_cpu_dev,1,11425110.0,1,22,A,sp-mz,4,4,400,128,128,16,117.93,47.24,165.17,58.96,23.62,82.59,82.59,2.0, sdumont6165,495.51
0.0,88,4,265348.0,1040.0,1040.0,265348.0,0.0,0.0,0.0,0.0,1.0,0,0.0,0.0,1n-1m-22th-Ac-sp-mz,sequana_cpu_dev,1,11425113.0,1,22,A,sp-mz,4,4,400,128,128,16,265.23,95.43,360.66,132.62,47.71,180.33,180.33,2.0, sdumont6165,1442.64
0.0,88,4,265348.0,1036.0,1036.0,265348.0,0.0,0.0,0.0,0.0,1.0,0,0.0,0.0,1n-1m-22th-Ac-sp-mz,sequana_cpu_dev,1,11425116.0,1,22,A,sp-mz,4,4,400,128,128,16,264.99,95.09,360.08,88.33,31.7,120.03,120.03,3.0, sdumont6165,1440.32
0.0,220,10,265348.0,1040.0,1040.0,265348.0,0.0,0.0,0.0,0.0,1.0,0,0.0,0.0,1n-1m-22th-Bc-sp-mz,sequana_cpu_dev,1,11425119.0,1,22,B,sp-mz,8,8,400,304,208,17,1086.31,359.26,1445.56,120.7,39.92,160.62,160.62,9.0, sdumont6165,14455.599999999999
0.0,220,10,265348.0,1032.0,1032.0,265348.0,0.0,0.0,0.0,0.0,1.0,0,0.0,0.0,1n-1m-22th-Bc-sp-mz,sequana_cpu_dev,1,11425123.0,1,22,B,sp-mz,8,8,400,304,208,17,944.46,309.4,1253.86,104.94,34.38,139.32,139.32,9.0, sdumont6165,12538.599999999999
0.0,220,10,265348.0,1036.0,1036.0,265348.0,0.0,0.0,0.0,0.0,1.0,0,0.0,0.0,1n-1m-22th-Bc-sp-mz,sequana_cpu_dev,1,11425126.0,1,22,B,sp-mz,8,8,400,304,208,17,1083.53,352.28,1435.82,120.39,39.14,159.54,159.54,9.0, sdumont6165,14358.199999999999
0.0,220,10,265348.0,1040.0,1040.0,265348.0,0.0,0.0,0.0,0.0,1.0,0,0.0,0.0,1n-1m-22th-Bc-sp-mz,sequana_cpu_dev,1,11425128.0,1,22,B,sp-mz,8,8,400,304,208,17,1088.83,355.54,1444.37,120.98,39.5,160.49,160.49,9.0, sdumont6165,14443.699999999999
645.0,770,35,2106600.0,924380.0,924380.0,2106600.0,1228.8,4208.64,1228.8,4208.64,1.0,0,115.0,115.0,1n-1m-22th-Cc-sp-mz,sequana_cpu_dev,1,11425130.0,1,22,C,sp-mz,16,16,400,480,320,28,4343.87,1389.34,5733.21,127.76,40.86,168.62,168.62,34.0, sdumont6165,200662.35
645.0,770,35,2107068.0,928976.0,928976.0,2107068.0,1228.8,4208.64,1228.8,4208.64,1.0,0,41.0,41.0,1n-1m-22th-Cc-sp-mz,sequana_cpu_dev,1,11425132.0,1,22,C,sp-mz,16,16,400,480,320,28,4363.8,1392.41,5756.21,128.35,40.95,169.3,169.3,34.0, sdumont6165,201467.35
645.0,770,35,2107000.0,926912.0,926912.0,2107000.0,1228.8,4208.64,1228.8,4208.64,1.0,0,21.0,21.0,1n-1m-22th-Cc-sp-mz,sequana_cpu_dev,1,11425134.0,1,22,C,sp-mz,16,16,400,480,320,28,4353.58,1389.3,5742.88,128.05,40.86,168.91,168.91,34.0, sdumont6165,201000.80000000002
645.0,748,34,1883924.0,924100.0,924100.0,1883924.0,1228.8,4208.64,1228.8,4208.64,1.0,0,42.0,42.0,1n-1m-22th-Cc-sp-mz,sequana_cpu_dev,1,11425136.0,1,22,C,sp-mz,16,16,400,480,320,28,4221.48,1339.49,5560.97,127.92,40.59,168.51,168.51,33.0, sdumont6165,189072.98
0.0,96,4,265348.0,1040.0,1040.0,265348.0,0.0,0.0,0.0,0.0,1.0,0,0.0,0.0,1n-1m-24th-Ac-sp-mz,sequana_cpu_dev,1,11425141.0,1,24,A,sp-mz,4,4,400,128,128,16,267.62,96.35,363.97,133.81,48.17,181.99,181.99,2.0, sdumont6165,1455.88
0.0,72,3,265348.0,3076.0,3076.0,265348.0,0.0,0.0,0.0,0.0,1.0,0,0.0,0.0,1n-1m-24th-Ac-sp-mz,sequana_cpu_dev,1,11425143.0,1,24,A,sp-mz,4,4,400,128,128,16,120.85,48.05,168.9,60.43,24.03,84.45,84.45,2.0, sdumont6165,506.70000000000005
0.0,48,2,265348.0,1036.0,1036.0,265348.0,0.0,0.0,0.0,0.0,1.0,0,0.0,0.0,1n-1m-24th-Ac-sp-mz,sequana_cpu_dev,1,11425145.0,1,24,A,sp-mz,4,4,400,128,128,16,119.97,46.75,166.72,59.99,23.37,83.36,83.36,2.0, sdumont6165,333.44
0.0,72,3,265348.0,1036.0,1036.0,265348.0,0.0,0.0,0.0,0.0,1.0,0,0.0,0.0,1n-1m-24th-Ac-sp-mz,sequana_cpu_dev,1,11425147.0,1,24,A,sp-mz,4,4,400,128,128,16,121.69,47.65,169.34,60.85,23.82,84.67,84.67,2.0, sdumont6165,508.02
0.0,240,10,265348.0,1032.0,1032.0,265348.0,0.0,0.0,0.0,0.0,1.0,0,0.0,0.0,1n-1m-24th-Bc-sp-mz,sequana_cpu_dev,1,11425149.0,1,24,B,sp-mz,8,8,400,304,208,17,1119.63,360.06,1479.69,124.4,40.01,164.41,164.41,9.0, sdumont6165,14796.900000000001
0.0,216,9,265348.0,1036.0,1036.0,265348.0,0.0,0.0,0.0,0.0,1.0,0,0.0,0.0,1n-1m-24th-Bc-sp-mz,sequana_cpu_dev,1,11425152.0,1,24,B,sp-mz,8,8,400,304,208,17,974.57,312.9,1287.47,121.82,39.11,160.93,160.93,8.0, sdumont6165,11587.23
0.0,216,9,265348.0,1032.0,1032.0,265348.0,0.0,0.0,0.0,0.0,1.0,0,0.0,0.0,1n-1m-24th-Bc-sp-mz,sequana_cpu_dev,1,11425155.0,1,24,B,sp-mz,8,8,400,304,208,17,973.88,312.5,1286.38,121.74,39.06,160.8,160.8,8.0, sdumont6165,11577.420000000002
0.0,216,9,265348.0,1036.0,1036.0,265348.0,0.0,0.0,0.0,0.0,1.0,0,0.0,0.0,1n-1m-24th-Bc-sp-mz,sequana_cpu_dev,1,11425157.0,1,24,B,sp-mz,8,8,400,304,208,17,976.32,312.87,1289.19,122.04,39.11,161.15,161.15,8.0, sdumont6165,11602.710000000001
703.0,816,34,2333288.0,926092.0,926092.0,2333288.0,1228.8,4208.64,1228.8,4208.64,2.0,0,110.0,110.0,1n-1m-24th-Cc-sp-mz,sequana_cpu_dev,1,11425159.0,1,24,C,sp-mz,16,16,400,480,320,28,4598.91,1340.97,5939.88,143.72,41.91,185.62,185.62,32.0, sdumont6171,201955.92
704.0,816,34,2110612.0,924308.0,924308.0,2110612.0,1228.8,4208.64,1228.8,4208.64,1.0,0,38.0,38.0,1n-1m-24th-Cc-sp-mz,sequana_cpu_dev,1,11425161.0,1,24,C,sp-mz,16,16,400,480,320,28,4593.87,1346.33,5940.19,148.19,43.43,191.62,191.62,31.0, sdumont6171,201966.46
704.0,792,33,2110612.0,924232.0,924232.0,2110612.0,1228.8,4208.64,1228.8,4208.64,1.0,0,21.0,21.0,1n-1m-24th-Cc-sp-mz,sequana_cpu_dev,1,11425164.0,1,24,C,sp-mz,16,16,400,480,320,28,4602.67,1345.02,5947.69,148.47,43.39,191.86,191.86,31.0, sdumont6171,196273.77
709.0,768,32,1887936.0,924816.0,924816.0,1887936.0,1239.04,4208.64,1239.04,4208.64,1.0,0,38.0,38.0,1n-1m-24th-Cc-sp-mz,sequana_cpu_dev,1,11425166.0,1,24,C,sp-mz,16,16,400,480,320,28,4422.85,1278.63,5701.47,142.67,41.25,183.92,183.92,31.0, sdumont6171,182447.04
0.0,130,5,265348.0,1032.0,1032.0,265348.0,0.0,0.0,0.0,0.0,1.0,0,0.0,0.0,1n-1m-26th-Ac-sp-mz,sequana_cpu_dev,1,11425168.0,1,26,A,sp-mz,4,4,400,128,128,16,286.01,137.33,423.34,143.01,68.67,211.67,211.67,2.0, sdumont6171,2116.7
0.0,104,4,265348.0,3120.0,3120.0,265348.0,0.0,0.0,0.0,0.0,1.0,0,0.0,0.0,1n-1m-26th-Ac-sp-mz,sequana_cpu_dev,1,11425170.0,1,26,A,sp-mz,4,4,400,128,128,16,289.3,137.54,426.84,144.65,68.77,213.42,213.42,2.0, sdumont6171,1707.36
0.0,104,4,265348.0,3184.0,3184.0,265348.0,0.0,0.0,0.0,0.0,1.0,0,0.0,0.0,1n-1m-26th-Ac-sp-mz,sequana_cpu_dev,1,11425172.0,1,26,A,sp-mz,4,4,400,128,128,16,296.44,137.38,433.82,148.22,68.69,216.91,216.91,2.0, sdumont6171,1735.28
0.0,104,4,265348.0,3104.0,3104.0,265348.0,0.0,0.0,0.0,0.0,1.0,0,0.0,0.0,1n-1m-26th-Ac-sp-mz,sequana_cpu_dev,1,11425174.0,1,26,A,sp-mz,4,4,400,128,128,16,298.87,138.46,437.32,149.43,69.23,218.66,218.66,2.0, sdumont6171,1749.28
0.0,312,12,265348.0,1040.0,1040.0,265348.0,0.0,0.0,0.0,0.0,0.0,0,0.0,0.0,1n-1m-26th-Bc-sp-mz,sequana_cpu_dev,1,11425176.0,1,26,B,sp-mz,8,8,400,304,208,17,1435.06,691.57,2126.63,130.46,62.87,193.33,193.33,11.0, sdumont6171,25519.56
0.0,338,13,265348.0,3096.0,3096.0,265348.0,0.0,0.0,0.0,0.0,1.0,0,0.0,0.0,1n-1m-26th-Bc-sp-mz,sequana_cpu_dev,1,11425178.0,1,26,B,sp-mz,8,8,400,304,208,17,1431.62,695.65,2127.28,130.15,63.24,193.39,193.39,11.0, sdumont6171,27654.640000000003
0.0,338,13,265348.0,1032.0,1032.0,265348.0,0.0,0.0,0.0,0.0,1.0,0,0.0,0.0,1n-1m-26th-Bc-sp-mz,sequana_cpu_dev,1,11425180.0,1,26,B,sp-mz,8,8,400,304,208,17,1430.34,691.93,2122.27,130.03,62.9,192.93,192.93,11.0, sdumont6171,27589.51
0.0,338,13,265348.0,3116.0,3116.0,265348.0,0.0,0.0,0.0,0.0,1.0,0,0.0,0.0,1n-1m-26th-Bc-sp-mz,sequana_cpu_dev,1,11425182.0,1,26,B,sp-mz,8,8,400,304,208,17,1443.47,690.89,2134.36,131.22,62.81,194.03,194.03,11.0, sdumont6171,27746.68
762.0,1222,47,2109160.0,924908.0,924908.0,2109160.0,1239.04,4208.64,1239.04,4208.64,1.0,0,61.0,61.0,1n-1m-26th-Cc-sp-mz,sequana_cpu_dev,1,11425184.0,1,26,C,sp-mz,16,16,400,480,320,28,6049.33,2975.58,9024.91,134.43,66.12,200.55,200.55,45.0, sdumont6171,424170.77
759.0,1144,44,2109160.0,924936.0,924936.0,2109160.0,1239.04,4208.64,1239.04,4208.64,1.0,0,43.0,43.0,1n-1m-26th-Cc-sp-mz,sequana_cpu_dev,1,11425186.0,1,26,C,sp-mz,16,16,400,480,320,28,5612.57,2738.01,8350.58,133.63,65.19,198.82,198.82,42.0, sdumont6171,367425.52
761.0,1248,48,2109160.0,924972.0,924972.0,2109160.0,1239.04,4208.64,1239.04,4208.64,1.0,0,50.0,50.0,1n-1m-26th-Cc-sp-mz,sequana_cpu_dev,1,11425188.0,1,26,C,sp-mz,16,16,400,480,320,28,6010.07,2963.54,8973.62,130.65,64.42,195.08,195.08,46.0, sdumont6171,430733.76
761.0,1170,45,2109160.0,924760.0,924760.0,2109160.0,1239.04,4208.64,1239.04,4208.64,1.0,0,39.0,39.0,1n-1m-26th-Cc-sp-mz,sequana_cpu_dev,1,11425190.0,1,26,C,sp-mz,16,16,400,480,320,28,5781.13,2828.35,8609.47,134.44,65.78,200.22,200.22,43.0, sdumont6171,387426.14999999997
0.0,140,5,265348.0,3116.0,3116.0,265348.0,0.0,0.0,0.0,0.0,2.0,0,0.0,0.0,1n-1m-28th-Ac-sp-mz,sequana_cpu_dev,1,11425192.0,1,28,A,sp-mz,4,4,400,128,128,16,289.36,160.6,449.97,144.68,80.3,224.98,224.98,2.0, sdumont6171,2249.8500000000004
0.0,112,4,265348.0,3128.0,3128.0,265348.0,0.0,0.0,0.0,0.0,1.0,0,0.0,0.0,1n-1m-28th-Ac-sp-mz,sequana_cpu_dev,1,11425194.0,1,28,A,sp-mz,4,4,400,128,128,16,293.66,162.44,456.1,146.83,81.22,228.05,228.05,2.0, sdumont6171,1824.4
0.0,112,4,265348.0,3112.0,3112.0,265348.0,0.0,0.0,0.0,0.0,1.0,0,0.0,0.0,1n-1m-28th-Ac-sp-mz,sequana_cpu_dev,1,11425196.0,1,28,A,sp-mz,4,4,400,128,128,16,292.3,162.97,455.28,146.15,81.49,227.64,227.64,2.0, sdumont6171,1821.12
0.0,112,4,265348.0,3184.0,3184.0,265348.0,0.0,0.0,0.0,0.0,1.0,0,0.0,0.0,1n-1m-28th-Ac-sp-mz,sequana_cpu_dev,1,11425198.0,1,28,A,sp-mz,4,4,400,128,128,16,265.36,154.22,419.58,132.68,77.11,209.79,209.79,2.0, sdumont6165,1678.32
0.0,364,13,265348.0,3128.0,3128.0,265348.0,0.0,0.0,0.0,0.0,1.0,0,0.0,0.0,1n-1m-28th-Bc-sp-mz,sequana_cpu_dev,1,11425200.0,1,28,B,sp-mz,8,8,400,304,208,17,1314.37,774.73,2089.1,119.49,70.43,189.92,189.92,11.0, sdumont6165,27158.3
0.0,364,13,265348.0,3172.0,3172.0,265348.0,0.0,0.0,0.0,0.0,1.0,0,0.0,0.0,1n-1m-28th-Bc-sp-mz,sequana_cpu_dev,1,11425202.0,1,28,B,sp-mz,8,8,400,304,208,17,1297.94,771.4,2069.34,117.99,70.13,188.12,188.12,11.0, sdumont6165,26901.420000000002
0.0,364,13,265348.0,1036.0,1036.0,265348.0,0.0,0.0,0.0,0.0,1.0,0,0.0,0.0,1n-1m-28th-Bc-sp-mz,sequana_cpu_dev,1,11425204.0,1,28,B,sp-mz,8,8,400,304,208,17,1301.42,771.28,2072.7,118.31,70.12,188.43,188.43,11.0, sdumont6165,26945.1
0.0,364,13,265348.0,3180.0,3180.0,265348.0,0.0,0.0,0.0,0.0,1.0,0,0.0,0.0,1n-1m-28th-Bc-sp-mz,sequana_cpu_dev,1,11425206.0,1,28,B,sp-mz,8,8,400,304,208,17,1313.63,773.64,2087.27,119.42,70.33,189.75,189.75,11.0, sdumont6165,27134.51
755.0,1400,50,2113268.0,924568.0,924568.0,2113268.0,1239.04,4218.88,1239.04,4218.88,1.0,0,445.0,445.0,1n-1m-28th-Cc-sp-mz,sequana_cpu_dev,1,11425208.0,1,28,C,sp-mz,16,16,400,480,320,28,5900.22,3370.64,9270.86,120.41,68.79,189.2,189.2,49.0, sdumont6194,463543.0
821.0,1288,46,2113268.0,925780.0,925780.0,2113268.0,1228.8,4218.88,1228.8,4218.88,1.0,0,46.0,46.0,1n-1m-28th-Cc-sp-mz,sequana_cpu_dev,1,11425210.0,1,28,C,sp-mz,16,16,400,480,320,28,5589.24,3165.73,8754.97,127.03,71.95,198.98,198.98,44.0, sdumont6194,402728.62
821.0,1316,47,2336084.0,928824.0,928824.0,2336084.0,1228.8,4218.88,1228.8,4218.88,1.0,0,39.0,39.0,1n-1m-28th-Cc-sp-mz,sequana_cpu_dev,1,11425212.0,1,28,C,sp-mz,16,16,400,480,320,28,5764.07,3227.3,8991.36,131.0,73.35,204.35,204.35,44.0, sdumont6194,422593.92000000004
819.0,1316,47,1896160.0,924456.0,924456.0,1896160.0,1228.8,4218.88,1228.8,4218.88,1.0,0,50.0,50.0,1n-1m-28th-Cc-sp-mz,sequana_cpu_dev,1,11425214.0,1,28,C,sp-mz,16,16,400,480,320,28,5733.01,3236.51,8969.52,127.4,71.92,199.32,199.32,45.0, sdumont6194,421567.44
0.0,120,4,265348.0,3172.0,3172.0,265348.0,0.0,0.0,0.0,0.0,0.0,0,0.0,0.0,1n-1m-30th-Ac-sp-mz,sequana_cpu_dev,1,11425216.0,1,30,A,sp-mz,4,4,400,128,128,16,271.28,170.73,442.01,90.43,56.91,147.34,147.34,3.0, sdumont6194,1768.04
0.0,120,4,265348.0,3132.0,3132.0,265348.0,0.0,0.0,0.0,0.0,1.0,0,0.0,0.0,1n-1m-30th-Ac-sp-mz,sequana_cpu_dev,1,11425218.0,1,30,A,sp-mz,4,4,400,128,128,16,281.43,175.3,456.73,140.71,87.65,228.36,228.36,2.0, sdumont6194,1826.92
0.0,120,4,265348.0,3180.0,3180.0,265348.0,0.0,0.0,0.0,0.0,1.0,0,0.0,0.0,1n-1m-30th-Ac-sp-mz,sequana_cpu_dev,1,11425220.0,1,30,A,sp-mz,4,4,400,128,128,16,273.81,171.33,445.14,136.91,85.66,222.57,222.57,2.0, sdumont6194,1780.56
0.0,120,4,265348.0,3172.0,3172.0,265348.0,0.0,0.0,0.0,0.0,1.0,0,0.0,0.0,1n-1m-30th-Ac-sp-mz,sequana_cpu_dev,1,11425222.0,1,30,A,sp-mz,4,4,400,128,128,16,277.48,172.95,450.43,138.74,86.48,225.21,225.21,2.0, sdumont6194,1801.72
0.0,390,13,265348.0,3120.0,3120.0,265348.0,0.0,0.0,0.0,0.0,1.0,0,0.0,0.0,1n-1m-30th-Bc-sp-mz,sequana_cpu_dev,1,11425224.0,1,30,B,sp-mz,8,8,400,304,208,17,1372.67,871.98,2244.65,124.79,79.27,204.06,204.06,11.0, sdumont6194,29180.45
0.0,450,15,265348.0,3168.0,3168.0,265348.0,0.0,0.0,0.0,0.0,1.0,0,0.0,0.0,1n-1m-30th-Bc-sp-mz,sequana_cpu_dev,1,11425226.0,1,30,B,sp-mz,8,8,400,304,208,17,1438.96,918.8,2357.76,110.69,70.68,181.37,181.37,13.0, sdumont6222,35366.4
0.0,390,13,265348.0,3240.0,3240.0,265348.0,0.0,0.0,0.0,0.0,1.0,0,0.0,0.0,1n-1m-30th-Bc-sp-mz,sequana_cpu_dev,1,11425228.0,1,30,B,sp-mz,8,8,400,304,208,17,1388.45,863.05,2251.5,126.22,78.46,204.68,204.68,11.0, sdumont6222,29269.5
0.0,390,13,265348.0,3172.0,3172.0,265348.0,0.0,0.0,0.0,0.0,1.0,0,0.0,0.0,1n-1m-30th-Bc-sp-mz,sequana_cpu_dev,1,11425230.0,1,30,B,sp-mz,8,8,400,304,208,17,1376.36,861.19,2237.55,125.12,78.29,203.41,203.41,11.0, sdumont6222,29088.15
875.0,1320,44,2117380.0,925056.0,925056.0,2117380.0,1228.8,4218.88,1228.8,4218.88,1.0,0,133.0,133.0,1n-1m-30th-Cc-sp-mz,sequana_cpu_dev,1,11425232.0,1,30,C,sp-mz,16,16,400,480,320,28,5474.5,3457.95,8932.45,130.35,82.33,212.68,212.68,42.0, sdumont6222,393027.80000000005
878.0,1380,46,2117380.0,924992.0,924992.0,2117380.0,1228.8,4218.88,1228.8,4218.88,1.0,0,63.0,63.0,1n-1m-30th-Cc-sp-mz,sequana_cpu_dev,1,11425234.0,1,30,C,sp-mz,16,16,400,480,320,28,5640.41,3566.97,9207.38,128.19,81.07,209.26,209.26,44.0, sdumont6222,423539.48
878.0,1320,44,2117380.0,925080.0,925080.0,2117380.0,1228.8,4218.88,1228.8,4218.88,1.0,0,59.0,59.0,1n-1m-30th-Cc-sp-mz,sequana_cpu_dev,1,11425236.0,1,30,C,sp-mz,16,16,400,480,320,28,5484.54,3480.99,8965.53,130.58,82.88,213.46,213.46,42.0, sdumont6222,394483.32
878.0,1320,44,2117380.0,925072.0,925072.0,2117380.0,1228.8,4218.88,1228.8,4218.88,1.0,0,42.0,42.0,1n-1m-30th-Cc-sp-mz,sequana_cpu_dev,1,11425238.0,1,30,C,sp-mz,16,16,400,480,320,28,5482.29,3461.33,8943.62,130.53,82.41,212.94,212.94,42.0, sdumont6222,393519.28
0.0,128,4,265348.0,3156.0,3156.0,265348.0,0.0,0.0,0.0,0.0,1.0,0,0.0,0.0,1n-1m-32th-Ac-sp-mz,sequana_cpu_dev,1,11425240.0,1,32,A,sp-mz,4,4,400,128,128,16,276.03,192.51,468.54,138.02,96.25,234.27,234.27,2.0, sdumont6222,1874.16
0.0,128,4,265348.0,3144.0,3144.0,265348.0,0.0,0.0,0.0,0.0,1.0,0,0.0,0.0,1n-1m-32th-Ac-sp-mz,sequana_cpu_dev,1,11425242.0,1,32,A,sp-mz,4,4,400,128,128,16,273.46,190.4,463.86,136.73,95.2,231.93,231.93,2.0, sdumont6222,1855.44
0.0,128,4,265348.0,3140.0,3140.0,265348.0,0.0,0.0,0.0,0.0,1.0,0,0.0,0.0,1n-1m-32th-Ac-sp-mz,sequana_cpu_dev,1,11425244.0,1,32,A,sp-mz,4,4,400,128,128,16,279.05,193.69,472.74,139.52,96.85,236.37,236.37,2.0, sdumont6222,1890.96
0.0,128,4,265348.0,3092.0,3092.0,265348.0,0.0,0.0,0.0,0.0,1.0,0,0.0,0.0,1n-1m-32th-Ac-sp-mz,sequana_cpu_dev,1,11425246.0,1,32,A,sp-mz,4,4,400,128,128,16,274.59,190.84,465.43,137.29,95.42,232.71,232.71,2.0, sdumont6222,1861.72
0.0,416,13,265348.0,3156.0,3156.0,265348.0,0.0,0.0,0.0,0.0,1.0,0,0.0,0.0,1n-1m-32th-Bc-sp-mz,sequana_cpu_dev,1,11425248.0,1,32,B,sp-mz,8,8,400,304,208,17,1383.84,975.61,2359.45,125.8,88.69,214.5,214.5,11.0, sdumont6222,30672.85
0.0,416,13,265348.0,3052.0,3052.0,265348.0,0.0,0.0,0.0,0.0,1.0,0,0.0,0.0,1n-1m-32th-Bc-sp-mz,sequana_cpu_dev,1,11425250.0,1,32,B,sp-mz,8,8,400,304,208,17,1384.28,985.49,2369.77,125.84,89.59,215.43,215.43,11.0, sdumont6222,30807.01
0.0,416,13,265348.0,3180.0,3180.0,265348.0,0.0,0.0,0.0,0.0,1.0,0,0.0,0.0,1n-1m-32th-Bc-sp-mz,sequana_cpu_dev,1,11425252.0,1,32,B,sp-mz,8,8,400,304,208,17,1273.02,908.78,2181.8,115.73,82.62,198.35,198.35,11.0, sdumont6222,28363.4
0.0,416,13,265348.0,3144.0,3144.0,265348.0,0.0,0.0,0.0,0.0,1.0,0,0.0,0.0,1n-1m-32th-Bc-sp-mz,sequana_cpu_dev,1,11425254.0,1,32,B,sp-mz,8,8,400,304,208,17,1375.78,976.51,2352.29,125.07,88.77,213.84,213.84,11.0, sdumont6222,30579.77
935.0,1504,47,2121492.0,925068.0,925068.0,2121492.0,1228.8,4218.88,1228.8,4218.88,1.0,0,43.0,43.0,1n-1m-32th-Cc-sp-mz,sequana_cpu_dev,1,11425256.0,1,32,C,sp-mz,16,16,400,480,320,28,5703.98,4091.54,9795.51,126.76,90.92,217.68,217.68,45.0, sdumont6222,460388.97000000003
936.0,1504,47,2127060.0,924376.0,924376.0,2127060.0,1228.8,4218.88,1228.8,4218.88,1.0,0,67.0,67.0,1n-1m-32th-Cc-sp-mz,sequana_cpu_dev,1,11425258.0,1,32,C,sp-mz,16,16,400,480,320,28,5676.77,4085.26,9762.03,126.15,90.78,216.93,216.93,45.0, sdumont6222,458815.41000000003
936.0,1472,46,2121492.0,924712.0,924712.0,2121492.0,1228.8,4218.88,1228.8,4218.88,1.0,0,48.0,48.0,1n-1m-32th-Cc-sp-mz,sequana_cpu_dev,1,11425260.0,1,32,C,sp-mz,16,16,400,480,320,28,5698.01,4079.23,9777.24,129.5,92.71,222.21,222.21,44.0, sdumont6222,449753.04
936.0,1504,47,1904384.0,923944.0,923944.0,1904384.0,1228.8,4218.88,1228.8,4218.88,1.0,0,66.0,66.0,1n-1m-32th-Cc-sp-mz,sequana_cpu_dev,1,11425262.0,1,32,C,sp-mz,16,16,400,480,320,28,5684.44,4077.91,9762.35,126.32,90.62,216.94,216.94,45.0, sdumont6222,458830.45
0.0,170,5,265348.0,1036.0,1036.0,265348.0,0.0,0.0,0.0,0.0,0.0,0,0.0,0.0,1n-1m-34th-Ac-sp-mz,sequana_cpu_dev,1,11425264.0,1,34,A,sp-mz,4,4,400,128,128,16,270.92,209.95,480.87,90.31,69.98,160.29,160.29,3.0, sdumont6222,2404.35
0.0,170,5,265348.0,3216.0,3216.0,265348.0,0.0,0.0,0.0,0.0,1.0,0,0.0,0.0,1n-1m-34th-Ac-sp-mz,sequana_cpu_dev,1,11425266.0,1,34,A,sp-mz,4,4,400,128,128,16,270.25,206.21,476.46,135.13,103.1,238.23,238.23,2.0, sdumont6222,2382.2999999999997
0.0,170,5,265348.0,3232.0,3232.0,265348.0,0.0,0.0,0.0,0.0,1.0,0,0.0,0.0,1n-1m-34th-Ac-sp-mz,sequana_cpu_dev,1,11425270.0,1,34,A,sp-mz,4,4,400,128,128,16,275.0,212.79,487.79,91.67,70.93,162.6,162.6,3.0, sdumont6222,2438.9500000000003
0.0,170,5,265348.0,3220.0,3220.0,265348.0,0.0,0.0,0.0,0.0,2.0,0,0.0,0.0,1n-1m-34th-Ac-sp-mz,sequana_cpu_dev,1,11425272.0,1,34,A,sp-mz,4,4,400,128,128,16,276.49,212.26,488.76,92.16,70.75,162.92,162.92,3.0, sdumont6222,2443.8
0.0,442,13,265348.0,3236.0,3236.0,265348.0,0.0,0.0,0.0,0.0,3.0,0,0.0,0.0,1n-1m-34th-Bc-sp-mz,sequana_cpu_dev,1,11425275.0,1,34,B,sp-mz,8,8,400,304,208,17,1366.84,1072.1,2438.94,124.26,97.46,221.72,221.72,11.0, sdumont6222,31706.22
0.0,442,13,265348.0,3232.0,3232.0,265348.0,0.0,0.0,0.0,0.0,1.0,0,0.0,0.0,1n-1m-34th-Bc-sp-mz,sequana_cpu_dev,1,11425277.0,1,34,B,sp-mz,8,8,400,304,208,17,1369.23,1077.21,2446.44,124.48,97.93,222.4,222.4,11.0, sdumont6222,31803.72
0.0,408,12,265348.0,3188.0,3188.0,265348.0,0.0,0.0,0.0,0.0,1.0,0,0.0,0.0,1n-1m-34th-Bc-sp-mz,sequana_cpu_dev,1,11425279.0,1,34,B,sp-mz,8,8,400,304,208,17,1222.82,957.2,2180.02,122.28,95.72,218.0,218.0,10.0, sdumont6222,26160.239999999998
0.0,408,12,265348.0,3296.0,3296.0,265348.0,0.0,0.0,0.0,0.0,1.0,0,0.0,0.0,1n-1m-34th-Bc-sp-mz,sequana_cpu_dev,1,11425281.0,1,34,B,sp-mz,8,8,400,304,208,17,1221.49,958.25,2179.73,122.15,95.82,217.97,217.97,10.0, sdumont6222,26156.760000000002
994.0,1700,50,2125608.0,925568.0,925568.0,2125608.0,1228.8,4218.88,1228.8,4218.88,1.0,0,158.0,158.0,1n-1m-34th-Cc-sp-mz,sequana_cpu_dev,1,11425283.0,1,34,C,sp-mz,16,16,400,480,320,28,5920.28,4724.95,10645.23,123.34,98.44,221.78,221.78,48.0, sdumont6222,532261.5
912.0,1768,52,2125608.0,925048.0,925048.0,2125608.0,1239.04,4218.88,1239.04,4218.88,1.0,0,508.0,508.0,1n-1m-34th-Cc-sp-mz,sequana_cpu_dev,1,11425287.0,1,34,C,sp-mz,16,16,400,480,320,28,6040.75,5009.99,11050.74,120.82,100.2,221.01,221.01,50.0, sdumont6275,574638.48
896.0,1564,46,2125616.0,925012.0,925012.0,2125616.0,1239.04,4218.88,1239.04,4218.88,1.0,0,472.0,472.0,1n-1m-34th-Cc-sp-mz,sequana_cpu_dev,1,11425290.0,1,34,C,sp-mz,16,16,400,480,320,28,5245.97,4211.33,9457.3,116.58,93.59,210.16,210.16,45.0, sdumont6169,435035.8
994.0,1666,49,2353852.0,926576.0,926576.0,2353852.0,1228.8,4218.88,1228.8,4218.88,1.0,0,56.0,56.0,1n-1m-34th-Cc-sp-mz,sequana_cpu_dev,1,11425292.0,1,34,C,sp-mz,16,16,400,480,320,28,5661.85,4517.8,10179.65,120.46,96.12,216.59,216.59,47.0, sdumont6169,498802.85
0.0,144,4,265348.0,3148.0,3148.0,265348.0,0.0,0.0,0.0,0.0,1.0,0,0.0,0.0,1n-1m-36th-Ac-sp-mz,sequana_cpu_dev,1,11425295.0,1,36,A,sp-mz,4,4,400,128,128,16,264.96,215.27,480.23,132.48,107.63,240.11,240.11,2.0, sdumont6169,1920.92
0.0,144,4,265348.0,3140.0,3140.0,265348.0,0.0,0.0,0.0,0.0,1.0,0,0.0,0.0,1n-1m-36th-Ac-sp-mz,sequana_cpu_dev,1,11425297.0,1,36,A,sp-mz,4,4,400,128,128,16,265.54,217.02,482.57,132.77,108.51,241.28,241.28,2.0, sdumont6169,1930.28
0.0,180,5,265348.0,3080.0,3080.0,265348.0,0.0,0.0,0.0,0.0,1.0,0,0.0,0.0,1n-1m-36th-Ac-sp-mz,sequana_cpu_dev,1,11425299.0,1,36,A,sp-mz,4,4,400,128,128,16,268.88,219.13,488.01,134.44,109.57,244.0,244.0,2.0, sdumont6169,2440.05
0.0,180,5,265348.0,3148.0,3148.0,265348.0,0.0,0.0,0.0,0.0,1.0,0,0.0,0.0,1n-1m-36th-Ac-sp-mz,sequana_cpu_dev,1,11425302.0,1,36,A,sp-mz,4,4,400,128,128,16,263.77,216.02,479.79,131.88,108.01,239.89,239.89,2.0, sdumont6169,2398.9500000000003
0.0,468,13,265348.0,3144.0,3144.0,265348.0,0.0,0.0,0.0,0.0,1.0,0,0.0,0.0,1n-1m-36th-Bc-sp-mz,sequana_cpu_dev,1,11425304.0,1,36,B,sp-mz,8,8,400,304,208,17,1197.68,1001.03,2198.71,108.88,91.0,199.88,199.88,11.0, sdumont6169,28583.23
0.0,468,13,265348.0,3080.0,3080.0,265348.0,0.0,0.0,0.0,0.0,1.0,0,0.0,0.0,1n-1m-36th-Bc-sp-mz,sequana_cpu_dev,1,11425308.0,1,36,B,sp-mz,8,8,400,304,208,17,1200.7,1003.58,2204.29,109.15,91.23,200.39,200.39,11.0, sdumont6169,28655.77
0.0,576,16,265348.0,3140.0,3140.0,265348.0,0.0,0.0,0.0,0.0,1.0,0,0.0,0.0,1n-1m-36th-Bc-sp-mz,sequana_cpu_dev,1,11425311.0,1,36,B,sp-mz,8,8,400,304,208,17,1341.74,1153.54,2495.28,89.45,76.9,166.35,166.35,15.0, sdumont6237,39924.48
0.0,468,13,265348.0,3056.0,3056.0,265348.0,0.0,0.0,0.0,0.0,1.0,0,0.0,0.0,1n-1m-36th-Bc-sp-mz,sequana_cpu_dev,1,11425313.0,1,36,B,sp-mz,8,8,400,304,208,17,1197.91,998.08,2195.99,119.79,99.81,219.6,219.6,10.0, sdumont6237,28547.869999999995
1049.0,1728,48,2129712.0,925052.0,925052.0,2129712.0,1228.8,4218.88,1228.8,4218.88,0.0,0,187.0,187.0,1n-1m-36th-Cc-sp-mz,sequana_cpu_dev,1,11425316.0,1,36,C,sp-mz,16,16,400,480,320,28,5626.25,4821.78,10448.03,122.31,104.82,227.13,227.13,46.0, sdumont6237,501505.44000000006
1061.0,1692,47,2135280.0,925444.0,925444.0,2135280.0,1239.04,4218.88,1239.04,4218.88,1.0,0,64.0,64.0,1n-1m-36th-Cc-sp-mz,sequana_cpu_dev,1,11425319.0,1,36,C,sp-mz,16,16,400,480,320,28,5494.73,4687.21,10181.94,119.45,101.9,221.35,221.35,46.0, sdumont6237,478551.18000000005
1065.0,1692,47,2129712.0,925208.0,925208.0,2129712.0,1239.04,4218.88,1239.04,4218.88,1.0,0,63.0,63.0,1n-1m-36th-Cc-sp-mz,sequana_cpu_dev,1,11425321.0,1,36,C,sp-mz,16,16,400,480,320,28,5501.09,4726.9,10227.98,125.02,107.43,232.45,232.45,44.0, sdumont6237,480715.06
1061.0,1692,47,2129712.0,925112.0,925112.0,2129712.0,1239.04,4218.88,1239.04,4218.88,1.0,0,155.0,155.0,1n-1m-36th-Cc-sp-mz,sequana_cpu_dev,1,11425324.0,1,36,C,sp-mz,16,16,400,480,320,28,5487.39,4734.57,10221.96,119.29,102.93,222.22,222.22,46.0, sdumont6237,480432.11999999994
0.0,228,6,265348.0,3176.0,3176.0,265348.0,0.0,0.0,0.0,0.0,1.0,0,0.0,0.0,1n-1m-38th-Ac-sp-mz,sequana_cpu_dev,1,11425328.0,1,38,A,sp-mz,4,4,400,128,128,16,344.16,297.55,641.71,68.83,59.51,128.34,128.34,5.0, sdumont6222,3850.26
0.0,152,4,265348.0,3240.0,3240.0,265348.0,0.0,0.0,0.0,0.0,1.0,0,0.0,0.0,1n-1m-38th-Ac-sp-mz,sequana_cpu_dev,1,11425335.0,1,38,A,sp-mz,4,4,400,128,128,16,264.92,233.21,498.13,88.31,77.74,166.04,166.04,3.0, sdumont6237,1992.52
0.0,152,4,265348.0,3176.0,3176.0,265348.0,0.0,0.0,0.0,0.0,1.0,0,0.0,0.0,1n-1m-38th-Ac-sp-mz,sequana_cpu_dev,1,11425338.0,1,38,A,sp-mz,4,4,400,128,128,16,262.67,229.2,491.87,87.56,76.4,163.96,163.96,3.0, sdumont6237,1967.48
0.0,190,5,265348.0,3240.0,3240.0,265348.0,0.0,0.0,0.0,0.0,3.0,0,0.0,0.0,1n-1m-38th-Ac-sp-mz,sequana_cpu_dev,1,11425341.0,1,38,A,sp-mz,4,4,400,128,128,16,268.02,233.87,501.89,89.34,77.96,167.3,167.3,3.0, sdumont6237,2509.45
0.0,456,12,265348.0,3152.0,3152.0,265348.0,0.0,0.0,0.0,0.0,1.0,0,0.0,0.0,1n-1m-38th-Bc-sp-mz,sequana_cpu_dev,1,11425359.0,1,38,B,sp-mz,8,8,400,304,208,17,1191.9,1052.41,2244.31,108.35,95.67,204.03,204.03,11.0, sdumont6237,26931.72
0.0,494,13,265348.0,3220.0,3220.0,265348.0,0.0,0.0,0.0,0.0,1.0,0,0.0,0.0,1n-1m-38th-Bc-sp-mz,sequana_cpu_dev,1,11425373.0,1,38,B,sp-mz,8,8,400,304,208,17,1345.85,1166.61,2512.46,112.15,97.22,209.37,209.37,12.0, sdumont6237,32661.98
0.0,494,13,265348.0,3144.0,3144.0,265348.0,0.0,0.0,0.0,0.0,1.0,0,0.0,0.0,1n-1m-38th-Bc-sp-mz,sequana_cpu_dev,1,11425379.0,1,38,B,sp-mz,8,8,400,304,208,17,1309.58,1153.76,2463.34,109.13,96.15,205.28,205.28,12.0, sdumont6237,32023.420000000002
0.0,494,13,265348.0,3176.0,3176.0,265348.0,0.0,0.0,0.0,0.0,1.0,0,0.0,0.0,1n-1m-38th-Bc-sp-mz,sequana_cpu_dev,1,11425382.0,1,38,B,sp-mz,8,8,400,304,208,17,1332.55,1172.18,2504.73,111.05,97.68,208.73,208.73,12.0, sdumont6237,32561.49
1123.0,1824,48,2133832.0,925136.0,925136.0,2133832.0,1239.04,4218.88,1239.04,4218.88,1.0,0,76.0,76.0,1n-1m-38th-Cc-sp-mz,sequana_cpu_dev,1,11425384.0,1,38,C,sp-mz,16,16,400,480,320,28,5591.41,4983.93,10575.34,118.97,106.04,225.01,225.01,47.0, sdumont6237,507616.32
1123.0,1748,46,2133832.0,925044.0,925044.0,2133832.0,1239.04,4218.88,1239.04,4218.88,1.0,0,68.0,68.0,1n-1m-38th-Cc-sp-mz,sequana_cpu_dev,1,11425387.0,1,38,C,sp-mz,16,16,400,480,320,28,5504.64,4869.85,10374.48,119.67,105.87,225.53,225.53,46.0, sdumont6237,477226.07999999996
1109.0,1748,46,1916732.0,924316.0,924316.0,1916732.0,1228.8,4218.88,1228.8,4218.88,2.0,0,48.0,48.0,1n-1m-38th-Cc-sp-mz,sequana_cpu_dev,1,11425391.0,1,38,C,sp-mz,16,16,400,480,320,28,5375.34,4772.1,10147.44,125.01,110.98,235.99,235.99,43.0, sdumont6237,466782.24000000005
1124.0,1824,48,2133832.0,924964.0,924964.0,2133832.0,1239.04,4218.88,1239.04,4218.88,1.0,0,59.0,59.0,1n-1m-38th-Cc-sp-mz,sequana_cpu_dev,1,11425394.0,1,38,C,sp-mz,16,16,400,480,320,28,5604.37,5005.96,10610.33,119.24,106.51,225.75,225.75,47.0, sdumont6237,509295.83999999997
0.0,160,4,265348.0,3112.0,3112.0,265348.0,0.0,0.0,0.0,0.0,1.0,0,0.0,0.0,1n-1m-40th-Ac-sp-mz,sequana_cpu_dev,1,11425397.0,1,40,A,sp-mz,4,4,400,128,128,16,258.51,235.7,494.21,86.17,78.57,164.74,164.74,3.0, sdumont6237,1976.84
0.0,160,4,265348.0,3152.0,3152.0,265348.0,0.0,0.0,0.0,0.0,1.0,0,0.0,0.0,1n-1m-40th-Ac-sp-mz,sequana_cpu_dev,1,11425400.0,1,40,A,sp-mz,4,4,400,128,128,16,259.84,233.36,493.19,86.61,77.79,164.4,164.4,3.0, sdumont6237,1972.76
0.0,280,7,265348.0,3148.0,3148.0,265348.0,0.0,0.0,0.0,0.0,1.0,0,0.0,0.0,1n-1m-40th-Ac-sp-mz,sequana_cpu_dev,1,11425404.0,1,40,A,sp-mz,4,4,400,128,128,16,343.31,314.78,658.09,68.66,62.96,131.62,131.62,5.0, sdumont6275,4606.63
0.0,160,4,265348.0,3168.0,3168.0,265348.0,0.0,0.0,0.0,0.0,1.0,0,0.0,0.0,1n-1m-40th-Ac-sp-mz,sequana_cpu_dev,1,11425409.0,1,40,A,sp-mz,4,4,400,128,128,16,261.42,239.57,500.99,87.14,79.86,167.0,167.0,3.0, sdumont6237,2003.96
0.0,480,12,265348.0,3232.0,3232.0,265348.0,0.0,0.0,0.0,0.0,1.0,0,0.0,0.0,1n-1m-40th-Bc-sp-mz,sequana_cpu_dev,1,11425412.0,1,40,B,sp-mz,8,8,400,304,208,17,1334.77,1196.37,2531.14,121.34,108.76,230.1,230.1,11.0, sdumont6237,30373.68
0.0,520,13,265348.0,3172.0,3172.0,265348.0,0.0,0.0,0.0,0.0,1.0,0,0.0,0.0,1n-1m-40th-Bc-sp-mz,sequana_cpu_dev,1,11425415.0,1,40,B,sp-mz,8,8,400,304,208,17,1335.69,1222.98,2558.67,111.31,101.92,213.22,213.22,12.0, sdumont6237,33262.71
0.0,520,13,265348.0,3148.0,3148.0,265348.0,0.0,0.0,0.0,0.0,1.0,0,0.0,0.0,1n-1m-40th-Bc-sp-mz,sequana_cpu_dev,1,11425418.0,1,40,B,sp-mz,8,8,400,304,208,17,1323.51,1210.52,2534.03,110.29,100.88,211.17,211.17,12.0, sdumont6237,32942.39
0.0,520,13,265348.0,3108.0,3108.0,265348.0,0.0,0.0,0.0,0.0,1.0,0,0.0,0.0,1n-1m-40th-Bc-sp-mz,sequana_cpu_dev,1,11425423.0,1,40,B,sp-mz,8,8,400,304,208,17,1323.96,1217.84,2541.79,110.33,101.49,211.82,211.82,12.0, sdumont6237,33043.27
1180.0,1960,49,2137936.0,925212.0,925212.0,2137936.0,1239.04,4218.88,1239.04,4218.88,1.0,0,193.0,193.0,1n-1m-40th-Cc-sp-mz,sequana_cpu_dev,1,11425426.0,1,40,C,sp-mz,16,16,400,480,320,28,5741.83,5293.3,11035.13,119.62,110.28,229.9,229.9,48.0, sdumont6237,540721.37
1183.0,1960,49,2137936.0,925188.0,925188.0,2137936.0,1239.04,4218.88,1239.04,4218.88,1.0,0,55.0,55.0,1n-1m-40th-Cc-sp-mz,sequana_cpu_dev,1,11425429.0,1,40,C,sp-mz,16,16,400,480,320,28,5734.44,5283.71,11018.15,122.01,112.42,234.43,234.43,47.0, sdumont6237,539889.35
1076.0,1960,49,2137936.0,925196.0,925196.0,2137936.0,1239.04,4218.88,1239.04,4218.88,1.0,0,516.0,516.0,1n-1m-40th-Cc-sp-mz,sequana_cpu_dev,1,11425431.0,1,40,C,sp-mz,16,16,400,480,320,28,5691.98,5046.78,10738.76,118.58,105.14,223.72,223.72,48.0, sdumont6222,526199.24
1167.0,1920,48,2137936.0,925092.0,925092.0,2137936.0,1228.8,4218.88,1228.8,4218.88,1.0,0,53.0,53.0,1n-1m-40th-Cc-sp-mz,sequana_cpu_dev,1,11425434.0,1,40,C,sp-mz,16,16,400,480,320,28,5762.7,5113.24,10875.94,122.61,108.79,231.4,231.4,47.0, sdumont6222,522045.12
0.0,126,3,265348.0,1032.0,1032.0,265348.0,0.0,0.0,0.0,0.0,1.0,0,0.0,0.0,1n-1m-42th-Ac-sp-mz,sequana_cpu_dev,1,11425437.0,1,42,A,sp-mz,4,4,400,128,128,16,265.54,252.05,517.59,132.77,126.03,258.8,258.8,2.0, sdumont6237,1552.77
0.0,126,3,265348.0,3184.0,3184.0,265348.0,0.0,0.0,0.0,0.0,1.0,0,0.0,0.0,1n-1m-42th-Ac-sp-mz,sequana_cpu_dev,1,11425440.0,1,42,A,sp-mz,4,4,400,128,128,16,269.22,252.94,522.17,134.61,126.47,261.08,261.08,2.0, sdumont6237,1566.5099999999998
0.0,126,3,265348.0,3156.0,3156.0,265348.0,0.0,0.0,0.0,0.0,1.0,0,0.0,0.0,1n-1m-42th-Ac-sp-mz,sequana_cpu_dev,1,11425443.0,1,42,A,sp-mz,4,4,400,128,128,16,269.86,252.91,522.78,134.93,126.46,261.39,261.39,2.0, sdumont6237,1568.34
0.0,168,4,265348.0,3172.0,3172.0,265348.0,0.0,0.0,0.0,0.0,1.0,0,0.0,0.0,1n-1m-42th-Ac-sp-mz,sequana_cpu_dev,1,11425446.0,1,42,A,sp-mz,4,4,400,128,128,16,268.92,252.69,521.6,134.46,126.34,260.8,260.8,2.0, sdumont6237,2086.4
0.0,588,14,265348.0,3180.0,3180.0,265348.0,0.0,0.0,0.0,0.0,4.0,0,0.0,0.0,1n-1m-42th-Bc-sp-mz,sequana_cpu_dev,1,11425449.0,1,42,B,sp-mz,8,8,400,304,208,17,1238.73,1138.46,2377.19,95.29,87.57,182.86,182.86,13.0, sdumont6169,33280.66
0.0,504,12,265348.0,3160.0,3160.0,265348.0,0.0,0.0,0.0,0.0,4.0,0,0.0,0.0,1n-1m-42th-Bc-sp-mz,sequana_cpu_dev,1,11425453.0,1,42,B,sp-mz,8,8,400,304,208,17,1214.15,1107.53,2321.68,121.41,110.75,232.17,232.17,10.0, sdumont6169,27860.159999999996
0.0,504,12,265348.0,3180.0,3180.0,265348.0,0.0,0.0,0.0,0.0,1.0,0,0.0,0.0,1n-1m-42th-Bc-sp-mz,sequana_cpu_dev,1,11425454.0,1,42,B,sp-mz,8,8,400,304,208,17,1245.62,1110.27,2355.9,113.24,100.93,214.17,214.17,11.0, sdumont6222,28270.800000000003
0.0,504,12,265348.0,3176.0,3176.0,265348.0,0.0,0.0,0.0,0.0,1.0,0,0.0,0.0,1n-1m-42th-Bc-sp-mz,sequana_cpu_dev,1,11425456.0,1,42,B,sp-mz,8,8,400,304,208,17,1224.83,1100.42,2325.25,111.35,100.04,211.39,211.39,11.0, sdumont6222,27903.0
1224.0,1806,43,2142048.0,925176.0,925176.0,2142048.0,1228.8,4218.88,1228.8,4218.88,1.0,0,65.0,65.0,1n-1m-42th-Cc-sp-mz,sequana_cpu_dev,1,11425458.0,1,42,C,sp-mz,16,16,400,480,320,28,5207.71,4765.83,9973.54,123.99,113.47,237.47,237.47,42.0, sdumont6222,428862.22000000003
1226.0,1806,43,2147616.0,924816.0,924816.0,2147616.0,1228.8,4218.88,1228.8,4218.88,1.0,0,63.0,63.0,1n-1m-42th-Cc-sp-mz,sequana_cpu_dev,1,11425460.0,1,42,C,sp-mz,16,16,400,480,320,28,5210.04,4755.7,9965.74,124.05,113.23,237.28,237.28,42.0, sdumont6222,428526.82
1225.0,1806,43,2142048.0,925260.0,925260.0,2142048.0,1228.8,4218.88,1228.8,4218.88,1.0,0,91.0,91.0,1n-1m-42th-Cc-sp-mz,sequana_cpu_dev,1,11425464.0,1,42,C,sp-mz,16,16,400,480,320,28,5230.03,4768.98,9999.01,124.52,113.55,238.07,238.07,42.0, sdumont6222,429957.43
1224.0,1764,42,2142048.0,925156.0,925156.0,2142048.0,1228.8,4218.88,1228.8,4218.88,1.0,0,69.0,69.0,1n-1m-42th-Cc-sp-mz,sequana_cpu_dev,1,11425466.0,1,42,C,sp-mz,16,16,400,480,320,28,5080.54,4644.65,9725.19,123.92,113.28,237.2,237.2,41.0, sdumont6222,408457.98000000004
0.0,176,4,265348.0,3204.0,3204.0,265348.0,0.0,0.0,0.0,0.0,4.0,0,0.0,0.0,1n-1m-44th-Ac-sp-mz,sequana_cpu_dev,1,11425468.0,1,44,A,sp-mz,4,4,400,128,128,16,270.46,249.3,519.76,90.15,83.1,173.25,173.25,3.0, sdumont6222,2079.04
0.0,176,4,265348.0,3220.0,3220.0,265348.0,0.0,0.0,0.0,0.0,1.0,0,0.0,0.0,1n-1m-44th-Ac-sp-mz,sequana_cpu_dev,1,11425471.0,1,44,A,sp-mz,4,4,400,128,128,16,268.54,249.51,518.05,89.51,83.17,172.68,172.68,3.0, sdumont6222,2072.2
0.0,176,4,265348.0,3236.0,3236.0,265348.0,0.0,0.0,0.0,0.0,1.0,0,0.0,0.0,1n-1m-44th-Ac-sp-mz,sequana_cpu_dev,1,11425474.0,1,44,A,sp-mz,4,4,400,128,128,16,271.29,252.89,524.19,90.43,84.3,174.73,174.73,3.0, sdumont6222,2096.76
0.0,176,4,265348.0,3224.0,3224.0,265348.0,0.0,0.0,0.0,0.0,1.0,0,0.0,0.0,1n-1m-44th-Ac-sp-mz,sequana_cpu_dev,1,11425476.0,1,44,A,sp-mz,4,4,400,128,128,16,272.8,250.93,523.73,90.93,83.64,174.58,174.58,3.0, sdumont6222,2094.92
0.0,528,12,265348.0,3232.0,3232.0,265348.0,0.0,0.0,0.0,0.0,1.0,0,0.0,0.0,1n-1m-44th-Bc-sp-mz,sequana_cpu_dev,1,11425478.0,1,44,B,sp-mz,8,8,400,304,208,17,1210.32,1132.31,2342.63,110.03,102.94,212.97,212.97,11.0, sdumont6222,28111.56
0.0,572,13,265348.0,3232.0,3232.0,265348.0,0.0,0.0,0.0,0.0,1.0,0,0.0,0.0,1n-1m-44th-Bc-sp-mz,sequana_cpu_dev,1,11425480.0,1,44,B,sp-mz,8,8,400,304,208,17,1360.09,1254.33,2614.42,123.64,114.03,237.67,237.67,11.0, sdumont6222,33987.46
0.0,528,12,265348.0,3232.0,3232.0,265348.0,0.0,0.0,0.0,0.0,1.0,0,0.0,0.0,1n-1m-44th-Bc-sp-mz,sequana_cpu_dev,1,11425482.0,1,44,B,sp-mz,8,8,400,304,208,17,1211.19,1134.14,2345.33,110.11,103.1,213.21,213.21,11.0, sdumont6222,28143.96
0.0,572,13,265348.0,3220.0,3220.0,265348.0,0.0,0.0,0.0,0.0,0.0,0,0.0,0.0,1n-1m-44th-Bc-sp-mz,sequana_cpu_dev,1,11425484.0,1,44,B,sp-mz,8,8,400,304,208,17,1360.03,1272.74,2632.77,123.64,115.7,239.34,239.34,11.0, sdumont6222,34226.01
1280.0,2068,47,2146160.0,925360.0,925360.0,2146160.0,1228.8,4218.88,1228.8,4218.88,1.0,0,180.0,180.0,1n-1m-44th-Cc-sp-mz,sequana_cpu_dev,1,11425486.0,1,44,C,sp-mz,16,16,400,480,320,28,5599.51,5254.93,10854.44,121.73,114.24,235.97,235.97,46.0, sdumont6222,510158.68000000005
1282.0,1980,45,2146160.0,925248.0,925248.0,2146160.0,1228.8,4218.88,1228.8,4218.88,1.0,0,59.0,59.0,1n-1m-44th-Cc-sp-mz,sequana_cpu_dev,1,11425489.0,1,44,C,sp-mz,16,16,400,480,320,28,5522.33,5145.04,10667.37,125.51,116.93,242.44,242.44,44.0, sdumont6222,480031.65
1280.0,1892,43,2146160.0,925200.0,925200.0,2146160.0,1218.56,4218.88,1218.56,4218.88,1.0,0,218.0,218.0,1n-1m-44th-Cc-sp-mz,sequana_cpu_dev,1,11425492.0,1,44,C,sp-mz,16,16,400,480,320,28,4755.17,4744.68,9499.84,115.98,115.72,231.7,231.7,41.0, sdumont6165,408493.12
1281.0,1980,45,2146160.0,925460.0,925460.0,2146160.0,1218.56,4218.88,1218.56,4218.88,1.0,0,68.0,68.0,1n-1m-44th-Cc-sp-mz,sequana_cpu_dev,1,11425497.0,1,44,C,sp-mz,16,16,400,480,320,28,4996.68,4965.96,9962.65,116.2,115.49,231.69,231.69,43.0, sdumont6165,448319.25
0.0,230,5,265348.0,3056.0,3056.0,265348.0,0.0,0.0,0.0,0.0,3.0,0,0.0,0.0,1n-1m-46th-Ac-sp-mz,sequana_cpu_dev,1,11425504.0,1,46,A,sp-mz,4,4,400,128,128,16,248.23,253.29,501.52,82.74,84.43,167.17,167.17,3.0, sdumont6165,2507.6
0.0,230,5,265348.0,3160.0,3160.0,265348.0,0.0,0.0,0.0,0.0,0.0,0,0.0,0.0,1n-1m-46th-Ac-sp-mz,sequana_cpu_dev,1,11425507.0,1,46,A,sp-mz,4,4,400,128,128,16,252.38,254.71,507.09,84.13,84.9,169.03,169.03,3.0, sdumont6165,2535.45
0.0,230,5,265348.0,3168.0,3168.0,265348.0,0.0,0.0,0.0,0.0,1.0,0,0.0,0.0,1n-1m-46th-Ac-sp-mz,sequana_cpu_dev,1,11425514.0,1,46,A,sp-mz,4,4,400,128,128,16,246.07,248.24,494.31,82.02,82.75,164.77,164.77,3.0, sdumont6165,2471.55
0.0,230,5,265348.0,3140.0,3140.0,265348.0,0.0,0.0,0.0,0.0,1.0,0,0.0,0.0,1n-1m-46th-Ac-sp-mz,sequana_cpu_dev,1,11425516.0,1,46,A,sp-mz,4,4,400,128,128,16,244.43,248.5,492.93,81.48,82.83,164.31,164.31,3.0, sdumont6165,2464.65
0.0,598,13,265348.0,3128.0,3128.0,265348.0,0.0,0.0,0.0,0.0,1.0,0,0.0,0.0,1n-1m-46th-Bc-sp-mz,sequana_cpu_dev,1,11425519.0,1,46,B,sp-mz,8,8,400,304,208,17,1130.44,1137.41,2267.86,102.77,103.4,206.17,206.17,11.0, sdumont6165,29482.18
0.0,598,13,265348.0,3144.0,3144.0,265348.0,0.0,0.0,0.0,0.0,1.0,0,0.0,0.0,1n-1m-46th-Bc-sp-mz,sequana_cpu_dev,1,11425522.0,1,46,B,sp-mz,8,8,400,304,208,17,1132.23,1135.47,2267.7,102.93,103.22,206.15,206.15,11.0, sdumont6165,29480.1
0.0,644,14,265348.0,3132.0,3132.0,265348.0,0.0,0.0,0.0,0.0,1.0,0,0.0,0.0,1n-1m-46th-Bc-sp-mz,sequana_cpu_dev,1,11425525.0,1,46,B,sp-mz,8,8,400,304,208,17,1292.55,1210.89,2503.43,107.71,100.91,208.62,208.62,12.0, sdumont6240,35048.02
0.0,552,12,265348.0,3052.0,3052.0,265348.0,0.0,0.0,0.0,0.0,1.0,0,0.0,0.0,1n-1m-46th-Bc-sp-mz,sequana_cpu_dev,1,11425530.0,1,46,B,sp-mz,8,8,400,304,208,17,1223.02,1140.05,2363.07,122.3,114.01,236.31,236.31,10.0, sdumont6240,28356.840000000004
1338.0,1978,43,2150284.0,925116.0,925116.0,2150284.0,1228.8,4218.88,1228.8,4218.88,1.0,0,213.0,213.0,1n-1m-46th-Cc-sp-mz,sequana_cpu_dev,1,11425534.0,1,46,C,sp-mz,16,16,400,480,320,28,5100.55,4762.33,9862.88,124.4,116.15,240.56,240.56,41.0, sdumont6240,424103.83999999997
1338.0,1978,43,2150284.0,926248.0,926248.0,2150284.0,1228.8,4218.88,1228.8,4218.88,1.0,0,67.0,67.0,1n-1m-46th-Cc-sp-mz,sequana_cpu_dev,1,11425540.0,1,46,C,sp-mz,16,16,400,480,320,28,5107.11,4780.96,9888.07,124.56,116.61,241.17,241.17,41.0, sdumont6240,425187.01
1339.0,1978,43,2150284.0,925228.0,925228.0,2150284.0,1228.8,4218.88,1228.8,4218.88,1.0,0,88.0,88.0,1n-1m-46th-Cc-sp-mz,sequana_cpu_dev,1,11425545.0,1,46,C,sp-mz,16,16,400,480,320,28,5092.04,4781.67,9873.71,124.2,116.63,240.82,240.82,41.0, sdumont6240,424569.52999999997
1338.0,1978,43,2150284.0,925536.0,925536.0,2150284.0,1228.8,4218.88,1228.8,4218.88,1.0,0,30.0,30.0,1n-1m-46th-Cc-sp-mz,sequana_cpu_dev,1,11425547.0,1,46,C,sp-mz,16,16,400,480,320,28,5102.18,4767.12,9869.29,127.55,119.18,246.73,246.73,40.0, sdumont6240,424379.47000000003
0.0,240,5,265348.0,3172.0,3172.0,265348.0,0.0,0.0,0.0,0.0,1.0,0,0.0,0.0,1n-1m-48th-Ac-sp-mz,sequana_cpu_dev,1,11425550.0,1,48,A,sp-mz,4,4,400,128,128,16,259.27,254.69,513.96,86.42,84.9,171.32,171.32,3.0, sdumont6240,2569.8
0.0,240,5,265348.0,3056.0,3056.0,265348.0,0.0,0.0,0.0,0.0,1.0,0,0.0,0.0,1n-1m-48th-Ac-sp-mz,sequana_cpu_dev,1,11425554.0,1,48,A,sp-mz,4,4,400,128,128,16,258.82,252.08,510.9,86.27,84.03,170.3,170.3,3.0, sdumont6240,2554.5
0.0,192,4,265348.0,3148.0,3148.0,265348.0,0.0,0.0,0.0,0.0,1.0,0,0.0,0.0,1n-1m-48th-Ac-sp-mz,sequana_cpu_dev,1,11425557.0,1,48,A,sp-mz,4,4,400,128,128,16,252.81,249.68,502.49,84.27,83.23,167.5,167.5,3.0, sdumont6240,2009.96
0.0,240,5,265348.0,3120.0,3120.0,265348.0,0.0,0.0,0.0,0.0,3.0,0,0.0,0.0,1n-1m-48th-Ac-sp-mz,sequana_cpu_dev,1,11425559.0,1,48,A,sp-mz,4,4,400,128,128,16,259.73,256.47,516.2,86.58,85.49,172.07,172.07,3.0, sdumont6240,2581.0
0.0,672,14,265348.0,3144.0,3144.0,265348.0,0.0,0.0,0.0,0.0,1.0,0,0.0,0.0,1n-1m-48th-Bc-sp-mz,sequana_cpu_dev,1,11425562.0,1,48,B,sp-mz,8,8,400,304,208,17,1344.53,1309.06,2653.59,112.04,109.09,221.13,221.13,12.0, sdumont6240,37150.26
0.0,624,13,265348.0,3176.0,3176.0,265348.0,0.0,0.0,0.0,0.0,1.0,0,0.0,0.0,1n-1m-48th-Bc-sp-mz,sequana_cpu_dev,1,11425566.0,1,48,B,sp-mz,8,8,400,304,208,17,1344.92,1316.21,2661.13,112.08,109.68,221.76,221.76,12.0, sdumont6240,34594.69
0.0,672,14,265348.0,1032.0,1032.0,265348.0,0.0,0.0,0.0,0.0,1.0,0,0.0,0.0,1n-1m-48th-Bc-sp-mz,sequana_cpu_dev,1,11425571.0,1,48,B,sp-mz,8,8,400,304,208,17,1343.66,1301.08,2644.74,111.97,108.42,220.4,220.4,12.0, sdumont6240,37026.36
0.0,720,15,265348.0,1036.0,1036.0,265348.0,0.0,0.0,0.0,0.0,1.0,0,0.0,0.0,1n-1m-48th-Bc-sp-mz,sequana_cpu_dev,1,11425574.0,1,48,B,sp-mz,8,8,400,304,208,17,1482.82,1446.1,2928.92,114.06,111.24,225.3,225.3,13.0, sdumont6240,43933.8
1394.0,2496,52,2154380.0,925276.0,925276.0,2154380.0,1228.8,4218.88,1228.8,4218.88,1.0,0,212.0,212.0,1n-1m-48th-Cc-sp-mz,sequana_cpu_dev,1,11425579.0,1,48,C,sp-mz,16,16,400,480,320,28,6142.33,6002.22,12144.55,122.85,120.04,242.89,242.89,50.0, sdumont6240,631516.6
1394.0,2448,51,2382624.0,926464.0,926464.0,2382624.0,1228.8,4218.88,1228.8,4218.88,1.0,0,102.0,102.0,1n-1m-48th-Cc-sp-mz,sequana_cpu_dev,1,11425584.0,1,48,C,sp-mz,16,16,400,480,320,28,6148.87,6002.96,12151.83,125.49,122.51,248.0,248.0,49.0, sdumont6240,619743.33
1394.0,2352,49,2154380.0,925536.0,925536.0,2154380.0,1228.8,4218.88,1228.8,4218.88,1.0,0,88.0,88.0,1n-1m-48th-Cc-sp-mz,sequana_cpu_dev,1,11425586.0,1,48,C,sp-mz,16,16,400,480,320,28,5901.72,5749.35,11651.07,125.57,122.33,247.9,247.9,47.0, sdumont6240,570902.4299999999
1396.0,2304,48,2159948.0,924844.0,924844.0,2159948.0,1228.8,4218.88,1228.8,4218.88,1.0,0,99.0,99.0,1n-1m-48th-Cc-sp-mz,sequana_cpu_dev,1,11425588.0,1,48,C,sp-mz,16,16,400,480,320,28,5740.78,5592.68,11333.46,124.8,121.58,246.38,246.38,46.0, sdumont6240,544006.08
4.0,24,6,772832.0,133144.0,68146.0,1280316.0,512.0,2109.44,1024.0,4218.88,1.0,0,1.0,2.0,1n-2m-2th-Ac-sp-mz,sequana_cpu_dev,1,11425591.0,2,2,A,sp-mz,4,4,400,128,128,16,304.0,296.45,600.44,60.8,59.29,120.09,120.09,5.0, sdumont6240,3602.6400000000003
4.0,24,6,446522.0,129492.0,66354.0,627696.0,471.04,2109.44,942.08,4208.64,1.0,0,0.0,0.0,1n-2m-2th-Ac-sp-mz,sequana_cpu_dev,1,11425593.0,2,2,A,sp-mz,4,4,400,128,128,16,302.13,295.02,597.15,60.43,59.0,119.43,119.43,5.0, sdumont6240,3582.8999999999996
4.0,24,6,446572.0,129472.0,66352.0,627796.0,471.04,2109.44,942.08,4208.64,1.0,0,0.0,0.0,1n-2m-2th-Ac-sp-mz,sequana_cpu_dev,1,11425595.0,2,2,A,sp-mz,4,4,400,128,128,16,302.73,294.39,597.12,60.55,58.88,119.42,119.42,5.0, sdumont6240,3582.7200000000003
4.0,24,6,772832.0,133348.0,68234.0,1280316.0,512.0,2109.44,1024.0,4218.88,1.0,0,0.0,0.0,1n-2m-2th-Ac-sp-mz,sequana_cpu_dev,1,11425597.0,2,2,A,sp-mz,4,4,400,128,128,16,302.73,294.81,597.55,60.55,58.96,119.51,119.51,5.0, sdumont6240,3585.2999999999997
0.0,84,21,359222.0,4740.0,3928.0,453096.0,614.4,2109.44,1228.8,4218.88,1.0,0,0.0,0.0,1n-2m-2th-Bc-sp-mz,sequana_cpu_dev,1,11425599.0,2,2,B,sp-mz,8,8,400,304,208,17,1284.01,1253.35,2537.36,64.2,62.67,126.87,126.87,20.0, sdumont6240,53284.560000000005
19.0,84,21,463904.0,6416.0,4794.0,662460.0,614.4,2109.44,1218.56,4218.88,1.0,0,4.0,9.0,1n-2m-2th-Bc-sp-mz,sequana_cpu_dev,1,11425601.0,2,2,B,sp-mz,8,8,400,304,208,17,1150.01,1240.18,2390.19,57.5,62.01,119.51,119.51,20.0, sdumont6165,50193.99
0.0,84,21,575480.0,8180.0,5672.0,885612.0,614.4,2109.44,1218.56,4218.88,1.0,0,0.0,0.0,1n-2m-2th-Bc-sp-mz,sequana_cpu_dev,1,11425603.0,2,2,B,sp-mz,8,8,400,304,208,17,1152.05,1247.89,2399.94,57.6,62.39,120.0,120.0,20.0, sdumont6165,50398.74
0.0,84,21,575480.0,8308.0,5710.0,885612.0,604.16,2109.44,1218.56,4218.88,1.0,0,0.0,0.0,1n-2m-2th-Bc-sp-mz,sequana_cpu_dev,1,11425605.0,2,2,B,sp-mz,8,8,400,304,208,17,1147.81,1243.12,2390.93,57.39,62.16,119.55,119.55,20.0, sdumont6165,50209.53
118.0,332,83,1359440.0,533868.0,531102.0,1683572.0,1433.6,4218.88,2027.52,4229.12,1.0,0,0.0,20.0,1n-2m-2th-Cc-sp-mz,sequana_cpu_dev,1,11425608.0,2,2,C,sp-mz,16,16,400,480,320,28,4762.87,5164.59,9927.46,58.08,62.98,121.07,121.07,82.0, sdumont6165,823979.1799999999
118.0,332,83,1362224.0,533268.0,530832.0,1689140.0,1433.6,4218.88,2017.28,4229.12,1.0,0,0.0,0.0,1n-2m-2th-Cc-sp-mz,sequana_cpu_dev,1,11425610.0,2,2,C,sp-mz,16,16,400,480,320,28,4769.28,5157.8,9927.08,58.16,62.9,121.06,121.06,82.0, sdumont6165,823947.64
118.0,332,83,1359440.0,532092.0,530212.0,1687800.0,1433.6,4218.88,2027.52,4229.12,1.0,0,0.0,0.0,1n-2m-2th-Cc-sp-mz,sequana_cpu_dev,1,11425612.0,2,2,C,sp-mz,16,16,400,480,320,28,4786.14,5178.14,9964.27,58.37,63.15,121.52,121.52,82.0, sdumont6165,827034.41
118.0,332,83,1359438.0,531944.0,530162.0,1683564.0,1433.6,4218.88,2017.28,4229.12,1.0,0,0.0,0.0,1n-2m-2th-Cc-sp-mz,sequana_cpu_dev,1,11425614.0,2,2,C,sp-mz,16,16,400,480,320,28,4758.42,5148.02,9906.44,58.03,62.78,120.81,120.81,82.0, sdumont6165,822234.52
0.0,40,5,359222.0,4596.0,3880.0,453096.0,501.76,2109.44,1003.52,4218.88,1.0,0,0.0,0.0,1n-2m-4th-Ac-sp-mz,sequana_cpu_dev,1,11425616.0,2,4,A,sp-mz,4,4,400,128,128,16,153.64,169.29,322.93,76.82,84.65,161.47,161.47,2.0, sdumont6165,1614.65
0.0,32,4,359222.0,4592.0,3888.0,453096.0,501.76,2109.44,1003.52,4218.88,1.0,0,0.0,0.0,1n-2m-4th-Ac-sp-mz,sequana_cpu_dev,1,11425618.0,2,4,A,sp-mz,4,4,400,128,128,16,155.22,170.35,325.57,51.74,56.78,108.52,108.52,3.0, sdumont6165,1302.28
5.0,40,5,463904.0,6324.0,4742.0,662460.0,501.76,2109.44,993.28,4218.88,1.0,0,1.0,3.0,1n-2m-4th-Ac-sp-mz,sequana_cpu_dev,1,11425623.0,2,4,A,sp-mz,4,4,400,128,128,16,153.53,169.34,322.87,76.76,84.67,161.44,161.44,2.0, sdumont6165,1614.35
0.0,40,5,359222.0,4672.0,3912.0,453096.0,501.76,2109.44,1003.52,4218.88,1.0,0,0.0,0.0,1n-2m-4th-Ac-sp-mz,sequana_cpu_dev,1,11425624.0,2,4,A,sp-mz,4,4,400,128,128,16,154.76,169.23,324.0,51.59,56.41,108.0,108.0,3.0, sdumont6165,1620.0
0.0,104,13,265348.0,3380.0,3260.0,265348.0,552.96,2109.44,1116.16,4218.88,1.0,0,0.0,0.0,1n-2m-4th-Bc-sp-mz,sequana_cpu_dev,1,11425629.0,2,4,B,sp-mz,8,8,400,304,208,17,775.82,836.88,1612.7,64.65,69.74,134.39,134.39,12.0, sdumont6165,20965.100000000002
22.0,104,13,774822.0,133068.0,68128.0,1284296.0,552.96,2109.44,1105.92,4218.88,1.0,0,14.0,28.0,1n-2m-4th-Bc-sp-mz,sequana_cpu_dev,1,11425632.0,2,4,B,sp-mz,8,8,400,304,208,17,795.86,825.89,1621.74,72.35,75.08,147.43,147.43,11.0, sdumont6166,21082.62
21.0,96,12,774818.0,133092.0,68136.0,1284288.0,552.96,2109.44,1105.92,4218.88,1.0,0,0.0,1.0,1n-2m-4th-Bc-sp-mz,sequana_cpu_dev,1,11425634.0,2,4,B,sp-mz,8,8,400,304,208,17,802.81,832.31,1635.11,72.98,75.66,148.65,148.65,11.0, sdumont6166,19621.32
22.0,104,13,448564.0,129400.0,66316.0,631780.0,471.04,2109.44,942.08,4208.64,1.0,0,10.0,20.0,1n-2m-4th-Bc-sp-mz,sequana_cpu_dev,1,11425637.0,2,4,B,sp-mz,8,8,400,304,208,17,793.34,821.24,1614.58,66.11,68.44,134.55,134.55,12.0, sdumont6166,20989.54
147.0,368,46,1363552.0,532092.0,530252.0,1687680.0,1095.68,4218.88,1249.28,4218.88,0.0,0,8.0,14.0,1n-2m-4th-Cc-sp-mz,sequana_cpu_dev,1,11425640.0,2,4,C,sp-mz,16,16,400,480,320,28,3268.33,3374.28,6642.62,72.63,74.98,147.61,147.61,45.0, sdumont6166,305560.52
117.0,368,46,1363554.0,532104.0,530206.0,1691908.0,1198.08,4218.88,1546.24,4218.88,1.0,0,4.0,9.0,1n-2m-4th-Cc-sp-mz,sequana_cpu_dev,1,11425644.0,2,4,C,sp-mz,16,16,400,480,320,28,3273.3,3383.45,6656.75,72.74,75.19,147.93,147.93,45.0, sdumont6166,306210.5
147.0,368,46,1363554.0,531980.0,530260.0,1691908.0,1095.68,4218.88,1249.28,4218.88,1.0,0,2.0,3.0,1n-2m-4th-Cc-sp-mz,sequana_cpu_dev,1,11425649.0,2,4,C,sp-mz,16,16,400,480,320,28,3266.37,3372.31,6638.68,72.59,74.94,147.53,147.53,45.0, sdumont6166,305379.28
117.0,368,46,1363552.0,531904.0,530224.0,1687680.0,1187.84,4218.88,1536.0,4218.88,1.0,0,1.0,2.0,1n-2m-4th-Cc-sp-mz,sequana_cpu_dev,1,11425651.0,2,4,C,sp-mz,16,16,400,480,320,28,3166.95,3410.94,6577.89,70.38,75.8,146.18,146.18,45.0, sdumont6165,302582.94
5.0,48,4,776950.0,133560.0,68400.0,1288552.0,491.52,2109.44,983.04,4218.88,1.0,0,2.0,5.0,1n-2m-6th-Ac-sp-mz,sequana_cpu_dev,1,11425653.0,2,6,A,sp-mz,4,4,400,128,128,16,175.63,179.25,354.88,58.54,59.75,118.29,118.29,3.0, sdumont6166,1419.52
5.0,36,3,450706.0,129768.0,66508.0,636064.0,471.04,2109.44,942.08,4208.64,1.0,0,3.0,6.0,1n-2m-6th-Ac-sp-mz,sequana_cpu_dev,1,11425658.0,2,6,A,sp-mz,4,4,400,128,128,16,80.92,85.9,166.82,26.97,28.63,55.61,55.61,3.0, sdumont6166,500.46
5.0,48,4,776952.0,133388.0,68306.0,1288556.0,491.52,2109.44,972.8,4218.88,1.0,0,2.0,4.0,1n-2m-6th-Ac-sp-mz,sequana_cpu_dev,1,11425662.0,2,6,A,sp-mz,4,4,400,128,128,16,171.72,180.37,352.09,57.24,60.12,117.36,117.36,3.0, sdumont6165,1408.36
0.0,36,3,575480.0,8296.0,5758.0,885612.0,491.52,2109.44,983.04,4218.88,1.0,0,0.0,0.0,1n-2m-6th-Ac-sp-mz,sequana_cpu_dev,1,11425665.0,2,6,A,sp-mz,4,4,400,128,128,16,78.23,86.6,164.83,26.08,28.87,54.94,54.94,3.0, sdumont6165,494.49
23.0,120,10,463904.0,6368.0,4808.0,662460.0,532.48,2109.44,1054.72,4218.88,1.0,0,6.0,12.0,1n-2m-6th-Bc-sp-mz,sequana_cpu_dev,1,11425667.0,2,6,B,sp-mz,8,8,400,304,208,17,604.07,639.52,1243.59,67.12,71.06,138.18,138.18,9.0, sdumont6165,12435.9
23.0,120,10,776884.0,133324.0,68280.0,1288420.0,532.48,2109.44,1054.72,4218.88,1.0,0,2.0,5.0,1n-2m-6th-Bc-sp-mz,sequana_cpu_dev,1,11425669.0,2,6,B,sp-mz,8,8,400,304,208,17,603.47,638.53,1241.99,67.05,70.95,138.0,138.0,9.0, sdumont6165,12419.9
23.0,120,10,463904.0,6324.0,4772.0,662460.0,522.24,2109.44,1054.72,4218.88,2.0,0,1.0,3.0,1n-2m-6th-Bc-sp-mz,sequana_cpu_dev,1,11425671.0,2,6,B,sp-mz,8,8,400,304,208,17,599.19,636.28,1235.47,66.58,70.7,137.27,137.27,9.0, sdumont6165,12354.7
0.0,132,11,359480.0,5148.0,4182.0,453612.0,542.72,2109.44,1075.2,4218.88,1.0,0,0.0,0.0,1n-2m-6th-Bc-sp-mz,sequana_cpu_dev,1,11425673.0,2,6,B,sp-mz,8,8,400,304,208,17,603.53,639.0,1242.53,67.06,71.0,138.06,138.06,9.0, sdumont6165,13667.83
177.0,396,33,1367672.0,532000.0,530242.0,1691800.0,1105.92,4218.88,1372.16,4218.88,3.0,0,1.0,5.0,1n-2m-6th-Cc-sp-mz,sequana_cpu_dev,1,11425676.0,2,6,C,sp-mz,16,16,400,480,320,28,2617.38,2771.16,5388.53,81.79,86.6,168.39,168.39,32.0, sdumont6165,177821.49
181.0,396,33,1367672.0,534116.0,531240.0,1691800.0,1095.68,4218.88,1249.28,4218.88,1.0,0,4.0,8.0,1n-2m-6th-Cc-sp-mz,sequana_cpu_dev,1,11425679.0,2,6,C,sp-mz,16,16,400,480,320,28,2595.8,2748.65,5344.45,81.12,85.9,167.01,167.01,32.0, sdumont6165,176366.85
176.0,396,33,1367674.0,532120.0,530276.0,1691800.0,1105.92,4218.88,1372.16,4218.88,1.0,0,0.0,2.0,1n-2m-6th-Cc-sp-mz,sequana_cpu_dev,1,11425683.0,2,6,C,sp-mz,16,16,400,480,320,28,2617.55,2770.02,5387.57,81.8,86.56,168.36,168.36,32.0, sdumont6165,177789.81
177.0,396,33,1367674.0,532216.0,530356.0,1696028.0,1105.92,4218.88,1372.16,4218.88,0.0,0,1.0,3.0,1n-2m-6th-Cc-sp-mz,sequana_cpu_dev,1,11425686.0,2,6,C,sp-mz,16,16,400,480,320,28,2611.34,2765.03,5376.37,84.24,89.19,173.43,173.43,31.0, sdumont6165,177420.21
0.0,48,3,463904.0,6556.0,4854.0,662460.0,491.52,2109.44,972.8,4218.88,1.0,0,0.0,0.0,1n-2m-8th-Ac-sp-mz,sequana_cpu_dev,1,11425689.0,2,8,A,sp-mz,4,4,400,128,128,16,89.12,98.31,187.43,89.12,98.31,187.43,187.43,1.0, sdumont6165,562.29
0.0,64,4,359480.0,5108.0,4120.0,453612.0,501.76,2109.44,1003.52,4218.88,1.0,0,0.0,0.0,1n-2m-8th-Ac-sp-mz,sequana_cpu_dev,1,11425692.0,2,8,A,sp-mz,4,4,400,128,128,16,89.3,97.89,187.18,89.3,97.89,187.18,187.18,1.0, sdumont6165,748.72
5.0,64,4,452764.0,129884.0,66556.0,640180.0,471.04,2109.44,942.08,4218.88,1.0,0,6.0,12.0,1n-2m-8th-Ac-sp-mz,sequana_cpu_dev,1,11425696.0,2,8,A,sp-mz,4,4,400,128,128,16,89.56,95.04,184.6,89.56,95.04,184.6,184.6,1.0, sdumont6166,738.4
5.0,48,3,452766.0,131696.0,67412.0,640184.0,471.04,2109.44,942.08,4218.88,1.0,0,1.0,3.0,1n-2m-8th-Ac-sp-mz,sequana_cpu_dev,1,11425699.0,2,8,A,sp-mz,4,4,400,128,128,16,88.88,94.76,183.64,44.44,47.38,91.82,91.82,2.0, sdumont6166,550.92
0.0,128,8,359480.0,5020.0,4086.0,453612.0,532.48,2109.44,1054.72,4218.88,1.0,0,0.0,0.0,1n-2m-8th-Bc-sp-mz,sequana_cpu_dev,1,11425701.0,2,8,B,sp-mz,8,8,400,304,208,17,596.97,613.93,1210.9,99.5,102.32,201.82,201.82,6.0, sdumont6166,9687.2
24.0,128,8,452694.0,129724.0,66426.0,640040.0,471.04,2109.44,942.08,4218.88,1.0,0,1.0,2.0,1n-2m-8th-Bc-sp-mz,sequana_cpu_dev,1,11425703.0,2,8,B,sp-mz,8,8,400,304,208,17,598.98,617.65,1216.63,99.83,102.94,202.77,202.77,6.0, sdumont6166,9733.04
0.0,128,8,359222.0,4612.0,3882.0,453096.0,532.48,2109.44,1054.72,4218.88,4.0,0,0.0,0.0,1n-2m-8th-Bc-sp-mz,sequana_cpu_dev,1,11425705.0,2,8,B,sp-mz,8,8,400,304,208,17,578.23,607.57,1185.8,82.6,86.8,169.4,169.4,7.0, sdumont6165,9486.4
0.0,128,8,359480.0,5232.0,4170.0,453612.0,532.48,2109.44,1054.72,4218.88,1.0,0,0.0,0.0,1n-2m-8th-Bc-sp-mz,sequana_cpu_dev,1,11425708.0,2,8,B,sp-mz,8,8,400,304,208,17,578.51,607.59,1186.09,96.42,101.26,197.68,197.68,6.0, sdumont6165,9488.72
98.0,432,27,452692.0,129636.0,66404.0,640036.0,471.04,2109.44,942.08,4218.88,1.0,0,2.0,5.0,1n-2m-8th-Cc-sp-mz,sequana_cpu_dev,1,11425710.0,2,8,C,sp-mz,16,16,400,480,320,28,2438.97,2555.41,4994.39,97.56,102.22,199.78,199.78,25.0, sdumont6165,134848.53
0.0,432,27,463904.0,6600.0,4862.0,662460.0,645.12,2109.44,1280.0,4218.88,1.0,0,0.0,0.0,1n-2m-8th-Cc-sp-mz,sequana_cpu_dev,1,11425712.0,2,8,C,sp-mz,16,16,400,480,320,28,2431.55,2549.84,4981.39,97.26,101.99,199.26,199.26,25.0, sdumont6165,134497.53
0.0,432,27,463904.0,6308.0,4732.0,662460.0,645.12,2109.44,1280.0,4218.88,1.0,0,0.0,0.0,1n-2m-8th-Cc-sp-mz,sequana_cpu_dev,1,11425714.0,2,8,C,sp-mz,16,16,400,480,320,28,2432.95,2553.32,4986.26,97.32,102.13,199.45,199.45,25.0, sdumont6165,134629.02000000002
0.0,432,27,359222.0,4588.0,3854.0,453096.0,645.12,2109.44,1300.48,4218.88,1.0,0,0.0,0.0,1n-2m-8th-Cc-sp-mz,sequana_cpu_dev,1,11425716.0,2,8,C,sp-mz,16,16,400,480,320,28,2433.26,2549.7,4982.95,97.33,101.99,199.32,199.32,25.0, sdumont6165,134539.65
0.0,60,3,359222.0,4624.0,3874.0,453096.0,491.52,2109.44,983.04,4218.88,1.0,0,0.0,0.0,1n-2m-10th-Ac-sp-mz,sequana_cpu_dev,1,11425719.0,2,10,A,sp-mz,4,4,400,128,128,16,98.32,107.13,205.45,98.32,107.13,205.45,205.45,1.0, sdumont6165,616.3499999999999
0.0,60,3,359222.0,4788.0,3918.0,453096.0,491.52,2109.44,983.04,4218.88,1.0,0,0.0,0.0,1n-2m-10th-Ac-sp-mz,sequana_cpu_dev,1,11425722.0,2,10,A,sp-mz,4,4,400,128,128,16,100.25,107.54,207.79,100.25,107.54,207.79,207.79,1.0, sdumont6165,623.37
0.0,60,3,359222.0,4728.0,3878.0,453096.0,491.52,2109.44,993.28,4218.88,1.0,0,0.0,0.0,1n-2m-10th-Ac-sp-mz,sequana_cpu_dev,1,11425723.0,2,10,A,sp-mz,4,4,400,128,128,16,100.14,109.05,209.19,100.14,109.05,209.19,209.19,1.0, sdumont6165,627.5699999999999
6.0,100,5,265348.0,3308.0,3204.0,265348.0,471.04,2109.44,942.08,4218.88,1.0,0,191.0,382.0,1n-2m-10th-Ac-sp-mz,sequana_cpu_dev,1,11425726.0,2,10,A,sp-mz,4,4,400,128,128,16,126.47,142.04,268.51,31.62,35.51,67.13,67.13,4.0, sdumont6165,1342.55
25.0,140,7,780982.0,133368.0,68180.0,1296616.0,512.0,2109.44,1024.0,4218.88,1.0,0,2.0,5.0,1n-2m-10th-Bc-sp-mz,sequana_cpu_dev,1,11425728.0,2,10,B,sp-mz,8,8,400,304,208,17,512.5,535.67,1048.17,85.42,89.28,174.7,174.7,6.0, sdumont6165,7337.1900000000005
26.0,140,7,780984.0,133508.0,67274.0,1296620.0,512.0,2109.44,1024.0,4218.88,1.0,0,1.0,2.0,1n-2m-10th-Bc-sp-mz,sequana_cpu_dev,1,11425730.0,2,10,B,sp-mz,8,8,400,304,208,17,515.04,539.45,1054.49,85.84,89.91,175.75,175.75,6.0, sdumont6165,7381.43
0.0,140,7,359222.0,4572.0,3854.0,453096.0,512.0,2109.44,1034.24,4218.88,1.0,0,0.0,0.0,1n-2m-10th-Bc-sp-mz,sequana_cpu_dev,1,11425732.0,2,10,B,sp-mz,8,8,400,304,208,17,521.11,546.21,1067.33,86.85,91.04,177.89,177.89,6.0, sdumont6165,7471.3099999999995
0.0,140,7,575242.0,6852.0,4990.0,885136.0,512.0,2109.44,1024.0,4218.88,1.0,0,0.0,0.0,1n-2m-10th-Bc-sp-mz,sequana_cpu_dev,1,11425734.0,2,10,B,sp-mz,8,8,400,304,208,17,528.9,550.85,1079.76,88.15,91.81,179.96,179.96,6.0, sdumont6165,7558.32
103.0,440,22,780992.0,133220.0,68166.0,1296636.0,614.4,2109.44,1228.8,4218.88,1.0,0,25.0,51.0,1n-2m-10th-Cc-sp-mz,sequana_cpu_dev,1,11425737.0,2,10,C,sp-mz,16,16,400,480,320,28,2334.04,2431.05,4765.08,111.14,115.76,226.91,226.91,21.0, sdumont6165,104831.76
0.0,460,23,359222.0,4600.0,3800.0,453096.0,624.64,2109.44,1249.28,4218.88,1.0,0,0.0,0.0,1n-2m-10th-Cc-sp-mz,sequana_cpu_dev,1,11425740.0,2,10,C,sp-mz,16,16,400,480,320,28,2344.16,2442.71,4786.87,111.63,116.32,227.95,227.95,21.0, sdumont6165,110098.01
103.0,440,22,780990.0,133156.0,68134.0,1296632.0,614.4,2109.44,1239.04,4218.88,1.0,0,7.0,15.0,1n-2m-10th-Cc-sp-mz,sequana_cpu_dev,1,11425742.0,2,10,C,sp-mz,16,16,400,480,320,28,2343.04,2437.28,4780.32,111.57,116.06,227.63,227.63,21.0, sdumont6165,105167.04
0.0,460,23,575242.0,6680.0,4864.0,885136.0,624.64,2109.44,1239.04,4218.88,1.0,0,0.0,0.0,1n-2m-10th-Cc-sp-mz,sequana_cpu_dev,1,11425745.0,2,10,C,sp-mz,16,16,400,480,320,28,2335.76,2437.58,4773.34,111.23,116.08,227.3,227.3,21.0, sdumont6165,109786.82
6.0,48,2,783128.0,133408.0,68294.0,1300908.0,491.52,2109.44,983.04,4218.88,0.0,0,6.0,13.0,1n-2m-12th-Ac-sp-mz,sequana_cpu_dev,1,11425747.0,2,12,A,sp-mz,4,4,400,128,128,16,104.74,119.64,224.38,104.74,119.64,224.38,224.38,1.0, sdumont6165,448.76
6.0,72,3,783128.0,133400.0,68270.0,1300908.0,491.52,2109.44,972.8,4218.88,1.0,0,6.0,13.0,1n-2m-12th-Ac-sp-mz,sequana_cpu_dev,1,11425749.0,2,12,A,sp-mz,4,4,400,128,128,16,106.68,120.32,227.0,53.34,60.16,113.5,113.5,2.0, sdumont6165,681.0
0.0,72,3,359222.0,4612.0,3874.0,453096.0,491.52,2109.44,993.28,4218.88,4.0,0,0.0,0.0,1n-2m-12th-Ac-sp-mz,sequana_cpu_dev,1,11425750.0,2,12,A,sp-mz,4,4,400,128,128,16,105.18,118.14,223.32,52.59,59.07,111.66,111.66,2.0, sdumont6165,669.96
6.0,72,3,783130.0,133516.0,68286.0,1300912.0,491.52,2109.44,983.04,4218.88,1.0,0,7.0,15.0,1n-2m-12th-Ac-sp-mz,sequana_cpu_dev,1,11425752.0,2,12,A,sp-mz,4,4,400,128,128,16,104.87,119.19,224.05,52.43,59.59,112.03,112.03,2.0, sdumont6165,672.1500000000001
28.0,144,6,783046.0,133232.0,68144.0,1300744.0,512.0,2109.44,1024.0,4218.88,1.0,0,10.0,21.0,1n-2m-12th-Bc-sp-mz,sequana_cpu_dev,1,11425756.0,2,12,B,sp-mz,8,8,400,304,208,17,544.5,589.7,1134.2,108.9,117.94,226.84,226.84,5.0, sdumont6165,6805.200000000001
0.0,144,6,359222.0,4708.0,3884.0,453096.0,512.0,2109.44,1034.24,4218.88,1.0,0,0.0,0.0,1n-2m-12th-Bc-sp-mz,sequana_cpu_dev,1,11425758.0,2,12,B,sp-mz,8,8,400,304,208,17,539.51,585.91,1125.41,107.9,117.18,225.08,225.08,5.0, sdumont6165,6752.460000000001
28.0,168,7,456812.0,129596.0,66360.0,648276.0,471.04,2109.44,942.08,4218.88,1.0,0,10.0,21.0,1n-2m-12th-Bc-sp-mz,sequana_cpu_dev,1,11425760.0,2,12,B,sp-mz,8,8,400,304,208,17,544.2,589.15,1133.35,108.84,117.83,226.67,226.67,5.0, sdumont6165,7933.449999999999
28.0,144,6,456802.0,129756.0,66458.0,648256.0,471.04,2109.44,942.08,4218.88,1.0,0,8.0,16.0,1n-2m-12th-Bc-sp-mz,sequana_cpu_dev,1,11425762.0,2,12,B,sp-mz,8,8,400,304,208,17,545.39,591.7,1137.09,109.08,118.34,227.42,227.42,5.0, sdumont6165,6822.539999999999
0.0,504,21,359222.0,4656.0,3856.0,453096.0,604.16,2109.44,1208.32,4218.88,1.0,0,0.0,0.0,1n-2m-12th-Cc-sp-mz,sequana_cpu_dev,1,11425765.0,2,12,C,sp-mz,16,16,400,480,320,28,2153.54,2332.18,4485.72,107.68,116.61,224.29,224.29,20.0, sdumont6165,94200.12000000001
0.0,504,21,359222.0,4616.0,3868.0,453096.0,604.16,2109.44,1208.32,4218.88,1.0,0,0.0,0.0,1n-2m-12th-Cc-sp-mz,sequana_cpu_dev,1,11425768.0,2,12,C,sp-mz,16,16,400,480,320,28,2162.32,2334.2,4496.52,108.12,116.71,224.83,224.83,20.0, sdumont6165,94426.92000000001
0.0,504,21,575242.0,6804.0,4950.0,885136.0,604.16,2109.44,1198.08,4218.88,1.0,0,0.0,0.0,1n-2m-12th-Cc-sp-mz,sequana_cpu_dev,1,11425770.0,2,12,C,sp-mz,16,16,400,480,320,28,2168.67,2331.03,4499.71,114.14,122.69,236.83,236.83,19.0, sdumont6165,94493.91
114.0,480,20,783054.0,133384.0,68250.0,1300760.0,604.16,2109.44,1198.08,4218.88,1.0,0,9.0,18.0,1n-2m-12th-Cc-sp-mz,sequana_cpu_dev,1,11425772.0,2,12,C,sp-mz,16,16,400,480,320,28,2162.05,2334.73,4496.78,108.1,116.74,224.84,224.84,20.0, sdumont6165,89935.59999999999
0.0,140,5,359222.0,4532.0,3804.0,453096.0,512.0,2109.44,1024.0,4218.88,1.0,0,0.0,0.0,1n-2m-14th-Ac-sp-mz,sequana_cpu_dev,1,11425777.0,2,14,A,sp-mz,4,4,400,128,128,16,147.34,133.68,281.02,36.83,33.42,70.25,70.25,4.0, sdumont6074,1405.1
7.0,84,3,458926.0,129888.0,66500.0,652504.0,471.04,2109.44,942.08,4218.88,1.0,0,7.0,14.0,1n-2m-14th-Ac-sp-mz,sequana_cpu_dev,1,11425779.0,2,14,A,sp-mz,4,4,400,128,128,16,105.9,100.69,206.59,105.9,100.69,206.59,206.59,1.0, sdumont6074,619.77
7.0,84,3,458944.0,129636.0,66408.0,652540.0,471.04,2109.44,942.08,4218.88,1.0,0,8.0,17.0,1n-2m-14th-Ac-sp-mz,sequana_cpu_dev,1,11425781.0,2,14,A,sp-mz,4,4,400,128,128,16,105.65,100.75,206.4,105.65,100.75,206.4,206.4,1.0, sdumont6074,619.2
7.0,84,3,785186.0,135624.0,69296.0,1305024.0,491.52,2109.44,983.04,4218.88,1.0,0,10.0,21.0,1n-2m-14th-Ac-sp-mz,sequana_cpu_dev,1,11425783.0,2,14,A,sp-mz,4,4,400,128,128,16,105.66,100.6,206.26,105.66,100.6,206.26,206.26,1.0, sdumont6074,618.78
31.0,196,7,458876.0,129736.0,66426.0,652404.0,471.04,2109.44,952.32,4218.88,4.0,0,10.0,21.0,1n-2m-14th-Bc-sp-mz,sequana_cpu_dev,1,11425785.0,2,14,B,sp-mz,8,8,400,304,208,17,547.8,502.3,1050.1,109.56,100.46,210.02,210.02,5.0, sdumont6074,7350.699999999999
31.0,196,7,785102.0,133532.0,68248.0,1304856.0,512.0,2109.44,1024.0,4218.88,1.0,0,7.0,15.0,1n-2m-14th-Bc-sp-mz,sequana_cpu_dev,1,11425787.0,2,14,B,sp-mz,8,8,400,304,208,17,552.55,502.72,1055.27,110.51,100.54,211.05,211.05,5.0, sdumont6074,7386.889999999999
30.0,196,7,785102.0,133372.0,68180.0,1304856.0,512.0,2109.44,1024.0,4218.88,1.0,0,6.0,13.0,1n-2m-14th-Bc-sp-mz,sequana_cpu_dev,1,11425788.0,2,14,B,sp-mz,8,8,400,304,208,17,549.15,500.05,1049.2,109.83,100.01,209.84,209.84,5.0, sdumont6074,7344.400000000001
31.0,196,7,458860.0,129628.0,66390.0,652372.0,471.04,2109.44,942.08,4218.88,1.0,0,8.0,17.0,1n-2m-14th-Bc-sp-mz,sequana_cpu_dev,1,11425790.0,2,14,B,sp-mz,8,8,400,304,208,17,550.15,501.32,1051.47,110.03,100.26,210.29,210.29,5.0, sdumont6074,7360.29
125.0,560,20,787910.0,132744.0,67938.0,1310472.0,593.92,2109.44,1198.08,4218.88,1.0,0,17.0,34.0,1n-2m-14th-Cc-sp-mz,sequana_cpu_dev,1,11425793.0,2,14,C,sp-mz,16,16,400,480,320,28,2195.35,2002.78,4198.13,121.96,111.27,233.23,233.23,18.0, sdumont6074,83962.6
0.0,560,20,359222.0,4744.0,3904.0,453096.0,604.16,2109.44,1208.32,4218.88,1.0,0,0.0,0.0,1n-2m-14th-Cc-sp-mz,sequana_cpu_dev,1,11425796.0,2,14,C,sp-mz,16,16,400,480,320,28,2232.7,2333.71,4566.41,117.51,122.83,240.34,240.34,19.0, sdumont6165,91328.2
124.0,560,20,785126.0,133444.0,68286.0,1304904.0,593.92,2109.44,1187.84,4218.88,1.0,0,13.0,27.0,1n-2m-14th-Cc-sp-mz,sequana_cpu_dev,1,11425800.0,2,14,C,sp-mz,16,16,400,480,320,28,2130.76,2228.99,4359.75,112.15,117.32,229.46,229.46,19.0, sdumont6165,87195.0
0.0,532,19,359222.0,4612.0,3862.0,453096.0,593.92,2109.44,1198.08,4218.88,1.0,0,0.0,0.0,1n-2m-14th-Cc-sp-mz,sequana_cpu_dev,1,11425803.0,2,14,C,sp-mz,16,16,400,480,320,28,2108.52,2209.09,4317.6,117.14,122.73,239.87,239.87,18.0, sdumont6165,82034.40000000001
0.0,96,3,359222.0,4672.0,3892.0,453096.0,491.52,2109.44,993.28,4218.88,1.0,0,0.0,0.0,1n-2m-16th-Ac-sp-mz,sequana_cpu_dev,1,11425805.0,2,16,A,sp-mz,4,4,400,128,128,16,105.5,120.23,225.73,52.75,60.12,112.86,112.86,2.0, sdumont6165,677.1899999999999
7.0,128,4,787244.0,133492.0,68274.0,1309140.0,501.76,2109.44,1013.76,4218.88,1.0,0,181.0,362.0,1n-2m-16th-Ac-sp-mz,sequana_cpu_dev,1,11425806.0,2,16,A,sp-mz,4,4,400,128,128,16,131.66,116.45,248.11,32.91,29.11,62.03,62.03,4.0, sdumont6187,992.44
0.0,96,3,463904.0,6544.0,4796.0,662460.0,491.52,2109.44,983.04,4218.88,1.0,0,0.0,0.0,1n-2m-16th-Ac-sp-mz,sequana_cpu_dev,1,11425809.0,2,16,A,sp-mz,4,4,400,128,128,16,118.09,118.76,236.84,118.09,118.76,236.84,236.84,1.0, sdumont6187,710.52
7.0,96,3,400878.0,20200.0,11680.0,536408.0,471.04,2109.44,942.08,4218.88,1.0,0,13.0,27.0,1n-2m-16th-Ac-sp-mz,sequana_cpu_dev,1,11425812.0,2,16,A,sp-mz,4,4,400,128,128,16,119.87,121.36,241.23,119.87,121.36,241.23,241.23,1.0, sdumont6187,723.6899999999999
34.0,192,6,792128.0,134276.0,68708.0,1318908.0,512.0,2109.44,1024.0,4218.88,1.0,0,11.0,22.0,1n-2m-16th-Bc-sp-mz,sequana_cpu_dev,1,11425813.0,2,16,B,sp-mz,8,8,400,304,208,17,596.86,572.62,1169.48,119.37,114.52,233.9,233.9,5.0, sdumont6187,7016.88
34.0,192,6,460934.0,131668.0,67436.0,656520.0,471.04,2109.44,942.08,4218.88,1.0,0,10.0,20.0,1n-2m-16th-Bc-sp-mz,sequana_cpu_dev,1,11425815.0,2,16,B,sp-mz,8,8,400,304,208,17,447.6,441.54,889.14,111.9,110.38,222.28,222.28,4.0, sdumont6187,5334.84
33.0,192,6,787176.0,133576.0,68286.0,1309004.0,512.0,2109.44,1013.76,4218.88,1.0,0,9.0,18.0,1n-2m-16th-Bc-sp-mz,sequana_cpu_dev,1,11425818.0,2,16,B,sp-mz,8,8,400,304,208,17,451.39,444.4,895.79,112.85,111.1,223.95,223.95,4.0, sdumont6187,5374.74
0.0,160,5,575248.0,8120.0,5588.0,885148.0,501.76,2109.44,1013.76,4218.88,1.0,0,0.0,0.0,1n-2m-16th-Bc-sp-mz,sequana_cpu_dev,1,11425820.0,2,16,B,sp-mz,8,8,400,304,208,17,448.71,437.38,886.09,112.18,109.35,221.52,221.52,4.0, sdumont6187,4430.45
134.0,608,19,787180.0,133156.0,68164.0,1309012.0,593.92,2109.44,1187.84,4218.88,1.0,0,11.0,22.0,1n-2m-16th-Cc-sp-mz,sequana_cpu_dev,1,11425823.0,2,16,C,sp-mz,16,16,400,480,320,28,2308.31,2201.17,4509.47,135.78,129.48,265.26,265.26,17.0, sdumont6187,85679.93000000001
0.0,608,19,359222.0,4660.0,3860.0,453096.0,604.16,2109.44,1198.08,4218.88,1.0,0,0.0,0.0,1n-2m-16th-Cc-sp-mz,sequana_cpu_dev,1,11425827.0,2,16,C,sp-mz,16,16,400,480,320,28,2157.22,2309.41,4466.63,119.85,128.3,248.15,248.15,18.0, sdumont6165,84865.97
133.0,576,18,460944.0,129956.0,66558.0,656540.0,471.04,2109.44,942.08,4218.88,1.0,0,7.0,14.0,1n-2m-16th-Cc-sp-mz,sequana_cpu_dev,1,11425830.0,2,16,C,sp-mz,16,16,400,480,320,28,2018.86,2169.48,4188.33,118.76,127.62,246.37,246.37,17.0, sdumont6165,75389.94
0.0,608,19,575476.0,8316.0,5730.0,885604.0,593.92,2109.44,1187.84,4218.88,1.0,0,0.0,0.0,1n-2m-16th-Cc-sp-mz,sequana_cpu_dev,1,11425833.0,2,16,C,sp-mz,16,16,400,480,320,28,2158.78,2320.04,4478.82,119.93,128.89,248.82,248.82,18.0, sdumont6165,85097.57999999999
0.0,108,3,359222.0,4648.0,3892.0,453096.0,491.52,2109.44,983.04,4218.88,1.0,0,0.0,0.0,1n-2m-18th-Ac-sp-mz,sequana_cpu_dev,1,11425836.0,2,18,A,sp-mz,4,4,400,128,128,16,112.1,123.65,235.75,56.05,61.83,117.87,117.87,2.0, sdumont6165,707.25
0.0,108,3,359222.0,4636.0,3896.0,453096.0,501.76,2109.44,993.28,4218.88,1.0,0,0.0,0.0,1n-2m-18th-Ac-sp-mz,sequana_cpu_dev,1,11425837.0,2,18,A,sp-mz,4,4,400,128,128,16,112.17,122.85,235.02,56.09,61.42,117.51,117.51,2.0, sdumont6165,705.0600000000001
0.0,108,3,359222.0,4536.0,3816.0,453096.0,491.52,2109.44,983.04,4218.88,1.0,0,0.0,0.0,1n-2m-18th-Ac-sp-mz,sequana_cpu_dev,1,11425840.0,2,18,A,sp-mz,4,4,400,128,128,16,106.73,117.92,224.65,53.36,58.96,112.32,112.32,2.0, sdumont6165,673.95
8.0,108,3,463046.0,130064.0,66644.0,660744.0,471.04,2109.44,942.08,4218.88,1.0,0,16.0,33.0,1n-2m-18th-Ac-sp-mz,sequana_cpu_dev,1,11425842.0,2,18,A,sp-mz,4,4,400,128,128,16,112.31,123.08,235.39,56.16,61.54,117.69,117.69,2.0, sdumont6165,706.17
0.0,216,6,575480.0,8164.0,5650.0,885612.0,512.0,2109.44,1013.76,4218.88,1.0,0,0.0,0.0,1n-2m-18th-Bc-sp-mz,sequana_cpu_dev,1,11425844.0,2,18,B,sp-mz,8,8,400,304,208,17,430.56,454.47,885.03,86.11,90.89,177.01,177.01,5.0, sdumont6165,5310.18
0.0,216,6,575480.0,8408.0,5750.0,885612.0,512.0,2109.44,1013.76,4218.88,1.0,0,0.0,0.0,1n-2m-18th-Bc-sp-mz,sequana_cpu_dev,1,11425846.0,2,18,B,sp-mz,8,8,400,304,208,17,434.71,459.33,894.05,86.94,91.87,178.81,178.81,5.0, sdumont6165,5364.299999999999
36.0,216,6,462982.0,131992.0,67572.0,660616.0,471.04,2109.44,942.08,4218.88,1.0,0,11.0,23.0,1n-2m-18th-Bc-sp-mz,sequana_cpu_dev,1,11425848.0,2,18,B,sp-mz,8,8,400,304,208,17,435.13,459.87,895.0,87.03,91.97,179.0,179.0,5.0, sdumont6165,5370.0
0.0,216,6,359222.0,4548.0,3804.0,453096.0,501.76,2109.44,1003.52,4218.88,1.0,0,0.0,0.0,1n-2m-18th-Bc-sp-mz,sequana_cpu_dev,1,11425850.0,2,18,B,sp-mz,8,8,400,304,208,17,436.19,461.89,898.08,87.24,92.38,179.62,179.62,5.0, sdumont6165,5388.4800000000005
0.0,648,18,359222.0,4536.0,3830.0,453096.0,593.92,2109.44,1177.6,4218.88,1.0,0,0.0,0.0,1n-2m-18th-Cc-sp-mz,sequana_cpu_dev,1,11425852.0,2,18,C,sp-mz,16,16,400,480,320,28,2057.12,2154.02,4211.14,121.01,126.71,247.71,247.71,17.0, sdumont6165,75800.52
146.0,648,18,789244.0,133524.0,68332.0,1313140.0,583.68,2109.44,1177.6,4218.88,1.0,0,25.0,51.0,1n-2m-18th-Cc-sp-mz,sequana_cpu_dev,1,11425854.0,2,18,C,sp-mz,16,16,400,480,320,28,2045.97,2146.1,4192.07,120.35,126.24,246.59,246.59,17.0, sdumont6165,75457.26
147.0,648,18,462990.0,129864.0,66510.0,660632.0,471.04,2109.44,942.08,4218.88,1.0,0,16.0,32.0,1n-2m-18th-Cc-sp-mz,sequana_cpu_dev,1,11425857.0,2,18,C,sp-mz,16,16,400,480,320,28,2053.54,2151.62,4205.16,120.8,126.57,247.36,247.36,17.0, sdumont6165,75692.88
0.0,648,18,359222.0,4628.0,3876.0,453096.0,593.92,2109.44,1177.6,4218.88,1.0,0,0.0,0.0,1n-2m-18th-Cc-sp-mz,sequana_cpu_dev,1,11425859.0,2,18,C,sp-mz,16,16,400,480,320,28,2068.63,2165.98,4234.62,121.68,127.41,249.1,249.1,17.0, sdumont6165,76223.16
9.0,120,3,791364.0,133508.0,68294.0,1317380.0,491.52,2109.44,983.04,4218.88,1.0,0,12.0,25.0,1n-2m-20th-Ac-sp-mz,sequana_cpu_dev,1,11425861.0,2,20,A,sp-mz,4,4,400,128,128,16,112.9,127.37,240.28,56.45,63.69,120.14,120.14,2.0, sdumont6165,720.84
9.0,120,3,791362.0,132156.0,67652.0,1317376.0,491.52,2109.44,983.04,4218.88,1.0,0,15.0,30.0,1n-2m-20th-Ac-sp-mz,sequana_cpu_dev,1,11425863.0,2,20,A,sp-mz,4,4,400,128,128,16,115.3,129.91,245.21,57.65,64.96,122.6,122.6,2.0, sdumont6165,735.63
0.0,120,3,575480.0,8332.0,5738.0,885612.0,491.52,2109.44,983.04,4218.88,0.0,0,0.0,0.0,1n-2m-20th-Ac-sp-mz,sequana_cpu_dev,1,11425865.0,2,20,A,sp-mz,4,4,400,128,128,16,113.51,127.71,241.22,56.76,63.85,120.61,120.61,2.0, sdumont6165,723.66
0.0,120,3,359222.0,4544.0,3772.0,453096.0,491.52,2109.44,983.04,4218.88,1.0,0,0.0,0.0,1n-2m-20th-Ac-sp-mz,sequana_cpu_dev,1,11425867.0,2,20,A,sp-mz,4,4,400,128,128,16,112.11,126.69,238.8,56.06,63.34,119.4,119.4,2.0, sdumont6165,716.4000000000001
0.0,240,6,575480.0,8128.0,5630.0,885612.0,512.0,2109.44,1013.76,4218.88,1.0,0,0.0,0.0,1n-2m-20th-Bc-sp-mz,sequana_cpu_dev,1,11425869.0,2,20,B,sp-mz,8,8,400,304,208,17,440.51,473.8,914.31,88.1,94.76,182.86,182.86,5.0, sdumont6165,5485.86
39.0,240,6,791294.0,133448.0,68262.0,1317240.0,512.0,2109.44,1013.76,4218.88,1.0,0,16.0,32.0,1n-2m-20th-Bc-sp-mz,sequana_cpu_dev,1,11425871.0,2,20,B,sp-mz,8,8,400,304,208,17,440.91,475.54,916.45,88.18,95.11,183.29,183.29,5.0, sdumont6165,5498.700000000001
0.0,240,6,359222.0,4616.0,3870.0,453096.0,512.0,2109.44,1024.0,4218.88,1.0,0,0.0,0.0,1n-2m-20th-Bc-sp-mz,sequana_cpu_dev,1,11425873.0,2,20,B,sp-mz,8,8,400,304,208,17,442.58,475.22,917.8,88.52,95.04,183.56,183.56,5.0, sdumont6165,5506.799999999999
0.0,240,6,359208.0,4588.0,3868.0,453068.0,512.0,2109.44,1024.0,4218.88,1.0,0,0.0,0.0,1n-2m-20th-Bc-sp-mz,sequana_cpu_dev,1,11425875.0,2,20,B,sp-mz,8,8,400,304,208,17,441.82,475.55,917.37,88.36,95.11,183.47,183.47,5.0, sdumont6165,5504.22
162.0,840,21,265348.0,3356.0,3248.0,265348.0,471.04,2109.44,942.08,4218.88,1.0,0,195.0,391.0,1n-2m-20th-Cc-sp-mz,sequana_cpu_dev,1,11425878.0,2,20,C,sp-mz,16,16,400,480,320,28,2308.04,2295.98,4604.02,115.4,114.8,230.2,230.2,20.0, sdumont6247,96684.42000000001
163.0,720,18,465046.0,129740.0,66460.0,664744.0,471.04,2109.44,942.08,4218.88,1.0,0,60.0,121.0,1n-2m-20th-Cc-sp-mz,sequana_cpu_dev,1,11425879.0,2,20,C,sp-mz,16,16,400,480,320,28,2077.78,2222.63,4300.41,122.22,130.74,252.97,252.97,17.0, sdumont6165,77407.38
0.0,720,18,359222.0,4540.0,3800.0,453096.0,593.92,2109.44,1187.84,4218.88,1.0,0,0.0,0.0,1n-2m-20th-Cc-sp-mz,sequana_cpu_dev,1,11425882.0,2,20,C,sp-mz,16,16,400,480,320,28,2086.73,2237.61,4324.34,122.75,131.62,254.37,254.37,17.0, sdumont6165,77838.12
0.0,720,18,575242.0,6728.0,4928.0,885136.0,583.68,2109.44,1177.6,4218.88,1.0,0,0.0,0.0,1n-2m-20th-Cc-sp-mz,sequana_cpu_dev,1,11425884.0,2,20,C,sp-mz,16,16,400,480,320,28,2080.15,2219.82,4299.97,122.36,130.58,252.94,252.94,17.0, sdumont6165,77399.46
0.0,132,3,359222.0,4696.0,3922.0,453096.0,491.52,2109.44,983.04,4218.88,1.0,0,0.0,0.0,1n-2m-22th-Ac-sp-mz,sequana_cpu_dev,1,11425886.0,2,22,A,sp-mz,4,4,400,128,128,16,111.86,124.05,235.91,55.93,62.02,117.95,117.95,2.0, sdumont6165,707.73
0.0,132,3,575242.0,6688.0,4906.0,885136.0,491.52,2109.44,972.8,4218.88,1.0,0,0.0,0.0,1n-2m-22th-Ac-sp-mz,sequana_cpu_dev,1,11425888.0,2,22,A,sp-mz,4,4,400,128,128,16,115.08,126.88,241.96,57.54,63.44,120.98,120.98,2.0, sdumont6165,725.88
0.0,132,3,575480.0,8240.0,5650.0,885612.0,491.52,2109.44,983.04,4218.88,4.0,0,0.0,0.0,1n-2m-22th-Ac-sp-mz,sequana_cpu_dev,1,11425890.0,2,22,A,sp-mz,4,4,400,128,128,16,115.84,121.63,237.47,115.84,121.63,237.47,237.47,1.0, sdumont6169,712.41
0.0,132,3,359222.0,4676.0,3832.0,453096.0,501.76,2109.44,993.28,4218.88,1.0,0,0.0,0.0,1n-2m-22th-Ac-sp-mz,sequana_cpu_dev,1,11425893.0,2,22,A,sp-mz,4,4,400,128,128,16,112.85,122.34,235.19,56.43,61.17,117.6,117.6,2.0, sdumont6165,705.5699999999999
0.0,264,6,359222.0,4724.0,3928.0,453096.0,512.0,2109.44,1024.0,4218.88,1.0,0,0.0,0.0,1n-2m-22th-Bc-sp-mz,sequana_cpu_dev,1,11425895.0,2,22,B,sp-mz,8,8,400,304,208,17,436.23,461.75,897.98,87.25,92.35,179.6,179.6,5.0, sdumont6165,5387.88
44.0,264,6,793342.0,133708.0,68420.0,1321336.0,501.76,2109.44,1013.76,4218.88,1.0,0,18.0,37.0,1n-2m-22th-Bc-sp-mz,sequana_cpu_dev,1,11425897.0,2,22,B,sp-mz,8,8,400,304,208,17,439.72,464.26,903.98,87.94,92.85,180.8,180.8,5.0, sdumont6165,5423.88
0.0,264,6,359222.0,4664.0,3870.0,453096.0,512.0,2109.44,1024.0,4218.88,1.0,0,0.0,0.0,1n-2m-22th-Bc-sp-mz,sequana_cpu_dev,1,11425899.0,2,22,B,sp-mz,8,8,400,304,208,17,444.34,469.91,914.26,88.87,93.98,182.85,182.85,5.0, sdumont6165,5485.5599999999995
0.0,264,6,359222.0,4560.0,3808.0,453096.0,512.0,2109.44,1024.0,4218.88,1.0,0,0.0,0.0,1n-2m-22th-Bc-sp-mz,sequana_cpu_dev,1,11425901.0,2,22,B,sp-mz,8,8,400,304,208,17,438.64,463.92,902.56,87.73,92.78,180.51,180.51,5.0, sdumont6165,5415.36
0.0,792,18,359222.0,4632.0,2834.0,453096.0,593.92,2109.44,1177.6,4218.88,1.0,0,0.0,0.0,1n-2m-22th-Cc-sp-mz,sequana_cpu_dev,1,11425902.0,2,22,C,sp-mz,16,16,400,480,320,28,2087.0,2184.0,4271.0,122.76,128.47,251.24,251.24,17.0, sdumont6165,76878.0
0.0,880,20,575242.0,8088.0,5590.0,885136.0,593.92,2109.44,1187.84,4218.88,1.0,0,0.0,0.0,1n-2m-22th-Cc-sp-mz,sequana_cpu_dev,1,11425905.0,2,22,C,sp-mz,16,16,400,480,320,28,2251.16,2167.05,4418.21,132.42,127.47,259.89,259.89,17.0, sdumont6247,88364.2
178.0,792,18,793366.0,133480.0,68308.0,1321384.0,583.68,2109.44,1157.12,4218.88,1.0,0,11.0,22.0,1n-2m-22th-Cc-sp-mz,sequana_cpu_dev,1,11425908.0,2,22,C,sp-mz,16,16,400,480,320,28,2173.04,2092.39,4265.43,127.83,123.08,250.91,250.91,17.0, sdumont6247,76777.74
175.0,792,18,467106.0,129856.0,66502.0,668864.0,471.04,2109.44,942.08,4218.88,1.0,0,16.0,32.0,1n-2m-22th-Cc-sp-mz,sequana_cpu_dev,1,11425910.0,2,22,C,sp-mz,16,16,400,480,320,28,2177.8,2102.39,4280.18,128.11,123.67,251.78,251.78,17.0, sdumont6247,77043.24
11.0,144,3,795474.0,133796.0,68392.0,1325600.0,491.52,2109.44,983.04,4218.88,1.0,0,46.0,92.0,1n-2m-24th-Ac-sp-mz,sequana_cpu_dev,1,11425912.0,2,24,A,sp-mz,4,4,400,128,128,16,117.77,119.65,237.42,58.88,59.82,118.71,118.71,2.0, sdumont6247,712.26
11.0,144,3,469240.0,130096.0,66642.0,673132.0,471.04,2109.44,952.32,4218.88,1.0,0,23.0,46.0,1n-2m-24th-Ac-sp-mz,sequana_cpu_dev,1,11425914.0,2,24,A,sp-mz,4,4,400,128,128,16,121.08,121.9,242.98,60.54,60.95,121.49,121.49,2.0, sdumont6247,728.9399999999999
11.0,144,3,795468.0,133656.0,68326.0,1325588.0,491.52,2109.44,983.04,4218.88,1.0,0,19.0,38.0,1n-2m-24th-Ac-sp-mz,sequana_cpu_dev,1,11425920.0,2,24,A,sp-mz,4,4,400,128,128,16,120.07,121.19,241.25,120.07,121.19,241.25,241.25,1.0, sdumont6247,723.75
11.0,144,3,469224.0,132100.0,67636.0,673100.0,471.04,2109.44,942.08,4218.88,1.0,0,17.0,34.0,1n-2m-24th-Ac-sp-mz,sequana_cpu_dev,1,11425926.0,2,24,A,sp-mz,4,4,400,128,128,16,122.62,124.13,246.75,122.62,124.13,246.75,246.75,1.0, sdumont6247,740.25
47.0,288,6,795412.0,133580.0,68314.0,1325476.0,512.0,2109.44,1013.76,4218.88,1.0,0,18.0,37.0,1n-2m-24th-Bc-sp-mz,sequana_cpu_dev,1,11425929.0,2,24,B,sp-mz,8,8,400,304,208,17,455.32,481.92,937.24,91.06,96.38,187.45,187.45,5.0, sdumont6165,5623.4400000000005
0.0,288,6,359222.0,4640.0,3864.0,453096.0,512.0,2109.44,1024.0,4218.88,1.0,0,0.0,0.0,1n-2m-24th-Bc-sp-mz,sequana_cpu_dev,1,11425931.0,2,24,B,sp-mz,8,8,400,304,208,17,451.74,478.06,929.8,90.35,95.61,185.96,185.96,5.0, sdumont6165,5578.799999999999
49.0,288,6,469156.0,129900.0,66532.0,672964.0,471.04,2109.44,942.08,4218.88,1.0,0,54.0,109.0,1n-2m-24th-Bc-sp-mz,sequana_cpu_dev,1,11425933.0,2,24,B,sp-mz,8,8,400,304,208,17,452.07,478.28,930.34,90.41,95.66,186.07,186.07,5.0, sdumont6165,5582.04
49.0,288,6,795396.0,133716.0,68354.0,1325444.0,501.76,2109.44,1013.76,4218.88,1.0,0,17.0,34.0,1n-2m-24th-Bc-sp-mz,sequana_cpu_dev,1,11425935.0,2,24,B,sp-mz,8,8,400,304,208,17,451.42,477.83,929.25,90.28,95.57,185.85,185.85,5.0, sdumont6165,5575.5
0.0,864,18,575248.0,8200.0,5630.0,885148.0,593.92,2109.44,1177.6,4218.88,1.0,0,0.0,0.0,1n-2m-24th-Cc-sp-mz,sequana_cpu_dev,1,11425937.0,2,24,C,sp-mz,16,16,400,480,320,28,2173.09,2272.95,4446.04,127.83,133.7,261.53,261.53,17.0, sdumont6165,80028.72
187.0,864,18,469166.0,130120.0,66652.0,672984.0,471.04,2109.44,942.08,4218.88,1.0,0,25.0,51.0,1n-2m-24th-Cc-sp-mz,sequana_cpu_dev,1,11425941.0,2,24,C,sp-mz,16,16,400,480,320,28,2170.27,2265.98,4436.26,127.66,133.29,260.96,260.96,17.0, sdumont6165,79852.68000000001
188.0,864,18,469164.0,130148.0,66650.0,672980.0,471.04,2109.44,942.08,4218.88,1.0,0,33.0,66.0,1n-2m-24th-Cc-sp-mz,sequana_cpu_dev,1,11425944.0,2,24,C,sp-mz,16,16,400,480,320,28,2178.28,2273.9,4452.18,128.13,133.76,261.89,261.89,17.0, sdumont6165,80139.24
0.0,864,18,359222.0,4548.0,3838.0,453096.0,593.92,2109.44,1177.6,4218.88,1.0,0,0.0,0.0,1n-2m-24th-Cc-sp-mz,sequana_cpu_dev,1,11425946.0,2,24,C,sp-mz,16,16,400,480,320,28,2166.61,2266.2,4432.81,127.45,133.31,260.75,260.75,17.0, sdumont6165,79790.58
0.0,24,6,265348.0,3144.0,3132.0,265348.0,0.0,0.0,0.0,0.0,1.0,0,0.0,0.0,2n-1m-2th-Ac-sp-mz,sequana_cpu_dev,2,11425950.0,1,2,A,sp-mz,4,4,400,128,128,16,545.18,376.71,921.89,109.04,75.34,184.38,92.19,5.0, sdumont6165,5531.34
0.0,24,6,265348.0,3172.0,3148.0,265348.0,0.0,0.0,0.0,0.0,0.0,0,0.0,0.0,2n-1m-2th-Ac-sp-mz,sequana_cpu_dev,2,11425951.0,1,2,A,sp-mz,4,4,400,128,128,16,545.13,379.91,925.04,109.03,75.98,185.01,92.5,5.0, sdumont6165,5550.24
0.0,24,6,265348.0,3152.0,3124.0,265348.0,0.0,0.0,0.0,0.0,1.0,0,0.0,0.0,2n-1m-2th-Ac-sp-mz,sequana_cpu_dev,2,11425955.0,1,2,A,sp-mz,4,4,400,128,128,16,542.23,373.64,915.87,108.45,74.73,183.17,91.59,5.0, sdumont6166,5495.22
0.0,24,6,265348.0,3100.0,3098.0,265348.0,0.0,0.0,0.0,0.0,1.0,0,0.0,0.0,2n-1m-2th-Ac-sp-mz,sequana_cpu_dev,2,11425957.0,1,2,A,sp-mz,4,4,400,128,128,16,547.47,373.82,921.29,109.49,74.76,184.26,92.13,5.0, sdumont6166,5527.74
0.0,84,21,265348.0,3120.0,3090.0,265348.0,0.0,0.0,0.0,0.0,1.0,0,0.0,0.0,2n-1m-2th-Bc-sp-mz,sequana_cpu_dev,2,11425959.0,1,2,B,sp-mz,8,8,400,304,208,17,2297.76,1542.51,3840.26,114.89,77.13,192.01,96.01,20.0, sdumont6165,80645.46
0.0,84,21,265348.0,3132.0,3096.0,265348.0,0.0,0.0,0.0,0.0,1.0,0,0.0,0.0,2n-1m-2th-Bc-sp-mz,sequana_cpu_dev,2,11425961.0,1,2,B,sp-mz,8,8,400,304,208,17,2306.31,1546.89,3853.2,115.32,77.34,192.66,96.33,20.0, sdumont6166,80917.2
0.0,84,21,265348.0,3172.0,3118.0,265348.0,0.0,0.0,0.0,0.0,1.0,0,0.0,0.0,2n-1m-2th-Bc-sp-mz,sequana_cpu_dev,2,11425963.0,1,2,B,sp-mz,8,8,400,304,208,17,2311.35,1547.71,3859.06,115.57,77.39,192.95,96.48,20.0, sdumont6165,81040.26
0.0,84,21,265348.0,3144.0,3140.0,265348.0,0.0,0.0,0.0,0.0,1.0,0,0.0,0.0,2n-1m-2th-Bc-sp-mz,sequana_cpu_dev,2,11425965.0,1,2,B,sp-mz,8,8,400,304,208,17,2308.3,1537.59,3845.89,115.41,76.88,192.29,96.15,20.0, sdumont6165,80763.69
118.0,332,83,1566818.0,541728.0,536802.0,1667032.0,1638.4,4208.64,1638.4,4218.88,1.0,0,35.0,36.0,2n-1m-2th-Cc-sp-mz,sequana_cpu_dev,2,11425967.0,1,2,C,sp-mz,16,16,400,480,320,28,9681.55,6506.35,16187.9,118.07,79.35,197.41,98.71,82.0, sdumont6166,1343595.7
118.0,332,83,1566820.0,541432.0,536608.0,1667012.0,1638.4,4208.64,1638.4,4218.88,1.0,0,0.0,0.0,2n-1m-2th-Cc-sp-mz,sequana_cpu_dev,2,11425969.0,1,2,C,sp-mz,16,16,400,480,320,28,9647.99,6484.1,16132.09,117.66,79.07,196.73,98.37,82.0, sdumont6166,1338963.47
118.0,332,83,1678228.0,543720.0,538792.0,1689444.0,1638.4,4208.64,1638.4,4208.64,1.0,0,0.0,0.0,2n-1m-2th-Cc-sp-mz,sequana_cpu_dev,2,11425971.0,1,2,C,sp-mz,16,16,400,480,320,28,9665.44,6509.53,16174.98,117.87,79.38,197.26,98.63,82.0, sdumont6165,1342523.3399999999
118.0,332,83,1566818.0,542076.0,536606.0,1679324.0,1638.4,4208.64,1638.4,4208.64,1.0,0,0.0,0.0,2n-1m-2th-Cc-sp-mz,sequana_cpu_dev,2,11425973.0,1,2,C,sp-mz,16,16,400,480,320,28,9666.5,6472.0,16138.5,117.88,78.93,196.81,98.41,82.0, sdumont6165,1339495.5
0.0,32,4,265348.0,3128.0,3096.0,265348.0,0.0,0.0,0.0,0.0,1.0,0,0.0,0.0,2n-1m-4th-Ac-sp-mz,sequana_cpu_dev,2,11425975.0,1,4,A,sp-mz,4,4,400,128,128,16,310.07,186.46,496.53,103.36,62.15,165.51,82.76,3.0, sdumont6166,1986.12
0.0,32,4,265348.0,3056.0,3056.0,265348.0,0.0,0.0,0.0,0.0,1.0,0,0.0,0.0,2n-1m-4th-Ac-sp-mz,sequana_cpu_dev,2,11425977.0,1,4,A,sp-mz,4,4,400,128,128,16,316.49,187.63,504.12,105.5,62.54,168.04,84.02,3.0, sdumont6165,2016.48
0.0,32,4,265348.0,3144.0,3096.0,265348.0,0.0,0.0,0.0,0.0,1.0,0,0.0,0.0,2n-1m-4th-Ac-sp-mz,sequana_cpu_dev,2,11425978.0,1,4,A,sp-mz,4,4,400,128,128,16,311.52,187.09,498.61,103.84,62.36,166.2,83.1,3.0, sdumont6166,1994.44
0.0,32,4,265348.0,3080.0,3072.0,265348.0,0.0,0.0,0.0,0.0,1.0,0,0.0,0.0,2n-1m-4th-Ac-sp-mz,sequana_cpu_dev,2,11425980.0,1,4,A,sp-mz,4,4,400,128,128,16,314.15,189.18,503.33,104.72,63.06,167.78,83.89,3.0, sdumont6166,2013.32
0.0,104,13,265348.0,3064.0,2052.0,265348.0,0.0,0.0,0.0,0.0,1.0,0,0.0,0.0,2n-1m-4th-Bc-sp-mz,sequana_cpu_dev,2,11425983.0,1,4,B,sp-mz,8,8,400,304,208,17,1567.09,870.86,2437.95,130.59,72.57,203.16,101.58,12.0, sdumont6165,31693.35
0.0,104,13,265348.0,3068.0,3066.0,265348.0,0.0,0.0,0.0,0.0,1.0,0,0.0,0.0,2n-1m-4th-Bc-sp-mz,sequana_cpu_dev,2,11425985.0,1,4,B,sp-mz,8,8,400,304,208,17,1565.43,869.08,2434.51,142.31,79.01,221.32,110.66,11.0, sdumont6165,31648.630000000005
0.0,104,13,265348.0,3056.0,2048.0,265348.0,0.0,0.0,0.0,0.0,1.0,0,0.0,0.0,2n-1m-4th-Bc-sp-mz,sequana_cpu_dev,2,11425986.0,1,4,B,sp-mz,8,8,400,304,208,17,1563.78,873.34,2437.12,142.16,79.39,221.56,110.78,11.0, sdumont6165,31682.559999999998
0.0,104,13,265348.0,3148.0,3114.0,265348.0,0.0,0.0,0.0,0.0,1.0,0,0.0,0.0,2n-1m-4th-Bc-sp-mz,sequana_cpu_dev,2,11425988.0,1,4,B,sp-mz,8,8,400,304,208,17,1562.86,869.46,2432.32,142.08,79.04,221.12,110.56,11.0, sdumont6166,31620.160000000003
118.0,368,46,1570928.0,542192.0,536724.0,1683412.0,1239.04,4208.64,1239.04,4208.64,1.0,0,39.0,39.0,2n-1m-4th-Cc-sp-mz,sequana_cpu_dev,2,11425991.0,1,4,C,sp-mz,16,16,400,480,320,28,6406.82,3493.44,9900.26,142.37,77.63,220.01,110.0,45.0, sdumont6166,455411.96
118.0,368,46,1570928.0,541528.0,536758.0,1671120.0,1239.04,4208.64,1239.04,4208.64,4.0,0,1.0,1.0,2n-1m-4th-Cc-sp-mz,sequana_cpu_dev,2,11425993.0,1,4,C,sp-mz,16,16,400,480,320,28,6437.42,3525.63,9963.06,143.05,78.35,221.4,110.7,45.0, sdumont6165,458300.75999999995
118.0,368,46,1570916.0,541964.0,537736.0,1683412.0,1239.04,4208.64,1239.04,4208.64,1.0,0,1.0,2.0,2n-1m-4th-Cc-sp-mz,sequana_cpu_dev,2,11425994.0,1,4,C,sp-mz,16,16,400,480,320,28,6405.37,3493.0,9898.37,142.34,77.62,219.96,109.98,45.0, sdumont6165,455325.02
118.0,368,46,1570928.0,541480.0,536736.0,1671120.0,1239.04,4208.64,1239.04,4208.64,1.0,0,0.0,1.0,2n-1m-4th-Cc-sp-mz,sequana_cpu_dev,2,11425996.0,1,4,C,sp-mz,16,16,400,480,320,28,6421.89,3532.68,9954.57,142.71,78.5,221.21,110.61,45.0, sdumont6166,457910.22
0.0,36,3,265348.0,1040.0,1036.0,265348.0,0.0,0.0,0.0,0.0,1.0,0,0.0,0.0,2n-1m-6th-Ac-sp-mz,sequana_cpu_dev,2,11425999.0,1,6,A,sp-mz,4,4,400,128,128,16,159.26,89.83,249.09,79.63,44.91,124.55,62.27,2.0, sdumont6165,747.27
0.0,24,2,265348.0,3064.0,2050.0,265348.0,0.0,0.0,0.0,0.0,1.0,0,0.0,0.0,2n-1m-6th-Ac-sp-mz,sequana_cpu_dev,2,11426001.0,1,6,A,sp-mz,4,4,400,128,128,16,154.68,89.11,243.79,77.34,44.55,121.89,60.95,2.0, sdumont6165,487.58
0.0,36,3,265348.0,3144.0,2092.0,265348.0,0.0,0.0,0.0,0.0,1.0,0,0.0,0.0,2n-1m-6th-Ac-sp-mz,sequana_cpu_dev,2,11426002.0,1,6,A,sp-mz,4,4,400,128,128,16,156.82,88.52,245.34,78.41,44.26,122.67,61.33,2.0, sdumont6166,736.02
0.0,36,3,265348.0,3128.0,2080.0,265348.0,0.0,0.0,0.0,0.0,1.0,0,0.0,0.0,2n-1m-6th-Ac-sp-mz,sequana_cpu_dev,2,11426004.0,1,6,A,sp-mz,4,4,400,128,128,16,155.05,88.59,243.64,77.53,44.29,121.82,60.91,2.0, sdumont6165,730.92
0.0,108,9,265348.0,1040.0,1038.0,265348.0,0.0,0.0,0.0,0.0,1.0,0,0.0,0.0,2n-1m-6th-Bc-sp-mz,sequana_cpu_dev,2,11426009.0,1,6,B,sp-mz,8,8,400,304,208,17,1234.41,590.02,1824.44,154.3,73.75,228.05,114.03,8.0, sdumont6165,16419.96
0.0,108,9,265348.0,3132.0,3096.0,265348.0,0.0,0.0,0.0,0.0,1.0,0,0.0,0.0,2n-1m-6th-Bc-sp-mz,sequana_cpu_dev,2,11426012.0,1,6,B,sp-mz,8,8,400,304,208,17,1222.63,574.53,1797.16,152.83,71.82,224.64,112.32,8.0, sdumont6165,16174.44
0.0,108,9,265348.0,3124.0,3108.0,265348.0,0.0,0.0,0.0,0.0,1.0,0,0.0,0.0,2n-1m-6th-Bc-sp-mz,sequana_cpu_dev,2,11426014.0,1,6,B,sp-mz,8,8,400,304,208,17,1222.35,578.26,1800.61,152.79,72.28,225.08,112.54,8.0, sdumont6166,16205.49
0.0,108,9,265348.0,3144.0,2090.0,265348.0,0.0,0.0,0.0,0.0,1.0,0,0.0,0.0,2n-1m-6th-Bc-sp-mz,sequana_cpu_dev,2,11426016.0,1,6,B,sp-mz,8,8,400,304,208,17,1221.46,576.74,1798.19,152.68,72.09,224.77,112.39,8.0, sdumont6166,16183.710000000001
177.0,396,33,1575040.0,542184.0,536830.0,1687524.0,1239.04,4208.64,1239.04,4208.64,1.0,0,24.0,44.0,2n-1m-6th-Cc-sp-mz,sequana_cpu_dev,2,11426019.0,1,6,C,sp-mz,16,16,400,480,320,28,5303.9,2443.61,7747.51,171.09,78.83,249.92,124.96,31.0, sdumont6165,255667.83000000002
176.0,396,33,1575028.0,541440.0,536602.0,1675232.0,1239.04,4208.64,1239.04,4208.64,1.0,0,3.0,5.0,2n-1m-6th-Cc-sp-mz,sequana_cpu_dev,2,11426021.0,1,6,C,sp-mz,16,16,400,480,320,28,5292.81,2432.11,7724.93,165.4,76.0,241.4,120.7,32.0, sdumont6166,254922.69
177.0,396,33,1575028.0,541860.0,536696.0,1687524.0,1239.04,4208.64,1239.04,4208.64,1.0,0,2.0,2.0,2n-1m-6th-Cc-sp-mz,sequana_cpu_dev,2,11426022.0,1,6,C,sp-mz,16,16,400,480,320,28,5304.58,2430.91,7735.48,165.77,75.97,241.73,120.87,32.0, sdumont6166,255270.84
176.0,396,33,1575040.0,542196.0,536704.0,1687524.0,1239.04,4208.64,1239.04,4208.64,1.0,0,1.0,2.0,2n-1m-6th-Cc-sp-mz,sequana_cpu_dev,2,11426025.0,1,6,C,sp-mz,16,16,400,480,320,28,5305.07,2424.21,7729.28,165.78,75.76,241.54,120.77,32.0, sdumont6165,255066.24
0.0,48,3,265348.0,1036.0,1036.0,265348.0,0.0,0.0,0.0,0.0,1.0,0,0.0,0.0,2n-1m-8th-Ac-sp-mz,sequana_cpu_dev,2,11426027.0,1,8,A,sp-mz,4,4,400,128,128,16,179.58,88.74,268.32,89.79,44.37,134.16,67.08,2.0, sdumont6166,804.96
0.0,48,3,265348.0,3224.0,2128.0,265348.0,0.0,0.0,0.0,0.0,1.0,0,0.0,0.0,2n-1m-8th-Ac-sp-mz,sequana_cpu_dev,2,11426029.0,1,8,A,sp-mz,4,4,400,128,128,16,179.07,89.23,268.3,89.54,44.62,134.15,67.08,2.0, sdumont6165,804.9000000000001
0.0,48,3,265348.0,1040.0,1036.0,265348.0,0.0,0.0,0.0,0.0,0.0,0,0.0,0.0,2n-1m-8th-Ac-sp-mz,sequana_cpu_dev,2,11426030.0,1,8,A,sp-mz,4,4,400,128,128,16,179.46,90.76,270.22,89.73,45.38,135.11,67.56,2.0, sdumont6166,810.6600000000001
0.0,48,3,265348.0,1036.0,1034.0,265348.0,0.0,0.0,0.0,0.0,1.0,0,0.0,0.0,2n-1m-8th-Ac-sp-mz,sequana_cpu_dev,2,11426033.0,1,8,A,sp-mz,4,4,400,128,128,16,179.8,90.57,270.37,89.9,45.28,135.19,67.59,2.0, sdumont6165,811.11
0.0,128,8,265348.0,1040.0,1036.0,265348.0,0.0,0.0,0.0,0.0,1.0,0,0.0,0.0,2n-1m-8th-Bc-sp-mz,sequana_cpu_dev,2,11426035.0,1,8,B,sp-mz,8,8,400,304,208,17,1163.2,478.84,1642.03,166.17,68.41,234.58,117.29,7.0, sdumont6165,13136.24
0.0,128,8,265348.0,1032.0,1032.0,265348.0,0.0,0.0,0.0,0.0,1.0,0,0.0,0.0,2n-1m-8th-Bc-sp-mz,sequana_cpu_dev,2,11426037.0,1,8,B,sp-mz,8,8,400,304,208,17,1173.44,482.63,1656.07,167.63,68.95,236.58,118.29,7.0, sdumont6166,13248.56
0.0,128,8,265348.0,1040.0,1038.0,265348.0,0.0,0.0,0.0,0.0,1.0,0,0.0,0.0,2n-1m-8th-Bc-sp-mz,sequana_cpu_dev,2,11426039.0,1,8,B,sp-mz,8,8,400,304,208,17,1172.42,484.37,1656.79,167.49,69.2,236.68,118.34,7.0, sdumont6165,13254.32
0.0,128,8,265348.0,1036.0,1036.0,265348.0,0.0,0.0,0.0,0.0,1.0,0,0.0,0.0,2n-1m-8th-Bc-sp-mz,sequana_cpu_dev,2,11426041.0,1,8,B,sp-mz,8,8,400,304,208,17,1183.35,487.42,1670.78,169.05,69.63,238.68,119.34,7.0, sdumont6165,13366.24
0.0,416,26,265348.0,3156.0,2096.0,265348.0,0.0,0.0,0.0,0.0,1.0,0,0.0,0.0,2n-1m-8th-Cc-sp-mz,sequana_cpu_dev,2,11426043.0,1,8,C,sp-mz,16,16,400,480,320,28,4940.24,1950.52,6890.76,197.61,78.02,275.63,137.82,25.0, sdumont6165,179159.76
0.0,416,26,265348.0,3168.0,2102.0,265348.0,0.0,0.0,0.0,0.0,1.0,0,0.0,0.0,2n-1m-8th-Cc-sp-mz,sequana_cpu_dev,2,11426045.0,1,8,C,sp-mz,16,16,400,480,320,28,4937.42,1958.6,6896.02,197.5,78.34,275.84,137.92,25.0, sdumont6166,179296.52000000002
0.0,416,26,265348.0,3120.0,2076.0,265348.0,0.0,0.0,0.0,0.0,1.0,0,0.0,0.0,2n-1m-8th-Cc-sp-mz,sequana_cpu_dev,2,11426046.0,1,8,C,sp-mz,16,16,400,480,320,28,4939.56,1949.28,6888.84,197.58,77.97,275.55,137.78,25.0, sdumont6165,179109.84
0.0,416,26,265348.0,3188.0,2112.0,265348.0,0.0,0.0,0.0,0.0,1.0,0,0.0,0.0,2n-1m-8th-Cc-sp-mz,sequana_cpu_dev,2,11426049.0,1,8,C,sp-mz,16,16,400,480,320,28,4935.12,1952.07,6887.19,197.4,78.08,275.49,137.74,25.0, sdumont6166,179066.94
0.0,60,3,265348.0,3120.0,2078.0,265348.0,0.0,0.0,0.0,0.0,1.0,0,0.0,0.0,2n-1m-10th-Ac-sp-mz,sequana_cpu_dev,2,11426051.0,1,10,A,sp-mz,4,4,400,128,128,16,197.9,87.98,285.88,98.95,43.99,142.94,71.47,2.0, sdumont6165,857.64
0.0,60,3,265348.0,3132.0,2082.0,265348.0,0.0,0.0,0.0,0.0,1.0,0,0.0,0.0,2n-1m-10th-Ac-sp-mz,sequana_cpu_dev,2,11426053.0,1,10,A,sp-mz,4,4,400,128,128,16,199.16,87.76,286.92,99.58,43.88,143.46,71.73,2.0, sdumont6165,860.76
0.0,60,3,265348.0,3104.0,2068.0,265348.0,0.0,0.0,0.0,0.0,1.0,0,0.0,0.0,2n-1m-10th-Ac-sp-mz,sequana_cpu_dev,2,11426057.0,1,10,A,sp-mz,4,4,400,128,128,16,198.56,89.12,287.68,99.28,44.56,143.84,71.92,2.0, sdumont6166,863.04
0.0,60,3,265348.0,1036.0,1036.0,265348.0,0.0,0.0,0.0,0.0,1.0,0,0.0,0.0,2n-1m-10th-Ac-sp-mz,sequana_cpu_dev,2,11426059.0,1,10,A,sp-mz,4,4,400,128,128,16,198.21,88.99,287.2,99.1,44.49,143.6,71.8,2.0, sdumont6165,861.5999999999999
0.0,140,7,265348.0,1036.0,1036.0,265348.0,0.0,0.0,0.0,0.0,1.0,0,0.0,0.0,2n-1m-10th-Bc-sp-mz,sequana_cpu_dev,2,11426061.0,1,10,B,sp-mz,8,8,400,304,208,17,1052.87,385.5,1438.37,175.48,64.25,239.73,119.86,6.0, sdumont6165,10068.59
0.0,140,7,265348.0,3140.0,2090.0,265348.0,0.0,0.0,0.0,0.0,1.0,0,0.0,0.0,2n-1m-10th-Bc-sp-mz,sequana_cpu_dev,2,11426063.0,1,10,B,sp-mz,8,8,400,304,208,17,1048.42,380.62,1429.05,174.74,63.44,238.17,119.09,6.0, sdumont6165,10003.35
0.0,140,7,265348.0,1040.0,1038.0,265348.0,0.0,0.0,0.0,0.0,1.0,0,0.0,0.0,2n-1m-10th-Bc-sp-mz,sequana_cpu_dev,2,11426067.0,1,10,B,sp-mz,8,8,400,304,208,17,1047.24,383.65,1430.89,174.54,63.94,238.48,119.24,6.0, sdumont6166,10016.230000000001
0.0,140,7,265348.0,3148.0,2092.0,265348.0,0.0,0.0,0.0,0.0,1.0,0,0.0,0.0,2n-1m-10th-Bc-sp-mz,sequana_cpu_dev,2,11426072.0,1,10,B,sp-mz,8,8,400,304,208,17,1039.03,381.9,1420.93,173.17,63.65,236.82,118.41,6.0, sdumont6165,9946.51
0.0,460,23,265348.0,3124.0,2082.0,265348.0,0.0,0.0,0.0,0.0,0.0,0,0.0,0.0,2n-1m-10th-Cc-sp-mz,sequana_cpu_dev,2,11426075.0,1,10,C,sp-mz,16,16,400,480,320,28,4752.43,1674.03,6426.46,216.02,76.09,292.11,146.06,22.0, sdumont6165,147808.58
0.0,440,22,265348.0,3092.0,2066.0,265348.0,0.0,0.0,0.0,0.0,1.0,0,0.0,0.0,2n-1m-10th-Cc-sp-mz,sequana_cpu_dev,2,11426079.0,1,10,C,sp-mz,16,16,400,480,320,28,4740.89,1663.48,6404.36,225.76,79.21,304.97,152.48,21.0, sdumont6166,140895.91999999998
0.0,440,22,265348.0,3124.0,2080.0,265348.0,0.0,0.0,0.0,0.0,1.0,0,0.0,0.0,2n-1m-10th-Cc-sp-mz,sequana_cpu_dev,2,11426082.0,1,10,C,sp-mz,16,16,400,480,320,28,4743.06,1666.18,6409.24,225.86,79.34,305.2,152.6,21.0, sdumont6166,141003.28
0.0,460,23,265348.0,3172.0,2102.0,265348.0,0.0,0.0,0.0,0.0,1.0,0,0.0,0.0,2n-1m-10th-Cc-sp-mz,sequana_cpu_dev,2,11426086.0,1,10,C,sp-mz,16,16,400,480,320,28,4734.78,1657.64,6392.42,215.22,75.35,290.56,145.28,22.0, sdumont6165,147025.66
0.0,72,3,265348.0,3124.0,2080.0,265348.0,0.0,0.0,0.0,0.0,1.0,0,0.0,0.0,2n-1m-12th-Ac-sp-mz,sequana_cpu_dev,2,11426088.0,1,12,A,sp-mz,4,4,400,128,128,16,202.11,88.51,290.62,101.06,44.26,145.31,72.66,2.0, sdumont6166,871.86
0.0,72,3,265348.0,3140.0,2090.0,265348.0,0.0,0.0,0.0,0.0,1.0,0,0.0,0.0,2n-1m-12th-Ac-sp-mz,sequana_cpu_dev,2,11426090.0,1,12,A,sp-mz,4,4,400,128,128,16,200.35,89.38,289.73,100.18,44.69,144.86,72.43,2.0, sdumont6166,869.19
0.0,72,3,265348.0,3064.0,2052.0,265348.0,0.0,0.0,0.0,0.0,1.0,0,0.0,0.0,2n-1m-12th-Ac-sp-mz,sequana_cpu_dev,2,11426092.0,1,12,A,sp-mz,4,4,400,128,128,16,205.23,89.01,294.23,102.61,44.5,147.12,73.56,2.0, sdumont6166,882.69
0.0,72,3,265348.0,3160.0,2100.0,265348.0,0.0,0.0,0.0,0.0,1.0,0,0.0,0.0,2n-1m-12th-Ac-sp-mz,sequana_cpu_dev,2,11426094.0,1,12,A,sp-mz,4,4,400,128,128,16,205.52,88.09,293.61,102.76,44.04,146.8,73.4,2.0, sdumont6166,880.83
0.0,144,6,265348.0,3064.0,2050.0,265348.0,0.0,0.0,0.0,0.0,1.0,0,0.0,0.0,2n-1m-12th-Bc-sp-mz,sequana_cpu_dev,2,11426096.0,1,12,B,sp-mz,8,8,400,304,208,17,1093.31,386.12,1479.43,218.66,77.22,295.89,147.94,5.0, sdumont6165,8876.58
0.0,144,6,265348.0,3116.0,2076.0,265348.0,0.0,0.0,0.0,0.0,1.0,0,0.0,0.0,2n-1m-12th-Bc-sp-mz,sequana_cpu_dev,2,11426098.0,1,12,B,sp-mz,8,8,400,304,208,17,1086.97,383.48,1470.45,217.39,76.7,294.09,147.05,5.0, sdumont6165,8822.7
0.0,144,6,265348.0,3128.0,2080.0,265348.0,0.0,0.0,0.0,0.0,4.0,0,0.0,0.0,2n-1m-12th-Bc-sp-mz,sequana_cpu_dev,2,11426101.0,1,12,B,sp-mz,8,8,400,304,208,17,1084.16,383.64,1467.79,216.83,76.73,293.56,146.78,5.0, sdumont6166,8806.74
0.0,144,6,265348.0,3112.0,2074.0,265348.0,0.0,0.0,0.0,0.0,1.0,0,0.0,0.0,2n-1m-12th-Bc-sp-mz,sequana_cpu_dev,2,11426103.0,1,12,B,sp-mz,8,8,400,304,208,17,1088.57,383.08,1471.65,217.71,76.62,294.33,147.16,5.0, sdumont6166,8829.900000000001
0.0,480,20,265348.0,3144.0,2090.0,265348.0,0.0,0.0,0.0,0.0,1.0,0,0.0,0.0,2n-1m-12th-Cc-sp-mz,sequana_cpu_dev,2,11426105.0,1,12,C,sp-mz,16,16,400,480,320,28,4363.65,1469.88,5833.53,229.67,77.36,307.03,153.51,19.0, sdumont6165,116670.59999999999
0.0,504,21,265348.0,3140.0,2088.0,265348.0,0.0,0.0,0.0,0.0,1.0,0,0.0,0.0,2n-1m-12th-Cc-sp-mz,sequana_cpu_dev,2,11426107.0,1,12,C,sp-mz,16,16,400,480,320,28,4386.1,1474.09,5860.19,230.85,77.58,308.43,154.22,19.0, sdumont6165,123063.98999999999
0.0,480,20,265348.0,3128.0,2080.0,265348.0,0.0,0.0,0.0,0.0,1.0,0,0.0,0.0,2n-1m-12th-Cc-sp-mz,sequana_cpu_dev,2,11426110.0,1,12,C,sp-mz,16,16,400,480,320,28,4403.4,1478.59,5882.0,231.76,77.82,309.58,154.79,19.0, sdumont6166,117640.0
0.0,480,20,265348.0,1036.0,1034.0,265348.0,0.0,0.0,0.0,0.0,1.0,0,0.0,0.0,2n-1m-12th-Cc-sp-mz,sequana_cpu_dev,2,11426112.0,1,12,C,sp-mz,16,16,400,480,320,28,4380.11,1475.68,5855.78,230.53,77.67,308.2,154.1,19.0, sdumont6166,117115.59999999999
0.0,84,3,265348.0,3096.0,2066.0,265348.0,0.0,0.0,0.0,0.0,1.0,0,0.0,0.0,2n-1m-14th-Ac-sp-mz,sequana_cpu_dev,2,11426114.0,1,14,A,sp-mz,4,4,400,128,128,16,215.36,88.59,303.94,107.68,44.29,151.97,75.99,2.0, sdumont6165,911.8199999999999
0.0,84,3,265348.0,3064.0,2048.0,265348.0,0.0,0.0,0.0,0.0,1.0,0,0.0,0.0,2n-1m-14th-Ac-sp-mz,sequana_cpu_dev,2,11426116.0,1,14,A,sp-mz,4,4,400,128,128,16,216.69,87.81,304.5,108.34,43.9,152.25,76.12,2.0, sdumont6165,913.5
0.0,84,3,265348.0,3116.0,2076.0,265348.0,0.0,0.0,0.0,0.0,1.0,0,0.0,0.0,2n-1m-14th-Ac-sp-mz,sequana_cpu_dev,2,11426121.0,1,14,A,sp-mz,4,4,400,128,128,16,216.03,87.67,303.7,108.02,43.84,151.85,75.93,2.0, sdumont6166,911.0999999999999
0.0,84,3,265348.0,3116.0,2074.0,265348.0,0.0,0.0,0.0,0.0,1.0,0,0.0,0.0,2n-1m-14th-Ac-sp-mz,sequana_cpu_dev,2,11426125.0,1,14,A,sp-mz,4,4,400,128,128,16,209.56,87.88,297.44,104.78,43.94,148.72,74.36,2.0, sdumont6165,892.3199999999999
0.0,168,6,265348.0,1036.0,1034.0,265348.0,0.0,0.0,0.0,0.0,1.0,0,0.0,0.0,2n-1m-14th-Bc-sp-mz,sequana_cpu_dev,2,11426127.0,1,14,B,sp-mz,8,8,400,304,208,17,1125.6,377.79,1503.39,225.12,75.56,300.68,150.34,5.0, sdumont6165,9020.34
0.0,168,6,265348.0,3148.0,2092.0,265348.0,0.0,0.0,0.0,0.0,1.0,0,0.0,0.0,2n-1m-14th-Bc-sp-mz,sequana_cpu_dev,2,11426133.0,1,14,B,sp-mz,8,8,400,304,208,17,987.93,336.13,1324.05,197.59,67.23,264.81,132.41,5.0, sdumont6165,7944.299999999999
0.0,168,6,265348.0,1036.0,1036.0,265348.0,0.0,0.0,0.0,0.0,1.0,0,0.0,0.0,2n-1m-14th-Bc-sp-mz,sequana_cpu_dev,2,11426135.0,1,14,B,sp-mz,8,8,400,304,208,17,1136.63,375.11,1511.74,227.33,75.02,302.35,151.17,5.0, sdumont6166,9070.44
0.0,168,6,265348.0,3032.0,2034.0,265348.0,0.0,0.0,0.0,0.0,1.0,0,0.0,0.0,2n-1m-14th-Bc-sp-mz,sequana_cpu_dev,2,11426138.0,1,14,B,sp-mz,8,8,400,304,208,17,1122.71,376.78,1499.49,224.54,75.36,299.9,149.95,5.0, sdumont6166,8996.94
0.0,532,19,265348.0,3088.0,2060.0,265348.0,0.0,0.0,0.0,0.0,1.0,0,0.0,0.0,2n-1m-14th-Cc-sp-mz,sequana_cpu_dev,2,11426142.0,1,14,C,sp-mz,16,16,400,480,320,28,4262.44,1373.09,5635.53,236.8,76.28,313.08,156.54,18.0, sdumont6166,107075.06999999999
0.0,532,19,265348.0,3056.0,2046.0,265348.0,0.0,0.0,0.0,0.0,1.0,0,0.0,0.0,2n-1m-14th-Cc-sp-mz,sequana_cpu_dev,2,11426146.0,1,14,C,sp-mz,16,16,400,480,320,28,4262.52,1351.76,5614.28,236.81,75.1,311.9,155.95,18.0, sdumont6166,106671.31999999999
0.0,532,19,265348.0,3040.0,2038.0,265348.0,0.0,0.0,0.0,0.0,1.0,0,0.0,0.0,2n-1m-14th-Cc-sp-mz,sequana_cpu_dev,2,11426150.0,1,14,C,sp-mz,16,16,400,480,320,28,4264.77,1364.98,5629.75,236.93,75.83,312.76,156.38,18.0, sdumont6165,106965.25
0.0,560,20,265348.0,3096.0,2064.0,265348.0,0.0,0.0,0.0,0.0,1.0,0,0.0,0.0,2n-1m-14th-Cc-sp-mz,sequana_cpu_dev,2,11426152.0,1,14,C,sp-mz,16,16,400,480,320,28,4384.66,1413.11,5797.77,230.77,74.37,305.15,152.57,19.0, sdumont6165,115955.40000000001
0.0,96,3,265348.0,1040.0,1038.0,265348.0,0.0,0.0,0.0,0.0,1.0,0,0.0,0.0,2n-1m-16th-Ac-sp-mz,sequana_cpu_dev,2,11426155.0,1,16,A,sp-mz,4,4,400,128,128,16,209.87,88.87,298.74,104.93,44.43,149.37,74.68,2.0, sdumont6166,896.22
0.0,96,3,265348.0,1040.0,1038.0,265348.0,0.0,0.0,0.0,0.0,1.0,0,0.0,0.0,2n-1m-16th-Ac-sp-mz,sequana_cpu_dev,2,11426157.0,1,16,A,sp-mz,4,4,400,128,128,16,218.03,88.66,306.7,109.02,44.33,153.35,76.67,2.0, sdumont6166,920.0999999999999
0.0,96,3,265348.0,3156.0,3156.0,265348.0,0.0,0.0,0.0,0.0,1.0,0,0.0,0.0,2n-1m-16th-Ac-sp-mz,sequana_cpu_dev,2,11426159.0,1,16,A,sp-mz,4,4,400,128,128,16,216.1,87.38,303.48,108.05,43.69,151.74,75.87,2.0, sdumont6166,910.44
0.0,96,3,265348.0,3168.0,2104.0,265348.0,0.0,0.0,0.0,0.0,1.0,0,0.0,0.0,2n-1m-16th-Ac-sp-mz,sequana_cpu_dev,2,11426161.0,1,16,A,sp-mz,4,4,400,128,128,16,218.55,89.89,308.44,109.27,44.95,154.22,77.11,2.0, sdumont6166,925.3199999999999
0.0,192,6,265348.0,1036.0,1034.0,265348.0,0.0,0.0,0.0,0.0,0.0,0,0.0,0.0,2n-1m-16th-Bc-sp-mz,sequana_cpu_dev,2,11426166.0,1,16,B,sp-mz,8,8,400,304,208,17,889.42,295.63,1185.05,177.88,59.13,237.01,118.51,5.0, sdumont6166,7110.299999999999
0.0,160,5,265348.0,3212.0,2124.0,265348.0,0.0,0.0,0.0,0.0,1.0,0,0.0,0.0,2n-1m-16th-Bc-sp-mz,sequana_cpu_dev,2,11426169.0,1,16,B,sp-mz,8,8,400,304,208,17,840.25,288.72,1128.97,168.05,57.74,225.79,112.9,5.0, sdumont6165,5644.85
0.0,256,8,265348.0,3068.0,3060.0,265348.0,0.0,0.0,0.0,0.0,187.0,0,0.0,0.0,2n-1m-16th-Bc-sp-mz,sequana_cpu_dev,2,11426174.0,1,16,B,sp-mz,8,8,400,304,208,17,1099.46,440.43,1539.88,183.24,73.4,256.65,128.32,6.0, sdumont6250,12319.04
0.0,160,5,265348.0,3184.0,2110.0,265348.0,0.0,0.0,0.0,0.0,20.0,0,0.0,0.0,2n-1m-16th-Bc-sp-mz,sequana_cpu_dev,2,11426179.0,1,16,B,sp-mz,8,8,400,304,208,17,848.15,289.48,1137.63,212.04,72.37,284.41,142.2,4.0, sdumont6165,5688.150000000001
0.0,608,19,265348.0,1036.0,1036.0,265348.0,0.0,0.0,0.0,0.0,160.0,0,0.0,0.0,2n-1m-16th-Cc-sp-mz,sequana_cpu_dev,2,11426185.0,1,16,C,sp-mz,16,16,400,480,320,28,4560.9,1437.88,5998.78,253.38,79.88,333.27,166.63,18.0, sdumont6167,113976.81999999999
0.0,672,21,265348.0,3176.0,2106.0,265348.0,0.0,0.0,0.0,0.0,1.0,0,0.0,0.0,2n-1m-16th-Cc-sp-mz,sequana_cpu_dev,2,11426188.0,1,16,C,sp-mz,16,16,400,480,320,28,4426.62,1515.53,5942.15,221.33,75.78,297.11,148.55,20.0, sdumont6165,124785.15
0.0,608,19,265348.0,3124.0,2078.0,265348.0,0.0,0.0,0.0,0.0,2.0,0,0.0,0.0,2n-1m-16th-Cc-sp-mz,sequana_cpu_dev,2,11426190.0,1,16,C,sp-mz,16,16,400,480,320,28,4311.92,1373.47,5685.39,239.55,76.3,315.85,157.93,18.0, sdumont6166,108022.41
0.0,608,19,265348.0,3120.0,2078.0,265348.0,0.0,0.0,0.0,0.0,1.0,0,0.0,0.0,2n-1m-16th-Cc-sp-mz,sequana_cpu_dev,2,11426192.0,1,16,C,sp-mz,16,16,400,480,320,28,4302.44,1372.65,5675.1,239.02,76.26,315.28,157.64,18.0, sdumont6165,107826.90000000001
0.0,108,3,265348.0,1040.0,1038.0,265348.0,0.0,0.0,0.0,0.0,5.0,0,0.0,0.0,2n-1m-18th-Ac-sp-mz,sequana_cpu_dev,2,11426195.0,1,18,A,sp-mz,4,4,400,128,128,16,225.02,92.36,317.38,112.51,46.18,158.69,79.35,2.0, sdumont6166,952.14
0.0,108,3,265348.0,3124.0,2080.0,265348.0,0.0,0.0,0.0,0.0,1.0,0,0.0,0.0,2n-1m-18th-Ac-sp-mz,sequana_cpu_dev,2,11426200.0,1,18,A,sp-mz,4,4,400,128,128,16,221.12,90.81,311.92,110.56,45.4,155.96,77.98,2.0, sdumont6166,935.76
0.0,108,3,265348.0,3152.0,3104.0,265348.0,0.0,0.0,0.0,0.0,1.0,0,0.0,0.0,2n-1m-18th-Ac-sp-mz,sequana_cpu_dev,2,11426203.0,1,18,A,sp-mz,4,4,400,128,128,16,226.3,89.08,315.38,113.15,44.54,157.69,78.85,2.0, sdumont6166,946.14
0.0,108,3,265348.0,3052.0,2044.0,265348.0,0.0,0.0,0.0,0.0,1.0,0,0.0,0.0,2n-1m-18th-Ac-sp-mz,sequana_cpu_dev,2,11426204.0,1,18,A,sp-mz,4,4,400,128,128,16,228.67,89.29,317.96,114.34,44.64,158.98,79.49,2.0, sdumont6165,953.8799999999999
0.0,216,6,265348.0,1040.0,1038.0,265348.0,0.0,0.0,0.0,0.0,1.0,0,0.0,0.0,2n-1m-18th-Bc-sp-mz,sequana_cpu_dev,2,11426207.0,1,18,B,sp-mz,8,8,400,304,208,17,879.43,285.63,1165.07,175.89,57.13,233.01,116.51,5.0, sdumont6166,6990.42
0.0,216,6,265348.0,3140.0,2088.0,265348.0,0.0,0.0,0.0,0.0,1.0,0,0.0,0.0,2n-1m-18th-Bc-sp-mz,sequana_cpu_dev,2,11426209.0,1,18,B,sp-mz,8,8,400,304,208,17,874.4,285.56,1159.96,174.88,57.11,231.99,116.0,5.0, sdumont6166,6959.76
0.0,216,6,265348.0,3180.0,3154.0,265348.0,0.0,0.0,0.0,0.0,1.0,0,0.0,0.0,2n-1m-18th-Bc-sp-mz,sequana_cpu_dev,2,11426212.0,1,18,B,sp-mz,8,8,400,304,208,17,876.23,287.85,1164.08,175.25,57.57,232.82,116.41,5.0, sdumont6165,6984.48
0.0,216,6,265348.0,3064.0,2050.0,265348.0,0.0,0.0,0.0,0.0,1.0,0,0.0,0.0,2n-1m-18th-Bc-sp-mz,sequana_cpu_dev,2,11426214.0,1,18,B,sp-mz,8,8,400,304,208,17,885.71,289.07,1174.78,177.14,57.81,234.96,117.48,5.0, sdumont6166,7048.68
0.0,648,18,265348.0,3080.0,3078.0,265348.0,0.0,0.0,0.0,0.0,1.0,0,0.0,0.0,2n-1m-18th-Cc-sp-mz,sequana_cpu_dev,2,11426217.0,1,18,C,sp-mz,16,16,400,480,320,28,4113.72,1279.42,5393.14,241.98,75.26,317.24,158.62,17.0, sdumont6166,97076.52
0.0,648,18,265348.0,1040.0,1038.0,265348.0,0.0,0.0,0.0,0.0,1.0,0,0.0,0.0,2n-1m-18th-Cc-sp-mz,sequana_cpu_dev,2,11426218.0,1,18,C,sp-mz,16,16,400,480,320,28,4141.13,1271.9,5413.02,243.6,74.82,318.41,159.21,17.0, sdumont6165,97434.36000000002
0.0,648,18,265348.0,3184.0,2112.0,265348.0,0.0,0.0,0.0,0.0,1.0,0,0.0,0.0,2n-1m-18th-Cc-sp-mz,sequana_cpu_dev,2,11426221.0,1,18,C,sp-mz,16,16,400,480,320,28,4136.77,1273.72,5410.49,243.34,74.92,318.26,159.13,17.0, sdumont6165,97388.81999999999
0.0,648,18,265348.0,3124.0,2078.0,265348.0,0.0,0.0,0.0,0.0,1.0,0,0.0,0.0,2n-1m-18th-Cc-sp-mz,sequana_cpu_dev,2,11426223.0,1,18,C,sp-mz,16,16,400,480,320,28,4133.19,1275.83,5409.02,243.13,75.05,318.18,159.09,17.0, sdumont6166,97362.36000000002
0.0,120,3,265348.0,3164.0,2100.0,265348.0,0.0,0.0,0.0,0.0,0.0,0,0.0,0.0,2n-1m-20th-Ac-sp-mz,sequana_cpu_dev,2,11426226.0,1,20,A,sp-mz,4,4,400,128,128,16,218.92,92.49,311.41,109.46,46.25,155.7,77.85,2.0, sdumont6165,934.23
0.0,120,3,265348.0,1040.0,1036.0,265348.0,0.0,0.0,0.0,0.0,1.0,0,0.0,0.0,2n-1m-20th-Ac-sp-mz,sequana_cpu_dev,2,11426228.0,1,20,A,sp-mz,4,4,400,128,128,16,208.68,90.16,298.84,104.34,45.08,149.42,74.71,2.0, sdumont6165,896.52
0.0,120,3,265348.0,3132.0,2084.0,265348.0,0.0,0.0,0.0,0.0,0.0,0,0.0,0.0,2n-1m-20th-Ac-sp-mz,sequana_cpu_dev,2,11426233.0,1,20,A,sp-mz,4,4,400,128,128,16,206.32,89.43,295.75,103.16,44.72,147.88,73.94,2.0, sdumont6165,887.25
0.0,120,3,265348.0,3124.0,2082.0,265348.0,0.0,0.0,0.0,0.0,1.0,0,0.0,0.0,2n-1m-20th-Ac-sp-mz,sequana_cpu_dev,2,11426237.0,1,20,A,sp-mz,4,4,400,128,128,16,223.11,89.88,312.99,111.56,44.94,156.49,78.25,2.0, sdumont6166,938.97
0.0,240,6,265348.0,3136.0,2086.0,265348.0,0.0,0.0,0.0,0.0,1.0,0,0.0,0.0,2n-1m-20th-Bc-sp-mz,sequana_cpu_dev,2,11426245.0,1,20,B,sp-mz,8,8,400,304,208,17,864.62,287.11,1151.72,172.92,57.42,230.34,115.17,5.0, sdumont6165,6910.32
0.0,240,6,265348.0,1036.0,1036.0,265348.0,0.0,0.0,0.0,0.0,1.0,0,0.0,0.0,2n-1m-20th-Bc-sp-mz,sequana_cpu_dev,2,11426251.0,1,20,B,sp-mz,8,8,400,304,208,17,879.34,285.4,1164.74,175.87,57.08,232.95,116.47,5.0, sdumont6165,6988.4400000000005
0.0,240,6,265348.0,1036.0,1034.0,265348.0,0.0,0.0,0.0,0.0,1.0,0,0.0,0.0,2n-1m-20th-Bc-sp-mz,sequana_cpu_dev,2,11426254.0,1,20,B,sp-mz,8,8,400,304,208,17,876.61,287.48,1164.09,175.32,57.5,232.82,116.41,5.0, sdumont6165,6984.539999999999
0.0,240,6,265348.0,1036.0,1036.0,265348.0,0.0,0.0,0.0,0.0,2.0,0,0.0,0.0,2n-1m-20th-Bc-sp-mz,sequana_cpu_dev,2,11426258.0,1,20,B,sp-mz,8,8,400,304,208,17,872.02,285.37,1157.39,174.4,57.07,231.48,115.74,5.0, sdumont6166,6944.34
0.0,720,18,265348.0,1040.0,1038.0,265348.0,0.0,0.0,0.0,0.0,1.0,0,0.0,0.0,2n-1m-20th-Cc-sp-mz,sequana_cpu_dev,2,11426261.0,1,20,C,sp-mz,16,16,400,480,320,28,4138.5,1269.38,5407.88,243.44,74.67,318.11,159.06,17.0, sdumont6166,97341.84
0.0,800,20,266396.0,3060.0,2052.0,267444.0,0.0,0.0,0.0,0.0,1.0,0,0.0,0.0,2n-1m-20th-Cc-sp-mz,sequana_cpu_dev,2,11426264.0,1,20,C,sp-mz,16,16,400,480,320,28,4601.23,1545.69,6146.92,255.62,85.87,341.5,170.75,18.0, sdumont6041,122938.4
0.0,720,18,265348.0,3060.0,2048.0,265348.0,0.0,0.0,0.0,0.0,1.0,0,0.0,0.0,2n-1m-20th-Cc-sp-mz,sequana_cpu_dev,2,11426268.0,1,20,C,sp-mz,16,16,400,480,320,28,4141.7,1280.61,5422.3,243.63,75.33,318.96,159.48,17.0, sdumont6166,97601.40000000001
0.0,720,18,265348.0,1040.0,1038.0,265348.0,0.0,0.0,0.0,0.0,1.0,0,0.0,0.0,2n-1m-20th-Cc-sp-mz,sequana_cpu_dev,2,11426271.0,1,20,C,sp-mz,16,16,400,480,320,28,4121.73,1284.13,5405.87,242.45,75.54,317.99,159.0,17.0, sdumont6165,97305.66
0.0,132,3,265348.0,3144.0,2090.0,265348.0,0.0,0.0,0.0,0.0,1.0,0,0.0,0.0,2n-1m-22th-Ac-sp-mz,sequana_cpu_dev,2,11426278.0,1,22,A,sp-mz,4,4,400,128,128,16,225.66,89.82,315.48,112.83,44.91,157.74,78.87,2.0, sdumont6166,946.44
0.0,132,3,265348.0,1040.0,1038.0,265348.0,0.0,0.0,0.0,0.0,1.0,0,0.0,0.0,2n-1m-22th-Ac-sp-mz,sequana_cpu_dev,2,11426281.0,1,22,A,sp-mz,4,4,400,128,128,16,228.47,90.6,319.07,114.24,45.3,159.54,79.77,2.0, sdumont6166,957.21
0.0,132,3,265348.0,1040.0,1038.0,265348.0,0.0,0.0,0.0,0.0,4.0,0,0.0,0.0,2n-1m-22th-Ac-sp-mz,sequana_cpu_dev,2,11426285.0,1,22,A,sp-mz,4,4,400,128,128,16,225.83,91.76,317.59,112.92,45.88,158.79,79.4,2.0, sdumont6165,952.77
0.0,132,3,265348.0,3176.0,2108.0,265348.0,0.0,0.0,0.0,0.0,1.0,0,0.0,0.0,2n-1m-22th-Ac-sp-mz,sequana_cpu_dev,2,11426286.0,1,22,A,sp-mz,4,4,400,128,128,16,217.99,92.27,310.26,108.99,46.13,155.13,77.56,2.0, sdumont6166,930.78
0.0,264,6,265348.0,3180.0,2108.0,265348.0,0.0,0.0,0.0,0.0,1.0,0,0.0,0.0,2n-1m-22th-Bc-sp-mz,sequana_cpu_dev,2,11426288.0,1,22,B,sp-mz,8,8,400,304,208,17,886.41,289.08,1175.49,177.28,57.82,235.1,117.55,5.0, sdumont6166,7052.9400000000005
0.0,264,6,265348.0,1036.0,1036.0,265348.0,0.0,0.0,0.0,0.0,1.0,0,0.0,0.0,2n-1m-22th-Bc-sp-mz,sequana_cpu_dev,2,11426291.0,1,22,B,sp-mz,8,8,400,304,208,17,889.42,289.12,1178.54,177.88,57.82,235.71,117.85,5.0, sdumont6166,7071.24
0.0,264,6,265348.0,1036.0,1036.0,265348.0,0.0,0.0,0.0,0.0,1.0,0,0.0,0.0,2n-1m-22th-Bc-sp-mz,sequana_cpu_dev,2,11426293.0,1,22,B,sp-mz,8,8,400,304,208,17,887.18,292.68,1179.87,177.44,58.54,235.97,117.99,5.0, sdumont6166,7079.219999999999
0.0,264,6,265348.0,1040.0,1038.0,265348.0,0.0,0.0,0.0,0.0,1.0,0,0.0,0.0,2n-1m-22th-Bc-sp-mz,sequana_cpu_dev,2,11426297.0,1,22,B,sp-mz,8,8,400,304,208,17,877.53,285.87,1163.4,219.38,71.47,290.85,145.42,4.0, sdumont6166,6980.400000000001
0.0,792,18,265348.0,1036.0,1036.0,265348.0,0.0,0.0,0.0,0.0,1.0,0,0.0,0.0,2n-1m-22th-Cc-sp-mz,sequana_cpu_dev,2,11426301.0,1,22,C,sp-mz,16,16,400,480,320,28,4196.69,1276.72,5473.41,246.86,75.1,321.97,160.98,17.0, sdumont6165,98521.38
0.0,792,18,265348.0,3176.0,2106.0,265348.0,0.0,0.0,0.0,0.0,1.0,0,0.0,0.0,2n-1m-22th-Cc-sp-mz,sequana_cpu_dev,2,11426304.0,1,22,C,sp-mz,16,16,400,480,320,28,4203.28,1277.58,5480.86,247.25,75.15,322.4,161.2,17.0, sdumont6166,98655.48
0.0,792,18,265348.0,1036.0,1036.0,265348.0,0.0,0.0,0.0,0.0,1.0,0,0.0,0.0,2n-1m-22th-Cc-sp-mz,sequana_cpu_dev,2,11426306.0,1,22,C,sp-mz,16,16,400,480,320,28,4189.3,1281.51,5470.81,246.43,75.38,321.81,160.91,17.0, sdumont6166,98474.58
0.0,792,18,265348.0,1040.0,1038.0,265348.0,0.0,0.0,0.0,0.0,1.0,0,0.0,0.0,2n-1m-22th-Cc-sp-mz,sequana_cpu_dev,2,11426307.0,1,22,C,sp-mz,16,16,400,480,320,28,4210.4,1281.64,5492.04,247.67,75.39,323.06,161.53,17.0, sdumont6166,98856.72
0.0,144,3,265348.0,1040.0,1038.0,265348.0,0.0,0.0,0.0,0.0,1.0,0,0.0,0.0,2n-1m-24th-Ac-sp-mz,sequana_cpu_dev,2,11426309.0,1,24,A,sp-mz,4,4,400,128,128,16,232.97,92.24,325.21,116.49,46.12,162.6,81.3,2.0, sdumont6165,975.6299999999999
0.0,144,3,265348.0,3152.0,3146.0,265348.0,0.0,0.0,0.0,0.0,1.0,0,0.0,0.0,2n-1m-24th-Ac-sp-mz,sequana_cpu_dev,2,11426311.0,1,24,A,sp-mz,4,4,400,128,128,16,234.36,91.04,325.4,117.18,45.52,162.7,81.35,2.0, sdumont6166,976.1999999999999
0.0,144,3,265348.0,3064.0,3060.0,265348.0,0.0,0.0,0.0,0.0,1.0,0,0.0,0.0,2n-1m-24th-Ac-sp-mz,sequana_cpu_dev,2,11426313.0,1,24,A,sp-mz,4,4,400,128,128,16,232.85,89.42,322.27,116.42,44.71,161.13,80.57,2.0, sdumont6165,966.81
0.0,144,3,265348.0,3056.0,2046.0,265348.0,0.0,0.0,0.0,0.0,1.0,0,0.0,0.0,2n-1m-24th-Ac-sp-mz,sequana_cpu_dev,2,11426315.0,1,24,A,sp-mz,4,4,400,128,128,16,233.12,90.96,324.09,116.56,45.48,162.04,81.02,2.0, sdumont6165,972.27
0.0,288,6,265348.0,1040.0,1038.0,265348.0,0.0,0.0,0.0,0.0,1.0,0,0.0,0.0,2n-1m-24th-Bc-sp-mz,sequana_cpu_dev,2,11426318.0,1,24,B,sp-mz,8,8,400,304,208,17,850.43,291.52,1141.95,170.09,58.3,228.39,114.19,5.0, sdumont6165,6851.700000000001
0.0,288,6,265348.0,3112.0,2072.0,265348.0,0.0,0.0,0.0,0.0,1.0,0,0.0,0.0,2n-1m-24th-Bc-sp-mz,sequana_cpu_dev,2,11426320.0,1,24,B,sp-mz,8,8,400,304,208,17,919.57,293.33,1212.9,183.91,58.67,242.58,121.29,5.0, sdumont6165,7277.400000000001
0.0,288,6,265348.0,3132.0,3096.0,265348.0,0.0,0.0,0.0,0.0,2.0,0,0.0,0.0,2n-1m-24th-Bc-sp-mz,sequana_cpu_dev,2,11426322.0,1,24,B,sp-mz,8,8,400,304,208,17,918.75,293.9,1212.65,183.75,58.78,242.53,121.27,5.0, sdumont6165,7275.900000000001
0.0,288,6,265348.0,3096.0,3084.0,265348.0,0.0,0.0,0.0,0.0,1.0,0,0.0,0.0,2n-1m-24th-Bc-sp-mz,sequana_cpu_dev,2,11426323.0,1,24,B,sp-mz,8,8,400,304,208,17,928.94,295.64,1224.58,185.79,59.13,244.92,122.46,5.0, sdumont6165,7347.48
0.0,816,17,265348.0,1036.0,1034.0,265348.0,0.0,0.0,0.0,0.0,1.0,0,0.0,0.0,2n-1m-24th-Cc-sp-mz,sequana_cpu_dev,2,11426326.0,1,24,C,sp-mz,16,16,400,480,320,28,4059.88,1204.53,5264.41,253.74,75.28,329.03,164.51,16.0, sdumont6166,89494.97
0.0,816,17,265348.0,3172.0,2106.0,265348.0,0.0,0.0,0.0,0.0,1.0,0,0.0,0.0,2n-1m-24th-Cc-sp-mz,sequana_cpu_dev,2,11426328.0,1,24,C,sp-mz,16,16,400,480,320,28,4058.57,1204.62,5263.19,253.66,75.29,328.95,164.47,16.0, sdumont6166,89474.23
0.0,816,17,265348.0,1036.0,1036.0,265348.0,0.0,0.0,0.0,0.0,1.0,0,0.0,0.0,2n-1m-24th-Cc-sp-mz,sequana_cpu_dev,2,11426330.0,1,24,C,sp-mz,16,16,400,480,320,28,4358.31,1290.82,5649.14,272.39,80.68,353.07,176.54,16.0, sdumont6166,96035.38
0.0,816,17,265348.0,1040.0,1038.0,265348.0,0.0,0.0,0.0,0.0,1.0,0,0.0,0.0,2n-1m-24th-Cc-sp-mz,sequana_cpu_dev,2,11426332.0,1,24,C,sp-mz,16,16,400,480,320,28,4059.72,1203.67,5263.39,253.73,75.23,328.96,164.48,16.0, sdumont6165,89477.63
0.0,156,3,265348.0,3064.0,3062.0,265348.0,0.0,0.0,0.0,0.0,1.0,0,0.0,0.0,2n-1m-26th-Ac-sp-mz,sequana_cpu_dev,2,11426334.0,1,26,A,sp-mz,4,4,400,128,128,16,222.82,118.0,340.82,111.41,59.0,170.41,85.2,2.0, sdumont6165,1022.46
0.0,104,2,265348.0,3060.0,3060.0,265348.0,0.0,0.0,0.0,0.0,0.0,0,0.0,0.0,2n-1m-26th-Ac-sp-mz,sequana_cpu_dev,2,11426336.0,1,26,A,sp-mz,4,4,400,128,128,16,227.98,118.19,346.17,227.98,118.19,346.17,173.09,1.0, sdumont6166,692.34
0.0,156,3,265348.0,3168.0,3120.0,265348.0,0.0,0.0,0.0,0.0,1.0,0,0.0,0.0,2n-1m-26th-Ac-sp-mz,sequana_cpu_dev,2,11426338.0,1,26,A,sp-mz,4,4,400,128,128,16,226.91,118.79,345.7,113.46,59.4,172.85,86.43,2.0, sdumont6166,1037.1
0.0,156,3,265348.0,3124.0,3092.0,265348.0,0.0,0.0,0.0,0.0,1.0,0,0.0,0.0,2n-1m-26th-Ac-sp-mz,sequana_cpu_dev,2,11426340.0,1,26,A,sp-mz,4,4,400,128,128,16,229.5,119.79,349.29,114.75,59.9,174.65,87.32,2.0, sdumont6165,1047.8700000000001
0.0,364,7,265348.0,3164.0,3144.0,265348.0,0.0,0.0,0.0,0.0,1.0,0,0.0,0.0,2n-1m-26th-Bc-sp-mz,sequana_cpu_dev,2,11426342.0,1,26,B,sp-mz,8,8,400,304,208,17,1140.98,559.06,1700.03,190.16,93.18,283.34,141.67,6.0, sdumont6165,11900.21
0.0,364,7,265348.0,3096.0,3080.0,265348.0,0.0,0.0,0.0,0.0,1.0,0,0.0,0.0,2n-1m-26th-Bc-sp-mz,sequana_cpu_dev,2,11426344.0,1,26,B,sp-mz,8,8,400,304,208,17,1171.11,568.94,1740.04,195.18,94.82,290.01,145.0,6.0, sdumont6165,12180.279999999999
0.0,364,7,265348.0,3132.0,3088.0,265348.0,0.0,0.0,0.0,0.0,1.0,0,0.0,0.0,2n-1m-26th-Bc-sp-mz,sequana_cpu_dev,2,11426346.0,1,26,B,sp-mz,8,8,400,304,208,17,1172.26,564.02,1736.28,195.38,94.0,289.38,144.69,6.0, sdumont6165,12153.96
0.0,364,7,265348.0,3160.0,3118.0,265348.0,0.0,0.0,0.0,0.0,1.0,0,0.0,0.0,2n-1m-26th-Bc-sp-mz,sequana_cpu_dev,2,11426349.0,1,26,B,sp-mz,8,8,400,304,208,17,1146.91,554.74,1701.64,191.15,92.46,283.61,141.8,6.0, sdumont6165,11911.480000000001
0.0,1248,24,265348.0,3068.0,3062.0,265348.0,0.0,0.0,0.0,0.0,1.0,0,0.0,0.0,2n-1m-26th-Cc-sp-mz,sequana_cpu_dev,2,11426351.0,1,26,C,sp-mz,16,16,400,480,320,28,5478.59,2772.61,8251.2,238.2,120.55,358.75,179.37,23.0, sdumont6165,198028.80000000002
0.0,1248,24,265348.0,3180.0,2110.0,265348.0,0.0,0.0,0.0,0.0,1.0,0,0.0,0.0,2n-1m-26th-Cc-sp-mz,sequana_cpu_dev,2,11426355.0,1,26,C,sp-mz,16,16,400,480,320,28,5385.3,2716.33,8101.63,234.14,118.1,352.24,176.12,23.0, sdumont6165,194439.12
0.0,1248,24,265348.0,3120.0,3088.0,265348.0,0.0,0.0,0.0,0.0,1.0,0,0.0,0.0,2n-1m-26th-Cc-sp-mz,sequana_cpu_dev,2,11426359.0,1,26,C,sp-mz,16,16,400,480,320,28,5417.74,2712.35,8130.09,235.55,117.93,353.48,176.74,23.0, sdumont6165,195122.16
0.0,1196,23,265348.0,3152.0,3136.0,265348.0,0.0,0.0,0.0,0.0,1.0,0,0.0,0.0,2n-1m-26th-Cc-sp-mz,sequana_cpu_dev,2,11426361.0,1,26,C,sp-mz,16,16,400,480,320,28,5397.65,2693.95,8091.6,245.35,122.45,367.8,183.9,22.0, sdumont6165,186106.80000000002
0.0,392,7,265348.0,3240.0,3210.0,265348.0,0.0,0.0,0.0,0.0,1.0,0,0.0,0.0,2n-1m-28th-Ac-sp-mz,sequana_cpu_dev,2,11426365.0,1,28,A,sp-mz,4,4,400,128,128,16,296.27,250.9,547.18,59.25,50.18,109.44,54.72,5.0, sdumont6192,3830.2599999999998
0.0,168,3,265348.0,3152.0,3136.0,265348.0,0.0,0.0,0.0,0.0,1.0,0,0.0,0.0,2n-1m-28th-Ac-sp-mz,sequana_cpu_dev,2,11426369.0,1,28,A,sp-mz,4,4,400,128,128,16,235.51,137.94,373.46,235.51,137.94,373.46,186.73,1.0, sdumont6192,1120.3799999999999
0.0,168,3,265348.0,3180.0,3150.0,265348.0,0.0,0.0,0.0,0.0,1.0,0,0.0,0.0,2n-1m-28th-Ac-sp-mz,sequana_cpu_dev,2,11426379.0,1,28,A,sp-mz,4,4,400,128,128,16,206.66,127.46,334.12,163.14,96.13,259.28,129.64,1.5, sdumont6192,1002.36
0.0,168,3,265348.0,3152.0,2094.0,265348.0,0.0,0.0,0.0,0.0,1.0,0,0.0,0.0,2n-1m-28th-Ac-sp-mz,sequana_cpu_dev,2,11426380.0,1,28,A,sp-mz,4,4,400,128,128,16,217.78,133.26,351.04,108.89,66.63,175.52,87.76,2.0, sdumont6166,1053.1200000000001
0.0,392,7,265348.0,3156.0,2096.0,265348.0,0.0,0.0,0.0,0.0,1005.0,0,0.0,0.0,2n-1m-28th-Bc-sp-mz,sequana_cpu_dev,2,11426384.0,1,28,B,sp-mz,8,8,400,304,208,17,1164.34,675.28,1839.62,194.06,112.55,306.6,153.3,6.0, sdumont6165,12877.34
0.0,392,7,265348.0,3136.0,3126.0,265348.0,0.0,0.0,0.0,0.0,1.0,0,0.0,0.0,2n-1m-28th-Bc-sp-mz,sequana_cpu_dev,2,11426386.0,1,28,B,sp-mz,8,8,400,304,208,17,1132.04,657.08,1789.12,188.67,109.51,298.19,149.09,6.0, sdumont6166,12523.84
0.0,392,7,265348.0,3160.0,3154.0,265348.0,0.0,0.0,0.0,0.0,0.0,0,0.0,0.0,2n-1m-28th-Bc-sp-mz,sequana_cpu_dev,2,11426388.0,1,28,B,sp-mz,8,8,400,304,208,17,1152.63,651.11,1803.74,192.11,108.52,300.62,150.31,6.0, sdumont6166,12626.18
0.0,392,7,265348.0,3184.0,3152.0,265348.0,0.0,0.0,0.0,0.0,4.0,0,0.0,0.0,2n-1m-28th-Bc-sp-mz,sequana_cpu_dev,2,11426389.0,1,28,B,sp-mz,8,8,400,304,208,17,1131.51,654.7,1786.22,188.59,109.12,297.7,148.85,6.0, sdumont6165,12503.54
0.0,1288,23,265348.0,3144.0,2090.0,265348.0,0.0,0.0,0.0,0.0,1.0,0,0.0,0.0,2n-1m-28th-Cc-sp-mz,sequana_cpu_dev,2,11426391.0,1,28,C,sp-mz,16,16,400,480,320,28,5152.42,2993.46,8145.88,234.2,136.07,370.27,185.13,22.0, sdumont6166,187355.24
0.0,1288,23,265348.0,3064.0,2050.0,265348.0,0.0,0.0,0.0,0.0,1.0,0,0.0,0.0,2n-1m-28th-Cc-sp-mz,sequana_cpu_dev,2,11426394.0,1,28,C,sp-mz,16,16,400,480,320,28,5165.0,3005.41,8170.41,234.77,136.61,371.38,185.69,22.0, sdumont6166,187919.43
0.0,1288,23,265348.0,3172.0,3150.0,265348.0,0.0,0.0,0.0,0.0,1.0,0,0.0,0.0,2n-1m-28th-Cc-sp-mz,sequana_cpu_dev,2,11426396.0,1,28,C,sp-mz,16,16,400,480,320,28,5149.08,2999.29,8148.37,234.05,136.33,370.38,185.19,22.0, sdumont6165,187412.51
0.0,1288,23,265348.0,3060.0,3058.0,265348.0,0.0,0.0,0.0,0.0,1.0,0,0.0,0.0,2n-1m-28th-Cc-sp-mz,sequana_cpu_dev,2,11426397.0,1,28,C,sp-mz,16,16,400,480,320,28,5137.74,2998.62,8136.35,233.53,136.3,369.83,184.92,22.0, sdumont6166,187136.05000000002
0.0,180,3,265348.0,2996.0,2016.0,265348.0,0.0,0.0,0.0,0.0,1.0,0,0.0,0.0,2n-1m-30th-Ac-sp-mz,sequana_cpu_dev,2,11426400.0,1,30,A,sp-mz,4,4,400,128,128,16,214.15,148.7,362.85,107.08,74.35,181.43,90.71,2.0, sdumont6165,1088.5500000000002
0.0,180,3,265348.0,3136.0,2086.0,265348.0,0.0,0.0,0.0,0.0,1.0,0,0.0,0.0,2n-1m-30th-Ac-sp-mz,sequana_cpu_dev,2,11426402.0,1,30,A,sp-mz,4,4,400,128,128,16,218.8,149.32,368.12,109.4,74.66,184.06,92.03,2.0, sdumont6166,1104.3600000000001
0.0,240,4,265348.0,3060.0,3054.0,265348.0,0.0,0.0,0.0,0.0,1.0,0,0.0,0.0,2n-1m-30th-Ac-sp-mz,sequana_cpu_dev,2,11426404.0,1,30,A,sp-mz,4,4,400,128,128,16,215.13,148.31,363.45,215.13,148.31,363.45,181.72,1.0, sdumont6165,1453.8
0.0,180,3,265348.0,3092.0,3044.0,265348.0,0.0,0.0,0.0,0.0,1.0,0,0.0,0.0,2n-1m-30th-Ac-sp-mz,sequana_cpu_dev,2,11426405.0,1,30,A,sp-mz,4,4,400,128,128,16,213.67,147.12,360.79,106.84,73.56,180.39,90.2,2.0, sdumont6165,1082.3700000000001
0.0,420,7,265348.0,3092.0,3036.0,265348.0,0.0,0.0,0.0,0.0,1.0,0,0.0,0.0,2n-1m-30th-Bc-sp-mz,sequana_cpu_dev,2,11426408.0,1,30,B,sp-mz,8,8,400,304,208,17,1136.64,735.99,1872.64,189.44,122.67,312.11,156.05,6.0, sdumont6165,13108.480000000001
0.0,420,7,265348.0,3096.0,3048.0,265348.0,0.0,0.0,0.0,0.0,1.0,0,0.0,0.0,2n-1m-30th-Bc-sp-mz,sequana_cpu_dev,2,11426412.0,1,30,B,sp-mz,8,8,400,304,208,17,1136.39,735.32,1871.7,189.4,122.55,311.95,155.98,6.0, sdumont6166,13101.9
0.0,420,7,265348.0,3136.0,3062.0,265348.0,0.0,0.0,0.0,0.0,1.0,0,0.0,0.0,2n-1m-30th-Bc-sp-mz,sequana_cpu_dev,2,11426416.0,1,30,B,sp-mz,8,8,400,304,208,17,1138.83,742.28,1881.11,189.81,123.71,313.52,156.76,6.0, sdumont6165,13167.769999999999
0.0,420,7,265348.0,3080.0,2058.0,265348.0,0.0,0.0,0.0,0.0,1.0,0,0.0,0.0,2n-1m-30th-Bc-sp-mz,sequana_cpu_dev,2,11426417.0,1,30,B,sp-mz,8,8,400,304,208,17,1134.22,739.09,1873.31,189.04,123.18,312.22,156.11,6.0, sdumont6165,13113.17
0.0,1380,23,265348.0,3000.0,2994.0,265348.0,0.0,0.0,0.0,0.0,0.0,0,0.0,0.0,2n-1m-30th-Cc-sp-mz,sequana_cpu_dev,2,11426421.0,1,30,C,sp-mz,16,16,400,480,320,28,5139.32,3381.31,8520.63,244.73,161.01,405.74,202.87,21.0, sdumont6165,195974.49
0.0,1500,25,265348.0,3096.0,3062.0,265348.0,0.0,0.0,0.0,0.0,0.0,0,0.0,0.0,2n-1m-30th-Cc-sp-mz,sequana_cpu_dev,2,11426424.0,1,30,C,sp-mz,16,16,400,480,320,28,5654.38,3675.97,9330.35,245.84,159.82,405.67,202.83,23.0, sdumont6167,233258.75
0.0,1440,24,265348.0,3124.0,2082.0,265348.0,0.0,0.0,0.0,0.0,1.0,0,0.0,0.0,2n-1m-30th-Cc-sp-mz,sequana_cpu_dev,2,11426430.0,1,30,C,sp-mz,16,16,400,480,320,28,5308.99,3476.34,8785.33,230.83,151.15,381.97,190.99,23.0, sdumont6165,210847.91999999998
0.0,1440,24,265348.0,3124.0,3092.0,265348.0,0.0,0.0,0.0,0.0,1.0,0,0.0,0.0,2n-1m-30th-Cc-sp-mz,sequana_cpu_dev,2,11426435.0,1,30,C,sp-mz,16,16,400,480,320,28,5707.17,3666.58,9373.75,259.42,166.66,426.08,213.04,22.0, sdumont6167,224970.0
0.0,192,3,265348.0,3144.0,3104.0,265348.0,0.0,0.0,0.0,0.0,1.0,0,0.0,0.0,2n-1m-32th-Ac-sp-mz,sequana_cpu_dev,2,11426439.0,1,32,A,sp-mz,4,4,400,128,128,16,215.81,169.39,385.2,107.9,84.7,192.6,96.3,2.0, sdumont6165,1155.6
0.0,192,3,265348.0,3152.0,3112.0,265348.0,0.0,0.0,0.0,0.0,1.0,0,0.0,0.0,2n-1m-32th-Ac-sp-mz,sequana_cpu_dev,2,11426443.0,1,32,A,sp-mz,4,4,400,128,128,16,210.71,163.26,373.97,105.35,81.63,186.98,93.49,2.0, sdumont6166,1121.91
0.0,192,3,265348.0,3180.0,3110.0,265348.0,0.0,0.0,0.0,0.0,1.0,0,0.0,0.0,2n-1m-32th-Ac-sp-mz,sequana_cpu_dev,2,11426448.0,1,32,A,sp-mz,4,4,400,128,128,16,219.2,165.44,384.63,219.2,165.44,384.63,192.32,1.0, sdumont6166,1153.8899999999999
0.0,192,3,265348.0,3144.0,3126.0,265348.0,0.0,0.0,0.0,0.0,1.0,0,0.0,0.0,2n-1m-32th-Ac-sp-mz,sequana_cpu_dev,2,11426450.0,1,32,A,sp-mz,4,4,400,128,128,16,227.98,171.29,399.27,227.98,171.29,399.27,199.63,1.0, sdumont6167,1197.81
0.0,448,7,265348.0,3172.0,3088.0,265348.0,0.0,0.0,0.0,0.0,1.0,0,0.0,0.0,2n-1m-32th-Bc-sp-mz,sequana_cpu_dev,2,11426454.0,1,32,B,sp-mz,8,8,400,304,208,17,1199.36,865.95,2065.31,239.87,173.19,413.06,206.53,5.0, sdumont6166,14457.17
0.0,448,7,265348.0,3092.0,3074.0,265348.0,0.0,0.0,0.0,0.0,1.0,0,0.0,0.0,2n-1m-32th-Bc-sp-mz,sequana_cpu_dev,2,11426459.0,1,32,B,sp-mz,8,8,400,304,208,17,1203.96,858.29,2062.25,240.79,171.66,412.45,206.22,5.0, sdumont6167,14435.75
0.0,448,7,265348.0,3156.0,2098.0,265348.0,0.0,0.0,0.0,0.0,1.0,0,0.0,0.0,2n-1m-32th-Bc-sp-mz,sequana_cpu_dev,2,11426463.0,1,32,B,sp-mz,8,8,400,304,208,17,1128.66,842.51,1971.17,188.11,140.42,328.53,164.26,6.0, sdumont6165,13798.19
0.0,448,7,265348.0,3092.0,3076.0,265348.0,0.0,0.0,0.0,0.0,1.0,0,0.0,0.0,2n-1m-32th-Bc-sp-mz,sequana_cpu_dev,2,11426467.0,1,32,B,sp-mz,8,8,400,304,208,17,1123.57,831.97,1955.54,187.26,138.66,325.92,162.96,6.0, sdumont6165,13688.779999999999
0.0,1472,23,265348.0,3144.0,3140.0,265348.0,0.0,0.0,0.0,0.0,1.0,0,0.0,0.0,2n-1m-32th-Cc-sp-mz,sequana_cpu_dev,2,11426469.0,1,32,C,sp-mz,16,16,400,480,320,28,5054.38,3788.64,8843.01,229.74,172.21,401.96,200.98,22.0, sdumont6165,203389.23
0.0,1472,23,265348.0,3180.0,3092.0,265348.0,0.0,0.0,0.0,0.0,1.0,0,0.0,0.0,2n-1m-32th-Cc-sp-mz,sequana_cpu_dev,2,11426472.0,1,32,C,sp-mz,16,16,400,480,320,28,5051.16,3787.25,8838.41,229.6,172.15,401.75,200.87,22.0, sdumont6166,203283.43
0.0,1472,23,265348.0,3136.0,3098.0,265348.0,0.0,0.0,0.0,0.0,1.0,0,0.0,0.0,2n-1m-32th-Cc-sp-mz,sequana_cpu_dev,2,11426476.0,1,32,C,sp-mz,16,16,400,480,320,28,5102.87,3798.97,8901.83,237.53,176.83,414.36,207.18,21.5, sdumont6166,204742.09
0.0,1536,24,265348.0,3096.0,3092.0,265348.0,0.0,0.0,0.0,0.0,1.0,0,0.0,0.0,2n-1m-32th-Cc-sp-mz,sequana_cpu_dev,2,11426480.0,1,32,C,sp-mz,16,16,400,480,320,28,5315.41,3943.2,9258.61,231.1,171.44,402.55,201.27,23.0, sdumont6166,222206.64
0.0,204,3,265348.0,3124.0,2080.0,265348.0,0.0,0.0,0.0,0.0,1.0,0,0.0,0.0,2n-1m-34th-Ac-sp-mz,sequana_cpu_dev,2,11426482.0,1,34,A,sp-mz,4,4,400,128,128,16,208.64,177.06,385.7,104.32,88.53,192.85,96.42,2.0, sdumont6165,1157.1
0.0,204,3,265348.0,3132.0,2084.0,265348.0,0.0,0.0,0.0,0.0,0.0,0,0.0,0.0,2n-1m-34th-Ac-sp-mz,sequana_cpu_dev,2,11426485.0,1,34,A,sp-mz,4,4,400,128,128,16,206.39,176.2,382.59,103.2,88.1,191.3,95.65,2.0, sdumont6166,1147.77
0.0,204,3,265348.0,3184.0,3136.0,265348.0,0.0,0.0,0.0,0.0,1.0,0,0.0,0.0,2n-1m-34th-Ac-sp-mz,sequana_cpu_dev,2,11426487.0,1,34,A,sp-mz,4,4,400,128,128,16,213.25,179.53,392.77,106.62,89.76,196.39,98.19,2.0, sdumont6166,1178.31
0.0,204,3,265348.0,3108.0,2070.0,265348.0,0.0,0.0,0.0,0.0,1.0,0,0.0,0.0,2n-1m-34th-Ac-sp-mz,sequana_cpu_dev,2,11426488.0,1,34,A,sp-mz,4,4,400,128,128,16,210.93,179.93,390.86,105.46,89.96,195.43,97.71,2.0, sdumont6166,1172.58
0.0,476,7,265348.0,3060.0,3058.0,265348.0,0.0,0.0,0.0,0.0,1.0,0,0.0,0.0,2n-1m-34th-Bc-sp-mz,sequana_cpu_dev,2,11426490.0,1,34,B,sp-mz,8,8,400,304,208,17,1228.83,1000.77,2229.59,204.8,166.79,371.6,185.8,6.0, sdumont6165,15607.130000000001
0.0,476,7,265348.0,3096.0,2066.0,265348.0,0.0,0.0,0.0,0.0,0.0,0,0.0,0.0,2n-1m-34th-Bc-sp-mz,sequana_cpu_dev,2,11426493.0,1,34,B,sp-mz,8,8,400,304,208,17,1114.63,913.68,2028.31,204.69,167.78,372.47,186.23,5.5, sdumont6165,14198.17
0.0,476,7,265348.0,3068.0,3066.0,265348.0,0.0,0.0,0.0,0.0,1.0,0,0.0,0.0,2n-1m-34th-Bc-sp-mz,sequana_cpu_dev,2,11426495.0,1,34,B,sp-mz,8,8,400,304,208,17,1117.61,910.85,2028.46,186.27,151.81,338.08,169.04,6.0, sdumont6166,14199.220000000001
0.0,476,7,265348.0,3128.0,3084.0,265348.0,0.0,0.0,0.0,0.0,1.0,0,0.0,0.0,2n-1m-34th-Bc-sp-mz,sequana_cpu_dev,2,11426496.0,1,34,B,sp-mz,8,8,400,304,208,17,1100.35,902.38,2002.73,220.07,180.48,400.55,200.27,5.0, sdumont6166,14019.11
0.0,1632,24,265348.0,3160.0,3112.0,265348.0,0.0,0.0,0.0,0.0,1.0,0,0.0,0.0,2n-1m-34th-Cc-sp-mz,sequana_cpu_dev,2,11426497.0,1,34,C,sp-mz,16,16,400,480,320,28,5277.83,4368.4,9646.22,229.47,189.93,419.4,209.7,23.0, sdumont6166,231509.27999999997
0.0,1632,24,265348.0,3136.0,3096.0,265348.0,0.0,0.0,0.0,0.0,1.0,0,0.0,0.0,2n-1m-34th-Cc-sp-mz,sequana_cpu_dev,2,11426498.0,1,34,C,sp-mz,16,16,400,480,320,28,5287.97,4372.49,9660.47,229.91,190.11,420.02,210.01,23.0, sdumont6166,231851.27999999997
0.0,1564,23,265348.0,3140.0,3128.0,265348.0,0.0,0.0,0.0,0.0,1.0,0,0.0,0.0,2n-1m-34th-Cc-sp-mz,sequana_cpu_dev,2,11426499.0,1,34,C,sp-mz,16,16,400,480,320,28,4967.86,4115.31,9083.17,225.81,187.06,412.87,206.44,22.0, sdumont6165,208912.91
0.0,1700,25,265348.0,3180.0,3108.0,265348.0,0.0,0.0,0.0,0.0,1.0,0,0.0,0.0,2n-1m-34th-Cc-sp-mz,sequana_cpu_dev,2,11426500.0,1,34,C,sp-mz,16,16,400,480,320,28,5511.09,4559.21,10070.3,229.63,189.97,419.6,209.8,24.0, sdumont6166,251757.49999999997
0.0,216,3,265348.0,3140.0,3134.0,265348.0,0.0,0.0,0.0,0.0,3.0,0,0.0,0.0,2n-1m-36th-Ac-sp-mz,sequana_cpu_dev,2,11426501.0,1,36,A,sp-mz,4,4,400,128,128,16,210.56,187.31,397.86,105.28,93.65,198.93,99.47,2.0, sdumont6165,1193.58
0.0,216,3,265348.0,1036.0,1036.0,265348.0,0.0,0.0,0.0,0.0,1.0,0,0.0,0.0,2n-1m-36th-Ac-sp-mz,sequana_cpu_dev,2,11426502.0,1,36,A,sp-mz,4,4,400,128,128,16,209.74,186.07,395.8,104.87,93.03,197.9,98.95,2.0, sdumont6165,1187.4
0.0,216,3,265348.0,3176.0,3146.0,265348.0,0.0,0.0,0.0,0.0,1.0,0,0.0,0.0,2n-1m-36th-Ac-sp-mz,sequana_cpu_dev,2,11426503.0,1,36,A,sp-mz,4,4,400,128,128,16,211.77,187.17,398.94,105.88,93.59,199.47,99.74,2.0, sdumont6166,1196.82
0.0,216,3,265348.0,3140.0,3100.0,265348.0,0.0,0.0,0.0,0.0,1.0,0,0.0,0.0,2n-1m-36th-Ac-sp-mz,sequana_cpu_dev,2,11426504.0,1,36,A,sp-mz,4,4,400,128,128,16,214.05,188.39,402.44,107.03,94.19,201.22,100.61,2.0, sdumont6165,1207.32
0.0,504,7,265348.0,3064.0,3062.0,265348.0,0.0,0.0,0.0,0.0,1.0,0,0.0,0.0,2n-1m-36th-Bc-sp-mz,sequana_cpu_dev,2,11426505.0,1,36,B,sp-mz,8,8,400,304,208,17,1093.8,945.03,2038.83,182.3,157.51,339.81,169.9,6.0, sdumont6166,14271.81
0.0,648,9,265348.0,3124.0,3120.0,265348.0,0.0,0.0,0.0,0.0,0.0,0,0.0,0.0,2n-1m-36th-Bc-sp-mz,sequana_cpu_dev,2,11426506.0,1,36,B,sp-mz,8,8,400,304,208,17,947.23,818.14,1765.37,157.87,136.36,294.23,147.11,6.0, sdumont6166,15888.329999999998
0.0,504,7,265348.0,3128.0,3126.0,265348.0,0.0,0.0,0.0,0.0,1.0,0,0.0,0.0,2n-1m-36th-Bc-sp-mz,sequana_cpu_dev,2,11426513.0,1,36,B,sp-mz,8,8,400,304,208,17,1099.14,950.36,2049.51,183.19,158.39,341.58,170.79,6.0, sdumont6165,14346.570000000002
0.0,504,7,265348.0,3092.0,3078.0,265348.0,0.0,0.0,0.0,0.0,1.0,0,0.0,0.0,2n-1m-36th-Bc-sp-mz,sequana_cpu_dev,2,11426514.0,1,36,B,sp-mz,8,8,400,304,208,17,1106.6,954.73,2061.33,184.43,159.12,343.55,171.78,6.0, sdumont6166,14429.31
0.0,1800,25,265348.0,3148.0,3142.0,265348.0,0.0,0.0,0.0,0.0,1.0,0,0.0,0.0,2n-1m-36th-Cc-sp-mz,sequana_cpu_dev,2,11426515.0,1,36,C,sp-mz,16,16,400,480,320,28,5433.78,4720.41,10154.19,226.41,196.68,423.09,211.55,24.0, sdumont6165,253854.75
0.0,1656,23,265348.0,3120.0,3090.0,265348.0,0.0,0.0,0.0,0.0,1.0,0,0.0,0.0,2n-1m-36th-Cc-sp-mz,sequana_cpu_dev,2,11426516.0,1,36,C,sp-mz,16,16,400,480,320,28,4951.46,4325.76,9277.22,225.07,196.63,421.69,210.85,22.0, sdumont6165,213376.06
0.0,1800,25,265348.0,3064.0,2052.0,265348.0,0.0,0.0,0.0,0.0,0.0,0,0.0,0.0,2n-1m-36th-Cc-sp-mz,sequana_cpu_dev,2,11426517.0,1,36,C,sp-mz,16,16,400,480,320,28,5334.42,4679.63,10014.05,222.27,194.98,417.25,208.63,24.0, sdumont6166,250351.24999999997
0.0,1728,24,265348.0,3060.0,3060.0,265348.0,0.0,0.0,0.0,0.0,1.0,0,0.0,0.0,2n-1m-36th-Cc-sp-mz,sequana_cpu_dev,2,11426518.0,1,36,C,sp-mz,16,16,400,480,320,28,5189.12,4561.26,9750.38,225.61,198.32,423.93,211.96,23.0, sdumont6165,234009.12
0.0,228,3,265348.0,3060.0,2048.0,265348.0,0.0,0.0,0.0,0.0,1.0,0,0.0,0.0,2n-1m-38th-Ac-sp-mz,sequana_cpu_dev,2,11426519.0,1,38,A,sp-mz,4,4,400,128,128,16,209.58,194.0,403.57,104.79,97.0,201.79,100.89,2.0, sdumont6166,1210.71
0.0,228,3,265348.0,3060.0,2048.0,265348.0,0.0,0.0,0.0,0.0,4.0,0,0.0,0.0,2n-1m-38th-Ac-sp-mz,sequana_cpu_dev,2,11426520.0,1,38,A,sp-mz,4,4,400,128,128,16,209.6,194.41,404.01,104.8,97.2,202.0,101.0,2.0, sdumont6165,1212.03
0.0,228,3,265348.0,3060.0,3060.0,265348.0,0.0,0.0,0.0,0.0,1.0,0,0.0,0.0,2n-1m-38th-Ac-sp-mz,sequana_cpu_dev,2,11426522.0,1,38,A,sp-mz,4,4,400,128,128,16,208.59,192.71,401.3,104.29,96.36,200.65,100.33,2.0, sdumont6166,1203.9
0.0,228,3,265348.0,3116.0,3092.0,265348.0,0.0,0.0,0.0,0.0,1.0,0,0.0,0.0,2n-1m-38th-Ac-sp-mz,sequana_cpu_dev,2,11426523.0,1,38,A,sp-mz,4,4,400,128,128,16,202.62,189.06,391.68,101.31,94.53,195.84,97.92,2.0, sdumont6165,1175.04
0.0,532,7,265348.0,3140.0,3126.0,265348.0,0.0,0.0,0.0,0.0,1.0,0,0.0,0.0,2n-1m-38th-Bc-sp-mz,sequana_cpu_dev,2,11426525.0,1,38,B,sp-mz,8,8,400,304,208,17,1101.28,981.62,2082.9,183.55,163.6,347.15,173.58,6.0, sdumont6165,14580.300000000001
0.0,532,7,265348.0,3144.0,3102.0,265348.0,0.0,0.0,0.0,0.0,1.0,0,0.0,0.0,2n-1m-38th-Bc-sp-mz,sequana_cpu_dev,2,11426527.0,1,38,B,sp-mz,8,8,400,304,208,17,1112.59,991.39,2103.98,185.43,165.23,350.66,175.33,6.0, sdumont6165,14727.86
0.0,532,7,265348.0,3152.0,3144.0,265348.0,0.0,0.0,0.0,0.0,1.0,0,0.0,0.0,2n-1m-38th-Bc-sp-mz,sequana_cpu_dev,2,11426528.0,1,38,B,sp-mz,8,8,400,304,208,17,1096.97,980.65,2077.62,182.83,163.44,346.27,173.13,6.0, sdumont6165,14543.34
0.0,608,8,265348.0,3120.0,3108.0,265348.0,0.0,0.0,0.0,0.0,1.0,0,0.0,0.0,2n-1m-38th-Bc-sp-mz,sequana_cpu_dev,2,11426529.0,1,38,B,sp-mz,8,8,400,304,208,17,1296.46,1162.49,2458.95,185.21,166.07,351.28,175.64,7.0, sdumont6166,19671.6
0.0,1824,24,265348.0,3144.0,3142.0,265348.0,0.0,0.0,0.0,0.0,1.0,0,0.0,0.0,2n-1m-38th-Cc-sp-mz,sequana_cpu_dev,2,11426530.0,1,38,C,sp-mz,16,16,400,480,320,28,5203.16,4709.69,9912.84,226.22,204.77,430.99,215.5,23.0, sdumont6165,237908.16
0.0,1900,25,265348.0,3112.0,3058.0,265348.0,0.0,0.0,0.0,0.0,1.0,0,0.0,0.0,2n-1m-38th-Cc-sp-mz,sequana_cpu_dev,2,11426531.0,1,38,C,sp-mz,16,16,400,480,320,28,5225.69,4710.08,9935.78,227.2,204.79,431.99,216.0,23.0, sdumont6165,248394.50000000003
0.0,1900,25,265348.0,3124.0,3090.0,265348.0,0.0,0.0,0.0,0.0,1.0,0,0.0,0.0,2n-1m-38th-Cc-sp-mz,sequana_cpu_dev,2,11426533.0,1,38,C,sp-mz,16,16,400,480,320,28,5211.07,4706.97,9918.04,217.13,196.12,413.25,206.63,24.0, sdumont6165,247951.00000000003
0.0,1900,25,265348.0,3116.0,3104.0,265348.0,0.0,0.0,0.0,0.0,1.0,0,0.0,0.0,2n-1m-38th-Cc-sp-mz,sequana_cpu_dev,2,11426534.0,1,38,C,sp-mz,16,16,400,480,320,28,5450.63,4868.86,10319.49,227.11,202.87,429.98,214.99,24.0, sdumont6166,257987.25
0.0,240,3,265348.0,3144.0,3136.0,265348.0,0.0,0.0,0.0,0.0,1.0,0,0.0,0.0,2n-1m-40th-Ac-sp-mz,sequana_cpu_dev,2,11426536.0,1,40,A,sp-mz,4,4,400,128,128,16,207.21,198.4,405.61,103.61,99.2,202.8,101.4,2.0, sdumont6166,1216.83
0.0,240,3,265348.0,3140.0,3110.0,265348.0,0.0,0.0,0.0,0.0,1.0,0,0.0,0.0,2n-1m-40th-Ac-sp-mz,sequana_cpu_dev,2,11426538.0,1,40,A,sp-mz,4,4,400,128,128,16,206.38,198.36,404.74,103.19,99.18,202.37,101.18,2.0, sdumont6165,1214.22
0.0,240,3,265348.0,3148.0,3100.0,265348.0,0.0,0.0,0.0,0.0,1.0,0,0.0,0.0,2n-1m-40th-Ac-sp-mz,sequana_cpu_dev,2,11426540.0,1,40,A,sp-mz,4,4,400,128,128,16,206.21,198.26,404.47,103.11,99.13,202.23,101.12,2.0, sdumont6165,1213.41
0.0,240,3,265348.0,3124.0,3064.0,265348.0,0.0,0.0,0.0,0.0,1.0,0,0.0,0.0,2n-1m-40th-Ac-sp-mz,sequana_cpu_dev,2,11426541.0,1,40,A,sp-mz,4,4,400,128,128,16,205.37,196.64,402.01,102.68,98.32,201.0,100.5,2.0, sdumont6165,1206.03
0.0,560,7,265348.0,3112.0,3096.0,265348.0,0.0,0.0,0.0,0.0,0.0,0,0.0,0.0,2n-1m-40th-Bc-sp-mz,sequana_cpu_dev,2,11426542.0,1,40,B,sp-mz,8,8,400,304,208,17,1087.29,1013.63,2100.92,181.22,168.94,350.15,175.08,6.0, sdumont6166,14706.44
0.0,560,7,265348.0,3128.0,3096.0,265348.0,0.0,0.0,0.0,0.0,1.0,0,0.0,0.0,2n-1m-40th-Bc-sp-mz,sequana_cpu_dev,2,11426543.0,1,40,B,sp-mz,8,8,400,304,208,17,1088.09,1014.95,2103.04,181.35,169.16,350.51,175.25,6.0, sdumont6165,14721.279999999999
0.0,560,7,265348.0,3064.0,2050.0,265348.0,0.0,0.0,0.0,0.0,1.0,0,0.0,0.0,2n-1m-40th-Bc-sp-mz,sequana_cpu_dev,2,11426544.0,1,40,B,sp-mz,8,8,400,304,208,17,1094.75,1016.19,2110.94,182.46,169.36,351.82,175.91,6.0, sdumont6166,14776.58
0.0,560,7,265348.0,3132.0,3110.0,265348.0,0.0,0.0,0.0,0.0,1.0,0,0.0,0.0,2n-1m-40th-Bc-sp-mz,sequana_cpu_dev,2,11426546.0,1,40,B,sp-mz,8,8,400,304,208,17,1109.5,1027.26,2136.76,184.92,171.21,356.13,178.06,6.0, sdumont6165,14957.320000000002
0.0,2000,25,265348.0,3144.0,3120.0,265348.0,0.0,0.0,0.0,0.0,1.0,0,0.0,0.0,2n-1m-40th-Cc-sp-mz,sequana_cpu_dev,2,11426547.0,1,40,C,sp-mz,16,16,400,480,320,28,5442.31,5067.46,10509.77,226.76,211.14,437.91,218.95,24.0, sdumont6165,262744.25
0.0,1920,24,265348.0,3124.0,3088.0,265348.0,0.0,0.0,0.0,0.0,1.0,0,0.0,0.0,2n-1m-40th-Cc-sp-mz,sequana_cpu_dev,2,11426549.0,1,40,C,sp-mz,16,16,400,480,320,28,4984.61,4634.06,9618.67,226.57,210.64,437.21,218.61,22.0, sdumont6165,230848.08000000002
0.0,2000,25,265348.0,3120.0,3060.0,265348.0,0.0,0.0,0.0,0.0,1.0,0,0.0,0.0,2n-1m-40th-Cc-sp-mz,sequana_cpu_dev,2,11426550.0,1,40,C,sp-mz,16,16,400,480,320,28,5213.28,4849.97,10063.25,217.22,202.08,419.3,209.65,24.0, sdumont6166,251581.25
0.0,1920,24,265348.0,3112.0,3086.0,265348.0,0.0,0.0,0.0,0.0,1.0,0,0.0,0.0,2n-1m-40th-Cc-sp-mz,sequana_cpu_dev,2,11426551.0,1,40,C,sp-mz,16,16,400,480,320,28,5213.8,4870.29,10084.09,226.69,211.75,438.44,219.22,23.0, sdumont6166,242018.16
0.0,252,3,265348.0,3108.0,3084.0,265348.0,0.0,0.0,0.0,0.0,1.0,0,0.0,0.0,2n-1m-42th-Ac-sp-mz,sequana_cpu_dev,2,11426552.0,1,42,A,sp-mz,4,4,400,128,128,16,197.53,196.88,394.42,98.77,98.44,197.21,98.6,2.0, sdumont6165,1183.26
0.0,252,3,265348.0,3060.0,2050.0,265348.0,0.0,0.0,0.0,0.0,1.0,0,0.0,0.0,2n-1m-42th-Ac-sp-mz,sequana_cpu_dev,2,11426553.0,1,42,A,sp-mz,4,4,400,128,128,16,204.2,199.83,404.03,102.1,99.91,202.01,101.01,2.0, sdumont6165,1212.09
0.0,252,3,265348.0,3160.0,3146.0,265348.0,0.0,0.0,0.0,0.0,1.0,0,0.0,0.0,2n-1m-42th-Ac-sp-mz,sequana_cpu_dev,2,11426554.0,1,42,A,sp-mz,4,4,400,128,128,16,205.4,202.92,408.32,102.7,101.46,204.16,102.08,2.0, sdumont6166,1224.96
0.0,252,3,265348.0,3124.0,3094.0,265348.0,0.0,0.0,0.0,0.0,1.0,0,0.0,0.0,2n-1m-42th-Ac-sp-mz,sequana_cpu_dev,2,11426555.0,1,42,A,sp-mz,4,4,400,128,128,16,199.51,198.88,398.39,152.06,150.03,302.1,151.05,1.5, sdumont6165,1195.17
0.0,588,7,265348.0,3120.0,3092.0,265348.0,0.0,0.0,0.0,0.0,1.0,0,0.0,0.0,2n-1m-42th-Bc-sp-mz,sequana_cpu_dev,2,11426556.0,1,42,B,sp-mz,8,8,400,304,208,17,1092.11,1042.53,2134.64,182.02,173.76,355.77,177.89,6.0, sdumont6165,14942.48
0.0,588,7,265348.0,3148.0,3136.0,265348.0,0.0,0.0,0.0,0.0,1.0,0,0.0,0.0,2n-1m-42th-Bc-sp-mz,sequana_cpu_dev,2,11426557.0,1,42,B,sp-mz,8,8,400,304,208,17,1097.2,1039.62,2136.82,182.87,173.27,356.14,178.07,6.0, sdumont6165,14957.740000000002
0.0,588,7,265348.0,3152.0,3140.0,265348.0,0.0,0.0,0.0,0.0,1.0,0,0.0,0.0,2n-1m-42th-Bc-sp-mz,sequana_cpu_dev,2,11426558.0,1,42,B,sp-mz,8,8,400,304,208,17,1107.14,1047.73,2154.87,184.52,174.62,359.15,179.57,6.0, sdumont6166,15084.09
0.0,588,7,265348.0,3152.0,3148.0,265348.0,0.0,0.0,0.0,0.0,1.0,0,0.0,0.0,2n-1m-42th-Bc-sp-mz,sequana_cpu_dev,2,11426559.0,1,42,B,sp-mz,8,8,400,304,208,17,1094.74,1036.74,2131.48,182.46,172.79,355.25,177.62,6.0, sdumont6166,14920.36
0.0,2100,25,265348.0,3132.0,3088.0,265348.0,0.0,0.0,0.0,0.0,1.0,0,0.0,0.0,2n-1m-42th-Cc-sp-mz,sequana_cpu_dev,2,11426560.0,1,42,C,sp-mz,16,16,400,480,320,28,5265.0,5004.83,10269.83,219.38,208.53,427.91,213.95,24.0, sdumont6166,256745.75
0.0,2100,25,265348.0,3052.0,3028.0,265348.0,0.0,0.0,0.0,0.0,0.0,0,0.0,0.0,2n-1m-42th-Cc-sp-mz,sequana_cpu_dev,2,11426562.0,1,42,C,sp-mz,16,16,400,480,320,28,5400.91,5136.77,10537.68,225.04,214.03,439.07,219.53,24.0, sdumont6165,263442.0
0.0,2184,26,265348.0,3060.0,3058.0,265348.0,0.0,0.0,0.0,0.0,1.0,0,0.0,0.0,2n-1m-42th-Cc-sp-mz,sequana_cpu_dev,2,11426569.0,1,42,C,sp-mz,16,16,400,480,320,28,5372.64,5123.39,10496.03,214.91,204.94,419.84,209.92,25.0, sdumont6166,272896.78
0.0,2016,24,265348.0,3144.0,3132.0,265348.0,0.0,0.0,0.0,0.0,1.0,0,0.0,0.0,2n-1m-42th-Cc-sp-mz,sequana_cpu_dev,2,11426571.0,1,42,C,sp-mz,16,16,400,480,320,28,4938.19,4679.47,9617.66,225.08,213.29,438.37,219.19,22.0, sdumont6166,230823.84
0.0,264,3,265348.0,3128.0,3104.0,265348.0,0.0,0.0,0.0,0.0,1.0,0,0.0,0.0,2n-1m-44th-Ac-sp-mz,sequana_cpu_dev,2,11426573.0,1,44,A,sp-mz,4,4,400,128,128,16,202.55,204.81,407.36,154.02,154.71,308.73,154.37,1.5, sdumont6166,1222.08
0.0,616,7,265348.0,3080.0,3066.0,265348.0,0.0,0.0,0.0,0.0,1.0,0,0.0,0.0,2n-1m-44th-Ac-sp-mz,sequana_cpu_dev,2,11426575.0,1,44,A,sp-mz,4,4,400,128,128,16,447.51,417.96,865.47,89.5,83.59,173.09,86.55,5.0, sdumont6167,6058.29
0.0,352,4,265348.0,3144.0,3118.0,265348.0,0.0,0.0,0.0,0.0,1.0,0,0.0,0.0,2n-1m-44th-Ac-sp-mz,sequana_cpu_dev,2,11426577.0,1,44,A,sp-mz,4,4,400,128,128,16,214.81,205.13,419.94,107.41,102.56,209.97,104.98,2.0, sdumont6167,1679.76
0.0,352,4,265348.0,3148.0,3102.0,265348.0,0.0,0.0,0.0,0.0,1.0,0,0.0,0.0,2n-1m-44th-Ac-sp-mz,sequana_cpu_dev,2,11426580.0,1,44,A,sp-mz,4,4,400,128,128,16,216.33,206.33,422.66,108.16,103.17,211.33,105.67,2.0, sdumont6167,1690.64
0.0,704,8,265348.0,3152.0,3116.0,265348.0,0.0,0.0,0.0,0.0,1.0,0,0.0,0.0,2n-1m-44th-Bc-sp-mz,sequana_cpu_dev,2,11426582.0,1,44,B,sp-mz,8,8,400,304,208,17,1130.21,1058.53,2188.74,188.37,176.42,364.79,182.39,6.0, sdumont6166,17509.92
0.0,616,7,265348.0,3096.0,2066.0,265348.0,0.0,0.0,0.0,0.0,1.0,0,0.0,0.0,2n-1m-44th-Bc-sp-mz,sequana_cpu_dev,2,11426584.0,1,44,B,sp-mz,8,8,400,304,208,17,1146.94,1074.61,2221.56,191.16,179.1,370.26,185.13,6.0, sdumont6166,15550.92
0.0,704,8,265348.0,3132.0,2082.0,265348.0,0.0,0.0,0.0,0.0,1.0,0,0.0,0.0,2n-1m-44th-Bc-sp-mz,sequana_cpu_dev,2,11426586.0,1,44,B,sp-mz,8,8,400,304,208,17,1126.76,1064.04,2190.79,187.79,177.34,365.13,182.57,6.0, sdumont6166,17526.32
0.0,704,8,265348.0,3140.0,3114.0,265348.0,0.0,0.0,0.0,0.0,2.0,0,0.0,0.0,2n-1m-44th-Bc-sp-mz,sequana_cpu_dev,2,11426589.0,1,44,B,sp-mz,8,8,400,304,208,17,1153.83,1077.81,2231.64,230.77,215.56,446.33,223.16,5.0, sdumont6166,17853.12
0.0,2376,27,265348.0,3184.0,3166.0,265348.0,0.0,0.0,0.0,0.0,3.0,0,0.0,0.0,2n-1m-44th-Cc-sp-mz,sequana_cpu_dev,2,11426592.0,1,44,C,sp-mz,16,16,400,480,320,28,5870.14,5409.1,11279.24,234.81,216.36,451.17,225.58,25.0, sdumont6167,304539.48
0.0,2376,27,265348.0,3124.0,3080.0,265348.0,0.0,0.0,0.0,0.0,1.0,0,0.0,0.0,2n-1m-44th-Cc-sp-mz,sequana_cpu_dev,2,11426595.0,1,44,C,sp-mz,16,16,400,480,320,28,5943.92,5516.04,11459.96,237.76,220.64,458.4,229.2,25.0, sdumont6166,309418.92
0.0,2288,26,265348.0,3108.0,2072.0,265348.0,0.0,0.0,0.0,0.0,1.0,0,0.0,0.0,2n-1m-44th-Cc-sp-mz,sequana_cpu_dev,2,11426597.0,1,44,C,sp-mz,16,16,400,480,320,28,5768.83,5316.89,11085.71,240.37,221.54,461.9,230.95,24.0, sdumont6167,288228.45999999996
0.0,2288,26,265348.0,3136.0,3098.0,265348.0,0.0,0.0,0.0,0.0,1.0,0,0.0,0.0,2n-1m-44th-Cc-sp-mz,sequana_cpu_dev,2,11426599.0,1,44,C,sp-mz,16,16,400,480,320,28,5381.95,5180.38,10562.32,219.88,211.64,431.52,215.76,24.5, sdumont6166,274620.32
0.0,276,3,265348.0,3148.0,2090.0,265348.0,0.0,0.0,0.0,0.0,0.0,0,0.0,0.0,2n-1m-46th-Ac-sp-mz,sequana_cpu_dev,2,11426600.0,1,46,A,sp-mz,4,4,400,128,128,16,199.75,206.04,405.79,151.75,155.45,307.2,153.6,1.5, sdumont6165,1217.3700000000001
0.0,276,3,265348.0,3128.0,3122.0,265348.0,0.0,0.0,0.0,0.0,0.0,0,0.0,0.0,2n-1m-46th-Ac-sp-mz,sequana_cpu_dev,2,11426603.0,1,46,A,sp-mz,4,4,400,128,128,16,214.57,211.39,425.97,107.29,105.7,212.98,106.49,2.0, sdumont6166,1277.91
0.0,368,4,265348.0,3124.0,2078.0,265348.0,0.0,0.0,0.0,0.0,1.0,0,0.0,0.0,2n-1m-46th-Ac-sp-mz,sequana_cpu_dev,2,11426604.0,1,46,A,sp-mz,4,4,400,128,128,16,187.76,185.57,373.33,93.88,92.78,186.66,93.33,2.0, sdumont6166,1493.32
0.0,276,3,265348.0,3168.0,2102.0,265348.0,0.0,0.0,0.0,0.0,2.0,0,0.0,0.0,2n-1m-46th-Ac-sp-mz,sequana_cpu_dev,2,11426606.0,1,46,A,sp-mz,4,4,400,128,128,16,193.65,190.81,384.46,96.82,95.41,192.23,96.11,2.0, sdumont6166,1153.3799999999999
0.0,736,8,265348.0,3056.0,2044.0,265348.0,0.0,0.0,0.0,0.0,1.0,0,0.0,0.0,2n-1m-46th-Bc-sp-mz,sequana_cpu_dev,2,11426608.0,1,46,B,sp-mz,8,8,400,304,208,17,1427.43,1349.52,2776.95,237.9,224.92,462.82,231.41,6.0, sdumont6167,22215.6
0.0,736,8,265348.0,3116.0,3106.0,265348.0,0.0,0.0,0.0,0.0,3.0,0,0.0,0.0,2n-1m-46th-Bc-sp-mz,sequana_cpu_dev,2,11426611.0,1,46,B,sp-mz,8,8,400,304,208,17,1153.04,1089.1,2242.14,230.61,217.82,448.43,224.21,5.0, sdumont6167,17937.12
0.0,736,8,265348.0,3140.0,3112.0,265348.0,0.0,0.0,0.0,0.0,1.0,0,0.0,0.0,2n-1m-46th-Bc-sp-mz,sequana_cpu_dev,2,11426612.0,1,46,B,sp-mz,8,8,400,304,208,17,1147.49,1093.61,2241.1,191.25,182.27,373.52,186.76,6.0, sdumont6167,17928.8
0.0,736,8,265348.0,3152.0,3116.0,265348.0,0.0,0.0,0.0,0.0,3.0,0,0.0,0.0,2n-1m-46th-Bc-sp-mz,sequana_cpu_dev,2,11426615.0,1,46,B,sp-mz,8,8,400,304,208,17,1413.89,1342.38,2756.27,235.65,223.73,459.38,229.69,6.0, sdumont6167,22050.16
0.0,2484,27,265348.0,3192.0,3166.0,265348.0,0.0,0.0,0.0,0.0,1.0,0,0.0,0.0,2n-1m-46th-Cc-sp-mz,sequana_cpu_dev,2,11426617.0,1,46,C,sp-mz,16,16,400,480,320,28,6050.73,5729.42,11780.15,242.03,229.18,471.21,235.6,25.0, sdumont6166,318064.05
0.0,2392,26,265348.0,3140.0,3118.0,265348.0,0.0,0.0,0.0,0.0,1.0,0,0.0,0.0,2n-1m-46th-Cc-sp-mz,sequana_cpu_dev,2,11426620.0,1,46,C,sp-mz,16,16,400,480,320,28,5449.94,5400.14,10850.08,222.56,220.47,443.03,221.51,24.5, sdumont6165,282102.08
0.0,2392,26,265348.0,3152.0,3150.0,265348.0,0.0,0.0,0.0,0.0,1.0,0,0.0,0.0,2n-1m-46th-Cc-sp-mz,sequana_cpu_dev,2,11426622.0,1,46,C,sp-mz,16,16,400,480,320,28,5443.67,5388.13,10831.8,222.33,219.98,442.31,221.15,24.5, sdumont6166,281626.8
0.0,2208,24,265348.0,3136.0,3094.0,265348.0,0.0,0.0,0.0,0.0,1.0,0,0.0,0.0,2n-1m-46th-Cc-sp-mz,sequana_cpu_dev,2,11426624.0,1,46,C,sp-mz,16,16,400,480,320,28,5211.38,5155.54,10366.92,231.75,229.22,460.97,230.48,22.5, sdumont6166,248806.08000000002
0.0,288,3,265348.0,3060.0,2050.0,265348.0,0.0,0.0,0.0,0.0,1.0,0,0.0,0.0,2n-1m-48th-Ac-sp-mz,sequana_cpu_dev,2,11426626.0,1,48,A,sp-mz,4,4,400,128,128,16,197.52,210.25,407.77,150.0,158.53,308.54,154.27,1.5, sdumont6165,1223.31
0.0,288,3,265348.0,3112.0,3086.0,265348.0,0.0,0.0,0.0,0.0,1.0,0,0.0,0.0,2n-1m-48th-Ac-sp-mz,sequana_cpu_dev,2,11426630.0,1,48,A,sp-mz,4,4,400,128,128,16,199.67,212.14,411.81,151.82,161.09,312.91,156.45,1.5, sdumont6166,1235.43
0.0,384,4,265348.0,3080.0,2058.0,265348.0,0.0,0.0,0.0,0.0,1.0,0,0.0,0.0,2n-1m-48th-Ac-sp-mz,sequana_cpu_dev,2,11426631.0,1,48,A,sp-mz,4,4,400,128,128,16,193.31,207.11,400.42,81.2,86.63,167.83,83.91,2.5, sdumont6166,1601.68
0.0,384,4,265348.0,3124.0,2078.0,265348.0,0.0,0.0,0.0,0.0,1.0,0,0.0,0.0,2n-1m-48th-Ac-sp-mz,sequana_cpu_dev,2,11426635.0,1,48,A,sp-mz,4,4,400,128,128,16,196.9,208.83,405.73,150.05,158.04,308.1,154.05,1.5, sdumont6165,1622.92
0.0,672,7,265348.0,1036.0,1034.0,265348.0,0.0,0.0,0.0,0.0,1.0,0,0.0,0.0,2n-1m-48th-Bc-sp-mz,sequana_cpu_dev,2,11426637.0,1,48,B,sp-mz,8,8,400,304,208,17,1074.03,1112.66,2186.7,197.2,203.92,401.13,200.56,5.5, sdumont6166,15306.899999999998
0.0,768,8,265348.0,3112.0,2076.0,265348.0,0.0,0.0,0.0,0.0,1.0,0,0.0,0.0,2n-1m-48th-Bc-sp-mz,sequana_cpu_dev,2,11426638.0,1,48,B,sp-mz,8,8,400,304,208,17,1317.0,1352.46,2669.46,203.76,208.89,412.65,206.32,6.5, sdumont6165,21355.68
0.0,768,8,265348.0,3144.0,2090.0,265348.0,0.0,0.0,0.0,0.0,1.0,0,0.0,0.0,2n-1m-48th-Bc-sp-mz,sequana_cpu_dev,2,11426641.0,1,48,B,sp-mz,8,8,400,304,208,17,1323.21,1365.56,2688.77,189.03,195.08,384.11,192.05,7.0, sdumont6165,21510.16
0.0,672,7,265348.0,3132.0,3106.0,265348.0,0.0,0.0,0.0,0.0,1.0,0,0.0,0.0,2n-1m-48th-Bc-sp-mz,sequana_cpu_dev,2,11426644.0,1,48,B,sp-mz,8,8,400,304,208,17,1074.68,1109.83,2184.51,197.15,203.34,400.49,200.25,5.5, sdumont6165,15291.570000000002
0.0,2496,26,265348.0,3116.0,2076.0,265348.0,0.0,0.0,0.0,0.0,1.0,0,0.0,0.0,2n-1m-48th-Cc-sp-mz,sequana_cpu_dev,2,11426645.0,1,48,C,sp-mz,16,16,400,480,320,28,5529.13,5673.37,11202.5,225.92,231.7,457.61,228.81,24.5, sdumont6165,291265.0
0.0,2496,26,265348.0,3112.0,3088.0,265348.0,0.0,0.0,0.0,0.0,1.0,0,0.0,0.0,2n-1m-48th-Cc-sp-mz,sequana_cpu_dev,2,11426647.0,1,48,C,sp-mz,16,16,400,480,320,28,5393.58,5587.94,10981.53,220.25,228.11,448.36,224.18,24.5, sdumont6165,285519.78
0.0,2496,26,265348.0,3120.0,3118.0,265348.0,0.0,0.0,0.0,0.0,1.0,0,0.0,0.0,2n-1m-48th-Cc-sp-mz,sequana_cpu_dev,2,11426650.0,1,48,C,sp-mz,16,16,400,480,320,28,5444.48,5593.36,11037.84,222.33,228.34,450.67,225.33,24.5, sdumont6165,286983.84
0.0,2592,27,265348.0,3064.0,3060.0,265348.0,0.0,0.0,0.0,0.0,0.0,0,0.0,0.0,2n-1m-48th-Cc-sp-mz,sequana_cpu_dev,2,11426652.0,1,48,C,sp-mz,16,16,400,480,320,28,5677.09,5857.82,11534.91,218.35,225.3,443.65,221.83,26.0, sdumont6165,311442.57
2.0,32,4,615916.0,143740.0,72590.0,1292688.0,491.52,2109.44,1003.52,4218.88,1.0,0,0.0,2.0,2n-2m-2th-Ac-sp-mz,sequana_cpu_dev,2,11426653.0,2,2,A,sp-mz,4,4,400,128,128,16,258.07,277.19,535.26,86.02,92.4,178.42,89.21,3.0, sdumont6166,2141.04
2.0,32,4,615973.0,143952.0,72622.0,1292848.0,491.52,2109.44,1003.52,4218.88,4.0,0,0.0,1.0,2n-2m-2th-Ac-sp-mz,sequana_cpu_dev,2,11426655.0,2,2,A,sp-mz,4,4,400,128,128,16,260.66,279.51,540.17,86.89,93.17,180.06,90.03,3.0, sdumont6166,2160.68
1.0,32,4,566177.0,135528.0,36807.0,1280400.0,512.0,2109.44,1034.24,4218.88,1.0,0,0.0,0.0,2n-2m-2th-Ac-sp-mz,sequana_cpu_dev,2,11426659.0,2,2,A,sp-mz,4,4,400,128,128,16,261.79,281.09,542.88,87.26,93.7,180.96,90.48,3.0, sdumont6165,2171.52
1.0,32,4,514163.0,140064.0,38581.0,885612.0,491.52,2109.44,1013.76,4218.88,1.0,0,0.0,1.0,2n-2m-2th-Ac-sp-mz,sequana_cpu_dev,2,11426661.0,2,2,A,sp-mz,4,4,400,128,128,16,265.38,282.3,547.68,88.46,94.1,182.56,91.28,3.0, sdumont6165,2190.72
4.0,88,11,364626.0,6408.0,4156.0,662460.0,563.2,2109.44,1157.12,4218.88,1.0,0,0.0,0.0,2n-2m-2th-Bc-sp-mz,sequana_cpu_dev,2,11426662.0,2,2,B,sp-mz,8,8,400,304,208,17,1138.64,1210.86,2349.5,113.86,121.09,234.95,117.48,10.0, sdumont6166,25844.5
9.0,88,11,612826.0,140116.0,70037.0,1280464.0,512.0,2109.44,1095.68,4218.88,1.0,0,0.0,1.0,2n-2m-2th-Bc-sp-mz,sequana_cpu_dev,2,11426665.0,2,2,B,sp-mz,8,8,400,304,208,17,1140.68,1214.57,2355.24,114.07,121.46,235.52,117.76,10.0, sdumont6166,25907.64
9.0,88,11,452707.0,140028.0,71501.0,640144.0,481.28,2109.44,952.32,4218.88,1.0,0,0.0,0.0,2n-2m-2th-Bc-sp-mz,sequana_cpu_dev,2,11426667.0,2,2,B,sp-mz,8,8,400,304,208,17,1148.08,1222.05,2370.12,114.81,122.2,237.01,118.51,10.0, sdumont6166,26071.32
9.0,88,11,452707.0,140024.0,71563.0,640144.0,481.28,2109.44,952.32,4218.88,1.0,0,0.0,0.0,2n-2m-2th-Bc-sp-mz,sequana_cpu_dev,2,11426669.0,2,2,B,sp-mz,8,8,400,304,208,17,1138.57,1206.84,2345.42,113.86,120.68,234.54,117.27,10.0, sdumont6166,25799.620000000003
70.0,336,42,1118547.0,344708.0,341399.0,1486804.0,1136.64,4218.88,1505.28,4218.88,1.0,0,3.0,13.0,2n-2m-2th-Cc-sp-mz,sequana_cpu_dev,2,11426671.0,2,2,C,sp-mz,16,16,400,480,320,28,4774.05,5075.31,9849.36,116.44,123.79,240.23,120.11,41.0, sdumont6165,413673.12
64.0,344,43,1115395.0,344548.0,338246.0,1490828.0,1146.88,4218.88,1505.28,4218.88,1.0,0,0.0,0.0,2n-2m-2th-Cc-sp-mz,sequana_cpu_dev,2,11426674.0,2,2,C,sp-mz,16,16,400,480,320,28,4795.82,5105.63,9901.45,114.19,121.56,235.75,117.87,42.0, sdumont6166,425762.35000000003
58.0,344,43,1118527.0,345356.0,340839.0,1503176.0,1187.84,4218.88,1536.0,4218.88,1.0,0,0.0,1.0,2n-2m-2th-Cc-sp-mz,sequana_cpu_dev,2,11426676.0,2,2,C,sp-mz,16,16,400,480,320,28,4835.55,5138.66,9974.21,117.94,125.33,243.27,121.64,41.0, sdumont6165,428891.02999999997
64.0,344,43,1115442.0,344864.0,338281.0,1486804.0,1146.88,4218.88,1505.28,4218.88,1.0,0,0.0,0.0,2n-2m-2th-Cc-sp-mz,sequana_cpu_dev,2,11426678.0,2,2,C,sp-mz,16,16,400,480,320,28,4786.77,5087.53,9874.3,113.97,121.13,235.1,117.55,42.0, sdumont6165,424594.89999999997
2.0,48,3,454869.0,140308.0,71665.0,644460.0,481.28,2109.44,962.56,4218.88,1.0,0,1.0,4.0,2n-2m-4th-Ac-sp-mz,sequana_cpu_dev,2,11426679.0,2,4,A,sp-mz,4,4,400,128,128,16,132.18,143.56,275.75,66.09,71.78,137.87,68.94,2.0, sdumont6166,827.25
2.0,48,3,614951.0,140220.0,69966.0,1284648.0,481.28,2109.44,983.04,4218.88,1.0,0,0.0,2.0,2n-2m-4th-Ac-sp-mz,sequana_cpu_dev,2,11426682.0,2,4,A,sp-mz,4,4,400,128,128,16,135.05,148.46,283.51,67.53,74.23,141.76,70.88,2.0, sdumont6166,850.53
1.0,48,3,407063.0,140128.0,37700.0,644460.0,491.52,2109.44,1003.52,4218.88,1.0,0,0.0,0.0,2n-2m-4th-Ac-sp-mz,sequana_cpu_dev,2,11426686.0,2,4,A,sp-mz,4,4,400,128,128,16,137.19,149.94,287.12,68.59,74.97,143.56,71.78,2.0, sdumont6165,861.36
2.0,48,3,617990.0,143840.0,73037.0,1296804.0,491.52,2109.44,993.28,4218.88,1.0,0,1.0,4.0,2n-2m-4th-Ac-sp-mz,sequana_cpu_dev,2,11426687.0,2,4,A,sp-mz,4,4,400,128,128,16,132.52,145.36,277.88,66.26,72.68,138.94,69.47,2.0, sdumont6166,833.64
5.0,112,7,515023.0,140024.0,38651.0,885136.0,501.76,2109.44,1054.72,4218.88,1.0,0,2.0,10.0,2n-2m-4th-Bc-sp-mz,sequana_cpu_dev,2,11426689.0,2,4,B,sp-mz,8,8,400,304,208,17,747.74,791.09,1538.83,124.62,131.85,256.47,128.24,6.0, sdumont6165,10771.81
5.0,112,7,515023.0,139972.0,38237.0,885136.0,501.76,2109.44,1054.72,4218.88,1.0,0,0.0,1.0,2n-2m-4th-Bc-sp-mz,sequana_cpu_dev,2,11426691.0,2,4,B,sp-mz,8,8,400,304,208,17,751.8,794.54,1546.34,125.3,132.42,257.72,128.86,6.0, sdumont6165,10824.38
10.0,96,6,421997.0,140176.0,41418.0,644260.0,481.28,2109.44,962.56,4218.88,1.0,0,0.0,2.0,2n-2m-4th-Bc-sp-mz,sequana_cpu_dev,2,11426694.0,2,4,B,sp-mz,8,8,400,304,208,17,671.1,711.88,1382.98,111.85,118.65,230.5,115.25,6.0, sdumont6165,8297.880000000001
5.0,96,6,407014.0,140016.0,37721.0,644264.0,501.76,2109.44,1044.48,4218.88,1.0,0,0.0,3.0,2n-2m-4th-Bc-sp-mz,sequana_cpu_dev,2,11426696.0,2,4,B,sp-mz,8,8,400,304,208,17,672.08,711.66,1383.74,112.01,118.61,230.62,115.31,6.0, sdumont6166,8302.44
22.0,384,24,407017.0,141976.0,38236.0,644276.0,552.96,2109.44,1280.0,4218.88,1.0,0,0.0,2.0,2n-2m-4th-Cc-sp-mz,sequana_cpu_dev,2,11426700.0,2,4,C,sp-mz,16,16,400,480,320,28,3189.65,3365.58,6555.23,138.68,146.33,285.01,142.5,23.0, sdumont6165,157325.52
44.0,384,24,617970.0,143700.0,72537.0,1296904.0,552.96,2109.44,1259.52,4218.88,1.0,0,0.0,2.0,2n-2m-4th-Cc-sp-mz,sequana_cpu_dev,2,11426702.0,2,4,C,sp-mz,16,16,400,480,320,28,3179.39,3363.68,6543.07,138.23,146.25,284.48,142.24,23.0, sdumont6165,157033.68
22.0,384,24,407018.0,140036.0,37748.0,644280.0,563.2,2109.44,1280.0,4218.88,1.0,0,0.0,2.0,2n-2m-4th-Cc-sp-mz,sequana_cpu_dev,2,11426704.0,2,4,C,sp-mz,16,16,400,480,320,28,3179.87,3362.21,6542.08,138.26,146.18,284.44,142.22,23.0, sdumont6166,157009.91999999998
22.0,384,24,407018.0,140048.0,37698.0,644280.0,552.96,2109.44,1269.76,4218.88,1.0,0,0.0,3.0,2n-2m-4th-Cc-sp-mz,sequana_cpu_dev,2,11426707.0,2,4,C,sp-mz,16,16,400,480,320,28,3185.51,3363.88,6549.39,138.5,146.26,284.76,142.38,23.0, sdumont6165,157185.36000000002
1.0,72,3,516104.0,140240.0,38375.0,885136.0,481.28,2109.44,962.56,4218.88,1.0,0,1.0,4.0,2n-2m-6th-Ac-sp-mz,sequana_cpu_dev,2,11426709.0,2,6,A,sp-mz,4,4,400,128,128,16,146.2,158.15,304.35,73.1,79.07,152.17,76.09,2.0, sdumont6166,913.0500000000001
1.0,72,3,408094.0,142228.0,38265.0,648584.0,491.52,2109.44,1003.52,4218.88,1.0,0,1.0,4.0,2n-2m-6th-Ac-sp-mz,sequana_cpu_dev,2,11426712.0,2,6,A,sp-mz,4,4,400,128,128,16,148.87,161.85,310.72,74.44,80.93,155.36,77.68,2.0, sdumont6166,932.1600000000001
2.0,72,3,620052.0,143744.0,72534.0,1300924.0,481.28,2109.44,993.28,4218.88,1.0,0,1.0,4.0,2n-2m-6th-Ac-sp-mz,sequana_cpu_dev,2,11426714.0,2,6,A,sp-mz,4,4,400,128,128,16,148.64,161.23,309.87,74.32,80.62,154.94,77.47,2.0, sdumont6166,929.61
1.0,72,3,460435.0,140244.0,38187.0,662460.0,491.52,2109.44,993.28,4218.88,1.0,0,1.0,6.0,2n-2m-6th-Ac-sp-mz,sequana_cpu_dev,2,11426728.0,2,6,A,sp-mz,4,4,400,128,128,16,149.29,162.01,311.3,74.64,81.01,155.65,77.82,2.0, sdumont6166,933.9000000000001
0.0,144,6,359480.0,5168.0,4119.0,453612.0,522.24,2109.44,1054.72,4218.88,1.0,0,0.0,0.0,2n-2m-6th-Bc-sp-mz,sequana_cpu_dev,2,11426733.0,2,6,B,sp-mz,8,8,400,304,208,17,577.52,606.43,1183.95,130.21,136.48,266.69,133.34,4.5, sdumont6166,7103.700000000001
11.0,144,6,616950.0,140040.0,69991.0,1288720.0,491.52,2109.44,1024.0,4218.88,4.0,0,1.0,2.0,2n-2m-6th-Bc-sp-mz,sequana_cpu_dev,2,11426740.0,2,6,B,sp-mz,8,8,400,304,208,17,573.09,599.29,1172.39,114.62,119.86,234.48,117.24,5.0, sdumont6165,7034.34
11.0,144,6,566732.0,143116.0,72336.0,1088008.0,491.52,2109.44,1024.0,4218.88,1.0,0,1.0,4.0,2n-2m-6th-Bc-sp-mz,sequana_cpu_dev,2,11426749.0,2,6,B,sp-mz,8,8,400,304,208,17,575.55,601.77,1177.32,129.27,135.39,264.66,132.33,4.5, sdumont6166,7063.92
5.0,144,6,408042.0,140032.0,37699.0,648376.0,491.52,2109.44,1034.24,4218.88,1.0,0,0.0,3.0,2n-2m-6th-Bc-sp-mz,sequana_cpu_dev,2,11426750.0,2,6,B,sp-mz,8,8,400,304,208,17,573.68,601.23,1174.91,143.42,150.31,293.73,146.86,4.0, sdumont6166,7049.460000000001
23.0,408,17,516177.0,139976.0,38589.0,885612.0,532.48,2109.44,1187.84,4218.88,1.0,0,2.0,9.0,2n-2m-6th-Cc-sp-mz,sequana_cpu_dev,2,11426753.0,2,6,C,sp-mz,16,16,400,480,320,28,2732.33,2837.67,5569.99,170.77,177.35,348.12,174.06,16.0, sdumont6165,94689.83
23.0,408,17,516631.0,140136.0,38666.0,887428.0,532.48,2109.44,1187.84,4218.88,1.0,0,1.0,5.0,2n-2m-6th-Cc-sp-mz,sequana_cpu_dev,2,11426755.0,2,6,C,sp-mz,16,16,400,480,320,28,2717.86,2825.09,5542.95,169.87,176.57,346.43,173.22,16.0, sdumont6166,94230.15
46.0,408,17,563674.0,143004.0,69750.0,1088048.0,532.48,2109.44,1177.6,4218.88,1.0,0,2.0,7.0,2n-2m-6th-Cc-sp-mz,sequana_cpu_dev,2,11426757.0,2,6,C,sp-mz,16,16,400,480,320,28,2725.41,2836.7,5562.11,170.34,177.29,347.63,173.82,16.0, sdumont6166,94555.87
23.0,432,18,516057.0,139980.0,38196.0,885136.0,532.48,2109.44,1187.84,4218.88,1.0,0,0.0,1.0,2n-2m-6th-Cc-sp-mz,sequana_cpu_dev,2,11426759.0,2,6,C,sp-mz,16,16,400,480,320,28,2721.83,2829.7,5551.53,170.11,176.86,346.97,173.49,16.0, sdumont6166,99927.54
3.0,96,3,619072.0,138420.0,69219.0,1292892.0,481.28,2109.44,993.28,4218.88,1.0,0,3.0,9.0,2n-2m-8th-Ac-sp-mz,sequana_cpu_dev,2,11426762.0,2,8,A,sp-mz,4,4,400,128,128,16,169.53,178.93,348.46,169.53,178.93,348.46,174.23,1.0, sdumont6166,1045.3799999999999
3.0,96,3,571374.0,141788.0,38596.0,1092340.0,491.52,2109.44,993.28,4218.88,1.0,0,4.0,14.0,2n-2m-8th-Ac-sp-mz,sequana_cpu_dev,2,11426764.0,2,8,A,sp-mz,4,4,400,128,128,16,168.2,177.27,345.48,168.2,177.27,345.48,172.74,1.0, sdumont6166,1036.44
1.0,96,3,409123.0,140716.0,37964.0,652700.0,491.52,2109.44,1003.52,4218.88,1.0,0,1.0,6.0,2n-2m-8th-Ac-sp-mz,sequana_cpu_dev,2,11426766.0,2,8,A,sp-mz,4,4,400,128,128,16,172.39,177.36,349.75,172.39,177.36,349.75,174.88,1.0, sdumont6165,1049.25
3.0,96,3,562752.0,131332.0,66465.0,1080048.0,481.28,2109.44,983.04,4218.88,1.0,0,1.0,4.0,2n-2m-8th-Ac-sp-mz,sequana_cpu_dev,2,11426768.0,2,8,A,sp-mz,4,4,400,128,128,16,165.66,177.82,343.47,122.54,132.63,255.17,127.58,1.5, sdumont6166,1030.41
0.0,160,5,359351.0,5196.0,4002.0,453612.0,532.48,2109.44,1075.2,4218.88,1.0,0,0.0,0.0,2n-2m-8th-Bc-sp-mz,sequana_cpu_dev,2,11426770.0,2,8,B,sp-mz,8,8,400,304,208,17,645.7,663.53,1309.23,161.43,165.88,327.31,163.65,4.0, sdumont6165,6546.15
12.0,160,5,622081.0,143828.0,72535.0,1305136.0,491.52,2109.44,1024.0,4218.88,0.0,0,2.0,5.0,2n-2m-8th-Bc-sp-mz,sequana_cpu_dev,2,11426772.0,2,8,B,sp-mz,8,8,400,304,208,17,647.96,668.37,1316.32,161.99,167.09,329.08,164.54,4.0, sdumont6166,6581.599999999999
6.0,160,5,409073.0,140244.0,37769.0,652500.0,491.52,2109.44,1034.24,4218.88,4.0,0,1.0,5.0,2n-2m-8th-Bc-sp-mz,sequana_cpu_dev,2,11426775.0,2,8,B,sp-mz,8,8,400,304,208,17,647.15,667.72,1314.87,161.79,166.93,328.72,164.36,4.0, sdumont6165,6574.349999999999
12.0,160,5,619010.0,140248.0,70020.0,1292844.0,491.52,2109.44,1024.0,4218.88,0.0,0,2.0,9.0,2n-2m-8th-Bc-sp-mz,sequana_cpu_dev,2,11426777.0,2,8,B,sp-mz,8,8,400,304,208,17,645.67,665.67,1311.34,161.42,166.42,327.83,163.92,4.0, sdumont6165,6556.7
49.0,448,14,619018.0,139964.0,69995.0,1292860.0,522.24,2109.44,1136.64,4218.88,1.0,0,2.0,5.0,2n-2m-8th-Cc-sp-mz,sequana_cpu_dev,2,11426779.0,2,8,C,sp-mz,16,16,400,480,320,28,2416.72,2504.61,4921.33,185.9,192.66,378.56,189.28,13.0, sdumont6165,68898.62
49.0,448,14,619019.0,140092.0,70041.0,1292864.0,522.24,2109.44,1136.64,4218.88,1.0,0,3.0,7.0,2n-2m-8th-Cc-sp-mz,sequana_cpu_dev,2,11426782.0,2,8,C,sp-mz,16,16,400,480,320,28,2415.08,2502.89,4917.97,185.78,192.53,378.31,189.15,13.0, sdumont6165,68851.58
24.0,448,14,409077.0,139992.0,37731.0,652516.0,522.24,2109.44,1116.16,4218.88,1.0,0,1.0,5.0,2n-2m-8th-Cc-sp-mz,sequana_cpu_dev,2,11426785.0,2,8,C,sp-mz,16,16,400,480,320,28,2415.01,2505.0,4920.01,185.77,192.69,378.46,189.23,13.0, sdumont6166,68880.14
49.0,448,14,448571.0,140076.0,61846.0,652516.0,481.28,2109.44,962.56,4218.88,1.0,0,3.0,11.0,2n-2m-8th-Cc-sp-mz,sequana_cpu_dev,2,11426787.0,2,8,C,sp-mz,16,16,400,480,320,28,2426.6,2508.93,4935.53,186.66,192.99,379.66,189.83,13.0, sdumont6166,69097.42
3.0,80,2,624203.0,142244.0,72374.0,1309304.0,491.52,2109.44,993.28,4218.88,1.0,0,4.0,9.0,2n-2m-10th-Ac-sp-mz,sequana_cpu_dev,2,11426789.0,2,10,A,sp-mz,4,4,400,128,128,16,172.46,176.68,349.15,172.46,176.68,349.15,174.57,1.0, sdumont6165,698.3
1.0,80,2,572405.0,144256.0,39239.0,1096464.0,491.52,2109.44,993.28,4218.88,1.0,0,2.0,10.0,2n-2m-10th-Ac-sp-mz,sequana_cpu_dev,2,11426791.0,2,10,A,sp-mz,4,4,400,128,128,16,173.5,179.0,352.5,173.5,179.0,352.5,176.25,1.0, sdumont6165,705.0
1.0,120,3,507148.0,98880.0,27983.0,885136.0,491.52,2109.44,993.28,4218.88,1.0,0,2.0,9.0,2n-2m-10th-Ac-sp-mz,sequana_cpu_dev,2,11426793.0,2,10,A,sp-mz,4,4,400,128,128,16,173.48,180.86,354.34,173.48,180.86,354.34,177.17,1.0, sdumont6165,1063.02
1.0,80,2,520064.0,141500.0,38066.0,1096464.0,501.76,2109.44,1003.52,4218.88,1.0,0,2.0,9.0,2n-2m-10th-Ac-sp-mz,sequana_cpu_dev,2,11426797.0,2,10,A,sp-mz,4,4,400,128,128,16,172.82,177.22,350.05,172.82,177.22,350.05,175.02,1.0, sdumont6166,700.1
13.0,160,4,621064.0,140248.0,70034.0,1296944.0,491.52,2109.44,1003.52,4218.88,1.0,0,1.0,4.0,2n-2m-10th-Bc-sp-mz,sequana_cpu_dev,2,11426799.0,2,10,B,sp-mz,8,8,400,304,208,17,471.65,496.23,967.87,157.22,165.41,322.62,161.31,3.0, sdumont6165,3871.48
6.0,200,5,410102.0,140272.0,37864.0,656616.0,491.52,2109.44,1013.76,4218.88,1.0,0,2.0,8.0,2n-2m-10th-Bc-sp-mz,sequana_cpu_dev,2,11426801.0,2,10,B,sp-mz,8,8,400,304,208,17,474.11,497.71,971.82,158.04,165.9,323.94,161.97,3.0, sdumont6165,4859.1
13.0,200,5,457874.0,140396.0,69189.0,656616.0,481.28,2109.44,962.56,4218.88,1.0,0,4.0,11.0,2n-2m-10th-Bc-sp-mz,sequana_cpu_dev,2,11426807.0,2,10,B,sp-mz,8,8,400,304,208,17,459.92,483.62,943.54,153.31,161.21,314.51,157.26,3.0, sdumont6165,4717.7
6.0,160,4,410102.0,140204.0,37751.0,656616.0,491.52,2109.44,1024.0,4218.88,4.0,0,2.0,8.0,2n-2m-10th-Bc-sp-mz,sequana_cpu_dev,2,11426817.0,2,10,B,sp-mz,8,8,400,304,208,17,470.26,495.22,965.48,156.75,165.07,321.83,160.91,3.0, sdumont6165,3861.92
26.0,480,12,410106.0,140020.0,37743.0,656632.0,522.24,2109.44,1126.4,4218.88,1.0,0,2.0,8.0,2n-2m-10th-Cc-sp-mz,sequana_cpu_dev,2,11426818.0,2,10,C,sp-mz,16,16,400,480,320,28,2436.8,2511.73,4948.53,221.53,228.34,449.87,224.93,11.0, sdumont6166,59382.36
26.0,520,13,410108.0,140380.0,37844.0,656640.0,522.24,2109.44,1136.64,4218.88,1.0,0,2.0,11.0,2n-2m-10th-Cc-sp-mz,sequana_cpu_dev,2,11426823.0,2,10,C,sp-mz,16,16,400,480,320,28,2433.92,2506.81,4940.73,221.27,227.89,449.16,224.58,11.0, sdumont6165,64229.48999999999
51.0,440,11,621078.0,140228.0,70042.0,1296984.0,512.0,2109.44,1105.92,4218.88,1.0,0,4.0,9.0,2n-2m-10th-Cc-sp-mz,sequana_cpu_dev,2,11426826.0,2,10,C,sp-mz,16,16,400,480,320,28,2181.93,2259.12,4441.05,198.36,205.37,403.73,201.87,11.0, sdumont6165,48851.55
52.0,480,12,567791.0,140032.0,69834.0,1083992.0,522.24,2109.44,1116.16,4218.88,1.0,0,6.0,18.0,2n-2m-10th-Cc-sp-mz,sequana_cpu_dev,2,11426831.0,2,10,C,sp-mz,16,16,400,480,320,28,2591.84,2579.31,5171.14,235.62,234.48,470.1,235.05,11.0, sdumont6166,62053.68000000001
1.0,192,4,574396.0,141660.0,38311.0,1313276.0,512.0,2109.44,1034.24,4218.88,1.0,0,5.0,20.0,2n-2m-12th-Ac-sp-mz,sequana_cpu_dev,2,11426835.0,2,12,A,sp-mz,4,4,400,128,128,16,171.77,191.47,363.24,171.77,191.47,363.24,181.62,1.0, sdumont6168,1452.96
3.0,96,2,733065.0,141564.0,70442.0,1313280.0,491.52,2109.44,993.28,4218.88,0.0,0,7.0,16.0,2n-2m-12th-Ac-sp-mz,sequana_cpu_dev,2,11426839.0,2,12,A,sp-mz,4,4,400,128,128,16,172.09,184.31,356.39,172.09,184.31,356.39,178.2,1.0, sdumont6166,712.78
3.0,144,3,623155.0,139172.0,69398.0,1300988.0,491.52,2109.44,993.28,4218.88,1.0,0,12.0,38.0,2n-2m-12th-Ac-sp-mz,sequana_cpu_dev,2,11426847.0,2,12,A,sp-mz,4,4,400,128,128,16,179.9,192.14,372.04,179.9,192.14,372.04,186.02,1.0, sdumont6167,1116.1200000000001
14.0,192,4,623130.0,140240.0,70057.0,1301088.0,491.52,2109.44,1013.76,4218.88,1.0,0,10.0,25.0,2n-2m-12th-Bc-sp-mz,sequana_cpu_dev,2,11426850.0,2,12,B,sp-mz,8,8,400,304,208,17,489.16,537.57,1026.73,163.05,179.19,342.24,171.12,3.0, sdumont6168,4106.92
14.0,240,5,626205.0,144116.0,72659.0,1313380.0,491.52,2109.44,1003.52,4218.88,1.0,0,5.0,11.0,2n-2m-12th-Bc-sp-mz,sequana_cpu_dev,2,11426854.0,2,12,B,sp-mz,8,8,400,304,208,17,511.52,557.58,1069.1,211.06,233.19,444.24,222.12,2.5, sdumont6168,5345.5
7.0,192,4,411132.0,140232.0,37777.0,660736.0,491.52,2109.44,1024.0,4218.88,44.0,0,2.0,9.0,2n-2m-12th-Bc-sp-mz,sequana_cpu_dev,2,11426858.0,2,12,B,sp-mz,8,8,400,304,208,17,483.4,529.39,1012.78,161.13,176.46,337.59,168.8,3.0, sdumont6165,4051.12
7.0,192,4,411132.0,140172.0,37765.0,660736.0,491.52,2109.44,993.28,4218.88,1.0,0,3.0,14.0,2n-2m-12th-Bc-sp-mz,sequana_cpu_dev,2,11426862.0,2,12,B,sp-mz,8,8,400,304,208,17,489.29,534.93,1024.22,163.1,178.31,341.41,170.7,3.0, sdumont6166,4096.88
28.0,576,12,626101.0,132776.0,36889.0,1088104.0,552.96,2109.44,1105.92,4218.88,1.0,0,1.0,7.0,2n-2m-12th-Cc-sp-mz,sequana_cpu_dev,2,11426869.0,2,12,C,sp-mz,16,16,400,480,320,28,2269.77,2436.77,4706.54,226.98,243.68,470.65,235.33,10.0, sdumont6166,56478.479999999996
56.0,528,11,626208.0,143732.0,72592.0,1313388.0,522.24,2109.44,1105.92,4218.88,1.0,0,8.0,18.0,2n-2m-12th-Cc-sp-mz,sequana_cpu_dev,2,11426871.0,2,12,C,sp-mz,16,16,400,480,320,28,2279.01,2453.24,4732.25,227.9,245.32,473.23,236.61,10.0, sdumont6166,52054.75
57.0,576,12,452306.0,140000.0,61481.0,660612.0,481.28,2109.44,962.56,4218.88,1.0,0,8.0,20.0,2n-2m-12th-Cc-sp-mz,sequana_cpu_dev,2,11426875.0,2,12,C,sp-mz,16,16,400,480,320,28,2265.96,2460.37,4726.33,226.6,246.04,472.63,236.32,10.0, sdumont6166,56715.96
28.0,576,12,519267.0,140268.0,38713.0,885612.0,522.24,2109.44,1105.92,4218.88,1.0,0,4.0,17.0,2n-2m-12th-Cc-sp-mz,sequana_cpu_dev,2,11426877.0,2,12,C,sp-mz,16,16,400,480,320,28,2265.07,2445.28,4710.35,226.51,244.53,471.04,235.52,10.0, sdumont6165,56524.200000000004
3.0,168,3,572002.0,141024.0,68842.0,1104692.0,491.52,2109.44,993.28,4218.88,1.0,0,11.0,26.0,2n-2m-14th-Ac-sp-mz,sequana_cpu_dev,2,11426880.0,2,14,A,sp-mz,4,4,400,128,128,16,171.7,176.68,348.38,171.7,176.68,348.38,174.19,1.0, sdumont6166,1045.1399999999999
3.0,168,3,628285.0,142552.0,72251.0,1317392.0,491.52,2109.44,993.28,4218.88,1.0,0,10.0,21.0,2n-2m-14th-Ac-sp-mz,sequana_cpu_dev,2,11426886.0,2,14,A,sp-mz,4,4,400,128,128,16,171.96,176.9,348.86,171.96,176.9,348.86,174.43,1.0, sdumont6165,1046.58
1.0,168,3,522251.0,141796.0,38315.0,1104696.0,501.76,2109.44,1034.24,4218.88,1.0,0,3.0,13.0,2n-2m-14th-Ac-sp-mz,sequana_cpu_dev,2,11426897.0,2,14,A,sp-mz,4,4,400,128,128,16,171.86,176.43,348.28,171.86,176.43,348.28,174.14,1.0, sdumont6166,1044.84
7.0,336,6,410305.0,140024.0,37870.0,664696.0,481.28,2109.44,962.56,4218.88,1.0,0,2.0,10.0,2n-2m-14th-Bc-sp-mz,sequana_cpu_dev,2,11426901.0,2,14,B,sp-mz,8,8,400,304,208,17,620.24,650.19,1270.42,124.05,130.04,254.08,127.04,5.0, sdumont6166,7622.52
15.0,224,4,453095.0,142232.0,59207.0,664860.0,512.0,2109.44,1085.44,4218.88,1.0,0,8.0,20.0,2n-2m-14th-Bc-sp-mz,sequana_cpu_dev,2,11426906.0,2,14,B,sp-mz,8,8,400,304,208,17,546.58,545.84,1092.42,182.19,181.95,364.14,182.07,3.0, sdumont6169,4369.68
15.0,504,9,595237.0,140096.0,42201.0,1185392.0,512.0,2109.44,1095.68,4218.88,1.0,0,98.0,375.0,2n-2m-14th-Bc-sp-mz,sequana_cpu_dev,2,11426910.0,2,14,B,sp-mz,8,8,400,304,208,17,933.75,953.45,1887.2,116.72,119.18,235.9,117.95,8.0, sdumont6169,16984.8
7.0,280,5,365222.0,140236.0,37568.0,664844.0,491.52,2109.44,1024.0,4218.88,58.0,0,3.0,13.0,2n-2m-14th-Bc-sp-mz,sequana_cpu_dev,2,11426913.0,2,14,B,sp-mz,8,8,400,304,208,17,510.56,537.26,1047.82,170.19,179.09,349.27,174.64,3.0, sdumont6165,5239.099999999999
63.0,616,11,735104.0,143832.0,70746.0,1317516.0,542.72,2109.44,1095.68,4218.88,1.0,0,10.0,22.0,2n-2m-14th-Cc-sp-mz,sequana_cpu_dev,2,11426917.0,2,14,C,sp-mz,16,16,400,480,320,28,2290.77,2296.63,4587.4,229.08,229.66,458.74,229.37,10.0, sdumont6167,50461.399999999994
62.0,616,11,625198.0,140292.0,70118.0,1305216.0,512.0,2109.44,1085.44,4218.88,1.0,0,13.0,29.0,2n-2m-14th-Cc-sp-mz,sequana_cpu_dev,2,11426920.0,2,14,C,sp-mz,16,16,400,480,320,28,2055.0,2135.13,4190.13,205.5,213.51,419.01,209.51,10.0, sdumont6165,46091.43
31.0,616,11,365231.0,140340.0,37498.0,664880.0,512.0,2109.44,1095.68,4218.88,1.0,0,5.0,22.0,2n-2m-14th-Cc-sp-mz,sequana_cpu_dev,2,11426924.0,2,14,C,sp-mz,16,16,400,480,320,28,2062.19,2141.41,4203.6,206.22,214.14,420.36,210.18,10.0, sdumont6166,46239.600000000006
62.0,616,11,628272.0,143756.0,72510.0,1317512.0,512.0,2109.44,1085.44,4218.88,4.0,0,19.0,48.0,2n-2m-14th-Cc-sp-mz,sequana_cpu_dev,2,11426931.0,2,14,C,sp-mz,16,16,400,480,320,28,2301.08,2230.2,4531.29,255.68,247.8,503.48,251.74,9.0, sdumont6174,49844.19
2.0,192,3,520077.0,130648.0,35361.0,1096516.0,501.76,2109.44,1003.52,4218.88,1.0,0,10.0,42.0,2n-2m-16th-Ac-sp-mz,sequana_cpu_dev,2,11426936.0,2,16,A,sp-mz,4,4,400,128,128,16,180.48,187.48,367.96,180.48,187.48,367.96,183.98,1.0, sdumont6165,1103.8799999999999
2.0,192,3,576454.0,141488.0,38183.0,1321508.0,501.76,2109.44,1024.0,4218.88,0.0,0,6.0,26.0,2n-2m-16th-Ac-sp-mz,sequana_cpu_dev,2,11426942.0,2,16,A,sp-mz,4,4,400,128,128,16,182.98,180.49,363.46,182.98,180.49,363.46,181.73,1.0, sdumont6175,1090.3799999999999
16.0,256,4,630308.0,143804.0,72589.0,1321552.0,491.52,2109.44,1013.76,4218.88,0.0,0,9.0,24.0,2n-2m-16th-Bc-sp-mz,sequana_cpu_dev,2,11426961.0,2,16,B,sp-mz,8,8,400,304,208,17,527.9,578.22,1106.12,175.97,192.74,368.71,184.35,3.0, sdumont6165,4424.48
16.0,256,4,627243.0,140160.0,69997.0,1309300.0,491.52,2109.44,1013.76,4218.88,1.0,0,12.0,29.0,2n-2m-16th-Bc-sp-mz,sequana_cpu_dev,2,11426967.0,2,16,B,sp-mz,8,8,400,304,208,17,556.54,573.37,1129.91,278.27,286.68,564.95,282.48,2.0, sdumont6175,4519.64
17.0,320,5,627247.0,140108.0,70061.0,1309316.0,491.52,2109.44,1003.52,4218.88,1.0,0,7.0,18.0,2n-2m-16th-Bc-sp-mz,sequana_cpu_dev,2,11426970.0,2,16,B,sp-mz,8,8,400,304,208,17,548.38,565.13,1113.51,274.19,282.57,556.76,278.38,2.0, sdumont6174,5567.55
0.0,448,7,427299.0,8836.0,4762.0,906864.0,1105.92,2109.44,2201.6,4218.88,0.0,0,0.0,0.0,2n-2m-16th-Bc-sp-mz,sequana_cpu_dev,2,11426982.0,2,16,B,sp-mz,8,8,400,304,208,17,733.31,776.5,1509.82,122.22,129.42,251.64,125.82,6.0, sdumont6041,10568.74
69.0,704,11,626189.0,144336.0,62242.0,1338548.0,901.12,2109.44,2529.28,4218.88,0.0,0,24.0,73.0,2n-2m-16th-Cc-sp-mz,sequana_cpu_dev,2,11426984.0,2,16,C,sp-mz,16,16,400,480,320,28,2100.79,2238.32,4339.11,233.42,248.7,482.12,241.06,9.0, sdumont6041,47730.21
69.0,704,11,746685.0,144372.0,70976.0,1338424.0,1269.76,2109.44,2539.52,4218.88,1.0,0,10.0,22.0,2n-2m-16th-Cc-sp-mz,sequana_cpu_dev,2,11426988.0,2,16,C,sp-mz,16,16,400,480,320,28,2108.5,2239.24,4347.73,234.28,248.8,483.08,241.54,9.0, sdumont6041,47825.03
70.0,704,11,746657.0,144552.0,71086.0,1338416.0,1269.76,2109.44,2539.52,4218.88,1.0,0,13.0,29.0,2n-2m-16th-Cc-sp-mz,sequana_cpu_dev,2,11426990.0,2,16,C,sp-mz,16,16,400,480,320,28,2076.66,2221.64,4298.3,230.74,246.85,477.59,238.79,9.0, sdumont6040,47281.3
34.0,704,11,481982.0,143736.0,38487.0,1125596.0,1280.0,2109.44,2570.24,4218.88,1.0,0,5.0,22.0,2n-2m-16th-Cc-sp-mz,sequana_cpu_dev,2,11426993.0,2,16,C,sp-mz,16,16,400,480,320,28,2085.12,2238.66,4323.77,231.68,248.74,480.42,240.21,9.0, sdumont6040,47561.47
2.0,216,3,523377.0,138580.0,38312.0,889516.0,491.52,2109.44,993.28,4218.88,0.0,0,10.0,42.0,2n-2m-18th-Ac-sp-mz,sequana_cpu_dev,2,11427002.0,2,18,A,sp-mz,4,4,400,128,128,16,172.2,176.91,349.11,172.2,176.91,349.11,174.55,1.0, sdumont6166,1047.33
9.0,288,4,685511.0,144180.0,39738.0,1325736.0,501.76,2109.44,1013.76,4218.88,1.0,0,5.0,21.0,2n-2m-18th-Bc-sp-mz,sequana_cpu_dev,2,11427007.0,2,18,B,sp-mz,8,8,400,304,208,17,538.34,563.75,1102.08,179.45,187.92,367.36,183.68,3.0, sdumont6166,4408.32
18.0,288,4,576017.0,143200.0,69876.0,1112716.0,491.52,2109.44,1013.76,4218.88,1.0,0,16.0,35.0,2n-2m-18th-Bc-sp-mz,sequana_cpu_dev,2,11427011.0,2,18,B,sp-mz,8,8,400,304,208,17,536.1,558.92,1095.01,178.7,186.31,365.0,182.5,3.0, sdumont6166,4380.04
9.0,288,4,466522.0,142136.0,38689.0,672932.0,491.52,2109.44,1013.76,4218.88,1.0,0,4.0,16.0,2n-2m-18th-Bc-sp-mz,sequana_cpu_dev,2,11427013.0,2,18,B,sp-mz,8,8,400,304,208,17,535.65,564.81,1100.46,178.55,188.27,366.82,183.41,3.0, sdumont6166,4401.84
18.0,360,5,739202.0,145448.0,71357.0,1313380.0,501.76,2109.44,1003.52,4218.88,1.0,0,21.0,66.0,2n-2m-18th-Bc-sp-mz,sequana_cpu_dev,2,11427018.0,2,18,B,sp-mz,8,8,400,304,208,17,447.98,474.87,922.85,149.33,158.29,307.62,153.81,3.0, sdumont6165,4614.25
36.0,720,10,511343.0,98400.0,28232.0,885612.0,512.0,2109.44,1085.44,4218.88,0.0,0,10.0,40.0,2n-2m-18th-Cc-sp-mz,sequana_cpu_dev,2,11427025.0,2,18,C,sp-mz,16,16,400,480,320,28,2172.05,2238.58,4410.64,256.55,264.25,520.8,260.4,8.5, sdumont6165,44106.4
36.0,720,10,574394.0,133764.0,36231.0,1313268.0,552.96,2109.44,1136.64,4218.88,1.0,0,8.0,33.0,2n-2m-18th-Cc-sp-mz,sequana_cpu_dev,2,11427026.0,2,18,C,sp-mz,16,16,400,480,320,28,2164.04,2244.59,4408.63,240.45,249.4,489.85,244.92,9.0, sdumont6166,44086.3
72.0,720,10,469194.0,140404.0,71727.0,673116.0,481.28,2109.44,952.32,4218.88,1.0,0,13.0,32.0,2n-2m-18th-Cc-sp-mz,sequana_cpu_dev,2,11427029.0,2,18,C,sp-mz,16,16,400,480,320,28,2159.01,2232.87,4391.88,239.89,248.1,487.99,243.99,9.0, sdumont6165,43918.8
37.0,936,13,530434.0,143896.0,38470.0,1325692.0,563.2,2109.44,1136.64,4218.88,156.0,0,99.0,399.0,2n-2m-18th-Cc-sp-mz,sequana_cpu_dev,2,11427033.0,2,18,C,sp-mz,16,16,400,480,320,28,2308.27,2265.61,4573.89,201.04,197.47,398.51,199.26,11.5, sdumont6193,59460.57000000001
2.0,400,5,368361.0,140460.0,37654.0,677400.0,501.76,2109.44,1044.48,4218.88,72.0,0,11.0,44.0,2n-2m-20th-Ac-sp-mz,sequana_cpu_dev,2,11427036.0,2,20,A,sp-mz,4,4,400,128,128,16,300.47,299.51,599.98,75.12,74.88,149.99,75.0,4.0, sdumont6169,2999.9
4.0,480,6,507057.0,49576.0,14738.0,1232184.0,501.76,2109.44,1044.48,4218.88,4.0,0,194.0,408.0,2n-2m-20th-Ac-sp-mz,sequana_cpu_dev,2,11427039.0,2,20,A,sp-mz,4,4,400,128,128,16,382.42,357.52,739.94,95.61,89.38,184.99,92.49,4.0, sdumont6192,4439.64
2.0,480,6,686395.0,141172.0,38546.0,1329748.0,522.24,2109.44,1044.48,4218.88,235.0,0,8.0,33.0,2n-2m-20th-Ac-sp-mz,sequana_cpu_dev,2,11427046.0,2,20,A,sp-mz,4,4,400,128,128,16,402.14,385.34,787.47,80.43,77.07,157.49,78.75,5.0, sdumont6235,4724.82
19.0,320,4,634425.0,144080.0,72691.0,1329788.0,491.52,2109.44,1013.76,4218.88,1.0,0,24.0,52.0,2n-2m-20th-Bc-sp-mz,sequana_cpu_dev,2,11427048.0,2,20,B,sp-mz,8,8,400,304,208,17,591.74,578.24,1169.98,197.25,192.75,389.99,195.0,3.0, sdumont6235,4679.92
20.0,320,4,741261.0,143340.0,70872.0,1317496.0,501.76,2109.44,1013.76,4218.88,189.0,0,17.0,37.0,2n-2m-20th-Bc-sp-mz,sequana_cpu_dev,2,11427053.0,2,20,B,sp-mz,8,8,400,304,208,17,588.6,584.61,1173.21,248.01,243.88,491.89,245.94,2.5, sdumont6169,4692.84
20.0,320,4,634425.0,143944.0,72696.0,1329788.0,491.52,2109.44,1003.52,4218.88,41.0,0,16.0,35.0,2n-2m-20th-Bc-sp-mz,sequana_cpu_dev,2,11427058.0,2,20,B,sp-mz,8,8,400,304,208,17,589.27,588.62,1177.89,248.28,245.37,493.64,246.82,2.5, sdumont6169,4711.56
9.0,560,7,523258.0,140284.0,38348.0,885136.0,512.0,2109.44,1064.96,4218.88,1.0,0,5.0,20.0,2n-2m-20th-Bc-sp-mz,sequana_cpu_dev,2,11427067.0,2,20,B,sp-mz,8,8,400,304,208,17,779.05,822.0,1601.04,155.81,164.4,320.21,160.1,5.0, sdumont6169,11207.279999999999
81.0,800,10,634444.0,144052.0,73198.0,1329848.0,512.0,2109.44,1095.68,4218.88,27.0,0,31.0,88.0,2n-2m-20th-Cc-sp-mz,sequana_cpu_dev,2,11427074.0,2,20,C,sp-mz,16,16,400,480,320,28,2368.95,2344.1,4713.05,263.22,260.46,523.67,261.84,9.0, sdumont6235,47130.5
0.0,2240,28,364626.0,6408.0,3745.0,662460.0,686.08,2109.44,1392.64,4229.12,384.0,0,0.0,0.0,2n-2m-20th-Cc-sp-mz,sequana_cpu_dev,2,11427078.0,2,20,C,sp-mz,16,16,400,480,320,28,3273.7,3062.59,6336.29,121.25,113.43,234.68,117.34,27.0, sdumont6279,177416.12
0.0,2000,25,357405.0,5212.0,4019.0,453096.0,573.44,2109.44,1351.68,4218.88,1.0,0,0.0,0.0,2n-2m-20th-Cc-sp-mz,sequana_cpu_dev,2,11427089.0,2,20,C,sp-mz,16,16,400,480,320,28,3040.82,2876.46,5917.28,132.21,125.06,257.27,128.64,23.0, sdumont6266,147932.0
80.0,880,11,741279.0,144128.0,70886.0,1329864.0,542.72,2109.44,1095.68,4218.88,1.0,0,46.0,146.0,2n-2m-20th-Cc-sp-mz,sequana_cpu_dev,2,11427091.0,2,20,C,sp-mz,16,16,400,480,320,28,2115.46,2272.85,4388.31,211.55,227.29,438.83,219.42,10.0, sdumont6165,48271.41
2.0,264,3,524473.0,138556.0,38239.0,885656.0,491.52,2109.44,1003.52,4218.88,1.0,0,9.0,39.0,2n-2m-22th-Ac-sp-mz,sequana_cpu_dev,2,11427099.0,2,22,A,sp-mz,4,4,400,128,128,16,172.86,178.42,351.29,129.99,133.53,263.52,131.76,1.5, sdumont6166,1053.8700000000001
5.0,264,3,636526.0,142064.0,72230.0,1333872.0,491.52,2109.44,1003.52,4218.88,0.0,0,18.0,42.0,2n-2m-22th-Ac-sp-mz,sequana_cpu_dev,2,11427108.0,2,22,A,sp-mz,4,4,400,128,128,16,172.25,177.73,349.98,172.25,177.73,349.98,174.99,1.0, sdumont6165,1049.94
11.0,352,4,578587.0,140452.0,39058.0,1102316.0,491.52,2109.44,1013.76,4218.88,1.0,0,10.0,41.0,2n-2m-22th-Bc-sp-mz,sequana_cpu_dev,2,11427110.0,2,22,B,sp-mz,8,8,400,304,208,17,541.02,567.77,1108.8,226.04,236.46,462.5,231.25,2.5, sdumont6166,4435.2
22.0,352,4,743339.0,144428.0,70987.0,1333976.0,501.76,2109.44,1013.76,4218.88,1.0,0,11.0,27.0,2n-2m-22th-Bc-sp-mz,sequana_cpu_dev,2,11427114.0,2,22,B,sp-mz,8,8,400,304,208,17,526.07,553.83,1079.9,220.7,231.88,452.58,226.29,2.5, sdumont6165,4319.6
22.0,352,4,636456.0,144324.0,72745.0,1333792.0,491.52,2109.44,1013.76,4218.88,1.0,0,18.0,42.0,2n-2m-22th-Bc-sp-mz,sequana_cpu_dev,2,11427119.0,2,22,B,sp-mz,8,8,400,304,208,17,533.61,560.14,1093.75,223.06,233.55,456.62,228.31,2.5, sdumont6166,4375.0
11.0,440,5,476179.0,133124.0,35845.0,1108672.0,512.0,2109.44,1034.24,4218.88,1.0,0,29.0,117.0,2n-2m-22th-Bc-sp-mz,sequana_cpu_dev,2,11427124.0,2,22,B,sp-mz,8,8,400,304,208,17,627.99,645.05,1273.04,209.33,215.02,424.35,212.17,3.0, sdumont6165,6365.2
44.0,880,10,524297.0,140456.0,38778.0,885136.0,512.0,2109.44,1095.68,4218.88,1.0,0,9.0,39.0,2n-2m-22th-Cc-sp-mz,sequana_cpu_dev,2,11427129.0,2,22,C,sp-mz,16,16,400,480,320,28,2176.52,2240.3,4416.82,257.03,264.37,521.41,260.7,8.5, sdumont6166,44168.2
89.0,880,10,633423.0,140452.0,70159.0,1321640.0,512.0,2109.44,1095.68,4218.88,1.0,0,33.0,100.0,2n-2m-22th-Cc-sp-mz,sequana_cpu_dev,2,11427137.0,2,22,C,sp-mz,16,16,400,480,320,28,2164.31,2238.63,4402.94,240.48,248.74,489.22,244.61,9.0, sdumont6166,44029.399999999994
90.0,880,10,633438.0,140528.0,70233.0,1321700.0,512.0,2109.44,1085.44,4218.88,1.0,0,29.0,66.0,2n-2m-22th-Cc-sp-mz,sequana_cpu_dev,2,11427141.0,2,22,C,sp-mz,16,16,400,480,320,28,2189.0,2258.2,4447.19,258.51,266.48,524.99,262.5,8.5, sdumont6165,44471.899999999994
0.0,968,11,312285.0,4620.0,3554.0,453096.0,512.0,2109.44,1095.68,4218.88,1.0,0,0.0,0.0,2n-2m-22th-Cc-sp-mz,sequana_cpu_dev,2,11427148.0,2,22,C,sp-mz,16,16,400,480,320,28,2165.98,2242.72,4408.7,243.85,252.15,496.0,248.0,9.0, sdumont6166,48495.7
6.0,288,3,472392.0,138396.0,68091.0,685660.0,481.28,2109.44,972.8,4218.88,1.0,0,17.0,36.0,2n-2m-24th-Ac-sp-mz,sequana_cpu_dev,2,11427156.0,2,24,A,sp-mz,4,4,400,128,128,16,176.42,182.5,358.92,132.71,136.49,269.2,134.6,1.5, sdumont6165,1076.76
24.0,384,4,638561.0,144276.0,72754.0,1338088.0,491.52,2109.44,1013.76,4218.88,1.0,0,17.0,45.0,2n-2m-24th-Bc-sp-mz,sequana_cpu_dev,2,11427168.0,2,24,B,sp-mz,8,8,400,304,208,17,523.94,552.52,1076.47,219.3,230.77,450.07,225.03,2.5, sdumont6165,4305.88
12.0,768,8,530460.0,133664.0,35845.0,1325796.0,532.48,2109.44,1064.96,4218.88,1.0,0,96.0,384.0,2n-2m-24th-Bc-sp-mz,sequana_cpu_dev,2,11427171.0,2,24,B,sp-mz,8,8,400,304,208,17,717.03,710.76,1427.79,110.95,110.23,221.18,110.59,6.5, sdumont6193,11422.32
12.0,384,4,417404.0,140304.0,37867.0,685308.0,501.76,2109.44,1034.24,4218.88,1.0,0,4.0,18.0,2n-2m-24th-Bc-sp-mz,sequana_cpu_dev,2,11427174.0,2,24,B,sp-mz,8,8,400,304,208,17,578.8,577.47,1156.28,241.04,241.04,482.08,241.04,2.5, sdumont6193,4625.12
12.0,384,4,580465.0,144192.0,38692.0,1338068.0,512.0,2109.44,1013.76,4218.88,1.0,0,12.0,51.0,2n-2m-24th-Bc-sp-mz,sequana_cpu_dev,2,11427178.0,2,24,B,sp-mz,8,8,400,304,208,17,578.86,575.47,1154.33,241.24,239.99,481.23,240.61,2.5, sdumont6194,4617.32
48.0,960,10,688556.0,144232.0,39595.0,1337916.0,542.72,2109.44,1095.68,4218.88,0.0,0,23.0,92.0,2n-2m-24th-Cc-sp-mz,sequana_cpu_dev,2,11427183.0,2,24,C,sp-mz,16,16,400,480,320,28,2335.08,2286.74,4621.83,275.54,269.93,545.47,272.73,8.5, sdumont6194,46218.3
99.0,1056,11,635495.0,140572.0,70128.0,1325816.0,512.0,2109.44,1095.68,4218.88,1.0,0,23.0,56.0,2n-2m-24th-Cc-sp-mz,sequana_cpu_dev,2,11427186.0,2,24,C,sp-mz,16,16,400,480,320,28,2333.57,2309.64,4643.21,275.47,272.74,548.21,274.11,8.5, sdumont6193,51075.31
0.0,1440,15,411563.0,6512.0,4304.0,662460.0,583.68,2109.44,1167.36,4218.88,1.0,0,0.0,0.0,2n-2m-24th-Cc-sp-mz,sequana_cpu_dev,2,11427191.0,2,24,C,sp-mz,16,16,400,480,320,28,2400.88,2498.81,4899.69,184.68,192.22,376.9,188.45,13.0, sdumont6165,73495.34999999999
95.0,960,10,745382.0,144164.0,70955.0,1338040.0,542.72,2109.44,1095.68,4218.88,1.0,0,30.0,67.0,2n-2m-24th-Cc-sp-mz,sequana_cpu_dev,2,11427198.0,2,24,C,sp-mz,16,16,400,480,320,28,2231.68,2305.34,4537.01,263.56,272.07,535.63,267.81,8.5, sdumont6166,45370.100000000006
0.0,48,8,265348.0,3144.0,3088.0,265348.0,0.0,0.0,0.0,0.0,1.0,0,0.0,0.0,3n-1m-2th-Ac-sp-mz,sequana_cpu_dev,3,11427204.0,1,2,A,sp-mz,4,4,400,128,128,16,1005.01,778.51,1783.53,143.57,111.22,254.79,84.93,7.0, sdumont6166,14268.24
0.0,30,5,265348.0,3116.0,3096.0,265348.0,0.0,0.0,0.0,0.0,1.0,0,0.0,0.0,3n-1m-2th-Ac-sp-mz,sequana_cpu_dev,3,11427205.0,1,2,A,sp-mz,4,4,400,128,128,16,638.2,440.96,1079.15,159.55,110.24,269.79,89.93,4.0, sdumont6165,5395.75
0.0,30,5,265348.0,3140.0,3130.666015625,265348.0,0.0,0.0,0.0,0.0,1.0,0,0.0,0.0,3n-1m-2th-Ac-sp-mz,sequana_cpu_dev,3,11427207.0,1,2,A,sp-mz,4,4,400,128,128,16,632.97,436.47,1069.44,158.24,109.12,267.36,89.12,4.0, sdumont6165,5347.200000000001
0.0,30,5,265348.0,3148.0,3144.0,265348.0,0.0,0.0,0.0,0.0,1.0,0,0.0,0.0,3n-1m-2th-Ac-sp-mz,sequana_cpu_dev,3,11427208.0,1,2,A,sp-mz,4,4,400,128,128,16,635.75,441.49,1077.24,158.94,110.37,269.31,89.77,4.0, sdumont6167,5386.2
0.0,90,15,265348.0,3132.0,3098.666015625,265348.0,0.0,0.0,0.0,0.0,1.0,0,0.0,0.0,3n-1m-2th-Bc-sp-mz,sequana_cpu_dev,3,11427222.0,1,2,B,sp-mz,8,8,400,304,208,17,2487.2,1647.18,4134.39,177.66,117.66,295.31,98.44,14.0, sdumont6165,62015.850000000006
0.0,90,15,265348.0,3120.0,3080.0,265348.0,0.0,0.0,0.0,0.0,1.0,0,0.0,0.0,3n-1m-2th-Bc-sp-mz,sequana_cpu_dev,3,11427223.0,1,2,B,sp-mz,8,8,400,304,208,17,2457.72,1647.94,4105.67,175.55,117.71,293.26,97.75,14.0, sdumont6167,61585.05
0.0,90,15,265348.0,3124.0,3080.0,265348.0,0.0,0.0,0.0,0.0,1.0,0,0.0,0.0,3n-1m-2th-Bc-sp-mz,sequana_cpu_dev,3,11427224.0,1,2,B,sp-mz,8,8,400,304,208,17,2477.95,1638.45,4116.4,177.0,117.03,294.03,98.01,14.0, sdumont6167,61745.99999999999
0.0,90,15,265348.0,3160.0,3137.3330078125,265348.0,0.0,0.0,0.0,0.0,1.0,0,0.0,0.0,3n-1m-2th-Bc-sp-mz,sequana_cpu_dev,3,11427226.0,1,2,B,sp-mz,8,8,400,304,208,17,2481.6,1646.57,4128.17,177.26,117.61,294.87,98.29,14.0, sdumont6166,61922.55
58.0,342,57,1406544.0,412972.0,410772.0,1550020.0,1239.04,4208.64,1239.04,4208.64,1.0,0,22.0,34.0,3n-1m-2th-Cc-sp-mz,sequana_cpu_dev,3,11427227.0,1,2,C,sp-mz,16,16,400,480,320,28,10248.83,6766.95,17015.78,186.34,123.04,309.38,103.13,55.0, sdumont6165,969899.46
58.0,342,57,1406538.666015625,412952.0,410889.3330078125,1550004.0,1239.04,4208.64,1239.04,4208.64,1.0,0,0.0,0.0,3n-1m-2th-Cc-sp-mz,sequana_cpu_dev,3,11427228.0,1,2,C,sp-mz,16,16,400,480,320,28,10283.28,6792.27,17075.55,186.97,123.5,310.46,103.49,55.0, sdumont6167,973306.35
58.0,336,56,1406538.666015625,412864.0,410804.0,1550004.0,1239.04,4208.64,1239.04,4208.64,1.0,0,0.0,0.0,3n-1m-2th-Cc-sp-mz,sequana_cpu_dev,3,11427230.0,1,2,C,sp-mz,16,16,400,480,320,28,10227.84,6746.2,16974.04,185.96,122.66,308.62,102.87,55.0, sdumont6167,950546.24
54.0,354,59,1631125.3330078125,413988.0,412288.0,1778132.0,1249.28,4208.64,1249.28,4208.64,1.0,0,88.0,265.0,3n-1m-2th-Cc-sp-mz,sequana_cpu_dev,3,11427231.0,1,2,C,sp-mz,16,16,400,480,320,28,10526.21,7038.83,17565.04,181.49,121.36,302.85,100.95,58.0, sdumont6166,1036337.3600000001
0.0,36,3,265348.0,3168.0,2442.666015625,265348.0,0.0,0.0,0.0,0.0,1.0,0,0.0,0.0,3n-1m-4th-Ac-sp-mz,sequana_cpu_dev,3,11427233.0,1,4,A,sp-mz,4,4,400,128,128,16,470.0,278.18,748.18,235.0,139.09,374.09,124.7,2.0, sdumont6166,2244.54
0.0,36,3,265348.0,3180.0,3129.3330078125,265348.0,0.0,0.0,0.0,0.0,1.0,0,0.0,0.0,3n-1m-4th-Ac-sp-mz,sequana_cpu_dev,3,11427234.0,1,4,A,sp-mz,4,4,400,128,128,16,468.8,277.46,746.26,234.4,138.73,373.13,124.38,2.0, sdumont6167,2238.7799999999997
0.0,48,4,265348.0,3160.0,1745.3330078125,265348.0,0.0,0.0,0.0,0.0,1.0,0,0.0,0.0,3n-1m-4th-Ac-sp-mz,sequana_cpu_dev,3,11427237.0,1,4,A,sp-mz,4,4,400,128,128,16,456.72,285.04,741.76,152.24,95.01,247.25,82.42,3.0, sdumont6165,2967.04
0.0,36,3,265348.0,3128.0,2426.666015625,265348.0,0.0,0.0,0.0,0.0,1.0,0,0.0,0.0,3n-1m-4th-Ac-sp-mz,sequana_cpu_dev,3,11427238.0,1,4,A,sp-mz,4,4,400,128,128,16,467.39,276.44,743.83,233.7,138.22,371.92,123.97,2.0, sdumont6166,2231.4900000000002
0.0,108,9,265348.0,3168.0,2452.0,265348.0,0.0,0.0,0.0,0.0,1.0,0,0.0,0.0,3n-1m-4th-Bc-sp-mz,sequana_cpu_dev,3,11427239.0,1,4,B,sp-mz,8,8,400,304,208,17,1599.55,892.78,2492.33,199.94,111.6,311.54,103.85,8.0, sdumont6166,22430.97
0.0,108,9,265348.0,3248.0,3169.3330078125,265348.0,0.0,0.0,0.0,0.0,0.0,0,0.0,0.0,3n-1m-4th-Bc-sp-mz,sequana_cpu_dev,3,11427240.0,1,4,B,sp-mz,8,8,400,304,208,17,1611.81,894.47,2506.28,201.48,111.81,313.28,104.43,8.0, sdumont6167,22556.52
0.0,144,12,265348.0,3140.0,3128.0,265348.0,0.0,0.0,0.0,0.0,1.0,0,0.0,0.0,3n-1m-4th-Bc-sp-mz,sequana_cpu_dev,3,11427242.0,1,4,B,sp-mz,8,8,400,304,208,17,1797.62,1040.14,2837.76,179.76,104.01,283.78,94.59,10.0, sdumont6193,34053.12
0.0,108,9,265348.0,3176.0,3114.666015625,265348.0,0.0,0.0,0.0,0.0,2.0,0,0.0,0.0,3n-1m-4th-Bc-sp-mz,sequana_cpu_dev,3,11427244.0,1,4,B,sp-mz,8,8,400,304,208,17,1640.26,868.23,2508.49,205.03,108.53,313.56,104.52,8.0, sdumont6194,22576.409999999996
117.0,384,32,1410652.0,412872.0,410820.0,1554128.0,1239.04,4208.64,1239.04,4208.64,1.0,0,42.0,51.0,3n-1m-4th-Cc-sp-mz,sequana_cpu_dev,3,11427247.0,1,4,C,sp-mz,16,16,400,480,320,28,6698.43,3628.49,10326.92,216.08,117.05,333.13,111.04,31.0, sdumont6165,330461.44
118.0,372,31,1410652.0,412728.0,410658.666015625,1554112.0,1239.04,4208.64,1239.04,4208.64,1.0,0,0.0,1.0,3n-1m-4th-Cc-sp-mz,sequana_cpu_dev,3,11427249.0,1,4,C,sp-mz,16,16,400,480,320,28,6708.52,3614.14,10322.65,223.62,120.47,344.09,114.7,30.0, sdumont6165,320002.14999999997
117.0,372,31,1410645.3330078125,412492.0,410613.3330078125,1554112.0,1239.04,4208.64,1239.04,4208.64,1.0,0,0.0,1.0,3n-1m-4th-Cc-sp-mz,sequana_cpu_dev,3,11427253.0,1,4,C,sp-mz,16,16,400,480,320,28,6714.95,3628.28,10343.23,223.83,120.94,344.77,114.92,30.0, sdumont6166,320640.13
106.0,420,35,1416174.666015625,414068.0,410680.0,1782240.0,1239.04,4208.64,1249.28,4208.64,1.0,0,133.0,361.0,3n-1m-4th-Cc-sp-mz,sequana_cpu_dev,3,11427256.0,1,4,C,sp-mz,16,16,400,480,320,28,7206.95,4027.07,11234.03,211.97,118.44,330.41,110.14,34.0, sdumont6168,393191.05000000005
0.0,108,6,265348.0,3220.0,3194.666015625,265348.0,0.0,0.0,0.0,0.0,1.0,0,0.0,0.0,3n-1m-6th-Ac-sp-mz,sequana_cpu_dev,3,11427260.0,1,6,A,sp-mz,4,4,400,128,128,16,580.19,456.13,1036.32,116.04,91.23,207.26,69.09,5.0, sdumont6166,6217.92
0.0,90,5,266046.666015625,3196.0,2465.3330078125,267444.0,0.0,0.0,0.0,0.0,1.0,0,0.0,0.0,3n-1m-6th-Ac-sp-mz,sequana_cpu_dev,3,11427263.0,1,6,A,sp-mz,4,4,400,128,128,16,488.71,364.1,852.81,162.9,121.37,284.27,94.76,3.0, sdumont6165,4264.049999999999
0.0,54,3,265348.0,3160.0,1745.3330078125,265348.0,0.0,0.0,0.0,0.0,0.0,0,0.0,0.0,3n-1m-6th-Ac-sp-mz,sequana_cpu_dev,3,11427267.0,1,6,A,sp-mz,4,4,400,128,128,16,237.82,134.47,372.29,118.91,67.24,186.15,62.05,2.0, sdumont6227,1116.8700000000001
0.0,54,3,265348.0,3116.0,2420.0,265348.0,0.0,0.0,0.0,0.0,1.0,0,0.0,0.0,3n-1m-6th-Ac-sp-mz,sequana_cpu_dev,3,11427271.0,1,6,A,sp-mz,4,4,400,128,128,16,225.63,137.54,363.17,112.82,68.77,181.59,60.53,2.0, sdumont6165,1089.51
0.0,126,7,265348.0,3124.0,1732.0,265348.0,0.0,0.0,0.0,0.0,1.0,0,0.0,0.0,3n-1m-6th-Bc-sp-mz,sequana_cpu_dev,3,11427272.0,1,6,B,sp-mz,8,8,400,304,208,17,1242.05,592.58,1834.63,207.01,98.76,305.77,101.92,6.0, sdumont6166,12842.41
0.0,126,7,265348.0,3076.0,1716.0,265348.0,0.0,0.0,0.0,0.0,1.0,0,0.0,0.0,3n-1m-6th-Bc-sp-mz,sequana_cpu_dev,3,11427275.0,1,6,B,sp-mz,8,8,400,304,208,17,1242.61,591.38,1833.99,207.1,98.56,305.66,101.89,6.0, sdumont6166,12837.93
0.0,126,7,265348.0,3140.0,1737.3330078125,265348.0,0.0,0.0,0.0,0.0,1.0,0,0.0,0.0,3n-1m-6th-Bc-sp-mz,sequana_cpu_dev,3,11427280.0,1,6,B,sp-mz,8,8,400,304,208,17,1245.66,589.58,1835.24,207.61,98.26,305.87,101.96,6.0, sdumont6166,12846.68
0.0,126,7,265348.0,3144.0,1740.0,265348.0,0.0,0.0,0.0,0.0,1.0,0,0.0,0.0,3n-1m-6th-Bc-sp-mz,sequana_cpu_dev,3,11427282.0,1,6,B,sp-mz,8,8,400,304,208,17,1243.96,596.66,1840.62,220.66,105.61,326.27,108.76,5.67, sdumont6167,12884.34
0.0,396,22,265348.0,3132.0,2422.666015625,265348.0,0.0,0.0,0.0,0.0,1.0,0,0.0,0.0,3n-1m-6th-Cc-sp-mz,sequana_cpu_dev,3,11427287.0,1,6,C,sp-mz,16,16,400,480,320,28,5627.12,2555.02,8182.14,267.96,121.67,389.63,129.88,21.0, sdumont6165,180007.08000000002
0.0,414,23,265348.0,3088.0,1718.666015625,265348.0,0.0,0.0,0.0,0.0,1.0,0,0.0,0.0,3n-1m-6th-Cc-sp-mz,sequana_cpu_dev,3,11427295.0,1,6,C,sp-mz,16,16,400,480,320,28,5581.65,2565.8,8147.46,253.71,116.63,370.34,123.45,22.0, sdumont6167,187391.58
0.0,396,22,265348.0,3160.0,1742.666015625,265348.0,0.0,0.0,0.0,0.0,2.0,0,0.0,0.0,3n-1m-6th-Cc-sp-mz,sequana_cpu_dev,3,11427300.0,1,6,C,sp-mz,16,16,400,480,320,28,5619.66,2563.6,8183.26,267.6,122.08,389.68,129.89,21.0, sdumont6167,180031.72
0.0,396,22,265348.0,3052.0,1708.0,265348.0,0.0,0.0,0.0,0.0,1.0,0,0.0,0.0,3n-1m-6th-Cc-sp-mz,sequana_cpu_dev,3,11427305.0,1,6,C,sp-mz,16,16,400,480,320,28,5628.4,2566.64,8195.04,268.02,122.22,390.24,130.08,21.0, sdumont6165,180290.88
0.0,72,3,265348.0,3128.0,1734.666015625,265348.0,0.0,0.0,0.0,0.0,1.0,0,0.0,0.0,3n-1m-8th-Ac-sp-mz,sequana_cpu_dev,3,11427310.0,1,8,A,sp-mz,4,4,400,128,128,16,280.57,139.72,420.3,140.29,69.86,210.15,70.05,2.0, sdumont6165,1260.9
0.0,72,3,265348.0,3052.0,1709.3330078125,265348.0,0.0,0.0,0.0,0.0,1.0,0,0.0,0.0,3n-1m-8th-Ac-sp-mz,sequana_cpu_dev,3,11427315.0,1,8,A,sp-mz,4,4,400,128,128,16,273.42,137.33,410.75,136.71,68.67,205.38,68.46,2.0, sdumont6165,1232.25
0.0,72,3,265348.0,1040.0,1036.0,265348.0,0.0,0.0,0.0,0.0,1.0,0,0.0,0.0,3n-1m-8th-Ac-sp-mz,sequana_cpu_dev,3,11427317.0,1,8,A,sp-mz,4,4,400,128,128,16,273.57,137.28,410.85,136.78,68.64,205.42,68.47,2.0, sdumont6165,1232.5500000000002
0.0,72,3,265348.0,1040.0,1036.0,265348.0,0.0,0.0,0.0,0.0,2.0,0,0.0,0.0,3n-1m-8th-Ac-sp-mz,sequana_cpu_dev,3,11427321.0,1,8,A,sp-mz,4,4,400,128,128,16,276.4,139.59,415.98,138.2,69.79,207.99,69.33,2.0, sdumont6167,1247.94
0.0,216,9,265348.0,1040.0,1038.666015625,265348.0,0.0,0.0,0.0,0.0,3.0,0,0.0,0.0,3n-1m-8th-Bc-sp-mz,sequana_cpu_dev,3,11427324.0,1,8,B,sp-mz,8,8,400,304,208,17,1418.81,774.82,2193.63,177.35,96.85,274.2,91.4,8.0, sdumont6165,19742.670000000002
0.0,144,6,265348.0,1040.0,1037.3330078125,265348.0,0.0,0.0,0.0,0.0,1.0,0,0.0,0.0,3n-1m-8th-Bc-sp-mz,sequana_cpu_dev,3,11427329.0,1,8,B,sp-mz,8,8,400,304,208,17,1052.15,443.81,1495.96,210.43,88.76,299.19,99.73,5.0, sdumont6165,8975.76
0.0,240,10,265348.0,1040.0,1037.3330078125,265348.0,0.0,0.0,0.0,0.0,1.0,0,0.0,0.0,3n-1m-8th-Bc-sp-mz,sequana_cpu_dev,3,11427336.0,1,8,B,sp-mz,8,8,400,304,208,17,1683.45,928.04,2611.49,187.05,103.12,290.17,96.72,9.0, sdumont6167,26114.899999999998
0.0,144,6,265348.0,1036.0,1036.0,265348.0,0.0,0.0,0.0,0.0,1.0,0,0.0,0.0,3n-1m-8th-Bc-sp-mz,sequana_cpu_dev,3,11427339.0,1,8,B,sp-mz,8,8,400,304,208,17,1045.17,448.0,1493.17,209.03,89.6,298.63,99.54,5.0, sdumont6166,8959.02
0.0,432,18,265348.0,1040.0,1036.0,265348.0,0.0,0.0,0.0,0.0,1.0,0,0.0,0.0,3n-1m-8th-Cc-sp-mz,sequana_cpu_dev,3,11427342.0,1,8,C,sp-mz,16,16,400,480,320,28,4972.72,1970.34,6943.06,292.51,115.9,408.42,136.14,17.0, sdumont6165,124975.08
0.0,432,18,265348.0,1036.0,1033.3330078125,265348.0,0.0,0.0,0.0,0.0,1.0,0,0.0,0.0,3n-1m-8th-Cc-sp-mz,sequana_cpu_dev,3,11427346.0,1,8,C,sp-mz,16,16,400,480,320,28,4957.97,1969.42,6927.39,291.65,115.85,407.49,135.83,17.0, sdumont6165,124693.02
0.0,456,19,265348.0,3116.0,1728.0,265348.0,0.0,0.0,0.0,0.0,1.0,0,0.0,0.0,3n-1m-8th-Cc-sp-mz,sequana_cpu_dev,3,11427358.0,1,8,C,sp-mz,16,16,400,480,320,28,4936.3,1986.23,6922.53,274.24,110.35,384.59,128.2,18.0, sdumont6166,131528.07
0.0,432,18,265348.0,1040.0,1037.3330078125,265348.0,0.0,0.0,0.0,0.0,1.0,0,0.0,0.0,3n-1m-8th-Cc-sp-mz,sequana_cpu_dev,3,11427366.0,1,8,C,sp-mz,16,16,400,480,320,28,5285.09,2100.02,7385.11,310.89,123.53,434.42,144.81,17.0, sdumont6166,132931.97999999998
0.0,60,2,265348.0,1040.0,1037.3330078125,265348.0,0.0,0.0,0.0,0.0,1.0,0,0.0,0.0,3n-1m-10th-Ac-sp-mz,sequana_cpu_dev,3,11427367.0,1,10,A,sp-mz,4,4,400,128,128,16,306.19,137.64,443.83,306.19,137.64,443.83,147.94,1.0, sdumont6166,887.66
0.0,60,2,265348.0,1036.0,1034.666015625,265348.0,0.0,0.0,0.0,0.0,1.0,0,0.0,0.0,3n-1m-10th-Ac-sp-mz,sequana_cpu_dev,3,11427369.0,1,10,A,sp-mz,4,4,400,128,128,16,301.39,138.76,440.15,301.39,138.76,440.15,146.72,1.0, sdumont6165,880.3
0.0,60,2,265348.0,1036.0,1033.3330078125,265348.0,0.0,0.0,0.0,0.0,1.0,0,0.0,0.0,3n-1m-10th-Ac-sp-mz,sequana_cpu_dev,3,11427370.0,1,10,A,sp-mz,4,4,400,128,128,16,304.81,136.68,441.49,304.81,136.68,441.49,147.16,1.0, sdumont6167,882.98
0.0,90,3,265348.0,1036.0,1034.666015625,265348.0,0.0,0.0,0.0,0.0,1.0,0,0.0,0.0,3n-1m-10th-Ac-sp-mz,sequana_cpu_dev,3,11427372.0,1,10,A,sp-mz,4,4,400,128,128,16,297.18,137.64,434.81,297.18,137.64,434.81,144.94,1.0, sdumont6167,1304.43
0.0,150,5,265348.0,1040.0,1037.3330078125,265348.0,0.0,0.0,0.0,0.0,1.0,0,0.0,0.0,3n-1m-10th-Bc-sp-mz,sequana_cpu_dev,3,11427374.0,1,10,B,sp-mz,8,8,400,304,208,17,1168.72,445.29,1614.0,292.18,111.32,403.5,134.5,4.0, sdumont6165,8070.0
0.0,150,5,265348.0,1040.0,1036.0,265348.0,0.0,0.0,0.0,0.0,4.0,0,0.0,0.0,3n-1m-10th-Bc-sp-mz,sequana_cpu_dev,3,11427375.0,1,10,B,sp-mz,8,8,400,304,208,17,1181.04,441.53,1622.57,295.26,110.38,405.64,135.21,4.0, sdumont6165,8112.849999999999
0.0,150,5,265348.0,3144.0,1738.666015625,265348.0,0.0,0.0,0.0,0.0,1.0,0,0.0,0.0,3n-1m-10th-Bc-sp-mz,sequana_cpu_dev,3,11427376.0,1,10,B,sp-mz,8,8,400,304,208,17,1184.41,445.15,1629.56,296.1,111.29,407.39,135.8,4.0, sdumont6167,8147.799999999999
0.0,150,5,265348.0,3140.0,1737.3330078125,265348.0,0.0,0.0,0.0,0.0,1.0,0,0.0,0.0,3n-1m-10th-Bc-sp-mz,sequana_cpu_dev,3,11427377.0,1,10,B,sp-mz,8,8,400,304,208,17,1190.46,444.88,1635.33,297.61,111.22,408.83,136.28,4.0, sdumont6167,8176.65
0.0,480,16,265348.0,3144.0,1740.0,265348.0,0.0,0.0,0.0,0.0,1.0,0,0.0,0.0,3n-1m-10th-Cc-sp-mz,sequana_cpu_dev,3,11427380.0,1,10,C,sp-mz,16,16,400,480,320,28,5046.42,1781.01,6827.43,336.43,118.73,455.16,151.72,15.0, sdumont6165,109238.88
0.0,480,16,265348.0,1036.0,1033.3330078125,265348.0,0.0,0.0,0.0,0.0,1.0,0,0.0,0.0,3n-1m-10th-Cc-sp-mz,sequana_cpu_dev,3,11427382.0,1,10,C,sp-mz,16,16,400,480,320,28,4739.69,1665.47,6405.16,338.55,118.96,457.51,152.5,14.0, sdumont6166,102482.56
0.0,480,16,265348.0,3112.0,1728.0,265348.0,0.0,0.0,0.0,0.0,1.0,0,0.0,0.0,3n-1m-10th-Cc-sp-mz,sequana_cpu_dev,3,11427383.0,1,10,C,sp-mz,16,16,400,480,320,28,4733.38,1666.67,6400.04,315.56,111.11,426.67,142.22,15.0, sdumont6165,102400.64
0.0,570,19,265348.0,3112.0,2410.666015625,265348.0,0.0,0.0,0.0,0.0,1.0,0,0.0,0.0,3n-1m-10th-Cc-sp-mz,sequana_cpu_dev,3,11427385.0,1,10,C,sp-mz,16,16,400,480,320,28,5403.84,2149.15,7553.0,300.21,119.4,419.61,139.87,18.0, sdumont6167,143507.0
0.0,108,3,265348.0,3240.0,1769.3330078125,265348.0,0.0,0.0,0.0,0.0,1.0,0,0.0,0.0,3n-1m-12th-Ac-sp-mz,sequana_cpu_dev,3,11427386.0,1,12,A,sp-mz,4,4,400,128,128,16,300.9,139.76,440.66,300.9,139.76,440.66,146.89,1.0, sdumont6166,1321.98
0.0,72,2,265348.0,3056.0,1708.0,265348.0,0.0,0.0,0.0,0.0,1.0,0,0.0,0.0,3n-1m-12th-Ac-sp-mz,sequana_cpu_dev,3,11427387.0,1,12,A,sp-mz,4,4,400,128,128,16,317.03,136.16,453.19,317.03,136.16,453.19,151.06,1.0, sdumont6166,906.38
0.0,72,2,265348.0,3128.0,1734.666015625,265348.0,0.0,0.0,0.0,0.0,1.0,0,0.0,0.0,3n-1m-12th-Ac-sp-mz,sequana_cpu_dev,3,11427388.0,1,12,A,sp-mz,4,4,400,128,128,16,317.38,136.5,453.88,317.38,136.5,453.88,151.29,1.0, sdumont6165,907.76
0.0,108,3,265348.0,1032.0,1032.0,265348.0,0.0,0.0,0.0,0.0,0.0,0,0.0,0.0,3n-1m-12th-Ac-sp-mz,sequana_cpu_dev,3,11427389.0,1,12,A,sp-mz,4,4,400,128,128,16,316.52,137.55,454.07,316.52,137.55,454.07,151.36,1.0, sdumont6167,1362.21
0.0,144,4,265348.0,1040.0,1038.666015625,265348.0,0.0,0.0,0.0,0.0,1.0,0,0.0,0.0,3n-1m-12th-Bc-sp-mz,sequana_cpu_dev,3,11427391.0,1,12,B,sp-mz,8,8,400,304,208,17,1202.31,437.5,1639.81,400.77,145.83,546.6,182.2,3.0, sdumont6168,6559.24
0.0,180,5,265348.0,1036.0,1034.666015625,265348.0,0.0,0.0,0.0,0.0,0.0,0,0.0,0.0,3n-1m-12th-Bc-sp-mz,sequana_cpu_dev,3,11427392.0,1,12,B,sp-mz,8,8,400,304,208,17,1202.07,431.92,1633.99,400.69,143.97,544.66,181.55,3.0, sdumont6168,8169.95
0.0,180,5,265348.0,1040.0,1036.0,265348.0,0.0,0.0,0.0,0.0,1.0,0,0.0,0.0,3n-1m-12th-Bc-sp-mz,sequana_cpu_dev,3,11427393.0,1,12,B,sp-mz,8,8,400,304,208,17,1206.73,443.61,1650.34,369.18,136.68,505.86,168.62,3.33, sdumont6166,8251.699999999999
0.0,180,5,265348.0,1036.0,1033.3330078125,265348.0,0.0,0.0,0.0,0.0,1.0,0,0.0,0.0,3n-1m-12th-Bc-sp-mz,sequana_cpu_dev,3,11427394.0,1,12,B,sp-mz,8,8,400,304,208,17,1193.81,434.0,1627.81,365.17,133.66,498.82,166.27,3.33, sdumont6166,8139.049999999999
0.0,504,14,265348.0,3152.0,1740.0,265348.0,0.0,0.0,0.0,0.0,1.0,0,0.0,0.0,3n-1m-12th-Cc-sp-mz,sequana_cpu_dev,3,11427395.0,1,12,C,sp-mz,16,16,400,480,320,28,4470.17,1513.96,5984.12,343.86,116.46,460.32,153.44,13.0, sdumont6167,83777.68
0.0,504,14,265348.0,3116.0,1729.3330078125,265348.0,0.0,0.0,0.0,0.0,1.0,0,0.0,0.0,3n-1m-12th-Cc-sp-mz,sequana_cpu_dev,3,11427397.0,1,12,C,sp-mz,16,16,400,480,320,28,4467.18,1513.08,5980.26,343.63,116.39,460.02,153.34,13.0, sdumont6167,83723.64
0.0,504,14,265348.0,3064.0,1712.0,265348.0,0.0,0.0,0.0,0.0,1.0,0,0.0,0.0,3n-1m-12th-Cc-sp-mz,sequana_cpu_dev,3,11427398.0,1,12,C,sp-mz,16,16,400,480,320,28,4462.08,1506.94,5969.01,343.24,115.92,459.15,153.05,13.0, sdumont6166,83566.14
0.0,504,14,265348.0,1040.0,1038.666015625,265348.0,0.0,0.0,0.0,0.0,1.0,0,0.0,0.0,3n-1m-12th-Cc-sp-mz,sequana_cpu_dev,3,11427399.0,1,12,C,sp-mz,16,16,400,480,320,28,4486.09,1505.78,5991.87,345.08,115.83,460.91,153.64,13.0, sdumont6166,83886.18
0.0,84,2,265348.0,1036.0,1033.3330078125,265348.0,0.0,0.0,0.0,0.0,1.0,0,0.0,0.0,3n-1m-14th-Ac-sp-mz,sequana_cpu_dev,3,11427400.0,1,14,A,sp-mz,4,4,400,128,128,16,322.17,131.97,454.14,322.17,131.97,454.14,151.38,1.0, sdumont6165,908.28
0.0,84,2,265348.0,1040.0,1040.0,265348.0,0.0,0.0,0.0,0.0,1.0,0,0.0,0.0,3n-1m-14th-Ac-sp-mz,sequana_cpu_dev,3,11427401.0,1,14,A,sp-mz,4,4,400,128,128,16,320.2,133.8,454.0,320.2,133.8,454.0,151.33,1.0, sdumont6167,908.0
0.0,84,2,265348.0,1040.0,1037.3330078125,265348.0,0.0,0.0,0.0,0.0,1.0,0,0.0,0.0,3n-1m-14th-Ac-sp-mz,sequana_cpu_dev,3,11427402.0,1,14,A,sp-mz,4,4,400,128,128,16,318.62,128.97,447.59,318.62,128.97,447.59,149.2,1.0, sdumont6166,895.18
0.0,126,3,265348.0,3172.0,1749.3330078125,265348.0,0.0,0.0,0.0,0.0,1.0,0,0.0,0.0,3n-1m-14th-Ac-sp-mz,sequana_cpu_dev,3,11427403.0,1,14,A,sp-mz,4,4,400,128,128,16,313.99,128.0,441.98,313.99,128.0,441.98,147.33,1.0, sdumont6167,1325.94
0.0,210,5,265348.0,1036.0,1033.3330078125,265348.0,0.0,0.0,0.0,0.0,1.0,0,0.0,0.0,3n-1m-14th-Bc-sp-mz,sequana_cpu_dev,3,11427404.0,1,14,B,sp-mz,8,8,400,304,208,17,795.97,289.5,1085.47,198.99,72.38,271.37,90.46,4.0, sdumont6167,5427.35
0.0,210,5,265348.0,3184.0,2464.0,265348.0,0.0,0.0,0.0,0.0,1.0,0,0.0,0.0,3n-1m-14th-Bc-sp-mz,sequana_cpu_dev,3,11427405.0,1,14,B,sp-mz,8,8,400,304,208,17,810.74,288.98,1099.72,202.68,72.25,274.93,91.64,4.0, sdumont6166,5498.6
0.0,210,5,265348.0,1036.0,1034.666015625,265348.0,0.0,0.0,0.0,0.0,1.0,0,0.0,0.0,3n-1m-14th-Bc-sp-mz,sequana_cpu_dev,3,11427406.0,1,14,B,sp-mz,8,8,400,304,208,17,809.46,291.44,1100.9,202.36,72.86,275.23,91.74,4.0, sdumont6167,5504.5
0.0,210,5,265348.0,1040.0,1037.3330078125,265348.0,0.0,0.0,0.0,0.0,4.0,0,0.0,0.0,3n-1m-14th-Bc-sp-mz,sequana_cpu_dev,3,11427407.0,1,14,B,sp-mz,8,8,400,304,208,17,815.56,291.46,1107.02,203.89,72.86,276.76,92.25,4.0, sdumont6166,5535.1
0.0,546,13,265348.0,1036.0,1034.666015625,265348.0,0.0,0.0,0.0,0.0,1.0,0,0.0,0.0,3n-1m-14th-Cc-sp-mz,sequana_cpu_dev,3,11427408.0,1,14,C,sp-mz,16,16,400,480,320,28,4633.52,1497.61,6131.14,386.13,124.8,510.93,170.31,12.0, sdumont6166,79704.82
0.0,588,14,265348.0,1040.0,1036.0,265348.0,0.0,0.0,0.0,0.0,0.0,0,0.0,0.0,3n-1m-14th-Cc-sp-mz,sequana_cpu_dev,3,11427409.0,1,14,C,sp-mz,16,16,400,480,320,28,4649.93,1500.29,6150.21,387.49,125.02,512.52,170.84,12.0, sdumont6166,86102.94
0.0,546,13,265348.0,3236.0,2482.666015625,265348.0,0.0,0.0,0.0,0.0,1.0,0,0.0,0.0,3n-1m-14th-Cc-sp-mz,sequana_cpu_dev,3,11427411.0,1,14,C,sp-mz,16,16,400,480,320,28,4483.58,1454.55,5938.13,373.63,121.21,494.84,164.95,12.0, sdumont6166,77195.69
0.0,546,13,265348.0,1040.0,1038.666015625,265348.0,0.0,0.0,0.0,0.0,1.0,0,0.0,0.0,3n-1m-14th-Cc-sp-mz,sequana_cpu_dev,3,11427412.0,1,14,C,sp-mz,16,16,400,480,320,28,4642.54,1500.88,6143.41,386.88,125.07,511.95,170.65,12.0, sdumont6165,79864.33
0.0,288,6,265348.0,1036.0,1034.666015625,265348.0,0.0,0.0,0.0,0.0,1.0,0,0.0,0.0,3n-1m-16th-Ac-sp-mz,sequana_cpu_dev,3,11427414.0,1,16,A,sp-mz,4,4,400,128,128,16,688.31,470.34,1158.65,162.35,110.48,272.83,90.94,4.33, sdumont6167,6951.900000000001
0.0,144,3,265348.0,3180.0,1750.666015625,265348.0,0.0,0.0,0.0,0.0,1.0,0,0.0,0.0,3n-1m-16th-Ac-sp-mz,sequana_cpu_dev,3,11427415.0,1,16,A,sp-mz,4,4,400,128,128,16,313.44,128.35,441.78,313.44,128.35,441.78,147.26,1.0, sdumont6168,1325.34
0.0,144,3,265348.0,3136.0,1737.3330078125,265348.0,0.0,0.0,0.0,0.0,1.0,0,0.0,0.0,3n-1m-16th-Ac-sp-mz,sequana_cpu_dev,3,11427416.0,1,16,A,sp-mz,4,4,400,128,128,16,320.48,131.09,451.56,320.48,131.09,451.56,150.52,1.0, sdumont6166,1354.68
0.0,144,3,265348.0,1040.0,1037.3330078125,265348.0,0.0,0.0,0.0,0.0,1.0,0,0.0,0.0,3n-1m-16th-Ac-sp-mz,sequana_cpu_dev,3,11427417.0,1,16,A,sp-mz,4,4,400,128,128,16,316.89,131.22,448.11,316.89,131.22,448.11,149.37,1.0, sdumont6168,1344.33
0.0,192,4,265348.0,1040.0,1036.0,265348.0,0.0,0.0,0.0,0.0,1.0,0,0.0,0.0,3n-1m-16th-Bc-sp-mz,sequana_cpu_dev,3,11427418.0,1,16,B,sp-mz,8,8,400,304,208,17,826.87,293.1,1119.97,275.62,97.7,373.32,124.44,3.0, sdumont6167,4479.88
0.0,240,5,265348.0,1036.0,1033.3330078125,265348.0,0.0,0.0,0.0,0.0,1.0,0,0.0,0.0,3n-1m-16th-Bc-sp-mz,sequana_cpu_dev,3,11427419.0,1,16,B,sp-mz,8,8,400,304,208,17,826.24,292.81,1119.05,275.41,97.6,373.02,124.34,3.0, sdumont6167,5595.25
0.0,240,5,265348.0,1040.0,1036.0,265348.0,0.0,0.0,0.0,0.0,1.0,0,0.0,0.0,3n-1m-16th-Bc-sp-mz,sequana_cpu_dev,3,11427421.0,1,16,B,sp-mz,8,8,400,304,208,17,825.26,292.17,1117.43,250.64,88.65,339.29,113.1,3.33, sdumont6166,5587.150000000001
0.0,240,5,265348.0,3000.0,1689.3330078125,265348.0,0.0,0.0,0.0,0.0,0.0,0,0.0,0.0,3n-1m-16th-Bc-sp-mz,sequana_cpu_dev,3,11427422.0,1,16,B,sp-mz,8,8,400,304,208,17,808.22,291.4,1099.62,202.05,72.85,274.91,91.64,4.0, sdumont6165,5498.099999999999
0.0,624,13,265348.0,3132.0,1733.3330078125,265348.0,0.0,0.0,0.0,0.0,1.0,0,0.0,0.0,3n-1m-16th-Cc-sp-mz,sequana_cpu_dev,3,11427423.0,1,16,C,sp-mz,16,16,400,480,320,28,4230.64,1362.86,5593.5,352.55,113.57,466.13,155.38,12.0, sdumont6165,72715.5
0.0,624,13,265348.0,3004.0,2345.3330078125,265348.0,0.0,0.0,0.0,0.0,1.0,0,0.0,0.0,3n-1m-16th-Cc-sp-mz,sequana_cpu_dev,3,11427424.0,1,16,C,sp-mz,16,16,400,480,320,28,4227.15,1361.13,5588.27,352.26,113.43,465.69,155.23,12.0, sdumont6167,72647.51000000001
0.0,624,13,265348.0,1036.0,1034.666015625,265348.0,0.0,0.0,0.0,0.0,1.0,0,0.0,0.0,3n-1m-16th-Cc-sp-mz,sequana_cpu_dev,3,11427425.0,1,16,C,sp-mz,16,16,400,480,320,28,4251.23,1348.11,5599.34,354.27,112.34,466.61,155.54,12.0, sdumont6167,72791.42
0.0,624,13,265348.0,1040.0,1038.666015625,265348.0,0.0,0.0,0.0,0.0,1.0,0,0.0,0.0,3n-1m-16th-Cc-sp-mz,sequana_cpu_dev,3,11427426.0,1,16,C,sp-mz,16,16,400,480,320,28,4258.04,1356.05,5614.09,354.84,113.0,467.84,155.95,12.0, sdumont6165,72983.17
0.0,162,3,265348.0,3092.0,2386.666015625,265348.0,0.0,0.0,0.0,0.0,1.0,0,0.0,0.0,3n-1m-18th-Ac-sp-mz,sequana_cpu_dev,3,11427428.0,1,18,A,sp-mz,4,4,400,128,128,16,314.4,128.63,443.03,314.4,128.63,443.03,147.68,1.0, sdumont6167,1329.09
0.0,162,3,265348.0,1036.0,1036.0,265348.0,0.0,0.0,0.0,0.0,1.0,0,0.0,0.0,3n-1m-18th-Ac-sp-mz,sequana_cpu_dev,3,11427429.0,1,18,A,sp-mz,4,4,400,128,128,16,313.43,128.8,442.23,313.43,128.8,442.23,147.41,1.0, sdumont6167,1326.69
0.0,162,3,265348.0,3136.0,1737.3330078125,265348.0,0.0,0.0,0.0,0.0,1.0,0,0.0,0.0,3n-1m-18th-Ac-sp-mz,sequana_cpu_dev,3,11427430.0,1,18,A,sp-mz,4,4,400,128,128,16,314.45,125.48,439.92,314.45,125.48,439.92,146.64,1.0, sdumont6167,1319.76
0.0,108,2,265348.0,1040.0,1037.3330078125,265348.0,0.0,0.0,0.0,0.0,1.0,0,0.0,0.0,3n-1m-18th-Ac-sp-mz,sequana_cpu_dev,3,11427431.0,1,18,A,sp-mz,4,4,400,128,128,16,314.83,126.63,441.46,314.83,126.63,441.46,147.15,1.0, sdumont6167,882.92
0.0,216,4,265348.0,3164.0,2416.0,265348.0,0.0,0.0,0.0,0.0,1.0,0,0.0,0.0,3n-1m-18th-Bc-sp-mz,sequana_cpu_dev,3,11427432.0,1,18,B,sp-mz,8,8,400,304,208,17,842.25,293.1,1135.35,280.75,97.7,378.45,126.15,3.0, sdumont6167,4541.4
0.0,216,4,265348.0,3156.0,1742.666015625,265348.0,0.0,0.0,0.0,0.0,0.0,0,0.0,0.0,3n-1m-18th-Bc-sp-mz,sequana_cpu_dev,3,11427433.0,1,18,B,sp-mz,8,8,400,304,208,17,845.81,291.63,1137.43,281.94,97.21,379.14,126.38,3.0, sdumont6166,4549.72
0.0,216,4,265348.0,1036.0,1033.3330078125,265348.0,0.0,0.0,0.0,0.0,1.0,0,0.0,0.0,3n-1m-18th-Bc-sp-mz,sequana_cpu_dev,3,11427434.0,1,18,B,sp-mz,8,8,400,304,208,17,845.39,292.59,1137.98,281.8,97.53,379.33,126.44,3.0, sdumont6166,4551.92
0.0,216,4,265348.0,3112.0,2404.0,265348.0,0.0,0.0,0.0,0.0,1.0,0,0.0,0.0,3n-1m-18th-Bc-sp-mz,sequana_cpu_dev,3,11427435.0,1,18,B,sp-mz,8,8,400,304,208,17,844.53,291.83,1136.36,281.51,97.28,378.79,126.26,3.0, sdumont6167,4545.44
0.0,702,13,265348.0,3028.0,1698.666015625,265348.0,0.0,0.0,0.0,0.0,1.0,0,0.0,0.0,3n-1m-18th-Cc-sp-mz,sequana_cpu_dev,3,11427436.0,1,18,C,sp-mz,16,16,400,480,320,28,4365.26,1355.39,5720.65,363.77,112.95,476.72,158.91,12.0, sdumont6167,74368.45
0.0,702,13,265348.0,3132.0,2425.3330078125,265348.0,0.0,0.0,0.0,0.0,1.0,0,0.0,0.0,3n-1m-18th-Cc-sp-mz,sequana_cpu_dev,3,11427437.0,1,18,C,sp-mz,16,16,400,480,320,28,4384.61,1369.99,5754.59,365.38,114.17,479.55,159.85,12.0, sdumont6165,74809.67
0.0,702,13,265348.0,3240.0,2450.666015625,265348.0,0.0,0.0,0.0,0.0,1.0,0,0.0,0.0,3n-1m-18th-Cc-sp-mz,sequana_cpu_dev,3,11427439.0,1,18,C,sp-mz,16,16,400,480,320,28,4395.23,1362.41,5757.64,366.27,113.53,479.8,159.93,12.0, sdumont6165,74849.32
0.0,702,13,265348.0,3128.0,2386.666015625,265348.0,0.0,0.0,0.0,0.0,2.0,0,0.0,0.0,3n-1m-18th-Cc-sp-mz,sequana_cpu_dev,3,11427440.0,1,18,C,sp-mz,16,16,400,480,320,28,4361.11,1363.97,5725.08,363.43,113.66,477.09,159.03,12.0, sdumont6166,74426.04
0.0,120,2,265348.0,3084.0,1718.666015625,265348.0,0.0,0.0,0.0,0.0,1.0,0,0.0,0.0,3n-1m-20th-Ac-sp-mz,sequana_cpu_dev,3,11427441.0,1,20,A,sp-mz,4,4,400,128,128,16,315.54,126.61,442.15,315.54,126.61,442.15,147.38,1.0, sdumont6165,884.3
0.0,120,2,265348.0,3052.0,1709.3330078125,265348.0,0.0,0.0,0.0,0.0,1.0,0,0.0,0.0,3n-1m-20th-Ac-sp-mz,sequana_cpu_dev,3,11427443.0,1,20,A,sp-mz,4,4,400,128,128,16,314.09,125.86,439.95,314.09,125.86,439.95,146.65,1.0, sdumont6166,879.9
0.0,120,2,265348.0,3052.0,1708.0,265348.0,0.0,0.0,0.0,0.0,1.0,0,0.0,0.0,3n-1m-20th-Ac-sp-mz,sequana_cpu_dev,3,11427444.0,1,20,A,sp-mz,4,4,400,128,128,16,309.81,125.27,435.08,309.81,125.27,435.08,145.03,1.0, sdumont6166,870.16
0.0,180,3,265348.0,1036.0,1034.666015625,265348.0,0.0,0.0,0.0,0.0,1.0,0,0.0,0.0,3n-1m-20th-Ac-sp-mz,sequana_cpu_dev,3,11427445.0,1,20,A,sp-mz,4,4,400,128,128,16,310.76,126.15,436.91,310.76,126.15,436.91,145.64,1.0, sdumont6165,1310.73
0.0,240,4,265348.0,1036.0,1036.0,265348.0,0.0,0.0,0.0,0.0,1.0,0,0.0,0.0,3n-1m-20th-Bc-sp-mz,sequana_cpu_dev,3,11427446.0,1,20,B,sp-mz,8,8,400,304,208,17,845.9,293.89,1139.79,281.97,97.96,379.93,126.64,3.0, sdumont6165,4559.16
0.0,240,4,265348.0,1040.0,1037.3330078125,265348.0,0.0,0.0,0.0,0.0,1.0,0,0.0,0.0,3n-1m-20th-Bc-sp-mz,sequana_cpu_dev,3,11427447.0,1,20,B,sp-mz,8,8,400,304,208,17,861.17,296.11,1157.28,287.06,98.7,385.76,128.59,3.0, sdumont6167,4629.12
0.0,540,9,265348.0,3172.0,2438.666015625,265348.0,0.0,0.0,0.0,0.0,0.0,0,0.0,0.0,3n-1m-20th-Bc-sp-mz,sequana_cpu_dev,3,11427450.0,1,20,B,sp-mz,8,8,400,304,208,17,1305.77,647.21,1952.98,186.54,92.46,279.0,93.0,7.0, sdumont6230,17576.82
0.0,300,5,265348.0,3220.0,2457.3330078125,265348.0,0.0,0.0,0.0,0.0,1.0,0,0.0,0.0,3n-1m-20th-Bc-sp-mz,sequana_cpu_dev,3,11427451.0,1,20,B,sp-mz,8,8,400,304,208,17,834.27,277.5,1111.78,278.09,92.5,370.59,123.53,3.0, sdumont6230,5558.9
0.0,780,13,265348.0,1036.0,1034.666015625,265348.0,0.0,0.0,0.0,0.0,1.0,0,0.0,0.0,3n-1m-20th-Cc-sp-mz,sequana_cpu_dev,3,11427452.0,1,20,C,sp-mz,16,16,400,480,320,28,4235.77,1317.92,5553.68,363.8,113.02,476.82,158.94,11.67, sdumont6165,72197.84
0.0,720,12,265348.0,1036.0,1036.0,265348.0,0.0,0.0,0.0,0.0,0.0,0,0.0,0.0,3n-1m-20th-Cc-sp-mz,sequana_cpu_dev,3,11427453.0,1,20,C,sp-mz,16,16,400,480,320,28,4250.6,1308.65,5559.24,386.42,118.97,505.39,168.46,11.0, sdumont6167,66710.88
0.0,780,13,265348.0,1036.0,1034.666015625,265348.0,0.0,0.0,0.0,0.0,1.0,0,0.0,0.0,3n-1m-20th-Cc-sp-mz,sequana_cpu_dev,3,11427454.0,1,20,C,sp-mz,16,16,400,480,320,28,4404.79,1363.34,5768.13,400.44,123.94,524.38,174.79,11.0, sdumont6167,74985.69
0.0,780,13,265348.0,1036.0,1036.0,265348.0,0.0,0.0,0.0,0.0,1.0,0,0.0,0.0,3n-1m-20th-Cc-sp-mz,sequana_cpu_dev,3,11427455.0,1,20,C,sp-mz,16,16,400,480,320,28,4383.06,1366.3,5749.36,365.26,113.86,479.11,159.7,12.0, sdumont6167,74741.68
0.0,132,2,265348.0,1036.0,1033.3330078125,265348.0,0.0,0.0,0.0,0.0,1.0,0,0.0,0.0,3n-1m-22th-Ac-sp-mz,sequana_cpu_dev,3,11427456.0,1,22,A,sp-mz,4,4,400,128,128,16,315.4,126.78,442.18,315.4,126.78,442.18,147.39,1.0, sdumont6167,884.36
0.0,132,2,265348.0,3080.0,1716.0,265348.0,0.0,0.0,0.0,0.0,1.0,0,0.0,0.0,3n-1m-22th-Ac-sp-mz,sequana_cpu_dev,3,11427457.0,1,22,A,sp-mz,4,4,400,128,128,16,313.83,126.44,440.26,313.83,126.44,440.26,146.75,1.0, sdumont6165,880.52
0.0,198,3,265348.0,3064.0,1710.666015625,265348.0,0.0,0.0,0.0,0.0,1.0,0,0.0,0.0,3n-1m-22th-Ac-sp-mz,sequana_cpu_dev,3,11427458.0,1,22,A,sp-mz,4,4,400,128,128,16,316.96,125.72,442.69,316.96,125.72,442.69,147.56,1.0, sdumont6166,1328.07
0.0,132,2,265348.0,2996.0,1688.0,265348.0,0.0,0.0,0.0,0.0,1.0,0,0.0,0.0,3n-1m-22th-Ac-sp-mz,sequana_cpu_dev,3,11427459.0,1,22,A,sp-mz,4,4,400,128,128,16,317.12,127.2,444.32,317.12,127.2,444.32,148.11,1.0, sdumont6167,888.64
0.0,264,4,265348.0,3132.0,1737.3330078125,265348.0,0.0,0.0,0.0,0.0,1.0,0,0.0,0.0,3n-1m-22th-Bc-sp-mz,sequana_cpu_dev,3,11427460.0,1,22,B,sp-mz,8,8,400,304,208,17,851.92,295.75,1147.67,283.97,98.58,382.56,127.52,3.0, sdumont6166,4590.68
0.0,264,4,265348.0,1036.0,1036.0,265348.0,0.0,0.0,0.0,0.0,1.0,0,0.0,0.0,3n-1m-22th-Bc-sp-mz,sequana_cpu_dev,3,11427461.0,1,22,B,sp-mz,8,8,400,304,208,17,863.96,294.66,1158.62,287.99,98.22,386.21,128.74,3.0, sdumont6165,4634.48
0.0,264,4,265348.0,1040.0,1036.0,265348.0,0.0,0.0,0.0,0.0,1.0,0,0.0,0.0,3n-1m-22th-Bc-sp-mz,sequana_cpu_dev,3,11427462.0,1,22,B,sp-mz,8,8,400,304,208,17,860.52,294.88,1155.4,286.84,98.29,385.13,128.38,3.0, sdumont6166,4621.6
0.0,330,5,265348.0,1036.0,1036.0,265348.0,0.0,0.0,0.0,0.0,0.0,0,0.0,0.0,3n-1m-22th-Bc-sp-mz,sequana_cpu_dev,3,11427463.0,1,22,B,sp-mz,8,8,400,304,208,17,858.51,292.2,1150.71,286.17,97.4,383.57,127.86,3.0, sdumont6166,5753.55
0.0,858,13,265348.0,3128.0,1733.3330078125,265348.0,0.0,0.0,0.0,0.0,1.0,0,0.0,0.0,3n-1m-22th-Cc-sp-mz,sequana_cpu_dev,3,11427464.0,1,22,C,sp-mz,16,16,400,480,320,28,4390.62,1368.4,5759.02,365.89,114.03,479.92,159.97,12.0, sdumont6165,74867.26000000001
0.0,924,14,265348.0,1036.0,1033.3330078125,265348.0,0.0,0.0,0.0,0.0,1.0,0,0.0,0.0,3n-1m-22th-Cc-sp-mz,sequana_cpu_dev,3,11427465.0,1,22,C,sp-mz,16,16,400,480,320,28,4441.06,1467.47,5908.53,341.62,112.88,454.5,151.5,13.0, sdumont6167,82719.42
0.0,858,13,265348.0,1036.0,1034.666015625,265348.0,0.0,0.0,0.0,0.0,0.0,0,0.0,0.0,3n-1m-22th-Cc-sp-mz,sequana_cpu_dev,3,11427466.0,1,22,C,sp-mz,16,16,400,480,320,28,4428.36,1355.14,5783.5,369.03,112.93,481.96,160.65,12.0, sdumont6165,75185.5
0.0,858,13,265348.0,1036.0,1034.666015625,265348.0,0.0,0.0,0.0,0.0,1.0,0,0.0,0.0,3n-1m-22th-Cc-sp-mz,sequana_cpu_dev,3,11427467.0,1,22,C,sp-mz,16,16,400,480,320,28,4432.91,1358.57,5791.48,369.41,113.21,482.62,160.87,12.0, sdumont6166,75289.23999999999
0.0,144,2,265348.0,1036.0,1034.666015625,265348.0,0.0,0.0,0.0,0.0,3.0,0,0.0,0.0,3n-1m-24th-Ac-sp-mz,sequana_cpu_dev,3,11427468.0,1,24,A,sp-mz,4,4,400,128,128,16,323.53,127.66,451.18,323.53,127.66,451.18,150.39,1.0, sdumont6165,902.36
0.0,144,2,265348.0,1036.0,1036.0,265348.0,0.0,0.0,0.0,0.0,0.0,0,0.0,0.0,3n-1m-24th-Ac-sp-mz,sequana_cpu_dev,3,11427469.0,1,24,A,sp-mz,4,4,400,128,128,16,322.35,128.13,450.48,322.35,128.13,450.48,150.16,1.0, sdumont6166,900.96
0.0,216,3,265348.0,3176.0,1748.0,265348.0,0.0,0.0,0.0,0.0,1.0,0,0.0,0.0,3n-1m-24th-Ac-sp-mz,sequana_cpu_dev,3,11427470.0,1,24,A,sp-mz,4,4,400,128,128,16,326.4,126.35,452.75,326.4,126.35,452.75,150.92,1.0, sdumont6165,1358.25
0.0,144,2,265348.0,1036.0,1036.0,265348.0,0.0,0.0,0.0,0.0,1.0,0,0.0,0.0,3n-1m-24th-Ac-sp-mz,sequana_cpu_dev,3,11427471.0,1,24,A,sp-mz,4,4,400,128,128,16,323.26,127.66,450.92,323.26,127.66,450.92,150.31,1.0, sdumont6166,901.84
0.0,288,4,265348.0,3136.0,1737.3330078125,265348.0,0.0,0.0,0.0,0.0,1.0,0,0.0,0.0,3n-1m-24th-Bc-sp-mz,sequana_cpu_dev,3,11427472.0,1,24,B,sp-mz,8,8,400,304,208,17,899.23,300.92,1200.15,299.74,100.31,400.05,133.35,3.0, sdumont6165,4800.6
0.0,288,4,265348.0,3132.0,1737.3330078125,265348.0,0.0,0.0,0.0,0.0,1.0,0,0.0,0.0,3n-1m-24th-Bc-sp-mz,sequana_cpu_dev,3,11427473.0,1,24,B,sp-mz,8,8,400,304,208,17,868.61,296.11,1164.72,289.54,98.7,388.24,129.41,3.0, sdumont6167,4658.88
0.0,288,4,265348.0,3000.0,1689.3330078125,265348.0,0.0,0.0,0.0,0.0,1.0,0,0.0,0.0,3n-1m-24th-Bc-sp-mz,sequana_cpu_dev,3,11427474.0,1,24,B,sp-mz,8,8,400,304,208,17,886.2,295.63,1181.83,295.4,98.54,393.94,131.31,3.0, sdumont6165,4727.32
0.0,288,4,265348.0,3116.0,2413.3330078125,265348.0,0.0,0.0,0.0,0.0,1.0,0,0.0,0.0,3n-1m-24th-Bc-sp-mz,sequana_cpu_dev,3,11427475.0,1,24,B,sp-mz,8,8,400,304,208,17,897.04,297.94,1194.99,299.01,99.31,398.33,132.78,3.0, sdumont6166,4779.96
0.0,864,12,265348.0,3060.0,2384.0,265348.0,0.0,0.0,0.0,0.0,1.0,0,0.0,0.0,3n-1m-24th-Cc-sp-mz,sequana_cpu_dev,3,11427476.0,1,24,C,sp-mz,16,16,400,480,320,28,4094.78,1241.37,5336.15,372.25,112.85,485.1,161.7,11.0, sdumont6165,64033.799999999996
0.0,864,12,265348.0,3112.0,1729.3330078125,265348.0,0.0,0.0,0.0,0.0,1.0,0,0.0,0.0,3n-1m-24th-Cc-sp-mz,sequana_cpu_dev,3,11427477.0,1,24,C,sp-mz,16,16,400,480,320,28,4082.76,1228.39,5311.15,371.16,111.67,482.83,160.94,11.0, sdumont6167,63733.799999999996
0.0,936,13,265348.0,3088.0,1718.666015625,265348.0,0.0,0.0,0.0,0.0,1.0,0,0.0,0.0,3n-1m-24th-Cc-sp-mz,sequana_cpu_dev,3,11427478.0,1,24,C,sp-mz,16,16,400,480,320,28,4066.24,1240.06,5306.3,369.66,112.73,482.39,160.8,11.0, sdumont6167,68981.90000000001
0.0,864,12,265348.0,3160.0,2417.3330078125,265348.0,0.0,0.0,0.0,0.0,0.0,0,0.0,0.0,3n-1m-24th-Cc-sp-mz,sequana_cpu_dev,3,11427479.0,1,24,C,sp-mz,16,16,400,480,320,28,4075.04,1240.24,5315.27,370.46,112.75,483.21,161.07,11.0, sdumont6166,63783.240000000005
0.0,234,3,265348.0,3180.0,3165.3330078125,265348.0,0.0,0.0,0.0,0.0,1.0,0,0.0,0.0,3n-1m-26th-Ac-sp-mz,sequana_cpu_dev,3,11427480.0,1,26,A,sp-mz,4,4,400,128,128,16,342.4,170.43,512.84,171.2,85.22,256.42,85.47,2.0, sdumont6165,1538.52
0.0,234,3,265348.0,3160.0,3138.666015625,265348.0,0.0,0.0,0.0,0.0,1.0,0,0.0,0.0,3n-1m-26th-Ac-sp-mz,sequana_cpu_dev,3,11427481.0,1,26,A,sp-mz,4,4,400,128,128,16,342.69,175.8,518.49,171.34,87.9,259.24,86.41,2.0, sdumont6166,1555.47
0.0,234,3,265348.0,3176.0,3118.666015625,265348.0,0.0,0.0,0.0,0.0,1.0,0,0.0,0.0,3n-1m-26th-Ac-sp-mz,sequana_cpu_dev,3,11427482.0,1,26,A,sp-mz,4,4,400,128,128,16,339.54,169.43,508.97,279.62,139.98,419.6,139.87,1.33, sdumont6167,1526.91
0.0,234,3,265348.0,3128.0,2429.3330078125,265348.0,0.0,0.0,0.0,0.0,1.0,0,0.0,0.0,3n-1m-26th-Ac-sp-mz,sequana_cpu_dev,3,11427483.0,1,26,A,sp-mz,4,4,400,128,128,16,347.9,176.56,524.46,173.95,88.28,262.23,87.41,2.0, sdumont6167,1573.38
0.0,390,5,265348.0,3144.0,3134.666015625,265348.0,0.0,0.0,0.0,0.0,1.0,0,0.0,0.0,3n-1m-26th-Bc-sp-mz,sequana_cpu_dev,3,11427484.0,1,26,B,sp-mz,8,8,400,304,208,17,1316.68,626.6,1943.28,329.17,156.65,485.82,161.94,4.0, sdumont6165,9716.4
0.0,390,5,265348.0,3156.0,3120.0,265348.0,0.0,0.0,0.0,0.0,1.0,0,0.0,0.0,3n-1m-26th-Bc-sp-mz,sequana_cpu_dev,3,11427485.0,1,26,B,sp-mz,8,8,400,304,208,17,1313.31,620.36,1933.67,328.33,155.09,483.42,161.14,4.0, sdumont6165,9668.35
0.0,390,5,265348.0,3068.0,1713.3330078125,265348.0,0.0,0.0,0.0,0.0,1.0,0,0.0,0.0,3n-1m-26th-Bc-sp-mz,sequana_cpu_dev,3,11427486.0,1,26,B,sp-mz,8,8,400,304,208,17,1312.4,621.52,1933.92,328.1,155.38,483.48,161.16,4.0, sdumont6165,9669.6
0.0,390,5,265348.0,3132.0,3125.3330078125,265348.0,0.0,0.0,0.0,0.0,1.0,0,0.0,0.0,3n-1m-26th-Bc-sp-mz,sequana_cpu_dev,3,11427487.0,1,26,B,sp-mz,8,8,400,304,208,17,1307.77,629.45,1937.22,326.94,157.36,484.31,161.44,4.0, sdumont6166,9686.1
0.0,1326,17,265348.0,3176.0,2430.666015625,265348.0,0.0,0.0,0.0,0.0,1.0,0,0.0,0.0,3n-1m-26th-Cc-sp-mz,sequana_cpu_dev,3,11427488.0,1,26,C,sp-mz,16,16,400,480,320,28,5455.04,2686.3,8141.34,356.39,175.36,531.74,177.25,15.33, sdumont6167,138402.78
0.0,1248,16,265348.0,3184.0,3109.3330078125,265348.0,0.0,0.0,0.0,0.0,1.0,0,0.0,0.0,3n-1m-26th-Cc-sp-mz,sequana_cpu_dev,3,11427489.0,1,26,C,sp-mz,16,16,400,480,320,28,5538.76,2733.85,8272.61,369.25,182.26,551.51,183.84,15.0, sdumont6165,132361.76
0.0,1326,17,265348.0,3140.0,3108.0,265348.0,0.0,0.0,0.0,0.0,1.0,0,0.0,0.0,3n-1m-26th-Cc-sp-mz,sequana_cpu_dev,3,11427490.0,1,26,C,sp-mz,16,16,400,480,320,28,5485.79,2729.66,8215.44,342.86,170.6,513.47,171.16,16.0, sdumont6166,139662.48
0.0,1326,17,265348.0,3060.0,2365.3330078125,265348.0,0.0,0.0,0.0,0.0,0.0,0,0.0,0.0,3n-1m-26th-Cc-sp-mz,sequana_cpu_dev,3,11427491.0,1,26,C,sp-mz,16,16,400,480,320,28,5588.55,2757.09,8345.64,349.28,172.32,521.6,173.87,16.0, sdumont6165,141875.88
0.0,252,3,265348.0,3140.0,2430.666015625,265348.0,0.0,0.0,0.0,0.0,1.0,0,0.0,0.0,3n-1m-28th-Ac-sp-mz,sequana_cpu_dev,3,11427492.0,1,28,A,sp-mz,4,4,400,128,128,16,204.49,160.27,364.76,102.24,80.14,182.38,60.79,2.0, sdumont6167,1094.28
0.0,252,3,265348.0,3148.0,3133.3330078125,265348.0,0.0,0.0,0.0,0.0,1.0,0,0.0,0.0,3n-1m-28th-Ac-sp-mz,sequana_cpu_dev,3,11427493.0,1,28,A,sp-mz,4,4,400,128,128,16,337.39,203.0,540.39,168.7,101.5,270.19,90.06,2.0, sdumont6165,1621.17
0.0,252,3,265348.0,3140.0,3098.666015625,265348.0,0.0,0.0,0.0,0.0,0.0,0,0.0,0.0,3n-1m-28th-Ac-sp-mz,sequana_cpu_dev,3,11427494.0,1,28,A,sp-mz,4,4,400,128,128,16,330.5,202.38,532.88,165.25,101.19,266.44,88.81,2.0, sdumont6167,1598.6399999999999
0.0,252,3,265348.0,3084.0,3070.666015625,265348.0,0.0,0.0,0.0,0.0,1.0,0,0.0,0.0,3n-1m-28th-Ac-sp-mz,sequana_cpu_dev,3,11427495.0,1,28,A,sp-mz,4,4,400,128,128,16,337.51,204.45,541.96,168.76,102.22,270.98,90.33,2.0, sdumont6167,1625.88
0.0,420,5,265348.0,3172.0,3140.0,265348.0,0.0,0.0,0.0,0.0,4.0,0,0.0,0.0,3n-1m-28th-Bc-sp-mz,sequana_cpu_dev,3,11427496.0,1,28,B,sp-mz,8,8,400,304,208,17,1302.69,722.95,2025.64,325.67,180.74,506.41,168.8,4.0, sdumont6167,10128.2
0.0,420,5,265348.0,3148.0,3069.3330078125,265348.0,0.0,0.0,0.0,0.0,1.0,0,0.0,0.0,3n-1m-28th-Bc-sp-mz,sequana_cpu_dev,3,11427497.0,1,28,B,sp-mz,8,8,400,304,208,17,1291.26,721.38,2012.64,322.81,180.35,503.16,167.72,4.0, sdumont6165,10063.2
0.0,420,5,265348.0,3156.0,3142.666015625,265348.0,0.0,0.0,0.0,0.0,0.0,0,0.0,0.0,3n-1m-28th-Bc-sp-mz,sequana_cpu_dev,3,11427498.0,1,28,B,sp-mz,8,8,400,304,208,17,1295.26,718.86,2014.12,323.82,179.71,503.53,167.84,4.0, sdumont6165,10070.599999999999
0.0,420,5,265348.0,3108.0,2398.666015625,265348.0,0.0,0.0,0.0,0.0,1.0,0,0.0,0.0,3n-1m-28th-Bc-sp-mz,sequana_cpu_dev,3,11427499.0,1,28,B,sp-mz,8,8,400,304,208,17,1292.81,719.67,2012.48,323.2,179.92,503.12,167.71,4.0, sdumont6166,10062.4
0.0,1260,15,265348.0,3140.0,3105.3330078125,265348.0,0.0,0.0,0.0,0.0,1.0,0,0.0,0.0,3n-1m-28th-Cc-sp-mz,sequana_cpu_dev,3,11427500.0,1,28,C,sp-mz,16,16,400,480,320,28,5184.72,2936.5,8121.23,370.34,209.75,580.09,193.36,14.0, sdumont6165,121818.45
0.0,1428,17,265348.0,3160.0,3121.3330078125,265348.0,0.0,0.0,0.0,0.0,0.0,0,0.0,0.0,3n-1m-28th-Cc-sp-mz,sequana_cpu_dev,3,11427501.0,1,28,C,sp-mz,16,16,400,480,320,28,5508.5,3151.16,8659.67,344.28,196.95,541.23,180.41,16.0, sdumont6166,147214.39
0.0,1428,17,265348.0,3140.0,3096.0,265348.0,0.0,0.0,0.0,0.0,1.0,0,0.0,0.0,3n-1m-28th-Cc-sp-mz,sequana_cpu_dev,3,11427502.0,1,28,C,sp-mz,16,16,400,480,320,28,5520.91,3148.34,8669.25,345.06,196.77,541.83,180.61,16.0, sdumont6167,147377.25
0.0,1428,17,265348.0,3124.0,3096.0,265348.0,0.0,0.0,0.0,0.0,1.0,0,0.0,0.0,3n-1m-28th-Cc-sp-mz,sequana_cpu_dev,3,11427503.0,1,28,C,sp-mz,16,16,400,480,320,28,5541.7,3181.15,8722.85,346.36,198.82,545.18,181.73,16.0, sdumont6166,148288.45
0.0,270,3,265348.0,3116.0,3084.0,265348.0,0.0,0.0,0.0,0.0,0.0,0,0.0,0.0,3n-1m-30th-Ac-sp-mz,sequana_cpu_dev,3,11427504.0,1,30,A,sp-mz,4,4,400,128,128,16,327.34,224.34,551.68,163.67,112.17,275.84,91.95,2.0, sdumont6165,1655.04
0.0,270,3,265348.0,3176.0,3113.3330078125,265348.0,0.0,0.0,0.0,0.0,1.0,0,0.0,0.0,3n-1m-30th-Ac-sp-mz,sequana_cpu_dev,3,11427505.0,1,30,A,sp-mz,4,4,400,128,128,16,296.79,211.33,508.12,148.4,105.66,254.06,84.69,2.0, sdumont6167,1524.3600000000001
0.0,270,3,265348.0,3176.0,3149.3330078125,265348.0,0.0,0.0,0.0,0.0,1.0,0,0.0,0.0,3n-1m-30th-Ac-sp-mz,sequana_cpu_dev,3,11427506.0,1,30,A,sp-mz,4,4,400,128,128,16,334.37,227.4,561.77,167.19,113.7,280.89,93.63,2.0, sdumont6165,1685.31
0.0,270,3,265348.0,3116.0,2422.666015625,265348.0,0.0,0.0,0.0,0.0,0.0,0,0.0,0.0,3n-1m-30th-Ac-sp-mz,sequana_cpu_dev,3,11427507.0,1,30,A,sp-mz,4,4,400,128,128,16,329.93,224.64,554.57,164.97,112.32,277.28,92.43,2.0, sdumont6167,1663.71
0.0,450,5,265348.0,3164.0,3137.3330078125,265348.0,0.0,0.0,0.0,0.0,1.0,0,0.0,0.0,3n-1m-30th-Bc-sp-mz,sequana_cpu_dev,3,11427508.0,1,30,B,sp-mz,8,8,400,304,208,17,1283.57,818.01,2101.58,320.89,204.5,525.4,175.13,4.0, sdumont6166,10507.9
0.0,450,5,265348.0,3188.0,3161.3330078125,265348.0,0.0,0.0,0.0,0.0,1.0,0,0.0,0.0,3n-1m-30th-Bc-sp-mz,sequana_cpu_dev,3,11427509.0,1,30,B,sp-mz,8,8,400,304,208,17,1290.67,818.88,2109.55,322.67,204.72,527.39,175.8,4.0, sdumont6165,10547.75
0.0,450,5,265348.0,3168.0,3142.666015625,265348.0,0.0,0.0,0.0,0.0,0.0,0,0.0,0.0,3n-1m-30th-Bc-sp-mz,sequana_cpu_dev,3,11427510.0,1,30,B,sp-mz,8,8,400,304,208,17,1286.83,808.37,2095.2,321.71,202.09,523.8,174.6,4.0, sdumont6166,10476.0
0.0,450,5,265348.0,3156.0,3137.3330078125,265348.0,0.0,0.0,0.0,0.0,1.0,0,0.0,0.0,3n-1m-30th-Bc-sp-mz,sequana_cpu_dev,3,11427511.0,1,30,B,sp-mz,8,8,400,304,208,17,1291.44,811.6,2103.04,322.86,202.9,525.76,175.25,4.0, sdumont6165,10515.2
0.0,1440,16,265348.0,3128.0,3126.666015625,265348.0,0.0,0.0,0.0,0.0,1.0,0,0.0,0.0,3n-1m-30th-Cc-sp-mz,sequana_cpu_dev,3,11427512.0,1,30,C,sp-mz,16,16,400,480,320,28,5527.23,3596.55,9123.78,368.48,239.77,608.25,202.75,15.0, sdumont6167,145980.48
0.0,1440,16,265348.0,3152.0,3136.0,265348.0,0.0,0.0,0.0,0.0,0.0,0,0.0,0.0,3n-1m-30th-Cc-sp-mz,sequana_cpu_dev,3,11427513.0,1,30,C,sp-mz,16,16,400,480,320,28,5358.28,3483.72,8841.99,357.22,232.25,589.47,196.49,15.0, sdumont6166,141471.84
0.0,1530,17,265348.0,3176.0,3125.3330078125,265348.0,0.0,0.0,0.0,0.0,1.0,0,0.0,0.0,3n-1m-30th-Cc-sp-mz,sequana_cpu_dev,3,11427514.0,1,30,C,sp-mz,16,16,400,480,320,28,5477.04,3562.19,9039.23,342.31,222.64,564.95,188.32,16.0, sdumont6166,153666.91
0.0,1530,17,265348.0,3236.0,2473.3330078125,265348.0,0.0,0.0,0.0,0.0,1.0,0,0.0,0.0,3n-1m-30th-Cc-sp-mz,sequana_cpu_dev,3,11427515.0,1,30,C,sp-mz,16,16,400,480,320,28,5462.65,3556.93,9019.57,341.42,222.31,563.72,187.91,16.0, sdumont6167,153332.69
0.0,288,3,265348.0,3080.0,3066.666015625,265348.0,0.0,0.0,0.0,0.0,1.0,0,0.0,0.0,3n-1m-32th-Ac-sp-mz,sequana_cpu_dev,3,11427516.0,1,32,A,sp-mz,4,4,400,128,128,16,334.9,244.28,579.18,167.45,122.14,289.59,96.53,2.0, sdumont6167,1737.54
0.0,288,3,265348.0,3172.0,2454.666015625,265348.0,0.0,0.0,0.0,0.0,1.0,0,0.0,0.0,3n-1m-32th-Ac-sp-mz,sequana_cpu_dev,3,11427517.0,1,32,A,sp-mz,4,4,400,128,128,16,313.88,241.73,555.6,156.94,120.86,277.8,92.6,2.0, sdumont6165,1666.8000000000002
0.0,288,3,265348.0,3068.0,3058.666015625,265348.0,0.0,0.0,0.0,0.0,1.0,0,0.0,0.0,3n-1m-32th-Ac-sp-mz,sequana_cpu_dev,3,11427522.0,1,32,A,sp-mz,4,4,400,128,128,16,332.47,247.85,580.32,166.24,123.92,290.16,96.72,2.0, sdumont6165,1740.96
0.0,288,3,265348.0,3156.0,2420.0,265348.0,0.0,0.0,0.0,0.0,0.0,0,0.0,0.0,3n-1m-32th-Ac-sp-mz,sequana_cpu_dev,3,11427523.0,1,32,A,sp-mz,4,4,400,128,128,16,324.72,243.89,568.61,162.36,121.94,284.3,94.77,2.0, sdumont6166,1705.83
0.0,480,5,265348.0,3140.0,2400.0,265348.0,0.0,0.0,0.0,0.0,1.0,0,0.0,0.0,3n-1m-32th-Bc-sp-mz,sequana_cpu_dev,3,11427524.0,1,32,B,sp-mz,8,8,400,304,208,17,1269.53,912.42,2181.95,317.38,228.11,545.49,181.83,4.0, sdumont6165,10909.75
0.0,480,5,265348.0,3112.0,2412.0,265348.0,0.0,0.0,0.0,0.0,1.0,0,0.0,0.0,3n-1m-32th-Bc-sp-mz,sequana_cpu_dev,3,11427526.0,1,32,B,sp-mz,8,8,400,304,208,17,1255.33,884.47,2139.81,313.83,221.12,534.95,178.32,4.0, sdumont6166,10699.05
0.0,480,5,265348.0,3080.0,2392.0,265348.0,0.0,0.0,0.0,0.0,1.0,0,0.0,0.0,3n-1m-32th-Bc-sp-mz,sequana_cpu_dev,3,11427527.0,1,32,B,sp-mz,8,8,400,304,208,17,1255.21,888.14,2143.35,313.8,222.03,535.84,178.61,4.0, sdumont6167,10716.75
0.0,480,5,265348.0,3140.0,3126.666015625,265348.0,0.0,0.0,0.0,0.0,1.0,0,0.0,0.0,3n-1m-32th-Bc-sp-mz,sequana_cpu_dev,3,11427528.0,1,32,B,sp-mz,8,8,400,304,208,17,1277.25,914.01,2191.27,319.31,228.5,547.82,182.61,4.0, sdumont6165,10956.35
0.0,1440,15,265348.0,3136.0,3085.3330078125,265348.0,0.0,0.0,0.0,0.0,1.0,0,0.0,0.0,3n-1m-32th-Cc-sp-mz,sequana_cpu_dev,3,11427529.0,1,32,C,sp-mz,16,16,400,480,320,28,5006.29,3689.44,8695.73,333.75,245.96,579.72,193.24,15.0, sdumont6166,130435.95
0.0,1536,16,265348.0,3128.0,1733.3330078125,265348.0,0.0,0.0,0.0,0.0,1.0,0,0.0,0.0,3n-1m-32th-Cc-sp-mz,sequana_cpu_dev,3,11427530.0,1,32,C,sp-mz,16,16,400,480,320,28,5449.15,3984.53,9433.68,363.28,265.64,628.91,209.64,15.0, sdumont6165,150938.88
0.0,1536,16,265348.0,3112.0,3070.666015625,265348.0,0.0,0.0,0.0,0.0,1.0,0,0.0,0.0,3n-1m-32th-Cc-sp-mz,sequana_cpu_dev,3,11427531.0,1,32,C,sp-mz,16,16,400,480,320,28,5063.29,3709.53,8772.82,337.55,247.3,584.85,194.95,15.0, sdumont6166,140365.12
0.0,1632,17,265348.0,3136.0,2432.0,265348.0,0.0,0.0,0.0,0.0,1.0,0,0.0,0.0,3n-1m-32th-Cc-sp-mz,sequana_cpu_dev,3,11427532.0,1,32,C,sp-mz,16,16,400,480,320,28,5476.73,3998.2,9474.94,342.3,249.89,592.18,197.39,16.0, sdumont6167,161073.98
0.0,306,3,265348.0,3128.0,1732.0,265348.0,0.0,0.0,0.0,0.0,1.0,0,0.0,0.0,3n-1m-34th-Ac-sp-mz,sequana_cpu_dev,3,11427534.0,1,34,A,sp-mz,4,4,400,128,128,16,327.87,272.53,600.4,163.94,136.26,300.2,100.07,2.0, sdumont6165,1801.1999999999998
0.0,612,6,265348.0,3140.0,3092.0,265348.0,0.0,0.0,0.0,0.0,1.0,0,0.0,0.0,3n-1m-34th-Ac-sp-mz,sequana_cpu_dev,3,11427536.0,1,34,A,sp-mz,4,4,400,128,128,16,579.33,542.3,1121.63,115.87,108.46,224.33,74.78,5.0, sdumont6167,6729.780000000001
0.0,306,3,265348.0,3152.0,3105.3330078125,265348.0,0.0,0.0,0.0,0.0,1.0,0,0.0,0.0,3n-1m-34th-Ac-sp-mz,sequana_cpu_dev,3,11427537.0,1,34,A,sp-mz,4,4,400,128,128,16,329.48,277.3,606.77,329.48,277.3,606.77,202.26,1.0, sdumont6166,1820.31
0.0,306,3,265348.0,3116.0,2404.0,265348.0,0.0,0.0,0.0,0.0,1.0,0,0.0,0.0,3n-1m-34th-Ac-sp-mz,sequana_cpu_dev,3,11427542.0,1,34,A,sp-mz,4,4,400,128,128,16,319.43,273.3,592.73,319.43,273.3,592.73,197.58,1.0, sdumont6167,1778.19
0.0,510,5,265348.0,3148.0,3088.0,265348.0,0.0,0.0,0.0,0.0,1.0,0,0.0,0.0,3n-1m-34th-Bc-sp-mz,sequana_cpu_dev,3,11427544.0,1,34,B,sp-mz,8,8,400,304,208,17,1274.41,1006.25,2280.66,318.6,251.56,570.17,190.06,4.0, sdumont6167,11403.3
0.0,510,5,265348.0,3148.0,3140.0,265348.0,0.0,0.0,0.0,0.0,1.0,0,0.0,0.0,3n-1m-34th-Bc-sp-mz,sequana_cpu_dev,3,11427551.0,1,34,B,sp-mz,8,8,400,304,208,17,1261.77,1005.41,2267.19,315.44,251.35,566.8,188.93,4.0, sdumont6166,11335.95
0.0,510,5,265348.0,3128.0,3093.3330078125,265348.0,0.0,0.0,0.0,0.0,1.0,0,0.0,0.0,3n-1m-34th-Bc-sp-mz,sequana_cpu_dev,3,11427552.0,1,34,B,sp-mz,8,8,400,304,208,17,1275.6,1003.62,2279.23,318.9,250.91,569.81,189.94,4.0, sdumont6167,11396.15
0.0,612,6,265348.0,3008.0,1692.0,265348.0,0.0,0.0,0.0,0.0,1.0,0,0.0,0.0,3n-1m-34th-Bc-sp-mz,sequana_cpu_dev,3,11427555.0,1,34,B,sp-mz,8,8,400,304,208,17,1248.53,992.36,2240.89,312.13,248.09,560.22,186.74,4.0, sdumont6167,13445.34
0.0,1632,16,265348.0,3092.0,2397.3330078125,265348.0,0.0,0.0,0.0,0.0,1.0,0,0.0,0.0,3n-1m-34th-Cc-sp-mz,sequana_cpu_dev,3,11427563.0,1,34,C,sp-mz,16,16,400,480,320,28,5433.59,4400.41,9834.0,362.24,293.36,655.6,218.53,15.0, sdumont6166,157344.0
0.0,1632,16,265348.0,3112.0,3077.3330078125,265348.0,0.0,0.0,0.0,0.0,1.0,0,0.0,0.0,3n-1m-34th-Cc-sp-mz,sequana_cpu_dev,3,11427567.0,1,34,C,sp-mz,16,16,400,480,320,28,5440.92,4399.73,9840.65,362.73,293.32,656.04,218.68,15.0, sdumont6165,157450.4
0.0,1734,17,265348.0,3076.0,2393.3330078125,265348.0,0.0,0.0,0.0,0.0,0.0,0,0.0,0.0,3n-1m-34th-Cc-sp-mz,sequana_cpu_dev,3,11427574.0,1,34,C,sp-mz,16,16,400,480,320,28,5455.41,4408.21,9863.62,340.96,275.51,616.48,205.49,16.0, sdumont6165,167681.54
0.0,1734,17,265348.0,3092.0,3080.0,265348.0,0.0,0.0,0.0,0.0,1.0,0,0.0,0.0,3n-1m-34th-Cc-sp-mz,sequana_cpu_dev,3,11427576.0,1,34,C,sp-mz,16,16,400,480,320,28,5417.85,4394.45,9812.3,338.62,274.65,613.27,204.42,16.0, sdumont6167,166809.09999999998
0.0,324,3,265348.0,3064.0,3046.666015625,265348.0,0.0,0.0,0.0,0.0,1.0,0,0.0,0.0,3n-1m-36th-Ac-sp-mz,sequana_cpu_dev,3,11427577.0,1,36,A,sp-mz,4,4,400,128,128,16,309.28,270.26,579.53,154.64,135.13,289.77,96.59,2.0, sdumont6167,1738.59
0.0,324,3,265348.0,3152.0,3145.3330078125,265348.0,0.0,0.0,0.0,0.0,2.0,0,0.0,0.0,3n-1m-36th-Ac-sp-mz,sequana_cpu_dev,3,11427581.0,1,36,A,sp-mz,4,4,400,128,128,16,317.99,281.64,599.63,269.04,238.01,507.05,169.02,1.33, sdumont6167,1798.8899999999999
0.0,324,3,265348.0,3152.0,3130.666015625,265348.0,0.0,0.0,0.0,0.0,1.0,0,0.0,0.0,3n-1m-36th-Ac-sp-mz,sequana_cpu_dev,3,11427586.0,1,36,A,sp-mz,4,4,400,128,128,16,328.34,283.52,611.86,164.17,141.76,305.93,101.98,2.0, sdumont6165,1835.58
0.0,324,3,265348.0,3132.0,2429.3330078125,265348.0,0.0,0.0,0.0,0.0,1.0,0,0.0,0.0,3n-1m-36th-Ac-sp-mz,sequana_cpu_dev,3,11427590.0,1,36,A,sp-mz,4,4,400,128,128,16,321.63,279.96,601.59,160.81,139.98,300.8,100.27,2.0, sdumont6166,1804.77
0.0,1512,14,265348.0,3152.0,3094.666015625,265348.0,0.0,0.0,0.0,0.0,1.0,0,0.0,0.0,3n-1m-36th-Bc-sp-mz,sequana_cpu_dev,3,11427596.0,1,36,B,sp-mz,8,8,400,304,208,17,1874.06,1653.42,3527.47,187.41,165.34,352.75,117.58,10.0, sdumont6166,49384.579999999994
0.0,1080,10,265348.0,3144.0,3108.0,265348.0,0.0,0.0,0.0,0.0,1.0,0,0.0,0.0,3n-1m-36th-Bc-sp-mz,sequana_cpu_dev,3,11427601.0,1,36,B,sp-mz,8,8,400,304,208,17,1697.34,1473.03,3170.38,212.17,184.13,396.3,132.1,8.0, sdumont6167,31703.800000000003
0.0,648,6,265348.0,3176.0,3138.666015625,265348.0,0.0,0.0,0.0,0.0,3.0,0,0.0,0.0,3n-1m-36th-Bc-sp-mz,sequana_cpu_dev,3,11427606.0,1,36,B,sp-mz,8,8,400,304,208,17,1266.29,1064.58,2330.87,316.57,266.15,582.72,194.24,4.0, sdumont6169,13985.22
0.0,1080,10,265348.0,3060.0,3056.0,265348.0,0.0,0.0,0.0,0.0,1.0,0,0.0,0.0,3n-1m-36th-Bc-sp-mz,sequana_cpu_dev,3,11427613.0,1,36,B,sp-mz,8,8,400,304,208,17,1624.46,1434.0,3058.46,203.06,179.25,382.31,127.44,8.0, sdumont6166,30584.6
0.0,1836,17,265348.0,3052.0,2378.666015625,265348.0,0.0,0.0,0.0,0.0,1.0,0,0.0,0.0,3n-1m-36th-Cc-sp-mz,sequana_cpu_dev,3,11427615.0,1,36,C,sp-mz,16,16,400,480,320,28,5346.55,4624.83,9971.38,356.44,308.32,664.76,221.59,15.0, sdumont6167,169513.46
0.0,1944,18,265348.0,3144.0,3126.666015625,265348.0,0.0,0.0,0.0,0.0,1.0,0,0.0,0.0,3n-1m-36th-Cc-sp-mz,sequana_cpu_dev,3,11427619.0,1,36,C,sp-mz,16,16,400,480,320,28,5635.52,4809.23,10444.76,352.22,300.58,652.8,217.6,16.0, sdumont6167,188005.68
0.0,1836,17,265348.0,3148.0,3141.3330078125,265348.0,0.0,0.0,0.0,0.0,0.0,0,0.0,0.0,3n-1m-36th-Cc-sp-mz,sequana_cpu_dev,3,11427622.0,1,36,C,sp-mz,16,16,400,480,320,28,5363.59,4661.46,10025.05,357.57,310.76,668.34,222.78,15.0, sdumont6166,170425.84999999998
0.0,1944,18,265348.0,3180.0,3121.3330078125,265348.0,0.0,0.0,0.0,0.0,1.0,0,0.0,0.0,3n-1m-36th-Cc-sp-mz,sequana_cpu_dev,3,11427625.0,1,36,C,sp-mz,16,16,400,480,320,28,5348.34,4659.27,10007.61,349.3,304.4,653.7,217.9,15.33, sdumont6166,180136.98
0.0,342,3,265348.0,3080.0,3066.666015625,265348.0,0.0,0.0,0.0,0.0,1.0,0,0.0,0.0,3n-1m-38th-Ac-sp-mz,sequana_cpu_dev,3,11427627.0,1,38,A,sp-mz,4,4,400,128,128,16,228.21,217.11,445.31,228.21,217.11,445.31,148.44,1.0, sdumont6166,1335.93
0.0,342,3,265348.0,3192.0,3160.0,265348.0,0.0,0.0,0.0,0.0,1.0,0,0.0,0.0,3n-1m-38th-Ac-sp-mz,sequana_cpu_dev,3,11427630.0,1,38,A,sp-mz,4,4,400,128,128,16,308.52,284.97,593.49,308.52,284.97,593.49,197.83,1.0, sdumont6167,1780.47
0.0,456,4,265348.0,3132.0,2408.0,265348.0,0.0,0.0,0.0,0.0,1.0,0,0.0,0.0,3n-1m-38th-Ac-sp-mz,sequana_cpu_dev,3,11427635.0,1,38,A,sp-mz,4,4,400,128,128,16,328.96,301.27,630.23,328.96,301.27,630.23,210.08,1.0, sdumont6167,2520.92
0.0,342,3,265348.0,3164.0,3133.3330078125,265348.0,0.0,0.0,0.0,0.0,1.0,0,0.0,0.0,3n-1m-38th-Ac-sp-mz,sequana_cpu_dev,3,11427637.0,1,38,A,sp-mz,4,4,400,128,128,16,325.18,299.06,624.24,325.18,299.06,624.24,208.08,1.0, sdumont6166,1872.72
0.0,684,6,265348.0,3156.0,3148.0,265348.0,0.0,0.0,0.0,0.0,1.0,0,0.0,0.0,3n-1m-38th-Bc-sp-mz,sequana_cpu_dev,3,11427639.0,1,38,B,sp-mz,8,8,400,304,208,17,1255.21,1097.58,2352.79,313.8,274.39,588.2,196.07,4.0, sdumont6168,14116.74
0.0,684,6,265348.0,3168.0,3121.3330078125,265348.0,0.0,0.0,0.0,0.0,1.0,0,0.0,0.0,3n-1m-38th-Bc-sp-mz,sequana_cpu_dev,3,11427643.0,1,38,B,sp-mz,8,8,400,304,208,17,1273.73,1110.1,2383.83,318.43,277.53,595.96,198.65,4.0, sdumont6169,14302.98
0.0,684,6,265348.0,3156.0,3122.666015625,265348.0,0.0,0.0,0.0,0.0,1.0,0,0.0,0.0,3n-1m-38th-Bc-sp-mz,sequana_cpu_dev,3,11427646.0,1,38,B,sp-mz,8,8,400,304,208,17,1243.32,1087.67,2330.99,310.83,271.92,582.75,194.25,4.0, sdumont6169,13985.939999999999
0.0,684,6,265348.0,3180.0,2425.3330078125,265348.0,0.0,0.0,0.0,0.0,0.0,0,0.0,0.0,3n-1m-38th-Bc-sp-mz,sequana_cpu_dev,3,11427647.0,1,38,B,sp-mz,8,8,400,304,208,17,1239.05,1085.46,2324.51,309.76,271.36,581.13,193.71,4.0, sdumont6168,13947.060000000001
0.0,1938,17,265348.0,3140.0,3110.666015625,265348.0,0.0,0.0,0.0,0.0,1.0,0,0.0,0.0,3n-1m-38th-Cc-sp-mz,sequana_cpu_dev,3,11427650.0,1,38,C,sp-mz,16,16,400,480,320,28,5365.03,4767.58,10132.6,335.31,297.97,633.29,211.1,16.0, sdumont6166,172254.2
0.0,1938,17,265348.0,3128.0,3096.0,265348.0,0.0,0.0,0.0,0.0,1.0,0,0.0,0.0,3n-1m-38th-Cc-sp-mz,sequana_cpu_dev,3,11427654.0,1,38,C,sp-mz,16,16,400,480,320,28,5407.21,4793.57,10200.79,337.95,299.6,637.55,212.52,16.0, sdumont6167,173413.43000000002
0.0,2166,19,265348.0,3136.0,3098.666015625,265348.0,0.0,0.0,0.0,0.0,1.0,0,0.0,0.0,3n-1m-38th-Cc-sp-mz,sequana_cpu_dev,3,11427655.0,1,38,C,sp-mz,16,16,400,480,320,28,5681.91,5034.12,10716.03,334.23,296.12,630.35,210.12,17.0, sdumont6166,203604.57
0.0,2280,20,265348.0,3068.0,3052.0,265348.0,0.0,0.0,0.0,0.0,1.0,0,0.0,0.0,3n-1m-38th-Cc-sp-mz,sequana_cpu_dev,3,11427659.0,1,38,C,sp-mz,16,16,400,480,320,28,5948.43,5231.02,11179.46,313.08,275.32,588.39,196.13,19.0, sdumont6166,223589.19999999998
0.0,360,3,265348.0,3140.0,2425.3330078125,265348.0,0.0,0.0,0.0,0.0,1.0,0,0.0,0.0,3n-1m-40th-Ac-sp-mz,sequana_cpu_dev,3,11427666.0,1,40,A,sp-mz,4,4,400,128,128,16,317.97,303.55,621.52,317.97,303.55,621.52,207.17,1.0, sdumont6166,1864.56
0.0,360,3,265348.0,3180.0,2441.3330078125,265348.0,0.0,0.0,0.0,0.0,3.0,0,0.0,0.0,3n-1m-40th-Ac-sp-mz,sequana_cpu_dev,3,11427670.0,1,40,A,sp-mz,4,4,400,128,128,16,165.85,168.05,333.89,82.92,84.02,166.95,55.65,2.0, sdumont6165,1001.67
0.0,360,3,265348.0,3076.0,2388.0,265348.0,0.0,0.0,0.0,0.0,0.0,0,0.0,0.0,3n-1m-40th-Ac-sp-mz,sequana_cpu_dev,3,11427672.0,1,40,A,sp-mz,4,4,400,128,128,16,323.76,305.79,629.55,323.76,305.79,629.55,209.85,1.0, sdumont6167,1888.6499999999999
0.0,360,3,265348.0,3136.0,3082.666015625,265348.0,0.0,0.0,0.0,0.0,0.0,0,0.0,0.0,3n-1m-40th-Ac-sp-mz,sequana_cpu_dev,3,11427677.0,1,40,A,sp-mz,4,4,400,128,128,16,320.92,302.59,623.5,320.92,302.59,623.5,207.83,1.0, sdumont6166,1870.5
0.0,600,5,265348.0,3152.0,3124.0,265348.0,0.0,0.0,0.0,0.0,1.0,0,0.0,0.0,3n-1m-40th-Bc-sp-mz,sequana_cpu_dev,3,11427681.0,1,40,B,sp-mz,8,8,400,304,208,17,1245.17,1133.68,2378.85,311.29,283.42,594.71,198.24,4.0, sdumont6167,11894.25
0.0,720,6,265348.0,3124.0,2418.666015625,265348.0,0.0,0.0,0.0,0.0,1.0,0,0.0,0.0,3n-1m-40th-Bc-sp-mz,sequana_cpu_dev,3,11427683.0,1,40,B,sp-mz,8,8,400,304,208,17,1196.31,1101.38,2297.7,260.8,238.92,499.72,166.57,4.67, sdumont6167,13786.199999999999
0.0,600,5,265348.0,3140.0,3094.666015625,265348.0,0.0,0.0,0.0,0.0,0.0,0,0.0,0.0,3n-1m-40th-Bc-sp-mz,sequana_cpu_dev,3,11427684.0,1,40,B,sp-mz,8,8,400,304,208,17,1244.46,1139.48,2383.94,311.12,284.87,595.98,198.66,4.0, sdumont6168,11919.7
0.0,720,6,265348.0,3184.0,3141.3330078125,265348.0,0.0,0.0,0.0,0.0,1.0,0,0.0,0.0,3n-1m-40th-Bc-sp-mz,sequana_cpu_dev,3,11427687.0,1,40,B,sp-mz,8,8,400,304,208,17,1183.58,1090.54,2274.12,236.72,218.11,454.82,151.61,5.0, sdumont6167,13644.72
0.0,2040,17,265348.0,3124.0,2424.0,265348.0,0.0,0.0,0.0,0.0,0.0,0,0.0,0.0,3n-1m-40th-Cc-sp-mz,sequana_cpu_dev,3,11427691.0,1,40,C,sp-mz,16,16,400,480,320,28,5349.74,4940.42,10290.16,334.36,308.78,643.13,214.38,16.0, sdumont6166,174932.72
0.0,2040,17,265348.0,3128.0,3089.3330078125,265348.0,0.0,0.0,0.0,0.0,1.0,0,0.0,0.0,3n-1m-40th-Cc-sp-mz,sequana_cpu_dev,3,11427693.0,1,40,C,sp-mz,16,16,400,480,320,28,5410.31,4962.25,10372.55,338.14,310.14,648.28,216.09,16.0, sdumont6166,176333.34999999998
0.0,2040,17,265348.0,3136.0,3089.3330078125,265348.0,0.0,0.0,0.0,0.0,1.0,0,0.0,0.0,3n-1m-40th-Cc-sp-mz,sequana_cpu_dev,3,11427694.0,1,40,C,sp-mz,16,16,400,480,320,28,5356.24,4964.54,10320.78,334.77,310.28,645.05,215.02,16.0, sdumont6167,175453.26
0.0,2160,18,265348.0,3144.0,1736.0,265348.0,0.0,0.0,0.0,0.0,1.0,0,0.0,0.0,3n-1m-40th-Cc-sp-mz,sequana_cpu_dev,3,11427696.0,1,40,C,sp-mz,16,16,400,480,320,28,5726.05,5261.1,10987.14,357.88,328.82,686.7,228.9,16.0, sdumont6168,197768.52
0.0,378,3,265348.0,3140.0,3110.666015625,265348.0,0.0,0.0,0.0,0.0,1.0,0,0.0,0.0,3n-1m-42th-Ac-sp-mz,sequana_cpu_dev,3,11427700.0,1,42,A,sp-mz,4,4,400,128,128,16,287.41,282.86,570.26,287.41,282.86,570.26,190.09,1.0, sdumont6169,1710.78
0.0,378,3,265348.0,3172.0,3113.3330078125,265348.0,0.0,0.0,0.0,0.0,1.0,0,0.0,0.0,3n-1m-42th-Ac-sp-mz,sequana_cpu_dev,3,11427701.0,1,42,A,sp-mz,4,4,400,128,128,16,326.15,314.73,640.88,326.15,314.73,640.88,213.63,1.0, sdumont6169,1922.6399999999999
0.0,378,3,265348.0,3092.0,3065.3330078125,265348.0,0.0,0.0,0.0,0.0,1.0,0,0.0,0.0,3n-1m-42th-Ac-sp-mz,sequana_cpu_dev,3,11427704.0,1,42,A,sp-mz,4,4,400,128,128,16,325.9,317.44,643.34,162.95,158.72,321.67,107.22,2.0, sdumont6166,1930.02
0.0,882,7,265348.0,3140.0,3081.3330078125,265348.0,0.0,0.0,0.0,0.0,1.0,0,0.0,0.0,3n-1m-42th-Ac-sp-mz,sequana_cpu_dev,3,11427708.0,1,42,A,sp-mz,4,4,400,128,128,16,626.43,599.4,1225.83,125.29,119.88,245.17,81.72,5.0, sdumont6167,8580.81
0.0,630,5,265348.0,3140.0,3093.3330078125,265348.0,0.0,0.0,0.0,0.0,1.0,0,0.0,0.0,3n-1m-42th-Bc-sp-mz,sequana_cpu_dev,3,11427709.0,1,42,B,sp-mz,8,8,400,304,208,17,1245.06,1150.9,2395.95,311.26,287.72,598.99,199.66,4.0, sdumont6167,11979.75
0.0,630,5,265348.0,3132.0,2420.0,265348.0,0.0,0.0,0.0,0.0,0.0,0,0.0,0.0,3n-1m-42th-Bc-sp-mz,sequana_cpu_dev,3,11427710.0,1,42,B,sp-mz,8,8,400,304,208,17,1248.27,1140.62,2388.89,312.07,285.15,597.22,199.07,4.0, sdumont6167,11944.449999999999
0.0,630,5,265348.0,3140.0,1737.3330078125,265348.0,0.0,0.0,0.0,0.0,1.0,0,0.0,0.0,3n-1m-42th-Bc-sp-mz,sequana_cpu_dev,3,11427712.0,1,42,B,sp-mz,8,8,400,304,208,17,1245.79,1135.78,2381.57,311.45,283.94,595.39,198.46,4.0, sdumont6166,11907.85
0.0,630,5,265348.0,3092.0,3061.3330078125,265348.0,0.0,0.0,0.0,0.0,1.0,0,0.0,0.0,3n-1m-42th-Bc-sp-mz,sequana_cpu_dev,3,11427715.0,1,42,B,sp-mz,8,8,400,304,208,17,1245.44,1147.83,2393.26,311.36,286.96,598.32,199.44,4.0, sdumont6166,11966.300000000001
0.0,2142,17,265348.0,3144.0,3128.0,265348.0,0.0,0.0,0.0,0.0,1.0,0,0.0,0.0,3n-1m-42th-Cc-sp-mz,sequana_cpu_dev,3,11427718.0,1,42,C,sp-mz,16,16,400,480,320,28,5353.49,4977.61,10331.1,342.61,318.21,660.82,220.27,15.67, sdumont6165,175628.7
0.0,2268,18,265348.0,3132.0,2428.0,265348.0,0.0,0.0,0.0,0.0,0.0,0,0.0,0.0,3n-1m-42th-Cc-sp-mz,sequana_cpu_dev,3,11427720.0,1,42,C,sp-mz,16,16,400,480,320,28,5558.32,5128.37,10686.68,326.96,301.67,628.63,209.54,17.0, sdumont6167,192360.24
0.0,2142,17,265348.0,3144.0,1737.3330078125,265348.0,0.0,0.0,0.0,0.0,1.0,0,0.0,0.0,3n-1m-42th-Cc-sp-mz,sequana_cpu_dev,3,11427723.0,1,42,C,sp-mz,16,16,400,480,320,28,5448.68,5067.98,10516.66,340.54,316.75,657.29,219.1,16.0, sdumont6165,178783.22
0.0,2016,16,265348.0,3176.0,3150.666015625,265348.0,0.0,0.0,0.0,0.0,0.0,0,0.0,0.0,3n-1m-42th-Cc-sp-mz,sequana_cpu_dev,3,11427731.0,1,42,C,sp-mz,16,16,400,480,320,28,5331.18,4973.35,10304.53,355.41,331.56,686.97,228.99,15.0, sdumont6165,164872.48
0.0,396,3,265348.0,3060.0,2382.666015625,265348.0,0.0,0.0,0.0,0.0,1.0,0,0.0,0.0,3n-1m-44th-Ac-sp-mz,sequana_cpu_dev,3,11427734.0,1,44,A,sp-mz,4,4,400,128,128,16,314.06,308.25,622.31,266.46,259.02,525.48,175.16,1.33, sdumont6165,1866.9299999999998
0.0,792,6,265348.0,3144.0,2412.0,265348.0,0.0,0.0,0.0,0.0,1.0,0,0.0,0.0,3n-1m-44th-Ac-sp-mz,sequana_cpu_dev,3,11427737.0,1,44,A,sp-mz,4,4,400,128,128,16,645.79,607.84,1253.63,129.16,121.57,250.73,83.58,5.0, sdumont6166,7521.780000000001
0.0,396,3,265348.0,3136.0,2409.3330078125,265348.0,0.0,0.0,0.0,0.0,1.0,0,0.0,0.0,3n-1m-44th-Ac-sp-mz,sequana_cpu_dev,3,11427739.0,1,44,A,sp-mz,4,4,400,128,128,16,318.34,314.84,633.18,217.18,211.61,428.79,142.93,1.67, sdumont6167,1899.54
0.0,924,7,265348.0,3124.0,3070.666015625,265348.0,0.0,0.0,0.0,0.0,1.0,0,0.0,0.0,3n-1m-44th-Ac-sp-mz,sequana_cpu_dev,3,11427743.0,1,44,A,sp-mz,4,4,400,128,128,16,751.52,727.52,1479.04,125.25,121.25,246.51,82.17,6.0, sdumont6167,10353.279999999999
0.0,792,6,265348.0,3148.0,2434.666015625,265348.0,0.0,0.0,0.0,0.0,4.0,0,0.0,0.0,3n-1m-44th-Bc-sp-mz,sequana_cpu_dev,3,11427751.0,1,44,B,sp-mz,8,8,400,304,208,17,1178.11,1133.02,2311.12,275.02,264.65,539.68,179.89,4.33, sdumont6168,13866.72
0.0,1188,9,265348.0,3152.0,3102.666015625,265348.0,0.0,0.0,0.0,0.0,4.0,0,0.0,0.0,3n-1m-44th-Bc-sp-mz,sequana_cpu_dev,3,11427758.0,1,44,B,sp-mz,8,8,400,304,208,17,1536.6,1463.77,3000.37,219.51,209.11,428.62,142.87,7.0, sdumont6166,27003.329999999998
0.0,792,6,265348.0,3180.0,2425.3330078125,265348.0,0.0,0.0,0.0,0.0,1.0,0,0.0,0.0,3n-1m-44th-Bc-sp-mz,sequana_cpu_dev,3,11427761.0,1,44,B,sp-mz,8,8,400,304,208,17,1223.02,1163.28,2386.31,322.9,305.04,627.94,209.31,4.0, sdumont6166,14317.86
0.0,792,6,265348.0,3156.0,3117.3330078125,265348.0,0.0,0.0,0.0,0.0,0.0,0,0.0,0.0,3n-1m-44th-Bc-sp-mz,sequana_cpu_dev,3,11427763.0,1,44,B,sp-mz,8,8,400,304,208,17,1225.3,1172.55,2397.86,306.33,293.14,599.46,199.82,4.0, sdumont6165,14387.16
0.0,2376,18,265348.0,3144.0,2425.3330078125,265348.0,0.0,0.0,0.0,0.0,1.0,0,0.0,0.0,3n-1m-44th-Cc-sp-mz,sequana_cpu_dev,3,11427764.0,1,44,C,sp-mz,16,16,400,480,320,28,5715.83,5429.48,11145.3,350.42,332.66,683.07,227.69,16.33, sdumont6167,200615.4
0.0,2244,17,265348.0,3164.0,2418.666015625,265348.0,0.0,0.0,0.0,0.0,1.0,0,0.0,0.0,3n-1m-44th-Cc-sp-mz,sequana_cpu_dev,3,11427766.0,1,44,C,sp-mz,16,16,400,480,320,28,5293.09,5058.95,10352.04,338.56,323.21,661.77,220.59,15.67, sdumont6167,175984.68000000002
0.0,2244,17,265348.0,3156.0,2436.0,265348.0,0.0,0.0,0.0,0.0,1.0,0,0.0,0.0,3n-1m-44th-Cc-sp-mz,sequana_cpu_dev,3,11427774.0,1,44,C,sp-mz,16,16,400,480,320,28,5291.9,5090.1,10382.01,330.74,318.13,648.88,216.29,16.0, sdumont6165,176494.17
0.0,2376,18,265348.0,3152.0,3137.3330078125,265348.0,0.0,0.0,0.0,0.0,3.0,0,0.0,0.0,3n-1m-44th-Cc-sp-mz,sequana_cpu_dev,3,11427782.0,1,44,C,sp-mz,16,16,400,480,320,28,5547.3,5305.75,10853.05,362.21,346.16,708.36,236.12,15.33, sdumont6166,195354.9
0.0,414,3,265348.0,3184.0,3158.666015625,265348.0,0.0,0.0,0.0,0.0,1.0,0,0.0,0.0,3n-1m-46th-Ac-sp-mz,sequana_cpu_dev,3,11427785.0,1,46,A,sp-mz,4,4,400,128,128,16,311.9,312.01,623.91,263.38,261.32,524.7,174.9,1.33, sdumont6165,1871.73
0.0,414,3,265348.0,3120.0,2405.3330078125,265348.0,0.0,0.0,0.0,0.0,1.0,0,0.0,0.0,3n-1m-46th-Ac-sp-mz,sequana_cpu_dev,3,11427787.0,1,46,A,sp-mz,4,4,400,128,128,16,307.86,309.37,617.22,261.48,260.54,522.02,174.01,1.33, sdumont6167,1851.66
0.0,414,3,265348.0,3152.0,3112.0,265348.0,0.0,0.0,0.0,0.0,1.0,0,0.0,0.0,3n-1m-46th-Ac-sp-mz,sequana_cpu_dev,3,11427790.0,1,46,A,sp-mz,4,4,400,128,128,16,315.83,316.93,632.75,267.04,265.71,532.75,177.58,1.33, sdumont6165,1898.25
0.0,414,3,265348.0,3140.0,1736.0,265348.0,0.0,0.0,0.0,0.0,1.0,0,0.0,0.0,3n-1m-46th-Ac-sp-mz,sequana_cpu_dev,3,11427793.0,1,46,A,sp-mz,4,4,400,128,128,16,308.89,310.28,619.17,261.92,260.57,522.49,174.16,1.33, sdumont6165,1857.5099999999998
0.0,828,6,265348.0,3176.0,3105.3330078125,265348.0,0.0,0.0,0.0,0.0,1.0,0,0.0,0.0,3n-1m-46th-Bc-sp-mz,sequana_cpu_dev,3,11427795.0,1,46,B,sp-mz,8,8,400,304,208,17,1212.23,1177.5,2389.74,303.06,294.38,597.43,199.14,4.0, sdumont6166,14338.439999999999
0.0,966,7,265348.0,3096.0,3064.0,265348.0,0.0,0.0,0.0,0.0,1.0,0,0.0,0.0,3n-1m-46th-Bc-sp-mz,sequana_cpu_dev,3,11427797.0,1,46,B,sp-mz,8,8,400,304,208,17,1469.31,1412.83,2882.14,293.86,282.57,576.43,192.14,5.0, sdumont6165,20174.98
0.0,828,6,265348.0,3140.0,2433.3330078125,265348.0,0.0,0.0,0.0,0.0,1.0,0,0.0,0.0,3n-1m-46th-Bc-sp-mz,sequana_cpu_dev,3,11427800.0,1,46,B,sp-mz,8,8,400,304,208,17,1226.45,1185.72,2412.17,286.64,276.23,562.87,187.62,4.33, sdumont6167,14473.02
0.0,828,6,265348.0,3064.0,2385.3330078125,265348.0,0.0,0.0,0.0,0.0,1.0,0,0.0,0.0,3n-1m-46th-Bc-sp-mz,sequana_cpu_dev,3,11427804.0,1,46,B,sp-mz,8,8,400,304,208,17,1217.63,1173.87,2391.5,284.93,273.88,558.8,186.27,4.33, sdumont6165,14349.0
0.0,2484,18,265348.0,3080.0,2373.3330078125,265348.0,0.0,0.0,0.0,0.0,1.0,0,0.0,0.0,3n-1m-46th-Cc-sp-mz,sequana_cpu_dev,3,11427808.0,1,46,C,sp-mz,16,16,400,480,320,28,5579.93,5376.54,10956.47,342.01,329.36,671.37,223.79,16.33, sdumont6166,197216.46
0.0,2484,18,265348.0,3092.0,2396.0,265348.0,0.0,0.0,0.0,0.0,1.0,0,0.0,0.0,3n-1m-46th-Cc-sp-mz,sequana_cpu_dev,3,11427812.0,1,46,C,sp-mz,16,16,400,480,320,28,5713.21,5528.24,11241.45,350.36,338.78,689.14,229.71,16.33, sdumont6166,202346.1
0.0,2484,18,265348.0,3060.0,1709.3330078125,265348.0,0.0,0.0,0.0,0.0,1.0,0,0.0,0.0,3n-1m-46th-Cc-sp-mz,sequana_cpu_dev,3,11427816.0,1,46,C,sp-mz,16,16,400,480,320,28,5703.08,5511.64,11214.72,349.68,337.71,687.39,229.13,16.33, sdumont6166,201864.96
0.0,2484,18,265348.0,3152.0,2414.666015625,265348.0,0.0,0.0,0.0,0.0,1.0,0,0.0,0.0,3n-1m-46th-Cc-sp-mz,sequana_cpu_dev,3,11427820.0,1,46,C,sp-mz,16,16,400,480,320,28,5689.64,5486.04,11175.69,341.48,329.35,670.82,223.61,16.67, sdumont6166,201162.42
0.0,432,3,265348.0,3156.0,1741.3330078125,265348.0,0.0,0.0,0.0,0.0,1.0,0,0.0,0.0,3n-1m-48th-Ac-sp-mz,sequana_cpu_dev,3,11427823.0,1,48,A,sp-mz,4,4,400,128,128,16,311.76,323.72,635.48,263.9,271.57,535.47,178.49,1.33, sdumont6166,1906.44
0.0,432,3,265348.0,3176.0,1748.0,265348.0,0.0,0.0,0.0,0.0,2.0,0,0.0,0.0,3n-1m-48th-Ac-sp-mz,sequana_cpu_dev,3,11427825.0,1,48,A,sp-mz,4,4,400,128,128,16,314.4,319.66,634.06,265.41,266.62,532.03,177.34,1.33, sdumont6166,1902.1799999999998
0.0,432,3,265348.0,3168.0,2438.666015625,265348.0,0.0,0.0,0.0,0.0,1.0,0,0.0,0.0,3n-1m-48th-Ac-sp-mz,sequana_cpu_dev,3,11427827.0,1,48,A,sp-mz,4,4,400,128,128,16,311.54,324.14,635.68,263.9,272.61,536.51,178.84,1.33, sdumont6165,1907.04
0.0,432,3,265348.0,3176.0,2456.0,265348.0,0.0,0.0,0.0,0.0,1.0,0,0.0,0.0,3n-1m-48th-Ac-sp-mz,sequana_cpu_dev,3,11427831.0,1,48,A,sp-mz,4,4,400,128,128,16,310.8,324.26,635.06,262.36,271.54,533.9,177.97,1.33, sdumont6167,1905.1799999999998
0.0,864,6,265348.0,3168.0,2441.3330078125,265348.0,0.0,0.0,0.0,0.0,1.0,0,0.0,0.0,3n-1m-48th-Bc-sp-mz,sequana_cpu_dev,3,11427833.0,1,48,B,sp-mz,8,8,400,304,208,17,1201.41,1213.31,2414.72,281.35,283.33,564.68,188.23,4.33, sdumont6167,14488.32
0.0,864,6,265348.0,3112.0,1728.0,265348.0,0.0,0.0,0.0,0.0,1.0,0,0.0,0.0,3n-1m-48th-Bc-sp-mz,sequana_cpu_dev,3,11427836.0,1,48,B,sp-mz,8,8,400,304,208,17,1185.84,1195.22,2381.06,277.42,278.93,556.35,185.45,4.33, sdumont6165,14286.36
0.0,1296,9,265348.0,3160.0,2437.3330078125,265348.0,0.0,0.0,0.0,0.0,1.0,0,0.0,0.0,3n-1m-48th-Bc-sp-mz,sequana_cpu_dev,3,11427838.0,1,48,B,sp-mz,8,8,400,304,208,17,1444.3,1429.34,2873.63,206.33,204.19,410.52,136.84,7.0, sdumont6167,25862.670000000002
0.0,864,6,265348.0,3184.0,3149.3330078125,265348.0,0.0,0.0,0.0,0.0,1.0,0,0.0,0.0,3n-1m-48th-Bc-sp-mz,sequana_cpu_dev,3,11427841.0,1,48,B,sp-mz,8,8,400,304,208,17,1191.46,1195.55,2387.01,278.83,279.05,557.89,185.96,4.33, sdumont6165,14322.060000000001
0.0,2736,19,265348.0,3180.0,3152.0,265348.0,0.0,0.0,0.0,0.0,1.0,0,0.0,0.0,3n-1m-48th-Cc-sp-mz,sequana_cpu_dev,3,11427845.0,1,48,C,sp-mz,16,16,400,480,320,28,5876.9,5894.72,11771.61,339.44,340.28,679.72,226.57,17.33, sdumont6165,223660.59000000003
0.0,3024,21,265348.0,3172.0,3153.3330078125,265348.0,0.0,0.0,0.0,0.0,1.0,0,0.0,0.0,3n-1m-48th-Cc-sp-mz,sequana_cpu_dev,3,11427847.0,1,48,C,sp-mz,16,16,400,480,320,28,5862.82,5886.74,11749.56,302.72,304.31,607.03,202.34,19.33, sdumont6168,246740.75999999998
0.0,2592,18,265348.0,3168.0,2445.3330078125,265348.0,0.0,0.0,0.0,0.0,3.0,0,0.0,0.0,3n-1m-48th-Cc-sp-mz,sequana_cpu_dev,3,11427853.0,1,48,C,sp-mz,16,16,400,480,320,28,5623.85,5685.23,11309.09,344.96,348.56,693.52,231.17,16.33, sdumont6166,203563.62
0.0,2736,19,265348.0,3168.0,3161.3330078125,265348.0,0.0,0.0,0.0,0.0,0.0,0,0.0,0.0,3n-1m-48th-Cc-sp-mz,sequana_cpu_dev,3,11427860.0,1,48,C,sp-mz,16,16,400,480,320,28,6075.37,6110.62,12185.99,351.08,352.89,703.97,234.66,17.33, sdumont6166,231533.81
1.0,48,4,561659.3330078125,144028.0,72302.666015625,1292960.0,491.52,2109.44,1024.0,4218.88,1.0,0,0.0,0.0,3n-2m-2th-Ac-sp-mz,sequana_cpu_dev,3,11427862.0,2,2,A,sp-mz,4,4,400,128,128,16,395.93,405.29,801.22,177.2,180.11,357.31,119.1,2.33, sdumont6166,3204.88
1.0,48,4,627611.3330078125,143832.0,65826.666015625,1292960.0,501.76,2109.44,1024.0,4218.88,1.0,0,2.0,14.0,3n-2m-2th-Ac-sp-mz,sequana_cpu_dev,3,11427864.0,2,2,A,sp-mz,4,4,400,128,128,16,393.46,404.83,798.29,196.73,202.41,399.15,133.05,2.0, sdumont6165,3193.16
1.0,72,6,638148.0,144304.0,72884.0,1309980.0,665.6,2109.44,1996.8,4218.88,136.0,0,62.0,355.0,3n-2m-2th-Ac-sp-mz,sequana_cpu_dev,3,11427867.0,2,2,A,sp-mz,4,4,400,128,128,16,572.89,584.89,1157.78,114.58,116.98,231.56,77.19,5.0, sdumont6168,6946.68
1.0,48,4,463690.0,143280.0,49393.3330078125,1080252.0,501.76,2109.44,1024.0,4218.88,0.0,0,0.0,0.0,3n-2m-2th-Ac-sp-mz,sequana_cpu_dev,3,11427869.0,2,2,A,sp-mz,4,4,400,128,128,16,396.42,407.08,803.5,198.21,203.54,401.75,133.92,2.0, sdumont6167,3214.0
6.0,96,8,452831.3330078125,140332.0,71645.3330078125,640388.0,481.28,2109.44,962.56,4218.88,224.0,0,3.0,11.0,3n-2m-2th-Bc-sp-mz,sequana_cpu_dev,3,11427879.0,2,2,B,sp-mz,8,8,400,304,208,17,1380.33,1383.86,2764.19,197.19,197.69,394.88,131.63,7.0, sdumont6168,22113.52
2.0,108,9,499188.666015625,143472.0,27047.3330078125,1292896.0,542.72,2109.44,1095.68,4218.88,3.0,0,0.0,0.0,3n-2m-2th-Bc-sp-mz,sequana_cpu_dev,3,11427891.0,2,2,B,sp-mz,8,8,400,304,208,17,1355.19,1371.23,2726.42,169.4,171.4,340.8,113.6,8.0, sdumont6169,24537.78
6.0,84,7,628019.3330078125,143800.0,66255.3330078125,1292892.0,522.24,2109.44,1075.2,4218.88,1.0,0,2.0,12.0,3n-2m-2th-Bc-sp-mz,sequana_cpu_dev,3,11427911.0,2,2,B,sp-mz,8,8,400,304,208,17,1117.37,1164.53,2281.9,159.62,166.36,325.99,108.66,7.0, sdumont6166,15973.300000000001
6.0,96,8,554238.666015625,143656.0,65214.666015625,1292892.0,501.76,2109.44,1075.2,4218.88,1.0,0,0.0,0.0,3n-2m-2th-Bc-sp-mz,sequana_cpu_dev,3,11427934.0,2,2,B,sp-mz,8,8,400,304,208,17,1239.43,1278.85,2518.27,177.06,182.69,359.75,119.92,7.0, sdumont6166,20146.16
27.0,360,30,554246.666015625,143608.0,65168.666015625,1292912.0,552.96,2109.44,1361.92,4218.88,1.0,0,5.0,25.0,3n-2m-2th-Cc-sp-mz,sequana_cpu_dev,3,11427944.0,2,2,C,sp-mz,16,16,400,480,320,28,5285.57,5504.29,10789.87,182.26,189.8,372.06,124.02,29.0, sdumont6167,323696.10000000003
27.0,360,30,627539.3330078125,143920.0,65807.3330078125,1292876.0,614.4,2109.44,1361.92,4218.88,1.0,0,0.0,0.0,3n-2m-2th-Cc-sp-mz,sequana_cpu_dev,3,11427947.0,2,2,C,sp-mz,16,16,400,480,320,28,5267.36,5486.77,10754.13,181.63,189.2,370.83,123.61,29.0, sdumont6167,322623.89999999997
27.0,360,30,628010.0,145016.0,66477.3330078125,1292912.0,614.4,2109.44,1341.44,4218.88,1.0,0,0.0,0.0,3n-2m-2th-Cc-sp-mz,sequana_cpu_dev,3,11427949.0,2,2,C,sp-mz,16,16,400,480,320,28,5222.26,5436.1,10658.36,180.08,187.45,367.53,122.51,29.0, sdumont6167,319750.80000000005
9.0,360,30,498710.666015625,143760.0,27370.666015625,1292908.0,624.64,2109.44,1423.36,4229.12,1.0,0,0.0,0.0,3n-2m-2th-Cc-sp-mz,sequana_cpu_dev,3,11427951.0,2,2,C,sp-mz,16,16,400,480,320,28,5286.08,5508.59,10794.68,182.28,189.95,372.23,124.08,29.0, sdumont6167,323840.4
2.0,72,3,563720.0,144040.0,72354.666015625,1297072.0,491.52,2109.44,1013.76,4218.88,1.0,0,1.0,5.0,3n-2m-4th-Ac-sp-mz,sequana_cpu_dev,3,11427953.0,2,4,A,sp-mz,4,4,400,128,128,16,209.23,223.89,433.12,104.62,111.94,216.56,72.19,2.0, sdumont6167,1299.3600000000001
2.0,72,3,549225.3330078125,143924.0,58506.0,1297072.0,491.52,2109.44,1013.76,4218.88,1.0,0,0.0,2.0,3n-2m-4th-Ac-sp-mz,sequana_cpu_dev,3,11427955.0,2,4,A,sp-mz,4,4,400,128,128,16,200.3,218.03,418.33,100.15,109.02,209.17,69.72,2.0, sdumont6167,1254.99
1.0,72,3,377271.3330078125,100284.0,35538.0,601744.0,491.52,2109.44,1013.76,4218.88,1.0,0,0.0,3.0,3n-2m-4th-Ac-sp-mz,sequana_cpu_dev,3,11427956.0,2,4,A,sp-mz,4,4,400,128,128,16,198.73,210.69,409.42,99.36,105.34,204.71,68.24,2.0, sdumont6166,1228.26
2.0,72,3,454946.0,140356.0,71724.666015625,644636.0,481.28,2109.44,972.8,4218.88,1.0,0,0.0,2.0,3n-2m-4th-Ac-sp-mz,sequana_cpu_dev,3,11427958.0,2,4,A,sp-mz,4,4,400,128,128,16,204.2,218.39,422.59,102.1,109.19,211.29,70.43,2.0, sdumont6165,1267.77
7.0,144,6,549092.666015625,143724.0,58357.3330078125,1297004.0,491.52,2109.44,1034.24,4218.88,1.0,0,0.0,2.0,3n-2m-4th-Bc-sp-mz,sequana_cpu_dev,3,11427962.0,2,4,B,sp-mz,8,8,400,304,208,17,760.8,796.96,1557.76,152.16,159.39,311.55,103.85,5.0, sdumont6168,9346.56
7.0,144,6,636960.666015625,143900.0,72838.666015625,1297004.0,501.76,2109.44,1034.24,4218.88,1.0,0,0.0,1.0,3n-2m-4th-Bc-sp-mz,sequana_cpu_dev,3,11427964.0,2,4,B,sp-mz,8,8,400,304,208,17,762.97,801.37,1564.34,164.54,173.8,338.35,112.78,4.67, sdumont6167,9386.039999999999
7.0,144,6,629615.3330078125,143808.0,65755.3330078125,1296976.0,512.0,2109.44,1044.48,4218.88,1.0,0,0.0,1.0,3n-2m-4th-Bc-sp-mz,sequana_cpu_dev,3,11427965.0,2,4,B,sp-mz,8,8,400,304,208,17,758.21,795.8,1554.01,177.23,186.14,363.37,121.12,4.33, sdumont6167,9324.06
7.0,144,6,514256.666015625,143596.0,59001.3330078125,1084308.0,501.76,2109.44,1034.24,4218.88,1.0,0,1.0,5.0,3n-2m-4th-Bc-sp-mz,sequana_cpu_dev,3,11427968.0,2,4,B,sp-mz,8,8,400,304,208,17,760.84,789.63,1550.47,190.21,197.41,387.62,129.21,4.0, sdumont6166,9302.82
30.0,408,17,601522.0,143296.0,72703.3330078125,1084324.0,552.96,2109.44,1177.6,4218.88,1.0,0,5.0,28.0,3n-2m-4th-Cc-sp-mz,sequana_cpu_dev,3,11427970.0,2,4,C,sp-mz,16,16,400,480,320,28,3307.63,3400.61,6708.24,206.73,212.54,419.27,139.76,16.0, sdumont6165,114040.08
30.0,408,17,629604.666015625,145068.0,66098.666015625,1297024.0,563.2,2109.44,1198.08,4218.88,1.0,0,2.0,12.0,3n-2m-4th-Cc-sp-mz,sequana_cpu_dev,3,11427974.0,2,4,C,sp-mz,16,16,400,480,320,28,3557.4,3693.71,7251.12,222.34,230.86,453.19,151.06,16.0, sdumont6167,123269.04
10.0,408,17,455988.666015625,98876.0,20053.3330078125,885136.0,563.2,2109.44,1208.32,4218.88,1.0,0,0.0,3.0,3n-2m-4th-Cc-sp-mz,sequana_cpu_dev,3,11427975.0,2,4,C,sp-mz,16,16,400,480,320,28,3322.09,3419.12,6741.21,207.63,213.69,421.33,140.44,16.0, sdumont6167,114600.57
30.0,408,17,513920.666015625,143332.0,58584.666015625,1084324.0,522.24,2109.44,1198.08,4218.88,1.0,0,3.0,15.0,3n-2m-4th-Cc-sp-mz,sequana_cpu_dev,3,11427978.0,2,4,C,sp-mz,16,16,400,480,320,28,3552.67,3698.37,7251.03,222.04,231.15,453.19,151.06,16.0, sdumont6167,123267.51
2.0,108,3,551291.3330078125,143468.0,58278.666015625,1301200.0,491.52,2109.44,1003.52,4218.88,1.0,0,5.0,16.0,3n-2m-6th-Ac-sp-mz,sequana_cpu_dev,3,11427982.0,2,6,A,sp-mz,4,4,400,128,128,16,213.57,226.57,440.15,106.79,113.29,220.07,73.36,2.0, sdumont6165,1320.4499999999998
1.0,108,3,459314.0,141844.0,49561.3330078125,662460.0,491.52,2109.44,1013.76,4218.88,1.0,0,0.0,3.0,3n-2m-6th-Ac-sp-mz,sequana_cpu_dev,3,11427988.0,2,6,A,sp-mz,4,4,400,128,128,16,222.63,234.05,456.68,222.63,234.05,456.68,152.23,1.0, sdumont6166,1370.04
2.0,180,5,624847.3330078125,143360.0,59100.666015625,1301192.0,512.0,2109.44,1034.24,4218.88,1.0,0,66.0,378.0,3n-2m-6th-Ac-sp-mz,sequana_cpu_dev,3,11427990.0,2,6,A,sp-mz,4,4,400,128,128,16,471.22,465.29,936.51,117.8,116.32,234.13,78.04,4.0, sdumont6167,4682.55
0.0,288,8,469366.666015625,143800.0,27036.0,1301196.0,552.96,2109.44,1136.64,4218.88,1.0,0,1.0,6.0,3n-2m-6th-Ac-sp-mz,sequana_cpu_dev,3,11427994.0,2,6,A,sp-mz,4,4,400,128,128,16,770.58,718.87,1489.45,121.48,113.12,234.6,78.2,6.33, sdumont6169,11915.6
5.0,180,5,569686.666015625,143568.0,50210.0,1088428.0,512.0,2109.44,1034.24,4218.88,1.0,0,5.0,23.0,3n-2m-6th-Bc-sp-mz,sequana_cpu_dev,3,11427995.0,2,6,B,sp-mz,8,8,400,304,208,17,727.59,748.39,1475.98,181.9,187.1,369.0,123.0,4.0, sdumont6166,7379.9
5.0,180,5,533133.3330078125,143968.0,50022.666015625,1301128.0,501.76,2109.44,1024.0,4218.88,0.0,0,0.0,3.0,3n-2m-6th-Bc-sp-mz,sequana_cpu_dev,3,11427998.0,2,6,B,sp-mz,8,8,400,304,208,17,550.45,569.55,1120.0,137.61,142.39,280.0,93.33,4.0, sdumont6167,5600.0
5.0,180,5,569747.3330078125,143296.0,50192.0,1088296.0,501.76,2109.44,1024.0,4218.88,1.0,0,0.0,2.0,3n-2m-6th-Bc-sp-mz,sequana_cpu_dev,3,11427999.0,2,6,B,sp-mz,8,8,400,304,208,17,552.14,569.11,1121.25,184.05,189.7,373.75,124.58,3.0, sdumont6166,5606.25
8.0,180,5,631676.666015625,143896.0,65798.0,1301128.0,501.76,2109.44,1024.0,4218.88,1.0,0,0.0,2.0,3n-2m-6th-Bc-sp-mz,sequana_cpu_dev,3,11428000.0,2,6,B,sp-mz,8,8,400,304,208,17,554.95,570.88,1125.82,184.98,190.29,375.27,125.09,3.0, sdumont6167,5629.099999999999
32.0,468,13,712324.0,144024.0,73353.3330078125,1301148.0,563.2,2109.44,1136.64,4218.88,1.0,0,7.0,31.0,3n-2m-6th-Cc-sp-mz,sequana_cpu_dev,3,11428002.0,2,6,C,sp-mz,16,16,400,480,320,28,2894.39,2930.64,5825.03,241.2,244.22,485.42,161.81,12.0, sdumont6166,75725.39
32.0,468,13,522912.0,145264.0,65493.3330078125,1088444.0,512.0,2109.44,1136.64,4218.88,0.0,0,1.0,4.0,3n-2m-6th-Cc-sp-mz,sequana_cpu_dev,3,11428004.0,2,6,C,sp-mz,16,16,400,480,320,28,2894.36,2925.89,5820.25,255.19,258.34,513.53,171.18,11.33, sdumont6166,75663.25
32.0,468,13,558514.666015625,145880.0,65767.3330078125,1301148.0,512.0,2109.44,1136.64,4218.88,1.0,0,2.0,7.0,3n-2m-6th-Cc-sp-mz,sequana_cpu_dev,3,11428005.0,2,6,C,sp-mz,16,16,400,480,320,28,2894.92,2926.31,5821.23,248.31,251.1,499.42,166.47,11.67, sdumont6165,75675.98999999999
32.0,468,13,551220.0,143716.0,58444.666015625,1301012.0,512.0,2109.44,1136.64,4218.88,1.0,0,2.0,4.0,3n-2m-6th-Cc-sp-mz,sequana_cpu_dev,3,11428006.0,2,6,C,sp-mz,16,16,400,480,320,28,2881.39,2926.96,5808.35,240.12,243.91,484.03,161.34,12.0, sdumont6165,75508.55
2.0,144,3,567842.0,143364.0,72212.0,1305308.0,491.52,2109.44,1003.52,4218.88,1.0,0,8.0,21.0,3n-2m-8th-Ac-sp-mz,sequana_cpu_dev,3,11428009.0,2,8,A,sp-mz,4,4,400,128,128,16,234.41,234.79,469.21,117.21,117.4,234.6,78.2,2.0, sdumont6166,1407.6299999999999
1.0,96,2,490840.666015625,141820.0,43359.3330078125,885136.0,491.52,2109.44,983.04,4218.88,1.0,0,1.0,7.0,3n-2m-8th-Ac-sp-mz,sequana_cpu_dev,3,11428010.0,2,8,A,sp-mz,4,4,400,128,128,16,231.91,234.21,466.12,231.91,234.21,466.12,155.37,1.0, sdumont6166,932.24
2.0,144,3,634149.3330078125,143440.0,66257.3330078125,1305308.0,491.52,2109.44,1013.76,4218.88,1.0,0,5.0,18.0,3n-2m-8th-Ac-sp-mz,sequana_cpu_dev,3,11428013.0,2,8,A,sp-mz,4,4,400,128,128,16,236.61,242.63,479.24,236.61,242.63,479.24,159.75,1.0, sdumont6165,1437.72
1.0,96,2,425795.3330078125,139668.0,48894.0,652972.0,491.52,2109.44,1013.76,4218.88,0.0,0,0.0,3.0,3n-2m-8th-Ac-sp-mz,sequana_cpu_dev,3,11428014.0,2,8,A,sp-mz,4,4,400,128,128,16,232.68,237.3,469.98,232.68,237.3,469.98,156.66,1.0, sdumont6166,939.96
5.0,192,4,387256.0,123540.0,39386.0,652332.0,491.52,2109.44,1024.0,4218.88,1.0,0,2.0,7.0,3n-2m-8th-Bc-sp-mz,sequana_cpu_dev,3,11428017.0,2,8,B,sp-mz,8,8,400,304,208,17,625.78,640.78,1266.56,208.59,213.59,422.19,140.73,3.0, sdumont6166,5066.24
8.0,240,5,641053.3330078125,143708.0,72783.3330078125,1305080.0,501.76,2109.44,1024.0,4218.88,1.0,0,2.0,5.0,3n-2m-8th-Bc-sp-mz,sequana_cpu_dev,3,11428019.0,2,8,B,sp-mz,8,8,400,304,208,17,619.99,635.94,1255.93,243.54,247.95,491.49,163.83,2.67, sdumont6166,6279.650000000001
8.0,192,4,525256.0,143236.0,65440.666015625,1092408.0,491.52,2109.44,1024.0,4218.88,1.0,0,1.0,5.0,3n-2m-8th-Bc-sp-mz,sequana_cpu_dev,3,11428022.0,2,8,B,sp-mz,8,8,400,304,208,17,625.12,643.3,1268.42,208.37,214.43,422.81,140.94,3.0, sdumont6166,5073.68
5.0,192,4,533945.3330078125,143256.0,49858.666015625,1092544.0,501.76,2109.44,1024.0,4218.88,0.0,0,1.0,4.0,3n-2m-8th-Bc-sp-mz,sequana_cpu_dev,3,11428023.0,2,8,B,sp-mz,8,8,400,304,208,17,627.36,644.2,1271.56,209.12,214.73,423.85,141.28,3.0, sdumont6166,5086.24
34.0,480,10,714360.0,143812.0,73251.3330078125,1305128.0,552.96,2109.44,1095.68,4218.88,1.0,0,3.0,8.0,3n-2m-8th-Cc-sp-mz,sequana_cpu_dev,3,11428026.0,2,8,C,sp-mz,16,16,400,480,320,28,2564.8,2597.03,5161.83,284.98,288.56,573.54,191.18,9.0, sdumont6167,51618.3
34.0,480,10,451662.0,140304.0,64694.666015625,652680.0,481.28,2109.44,972.8,4218.88,0.0,0,4.0,11.0,3n-2m-8th-Cc-sp-mz,sequana_cpu_dev,3,11428028.0,2,8,C,sp-mz,16,16,400,480,320,28,2579.62,2608.62,5188.24,286.62,289.85,576.47,192.16,9.0, sdumont6167,51882.399999999994
22.0,528,11,380096.0,99332.0,35265.3330078125,609824.0,512.0,2109.44,1116.16,4218.88,1.0,0,2.0,9.0,3n-2m-8th-Cc-sp-mz,sequana_cpu_dev,3,11428031.0,2,8,C,sp-mz,16,16,400,480,320,28,2566.88,2603.5,5170.37,276.24,279.81,556.05,185.35,9.33, sdumont6167,56874.07
34.0,528,11,714382.0,143904.0,73280.666015625,1305128.0,552.96,2109.44,1105.92,4218.88,0.0,0,3.0,8.0,3n-2m-8th-Cc-sp-mz,sequana_cpu_dev,3,11428034.0,2,8,C,sp-mz,16,16,400,480,320,28,2552.88,2591.25,5144.13,274.73,278.51,553.24,184.41,9.33, sdumont6167,56585.43
2.0,180,3,497287.3330078125,142628.0,42450.0,1309424.0,491.52,2109.44,1013.76,4218.88,0.0,0,4.0,11.0,3n-2m-10th-Ac-sp-mz,sequana_cpu_dev,3,11428036.0,2,10,A,sp-mz,4,4,400,128,128,16,241.03,241.84,482.87,241.03,241.84,482.87,160.96,1.0, sdumont6167,1448.6100000000001
1.0,120,2,609204.666015625,142840.0,49828.666015625,1309500.0,501.76,2109.44,1013.76,4218.88,0.0,0,3.0,12.0,3n-2m-10th-Ac-sp-mz,sequana_cpu_dev,3,11428037.0,2,10,A,sp-mz,4,4,400,128,128,16,240.76,242.28,483.04,240.76,242.28,483.04,161.01,1.0, sdumont6167,966.08
2.0,120,2,643195.3330078125,142660.0,72558.0,1309424.0,491.52,2109.44,1013.76,4218.88,1.0,0,4.0,16.0,3n-2m-10th-Ac-sp-mz,sequana_cpu_dev,3,11428040.0,2,10,A,sp-mz,4,4,400,128,128,16,237.33,237.05,474.38,237.33,237.05,474.38,158.13,1.0, sdumont6165,948.76
2.0,120,2,636319.3330078125,142824.0,65745.3330078125,1309496.0,501.76,2109.44,1013.76,4218.88,1.0,0,7.0,32.0,3n-2m-10th-Ac-sp-mz,sequana_cpu_dev,3,11428043.0,2,10,A,sp-mz,4,4,400,128,128,16,239.06,244.81,483.87,239.06,244.81,483.87,161.29,1.0, sdumont6167,967.74
6.0,240,4,491858.0,140368.0,42744.0,885612.0,491.52,2109.44,1024.0,4218.88,1.0,0,6.0,26.0,3n-2m-10th-Bc-sp-mz,sequana_cpu_dev,3,11428045.0,2,10,B,sp-mz,8,8,400,304,208,17,686.13,694.33,1380.46,228.71,231.44,460.15,153.38,3.0, sdumont6166,5521.84
9.0,240,4,424640.666015625,99408.0,38053.3330078125,613888.0,491.52,2109.44,972.8,4218.88,0.0,0,3.0,11.0,3n-2m-10th-Bc-sp-mz,sequana_cpu_dev,3,11428049.0,2,10,B,sp-mz,8,8,400,304,208,17,687.29,709.91,1397.2,229.1,236.64,465.73,155.24,3.0, sdumont6166,5588.8
9.0,240,4,540492.0,144092.0,45082.666015625,1309364.0,491.52,2109.44,1024.0,4218.88,1.0,0,3.0,7.0,3n-2m-10th-Bc-sp-mz,sequana_cpu_dev,3,11428052.0,2,10,B,sp-mz,8,8,400,304,208,17,686.26,693.39,1379.64,228.75,231.13,459.88,153.29,3.0, sdumont6166,5518.56
9.0,240,4,716412.666015625,144000.0,73322.666015625,1309232.0,512.0,2109.44,1024.0,4218.88,1.0,0,3.0,8.0,3n-2m-10th-Bc-sp-mz,sequana_cpu_dev,3,11428055.0,2,10,B,sp-mz,8,8,400,304,208,17,688.84,693.26,1382.1,229.61,231.09,460.7,153.57,3.0, sdumont6165,5528.4
24.0,540,9,566020.666015625,145416.0,43875.3330078125,1096648.0,522.24,2109.44,1095.68,4218.88,4.0,0,4.0,15.0,3n-2m-10th-Cc-sp-mz,sequana_cpu_dev,3,11428058.0,2,10,C,sp-mz,16,16,400,480,320,28,2446.67,2486.63,4933.3,305.83,310.83,616.66,205.55,8.0, sdumont6166,44399.700000000004
24.0,540,9,646480.666015625,143500.0,50535.3330078125,1096680.0,542.72,2109.44,1095.68,4218.88,1.0,0,3.0,13.0,3n-2m-10th-Cc-sp-mz,sequana_cpu_dev,3,11428063.0,2,10,C,sp-mz,16,16,400,480,320,28,2462.63,2506.83,4969.47,307.83,313.35,621.18,207.06,8.0, sdumont6167,44725.23
36.0,540,9,635982.0,143816.0,65991.3330078125,1309384.0,522.24,2109.44,1085.44,4218.88,1.0,0,10.0,29.0,3n-2m-10th-Cc-sp-mz,sequana_cpu_dev,3,11428066.0,2,10,C,sp-mz,16,16,400,480,320,28,2432.3,2513.04,4945.34,304.04,314.13,618.17,206.06,8.0, sdumont6165,44508.06
24.0,540,9,542436.666015625,143208.0,50018.0,1096676.0,542.72,2109.44,1105.92,4218.88,1.0,0,4.0,15.0,3n-2m-10th-Cc-sp-mz,sequana_cpu_dev,3,11428071.0,2,10,C,sp-mz,16,16,400,480,320,28,2443.26,2484.51,4927.77,305.41,310.56,615.97,205.32,8.0, sdumont6165,44349.93000000001
2.0,216,3,645246.666015625,143172.0,72862.0,1313544.0,501.76,2109.44,1013.76,4218.88,1.0,0,5.0,11.0,3n-2m-12th-Ac-sp-mz,sequana_cpu_dev,3,11428074.0,2,12,A,sp-mz,4,4,400,128,128,16,236.29,245.99,482.27,236.29,245.99,482.27,160.76,1.0, sdumont6166,1446.81
1.0,360,5,470519.3330078125,142484.0,49575.3330078125,1100844.0,522.24,2109.44,1105.92,4218.88,1.0,0,63.0,372.0,3n-2m-12th-Ac-sp-mz,sequana_cpu_dev,3,11428087.0,2,12,A,sp-mz,4,4,400,128,128,16,593.36,589.49,1182.85,148.34,147.37,295.71,98.57,4.0, sdumont6167,5914.25
9.0,288,4,645169.3330078125,146136.0,73572.0,1313484.0,501.76,2109.44,1024.0,4218.88,2.0,0,7.0,21.0,3n-2m-12th-Bc-sp-mz,sequana_cpu_dev,3,11428111.0,2,12,B,sp-mz,8,8,400,304,208,17,554.33,587.82,1142.15,184.78,195.94,380.72,126.91,3.0, sdumont6167,4568.6
9.0,288,4,601804.0,144096.0,65885.3330078125,1313488.0,501.76,2109.44,1024.0,4218.88,1.0,0,7.0,18.0,3n-2m-12th-Bc-sp-mz,sequana_cpu_dev,3,11428113.0,2,12,B,sp-mz,8,8,400,304,208,17,557.81,588.29,1146.11,185.94,196.1,382.04,127.35,3.0, sdumont6166,4584.44
6.0,288,4,494808.666015625,145244.0,43343.3330078125,1100648.0,501.76,2109.44,1034.24,4218.88,1.0,0,3.0,10.0,3n-2m-12th-Bc-sp-mz,sequana_cpu_dev,3,11428116.0,2,12,B,sp-mz,8,8,400,304,208,17,550.5,581.97,1132.47,183.5,193.99,377.49,125.83,3.0, sdumont6167,4529.88
6.0,288,4,603722.0,145580.0,43804.666015625,1107884.0,501.76,2109.44,1024.0,4218.88,1.0,0,5.0,19.0,3n-2m-12th-Bc-sp-mz,sequana_cpu_dev,3,11428121.0,2,12,B,sp-mz,8,8,400,304,208,17,422.51,457.07,879.58,140.84,152.36,293.19,97.73,3.0, sdumont6166,3518.32
38.0,648,9,521840.0,143308.0,58331.3330078125,1100796.0,501.76,2109.44,1075.2,4218.88,1.0,0,15.0,50.0,3n-2m-12th-Cc-sp-mz,sequana_cpu_dev,3,11428126.0,2,12,C,sp-mz,16,16,400,480,320,28,2122.57,2245.35,4367.92,303.22,320.76,623.99,208.0,7.0, sdumont6166,39311.28
26.0,648,9,413811.3330078125,98356.0,35110.0,616872.0,501.76,2109.44,1105.92,4218.88,1.0,0,5.0,16.0,3n-2m-12th-Cc-sp-mz,sequana_cpu_dev,3,11428129.0,2,12,C,sp-mz,16,16,400,480,320,28,2252.87,2389.96,4642.83,321.84,341.42,663.26,221.09,7.0, sdumont6167,41785.47
39.0,648,9,557288.666015625,143984.0,58820.0,1313500.0,501.76,2109.44,1095.68,4218.88,1.0,0,9.0,26.0,3n-2m-12th-Cc-sp-mz,sequana_cpu_dev,3,11428130.0,2,12,C,sp-mz,16,16,400,480,320,28,2245.53,2373.69,4619.22,294.1,310.36,604.46,201.49,7.67, sdumont6166,41572.98
26.0,648,9,414186.0,99556.0,35519.3330078125,618068.0,512.0,2109.44,1095.68,4218.88,1.0,0,6.0,28.0,3n-2m-12th-Cc-sp-mz,sequana_cpu_dev,3,11428132.0,2,12,C,sp-mz,16,16,400,480,320,28,2501.28,2642.86,5144.14,312.66,330.36,643.02,214.34,8.0, sdumont6167,46297.26
1.0,168,2,398170.0,140232.0,26551.3330078125,665168.0,501.76,2109.44,1013.76,4218.88,1.0,0,2.0,17.0,3n-2m-14th-Ac-sp-mz,sequana_cpu_dev,3,11428139.0,2,14,A,sp-mz,4,4,400,128,128,16,237.32,237.63,474.95,237.32,237.63,474.95,158.32,1.0, sdumont6166,949.9
3.0,252,3,574021.3330078125,141900.0,71650.666015625,1317732.0,491.52,2109.44,1003.52,4218.88,1.0,0,8.0,21.0,3n-2m-14th-Ac-sp-mz,sequana_cpu_dev,3,11428140.0,2,14,A,sp-mz,4,4,400,128,128,16,236.24,238.0,474.24,236.24,238.0,474.24,158.08,1.0, sdumont6167,1422.72
2.0,252,3,495506.0,138208.0,42377.3330078125,889484.0,491.52,2109.44,1003.52,4218.88,1.0,0,4.0,18.0,3n-2m-14th-Ac-sp-mz,sequana_cpu_dev,3,11428142.0,2,14,A,sp-mz,4,4,400,128,128,16,237.77,237.82,475.58,237.77,237.82,475.58,158.53,1.0, sdumont6167,1426.74
7.0,336,4,531654.0,144208.0,43118.0,1317604.0,501.76,2109.44,1013.76,4218.88,1.0,0,8.0,40.0,3n-2m-14th-Bc-sp-mz,sequana_cpu_dev,3,11428145.0,2,14,B,sp-mz,8,8,400,304,208,17,303.88,322.43,626.31,136.57,144.25,280.83,93.61,2.33, sdumont6165,2505.24
11.0,588,7,544658.666015625,143948.0,45202.666015625,1317468.0,501.76,2109.44,1085.44,4218.88,1.0,0,58.0,333.0,3n-2m-14th-Bc-sp-mz,sequana_cpu_dev,3,11428149.0,2,14,B,sp-mz,8,8,400,304,208,17,889.64,910.89,1800.53,127.09,130.13,257.22,85.74,7.0, sdumont6167,12603.71
10.0,336,4,566798.666015625,144056.0,65541.3330078125,1317600.0,491.52,2109.44,1024.0,4218.88,1.0,0,9.0,27.0,3n-2m-14th-Bc-sp-mz,sequana_cpu_dev,3,11428151.0,2,14,B,sp-mz,8,8,400,304,208,17,415.96,434.97,850.92,138.65,144.99,283.64,94.55,3.0, sdumont6166,3403.68
10.0,252,3,457820.666015625,140428.0,64712.666015625,664984.0,491.52,2109.44,972.8,4218.88,1.0,0,8.0,30.0,3n-2m-14th-Bc-sp-mz,sequana_cpu_dev,3,11428156.0,2,14,B,sp-mz,8,8,400,304,208,17,295.51,321.01,616.52,147.76,160.5,308.26,102.75,2.0, sdumont6166,1849.56
43.0,672,8,523990.0,143088.0,58370.0,1104776.0,501.76,2109.44,1075.2,4218.88,1.0,0,15.0,33.0,3n-2m-14th-Cc-sp-mz,sequana_cpu_dev,3,11428159.0,2,14,C,sp-mz,16,16,400,480,320,28,2162.95,2242.0,4404.95,308.99,320.29,629.28,209.76,7.0, sdumont6168,35239.6
29.0,672,8,422720.666015625,140356.0,42303.3330078125,664996.0,501.76,2109.44,1085.44,4218.88,1.0,0,7.0,25.0,3n-2m-14th-Cc-sp-mz,sequana_cpu_dev,3,11428161.0,2,14,C,sp-mz,16,16,400,480,320,28,2165.66,2246.89,4412.55,309.38,320.98,630.36,210.12,7.0, sdumont6166,35300.4
29.0,756,9,531288.666015625,144128.0,42714.666015625,1317620.0,522.24,2109.44,1075.2,4218.88,1.0,0,7.0,24.0,3n-2m-14th-Cc-sp-mz,sequana_cpu_dev,3,11428164.0,2,14,C,sp-mz,16,16,400,480,320,28,2275.31,2356.11,4631.41,359.69,372.71,732.39,244.13,6.33, sdumont6167,41682.69
43.0,672,8,639924.666015625,143860.0,65832.666015625,1317620.0,522.24,2109.44,1075.2,4218.88,1.0,0,9.0,27.0,3n-2m-14th-Cc-sp-mz,sequana_cpu_dev,3,11428168.0,2,14,C,sp-mz,16,16,400,480,320,28,2182.29,2265.43,4447.72,311.76,323.63,635.39,211.8,7.0, sdumont6167,35581.76
3.0,288,3,649376.0,142928.0,72552.666015625,1321852.0,501.76,2109.44,1013.76,4218.88,1.0,0,20.0,65.0,3n-2m-16th-Ac-sp-mz,sequana_cpu_dev,3,11428182.0,2,16,A,sp-mz,4,4,400,128,128,16,171.56,186.94,358.5,171.56,186.94,358.5,119.5,1.0, sdumont6168,1075.5
11.0,384,4,575992.666015625,143872.0,72378.0,1321720.0,491.52,2109.44,1034.24,4218.88,1.0,0,17.0,52.0,3n-2m-16th-Bc-sp-mz,sequana_cpu_dev,3,11428186.0,2,16,B,sp-mz,8,8,400,304,208,17,406.78,439.74,846.52,203.39,219.87,423.26,141.09,2.0, sdumont6167,3386.08
11.0,384,4,722588.0,144116.0,73392.666015625,1321720.0,501.76,2109.44,1013.76,4218.88,4.0,0,7.0,21.0,3n-2m-16th-Bc-sp-mz,sequana_cpu_dev,3,11428191.0,2,16,B,sp-mz,8,8,400,304,208,17,429.33,463.53,892.86,143.11,154.51,297.62,99.21,3.0, sdumont6166,3571.44
7.0,384,4,466258.0,143304.0,42882.666015625,1108884.0,501.76,2109.44,1024.0,4218.88,3.0,0,6.0,22.0,3n-2m-16th-Bc-sp-mz,sequana_cpu_dev,3,11428194.0,2,16,B,sp-mz,8,8,400,304,208,17,298.21,328.05,626.26,132.57,145.56,278.13,92.71,2.33, sdumont6165,2505.04
11.0,672,7,627324.666015625,144088.0,52689.3330078125,1321584.0,522.24,2109.44,1075.2,4218.88,3.0,0,62.0,337.0,3n-2m-16th-Bc-sp-mz,sequana_cpu_dev,3,11428198.0,2,16,B,sp-mz,8,8,400,304,208,17,1031.15,1067.43,2098.58,171.86,177.9,349.76,116.59,6.0, sdumont6166,14690.06
48.0,768,8,722596.0,144068.0,73389.3330078125,1321600.0,532.48,2109.44,1075.2,4218.88,3.0,0,17.0,37.0,3n-2m-16th-Cc-sp-mz,sequana_cpu_dev,3,11428202.0,2,16,C,sp-mz,16,16,400,480,320,28,2188.98,2362.99,4551.97,312.71,337.57,650.28,216.76,7.0, sdumont6166,36415.76
31.0,768,8,613294.666015625,144112.0,50258.0,1321736.0,542.72,2109.44,1085.44,4218.88,3.0,0,10.0,34.0,3n-2m-16th-Cc-sp-mz,sequana_cpu_dev,3,11428206.0,2,16,C,sp-mz,16,16,400,480,320,28,2237.44,2380.21,4617.66,319.63,340.03,659.67,219.89,7.0, sdumont6167,36941.28
31.0,768,8,613403.3330078125,145992.0,50678.666015625,1321736.0,542.72,2109.44,1105.92,4218.88,3.0,0,11.0,37.0,3n-2m-16th-Cc-sp-mz,sequana_cpu_dev,3,11428209.0,2,16,C,sp-mz,16,16,400,480,320,28,2251.84,2377.26,4629.1,321.69,339.61,661.3,220.43,7.0, sdumont6166,37032.8
15.0,768,8,503438.0,143512.0,27302.666015625,1109028.0,532.48,2109.44,1085.44,4218.88,1.0,0,4.0,24.0,3n-2m-16th-Cc-sp-mz,sequana_cpu_dev,3,11428212.0,2,16,C,sp-mz,16,16,400,480,320,28,2240.02,2372.0,4612.02,320.0,338.86,658.86,219.62,7.0, sdumont6165,36896.16
3.0,324,3,469345.3330078125,141240.0,71458.0,673408.0,481.28,2109.44,972.8,4218.88,1.0,0,15.0,49.0,3n-2m-18th-Ac-sp-mz,sequana_cpu_dev,3,11428216.0,2,18,A,sp-mz,4,4,400,128,128,16,240.94,242.06,483.0,198.69,201.5,400.19,133.4,1.33, sdumont6165,1449.0
2.0,324,3,651320.0,143792.0,50586.0,1113200.0,501.76,2109.44,1013.76,4218.88,1.0,0,8.0,26.0,3n-2m-18th-Ac-sp-mz,sequana_cpu_dev,3,11428220.0,2,18,A,sp-mz,4,4,400,128,128,16,239.18,240.59,479.77,197.14,200.22,397.36,132.45,1.33, sdumont6166,1439.31
8.0,432,4,498708.666015625,143616.0,42792.0,1113132.0,501.76,2109.44,1044.48,4218.88,1.0,0,19.0,84.0,3n-2m-18th-Bc-sp-mz,sequana_cpu_dev,3,11428221.0,2,18,B,sp-mz,8,8,400,304,208,17,676.22,681.75,1357.97,225.41,227.25,452.66,150.89,3.0, sdumont6167,5431.88
8.0,432,4,474628.0,143780.0,49670.0,1113132.0,512.0,2109.44,1064.96,4218.88,1.0,0,6.0,24.0,3n-2m-18th-Bc-sp-mz,sequana_cpu_dev,3,11428222.0,2,18,B,sp-mz,8,8,400,304,208,17,300.37,320.69,621.07,133.6,142.45,276.04,92.01,2.33, sdumont6167,2484.28
4.0,324,3,541235.3330078125,143744.0,27666.666015625,1113136.0,501.76,2109.44,1024.0,4218.88,1.0,0,3.0,20.0,3n-2m-18th-Bc-sp-mz,sequana_cpu_dev,3,11428223.0,2,18,B,sp-mz,8,8,400,304,208,17,295.88,316.83,612.71,131.53,140.61,272.14,90.71,2.33, sdumont6166,1838.13
8.0,432,4,467261.3330078125,143648.0,42523.3330078125,1113004.0,501.76,2109.44,1013.76,4218.88,1.0,0,8.0,29.0,3n-2m-18th-Bc-sp-mz,sequana_cpu_dev,3,11428224.0,2,18,B,sp-mz,8,8,400,304,208,17,304.34,322.84,627.18,134.16,143.21,277.36,92.45,2.33, sdumont6165,2508.72
52.0,864,8,644046.0,144392.0,65949.3330078125,1325856.0,522.24,2109.44,1075.2,4218.88,1.0,0,20.0,67.0,3n-2m-18th-Cc-sp-mz,sequana_cpu_dev,3,11428225.0,2,18,C,sp-mz,16,16,400,480,320,28,2305.63,2347.64,4653.27,329.38,335.38,664.75,221.58,7.0, sdumont6165,37226.16
34.0,864,8,651326.0,143700.0,50808.0,1113152.0,532.48,2109.44,1075.2,4218.88,1.0,0,11.0,37.0,3n-2m-18th-Cc-sp-mz,sequana_cpu_dev,3,11428226.0,2,18,C,sp-mz,16,16,400,480,320,28,2313.63,2349.74,4663.36,330.52,335.68,666.19,222.06,7.0, sdumont6167,37306.88
51.0,972,9,609001.3330078125,145584.0,66626.0,1113020.0,522.24,2109.44,1095.68,4218.88,2.0,0,50.0,229.0,3n-2m-18th-Cc-sp-mz,sequana_cpu_dev,3,11428227.0,2,18,C,sp-mz,16,16,400,480,320,28,2461.67,2498.62,4960.29,351.67,356.95,708.61,236.2,7.0, sdumont6165,44642.61
52.0,864,8,608594.666015625,143588.0,65835.3330078125,1113148.0,522.24,2109.44,1075.2,4218.88,1.0,0,17.0,45.0,3n-2m-18th-Cc-sp-mz,sequana_cpu_dev,3,11428228.0,2,18,C,sp-mz,16,16,400,480,320,28,2284.97,2326.83,4611.81,326.42,332.4,658.83,219.61,7.0, sdumont6166,36894.48
3.0,360,3,726800.0,143896.0,73223.3330078125,1330092.0,501.76,2109.44,1003.52,4218.88,1.0,0,13.0,35.0,3n-2m-20th-Ac-sp-mz,sequana_cpu_dev,3,11428231.0,2,20,A,sp-mz,4,4,400,128,128,16,239.96,245.12,485.08,119.98,122.56,242.54,80.85,2.0, sdumont6167,1455.24
13.0,480,4,646446.0,146416.0,66710.666015625,1329824.0,501.76,2109.44,1013.76,4218.88,1.0,0,15.0,34.0,3n-2m-20th-Bc-sp-mz,sequana_cpu_dev,3,11428233.0,2,20,B,sp-mz,8,8,400,304,208,17,302.33,329.22,631.56,118.86,128.47,247.32,82.44,2.67, sdumont6167,2526.24
9.0,360,3,426624.666015625,140608.0,42171.3330078125,677340.0,491.52,2109.44,1013.76,4218.88,1.0,0,14.0,65.0,3n-2m-20th-Bc-sp-mz,sequana_cpu_dev,3,11428235.0,2,20,B,sp-mz,8,8,400,304,208,17,270.06,296.42,566.48,90.02,98.81,188.83,62.94,3.0, sdumont6167,1699.44
14.0,480,4,548670.666015625,144248.0,43474.666015625,1329824.0,491.52,2109.44,1013.76,4218.88,1.0,0,11.0,30.0,3n-2m-20th-Bc-sp-mz,sequana_cpu_dev,3,11428236.0,2,20,B,sp-mz,8,8,400,304,208,17,295.73,324.71,620.44,116.75,127.08,243.83,81.28,2.67, sdumont6167,2481.76
4.0,360,3,541921.3330078125,143776.0,27595.3330078125,1117252.0,501.76,2109.44,1024.0,4218.88,1.0,0,6.0,38.0,3n-2m-20th-Bc-sp-mz,sequana_cpu_dev,3,11428238.0,2,20,B,sp-mz,8,8,400,304,208,17,322.38,354.71,677.1,161.19,177.36,338.55,112.85,2.0, sdumont6167,2031.3000000000002
38.0,960,8,491496.666015625,99304.0,35846.0,885656.0,501.76,2109.44,1075.2,4218.88,4.0,0,15.0,60.0,3n-2m-20th-Cc-sp-mz,sequana_cpu_dev,3,11428240.0,2,20,C,sp-mz,16,16,400,480,320,28,2298.3,2424.83,4723.14,328.33,346.4,674.73,224.91,7.0, sdumont6167,37785.12
38.0,960,8,395357.3330078125,140568.0,41956.666015625,677332.0,512.0,2109.44,1085.44,4218.88,3.0,0,10.0,33.0,3n-2m-20th-Cc-sp-mz,sequana_cpu_dev,3,11428242.0,2,20,C,sp-mz,16,16,400,480,320,28,2296.06,2418.03,4714.09,328.01,345.43,673.44,224.48,7.0, sdumont6165,37712.72
38.0,960,8,572042.666015625,143780.0,43316.666015625,1117268.0,522.24,2109.44,1075.2,4218.88,1.0,0,13.0,44.0,3n-2m-20th-Cc-sp-mz,sequana_cpu_dev,3,11428243.0,2,20,C,sp-mz,16,16,400,480,320,28,2332.53,2448.81,4781.34,333.22,349.83,683.05,227.68,7.0, sdumont6165,38250.72
36.0,960,8,580612.666015625,147628.0,50819.3330078125,1117268.0,542.72,2109.44,1085.44,4218.88,1.0,0,13.0,42.0,3n-2m-20th-Cc-sp-mz,sequana_cpu_dev,3,11428246.0,2,20,C,sp-mz,16,16,400,480,320,28,2318.04,2398.98,4717.01,331.15,342.71,673.86,224.62,7.0, sdumont6166,37736.08
4.0,528,4,546797.3330078125,142708.0,71483.3330078125,1121440.0,491.52,2109.44,1024.0,4218.88,1.0,0,52.0,229.0,3n-2m-22th-Ac-sp-mz,sequana_cpu_dev,3,11428248.0,2,22,A,sp-mz,4,4,400,128,128,16,355.84,364.51,720.35,158.7,160.53,319.23,106.41,2.33, sdumont6166,2881.4
0.0,396,3,394116.0,6448.0,4147.3330078125,662460.0,512.0,2109.44,1024.0,4218.88,1.0,0,0.0,0.0,3n-2m-22th-Ac-sp-mz,sequana_cpu_dev,3,11428250.0,2,22,A,sp-mz,4,4,400,128,128,16,238.34,238.55,476.89,200.02,198.14,398.15,132.72,1.33, sdumont6167,1430.67
4.0,396,3,575002.666015625,141312.0,64792.666015625,1334216.0,491.52,2109.44,1003.52,4218.88,1.0,0,14.0,35.0,3n-2m-22th-Ac-sp-mz,sequana_cpu_dev,3,11428252.0,2,22,A,sp-mz,4,4,400,128,128,16,241.1,242.1,483.2,202.74,201.93,404.67,134.89,1.33, sdumont6165,1449.6
15.0,528,4,532018.666015625,143476.0,58286.0,1121248.0,491.52,2109.44,1013.76,4218.88,1.0,0,22.0,55.0,3n-2m-22th-Bc-sp-mz,sequana_cpu_dev,3,11428256.0,2,22,B,sp-mz,8,8,400,304,208,17,290.05,310.29,600.35,130.06,138.24,268.29,89.43,2.33, sdumont6167,2401.4
15.0,528,4,567498.666015625,144204.0,58791.3330078125,1334088.0,491.52,2109.44,1013.76,4218.88,1.0,0,16.0,38.0,3n-2m-22th-Bc-sp-mz,sequana_cpu_dev,3,11428258.0,2,22,B,sp-mz,8,8,400,304,208,17,309.28,328.49,637.76,138.72,146.46,285.18,95.06,2.33, sdumont6167,2551.04
15.0,528,4,648136.0,144168.0,65959.3330078125,1334084.0,501.76,2109.44,1034.24,4218.88,1.0,0,24.0,82.0,3n-2m-22th-Bc-sp-mz,sequana_cpu_dev,3,11428260.0,2,22,B,sp-mz,8,8,400,304,208,17,553.14,576.15,1129.29,248.15,257.16,505.31,168.44,2.33, sdumont6167,4517.16
5.0,528,4,375432.666015625,19644.0,6372.0,550360.0,501.76,2109.44,1024.0,4218.88,1.0,0,5.0,31.0,3n-2m-22th-Bc-sp-mz,sequana_cpu_dev,3,11428262.0,2,22,B,sp-mz,8,8,400,304,208,17,312.5,332.1,644.61,140.29,148.33,288.62,96.21,2.33, sdumont6166,2578.44
60.0,1056,8,567586.0,144484.0,58574.0,1334104.0,501.76,2109.44,1075.2,4218.88,1.0,0,32.0,85.0,3n-2m-22th-Cc-sp-mz,sequana_cpu_dev,3,11428264.0,2,22,C,sp-mz,16,16,400,480,320,28,2325.65,2343.11,4668.77,369.82,372.0,741.82,247.27,6.33, sdumont6166,37350.16
62.0,1056,8,728821.3330078125,144100.0,73519.3330078125,1334100.0,542.72,2109.44,1075.2,4218.88,1.0,0,20.0,54.0,3n-2m-22th-Cc-sp-mz,sequana_cpu_dev,3,11428266.0,2,22,C,sp-mz,16,16,400,480,320,28,2350.59,2376.39,4726.98,373.83,377.21,751.05,250.35,6.33, sdumont6166,37815.84
41.0,1056,8,477305.3330078125,143720.0,49523.3330078125,1121256.0,522.24,2109.44,1075.2,4218.88,1.0,0,11.0,41.0,3n-2m-22th-Cc-sp-mz,sequana_cpu_dev,3,11428269.0,2,22,C,sp-mz,16,16,400,480,320,28,2326.16,2358.72,4684.89,370.16,374.71,744.87,248.29,6.33, sdumont6165,37479.12
40.0,1056,8,455754.0,101512.0,36408.0,662460.0,501.76,2109.44,1075.2,4218.88,1.0,0,10.0,32.0,3n-2m-22th-Cc-sp-mz,sequana_cpu_dev,3,11428271.0,2,22,C,sp-mz,16,16,400,480,320,28,2318.32,2354.77,4673.09,368.87,373.99,742.86,247.62,6.33, sdumont6166,37384.72
5.0,576,4,453974.666015625,99940.0,50390.0,643964.0,491.52,2109.44,983.04,4218.88,1.0,0,51.0,229.0,3n-2m-24th-Ac-sp-mz,sequana_cpu_dev,3,11428274.0,2,24,A,sp-mz,4,4,400,128,128,16,340.08,358.27,698.36,152.66,159.35,312.01,104.0,2.33, sdumont6166,2793.44
11.0,576,4,552039.3330078125,143808.0,50104.666015625,1125484.0,501.76,2109.44,1024.0,4218.88,1.0,0,13.0,43.0,3n-2m-24th-Bc-sp-mz,sequana_cpu_dev,3,11428277.0,2,24,B,sp-mz,8,8,400,304,208,17,307.84,329.26,637.1,153.92,164.63,318.55,106.18,2.0, sdumont6166,2548.4
11.0,576,4,502867.3330078125,143424.0,42884.666015625,1125352.0,501.76,2109.44,1024.0,4218.88,1.0,0,11.0,38.0,3n-2m-24th-Bc-sp-mz,sequana_cpu_dev,3,11428278.0,2,24,B,sp-mz,8,8,400,304,208,17,322.15,342.36,664.52,215.1,228.61,443.71,147.9,1.67, sdumont6167,2658.08
11.0,576,4,471400.0,144048.0,42699.3330078125,1125484.0,501.76,2109.44,1013.76,4218.88,1.0,0,11.0,38.0,3n-2m-24th-Bc-sp-mz,sequana_cpu_dev,3,11428279.0,2,24,B,sp-mz,8,8,400,304,208,17,317.64,338.63,656.27,143.02,151.66,294.68,98.23,2.33, sdumont6165,2625.08
5.0,576,4,394226.666015625,98624.0,19645.3330078125,662460.0,512.0,2109.44,1034.24,4218.88,1.0,0,6.0,40.0,3n-2m-24th-Bc-sp-mz,sequana_cpu_dev,3,11428280.0,2,24,B,sp-mz,8,8,400,304,208,17,410.1,429.68,839.77,167.91,175.77,343.68,114.56,2.33, sdumont6165,3359.08
44.0,1152,8,690851.3330078125,144140.0,50904.666015625,1338084.0,532.48,2109.44,1075.2,4218.88,1.0,0,23.0,93.0,3n-2m-24th-Cc-sp-mz,sequana_cpu_dev,3,11428281.0,2,24,C,sp-mz,16,16,400,480,320,28,2410.15,2443.64,4853.79,383.35,387.95,771.3,257.1,6.33, sdumont6167,38830.32
66.0,1152,8,650222.0,144416.0,66372.0,1338212.0,522.24,2109.44,1085.44,4218.88,1.0,0,20.0,55.0,3n-2m-24th-Cc-sp-mz,sequana_cpu_dev,3,11428282.0,2,24,C,sp-mz,16,16,400,480,320,28,2404.18,2426.41,4830.59,400.7,404.4,805.1,268.37,6.0, sdumont6167,38644.72
66.0,1152,8,541448.0,143660.0,65346.666015625,1125508.0,501.76,2109.44,1075.2,4218.88,1.0,0,32.0,99.0,3n-2m-24th-Cc-sp-mz,sequana_cpu_dev,3,11428283.0,2,24,C,sp-mz,16,16,400,480,320,28,2406.64,2447.64,4854.28,382.73,388.55,771.28,257.09,6.33, sdumont6167,38834.24
44.0,1152,8,478750.0,143568.0,49954.0,1125508.0,522.24,2109.44,1085.44,4218.88,1.0,0,10.0,34.0,3n-2m-24th-Cc-sp-mz,sequana_cpu_dev,3,11428284.0,2,24,C,sp-mz,16,16,400,480,320,28,2403.34,2433.56,4836.91,382.26,386.29,768.55,256.18,6.33, sdumont6167,38695.28
0.0,56,7,265348.0,3188.0,3093.0,265348.0,0.0,0.0,0.0,0.0,1.0,0,0.0,0.0,4n-1m-2th-Ac-sp-mz,sequana_cpu_dev,4,11428285.0,1,2,A,sp-mz,4,4,400,128,128,16,1022.17,844.95,1867.12,170.36,140.83,311.19,77.8,6.0, sdumont6168,13069.84
0.0,32,4,265348.0,3152.0,3130.0,265348.0,0.0,0.0,0.0,0.0,1.0,0,0.0,0.0,4n-1m-2th-Ac-sp-mz,sequana_cpu_dev,4,11428286.0,1,2,A,sp-mz,4,4,400,128,128,16,542.96,387.45,930.41,180.99,129.15,310.14,77.53,3.0, sdumont6167,3721.64
0.0,40,5,265348.0,3172.0,3148.0,265348.0,0.0,0.0,0.0,0.0,1.0,0,0.0,0.0,4n-1m-2th-Ac-sp-mz,sequana_cpu_dev,4,11428287.0,1,2,A,sp-mz,4,4,400,128,128,16,697.68,543.79,1241.46,174.42,135.95,310.37,77.59,4.0, sdumont6166,6207.3
0.0,32,4,265348.0,3136.0,3094.0,265348.0,0.0,0.0,0.0,0.0,1.0,0,0.0,0.0,4n-1m-2th-Ac-sp-mz,sequana_cpu_dev,4,11428288.0,1,2,A,sp-mz,4,4,400,128,128,16,536.64,389.13,925.78,178.88,129.71,308.59,77.15,3.0, sdumont6165,3703.12
0.0,88,11,265348.0,3180.0,3141.0,265348.0,0.0,0.0,0.0,0.0,1.0,0,0.0,0.0,4n-1m-2th-Bc-sp-mz,sequana_cpu_dev,4,11428289.0,1,2,B,sp-mz,8,8,400,304,208,17,2355.56,1611.48,3967.04,235.56,161.15,396.7,99.18,10.0, sdumont6165,43637.44
0.0,88,11,265348.0,3220.0,3119.0,265348.0,0.0,0.0,0.0,0.0,1.0,0,0.0,0.0,4n-1m-2th-Bc-sp-mz,sequana_cpu_dev,4,11428290.0,1,2,B,sp-mz,8,8,400,304,208,17,2338.92,1596.37,3935.29,233.89,159.64,393.53,98.38,10.0, sdumont6166,43288.19
0.0,88,11,265348.0,3148.0,3135.0,265348.0,0.0,0.0,0.0,0.0,1.0,0,0.0,0.0,4n-1m-2th-Bc-sp-mz,sequana_cpu_dev,4,11428291.0,1,2,B,sp-mz,8,8,400,304,208,17,2359.11,1610.4,3969.51,235.91,161.04,396.95,99.24,10.0, sdumont6168,43664.61
0.0,88,11,265348.0,3176.0,3118.0,265348.0,0.0,0.0,0.0,0.0,1.0,0,0.0,0.0,4n-1m-2th-Bc-sp-mz,sequana_cpu_dev,4,11428292.0,1,2,B,sp-mz,8,8,400,304,208,17,2359.84,1602.8,3962.64,235.98,160.28,396.26,99.07,10.0, sdumont6166,43589.04
58.0,344,43,1322858.0,347176.0,345064.0,1482484.0,1228.8,4208.64,1239.04,4208.64,0.0,0,25.0,35.0,4n-1m-2th-Cc-sp-mz,sequana_cpu_dev,4,11428293.0,1,2,C,sp-mz,16,16,400,480,320,28,10197.05,6872.96,17070.02,242.79,163.64,406.43,101.61,42.0, sdumont6168,734010.86
58.0,344,43,1319748.0,345292.0,342063.0,1482336.0,1239.04,4208.64,1239.04,4208.64,1.0,0,2.0,10.0,4n-1m-2th-Cc-sp-mz,sequana_cpu_dev,4,11428294.0,1,2,C,sp-mz,16,16,400,480,320,28,10142.66,6818.87,16961.53,241.49,162.35,403.85,100.96,42.0, sdumont6165,729345.7899999999
58.0,344,43,1319818.0,344816.0,342112.0,1470192.0,1239.04,4208.64,1239.04,4208.64,0.0,0,0.0,0.0,4n-1m-2th-Cc-sp-mz,sequana_cpu_dev,4,11428295.0,1,2,C,sp-mz,16,16,400,480,320,28,10230.62,6881.28,17111.89,243.59,163.84,407.43,101.86,42.0, sdumont6165,735811.27
58.0,344,43,1319752.0,345108.0,342100.0,1482352.0,1239.04,4208.64,1239.04,4208.64,1.0,0,0.0,0.0,4n-1m-2th-Cc-sp-mz,sequana_cpu_dev,4,11428296.0,1,2,C,sp-mz,16,16,400,480,320,28,10256.63,6893.74,17150.37,244.21,164.14,408.34,102.09,42.0, sdumont6165,737465.9099999999
0.0,48,3,265348.0,3168.0,3127.0,265348.0,0.0,0.0,0.0,0.0,0.0,0,0.0,0.0,4n-1m-4th-Ac-sp-mz,sequana_cpu_dev,4,11428297.0,1,4,A,sp-mz,4,4,400,128,128,16,273.23,182.9,456.13,136.62,91.45,228.07,57.02,2.0, sdumont6168,1368.3899999999999
0.0,48,3,265348.0,3148.0,3099.0,265348.0,0.0,0.0,0.0,0.0,1.0,0,0.0,0.0,4n-1m-4th-Ac-sp-mz,sequana_cpu_dev,4,11428298.0,1,4,A,sp-mz,4,4,400,128,128,16,274.15,181.43,455.58,137.07,90.71,227.79,56.95,2.0, sdumont6165,1366.74
0.0,48,3,265348.0,3176.0,3110.0,265348.0,0.0,0.0,0.0,0.0,1.0,0,0.0,0.0,4n-1m-4th-Ac-sp-mz,sequana_cpu_dev,4,11428299.0,1,4,A,sp-mz,4,4,400,128,128,16,272.89,183.85,456.74,136.45,91.92,228.37,57.09,2.0, sdumont6167,1370.22
0.0,48,3,265348.0,3144.0,3107.0,265348.0,0.0,0.0,0.0,0.0,1.0,0,0.0,0.0,4n-1m-4th-Ac-sp-mz,sequana_cpu_dev,4,11428300.0,1,4,A,sp-mz,4,4,400,128,128,16,274.46,182.77,457.23,137.23,91.39,228.62,57.15,2.0, sdumont6165,1371.69
0.0,112,7,265348.0,3112.0,2576.0,265348.0,0.0,0.0,0.0,0.0,1.0,0,0.0,0.0,4n-1m-4th-Bc-sp-mz,sequana_cpu_dev,4,11428301.0,1,4,B,sp-mz,8,8,400,304,208,17,1457.88,846.6,2304.49,242.98,141.1,384.08,96.02,6.0, sdumont6166,16131.429999999998
0.0,112,7,265348.0,3144.0,2066.0,265348.0,0.0,0.0,0.0,0.0,1.0,0,0.0,0.0,4n-1m-4th-Bc-sp-mz,sequana_cpu_dev,4,11428302.0,1,4,B,sp-mz,8,8,400,304,208,17,1474.6,844.96,2319.56,245.77,140.83,386.59,96.65,6.0, sdumont6168,16236.92
0.0,112,7,265348.0,3132.0,3096.0,265348.0,0.0,0.0,0.0,0.0,1.0,0,0.0,0.0,4n-1m-4th-Bc-sp-mz,sequana_cpu_dev,4,11428303.0,1,4,B,sp-mz,8,8,400,304,208,17,1383.9,793.54,2177.44,230.65,132.26,362.91,90.73,6.0, sdumont6165,15242.08
0.0,112,7,265348.0,3156.0,3109.0,265348.0,0.0,0.0,0.0,0.0,1.0,0,0.0,0.0,4n-1m-4th-Bc-sp-mz,sequana_cpu_dev,4,11428304.0,1,4,B,sp-mz,8,8,400,304,208,17,1544.62,888.85,2433.47,257.44,148.14,405.58,101.39,6.0, sdumont6165,17034.289999999997
0.0,384,24,265348.0,3144.0,3136.0,265348.0,0.0,0.0,0.0,0.0,1.0,0,0.0,0.0,4n-1m-4th-Cc-sp-mz,sequana_cpu_dev,4,11428305.0,1,4,C,sp-mz,16,16,400,480,320,28,6582.39,3644.47,10226.86,286.19,158.46,444.65,111.16,23.0, sdumont6165,245444.64
0.0,384,24,265348.0,3148.0,3123.0,265348.0,0.0,0.0,0.0,0.0,1.0,0,0.0,0.0,4n-1m-4th-Cc-sp-mz,sequana_cpu_dev,4,11428306.0,1,4,C,sp-mz,16,16,400,480,320,28,6591.54,3635.31,10226.85,286.59,158.06,444.65,111.16,23.0, sdumont6165,245444.40000000002
0.0,384,24,265348.0,3136.0,3099.0,265348.0,0.0,0.0,0.0,0.0,1.0,0,0.0,0.0,4n-1m-4th-Cc-sp-mz,sequana_cpu_dev,4,11428307.0,1,4,C,sp-mz,16,16,400,480,320,28,6587.45,3636.42,10223.88,286.41,158.11,444.52,111.13,23.0, sdumont6165,245373.12
0.0,384,24,265348.0,3156.0,3111.0,265348.0,0.0,0.0,0.0,0.0,0.0,0,0.0,0.0,4n-1m-4th-Cc-sp-mz,sequana_cpu_dev,4,11428308.0,1,4,C,sp-mz,16,16,400,480,320,28,6580.15,3643.18,10223.33,286.09,158.4,444.49,111.12,23.0, sdumont6165,245359.91999999998
0.0,72,3,265348.0,3140.0,3099.0,265348.0,0.0,0.0,0.0,0.0,1.0,0,0.0,0.0,4n-1m-6th-Ac-sp-mz,sequana_cpu_dev,4,11428309.0,1,6,A,sp-mz,4,4,400,128,128,16,313.02,185.96,498.98,313.02,185.96,498.98,124.75,1.0, sdumont6168,1496.94
0.0,72,3,265348.0,3112.0,2573.0,265348.0,0.0,0.0,0.0,0.0,0.0,0,0.0,0.0,4n-1m-6th-Ac-sp-mz,sequana_cpu_dev,4,11428310.0,1,6,A,sp-mz,4,4,400,128,128,16,306.94,186.98,493.92,153.47,93.49,246.96,61.74,2.0, sdumont6167,1481.76
0.0,72,3,265348.0,3140.0,2573.0,265348.0,0.0,0.0,0.0,0.0,1.0,0,0.0,0.0,4n-1m-6th-Ac-sp-mz,sequana_cpu_dev,4,11428311.0,1,6,A,sp-mz,4,4,400,128,128,16,312.34,185.86,498.2,156.17,92.93,249.1,62.28,2.0, sdumont6168,1494.6
0.0,72,3,265348.0,3120.0,3098.0,265348.0,0.0,0.0,0.0,0.0,0.0,0,0.0,0.0,4n-1m-6th-Ac-sp-mz,sequana_cpu_dev,4,11428312.0,1,6,A,sp-mz,4,4,400,128,128,16,312.6,184.74,497.33,156.3,92.37,248.67,62.17,2.0, sdumont6165,1491.99
0.0,120,5,265348.0,3116.0,2564.0,265348.0,0.0,0.0,0.0,0.0,1.0,0,0.0,0.0,4n-1m-6th-Bc-sp-mz,sequana_cpu_dev,4,11428313.0,1,6,B,sp-mz,8,8,400,304,208,17,1195.41,597.72,1793.13,298.85,149.43,448.28,112.07,4.0, sdumont6168,8965.650000000001
0.0,120,5,265348.0,3176.0,2611.0,265348.0,0.0,0.0,0.0,0.0,1.0,0,0.0,0.0,4n-1m-6th-Bc-sp-mz,sequana_cpu_dev,4,11428314.0,1,6,B,sp-mz,8,8,400,304,208,17,1191.59,598.2,1789.79,297.9,149.55,447.45,111.86,4.0, sdumont6166,8948.95
0.0,120,5,265348.0,3148.0,3128.0,265348.0,0.0,0.0,0.0,0.0,1.0,0,0.0,0.0,4n-1m-6th-Bc-sp-mz,sequana_cpu_dev,4,11428316.0,1,6,B,sp-mz,8,8,400,304,208,17,1192.69,591.55,1784.24,298.17,147.89,446.06,111.52,4.0, sdumont6167,8921.2
0.0,120,5,265348.0,3132.0,2572.0,265348.0,0.0,0.0,0.0,0.0,1.0,0,0.0,0.0,4n-1m-6th-Bc-sp-mz,sequana_cpu_dev,4,11428317.0,1,6,B,sp-mz,8,8,400,304,208,17,1190.57,595.64,1786.22,297.64,148.91,446.55,111.64,4.0, sdumont6167,8931.1
0.0,408,17,265348.0,3176.0,3136.0,265348.0,0.0,0.0,0.0,0.0,1.0,0,0.0,0.0,4n-1m-6th-Cc-sp-mz,sequana_cpu_dev,4,11428318.0,1,6,C,sp-mz,16,16,400,480,320,28,5591.56,2647.74,8239.3,349.47,165.48,514.96,128.74,16.0, sdumont6168,140068.09999999998
0.0,408,17,265348.0,3172.0,2617.0,265348.0,0.0,0.0,0.0,0.0,1.0,0,0.0,0.0,4n-1m-6th-Cc-sp-mz,sequana_cpu_dev,4,11428319.0,1,6,C,sp-mz,16,16,400,480,320,28,5609.12,2657.09,8266.21,350.57,166.07,516.64,129.16,16.0, sdumont6168,140525.56999999998
0.0,408,17,265348.0,3164.0,3104.0,265348.0,0.0,0.0,0.0,0.0,975.0,0,0.0,0.0,4n-1m-6th-Cc-sp-mz,sequana_cpu_dev,4,11428321.0,1,6,C,sp-mz,16,16,400,480,320,28,5767.57,2789.31,8556.88,360.47,174.33,534.8,133.7,16.0, sdumont6168,145466.96
0.0,408,17,265348.0,3156.0,2584.0,265348.0,0.0,0.0,0.0,0.0,1.0,0,0.0,0.0,4n-1m-6th-Cc-sp-mz,sequana_cpu_dev,4,11428322.0,1,6,C,sp-mz,16,16,400,480,320,28,5619.88,2668.07,8287.95,351.24,166.75,518.0,129.5,16.0, sdumont6165,140895.15000000002
0.0,64,2,265348.0,1040.0,1036.0,265348.0,0.0,0.0,0.0,0.0,1.0,0,0.0,0.0,4n-1m-8th-Ac-sp-mz,sequana_cpu_dev,4,11428324.0,1,8,A,sp-mz,4,4,400,128,128,16,346.49,184.73,531.22,346.49,184.73,531.22,132.8,1.0, sdumont6166,1062.44
0.0,64,2,265348.0,3148.0,2075.0,265348.0,0.0,0.0,0.0,0.0,1.0,0,0.0,0.0,4n-1m-8th-Ac-sp-mz,sequana_cpu_dev,4,11428326.0,1,8,A,sp-mz,4,4,400,128,128,16,346.28,188.51,534.78,346.28,188.51,534.78,133.7,1.0, sdumont6168,1069.56
0.0,96,3,265348.0,3144.0,2090.0,265348.0,0.0,0.0,0.0,0.0,1.0,0,0.0,0.0,4n-1m-8th-Ac-sp-mz,sequana_cpu_dev,4,11428327.0,1,8,A,sp-mz,4,4,400,128,128,16,349.32,185.03,534.35,349.32,185.03,534.35,133.59,1.0, sdumont6166,1603.0500000000002
0.0,96,3,265348.0,3080.0,1547.0,265348.0,0.0,0.0,0.0,0.0,1098.0,0,0.0,0.0,4n-1m-8th-Ac-sp-mz,sequana_cpu_dev,4,11428330.0,1,8,A,sp-mz,4,4,400,128,128,16,365.77,190.66,556.43,365.77,190.66,556.43,139.11,1.0, sdumont6165,1669.29
0.0,160,5,265348.0,1040.0,1037.0,265348.0,0.0,0.0,0.0,0.0,1.0,0,0.0,0.0,4n-1m-8th-Bc-sp-mz,sequana_cpu_dev,4,11428331.0,1,8,B,sp-mz,8,8,400,304,208,17,1327.44,591.31,1918.75,331.86,147.83,479.69,119.92,4.0, sdumont6165,9593.75
0.0,160,5,265348.0,1036.0,1034.0,265348.0,0.0,0.0,0.0,0.0,1.0,0,0.0,0.0,4n-1m-8th-Bc-sp-mz,sequana_cpu_dev,4,11428332.0,1,8,B,sp-mz,8,8,400,304,208,17,1329.23,584.12,1913.36,332.31,146.03,478.34,119.58,4.0, sdumont6167,9566.8
0.0,160,5,265348.0,3052.0,2043.0,265348.0,0.0,0.0,0.0,0.0,1.0,0,0.0,0.0,4n-1m-8th-Bc-sp-mz,sequana_cpu_dev,4,11428337.0,1,8,B,sp-mz,8,8,400,304,208,17,1329.25,587.78,1917.03,332.31,146.94,479.26,119.81,4.0, sdumont6167,9585.15
0.0,160,5,265348.0,3120.0,1556.0,265348.0,0.0,0.0,0.0,0.0,1.0,0,0.0,0.0,4n-1m-8th-Bc-sp-mz,sequana_cpu_dev,4,11428341.0,1,8,B,sp-mz,8,8,400,304,208,17,977.07,441.54,1418.62,244.27,110.39,354.65,88.66,4.0, sdumont6168,7093.099999999999
0.0,448,14,265348.0,3176.0,2602.0,265348.0,0.0,0.0,0.0,0.0,1.0,0,0.0,0.0,4n-1m-8th-Cc-sp-mz,sequana_cpu_dev,4,11428349.0,1,8,C,sp-mz,16,16,400,480,320,28,5003.74,2122.66,7126.4,384.9,163.28,548.18,137.05,13.0, sdumont6165,99769.59999999999
0.0,448,14,265348.0,3064.0,1543.0,265348.0,0.0,0.0,0.0,0.0,1.0,0,0.0,0.0,4n-1m-8th-Cc-sp-mz,sequana_cpu_dev,4,11428351.0,1,8,C,sp-mz,16,16,400,480,320,28,4956.57,2033.43,6990.0,381.27,156.42,537.69,134.42,13.0, sdumont6165,97860.0
0.0,448,14,265348.0,1040.0,1038.0,265348.0,0.0,0.0,0.0,0.0,1.0,0,0.0,0.0,4n-1m-8th-Cc-sp-mz,sequana_cpu_dev,4,11428356.0,1,8,C,sp-mz,16,16,400,480,320,28,4963.84,2030.13,6993.97,381.83,156.16,538.0,134.5,13.0, sdumont6165,97915.58
0.0,448,14,265348.0,3080.0,1546.0,265348.0,0.0,0.0,0.0,0.0,1.0,0,0.0,0.0,4n-1m-8th-Cc-sp-mz,sequana_cpu_dev,4,11428360.0,1,8,C,sp-mz,16,16,400,480,320,28,4846.4,1984.66,6831.06,372.8,152.67,525.47,131.37,13.0, sdumont6168,95634.84000000001
0.0,80,2,265348.0,3172.0,1569.0,265348.0,0.0,0.0,0.0,0.0,0.0,0,0.0,0.0,4n-1m-10th-Ac-sp-mz,sequana_cpu_dev,4,11428361.0,1,10,A,sp-mz,4,4,400,128,128,16,352.0,168.67,520.67,352.0,168.67,520.67,130.17,1.0, sdumont6165,1041.34
0.0,120,3,265348.0,1040.0,1036.0,265348.0,0.0,0.0,0.0,0.0,1.0,0,0.0,0.0,4n-1m-10th-Ac-sp-mz,sequana_cpu_dev,4,11428362.0,1,10,A,sp-mz,4,4,400,128,128,16,353.18,169.62,522.8,176.59,84.81,261.4,65.35,2.0, sdumont6168,1568.3999999999999
0.0,80,2,265348.0,3164.0,1567.0,265348.0,0.0,0.0,0.0,0.0,1.0,0,0.0,0.0,4n-1m-10th-Ac-sp-mz,sequana_cpu_dev,4,11428366.0,1,10,A,sp-mz,4,4,400,128,128,16,352.36,169.71,522.07,352.36,169.71,522.07,130.52,1.0, sdumont6167,1044.14
0.0,80,2,265348.0,3124.0,1559.0,265348.0,0.0,0.0,0.0,0.0,1.0,0,0.0,0.0,4n-1m-10th-Ac-sp-mz,sequana_cpu_dev,4,11428371.0,1,10,A,sp-mz,4,4,400,128,128,16,353.63,170.29,523.92,353.63,170.29,523.92,130.98,1.0, sdumont6167,1047.84
0.0,160,4,265348.0,1040.0,1037.0,265348.0,0.0,0.0,0.0,0.0,1.0,0,0.0,0.0,4n-1m-10th-Bc-sp-mz,sequana_cpu_dev,4,11428373.0,1,10,B,sp-mz,8,8,400,304,208,17,955.35,397.47,1352.83,318.45,132.49,450.94,112.74,3.0, sdumont6166,5411.32
0.0,160,4,265348.0,3176.0,1571.0,265348.0,0.0,0.0,0.0,0.0,1.0,0,0.0,0.0,4n-1m-10th-Bc-sp-mz,sequana_cpu_dev,4,11428384.0,1,10,B,sp-mz,8,8,400,304,208,17,965.89,391.31,1357.19,321.96,130.44,452.4,113.1,3.0, sdumont6166,5428.76
0.0,160,4,265348.0,3128.0,1559.0,265348.0,0.0,0.0,0.0,0.0,1.0,0,0.0,0.0,4n-1m-10th-Bc-sp-mz,sequana_cpu_dev,4,11428385.0,1,10,B,sp-mz,8,8,400,304,208,17,964.96,391.24,1356.2,321.65,130.41,452.07,113.02,3.0, sdumont6168,5424.8
0.0,160,4,265348.0,3152.0,1564.0,265348.0,0.0,0.0,0.0,0.0,1.0,0,0.0,0.0,4n-1m-10th-Bc-sp-mz,sequana_cpu_dev,4,11428386.0,1,10,B,sp-mz,8,8,400,304,208,17,942.99,395.06,1338.06,314.33,131.69,446.02,111.5,3.0, sdumont6165,5352.24
0.0,480,12,265348.0,3168.0,1571.0,265348.0,0.0,0.0,0.0,0.0,1.0,0,0.0,0.0,4n-1m-10th-Cc-sp-mz,sequana_cpu_dev,4,11428387.0,1,10,C,sp-mz,16,16,400,480,320,28,4576.63,1677.23,6253.86,416.06,152.48,568.53,142.13,11.0, sdumont6165,75046.31999999999
0.0,480,12,265348.0,1036.0,1035.0,265348.0,0.0,0.0,0.0,0.0,1.0,0,0.0,0.0,4n-1m-10th-Cc-sp-mz,sequana_cpu_dev,4,11428388.0,1,10,C,sp-mz,16,16,400,480,320,28,4847.85,1779.32,6627.17,440.71,161.76,602.47,150.62,11.0, sdumont6168,79526.04000000001
0.0,480,12,265348.0,3164.0,1569.0,265348.0,0.0,0.0,0.0,0.0,1.0,0,0.0,0.0,4n-1m-10th-Cc-sp-mz,sequana_cpu_dev,4,11428389.0,1,10,C,sp-mz,16,16,400,480,320,28,4966.56,1817.62,6784.18,451.51,165.24,616.74,154.19,11.0, sdumont6166,81410.16
0.0,480,12,265348.0,1040.0,1035.0,265348.0,0.0,0.0,0.0,0.0,1.0,0,0.0,0.0,4n-1m-10th-Cc-sp-mz,sequana_cpu_dev,4,11428390.0,1,10,C,sp-mz,16,16,400,480,320,28,5005.86,2368.38,7374.24,455.08,215.31,670.39,167.6,11.0, sdumont6166,88490.88
0.0,96,2,265348.0,2964.0,1518.0,265348.0,0.0,0.0,0.0,0.0,1.0,0,0.0,0.0,4n-1m-12th-Ac-sp-mz,sequana_cpu_dev,4,11428392.0,1,12,A,sp-mz,4,4,400,128,128,16,351.62,169.8,521.41,351.62,169.8,521.41,130.35,1.0, sdumont6165,1042.82
0.0,96,2,265348.0,3112.0,1557.0,265348.0,0.0,0.0,0.0,0.0,1.0,0,0.0,0.0,4n-1m-12th-Ac-sp-mz,sequana_cpu_dev,4,11428393.0,1,12,A,sp-mz,4,4,400,128,128,16,349.34,171.41,520.74,349.34,171.41,520.74,130.19,1.0, sdumont6165,1041.48
0.0,96,2,265348.0,2968.0,1520.0,265348.0,0.0,0.0,0.0,0.0,1.0,0,0.0,0.0,4n-1m-12th-Ac-sp-mz,sequana_cpu_dev,4,11428395.0,1,12,A,sp-mz,4,4,400,128,128,16,352.29,169.15,521.43,352.29,169.15,521.43,130.36,1.0, sdumont6165,1042.86
0.0,192,4,265348.0,3080.0,1546.0,265348.0,0.0,0.0,0.0,0.0,1.0,0,0.0,0.0,4n-1m-12th-Bc-sp-mz,sequana_cpu_dev,4,11428397.0,1,12,B,sp-mz,8,8,400,304,208,17,1006.4,390.27,1396.68,335.47,130.09,465.56,116.39,3.0, sdumont6166,5586.72
0.0,192,4,265348.0,3112.0,1553.0,265348.0,0.0,0.0,0.0,0.0,1.0,0,0.0,0.0,4n-1m-12th-Bc-sp-mz,sequana_cpu_dev,4,11428399.0,1,12,B,sp-mz,8,8,400,304,208,17,1002.54,392.25,1394.79,334.18,130.75,464.93,116.23,3.0, sdumont6166,5579.16
0.0,192,4,265348.0,3080.0,2021.0,265348.0,0.0,0.0,0.0,0.0,1.0,0,0.0,0.0,4n-1m-12th-Bc-sp-mz,sequana_cpu_dev,4,11428400.0,1,12,B,sp-mz,8,8,400,304,208,17,1021.21,393.41,1414.63,340.4,131.14,471.54,117.89,3.0, sdumont6168,5658.52
0.0,192,4,265348.0,2928.0,1510.0,265348.0,0.0,0.0,0.0,0.0,1.0,0,0.0,0.0,4n-1m-12th-Bc-sp-mz,sequana_cpu_dev,4,11428402.0,1,12,B,sp-mz,8,8,400,304,208,17,1041.22,401.32,1442.54,347.07,133.77,480.85,120.21,3.0, sdumont6168,5770.16
0.0,528,11,265348.0,1036.0,1034.0,265348.0,0.0,0.0,0.0,0.0,1.0,0,0.0,0.0,4n-1m-12th-Cc-sp-mz,sequana_cpu_dev,4,11428404.0,1,12,C,sp-mz,16,16,400,480,320,28,4660.4,1636.83,6297.23,466.04,163.68,629.72,157.43,10.0, sdumont6168,69269.53
0.0,528,11,265348.0,2972.0,1520.0,265348.0,0.0,0.0,0.0,0.0,4.0,0,0.0,0.0,4n-1m-12th-Cc-sp-mz,sequana_cpu_dev,4,11428406.0,1,12,C,sp-mz,16,16,400,480,320,28,4657.33,1630.02,6287.35,465.73,163.0,628.74,157.18,10.0, sdumont6168,69160.85
0.0,528,11,265348.0,3096.0,2027.0,265348.0,0.0,0.0,0.0,0.0,1.0,0,0.0,0.0,4n-1m-12th-Cc-sp-mz,sequana_cpu_dev,4,11428409.0,1,12,C,sp-mz,16,16,400,480,320,28,4663.34,1629.98,6293.32,466.33,163.0,629.33,157.33,10.0, sdumont6167,69226.51999999999
0.0,528,11,265348.0,3040.0,1537.0,265348.0,0.0,0.0,0.0,0.0,1.0,0,0.0,0.0,4n-1m-12th-Cc-sp-mz,sequana_cpu_dev,4,11428414.0,1,12,C,sp-mz,16,16,400,480,320,28,4672.59,1624.71,6297.3,467.26,162.47,629.73,157.43,10.0, sdumont6165,69270.3
0.0,168,3,265348.0,3128.0,2076.0,265348.0,0.0,0.0,0.0,0.0,0.0,0,0.0,0.0,4n-1m-14th-Ac-sp-mz,sequana_cpu_dev,4,11428415.0,1,14,A,sp-mz,4,4,400,128,128,16,350.95,169.79,520.75,350.95,169.79,520.75,130.19,1.0, sdumont6167,1562.25
0.0,112,2,265348.0,3048.0,1540.0,265348.0,0.0,0.0,0.0,0.0,1.0,0,0.0,0.0,4n-1m-14th-Ac-sp-mz,sequana_cpu_dev,4,11428424.0,1,14,A,sp-mz,4,4,400,128,128,16,348.04,168.92,516.95,348.04,168.92,516.95,129.24,1.0, sdumont6166,1033.9
0.0,224,4,265348.0,1040.0,1036.0,265348.0,0.0,0.0,0.0,0.0,1.0,0,0.0,0.0,4n-1m-14th-Bc-sp-mz,sequana_cpu_dev,4,11428426.0,1,14,B,sp-mz,8,8,400,304,208,17,1056.57,392.33,1448.9,352.19,130.78,482.97,120.74,3.0, sdumont6168,5795.6
0.0,224,4,265348.0,3124.0,1556.0,265348.0,0.0,0.0,0.0,0.0,754.0,0,0.0,0.0,4n-1m-14th-Bc-sp-mz,sequana_cpu_dev,4,11428434.0,1,14,B,sp-mz,8,8,400,304,208,17,1046.02,417.08,1463.1,348.67,139.03,487.7,121.92,3.0, sdumont6168,5852.4
0.0,224,4,265348.0,3052.0,1541.0,265348.0,0.0,0.0,0.0,0.0,0.0,0,0.0,0.0,4n-1m-14th-Bc-sp-mz,sequana_cpu_dev,4,11428438.0,1,14,B,sp-mz,8,8,400,304,208,17,1065.92,398.51,1464.43,355.31,132.84,488.14,122.04,3.0, sdumont6166,5857.72
0.0,336,6,265348.0,3096.0,1553.0,265348.0,0.0,0.0,0.0,0.0,1.0,0,0.0,0.0,4n-1m-14th-Bc-sp-mz,sequana_cpu_dev,4,11428440.0,1,14,B,sp-mz,8,8,400,304,208,17,1171.39,697.59,1868.98,234.28,139.52,373.8,93.45,5.0, sdumont6166,11213.880000000001
0.0,560,10,265348.0,3052.0,1542.0,265348.0,0.0,0.0,0.0,0.0,1.0,0,0.0,0.0,4n-1m-14th-Cc-sp-mz,sequana_cpu_dev,4,11428441.0,1,14,C,sp-mz,16,16,400,480,320,28,4309.22,1425.06,5734.28,478.8,158.34,637.14,159.29,9.0, sdumont6167,57342.799999999996
0.0,616,11,265348.0,3140.0,1563.0,265348.0,0.0,0.0,0.0,0.0,1.0,0,0.0,0.0,4n-1m-14th-Cc-sp-mz,sequana_cpu_dev,4,11428446.0,1,14,C,sp-mz,16,16,400,480,320,28,4296.52,1417.33,5713.85,477.39,157.48,634.87,158.72,9.0, sdumont6168,62852.350000000006
0.0,616,11,265348.0,1040.0,1036.0,265348.0,0.0,0.0,0.0,0.0,0.0,0,0.0,0.0,4n-1m-14th-Cc-sp-mz,sequana_cpu_dev,4,11428449.0,1,14,C,sp-mz,16,16,400,480,320,28,4243.99,1430.36,5674.34,424.4,143.04,567.43,141.86,10.0, sdumont6165,62417.740000000005
0.0,616,11,265348.0,3052.0,1540.0,265348.0,0.0,0.0,0.0,0.0,1.0,0,0.0,0.0,4n-1m-14th-Cc-sp-mz,sequana_cpu_dev,4,11428450.0,1,14,C,sp-mz,16,16,400,480,320,28,4201.76,1425.78,5627.54,420.18,142.58,562.75,140.69,10.0, sdumont6165,61902.94
0.0,256,4,265348.0,3180.0,2097.0,265348.0,0.0,0.0,0.0,0.0,1.0,0,0.0,0.0,4n-1m-16th-Bc-sp-mz,sequana_cpu_dev,4,11428459.0,1,16,B,sp-mz,8,8,400,304,208,17,1072.85,394.26,1467.11,536.42,197.13,733.55,183.39,2.0, sdumont6166,5868.44
0.0,256,4,265348.0,3152.0,1564.0,265348.0,0.0,0.0,0.0,0.0,1.0,0,0.0,0.0,4n-1m-16th-Bc-sp-mz,sequana_cpu_dev,4,11428461.0,1,16,B,sp-mz,8,8,400,304,208,17,1086.26,399.02,1485.29,362.09,133.01,495.1,123.77,3.0, sdumont6167,5941.16
0.0,256,4,265348.0,3144.0,1564.0,265348.0,0.0,0.0,0.0,0.0,1.0,0,0.0,0.0,4n-1m-16th-Bc-sp-mz,sequana_cpu_dev,4,11428462.0,1,16,B,sp-mz,8,8,400,304,208,17,1066.63,390.47,1457.09,355.54,130.16,485.7,121.42,3.0, sdumont6167,5828.36
0.0,256,4,265348.0,3144.0,1562.0,265348.0,0.0,0.0,0.0,0.0,1.0,0,0.0,0.0,4n-1m-16th-Bc-sp-mz,sequana_cpu_dev,4,11428464.0,1,16,B,sp-mz,8,8,400,304,208,17,1056.99,390.4,1447.4,352.33,130.13,482.47,120.62,3.0, sdumont6168,5789.6
0.0,704,11,265348.0,3112.0,1554.0,265348.0,0.0,0.0,0.0,0.0,1.0,0,0.0,0.0,4n-1m-16th-Cc-sp-mz,sequana_cpu_dev,4,11428465.0,1,16,C,sp-mz,16,16,400,480,320,28,4267.79,1428.91,5696.71,462.68,154.86,617.54,154.38,9.25, sdumont6166,62663.81
0.0,640,10,265348.0,3180.0,1571.0,265348.0,0.0,0.0,0.0,0.0,1.0,0,0.0,0.0,4n-1m-16th-Cc-sp-mz,sequana_cpu_dev,4,11428466.0,1,16,C,sp-mz,16,16,400,480,320,28,4276.23,1436.18,5712.41,475.14,159.58,634.71,158.68,9.0, sdumont6167,57124.1
0.0,640,10,265348.0,1040.0,1037.0,265348.0,0.0,0.0,0.0,0.0,1.0,0,0.0,0.0,4n-1m-16th-Cc-sp-mz,sequana_cpu_dev,4,11428468.0,1,16,C,sp-mz,16,16,400,480,320,28,4295.14,1433.25,5728.4,477.24,159.25,636.49,159.12,9.0, sdumont6166,57284.0
0.0,704,11,265348.0,3172.0,2084.0,265348.0,0.0,0.0,0.0,0.0,1.0,0,0.0,0.0,4n-1m-16th-Cc-sp-mz,sequana_cpu_dev,4,11428470.0,1,16,C,sp-mz,16,16,400,480,320,28,4302.41,1440.67,5743.08,478.05,160.07,638.12,159.53,9.0, sdumont6167,63173.88
0.0,144,2,265348.0,3120.0,1557.0,265348.0,0.0,0.0,0.0,0.0,1.0,0,0.0,0.0,4n-1m-18th-Ac-sp-mz,sequana_cpu_dev,4,11428471.0,1,18,A,sp-mz,4,4,400,128,128,16,353.4,174.7,528.11,353.4,174.7,528.11,132.03,1.0, sdumont6166,1056.22
0.0,144,2,265348.0,3112.0,1557.0,265348.0,0.0,0.0,0.0,0.0,1.0,0,0.0,0.0,4n-1m-18th-Ac-sp-mz,sequana_cpu_dev,4,11428474.0,1,18,A,sp-mz,4,4,400,128,128,16,352.7,170.56,523.26,352.7,170.56,523.26,130.82,1.0, sdumont6166,1046.52
0.0,288,4,265348.0,3172.0,1570.0,265348.0,0.0,0.0,0.0,0.0,1.0,0,0.0,0.0,4n-1m-18th-Bc-sp-mz,sequana_cpu_dev,4,11428475.0,1,18,B,sp-mz,8,8,400,304,208,17,1108.7,391.92,1500.62,369.57,130.64,500.21,125.05,3.0, sdumont6165,6002.48
0.0,288,4,265348.0,3124.0,2076.0,265348.0,0.0,0.0,0.0,0.0,1.0,0,0.0,0.0,4n-1m-18th-Bc-sp-mz,sequana_cpu_dev,4,11428476.0,1,18,B,sp-mz,8,8,400,304,208,17,1097.61,379.21,1476.82,365.87,126.4,492.27,123.07,3.0, sdumont6168,5907.28
0.0,288,4,265348.0,1040.0,1037.0,265348.0,0.0,0.0,0.0,0.0,1.0,0,0.0,0.0,4n-1m-18th-Bc-sp-mz,sequana_cpu_dev,4,11428479.0,1,18,B,sp-mz,8,8,400,304,208,17,1108.29,389.83,1498.12,369.43,129.94,499.37,124.84,3.0, sdumont6167,5992.48
0.0,288,4,265348.0,3176.0,1571.0,265348.0,0.0,0.0,0.0,0.0,1.0,0,0.0,0.0,4n-1m-18th-Bc-sp-mz,sequana_cpu_dev,4,11428480.0,1,18,B,sp-mz,8,8,400,304,208,17,1110.69,389.86,1500.55,370.23,129.95,500.18,125.05,3.0, sdumont6167,6002.2
0.0,720,10,265348.0,1036.0,1036.0,265348.0,0.0,0.0,0.0,0.0,0.0,0,0.0,0.0,4n-1m-18th-Cc-sp-mz,sequana_cpu_dev,4,11428481.0,1,18,C,sp-mz,16,16,400,480,320,28,4413.55,1430.85,5844.4,490.39,158.98,649.38,162.34,9.0, sdumont6165,58444.0
0.0,720,10,265348.0,3120.0,1558.0,265348.0,0.0,0.0,0.0,0.0,1.0,0,0.0,0.0,4n-1m-18th-Cc-sp-mz,sequana_cpu_dev,4,11428483.0,1,18,C,sp-mz,16,16,400,480,320,28,4378.57,1423.6,5802.17,547.32,177.95,725.27,181.32,8.0, sdumont6167,58021.7
0.0,720,10,265348.0,3168.0,1571.0,265348.0,0.0,0.0,0.0,0.0,1.0,0,0.0,0.0,4n-1m-18th-Cc-sp-mz,sequana_cpu_dev,4,11428484.0,1,18,C,sp-mz,16,16,400,480,320,28,4384.45,1419.35,5803.8,487.16,157.71,644.87,161.22,9.0, sdumont6165,58038.0
0.0,720,10,265348.0,3180.0,2612.0,265348.0,0.0,0.0,0.0,0.0,1.0,0,0.0,0.0,4n-1m-18th-Cc-sp-mz,sequana_cpu_dev,4,11428485.0,1,18,C,sp-mz,16,16,400,480,320,28,4394.42,1424.59,5819.0,488.27,158.29,646.56,161.64,9.0, sdumont6165,58190.0
0.0,320,4,265348.0,1040.0,1035.0,265348.0,0.0,0.0,0.0,0.0,0.0,0,0.0,0.0,4n-1m-20th-Bc-sp-mz,sequana_cpu_dev,4,11428494.0,1,20,B,sp-mz,8,8,400,304,208,17,1092.53,390.05,1482.59,546.27,195.03,741.29,185.32,2.0, sdumont6167,5930.36
0.0,320,4,265348.0,3156.0,2086.0,265348.0,0.0,0.0,0.0,0.0,1.0,0,0.0,0.0,4n-1m-20th-Bc-sp-mz,sequana_cpu_dev,4,11428495.0,1,20,B,sp-mz,8,8,400,304,208,17,1107.22,391.21,1498.42,369.07,130.4,499.47,124.87,3.0, sdumont6167,5993.68
0.0,320,4,265348.0,1036.0,1034.0,265348.0,0.0,0.0,0.0,0.0,1.0,0,0.0,0.0,4n-1m-20th-Bc-sp-mz,sequana_cpu_dev,4,11428496.0,1,20,B,sp-mz,8,8,400,304,208,17,1100.64,382.36,1483.0,366.88,127.45,494.33,123.58,3.0, sdumont6165,5932.0
0.0,320,4,265348.0,1036.0,1034.0,265348.0,0.0,0.0,0.0,0.0,1.0,0,0.0,0.0,4n-1m-20th-Bc-sp-mz,sequana_cpu_dev,4,11428497.0,1,20,B,sp-mz,8,8,400,304,208,17,1104.38,392.36,1496.74,368.13,130.79,498.91,124.73,3.0, sdumont6168,5986.96
0.0,1120,14,265348.0,3096.0,1552.0,265348.0,0.0,0.0,0.0,0.0,1.0,0,0.0,0.0,4n-1m-20th-Cc-sp-mz,sequana_cpu_dev,4,11428501.0,1,20,C,sp-mz,16,16,400,480,320,28,4951.0,1815.72,6766.72,396.94,146.14,543.07,135.77,12.5, sdumont6168,94734.08
0.0,1120,14,265348.0,3172.0,1572.0,265348.0,0.0,0.0,0.0,0.0,1.0,0,0.0,0.0,4n-1m-20th-Cc-sp-mz,sequana_cpu_dev,4,11428505.0,1,20,C,sp-mz,16,16,400,480,320,28,5003.1,1896.59,6899.69,445.48,169.1,614.58,153.65,11.25, sdumont6169,96595.65999999999
0.0,1040,13,265348.0,3132.0,1560.0,265348.0,0.0,0.0,0.0,0.0,1.0,0,0.0,0.0,4n-1m-20th-Cc-sp-mz,sequana_cpu_dev,4,11428506.0,1,20,C,sp-mz,16,16,400,480,320,28,4866.42,1815.79,6682.22,442.4,165.07,607.47,151.87,11.0, sdumont6168,86868.86
0.0,800,10,265348.0,3168.0,2593.0,265348.0,0.0,0.0,0.0,0.0,1.0,0,0.0,0.0,4n-1m-20th-Cc-sp-mz,sequana_cpu_dev,4,11428508.0,1,20,C,sp-mz,16,16,400,480,320,28,4512.32,1421.19,5933.51,564.04,177.65,741.69,185.42,8.0, sdumont6168,59335.100000000006
0.0,176,2,265348.0,1040.0,1036.0,265348.0,0.0,0.0,0.0,0.0,0.0,0,0.0,0.0,4n-1m-22th-Ac-sp-mz,sequana_cpu_dev,4,11428511.0,1,22,A,sp-mz,4,4,400,128,128,16,369.08,167.22,536.3,369.08,167.22,536.3,134.07,1.0, sdumont6168,1072.6
0.0,264,3,265348.0,1040.0,1036.0,265348.0,0.0,0.0,0.0,0.0,1.0,0,0.0,0.0,4n-1m-22th-Ac-sp-mz,sequana_cpu_dev,4,11428513.0,1,22,A,sp-mz,4,4,400,128,128,16,361.99,183.07,545.06,274.72,136.79,411.51,102.88,1.5, sdumont6167,1635.1799999999998
0.0,176,2,265348.0,3144.0,1564.0,265348.0,0.0,0.0,0.0,0.0,1.0,0,0.0,0.0,4n-1m-22th-Ac-sp-mz,sequana_cpu_dev,4,11428525.0,1,22,A,sp-mz,4,4,400,128,128,16,360.48,170.95,531.42,360.48,170.95,531.42,132.86,1.0, sdumont6168,1062.84
0.0,352,4,265348.0,3148.0,1565.0,265348.0,0.0,0.0,0.0,0.0,0.0,0,0.0,0.0,4n-1m-22th-Bc-sp-mz,sequana_cpu_dev,4,11428533.0,1,22,B,sp-mz,8,8,400,304,208,17,1085.57,390.68,1476.24,361.86,130.23,492.08,123.02,3.0, sdumont6166,5904.96
0.0,352,4,265348.0,3140.0,2066.0,265348.0,0.0,0.0,0.0,0.0,0.0,0,0.0,0.0,4n-1m-22th-Bc-sp-mz,sequana_cpu_dev,4,11428540.0,1,22,B,sp-mz,8,8,400,304,208,17,1142.49,370.51,1513.0,380.83,123.5,504.33,126.08,3.0, sdumont6275,6052.0
0.0,528,6,265348.0,3240.0,2665.0,265348.0,0.0,0.0,0.0,0.0,83.0,0,0.0,0.0,4n-1m-22th-Bc-sp-mz,sequana_cpu_dev,4,11428542.0,1,22,B,sp-mz,8,8,400,304,208,17,1312.52,663.37,1975.89,262.5,132.67,395.18,98.79,5.0, sdumont6262,11855.34
0.0,352,4,265348.0,3208.0,3173.0,265348.0,0.0,0.0,0.0,0.0,1.0,0,0.0,0.0,4n-1m-22th-Bc-sp-mz,sequana_cpu_dev,4,11428547.0,1,22,B,sp-mz,8,8,400,304,208,17,1159.45,364.59,1524.03,386.48,121.53,508.01,127.0,3.0, sdumont6251,6096.12
0.0,880,10,265348.0,1036.0,1036.0,265348.0,0.0,0.0,0.0,0.0,1.0,0,0.0,0.0,4n-1m-22th-Cc-sp-mz,sequana_cpu_dev,4,11428550.0,1,22,C,sp-mz,16,16,400,480,320,28,4553.94,1301.6,5855.54,505.99,144.62,650.62,162.65,9.0, sdumont6251,58555.4
0.0,880,10,265348.0,1036.0,1034.0,265348.0,0.0,0.0,0.0,0.0,1.0,0,0.0,0.0,4n-1m-22th-Cc-sp-mz,sequana_cpu_dev,4,11428554.0,1,22,C,sp-mz,16,16,400,480,320,28,4420.7,1275.4,5696.09,552.59,159.42,712.01,178.0,8.0, sdumont6262,56960.9
0.0,968,11,265348.0,1040.0,1037.0,265348.0,0.0,0.0,0.0,0.0,1.0,0,0.0,0.0,4n-1m-22th-Cc-sp-mz,sequana_cpu_dev,4,11428557.0,1,22,C,sp-mz,16,16,400,480,320,28,4460.35,1317.49,5777.84,495.59,146.39,641.98,160.5,9.0, sdumont6169,63556.240000000005
0.0,1144,13,265348.0,1036.0,1036.0,265348.0,0.0,0.0,0.0,0.0,1.0,0,0.0,0.0,4n-1m-22th-Cc-sp-mz,sequana_cpu_dev,4,11428560.0,1,22,C,sp-mz,16,16,400,480,320,28,4656.76,1707.3,6364.06,423.34,155.21,578.55,144.64,11.0, sdumont6251,82732.78
0.0,576,6,265348.0,3184.0,2109.0,265348.0,0.0,0.0,0.0,0.0,1.0,0,0.0,0.0,4n-1m-24th-Ac-sp-mz,sequana_cpu_dev,4,11428562.0,1,24,A,sp-mz,4,4,400,128,128,16,952.73,605.84,1558.56,190.55,121.17,311.71,77.93,5.0, sdumont6245,9351.36
0.0,576,6,265887.0,3152.0,1578.0,267504.0,0.0,0.0,0.0,0.0,1.0,0,0.0,0.0,4n-1m-24th-Ac-sp-mz,sequana_cpu_dev,4,11428565.0,1,24,A,sp-mz,4,4,400,128,128,16,545.43,443.41,988.84,136.36,110.85,247.21,61.8,4.0, sdumont6261,5933.04
0.0,288,3,265348.0,1036.0,1036.0,265348.0,0.0,0.0,0.0,0.0,1.0,0,0.0,0.0,4n-1m-24th-Ac-sp-mz,sequana_cpu_dev,4,11428567.0,1,24,A,sp-mz,4,4,400,128,128,16,359.72,173.72,533.44,359.72,173.72,533.44,133.36,1.0, sdumont6168,1600.3200000000002
0.0,384,4,265348.0,1040.0,1034.0,265348.0,0.0,0.0,0.0,0.0,47.0,0,0.0,0.0,4n-1m-24th-Bc-sp-mz,sequana_cpu_dev,4,11428578.0,1,24,B,sp-mz,8,8,400,304,208,17,1135.3,384.39,1519.69,378.43,128.13,506.56,126.64,3.0, sdumont6165,6078.76
0.0,384,4,265348.0,1040.0,1035.0,265348.0,0.0,0.0,0.0,0.0,1122.0,0,0.0,0.0,4n-1m-24th-Bc-sp-mz,sequana_cpu_dev,4,11428585.0,1,24,B,sp-mz,8,8,400,304,208,17,1085.29,395.58,1480.87,361.76,131.86,493.62,123.41,3.0, sdumont6168,5923.48
0.0,384,4,265348.0,3180.0,2105.0,265348.0,0.0,0.0,0.0,0.0,67.0,0,0.0,0.0,4n-1m-24th-Bc-sp-mz,sequana_cpu_dev,4,11428597.0,1,24,B,sp-mz,8,8,400,304,208,17,1128.33,391.0,1519.33,376.11,130.33,506.44,126.61,3.0, sdumont6168,6077.32
0.0,384,4,265348.0,3172.0,2620.0,265348.0,0.0,0.0,0.0,0.0,64.0,0,0.0,0.0,4n-1m-24th-Bc-sp-mz,sequana_cpu_dev,4,11428601.0,1,24,B,sp-mz,8,8,400,304,208,17,1134.74,387.27,1522.0,378.25,129.09,507.33,126.83,3.0, sdumont6166,6088.0
0.0,960,10,265348.0,1040.0,1035.0,265348.0,0.0,0.0,0.0,0.0,1.0,0,0.0,0.0,4n-1m-24th-Cc-sp-mz,sequana_cpu_dev,4,11428606.0,1,24,C,sp-mz,16,16,400,480,320,28,4219.77,1327.51,5547.28,468.86,147.5,616.36,154.09,9.0, sdumont6165,55472.799999999996
0.0,960,10,265348.0,3112.0,1554.0,265348.0,0.0,0.0,0.0,0.0,1.0,0,0.0,0.0,4n-1m-24th-Cc-sp-mz,sequana_cpu_dev,4,11428610.0,1,24,C,sp-mz,16,16,400,480,320,28,3923.83,1217.22,5141.05,435.98,135.25,571.23,142.81,9.0, sdumont6165,51410.5
0.0,960,10,265348.0,3148.0,1564.0,265348.0,0.0,0.0,0.0,0.0,131.0,0,0.0,0.0,4n-1m-24th-Cc-sp-mz,sequana_cpu_dev,4,11428614.0,1,24,C,sp-mz,16,16,400,480,320,28,4272.48,1342.1,5614.58,474.72,149.12,623.84,155.96,9.0, sdumont6167,56145.8
0.0,960,10,265348.0,3152.0,2079.0,265348.0,0.0,0.0,0.0,0.0,157.0,0,0.0,0.0,4n-1m-24th-Cc-sp-mz,sequana_cpu_dev,4,11428619.0,1,24,C,sp-mz,16,16,400,480,320,28,4312.93,1403.2,5716.13,479.21,155.91,635.13,158.78,9.0, sdumont6167,57161.3
0.0,312,3,265348.0,3160.0,3147.0,265348.0,0.0,0.0,0.0,0.0,609.0,0,0.0,0.0,4n-1m-26th-Ac-sp-mz,sequana_cpu_dev,4,11428622.0,1,26,A,sp-mz,4,4,400,128,128,16,379.96,212.49,592.45,286.83,160.38,447.21,111.8,1.5, sdumont6165,1777.3500000000001
0.0,312,3,265348.0,3180.0,3156.0,265348.0,0.0,0.0,0.0,0.0,443.0,0,0.0,0.0,4n-1m-26th-Ac-sp-mz,sequana_cpu_dev,4,11428632.0,1,26,A,sp-mz,4,4,400,128,128,16,380.76,208.95,589.71,380.76,208.95,589.71,147.43,1.0, sdumont6168,1769.13
0.0,312,3,265348.0,3168.0,3148.0,265348.0,0.0,0.0,0.0,0.0,1.0,0,0.0,0.0,4n-1m-26th-Ac-sp-mz,sequana_cpu_dev,4,11428635.0,1,26,A,sp-mz,4,4,400,128,128,16,387.18,208.33,595.51,387.18,208.33,595.51,148.88,1.0, sdumont6166,1786.53
0.0,208,2,265348.0,3172.0,3152.0,265348.0,0.0,0.0,0.0,0.0,1.0,0,0.0,0.0,4n-1m-26th-Ac-sp-mz,sequana_cpu_dev,4,11428639.0,1,26,A,sp-mz,4,4,400,128,128,16,380.3,209.33,589.63,380.3,209.33,589.63,147.41,1.0, sdumont6168,1179.26
0.0,416,4,265348.0,3228.0,3174.0,265348.0,0.0,0.0,0.0,0.0,49.0,0,0.0,0.0,4n-1m-26th-Bc-sp-mz,sequana_cpu_dev,4,11428643.0,1,26,B,sp-mz,8,8,400,304,208,17,1060.73,532.95,1593.68,353.58,177.65,531.23,132.81,3.0, sdumont6167,6374.72
0.0,416,4,265348.0,3156.0,2618.0,265348.0,0.0,0.0,0.0,0.0,20.0,0,0.0,0.0,4n-1m-26th-Bc-sp-mz,sequana_cpu_dev,4,11428648.0,1,26,B,sp-mz,8,8,400,304,208,17,1088.85,526.71,1615.56,362.95,175.57,538.52,134.63,3.0, sdumont6167,6462.24
0.0,416,4,265348.0,3208.0,3178.0,265348.0,0.0,0.0,0.0,0.0,1.0,0,0.0,0.0,4n-1m-26th-Bc-sp-mz,sequana_cpu_dev,4,11428651.0,1,26,B,sp-mz,8,8,400,304,208,17,1088.36,534.35,1622.71,362.79,178.12,540.9,135.23,3.0, sdumont6166,6490.84
0.0,416,4,265348.0,3168.0,3146.0,265348.0,0.0,0.0,0.0,0.0,108.0,0,0.0,0.0,4n-1m-26th-Bc-sp-mz,sequana_cpu_dev,4,11428657.0,1,26,B,sp-mz,8,8,400,304,208,17,1105.82,546.77,1652.6,464.45,227.18,691.63,172.91,2.5, sdumont6167,6610.4
0.0,1352,13,265348.0,3232.0,2645.0,265348.0,0.0,0.0,0.0,0.0,0.0,0,0.0,0.0,4n-1m-26th-Cc-sp-mz,sequana_cpu_dev,4,11428660.0,1,26,C,sp-mz,16,16,400,480,320,28,5458.29,2729.02,8187.31,496.21,248.09,744.3,186.08,11.0, sdumont6167,106435.03
0.0,1352,13,265348.0,3240.0,3162.0,265348.0,0.0,0.0,0.0,0.0,1.0,0,0.0,0.0,4n-1m-26th-Cc-sp-mz,sequana_cpu_dev,4,11428664.0,1,26,C,sp-mz,16,16,400,480,320,28,5392.64,2718.82,8111.46,449.39,226.57,675.95,168.99,12.0, sdumont6169,105448.98
0.0,1248,12,265348.0,3180.0,2613.0,265348.0,0.0,0.0,0.0,0.0,0.0,0,0.0,0.0,4n-1m-26th-Cc-sp-mz,sequana_cpu_dev,4,11428666.0,1,26,C,sp-mz,16,16,400,480,320,28,5426.74,2706.89,8133.64,493.34,246.08,739.42,184.86,11.0, sdumont6166,97603.68000000001
0.0,1352,13,265348.0,3240.0,2658.0,265348.0,0.0,0.0,0.0,0.0,1.0,0,0.0,0.0,4n-1m-26th-Cc-sp-mz,sequana_cpu_dev,4,11428670.0,1,26,C,sp-mz,16,16,400,480,320,28,5364.25,2720.65,8084.91,447.02,226.72,673.74,168.44,12.0, sdumont6165,105103.83
0.0,336,3,265348.0,3144.0,3116.0,265348.0,0.0,0.0,0.0,0.0,0.0,0,0.0,0.0,4n-1m-28th-Ac-sp-mz,sequana_cpu_dev,4,11428675.0,1,28,A,sp-mz,4,4,400,128,128,16,377.26,233.11,610.38,377.26,233.11,610.38,152.59,1.0, sdumont6166,1831.1399999999999
0.0,336,3,265348.0,3132.0,2580.0,265348.0,0.0,0.0,0.0,0.0,1.0,0,0.0,0.0,4n-1m-28th-Ac-sp-mz,sequana_cpu_dev,4,11428677.0,1,28,A,sp-mz,4,4,400,128,128,16,171.78,167.39,339.17,85.89,83.69,169.58,42.4,2.0, sdumont6167,1017.51
0.0,224,2,265348.0,3180.0,2567.0,265348.0,0.0,0.0,0.0,0.0,1.0,0,0.0,0.0,4n-1m-28th-Ac-sp-mz,sequana_cpu_dev,4,11428681.0,1,28,A,sp-mz,4,4,400,128,128,16,376.74,232.75,609.49,376.74,232.75,609.49,152.37,1.0, sdumont6167,1218.98
0.0,448,4,265348.0,3144.0,3137.0,265348.0,0.0,0.0,0.0,0.0,1.0,0,0.0,0.0,4n-1m-28th-Bc-sp-mz,sequana_cpu_dev,4,11428686.0,1,28,B,sp-mz,8,8,400,304,208,17,1062.04,613.03,1675.07,354.01,204.34,558.36,139.59,3.0, sdumont6167,6700.28
0.0,448,4,265348.0,3124.0,2546.0,265348.0,0.0,0.0,0.0,0.0,1.0,0,0.0,0.0,4n-1m-28th-Bc-sp-mz,sequana_cpu_dev,4,11428689.0,1,28,B,sp-mz,8,8,400,304,208,17,1081.38,618.22,1699.6,360.46,206.07,566.53,141.63,3.0, sdumont6168,6798.4
0.0,560,5,265348.0,3140.0,2577.0,265348.0,0.0,0.0,0.0,0.0,1.0,0,0.0,0.0,4n-1m-28th-Bc-sp-mz,sequana_cpu_dev,4,11428694.0,1,28,B,sp-mz,8,8,400,304,208,17,1078.02,608.46,1686.48,359.34,202.82,562.16,140.54,3.0, sdumont6168,8432.4
0.0,560,5,265348.0,3172.0,3114.0,265348.0,0.0,0.0,0.0,0.0,1.0,0,0.0,0.0,4n-1m-28th-Bc-sp-mz,sequana_cpu_dev,4,11428697.0,1,28,B,sp-mz,8,8,400,304,208,17,1087.07,612.94,1700.01,362.36,204.31,566.67,141.67,3.0, sdumont6166,8500.05
0.0,1456,13,265348.0,3176.0,3099.0,265348.0,0.0,0.0,0.0,0.0,1.0,0,0.0,0.0,4n-1m-28th-Cc-sp-mz,sequana_cpu_dev,4,11428699.0,1,28,C,sp-mz,16,16,400,480,320,28,5484.05,3144.06,8628.12,457.0,262.01,719.01,179.75,12.0, sdumont6168,112165.56000000001
0.0,1456,13,265348.0,3140.0,2588.0,265348.0,0.0,0.0,0.0,0.0,1.0,0,0.0,0.0,4n-1m-28th-Cc-sp-mz,sequana_cpu_dev,4,11428702.0,1,28,C,sp-mz,16,16,400,480,320,28,4880.52,2790.82,7671.34,477.2,272.79,750.0,187.5,10.25, sdumont6168,99727.42
0.0,1456,13,265348.0,3136.0,2582.0,265348.0,0.0,0.0,0.0,0.0,1.0,0,0.0,0.0,4n-1m-28th-Cc-sp-mz,sequana_cpu_dev,4,11428704.0,1,28,C,sp-mz,16,16,400,480,320,28,5450.31,3180.45,8630.76,495.48,289.13,784.61,196.15,11.0, sdumont6166,112199.88
0.0,1456,13,265348.0,3116.0,3075.0,265348.0,0.0,0.0,0.0,0.0,1.0,0,0.0,0.0,4n-1m-28th-Cc-sp-mz,sequana_cpu_dev,4,11428707.0,1,28,C,sp-mz,16,16,400,480,320,28,5470.47,3115.47,8585.93,497.32,283.22,780.54,195.13,11.0, sdumont6168,111617.09
0.0,360,3,265348.0,3132.0,3061.0,265348.0,0.0,0.0,0.0,0.0,1.0,0,0.0,0.0,4n-1m-30th-Ac-sp-mz,sequana_cpu_dev,4,11428709.0,1,30,A,sp-mz,4,4,400,128,128,16,377.93,274.79,652.72,377.93,274.79,652.72,163.18,1.0, sdumont6169,1958.16
0.0,360,3,265348.0,3276.0,3172.0,265348.0,0.0,0.0,0.0,0.0,1.0,0,0.0,0.0,4n-1m-30th-Ac-sp-mz,sequana_cpu_dev,4,11428713.0,1,30,A,sp-mz,4,4,400,128,128,16,386.78,259.35,646.12,386.78,259.35,646.12,161.53,1.0, sdumont6165,1938.3600000000001
0.0,600,5,265348.0,3144.0,3102.0,265348.0,0.0,0.0,0.0,0.0,1.0,0,0.0,0.0,4n-1m-30th-Ac-sp-mz,sequana_cpu_dev,4,11428715.0,1,30,A,sp-mz,4,4,400,128,128,16,629.79,553.18,1182.97,157.45,138.29,295.74,73.94,4.0, sdumont6168,5914.85
0.0,360,3,265348.0,3148.0,3099.0,265348.0,0.0,0.0,0.0,0.0,1.0,0,0.0,0.0,4n-1m-30th-Ac-sp-mz,sequana_cpu_dev,4,11428717.0,1,30,A,sp-mz,4,4,400,128,128,16,382.07,258.37,640.44,382.07,258.37,640.44,160.11,1.0, sdumont6166,1921.3200000000002
0.0,480,4,265348.0,3108.0,2572.0,265348.0,0.0,0.0,0.0,0.0,1.0,0,0.0,0.0,4n-1m-30th-Bc-sp-mz,sequana_cpu_dev,4,11428719.0,1,30,B,sp-mz,8,8,400,304,208,17,1039.91,685.96,1725.86,346.64,228.65,575.29,143.82,3.0, sdumont6167,6903.44
0.0,480,4,265348.0,3160.0,3141.0,265348.0,0.0,0.0,0.0,0.0,1.0,0,0.0,0.0,4n-1m-30th-Bc-sp-mz,sequana_cpu_dev,4,11428721.0,1,30,B,sp-mz,8,8,400,304,208,17,1048.19,690.46,1738.65,349.4,230.15,579.55,144.89,3.0, sdumont6165,6954.6
0.0,480,4,265348.0,3164.0,2593.0,265348.0,0.0,0.0,0.0,0.0,0.0,0,0.0,0.0,4n-1m-30th-Bc-sp-mz,sequana_cpu_dev,4,11428723.0,1,30,B,sp-mz,8,8,400,304,208,17,1068.09,697.08,1765.17,356.03,232.36,588.39,147.1,3.0, sdumont6166,7060.68
0.0,480,4,265348.0,3152.0,3115.0,265348.0,0.0,0.0,0.0,0.0,1.0,0,0.0,0.0,4n-1m-30th-Bc-sp-mz,sequana_cpu_dev,4,11428725.0,1,30,B,sp-mz,8,8,400,304,208,17,1052.48,692.31,1744.79,350.83,230.77,581.6,145.4,3.0, sdumont6168,6979.16
0.0,1560,13,265348.0,3124.0,3075.0,265348.0,0.0,0.0,0.0,0.0,1.0,0,0.0,0.0,4n-1m-30th-Cc-sp-mz,sequana_cpu_dev,4,11428727.0,1,30,C,sp-mz,16,16,400,480,320,28,5416.93,3553.67,8970.59,451.41,296.14,747.55,186.89,12.0, sdumont6168,116617.67
0.0,1560,13,265348.0,3152.0,2091.0,265348.0,0.0,0.0,0.0,0.0,0.0,0,0.0,0.0,4n-1m-30th-Cc-sp-mz,sequana_cpu_dev,4,11428730.0,1,30,C,sp-mz,16,16,400,480,320,28,5397.48,3574.26,8971.74,449.79,297.85,747.65,186.91,12.0, sdumont6165,116632.62
0.0,1560,13,265348.0,3132.0,2567.0,265348.0,0.0,0.0,0.0,0.0,1.0,0,0.0,0.0,4n-1m-30th-Cc-sp-mz,sequana_cpu_dev,4,11428733.0,1,30,C,sp-mz,16,16,400,480,320,28,5408.38,3579.32,8987.7,450.7,298.28,748.98,187.24,12.0, sdumont6168,116840.1
0.0,1560,13,265348.0,3104.0,2042.0,265348.0,0.0,0.0,0.0,0.0,1.0,0,0.0,0.0,4n-1m-30th-Cc-sp-mz,sequana_cpu_dev,4,11428735.0,1,30,C,sp-mz,16,16,400,480,320,28,5391.44,3564.96,8956.4,449.29,297.08,746.37,186.59,12.0, sdumont6165,116433.2
0.0,384,3,265348.0,3148.0,2590.0,265348.0,0.0,0.0,0.0,0.0,1.0,0,0.0,0.0,4n-1m-32th-Ac-sp-mz,sequana_cpu_dev,4,11428737.0,1,32,A,sp-mz,4,4,400,128,128,16,376.66,282.32,658.98,330.81,247.44,578.25,144.56,1.25, sdumont6168,1976.94
0.0,384,3,265348.0,3124.0,2065.0,265348.0,0.0,0.0,0.0,0.0,1.0,0,0.0,0.0,4n-1m-32th-Ac-sp-mz,sequana_cpu_dev,4,11428739.0,1,32,A,sp-mz,4,4,400,128,128,16,378.27,283.82,662.09,378.27,283.82,662.09,165.52,1.0, sdumont6166,1986.27
0.0,512,4,265348.0,3144.0,2586.0,265348.0,0.0,0.0,0.0,0.0,1.0,0,0.0,0.0,4n-1m-32th-Ac-sp-mz,sequana_cpu_dev,4,11428741.0,1,32,A,sp-mz,4,4,400,128,128,16,376.45,281.16,657.61,376.45,281.16,657.61,164.4,1.0, sdumont6166,2630.44
0.0,512,4,265348.0,3092.0,3077.0,265348.0,0.0,0.0,0.0,0.0,1.0,0,0.0,0.0,4n-1m-32th-Ac-sp-mz,sequana_cpu_dev,4,11428743.0,1,32,A,sp-mz,4,4,400,128,128,16,399.87,379.11,778.98,133.29,126.37,259.66,64.92,3.0, sdumont6168,3115.92
0.0,896,7,265348.0,3156.0,3127.0,265348.0,0.0,0.0,0.0,0.0,1.0,0,0.0,0.0,4n-1m-32th-Bc-sp-mz,sequana_cpu_dev,4,11428746.0,1,32,B,sp-mz,8,8,400,304,208,17,1591.11,1276.94,2868.06,265.19,212.82,478.01,119.5,6.0, sdumont6168,20076.42
0.0,640,5,265348.0,3144.0,3121.0,265348.0,0.0,0.0,0.0,0.0,1.0,0,0.0,0.0,4n-1m-32th-Bc-sp-mz,sequana_cpu_dev,4,11428748.0,1,32,B,sp-mz,8,8,400,304,208,17,1058.08,779.05,1837.13,352.69,259.68,612.38,153.09,3.0, sdumont6239,9185.650000000001
0.0,512,4,265348.0,3116.0,2579.0,265348.0,0.0,0.0,0.0,0.0,1.0,0,0.0,0.0,4n-1m-32th-Bc-sp-mz,sequana_cpu_dev,4,11428750.0,1,32,B,sp-mz,8,8,400,304,208,17,1030.22,760.23,1790.45,343.41,253.41,596.82,149.2,3.0, sdumont6167,7161.8
0.0,512,4,265348.0,3144.0,2608.0,265348.0,0.0,0.0,0.0,0.0,1.0,0,0.0,0.0,4n-1m-32th-Bc-sp-mz,sequana_cpu_dev,4,11428752.0,1,32,B,sp-mz,8,8,400,304,208,17,1044.53,771.64,1816.16,348.18,257.21,605.39,151.35,3.0, sdumont6166,7264.64
0.0,1664,13,265348.0,3140.0,1563.0,265348.0,0.0,0.0,0.0,0.0,1.0,0,0.0,0.0,4n-1m-32th-Cc-sp-mz,sequana_cpu_dev,4,11428754.0,1,32,C,sp-mz,16,16,400,480,320,28,5334.86,3997.57,9332.44,444.57,333.13,777.7,194.43,12.0, sdumont6168,121321.72
0.0,1664,13,265348.0,3136.0,2590.0,265348.0,0.0,0.0,0.0,0.0,1.0,0,0.0,0.0,4n-1m-32th-Cc-sp-mz,sequana_cpu_dev,4,11428756.0,1,32,C,sp-mz,16,16,400,480,320,28,5331.73,3987.27,9319.0,444.31,332.27,776.58,194.15,12.0, sdumont6168,121147.0
0.0,1664,13,265348.0,3108.0,3093.0,265348.0,0.0,0.0,0.0,0.0,1.0,0,0.0,0.0,4n-1m-32th-Cc-sp-mz,sequana_cpu_dev,4,11428758.0,1,32,C,sp-mz,16,16,400,480,320,28,5333.65,3989.67,9323.32,444.47,332.47,776.94,194.24,12.0, sdumont6165,121203.16
0.0,1664,13,265348.0,3172.0,2606.0,265348.0,0.0,0.0,0.0,0.0,1.0,0,0.0,0.0,4n-1m-32th-Cc-sp-mz,sequana_cpu_dev,4,11428760.0,1,32,C,sp-mz,16,16,400,480,320,28,5327.59,4006.27,9333.86,443.97,333.86,777.82,194.46,12.0, sdumont6165,121340.18000000001
0.0,408,3,265348.0,3156.0,3138.0,265348.0,0.0,0.0,0.0,0.0,1.0,0,0.0,0.0,4n-1m-34th-Ac-sp-mz,sequana_cpu_dev,4,11428762.0,1,34,A,sp-mz,4,4,400,128,128,16,378.61,308.39,687.0,189.31,154.19,343.5,85.87,2.0, sdumont6167,2061.0
0.0,408,3,265348.0,3176.0,3140.0,265348.0,0.0,0.0,0.0,0.0,1.0,0,0.0,0.0,4n-1m-34th-Ac-sp-mz,sequana_cpu_dev,4,11428764.0,1,34,A,sp-mz,4,4,400,128,128,16,378.76,307.55,686.32,189.38,153.78,343.16,85.79,2.0, sdumont6167,2058.96
0.0,408,3,265348.0,3172.0,3129.0,265348.0,0.0,0.0,0.0,0.0,1.0,0,0.0,0.0,4n-1m-34th-Ac-sp-mz,sequana_cpu_dev,4,11428767.0,1,34,A,sp-mz,4,4,400,128,128,16,376.12,305.3,681.42,376.12,305.3,681.42,170.35,1.0, sdumont6166,2044.2599999999998
0.0,408,3,265348.0,3164.0,2613.0,265348.0,0.0,0.0,0.0,0.0,1.0,0,0.0,0.0,4n-1m-34th-Ac-sp-mz,sequana_cpu_dev,4,11428769.0,1,34,A,sp-mz,4,4,400,128,128,16,368.64,299.5,668.14,184.32,149.75,334.07,83.52,2.0, sdumont6166,2004.42
0.0,816,6,265348.0,3184.0,2642.0,265348.0,0.0,0.0,0.0,0.0,1.0,0,0.0,0.0,4n-1m-34th-Bc-sp-mz,sequana_cpu_dev,4,11428772.0,1,34,B,sp-mz,8,8,400,304,208,17,1183.15,990.02,2173.17,295.79,247.5,543.29,135.82,4.0, sdumont6166,13039.02
0.0,680,5,265348.0,3176.0,3133.0,265348.0,0.0,0.0,0.0,0.0,1.0,0,0.0,0.0,4n-1m-34th-Bc-sp-mz,sequana_cpu_dev,4,11428774.0,1,34,B,sp-mz,8,8,400,304,208,17,1008.36,825.04,1833.4,295.08,241.58,536.66,134.16,3.5, sdumont6168,9167.0
0.0,544,4,265348.0,3244.0,3168.0,265348.0,0.0,0.0,0.0,0.0,0.0,0,0.0,0.0,4n-1m-34th-Bc-sp-mz,sequana_cpu_dev,4,11428776.0,1,34,B,sp-mz,8,8,400,304,208,17,1039.29,848.55,1887.84,393.46,319.17,712.63,178.16,2.75, sdumont6167,7551.36
0.0,544,4,265348.0,3232.0,3165.0,265348.0,0.0,0.0,0.0,0.0,1.0,0,0.0,0.0,4n-1m-34th-Bc-sp-mz,sequana_cpu_dev,4,11428778.0,1,34,B,sp-mz,8,8,400,304,208,17,1041.48,850.82,1892.3,347.16,283.61,630.77,157.69,3.0, sdumont6167,7569.2
0.0,1768,13,265348.0,3244.0,3184.0,265348.0,0.0,0.0,0.0,0.0,1.0,0,0.0,0.0,4n-1m-34th-Cc-sp-mz,sequana_cpu_dev,4,11428780.0,1,34,C,sp-mz,16,16,400,480,320,28,5307.5,4370.75,9678.25,453.16,372.72,825.88,206.47,11.75, sdumont6166,125817.25
0.0,1904,14,265348.0,3160.0,2094.0,265348.0,0.0,0.0,0.0,0.0,1.0,0,0.0,0.0,4n-1m-34th-Cc-sp-mz,sequana_cpu_dev,4,11428782.0,1,34,C,sp-mz,16,16,400,480,320,28,5474.2,4520.51,9994.7,448.0,370.06,818.06,204.51,12.25, sdumont6167,139925.80000000002
0.0,1768,13,265348.0,3184.0,2626.0,265348.0,0.0,0.0,0.0,0.0,1.0,0,0.0,0.0,4n-1m-34th-Cc-sp-mz,sequana_cpu_dev,4,11428784.0,1,34,C,sp-mz,16,16,400,480,320,28,5322.96,4382.5,9705.46,443.58,365.21,808.79,202.2,12.0, sdumont6165,126170.97999999998
0.0,1768,13,265348.0,3176.0,2613.0,265348.0,0.0,0.0,0.0,0.0,1.0,0,0.0,0.0,4n-1m-34th-Cc-sp-mz,sequana_cpu_dev,4,11428786.0,1,34,C,sp-mz,16,16,400,480,320,28,5291.79,4391.68,9683.46,440.98,365.97,806.96,201.74,12.0, sdumont6168,125884.97999999998
0.0,432,3,265348.0,3160.0,3139.0,265348.0,0.0,0.0,0.0,0.0,1.0,0,0.0,0.0,4n-1m-36th-Ac-sp-mz,sequana_cpu_dev,4,11428788.0,1,36,A,sp-mz,4,4,400,128,128,16,376.9,319.95,696.84,188.45,159.97,348.42,87.11,2.0, sdumont6168,2090.52
0.0,432,3,265348.0,3144.0,2086.0,265348.0,0.0,0.0,0.0,0.0,1.0,0,0.0,0.0,4n-1m-36th-Ac-sp-mz,sequana_cpu_dev,4,11428790.0,1,36,A,sp-mz,4,4,400,128,128,16,374.49,316.21,690.7,187.25,158.1,345.35,86.34,2.0, sdumont6168,2072.1000000000004
0.0,432,3,265348.0,3156.0,3081.0,265348.0,0.0,0.0,0.0,0.0,1.0,0,0.0,0.0,4n-1m-36th-Ac-sp-mz,sequana_cpu_dev,4,11428792.0,1,36,A,sp-mz,4,4,400,128,128,16,378.7,321.09,699.79,189.35,160.55,349.9,87.47,2.0, sdumont6167,2099.37
0.0,432,3,265348.0,3144.0,3121.0,265348.0,0.0,0.0,0.0,0.0,1.0,0,0.0,0.0,4n-1m-36th-Ac-sp-mz,sequana_cpu_dev,4,11428794.0,1,36,A,sp-mz,4,4,400,128,128,16,380.1,320.83,700.93,190.05,160.41,350.46,87.62,2.0, sdumont6165,2102.79
0.0,576,4,265348.0,3140.0,3101.0,265348.0,0.0,0.0,0.0,0.0,1.0,0,0.0,0.0,4n-1m-36th-Bc-sp-mz,sequana_cpu_dev,4,11428796.0,1,36,B,sp-mz,8,8,400,304,208,17,1031.51,886.51,1918.03,343.84,295.5,639.34,159.84,3.0, sdumont6165,7672.12
0.0,864,6,265348.0,3172.0,2616.0,265348.0,0.0,0.0,0.0,0.0,1.0,0,0.0,0.0,4n-1m-36th-Bc-sp-mz,sequana_cpu_dev,4,11428798.0,1,36,B,sp-mz,8,8,400,304,208,17,1099.77,969.57,2069.34,219.95,193.91,413.87,103.47,5.0, sdumont6166,12416.04
0.0,720,5,265348.0,3148.0,3098.0,265348.0,0.0,0.0,0.0,0.0,1.0,0,0.0,0.0,4n-1m-36th-Bc-sp-mz,sequana_cpu_dev,4,11428800.0,1,36,B,sp-mz,8,8,400,304,208,17,1018.05,881.17,1899.22,254.51,220.29,474.8,118.7,4.0, sdumont6166,9496.1
0.0,720,5,265348.0,3176.0,3120.0,265348.0,0.0,0.0,0.0,0.0,1.0,0,0.0,0.0,4n-1m-36th-Bc-sp-mz,sequana_cpu_dev,4,11428802.0,1,36,B,sp-mz,8,8,400,304,208,17,1035.18,886.76,1921.94,345.06,295.59,640.65,160.16,3.0, sdumont6168,9609.7
0.0,1872,13,265348.0,3144.0,3136.0,265348.0,0.0,0.0,0.0,0.0,1.0,0,0.0,0.0,4n-1m-36th-Cc-sp-mz,sequana_cpu_dev,4,11428804.0,1,36,C,sp-mz,16,16,400,480,320,28,5248.97,4558.56,9807.53,437.41,379.88,817.29,204.32,12.0, sdumont6168,127497.89000000001
0.0,1872,13,265348.0,3176.0,3132.0,265348.0,0.0,0.0,0.0,0.0,1.0,0,0.0,0.0,4n-1m-36th-Cc-sp-mz,sequana_cpu_dev,4,11428812.0,1,36,C,sp-mz,16,16,400,480,320,28,5230.95,4542.77,9773.72,435.91,378.56,814.48,203.62,12.0, sdumont6165,127058.35999999999
0.0,2016,14,265348.0,3184.0,3136.0,265348.0,0.0,0.0,0.0,0.0,1.0,0,0.0,0.0,4n-1m-36th-Cc-sp-mz,sequana_cpu_dev,4,11428814.0,1,36,C,sp-mz,16,16,400,480,320,28,5298.79,4572.89,9871.68,441.57,381.07,822.64,205.66,12.0, sdumont6165,138203.52000000002
0.0,1872,13,265348.0,3152.0,2603.0,265348.0,0.0,0.0,0.0,0.0,1.0,0,0.0,0.0,4n-1m-36th-Cc-sp-mz,sequana_cpu_dev,4,11428820.0,1,36,C,sp-mz,16,16,400,480,320,28,5282.02,4588.8,9870.82,440.17,382.4,822.57,205.64,12.0, sdumont6165,128320.66
0.0,456,3,265348.0,3180.0,3163.0,265348.0,0.0,0.0,0.0,0.0,1.0,0,0.0,0.0,4n-1m-38th-Ac-sp-mz,sequana_cpu_dev,4,11428834.0,1,38,A,sp-mz,4,4,400,128,128,16,379.38,331.13,710.51,189.69,165.57,355.26,88.81,2.0, sdumont6168,2131.5299999999997
0.0,456,3,265348.0,3176.0,2090.0,265348.0,0.0,0.0,0.0,0.0,1.0,0,0.0,0.0,4n-1m-38th-Ac-sp-mz,sequana_cpu_dev,4,11428836.0,1,38,A,sp-mz,4,4,400,128,128,16,380.91,337.68,718.59,190.46,168.84,359.3,89.82,2.0, sdumont6168,2155.77
0.0,456,3,265348.0,3244.0,3173.0,265348.0,0.0,0.0,0.0,0.0,1.0,0,0.0,0.0,4n-1m-38th-Ac-sp-mz,sequana_cpu_dev,4,11428838.0,1,38,A,sp-mz,4,4,400,128,128,16,387.41,340.13,727.54,193.7,170.07,363.77,90.94,2.0, sdumont6166,2182.62
0.0,456,3,265348.0,3160.0,2594.0,265348.0,0.0,0.0,0.0,0.0,1.0,0,0.0,0.0,4n-1m-38th-Ac-sp-mz,sequana_cpu_dev,4,11428843.0,1,38,A,sp-mz,4,4,400,128,128,16,381.39,338.22,719.61,339.82,297.58,637.4,159.35,1.25, sdumont6168,2158.83
0.0,760,5,265348.0,3240.0,3135.0,265348.0,0.0,0.0,0.0,0.0,0.0,0,0.0,0.0,4n-1m-38th-Bc-sp-mz,sequana_cpu_dev,4,11428848.0,1,38,B,sp-mz,8,8,400,304,208,17,1012.65,899.45,1912.1,337.55,299.82,637.37,159.34,3.0, sdumont6166,9560.5
0.0,608,4,265348.0,3172.0,2625.0,265348.0,0.0,0.0,0.0,0.0,1.0,0,0.0,0.0,4n-1m-38th-Bc-sp-mz,sequana_cpu_dev,4,11428855.0,1,38,B,sp-mz,8,8,400,304,208,17,1029.24,916.96,1946.21,343.08,305.65,648.74,162.18,3.0, sdumont6166,7784.84
0.0,912,6,265348.0,3160.0,3131.0,265348.0,0.0,0.0,0.0,0.0,1.0,0,0.0,0.0,4n-1m-38th-Bc-sp-mz,sequana_cpu_dev,4,11428857.0,1,38,B,sp-mz,8,8,400,304,208,17,1116.51,1010.5,2127.01,223.3,202.1,425.4,106.35,5.0, sdumont6165,12762.060000000001
0.0,760,5,265348.0,3220.0,3163.0,265348.0,0.0,0.0,0.0,0.0,1.0,0,0.0,0.0,4n-1m-38th-Bc-sp-mz,sequana_cpu_dev,4,11428859.0,1,38,B,sp-mz,8,8,400,304,208,17,1004.51,896.98,1901.5,251.13,224.25,475.37,118.84,4.0, sdumont6167,9507.5
0.0,1976,13,265348.0,3172.0,2621.0,265348.0,0.0,0.0,0.0,0.0,1.0,0,0.0,0.0,4n-1m-38th-Cc-sp-mz,sequana_cpu_dev,4,11428861.0,1,38,C,sp-mz,16,16,400,480,320,28,5293.6,4730.2,10023.8,441.13,394.18,835.32,208.83,12.0, sdumont6167,130309.4
0.0,2128,14,265348.0,3164.0,2607.0,265348.0,0.0,0.0,0.0,0.0,1.0,0,0.0,0.0,4n-1m-38th-Cc-sp-mz,sequana_cpu_dev,4,11428863.0,1,38,C,sp-mz,16,16,400,480,320,28,5604.35,4983.09,10587.44,431.1,383.31,814.42,203.6,13.0, sdumont6165,148224.16
0.0,1976,13,265348.0,3176.0,2576.0,265348.0,0.0,0.0,0.0,0.0,1.0,0,0.0,0.0,4n-1m-38th-Cc-sp-mz,sequana_cpu_dev,4,11428865.0,1,38,C,sp-mz,16,16,400,480,320,28,5246.29,4680.57,9926.86,437.19,390.05,827.24,206.81,12.0, sdumont6168,129049.18000000001
0.0,2128,14,265348.0,3172.0,2607.0,265348.0,0.0,0.0,0.0,0.0,1.0,0,0.0,0.0,4n-1m-38th-Cc-sp-mz,sequana_cpu_dev,4,11428867.0,1,38,C,sp-mz,16,16,400,480,320,28,5794.03,5173.4,10967.44,445.69,397.95,843.65,210.91,13.0, sdumont6166,153544.16
0.0,480,3,265348.0,3184.0,3116.0,265348.0,0.0,0.0,0.0,0.0,1.0,0,0.0,0.0,4n-1m-40th-Ac-sp-mz,sequana_cpu_dev,4,11428869.0,1,40,A,sp-mz,4,4,400,128,128,16,389.91,357.51,747.42,194.96,178.75,373.71,93.43,2.0, sdumont6168,2242.2599999999998
0.0,480,3,265348.0,3164.0,2591.0,265348.0,0.0,0.0,0.0,0.0,1.0,0,0.0,0.0,4n-1m-40th-Ac-sp-mz,sequana_cpu_dev,4,11428871.0,1,40,A,sp-mz,4,4,400,128,128,16,381.35,345.45,726.79,190.67,172.72,363.4,90.85,2.0, sdumont6167,2180.37
0.0,480,3,265348.0,3176.0,2592.0,265348.0,0.0,0.0,0.0,0.0,1.0,0,0.0,0.0,4n-1m-40th-Ac-sp-mz,sequana_cpu_dev,4,11428873.0,1,40,A,sp-mz,4,4,400,128,128,16,388.77,353.99,742.75,194.38,176.99,371.38,92.84,2.0, sdumont6168,2228.25
0.0,480,3,265348.0,3144.0,3104.0,265348.0,0.0,0.0,0.0,0.0,1.0,0,0.0,0.0,4n-1m-40th-Ac-sp-mz,sequana_cpu_dev,4,11428875.0,1,40,A,sp-mz,4,4,400,128,128,16,387.06,355.19,742.25,193.53,177.59,371.13,92.78,2.0, sdumont6168,2226.75
0.0,800,5,265348.0,3104.0,3077.0,265348.0,0.0,0.0,0.0,0.0,1.0,0,0.0,0.0,4n-1m-40th-Bc-sp-mz,sequana_cpu_dev,4,11428877.0,1,40,B,sp-mz,8,8,400,304,208,17,1008.37,936.82,1945.18,252.09,234.2,486.3,121.57,4.0, sdumont6167,9725.9
0.0,800,5,265348.0,3156.0,3117.0,265348.0,0.0,0.0,0.0,0.0,3.0,0,0.0,0.0,4n-1m-40th-Bc-sp-mz,sequana_cpu_dev,4,11428879.0,1,40,B,sp-mz,8,8,400,304,208,17,1017.5,939.71,1957.21,277.47,254.86,532.33,133.08,3.75, sdumont6168,9786.05
0.0,800,5,265348.0,3172.0,3101.0,265348.0,0.0,0.0,0.0,0.0,1.0,0,0.0,0.0,4n-1m-40th-Bc-sp-mz,sequana_cpu_dev,4,11428881.0,1,40,B,sp-mz,8,8,400,304,208,17,1013.83,943.89,1957.72,253.46,235.97,489.43,122.36,4.0, sdumont6166,9788.6
0.0,960,6,265348.0,3144.0,3068.0,265348.0,0.0,0.0,0.0,0.0,1.0,0,0.0,0.0,4n-1m-40th-Bc-sp-mz,sequana_cpu_dev,4,11428883.0,1,40,B,sp-mz,8,8,400,304,208,17,1354.91,1262.31,2617.22,270.98,252.46,523.44,130.86,5.0, sdumont6165,15703.32
0.0,2240,14,265348.0,3124.0,2554.0,265348.0,0.0,0.0,0.0,0.0,1.0,0,0.0,0.0,4n-1m-40th-Cc-sp-mz,sequana_cpu_dev,4,11428885.0,1,40,C,sp-mz,16,16,400,480,320,28,5180.31,4815.23,9995.53,431.69,401.27,832.96,208.24,12.0, sdumont6168,139937.42
0.0,2240,14,265348.0,3164.0,2613.0,265348.0,0.0,0.0,0.0,0.0,1.0,0,0.0,0.0,4n-1m-40th-Cc-sp-mz,sequana_cpu_dev,4,11428887.0,1,40,C,sp-mz,16,16,400,480,320,28,5612.57,5180.7,10793.27,431.74,398.52,830.25,207.56,13.0, sdumont6168,151105.78
0.0,2240,14,265348.0,3140.0,2561.0,265348.0,0.0,0.0,0.0,0.0,1.0,0,0.0,0.0,4n-1m-40th-Cc-sp-mz,sequana_cpu_dev,4,11428889.0,1,40,C,sp-mz,16,16,400,480,320,28,5483.93,5081.28,10565.21,421.84,390.87,812.71,203.18,13.0, sdumont6165,147912.94
0.0,2080,13,265348.0,3176.0,3099.0,265348.0,0.0,0.0,0.0,0.0,1.0,0,0.0,0.0,4n-1m-40th-Cc-sp-mz,sequana_cpu_dev,4,11428891.0,1,40,C,sp-mz,16,16,400,480,320,28,5219.66,4873.32,10092.97,434.97,406.11,841.08,210.27,12.0, sdumont6168,131208.61
0.0,504,3,265348.0,3092.0,2561.0,265348.0,0.0,0.0,0.0,0.0,1.0,0,0.0,0.0,4n-1m-42th-Ac-sp-mz,sequana_cpu_dev,4,11428893.0,1,42,A,sp-mz,4,4,400,128,128,16,388.89,365.21,754.1,344.17,320.14,664.3,166.08,1.25, sdumont6167,2262.3
0.0,504,3,265348.0,3144.0,2591.0,265348.0,0.0,0.0,0.0,0.0,1.0,0,0.0,0.0,4n-1m-42th-Ac-sp-mz,sequana_cpu_dev,4,11428895.0,1,42,A,sp-mz,4,4,400,128,128,16,384.37,359.84,744.22,238.33,225.16,463.49,115.87,1.75, sdumont6165,2232.66
0.0,504,3,265348.0,3152.0,3111.0,265348.0,0.0,0.0,0.0,0.0,0.0,0,0.0,0.0,4n-1m-42th-Ac-sp-mz,sequana_cpu_dev,4,11428897.0,1,42,A,sp-mz,4,4,400,128,128,16,383.1,357.36,740.46,191.55,178.68,370.23,92.56,2.0, sdumont6167,2221.38
0.0,504,3,265348.0,3108.0,3068.0,265348.0,0.0,0.0,0.0,0.0,1.0,0,0.0,0.0,4n-1m-42th-Ac-sp-mz,sequana_cpu_dev,4,11428899.0,1,42,A,sp-mz,4,4,400,128,128,16,379.48,353.6,733.08,189.74,176.8,366.54,91.63,2.0, sdumont6165,2199.2400000000002
0.0,840,5,265348.0,3152.0,3115.0,265348.0,0.0,0.0,0.0,0.0,1.0,0,0.0,0.0,4n-1m-42th-Bc-sp-mz,sequana_cpu_dev,4,11428901.0,1,42,B,sp-mz,8,8,400,304,208,17,1002.14,951.02,1953.16,334.05,317.01,651.05,162.76,3.0, sdumont6166,9765.800000000001
0.0,840,5,265348.0,3148.0,3092.0,265348.0,0.0,0.0,0.0,0.0,1.0,0,0.0,0.0,4n-1m-42th-Bc-sp-mz,sequana_cpu_dev,4,11428903.0,1,42,B,sp-mz,8,8,400,304,208,17,1003.4,951.95,1955.35,250.85,237.99,488.84,122.21,4.0, sdumont6167,9776.75
0.0,840,5,265348.0,3148.0,2610.0,265348.0,0.0,0.0,0.0,0.0,4.0,0,0.0,0.0,4n-1m-42th-Bc-sp-mz,sequana_cpu_dev,4,11428905.0,1,42,B,sp-mz,8,8,400,304,208,17,1010.58,956.28,1966.86,316.74,299.26,616.0,154.0,3.25, sdumont6165,9834.3
0.0,840,5,265348.0,3144.0,3112.0,265348.0,0.0,0.0,0.0,0.0,1.0,0,0.0,0.0,4n-1m-42th-Bc-sp-mz,sequana_cpu_dev,4,11428907.0,1,42,B,sp-mz,8,8,400,304,208,17,1012.98,961.18,1974.15,253.24,240.29,493.54,123.38,4.0, sdumont6167,9870.75
0.0,2352,14,265348.0,3144.0,2583.0,265348.0,0.0,0.0,0.0,0.0,1.0,0,0.0,0.0,4n-1m-42th-Cc-sp-mz,sequana_cpu_dev,4,11428909.0,1,42,C,sp-mz,16,16,400,480,320,28,5265.49,5004.07,10269.56,405.04,384.93,789.97,197.49,13.0, sdumont6168,143773.84
0.0,2184,13,265348.0,3180.0,3147.0,265348.0,0.0,0.0,0.0,0.0,1.0,0,0.0,0.0,4n-1m-42th-Cc-sp-mz,sequana_cpu_dev,4,11428911.0,1,42,C,sp-mz,16,16,400,480,320,28,5218.7,4983.9,10202.6,434.89,415.33,850.22,212.55,12.0, sdumont6165,132633.80000000002
0.0,2184,13,265348.0,3148.0,2601.0,265348.0,0.0,0.0,0.0,0.0,1.0,0,0.0,0.0,4n-1m-42th-Cc-sp-mz,sequana_cpu_dev,4,11428913.0,1,42,C,sp-mz,16,16,400,480,320,28,5225.59,4992.15,10217.74,435.47,416.01,851.48,212.87,12.0, sdumont6166,132830.62
0.0,2352,14,265348.0,3176.0,2574.0,265348.0,0.0,0.0,0.0,0.0,1.0,0,0.0,0.0,4n-1m-42th-Cc-sp-mz,sequana_cpu_dev,4,11428915.0,1,42,C,sp-mz,16,16,400,480,320,28,5307.41,5048.85,10356.25,408.26,388.37,796.63,199.16,13.0, sdumont6168,144987.5
0.0,528,3,265348.0,3232.0,2645.0,265348.0,0.0,0.0,0.0,0.0,1.0,0,0.0,0.0,4n-1m-44th-Ac-sp-mz,sequana_cpu_dev,4,11428917.0,1,44,A,sp-mz,4,4,400,128,128,16,392.7,378.04,770.74,346.57,330.85,677.42,169.36,1.25, sdumont6166,2312.2200000000003
0.0,528,3,265348.0,3168.0,2085.0,265348.0,0.0,0.0,0.0,0.0,1.0,0,0.0,0.0,4n-1m-44th-Ac-sp-mz,sequana_cpu_dev,4,11428919.0,1,44,A,sp-mz,4,4,400,128,128,16,385.81,369.17,754.98,338.38,322.53,660.91,165.23,1.25, sdumont6167,2264.94
0.0,528,3,265348.0,3128.0,2595.0,265348.0,0.0,0.0,0.0,0.0,1.0,0,0.0,0.0,4n-1m-44th-Ac-sp-mz,sequana_cpu_dev,4,11428921.0,1,44,A,sp-mz,4,4,400,128,128,16,383.58,364.85,748.43,336.83,318.36,655.19,163.8,1.25, sdumont6167,2245.29
0.0,528,3,265348.0,3188.0,3143.0,265348.0,0.0,0.0,0.0,0.0,1.0,0,0.0,0.0,4n-1m-44th-Ac-sp-mz,sequana_cpu_dev,4,11428923.0,1,44,A,sp-mz,4,4,400,128,128,16,395.04,385.82,780.86,245.74,241.95,487.69,121.92,1.75, sdumont6165,2342.58
0.0,880,5,265348.0,3160.0,1566.0,265348.0,0.0,0.0,0.0,0.0,1.0,0,0.0,0.0,4n-1m-44th-Bc-sp-mz,sequana_cpu_dev,4,11428925.0,1,44,B,sp-mz,8,8,400,304,208,17,1110.04,1084.59,2194.63,320.07,312.72,632.79,158.2,3.5, sdumont6165,10973.150000000001
0.0,1760,10,266411.0,3196.0,3155.0,267504.0,0.0,0.0,0.0,0.0,1.0,0,0.0,0.0,4n-1m-44th-Bc-sp-mz,sequana_cpu_dev,4,11428928.0,1,44,B,sp-mz,8,8,400,304,208,17,1925.65,1728.91,3654.56,275.09,246.99,522.08,130.52,7.0, sdumont6169,36545.6
0.0,880,5,265348.0,3172.0,2626.0,265348.0,0.0,0.0,0.0,0.0,1.0,0,0.0,0.0,4n-1m-44th-Bc-sp-mz,sequana_cpu_dev,4,11428930.0,1,44,B,sp-mz,8,8,400,304,208,17,995.09,975.44,1970.53,331.7,325.15,656.84,164.21,3.0, sdumont6167,9852.65
0.0,880,5,265348.0,3240.0,2651.0,265348.0,0.0,0.0,0.0,0.0,1.0,0,0.0,0.0,4n-1m-44th-Bc-sp-mz,sequana_cpu_dev,4,11428932.0,1,44,B,sp-mz,8,8,400,304,208,17,1002.57,980.93,1983.49,314.06,306.93,620.99,155.25,3.25, sdumont6168,9917.45
0.0,3168,18,266411.0,3248.0,3161.0,267504.0,0.0,0.0,0.0,0.0,1.0,0,0.0,0.0,4n-1m-44th-Cc-sp-mz,sequana_cpu_dev,4,11428935.0,1,44,C,sp-mz,16,16,400,480,320,28,6688.15,5934.12,12622.27,418.01,370.88,788.89,197.22,16.0, sdumont6038,227200.86000000002
0.0,2640,15,265348.0,3188.0,2623.0,265348.0,0.0,0.0,0.0,0.0,1.0,0,0.0,0.0,4n-1m-44th-Cc-sp-mz,sequana_cpu_dev,4,11428937.0,1,44,C,sp-mz,16,16,400,480,320,28,5849.14,5638.11,11487.25,442.2,426.18,868.38,217.1,13.25, sdumont6167,172308.75
0.0,2464,14,265348.0,3184.0,3166.0,265348.0,0.0,0.0,0.0,0.0,1.0,0,0.0,0.0,4n-1m-44th-Cc-sp-mz,sequana_cpu_dev,4,11428939.0,1,44,C,sp-mz,16,16,400,480,320,28,5653.91,5466.04,11119.95,434.92,420.46,855.38,213.85,13.0, sdumont6165,155679.30000000002
0.0,2464,14,265348.0,3176.0,2631.0,265348.0,0.0,0.0,0.0,0.0,1.0,0,0.0,0.0,4n-1m-44th-Cc-sp-mz,sequana_cpu_dev,4,11428942.0,1,44,C,sp-mz,16,16,400,480,320,28,5714.99,5572.43,11287.41,467.39,455.58,922.97,230.74,12.25, sdumont6167,158023.74
0.0,552,3,265348.0,3116.0,2071.0,265348.0,0.0,0.0,0.0,0.0,1.0,0,0.0,0.0,4n-1m-46th-Ac-sp-mz,sequana_cpu_dev,4,11428944.0,1,46,A,sp-mz,4,4,400,128,128,16,391.39,397.09,788.48,346.19,349.09,695.28,173.82,1.25, sdumont6165,2365.44
0.0,552,3,265348.0,3236.0,3149.0,265348.0,0.0,0.0,0.0,0.0,1.0,0,0.0,0.0,4n-1m-46th-Ac-sp-mz,sequana_cpu_dev,4,11428948.0,1,46,A,sp-mz,4,4,400,128,128,16,392.21,391.58,783.79,347.15,343.88,691.02,172.76,1.25, sdumont6166,2351.37
0.0,552,3,265348.0,3152.0,2094.0,265348.0,0.0,0.0,0.0,0.0,0.0,0,0.0,0.0,4n-1m-46th-Ac-sp-mz,sequana_cpu_dev,4,11428950.0,1,46,A,sp-mz,4,4,400,128,128,16,388.51,378.66,767.18,344.06,332.83,676.89,169.22,1.25, sdumont6165,2301.54
0.0,552,3,265348.0,3224.0,2632.0,265348.0,0.0,0.0,0.0,0.0,1.0,0,0.0,0.0,4n-1m-46th-Ac-sp-mz,sequana_cpu_dev,4,11428953.0,1,46,A,sp-mz,4,4,400,128,128,16,381.94,369.6,751.54,335.32,323.47,658.79,164.7,1.25, sdumont6166,2254.62
0.0,920,5,265348.0,3176.0,2614.0,265348.0,0.0,0.0,0.0,0.0,1.0,0,0.0,0.0,4n-1m-46th-Bc-sp-mz,sequana_cpu_dev,4,11428955.0,1,46,B,sp-mz,8,8,400,304,208,17,979.1,972.36,1951.46,306.67,304.06,610.73,152.68,3.25, sdumont6165,9757.3
0.0,920,5,265348.0,3244.0,2655.0,265348.0,0.0,0.0,0.0,0.0,1.0,0,0.0,0.0,4n-1m-46th-Bc-sp-mz,sequana_cpu_dev,4,11428958.0,1,46,B,sp-mz,8,8,400,304,208,17,975.94,964.92,1940.86,325.31,321.64,646.95,161.74,3.0, sdumont6168,9704.3
0.0,920,5,265348.0,3236.0,2639.0,265348.0,0.0,0.0,0.0,0.0,1.0,0,0.0,0.0,4n-1m-46th-Bc-sp-mz,sequana_cpu_dev,4,11428960.0,1,46,B,sp-mz,8,8,400,304,208,17,999.19,993.6,1992.79,333.06,331.2,664.26,166.07,3.0, sdumont6167,9963.95
0.0,920,5,265348.0,3176.0,3141.0,265348.0,0.0,0.0,0.0,0.0,1.0,0,0.0,0.0,4n-1m-46th-Bc-sp-mz,sequana_cpu_dev,4,11428962.0,1,46,B,sp-mz,8,8,400,304,208,17,994.92,991.29,1986.21,311.65,310.02,621.67,155.42,3.25, sdumont6168,9931.05
0.0,2760,15,265348.0,3180.0,3146.0,265348.0,0.0,0.0,0.0,0.0,1.0,0,0.0,0.0,4n-1m-46th-Cc-sp-mz,sequana_cpu_dev,4,11428964.0,1,46,C,sp-mz,16,16,400,480,320,28,5785.07,5682.75,11467.82,428.54,421.38,849.92,212.48,13.5, sdumont6168,172017.3
0.0,2576,14,265348.0,3124.0,2596.0,265348.0,0.0,0.0,0.0,0.0,1.0,0,0.0,0.0,4n-1m-46th-Cc-sp-mz,sequana_cpu_dev,4,11428966.0,1,46,C,sp-mz,16,16,400,480,320,28,5694.59,5587.25,11281.84,455.76,447.71,903.47,225.87,12.5, sdumont6167,157945.76
0.0,3128,17,265348.0,3180.0,3139.0,265348.0,0.0,0.0,0.0,0.0,1.0,0,0.0,0.0,4n-1m-46th-Cc-sp-mz,sequana_cpu_dev,4,11428968.0,1,46,C,sp-mz,16,16,400,480,320,28,5871.08,5816.76,11687.84,385.53,381.88,767.41,191.85,15.25, sdumont6167,198693.28
0.0,2576,14,265348.0,3172.0,2622.0,265348.0,0.0,0.0,0.0,0.0,1.0,0,0.0,0.0,4n-1m-46th-Cc-sp-mz,sequana_cpu_dev,4,11428970.0,1,46,C,sp-mz,16,16,400,480,320,28,5702.9,5649.96,11352.86,466.43,461.99,928.41,232.1,12.25, sdumont6167,158940.04
0.0,576,3,265348.0,3144.0,3096.0,265348.0,0.0,0.0,0.0,0.0,1.0,0,0.0,0.0,4n-1m-48th-Ac-sp-mz,sequana_cpu_dev,4,11428972.0,1,48,A,sp-mz,4,4,400,128,128,16,391.08,405.84,796.93,345.67,356.93,702.6,175.65,1.25, sdumont6167,2390.79
0.0,576,3,265348.0,3144.0,3111.0,265348.0,0.0,0.0,0.0,0.0,1.0,0,0.0,0.0,4n-1m-48th-Ac-sp-mz,sequana_cpu_dev,4,11428974.0,1,48,A,sp-mz,4,4,400,128,128,16,401.36,408.05,809.41,354.09,356.98,711.07,177.77,1.25, sdumont6168,2428.23
0.0,576,3,265348.0,3140.0,3111.0,265348.0,0.0,0.0,0.0,0.0,1.0,0,0.0,0.0,4n-1m-48th-Ac-sp-mz,sequana_cpu_dev,4,11428976.0,1,48,A,sp-mz,4,4,400,128,128,16,388.6,404.35,792.95,344.54,356.91,701.45,175.36,1.25, sdumont6165,2378.8500000000004
0.0,768,4,265348.0,3140.0,2589.0,265348.0,0.0,0.0,0.0,0.0,1.0,0,0.0,0.0,4n-1m-48th-Ac-sp-mz,sequana_cpu_dev,4,11428978.0,1,48,A,sp-mz,4,4,400,128,128,16,394.5,407.02,801.51,348.04,356.38,704.42,176.11,1.25, sdumont6167,3206.04
0.0,960,5,265348.0,3064.0,2554.0,265348.0,0.0,0.0,0.0,0.0,1.0,0,0.0,0.0,4n-1m-48th-Bc-sp-mz,sequana_cpu_dev,4,11428980.0,1,48,B,sp-mz,8,8,400,304,208,17,1521.28,1534.54,3055.81,476.25,479.75,956.0,239.0,3.25, sdumont6167,15279.05
0.0,960,5,265348.0,3148.0,2588.0,265348.0,0.0,0.0,0.0,0.0,1.0,0,0.0,0.0,4n-1m-48th-Bc-sp-mz,sequana_cpu_dev,4,11428982.0,1,48,B,sp-mz,8,8,400,304,208,17,985.63,1017.78,2003.4,308.96,318.66,627.62,156.91,3.25, sdumont6168,10017.0
0.0,960,5,265348.0,3140.0,2609.0,265348.0,0.0,0.0,0.0,0.0,1.0,0,0.0,0.0,4n-1m-48th-Bc-sp-mz,sequana_cpu_dev,4,11428984.0,1,48,B,sp-mz,8,8,400,304,208,17,985.91,1020.01,2005.92,308.88,319.14,628.02,157.01,3.25, sdumont6165,10029.6
0.0,960,5,265348.0,3124.0,2570.0,265348.0,0.0,0.0,0.0,0.0,1.0,0,0.0,0.0,4n-1m-48th-Bc-sp-mz,sequana_cpu_dev,4,11428986.0,1,48,B,sp-mz,8,8,400,304,208,17,979.37,1017.85,1997.22,307.14,318.82,625.96,156.49,3.25, sdumont6165,9986.1
0.0,2880,15,265348.0,3132.0,2064.0,265348.0,0.0,0.0,0.0,0.0,1.0,0,0.0,0.0,4n-1m-48th-Cc-sp-mz,sequana_cpu_dev,4,11428988.0,1,48,C,sp-mz,16,16,400,480,320,28,5617.68,5790.53,11408.21,442.0,454.95,896.95,224.24,12.75, sdumont6167,171123.15
0.0,2880,15,265348.0,3140.0,3111.0,265348.0,0.0,0.0,0.0,0.0,1.0,0,0.0,0.0,4n-1m-48th-Cc-sp-mz,sequana_cpu_dev,4,11428990.0,1,48,C,sp-mz,16,16,400,480,320,28,5652.68,5802.97,11455.66,434.82,446.38,881.2,220.3,13.0, sdumont6166,171834.9
0.0,2880,15,265348.0,3160.0,3126.0,265348.0,0.0,0.0,0.0,0.0,0.0,0,0.0,0.0,4n-1m-48th-Cc-sp-mz,sequana_cpu_dev,4,11428992.0,1,48,C,sp-mz,16,16,400,480,320,28,5659.04,5834.6,11493.63,427.73,440.94,868.66,217.17,13.25, sdumont6165,172404.44999999998
0.0,2880,15,265348.0,3144.0,2575.0,265348.0,0.0,0.0,0.0,0.0,1.0,0,0.0,0.0,4n-1m-48th-Cc-sp-mz,sequana_cpu_dev,4,11428994.0,1,48,C,sp-mz,16,16,400,480,320,28,5754.25,5936.28,11690.53,434.98,448.58,883.56,220.89,13.25, sdumont6168,175357.95
1.0,48,3,589474.5,146000.0,72821.5,1293120.0,501.76,2109.44,1013.76,4218.88,1.0,0,2.0,21.0,4n-2m-2th-Ac-sp-mz,sequana_cpu_dev,4,11428996.0,2,2,A,sp-mz,4,4,400,128,128,16,229.02,247.66,476.69,114.51,123.83,238.34,59.59,2.0, sdumont6166,1430.07
1.0,48,3,593510.0,143460.0,56024.5,1080288.0,501.76,2109.44,1024.0,4218.88,1.0,0,0.0,0.0,4n-2m-2th-Ac-sp-mz,sequana_cpu_dev,4,11428998.0,2,2,A,sp-mz,4,4,400,128,128,16,237.09,256.4,493.5,118.55,128.2,246.75,61.69,2.0, sdumont6166,1480.5
1.0,48,3,479328.5,143420.0,50240.0,1080424.0,501.76,2109.44,1034.24,4218.88,1.0,0,1.0,12.0,4n-2m-2th-Ac-sp-mz,sequana_cpu_dev,4,11429000.0,2,2,A,sp-mz,4,4,400,128,128,16,237.14,257.99,495.13,118.57,129.0,247.57,61.89,2.0, sdumont6166,1485.3899999999999
1.0,48,3,527897.5,143376.0,45502.0,1080292.0,501.76,2109.44,1024.0,4218.88,1.0,0,0.0,1.0,4n-2m-2th-Ac-sp-mz,sequana_cpu_dev,4,11429002.0,2,2,A,sp-mz,4,4,400,128,128,16,236.72,257.71,494.42,118.36,128.85,247.21,61.8,2.0, sdumont6165,1483.26
4.0,112,7,587857.5,143672.0,71423.0,1292892.0,512.0,2109.44,1064.96,4218.88,1.0,0,0.0,1.0,4n-2m-2th-Bc-sp-mz,sequana_cpu_dev,4,11429004.0,2,2,B,sp-mz,8,8,400,304,208,17,1145.26,1210.99,2356.25,229.05,242.2,471.25,117.81,5.0, sdumont6168,16493.75
4.0,112,7,506247.0,143240.0,70797.5,1080056.0,501.76,2109.44,1064.96,4218.88,1.0,0,0.0,0.0,4n-2m-2th-Bc-sp-mz,sequana_cpu_dev,4,11429006.0,2,2,B,sp-mz,8,8,400,304,208,17,1131.89,1200.11,2332.0,215.96,229.66,445.62,111.4,5.25, sdumont6165,16324.0
4.0,112,7,587825.5,144060.0,71190.5,1292896.0,512.0,2109.44,1064.96,4218.88,1.0,0,0.0,1.0,4n-2m-2th-Bc-sp-mz,sequana_cpu_dev,4,11429008.0,2,2,B,sp-mz,8,8,400,304,208,17,1139.56,1204.78,2344.34,208.35,220.68,429.03,107.26,5.5, sdumont6168,16410.38
3.0,112,7,526011.0,142936.0,43905.0,1080064.0,512.0,2109.44,1064.96,4218.88,1.0,0,0.0,0.0,4n-2m-2th-Bc-sp-mz,sequana_cpu_dev,4,11429010.0,2,2,B,sp-mz,8,8,400,304,208,17,1145.34,1212.07,2357.41,209.44,221.99,431.42,107.86,5.5, sdumont6165,16501.87
15.0,352,22,533232.0,143168.0,50535.0,1080080.0,563.2,2109.44,1280.0,4218.88,1.0,0,0.0,1.0,4n-2m-2th-Cc-sp-mz,sequana_cpu_dev,4,11429014.0,2,2,C,sp-mz,16,16,400,480,320,28,5104.01,5361.98,10465.99,243.05,255.33,498.38,124.6,21.0, sdumont6166,230251.78
15.0,352,22,533101.0,143172.0,50465.5,1080072.0,563.2,2109.44,1280.0,4218.88,1.0,0,0.0,0.0,4n-2m-2th-Cc-sp-mz,sequana_cpu_dev,4,11429016.0,2,2,C,sp-mz,16,16,400,480,320,28,5110.24,5372.74,10482.98,243.34,255.84,499.19,124.8,21.0, sdumont6167,230625.56
15.0,352,22,455734.0,143136.0,49949.0,1080204.0,563.2,2109.44,1280.0,4218.88,1.0,0,0.0,0.0,4n-2m-2th-Cc-sp-mz,sequana_cpu_dev,4,11429018.0,2,2,C,sp-mz,16,16,400,480,320,28,5076.73,5336.2,10412.93,241.75,254.1,495.85,123.96,21.0, sdumont6167,229084.46000000002
15.0,352,22,454069.5,140260.0,53625.0,662460.0,522.24,2109.44,1280.0,4218.88,1.0,0,0.0,0.0,4n-2m-2th-Cc-sp-mz,sequana_cpu_dev,4,11429020.0,2,2,C,sp-mz,16,16,400,480,320,28,5096.51,5361.37,10457.88,242.69,255.3,497.99,124.5,21.0, sdumont6167,230073.36
1.0,128,4,450099.5,143200.0,43518.0,1084536.0,501.76,2109.44,1044.48,4218.88,1.0,0,27.0,221.0,4n-2m-4th-Ac-sp-mz,sequana_cpu_dev,4,11429022.0,2,4,A,sp-mz,4,4,400,128,128,16,382.03,407.0,789.02,127.34,135.67,263.01,65.75,3.0, sdumont6168,3156.08
1.0,64,2,535245.5,142940.0,50441.5,1084536.0,501.76,2109.44,1013.76,4218.88,1.0,0,0.0,3.0,4n-2m-4th-Ac-sp-mz,sequana_cpu_dev,4,11429024.0,2,4,A,sp-mz,4,4,400,128,128,16,270.39,284.88,555.28,270.39,284.88,555.28,138.82,1.0, sdumont6167,1110.56
1.0,64,2,591566.5,143576.0,72396.0,1297236.0,501.76,2109.44,1013.76,4218.88,1.0,0,3.0,24.0,4n-2m-4th-Ac-sp-mz,sequana_cpu_dev,4,11429026.0,2,4,A,sp-mz,4,4,400,128,128,16,269.74,280.78,550.52,269.74,280.78,550.52,137.63,1.0, sdumont6165,1101.04
1.0,96,3,529160.0,142748.0,45075.0,1084404.0,501.76,2109.44,1024.0,4218.88,1.0,0,0.0,2.0,4n-2m-4th-Ac-sp-mz,sequana_cpu_dev,4,11429028.0,2,4,A,sp-mz,4,4,400,128,128,16,265.75,289.17,554.92,265.75,289.17,554.92,138.73,1.0, sdumont6166,1664.7599999999998
5.0,160,5,580440.5,144040.0,62048.0,1297008.0,501.76,2109.44,1034.24,4218.88,1.0,0,2.0,9.0,4n-2m-4th-Bc-sp-mz,sequana_cpu_dev,4,11429030.0,2,4,B,sp-mz,8,8,400,304,208,17,633.3,673.5,1306.8,211.1,224.5,435.6,108.9,3.0, sdumont6165,6534.0
4.0,128,4,560628.0,143788.0,49150.5,1297008.0,512.0,2109.44,1075.2,4218.88,2.0,0,0.0,2.0,4n-2m-4th-Bc-sp-mz,sequana_cpu_dev,4,11429032.0,2,4,B,sp-mz,8,8,400,304,208,17,641.41,683.41,1324.83,213.8,227.8,441.61,110.4,3.0, sdumont6165,5299.32
4.0,128,4,533120.5,143200.0,49109.0,1084176.0,501.76,2109.44,1044.48,4218.88,1.0,0,0.0,2.0,4n-2m-4th-Bc-sp-mz,sequana_cpu_dev,4,11429034.0,2,4,B,sp-mz,8,8,400,304,208,17,629.48,669.35,1298.83,195.28,208.7,403.98,101.0,3.25, sdumont6165,5195.32
2.0,160,5,553630.5,143408.0,23855.5,1084308.0,512.0,2109.44,1034.24,4218.88,1.0,0,0.0,2.0,4n-2m-4th-Bc-sp-mz,sequana_cpu_dev,4,11429036.0,2,4,B,sp-mz,8,8,400,304,208,17,632.42,674.57,1306.99,210.81,224.86,435.66,108.92,3.0, sdumont6165,6534.95
22.0,416,13,504377.5,143140.0,66738.5,1084324.0,512.0,2109.44,1146.88,4218.88,1.0,0,2.0,17.0,4n-2m-4th-Cc-sp-mz,sequana_cpu_dev,4,11429038.0,2,4,C,sp-mz,16,16,400,480,320,28,3219.16,3383.13,6602.28,268.26,281.93,550.19,137.55,12.0, sdumont6166,85829.64
22.0,416,13,518847.5,143956.0,55500.0,1297020.0,512.0,2109.44,1116.16,4218.88,1.0,0,1.0,4.0,4n-2m-4th-Cc-sp-mz,sequana_cpu_dev,4,11429040.0,2,4,C,sp-mz,16,16,400,480,320,28,3227.05,3387.12,6614.17,268.92,282.26,551.18,137.8,12.0, sdumont6168,85984.21
16.0,416,13,395083.0,139984.0,42937.0,644272.0,512.0,2109.44,1146.88,4218.88,1.0,0,0.0,1.0,4n-2m-4th-Cc-sp-mz,sequana_cpu_dev,4,11429042.0,2,4,C,sp-mz,16,16,400,480,320,28,3222.81,3384.42,6607.23,268.57,282.03,550.6,137.65,12.0, sdumont6168,85893.98999999999
16.0,416,13,622471.5,145160.0,56167.5,1296900.0,573.44,2109.44,1146.88,4218.88,1.0,0,2.0,18.0,4n-2m-4th-Cc-sp-mz,sequana_cpu_dev,4,11429044.0,2,4,C,sp-mz,16,16,400,480,320,28,3215.86,3371.34,6587.2,267.99,280.95,548.93,137.23,12.0, sdumont6168,85633.59999999999
1.0,96,2,648600.5,143744.0,72798.0,1301360.0,501.76,2109.44,1024.0,4218.88,1.0,0,2.0,7.0,4n-2m-6th-Ac-sp-mz,sequana_cpu_dev,4,11429046.0,2,6,A,sp-mz,4,4,400,128,128,16,266.51,274.42,540.93,266.51,274.42,540.93,135.23,1.0, sdumont6166,1081.86
0.0,192,4,512563.5,144880.0,33998.5,1088524.0,522.24,2109.44,1105.92,4218.88,1.0,0,0.0,2.0,4n-2m-6th-Ac-sp-mz,sequana_cpu_dev,4,11429048.0,2,6,A,sp-mz,4,4,400,128,128,16,321.66,335.96,657.62,107.22,111.99,219.21,54.8,3.0, sdumont6166,2630.48
5.0,192,4,510382.5,143560.0,71004.0,1088432.0,501.76,2109.44,1034.24,4218.88,2.0,0,5.0,26.0,4n-2m-6th-Bc-sp-mz,sequana_cpu_dev,4,11429054.0,2,6,B,sp-mz,8,8,400,304,208,17,735.24,769.03,1504.27,245.08,256.34,501.42,125.36,3.0, sdumont6166,6017.08
4.0,192,4,596530.0,143284.0,55938.0,1088428.0,512.0,2109.44,1034.24,4218.88,1.0,0,4.0,29.0,4n-2m-6th-Bc-sp-mz,sequana_cpu_dev,4,11429056.0,2,6,B,sp-mz,8,8,400,304,208,17,729.06,766.65,1495.71,243.02,255.55,498.57,124.64,3.0, sdumont6167,5982.84
5.0,192,4,582933.0,145352.0,62707.0,1301144.0,501.76,2109.44,1034.24,4218.88,0.0,0,1.0,4.0,4n-2m-6th-Bc-sp-mz,sequana_cpu_dev,4,11429058.0,2,6,B,sp-mz,8,8,400,304,208,17,726.72,765.29,1492.01,242.24,255.1,497.34,124.33,3.0, sdumont6165,5968.04
5.0,192,4,499638.0,143384.0,60783.5,1088432.0,491.52,2109.44,1034.24,4218.88,0.0,0,1.0,3.0,4n-2m-6th-Bc-sp-mz,sequana_cpu_dev,4,11429060.0,2,6,B,sp-mz,8,8,400,304,208,17,733.81,767.74,1501.55,244.6,255.91,500.52,125.13,3.0, sdumont6168,6006.2
17.0,480,10,529312.0,143248.0,44030.5,1088448.0,522.24,2109.44,1116.16,4218.88,1.0,0,0.0,3.0,4n-2m-6th-Cc-sp-mz,sequana_cpu_dev,4,11429062.0,2,6,C,sp-mz,16,16,400,480,320,28,2793.34,2885.27,5678.61,310.37,320.59,630.96,157.74,9.0, sdumont6165,56786.1
23.0,480,10,581627.0,145992.0,61679.0,1301116.0,522.24,2109.44,1116.16,4218.88,0.0,0,2.0,7.0,4n-2m-6th-Cc-sp-mz,sequana_cpu_dev,4,11429064.0,2,6,C,sp-mz,16,16,400,480,320,28,2890.93,2991.07,5882.0,321.21,332.34,653.56,163.39,9.0, sdumont6165,58820.0
17.0,480,10,482256.5,143200.0,50087.0,1088316.0,522.24,2109.44,1126.4,4218.88,0.0,0,2.0,9.0,4n-2m-6th-Cc-sp-mz,sequana_cpu_dev,4,11429066.0,2,6,C,sp-mz,16,16,400,480,320,28,2897.67,2991.58,5889.25,321.96,332.4,654.36,163.59,9.0, sdumont6165,58892.5
17.0,480,10,594942.5,143152.0,54558.5,1088312.0,542.72,2109.44,1116.16,4218.88,1.0,0,0.0,2.0,4n-2m-6th-Cc-sp-mz,sequana_cpu_dev,4,11429070.0,2,6,C,sp-mz,16,16,400,480,320,28,2885.51,2982.3,5867.81,320.61,331.37,651.98,162.99,9.0, sdumont6168,58678.100000000006
1.0,128,2,569043.0,143792.0,72559.5,1092640.0,501.76,2109.44,1024.0,4218.88,1.0,0,2.0,8.0,4n-2m-8th-Ac-sp-mz,sequana_cpu_dev,4,11429075.0,2,8,A,sp-mz,4,4,400,128,128,16,273.44,281.74,555.18,273.44,281.74,555.18,138.79,1.0, sdumont6167,1110.36
1.0,256,4,573717.0,143264.0,52074.0,1305484.0,501.76,2109.44,1034.24,4218.88,0.0,0,24.0,179.0,4n-2m-8th-Ac-sp-mz,sequana_cpu_dev,4,11429078.0,2,8,A,sp-mz,4,4,400,128,128,16,379.67,394.53,774.2,126.56,131.51,258.07,64.52,3.0, sdumont6166,3096.8
0.0,256,4,545840.5,143616.0,38292.0,1305468.0,522.24,2109.44,1064.96,4218.88,1.0,0,2.0,13.0,4n-2m-8th-Ac-sp-mz,sequana_cpu_dev,4,11429082.0,2,8,A,sp-mz,4,4,400,128,128,16,269.2,277.11,546.31,269.2,277.11,546.31,136.58,1.0, sdumont6165,2185.24
3.0,256,4,495647.0,143332.0,38534.5,1092412.0,522.24,2109.44,1105.92,4218.88,1.0,0,0.0,3.0,4n-2m-8th-Bc-sp-mz,sequana_cpu_dev,4,11429084.0,2,8,B,sp-mz,8,8,400,304,208,17,537.19,563.19,1100.38,222.31,234.69,457.0,114.25,2.5, sdumont6165,4401.52
4.0,192,3,541580.5,143132.0,54214.5,1092412.0,501.76,2109.44,1024.0,4218.88,1.0,0,1.0,6.0,4n-2m-8th-Bc-sp-mz,sequana_cpu_dev,4,11429087.0,2,8,B,sp-mz,8,8,400,304,208,17,334.37,362.65,697.02,167.19,181.32,348.51,87.13,2.0, sdumont6168,2091.06
4.0,256,4,562827.0,145044.0,48454.5,1311212.0,512.0,2109.44,1085.44,4218.88,1.0,0,1.0,7.0,4n-2m-8th-Bc-sp-mz,sequana_cpu_dev,4,11429089.0,2,8,B,sp-mz,8,8,400,304,208,17,530.67,567.28,1097.95,205.28,218.89,424.17,106.04,2.5, sdumont6168,4391.8
4.0,256,4,446591.0,143516.0,37659.0,1092412.0,501.76,2109.44,1054.72,4218.88,1.0,0,1.0,5.0,4n-2m-8th-Bc-sp-mz,sequana_cpu_dev,4,11429092.0,2,8,B,sp-mz,8,8,400,304,208,17,547.68,564.18,1111.86,273.84,282.09,555.93,138.98,2.0, sdumont6166,4447.44
18.0,512,8,565311.5,143768.0,50496.0,1305256.0,542.72,2109.44,1157.12,4218.88,1.0,0,5.0,33.0,4n-2m-8th-Cc-sp-mz,sequana_cpu_dev,4,11429094.0,2,8,C,sp-mz,16,16,400,480,320,28,2369.33,2468.43,4837.76,338.48,352.63,691.11,172.78,7.0, sdumont6165,38702.08
25.0,512,8,648981.5,143932.0,71573.0,1305260.0,522.24,2109.44,1085.44,4218.88,1.0,0,2.0,6.0,4n-2m-8th-Cc-sp-mz,sequana_cpu_dev,4,11429122.0,2,8,C,sp-mz,16,16,400,480,320,28,2351.8,2444.61,4796.4,335.97,349.23,685.2,171.3,7.0, sdumont6166,38371.2
25.0,512,8,643508.5,143940.0,66412.0,1305256.0,532.48,2109.44,1085.44,4218.88,1.0,0,2.0,6.0,4n-2m-8th-Cc-sp-mz,sequana_cpu_dev,4,11429125.0,2,8,C,sp-mz,16,16,400,480,320,28,2366.01,2463.09,4829.1,338.0,351.87,689.87,172.47,7.0, sdumont6167,38632.8
25.0,512,8,588536.0,144072.0,66015.0,1305256.0,512.0,2109.44,1085.44,4218.88,1.0,0,3.0,8.0,4n-2m-8th-Cc-sp-mz,sequana_cpu_dev,4,11429127.0,2,8,C,sp-mz,16,16,400,480,320,28,2375.55,2469.83,4845.38,339.36,352.83,692.2,173.05,7.0, sdumont6168,38763.04
1.0,320,4,572308.0,142892.0,55484.5,1309468.0,522.24,2109.44,1095.68,4218.88,1.0,0,3.0,11.0,4n-2m-10th-Ac-sp-mz,sequana_cpu_dev,4,11429139.0,2,10,A,sp-mz,4,4,400,128,128,16,384.25,418.94,803.19,128.08,139.65,267.73,66.93,3.0, sdumont6166,3212.76
6.0,240,3,498474.0,143636.0,55566.5,1096668.0,491.52,2109.44,1013.76,4218.88,1.0,0,7.0,27.0,4n-2m-10th-Bc-sp-mz,sequana_cpu_dev,4,11429148.0,2,10,B,sp-mz,8,8,400,304,208,17,367.39,399.39,766.78,183.69,199.69,383.39,95.85,2.0, sdumont6167,2300.34
1.0,240,3,442418.5,143356.0,21217.5,1096536.0,522.24,2109.44,1085.44,4218.88,1.0,0,1.0,8.0,4n-2m-10th-Bc-sp-mz,sequana_cpu_dev,4,11429165.0,2,10,B,sp-mz,8,8,400,304,208,17,359.49,391.5,751.0,179.75,195.75,375.5,93.87,2.0, sdumont6167,2253.0
3.0,240,3,377211.0,19796.0,7699.5,524824.0,512.0,2109.44,1064.96,4218.88,1.0,0,2.0,13.0,4n-2m-10th-Bc-sp-mz,sequana_cpu_dev,4,11429168.0,2,10,B,sp-mz,8,8,400,304,208,17,363.66,393.42,757.07,181.83,196.71,378.54,94.63,2.0, sdumont6168,2271.21
5.0,320,4,406965.0,140392.0,49789.5,656768.0,501.76,2109.44,1034.24,4218.88,131.0,0,3.0,14.0,4n-2m-10th-Bc-sp-mz,sequana_cpu_dev,4,11429172.0,2,10,B,sp-mz,8,8,400,304,208,17,352.69,381.27,733.96,220.14,237.31,457.45,114.36,1.75, sdumont6168,2935.84
19.0,560,7,592674.5,143352.0,49550.0,1096552.0,532.48,2109.44,1085.44,4218.88,1.0,0,5.0,18.0,4n-2m-10th-Cc-sp-mz,sequana_cpu_dev,4,11429174.0,2,10,C,sp-mz,16,16,400,480,320,28,2570.18,2656.72,5226.9,428.36,442.79,871.15,217.79,6.0, sdumont6167,36588.299999999996
19.0,480,6,460242.5,143416.0,48804.0,1096544.0,512.0,2109.44,1075.2,4218.88,1.0,0,3.0,13.0,4n-2m-10th-Cc-sp-mz,sequana_cpu_dev,4,11429176.0,2,10,C,sp-mz,16,16,400,480,320,28,2093.16,2188.78,4281.94,348.86,364.8,713.66,178.41,6.0, sdumont6165,25691.64
19.0,560,7,526309.0,144092.0,38003.0,1102120.0,522.24,2109.44,1085.44,4218.88,1.0,0,3.0,12.0,4n-2m-10th-Cc-sp-mz,sequana_cpu_dev,4,11429181.0,2,10,C,sp-mz,16,16,400,480,320,28,2332.34,2410.92,4743.25,388.72,401.82,790.54,197.64,6.0, sdumont6167,33202.75
19.0,560,7,423398.0,129956.0,43321.0,644464.0,501.76,2109.44,1075.2,4218.88,1.0,0,3.0,10.0,4n-2m-10th-Cc-sp-mz,sequana_cpu_dev,4,11429183.0,2,10,C,sp-mz,16,16,400,480,320,28,2196.47,2284.72,4481.19,366.08,380.79,746.87,186.72,6.0, sdumont6165,31368.329999999998
1.0,576,6,481806.5,142908.0,45025.5,1100876.0,512.0,2109.44,1064.96,4218.88,1.0,0,5.0,19.0,4n-2m-12th-Ac-sp-mz,sequana_cpu_dev,4,11429196.0,2,12,A,sp-mz,4,4,400,128,128,16,500.49,494.36,994.85,166.83,164.79,331.62,82.9,3.0, sdumont6166,5969.1
7.0,288,3,532643.5,144292.0,61168.0,1313480.0,501.76,2109.44,1024.0,4218.88,1.0,0,11.0,33.0,4n-2m-12th-Bc-sp-mz,sequana_cpu_dev,4,11429211.0,2,12,B,sp-mz,8,8,400,304,208,17,378.37,418.34,796.71,189.18,209.17,398.35,99.59,2.0, sdumont6169,2390.13
7.0,288,3,588828.5,144068.0,62245.0,1313480.0,501.76,2109.44,1024.0,4218.88,1.0,0,4.0,10.0,4n-2m-12th-Bc-sp-mz,sequana_cpu_dev,4,11429213.0,2,12,B,sp-mz,8,8,400,304,208,17,380.64,416.96,797.6,190.32,208.48,398.8,99.7,2.0, sdumont6167,2392.8
7.0,288,3,511133.0,143444.0,65659.5,1100648.0,501.76,2109.44,1024.0,4218.88,1.0,0,4.0,11.0,4n-2m-12th-Bc-sp-mz,sequana_cpu_dev,4,11429216.0,2,12,B,sp-mz,8,8,400,304,208,17,365.34,411.37,776.7,182.67,205.68,388.35,97.09,2.0, sdumont6165,2330.1000000000004
5.0,288,3,512097.0,143968.0,49355.5,1313492.0,512.0,2109.44,1075.2,4218.88,1.0,0,3.0,15.0,4n-2m-12th-Bc-sp-mz,sequana_cpu_dev,4,11429219.0,2,12,B,sp-mz,8,8,400,304,208,17,376.13,420.01,796.14,188.06,210.01,398.07,99.52,2.0, sdumont6167,2388.42
14.0,672,7,508314.0,145444.0,27312.5,1100796.0,522.24,2109.44,1075.2,4218.88,1.0,0,3.0,17.0,4n-2m-12th-Cc-sp-mz,sequana_cpu_dev,4,11429223.0,2,12,C,sp-mz,16,16,400,480,320,28,2199.47,2385.95,4585.41,366.58,397.66,764.24,191.06,6.0, sdumont6165,32097.87
21.0,672,7,533659.0,144060.0,40243.5,1313496.0,532.48,2109.44,1095.68,4218.88,1.0,0,7.0,28.0,4n-2m-12th-Cc-sp-mz,sequana_cpu_dev,4,11429227.0,2,12,C,sp-mz,16,16,400,480,320,28,2183.93,2363.28,4547.21,363.99,393.88,757.87,189.47,6.0, sdumont6165,31830.47
28.0,672,7,592805.0,146336.0,66705.0,1313492.0,512.0,2109.44,1075.2,4218.88,1.0,0,6.0,20.0,4n-2m-12th-Cc-sp-mz,sequana_cpu_dev,4,11429230.0,2,12,C,sp-mz,16,16,400,480,320,28,2202.71,2376.3,4579.0,367.12,396.05,763.17,190.79,6.0, sdumont6166,32053.0
28.0,672,7,647724.5,144132.0,66535.5,1313492.0,522.24,2109.44,1075.2,4218.88,1.0,0,8.0,22.0,4n-2m-12th-Cc-sp-mz,sequana_cpu_dev,4,11429233.0,2,12,C,sp-mz,16,16,400,480,320,28,2198.04,2378.62,4576.67,366.34,396.44,762.78,190.69,6.0, sdumont6167,32036.690000000002
1.0,560,5,437829.5,138496.0,32491.0,889536.0,522.24,2109.44,1116.16,4229.12,1.0,0,4.0,26.0,4n-2m-14th-Ac-sp-mz,sequana_cpu_dev,4,11429245.0,2,14,A,sp-mz,4,4,400,128,128,16,592.78,622.12,1214.9,197.59,207.37,404.97,101.24,3.0, sdumont6166,6074.5
7.0,336,3,601747.0,145332.0,72904.0,1317592.0,501.76,2109.44,1013.76,4218.88,1.0,0,19.0,56.0,4n-2m-14th-Bc-sp-mz,sequana_cpu_dev,4,11429249.0,2,14,B,sp-mz,8,8,400,304,208,17,379.61,413.11,792.72,189.8,206.56,396.36,99.09,2.0, sdumont6168,2378.16
5.0,336,3,630265.5,143764.0,56044.0,1317592.0,522.24,2109.44,1085.44,4218.88,1.0,0,7.0,23.0,4n-2m-14th-Bc-sp-mz,sequana_cpu_dev,4,11429253.0,2,14,B,sp-mz,8,8,400,304,208,17,378.34,412.94,791.27,189.17,206.47,395.64,98.91,2.0, sdumont6167,2373.81
3.0,448,4,525355.5,144260.0,38729.5,1317596.0,512.0,2109.44,1044.48,4218.88,1.0,0,3.0,18.0,4n-2m-14th-Bc-sp-mz,sequana_cpu_dev,4,11429256.0,2,14,B,sp-mz,8,8,400,304,208,17,395.87,428.41,824.28,197.94,214.2,412.14,103.03,2.0, sdumont6167,3297.12
5.0,336,3,597705.5,143720.0,50818.0,1104896.0,501.76,2109.44,1024.0,4218.88,1.0,0,7.0,27.0,4n-2m-14th-Bc-sp-mz,sequana_cpu_dev,4,11429258.0,2,14,B,sp-mz,8,8,400,304,208,17,393.81,427.07,820.88,196.9,213.54,410.44,102.61,2.0, sdumont6165,2462.64
31.0,784,7,530399.0,144052.0,57157.0,1317608.0,501.76,2109.44,1064.96,4218.88,1.0,0,22.0,62.0,4n-2m-14th-Cc-sp-mz,sequana_cpu_dev,4,11429261.0,2,14,C,sp-mz,16,16,400,480,320,28,2258.51,2356.7,4615.21,376.42,392.78,769.2,192.3,6.0, sdumont6165,32306.47
23.0,784,7,535704.5,145520.0,44627.5,1104916.0,512.0,2109.44,1075.2,4218.88,1.0,0,10.0,38.0,4n-2m-14th-Cc-sp-mz,sequana_cpu_dev,4,11429264.0,2,14,C,sp-mz,16,16,400,480,320,28,2278.93,2373.2,4652.13,435.33,454.57,889.9,222.47,5.25, sdumont6165,32564.91
15.0,672,6,466982.5,143360.0,21567.5,1104784.0,542.72,2109.44,1136.64,4218.88,1.0,0,6.0,28.0,4n-2m-14th-Cc-sp-mz,sequana_cpu_dev,4,11429267.0,2,14,C,sp-mz,16,16,400,480,320,28,2274.5,2371.99,4646.5,454.9,474.4,929.3,232.32,5.0, sdumont6165,27879.0
31.0,784,7,536056.5,144256.0,62077.5,1317608.0,501.76,2109.44,1075.2,4218.88,1.0,0,10.0,26.0,4n-2m-14th-Cc-sp-mz,sequana_cpu_dev,4,11429270.0,2,14,C,sp-mz,16,16,400,480,320,28,2293.94,2403.22,4697.16,458.79,480.64,939.43,234.86,5.0, sdumont6167,32880.119999999995
2.0,256,2,532833.0,142240.0,56492.5,1321964.0,501.76,2109.44,1024.0,4218.88,0.0,0,10.0,35.0,4n-2m-16th-Ac-sp-mz,sequana_cpu_dev,4,11429275.0,2,16,A,sp-mz,4,4,400,128,128,16,276.45,290.3,566.76,276.45,290.3,566.76,141.69,1.0, sdumont6165,1133.52
4.0,512,4,543906.5,143200.0,33662.5,1108880.0,512.0,2109.44,1085.44,4218.88,1.0,0,6.0,34.0,4n-2m-16th-Bc-sp-mz,sequana_cpu_dev,4,11429284.0,2,16,B,sp-mz,8,8,400,304,208,17,354.12,398.4,752.52,177.06,199.2,376.26,94.07,2.0, sdumont6166,3010.08
6.0,384,3,564146.5,143496.0,44061.5,1108888.0,501.76,2109.44,1024.0,4218.88,1.0,0,7.0,28.0,4n-2m-16th-Bc-sp-mz,sequana_cpu_dev,4,11429287.0,2,16,B,sp-mz,8,8,400,304,208,17,368.95,414.7,783.65,184.47,207.35,391.82,97.96,2.0, sdumont6166,2350.95
8.0,384,3,651737.5,144316.0,66465.5,1321708.0,501.76,2109.44,1024.0,4218.88,1.0,0,14.0,40.0,4n-2m-16th-Bc-sp-mz,sequana_cpu_dev,4,11429290.0,2,16,B,sp-mz,8,8,400,304,208,17,406.07,454.04,860.11,203.03,227.02,430.05,107.51,2.0, sdumont6166,2580.33
8.0,384,3,598347.5,144264.0,67467.0,1321712.0,501.76,2109.44,1024.0,4218.88,1.0,0,9.0,27.0,4n-2m-16th-Bc-sp-mz,sequana_cpu_dev,4,11429293.0,2,16,B,sp-mz,8,8,400,304,208,17,406.53,453.39,859.92,203.26,226.69,429.96,107.49,2.0, sdumont6166,2579.7599999999998
34.0,896,7,593200.0,144032.0,62495.0,1321728.0,512.0,2109.44,1075.2,4218.88,1.0,0,20.0,79.0,4n-2m-16th-Cc-sp-mz,sequana_cpu_dev,4,11429297.0,2,16,C,sp-mz,16,16,400,480,320,28,2322.88,2479.4,4802.28,464.58,495.88,960.46,240.11,5.0, sdumont6168,33615.96
26.0,768,6,511616.5,143468.0,45123.5,1109036.0,512.0,2109.44,1075.2,4218.88,1.0,0,9.0,36.0,4n-2m-16th-Cc-sp-mz,sequana_cpu_dev,4,11429300.0,2,16,C,sp-mz,16,16,400,480,320,28,2157.17,2296.86,4454.03,431.43,459.37,890.81,222.7,5.0, sdumont6165,26724.18
34.0,896,7,598274.0,144188.0,67875.0,1321728.0,512.0,2109.44,1075.2,4218.88,1.0,0,12.0,31.0,4n-2m-16th-Cc-sp-mz,sequana_cpu_dev,4,11429304.0,2,16,C,sp-mz,16,16,400,480,320,28,2311.04,2466.59,4777.63,462.21,493.32,955.53,238.88,5.0, sdumont6168,33443.41
25.0,768,6,571144.0,145600.0,51292.0,1108896.0,512.0,2109.44,1075.2,4218.88,1.0,0,8.0,27.0,4n-2m-16th-Cc-sp-mz,sequana_cpu_dev,4,11429307.0,2,16,C,sp-mz,16,16,400,480,320,28,2303.25,2459.94,4763.19,460.65,491.99,952.64,238.16,5.0, sdumont6166,28579.14
7.0,432,3,540095.5,143368.0,45490.0,1113000.0,501.76,2109.44,1024.0,4218.88,1.0,0,12.0,54.0,4n-2m-18th-Bc-sp-mz,sequana_cpu_dev,4,11429318.0,2,18,B,sp-mz,8,8,400,304,208,17,395.49,431.52,827.01,197.74,215.76,413.5,103.38,2.0, sdumont6166,2481.0299999999997
7.0,432,3,581899.5,143648.0,39004.0,1113136.0,512.0,2109.44,1034.24,4218.88,1.0,0,8.0,24.0,4n-2m-18th-Bc-sp-mz,sequana_cpu_dev,4,11429321.0,2,18,B,sp-mz,8,8,400,304,208,17,411.23,448.39,859.62,205.62,224.19,429.81,107.45,2.0, sdumont6166,2578.86
9.0,576,4,655296.5,145700.0,68058.5,1325808.0,501.76,2109.44,1024.0,4218.88,1.0,0,12.0,32.0,4n-2m-18th-Bc-sp-mz,sequana_cpu_dev,4,11429325.0,2,18,B,sp-mz,8,8,400,304,208,17,380.47,416.8,797.27,190.23,208.4,398.63,99.66,2.0, sdumont6167,3189.08
9.0,432,3,593382.5,144092.0,60872.5,1325840.0,501.76,2109.44,1024.0,4218.88,1.0,0,13.0,36.0,4n-2m-18th-Bc-sp-mz,sequana_cpu_dev,4,11429327.0,2,18,B,sp-mz,8,8,400,304,208,17,419.74,454.65,874.39,209.87,227.32,437.19,109.3,2.0, sdumont6168,2623.17
9.0,1152,8,468011.5,143636.0,21563.0,1113016.0,542.72,2109.44,1116.16,4218.88,1.0,0,4.0,36.0,4n-2m-18th-Cc-sp-mz,sequana_cpu_dev,4,11429330.0,2,18,C,sp-mz,16,16,400,480,320,28,2324.46,2395.85,4720.31,464.89,479.17,944.06,236.02,5.0, sdumont6167,37762.48
37.0,864,6,601199.0,145268.0,67650.0,1331420.0,512.0,2109.44,1075.2,4218.88,1.0,0,23.0,90.0,4n-2m-18th-Cc-sp-mz,sequana_cpu_dev,4,11429332.0,2,18,C,sp-mz,16,16,400,480,320,28,2183.43,2258.48,4441.9,436.69,451.7,888.38,222.1,5.0, sdumont6168,26651.399999999998
18.0,864,6,440416.5,145896.0,33307.0,1113016.0,532.48,2109.44,1136.64,4218.88,1.0,0,7.0,34.0,4n-2m-18th-Cc-sp-mz,sequana_cpu_dev,4,11429337.0,2,18,C,sp-mz,16,16,400,480,320,28,2318.2,2389.47,4707.67,463.64,477.89,941.53,235.38,5.0, sdumont6167,28246.02
28.0,864,6,522896.5,144320.0,50492.5,1113020.0,532.48,2109.44,1085.44,4218.88,1.0,0,15.0,49.0,4n-2m-18th-Cc-sp-mz,sequana_cpu_dev,4,11429339.0,2,18,C,sp-mz,16,16,400,480,320,28,2324.55,2395.31,4719.86,464.91,479.06,943.97,235.99,5.0, sdumont6165,28319.159999999996
7.0,480,3,550903.5,144228.0,50351.5,1329948.0,501.76,2109.44,1024.0,4218.88,2.0,0,17.0,59.0,4n-2m-20th-Bc-sp-mz,sequana_cpu_dev,4,11429351.0,2,20,B,sp-mz,8,8,400,304,208,17,344.23,385.81,730.04,172.11,192.9,365.02,91.25,2.0, sdumont6165,2190.12
7.0,480,3,547541.5,144612.0,50994.0,1117252.0,501.76,2109.44,1024.0,4218.88,1.0,0,9.0,27.0,4n-2m-20th-Bc-sp-mz,sequana_cpu_dev,4,11429353.0,2,20,B,sp-mz,8,8,400,304,208,17,389.54,435.99,825.53,194.77,218.0,412.77,103.19,2.0, sdumont6166,2476.59
10.0,480,3,602566.0,146252.0,68079.0,1329948.0,501.76,2109.44,1024.0,4218.88,2.0,0,13.0,31.0,4n-2m-20th-Bc-sp-mz,sequana_cpu_dev,4,11429355.0,2,20,B,sp-mz,8,8,400,304,208,17,373.76,416.89,790.65,186.88,208.44,395.32,98.83,2.0, sdumont6168,2371.95
7.0,480,3,522914.0,143804.0,49151.0,1117252.0,512.0,2109.44,1024.0,4218.88,1.0,0,9.0,36.0,4n-2m-20th-Bc-sp-mz,sequana_cpu_dev,4,11429357.0,2,20,B,sp-mz,8,8,400,304,208,17,420.62,470.13,890.75,371.3,413.67,784.96,196.24,1.25, sdumont6167,2672.25
31.0,960,6,600531.5,144248.0,50652.5,1329964.0,522.24,2109.44,1064.96,4218.88,1.0,0,12.0,40.0,4n-2m-20th-Cc-sp-mz,sequana_cpu_dev,4,11429360.0,2,20,C,sp-mz,16,16,400,480,320,28,2306.11,2441.21,4747.32,461.22,488.24,949.46,237.37,5.0, sdumont6165,28483.92
20.0,960,6,465098.0,145512.0,33480.5,1117136.0,522.24,2109.44,1075.2,4218.88,1.0,0,8.0,44.0,4n-2m-20th-Cc-sp-mz,sequana_cpu_dev,4,11429362.0,2,20,C,sp-mz,16,16,400,480,320,28,2157.72,2279.56,4437.28,431.54,455.91,887.46,221.86,5.0, sdumont6168,26623.68
31.0,1120,7,469349.5,145648.0,50230.0,1117136.0,512.0,2109.44,1075.2,4218.88,1.0,0,9.0,34.0,4n-2m-20th-Cc-sp-mz,sequana_cpu_dev,4,11429364.0,2,20,C,sp-mz,16,16,400,480,320,28,2277.38,2407.91,4685.29,434.3,460.56,894.86,223.72,5.25, sdumont6168,32797.03
41.0,960,6,595384.5,144132.0,61127.5,1329972.0,512.0,2109.44,1054.72,4218.88,1.0,0,17.0,47.0,4n-2m-20th-Cc-sp-mz,sequana_cpu_dev,4,11429367.0,2,20,C,sp-mz,16,16,400,480,320,28,1751.33,1880.07,3631.4,350.27,376.01,726.28,181.57,5.0, sdumont6168,21788.4
3.0,1056,6,575899.5,142284.0,50658.5,1121476.0,522.24,2109.44,1064.96,4218.88,1.0,0,71.0,423.0,4n-2m-22th-Ac-sp-mz,sequana_cpu_dev,4,11429374.0,2,22,A,sp-mz,4,4,400,128,128,16,772.25,770.25,1542.51,193.06,192.56,385.63,96.41,4.0, sdumont6166,9255.06
11.0,704,4,599471.0,144324.0,62661.5,1334076.0,501.76,2109.44,1034.24,4218.88,1.0,0,16.0,43.0,4n-2m-22th-Bc-sp-mz,sequana_cpu_dev,4,11429378.0,2,22,B,sp-mz,8,8,400,304,208,17,413.17,445.73,858.9,206.58,222.86,429.45,107.36,2.0, sdumont6168,3435.6
9.0,528,3,575934.5,144404.0,50213.5,1334072.0,512.0,2109.44,1034.24,4218.88,1.0,0,10.0,33.0,4n-2m-22th-Bc-sp-mz,sequana_cpu_dev,4,11429381.0,2,22,B,sp-mz,8,8,400,304,208,17,407.9,444.93,852.83,360.67,391.87,752.54,188.13,1.25, sdumont6168,2558.4900000000002
8.0,528,3,543093.0,143560.0,45479.0,1121248.0,501.76,2109.44,1034.24,4218.88,1.0,0,14.0,45.0,4n-2m-22th-Bc-sp-mz,sequana_cpu_dev,4,11429387.0,2,22,B,sp-mz,8,8,400,304,208,17,384.31,421.41,805.72,341.29,372.38,713.68,178.42,1.25, sdumont6166,2417.16
11.0,528,3,603211.0,144452.0,66754.5,1334072.0,501.76,2109.44,1024.0,4218.88,1.0,0,14.0,35.0,4n-2m-22th-Bc-sp-mz,sequana_cpu_dev,4,11429391.0,2,22,B,sp-mz,8,8,400,304,208,17,384.72,425.38,810.09,341.09,375.33,716.42,179.1,1.25, sdumont6167,2430.27
45.0,1232,7,608441.5,144048.0,71153.5,1334064.0,512.0,2109.44,1075.2,4218.88,666.0,0,24.0,54.0,4n-2m-22th-Cc-sp-mz,sequana_cpu_dev,4,11429404.0,2,22,C,sp-mz,16,16,400,480,320,28,2362.15,2402.35,4764.5,533.98,540.73,1074.71,268.68,4.5, sdumont6169,33351.5
45.0,1056,6,659461.5,144168.0,67862.0,1334092.0,522.24,2109.44,1064.96,4218.88,1.0,0,23.0,52.0,4n-2m-22th-Cc-sp-mz,sequana_cpu_dev,4,11429416.0,2,22,C,sp-mz,16,16,400,480,320,28,1901.54,1983.76,3885.29,447.06,466.34,913.4,228.35,4.25, sdumont6168,23311.739999999998
45.0,1056,6,659791.0,144604.0,68218.0,1334088.0,522.24,2109.44,1075.2,4218.88,1.0,0,24.0,59.0,4n-2m-22th-Cc-sp-mz,sequana_cpu_dev,4,11429423.0,2,22,C,sp-mz,16,16,400,480,320,28,2199.19,2247.37,4446.56,521.06,532.47,1053.53,263.38,4.25, sdumont6167,26679.36
45.0,1232,7,599645.5,144368.0,62889.5,1334116.0,512.0,2109.44,1075.2,4218.88,1.0,0,21.0,57.0,4n-2m-22th-Cc-sp-mz,sequana_cpu_dev,4,11429425.0,2,22,C,sp-mz,16,16,400,480,320,28,2339.99,2380.24,4720.24,585.0,595.06,1180.06,295.01,4.0, sdumont6167,33041.68
3.0,960,5,508547.0,142716.0,51604.5,1125588.0,501.76,2109.44,1034.24,4218.88,1.0,0,34.0,180.0,4n-2m-24th-Ac-sp-mz,sequana_cpu_dev,4,11429430.0,2,24,A,sp-mz,4,4,400,128,128,16,399.23,412.0,811.23,133.08,137.33,270.41,67.6,3.0, sdumont6168,4056.15
3.0,576,3,514175.5,144780.0,57415.0,1125712.0,501.76,2109.44,1024.0,4218.88,1.0,0,22.0,74.0,4n-2m-24th-Ac-sp-mz,sequana_cpu_dev,4,11429436.0,2,24,A,sp-mz,4,4,400,128,128,16,279.87,287.65,567.53,279.87,287.65,567.53,141.88,1.0, sdumont6165,1702.59
12.0,768,4,590015.5,144580.0,52303.5,1338188.0,512.0,2109.44,1064.96,4218.88,0.0,0,49.0,246.0,4n-2m-24th-Bc-sp-mz,sequana_cpu_dev,4,11429444.0,2,24,B,sp-mz,8,8,400,304,208,17,665.57,696.15,1361.73,221.86,232.05,453.91,113.48,3.0, sdumont6167,5446.92
3.0,768,4,494954.5,130632.0,20592.0,885612.0,512.0,2109.44,1075.2,4218.88,1.0,0,3.0,30.0,4n-2m-24th-Bc-sp-mz,sequana_cpu_dev,4,11429450.0,2,24,B,sp-mz,8,8,400,304,208,17,513.36,540.77,1054.14,406.59,437.58,844.17,211.04,1.25, sdumont6165,4216.56
12.0,576,3,546472.5,144268.0,62529.0,1338184.0,501.76,2109.44,1034.24,4218.88,1.0,0,14.0,31.0,4n-2m-24th-Bc-sp-mz,sequana_cpu_dev,4,11429457.0,2,24,B,sp-mz,8,8,400,304,208,17,418.07,456.28,874.36,418.07,456.28,874.36,218.59,1.0, sdumont6167,2623.08
6.0,960,5,527351.0,143760.0,38688.5,1125360.0,532.48,2109.44,1075.2,4218.88,1.0,0,27.0,176.0,4n-2m-24th-Bc-sp-mz,sequana_cpu_dev,4,11429461.0,2,24,B,sp-mz,8,8,400,304,208,17,861.96,911.61,1773.57,287.32,303.87,591.19,147.8,3.0, sdumont6166,8867.85
48.0,1152,6,518205.5,143772.0,60742.0,1125500.0,501.76,2109.44,1054.72,4218.88,0.0,0,20.0,47.0,4n-2m-24th-Cc-sp-mz,sequana_cpu_dev,4,11429465.0,2,24,C,sp-mz,16,16,400,480,320,28,1848.54,1912.92,3761.46,462.13,478.23,940.36,235.09,4.0, sdumont6169,22568.760000000002
36.0,1728,9,554080.0,144508.0,50396.5,1338200.0,542.72,2109.44,1167.36,4229.12,1.0,0,11.0,38.0,4n-2m-24th-Cc-sp-mz,sequana_cpu_dev,4,11429469.0,2,24,C,sp-mz,16,16,400,480,320,28,2746.69,2794.76,5541.45,392.38,399.25,791.64,197.91,7.0, sdumont6166,49873.049999999996
48.0,1152,6,578428.5,146160.0,66930.0,1125508.0,512.0,2109.44,1075.2,4218.88,4.0,0,38.0,132.0,4n-2m-24th-Cc-sp-mz,sequana_cpu_dev,4,11429472.0,2,24,C,sp-mz,16,16,400,480,320,28,1972.8,2032.42,4005.22,463.66,477.9,941.56,235.39,4.25, sdumont6166,24031.32
49.0,1344,7,599473.0,144432.0,60991.5,1338200.0,512.0,2109.44,1064.96,4218.88,1.0,0,18.0,58.0,4n-2m-24th-Cc-sp-mz,sequana_cpu_dev,4,11429475.0,2,24,C,sp-mz,16,16,400,480,320,28,2317.44,2421.57,4739.0,445.02,464.75,909.76,227.44,5.25, sdumont6167,33173.0
0.0,19,19,265348.0,1032.0,1032.0,265348.0,0.0,0.0,0.0,0.0,1.0,0,0.0,0.0,1n-1m-1th-Ac-sp-mz,sequana_cpu_dev,1,11430790.0,1,1,A,sp-mz,4,4,400,128,128,16,859.0,700.38,1559.38,47.72,38.91,86.63,86.63,18.0, sdumont6165,29628.22
0.0,19,19,265348.0,1032.0,1032.0,265348.0,0.0,0.0,0.0,0.0,1.0,0,0.0,0.0,1n-1m-1th-Ac-sp-mz,sequana_cpu_dev,1,11430793.0,1,1,A,sp-mz,4,4,400,128,128,16,857.95,703.48,1561.43,47.66,39.08,86.75,86.75,18.0, sdumont6165,29667.170000000002
0.0,19,19,265348.0,1036.0,1036.0,265348.0,0.0,0.0,0.0,0.0,1.0,0,0.0,0.0,1n-1m-1th-Ac-sp-mz,sequana_cpu_dev,1,11430798.0,1,1,A,sp-mz,4,4,400,128,128,16,863.95,651.72,1515.66,48.0,36.21,84.2,84.2,18.0, sdumont6166,28797.54
0.0,19,19,265344.0,1032.0,1032.0,265344.0,0.0,0.0,0.0,0.0,1.0,0,0.0,0.0,1n-1m-1th-Ac-sp-mz,sequana_cpu_dev,1,11430801.0,1,1,A,sp-mz,4,4,400,128,128,16,862.51,635.7,1498.21,47.92,35.32,83.23,83.23,18.0, sdumont6166,28465.99
59.0,76,76,1464080.0,330800.0,330800.0,1464080.0,1689.6,4218.88,1689.6,4218.88,1.0,0,30.0,30.0,1n-1m-1th-Bc-sp-mz,sequana_cpu_dev,1,11430803.0,1,1,B,sp-mz,8,8,400,304,208,17,3768.36,2779.22,6547.58,50.24,37.06,87.3,87.3,75.0, sdumont6166,497616.08
59.0,76,76,1464080.0,330972.0,330972.0,1464080.0,1689.6,4218.88,1689.6,4218.88,1.0,0,30.0,30.0,1n-1m-1th-Bc-sp-mz,sequana_cpu_dev,1,11430806.0,1,1,B,sp-mz,8,8,400,304,208,17,3773.1,2815.61,6588.72,50.31,37.54,87.85,87.85,75.0, sdumont6166,500742.72000000003
59.0,76,76,1464080.0,330764.0,330764.0,1464080.0,1689.6,4218.88,1689.6,4218.88,1.0,0,30.0,30.0,1n-1m-1th-Bc-sp-mz,sequana_cpu_dev,1,11430807.0,1,1,B,sp-mz,8,8,400,304,208,17,3759.2,3049.49,6808.69,50.12,40.66,90.78,90.78,75.0, sdumont6165,517460.43999999994
59.0,75,75,1464080.0,330728.0,330728.0,1464080.0,1689.6,4218.88,1689.6,4218.88,1.0,0,0.0,0.0,1n-1m-1th-Bc-sp-mz,sequana_cpu_dev,1,11430809.0,1,1,B,sp-mz,8,8,400,304,208,17,3748.05,3060.15,6808.2,50.65,41.35,92.0,92.0,74.0, sdumont6165,510615.0
59.0,76,76,1464080.0,330544.0,330544.0,1464080.0,1689.6,4218.88,1689.6,4218.88,1.0,0,30.0,30.0,1n-1m-1th-Bc-sp-mz,sequana_cpu_dev,1,11430815.0,1,1,B,sp-mz,8,8,400,304,208,17,4476.95,3263.11,7740.07,59.69,43.51,103.2,103.2,75.0, sdumont6167,588245.32
296.0,302,302,2057768.0,924264.0,924264.0,2057768.0,5109.76,4239.36,5109.76,4239.36,1.0,0,30.0,30.0,1n-1m-1th-Cc-sp-mz,sequana_cpu_dev,1,11430817.0,1,1,C,sp-mz,16,16,400,480,320,28,15362.44,12452.53,27814.97,51.04,41.37,92.41,92.41,301.0, sdumont6165,8400120.94
296.0,303,303,2057768.0,924656.0,924656.0,2057768.0,5109.76,4239.36,5109.76,4239.36,1.0,0,30.0,30.0,1n-1m-1th-Cc-sp-mz,sequana_cpu_dev,1,11430820.0,1,1,C,sp-mz,16,16,400,480,320,28,15441.85,11514.67,26956.53,51.13,38.13,89.26,89.26,302.0, sdumont6166,8167828.59
296.0,303,303,2057768.0,924620.0,924620.0,2057768.0,5109.76,4239.36,5109.76,4239.36,1.0,0,0.0,0.0,1n-1m-1th-Cc-sp-mz,sequana_cpu_dev,1,11430828.0,1,1,C,sp-mz,16,16,400,480,320,28,15413.33,12475.07,27888.41,51.21,41.45,92.65,92.65,301.0, sdumont6165,8450188.23
294.0,306,306,2286012.0,925724.0,925724.0,2286012.0,5109.76,4239.36,5109.76,4239.36,1.0,0,360.0,360.0,1n-1m-1th-Cc-sp-mz,sequana_cpu_dev,1,11430832.0,1,1,C,sp-mz,16,16,400,480,320,28,16989.7,11772.65,28762.35,55.7,38.6,94.3,94.3,305.0, sdumont6169,8801279.1
4.0,20,10,771802.0,133028.0,68010.0,1278256.0,542.72,2109.44,1085.44,4218.88,1.0,0,9.0,18.0,1n-2m-1th-Ac-sp-mz,sequana_cpu_dev,1,11430835.0,2,1,A,sp-mz,4,4,400,128,128,16,446.5,485.18,931.68,49.61,53.91,103.52,103.52,9.0, sdumont6165,9316.8
4.0,20,10,771790.0,135268.0,68154.0,1278232.0,532.48,2109.44,1064.96,4218.88,2.0,0,0.0,0.0,1n-2m-1th-Ac-sp-mz,sequana_cpu_dev,1,11430836.0,2,1,A,sp-mz,4,4,400,128,128,16,448.76,480.45,929.21,49.86,53.38,103.25,103.25,9.0, sdumont6165,9292.1
0.0,18,9,359222.0,4748.0,3872.0,453096.0,542.72,2109.44,1075.2,4218.88,1.0,0,0.0,0.0,1n-2m-1th-Ac-sp-mz,sequana_cpu_dev,1,11430837.0,2,1,A,sp-mz,4,4,400,128,128,16,392.91,425.67,818.58,43.66,47.3,90.95,90.95,9.0, sdumont6165,7367.22
4.0,20,10,771802.0,132968.0,67980.0,1278256.0,542.72,2109.44,1085.44,4218.88,1.0,0,1.0,3.0,1n-2m-1th-Ac-sp-mz,sequana_cpu_dev,1,11430843.0,2,1,A,sp-mz,4,4,400,128,128,16,454.27,470.56,924.84,50.47,52.28,102.76,102.76,9.0, sdumont6166,9248.4
33.0,78,39,1059946.0,234216.0,232448.0,1388300.0,1167.36,4218.88,1495.04,4218.88,1.0,0,2.0,3.0,1n-2m-1th-Bc-sp-mz,sequana_cpu_dev,1,11430845.0,2,1,B,sp-mz,8,8,400,304,208,17,1903.67,1987.86,3891.54,50.1,52.31,102.41,102.41,38.0, sdumont6166,151770.06
29.0,78,39,1059960.0,234580.0,232732.0,1388308.0,1177.6,4218.88,1495.04,4218.88,1.0,0,0.0,15.0,1n-2m-1th-Bc-sp-mz,sequana_cpu_dev,1,11430846.0,2,1,B,sp-mz,8,8,400,304,208,17,1908.37,2043.08,3951.45,50.22,53.77,103.99,103.99,38.0, sdumont6165,154106.55
29.0,78,39,1059946.0,234336.0,232604.0,1388300.0,1177.6,4218.88,1505.28,4218.88,1.0,0,0.0,0.0,1n-2m-1th-Bc-sp-mz,sequana_cpu_dev,1,11430848.0,2,1,B,sp-mz,8,8,400,304,208,17,1900.44,2037.13,3937.57,51.36,55.06,106.42,106.42,37.0, sdumont6165,153565.23
33.0,78,39,1059944.0,236396.0,234602.0,1384072.0,1116.16,4218.88,1290.24,4218.88,1.0,0,0.0,0.0,1n-2m-1th-Bc-sp-mz,sequana_cpu_dev,1,11430850.0,2,1,B,sp-mz,8,8,400,304,208,17,1907.23,2042.79,3950.02,50.19,53.76,103.95,103.95,38.0, sdumont6165,154050.78
149.0,304,152,1357376.0,532056.0,530120.0,1681504.0,1976.32,4218.88,3102.72,4229.12,1.0,0,10.0,19.0,1n-2m-1th-Cc-sp-mz,sequana_cpu_dev,1,11430852.0,2,1,C,sp-mz,16,16,400,480,320,28,7688.41,8269.9,15958.32,50.92,54.77,105.68,105.68,151.0, sdumont6165,2425664.64
148.0,304,152,1357378.0,531876.0,530080.0,1681504.0,1976.32,4218.88,3102.72,4229.12,1.0,0,0.0,0.0,1n-2m-1th-Cc-sp-mz,sequana_cpu_dev,1,11430857.0,2,1,C,sp-mz,16,16,400,480,320,28,7668.88,8279.54,15948.42,50.79,54.83,105.62,105.62,151.0, sdumont6165,2424159.84
149.0,304,152,1357378.0,531812.0,530062.0,1685732.0,1966.08,4218.88,2990.08,4229.12,1.0,0,0.0,0.0,1n-2m-1th-Cc-sp-mz,sequana_cpu_dev,1,11430859.0,2,1,C,sp-mz,16,16,400,480,320,28,7669.89,8269.85,15939.75,50.79,54.77,105.56,105.56,151.0, sdumont6165,2422842.0
149.0,304,152,1357380.0,531916.0,530080.0,1685736.0,1966.08,4218.88,2990.08,4229.12,1.0,0,0.0,0.0,1n-2m-1th-Cc-sp-mz,sequana_cpu_dev,1,11430863.0,2,1,C,sp-mz,16,16,400,480,320,28,7674.29,8259.54,15933.83,50.82,54.7,105.52,105.52,151.0, sdumont6165,2421942.16
0.0,24,12,265348.0,1036.0,1034.0,265348.0,0.0,0.0,0.0,0.0,1.0,0,0.0,0.0,2n-1m-1th-Ac-sp-mz,sequana_cpu_dev,2,11430869.0,1,1,A,sp-mz,4,4,400,128,128,16,1080.96,853.45,1934.41,98.27,77.59,175.86,87.93,11.0, sdumont6169,23212.920000000002
0.0,20,10,265348.0,1036.0,1036.0,265348.0,0.0,0.0,0.0,0.0,3.0,0,0.0,0.0,2n-1m-1th-Ac-sp-mz,sequana_cpu_dev,2,11430873.0,1,1,A,sp-mz,4,4,400,128,128,16,934.46,717.0,1651.47,103.83,79.67,183.5,91.75,9.0, sdumont6169,16514.7
0.0,20,10,265348.0,1036.0,1034.0,265348.0,0.0,0.0,0.0,0.0,1.0,0,0.0,0.0,2n-1m-1th-Ac-sp-mz,sequana_cpu_dev,2,11430875.0,1,1,A,sp-mz,4,4,400,128,128,16,901.02,716.16,1617.18,100.11,79.57,179.69,89.84,9.0, sdumont6166,16171.800000000001
0.0,24,12,265348.0,1036.0,1036.0,265348.0,0.0,0.0,0.0,0.0,1.0,0,0.0,0.0,2n-1m-1th-Ac-sp-mz,sequana_cpu_dev,2,11430881.0,1,1,A,sp-mz,4,4,400,128,128,16,1060.27,854.48,1914.74,88.36,71.21,159.56,79.78,12.0, sdumont6167,22976.88
29.0,78,39,1267330.0,244624.0,239314.0,1379816.0,1269.76,4208.64,1269.76,4208.64,1.0,0,29.0,30.0,2n-1m-1th-Bc-sp-mz,sequana_cpu_dev,2,11430885.0,1,1,B,sp-mz,8,8,400,304,208,17,3800.76,2982.74,6783.5,100.02,78.49,178.51,89.26,38.0, sdumont6165,264556.5
29.0,78,39,1267330.0,244788.0,239210.0,1379836.0,1269.76,4208.64,1269.76,4208.64,1.0,0,29.0,30.0,2n-1m-1th-Bc-sp-mz,sequana_cpu_dev,2,11430890.0,1,1,B,sp-mz,8,8,400,304,208,17,4033.22,3025.27,7058.49,106.14,79.61,185.75,92.87,38.0, sdumont6169,275281.11
29.0,78,39,1267332.0,244076.0,239216.0,1367524.0,1269.76,4208.64,1269.76,4208.64,1.0,0,0.0,0.0,2n-1m-1th-Bc-sp-mz,sequana_cpu_dev,2,11430895.0,1,1,B,sp-mz,8,8,400,304,208,17,3809.99,2959.58,6769.57,100.26,77.88,178.15,89.07,38.0, sdumont6166,264013.23
29.0,78,39,1267330.0,244280.0,239286.0,1367544.0,1269.76,4208.64,1269.76,4208.64,6.0,0,0.0,0.0,2n-1m-1th-Bc-sp-mz,sequana_cpu_dev,2,11430900.0,1,1,B,sp-mz,8,8,400,304,208,17,3814.88,2969.34,6784.21,100.39,78.14,178.53,89.27,38.0, sdumont6165,264584.19
148.0,306,153,1678944.0,543312.0,537676.0,1687364.0,2969.6,4229.12,2969.6,4229.12,0.0,0,30.0,30.0,2n-1m-1th-Cc-sp-mz,sequana_cpu_dev,2,11430907.0,1,1,C,sp-mz,16,16,400,480,320,28,16893.32,12556.89,29450.21,111.14,82.61,193.75,96.88,152.0, sdumont6167,4505882.13
148.0,308,154,1564762.0,541500.0,536496.0,1664976.0,2969.6,4229.12,2979.84,4229.12,1.0,0,0.0,0.0,2n-1m-1th-Cc-sp-mz,sequana_cpu_dev,2,11430909.0,1,1,C,sp-mz,16,16,400,480,320,28,15529.62,12095.16,27624.79,101.5,79.05,180.55,90.28,153.0, sdumont6165,4254217.66
148.0,308,154,1564752.0,542072.0,536582.0,1677248.0,2969.6,4229.12,2979.84,4229.12,1.0,0,0.0,0.0,2n-1m-1th-Cc-sp-mz,sequana_cpu_dev,2,11430911.0,1,1,C,sp-mz,16,16,400,480,320,28,15506.12,12032.53,27538.65,101.35,78.64,179.99,90.0,153.0, sdumont6165,4240952.100000001
148.0,308,154,1567546.0,541916.0,536654.0,1677248.0,2979.84,4229.12,2979.84,4229.12,1.0,0,30.0,30.0,2n-1m-1th-Cc-sp-mz,sequana_cpu_dev,2,11430915.0,1,1,C,sp-mz,16,16,400,480,320,28,16407.28,12298.16,28705.44,107.24,80.38,187.62,93.81,153.0, sdumont6168,4420637.76
2.0,28,7,611829.0,140080.0,68854.0,1278340.0,491.52,2109.44,1034.24,4218.88,2.0,0,0.0,1.0,2n-2m-1th-Ac-sp-mz,sequana_cpu_dev,2,11430921.0,2,1,A,sp-mz,4,4,400,128,128,16,468.87,480.42,949.29,93.77,96.08,189.86,94.93,5.0, sdumont6169,6645.03
1.0,24,6,568619.0,143536.0,38584.0,1290684.0,522.24,2109.44,1044.48,4218.88,1.0,0,0.0,0.0,2n-2m-1th-Ac-sp-mz,sequana_cpu_dev,2,11430926.0,2,1,A,sp-mz,4,4,400,128,128,16,477.49,478.81,956.3,95.5,95.76,191.26,95.63,5.0, sdumont6167,5737.799999999999
2.0,24,6,611855.0,140196.0,69996.0,1278444.0,501.76,2109.44,1034.24,4218.88,0.0,0,0.0,0.0,2n-2m-1th-Ac-sp-mz,sequana_cpu_dev,2,11430928.0,2,1,A,sp-mz,4,4,400,128,128,16,494.44,508.53,1002.97,98.89,101.71,200.59,100.3,5.0, sdumont6168,6017.82
1.0,28,7,568734.0,143500.0,38167.0,1290628.0,522.24,2109.44,1054.72,4218.88,0.0,0,0.0,0.0,2n-2m-1th-Ac-sp-mz,sequana_cpu_dev,2,11430932.0,2,1,A,sp-mz,4,4,400,128,128,16,471.1,479.53,950.63,94.22,95.91,190.13,95.06,5.0, sdumont6168,6654.41
9.0,84,21,611801.0,139988.0,69480.0,1278420.0,542.72,2109.44,1228.8,4218.88,149.0,0,3.0,13.0,2n-2m-1th-Bc-sp-mz,sequana_cpu_dev,2,11430935.0,2,1,B,sp-mz,8,8,400,304,208,17,1932.54,1977.42,3909.96,104.63,106.87,211.5,105.75,18.5, sdumont6169,82109.16
9.0,84,21,611789.0,139904.0,69881.0,1278380.0,552.96,2109.44,1249.28,4218.88,1.0,0,21.0,84.0,2n-2m-1th-Bc-sp-mz,sequana_cpu_dev,2,11430937.0,2,1,B,sp-mz,8,8,400,304,208,17,1914.85,2034.28,3949.13,95.74,101.71,197.46,98.73,20.0, sdumont6166,82931.73
4.0,80,20,568634.0,143628.0,38646.0,1290744.0,614.4,2109.44,1239.04,4218.88,37.0,0,0.0,0.0,2n-2m-1th-Bc-sp-mz,sequana_cpu_dev,2,11430944.0,2,1,B,sp-mz,8,8,400,304,208,17,2003.08,2010.12,4013.21,105.43,105.8,211.22,105.61,19.0, sdumont6166,80264.2
9.0,80,20,611790.0,139968.0,69444.0,1278376.0,542.72,2109.44,1228.8,4218.88,155.0,0,0.0,0.0,2n-2m-1th-Bc-sp-mz,sequana_cpu_dev,2,11430951.0,2,1,B,sp-mz,8,8,400,304,208,17,1943.06,1945.72,3888.78,102.27,102.41,204.67,102.34,19.0, sdumont6169,77775.6
67.0,312,78,1113394.0,345404.0,338296.0,1501184.0,1382.4,4218.88,2058.24,4229.12,1.0,0,9.0,18.0,2n-2m-1th-Cc-sp-mz,sequana_cpu_dev,2,11430955.0,2,1,C,sp-mz,16,16,400,480,320,28,8827.32,8521.97,17349.29,114.64,110.67,225.32,112.66,77.0, sdumont6169,1353244.62
67.0,312,78,1113386.0,344580.0,338221.0,1488956.0,1392.64,4218.88,2058.24,4229.12,166.0,0,0.0,0.0,2n-2m-1th-Cc-sp-mz,sequana_cpu_dev,2,11430963.0,2,1,C,sp-mz,16,16,400,480,320,28,8880.36,8580.55,17460.91,116.85,112.9,229.75,114.87,76.0, sdumont6167,1361950.98
66.0,320,80,1116523.0,345652.0,340831.0,1501244.0,1484.8,4218.88,2109.44,4229.12,1.0,0,185.0,380.0,2n-2m-1th-Cc-sp-mz,sequana_cpu_dev,2,11430965.0,2,1,C,sp-mz,16,16,400,480,320,28,7958.34,8475.26,16433.6,100.74,107.28,208.02,104.01,79.0, sdumont6165,1314688.0
67.0,324,81,1113387.0,344792.0,338248.0,1484764.0,1392.64,4218.88,2048.0,4229.12,1.0,0,7.0,18.0,2n-2m-1th-Cc-sp-mz,sequana_cpu_dev,2,11430967.0,2,1,C,sp-mz,16,16,400,480,320,28,8528.37,8762.91,17291.28,112.22,115.3,227.52,113.76,76.0, sdumont6167,1400593.68
0.0,24,8,265348.0,1040.0,1034.666015625,265348.0,0.0,0.0,0.0,0.0,284.0,0,0.0,0.0,3n-1m-1th-Ac-sp-mz,sequana_cpu_dev,3,11430970.0,1,1,A,sp-mz,4,4,400,128,128,16,1065.87,831.17,1897.04,152.27,118.74,271.01,90.34,7.0, sdumont6165,15176.32
0.0,24,8,265348.0,1032.0,1032.0,265348.0,0.0,0.0,0.0,0.0,1.0,0,0.0,0.0,3n-1m-1th-Ac-sp-mz,sequana_cpu_dev,3,11430972.0,1,1,A,sp-mz,4,4,400,128,128,16,1065.73,832.16,1897.89,152.25,118.88,271.13,90.38,7.0, sdumont6167,15183.12
0.0,24,8,265348.0,1036.0,1036.0,265348.0,0.0,0.0,0.0,0.0,1.0,0,0.0,0.0,3n-1m-1th-Ac-sp-mz,sequana_cpu_dev,3,11430973.0,1,1,A,sp-mz,4,4,400,128,128,16,1060.75,823.77,1884.52,151.54,117.68,269.22,89.74,7.0, sdumont6165,15076.16
0.0,24,8,265348.0,1040.0,1037.3330078125,265348.0,0.0,0.0,0.0,0.0,1.0,0,0.0,0.0,3n-1m-1th-Ac-sp-mz,sequana_cpu_dev,3,11430975.0,1,1,A,sp-mz,4,4,400,128,128,16,1067.49,825.86,1893.35,152.5,117.98,270.48,90.16,7.0, sdumont6166,15146.8
0.0,78,26,265348.0,1036.0,1036.0,265348.0,0.0,0.0,0.0,0.0,1.0,0,0.0,0.0,3n-1m-1th-Bc-sp-mz,sequana_cpu_dev,3,11430977.0,1,1,B,sp-mz,8,8,400,304,208,17,4003.22,3060.0,7063.22,153.97,117.69,271.66,90.55,26.0, sdumont6166,183643.72
0.0,84,28,265348.0,1040.0,1037.3330078125,265348.0,0.0,0.0,0.0,0.0,0.0,0,0.0,0.0,3n-1m-1th-Bc-sp-mz,sequana_cpu_dev,3,11430978.0,1,1,B,sp-mz,8,8,400,304,208,17,4190.02,3214.39,7404.42,161.15,123.63,284.79,94.93,26.0, sdumont6165,207323.76
0.0,81,27,265348.0,1040.0,1034.666015625,265348.0,0.0,0.0,0.0,0.0,1.0,0,0.0,0.0,3n-1m-1th-Bc-sp-mz,sequana_cpu_dev,3,11430980.0,1,1,B,sp-mz,8,8,400,304,208,17,4025.29,3078.97,7104.26,154.82,118.42,273.24,91.08,26.0, sdumont6167,191815.02000000002
0.0,81,27,265348.0,1040.0,1036.0,265348.0,0.0,0.0,0.0,0.0,1.0,0,0.0,0.0,3n-1m-1th-Bc-sp-mz,sequana_cpu_dev,3,11430981.0,1,1,B,sp-mz,8,8,400,304,208,17,4018.2,3059.64,7077.85,154.55,117.68,272.22,90.74,26.0, sdumont6167,191101.95
88.0,312,104,1404486.666015625,412844.0,410844.0,1547948.0,2129.92,4218.88,2129.92,4218.88,1.0,0,10.0,30.0,3n-1m-1th-Cc-sp-mz,sequana_cpu_dev,3,11430982.0,1,1,C,sp-mz,16,16,400,480,320,28,16543.14,12611.67,29154.81,160.61,122.44,283.06,94.35,103.0, sdumont6167,3032100.24
88.0,312,104,1404486.666015625,412708.0,410782.666015625,1547948.0,2129.92,4218.88,2129.92,4218.88,1.0,0,0.0,0.0,3n-1m-1th-Cc-sp-mz,sequana_cpu_dev,3,11430985.0,1,1,C,sp-mz,16,16,400,480,320,28,16540.03,12579.94,29119.97,162.16,123.33,285.49,95.16,102.0, sdumont6167,3028476.88
88.0,312,104,1404486.666015625,412668.0,410661.3330078125,1547964.0,2129.92,4218.88,2129.92,4218.88,1.0,0,0.0,0.0,3n-1m-1th-Cc-sp-mz,sequana_cpu_dev,3,11430987.0,1,1,C,sp-mz,16,16,400,480,320,28,16571.86,12604.07,29175.93,160.89,122.37,283.26,94.42,103.0, sdumont6165,3034296.72
88.0,312,104,1404486.666015625,412832.0,410814.666015625,1547948.0,2129.92,4218.88,2129.92,4218.88,1.0,0,0.0,0.0,3n-1m-1th-Cc-sp-mz,sequana_cpu_dev,3,11430988.0,1,1,C,sp-mz,16,16,400,480,320,28,16551.95,12647.2,29199.15,160.7,122.79,283.49,94.5,103.0, sdumont6167,3036711.6
0.0,30,5,430825.3330078125,142264.0,27242.666015625,885136.0,512.0,2109.44,1044.48,4218.88,1.0,0,0.0,0.0,3n-2m-1th-Ac-sp-mz,sequana_cpu_dev,3,11430990.0,2,1,A,sp-mz,4,4,400,128,128,16,527.14,541.47,1068.61,131.78,135.37,267.15,89.05,4.0, sdumont6165,5343.049999999999
1.0,36,6,707240.0,144048.0,72952.666015625,1290972.0,532.48,2109.44,1075.2,4218.88,1.0,0,68.0,350.0,3n-2m-1th-Ac-sp-mz,sequana_cpu_dev,3,11430991.0,2,1,A,sp-mz,4,4,400,128,128,16,791.91,814.18,1606.09,158.38,162.84,321.22,107.07,5.0, sdumont6166,9636.539999999999
1.0,30,5,707230.0,143760.0,73339.3330078125,1290912.0,522.24,2109.44,1034.24,4218.88,1.0,0,0.0,0.0,3n-2m-1th-Ac-sp-mz,sequana_cpu_dev,3,11430992.0,2,1,A,sp-mz,4,4,400,128,128,16,524.79,539.52,1064.31,131.2,134.88,266.08,88.69,4.0, sdumont6165,5321.549999999999
1.0,30,5,507675.3330078125,145720.0,29644.0,1290980.0,512.0,2109.44,1044.48,4218.88,1.0,0,0.0,2.0,3n-2m-1th-Ac-sp-mz,sequana_cpu_dev,3,11430995.0,2,1,A,sp-mz,4,4,400,128,128,16,529.15,547.66,1076.81,132.29,136.91,269.2,89.73,4.0, sdumont6168,5384.049999999999
6.0,90,15,626733.3330078125,143508.0,65866.0,1290844.0,552.96,2109.44,1167.36,4218.88,1.0,0,4.0,13.0,3n-2m-1th-Bc-sp-mz,sequana_cpu_dev,3,11430996.0,2,1,B,sp-mz,8,8,400,304,208,17,1993.44,2065.99,4059.43,153.34,158.92,312.26,104.09,13.0, sdumont6168,60891.45
4.0,84,14,484685.3330078125,142936.0,42432.0,1078000.0,542.72,2109.44,1157.12,4218.88,1.0,0,0.0,0.0,3n-2m-1th-Bc-sp-mz,sequana_cpu_dev,3,11430997.0,2,1,B,sp-mz,8,8,400,304,208,17,1981.5,2038.28,4019.78,152.42,156.79,309.21,103.07,13.0, sdumont6166,56276.920000000006
4.0,84,14,564591.3330078125,143780.0,49920.666015625,1290840.0,552.96,2109.44,1167.36,4218.88,1.0,0,0.0,0.0,3n-2m-1th-Bc-sp-mz,sequana_cpu_dev,3,11430999.0,2,1,B,sp-mz,8,8,400,304,208,17,1998.85,2064.32,4063.17,153.76,158.79,312.55,104.18,13.0, sdumont6168,56884.380000000005
4.0,84,14,549739.3330078125,143840.0,30023.3330078125,1290832.0,583.68,2109.44,1187.84,4218.88,2.0,0,2.0,16.0,3n-2m-1th-Bc-sp-mz,sequana_cpu_dev,3,11431000.0,2,1,B,sp-mz,8,8,400,304,208,17,2000.16,2066.48,4066.63,153.86,158.96,312.82,104.27,13.0, sdumont6168,56932.82
36.0,318,53,1037030.0,283176.0,278820.666015625,1436576.0,1187.84,4218.88,1720.32,4218.88,1.0,0,4.0,13.0,3n-2m-1th-Cc-sp-mz,sequana_cpu_dev,3,11431001.0,2,1,C,sp-mz,16,16,400,480,320,28,8231.06,8481.59,16712.65,158.29,163.11,321.4,107.13,52.0, sdumont6165,885770.4500000001
36.0,318,53,1037061.3330078124,281368.0,278568.0,1436596.0,1239.04,4218.88,1720.32,4218.88,1.0,0,0.0,0.0,3n-2m-1th-Cc-sp-mz,sequana_cpu_dev,3,11431003.0,2,1,C,sp-mz,16,16,400,480,320,28,8232.34,8488.63,16720.97,158.31,163.24,321.56,107.19,52.0, sdumont6165,886211.41
33.0,318,53,1037053.3330078124,281348.0,278514.666015625,1436588.0,1239.04,4218.88,1720.32,4218.88,1.0,0,0.0,0.0,3n-2m-1th-Cc-sp-mz,sequana_cpu_dev,3,11431008.0,2,1,C,sp-mz,16,16,400,480,320,28,8228.87,8462.96,16691.83,158.25,162.75,321.0,107.0,52.0, sdumont6165,884666.9900000001
36.0,318,53,1037080.0,281396.0,278511.3330078125,1432388.0,1239.04,4218.88,1710.08,4218.88,1.0,0,0.0,0.0,3n-2m-1th-Cc-sp-mz,sequana_cpu_dev,3,11431011.0,2,1,C,sp-mz,16,16,400,480,320,28,8242.93,8468.13,16711.07,158.52,162.85,321.37,107.12,52.0, sdumont6166,885686.71
0.0,36,9,265348.0,1036.0,1034.0,265348.0,0.0,0.0,0.0,0.0,1.0,0,0.0,0.0,4n-1m-1th-Ac-sp-mz,sequana_cpu_dev,4,11431013.0,1,1,A,sp-mz,4,4,400,128,128,16,1400.06,1149.32,2549.38,175.01,143.66,318.67,79.67,8.0, sdumont6166,22944.420000000002
0.0,24,6,265348.0,1040.0,1036.0,265348.0,0.0,0.0,0.0,0.0,127.0,0,0.0,0.0,4n-1m-1th-Ac-sp-mz,sequana_cpu_dev,4,11431016.0,1,1,A,sp-mz,4,4,400,128,128,16,938.8,739.58,1678.38,187.76,147.92,335.68,83.92,5.0, sdumont6168,10070.28
0.0,24,6,265348.0,1040.0,1036.0,265348.0,0.0,0.0,0.0,0.0,1.0,0,0.0,0.0,4n-1m-1th-Ac-sp-mz,sequana_cpu_dev,4,11431021.0,1,1,A,sp-mz,4,4,400,128,128,16,933.83,749.29,1683.12,186.77,149.86,336.62,84.16,5.0, sdumont6167,10098.72
0.0,24,6,265348.0,1040.0,1037.0,265348.0,0.0,0.0,0.0,0.0,45.0,0,0.0,0.0,4n-1m-1th-Ac-sp-mz,sequana_cpu_dev,4,11431030.0,1,1,A,sp-mz,4,4,400,128,128,16,917.37,725.62,1642.99,183.47,145.12,328.6,82.15,5.0, sdumont6168,9857.94
0.0,80,20,265348.0,1036.0,1034.0,265348.0,0.0,0.0,0.0,0.0,1.0,0,0.0,0.0,4n-1m-1th-Bc-sp-mz,sequana_cpu_dev,4,11431031.0,1,1,B,sp-mz,8,8,400,304,208,17,3773.83,2916.33,6690.16,198.62,153.49,352.11,88.03,19.0, sdumont6169,133803.2
0.0,80,20,265348.0,1040.0,1037.0,265348.0,0.0,0.0,0.0,0.0,1.0,0,0.0,0.0,4n-1m-1th-Bc-sp-mz,sequana_cpu_dev,4,11431032.0,1,1,B,sp-mz,8,8,400,304,208,17,3851.17,3001.69,6852.86,202.69,157.98,360.68,90.17,19.0, sdumont6167,137057.19999999998
0.0,80,20,265348.0,1040.0,1037.0,265348.0,0.0,0.0,0.0,0.0,1.0,0,0.0,0.0,4n-1m-1th-Bc-sp-mz,sequana_cpu_dev,4,11431034.0,1,1,B,sp-mz,8,8,400,304,208,17,3939.99,2964.35,6904.33,207.37,156.02,363.39,90.85,19.0, sdumont6169,138086.6
0.0,80,20,265348.0,1040.0,1037.0,265348.0,0.0,0.0,0.0,0.0,1.0,0,0.0,0.0,4n-1m-1th-Bc-sp-mz,sequana_cpu_dev,4,11431036.0,1,1,B,sp-mz,8,8,400,304,208,17,3944.54,2956.81,6901.35,207.61,155.62,363.23,90.81,19.0, sdumont6166,138027.0
59.0,312,78,1317723.0,345276.0,342125.0,1480412.0,1689.6,4218.88,1689.6,4218.88,1.0,0,22.0,30.0,4n-1m-1th-Cc-sp-mz,sequana_cpu_dev,4,11431037.0,1,1,C,sp-mz,16,16,400,480,320,28,16277.4,12619.89,28897.29,211.39,163.89,375.29,93.82,77.0, sdumont6168,2253988.62
59.0,312,78,1320763.0,347148.0,345222.0,1480280.0,1689.6,4218.88,1689.6,4218.88,1.0,0,0.0,0.0,4n-1m-1th-Cc-sp-mz,sequana_cpu_dev,4,11431039.0,1,1,C,sp-mz,16,16,400,480,320,28,16286.56,12633.76,28920.33,211.51,164.07,375.59,93.9,77.0, sdumont6167,2255785.74
59.0,312,78,1320768.0,346676.0,345168.0,1480296.0,1689.6,4218.88,1689.6,4218.88,1.0,0,0.0,0.0,4n-1m-1th-Cc-sp-mz,sequana_cpu_dev,4,11431044.0,1,1,C,sp-mz,16,16,400,480,320,28,16258.33,12584.17,28842.5,211.15,163.43,374.58,93.64,77.0, sdumont6167,2249715.0
59.0,388,97,1317723.0,344540.0,342087.0,1468120.0,1689.6,4218.88,1689.6,4218.88,2.0,0,0.0,0.0,4n-1m-1th-Cc-sp-mz,sequana_cpu_dev,4,11431053.0,1,1,C,sp-mz,16,16,400,480,320,28,16276.57,12617.26,28893.83,211.38,163.86,375.24,93.81,77.0, sdumont6166,2802701.5100000002
1.0,32,4,583047.0,143856.0,63545.5,1291060.0,501.76,2109.44,1034.24,4218.88,1.0,0,2.0,18.0,4n-2m-1th-Ac-sp-mz,sequana_cpu_dev,4,11431061.0,2,1,A,sp-mz,4,4,400,128,128,16,450.92,474.83,925.75,150.31,158.28,308.58,77.15,3.0, sdumont6165,3703.0
0.0,32,4,482731.5,140264.0,55035.5,885136.0,501.76,2109.44,1034.24,4218.88,1.0,0,0.0,0.0,4n-2m-1th-Ac-sp-mz,sequana_cpu_dev,4,11431065.0,2,1,A,sp-mz,4,4,400,128,128,16,451.79,474.18,925.97,150.6,158.06,308.66,77.16,3.0, sdumont6168,3703.88
0.0,32,4,460264.5,143504.0,55018.5,1078360.0,501.76,2109.44,1044.48,4218.88,1.0,0,0.0,0.0,4n-2m-1th-Ac-sp-mz,sequana_cpu_dev,4,11431067.0,2,1,A,sp-mz,4,4,400,128,128,16,452.32,475.41,927.73,150.77,158.47,309.24,77.31,3.0, sdumont6165,3710.92
1.0,32,4,582956.0,143956.0,67353.0,1291060.0,501.76,2109.44,1034.24,4218.88,1.0,0,0.0,0.0,4n-2m-1th-Ac-sp-mz,sequana_cpu_dev,4,11431070.0,2,1,A,sp-mz,4,4,400,128,128,16,455.63,479.34,934.97,151.88,159.78,311.66,77.91,3.0, sdumont6165,3739.88
3.0,88,11,476758.0,143276.0,48739.0,1078008.0,532.48,2109.44,1146.88,4218.88,1.0,0,3.0,18.0,4n-2m-1th-Bc-sp-mz,sequana_cpu_dev,4,11431074.0,2,1,B,sp-mz,8,8,400,304,208,17,1891.42,1976.65,3868.07,189.14,197.66,386.81,96.7,10.0, sdumont6165,42548.770000000004
3.0,88,11,570094.5,143180.0,55657.5,1078008.0,563.2,2109.44,1136.64,4218.88,1.0,0,0.0,0.0,4n-2m-1th-Bc-sp-mz,sequana_cpu_dev,4,11431076.0,2,1,B,sp-mz,8,8,400,304,208,17,1891.68,1979.63,3871.31,189.17,197.96,387.13,96.78,10.0, sdumont6168,42584.409999999996
4.0,88,11,576232.0,143848.0,61061.0,1290828.0,522.24,2109.44,1126.4,4218.88,1.0,0,2.0,18.0,4n-2m-1th-Bc-sp-mz,sequana_cpu_dev,4,11431078.0,2,1,B,sp-mz,8,8,400,304,208,17,1942.44,1962.99,3905.43,194.24,196.3,390.54,97.64,10.0, sdumont6167,42959.729999999996
4.0,88,11,643305.5,143576.0,72270.5,1290832.0,542.72,2109.44,1126.4,4218.88,2.0,0,0.0,0.0,4n-2m-1th-Bc-sp-mz,sequana_cpu_dev,4,11431079.0,2,1,B,sp-mz,8,8,400,304,208,17,1936.6,1966.81,3903.41,193.66,196.68,390.34,97.59,10.0, sdumont6167,42937.509999999995
32.0,320,40,991431.0,246728.0,242500.5,1402720.0,1126.4,4218.88,1546.24,4218.88,1.0,0,4.0,18.0,4n-2m-1th-Cc-sp-mz,sequana_cpu_dev,4,11431080.0,2,1,C,sp-mz,16,16,400,480,320,28,8208.88,8575.45,16784.33,210.48,219.88,430.37,107.59,39.0, sdumont6167,671373.2000000001
32.0,320,40,991466.0,246916.0,242237.5,1402728.0,1177.6,4218.88,1566.72,4218.88,1.0,0,0.0,0.0,4n-2m-1th-Cc-sp-mz,sequana_cpu_dev,4,11431082.0,2,1,C,sp-mz,16,16,400,480,320,28,8210.6,8558.83,16769.43,210.53,219.46,429.99,107.5,39.0, sdumont6167,670777.2
32.0,320,40,992998.0,246884.0,243602.5,1398528.0,1177.6,4218.88,1556.48,4218.88,1.0,0,0.0,0.0,4n-2m-1th-Cc-sp-mz,sequana_cpu_dev,4,11431083.0,2,1,C,sp-mz,16,16,400,480,320,28,8213.82,8568.24,16782.06,210.61,219.7,430.31,107.58,39.0, sdumont6167,671282.4
32.0,320,40,994495.0,246736.0,244770.0,1398532.0,1187.84,4218.88,1546.24,4218.88,1.0,0,0.0,0.0,4n-2m-1th-Cc-sp-mz,sequana_cpu_dev,4,11431084.0,2,1,C,sp-mz,16,16,400,480,320,28,8211.42,8568.0,16779.42,210.55,219.69,430.24,107.56,39.0, sdumont6165,671176.7999999999
