AveCPU,CPUTimeRAW,ElapsedRaw,AveVMSize,MaxRSS,AveRSS,MaxVMSize,AveDiskRead,AveDiskWrite,MaxDiskRead,MaxDiskWrite,Planned,ConsumedEnergyRaw,AvePages,MaxPages,JobName,Partition,NNodes,JobID,Processo p/ no,Thread p/ proc.,Classe,Benchmark,Zone X,Zone Y,Iterações,Grid X,Grid Y,Grid Z,Consumo de Energia P0 (J),Consumo de Energia P1 (J),Consumo de Energia Total (J),Power P0 (W),Power P1 (W),Power Total (W),Potência por nó (W),Tempo (s),NodeList,EDP
14503.0,15048,836,12687540.0,11521800.0,11521800.0,12687540.0,1249.28,4208.64,1249.28,4208.64,1.0,0,433.0,433.0,1n-1m-18th-Dc-bt-mz,sequana_cpu_dev,1,11430804.0,1,18,D,bt-mz,32,32,500,1632,1216,34,121823.86,29815.26,151639.13,145.9,35.71,181.6,181.6,835.0, sdumont6167,126770312.68
14538.0,14778,821,12687540.0,11521700.0,11521700.0,12687540.0,1249.28,4208.64,1249.28,4208.64,1.0,0,99.0,99.0,1n-1m-18th-Dc-bt-mz,sequana_cpu_dev,1,11430810.0,1,18,D,bt-mz,32,32,500,1632,1216,34,120839.92,31186.57,152026.49,147.37,38.03,185.4,185.4,820.0, sdumont6166,124813748.28999999
14539.0,14724,818,12687540.0,11522096.0,11522096.0,12687540.0,1249.28,4208.64,1249.28,4208.64,1.0,0,117.0,117.0,1n-1m-18th-Dc-bt-mz,sequana_cpu_dev,1,11430819.0,1,18,D,bt-mz,32,32,500,1632,1216,34,119902.62,33632.75,153535.37,146.94,41.22,188.16,188.16,816.0, sdumont6165,125591932.66
14499.0,14760,820,12687540.0,11521620.0,11521620.0,12687540.0,1249.28,4208.64,1249.28,4208.64,1.0,0,431.0,431.0,1n-1m-18th-Dc-bt-mz,sequana_cpu_dev,1,11430829.0,1,18,D,bt-mz,32,32,500,1632,1216,34,116467.29,34397.93,150865.21,142.21,42.0,184.21,184.21,819.0, sdumont6168,123709472.19999999
14539.0,14670,815,12687540.0,11522432.0,11522432.0,12687540.0,1249.28,4208.64,1249.28,4208.64,1.0,0,29.0,29.0,1n-1m-18th-Dc-bt-mz,sequana_cpu_dev,1,11430834.0,1,18,D,bt-mz,32,32,500,1632,1216,34,116573.3,29928.68,146501.99,143.21,36.77,179.98,179.98,814.0, sdumont6166,119399121.85
14953.0,15400,770,12691648.0,11522512.0,11522512.0,12691648.0,1218.56,4208.64,1218.56,4208.64,2.0,0,121.0,121.0,1n-1m-20th-Dc-bt-mz,sequana_cpu_dev,1,11430838.0,1,20,D,bt-mz,32,32,500,1632,1216,34,112614.91,30082.31,142697.22,146.44,39.12,185.56,185.56,769.0, sdumont6165,109876859.4
14955.0,15380,769,12691652.0,11522452.0,11522452.0,12691652.0,1218.56,4208.64,1218.56,4208.64,1.0,0,35.0,35.0,1n-1m-20th-Dc-bt-mz,sequana_cpu_dev,1,11430847.0,1,20,D,bt-mz,32,32,500,1632,1216,34,112631.07,27615.07,140246.14,146.66,35.96,182.61,182.61,768.0, sdumont6166,107849281.66000001
14955.0,15380,769,12691652.0,11522816.0,11522816.0,12691652.0,1218.56,4208.64,1218.56,4208.64,1.0,0,148.0,148.0,1n-1m-20th-Dc-bt-mz,sequana_cpu_dev,1,11430853.0,1,20,D,bt-mz,32,32,500,1632,1216,34,112583.17,27966.76,140549.93,146.59,36.42,183.01,183.01,768.0, sdumont6166,108082896.17
14955.0,15460,773,12691652.0,11522524.0,11522524.0,12691652.0,1218.56,4208.64,1218.56,4208.64,1.0,0,34.0,34.0,1n-1m-20th-Dc-bt-mz,sequana_cpu_dev,1,11430864.0,1,20,D,bt-mz,32,32,500,1632,1216,34,112319.16,28390.2,140709.36,145.49,36.77,182.27,182.27,772.0, sdumont6166,108768335.27999999
14953.0,15600,780,12691652.0,11522440.0,11522440.0,12691652.0,1218.56,4208.64,1218.56,4208.64,1.0,0,113.0,113.0,1n-1m-20th-Dc-bt-mz,sequana_cpu_dev,1,11430876.0,1,20,D,bt-mz,32,32,500,1632,1216,34,112840.7,27040.21,139880.9,144.85,34.71,179.56,179.56,779.0, sdumont6169,109107102.0
15786.0,16456,748,12695780.0,11523008.0,11523008.0,12695780.0,1198.08,4208.64,1198.08,4208.64,1.0,0,134.0,134.0,1n-1m-22th-Dc-bt-mz,sequana_cpu_dev,1,11430891.0,1,22,D,bt-mz,32,32,500,1632,1216,34,108481.22,24338.25,132819.48,145.22,32.58,177.8,177.8,747.0, sdumont6167,99348971.04
16449.0,16764,762,12695780.0,11522848.0,11522848.0,12695780.0,1218.56,4208.64,1218.56,4208.64,1.0,0,131.0,131.0,1n-1m-22th-Dc-bt-mz,sequana_cpu_dev,1,11430908.0,1,22,D,bt-mz,32,32,500,1632,1216,34,108822.76,31975.77,140798.54,143.19,42.07,185.26,185.26,760.0, sdumont6168,107288487.48
15790.0,16082,731,12695780.0,11522308.0,11522308.0,12695780.0,1198.08,4208.64,1198.08,4208.64,1.0,0,140.0,140.0,1n-1m-22th-Dc-bt-mz,sequana_cpu_dev,1,11430917.0,1,22,D,bt-mz,32,32,500,1632,1216,34,108139.31,29316.01,137455.32,148.14,40.16,188.29,188.29,730.0, sdumont6165,100479838.92
16444.0,16654,757,12695780.0,11522644.0,11522644.0,12695780.0,1218.56,4208.64,1218.56,4208.64,1.0,0,41.0,41.0,1n-1m-22th-Dc-bt-mz,sequana_cpu_dev,1,11430929.0,1,22,D,bt-mz,32,32,500,1632,1216,34,108480.05,24707.11,133187.15,143.49,32.68,176.17,176.17,756.0, sdumont6167,100822672.55
15792.0,16060,730,12695780.0,11522584.0,11522584.0,12695780.0,1198.08,4208.64,1198.08,4208.64,1.0,0,39.0,39.0,1n-1m-22th-Dc-bt-mz,sequana_cpu_dev,1,11430938.0,1,22,D,bt-mz,32,32,500,1632,1216,34,108180.01,29322.97,137502.97,148.4,40.22,188.62,188.62,729.0, sdumont6165,100377168.1
15783.0,16512,688,12699872.0,11522964.0,11522964.0,12699872.0,1187.84,4208.64,1187.84,4208.64,1.0,0,143.0,143.0,1n-1m-24th-Dc-bt-mz,sequana_cpu_dev,1,11430956.0,1,24,D,bt-mz,32,32,500,1632,1216,34,99299.0,27094.47,126393.47,144.75,39.5,184.25,184.25,686.0, sdumont6168,86958707.36
16497.0,16680,695,12699872.0,11523004.0,11523004.0,12699872.0,1187.84,4208.64,1187.84,4208.64,1.0,0,142.0,142.0,1n-1m-24th-Dc-bt-mz,sequana_cpu_dev,1,11430968.0,1,24,D,bt-mz,32,32,500,1632,1216,34,99425.98,21319.83,120745.81,143.47,30.76,174.24,174.24,693.0, sdumont6169,83918337.95
16498.0,16848,702,12699872.0,11522516.0,11522516.0,12699872.0,1187.84,4208.64,1187.84,4208.64,1.0,0,53.0,53.0,1n-1m-24th-Dc-bt-mz,sequana_cpu_dev,1,11430974.0,1,24,D,bt-mz,32,32,500,1632,1216,34,103937.25,22484.84,126422.09,148.48,32.12,180.6,180.6,700.0, sdumont6169,88748307.17999999
15774.0,16392,683,12699872.0,11523136.0,11523136.0,12699872.0,1167.36,4208.64,1167.36,4208.64,1.0,0,96.0,96.0,1n-1m-24th-Dc-bt-mz,sequana_cpu_dev,1,11430979.0,1,24,D,bt-mz,32,32,500,1632,1216,34,99285.33,27178.18,126463.52,145.79,39.91,185.7,185.7,681.0, sdumont6168,86374584.16
15783.0,16440,685,12699872.0,11523216.0,11523216.0,12699872.0,1167.36,4208.64,1167.36,4208.64,1.0,0,56.0,56.0,1n-1m-24th-Dc-bt-mz,sequana_cpu_dev,1,11430983.0,1,24,D,bt-mz,32,32,500,1632,1216,34,99260.06,27106.56,126366.61,145.33,39.69,185.02,185.02,683.0, sdumont6168,86561127.85
17864.0,18174,699,12703988.0,11523008.0,11523008.0,12703988.0,1177.6,4208.64,1177.6,4208.64,1.0,0,48.0,48.0,1n-1m-26th-Dc-bt-mz,sequana_cpu_dev,1,11430989.0,1,26,D,bt-mz,32,32,500,1632,1216,34,102404.81,45423.85,147828.66,146.92,65.17,212.09,212.09,697.0, sdumont6168,103332233.34
17084.0,17784,684,12703988.0,11522712.0,11522712.0,12703988.0,1167.36,4208.64,1167.36,4208.64,1.0,0,159.0,159.0,1n-1m-26th-Dc-bt-mz,sequana_cpu_dev,1,11430993.0,1,26,D,bt-mz,32,32,500,1632,1216,34,99196.86,42277.63,141474.49,145.24,61.9,207.14,207.14,683.0, sdumont6165,96768551.16
17085.0,17810,685,12703988.0,11523296.0,11523296.0,12703988.0,1167.36,4208.64,1167.36,4208.64,1.0,0,55.0,55.0,1n-1m-26th-Dc-bt-mz,sequana_cpu_dev,1,11430998.0,1,26,D,bt-mz,32,32,500,1632,1216,34,99163.72,42237.48,141401.2,144.98,61.75,206.73,206.73,684.0, sdumont6165,96859822.00000001
17081.0,17966,691,12703988.0,11522752.0,11522752.0,12703988.0,1167.36,4208.64,1167.36,4208.64,1.0,0,141.0,141.0,1n-1m-26th-Dc-bt-mz,sequana_cpu_dev,1,11431002.0,1,26,D,bt-mz,32,32,500,1632,1216,34,98389.43,43645.26,142034.69,142.8,63.35,206.15,206.15,689.0, sdumont6168,98145970.79
17863.0,18278,703,12703988.0,11523308.0,11523308.0,12703988.0,1177.6,4208.64,1177.6,4208.64,1.0,0,60.0,60.0,1n-1m-26th-Dc-bt-mz,sequana_cpu_dev,1,11431012.0,1,26,D,bt-mz,32,32,500,1632,1216,34,102541.22,45564.78,148105.99,146.28,65.0,211.28,211.28,701.0, sdumont6168,104118510.97
18395.0,19124,683,12708096.0,11523688.0,11523688.0,12708096.0,1167.36,4208.64,1167.36,4208.64,1.0,0,214.0,214.0,1n-1m-28th-Dc-bt-mz,sequana_cpu_dev,1,11431023.0,1,28,D,bt-mz,32,32,500,1632,1216,34,99394.77,53255.21,152649.98,145.74,78.09,223.83,223.83,682.0, sdumont6167,104259936.34
17566.0,18872,674,12708096.0,11523468.0,11523468.0,12708096.0,1146.88,4208.64,1146.88,4208.64,1.0,0,64.0,64.0,1n-1m-28th-Dc-bt-mz,sequana_cpu_dev,1,11431033.0,1,28,D,bt-mz,32,32,500,1632,1216,34,94489.91,48693.37,143183.28,143.82,74.11,217.93,217.93,657.0, sdumont6165,96505530.72
17505.0,18312,654,12725076.0,11524100.0,11524100.0,12725076.0,4730.88,4208.64,4730.88,4208.64,1.0,0,495.0,495.0,1n-1m-28th-Dc-bt-mz,sequana_cpu_dev,1,11431038.0,1,28,D,bt-mz,32,32,500,1632,1216,34,93868.45,49388.34,143256.79,143.75,75.63,219.38,219.38,653.0, sdumont6065,93689940.66000001
18403.0,19152,684,12725076.0,11524016.0,11524016.0,12725076.0,4915.2,4208.64,4915.2,4208.64,1.0,0,64.0,64.0,1n-1m-28th-Dc-bt-mz,sequana_cpu_dev,1,11431054.0,1,28,D,bt-mz,32,32,500,1632,1216,34,97513.69,51282.4,148796.09,142.98,75.19,218.18,218.18,682.0, sdumont6065,101776525.56
17566.0,18228,651,12725076.0,11523944.0,11523944.0,12725076.0,4730.88,4208.64,4730.88,4208.64,1.0,0,64.0,64.0,1n-1m-28th-Dc-bt-mz,sequana_cpu_dev,1,11431068.0,1,28,D,bt-mz,32,32,500,1632,1216,34,94123.3,49473.02,143596.33,145.25,76.35,221.6,221.6,648.0, sdumont6065,93481210.83
17921.0,18720,624,12712208.0,11523696.0,11523696.0,12712208.0,1136.64,4208.64,1136.64,4208.64,0.0,0,189.0,189.0,1n-1m-30th-Dc-bt-mz,sequana_cpu_dev,1,11431077.0,1,30,D,bt-mz,32,32,500,1632,1216,34,89894.2,53806.94,143701.14,144.29,86.37,230.66,230.66,623.0, sdumont6165,89669511.36000001
17919.0,18510,617,12712208.0,11523644.0,11523644.0,12712208.0,1157.12,4208.64,1157.12,4208.64,1.0,0,141.0,141.0,1n-1m-30th-Dc-bt-mz,sequana_cpu_dev,1,11431081.0,1,30,D,bt-mz,32,32,500,1632,1216,34,90209.04,53142.36,143351.4,146.68,86.41,233.09,233.09,615.0, sdumont6169,88447813.8
17922.0,18660,622,12712208.0,11523964.0,11523964.0,12712208.0,1136.64,4208.64,1136.64,4208.64,1.0,0,41.0,41.0,1n-1m-30th-Dc-bt-mz,sequana_cpu_dev,1,11431085.0,1,30,D,bt-mz,32,32,500,1632,1216,34,90151.91,53115.87,143267.78,145.41,85.67,231.08,231.08,620.0, sdumont6169,89112559.16
17921.0,18570,619,12712208.0,11523532.0,11523532.0,12712208.0,1136.64,4208.64,1136.64,4208.64,1.0,0,59.0,59.0,1n-1m-30th-Dc-bt-mz,sequana_cpu_dev,1,11431088.0,1,30,D,bt-mz,32,32,500,1632,1216,34,89930.59,53921.22,143851.81,145.75,87.39,233.15,233.15,617.0, sdumont6165,89044270.39
17919.0,18300,610,12712208.0,11523648.0,11523648.0,12712208.0,1136.64,4208.64,1136.64,4208.64,1.0,0,186.0,186.0,1n-1m-30th-Dc-bt-mz,sequana_cpu_dev,1,11431092.0,1,30,D,bt-mz,32,32,500,1632,1216,34,89979.94,54023.11,144003.06,147.75,88.71,236.46,236.46,609.0, sdumont6165,87841866.6
18159.0,18400,575,12716316.0,11524136.0,11524136.0,12716316.0,1116.16,4208.64,1116.16,4208.64,1.0,0,74.0,74.0,1n-1m-32th-Dc-bt-mz,sequana_cpu_dev,1,11431093.0,1,32,D,bt-mz,32,32,500,1632,1216,34,80943.13,56240.07,137183.2,141.02,97.98,239.0,239.0,574.0, sdumont6165,78880340.0
18160.0,18400,575,12716316.0,11523968.0,11523968.0,12716316.0,1116.16,4208.64,1116.16,4208.64,1.0,0,58.0,58.0,1n-1m-32th-Dc-bt-mz,sequana_cpu_dev,1,11431094.0,1,32,D,bt-mz,32,32,500,1632,1216,34,81015.21,56460.14,137475.36,141.14,98.36,239.5,239.5,574.0, sdumont6165,79048331.99999999
18157.0,18400,575,12716316.0,11524144.0,11524144.0,12716316.0,1116.16,4208.64,1116.16,4208.64,1.0,0,81.0,81.0,1n-1m-32th-Dc-bt-mz,sequana_cpu_dev,1,11431097.0,1,32,D,bt-mz,32,32,500,1632,1216,34,80985.97,56459.41,137445.38,141.09,98.36,239.45,239.45,574.0, sdumont6165,79031093.5
18157.0,18432,576,12716316.0,11524032.0,11524032.0,12716316.0,1116.16,4208.64,1116.16,4208.64,1.0,0,80.0,80.0,1n-1m-32th-Dc-bt-mz,sequana_cpu_dev,1,11431099.0,1,32,D,bt-mz,32,32,500,1632,1216,34,80975.95,56459.33,137435.28,140.83,98.19,239.02,239.02,575.0, sdumont6165,79162721.28
18157.0,18688,584,12716316.0,11523916.0,11523916.0,12716316.0,1116.16,4208.64,1116.16,4208.64,1.0,0,77.0,77.0,1n-1m-32th-Dc-bt-mz,sequana_cpu_dev,1,11431100.0,1,32,D,bt-mz,32,32,500,1632,1216,34,85447.78,59426.48,144874.25,146.82,102.11,248.92,248.92,582.0, sdumont6165,84606562.0
19211.0,19550,575,12720436.0,11524280.0,11524280.0,12720436.0,1116.16,4218.88,1116.16,4218.88,2.0,0,526.0,526.0,1n-1m-34th-Dc-bt-mz,sequana_cpu_dev,1,11431101.0,1,34,D,bt-mz,32,32,500,1632,1216,34,77724.9,66441.03,144165.92,135.41,115.75,251.16,251.16,574.0, sdumont6070,82895404.0
19293.0,19890,585,12720436.0,11524276.0,11524276.0,12720436.0,1116.16,4218.88,1116.16,4218.88,1.0,0,72.0,72.0,1n-1m-34th-Dc-bt-mz,sequana_cpu_dev,1,11431106.0,1,34,D,bt-mz,32,32,500,1632,1216,34,82005.74,70071.92,152077.66,140.9,120.4,261.3,261.3,582.0, sdumont6070,88965431.10000001
19294.0,19686,579,12720432.0,11524348.0,11524348.0,12720432.0,1116.16,4218.88,1116.16,4218.88,1.0,0,47.0,47.0,1n-1m-34th-Dc-bt-mz,sequana_cpu_dev,1,11431108.0,1,34,D,bt-mz,32,32,500,1632,1216,34,82133.57,70347.09,152480.66,142.35,121.92,264.26,264.26,577.0, sdumont6070,88286302.14
19293.0,20162,593,12720436.0,11524272.0,11524272.0,12720436.0,1116.16,4218.88,1116.16,4218.88,1.0,0,73.0,73.0,1n-1m-34th-Dc-bt-mz,sequana_cpu_dev,1,11431109.0,1,34,D,bt-mz,32,32,500,1632,1216,34,81534.45,69872.12,151406.58,137.96,118.23,256.19,256.19,591.0, sdumont6070,89784101.94
19289.0,19788,582,12720436.0,11524316.0,11524316.0,12720436.0,1116.16,4218.88,1116.16,4218.88,1.0,0,93.0,93.0,1n-1m-34th-Dc-bt-mz,sequana_cpu_dev,1,11431111.0,1,34,D,bt-mz,32,32,500,1632,1216,34,82073.54,70309.31,152382.85,141.51,121.22,262.73,262.73,580.0, sdumont6070,88686818.7
19347.0,20376,566,12724556.0,11524424.0,11524424.0,12724556.0,1105.92,4218.88,1105.92,4218.88,1.0,0,108.0,108.0,1n-1m-36th-Dc-bt-mz,sequana_cpu_dev,1,11431117.0,1,36,D,bt-mz,32,32,500,1632,1216,34,77111.26,70442.45,147553.71,136.96,125.12,262.08,262.08,563.0, sdumont6070,83515399.86
19350.0,20016,556,12724556.0,11524500.0,11524500.0,12724556.0,1105.92,4218.88,1105.92,4218.88,1.0,0,70.0,70.0,1n-1m-36th-Dc-bt-mz,sequana_cpu_dev,1,11431118.0,1,36,D,bt-mz,32,32,500,1632,1216,34,77564.59,70525.27,148089.87,140.01,127.3,267.31,267.31,554.0, sdumont6070,82337967.72
19350.0,20196,561,12724556.0,11524452.0,11524452.0,12724556.0,1105.92,4218.88,1105.92,4218.88,3.0,0,91.0,91.0,1n-1m-36th-Dc-bt-mz,sequana_cpu_dev,1,11431119.0,1,36,D,bt-mz,32,32,500,1632,1216,34,77301.21,70306.03,147607.25,138.28,125.77,264.06,264.06,559.0, sdumont6070,82807667.25
19350.0,19836,551,12724556.0,11524304.0,11524304.0,12724556.0,1105.92,4218.88,1105.92,4218.88,1.0,0,79.0,79.0,1n-1m-36th-Dc-bt-mz,sequana_cpu_dev,1,11431121.0,1,36,D,bt-mz,32,32,500,1632,1216,34,77614.99,70618.28,148233.27,141.38,128.63,270.01,270.01,549.0, sdumont6070,81676531.77
19252.0,19620,545,12724556.0,11524580.0,11524580.0,12724556.0,1105.92,4218.88,1105.92,4218.88,1.0,0,512.0,512.0,1n-1m-36th-Dc-bt-mz,sequana_cpu_dev,1,11431122.0,1,36,D,bt-mz,32,32,500,1632,1216,34,75675.74,64518.65,140194.4,139.37,118.82,258.18,258.18,543.0, sdumont6165,76405948.0
19285.0,19608,516,12728652.0,11524820.0,11524820.0,12728652.0,1085.44,4218.88,1085.44,4218.88,1.0,0,72.0,72.0,1n-1m-38th-Dc-bt-mz,sequana_cpu_dev,1,11431123.0,1,38,D,bt-mz,32,32,500,1632,1216,34,76115.0,67833.42,143948.42,148.08,131.97,280.06,280.06,514.0, sdumont6165,74277384.72000001
18149.0,19418,511,12728652.0,11524704.0,11524704.0,12728652.0,1064.96,4218.88,1064.96,4218.88,1.0,0,81.0,81.0,1n-1m-38th-Dc-bt-mz,sequana_cpu_dev,1,11431124.0,1,38,D,bt-mz,32,32,500,1632,1216,34,71738.82,63971.05,135709.87,140.94,125.68,266.62,266.62,509.0, sdumont6165,69347743.57
19286.0,19874,523,12728652.0,11524936.0,11524936.0,12728652.0,1085.44,4218.88,1085.44,4218.88,1.0,0,76.0,76.0,1n-1m-38th-Dc-bt-mz,sequana_cpu_dev,1,11431125.0,1,38,D,bt-mz,32,32,500,1632,1216,34,75997.8,67437.67,143435.47,145.87,129.44,275.31,275.31,521.0, sdumont6165,75016750.81
19285.0,19874,523,12728652.0,11524804.0,11524804.0,12728652.0,1085.44,4218.88,1085.44,4218.88,1.0,0,89.0,89.0,1n-1m-38th-Dc-bt-mz,sequana_cpu_dev,1,11431126.0,1,38,D,bt-mz,32,32,500,1632,1216,34,75997.22,67528.87,143526.09,145.87,129.61,275.48,275.48,521.0, sdumont6165,75064145.07
19285.0,20026,527,12728652.0,11524660.0,11524660.0,12728652.0,1085.44,4218.88,1085.44,4218.88,4.0,0,72.0,72.0,1n-1m-38th-Dc-bt-mz,sequana_cpu_dev,1,11431127.0,1,38,D,bt-mz,32,32,500,1632,1216,34,75909.82,67396.75,143306.56,144.59,128.37,272.96,272.96,525.0, sdumont6165,75522557.12
20299.0,20680,517,12732760.0,11525000.0,11525000.0,12732760.0,1085.44,4218.88,1085.44,4218.88,1.0,0,92.0,92.0,1n-1m-40th-Dc-bt-mz,sequana_cpu_dev,1,11431128.0,1,40,D,bt-mz,32,32,500,1632,1216,34,75486.74,70356.59,145843.33,146.58,136.61,283.19,283.19,515.0, sdumont6165,75401001.61
20296.0,20560,514,12732760.0,11525120.0,11525120.0,12732760.0,1116.16,4218.88,1116.16,4218.88,1.0,0,83.0,83.0,1n-1m-40th-Dc-bt-mz,sequana_cpu_dev,1,11431129.0,1,40,D,bt-mz,32,32,500,1632,1216,34,71134.42,66178.33,137312.75,138.66,129.0,267.67,267.67,513.0, sdumont6165,70578753.5
19099.0,19920,498,12732760.0,11525096.0,11525096.0,12732760.0,1064.96,4218.88,1064.96,4218.88,1.0,0,93.0,93.0,1n-1m-40th-Dc-bt-mz,sequana_cpu_dev,1,11431130.0,1,40,D,bt-mz,32,32,500,1632,1216,34,71482.34,66615.4,138097.73,144.12,134.31,278.42,278.42,496.0, sdumont6165,68772669.54
19100.0,20120,503,12732760.0,11525124.0,11525124.0,12732760.0,1075.2,4218.88,1075.2,4218.88,1.0,0,110.0,110.0,1n-1m-40th-Dc-bt-mz,sequana_cpu_dev,1,11431131.0,1,40,D,bt-mz,32,32,500,1632,1216,34,71318.4,66496.4,137814.8,142.35,132.73,275.08,275.08,501.0, sdumont6165,69320844.39999999
19099.0,20160,504,12732760.0,11526872.0,11526872.0,12732760.0,1095.68,4218.88,1095.68,4218.88,4.0,0,71.0,71.0,1n-1m-40th-Dc-bt-mz,sequana_cpu_dev,1,11431132.0,1,40,D,bt-mz,32,32,500,1632,1216,34,71291.99,66500.25,137792.25,142.02,132.47,274.49,274.49,502.0, sdumont6165,69447294.0
20052.0,20244,482,12736876.0,11525304.0,11525304.0,12736876.0,1075.2,4218.88,1075.2,4218.88,1.0,0,82.0,82.0,1n-1m-42th-Dc-bt-mz,sequana_cpu_dev,1,11431133.0,1,42,D,bt-mz,32,32,500,1632,1216,34,66972.69,64349.39,131322.08,139.53,134.06,273.59,273.59,480.0, sdumont6165,63297242.559999995
20053.0,21378,509,12736876.0,11525332.0,11525332.0,12736876.0,1064.96,4218.88,1064.96,4218.88,1.0,0,97.0,97.0,1n-1m-42th-Dc-bt-mz,sequana_cpu_dev,1,11431134.0,1,42,D,bt-mz,32,32,500,1632,1216,34,70623.56,67403.47,138027.02,139.3,132.95,272.24,272.24,507.0, sdumont6165,70255753.17999999
20051.0,20328,484,12736876.0,11525272.0,11525272.0,12736876.0,1064.96,4218.88,1064.96,4218.88,1.0,0,86.0,86.0,1n-1m-42th-Dc-bt-mz,sequana_cpu_dev,1,11431135.0,1,42,D,bt-mz,32,32,500,1632,1216,34,66915.02,64299.24,131214.26,138.83,133.4,272.23,272.23,482.0, sdumont6165,63507701.84
20052.0,20580,490,12736876.0,11525288.0,11525288.0,12736876.0,1075.2,4218.88,1075.2,4218.88,1.0,0,92.0,92.0,1n-1m-42th-Dc-bt-mz,sequana_cpu_dev,1,11431137.0,1,42,D,bt-mz,32,32,500,1632,1216,34,71300.7,68329.42,139630.12,146.11,140.02,286.13,286.13,488.0, sdumont6165,68418758.8
20054.0,20328,484,12736876.0,11525344.0,11525344.0,12736876.0,1064.96,4218.88,1064.96,4218.88,1.0,0,78.0,78.0,1n-1m-42th-Dc-bt-mz,sequana_cpu_dev,1,11431138.0,1,42,D,bt-mz,32,32,500,1632,1216,34,66949.13,64231.99,131181.12,138.9,133.26,272.16,272.16,482.0, sdumont6165,63491662.08
19689.0,20636,469,12741080.0,11527564.0,11527564.0,12741080.0,1054.72,4218.88,1054.72,4218.88,1.0,0,64.0,64.0,1n-1m-44th-Dc-bt-mz,sequana_cpu_dev,1,11431139.0,1,44,D,bt-mz,32,32,500,1632,1216,34,66795.38,66475.82,133271.19,143.34,142.65,285.99,285.99,466.0, sdumont6165,62504188.11
19688.0,20592,468,12741080.0,11525568.0,11525568.0,12741080.0,1054.72,4218.88,1054.72,4218.88,1.0,0,224.0,224.0,1n-1m-44th-Dc-bt-mz,sequana_cpu_dev,1,11431140.0,1,44,D,bt-mz,32,32,500,1632,1216,34,66749.51,66393.49,133142.99,143.24,142.48,285.71,285.71,466.0, sdumont6165,62310919.31999999
19684.0,20812,473,12741080.0,11525520.0,11525520.0,12741080.0,1054.72,4218.88,1054.72,4218.88,1.0,0,124.0,124.0,1n-1m-44th-Dc-bt-mz,sequana_cpu_dev,1,11431141.0,1,44,D,bt-mz,32,32,500,1632,1216,34,66612.31,66170.95,132783.26,141.43,140.49,281.92,281.92,471.0, sdumont6165,62806481.980000004
19689.0,20504,466,12741080.0,11525484.0,11525484.0,12741080.0,1054.72,4218.88,1054.72,4218.88,1.0,0,89.0,89.0,1n-1m-44th-Dc-bt-mz,sequana_cpu_dev,1,11431142.0,1,44,D,bt-mz,32,32,500,1632,1216,34,66864.09,66510.76,133374.85,144.1,143.34,287.45,287.45,464.0, sdumont6165,62152680.1
19691.0,20460,465,12741080.0,11525484.0,11525484.0,12741080.0,1054.72,4218.88,1054.72,4218.88,1.0,0,61.0,61.0,1n-1m-44th-Dc-bt-mz,sequana_cpu_dev,1,11431144.0,1,44,D,bt-mz,32,32,500,1632,1216,34,66822.83,66374.03,133196.87,144.33,143.36,287.68,287.68,463.0, sdumont6165,61936544.55
20585.0,21160,460,12745112.0,11525792.0,11525792.0,12745112.0,1054.72,4218.88,1054.72,4218.88,1.0,0,102.0,102.0,1n-1m-46th-Dc-bt-mz,sequana_cpu_dev,1,11431145.0,1,46,D,bt-mz,32,32,500,1632,1216,34,66575.36,66430.98,133006.34,145.36,145.05,290.41,290.41,458.0, sdumont6165,61182916.4
20584.0,22080,480,12745112.0,11525836.0,11525836.0,12745112.0,1054.72,4218.88,1054.72,4218.88,1.0,0,88.0,88.0,1n-1m-46th-Dc-bt-mz,sequana_cpu_dev,1,11431147.0,1,46,D,bt-mz,32,32,500,1632,1216,34,66112.74,65582.61,131695.34,138.6,137.49,276.09,276.09,477.0, sdumont6165,63213763.199999996
19207.0,20516,446,12745112.0,11525832.0,11525832.0,12745112.0,1034.24,4218.88,1034.24,4218.88,1.0,0,110.0,110.0,1n-1m-46th-Dc-bt-mz,sequana_cpu_dev,1,11431151.0,1,46,D,bt-mz,32,32,500,1632,1216,34,62377.37,62282.23,124659.6,140.49,140.28,280.76,280.76,444.0, sdumont6165,55598181.6
20476.0,21482,467,12745112.0,11525760.0,11525760.0,12745112.0,1054.72,4218.88,1054.72,4218.88,1.0,0,537.0,537.0,1n-1m-46th-Dc-bt-mz,sequana_cpu_dev,1,11431154.0,1,46,D,bt-mz,32,32,500,1632,1216,34,66786.09,62292.33,129078.42,143.63,133.96,277.59,277.59,465.0, sdumont6072,60279622.14
19206.0,20700,450,12745112.0,11525796.0,11525796.0,12745112.0,1064.96,4218.88,1064.96,4218.88,1.0,0,247.0,247.0,1n-1m-46th-Dc-bt-mz,sequana_cpu_dev,1,11431156.0,1,46,D,bt-mz,32,32,500,1632,1216,34,62682.7,59061.22,121743.92,139.92,131.83,271.75,271.75,448.0, sdumont6072,54784764.0
21472.0,21792,454,12749200.0,11526076.0,11526076.0,12749200.0,1054.72,4218.88,1054.72,4218.88,1.0,0,98.0,98.0,1n-1m-48th-Dc-bt-mz,sequana_cpu_dev,1,11431157.0,1,48,D,bt-mz,32,32,500,1632,1216,34,62472.63,61494.3,123966.92,138.21,136.05,274.26,274.26,452.0, sdumont6072,56280981.68
20035.0,21072,439,12749200.0,11525868.0,11525868.0,12749200.0,1034.24,4218.88,1034.24,4218.88,1.0,0,108.0,108.0,1n-1m-48th-Dc-bt-mz,sequana_cpu_dev,1,11431161.0,1,48,D,bt-mz,32,32,500,1632,1216,34,62597.02,61985.67,124582.69,143.24,141.84,285.09,285.09,437.0, sdumont6072,54691800.910000004
20038.0,21504,448,12749200.0,11525972.0,11525972.0,12749200.0,1034.24,4218.88,1034.24,4218.88,1.0,0,75.0,75.0,1n-1m-48th-Dc-bt-mz,sequana_cpu_dev,1,11431162.0,1,48,D,bt-mz,32,32,500,1632,1216,34,62518.0,61712.75,124230.75,140.17,138.37,278.54,278.54,446.0, sdumont6072,55655376.0
20022.0,21408,446,12749200.0,11525916.0,11525916.0,12749200.0,1034.24,4218.88,1034.24,4218.88,0.0,0,72.0,72.0,1n-1m-48th-Dc-bt-mz,sequana_cpu_dev,1,11431164.0,1,48,D,bt-mz,32,32,500,1632,1216,34,62525.64,61792.52,124318.16,140.82,139.17,280.0,280.0,444.0, sdumont6072,55445899.36
11790.0,11828,5914,12654660.0,11519856.0,11519856.0,12654660.0,4526.08,4229.12,4526.08,4229.12,10.0,0,490.0,490.0,1n-1m-2th-Dc-bt-mz,sequana_cpu,1,11431166.0,1,2,D,bt-mz,32,32,500,1632,1216,34,393516.03,237977.35,631493.38,66.55,40.25,106.8,106.8,5913.0, sdumont6137,3734651849.32
19922.0,21312,444,12749204.0,11525980.0,11525980.0,12749204.0,1034.24,4218.88,1034.24,4218.88,1.0,0,595.0,595.0,1n-1m-48th-Dc-bt-mz,sequana_cpu_dev,1,11431170.0,1,48,D,bt-mz,32,32,500,1632,1216,34,61855.82,62526.04,124381.86,140.26,141.78,282.05,282.05,441.0, sdumont6165,55225545.84
11792.0,11838,5919,12654660.0,11519700.0,11519700.0,12654660.0,4495.36,4229.12,4495.36,4229.12,10.0,0,174.0,174.0,1n-1m-2th-Dc-bt-mz,sequana_cpu,1,11431192.0,1,2,D,bt-mz,32,32,500,1632,1216,34,396606.08,240669.47,637275.55,67.02,40.67,107.68,107.68,5918.0, sdumont6137,3772033980.4500003
11430.0,11516,5758,12660632.0,11519956.0,11519956.0,12660632.0,3901.44,4229.12,3901.44,4229.12,25.0,0,477.0,477.0,1n-1m-2th-Dc-bt-mz,sequana_cpu,1,11431269.0,1,2,D,bt-mz,32,32,500,1632,1216,34,383712.95,218290.51,602003.46,66.65,37.92,104.57,104.57,5757.0, sdumont6131,3466335922.68
11490.0,11530,5765,12877472.0,11519732.0,11519732.0,12877472.0,3891.2,4229.12,3891.2,4229.12,27.0,0,411.0,411.0,1n-1m-2th-Dc-bt-mz,sequana_cpu,1,11431313.0,1,2,D,bt-mz,32,32,500,1632,1216,34,342417.42,220443.68,562861.1,59.41,38.24,97.65,97.65,5764.0, sdumont6126,3244894241.5
11435.0,11506,5753,12660224.0,11519736.0,11519736.0,12660224.0,3870.72,4229.12,3870.72,4229.12,4335.0,0,141.0,141.0,1n-1m-2th-Dc-bt-mz,sequana_cpu,1,11431346.0,1,2,D,bt-mz,32,32,500,1632,1216,34,392019.18,224782.08,616801.27,68.15,39.08,107.23,107.23,5752.0, sdumont6245,3548457706.31
11961.0,12060,3015,12675744.0,11520452.0,11520452.0,12675744.0,19036.16,4218.88,19036.16,4218.88,1843.0,0,456.0,456.0,1n-1m-4th-Dc-bt-mz,sequana_cpu,1,11431426.0,1,4,D,bt-mz,32,32,500,1632,1216,34,225397.37,116137.46,341534.83,74.78,38.53,113.32,113.32,3014.0, sdumont6062,1029727512.45
6090.0,12312,1026,6673520.0,5839764.0,5836858.0,7002948.0,1136.64,4218.88,1454.08,4218.88,1.0,0,181.0,362.0,1n-2m-6th-Dc-bt-mz,sequana_cpu_dev,1,11431450.0,2,6,D,bt-mz,32,32,500,1632,1216,34,89684.23,94171.06,183855.29,87.5,91.87,179.37,179.37,1025.0, sdumont6165,188635527.54000002
6094.0,12312,1026,6685208.0,5842392.0,5838216.0,7015724.0,4085.76,4218.88,7219.2,4218.88,1.0,0,4.0,8.0,1n-2m-6th-Dc-bt-mz,sequana_cpu_dev,1,11431455.0,2,6,D,bt-mz,32,32,500,1632,1216,34,89283.72,93027.91,182311.63,87.11,90.76,177.87,177.87,1025.0, sdumont6062,187051732.38
6098.0,12300,1025,6685210.0,5840324.0,5837280.0,7019928.0,4075.52,4218.88,7208.96,4218.88,1.0,0,2.0,5.0,1n-2m-6th-Dc-bt-mz,sequana_cpu_dev,1,11431458.0,2,6,D,bt-mz,32,32,500,1632,1216,34,89248.78,93110.56,182359.34,87.16,90.93,178.09,178.09,1024.0, sdumont6062,186918323.5
6109.0,12300,1025,6685196.0,5840096.0,5837194.0,7015700.0,4055.04,4218.88,7168.0,4218.88,1.0,0,17.0,24.0,1n-2m-6th-Dc-bt-mz,sequana_cpu_dev,1,11431460.0,2,6,D,bt-mz,32,32,500,1632,1216,34,89435.8,93180.31,182616.11,87.43,91.09,178.51,178.51,1023.0, sdumont6062,187181512.75
11966.0,12008,3002,12658764.0,11519980.0,11519980.0,12658764.0,2426.88,4218.88,2426.88,4218.88,20.0,0,371.0,371.0,1n-1m-4th-Dc-bt-mz,sequana_cpu,1,11431465.0,1,4,D,bt-mz,32,32,500,1632,1216,34,262580.91,116462.32,379043.23,87.5,38.81,126.31,126.31,3001.0, sdumont6124,1137887776.46
6082.0,12348,1029,6673524.0,5840016.0,5837096.0,6998724.0,1136.64,4218.88,1454.08,4218.88,1.0,0,183.0,399.0,1n-2m-6th-Dc-bt-mz,sequana_cpu_dev,1,11431481.0,2,6,D,bt-mz,32,32,500,1632,1216,34,94256.79,97631.44,191888.22,91.69,94.97,186.66,186.66,1028.0, sdumont6166,197452978.38
6080.0,12432,777,6677636.0,5840048.0,5837196.0,7002836.0,1064.96,4218.88,1310.72,4218.88,1.0,0,2.0,2.0,1n-2m-8th-Dc-bt-mz,sequana_cpu_dev,1,11431485.0,2,8,D,bt-mz,32,32,500,1632,1216,34,82320.09,84605.29,166925.39,106.08,109.03,215.11,215.11,776.0, sdumont6166,129701028.03000002
5960.0,12432,777,6677638.0,5840120.0,5837162.0,7002836.0,1075.2,4218.88,1320.96,4218.88,1.0,0,160.0,371.0,1n-2m-8th-Dc-bt-mz,sequana_cpu_dev,1,11431489.0,2,8,D,bt-mz,32,32,500,1632,1216,34,79851.57,83794.25,163645.82,103.03,108.12,211.16,211.16,775.0, sdumont6165,127152802.14
11976.0,12024,3006,12658764.0,11519888.0,11519888.0,12658764.0,2447.36,4218.88,2447.36,4218.88,25.0,0,33.0,33.0,1n-1m-4th-Dc-bt-mz,sequana_cpu,1,11431492.0,1,4,D,bt-mz,32,32,500,1632,1216,34,262117.43,116180.02,378297.46,87.23,38.66,125.89,125.89,3005.0, sdumont6124,1137162164.76
5978.0,12384,774,6677636.0,5840096.0,5837162.0,7002836.0,1075.2,4218.88,1320.96,4218.88,1.0,0,2.0,6.0,1n-2m-8th-Dc-bt-mz,sequana_cpu_dev,1,11431493.0,2,8,D,bt-mz,32,32,500,1632,1216,34,80234.15,83732.52,163966.67,103.8,108.32,212.12,212.12,773.0, sdumont6165,126910202.58000001
5979.0,12384,774,6677638.0,5839972.0,5837074.0,7007064.0,1075.2,4218.88,1320.96,4218.88,1.0,0,4.0,9.0,1n-2m-8th-Dc-bt-mz,sequana_cpu_dev,1,11431495.0,2,8,D,bt-mz,32,32,500,1632,1216,34,80209.41,83670.71,163880.12,103.9,108.38,212.28,212.28,772.0, sdumont6165,126843212.88
5952.0,12448,778,6677650.0,5840264.0,5837342.0,7002860.0,1064.96,4218.88,1310.72,4218.88,35.0,0,175.0,360.0,1n-2m-8th-Dc-bt-mz,sequana_cpu_dev,1,11431507.0,2,8,D,bt-mz,32,32,500,1632,1216,34,84424.09,82803.3,167227.4,108.65,106.57,215.22,215.22,777.0, sdumont6169,130102917.19999999
6095.0,12540,627,6681774.0,5840460.0,5837474.0,7006984.0,1034.24,4218.88,1239.04,4218.88,1.0,0,31.0,50.0,1n-2m-10th-Dc-bt-mz,sequana_cpu_dev,1,11431512.0,2,10,D,bt-mz,32,32,500,1632,1216,34,74046.2,76885.55,150931.75,118.47,123.02,241.49,241.49,625.0, sdumont6165,94634207.25
12035.0,12234,2039,12662876.0,11520664.0,11520664.0,12662876.0,1894.4,4218.88,1894.4,4218.88,20.0,0,39.0,39.0,1n-1m-6th-Dc-bt-mz,sequana_cpu,1,11431514.0,1,6,D,bt-mz,32,32,500,1632,1216,34,209978.79,78774.24,288753.03,103.03,38.65,141.68,141.68,2038.0, sdumont6124,588767428.1700001
6100.0,12580,629,6681760.0,5840312.0,5837414.0,7006960.0,1024.0,4218.88,1228.8,4218.88,1.0,0,9.0,11.0,1n-2m-10th-Dc-bt-mz,sequana_cpu_dev,1,11431516.0,2,10,D,bt-mz,32,32,500,1632,1216,34,73751.82,77310.5,151062.32,117.63,123.3,240.93,240.93,627.0, sdumont6165,95018199.28
5973.0,12580,629,6681748.0,5840488.0,5837548.0,7011156.0,1034.24,4218.88,1249.28,4218.88,1.0,0,8.0,17.0,1n-2m-10th-Dc-bt-mz,sequana_cpu_dev,1,11431521.0,2,10,D,bt-mz,32,32,500,1632,1216,34,73835.36,77198.11,151033.47,117.76,123.12,240.88,240.88,627.0, sdumont6165,95000052.63
12035.0,12234,2039,12662876.0,11520336.0,11520336.0,12662876.0,1894.4,4218.88,1894.4,4218.88,30.0,0,4.0,4.0,1n-1m-6th-Dc-bt-mz,sequana_cpu,1,11431523.0,1,6,D,bt-mz,32,32,500,1632,1216,34,210069.78,78505.42,288575.19,103.08,38.52,141.6,141.6,2038.0, sdumont6124,588404812.41
6098.0,12560,628,6681756.0,5840240.0,5837384.0,7006956.0,1024.0,4218.88,1228.8,4218.88,1.0,0,13.0,17.0,1n-2m-10th-Dc-bt-mz,sequana_cpu_dev,1,11431524.0,2,10,D,bt-mz,32,32,500,1632,1216,34,77315.0,76317.16,153632.16,123.31,121.72,245.03,245.03,627.0, sdumont6169,96480996.48
6104.0,12580,629,6681762.0,5840380.0,5837438.0,7006956.0,1024.0,4218.88,1228.8,4218.88,1.0,0,235.0,239.0,1n-2m-10th-Dc-bt-mz,sequana_cpu_dev,1,11431526.0,2,10,D,bt-mz,32,32,500,1632,1216,34,73813.94,76945.95,150759.88,117.54,122.53,240.06,240.06,628.0, sdumont6165,94827964.52
6344.0,13128,547,6685878.0,5840684.0,5837712.0,7015308.0,1024.0,4218.88,1218.56,4218.88,1.0,0,195.0,402.0,1n-2m-12th-Dc-bt-mz,sequana_cpu_dev,1,11431531.0,2,12,D,bt-mz,32,32,500,1632,1216,34,72176.83,77235.42,149412.25,132.43,141.72,274.15,274.15,545.0, sdumont6166,81728500.75
12199.0,12264,2044,12662876.0,11520376.0,11520376.0,12662876.0,1914.88,4218.88,1914.88,4218.88,7.0,0,375.0,375.0,1n-1m-6th-Dc-bt-mz,sequana_cpu,1,11431532.0,1,6,D,bt-mz,32,32,500,1632,1216,34,200314.68,77700.25,278014.93,98.05,38.03,136.08,136.08,2043.0, sdumont6116,568262516.92
6389.0,13032,543,6685880.0,5842584.0,5839568.0,7015308.0,1003.52,4218.88,1187.84,4218.88,1.0,0,15.0,18.0,1n-2m-12th-Dc-bt-mz,sequana_cpu_dev,1,11431535.0,2,12,D,bt-mz,32,32,500,1632,1216,34,67214.91,72426.45,139641.36,124.01,133.63,257.64,257.64,542.0, sdumont6165,75825258.47999999
6412.0,13080,545,6685876.0,5840872.0,5837720.0,7015304.0,1003.52,4218.88,1187.84,4218.88,1.0,0,15.0,16.0,1n-2m-12th-Dc-bt-mz,sequana_cpu_dev,1,11431541.0,2,12,D,bt-mz,32,32,500,1632,1216,34,69880.79,71673.7,141554.49,128.46,131.75,260.21,260.21,544.0, sdumont6169,77147197.05
6394.0,13056,544,6685876.0,5840700.0,5837660.0,7011076.0,1003.52,4218.88,1187.84,4218.88,1.0,0,16.0,19.0,1n-2m-12th-Dc-bt-mz,sequana_cpu_dev,1,11431549.0,2,12,D,bt-mz,32,32,500,1632,1216,34,70112.19,71651.71,141763.9,129.36,132.2,261.56,261.56,542.0, sdumont6169,77119561.6
12200.0,12258,2043,12662872.0,11520308.0,11520308.0,12662872.0,1894.4,4218.88,1894.4,4218.88,1.0,0,372.0,372.0,1n-1m-6th-Dc-bt-mz,sequana_cpu,1,11431553.0,1,6,D,bt-mz,32,32,500,1632,1216,34,172024.51,80712.34,252736.84,84.24,39.53,123.77,123.77,2042.0, sdumont6283,516341364.12
6384.0,13008,542,6685878.0,5840308.0,5837472.0,7011076.0,1003.52,4218.88,1187.84,4218.88,1.0,0,45.0,123.0,1n-2m-12th-Dc-bt-mz,sequana_cpu_dev,1,11431555.0,2,12,D,bt-mz,32,32,500,1632,1216,34,67616.11,72460.3,140076.41,124.98,133.94,258.92,258.92,541.0, sdumont6165,75921414.22
6686.0,13552,484,6689994.0,5840992.0,5837978.0,7015196.0,983.04,4218.88,1146.88,4218.88,3.0,0,13.0,27.0,1n-2m-14th-Dc-bt-mz,sequana_cpu_dev,1,11431558.0,2,14,D,bt-mz,32,32,500,1632,1216,34,62513.61,65539.37,128052.98,129.7,135.97,265.67,265.67,482.0, sdumont6165,61977642.32
6705.0,13580,485,6689992.0,5840828.0,5837966.0,7015192.0,993.28,4218.88,1177.6,4218.88,1.0,0,20.0,23.0,1n-2m-14th-Dc-bt-mz,sequana_cpu_dev,1,11431562.0,2,14,D,bt-mz,32,32,500,1632,1216,34,66592.26,70136.75,136729.01,137.59,144.91,282.5,282.5,484.0, sdumont6165,66313569.85
6681.0,13580,485,6689998.0,5840892.0,5837936.0,7019428.0,993.28,4218.88,1167.36,4218.88,1.0,0,14.0,28.0,1n-2m-14th-Dc-bt-mz,sequana_cpu_dev,1,11431564.0,2,14,D,bt-mz,32,32,500,1632,1216,34,62756.91,65451.99,128208.89,129.93,135.51,265.44,265.44,483.0, sdumont6165,62181311.65
12036.0,12240,2040,12662872.0,11520120.0,11520120.0,12662872.0,1884.16,4218.88,1884.16,4218.88,8.0,0,36.0,36.0,1n-1m-6th-Dc-bt-mz,sequana_cpu,1,11431566.0,1,6,D,bt-mz,32,32,500,1632,1216,34,172940.49,82198.58,255139.07,84.86,40.33,125.19,125.19,2038.0, sdumont6283,520483702.8
6706.0,13580,485,6689996.0,5840804.0,5837984.0,7019420.0,983.04,4218.88,1085.44,4218.88,1.0,0,22.0,24.0,1n-2m-14th-Dc-bt-mz,sequana_cpu_dev,1,11431568.0,2,14,D,bt-mz,32,32,500,1632,1216,34,66662.99,70106.87,136769.85,137.73,144.85,282.58,282.58,484.0, sdumont6165,66333377.25
6702.0,13720,490,6689996.0,5840936.0,5837936.0,7015192.0,1003.52,4218.88,1177.6,4218.88,1.0,0,393.0,406.0,1n-2m-14th-Dc-bt-mz,sequana_cpu_dev,1,11431573.0,2,14,D,bt-mz,32,32,500,1632,1216,34,65580.82,65059.93,130640.75,134.11,133.05,267.16,267.16,489.0, sdumont6248,64013967.5
6782.0,14144,442,6694110.0,5841036.0,5838188.0,7023536.0,983.04,4218.88,1146.88,4218.88,1.0,0,58.0,59.0,1n-2m-16th-Dc-bt-mz,sequana_cpu_dev,1,11431575.0,2,16,D,bt-mz,32,32,500,1632,1216,34,60244.17,61270.49,121514.66,136.92,139.25,276.17,276.17,440.0, sdumont6248,53709479.72
12214.0,12360,1545,12666980.0,11520644.0,11520644.0,12666980.0,1617.92,4218.88,1617.92,4218.88,15.0,0,8.0,8.0,1n-1m-8th-Dc-bt-mz,sequana_cpu,1,11431577.0,1,8,D,bt-mz,32,32,500,1632,1216,34,154383.35,61671.57,216054.92,100.05,39.97,140.02,140.02,1543.0, sdumont6283,333804851.40000004
6619.0,14048,439,6694110.0,5841244.0,5838210.0,7019308.0,983.04,4218.88,1146.88,4218.88,1.0,0,15.0,33.0,1n-2m-16th-Dc-bt-mz,sequana_cpu_dev,1,11431578.0,2,16,D,bt-mz,32,32,500,1632,1216,34,60420.49,61254.5,121675.0,138.26,140.17,278.43,278.43,437.0, sdumont6248,53415325.0
6763.0,14080,440,6694120.0,5841084.0,5838248.0,7023536.0,983.04,4218.88,1146.88,4218.88,1.0,0,24.0,30.0,1n-2m-16th-Dc-bt-mz,sequana_cpu_dev,1,11431579.0,2,16,D,bt-mz,32,32,500,1632,1216,34,60563.5,61215.27,121778.78,138.27,139.76,278.03,278.03,438.0, sdumont6248,53582663.2
6783.0,14208,444,6694110.0,5841184.0,5838282.0,7023536.0,983.04,4218.88,1146.88,4218.88,1.0,0,31.0,39.0,1n-2m-16th-Dc-bt-mz,sequana_cpu_dev,1,11431581.0,2,16,D,bt-mz,32,32,500,1632,1216,34,60060.79,60932.42,120993.21,135.88,137.86,273.74,273.74,442.0, sdumont6248,53720985.24
12214.0,12320,1540,12666980.0,11520480.0,11520480.0,12666980.0,1617.92,4218.88,1617.92,4218.88,9.0,0,4.0,4.0,1n-1m-8th-Dc-bt-mz,sequana_cpu,1,11431582.0,1,8,D,bt-mz,32,32,500,1632,1216,34,150548.29,58850.56,209398.86,97.89,38.26,136.15,136.15,1538.0, sdumont6283,322474244.4
6770.0,13984,437,6694108.0,5841368.0,5838264.0,7023536.0,983.04,4218.88,1136.64,4218.88,1.0,0,27.0,28.0,1n-2m-16th-Dc-bt-mz,sequana_cpu_dev,1,11431583.0,2,16,D,bt-mz,32,32,500,1632,1216,34,61001.71,61551.59,122553.3,140.23,141.5,281.73,281.73,435.0, sdumont6248,53555792.1
7163.0,14832,412,6698252.0,5841184.0,5838292.0,7027660.0,972.8,4218.88,1126.4,4218.88,1.0,0,32.0,36.0,1n-2m-18th-Dc-bt-mz,sequana_cpu_dev,1,11431584.0,2,18,D,bt-mz,32,32,500,1632,1216,34,56964.33,56708.72,113673.04,138.94,138.31,277.25,277.25,410.0, sdumont6248,46833292.48
6973.0,14868,413,6698234.0,5841436.0,5838448.0,7023436.0,972.8,4218.88,1136.64,4218.88,1.0,0,16.0,39.0,1n-2m-18th-Dc-bt-mz,sequana_cpu_dev,1,11431585.0,2,18,D,bt-mz,32,32,500,1632,1216,34,56853.16,56635.26,113488.42,138.33,137.8,276.13,276.13,411.0, sdumont6248,46870717.46
12214.0,12328,1541,12666980.0,11520528.0,11520528.0,12666980.0,1617.92,4218.88,1617.92,4218.88,16.0,0,57.0,57.0,1n-1m-8th-Dc-bt-mz,sequana_cpu,1,11431586.0,1,8,D,bt-mz,32,32,500,1632,1216,34,150548.81,58791.73,209340.54,97.76,38.18,135.94,135.94,1540.0, sdumont6283,322593772.14
7196.0,14976,416,6698234.0,5841316.0,5838462.0,7023432.0,972.8,4218.88,1116.16,4218.88,1.0,0,37.0,46.0,1n-2m-18th-Dc-bt-mz,sequana_cpu_dev,1,11431587.0,2,18,D,bt-mz,32,32,500,1632,1216,34,56958.56,56497.69,113456.25,137.58,136.47,274.05,274.05,414.0, sdumont6248,47197800.0
7182.0,14904,414,6698246.0,5841464.0,5838498.0,7027664.0,983.04,4218.88,1136.64,4218.88,1.0,0,31.0,39.0,1n-2m-18th-Dc-bt-mz,sequana_cpu_dev,1,11431588.0,2,18,D,bt-mz,32,32,500,1632,1216,34,56912.7,56640.99,113553.69,138.14,137.48,275.62,275.62,412.0, sdumont6248,47011227.660000004
6978.0,14868,413,6698232.0,5843352.0,5839378.0,7023432.0,972.8,4218.88,1116.16,4218.88,2.0,0,18.0,40.0,1n-2m-18th-Dc-bt-mz,sequana_cpu_dev,1,11431589.0,2,18,D,bt-mz,32,32,500,1632,1216,34,56962.83,56739.71,113702.54,138.6,138.05,276.65,276.65,411.0, sdumont6248,46959149.019999996
12214.0,12312,1539,12666984.0,11521076.0,11521076.0,12666984.0,1628.16,4218.88,1628.16,4218.88,24.0,0,9.0,9.0,1n-1m-8th-Dc-bt-mz,sequana_cpu,1,11431590.0,1,8,D,bt-mz,32,32,500,1632,1216,34,160014.88,55999.46,216014.34,104.04,36.41,140.45,140.45,1538.0, sdumont6248,332446069.26
7394.0,15520,388,6702352.0,5841876.0,5838876.0,7031768.0,931.84,4218.88,1003.52,4218.88,1.0,0,30.0,35.0,1n-2m-20th-Dc-bt-mz,sequana_cpu_dev,1,11431591.0,2,20,D,bt-mz,32,32,500,1632,1216,34,50638.47,54199.86,104838.34,131.19,140.41,271.6,271.6,386.0, sdumont6283,40677275.92
7393.0,15480,387,6702340.0,5841588.0,5838684.0,7027540.0,931.84,4218.88,1003.52,4218.88,1.0,0,46.0,47.0,1n-2m-20th-Dc-bt-mz,sequana_cpu_dev,1,11431592.0,2,20,D,bt-mz,32,32,500,1632,1216,34,50827.12,54204.63,105031.75,132.36,141.16,273.52,273.52,384.0, sdumont6283,40647287.25
7402.0,15560,389,6702342.0,5841664.0,5838744.0,7031768.0,952.32,4218.88,1085.44,4218.88,1.0,0,44.0,46.0,1n-2m-20th-Dc-bt-mz,sequana_cpu_dev,1,11431593.0,2,20,D,bt-mz,32,32,500,1632,1216,34,50578.17,54184.31,104762.48,130.69,140.01,270.7,270.7,387.0, sdumont6283,40752604.72
12193.0,12352,1544,12666984.0,11521056.0,11521056.0,12666984.0,1638.4,4218.88,1638.4,4218.88,20.0,0,385.0,385.0,1n-1m-8th-Dc-bt-mz,sequana_cpu,1,11431594.0,1,8,D,bt-mz,32,32,500,1632,1216,34,183225.1,59780.35,243005.45,118.75,38.74,157.49,157.49,1543.0, sdumont6136,375200414.8
7103.0,15440,386,6702344.0,5841588.0,5838764.0,7031772.0,604.16,2109.44,1013.76,4218.88,1.0,0,34.0,124.0,1n-2m-20th-Dc-bt-mz,sequana_cpu_dev,1,11431595.0,2,20,D,bt-mz,32,32,500,1632,1216,34,53683.71,53941.27,107624.98,139.44,140.11,279.55,279.55,385.0, sdumont6248,41543242.28
7382.0,15480,387,6702348.0,5841676.0,5838714.0,7031776.0,983.04,4218.88,1024.0,4218.88,1.0,0,50.0,77.0,1n-2m-20th-Dc-bt-mz,sequana_cpu_dev,1,11431596.0,2,20,D,bt-mz,32,32,500,1632,1216,34,53681.66,54060.35,107742.01,139.8,140.78,280.58,280.58,384.0, sdumont6248,41696157.87
7966.0,16676,379,6706476.0,5841936.0,5839010.0,7035892.0,962.56,4218.88,1116.16,4218.88,1.0,0,45.0,51.0,1n-2m-22th-Dc-bt-mz,sequana_cpu_dev,1,11431597.0,2,22,D,bt-mz,32,32,500,1632,1216,34,53353.49,52600.99,105954.48,141.52,139.53,281.05,281.05,377.0, sdumont6248,40156747.92
12272.0,12440,1244,12671112.0,11520940.0,11520940.0,12671112.0,1474.56,4208.64,1474.56,4208.64,26.0,0,13.0,13.0,1n-1m-10th-Dc-bt-mz,sequana_cpu,1,11431598.0,1,10,D,bt-mz,32,32,500,1632,1216,34,169370.61,48151.58,217522.19,136.37,38.77,175.14,175.14,1242.0, sdumont6136,270597604.36
7805.0,16588,377,6706476.0,5841976.0,5839048.0,7035892.0,972.8,4218.88,1126.4,4218.88,1.0,0,26.0,55.0,1n-2m-22th-Dc-bt-mz,sequana_cpu_dev,1,11431599.0,2,22,D,bt-mz,32,32,500,1632,1216,34,53435.37,52829.01,106264.38,142.49,140.88,283.37,283.37,375.0, sdumont6248,40061671.260000005
7793.0,16588,377,6706476.0,5841712.0,5838852.0,7035892.0,962.56,4218.88,1105.92,4218.88,1.0,0,30.0,61.0,1n-2m-22th-Dc-bt-mz,sequana_cpu_dev,1,11431600.0,2,22,D,bt-mz,32,32,500,1632,1216,34,53512.88,52812.45,106325.33,142.7,140.83,283.53,283.53,375.0, sdumont6248,40084649.410000004
7981.0,16632,378,6706458.0,5841928.0,5838988.0,7031660.0,942.08,4218.88,1075.2,4218.88,1.0,0,53.0,63.0,1n-2m-22th-Dc-bt-mz,sequana_cpu_dev,1,11431602.0,2,22,D,bt-mz,32,32,500,1632,1216,34,50337.87,53918.7,104256.57,133.88,143.4,277.28,277.28,376.0, sdumont6283,39408983.46
12271.0,12510,1251,12671112.0,11520628.0,11520628.0,12671112.0,1474.56,4208.64,1474.56,4208.64,4161.0,0,52.0,52.0,1n-1m-10th-Dc-bt-mz,sequana_cpu,1,11431603.0,1,10,D,bt-mz,32,32,500,1632,1216,34,163641.06,43145.12,206786.19,130.91,34.52,165.43,165.43,1250.0, sdumont6195,258689523.69
7827.0,16412,373,6706464.0,5842084.0,5839006.0,7031664.0,962.56,4218.88,1105.92,4218.88,1.0,0,54.0,118.0,1n-2m-22th-Dc-bt-mz,sequana_cpu_dev,1,11431605.0,2,22,D,bt-mz,32,32,500,1632,1216,34,54178.43,49521.62,103700.05,146.03,133.48,279.51,279.51,371.0, sdumont6195,38680118.65
8051.0,16752,349,6710586.0,5842204.0,5839238.0,7040012.0,962.56,4218.88,1095.68,4218.88,1.0,0,56.0,58.0,1n-2m-24th-Dc-bt-mz,sequana_cpu_dev,1,11431608.0,2,24,D,bt-mz,32,32,500,1632,1216,34,49663.79,49624.43,99288.22,143.12,143.01,286.13,286.13,347.0, sdumont6248,34651588.78
7821.0,16848,351,6710592.0,5842076.0,5841138.0,7035804.0,962.56,4218.88,1095.68,4218.88,1.0,0,21.0,48.0,1n-2m-24th-Dc-bt-mz,sequana_cpu_dev,1,11431609.0,2,24,D,bt-mz,32,32,500,1632,1216,34,49659.55,49567.11,99226.66,142.7,142.43,285.13,285.13,348.0, sdumont6248,34828557.660000004
8013.0,17184,358,6710580.0,5842288.0,5840330.0,7035780.0,952.32,4218.88,1085.44,4218.88,1.0,0,422.0,455.0,1n-2m-24th-Dc-bt-mz,sequana_cpu_dev,1,11431611.0,2,24,D,bt-mz,32,32,500,1632,1216,34,49021.34,49317.27,98338.61,137.7,138.53,276.23,276.23,356.0, sdumont6165,35205222.38
8052.0,17136,357,6710580.0,5841980.0,5839156.0,7035780.0,962.56,4218.88,1095.68,4218.88,1.0,0,65.0,70.0,1n-2m-24th-Dc-bt-mz,sequana_cpu_dev,1,11431612.0,2,24,D,bt-mz,32,32,500,1632,1216,34,49392.34,49670.91,99063.25,139.13,139.92,279.05,279.05,355.0, sdumont6165,35365580.25
8070.0,17088,356,6710580.0,5842300.0,5839284.0,7035780.0,962.56,4218.88,1095.68,4218.88,1.0,0,56.0,58.0,1n-2m-24th-Dc-bt-mz,sequana_cpu_dev,1,11431613.0,2,24,D,bt-mz,32,32,500,1632,1216,34,49427.04,49643.24,99070.28,140.02,140.63,280.65,280.65,353.0, sdumont6165,35269019.68
6086.0,12396,1033,6880906.0,5850056.0,5843562.0,6994472.0,1361.92,4208.64,1361.92,4208.64,1.0,0,193.0,381.0,2n-1m-6th-Dc-bt-mz,sequana_cpu_dev,2,11431614.0,1,6,D,bt-mz,32,32,500,1632,1216,34,186723.57,82375.17,269098.74,180.93,79.82,260.75,130.38,1032.0, sdumont6166,277978998.42
12261.0,12490,1249,12671112.0,11520648.0,11520648.0,12671112.0,1474.56,4208.64,1474.56,4208.64,6.0,0,9.0,9.0,1n-1m-10th-Dc-bt-mz,sequana_cpu,1,11431615.0,1,10,D,bt-mz,32,32,500,1632,1216,34,163749.86,43096.16,206846.02,131.42,34.59,166.01,166.01,1246.0, sdumont6195,258350678.98
6101.0,12300,1025,6880906.0,5849932.0,5843432.0,6994472.0,1361.92,4208.64,1361.92,4208.64,1.0,0,2.0,3.0,2n-1m-6th-Dc-bt-mz,sequana_cpu_dev,2,11431616.0,1,6,D,bt-mz,32,32,500,1632,1216,34,181107.15,79214.2,260321.35,176.86,77.36,254.22,127.11,1024.0, sdumont6166,266829383.75
6100.0,12312,1026,6880906.0,5849980.0,5843442.0,6994472.0,1361.92,4208.64,1361.92,4208.64,1.0,0,4.0,4.0,2n-1m-6th-Dc-bt-mz,sequana_cpu_dev,2,11431618.0,1,6,D,bt-mz,32,32,500,1632,1216,34,180908.92,79326.69,260235.61,176.58,77.43,254.01,127.01,1024.5, sdumont6165,267001735.85999998
12272.0,12460,1246,12671112.0,11521136.0,11521136.0,12671112.0,1474.56,4208.64,1474.56,4208.64,25.0,0,8.0,8.0,1n-1m-10th-Dc-bt-mz,sequana_cpu,1,11431619.0,1,10,D,bt-mz,32,32,500,1632,1216,34,164145.74,43056.65,207202.39,131.84,34.58,166.43,166.43,1245.0, sdumont6195,258174177.94000003
6106.0,12288,1024,6880906.0,5851936.0,5844428.0,6994472.0,1361.92,4208.64,1361.92,4208.64,1.0,0,6.0,9.0,2n-1m-6th-Dc-bt-mz,sequana_cpu_dev,2,11431620.0,1,6,D,bt-mz,32,32,500,1632,1216,34,181402.87,79395.86,260798.73,177.32,77.61,254.94,127.47,1023.0, sdumont6165,267057899.52
12272.0,12510,1251,12671112.0,11520680.0,11520680.0,12671112.0,1474.56,4208.64,1474.56,4208.64,12.0,0,14.0,14.0,1n-1m-10th-Dc-bt-mz,sequana_cpu,1,11431621.0,1,10,D,bt-mz,32,32,500,1632,1216,34,163937.41,43113.79,207051.19,131.15,34.49,165.64,165.64,1250.0, sdumont6195,259021038.69
6105.0,12276,1023,6880906.0,5847312.0,5843504.0,6982180.0,1361.92,4208.64,1361.92,4208.64,1.0,0,3.0,5.0,2n-1m-6th-Dc-bt-mz,sequana_cpu_dev,2,11431622.0,1,6,D,bt-mz,32,32,500,1632,1216,34,181438.22,79318.95,260757.17,177.53,77.61,255.14,127.57,1022.0, sdumont6166,266754584.91000003
12929.0,13008,1084,12675208.0,11523356.0,11523356.0,12675208.0,1392.64,4208.64,1392.64,4208.64,29.0,0,21.0,21.0,1n-1m-12th-Dc-bt-mz,sequana_cpu,1,11431623.0,1,12,D,bt-mz,32,32,500,1632,1216,34,147505.17,36799.98,184305.15,136.2,33.98,170.18,170.18,1083.0, sdumont6195,199786782.6
5984.0,12608,788,6884998.0,5849468.0,5844764.0,6986260.0,1218.56,4208.64,1218.56,4208.64,1.0,0,28.0,55.0,2n-1m-8th-Dc-bt-mz,sequana_cpu_dev,2,11431624.0,1,8,D,bt-mz,32,32,500,1632,1216,34,162480.07,60033.7,222513.77,210.19,77.66,287.86,143.93,773.0, sdumont6165,175340850.76
12928.0,13056,1088,12675208.0,11520812.0,11520812.0,12675208.0,1392.64,4208.64,1392.64,4208.64,8.0,0,23.0,23.0,1n-1m-12th-Dc-bt-mz,sequana_cpu,1,11431625.0,1,12,D,bt-mz,32,32,500,1632,1216,34,147099.82,36776.61,183876.44,135.33,33.83,169.16,169.16,1087.0, sdumont6195,200057566.72
5984.0,12416,776,6885010.0,5850124.0,5843734.0,6998576.0,1218.56,4208.64,1218.56,4208.64,1.0,0,6.0,7.0,2n-1m-8th-Dc-bt-mz,sequana_cpu_dev,2,11431626.0,1,8,D,bt-mz,32,32,500,1632,1216,34,162354.19,60079.92,222434.12,209.49,77.52,287.01,143.51,775.0, sdumont6165,172608877.12
5984.0,12656,791,6884998.0,5847288.0,5843560.0,6986284.0,1218.56,4208.64,1218.56,4208.64,1.0,0,5.0,8.0,2n-1m-8th-Dc-bt-mz,sequana_cpu_dev,2,11431627.0,1,8,D,bt-mz,32,32,500,1632,1216,34,162646.54,60034.46,222680.99,210.41,77.66,288.07,144.04,773.0, sdumont6165,176140663.09
12928.0,13020,1085,12675208.0,11520852.0,11520852.0,12675208.0,1392.64,4208.64,1392.64,4208.64,3.0,0,21.0,21.0,1n-1m-12th-Dc-bt-mz,sequana_cpu,1,11431628.0,1,12,D,bt-mz,32,32,500,1632,1216,34,147217.86,36794.15,184012.01,135.81,33.94,169.75,169.75,1084.0, sdumont6195,199653030.85000002
5982.0,12400,775,6884998.0,5850428.0,5843802.0,6998552.0,1218.56,4208.64,1218.56,4208.64,1.0,0,12.0,19.0,2n-1m-8th-Dc-bt-mz,sequana_cpu_dev,2,11431629.0,1,8,D,bt-mz,32,32,500,1632,1216,34,162555.16,60069.16,222624.32,210.29,77.71,288.0,144.0,773.0, sdumont6166,172533848.0
12928.0,13020,1085,12675208.0,11521476.0,11521476.0,12675208.0,1392.64,4208.64,1392.64,4208.64,12.0,0,10.0,10.0,1n-1m-12th-Dc-bt-mz,sequana_cpu,1,11431630.0,1,12,D,bt-mz,32,32,500,1632,1216,34,147513.04,36772.98,184286.02,136.08,33.92,170.01,170.01,1084.0, sdumont6195,199950331.7
5983.0,12544,784,6885010.0,5850228.0,5843686.0,6998576.0,1218.56,4208.64,1218.56,4208.64,1.0,0,26.0,49.0,2n-1m-8th-Dc-bt-mz,sequana_cpu_dev,2,11431631.0,1,8,D,bt-mz,32,32,500,1632,1216,34,162404.55,60048.46,222453.0,209.82,77.58,287.41,143.7,774.0, sdumont6165,174403152.0
12928.0,13044,1087,12675208.0,11521340.0,11521340.0,12675208.0,1392.64,4208.64,1392.64,4208.64,28.0,0,83.0,83.0,1n-1m-12th-Dc-bt-mz,sequana_cpu,1,11431632.0,1,12,D,bt-mz,32,32,500,1632,1216,34,147304.11,36829.96,184134.07,135.64,33.91,169.55,169.55,1086.0, sdumont6195,200153734.09
5976.0,12560,628,6889126.0,5847628.0,5843898.0,6990400.0,1136.64,4208.64,1136.64,4208.64,1.0,0,9.0,11.0,2n-1m-10th-Dc-bt-mz,sequana_cpu_dev,2,11431633.0,1,10,D,bt-mz,32,32,500,1632,1216,34,149423.87,48075.42,197499.29,238.32,76.68,314.99,157.5,627.0, sdumont6165,124029554.12
5982.0,12560,628,6889126.0,5850548.0,5844078.0,7002692.0,1136.64,4208.64,1136.64,4208.64,1.0,0,15.0,17.0,2n-1m-10th-Dc-bt-mz,sequana_cpu_dev,2,11431634.0,1,10,D,bt-mz,32,32,500,1632,1216,34,149497.3,48145.48,197642.78,238.43,76.79,315.22,157.61,627.0, sdumont6165,124119665.84
12987.0,13426,959,12679336.0,11521364.0,11521364.0,12679336.0,1310.72,4208.64,1310.72,4208.64,8.0,0,24.0,24.0,1n-1m-14th-Dc-bt-mz,sequana_cpu,1,11431635.0,1,14,D,bt-mz,32,32,500,1632,1216,34,138568.47,32723.44,171291.91,144.64,34.16,178.8,178.8,958.0, sdumont6195,164268941.69
5982.0,12540,627,6889126.0,5847724.0,5843844.0,6990400.0,1136.64,4208.64,1136.64,4208.64,1.0,0,10.0,11.0,2n-1m-10th-Dc-bt-mz,sequana_cpu_dev,2,11431636.0,1,10,D,bt-mz,32,32,500,1632,1216,34,149569.8,48094.65,197664.45,238.93,76.83,315.76,157.88,626.0, sdumont6165,123935610.15
12986.0,13454,961,12679336.0,11521264.0,11521264.0,12679336.0,1310.72,4208.64,1310.72,4208.64,2.0,0,28.0,28.0,1n-1m-14th-Dc-bt-mz,sequana_cpu,1,11431637.0,1,14,D,bt-mz,32,32,500,1632,1216,34,138459.1,32612.41,171071.51,144.38,34.01,178.39,178.39,959.0, sdumont6195,164399721.11
5971.0,12560,628,6889126.0,5847732.0,5843992.0,6990400.0,1136.64,4208.64,1136.64,4208.64,1.0,0,12.0,14.0,2n-1m-10th-Dc-bt-mz,sequana_cpu_dev,2,11431638.0,1,10,D,bt-mz,32,32,500,1632,1216,34,149302.72,48035.38,197338.1,238.12,76.61,314.73,157.37,627.0, sdumont6166,123928326.8
12986.0,13454,961,12679336.0,11523752.0,11523752.0,12679336.0,1310.72,4208.64,1310.72,4208.64,3.0,0,76.0,76.0,1n-1m-14th-Dc-bt-mz,sequana_cpu,1,11431639.0,1,14,D,bt-mz,32,32,500,1632,1216,34,138421.02,32606.16,171027.18,144.34,34.0,178.34,178.34,959.0, sdumont6195,164357119.98
5982.0,12540,627,6889126.0,5847788.0,5844032.0,6990400.0,1136.64,4208.64,1136.64,4208.64,3.0,0,39.0,68.0,2n-1m-10th-Dc-bt-mz,sequana_cpu_dev,2,11431640.0,1,10,D,bt-mz,32,32,500,1632,1216,34,149456.27,48050.59,197506.86,238.75,76.76,315.51,157.75,626.0, sdumont6165,123836801.21999998
6440.0,13080,545,6893220.0,5850784.0,5844256.0,7006776.0,1105.92,4208.64,1105.92,4208.64,3.0,0,20.0,21.0,2n-1m-12th-Dc-bt-mz,sequana_cpu_dev,2,11431641.0,1,12,D,bt-mz,32,32,500,1632,1216,34,135083.88,40835.82,175919.71,248.32,75.07,323.38,161.69,544.0, sdumont6166,95876241.95
12986.0,13454,961,12679336.0,11521228.0,11521228.0,12679336.0,1310.72,4208.64,1310.72,4208.64,17.0,0,28.0,28.0,1n-1m-14th-Dc-bt-mz,sequana_cpu,1,11431642.0,1,14,D,bt-mz,32,32,500,1632,1216,34,138440.23,32573.04,171013.27,144.21,33.93,178.14,178.14,960.0, sdumont6195,164343752.47
6446.0,13080,545,6893210.0,5852744.0,5845288.0,7006776.0,1105.92,4208.64,1105.92,4208.64,3.0,0,41.0,66.0,2n-1m-12th-Dc-bt-mz,sequana_cpu_dev,2,11431643.0,1,12,D,bt-mz,32,32,500,1632,1216,34,135609.76,40864.62,176474.38,249.74,75.26,325.0,162.5,543.0, sdumont6165,96178537.10000001
6447.0,13056,544,6893222.0,5847788.0,5844152.0,6994484.0,1105.92,4208.64,1105.92,4208.64,2.0,0,15.0,16.0,2n-1m-12th-Dc-bt-mz,sequana_cpu_dev,2,11431644.0,1,12,D,bt-mz,32,32,500,1632,1216,34,135766.74,40836.63,176603.37,250.26,75.27,325.54,162.77,542.5, sdumont6165,96072233.28
12987.0,13412,958,12679336.0,11521116.0,11521116.0,12679336.0,1310.72,4208.64,1310.72,4208.64,11.0,0,22.0,22.0,1n-1m-14th-Dc-bt-mz,sequana_cpu,1,11431645.0,1,14,D,bt-mz,32,32,500,1632,1216,34,138563.84,32593.89,171157.73,144.94,34.09,179.04,179.04,956.0, sdumont6195,163969105.34
6448.0,13032,543,6893220.0,5847824.0,5844116.0,6994484.0,1105.92,4208.64,1105.92,4208.64,3.0,0,15.0,18.0,2n-1m-12th-Dc-bt-mz,sequana_cpu_dev,2,11431646.0,1,12,D,bt-mz,32,32,500,1632,1216,34,135940.42,40930.53,176870.95,251.28,75.66,326.93,163.47,541.0, sdumont6165,96040925.85000001
6439.0,13080,545,6893222.0,5850692.0,5844252.0,7006776.0,1116.16,4208.64,1126.4,4208.64,1.0,0,16.0,18.0,2n-1m-12th-Dc-bt-mz,sequana_cpu_dev,2,11431647.0,1,12,D,bt-mz,32,32,500,1632,1216,34,135063.03,40863.65,175926.68,248.28,75.12,323.39,161.7,544.0, sdumont6166,95880040.6
13882.0,14144,884,12683428.0,11521360.0,11521360.0,12683428.0,1280.0,4208.64,1280.0,4208.64,20.0,0,101.0,101.0,1n-1m-16th-Dc-bt-mz,sequana_cpu,1,11431649.0,1,16,D,bt-mz,32,32,500,1632,1216,34,130753.34,29528.66,160282.0,148.08,33.44,181.52,181.52,883.0, sdumont6195,141689288.0
6699.0,13496,482,6897336.0,5850984.0,5844490.0,7010912.0,1064.96,4208.64,1075.2,4208.64,1.0,0,18.0,18.0,2n-1m-14th-Dc-bt-mz,sequana_cpu_dev,2,11431650.0,1,14,D,bt-mz,32,32,500,1632,1216,34,126154.62,36061.39,162216.01,262.55,75.05,337.6,168.8,480.5, sdumont6166,78188116.82000001
6692.0,13580,485,6897346.0,5851192.0,5844600.0,7010912.0,1075.2,4208.64,1075.2,4208.64,1.0,0,21.0,23.0,2n-1m-14th-Dc-bt-mz,sequana_cpu_dev,2,11431651.0,1,14,D,bt-mz,32,32,500,1632,1216,34,125658.46,36078.72,161737.18,260.43,74.77,335.21,167.6,482.5, sdumont6165,78442532.3
13882.0,14112,882,12683428.0,11522060.0,11522060.0,12683428.0,1280.0,4208.64,1280.0,4208.64,11.0,0,19.0,19.0,1n-1m-16th-Dc-bt-mz,sequana_cpu,1,11431664.0,1,16,D,bt-mz,32,32,500,1632,1216,34,130798.28,29276.13,160074.41,148.47,33.23,181.7,181.7,881.0, sdumont6195,141185629.62
6692.0,13496,482,6897336.0,5850964.0,5844460.0,7010892.0,1075.2,4208.64,1075.2,4208.64,1.0,0,27.0,29.0,2n-1m-14th-Dc-bt-mz,sequana_cpu_dev,2,11431686.0,1,14,D,bt-mz,32,32,500,1632,1216,34,125987.52,36045.11,162032.63,261.93,74.94,336.87,168.43,481.0, sdumont6165,78099727.66
13846.0,14288,893,12700408.0,11522344.0,11522344.0,12700408.0,6184.96,4208.64,6184.96,4208.64,3117.0,0,692.0,692.0,1n-1m-16th-Dc-bt-mz,sequana_cpu,1,11431697.0,1,16,D,bt-mz,32,32,500,1632,1216,34,130537.3,32851.95,163389.24,146.34,36.83,183.17,183.17,892.0, sdumont6066,145906591.32
6677.0,13552,484,6897346.0,5848100.0,5844370.0,6998620.0,1064.96,4208.64,1075.2,4208.64,1.0,0,52.0,85.0,2n-1m-14th-Dc-bt-mz,sequana_cpu_dev,2,11431699.0,1,14,D,bt-mz,32,32,500,1632,1216,34,125646.97,36064.97,161711.94,260.68,74.82,335.5,167.75,482.0, sdumont6166,78268578.96000001
6693.0,13524,483,6897336.0,5850364.0,5845502.0,6998600.0,1064.96,4208.64,1075.2,4208.64,1.0,0,26.0,29.0,2n-1m-14th-Dc-bt-mz,sequana_cpu_dev,2,11431702.0,1,14,D,bt-mz,32,32,500,1632,1216,34,125872.16,36007.09,161879.25,261.42,74.78,336.2,168.1,481.5, sdumont6166,78187677.75
6683.0,14176,443,6901454.0,5851092.0,5844642.0,7015020.0,1044.48,4208.64,1044.48,4208.64,1.0,0,63.0,100.0,2n-1m-16th-Dc-bt-mz,sequana_cpu_dev,2,11431704.0,1,16,D,bt-mz,32,32,500,1632,1216,34,121228.09,33611.99,154840.08,274.58,76.13,350.71,175.36,441.5, sdumont6165,68594155.44
6687.0,14112,441,6901444.0,5851128.0,5844570.0,7015000.0,1034.24,4208.64,1034.24,4208.64,1.0,0,27.0,29.0,2n-1m-16th-Dc-bt-mz,sequana_cpu_dev,2,11431708.0,1,16,D,bt-mz,32,32,500,1632,1216,34,121358.12,33653.51,155011.62,276.13,76.57,352.7,176.35,439.5, sdumont6165,68360124.42
6682.0,14144,442,6901444.0,5853100.0,5845578.0,7015000.0,1034.24,4208.64,1044.48,4208.64,1.0,0,31.0,34.0,2n-1m-16th-Dc-bt-mz,sequana_cpu_dev,2,11431710.0,1,16,D,bt-mz,32,32,500,1632,1216,34,121162.79,33745.65,154908.44,275.06,76.6,351.66,175.83,440.5, sdumont6166,68469530.48
6613.0,14336,448,6901446.0,5848504.0,5844756.0,7002728.0,1034.24,4208.64,1034.24,4208.64,1.0,0,230.0,426.0,2n-1m-16th-Dc-bt-mz,sequana_cpu_dev,2,11431716.0,1,16,D,bt-mz,32,32,500,1632,1216,34,123251.9,32609.46,155861.36,275.73,72.95,348.68,174.34,447.0, sdumont6167,69825889.28
6681.0,14144,442,6901444.0,5851304.0,5844728.0,7015000.0,1034.24,4208.64,1034.24,4208.64,1.0,0,60.0,93.0,2n-1m-16th-Dc-bt-mz,sequana_cpu_dev,2,11431720.0,1,16,D,bt-mz,32,32,500,1632,1216,34,121077.13,33599.9,154677.03,275.18,76.36,351.54,175.77,440.0, sdumont6165,68367247.26
13881.0,14096,881,12700408.0,11522464.0,11522464.0,12700408.0,6184.96,4208.64,6184.96,4208.64,13.0,0,47.0,47.0,1n-1m-16th-Dc-bt-mz,sequana_cpu,1,11431722.0,1,16,D,bt-mz,32,32,500,1632,1216,34,130799.96,32550.04,163350.0,148.64,36.99,185.63,185.63,880.0, sdumont6066,143911350.0
6989.0,14796,411,6905542.0,5850596.0,5845860.0,7006816.0,1024.0,4208.64,1024.0,4208.64,1.0,0,39.0,40.0,2n-1m-18th-Dc-bt-mz,sequana_cpu_dev,2,11431723.0,1,18,D,bt-mz,32,32,500,1632,1216,34,115648.05,31217.05,146865.1,282.76,76.33,359.08,179.54,409.0, sdumont6166,60361556.1
6986.0,14796,411,6905554.0,5848632.0,5844942.0,7006816.0,1024.0,4208.64,1024.0,4208.64,1.0,0,38.0,44.0,2n-1m-18th-Dc-bt-mz,sequana_cpu_dev,2,11431728.0,1,18,D,bt-mz,32,32,500,1632,1216,34,115578.83,31229.95,146808.78,282.59,76.36,358.95,179.47,409.0, sdumont6166,60338408.58
13882.0,14160,885,12700408.0,11522032.0,11522032.0,12700408.0,6184.96,4208.64,6184.96,4208.64,23.0,0,28.0,28.0,1n-1m-16th-Dc-bt-mz,sequana_cpu,1,11431729.0,1,16,D,bt-mz,32,32,500,1632,1216,34,130731.28,32855.4,163586.68,148.05,37.21,185.26,185.26,883.0, sdumont6066,144774211.79999998
6973.0,14868,413,6905542.0,5848548.0,5844892.0,7006816.0,1024.0,4208.64,1024.0,4208.64,1.0,0,39.0,45.0,2n-1m-18th-Dc-bt-mz,sequana_cpu_dev,2,11431730.0,1,18,D,bt-mz,32,32,500,1632,1216,34,115183.88,31231.68,146415.56,280.25,75.99,356.24,178.12,411.0, sdumont6166,60469626.28
6972.0,14868,413,6905554.0,5848592.0,5844890.0,7006816.0,1024.0,4208.64,1024.0,4208.64,1.0,0,38.0,41.0,2n-1m-18th-Dc-bt-mz,sequana_cpu_dev,2,11431731.0,1,18,D,bt-mz,32,32,500,1632,1216,34,115264.58,31231.89,146496.47,281.13,76.18,357.31,178.65,410.0, sdumont6166,60503042.11
6986.0,14868,413,6905554.0,5848768.0,5845002.0,7006816.0,1024.0,4208.64,1024.0,4208.64,1.0,0,36.0,42.0,2n-1m-18th-Dc-bt-mz,sequana_cpu_dev,2,11431736.0,1,18,D,bt-mz,32,32,500,1632,1216,34,115398.18,31234.78,146632.96,280.77,76.0,356.77,178.39,411.0, sdumont6166,60559412.48
7685.0,15760,394,6909664.0,5851628.0,5845196.0,7023220.0,1024.0,4208.64,1024.0,4208.64,4.0,0,441.0,442.0,2n-1m-20th-Dc-bt-mz,sequana_cpu_dev,2,11432195.0,1,20,D,bt-mz,32,32,500,1632,1216,34,107103.89,28323.99,135427.88,273.22,72.26,345.48,172.74,392.0, sdumont6165,53358584.72
7161.0,15480,387,6909664.0,5848888.0,5845186.0,7010928.0,1003.52,4208.64,1003.52,4208.64,1.0,0,40.0,43.0,2n-1m-20th-Dc-bt-mz,sequana_cpu_dev,2,11432196.0,1,20,D,bt-mz,32,32,500,1632,1216,34,108140.22,28148.48,136288.7,280.88,73.11,354.0,177.0,385.0, sdumont6166,52743726.900000006
7693.0,16080,402,6909654.0,5851700.0,5845216.0,7023220.0,1024.0,4208.64,1024.0,4208.64,0.0,0,444.0,458.0,2n-1m-20th-Dc-bt-mz,sequana_cpu_dev,2,11432199.0,1,20,D,bt-mz,32,32,500,1632,1216,34,116643.7,27584.29,144227.99,290.88,68.79,359.67,179.84,401.0, sdumont6250,57979651.98
7764.0,15880,397,6909664.0,5848800.0,5845108.0,7010928.0,1024.0,4208.64,1024.0,4208.64,1.0,0,42.0,44.0,2n-1m-20th-Dc-bt-mz,sequana_cpu_dev,2,11432200.0,1,20,D,bt-mz,32,32,500,1632,1216,34,117488.49,27490.19,144978.68,297.44,69.6,367.03,183.52,395.0, sdumont6251,57556535.96
7765.0,15800,395,6909664.0,5848768.0,5845030.0,7010928.0,1024.0,4208.64,1024.0,4208.64,0.0,0,49.0,52.0,2n-1m-20th-Dc-bt-mz,sequana_cpu_dev,2,11432201.0,1,20,D,bt-mz,32,32,500,1632,1216,34,117472.55,27448.06,144920.61,298.91,69.84,368.75,184.38,393.0, sdumont6250,57243640.949999996
7864.0,16632,378,6913794.0,5852012.0,5845496.0,7027360.0,1003.52,4208.64,1013.76,4208.64,1.0,0,53.0,59.0,2n-1m-22th-Dc-bt-mz,sequana_cpu_dev,2,11432202.0,1,22,D,bt-mz,32,32,500,1632,1216,34,108350.6,24660.7,133011.3,288.55,65.67,354.22,177.11,375.5, sdumont6250,50278271.4
7878.0,16192,368,6913794.0,5851252.0,5846396.0,7015068.0,1003.52,4208.64,1003.52,4208.64,1.0,0,64.0,72.0,2n-1m-22th-Dc-bt-mz,sequana_cpu_dev,2,11432204.0,1,22,D,bt-mz,32,32,500,1632,1216,34,108245.52,27948.71,136194.24,295.75,76.36,372.12,186.06,366.0, sdumont6165,50119480.31999999
7860.0,16280,370,6913794.0,5851000.0,5846470.0,7015068.0,1003.52,4208.64,1013.76,4208.64,1.0,0,53.0,54.0,2n-1m-22th-Dc-bt-mz,sequana_cpu_dev,2,11432205.0,1,22,D,bt-mz,32,32,500,1632,1216,34,108097.97,28084.41,136182.39,292.95,76.11,369.06,184.53,369.0, sdumont6165,50387484.300000004
7888.0,16148,367,6913794.0,5848956.0,5845256.0,7015068.0,1013.76,4208.64,1024.0,4208.64,1.0,0,110.0,174.0,2n-1m-22th-Dc-bt-mz,sequana_cpu_dev,2,11432206.0,1,22,D,bt-mz,32,32,500,1632,1216,34,108288.27,27744.88,136033.15,296.68,76.01,372.69,186.35,365.0, sdumont6166,49924166.05
7872.0,16280,370,6913794.0,5849052.0,5845282.0,7015068.0,1003.52,4208.64,1003.52,4208.64,1.0,0,50.0,53.0,2n-1m-22th-Dc-bt-mz,sequana_cpu_dev,2,11432207.0,1,22,D,bt-mz,32,32,500,1632,1216,34,108173.65,28104.65,136278.3,293.95,76.37,370.32,185.16,368.0, sdumont6165,50422970.99999999
7865.0,16800,350,6917888.0,5849560.0,5845722.0,7019152.0,1003.52,4208.64,1013.76,4208.64,1.0,0,49.0,51.0,2n-1m-24th-Dc-bt-mz,sequana_cpu_dev,2,11432208.0,1,24,D,bt-mz,32,32,500,1632,1216,34,99348.5,23728.71,123077.21,285.48,68.19,353.67,176.84,348.0, sdumont6165,43077023.5
8351.0,17376,362,6917878.0,5852316.0,5845732.0,7031444.0,1003.52,4208.64,1003.52,4208.64,1.0,0,332.0,336.0,2n-1m-24th-Dc-bt-mz,sequana_cpu_dev,2,11432209.0,1,24,D,bt-mz,32,32,500,1632,1216,34,97833.31,25497.07,123330.38,271.01,70.63,341.64,170.82,361.0, sdumont6199,44645597.56
7694.0,17280,360,6917888.0,5852124.0,5845728.0,7031444.0,993.28,4208.64,993.28,4208.64,1.0,0,48.0,63.0,2n-1m-24th-Dc-bt-mz,sequana_cpu_dev,2,11432211.0,1,24,D,bt-mz,32,32,500,1632,1216,34,98384.93,25323.5,123708.44,274.82,70.74,345.55,172.78,358.0, sdumont6200,44535038.4
7725.0,17280,360,6917888.0,5849196.0,5845578.0,7019152.0,993.28,4208.64,993.28,4208.64,1.0,0,55.0,62.0,2n-1m-24th-Dc-bt-mz,sequana_cpu_dev,2,11432212.0,1,24,D,bt-mz,32,32,500,1632,1216,34,98494.04,25505.77,123999.81,275.12,71.25,346.37,173.18,358.0, sdumont6199,44639931.6
7706.0,17232,359,6917878.0,5852072.0,5846612.0,7031444.0,993.28,4208.64,993.28,4208.64,1.0,0,51.0,52.0,2n-1m-24th-Dc-bt-mz,sequana_cpu_dev,2,11432213.0,1,24,D,bt-mz,32,32,500,1632,1216,34,98454.57,25851.6,124306.17,275.78,72.41,348.2,174.1,357.0, sdumont6200,44625915.03
8370.0,18408,354,6921990.0,5849604.0,5845910.0,7023264.0,993.28,4208.64,993.28,4208.64,1.0,0,68.0,72.0,2n-1m-26th-Dc-bt-mz,sequana_cpu_dev,2,11432214.0,1,26,D,bt-mz,32,32,500,1632,1216,34,97440.83,43178.33,140619.16,276.82,122.67,399.49,199.74,352.0, sdumont6199,49779182.64
8421.0,18564,357,6922002.0,5852320.0,5845882.0,7035556.0,993.28,4208.64,993.28,4208.64,1.0,0,49.0,53.0,2n-1m-26th-Dc-bt-mz,sequana_cpu_dev,2,11432215.0,1,26,D,bt-mz,32,32,500,1632,1216,34,97515.13,43232.91,140748.04,274.69,121.78,396.47,198.24,355.0, sdumont6199,50247050.28
8363.0,18564,357,6922002.0,5849728.0,5845922.0,7023264.0,993.28,4208.64,993.28,4208.64,3.0,0,80.0,93.0,2n-1m-26th-Dc-bt-mz,sequana_cpu_dev,2,11432216.0,1,26,D,bt-mz,32,32,500,1632,1216,34,97325.39,43127.05,140452.44,274.16,121.48,395.64,197.82,355.0, sdumont6200,50141521.08
8410.0,18512,356,6922000.0,5852312.0,5845812.0,7035576.0,993.28,4208.64,993.28,4208.64,1.0,0,87.0,102.0,2n-1m-26th-Dc-bt-mz,sequana_cpu_dev,2,11432217.0,1,26,D,bt-mz,32,32,500,1632,1216,34,97450.59,43148.95,140599.54,274.51,121.55,396.06,198.03,355.0, sdumont6200,50053436.24
8413.0,18564,357,6922002.0,5854336.0,5846832.0,7035556.0,993.28,4208.64,993.28,4208.64,1.0,0,61.0,67.0,2n-1m-26th-Dc-bt-mz,sequana_cpu_dev,2,11432218.0,1,26,D,bt-mz,32,32,500,1632,1216,34,97578.52,43174.56,140753.07,274.87,121.62,396.49,198.24,355.0, sdumont6199,50248845.99
9099.0,18760,335,6926110.0,5850044.0,5846180.0,7027372.0,993.28,4208.64,993.28,4208.64,1.0,0,66.0,81.0,2n-1m-28th-Dc-bt-mz,sequana_cpu_dev,2,11432219.0,1,28,D,bt-mz,32,32,500,1632,1216,34,97529.23,52242.18,149771.41,292.88,156.88,449.76,224.88,333.0, sdumont6200,50173422.35
9009.0,19152,342,6926110.0,5849940.0,5847046.0,7027396.0,993.28,4208.64,993.28,4208.64,1.0,0,494.0,513.0,2n-1m-28th-Dc-bt-mz,sequana_cpu_dev,2,11432221.0,1,28,D,bt-mz,32,32,500,1632,1216,34,98571.6,52000.56,150572.16,289.07,152.49,441.56,220.78,341.0, sdumont6271,51495678.72
9160.0,19096,341,6926110.0,5852712.0,5846224.0,7039688.0,993.28,4208.64,993.28,4208.64,1.0,0,62.0,65.0,2n-1m-28th-Dc-bt-mz,sequana_cpu_dev,2,11432222.0,1,28,D,bt-mz,32,32,500,1632,1216,34,99351.27,52576.63,151927.89,292.64,154.87,447.51,223.76,339.5, sdumont6270,51807410.49
9093.0,19376,346,6926110.0,5852676.0,5846254.0,7039688.0,993.28,4208.64,993.28,4208.64,0.0,0,69.0,75.0,2n-1m-28th-Dc-bt-mz,sequana_cpu_dev,2,11432223.0,1,28,D,bt-mz,32,32,500,1632,1216,34,99188.28,52220.93,151409.21,287.92,151.59,439.51,219.76,344.5, sdumont6270,52387586.66
9078.0,19152,342,6926110.0,5849876.0,5846142.0,7027396.0,993.28,4208.64,993.28,4208.64,1.0,0,56.0,59.0,2n-1m-28th-Dc-bt-mz,sequana_cpu_dev,2,11432224.0,1,28,D,bt-mz,32,32,500,1632,1216,34,99247.32,52359.86,151607.19,291.9,154.0,445.9,222.95,340.0, sdumont6271,51849658.980000004
8932.0,19440,324,6930232.0,5850160.0,5846470.0,7031504.0,972.8,4208.64,972.8,4208.64,1.0,0,70.0,79.0,2n-1m-30th-Dc-bt-mz,sequana_cpu_dev,2,11432225.0,1,30,D,bt-mz,32,32,500,1632,1216,34,90318.62,55825.85,146144.47,280.06,173.11,453.17,226.58,322.5, sdumont6271,47350808.28
8796.0,18780,313,6930210.0,5853128.0,5846632.0,7043776.0,972.8,4208.64,972.8,4208.64,1.0,0,496.0,503.0,2n-1m-30th-Dc-bt-mz,sequana_cpu_dev,2,11432226.0,1,30,D,bt-mz,32,32,500,1632,1216,34,89086.9,53795.14,142882.04,285.53,172.42,457.96,228.98,312.0, sdumont6166,44722078.52
8861.0,18840,314,6930220.0,5850016.0,5846386.0,7031484.0,983.04,4208.64,1003.52,4208.64,1.0,0,67.0,68.0,2n-1m-30th-Dc-bt-mz,sequana_cpu_dev,2,11432227.0,1,30,D,bt-mz,32,32,500,1632,1216,34,89856.29,54082.62,143938.91,288.0,173.34,461.34,230.67,312.0, sdumont6165,45196817.74
8837.0,18900,315,6930220.0,5850048.0,5846296.0,7031484.0,983.04,4208.64,993.28,4208.64,3.0,0,74.0,82.0,2n-1m-30th-Dc-bt-mz,sequana_cpu_dev,2,11432228.0,1,30,D,bt-mz,32,32,500,1632,1216,34,89756.45,53919.62,143676.07,286.76,172.27,459.03,229.51,313.0, sdumont6165,45257962.050000004
8792.0,19500,325,6930220.0,5850364.0,5846518.0,7031484.0,972.8,4208.64,972.8,4208.64,1.0,0,149.0,200.0,2n-1m-30th-Dc-bt-mz,sequana_cpu_dev,2,11432249.0,1,30,D,bt-mz,32,32,500,1632,1216,34,89901.5,52463.73,142365.23,277.9,162.16,440.07,220.03,323.5, sdumont6272,46268699.75
8394.0,19200,300,6934322.0,5853192.0,5846642.0,7047888.0,952.32,4208.64,962.56,4208.64,1.0,0,379.0,384.0,2n-1m-32th-Dc-bt-mz,sequana_cpu_dev,2,11432250.0,1,32,D,bt-mz,32,32,500,1632,1216,34,78863.82,57353.92,136217.74,263.76,191.82,455.58,227.79,299.0, sdumont6199,40865322.0
9445.0,19392,303,6934332.0,5853108.0,5846616.0,7047888.0,972.8,4208.64,972.8,4208.64,1.0,0,90.0,104.0,2n-1m-32th-Dc-bt-mz,sequana_cpu_dev,2,11432253.0,1,32,D,bt-mz,32,32,500,1632,1216,34,79552.52,57573.77,137126.28,264.29,191.27,455.57,227.78,301.0, sdumont6199,41549262.839999996
9374.0,19392,303,6934332.0,5850280.0,5846608.0,7035596.0,972.8,4208.64,972.8,4208.64,1.0,0,67.0,76.0,2n-1m-32th-Dc-bt-mz,sequana_cpu_dev,2,11432257.0,1,32,D,bt-mz,32,32,500,1632,1216,34,79164.02,57502.13,136666.16,263.0,191.04,454.04,227.02,301.0, sdumont6200,41409846.480000004
8552.0,19072,298,6934332.0,5850292.0,5847594.0,7035596.0,972.8,4208.64,983.04,4208.64,1.0,0,80.0,81.0,2n-1m-32th-Dc-bt-mz,sequana_cpu_dev,2,11432265.0,1,32,D,bt-mz,32,32,500,1632,1216,34,79740.14,58056.42,137796.56,269.39,196.14,465.53,232.76,296.0, sdumont6200,41063374.88
8493.0,19264,301,6934332.0,5850480.0,5846558.0,7035596.0,952.32,4208.64,962.56,4208.64,1.0,0,79.0,86.0,2n-1m-32th-Dc-bt-mz,sequana_cpu_dev,2,11432266.0,1,32,D,bt-mz,32,32,500,1632,1216,34,79569.66,57973.81,137543.47,266.12,193.89,460.01,230.01,299.0, sdumont6199,41400584.47
8964.0,20060,295,6938446.0,5850628.0,5846786.0,7039708.0,972.8,4208.64,983.04,4208.64,1.0,0,77.0,80.0,2n-1m-34th-Dc-bt-mz,sequana_cpu_dev,2,11432267.0,1,34,D,bt-mz,32,32,500,1632,1216,34,79176.87,64403.08,143579.95,270.23,219.81,490.03,245.02,293.0, sdumont6200,42356085.25
9018.0,19448,286,6938448.0,5852948.0,5848160.0,7039712.0,962.56,4208.64,962.56,4208.64,1.0,0,101.0,107.0,2n-1m-34th-Dc-bt-mz,sequana_cpu_dev,2,11432268.0,1,34,D,bt-mz,32,32,500,1632,1216,34,79582.53,65321.47,144903.99,280.22,230.01,510.23,255.11,284.0, sdumont6200,41442541.14
9018.0,19448,286,6938448.0,5850832.0,5846966.0,7039712.0,972.8,4208.64,983.04,4208.64,1.0,0,67.0,73.0,2n-1m-34th-Dc-bt-mz,sequana_cpu_dev,2,11432269.0,1,34,D,bt-mz,32,32,500,1632,1216,34,79592.01,65269.05,144861.06,280.25,229.82,510.07,255.04,284.0, sdumont6199,41430263.16
9044.0,19448,286,6938446.0,5852652.0,5847900.0,7039708.0,952.32,4208.64,962.56,4208.64,1.0,0,82.0,94.0,2n-1m-34th-Dc-bt-mz,sequana_cpu_dev,2,11432270.0,1,34,D,bt-mz,32,32,500,1632,1216,34,79895.29,65391.92,145287.21,281.32,230.25,511.57,255.79,284.0, sdumont6200,41552142.059999995
9050.0,19584,288,6938446.0,5850332.0,5846692.0,7039708.0,952.32,4208.64,962.56,4208.64,1.0,0,107.0,126.0,2n-1m-34th-Dc-bt-mz,sequana_cpu_dev,2,11432271.0,1,34,D,bt-mz,32,32,500,1632,1216,34,79803.6,65277.68,145081.29,279.03,228.24,507.28,253.64,286.0, sdumont6200,41783411.52
9550.0,20304,282,6942568.0,5851168.0,5847286.0,7043844.0,952.32,4208.64,962.56,4208.64,1.0,0,91.0,91.0,2n-1m-36th-Dc-bt-mz,sequana_cpu_dev,2,11432272.0,1,36,D,bt-mz,32,32,500,1632,1216,34,79152.88,68550.49,147703.36,281.68,243.95,525.63,262.82,281.0, sdumont6200,41652347.519999996
9582.0,20520,285,6942568.0,5850908.0,5847128.0,7043844.0,952.32,4208.64,962.56,4208.64,0.0,0,92.0,102.0,2n-1m-36th-Dc-bt-mz,sequana_cpu_dev,2,11432274.0,1,36,D,bt-mz,32,32,500,1632,1216,34,79155.48,68347.5,147502.98,279.7,241.51,521.21,260.61,283.0, sdumont6200,42038349.300000004
9550.0,20232,281,6942568.0,5855412.0,5848156.0,7056136.0,972.8,4208.64,983.04,4208.64,0.0,0,91.0,94.0,2n-1m-36th-Dc-bt-mz,sequana_cpu_dev,2,11432275.0,1,36,D,bt-mz,32,32,500,1632,1216,34,79125.11,68474.36,147599.47,283.6,245.43,529.03,264.52,279.0, sdumont6200,41475451.07
9445.0,20592,286,6942568.0,5851052.0,5847246.0,7043844.0,952.32,4208.64,962.56,4208.64,1.0,0,106.0,115.0,2n-1m-36th-Dc-bt-mz,sequana_cpu_dev,2,11432276.0,1,36,D,bt-mz,32,32,500,1632,1216,34,78904.79,67790.4,146695.19,277.83,238.7,516.53,258.27,284.0, sdumont6199,41954824.34
9565.0,20088,279,6942566.0,5851152.0,5847392.0,7043844.0,952.32,4208.64,962.56,4208.64,1.0,0,83.0,97.0,2n-1m-36th-Dc-bt-mz,sequana_cpu_dev,2,11432277.0,1,36,D,bt-mz,32,32,500,1632,1216,34,79167.2,68654.74,147821.94,285.8,247.85,533.65,266.83,277.0, sdumont6199,41242321.26
9028.0,20520,270,6946666.0,5853780.0,5847320.0,7060220.0,942.08,4208.64,942.08,4208.64,1.0,0,61.0,63.0,2n-1m-38th-Dc-bt-mz,sequana_cpu_dev,2,11432279.0,1,38,D,bt-mz,32,32,500,1632,1216,34,70391.48,64365.98,134757.46,262.65,240.17,502.83,251.41,268.0, sdumont6199,36384514.199999996
8887.0,20596,271,6946666.0,5850956.0,5847256.0,7047928.0,942.08,4208.64,942.08,4208.64,1.0,0,141.0,222.0,2n-1m-38th-Dc-bt-mz,sequana_cpu_dev,2,11432284.0,1,38,D,bt-mz,32,32,500,1632,1216,34,69918.73,63706.68,133625.41,259.92,236.83,496.75,248.37,269.0, sdumont6199,36212486.11
8982.0,20064,264,6946666.0,5851072.0,5847256.0,7047928.0,952.32,4208.64,962.56,4208.64,1.0,0,96.0,121.0,2n-1m-38th-Dc-bt-mz,sequana_cpu_dev,2,11432286.0,1,38,D,bt-mz,32,32,500,1632,1216,34,70367.37,64587.78,134955.15,268.58,246.52,515.1,257.55,262.0, sdumont6199,35628159.6
8868.0,20596,271,6946666.0,5854132.0,5847564.0,7060220.0,942.08,4208.64,942.08,4208.64,1.0,0,111.0,113.0,2n-1m-38th-Dc-bt-mz,sequana_cpu_dev,2,11432288.0,1,38,D,bt-mz,32,32,500,1632,1216,34,69895.64,63770.5,133666.14,259.84,237.07,496.9,248.45,269.0, sdumont6200,36223523.940000005
9942.0,20672,272,6946666.0,5855740.0,5848368.0,7060220.0,962.56,4208.64,962.56,4208.64,1.0,0,112.0,121.0,2n-1m-38th-Dc-bt-mz,sequana_cpu_dev,2,11432290.0,1,38,D,bt-mz,32,32,500,1632,1216,34,69784.18,63606.08,133390.27,258.46,235.58,494.04,247.02,270.0, sdumont6200,36282153.44
9459.0,20640,258,6950776.0,5854096.0,5847568.0,7064332.0,942.08,4208.64,942.08,4208.64,1.0,0,152.0,218.0,2n-1m-40th-Dc-bt-mz,sequana_cpu_dev,2,11432292.0,1,40,D,bt-mz,32,32,500,1632,1216,34,70328.7,67160.8,137489.5,275.27,262.87,538.14,269.07,255.5, sdumont6199,35472291.0
9439.0,20960,262,6950774.0,5854188.0,5847676.0,7064328.0,942.08,4208.64,942.08,4208.64,1.0,0,100.0,101.0,2n-1m-40th-Dc-bt-mz,sequana_cpu_dev,2,11432296.0,1,40,D,bt-mz,32,32,500,1632,1216,34,70252.22,66658.12,136910.34,270.2,256.38,526.58,263.29,260.0, sdumont6199,35870509.08
9344.0,20800,260,6950764.0,5854132.0,5847614.0,7064332.0,942.08,4208.64,942.08,4208.64,1.0,0,109.0,111.0,2n-1m-40th-Dc-bt-mz,sequana_cpu_dev,2,11432301.0,1,40,D,bt-mz,32,32,500,1632,1216,34,69900.25,66710.88,136611.13,270.93,258.57,529.5,264.75,258.0, sdumont6200,35518893.800000004
9438.0,21040,263,6950776.0,5853980.0,5847414.0,7064332.0,942.08,4208.64,942.08,4208.64,1.0,0,96.0,100.0,2n-1m-40th-Dc-bt-mz,sequana_cpu_dev,2,11432303.0,1,40,D,bt-mz,32,32,500,1632,1216,34,70068.02,66737.58,136805.61,269.49,256.68,526.18,263.09,260.0, sdumont6200,35979875.43
9443.0,20960,262,6950776.0,5851340.0,5847760.0,7052040.0,942.08,4208.64,942.08,4208.64,1.0,0,98.0,106.0,2n-1m-40th-Dc-bt-mz,sequana_cpu_dev,2,11432309.0,1,40,D,bt-mz,32,32,500,1632,1216,34,70260.07,66781.59,137041.67,271.27,257.84,529.12,264.56,259.0, sdumont6199,35904917.54000001
9849.0,21000,250,6954888.0,5856240.0,5849894.0,7068444.0,942.08,4208.64,942.08,4208.64,1.0,0,103.0,114.0,2n-1m-42th-Dc-bt-mz,sequana_cpu_dev,2,11432316.0,1,42,D,bt-mz,32,32,500,1632,1216,34,69941.56,68602.63,138544.18,282.02,276.62,558.65,279.32,248.0, sdumont6199,34636045.0
9884.0,21084,251,6954890.0,5851736.0,5847934.0,7056152.0,942.08,4208.64,942.08,4208.64,1.0,0,94.0,95.0,2n-1m-42th-Dc-bt-mz,sequana_cpu_dev,2,11432322.0,1,42,D,bt-mz,32,32,500,1632,1216,34,70027.77,68631.53,138659.3,281.24,275.63,556.86,278.43,249.0, sdumont6200,34803484.3
9938.0,20496,244,6954890.0,5856444.0,5848934.0,7068444.0,942.08,4208.64,942.08,4208.64,1.0,0,107.0,114.0,2n-1m-42th-Dc-bt-mz,sequana_cpu_dev,2,11432325.0,1,42,D,bt-mz,32,32,500,1632,1216,34,70377.0,69412.27,139789.26,290.81,286.83,577.64,288.82,242.0, sdumont6199,34108579.440000005
9925.0,20748,247,6954890.0,5851636.0,5847890.0,7056152.0,942.08,4208.64,942.08,4208.64,1.0,0,102.0,112.0,2n-1m-42th-Dc-bt-mz,sequana_cpu_dev,2,11432326.0,1,42,D,bt-mz,32,32,500,1632,1216,34,70249.65,69033.53,139283.18,286.73,281.77,568.5,284.25,245.0, sdumont6199,34402945.46
9894.0,21084,251,6954878.0,5854444.0,5847976.0,7068444.0,942.08,4208.64,942.08,4208.64,1.0,0,97.0,99.0,2n-1m-42th-Dc-bt-mz,sequana_cpu_dev,2,11432329.0,1,42,D,bt-mz,32,32,500,1632,1216,34,70002.6,68658.1,138660.7,282.27,276.85,559.12,279.56,248.0, sdumont6199,34803835.7
9085.0,21208,241,6958958.0,5856668.0,5850034.0,7072552.0,921.6,4208.64,921.6,4218.88,1.0,0,175.0,239.0,2n-1m-44th-Dc-bt-mz,sequana_cpu_dev,2,11432331.0,1,44,D,bt-mz,32,32,500,1632,1216,34,61498.23,62106.06,123604.3,257.87,260.4,518.27,259.14,238.5, sdumont6200,29788636.3
9156.0,21120,240,6958958.0,5852052.0,5849152.0,7060260.0,921.6,4208.64,921.6,4218.88,1.0,0,104.0,108.0,2n-1m-44th-Dc-bt-mz,sequana_cpu_dev,2,11432337.0,1,44,D,bt-mz,32,32,500,1632,1216,34,61596.64,62188.51,123785.15,258.81,261.3,520.11,260.05,238.0, sdumont6200,29708436.0
8910.0,21208,241,6958930.0,5854624.0,5848212.0,7072496.0,921.6,4208.64,921.6,4218.88,1.0,0,569.0,571.0,2n-1m-44th-Dc-bt-mz,sequana_cpu_dev,2,11432341.0,1,44,D,bt-mz,32,32,500,1632,1216,34,61796.67,60699.98,122496.65,258.56,253.97,512.54,256.27,239.0, sdumont6165,29521692.65
9102.0,21120,240,6958930.0,5854536.0,5847964.0,7072496.0,921.6,4208.64,921.6,4218.88,1.0,0,84.0,90.0,2n-1m-44th-Dc-bt-mz,sequana_cpu_dev,2,11432343.0,1,44,D,bt-mz,32,32,500,1632,1216,34,62455.09,61450.95,123906.04,262.42,258.2,520.61,260.31,238.0, sdumont6166,29737449.599999998
9039.0,21032,239,6958996.0,5854432.0,5848014.0,7072572.0,921.6,4208.64,921.6,4218.88,1.0,0,420.0,422.0,2n-1m-44th-Dc-bt-mz,sequana_cpu_dev,2,11432346.0,1,44,D,bt-mz,32,32,500,1632,1216,34,62449.21,62119.76,124568.97,263.5,262.11,525.61,262.8,237.0, sdumont6203,29771983.830000002
5742.0,11552,2888,6872666.0,5849436.0,5842986.0,6986220.0,2355.2,4218.88,2355.2,4218.88,192.0,0,0.0,0.0,2n-1m-2th-Dc-bt-mz,sequana_cpu,2,11432347.0,1,2,D,bt-mz,32,32,500,1632,1216,34,387021.61,243397.85,630419.46,134.06,84.31,218.36,109.18,2887.0, sdumont6202,1820651400.4799998
9550.0,21988,239,6963126.0,5854864.0,5848408.0,7076692.0,921.6,4218.88,921.6,4218.88,0.0,0,107.0,118.0,2n-1m-46th-Dc-bt-mz,sequana_cpu_dev,2,11432350.0,1,46,D,bt-mz,32,32,500,1632,1216,34,62350.69,61283.9,123634.58,261.98,257.5,519.47,259.74,238.0, sdumont6166,29548664.62
9450.0,21436,233,6963126.0,5854060.0,5849342.0,7064400.0,921.6,4218.88,931.84,4218.88,0.0,0,98.0,107.0,2n-1m-46th-Dc-bt-mz,sequana_cpu_dev,2,11432354.0,1,46,D,bt-mz,32,32,500,1632,1216,34,62410.51,61630.57,124041.08,270.18,266.8,536.97,268.49,231.0, sdumont6166,28901571.64
9347.0,21712,236,6963126.0,5852236.0,5848478.0,7064400.0,921.6,4218.88,921.6,4218.88,1.0,0,343.0,565.0,2n-1m-46th-Dc-bt-mz,sequana_cpu_dev,2,11432364.0,1,46,D,bt-mz,32,32,500,1632,1216,34,62207.48,61461.61,123669.09,264.71,261.54,526.25,263.13,235.0, sdumont6167,29185905.24
9324.0,22172,241,6963126.0,5854756.0,5850212.0,7076692.0,921.6,4218.88,921.6,4218.88,0.0,0,111.0,144.0,2n-1m-46th-Dc-bt-mz,sequana_cpu_dev,2,11432368.0,1,46,D,bt-mz,32,32,500,1632,1216,34,62284.49,61257.37,123541.86,260.6,256.31,516.91,258.46,239.0, sdumont6167,29773588.26
9403.0,21620,235,6963126.0,5852104.0,5848332.0,7064400.0,921.6,4218.88,921.6,4218.88,1.0,0,109.0,127.0,2n-1m-46th-Dc-bt-mz,sequana_cpu_dev,2,11432375.0,1,46,D,bt-mz,32,32,500,1632,1216,34,62581.55,61758.06,124339.61,268.59,265.06,533.65,266.82,233.0, sdumont6166,29219808.35
9614.0,22656,236,6967218.0,5855036.0,5848594.0,7080772.0,921.6,4218.88,921.6,4218.88,0.0,0,100.0,121.0,2n-1m-48th-Dc-bt-mz,sequana_cpu_dev,2,11432377.0,1,48,D,bt-mz,32,32,500,1632,1216,34,61932.92,62256.9,124189.82,264.67,266.06,530.73,265.36,234.0, sdumont6166,29308797.520000003
9956.0,22368,233,6967218.0,5855140.0,5848638.0,7080772.0,921.6,4218.88,921.6,4218.88,1.0,0,111.0,122.0,2n-1m-48th-Dc-bt-mz,sequana_cpu_dev,2,11432380.0,1,48,D,bt-mz,32,32,500,1632,1216,34,62660.19,62849.53,125509.72,271.26,272.08,543.33,271.67,231.0, sdumont6167,29243764.76
9701.0,22848,238,6967218.0,5854308.0,5849650.0,7068480.0,921.6,4218.88,921.6,4218.88,1.0,0,183.0,242.0,2n-1m-48th-Dc-bt-mz,sequana_cpu_dev,2,11432382.0,1,48,D,bt-mz,32,32,500,1632,1216,34,61542.67,62210.38,123753.05,260.77,263.6,524.38,262.19,236.0, sdumont6166,29453225.900000002
9599.0,22272,232,6967218.0,5854400.0,5849628.0,7068480.0,921.6,4218.88,921.6,4218.88,1.0,0,95.0,103.0,2n-1m-48th-Dc-bt-mz,sequana_cpu_dev,2,11432384.0,1,48,D,bt-mz,32,32,500,1632,1216,34,61331.76,61614.31,122946.07,266.66,267.89,534.55,267.27,230.0, sdumont6166,28523488.240000002
9642.0,22272,232,6967218.0,5852372.0,5848562.0,7068480.0,921.6,4218.88,921.6,4218.88,0.0,0,98.0,98.0,2n-1m-48th-Dc-bt-mz,sequana_cpu_dev,2,11432389.0,1,48,D,bt-mz,32,32,500,1632,1216,34,61713.71,62173.02,123886.74,268.32,270.32,538.64,269.32,230.0, sdumont6166,28741723.68
5729.0,11620,2905,6872666.0,5849372.0,5842988.0,6986244.0,2355.2,4218.88,2355.2,4218.88,9955.0,0,369.0,373.0,2n-1m-2th-Dc-bt-mz,sequana_cpu,2,11432390.0,1,2,D,bt-mz,32,32,500,1632,1216,34,408309.64,243725.95,652035.6,140.63,83.94,224.57,112.28,2903.5, sdumont6251,1894163418.0
5736.0,11560,2890,6872666.0,5849572.0,5843950.0,6986220.0,2355.2,4218.88,2365.44,4218.88,1.0,0,199.0,376.0,2n-1m-2th-Dc-bt-mz,sequana_cpu,2,11432677.0,1,2,D,bt-mz,32,32,500,1632,1216,34,371233.95,241378.49,612612.44,128.5,83.55,212.05,106.02,2889.0, sdumont6251,1770449951.6
5739.0,11560,2890,6872666.0,5846588.0,5842978.0,6973952.0,2355.2,4218.88,2355.2,4218.88,10330.0,0,416.0,419.0,2n-1m-2th-Dc-bt-mz,sequana_cpu,2,11432692.0,1,2,D,bt-mz,32,32,500,1632,1216,34,365576.13,223559.04,589135.16,126.54,77.38,203.92,101.96,2889.0, sdumont6121,1702600612.4
5738.0,11552,2888,6872654.0,5849444.0,5843026.0,6986220.0,2355.2,4218.88,2355.2,4218.88,13906.0,0,370.0,373.0,2n-1m-2th-Dc-bt-mz,sequana_cpu,2,11432804.0,1,2,D,bt-mz,32,32,500,1632,1216,34,380678.8,239097.06,619775.86,131.86,82.82,214.68,107.34,2887.0, sdumont6275,1789912683.68
6062.0,12288,1536,6885302.0,5850320.0,5843524.0,7007380.0,6154.24,4218.88,10680.32,4218.88,25.0,0,220.0,375.0,2n-1m-4th-Dc-bt-mz,sequana_cpu,2,11432859.0,1,4,D,bt-mz,32,32,500,1632,1216,34,276864.67,127511.01,404375.68,180.37,83.07,263.44,131.72,1535.0, sdumont6275,621121044.48
6062.0,12280,1535,6885232.0,5846796.0,5843236.0,6994972.0,6154.24,4218.88,10680.32,4218.88,14.0,0,23.0,45.0,2n-1m-4th-Dc-bt-mz,sequana_cpu,2,11432868.0,1,4,D,bt-mz,32,32,500,1632,1216,34,276802.08,127408.54,404210.62,180.44,83.06,263.5,131.75,1534.0, sdumont6052,620463301.7
5971.0,12096,1512,6876778.0,5849720.0,5843186.0,6990332.0,1617.92,4218.88,1617.92,4218.88,11647.0,0,374.0,380.0,2n-1m-4th-Dc-bt-mz,sequana_cpu,2,11432876.0,1,4,D,bt-mz,32,32,500,1632,1216,34,241231.22,124571.52,365802.73,159.65,82.44,242.09,121.05,1511.0, sdumont6107,553093727.76
2961.0,12192,762,3778974.0,3013728.0,2998279.0,4148752.0,1095.68,4218.88,1372.16,4229.12,1.0,0,278.0,394.0,2n-2m-4th-Dc-bt-mz,sequana_cpu_dev,2,11432890.0,2,4,D,bt-mz,32,32,500,1632,1216,34,116913.43,121862.69,238776.11,153.63,160.13,313.77,156.88,761.0, sdumont6166,181947395.82
2980.0,12128,758,3778938.0,3013500.0,2998226.0,4153008.0,1095.68,4218.88,1372.16,4218.88,1.0,0,2.0,5.0,2n-2m-4th-Dc-bt-mz,sequana_cpu_dev,2,11432891.0,2,4,D,bt-mz,32,32,500,1632,1216,34,117343.02,122257.87,239600.9,155.01,161.5,316.51,158.26,757.0, sdumont6165,181617482.2
2980.0,12144,759,3782029.0,3013400.0,3000835.0,4148876.0,1085.44,4218.88,1239.04,4218.88,1.0,0,1.0,2.0,2n-2m-4th-Dc-bt-mz,sequana_cpu_dev,2,11432892.0,2,4,D,bt-mz,32,32,500,1632,1216,34,117312.36,122302.56,239614.92,154.77,161.35,316.11,158.06,758.0, sdumont6165,181867724.28
2979.0,12128,758,3778957.0,3004000.0,2998257.0,4165268.0,1075.2,4218.88,1239.04,4218.88,1.0,0,1.0,2.0,2n-2m-4th-Dc-bt-mz,sequana_cpu_dev,2,11432893.0,2,4,D,bt-mz,32,32,500,1632,1216,34,117359.63,122366.75,239726.38,155.13,161.75,316.89,158.44,756.5, sdumont6165,181712596.04
5971.0,12088,1511,6876766.0,5849852.0,5843358.0,6990332.0,1617.92,4218.88,1617.92,4218.88,3473.0,0,381.0,382.0,2n-1m-4th-Dc-bt-mz,sequana_cpu,2,11432894.0,1,4,D,bt-mz,32,32,500,1632,1216,34,248800.16,116691.07,365491.24,164.77,77.28,242.05,121.02,1510.0, sdumont6234,552257263.64
2962.0,12176,761,3778955.0,3013812.0,2998289.0,4148872.0,1085.44,4218.88,1341.44,4218.88,1.0,0,14.0,55.0,2n-2m-4th-Dc-bt-mz,sequana_cpu_dev,2,11432895.0,2,4,D,bt-mz,32,32,500,1632,1216,34,117346.99,122309.14,239656.13,154.61,161.15,315.75,157.88,759.0, sdumont6166,182378314.93
3049.0,12408,517,3786173.0,3004488.0,3001646.0,4169480.0,1013.76,4218.88,1198.08,4218.88,1.0,0,64.0,126.0,2n-2m-6th-Dc-bt-mz,sequana_cpu_dev,2,11432896.0,2,6,D,bt-mz,32,32,500,1632,1216,34,95880.8,98507.53,194388.33,186.18,191.28,377.45,188.73,515.0, sdumont6165,100498766.61
3051.0,12408,517,3786205.0,3015728.0,3001614.0,4169480.0,1013.76,4218.88,1208.32,4218.88,2.0,0,4.0,6.0,2n-2m-6th-Dc-bt-mz,sequana_cpu_dev,2,11432897.0,2,6,D,bt-mz,32,32,500,1632,1216,34,95929.69,98677.6,194607.29,186.09,191.42,377.51,188.76,515.5, sdumont6165,100611968.93
3049.0,12432,518,3786150.0,3013992.0,3001031.0,4169492.0,1003.52,4218.88,1116.16,4218.88,0.0,0,2.0,5.0,2n-2m-6th-Dc-bt-mz,sequana_cpu_dev,2,11432898.0,2,6,D,bt-mz,32,32,500,1632,1216,34,95871.92,98488.11,194360.03,185.98,191.05,377.03,188.52,515.5, sdumont6166,100678495.54
3049.0,12408,517,3783138.0,3013836.0,2998526.0,4157196.0,1024.0,4218.88,1208.32,4218.88,1.0,0,2.0,5.0,2n-2m-6th-Dc-bt-mz,sequana_cpu_dev,2,11432900.0,2,6,D,bt-mz,32,32,500,1632,1216,34,96059.44,98601.28,194660.71,186.16,191.09,377.25,188.62,516.0, sdumont6166,100639587.07
3050.0,12432,518,3786158.0,3013908.0,3001090.0,4169420.0,1024.0,4218.88,1239.04,4218.88,1.0,0,2.0,4.0,2n-2m-6th-Dc-bt-mz,sequana_cpu_dev,2,11432903.0,2,6,D,bt-mz,32,32,500,1632,1216,34,96008.97,98505.91,194514.88,186.06,190.9,376.97,188.48,516.0, sdumont6166,100758707.84
3069.0,12608,394,3787213.0,3014216.0,2998792.0,4157100.0,983.04,4218.88,1136.64,4218.88,1.0,0,195.0,407.0,2n-2m-8th-Dc-bt-mz,sequana_cpu_dev,2,11432905.0,2,8,D,bt-mz,32,32,500,1632,1216,34,94200.45,88885.65,183086.1,239.7,226.17,465.87,232.93,393.0, sdumont6236,72135923.4
2972.0,12768,399,3787214.0,3004828.0,2999339.0,4173592.0,972.8,4218.88,1126.4,4218.88,1.0,0,5.0,7.0,2n-2m-8th-Dc-bt-mz,sequana_cpu_dev,2,11432906.0,2,8,D,bt-mz,32,32,500,1632,1216,34,90870.64,85889.02,176759.65,233.3,220.53,453.83,226.91,389.5, sdumont6235,70527100.35
5985.0,12064,1508,6876776.0,5849768.0,5843216.0,6990332.0,1617.92,4218.88,1617.92,4218.88,8.0,0,15.0,31.0,2n-1m-4th-Dc-bt-mz,sequana_cpu,2,11432907.0,1,4,D,bt-mz,32,32,500,1632,1216,34,250788.14,119828.71,370616.85,166.47,79.54,246.01,123.01,1506.5, sdumont6233,558890209.8
2971.0,13632,426,3790266.0,3004624.0,3001374.0,4169408.0,972.8,4218.88,1116.16,4218.88,1.0,0,9.0,11.0,2n-2m-8th-Dc-bt-mz,sequana_cpu_dev,2,11432908.0,2,8,D,bt-mz,32,32,500,1632,1216,34,90802.57,85798.13,176600.7,233.12,220.29,453.42,226.71,389.5, sdumont6235,75231898.2
2857.0,13664,427,3787217.0,3014076.0,2999216.0,4161312.0,983.04,4218.88,1126.4,4218.88,1.0,0,2.0,10.0,2n-2m-8th-Dc-bt-mz,sequana_cpu_dev,2,11432909.0,2,8,D,bt-mz,32,32,500,1632,1216,34,91044.46,85996.76,177041.21,234.35,221.37,455.72,227.86,388.5, sdumont6236,75596596.67
3076.0,12896,403,3790234.0,3004712.0,3001412.0,4169336.0,983.04,4218.88,1116.16,4218.88,1.0,0,115.0,389.0,2n-2m-8th-Dc-bt-mz,sequana_cpu_dev,2,11432910.0,2,8,D,bt-mz,32,32,500,1632,1216,34,79113.21,81041.56,160154.77,201.31,206.21,407.52,203.76,393.0, sdumont6165,64542372.309999995
3047.0,12600,315,3794389.0,3014168.0,3002035.0,4177724.0,952.32,4218.88,1085.44,4218.88,1.0,0,14.0,18.0,2n-2m-10th-Dc-bt-mz,sequana_cpu_dev,2,11432911.0,2,10,D,bt-mz,32,32,500,1632,1216,34,76042.25,78324.9,154367.15,242.17,249.44,491.62,245.81,314.0, sdumont6166,48625652.25
3050.0,12640,316,3794420.0,3004996.0,3002594.0,4177720.0,962.56,4218.88,1095.68,4218.88,1.0,0,11.0,17.0,2n-2m-10th-Dc-bt-mz,sequana_cpu_dev,2,11432913.0,2,10,D,bt-mz,32,32,500,1632,1216,34,75912.97,78375.56,154288.53,240.99,248.81,489.8,244.9,315.0, sdumont6165,48755175.48
3051.0,12640,316,3794388.0,3004920.0,3002134.0,4177720.0,962.56,4218.88,1095.68,4218.88,1.0,0,11.0,15.0,2n-2m-10th-Dc-bt-mz,sequana_cpu_dev,2,11432914.0,2,10,D,bt-mz,32,32,500,1632,1216,34,75947.75,78299.42,154247.17,241.1,248.57,489.67,244.84,315.0, sdumont6165,48742105.720000006
3044.0,12680,317,3794371.0,3014644.0,3002131.0,4161168.0,962.56,4218.88,1003.52,4218.88,1.0,0,12.0,16.0,2n-2m-10th-Dc-bt-mz,sequana_cpu_dev,2,11432915.0,2,10,D,bt-mz,32,32,500,1632,1216,34,75696.34,77977.17,153673.51,239.55,246.76,486.31,243.15,316.0, sdumont6166,48714502.67
3045.0,12640,316,3794389.0,3014424.0,3002021.0,4177720.0,962.56,4218.88,1085.44,4218.88,1.0,0,13.0,17.0,2n-2m-10th-Dc-bt-mz,sequana_cpu_dev,2,11432916.0,2,10,D,bt-mz,32,32,500,1632,1216,34,75904.56,78281.96,154186.52,240.97,248.51,489.48,244.74,315.0, sdumont6166,48722940.32
3188.0,13152,274,3798523.0,3005104.0,3002445.0,4177580.0,952.32,4218.88,1075.2,4218.88,1.0,0,10.0,27.0,2n-2m-12th-Dc-bt-mz,sequana_cpu_dev,2,11432919.0,2,12,D,bt-mz,32,32,500,1632,1216,34,72915.47,77650.04,150565.51,267.09,284.43,551.52,275.76,273.0, sdumont6166,41254949.74
3184.0,13296,277,3801548.0,3014560.0,3004809.0,4177584.0,952.32,4218.88,1064.96,4218.88,0.0,0,184.0,362.0,2n-2m-12th-Dc-bt-mz,sequana_cpu_dev,2,11432921.0,2,12,D,bt-mz,32,32,500,1632,1216,34,72604.24,77575.96,150180.19,263.06,281.07,544.13,272.07,276.0, sdumont6165,41599912.63
3173.0,13200,275,3798522.0,3014472.0,3002378.0,4165288.0,962.56,4218.88,1085.44,4218.88,1.0,0,21.0,69.0,2n-2m-12th-Dc-bt-mz,sequana_cpu_dev,2,11432922.0,2,12,D,bt-mz,32,32,500,1632,1216,34,72995.22,77936.23,150931.44,266.41,284.44,550.84,275.42,274.0, sdumont6165,41506146.0
3200.0,13248,276,3795499.0,3014892.0,2999834.0,4165360.0,942.08,4218.88,1064.96,4218.88,1.0,0,22.0,31.0,2n-2m-12th-Dc-bt-mz,sequana_cpu_dev,2,11432923.0,2,12,D,bt-mz,32,32,500,1632,1216,34,72886.98,77890.25,150777.23,265.04,283.24,548.28,274.14,275.0, sdumont6165,41614515.480000004
3194.0,13248,276,3798491.0,3014596.0,3001890.0,4165288.0,952.32,4218.88,993.28,4218.88,1.0,0,16.0,18.0,2n-2m-12th-Dc-bt-mz,sequana_cpu_dev,2,11432924.0,2,12,D,bt-mz,32,32,500,1632,1216,34,72713.42,77813.02,150526.44,264.41,282.96,547.37,273.68,275.0, sdumont6166,41545297.44
3353.0,13720,245,3802639.0,3005200.0,3001992.0,4181820.0,942.08,4218.88,1054.72,4218.88,1.0,0,22.0,25.0,2n-2m-14th-Dc-bt-mz,sequana_cpu_dev,2,11432925.0,2,14,D,bt-mz,32,32,500,1632,1216,34,68277.81,70552.77,138830.57,280.4,289.74,570.15,285.07,243.5, sdumont6165,34013489.65
3347.0,13664,244,3799537.0,3014872.0,2999560.0,4169404.0,942.08,4218.88,972.8,4218.88,1.0,0,21.0,31.0,2n-2m-14th-Dc-bt-mz,sequana_cpu_dev,2,11432926.0,2,14,D,bt-mz,32,32,500,1632,1216,34,68354.45,70523.91,138878.37,282.46,291.42,573.88,286.94,242.0, sdumont6165,33886322.28
3348.0,13720,245,3802610.0,3014700.0,3002568.0,4181696.0,962.56,4218.88,1105.92,4218.88,1.0,0,25.0,31.0,2n-2m-14th-Dc-bt-mz,sequana_cpu_dev,2,11432927.0,2,14,D,bt-mz,32,32,500,1632,1216,34,68169.45,70277.66,138447.12,279.38,288.02,567.41,283.7,244.0, sdumont6166,33919544.4
3354.0,13664,244,3802626.0,3015000.0,3002103.0,4185964.0,942.08,4218.88,1054.72,4218.88,1.0,0,25.0,33.0,2n-2m-14th-Dc-bt-mz,sequana_cpu_dev,2,11432928.0,2,14,D,bt-mz,32,32,500,1632,1216,34,68305.72,70544.49,138850.21,281.09,290.31,571.4,285.7,243.0, sdumont6166,33879451.239999995
3353.0,13664,244,3799568.0,3015020.0,3000081.0,4173728.0,962.56,4218.88,1105.92,4218.88,1.0,0,22.0,27.0,2n-2m-14th-Dc-bt-mz,sequana_cpu_dev,2,11432929.0,2,14,D,bt-mz,32,32,500,1632,1216,34,68140.94,70447.94,138588.88,280.42,289.91,570.32,285.16,243.0, sdumont6165,33815686.72
3307.0,15104,236,3806741.0,3015176.0,3002352.0,4190076.0,952.32,4218.88,1075.2,4218.88,1.0,0,306.0,421.0,2n-2m-16th-Dc-bt-mz,sequana_cpu_dev,2,11432930.0,2,16,D,bt-mz,32,32,500,1632,1216,34,62547.26,62160.99,124708.25,266.16,264.51,530.67,265.34,235.0, sdumont6236,29431147.0
3441.0,14912,233,3806734.0,3015228.0,3002816.0,4190076.0,931.84,4218.88,1044.48,4218.88,1.0,0,29.0,31.0,2n-2m-16th-Dc-bt-mz,sequana_cpu_dev,2,11432931.0,2,16,D,bt-mz,32,32,500,1632,1216,34,63154.2,62878.04,126032.24,273.39,272.2,545.59,272.8,231.0, sdumont6236,29365511.92
3432.0,14912,233,3806725.0,3015288.0,3002394.0,4185812.0,931.84,4218.88,1034.24,4218.88,1.0,0,23.0,28.0,2n-2m-16th-Dc-bt-mz,sequana_cpu_dev,2,11432933.0,2,16,D,bt-mz,32,32,500,1632,1216,34,63139.83,62776.07,125915.9,273.33,271.76,545.09,272.55,231.0, sdumont6235,29338404.7
3426.0,15040,235,3803664.0,3005692.0,2999833.0,4190076.0,942.08,4218.88,1044.48,4218.88,1.0,0,45.0,67.0,2n-2m-16th-Dc-bt-mz,sequana_cpu_dev,2,11432934.0,2,16,D,bt-mz,32,32,500,1632,1216,34,63153.62,62796.75,125950.37,271.05,269.51,540.56,270.28,233.0, sdumont6236,29598336.95
3345.0,14912,233,3806716.0,3015140.0,3002405.0,4173496.0,931.84,4218.88,1044.48,4218.88,1.0,0,23.0,33.0,2n-2m-16th-Dc-bt-mz,sequana_cpu_dev,2,11432935.0,2,16,D,bt-mz,32,32,500,1632,1216,34,63168.32,62801.27,125969.59,273.46,271.87,545.32,272.66,231.0, sdumont6236,29350914.47
3718.0,15696,218,3807816.0,3017212.0,3001022.0,4181908.0,931.84,4218.88,1044.48,4218.88,1.0,0,19.0,42.0,2n-2m-18th-Dc-bt-mz,sequana_cpu_dev,2,11432936.0,2,18,D,bt-mz,32,32,500,1632,1216,34,63183.33,62892.17,126075.5,292.52,291.17,583.68,291.84,216.0, sdumont6235,27484459.0
3710.0,15696,218,3807794.0,3015300.0,3000525.0,4177712.0,942.08,4218.88,1044.48,4218.88,1.0,0,23.0,40.0,2n-2m-18th-Dc-bt-mz,sequana_cpu_dev,2,11432937.0,2,18,D,bt-mz,32,32,500,1632,1216,34,63079.42,62741.78,125821.2,292.03,290.47,582.51,291.25,216.0, sdumont6235,27429021.599999998
3717.0,15768,219,3810851.0,3015548.0,3002696.0,4189936.0,942.08,4218.88,1044.48,4218.88,1.0,0,26.0,37.0,2n-2m-18th-Dc-bt-mz,sequana_cpu_dev,2,11432938.0,2,18,D,bt-mz,32,32,500,1632,1216,34,63082.7,62712.59,125795.29,290.7,289.0,579.7,289.85,217.0, sdumont6235,27549168.509999998
3705.0,15768,219,3810851.0,3015576.0,3002666.0,4189940.0,942.08,4218.88,1054.72,4218.88,1.0,0,29.0,53.0,2n-2m-18th-Dc-bt-mz,sequana_cpu_dev,2,11432939.0,2,18,D,bt-mz,32,32,500,1632,1216,34,63060.34,62685.24,125745.57,290.6,288.87,579.47,289.74,217.0, sdumont6235,27538279.830000002
3721.0,15696,218,3810889.0,3005900.0,3003147.0,4194200.0,931.84,4218.88,1034.24,4218.88,1.0,0,23.0,34.0,2n-2m-18th-Dc-bt-mz,sequana_cpu_dev,2,11432940.0,2,18,D,bt-mz,32,32,500,1632,1216,34,63138.43,62795.66,125934.09,292.31,290.72,583.03,291.51,216.0, sdumont6235,27453631.62
3742.0,16400,205,3814957.0,3006088.0,3003808.0,4194056.0,931.84,4218.88,1024.0,4218.88,1.0,0,38.0,43.0,2n-2m-20th-Dc-bt-mz,sequana_cpu_dev,2,11432941.0,2,20,D,bt-mz,32,32,500,1632,1216,34,54210.66,54029.99,108240.65,267.05,266.16,533.21,266.6,203.0, sdumont6235,22189333.25
3734.0,16320,204,3811931.0,3015908.0,3000803.0,4186024.0,921.6,4218.88,1024.0,4218.88,1.0,0,38.0,48.0,2n-2m-20th-Dc-bt-mz,sequana_cpu_dev,2,11432943.0,2,20,D,bt-mz,32,32,500,1632,1216,34,54178.02,54034.68,108212.71,268.21,267.5,535.71,267.85,202.0, sdumont6235,22075392.84
3632.0,16320,204,3814982.0,3006052.0,3003334.0,4194124.0,942.08,4218.88,1075.2,4218.88,1.0,0,28.0,45.0,2n-2m-20th-Dc-bt-mz,sequana_cpu_dev,2,11432944.0,2,20,D,bt-mz,32,32,500,1632,1216,34,54189.99,54063.75,108253.74,268.27,267.64,535.91,267.95,202.0, sdumont6235,22083762.96
3611.0,16480,206,3814977.0,3011376.0,3000666.0,4198224.0,931.84,4218.88,1034.24,4218.88,1.0,0,79.0,125.0,2n-2m-20th-Dc-bt-mz,sequana_cpu_dev,2,11432946.0,2,20,D,bt-mz,32,32,500,1632,1216,34,54120.14,53944.97,108065.12,265.95,265.09,531.03,265.52,203.5, sdumont6236,22261414.72
3493.0,16000,200,3815016.0,3015904.0,3003011.0,4198312.0,952.32,4218.88,1085.44,4218.88,1.0,0,203.0,431.0,2n-2m-20th-Dc-bt-mz,sequana_cpu_dev,2,11432947.0,2,20,D,bt-mz,32,32,500,1632,1216,34,53148.12,53368.88,106517.0,267.08,268.19,535.26,267.63,199.0, sdumont6165,21303400.0
3976.0,16632,189,3816028.0,3006464.0,3001148.0,4198240.0,921.6,4218.88,931.84,4218.88,1.0,0,53.0,59.0,2n-2m-22th-Dc-bt-mz,sequana_cpu_dev,2,11432948.0,2,22,D,bt-mz,32,32,500,1632,1216,34,53926.39,54108.93,108035.32,288.38,289.35,577.73,288.86,187.0, sdumont6165,20418675.48
3978.0,16368,186,3819084.0,3006636.0,3003184.0,4198172.0,931.84,4218.88,931.84,4218.88,1.0,0,46.0,52.0,2n-2m-22th-Dc-bt-mz,sequana_cpu_dev,2,11432950.0,2,22,D,bt-mz,32,32,500,1632,1216,34,54070.75,54179.76,108250.52,292.27,292.86,585.14,292.57,185.0, sdumont6166,20134596.720000003
3969.0,16544,188,3819102.0,3016000.0,3003634.0,4202436.0,931.84,4218.88,1034.24,4218.88,1.0,0,37.0,45.0,2n-2m-22th-Dc-bt-mz,sequana_cpu_dev,2,11432964.0,2,22,D,bt-mz,32,32,500,1632,1216,34,53996.74,54154.44,108151.18,290.31,291.15,581.46,290.73,186.0, sdumont6166,20332421.84
3981.0,16632,189,3819085.0,3006364.0,3003230.0,4198172.0,921.6,4218.88,1024.0,4218.88,1.0,0,47.0,60.0,2n-2m-22th-Dc-bt-mz,sequana_cpu_dev,2,11432965.0,2,22,D,bt-mz,32,32,500,1632,1216,34,53993.7,54181.36,108175.06,289.51,290.52,580.03,290.02,186.5, sdumont6165,20445086.34
3983.0,16544,188,3819101.0,3015928.0,3004050.0,4202436.0,921.6,4218.88,931.84,4218.88,1.0,0,47.0,54.0,2n-2m-22th-Dc-bt-mz,sequana_cpu_dev,2,11432966.0,2,22,D,bt-mz,32,32,500,1632,1216,34,54039.82,54161.99,108201.81,292.11,292.77,584.87,292.44,185.0, sdumont6166,20341940.28
3864.0,17280,180,3823219.0,3006636.0,3003870.0,4202356.0,921.6,4218.88,1003.52,4218.88,1.0,0,55.0,65.0,2n-2m-24th-Dc-bt-mz,sequana_cpu_dev,2,11432967.0,2,24,D,bt-mz,32,32,500,1632,1216,34,45006.4,45112.82,90119.21,252.84,253.44,506.29,253.14,178.0, sdumont6166,16221457.8
3867.0,17280,180,3820146.0,3016096.0,3001310.0,4194264.0,921.6,4218.88,1024.0,4218.88,1.0,0,47.0,62.0,2n-2m-24th-Dc-bt-mz,sequana_cpu_dev,2,11432968.0,2,24,D,bt-mz,32,32,500,1632,1216,34,45073.63,45144.07,90217.7,253.22,253.62,506.84,253.42,178.0, sdumont6165,16239186.0
3866.0,17280,180,3820146.0,3015948.0,3001246.0,4194264.0,931.84,4218.88,1013.76,4218.88,1.0,0,48.0,59.0,2n-2m-24th-Dc-bt-mz,sequana_cpu_dev,2,11432969.0,2,24,D,bt-mz,32,32,500,1632,1216,34,45062.51,45147.19,90209.71,253.16,253.64,506.8,253.4,178.0, sdumont6165,16237747.8
3865.0,17376,181,3820146.0,3016116.0,3001241.0,4194264.0,921.6,4218.88,1024.0,4218.88,1.0,0,40.0,52.0,2n-2m-24th-Dc-bt-mz,sequana_cpu_dev,2,11432970.0,2,24,D,bt-mz,32,32,500,1632,1216,34,44951.47,45043.45,89994.92,252.54,253.05,505.59,252.79,178.0, sdumont6165,16289080.52
3869.0,17376,181,3823220.0,3016028.0,3003816.0,4206556.0,911.36,4218.88,921.6,4218.88,1.0,0,57.0,65.0,2n-2m-24th-Dc-bt-mz,sequana_cpu_dev,2,11432972.0,2,24,D,bt-mz,32,32,500,1632,1216,34,44964.2,45100.07,90064.27,251.2,251.96,503.15,251.58,179.0, sdumont6166,16301632.870000001
3947.0,12072,1006,4951228.0,3959112.0,3952630.666015625,5084904.0,1341.44,4208.64,1341.44,4208.64,1.0,0,0.0,1.0,3n-1m-4th-Dc-bt-mz,sequana_cpu_dev,3,11433088.0,1,4,D,bt-mz,32,32,500,1632,1216,34,241455.07,127360.53,368815.61,240.25,126.73,366.98,122.33,1005.0, sdumont6166,371028503.65999997
3947.0,12072,1006,4951228.0,3959172.0,3952025.333007813,5084904.0,1341.44,4208.64,1341.44,4208.64,1.0,0,0.0,2.0,3n-1m-4th-Dc-bt-mz,sequana_cpu_dev,3,11433089.0,1,4,D,bt-mz,32,32,500,1632,1216,34,241472.33,127375.51,368847.84,240.27,126.74,367.01,122.34,1005.0, sdumont6167,371060927.04
3945.0,12084,1007,4951228.0,3959012.0,3951952.0,5084904.0,1341.44,4208.64,1341.44,4208.64,1.0,0,6.0,11.0,3n-1m-4th-Dc-bt-mz,sequana_cpu_dev,3,11433090.0,1,4,D,bt-mz,32,32,500,1632,1216,34,241539.59,127588.16,369127.75,240.1,126.83,366.93,122.31,1006.0, sdumont6167,371711644.25
3944.0,12084,1007,4951228.0,3959208.0,3951986.666015625,5084904.0,1341.44,4208.64,1351.68,4208.64,1.0,0,3.0,5.0,3n-1m-4th-Dc-bt-mz,sequana_cpu_dev,3,11433091.0,1,4,D,bt-mz,32,32,500,1632,1216,34,241358.94,127444.32,368803.25,239.92,126.68,366.6,122.2,1006.0, sdumont6167,371384872.75
3946.0,12072,1006,4951228.0,3959176.0,3952016.0,5084904.0,1341.44,4208.64,1341.44,4208.64,1.0,0,19.0,32.0,3n-1m-4th-Dc-bt-mz,sequana_cpu_dev,3,11433092.0,1,4,D,bt-mz,32,32,500,1632,1216,34,241602.42,127497.5,369099.92,240.4,126.86,367.26,122.42,1005.0, sdumont6165,371314519.52
3946.0,12312,684,4955340.0,3959356.0,3952292.0,5089016.0,1177.6,4208.64,1187.84,4208.64,1.0,0,14.0,37.0,3n-1m-6th-Dc-bt-mz,sequana_cpu_dev,3,11433094.0,1,6,D,bt-mz,32,32,500,1632,1216,34,193700.93,84921.33,278622.26,283.6,124.34,407.94,135.98,683.0, sdumont6165,190577625.84
3943.0,12330,685,4955296.0,3959240.0,3952080.0,5088884.0,1167.36,4208.64,1167.36,4208.64,1.0,0,7.0,11.0,3n-1m-6th-Dc-bt-mz,sequana_cpu_dev,3,11433095.0,1,6,D,bt-mz,32,32,500,1632,1216,34,193532.57,84844.11,278376.68,282.94,124.04,406.98,135.66,684.0, sdumont6165,190688025.79999998
3944.0,12312,684,4955296.0,3959332.0,3952201.333007813,5088884.0,1167.36,4208.64,1167.36,4208.64,1.0,0,2.0,4.0,3n-1m-6th-Dc-bt-mz,sequana_cpu_dev,3,11433096.0,1,6,D,bt-mz,32,32,500,1632,1216,34,193532.96,84832.9,278365.86,283.36,124.21,407.56,135.85,683.0, sdumont6165,190402248.23999998
3946.0,12312,684,4955296.0,3961224.0,3952748.0,5088884.0,1167.36,4208.64,1167.36,4208.64,1.0,0,33.0,49.0,3n-1m-6th-Dc-bt-mz,sequana_cpu_dev,3,11433097.0,1,6,D,bt-mz,32,32,500,1632,1216,34,193665.34,84884.35,278549.69,283.55,124.28,407.83,135.94,683.0, sdumont6167,190527987.96
3943.0,12330,685,4955296.0,3959344.0,3952188.0,5088884.0,1167.36,4208.64,1167.36,4208.64,1.0,0,14.0,35.0,3n-1m-6th-Dc-bt-mz,sequana_cpu_dev,3,11433098.0,1,6,D,bt-mz,32,32,500,1632,1216,34,193554.0,84891.47,278445.47,282.97,124.11,407.08,135.69,684.0, sdumont6166,190735146.95
4062.0,12432,518,4959437.3330078125,3959596.0,3952356.0,5093100.0,1085.44,4208.64,1085.44,4208.64,1.0,0,6.0,9.0,3n-1m-8th-Dc-bt-mz,sequana_cpu_dev,3,11433099.0,1,8,D,bt-mz,32,32,500,1632,1216,34,175392.69,65610.31,241003.0,339.7,127.07,466.77,155.59,516.33, sdumont6165,124839554.0
4067.0,12384,516,4959392.0,3959492.0,3952768.0,5092964.0,1085.44,4208.64,1085.44,4208.64,1.0,0,6.0,10.0,3n-1m-8th-Dc-bt-mz,sequana_cpu_dev,3,11433100.0,1,8,D,bt-mz,32,32,500,1632,1216,34,175970.91,65750.78,241721.69,342.36,127.92,470.28,156.76,514.0, sdumont6167,124728392.04
4061.0,12456,519,4959437.3330078125,3959476.0,3952424.0,5093100.0,1085.44,4208.64,1085.44,4208.64,1.0,0,17.0,20.0,3n-1m-8th-Dc-bt-mz,sequana_cpu_dev,3,11433102.0,1,8,D,bt-mz,32,32,500,1632,1216,34,175506.42,65766.99,241273.41,338.82,126.96,465.78,155.26,518.0, sdumont6167,125220899.79
4068.0,12384,516,4959437.3330078125,3959600.0,3952496.0,5093120.0,1085.44,4208.64,1085.44,4208.64,1.0,0,38.0,60.0,3n-1m-8th-Dc-bt-mz,sequana_cpu_dev,3,11433103.0,1,8,D,bt-mz,32,32,500,1632,1216,34,175984.93,65715.5,241700.43,341.72,127.6,469.32,156.44,515.0, sdumont6167,124717421.88
4067.0,12408,517,4959437.3330078125,3959636.0,3952442.666015625,5093120.0,1085.44,4208.64,1085.44,4208.64,1.0,0,5.0,7.0,3n-1m-8th-Dc-bt-mz,sequana_cpu_dev,3,11433106.0,1,8,D,bt-mz,32,32,500,1632,1216,34,175927.43,65611.34,241538.77,340.94,127.15,468.1,156.03,516.0, sdumont6167,124875544.08999999
3885.0,12540,418,4963516.0,3959772.0,3952628.0,5097104.0,1024.0,4208.64,1024.0,4208.64,1.0,0,6.0,7.0,3n-1m-10th-Dc-bt-mz,sequana_cpu_dev,3,11433108.0,1,10,D,bt-mz,32,32,500,1632,1216,34,153934.06,50296.33,204230.4,369.15,120.61,489.76,163.25,417.0, sdumont6167,85368307.2
3886.0,12570,419,4963516.0,3959812.0,3953317.333007813,5097104.0,1024.0,4208.64,1024.0,4208.64,1.0,0,12.0,14.0,3n-1m-10th-Dc-bt-mz,sequana_cpu_dev,3,11433109.0,1,10,D,bt-mz,32,32,500,1632,1216,34,153679.89,50325.21,204005.1,368.25,120.6,488.85,162.95,417.33, sdumont6166,85478136.9
3887.0,12570,419,4963516.0,3959588.0,3952592.0,5097104.0,1024.0,4208.64,1024.0,4208.64,1.0,0,12.0,17.0,3n-1m-10th-Dc-bt-mz,sequana_cpu_dev,3,11433120.0,1,10,D,bt-mz,32,32,500,1632,1216,34,153636.05,50213.54,203849.59,367.86,120.23,488.1,162.7,417.67, sdumont6167,85412978.21
3882.0,12570,419,4963516.0,3959836.0,3952782.666015625,5097104.0,1034.24,4208.64,1044.48,4208.64,1.0,0,15.0,20.0,3n-1m-10th-Dc-bt-mz,sequana_cpu_dev,3,11433121.0,1,10,D,bt-mz,32,32,500,1632,1216,34,153501.59,50227.68,203729.26,367.23,120.16,487.39,162.46,418.0, sdumont6167,85362559.94
3885.0,12540,418,4963516.0,3961704.0,3953282.666015625,5097104.0,1024.0,4208.64,1024.0,4208.64,1.0,0,14.0,18.0,3n-1m-10th-Dc-bt-mz,sequana_cpu_dev,3,11433122.0,1,10,D,bt-mz,32,32,500,1632,1216,34,153591.35,50246.7,203838.05,368.92,120.7,489.62,163.21,416.33, sdumont6165,85204304.89999999
4289.0,13140,365,4967665.3330078125,3960044.0,3953650.666015625,5101340.0,1003.52,4208.64,1013.76,4208.64,1.0,0,57.0,91.0,3n-1m-12th-Dc-bt-mz,sequana_cpu_dev,3,11433123.0,1,12,D,bt-mz,32,32,500,1632,1216,34,150320.64,46370.13,196690.77,414.11,127.74,541.85,180.62,363.0, sdumont6166,71792131.05
4291.0,13176,366,4967658.666015625,3959988.0,3952864.0,5101324.0,1013.76,4208.64,1034.24,4208.64,1.0,0,18.0,21.0,3n-1m-12th-Dc-bt-mz,sequana_cpu_dev,3,11433125.0,1,12,D,bt-mz,32,32,500,1632,1216,34,149819.51,46361.59,196181.1,411.59,127.37,538.96,179.65,364.0, sdumont6165,71802282.60000001
4297.0,13104,364,4967658.666015625,3960080.0,3952929.333007813,5101340.0,1003.52,4208.64,1003.52,4208.64,1.0,0,34.0,73.0,3n-1m-12th-Dc-bt-mz,sequana_cpu_dev,3,11433127.0,1,12,D,bt-mz,32,32,500,1632,1216,34,137789.71,42534.98,180324.69,380.63,117.5,498.13,166.04,362.0, sdumont6165,65638187.160000004
4293.0,13140,365,4967665.3330078125,3960252.0,3952950.666015625,5101340.0,1003.52,4208.64,1003.52,4208.64,1.0,0,16.0,21.0,3n-1m-12th-Dc-bt-mz,sequana_cpu_dev,3,11433130.0,1,12,D,bt-mz,32,32,500,1632,1216,34,150003.69,46391.48,196395.17,412.5,127.58,540.08,180.03,363.67, sdumont6166,71684237.05000001
4296.0,13104,364,4967653.3330078125,3959948.0,3952805.333007813,5101324.0,1003.52,4208.64,1003.52,4208.64,1.0,0,16.0,20.0,3n-1m-12th-Dc-bt-mz,sequana_cpu_dev,3,11433131.0,1,12,D,bt-mz,32,32,500,1632,1216,34,146184.01,45037.0,191221.01,403.82,124.41,528.23,176.08,362.0, sdumont6167,69604447.64
4160.0,13692,326,4971774.666015625,3960528.0,3953229.333007813,5105440.0,983.04,4208.64,993.28,4208.64,1.0,0,27.0,29.0,3n-1m-14th-Dc-bt-mz,sequana_cpu_dev,3,11433132.0,1,14,D,bt-mz,32,32,500,1632,1216,34,129762.1,37646.88,167408.98,400.5,116.19,516.69,172.23,324.0, sdumont6166,54575327.480000004
4171.0,13650,325,4971774.666015625,3960476.0,3953150.666015625,5105440.0,972.8,4208.64,972.8,4208.64,1.0,0,25.0,30.0,3n-1m-14th-Dc-bt-mz,sequana_cpu_dev,3,11433133.0,1,14,D,bt-mz,32,32,500,1632,1216,34,130131.41,37638.45,167769.85,402.88,116.53,519.41,173.14,323.0, sdumont6167,54525201.25
4174.0,13608,324,4971774.666015625,3960240.0,3953861.333007813,5105456.0,972.8,4208.64,972.8,4208.64,1.0,0,69.0,92.0,3n-1m-14th-Dc-bt-mz,sequana_cpu_dev,3,11433135.0,1,14,D,bt-mz,32,32,500,1632,1216,34,130221.26,37637.76,167859.02,404.41,116.89,521.3,173.77,322.0, sdumont6166,54386322.48
4156.0,13734,327,4971780.0,3960312.0,3953830.666015625,5105456.0,972.8,4208.64,972.8,4208.64,1.0,0,19.0,24.0,3n-1m-14th-Dc-bt-mz,sequana_cpu_dev,3,11433137.0,1,14,D,bt-mz,32,32,500,1632,1216,34,129685.1,37717.59,167402.69,400.26,116.41,516.67,172.22,324.0, sdumont6166,54740679.63
4170.0,13608,324,4971774.666015625,3960232.0,3953144.0,5105440.0,972.8,4208.64,972.8,4208.64,1.0,0,44.0,93.0,3n-1m-14th-Dc-bt-mz,sequana_cpu_dev,3,11433138.0,1,14,D,bt-mz,32,32,500,1632,1216,34,129977.85,37598.64,167576.49,403.66,116.77,520.42,173.47,322.0, sdumont6166,54294782.76
4241.0,14448,301,4975878.666015625,3960428.0,3953392.0,5109548.0,962.56,4208.64,983.04,4208.64,1.0,0,33.0,44.0,3n-1m-16th-Dc-bt-mz,sequana_cpu_dev,3,11433139.0,1,16,D,bt-mz,32,32,500,1632,1216,34,118745.57,33150.9,151896.48,397.14,110.87,508.01,169.34,299.0, sdumont6165,45720840.480000004
4258.0,14400,300,4975884.0,3960828.0,3953568.0,5109564.0,962.56,4208.64,962.56,4208.64,1.0,0,27.0,35.0,3n-1m-16th-Dc-bt-mz,sequana_cpu_dev,3,11433141.0,1,16,D,bt-mz,32,32,500,1632,1216,34,118892.72,33222.25,152114.97,398.97,111.48,510.45,170.15,298.0, sdumont6166,45634491.0
4257.0,14400,300,4975882.666015625,3960616.0,3953538.666015625,5109548.0,952.32,4208.64,962.56,4208.64,1.0,0,28.0,35.0,3n-1m-16th-Dc-bt-mz,sequana_cpu_dev,3,11433143.0,1,16,D,bt-mz,32,32,500,1632,1216,34,118936.63,33165.67,152102.3,399.12,111.29,510.41,170.14,298.0, sdumont6166,45630690.0
4282.0,14352,299,4975882.666015625,3960700.0,3953489.333007813,5109548.0,962.56,4208.64,962.56,4208.64,1.0,0,40.0,46.0,3n-1m-16th-Dc-bt-mz,sequana_cpu_dev,3,11433148.0,1,16,D,bt-mz,32,32,500,1632,1216,34,118924.85,33199.85,152124.7,400.42,111.78,512.2,170.73,297.0, sdumont6166,45485285.300000004
4724.0,14496,302,4975878.666015625,3960824.0,3953478.666015625,5109548.0,972.8,4208.64,972.8,4208.64,2.0,0,59.0,96.0,3n-1m-16th-Dc-bt-mz,sequana_cpu_dev,3,11433149.0,1,16,D,bt-mz,32,32,500,1632,1216,34,118291.26,33428.35,151719.62,394.3,111.43,505.73,168.58,300.0, sdumont6165,45819325.24
4773.0,15876,294,4979993.3330078125,3960820.0,3953702.666015625,5113676.0,962.56,4208.64,962.56,4208.64,2.0,0,38.0,40.0,3n-1m-18th-Dc-bt-mz,sequana_cpu_dev,3,11433150.0,1,18,D,bt-mz,32,32,500,1632,1216,34,120251.49,32373.18,152624.67,429.47,115.62,545.09,181.7,280.0, sdumont6166,44871652.980000004
4769.0,15228,282,4979993.3330078125,3960616.0,3953622.666015625,5113676.0,952.32,4208.64,962.56,4208.64,1.0,0,36.0,43.0,3n-1m-18th-Dc-bt-mz,sequana_cpu_dev,3,11433152.0,1,18,D,bt-mz,32,32,500,1632,1216,34,120716.55,32239.31,152955.85,432.68,115.55,548.23,182.74,279.0, sdumont6165,43133549.7
4777.0,15174,281,4980000.0,3962816.0,3954265.333007813,5113676.0,952.32,4208.64,962.56,4208.64,1.0,0,53.0,96.0,3n-1m-18th-Dc-bt-mz,sequana_cpu_dev,3,11433153.0,1,18,D,bt-mz,32,32,500,1632,1216,34,120913.19,32244.63,153157.82,433.38,115.57,548.95,182.98,279.0, sdumont6166,43037347.42
4748.0,15282,283,4979993.3330078125,3960824.0,3953633.333007813,5113676.0,962.56,4208.64,962.56,4208.64,1.0,0,37.0,43.0,3n-1m-18th-Dc-bt-mz,sequana_cpu_dev,3,11433154.0,1,18,D,bt-mz,32,32,500,1632,1216,34,120152.81,32231.73,152384.54,427.59,114.7,542.29,180.76,281.0, sdumont6167,43124824.82
4765.0,15228,282,4979993.3330078125,3960800.0,3953517.333007813,5113656.0,952.32,4208.64,962.56,4208.64,1.0,0,44.0,47.0,3n-1m-18th-Dc-bt-mz,sequana_cpu_dev,3,11433155.0,1,18,D,bt-mz,32,32,500,1632,1216,34,120223.12,32144.69,152367.81,429.37,114.8,544.17,181.39,280.0, sdumont6165,42967722.42
4671.0,16080,268,4984097.3330078125,3961008.0,3953801.333007813,5117768.0,952.32,4208.64,972.8,4208.64,1.0,0,36.0,38.0,3n-1m-20th-Dc-bt-mz,sequana_cpu_dev,3,11433156.0,1,20,D,bt-mz,32,32,500,1632,1216,34,107470.96,28334.07,135805.03,404.03,106.52,510.55,170.18,266.0, sdumont6166,36395748.04
4693.0,16140,269,4984102.666015625,3960964.0,3953801.333007813,5117784.0,942.08,4208.64,942.08,4208.64,1.0,0,44.0,45.0,3n-1m-20th-Dc-bt-mz,sequana_cpu_dev,3,11433157.0,1,20,D,bt-mz,32,32,500,1632,1216,34,107401.24,28420.74,135821.98,402.25,106.44,508.7,169.57,267.0, sdumont6165,36536112.620000005
4674.0,16080,268,4984097.3330078125,3960996.0,3953774.666015625,5117768.0,942.08,4208.64,942.08,4208.64,1.0,0,40.0,47.0,3n-1m-20th-Dc-bt-mz,sequana_cpu_dev,3,11433158.0,1,20,D,bt-mz,32,32,500,1632,1216,34,107476.2,28235.31,135711.51,404.05,106.15,510.19,170.06,266.0, sdumont6166,36370684.68
4679.0,16080,268,4984108.0,3961248.0,3953925.333007813,5117784.0,952.32,4208.64,962.56,4208.64,1.0,0,69.0,118.0,3n-1m-20th-Dc-bt-mz,sequana_cpu_dev,3,11433159.0,1,20,D,bt-mz,32,32,500,1632,1216,34,107355.41,28401.04,135756.45,403.59,106.77,510.36,170.12,266.0, sdumont6167,36382728.6
4647.0,16140,269,4984102.666015625,3960968.0,3953968.0,5117768.0,942.08,4208.64,942.08,4208.64,1.0,0,50.0,61.0,3n-1m-20th-Dc-bt-mz,sequana_cpu_dev,3,11433160.0,1,20,D,bt-mz,32,32,500,1632,1216,34,107249.63,28427.97,135677.61,401.68,106.47,508.16,169.39,267.0, sdumont6165,36497277.089999996
5704.0,11528,2882,6665298.0,5839500.0,5836466.0,6994716.0,1638.4,4218.88,2447.36,4229.12,30.0,0,134.0,268.0,1n-2m-2th-Dc-bt-mz,sequana_cpu,1,11433161.0,2,2,D,bt-mz,32,32,500,1632,1216,34,195840.22,188369.15,384209.36,67.98,65.38,133.36,133.36,2881.0, sdumont6086,1107291375.52
5109.0,16962,257,4988096.0,3961376.0,3954852.0,5121772.0,942.08,4208.64,942.08,4208.64,1.0,0,44.0,51.0,3n-1m-22th-Dc-bt-mz,sequana_cpu_dev,3,11433162.0,1,22,D,bt-mz,32,32,500,1632,1216,34,107462.08,28013.37,135475.44,421.42,109.86,531.28,177.09,255.0, sdumont6166,34817188.08
5131.0,16896,256,4988096.0,3961200.0,3954104.0,5121772.0,942.08,4208.64,942.08,4208.64,0.0,0,59.0,64.0,3n-1m-22th-Dc-bt-mz,sequana_cpu_dev,3,11433164.0,1,22,D,bt-mz,32,32,500,1632,1216,34,107455.32,27838.42,135293.74,424.17,109.88,534.05,178.02,253.33, sdumont6167,34635197.44
5111.0,16962,257,4988096.0,3961464.0,3954200.0,5121772.0,942.08,4208.64,942.08,4208.64,1.0,0,50.0,55.0,3n-1m-22th-Dc-bt-mz,sequana_cpu_dev,3,11433165.0,1,22,D,bt-mz,32,32,500,1632,1216,34,107341.25,28015.16,135356.41,420.95,109.86,530.81,176.94,255.0, sdumont6166,34786597.37
5124.0,16962,257,4988096.0,3961332.0,3954133.333007813,5121772.0,942.08,4208.64,942.08,4208.64,1.0,0,51.0,60.0,3n-1m-22th-Dc-bt-mz,sequana_cpu_dev,3,11433166.0,1,22,D,bt-mz,32,32,500,1632,1216,34,107539.62,27999.71,135539.33,423.38,110.24,533.62,177.87,254.0, sdumont6167,34833607.809999995
5131.0,16830,255,4988096.0,3961360.0,3954172.0,5121772.0,942.08,4208.64,942.08,4208.64,1.0,0,59.0,61.0,3n-1m-22th-Dc-bt-mz,sequana_cpu_dev,3,11433169.0,1,22,D,bt-mz,32,32,500,1632,1216,34,107371.55,27846.26,135217.8,424.39,110.06,534.46,178.15,253.0, sdumont6166,34480539.0
5518.0,17712,246,4992321.3330078125,3961728.0,3954457.333007813,5125992.0,942.08,4208.64,942.08,4208.64,1.0,0,57.0,65.0,3n-1m-24th-Dc-bt-mz,sequana_cpu_dev,3,11433171.0,1,24,D,bt-mz,32,32,500,1632,1216,34,107538.86,27094.59,134633.45,440.73,111.04,551.78,183.93,244.0, sdumont6167,33119828.700000003
5529.0,17784,247,4992321.3330078125,3961464.0,3954441.333007813,5125992.0,942.08,4208.64,942.08,4208.64,1.0,0,87.0,143.0,3n-1m-24th-Dc-bt-mz,sequana_cpu_dev,3,11433173.0,1,24,D,bt-mz,32,32,500,1632,1216,34,107478.83,27074.97,134553.8,438.69,110.51,549.2,183.07,245.0, sdumont6165,33234788.599999998
5533.0,17712,246,4992316.0,3961460.0,3954396.0,5125992.0,942.08,4208.64,942.08,4208.64,1.0,0,60.0,68.0,3n-1m-24th-Dc-bt-mz,sequana_cpu_dev,3,11433175.0,1,24,D,bt-mz,32,32,500,1632,1216,34,107745.05,27210.67,134955.72,443.4,111.98,555.37,185.12,243.0, sdumont6165,33199107.12
5550.0,17568,244,4992326.666015625,3961488.0,3954338.666015625,5125992.0,942.08,4208.64,942.08,4208.64,1.0,0,49.0,54.0,3n-1m-24th-Dc-bt-mz,sequana_cpu_dev,3,11433177.0,1,24,D,bt-mz,32,32,500,1632,1216,34,107802.96,26957.39,134760.35,445.47,111.39,556.86,185.62,242.0, sdumont6167,32881525.400000002
5672.0,11500,2875,6665296.0,5839408.0,5836446.0,6990508.0,1628.16,4218.88,2437.12,4229.12,19.0,0,8.0,14.0,1n-2m-2th-Dc-bt-mz,sequana_cpu,1,11433180.0,2,2,D,bt-mz,32,32,500,1632,1216,34,196028.03,188675.18,384703.21,68.23,65.67,133.9,133.9,2873.0, sdumont6086,1106021728.75
5522.0,17712,246,4992326.666015625,3961532.0,3954418.666015625,5125992.0,942.08,4208.64,942.08,4208.64,4.0,0,60.0,69.0,3n-1m-24th-Dc-bt-mz,sequana_cpu_dev,3,11433181.0,1,24,D,bt-mz,32,32,500,1632,1216,34,107542.24,27156.4,134698.64,440.75,111.3,552.04,184.01,244.0, sdumont6166,33135865.440000005
5992.0,19110,245,4996440.0,3961824.0,3954694.666015625,5130104.0,942.08,4208.64,942.08,4208.64,1.0,0,65.0,71.0,3n-1m-26th-Dc-bt-mz,sequana_cpu_dev,3,11433185.0,1,26,D,bt-mz,32,32,500,1632,1216,34,107266.9,47040.93,154307.83,441.43,193.58,635.01,211.67,243.0, sdumont6166,37805418.349999994
6021.0,19032,244,4996440.0,3961820.0,3954754.666015625,5130104.0,942.08,4208.64,942.08,4208.64,1.0,0,60.0,64.0,3n-1m-26th-Dc-bt-mz,sequana_cpu_dev,3,11433186.0,1,26,D,bt-mz,32,32,500,1632,1216,34,107501.16,47179.83,154680.99,444.22,194.96,639.18,213.06,242.0, sdumont6167,37742161.559999995
6050.0,19032,244,4996440.0,3961704.0,3954620.0,5130104.0,942.08,4208.64,942.08,4208.64,1.0,0,75.0,77.0,3n-1m-26th-Dc-bt-mz,sequana_cpu_dev,3,11433188.0,1,26,D,bt-mz,32,32,500,1632,1216,34,107539.09,47370.64,154909.73,444.38,195.75,640.12,213.37,242.0, sdumont6167,37797974.120000005
6034.0,19032,244,4996440.0,3961760.0,3954590.666015625,5130120.0,942.08,4208.64,942.08,4208.64,1.0,0,57.0,65.0,3n-1m-26th-Dc-bt-mz,sequana_cpu_dev,3,11433195.0,1,26,D,bt-mz,32,32,500,1632,1216,34,107536.55,47310.3,154846.86,444.37,195.5,639.86,213.29,242.0, sdumont6166,37782633.839999996
6014.0,19188,246,4996438.666015625,3961732.0,3954708.0,5130120.0,952.32,4208.64,962.56,4208.64,1.0,0,88.0,131.0,3n-1m-26th-Dc-bt-mz,sequana_cpu_dev,3,11433199.0,1,26,D,bt-mz,32,32,500,1632,1216,34,107221.02,47171.28,154392.31,439.43,193.32,632.76,210.92,244.0, sdumont6165,37980508.26
5737.0,19236,229,5000549.3330078125,3962176.0,3955033.333007813,5134212.0,921.6,4208.64,931.84,4208.64,1.0,0,77.0,82.0,3n-1m-28th-Dc-bt-mz,sequana_cpu_dev,3,11433202.0,1,28,D,bt-mz,32,32,500,1632,1216,34,94205.39,49677.7,143883.09,415.0,218.84,633.85,211.28,227.0, sdumont6167,32949227.61
5621.0,19404,231,5000549.3330078125,3962092.0,3954956.0,5134212.0,921.6,4208.64,931.84,4208.64,1.0,0,69.0,70.0,3n-1m-28th-Dc-bt-mz,sequana_cpu_dev,3,11433205.0,1,28,D,bt-mz,32,32,500,1632,1216,34,93611.8,49212.46,142824.27,408.79,214.9,623.69,207.9,229.0, sdumont6167,32992406.369999997
5688.0,19236,229,5000549.3330078125,3962068.0,3954930.666015625,5134212.0,921.6,4208.64,931.84,4208.64,1.0,0,66.0,69.0,3n-1m-28th-Dc-bt-mz,sequana_cpu_dev,3,11433207.0,1,28,D,bt-mz,32,32,500,1632,1216,34,94003.94,49540.4,143544.34,414.11,218.24,632.35,210.78,227.0, sdumont6165,32871653.86
5692.0,19320,230,5000542.666015625,3962156.0,3955008.0,5134212.0,921.6,4208.64,931.84,4208.64,1.0,0,63.0,68.0,3n-1m-28th-Dc-bt-mz,sequana_cpu_dev,3,11433208.0,1,28,D,bt-mz,32,32,500,1632,1216,34,94104.31,49590.53,143694.84,412.74,217.5,630.24,210.08,228.0, sdumont6165,33049813.2
5648.0,11504,2876,6665274.0,5839604.0,5836500.0,6990484.0,1638.4,4218.88,2447.36,4229.12,6.0,0,4.0,9.0,1n-2m-2th-Dc-bt-mz,sequana_cpu,1,11433209.0,2,2,D,bt-mz,32,32,500,1632,1216,34,196047.7,188688.98,384736.68,68.19,65.63,133.82,133.82,2875.0, sdumont6086,1106502691.68
5658.0,19488,232,5000542.666015625,3962072.0,3955501.333007813,5134212.0,921.6,4208.64,931.84,4208.64,1.0,0,54.0,61.0,3n-1m-28th-Dc-bt-mz,sequana_cpu_dev,3,11433210.0,1,28,D,bt-mz,32,32,500,1632,1216,34,93756.8,49318.32,143075.12,407.64,214.43,622.07,207.36,230.0, sdumont6165,33193427.84
6165.0,19170,213,5004653.3330078125,3962216.0,3955081.333007813,5138324.0,931.84,4208.64,952.32,4208.64,1.0,0,110.0,189.0,3n-1m-30th-Dc-bt-mz,sequana_cpu_dev,3,11433212.0,1,30,D,bt-mz,32,32,500,1632,1216,34,89687.74,55043.24,144730.97,425.06,260.87,685.93,228.64,211.0, sdumont6166,30827696.61
6053.0,19440,216,5004653.3330078125,3962488.0,3955964.0,5138324.0,921.6,4208.64,931.84,4208.64,4.0,0,118.0,196.0,3n-1m-30th-Dc-bt-mz,sequana_cpu_dev,3,11433215.0,1,30,D,bt-mz,32,32,500,1632,1216,34,93339.48,58517.38,151856.86,434.14,272.17,706.31,235.44,215.0, sdumont6167,32801081.759999998
6087.0,19530,217,5004653.3330078125,3962336.0,3955109.333007813,5138324.0,921.6,4208.64,931.84,4208.64,1.0,0,118.0,185.0,3n-1m-30th-Dc-bt-mz,sequana_cpu_dev,3,11433220.0,1,30,D,bt-mz,32,32,500,1632,1216,34,93592.75,58637.95,152230.7,433.3,271.47,704.77,234.92,216.0, sdumont6169,33034061.900000002
6187.0,19350,215,5004653.3330078125,3962272.0,3955250.666015625,5138324.0,921.6,4208.64,931.84,4208.64,1.0,0,98.0,155.0,3n-1m-30th-Dc-bt-mz,sequana_cpu_dev,3,11433227.0,1,30,D,bt-mz,32,32,500,1632,1216,34,94344.17,57866.51,152210.69,442.93,271.67,714.6,238.2,213.0, sdumont6167,32725298.35
6068.0,19620,218,5004653.3330078125,3964212.0,3955793.333007813,5138324.0,921.6,4208.64,931.84,4208.64,1.0,0,69.0,79.0,3n-1m-30th-Dc-bt-mz,sequana_cpu_dev,3,11433229.0,1,30,D,bt-mz,32,32,500,1632,1216,34,93880.67,57365.17,151245.84,434.63,265.58,700.21,233.4,216.0, sdumont6166,32971593.12
6351.0,20352,212,5008769.3330078125,3962588.0,3956072.0,5142432.0,921.6,4208.64,931.84,4208.64,1.0,0,68.0,73.0,3n-1m-32th-Dc-bt-mz,sequana_cpu_dev,3,11433231.0,1,32,D,bt-mz,32,32,500,1632,1216,34,79852.63,55966.63,135819.25,380.25,266.51,646.76,215.59,210.0, sdumont6167,28793681.0
5518.0,19776,206,5008769.3330078125,3962412.0,3955366.666015625,5142432.0,911.36,4208.64,911.36,4208.64,1.0,0,71.0,87.0,3n-1m-32th-Dc-bt-mz,sequana_cpu_dev,3,11433233.0,1,32,D,bt-mz,32,32,500,1632,1216,34,80326.35,56654.6,136980.95,393.76,277.72,671.48,223.83,204.0, sdumont6165,28218075.700000003
5503.0,20064,209,5008764.0,3962368.0,3955389.333007813,5142432.0,911.36,4208.64,911.36,4208.64,1.0,0,79.0,87.0,3n-1m-32th-Dc-bt-mz,sequana_cpu_dev,3,11433234.0,1,32,D,bt-mz,32,32,500,1632,1216,34,80230.93,56416.78,136647.72,387.59,272.54,660.13,220.04,207.0, sdumont6165,28559373.48
5582.0,19776,206,5008769.3330078125,3962880.0,3955408.0,5142432.0,911.36,4208.64,911.36,4208.64,1.0,0,65.0,75.0,3n-1m-32th-Dc-bt-mz,sequana_cpu_dev,3,11433235.0,1,32,D,bt-mz,32,32,500,1632,1216,34,80552.64,56898.94,137451.58,396.81,280.29,677.1,225.7,203.0, sdumont6166,28315025.479999997
5674.0,11516,2879,6665292.0,5839288.0,5836426.0,6994704.0,1628.16,4218.88,2437.12,4229.12,10.0,0,0.0,0.0,1n-2m-2th-Dc-bt-mz,sequana_cpu,1,11433237.0,2,2,D,bt-mz,32,32,500,1632,1216,34,195817.86,188633.57,384451.44,68.04,65.54,133.58,133.58,2878.0, sdumont6086,1106835695.76
5480.0,20160,210,5008769.3330078125,3962400.0,3955393.333007813,5142432.0,911.36,4208.64,911.36,4208.64,46.0,0,77.0,85.0,3n-1m-32th-Dc-bt-mz,sequana_cpu_dev,3,11433238.0,1,32,D,bt-mz,32,32,500,1632,1216,34,80106.6,56194.46,136301.06,383.29,268.87,652.16,217.39,209.0, sdumont6165,28623222.599999998
5864.0,20502,201,5012885.3330078125,3962824.0,3955665.333007813,5146568.0,911.36,4208.64,911.36,4208.64,1.0,0,79.0,83.0,3n-1m-34th-Dc-bt-mz,sequana_cpu_dev,3,11433239.0,1,34,D,bt-mz,32,32,500,1632,1216,34,80160.88,63543.45,143704.32,402.82,319.31,722.13,240.71,199.0, sdumont6167,28884568.32
5933.0,20298,199,5012886.666015625,3962536.0,3955590.666015625,5146552.0,911.36,4208.64,911.36,4208.64,1.0,0,75.0,86.0,3n-1m-34th-Dc-bt-mz,sequana_cpu_dev,3,11433241.0,1,34,D,bt-mz,32,32,500,1632,1216,34,80513.7,63888.2,144401.9,408.7,324.31,733.0,244.33,197.0, sdumont6167,28735978.099999998
5937.0,20298,199,5012886.666015625,3962792.0,3955726.666015625,5146552.0,911.36,4208.64,911.36,4208.64,1.0,0,88.0,96.0,3n-1m-34th-Dc-bt-mz,sequana_cpu_dev,3,11433242.0,1,34,D,bt-mz,32,32,500,1632,1216,34,80543.18,63959.09,144502.28,408.85,324.67,733.51,244.5,197.0, sdumont6167,28755953.72
6012.0,19992,196,5012886.666015625,3962888.0,3955733.333007813,5146552.0,911.36,4208.64,911.36,4208.64,1.0,0,84.0,112.0,3n-1m-34th-Dc-bt-mz,sequana_cpu_dev,3,11433243.0,1,34,D,bt-mz,32,32,500,1632,1216,34,80823.45,64484.84,145308.29,416.62,332.4,749.01,249.67,194.0, sdumont6166,28480424.84
6022.0,19992,196,5012886.666015625,3962888.0,3955774.666015625,5146552.0,911.36,4208.64,911.36,4208.64,1.0,0,70.0,74.0,3n-1m-34th-Dc-bt-mz,sequana_cpu_dev,3,11433246.0,1,34,D,bt-mz,32,32,500,1632,1216,34,80862.68,64524.38,145387.06,416.82,332.6,749.42,249.81,194.0, sdumont6166,28495863.759999998
6343.0,20196,187,5016912.0,3963240.0,3955924.0,5150548.0,911.36,4208.64,911.36,4208.64,1.0,0,122.0,201.0,3n-1m-36th-Dc-bt-mz,sequana_cpu_dev,3,11433257.0,1,36,D,bt-mz,32,32,500,1632,1216,34,80760.33,68624.22,149384.55,436.54,370.94,807.48,269.16,185.0, sdumont6167,27934910.849999998
6273.0,20520,190,5016949.3330078125,3963152.0,3955861.333007813,5150548.0,911.36,4208.64,911.36,4208.64,324.0,0,125.0,209.0,3n-1m-36th-Dc-bt-mz,sequana_cpu_dev,3,11433260.0,1,36,D,bt-mz,32,32,500,1632,1216,34,80496.15,68121.66,148617.81,430.46,364.29,794.75,264.92,187.0, sdumont6166,28237383.9
6274.0,20412,189,5016912.0,3963280.0,3955998.666015625,5150548.0,911.36,4208.64,911.36,4208.64,1.0,0,90.0,102.0,3n-1m-36th-Dc-bt-mz,sequana_cpu_dev,3,11433265.0,1,36,D,bt-mz,32,32,500,1632,1216,34,80567.67,68057.45,148625.13,430.84,363.94,794.79,264.93,187.0, sdumont6167,28090149.57
5671.0,11500,2875,6665284.0,5839240.0,5836424.0,6994712.0,1628.16,4218.88,2447.36,4229.12,17.0,0,8.0,15.0,1n-2m-2th-Dc-bt-mz,sequana_cpu,1,11433270.0,2,2,D,bt-mz,32,32,500,1632,1216,34,195903.68,188525.93,384429.62,68.16,65.6,133.76,133.76,2874.0, sdumont6086,1105235157.5
6234.0,20736,192,5016912.0,3963172.0,3955814.666015625,5150548.0,911.36,4208.64,911.36,4208.64,1.0,0,95.0,99.0,3n-1m-36th-Dc-bt-mz,sequana_cpu_dev,3,11433271.0,1,36,D,bt-mz,32,32,500,1632,1216,34,80264.7,67531.07,147795.77,422.45,355.43,777.87,259.29,190.0, sdumont6166,28376787.839999996
6057.0,21060,195,5016906.666015625,3962860.0,3955786.666015625,5150548.0,911.36,4208.64,911.36,4208.64,1.0,0,221.0,512.0,3n-1m-36th-Dc-bt-mz,sequana_cpu_dev,3,11433275.0,1,36,D,bt-mz,32,32,500,1632,1216,34,78444.11,67540.5,145984.61,406.45,349.95,756.4,252.13,193.0, sdumont6167,28466998.949999996
6649.0,20976,184,5021106.666015625,3963200.0,3956082.666015625,5154772.0,911.36,4208.64,911.36,4208.64,1.0,0,125.0,197.0,3n-1m-38th-Dc-bt-mz,sequana_cpu_dev,3,11433277.0,1,38,D,bt-mz,32,32,500,1632,1216,34,79863.02,72254.06,152117.08,438.81,397.0,835.81,278.6,182.0, sdumont6167,27989542.72
6607.0,21318,187,5021106.666015625,3963100.0,3956154.666015625,5154772.0,911.36,4208.64,911.36,4208.64,1.0,0,94.0,96.0,3n-1m-38th-Dc-bt-mz,sequana_cpu_dev,3,11433279.0,1,38,D,bt-mz,32,32,500,1632,1216,34,79448.8,71748.81,151197.61,429.45,387.83,817.28,272.43,185.0, sdumont6166,28273953.069999997
6621.0,21432,188,5021106.666015625,3963180.0,3956208.0,5154772.0,911.36,4208.64,911.36,4208.64,1.0,0,100.0,122.0,3n-1m-38th-Dc-bt-mz,sequana_cpu_dev,3,11433280.0,1,38,D,bt-mz,32,32,500,1632,1216,34,79516.08,71737.7,151253.78,427.51,385.69,813.19,271.06,186.0, sdumont6167,28435710.64
6600.0,20976,184,5021105.3330078125,3963212.0,3956208.0,5154768.0,911.36,4208.64,911.36,4208.64,1.0,0,92.0,107.0,3n-1m-38th-Dc-bt-mz,sequana_cpu_dev,3,11433282.0,1,38,D,bt-mz,32,32,500,1632,1216,34,80233.49,70964.67,151198.16,440.84,389.92,830.76,276.92,182.0, sdumont6167,27820461.44
6637.0,21432,188,5021105.3330078125,3963204.0,3956090.666015625,5154768.0,911.36,4208.64,911.36,4208.64,1.0,0,88.0,93.0,3n-1m-38th-Dc-bt-mz,sequana_cpu_dev,3,11433283.0,1,38,D,bt-mz,32,32,500,1632,1216,34,80089.29,70707.16,150796.45,430.59,380.15,810.73,270.24,186.0, sdumont6166,28349732.6
6706.0,22440,187,5025213.3330078125,3965388.0,3956978.666015625,5158876.0,911.36,4208.64,911.36,4208.64,1.0,0,101.0,127.0,3n-1m-40th-Dc-bt-mz,sequana_cpu_dev,3,11433286.0,1,40,D,bt-mz,32,32,500,1632,1216,34,77798.19,73087.42,150885.61,422.08,396.5,818.58,272.86,184.33, sdumont6166,28215609.069999997
5709.0,21480,179,5025213.3330078125,3963500.0,3956346.666015625,5158876.0,890.88,4208.64,890.88,4208.64,1.0,0,100.0,108.0,3n-1m-40th-Dc-bt-mz,sequana_cpu_dev,3,11433287.0,1,40,D,bt-mz,32,32,500,1632,1216,34,65874.82,62123.97,127998.8,372.88,351.62,724.5,241.5,176.67, sdumont6167,22911785.2
5878.0,21240,177,5025213.3330078125,3963408.0,3956406.666015625,5158876.0,890.88,4208.64,890.88,4208.64,1.0,0,96.0,117.0,3n-1m-40th-Dc-bt-mz,sequana_cpu_dev,3,11433289.0,1,40,D,bt-mz,32,32,500,1632,1216,34,66615.55,62988.92,129604.46,380.66,359.94,740.6,246.87,175.0, sdumont6167,22939989.42
5963.0,12064,1508,6669404.0,5841420.0,5837518.0,6998824.0,1259.52,4218.88,1699.84,4218.88,11.0,0,371.0,390.0,1n-2m-4th-Dc-bt-mz,sequana_cpu,1,11433292.0,2,4,D,bt-mz,32,32,500,1632,1216,34,109390.12,103026.25,212416.38,72.64,68.41,141.05,141.05,1506.0, sdumont6074,320323901.04
5873.0,21000,175,5025213.3330078125,3963484.0,3956426.666015625,5158876.0,890.88,4208.64,890.88,4208.64,3.0,0,97.0,118.0,3n-1m-40th-Dc-bt-mz,sequana_cpu_dev,3,11433293.0,1,40,D,bt-mz,32,32,500,1632,1216,34,66658.1,63136.07,129794.17,385.31,364.95,750.26,250.09,173.0, sdumont6166,22713979.75
5815.0,21120,176,5025213.3330078125,3965524.0,3957056.0,5158876.0,890.88,4208.64,890.88,4208.64,1.0,0,112.0,145.0,3n-1m-40th-Dc-bt-mz,sequana_cpu_dev,3,11433297.0,1,40,D,bt-mz,32,32,500,1632,1216,34,66590.16,62565.58,129155.74,380.52,357.52,738.03,246.01,175.0, sdumont6166,22731410.240000002
6034.0,21294,169,5029321.3330078125,3963588.0,3956517.333007813,5162992.0,890.88,4208.64,901.12,4208.64,1.0,0,89.0,110.0,3n-1m-42th-Dc-bt-mz,sequana_cpu_dev,3,11433300.0,1,42,D,bt-mz,32,32,500,1632,1216,34,66316.36,64341.57,130657.93,397.1,385.28,782.38,260.79,167.0, sdumont6167,22081190.169999998
6128.0,21294,169,5029321.3330078125,3963824.0,3956741.333007813,5162992.0,890.88,4208.64,890.88,4208.64,1.0,0,97.0,102.0,3n-1m-42th-Dc-bt-mz,sequana_cpu_dev,3,11433307.0,1,42,D,bt-mz,32,32,500,1632,1216,34,66569.37,64797.95,131367.32,398.62,388.01,786.63,262.21,167.0, sdumont6166,22201077.080000002
6086.0,21294,169,5029276.0,3963732.0,3957304.0,5163008.0,890.88,4208.64,890.88,4208.64,0.0,0,140.0,257.0,3n-1m-42th-Dc-bt-mz,sequana_cpu_dev,3,11433311.0,1,42,D,bt-mz,32,32,500,1632,1216,34,66398.78,64494.37,130893.15,397.6,386.19,783.79,261.26,167.0, sdumont6168,22120942.349999998
6167.0,21546,171,5029328.0,3963832.0,3956656.0,5162992.0,890.88,4208.64,890.88,4208.64,1.0,0,93.0,101.0,3n-1m-42th-Dc-bt-mz,sequana_cpu_dev,3,11433313.0,1,42,D,bt-mz,32,32,500,1632,1216,34,66503.43,64652.34,131155.77,393.51,382.56,776.07,258.69,169.0, sdumont6168,22427636.669999998
5968.0,12056,1507,6669406.0,5839544.0,5836688.0,6998828.0,1259.52,4218.88,1699.84,4218.88,6.0,0,3.0,3.0,1n-2m-4th-Dc-bt-mz,sequana_cpu,1,11433315.0,2,4,D,bt-mz,32,32,500,1632,1216,34,109013.52,102696.63,211710.15,72.53,68.33,140.86,140.86,1503.0, sdumont6074,319047196.05
5953.0,21798,173,5029326.666015625,3963864.0,3956749.333007813,5163008.0,890.88,4208.64,901.12,4208.64,1.0,0,235.0,512.0,3n-1m-42th-Dc-bt-mz,sequana_cpu_dev,3,11433316.0,1,42,D,bt-mz,32,32,500,1632,1216,34,65399.18,63465.86,128865.04,382.45,371.15,753.6,251.2,171.0, sdumont6168,22293651.919999998
6351.0,22440,170,5033393.3330078125,3964116.0,3957490.666015625,5167100.0,890.88,4208.64,901.12,4208.64,1.0,0,242.0,528.0,3n-1m-44th-Dc-bt-mz,sequana_cpu_dev,3,11433319.0,1,44,D,bt-mz,32,32,500,1632,1216,34,66383.06,64753.05,131136.11,397.5,387.74,785.25,261.75,167.0, sdumont6165,22293138.7
6343.0,22044,167,5033394.666015625,3964172.0,3957588.0,5167100.0,890.88,4208.64,901.12,4208.64,1.0,0,85.0,90.0,3n-1m-44th-Dc-bt-mz,sequana_cpu_dev,3,11433321.0,1,44,D,bt-mz,32,32,500,1632,1216,34,66498.13,64841.12,131339.25,403.02,392.98,796.0,265.33,165.0, sdumont6165,21933654.75
6286.0,22440,170,5033394.666015625,3963836.0,3956764.0,5167100.0,901.12,4208.64,921.6,4208.64,1.0,0,77.0,94.0,3n-1m-44th-Dc-bt-mz,sequana_cpu_dev,3,11433324.0,1,44,D,bt-mz,32,32,500,1632,1216,34,66017.03,64275.39,130292.42,392.96,382.59,775.55,258.52,168.0, sdumont6167,22149711.4
6515.0,21384,162,5033394.666015625,3964164.0,3956842.666015625,5167100.0,890.88,4208.64,890.88,4208.64,1.0,0,115.0,115.0,3n-1m-44th-Dc-bt-mz,sequana_cpu_dev,3,11433326.0,1,44,D,bt-mz,32,32,500,1632,1216,34,67319.98,66162.31,133482.29,420.75,413.51,834.26,278.09,160.0, sdumont6167,21624130.98
6422.0,21780,165,5033380.0,3964020.0,3956918.666015625,5167056.0,890.88,4208.64,901.12,4208.64,1.0,0,88.0,101.0,3n-1m-44th-Dc-bt-mz,sequana_cpu_dev,3,11433330.0,1,44,D,bt-mz,32,32,500,1632,1216,34,66899.28,65363.91,132263.19,410.43,401.01,811.43,270.48,163.0, sdumont6166,21823426.35
5965.0,12032,1504,6669404.0,5839600.0,5836642.0,6994604.0,1259.52,4218.88,1699.84,4218.88,10.0,0,20.0,38.0,1n-2m-4th-Dc-bt-mz,sequana_cpu,1,11433332.0,2,4,D,bt-mz,32,32,500,1632,1216,34,108909.63,102432.06,211341.69,72.51,68.2,140.71,140.71,1502.0, sdumont6074,317857901.76
6606.0,22494,163,5037428.0,3964472.0,3957157.333007813,5171104.0,890.88,4208.64,890.88,4218.88,4.0,0,110.0,122.0,3n-1m-46th-Dc-bt-mz,sequana_cpu_dev,3,11433333.0,1,46,D,bt-mz,32,32,500,1632,1216,34,66192.63,64958.77,131151.4,411.13,403.47,814.6,271.53,161.0, sdumont6165,21377678.2
6491.0,22908,166,5037428.0,3964136.0,3957073.333007813,5171104.0,890.88,4208.64,901.12,4218.88,3.0,0,251.0,532.0,3n-1m-46th-Dc-bt-mz,sequana_cpu_dev,3,11433340.0,1,46,D,bt-mz,32,32,500,1632,1216,34,64962.92,64925.09,129888.01,397.76,397.5,795.26,265.09,163.33, sdumont6167,21561409.66
6776.0,22080,160,5037428.0,3964304.0,3957054.666015625,5171104.0,890.88,4208.64,901.12,4218.88,1.0,0,99.0,105.0,3n-1m-46th-Dc-bt-mz,sequana_cpu_dev,3,11433344.0,1,46,D,bt-mz,32,32,500,1632,1216,34,66564.25,66478.06,133042.32,420.41,419.89,840.3,280.1,158.33, sdumont6167,21286771.200000003
6613.0,22356,162,5037428.0,3964216.0,3957064.0,5171104.0,890.88,4208.64,901.12,4218.88,1.0,0,71.0,80.0,3n-1m-46th-Dc-bt-mz,sequana_cpu_dev,3,11433346.0,1,46,D,bt-mz,32,32,500,1632,1216,34,65780.15,65745.27,131525.42,410.28,410.09,820.38,273.46,160.33, sdumont6166,21307118.040000003
6640.0,21942,159,5037428.0,3964196.0,3957052.0,5171104.0,890.88,4208.64,890.88,4218.88,1.0,0,99.0,124.0,3n-1m-46th-Dc-bt-mz,sequana_cpu_dev,3,11433351.0,1,46,D,bt-mz,32,32,500,1632,1216,34,66219.37,65965.7,132185.07,420.9,419.31,840.21,280.07,157.33, sdumont6166,21017426.130000003
6965.0,22464,156,5041657.3330078125,3964708.0,3957485.333007813,5175320.0,890.88,4218.88,901.12,4218.88,1.0,0,167.0,303.0,3n-1m-48th-Dc-bt-mz,sequana_cpu_dev,3,11433397.0,1,48,D,bt-mz,32,32,500,1632,1216,34,66510.46,66846.82,133357.28,429.1,431.27,860.37,286.79,155.0, sdumont6166,20803735.68
5949.0,12088,1511,6669406.0,5839468.0,5836686.0,6994600.0,1259.52,4218.88,1689.6,4218.88,16.0,0,2.0,4.0,1n-2m-4th-Dc-bt-mz,sequana_cpu,1,11433398.0,2,4,D,bt-mz,32,32,500,1632,1216,34,108431.64,102253.23,210684.87,71.86,67.76,139.62,139.62,1509.0, sdumont6074,318344838.57
7014.0,22464,156,5041657.3330078125,3964520.0,3957373.333007813,5175320.0,890.88,4218.88,901.12,4218.88,2.0,0,112.0,133.0,3n-1m-48th-Dc-bt-mz,sequana_cpu_dev,3,11433399.0,1,48,D,bt-mz,32,32,500,1632,1216,34,66775.49,67169.34,133944.83,433.61,436.16,869.77,289.92,154.0, sdumont6165,20895393.479999997
6988.0,22608,157,5041657.3330078125,3964332.0,3957256.0,5175320.0,890.88,4218.88,890.88,4218.88,1.0,0,96.0,105.0,3n-1m-48th-Dc-bt-mz,sequana_cpu_dev,3,11433400.0,1,48,D,bt-mz,32,32,500,1632,1216,34,66623.74,67087.51,133711.25,429.83,432.82,862.65,287.55,155.0, sdumont6166,20992666.25
7006.0,22608,157,5041657.3330078125,3964616.0,3957434.666015625,5175340.0,890.88,4218.88,890.88,4218.88,1.0,0,106.0,140.0,3n-1m-48th-Dc-bt-mz,sequana_cpu_dev,3,11433402.0,1,48,D,bt-mz,32,32,500,1632,1216,34,66821.31,67165.15,133986.46,431.11,433.32,864.43,288.14,155.0, sdumont6166,21035874.22
6879.0,23040,160,5041657.3330078125,3964620.0,3957384.0,5175320.0,890.88,4218.88,890.88,4218.88,1.0,0,109.0,124.0,3n-1m-48th-Dc-bt-mz,sequana_cpu_dev,3,11433407.0,1,48,D,bt-mz,32,32,500,1632,1216,34,65930.0,66739.08,132669.08,417.28,422.4,839.68,279.89,158.0, sdumont6167,21227052.799999997
5959.0,12080,1510,6669414.0,5839564.0,5836718.0,6994624.0,1259.52,4218.88,1699.84,4218.88,8.0,0,376.0,392.0,1n-2m-4th-Dc-bt-mz,sequana_cpu,1,11433413.0,2,4,D,bt-mz,32,32,500,1632,1216,34,129497.14,125713.21,255210.36,85.82,83.31,169.13,169.13,1509.0, sdumont6108,385367643.59999996
2780.0,11272,2818,3775856.0,3013364.0,3002450.0,4159200.0,1628.16,4218.88,2426.88,4229.12,3116.0,0,180.0,380.0,2n-2m-1th-Dc-bt-mz,sequana_cpu,2,11433463.0,2,1,D,bt-mz,32,32,500,1632,1216,34,320078.43,328312.61,648391.04,113.62,116.55,230.17,115.09,2817.0, sdumont6239,1827165950.72
2782.0,11284,2821,3772757.0,3003948.0,2998944.0,4154908.0,1638.4,4218.88,2426.88,4229.12,20.0,0,8.0,35.0,2n-2m-1th-Dc-bt-mz,sequana_cpu,2,11433488.0,2,1,D,bt-mz,32,32,500,1632,1216,34,320079.32,328482.24,648561.56,113.52,116.5,230.03,115.01,2819.5, sdumont6239,1829592160.7600002
1899.0,11592,966,2812337.3330078125,2060688.0,2053115.3330078125,3214756.0,1157.12,4218.88,1474.56,4229.12,1.0,0,18.0,62.0,3n-2m-2th-Dc-bt-mz,sequana_cpu_dev,3,11433490.0,2,2,D,bt-mz,32,32,500,1632,1216,34,182343.9,188442.36,370786.26,189.02,195.34,384.36,128.12,964.67, sdumont6166,358179527.16
1899.0,11568,964,2812330.0,2058756.0,2052525.3330078125,3214624.0,1157.12,4218.88,1484.8,4229.12,119.0,0,86.0,134.0,3n-2m-2th-Dc-bt-mz,sequana_cpu_dev,3,11433495.0,2,2,D,bt-mz,32,32,500,1632,1216,34,182328.02,188356.36,370684.37,189.33,195.59,384.93,128.31,963.0, sdumont6167,357339732.68
2787.0,11280,2820,3775872.0,3004984.0,3002370.0,4154936.0,1628.16,4218.88,2416.64,4229.12,3873.0,0,267.0,371.0,2n-2m-1th-Dc-bt-mz,sequana_cpu,2,11433496.0,2,1,D,bt-mz,32,32,500,1632,1216,34,320580.0,293989.77,614569.77,113.72,104.29,218.01,109.0,2819.0, sdumont6272,1733086751.4
1899.0,11616,968,2812315.3330078125,2058612.0,2052122.0,3214756.0,1157.12,4218.88,1464.32,4229.12,1096.0,0,5.0,30.0,3n-2m-2th-Dc-bt-mz,sequana_cpu_dev,3,11433505.0,2,2,D,bt-mz,32,32,500,1632,1216,34,182103.04,188400.35,370503.38,188.44,194.96,383.4,127.8,966.33, sdumont6166,358647271.84000003
1903.0,11616,968,2812330.666015625,2058960.0,2052226.666015625,3214624.0,1146.88,4218.88,1443.84,4218.88,1.0,0,0.0,0.0,3n-2m-2th-Dc-bt-mz,sequana_cpu_dev,3,11433516.0,2,2,D,bt-mz,32,32,500,1632,1216,34,182147.14,188622.96,370770.1,188.56,195.26,383.82,127.94,966.0, sdumont6165,358905456.79999995
1901.0,11664,972,2812298.0,2058780.0,2052194.666015625,3214620.0,1146.88,4218.88,1454.08,4218.88,1.0,0,0.0,0.0,3n-2m-2th-Dc-bt-mz,sequana_cpu_dev,3,11433517.0,2,2,D,bt-mz,32,32,500,1632,1216,34,187805.33,194040.39,381845.72,193.41,199.84,393.25,131.08,971.0, sdumont6166,371154039.84
1931.0,12144,506,2816468.666015625,2059132.0,2052403.3330078125,3218872.0,1024.0,4218.88,1208.32,4218.88,1.0,0,2.0,5.0,3n-2m-4th-Dc-bt-mz,sequana_cpu_dev,3,11433521.0,2,4,D,bt-mz,32,32,500,1632,1216,34,116838.33,119681.33,236519.65,231.36,236.99,468.36,156.12,505.0, sdumont6165,119678942.89999999
1948.0,12144,506,2816448.666015625,2058976.0,2052365.3330078125,3218876.0,1024.0,4218.88,1208.32,4218.88,1.0,0,6.0,26.0,3n-2m-4th-Dc-bt-mz,sequana_cpu_dev,3,11433524.0,2,4,D,bt-mz,32,32,500,1632,1216,34,117039.7,119995.34,237035.04,231.76,237.61,469.38,156.46,505.0, sdumont6167,119939730.24000001
1931.0,12144,506,2816430.666015625,2059192.0,2051450.666015625,3218876.0,1024.0,4218.88,1208.32,4218.88,1.0,0,5.0,28.0,3n-2m-4th-Dc-bt-mz,sequana_cpu_dev,3,11433526.0,2,4,D,bt-mz,32,32,500,1632,1216,34,117064.61,120098.0,237162.62,231.81,237.82,469.63,156.54,505.0, sdumont6165,120004285.72
2810.0,11324,2831,3772777.0,3016420.0,2999211.0,4142712.0,1638.4,4218.88,2437.12,4229.12,8.0,0,124.0,294.0,2n-2m-1th-Dc-bt-mz,sequana_cpu,2,11433527.0,2,1,D,bt-mz,32,32,500,1632,1216,34,312574.29,304820.49,617394.78,110.45,107.71,218.16,109.08,2830.0, sdumont6123,1747844622.18
1913.0,12168,507,2816452.666015625,2058940.0,2052380.666015625,3214540.0,1034.24,4218.88,1208.32,4218.88,1.0,0,30.0,126.0,3n-2m-4th-Dc-bt-mz,sequana_cpu_dev,3,11433531.0,2,4,D,bt-mz,32,32,500,1632,1216,34,117052.77,119983.1,237035.88,231.33,237.12,468.45,156.15,506.0, sdumont6166,120177191.16
1945.0,12168,507,2816471.3330078125,2058808.0,2052286.666015625,3214680.0,1013.76,4218.88,1187.84,4218.88,1.0,0,63.0,110.0,3n-2m-4th-Dc-bt-mz,sequana_cpu_dev,3,11433533.0,2,4,D,bt-mz,32,32,500,1632,1216,34,117076.13,119947.31,237023.44,231.38,237.05,468.43,156.14,506.0, sdumont6166,120170884.08
2006.0,12420,345,2820573.3330078125,2059248.0,2052626.0,3222988.0,983.04,4218.88,1116.16,4218.88,1.0,0,2.0,5.0,3n-2m-6th-Dc-bt-mz,sequana_cpu_dev,3,11433534.0,2,6,D,bt-mz,32,32,500,1632,1216,34,96829.85,97352.41,194182.26,281.48,283.0,564.48,188.16,344.0, sdumont6165,66992879.7
1992.0,12420,345,2820551.3330078125,2059112.0,2052570.666015625,3223000.0,983.04,4218.88,1126.4,4218.88,3.0,0,2.0,4.0,3n-2m-6th-Dc-bt-mz,sequana_cpu_dev,3,11433535.0,2,6,D,bt-mz,32,32,500,1632,1216,34,96511.43,97196.15,193707.57,280.56,282.55,563.1,187.7,344.0, sdumont6165,66829111.650000006
2007.0,12420,345,2820506.0,2059380.0,2052656.666015625,3222860.0,983.04,4218.88,1126.4,4218.88,3.0,0,11.0,32.0,3n-2m-6th-Dc-bt-mz,sequana_cpu_dev,3,11433536.0,2,6,D,bt-mz,32,32,500,1632,1216,34,96701.21,97263.01,193964.22,281.37,283.01,564.38,188.13,343.67, sdumont6165,66917655.9
2814.0,11316,2829,3778899.0,3017292.0,3005071.0,4154912.0,1628.16,4218.88,2426.88,4229.12,18585.0,0,363.0,376.0,2n-2m-1th-Dc-bt-mz,sequana_cpu,2,11433537.0,2,1,D,bt-mz,32,32,500,1632,1216,34,339530.74,318654.49,658185.22,120.06,112.68,232.74,116.37,2828.0, sdumont6270,1862005987.3799999
1977.0,12456,346,2820540.666015625,2059184.0,2052676.666015625,3218792.0,993.28,4218.88,1177.6,4229.12,1.0,0,5.0,28.0,3n-2m-6th-Dc-bt-mz,sequana_cpu_dev,3,11433538.0,2,6,D,bt-mz,32,32,500,1632,1216,34,96596.82,97215.04,193811.86,279.99,281.78,561.77,187.26,345.0, sdumont6165,67058903.559999995
2003.0,12456,346,2820519.3330078125,2061076.0,2053239.3330078125,3222988.0,993.28,4218.88,1116.16,4218.88,1.0,0,28.0,78.0,3n-2m-6th-Dc-bt-mz,sequana_cpu_dev,3,11433539.0,2,6,D,bt-mz,32,32,500,1632,1216,34,96385.6,97025.11,193410.71,279.38,281.23,560.61,186.87,345.0, sdumont6165,66920105.66
1924.0,13008,271,2824666.0,2059524.0,2053200.0,3227112.0,962.56,4218.88,1075.2,4218.88,1.0,0,50.0,258.0,3n-2m-8th-Dc-bt-mz,sequana_cpu_dev,3,11433540.0,2,8,D,bt-mz,32,32,500,1632,1216,34,82181.92,82496.35,164678.27,314.87,316.08,630.95,210.32,261.0, sdumont6165,44627811.169999994
1982.0,12576,262,2824678.0,2059488.0,2052939.3330078125,3227112.0,952.32,4218.88,1064.96,4218.88,1.0,0,47.0,66.0,3n-2m-8th-Dc-bt-mz,sequana_cpu_dev,3,11433541.0,2,8,D,bt-mz,32,32,500,1632,1216,34,82384.03,82899.64,165283.67,316.47,318.44,634.91,211.64,260.33, sdumont6167,43304321.54000001
1930.0,13056,272,2824630.666015625,2059516.0,2052836.666015625,3222916.0,962.56,4218.88,1085.44,4218.88,1.0,0,3.0,7.0,3n-2m-8th-Dc-bt-mz,sequana_cpu_dev,3,11433542.0,2,8,D,bt-mz,32,32,500,1632,1216,34,82636.96,83176.59,165813.55,317.83,319.91,637.74,212.58,260.0, sdumont6165,45101285.599999994
1957.0,12576,262,2824628.666015625,2059412.0,2052879.3330078125,3226976.0,942.08,4218.88,1075.2,4218.88,1.0,0,4.0,9.0,3n-2m-8th-Dc-bt-mz,sequana_cpu_dev,3,11433543.0,2,8,D,bt-mz,32,32,500,1632,1216,34,82613.68,83155.79,165769.48,317.74,319.83,637.57,212.52,260.0, sdumont6166,43431603.760000005
1983.0,13104,273,2824656.0,2059544.0,2052948.666015625,3222916.0,962.56,4218.88,1075.2,4218.88,1.0,0,7.0,8.0,3n-2m-8th-Dc-bt-mz,sequana_cpu_dev,3,11433544.0,2,8,D,bt-mz,32,32,500,1632,1216,34,82594.75,83185.41,165780.15,317.67,319.94,637.62,212.54,260.0, sdumont6166,45257980.949999996
2082.0,12720,212,2828794.666015625,2059688.0,2053179.3330078125,3227036.0,942.08,4218.88,1034.24,4218.88,1.0,0,12.0,15.0,3n-2m-10th-Dc-bt-mz,sequana_cpu_dev,3,11433545.0,2,10,D,bt-mz,32,32,500,1632,1216,34,70725.38,71600.57,142325.95,335.76,339.9,675.65,225.22,210.67, sdumont6165,30173101.400000002
2083.0,12720,212,2828830.0,2059676.0,2053168.666015625,3231232.0,942.08,4218.88,1044.48,4218.88,0.0,0,10.0,13.0,3n-2m-10th-Dc-bt-mz,sequana_cpu_dev,3,11433546.0,2,10,D,bt-mz,32,32,500,1632,1216,34,70650.28,71441.68,142091.96,334.84,338.59,673.42,224.47,211.0, sdumont6165,30123495.52
1932.0,12660,211,2828810.666015625,2059620.0,2053462.0,3227036.0,942.08,4218.88,1044.48,4218.88,1.0,0,6.0,14.0,3n-2m-10th-Dc-bt-mz,sequana_cpu_dev,3,11433547.0,2,10,D,bt-mz,32,32,500,1632,1216,34,70726.31,71490.21,142216.52,336.79,340.43,677.22,225.74,210.0, sdumont6167,30007685.72
2080.0,12660,211,2828801.3330078125,2059828.0,2053164.0,3227040.0,942.08,4218.88,1044.48,4218.88,1.0,0,17.0,38.0,3n-2m-10th-Dc-bt-mz,sequana_cpu_dev,3,11433548.0,2,10,D,bt-mz,32,32,500,1632,1216,34,70746.66,71386.23,142132.9,336.89,339.93,676.82,225.61,210.0, sdumont6166,29990041.9
2081.0,12720,212,2828800.666015625,2059792.0,2053130.666015625,3231232.0,942.08,4218.88,1044.48,4218.88,1.0,0,11.0,13.0,3n-2m-10th-Dc-bt-mz,sequana_cpu_dev,3,11433549.0,2,10,D,bt-mz,32,32,500,1632,1216,34,70550.18,71335.84,141886.02,334.36,338.08,672.45,224.15,211.0, sdumont6166,30079836.24
2122.0,13320,185,2832903.3330078125,2060000.0,2054052.0,3235352.0,942.08,4218.88,1034.24,4218.88,1.0,0,20.0,44.0,3n-2m-12th-Dc-bt-mz,sequana_cpu_dev,3,11433550.0,2,12,D,bt-mz,32,32,500,1632,1216,34,75096.52,78070.7,153167.21,408.13,424.3,832.43,277.48,184.0, sdumont6165,28335933.849999998
2115.0,13320,185,2832904.0,2060220.0,2053442.0,3235220.0,952.32,4218.88,1085.44,4218.88,1.0,0,21.0,70.0,3n-2m-12th-Dc-bt-mz,sequana_cpu_dev,3,11433551.0,2,12,D,bt-mz,32,32,500,1632,1216,34,74969.02,78112.79,153081.81,409.67,426.85,836.51,278.84,183.0, sdumont6165,28320134.849999998
2123.0,13248,184,2832919.3330078125,2059872.0,2053374.0,3231164.0,942.08,4218.88,1044.48,4218.88,1.0,0,17.0,25.0,3n-2m-12th-Dc-bt-mz,sequana_cpu_dev,3,11433552.0,2,12,D,bt-mz,32,32,500,1632,1216,34,74955.43,78102.63,153058.06,409.59,426.79,836.38,278.79,183.0, sdumont6167,28162683.04
2125.0,13392,186,2832932.666015625,2060088.0,2053459.3330078125,3231028.0,942.08,4218.88,1044.48,4218.88,1.0,0,84.0,174.0,3n-2m-12th-Dc-bt-mz,sequana_cpu_dev,3,11433553.0,2,12,D,bt-mz,32,32,500,1632,1216,34,74660.58,77728.84,152389.42,403.57,420.16,823.73,274.58,185.0, sdumont6166,28344432.12
2123.0,13320,185,2832846.0,2060120.0,2053423.3330078125,3235224.0,942.08,4218.88,1064.96,4218.88,1.0,0,65.0,148.0,3n-2m-12th-Dc-bt-mz,sequana_cpu_dev,3,11433554.0,2,12,D,bt-mz,32,32,500,1632,1216,34,75093.82,78150.75,153244.57,410.35,427.05,837.4,279.13,183.0, sdumont6166,28350245.450000003
2164.0,13860,165,2837034.666015625,2060368.0,2053974.666015625,3235280.0,931.84,4218.88,1024.0,4218.88,1.0,0,23.0,30.0,3n-2m-14th-Dc-bt-mz,sequana_cpu_dev,3,11433555.0,2,14,D,bt-mz,32,32,500,1632,1216,34,64759.79,65908.04,130667.83,394.88,401.88,796.76,265.59,164.0, sdumont6167,21560191.95
2160.0,13860,165,2837026.0,2060440.0,2053664.666015625,3235140.0,931.84,4218.88,931.84,4218.88,1.0,0,30.0,41.0,3n-2m-14th-Dc-bt-mz,sequana_cpu_dev,3,11433556.0,2,14,D,bt-mz,32,32,500,1632,1216,34,64642.8,65747.86,130390.67,394.16,400.9,795.07,265.02,164.0, sdumont6167,21514460.55
2163.0,13860,165,2837034.0,2060252.0,2053650.0,3235140.0,931.84,4218.88,1024.0,4218.88,1.0,0,28.0,36.0,3n-2m-14th-Dc-bt-mz,sequana_cpu_dev,3,11433557.0,2,14,D,bt-mz,32,32,500,1632,1216,34,64650.83,65744.52,130395.35,394.21,400.88,795.09,265.03,164.0, sdumont6165,21515232.75
2130.0,13860,165,2837040.0,2060344.0,2053596.0,3235276.0,931.84,4218.88,1024.0,4218.88,1.0,0,21.0,39.0,3n-2m-14th-Dc-bt-mz,sequana_cpu_dev,3,11433558.0,2,14,D,bt-mz,32,32,500,1632,1216,34,64666.76,65798.93,130465.68,394.31,401.21,795.52,265.17,164.0, sdumont6166,21526837.2
2128.0,13860,165,2837050.666015625,2060328.0,2053718.0,3239468.0,931.84,4218.88,1034.24,4218.88,1.0,0,20.0,31.0,3n-2m-14th-Dc-bt-mz,sequana_cpu_dev,3,11433559.0,2,14,D,bt-mz,32,32,500,1632,1216,34,64571.58,65768.67,130340.25,393.73,401.03,794.76,264.92,164.0, sdumont6167,21506141.25
2337.0,14592,152,2841143.3330078125,2060372.0,2053960.666015625,3243584.0,931.84,4218.88,1024.0,4218.88,1.0,0,30.0,33.0,3n-2m-16th-Dc-bt-mz,sequana_cpu_dev,3,11433560.0,2,16,D,bt-mz,32,32,500,1632,1216,34,61370.93,62811.72,124182.65,406.43,415.97,822.4,274.13,151.0, sdumont6167,18875762.8
2346.0,14592,152,2841155.3330078125,2060312.0,2053813.3330078125,3243584.0,931.84,4218.88,1013.76,4218.88,1.0,0,47.0,88.0,3n-2m-16th-Dc-bt-mz,sequana_cpu_dev,3,11433561.0,2,16,D,bt-mz,32,32,500,1632,1216,34,52883.73,53981.29,106865.03,350.22,357.49,707.72,235.91,151.0, sdumont6165,16243484.56
2342.0,14592,152,2841151.3330078125,2060584.0,2053870.0,3239388.0,931.84,4218.88,1003.52,4218.88,1.0,0,20.0,34.0,3n-2m-16th-Dc-bt-mz,sequana_cpu_dev,3,11433562.0,2,16,D,bt-mz,32,32,500,1632,1216,34,52866.32,53945.05,106811.37,350.87,358.04,708.92,236.31,150.67, sdumont6165,16235328.239999998
2341.0,14688,153,2841144.666015625,2060388.0,2053843.3330078125,3239260.0,921.6,4218.88,1024.0,4218.88,1.0,0,33.0,59.0,3n-2m-16th-Dc-bt-mz,sequana_cpu_dev,3,11433563.0,2,16,D,bt-mz,32,32,500,1632,1216,34,65833.1,67263.98,133097.08,433.11,442.53,875.64,291.88,152.0, sdumont6167,20363853.24
2326.0,14688,153,2841150.666015625,2061144.0,2054293.3330078125,3239384.0,931.84,4218.88,1024.0,4218.88,1.0,0,47.0,106.0,3n-2m-16th-Dc-bt-mz,sequana_cpu_dev,3,11433564.0,2,16,D,bt-mz,32,32,500,1632,1216,34,65748.59,67143.48,132892.06,432.56,441.73,874.29,291.43,152.0, sdumont6166,20332485.18
2227.0,15552,144,2845282.0,2060936.0,2054186.666015625,3243512.0,952.32,4218.88,1075.2,4218.88,1.0,0,31.0,45.0,3n-2m-18th-Dc-bt-mz,sequana_cpu_dev,3,11433565.0,2,18,D,bt-mz,32,32,500,1632,1216,34,53081.2,53856.13,106937.34,371.2,376.62,747.81,249.27,143.0, sdumont6167,15398976.959999999
2208.0,15660,145,2845291.3330078125,2060788.0,2054224.0,3247716.0,911.36,4218.88,1003.52,4218.88,1.0,0,125.0,277.0,3n-2m-18th-Dc-bt-mz,sequana_cpu_dev,3,11433566.0,2,18,D,bt-mz,32,32,500,1632,1216,34,52741.7,53426.63,106168.33,366.26,371.02,737.28,245.76,144.0, sdumont6166,15394407.85
2289.0,15552,144,2845244.0,2060872.0,2054169.3330078125,3243516.0,921.6,4218.88,1013.76,4218.88,1.0,0,78.0,122.0,3n-2m-18th-Dc-bt-mz,sequana_cpu_dev,3,11433567.0,2,18,D,bt-mz,32,32,500,1632,1216,34,53108.79,53814.7,106923.49,374.01,378.98,752.98,250.99,142.0, sdumont6166,15396982.56
2289.0,15552,144,2845296.666015625,2062536.0,2054730.666015625,3247704.0,921.6,4218.88,921.6,4218.88,2.0,0,34.0,41.0,3n-2m-18th-Dc-bt-mz,sequana_cpu_dev,3,11433568.0,2,18,D,bt-mz,32,32,500,1632,1216,34,53088.67,53793.72,106882.39,371.25,376.18,747.43,249.14,143.0, sdumont6166,15391064.16
2235.0,15444,143,2845248.0,2060768.0,2054508.666015625,3243516.0,921.6,4218.88,1013.76,4218.88,3.0,0,35.0,63.0,3n-2m-18th-Dc-bt-mz,sequana_cpu_dev,3,11433569.0,2,18,D,bt-mz,32,32,500,1632,1216,34,53280.53,53920.92,107201.44,377.88,382.42,760.29,253.43,141.0, sdumont6165,15329805.92
2464.0,16320,136,2849382.0,2061216.0,2054484.666015625,3251824.0,921.6,4218.88,1013.76,4218.88,3.0,0,44.0,51.0,3n-2m-20th-Dc-bt-mz,sequana_cpu_dev,3,11433570.0,2,20,D,bt-mz,32,32,500,1632,1216,34,53698.14,54019.06,107717.2,397.76,400.14,797.91,265.97,135.0, sdumont6165,14649539.2
2407.0,16320,136,2849394.666015625,2061612.0,2054859.3330078125,3251824.0,931.84,4218.88,1003.52,4218.88,1.0,0,32.0,47.0,3n-2m-20th-Dc-bt-mz,sequana_cpu_dev,3,11433571.0,2,20,D,bt-mz,32,32,500,1632,1216,34,53618.51,53987.88,107606.39,397.17,399.91,797.08,265.69,135.0, sdumont6167,14634469.04
2461.0,16320,136,2849400.0,2062912.0,2054806.666015625,3251824.0,931.84,4218.88,1013.76,4218.88,1.0,0,47.0,59.0,3n-2m-20th-Dc-bt-mz,sequana_cpu_dev,3,11433572.0,2,20,D,bt-mz,32,32,500,1632,1216,34,53684.69,54008.87,107693.56,397.66,400.07,797.73,265.91,135.0, sdumont6167,14646324.16
2410.0,16200,135,2849387.3330078125,2061044.0,2054537.3330078125,3251824.0,921.6,4218.88,1013.76,4218.88,1.0,0,35.0,50.0,3n-2m-20th-Dc-bt-mz,sequana_cpu_dev,3,11433573.0,2,20,D,bt-mz,32,32,500,1632,1216,34,53720.33,54047.04,107767.38,400.9,403.34,804.23,268.08,134.0, sdumont6167,14548596.3
2416.0,16200,135,2849336.666015625,2061016.0,2054376.0,3251824.0,931.84,4218.88,1013.76,4218.88,1.0,0,33.0,53.0,3n-2m-20th-Dc-bt-mz,sequana_cpu_dev,3,11433574.0,2,20,D,bt-mz,32,32,500,1632,1216,34,53622.24,53971.74,107593.98,400.17,402.77,802.94,267.65,134.0, sdumont6165,14525187.299999999
2643.0,17028,129,2853542.666015625,2061372.0,2054780.666015625,3251752.0,931.84,4218.88,1013.76,4218.88,1.0,0,50.0,56.0,3n-2m-22th-Dc-bt-mz,sequana_cpu_dev,3,11433575.0,2,22,D,bt-mz,32,32,500,1632,1216,34,53795.98,54016.08,107812.06,422.49,424.22,846.71,282.24,127.33, sdumont6165,13907755.74
2612.0,17160,130,2853520.0,2061732.0,2054901.3330078125,3255948.0,921.6,4218.88,1003.52,4218.88,1.0,0,49.0,94.0,3n-2m-22th-Dc-bt-mz,sequana_cpu_dev,3,11433576.0,2,22,D,bt-mz,32,32,500,1632,1216,34,53688.23,53908.7,107596.92,418.36,420.07,838.43,279.48,128.33, sdumont6167,13987599.6
2629.0,17160,130,2853498.0,2061072.0,2054659.3330078125,3251752.0,921.6,4218.88,1003.52,4218.88,1.0,0,70.0,136.0,3n-2m-22th-Dc-bt-mz,sequana_cpu_dev,3,11433577.0,2,22,D,bt-mz,32,32,500,1632,1216,34,53435.62,53705.14,107140.76,416.39,418.49,834.88,278.29,128.33, sdumont6167,13928298.799999999
2636.0,17160,130,2853492.666015625,2062036.0,2055078.0,3255948.0,921.6,4218.88,1003.52,4218.88,1.0,0,46.0,62.0,3n-2m-22th-Dc-bt-mz,sequana_cpu_dev,3,11433578.0,2,22,D,bt-mz,32,32,500,1632,1216,34,53696.05,53941.4,107637.44,417.34,419.24,836.58,278.86,128.67, sdumont6167,13992867.200000001
2593.0,17160,130,2853501.3330078125,2061328.0,2054695.3330078125,3255816.0,931.84,4218.88,1064.96,4218.88,1.0,0,96.0,291.0,3n-2m-22th-Dc-bt-mz,sequana_cpu_dev,3,11433579.0,2,22,D,bt-mz,32,32,500,1632,1216,34,53533.29,53702.68,107235.97,417.15,418.47,835.62,278.54,128.33, sdumont6166,13940676.1
2782.0,18144,126,2857631.3330078125,2061728.0,2054936.0,3260068.0,921.6,4218.88,1003.52,4218.88,1.0,0,68.0,122.0,3n-2m-24th-Dc-bt-mz,sequana_cpu_dev,3,11433580.0,2,24,D,bt-mz,32,32,500,1632,1216,34,53629.11,53767.78,107396.89,433.66,434.78,868.44,289.48,123.67, sdumont6166,13532008.14
2796.0,18000,125,2857598.0,2061156.0,2054840.666015625,3255872.0,942.08,4218.88,1013.76,4218.88,1.0,0,53.0,64.0,3n-2m-24th-Dc-bt-mz,sequana_cpu_dev,3,11433581.0,2,24,D,bt-mz,32,32,500,1632,1216,34,53828.49,53952.8,107781.29,436.46,437.46,873.92,291.31,123.33, sdumont6167,13472661.25
2777.0,18000,125,2857553.3330078125,2061600.0,2054867.3330078125,3259932.0,931.84,4218.88,1024.0,4218.88,1.0,0,43.0,73.0,3n-2m-24th-Dc-bt-mz,sequana_cpu_dev,3,11433582.0,2,24,D,bt-mz,32,32,500,1632,1216,34,53783.18,53934.06,107717.25,436.09,437.31,873.4,291.13,123.33, sdumont6166,13464656.25
2777.0,18000,125,2857606.0,2061732.0,2055043.3330078125,3259932.0,931.84,4218.88,1013.76,4218.88,1.0,0,54.0,71.0,3n-2m-24th-Dc-bt-mz,sequana_cpu_dev,3,11433583.0,2,24,D,bt-mz,32,32,500,1632,1216,34,53832.15,53964.65,107796.8,436.49,437.56,874.04,291.35,123.33, sdumont6167,13474600.0
2795.0,17856,124,2857597.3330078125,2061512.0,2055250.0,3255872.0,921.6,4218.88,1013.76,4218.88,1.0,0,55.0,68.0,3n-2m-24th-Dc-bt-mz,sequana_cpu_dev,3,11433584.0,2,24,D,bt-mz,32,32,500,1632,1216,34,53856.38,53935.79,107792.17,440.25,440.9,881.15,293.72,122.33, sdumont6166,13366229.08
2850.0,11608,1451,3777912.0,3003648.0,3000566.0,4161248.0,1259.52,4218.88,1689.6,4218.88,26971.0,0,249.0,290.0,2n-2m-2th-Dc-bt-mz,sequana_cpu,2,11433595.0,2,2,D,bt-mz,32,32,500,1632,1216,34,181739.59,199150.04,380889.63,125.34,137.34,262.68,131.34,1450.0, sdumont6282,552670853.13
2846.0,11608,1451,3774838.0,3013284.0,2998425.0,4144756.0,1259.52,4218.88,1689.6,4229.12,1.0,0,17.0,39.0,2n-2m-2th-Dc-bt-mz,sequana_cpu,2,11433773.0,2,2,D,bt-mz,32,32,500,1632,1216,34,181456.29,198795.26,380251.55,125.14,137.1,262.24,131.12,1450.0, sdumont6282,551744999.05
2838.0,11640,1455,3789565.0,3013740.0,3001340.0,4178156.0,5447.68,4218.88,9943.04,4218.88,28.0,0,175.0,379.0,2n-2m-2th-Dc-bt-mz,sequana_cpu,2,11433785.0,2,2,D,bt-mz,32,32,500,1632,1216,34,201930.67,194300.47,396231.14,138.88,133.63,272.51,136.26,1454.0, sdumont6038,576516308.7
2842.0,11624,1453,3789568.0,3013872.0,3001446.0,4178156.0,5355.52,4218.88,9779.2,4229.12,21.0,0,22.0,87.0,2n-2m-2th-Dc-bt-mz,sequana_cpu,2,11433804.0,2,2,D,bt-mz,32,32,500,1632,1216,34,198090.93,190520.24,388611.17,136.47,131.26,267.73,133.86,1451.5, sdumont6038,564652030.01
2849.0,11576,1447,3789568.0,3013628.0,3000811.0,4178156.0,5345.28,4218.88,9748.48,4218.88,30.0,0,18.0,43.0,2n-2m-2th-Dc-bt-mz,sequana_cpu,2,11433810.0,2,2,D,bt-mz,32,32,500,1632,1216,34,198352.35,190726.9,389079.25,137.32,132.04,269.35,134.68,1444.5, sdumont6038,562997674.75
2962.0,12240,765,3983239.0,3013384.0,3002198.0,4144600.0,1218.56,4208.64,1218.56,4208.64,1.0,0,293.0,373.0,4n-1m-4th-Dc-bt-mz,sequana_cpu_dev,4,11433941.0,1,4,D,bt-mz,32,32,500,1632,1216,34,239614.48,130035.24,369649.73,314.04,170.43,484.47,121.12,763.0, sdumont6167,282782043.45
2976.0,12160,760,3983239.0,3013672.0,3002237.0,4144600.0,1218.56,4208.64,1218.56,4208.64,1.0,0,1.0,3.0,4n-1m-4th-Dc-bt-mz,sequana_cpu_dev,4,11433946.0,1,4,D,bt-mz,32,32,500,1632,1216,34,240673.19,130190.05,370863.24,317.09,171.53,488.62,122.16,759.0, sdumont6168,281856062.4
2972.0,12176,761,3983239.0,3013348.0,3002139.0,4144600.0,1218.56,4208.64,1218.56,4208.64,1.0,0,92.0,369.0,4n-1m-4th-Dc-bt-mz,sequana_cpu_dev,4,11433953.0,1,4,D,bt-mz,32,32,500,1632,1216,34,242185.58,132407.62,374593.2,318.67,174.22,492.89,123.22,760.0, sdumont6168,285065425.2
2980.0,12160,760,3983239.0,3013444.0,3002142.0,4144600.0,1218.56,4208.64,1218.56,4208.64,1.0,0,7.0,29.0,4n-1m-4th-Dc-bt-mz,sequana_cpu_dev,4,11433963.0,1,4,D,bt-mz,32,32,500,1632,1216,34,242701.24,132571.2,375272.44,319.76,174.67,494.43,123.61,759.0, sdumont6169,285207054.4
2980.0,12144,759,3987484.0,3013268.0,3002364.0,4161580.0,2273.28,4208.64,5457.92,4208.64,1.0,0,27.0,59.0,4n-1m-4th-Dc-bt-mz,sequana_cpu_dev,4,11433969.0,1,4,D,bt-mz,32,32,500,1632,1216,34,248523.46,131440.98,379964.44,328.3,173.63,501.93,125.48,757.0, sdumont6169,288393009.96
3036.0,12408,517,3987351.0,3013656.0,3003452.0,4148712.0,1085.44,4208.64,1085.44,4208.64,1.0,0,27.0,59.0,4n-1m-6th-Dc-bt-mz,sequana_cpu_dev,4,11433974.0,1,6,D,bt-mz,32,32,500,1632,1216,34,195878.83,88569.08,284447.91,379.61,171.65,551.26,137.81,516.0, sdumont6166,147059569.47
3037.0,12408,517,3987351.0,3013784.0,3002851.0,4148712.0,1085.44,4208.64,1085.44,4208.64,1.0,0,2.0,3.0,4n-1m-6th-Dc-bt-mz,sequana_cpu_dev,4,11433977.0,1,6,D,bt-mz,32,32,500,1632,1216,34,195869.33,88527.93,284397.26,379.59,171.57,551.16,137.79,516.0, sdumont6168,147033383.42000002
3036.0,12384,516,3987351.0,3013676.0,3002403.0,4148712.0,1085.44,4208.64,1085.44,4208.64,1.0,0,1.0,4.0,4n-1m-6th-Dc-bt-mz,sequana_cpu_dev,4,11433981.0,1,6,D,bt-mz,32,32,500,1632,1216,34,196006.53,88688.55,284695.08,380.6,172.21,552.81,138.2,515.0, sdumont6168,146902661.28
3021.0,12456,519,3990391.0,3013688.0,3005011.0,4148580.0,1085.44,4208.64,1085.44,4208.64,1.0,0,84.0,329.0,4n-1m-6th-Dc-bt-mz,sequana_cpu_dev,4,11433982.0,1,6,D,bt-mz,32,32,500,1632,1216,34,195395.49,88638.24,284033.73,377.21,171.12,548.33,137.08,518.0, sdumont6166,147413505.87
3037.0,12408,517,3987351.0,3013708.0,3002972.0,4148712.0,1085.44,4208.64,1085.44,4208.64,1.0,0,21.0,45.0,4n-1m-6th-Dc-bt-mz,sequana_cpu_dev,4,11433988.0,1,6,D,bt-mz,32,32,500,1632,1216,34,195975.14,88652.25,284627.4,379.8,171.81,551.6,137.9,516.0, sdumont6168,147152365.8
3092.0,12512,391,3991516.0,3004416.0,3002788.0,4152816.0,1085.44,4208.64,1085.44,4208.64,4.0,0,6.0,10.0,4n-1m-8th-Dc-bt-mz,sequana_cpu_dev,4,11433992.0,1,8,D,bt-mz,32,32,500,1632,1216,34,161691.84,62463.46,224155.3,414.59,160.16,574.76,143.69,390.0, sdumont6165,87644722.3
2860.0,12448,389,3991516.0,3014048.0,3002727.0,4152816.0,1003.52,4208.64,1013.76,4208.64,1.0,0,10.0,13.0,4n-1m-8th-Dc-bt-mz,sequana_cpu_dev,4,11433995.0,1,8,D,bt-mz,32,32,500,1632,1216,34,162040.04,62491.45,224531.49,417.63,161.06,578.69,144.67,388.0, sdumont6167,87342749.61
2858.0,12512,391,3991516.0,3013664.0,3002709.0,4152816.0,1003.52,4208.64,1013.76,4208.64,1.0,0,6.0,10.0,4n-1m-8th-Dc-bt-mz,sequana_cpu_dev,4,11433996.0,1,8,D,bt-mz,32,32,500,1632,1216,34,161848.71,62478.91,224327.62,416.06,160.61,576.68,144.17,389.0, sdumont6167,87712099.42
2861.0,12480,390,3991516.0,3013972.0,3002816.0,4140524.0,1003.52,4208.64,1003.52,4208.64,1.0,0,16.0,45.0,4n-1m-8th-Dc-bt-mz,sequana_cpu_dev,4,11434004.0,1,8,D,bt-mz,32,32,500,1632,1216,34,161934.37,62521.14,224455.51,416.28,160.72,577.01,144.25,389.0, sdumont6168,87537648.9
2861.0,12512,391,3991450.0,3014024.0,3002700.0,4152816.0,1003.52,4208.64,1013.76,4208.64,1.0,0,7.0,14.0,4n-1m-8th-Dc-bt-mz,sequana_cpu_dev,4,11434014.0,1,8,D,bt-mz,32,32,500,1632,1216,34,161800.3,62473.25,224273.56,415.68,160.5,576.18,144.04,389.25, sdumont6166,87690961.96
2977.0,12640,316,3998710.0,3014192.0,3006458.0,4156932.0,972.8,4208.64,972.8,4208.64,1.0,0,12.0,14.0,4n-1m-10th-Dc-bt-mz,sequana_cpu_dev,4,11434017.0,1,10,D,bt-mz,32,32,500,1632,1216,34,154239.13,52077.0,206316.13,489.65,165.32,654.97,163.74,315.0, sdumont6165,65195897.08
2974.0,12680,317,3995604.0,3014388.0,3003400.0,4156932.0,983.04,4208.64,1003.52,4208.64,1.0,0,37.0,67.0,4n-1m-10th-Dc-bt-mz,sequana_cpu_dev,4,11434022.0,1,10,D,bt-mz,32,32,500,1632,1216,34,153714.15,51962.35,205676.5,487.98,164.96,652.94,163.24,315.0, sdumont6166,65199450.5
2967.0,12680,317,3995637.0,3014128.0,3003030.0,4156932.0,972.8,4208.64,972.8,4208.64,1.0,0,13.0,18.0,4n-1m-10th-Dc-bt-mz,sequana_cpu_dev,4,11434024.0,1,10,D,bt-mz,32,32,500,1632,1216,34,153535.78,52017.2,205552.98,487.42,165.13,652.55,163.14,315.0, sdumont6168,65160294.660000004
2983.0,12600,315,3995604.0,3013992.0,3002928.0,4156932.0,972.8,4208.64,983.04,4208.64,1.0,0,9.0,11.0,4n-1m-10th-Dc-bt-mz,sequana_cpu_dev,4,11434028.0,1,10,D,bt-mz,32,32,500,1632,1216,34,154410.09,52132.92,206543.02,493.32,166.56,659.88,164.97,313.0, sdumont6166,65061051.3
2980.0,12600,315,3995637.0,3014144.0,3002897.0,4156932.0,972.8,4208.64,972.8,4208.64,1.0,0,11.0,14.0,4n-1m-10th-Dc-bt-mz,sequana_cpu_dev,4,11434030.0,1,10,D,bt-mz,32,32,500,1632,1216,34,154266.6,52152.42,206419.01,491.68,166.22,657.9,164.47,313.75, sdumont6168,65021988.150000006
3206.0,13200,275,3999766.0,3014556.0,3003674.0,4148744.0,962.56,4208.64,962.56,4208.64,1.0,0,31.0,69.0,4n-1m-12th-Dc-bt-mz,sequana_cpu_dev,4,11434033.0,1,12,D,bt-mz,32,32,500,1632,1216,34,147296.8,46834.36,194131.16,539.55,171.55,711.1,177.78,273.0, sdumont6166,53386069.0
3195.0,13248,276,3999729.0,3014532.0,3003239.0,4161020.0,962.56,4208.64,962.56,4208.64,1.0,0,19.0,28.0,4n-1m-12th-Dc-bt-mz,sequana_cpu_dev,4,11434035.0,1,12,D,bt-mz,32,32,500,1632,1216,34,147719.5,47009.65,194729.15,539.12,171.57,710.69,177.67,274.0, sdumont6165,53745245.4
3194.0,13248,276,3999771.0,3014644.0,3003287.0,4148728.0,962.56,4208.64,983.04,4208.64,1.0,0,28.0,69.0,4n-1m-12th-Dc-bt-mz,sequana_cpu_dev,4,11434037.0,1,12,D,bt-mz,32,32,500,1632,1216,34,146622.08,46657.87,193279.95,534.64,170.13,704.77,176.19,274.25, sdumont6168,53345266.2
3200.0,13200,275,3999738.0,3016480.0,3004249.0,4148744.0,962.56,4208.64,962.56,4208.64,1.0,0,22.0,32.0,4n-1m-12th-Dc-bt-mz,sequana_cpu_dev,4,11434038.0,1,12,D,bt-mz,32,32,500,1632,1216,34,146886.55,46646.89,193533.45,538.05,170.87,708.91,177.23,273.0, sdumont6167,53221698.75
3208.0,13200,275,3999737.0,3014280.0,3003619.0,4161020.0,962.56,4208.64,962.56,4208.64,1.0,0,17.0,20.0,4n-1m-12th-Dc-bt-mz,sequana_cpu_dev,4,11434039.0,1,12,D,bt-mz,32,32,500,1632,1216,34,146838.2,46631.97,193470.17,537.87,170.81,708.68,177.17,273.0, sdumont6166,53204296.75
3343.0,13608,243,4003845.0,3014376.0,3003909.0,4165136.0,942.08,4208.64,942.08,4208.64,1.0,0,54.0,82.0,4n-1m-14th-Dc-bt-mz,sequana_cpu_dev,4,11434040.0,1,14,D,bt-mz,32,32,500,1632,1216,34,119801.81,35792.06,155593.88,497.1,148.51,645.62,161.4,241.0, sdumont6168,37809312.84
3338.0,13608,243,4003853.0,3014844.0,3003463.0,4152844.0,942.08,4208.64,942.08,4208.64,2.0,0,26.0,31.0,4n-1m-14th-Dc-bt-mz,sequana_cpu_dev,4,11434041.0,1,14,D,bt-mz,32,32,500,1632,1216,34,136711.88,40929.76,177641.64,567.27,169.83,737.1,184.28,241.0, sdumont6168,43166918.52
3344.0,13608,243,4003853.0,3006652.0,3004527.0,4165136.0,942.08,4208.64,942.08,4208.64,4.0,0,25.0,27.0,4n-1m-14th-Dc-bt-mz,sequana_cpu_dev,4,11434042.0,1,14,D,bt-mz,32,32,500,1632,1216,34,132566.95,39564.03,172130.99,550.07,164.17,714.24,178.56,241.0, sdumont6165,41827830.57
3337.0,13664,244,4003882.0,3016516.0,3003871.0,4165136.0,952.32,4208.64,962.56,4208.64,1.0,0,28.0,32.0,4n-1m-14th-Dc-bt-mz,sequana_cpu_dev,4,11434044.0,1,14,D,bt-mz,32,32,500,1632,1216,34,136676.77,41014.78,177691.56,564.78,169.48,734.26,183.57,242.0, sdumont6167,43356740.64
3339.0,13720,245,4003853.0,3014876.0,3003960.0,4165136.0,942.08,4208.64,942.08,4208.64,1.0,0,24.0,27.0,4n-1m-14th-Dc-bt-mz,sequana_cpu_dev,4,11434045.0,1,14,D,bt-mz,32,32,500,1632,1216,34,136560.39,40950.31,177510.7,561.98,168.52,730.5,182.62,243.0, sdumont6167,43490121.5
3334.0,14272,223,4007928.0,3014760.0,3004058.0,4169244.0,931.84,4208.64,931.84,4208.64,1.0,0,26.0,27.0,4n-1m-16th-Dc-bt-mz,sequana_cpu_dev,4,11434046.0,1,16,D,bt-mz,32,32,500,1632,1216,34,122171.34,34994.71,157166.04,552.81,158.35,711.16,177.79,221.0, sdumont6168,35048026.92
3319.0,14400,225,4007925.0,3005292.0,3004107.0,4169244.0,931.84,4208.64,931.84,4208.64,1.0,0,38.0,45.0,4n-1m-16th-Dc-bt-mz,sequana_cpu_dev,4,11434047.0,1,16,D,bt-mz,32,32,500,1632,1216,34,121570.17,35029.76,156599.93,545.16,157.08,702.24,175.56,223.0, sdumont6168,35234984.25
3329.0,14336,224,4007961.0,3015008.0,3003679.0,4169244.0,921.6,4208.64,931.84,4208.64,1.0,0,30.0,36.0,4n-1m-16th-Dc-bt-mz,sequana_cpu_dev,4,11434048.0,1,16,D,bt-mz,32,32,500,1632,1216,34,121928.75,35236.45,157165.2,548.61,158.54,707.16,176.79,222.25, sdumont6167,35205004.800000004
3328.0,14400,225,4007987.0,3014884.0,3004140.0,4156948.0,921.6,4208.64,931.84,4208.64,1.0,0,29.0,40.0,4n-1m-16th-Dc-bt-mz,sequana_cpu_dev,4,11434049.0,1,16,D,bt-mz,32,32,500,1632,1216,34,121661.9,35270.87,156932.77,547.43,158.69,706.12,176.53,222.25, sdumont6165,35309873.25
3327.0,14336,224,4007987.0,3014852.0,3003617.0,4156948.0,921.6,4208.64,931.84,4208.64,1.0,0,46.0,102.0,4n-1m-16th-Dc-bt-mz,sequana_cpu_dev,4,11434050.0,1,16,D,bt-mz,32,32,500,1632,1216,34,121755.07,35224.79,156979.86,548.45,158.67,707.12,176.78,222.0, sdumont6168,35163488.64
3186.0,15192,211,4012105.0,3015132.0,3003933.0,4161060.0,911.36,4208.64,931.84,4208.64,0.0,0,51.0,106.0,4n-1m-18th-Dc-bt-mz,sequana_cpu_dev,4,11434051.0,1,18,D,bt-mz,32,32,500,1632,1216,34,106057.25,29714.09,135771.35,507.45,142.17,649.62,162.41,209.0, sdumont6167,28647754.85
3207.0,15048,209,4012100.0,3015264.0,3004421.0,4173352.0,911.36,4208.64,931.84,4208.64,0.0,0,37.0,41.0,4n-1m-18th-Dc-bt-mz,sequana_cpu_dev,4,11434052.0,1,18,D,bt-mz,32,32,500,1632,1216,34,106502.65,29668.9,136171.55,512.03,142.64,654.67,163.67,208.0, sdumont6168,28459853.95
3214.0,15120,210,4012067.0,3015036.0,3004346.0,4173372.0,911.36,4208.64,911.36,4208.64,1.0,0,36.0,46.0,4n-1m-18th-Dc-bt-mz,sequana_cpu_dev,4,11434053.0,1,18,D,bt-mz,32,32,500,1632,1216,34,106568.29,29662.25,136230.54,514.82,143.3,658.12,164.53,207.0, sdumont6167,28608413.400000002
3196.0,15120,210,4012100.0,3015208.0,3003888.0,4173352.0,911.36,4208.64,911.36,4208.64,1.0,0,35.0,46.0,4n-1m-18th-Dc-bt-mz,sequana_cpu_dev,4,11434054.0,1,18,D,bt-mz,32,32,500,1632,1216,34,106243.41,29653.56,135896.97,510.79,142.57,653.35,163.34,208.0, sdumont6166,28538363.7
3727.0,15264,212,4012067.0,3005572.0,3003851.0,4173352.0,921.6,4208.64,931.84,4208.64,1.0,0,36.0,42.0,4n-1m-18th-Dc-bt-mz,sequana_cpu_dev,4,11434055.0,1,18,D,bt-mz,32,32,500,1632,1216,34,105971.35,29736.17,135707.52,504.63,141.6,646.23,161.56,210.0, sdumont6168,28769994.24
3523.0,16000,200,4016181.0,3015600.0,3004278.0,4165172.0,911.36,4208.64,911.36,4208.64,1.0,0,42.0,54.0,4n-1m-20th-Dc-bt-mz,sequana_cpu_dev,4,11434056.0,1,20,D,bt-mz,32,32,500,1632,1216,34,106584.22,29282.82,135867.04,538.3,147.89,686.2,171.55,198.0, sdumont6166,27173408.0
3820.0,11592,1932,4947092.0,3958820.0,3951537.333007813,5080768.0,1843.2,4218.88,1843.2,4218.88,7943.0,0,364.0,366.0,3n-1m-2th-Dc-bt-mz,sequana_cpu,3,11434057.0,1,2,D,bt-mz,32,32,500,1632,1216,34,341676.79,238290.25,579967.04,177.49,123.79,301.28,100.43,1925.0, sdumont6281,1120496321.28
3528.0,16000,200,4016177.0,3015608.0,3004706.0,4165172.0,911.36,4208.64,911.36,4208.64,1.0,0,65.0,123.0,4n-1m-20th-Dc-bt-mz,sequana_cpu_dev,4,11434058.0,1,20,D,bt-mz,32,32,500,1632,1216,34,106789.39,29318.71,136108.11,539.34,148.07,687.41,171.85,198.0, sdumont6165,27221621.999999996
3551.0,15840,198,4016177.0,3015364.0,3004620.0,4165172.0,911.36,4208.64,911.36,4208.64,1.0,0,43.0,51.0,4n-1m-20th-Dc-bt-mz,sequana_cpu_dev,4,11434059.0,1,20,D,bt-mz,32,32,500,1632,1216,34,107143.61,29127.67,136271.28,546.65,148.61,695.26,173.82,196.0, sdumont6167,26981713.44
3544.0,15920,199,4016181.0,3015500.0,3004635.0,4165188.0,911.36,4208.64,911.36,4208.64,1.0,0,37.0,43.0,4n-1m-20th-Dc-bt-mz,sequana_cpu_dev,4,11434060.0,1,20,D,bt-mz,32,32,500,1632,1216,34,106779.79,29327.42,136107.21,542.03,148.87,690.9,172.72,197.0, sdumont6165,27085334.79
3539.0,15920,199,4016177.0,3006132.0,3004742.0,4177464.0,911.36,4208.64,911.36,4208.64,1.0,0,42.0,48.0,4n-1m-20th-Dc-bt-mz,sequana_cpu_dev,4,11434061.0,1,20,D,bt-mz,32,32,500,1632,1216,34,106761.3,29304.12,136065.42,541.94,148.75,690.69,172.67,197.0, sdumont6168,27077018.580000002
3889.0,16720,190,4020305.0,3015728.0,3004501.0,4181600.0,911.36,4208.64,911.36,4208.64,1.0,0,50.0,60.0,4n-1m-22th-Dc-bt-mz,sequana_cpu_dev,4,11434062.0,1,22,D,bt-mz,32,32,500,1632,1216,34,107233.95,29036.09,136270.04,570.39,154.45,724.84,181.21,188.0, sdumont6168,25891307.6
3860.0,16808,191,4020305.0,3017572.0,3005404.0,4181600.0,911.36,4208.64,911.36,4208.64,1.0,0,48.0,62.0,4n-1m-22th-Dc-bt-mz,sequana_cpu_dev,4,11434063.0,1,22,D,bt-mz,32,32,500,1632,1216,34,106869.3,29087.61,135956.92,565.45,153.9,719.35,179.84,189.0, sdumont6166,25967771.720000003
3885.0,16632,189,4020338.0,3006204.0,3005010.0,4181600.0,911.36,4208.64,911.36,4208.64,1.0,0,43.0,52.0,4n-1m-22th-Dc-bt-mz,sequana_cpu_dev,4,11434064.0,1,22,D,bt-mz,32,32,500,1632,1216,34,107322.85,28911.02,136233.86,573.92,154.6,728.52,182.13,187.0, sdumont6165,25748199.54
3880.0,16720,190,4020305.0,3006204.0,3004932.0,4181600.0,911.36,4208.64,911.36,4208.64,1.0,0,52.0,65.0,4n-1m-22th-Dc-bt-mz,sequana_cpu_dev,4,11434065.0,1,22,D,bt-mz,32,32,500,1632,1216,34,107172.05,28991.47,136163.52,570.06,154.21,724.27,181.07,188.0, sdumont6166,25871068.799999997
3891.0,16632,189,4020338.0,3005928.0,3004893.0,4181600.0,911.36,4208.64,911.36,4208.64,1.0,0,48.0,57.0,4n-1m-22th-Dc-bt-mz,sequana_cpu_dev,4,11434066.0,1,22,D,bt-mz,32,32,500,1632,1216,34,107298.37,28944.03,136242.4,573.79,154.78,728.57,182.14,187.0, sdumont6166,25749813.599999998
4140.0,17664,184,4024372.0,3015700.0,3005223.0,4185704.0,911.36,4208.64,911.36,4208.64,1.0,0,58.0,64.0,4n-1m-24th-Dc-bt-mz,sequana_cpu_dev,4,11434067.0,1,24,D,bt-mz,32,32,500,1632,1216,34,107682.71,29110.74,136793.44,591.66,159.95,751.61,187.9,182.0, sdumont6168,25169992.96
4131.0,17760,185,4027478.0,3017608.0,3008204.0,4185704.0,911.36,4208.64,911.36,4208.64,1.0,0,56.0,64.0,4n-1m-24th-Dc-bt-mz,sequana_cpu_dev,4,11434068.0,1,24,D,bt-mz,32,32,500,1632,1216,34,107563.71,29230.86,136794.57,587.78,159.73,747.51,186.88,183.0, sdumont6166,25306995.450000003
4135.0,17664,184,4024430.0,3015736.0,3004662.0,4185688.0,911.36,4208.64,911.36,4208.64,1.0,0,53.0,58.0,4n-1m-24th-Dc-bt-mz,sequana_cpu_dev,4,11434069.0,1,24,D,bt-mz,32,32,500,1632,1216,34,107668.62,29278.16,136946.78,591.59,160.87,752.45,188.11,182.0, sdumont6165,25198207.52
4147.0,17568,183,4024438.0,3015852.0,3005200.0,4185688.0,911.36,4208.64,911.36,4208.64,1.0,0,57.0,67.0,4n-1m-24th-Dc-bt-mz,sequana_cpu_dev,4,11434070.0,1,24,D,bt-mz,32,32,500,1632,1216,34,107591.03,29012.3,136603.33,594.43,160.29,754.71,188.68,181.0, sdumont6166,24998409.389999997
4119.0,17760,185,4024438.0,3016036.0,3004715.0,4185688.0,921.6,4208.64,931.84,4208.64,1.0,0,51.0,60.0,4n-1m-24th-Dc-bt-mz,sequana_cpu_dev,4,11434088.0,1,24,D,bt-mz,32,32,500,1632,1216,34,107459.38,29357.15,136816.53,587.21,160.42,747.63,186.91,183.0, sdumont6165,25311058.05
3786.0,18824,181,4031625.0,3016148.0,3007388.0,4189804.0,890.88,4208.64,890.88,4208.64,0.0,0,63.0,71.0,4n-1m-26th-Dc-bt-mz,sequana_cpu_dev,4,11434089.0,1,26,D,bt-mz,32,32,500,1632,1216,34,89510.67,39200.17,128710.83,502.87,220.23,723.09,180.77,178.0, sdumont6165,23296660.23
4520.0,18928,182,4028546.0,3016360.0,3004995.0,4189800.0,911.36,4208.64,911.36,4208.64,1.0,0,48.0,60.0,4n-1m-26th-Dc-bt-mz,sequana_cpu_dev,4,11434090.0,1,26,D,bt-mz,32,32,500,1632,1216,34,89349.56,39237.45,128587.01,496.39,217.99,714.37,178.59,180.0, sdumont6165,23402835.82
4562.0,18928,182,4028518.0,3016324.0,3004960.0,4189800.0,911.36,4208.64,911.36,4208.64,1.0,0,55.0,69.0,4n-1m-26th-Dc-bt-mz,sequana_cpu_dev,4,11434091.0,1,26,D,bt-mz,32,32,500,1632,1216,34,89436.26,39191.6,128627.86,496.87,217.73,714.6,178.65,180.0, sdumont6167,23410270.52
3787.0,18824,181,4028552.0,3016368.0,3005936.0,4189804.0,890.88,4208.64,890.88,4208.64,1.0,0,60.0,69.0,4n-1m-26th-Dc-bt-mz,sequana_cpu_dev,4,11434092.0,1,26,D,bt-mz,32,32,500,1632,1216,34,89450.12,39262.76,128712.88,499.72,219.35,719.07,179.77,179.0, sdumont6168,23297031.28
3792.0,18824,181,4028519.0,3016304.0,3005446.0,4189804.0,890.88,4208.64,890.88,4208.64,1.0,0,59.0,66.0,4n-1m-26th-Dc-bt-mz,sequana_cpu_dev,4,11434093.0,1,26,D,bt-mz,32,32,500,1632,1216,34,89562.71,39220.65,128783.36,500.35,219.11,719.46,179.87,179.0, sdumont6165,23309788.16
4076.0,19264,172,4032634.0,3016664.0,3005256.0,4181640.0,890.88,4208.64,890.88,4208.64,1.0,0,61.0,72.0,4n-1m-28th-Dc-bt-mz,sequana_cpu_dev,4,11434094.0,1,28,D,bt-mz,32,32,500,1632,1216,34,89277.74,47009.66,136287.39,525.16,276.53,801.69,200.42,170.0, sdumont6167,23441431.080000002
4087.0,19040,170,4032665.0,3016432.0,3005642.0,4181632.0,890.88,4208.64,901.12,4208.64,1.0,0,55.0,72.0,4n-1m-28th-Dc-bt-mz,sequana_cpu_dev,4,11434095.0,1,28,D,bt-mz,32,32,500,1632,1216,34,89579.71,47190.66,136770.36,533.21,280.9,814.11,203.53,168.0, sdumont6168,23250961.2
4069.0,19152,171,4032632.0,3006888.0,3005570.0,4193924.0,901.12,4208.64,921.6,4208.64,1.0,0,63.0,77.0,4n-1m-28th-Dc-bt-mz,sequana_cpu_dev,4,11434096.0,1,28,D,bt-mz,32,32,500,1632,1216,34,89268.18,47037.83,136306.01,528.21,278.33,806.54,201.64,169.0, sdumont6165,23308327.71
4046.0,19264,172,4032628.0,3016464.0,3006205.0,4193908.0,890.88,4208.64,890.88,4208.64,1.0,0,64.0,74.0,4n-1m-28th-Dc-bt-mz,sequana_cpu_dev,4,11434097.0,1,28,D,bt-mz,32,32,500,1632,1216,34,89169.37,46919.48,136088.85,524.53,276.0,800.52,200.13,170.0, sdumont6167,23407282.2
4101.0,18928,169,4032628.0,3016604.0,3005745.0,4181636.0,890.88,4208.64,890.88,4208.64,1.0,0,66.0,81.0,4n-1m-28th-Dc-bt-mz,sequana_cpu_dev,4,11434098.0,1,28,D,bt-mz,32,32,500,1632,1216,34,89610.8,47285.31,136896.11,536.59,283.15,819.74,204.93,167.0, sdumont6168,23135442.589999996
4324.0,19560,163,4036737.0,3016512.0,3006423.0,4198036.0,890.88,4208.64,890.88,4208.64,1.0,0,113.0,174.0,4n-1m-30th-Dc-bt-mz,sequana_cpu_dev,4,11434099.0,1,30,D,bt-mz,32,32,500,1632,1216,34,89141.72,54621.18,143762.9,553.68,339.26,892.94,223.23,161.0, sdumont6167,23433352.7
4375.0,19320,161,4036771.0,3016652.0,3005549.0,4185732.0,890.88,4208.64,890.88,4208.64,1.0,0,83.0,101.0,4n-1m-30th-Dc-bt-mz,sequana_cpu_dev,4,11434100.0,1,30,D,bt-mz,32,32,500,1632,1216,34,89471.35,55041.03,144512.38,562.71,346.17,908.88,227.22,159.0, sdumont6165,23266493.18
4439.0,19320,161,4036738.0,3016568.0,3005883.0,4185732.0,901.12,4208.64,921.6,4208.64,1.0,0,496.0,511.0,4n-1m-30th-Dc-bt-mz,sequana_cpu_dev,4,11434101.0,1,30,D,bt-mz,32,32,500,1632,1216,34,90155.72,56506.95,146662.67,567.02,355.39,922.41,230.6,159.0, sdumont6182,23612689.87
4421.0,19560,163,4036738.0,3016672.0,3005500.0,4198024.0,890.88,4208.64,890.88,4208.64,1.0,0,69.0,76.0,4n-1m-30th-Dc-bt-mz,sequana_cpu_dev,4,11434102.0,1,30,D,bt-mz,32,32,500,1632,1216,34,90187.96,56010.39,146198.35,560.17,347.89,908.06,227.02,161.0, sdumont6183,23830331.05
4392.0,19800,165,4036767.0,3016888.0,3006413.0,4185732.0,890.88,4208.64,890.88,4208.64,1.0,0,61.0,73.0,4n-1m-30th-Dc-bt-mz,sequana_cpu_dev,4,11434105.0,1,30,D,bt-mz,32,32,500,1632,1216,34,90074.12,55612.06,145686.17,552.6,341.18,893.78,223.45,163.0, sdumont6182,24038218.05
4697.0,19584,153,4040852.0,3016692.0,3005580.0,4202144.0,890.88,4208.64,901.12,4208.64,1.0,0,93.0,116.0,4n-1m-32th-Dc-bt-mz,sequana_cpu_dev,4,11434106.0,1,32,D,bt-mz,32,32,500,1632,1216,34,90078.38,64557.75,154636.13,596.55,427.53,1024.08,256.02,151.0, sdumont6182,23659327.89
4619.0,20224,158,4040881.0,3008420.0,3006653.0,4202144.0,890.88,4208.64,890.88,4208.64,1.0,0,67.0,83.0,4n-1m-32th-Dc-bt-mz,sequana_cpu_dev,4,11434107.0,1,32,D,bt-mz,32,32,500,1632,1216,34,90026.52,63864.41,153890.93,577.09,409.39,986.48,246.62,156.0, sdumont6183,24314766.939999998
4641.0,20096,157,4040821.0,3016728.0,3006080.0,4202152.0,890.88,4208.64,890.88,4208.64,1.0,0,88.0,100.0,4n-1m-32th-Dc-bt-mz,sequana_cpu_dev,4,11434108.0,1,32,D,bt-mz,32,32,500,1632,1216,34,89939.47,63846.75,153786.23,580.25,411.91,992.17,248.04,155.0, sdumont6182,24144438.110000003
4562.0,20352,159,4040819.0,3007484.0,3006163.0,4202144.0,901.12,4208.64,921.6,4208.64,1.0,0,74.0,84.0,4n-1m-32th-Dc-bt-mz,sequana_cpu_dev,4,11434109.0,1,32,D,bt-mz,32,32,500,1632,1216,34,89769.44,63410.16,153179.6,571.78,403.89,975.67,243.92,157.0, sdumont6181,24355556.400000002
3823.0,11544,1924,4947060.0,3958852.0,3951712.0,5080768.0,1843.2,4218.88,1843.2,4218.88,26.0,0,0.0,0.0,3n-1m-2th-Dc-bt-mz,sequana_cpu,3,11434110.0,1,2,D,bt-mz,32,32,500,1632,1216,34,341839.04,237979.57,579818.61,177.76,123.75,301.52,100.51,1923.0, sdumont6283,1115571005.6399999
4663.0,19584,153,4040852.0,3017012.0,3006565.0,4189852.0,901.12,4208.64,921.6,4208.64,1.0,0,73.0,88.0,4n-1m-32th-Dc-bt-mz,sequana_cpu_dev,4,11434111.0,1,32,D,bt-mz,32,32,500,1632,1216,34,90088.48,64441.24,154529.72,596.61,426.76,1023.38,255.84,151.0, sdumont6180,23643047.16
3932.0,20536,151,4045002.0,3007584.0,3005978.0,4206264.0,880.64,4208.64,880.64,4208.64,1.0,0,85.0,101.0,4n-1m-34th-Dc-bt-mz,sequana_cpu_dev,4,11434112.0,1,34,D,bt-mz,32,32,500,1632,1216,34,71826.77,57273.35,129100.12,482.06,384.38,866.44,216.61,149.0, sdumont6183,19494118.12
3980.0,20264,149,4045002.0,3017136.0,3005997.0,4193972.0,880.64,4208.64,880.64,4208.64,1.0,0,77.0,100.0,4n-1m-34th-Dc-bt-mz,sequana_cpu_dev,4,11434113.0,1,34,D,bt-mz,32,32,500,1632,1216,34,72065.16,57853.96,129919.12,490.24,393.56,883.8,220.95,147.0, sdumont6180,19357948.88
3994.0,20264,149,4045002.0,3019112.0,3006409.0,4206264.0,880.64,4208.64,880.64,4208.64,1.0,0,86.0,99.0,4n-1m-34th-Dc-bt-mz,sequana_cpu_dev,4,11434114.0,1,34,D,bt-mz,32,32,500,1632,1216,34,72084.55,57936.85,130021.41,490.37,394.13,884.5,221.12,147.0, sdumont6181,19373190.09
3907.0,20536,151,4044960.0,3017116.0,3005929.0,4206260.0,880.64,4208.64,880.64,4208.64,1.0,0,83.0,88.0,4n-1m-34th-Dc-bt-mz,sequana_cpu_dev,4,11434118.0,1,34,D,bt-mz,32,32,500,1632,1216,34,71809.02,57137.88,128946.9,481.94,383.48,865.42,216.35,149.0, sdumont6182,19470981.9
3947.0,20536,151,4044936.0,3017016.0,3005880.0,4193972.0,880.64,4208.64,880.64,4208.64,1.0,0,78.0,85.0,4n-1m-34th-Dc-bt-mz,sequana_cpu_dev,4,11434119.0,1,34,D,bt-mz,32,32,500,1632,1216,34,71927.53,57404.7,129332.23,482.74,385.27,868.0,217.0,149.0, sdumont6181,19529166.73
4185.0,20736,144,4049045.0,3017012.0,3005917.0,4198084.0,890.88,4208.64,901.12,4208.64,1.0,0,100.0,113.0,4n-1m-36th-Dc-bt-mz,sequana_cpu_dev,4,11434120.0,1,36,D,bt-mz,32,32,500,1632,1216,34,71957.13,61005.06,132962.19,503.2,426.61,929.81,232.45,143.0, sdumont6181,19146555.36
3825.0,11550,1925,4947052.0,3959056.0,3952372.0,5080768.0,1843.2,4218.88,1843.2,4218.88,1.0,0,80.0,217.0,3n-1m-2th-Dc-bt-mz,sequana_cpu,3,11434121.0,1,2,D,bt-mz,32,32,500,1632,1216,34,341742.14,237987.0,579729.14,177.62,123.69,301.31,100.44,1924.0, sdumont6281,1115978594.5
4244.0,20592,143,4049077.0,3007716.0,3006099.0,4210376.0,880.64,4208.64,880.64,4208.64,1.0,0,119.0,200.0,4n-1m-36th-Dc-bt-mz,sequana_cpu_dev,4,11434122.0,1,36,D,bt-mz,32,32,500,1632,1216,34,72014.7,61490.36,133505.06,510.74,436.1,946.84,236.71,141.0, sdumont6181,19091223.58
4177.0,20880,145,4049102.0,3007700.0,3006159.0,4210376.0,880.64,4208.64,901.12,4208.64,1.0,0,103.0,208.0,4n-1m-36th-Dc-bt-mz,sequana_cpu_dev,4,11434123.0,1,36,D,bt-mz,32,32,500,1632,1216,34,71923.78,60647.84,132571.62,502.96,424.11,927.07,231.77,143.0, sdumont6180,19222884.9
4246.0,20448,142,4049077.0,3017596.0,3006130.0,4210376.0,880.64,4208.64,901.12,4208.64,1.0,0,88.0,99.0,4n-1m-36th-Dc-bt-mz,sequana_cpu_dev,4,11434125.0,1,36,D,bt-mz,32,32,500,1632,1216,34,72105.7,61448.34,133554.04,515.04,438.92,953.96,238.49,140.0, sdumont6180,18964673.68
4195.0,20592,143,4049111.0,3019352.0,3006665.0,4210376.0,880.64,4208.64,880.64,4208.64,1.0,0,67.0,93.0,4n-1m-36th-Dc-bt-mz,sequana_cpu_dev,4,11434126.0,1,36,D,bt-mz,32,32,500,1632,1216,34,71934.38,61001.84,132936.23,510.17,432.64,942.81,235.7,141.0, sdumont6181,19009880.89
4469.0,21128,139,4053179.0,3017616.0,3006406.0,4214464.0,880.64,4208.64,880.64,4208.64,0.0,0,112.0,195.0,4n-1m-38th-Dc-bt-mz,sequana_cpu_dev,4,11434127.0,1,38,D,bt-mz,32,32,500,1632,1216,34,71997.09,64327.6,136324.69,525.53,469.54,995.07,248.77,137.0, sdumont6180,18949131.91
4374.0,21280,140,4053188.0,3017456.0,3006882.0,4202188.0,880.64,4208.64,880.64,4208.64,1.0,0,125.0,203.0,4n-1m-38th-Dc-bt-mz,sequana_cpu_dev,4,11434128.0,1,38,D,bt-mz,32,32,500,1632,1216,34,71702.59,63472.57,135175.15,519.58,459.95,979.53,244.88,138.0, sdumont6180,18924521.0
4455.0,20824,137,4053189.0,3008336.0,3006582.0,4214488.0,880.64,4208.64,880.64,4208.64,1.0,0,78.0,93.0,4n-1m-38th-Dc-bt-mz,sequana_cpu_dev,4,11434129.0,1,38,D,bt-mz,32,32,500,1632,1216,34,72001.04,64433.9,136434.94,533.34,477.29,1010.63,252.66,135.0, sdumont6183,18691586.78
3826.0,11538,1923,4947104.0,3958712.0,3951606.666015625,5080768.0,1843.2,4218.88,1843.2,4218.88,24.0,0,2.0,8.0,3n-1m-2th-Dc-bt-mz,sequana_cpu,3,11434130.0,1,2,D,bt-mz,32,32,500,1632,1216,34,342010.51,238726.54,580737.05,177.95,124.21,302.15,100.72,1922.0, sdumont6282,1116757347.15
4331.0,21128,139,4053174.0,3017540.0,3006344.0,4214464.0,880.64,4208.64,880.64,4208.64,1.0,0,535.0,547.0,4n-1m-38th-Dc-bt-mz,sequana_cpu_dev,4,11434131.0,1,38,D,bt-mz,32,32,500,1632,1216,34,69616.97,61872.15,131489.12,508.15,451.62,959.77,239.94,137.0, sdumont6167,18276987.68
4467.0,20824,137,4053221.0,3017780.0,3006485.0,4214484.0,880.64,4208.64,880.64,4208.64,1.0,0,91.0,101.0,4n-1m-38th-Dc-bt-mz,sequana_cpu_dev,4,11434132.0,1,38,D,bt-mz,32,32,500,1632,1216,34,71065.93,63300.23,134366.17,526.41,468.89,995.3,248.83,135.0, sdumont6168,18408165.290000003
4672.0,21120,132,4057329.0,3008224.0,3006687.0,4218588.0,880.64,4208.64,880.64,4208.64,1.0,0,90.0,103.0,4n-1m-40th-Dc-bt-mz,sequana_cpu_dev,4,11434134.0,1,40,D,bt-mz,32,32,500,1632,1216,34,70942.08,66226.25,137168.32,545.71,509.43,1055.14,263.79,130.0, sdumont6168,18106218.240000002
4674.0,21280,133,4057324.0,3017888.0,3006600.0,4218588.0,880.64,4208.64,880.64,4208.64,1.0,0,94.0,109.0,4n-1m-40th-Dc-bt-mz,sequana_cpu_dev,4,11434136.0,1,40,D,bt-mz,32,32,500,1632,1216,34,70785.29,65952.79,136738.09,544.5,507.33,1051.83,262.96,130.0, sdumont6165,18186165.97
4610.0,21440,134,4057296.0,3017752.0,3007175.0,4218588.0,880.64,4208.64,880.64,4208.64,1.0,0,94.0,115.0,4n-1m-40th-Dc-bt-mz,sequana_cpu_dev,4,11434138.0,1,40,D,bt-mz,32,32,500,1632,1216,34,70247.54,65391.59,135639.13,532.18,495.39,1027.57,256.89,132.0, sdumont6166,18175643.42
4645.0,21600,135,4057263.0,3017736.0,3006683.0,4218588.0,880.64,4208.64,880.64,4208.64,1.0,0,95.0,96.0,4n-1m-40th-Dc-bt-mz,sequana_cpu_dev,4,11434139.0,1,40,D,bt-mz,32,32,500,1632,1216,34,70454.55,65470.72,135925.27,529.73,492.26,1021.99,255.5,133.0, sdumont6168,18349911.45
4635.0,21280,133,4057292.0,3017704.0,3006623.0,4218572.0,880.64,4208.64,880.64,4208.64,1.0,0,90.0,104.0,4n-1m-40th-Dc-bt-mz,sequana_cpu_dev,4,11434140.0,1,40,D,bt-mz,32,32,500,1632,1216,34,70459.23,65599.11,136058.34,537.86,500.76,1038.61,259.65,131.0, sdumont6167,18095759.22
3826.0,11532,1922,4947060.0,3958856.0,3951726.666015625,5080768.0,1843.2,4218.88,1843.2,4218.88,28.0,0,25.0,38.0,3n-1m-2th-Dc-bt-mz,sequana_cpu,3,11434141.0,1,2,D,bt-mz,32,32,500,1632,1216,34,399940.68,238969.92,638910.61,208.19,124.4,332.59,110.86,1921.0, sdumont6181,1227986192.42
4730.0,22848,136,4061409.0,3008628.0,3007126.0,4222704.0,890.88,4208.64,901.12,4208.64,1.0,0,90.0,99.0,4n-1m-42th-Dc-bt-mz,sequana_cpu_dev,4,11434142.0,1,42,D,bt-mz,32,32,500,1632,1216,34,69237.53,66012.09,135249.63,528.53,503.91,1032.44,258.11,131.0, sdumont6165,18393949.68
4861.0,21336,127,4061410.0,3018176.0,3006863.0,4222704.0,880.64,4208.64,880.64,4208.64,1.0,0,99.0,114.0,4n-1m-42th-Dc-bt-mz,sequana_cpu_dev,4,11434143.0,1,42,D,bt-mz,32,32,500,1632,1216,34,70595.99,67749.68,138345.67,569.32,546.37,1115.69,278.92,124.0, sdumont6168,17569900.09
4818.0,22176,132,4061438.0,3018044.0,3007354.0,4222704.0,880.64,4208.64,880.64,4208.64,1.0,0,97.0,102.0,4n-1m-42th-Dc-bt-mz,sequana_cpu_dev,4,11434145.0,1,42,D,bt-mz,32,32,500,1632,1216,34,69712.15,66522.23,136234.39,536.25,511.71,1047.96,261.99,130.0, sdumont6168,17982939.48
4887.0,21336,127,4061377.0,3018016.0,3007927.0,4222704.0,880.64,4208.64,880.64,4208.64,1.0,0,106.0,110.0,4n-1m-42th-Dc-bt-mz,sequana_cpu_dev,4,11434147.0,1,42,D,bt-mz,32,32,500,1632,1216,34,70794.86,67905.87,138700.73,566.36,543.25,1109.61,277.4,125.0, sdumont6166,17614992.71
4828.0,21672,129,4061443.0,3018172.0,3007494.0,4222704.0,880.64,4208.64,880.64,4208.64,1.0,0,79.0,88.0,4n-1m-42th-Dc-bt-mz,sequana_cpu_dev,4,11434148.0,1,42,D,bt-mz,32,32,500,1632,1216,34,70088.78,66975.57,137064.35,551.88,527.37,1079.25,269.81,127.0, sdumont6167,17681301.150000002
5154.0,21648,123,4065503.0,3008816.0,3007556.0,4226812.0,880.64,4208.64,880.64,4208.64,1.0,0,93.0,124.0,4n-1m-44th-Dc-bt-mz,sequana_cpu_dev,4,11434150.0,1,44,D,bt-mz,32,32,500,1632,1216,34,70865.55,69963.24,140828.79,585.67,578.21,1163.87,290.97,121.0, sdumont6166,17321941.17
5094.0,22704,129,4065505.0,3017980.0,3007198.0,4226820.0,880.64,4208.64,901.12,4208.64,1.0,0,125.0,174.0,4n-1m-44th-Dc-bt-mz,sequana_cpu_dev,4,11434151.0,1,44,D,bt-mz,32,32,500,1632,1216,34,70249.77,69364.42,139614.19,571.14,563.94,1135.07,283.77,123.0, sdumont6165,18010230.51
5060.0,22176,126,4065498.0,3018448.0,3007236.0,4226748.0,880.64,4208.64,880.64,4208.64,1.0,0,108.0,153.0,4n-1m-44th-Dc-bt-mz,sequana_cpu_dev,4,11434152.0,1,44,D,bt-mz,32,32,500,1632,1216,34,70075.01,69049.55,139124.56,560.6,552.4,1113.0,278.25,125.0, sdumont6166,17529694.56
5038.0,22880,130,4065502.0,3018352.0,3008156.0,4226812.0,880.64,4208.64,880.64,4208.64,1.0,0,99.0,117.0,4n-1m-44th-Dc-bt-mz,sequana_cpu_dev,4,11434154.0,1,44,D,bt-mz,32,32,500,1632,1216,34,70065.31,69183.64,139248.95,569.64,562.47,1132.11,283.03,123.0, sdumont6166,18102363.5
5120.0,21824,124,4065503.0,3018568.0,3007632.0,4226812.0,880.64,4208.64,880.64,4208.64,1.0,0,132.0,240.0,4n-1m-44th-Dc-bt-mz,sequana_cpu_dev,4,11434156.0,1,44,D,bt-mz,32,32,500,1632,1216,34,70526.46,69575.58,140102.04,578.09,570.29,1148.38,287.09,122.0, sdumont6165,17372652.96
4022.0,24104,131,4069670.0,3018688.0,3007354.0,4218640.0,860.16,4208.64,870.4,4218.88,1.0,0,108.0,122.0,4n-1m-46th-Dc-bt-mz,sequana_cpu_dev,4,11434157.0,1,46,D,bt-mz,32,32,500,1632,1216,34,52844.14,52579.39,105423.53,447.83,445.59,893.42,223.35,118.0, sdumont6168,13810482.43
4016.0,22264,121,4069637.0,3018632.0,3007502.0,4230932.0,860.16,4208.64,860.16,4218.88,1.0,0,135.0,251.0,4n-1m-46th-Dc-bt-mz,sequana_cpu_dev,4,11434158.0,1,46,D,bt-mz,32,32,500,1632,1216,34,52796.46,52546.94,105343.4,443.67,441.57,885.24,221.31,119.0, sdumont6166,12746551.399999999
5233.0,24104,131,4069670.0,3008984.0,3007372.0,4230932.0,880.64,4208.64,880.64,4218.88,1.0,0,129.0,226.0,4n-1m-46th-Dc-bt-mz,sequana_cpu_dev,4,11434160.0,1,46,D,bt-mz,32,32,500,1632,1216,34,65060.34,64690.68,129751.02,537.69,534.63,1072.32,268.08,121.0, sdumont6167,16997383.62
4579.0,22264,121,4069670.0,3018488.0,3007305.0,4230932.0,962.56,4218.88,993.28,4218.88,1.0,0,47.0,106.0,4n-1m-46th-Dc-bt-mz,sequana_cpu_dev,4,11434161.0,1,46,D,bt-mz,32,32,500,1632,1216,34,52323.35,51957.87,104281.22,439.69,436.62,876.31,219.08,119.0, sdumont6167,12618027.620000001
4004.0,24288,132,4069637.0,3018580.0,3007863.0,4230932.0,860.16,4208.64,870.4,4218.88,1.0,0,133.0,240.0,4n-1m-46th-Dc-bt-mz,sequana_cpu_dev,4,11434163.0,1,46,D,bt-mz,32,32,500,1632,1216,34,52918.2,52579.92,105498.12,448.46,445.59,894.05,223.51,118.0, sdumont6168,13925751.84
4146.0,22464,117,4073774.0,3018924.0,3008132.0,4235036.0,860.16,4208.64,870.4,4218.88,1.0,0,95.0,111.0,4n-1m-48th-Dc-bt-mz,sequana_cpu_dev,4,11434164.0,1,48,D,bt-mz,32,32,500,1632,1216,34,52580.59,53600.86,106181.46,457.22,466.09,923.32,230.83,115.0, sdumont6165,12423230.82
4133.0,25536,133,4073774.0,3009184.0,3008134.0,4235036.0,860.16,4208.64,860.16,4218.88,1.0,0,101.0,107.0,4n-1m-48th-Dc-bt-mz,sequana_cpu_dev,4,11434166.0,1,48,D,bt-mz,32,32,500,1632,1216,34,52398.12,53443.74,105841.86,447.85,456.78,904.63,226.16,117.0, sdumont6165,14076967.38
4187.0,22656,118,4073774.0,3009272.0,3007606.0,4235036.0,860.16,4208.64,870.4,4218.88,1.0,0,107.0,133.0,4n-1m-48th-Dc-bt-mz,sequana_cpu_dev,4,11434169.0,1,48,D,bt-mz,32,32,500,1632,1216,34,52684.58,53707.99,106392.57,454.18,463.0,917.18,229.29,116.0, sdumont6166,12554323.260000002
4818.0,25728,134,4073708.0,3009396.0,3007719.0,4235036.0,952.32,4218.88,962.56,4218.88,1.0,0,52.0,127.0,4n-1m-48th-Dc-bt-mz,sequana_cpu_dev,4,11434171.0,1,48,D,bt-mz,32,32,500,1632,1216,34,52005.16,53146.94,105152.1,437.02,446.61,883.63,220.91,119.0, sdumont6168,14090381.4
4065.0,23232,121,4073769.0,3011372.0,3008138.0,4235036.0,860.16,4208.64,860.16,4218.88,1.0,0,117.0,147.0,4n-1m-48th-Dc-bt-mz,sequana_cpu_dev,4,11434178.0,1,48,D,bt-mz,32,32,500,1632,1216,34,51874.13,53190.64,105064.77,435.92,446.98,882.9,220.72,119.0, sdumont6167,12712837.17
2811.0,11316,2829,3977114.0,3021100.0,3008287.0,4138428.0,2324.48,4218.88,2334.72,4218.88,18235.0,0,294.0,387.0,4n-1m-1th-Dc-bt-mz,sequana_cpu,4,11434814.0,1,1,D,bt-mz,32,32,500,1632,1216,34,630985.35,449871.8,1080857.15,223.12,159.08,382.2,95.55,2828.0, sdumont6203,3057744877.35
1419.0,11632,727,2329162.5,1584716.0,1578026.5,2737972.0,1105.92,4218.88,1351.68,4218.88,1.0,0,94.0,258.0,4n-2m-2th-Dc-bt-mz,sequana_cpu_dev,4,11434845.0,2,2,D,bt-mz,32,32,500,1632,1216,34,183115.34,191716.93,374832.27,252.22,264.07,516.3,129.07,726.0, sdumont6165,272503060.29
1425.0,11568,723,2329102.5,1584628.0,1577727.0,2742128.0,1105.92,4218.88,1372.16,4229.12,1.0,0,3.0,18.0,4n-2m-2th-Dc-bt-mz,sequana_cpu_dev,4,11434852.0,2,2,D,bt-mz,32,32,500,1632,1216,34,177482.98,186100.34,363583.33,245.82,257.76,503.58,125.89,722.0, sdumont6165,262870747.59
1426.0,11584,724,2329137.0,1584764.0,1577818.0,2742128.0,1095.68,4218.88,1331.2,4218.88,1.0,0,0.0,0.0,4n-2m-2th-Dc-bt-mz,sequana_cpu_dev,4,11434856.0,2,2,D,bt-mz,32,32,500,1632,1216,34,177356.9,186070.15,363427.05,245.31,257.36,502.67,125.67,723.0, sdumont6168,263121184.2
1425.0,11552,722,2329153.5,1584948.0,1577807.0,2737932.0,1095.68,4218.88,1331.2,4218.88,3.0,0,0.0,1.0,4n-2m-2th-Dc-bt-mz,sequana_cpu_dev,4,11434861.0,2,2,D,bt-mz,32,32,500,1632,1216,34,177381.83,186170.06,363551.89,246.36,258.57,504.93,126.23,720.0, sdumont6167,262484464.58
1425.0,11568,723,2329119.5,1584824.0,1577823.0,2737932.0,1105.92,4218.88,1382.4,4218.88,1.0,0,6.0,32.0,4n-2m-2th-Dc-bt-mz,sequana_cpu_dev,4,11434864.0,2,2,D,bt-mz,32,32,500,1632,1216,34,177397.86,186176.78,363574.64,245.87,258.04,503.9,125.98,721.5, sdumont6168,262864464.72
1460.0,12128,379,2333245.0,1585192.0,1578085.5,2746244.0,1003.52,4218.88,1157.12,4218.88,1.0,0,40.0,68.0,4n-2m-4th-Dc-bt-mz,sequana_cpu_dev,4,11434880.0,2,4,D,bt-mz,32,32,500,1632,1216,34,114803.06,120174.44,234977.5,303.71,317.92,621.63,155.41,378.0, sdumont6168,89056472.5
1460.0,12128,379,2331758.5,1585064.0,1576917.5,2746252.0,1003.52,4218.88,1146.88,4218.88,1.0,0,4.0,12.0,4n-2m-4th-Dc-bt-mz,sequana_cpu_dev,4,11434881.0,2,4,D,bt-mz,32,32,500,1632,1216,34,114864.48,120256.31,235120.78,303.87,318.14,622.01,155.5,378.0, sdumont6165,89110775.62
1460.0,12128,379,2331720.0,1585008.0,1576983.0,2742048.0,1003.52,4218.88,1146.88,4218.88,1.0,0,1.0,4.0,4n-2m-4th-Dc-bt-mz,sequana_cpu_dev,4,11434884.0,2,4,D,bt-mz,32,32,500,1632,1216,34,114982.56,120244.71,235227.27,304.19,318.11,622.29,155.57,378.0, sdumont6165,89151135.33
1451.0,12128,379,2333272.0,1586908.0,1578329.5,2742024.0,1003.52,4218.88,1146.88,4218.88,1.0,0,2.0,3.0,4n-2m-4th-Dc-bt-mz,sequana_cpu_dev,4,11434887.0,2,4,D,bt-mz,32,32,500,1632,1216,34,114974.84,120256.36,235231.2,304.17,318.14,622.3,155.58,378.0, sdumont6165,89152624.8
1461.0,12128,379,2331732.0,1585004.0,1576705.0,2746244.0,1003.52,4218.88,1157.12,4218.88,1.0,0,1.0,3.0,4n-2m-4th-Dc-bt-mz,sequana_cpu_dev,4,11434889.0,2,4,D,bt-mz,32,32,500,1632,1216,34,114793.55,120226.69,235020.24,304.3,318.7,622.99,155.75,377.25, sdumont6167,89072670.96
1469.0,12432,259,2335822.5,1585424.0,1577077.0,2746164.0,972.8,4218.88,1085.44,4218.88,1.0,0,3.0,9.0,4n-2m-6th-Dc-bt-mz,sequana_cpu_dev,4,11434892.0,2,6,D,bt-mz,32,32,500,1632,1216,34,91123.18,94679.0,185802.18,354.19,368.03,722.23,180.56,257.25, sdumont6166,48122764.62
1454.0,12528,261,2337377.0,1585536.0,1576968.5,2750368.0,972.8,4218.88,1095.68,4218.88,1.0,0,8.0,29.0,4n-2m-6th-Dc-bt-mz,sequana_cpu_dev,4,11434894.0,2,6,D,bt-mz,32,32,500,1632,1216,34,91000.88,94641.26,185642.14,352.39,366.48,718.87,179.72,258.25, sdumont6166,48452598.54000001
1453.0,12480,260,2335811.0,1585332.0,1577500.0,2750360.0,972.8,4218.88,1085.44,4218.88,1.0,0,30.0,82.0,4n-2m-6th-Dc-bt-mz,sequana_cpu_dev,4,11434897.0,2,6,D,bt-mz,32,32,500,1632,1216,34,91096.39,94598.07,185694.46,352.76,366.32,719.07,179.77,258.25, sdumont6168,48280559.6
1481.0,12432,259,2337396.5,1585496.0,1578385.0,2746192.0,972.8,4218.88,1085.44,4218.88,1.0,0,19.0,29.0,4n-2m-6th-Dc-bt-mz,sequana_cpu_dev,4,11434900.0,2,6,D,bt-mz,32,32,500,1632,1216,34,91369.28,94908.92,186278.2,355.19,368.95,724.14,181.03,257.25, sdumont6168,48246053.800000004
1482.0,12480,260,2335839.5,1585292.0,1577072.0,2750364.0,972.8,4218.88,1085.44,4218.88,1.0,0,8.0,29.0,4n-2m-6th-Dc-bt-mz,sequana_cpu_dev,4,11434902.0,2,6,D,bt-mz,32,32,500,1632,1216,34,91304.18,94767.73,186071.91,353.56,366.97,720.53,180.13,258.25, sdumont6166,48378696.6
1487.0,12608,197,2341484.5,1585520.0,1578538.0,2754452.0,962.56,4218.88,1064.96,4218.88,1.0,0,6.0,10.0,4n-2m-8th-Dc-bt-mz,sequana_cpu_dev,4,11434906.0,2,8,D,bt-mz,32,32,500,1632,1216,34,80129.99,82953.95,163083.94,410.92,425.4,836.33,209.08,195.0, sdumont6168,32127536.18
1472.0,12608,197,2341471.5,1585692.0,1578698.5,2750256.0,952.32,4218.88,1054.72,4218.88,1.0,0,9.0,55.0,4n-2m-8th-Dc-bt-mz,sequana_cpu_dev,4,11434907.0,2,8,D,bt-mz,32,32,500,1632,1216,34,80067.11,82871.6,162938.71,410.6,424.98,835.58,208.9,195.0, sdumont6167,32098925.869999997
1487.0,12672,198,2339951.5,1586708.0,1577774.0,2754480.0,952.32,4218.88,1054.72,4218.88,1.0,0,6.0,9.0,4n-2m-8th-Dc-bt-mz,sequana_cpu_dev,4,11434908.0,2,8,D,bt-mz,32,32,500,1632,1216,34,79979.11,82779.86,162758.97,409.07,423.43,832.51,208.13,195.5, sdumont6168,32226276.06
1486.0,12672,198,2339926.0,1585300.0,1577258.0,2754480.0,962.56,4218.88,1105.92,4218.88,1.0,0,5.0,7.0,4n-2m-8th-Dc-bt-mz,sequana_cpu_dev,4,11434910.0,2,8,D,bt-mz,32,32,500,1632,1216,34,79998.75,82735.58,162734.34,409.74,423.76,833.5,208.38,195.25, sdumont6168,32221399.32
1488.0,12608,197,2339921.5,1585640.0,1577312.0,2754480.0,952.32,4218.88,1054.72,4218.88,1.0,0,7.0,11.0,4n-2m-8th-Dc-bt-mz,sequana_cpu_dev,4,11434911.0,2,8,D,bt-mz,32,32,500,1632,1216,34,80152.97,82865.73,163018.7,411.04,424.95,835.99,209.0,195.0, sdumont6165,32114683.900000002
1524.0,12800,160,2345644.0,1586072.0,1579121.0,2758600.0,942.08,4218.88,1034.24,4218.88,1.0,0,11.0,18.0,4n-2m-10th-Dc-bt-mz,sequana_cpu_dev,4,11434912.0,2,10,D,bt-mz,32,32,500,1632,1216,34,76174.86,79094.81,155269.67,482.12,500.6,982.72,245.68,158.0, sdumont6166,24843147.200000003
1524.0,12800,160,2345592.0,1585596.0,1578682.0,2758604.0,952.32,4218.88,1044.48,4218.88,1.0,0,11.0,16.0,4n-2m-10th-Dc-bt-mz,sequana_cpu_dev,4,11434915.0,2,10,D,bt-mz,32,32,500,1632,1216,34,76128.6,78974.58,155103.18,481.83,499.84,981.67,245.42,158.0, sdumont6167,24816508.799999997
1523.0,12800,160,2344078.0,1585888.0,1577555.0,2758604.0,952.32,4218.88,1044.48,4218.88,1.0,0,11.0,13.0,4n-2m-10th-Dc-bt-mz,sequana_cpu_dev,4,11434916.0,2,10,D,bt-mz,32,32,500,1632,1216,34,76164.49,79015.67,155180.17,482.05,500.1,982.15,245.54,158.0, sdumont6166,24828827.200000003
1515.0,12800,160,2344075.5,1586036.0,1577572.5,2758604.0,952.32,4218.88,1044.48,4218.88,1.0,0,10.0,15.0,4n-2m-10th-Dc-bt-mz,sequana_cpu_dev,4,11434917.0,2,10,D,bt-mz,32,32,500,1632,1216,34,76355.24,79250.17,155605.4,483.26,501.58,984.84,246.21,158.0, sdumont6165,24896864.0
1503.0,12880,161,2344060.5,1585960.0,1576341.5,2758600.0,952.32,4218.88,1044.48,4218.88,1.0,0,15.0,39.0,4n-2m-10th-Dc-bt-mz,sequana_cpu_dev,4,11434919.0,2,10,D,bt-mz,32,32,500,1632,1216,34,76191.18,79152.81,155343.99,479.19,497.82,977.01,244.25,159.0, sdumont6167,25010382.389999997
1506.0,13344,139,2349748.5,1586084.0,1579106.5,2758528.0,931.84,4218.88,1024.0,4218.88,1.0,0,48.0,93.0,4n-2m-12th-Dc-bt-mz,sequana_cpu_dev,4,11434920.0,2,12,D,bt-mz,32,32,500,1632,1216,34,64827.94,69309.41,134137.35,473.2,505.91,979.1,244.78,137.0, sdumont6165,18645091.650000002
1452.0,13440,140,2349731.0,1586176.0,1579096.0,2758528.0,942.08,4218.88,1024.0,4218.88,0.0,0,44.0,74.0,4n-2m-12th-Dc-bt-mz,sequana_cpu_dev,4,11434921.0,2,12,D,bt-mz,32,32,500,1632,1216,34,64378.42,69091.78,133470.21,466.51,500.67,967.18,241.79,138.0, sdumont6168,18685829.4
1483.0,13344,139,2348212.5,1586208.0,1578087.5,2762724.0,942.08,4218.88,1024.0,4218.88,1.0,0,27.0,63.0,4n-2m-12th-Dc-bt-mz,sequana_cpu_dev,4,11434923.0,2,12,D,bt-mz,32,32,500,1632,1216,34,64905.93,69411.94,134317.87,473.77,506.66,980.42,245.11,137.0, sdumont6165,18670183.93
1483.0,13344,139,2348195.5,1586220.0,1578034.5,2758524.0,942.08,4218.88,1064.96,4218.88,1.0,0,16.0,25.0,4n-2m-12th-Dc-bt-mz,sequana_cpu_dev,4,11434924.0,2,12,D,bt-mz,32,32,500,1632,1216,34,64824.74,69337.69,134162.43,473.17,506.11,979.29,244.82,137.0, sdumont6165,18648577.77
1510.0,13344,139,2349736.5,1587772.0,1579327.5,2762752.0,952.32,4218.88,1075.2,4218.88,1.0,0,19.0,27.0,4n-2m-12th-Dc-bt-mz,sequana_cpu_dev,4,11434925.0,2,12,D,bt-mz,32,32,500,1632,1216,34,64814.51,69459.12,134273.63,473.1,507.0,980.1,245.02,137.0, sdumont6165,18664034.57
1664.0,13888,124,2352274.5,1586352.0,1578012.5,2766832.0,952.32,4218.88,1075.2,4218.88,1.0,0,16.0,30.0,4n-2m-14th-Dc-bt-mz,sequana_cpu_dev,4,11434927.0,2,14,D,bt-mz,32,32,500,1632,1216,34,67693.39,70487.66,138181.05,554.86,577.77,1132.63,283.16,122.0, sdumont6166,17134450.2
2813.0,11364,2841,3977096.0,3009684.0,3007725.0,4138412.0,2324.48,4218.88,2324.48,4218.88,408.0,0,17.0,37.0,4n-1m-1th-Dc-bt-mz,sequana_cpu,4,11434928.0,1,1,D,bt-mz,32,32,500,1632,1216,34,638008.61,454550.29,1092558.9,224.65,160.05,384.7,96.18,2840.0, sdumont6203,3103959834.8999996
1674.0,13888,124,2353828.5,1586136.0,1579575.5,2762640.0,931.84,4218.88,1013.76,4218.88,1.0,0,24.0,29.0,4n-2m-14th-Dc-bt-mz,sequana_cpu_dev,4,11434930.0,2,14,D,bt-mz,32,32,500,1632,1216,34,67739.59,70502.3,138241.89,555.24,577.89,1133.13,283.28,122.0, sdumont6166,17141994.360000003
1670.0,13888,124,2352328.0,1586544.0,1578082.5,2762640.0,942.08,4218.88,1024.0,4218.88,1.0,0,19.0,26.0,4n-2m-14th-Dc-bt-mz,sequana_cpu_dev,4,11434931.0,2,14,D,bt-mz,32,32,500,1632,1216,34,67787.18,70569.45,138356.63,555.63,578.44,1134.07,283.52,122.0, sdumont6168,17156222.12
1675.0,13888,124,2353842.0,1586448.0,1579342.0,2766832.0,942.08,4218.88,1064.96,4218.88,1.0,0,26.0,54.0,4n-2m-14th-Dc-bt-mz,sequana_cpu_dev,4,11434933.0,2,14,D,bt-mz,32,32,500,1632,1216,34,67726.52,70460.77,138187.29,555.14,577.55,1132.68,283.17,122.0, sdumont6166,17135223.96
1675.0,13888,124,2353863.0,1586320.0,1579368.5,2762640.0,942.08,4218.88,1024.0,4218.88,1.0,0,26.0,38.0,4n-2m-14th-Dc-bt-mz,sequana_cpu_dev,4,11434934.0,2,14,D,bt-mz,32,32,500,1632,1216,34,67749.55,70491.78,138241.33,555.32,577.8,1133.13,283.28,122.0, sdumont6167,17141924.919999998
1538.0,14592,114,2356424.0,1586664.0,1578330.5,2770948.0,942.08,4218.88,1013.76,4218.88,1.0,0,26.0,42.0,4n-2m-16th-Dc-bt-mz,sequana_cpu_dev,4,11434935.0,2,16,D,bt-mz,32,32,500,1632,1216,34,52010.63,53926.85,105937.47,464.38,481.49,945.87,236.47,112.0, sdumont6166,12076871.58
1581.0,14720,115,2356390.0,1586540.0,1578325.0,2770948.0,931.84,4218.88,1003.52,4218.88,1.0,0,30.0,40.0,4n-2m-16th-Dc-bt-mz,sequana_cpu_dev,4,11434937.0,2,16,D,bt-mz,32,32,500,1632,1216,34,51884.8,53913.21,105798.01,461.24,479.24,940.48,235.12,112.5, sdumont6166,12166771.149999999
1489.0,14720,115,2356440.5,1586480.0,1577547.0,2770948.0,931.84,4218.88,1013.76,4218.88,1.0,0,28.0,58.0,4n-2m-16th-Dc-bt-mz,sequana_cpu_dev,4,11434938.0,2,16,D,bt-mz,32,32,500,1632,1216,34,51901.49,53875.65,105777.14,459.31,476.78,936.08,234.02,113.0, sdumont6166,12164371.1
1579.0,14720,115,2356418.0,1586812.0,1578528.5,2766752.0,931.84,4218.88,1013.76,4218.88,1.0,0,64.0,127.0,4n-2m-16th-Dc-bt-mz,sequana_cpu_dev,4,11434939.0,2,16,D,bt-mz,32,32,500,1632,1216,34,51538.58,53680.64,105219.22,456.09,475.05,931.14,232.79,113.0, sdumont6165,12100210.3
1531.0,14720,115,2356425.0,1588428.0,1578528.0,2766752.0,931.84,4218.88,1013.76,4218.88,1.0,0,44.0,83.0,4n-2m-16th-Dc-bt-mz,sequana_cpu_dev,4,11434941.0,2,16,D,bt-mz,32,32,500,1632,1216,34,51624.23,53701.86,105326.09,456.85,475.24,932.09,233.02,113.0, sdumont6165,12112500.35
1721.0,15552,108,2362068.5,1587112.0,1579838.5,2775072.0,931.84,4218.88,1024.0,4218.88,1.0,0,37.0,49.0,4n-2m-18th-Dc-bt-mz,sequana_cpu_dev,4,11434942.0,2,18,D,bt-mz,32,32,500,1632,1216,34,52362.13,53865.52,106227.66,493.98,508.17,1002.15,250.54,106.0, sdumont6168,11472587.280000001
1719.0,15696,109,2362103.0,1588292.0,1580295.0,2775072.0,931.84,4218.88,1013.76,4218.88,1.0,0,38.0,55.0,4n-2m-18th-Dc-bt-mz,sequana_cpu_dev,4,11434943.0,2,18,D,bt-mz,32,32,500,1632,1216,34,52331.99,53808.88,106140.87,489.08,502.89,991.97,247.99,107.0, sdumont6167,11569354.83
2813.0,11312,2828,3977146.0,3018856.0,3007932.0,4138428.0,2324.48,4218.88,2334.72,4218.88,14.0,0,21.0,54.0,4n-1m-1th-Dc-bt-mz,sequana_cpu,4,11434945.0,1,1,D,bt-mz,32,32,500,1632,1216,34,631168.42,449410.08,1080578.5,223.26,158.97,382.24,95.56,2827.0, sdumont6244,3055875998.0
1616.0,15552,108,2362106.0,1586692.0,1579873.0,2770904.0,952.32,4218.88,1064.96,4218.88,1.0,0,21.0,46.0,4n-2m-18th-Dc-bt-mz,sequana_cpu_dev,4,11434946.0,2,18,D,bt-mz,32,32,500,1632,1216,34,52453.09,53804.17,106257.26,494.84,507.59,1002.43,250.61,106.0, sdumont6165,11475784.08
1720.0,15552,108,2360549.5,1587040.0,1578666.0,2775072.0,931.84,4218.88,1003.52,4218.88,1.0,0,36.0,52.0,4n-2m-18th-Dc-bt-mz,sequana_cpu_dev,4,11434947.0,2,18,D,bt-mz,32,32,500,1632,1216,34,52377.46,53828.36,106205.82,494.13,507.81,1001.94,250.49,106.0, sdumont6165,11470228.56
1651.0,15552,108,2362103.0,1586948.0,1579935.5,2770880.0,931.84,4218.88,1013.76,4218.88,1.0,0,29.0,47.0,4n-2m-18th-Dc-bt-mz,sequana_cpu_dev,4,11434948.0,2,18,D,bt-mz,32,32,500,1632,1216,34,52386.98,53883.47,106270.45,494.22,508.33,1002.55,250.64,106.0, sdumont6168,11477208.6
1843.0,16320,102,2364680.0,1587084.0,1579035.0,2774996.0,931.84,4218.88,1013.76,4218.88,1.0,0,48.0,64.0,4n-2m-20th-Dc-bt-mz,sequana_cpu_dev,4,11434950.0,2,20,D,bt-mz,32,32,500,1632,1216,34,53076.12,53916.26,106992.38,530.76,539.16,1069.92,267.48,100.0, sdumont6168,10913222.76
1846.0,16320,102,2366226.0,1587112.0,1580155.0,2779192.0,931.84,4218.88,1013.76,4218.88,1.0,0,50.0,73.0,4n-2m-20th-Dc-bt-mz,sequana_cpu_dev,4,11434951.0,2,20,D,bt-mz,32,32,500,1632,1216,34,53195.62,53972.61,107168.23,531.96,539.73,1071.68,267.92,100.0, sdumont6167,10931159.459999999
1848.0,16320,102,2364680.5,1587072.0,1578829.0,2779192.0,931.84,4218.88,1013.76,4218.88,1.0,0,42.0,53.0,4n-2m-20th-Dc-bt-mz,sequana_cpu_dev,4,11434952.0,2,20,D,bt-mz,32,32,500,1632,1216,34,53141.59,53992.91,107134.51,531.42,539.93,1071.35,267.84,100.0, sdumont6166,10927720.02
1848.0,16480,103,2364693.5,1587152.0,1578833.5,2779192.0,931.84,4218.88,1003.52,4218.88,1.0,0,48.0,83.0,4n-2m-20th-Dc-bt-mz,sequana_cpu_dev,4,11434954.0,2,20,D,bt-mz,32,32,500,1632,1216,34,53093.47,53978.82,107072.29,525.68,534.44,1060.12,265.03,101.0, sdumont6167,11028445.87
1847.0,16320,102,2364693.0,1586924.0,1578925.0,2774992.0,931.84,4218.88,1013.76,4218.88,1.0,0,45.0,60.0,4n-2m-20th-Dc-bt-mz,sequana_cpu_dev,4,11434955.0,2,20,D,bt-mz,32,32,500,1632,1216,34,53108.57,53980.27,107088.84,531.09,539.8,1070.89,267.72,100.0, sdumont6168,10923061.68
1955.0,17248,98,2368783.0,1587332.0,1577897.5,2779108.0,931.84,4218.88,1024.0,4218.88,1.0,0,45.0,89.0,4n-2m-22th-Dc-bt-mz,sequana_cpu_dev,4,11434956.0,2,22,D,bt-mz,32,32,500,1632,1216,34,53127.42,53864.81,106992.23,553.41,561.09,1114.5,278.63,96.0, sdumont6168,10485238.54
1989.0,17248,98,2368778.5,1587492.0,1579091.0,2779112.0,931.84,4218.88,1054.72,4218.88,1.0,0,81.0,111.0,4n-2m-22th-Dc-bt-mz,sequana_cpu_dev,4,11434958.0,2,22,D,bt-mz,32,32,500,1632,1216,34,53193.16,53818.06,107011.22,559.93,566.51,1126.43,281.61,95.0, sdumont6168,10487099.56
2811.0,11304,2826,3980198.0,3014144.0,3008261.0,4138428.0,2324.48,4218.88,2334.72,4218.88,39.0,0,104.0,386.0,4n-1m-1th-Dc-bt-mz,sequana_cpu,4,11434959.0,1,1,D,bt-mz,32,32,500,1632,1216,34,631145.4,449610.23,1080755.63,223.49,159.21,382.7,95.68,2824.0, sdumont6203,3054215410.3799996
1989.0,17248,98,2370326.5,1587240.0,1580364.5,2779136.0,931.84,4218.88,1013.76,4218.88,1.0,0,60.0,93.0,4n-2m-22th-Dc-bt-mz,sequana_cpu_dev,4,11434960.0,2,22,D,bt-mz,32,32,500,1632,1216,34,53058.08,53853.62,106911.69,552.69,560.98,1113.66,278.42,96.0, sdumont6166,10477345.620000001
1982.0,17072,97,2368792.5,1587272.0,1579143.5,2783304.0,931.84,4218.88,1013.76,4218.88,1.0,0,51.0,66.0,4n-2m-22th-Dc-bt-mz,sequana_cpu_dev,4,11434961.0,2,22,D,bt-mz,32,32,500,1632,1216,34,53085.6,53841.73,106927.33,558.8,566.76,1125.55,281.39,95.0, sdumont6165,10371951.01
1985.0,17248,98,2368783.0,1587416.0,1579616.5,2783308.0,942.08,4218.88,1013.76,4218.88,1.0,0,44.0,62.0,4n-2m-22th-Dc-bt-mz,sequana_cpu_dev,4,11434963.0,2,22,D,bt-mz,32,32,500,1632,1216,34,53156.58,53940.16,107096.74,553.71,561.88,1115.59,278.9,96.0, sdumont6168,10495480.520000001
2089.0,18048,94,2372899.0,1587624.0,1579341.0,2787424.0,931.84,4218.88,1013.76,4218.88,1.0,0,47.0,66.0,4n-2m-24th-Dc-bt-mz,sequana_cpu_dev,4,11434964.0,2,24,D,bt-mz,32,32,500,1632,1216,34,53741.07,53985.25,107726.32,584.14,586.8,1170.94,292.73,92.0, sdumont6168,10126274.08
2084.0,18048,94,2372931.5,1587484.0,1579319.0,2787424.0,931.84,4218.88,1013.76,4218.88,1.0,0,45.0,113.0,4n-2m-24th-Dc-bt-mz,sequana_cpu_dev,4,11434965.0,2,24,D,bt-mz,32,32,500,1632,1216,34,53583.31,53847.09,107430.4,582.43,585.29,1167.72,291.93,92.0, sdumont6167,10098457.6
2092.0,18240,95,2374468.5,1587688.0,1580613.0,2783228.0,931.84,4218.88,1003.52,4218.88,1.0,0,52.0,71.0,4n-2m-24th-Dc-bt-mz,sequana_cpu_dev,4,11434967.0,2,24,D,bt-mz,32,32,500,1632,1216,34,53635.92,53927.62,107563.54,576.73,579.87,1156.6,289.15,93.0, sdumont6165,10218536.299999999
2037.0,18624,97,2374459.0,1587448.0,1580842.5,2783228.0,942.08,4218.88,1064.96,4218.88,1.0,0,41.0,67.0,4n-2m-24th-Dc-bt-mz,sequana_cpu_dev,4,11434969.0,2,24,D,bt-mz,32,32,500,1632,1216,34,52803.01,53179.33,105982.34,555.82,559.78,1115.6,278.9,95.0, sdumont6168,10280286.98
2094.0,18048,94,2372932.5,1587608.0,1579338.5,2787424.0,931.84,4218.88,1013.76,4218.88,0.0,0,52.0,69.0,4n-2m-24th-Dc-bt-mz,sequana_cpu_dev,4,11434970.0,2,24,D,bt-mz,32,32,500,1632,1216,34,53659.46,53889.21,107548.67,583.26,585.75,1169.01,292.25,92.0, sdumont6166,10109574.98
2813.0,11300,2825,3977129.0,3019648.0,3006715.0,4126136.0,2324.48,4218.88,2334.72,4218.88,10.0,0,48.0,84.0,4n-1m-1th-Dc-bt-mz,sequana_cpu,4,11434972.0,1,1,D,bt-mz,32,32,500,1632,1216,34,630721.56,449881.29,1080602.85,223.34,159.31,382.65,95.66,2824.0, sdumont6105,3052703051.2500005
2858.0,11640,1455,3979082.0,3013152.0,3001995.0,4128036.0,1587.2,4208.64,1587.2,4218.88,29.0,0,100.0,367.0,4n-1m-2th-Dc-bt-mz,sequana_cpu,4,11434977.0,1,2,D,bt-mz,32,32,500,1632,1216,34,381786.82,232064.12,613850.94,262.58,159.6,422.18,105.55,1454.0, sdumont6244,893153117.6999999
2863.0,11624,1453,3979177.0,3013176.0,3001924.0,4128188.0,1587.2,4208.64,1587.2,4218.88,7.0,0,21.0,54.0,4n-1m-2th-Dc-bt-mz,sequana_cpu,4,11434981.0,1,2,D,bt-mz,32,32,500,1632,1216,34,382163.25,232190.65,614353.9,263.2,159.91,423.11,105.78,1452.0, sdumont6203,892656216.7
2858.0,11656,1457,3979116.0,3013228.0,3002032.0,4128056.0,1587.2,4208.64,1587.2,4218.88,14.0,0,98.0,160.0,4n-1m-2th-Dc-bt-mz,sequana_cpu,4,11434984.0,1,2,D,bt-mz,32,32,500,1632,1216,34,362124.66,237365.5,599490.15,248.71,163.03,411.74,102.93,1456.0, sdumont6105,873457148.5500001
2865.0,11592,1449,3979149.0,3013180.0,3001937.0,4140480.0,1597.44,4208.64,1607.68,4218.88,28.0,0,7.0,23.0,4n-1m-2th-Dc-bt-mz,sequana_cpu,4,11434989.0,1,2,D,bt-mz,32,32,500,1632,1216,34,355000.67,232183.98,587184.65,245.29,160.43,405.72,101.43,1447.25, sdumont6105,850830557.85
2864.0,11592,1449,3979144.0,3013292.0,3002417.0,4140464.0,1587.2,4208.64,1587.2,4218.88,22.0,0,31.0,76.0,4n-1m-2th-Dc-bt-mz,sequana_cpu,4,11434996.0,1,2,D,bt-mz,32,32,500,1632,1216,34,355412.83,232272.48,587685.31,245.45,160.41,405.86,101.47,1448.0, sdumont6103,851556014.19
