AveCPU,CPUTimeRAW,ElapsedRaw,AveVMSize,MaxRSS,AveRSS,MaxVMSize,AveDiskRead,AveDiskWrite,MaxDiskRead,MaxDiskWrite,Planned,ConsumedEnergyRaw,AvePages,MaxPages,JobName,Partition,NNodes,JobID,Bootstrap,Thread,Tamanho,Nome do Arquivo,Consumo de Energia P0 (J),Consumo de Energia P1 (J),Consumo de Energia Total (J),Power P0 (W),Power P1 (W),Power Total (W),Potência por nó (W),Tempo (s),NodeList,EDP
0.0,1296,27,265348.0,3128.0,3128.0,265348.0,0.0,0.0,0.0,0.0,1.0,0,0.0,0.0,100bs-1n-48th-187026s-DENV_1-colombia-BVBRC_genome_sequence,sequana_cpu_dev,1,11307338.0,100,48,187026,DENV_1-colombia-BVBRC_genome_sequence,2201.78,1915.49,4117.27,84.68,73.67,158.36,158.36,26.0, sdumont6068,111166.29000000001
0.0,336,14,265348.0,3108.0,3108.0,265348.0,0.0,0.0,0.0,0.0,4.0,0,0.0,0.0,100bs-1n-24th-187026s-DENV_1-colombia-BVBRC_genome_sequence,sequana_cpu_dev,1,11307354.0,100,24,187026,DENV_1-colombia-BVBRC_genome_sequence,1239.89,358.15,1598.05,103.32,29.85,133.17,133.17,12.0, sdumont6068,22372.7
0.0,42,21,265348.0,3024.0,3024.0,265348.0,0.0,0.0,0.0,0.0,25.0,0,0.0,0.0,100bs-1n-2th-187026s-DENV_1-colombia-BVBRC_genome_sequence,sequana_cpu_dev,1,11307355.0,100,2,187026,DENV_1-colombia-BVBRC_genome_sequence,981.6,536.97,1518.58,49.08,26.85,75.93,75.93,20.0, sdumont6068,31890.18
3901.0,5664,118,4210016.0,145940.0,145940.0,4210016.0,1699.84,4270.08,1699.84,4270.08,16.0,0,298.0,298.0,100bs-1n-48th-377019s-DENV_1-usa-BVBRC_genome_sequence,sequana_cpu_dev,1,11307357.0,100,48,377019,DENV_1-usa-BVBRC_genome_sequence,13051.93,13331.71,26383.64,112.52,114.93,227.45,227.45,116.0, sdumont6169,3113269.52
1400.0,1584,66,2588024.0,145368.0,145368.0,2588024.0,1607.68,4280.32,1607.68,4280.32,6.0,0,26.0,26.0,100bs-1n-24th-377019s-DENV_1-usa-BVBRC_genome_sequence,sequana_cpu_dev,1,11307369.0,100,24,377019,DENV_1-usa-BVBRC_genome_sequence,7868.43,2123.1,9991.52,124.9,33.7,158.6,158.6,63.0, sdumont6068,659440.3200000001
176.0,220,110,1102524.0,143708.0,143708.0,1102524.0,1699.84,4270.08,1699.84,4270.08,1.0,0,0.0,0.0,100bs-1n-2th-377019s-DENV_1-usa-BVBRC_genome_sequence,sequana_cpu_dev,1,11307371.0,100,2,377019,DENV_1-usa-BVBRC_genome_sequence,6913.61,3502.12,10415.74,63.43,32.13,95.56,95.56,109.0, sdumont6068,1145731.4
1379.0,1776,37,4209072.0,144900.0,144900.0,4209072.0,1157.12,4249.6,1157.12,4249.6,1.0,0,22.0,22.0,100bs-1n-48th-198574s-DENV_2-colombia-BVBRC_genome_sequence,sequana_cpu_dev,1,11307374.0,100,48,198574,DENV_2-colombia-BVBRC_genome_sequence,3681.48,3210.12,6891.6,105.19,91.72,196.9,196.9,35.0, sdumont6068,254989.2
0.0,624,26,265348.0,3112.0,3112.0,265348.0,0.0,0.0,0.0,0.0,1.0,0,0.0,0.0,100bs-1n-24th-198574s-DENV_2-colombia-BVBRC_genome_sequence,sequana_cpu_dev,1,11307382.0,100,24,198574,DENV_2-colombia-BVBRC_genome_sequence,2577.63,705.86,3283.49,103.11,28.23,131.34,131.34,25.0, sdumont6068,85370.73999999999
33.0,102,51,1100600.0,138996.0,138996.0,1100600.0,1157.12,4229.12,1157.12,4229.12,1.0,0,234.0,234.0,100bs-1n-2th-198574s-DENV_2-colombia-BVBRC_genome_sequence,sequana_cpu_dev,1,11307390.0,100,2,198574,DENV_2-colombia-BVBRC_genome_sequence,2395.43,1891.77,4287.2,47.91,37.84,85.74,85.74,50.0, sdumont6165,218647.19999999998
2814.0,3072,64,4209240.0,151052.0,151052.0,4209240.0,1341.44,4259.84,1341.44,4259.84,0.0,0,19.0,19.0,100bs-1n-48th-242689s-DENV_2-mexico-BVBRC_genome_sequence,sequana_cpu_dev,1,11307395.0,100,48,242689,DENV_2-mexico-BVBRC_genome_sequence,7363.53,6421.08,13784.62,116.88,101.92,218.8,218.8,63.0, sdumont6068,882215.68
702.0,792,33,2587216.0,142764.0,142764.0,2587216.0,1249.28,4259.84,1249.28,4259.84,1.0,0,25.0,25.0,100bs-1n-24th-242689s-DENV_2-mexico-BVBRC_genome_sequence,sequana_cpu_dev,1,11307399.0,100,24,242689,DENV_2-mexico-BVBRC_genome_sequence,3871.11,1070.53,4941.63,124.87,34.53,159.41,159.41,31.0, sdumont6068,163073.79
57.0,106,53,1100800.0,139180.0,139180.0,1100800.0,1249.28,4239.36,1249.28,4239.36,1.0,0,0.0,0.0,100bs-1n-2th-242689s-DENV_2-mexico-BVBRC_genome_sequence,sequana_cpu_dev,1,11307402.0,100,2,242689,DENV_2-mexico-BVBRC_genome_sequence,2728.8,1943.38,4672.18,52.48,37.37,89.85,89.85,52.0, sdumont6165,247625.54
2808.0,3408,71,4209632.0,147956.0,147956.0,4209632.0,1433.6,4259.84,1433.6,4259.84,1.0,0,21.0,21.0,100bs-1n-48th-287037s-DENV_2-peru-BVBRC_genome_sequence,sequana_cpu_dev,1,11307406.0,100,48,287037,DENV_2-peru-BVBRC_genome_sequence,7406.56,7843.82,15250.38,107.34,113.68,221.02,221.02,69.0, sdumont6165,1082776.98
692.0,864,36,2587460.0,143348.0,143348.0,2587460.0,1331.2,4259.84,1331.2,4259.84,1.0,0,12.0,12.0,100bs-1n-24th-287037s-DENV_2-peru-BVBRC_genome_sequence,sequana_cpu_dev,1,11307413.0,100,24,287037,DENV_2-peru-BVBRC_genome_sequence,3529.37,1324.78,4854.15,103.81,38.96,142.77,142.77,34.0, sdumont6165,174749.4
58.0,66,33,1100868.0,138968.0,138968.0,1100868.0,1331.2,4270.08,1331.2,4270.08,1.0,0,0.0,0.0,100bs-1n-2th-287037s-DENV_2-peru-BVBRC_genome_sequence,sequana_cpu_dev,1,11307416.0,100,2,287037,DENV_2-peru-BVBRC_genome_sequence,1494.19,1092.34,2586.53,46.69,34.14,80.83,80.83,32.0, sdumont6165,85355.49
1393.0,2640,55,4209344.0,143540.0,143540.0,4209344.0,1228.8,4239.36,1228.8,4239.36,1.0,0,22.0,22.0,100bs-1n-48th-231143s-DENV_3-colombia-BVBRC_genome_sequence,sequana_cpu_dev,1,11307418.0,100,48,231143,DENV_3-colombia-BVBRC_genome_sequence,5819.97,6043.24,11863.21,109.81,114.02,223.83,223.83,53.0, sdumont6165,652476.5499999999
702.0,768,32,2587004.0,144172.0,144172.0,2587004.0,1228.8,4259.84,1228.8,4259.84,1.0,0,28.0,28.0,100bs-1n-24th-231143s-DENV_3-colombia-BVBRC_genome_sequence,sequana_cpu_dev,1,11307420.0,100,24,231143,DENV_3-colombia-BVBRC_genome_sequence,2950.92,1094.71,4045.64,98.36,36.49,134.85,134.85,30.0, sdumont6165,129460.48
55.0,74,37,1100568.0,140472.0,140472.0,1100568.0,1228.8,4249.6,1228.8,4249.6,1.0,0,0.0,0.0,100bs-1n-2th-231143s-DENV_3-colombia-BVBRC_genome_sequence,sequana_cpu_dev,1,11307424.0,100,2,231143,DENV_3-colombia-BVBRC_genome_sequence,1761.15,1290.46,3051.61,48.92,35.85,84.77,84.77,36.0, sdumont6165,112909.57
2819.0,2976,62,4209420.0,145996.0,145996.0,4209420.0,1443.84,4311.04,1443.84,4311.04,1.0,0,38.0,38.0,100bs-1n-48th-272549s-DENV_4-usa-BVBRC_genome_sequence,sequana_cpu_dev,1,11307443.0,100,48,272549,DENV_4-usa-BVBRC_genome_sequence,6588.55,6849.39,13437.94,109.81,114.16,223.97,223.97,60.0, sdumont6165,833152.28
614.0,840,35,2587268.0,143368.0,143368.0,2587268.0,1300.48,4259.84,1300.48,4259.84,1.0,0,264.0,264.0,100bs-1n-24th-272549s-DENV_4-usa-BVBRC_genome_sequence,sequana_cpu_dev,1,11307449.0,100,24,272549,DENV_4-usa-BVBRC_genome_sequence,3634.61,1333.23,4967.83,110.14,40.4,150.54,150.54,33.0, sdumont6167,173874.05
0.0,56,28,265348.0,3156.0,3156.0,265348.0,0.0,0.0,0.0,0.0,1.0,0,0.0,0.0,100bs-1n-2th-272549s-DENV_4-usa-BVBRC_genome_sequence,sequana_cpu_dev,1,11307456.0,100,2,272549,DENV_4-usa-BVBRC_genome_sequence,1486.68,1080.14,2566.82,55.06,40.01,95.07,95.07,27.0, sdumont6165,71870.96
2435.0,21600,90,4220198.399414063,161028.0,157832.7998046875,4222612.0,1648.64,4218.88,1812.48,4229.12,95812.0,0,23.0,47.0,100bs-5n-48th-377019s-DENV_1-usa-BVBRC_genome_sequence,sequana_cpu,5,11307526.0,100,48,377019,DENV_1-usa-BVBRC_genome_sequence,50107.49,48658.64,98766.13,579.93,563.24,1143.17,228.63,86.4, sdumont6082,8888951.700000001
0.0,3600,30,303000.7998046875,5132.0,1856.0,453612.0,317.44,849.92,1597.44,4229.12,95611.0,0,0.0,0.0,100bs-5n-24th-377019s-DENV_1-usa-BVBRC_genome_sequence,sequana_cpu,5,11307527.0,100,24,377019,DENV_1-usa-BVBRC_genome_sequence,12480.94,3867.03,16347.96,567.32,175.77,743.09,148.62,22.0, sdumont6082,490438.8
177.0,1700,170,1112370.3994140625,156088.0,152226.3994140625,1114832.0,1863.68,4239.36,1904.64,4280.32,95346.0,0,0.0,0.0,100bs-5n-2th-377019s-DENV_1-usa-BVBRC_genome_sequence,sequana_cpu,5,11307529.0,100,2,377019,DENV_1-usa-BVBRC_genome_sequence,39050.18,27506.04,66556.22,256.91,180.96,437.87,87.57,152.0, sdumont6082,11314557.4
0.0,4800,20,265348.0,3120.0,3105.599609375,265348.0,0.0,0.0,0.0,0.0,94614.0,0,0.0,0.0,100bs-5n-48th-242689s-DENV_2-mexico-BVBRC_genome_sequence,sequana_cpu,5,11307535.0,100,48,242689,DENV_2-mexico-BVBRC_genome_sequence,8732.12,8490.06,17222.18,475.13,461.54,936.67,187.33,18.4, sdumont6082,344443.6
54.0,360,36,1110920.0,151860.0,148164.0,1113400.0,1249.28,4218.88,1269.76,4229.12,94078.0,0,0.0,0.0,100bs-5n-2th-242689s-DENV_2-mexico-BVBRC_genome_sequence,sequana_cpu,5,11307538.0,100,2,242689,DENV_2-mexico-BVBRC_genome_sequence,9449.16,5962.04,15411.19,286.34,180.67,467.01,93.4,33.0, sdumont6082,554802.84
12696.0,78720,328,4219648.0,164584.0,159626.3994140625,4222100.0,2181.12,4229.12,2211.84,4229.12,93844.0,0,27.0,35.0,100bs-5n-48th-287037s-DENV_2-peru-BVBRC_genome_sequence,sequana_cpu,5,11307541.0,100,48,287037,DENV_2-peru-BVBRC_genome_sequence,199660.8,194081.9,393742.71,610.58,593.52,1204.11,240.82,327.0, sdumont6082,129147608.88000001
0.0,5040,21,265348.0,3168.0,2732.0,265348.0,0.0,0.0,0.0,0.0,93407.0,0,0.0,0.0,100bs-5n-48th-231143s-DENV_3-colombia-BVBRC_genome_sequence,sequana_cpu,5,11307550.0,100,48,231143,DENV_3-colombia-BVBRC_genome_sequence,9171.11,8850.67,18021.78,482.69,465.82,948.51,189.7,19.0, sdumont6086,378457.38
0.0,2040,17,265348.0,1036.0,1034.3994140625,265348.0,0.0,0.0,0.0,0.0,93139.0,0,0.0,0.0,100bs-5n-24th-231143s-DENV_3-colombia-BVBRC_genome_sequence,sequana_cpu,5,11307551.0,100,24,231143,DENV_3-colombia-BVBRC_genome_sequence,8952.01,2737.86,11689.87,559.5,171.12,730.62,146.12,16.0, sdumont6086,198727.79
0.0,7200,30,265348.0,3176.0,3100.7998046875,265348.0,0.0,0.0,0.0,0.0,91641.0,0,0.0,0.0,100bs-5n-48th-272549s-DENV_4-usa-BVBRC_genome_sequence,sequana_cpu,5,11307559.0,100,48,272549,DENV_4-usa-BVBRC_genome_sequence,16111.78,15581.53,31693.31,575.42,556.48,1131.9,226.38,28.0, sdumont6081,950799.3
11859.0,13104,273,4209004.0,153892.0,153892.0,4209004.0,1126.4,4679.68,1126.4,4679.68,1.0,0,269.0,269.0,1000bs-1n-48th-187026s-DENV_1-colombia-BVBRC_genome_sequence,sequana_cpu_dev,1,11307566.0,1000,48,187026,DENV_1-colombia-BVBRC_genome_sequence,25644.43,27110.22,52754.65,94.63,100.04,194.67,194.67,271.0, sdumont6165,14402019.450000001
2840.0,3216,134,2586804.0,151300.0,151300.0,2586804.0,1075.2,4638.72,1075.2,4638.72,1.0,0,16.0,16.0,1000bs-1n-24th-187026s-DENV_1-colombia-BVBRC_genome_sequence,sequana_cpu_dev,1,11307568.0,1000,24,187026,DENV_1-colombia-BVBRC_genome_sequence,14303.72,5208.91,19512.63,107.55,39.16,146.71,146.71,133.0, sdumont6165,2614692.42
220.0,274,137,1100140.0,140196.0,140196.0,1100140.0,1075.2,4618.24,1075.2,4618.24,2.0,0,0.0,0.0,1000bs-1n-2th-187026s-DENV_1-colombia-BVBRC_genome_sequence,sequana_cpu_dev,1,11307571.0,1000,2,187026,DENV_1-colombia-BVBRC_genome_sequence,6803.35,5024.1,11827.46,50.02,36.94,86.97,86.97,136.0, sdumont6165,1620362.0199999998
17123.0,17616,367,4209192.0,159296.0,159296.0,4209192.0,1157.12,4689.92,1157.12,4689.92,9.0,0,22.0,22.0,1000bs-1n-48th-198574s-DENV_2-colombia-BVBRC_genome_sequence,sequana_cpu_dev,1,11307573.0,1000,48,198574,DENV_2-colombia-BVBRC_genome_sequence,41264.73,43161.69,84426.41,113.36,118.58,231.94,231.94,364.0, sdumont6165,30984492.470000003
4266.0,5040,210,2586888.0,150160.0,150160.0,2586888.0,1116.16,4628.48,1116.16,4628.48,14.0,0,15.0,15.0,1000bs-1n-24th-198574s-DENV_2-colombia-BVBRC_genome_sequence,sequana_cpu_dev,1,11307574.0,1000,24,198574,DENV_2-colombia-BVBRC_genome_sequence,21739.8,7638.57,29378.37,104.02,36.55,140.57,140.57,209.0, sdumont6165,6169457.7
572.0,616,308,1100424.0,143048.0,143048.0,1100424.0,1146.88,4679.68,1146.88,4679.68,1.0,0,0.0,0.0,1000bs-1n-2th-198574s-DENV_2-colombia-BVBRC_genome_sequence,sequana_cpu_dev,1,11307577.0,1000,2,198574,DENV_2-colombia-BVBRC_genome_sequence,17348.68,12546.15,29894.83,56.51,40.87,97.38,97.38,307.0, sdumont6165,9207607.64
27144.0,28464,593,4209560.0,156724.0,156724.0,4209560.0,1310.72,4730.88,1310.72,4730.88,19.0,0,19.0,19.0,1000bs-1n-48th-242689s-DENV_2-mexico-BVBRC_genome_sequence,sequana_cpu_dev,1,11307581.0,1000,48,242689,DENV_2-mexico-BVBRC_genome_sequence,61666.7,64810.17,126476.87,104.52,109.85,214.37,214.37,590.0, sdumont6165,75000783.91
7541.0,8400,350,2587380.0,151404.0,151404.0,2587380.0,1249.28,4730.88,1249.28,4730.88,9.0,0,259.0,259.0,1000bs-1n-24th-242689s-DENV_2-mexico-BVBRC_genome_sequence,sequana_cpu_dev,1,11307590.0,1000,24,242689,DENV_2-mexico-BVBRC_genome_sequence,38374.4,13231.69,51606.09,111.23,38.35,149.58,149.58,345.0, sdumont6167,18062131.5
983.0,1070,535,1100920.0,147744.0,147744.0,1100920.0,1290.24,4730.88,1290.24,4730.88,1.0,0,0.0,0.0,1000bs-1n-2th-242689s-DENV_2-mexico-BVBRC_genome_sequence,sequana_cpu_dev,1,11307601.0,1000,2,242689,DENV_2-mexico-BVBRC_genome_sequence,27909.19,20099.92,48009.1,52.26,37.64,89.9,89.9,534.0, sdumont6165,25684868.5
30025.0,30528,636,4209652.0,151028.0,151028.0,4209652.0,1413.12,4812.8,1413.12,4812.8,14.0,0,50.0,50.0,1000bs-1n-48th-287037s-DENV_2-peru-BVBRC_genome_sequence,sequana_cpu_dev,1,11307604.0,1000,48,287037,DENV_2-peru-BVBRC_genome_sequence,67912.79,71225.72,139138.51,107.46,112.7,220.16,220.16,632.0, sdumont6165,88492092.36
7864.0,7968,332,2587452.0,152100.0,152100.0,2587452.0,1331.2,4812.8,1331.2,4812.8,19.0,0,20.0,20.0,1000bs-1n-24th-287037s-DENV_2-peru-BVBRC_genome_sequence,sequana_cpu_dev,1,11307615.0,1000,24,287037,DENV_2-peru-BVBRC_genome_sequence,35357.51,12724.18,48081.69,106.82,38.44,145.26,145.26,331.0, sdumont6165,15963121.08
571.0,654,327,1100872.0,145080.0,145080.0,1100872.0,1320.96,4761.6,1320.96,4761.6,26.0,0,0.0,0.0,1000bs-1n-2th-287037s-DENV_2-peru-BVBRC_genome_sequence,sequana_cpu_dev,1,11307619.0,1000,2,287037,DENV_2-peru-BVBRC_genome_sequence,17107.94,12497.5,29605.44,52.48,38.34,90.81,90.81,326.0, sdumont6165,9680978.879999999
24289.0,25920,540,4209348.0,155320.0,155320.0,4209348.0,1269.76,4710.4,1269.76,4710.4,31.0,0,36.0,36.0,1000bs-1n-48th-231143s-DENV_3-colombia-BVBRC_genome_sequence,sequana_cpu_dev,1,11307624.0,1000,48,231143,DENV_3-colombia-BVBRC_genome_sequence,54140.35,56831.1,110971.45,100.63,105.63,206.27,206.27,538.0, sdumont6165,59924583.0
6420.0,7080,295,2587012.0,146244.0,146244.0,2587012.0,1208.32,4689.92,1208.32,4689.92,19.0,0,10.0,10.0,1000bs-1n-24th-231143s-DENV_3-colombia-BVBRC_genome_sequence,sequana_cpu_dev,1,11307628.0,1000,24,231143,DENV_3-colombia-BVBRC_genome_sequence,28232.39,10266.66,38499.05,96.36,35.04,131.4,131.4,293.0, sdumont6165,11357219.75
628.0,724,362,1100576.0,144780.0,144780.0,1100576.0,1228.8,4710.4,1228.8,4710.4,29.0,0,0.0,0.0,1000bs-1n-2th-231143s-DENV_3-colombia-BVBRC_genome_sequence,sequana_cpu_dev,1,11307630.0,1000,2,231143,DENV_3-colombia-BVBRC_genome_sequence,17201.93,12505.63,29707.56,49.72,36.14,85.86,85.86,346.0, sdumont6165,10754136.72
22895.0,24144,503,4209740.0,153304.0,153304.0,4209740.0,1341.44,4782.08,1341.44,4782.08,5.0,0,29.0,29.0,1000bs-1n-48th-272549s-DENV_4-usa-BVBRC_genome_sequence,sequana_cpu_dev,1,11307636.0,1000,48,272549,DENV_4-usa-BVBRC_genome_sequence,54083.45,56583.51,110666.96,107.95,112.94,220.89,220.89,501.0, sdumont6165,55665480.88
6430.0,6600,275,2587276.0,152244.0,152244.0,2587276.0,1290.24,4792.32,1290.24,4792.32,12.0,0,14.0,14.0,1000bs-1n-24th-272549s-DENV_4-usa-BVBRC_genome_sequence,sequana_cpu_dev,1,11307638.0,1000,24,272549,DENV_4-usa-BVBRC_genome_sequence,28248.05,10219.18,38467.22,103.47,37.43,140.91,140.91,273.0, sdumont6165,10578485.5
509.0,558,279,1100828.0,145016.0,145016.0,1100828.0,1290.24,4782.08,1290.24,4782.08,18.0,0,0.0,0.0,1000bs-1n-2th-272549s-DENV_4-usa-BVBRC_genome_sequence,sequana_cpu_dev,1,11307639.0,1000,2,272549,DENV_4-usa-BVBRC_genome_sequence,13766.82,10059.45,23826.28,49.52,36.19,85.71,85.71,278.0, sdumont6165,6647532.12
37187.0,38496,802,4210024.0,151040.0,151040.0,4210024.0,1617.92,4925.44,1617.92,4925.44,7.0,0,22.0,22.0,1000bs-1n-48th-377019s-DENV_1-usa-BVBRC_genome_sequence,sequana_cpu_dev,1,11307640.0,1000,48,377019,DENV_1-usa-BVBRC_genome_sequence,88238.02,92700.84,180938.86,110.3,115.88,226.17,226.17,800.0, sdumont6165,145112965.72
12881.0,13080,545,2588032.0,147304.0,147304.0,2588032.0,1556.48,4935.68,1556.48,4935.68,29.0,0,14.0,14.0,1000bs-1n-24th-377019s-DENV_1-usa-BVBRC_genome_sequence,sequana_cpu_dev,1,11307641.0,1000,24,377019,DENV_1-usa-BVBRC_genome_sequence,65754.91,22863.76,88618.67,121.1,42.11,163.2,163.2,543.0, sdumont6165,48297175.15
2157.0,2236,1118,1102376.0,145608.0,145608.0,1102376.0,1720.32,4935.68,1720.32,4935.68,15.0,0,0.0,0.0,1000bs-1n-2th-377019s-DENV_1-usa-BVBRC_genome_sequence,sequana_cpu_dev,1,11307642.0,1000,2,377019,DENV_1-usa-BVBRC_genome_sequence,63613.33,45013.63,108626.97,56.95,40.3,97.25,97.25,1117.0, sdumont6165,121444952.46000001
22008.0,22704,946,2588772.0,152420.0,152420.0,2588772.0,1884.16,5068.8,1884.16,5068.8,1.0,0,262.0,262.0,1000bs-1n-24th-484520s-DENV_1-brazil-BVBRC_genome_sequence,sequana_cpu_dev,1,11307661.0,1000,24,484520,DENV_1-brazil-BVBRC_genome_sequence,109482.33,37827.82,147310.15,115.85,40.03,155.88,155.88,945.0, sdumont6165,139355401.9
2767.0,17040,71,4219078.399414063,159616.0,155172.7998046875,4221556.0,1136.64,4300.8,1146.88,4300.8,361.0,0,97.0,172.0,1000bs-5n-48th-187026s-DENV_1-colombia-BVBRC_genome_sequence,sequana_cpu,5,11308274.0,1000,48,187026,DENV_1-colombia-BVBRC_genome_sequence,36447.67,36070.98,72518.66,534.45,528.9,1063.36,212.67,68.2, sdumont6082,5148824.86
690.0,4200,35,2596924.0,153620.0,151481.599609375,2599388.0,1095.68,4290.56,1095.68,4290.56,537.0,0,24.0,29.0,1000bs-5n-24th-187026s-DENV_1-colombia-BVBRC_genome_sequence,sequana_cpu,5,11308277.0,1000,24,187026,DENV_1-colombia-BVBRC_genome_sequence,18510.92,6315.57,24826.49,544.44,185.75,730.19,146.04,34.0, sdumont6082,868927.15
51.0,380,38,1110163.19921875,148444.0,146413.599609375,1112516.0,1095.68,4290.56,1095.68,4290.56,655.0,0,0.0,0.0,1000bs-5n-2th-187026s-DENV_1-colombia-BVBRC_genome_sequence,sequana_cpu,5,11308281.0,1000,2,187026,DENV_1-colombia-BVBRC_genome_sequence,9104.92,6171.42,15276.34,252.91,171.43,424.34,84.87,36.0, sdumont6082,580500.92
4107.0,26640,111,4219226.399414063,162184.0,156237.599609375,4221784.0,1208.32,4300.8,1218.56,4311.04,537.0,0,36.0,53.0,1000bs-5n-48th-198574s-DENV_2-colombia-BVBRC_genome_sequence,sequana_cpu,5,11308282.0,1000,48,198574,DENV_2-colombia-BVBRC_genome_sequence,60645.19,60175.36,120820.55,561.53,557.18,1118.71,223.74,108.0, sdumont6082,13411081.05
694.0,6360,53,2596969.599609375,154580.0,151360.7998046875,2599324.0,1116.16,4259.84,1116.16,4270.08,367.0,0,22.0,27.0,1000bs-5n-24th-198574s-DENV_2-colombia-BVBRC_genome_sequence,sequana_cpu,5,11308287.0,1000,24,198574,DENV_2-colombia-BVBRC_genome_sequence,31498.32,10419.9,41918.22,617.61,204.31,821.93,164.39,51.0, sdumont6082,2221665.66
102.0,850,85,1110533.599609375,149244.0,147197.599609375,1112980.0,1167.36,4280.32,1167.36,4290.56,197.0,0,0.0,0.0,1000bs-5n-2th-198574s-DENV_2-colombia-BVBRC_genome_sequence,sequana_cpu,5,11308290.0,1000,2,198574,DENV_2-colombia-BVBRC_genome_sequence,24069.58,15951.79,40021.36,289.99,192.19,482.19,96.44,83.0, sdumont6082,3401815.6
7081.0,37200,155,4219524.0,166756.0,158859.19921875,4221996.0,1392.64,4321.28,1392.64,4321.28,28.0,0,37.0,59.0,1000bs-5n-48th-242689s-DENV_2-mexico-BVBRC_genome_sequence,sequana_cpu,5,11308292.0,1000,48,242689,DENV_2-mexico-BVBRC_genome_sequence,92685.86,92353.51,185039.37,608.18,605.93,1214.11,242.82,152.4, sdumont6082,28681102.349999998
2095.0,13800,115,2597249.599609375,153408.0,151298.3994140625,2599732.0,1300.48,4290.56,1300.48,4290.56,33.0,0,16.0,20.0,1000bs-5n-24th-242689s-DENV_2-mexico-BVBRC_genome_sequence,sequana_cpu,5,11308302.0,1000,24,242689,DENV_2-mexico-BVBRC_genome_sequence,70471.0,22329.89,92800.89,618.17,195.88,814.04,162.81,114.0, sdumont6082,10672102.35
209.0,1310,131,1111004.0,153720.0,151515.19921875,1113384.0,1341.44,4311.04,1351.68,4311.04,26.0,0,19.0,98.0,1000bs-5n-2th-242689s-DENV_2-mexico-BVBRC_genome_sequence,sequana_cpu,5,11308306.0,1000,2,242689,DENV_2-mexico-BVBRC_genome_sequence,36890.33,24920.04,61810.37,283.77,191.69,475.46,95.09,130.0, sdumont6081,8097158.470000001
8491.0,49680,207,4219763.19921875,160932.0,158210.3994140625,4222248.0,1525.76,4321.28,1536.0,4331.52,64.0,0,37.0,55.0,1000bs-5n-48th-287037s-DENV_2-peru-BVBRC_genome_sequence,sequana_cpu,5,11308307.0,1000,48,287037,DENV_2-peru-BVBRC_genome_sequence,126306.54,127007.14,253313.68,616.75,620.15,1236.9,247.38,204.8, sdumont6081,52435931.76
2107.0,11520,96,2597457.599609375,156252.0,153004.0,2599920.0,1382.4,4331.52,1382.4,4331.52,90.0,0,26.0,38.0,1000bs-5n-24th-287037s-DENV_2-peru-BVBRC_genome_sequence,sequana_cpu,5,11308308.0,1000,24,287037,DENV_2-peru-BVBRC_genome_sequence,56627.41,19140.92,75768.33,596.08,201.48,797.56,159.51,95.0, sdumont6081,7273759.68
140.0,1120,112,1110935.19921875,157616.0,150360.0,1113336.0,1382.4,4311.04,1382.4,4311.04,30.0,0,0.0,0.0,1000bs-5n-2th-287037s-DENV_2-peru-BVBRC_genome_sequence,sequana_cpu,5,11308309.0,1000,2,287037,DENV_2-peru-BVBRC_genome_sequence,29429.25,20784.23,50213.49,265.13,187.25,452.37,90.47,111.0, sdumont6081,5623910.88
8458.0,45120,188,4219456.0,165284.0,160668.0,4221920.0,1423.36,4311.04,1423.36,4321.28,23.0,0,32.0,42.0,1000bs-5n-48th-231143s-DENV_3-colombia-BVBRC_genome_sequence,sequana_cpu,5,11308312.0,1000,48,231143,DENV_3-colombia-BVBRC_genome_sequence,112119.05,113536.17,225655.22,599.57,607.15,1206.71,241.34,187.0, sdumont6081,42423181.36
1961.0,11160,93,2597130.3994140625,162840.0,155885.599609375,2599588.0,1290.24,4331.52,1351.68,4392.96,26.0,0,36.0,122.0,1000bs-5n-24th-231143s-DENV_3-colombia-BVBRC_genome_sequence,sequana_cpu,5,11308313.0,1000,24,231143,DENV_3-colombia-BVBRC_genome_sequence,51612.61,18183.61,69796.22,561.01,197.65,758.65,151.73,92.0, sdumont6081,6491048.46
144.0,1080,108,1110692.7998046875,152884.0,149184.7998046875,1113144.0,1269.76,4300.8,1280.0,4300.8,21.0,0,43.0,213.0,1000bs-5n-2th-231143s-DENV_3-colombia-BVBRC_genome_sequence,sequana_cpu,5,11308317.0,1000,2,231143,DENV_3-colombia-BVBRC_genome_sequence,29475.22,20742.19,50217.41,288.41,202.98,491.39,98.28,102.2, sdumont6081,5423480.28
5639.0,32400,135,4219618.399414063,166916.0,158267.19921875,4222024.0,1402.88,4321.28,1402.88,4331.52,158.0,0,29.0,39.0,1000bs-5n-48th-272549s-DENV_4-usa-BVBRC_genome_sequence,sequana_cpu,5,11308335.0,1000,48,272549,DENV_4-usa-BVBRC_genome_sequence,79312.69,79612.92,158925.62,599.1,601.36,1200.46,240.09,132.4, sdumont6083,21454958.7
2095.0,12600,105,2597354.3994140625,153888.0,151467.19921875,2599812.0,1351.68,4311.04,1361.92,4311.04,185.0,0,20.0,26.0,1000bs-5n-24th-272549s-DENV_4-usa-BVBRC_genome_sequence,sequana_cpu,5,11308339.0,1000,24,272549,DENV_4-usa-BVBRC_genome_sequence,63583.62,21148.63,84732.25,616.15,204.9,821.05,164.21,103.2, sdumont6083,8896886.25
128.0,1000,100,1110801.599609375,151320.0,147679.19921875,1113260.0,1351.68,4311.04,1361.92,4311.04,51.0,0,47.0,236.0,1000bs-5n-2th-272549s-DENV_4-usa-BVBRC_genome_sequence,sequana_cpu,5,11308346.0,1000,2,272549,DENV_4-usa-BVBRC_genome_sequence,25702.68,18418.4,44121.08,259.62,186.04,445.67,89.13,99.0, sdumont6082,4412108.0
9938.0,57120,238,4220274.399414063,168908.0,163254.3994140625,4222684.0,1751.04,4341.76,1751.04,4362.24,55.0,0,34.0,57.0,1000bs-5n-48th-377019s-DENV_1-usa-BVBRC_genome_sequence,sequana_cpu,5,11308348.0,1000,48,377019,DENV_1-usa-BVBRC_genome_sequence,143360.95,144565.7,287926.65,607.46,612.57,1220.03,244.01,236.0, sdumont6083,68526542.7
2828.0,16800,140,2598016.7998046875,165812.0,159596.0,2600500.0,1607.68,4341.76,1607.68,4341.76,21.0,0,22.0,27.0,1000bs-5n-24th-377019s-DENV_1-usa-BVBRC_genome_sequence,sequana_cpu,5,11308352.0,1000,24,377019,DENV_1-usa-BVBRC_genome_sequence,83038.97,27669.28,110708.25,599.98,199.91,799.89,159.98,138.4, sdumont6103,15499155.0
474.0,2950,295,1112515.19921875,160568.0,156852.7998046875,1115036.0,1853.44,4352.0,1853.44,4352.0,20.0,0,4.0,23.0,1000bs-5n-2th-377019s-DENV_1-usa-BVBRC_genome_sequence,sequana_cpu,5,11308354.0,1000,2,377019,DENV_1-usa-BVBRC_genome_sequence,87194.4,58407.6,145602.0,296.58,198.67,495.24,99.05,294.0, sdumont6103,42952590.0
17915.0,94320,393,4266629.599609375,170188.0,165498.3994140625,4451632.0,2385.92,4526.08,2928.64,5058.56,218.0,0,96.0,326.0,1000bs-5n-48th-484520s-DENV_1-brazil-BVBRC_genome_sequence,sequana_cpu,5,11308356.0,1000,48,484520,DENV_1-brazil-BVBRC_genome_sequence,231409.19,228959.3,460368.49,594.22,587.97,1182.2,236.44,389.4, sdumont6107,180924816.57
4965.0,27360,228,2598738.3994140625,168624.0,163919.19921875,2601200.0,1966.08,4372.48,1966.08,4382.72,83.0,0,17.0,25.0,1000bs-5n-24th-484520s-DENV_1-brazil-BVBRC_genome_sequence,sequana_cpu,5,11308361.0,1000,24,484520,DENV_1-brazil-BVBRC_genome_sequence,142808.58,46825.15,189633.73,630.79,206.81,837.6,167.52,226.4, sdumont6081,43236490.440000005
951.0,5290,529,1114281.599609375,163032.0,157975.19921875,1116764.0,2447.36,4382.72,2447.36,4382.72,14.0,0,5.0,26.0,1000bs-5n-2th-484520s-DENV_1-brazil-BVBRC_genome_sequence,sequana_cpu,5,11308366.0,1000,2,484520,DENV_1-brazil-BVBRC_genome_sequence,163729.15,106385.46,270114.61,310.57,201.8,512.37,102.47,527.2, sdumont6081,142890628.69
417.0,454,227,1104120.0,150424.0,150424.0,1104120.0,1689.6,4290.56,1689.6,4290.56,1.0,0,1.0,1.0,100bs-1n-2th-484520s-DENV_1-brazil-BVBRC_genome_sequence,sequana_cpu_dev,1,11308704.0,100,2,484520,DENV_1-brazil-BVBRC_genome_sequence,10746.72,7503.62,18250.33,47.55,33.2,80.75,80.75,226.0, sdumont6165,4142824.9100000006
2123.0,2376,99,2588672.0,148296.0,148296.0,2588672.0,1771.52,4290.56,1771.52,4290.56,1.0,0,14.0,14.0,100bs-1n-24th-484520s-DENV_1-brazil-BVBRC_genome_sequence,sequana_cpu_dev,1,11308711.0,100,24,484520,DENV_1-brazil-BVBRC_genome_sequence,11190.02,3877.54,15067.57,115.36,39.97,155.34,155.34,97.0, sdumont6165,1491689.43
5710.0,6960,145,4210824.0,157708.0,157708.0,4210824.0,1658.88,4280.32,1658.88,4280.32,1.0,0,20.0,20.0,100bs-1n-48th-484520s-DENV_1-brazil-BVBRC_genome_sequence,sequana_cpu_dev,1,11308712.0,100,48,484520,DENV_1-brazil-BVBRC_genome_sequence,13930.48,14558.5,28488.98,96.74,101.1,197.84,197.84,144.0, sdumont6165,4130902.1
4526.0,4570,2285,1104472.0,147216.0,147216.0,1104472.0,2232.32,5079.04,2232.32,5079.04,9398.0,0,0.0,0.0,1000bs-1n-2th-484520s-DENV_1-brazil-BVBRC_genome_sequence,sequana_cpu,1,11308713.0,1000,2,484520,DENV_1-brazil-BVBRC_genome_sequence,136028.39,80881.81,216910.2,59.56,35.41,94.97,94.97,2284.0, sdumont6150,495639807.0
68820.0,70416,1467,4210684.0,156180.0,156180.0,4210684.0,2007.04,5068.8,2007.04,5068.8,10034.0,0,48.0,48.0,1000bs-1n-48th-484520s-DENV_1-brazil-BVBRC_genome_sequence,sequana_cpu,1,11308714.0,1000,48,484520,DENV_1-brazil-BVBRC_genome_sequence,180474.55,158140.67,338615.22,123.19,107.95,231.14,231.14,1465.0, sdumont6098,496748527.73999995
1271.0,10800,45,4220838.399414063,161716.0,158656.7998046875,4223236.0,1669.12,4218.88,1679.36,4229.12,11896.0,0,30.0,41.0,100bs-5n-48th-484520s-DENV_1-brazil-BVBRC_genome_sequence,sequana_cpu,5,11313588.0,100,48,484520,DENV_1-brazil-BVBRC_genome_sequence,23245.52,23175.9,46421.42,540.59,538.97,1079.57,215.91,43.0, sdumont6069,2088963.9
0.0,2880,24,265348.0,3136.0,1859.19921875,265348.0,0.0,0.0,0.0,0.0,11661.0,0,0.0,0.0,100bs-5n-24th-484520s-DENV_1-brazil-BVBRC_genome_sequence,sequana_cpu,5,11313594.0,100,24,484520,DENV_1-brazil-BVBRC_genome_sequence,12534.61,4179.48,16714.1,549.97,183.17,733.14,146.63,22.8, sdumont6149,401138.39999999997
58.0,510,51,1113964.7998046875,155076.0,152724.0,1116648.0,1669.12,4218.88,1679.36,4218.88,11393.0,0,0.0,0.0,100bs-5n-2th-484520s-DENV_1-brazil-BVBRC_genome_sequence,sequana_cpu,5,11313605.0,100,2,484520,DENV_1-brazil-BVBRC_genome_sequence,13180.66,8177.96,21358.62,263.61,163.56,427.17,85.43,50.0, sdumont6069,1089289.6199999999
0.0,1200,25,265348.0,3124.0,3124.0,265348.0,0.0,0.0,0.0,0.0,1.0,0,0.0,0.0,100bs-1n-48th-187026s-DENV_1-colombia-BVBRC_genome_sequence,sequana_cpu_dev,1,11327360.0,100,48,187026,DENV_1-colombia-BVBRC_genome_sequence,2078.35,2172.04,4250.4,86.6,90.5,177.1,177.1,24.0, sdumont6165,106259.99999999999
0.0,1056,22,265348.0,3060.0,3060.0,265348.0,0.0,0.0,0.0,0.0,1.0,0,0.0,0.0,100bs-1n-48th-187026s-DENV_1-colombia-BVBRC_genome_sequence,sequana_cpu_dev,1,11327364.0,100,48,187026,DENV_1-colombia-BVBRC_genome_sequence,2235.1,2324.94,4560.04,106.43,110.71,217.14,217.14,21.0, sdumont6165,100320.88
0.0,1056,22,265348.0,3132.0,3132.0,265348.0,0.0,0.0,0.0,0.0,1.0,0,0.0,0.0,100bs-1n-48th-187026s-DENV_1-colombia-BVBRC_genome_sequence,sequana_cpu_dev,1,11327371.0,100,48,187026,DENV_1-colombia-BVBRC_genome_sequence,1093.95,1132.07,2226.02,54.7,56.6,111.3,111.3,20.0, sdumont6165,48972.44
0.0,1008,21,265348.0,3052.0,3052.0,265348.0,0.0,0.0,0.0,0.0,0.0,0,0.0,0.0,100bs-1n-48th-187026s-DENV_1-colombia-BVBRC_genome_sequence,sequana_cpu_dev,1,11327384.0,100,48,187026,DENV_1-colombia-BVBRC_genome_sequence,1101.32,1147.63,2248.95,55.07,57.38,112.45,112.45,20.0, sdumont6165,47227.95
8566.0,9024,188,4209152.0,153716.0,153716.0,4209152.0,1331.2,4659.2,1331.2,4659.2,1.0,0,30.0,30.0,1000bs-1n-48th-187026s-DENV_1-colombia-BVBRC_genome_sequence,sequana_cpu_dev,1,11327386.0,1000,48,187026,DENV_1-colombia-BVBRC_genome_sequence,20438.38,21371.37,41809.75,109.88,114.9,224.78,224.78,186.0, sdumont6165,7860233.0
9978.0,10368,216,4209004.0,151596.0,151596.0,4209004.0,1382.4,4669.44,1382.4,4669.44,1.0,0,27.0,27.0,1000bs-1n-48th-187026s-DENV_1-colombia-BVBRC_genome_sequence,sequana_cpu_dev,1,11327388.0,1000,48,187026,DENV_1-colombia-BVBRC_genome_sequence,24286.88,25636.03,49922.91,113.49,119.79,233.28,233.28,214.0, sdumont6165,10783348.56
8575.0,8880,185,4209152.0,153920.0,153920.0,4209152.0,1331.2,4669.44,1331.2,4669.44,1.0,0,42.0,42.0,1000bs-1n-48th-187026s-DENV_1-colombia-BVBRC_genome_sequence,sequana_cpu_dev,1,11327391.0,1000,48,187026,DENV_1-colombia-BVBRC_genome_sequence,19194.58,20102.17,39296.75,104.89,109.85,214.74,214.74,183.0, sdumont6165,7269898.75
11413.0,11760,245,4209004.0,151936.0,151936.0,4209004.0,1423.36,4669.44,1423.36,4669.44,1.0,0,36.0,36.0,1000bs-1n-48th-187026s-DENV_1-colombia-BVBRC_genome_sequence,sequana_cpu_dev,1,11327403.0,1000,48,187026,DENV_1-colombia-BVBRC_genome_sequence,27669.27,28711.06,56380.34,113.4,117.67,231.07,231.07,244.0, sdumont6165,13813183.299999999
0.0,312,13,265348.0,1040.0,1040.0,265348.0,0.0,0.0,0.0,0.0,1.0,0,0.0,0.0,100bs-1n-24th-187026s-DENV_1-colombia-BVBRC_genome_sequence,sequana_cpu_dev,1,11327409.0,100,24,187026,DENV_1-colombia-BVBRC_genome_sequence,1143.08,423.52,1566.6,103.92,38.5,142.42,142.42,11.0, sdumont6165,20365.8
0.0,288,12,265348.0,1032.0,1032.0,265348.0,0.0,0.0,0.0,0.0,1.0,0,0.0,0.0,100bs-1n-24th-187026s-DENV_1-colombia-BVBRC_genome_sequence,sequana_cpu_dev,1,11327410.0,100,24,187026,DENV_1-colombia-BVBRC_genome_sequence,1146.89,425.34,1572.23,104.26,38.67,142.93,142.93,11.0, sdumont6165,18866.760000000002
0.0,360,15,265348.0,1040.0,1040.0,265348.0,0.0,0.0,0.0,0.0,1.0,0,0.0,0.0,100bs-1n-24th-187026s-DENV_1-colombia-BVBRC_genome_sequence,sequana_cpu_dev,1,11327412.0,100,24,187026,DENV_1-colombia-BVBRC_genome_sequence,993.4,359.69,1353.08,70.96,25.69,96.65,96.65,14.0, sdumont6166,20296.199999999997
0.0,336,14,265348.0,1032.0,1032.0,265348.0,0.0,0.0,0.0,0.0,1.0,0,0.0,0.0,100bs-1n-24th-187026s-DENV_1-colombia-BVBRC_genome_sequence,sequana_cpu_dev,1,11327413.0,100,24,187026,DENV_1-colombia-BVBRC_genome_sequence,1148.24,384.4,1532.64,95.69,32.03,127.72,127.72,12.0, sdumont6166,21456.960000000003
2139.0,2664,111,2586804.0,147312.0,147312.0,2586804.0,1187.84,4587.52,1187.84,4587.52,1.0,0,15.0,15.0,1000bs-1n-24th-187026s-DENV_1-colombia-BVBRC_genome_sequence,sequana_cpu_dev,1,11327414.0,1000,24,187026,DENV_1-colombia-BVBRC_genome_sequence,11858.42,3871.09,15729.51,108.79,35.51,144.31,144.31,109.0, sdumont6166,1745975.61
2139.0,2688,112,2586804.0,143188.0,143188.0,2586804.0,1187.84,4587.52,1187.84,4587.52,1.0,0,18.0,18.0,1000bs-1n-24th-187026s-DENV_1-colombia-BVBRC_genome_sequence,sequana_cpu_dev,1,11327419.0,1000,24,187026,DENV_1-colombia-BVBRC_genome_sequence,11871.77,4359.03,16230.81,107.93,39.63,147.55,147.55,110.0, sdumont6165,1817850.72
2136.0,2784,116,2586804.0,143268.0,143268.0,2586804.0,1187.84,4577.28,1187.84,4577.28,1.0,0,29.0,29.0,1000bs-1n-24th-187026s-DENV_1-colombia-BVBRC_genome_sequence,sequana_cpu_dev,1,11327432.0,1000,24,187026,DENV_1-colombia-BVBRC_genome_sequence,13138.51,4777.01,17915.52,114.25,41.54,155.79,155.79,115.0, sdumont6165,2078200.32
2094.0,2760,115,2586804.0,145588.0,145588.0,2586804.0,1187.84,4577.28,1187.84,4577.28,3.0,0,266.0,266.0,1000bs-1n-24th-187026s-DENV_1-colombia-BVBRC_genome_sequence,sequana_cpu_dev,1,11327443.0,1000,24,187026,DENV_1-colombia-BVBRC_genome_sequence,14236.81,4814.73,19051.54,124.88,42.23,167.12,167.12,114.0, sdumont6167,2190927.1
0.0,28,14,265348.0,3064.0,3064.0,265348.0,0.0,0.0,0.0,0.0,1.0,0,0.0,0.0,100bs-1n-2th-187026s-DENV_1-colombia-BVBRC_genome_sequence,sequana_cpu_dev,1,11327458.0,100,2,187026,DENV_1-colombia-BVBRC_genome_sequence,680.98,426.36,1107.34,52.38,32.8,85.18,85.18,13.0, sdumont6167,15502.759999999998
0.0,28,14,265348.0,3116.0,3116.0,265348.0,0.0,0.0,0.0,0.0,1.0,0,0.0,0.0,100bs-1n-2th-187026s-DENV_1-colombia-BVBRC_genome_sequence,sequana_cpu_dev,1,11327470.0,100,2,187026,DENV_1-colombia-BVBRC_genome_sequence,677.54,424.19,1101.73,52.12,32.63,84.75,84.75,13.0, sdumont6167,15424.220000000001
0.0,28,14,265348.0,3128.0,3128.0,265348.0,0.0,0.0,0.0,0.0,1.0,0,0.0,0.0,100bs-1n-2th-187026s-DENV_1-colombia-BVBRC_genome_sequence,sequana_cpu_dev,1,11327471.0,100,2,187026,DENV_1-colombia-BVBRC_genome_sequence,582.64,373.29,955.93,44.82,28.71,73.53,73.53,13.0, sdumont6166,13383.019999999999
0.0,28,14,265348.0,3116.0,3116.0,265348.0,0.0,0.0,0.0,0.0,1.0,0,0.0,0.0,100bs-1n-2th-187026s-DENV_1-colombia-BVBRC_genome_sequence,sequana_cpu_dev,1,11327472.0,100,2,187026,DENV_1-colombia-BVBRC_genome_sequence,579.52,370.03,949.55,44.58,28.46,73.04,73.04,13.0, sdumont6166,13293.699999999999
228.0,258,129,1100136.0,142060.0,142060.0,1100136.0,1239.04,4648.96,1239.04,4648.96,1.0,0,0.0,0.0,1000bs-1n-2th-187026s-DENV_1-colombia-BVBRC_genome_sequence,sequana_cpu_dev,1,11327474.0,1000,2,187026,DENV_1-colombia-BVBRC_genome_sequence,8184.36,5115.89,13300.24,63.94,39.97,103.91,103.91,128.0, sdumont6167,1715730.96
231.0,250,125,1100140.0,142272.0,142272.0,1100140.0,1239.04,4659.2,1239.04,4659.2,1.0,0,0.0,0.0,1000bs-1n-2th-187026s-DENV_1-colombia-BVBRC_genome_sequence,sequana_cpu_dev,1,11327484.0,1000,2,187026,DENV_1-colombia-BVBRC_genome_sequence,8279.51,5156.82,13436.33,66.77,41.59,108.36,108.36,124.0, sdumont6167,1679541.25
231.0,252,126,1100140.0,144412.0,144412.0,1100140.0,1239.04,4659.2,1239.04,4659.2,1.0,0,0.0,0.0,1000bs-1n-2th-187026s-DENV_1-colombia-BVBRC_genome_sequence,sequana_cpu_dev,1,11327494.0,1000,2,187026,DENV_1-colombia-BVBRC_genome_sequence,6948.41,4992.31,11940.72,55.59,39.94,95.53,95.53,125.0, sdumont6165,1504530.72
231.0,248,124,1100052.0,139944.0,139944.0,1100052.0,1239.04,4659.2,1239.04,4659.2,1.0,0,0.0,0.0,1000bs-1n-2th-187026s-DENV_1-colombia-BVBRC_genome_sequence,sequana_cpu_dev,1,11327497.0,1000,2,187026,DENV_1-colombia-BVBRC_genome_sequence,7027.94,5013.21,12041.15,57.14,40.76,97.9,97.9,123.0, sdumont6165,1493102.5999999999
1394.0,1632,34,4209072.0,146748.0,146748.0,4209072.0,1116.16,4249.6,1116.16,4249.6,1.0,0,37.0,37.0,100bs-1n-48th-198574s-DENV_2-colombia-BVBRC_genome_sequence,sequana_cpu_dev,1,11327499.0,100,48,198574,DENV_2-colombia-BVBRC_genome_sequence,3413.75,3530.3,6944.05,106.68,110.32,217.0,217.0,32.0, sdumont6165,236097.7
1392.0,1632,34,4209072.0,148784.0,148784.0,4209072.0,1116.16,4249.6,1116.16,4249.6,1.0,0,26.0,26.0,100bs-1n-48th-198574s-DENV_2-colombia-BVBRC_genome_sequence,sequana_cpu_dev,1,11327501.0,100,48,198574,DENV_2-colombia-BVBRC_genome_sequence,3397.44,3535.23,6932.67,106.17,110.48,216.65,216.65,32.0, sdumont6165,235710.78
1397.0,1488,31,4209368.0,145356.0,145356.0,4209368.0,1116.16,4259.84,1116.16,4259.84,1.0,0,21.0,21.0,100bs-1n-48th-198574s-DENV_2-colombia-BVBRC_genome_sequence,sequana_cpu_dev,1,11327503.0,100,48,198574,DENV_2-colombia-BVBRC_genome_sequence,2258.2,2341.71,4599.91,75.27,78.06,153.33,153.33,30.0, sdumont6165,142597.21
1391.0,1824,38,4209072.0,146908.0,146908.0,4209072.0,1116.16,4249.6,1116.16,4249.6,1.0,0,44.0,44.0,100bs-1n-48th-198574s-DENV_2-colombia-BVBRC_genome_sequence,sequana_cpu_dev,1,11327519.0,100,48,198574,DENV_2-colombia-BVBRC_genome_sequence,3853.12,3644.24,7497.35,110.09,104.12,214.21,214.21,35.0, sdumont6167,284899.3
14178.0,14736,307,4209192.0,157020.0,157020.0,4209192.0,1546.24,4689.92,1546.24,4689.92,1.0,0,47.0,47.0,1000bs-1n-48th-198574s-DENV_2-colombia-BVBRC_genome_sequence,sequana_cpu_dev,1,11327524.0,1000,48,198574,DENV_2-colombia-BVBRC_genome_sequence,36982.63,35047.21,72029.84,122.46,116.05,238.51,238.51,302.0, sdumont6167,22113160.88
14302.0,15792,329,4209192.0,157148.0,157148.0,4209192.0,1546.24,4648.96,1546.24,4648.96,1.0,0,32.0,32.0,1000bs-1n-48th-198574s-DENV_2-colombia-BVBRC_genome_sequence,sequana_cpu_dev,1,11327529.0,1000,48,198574,DENV_2-colombia-BVBRC_genome_sequence,39445.63,37290.4,76736.03,120.63,114.04,234.67,234.67,327.0, sdumont6167,25246153.87
14309.0,15840,330,4209192.0,155008.0,155008.0,4209192.0,1546.24,4659.2,1546.24,4659.2,1.0,0,25.0,25.0,1000bs-1n-48th-198574s-DENV_2-colombia-BVBRC_genome_sequence,sequana_cpu_dev,1,11327538.0,1000,48,198574,DENV_2-colombia-BVBRC_genome_sequence,40741.98,38672.71,79414.69,124.21,117.9,242.12,242.12,328.0, sdumont6167,26206847.7
15604.0,16224,338,4209192.0,152908.0,152908.0,4209192.0,1597.44,4689.92,1597.44,4689.92,194.0,0,319.0,319.0,1000bs-1n-48th-198574s-DENV_2-colombia-BVBRC_genome_sequence,sequana_cpu_dev,1,11327544.0,1000,48,198574,DENV_2-colombia-BVBRC_genome_sequence,39201.79,36205.94,75407.73,116.67,107.76,224.43,224.43,336.0, sdumont6232,25487812.74
0.0,504,21,265348.0,1040.0,1040.0,265348.0,0.0,0.0,0.0,0.0,1.0,0,0.0,0.0,100bs-1n-24th-198574s-DENV_2-colombia-BVBRC_genome_sequence,sequana_cpu_dev,1,11327549.0,100,24,198574,DENV_2-colombia-BVBRC_genome_sequence,1009.95,353.42,1363.37,50.5,17.67,68.17,68.17,20.0, sdumont6166,28630.769999999997
0.0,504,21,265348.0,1036.0,1036.0,265348.0,0.0,0.0,0.0,0.0,1.0,0,0.0,0.0,100bs-1n-24th-198574s-DENV_2-colombia-BVBRC_genome_sequence,sequana_cpu_dev,1,11327550.0,100,24,198574,DENV_2-colombia-BVBRC_genome_sequence,1141.92,380.92,1522.84,63.44,21.16,84.6,84.6,18.0, sdumont6166,31979.64
0.0,480,20,265348.0,3140.0,3140.0,265348.0,0.0,0.0,0.0,0.0,1.0,0,0.0,0.0,100bs-1n-24th-198574s-DENV_2-colombia-BVBRC_genome_sequence,sequana_cpu_dev,1,11327552.0,100,24,198574,DENV_2-colombia-BVBRC_genome_sequence,1168.54,381.26,1549.79,64.92,21.18,86.1,86.1,18.0, sdumont6166,30995.8
0.0,504,21,265348.0,1040.0,1040.0,265348.0,0.0,0.0,0.0,0.0,1.0,0,0.0,0.0,100bs-1n-24th-198574s-DENV_2-colombia-BVBRC_genome_sequence,sequana_cpu_dev,1,11327555.0,100,24,198574,DENV_2-colombia-BVBRC_genome_sequence,1161.06,379.81,1540.87,64.5,21.1,85.6,85.6,18.0, sdumont6166,32358.269999999997
3576.0,4272,178,2586888.0,150200.0,150200.0,2586888.0,1310.72,4618.24,1310.72,4618.24,1.0,0,22.0,22.0,1000bs-1n-24th-198574s-DENV_2-colombia-BVBRC_genome_sequence,sequana_cpu_dev,1,11327557.0,1000,24,198574,DENV_2-colombia-BVBRC_genome_sequence,20473.78,6508.38,26982.16,116.33,36.98,153.31,153.31,176.0, sdumont6166,4802824.4799999995
3576.0,4320,180,2587036.0,150280.0,150280.0,2587036.0,1310.72,4618.24,1310.72,4618.24,1.0,0,8.0,8.0,1000bs-1n-24th-198574s-DENV_2-colombia-BVBRC_genome_sequence,sequana_cpu_dev,1,11327563.0,1000,24,198574,DENV_2-colombia-BVBRC_genome_sequence,20529.0,6506.14,27035.14,115.33,36.55,151.88,151.88,178.0, sdumont6166,4866325.2
3573.0,4344,181,2586888.0,150112.0,150112.0,2586888.0,1310.72,4608.0,1310.72,4608.0,1.0,0,25.0,25.0,1000bs-1n-24th-198574s-DENV_2-colombia-BVBRC_genome_sequence,sequana_cpu_dev,1,11327566.0,1000,24,198574,DENV_2-colombia-BVBRC_genome_sequence,20568.8,6499.14,27067.94,114.91,36.31,151.22,151.22,179.0, sdumont6166,4899297.14
3575.0,4272,178,2586888.0,146092.0,146092.0,2586888.0,1310.72,4618.24,1310.72,4618.24,1.0,0,23.0,23.0,1000bs-1n-24th-198574s-DENV_2-colombia-BVBRC_genome_sequence,sequana_cpu_dev,1,11327568.0,1000,24,198574,DENV_2-colombia-BVBRC_genome_sequence,20478.88,6502.18,26981.06,116.36,36.94,153.3,153.3,176.0, sdumont6166,4802628.680000001
54.0,66,33,1100448.0,138816.0,138816.0,1100448.0,1116.16,4249.6,1116.16,4249.6,1.0,0,236.0,236.0,100bs-1n-2th-198574s-DENV_2-colombia-BVBRC_genome_sequence,sequana_cpu_dev,1,11327570.0,100,2,198574,DENV_2-colombia-BVBRC_genome_sequence,1677.35,1199.85,2877.19,54.11,38.7,92.81,92.81,31.0, sdumont6165,94947.27
0.0,60,30,265348.0,3120.0,3120.0,265348.0,0.0,0.0,0.0,0.0,1.0,0,0.0,0.0,100bs-1n-2th-198574s-DENV_2-colombia-BVBRC_genome_sequence,sequana_cpu_dev,1,11327571.0,100,2,198574,DENV_2-colombia-BVBRC_genome_sequence,1172.8,823.55,1996.35,41.89,29.41,71.3,71.3,28.0, sdumont6165,59890.5
0.0,60,30,265348.0,3080.0,3080.0,265348.0,0.0,0.0,0.0,0.0,1.0,0,0.0,0.0,100bs-1n-2th-198574s-DENV_2-colombia-BVBRC_genome_sequence,sequana_cpu_dev,1,11327573.0,100,2,198574,DENV_2-colombia-BVBRC_genome_sequence,1374.36,833.28,2207.63,47.39,28.73,76.13,76.13,29.0, sdumont6167,66228.90000000001
0.0,60,30,265348.0,3056.0,3056.0,265348.0,0.0,0.0,0.0,0.0,1.0,0,0.0,0.0,100bs-1n-2th-198574s-DENV_2-colombia-BVBRC_genome_sequence,sequana_cpu_dev,1,11327577.0,100,2,198574,DENV_2-colombia-BVBRC_genome_sequence,1183.8,732.77,1916.57,40.82,25.27,66.09,66.09,29.0, sdumont6166,57497.1
535.0,566,283,1100412.0,146964.0,146964.0,1100412.0,1495.04,4669.44,1495.04,4669.44,1.0,0,0.0,0.0,1000bs-1n-2th-198574s-DENV_2-colombia-BVBRC_genome_sequence,sequana_cpu_dev,1,11327588.0,1000,2,198574,DENV_2-colombia-BVBRC_genome_sequence,16172.36,10018.34,26190.7,57.35,35.53,92.87,92.87,282.0, sdumont6166,7411968.100000001
533.0,570,285,1100556.0,147112.0,147112.0,1100556.0,1495.04,4669.44,1495.04,4669.44,1.0,0,0.0,0.0,1000bs-1n-2th-198574s-DENV_2-colombia-BVBRC_genome_sequence,sequana_cpu_dev,1,11327590.0,1000,2,198574,DENV_2-colombia-BVBRC_genome_sequence,16155.28,10010.63,26165.91,56.88,35.25,92.13,92.13,284.0, sdumont6166,7457284.35
531.0,570,285,1100408.0,145140.0,145140.0,1100408.0,1495.04,4669.44,1495.04,4669.44,1.0,0,0.0,0.0,1000bs-1n-2th-198574s-DENV_2-colombia-BVBRC_genome_sequence,sequana_cpu_dev,1,11327595.0,1000,2,198574,DENV_2-colombia-BVBRC_genome_sequence,16125.43,10036.42,26161.85,56.78,35.34,92.12,92.12,284.0, sdumont6166,7456127.25
535.0,566,283,1100408.0,144896.0,144896.0,1100408.0,1495.04,4669.44,1495.04,4669.44,1.0,0,0.0,0.0,1000bs-1n-2th-198574s-DENV_2-colombia-BVBRC_genome_sequence,sequana_cpu_dev,1,11327599.0,1000,2,198574,DENV_2-colombia-BVBRC_genome_sequence,16098.62,11277.33,27375.95,57.09,39.99,97.08,97.08,282.0, sdumont6165,7747393.850000001
1397.0,2544,53,4209240.0,146352.0,146352.0,4209240.0,1198.08,4239.36,1198.08,4239.36,1.0,0,46.0,46.0,100bs-1n-48th-242689s-DENV_2-mexico-BVBRC_genome_sequence,sequana_cpu_dev,1,11327604.0,100,48,242689,DENV_2-mexico-BVBRC_genome_sequence,5634.53,5868.16,11502.69,110.48,115.06,225.54,225.54,51.0, sdumont6165,609642.5700000001
1399.0,2448,51,4209400.0,145028.0,145028.0,4209400.0,1198.08,4239.36,1198.08,4239.36,1.0,0,39.0,39.0,100bs-1n-48th-242689s-DENV_2-mexico-BVBRC_genome_sequence,sequana_cpu_dev,1,11327606.0,100,48,242689,DENV_2-mexico-BVBRC_genome_sequence,4534.45,4728.7,9263.15,92.54,96.5,189.04,189.04,49.0, sdumont6165,472420.64999999997
1397.0,2832,59,4209544.0,147068.0,147068.0,4209544.0,1198.08,4239.36,1198.08,4239.36,1.0,0,28.0,28.0,100bs-1n-48th-242689s-DENV_2-mexico-BVBRC_genome_sequence,sequana_cpu_dev,1,11327608.0,100,48,242689,DENV_2-mexico-BVBRC_genome_sequence,5700.06,5937.33,11637.39,103.64,107.95,211.59,211.59,55.0, sdumont6165,686606.01
1398.0,2592,54,4209400.0,146372.0,146372.0,4209400.0,1198.08,4239.36,1198.08,4239.36,1.0,0,30.0,30.0,100bs-1n-48th-242689s-DENV_2-mexico-BVBRC_genome_sequence,sequana_cpu_dev,1,11327609.0,100,48,242689,DENV_2-mexico-BVBRC_genome_sequence,5680.99,5887.92,11568.91,109.25,113.23,222.48,222.48,52.0, sdumont6165,624721.14
22930.0,23760,495,4209708.0,152732.0,152732.0,4209708.0,1904.64,4741.12,1904.64,4741.12,1.0,0,28.0,28.0,1000bs-1n-48th-242689s-DENV_2-mexico-BVBRC_genome_sequence,sequana_cpu_dev,1,11327611.0,1000,48,242689,DENV_2-mexico-BVBRC_genome_sequence,55182.9,57548.43,112731.32,111.93,116.73,228.66,228.66,493.0, sdumont6165,55802003.400000006
22926.0,23568,491,4209560.0,156468.0,156468.0,4209560.0,1904.64,4751.36,1904.64,4751.36,1.0,0,19.0,19.0,1000bs-1n-48th-242689s-DENV_2-mexico-BVBRC_genome_sequence,sequana_cpu_dev,1,11327615.0,1000,48,242689,DENV_2-mexico-BVBRC_genome_sequence,54123.22,56504.83,110628.05,110.68,115.55,226.23,226.23,489.0, sdumont6165,54318372.550000004
25761.0,26352,549,4209560.0,156472.0,156472.0,4209560.0,2007.04,4751.36,2007.04,4751.36,1.0,0,37.0,37.0,1000bs-1n-48th-242689s-DENV_2-mexico-BVBRC_genome_sequence,sequana_cpu_dev,1,11327618.0,1000,48,242689,DENV_2-mexico-BVBRC_genome_sequence,68098.37,64397.04,132495.41,124.49,117.73,242.22,242.22,547.0, sdumont6167,72739980.09
25749.0,26448,551,4209560.0,154780.0,154780.0,4209560.0,2017.28,4751.36,2017.28,4751.36,1.0,0,44.0,44.0,1000bs-1n-48th-242689s-DENV_2-mexico-BVBRC_genome_sequence,sequana_cpu_dev,1,11327620.0,1000,48,242689,DENV_2-mexico-BVBRC_genome_sequence,69110.29,66181.18,135291.47,125.88,120.55,246.43,246.43,549.0, sdumont6167,74545599.97
704.0,744,31,2587052.0,142560.0,142560.0,2587052.0,1198.08,4259.84,1198.08,4259.84,1.0,0,20.0,20.0,100bs-1n-24th-242689s-DENV_2-mexico-BVBRC_genome_sequence,sequana_cpu_dev,1,11327621.0,100,24,242689,DENV_2-mexico-BVBRC_genome_sequence,2367.22,848.2,3215.42,78.91,28.27,107.18,107.18,30.0, sdumont6165,99678.02
0.0,744,31,265348.0,1036.0,1036.0,265348.0,0.0,0.0,0.0,0.0,1.0,0,0.0,0.0,100bs-1n-24th-242689s-DENV_2-mexico-BVBRC_genome_sequence,sequana_cpu_dev,1,11327622.0,100,24,242689,DENV_2-mexico-BVBRC_genome_sequence,2369.72,847.16,3216.88,81.71,29.21,110.93,110.93,29.0, sdumont6165,99723.28
0.0,744,31,265348.0,3040.0,3040.0,265348.0,0.0,0.0,0.0,0.0,1.0,0,0.0,0.0,100bs-1n-24th-242689s-DENV_2-mexico-BVBRC_genome_sequence,sequana_cpu_dev,1,11327623.0,100,24,242689,DENV_2-mexico-BVBRC_genome_sequence,2373.2,849.42,3222.63,79.11,28.31,107.42,107.42,30.0, sdumont6165,99901.53
0.0,744,31,265348.0,1036.0,1036.0,265348.0,0.0,0.0,0.0,0.0,1.0,0,0.0,0.0,100bs-1n-24th-242689s-DENV_2-mexico-BVBRC_genome_sequence,sequana_cpu_dev,1,11327624.0,100,24,242689,DENV_2-mexico-BVBRC_genome_sequence,2369.33,847.48,3216.81,81.7,29.22,110.92,110.92,29.0, sdumont6165,99721.11
6447.0,6960,290,2587224.0,150956.0,150956.0,2587224.0,1587.2,4720.64,1587.2,4720.64,1.0,0,16.0,16.0,1000bs-1n-24th-242689s-DENV_2-mexico-BVBRC_genome_sequence,sequana_cpu_dev,1,11327625.0,1000,24,242689,DENV_2-mexico-BVBRC_genome_sequence,34091.08,11906.82,45997.9,117.96,41.2,159.16,159.16,289.0, sdumont6165,13339391.0
6450.0,7224,301,2587232.0,150932.0,150932.0,2587232.0,1587.2,4720.64,1587.2,4720.64,1.0,0,26.0,26.0,1000bs-1n-24th-242689s-DENV_2-mexico-BVBRC_genome_sequence,sequana_cpu_dev,1,11327626.0,1000,24,242689,DENV_2-mexico-BVBRC_genome_sequence,32890.23,11534.01,44424.24,114.6,40.19,154.79,154.79,287.0, sdumont6165,13371696.24
6448.0,6840,285,2587228.0,148968.0,148968.0,2587228.0,1587.2,4730.88,1587.2,4730.88,1.0,0,15.0,15.0,1000bs-1n-24th-242689s-DENV_2-mexico-BVBRC_genome_sequence,sequana_cpu_dev,1,11327628.0,1000,24,242689,DENV_2-mexico-BVBRC_genome_sequence,32955.81,11553.87,44509.68,116.45,40.83,157.28,157.28,283.0, sdumont6165,12685258.8
6446.0,7176,299,2587228.0,147004.0,147004.0,2587228.0,1587.2,4700.16,1587.2,4700.16,1.0,0,14.0,14.0,1000bs-1n-24th-242689s-DENV_2-mexico-BVBRC_genome_sequence,sequana_cpu_dev,1,11327630.0,1000,24,242689,DENV_2-mexico-BVBRC_genome_sequence,35107.06,12439.73,47546.8,117.81,41.74,159.55,159.55,298.0, sdumont6165,14216493.200000001
59.0,102,51,1100804.0,139176.0,139176.0,1100804.0,1198.08,4239.36,1198.08,4239.36,1.0,0,0.0,0.0,100bs-1n-2th-242689s-DENV_2-mexico-BVBRC_genome_sequence,sequana_cpu_dev,1,11327632.0,100,2,242689,DENV_2-mexico-BVBRC_genome_sequence,2372.06,1658.35,4030.41,47.44,33.17,80.61,80.61,50.0, sdumont6165,205550.91
59.0,102,51,1100804.0,139400.0,139400.0,1100804.0,1198.08,4239.36,1198.08,4239.36,1.0,0,0.0,0.0,100bs-1n-2th-242689s-DENV_2-mexico-BVBRC_genome_sequence,sequana_cpu_dev,1,11327635.0,100,2,242689,DENV_2-mexico-BVBRC_genome_sequence,2371.56,1655.97,4027.53,47.43,33.12,80.55,80.55,50.0, sdumont6165,205404.03
59.0,118,59,1100952.0,139348.0,139348.0,1100952.0,1198.08,4239.36,1198.08,4239.36,1.0,0,0.0,0.0,100bs-1n-2th-242689s-DENV_2-mexico-BVBRC_genome_sequence,sequana_cpu_dev,1,11327636.0,100,2,242689,DENV_2-mexico-BVBRC_genome_sequence,2358.87,1662.1,4020.97,47.18,33.24,80.42,80.42,50.0, sdumont6165,237237.22999999998
59.0,102,51,1100916.0,139828.0,139828.0,1100916.0,1198.08,4239.36,1198.08,4239.36,1.0,0,0.0,0.0,100bs-1n-2th-242689s-DENV_2-mexico-BVBRC_genome_sequence,sequana_cpu_dev,1,11327639.0,100,2,242689,DENV_2-mexico-BVBRC_genome_sequence,2370.62,1651.2,4021.82,47.41,33.02,80.44,80.44,50.0, sdumont6165,205112.82
954.0,998,499,1100920.0,145796.0,145796.0,1100920.0,1904.64,4741.12,1904.64,4741.12,1.0,0,0.0,0.0,1000bs-1n-2th-242689s-DENV_2-mexico-BVBRC_genome_sequence,sequana_cpu_dev,1,11327653.0,1000,2,242689,DENV_2-mexico-BVBRC_genome_sequence,28682.02,19949.96,48631.97,57.59,40.06,97.65,97.65,498.0, sdumont6165,24267353.03
954.0,1002,501,1106884.0,146732.0,146732.0,1106884.0,1914.88,4730.88,1914.88,4730.88,5.0,0,0.0,0.0,1000bs-1n-2th-242689s-DENV_2-mexico-BVBRC_genome_sequence,sequana_cpu_dev,1,11327688.0,1000,2,242689,DENV_2-mexico-BVBRC_genome_sequence,28647.29,19949.75,48597.04,57.29,39.9,97.19,97.19,500.0, sdumont6165,24347117.04
954.0,996,498,1101068.0,143820.0,143820.0,1101068.0,1904.64,4741.12,1904.64,4741.12,6.0,0,0.0,0.0,1000bs-1n-2th-242689s-DENV_2-mexico-BVBRC_genome_sequence,sequana_cpu_dev,1,11327725.0,1000,2,242689,DENV_2-mexico-BVBRC_genome_sequence,28672.52,20000.11,48672.63,57.69,40.24,97.93,97.93,497.0, sdumont6165,24238969.74
952.0,1000,500,1100920.0,145796.0,145796.0,1100920.0,1904.64,4741.12,1904.64,4741.12,3.0,0,0.0,0.0,1000bs-1n-2th-242689s-DENV_2-mexico-BVBRC_genome_sequence,sequana_cpu_dev,1,11327729.0,1000,2,242689,DENV_2-mexico-BVBRC_genome_sequence,28683.43,19986.96,48670.38,57.48,40.05,97.54,97.54,499.0, sdumont6165,24335190.0
2851.0,3024,63,4209484.0,150092.0,150092.0,4209484.0,1372.16,4311.04,1372.16,4311.04,2.0,0,38.0,38.0,100bs-1n-48th-287037s-DENV_2-peru-BVBRC_genome_sequence,sequana_cpu_dev,1,11327730.0,100,48,287037,DENV_2-peru-BVBRC_genome_sequence,5600.34,5852.11,11452.45,91.81,95.94,187.75,187.75,61.0, sdumont6165,721504.3500000001
1388.0,2544,53,4209484.0,145672.0,145672.0,4209484.0,1290.24,4249.6,1290.24,4249.6,9.0,0,24.0,24.0,100bs-1n-48th-287037s-DENV_2-peru-BVBRC_genome_sequence,sequana_cpu_dev,1,11327731.0,100,48,287037,DENV_2-peru-BVBRC_genome_sequence,5643.73,5906.94,11550.67,110.66,115.82,226.48,226.48,51.0, sdumont6165,612185.51
2827.0,3120,65,4209484.0,152300.0,152300.0,4209484.0,1331.2,4270.08,1331.2,4270.08,16.0,0,22.0,22.0,100bs-1n-48th-287037s-DENV_2-peru-BVBRC_genome_sequence,sequana_cpu_dev,1,11327732.0,100,48,287037,DENV_2-peru-BVBRC_genome_sequence,6783.56,7003.14,13786.7,107.68,111.16,218.84,218.84,63.0, sdumont6165,896135.5
1396.0,2928,61,4209484.0,146196.0,146196.0,4209484.0,1290.24,4239.36,1290.24,4239.36,29.0,0,36.0,36.0,100bs-1n-48th-287037s-DENV_2-peru-BVBRC_genome_sequence,sequana_cpu_dev,1,11327733.0,100,48,287037,DENV_2-peru-BVBRC_genome_sequence,5624.55,5867.63,11492.18,95.33,99.45,194.78,194.78,59.0, sdumont6165,701022.98
27206.0,28608,596,4215052.0,151448.0,151448.0,4215052.0,2140.16,4802.56,2140.16,4802.56,6.0,0,50.0,50.0,1000bs-1n-48th-287037s-DENV_2-peru-BVBRC_genome_sequence,sequana_cpu_dev,1,11327734.0,1000,48,287037,DENV_2-peru-BVBRC_genome_sequence,65977.39,69486.9,135464.29,111.07,116.98,228.05,228.05,594.0, sdumont6165,80736716.84
28564.0,29280,610,4215364.0,150832.0,150832.0,4215364.0,2191.36,4812.8,2191.36,4812.8,10.0,0,276.0,276.0,1000bs-1n-48th-287037s-DENV_2-peru-BVBRC_genome_sequence,sequana_cpu_dev,1,11327736.0,1000,48,287037,DENV_2-peru-BVBRC_genome_sequence,71944.46,66414.99,138359.45,118.52,109.42,227.94,227.94,607.0, sdumont6232,84399264.5
27227.0,27456,572,4209492.0,154536.0,154536.0,4209492.0,2140.16,4823.04,2140.16,4823.04,4.0,0,27.0,27.0,1000bs-1n-48th-287037s-DENV_2-peru-BVBRC_genome_sequence,sequana_cpu_dev,1,11327737.0,1000,48,287037,DENV_2-peru-BVBRC_genome_sequence,62403.26,65453.45,127856.7,109.48,114.83,224.31,224.31,570.0, sdumont6165,73134032.39999999
27233.0,28848,601,4209656.0,152816.0,152816.0,4209656.0,2140.16,4792.32,2140.16,4792.32,14.0,0,44.0,44.0,1000bs-1n-48th-287037s-DENV_2-peru-BVBRC_genome_sequence,sequana_cpu_dev,1,11327738.0,1000,48,287037,DENV_2-peru-BVBRC_genome_sequence,65617.24,67844.46,133461.7,109.54,113.26,222.81,222.81,599.0, sdumont6165,80210481.7
704.0,768,32,2587456.0,143260.0,143260.0,2587456.0,1290.24,4270.08,1290.24,4270.08,2.0,0,21.0,21.0,100bs-1n-24th-287037s-DENV_2-peru-BVBRC_genome_sequence,sequana_cpu_dev,1,11327739.0,100,24,287037,DENV_2-peru-BVBRC_genome_sequence,2326.9,852.08,3178.98,77.56,28.4,105.97,105.97,30.0, sdumont6165,101727.36
704.0,768,32,2587476.0,149440.0,149440.0,2587476.0,1290.24,4270.08,1290.24,4270.08,7.0,0,32.0,32.0,100bs-1n-24th-287037s-DENV_2-peru-BVBRC_genome_sequence,sequana_cpu_dev,1,11327740.0,100,24,287037,DENV_2-peru-BVBRC_genome_sequence,3504.24,1270.89,4775.13,113.04,41.0,154.04,154.04,31.0, sdumont6165,152804.16
705.0,768,32,2587460.0,143496.0,143496.0,2587460.0,1290.24,4270.08,1290.24,4270.08,12.0,0,8.0,8.0,100bs-1n-24th-287037s-DENV_2-peru-BVBRC_genome_sequence,sequana_cpu_dev,1,11327741.0,100,24,287037,DENV_2-peru-BVBRC_genome_sequence,3502.34,1271.57,4773.92,112.98,41.02,154.0,154.0,31.0, sdumont6165,152765.44
705.0,768,32,2587476.0,141364.0,141364.0,2587476.0,1290.24,4270.08,1290.24,4270.08,30.0,0,13.0,13.0,100bs-1n-24th-287037s-DENV_2-peru-BVBRC_genome_sequence,sequana_cpu_dev,1,11327742.0,100,24,287037,DENV_2-peru-BVBRC_genome_sequence,3507.13,1271.8,4778.94,116.9,42.39,159.3,159.3,30.0, sdumont6165,152926.08
7166.0,7392,308,2587464.0,151876.0,151876.0,2587464.0,1720.32,4802.56,1720.32,4802.56,4.0,0,27.0,27.0,1000bs-1n-24th-287037s-DENV_2-peru-BVBRC_genome_sequence,sequana_cpu_dev,1,11327744.0,1000,24,287037,DENV_2-peru-BVBRC_genome_sequence,34489.29,12376.95,46866.23,112.71,40.45,153.16,153.16,306.0, sdumont6165,14434798.840000002
7153.0,7680,320,2587476.0,152008.0,152008.0,2587476.0,1720.32,4782.08,1720.32,4782.08,15.0,0,23.0,23.0,1000bs-1n-24th-287037s-DENV_2-peru-BVBRC_genome_sequence,sequana_cpu_dev,1,11327745.0,1000,24,287037,DENV_2-peru-BVBRC_genome_sequence,36951.78,13307.51,50259.29,115.84,41.72,157.55,157.55,319.0, sdumont6165,16082972.8
7166.0,7272,303,2587448.0,152164.0,152164.0,2587448.0,1720.32,4812.8,1720.32,4812.8,9.0,0,18.0,18.0,1000bs-1n-24th-287037s-DENV_2-peru-BVBRC_genome_sequence,sequana_cpu_dev,1,11327746.0,1000,24,287037,DENV_2-peru-BVBRC_genome_sequence,34539.39,12419.31,46958.7,114.37,41.12,155.49,155.49,302.0, sdumont6165,14228486.1
7166.0,7248,302,2587476.0,148112.0,148112.0,2587476.0,1720.32,4823.04,1720.32,4823.04,2.0,0,21.0,21.0,1000bs-1n-24th-287037s-DENV_2-peru-BVBRC_genome_sequence,sequana_cpu_dev,1,11327747.0,1000,24,287037,DENV_2-peru-BVBRC_genome_sequence,34525.47,12421.82,46947.29,115.08,41.41,156.49,156.49,300.0, sdumont6165,14178081.58
59.0,62,31,1100868.0,139108.0,139108.0,1100868.0,1290.24,4270.08,1290.24,4270.08,8.0,0,0.0,0.0,100bs-1n-2th-287037s-DENV_2-peru-BVBRC_genome_sequence,sequana_cpu_dev,1,11327748.0,100,2,287037,DENV_2-peru-BVBRC_genome_sequence,1167.24,830.89,1998.13,38.91,27.7,66.6,66.6,30.0, sdumont6165,61942.030000000006
58.0,64,32,1100868.0,138852.0,138852.0,1100868.0,1290.24,4270.08,1290.24,4270.08,9.0,0,0.0,0.0,100bs-1n-2th-287037s-DENV_2-peru-BVBRC_genome_sequence,sequana_cpu_dev,1,11327750.0,100,2,287037,DENV_2-peru-BVBRC_genome_sequence,1749.72,1244.21,2993.93,56.44,40.14,96.58,96.58,31.0, sdumont6165,95805.76
59.0,64,32,1100868.0,139116.0,139116.0,1100868.0,1290.24,4270.08,1290.24,4270.08,6.0,0,0.0,0.0,100bs-1n-2th-287037s-DENV_2-peru-BVBRC_genome_sequence,sequana_cpu_dev,1,11327751.0,100,2,287037,DENV_2-peru-BVBRC_genome_sequence,1157.12,824.28,1981.4,38.57,27.48,66.05,66.05,30.0, sdumont6165,63404.8
59.0,62,31,1100868.0,138924.0,138924.0,1100868.0,1290.24,4270.08,1290.24,4270.08,13.0,0,0.0,0.0,100bs-1n-2th-287037s-DENV_2-peru-BVBRC_genome_sequence,sequana_cpu_dev,1,11327752.0,100,2,287037,DENV_2-peru-BVBRC_genome_sequence,1163.45,824.2,1987.65,38.78,27.47,66.26,66.26,30.0, sdumont6165,61617.15
595.0,602,301,1100900.0,147292.0,147292.0,1100900.0,2170.88,5222.4,2170.88,5222.4,16.0,0,0.0,0.0,1000bs-1n-2th-287037s-DENV_2-peru-BVBRC_genome_sequence,sequana_cpu_dev,1,11327753.0,1000,2,287037,DENV_2-peru-BVBRC_genome_sequence,17080.12,12102.5,29182.62,56.93,40.34,97.28,97.28,300.0, sdumont6165,8783968.62
535.0,602,301,1100900.0,145376.0,145376.0,1100900.0,1669.12,4761.6,1669.12,4761.6,12.0,0,0.0,0.0,1000bs-1n-2th-287037s-DENV_2-peru-BVBRC_genome_sequence,sequana_cpu_dev,1,11327754.0,1000,2,287037,DENV_2-peru-BVBRC_genome_sequence,17057.24,12123.24,29180.48,56.86,40.41,97.27,97.27,300.0, sdumont6165,8783324.48
595.0,602,301,1101048.0,147584.0,147584.0,1101048.0,1720.32,4823.04,1720.32,4823.04,2.0,0,0.0,0.0,1000bs-1n-2th-287037s-DENV_2-peru-BVBRC_genome_sequence,sequana_cpu_dev,1,11327755.0,1000,2,287037,DENV_2-peru-BVBRC_genome_sequence,17075.68,12086.49,29162.17,56.92,40.29,97.21,97.21,300.0, sdumont6165,8777813.17
595.0,606,303,1100852.0,144956.0,144956.0,1100852.0,1720.32,4812.8,1720.32,4812.8,16.0,0,0.0,0.0,1000bs-1n-2th-287037s-DENV_2-peru-BVBRC_genome_sequence,sequana_cpu_dev,1,11327756.0,1000,2,287037,DENV_2-peru-BVBRC_genome_sequence,17090.94,12124.26,29215.2,56.59,40.15,96.74,96.74,302.0, sdumont6165,8852205.6
1397.0,2640,55,4209196.0,143308.0,143308.0,4209196.0,1177.6,4239.36,1177.6,4239.36,6.0,0,41.0,41.0,100bs-1n-48th-231143s-DENV_3-colombia-BVBRC_genome_sequence,sequana_cpu_dev,1,11327757.0,100,48,231143,DENV_3-colombia-BVBRC_genome_sequence,5622.58,5824.0,11446.59,106.09,109.89,215.97,215.97,53.0, sdumont6165,629562.45
1396.0,2640,55,4209196.0,145400.0,145400.0,4209196.0,1177.6,4239.36,1177.6,4239.36,12.0,0,30.0,30.0,100bs-1n-48th-231143s-DENV_3-colombia-BVBRC_genome_sequence,sequana_cpu_dev,1,11327758.0,100,48,231143,DENV_3-colombia-BVBRC_genome_sequence,5639.82,5875.21,11515.03,106.41,110.85,217.26,217.26,53.0, sdumont6165,633326.65
1395.0,2688,56,4209336.0,145620.0,145620.0,4209336.0,1177.6,4239.36,1177.6,4239.36,19.0,0,33.0,33.0,100bs-1n-48th-231143s-DENV_3-colombia-BVBRC_genome_sequence,sequana_cpu_dev,1,11327759.0,100,48,231143,DENV_3-colombia-BVBRC_genome_sequence,5635.22,5848.74,11483.97,102.46,106.34,208.8,208.8,55.0, sdumont6165,643102.32
1396.0,2640,55,4209336.0,145736.0,145736.0,4209336.0,1177.6,4239.36,1177.6,4239.36,5.0,0,19.0,19.0,100bs-1n-48th-231143s-DENV_3-colombia-BVBRC_genome_sequence,sequana_cpu_dev,1,11327760.0,100,48,231143,DENV_3-colombia-BVBRC_genome_sequence,5635.05,5844.33,11479.38,104.35,108.23,212.58,212.58,54.0, sdumont6165,631365.8999999999
21476.0,22800,475,4209496.0,153388.0,153388.0,4209496.0,1832.96,4720.64,1832.96,4720.64,10.0,0,33.0,33.0,1000bs-1n-48th-231143s-DENV_3-colombia-BVBRC_genome_sequence,sequana_cpu_dev,1,11327762.0,1000,48,231143,DENV_3-colombia-BVBRC_genome_sequence,52590.12,54959.89,107550.01,111.18,116.19,227.38,227.38,473.0, sdumont6165,51086254.75
22921.0,23184,483,4209344.0,153256.0,153256.0,4209344.0,1884.16,4741.12,1884.16,4741.12,7.0,0,36.0,36.0,1000bs-1n-48th-231143s-DENV_3-colombia-BVBRC_genome_sequence,sequana_cpu_dev,1,11327763.0,1000,48,231143,DENV_3-colombia-BVBRC_genome_sequence,53403.89,55738.42,109142.31,110.8,115.64,226.44,226.44,482.0, sdumont6165,52715735.73
24333.0,25200,525,4215056.0,153324.0,153324.0,4215056.0,1935.36,4730.88,1935.36,4730.88,3.0,0,23.0,23.0,1000bs-1n-48th-231143s-DENV_3-colombia-BVBRC_genome_sequence,sequana_cpu_dev,1,11327764.0,1000,48,231143,DENV_3-colombia-BVBRC_genome_sequence,58403.39,60664.01,119067.4,111.88,116.21,228.1,228.1,522.0, sdumont6165,62510385.0
22913.0,23280,485,4209492.0,155508.0,155508.0,4209492.0,1884.16,4741.12,1884.16,4741.12,4.0,0,33.0,33.0,1000bs-1n-48th-231143s-DENV_3-colombia-BVBRC_genome_sequence,sequana_cpu_dev,1,11327765.0,1000,48,231143,DENV_3-colombia-BVBRC_genome_sequence,53644.17,55978.3,109622.47,111.06,115.9,226.96,226.96,483.0, sdumont6165,53166897.95
0.0,720,30,265348.0,1040.0,1040.0,265348.0,0.0,0.0,0.0,0.0,2.0,0,0.0,0.0,100bs-1n-24th-231143s-DENV_3-colombia-BVBRC_genome_sequence,sequana_cpu_dev,1,11327766.0,100,24,231143,DENV_3-colombia-BVBRC_genome_sequence,2341.93,860.13,3202.07,83.64,30.72,114.36,114.36,28.0, sdumont6165,96062.1
653.0,744,31,2587004.0,141792.0,141792.0,2587004.0,1177.6,4259.84,1177.6,4259.84,7.0,0,266.0,266.0,100bs-1n-24th-231143s-DENV_3-colombia-BVBRC_genome_sequence,sequana_cpu_dev,1,11327777.0,100,24,231143,DENV_3-colombia-BVBRC_genome_sequence,2143.78,739.1,2882.87,71.46,24.64,96.1,96.1,30.0, sdumont6166,89368.97
0.0,720,30,265348.0,3144.0,3144.0,265348.0,0.0,0.0,0.0,0.0,12.0,0,0.0,0.0,100bs-1n-24th-231143s-DENV_3-colombia-BVBRC_genome_sequence,sequana_cpu_dev,1,11327778.0,100,24,231143,DENV_3-colombia-BVBRC_genome_sequence,2296.0,762.6,3058.61,79.17,26.3,105.47,105.47,29.0, sdumont6166,91758.3
0.0,720,30,265348.0,1036.0,1036.0,265348.0,0.0,0.0,0.0,0.0,22.0,0,0.0,0.0,100bs-1n-24th-231143s-DENV_3-colombia-BVBRC_genome_sequence,sequana_cpu_dev,1,11327779.0,100,24,231143,DENV_3-colombia-BVBRC_genome_sequence,2323.51,760.78,3084.29,82.98,27.17,110.15,110.15,28.0, sdumont6166,92528.7
6449.0,6744,281,2587160.0,148812.0,148812.0,2587160.0,1566.72,4720.64,1566.72,4720.64,4.0,0,19.0,19.0,1000bs-1n-24th-231143s-DENV_3-colombia-BVBRC_genome_sequence,sequana_cpu_dev,1,11327780.0,1000,24,231143,DENV_3-colombia-BVBRC_genome_sequence,32188.69,10351.82,42540.51,115.37,37.1,152.47,152.47,279.0, sdumont6166,11953883.31
6441.0,6864,286,2587012.0,145956.0,145956.0,2587012.0,1566.72,4710.4,1566.72,4710.4,15.0,0,17.0,17.0,1000bs-1n-24th-231143s-DENV_3-colombia-BVBRC_genome_sequence,sequana_cpu_dev,1,11327782.0,1000,24,231143,DENV_3-colombia-BVBRC_genome_sequence,32110.55,10353.52,42464.06,113.07,36.46,149.52,149.52,284.0, sdumont6166,12144721.16
6448.0,7008,292,2587012.0,150336.0,150336.0,2587012.0,1566.72,4720.64,1566.72,4720.64,9.0,0,20.0,20.0,1000bs-1n-24th-231143s-DENV_3-colombia-BVBRC_genome_sequence,sequana_cpu_dev,1,11327785.0,1000,24,231143,DENV_3-colombia-BVBRC_genome_sequence,32185.21,11534.25,43719.46,115.77,41.49,157.26,157.26,278.0, sdumont6165,12766082.32
6450.0,6672,278,2587012.0,146300.0,146300.0,2587012.0,1566.72,4730.88,1566.72,4730.88,2.0,0,22.0,22.0,1000bs-1n-24th-231143s-DENV_3-colombia-BVBRC_genome_sequence,sequana_cpu_dev,1,11327786.0,1000,24,231143,DENV_3-colombia-BVBRC_genome_sequence,32209.18,11543.87,43753.05,116.28,41.67,157.95,157.95,277.0, sdumont6165,12163347.9
59.0,66,33,1100584.0,138684.0,138684.0,1100584.0,1177.6,4259.84,1177.6,4259.84,13.0,0,0.0,0.0,100bs-1n-2th-231143s-DENV_3-colombia-BVBRC_genome_sequence,sequana_cpu_dev,1,11327787.0,100,2,231143,DENV_3-colombia-BVBRC_genome_sequence,1755.07,1244.79,2999.86,54.85,38.9,93.75,93.75,32.0, sdumont6165,98995.38
59.0,66,33,1100584.0,138580.0,138580.0,1100584.0,1177.6,4259.84,1177.6,4259.84,30.0,0,0.0,0.0,100bs-1n-2th-231143s-DENV_3-colombia-BVBRC_genome_sequence,sequana_cpu_dev,1,11327788.0,100,2,231143,DENV_3-colombia-BVBRC_genome_sequence,1759.49,1246.29,3005.78,54.98,38.95,93.93,93.93,32.0, sdumont6165,99190.74
59.0,66,33,1100568.0,138764.0,138764.0,1100568.0,1177.6,4259.84,1177.6,4259.84,5.0,0,0.0,0.0,100bs-1n-2th-231143s-DENV_3-colombia-BVBRC_genome_sequence,sequana_cpu_dev,1,11327789.0,100,2,231143,DENV_3-colombia-BVBRC_genome_sequence,1752.71,1244.2,2996.91,54.77,38.88,93.65,93.65,32.0, sdumont6165,98898.03
59.0,66,33,1100568.0,138720.0,138720.0,1100568.0,1177.6,4259.84,1177.6,4259.84,10.0,0,0.0,0.0,100bs-1n-2th-231143s-DENV_3-colombia-BVBRC_genome_sequence,sequana_cpu_dev,1,11327790.0,100,2,231143,DENV_3-colombia-BVBRC_genome_sequence,1744.53,1238.94,2983.47,54.52,38.72,93.23,93.23,32.0, sdumont6165,98454.51
596.0,646,323,1100696.0,144812.0,144812.0,1100696.0,1607.68,4710.4,1607.68,4710.4,16.0,0,0.0,0.0,1000bs-1n-2th-231143s-DENV_3-colombia-BVBRC_genome_sequence,sequana_cpu_dev,1,11327791.0,1000,2,231143,DENV_3-colombia-BVBRC_genome_sequence,18246.57,12900.68,31147.26,57.02,40.31,97.34,97.34,320.0, sdumont6165,10060564.979999999
595.0,642,321,1100588.0,144744.0,144744.0,1100588.0,1607.68,4710.4,1607.68,4710.4,3.0,0,0.0,0.0,1000bs-1n-2th-231143s-DENV_3-colombia-BVBRC_genome_sequence,sequana_cpu_dev,1,11327792.0,1000,2,231143,DENV_3-colombia-BVBRC_genome_sequence,18263.74,12923.03,31186.77,57.07,40.38,97.46,97.46,320.0, sdumont6165,10010953.17
596.0,644,322,1100576.0,144892.0,144892.0,1100576.0,1607.68,4710.4,1607.68,4710.4,1.0,0,0.0,0.0,1000bs-1n-2th-231143s-DENV_3-colombia-BVBRC_genome_sequence,sequana_cpu_dev,1,11327793.0,1000,2,231143,DENV_3-colombia-BVBRC_genome_sequence,18301.02,12929.46,31230.49,57.01,40.28,97.29,97.29,321.0, sdumont6165,10056217.780000001
595.0,640,320,1100576.0,144780.0,144780.0,1100576.0,1607.68,4710.4,1607.68,4710.4,11.0,0,0.0,0.0,1000bs-1n-2th-231143s-DENV_3-colombia-BVBRC_genome_sequence,sequana_cpu_dev,1,11327794.0,1000,2,231143,DENV_3-colombia-BVBRC_genome_sequence,18295.84,12905.18,31201.01,57.35,40.46,97.81,97.81,319.0, sdumont6165,9984323.2
1395.0,2592,54,4209416.0,145772.0,145772.0,4209416.0,1259.52,4239.36,1259.52,4239.36,4.0,0,20.0,20.0,100bs-1n-48th-272549s-DENV_4-usa-BVBRC_genome_sequence,sequana_cpu_dev,1,11327795.0,100,48,272549,DENV_4-usa-BVBRC_genome_sequence,5616.33,5835.08,11451.41,108.01,112.21,220.22,220.22,52.0, sdumont6165,618376.14
1399.0,2496,52,4209420.0,145788.0,145788.0,4209420.0,1259.52,4239.36,1259.52,4239.36,10.0,0,47.0,47.0,100bs-1n-48th-272549s-DENV_4-usa-BVBRC_genome_sequence,sequana_cpu_dev,1,11327796.0,100,48,272549,DENV_4-usa-BVBRC_genome_sequence,4482.51,4660.4,9142.9,87.89,91.38,179.27,179.27,51.0, sdumont6165,475430.8
1398.0,2544,53,4209416.0,147672.0,147672.0,4209416.0,1259.52,4249.6,1259.52,4249.6,15.0,0,40.0,40.0,100bs-1n-48th-272549s-DENV_4-usa-BVBRC_genome_sequence,sequana_cpu_dev,1,11327797.0,100,48,272549,DENV_4-usa-BVBRC_genome_sequence,4496.39,4668.27,9164.65,89.93,93.37,183.29,183.29,50.0, sdumont6165,485726.44999999995
1399.0,2544,53,4209420.0,146036.0,146036.0,4209420.0,1259.52,4239.36,1259.52,4239.36,3.0,0,33.0,33.0,100bs-1n-48th-272549s-DENV_4-usa-BVBRC_genome_sequence,sequana_cpu_dev,1,11327798.0,100,48,272549,DENV_4-usa-BVBRC_genome_sequence,5627.43,5796.17,11423.6,108.22,111.46,219.68,219.68,52.0, sdumont6165,605450.8
21487.0,22848,476,4209740.0,150888.0,150888.0,4209740.0,1914.88,4771.84,1914.88,4771.84,8.0,0,44.0,44.0,1000bs-1n-48th-272549s-DENV_4-usa-BVBRC_genome_sequence,sequana_cpu_dev,1,11327799.0,1000,48,272549,DENV_4-usa-BVBRC_genome_sequence,52602.79,54613.87,107216.66,110.98,115.22,226.2,226.2,474.0, sdumont6165,51035130.160000004
22924.0,23808,496,4209576.0,152744.0,152744.0,4209576.0,1966.08,4792.32,1966.08,4792.32,7.0,0,22.0,22.0,1000bs-1n-48th-272549s-DENV_4-usa-BVBRC_genome_sequence,sequana_cpu_dev,1,11327800.0,1000,48,272549,DENV_4-usa-BVBRC_genome_sequence,54126.9,56325.37,110452.27,109.57,114.02,223.59,223.59,494.0, sdumont6165,54784325.92
22926.0,23424,488,4209580.0,152780.0,152780.0,4209580.0,1966.08,4792.32,1966.08,4792.32,5.0,0,24.0,24.0,1000bs-1n-48th-272549s-DENV_4-usa-BVBRC_genome_sequence,sequana_cpu_dev,1,11327801.0,1000,48,272549,DENV_4-usa-BVBRC_genome_sequence,53126.68,55513.5,108640.18,109.09,113.99,223.08,223.08,487.0, sdumont6165,53016407.839999996
22920.0,24096,502,4209872.0,153120.0,153120.0,4209872.0,1966.08,4782.08,1966.08,4782.08,4.0,0,29.0,29.0,1000bs-1n-48th-272549s-DENV_4-usa-BVBRC_genome_sequence,sequana_cpu_dev,1,11327802.0,1000,48,272549,DENV_4-usa-BVBRC_genome_sequence,54667.97,56530.74,111198.71,109.12,112.84,221.95,221.95,501.0, sdumont6165,55821752.42
0.0,672,28,265348.0,3180.0,3180.0,265348.0,0.0,0.0,0.0,0.0,2.0,0,0.0,0.0,100bs-1n-24th-272549s-DENV_4-usa-BVBRC_genome_sequence,sequana_cpu_dev,1,11327803.0,100,24,272549,DENV_4-usa-BVBRC_genome_sequence,2332.71,860.69,3193.4,86.4,31.88,118.27,118.27,27.0, sdumont6165,89415.2
0.0,696,29,265348.0,1036.0,1036.0,265348.0,0.0,0.0,0.0,0.0,8.0,0,0.0,0.0,100bs-1n-24th-272549s-DENV_4-usa-BVBRC_genome_sequence,sequana_cpu_dev,1,11327804.0,100,24,272549,DENV_4-usa-BVBRC_genome_sequence,2322.11,850.84,3172.95,86.0,31.51,117.52,117.52,27.0, sdumont6165,92015.54999999999
0.0,720,30,265348.0,1040.0,1040.0,265348.0,0.0,0.0,0.0,0.0,13.0,0,0.0,0.0,100bs-1n-24th-272549s-DENV_4-usa-BVBRC_genome_sequence,sequana_cpu_dev,1,11327805.0,100,24,272549,DENV_4-usa-BVBRC_genome_sequence,2277.07,844.71,3121.78,81.32,30.17,111.49,111.49,28.0, sdumont6165,93653.40000000001
0.0,672,28,265348.0,1036.0,1036.0,265348.0,0.0,0.0,0.0,0.0,30.0,0,0.0,0.0,100bs-1n-24th-272549s-DENV_4-usa-BVBRC_genome_sequence,sequana_cpu_dev,1,11327806.0,100,24,272549,DENV_4-usa-BVBRC_genome_sequence,2321.9,845.03,3166.93,86.0,31.3,117.29,117.29,27.0, sdumont6165,88674.04
5731.0,6336,264,2587276.0,147776.0,147776.0,2587276.0,1597.44,4751.36,1597.44,4751.36,4.0,0,18.0,18.0,1000bs-1n-24th-272549s-DENV_4-usa-BVBRC_genome_sequence,sequana_cpu_dev,1,11327807.0,1000,24,272549,DENV_4-usa-BVBRC_genome_sequence,29712.85,10687.61,40400.46,113.41,40.79,154.2,154.2,262.0, sdumont6165,10665721.44
5730.0,6216,259,2587276.0,152232.0,152232.0,2587276.0,1597.44,4761.6,1597.44,4761.6,15.0,0,17.0,17.0,1000bs-1n-24th-272549s-DENV_4-usa-BVBRC_genome_sequence,sequana_cpu_dev,1,11327809.0,1000,24,272549,DENV_4-usa-BVBRC_genome_sequence,29755.14,10675.66,40430.81,115.33,41.38,156.71,156.71,258.0, sdumont6165,10471579.79
5729.0,6192,258,2587276.0,151792.0,151792.0,2587276.0,1597.44,4761.6,1597.44,4761.6,8.0,0,22.0,22.0,1000bs-1n-24th-272549s-DENV_4-usa-BVBRC_genome_sequence,sequana_cpu_dev,1,11327810.0,1000,24,272549,DENV_4-usa-BVBRC_genome_sequence,29776.48,10674.17,40450.65,115.86,41.53,157.4,157.4,257.0, sdumont6165,10436267.700000001
5730.0,6216,259,2587276.0,153840.0,153840.0,2587276.0,1597.44,4761.6,1597.44,4761.6,1.0,0,28.0,28.0,1000bs-1n-24th-272549s-DENV_4-usa-BVBRC_genome_sequence,sequana_cpu_dev,1,11327811.0,1000,24,272549,DENV_4-usa-BVBRC_genome_sequence,29765.73,10664.07,40429.8,115.37,41.33,156.7,156.7,258.0, sdumont6165,10471318.200000001
0.0,56,28,265348.0,3176.0,3176.0,265348.0,0.0,0.0,0.0,0.0,1.0,0,0.0,0.0,100bs-1n-2th-272549s-DENV_4-usa-BVBRC_genome_sequence,sequana_cpu_dev,1,11327813.0,100,2,272549,DENV_4-usa-BVBRC_genome_sequence,1163.35,824.34,1987.69,43.09,30.53,73.62,73.62,27.0, sdumont6165,55655.32
0.0,54,27,265348.0,3220.0,3220.0,265348.0,0.0,0.0,0.0,0.0,1.0,0,0.0,0.0,100bs-1n-2th-272549s-DENV_4-usa-BVBRC_genome_sequence,sequana_cpu_dev,1,11327814.0,100,2,272549,DENV_4-usa-BVBRC_genome_sequence,1163.04,829.18,1992.22,44.73,31.89,76.62,76.62,26.0, sdumont6165,53789.94
0.0,54,27,265348.0,3272.0,3272.0,265348.0,0.0,0.0,0.0,0.0,1.0,0,0.0,0.0,100bs-1n-2th-272549s-DENV_4-usa-BVBRC_genome_sequence,sequana_cpu_dev,1,11327815.0,100,2,272549,DENV_4-usa-BVBRC_genome_sequence,1160.66,822.7,1983.36,44.64,31.64,76.28,76.28,26.0, sdumont6165,53550.719999999994
0.0,54,27,265348.0,3172.0,3172.0,265348.0,0.0,0.0,0.0,0.0,1.0,0,0.0,0.0,100bs-1n-2th-272549s-DENV_4-usa-BVBRC_genome_sequence,sequana_cpu_dev,1,11327816.0,100,2,272549,DENV_4-usa-BVBRC_genome_sequence,1167.46,825.69,1993.15,44.9,31.76,76.66,76.66,26.0, sdumont6165,53815.05
476.0,510,255,1100824.0,145032.0,145032.0,1100824.0,1597.44,4771.84,1597.44,4771.84,1.0,0,0.0,0.0,1000bs-1n-2th-272549s-DENV_4-usa-BVBRC_genome_sequence,sequana_cpu_dev,1,11327818.0,1000,2,272549,DENV_4-usa-BVBRC_genome_sequence,14097.03,10026.34,24123.37,55.5,39.47,94.97,94.97,254.0, sdumont6165,6151459.35
476.0,508,254,1100684.0,142964.0,142964.0,1100684.0,1597.44,4771.84,1597.44,4771.84,2.0,0,0.0,0.0,1000bs-1n-2th-272549s-DENV_4-usa-BVBRC_genome_sequence,sequana_cpu_dev,1,11327825.0,1000,2,272549,DENV_4-usa-BVBRC_genome_sequence,14175.29,10019.81,24195.1,56.03,39.6,95.63,95.63,253.0, sdumont6165,6145555.399999999
1664.0,1714,857,1100824.0,145036.0,145036.0,1100824.0,2549.76,4802.56,2549.76,4802.56,2.0,0,236.0,236.0,1000bs-1n-2th-272549s-DENV_4-usa-BVBRC_genome_sequence,sequana_cpu_dev,1,11327828.0,1000,2,272549,DENV_4-usa-BVBRC_genome_sequence,22843.93,21216.47,44060.41,26.69,24.79,51.47,51.47,856.0, sdumont6168,37759771.370000005
476.0,510,255,1100832.0,144836.0,144836.0,1100832.0,1597.44,4771.84,1597.44,4771.84,3.0,0,0.0,0.0,1000bs-1n-2th-272549s-DENV_4-usa-BVBRC_genome_sequence,sequana_cpu_dev,1,11327830.0,1000,2,272549,DENV_4-usa-BVBRC_genome_sequence,14090.82,9997.52,24088.34,55.48,39.36,94.84,94.84,254.0, sdumont6165,6142526.7
2829.0,4080,85,4210016.0,146400.0,146400.0,4210016.0,1505.28,4259.84,1505.28,4259.84,2.0,0,35.0,35.0,100bs-1n-48th-377019s-DENV_1-usa-BVBRC_genome_sequence,sequana_cpu_dev,1,11327831.0,100,48,377019,DENV_1-usa-BVBRC_genome_sequence,9031.59,9417.28,18448.87,108.81,113.46,222.28,222.28,83.0, sdumont6165,1568153.95
2763.0,4272,89,4210164.0,148268.0,148268.0,4210164.0,1505.28,4259.84,1505.28,4259.84,5.0,0,313.0,313.0,100bs-1n-48th-377019s-DENV_1-usa-BVBRC_genome_sequence,sequana_cpu_dev,1,11327834.0,100,48,377019,DENV_1-usa-BVBRC_genome_sequence,9020.65,9069.07,18089.72,102.51,103.06,205.57,205.57,88.0, sdumont6166,1609985.08
2843.0,3696,77,4210016.0,148156.0,148156.0,4210016.0,1505.28,4270.08,1505.28,4270.08,7.0,0,55.0,55.0,100bs-1n-48th-377019s-DENV_1-usa-BVBRC_genome_sequence,sequana_cpu_dev,1,11327835.0,100,48,377019,DENV_1-usa-BVBRC_genome_sequence,8019.58,8087.65,16107.23,106.93,107.84,214.76,214.76,75.0, sdumont6166,1240256.71
2830.0,3600,75,4210016.0,152616.0,152616.0,4210016.0,1505.28,4270.08,1505.28,4270.08,2.0,0,28.0,28.0,100bs-1n-48th-377019s-DENV_1-usa-BVBRC_genome_sequence,sequana_cpu_dev,1,11327836.0,100,48,377019,DENV_1-usa-BVBRC_genome_sequence,8028.15,8107.58,16135.74,109.97,111.06,221.04,221.04,73.0, sdumont6166,1210180.5
35826.0,36288,756,4210024.0,156704.0,156704.0,4210024.0,2600.96,4945.92,2600.96,4945.92,9.0,0,32.0,32.0,1000bs-1n-48th-377019s-DENV_1-usa-BVBRC_genome_sequence,sequana_cpu_dev,1,11327837.0,1000,48,377019,DENV_1-usa-BVBRC_genome_sequence,84724.88,84635.14,169360.02,112.37,112.25,224.62,224.62,754.0, sdumont6166,128036175.11999999
40150.0,40656,847,4432984.0,152432.0,152432.0,4432984.0,2734.08,4945.92,2734.08,4945.92,18.0,0,30.0,30.0,1000bs-1n-48th-377019s-DENV_1-usa-BVBRC_genome_sequence,sequana_cpu_dev,1,11327838.0,1000,48,377019,DENV_1-usa-BVBRC_genome_sequence,94475.46,98964.6,193440.06,111.81,117.12,228.92,228.92,845.0, sdumont6165,163843730.82
34405.0,34656,722,4210172.0,156740.0,156740.0,4210172.0,3082.24,5478.4,3082.24,5478.4,9.0,0,27.0,27.0,1000bs-1n-48th-377019s-DENV_1-usa-BVBRC_genome_sequence,sequana_cpu_dev,1,11327839.0,1000,48,377019,DENV_1-usa-BVBRC_genome_sequence,81313.04,84603.6,165916.63,112.93,117.5,230.44,230.44,720.0, sdumont6165,119791806.86
41584.0,42480,885,4432836.0,158708.0,158708.0,4432836.0,2785.28,4945.92,2785.28,4945.92,23.0,0,28.0,28.0,1000bs-1n-48th-377019s-DENV_1-usa-BVBRC_genome_sequence,sequana_cpu_dev,1,11327841.0,1000,48,377019,DENV_1-usa-BVBRC_genome_sequence,99012.88,103907.13,202920.01,112.01,117.54,229.55,229.55,884.0, sdumont6165,179584208.85
701.0,1224,51,2588024.0,144872.0,144872.0,2588024.0,1464.32,4249.6,1464.32,4249.6,13.0,0,12.0,12.0,100bs-1n-24th-377019s-DENV_1-usa-BVBRC_genome_sequence,sequana_cpu_dev,1,11327849.0,100,24,377019,DENV_1-usa-BVBRC_genome_sequence,4880.32,1706.81,6587.13,97.61,34.14,131.74,131.74,50.0, sdumont6165,335943.63
704.0,1248,52,2588024.0,143232.0,143232.0,2588024.0,1464.32,4249.6,1464.32,4249.6,13.0,0,12.0,12.0,100bs-1n-24th-377019s-DENV_1-usa-BVBRC_genome_sequence,sequana_cpu_dev,1,11327851.0,100,24,377019,DENV_1-usa-BVBRC_genome_sequence,4866.33,1690.66,6556.99,95.42,33.15,128.57,128.57,51.0, sdumont6165,340963.48
703.0,1248,52,2588028.0,145100.0,145100.0,2588028.0,1464.32,4249.6,1464.32,4249.6,6.0,0,14.0,14.0,100bs-1n-24th-377019s-DENV_1-usa-BVBRC_genome_sequence,sequana_cpu_dev,1,11327852.0,100,24,377019,DENV_1-usa-BVBRC_genome_sequence,6115.25,2109.23,8224.49,119.91,41.36,161.26,161.26,51.0, sdumont6165,427673.48
706.0,1248,52,2588024.0,142960.0,142960.0,2588024.0,1464.32,4249.6,1464.32,4249.6,13.0,0,23.0,23.0,100bs-1n-24th-377019s-DENV_1-usa-BVBRC_genome_sequence,sequana_cpu_dev,1,11327853.0,100,24,377019,DENV_1-usa-BVBRC_genome_sequence,4868.26,1690.45,6558.71,95.46,33.15,128.6,128.6,51.0, sdumont6165,341052.92
11476.0,12264,511,2593592.0,153416.0,153416.0,2593592.0,2170.88,4904.96,2170.88,4904.96,20.0,0,13.0,13.0,1000bs-1n-24th-377019s-DENV_1-usa-BVBRC_genome_sequence,sequana_cpu_dev,1,11327854.0,1000,24,377019,DENV_1-usa-BVBRC_genome_sequence,60659.3,20848.89,81508.19,118.94,40.88,159.82,159.82,510.0, sdumont6165,41650685.09
12198.0,12336,514,2588036.0,149608.0,149608.0,2588036.0,2222.08,4945.92,2222.08,4945.92,18.0,0,17.0,17.0,1000bs-1n-24th-377019s-DENV_1-usa-BVBRC_genome_sequence,sequana_cpu_dev,1,11327865.0,1000,24,377019,DENV_1-usa-BVBRC_genome_sequence,61647.5,21258.22,82905.72,120.41,41.52,161.93,161.93,512.0, sdumont6165,42613540.08
12194.0,12408,517,2588036.0,151380.0,151380.0,2588036.0,2222.08,4935.68,2222.08,4935.68,17.0,0,16.0,16.0,1000bs-1n-24th-377019s-DENV_1-usa-BVBRC_genome_sequence,sequana_cpu_dev,1,11327866.0,1000,24,377019,DENV_1-usa-BVBRC_genome_sequence,61840.9,21300.84,83141.74,119.85,41.28,161.13,161.13,516.0, sdumont6165,42984279.580000006
11476.0,12168,507,2588032.0,149344.0,149344.0,2588032.0,2170.88,4915.2,2170.88,4915.2,14.0,0,20.0,20.0,1000bs-1n-24th-377019s-DENV_1-usa-BVBRC_genome_sequence,sequana_cpu_dev,1,11327870.0,1000,24,377019,DENV_1-usa-BVBRC_genome_sequence,60769.57,20882.75,81652.32,120.34,41.35,161.69,161.69,505.0, sdumont6165,41397726.24
178.0,214,107,1102368.0,145492.0,145492.0,1102368.0,1556.48,4270.08,1556.48,4270.08,6.0,0,0.0,0.0,100bs-1n-2th-377019s-DENV_1-usa-BVBRC_genome_sequence,sequana_cpu_dev,1,11327874.0,100,2,377019,DENV_1-usa-BVBRC_genome_sequence,6034.96,4175.41,10210.36,56.93,39.39,96.32,96.32,106.0, sdumont6165,1092508.52
178.0,228,114,1102368.0,141580.0,141580.0,1102368.0,1556.48,4270.08,1556.48,4270.08,8.0,0,0.0,0.0,100bs-1n-2th-377019s-DENV_1-usa-BVBRC_genome_sequence,sequana_cpu_dev,1,11327875.0,100,2,377019,DENV_1-usa-BVBRC_genome_sequence,6005.02,4156.1,10161.12,56.65,39.21,95.86,95.86,106.0, sdumont6165,1158367.6800000002
178.0,212,106,1102516.0,143540.0,143540.0,1102516.0,1556.48,4270.08,1556.48,4270.08,3.0,0,0.0,0.0,100bs-1n-2th-377019s-DENV_1-usa-BVBRC_genome_sequence,sequana_cpu_dev,1,11327877.0,100,2,377019,DENV_1-usa-BVBRC_genome_sequence,6031.65,4182.21,10213.86,57.44,39.83,97.27,97.27,105.0, sdumont6165,1082669.1600000001
178.0,212,106,1102368.0,141812.0,141812.0,1102368.0,1556.48,4270.08,1556.48,4270.08,11.0,0,0.0,0.0,100bs-1n-2th-377019s-DENV_1-usa-BVBRC_genome_sequence,sequana_cpu_dev,1,11327879.0,100,2,377019,DENV_1-usa-BVBRC_genome_sequence,6013.77,4166.14,10179.91,57.27,39.68,96.95,96.95,105.0, sdumont6165,1079070.46
2091.0,2138,1069,1108340.0,147260.0,147260.0,1108340.0,3072.0,4945.92,3072.0,4945.92,15.0,0,0.0,0.0,1000bs-1n-2th-377019s-DENV_1-usa-BVBRC_genome_sequence,sequana_cpu_dev,1,11327880.0,1000,2,377019,DENV_1-usa-BVBRC_genome_sequence,62770.4,43348.59,106119.0,58.77,40.59,99.36,99.36,1068.0, sdumont6165,113441211.0
2137.0,2166,1083,1330756.0,149148.0,149148.0,1330756.0,3123.2,4956.16,3123.2,4956.16,19.0,0,236.0,236.0,1000bs-1n-2th-377019s-DENV_1-usa-BVBRC_genome_sequence,sequana_cpu_dev,1,11327898.0,1000,2,377019,DENV_1-usa-BVBRC_genome_sequence,71114.49,44236.76,115351.25,65.73,40.88,106.61,106.61,1082.0, sdumont6169,124925403.75
2134.0,2170,1085,1107936.0,145652.0,145652.0,1107936.0,3123.2,4956.16,3123.2,4956.16,20.0,0,0.0,0.0,1000bs-1n-2th-377019s-DENV_1-usa-BVBRC_genome_sequence,sequana_cpu_dev,1,11327920.0,1000,2,377019,DENV_1-usa-BVBRC_genome_sequence,63848.3,44308.54,108156.84,58.9,40.88,99.78,99.78,1084.0, sdumont6165,117350171.39999999
2115.0,2212,1106,1102376.0,145476.0,145476.0,1102376.0,3123.2,4935.68,3123.2,4935.68,14.0,0,0.0,0.0,1000bs-1n-2th-377019s-DENV_1-usa-BVBRC_genome_sequence,sequana_cpu_dev,1,11327927.0,1000,2,377019,DENV_1-usa-BVBRC_genome_sequence,64745.35,44954.49,109699.84,58.65,40.72,99.37,99.37,1104.0, sdumont6165,121328023.03999999
14160.0,15792,329,4210684.0,155744.0,155744.0,4210684.0,2109.44,4290.56,2109.44,4290.56,3.0,0,277.0,277.0,100bs-1n-48th-484520s-DENV_1-brazil-BVBRC_genome_sequence,sequana_cpu_dev,1,11327938.0,100,48,484520,DENV_1-brazil-BVBRC_genome_sequence,14642.12,14825.33,29467.45,44.78,45.34,90.11,90.11,327.0, sdumont6168,9694791.05
7047.0,7728,161,4210984.0,159736.0,159736.0,4210984.0,1863.68,4290.56,1863.68,4290.56,20.0,0,301.0,301.0,100bs-1n-48th-484520s-DENV_1-brazil-BVBRC_genome_sequence,sequana_cpu_dev,1,11327939.0,100,48,484520,DENV_1-brazil-BVBRC_genome_sequence,17297.37,17237.84,34535.21,108.11,107.74,215.85,215.85,160.0, sdumont6166,5560168.81
5694.0,7248,151,4210684.0,155324.0,155324.0,4210684.0,1812.48,4280.32,1812.48,4280.32,9.0,0,41.0,41.0,100bs-1n-48th-484520s-DENV_1-brazil-BVBRC_genome_sequence,sequana_cpu_dev,1,11327943.0,100,48,484520,DENV_1-brazil-BVBRC_genome_sequence,16210.07,16197.02,32407.1,108.79,108.7,217.5,217.5,149.0, sdumont6166,4893472.1
5694.0,7152,149,4210688.0,153052.0,153052.0,4210688.0,1812.48,4280.32,1812.48,4280.32,4.0,0,41.0,41.0,100bs-1n-48th-484520s-DENV_1-brazil-BVBRC_genome_sequence,sequana_cpu_dev,1,11327947.0,100,48,484520,DENV_1-brazil-BVBRC_genome_sequence,16094.48,16114.55,32209.03,109.49,109.62,219.11,219.11,147.0, sdumont6166,4799145.47
1423.0,2136,89,2588676.0,146276.0,146276.0,2588676.0,1720.32,4270.08,1720.32,4270.08,30.0,0,19.0,19.0,100bs-1n-24th-484520s-DENV_1-brazil-BVBRC_genome_sequence,sequana_cpu_dev,1,11328030.0,100,24,484520,DENV_1-brazil-BVBRC_genome_sequence,9928.39,3434.68,13363.07,114.12,39.48,153.6,153.6,87.0, sdumont6165,1189313.23
2078.0,2280,95,2588824.0,152460.0,152460.0,2588824.0,1771.52,4290.56,1771.52,4290.56,6.0,0,254.0,254.0,100bs-1n-24th-484520s-DENV_1-brazil-BVBRC_genome_sequence,sequana_cpu_dev,1,11328033.0,100,24,484520,DENV_1-brazil-BVBRC_genome_sequence,10898.45,3345.82,14244.27,117.19,35.98,153.16,153.16,93.0, sdumont6166,1353205.6500000001
1422.0,2136,89,2588680.0,152188.0,152188.0,2588680.0,1720.32,4270.08,1720.32,4270.08,14.0,0,21.0,21.0,100bs-1n-24th-484520s-DENV_1-brazil-BVBRC_genome_sequence,sequana_cpu_dev,1,11328035.0,100,24,484520,DENV_1-brazil-BVBRC_genome_sequence,9919.35,3030.59,12949.94,112.72,34.44,147.16,147.16,88.0, sdumont6166,1152544.6600000001
1421.0,2160,90,2588676.0,154024.0,154024.0,2588676.0,1720.32,4270.08,1720.32,4270.08,31.0,0,26.0,26.0,100bs-1n-24th-484520s-DENV_1-brazil-BVBRC_genome_sequence,sequana_cpu_dev,1,11328040.0,100,24,484520,DENV_1-brazil-BVBRC_genome_sequence,9883.24,3026.05,12909.29,112.31,34.39,146.7,146.7,88.0, sdumont6166,1161836.1
20811.0,21144,881,2588920.0,150724.0,150724.0,2588920.0,2990.08,5079.04,2990.08,5079.04,13.0,0,14.0,14.0,1000bs-1n-24th-484520s-DENV_1-brazil-BVBRC_genome_sequence,sequana_cpu_dev,1,11328041.0,1000,24,484520,DENV_1-brazil-BVBRC_genome_sequence,106064.95,32282.75,138347.71,120.53,36.68,157.21,157.21,880.0, sdumont6166,121884332.50999999
20809.0,21336,889,2588772.0,156652.0,156652.0,2588772.0,2990.08,5068.8,2990.08,5068.8,25.0,0,9.0,9.0,1000bs-1n-24th-484520s-DENV_1-brazil-BVBRC_genome_sequence,sequana_cpu_dev,1,11328068.0,1000,24,484520,DENV_1-brazil-BVBRC_genome_sequence,107371.55,36793.01,144164.56,120.91,41.43,162.35,162.35,888.0, sdumont6165,128162293.84
20807.0,21384,891,2588772.0,152916.0,152916.0,2588772.0,2990.08,5068.8,2990.08,5068.8,3.0,0,15.0,15.0,1000bs-1n-24th-484520s-DENV_1-brazil-BVBRC_genome_sequence,sequana_cpu_dev,1,11328076.0,1000,24,484520,DENV_1-brazil-BVBRC_genome_sequence,107514.91,36735.9,144250.81,120.8,41.28,162.08,162.08,890.0, sdumont6165,128527471.71
20808.0,21240,885,2588772.0,156572.0,156572.0,2588772.0,2990.08,5079.04,2990.08,5079.04,11.0,0,20.0,20.0,1000bs-1n-24th-484520s-DENV_1-brazil-BVBRC_genome_sequence,sequana_cpu_dev,1,11328079.0,1000,24,484520,DENV_1-brazil-BVBRC_genome_sequence,107734.68,36709.0,144443.68,122.01,41.57,163.58,163.58,883.0, sdumont6165,127832656.8
416.0,458,229,1104220.0,146604.0,146604.0,1104220.0,1966.08,4290.56,1966.08,4290.56,5.0,0,0.0,0.0,100bs-1n-2th-484520s-DENV_1-brazil-BVBRC_genome_sequence,sequana_cpu_dev,1,11328080.0,100,2,484520,DENV_1-brazil-BVBRC_genome_sequence,13474.13,9189.92,22664.05,59.1,40.31,99.4,99.4,228.0, sdumont6165,5190067.45
418.0,454,227,1104392.0,151112.0,151112.0,1104392.0,1955.84,4290.56,1955.84,4290.56,17.0,0,0.0,0.0,100bs-1n-2th-484520s-DENV_1-brazil-BVBRC_genome_sequence,sequana_cpu_dev,1,11328083.0,100,2,484520,DENV_1-brazil-BVBRC_genome_sequence,13366.0,9162.29,22528.29,59.4,40.72,100.13,100.13,225.0, sdumont6165,5113921.83
417.0,456,228,1104300.0,152516.0,152516.0,1104300.0,1955.84,4290.56,1955.84,4290.56,28.0,0,0.0,0.0,100bs-1n-2th-484520s-DENV_1-brazil-BVBRC_genome_sequence,sequana_cpu_dev,1,11328085.0,100,2,484520,DENV_1-brazil-BVBRC_genome_sequence,13353.16,9127.08,22480.24,59.08,40.39,99.47,99.47,226.0, sdumont6165,5125494.720000001
417.0,454,227,1104300.0,149696.0,149696.0,1104300.0,1955.84,4290.56,1955.84,4290.56,27.0,0,0.0,0.0,100bs-1n-2th-484520s-DENV_1-brazil-BVBRC_genome_sequence,sequana_cpu_dev,1,11328088.0,100,2,484520,DENV_1-brazil-BVBRC_genome_sequence,13344.46,9134.28,22478.73,59.05,40.42,99.46,99.46,226.0, sdumont6165,5102671.71
2809.0,16080,67,4219084.0,155480.0,152425.599609375,4221584.0,1136.64,4300.8,1146.88,4300.8,46495.0,0,31.0,48.0,1000bs-5n-48th-187026s-DENV_1-colombia-BVBRC_genome_sequence,sequana_cpu,5,11328709.0,1000,48,187026,DENV_1-colombia-BVBRC_genome_sequence,36247.02,37349.02,73596.04,557.65,574.6,1132.25,226.45,65.0, sdumont6078,4930934.68
2807.0,15600,65,4219173.599609375,159568.0,154888.0,4221732.0,1136.64,4300.8,1146.88,4300.8,46270.0,0,41.0,65.0,1000bs-5n-48th-187026s-DENV_1-colombia-BVBRC_genome_sequence,sequana_cpu,5,11328712.0,1000,48,187026,DENV_1-colombia-BVBRC_genome_sequence,36564.4,37484.89,74049.3,589.75,604.6,1194.34,238.87,62.0, sdumont6078,4813204.5
2815.0,15120,63,4219198.399414063,156016.0,152944.7998046875,4221584.0,1136.64,4300.8,1146.88,4300.8,46067.0,0,29.0,39.0,1000bs-5n-48th-187026s-DENV_1-colombia-BVBRC_genome_sequence,sequana_cpu,5,11328716.0,1000,48,187026,DENV_1-colombia-BVBRC_genome_sequence,36805.83,37554.93,74360.76,603.37,615.65,1219.03,243.81,61.0, sdumont6078,4684727.88
1385.0,14160,59,4219087.19921875,155472.0,152228.7998046875,4221592.0,1095.68,4259.84,1095.68,4270.08,45833.0,0,30.0,48.0,1000bs-5n-48th-187026s-DENV_1-colombia-BVBRC_genome_sequence,sequana_cpu,5,11328721.0,1000,48,187026,DENV_1-colombia-BVBRC_genome_sequence,30209.53,30826.65,61036.18,529.99,540.82,1070.81,214.16,57.0, sdumont6078,3601134.62
695.0,4200,35,2596901.599609375,153516.0,151032.7998046875,2599400.0,1095.68,4300.8,1095.68,4300.8,44595.0,0,19.0,26.0,1000bs-5n-24th-187026s-DENV_1-colombia-BVBRC_genome_sequence,sequana_cpu,5,11328742.0,1000,24,187026,DENV_1-colombia-BVBRC_genome_sequence,18163.96,6921.56,25085.51,547.3,208.46,755.75,151.15,33.2, sdumont6070,877992.85
694.0,5040,42,2596930.3994140625,155292.0,151857.599609375,2599388.0,1095.68,4290.56,1095.68,4290.56,44394.0,0,25.0,35.0,1000bs-5n-24th-187026s-DENV_1-colombia-BVBRC_genome_sequence,sequana_cpu,5,11328745.0,1000,24,187026,DENV_1-colombia-BVBRC_genome_sequence,18110.43,6851.82,24962.24,532.66,201.52,734.18,146.84,34.0, sdumont6070,1048414.0800000001
0.0,3120,26,265348.0,3124.0,1871.19921875,265348.0,0.0,0.0,0.0,0.0,44201.0,0,0.0,0.0,1000bs-5n-24th-187026s-DENV_1-colombia-BVBRC_genome_sequence,sequana_cpu,5,11328747.0,1000,24,187026,DENV_1-colombia-BVBRC_genome_sequence,11755.15,4619.05,16374.2,489.8,192.46,682.26,136.45,24.0, sdumont6070,425729.2
0.0,3120,26,265348.0,3176.0,1866.3994140625,265348.0,0.0,0.0,0.0,0.0,43967.0,0,0.0,0.0,1000bs-5n-24th-187026s-DENV_1-colombia-BVBRC_genome_sequence,sequana_cpu,5,11328749.0,1000,24,187026,DENV_1-colombia-BVBRC_genome_sequence,11851.57,4657.6,16509.17,493.82,194.07,687.88,137.58,24.0, sdumont6070,429238.4199999999
52.0,330,33,1110169.599609375,148776.0,146518.3994140625,1112524.0,1095.68,4300.8,1095.68,4300.8,42730.0,0,4.0,7.0,1000bs-5n-2th-187026s-DENV_1-colombia-BVBRC_genome_sequence,sequana_cpu,5,11328768.0,1000,2,187026,DENV_1-colombia-BVBRC_genome_sequence,8950.65,6735.8,15686.45,279.71,210.49,490.2,98.04,32.0, sdumont6070,517652.85000000003
0.0,290,29,265348.0,3172.0,3108.7998046875,265348.0,0.0,0.0,0.0,0.0,42495.0,0,0.0,0.0,1000bs-5n-2th-187026s-DENV_1-colombia-BVBRC_genome_sequence,sequana_cpu,5,11328772.0,1000,2,187026,DENV_1-colombia-BVBRC_genome_sequence,6096.34,4468.99,10565.33,217.73,159.61,377.33,75.47,28.0, sdumont6070,306394.57
0.0,320,32,265348.0,3148.0,3104.0,265348.0,0.0,0.0,0.0,0.0,42261.0,0,0.0,0.0,1000bs-5n-2th-187026s-DENV_1-colombia-BVBRC_genome_sequence,sequana_cpu,5,11328773.0,1000,2,187026,DENV_1-colombia-BVBRC_genome_sequence,5956.7,4469.21,10425.92,198.56,148.97,347.53,69.51,30.0, sdumont6070,333629.44
51.0,340,34,1110168.7998046875,152384.0,147689.599609375,1112524.0,1095.68,4290.56,1095.68,4300.8,42032.0,0,0.0,0.0,1000bs-5n-2th-187026s-DENV_1-colombia-BVBRC_genome_sequence,sequana_cpu,5,11328781.0,1000,2,187026,DENV_1-colombia-BVBRC_genome_sequence,8792.88,6656.45,15449.33,274.78,208.01,482.79,96.56,32.0, sdumont6070,525277.22
2816.0,20880,87,4219194.399414063,164304.0,158614.3994140625,4221628.0,1157.12,4280.32,1167.36,4290.56,330.0,0,38.0,52.0,1000bs-5n-48th-198574s-DENV_2-colombia-BVBRC_genome_sequence,sequana_cpu,5,11329140.0,1000,48,198574,DENV_2-colombia-BVBRC_genome_sequence,47373.36,49680.01,97053.38,557.33,584.47,1141.8,228.36,85.0, sdumont6070,8443644.06
2814.0,20640,86,4219131.19921875,158200.0,155504.7998046875,4221480.0,1157.12,4280.32,1167.36,4280.32,195.0,0,35.0,52.0,1000bs-5n-48th-198574s-DENV_2-colombia-BVBRC_genome_sequence,sequana_cpu,5,11329142.0,1000,48,198574,DENV_2-colombia-BVBRC_genome_sequence,47426.7,49740.14,97166.84,564.6,592.14,1156.75,231.35,84.0, sdumont6070,8356348.239999999
2699.0,18480,77,4219195.19921875,160120.0,155820.0,4221628.0,1157.12,4290.56,1167.36,4290.56,34.0,0,85.0,302.0,1000bs-5n-48th-198574s-DENV_2-colombia-BVBRC_genome_sequence,sequana_cpu,5,11329143.0,1000,48,198574,DENV_2-colombia-BVBRC_genome_sequence,40470.54,41887.79,82358.33,532.51,551.16,1083.66,216.73,76.0, sdumont6078,6341591.41
2815.0,20880,87,4219195.19921875,158636.0,154917.599609375,4221628.0,1157.12,4280.32,1167.36,4290.56,29.0,0,32.0,41.0,1000bs-5n-48th-198574s-DENV_2-colombia-BVBRC_genome_sequence,sequana_cpu,5,11329144.0,1000,48,198574,DENV_2-colombia-BVBRC_genome_sequence,48231.52,49979.71,98211.23,567.43,588.0,1155.43,231.09,85.0, sdumont6078,8544377.01
700.0,5160,43,2597028.7998046875,154732.0,150886.3994140625,2599468.0,1116.16,4280.32,1116.16,4280.32,65.0,0,22.0,37.0,1000bs-5n-24th-198574s-DENV_2-colombia-BVBRC_genome_sequence,sequana_cpu,5,11329151.0,1000,24,198574,DENV_2-colombia-BVBRC_genome_sequence,24185.75,9173.94,33359.69,586.91,222.69,809.6,161.92,41.2, sdumont6070,1434466.6700000002
667.0,5160,43,2596970.3994140625,154652.0,151352.0,2599324.0,1116.16,4280.32,1116.16,4280.32,61.0,0,101.0,176.0,1000bs-5n-24th-198574s-DENV_2-colombia-BVBRC_genome_sequence,sequana_cpu,5,11329152.0,1000,24,198574,DENV_2-colombia-BVBRC_genome_sequence,23592.76,9135.93,32728.68,575.43,222.83,798.26,159.65,41.0, sdumont6070,1407333.24
643.0,5400,45,2596999.19921875,152372.0,149619.19921875,2599468.0,1116.16,4270.08,1116.16,4270.08,32.0,0,13.0,19.0,1000bs-5n-24th-198574s-DENV_2-colombia-BVBRC_genome_sequence,sequana_cpu,5,11329153.0,1000,24,198574,DENV_2-colombia-BVBRC_genome_sequence,23046.62,8932.83,31979.46,523.79,203.02,726.81,145.36,44.0, sdumont6070,1439075.7
648.0,5040,42,2597028.0,152516.0,149361.599609375,2599468.0,1116.16,4280.32,1116.16,4280.32,363757.0,0,269.0,279.0,1000bs-5n-24th-198574s-DENV_2-colombia-BVBRC_genome_sequence,sequana_cpu,5,11329156.0,1000,24,198574,DENV_2-colombia-BVBRC_genome_sequence,18823.57,6594.53,25418.1,467.67,163.88,631.54,126.31,40.2, sdumont6204,1067560.2
58.0,600,60,1110468.0,149244.0,147015.19921875,1112864.0,1116.16,4259.84,1116.16,4259.84,362450.0,0,0.0,0.0,1000bs-5n-2th-198574s-DENV_2-colombia-BVBRC_genome_sequence,sequana_cpu,5,11329162.0,1000,2,198574,DENV_2-colombia-BVBRC_genome_sequence,16020.37,10213.11,26233.49,271.53,173.1,444.64,88.93,59.0, sdumont6204,1574009.4000000001
58.0,590,59,1110505.599609375,149540.0,147647.19921875,1113020.0,1116.16,4259.84,1116.16,4259.84,362220.0,0,0.0,0.0,1000bs-5n-2th-198574s-DENV_2-colombia-BVBRC_genome_sequence,sequana_cpu,5,11329163.0,1000,2,198574,DENV_2-colombia-BVBRC_genome_sequence,16019.82,10222.83,26242.65,276.2,176.26,452.46,90.49,58.0, sdumont6204,1548316.35
58.0,590,59,1110510.3994140625,149224.0,147144.7998046875,1112996.0,1116.16,4259.84,1116.16,4259.84,361985.0,0,0.0,0.0,1000bs-5n-2th-198574s-DENV_2-colombia-BVBRC_genome_sequence,sequana_cpu,5,11329164.0,1000,2,198574,DENV_2-colombia-BVBRC_genome_sequence,16067.39,10239.52,26306.91,277.02,176.54,453.57,90.71,58.0, sdumont6204,1552107.69
58.0,590,59,1110524.7998046875,153288.0,149158.3994140625,1113020.0,1116.16,4259.84,1116.16,4259.84,361750.0,0,0.0,0.0,1000bs-5n-2th-198574s-DENV_2-colombia-BVBRC_genome_sequence,sequana_cpu,5,11329165.0,1000,2,198574,DENV_2-colombia-BVBRC_genome_sequence,16083.04,10253.46,26336.5,277.29,176.78,454.08,90.82,58.0, sdumont6204,1553853.5
0.0,3360,14,265348.0,3172.0,3118.3994140625,265348.0,0.0,0.0,0.0,0.0,361514.0,0,0.0,0.0,100bs-5n-48th-242689s-DENV_2-mexico-BVBRC_genome_sequence,sequana_cpu,5,11329166.0,100,48,242689,DENV_2-mexico-BVBRC_genome_sequence,5797.42,5725.32,11522.73,445.96,440.41,886.36,177.27,13.0, sdumont6204,161318.22
0.0,3120,13,265348.0,3132.0,1874.3994140625,265348.0,0.0,0.0,0.0,0.0,361246.0,0,0.0,0.0,100bs-5n-48th-242689s-DENV_2-mexico-BVBRC_genome_sequence,sequana_cpu,5,11329168.0,100,48,242689,DENV_2-mexico-BVBRC_genome_sequence,5824.54,5786.93,11611.47,529.5,526.08,1055.59,211.12,11.0, sdumont6204,150949.11
0.0,3360,14,265348.0,3152.0,2683.19921875,265348.0,0.0,0.0,0.0,0.0,360988.0,0,0.0,0.0,100bs-5n-48th-242689s-DENV_2-mexico-BVBRC_genome_sequence,sequana_cpu,5,11329169.0,100,48,242689,DENV_2-mexico-BVBRC_genome_sequence,5799.7,5767.23,11566.92,483.31,480.6,963.91,192.78,12.0, sdumont6204,161936.88
0.0,3360,14,265348.0,3140.0,2696.0,265348.0,0.0,0.0,0.0,0.0,360721.0,0,0.0,0.0,100bs-5n-48th-242689s-DENV_2-mexico-BVBRC_genome_sequence,sequana_cpu,5,11329171.0,100,48,242689,DENV_2-mexico-BVBRC_genome_sequence,5837.5,5809.43,11646.92,486.46,484.12,970.58,194.12,12.0, sdumont6204,163056.88
4252.0,28080,117,4219492.0,158480.0,156254.3994140625,4221988.0,1300.48,4300.8,1300.48,4300.8,361252.0,0,41.0,72.0,1000bs-5n-48th-242689s-DENV_2-mexico-BVBRC_genome_sequence,sequana_cpu,5,11329173.0,1000,48,242689,DENV_2-mexico-BVBRC_genome_sequence,66695.11,65789.34,132484.45,574.96,567.15,1142.11,228.42,116.0, sdumont6204,15500680.650000002
5671.0,32400,135,4219522.399414063,160192.0,156333.599609375,4221992.0,1341.44,4311.04,1351.68,4321.28,361084.0,0,39.0,62.0,1000bs-5n-48th-242689s-DENV_2-mexico-BVBRC_genome_sequence,sequana_cpu,5,11329174.0,1000,48,242689,DENV_2-mexico-BVBRC_genome_sequence,79171.73,78050.2,157221.93,599.79,591.29,1191.08,238.22,132.0, sdumont6204,21224960.55
5681.0,30720,128,4219522.399414063,160376.0,155948.7998046875,4221976.0,1341.44,4321.28,1351.68,4321.28,360951.0,0,38.0,44.0,1000bs-5n-48th-242689s-DENV_2-mexico-BVBRC_genome_sequence,sequana_cpu,5,11329175.0,1000,48,242689,DENV_2-mexico-BVBRC_genome_sequence,73022.16,72899.75,145921.9,579.54,578.57,1158.11,231.62,126.0, sdumont6204,18678003.2
4255.0,27120,113,4219525.599609375,158580.0,155347.19921875,4221996.0,1300.48,4300.8,1300.48,4311.04,360788.0,0,25.0,32.0,1000bs-5n-48th-242689s-DENV_2-mexico-BVBRC_genome_sequence,sequana_cpu,5,11329176.0,1000,48,242689,DENV_2-mexico-BVBRC_genome_sequence,60455.03,59732.38,120187.41,548.62,542.07,1090.69,218.14,110.2, sdumont6204,13581177.33
1419.0,7440,62,2597249.599609375,159484.0,154120.0,2599584.0,1249.28,4311.04,1249.28,4321.28,359553.0,0,18.0,25.0,1000bs-5n-24th-242689s-DENV_2-mexico-BVBRC_genome_sequence,sequana_cpu,5,11329181.0,1000,24,242689,DENV_2-mexico-BVBRC_genome_sequence,31308.69,10570.9,41879.59,513.26,173.29,686.55,137.31,61.0, sdumont6204,2596534.5799999996
1420.0,7560,63,2597249.599609375,157280.0,152432.7998046875,2599584.0,1249.28,4311.04,1249.28,4321.28,359321.0,0,19.0,27.0,1000bs-5n-24th-242689s-DENV_2-mexico-BVBRC_genome_sequence,sequana_cpu,5,11329182.0,1000,24,242689,DENV_2-mexico-BVBRC_genome_sequence,32703.08,10960.81,43663.89,540.91,181.34,722.25,144.45,60.4, sdumont6204,2750825.07
1401.0,10560,88,2597220.0,157192.0,151998.3994140625,2599584.0,1249.28,4280.32,1249.28,4280.32,359088.0,0,23.0,40.0,1000bs-5n-24th-242689s-DENV_2-mexico-BVBRC_genome_sequence,sequana_cpu,5,11329183.0,1000,24,242689,DENV_2-mexico-BVBRC_genome_sequence,51076.72,16542.24,67618.96,587.09,190.14,777.23,155.45,87.0, sdumont6204,5950468.48
1352.0,8760,73,2597249.599609375,159252.0,152060.0,2599732.0,1249.28,4300.8,1249.28,4300.8,17256.0,0,263.0,273.0,1000bs-5n-24th-242689s-DENV_2-mexico-BVBRC_genome_sequence,sequana_cpu,5,11330557.0,1000,24,242689,DENV_2-mexico-BVBRC_genome_sequence,43569.34,14183.89,57753.24,610.18,198.67,808.85,161.77,71.4, sdumont6204,4215986.52
0.0,120,12,265348.0,3168.0,3143.19921875,265348.0,0.0,0.0,0.0,0.0,17088.0,0,0.0,0.0,100bs-5n-2th-242689s-DENV_2-mexico-BVBRC_genome_sequence,sequana_cpu,5,11330558.0,100,2,242689,DENV_2-mexico-BVBRC_genome_sequence,3205.32,1997.72,5203.03,291.39,181.61,473.0,94.6,11.0, sdumont6204,62436.36
0.0,120,12,265348.0,3140.0,3100.0,265348.0,0.0,0.0,0.0,0.0,16851.0,0,0.0,0.0,100bs-5n-2th-242689s-DENV_2-mexico-BVBRC_genome_sequence,sequana_cpu,5,11330560.0,100,2,242689,DENV_2-mexico-BVBRC_genome_sequence,3194.52,1991.18,5185.7,290.41,181.02,471.43,94.29,11.0, sdumont6204,62228.399999999994
0.0,150,15,265348.0,3136.0,3087.19921875,265348.0,0.0,0.0,0.0,0.0,26250.0,0,0.0,0.0,100bs-5n-2th-242689s-DENV_2-mexico-BVBRC_genome_sequence,sequana_cpu,5,11330564.0,100,2,242689,DENV_2-mexico-BVBRC_genome_sequence,2775.63,1860.28,4635.91,198.26,132.88,331.14,66.23,14.0, sdumont6094,69538.65
0.0,130,13,265348.0,3148.0,3118.3994140625,265348.0,0.0,0.0,0.0,0.0,26015.0,0,0.0,0.0,100bs-5n-2th-242689s-DENV_2-mexico-BVBRC_genome_sequence,sequana_cpu,5,11330565.0,100,2,242689,DENV_2-mexico-BVBRC_genome_sequence,3215.2,2021.18,5236.38,267.93,168.43,436.36,87.27,12.0, sdumont6094,68072.94
176.0,1070,107,1111030.3994140625,152044.0,148793.599609375,1113384.0,1300.48,4300.8,1300.48,4300.8,25749.0,0,0.0,0.0,1000bs-5n-2th-242689s-DENV_2-mexico-BVBRC_genome_sequence,sequana_cpu,5,11330566.0,1000,2,242689,DENV_2-mexico-BVBRC_genome_sequence,32700.58,20327.22,53027.8,308.5,191.77,500.26,100.05,106.0, sdumont6094,5673974.600000001
175.0,1060,106,1111054.3994140625,156272.0,149192.0,1113384.0,1300.48,4300.8,1300.48,4300.8,25580.0,0,0.0,0.0,1000bs-5n-2th-242689s-DENV_2-mexico-BVBRC_genome_sequence,sequana_cpu,5,11330568.0,1000,2,242689,DENV_2-mexico-BVBRC_genome_sequence,32639.94,20301.52,52941.46,310.86,193.35,504.2,100.84,105.0, sdumont6094,5611794.76
174.0,1080,108,1110994.3994140625,153976.0,149160.0,1113384.0,1300.48,4300.8,1300.48,4300.8,25451.0,0,1.0,7.0,1000bs-5n-2th-242689s-DENV_2-mexico-BVBRC_genome_sequence,sequana_cpu,5,11330569.0,1000,2,242689,DENV_2-mexico-BVBRC_genome_sequence,32606.49,20272.47,52878.95,307.08,190.93,498.01,99.6,106.2, sdumont6094,5710926.6
172.0,1100,110,1110988.7998046875,154196.0,150525.599609375,1113384.0,1300.48,4300.8,1300.48,4300.8,25477.0,0,0.0,0.0,1000bs-5n-2th-242689s-DENV_2-mexico-BVBRC_genome_sequence,sequana_cpu,5,11330570.0,1000,2,242689,DENV_2-mexico-BVBRC_genome_sequence,32390.39,20239.75,52630.13,297.16,185.69,482.85,96.57,109.0, sdumont6094,5789314.3
0.0,4080,17,265348.0,3232.0,2747.19921875,265348.0,0.0,0.0,0.0,0.0,25450.0,0,0.0,0.0,100bs-5n-48th-287037s-DENV_2-peru-BVBRC_genome_sequence,sequana_cpu,5,11330571.0,100,48,287037,DENV_2-peru-BVBRC_genome_sequence,5744.39,5696.39,11440.78,359.02,356.02,715.05,143.01,16.0, sdumont6094,194493.26
0.0,3840,16,265348.0,3172.0,2738.3994140625,265348.0,0.0,0.0,0.0,0.0,25184.0,0,0.0,0.0,100bs-5n-48th-287037s-DENV_2-peru-BVBRC_genome_sequence,sequana_cpu,5,11330572.0,100,48,287037,DENV_2-peru-BVBRC_genome_sequence,5775.59,5711.83,11487.43,437.89,433.01,870.91,174.18,13.2, sdumont6094,183798.88
0.0,4560,19,265348.0,3172.0,3092.0,265348.0,0.0,0.0,0.0,0.0,24949.0,0,0.0,0.0,100bs-5n-48th-287037s-DENV_2-peru-BVBRC_genome_sequence,sequana_cpu,5,11330574.0,100,48,287037,DENV_2-peru-BVBRC_genome_sequence,4839.42,4896.56,9735.98,284.67,288.03,572.7,114.54,17.0, sdumont6094,184983.62
0.0,3840,16,265348.0,3124.0,1857.599609375,265348.0,0.0,0.0,0.0,0.0,24683.0,0,0.0,0.0,100bs-5n-48th-287037s-DENV_2-peru-BVBRC_genome_sequence,sequana_cpu,5,11330576.0,100,48,287037,DENV_2-peru-BVBRC_genome_sequence,5691.6,5743.96,11435.57,431.5,435.31,866.81,173.36,13.2, sdumont6094,182969.12
7098.0,39360,164,4219734.399414063,165252.0,159980.7998046875,4222248.0,1484.8,4331.52,1484.8,4331.52,24448.0,0,34.0,56.0,1000bs-5n-48th-287037s-DENV_2-peru-BVBRC_genome_sequence,sequana_cpu,5,11330578.0,1000,48,287037,DENV_2-peru-BVBRC_genome_sequence,96926.57,96458.4,193384.98,594.64,591.77,1186.41,237.28,163.0, sdumont6115,31715136.720000003
5682.0,35520,148,4219768.0,167348.0,158751.19921875,4222396.0,1433.6,4311.04,1433.6,4331.52,24486.0,0,35.0,57.0,1000bs-5n-48th-287037s-DENV_2-peru-BVBRC_genome_sequence,sequana_cpu,5,11330580.0,1000,48,287037,DENV_2-peru-BVBRC_genome_sequence,83471.83,83376.2,166848.02,571.72,571.07,1142.79,228.56,146.0, sdumont6115,24693506.959999997
5684.0,35520,148,4219673.599609375,163204.0,157342.3994140625,4222224.0,1433.6,4311.04,1433.6,4321.28,24381.0,0,36.0,41.0,1000bs-5n-48th-287037s-DENV_2-peru-BVBRC_genome_sequence,sequana_cpu,5,11330581.0,1000,48,287037,DENV_2-peru-BVBRC_genome_sequence,83411.86,84133.25,167545.11,567.43,572.34,1139.76,227.95,147.0, sdumont6094,24796676.279999997
5679.0,35040,146,4219687.19921875,162728.0,156891.19921875,4222100.0,1433.6,4311.04,1433.6,4321.28,24277.0,0,37.0,49.0,1000bs-5n-48th-287037s-DENV_2-peru-BVBRC_genome_sequence,sequana_cpu,5,11330582.0,1000,48,287037,DENV_2-peru-BVBRC_genome_sequence,83959.33,83530.77,167490.1,579.03,576.07,1155.1,231.02,145.0, sdumont6115,24453554.6
3558.0,18840,157,2597432.0,162376.0,156714.3994140625,2599888.0,1484.8,4331.52,1484.8,4331.52,22984.0,0,23.0,26.0,1000bs-5n-24th-287037s-DENV_2-peru-BVBRC_genome_sequence,sequana_cpu,5,11330609.0,1000,24,287037,DENV_2-peru-BVBRC_genome_sequence,86276.62,27805.35,114081.97,555.75,179.15,734.9,146.98,155.2, sdumont6098,17910869.29
1410.0,9240,77,2597420.7998046875,158568.0,154653.599609375,2599876.0,1331.2,4311.04,1341.44,4311.04,22683.0,0,21.0,32.0,1000bs-5n-24th-287037s-DENV_2-peru-BVBRC_genome_sequence,sequana_cpu,5,11330611.0,1000,24,287037,DENV_2-peru-BVBRC_genome_sequence,43973.67,15024.59,58998.25,578.6,197.69,776.29,155.26,76.0, sdumont6094,4542865.25
1412.0,8880,74,2597420.7998046875,154312.0,152104.0,2599876.0,1331.2,4311.04,1341.44,4311.04,22481.0,0,16.0,21.0,1000bs-5n-24th-287037s-DENV_2-peru-BVBRC_genome_sequence,sequana_cpu,5,11330613.0,1000,24,287037,DENV_2-peru-BVBRC_genome_sequence,43900.04,15026.46,58926.5,608.08,208.1,816.17,163.23,72.2, sdumont6094,4360561.0
2848.0,17760,148,2597467.19921875,156256.0,152616.0,2599920.0,1433.6,4321.28,1433.6,4331.52,12034.0,0,17.0,28.0,1000bs-5n-24th-287037s-DENV_2-peru-BVBRC_genome_sequence,sequana_cpu,5,11330716.0,1000,24,287037,DENV_2-peru-BVBRC_genome_sequence,80805.05,25996.45,106801.5,549.69,176.85,726.54,145.31,147.0, sdumont6098,15806622.0
355.0,2070,207,1110963.19921875,155200.0,151008.7998046875,1113432.0,1525.76,4331.52,1536.0,4331.52,1691.0,0,0.0,0.0,1000bs-5n-2th-287037s-DENV_2-peru-BVBRC_genome_sequence,sequana_cpu,5,11330819.0,1000,2,287037,DENV_2-peru-BVBRC_genome_sequence,56019.25,36242.06,92261.32,271.94,175.93,447.87,89.57,206.0, sdumont6098,19098093.240000002
114.0,680,68,1110936.0,149668.0,147447.19921875,1113340.0,1331.2,4321.28,1341.44,4321.28,1456.0,0,0.0,0.0,1000bs-5n-2th-287037s-DENV_2-peru-BVBRC_genome_sequence,sequana_cpu,5,11330823.0,1000,2,287037,DENV_2-peru-BVBRC_genome_sequence,19541.17,12645.07,32186.25,291.66,188.73,480.39,96.08,67.0, sdumont6094,2188665.0
111.0,710,71,1110997.599609375,155560.0,149606.3994140625,1113484.0,1331.2,4311.04,1341.44,4311.04,1286.0,0,0.0,0.0,1000bs-5n-2th-287037s-DENV_2-peru-BVBRC_genome_sequence,sequana_cpu,5,11330825.0,1000,2,287037,DENV_2-peru-BVBRC_genome_sequence,19264.28,12519.1,31783.38,275.2,178.84,454.05,90.81,70.0, sdumont6094,2256619.98
351.0,2100,210,1110932.7998046875,159680.0,153276.7998046875,1113328.0,1525.76,4321.28,1536.0,4331.52,1018.0,0,0.0,0.0,1000bs-5n-2th-287037s-DENV_2-peru-BVBRC_genome_sequence,sequana_cpu,5,11330829.0,1000,2,287037,DENV_2-peru-BVBRC_genome_sequence,55438.37,36224.03,91662.4,265.26,173.32,438.58,87.72,209.0, sdumont6098,19249104.0
0.0,3360,14,265348.0,3172.0,2290.3994140625,265348.0,0.0,0.0,0.0,0.0,783.0,0,0.0,0.0,100bs-5n-48th-231143s-DENV_3-colombia-BVBRC_genome_sequence,sequana_cpu,5,11330832.0,100,48,231143,DENV_3-colombia-BVBRC_genome_sequence,5820.75,5758.41,11579.16,447.75,442.95,890.7,178.14,13.0, sdumont6094,162108.24
0.0,3600,15,265348.0,3112.0,2257.599609375,265348.0,0.0,0.0,0.0,0.0,516.0,0,0.0,0.0,100bs-5n-48th-231143s-DENV_3-colombia-BVBRC_genome_sequence,sequana_cpu,5,11330842.0,100,48,231143,DENV_3-colombia-BVBRC_genome_sequence,5851.19,5824.92,11676.11,417.94,416.07,834.01,166.8,14.0, sdumont6094,175141.65000000002
0.0,6480,27,265348.0,3280.0,2354.3994140625,265348.0,0.0,0.0,0.0,0.0,380.0,0,0.0,0.0,100bs-5n-48th-231143s-DENV_3-colombia-BVBRC_genome_sequence,sequana_cpu,5,11330853.0,100,48,231143,DENV_3-colombia-BVBRC_genome_sequence,10782.63,10716.6,21499.23,431.31,428.66,859.97,171.99,25.0, sdumont6098,580479.21
0.0,6480,27,265348.0,3236.0,2768.7998046875,265348.0,0.0,0.0,0.0,0.0,112.0,0,0.0,0.0,100bs-5n-48th-231143s-DENV_3-colombia-BVBRC_genome_sequence,sequana_cpu,5,11330857.0,100,48,231143,DENV_3-colombia-BVBRC_genome_sequence,10860.71,10792.91,21653.61,417.72,415.11,832.83,166.57,26.0, sdumont6098,584647.47
9966.0,56400,235,4219418.399414063,165052.0,159404.7998046875,4221920.0,1464.32,4311.04,1474.56,4321.28,7.0,0,34.0,56.0,1000bs-5n-48th-231143s-DENV_3-colombia-BVBRC_genome_sequence,sequana_cpu,5,11330860.0,1000,48,231143,DENV_3-colombia-BVBRC_genome_sequence,123836.11,122478.34,246314.45,529.21,523.41,1052.63,210.53,234.0, sdumont6098,57883895.75
11401.0,61920,258,4219426.399414063,166864.0,160892.7998046875,4221920.0,1515.52,4311.04,1515.52,4321.28,34.0,0,42.0,58.0,1000bs-5n-48th-231143s-DENV_3-colombia-BVBRC_genome_sequence,sequana_cpu,5,11330864.0,1000,48,231143,DENV_3-colombia-BVBRC_genome_sequence,140404.58,139328.9,279733.49,547.47,543.33,1090.79,218.16,256.4, sdumont6098,72171240.42
11356.0,60720,253,4219477.599609375,164836.0,159036.7998046875,4221920.0,1515.52,4311.04,1515.52,4321.28,61.0,0,60.0,171.0,1000bs-5n-48th-231143s-DENV_3-colombia-BVBRC_genome_sequence,sequana_cpu,5,11330866.0,1000,48,231143,DENV_3-colombia-BVBRC_genome_sequence,134889.3,133303.39,268192.69,539.71,533.44,1073.16,214.63,249.8, sdumont6098,67852750.57000001
11397.0,61440,256,4219381.599609375,168856.0,161786.3994140625,4221772.0,1515.52,4311.04,1515.52,4321.28,97.0,0,36.0,68.0,1000bs-5n-48th-231143s-DENV_3-colombia-BVBRC_genome_sequence,sequana_cpu,5,11330871.0,1000,48,231143,DENV_3-colombia-BVBRC_genome_sequence,135711.06,134522.15,270233.2,534.3,529.61,1063.91,212.78,254.0, sdumont6098,69179699.2
0.0,2040,17,265348.0,3236.0,1898.3994140625,265348.0,0.0,0.0,0.0,0.0,58.0,0,0.0,0.0,100bs-5n-24th-231143s-DENV_3-colombia-BVBRC_genome_sequence,sequana_cpu,5,11330873.0,100,24,231143,DENV_3-colombia-BVBRC_genome_sequence,5407.96,1878.45,7286.42,338.0,117.4,455.4,91.08,16.0, sdumont6098,123869.14
0.0,2160,18,265348.0,3172.0,2305.599609375,265348.0,0.0,0.0,0.0,0.0,31.0,0,0.0,0.0,100bs-5n-24th-231143s-DENV_3-colombia-BVBRC_genome_sequence,sequana_cpu,5,11330875.0,100,24,231143,DENV_3-colombia-BVBRC_genome_sequence,5359.99,1842.29,7202.28,315.29,108.37,423.66,84.73,17.0, sdumont6098,129641.04
0.0,2280,19,265348.0,3208.0,2324.7998046875,265348.0,0.0,0.0,0.0,0.0,23.0,0,0.0,0.0,100bs-5n-24th-231143s-DENV_3-colombia-BVBRC_genome_sequence,sequana_cpu,5,11330878.0,100,24,231143,DENV_3-colombia-BVBRC_genome_sequence,5361.26,1829.34,7190.6,311.46,106.19,417.65,83.53,17.2, sdumont6098,136621.4
0.0,1680,14,265348.0,3140.0,1869.599609375,265348.0,0.0,0.0,0.0,0.0,134278.0,0,0.0,0.0,100bs-5n-24th-231143s-DENV_3-colombia-BVBRC_genome_sequence,sequana_cpu,5,11330884.0,100,24,231143,DENV_3-colombia-BVBRC_genome_sequence,4246.53,1811.94,6058.47,326.66,139.38,466.04,93.21,13.0, sdumont6091,84818.58
1410.0,8160,68,2597160.0,154260.0,150519.19921875,2599588.0,1228.8,4300.8,1228.8,4311.04,134010.0,0,19.0,32.0,1000bs-5n-24th-231143s-DENV_3-colombia-BVBRC_genome_sequence,sequana_cpu,5,11330889.0,1000,24,231143,DENV_3-colombia-BVBRC_genome_sequence,37365.61,12541.73,49907.34,566.15,190.03,756.17,151.23,66.0, sdumont6091,3393699.1199999996
1416.0,7800,65,2597160.0,156584.0,153414.3994140625,2599596.0,1228.8,4311.04,1228.8,4311.04,133805.0,0,19.0,24.0,1000bs-5n-24th-231143s-DENV_3-colombia-BVBRC_genome_sequence,sequana_cpu,5,11330895.0,1000,24,231143,DENV_3-colombia-BVBRC_genome_sequence,37427.05,12664.45,50091.5,584.8,197.88,782.68,156.54,64.0, sdumont6091,3255947.5
1379.0,8400,70,2597132.7998046875,158612.0,153020.0,2599596.0,1228.8,4300.8,1228.8,4300.8,133600.0,0,15.0,26.0,1000bs-5n-24th-231143s-DENV_3-colombia-BVBRC_genome_sequence,sequana_cpu,5,11330902.0,1000,24,231143,DENV_3-colombia-BVBRC_genome_sequence,36725.7,12379.93,49105.63,532.26,179.42,711.68,142.34,69.0, sdumont6091,3437394.0999999996
1415.0,7560,63,2597132.0,152520.0,150557.599609375,2599592.0,1228.8,4311.04,1228.8,4311.04,133395.0,0,14.0,22.0,1000bs-5n-24th-231143s-DENV_3-colombia-BVBRC_genome_sequence,sequana_cpu,5,11330906.0,1000,24,231143,DENV_3-colombia-BVBRC_genome_sequence,37273.83,12565.36,49839.19,601.19,202.67,803.86,160.77,62.0, sdumont6091,3139868.97
114.0,700,70,1110672.7998046875,153316.0,150461.599609375,1113144.0,1228.8,4300.8,1228.8,4300.8,132115.0,0,0.0,0.0,1000bs-5n-2th-231143s-DENV_3-colombia-BVBRC_genome_sequence,sequana_cpu,5,11330915.0,1000,2,231143,DENV_3-colombia-BVBRC_genome_sequence,19052.37,12251.44,31303.82,276.12,177.56,453.68,90.74,69.0, sdumont6091,2191267.4
110.0,770,77,1110673.599609375,149312.0,147100.0,1113192.0,1228.8,4290.56,1228.8,4290.56,131911.0,0,0.0,0.0,1000bs-5n-2th-231143s-DENV_3-colombia-BVBRC_genome_sequence,sequana_cpu,5,11330928.0,1000,2,231143,DENV_3-colombia-BVBRC_genome_sequence,21821.53,14210.58,36032.11,287.13,186.98,474.11,94.82,76.0, sdumont6091,2774472.47
111.0,750,75,1110639.19921875,155108.0,151236.7998046875,1113040.0,1228.8,4290.56,1228.8,4300.8,131706.0,0,0.0,0.0,1000bs-5n-2th-231143s-DENV_3-colombia-BVBRC_genome_sequence,sequana_cpu,5,11330929.0,1000,2,231143,DENV_3-colombia-BVBRC_genome_sequence,21954.33,14249.55,36203.88,296.68,192.56,489.24,97.85,74.0, sdumont6091,2715291.0
116.0,680,68,1110667.19921875,149184.0,147069.599609375,1113044.0,1228.8,4300.8,1228.8,4300.8,131502.0,0,0.0,0.0,1000bs-5n-2th-231143s-DENV_3-colombia-BVBRC_genome_sequence,sequana_cpu,5,11330932.0,1000,2,231143,DENV_3-colombia-BVBRC_genome_sequence,19228.09,12252.5,31480.59,286.99,182.87,469.86,93.97,67.0, sdumont6091,2140680.12
0.0,3360,14,265348.0,3144.0,2272.7998046875,265348.0,0.0,0.0,0.0,0.0,131291.0,0,0.0,0.0,100bs-5n-48th-272549s-DENV_4-usa-BVBRC_genome_sequence,sequana_cpu,5,11330934.0,100,48,272549,DENV_4-usa-BVBRC_genome_sequence,5751.71,5636.57,11388.28,457.09,448.0,905.09,181.02,12.6, sdumont6091,159435.92
0.0,4320,18,265348.0,3148.0,2287.19921875,265348.0,0.0,0.0,0.0,0.0,131023.0,0,0.0,0.0,100bs-5n-48th-272549s-DENV_4-usa-BVBRC_genome_sequence,sequana_cpu,5,11330936.0,100,48,272549,DENV_4-usa-BVBRC_genome_sequence,5815.07,5744.94,11560.01,363.44,359.06,722.5,144.5,16.0, sdumont6091,208080.18
0.0,3360,14,265348.0,3092.0,2256.7998046875,265348.0,0.0,0.0,0.0,0.0,130755.0,0,0.0,0.0,100bs-5n-48th-272549s-DENV_4-usa-BVBRC_genome_sequence,sequana_cpu,5,11330939.0,100,48,272549,DENV_4-usa-BVBRC_genome_sequence,5784.85,5660.93,11445.77,499.62,488.94,988.56,197.71,11.6, sdumont6091,160240.78
0.0,4080,17,265348.0,3112.0,2268.7998046875,265348.0,0.0,0.0,0.0,0.0,130486.0,0,0.0,0.0,100bs-5n-48th-272549s-DENV_4-usa-BVBRC_genome_sequence,sequana_cpu,5,11330942.0,100,48,272549,DENV_4-usa-BVBRC_genome_sequence,5924.24,5795.75,11719.99,423.16,413.98,837.14,167.43,14.0, sdumont6091,199239.83
5677.0,29280,122,4219648.0,166636.0,159135.19921875,4222172.0,1402.88,4331.52,1402.88,4331.52,130217.0,0,45.0,57.0,1000bs-5n-48th-272549s-DENV_4-usa-BVBRC_genome_sequence,sequana_cpu,5,11330949.0,1000,48,272549,DENV_4-usa-BVBRC_genome_sequence,66223.19,65311.55,131534.74,547.3,539.76,1087.06,217.41,121.0, sdumont6091,16047238.28
5658.0,32400,135,4219637.599609375,160936.0,155081.599609375,4222024.0,1402.88,4321.28,1402.88,4321.28,130044.0,0,39.0,62.0,1000bs-5n-48th-272549s-DENV_4-usa-BVBRC_genome_sequence,sequana_cpu,5,11330953.0,1000,48,272549,DENV_4-usa-BVBRC_genome_sequence,79468.59,78443.81,157912.41,597.51,589.8,1187.31,237.46,133.0, sdumont6091,21318175.35
5674.0,32880,137,4219646.399414063,160708.0,154707.19921875,4222024.0,1402.88,4321.28,1402.88,4331.52,129903.0,0,31.0,45.0,1000bs-5n-48th-272549s-DENV_4-usa-BVBRC_genome_sequence,sequana_cpu,5,11330959.0,1000,48,272549,DENV_4-usa-BVBRC_genome_sequence,80235.86,78834.75,159070.62,594.34,583.96,1178.3,235.66,135.0, sdumont6091,21792674.939999998
5682.0,30480,127,4219616.0,156788.0,154311.19921875,4222024.0,1402.88,4331.52,1402.88,4331.52,129761.0,0,28.0,42.0,1000bs-5n-48th-272549s-DENV_4-usa-BVBRC_genome_sequence,sequana_cpu,5,11330968.0,1000,48,272549,DENV_4-usa-BVBRC_genome_sequence,73362.01,72374.02,145736.03,586.9,578.99,1165.89,233.18,125.0, sdumont6091,18508475.81
1410.0,8280,69,2597419.19921875,160152.0,155210.3994140625,2599824.0,1310.72,4321.28,1310.72,4321.28,4088.0,0,21.0,26.0,1000bs-5n-24th-272549s-DENV_4-usa-BVBRC_genome_sequence,sequana_cpu,5,11331442.0,1000,24,272549,DENV_4-usa-BVBRC_genome_sequence,36181.09,11983.76,48164.85,543.15,179.97,723.13,144.63,66.6, sdumont6072,3323374.65
698.0,7320,61,2597353.599609375,153920.0,150957.599609375,2599812.0,1259.52,4270.08,1259.52,4270.08,3883.0,0,18.0,27.0,1000bs-5n-24th-272549s-DENV_4-usa-BVBRC_genome_sequence,sequana_cpu,5,11331443.0,1000,24,272549,DENV_4-usa-BVBRC_genome_sequence,30054.96,10082.05,40137.01,500.92,168.03,668.95,133.79,60.0, sdumont6072,2448357.6100000003
1410.0,7920,66,2597352.7998046875,160008.0,155206.3994140625,2599812.0,1310.72,4321.28,1310.72,4321.28,3646.0,0,22.0,31.0,1000bs-5n-24th-272549s-DENV_4-usa-BVBRC_genome_sequence,sequana_cpu,5,11331444.0,1000,24,272549,DENV_4-usa-BVBRC_genome_sequence,36186.92,11991.75,48178.68,565.42,187.37,752.79,150.56,64.0, sdumont6072,3179792.88
1309.0,7560,63,2597387.19921875,156152.0,152725.599609375,2599972.0,1310.72,4321.28,1310.72,4321.28,3441.0,0,50.0,202.0,1000bs-5n-24th-272549s-DENV_4-usa-BVBRC_genome_sequence,sequana_cpu,5,11331445.0,1000,24,272549,DENV_4-usa-BVBRC_genome_sequence,33713.34,12064.94,45778.28,543.76,194.6,738.36,147.67,62.0, sdumont6073,2884031.64
110.0,630,63,1110800.7998046875,153188.0,148704.0,1113260.0,1310.72,4321.28,1310.72,4321.28,2163.0,0,0.0,0.0,1000bs-5n-2th-272549s-DENV_4-usa-BVBRC_genome_sequence,sequana_cpu,5,11331450.0,1000,2,272549,DENV_4-usa-BVBRC_genome_sequence,16319.87,11018.41,27338.28,267.54,180.63,448.17,89.63,61.0, sdumont6073,1722311.64
54.0,590,59,1110866.3994140625,151200.0,147632.0,1113412.0,1259.52,4259.84,1259.52,4270.08,1958.0,0,0.0,0.0,1000bs-5n-2th-272549s-DENV_4-usa-BVBRC_genome_sequence,sequana_cpu,5,11331451.0,1000,2,272549,DENV_4-usa-BVBRC_genome_sequence,14543.19,9767.44,24310.62,255.14,171.36,426.5,85.3,57.0, sdumont6073,1434326.5799999998
112.0,630,63,1110834.3994140625,153252.0,148525.599609375,1113264.0,1341.44,4352.0,1464.32,4474.88,1721.0,0,0.0,0.0,1000bs-5n-2th-272549s-DENV_4-usa-BVBRC_genome_sequence,sequana_cpu,5,11331452.0,1000,2,272549,DENV_4-usa-BVBRC_genome_sequence,17636.6,11815.27,29451.86,284.46,190.57,475.03,95.01,62.0, sdumont6073,1855467.18
56.0,580,58,1110780.0,151144.0,147510.3994140625,1113264.0,1259.52,4270.08,1259.52,4270.08,1515.0,0,0.0,0.0,1000bs-5n-2th-272549s-DENV_4-usa-BVBRC_genome_sequence,sequana_cpu,5,11331453.0,1000,2,272549,DENV_4-usa-BVBRC_genome_sequence,14800.95,9887.31,24688.27,259.67,173.46,433.13,86.63,57.0, sdumont6073,1431919.66
0.0,6000,25,265348.0,3296.0,3230.3994140625,265348.0,0.0,0.0,0.0,0.0,1278.0,0,0.0,0.0,100bs-5n-48th-377019s-DENV_1-usa-BVBRC_genome_sequence,sequana_cpu,5,11331454.0,100,48,377019,DENV_1-usa-BVBRC_genome_sequence,11523.73,11367.1,22890.83,496.84,490.33,987.17,197.43,23.2, sdumont6073,572270.75
0.0,5280,22,265348.0,3276.0,2788.7998046875,265348.0,0.0,0.0,0.0,0.0,1009.0,0,0.0,0.0,100bs-5n-48th-377019s-DENV_1-usa-BVBRC_genome_sequence,sequana_cpu,5,11331455.0,100,48,377019,DENV_1-usa-BVBRC_genome_sequence,6741.25,6625.99,13367.24,337.06,331.3,668.36,133.67,20.0, sdumont6073,294079.27999999997
0.0,5280,22,265348.0,3236.0,1916.7998046875,265348.0,0.0,0.0,0.0,0.0,741.0,0,0.0,0.0,100bs-5n-48th-377019s-DENV_1-usa-BVBRC_genome_sequence,sequana_cpu,5,11331456.0,100,48,377019,DENV_1-usa-BVBRC_genome_sequence,9164.42,9191.38,18355.79,455.54,457.06,912.61,182.52,20.2, sdumont6073,403827.38
0.0,6480,27,265348.0,3236.0,2349.599609375,265348.0,0.0,0.0,0.0,0.0,472.0,0,0.0,0.0,100bs-5n-48th-377019s-DENV_1-usa-BVBRC_genome_sequence,sequana_cpu,5,11331457.0,100,48,377019,DENV_1-usa-BVBRC_genome_sequence,11678.65,11572.13,23250.78,467.15,462.89,930.03,186.01,25.0, sdumont6073,627771.0599999999
8543.0,49200,205,4220244.799804688,167512.0,164090.3994140625,4222684.0,1699.84,4341.76,1710.08,4352.0,204.0,0,34.0,43.0,1000bs-5n-48th-377019s-DENV_1-usa-BVBRC_genome_sequence,sequana_cpu,5,11331458.0,1000,48,377019,DENV_1-usa-BVBRC_genome_sequence,111333.32,109599.0,220932.32,548.99,540.41,1089.4,217.88,202.8, sdumont6073,45291125.6
8549.0,47520,198,4220185.599609375,167072.0,162817.599609375,4222684.0,1699.84,4352.0,1710.08,4352.0,126.0,0,43.0,49.0,1000bs-5n-48th-377019s-DENV_1-usa-BVBRC_genome_sequence,sequana_cpu,5,11331459.0,1000,48,377019,DENV_1-usa-BVBRC_genome_sequence,111998.77,110596.23,222595.01,571.42,564.27,1135.69,227.14,196.0, sdumont6073,44073811.980000004
8550.0,49440,206,4220274.399414063,167736.0,164470.3994140625,4222684.0,1699.84,4352.0,1710.08,4352.0,47.0,0,27.0,35.0,1000bs-5n-48th-377019s-DENV_1-usa-BVBRC_genome_sequence,sequana_cpu,5,11331460.0,1000,48,377019,DENV_1-usa-BVBRC_genome_sequence,118551.77,117051.25,235603.02,580.57,573.25,1153.82,230.76,204.2, sdumont6073,48534222.12
9977.0,54240,226,4220185.599609375,165912.0,161975.19921875,4222608.0,1751.04,4352.0,1751.04,4362.24,32.0,0,148.0,399.0,1000bs-5n-48th-377019s-DENV_1-usa-BVBRC_genome_sequence,sequana_cpu,5,11331462.0,1000,48,377019,DENV_1-usa-BVBRC_genome_sequence,124509.19,123219.81,247729.0,559.83,554.03,1113.87,222.77,222.4, sdumont6073,55986754.0
0.0,1800,15,265348.0,3092.0,1447.19921875,265348.0,0.0,0.0,0.0,0.0,16.0,0,0.0,0.0,100bs-5n-24th-377019s-DENV_1-usa-BVBRC_genome_sequence,sequana_cpu,5,11331464.0,100,24,377019,DENV_1-usa-BVBRC_genome_sequence,5642.75,1998.6,7641.35,421.07,149.55,570.62,114.12,13.4, sdumont6073,114620.25
0.0,2040,17,265348.0,3160.0,2294.3994140625,265348.0,0.0,0.0,0.0,0.0,2.0,0,0.0,0.0,100bs-5n-24th-377019s-DENV_1-usa-BVBRC_genome_sequence,sequana_cpu,5,11331467.0,100,24,377019,DENV_1-usa-BVBRC_genome_sequence,4886.21,1987.22,6873.43,325.75,132.48,458.23,91.65,15.0, sdumont6074,116848.31
0.0,1800,15,265348.0,3228.0,2723.19921875,265348.0,0.0,0.0,0.0,0.0,19.0,0,0.0,0.0,100bs-5n-24th-377019s-DENV_1-usa-BVBRC_genome_sequence,sequana_cpu,5,11331469.0,100,24,377019,DENV_1-usa-BVBRC_genome_sequence,5780.18,1972.0,7752.18,445.51,152.26,597.78,119.56,13.0, sdumont6072,116282.70000000001
0.0,2040,17,265348.0,3220.0,2755.19921875,265348.0,0.0,0.0,0.0,0.0,5.0,0,0.0,0.0,100bs-5n-24th-377019s-DENV_1-usa-BVBRC_genome_sequence,sequana_cpu,5,11331471.0,100,24,377019,DENV_1-usa-BVBRC_genome_sequence,5990.83,1962.29,7953.11,384.85,125.94,510.79,102.16,15.6, sdumont6072,135202.87
2083.0,15240,127,2598016.7998046875,159284.0,154170.3994140625,2600352.0,1587.2,4331.52,1679.36,4352.0,33842.0,0,196.0,281.0,1000bs-5n-24th-377019s-DENV_1-usa-BVBRC_genome_sequence,sequana_cpu,5,11331474.0,1000,24,377019,DENV_1-usa-BVBRC_genome_sequence,69367.62,22644.93,92012.55,582.92,190.29,773.21,154.64,119.0, sdumont6103,11685593.85
2835.0,14760,123,2598016.7998046875,161312.0,154766.3994140625,2600500.0,1607.68,4352.0,1607.68,4362.24,33708.0,0,21.0,30.0,1000bs-5n-24th-377019s-DENV_1-usa-BVBRC_genome_sequence,sequana_cpu,5,11331477.0,1000,24,377019,DENV_1-usa-BVBRC_genome_sequence,70390.96,22636.84,93027.79,582.72,187.39,770.11,154.02,120.8, sdumont6103,11442418.17
2134.0,13200,110,2597987.19921875,157300.0,153412.7998046875,2600352.0,1556.48,4331.52,1566.72,4341.76,33563.0,0,22.0,26.0,1000bs-5n-24th-377019s-DENV_1-usa-BVBRC_genome_sequence,sequana_cpu,5,11331478.0,1000,24,377019,DENV_1-usa-BVBRC_genome_sequence,63851.88,20815.18,84667.05,585.8,190.96,776.76,155.35,109.0, sdumont6103,9313375.5
2132.0,13560,113,2597986.3994140625,163644.0,155437.599609375,2600352.0,1556.48,4331.52,1566.72,4331.52,33387.0,0,16.0,22.0,1000bs-5n-24th-377019s-DENV_1-usa-BVBRC_genome_sequence,sequana_cpu,5,11331481.0,1000,24,377019,DENV_1-usa-BVBRC_genome_sequence,67749.04,21893.25,89642.28,604.9,195.48,800.38,160.08,112.0, sdumont6103,10129577.64
0.0,250,25,265348.0,3144.0,3109.599609375,265348.0,0.0,0.0,0.0,0.0,33210.0,0,0.0,0.0,100bs-5n-2th-377019s-DENV_1-usa-BVBRC_genome_sequence,sequana_cpu,5,11331484.0,100,2,377019,DENV_1-usa-BVBRC_genome_sequence,6515.88,4003.35,10519.23,271.5,166.81,438.3,87.66,24.0, sdumont6103,262980.75
0.0,250,25,265348.0,3148.0,3108.0,265348.0,0.0,0.0,0.0,0.0,32940.0,0,0.0,0.0,100bs-5n-2th-377019s-DENV_1-usa-BVBRC_genome_sequence,sequana_cpu,5,11331487.0,100,2,377019,DENV_1-usa-BVBRC_genome_sequence,6537.57,4049.7,10587.27,272.4,168.74,441.14,88.23,24.0, sdumont6103,264681.75
0.0,250,25,265348.0,3160.0,3104.0,265348.0,0.0,0.0,0.0,0.0,32671.0,0,0.0,0.0,100bs-5n-2th-377019s-DENV_1-usa-BVBRC_genome_sequence,sequana_cpu,5,11331490.0,100,2,377019,DENV_1-usa-BVBRC_genome_sequence,6435.0,4017.24,10452.24,268.13,167.39,435.51,87.1,24.0, sdumont6103,261306.0
0.0,250,25,265348.0,3148.0,3088.0,265348.0,0.0,0.0,0.0,0.0,32402.0,0,0.0,0.0,100bs-5n-2th-377019s-DENV_1-usa-BVBRC_genome_sequence,sequana_cpu,5,11331492.0,100,2,377019,DENV_1-usa-BVBRC_genome_sequence,6464.93,4012.87,10477.8,269.37,167.2,436.57,87.31,24.0, sdumont6103,261944.99999999997
412.0,2250,225,1112503.19921875,158172.0,154280.0,1114912.0,1751.04,4352.0,1751.04,4352.0,32133.0,0,0.0,0.0,1000bs-5n-2th-377019s-DENV_1-usa-BVBRC_genome_sequence,sequana_cpu,5,11331495.0,1000,2,377019,DENV_1-usa-BVBRC_genome_sequence,68693.95,42292.0,110985.95,306.67,188.8,495.47,99.09,224.0, sdumont6103,24971838.75
414.0,2220,222,1112482.3994140625,162420.0,156146.3994140625,1114912.0,1751.04,4352.0,1751.04,4352.0,32062.0,0,9.0,46.0,1000bs-5n-2th-377019s-DENV_1-usa-BVBRC_genome_sequence,sequana_cpu,5,11331501.0,1000,2,377019,DENV_1-usa-BVBRC_genome_sequence,68781.15,42295.36,111076.51,311.23,191.38,502.61,100.52,221.0, sdumont6103,24658985.22
413.0,2250,225,1112484.7998046875,160168.0,155753.599609375,1114972.0,1751.04,4352.0,1751.04,4352.0,32009.0,0,0.0,0.0,1000bs-5n-2th-377019s-DENV_1-usa-BVBRC_genome_sequence,sequana_cpu,5,11331502.0,1000,2,377019,DENV_1-usa-BVBRC_genome_sequence,68635.47,42283.69,110919.17,306.41,188.77,495.17,99.03,224.0, sdumont6103,24956813.25
412.0,2260,226,1112504.0,162344.0,156208.0,1114888.0,1751.04,4352.0,1751.04,4352.0,31938.0,0,0.0,0.0,1000bs-5n-2th-377019s-DENV_1-usa-BVBRC_genome_sequence,sequana_cpu,5,11331503.0,1000,2,377019,DENV_1-usa-BVBRC_genome_sequence,71899.8,44355.22,116255.02,319.55,197.13,516.69,103.34,225.0, sdumont6103,26273634.52
1387.0,7920,33,4220842.399414063,165244.0,159259.19921875,4223272.0,1669.12,4229.12,1679.36,4229.12,31884.0,0,34.0,52.0,100bs-5n-48th-484520s-DENV_1-brazil-BVBRC_genome_sequence,sequana_cpu,5,11331506.0,100,48,484520,DENV_1-brazil-BVBRC_genome_sequence,18071.15,17914.92,35986.07,582.94,577.9,1160.84,232.17,31.0, sdumont6103,1187540.31
1391.0,8160,34,4220842.399414063,164956.0,159569.599609375,4223272.0,1669.12,4229.12,1679.36,4229.12,31645.0,0,32.0,52.0,100bs-5n-48th-484520s-DENV_1-brazil-BVBRC_genome_sequence,sequana_cpu,5,11331511.0,100,48,484520,DENV_1-brazil-BVBRC_genome_sequence,17975.29,17897.79,35873.09,558.46,555.93,1114.38,222.88,32.2, sdumont6103,1219685.0599999998
1384.0,8160,34,4220872.0,166096.0,159304.7998046875,4223404.0,1669.12,4229.12,1679.36,4229.12,31406.0,0,31.0,42.0,100bs-5n-48th-484520s-DENV_1-brazil-BVBRC_genome_sequence,sequana_cpu,5,11331516.0,100,48,484520,DENV_1-brazil-BVBRC_genome_sequence,17988.93,17859.79,35848.72,558.91,554.77,1113.69,222.74,32.2, sdumont6103,1218856.48
1389.0,8880,37,4220872.0,161192.0,158415.19921875,4223404.0,1669.12,4229.12,1679.36,4229.12,31168.0,0,31.0,48.0,100bs-5n-48th-484520s-DENV_1-brazil-BVBRC_genome_sequence,sequana_cpu,5,11331518.0,100,48,484520,DENV_1-brazil-BVBRC_genome_sequence,18171.64,18033.1,36204.74,504.77,500.92,1005.69,201.14,36.0, sdumont6103,1339575.38
14212.0,78240,326,4220893.599609375,166368.0,164259.19921875,4223260.0,2109.44,4382.72,2109.44,4392.96,30928.0,0,30.0,39.0,1000bs-5n-48th-484520s-DENV_1-brazil-BVBRC_genome_sequence,sequana_cpu,5,11331523.0,1000,48,484520,DENV_1-brazil-BVBRC_genome_sequence,189437.43,188084.76,377522.19,582.88,578.72,1161.61,232.32,325.0, sdumont6103,123072233.94
14135.0,78480,327,4220951.19921875,170244.0,165565.599609375,4223400.0,2109.44,4382.72,2109.44,4392.96,30980.0,0,189.0,298.0,1000bs-5n-48th-484520s-DENV_1-brazil-BVBRC_genome_sequence,sequana_cpu,5,11331528.0,1000,48,484520,DENV_1-brazil-BVBRC_genome_sequence,185090.81,189142.19,374233.0,569.51,581.98,1151.49,230.3,325.0, sdumont6094,122374191.0
14288.0,76560,319,4220982.399414063,170016.0,165481.599609375,4223544.0,2109.44,4382.72,2109.44,4392.96,31034.0,0,35.0,49.0,1000bs-5n-48th-484520s-DENV_1-brazil-BVBRC_genome_sequence,sequana_cpu,5,11331532.0,1000,48,484520,DENV_1-brazil-BVBRC_genome_sequence,184426.83,188504.98,372931.81,581.79,594.65,1176.44,235.29,317.0, sdumont6094,118965247.39
14237.0,76080,317,4220864.799804688,170432.0,166200.7998046875,4223260.0,2109.44,4382.72,2109.44,4382.72,31074.0,0,29.0,34.0,1000bs-5n-48th-484520s-DENV_1-brazil-BVBRC_genome_sequence,sequana_cpu,5,11331536.0,1000,48,484520,DENV_1-brazil-BVBRC_genome_sequence,177993.17,182518.42,360511.59,566.86,581.27,1148.13,229.63,314.0, sdumont6094,114282174.03
0.0,2520,21,265348.0,3168.0,1876.7998046875,265348.0,0.0,0.0,0.0,0.0,31095.0,0,0.0,0.0,100bs-5n-24th-484520s-DENV_1-brazil-BVBRC_genome_sequence,sequana_cpu,5,11331544.0,100,24,484520,DENV_1-brazil-BVBRC_genome_sequence,6108.42,2124.04,8232.46,305.42,106.2,411.62,82.32,20.0, sdumont6094,172881.65999999997
0.0,2520,21,265348.0,3176.0,2298.3994140625,265348.0,0.0,0.0,0.0,0.0,30826.0,0,0.0,0.0,100bs-5n-24th-484520s-DENV_1-brazil-BVBRC_genome_sequence,sequana_cpu,5,11331546.0,100,24,484520,DENV_1-brazil-BVBRC_genome_sequence,6090.53,2103.29,8193.83,304.53,105.16,409.69,81.94,20.0, sdumont6094,172070.43
0.0,2760,23,265348.0,3172.0,1868.7998046875,265348.0,0.0,0.0,0.0,0.0,30557.0,0,0.0,0.0,100bs-5n-24th-484520s-DENV_1-brazil-BVBRC_genome_sequence,sequana_cpu,5,11331547.0,100,24,484520,DENV_1-brazil-BVBRC_genome_sequence,12513.68,4217.71,16731.39,595.89,200.84,796.73,159.35,21.0, sdumont6094,384821.97
0.0,2640,22,265348.0,1040.0,1036.7998046875,265348.0,0.0,0.0,0.0,0.0,30288.0,0,0.0,0.0,100bs-5n-24th-484520s-DENV_1-brazil-BVBRC_genome_sequence,sequana_cpu,5,11331551.0,100,24,484520,DENV_1-brazil-BVBRC_genome_sequence,5906.8,2126.01,8032.81,295.34,106.3,401.64,80.33,20.0, sdumont6094,176721.82
4224.0,22920,191,2598784.0,168608.0,163660.7998046875,2601348.0,1914.88,4372.48,1914.88,4382.72,52415.0,0,293.0,308.0,1000bs-5n-24th-484520s-DENV_1-brazil-BVBRC_genome_sequence,sequana_cpu,5,11331838.0,1000,24,484520,DENV_1-brazil-BVBRC_genome_sequence,112239.98,35536.61,147776.59,595.82,188.59,784.41,156.88,188.4, sdumont6068,28225328.689999998
4224.0,22560,188,2598828.7998046875,168644.0,163312.0,2601332.0,1914.88,4382.72,1914.88,4382.72,52114.0,0,263.0,292.0,1000bs-5n-24th-484520s-DENV_1-brazil-BVBRC_genome_sequence,sequana_cpu,5,11331842.0,1000,24,484520,DENV_1-brazil-BVBRC_genome_sequence,110502.48,36359.53,146862.01,594.1,195.48,789.58,157.92,186.0, sdumont6073,27610057.880000003
4280.0,23040,192,2598752.0,170876.0,164526.3994140625,2601204.0,1914.88,4372.48,1914.88,4382.72,52032.0,0,21.0,29.0,1000bs-5n-24th-484520s-DENV_1-brazil-BVBRC_genome_sequence,sequana_cpu,5,11331845.0,1000,24,484520,DENV_1-brazil-BVBRC_genome_sequence,113620.25,35598.23,149218.47,597.36,187.18,784.53,156.91,190.2, sdumont6068,28649946.240000002
4282.0,23400,195,2598712.0,167060.0,162433.599609375,2601200.0,1914.88,4372.48,1914.88,4372.48,51732.0,0,19.0,27.0,1000bs-5n-24th-484520s-DENV_1-brazil-BVBRC_genome_sequence,sequana_cpu,5,11331847.0,1000,24,484520,DENV_1-brazil-BVBRC_genome_sequence,111993.71,36310.54,148304.25,585.18,189.67,774.85,154.97,191.4, sdumont6073,28919328.75
58.0,500,50,1113915.19921875,158456.0,153280.7998046875,1116464.0,1669.12,4218.88,1679.36,4218.88,51650.0,0,0.0,0.0,100bs-5n-2th-484520s-DENV_1-brazil-BVBRC_genome_sequence,sequana_cpu,5,11331849.0,100,2,484520,DENV_1-brazil-BVBRC_genome_sequence,12960.83,7666.1,20626.94,264.51,156.45,420.96,84.19,49.0, sdumont6068,1031346.9999999999
58.0,500,50,1113950.3994140625,156872.0,152968.7998046875,1116464.0,1669.12,4218.88,1679.36,4218.88,51350.0,0,0.0,0.0,100bs-5n-2th-484520s-DENV_1-brazil-BVBRC_genome_sequence,sequana_cpu,5,11331850.0,100,2,484520,DENV_1-brazil-BVBRC_genome_sequence,12376.17,7827.65,20203.82,252.57,159.75,412.32,82.46,49.0, sdumont6073,1010191.0
58.0,510,51,1113955.19921875,159308.0,154228.0,1116464.0,1669.12,4218.88,1679.36,4218.88,51113.0,0,0.0,0.0,100bs-5n-2th-484520s-DENV_1-brazil-BVBRC_genome_sequence,sequana_cpu,5,11331853.0,100,2,484520,DENV_1-brazil-BVBRC_genome_sequence,12887.68,7616.29,20503.97,257.75,152.33,410.08,82.02,50.0, sdumont6068,1045702.4700000001
58.0,520,52,1113932.7998046875,154712.0,153049.599609375,1116500.0,1669.12,4218.88,1679.36,4218.88,50813.0,0,0.0,0.0,100bs-5n-2th-484520s-DENV_1-brazil-BVBRC_genome_sequence,sequana_cpu,5,11331857.0,100,2,484520,DENV_1-brazil-BVBRC_genome_sequence,12311.5,7793.6,20105.11,243.28,154.03,397.31,79.46,50.6, sdumont6073,1045465.72
887.0,4630,463,1114293.599609375,163068.0,159136.7998046875,1116712.0,2344.96,4382.72,2355.2,4382.72,50583.0,0,0.0,0.0,1000bs-5n-2th-484520s-DENV_1-brazil-BVBRC_genome_sequence,sequana_cpu,5,11331860.0,1000,2,484520,DENV_1-brazil-BVBRC_genome_sequence,146281.08,86329.33,232610.41,316.63,186.86,503.49,100.7,462.0, sdumont6068,107698619.83
889.0,4610,461,1115332.0,163264.0,159136.0,1121616.0,2344.96,4382.72,2355.2,4382.72,50283.0,0,0.0,0.0,1000bs-5n-2th-484520s-DENV_1-brazil-BVBRC_genome_sequence,sequana_cpu,5,11331861.0,1000,2,484520,DENV_1-brazil-BVBRC_genome_sequence,138761.87,87526.43,226288.31,301.66,190.27,491.93,98.39,460.0, sdumont6073,104318910.91
1053.0,6050,605,1160844.7998046875,163128.0,158916.0,1332752.0,2570.24,4392.96,2580.48,4392.96,330715.0,0,189.0,248.0,1000bs-5n-2th-484520s-DENV_1-brazil-BVBRC_genome_sequence,sequana_cpu,5,11331869.0,1000,2,484520,DENV_1-brazil-BVBRC_genome_sequence,193434.36,125210.72,318645.09,321.13,207.84,528.97,105.79,602.4, sdumont6070,192780279.45000002
953.0,5130,513,1114322.3994140625,162916.0,158633.599609375,1116764.0,2519.04,4464.64,2856.96,4802.56,331114.0,0,46.0,232.0,1000bs-5n-2th-484520s-DENV_1-brazil-BVBRC_genome_sequence,sequana_cpu,5,11331871.0,1000,2,484520,DENV_1-brazil-BVBRC_genome_sequence,161879.76,104626.08,266505.84,317.41,205.15,522.56,104.51,510.0, sdumont6070,136717495.92000002
70127.0,71424,1488,4433500.0,159904.0,159904.0,4433500.0,3942.4,5089.28,3942.4,5089.28,22898.0,0,163.0,163.0,1000bs-1n-48th-484520s-DENV_1-brazil-BVBRC_genome_sequence,sequana_cpu,1,11334217.0,1000,48,484520,DENV_1-brazil-BVBRC_genome_sequence,171079.0,167291.38,338370.38,115.13,112.58,227.71,227.71,1486.0, sdumont6164,503495125.44
62944.0,64080,1335,4216396.0,156020.0,156020.0,4216396.0,3717.12,5089.28,3717.12,5089.28,34654.0,0,283.0,283.0,1000bs-1n-48th-484520s-DENV_1-brazil-BVBRC_genome_sequence,sequana_cpu,1,11334218.0,1000,48,484520,DENV_1-brazil-BVBRC_genome_sequence,160041.11,143148.82,303189.92,119.97,107.31,227.28,227.28,1334.0, sdumont6069,404758543.2
67329.0,68784,1433,4210688.0,158068.0,158068.0,4210688.0,3850.24,5099.52,3850.24,5099.52,43415.0,0,292.0,292.0,1000bs-1n-48th-484520s-DENV_1-brazil-BVBRC_genome_sequence,sequana_cpu,1,11334220.0,1000,48,484520,DENV_1-brazil-BVBRC_genome_sequence,169120.98,164080.76,333201.73,119.69,116.12,235.81,235.81,1413.0, sdumont6244,477478079.09
75958.0,76608,1596,4210688.0,153980.0,153980.0,4210688.0,4136.96,5099.52,4136.96,5099.52,44767.0,0,28.0,28.0,1000bs-1n-48th-484520s-DENV_1-brazil-BVBRC_genome_sequence,sequana_cpu,1,11334222.0,1000,48,484520,DENV_1-brazil-BVBRC_genome_sequence,191261.73,185493.62,376755.35,119.91,116.3,236.21,236.21,1595.0, sdumont6244,601301538.5999999
4480.0,4556,2278,1110184.0,150728.0,150728.0,1110184.0,5181.44,5099.52,5181.44,5099.52,46934.0,0,236.0,236.0,1000bs-1n-2th-484520s-DENV_1-brazil-BVBRC_genome_sequence,sequana_cpu,1,11334223.0,1000,2,484520,DENV_1-brazil-BVBRC_genome_sequence,151939.11,79502.63,231441.74,66.73,34.92,101.64,101.64,2277.0, sdumont6069,527224283.71999997
4480.0,4542,2271,1110164.0,149308.0,149308.0,1110164.0,5181.44,5099.52,5181.44,5099.52,46814.0,0,236.0,236.0,1000bs-1n-2th-484520s-DENV_1-brazil-BVBRC_genome_sequence,sequana_cpu,1,11334226.0,1000,2,484520,DENV_1-brazil-BVBRC_genome_sequence,154434.45,95132.56,249567.01,68.03,41.91,109.94,109.94,2270.0, sdumont6105,566766679.71
4535.0,4596,2298,1109692.0,147020.0,147020.0,1109692.0,5232.64,5099.52,5232.64,5099.52,48428.0,0,236.0,236.0,1000bs-1n-2th-484520s-DENV_1-brazil-BVBRC_genome_sequence,sequana_cpu,1,11334228.0,1000,2,484520,DENV_1-brazil-BVBRC_genome_sequence,162748.51,103880.63,266629.14,70.85,45.22,116.08,116.08,2297.0, sdumont6270,612713763.72
4542.0,4612,2306,1109180.0,151132.0,151132.0,1109180.0,5232.64,5099.52,5232.64,5099.52,50623.0,0,0.0,0.0,1000bs-1n-2th-484520s-DENV_1-brazil-BVBRC_genome_sequence,sequana_cpu,1,11334229.0,1000,2,484520,DENV_1-brazil-BVBRC_genome_sequence,163305.86,104212.61,267518.47,70.85,45.21,116.06,116.06,2305.0, sdumont6270,616897591.8199999
0.0,2160,18,265360.0,3248.0,1903.19921875,265408.0,0.0,0.0,0.0,0.0,107446.0,0,0.0,0.0,100bs-5n-24th-187026s-DENV_1-colombia-BVBRC_genome_sequence,sequana_cpu,5,11334971.0,100,24,187026,DENV_1-colombia-BVBRC_genome_sequence,3954.71,2106.88,6061.59,260.57,138.48,399.05,79.81,15.2, sdumont6070,109108.62
0.0,2520,21,265348.0,3116.0,1856.0,265348.0,0.0,0.0,0.0,0.0,146574.0,0,0.0,0.0,100bs-5n-24th-187026s-DENV_1-colombia-BVBRC_genome_sequence,sequana_cpu,5,11334972.0,100,24,187026,DENV_1-colombia-BVBRC_genome_sequence,1423.83,746.54,2170.37,284.77,149.31,434.07,86.81,5.0, sdumont6077,45577.77
0.0,600,5,265348.0,1040.0,1036.7998046875,265348.0,0.0,0.0,0.0,0.0,146306.0,0,0.0,0.0,100bs-5n-24th-187026s-DENV_1-colombia-BVBRC_genome_sequence,sequana_cpu,5,11334974.0,100,24,187026,DENV_1-colombia-BVBRC_genome_sequence,1582.31,618.66,2200.97,395.58,154.67,550.24,110.05,4.0, sdumont6077,11004.849999999999
0.0,600,5,265348.0,3184.0,2288.0,265348.0,0.0,0.0,0.0,0.0,146039.0,0,0.0,0.0,100bs-5n-24th-187026s-DENV_1-colombia-BVBRC_genome_sequence,sequana_cpu,5,11334976.0,100,24,187026,DENV_1-colombia-BVBRC_genome_sequence,1130.12,456.11,1586.23,376.71,152.04,528.74,105.75,3.0, sdumont6077,7931.15
0.0,600,5,265348.0,3108.0,1853.599609375,265348.0,0.0,0.0,0.0,0.0,145772.0,0,0.0,0.0,100bs-5n-24th-187026s-DENV_1-colombia-BVBRC_genome_sequence,sequana_cpu,5,11334981.0,100,24,187026,DENV_1-colombia-BVBRC_genome_sequence,1096.51,453.24,1549.75,331.29,135.86,467.15,93.43,3.4, sdumont6077,7748.75
0.0,40,4,265348.0,3144.0,3108.0,265348.0,0.0,0.0,0.0,0.0,145504.0,0,0.0,0.0,100bs-5n-2th-187026s-DENV_1-colombia-BVBRC_genome_sequence,sequana_cpu,5,11334987.0,100,2,187026,DENV_1-colombia-BVBRC_genome_sequence,609.53,431.86,1041.39,203.18,143.95,347.13,69.43,3.0, sdumont6077,4165.56
0.0,50,5,265348.0,3156.0,3120.7998046875,265348.0,0.0,0.0,0.0,0.0,145237.0,0,0.0,0.0,100bs-5n-2th-187026s-DENV_1-colombia-BVBRC_genome_sequence,sequana_cpu,5,11335005.0,100,2,187026,DENV_1-colombia-BVBRC_genome_sequence,612.3,435.67,1047.97,153.08,108.92,261.99,52.4,4.0, sdumont6077,5239.85
0.0,40,4,265348.0,3168.0,3114.3994140625,265348.0,0.0,0.0,0.0,0.0,144969.0,0,0.0,0.0,100bs-5n-2th-187026s-DENV_1-colombia-BVBRC_genome_sequence,sequana_cpu,5,11335009.0,100,2,187026,DENV_1-colombia-BVBRC_genome_sequence,608.9,430.83,1039.74,202.97,143.61,346.58,69.32,3.0, sdumont6077,4158.96
0.0,60,6,265348.0,3132.0,3102.3994140625,265348.0,0.0,0.0,0.0,0.0,144700.0,0,0.0,0.0,100bs-5n-2th-187026s-DENV_1-colombia-BVBRC_genome_sequence,sequana_cpu,5,11335011.0,100,2,187026,DENV_1-colombia-BVBRC_genome_sequence,973.41,787.85,1761.27,194.68,157.57,352.25,70.45,5.0, sdumont6077,10567.619999999999
0.0,40,4,265348.0,3116.0,3093.599609375,265348.0,0.0,0.0,0.0,0.0,144433.0,0,0.0,0.0,100bs-5n-2th-187026s-DENV_1-colombia-BVBRC_genome_sequence,sequana_cpu,5,11335014.0,100,2,187026,DENV_1-colombia-BVBRC_genome_sequence,634.8,444.14,1078.94,211.6,148.05,359.65,71.93,3.0, sdumont6077,4315.76
0.0,840,7,265348.0,1040.0,1036.7998046875,265348.0,0.0,0.0,0.0,0.0,144165.0,0,0.0,0.0,100bs-5n-24th-198574s-DENV_2-colombia-BVBRC_genome_sequence,sequana_cpu,5,11335016.0,100,24,198574,DENV_2-colombia-BVBRC_genome_sequence,2375.32,873.66,3248.98,442.75,162.91,605.66,121.13,5.4, sdumont6077,22742.86
0.0,840,7,265348.0,3208.0,1470.3994140625,265348.0,0.0,0.0,0.0,0.0,143897.0,0,0.0,0.0,100bs-5n-24th-198574s-DENV_2-colombia-BVBRC_genome_sequence,sequana_cpu,5,11335018.0,100,24,198574,DENV_2-colombia-BVBRC_genome_sequence,2453.6,894.95,3348.55,456.4,166.34,622.74,124.55,5.4, sdumont6077,23439.850000000002
0.0,840,7,265348.0,3236.0,2332.7998046875,265348.0,0.0,0.0,0.0,0.0,143628.0,0,0.0,0.0,100bs-5n-24th-198574s-DENV_2-colombia-BVBRC_genome_sequence,sequana_cpu,5,11335019.0,100,24,198574,DENV_2-colombia-BVBRC_genome_sequence,2478.28,896.39,3374.67,495.66,179.28,674.93,134.99,5.0, sdumont6077,23622.690000000002
0.0,720,6,265348.0,1036.0,1036.0,265348.0,0.0,0.0,0.0,0.0,143360.0,0,0.0,0.0,100bs-5n-24th-198574s-DENV_2-colombia-BVBRC_genome_sequence,sequana_cpu,5,11335021.0,100,24,198574,DENV_2-colombia-BVBRC_genome_sequence,2511.61,917.72,3429.33,502.32,183.54,685.87,137.17,5.0, sdumont6077,20575.98
0.0,960,8,265348.0,3228.0,1474.3994140625,265348.0,0.0,0.0,0.0,0.0,143092.0,0,0.0,0.0,100bs-5n-24th-198574s-DENV_2-colombia-BVBRC_genome_sequence,sequana_cpu,5,11335023.0,100,24,198574,DENV_2-colombia-BVBRC_genome_sequence,3800.54,1315.93,5116.47,542.93,187.99,730.92,146.18,7.0, sdumont6077,40931.76
0.0,80,8,265348.0,3152.0,3108.7998046875,265348.0,0.0,0.0,0.0,0.0,142825.0,0,0.0,0.0,100bs-5n-2th-198574s-DENV_2-colombia-BVBRC_genome_sequence,sequana_cpu,5,11335025.0,100,2,198574,DENV_2-colombia-BVBRC_genome_sequence,2019.9,1336.77,3356.66,288.56,190.97,479.52,95.9,7.0, sdumont6077,26853.28
0.0,80,8,265348.0,3144.0,3105.599609375,265348.0,0.0,0.0,0.0,0.0,142556.0,0,0.0,0.0,100bs-5n-2th-198574s-DENV_2-colombia-BVBRC_genome_sequence,sequana_cpu,5,11335028.0,100,2,198574,DENV_2-colombia-BVBRC_genome_sequence,1754.52,1164.88,2919.4,250.65,166.41,417.06,83.41,7.0, sdumont6077,23355.2
0.0,70,7,265348.0,3148.0,3105.599609375,265348.0,0.0,0.0,0.0,0.0,142289.0,0,0.0,0.0,100bs-5n-2th-198574s-DENV_2-colombia-BVBRC_genome_sequence,sequana_cpu,5,11335031.0,100,2,198574,DENV_2-colombia-BVBRC_genome_sequence,1858.53,1225.71,3084.24,309.76,204.28,514.04,102.81,6.0, sdumont6077,21589.68
0.0,90,9,265348.0,3156.0,3097.599609375,265348.0,0.0,0.0,0.0,0.0,142021.0,0,0.0,0.0,100bs-5n-2th-198574s-DENV_2-colombia-BVBRC_genome_sequence,sequana_cpu,5,11335034.0,100,2,198574,DENV_2-colombia-BVBRC_genome_sequence,1904.45,1307.58,3212.03,238.06,163.45,401.5,80.3,8.0, sdumont6077,28908.27
0.0,80,8,265348.0,3092.0,3073.599609375,265348.0,0.0,0.0,0.0,0.0,141753.0,0,0.0,0.0,100bs-5n-2th-198574s-DENV_2-colombia-BVBRC_genome_sequence,sequana_cpu,5,11335035.0,100,2,198574,DENV_2-colombia-BVBRC_genome_sequence,1474.49,970.51,2445.0,245.75,161.75,407.5,81.5,6.0, sdumont6077,19560.0
0.0,1080,9,265348.0,3168.0,1880.7998046875,265348.0,0.0,0.0,0.0,0.0,141491.0,0,0.0,0.0,100bs-5n-24th-287037s-DENV_2-peru-BVBRC_genome_sequence,sequana_cpu,5,11335036.0,100,24,287037,DENV_2-peru-BVBRC_genome_sequence,3768.11,1395.85,5163.95,525.08,194.9,719.98,144.0,7.2, sdumont6077,46475.549999999996
0.0,1080,9,265348.0,3092.0,1855.19921875,265348.0,0.0,0.0,0.0,0.0,141223.0,0,0.0,0.0,100bs-5n-24th-287037s-DENV_2-peru-BVBRC_genome_sequence,sequana_cpu,5,11335058.0,100,24,287037,DENV_2-peru-BVBRC_genome_sequence,3798.53,1386.88,5185.41,516.64,188.65,705.29,141.06,7.4, sdumont6077,46668.69
0.0,1080,9,265348.0,3140.0,2687.19921875,265348.0,0.0,0.0,0.0,0.0,140954.0,0,0.0,0.0,100bs-5n-24th-287037s-DENV_2-peru-BVBRC_genome_sequence,sequana_cpu,5,11335062.0,100,24,287037,DENV_2-peru-BVBRC_genome_sequence,3865.92,1414.12,5280.04,538.52,197.41,735.93,147.19,7.2, sdumont6077,47520.36
0.0,1080,9,265348.0,3136.0,2269.599609375,265348.0,0.0,0.0,0.0,0.0,140686.0,0,0.0,0.0,100bs-5n-24th-287037s-DENV_2-peru-BVBRC_genome_sequence,sequana_cpu,5,11335066.0,100,24,287037,DENV_2-peru-BVBRC_genome_sequence,3748.46,1358.3,5106.76,468.56,169.79,638.35,127.67,8.0, sdumont6077,45960.840000000004
0.0,1200,10,265348.0,3076.0,1444.0,265348.0,0.0,0.0,0.0,0.0,40089.0,0,0.0,0.0,100bs-5n-24th-287037s-DENV_2-peru-BVBRC_genome_sequence,sequana_cpu,5,11335520.0,100,24,287037,DENV_2-peru-BVBRC_genome_sequence,3935.46,1432.96,5368.42,469.31,170.55,639.85,127.97,8.4, sdumont6077,53684.2
0.0,80,8,265348.0,3136.0,3101.599609375,265348.0,0.0,0.0,0.0,0.0,464.0,0,0.0,0.0,100bs-5n-2th-287037s-DENV_2-peru-BVBRC_genome_sequence,sequana_cpu,5,11335716.0,100,2,287037,DENV_2-peru-BVBRC_genome_sequence,2011.41,1343.45,3354.86,287.34,191.92,479.27,95.85,7.0, sdumont6077,26838.88
0.0,80,8,265348.0,3144.0,3084.7998046875,265348.0,0.0,0.0,0.0,0.0,193.0,0,0.0,0.0,100bs-5n-2th-287037s-DENV_2-peru-BVBRC_genome_sequence,sequana_cpu,5,11335721.0,100,2,287037,DENV_2-peru-BVBRC_genome_sequence,1985.54,1333.46,3319.0,283.65,190.49,474.14,94.83,7.0, sdumont6077,26552.0
0.0,80,8,265348.0,3156.0,3116.7998046875,265348.0,0.0,0.0,0.0,0.0,21.0,0,0.0,0.0,100bs-5n-2th-287037s-DENV_2-peru-BVBRC_genome_sequence,sequana_cpu,5,11335724.0,100,2,287037,DENV_2-peru-BVBRC_genome_sequence,1989.42,1333.12,3322.54,284.2,190.45,474.65,94.93,7.0, sdumont6077,26580.32
0.0,80,8,265348.0,3176.0,3124.0,265348.0,0.0,0.0,0.0,0.0,8.0,0,0.0,0.0,100bs-5n-2th-287037s-DENV_2-peru-BVBRC_genome_sequence,sequana_cpu,5,11335728.0,100,2,287037,DENV_2-peru-BVBRC_genome_sequence,2015.09,1345.34,3360.44,287.87,192.19,480.06,96.01,7.0, sdumont6077,26883.52
0.0,110,11,265348.0,3124.0,3104.0,265348.0,0.0,0.0,0.0,0.0,27.0,0,0.0,0.0,100bs-5n-2th-287037s-DENV_2-peru-BVBRC_genome_sequence,sequana_cpu,5,11335734.0,100,2,287037,DENV_2-peru-BVBRC_genome_sequence,2435.41,1723.83,4159.25,243.54,172.38,415.92,83.18,10.0, sdumont6091,45751.75
0.0,1200,10,265348.0,3168.0,1887.19921875,265348.0,0.0,0.0,0.0,0.0,6292.0,0,0.0,0.0,100bs-5n-24th-272549s-DENV_4-usa-BVBRC_genome_sequence,sequana_cpu,5,11335743.0,100,24,272549,DENV_4-usa-BVBRC_genome_sequence,4139.44,1718.35,5857.79,459.94,190.93,650.87,130.17,9.0, sdumont6077,58577.9
0.0,1080,9,265348.0,3108.0,1451.19921875,265348.0,0.0,0.0,0.0,0.0,6024.0,0,0.0,0.0,100bs-5n-24th-272549s-DENV_4-usa-BVBRC_genome_sequence,sequana_cpu,5,11335751.0,100,24,272549,DENV_4-usa-BVBRC_genome_sequence,3652.39,1350.75,5003.14,456.55,168.84,625.39,125.08,8.0, sdumont6077,45028.26
0.0,960,8,265348.0,3168.0,1461.599609375,265348.0,0.0,0.0,0.0,0.0,5754.0,0,0.0,0.0,100bs-5n-24th-272549s-DENV_4-usa-BVBRC_genome_sequence,sequana_cpu,5,11335757.0,100,24,272549,DENV_4-usa-BVBRC_genome_sequence,3652.38,1373.3,5025.68,521.77,196.19,717.95,143.59,7.0, sdumont6077,40205.44
0.0,960,8,265348.0,3168.0,1462.3994140625,265348.0,0.0,0.0,0.0,0.0,5485.0,0,0.0,0.0,100bs-5n-24th-272549s-DENV_4-usa-BVBRC_genome_sequence,sequana_cpu,5,11335760.0,100,24,272549,DENV_4-usa-BVBRC_genome_sequence,3658.68,1376.48,5035.16,522.67,196.64,719.31,143.86,7.0, sdumont6077,40281.28
0.0,1080,9,265348.0,1040.0,1036.7998046875,265348.0,0.0,0.0,0.0,0.0,5217.0,0,0.0,0.0,100bs-5n-24th-272549s-DENV_4-usa-BVBRC_genome_sequence,sequana_cpu,5,11335765.0,100,24,272549,DENV_4-usa-BVBRC_genome_sequence,3618.63,1375.47,4994.1,504.19,191.56,695.75,139.15,7.2, sdumont6077,44946.9
0.0,80,8,265348.0,3144.0,3107.19921875,265348.0,0.0,0.0,0.0,0.0,4949.0,0,0.0,0.0,100bs-5n-2th-272549s-DENV_4-usa-BVBRC_genome_sequence,sequana_cpu,5,11335769.0,100,2,272549,DENV_4-usa-BVBRC_genome_sequence,1671.49,1170.65,2842.14,238.78,167.24,406.02,81.2,7.0, sdumont6077,22737.12
0.0,3840,16,265348.0,3300.0,2784.0,265348.0,0.0,0.0,0.0,0.0,8232.0,0,0.0,0.0,100bs-5n-48th-187026s-DENV_1-colombia-BVBRC_genome_sequence,sequana_cpu,5,11341012.0,100,48,187026,DENV_1-colombia-BVBRC_genome_sequence,4062.93,3964.1,8027.04,465.72,454.22,919.94,183.99,8.8, sdumont6083,128432.64
0.0,2880,12,265348.0,3296.0,3225.599609375,265348.0,0.0,0.0,0.0,0.0,7994.0,0,0.0,0.0,100bs-5n-48th-187026s-DENV_1-colombia-BVBRC_genome_sequence,sequana_cpu,5,11341013.0,100,48,187026,DENV_1-colombia-BVBRC_genome_sequence,5183.29,5072.12,10255.4,508.87,498.17,1007.04,201.41,10.2, sdumont6083,123064.79999999999
0.0,4320,18,265348.0,3240.0,2344.7998046875,265348.0,0.0,0.0,0.0,0.0,7724.0,0,0.0,0.0,100bs-5n-48th-187026s-DENV_1-colombia-BVBRC_genome_sequence,sequana_cpu,5,11341015.0,100,48,187026,DENV_1-colombia-BVBRC_genome_sequence,9638.02,9434.81,19072.83,602.38,589.68,1192.05,238.41,16.0, sdumont6083,343310.94000000006
0.0,3360,14,265348.0,3236.0,2332.7998046875,265348.0,0.0,0.0,0.0,0.0,7472.0,0,0.0,0.0,100bs-5n-48th-187026s-DENV_1-colombia-BVBRC_genome_sequence,sequana_cpu,5,11341016.0,100,48,187026,DENV_1-colombia-BVBRC_genome_sequence,6685.78,6533.12,13218.89,607.8,593.92,1201.72,240.34,11.0, sdumont6083,185064.46
0.0,2880,12,265348.0,3304.0,3248.7998046875,265348.0,0.0,0.0,0.0,0.0,7203.0,0,0.0,0.0,100bs-5n-48th-187026s-DENV_1-colombia-BVBRC_genome_sequence,sequana_cpu,5,11341019.0,100,48,187026,DENV_1-colombia-BVBRC_genome_sequence,5485.4,5393.55,10878.94,548.54,539.35,1087.89,217.58,10.0, sdumont6083,130547.28
0.0,2880,12,265348.0,3272.0,3229.599609375,265348.0,0.0,0.0,0.0,0.0,6934.0,0,0.0,0.0,100bs-5n-48th-198574s-DENV_2-colombia-BVBRC_genome_sequence,sequana_cpu,5,11341020.0,100,48,198574,DENV_2-colombia-BVBRC_genome_sequence,5412.36,5272.6,10684.97,541.24,527.26,1068.5,213.7,10.0, sdumont6083,128219.63999999998
0.0,3120,13,265348.0,3228.0,2768.0,265348.0,0.0,0.0,0.0,0.0,6664.0,0,0.0,0.0,100bs-5n-48th-198574s-DENV_2-colombia-BVBRC_genome_sequence,sequana_cpu,5,11341021.0,100,48,198574,DENV_2-colombia-BVBRC_genome_sequence,5635.7,5521.2,11156.89,512.34,501.93,1014.26,202.85,11.0, sdumont6083,145039.57
0.0,4560,19,265348.0,3232.0,3196.7998046875,265348.0,0.0,0.0,0.0,0.0,6395.0,0,0.0,0.0,100bs-5n-48th-198574s-DENV_2-colombia-BVBRC_genome_sequence,sequana_cpu,5,11341022.0,100,48,198574,DENV_2-colombia-BVBRC_genome_sequence,9544.39,9353.34,18897.73,561.43,550.2,1111.63,222.33,17.0, sdumont6083,359056.87
0.0,3840,16,265348.0,3236.0,1911.19921875,265348.0,0.0,0.0,0.0,0.0,6126.0,0,0.0,0.0,100bs-5n-48th-198574s-DENV_2-colombia-BVBRC_genome_sequence,sequana_cpu,5,11341023.0,100,48,198574,DENV_2-colombia-BVBRC_genome_sequence,7808.96,7662.03,15471.0,591.86,580.83,1172.69,234.54,13.2, sdumont6083,247536.0
0.0,4080,17,265348.0,3248.0,2788.0,265348.0,0.0,0.0,0.0,0.0,5856.0,0,0.0,0.0,100bs-5n-48th-198574s-DENV_2-colombia-BVBRC_genome_sequence,sequana_cpu,5,11341024.0,100,48,198574,DENV_2-colombia-BVBRC_genome_sequence,9325.38,9174.04,18499.42,582.84,573.38,1156.21,231.24,16.0, sdumont6083,314490.13999999996
0.0,1800,15,265348.0,3244.0,3179.19921875,265348.0,0.0,0.0,0.0,0.0,116456.0,0,0.0,0.0,100bs-5n-24th-242689s-DENV_2-mexico-BVBRC_genome_sequence,sequana_cpu,5,11341795.0,100,24,242689,DENV_2-mexico-BVBRC_genome_sequence,3592.24,1617.15,5209.39,304.51,137.13,441.65,88.33,11.8, sdumont6106,78140.85
0.0,1920,16,265348.0,3144.0,1456.0,265348.0,0.0,0.0,0.0,0.0,116402.0,0,0.0,0.0,100bs-5n-24th-242689s-DENV_2-mexico-BVBRC_genome_sequence,sequana_cpu,5,11341796.0,100,24,242689,DENV_2-mexico-BVBRC_genome_sequence,6890.27,2508.79,9399.06,530.02,192.98,723.0,144.6,13.0, sdumont6106,150384.96
0.0,1440,12,265348.0,3176.0,2723.19921875,265348.0,0.0,0.0,0.0,0.0,116314.0,0,0.0,0.0,100bs-5n-24th-242689s-DENV_2-mexico-BVBRC_genome_sequence,sequana_cpu,5,11341797.0,100,24,242689,DENV_2-mexico-BVBRC_genome_sequence,5373.23,1876.18,7249.41,526.48,183.7,710.18,142.04,10.2, sdumont6106,86992.92
0.0,1080,9,265348.0,3148.0,1457.599609375,265348.0,0.0,0.0,0.0,0.0,116209.0,0,0.0,0.0,100bs-5n-24th-242689s-DENV_2-mexico-BVBRC_genome_sequence,sequana_cpu,5,11341798.0,100,24,242689,DENV_2-mexico-BVBRC_genome_sequence,3897.28,1361.82,5259.09,487.16,170.23,657.39,131.48,8.0, sdumont6106,47331.81
0.0,1680,14,265348.0,3124.0,1858.3994140625,265348.0,0.0,0.0,0.0,0.0,116121.0,0,0.0,0.0,100bs-5n-24th-242689s-DENV_2-mexico-BVBRC_genome_sequence,sequana_cpu,5,11341799.0,100,24,242689,DENV_2-mexico-BVBRC_genome_sequence,3754.45,1340.38,5094.83,444.3,158.19,602.49,120.5,8.6, sdumont6106,71327.62
0.0,200,20,265348.0,3124.0,3091.19921875,265348.0,0.0,0.0,0.0,0.0,114308.0,0,0.0,0.0,100bs-5n-2th-231143s-DENV_3-colombia-BVBRC_genome_sequence,sequana_cpu,5,11341806.0,100,2,231143,DENV_3-colombia-BVBRC_genome_sequence,1946.03,1310.23,3256.27,243.25,163.78,407.03,81.41,8.0, sdumont6106,65125.4
0.0,100,10,265348.0,3136.0,3092.0,265348.0,0.0,0.0,0.0,0.0,114240.0,0,0.0,0.0,100bs-5n-2th-231143s-DENV_3-colombia-BVBRC_genome_sequence,sequana_cpu,5,11341807.0,100,2,231143,DENV_3-colombia-BVBRC_genome_sequence,2653.47,1811.02,4464.49,294.83,201.22,496.05,99.21,9.0, sdumont6106,44644.899999999994
0.0,120,12,265348.0,3156.0,3130.3994140625,265348.0,0.0,0.0,0.0,0.0,114154.0,0,0.0,0.0,100bs-5n-2th-231143s-DENV_3-colombia-BVBRC_genome_sequence,sequana_cpu,5,11341808.0,100,2,231143,DENV_3-colombia-BVBRC_genome_sequence,2419.17,1671.97,4091.14,268.8,185.77,454.57,90.91,9.0, sdumont6106,49093.68
0.0,120,12,265348.0,3148.0,3108.7998046875,265348.0,0.0,0.0,0.0,0.0,114067.0,0,0.0,0.0,100bs-5n-2th-231143s-DENV_3-colombia-BVBRC_genome_sequence,sequana_cpu,5,11341811.0,100,2,231143,DENV_3-colombia-BVBRC_genome_sequence,3165.05,2151.96,5317.01,287.73,195.63,483.36,96.67,11.0, sdumont6106,63804.12
0.0,120,12,265348.0,3148.0,3107.19921875,265348.0,0.0,0.0,0.0,0.0,113980.0,0,0.0,0.0,100bs-5n-2th-231143s-DENV_3-colombia-BVBRC_genome_sequence,sequana_cpu,5,11341812.0,100,2,231143,DENV_3-colombia-BVBRC_genome_sequence,2489.05,1710.66,4199.71,248.9,171.07,419.97,83.99,10.0, sdumont6106,50396.520000000004
