AveCPU,CPUTimeRAW,ElapsedRaw,AveVMSize,MaxRSS,AveRSS,MaxVMSize,AveDiskRead,AveDiskWrite,MaxDiskRead,MaxDiskWrite,Planned,ConsumedEnergyRaw,AvePages,MaxPages,JobName,Partition,NNodes,JobID,Processo p/ no,Thread p/ proc.,Bootstrap,Tamanho,Nome do Arquivo,Consumo de Energia P0 (J),Consumo de Energia P1 (J),Consumo de Energia Total (J),Power P0 (W),Power P1 (W),Power Total (W),Potência por nó (W),Tempo (s),NodeList,EDP
177.0,480,120,1221710.0,155172.0,150748.0,1326808.0,2283.52,4249.6,2283.52,4249.6,1.0,0,0.0,0.0,2n-1m-2th-100bs-484520s-DENV_1-brazil-BVBRC_genome_sequence,sequana_cpu_dev,2,11531880.0,1,2,100,484520,DENV_1-brazil-BVBRC_genome_sequence,14130.01,9359.97,23489.98,118.74,78.66,197.39,98.7,119.0, sdumont6166,2818797.6
177.0,480,120,1110314.0,154632.0,149702.0,1116464.0,2283.52,4249.6,2283.52,4249.6,1.0,0,0.0,0.0,2n-1m-2th-100bs-484520s-DENV_1-brazil-BVBRC_genome_sequence,sequana_cpu_dev,2,11531883.0,1,2,100,484520,DENV_1-brazil-BVBRC_genome_sequence,13906.34,9197.99,23104.33,116.86,77.29,194.15,97.08,119.0, sdumont6165,2772519.6
234.0,496,124,1224372.0,156960.0,151916.0,1326892.0,2508.8,4259.84,2508.8,4259.84,1.0,0,0.0,0.0,2n-1m-2th-100bs-484520s-DENV_1-brazil-BVBRC_genome_sequence,sequana_cpu_dev,2,11531888.0,1,2,100,484520,DENV_1-brazil-BVBRC_genome_sequence,14416.21,9541.96,23958.17,117.2,77.58,194.78,97.39,123.0, sdumont6166,2970813.08
177.0,480,120,1110266.0,154756.0,149496.0,1116364.0,2283.52,4249.6,2283.52,4249.6,1.0,0,0.0,0.0,2n-1m-2th-100bs-484520s-DENV_1-brazil-BVBRC_genome_sequence,sequana_cpu_dev,2,11531893.0,1,2,100,484520,DENV_1-brazil-BVBRC_genome_sequence,14003.35,9223.92,23227.27,117.68,77.51,195.19,97.59,119.0, sdumont6166,2787272.4
235.0,488,122,1113008.0,155176.0,149878.0,1121924.0,2508.8,4259.84,2508.8,4259.84,0.0,0,0.0,0.0,2n-1m-2th-100bs-484520s-DENV_1-brazil-BVBRC_genome_sequence,sequana_cpu_dev,2,11531897.0,1,2,100,484520,DENV_1-brazil-BVBRC_genome_sequence,14184.65,9334.39,23519.05,117.23,77.14,194.37,97.19,121.0, sdumont6166,2869324.1
235.0,584,73,1244542.0,155432.0,150428.0,1250596.0,2078.72,4249.6,2078.72,4249.6,0.0,0,0.0,0.0,2n-1m-4th-100bs-484520s-DENV_1-brazil-BVBRC_genome_sequence,sequana_cpu_dev,2,11531901.0,1,4,100,484520,DENV_1-brazil-BVBRC_genome_sequence,10301.98,5519.33,15821.31,143.08,76.66,219.74,109.87,72.0, sdumont6166,1154955.63
236.0,576,72,1244468.0,155820.0,150660.0,1250632.0,2078.72,4249.6,2078.72,4249.6,2.0,0,0.0,0.0,2n-1m-4th-100bs-484520s-DENV_1-brazil-BVBRC_genome_sequence,sequana_cpu_dev,2,11531905.0,1,4,100,484520,DENV_1-brazil-BVBRC_genome_sequence,10325.76,5502.29,15828.05,145.43,77.5,222.93,111.47,71.0, sdumont6165,1139619.6
236.0,576,72,1244542.0,155920.0,150598.0,1250780.0,2078.72,4249.6,2078.72,4249.6,1.0,0,0.0,1.0,2n-1m-4th-100bs-484520s-DENV_1-brazil-BVBRC_genome_sequence,sequana_cpu_dev,2,11531910.0,1,4,100,484520,DENV_1-brazil-BVBRC_genome_sequence,10157.9,5459.81,15617.7,143.07,76.9,219.97,109.98,71.0, sdumont6166,1124474.4
235.0,584,73,1244468.0,155676.0,152796.0,1250596.0,2058.24,4249.6,2058.24,4249.6,0.0,0,0.0,0.0,2n-1m-4th-100bs-484520s-DENV_1-brazil-BVBRC_genome_sequence,sequana_cpu_dev,2,11531913.0,1,4,100,484520,DENV_1-brazil-BVBRC_genome_sequence,10422.55,5572.05,15994.6,144.76,77.39,222.15,111.07,72.0, sdumont6166,1167605.8
236.0,576,72,1244468.0,157312.0,151318.0,1250596.0,2078.72,4249.6,2078.72,4249.6,1.0,0,0.0,0.0,2n-1m-4th-100bs-484520s-DENV_1-brazil-BVBRC_genome_sequence,sequana_cpu_dev,2,11531916.0,1,4,100,484520,DENV_1-brazil-BVBRC_genome_sequence,10290.07,5491.18,15781.25,144.93,77.34,222.27,111.14,71.0, sdumont6166,1136250.0
175.0,672,56,1378988.0,155448.0,150380.0,1385096.0,1853.44,4229.12,1853.44,4229.12,1.0,0,0.0,0.0,2n-1m-6th-100bs-484520s-DENV_1-brazil-BVBRC_genome_sequence,sequana_cpu_dev,2,11531918.0,1,6,100,484520,DENV_1-brazil-BVBRC_genome_sequence,9230.29,4169.78,13400.07,167.82,75.81,243.64,121.82,55.0, sdumont6166,750403.9199999999
176.0,684,57,1379068.0,155924.0,151490.0,1385268.0,1853.44,4229.12,1853.44,4229.12,1.0,0,0.0,1.0,2n-1m-6th-100bs-484520s-DENV_1-brazil-BVBRC_genome_sequence,sequana_cpu_dev,2,11531920.0,1,6,100,484520,DENV_1-brazil-BVBRC_genome_sequence,9334.76,4222.05,13556.81,166.69,75.39,242.09,121.04,56.0, sdumont6165,772738.1699999999
171.0,696,58,1379074.0,155700.0,150304.0,1385268.0,1853.44,4229.12,1853.44,4229.12,1.0,0,131.0,261.0,2n-1m-6th-100bs-484520s-DENV_1-brazil-BVBRC_genome_sequence,sequana_cpu_dev,2,11531933.0,1,6,100,484520,DENV_1-brazil-BVBRC_genome_sequence,9414.46,4281.95,13696.41,165.17,75.12,240.29,120.14,57.0, sdumont6165,794391.78
176.0,672,56,1379068.0,155416.0,152360.0,1385268.0,1853.44,4229.12,1853.44,4229.12,1.0,0,1.0,2.0,2n-1m-6th-100bs-484520s-DENV_1-brazil-BVBRC_genome_sequence,sequana_cpu_dev,2,11531941.0,1,6,100,484520,DENV_1-brazil-BVBRC_genome_sequence,9180.43,4133.57,13314.0,170.01,76.55,246.56,123.28,54.0, sdumont6166,745584.0
175.0,672,56,1379156.0,161452.0,153362.0,1385336.0,1853.44,4229.12,1853.44,4229.12,0.0,0,2.0,2.0,2n-1m-6th-100bs-484520s-DENV_1-brazil-BVBRC_genome_sequence,sequana_cpu_dev,2,11531943.0,1,6,100,484520,DENV_1-brazil-BVBRC_genome_sequence,9244.66,4183.82,13428.48,168.08,76.07,244.15,122.08,55.0, sdumont6166,751994.88
234.0,784,49,1514076.0,157784.0,151638.0,1520236.0,1853.44,4239.36,1853.44,4239.36,1.0,0,8.0,17.0,2n-1m-8th-100bs-484520s-DENV_1-brazil-BVBRC_genome_sequence,sequana_cpu_dev,2,11531946.0,1,8,100,484520,DENV_1-brazil-BVBRC_genome_sequence,8955.25,3628.57,12583.82,190.54,77.2,267.74,133.87,47.0, sdumont6166,616607.1799999999
234.0,816,51,1514154.0,157860.0,151734.0,1520228.0,1853.44,4239.36,1853.44,4239.36,2.0,0,1.0,2.0,2n-1m-8th-100bs-484520s-DENV_1-brazil-BVBRC_genome_sequence,sequana_cpu_dev,2,11531951.0,1,8,100,484520,DENV_1-brazil-BVBRC_genome_sequence,9297.63,3786.05,13083.69,185.95,75.72,261.67,130.84,50.0, sdumont6166,667268.1900000001
235.0,784,49,1514086.0,157740.0,153504.0,1520220.0,1853.44,4239.36,1853.44,4239.36,3.0,0,3.0,4.0,2n-1m-8th-100bs-484520s-DENV_1-brazil-BVBRC_genome_sequence,sequana_cpu_dev,2,11531959.0,1,8,100,484520,DENV_1-brazil-BVBRC_genome_sequence,9003.11,3628.4,12631.51,187.56,75.59,263.16,131.58,48.0, sdumont6165,618943.99
234.0,800,50,1514062.0,156028.0,150618.0,1520212.0,1853.44,4239.36,1853.44,4239.36,1.0,0,2.0,2.0,2n-1m-8th-100bs-484520s-DENV_1-brazil-BVBRC_genome_sequence,sequana_cpu_dev,2,11531964.0,1,8,100,484520,DENV_1-brazil-BVBRC_genome_sequence,9345.43,3796.26,13141.69,190.72,77.47,268.2,134.1,49.0, sdumont6166,657084.5
234.0,800,50,1514064.0,159416.0,153712.0,1520208.0,1853.44,4239.36,1853.44,4239.36,0.0,0,1.0,2.0,2n-1m-8th-100bs-484520s-DENV_1-brazil-BVBRC_genome_sequence,sequana_cpu_dev,2,11531967.0,1,8,100,484520,DENV_1-brazil-BVBRC_genome_sequence,9381.26,3805.23,13186.49,191.45,77.66,269.11,134.56,49.0, sdumont6166,659324.5
294.0,940,47,1649090.0,155968.0,150816.0,1655304.0,1853.44,4239.36,1853.44,4239.36,1.0,0,2.0,3.0,2n-1m-10th-100bs-484520s-DENV_1-brazil-BVBRC_genome_sequence,sequana_cpu_dev,2,11531971.0,1,10,100,484520,DENV_1-brazil-BVBRC_genome_sequence,9355.44,3498.38,12853.82,203.38,76.05,279.43,139.72,46.0, sdumont6166,604129.54
294.0,920,46,1649082.0,155724.0,150758.0,1655152.0,1853.44,4239.36,1853.44,4239.36,0.0,0,2.0,3.0,2n-1m-10th-100bs-484520s-DENV_1-brazil-BVBRC_genome_sequence,sequana_cpu_dev,2,11531976.0,1,10,100,484520,DENV_1-brazil-BVBRC_genome_sequence,9335.11,3478.06,12813.17,207.45,77.29,284.74,142.37,45.0, sdumont6166,589405.82
290.0,1180,59,1649008.0,155732.0,150680.0,1655148.0,1853.44,4239.36,1853.44,4239.36,1.0,0,3.0,6.0,2n-1m-10th-100bs-484520s-DENV_1-brazil-BVBRC_genome_sequence,sequana_cpu_dev,2,11531980.0,1,10,100,484520,DENV_1-brazil-BVBRC_genome_sequence,10174.85,3825.18,14000.02,199.51,75.0,274.51,137.26,51.0, sdumont6165,826001.18
292.0,960,48,1649090.0,156108.0,150850.0,1655168.0,1853.44,4239.36,1853.44,4239.36,1.0,0,2.0,3.0,2n-1m-10th-100bs-484520s-DENV_1-brazil-BVBRC_genome_sequence,sequana_cpu_dev,2,11531984.0,1,10,100,484520,DENV_1-brazil-BVBRC_genome_sequence,9495.14,3557.79,13052.94,202.02,75.7,277.72,138.86,47.0, sdumont6165,626541.12
291.0,980,49,1649090.0,158072.0,153866.0,1655168.0,1853.44,4239.36,1853.44,4239.36,1.0,0,2.0,4.0,2n-1m-10th-100bs-484520s-DENV_1-brazil-BVBRC_genome_sequence,sequana_cpu_dev,2,11531990.0,1,10,100,484520,DENV_1-brazil-BVBRC_genome_sequence,9734.68,3647.05,13381.73,202.81,75.98,278.79,139.39,48.0, sdumont6166,655704.77
352.0,1128,47,1784146.0,156024.0,150834.0,1790288.0,1853.44,4239.36,1853.44,4239.36,1.0,0,7.0,8.0,2n-1m-12th-100bs-484520s-DENV_1-brazil-BVBRC_genome_sequence,sequana_cpu_dev,2,11531992.0,1,12,100,484520,DENV_1-brazil-BVBRC_genome_sequence,9440.97,3490.85,12931.82,205.24,75.89,281.13,140.56,46.0, sdumont6166,607795.54
353.0,1104,46,1784134.0,155808.0,150792.0,1790288.0,1853.44,4239.36,1853.44,4239.36,1.0,0,3.0,5.0,2n-1m-12th-100bs-484520s-DENV_1-brazil-BVBRC_genome_sequence,sequana_cpu_dev,2,11531995.0,1,12,100,484520,DENV_1-brazil-BVBRC_genome_sequence,8990.74,3337.31,12328.04,199.79,74.16,273.96,136.98,45.0, sdumont6166,567089.8400000001
352.0,1104,46,1784204.0,155964.0,151890.0,1790428.0,1853.44,4239.36,1853.44,4239.36,1.0,0,2.0,2.0,2n-1m-12th-100bs-484520s-DENV_1-brazil-BVBRC_genome_sequence,sequana_cpu_dev,2,11531997.0,1,12,100,484520,DENV_1-brazil-BVBRC_genome_sequence,9302.08,3481.14,12783.21,206.71,77.36,284.07,142.04,45.0, sdumont6165,588027.6599999999
351.0,1128,47,1784140.0,162028.0,154946.0,1790288.0,1853.44,4239.36,1853.44,4239.36,1.0,0,3.0,5.0,2n-1m-12th-100bs-484520s-DENV_1-brazil-BVBRC_genome_sequence,sequana_cpu_dev,2,11531999.0,1,12,100,484520,DENV_1-brazil-BVBRC_genome_sequence,9499.72,3483.55,12983.27,206.52,75.73,282.25,141.12,46.0, sdumont6166,610213.6900000001
352.0,1104,46,1784138.0,157752.0,152846.0,1790284.0,1853.44,4239.36,1853.44,4239.36,1.0,0,2.0,3.0,2n-1m-12th-100bs-484520s-DENV_1-brazil-BVBRC_genome_sequence,sequana_cpu_dev,2,11532001.0,1,12,100,484520,DENV_1-brazil-BVBRC_genome_sequence,9028.59,3350.34,12378.93,200.64,74.45,275.09,137.54,45.0, sdumont6166,569430.78
2304.0,4696,1174,1234296.0,163152.0,155268.0,1364184.0,13035.52,4659.2,22589.44,4659.2,106246.0,0,376.0,377.0,2n-1m-2th-1000bs-484520s-DENV_1-brazil-BVBRC_genome_sequence,sequana_cpu,2,11532003.0,1,2,1000,484520,DENV_1-brazil-BVBRC_genome_sequence,151427.2,93311.03,244738.23,129.09,79.55,208.64,104.32,1173.0, sdumont6092,287322682.02000004
411.0,1288,46,1919290.0,156332.0,151962.0,1925352.0,1853.44,4239.36,1853.44,4239.36,1.0,0,5.0,5.0,2n-1m-14th-100bs-484520s-DENV_1-brazil-BVBRC_genome_sequence,sequana_cpu_dev,2,11532004.0,1,14,100,484520,DENV_1-brazil-BVBRC_genome_sequence,9117.64,3343.08,12460.72,202.61,74.29,276.9,138.45,45.0, sdumont6166,573193.12
2248.0,4660,1165,1236976.0,160860.0,155008.0,1363980.0,12738.56,4648.96,22046.72,4659.2,107290.0,0,0.0,0.0,2n-1m-2th-1000bs-484520s-DENV_1-brazil-BVBRC_genome_sequence,sequana_cpu,2,11532006.0,1,2,1000,484520,DENV_1-brazil-BVBRC_genome_sequence,151088.13,92915.56,244003.7,129.8,79.82,209.63,104.81,1164.0, sdumont6092,284264310.5
411.0,1260,45,1919206.0,158364.0,155062.0,1925352.0,1853.44,4239.36,1853.44,4239.36,1.0,0,10.0,13.0,2n-1m-14th-100bs-484520s-DENV_1-brazil-BVBRC_genome_sequence,sequana_cpu_dev,2,11532007.0,1,14,100,484520,DENV_1-brazil-BVBRC_genome_sequence,9045.43,3308.72,12354.15,205.58,75.2,280.78,140.39,44.0, sdumont6165,555936.75
2274.0,4796,1199,1224488.0,161444.0,155662.0,1332140.0,3471.36,4648.96,3471.36,4659.2,122431.0,0,375.0,376.0,2n-1m-2th-1000bs-484520s-DENV_1-brazil-BVBRC_genome_sequence,sequana_cpu,2,11532009.0,1,2,1000,484520,DENV_1-brazil-BVBRC_genome_sequence,156210.01,92293.26,248503.26,130.39,77.04,207.43,103.72,1198.0, sdumont6232,297955408.74
411.0,1260,45,1919200.0,157972.0,151884.0,1925344.0,1853.44,4239.36,1853.44,4239.36,1.0,0,7.0,10.0,2n-1m-14th-100bs-484520s-DENV_1-brazil-BVBRC_genome_sequence,sequana_cpu_dev,2,11532010.0,1,14,100,484520,DENV_1-brazil-BVBRC_genome_sequence,9094.53,3318.39,12412.92,211.5,77.17,288.67,144.34,43.0, sdumont6166,558581.4
2278.0,4800,1200,1113338.0,161388.0,154268.0,1122100.0,3471.36,4648.96,3481.6,4659.2,123486.0,0,0.0,0.0,2n-1m-2th-1000bs-484520s-DENV_1-brazil-BVBRC_genome_sequence,sequana_cpu,2,11532012.0,1,2,1000,484520,DENV_1-brazil-BVBRC_genome_sequence,156239.96,92482.87,248722.83,130.31,77.13,207.44,103.72,1199.0, sdumont6232,298467396.0
404.0,1316,47,1919198.0,156032.0,152192.0,1925344.0,1853.44,4239.36,1853.44,4239.36,1.0,0,4.0,5.0,2n-1m-14th-100bs-484520s-DENV_1-brazil-BVBRC_genome_sequence,sequana_cpu_dev,2,11532013.0,1,14,100,484520,DENV_1-brazil-BVBRC_genome_sequence,9490.19,3480.42,12970.61,208.62,76.46,285.08,142.54,45.5, sdumont6166,609618.67
2291.0,4752,1188,1227116.0,160324.0,154672.0,1344560.0,3481.6,4659.2,3481.6,4659.2,124529.0,0,0.0,0.0,2n-1m-2th-1000bs-484520s-DENV_1-brazil-BVBRC_genome_sequence,sequana_cpu,2,11532015.0,1,2,1000,484520,DENV_1-brazil-BVBRC_genome_sequence,155168.99,91585.09,246754.08,130.72,77.16,207.88,103.94,1187.0, sdumont6232,293143847.04
406.0,1288,46,1919192.0,157696.0,153128.0,1925340.0,1853.44,4239.36,1853.44,4239.36,3.0,0,21.0,34.0,2n-1m-14th-100bs-484520s-DENV_1-brazil-BVBRC_genome_sequence,sequana_cpu_dev,2,11532017.0,1,14,100,484520,DENV_1-brazil-BVBRC_genome_sequence,9979.24,4036.91,14016.15,221.76,89.71,311.47,155.73,45.0, sdumont6167,644742.9
2723.0,5568,696,1244406.0,163732.0,155698.0,1250552.0,2723.84,4648.96,2723.84,4648.96,125551.0,0,79.0,159.0,2n-1m-4th-1000bs-484520s-DENV_1-brazil-BVBRC_genome_sequence,sequana_cpu,2,11532018.0,1,4,1000,484520,DENV_1-brazil-BVBRC_genome_sequence,111855.8,53778.73,165634.53,160.94,77.38,238.32,119.16,695.0, sdumont6232,115281632.88
469.0,1472,46,2054484.0,158792.0,152358.0,2060724.0,1853.44,4239.36,1853.44,4239.36,1.0,0,8.0,10.0,2n-1m-16th-100bs-484520s-DENV_1-brazil-BVBRC_genome_sequence,sequana_cpu_dev,2,11532020.0,1,16,100,484520,DENV_1-brazil-BVBRC_genome_sequence,9640.46,3507.95,13148.41,214.23,77.95,292.19,146.09,45.0, sdumont6166,604826.86
2697.0,5696,712,1261566.0,162340.0,157368.0,1267708.0,14069.76,4638.72,14069.76,4638.72,125613.0,0,387.0,387.0,2n-1m-4th-1000bs-484520s-DENV_1-brazil-BVBRC_genome_sequence,sequana_cpu,2,11532021.0,1,4,1000,484520,DENV_1-brazil-BVBRC_genome_sequence,109481.18,55850.43,165331.61,153.98,78.55,232.53,116.27,711.0, sdumont6039,117716106.32
469.0,1536,48,2054444.0,158360.0,154278.0,2060588.0,1853.44,4239.36,1853.44,4239.36,1.0,0,11.0,15.0,2n-1m-16th-100bs-484520s-DENV_1-brazil-BVBRC_genome_sequence,sequana_cpu_dev,2,11532023.0,1,16,100,484520,DENV_1-brazil-BVBRC_genome_sequence,9683.2,3508.1,13191.3,210.5,76.26,286.77,143.38,46.0, sdumont6166,633182.3999999999
2696.0,5760,720,1244500.0,161800.0,155976.0,1250556.0,2723.84,4638.72,2723.84,4638.72,125433.0,0,194.0,388.0,2n-1m-4th-1000bs-484520s-DENV_1-brazil-BVBRC_genome_sequence,sequana_cpu,2,11532024.0,1,4,1000,484520,DENV_1-brazil-BVBRC_genome_sequence,111912.46,58111.63,170024.08,156.08,81.05,237.13,118.57,717.0, sdumont6072,122417337.6
467.0,1472,46,2054410.0,156352.0,152090.0,2060576.0,1853.44,4239.36,1853.44,4239.36,1.0,0,23.0,32.0,2n-1m-16th-100bs-484520s-DENV_1-brazil-BVBRC_genome_sequence,sequana_cpu_dev,2,11532026.0,1,16,100,484520,DENV_1-brazil-BVBRC_genome_sequence,9617.09,3501.68,13118.77,213.71,77.82,291.53,145.76,45.0, sdumont6165,603463.42
2702.0,5768,721,1247368.0,164716.0,156198.0,1256300.0,2723.84,4638.72,2723.84,4638.72,125789.0,0,0.0,1.0,2n-1m-4th-1000bs-484520s-DENV_1-brazil-BVBRC_genome_sequence,sequana_cpu,2,11532027.0,1,4,1000,484520,DENV_1-brazil-BVBRC_genome_sequence,114628.31,55420.07,170048.37,159.21,76.97,236.18,118.09,720.0, sdumont6233,122604874.77
467.0,1568,49,2054444.0,155968.0,150262.0,2060588.0,1853.44,4239.36,1853.44,4239.36,1.0,0,12.0,14.0,2n-1m-16th-100bs-484520s-DENV_1-brazil-BVBRC_genome_sequence,sequana_cpu_dev,2,11532028.0,1,16,100,484520,DENV_1-brazil-BVBRC_genome_sequence,10128.47,3675.7,13804.17,215.5,78.21,293.71,146.85,47.0, sdumont6166,676404.33
2719.0,5624,703,1263232.0,162464.0,158304.0,1267544.0,14069.76,4648.96,14069.76,4648.96,125804.0,0,0.0,0.0,2n-1m-4th-1000bs-484520s-DENV_1-brazil-BVBRC_genome_sequence,sequana_cpu,2,11532030.0,1,4,1000,484520,DENV_1-brazil-BVBRC_genome_sequence,108251.96,54929.6,163181.56,154.43,78.36,232.78,116.39,701.0, sdumont6039,114716636.68
463.0,1472,46,2054410.0,156376.0,150916.0,2060576.0,1853.44,4239.36,1853.44,4239.36,1.0,0,35.0,60.0,2n-1m-16th-100bs-484520s-DENV_1-brazil-BVBRC_genome_sequence,sequana_cpu_dev,2,11532031.0,1,16,100,484520,DENV_1-brazil-BVBRC_genome_sequence,9493.49,3487.55,12981.03,210.97,77.5,288.47,144.23,45.0, sdumont6166,597127.38
3196.0,6564,547,1496266.0,165860.0,159286.0,1613524.0,2478.08,4648.96,2488.32,4648.96,125657.0,0,0.0,0.0,2n-1m-6th-1000bs-484520s-DENV_1-brazil-BVBRC_genome_sequence,sequana_cpu,2,11532033.0,1,6,1000,484520,DENV_1-brazil-BVBRC_genome_sequence,100463.03,43839.38,144302.41,184.34,80.44,264.78,132.39,545.0, sdumont6072,78933418.27
527.0,1692,47,2189600.0,158136.0,154182.0,2195756.0,1853.44,4239.36,1853.44,4239.36,1.0,0,9.0,11.0,2n-1m-18th-100bs-484520s-DENV_1-brazil-BVBRC_genome_sequence,sequana_cpu_dev,2,11532034.0,1,18,100,484520,DENV_1-brazil-BVBRC_genome_sequence,9639.57,3497.45,13137.02,209.56,76.03,285.59,142.79,46.0, sdumont6166,617439.9400000001
3360.0,6852,571,1379126.0,162388.0,155908.0,1385364.0,2529.28,4648.96,2529.28,4648.96,125982.0,0,0.0,0.0,2n-1m-6th-1000bs-484520s-DENV_1-brazil-BVBRC_genome_sequence,sequana_cpu,2,11532036.0,1,6,1000,484520,DENV_1-brazil-BVBRC_genome_sequence,106191.65,43537.02,149728.68,186.3,76.38,262.68,131.34,570.0, sdumont6232,85495076.28
528.0,1692,47,2189586.0,156768.0,151408.0,2195736.0,1853.44,4239.36,1853.44,4239.36,1.0,0,12.0,14.0,2n-1m-18th-100bs-484520s-DENV_1-brazil-BVBRC_genome_sequence,sequana_cpu_dev,2,11532037.0,1,18,100,484520,DENV_1-brazil-BVBRC_genome_sequence,9700.2,3527.8,13227.99,210.87,76.69,287.57,143.78,46.0, sdumont6165,621715.53
3179.0,6780,565,1379258.0,162208.0,158018.0,1385460.0,2478.08,4628.48,2478.08,4628.48,125868.0,0,1.0,2.0,2n-1m-6th-1000bs-484520s-DENV_1-brazil-BVBRC_genome_sequence,sequana_cpu,2,11532039.0,1,6,1000,484520,DENV_1-brazil-BVBRC_genome_sequence,103465.88,45501.05,148966.94,183.45,80.68,264.13,132.06,564.0, sdumont6081,84166321.1
528.0,1728,48,2189582.0,156508.0,152134.0,2195740.0,1853.44,4239.36,1853.44,4239.36,1.0,0,8.0,9.0,2n-1m-18th-100bs-484520s-DENV_1-brazil-BVBRC_genome_sequence,sequana_cpu_dev,2,11532040.0,1,18,100,484520,DENV_1-brazil-BVBRC_genome_sequence,10078.87,3652.67,13731.54,214.44,77.72,292.16,146.08,47.0, sdumont6166,659113.92
3192.0,6588,549,1396164.0,168672.0,161646.0,1402280.0,11345.92,4648.96,11345.92,4648.96,125818.0,0,1.0,1.0,2n-1m-6th-1000bs-484520s-DENV_1-brazil-BVBRC_genome_sequence,sequana_cpu,2,11532042.0,1,6,1000,484520,DENV_1-brazil-BVBRC_genome_sequence,98765.73,42888.36,141654.09,180.23,78.26,258.49,129.25,548.0, sdumont6039,77768095.41
528.0,1692,47,2189588.0,158576.0,154362.0,2195740.0,1853.44,4239.36,1853.44,4239.36,1.0,0,8.0,12.0,2n-1m-18th-100bs-484520s-DENV_1-brazil-BVBRC_genome_sequence,sequana_cpu_dev,2,11532043.0,1,18,100,484520,DENV_1-brazil-BVBRC_genome_sequence,9706.45,3536.57,13243.03,211.01,76.88,287.89,143.95,46.0, sdumont6166,622422.41
3197.0,6588,549,1490528.0,161888.0,155768.0,1595704.0,2478.08,4648.96,2478.08,4648.96,126048.0,0,0.0,1.0,2n-1m-6th-1000bs-484520s-DENV_1-brazil-BVBRC_genome_sequence,sequana_cpu,2,11532045.0,1,6,1000,484520,DENV_1-brazil-BVBRC_genome_sequence,103154.77,42118.02,145272.79,188.24,76.86,265.1,132.55,548.0, sdumont6232,79754761.71000001
528.0,1728,48,2189602.0,156436.0,152390.0,2195756.0,1853.44,4239.36,1853.44,4239.36,1.0,0,10.0,17.0,2n-1m-18th-100bs-484520s-DENV_1-brazil-BVBRC_genome_sequence,sequana_cpu_dev,2,11532046.0,1,18,100,484520,DENV_1-brazil-BVBRC_genome_sequence,9833.12,3572.97,13406.09,209.22,76.02,285.24,142.62,47.0, sdumont6166,643492.3200000001
3802.0,7744,484,1514104.0,164108.0,157178.0,1520256.0,2385.92,4648.96,2385.92,4648.96,125933.0,0,3.0,4.0,2n-1m-8th-1000bs-484520s-DENV_1-brazil-BVBRC_genome_sequence,sequana_cpu,2,11532050.0,1,8,1000,484520,DENV_1-brazil-BVBRC_genome_sequence,98714.9,39125.52,137840.42,204.38,81.01,285.38,142.69,483.0, sdumont6072,66714763.28000001
586.0,1880,47,2324768.0,156364.0,153438.0,2330916.0,1853.44,4239.36,1853.44,4239.36,2.0,0,15.0,18.0,2n-1m-20th-100bs-484520s-DENV_1-brazil-BVBRC_genome_sequence,sequana_cpu_dev,2,11532052.0,1,20,100,484520,DENV_1-brazil-BVBRC_genome_sequence,9841.99,3484.6,13326.59,213.96,75.75,289.71,144.85,46.0, sdumont6165,626349.73
3797.0,7824,489,1514094.0,164248.0,157174.0,1520256.0,2396.16,4648.96,2396.16,4648.96,126240.0,0,1.0,3.0,2n-1m-8th-1000bs-484520s-DENV_1-brazil-BVBRC_genome_sequence,sequana_cpu,2,11532055.0,1,8,1000,484520,DENV_1-brazil-BVBRC_genome_sequence,100621.9,37313.14,137935.05,207.04,76.78,283.82,141.91,486.0, sdumont6232,67450239.44999999
585.0,1880,47,2324768.0,158344.0,153530.0,2330916.0,1853.44,4239.36,1853.44,4239.36,1.0,0,15.0,18.0,2n-1m-20th-100bs-484520s-DENV_1-brazil-BVBRC_genome_sequence,sequana_cpu_dev,2,11532056.0,1,20,100,484520,DENV_1-brazil-BVBRC_genome_sequence,9828.62,3454.77,13283.39,213.67,75.1,288.77,144.38,46.0, sdumont6165,624319.33
3798.0,7760,485,1522630.0,164240.0,157280.0,1525032.0,6328.32,4648.96,10260.48,4648.96,126060.0,0,0.0,1.0,2n-1m-8th-1000bs-484520s-DENV_1-brazil-BVBRC_genome_sequence,sequana_cpu,2,11532058.0,1,8,1000,484520,DENV_1-brazil-BVBRC_genome_sequence,94780.58,36354.35,131134.92,195.83,75.11,270.94,135.47,484.0, sdumont6072,63600436.2
584.0,2000,50,2216288.0,156524.0,152122.0,2331064.0,1843.2,4239.36,1853.44,4239.36,1.0,0,23.0,31.0,2n-1m-20th-100bs-484520s-DENV_1-brazil-BVBRC_genome_sequence,sequana_cpu_dev,2,11532059.0,1,20,100,484520,DENV_1-brazil-BVBRC_genome_sequence,10689.85,3767.37,14457.22,218.16,76.89,295.05,147.52,49.0, sdumont6166,722861.0
3782.0,7760,485,1514078.0,164484.0,159302.0,1520248.0,2396.16,4648.96,2396.16,4648.96,126390.0,0,3.0,4.0,2n-1m-8th-1000bs-484520s-DENV_1-brazil-BVBRC_genome_sequence,sequana_cpu,2,11532061.0,1,8,1000,484520,DENV_1-brazil-BVBRC_genome_sequence,100452.05,37324.56,137776.61,207.55,77.12,284.66,142.33,484.0, sdumont6232,66821655.85
586.0,1960,49,2324762.0,160688.0,154354.0,2330912.0,1853.44,4239.36,1853.44,4239.36,1.0,0,11.0,12.0,2n-1m-20th-100bs-484520s-DENV_1-brazil-BVBRC_genome_sequence,sequana_cpu_dev,2,11532062.0,1,20,100,484520,DENV_1-brazil-BVBRC_genome_sequence,10452.41,3674.59,14126.99,217.76,76.55,294.31,147.16,48.0, sdumont6166,692222.51
3796.0,8064,504,1522590.0,162524.0,157282.0,1537244.0,6420.48,4648.96,10444.8,4648.96,126210.0,0,2.0,4.0,2n-1m-8th-1000bs-484520s-DENV_1-brazil-BVBRC_genome_sequence,sequana_cpu,2,11532066.0,1,8,1000,484520,DENV_1-brazil-BVBRC_genome_sequence,94668.16,36444.65,131112.81,193.99,74.68,268.67,134.34,488.0, sdumont6072,66080856.24
585.0,1920,48,2324842.0,158288.0,153572.0,2331064.0,1853.44,4239.36,1853.44,4239.36,1.0,0,10.0,11.0,2n-1m-20th-100bs-484520s-DENV_1-brazil-BVBRC_genome_sequence,sequana_cpu_dev,2,11532067.0,1,20,100,484520,DENV_1-brazil-BVBRC_genome_sequence,10235.22,3585.13,13820.35,217.77,76.28,294.05,147.03,47.0, sdumont6166,663376.8
4428.0,9280,464,1657652.0,164812.0,158430.0,1672332.0,6123.52,4638.72,9902.08,4638.72,135368.0,0,209.0,419.0,2n-1m-10th-1000bs-484520s-DENV_1-brazil-BVBRC_genome_sequence,sequana_cpu,2,11532071.0,1,10,1000,484520,DENV_1-brazil-BVBRC_genome_sequence,100816.62,37572.18,138388.8,218.69,81.5,300.19,150.1,461.0, sdumont6053,64212403.2
643.0,2156,49,2459986.0,156768.0,152676.0,2466060.0,1853.44,4239.36,1853.44,4239.36,1.0,0,18.0,21.0,2n-1m-22th-100bs-484520s-DENV_1-brazil-BVBRC_genome_sequence,sequana_cpu_dev,2,11532072.0,1,22,100,484520,DENV_1-brazil-BVBRC_genome_sequence,10716.21,3654.0,14370.21,223.25,76.12,299.38,149.69,48.0, sdumont6165,704140.2899999999
4452.0,9080,454,1657640.0,162140.0,157364.0,1660016.0,6123.52,4648.96,9902.08,4648.96,135727.0,0,5.0,10.0,2n-1m-10th-1000bs-484520s-DENV_1-brazil-BVBRC_genome_sequence,sequana_cpu,2,11532074.0,1,10,1000,484520,DENV_1-brazil-BVBRC_genome_sequence,99186.68,36872.37,136059.05,218.96,81.4,300.35,150.18,453.0, sdumont6053,61770808.7
644.0,2112,48,2459820.0,160720.0,154610.0,2465872.0,1853.44,4239.36,1853.44,4239.36,1.0,0,19.0,21.0,2n-1m-22th-100bs-484520s-DENV_1-brazil-BVBRC_genome_sequence,sequana_cpu_dev,2,11532075.0,1,22,100,484520,DENV_1-brazil-BVBRC_genome_sequence,10268.87,3523.98,13792.86,218.49,74.98,293.47,146.73,47.0, sdumont6165,662057.28
4460.0,9080,454,1657682.0,170704.0,160690.0,1660016.0,6031.36,4648.96,9717.76,4648.96,136023.0,0,5.0,6.0,2n-1m-10th-1000bs-484520s-DENV_1-brazil-BVBRC_genome_sequence,sequana_cpu,2,11532078.0,1,10,1000,484520,DENV_1-brazil-BVBRC_genome_sequence,99296.93,36832.19,136129.12,219.2,81.31,300.51,150.25,453.0, sdumont6149,61802620.48
645.0,2464,56,2460060.0,160888.0,154682.0,2466208.0,1853.44,4239.36,1853.44,4239.36,1.0,0,21.0,25.0,2n-1m-22th-100bs-484520s-DENV_1-brazil-BVBRC_genome_sequence,sequana_cpu_dev,2,11532079.0,1,22,100,484520,DENV_1-brazil-BVBRC_genome_sequence,10305.83,3515.75,13821.58,219.27,74.8,294.08,147.04,47.0, sdumont6165,774008.48
4462.0,9040,452,1771838.0,165588.0,159158.0,1883496.0,6113.28,4648.96,9902.08,4648.96,136304.0,0,4.0,6.0,2n-1m-10th-1000bs-484520s-DENV_1-brazil-BVBRC_genome_sequence,sequana_cpu,2,11532081.0,1,10,1000,484520,DENV_1-brazil-BVBRC_genome_sequence,99455.28,36879.25,136334.53,220.52,81.77,302.29,151.15,451.0, sdumont6149,61623207.56
639.0,2156,49,2459996.0,158828.0,152590.0,2466060.0,1853.44,4239.36,1853.44,4239.36,1.0,0,18.0,19.0,2n-1m-22th-100bs-484520s-DENV_1-brazil-BVBRC_genome_sequence,sequana_cpu_dev,2,11532082.0,1,22,100,484520,DENV_1-brazil-BVBRC_genome_sequence,10741.84,3664.14,14405.99,228.55,77.96,306.51,153.26,47.0, sdumont6165,705893.51
630.0,2112,48,2465482.0,159920.0,156854.0,2694312.0,1843.2,4239.36,1843.2,4239.36,1.0,0,11.0,13.0,2n-1m-22th-100bs-484520s-DENV_1-brazil-BVBRC_genome_sequence,sequana_cpu_dev,2,11532084.0,1,22,100,484520,DENV_1-brazil-BVBRC_genome_sequence,10289.42,3503.9,13793.32,223.68,76.17,299.85,149.93,46.0, sdumont6165,662079.36
700.0,2592,54,2594894.0,158600.0,153340.0,2601040.0,1853.44,4239.36,1853.44,4239.36,1.0,0,13.0,15.0,2n-1m-24th-100bs-484520s-DENV_1-brazil-BVBRC_genome_sequence,sequana_cpu_dev,2,11532087.0,1,24,100,484520,DENV_1-brazil-BVBRC_genome_sequence,12314.24,4052.33,16366.58,232.34,76.46,308.8,154.4,53.0, sdumont6166,883795.32
702.0,2400,50,2594968.0,158440.0,153538.0,2601040.0,1853.44,4239.36,1853.44,4239.36,1.0,0,20.0,30.0,2n-1m-24th-100bs-484520s-DENV_1-brazil-BVBRC_genome_sequence,sequana_cpu_dev,2,11532089.0,1,24,100,484520,DENV_1-brazil-BVBRC_genome_sequence,11194.86,3723.31,14918.17,233.23,77.57,310.8,155.4,48.0, sdumont6165,745908.5
701.0,2400,50,2594894.0,160220.0,154250.0,2601040.0,1853.44,4239.36,1853.44,4239.36,1.0,0,18.0,20.0,2n-1m-24th-100bs-484520s-DENV_1-brazil-BVBRC_genome_sequence,sequana_cpu_dev,2,11532091.0,1,24,100,484520,DENV_1-brazil-BVBRC_genome_sequence,11253.93,3722.61,14976.54,229.67,75.97,305.64,152.82,49.0, sdumont6166,748827.0
702.0,2352,49,2594968.0,158412.0,153356.0,2601040.0,1853.44,4239.36,1853.44,4239.36,1.0,0,16.0,23.0,2n-1m-24th-100bs-484520s-DENV_1-brazil-BVBRC_genome_sequence,sequana_cpu_dev,2,11532093.0,1,24,100,484520,DENV_1-brazil-BVBRC_genome_sequence,11309.45,3750.53,15059.98,235.61,78.14,313.75,156.87,48.0, sdumont6165,737939.02
698.0,2496,52,2594894.0,160548.0,153482.0,2601040.0,1853.44,4239.36,1853.44,4239.36,3.0,0,26.0,41.0,2n-1m-24th-100bs-484520s-DENV_1-brazil-BVBRC_genome_sequence,sequana_cpu_dev,2,11532094.0,1,24,100,484520,DENV_1-brazil-BVBRC_genome_sequence,11631.54,3851.96,15483.5,230.34,76.32,306.66,153.33,50.5, sdumont6166,805142.0
1536.0,3276,63,2730144.0,162644.0,154548.0,2736216.0,2058.24,4249.6,2058.24,4259.84,1.0,0,13.0,21.0,2n-1m-26th-100bs-484520s-DENV_1-brazil-BVBRC_genome_sequence,sequana_cpu_dev,2,11532097.0,1,26,100,484520,DENV_1-brazil-BVBRC_genome_sequence,13936.95,6801.89,20738.84,224.79,109.71,334.5,167.25,62.0, sdumont6166,1306546.92
759.0,2912,56,2730240.0,156824.0,152564.0,2736368.0,1853.44,4229.12,1853.44,4239.36,1.0,0,16.0,19.0,2n-1m-26th-100bs-484520s-DENV_1-brazil-BVBRC_genome_sequence,sequana_cpu_dev,2,11532099.0,1,26,100,484520,DENV_1-brazil-BVBRC_genome_sequence,12320.77,6054.93,18375.7,224.01,110.09,334.1,167.05,55.0, sdumont6166,1029039.2
760.0,2860,55,2730152.0,158768.0,152512.0,2736376.0,1853.44,4229.12,1853.44,4239.36,1.0,0,16.0,18.0,2n-1m-26th-100bs-484520s-DENV_1-brazil-BVBRC_genome_sequence,sequana_cpu_dev,2,11532105.0,1,26,100,484520,DENV_1-brazil-BVBRC_genome_sequence,12340.44,6102.04,18442.49,228.53,113.0,341.53,170.76,54.0, sdumont6166,1014336.95
1536.0,3484,67,2844492.0,166608.0,157642.0,2964748.0,2058.24,4249.6,2058.24,4249.6,1.0,0,13.0,19.0,2n-1m-26th-100bs-484520s-DENV_1-brazil-BVBRC_genome_sequence,sequana_cpu_dev,2,11532109.0,1,26,100,484520,DENV_1-brazil-BVBRC_genome_sequence,15103.31,7241.78,22345.09,228.84,109.72,338.56,169.28,66.0, sdumont6166,1497121.03
1531.0,3536,68,2844344.0,158584.0,154606.0,2946908.0,2068.48,4249.6,2068.48,4259.84,4.0,0,11.0,13.0,2n-1m-26th-100bs-484520s-DENV_1-brazil-BVBRC_genome_sequence,sequana_cpu_dev,2,11532113.0,1,26,100,484520,DENV_1-brazil-BVBRC_genome_sequence,16261.01,8380.14,24641.14,246.38,126.97,373.35,186.68,66.0, sdumont6167,1675597.52
816.0,3360,60,2865444.0,159104.0,153806.0,2871664.0,1853.44,4229.12,1853.44,4229.12,1.0,0,24.0,28.0,2n-1m-28th-100bs-484520s-DENV_1-brazil-BVBRC_genome_sequence,sequana_cpu_dev,2,11532116.0,1,28,100,484520,DENV_1-brazil-BVBRC_genome_sequence,14029.6,8781.09,22810.69,237.79,148.83,386.62,193.31,59.0, sdumont6167,1368641.4
1653.0,3920,70,2868152.0,158680.0,153740.0,2877080.0,2058.24,4249.6,2058.24,4249.6,1.0,0,17.0,30.0,2n-1m-28th-100bs-484520s-DENV_1-brazil-BVBRC_genome_sequence,sequana_cpu_dev,2,11532118.0,1,28,100,484520,DENV_1-brazil-BVBRC_genome_sequence,15355.34,8982.15,24337.49,229.18,134.06,363.25,181.62,67.0, sdumont6165,1703624.3
815.0,3416,61,2865368.0,158708.0,152780.0,2871520.0,1853.44,4229.12,1853.44,4229.12,1.0,0,23.0,28.0,2n-1m-28th-100bs-484520s-DENV_1-brazil-BVBRC_genome_sequence,sequana_cpu_dev,2,11532120.0,1,28,100,484520,DENV_1-brazil-BVBRC_genome_sequence,13361.44,7984.44,21345.88,222.69,133.07,355.76,177.88,60.0, sdumont6165,1302098.6800000002
817.0,3360,60,2865372.0,158692.0,153874.0,2871520.0,1853.44,4229.12,1853.44,4229.12,1.0,0,23.0,27.0,2n-1m-28th-100bs-484520s-DENV_1-brazil-BVBRC_genome_sequence,sequana_cpu_dev,2,11532124.0,1,28,100,484520,DENV_1-brazil-BVBRC_genome_sequence,12922.92,7683.11,20606.03,226.72,134.79,361.51,180.75,57.0, sdumont6165,1236361.7999999998
817.0,3360,60,2865434.0,158756.0,153670.0,2871668.0,1853.44,4229.12,1853.44,4229.12,1.0,0,22.0,31.0,2n-1m-28th-100bs-484520s-DENV_1-brazil-BVBRC_genome_sequence,sequana_cpu_dev,2,11532128.0,1,28,100,484520,DENV_1-brazil-BVBRC_genome_sequence,13174.94,7821.97,20996.91,223.3,132.58,355.88,177.94,59.0, sdumont6165,1259814.6
873.0,3480,58,3000692.0,159072.0,153970.0,3006844.0,1853.44,4229.12,1853.44,4229.12,1.0,0,21.0,30.0,2n-1m-30th-100bs-484520s-DENV_1-brazil-BVBRC_genome_sequence,sequana_cpu_dev,2,11532131.0,1,30,100,484520,DENV_1-brazil-BVBRC_genome_sequence,12779.83,9008.22,21788.05,224.21,158.04,382.25,191.12,57.0, sdumont6166,1263706.9
1770.0,3840,64,3000618.0,159084.0,157962.0,3006696.0,2058.24,4249.6,2058.24,4259.84,1.0,0,23.0,24.0,2n-1m-30th-100bs-484520s-DENV_1-brazil-BVBRC_genome_sequence,sequana_cpu_dev,2,11532133.0,1,30,100,484520,DENV_1-brazil-BVBRC_genome_sequence,13947.98,9761.8,23709.79,224.97,157.45,382.42,191.21,62.0, sdumont6166,1517426.56
1770.0,3900,65,3000634.0,159304.0,154184.0,3006696.0,2058.24,4249.6,2058.24,4259.84,1.0,0,16.0,22.0,2n-1m-30th-100bs-484520s-DENV_1-brazil-BVBRC_genome_sequence,sequana_cpu_dev,2,11532135.0,1,30,100,484520,DENV_1-brazil-BVBRC_genome_sequence,14391.05,9982.38,24373.43,224.86,155.97,380.83,190.42,64.0, sdumont6166,1584272.95
1769.0,3780,63,3000608.0,159276.0,152994.0,3006824.0,2058.24,4249.6,2058.24,4259.84,1.0,0,10.0,11.0,2n-1m-30th-100bs-484520s-DENV_1-brazil-BVBRC_genome_sequence,sequana_cpu_dev,2,11532137.0,1,30,100,484520,DENV_1-brazil-BVBRC_genome_sequence,13917.08,9697.16,23614.24,224.47,156.41,380.87,190.44,62.0, sdumont6166,1487697.12
875.0,3600,60,3000540.0,158992.0,153856.0,3006688.0,1853.44,4229.12,1853.44,4229.12,1.0,0,24.0,26.0,2n-1m-30th-100bs-484520s-DENV_1-brazil-BVBRC_genome_sequence,sequana_cpu_dev,2,11532140.0,1,30,100,484520,DENV_1-brazil-BVBRC_genome_sequence,13420.69,9830.29,23250.99,231.39,169.49,400.88,200.44,58.0, sdumont6168,1395059.4
1888.0,4096,64,3135736.0,158884.0,153914.0,3141744.0,2058.24,4249.6,2058.24,4249.6,1.0,0,27.0,33.0,2n-1m-32th-100bs-484520s-DENV_1-brazil-BVBRC_genome_sequence,sequana_cpu_dev,2,11532142.0,1,32,100,484520,DENV_1-brazil-BVBRC_genome_sequence,14077.14,11065.87,25143.0,223.45,175.65,399.1,199.55,63.0, sdumont6166,1609152.0
1887.0,4224,66,3135810.0,161068.0,156100.0,3141892.0,2058.24,4249.6,2058.24,4259.84,1.0,0,25.0,26.0,2n-1m-32th-100bs-484520s-DENV_1-brazil-BVBRC_genome_sequence,sequana_cpu_dev,2,11532144.0,1,32,100,484520,DENV_1-brazil-BVBRC_genome_sequence,14741.56,11518.59,26260.15,226.79,177.21,404.0,202.0,65.0, sdumont6165,1733169.9
1887.0,3968,62,3135808.0,161408.0,155332.0,3141892.0,2058.24,4259.84,2058.24,4259.84,1.0,0,30.0,42.0,2n-1m-32th-100bs-484520s-DENV_1-brazil-BVBRC_genome_sequence,sequana_cpu_dev,2,11532146.0,1,32,100,484520,DENV_1-brazil-BVBRC_genome_sequence,13761.24,10862.73,24623.97,225.59,178.08,403.67,201.84,61.0, sdumont6166,1526686.14
1887.0,4288,67,3135762.0,160952.0,154950.0,3141748.0,2058.24,4249.6,2058.24,4249.6,4.0,0,15.0,16.0,2n-1m-32th-100bs-484520s-DENV_1-brazil-BVBRC_genome_sequence,sequana_cpu_dev,2,11532149.0,1,32,100,484520,DENV_1-brazil-BVBRC_genome_sequence,15462.14,12347.99,27810.13,234.27,187.09,421.37,210.68,66.0, sdumont6167,1863278.71
1889.0,4352,68,3135674.0,163088.0,156848.0,3141748.0,2058.24,4249.6,2058.24,4249.6,1.0,0,20.0,32.0,2n-1m-32th-100bs-484520s-DENV_1-brazil-BVBRC_genome_sequence,sequana_cpu_dev,2,11532151.0,1,32,100,484520,DENV_1-brazil-BVBRC_genome_sequence,15811.78,12620.4,28432.18,239.57,191.22,430.79,215.4,66.0, sdumont6167,1933388.24
2003.0,4556,67,3270972.0,163380.0,156196.0,3277040.0,2058.24,4249.6,2058.24,4259.84,1.0,0,15.0,16.0,2n-1m-34th-100bs-484520s-DENV_1-brazil-BVBRC_genome_sequence,sequana_cpu_dev,2,11532153.0,1,34,100,484520,DENV_1-brazil-BVBRC_genome_sequence,15297.11,13379.68,28676.78,237.26,207.44,444.71,222.35,64.5, sdumont6168,1921344.26
2000.0,4420,65,3382450.0,165368.0,157286.0,3500008.0,2058.24,4249.6,2068.48,4249.6,1.0,0,32.0,52.0,2n-1m-34th-100bs-484520s-DENV_1-brazil-BVBRC_genome_sequence,sequana_cpu_dev,2,11532156.0,1,34,100,484520,DENV_1-brazil-BVBRC_genome_sequence,14199.34,12156.76,26356.11,221.86,189.95,411.81,205.91,64.0, sdumont6166,1713147.15
2006.0,4420,65,3270970.0,161676.0,155446.0,3277184.0,2058.24,4249.6,2058.24,4249.6,1.0,0,24.0,25.0,2n-1m-34th-100bs-484520s-DENV_1-brazil-BVBRC_genome_sequence,sequana_cpu_dev,2,11532158.0,1,34,100,484520,DENV_1-brazil-BVBRC_genome_sequence,14332.83,12221.74,26554.58,223.95,190.96,414.92,207.46,64.0, sdumont6166,1726047.7000000002
2006.0,4556,67,3271046.0,159456.0,156432.0,3277040.0,2068.48,4249.6,2078.72,4249.6,1.0,0,25.0,33.0,2n-1m-34th-100bs-484520s-DENV_1-brazil-BVBRC_genome_sequence,sequana_cpu_dev,2,11532160.0,1,34,100,484520,DENV_1-brazil-BVBRC_genome_sequence,14814.6,12585.25,27399.85,224.46,190.69,415.15,207.57,66.0, sdumont6165,1835789.95
2002.0,4352,64,3270898.0,159752.0,154320.0,3277040.0,2058.24,4249.6,2058.24,4259.84,1.0,0,18.0,25.0,2n-1m-34th-100bs-484520s-DENV_1-brazil-BVBRC_genome_sequence,sequana_cpu_dev,2,11532163.0,1,34,100,484520,DENV_1-brazil-BVBRC_genome_sequence,14523.97,12733.47,27257.44,234.26,205.38,439.64,219.82,62.0, sdumont6167,1744476.16
2122.0,4464,62,3406074.0,159448.0,154240.0,3412216.0,2058.24,4259.84,2058.24,4259.84,1.0,0,25.0,28.0,2n-1m-36th-100bs-484520s-DENV_1-brazil-BVBRC_genome_sequence,sequana_cpu_dev,2,11532165.0,1,36,100,484520,DENV_1-brazil-BVBRC_genome_sequence,14262.45,12845.81,27108.26,237.71,214.1,451.8,225.9,60.0, sdumont6168,1680712.12
1048.0,4392,61,3406224.0,159072.0,154268.0,3412368.0,1853.44,4229.12,1853.44,4229.12,1.0,0,30.0,35.0,2n-1m-36th-100bs-484520s-DENV_1-brazil-BVBRC_genome_sequence,sequana_cpu_dev,2,11532167.0,1,36,100,484520,DENV_1-brazil-BVBRC_genome_sequence,13962.3,12552.46,26514.76,236.65,212.75,449.4,224.7,59.0, sdumont6167,1617400.36
2122.0,4752,66,3406224.0,161436.0,155334.0,3412372.0,2058.24,4249.6,2058.24,4249.6,1.0,0,28.0,36.0,2n-1m-36th-100bs-484520s-DENV_1-brazil-BVBRC_genome_sequence,sequana_cpu_dev,2,11532169.0,1,36,100,484520,DENV_1-brazil-BVBRC_genome_sequence,15016.67,13511.15,28527.82,232.75,209.5,442.25,221.12,64.5, sdumont6167,1882836.12
2122.0,4896,68,3406152.0,159172.0,154352.0,3412368.0,2058.24,4249.6,2058.24,4249.6,1.0,0,18.0,24.0,2n-1m-36th-100bs-484520s-DENV_1-brazil-BVBRC_genome_sequence,sequana_cpu_dev,2,11532172.0,1,36,100,484520,DENV_1-brazil-BVBRC_genome_sequence,15594.77,13831.23,29426.0,236.28,209.56,445.85,222.92,66.0, sdumont6168,2000968.0
2120.0,5184,72,3520188.0,162516.0,155856.0,3640452.0,2068.48,4249.6,2078.72,4249.6,1.0,0,16.0,19.0,2n-1m-36th-100bs-484520s-DENV_1-brazil-BVBRC_genome_sequence,sequana_cpu_dev,2,11532174.0,1,36,100,484520,DENV_1-brazil-BVBRC_genome_sequence,15982.65,13995.21,29977.87,225.11,197.12,422.22,211.11,71.0, sdumont6166,2158406.64
2241.0,5016,66,3541320.0,161472.0,155334.0,3547544.0,2058.24,4249.6,2058.24,4249.6,1.0,0,20.0,22.0,2n-1m-38th-100bs-484520s-DENV_1-brazil-BVBRC_genome_sequence,sequana_cpu_dev,2,11532177.0,1,38,100,484520,DENV_1-brazil-BVBRC_genome_sequence,14437.52,12928.26,27365.78,222.12,198.9,421.01,210.51,65.0, sdumont6165,1806141.48
2208.0,5776,76,3655420.0,159756.0,156532.0,3763284.0,2058.24,4249.6,2058.24,4249.6,1.0,0,38.0,41.0,2n-1m-38th-100bs-484520s-DENV_1-brazil-BVBRC_genome_sequence,sequana_cpu_dev,2,11532180.0,1,38,100,484520,DENV_1-brazil-BVBRC_genome_sequence,16528.74,14686.25,31215.0,226.42,201.18,427.6,213.8,73.0, sdumont6166,2372340.0
2240.0,5092,67,3541318.0,159712.0,155520.0,3547544.0,2058.24,4249.6,2058.24,4249.6,1.0,0,35.0,46.0,2n-1m-38th-100bs-484520s-DENV_1-brazil-BVBRC_genome_sequence,sequana_cpu_dev,2,11532184.0,1,38,100,484520,DENV_1-brazil-BVBRC_genome_sequence,14691.66,13112.26,27803.92,224.34,200.2,424.54,212.27,65.5, sdumont6166,1862862.64
2242.0,4712,62,3541318.0,161500.0,156662.0,3547396.0,2058.24,4259.84,2058.24,4259.84,1.0,0,25.0,33.0,2n-1m-38th-100bs-484520s-DENV_1-brazil-BVBRC_genome_sequence,sequana_cpu_dev,2,11532186.0,1,38,100,484520,DENV_1-brazil-BVBRC_genome_sequence,13195.43,11816.53,25011.96,218.11,195.35,413.46,206.73,60.5, sdumont6166,1550741.52
2239.0,5244,69,3541320.0,161616.0,155390.0,3547396.0,2058.24,4249.6,2058.24,4249.6,1.0,0,30.0,41.0,2n-1m-38th-100bs-484520s-DENV_1-brazil-BVBRC_genome_sequence,sequana_cpu_dev,2,11532189.0,1,38,100,484520,DENV_1-brazil-BVBRC_genome_sequence,15257.06,13643.06,28900.12,226.06,202.12,428.19,214.09,67.5, sdumont6166,1994108.28
2356.0,5840,73,3676438.0,161864.0,155490.0,3682580.0,2058.24,4249.6,2058.24,4249.6,4.0,0,19.0,27.0,2n-1m-40th-100bs-484520s-DENV_1-brazil-BVBRC_genome_sequence,sequana_cpu_dev,2,11532191.0,1,40,100,484520,DENV_1-brazil-BVBRC_genome_sequence,16735.75,15469.07,32204.82,235.71,217.87,453.59,226.79,71.0, sdumont6168,2350951.86
2356.0,5440,68,3676588.0,166192.0,157830.0,3682732.0,2058.24,4249.6,2058.24,4249.6,4.0,0,22.0,23.0,2n-1m-40th-100bs-484520s-DENV_1-brazil-BVBRC_genome_sequence,sequana_cpu_dev,2,11532193.0,1,40,100,484520,DENV_1-brazil-BVBRC_genome_sequence,15951.15,14769.58,30720.73,238.08,220.44,458.52,229.26,67.0, sdumont6167,2089009.64
2358.0,5520,69,3676510.0,163888.0,157744.0,3682724.0,2058.24,4249.6,2058.24,4249.6,1.0,0,22.0,23.0,2n-1m-40th-100bs-484520s-DENV_1-brazil-BVBRC_genome_sequence,sequana_cpu_dev,2,11532194.0,1,40,100,484520,DENV_1-brazil-BVBRC_genome_sequence,14727.44,13498.39,28225.83,219.88,201.49,421.38,210.69,67.0, sdumont6166,1947582.27
2357.0,5680,71,3676582.0,159736.0,155416.0,3682728.0,2058.24,4249.6,2058.24,4249.6,1.0,0,25.0,32.0,2n-1m-40th-100bs-484520s-DENV_1-brazil-BVBRC_genome_sequence,sequana_cpu_dev,2,11532197.0,1,40,100,484520,DENV_1-brazil-BVBRC_genome_sequence,15974.2,14519.8,30493.99,229.88,208.92,438.81,219.4,69.5, sdumont6166,2165073.29
2322.0,5520,69,3676508.0,159488.0,155610.0,3682724.0,2058.24,4249.6,2058.24,4249.6,1.0,0,32.0,41.0,2n-1m-40th-100bs-484520s-DENV_1-brazil-BVBRC_genome_sequence,sequana_cpu_dev,2,11532199.0,1,40,100,484520,DENV_1-brazil-BVBRC_genome_sequence,15008.8,13700.7,28709.5,222.4,203.0,425.41,212.7,67.5, sdumont6165,1980955.5
2474.0,5544,66,3811760.0,160204.0,156910.0,3817908.0,2058.24,4249.6,2058.24,4249.6,1.0,0,23.0,30.0,2n-1m-42th-100bs-484520s-DENV_1-brazil-BVBRC_genome_sequence,sequana_cpu_dev,2,11532200.0,1,42,100,484520,DENV_1-brazil-BVBRC_genome_sequence,14176.28,12956.12,27132.4,219.79,200.84,420.63,210.31,64.5, sdumont6165,1790738.4
2471.0,6300,75,3811684.0,160192.0,155824.0,3817904.0,2058.24,4249.6,2058.24,4249.6,1.0,0,23.0,29.0,2n-1m-42th-100bs-484520s-DENV_1-brazil-BVBRC_genome_sequence,sequana_cpu_dev,2,11532202.0,1,42,100,484520,DENV_1-brazil-BVBRC_genome_sequence,16376.07,15000.27,31376.34,224.33,205.48,429.81,214.91,73.0, sdumont6165,2353225.5
2471.0,5964,71,3811684.0,159924.0,154622.0,3817756.0,2058.24,4249.6,2058.24,4249.6,1.0,0,29.0,38.0,2n-1m-42th-100bs-484520s-DENV_1-brazil-BVBRC_genome_sequence,sequana_cpu_dev,2,11532204.0,1,42,100,484520,DENV_1-brazil-BVBRC_genome_sequence,15778.3,14387.44,30165.75,227.04,207.01,434.05,217.02,69.5, sdumont6165,2141768.25
2474.0,6300,75,3811760.0,160324.0,155802.0,3818048.0,2068.48,4249.6,2078.72,4249.6,1.0,0,29.0,33.0,2n-1m-42th-100bs-484520s-DENV_1-brazil-BVBRC_genome_sequence,sequana_cpu_dev,2,11532207.0,1,42,100,484520,DENV_1-brazil-BVBRC_genome_sequence,16435.91,15089.98,31525.89,226.74,208.13,434.87,217.44,72.5, sdumont6165,2364441.75
2477.0,5544,66,3811686.0,161928.0,155702.0,3817760.0,2058.24,4249.6,2058.24,4249.6,1.0,0,25.0,29.0,2n-1m-42th-100bs-484520s-DENV_1-brazil-BVBRC_genome_sequence,sequana_cpu_dev,2,11532209.0,1,42,100,484520,DENV_1-brazil-BVBRC_genome_sequence,14283.86,13121.92,27405.78,221.48,203.43,424.91,212.45,64.5, sdumont6166,1808781.48
2592.0,6600,75,3949582.0,159940.0,154890.0,3952952.0,2058.24,4249.6,2068.48,4249.6,1.0,0,34.0,49.0,2n-1m-44th-100bs-484520s-DENV_1-brazil-BVBRC_genome_sequence,sequana_cpu_dev,2,11532211.0,1,44,100,484520,DENV_1-brazil-BVBRC_genome_sequence,16546.1,15845.8,32391.9,225.17,215.62,440.79,220.4,73.5, sdumont6166,2429392.5
2563.0,6776,77,3946940.0,160076.0,156802.0,3953088.0,2058.24,4249.6,2058.24,4249.6,1.0,0,43.0,64.0,2n-1m-44th-100bs-484520s-DENV_1-brazil-BVBRC_genome_sequence,sequana_cpu_dev,2,11532214.0,1,44,100,484520,DENV_1-brazil-BVBRC_genome_sequence,16612.98,15876.55,32489.54,221.51,211.69,433.19,216.6,75.0, sdumont6165,2501694.58
2591.0,6600,75,3946864.0,162084.0,155758.0,3952940.0,2058.24,4249.6,2058.24,4249.6,1.0,0,32.0,40.0,2n-1m-44th-100bs-484520s-DENV_1-brazil-BVBRC_genome_sequence,sequana_cpu_dev,2,11532215.0,1,44,100,484520,DENV_1-brazil-BVBRC_genome_sequence,16108.04,15437.28,31545.32,222.17,212.95,435.12,217.56,72.5, sdumont6165,2365899.0
2592.0,6160,70,3946874.0,161700.0,156778.0,3952952.0,2058.24,4249.6,2058.24,4249.6,1.0,0,19.0,22.0,2n-1m-44th-100bs-484520s-DENV_1-brazil-BVBRC_genome_sequence,sequana_cpu_dev,2,11532217.0,1,44,100,484520,DENV_1-brazil-BVBRC_genome_sequence,15149.13,14398.94,29548.07,221.18,210.19,431.37,215.69,68.5, sdumont6166,2068364.9
2593.0,6160,70,3947016.0,164228.0,157128.0,3953248.0,2058.24,4249.6,2058.24,4249.6,0.0,0,27.0,31.0,2n-1m-44th-100bs-484520s-DENV_1-brazil-BVBRC_genome_sequence,sequana_cpu_dev,2,11532219.0,1,44,100,484520,DENV_1-brazil-BVBRC_genome_sequence,15180.12,14432.63,29612.74,220.0,209.17,429.17,214.59,69.0, sdumont6165,2072891.8
2708.0,7360,80,4081952.0,161464.0,156740.0,4088064.0,2058.24,4249.6,2058.24,4249.6,1.0,0,33.0,41.0,2n-1m-46th-100bs-484520s-DENV_1-brazil-BVBRC_genome_sequence,sequana_cpu_dev,2,11532222.0,1,46,100,484520,DENV_1-brazil-BVBRC_genome_sequence,17665.09,17422.48,35087.57,226.48,223.37,449.84,224.92,78.0, sdumont6166,2807005.6
2706.0,7268,79,4084728.0,160428.0,155830.0,4093836.0,2058.24,4249.6,2058.24,4249.6,1.0,0,31.0,42.0,2n-1m-46th-100bs-484520s-DENV_1-brazil-BVBRC_genome_sequence,sequana_cpu_dev,2,11532224.0,1,46,100,484520,DENV_1-brazil-BVBRC_genome_sequence,17420.95,17109.3,34530.24,229.22,225.12,454.35,227.17,76.0, sdumont6165,2727888.96
2660.0,7084,77,4082020.0,162380.0,157866.0,4088272.0,2058.24,4249.6,2058.24,4249.6,1.0,0,27.0,30.0,2n-1m-46th-100bs-484520s-DENV_1-brazil-BVBRC_genome_sequence,sequana_cpu_dev,2,11532226.0,1,46,100,484520,DENV_1-brazil-BVBRC_genome_sequence,16655.21,16322.39,32977.6,225.07,220.57,445.64,222.82,74.0, sdumont6166,2539275.2
2709.0,6992,76,4081948.0,160120.0,155662.0,4088128.0,2058.24,4249.6,2058.24,4249.6,1.0,0,28.0,31.0,2n-1m-46th-100bs-484520s-DENV_1-brazil-BVBRC_genome_sequence,sequana_cpu_dev,2,11532229.0,1,46,100,484520,DENV_1-brazil-BVBRC_genome_sequence,16719.87,16515.23,33235.11,225.94,223.18,449.12,224.56,74.0, sdumont6166,2525868.36
2707.0,7176,78,4081962.0,160308.0,155736.0,4088152.0,2068.48,4249.6,2078.72,4249.6,1.0,0,30.0,31.0,2n-1m-46th-100bs-484520s-DENV_1-brazil-BVBRC_genome_sequence,sequana_cpu_dev,2,11532231.0,1,46,100,484520,DENV_1-brazil-BVBRC_genome_sequence,16822.09,16687.53,33509.62,221.34,219.57,440.92,220.46,76.0, sdumont6165,2613750.3600000003
2796.0,11616,121,4219952.0,162156.0,157768.0,4228868.0,2058.24,4249.6,2058.24,4249.6,1.0,0,27.0,32.0,2n-1m-48th-100bs-484520s-DENV_1-brazil-BVBRC_genome_sequence,sequana_cpu_dev,2,11532233.0,1,48,100,484520,DENV_1-brazil-BVBRC_genome_sequence,17561.82,18060.2,35622.02,225.15,231.54,456.69,228.35,78.0, sdumont6166,4310264.42
2819.0,7296,76,4219888.0,161512.0,155740.0,4228888.0,2058.24,4249.6,2068.48,4249.6,3.0,0,31.0,42.0,2n-1m-48th-100bs-484520s-DENV_1-brazil-BVBRC_genome_sequence,sequana_cpu_dev,2,11532236.0,1,48,100,484520,DENV_1-brazil-BVBRC_genome_sequence,17325.77,17833.45,35159.22,237.34,244.29,481.63,240.82,73.0, sdumont6167,2672100.72
2818.0,8448,88,4217096.0,162364.0,155820.0,4223304.0,2068.48,4239.36,2078.72,4249.6,3.0,0,37.0,39.0,2n-1m-48th-100bs-484520s-DENV_1-brazil-BVBRC_genome_sequence,sequana_cpu_dev,2,11532238.0,1,48,100,484520,DENV_1-brazil-BVBRC_genome_sequence,20431.56,21226.1,41657.66,237.58,246.82,484.39,242.2,86.0, sdumont6168,3665874.08
2822.0,7776,81,4217172.0,159828.0,155112.0,4223328.0,2058.24,4249.6,2058.24,4249.6,3.0,0,41.0,45.0,2n-1m-48th-100bs-484520s-DENV_1-brazil-BVBRC_genome_sequence,sequana_cpu_dev,2,11532242.0,1,48,100,484520,DENV_1-brazil-BVBRC_genome_sequence,19151.59,19839.03,38990.62,239.39,247.99,487.38,243.69,80.0, sdumont6168,3158240.22
2818.0,8544,89,4217100.0,166632.0,158960.0,4223312.0,2068.48,4249.6,2078.72,4249.6,3.0,0,30.0,33.0,2n-1m-48th-100bs-484520s-DENV_1-brazil-BVBRC_genome_sequence,sequana_cpu_dev,2,11532245.0,1,48,100,484520,DENV_1-brazil-BVBRC_genome_sequence,20947.94,21784.75,42732.7,240.78,250.4,491.18,245.59,87.0, sdumont6168,3803210.3
88.0,488,61,909036.0,157108.0,148818.0,1137348.0,1863.68,4249.6,2232.32,4311.04,4.0,0,0.0,0.0,2n-2m-2th-100bs-484520s-DENV_1-brazil-BVBRC_genome_sequence,sequana_cpu_dev,2,11532247.0,2,2,100,484520,DENV_1-brazil-BVBRC_genome_sequence,7582.08,8044.67,15626.76,126.37,134.08,260.45,130.22,60.0, sdumont6168,953232.36
88.0,488,61,909017.0,154928.0,148369.0,1133040.0,1914.88,4249.6,2222.08,4311.04,1.0,0,0.0,0.0,2n-2m-2th-100bs-484520s-DENV_1-brazil-BVBRC_genome_sequence,sequana_cpu_dev,2,11532249.0,2,2,100,484520,DENV_1-brazil-BVBRC_genome_sequence,6829.68,7250.42,14080.1,113.83,120.84,234.67,117.33,60.0, sdumont6166,858886.1
117.0,504,63,966049.0,154612.0,148557.0,1353220.0,1925.12,4249.6,2242.56,4311.04,1.0,0,0.0,0.0,2n-2m-2th-100bs-484520s-DENV_1-brazil-BVBRC_genome_sequence,sequana_cpu_dev,2,11532251.0,2,2,100,484520,DENV_1-brazil-BVBRC_genome_sequence,7036.46,7474.9,14511.36,113.49,120.56,234.05,117.03,62.0, sdumont6166,914215.68
88.0,488,61,908995.0,155008.0,148796.0,1137228.0,1802.24,4229.12,1873.92,4239.36,1.0,0,0.0,0.0,2n-2m-2th-100bs-484520s-DENV_1-brazil-BVBRC_genome_sequence,sequana_cpu_dev,2,11532254.0,2,2,100,484520,DENV_1-brazil-BVBRC_genome_sequence,6807.44,7245.57,14053.01,113.46,120.76,234.22,117.11,60.0, sdumont6166,857233.61
73.0,488,61,908990.0,155128.0,148331.0,1133060.0,1914.88,4249.6,2232.32,4311.04,1.0,0,0.0,0.0,2n-2m-2th-100bs-484520s-DENV_1-brazil-BVBRC_genome_sequence,sequana_cpu_dev,2,11532256.0,2,2,100,484520,DENV_1-brazil-BVBRC_genome_sequence,6856.98,7297.62,14154.6,116.22,123.69,239.91,119.95,59.0, sdumont6166,863430.6
134.0,656,41,1043099.0,155268.0,148760.0,1266984.0,1832.96,4249.6,2109.44,4311.04,1.0,0,0.0,2.0,2n-2m-4th-100bs-484520s-DENV_1-brazil-BVBRC_genome_sequence,sequana_cpu_dev,2,11532258.0,2,4,100,484520,DENV_1-brazil-BVBRC_genome_sequence,5641.64,5951.82,11593.46,141.04,148.8,289.84,144.92,40.0, sdumont6165,475331.86
128.0,592,37,1098074.0,157384.0,149352.0,1486736.0,1832.96,4249.6,2068.48,4311.04,1.0,0,0.0,1.0,2n-2m-4th-100bs-484520s-DENV_1-brazil-BVBRC_genome_sequence,sequana_cpu_dev,2,11532260.0,2,4,100,484520,DENV_1-brazil-BVBRC_genome_sequence,5157.71,5425.47,10583.19,143.27,150.71,293.98,146.99,36.0, sdumont6166,391578.03
129.0,608,38,1043057.0,155196.0,149127.0,1266984.0,1832.96,4249.6,2068.48,4311.04,1.0,0,0.0,1.0,2n-2m-4th-100bs-484520s-DENV_1-brazil-BVBRC_genome_sequence,sequana_cpu_dev,2,11532263.0,2,4,100,484520,DENV_1-brazil-BVBRC_genome_sequence,5124.82,5396.4,10521.22,138.51,145.85,284.36,142.18,37.0, sdumont6165,399806.36
122.0,592,37,1043050.0,157284.0,149217.0,1266984.0,1853.44,4249.6,2078.72,4311.04,1.0,0,4.0,18.0,2n-2m-4th-100bs-484520s-DENV_1-brazil-BVBRC_genome_sequence,sequana_cpu_dev,2,11532265.0,2,4,100,484520,DENV_1-brazil-BVBRC_genome_sequence,5133.32,5386.18,10519.5,142.59,149.62,292.21,146.1,36.0, sdumont6166,389221.5
127.0,576,36,1043106.0,155560.0,148878.0,1266980.0,1832.96,4249.6,2048.0,4311.04,0.0,0,0.0,0.0,2n-2m-4th-100bs-484520s-DENV_1-brazil-BVBRC_genome_sequence,sequana_cpu_dev,2,11532266.0,2,4,100,484520,DENV_1-brazil-BVBRC_genome_sequence,4819.88,5093.16,9913.05,137.71,145.52,283.23,141.61,35.0, sdumont6165,356869.8
41.0,720,30,544281.0,145368.0,38735.0,1381068.0,931.84,2140.16,2007.04,4311.04,1.0,0,0.0,0.0,2n-2m-6th-100bs-484520s-DENV_1-brazil-BVBRC_genome_sequence,sequana_cpu_dev,2,11532270.0,2,6,100,484520,DENV_1-brazil-BVBRC_genome_sequence,4600.2,4779.99,9380.19,158.63,164.83,323.45,161.73,29.0, sdumont6165,281405.7
41.0,696,29,591331.0,141184.0,38126.0,1381008.0,993.28,2140.16,2007.04,4311.04,1.0,0,0.0,0.0,2n-2m-6th-100bs-484520s-DENV_1-brazil-BVBRC_genome_sequence,sequana_cpu_dev,2,11532272.0,2,6,100,484520,DENV_1-brazil-BVBRC_genome_sequence,4506.0,4667.26,9173.26,160.93,166.69,327.62,163.81,28.0, sdumont6165,266024.54
40.0,720,30,591340.0,141152.0,38108.0,1381044.0,1003.52,2140.16,2007.04,4311.04,4.0,0,0.0,1.0,2n-2m-6th-100bs-484520s-DENV_1-brazil-BVBRC_genome_sequence,sequana_cpu_dev,2,11532275.0,2,6,100,484520,DENV_1-brazil-BVBRC_genome_sequence,4888.47,5131.13,10019.6,177.64,186.68,364.32,182.16,27.5, sdumont6168,300588.0
82.0,720,30,826240.0,153500.0,75248.0,1393232.0,993.28,2140.16,2007.04,4311.04,4.0,0,1.0,3.0,2n-2m-6th-100bs-484520s-DENV_1-brazil-BVBRC_genome_sequence,sequana_cpu_dev,2,11532278.0,2,6,100,484520,DENV_1-brazil-BVBRC_genome_sequence,4910.06,5148.68,10058.74,175.36,183.88,359.24,179.62,28.0, sdumont6167,301762.2
78.0,672,28,826230.0,151188.0,74700.0,1393148.0,983.04,2140.16,2007.04,4311.04,1.0,0,0.0,2.0,2n-2m-6th-100bs-484520s-DENV_1-brazil-BVBRC_genome_sequence,sequana_cpu_dev,2,11532280.0,2,6,100,484520,DENV_1-brazil-BVBRC_genome_sequence,4617.67,4783.41,9401.09,171.02,177.16,348.19,174.09,27.0, sdumont6165,263230.52
96.0,832,26,893744.0,153612.0,74801.0,1528184.0,983.04,2140.16,1996.8,4311.04,1.0,0,0.0,1.0,2n-2m-8th-100bs-484520s-DENV_1-brazil-BVBRC_genome_sequence,sequana_cpu_dev,2,11532282.0,2,8,100,484520,DENV_1-brazil-BVBRC_genome_sequence,4673.84,4930.01,9603.85,186.95,197.2,384.15,192.08,25.0, sdumont6165,249700.1
97.0,864,27,893746.0,153748.0,75382.0,1528188.0,983.04,2140.16,1996.8,4311.04,1.0,0,0.0,2.0,2n-2m-8th-100bs-484520s-DENV_1-brazil-BVBRC_genome_sequence,sequana_cpu_dev,2,11532284.0,2,8,100,484520,DENV_1-brazil-BVBRC_genome_sequence,4576.73,4854.3,9431.03,183.07,194.17,377.24,188.62,25.0, sdumont6166,254637.81000000003
101.0,864,27,893742.0,155724.0,75779.0,1528176.0,983.04,2140.16,1996.8,4311.04,1.0,0,0.0,1.0,2n-2m-8th-100bs-484520s-DENV_1-brazil-BVBRC_genome_sequence,sequana_cpu_dev,2,11532286.0,2,8,100,484520,DENV_1-brazil-BVBRC_genome_sequence,4636.28,4902.28,9538.56,178.32,188.55,366.87,183.43,26.0, sdumont6165,257541.12
95.0,832,26,839465.0,153664.0,75103.0,1528176.0,972.8,2140.16,1986.56,4311.04,1.0,0,0.0,2.0,2n-2m-8th-100bs-484520s-DENV_1-brazil-BVBRC_genome_sequence,sequana_cpu_dev,2,11532289.0,2,8,100,484520,DENV_1-brazil-BVBRC_genome_sequence,4462.39,4719.3,9181.68,178.5,188.77,367.27,183.63,25.0, sdumont6165,238723.68
98.0,864,27,673788.0,148708.0,73411.0,1088388.0,870.4,2119.68,1730.56,4239.36,1.0,0,1.0,2.0,2n-2m-8th-100bs-484520s-DENV_1-brazil-BVBRC_genome_sequence,sequana_cpu_dev,2,11532291.0,2,8,100,484520,DENV_1-brazil-BVBRC_genome_sequence,4651.67,4911.44,9563.11,186.07,196.46,382.52,191.26,25.0, sdumont6165,258203.97000000003
55.0,960,24,766881.0,143376.0,39481.0,1651212.0,972.8,2140.16,1976.32,4311.04,1.0,0,1.0,7.0,2n-2m-10th-100bs-484520s-DENV_1-brazil-BVBRC_genome_sequence,sequana_cpu_dev,2,11532293.0,2,10,100,484520,DENV_1-brazil-BVBRC_genome_sequence,4649.56,4793.95,9443.51,202.15,208.43,410.59,205.29,23.0, sdumont6166,226644.24
112.0,1000,25,851311.0,148680.0,74608.0,1651196.0,931.84,2140.16,1976.32,4311.04,1.0,0,1.0,3.0,2n-2m-10th-100bs-484520s-DENV_1-brazil-BVBRC_genome_sequence,sequana_cpu_dev,2,11532295.0,2,10,100,484520,DENV_1-brazil-BVBRC_genome_sequence,4612.1,4803.52,9415.62,200.53,208.85,409.37,204.69,23.0, sdumont6166,235390.50000000003
112.0,960,24,961220.0,151392.0,75260.0,1663136.0,972.8,2140.16,1976.32,4311.04,1.0,0,2.0,5.0,2n-2m-10th-100bs-484520s-DENV_1-brazil-BVBRC_genome_sequence,sequana_cpu_dev,2,11532297.0,2,10,100,484520,DENV_1-brazil-BVBRC_genome_sequence,4656.75,4804.8,9461.55,202.47,208.9,411.37,205.69,23.0, sdumont6166,227077.2
109.0,1000,25,962610.0,151092.0,75198.0,1668696.0,962.56,2140.16,1976.32,4311.04,1.0,0,2.0,5.0,2n-2m-10th-100bs-484520s-DENV_1-brazil-BVBRC_genome_sequence,sequana_cpu_dev,2,11532299.0,2,10,100,484520,DENV_1-brazil-BVBRC_genome_sequence,4634.21,4756.55,9390.76,201.49,206.81,408.29,204.15,23.0, sdumont6165,234769.0
57.0,1000,25,611813.0,143812.0,38333.0,1651196.0,972.8,2140.16,1976.32,4311.04,1.0,0,1.0,5.0,2n-2m-10th-100bs-484520s-DENV_1-brazil-BVBRC_genome_sequence,sequana_cpu_dev,2,11532301.0,2,10,100,484520,DENV_1-brazil-BVBRC_genome_sequence,4553.2,4718.06,9271.26,189.72,196.59,386.3,193.15,24.0, sdumont6166,231781.5
133.0,1200,25,885546.0,141628.0,44585.0,1786192.0,931.84,2140.16,1986.56,4311.04,1.0,0,34.0,133.0,2n-2m-12th-100bs-484520s-DENV_1-brazil-BVBRC_genome_sequence,sequana_cpu_dev,2,11532303.0,2,12,100,484520,DENV_1-brazil-BVBRC_genome_sequence,4520.6,4956.17,9476.77,188.36,206.51,394.87,197.43,24.0, sdumont6166,236919.25
133.0,1152,24,1028789.0,151740.0,74912.0,1798260.0,972.8,2140.16,1986.56,4311.04,1.0,0,1.0,3.0,2n-2m-12th-100bs-484520s-DENV_1-brazil-BVBRC_genome_sequence,sequana_cpu_dev,2,11532305.0,2,12,100,484520,DENV_1-brazil-BVBRC_genome_sequence,4659.81,5044.27,9704.08,202.6,219.32,421.92,210.96,23.0, sdumont6166,232897.92
132.0,1152,24,1028790.0,153952.0,75456.0,1798264.0,972.8,2140.16,1976.32,4311.04,1.0,0,3.0,7.0,2n-2m-12th-100bs-484520s-DENV_1-brazil-BVBRC_genome_sequence,sequana_cpu_dev,2,11532307.0,2,12,100,484520,DENV_1-brazil-BVBRC_genome_sequence,4661.65,5074.24,9735.89,202.68,220.62,423.3,211.65,23.0, sdumont6166,233661.36
131.0,1104,23,1085844.0,153908.0,76842.0,2014424.0,972.8,2140.16,1976.32,4311.04,3.0,0,0.0,3.0,2n-2m-12th-100bs-484520s-DENV_1-brazil-BVBRC_genome_sequence,sequana_cpu_dev,2,11532309.0,2,12,100,484520,DENV_1-brazil-BVBRC_genome_sequence,4931.95,5457.74,10389.69,224.18,248.08,472.26,236.13,22.0, sdumont6167,238962.87
131.0,1200,25,908132.0,143528.0,64476.0,1786192.0,931.84,2140.16,1986.56,4311.04,3.0,0,2.0,5.0,2n-2m-12th-100bs-484520s-DENV_1-brazil-BVBRC_genome_sequence,sequana_cpu_dev,2,11532311.0,2,12,100,484520,DENV_1-brazil-BVBRC_genome_sequence,4918.34,5437.11,10355.44,213.84,236.4,450.24,225.12,23.0, sdumont6168,258886.0
160.0,1456,26,1098429.0,158024.0,76510.0,1941756.0,962.56,2140.16,1986.56,4311.04,4.0,0,2.0,7.0,2n-2m-14th-100bs-484520s-DENV_1-brazil-BVBRC_genome_sequence,sequana_cpu_dev,2,11532313.0,2,14,100,484520,DENV_1-brazil-BVBRC_genome_sequence,4969.97,5226.19,10196.17,216.09,227.23,443.31,221.66,23.0, sdumont6168,265100.42
151.0,1344,24,1096319.0,151956.0,74917.0,1933324.0,962.56,2140.16,1966.08,4311.04,4.0,0,1.0,3.0,2n-2m-14th-100bs-484520s-DENV_1-brazil-BVBRC_genome_sequence,sequana_cpu_dev,2,11532315.0,2,14,100,484520,DENV_1-brazil-BVBRC_genome_sequence,4715.6,4949.23,9664.83,214.35,224.97,439.31,219.66,22.0, sdumont6168,231955.92
157.0,1400,25,986308.0,151864.0,74775.0,1933344.0,911.36,2119.68,1914.88,4239.36,1.0,0,3.0,8.0,2n-2m-14th-100bs-484520s-DENV_1-brazil-BVBRC_genome_sequence,sequana_cpu_dev,2,11532317.0,2,14,100,484520,DENV_1-brazil-BVBRC_genome_sequence,4703.89,4879.76,9583.64,204.52,212.16,416.68,208.34,23.0, sdumont6166,239591.0
150.0,1288,23,1096325.0,154068.0,75500.0,1933344.0,962.56,2140.16,1966.08,4311.04,1.0,0,6.0,16.0,2n-2m-14th-100bs-484520s-DENV_1-brazil-BVBRC_genome_sequence,sequana_cpu_dev,2,11532319.0,2,14,100,484520,DENV_1-brazil-BVBRC_genome_sequence,4240.3,4363.49,8603.79,192.74,198.34,391.08,195.54,22.0, sdumont6165,197887.17
153.0,1344,24,975669.0,141872.0,64643.0,1921256.0,931.84,2140.16,1986.56,4311.04,1.0,0,2.0,7.0,2n-2m-14th-100bs-484520s-DENV_1-brazil-BVBRC_genome_sequence,sequana_cpu_dev,2,11532321.0,2,14,100,484520,DENV_1-brazil-BVBRC_genome_sequence,4654.62,4790.53,9445.15,202.37,208.28,410.66,205.33,23.0, sdumont6166,226683.6
176.0,1536,24,1163928.0,152064.0,75523.0,2068588.0,972.8,2140.16,1976.32,4311.04,1.0,0,3.0,8.0,2n-2m-16th-100bs-484520s-DENV_1-brazil-BVBRC_genome_sequence,sequana_cpu_dev,2,11532324.0,2,16,100,484520,DENV_1-brazil-BVBRC_genome_sequence,4726.07,5157.14,9883.22,205.48,224.22,429.71,214.85,23.0, sdumont6165,237197.28
99.0,1792,28,812395.0,146040.0,39718.0,2056420.0,983.04,2140.16,1996.8,4311.04,1.0,0,3.0,15.0,2n-2m-16th-100bs-484520s-DENV_1-brazil-BVBRC_genome_sequence,sequana_cpu_dev,2,11532327.0,2,16,100,484520,DENV_1-brazil-BVBRC_genome_sequence,5275.22,5683.78,10959.0,202.89,218.61,421.5,210.75,26.0, sdumont6166,306852.0
173.0,1536,24,1163928.0,156152.0,77145.0,2068588.0,972.8,2140.16,1976.32,4311.04,2.0,0,6.0,18.0,2n-2m-16th-100bs-484520s-DENV_1-brazil-BVBRC_genome_sequence,sequana_cpu_dev,2,11532328.0,2,16,100,484520,DENV_1-brazil-BVBRC_genome_sequence,4485.76,4860.45,9346.2,195.03,211.32,406.36,203.18,23.0, sdumont6165,224308.8
184.0,1600,25,1053965.0,153160.0,75858.0,2056404.0,931.84,2140.16,1976.32,4311.04,3.0,0,4.0,14.0,2n-2m-16th-100bs-484520s-DENV_1-brazil-BVBRC_genome_sequence,sequana_cpu_dev,2,11532330.0,2,16,100,484520,DENV_1-brazil-BVBRC_genome_sequence,4717.93,5095.29,9813.22,196.58,212.3,408.88,204.44,24.0, sdumont6165,245330.5
182.0,1600,25,1163927.0,154352.0,75602.0,2068588.0,972.8,2140.16,1976.32,4311.04,4.0,0,5.0,17.0,2n-2m-16th-100bs-484520s-DENV_1-brazil-BVBRC_genome_sequence,sequana_cpu_dev,2,11532332.0,2,16,100,484520,DENV_1-brazil-BVBRC_genome_sequence,4695.99,5080.9,9776.89,195.67,211.7,407.37,203.69,24.0, sdumont6166,244422.25
207.0,1800,25,1233571.0,157960.0,77114.0,2211960.0,962.56,2140.16,1976.32,4311.04,4.0,0,4.0,11.0,2n-2m-18th-100bs-484520s-DENV_1-brazil-BVBRC_genome_sequence,sequana_cpu_dev,2,11532334.0,2,18,100,484520,DENV_1-brazil-BVBRC_genome_sequence,4771.3,4910.76,9682.06,198.8,204.62,403.42,201.71,24.0, sdumont6165,242051.5
205.0,1800,25,1233580.0,156000.0,76189.0,2211960.0,962.56,2140.16,1986.56,4311.04,1.0,0,6.0,13.0,2n-2m-18th-100bs-484520s-DENV_1-brazil-BVBRC_genome_sequence,sequana_cpu_dev,2,11532336.0,2,18,100,484520,DENV_1-brazil-BVBRC_genome_sequence,4742.13,4873.19,9615.32,201.89,207.39,409.28,204.64,23.5, sdumont6166,240383.0
207.0,1944,27,1121563.0,151388.0,74996.0,2191608.0,931.84,2140.16,1986.56,4311.04,1.0,0,7.0,20.0,2n-2m-18th-100bs-484520s-DENV_1-brazil-BVBRC_genome_sequence,sequana_cpu_dev,2,11532338.0,2,18,100,484520,DENV_1-brazil-BVBRC_genome_sequence,4786.81,4930.22,9717.03,199.45,205.43,404.88,202.44,24.0, sdumont6165,262359.81
208.0,1800,25,1233568.0,156228.0,77199.0,2211960.0,962.56,2140.16,1986.56,4311.04,1.0,0,5.0,10.0,2n-2m-18th-100bs-484520s-DENV_1-brazil-BVBRC_genome_sequence,sequana_cpu_dev,2,11532340.0,2,18,100,484520,DENV_1-brazil-BVBRC_genome_sequence,4741.32,4895.52,9636.84,197.56,203.98,401.54,200.77,24.0, sdumont6166,240921.0
206.0,1800,25,1231461.0,153940.0,76628.0,2203544.0,972.8,2140.16,1976.32,4311.04,1.0,0,5.0,13.0,2n-2m-18th-100bs-484520s-DENV_1-brazil-BVBRC_genome_sequence,sequana_cpu_dev,2,11532342.0,2,18,100,484520,DENV_1-brazil-BVBRC_genome_sequence,4767.98,4937.68,9705.66,198.67,205.74,404.4,202.2,24.0, sdumont6166,242641.5
231.0,2000,25,1299060.0,154116.0,76088.0,2338716.0,972.8,2140.16,1986.56,4311.04,1.0,0,3.0,12.0,2n-2m-20th-100bs-484520s-DENV_1-brazil-BVBRC_genome_sequence,sequana_cpu_dev,2,11532348.0,2,20,100,484520,DENV_1-brazil-BVBRC_genome_sequence,4955.64,5181.33,10136.98,210.99,220.51,431.49,215.75,23.5, sdumont6166,253424.5
119.0,2160,27,824329.0,146564.0,39209.0,2326828.0,972.8,2140.16,1976.32,4311.04,1.0,0,5.0,20.0,2n-2m-20th-100bs-484520s-DENV_1-brazil-BVBRC_genome_sequence,sequana_cpu_dev,2,11532351.0,2,20,100,484520,DENV_1-brazil-BVBRC_genome_sequence,5010.09,5202.0,10212.09,208.75,216.75,425.5,212.75,24.0, sdumont6165,275726.43
232.0,2080,26,1299061.0,154040.0,76138.0,2338716.0,983.04,2140.16,2007.04,4311.04,1.0,0,50.0,181.0,2n-2m-20th-100bs-484520s-DENV_1-brazil-BVBRC_genome_sequence,sequana_cpu_dev,2,11532353.0,2,20,100,484520,DENV_1-brazil-BVBRC_genome_sequence,5288.11,5509.65,10797.76,215.96,224.9,440.85,220.43,24.5, sdumont6165,280741.76
240.0,2080,26,1301165.0,158176.0,77127.0,2347132.0,972.8,2140.16,1986.56,4311.04,1.0,0,6.0,16.0,2n-2m-20th-100bs-484520s-DENV_1-brazil-BVBRC_genome_sequence,sequana_cpu_dev,2,11532355.0,2,20,100,484520,DENV_1-brazil-BVBRC_genome_sequence,5480.82,5734.34,11215.16,223.8,234.05,457.85,228.92,24.5, sdumont6165,291594.16
248.0,2160,27,1301164.0,162544.0,77707.0,2347328.0,972.8,2140.16,1996.8,4311.04,1.0,0,8.0,20.0,2n-2m-20th-100bs-484520s-DENV_1-brazil-BVBRC_genome_sequence,sequana_cpu_dev,2,11532357.0,2,20,100,484520,DENV_1-brazil-BVBRC_genome_sequence,5454.86,5724.63,11179.49,213.98,224.46,438.44,219.22,25.5, sdumont6165,301846.23
252.0,2200,25,1368745.0,158068.0,77167.0,2482312.0,962.56,2140.16,1986.56,4311.04,1.0,0,6.0,13.0,2n-2m-22th-100bs-484520s-DENV_1-brazil-BVBRC_genome_sequence,sequana_cpu_dev,2,11532359.0,2,22,100,484520,DENV_1-brazil-BVBRC_genome_sequence,5101.44,5261.38,10362.82,217.17,223.89,441.06,220.53,23.5, sdumont6166,259070.5
262.0,2288,26,1256732.0,149372.0,75540.0,2461960.0,931.84,2140.16,2007.04,4311.04,1.0,0,6.0,19.0,2n-2m-22th-100bs-484520s-DENV_1-brazil-BVBRC_genome_sequence,sequana_cpu_dev,2,11532361.0,2,22,100,484520,DENV_1-brazil-BVBRC_genome_sequence,5533.74,5659.88,11193.62,225.97,231.04,457.01,228.51,24.5, sdumont6166,291034.12
263.0,2376,27,1368744.0,162440.0,78356.0,2482312.0,972.8,2140.16,2007.04,4311.04,1.0,0,12.0,25.0,2n-2m-22th-100bs-484520s-DENV_1-brazil-BVBRC_genome_sequence,sequana_cpu_dev,2,11532367.0,2,22,100,484520,DENV_1-brazil-BVBRC_genome_sequence,5503.35,5708.17,11211.53,224.77,233.23,458.0,229.0,24.5, sdumont6166,302711.31
251.0,2200,25,1368740.0,156240.0,76219.0,2482312.0,962.56,2140.16,1986.56,4311.04,1.0,0,8.0,20.0,2n-2m-22th-100bs-484520s-DENV_1-brazil-BVBRC_genome_sequence,sequana_cpu_dev,2,11532370.0,2,22,100,484520,DENV_1-brazil-BVBRC_genome_sequence,5116.79,5282.36,10399.15,222.47,229.67,452.14,226.07,23.0, sdumont6166,259978.75
255.0,2200,25,1366640.0,151980.0,75192.0,2473896.0,972.8,2140.16,1986.56,4311.04,1.0,0,9.0,24.0,2n-2m-22th-100bs-484520s-DENV_1-brazil-BVBRC_genome_sequence,sequana_cpu_dev,2,11532372.0,2,22,100,484520,DENV_1-brazil-BVBRC_genome_sequence,5090.79,5236.85,10327.63,221.34,227.69,449.03,224.51,23.0, sdumont6165,258190.75
305.0,2688,28,1302836.0,156584.0,55221.0,2609256.0,921.6,2119.68,1945.6,4239.36,1.0,0,8.0,19.0,2n-2m-24th-100bs-484520s-DENV_1-brazil-BVBRC_genome_sequence,sequana_cpu_dev,2,11532374.0,2,24,100,484520,DENV_1-brazil-BVBRC_genome_sequence,6069.44,6237.97,12307.41,233.44,239.92,473.36,236.68,26.0, sdumont6165,344607.48
317.0,2784,29,1425246.0,158312.0,67214.0,2617484.0,983.04,2140.16,2027.52,4311.04,1.0,0,11.0,32.0,2n-2m-24th-100bs-484520s-DENV_1-brazil-BVBRC_genome_sequence,sequana_cpu_dev,2,11532376.0,2,24,100,484520,DENV_1-brazil-BVBRC_genome_sequence,6374.04,6581.62,12955.66,236.08,243.76,479.84,239.92,27.0, sdumont6165,375714.14
335.0,2880,30,1434188.0,154244.0,76725.0,2609068.0,1003.52,2140.16,2037.76,4311.04,1.0,0,10.0,24.0,2n-2m-24th-100bs-484520s-DENV_1-brazil-BVBRC_genome_sequence,sequana_cpu_dev,2,11532377.0,2,24,100,484520,DENV_1-brazil-BVBRC_genome_sequence,6811.39,6977.03,13788.42,243.26,249.18,492.44,246.22,28.0, sdumont6165,413652.6
516.0,3072,32,1857591.0,112172.0,63805.0,2564884.0,1443.84,3194.88,2027.52,4311.04,1.0,0,9.0,25.0,2n-2m-24th-100bs-484520s-DENV_1-brazil-BVBRC_genome_sequence,sequana_cpu_dev,2,11532379.0,2,24,100,484520,DENV_1-brazil-BVBRC_genome_sequence,6832.96,7037.78,13870.75,235.62,242.68,478.3,239.15,29.0, sdumont6166,443864.0
0.0,2688,28,357673.0,5284.0,4046.0,453612.0,1003.52,2140.16,2058.24,4311.04,1.0,0,0.0,0.0,2n-2m-24th-100bs-484520s-DENV_1-brazil-BVBRC_genome_sequence,sequana_cpu_dev,2,11532381.0,2,24,100,484520,DENV_1-brazil-BVBRC_genome_sequence,5796.37,5978.93,11775.3,227.37,234.64,462.01,231.01,25.5, sdumont6166,329708.4
117.0,492,82,1116505.3330078125,157108.0,156322.666015625,1116684.0,2058.24,4229.12,2058.24,4229.12,1.0,0,0.0,0.0,3n-1m-2th-100bs-484520s-DENV_1-brazil-BVBRC_genome_sequence,sequana_cpu_dev,3,11532384.0,1,2,100,484520,DENV_1-brazil-BVBRC_genome_sequence,14991.28,9890.79,24882.08,185.93,122.67,308.6,102.87,80.67, sdumont6165,2040330.56
115.0,510,85,1114286.666015625,154804.0,151508.0,1121976.0,2078.72,4229.12,2078.72,4229.12,1.0,0,0.0,0.0,3n-1m-2th-100bs-484520s-DENV_1-brazil-BVBRC_genome_sequence,sequana_cpu_dev,3,11532386.0,1,2,100,484520,DENV_1-brazil-BVBRC_genome_sequence,15377.0,10205.72,25582.72,183.06,121.5,304.56,101.52,84.0, sdumont6165,2174531.2
118.0,492,82,1118389.3330078125,158360.0,156084.0,1121924.0,2068.48,4229.12,2078.72,4229.12,0.0,0,0.0,0.0,3n-1m-2th-100bs-484520s-DENV_1-brazil-BVBRC_genome_sequence,sequana_cpu_dev,3,11532387.0,1,2,100,484520,DENV_1-brazil-BVBRC_genome_sequence,14989.48,9877.23,24866.71,185.06,121.94,307.0,102.33,81.0, sdumont6166,2039070.22
116.0,498,83,1116585.3330078125,155044.0,154849.3330078125,1116692.0,2068.48,4229.12,2078.72,4229.12,1.0,0,0.0,0.0,3n-1m-2th-100bs-484520s-DENV_1-brazil-BVBRC_genome_sequence,sequana_cpu_dev,3,11532389.0,1,2,100,484520,DENV_1-brazil-BVBRC_genome_sequence,15151.97,10002.16,25154.13,184.78,121.98,306.76,102.25,82.0, sdumont6166,2087792.79
117.0,498,83,1119997.3330078125,156908.0,155614.666015625,1121924.0,2068.48,4229.12,2078.72,4239.36,1.0,0,0.0,0.0,3n-1m-2th-100bs-484520s-DENV_1-brazil-BVBRC_genome_sequence,sequana_cpu_dev,3,11532391.0,1,2,100,484520,DENV_1-brazil-BVBRC_genome_sequence,14974.73,9936.07,24910.8,182.62,121.17,303.79,101.26,82.0, sdumont6167,2067596.4
117.0,588,49,1250526.666015625,157152.0,155944.0,1250716.0,1853.44,4229.12,1853.44,4229.12,1.0,0,0.0,0.0,3n-1m-4th-100bs-484520s-DENV_1-brazil-BVBRC_genome_sequence,sequana_cpu_dev,3,11532393.0,1,4,100,484520,DENV_1-brazil-BVBRC_genome_sequence,10645.96,5726.22,16372.18,221.79,119.3,341.09,113.7,48.0, sdumont6167,802236.8200000001
117.0,588,49,1250581.3330078125,155768.0,155486.666015625,1250708.0,1853.44,4229.12,1853.44,4229.12,1.0,0,0.0,1.0,3n-1m-4th-100bs-484520s-DENV_1-brazil-BVBRC_genome_sequence,sequana_cpu_dev,3,11532395.0,1,4,100,484520,DENV_1-brazil-BVBRC_genome_sequence,10666.34,5733.09,16399.43,222.22,119.44,341.65,113.88,48.0, sdumont6165,803572.0700000001
116.0,612,51,1250581.3330078125,157204.0,155985.3330078125,1250712.0,1853.44,4229.12,1853.44,4229.12,1.0,0,0.0,0.0,3n-1m-4th-100bs-484520s-DENV_1-brazil-BVBRC_genome_sequence,sequana_cpu_dev,3,11532397.0,1,4,100,484520,DENV_1-brazil-BVBRC_genome_sequence,11126.52,6002.19,17128.71,227.07,122.49,349.57,116.52,49.0, sdumont6167,873564.21
109.0,600,50,1250478.666015625,155752.0,155392.0,1250548.0,1853.44,4229.12,1853.44,4229.12,1.0,0,34.0,103.0,3n-1m-4th-100bs-484520s-DENV_1-brazil-BVBRC_genome_sequence,sequana_cpu_dev,3,11532401.0,1,4,100,484520,DENV_1-brazil-BVBRC_genome_sequence,10812.22,5891.41,16703.63,220.66,120.23,340.89,113.63,49.0, sdumont6167,835181.5
110.0,612,51,1250478.666015625,157036.0,155922.666015625,1250548.0,1853.44,4229.12,1853.44,4229.12,1.0,0,86.0,259.0,3n-1m-4th-100bs-484520s-DENV_1-brazil-BVBRC_genome_sequence,sequana_cpu_dev,3,11532403.0,1,4,100,484520,DENV_1-brazil-BVBRC_genome_sequence,11016.82,5992.16,17008.98,220.34,119.84,340.18,113.39,50.0, sdumont6166,867457.98
176.0,702,39,1385262.666015625,163696.0,158882.666015625,1385340.0,1853.44,4229.12,1853.44,4229.12,1.0,0,0.0,0.0,3n-1m-6th-100bs-484520s-DENV_1-brazil-BVBRC_genome_sequence,sequana_cpu_dev,3,11532405.0,1,6,100,484520,DENV_1-brazil-BVBRC_genome_sequence,10084.54,4605.49,14690.03,265.38,121.2,386.58,128.86,38.0, sdumont6166,572911.17
175.0,702,39,1385298.666015625,157684.0,157574.666015625,1385328.0,1853.44,4229.12,1853.44,4229.12,1.0,0,0.0,1.0,3n-1m-6th-100bs-484520s-DENV_1-brazil-BVBRC_genome_sequence,sequana_cpu_dev,3,11532406.0,1,6,100,484520,DENV_1-brazil-BVBRC_genome_sequence,10178.5,4653.89,14832.39,267.86,122.47,390.33,130.11,38.0, sdumont6167,578463.21
174.0,702,39,1385306.666015625,155724.0,155413.3330078125,1385472.0,1853.44,4229.12,1853.44,4229.12,1.0,0,0.0,0.0,3n-1m-6th-100bs-484520s-DENV_1-brazil-BVBRC_genome_sequence,sequana_cpu_dev,3,11532408.0,1,6,100,484520,DENV_1-brazil-BVBRC_genome_sequence,10109.77,4623.03,14732.8,266.05,121.66,387.71,129.24,38.0, sdumont6166,574579.2
176.0,684,38,1385354.666015625,155740.0,155564.0,1385472.0,1853.44,4229.12,1853.44,4239.36,1.0,0,0.0,0.0,3n-1m-6th-100bs-484520s-DENV_1-brazil-BVBRC_genome_sequence,sequana_cpu_dev,3,11532410.0,1,6,100,484520,DENV_1-brazil-BVBRC_genome_sequence,9608.27,4387.64,13995.91,259.68,118.58,378.27,126.09,37.0, sdumont6166,531844.58
176.0,684,38,1385306.666015625,157868.0,157557.3330078125,1385472.0,1853.44,4229.12,1853.44,4239.36,1.0,0,6.0,16.0,3n-1m-6th-100bs-484520s-DENV_1-brazil-BVBRC_genome_sequence,sequana_cpu_dev,3,11532412.0,1,6,100,484520,DENV_1-brazil-BVBRC_genome_sequence,9711.21,4421.8,14133.01,262.47,119.51,381.97,127.32,37.0, sdumont6165,537054.38
233.0,888,37,1520313.3330078125,159712.0,157713.3330078125,1520380.0,1853.44,4239.36,1853.44,4239.36,4.0,0,1.0,2.0,3n-1m-8th-100bs-484520s-DENV_1-brazil-BVBRC_genome_sequence,sequana_cpu_dev,3,11532415.0,1,8,100,484520,DENV_1-brazil-BVBRC_genome_sequence,10115.07,4397.58,14512.64,291.63,126.84,418.47,139.49,34.67, sdumont6167,536967.6799999999
235.0,792,33,1520261.3330078125,159520.0,157696.0,1520380.0,1853.44,4239.36,1853.44,4239.36,4.0,0,2.0,5.0,3n-1m-8th-100bs-484520s-DENV_1-brazil-BVBRC_genome_sequence,sequana_cpu_dev,3,11532418.0,1,8,100,484520,DENV_1-brazil-BVBRC_genome_sequence,9475.84,4058.11,13533.95,305.67,130.91,436.58,145.53,31.0, sdumont6167,446620.35
234.0,840,35,1520266.666015625,160132.0,157865.3330078125,1520364.0,1853.44,4239.36,1853.44,4239.36,1.0,0,1.0,2.0,3n-1m-8th-100bs-484520s-DENV_1-brazil-BVBRC_genome_sequence,sequana_cpu_dev,3,11532426.0,1,8,100,484520,DENV_1-brazil-BVBRC_genome_sequence,9948.93,4123.07,14072.0,292.62,121.27,413.88,137.96,34.0, sdumont6165,492520.0
233.0,840,35,1520264.0,160000.0,157084.0,1520352.0,1853.44,4239.36,1853.44,4239.36,1.0,0,1.0,2.0,3n-1m-8th-100bs-484520s-DENV_1-brazil-BVBRC_genome_sequence,sequana_cpu_dev,3,11532427.0,1,8,100,484520,DENV_1-brazil-BVBRC_genome_sequence,9869.39,4097.76,13967.16,290.28,120.52,410.8,136.93,34.0, sdumont6167,488850.6
230.0,936,39,1520266.666015625,157912.0,157620.0,1520352.0,1853.44,4229.12,1853.44,4239.36,1.0,0,2.0,3.0,3n-1m-8th-100bs-484520s-DENV_1-brazil-BVBRC_genome_sequence,sequana_cpu_dev,3,11532429.0,1,8,100,484520,DENV_1-brazil-BVBRC_genome_sequence,11013.48,4619.03,15632.51,289.83,121.55,411.38,137.13,38.0, sdumont6166,609667.89
291.0,960,32,1651158.666015625,157952.0,154364.0,1655468.0,1853.44,4239.36,1853.44,4239.36,1.0,0,2.0,4.0,3n-1m-10th-100bs-484520s-DENV_1-brazil-BVBRC_genome_sequence,sequana_cpu_dev,3,11532431.0,1,10,100,484520,DENV_1-brazil-BVBRC_genome_sequence,9290.4,3558.98,12849.38,309.68,118.63,428.31,142.77,30.0, sdumont6166,411180.16
293.0,990,33,1655225.3330078125,157916.0,156408.0,1655384.0,1853.44,4239.36,1853.44,4239.36,1.0,0,3.0,6.0,3n-1m-10th-100bs-484520s-DENV_1-brazil-BVBRC_genome_sequence,sequana_cpu_dev,3,11532433.0,1,10,100,484520,DENV_1-brazil-BVBRC_genome_sequence,10099.48,3853.0,13952.48,315.61,120.41,436.01,145.34,32.0, sdumont6166,460431.84
293.0,960,32,1655302.666015625,159696.0,159126.666015625,1655460.0,1853.44,4239.36,1853.44,4239.36,1.0,0,2.0,3.0,3n-1m-10th-100bs-484520s-DENV_1-brazil-BVBRC_genome_sequence,sequana_cpu_dev,3,11532435.0,1,10,100,484520,DENV_1-brazil-BVBRC_genome_sequence,9371.7,3573.47,12945.18,302.31,115.27,417.59,139.2,31.0, sdumont6167,414245.76
292.0,1020,34,1655228.0,157604.0,156314.666015625,1655384.0,1853.44,4239.36,1853.44,4239.36,1.0,0,3.0,4.0,3n-1m-10th-100bs-484520s-DENV_1-brazil-BVBRC_genome_sequence,sequana_cpu_dev,3,11532438.0,1,10,100,484520,DENV_1-brazil-BVBRC_genome_sequence,10082.52,3852.05,13934.56,305.53,116.73,422.26,140.75,33.0, sdumont6165,473775.04
292.0,1020,34,1655246.666015625,159784.0,157054.666015625,1655440.0,1853.44,4239.36,1853.44,4239.36,1.0,0,2.0,4.0,3n-1m-10th-100bs-484520s-DENV_1-brazil-BVBRC_genome_sequence,sequana_cpu_dev,3,11532440.0,1,10,100,484520,DENV_1-brazil-BVBRC_genome_sequence,10106.35,3866.69,13973.04,315.82,120.83,436.66,145.55,32.0, sdumont6165,475083.36
351.0,1260,35,1786270.666015625,157640.0,153104.0,1790412.0,1853.44,4239.36,1853.44,4239.36,1.0,0,6.0,9.0,3n-1m-12th-100bs-484520s-DENV_1-brazil-BVBRC_genome_sequence,sequana_cpu_dev,3,11532441.0,1,12,100,484520,DENV_1-brazil-BVBRC_genome_sequence,10211.98,3819.88,14031.86,319.12,119.37,438.5,146.17,32.0, sdumont6165,491115.1
350.0,1224,34,1792236.0,163392.0,159052.0,1795820.0,1843.2,4239.36,1853.44,4239.36,1.0,0,4.0,6.0,3n-1m-12th-100bs-484520s-DENV_1-brazil-BVBRC_genome_sequence,sequana_cpu_dev,3,11532443.0,1,12,100,484520,DENV_1-brazil-BVBRC_genome_sequence,10454.22,3928.38,14382.6,316.79,119.04,435.84,145.28,33.0, sdumont6166,489008.4
346.0,1296,36,1790377.3330078125,158156.0,157913.3330078125,1790436.0,1853.44,4229.12,1853.44,4239.36,1.0,0,1.0,3.0,3n-1m-12th-100bs-484520s-DENV_1-brazil-BVBRC_genome_sequence,sequana_cpu_dev,3,11532445.0,1,12,100,484520,DENV_1-brazil-BVBRC_genome_sequence,11037.73,4136.54,15174.27,315.36,118.19,433.55,144.52,35.0, sdumont6167,546273.72
351.0,1188,33,1790378.666015625,158012.0,156552.0,1790452.0,1853.44,4239.36,1853.44,4239.36,1.0,0,4.0,7.0,3n-1m-12th-100bs-484520s-DENV_1-brazil-BVBRC_genome_sequence,sequana_cpu_dev,3,11532447.0,1,12,100,484520,DENV_1-brazil-BVBRC_genome_sequence,10155.47,3828.49,13983.96,317.36,119.64,437.0,145.67,32.0, sdumont6167,461470.68
351.0,1260,35,1790324.0,162412.0,158702.666015625,1790424.0,1853.44,4239.36,1853.44,4239.36,1.0,0,3.0,4.0,3n-1m-12th-100bs-484520s-DENV_1-brazil-BVBRC_genome_sequence,sequana_cpu_dev,3,11532449.0,1,12,100,484520,DENV_1-brazil-BVBRC_genome_sequence,10951.38,4110.63,15062.01,322.1,120.9,443.0,147.67,34.0, sdumont6167,527170.35
409.0,1386,33,1925428.0,156188.0,155906.666015625,1925596.0,1853.44,4239.36,1853.44,4239.36,1.0,0,8.0,13.0,3n-1m-14th-100bs-484520s-DENV_1-brazil-BVBRC_genome_sequence,sequana_cpu_dev,3,11532452.0,1,14,100,484520,DENV_1-brazil-BVBRC_genome_sequence,10369.47,3873.43,14242.91,324.05,121.04,445.09,148.36,32.0, sdumont6165,470016.03
402.0,1344,32,1925436.0,158432.0,157502.666015625,1925492.0,1853.44,4239.36,1853.44,4239.36,1.0,0,108.0,312.0,3n-1m-14th-100bs-484520s-DENV_1-brazil-BVBRC_genome_sequence,sequana_cpu_dev,3,11532454.0,1,14,100,484520,DENV_1-brazil-BVBRC_genome_sequence,9696.32,3659.43,13355.75,312.78,118.05,430.83,143.61,31.0, sdumont6166,427384.0
410.0,1344,32,1925440.0,160620.0,158117.3330078125,1925504.0,1853.44,4239.36,1853.44,4239.36,1.0,0,7.0,10.0,3n-1m-14th-100bs-484520s-DENV_1-brazil-BVBRC_genome_sequence,sequana_cpu_dev,3,11532456.0,1,14,100,484520,DENV_1-brazil-BVBRC_genome_sequence,9582.46,3589.8,13172.26,309.11,115.8,424.91,141.64,31.0, sdumont6166,421512.32
408.0,1386,33,1925468.0,160280.0,158722.666015625,1925728.0,1853.44,4239.36,1853.44,4239.36,1.0,0,8.0,11.0,3n-1m-14th-100bs-484520s-DENV_1-brazil-BVBRC_genome_sequence,sequana_cpu_dev,3,11532458.0,1,14,100,484520,DENV_1-brazil-BVBRC_genome_sequence,10341.4,3865.08,14206.48,323.17,120.78,443.95,147.98,32.0, sdumont6165,468813.84
411.0,1302,31,1925424.0,160112.0,157365.3330078125,1925596.0,1853.44,4239.36,1853.44,4239.36,1.0,0,7.0,9.0,3n-1m-14th-100bs-484520s-DENV_1-brazil-BVBRC_genome_sequence,sequana_cpu_dev,3,11532460.0,1,14,100,484520,DENV_1-brazil-BVBRC_genome_sequence,9645.01,3610.92,13255.93,321.5,120.36,441.86,147.29,30.0, sdumont6165,410933.83
468.0,1584,33,2060652.0,160944.0,160436.0,2060740.0,1853.44,4239.36,1853.44,4239.36,1.0,0,7.0,12.0,3n-1m-16th-100bs-484520s-DENV_1-brazil-BVBRC_genome_sequence,sequana_cpu_dev,3,11532462.0,1,16,100,484520,DENV_1-brazil-BVBRC_genome_sequence,10493.9,3887.73,14381.63,327.93,121.49,449.43,149.81,32.0, sdumont6165,474593.79
465.0,1632,34,2060597.3330078125,159988.0,158937.3330078125,2060632.0,1853.44,4239.36,1853.44,4239.36,1.0,0,12.0,27.0,3n-1m-16th-100bs-484520s-DENV_1-brazil-BVBRC_genome_sequence,sequana_cpu_dev,3,11532464.0,1,16,100,484520,DENV_1-brazil-BVBRC_genome_sequence,10781.72,3995.54,14777.26,326.72,121.08,447.8,149.27,33.0, sdumont6166,502426.84
0.0,1488,31,544338.666015625,9108.0,4433.3330078125,1102312.0,634.88,1413.12,1904.64,4239.36,1.0,0,0.0,0.0,3n-1m-16th-100bs-484520s-DENV_1-brazil-BVBRC_genome_sequence,sequana_cpu_dev,3,11532466.0,1,16,100,484520,DENV_1-brazil-BVBRC_genome_sequence,9610.91,3576.56,13187.47,320.36,119.22,439.58,146.53,30.0, sdumont6167,408811.57
464.0,1776,37,2060604.0,160120.0,159481.3330078125,2060632.0,1853.44,4229.12,1853.44,4239.36,1.0,0,8.0,11.0,3n-1m-16th-100bs-484520s-DENV_1-brazil-BVBRC_genome_sequence,sequana_cpu_dev,3,11532468.0,1,16,100,484520,DENV_1-brazil-BVBRC_genome_sequence,11872.4,4351.26,16223.66,329.79,120.87,450.66,150.22,36.0, sdumont6165,600275.42
469.0,1584,33,2060605.3330078125,158320.0,158144.0,2060656.0,1853.44,4239.36,1853.44,4239.36,1.0,0,8.0,13.0,3n-1m-16th-100bs-484520s-DENV_1-brazil-BVBRC_genome_sequence,sequana_cpu_dev,3,11532470.0,1,16,100,484520,DENV_1-brazil-BVBRC_genome_sequence,10313.78,3841.88,14155.66,322.31,120.06,442.36,147.45,32.0, sdumont6167,467136.78
527.0,1836,34,2195770.666015625,158448.0,158220.0,2195832.0,1853.44,4239.36,1853.44,4239.36,1.0,0,15.0,21.0,3n-1m-18th-100bs-484520s-DENV_1-brazil-BVBRC_genome_sequence,sequana_cpu_dev,3,11532473.0,1,18,100,484520,DENV_1-brazil-BVBRC_genome_sequence,10636.21,3933.88,14570.09,322.31,119.21,441.52,147.17,33.0, sdumont6167,495383.06
526.0,1944,36,2195770.666015625,158396.0,158142.666015625,2195832.0,1853.44,4239.36,1853.44,4239.36,1.0,0,9.0,14.0,3n-1m-18th-100bs-484520s-DENV_1-brazil-BVBRC_genome_sequence,sequana_cpu_dev,3,11532475.0,1,18,100,484520,DENV_1-brazil-BVBRC_genome_sequence,10560.16,3896.64,14456.8,320.0,118.08,438.08,146.03,33.0, sdumont6166,520444.8
527.0,1782,33,2195753.3330078125,158556.0,157498.666015625,2195832.0,1853.44,4239.36,1853.44,4239.36,1.0,0,12.0,13.0,3n-1m-18th-100bs-484520s-DENV_1-brazil-BVBRC_genome_sequence,sequana_cpu_dev,3,11532476.0,1,18,100,484520,DENV_1-brazil-BVBRC_genome_sequence,10443.95,3890.69,14334.63,326.37,121.58,447.96,149.32,32.0, sdumont6167,473042.79
524.0,2052,38,2195768.0,160536.0,157497.3330078125,2195824.0,1853.44,4229.12,1853.44,4239.36,1.0,0,13.0,16.0,3n-1m-18th-100bs-484520s-DENV_1-brazil-BVBRC_genome_sequence,sequana_cpu_dev,3,11532479.0,1,18,100,484520,DENV_1-brazil-BVBRC_genome_sequence,11974.06,4380.32,16354.37,323.62,118.39,442.01,147.34,37.0, sdumont6165,621466.06
527.0,1782,33,2195833.3330078125,158384.0,157729.3330078125,2195888.0,1853.44,4239.36,1853.44,4239.36,2.0,0,10.0,16.0,3n-1m-18th-100bs-484520s-DENV_1-brazil-BVBRC_genome_sequence,sequana_cpu_dev,3,11532481.0,1,18,100,484520,DENV_1-brazil-BVBRC_genome_sequence,10466.26,3883.61,14349.87,327.07,121.36,448.43,149.48,32.0, sdumont6166,473545.71
585.0,2100,35,2330946.666015625,162748.0,159685.3330078125,2331052.0,1853.44,4239.36,1853.44,4239.36,3.0,0,12.0,13.0,3n-1m-20th-100bs-484520s-DENV_1-brazil-BVBRC_genome_sequence,sequana_cpu_dev,3,11532483.0,1,20,100,484520,DENV_1-brazil-BVBRC_genome_sequence,11594.05,4138.17,15732.22,341.0,121.71,462.71,154.24,34.0, sdumont6167,550627.7
585.0,2040,34,2330869.3330078125,160932.0,159028.0,2330900.0,1853.44,4239.36,1853.44,4239.36,1.0,0,11.0,16.0,3n-1m-20th-100bs-484520s-DENV_1-brazil-BVBRC_genome_sequence,sequana_cpu_dev,3,11532484.0,1,20,100,484520,DENV_1-brazil-BVBRC_genome_sequence,10777.61,3867.39,14645.0,326.59,117.19,443.79,147.93,33.0, sdumont6166,497930.0
586.0,1980,33,2330869.3330078125,158236.0,156925.3330078125,2330900.0,1853.44,4239.36,1853.44,4239.36,1.0,0,18.0,21.0,3n-1m-20th-100bs-484520s-DENV_1-brazil-BVBRC_genome_sequence,sequana_cpu_dev,3,11532486.0,1,20,100,484520,DENV_1-brazil-BVBRC_genome_sequence,10806.51,3858.84,14665.35,337.7,120.59,458.29,152.76,32.0, sdumont6167,483956.55
581.0,2220,37,2330882.666015625,158060.0,156997.3330078125,2331044.0,1853.44,4229.12,1853.44,4239.36,1.0,0,12.0,14.0,3n-1m-20th-100bs-484520s-DENV_1-brazil-BVBRC_genome_sequence,sequana_cpu_dev,3,11532488.0,1,20,100,484520,DENV_1-brazil-BVBRC_genome_sequence,12348.16,4385.96,16734.12,343.0,121.83,464.84,154.95,36.0, sdumont6166,619162.44
583.0,2100,35,2330996.0,158328.0,157161.3330078125,2331052.0,1853.44,4239.36,1853.44,4239.36,1.0,0,15.0,21.0,3n-1m-20th-100bs-484520s-DENV_1-brazil-BVBRC_genome_sequence,sequana_cpu_dev,3,11532490.0,1,20,100,484520,DENV_1-brazil-BVBRC_genome_sequence,11448.15,4092.44,15540.59,336.71,120.37,457.08,152.36,34.0, sdumont6167,543920.65
645.0,2178,33,2466089.3330078125,160832.0,158496.0,2466188.0,1853.44,4239.36,1853.44,4239.36,1.0,0,15.0,22.0,3n-1m-22th-100bs-484520s-DENV_1-brazil-BVBRC_genome_sequence,sequana_cpu_dev,3,11532493.0,1,22,100,484520,DENV_1-brazil-BVBRC_genome_sequence,11128.61,3877.1,15005.7,347.77,121.16,468.93,156.31,32.0, sdumont6167,495188.1
643.0,2178,33,2542117.3330078125,160064.0,158880.0,2694420.0,1843.2,4239.36,1853.44,4239.36,1.0,0,18.0,25.0,3n-1m-22th-100bs-484520s-DENV_1-brazil-BVBRC_genome_sequence,sequana_cpu_dev,3,11532495.0,1,22,100,484520,DENV_1-brazil-BVBRC_genome_sequence,10980.17,3821.49,14801.66,343.13,119.42,462.55,154.18,32.0, sdumont6167,488454.78
644.0,2178,33,2466132.0,161028.0,159194.666015625,2466356.0,1853.44,4239.36,1853.44,4239.36,1.0,0,21.0,26.0,3n-1m-22th-100bs-484520s-DENV_1-brazil-BVBRC_genome_sequence,sequana_cpu_dev,3,11532497.0,1,22,100,484520,DENV_1-brazil-BVBRC_genome_sequence,11130.86,3889.44,15020.3,347.84,121.55,469.38,156.46,32.0, sdumont6166,495669.9
633.0,2376,36,2466040.0,158748.0,157792.0,2466188.0,1853.44,4239.36,1853.44,4239.36,1.0,0,126.0,346.0,3n-1m-22th-100bs-484520s-DENV_1-brazil-BVBRC_genome_sequence,sequana_cpu_dev,3,11532499.0,1,22,100,484520,DENV_1-brazil-BVBRC_genome_sequence,11701.39,4119.12,15820.52,344.16,121.15,465.31,155.1,34.0, sdumont6165,569538.72
643.0,2244,34,2466082.666015625,160488.0,158418.666015625,2466168.0,1853.44,4239.36,1853.44,4239.36,2.0,0,15.0,20.0,3n-1m-22th-100bs-484520s-DENV_1-brazil-BVBRC_genome_sequence,sequana_cpu_dev,3,11532501.0,1,22,100,484520,DENV_1-brazil-BVBRC_genome_sequence,11081.61,3873.85,14955.46,335.81,117.39,453.2,151.07,33.0, sdumont6165,508485.64
701.0,2520,35,2601094.666015625,166964.0,161840.0,2601204.0,1853.44,4239.36,1853.44,4239.36,25.0,0,22.0,24.0,3n-1m-24th-100bs-484520s-DENV_1-brazil-BVBRC_genome_sequence,sequana_cpu_dev,3,11532503.0,1,24,100,484520,DENV_1-brazil-BVBRC_genome_sequence,12231.82,4143.4,16375.22,359.76,121.86,481.62,160.54,34.0, sdumont6167,573132.7
701.0,2592,36,2601192.0,160552.0,158456.0,2601496.0,1853.44,4239.36,1853.44,4239.36,1.0,0,20.0,28.0,3n-1m-24th-100bs-484520s-DENV_1-brazil-BVBRC_genome_sequence,sequana_cpu_dev,3,11532505.0,1,24,100,484520,DENV_1-brazil-BVBRC_genome_sequence,13197.72,4431.36,17629.08,377.08,126.61,503.69,167.9,35.0, sdumont6166,634646.8800000001
700.0,2520,35,2601086.666015625,160444.0,159104.0,2601180.0,1853.44,4239.36,1853.44,4239.36,1.0,0,25.0,34.0,3n-1m-24th-100bs-484520s-DENV_1-brazil-BVBRC_genome_sequence,sequana_cpu_dev,3,11532507.0,1,24,100,484520,DENV_1-brazil-BVBRC_genome_sequence,12339.58,4187.32,16526.9,362.93,123.16,486.09,162.03,34.0, sdumont6167,578441.5
700.0,2448,34,2601193.3330078125,160716.0,159188.0,2601352.0,1853.44,4239.36,1853.44,4239.36,4.0,0,16.0,25.0,3n-1m-24th-100bs-484520s-DENV_1-brazil-BVBRC_genome_sequence,sequana_cpu_dev,3,11532509.0,1,24,100,484520,DENV_1-brazil-BVBRC_genome_sequence,11893.79,4267.83,16161.62,371.68,133.37,505.05,168.35,32.0, sdumont6167,549495.0800000001
699.0,2520,35,2602992.0,158400.0,158250.666015625,2606600.0,1853.44,4239.36,1853.44,4239.36,3.0,0,21.0,32.0,3n-1m-24th-100bs-484520s-DENV_1-brazil-BVBRC_genome_sequence,sequana_cpu_dev,3,11532511.0,1,24,100,484520,DENV_1-brazil-BVBRC_genome_sequence,11734.3,4203.29,15937.6,363.07,129.96,493.03,164.34,32.33, sdumont6167,557816.0
758.0,3198,41,2736465.3330078125,158736.0,158010.666015625,2736528.0,1853.44,4229.12,1853.44,4239.36,1.0,0,15.0,19.0,3n-1m-26th-100bs-484520s-DENV_1-brazil-BVBRC_genome_sequence,sequana_cpu_dev,3,11532512.0,1,26,100,484520,DENV_1-brazil-BVBRC_genome_sequence,13547.62,6684.78,20232.4,344.57,169.98,514.55,171.52,39.33, sdumont6165,829528.4
759.0,3198,41,2736361.3330078125,162664.0,160740.0,2736500.0,1853.44,4229.12,1853.44,4229.12,1.0,0,15.0,25.0,3n-1m-26th-100bs-484520s-DENV_1-brazil-BVBRC_genome_sequence,sequana_cpu_dev,3,11532514.0,1,26,100,484520,DENV_1-brazil-BVBRC_genome_sequence,14078.83,6893.99,20972.82,349.27,171.08,520.35,173.45,40.33, sdumont6166,859885.62
758.0,3510,45,2736417.3330078125,158784.0,158662.666015625,2736528.0,1853.44,4229.12,1853.44,4229.12,1.0,0,13.0,18.0,3n-1m-26th-100bs-484520s-DENV_1-brazil-BVBRC_genome_sequence,sequana_cpu_dev,3,11532516.0,1,26,100,484520,DENV_1-brazil-BVBRC_genome_sequence,15145.19,7380.74,22525.93,344.21,167.74,511.95,170.65,44.0, sdumont6165,1013666.85
759.0,3198,41,2736368.0,158796.0,158602.666015625,2736504.0,1853.44,4229.12,1853.44,4229.12,1.0,0,17.0,21.0,3n-1m-26th-100bs-484520s-DENV_1-brazil-BVBRC_genome_sequence,sequana_cpu_dev,3,11532518.0,1,26,100,484520,DENV_1-brazil-BVBRC_genome_sequence,13492.98,6686.1,20179.08,337.32,167.15,504.48,168.16,40.0, sdumont6165,827342.28
760.0,2964,38,2736317.3330078125,158776.0,158690.666015625,2736380.0,1853.44,4229.12,1853.44,4239.36,1.0,0,14.0,18.0,3n-1m-26th-100bs-484520s-DENV_1-brazil-BVBRC_genome_sequence,sequana_cpu_dev,3,11532521.0,1,26,100,484520,DENV_1-brazil-BVBRC_genome_sequence,12734.8,6339.72,19074.52,344.18,171.34,515.53,171.84,37.0, sdumont6165,724831.76
796.0,3612,43,2947646.666015625,160408.0,158544.0,3099744.0,1832.96,4229.12,1843.2,4229.12,1.0,0,16.0,20.0,3n-1m-28th-100bs-484520s-DENV_1-brazil-BVBRC_genome_sequence,sequana_cpu_dev,3,11532522.0,1,28,100,484520,DENV_1-brazil-BVBRC_genome_sequence,14106.77,8386.88,22493.65,344.07,204.56,548.63,182.88,41.0, sdumont6165,967226.95
817.0,3360,40,2871566.666015625,158748.0,158057.3330078125,2871660.0,1853.44,4229.12,1853.44,4229.12,1.0,0,19.0,21.0,3n-1m-28th-100bs-484520s-DENV_1-brazil-BVBRC_genome_sequence,sequana_cpu_dev,3,11532525.0,1,28,100,484520,DENV_1-brazil-BVBRC_genome_sequence,13492.31,8039.98,21532.3,345.96,206.15,552.11,184.04,39.0, sdumont6167,861292.0
815.0,3528,42,2871570.666015625,159072.0,158141.3330078125,2871664.0,1853.44,4229.12,1853.44,4229.12,1.0,0,18.0,26.0,3n-1m-28th-100bs-484520s-DENV_1-brazil-BVBRC_genome_sequence,sequana_cpu_dev,3,11532526.0,1,28,100,484520,DENV_1-brazil-BVBRC_genome_sequence,14227.55,8438.49,22666.03,347.01,205.82,552.83,184.28,41.0, sdumont6166,951973.26
817.0,3360,40,2871566.666015625,158952.0,158786.666015625,2871680.0,1853.44,4229.12,1853.44,4229.12,1.0,0,24.0,35.0,3n-1m-28th-100bs-484520s-DENV_1-brazil-BVBRC_genome_sequence,sequana_cpu_dev,3,11532528.0,1,28,100,484520,DENV_1-brazil-BVBRC_genome_sequence,13567.52,8089.5,21657.01,347.89,207.42,555.31,185.1,39.0, sdumont6167,866280.3999999999
816.0,3444,41,2871529.3330078125,158800.0,157998.666015625,2871556.0,1853.44,4229.12,1853.44,4229.12,1.0,0,17.0,18.0,3n-1m-28th-100bs-484520s-DENV_1-brazil-BVBRC_genome_sequence,sequana_cpu_dev,3,11532530.0,1,28,100,484520,DENV_1-brazil-BVBRC_genome_sequence,13519.25,8025.38,21544.63,337.98,200.63,538.62,179.54,40.0, sdumont6167,883329.8300000001
873.0,4050,45,3006746.666015625,159076.0,158849.3330078125,3006852.0,1853.44,4229.12,1853.44,4229.12,1.0,0,21.0,23.0,3n-1m-30th-100bs-484520s-DENV_1-brazil-BVBRC_genome_sequence,sequana_cpu_dev,3,11532532.0,1,30,100,484520,DENV_1-brazil-BVBRC_genome_sequence,15151.32,10423.49,25574.82,344.35,236.9,581.25,193.75,44.0, sdumont6167,1150866.9
874.0,4050,45,3006845.3330078125,159376.0,159042.666015625,3006852.0,1853.44,4229.12,1853.44,4229.12,1.0,0,30.0,38.0,3n-1m-30th-100bs-484520s-DENV_1-brazil-BVBRC_genome_sequence,sequana_cpu_dev,3,11532535.0,1,30,100,484520,DENV_1-brazil-BVBRC_genome_sequence,15007.76,10436.02,25443.78,341.09,237.18,578.27,192.76,44.0, sdumont6165,1144970.1
875.0,3960,44,3006804.0,159024.0,158822.666015625,3006988.0,1853.44,4229.12,1853.44,4229.12,1.0,0,20.0,27.0,3n-1m-30th-100bs-484520s-DENV_1-brazil-BVBRC_genome_sequence,sequana_cpu_dev,3,11532537.0,1,30,100,484520,DENV_1-brazil-BVBRC_genome_sequence,15102.97,10448.29,25551.26,351.23,242.98,594.22,198.07,43.0, sdumont6167,1124255.44
873.0,4410,49,3006793.3330078125,159236.0,158896.0,3006840.0,1853.44,4229.12,1853.44,4229.12,1.0,0,12.0,15.0,3n-1m-30th-100bs-484520s-DENV_1-brazil-BVBRC_genome_sequence,sequana_cpu_dev,3,11532539.0,1,30,100,484520,DENV_1-brazil-BVBRC_genome_sequence,17016.64,11570.75,28587.39,354.51,241.06,595.57,198.52,48.0, sdumont6166,1400782.11
872.0,4770,53,3006756.0,159188.0,158900.0,3006880.0,1853.44,4229.12,1853.44,4229.12,1.0,0,23.0,38.0,3n-1m-30th-100bs-484520s-DENV_1-brazil-BVBRC_genome_sequence,sequana_cpu_dev,3,11532540.0,1,30,100,484520,DENV_1-brazil-BVBRC_genome_sequence,17969.91,12226.93,30196.84,350.15,238.21,588.36,196.12,51.33, sdumont6166,1600432.52
924.0,4608,48,3141985.3330078125,159520.0,159184.0,3142188.0,1853.44,4229.12,1853.44,4229.12,1.0,0,158.0,421.0,3n-1m-32th-100bs-484520s-DENV_1-brazil-BVBRC_genome_sequence,sequana_cpu_dev,3,11532542.0,1,32,100,484520,DENV_1-brazil-BVBRC_genome_sequence,15841.12,12177.96,28019.08,337.05,259.11,596.15,198.72,47.0, sdumont6167,1344915.84
928.0,4608,48,3141882.666015625,159236.0,158861.3330078125,3142032.0,1853.44,4229.12,1853.44,4229.12,1.0,0,28.0,31.0,3n-1m-32th-100bs-484520s-DENV_1-brazil-BVBRC_genome_sequence,sequana_cpu_dev,3,11532544.0,1,32,100,484520,DENV_1-brazil-BVBRC_genome_sequence,15908.71,12228.81,28137.52,338.48,260.19,598.67,199.56,47.0, sdumont6167,1350600.96
931.0,4608,48,3142081.3330078125,159428.0,159029.3330078125,3142180.0,1853.44,4229.12,1853.44,4229.12,1.0,0,17.0,22.0,3n-1m-32th-100bs-484520s-DENV_1-brazil-BVBRC_genome_sequence,sequana_cpu_dev,3,11532546.0,1,32,100,484520,DENV_1-brazil-BVBRC_genome_sequence,16140.02,12388.29,28528.31,350.87,269.31,620.18,206.73,46.0, sdumont6167,1369358.88
931.0,4800,50,3141884.0,159284.0,158929.3330078125,3142020.0,1853.44,4229.12,1853.44,4229.12,1.0,0,18.0,28.0,3n-1m-32th-100bs-484520s-DENV_1-brazil-BVBRC_genome_sequence,sequana_cpu_dev,3,11532548.0,1,32,100,484520,DENV_1-brazil-BVBRC_genome_sequence,16746.11,12866.38,29612.48,348.88,268.05,616.93,205.64,48.0, sdumont6166,1480624.0
928.0,4800,50,3141884.0,165108.0,160818.666015625,3142032.0,1853.44,4229.12,1853.44,4229.12,1.0,0,19.0,24.0,3n-1m-32th-100bs-484520s-DENV_1-brazil-BVBRC_genome_sequence,sequana_cpu_dev,3,11532550.0,1,32,100,484520,DENV_1-brazil-BVBRC_genome_sequence,16649.37,12768.59,29417.96,339.78,260.58,600.37,200.12,49.0, sdumont6165,1470898.0
989.0,5100,50,3277188.0,161308.0,160492.0,3277196.0,1853.44,4229.12,1853.44,4229.12,1.0,0,19.0,29.0,3n-1m-34th-100bs-484520s-DENV_1-brazil-BVBRC_genome_sequence,sequana_cpu_dev,3,11532552.0,1,34,100,484520,DENV_1-brazil-BVBRC_genome_sequence,16598.44,13914.5,30512.94,338.74,283.97,622.71,207.57,49.0, sdumont6166,1525647.0
982.0,5916,58,3277182.666015625,161056.0,159834.666015625,3277320.0,1853.44,4218.88,1853.44,4229.12,1.0,0,24.0,26.0,3n-1m-34th-100bs-484520s-DENV_1-brazil-BVBRC_genome_sequence,sequana_cpu_dev,3,11532554.0,1,34,100,484520,DENV_1-brazil-BVBRC_genome_sequence,19988.71,16652.59,36641.3,352.67,293.8,646.47,215.49,56.67, sdumont6167,2125195.4000000004
990.0,4488,44,3277154.666015625,165396.0,161296.0,3277236.0,1853.44,4229.12,1853.44,4229.12,1.0,0,25.0,30.0,3n-1m-34th-100bs-484520s-DENV_1-brazil-BVBRC_genome_sequence,sequana_cpu_dev,3,11532556.0,1,34,100,484520,DENV_1-brazil-BVBRC_genome_sequence,15055.54,12738.64,27794.18,350.13,296.25,646.38,215.46,43.0, sdumont6167,1222943.92
988.0,5508,54,3277253.3330078125,161164.0,159724.0,3277328.0,1853.44,4229.12,1853.44,4229.12,1.0,0,22.0,28.0,3n-1m-34th-100bs-484520s-DENV_1-brazil-BVBRC_genome_sequence,sequana_cpu_dev,3,11532558.0,1,34,100,484520,DENV_1-brazil-BVBRC_genome_sequence,18767.87,15730.0,34497.87,354.11,296.79,650.9,216.97,53.0, sdumont6167,1862884.98
989.0,4590,45,3277136.0,159376.0,159226.666015625,3277196.0,1853.44,4229.12,1853.44,4229.12,3.0,0,23.0,25.0,3n-1m-34th-100bs-484520s-DENV_1-brazil-BVBRC_genome_sequence,sequana_cpu_dev,3,11532560.0,1,34,100,484520,DENV_1-brazil-BVBRC_genome_sequence,14900.78,12603.35,27504.13,346.53,293.1,639.63,213.21,43.0, sdumont6167,1237685.85
1038.0,6264,58,3412285.3330078125,160624.0,159640.0,3412364.0,1853.44,4229.12,1853.44,4229.12,1.0,0,22.0,31.0,3n-1m-36th-100bs-484520s-DENV_1-brazil-BVBRC_genome_sequence,sequana_cpu_dev,3,11532563.0,1,36,100,484520,DENV_1-brazil-BVBRC_genome_sequence,20399.43,18244.05,38643.49,361.99,323.83,685.82,228.61,56.33, sdumont6167,2241322.42
1033.0,4968,46,3341769.3330078125,158996.0,158568.0,3417824.0,1843.2,4229.12,1853.44,4229.12,1.0,0,30.0,41.0,3n-1m-36th-100bs-484520s-DENV_1-brazil-BVBRC_genome_sequence,sequana_cpu_dev,3,11532564.0,1,36,100,484520,DENV_1-brazil-BVBRC_genome_sequence,15012.71,13073.23,28085.94,341.2,297.12,638.32,212.77,44.0, sdumont6166,1291953.24
1042.0,5508,51,3412384.0,159536.0,159178.666015625,3412412.0,1853.44,4229.12,1853.44,4229.12,1.0,0,23.0,33.0,3n-1m-36th-100bs-484520s-DENV_1-brazil-BVBRC_genome_sequence,sequana_cpu_dev,3,11532566.0,1,36,100,484520,DENV_1-brazil-BVBRC_genome_sequence,17416.8,15173.14,32589.94,348.34,303.46,651.8,217.27,50.0, sdumont6166,1662086.94
1047.0,4968,46,3412324.0,159388.0,159042.666015625,3412376.0,1853.44,4229.12,1853.44,4229.12,1.0,0,29.0,36.0,3n-1m-36th-100bs-484520s-DENV_1-brazil-BVBRC_genome_sequence,sequana_cpu_dev,3,11532568.0,1,36,100,484520,DENV_1-brazil-BVBRC_genome_sequence,15110.4,13064.47,28174.87,343.42,296.92,640.34,213.45,44.0, sdumont6166,1296044.02
1046.0,5508,51,3412369.3330078125,161016.0,159877.3330078125,3412516.0,1853.44,4229.12,1853.44,4229.12,1.0,0,17.0,23.0,3n-1m-36th-100bs-484520s-DENV_1-brazil-BVBRC_genome_sequence,sequana_cpu_dev,3,11532570.0,1,36,100,484520,DENV_1-brazil-BVBRC_genome_sequence,17531.07,15099.62,32630.7,350.62,301.99,652.61,217.54,50.0, sdumont6165,1664165.7
1090.0,5130,45,3475048.0,160792.0,159716.0,3547444.0,1853.44,4229.12,1853.44,4229.12,1.0,0,20.0,25.0,3n-1m-38th-100bs-484520s-DENV_1-brazil-BVBRC_genome_sequence,sequana_cpu_dev,3,11532572.0,1,38,100,484520,DENV_1-brazil-BVBRC_genome_sequence,14935.28,13134.26,28069.54,339.44,298.51,637.94,212.65,44.0, sdumont6165,1263129.3
1106.0,5814,51,3547558.666015625,159696.0,159389.3330078125,3547592.0,1853.44,4229.12,1853.44,4229.12,1.0,0,20.0,25.0,3n-1m-38th-100bs-484520s-DENV_1-brazil-BVBRC_genome_sequence,sequana_cpu_dev,3,11532574.0,1,38,100,484520,DENV_1-brazil-BVBRC_genome_sequence,17402.13,15393.06,32795.19,348.04,307.86,655.9,218.63,50.0, sdumont6165,1672554.6900000002
1105.0,5472,48,3547501.3330078125,160956.0,159934.666015625,3547692.0,1853.44,4229.12,1853.44,4229.12,1.0,0,19.0,23.0,3n-1m-38th-100bs-484520s-DENV_1-brazil-BVBRC_genome_sequence,sequana_cpu_dev,3,11532576.0,1,38,100,484520,DENV_1-brazil-BVBRC_genome_sequence,15799.05,13920.61,29719.67,343.85,302.85,646.7,215.57,46.0, sdumont6165,1426544.16
1101.0,5928,52,3547452.0,160612.0,159850.666015625,3547536.0,1853.44,4229.12,1853.44,4229.12,3.0,0,36.0,51.0,3n-1m-38th-100bs-484520s-DENV_1-brazil-BVBRC_genome_sequence,sequana_cpu_dev,3,11532579.0,1,38,100,484520,DENV_1-brazil-BVBRC_genome_sequence,17567.86,15488.61,33056.47,349.13,307.75,656.88,218.96,50.33, sdumont6166,1718936.44
1100.0,6156,54,3547558.666015625,161076.0,159938.666015625,3547592.0,1853.44,4229.12,1853.44,4229.12,1.0,0,29.0,33.0,3n-1m-38th-100bs-484520s-DENV_1-brazil-BVBRC_genome_sequence,sequana_cpu_dev,3,11532581.0,1,38,100,484520,DENV_1-brazil-BVBRC_genome_sequence,18128.03,15979.91,34107.94,344.2,303.4,647.6,215.87,52.67, sdumont6166,1841828.76
1148.0,6240,52,3682521.333007813,159872.0,159122.666015625,3682616.0,1853.44,4229.12,1853.44,4229.12,3.0,0,26.0,34.0,3n-1m-40th-100bs-484520s-DENV_1-brazil-BVBRC_genome_sequence,sequana_cpu_dev,3,11532583.0,1,40,100,484520,DENV_1-brazil-BVBRC_genome_sequence,17350.32,15934.1,33284.42,347.01,318.68,665.69,221.9,50.0, sdumont6167,1730789.84
1162.0,5760,48,3682573.333007813,167192.0,163500.0,3682620.0,1853.44,4229.12,1853.44,4229.12,4.0,0,17.0,22.0,3n-1m-40th-100bs-484520s-DENV_1-brazil-BVBRC_genome_sequence,sequana_cpu_dev,3,11532585.0,1,40,100,484520,DENV_1-brazil-BVBRC_genome_sequence,15929.55,14520.33,30449.87,346.29,315.66,661.95,220.65,46.0, sdumont6168,1461593.76
1133.0,6480,54,3682572.0,160604.0,159805.3330078125,3682616.0,1853.44,4229.12,1853.44,4229.12,1.0,0,168.0,461.0,3n-1m-40th-100bs-484520s-DENV_1-brazil-BVBRC_genome_sequence,sequana_cpu_dev,3,11532587.0,1,40,100,484520,DENV_1-brazil-BVBRC_genome_sequence,17894.07,16147.52,34041.59,344.41,310.66,655.07,218.36,52.0, sdumont6165,1838245.86
1162.0,5880,49,3682606.666015625,161392.0,160028.0,3682868.0,1853.44,4229.12,1853.44,4229.12,1.0,0,21.0,27.0,3n-1m-40th-100bs-484520s-DENV_1-brazil-BVBRC_genome_sequence,sequana_cpu_dev,3,11532589.0,1,40,100,484520,DENV_1-brazil-BVBRC_genome_sequence,16530.54,14880.75,31411.3,349.41,314.47,663.89,221.3,47.33, sdumont6166,1539153.7
1159.0,6120,51,3682522.666015625,161384.0,159890.666015625,3682616.0,1853.44,4229.12,1853.44,4229.12,1.0,0,28.0,30.0,3n-1m-40th-100bs-484520s-DENV_1-brazil-BVBRC_genome_sequence,sequana_cpu_dev,3,11532591.0,1,40,100,484520,DENV_1-brazil-BVBRC_genome_sequence,17348.5,15581.34,32929.84,351.79,315.9,667.69,222.56,49.33, sdumont6167,1679421.84
1218.0,6426,51,3817956.0,163800.0,161705.3330078125,3818052.0,1853.44,4229.12,1853.44,4229.12,1.0,0,36.0,40.0,3n-1m-42th-100bs-484520s-DENV_1-brazil-BVBRC_genome_sequence,sequana_cpu_dev,3,11532593.0,1,42,100,484520,DENV_1-brazil-BVBRC_genome_sequence,16933.55,15328.47,32262.02,345.9,312.97,658.87,219.62,49.0, sdumont6165,1645363.02
1203.0,7560,60,3817956.0,163712.0,162344.0,3818044.0,1853.44,4229.12,1853.44,4229.12,1.0,0,27.0,32.0,3n-1m-42th-100bs-484520s-DENV_1-brazil-BVBRC_genome_sequence,sequana_cpu_dev,3,11532595.0,1,42,100,484520,DENV_1-brazil-BVBRC_genome_sequence,20516.06,18660.37,39176.43,351.82,319.94,671.75,223.92,58.33, sdumont6167,2350585.8
1219.0,6426,51,3817957.333007813,162024.0,160854.666015625,3818052.0,1853.44,4229.12,1853.44,4229.12,0.0,0,30.0,46.0,3n-1m-42th-100bs-484520s-DENV_1-brazil-BVBRC_genome_sequence,sequana_cpu_dev,3,11532596.0,1,42,100,484520,DENV_1-brazil-BVBRC_genome_sequence,17205.55,15447.28,32652.83,351.13,315.25,666.38,222.13,49.0, sdumont6167,1665294.33
1218.0,7308,58,3817872.0,162040.0,161494.666015625,3817912.0,1853.44,4229.12,1853.44,4229.12,1.0,0,28.0,50.0,3n-1m-42th-100bs-484520s-DENV_1-brazil-BVBRC_genome_sequence,sequana_cpu_dev,3,11532598.0,1,42,100,484520,DENV_1-brazil-BVBRC_genome_sequence,19799.53,18023.3,37822.83,355.65,323.74,679.39,226.46,55.67, sdumont6165,2193724.14
1219.0,6300,50,3817810.666015625,161292.0,160105.3330078125,3817904.0,1853.44,4229.12,1853.44,4229.12,1.0,0,36.0,48.0,3n-1m-42th-100bs-484520s-DENV_1-brazil-BVBRC_genome_sequence,sequana_cpu_dev,3,11532600.0,1,42,100,484520,DENV_1-brazil-BVBRC_genome_sequence,16471.49,14888.87,31360.35,345.74,312.46,658.2,219.4,47.67, sdumont6167,1568017.5
2583.0,8316,63,3953077.333007813,161416.0,160437.3330078125,3953088.0,2058.24,4239.36,2058.24,4239.36,1.0,0,31.0,44.0,3n-1m-44th-100bs-484520s-DENV_1-brazil-BVBRC_genome_sequence,sequana_cpu_dev,3,11532602.0,1,44,100,484520,DENV_1-brazil-BVBRC_genome_sequence,21636.43,20523.85,42160.28,354.7,336.46,691.15,230.38,61.0, sdumont6165,2656097.64
1275.0,6600,50,3953056.0,161256.0,160832.0,3953096.0,1853.44,4229.12,1853.44,4229.12,1.0,0,30.0,44.0,3n-1m-44th-100bs-484520s-DENV_1-brazil-BVBRC_genome_sequence,sequana_cpu_dev,3,11532605.0,1,44,100,484520,DENV_1-brazil-BVBRC_genome_sequence,16554.89,15521.6,32076.49,344.89,323.37,668.26,222.75,48.0, sdumont6166,1603824.5
1268.0,7788,59,3953082.666015625,162092.0,160282.666015625,3953380.0,1853.44,4229.12,1853.44,4229.12,1.0,0,32.0,41.0,3n-1m-44th-100bs-484520s-DENV_1-brazil-BVBRC_genome_sequence,sequana_cpu_dev,3,11532606.0,1,44,100,484520,DENV_1-brazil-BVBRC_genome_sequence,19965.3,18942.01,38907.32,348.32,330.41,678.73,226.24,57.33, sdumont6165,2295531.88
1271.0,7260,55,3953006.666015625,161304.0,160798.666015625,3953132.0,1853.44,4229.12,1853.44,4229.12,1.0,0,22.0,35.0,3n-1m-44th-100bs-484520s-DENV_1-brazil-BVBRC_genome_sequence,sequana_cpu_dev,3,11532608.0,1,44,100,484520,DENV_1-brazil-BVBRC_genome_sequence,18843.81,17837.19,36681.0,353.43,334.47,687.89,229.3,53.33, sdumont6167,2017455.0
1275.0,7260,55,3953049.333007813,160156.0,159437.3330078125,3953132.0,1853.44,4229.12,1853.44,4229.12,1.0,0,31.0,43.0,3n-1m-44th-100bs-484520s-DENV_1-brazil-BVBRC_genome_sequence,sequana_cpu_dev,3,11532610.0,1,44,100,484520,DENV_1-brazil-BVBRC_genome_sequence,18199.9,17277.52,35477.42,347.87,330.17,678.03,226.01,52.33, sdumont6167,1951258.1
1333.0,7314,53,4088069.333007813,161936.0,161085.3330078125,4088164.0,1853.44,4229.12,1853.44,4229.12,1.0,0,34.0,43.0,3n-1m-46th-100bs-484520s-DENV_1-brazil-BVBRC_genome_sequence,sequana_cpu_dev,3,11532612.0,1,46,100,484520,DENV_1-brazil-BVBRC_genome_sequence,17989.77,17278.05,35267.82,352.74,338.79,691.53,230.51,51.0, sdumont6167,1869194.46
1334.0,8142,59,4088168.0,160088.0,159605.3330078125,4088312.0,1853.44,4229.12,1853.44,4229.12,1.0,0,33.0,40.0,3n-1m-46th-100bs-484520s-DENV_1-brazil-BVBRC_genome_sequence,sequana_cpu_dev,3,11532614.0,1,46,100,484520,DENV_1-brazil-BVBRC_genome_sequence,20085.09,19436.16,39521.25,352.37,340.99,693.36,231.12,57.0, sdumont6165,2331753.75
1334.0,7728,56,4088068.0,161472.0,160848.0,4088164.0,1853.44,4229.12,1853.44,4229.12,1.0,0,25.0,29.0,3n-1m-46th-100bs-484520s-DENV_1-brazil-BVBRC_genome_sequence,sequana_cpu_dev,3,11532618.0,1,46,100,484520,DENV_1-brazil-BVBRC_genome_sequence,18932.22,18353.93,37286.15,350.6,339.89,690.48,230.16,54.0, sdumont6167,2088024.4
1333.0,7866,57,4088129.333007813,163792.0,162310.666015625,4088272.0,1853.44,4229.12,1853.44,4229.12,1.0,0,28.0,42.0,3n-1m-46th-100bs-484520s-DENV_1-brazil-BVBRC_genome_sequence,sequana_cpu_dev,3,11532620.0,1,46,100,484520,DENV_1-brazil-BVBRC_genome_sequence,19136.63,18590.43,37727.06,347.94,338.01,685.95,228.65,55.0, sdumont6166,2150442.42
1334.0,7314,53,4088178.666015625,162380.0,160938.666015625,4088272.0,1853.44,4229.12,1853.44,4229.12,1.0,0,34.0,38.0,3n-1m-46th-100bs-484520s-DENV_1-brazil-BVBRC_genome_sequence,sequana_cpu_dev,3,11532621.0,1,46,100,484520,DENV_1-brazil-BVBRC_genome_sequence,17503.35,17010.72,34514.06,341.01,331.34,672.36,224.12,51.33, sdumont6165,1829245.18
1390.0,8064,56,4223325.3330078125,162152.0,160489.3330078125,4223468.0,1853.44,4229.12,1853.44,4229.12,1.0,0,30.0,38.0,3n-1m-48th-100bs-484520s-DENV_1-brazil-BVBRC_genome_sequence,sequana_cpu_dev,3,11532623.0,1,48,100,484520,DENV_1-brazil-BVBRC_genome_sequence,18695.84,18909.41,37605.25,346.22,350.17,696.39,232.13,54.0, sdumont6165,2105894.0
2817.0,9072,63,4223417.3330078125,164060.0,162556.0,4223596.0,2078.72,4239.36,2078.72,4239.36,1.0,0,33.0,39.0,3n-1m-48th-100bs-484520s-DENV_1-brazil-BVBRC_genome_sequence,sequana_cpu_dev,3,11532625.0,1,48,100,484520,DENV_1-brazil-BVBRC_genome_sequence,21434.45,21755.48,43189.94,351.38,356.65,708.03,236.01,61.0, sdumont6167,2720966.22
2817.0,9216,64,4223417.3330078125,162208.0,161105.3330078125,4223596.0,2068.48,4239.36,2078.72,4239.36,1.0,0,34.0,42.0,3n-1m-48th-100bs-484520s-DENV_1-brazil-BVBRC_genome_sequence,sequana_cpu_dev,3,11532627.0,1,48,100,484520,DENV_1-brazil-BVBRC_genome_sequence,22279.37,22518.62,44797.99,359.34,363.2,722.55,240.85,62.0, sdumont6166,2867071.36
1391.0,8064,56,4223509.3330078125,162468.0,160528.0,4223604.0,1853.44,4229.12,1853.44,4229.12,1.0,0,28.0,37.0,3n-1m-48th-100bs-484520s-DENV_1-brazil-BVBRC_genome_sequence,sequana_cpu_dev,3,11532629.0,1,48,100,484520,DENV_1-brazil-BVBRC_genome_sequence,19046.09,19191.39,38237.48,352.71,355.4,708.1,236.03,54.0, sdumont6167,2141298.8800000004
1364.0,8784,61,4223333.3330078125,162100.0,161073.3330078125,4223492.0,1853.44,4229.12,1853.44,4229.12,1.0,0,192.0,516.0,3n-1m-48th-100bs-484520s-DENV_1-brazil-BVBRC_genome_sequence,sequana_cpu_dev,3,11532632.0,1,48,100,484520,DENV_1-brazil-BVBRC_genome_sequence,20705.46,20961.09,41666.55,350.94,355.27,706.21,235.4,59.0, sdumont6166,2541659.5500000003
62.0,564,47,911074.666015625,154896.0,149966.666015625,1137268.0,1873.92,4239.36,2150.4,4300.8,1.0,0,0.0,0.0,3n-2m-2th-100bs-484520s-DENV_1-brazil-BVBRC_genome_sequence,sequana_cpu_dev,3,11532634.0,2,2,100,484520,DENV_1-brazil-BVBRC_genome_sequence,8042.81,8446.4,16489.21,174.84,183.62,358.46,119.49,46.0, sdumont6167,774992.87
69.0,540,45,911102.0,154912.0,150696.0,1137192.0,1843.2,4239.36,2129.92,4300.8,1.0,0,0.0,0.0,3n-2m-2th-100bs-484520s-DENV_1-brazil-BVBRC_genome_sequence,sequana_cpu_dev,3,11532636.0,2,2,100,484520,DENV_1-brazil-BVBRC_genome_sequence,7869.31,8196.21,16065.51,181.69,189.17,370.86,123.62,43.33, sdumont6167,722947.95
66.0,516,43,911012.0,155144.0,149931.3330078125,1137092.0,1863.68,4239.36,2119.68,4300.8,1.0,0,0.0,0.0,3n-2m-2th-100bs-484520s-DENV_1-brazil-BVBRC_genome_sequence,sequana_cpu_dev,3,11532638.0,2,2,100,484520,DENV_1-brazil-BVBRC_genome_sequence,7561.02,7878.0,15439.02,180.02,187.57,367.6,122.53,42.0, sdumont6167,663877.86
69.0,528,44,911073.3330078124,154628.0,149873.3330078125,1133060.0,1832.96,4239.36,2109.44,4300.8,1.0,0,0.0,0.0,3n-2m-2th-100bs-484520s-DENV_1-brazil-BVBRC_genome_sequence,sequana_cpu_dev,3,11532640.0,2,2,100,484520,DENV_1-brazil-BVBRC_genome_sequence,7476.0,7801.44,15277.44,178.0,185.75,363.75,121.25,42.0, sdumont6166,672207.36
62.0,528,44,911012.666015625,154920.0,149910.0,1133056.0,1863.68,4239.36,2129.92,4300.8,1.0,0,0.0,0.0,3n-2m-2th-100bs-484520s-DENV_1-brazil-BVBRC_genome_sequence,sequana_cpu_dev,3,11532642.0,2,2,100,484520,DENV_1-brazil-BVBRC_genome_sequence,7852.4,8172.96,16025.36,182.61,190.07,372.68,124.23,43.0, sdumont6167,705115.8400000001
32.0,744,31,625710.0,150640.0,51027.3330078125,1258392.0,983.04,2129.92,2007.04,4300.8,1.0,0,0.0,0.0,3n-2m-4th-100bs-484520s-DENV_1-brazil-BVBRC_genome_sequence,sequana_cpu_dev,3,11532644.0,2,4,100,484520,DENV_1-brazil-BVBRC_genome_sequence,5692.56,5894.05,11586.61,217.26,224.46,441.72,147.24,26.33, sdumont6166,359184.91000000003
15.0,624,26,491557.3330078125,143568.0,27154.666015625,1246580.0,993.28,2129.92,2007.04,4300.8,1.0,0,0.0,0.0,3n-2m-4th-100bs-484520s-DENV_1-brazil-BVBRC_genome_sequence,sequana_cpu_dev,3,11532646.0,2,4,100,484520,DENV_1-brazil-BVBRC_genome_sequence,5564.67,5745.98,11310.64,222.59,229.84,452.43,150.81,25.0, sdumont6167,294076.64
50.0,672,28,613217.3330078125,152308.0,75068.0,1258248.0,901.12,2119.68,1935.36,4229.12,1.0,0,0.0,1.0,3n-2m-4th-100bs-484520s-DENV_1-brazil-BVBRC_genome_sequence,sequana_cpu_dev,3,11532648.0,2,4,100,484520,DENV_1-brazil-BVBRC_genome_sequence,5509.86,5678.95,11188.81,211.92,218.42,430.34,143.45,26.0, sdumont6166,313286.68
16.0,648,27,532207.3330078125,141212.0,27010.0,1246708.0,983.04,2129.92,2007.04,4300.8,1.0,0,0.0,0.0,3n-2m-4th-100bs-484520s-DENV_1-brazil-BVBRC_genome_sequence,sequana_cpu_dev,3,11532651.0,2,4,100,484520,DENV_1-brazil-BVBRC_genome_sequence,5550.73,5722.49,11273.22,213.49,220.1,433.59,144.53,26.0, sdumont6166,304376.94
35.0,696,29,594420.666015625,153264.0,51249.3330078125,1258412.0,983.04,2129.92,2017.28,4300.8,1.0,0,0.0,0.0,3n-2m-4th-100bs-484520s-DENV_1-brazil-BVBRC_genome_sequence,sequana_cpu_dev,3,11532653.0,2,4,100,484520,DENV_1-brazil-BVBRC_genome_sequence,6182.77,6402.57,12585.34,220.81,228.66,449.48,149.83,28.0, sdumont6165,364974.86
38.0,756,21,639326.666015625,151512.0,50980.666015625,1393232.0,962.56,2129.92,1976.32,4300.8,1.0,0,0.0,1.0,3n-2m-6th-100bs-484520s-DENV_1-brazil-BVBRC_genome_sequence,sequana_cpu_dev,3,11532656.0,2,6,100,484520,DENV_1-brazil-BVBRC_genome_sequence,5226.7,5331.17,10557.87,261.33,266.56,527.89,175.96,20.0, sdumont6166,221715.27
55.0,756,21,680662.0,149940.0,75581.3330078125,1381304.0,911.36,2129.92,1955.84,4300.8,1.0,0,0.0,2.0,3n-2m-6th-100bs-484520s-DENV_1-brazil-BVBRC_genome_sequence,sequana_cpu_dev,3,11532657.0,2,6,100,484520,DENV_1-brazil-BVBRC_genome_sequence,4765.73,4860.66,9626.39,256.46,261.23,517.69,172.56,18.67, sdumont6167,202154.19
61.0,792,22,753960.666015625,153084.0,75980.666015625,1393060.0,942.08,2129.92,1966.08,4300.8,1.0,0,0.0,1.0,3n-2m-6th-100bs-484520s-DENV_1-brazil-BVBRC_genome_sequence,sequana_cpu_dev,3,11532659.0,2,6,100,484520,DENV_1-brazil-BVBRC_genome_sequence,5316.55,5405.48,10722.03,253.17,257.4,510.57,170.19,21.0, sdumont6167,235884.66
43.0,864,24,670703.3330078125,151604.0,51188.666015625,1393232.0,972.8,2129.92,1996.8,4300.8,1.0,0,0.0,1.0,3n-2m-6th-100bs-484520s-DENV_1-brazil-BVBRC_genome_sequence,sequana_cpu_dev,3,11532661.0,2,6,100,484520,DENV_1-brazil-BVBRC_genome_sequence,5697.1,5791.48,11488.59,247.7,251.8,499.5,166.5,23.0, sdumont6166,275726.16000000003
55.0,720,20,753988.666015625,150400.0,75000.0,1393148.0,931.84,2129.92,1955.84,4300.8,1.0,0,0.0,1.0,3n-2m-6th-100bs-484520s-DENV_1-brazil-BVBRC_genome_sequence,sequana_cpu_dev,3,11532663.0,2,6,100,484520,DENV_1-brazil-BVBRC_genome_sequence,4752.3,4846.73,9599.03,250.12,255.09,505.21,168.4,19.0, sdumont6165,191980.6
75.0,1008,21,748175.3330078125,150428.0,75653.3330078125,1516388.0,911.36,2129.92,1966.08,4300.8,1.0,0,1.0,4.0,3n-2m-8th-100bs-484520s-DENV_1-brazil-BVBRC_genome_sequence,sequana_cpu_dev,3,11532665.0,2,8,100,484520,DENV_1-brazil-BVBRC_genome_sequence,5161.91,5330.01,10491.92,258.1,266.5,524.6,174.87,20.0, sdumont6165,220330.32
67.0,912,19,894777.3330078125,153660.0,75966.666015625,1528188.0,952.32,2129.92,1955.84,4300.8,1.0,0,1.0,3.0,3n-2m-8th-100bs-484520s-DENV_1-brazil-BVBRC_genome_sequence,sequana_cpu_dev,3,11532667.0,2,8,100,484520,DENV_1-brazil-BVBRC_genome_sequence,4961.59,5147.82,10109.41,275.64,285.99,561.63,187.21,18.0, sdumont6165,192078.79
44.0,864,18,684308.666015625,153596.0,51293.3330078125,1528188.0,952.32,2129.92,1945.6,4300.8,0.0,0,1.0,4.0,3n-2m-8th-100bs-484520s-DENV_1-brazil-BVBRC_genome_sequence,sequana_cpu_dev,3,11532670.0,2,8,100,484520,DENV_1-brazil-BVBRC_genome_sequence,4667.55,4865.31,9532.86,274.56,286.19,560.76,186.92,17.0, sdumont6167,171591.48
43.0,864,18,715654.0,151424.0,51253.3330078125,1528012.0,962.56,2129.92,1945.6,4300.8,1.0,0,0.0,3.0,3n-2m-8th-100bs-484520s-DENV_1-brazil-BVBRC_genome_sequence,sequana_cpu_dev,3,11532673.0,2,8,100,484520,DENV_1-brazil-BVBRC_genome_sequence,4624.64,4829.9,9454.54,272.04,284.11,556.15,185.38,17.0, sdumont6165,170181.72000000003
69.0,960,20,821458.0,154672.0,76112.0,1528048.0,931.84,2129.92,1955.84,4300.8,5.0,0,0.0,2.0,3n-2m-8th-100bs-484520s-DENV_1-brazil-BVBRC_genome_sequence,sequana_cpu_dev,3,11532678.0,2,8,100,484520,DENV_1-brazil-BVBRC_genome_sequence,5220.54,5400.64,10621.18,307.09,317.68,624.78,208.26,17.0, sdumont6167,212423.6
52.0,1080,18,760614.666015625,150764.0,51108.0,1663100.0,952.32,2129.92,1945.6,4300.8,1.0,0,0.0,4.0,3n-2m-10th-100bs-484520s-DENV_1-brazil-BVBRC_genome_sequence,sequana_cpu_dev,3,11532680.0,2,10,100,484520,DENV_1-brazil-BVBRC_genome_sequence,5042.9,5112.7,10155.6,304.14,307.9,612.03,204.01,16.67, sdumont6165,182800.8
78.0,1020,17,888996.666015625,155536.0,76466.666015625,1663136.0,931.84,2129.92,1945.6,4300.8,1.0,0,2.0,5.0,3n-2m-10th-100bs-484520s-DENV_1-brazil-BVBRC_genome_sequence,sequana_cpu_dev,3,11532682.0,2,10,100,484520,DENV_1-brazil-BVBRC_genome_sequence,5018.74,5091.87,10110.62,313.67,318.24,631.91,210.64,16.0, sdumont6167,171880.54
78.0,1080,18,962288.666015625,151316.0,75533.3330078125,1663136.0,952.32,2129.92,1945.6,4300.8,16.0,0,2.0,4.0,3n-2m-10th-100bs-484520s-DENV_1-brazil-BVBRC_genome_sequence,sequana_cpu_dev,3,11532684.0,2,10,100,484520,DENV_1-brazil-BVBRC_genome_sequence,4901.02,4959.34,9860.36,306.31,309.96,616.27,205.42,16.0, sdumont6165,177486.48
89.0,1200,20,888985.3330078125,153060.0,76202.666015625,1663100.0,931.84,2129.92,1955.84,4300.8,18.0,0,0.0,2.0,3n-2m-10th-100bs-484520s-DENV_1-brazil-BVBRC_genome_sequence,sequana_cpu_dev,3,11532686.0,2,10,100,484520,DENV_1-brazil-BVBRC_genome_sequence,5674.9,5728.01,11402.92,298.68,301.47,600.15,200.05,19.0, sdumont6167,228058.4
77.0,1080,18,962289.3330078124,151260.0,75598.666015625,1663140.0,952.32,2129.92,1945.6,4300.8,15.0,0,1.0,4.0,3n-2m-10th-100bs-484520s-DENV_1-brazil-BVBRC_genome_sequence,sequana_cpu_dev,3,11532688.0,2,10,100,484520,DENV_1-brazil-BVBRC_genome_sequence,5039.68,5105.13,10144.81,314.98,319.07,634.05,211.35,16.0, sdumont6167,182606.58
106.0,1512,21,1031248.666015625,157136.0,77699.3330078125,1806676.0,952.32,2129.92,1955.84,4300.8,27.0,0,1.0,6.0,3n-2m-12th-100bs-484520s-DENV_1-brazil-BVBRC_genome_sequence,sequana_cpu_dev,3,11532692.0,2,12,100,484520,DENV_1-brazil-BVBRC_genome_sequence,5857.21,6213.91,12071.12,325.4,345.22,670.62,223.54,18.0, sdumont6167,253493.52
117.0,1584,22,1032635.3330078124,158316.0,78150.0,1806656.0,952.32,2129.92,1976.32,4300.8,26.0,0,4.0,10.0,3n-2m-12th-100bs-484520s-DENV_1-brazil-BVBRC_genome_sequence,sequana_cpu_dev,3,11532694.0,2,12,100,484520,DENV_1-brazil-BVBRC_genome_sequence,6552.54,6911.27,13463.81,312.03,329.11,641.13,213.71,21.0, sdumont6166,296203.82
134.0,1872,26,1031246.0,157452.0,77442.0,1806676.0,972.8,2129.92,2007.04,4300.8,1.0,0,1.0,4.0,3n-2m-12th-100bs-484520s-DENV_1-brazil-BVBRC_genome_sequence,sequana_cpu_dev,3,11532696.0,2,12,100,484520,DENV_1-brazil-BVBRC_genome_sequence,7681.58,8071.19,15752.77,320.07,336.3,656.37,218.79,24.0, sdumont6166,409572.02
100.0,1368,19,936214.0,151832.0,56418.0,1798240.0,921.6,2119.68,1884.16,4229.12,1.0,0,2.0,7.0,3n-2m-12th-100bs-484520s-DENV_1-brazil-BVBRC_genome_sequence,sequana_cpu_dev,3,11532698.0,2,12,100,484520,DENV_1-brazil-BVBRC_genome_sequence,5063.67,5370.66,10434.33,281.32,298.37,579.68,193.23,18.0, sdumont6165,198252.27
91.0,1584,22,939757.3330078124,151572.0,59812.666015625,1798260.0,942.08,2129.92,1976.32,4300.8,1.0,0,1.0,5.0,3n-2m-12th-100bs-484520s-DENV_1-brazil-BVBRC_genome_sequence,sequana_cpu_dev,3,11532700.0,2,12,100,484520,DENV_1-brazil-BVBRC_genome_sequence,5289.6,5772.21,11061.81,264.48,288.61,553.09,184.36,20.0, sdumont6166,243359.82
105.0,1428,17,1173972.666015625,156240.0,76707.3330078125,2161580.0,942.08,2129.92,1935.36,4300.8,1.0,0,3.0,10.0,3n-2m-14th-100bs-484520s-DENV_1-brazil-BVBRC_genome_sequence,sequana_cpu_dev,3,11532702.0,2,14,100,484520,DENV_1-brazil-BVBRC_genome_sequence,5102.13,5168.18,10270.31,318.88,323.01,641.89,213.96,16.0, sdumont6167,174595.27
97.0,1932,23,820788.0,155780.0,52090.666015625,1941740.0,962.56,2129.92,1996.8,4300.8,1.0,0,2.0,13.0,3n-2m-14th-100bs-484520s-DENV_1-brazil-BVBRC_genome_sequence,sequana_cpu_dev,3,11532704.0,2,14,100,484520,DENV_1-brazil-BVBRC_genome_sequence,6952.38,7077.04,14029.42,316.02,321.68,637.7,212.57,22.0, sdumont6166,322676.66
105.0,1428,17,1041260.666015625,159868.0,57043.3330078125,2149840.0,921.6,2129.92,1935.36,4300.8,26.0,0,2.0,7.0,3n-2m-14th-100bs-484520s-DENV_1-brazil-BVBRC_genome_sequence,sequana_cpu_dev,3,11532706.0,2,14,100,484520,DENV_1-brazil-BVBRC_genome_sequence,5090.75,5134.38,10225.14,318.17,320.9,639.07,213.02,16.0, sdumont6167,173827.38
106.0,1428,17,1100192.666015625,160504.0,77904.0,1941760.0,931.84,2129.92,1945.6,4300.8,26.0,0,3.0,11.0,3n-2m-14th-100bs-484520s-DENV_1-brazil-BVBRC_genome_sequence,sequana_cpu_dev,3,11532708.0,2,14,100,484520,DENV_1-brazil-BVBRC_genome_sequence,5082.68,5143.97,10226.65,338.85,342.93,681.78,227.26,15.0, sdumont6167,173853.05
85.0,1680,20,852174.0,156244.0,52497.3330078125,1941756.0,962.56,2129.92,1966.08,4300.8,27.0,0,4.0,15.0,3n-2m-14th-100bs-484520s-DENV_1-brazil-BVBRC_genome_sequence,sequana_cpu_dev,3,11532710.0,2,14,100,484520,DENV_1-brazil-BVBRC_genome_sequence,5873.58,5944.7,11818.28,309.14,312.88,622.01,207.34,19.0, sdumont6166,236365.6
42.0,1728,18,598668.666015625,158296.0,29379.3330078125,2076992.0,952.32,2129.92,1966.08,4300.8,30.0,0,1.0,10.0,3n-2m-16th-100bs-484520s-DENV_1-brazil-BVBRC_genome_sequence,sequana_cpu_dev,3,11532712.0,2,16,100,484520,DENV_1-brazil-BVBRC_genome_sequence,5136.13,5398.99,10535.13,302.13,317.59,619.71,206.57,17.0, sdumont6166,189632.34
143.0,1920,20,1091672.0,155484.0,76688.0,2068500.0,931.84,2129.92,1955.84,4300.8,30.0,0,6.0,19.0,3n-2m-16th-100bs-484520s-DENV_1-brazil-BVBRC_genome_sequence,sequana_cpu_dev,3,11532714.0,2,16,100,484520,DENV_1-brazil-BVBRC_genome_sequence,5977.63,6325.16,12302.79,332.09,351.4,683.49,227.83,18.0, sdumont6167,246055.8
125.0,1728,18,1166357.3330078125,158256.0,77951.3330078125,2076792.0,942.08,2129.92,1955.84,4300.8,1.0,0,4.0,14.0,3n-2m-16th-100bs-484520s-DENV_1-brazil-BVBRC_genome_sequence,sequana_cpu_dev,3,11532716.0,2,16,100,484520,DENV_1-brazil-BVBRC_genome_sequence,5116.46,5404.87,10521.33,319.78,337.8,657.58,219.19,16.0, sdumont6165,189383.94
42.0,1728,18,626012.666015625,142304.0,27174.666015625,2056712.0,942.08,2129.92,1945.6,4300.8,1.0,0,2.0,14.0,3n-2m-16th-100bs-484520s-DENV_1-brazil-BVBRC_genome_sequence,sequana_cpu_dev,3,11532718.0,2,16,100,484520,DENV_1-brazil-BVBRC_genome_sequence,5120.7,5454.78,10575.48,301.22,320.87,622.09,207.36,17.0, sdumont6165,190358.64
145.0,1920,20,1167812.666015625,156176.0,77234.0,2077156.0,942.08,2129.92,1966.08,4300.8,1.0,0,3.0,12.0,3n-2m-16th-100bs-484520s-DENV_1-brazil-BVBRC_genome_sequence,sequana_cpu_dev,3,11532720.0,2,16,100,484520,DENV_1-brazil-BVBRC_genome_sequence,5833.09,6145.78,11978.87,307.0,323.46,630.47,210.16,19.0, sdumont6167,239577.4
145.0,1944,18,1159207.3330078125,153816.0,76040.0,2203544.0,931.84,2129.92,1945.6,4300.8,5.0,0,6.0,14.0,3n-2m-18th-100bs-484520s-DENV_1-brazil-BVBRC_genome_sequence,sequana_cpu_dev,3,11532723.0,2,18,100,484520,DENV_1-brazil-BVBRC_genome_sequence,5211.42,5307.4,10518.82,306.55,312.2,618.75,206.25,17.0, sdumont6166,189338.76
96.0,2052,19,940848.0,152216.0,51865.3330078125,2203544.0,952.32,2129.92,1945.6,4300.8,9.0,0,4.0,17.0,3n-2m-18th-100bs-484520s-DENV_1-brazil-BVBRC_genome_sequence,sequana_cpu_dev,3,11532726.0,2,18,100,484520,DENV_1-brazil-BVBRC_genome_sequence,5173.96,5241.65,10415.6,304.35,308.33,612.68,204.23,17.0, sdumont6165,197896.4
143.0,2052,19,1159234.0,151776.0,76116.0,2203544.0,931.84,2129.92,1945.6,4300.8,41.0,0,5.0,13.0,3n-2m-18th-100bs-484520s-DENV_1-brazil-BVBRC_genome_sequence,sequana_cpu_dev,3,11532728.0,2,18,100,484520,DENV_1-brazil-BVBRC_genome_sequence,5157.64,5194.36,10352.0,322.35,324.65,647.0,215.67,16.0, sdumont6166,196688.0
94.0,1944,18,909502.666015625,155648.0,51856.666015625,2203724.0,962.56,2129.92,1955.84,4300.8,39.0,0,3.0,10.0,3n-2m-18th-100bs-484520s-DENV_1-brazil-BVBRC_genome_sequence,sequana_cpu_dev,3,11532730.0,2,18,100,484520,DENV_1-brazil-BVBRC_genome_sequence,5228.66,5306.92,10535.58,326.79,331.68,658.47,219.49,16.0, sdumont6166,189640.44
164.0,2268,21,1235342.0,160116.0,77958.666015625,2212152.0,942.08,2129.92,1966.08,4300.8,42.0,0,4.0,9.0,3n-2m-18th-100bs-484520s-DENV_1-brazil-BVBRC_genome_sequence,sequana_cpu_dev,3,11532732.0,2,18,100,484520,DENV_1-brazil-BVBRC_genome_sequence,5866.37,5937.01,11803.38,308.76,312.47,621.23,207.08,19.0, sdumont6167,247870.98
180.0,2400,20,1300192.666015625,154116.0,76348.666015625,2339068.0,962.56,2129.92,1966.08,4300.8,0.0,0,8.0,17.0,3n-2m-20th-100bs-484520s-DENV_1-brazil-BVBRC_genome_sequence,sequana_cpu_dev,3,11532733.0,2,20,100,484520,DENV_1-brazil-BVBRC_genome_sequence,6070.41,6276.1,12346.51,330.88,342.31,673.18,224.39,18.33, sdumont6167,246930.2
157.0,2160,18,1226800.666015625,153984.0,76418.0,2338716.0,931.84,2129.92,1945.6,4300.8,1.0,0,8.0,17.0,3n-2m-20th-100bs-484520s-DENV_1-brazil-BVBRC_genome_sequence,sequana_cpu_dev,3,11532735.0,2,20,100,484520,DENV_1-brazil-BVBRC_genome_sequence,5350.29,5518.3,10868.59,327.37,337.95,665.32,221.77,16.33, sdumont6167,195634.62
166.0,2280,19,1226827.3330078125,153784.0,76106.666015625,2338716.0,931.84,2129.92,1945.6,4300.8,1.0,0,6.0,16.0,3n-2m-20th-100bs-484520s-DENV_1-brazil-BVBRC_genome_sequence,sequana_cpu_dev,3,11532737.0,2,20,100,484520,DENV_1-brazil-BVBRC_genome_sequence,5329.96,5496.63,10826.6,301.71,311.16,612.87,204.29,17.67, sdumont6165,205705.4
157.0,3720,31,1300104.666015625,155984.0,76909.3330078125,2338720.0,952.32,2129.92,1945.6,4300.8,1.0,0,4.0,14.0,3n-2m-20th-100bs-484520s-DENV_1-brazil-BVBRC_genome_sequence,sequana_cpu_dev,3,11532740.0,2,20,100,484520,DENV_1-brazil-BVBRC_genome_sequence,5360.06,5513.58,10873.64,328.01,337.66,665.67,221.89,16.33, sdumont6167,337082.84
105.0,2160,18,985885.3330078124,153524.0,52107.3330078125,2338720.0,962.56,2129.92,1945.6,4300.8,1.0,0,4.0,14.0,3n-2m-20th-100bs-484520s-DENV_1-brazil-BVBRC_genome_sequence,sequana_cpu_dev,3,11532743.0,2,20,100,484520,DENV_1-brazil-BVBRC_genome_sequence,5316.34,5489.31,10805.66,319.1,329.47,648.57,216.19,16.67, sdumont6166,194501.88
178.0,3168,24,1369112.666015625,158472.0,77725.3330078125,2482460.0,952.32,2129.92,1955.84,4300.8,1.0,0,9.0,21.0,3n-2m-22th-100bs-484520s-DENV_1-brazil-BVBRC_genome_sequence,sequana_cpu_dev,3,11532744.0,2,22,100,484520,DENV_1-brazil-BVBRC_genome_sequence,5533.85,5637.88,11171.73,325.52,331.64,657.16,219.05,17.0, sdumont6166,268121.52
178.0,2376,18,1221146.0,151000.0,75406.666015625,2462260.0,911.36,2129.92,1945.6,4300.8,1.0,0,6.0,15.0,3n-2m-22th-100bs-484520s-DENV_1-brazil-BVBRC_genome_sequence,sequana_cpu_dev,3,11532748.0,2,22,100,484520,DENV_1-brazil-BVBRC_genome_sequence,5519.26,5596.02,11115.28,344.95,349.75,694.71,231.57,16.0, sdumont6165,200075.04
206.0,2772,21,1222045.3330078125,151164.0,75935.3330078125,2467820.0,911.36,2129.92,1966.08,4300.8,1.0,0,8.0,23.0,3n-2m-22th-100bs-484520s-DENV_1-brazil-BVBRC_genome_sequence,sequana_cpu_dev,3,11532750.0,2,22,100,484520,DENV_1-brazil-BVBRC_genome_sequence,6421.18,6530.89,12952.08,337.96,343.73,681.69,227.23,19.0, sdumont6166,271993.68
116.0,2508,19,1001003.3330078124,157948.0,52582.0,2482312.0,942.08,2129.92,1955.84,4300.8,1.0,0,5.0,23.0,3n-2m-22th-100bs-484520s-DENV_1-brazil-BVBRC_genome_sequence,sequana_cpu_dev,3,11532754.0,2,22,100,484520,DENV_1-brazil-BVBRC_genome_sequence,5521.31,5621.86,11143.17,338.6,344.51,683.1,227.7,16.33, sdumont6165,211720.23
199.0,2640,20,1367684.666015625,153712.0,76339.3330078125,2473896.0,962.56,2129.92,1966.08,4300.8,1.0,0,8.0,20.0,3n-2m-22th-100bs-484520s-DENV_1-brazil-BVBRC_genome_sequence,sequana_cpu_dev,3,11532758.0,2,22,100,484520,DENV_1-brazil-BVBRC_genome_sequence,6291.37,6369.71,12661.07,349.52,353.87,703.39,234.46,18.0, sdumont6167,253221.4
237.0,3168,22,1435274.666015625,152328.0,76712.666015625,2609248.0,972.8,2129.92,1986.56,4300.8,1.0,0,8.0,17.0,3n-2m-24th-100bs-484520s-DENV_1-brazil-BVBRC_genome_sequence,sequana_cpu_dev,3,11532760.0,2,24,100,484520,DENV_1-brazil-BVBRC_genome_sequence,7287.49,7392.23,14679.72,364.37,369.61,733.99,244.66,20.0, sdumont6165,322953.84
160.0,3744,26,1076062.666015625,152224.0,51591.3330078125,2609248.0,993.28,2129.92,2027.52,4300.8,1.0,0,55.0,310.0,3n-2m-24th-100bs-484520s-DENV_1-brazil-BVBRC_genome_sequence,sequana_cpu_dev,3,11532771.0,2,24,100,484520,DENV_1-brazil-BVBRC_genome_sequence,7793.67,8079.84,15873.51,324.74,336.66,661.4,220.47,24.0, sdumont6167,412711.26
236.0,3168,22,1339975.3330078125,154124.0,56648.666015625,2609248.0,942.08,2129.92,1986.56,4300.8,1.0,0,10.0,30.0,3n-2m-24th-100bs-484520s-DENV_1-brazil-BVBRC_genome_sequence,sequana_cpu_dev,3,11532773.0,2,24,100,484520,DENV_1-brazil-BVBRC_genome_sequence,7335.64,7508.7,14844.34,366.78,375.43,742.22,247.41,20.0, sdumont6167,326575.48
754.0,5328,37,2393722.0,157304.0,152951.3330078125,2621828.0,1843.2,4239.36,2088.96,4300.8,1.0,0,18.0,23.0,3n-2m-24th-100bs-484520s-DENV_1-brazil-BVBRC_genome_sequence,sequana_cpu_dev,3,11532774.0,2,24,100,484520,DENV_1-brazil-BVBRC_genome_sequence,13564.46,12792.87,26357.34,387.56,365.51,753.07,251.02,35.0, sdumont6172,975221.58
222.0,3024,21,1417838.0,158108.0,59543.3330078125,2617492.0,952.32,2129.92,1976.32,4300.8,1.0,0,11.0,25.0,3n-2m-24th-100bs-484520s-DENV_1-brazil-BVBRC_genome_sequence,sequana_cpu_dev,3,11532776.0,2,24,100,484520,DENV_1-brazil-BVBRC_genome_sequence,6777.94,6368.83,13146.77,356.73,335.2,691.94,230.65,19.0, sdumont6172,276082.17
58.0,480,60,1113307.0,154944.0,152182.0,1116316.0,1853.44,4218.88,1853.44,4218.88,1.0,0,0.0,0.0,4n-1m-2th-100bs-484520s-DENV_1-brazil-BVBRC_genome_sequence,sequana_cpu_dev,4,11532778.0,1,2,100,484520,DENV_1-brazil-BVBRC_genome_sequence,14314.3,9677.85,23992.15,242.62,164.03,406.65,101.66,59.0, sdumont6165,1439529.0
117.0,488,61,1114676.0,155144.0,152835.0,1116316.0,2068.48,4229.12,2078.72,4229.12,1.0,0,13.0,26.0,4n-1m-2th-100bs-484520s-DENV_1-brazil-BVBRC_genome_sequence,sequana_cpu_dev,4,11532780.0,1,2,100,484520,DENV_1-brazil-BVBRC_genome_sequence,14851.43,10102.29,24953.73,247.52,168.37,415.9,103.97,60.0, sdumont6167,1522177.53
117.0,496,62,1171776.0,156824.0,153110.0,1344548.0,2068.48,4229.12,2078.72,4229.12,1.0,0,0.0,0.0,4n-1m-2th-100bs-484520s-DENV_1-brazil-BVBRC_genome_sequence,sequana_cpu_dev,4,11532782.0,1,2,100,484520,DENV_1-brazil-BVBRC_genome_sequence,14821.73,10067.82,24889.55,242.98,165.05,408.03,102.01,61.0, sdumont6166,1543152.1
116.0,504,63,1170386.0,160800.0,154570.0,1344612.0,2068.48,4229.12,2078.72,4229.12,1.0,0,0.0,0.0,4n-1m-2th-100bs-484520s-DENV_1-brazil-BVBRC_genome_sequence,sequana_cpu_dev,4,11532784.0,1,2,100,484520,DENV_1-brazil-BVBRC_genome_sequence,15005.62,10254.37,25259.99,242.03,165.39,407.42,101.85,62.0, sdumont6168,1591379.37
88.0,488,61,1113262.0,154972.0,152177.0,1116296.0,2150.4,4249.6,2242.56,4311.04,1.0,0,0.0,0.0,4n-1m-2th-100bs-484520s-DENV_1-brazil-BVBRC_genome_sequence,sequana_cpu_dev,4,11532787.0,1,2,100,484520,DENV_1-brazil-BVBRC_genome_sequence,14751.8,10020.19,24772.0,245.86,167.0,412.87,103.22,60.0, sdumont6166,1511092.0
117.0,592,37,1247395.0,157204.0,154255.0,1250400.0,1853.44,4229.12,1853.44,4229.12,1.0,0,0.0,1.0,4n-1m-4th-100bs-484520s-DENV_1-brazil-BVBRC_genome_sequence,sequana_cpu_dev,4,11532790.0,1,4,100,484520,DENV_1-brazil-BVBRC_genome_sequence,10720.95,5947.74,16668.69,297.8,165.21,463.02,115.75,36.0, sdumont6165,616741.5299999999
115.0,640,40,1247456.0,157420.0,153745.0,1250552.0,1853.44,4229.12,1853.44,4229.12,1.0,0,0.0,2.0,4n-1m-4th-100bs-484520s-DENV_1-brazil-BVBRC_genome_sequence,sequana_cpu_dev,4,11532792.0,1,4,100,484520,DENV_1-brazil-BVBRC_genome_sequence,11210.83,6286.12,17496.95,287.46,161.18,448.64,112.16,39.0, sdumont6168,699878.0
117.0,576,36,1247497.0,159308.0,153849.0,1250548.0,1853.44,4229.12,1853.44,4229.12,1.0,0,0.0,0.0,4n-1m-4th-100bs-484520s-DENV_1-brazil-BVBRC_genome_sequence,sequana_cpu_dev,4,11532795.0,1,4,100,484520,DENV_1-brazil-BVBRC_genome_sequence,10053.25,5558.18,15611.42,287.24,158.81,446.04,111.51,35.0, sdumont6167,562011.12
117.0,576,36,1247470.0,159452.0,153801.0,1250512.0,1853.44,4229.12,1853.44,4229.12,1.0,0,0.0,1.0,4n-1m-4th-100bs-484520s-DENV_1-brazil-BVBRC_genome_sequence,sequana_cpu_dev,4,11532798.0,1,4,100,484520,DENV_1-brazil-BVBRC_genome_sequence,10105.47,5578.18,15683.65,288.73,159.38,448.1,112.03,35.0, sdumont6166,564611.4
117.0,576,36,1247396.0,155544.0,152751.0,1250404.0,1853.44,4229.12,1853.44,4229.12,1.0,0,0.0,0.0,4n-1m-4th-100bs-484520s-DENV_1-brazil-BVBRC_genome_sequence,sequana_cpu_dev,4,11532802.0,1,4,100,484520,DENV_1-brazil-BVBRC_genome_sequence,10106.37,5577.08,15683.45,288.75,159.35,448.1,112.02,35.0, sdumont6168,564604.2000000001
0.0,696,29,265352.0,3152.0,3134.0,265352.0,0.0,0.0,0.0,0.0,1.0,0,0.0,0.0,4n-1m-6th-100bs-484520s-DENV_1-brazil-BVBRC_genome_sequence,sequana_cpu_dev,4,11532805.0,1,6,100,484520,DENV_1-brazil-BVBRC_genome_sequence,9299.62,4424.36,13723.98,332.13,158.01,490.14,122.54,28.0, sdumont6166,397995.42
0.0,696,29,265352.0,3196.0,2608.0,265352.0,0.0,0.0,0.0,0.0,1.0,0,0.0,0.0,4n-1m-6th-100bs-484520s-DENV_1-brazil-BVBRC_genome_sequence,sequana_cpu_dev,4,11532808.0,1,6,100,484520,DENV_1-brazil-BVBRC_genome_sequence,9471.68,4458.74,13930.42,338.27,159.24,497.52,124.38,28.0, sdumont6167,403982.18
0.0,672,28,265352.0,3148.0,3102.0,265352.0,0.0,0.0,0.0,0.0,1.0,0,0.0,0.0,4n-1m-6th-100bs-484520s-DENV_1-brazil-BVBRC_genome_sequence,sequana_cpu_dev,4,11532810.0,1,6,100,484520,DENV_1-brazil-BVBRC_genome_sequence,9429.28,4440.67,13869.95,349.23,164.47,513.7,128.43,27.0, sdumont6165,388358.6
0.0,696,29,265352.0,3196.0,3130.0,265352.0,0.0,0.0,0.0,0.0,1.0,0,0.0,0.0,4n-1m-6th-100bs-484520s-DENV_1-brazil-BVBRC_genome_sequence,sequana_cpu_dev,4,11532814.0,1,6,100,484520,DENV_1-brazil-BVBRC_genome_sequence,9480.19,4464.17,13944.36,338.58,159.43,498.01,124.5,28.0, sdumont6167,404386.44
0.0,672,28,265352.0,3156.0,2620.0,265352.0,0.0,0.0,0.0,0.0,1.0,0,0.0,0.0,4n-1m-6th-100bs-484520s-DENV_1-brazil-BVBRC_genome_sequence,sequana_cpu_dev,4,11532816.0,1,6,100,484520,DENV_1-brazil-BVBRC_genome_sequence,9497.88,4463.3,13961.18,351.77,165.31,517.08,129.27,27.0, sdumont6167,390913.04
0.0,800,25,265352.0,3004.0,1530.0,265352.0,0.0,0.0,0.0,0.0,1.0,0,0.0,0.0,4n-1m-8th-100bs-484520s-DENV_1-brazil-BVBRC_genome_sequence,sequana_cpu_dev,4,11532818.0,1,8,100,484520,DENV_1-brazil-BVBRC_genome_sequence,9128.89,3915.3,13044.19,380.37,163.14,543.51,135.88,24.0, sdumont6166,326104.75
0.0,800,25,265352.0,3160.0,2083.0,265352.0,0.0,0.0,0.0,0.0,1.0,0,0.0,0.0,4n-1m-8th-100bs-484520s-DENV_1-brazil-BVBRC_genome_sequence,sequana_cpu_dev,4,11532820.0,1,8,100,484520,DENV_1-brazil-BVBRC_genome_sequence,8915.09,3804.52,12719.6,371.46,158.52,529.98,132.5,24.0, sdumont6166,317990.0
0.0,896,28,265352.0,3144.0,1564.0,265352.0,0.0,0.0,0.0,0.0,1.0,0,0.0,0.0,4n-1m-8th-100bs-484520s-DENV_1-brazil-BVBRC_genome_sequence,sequana_cpu_dev,4,11532822.0,1,8,100,484520,DENV_1-brazil-BVBRC_genome_sequence,9834.32,4256.22,14090.54,371.43,160.89,532.32,133.08,26.5, sdumont6165,394535.12
0.0,896,28,265352.0,3168.0,2098.0,265352.0,0.0,0.0,0.0,0.0,1.0,0,0.0,0.0,4n-1m-8th-100bs-484520s-DENV_1-brazil-BVBRC_genome_sequence,sequana_cpu_dev,4,11532823.0,1,8,100,484520,DENV_1-brazil-BVBRC_genome_sequence,10132.26,4470.35,14602.6,375.27,165.57,540.84,135.21,27.0, sdumont6167,408872.8
0.0,864,27,265352.0,3144.0,2070.0,265352.0,0.0,0.0,0.0,0.0,1.0,0,0.0,0.0,4n-1m-8th-100bs-484520s-DENV_1-brazil-BVBRC_genome_sequence,sequana_cpu_dev,4,11532827.0,1,8,100,484520,DENV_1-brazil-BVBRC_genome_sequence,9577.45,4125.98,13703.44,368.36,158.69,527.06,131.76,26.0, sdumont6165,369992.88
0.0,1000,25,265352.0,3124.0,1560.0,265352.0,0.0,0.0,0.0,0.0,1.0,0,0.0,0.0,4n-1m-10th-100bs-484520s-DENV_1-brazil-BVBRC_genome_sequence,sequana_cpu_dev,4,11532830.0,1,10,100,484520,DENV_1-brazil-BVBRC_genome_sequence,9445.6,3749.0,13194.6,393.57,156.21,549.78,137.44,24.0, sdumont6166,329865.0
0.0,1080,27,265352.0,1044.0,1043.0,265352.0,0.0,0.0,0.0,0.0,3.0,0,0.0,0.0,4n-1m-10th-100bs-484520s-DENV_1-brazil-BVBRC_genome_sequence,sequana_cpu_dev,4,11532833.0,1,10,100,484520,DENV_1-brazil-BVBRC_genome_sequence,10308.65,4086.99,14395.64,412.35,163.48,575.83,143.96,25.0, sdumont6165,388682.28
0.0,1000,25,265352.0,3160.0,1569.0,265352.0,0.0,0.0,0.0,0.0,1.0,0,0.0,0.0,4n-1m-10th-100bs-484520s-DENV_1-brazil-BVBRC_genome_sequence,sequana_cpu_dev,4,11532836.0,1,10,100,484520,DENV_1-brazil-BVBRC_genome_sequence,9454.13,3749.17,13203.3,393.92,156.22,550.14,137.53,24.0, sdumont6168,330082.5
0.0,1000,25,265352.0,3124.0,1561.0,265352.0,0.0,0.0,0.0,0.0,1.0,0,0.0,0.0,4n-1m-10th-100bs-484520s-DENV_1-brazil-BVBRC_genome_sequence,sequana_cpu_dev,4,11532838.0,1,10,100,484520,DENV_1-brazil-BVBRC_genome_sequence,9497.29,3752.5,13249.79,395.72,156.35,552.07,138.02,24.0, sdumont6167,331244.75
0.0,1040,26,265876.0,3124.0,2069.0,267448.0,0.0,0.0,0.0,0.0,19.0,0,0.0,0.0,4n-1m-10th-100bs-484520s-DENV_1-brazil-BVBRC_genome_sequence,sequana_cpu_dev,4,11532844.0,1,10,100,484520,DENV_1-brazil-BVBRC_genome_sequence,9302.52,3584.39,12886.91,387.6,149.35,536.95,134.24,24.0, sdumont6055,335059.66
0.0,1152,24,265352.0,3176.0,1575.0,265352.0,0.0,0.0,0.0,0.0,45.0,0,0.0,0.0,4n-1m-12th-100bs-484520s-DENV_1-brazil-BVBRC_genome_sequence,sequana_cpu_dev,4,11532846.0,1,12,100,484520,DENV_1-brazil-BVBRC_genome_sequence,9730.72,3806.09,13536.81,442.31,173.0,615.31,153.83,22.0, sdumont6167,324883.44
0.0,1152,24,265352.0,1044.0,1042.0,265352.0,0.0,0.0,0.0,0.0,68.0,0,0.0,0.0,4n-1m-12th-100bs-484520s-DENV_1-brazil-BVBRC_genome_sequence,sequana_cpu_dev,4,11532849.0,1,12,100,484520,DENV_1-brazil-BVBRC_genome_sequence,9753.3,3849.98,13603.28,424.06,167.39,591.45,147.86,23.0, sdumont6167,326478.72000000003
0.0,1152,24,265352.0,1044.0,1042.0,265352.0,0.0,0.0,0.0,0.0,44.0,0,0.0,0.0,4n-1m-12th-100bs-484520s-DENV_1-brazil-BVBRC_genome_sequence,sequana_cpu_dev,4,11532852.0,1,12,100,484520,DENV_1-brazil-BVBRC_genome_sequence,9761.08,3839.93,13601.0,424.39,166.95,591.35,147.84,23.0, sdumont6167,326424.0
0.0,1152,24,265352.0,3064.0,1544.0,265352.0,0.0,0.0,0.0,0.0,8.0,0,0.0,0.0,4n-1m-12th-100bs-484520s-DENV_1-brazil-BVBRC_genome_sequence,sequana_cpu_dev,4,11532858.0,1,12,100,484520,DENV_1-brazil-BVBRC_genome_sequence,9520.32,3751.58,13271.91,413.93,163.11,577.04,144.26,23.0, sdumont6165,318525.84
0.0,1152,24,265352.0,1040.0,1037.0,265352.0,0.0,0.0,0.0,0.0,9.0,0,0.0,0.0,4n-1m-12th-100bs-484520s-DENV_1-brazil-BVBRC_genome_sequence,sequana_cpu_dev,4,11532864.0,1,12,100,484520,DENV_1-brazil-BVBRC_genome_sequence,9431.86,3701.42,13133.28,424.06,166.62,590.68,147.67,22.25, sdumont6165,315198.72000000003
0.0,1344,24,265352.0,1040.0,1039.0,265352.0,0.0,0.0,0.0,0.0,10.0,0,0.0,0.0,4n-1m-14th-100bs-484520s-DENV_1-brazil-BVBRC_genome_sequence,sequana_cpu_dev,4,11532868.0,1,14,100,484520,DENV_1-brazil-BVBRC_genome_sequence,9697.54,3755.56,13453.1,421.63,163.29,584.92,146.23,23.0, sdumont6168,322874.4
0.0,1400,25,265352.0,1044.0,1042.0,265352.0,0.0,0.0,0.0,0.0,9.0,0,0.0,0.0,4n-1m-14th-100bs-484520s-DENV_1-brazil-BVBRC_genome_sequence,sequana_cpu_dev,4,11532870.0,1,14,100,484520,DENV_1-brazil-BVBRC_genome_sequence,10356.69,4009.22,14365.92,431.53,167.05,598.58,149.64,24.0, sdumont6165,359148.0
0.0,1568,28,265352.0,1040.0,1039.0,265352.0,0.0,0.0,0.0,0.0,1.0,0,0.0,0.0,4n-1m-14th-100bs-484520s-DENV_1-brazil-BVBRC_genome_sequence,sequana_cpu_dev,4,11532871.0,1,14,100,484520,DENV_1-brazil-BVBRC_genome_sequence,10600.94,4108.82,14709.77,404.08,156.6,560.68,140.17,26.25, sdumont6165,411873.56
0.0,1344,24,265352.0,1044.0,1039.0,265352.0,0.0,0.0,0.0,0.0,1.0,0,0.0,0.0,4n-1m-14th-100bs-484520s-DENV_1-brazil-BVBRC_genome_sequence,sequana_cpu_dev,4,11532874.0,1,14,100,484520,DENV_1-brazil-BVBRC_genome_sequence,9723.3,3756.45,13479.75,422.75,163.32,586.08,146.52,23.0, sdumont6167,323514.0
0.0,1400,25,265352.0,1044.0,1041.0,265352.0,0.0,0.0,0.0,0.0,1.0,0,0.0,0.0,4n-1m-14th-100bs-484520s-DENV_1-brazil-BVBRC_genome_sequence,sequana_cpu_dev,4,11532876.0,1,14,100,484520,DENV_1-brazil-BVBRC_genome_sequence,10316.15,3989.8,14305.95,429.84,166.24,596.08,149.02,24.0, sdumont6166,357648.75
0.0,1728,27,265352.0,3096.0,1556.0,265352.0,0.0,0.0,0.0,0.0,47.0,0,0.0,0.0,4n-1m-16th-100bs-484520s-DENV_1-brazil-BVBRC_genome_sequence,sequana_cpu_dev,4,11532880.0,1,16,100,484520,DENV_1-brazil-BVBRC_genome_sequence,10501.72,4014.78,14516.51,420.07,160.59,580.66,145.17,25.0, sdumont6165,391945.77
0.0,1600,25,265352.0,1040.0,1040.0,265352.0,0.0,0.0,0.0,0.0,47.0,0,0.0,0.0,4n-1m-16th-100bs-484520s-DENV_1-brazil-BVBRC_genome_sequence,sequana_cpu_dev,4,11532883.0,1,16,100,484520,DENV_1-brazil-BVBRC_genome_sequence,9857.99,3680.75,13538.75,410.75,153.36,564.11,141.03,24.0, sdumont6169,338468.75
0.0,1536,24,265352.0,3060.0,1546.0,265352.0,0.0,0.0,0.0,0.0,1.0,0,0.0,0.0,4n-1m-16th-100bs-484520s-DENV_1-brazil-BVBRC_genome_sequence,sequana_cpu_dev,4,11532884.0,1,16,100,484520,DENV_1-brazil-BVBRC_genome_sequence,9878.47,3694.81,13573.28,429.5,160.64,590.14,147.54,23.0, sdumont6165,325758.72000000003
0.0,1600,25,265352.0,3128.0,1562.0,265352.0,0.0,0.0,0.0,0.0,9.0,0,0.0,0.0,4n-1m-16th-100bs-484520s-DENV_1-brazil-BVBRC_genome_sequence,sequana_cpu_dev,4,11532887.0,1,16,100,484520,DENV_1-brazil-BVBRC_genome_sequence,9880.03,3685.62,13565.65,444.42,165.69,610.12,152.53,22.25, sdumont6169,339141.25
0.0,1536,24,265352.0,3064.0,1545.0,265352.0,0.0,0.0,0.0,0.0,10.0,0,0.0,0.0,4n-1m-16th-100bs-484520s-DENV_1-brazil-BVBRC_genome_sequence,sequana_cpu_dev,4,11532890.0,1,16,100,484520,DENV_1-brazil-BVBRC_genome_sequence,9897.83,3701.46,13599.29,430.34,160.93,591.27,147.82,23.0, sdumont6165,326382.96
0.0,1872,26,265352.0,1040.0,1038.0,265352.0,0.0,0.0,0.0,0.0,9.0,0,0.0,0.0,4n-1m-18th-100bs-484520s-DENV_1-brazil-BVBRC_genome_sequence,sequana_cpu_dev,4,11532892.0,1,18,100,484520,DENV_1-brazil-BVBRC_genome_sequence,10376.41,3846.18,14222.59,428.06,158.59,586.65,146.66,24.25, sdumont6169,369787.34
0.0,1728,24,265352.0,3140.0,1565.0,265352.0,0.0,0.0,0.0,0.0,4.0,0,0.0,0.0,4n-1m-18th-100bs-484520s-DENV_1-brazil-BVBRC_genome_sequence,sequana_cpu_dev,4,11532893.0,1,18,100,484520,DENV_1-brazil-BVBRC_genome_sequence,9817.75,3663.65,13481.4,426.86,159.29,586.15,146.54,23.0, sdumont6169,323553.6
0.0,1800,25,265352.0,3116.0,1558.0,265352.0,0.0,0.0,0.0,0.0,1.0,0,0.0,0.0,4n-1m-18th-100bs-484520s-DENV_1-brazil-BVBRC_genome_sequence,sequana_cpu_dev,4,11532896.0,1,18,100,484520,DENV_1-brazil-BVBRC_genome_sequence,9897.37,3700.0,13597.37,430.32,160.87,591.19,147.8,23.0, sdumont6169,339934.25
0.0,1872,26,265352.0,1040.0,1040.0,265352.0,0.0,0.0,0.0,0.0,2.0,0,0.0,0.0,4n-1m-18th-100bs-484520s-DENV_1-brazil-BVBRC_genome_sequence,sequana_cpu_dev,4,11532899.0,1,18,100,484520,DENV_1-brazil-BVBRC_genome_sequence,10373.24,4129.2,14502.44,414.93,165.17,580.1,145.02,25.0, sdumont6166,377063.44
0.0,1800,25,265352.0,1044.0,1041.0,265352.0,0.0,0.0,0.0,0.0,1.0,0,0.0,0.0,4n-1m-18th-100bs-484520s-DENV_1-brazil-BVBRC_genome_sequence,sequana_cpu_dev,4,11532903.0,1,18,100,484520,DENV_1-brazil-BVBRC_genome_sequence,9748.2,3755.11,13503.31,423.83,163.27,587.1,146.78,23.0, sdumont6167,337582.75
0.0,2000,25,265352.0,1044.0,1041.0,265352.0,0.0,0.0,0.0,0.0,187.0,0,0.0,0.0,4n-1m-20th-100bs-484520s-DENV_1-brazil-BVBRC_genome_sequence,sequana_cpu_dev,4,11532907.0,1,20,100,484520,DENV_1-brazil-BVBRC_genome_sequence,10193.57,3847.62,14041.18,424.73,160.32,585.05,146.26,24.0, sdumont6168,351029.5
0.0,2080,26,265352.0,1040.0,1037.0,265352.0,0.0,0.0,0.0,0.0,59.0,0,0.0,0.0,4n-1m-20th-100bs-484520s-DENV_1-brazil-BVBRC_genome_sequence,sequana_cpu_dev,4,11532909.0,1,20,100,484520,DENV_1-brazil-BVBRC_genome_sequence,10403.08,3879.43,14282.52,433.46,161.64,595.1,148.78,24.0, sdumont6167,371345.52
0.0,2000,25,265352.0,1040.0,1037.0,265352.0,0.0,0.0,0.0,0.0,13.0,0,0.0,0.0,4n-1m-20th-100bs-484520s-DENV_1-brazil-BVBRC_genome_sequence,sequana_cpu_dev,4,11532912.0,1,20,100,484520,DENV_1-brazil-BVBRC_genome_sequence,10354.2,3871.79,14225.99,431.42,161.32,592.75,148.19,24.0, sdumont6166,355649.75
0.0,2080,26,265352.0,3164.0,1571.0,265352.0,0.0,0.0,0.0,0.0,12.0,0,0.0,0.0,4n-1m-20th-100bs-484520s-DENV_1-brazil-BVBRC_genome_sequence,sequana_cpu_dev,4,11532915.0,1,20,100,484520,DENV_1-brazil-BVBRC_genome_sequence,10177.89,3814.74,13992.63,411.26,153.97,565.23,141.31,24.75, sdumont6166,363808.38
0.0,2000,25,265352.0,1040.0,1038.0,265352.0,0.0,0.0,0.0,0.0,14.0,0,0.0,0.0,4n-1m-20th-100bs-484520s-DENV_1-brazil-BVBRC_genome_sequence,sequana_cpu_dev,4,11532917.0,1,20,100,484520,DENV_1-brazil-BVBRC_genome_sequence,10161.8,3797.99,13959.8,437.38,163.45,600.83,150.21,23.25, sdumont6167,348995.0
0.0,2288,26,265352.0,3084.0,1550.0,265352.0,0.0,0.0,0.0,0.0,23.0,0,0.0,0.0,4n-1m-22th-100bs-484520s-DENV_1-brazil-BVBRC_genome_sequence,sequana_cpu_dev,4,11532923.0,1,22,100,484520,DENV_1-brazil-BVBRC_genome_sequence,11328.18,4034.53,15362.71,467.34,166.6,633.94,158.48,24.25, sdumont6168,399430.46
0.0,2288,26,265352.0,3100.0,1556.0,265352.0,0.0,0.0,0.0,0.0,10.0,0,0.0,0.0,4n-1m-22th-100bs-484520s-DENV_1-brazil-BVBRC_genome_sequence,sequana_cpu_dev,4,11532926.0,1,22,100,484520,DENV_1-brazil-BVBRC_genome_sequence,10517.36,3771.75,14289.11,438.22,157.16,595.38,148.84,24.0, sdumont6167,371516.86
0.0,2200,25,265352.0,3148.0,2058.0,265352.0,0.0,0.0,0.0,0.0,73.0,0,0.0,0.0,4n-1m-22th-100bs-484520s-DENV_1-brazil-BVBRC_genome_sequence,sequana_cpu_dev,4,11532928.0,1,22,100,484520,DENV_1-brazil-BVBRC_genome_sequence,10618.86,3820.94,14439.81,461.69,166.13,627.82,156.95,23.0, sdumont6168,360995.25
0.0,2728,31,265352.0,1044.0,1040.0,265352.0,0.0,0.0,0.0,0.0,1.0,0,0.0,0.0,4n-1m-22th-100bs-484520s-DENV_1-brazil-BVBRC_genome_sequence,sequana_cpu_dev,4,11532929.0,1,22,100,484520,DENV_1-brazil-BVBRC_genome_sequence,13758.3,4857.48,18615.78,482.72,170.55,653.27,163.32,28.5, sdumont6169,577089.1799999999
0.0,2376,27,265352.0,1044.0,1039.0,265352.0,0.0,0.0,0.0,0.0,4.0,0,0.0,0.0,4n-1m-22th-100bs-484520s-DENV_1-brazil-BVBRC_genome_sequence,sequana_cpu_dev,4,11532935.0,1,22,100,484520,DENV_1-brazil-BVBRC_genome_sequence,11549.6,4123.89,15673.49,461.98,164.96,626.94,156.73,25.0, sdumont6166,423184.23
0.0,2784,29,265352.0,3148.0,1567.0,265352.0,0.0,0.0,0.0,0.0,1.0,0,0.0,0.0,4n-1m-24th-100bs-484520s-DENV_1-brazil-BVBRC_genome_sequence,sequana_cpu_dev,4,11532937.0,1,24,100,484520,DENV_1-brazil-BVBRC_genome_sequence,12879.05,4513.89,17392.94,490.41,171.88,662.29,165.57,26.25, sdumont6167,504395.26
0.0,2688,28,265352.0,3092.0,2057.0,265352.0,0.0,0.0,0.0,0.0,1.0,0,0.0,0.0,4n-1m-24th-100bs-484520s-DENV_1-brazil-BVBRC_genome_sequence,sequana_cpu_dev,4,11532939.0,1,24,100,484520,DENV_1-brazil-BVBRC_genome_sequence,12211.06,4257.63,16468.69,479.37,167.01,646.38,161.59,25.5, sdumont6167,461123.32
0.0,2880,30,312417.0,5056.0,3092.0,453612.0,491.52,1054.72,1955.84,4239.36,1.0,0,0.0,0.0,4n-1m-24th-100bs-484520s-DENV_1-brazil-BVBRC_genome_sequence,sequana_cpu_dev,4,11532944.0,1,24,100,484520,DENV_1-brazil-BVBRC_genome_sequence,12982.58,4550.84,17533.42,480.84,168.55,649.39,162.35,27.0, sdumont6168,526002.6
0.0,2592,27,265352.0,1044.0,1041.0,265352.0,0.0,0.0,0.0,0.0,9.0,0,0.0,0.0,4n-1m-24th-100bs-484520s-DENV_1-brazil-BVBRC_genome_sequence,sequana_cpu_dev,4,11532947.0,1,24,100,484520,DENV_1-brazil-BVBRC_genome_sequence,11864.16,4189.2,16053.36,456.31,161.12,617.44,154.36,26.0, sdumont6168,433440.72
0.0,2592,27,265352.0,3132.0,2070.0,265352.0,0.0,0.0,0.0,0.0,9.0,0,0.0,0.0,4n-1m-24th-100bs-484520s-DENV_1-brazil-BVBRC_genome_sequence,sequana_cpu_dev,4,11532952.0,1,24,100,484520,DENV_1-brazil-BVBRC_genome_sequence,11926.96,4194.81,16121.77,487.24,171.53,658.78,164.69,24.5, sdumont6165,435287.79
757.0,3328,32,2733285.0,158276.0,155409.0,2736312.0,1853.44,4229.12,1853.44,4229.12,11.0,0,13.0,19.0,4n-1m-26th-100bs-484520s-DENV_1-brazil-BVBRC_genome_sequence,sequana_cpu_dev,4,11532957.0,1,26,100,484520,DENV_1-brazil-BVBRC_genome_sequence,13648.67,6922.38,20571.05,451.38,228.94,680.32,170.08,30.25, sdumont6166,658273.6
758.0,3744,36,2733395.0,160864.0,156608.0,2736460.0,1853.44,4229.12,1853.44,4229.12,1.0,0,14.0,22.0,4n-1m-26th-100bs-484520s-DENV_1-brazil-BVBRC_genome_sequence,sequana_cpu_dev,4,11532959.0,1,26,100,484520,DENV_1-brazil-BVBRC_genome_sequence,15831.98,7941.05,23773.03,465.65,233.56,699.21,174.8,34.0, sdumont6165,855829.08
567.0,3224,31,2156158.0,154572.0,114547.0,2727760.0,1945.6,4249.6,1976.32,4300.8,1.0,0,9.0,16.0,4n-1m-26th-100bs-484520s-DENV_1-brazil-BVBRC_genome_sequence,sequana_cpu_dev,4,11532961.0,1,26,100,484520,DENV_1-brazil-BVBRC_genome_sequence,13633.53,6919.83,20553.37,454.45,230.66,685.11,171.28,30.0, sdumont6165,637154.47
0.0,3120,30,265352.0,3184.0,2604.0,265352.0,0.0,0.0,0.0,0.0,1.0,0,0.0,0.0,4n-1m-26th-100bs-484520s-DENV_1-brazil-BVBRC_genome_sequence,sequana_cpu_dev,4,11532963.0,1,26,100,484520,DENV_1-brazil-BVBRC_genome_sequence,12809.03,6574.29,19383.32,441.69,226.7,668.39,167.1,29.0, sdumont6167,581499.6
758.0,3744,36,2733255.0,158264.0,155878.0,2736312.0,1853.44,4229.12,1853.44,4229.12,1.0,0,16.0,23.0,4n-1m-26th-100bs-484520s-DENV_1-brazil-BVBRC_genome_sequence,sequana_cpu_dev,4,11532966.0,1,26,100,484520,DENV_1-brazil-BVBRC_genome_sequence,15977.96,7755.62,23733.59,469.94,228.11,698.05,174.51,34.0, sdumont6166,854409.24
817.0,3808,34,2868589.0,163160.0,158341.0,2871608.0,1853.44,4229.12,1853.44,4229.12,124.0,0,18.0,32.0,4n-1m-28th-100bs-484520s-DENV_1-brazil-BVBRC_genome_sequence,sequana_cpu_dev,4,11532971.0,1,28,100,484520,DENV_1-brazil-BVBRC_genome_sequence,14967.72,8868.5,23836.23,467.74,277.14,744.88,186.22,32.0, sdumont6166,810431.82
408.0,3472,31,1589506.0,115476.0,59257.0,2819536.0,1464.32,3194.88,2048.0,4311.04,127.0,0,11.0,24.0,4n-1m-28th-100bs-484520s-DENV_1-brazil-BVBRC_genome_sequence,sequana_cpu_dev,4,11532975.0,1,28,100,484520,DENV_1-brazil-BVBRC_genome_sequence,13906.34,8303.59,22209.93,463.54,276.79,740.33,185.08,30.0, sdumont6165,688507.83
816.0,3808,34,2868471.0,159148.0,155601.0,2871588.0,1853.44,4229.12,1853.44,4229.12,768.0,0,21.0,27.0,4n-1m-28th-100bs-484520s-DENV_1-brazil-BVBRC_genome_sequence,sequana_cpu_dev,4,11532979.0,1,28,100,484520,DENV_1-brazil-BVBRC_genome_sequence,14907.8,8963.06,23870.86,465.87,280.1,745.96,186.49,32.0, sdumont6167,811609.24
0.0,3472,31,265352.0,3140.0,3129.0,265352.0,0.0,0.0,0.0,0.0,10.0,0,0.0,0.0,4n-1m-28th-100bs-484520s-DENV_1-brazil-BVBRC_genome_sequence,sequana_cpu_dev,4,11532986.0,1,28,100,484520,DENV_1-brazil-BVBRC_genome_sequence,13829.65,8412.92,22242.57,476.88,290.1,766.99,191.75,29.0, sdumont6168,689519.67
815.0,4032,36,2868547.0,161272.0,156585.0,2871608.0,1853.44,4229.12,1853.44,4229.12,24.0,0,18.0,20.0,4n-1m-28th-100bs-484520s-DENV_1-brazil-BVBRC_genome_sequence,sequana_cpu_dev,4,11532995.0,1,28,100,484520,DENV_1-brazil-BVBRC_genome_sequence,16301.13,9733.51,26034.64,465.75,278.1,743.85,185.96,35.0, sdumont6167,937247.04
875.0,3960,33,3003720.0,160736.0,156806.0,3006788.0,1853.44,4229.12,1853.44,4229.12,9.0,0,15.0,21.0,4n-1m-30th-100bs-484520s-DENV_1-brazil-BVBRC_genome_sequence,sequana_cpu_dev,4,11533003.0,1,30,100,484520,DENV_1-brazil-BVBRC_genome_sequence,14362.6,10135.26,24497.86,463.31,326.94,790.25,197.56,31.0, sdumont6169,808429.38
0.0,3720,31,265352.0,3144.0,3104.0,265352.0,0.0,0.0,0.0,0.0,73.0,0,0.0,0.0,4n-1m-30th-100bs-484520s-DENV_1-brazil-BVBRC_genome_sequence,sequana_cpu_dev,4,11533007.0,1,30,100,484520,DENV_1-brazil-BVBRC_genome_sequence,12643.65,9090.75,21734.4,435.99,313.47,749.46,187.37,29.0, sdumont6168,673766.4
0.0,3600,30,265352.0,3152.0,3128.0,265352.0,0.0,0.0,0.0,0.0,92.0,0,0.0,0.0,4n-1m-30th-100bs-484520s-DENV_1-brazil-BVBRC_genome_sequence,sequana_cpu_dev,4,11533011.0,1,30,100,484520,DENV_1-brazil-BVBRC_genome_sequence,12591.11,9092.13,21683.24,449.68,324.72,774.4,193.6,28.0, sdumont6168,650497.2000000001
873.0,3960,33,3003686.0,164500.0,157745.0,3006640.0,1853.44,4229.12,1853.44,4229.12,78.0,0,19.0,27.0,4n-1m-30th-100bs-484520s-DENV_1-brazil-BVBRC_genome_sequence,sequana_cpu_dev,4,11533016.0,1,30,100,484520,DENV_1-brazil-BVBRC_genome_sequence,13632.76,9773.16,23405.92,454.43,325.77,780.2,195.05,30.0, sdumont6168,772395.36
874.0,4080,34,3003796.0,161160.0,156850.0,3006928.0,1853.44,4229.12,1853.44,4229.12,76.0,0,18.0,25.0,4n-1m-30th-100bs-484520s-DENV_1-brazil-BVBRC_genome_sequence,sequana_cpu_dev,4,11533019.0,1,30,100,484520,DENV_1-brazil-BVBRC_genome_sequence,14821.51,10570.8,25392.31,474.49,338.39,812.88,203.22,31.25, sdumont6166,863338.54
932.0,4480,35,3138827.0,159164.0,156335.0,3141964.0,1853.44,4229.12,1853.44,4229.12,65.0,0,16.0,19.0,4n-1m-32th-100bs-484520s-DENV_1-brazil-BVBRC_genome_sequence,sequana_cpu_dev,4,11533024.0,1,32,100,484520,DENV_1-brazil-BVBRC_genome_sequence,14778.64,11681.75,26460.39,447.84,353.99,801.83,200.46,33.0, sdumont6167,926113.65
930.0,4480,35,3138862.0,159084.0,156421.0,3141956.0,1853.44,4229.12,1853.44,4229.12,11.0,0,18.0,22.0,4n-1m-32th-100bs-484520s-DENV_1-brazil-BVBRC_genome_sequence,sequana_cpu_dev,4,11533026.0,1,32,100,484520,DENV_1-brazil-BVBRC_genome_sequence,15431.53,12133.39,27564.92,467.62,367.68,835.3,208.83,33.0, sdumont6168,964772.2
931.0,4352,34,3138793.0,159112.0,156288.0,3141816.0,1853.44,4229.12,1853.44,4229.12,10.0,0,20.0,24.0,4n-1m-32th-100bs-484520s-DENV_1-brazil-BVBRC_genome_sequence,sequana_cpu_dev,4,11533028.0,1,32,100,484520,DENV_1-brazil-BVBRC_genome_sequence,14546.67,11531.23,26077.9,440.81,349.43,790.24,197.56,33.0, sdumont6165,886648.6000000001
904.0,4608,36,3138836.0,159140.0,155929.0,3141964.0,1853.44,4229.12,1853.44,4229.12,1.0,0,137.0,460.0,4n-1m-32th-100bs-484520s-DENV_1-brazil-BVBRC_genome_sequence,sequana_cpu_dev,4,11533029.0,1,32,100,484520,DENV_1-brazil-BVBRC_genome_sequence,15432.2,12158.62,27590.81,453.89,357.61,811.49,202.87,34.0, sdumont6166,993269.16
930.0,4480,35,3138980.0,161764.0,157501.0,3142112.0,1853.44,4229.12,1853.44,4229.12,1.0,0,22.0,26.0,4n-1m-32th-100bs-484520s-DENV_1-brazil-BVBRC_genome_sequence,sequana_cpu_dev,4,11533031.0,1,32,100,484520,DENV_1-brazil-BVBRC_genome_sequence,14521.52,11504.32,26025.84,436.51,345.94,782.45,195.61,33.25, sdumont6168,910904.4
990.0,4488,33,3274182.0,161108.0,158577.0,3277276.0,1853.44,4229.12,1853.44,4229.12,1.0,0,28.0,37.0,4n-1m-34th-100bs-484520s-DENV_1-brazil-BVBRC_genome_sequence,sequana_cpu_dev,4,11533033.0,1,34,100,484520,DENV_1-brazil-BVBRC_genome_sequence,13382.6,11648.36,25030.96,431.7,375.75,807.45,201.86,31.0, sdumont6167,826021.6799999999
989.0,4624,34,3274106.0,160524.0,157037.0,3277272.0,1853.44,4229.12,1853.44,4229.12,1.0,0,20.0,23.0,4n-1m-34th-100bs-484520s-DENV_1-brazil-BVBRC_genome_sequence,sequana_cpu_dev,4,11533036.0,1,34,100,484520,DENV_1-brazil-BVBRC_genome_sequence,14709.98,12656.53,27366.52,445.76,383.53,829.29,207.32,33.0, sdumont6168,930461.68
934.0,5032,37,3278355.0,163176.0,157715.0,3282176.0,2457.6,4229.12,4290.56,4229.12,9.0,0,419.0,585.0,4n-1m-34th-100bs-484520s-DENV_1-brazil-BVBRC_genome_sequence,sequana_cpu_dev,4,11533039.0,1,34,100,484520,DENV_1-brazil-BVBRC_genome_sequence,15337.39,12373.85,27711.24,441.52,356.3,797.82,199.46,34.75, sdumont6068,1025315.88
989.0,4760,35,3274032.0,163840.0,158987.0,3277124.0,1853.44,4229.12,1853.44,4229.12,683.0,0,19.0,33.0,4n-1m-34th-100bs-484520s-DENV_1-brazil-BVBRC_genome_sequence,sequana_cpu_dev,4,11533042.0,1,34,100,484520,DENV_1-brazil-BVBRC_genome_sequence,14659.52,12709.63,27369.15,451.26,391.3,842.57,210.64,32.5, sdumont6169,957920.25
989.0,4896,36,3274031.0,165324.0,159939.0,3277144.0,1853.44,4229.12,1853.44,4229.12,70.0,0,24.0,28.0,4n-1m-34th-100bs-484520s-DENV_1-brazil-BVBRC_genome_sequence,sequana_cpu_dev,4,11533046.0,1,34,100,484520,DENV_1-brazil-BVBRC_genome_sequence,15821.7,13604.35,29426.05,465.34,400.13,865.47,216.37,34.0, sdumont6168,1059337.8
1044.0,5040,35,3409174.0,162776.0,158502.0,3412168.0,1853.44,4229.12,1853.44,4229.12,215.0,0,23.0,37.0,4n-1m-36th-100bs-484520s-DENV_1-brazil-BVBRC_genome_sequence,sequana_cpu_dev,4,11533048.0,1,36,100,484520,DENV_1-brazil-BVBRC_genome_sequence,15720.89,13941.03,29661.92,462.38,410.03,872.41,218.1,34.0, sdumont6168,1038167.2
1044.0,5040,35,3409248.0,163040.0,158599.0,3412320.0,1853.44,4229.12,1853.44,4229.12,824.0,0,24.0,30.0,4n-1m-36th-100bs-484520s-DENV_1-brazil-BVBRC_genome_sequence,sequana_cpu_dev,4,11533053.0,1,36,100,484520,DENV_1-brazil-BVBRC_genome_sequence,14563.02,12795.44,27358.45,441.3,387.74,829.04,207.26,33.0, sdumont6166,957545.75
1022.0,5184,36,3409215.0,161460.0,157038.0,3412320.0,1853.44,4229.12,1853.44,4229.12,10.0,0,130.0,459.0,4n-1m-36th-100bs-484520s-DENV_1-brazil-BVBRC_genome_sequence,sequana_cpu_dev,4,11533066.0,1,36,100,484520,DENV_1-brazil-BVBRC_genome_sequence,15484.67,13663.84,29148.51,452.29,399.06,851.36,212.84,34.25, sdumont6168,1049346.36
1048.0,4752,33,3409248.0,163844.0,158202.0,3412320.0,1853.44,4229.12,1853.44,4229.12,39.0,0,19.0,37.0,4n-1m-36th-100bs-484520s-DENV_1-brazil-BVBRC_genome_sequence,sequana_cpu_dev,4,11533069.0,1,36,100,484520,DENV_1-brazil-BVBRC_genome_sequence,14595.58,12984.63,27580.21,456.11,405.77,861.88,215.47,32.0, sdumont6168,910146.93
1048.0,4752,33,3409175.0,160804.0,157010.0,3412172.0,1853.44,4229.12,1853.44,4229.12,66.0,0,26.0,31.0,4n-1m-36th-100bs-484520s-DENV_1-brazil-BVBRC_genome_sequence,sequana_cpu_dev,4,11533072.0,1,36,100,484520,DENV_1-brazil-BVBRC_genome_sequence,13529.15,12074.33,25603.48,436.42,389.49,825.92,206.48,31.0, sdumont6165,844914.84
1105.0,5320,35,3544362.0,160700.0,157494.0,3547356.0,1853.44,4229.12,1853.44,4229.12,71.0,0,25.0,29.0,4n-1m-38th-100bs-484520s-DENV_1-brazil-BVBRC_genome_sequence,sequana_cpu_dev,4,11533075.0,1,38,100,484520,DENV_1-brazil-BVBRC_genome_sequence,14614.74,13187.76,27802.51,429.85,387.88,817.72,204.43,34.0, sdumont6167,973087.85
1102.0,5928,39,3544432.0,166008.0,160695.0,3547492.0,1853.44,4229.12,1853.44,4229.12,63.0,0,20.0,36.0,4n-1m-38th-100bs-484520s-DENV_1-brazil-BVBRC_genome_sequence,sequana_cpu_dev,4,11533078.0,1,38,100,484520,DENV_1-brazil-BVBRC_genome_sequence,16823.71,15150.94,31974.65,442.73,398.71,841.44,210.36,38.0, sdumont6167,1247011.35
1045.0,5624,37,3544394.0,162532.0,157604.0,3547356.0,1853.44,4229.12,1853.44,4229.12,79.0,0,158.0,590.0,4n-1m-38th-100bs-484520s-DENV_1-brazil-BVBRC_genome_sequence,sequana_cpu_dev,4,11533080.0,1,38,100,484520,DENV_1-brazil-BVBRC_genome_sequence,15352.05,13865.66,29217.71,438.63,396.16,834.79,208.7,35.0, sdumont6165,1081055.27
1094.0,5776,38,3544327.0,160792.0,157415.0,3547500.0,1853.44,4229.12,1853.44,4229.12,66.0,0,27.0,31.0,4n-1m-38th-100bs-484520s-DENV_1-brazil-BVBRC_genome_sequence,sequana_cpu_dev,4,11533083.0,1,38,100,484520,DENV_1-brazil-BVBRC_genome_sequence,16648.88,14997.91,31646.79,453.04,408.05,861.09,215.27,36.75, sdumont6166,1202578.02
1105.0,5168,34,3544472.0,161516.0,157613.0,3547500.0,1853.44,4229.12,1853.44,4229.12,11.0,0,31.0,49.0,4n-1m-38th-100bs-484520s-DENV_1-brazil-BVBRC_genome_sequence,sequana_cpu_dev,4,11533085.0,1,38,100,484520,DENV_1-brazil-BVBRC_genome_sequence,14553.7,13159.58,27713.27,454.8,411.24,866.04,216.51,32.0, sdumont6168,942251.18
1156.0,6400,40,3679572.0,161728.0,158123.0,3682676.0,1853.44,4229.12,1853.44,4229.12,10.0,0,25.0,39.0,4n-1m-40th-100bs-484520s-DENV_1-brazil-BVBRC_genome_sequence,sequana_cpu_dev,4,11533087.0,1,40,100,484520,DENV_1-brazil-BVBRC_genome_sequence,16736.41,15332.5,32068.91,452.34,414.39,866.73,216.68,37.0, sdumont6167,1282756.4
1162.0,6080,38,3679573.0,160800.0,157691.0,3682668.0,1853.44,4229.12,1853.44,4229.12,14.0,0,30.0,40.0,4n-1m-40th-100bs-484520s-DENV_1-brazil-BVBRC_genome_sequence,sequana_cpu_dev,4,11533089.0,1,40,100,484520,DENV_1-brazil-BVBRC_genome_sequence,15797.38,14493.16,30290.54,448.33,411.39,859.72,214.93,35.25, sdumont6166,1151040.52
1163.0,5280,33,3680913.0,161112.0,158739.0,3688088.0,1853.44,4229.12,1853.44,4229.12,10.0,0,22.0,31.0,4n-1m-40th-100bs-484520s-DENV_1-brazil-BVBRC_genome_sequence,sequana_cpu_dev,4,11533091.0,1,40,100,484520,DENV_1-brazil-BVBRC_genome_sequence,14555.43,13408.13,27963.56,454.86,419.0,873.86,218.47,32.0, sdumont6166,922797.48
1162.0,5920,37,3679559.0,160944.0,157223.0,3682676.0,1853.44,4229.12,1853.44,4229.12,0.0,0,24.0,39.0,4n-1m-40th-100bs-484520s-DENV_1-brazil-BVBRC_genome_sequence,sequana_cpu_dev,4,11533100.0,1,40,100,484520,DENV_1-brazil-BVBRC_genome_sequence,15812.84,14535.93,30348.77,448.79,412.51,861.29,215.32,35.25, sdumont6167,1122904.49
1161.0,6080,38,3681001.0,159964.0,157077.0,3688228.0,1843.2,4229.12,1853.44,4229.12,1.0,0,23.0,31.0,4n-1m-40th-100bs-484520s-DENV_1-brazil-BVBRC_genome_sequence,sequana_cpu_dev,4,11533104.0,1,40,100,484520,DENV_1-brazil-BVBRC_genome_sequence,17090.92,15773.3,32864.22,471.62,435.21,906.83,226.71,36.25, sdumont6165,1248840.36
1220.0,6720,40,3814787.0,160756.0,157348.0,3817848.0,1853.44,4229.12,1853.44,4229.12,1.0,0,28.0,47.0,4n-1m-42th-100bs-484520s-DENV_1-brazil-BVBRC_genome_sequence,sequana_cpu_dev,4,11533107.0,1,42,100,484520,DENV_1-brazil-BVBRC_genome_sequence,17056.63,15836.95,32893.58,457.98,425.2,883.19,220.8,37.25, sdumont6165,1315743.2000000002
1220.0,6384,38,3814751.0,160936.0,157605.0,3817708.0,1853.44,4229.12,1853.44,4229.12,1.0,0,27.0,38.0,4n-1m-42th-100bs-484520s-DENV_1-brazil-BVBRC_genome_sequence,sequana_cpu_dev,4,11533109.0,1,42,100,484520,DENV_1-brazil-BVBRC_genome_sequence,16698.73,15429.59,32128.32,460.83,425.79,886.62,221.66,36.25, sdumont6166,1220876.16
1212.0,6552,39,3814863.0,160624.0,157361.0,3818004.0,1853.44,4229.12,1853.44,4229.12,79.0,0,28.0,35.0,4n-1m-42th-100bs-484520s-DENV_1-brazil-BVBRC_genome_sequence,sequana_cpu_dev,4,11533114.0,1,42,100,484520,DENV_1-brazil-BVBRC_genome_sequence,16691.66,15418.83,32110.49,448.28,414.06,862.35,215.59,37.25, sdumont6165,1252309.11
1218.0,6384,38,3814752.0,162064.0,157624.0,3817852.0,1843.2,4229.12,1853.44,4229.12,85.0,0,26.0,37.0,4n-1m-42th-100bs-484520s-DENV_1-brazil-BVBRC_genome_sequence,sequana_cpu_dev,4,11533119.0,1,42,100,484520,DENV_1-brazil-BVBRC_genome_sequence,16630.04,15347.68,31977.72,461.95,426.32,888.27,222.07,36.0, sdumont6168,1215153.36
1214.0,6552,39,3814756.0,163032.0,157820.0,3817716.0,1853.44,4229.12,1853.44,4229.12,1.0,0,27.0,44.0,4n-1m-42th-100bs-484520s-DENV_1-brazil-BVBRC_genome_sequence,sequana_cpu_dev,4,11533123.0,1,42,100,484520,DENV_1-brazil-BVBRC_genome_sequence,16608.14,15400.36,32008.5,458.32,424.95,883.27,220.82,36.25, sdumont6166,1248331.5
1267.0,7216,41,3949836.0,161992.0,157188.0,3952896.0,1853.44,4229.12,1853.44,4229.12,1.0,0,25.0,34.0,4n-1m-44th-100bs-484520s-DENV_1-brazil-BVBRC_genome_sequence,sequana_cpu_dev,4,11533130.0,1,44,100,484520,DENV_1-brazil-BVBRC_genome_sequence,17735.61,17094.15,34829.76,454.76,438.31,893.07,223.27,39.0, sdumont6167,1428020.16
1275.0,6864,39,3949948.0,160976.0,157275.0,3953044.0,1853.44,4229.12,1853.44,4229.12,1.0,0,34.0,50.0,4n-1m-44th-100bs-484520s-DENV_1-brazil-BVBRC_genome_sequence,sequana_cpu_dev,4,11533133.0,1,44,100,484520,DENV_1-brazil-BVBRC_genome_sequence,16736.71,16082.39,32819.1,452.34,434.66,887.0,221.75,37.0, sdumont6167,1279944.9
1276.0,6864,39,3949949.0,161720.0,157742.0,3953044.0,1853.44,4229.12,1853.44,4229.12,1.0,0,34.0,40.0,4n-1m-44th-100bs-484520s-DENV_1-brazil-BVBRC_genome_sequence,sequana_cpu_dev,4,11533139.0,1,44,100,484520,DENV_1-brazil-BVBRC_genome_sequence,16710.03,15999.15,32709.17,451.62,432.41,884.03,221.01,37.0, sdumont6165,1275657.63
1276.0,6512,37,3949873.0,162952.0,158296.0,3952908.0,1853.44,4229.12,1853.44,4229.12,1.0,0,39.0,55.0,4n-1m-44th-100bs-484520s-DENV_1-brazil-BVBRC_genome_sequence,sequana_cpu_dev,4,11533142.0,1,44,100,484520,DENV_1-brazil-BVBRC_genome_sequence,15409.24,14921.15,30330.39,443.76,429.54,873.3,218.33,34.75, sdumont6168,1122224.43
1272.0,6336,36,3895700.0,160156.0,157184.0,3953036.0,1843.2,4229.12,1853.44,4229.12,107.0,0,25.0,33.0,4n-1m-44th-100bs-484520s-DENV_1-brazil-BVBRC_genome_sequence,sequana_cpu_dev,4,11533146.0,1,44,100,484520,DENV_1-brazil-BVBRC_genome_sequence,15595.02,14955.94,30550.96,445.57,427.31,872.88,218.22,35.0, sdumont6167,1099834.56
1331.0,6808,37,4085040.0,160968.0,157924.0,4088220.0,1853.44,4229.12,1853.44,4229.12,72.0,0,35.0,53.0,4n-1m-46th-100bs-484520s-DENV_1-brazil-BVBRC_genome_sequence,sequana_cpu_dev,4,11533149.0,1,46,100,484520,DENV_1-brazil-BVBRC_genome_sequence,16298.76,16118.62,32417.39,452.74,447.74,900.48,225.12,36.0, sdumont6166,1199443.43
1332.0,7176,39,4030723.0,161016.0,158131.0,4088216.0,1853.44,4229.12,1853.44,4229.12,76.0,0,31.0,36.0,4n-1m-46th-100bs-484520s-DENV_1-brazil-BVBRC_genome_sequence,sequana_cpu_dev,4,11533156.0,1,46,100,484520,DENV_1-brazil-BVBRC_genome_sequence,16950.84,16870.43,33821.27,458.13,455.96,914.09,228.52,37.0, sdumont6166,1319029.5299999998
1333.0,7360,40,4084965.0,161904.0,158275.0,4088072.0,1853.44,4229.12,1853.44,4229.12,15.0,0,34.0,43.0,4n-1m-46th-100bs-484520s-DENV_1-brazil-BVBRC_genome_sequence,sequana_cpu_dev,4,11533164.0,1,46,100,484520,DENV_1-brazil-BVBRC_genome_sequence,17702.73,17552.31,35255.03,465.86,461.9,927.76,231.94,38.0, sdumont6167,1410201.2
1333.0,7176,39,4085076.0,160312.0,157437.0,4088220.0,1853.44,4229.12,1853.44,4229.12,1.0,0,27.0,30.0,4n-1m-46th-100bs-484520s-DENV_1-brazil-BVBRC_genome_sequence,sequana_cpu_dev,4,11533165.0,1,46,100,484520,DENV_1-brazil-BVBRC_genome_sequence,16612.36,16461.6,33073.97,448.98,444.91,893.89,223.47,37.0, sdumont6167,1289884.83
1333.0,7544,41,4085039.0,163384.0,159409.0,4088220.0,1853.44,4229.12,1853.44,4229.12,1.0,0,32.0,42.0,4n-1m-46th-100bs-484520s-DENV_1-brazil-BVBRC_genome_sequence,sequana_cpu_dev,4,11533168.0,1,46,100,484520,DENV_1-brazil-BVBRC_genome_sequence,17657.7,17501.73,35159.43,455.63,451.79,907.42,226.86,38.75, sdumont6168,1441536.63
1390.0,8256,43,4220198.0,163380.0,159395.0,4223272.0,1853.44,4229.12,1853.44,4229.12,1.0,0,30.0,44.0,4n-1m-48th-100bs-484520s-DENV_1-brazil-BVBRC_genome_sequence,sequana_cpu_dev,4,11533172.0,1,48,100,484520,DENV_1-brazil-BVBRC_genome_sequence,19184.93,19782.35,38967.28,467.93,482.5,950.42,237.61,41.0, sdumont6165,1675593.04
1338.0,10752,56,4275940.0,164824.0,160832.0,4434092.0,1853.44,4218.88,1863.68,4229.12,12.0,0,162.0,553.0,4n-1m-48th-100bs-484520s-DENV_1-brazil-BVBRC_genome_sequence,sequana_cpu_dev,4,11533176.0,1,48,100,484520,DENV_1-brazil-BVBRC_genome_sequence,25491.94,26267.42,51759.36,470.01,484.34,954.34,238.59,54.25, sdumont6167,2898524.16
1388.0,8256,43,4220204.0,161508.0,158587.0,4223124.0,1853.44,4229.12,1853.44,4229.12,11.0,0,26.0,37.0,4n-1m-48th-100bs-484520s-DENV_1-brazil-BVBRC_genome_sequence,sequana_cpu_dev,4,11533180.0,1,48,100,484520,DENV_1-brazil-BVBRC_genome_sequence,19068.01,19574.07,38642.08,465.07,477.42,942.49,235.62,41.0, sdumont6169,1661609.4400000002
1380.0,8640,45,4220204.0,165100.0,159020.0,4223272.0,1853.44,4229.12,1853.44,4229.12,1.0,0,46.0,55.0,4n-1m-48th-100bs-484520s-DENV_1-brazil-BVBRC_genome_sequence,sequana_cpu_dev,4,11533181.0,1,48,100,484520,DENV_1-brazil-BVBRC_genome_sequence,19738.01,20304.35,40042.36,456.51,469.63,926.13,231.53,43.25, sdumont6168,1801906.2
1315.0,8640,45,4220346.0,161368.0,158556.0,4223420.0,1853.44,4229.12,1853.44,4229.12,1.0,0,157.0,508.0,4n-1m-48th-100bs-484520s-DENV_1-brazil-BVBRC_genome_sequence,sequana_cpu_dev,4,11533183.0,1,48,100,484520,DENV_1-brazil-BVBRC_genome_sequence,19448.84,19941.82,39390.66,452.3,463.76,916.06,229.02,43.0, sdumont6167,1772579.7000000002
59.0,528,33,912208.5,156700.0,151060.0,1137376.0,1832.96,4239.36,2068.48,4300.8,1.0,0,0.0,0.0,4n-2m-2th-100bs-484520s-DENV_1-brazil-BVBRC_genome_sequence,sequana_cpu_dev,4,11533185.0,2,2,100,484520,DENV_1-brazil-BVBRC_genome_sequence,7957.82,8300.61,16258.43,248.68,259.39,508.08,127.02,32.0, sdumont6167,536528.1900000001
58.0,544,34,912174.0,155252.0,151329.5,1133080.0,1843.2,4239.36,2078.72,4300.8,1.0,0,0.0,0.0,4n-2m-2th-100bs-484520s-DENV_1-brazil-BVBRC_genome_sequence,sequana_cpu_dev,4,11533188.0,2,2,100,484520,DENV_1-brazil-BVBRC_genome_sequence,8050.85,8560.54,16611.39,243.97,259.41,503.38,125.84,33.0, sdumont6166,564787.26
58.0,544,34,912250.0,155424.0,151174.0,1137364.0,1832.96,4239.36,2068.48,4300.8,1.0,0,0.0,0.0,4n-2m-2th-100bs-484520s-DENV_1-brazil-BVBRC_genome_sequence,sequana_cpu_dev,4,11533190.0,2,2,100,484520,DENV_1-brazil-BVBRC_genome_sequence,7833.52,8316.03,16149.55,244.8,259.88,504.67,126.17,32.0, sdumont6166,549084.7
53.0,624,39,912241.0,159436.0,151369.0,1137408.0,1832.96,4229.12,2037.76,4229.12,4.0,0,120.0,410.0,4n-2m-2th-100bs-484520s-DENV_1-brazil-BVBRC_genome_sequence,sequana_cpu_dev,4,11533196.0,2,2,100,484520,DENV_1-brazil-BVBRC_genome_sequence,8562.3,8820.04,17382.34,237.84,245.0,482.84,120.71,36.0, sdumont6168,677911.26
61.0,544,34,910739.5,155544.0,149637.0,1137368.0,1832.96,4239.36,2068.48,4300.8,90.0,0,0.0,0.0,4n-2m-2th-100bs-484520s-DENV_1-brazil-BVBRC_genome_sequence,sequana_cpu_dev,4,11533200.0,2,2,100,484520,DENV_1-brazil-BVBRC_genome_sequence,7886.86,8395.88,16282.74,246.46,262.37,508.84,127.21,32.0, sdumont6166,553613.16
9.0,704,22,483707.5,142936.0,21374.0,1246324.0,972.8,2119.68,1986.56,4300.8,13.0,0,0.0,1.0,4n-2m-4th-100bs-484520s-DENV_1-brazil-BVBRC_genome_sequence,sequana_cpu_dev,4,11533202.0,2,4,100,484520,DENV_1-brazil-BVBRC_genome_sequence,6019.22,6339.61,12358.83,290.17,305.51,595.68,148.92,20.75, sdumont6168,271894.26
19.0,672,21,591188.5,151380.0,40756.5,1258612.0,962.56,2119.68,1996.8,4300.8,21.0,0,0.0,1.0,4n-2m-4th-100bs-484520s-DENV_1-brazil-BVBRC_genome_sequence,sequana_cpu_dev,4,11533205.0,2,4,100,484520,DENV_1-brazil-BVBRC_genome_sequence,5805.82,6145.33,11951.15,290.29,307.27,597.56,149.39,20.0, sdumont6167,250974.15
28.0,672,21,715992.0,152832.0,58958.0,1486808.0,962.56,2119.68,1966.08,4300.8,16.0,0,0.0,0.0,4n-2m-4th-100bs-484520s-DENV_1-brazil-BVBRC_genome_sequence,sequana_cpu_dev,4,11533209.0,2,4,100,484520,DENV_1-brazil-BVBRC_genome_sequence,5361.41,5670.3,11031.72,268.07,283.52,551.59,137.9,20.0, sdumont6168,231666.12
29.0,736,23,575752.5,153304.0,51951.5,1258612.0,952.32,2119.68,1996.8,4300.8,13.0,0,0.0,0.0,4n-2m-4th-100bs-484520s-DENV_1-brazil-BVBRC_genome_sequence,sequana_cpu_dev,4,11533212.0,2,4,100,484520,DENV_1-brazil-BVBRC_genome_sequence,5891.94,6241.08,12133.02,277.53,293.89,571.42,142.85,21.25, sdumont6167,279059.46
19.0,672,21,374679.0,55396.0,12524.0,720172.0,921.6,2119.68,1976.32,4300.8,14.0,0,0.0,1.0,4n-2m-4th-100bs-484520s-DENV_1-brazil-BVBRC_genome_sequence,sequana_cpu_dev,4,11533215.0,2,4,100,484520,DENV_1-brazil-BVBRC_genome_sequence,5362.17,5704.04,11066.21,282.22,300.21,582.43,145.61,19.0, sdumont6168,232390.41
21.0,768,16,547346.0,151632.0,40253.5,1393340.0,942.08,2119.68,1945.6,4300.8,1.0,0,0.0,2.0,4n-2m-6th-100bs-484520s-DENV_1-brazil-BVBRC_genome_sequence,sequana_cpu_dev,4,11533218.0,2,6,100,484520,DENV_1-brazil-BVBRC_genome_sequence,4720.24,4917.36,9637.6,314.68,327.82,642.51,160.63,15.0, sdumont6166,154201.6
33.0,1344,28,633398.0,153752.0,58468.0,1393512.0,942.08,2119.68,1955.84,4300.8,1.0,0,0.0,1.0,4n-2m-6th-100bs-484520s-DENV_1-brazil-BVBRC_genome_sequence,sequana_cpu_dev,4,11533220.0,2,6,100,484520,DENV_1-brazil-BVBRC_genome_sequence,5265.53,5472.55,10738.08,329.1,342.03,671.13,167.78,16.0, sdumont6165,300666.24
34.0,816,17,470503.0,148172.0,24623.5,953548.0,890.88,2109.44,1894.4,4229.12,1.0,0,0.0,2.0,4n-2m-6th-100bs-484520s-DENV_1-brazil-BVBRC_genome_sequence,sequana_cpu_dev,4,11533222.0,2,6,100,484520,DENV_1-brazil-BVBRC_genome_sequence,5393.68,5645.93,11039.61,337.11,352.87,689.98,172.49,16.0, sdumont6166,187673.37
22.0,816,17,420461.5,147708.0,24045.5,953592.0,921.6,2119.68,1945.6,4300.8,1.0,0,0.0,1.0,4n-2m-6th-100bs-484520s-DENV_1-brazil-BVBRC_genome_sequence,sequana_cpu_dev,4,11533224.0,2,6,100,484520,DENV_1-brazil-BVBRC_genome_sequence,4735.03,4950.13,9685.16,310.84,325.1,635.94,158.99,15.25, sdumont6167,164647.72
33.0,816,17,540479.0,151168.0,39198.5,1393344.0,921.6,2119.68,1955.84,4300.8,1.0,0,0.0,1.0,4n-2m-6th-100bs-484520s-DENV_1-brazil-BVBRC_genome_sequence,sequana_cpu_dev,4,11533226.0,2,6,100,484520,DENV_1-brazil-BVBRC_genome_sequence,5234.37,5478.05,10712.42,327.15,342.38,669.53,167.38,16.0, sdumont6168,182111.14
38.0,960,15,676926.0,153576.0,52489.0,1528320.0,931.84,2119.68,1945.6,4300.8,1.0,0,1.0,6.0,4n-2m-8th-100bs-484520s-DENV_1-brazil-BVBRC_genome_sequence,sequana_cpu_dev,4,11533228.0,2,8,100,484520,DENV_1-brazil-BVBRC_genome_sequence,4800.51,5072.19,9872.7,362.16,382.89,745.05,186.26,13.25, sdumont6167,148090.5
30.0,1152,18,626535.5,155520.0,40375.5,1528220.0,962.56,2119.68,1955.84,4300.8,1.0,0,0.0,5.0,4n-2m-8th-100bs-484520s-DENV_1-brazil-BVBRC_genome_sequence,sequana_cpu_dev,4,11533230.0,2,8,100,484520,DENV_1-brazil-BVBRC_genome_sequence,5932.16,6291.22,12223.38,370.76,393.2,763.96,190.99,16.0, sdumont6166,220020.84
39.0,1024,16,685010.5,154896.0,59125.5,1536652.0,921.6,2119.68,1945.6,4300.8,2.0,0,0.0,3.0,4n-2m-8th-100bs-484520s-DENV_1-brazil-BVBRC_genome_sequence,sequana_cpu_dev,4,11533232.0,2,8,100,484520,DENV_1-brazil-BVBRC_genome_sequence,5228.92,5569.21,10798.13,373.49,397.8,771.3,192.82,14.0, sdumont6168,172770.08
38.0,960,15,660639.5,151156.0,37694.5,1528416.0,931.84,2119.68,1935.36,4300.8,0.0,0,0.0,1.0,4n-2m-8th-100bs-484520s-DENV_1-brazil-BVBRC_genome_sequence,sequana_cpu_dev,4,11533234.0,2,8,100,484520,DENV_1-brazil-BVBRC_genome_sequence,4975.44,5286.32,10261.77,382.73,406.64,789.37,197.34,13.0, sdumont6166,153926.55000000002
37.0,896,14,737399.0,153592.0,57680.0,1528252.0,931.84,2119.68,1925.12,4300.8,2.0,0,1.0,5.0,4n-2m-8th-100bs-484520s-DENV_1-brazil-BVBRC_genome_sequence,sequana_cpu_dev,4,11533237.0,2,8,100,484520,DENV_1-brazil-BVBRC_genome_sequence,4370.8,4678.49,9049.29,330.3,353.72,684.02,171.01,13.25, sdumont6166,126690.06
43.0,1120,14,716361.0,153152.0,42222.0,1663340.0,921.6,2119.68,1925.12,4300.8,2.0,0,2.0,8.0,4n-2m-10th-100bs-484520s-DENV_1-brazil-BVBRC_genome_sequence,sequana_cpu_dev,4,11533239.0,2,10,100,484520,DENV_1-brazil-BVBRC_genome_sequence,4676.7,4856.35,9533.05,389.72,404.7,794.42,198.61,12.0, sdumont6168,133462.69999999998
53.0,4640,58,716459.0,113476.0,42080.5,1619256.0,931.84,2109.44,1894.4,4229.12,2.0,0,15.0,114.0,4n-2m-10th-100bs-484520s-DENV_1-brazil-BVBRC_genome_sequence,sequana_cpu_dev,4,11533241.0,2,10,100,484520,DENV_1-brazil-BVBRC_genome_sequence,6151.28,6394.52,12545.8,378.31,393.6,771.91,192.98,16.25, sdumont6167,727656.3999999999
30.0,1120,14,523627.5,138660.0,37055.5,1211240.0,901.12,2119.68,1863.68,4300.8,1.0,0,1.0,4.0,4n-2m-10th-100bs-484520s-DENV_1-brazil-BVBRC_genome_sequence,sequana_cpu_dev,4,11533243.0,2,10,100,484520,DENV_1-brazil-BVBRC_genome_sequence,4688.43,4892.22,9580.65,360.65,376.32,736.97,184.24,13.0, sdumont6167,134129.1
31.0,1200,15,665202.0,155712.0,41317.5,1663488.0,942.08,2119.68,1925.12,4300.8,3.0,0,1.0,6.0,4n-2m-10th-100bs-484520s-DENV_1-brazil-BVBRC_genome_sequence,sequana_cpu_dev,4,11533245.0,2,10,100,484520,DENV_1-brazil-BVBRC_genome_sequence,4918.83,5112.06,10030.9,370.72,385.56,756.28,189.07,13.25, sdumont6166,150463.5
60.0,1120,14,843254.0,160016.0,66679.0,1671756.0,901.12,2109.44,1863.68,4229.12,121.0,0,2.0,8.0,4n-2m-10th-100bs-484520s-DENV_1-brazil-BVBRC_genome_sequence,sequana_cpu_dev,4,11533248.0,2,10,100,484520,DENV_1-brazil-BVBRC_genome_sequence,4670.1,4856.62,9526.71,373.77,389.33,763.1,190.77,12.5, sdumont6168,133373.94
46.0,1728,18,643295.0,151836.0,40512.5,1798468.0,942.08,2119.68,1955.84,4300.8,14.0,0,1.0,5.0,4n-2m-12th-100bs-484520s-DENV_1-brazil-BVBRC_genome_sequence,sequana_cpu_dev,4,11533251.0,2,12,100,484520,DENV_1-brazil-BVBRC_genome_sequence,6435.9,7008.44,13444.34,378.58,412.26,790.84,197.71,17.0, sdumont6165,241998.12
36.0,1344,14,505312.5,30340.0,9375.5,1225196.0,901.12,2109.44,1863.68,4229.12,1.0,0,1.0,7.0,4n-2m-12th-100bs-484520s-DENV_1-brazil-BVBRC_genome_sequence,sequana_cpu_dev,4,11533252.0,2,12,100,484520,DENV_1-brazil-BVBRC_genome_sequence,4770.13,5236.68,10006.81,366.93,402.82,769.75,192.44,13.0, sdumont6167,140095.34
75.0,1440,15,972139.0,157748.0,71131.0,1806792.0,921.6,2119.68,1935.36,4300.8,1.0,0,1.0,5.0,4n-2m-12th-100bs-484520s-DENV_1-brazil-BVBRC_genome_sequence,sequana_cpu_dev,4,11533254.0,2,12,100,484520,DENV_1-brazil-BVBRC_genome_sequence,4979.12,5452.39,10431.51,374.62,410.78,785.4,196.35,13.25, sdumont6167,156472.65
78.0,1440,15,976400.5,155592.0,77264.5,1798464.0,921.6,2109.44,1884.16,4229.12,1.0,0,3.0,10.0,4n-2m-12th-100bs-484520s-DENV_1-brazil-BVBRC_genome_sequence,sequana_cpu_dev,4,11533256.0,2,12,100,484520,DENV_1-brazil-BVBRC_genome_sequence,5762.26,6295.62,12057.87,435.35,475.89,911.24,227.81,13.25, sdumont6165,180868.05
55.0,1344,14,838740.0,151968.0,58105.0,1798484.0,942.08,2119.68,1925.12,4300.8,1.0,0,1.0,4.0,4n-2m-12th-100bs-484520s-DENV_1-brazil-BVBRC_genome_sequence,sequana_cpu_dev,4,11533258.0,2,12,100,484520,DENV_1-brazil-BVBRC_genome_sequence,4726.92,5189.6,9916.52,363.61,399.2,762.81,190.7,13.0, sdumont6165,138831.28
44.0,1680,15,680862.5,154148.0,39862.0,1933540.0,942.08,2119.68,1945.6,4300.8,1.0,0,2.0,9.0,4n-2m-14th-100bs-484520s-DENV_1-brazil-BVBRC_genome_sequence,sequana_cpu_dev,4,11533260.0,2,14,100,484520,DENV_1-brazil-BVBRC_genome_sequence,5221.59,5441.85,10663.44,395.18,412.05,807.24,201.81,13.25, sdumont6165,159951.6
84.0,1568,14,1038484.5,159804.0,71816.5,1941964.0,921.6,2119.68,1925.12,4300.8,87.0,0,2.0,9.0,4n-2m-14th-100bs-484520s-DENV_1-brazil-BVBRC_genome_sequence,sequana_cpu_dev,4,11533263.0,2,14,100,484520,DENV_1-brazil-BVBRC_genome_sequence,4873.58,5088.83,9962.41,374.89,391.45,766.34,191.58,13.0, sdumont6165,139473.74
63.0,1568,14,890437.5,157884.0,58306.5,1941948.0,931.84,2119.68,1925.12,4300.8,109.0,0,1.0,9.0,4n-2m-14th-100bs-484520s-DENV_1-brazil-BVBRC_genome_sequence,sequana_cpu_dev,4,11533265.0,2,14,100,484520,DENV_1-brazil-BVBRC_genome_sequence,4824.77,5031.18,9855.95,371.14,387.01,758.15,189.54,13.0, sdumont6165,137983.30000000002
60.0,1568,14,818745.5,157640.0,42847.0,1941956.0,921.6,2119.68,1935.36,4300.8,1.0,0,2.0,9.0,4n-2m-14th-100bs-484520s-DENV_1-brazil-BVBRC_genome_sequence,sequana_cpu_dev,4,11533266.0,2,14,100,484520,DENV_1-brazil-BVBRC_genome_sequence,4739.13,4951.07,9690.2,394.93,412.59,807.52,201.88,12.0, sdumont6168,135662.80000000002
83.0,1568,14,1101063.0,160440.0,78708.5,1941964.0,921.6,2119.68,1925.12,4300.8,1.0,0,2.0,8.0,4n-2m-14th-100bs-484520s-DENV_1-brazil-BVBRC_genome_sequence,sequana_cpu_dev,4,11533268.0,2,14,100,484520,DENV_1-brazil-BVBRC_genome_sequence,4805.55,5021.33,9826.89,369.66,386.26,755.91,188.98,13.0, sdumont6168,137576.46
49.0,1792,14,659682.0,154308.0,39549.5,2068712.0,921.6,2109.44,1873.92,4229.12,1.0,0,2.0,14.0,4n-2m-16th-100bs-484520s-DENV_1-brazil-BVBRC_genome_sequence,sequana_cpu_dev,4,11533271.0,2,16,100,484520,DENV_1-brazil-BVBRC_genome_sequence,4746.16,5160.77,9906.93,365.09,396.98,762.07,190.52,13.0, sdumont6165,138697.02000000002
97.0,1920,15,1106352.5,157676.0,71900.5,2077136.0,921.6,2119.68,1925.12,4300.8,1.0,0,4.0,13.0,4n-2m-16th-100bs-484520s-DENV_1-brazil-BVBRC_genome_sequence,sequana_cpu_dev,4,11533276.0,2,16,100,484520,DENV_1-brazil-BVBRC_genome_sequence,4800.09,5227.26,10027.35,369.24,402.1,771.33,192.83,13.0, sdumont6166,150410.25
71.0,1792,14,868436.0,154240.0,42490.5,2068720.0,931.84,2119.68,1925.12,4300.8,3.0,0,4.0,13.0,4n-2m-16th-100bs-484520s-DENV_1-brazil-BVBRC_genome_sequence,sequana_cpu_dev,4,11533279.0,2,16,100,484520,DENV_1-brazil-BVBRC_genome_sequence,4753.27,5180.01,9933.29,365.64,398.46,764.1,191.02,13.0, sdumont6168,139066.06
83.0,2176,17,888740.5,158508.0,60216.5,2077128.0,921.6,2109.44,1884.16,4229.12,5.0,0,2.0,8.0,4n-2m-16th-100bs-484520s-DENV_1-brazil-BVBRC_genome_sequence,sequana_cpu_dev,4,11533284.0,2,16,100,484520,DENV_1-brazil-BVBRC_genome_sequence,5664.13,6184.91,11849.04,377.61,412.33,789.94,197.48,15.0, sdumont6167,201433.68
70.0,1792,14,939600.5,153812.0,57585.5,2068792.0,931.84,2119.68,1935.36,4300.8,8.0,0,4.0,13.0,4n-2m-16th-100bs-484520s-DENV_1-brazil-BVBRC_genome_sequence,sequana_cpu_dev,4,11533286.0,2,16,100,484520,DENV_1-brazil-BVBRC_genome_sequence,4790.27,5219.55,10009.82,399.19,434.96,834.15,208.54,12.0, sdumont6167,140137.47999999998
55.0,2160,15,767943.0,151984.0,35624.5,2203960.0,942.08,2119.68,1925.12,4300.8,1.0,0,2.0,16.0,4n-2m-18th-100bs-484520s-DENV_1-brazil-BVBRC_genome_sequence,sequana_cpu_dev,4,11533287.0,2,18,100,484520,DENV_1-brazil-BVBRC_genome_sequence,4829.19,5007.17,9836.35,372.53,385.97,758.51,189.63,13.0, sdumont6168,147545.25
87.0,2304,16,990781.5,154384.0,58083.0,2203960.0,952.32,2119.68,1945.6,4300.8,33.0,0,4.0,15.0,4n-2m-18th-100bs-484520s-DENV_1-brazil-BVBRC_genome_sequence,sequana_cpu_dev,4,11533291.0,2,18,100,484520,DENV_1-brazil-BVBRC_genome_sequence,5868.15,6107.58,11975.73,427.05,444.28,871.33,217.83,13.75, sdumont6166,191611.68
89.0,2304,16,1017959.5,158632.0,60931.5,2212356.0,942.08,2119.68,1925.12,4300.8,25.0,0,3.0,14.0,4n-2m-18th-100bs-484520s-DENV_1-brazil-BVBRC_genome_sequence,sequana_cpu_dev,4,11533293.0,2,18,100,484520,DENV_1-brazil-BVBRC_genome_sequence,5886.56,6113.04,11999.6,420.47,436.65,857.11,214.28,14.0, sdumont6165,191993.6
84.0,2160,15,1015344.5,155984.0,58896.5,2212316.0,942.08,2119.68,1986.56,4300.8,1.0,0,4.0,14.0,4n-2m-18th-100bs-484520s-DENV_1-brazil-BVBRC_genome_sequence,sequana_cpu_dev,4,11533294.0,2,18,100,484520,DENV_1-brazil-BVBRC_genome_sequence,5073.25,5272.99,10346.24,368.76,383.36,752.12,188.03,13.75, sdumont6165,155193.6
136.0,2592,18,1181244.5,160492.0,78857.0,2212340.0,921.6,2119.68,1925.12,4300.8,1.0,0,7.0,22.0,4n-2m-18th-100bs-484520s-DENV_1-brazil-BVBRC_genome_sequence,sequana_cpu_dev,4,11533297.0,2,18,100,484520,DENV_1-brazil-BVBRC_genome_sequence,6708.7,7002.99,13711.69,419.29,437.69,856.98,214.25,16.0, sdumont6165,246810.42
129.0,2560,16,1301718.5,156044.0,77847.5,2347508.0,942.08,2119.68,1955.84,4300.8,5.0,0,6.0,19.0,4n-2m-20th-100bs-484520s-DENV_1-brazil-BVBRC_genome_sequence,sequana_cpu_dev,4,11533300.0,2,20,100,484520,DENV_1-brazil-BVBRC_genome_sequence,5966.05,6277.39,12243.44,442.99,466.04,909.03,227.26,13.5, sdumont6168,195895.04
126.0,2240,14,1229756.0,158444.0,62115.0,2347336.0,911.36,2109.44,1873.92,4229.12,5.0,0,8.0,26.0,4n-2m-20th-100bs-484520s-DENV_1-brazil-BVBRC_genome_sequence,sequana_cpu_dev,4,11533303.0,2,20,100,484520,DENV_1-brazil-BVBRC_genome_sequence,5298.44,5544.18,10842.62,407.57,426.48,834.05,208.51,13.0, sdumont6166,151796.68000000002
105.0,2720,17,1041461.0,158004.0,60649.5,2347340.0,942.08,2119.68,1945.6,4300.8,6.0,0,3.0,12.0,4n-2m-20th-100bs-484520s-DENV_1-brazil-BVBRC_genome_sequence,sequana_cpu_dev,4,11533306.0,2,20,100,484520,DENV_1-brazil-BVBRC_genome_sequence,6416.42,6792.87,13209.29,427.76,452.86,880.62,220.15,15.0, sdumont6165,224557.93
121.0,2400,15,1186591.0,156768.0,71481.5,2347524.0,911.36,2119.68,1884.16,4300.8,8.0,0,8.0,21.0,4n-2m-20th-100bs-484520s-DENV_1-brazil-BVBRC_genome_sequence,sequana_cpu_dev,4,11533311.0,2,20,100,484520,DENV_1-brazil-BVBRC_genome_sequence,5020.44,5277.01,10297.45,402.64,422.53,825.17,206.29,12.5, sdumont6167,154461.75
123.0,2400,15,1300140.0,158704.0,76331.0,2347528.0,931.84,2119.68,1884.16,4300.8,5.0,0,8.0,21.0,4n-2m-20th-100bs-484520s-DENV_1-brazil-BVBRC_genome_sequence,sequana_cpu_dev,4,11533313.0,2,20,100,484520,DENV_1-brazil-BVBRC_genome_sequence,5017.99,5280.66,10298.65,386.0,406.2,792.2,198.05,13.0, sdumont6165,154479.75
105.0,2640,15,1092837.0,154352.0,58571.5,2479844.0,952.32,2119.68,1935.36,4300.8,21.0,0,7.0,23.0,4n-2m-22th-100bs-484520s-DENV_1-brazil-BVBRC_genome_sequence,sequana_cpu_dev,4,11533316.0,2,22,100,484520,DENV_1-brazil-BVBRC_genome_sequence,5951.82,6129.61,12081.43,425.13,437.83,862.96,215.74,14.0, sdumont6168,181221.45
135.0,2640,15,1370322.5,158128.0,78291.5,2482540.0,931.84,2119.68,1945.6,4300.8,34.0,0,8.0,19.0,4n-2m-22th-100bs-484520s-DENV_1-brazil-BVBRC_genome_sequence,sequana_cpu_dev,4,11533319.0,2,22,100,484520,DENV_1-brazil-BVBRC_genome_sequence,5079.24,5251.59,10330.83,390.71,403.97,794.68,198.67,13.0, sdumont6167,154962.45
149.0,2816,16,1368234.0,156968.0,78143.0,2474288.0,952.32,2119.68,1945.6,4300.8,21.0,0,10.0,24.0,4n-2m-22th-100bs-484520s-DENV_1-brazil-BVBRC_genome_sequence,sequana_cpu_dev,4,11533322.0,2,22,100,484520,DENV_1-brazil-BVBRC_genome_sequence,6213.24,6463.31,12676.55,443.8,461.66,905.47,226.37,14.0, sdumont6165,202824.8
68.0,2464,14,867762.0,158880.0,41106.5,2482656.0,931.84,2119.68,1894.4,4300.8,21.0,0,3.0,19.0,4n-2m-22th-100bs-484520s-DENV_1-brazil-BVBRC_genome_sequence,sequana_cpu_dev,4,11533327.0,2,22,100,484520,DENV_1-brazil-BVBRC_genome_sequence,5123.16,5322.74,10445.89,394.09,409.44,803.53,200.88,13.0, sdumont6167,146242.46
102.0,2640,15,1093188.5,158780.0,58549.5,2482656.0,942.08,2119.68,1884.16,4300.8,20.0,0,4.0,21.0,4n-2m-22th-100bs-484520s-DENV_1-brazil-BVBRC_genome_sequence,sequana_cpu_dev,4,11533329.0,2,22,100,484520,DENV_1-brazil-BVBRC_genome_sequence,5117.47,5304.82,10422.28,393.65,408.06,801.71,200.43,13.0, sdumont6167,156334.2
131.0,3264,17,797836.0,152100.0,25027.5,2169492.0,921.6,2119.68,1914.88,4229.12,5.0,0,6.0,21.0,4n-2m-24th-100bs-484520s-DENV_1-brazil-BVBRC_genome_sequence,sequana_cpu_dev,4,11533333.0,2,24,100,484520,DENV_1-brazil-BVBRC_genome_sequence,6426.14,6652.08,13078.23,435.98,451.46,887.43,221.86,14.75, sdumont6168,222329.91
175.0,3264,17,1431989.5,154728.0,47113.5,2704168.0,952.32,2119.68,1904.64,4300.8,1.0,0,8.0,26.0,4n-2m-24th-100bs-484520s-DENV_1-brazil-BVBRC_genome_sequence,sequana_cpu_dev,4,11533334.0,2,24,100,484520,DENV_1-brazil-BVBRC_genome_sequence,6900.3,7170.96,14071.26,460.02,478.06,938.08,234.52,15.0, sdumont6165,239211.42
141.0,3456,18,1138298.5,152552.0,53824.0,2609272.0,952.32,2119.68,1976.32,4300.8,5.0,0,5.0,18.0,4n-2m-24th-100bs-484520s-DENV_1-brazil-BVBRC_genome_sequence,sequana_cpu_dev,4,11533337.0,2,24,100,484520,DENV_1-brazil-BVBRC_genome_sequence,7589.95,7904.94,15494.89,459.95,479.36,939.31,234.83,16.5, sdumont6167,278908.02
197.0,3648,19,1436847.5,156332.0,78186.0,2609424.0,952.32,2119.68,1976.32,4300.8,3.0,0,8.0,19.0,4n-2m-24th-100bs-484520s-DENV_1-brazil-BVBRC_genome_sequence,sequana_cpu_dev,4,11533339.0,2,24,100,484520,DENV_1-brazil-BVBRC_genome_sequence,7926.46,8218.99,16145.44,459.5,476.4,935.9,233.97,17.25, sdumont6165,306763.36
179.0,3456,18,1436834.5,156432.0,77955.5,2617696.0,952.32,2119.68,1966.08,4300.8,5.0,0,7.0,19.0,4n-2m-24th-100bs-484520s-DENV_1-brazil-BVBRC_genome_sequence,sequana_cpu_dev,4,11533342.0,2,24,100,484520,DENV_1-brazil-BVBRC_genome_sequence,7529.15,7803.19,15332.35,485.79,503.9,989.68,247.42,15.5, sdumont6165,275982.3
53.0,236,59,1108724.0,151808.0,146796.0,1114940.0,1638.4,4229.12,1638.4,4229.12,1.0,0,187.0,374.0,2n-1m-2th-100bs-377019s-DENV_1-usa-BVBRC_genome_sequence,sequana_cpu_dev,2,11533345.0,1,2,100,377019,DENV_1-usa-BVBRC_genome_sequence,7101.36,4981.08,12082.45,122.44,85.88,208.32,104.16,58.0, sdumont6169,712864.55
58.0,232,58,1108694.0,151844.0,146838.0,1114808.0,1638.4,4229.12,1638.4,4229.12,1.0,0,0.0,0.0,2n-1m-2th-100bs-377019s-DENV_1-usa-BVBRC_genome_sequence,sequana_cpu_dev,2,11533347.0,1,2,100,377019,DENV_1-usa-BVBRC_genome_sequence,6912.14,4779.34,11691.48,123.43,85.35,208.78,104.39,56.0, sdumont6169,678105.84
57.0,224,56,1108638.0,153912.0,147960.0,1114804.0,1638.4,4229.12,1638.4,4229.12,1.0,0,0.0,0.0,2n-1m-2th-100bs-377019s-DENV_1-usa-BVBRC_genome_sequence,sequana_cpu_dev,2,11533349.0,1,2,100,377019,DENV_1-usa-BVBRC_genome_sequence,6917.3,4776.52,11693.82,125.77,86.85,212.61,106.31,55.0, sdumont6168,654853.9199999999
57.0,236,59,1108706.0,152172.0,147146.0,1114804.0,1638.4,4229.12,1638.4,4229.12,1.0,0,0.0,0.0,2n-1m-2th-100bs-377019s-DENV_1-usa-BVBRC_genome_sequence,sequana_cpu_dev,2,11533351.0,1,2,100,377019,DENV_1-usa-BVBRC_genome_sequence,7115.59,4945.45,12061.03,124.83,86.76,211.6,105.8,57.0, sdumont6168,711600.77
57.0,228,57,1108630.0,154216.0,147980.0,1114804.0,1638.4,4229.12,1638.4,4229.12,1.0,0,0.0,0.0,2n-1m-2th-100bs-377019s-DENV_1-usa-BVBRC_genome_sequence,sequana_cpu_dev,2,11533353.0,1,2,100,377019,DENV_1-usa-BVBRC_genome_sequence,6864.54,4761.69,11626.23,122.58,85.03,207.61,103.81,56.0, sdumont6169,662695.11
117.0,280,35,1243110.0,154472.0,148244.0,1249252.0,1638.4,4239.36,1638.4,4249.6,1.0,0,0.0,0.0,2n-1m-4th-100bs-377019s-DENV_1-usa-BVBRC_genome_sequence,sequana_cpu_dev,2,11533355.0,1,4,100,377019,DENV_1-usa-BVBRC_genome_sequence,5023.07,2845.36,7868.44,152.21,86.22,238.44,119.22,33.0, sdumont6168,275395.4
117.0,280,35,1243238.0,152408.0,148268.0,1249408.0,1638.4,4239.36,1638.4,4239.36,1.0,0,0.0,0.0,2n-1m-4th-100bs-377019s-DENV_1-usa-BVBRC_genome_sequence,sequana_cpu_dev,2,11533362.0,1,4,100,377019,DENV_1-usa-BVBRC_genome_sequence,4766.35,2578.88,7345.23,140.19,75.85,216.04,108.02,34.0, sdumont6165,257083.05
116.0,288,36,1243240.0,152284.0,147188.0,1249364.0,1638.4,4239.36,1638.4,4239.36,1.0,0,0.0,1.0,2n-1m-4th-100bs-377019s-DENV_1-usa-BVBRC_genome_sequence,sequana_cpu_dev,2,11533369.0,1,4,100,377019,DENV_1-usa-BVBRC_genome_sequence,4740.95,2574.16,7315.11,135.46,73.55,209.0,104.5,35.0, sdumont6165,263343.96
116.0,288,36,1243164.0,152192.0,147238.0,1249260.0,1638.4,4239.36,1638.4,4239.36,0.0,0,0.0,1.0,2n-1m-4th-100bs-377019s-DENV_1-usa-BVBRC_genome_sequence,sequana_cpu_dev,2,11533372.0,1,4,100,377019,DENV_1-usa-BVBRC_genome_sequence,4996.34,2700.44,7696.77,142.75,77.16,219.91,109.95,35.0, sdumont6166,277083.72000000003
115.0,312,39,1243156.0,152516.0,147362.0,1249368.0,1638.4,4239.36,1638.4,4239.36,1.0,0,0.0,1.0,2n-1m-4th-100bs-377019s-DENV_1-usa-BVBRC_genome_sequence,sequana_cpu_dev,2,11533374.0,1,4,100,377019,DENV_1-usa-BVBRC_genome_sequence,5265.66,2887.24,8152.9,138.57,75.98,214.55,107.27,38.0, sdumont6166,317963.1
0.0,348,29,265352.0,3152.0,3068.0,265352.0,0.0,0.0,0.0,0.0,1.0,0,0.0,0.0,2n-1m-6th-100bs-377019s-DENV_1-usa-BVBRC_genome_sequence,sequana_cpu_dev,2,11533379.0,1,6,100,377019,DENV_1-usa-BVBRC_genome_sequence,4420.1,2030.7,6450.8,163.71,75.21,238.92,119.46,27.0, sdumont6165,187073.2
168.0,384,32,1378078.0,152344.0,148214.0,1384172.0,1638.4,4249.6,1638.4,4249.6,1.0,0,1.0,1.0,2n-1m-6th-100bs-377019s-DENV_1-usa-BVBRC_genome_sequence,sequana_cpu_dev,2,11533382.0,1,6,100,377019,DENV_1-usa-BVBRC_genome_sequence,5226.64,2616.42,7843.06,168.6,84.4,253.0,126.5,31.0, sdumont6168,250977.92
0.0,348,29,265352.0,3164.0,3078.0,265352.0,0.0,0.0,0.0,0.0,1.0,0,0.0,0.0,2n-1m-6th-100bs-377019s-DENV_1-usa-BVBRC_genome_sequence,sequana_cpu_dev,2,11533388.0,1,6,100,377019,DENV_1-usa-BVBRC_genome_sequence,4633.92,2281.45,6915.37,165.5,81.48,246.98,123.49,28.0, sdumont6168,200545.73
0.0,348,29,265352.0,3068.0,3034.0,265352.0,0.0,0.0,0.0,0.0,1.0,0,0.0,0.0,2n-1m-6th-100bs-377019s-DENV_1-usa-BVBRC_genome_sequence,sequana_cpu_dev,2,11533392.0,1,6,100,377019,DENV_1-usa-BVBRC_genome_sequence,4461.91,2059.89,6521.81,159.35,73.57,232.92,116.46,28.0, sdumont6166,189132.49
167.0,420,35,1378074.0,156452.0,149188.0,1384288.0,1648.64,4239.36,1658.88,4239.36,1.0,0,0.0,0.0,2n-1m-6th-100bs-377019s-DENV_1-usa-BVBRC_genome_sequence,sequana_cpu_dev,2,11533395.0,1,6,100,377019,DENV_1-usa-BVBRC_genome_sequence,5440.3,2761.84,8202.14,160.01,81.23,241.24,120.62,34.0, sdumont6168,287074.9
0.0,416,26,265352.0,3184.0,3160.0,265352.0,0.0,0.0,0.0,0.0,1.0,0,0.0,0.0,2n-1m-8th-100bs-377019s-DENV_1-usa-BVBRC_genome_sequence,sequana_cpu_dev,2,11533400.0,1,8,100,377019,DENV_1-usa-BVBRC_genome_sequence,4852.02,1986.06,6838.08,186.62,76.39,263.0,131.5,26.0, sdumont6166,177790.08
0.0,432,27,265352.0,3080.0,2062.0,265352.0,0.0,0.0,0.0,0.0,1.0,0,0.0,0.0,2n-1m-8th-100bs-377019s-DENV_1-usa-BVBRC_genome_sequence,sequana_cpu_dev,2,11533407.0,1,8,100,377019,DENV_1-usa-BVBRC_genome_sequence,4920.19,2021.3,6941.49,189.24,77.74,266.98,133.49,26.0, sdumont6167,187420.23
0.0,432,27,265352.0,3216.0,3184.0,265352.0,0.0,0.0,0.0,0.0,1.0,0,0.0,0.0,2n-1m-8th-100bs-377019s-DENV_1-usa-BVBRC_genome_sequence,sequana_cpu_dev,2,11533411.0,1,8,100,377019,DENV_1-usa-BVBRC_genome_sequence,4886.85,2009.19,6896.04,187.96,77.28,265.23,132.62,26.0, sdumont6166,186193.08
0.0,416,26,265352.0,3200.0,3182.0,265352.0,0.0,0.0,0.0,0.0,1.0,0,0.0,0.0,2n-1m-8th-100bs-377019s-DENV_1-usa-BVBRC_genome_sequence,sequana_cpu_dev,2,11533416.0,1,8,100,377019,DENV_1-usa-BVBRC_genome_sequence,4907.0,2003.22,6910.22,196.28,80.13,276.41,138.2,25.0, sdumont6167,179665.72
0.0,432,27,265352.0,3084.0,2064.0,265352.0,0.0,0.0,0.0,0.0,1.0,0,0.0,0.0,2n-1m-8th-100bs-377019s-DENV_1-usa-BVBRC_genome_sequence,sequana_cpu_dev,2,11533418.0,1,8,100,377019,DENV_1-usa-BVBRC_genome_sequence,4867.12,1997.69,6864.81,187.2,76.83,264.03,132.02,26.0, sdumont6166,185349.87
0.0,500,25,265352.0,3060.0,2050.0,265352.0,0.0,0.0,0.0,0.0,1.0,0,0.0,0.0,2n-1m-10th-100bs-377019s-DENV_1-usa-BVBRC_genome_sequence,sequana_cpu_dev,2,11533421.0,1,10,100,377019,DENV_1-usa-BVBRC_genome_sequence,5125.23,2002.0,7127.23,213.55,83.42,296.97,148.48,24.0, sdumont6169,178180.75
0.0,520,26,265352.0,1048.0,1048.0,265352.0,0.0,0.0,0.0,0.0,62.0,0,0.0,0.0,2n-1m-10th-100bs-377019s-DENV_1-usa-BVBRC_genome_sequence,sequana_cpu_dev,2,11533424.0,1,10,100,377019,DENV_1-usa-BVBRC_genome_sequence,4842.49,1845.12,6687.61,210.54,80.22,290.77,145.38,23.0, sdumont6167,173877.86
0.0,520,26,265352.0,3068.0,2056.0,265352.0,0.0,0.0,0.0,0.0,1.0,0,0.0,0.0,2n-1m-10th-100bs-377019s-DENV_1-usa-BVBRC_genome_sequence,sequana_cpu_dev,2,11533425.0,1,10,100,377019,DENV_1-usa-BVBRC_genome_sequence,4689.49,1798.9,6488.39,187.58,71.96,259.54,129.77,25.0, sdumont6165,168698.14
287.0,640,32,1648332.0,152800.0,148772.0,1654396.0,1638.4,4249.6,1638.4,4249.6,1.0,0,4.0,7.0,2n-1m-10th-100bs-377019s-DENV_1-usa-BVBRC_genome_sequence,sequana_cpu_dev,2,11533429.0,1,10,100,377019,DENV_1-usa-BVBRC_genome_sequence,5977.19,2315.75,8292.94,192.81,74.7,267.51,133.76,31.0, sdumont6165,265374.08
0.0,540,27,265352.0,3064.0,2054.0,265352.0,0.0,0.0,0.0,0.0,20.0,0,0.0,0.0,2n-1m-10th-100bs-377019s-DENV_1-usa-BVBRC_genome_sequence,sequana_cpu_dev,2,11533433.0,1,10,100,377019,DENV_1-usa-BVBRC_genome_sequence,4986.27,1912.77,6899.05,199.45,76.51,275.96,137.98,25.0, sdumont6165,186274.35
0.0,600,25,265352.0,3200.0,2120.0,265352.0,0.0,0.0,0.0,0.0,5.0,0,0.0,0.0,2n-1m-12th-100bs-377019s-DENV_1-usa-BVBRC_genome_sequence,sequana_cpu_dev,2,11533435.0,1,12,100,377019,DENV_1-usa-BVBRC_genome_sequence,4821.65,1808.37,6630.01,200.9,75.35,276.25,138.13,24.0, sdumont6166,165750.25
0.0,672,28,265352.0,3244.0,3188.0,265352.0,0.0,0.0,0.0,0.0,1.0,0,0.0,0.0,2n-1m-12th-100bs-377019s-DENV_1-usa-BVBRC_genome_sequence,sequana_cpu_dev,2,11533437.0,1,12,100,377019,DENV_1-usa-BVBRC_genome_sequence,5165.5,2137.36,7302.86,198.67,82.21,280.88,140.44,26.0, sdumont6169,204480.08
0.0,648,27,265352.0,1048.0,1044.0,265352.0,0.0,0.0,0.0,0.0,1.0,0,0.0,0.0,2n-1m-12th-100bs-377019s-DENV_1-usa-BVBRC_genome_sequence,sequana_cpu_dev,2,11533439.0,1,12,100,377019,DENV_1-usa-BVBRC_genome_sequence,5096.3,2116.73,7213.03,203.85,84.67,288.52,144.26,25.0, sdumont6168,194751.81
0.0,600,25,265352.0,3164.0,2102.0,265352.0,0.0,0.0,0.0,0.0,6.0,0,0.0,0.0,2n-1m-12th-100bs-377019s-DENV_1-usa-BVBRC_genome_sequence,sequana_cpu_dev,2,11533442.0,1,12,100,377019,DENV_1-usa-BVBRC_genome_sequence,4869.67,1857.27,6726.95,202.9,77.39,280.29,140.14,24.0, sdumont6167,168173.75
0.0,672,28,265352.0,3120.0,2080.0,265352.0,0.0,0.0,0.0,0.0,5.0,0,0.0,0.0,2n-1m-12th-100bs-377019s-DENV_1-usa-BVBRC_genome_sequence,sequana_cpu_dev,2,11533444.0,1,12,100,377019,DENV_1-usa-BVBRC_genome_sequence,5755.41,2158.96,7914.37,213.16,79.96,293.12,146.56,27.0, sdumont6166,221602.36
0.0,756,27,265352.0,3184.0,3156.0,265352.0,0.0,0.0,0.0,0.0,20.0,0,0.0,0.0,2n-1m-14th-100bs-377019s-DENV_1-usa-BVBRC_genome_sequence,sequana_cpu_dev,2,11533446.0,1,14,100,377019,DENV_1-usa-BVBRC_genome_sequence,5462.24,2040.87,7503.12,218.49,81.63,300.12,150.06,25.0, sdumont6167,202584.24
0.0,784,28,265352.0,3192.0,3148.0,265352.0,0.0,0.0,0.0,0.0,35.0,0,0.0,0.0,2n-1m-14th-100bs-377019s-DENV_1-usa-BVBRC_genome_sequence,sequana_cpu_dev,2,11533448.0,1,14,100,377019,DENV_1-usa-BVBRC_genome_sequence,5404.82,2032.46,7437.29,207.88,78.17,286.05,143.02,26.0, sdumont6166,208244.12
0.0,756,27,265352.0,1044.0,1044.0,265352.0,0.0,0.0,0.0,0.0,21.0,0,0.0,0.0,2n-1m-14th-100bs-377019s-DENV_1-usa-BVBRC_genome_sequence,sequana_cpu_dev,2,11533450.0,1,14,100,377019,DENV_1-usa-BVBRC_genome_sequence,5432.11,2067.69,7499.8,208.93,79.53,288.45,144.23,26.0, sdumont6167,202494.6
0.0,728,26,265352.0,1048.0,1046.0,265352.0,0.0,0.0,0.0,0.0,21.0,0,0.0,0.0,2n-1m-14th-100bs-377019s-DENV_1-usa-BVBRC_genome_sequence,sequana_cpu_dev,2,11533452.0,1,14,100,377019,DENV_1-usa-BVBRC_genome_sequence,5525.9,2067.48,7593.39,221.04,82.7,303.74,151.87,25.0, sdumont6167,197428.14
0.0,784,28,265352.0,3248.0,2144.0,265352.0,0.0,0.0,0.0,0.0,1.0,0,0.0,0.0,2n-1m-14th-100bs-377019s-DENV_1-usa-BVBRC_genome_sequence,sequana_cpu_dev,2,11533454.0,1,14,100,377019,DENV_1-usa-BVBRC_genome_sequence,5659.37,2292.97,7952.34,213.75,86.49,300.23,150.12,26.5, sdumont6168,222665.52
0.0,928,29,265352.0,3168.0,2106.0,265352.0,0.0,0.0,0.0,0.0,1.0,0,0.0,0.0,2n-1m-16th-100bs-377019s-DENV_1-usa-BVBRC_genome_sequence,sequana_cpu_dev,2,11533456.0,1,16,100,377019,DENV_1-usa-BVBRC_genome_sequence,5735.44,2306.84,8042.28,212.42,85.44,297.86,148.93,27.0, sdumont6169,233226.12
0.0,960,30,265352.0,3188.0,2118.0,265352.0,0.0,0.0,0.0,0.0,1.0,0,0.0,0.0,2n-1m-16th-100bs-377019s-DENV_1-usa-BVBRC_genome_sequence,sequana_cpu_dev,2,11533458.0,1,16,100,377019,DENV_1-usa-BVBRC_genome_sequence,5726.33,2324.84,8051.17,204.51,83.03,287.54,143.77,28.0, sdumont6168,241535.1
0.0,832,26,265352.0,3132.0,2086.0,265352.0,0.0,0.0,0.0,0.0,1.0,0,0.0,0.0,2n-1m-16th-100bs-377019s-DENV_1-usa-BVBRC_genome_sequence,sequana_cpu_dev,2,11533460.0,1,16,100,377019,DENV_1-usa-BVBRC_genome_sequence,5257.01,2132.79,7389.8,210.28,85.31,295.59,147.8,25.0, sdumont6168,192134.8
0.0,896,28,265352.0,3124.0,2084.0,265352.0,0.0,0.0,0.0,0.0,2.0,0,0.0,0.0,2n-1m-16th-100bs-377019s-DENV_1-usa-BVBRC_genome_sequence,sequana_cpu_dev,2,11533464.0,1,16,100,377019,DENV_1-usa-BVBRC_genome_sequence,5816.03,2350.18,8166.22,215.41,87.04,302.45,151.23,27.0, sdumont6169,228654.16
0.0,864,27,265352.0,1048.0,1046.0,265352.0,0.0,0.0,0.0,0.0,1.0,0,0.0,0.0,2n-1m-16th-100bs-377019s-DENV_1-usa-BVBRC_genome_sequence,sequana_cpu_dev,2,11533466.0,1,16,100,377019,DENV_1-usa-BVBRC_genome_sequence,5231.99,2125.65,7357.64,201.23,81.76,282.99,141.49,26.0, sdumont6169,198656.28
0.0,1044,29,265352.0,3104.0,2072.0,265352.0,0.0,0.0,0.0,0.0,1.0,0,0.0,0.0,2n-1m-18th-100bs-377019s-DENV_1-usa-BVBRC_genome_sequence,sequana_cpu_dev,2,11533468.0,1,18,100,377019,DENV_1-usa-BVBRC_genome_sequence,5759.71,2305.65,8065.36,205.7,82.34,288.05,144.02,28.0, sdumont6169,233895.44
0.0,2376,66,265352.0,3152.0,2098.0,265352.0,0.0,0.0,0.0,0.0,1.0,0,0.0,0.0,2n-1m-18th-100bs-377019s-DENV_1-usa-BVBRC_genome_sequence,sequana_cpu_dev,2,11533471.0,1,18,100,377019,DENV_1-usa-BVBRC_genome_sequence,5541.0,2220.24,7761.24,213.12,85.39,298.51,149.25,26.0, sdumont6168,512241.84
0.0,1080,30,265352.0,3064.0,2054.0,265352.0,0.0,0.0,0.0,0.0,1.0,0,0.0,0.0,2n-1m-18th-100bs-377019s-DENV_1-usa-BVBRC_genome_sequence,sequana_cpu_dev,2,11533473.0,1,18,100,377019,DENV_1-usa-BVBRC_genome_sequence,5793.42,2318.61,8112.03,199.77,79.95,279.73,139.86,29.0, sdumont6169,243360.9
0.0,1044,29,265352.0,1048.0,1046.0,265352.0,0.0,0.0,0.0,0.0,1.0,0,0.0,0.0,2n-1m-18th-100bs-377019s-DENV_1-usa-BVBRC_genome_sequence,sequana_cpu_dev,2,11533475.0,1,18,100,377019,DENV_1-usa-BVBRC_genome_sequence,5673.33,2078.64,7751.97,202.62,74.24,276.86,138.43,28.0, sdumont6165,224807.13
523.0,1188,33,2188796.0,156840.0,151878.0,2194872.0,1638.4,4249.6,1638.4,4249.6,1.0,0,12.0,16.0,2n-1m-18th-100bs-377019s-DENV_1-usa-BVBRC_genome_sequence,sequana_cpu_dev,2,11533479.0,1,18,100,377019,DENV_1-usa-BVBRC_genome_sequence,6728.63,2673.34,9401.97,217.05,86.24,303.29,151.64,31.0, sdumont6168,310265.00999999995
0.0,1120,28,265352.0,1048.0,1048.0,265352.0,0.0,0.0,0.0,0.0,1.0,0,0.0,0.0,2n-1m-20th-100bs-377019s-DENV_1-usa-BVBRC_genome_sequence,sequana_cpu_dev,2,11533480.0,1,20,100,377019,DENV_1-usa-BVBRC_genome_sequence,5835.11,2085.02,7920.13,216.12,77.22,293.34,146.67,27.0, sdumont6165,221763.64
0.0,1160,29,265352.0,1044.0,1042.0,265352.0,0.0,0.0,0.0,0.0,1.0,0,0.0,0.0,2n-1m-20th-100bs-377019s-DENV_1-usa-BVBRC_genome_sequence,sequana_cpu_dev,2,11533482.0,1,20,100,377019,DENV_1-usa-BVBRC_genome_sequence,5830.99,2063.85,7894.84,208.25,73.71,281.96,140.98,28.0, sdumont6165,228950.36
0.0,1120,28,265352.0,1044.0,1044.0,265352.0,0.0,0.0,0.0,0.0,1.0,0,0.0,0.0,2n-1m-20th-100bs-377019s-DENV_1-usa-BVBRC_genome_sequence,sequana_cpu_dev,2,11533485.0,1,20,100,377019,DENV_1-usa-BVBRC_genome_sequence,5461.16,2139.64,7600.8,202.27,79.25,281.51,140.76,27.0, sdumont6168,212822.4
0.0,1160,29,265352.0,3124.0,2084.0,265352.0,0.0,0.0,0.0,0.0,1.0,0,0.0,0.0,2n-1m-20th-100bs-377019s-DENV_1-usa-BVBRC_genome_sequence,sequana_cpu_dev,2,11533487.0,1,20,100,377019,DENV_1-usa-BVBRC_genome_sequence,5903.35,2288.16,8191.51,210.83,81.72,292.55,146.28,28.0, sdumont6169,237553.79
0.0,1200,30,265352.0,3160.0,2104.0,265352.0,0.0,0.0,0.0,0.0,1.0,0,0.0,0.0,2n-1m-20th-100bs-377019s-DENV_1-usa-BVBRC_genome_sequence,sequana_cpu_dev,2,11533489.0,1,20,100,377019,DENV_1-usa-BVBRC_genome_sequence,5977.02,2319.52,8296.54,213.47,82.84,296.31,148.15,28.0, sdumont6169,248896.2
0.0,1276,29,265352.0,3124.0,2084.0,265352.0,0.0,0.0,0.0,0.0,1.0,0,0.0,0.0,2n-1m-22th-100bs-377019s-DENV_1-usa-BVBRC_genome_sequence,sequana_cpu_dev,2,11533491.0,1,22,100,377019,DENV_1-usa-BVBRC_genome_sequence,6295.83,2387.3,8683.13,224.85,85.26,310.11,155.06,28.0, sdumont6168,251810.77
0.0,2948,67,265352.0,3152.0,2098.0,265352.0,0.0,0.0,0.0,0.0,1.0,0,0.0,0.0,2n-1m-22th-100bs-377019s-DENV_1-usa-BVBRC_genome_sequence,sequana_cpu_dev,2,11533493.0,1,22,100,377019,DENV_1-usa-BVBRC_genome_sequence,6179.07,2333.9,8512.96,220.68,83.35,304.03,152.02,28.0, sdumont6169,570368.32
0.0,1364,31,359482.0,5052.0,4090.0,453612.0,890.88,2150.4,1781.76,4311.04,1.0,0,0.0,0.0,2n-1m-22th-100bs-377019s-DENV_1-usa-BVBRC_genome_sequence,sequana_cpu_dev,2,11533495.0,1,22,100,377019,DENV_1-usa-BVBRC_genome_sequence,6650.13,2514.33,9164.46,221.67,83.81,305.48,152.74,30.0, sdumont6169,284098.25999999995
0.0,1320,30,265352.0,3152.0,2098.0,265352.0,0.0,0.0,0.0,0.0,1.0,0,0.0,0.0,2n-1m-22th-100bs-377019s-DENV_1-usa-BVBRC_genome_sequence,sequana_cpu_dev,2,11533497.0,1,22,100,377019,DENV_1-usa-BVBRC_genome_sequence,6209.22,2349.98,8559.2,214.11,81.03,295.14,147.57,29.0, sdumont6169,256776.00000000003
0.0,1276,29,265352.0,1048.0,1046.0,265352.0,0.0,0.0,0.0,0.0,1.0,0,0.0,0.0,2n-1m-22th-100bs-377019s-DENV_1-usa-BVBRC_genome_sequence,sequana_cpu_dev,2,11533499.0,1,22,100,377019,DENV_1-usa-BVBRC_genome_sequence,6060.43,2299.08,8359.51,216.44,82.11,298.55,149.28,28.0, sdumont6168,242425.79
348.0,1488,31,1406654.0,111484.0,56266.0,2547956.0,849.92,2119.68,1699.84,4249.6,3.0,0,9.0,18.0,2n-1m-24th-100bs-377019s-DENV_1-usa-BVBRC_genome_sequence,sequana_cpu_dev,2,11533501.0,1,24,100,377019,DENV_1-usa-BVBRC_genome_sequence,6894.12,2530.28,9424.4,237.73,87.25,324.98,162.49,29.0, sdumont6169,292156.4
0.0,1488,31,265352.0,1044.0,1042.0,265352.0,0.0,0.0,0.0,0.0,1.0,0,0.0,0.0,2n-1m-24th-100bs-377019s-DENV_1-usa-BVBRC_genome_sequence,sequana_cpu_dev,2,11533503.0,1,24,100,377019,DENV_1-usa-BVBRC_genome_sequence,6343.73,2136.49,8480.22,222.63,74.9,297.54,148.77,28.5, sdumont6165,262886.82
0.0,1440,30,265352.0,3104.0,2074.0,265352.0,0.0,0.0,0.0,0.0,1.0,0,0.0,0.0,2n-1m-24th-100bs-377019s-DENV_1-usa-BVBRC_genome_sequence,sequana_cpu_dev,2,11533505.0,1,24,100,377019,DENV_1-usa-BVBRC_genome_sequence,6363.65,2135.24,8498.89,219.44,73.63,293.07,146.53,29.0, sdumont6165,254966.7
0.0,1392,29,265352.0,1044.0,1042.0,265352.0,0.0,0.0,0.0,0.0,0.0,0,0.0,0.0,2n-1m-24th-100bs-377019s-DENV_1-usa-BVBRC_genome_sequence,sequana_cpu_dev,2,11533508.0,1,24,100,377019,DENV_1-usa-BVBRC_genome_sequence,6407.17,2377.17,8784.34,228.83,84.9,313.73,156.86,28.0, sdumont6169,254745.86
698.0,1536,32,2594248.0,159752.0,152392.0,2600396.0,1638.4,4249.6,1638.4,4249.6,2.0,0,34.0,46.0,2n-1m-24th-100bs-377019s-DENV_1-usa-BVBRC_genome_sequence,sequana_cpu_dev,2,11533511.0,1,24,100,377019,DENV_1-usa-BVBRC_genome_sequence,7305.97,2677.53,9983.5,239.7,87.75,327.45,163.73,30.5, sdumont6168,319472.0
757.0,1924,37,2729580.0,157828.0,151468.0,2735876.0,1638.4,4239.36,1638.4,4239.36,3.0,0,10.0,12.0,2n-1m-26th-100bs-377019s-DENV_1-usa-BVBRC_genome_sequence,sequana_cpu_dev,2,11533513.0,1,26,100,377019,DENV_1-usa-BVBRC_genome_sequence,7674.08,4095.39,11769.48,213.17,113.76,326.93,163.46,36.0, sdumont6169,435470.76
758.0,2288,44,2729432.0,155592.0,150414.0,2735580.0,1638.4,4239.36,1638.4,4239.36,1.0,0,24.0,28.0,2n-1m-26th-100bs-377019s-DENV_1-usa-BVBRC_genome_sequence,sequana_cpu_dev,2,11533517.0,1,26,100,377019,DENV_1-usa-BVBRC_genome_sequence,9555.7,4977.97,14533.68,222.23,115.77,337.99,169.0,43.0, sdumont6169,639481.92
759.0,1820,35,2729582.0,155728.0,150550.0,2735728.0,1638.4,4239.36,1638.4,4249.6,1.0,0,17.0,17.0,2n-1m-26th-100bs-377019s-DENV_1-usa-BVBRC_genome_sequence,sequana_cpu_dev,2,11533520.0,1,26,100,377019,DENV_1-usa-BVBRC_genome_sequence,7668.44,4058.84,11727.28,225.54,119.38,344.92,172.46,34.0, sdumont6169,410454.8000000001
757.0,2028,39,2729434.0,155512.0,150396.0,2735580.0,1638.4,4239.36,1638.4,4239.36,2.0,0,16.0,18.0,2n-1m-26th-100bs-377019s-DENV_1-usa-BVBRC_genome_sequence,sequana_cpu_dev,2,11533522.0,1,26,100,377019,DENV_1-usa-BVBRC_genome_sequence,8740.02,4555.94,13295.97,230.0,119.89,349.89,174.95,38.0, sdumont6168,518542.83
755.0,1872,36,2729434.0,155560.0,151402.0,2735580.0,1638.4,4239.36,1638.4,4249.6,0.0,0,16.0,21.0,2n-1m-26th-100bs-377019s-DENV_1-usa-BVBRC_genome_sequence,sequana_cpu_dev,2,11533524.0,1,26,100,377019,DENV_1-usa-BVBRC_genome_sequence,7698.14,4064.29,11762.42,219.95,116.12,336.07,168.03,35.0, sdumont6168,423447.12
800.0,2352,42,2864684.0,155524.0,150668.0,2870756.0,1638.4,4239.36,1638.4,4239.36,2.0,0,67.0,128.0,2n-1m-28th-100bs-377019s-DENV_1-usa-BVBRC_genome_sequence,sequana_cpu_dev,2,11533526.0,1,28,100,377019,DENV_1-usa-BVBRC_genome_sequence,8973.48,5591.38,14564.86,224.34,139.78,364.12,182.06,40.0, sdumont6168,611724.12
816.0,2016,36,2864684.0,157400.0,152532.0,2870904.0,1638.4,4239.36,1638.4,4249.6,3.0,0,18.0,24.0,2n-1m-28th-100bs-377019s-DENV_1-usa-BVBRC_genome_sequence,sequana_cpu_dev,2,11533529.0,1,28,100,377019,DENV_1-usa-BVBRC_genome_sequence,7675.33,4841.96,12517.29,219.3,138.34,357.64,178.82,35.0, sdumont6168,450622.44000000006
811.0,2128,38,2864610.0,155580.0,151498.0,2870756.0,1638.4,4239.36,1638.4,4239.36,1.0,0,19.0,24.0,2n-1m-28th-100bs-377019s-DENV_1-usa-BVBRC_genome_sequence,sequana_cpu_dev,2,11533533.0,1,28,100,377019,DENV_1-usa-BVBRC_genome_sequence,8169.19,5141.75,13310.94,220.79,138.97,359.76,179.88,37.0, sdumont6168,505815.72
816.0,2240,40,2864758.0,155728.0,151694.0,2870904.0,1638.4,4239.36,1638.4,4239.36,3.0,0,19.0,30.0,2n-1m-28th-100bs-377019s-DENV_1-usa-BVBRC_genome_sequence,sequana_cpu_dev,2,11533535.0,1,28,100,377019,DENV_1-usa-BVBRC_genome_sequence,8880.94,5488.96,14369.9,227.72,140.74,368.46,184.23,39.0, sdumont6168,574796.0
815.0,2128,38,2864684.0,157664.0,151854.0,2870756.0,1638.4,4239.36,1638.4,4249.6,3.0,0,13.0,15.0,2n-1m-28th-100bs-377019s-DENV_1-usa-BVBRC_genome_sequence,sequana_cpu_dev,2,11533537.0,1,28,100,377019,DENV_1-usa-BVBRC_genome_sequence,8171.23,5127.29,13298.52,227.27,142.39,369.66,184.83,36.0, sdumont6169,505343.76
873.0,2280,38,2999938.0,160012.0,153938.0,3005936.0,1638.4,4239.36,1638.4,4239.36,2.0,0,20.0,28.0,2n-1m-30th-100bs-377019s-DENV_1-usa-BVBRC_genome_sequence,sequana_cpu_dev,2,11533539.0,1,30,100,377019,DENV_1-usa-BVBRC_genome_sequence,8070.44,5899.21,13969.65,221.2,161.57,382.77,191.38,36.5, sdumont6168,530846.7
875.0,2160,36,2999864.0,158072.0,152880.0,3006084.0,1638.4,4239.36,1638.4,4249.6,2.0,0,23.0,26.0,2n-1m-30th-100bs-377019s-DENV_1-usa-BVBRC_genome_sequence,sequana_cpu_dev,2,11533542.0,1,30,100,377019,DENV_1-usa-BVBRC_genome_sequence,7610.78,5660.33,13271.11,217.45,161.72,379.17,189.59,35.0, sdumont6168,477759.96
874.0,2400,40,2999864.0,155948.0,152814.0,3006084.0,1638.4,4239.36,1638.4,4249.6,2.0,0,11.0,14.0,2n-1m-30th-100bs-377019s-DENV_1-usa-BVBRC_genome_sequence,sequana_cpu_dev,2,11533544.0,1,30,100,377019,DENV_1-usa-BVBRC_genome_sequence,8740.85,6375.92,15116.77,227.12,165.56,392.68,196.34,38.5, sdumont6169,604670.8
4966.0,10656,444,1792692.0,168448.0,160616.0,1795096.0,5826.56,4628.48,9359.36,4628.48,36550.0,0,384.0,455.0,2n-1m-12th-1000bs-484520s-DENV_1-brazil-BVBRC_genome_sequence,sequana_cpu,2,11533545.0,1,12,1000,484520,DENV_1-brazil-BVBRC_genome_sequence,98808.5,35983.34,134791.85,223.04,81.23,304.27,152.14,443.0, sdumont6107,59847581.400000006
874.0,2460,41,3000012.0,154280.0,149936.0,3006232.0,1638.4,4239.36,1638.4,4239.36,2.0,0,11.0,13.0,2n-1m-30th-100bs-377019s-DENV_1-usa-BVBRC_genome_sequence,sequana_cpu_dev,2,11533548.0,1,30,100,377019,DENV_1-usa-BVBRC_genome_sequence,8664.78,6392.13,15056.91,216.62,159.8,376.42,188.21,40.0, sdumont6168,617333.3099999999
875.0,2460,41,2999790.0,159524.0,152584.0,3005936.0,1638.4,4239.36,1638.4,4239.36,2.0,0,18.0,31.0,2n-1m-30th-100bs-377019s-DENV_1-usa-BVBRC_genome_sequence,sequana_cpu_dev,2,11533551.0,1,30,100,377019,DENV_1-usa-BVBRC_genome_sequence,9002.62,6566.95,15569.58,225.07,164.17,389.24,194.62,40.0, sdumont6169,638352.78
930.0,2688,42,3134970.0,160212.0,152942.0,3141116.0,1638.4,4239.36,1638.4,4239.36,0.0,0,17.0,20.0,2n-1m-32th-100bs-377019s-DENV_1-usa-BVBRC_genome_sequence,sequana_cpu_dev,2,11533557.0,1,32,100,377019,DENV_1-usa-BVBRC_genome_sequence,9203.55,7433.96,16637.51,224.48,181.32,405.79,202.9,41.0, sdumont6169,698775.4199999999
927.0,2688,42,3135118.0,158280.0,154074.0,3141412.0,1638.4,4239.36,1638.4,4239.36,3.0,0,17.0,27.0,2n-1m-32th-100bs-377019s-DENV_1-usa-BVBRC_genome_sequence,sequana_cpu_dev,2,11533561.0,1,32,100,377019,DENV_1-usa-BVBRC_genome_sequence,8990.49,7286.95,16277.44,222.08,179.9,401.98,200.99,40.5, sdumont6169,683652.48
927.0,2496,39,3135044.0,160172.0,154946.0,3141264.0,1638.4,4239.36,1638.4,4239.36,4.0,0,19.0,34.0,2n-1m-32th-100bs-377019s-DENV_1-usa-BVBRC_genome_sequence,sequana_cpu_dev,2,11533563.0,1,32,100,377019,DENV_1-usa-BVBRC_genome_sequence,8358.8,6766.82,15125.61,223.08,180.48,403.56,201.78,37.5, sdumont6168,589898.79
930.0,2880,45,3135044.0,161764.0,155694.0,3141116.0,1628.16,4239.36,1628.16,4239.36,1.0,0,25.0,30.0,2n-1m-32th-100bs-377019s-DENV_1-usa-BVBRC_genome_sequence,sequana_cpu_dev,2,11533565.0,1,32,100,377019,DENV_1-usa-BVBRC_genome_sequence,10072.28,8047.5,18119.78,228.92,182.9,411.81,205.91,44.0, sdumont6169,815390.1
934.0,2560,40,3135118.0,158296.0,154002.0,3141264.0,1638.4,4239.36,1638.4,4239.36,3.0,0,16.0,16.0,2n-1m-32th-100bs-377019s-DENV_1-usa-BVBRC_genome_sequence,sequana_cpu_dev,2,11533567.0,1,32,100,377019,DENV_1-usa-BVBRC_genome_sequence,8756.69,7035.34,15792.04,227.54,182.7,410.24,205.12,38.5, sdumont6168,631681.6000000001
4998.0,10776,449,1792640.0,162884.0,158638.0,1807284.0,5826.56,4628.48,9359.36,4628.48,35759.0,0,4.0,5.0,2n-1m-12th-1000bs-484520s-DENV_1-brazil-BVBRC_genome_sequence,sequana_cpu,2,11533568.0,1,12,1000,484520,DENV_1-brazil-BVBRC_genome_sequence,98998.39,35799.5,134797.89,220.98,79.91,300.89,150.44,448.0, sdumont6053,60524252.61000001
990.0,2720,40,3270148.0,158388.0,152902.0,3276292.0,1638.4,4239.36,1638.4,4239.36,1.0,0,15.0,17.0,2n-1m-34th-100bs-377019s-DENV_1-usa-BVBRC_genome_sequence,sequana_cpu_dev,2,11533570.0,1,34,100,377019,DENV_1-usa-BVBRC_genome_sequence,8699.29,7672.95,16372.24,226.08,199.29,425.38,212.69,38.5, sdumont6169,654889.6
985.0,2788,41,3270148.0,159896.0,154716.0,3276292.0,1638.4,4239.36,1638.4,4239.36,1.0,0,30.0,33.0,2n-1m-34th-100bs-377019s-DENV_1-usa-BVBRC_genome_sequence,sequana_cpu_dev,2,11533572.0,1,34,100,377019,DENV_1-usa-BVBRC_genome_sequence,8657.65,7636.87,16294.52,221.99,195.82,417.81,208.9,39.0, sdumont6169,668075.3200000001
986.0,2720,40,3270222.0,159640.0,154702.0,3276444.0,1638.4,4239.36,1638.4,4239.36,1.0,0,22.0,22.0,2n-1m-34th-100bs-377019s-DENV_1-usa-BVBRC_genome_sequence,sequana_cpu_dev,2,11533574.0,1,34,100,377019,DENV_1-usa-BVBRC_genome_sequence,8685.82,7719.6,16405.42,222.71,197.94,420.65,210.33,39.0, sdumont6168,656216.7999999999
991.0,2788,41,3270148.0,159840.0,154828.0,3276296.0,1638.4,4239.36,1638.4,4239.36,3.0,0,24.0,35.0,2n-1m-34th-100bs-377019s-DENV_1-usa-BVBRC_genome_sequence,sequana_cpu_dev,2,11533577.0,1,34,100,377019,DENV_1-usa-BVBRC_genome_sequence,8706.47,7611.25,16317.72,223.24,195.16,418.4,209.2,39.0, sdumont6169,669026.52
989.0,2856,42,3270222.0,161804.0,155932.0,3276296.0,1638.4,4239.36,1638.4,4239.36,2.0,0,19.0,26.0,2n-1m-34th-100bs-377019s-DENV_1-usa-BVBRC_genome_sequence,sequana_cpu_dev,2,11533579.0,1,34,100,377019,DENV_1-usa-BVBRC_genome_sequence,9240.7,8182.73,17423.43,231.02,204.57,435.59,217.79,40.0, sdumont6168,731784.06
1047.0,2808,39,3405404.0,158048.0,155268.0,3411476.0,1638.4,4239.36,1638.4,4239.36,2.0,0,26.0,26.0,2n-1m-36th-100bs-377019s-DENV_1-usa-BVBRC_genome_sequence,sequana_cpu_dev,2,11533581.0,1,36,100,377019,DENV_1-usa-BVBRC_genome_sequence,8629.61,7803.25,16432.86,227.09,205.35,432.44,216.22,38.0, sdumont6168,640881.54
1046.0,3024,42,3405330.0,160536.0,154306.0,3411476.0,1638.4,4239.36,1638.4,4239.36,2.0,0,24.0,33.0,2n-1m-36th-100bs-377019s-DENV_1-usa-BVBRC_genome_sequence,sequana_cpu_dev,2,11533584.0,1,36,100,377019,DENV_1-usa-BVBRC_genome_sequence,9271.96,8404.49,17676.45,231.8,210.11,441.91,220.96,40.0, sdumont6168,742410.9
1045.0,3168,44,3405478.0,160076.0,154946.0,3411624.0,1638.4,4239.36,1638.4,4239.36,2.0,0,24.0,30.0,2n-1m-36th-100bs-377019s-DENV_1-usa-BVBRC_genome_sequence,sequana_cpu_dev,2,11533586.0,1,36,100,377019,DENV_1-usa-BVBRC_genome_sequence,9815.84,8849.77,18665.61,228.28,205.81,434.08,217.04,43.0, sdumont6168,821286.8400000001
1048.0,2952,41,3405330.0,162448.0,154978.0,3411476.0,1638.4,4239.36,1638.4,4239.36,3.0,0,24.0,25.0,2n-1m-36th-100bs-377019s-DENV_1-usa-BVBRC_genome_sequence,sequana_cpu_dev,2,11533588.0,1,36,100,377019,DENV_1-usa-BVBRC_genome_sequence,8660.72,7875.13,16535.84,225.05,204.52,429.57,214.79,38.5, sdumont6169,677969.4400000001
1035.0,3240,45,3405478.0,159952.0,153902.0,3411624.0,1638.4,4239.36,1638.4,4239.36,3.0,0,21.0,31.0,2n-1m-36th-100bs-377019s-DENV_1-usa-BVBRC_genome_sequence,sequana_cpu_dev,2,11533591.0,1,36,100,377019,DENV_1-usa-BVBRC_genome_sequence,9566.91,8618.3,18185.2,227.78,205.2,432.98,216.49,42.0, sdumont6169,818334.0
1106.0,3040,40,3540658.0,158680.0,154148.0,3546804.0,1638.4,4239.36,1638.4,4239.36,3.0,0,18.0,19.0,2n-1m-38th-100bs-377019s-DENV_1-usa-BVBRC_genome_sequence,sequana_cpu_dev,2,11533596.0,1,38,100,377019,DENV_1-usa-BVBRC_genome_sequence,8589.78,7995.24,16585.01,226.05,210.4,436.45,218.22,38.0, sdumont6169,663400.3999999999
1099.0,3952,52,3540584.0,158300.0,153926.0,3546804.0,1638.4,4229.12,1638.4,4239.36,2.0,0,22.0,29.0,2n-1m-38th-100bs-377019s-DENV_1-usa-BVBRC_genome_sequence,sequana_cpu_dev,2,11533598.0,1,38,100,377019,DENV_1-usa-BVBRC_genome_sequence,11357.48,10509.55,21867.03,227.15,210.19,437.34,218.67,50.0, sdumont6168,1137085.56
1104.0,3420,45,3540586.0,158196.0,153056.0,3546660.0,1638.4,4239.36,1638.4,4239.36,3.0,0,26.0,28.0,2n-1m-38th-100bs-377019s-DENV_1-usa-BVBRC_genome_sequence,sequana_cpu_dev,2,11533600.0,1,38,100,377019,DENV_1-usa-BVBRC_genome_sequence,9701.37,8967.1,18668.47,225.61,208.54,434.15,217.08,43.0, sdumont6168,840081.15
1098.0,3876,51,3540514.0,155852.0,151666.0,3546660.0,1638.4,4229.12,1638.4,4229.12,2.0,0,24.0,27.0,2n-1m-38th-100bs-377019s-DENV_1-usa-BVBRC_genome_sequence,sequana_cpu_dev,2,11533603.0,1,38,100,377019,DENV_1-usa-BVBRC_genome_sequence,11175.97,10348.21,21524.19,223.52,206.96,430.48,215.24,50.0, sdumont6169,1097733.69
1102.0,3572,47,3540658.0,156412.0,152070.0,3546804.0,1638.4,4239.36,1638.4,4239.36,2.0,0,28.0,31.0,2n-1m-38th-100bs-377019s-DENV_1-usa-BVBRC_genome_sequence,sequana_cpu_dev,2,11533605.0,1,38,100,377019,DENV_1-usa-BVBRC_genome_sequence,10187.6,9458.67,19646.27,226.39,210.19,436.58,218.29,45.0, sdumont6168,923374.69
1062.0,3520,44,3675692.0,156236.0,151194.0,3681840.0,1638.4,4239.36,1638.4,4239.36,1.0,0,629.0,640.0,2n-1m-40th-100bs-377019s-DENV_1-usa-BVBRC_genome_sequence,sequana_cpu_dev,2,11533607.0,1,40,100,377019,DENV_1-usa-BVBRC_genome_sequence,8734.09,7682.03,16416.11,205.57,180.73,386.3,193.15,42.5, sdumont6187,722308.8400000001
1161.0,3520,44,3675764.0,158104.0,151906.0,3681836.0,1638.4,4239.36,1638.4,4239.36,1.0,0,19.0,20.0,2n-1m-40th-100bs-377019s-DENV_1-usa-BVBRC_genome_sequence,sequana_cpu_dev,2,11533610.0,1,40,100,377019,DENV_1-usa-BVBRC_genome_sequence,9066.22,7838.18,16904.4,215.86,186.62,402.49,201.24,42.0, sdumont6187,743793.6000000001
1162.0,3600,45,3675838.0,156152.0,151056.0,3681984.0,1638.4,4239.36,1638.4,4239.36,1.0,0,33.0,39.0,2n-1m-40th-100bs-377019s-DENV_1-usa-BVBRC_genome_sequence,sequana_cpu_dev,2,11533613.0,1,40,100,377019,DENV_1-usa-BVBRC_genome_sequence,9545.75,8237.3,17783.04,224.77,193.87,418.64,209.32,42.5, sdumont6186,800236.8
1162.0,3280,41,3675764.0,156120.0,150940.0,3681836.0,1638.4,4239.36,1638.4,4239.36,1.0,0,29.0,32.0,2n-1m-40th-100bs-377019s-DENV_1-usa-BVBRC_genome_sequence,sequana_cpu_dev,2,11533617.0,1,40,100,377019,DENV_1-usa-BVBRC_genome_sequence,8488.05,7433.02,15921.07,217.64,190.59,408.23,204.12,39.0, sdumont6187,652763.87
1163.0,3440,43,3675916.0,156296.0,151218.0,3681988.0,1638.4,4239.36,1638.4,4239.36,1.0,0,30.0,33.0,2n-1m-40th-100bs-377019s-DENV_1-usa-BVBRC_genome_sequence,sequana_cpu_dev,2,11533619.0,1,40,100,377019,DENV_1-usa-BVBRC_genome_sequence,9074.56,7922.63,16997.19,221.33,193.23,414.57,207.28,41.0, sdumont6186,730879.1699999999
1216.0,4452,53,3810880.0,156076.0,151156.0,3817028.0,1638.4,4229.12,1638.4,4229.12,4.0,0,20.0,20.0,2n-1m-42th-100bs-377019s-DENV_1-usa-BVBRC_genome_sequence,sequana_cpu_dev,2,11533621.0,1,42,100,377019,DENV_1-usa-BVBRC_genome_sequence,11694.23,10373.83,22068.06,229.3,203.41,432.71,216.35,51.0, sdumont6186,1169607.1800000002
1217.0,3864,46,3811028.0,156280.0,152120.0,3817176.0,1638.4,4239.36,1638.4,4239.36,4.0,0,35.0,44.0,2n-1m-42th-100bs-377019s-DENV_1-usa-BVBRC_genome_sequence,sequana_cpu_dev,2,11533623.0,1,42,100,377019,DENV_1-usa-BVBRC_genome_sequence,9825.89,8751.85,18577.74,223.32,198.91,422.22,211.11,44.0, sdumont6187,854576.04
1218.0,3696,44,3810956.0,158180.0,153140.0,3817028.0,1638.4,4239.36,1638.4,4239.36,1.0,0,19.0,21.0,2n-1m-42th-100bs-377019s-DENV_1-usa-BVBRC_genome_sequence,sequana_cpu_dev,2,11533625.0,1,42,100,377019,DENV_1-usa-BVBRC_genome_sequence,8967.71,7935.61,16903.33,218.72,193.55,412.28,206.14,41.0, sdumont6187,743746.52
1218.0,4032,48,3810952.0,158232.0,153112.0,3817024.0,1638.4,4239.36,1638.4,4239.36,1.0,0,21.0,26.0,2n-1m-42th-100bs-377019s-DENV_1-usa-BVBRC_genome_sequence,sequana_cpu_dev,2,11533628.0,1,42,100,377019,DENV_1-usa-BVBRC_genome_sequence,10089.62,8842.0,18931.63,219.34,192.22,411.56,205.78,46.0, sdumont6186,908718.24
1219.0,3864,46,3811028.0,155972.0,152106.0,3817176.0,1638.4,4239.36,1638.4,4239.36,1.0,0,35.0,38.0,2n-1m-42th-100bs-377019s-DENV_1-usa-BVBRC_genome_sequence,sequana_cpu_dev,2,11533631.0,1,42,100,377019,DENV_1-usa-BVBRC_genome_sequence,9587.6,8425.2,18012.8,222.97,195.93,418.9,209.45,43.0, sdumont6187,828588.7999999999
1277.0,4048,46,3946136.0,158080.0,154188.0,3952208.0,1638.4,4239.36,1638.4,4239.36,1.0,0,26.0,35.0,2n-1m-44th-100bs-377019s-DENV_1-usa-BVBRC_genome_sequence,sequana_cpu_dev,2,11533635.0,1,44,100,377019,DENV_1-usa-BVBRC_genome_sequence,9530.85,8774.52,18305.37,221.65,204.06,425.71,212.85,43.0, sdumont6187,842047.0199999999
1258.0,4664,53,3946136.0,156556.0,152334.0,3952208.0,1638.4,4239.36,1638.4,4239.36,1.0,0,41.0,46.0,2n-1m-44th-100bs-377019s-DENV_1-usa-BVBRC_genome_sequence,sequana_cpu_dev,2,11533638.0,1,44,100,377019,DENV_1-usa-BVBRC_genome_sequence,11419.22,10467.39,21886.61,228.38,209.35,437.73,218.87,50.0, sdumont6187,1159990.33
1273.0,4312,49,3946208.0,156852.0,151402.0,3952500.0,1638.4,4239.36,1638.4,4239.36,1.0,0,26.0,31.0,2n-1m-44th-100bs-377019s-DENV_1-usa-BVBRC_genome_sequence,sequana_cpu_dev,2,11533640.0,1,44,100,377019,DENV_1-usa-BVBRC_genome_sequence,10324.73,9449.25,19773.97,224.45,205.42,429.87,214.93,46.0, sdumont6187,968924.53
1276.0,4048,46,3946136.0,158208.0,154322.0,3952356.0,1638.4,4239.36,1638.4,4239.36,0.0,0,33.0,36.0,2n-1m-44th-100bs-377019s-DENV_1-usa-BVBRC_genome_sequence,sequana_cpu_dev,2,11533642.0,1,44,100,377019,DENV_1-usa-BVBRC_genome_sequence,9939.38,9092.39,19031.76,225.89,206.65,432.54,216.27,44.0, sdumont6187,875460.96
1274.0,4048,46,3946136.0,155988.0,152202.0,3952208.0,1638.4,4239.36,1638.4,4239.36,1.0,0,23.0,32.0,2n-1m-44th-100bs-377019s-DENV_1-usa-BVBRC_genome_sequence,sequana_cpu_dev,2,11533645.0,1,44,100,377019,DENV_1-usa-BVBRC_genome_sequence,10538.26,9547.78,20086.05,234.18,212.17,446.36,223.18,45.0, sdumont6169,923958.3
1329.0,4876,53,4081320.0,156056.0,153292.0,4087392.0,1638.4,4229.12,1638.4,4239.36,2.0,0,35.0,43.0,2n-1m-46th-100bs-377019s-DENV_1-usa-BVBRC_genome_sequence,sequana_cpu_dev,2,11533647.0,1,46,100,377019,DENV_1-usa-BVBRC_genome_sequence,12077.55,11374.96,23452.51,236.81,223.04,459.85,229.93,51.0, sdumont6169,1242983.03
1311.0,4784,52,4081394.0,158420.0,153422.0,4087540.0,1638.4,4229.12,1638.4,4239.36,4.0,0,269.0,494.0,2n-1m-46th-100bs-377019s-DENV_1-usa-BVBRC_genome_sequence,sequana_cpu_dev,2,11533651.0,1,46,100,377019,DENV_1-usa-BVBRC_genome_sequence,11389.22,10735.53,22124.75,227.78,214.71,442.49,221.25,50.0, sdumont6187,1150487.0
1328.0,4968,54,4081320.0,158020.0,153210.0,4087540.0,1638.4,4229.12,1638.4,4239.36,2.0,0,38.0,41.0,2n-1m-46th-100bs-377019s-DENV_1-usa-BVBRC_genome_sequence,sequana_cpu_dev,2,11533653.0,1,46,100,377019,DENV_1-usa-BVBRC_genome_sequence,12425.69,11616.76,24042.45,234.45,219.18,453.63,226.82,53.0, sdumont6187,1298292.3
1332.0,4232,46,4081320.0,158204.0,154260.0,4087540.0,1638.4,4239.36,1638.4,4239.36,1.0,0,32.0,36.0,2n-1m-46th-100bs-377019s-DENV_1-usa-BVBRC_genome_sequence,sequana_cpu_dev,2,11533655.0,1,46,100,377019,DENV_1-usa-BVBRC_genome_sequence,9949.4,9335.28,19284.68,226.12,212.17,438.29,219.14,44.0, sdumont6187,887095.28
1301.0,4232,46,4081246.0,158548.0,153382.0,4087392.0,1638.4,4239.36,1638.4,4239.36,1.0,0,291.0,558.0,2n-1m-46th-100bs-377019s-DENV_1-usa-BVBRC_genome_sequence,sequana_cpu_dev,2,11533657.0,1,46,100,377019,DENV_1-usa-BVBRC_genome_sequence,10078.61,9544.27,19622.89,226.59,214.46,441.04,220.52,44.5, sdumont6186,902652.94
1388.0,5280,55,4216504.0,158928.0,152520.0,4222724.0,1638.4,4239.36,1638.4,4239.36,1.0,0,25.0,30.0,2n-1m-48th-100bs-377019s-DENV_1-usa-BVBRC_genome_sequence,sequana_cpu_dev,2,11533659.0,1,48,100,377019,DENV_1-usa-BVBRC_genome_sequence,12027.36,11884.14,23911.5,226.93,224.23,451.16,225.58,53.0, sdumont6187,1315132.5
1387.0,4992,52,4216504.0,156656.0,152442.0,4222576.0,1638.4,4229.12,1638.4,4239.36,0.0,0,26.0,27.0,2n-1m-48th-100bs-377019s-DENV_1-usa-BVBRC_genome_sequence,sequana_cpu_dev,2,11533661.0,1,48,100,377019,DENV_1-usa-BVBRC_genome_sequence,10945.9,10820.09,21765.99,223.39,220.82,444.2,222.1,49.0, sdumont6187,1131831.48
1386.0,4800,50,4216430.0,156628.0,151366.0,4222576.0,1638.4,4239.36,1638.4,4239.36,1.0,0,33.0,47.0,2n-1m-48th-100bs-377019s-DENV_1-usa-BVBRC_genome_sequence,sequana_cpu_dev,2,11533663.0,1,48,100,377019,DENV_1-usa-BVBRC_genome_sequence,10821.4,10711.81,21533.21,220.84,218.61,439.45,219.73,49.0, sdumont6186,1076660.5
1389.0,4896,51,4216504.0,158496.0,153482.0,4222576.0,1638.4,4239.36,1638.4,4239.36,4.0,0,29.0,31.0,2n-1m-48th-100bs-377019s-DENV_1-usa-BVBRC_genome_sequence,sequana_cpu_dev,2,11533665.0,1,48,100,377019,DENV_1-usa-BVBRC_genome_sequence,11020.73,10862.34,21883.08,224.91,221.68,446.59,223.3,49.0, sdumont6187,1116037.08
1387.0,4800,50,4216578.0,158432.0,153416.0,4222724.0,1638.4,4239.36,1638.4,4239.36,1.0,0,45.0,50.0,2n-1m-48th-100bs-377019s-DENV_1-usa-BVBRC_genome_sequence,sequana_cpu_dev,2,11533667.0,1,48,100,377019,DENV_1-usa-BVBRC_genome_sequence,10469.71,10272.53,20742.24,218.12,214.01,432.13,216.06,48.0, sdumont6186,1037112.0
57.0,280,35,907399.0,152092.0,145356.0,1131332.0,1607.68,4249.6,1822.72,4290.56,1.0,0,0.0,0.0,2n-2m-2th-100bs-377019s-DENV_1-usa-BVBRC_genome_sequence,sequana_cpu_dev,2,11533669.0,2,2,100,377019,DENV_1-usa-BVBRC_genome_sequence,3819.15,3788.38,7607.53,115.73,114.8,230.53,115.27,33.0, sdumont6186,266263.55
13.0,240,30,476697.0,138040.0,37080.0,1110732.0,880.64,2129.92,1781.76,4290.56,1.0,0,0.0,0.0,2n-2m-2th-100bs-377019s-DENV_1-usa-BVBRC_genome_sequence,sequana_cpu_dev,2,11533671.0,2,2,100,377019,DENV_1-usa-BVBRC_genome_sequence,3204.63,3181.92,6386.54,114.45,113.64,228.09,114.05,28.0, sdumont6186,191596.2
28.0,248,31,581100.0,145116.0,72362.0,1110732.0,829.44,2129.92,1802.24,4290.56,4.0,0,0.0,0.0,2n-2m-2th-100bs-377019s-DENV_1-usa-BVBRC_genome_sequence,sequana_cpu_dev,2,11533673.0,2,2,100,377019,DENV_1-usa-BVBRC_genome_sequence,3382.58,3353.42,6736.0,114.78,113.72,228.51,114.25,29.5, sdumont6186,208816.0
27.0,240,30,581155.0,145372.0,72422.0,1110788.0,819.2,2129.92,1781.76,4290.56,4.0,0,0.0,0.0,2n-2m-2th-100bs-377019s-DENV_1-usa-BVBRC_genome_sequence,sequana_cpu_dev,2,11533675.0,2,2,100,377019,DENV_1-usa-BVBRC_genome_sequence,3202.85,3187.23,6390.08,112.51,111.89,224.39,112.2,28.5, sdumont6186,191702.4
57.0,248,31,907451.0,152496.0,145653.0,1135660.0,1597.44,4249.6,1802.24,4290.56,4.0,0,0.0,0.0,2n-2m-2th-100bs-377019s-DENV_1-usa-BVBRC_genome_sequence,sequana_cpu_dev,2,11533677.0,2,2,100,377019,DENV_1-usa-BVBRC_genome_sequence,3394.69,3394.29,6788.98,113.16,113.14,226.3,113.15,30.0, sdumont6187,210458.38
17.0,304,19,515444.0,152504.0,40641.0,1265720.0,849.92,2129.92,1771.52,4300.8,3.0,0,0.0,0.0,2n-2m-4th-100bs-377019s-DENV_1-usa-BVBRC_genome_sequence,sequana_cpu_dev,2,11533679.0,2,4,100,377019,DENV_1-usa-BVBRC_genome_sequence,2584.15,2560.59,5144.74,147.59,146.4,294.0,147.0,17.5, sdumont6186,97750.06
17.0,368,23,560823.0,98568.0,27014.0,1445140.0,1290.24,2129.92,3481.6,4290.56,2.0,0,60.0,243.0,2n-2m-4th-100bs-377019s-DENV_1-usa-BVBRC_genome_sequence,sequana_cpu_dev,2,11533681.0,2,4,100,377019,DENV_1-usa-BVBRC_genome_sequence,2931.45,2871.4,5802.86,146.57,143.57,290.14,145.07,20.0, sdumont6169,133465.78
18.0,336,21,515068.0,138252.0,36967.0,1262120.0,1249.28,2129.92,3328.0,4290.56,3.0,0,0.0,0.0,2n-2m-4th-100bs-377019s-DENV_1-usa-BVBRC_genome_sequence,sequana_cpu_dev,2,11533683.0,2,4,100,377019,DENV_1-usa-BVBRC_genome_sequence,2693.3,2641.08,5334.38,145.66,142.9,288.56,144.28,18.5, sdumont6169,112021.98
17.0,320,20,515068.0,138656.0,37092.0,1262120.0,1249.28,2129.92,3328.0,4290.56,3.0,0,0.0,1.0,2n-2m-4th-100bs-377019s-DENV_1-usa-BVBRC_genome_sequence,sequana_cpu_dev,2,11533685.0,2,4,100,377019,DENV_1-usa-BVBRC_genome_sequence,2774.46,2702.38,5476.84,158.63,154.6,313.23,156.62,17.5, sdumont6066,109536.8
17.0,304,19,516585.0,142068.0,37849.0,1268188.0,1208.32,2129.92,3174.4,4290.56,3.0,0,0.0,0.0,2n-2m-4th-100bs-377019s-DENV_1-usa-BVBRC_genome_sequence,sequana_cpu_dev,2,11533687.0,2,4,100,377019,DENV_1-usa-BVBRC_genome_sequence,2764.83,2695.91,5460.74,162.64,158.58,321.22,160.61,17.0, sdumont6169,103754.06
41.0,384,16,720558.0,145372.0,72597.0,1397020.0,1126.4,2129.92,2969.6,4290.56,3.0,0,0.0,1.0,2n-2m-6th-100bs-377019s-DENV_1-usa-BVBRC_genome_sequence,sequana_cpu_dev,2,11533689.0,2,6,100,377019,DENV_1-usa-BVBRC_genome_sequence,2409.03,2343.32,4752.35,172.07,167.38,339.45,169.73,14.0, sdumont6169,76037.6
41.0,648,27,830523.0,148200.0,73431.0,1397092.0,1146.88,2129.92,2969.6,4290.56,2.0,0,0.0,2.0,2n-2m-6th-100bs-377019s-DENV_1-usa-BVBRC_genome_sequence,sequana_cpu_dev,2,11533691.0,2,6,100,377019,DENV_1-usa-BVBRC_genome_sequence,2405.15,2343.12,4748.28,171.8,167.37,339.16,169.58,14.0, sdumont6169,128203.56
41.0,384,16,825731.0,148368.0,73752.0,1392204.0,829.44,2129.92,1679.36,4290.56,1.0,0,0.0,2.0,2n-2m-6th-100bs-377019s-DENV_1-usa-BVBRC_genome_sequence,sequana_cpu_dev,2,11533692.0,2,6,100,377019,DENV_1-usa-BVBRC_genome_sequence,2241.48,2318.45,4559.93,149.43,154.56,304.0,152.0,15.0, sdumont6165,72958.88
20.0,384,16,648068.0,138516.0,37777.0,1397016.0,1146.88,2129.92,2969.6,4290.56,1.0,0,0.0,1.0,2n-2m-6th-100bs-377019s-DENV_1-usa-BVBRC_genome_sequence,sequana_cpu_dev,2,11533696.0,2,6,100,377019,DENV_1-usa-BVBRC_genome_sequence,2379.75,2314.25,4694.0,169.98,165.3,335.29,167.64,14.0, sdumont6066,75104.0
22.0,408,17,591102.0,138416.0,37451.0,1380092.0,849.92,2129.92,1710.08,4290.56,1.0,0,0.0,1.0,2n-2m-6th-100bs-377019s-DENV_1-usa-BVBRC_genome_sequence,sequana_cpu_dev,2,11533697.0,2,6,100,377019,DENV_1-usa-BVBRC_genome_sequence,2511.72,2604.96,5116.68,156.98,162.81,319.79,159.9,16.0, sdumont6166,86983.56
53.0,480,15,893271.0,148324.0,73240.0,1527244.0,829.44,2129.92,1689.6,4290.56,1.0,0,1.0,3.0,2n-2m-8th-100bs-377019s-DENV_1-usa-BVBRC_genome_sequence,sequana_cpu_dev,2,11533701.0,2,8,100,377019,DENV_1-usa-BVBRC_genome_sequence,2444.04,2601.73,5045.77,174.57,185.84,360.41,180.21,14.0, sdumont6165,75686.55
49.0,448,14,893264.0,150520.0,73822.0,1527212.0,819.2,2129.92,1669.12,4290.56,1.0,0,0.0,3.0,2n-2m-8th-100bs-377019s-DENV_1-usa-BVBRC_genome_sequence,sequana_cpu_dev,2,11533703.0,2,8,100,377019,DENV_1-usa-BVBRC_genome_sequence,2068.47,2183.72,4252.19,159.11,167.98,327.09,163.55,13.0, sdumont6165,59530.66
49.0,448,14,895375.0,152512.0,75378.0,1535656.0,819.2,2129.92,1679.36,4290.56,1.0,0,1.0,4.0,2n-2m-8th-100bs-377019s-DENV_1-usa-BVBRC_genome_sequence,sequana_cpu_dev,2,11533707.0,2,8,100,377019,DENV_1-usa-BVBRC_genome_sequence,2069.31,2200.9,4270.2,159.18,169.3,328.48,164.24,13.0, sdumont6165,59782.8
53.0,512,16,893271.0,150492.0,74321.0,1527240.0,829.44,2129.92,1689.6,4290.56,1.0,0,0.0,1.0,2n-2m-8th-100bs-377019s-DENV_1-usa-BVBRC_genome_sequence,sequana_cpu_dev,2,11533710.0,2,8,100,377019,DENV_1-usa-BVBRC_genome_sequence,2490.06,2642.63,5132.69,177.86,188.76,366.62,183.31,14.0, sdumont6166,82123.04
60.0,544,17,783252.0,148336.0,73388.0,1527224.0,788.48,2119.68,1648.64,4229.12,1.0,0,1.0,4.0,2n-2m-8th-100bs-377019s-DENV_1-usa-BVBRC_genome_sequence,sequana_cpu_dev,2,11533712.0,2,8,100,377019,DENV_1-usa-BVBRC_genome_sequence,2785.8,2949.71,5735.51,174.11,184.36,358.47,179.23,16.0, sdumont6165,97503.67
62.0,600,15,949742.0,152452.0,63672.0,1662424.0,819.2,2129.92,1669.12,4290.56,1.0,0,3.0,7.0,2n-2m-10th-100bs-377019s-DENV_1-usa-BVBRC_genome_sequence,sequana_cpu_dev,2,11533714.0,2,10,100,377019,DENV_1-usa-BVBRC_genome_sequence,2228.73,2305.28,4534.01,171.44,177.33,348.77,174.38,13.0, sdumont6166,68010.15000000001
60.0,560,14,960819.0,148692.0,73880.0,1662292.0,819.2,2129.92,1679.36,4290.56,1.0,0,2.0,6.0,2n-2m-10th-100bs-377019s-DENV_1-usa-BVBRC_genome_sequence,sequana_cpu_dev,2,11533717.0,2,10,100,377019,DENV_1-usa-BVBRC_genome_sequence,2220.8,2279.96,4500.75,170.83,175.38,346.21,173.11,13.0, sdumont6166,63010.5
32.0,640,16,611592.0,138496.0,36966.0,1650252.0,921.6,2129.92,2058.24,4290.56,1.0,0,1.0,5.0,2n-2m-10th-100bs-377019s-DENV_1-usa-BVBRC_genome_sequence,sequana_cpu_dev,2,11533720.0,2,10,100,377019,DENV_1-usa-BVBRC_genome_sequence,2829.44,2642.83,5472.27,209.75,196.38,406.13,203.06,13.5, sdumont6169,87556.32
63.0,600,15,960827.0,150468.0,73847.0,1662316.0,829.44,2129.92,1689.6,4290.56,1.0,0,1.0,4.0,2n-2m-10th-100bs-377019s-DENV_1-usa-BVBRC_genome_sequence,sequana_cpu_dev,2,11533721.0,2,10,100,377019,DENV_1-usa-BVBRC_genome_sequence,2593.5,2666.06,5259.56,185.25,190.43,375.68,187.84,14.0, sdumont6165,78893.40000000001
33.0,640,16,611642.0,138648.0,36996.0,1650452.0,921.6,2129.92,2058.24,4290.56,1.0,0,0.0,3.0,2n-2m-10th-100bs-377019s-DENV_1-usa-BVBRC_genome_sequence,sequana_cpu_dev,2,11533725.0,2,10,100,377019,DENV_1-usa-BVBRC_genome_sequence,2875.15,2690.4,5565.55,205.37,192.17,397.54,198.77,14.0, sdumont6052,89048.8
73.0,864,18,1028389.0,150860.0,74988.0,1797484.0,829.44,2129.92,1679.36,4290.56,1.0,0,2.0,7.0,2n-2m-12th-100bs-377019s-DENV_1-usa-BVBRC_genome_sequence,sequana_cpu_dev,2,11533727.0,2,12,100,377019,DENV_1-usa-BVBRC_genome_sequence,2236.81,2459.4,4696.21,172.06,189.18,361.25,180.62,13.0, sdumont6166,84531.78
40.0,768,16,645370.0,138584.0,37024.0,1785364.0,921.6,2129.92,2058.24,4290.56,1.0,0,0.0,2.0,2n-2m-12th-100bs-377019s-DENV_1-usa-BVBRC_genome_sequence,sequana_cpu_dev,2,11533731.0,2,12,100,377019,DENV_1-usa-BVBRC_genome_sequence,2855.77,2904.62,5760.39,203.98,207.47,411.46,205.73,14.0, sdumont6169,92166.24
76.0,720,15,1029799.0,148068.0,73259.0,1803036.0,921.6,2129.92,2058.24,4290.56,1.0,0,2.0,7.0,2n-2m-12th-100bs-377019s-DENV_1-usa-BVBRC_genome_sequence,sequana_cpu_dev,2,11533733.0,2,12,100,377019,DENV_1-usa-BVBRC_genome_sequence,2583.1,2619.15,5202.25,198.7,201.47,400.17,200.09,13.0, sdumont6169,78033.75
48.0,912,19,645365.0,141052.0,37639.0,1785404.0,839.68,2129.92,1699.84,4290.56,1.0,0,0.0,2.0,2n-2m-12th-100bs-377019s-DENV_1-usa-BVBRC_genome_sequence,sequana_cpu_dev,2,11533735.0,2,12,100,377019,DENV_1-usa-BVBRC_genome_sequence,3361.61,3656.57,7018.19,192.0,208.69,400.68,200.34,17.5, sdumont6166,133345.61
37.0,672,14,646880.0,139440.0,37192.0,1791404.0,890.88,2129.92,2048.0,4290.56,1.0,0,1.0,6.0,2n-2m-12th-100bs-377019s-DENV_1-usa-BVBRC_genome_sequence,sequana_cpu_dev,2,11533738.0,2,12,100,377019,DENV_1-usa-BVBRC_genome_sequence,2648.75,2681.33,5330.08,203.75,206.26,410.01,205.0,13.0, sdumont6052,74621.12
48.0,896,16,726217.0,140592.0,37993.0,1920552.0,839.68,2129.92,1689.6,4290.56,1.0,0,3.0,12.0,2n-2m-14th-100bs-377019s-DENV_1-usa-BVBRC_genome_sequence,sequana_cpu_dev,2,11533740.0,2,14,100,377019,DENV_1-usa-BVBRC_genome_sequence,2727.95,2798.99,5526.94,181.86,186.6,368.46,184.23,15.0, sdumont6166,88431.04
89.0,840,15,1097337.0,150160.0,73779.0,1938088.0,829.44,2129.92,1689.6,4290.56,4.0,0,3.0,7.0,2n-2m-14th-100bs-377019s-DENV_1-usa-BVBRC_genome_sequence,sequana_cpu_dev,2,11533743.0,2,14,100,377019,DENV_1-usa-BVBRC_genome_sequence,2744.47,2812.47,5556.94,196.03,200.89,396.92,198.46,14.0, sdumont6165,83354.09999999999
92.0,896,16,1098048.0,152976.0,75015.0,1940944.0,819.2,2129.92,1689.6,4290.56,1.0,0,3.0,9.0,2n-2m-14th-100bs-377019s-DENV_1-usa-BVBRC_genome_sequence,sequana_cpu_dev,2,11533746.0,2,14,100,377019,DENV_1-usa-BVBRC_genome_sequence,2684.74,2761.66,5446.4,191.77,197.26,389.03,194.51,14.0, sdumont6165,87142.4
91.0,840,15,1098047.0,152648.0,74425.0,1940944.0,819.2,2129.92,1689.6,4290.56,1.0,0,2.0,7.0,2n-2m-14th-100bs-377019s-DENV_1-usa-BVBRC_genome_sequence,sequana_cpu_dev,2,11533750.0,2,14,100,377019,DENV_1-usa-BVBRC_genome_sequence,2702.17,2791.73,5493.9,193.01,199.41,392.42,196.21,14.0, sdumont6166,82408.5
86.0,840,15,1095943.0,148780.0,73449.0,1932528.0,829.44,2129.92,1679.36,4290.56,1.0,0,2.0,6.0,2n-2m-14th-100bs-377019s-DENV_1-usa-BVBRC_genome_sequence,sequana_cpu_dev,2,11533752.0,2,14,100,377019,DENV_1-usa-BVBRC_genome_sequence,2656.51,2737.4,5393.92,189.75,195.53,385.28,192.64,14.0, sdumont6166,80908.8
110.0,1024,16,1163537.0,150872.0,74516.0,2067704.0,829.44,2129.92,1689.6,4290.56,1.0,0,6.0,15.0,2n-2m-16th-100bs-377019s-DENV_1-usa-BVBRC_genome_sequence,sequana_cpu_dev,2,11533756.0,2,16,100,377019,DENV_1-usa-BVBRC_genome_sequence,2755.7,2982.73,5738.42,183.71,198.85,382.56,191.28,15.0, sdumont6166,91814.72
49.0,896,14,816606.0,151672.0,41120.0,2073264.0,829.44,2129.92,1669.12,4290.56,1.0,0,3.0,14.0,2n-2m-16th-100bs-377019s-DENV_1-usa-BVBRC_genome_sequence,sequana_cpu_dev,2,11533759.0,2,16,100,377019,DENV_1-usa-BVBRC_genome_sequence,2505.3,2689.22,5194.52,192.72,206.86,399.58,199.79,13.0, sdumont6165,72723.28
105.0,960,15,1165632.0,148868.0,75039.0,2067708.0,819.2,2129.92,1648.64,4290.56,1.0,0,5.0,13.0,2n-2m-16th-100bs-377019s-DENV_1-usa-BVBRC_genome_sequence,sequana_cpu_dev,2,11533761.0,2,16,100,377019,DENV_1-usa-BVBRC_genome_sequence,2735.61,2954.57,5690.18,195.4,211.04,406.44,203.22,14.0, sdumont6165,85352.70000000001
111.0,1024,16,1053581.0,147680.0,73182.0,2055700.0,808.96,2129.92,1699.84,4290.56,1.0,0,5.0,12.0,2n-2m-16th-100bs-377019s-DENV_1-usa-BVBRC_genome_sequence,sequana_cpu_dev,2,11533763.0,2,16,100,377019,DENV_1-usa-BVBRC_genome_sequence,2773.2,3001.23,5774.43,184.88,200.08,384.96,192.48,15.0, sdumont6166,92390.88
103.0,960,15,1219241.0,152680.0,74921.0,2278556.0,829.44,2129.92,1689.6,4290.56,1.0,0,4.0,11.0,2n-2m-16th-100bs-377019s-DENV_1-usa-BVBRC_genome_sequence,sequana_cpu_dev,2,11533766.0,2,16,100,377019,DENV_1-usa-BVBRC_genome_sequence,2777.72,3014.27,5791.98,198.41,215.3,413.71,206.86,14.0, sdumont6165,86879.7
117.0,1080,15,1123284.0,147848.0,74364.0,2199332.0,798.72,2129.92,1648.64,4290.56,1.0,0,5.0,15.0,2n-2m-18th-100bs-377019s-DENV_1-usa-BVBRC_genome_sequence,sequana_cpu_dev,2,11533769.0,2,18,100,377019,DENV_1-usa-BVBRC_genome_sequence,2789.68,2878.03,5667.71,199.26,205.57,404.84,202.42,14.0, sdumont6165,85015.65
176.0,1584,22,1231126.0,148780.0,74589.0,2202884.0,860.16,2129.92,1751.04,4290.56,1.0,0,6.0,14.0,2n-2m-18th-100bs-377019s-DENV_1-usa-BVBRC_genome_sequence,sequana_cpu_dev,2,11533772.0,2,18,100,377019,DENV_1-usa-BVBRC_genome_sequence,4169.48,4300.39,8469.88,203.54,209.83,413.37,206.69,20.5, sdumont6166,186337.36
117.0,1152,16,1233278.0,157104.0,75630.0,2211492.0,829.44,2129.92,1699.84,4290.56,1.0,0,6.0,16.0,2n-2m-18th-100bs-377019s-DENV_1-usa-BVBRC_genome_sequence,sequana_cpu_dev,2,11533774.0,2,18,100,377019,DENV_1-usa-BVBRC_genome_sequence,2802.69,2897.76,5700.46,215.59,222.9,438.5,219.25,13.0, sdumont6165,91207.36
127.0,1152,16,1231123.0,152876.0,75606.0,2202880.0,829.44,2129.92,1689.6,4290.56,1.0,0,6.0,12.0,2n-2m-18th-100bs-377019s-DENV_1-usa-BVBRC_genome_sequence,sequana_cpu_dev,2,11533776.0,2,18,100,377019,DENV_1-usa-BVBRC_genome_sequence,2802.18,2901.46,5703.64,186.81,193.43,380.24,190.12,15.0, sdumont6166,91258.24
123.0,1152,16,1231126.0,148924.0,74616.0,2202884.0,829.44,2129.92,1699.84,4290.56,1.0,0,9.0,23.0,2n-2m-18th-100bs-377019s-DENV_1-usa-BVBRC_genome_sequence,sequana_cpu_dev,2,11533778.0,2,18,100,377019,DENV_1-usa-BVBRC_genome_sequence,2814.81,2902.77,5717.58,187.65,193.52,381.17,190.59,15.0, sdumont6165,91481.28
5000.0,10608,442,1792644.0,166404.0,159528.0,1795000.0,5826.56,4628.48,9359.36,4628.48,20903.0,0,3.0,4.0,2n-1m-12th-1000bs-484520s-DENV_1-brazil-BVBRC_genome_sequence,sequana_cpu,2,11533780.0,1,12,1000,484520,DENV_1-brazil-BVBRC_genome_sequence,99478.43,35821.99,135300.42,225.57,81.23,306.8,153.4,441.0, sdumont6107,59802785.64000001
156.0,1440,18,1300788.0,151000.0,75623.0,2338060.0,829.44,2129.92,1658.88,4290.56,1.0,0,10.0,25.0,2n-2m-20th-100bs-377019s-DENV_1-usa-BVBRC_genome_sequence,sequana_cpu_dev,2,11533781.0,2,20,100,377019,DENV_1-usa-BVBRC_genome_sequence,3331.08,3471.56,6802.64,202.12,210.53,412.64,206.32,16.5, sdumont6165,122447.52
152.0,1360,17,1300788.0,155332.0,76258.0,2346476.0,839.68,2129.92,1720.32,4290.56,1.0,0,11.0,23.0,2n-2m-20th-100bs-377019s-DENV_1-usa-BVBRC_genome_sequence,sequana_cpu_dev,2,11533783.0,2,20,100,377019,DENV_1-usa-BVBRC_genome_sequence,3403.7,3552.11,6955.82,219.83,229.26,449.09,224.55,15.5, sdumont6165,118248.94
134.0,1280,16,1067722.0,148188.0,62102.0,1898276.0,768.0,2119.68,1536.0,4229.12,1.0,0,7.0,15.0,2n-2m-20th-100bs-377019s-DENV_1-usa-BVBRC_genome_sequence,sequana_cpu_dev,2,11533785.0,2,20,100,377019,DENV_1-usa-BVBRC_genome_sequence,2848.26,2988.64,5836.9,211.29,221.55,432.83,216.42,13.5, sdumont6165,93390.4
143.0,1680,21,1188770.0,148276.0,73888.0,2325972.0,808.96,2129.92,1710.08,4290.56,1.0,0,8.0,17.0,2n-2m-20th-100bs-377019s-DENV_1-usa-BVBRC_genome_sequence,sequana_cpu_dev,2,11533787.0,2,20,100,377019,DENV_1-usa-BVBRC_genome_sequence,3147.78,3275.71,6423.49,161.55,167.99,329.54,164.77,19.5, sdumont6166,134893.29
76.0,1360,17,662526.0,108008.0,29379.0,1854048.0,778.24,2129.92,1587.2,4290.56,1.0,0,5.0,20.0,2n-2m-20th-100bs-377019s-DENV_1-usa-BVBRC_genome_sequence,sequana_cpu_dev,2,11533789.0,2,20,100,377019,DENV_1-usa-BVBRC_genome_sequence,3169.43,3287.94,6457.37,204.69,212.18,416.86,208.43,15.5, sdumont6165,109775.29
145.0,1408,16,1368444.0,153372.0,75765.0,2481788.0,829.44,2129.92,1699.84,4290.56,1.0,0,8.0,18.0,2n-2m-22th-100bs-377019s-DENV_1-usa-BVBRC_genome_sequence,sequana_cpu_dev,2,11533791.0,2,22,100,377019,DENV_1-usa-BVBRC_genome_sequence,2956.05,3053.65,6009.7,227.39,234.9,462.28,231.14,13.0, sdumont6166,96155.2
159.0,1496,17,1368411.0,155360.0,75711.0,2481788.0,819.2,2129.92,1689.6,4290.56,1.0,0,12.0,26.0,2n-2m-22th-100bs-377019s-DENV_1-usa-BVBRC_genome_sequence,sequana_cpu_dev,2,11533793.0,2,22,100,377019,DENV_1-usa-BVBRC_genome_sequence,2778.07,2867.7,5645.77,178.73,184.35,363.07,181.54,15.5, sdumont6166,95978.09
4975.0,10536,439,1784154.0,164408.0,157192.0,1790312.0,2293.76,4638.72,2304.0,4638.72,20081.0,0,439.0,445.0,2n-1m-12th-1000bs-484520s-DENV_1-brazil-BVBRC_genome_sequence,sequana_cpu,2,11533795.0,1,12,1000,484520,DENV_1-brazil-BVBRC_genome_sequence,91718.37,33709.95,125428.33,209.88,77.14,287.02,143.51,437.0, sdumont6223,55063036.87
154.0,1408,16,1368379.0,151328.0,76280.0,2473244.0,819.2,2129.92,1648.64,4290.56,1.0,0,12.0,26.0,2n-2m-22th-100bs-377019s-DENV_1-usa-BVBRC_genome_sequence,sequana_cpu_dev,2,11533796.0,2,22,100,377019,DENV_1-usa-BVBRC_genome_sequence,2936.2,3038.24,5974.43,202.73,209.6,412.33,206.16,14.5, sdumont6166,95590.88
156.0,1408,16,1135241.0,148120.0,63045.0,2033460.0,768.0,2119.68,1536.0,4229.12,1.0,0,8.0,19.0,2n-2m-22th-100bs-377019s-DENV_1-usa-BVBRC_genome_sequence,sequana_cpu_dev,2,11533798.0,2,22,100,377019,DENV_1-usa-BVBRC_genome_sequence,3004.05,3086.2,6090.24,207.4,212.96,420.36,210.18,14.5, sdumont6165,97443.84
152.0,1408,16,1370551.0,153408.0,76273.0,2481788.0,808.96,2129.92,1648.64,4290.56,1.0,0,11.0,26.0,2n-2m-22th-100bs-377019s-DENV_1-usa-BVBRC_genome_sequence,sequana_cpu_dev,2,11533800.0,2,22,100,377019,DENV_1-usa-BVBRC_genome_sequence,2969.72,3062.16,6031.88,212.12,218.73,430.85,215.42,14.0, sdumont6165,96510.08
195.0,1824,19,1438075.0,155252.0,77236.0,2616844.0,819.2,2129.92,1658.88,4290.56,1.0,0,12.0,30.0,2n-2m-24th-100bs-377019s-DENV_1-usa-BVBRC_genome_sequence,sequana_cpu_dev,2,11533802.0,2,24,100,377019,DENV_1-usa-BVBRC_genome_sequence,3650.91,3785.34,7436.25,214.76,222.67,437.43,218.71,17.0, sdumont6166,141288.75
194.0,1824,19,1403042.0,153224.0,46448.0,2608428.0,839.68,2129.92,1720.32,4290.56,1.0,0,10.0,22.0,2n-2m-24th-100bs-377019s-DENV_1-usa-BVBRC_genome_sequence,sequana_cpu_dev,2,11533804.0,2,24,100,377019,DENV_1-usa-BVBRC_genome_sequence,3653.28,3792.17,7445.46,214.9,223.07,437.97,218.98,17.0, sdumont6165,141463.74
232.0,2208,23,1433867.0,151432.0,74758.0,2608428.0,860.16,2129.92,1740.8,4290.56,3.0,0,10.0,22.0,2n-2m-24th-100bs-377019s-DENV_1-usa-BVBRC_genome_sequence,sequana_cpu_dev,2,11533807.0,2,24,100,377019,DENV_1-usa-BVBRC_genome_sequence,4748.42,4858.33,9606.75,226.12,231.35,457.46,228.73,21.0, sdumont6081,220955.25
98.0,1920,20,848098.0,141396.0,37759.0,2596336.0,849.92,2129.92,1730.56,4290.56,2.0,0,2.0,8.0,2n-2m-24th-100bs-377019s-DENV_1-usa-BVBRC_genome_sequence,sequana_cpu_dev,2,11533809.0,2,24,100,377019,DENV_1-usa-BVBRC_genome_sequence,4303.04,4384.07,8687.1,246.04,250.65,496.69,248.34,17.5, sdumont6081,173742.0
5342.0,11256,469,1784220.0,162668.0,158512.0,1790288.0,2344.96,4638.72,2344.96,4648.96,78476.0,0,5.0,7.0,2n-1m-12th-1000bs-484520s-DENV_1-brazil-BVBRC_genome_sequence,sequana_cpu,2,11533810.0,1,12,1000,484520,DENV_1-brazil-BVBRC_genome_sequence,106617.91,38643.73,145261.63,227.82,82.57,310.39,155.19,468.0, sdumont6205,68127704.47
202.0,1824,19,1433894.0,151336.0,75255.0,2608536.0,849.92,2129.92,1730.56,4290.56,7.0,0,8.0,18.0,2n-2m-24th-100bs-377019s-DENV_1-usa-BVBRC_genome_sequence,sequana_cpu_dev,2,11533812.0,2,24,100,377019,DENV_1-usa-BVBRC_genome_sequence,4038.24,4215.14,8253.38,224.35,234.17,458.52,229.26,18.0, sdumont6166,156814.21999999997
58.0,246,41,1115064.0,152480.0,152396.0,1115168.0,1638.4,4229.12,1638.4,4229.12,30.0,0,0.0,0.0,3n-1m-2th-100bs-377019s-DENV_1-usa-BVBRC_genome_sequence,sequana_cpu_dev,3,11533814.0,1,2,100,377019,DENV_1-usa-BVBRC_genome_sequence,7080.34,4708.5,11788.84,178.66,118.81,297.47,99.16,39.67, sdumont6165,483342.44
57.0,258,43,1114856.0,156084.0,153416.0,1114940.0,1638.4,4229.12,1638.4,4229.12,1.0,0,26.0,80.0,3n-1m-2th-100bs-377019s-DENV_1-usa-BVBRC_genome_sequence,sequana_cpu_dev,3,11533816.0,1,2,100,377019,DENV_1-usa-BVBRC_genome_sequence,7991.54,4941.14,12932.68,190.27,117.65,307.92,102.64,42.0, sdumont6232,556105.24
5811.0,12516,447,1919344.0,170524.0,161476.0,1925436.0,2304.0,4628.48,2304.0,4628.48,140042.0,0,452.0,462.0,2n-1m-14th-1000bs-484520s-DENV_1-brazil-BVBRC_genome_sequence,sequana_cpu,2,11533817.0,1,14,1000,484520,DENV_1-brazil-BVBRC_genome_sequence,101210.99,35562.04,136773.03,227.19,79.82,307.01,153.5,445.5, sdumont6164,61137544.41
58.0,234,39,1114954.666015625,152256.0,152144.0,1115040.0,1638.4,4229.12,1638.4,4229.12,31.0,0,0.0,0.0,3n-1m-2th-100bs-377019s-DENV_1-usa-BVBRC_genome_sequence,sequana_cpu_dev,3,11533819.0,1,2,100,377019,DENV_1-usa-BVBRC_genome_sequence,7031.69,4663.03,11694.71,185.04,122.71,307.76,102.59,38.0, sdumont6166,456093.69
55.0,258,43,1114900.0,152216.0,152129.3330078125,1114936.0,1638.4,4229.12,1638.4,4229.12,28.0,0,0.0,0.0,3n-1m-2th-100bs-377019s-DENV_1-usa-BVBRC_genome_sequence,sequana_cpu_dev,3,11533821.0,1,2,100,377019,DENV_1-usa-BVBRC_genome_sequence,7656.54,5155.9,12812.44,186.74,125.75,312.5,104.17,41.0, sdumont6165,550934.92
5785.0,12572,449,1919428.0,164756.0,157594.0,1925584.0,2304.0,4628.48,2304.0,4628.48,202648.0,0,464.0,469.0,2n-1m-14th-1000bs-484520s-DENV_1-brazil-BVBRC_genome_sequence,sequana_cpu,2,11533822.0,1,14,1000,484520,DENV_1-brazil-BVBRC_genome_sequence,102694.91,38012.62,140707.53,229.74,85.04,314.78,157.39,447.0, sdumont6178,63177680.97
57.0,246,41,1114949.3330078125,154152.0,152873.3330078125,1115020.0,1638.4,4229.12,1638.4,4229.12,39.0,0,0.0,0.0,3n-1m-2th-100bs-377019s-DENV_1-usa-BVBRC_genome_sequence,sequana_cpu_dev,3,11533824.0,1,2,100,377019,DENV_1-usa-BVBRC_genome_sequence,7201.41,4801.95,12003.36,180.04,120.05,300.08,100.03,40.0, sdumont6165,492137.76
5835.0,12544,448,1919274.0,170692.0,161580.0,1925404.0,2304.0,4628.48,2304.0,4628.48,202928.0,0,8.0,14.0,2n-1m-14th-1000bs-484520s-DENV_1-brazil-BVBRC_genome_sequence,sequana_cpu,2,11533825.0,1,14,1000,484520,DENV_1-brazil-BVBRC_genome_sequence,103530.14,38236.54,141766.69,231.61,85.54,317.15,158.58,447.0, sdumont6270,63511477.120000005
0.0,348,29,265352.0,3180.0,3156.0,265352.0,0.0,0.0,0.0,0.0,3.0,0,0.0,0.0,3n-1m-4th-100bs-377019s-DENV_1-usa-BVBRC_genome_sequence,sequana_cpu_dev,3,11533827.0,1,4,100,377019,DENV_1-usa-BVBRC_genome_sequence,5805.07,3227.67,9032.74,215.0,119.54,334.55,111.52,27.0, sdumont6167,261949.46
0.0,312,26,265352.0,3196.0,3178.666015625,265352.0,0.0,0.0,0.0,0.0,5.0,0,0.0,0.0,3n-1m-4th-100bs-377019s-DENV_1-usa-BVBRC_genome_sequence,sequana_cpu_dev,3,11533829.0,1,4,100,377019,DENV_1-usa-BVBRC_genome_sequence,5445.16,2975.58,8420.74,217.81,119.02,336.83,112.28,25.0, sdumont6165,218939.24
5840.0,12348,441,1919344.0,164952.0,158562.0,1925436.0,2304.0,4638.72,2304.0,4638.72,203041.0,0,8.0,11.0,2n-1m-14th-1000bs-484520s-DENV_1-brazil-BVBRC_genome_sequence,sequana_cpu,2,11533830.0,1,14,1000,484520,DENV_1-brazil-BVBRC_genome_sequence,103860.4,38292.39,142152.79,236.05,87.03,323.07,161.54,440.0, sdumont6178,62689380.39
0.0,324,27,265352.0,3160.0,3142.666015625,265352.0,0.0,0.0,0.0,0.0,6.0,0,0.0,0.0,3n-1m-4th-100bs-377019s-DENV_1-usa-BVBRC_genome_sequence,sequana_cpu_dev,3,11533832.0,1,4,100,377019,DENV_1-usa-BVBRC_genome_sequence,5400.41,2968.75,8369.16,207.71,114.18,321.89,107.3,26.0, sdumont6167,225967.32
5843.0,12152,434,1919276.0,168604.0,162406.0,1925436.0,2304.0,4638.72,2304.0,4648.96,203332.0,0,8.0,9.0,2n-1m-14th-1000bs-484520s-DENV_1-brazil-BVBRC_genome_sequence,sequana_cpu,2,11533833.0,1,14,1000,484520,DENV_1-brazil-BVBRC_genome_sequence,101275.65,37345.44,138621.09,233.89,86.25,320.14,160.07,433.0, sdumont6270,60161553.06
0.0,312,26,265352.0,3120.0,2421.3330078125,265352.0,0.0,0.0,0.0,0.0,4.0,0,0.0,0.0,3n-1m-4th-100bs-377019s-DENV_1-usa-BVBRC_genome_sequence,sequana_cpu_dev,3,11533835.0,1,4,100,377019,DENV_1-usa-BVBRC_genome_sequence,5482.39,2999.87,8482.26,219.3,119.99,339.29,113.1,25.0, sdumont6167,220538.76
6663.0,14432,451,2054444.0,166688.0,160590.0,2060516.0,2304.0,4628.48,2304.0,4638.72,266480.0,0,386.0,473.0,2n-1m-16th-1000bs-484520s-DENV_1-brazil-BVBRC_genome_sequence,sequana_cpu,2,11533836.0,1,16,1000,484520,DENV_1-brazil-BVBRC_genome_sequence,100880.21,35878.59,136758.8,224.42,79.82,304.24,152.12,449.5, sdumont6041,61678218.8
0.0,312,26,265352.0,3160.0,3140.0,265352.0,0.0,0.0,0.0,0.0,1.0,0,0.0,0.0,3n-1m-4th-100bs-377019s-DENV_1-usa-BVBRC_genome_sequence,sequana_cpu_dev,3,11533838.0,1,4,100,377019,DENV_1-usa-BVBRC_genome_sequence,5626.53,2960.54,8587.07,234.44,123.36,357.79,119.26,24.0, sdumont6169,223263.82
6679.0,14336,448,2054456.0,162836.0,158618.0,2060688.0,2304.0,4628.48,2304.0,4628.48,266791.0,0,13.0,21.0,2n-1m-16th-1000bs-484520s-DENV_1-brazil-BVBRC_genome_sequence,sequana_cpu,2,11533839.0,1,16,1000,484520,DENV_1-brazil-BVBRC_genome_sequence,99524.22,35387.85,134912.07,222.65,79.17,301.82,150.91,447.0, sdumont6041,60440607.36
0.0,414,23,266749.3330078125,3184.0,3150.666015625,267448.0,0.0,0.0,0.0,0.0,2.0,0,0.0,0.0,3n-1m-6th-100bs-377019s-DENV_1-usa-BVBRC_genome_sequence,sequana_cpu_dev,3,11533841.0,1,6,100,377019,DENV_1-usa-BVBRC_genome_sequence,5433.98,2469.89,7903.87,258.76,117.61,376.37,125.46,21.0, sdumont6169,181789.01
6679.0,14112,441,2054452.0,164744.0,158516.0,2060520.0,2304.0,4638.72,2304.0,4638.72,267067.0,0,12.0,16.0,2n-1m-16th-1000bs-484520s-DENV_1-brazil-BVBRC_genome_sequence,sequana_cpu,2,11533842.0,1,16,1000,484520,DENV_1-brazil-BVBRC_genome_sequence,99022.49,35025.25,134047.74,225.05,79.6,304.65,152.33,440.0, sdumont6141,59115053.34
0.0,378,21,265352.0,3168.0,3154.666015625,265352.0,0.0,0.0,0.0,0.0,0.0,0,0.0,0.0,3n-1m-6th-100bs-377019s-DENV_1-usa-BVBRC_genome_sequence,sequana_cpu_dev,3,11533843.0,1,6,100,377019,DENV_1-usa-BVBRC_genome_sequence,4843.48,2253.31,7096.79,254.92,118.6,373.52,124.51,19.0, sdumont6166,149032.59
6683.0,14720,460,2054534.0,164912.0,157758.0,2060836.0,2304.0,4638.72,2304.0,4638.72,267330.0,0,10.0,11.0,2n-1m-16th-1000bs-484520s-DENV_1-brazil-BVBRC_genome_sequence,sequana_cpu,2,11533845.0,1,16,1000,484520,DENV_1-brazil-BVBRC_genome_sequence,100154.82,35480.08,135634.9,227.11,80.45,307.56,153.78,441.0, sdumont6141,62392054.0
0.0,360,20,265352.0,3188.0,3125.3330078125,265352.0,0.0,0.0,0.0,0.0,1.0,0,0.0,0.0,3n-1m-6th-100bs-377019s-DENV_1-usa-BVBRC_genome_sequence,sequana_cpu_dev,3,11533847.0,1,6,100,377019,DENV_1-usa-BVBRC_genome_sequence,4715.17,2192.0,6907.17,248.17,115.37,363.54,121.18,19.0, sdumont6166,138143.4
6679.0,14016,438,2054374.0,166600.0,162592.0,2060520.0,2304.0,4638.72,2304.0,4638.72,267642.0,0,12.0,17.0,2n-1m-16th-1000bs-484520s-DENV_1-brazil-BVBRC_genome_sequence,sequana_cpu,2,11533849.0,1,16,1000,484520,DENV_1-brazil-BVBRC_genome_sequence,97806.72,34605.86,132412.58,223.81,79.19,303.0,151.5,437.0, sdumont6141,57996710.03999999
0.0,378,21,265352.0,3200.0,3160.0,265352.0,0.0,0.0,0.0,0.0,1.0,0,0.0,0.0,3n-1m-6th-100bs-377019s-DENV_1-usa-BVBRC_genome_sequence,sequana_cpu_dev,3,11533850.0,1,6,100,377019,DENV_1-usa-BVBRC_genome_sequence,5120.63,2407.21,7527.84,256.03,120.36,376.39,125.46,20.0, sdumont6167,158084.64
8048.0,16380,455,2189526.0,164976.0,158744.0,2195668.0,2344.96,4648.96,2344.96,4648.96,267910.0,0,9.0,12.0,2n-1m-18th-1000bs-484520s-DENV_1-brazil-BVBRC_genome_sequence,sequana_cpu,2,11533852.0,1,18,1000,484520,DENV_1-brazil-BVBRC_genome_sequence,102435.05,36325.5,138760.55,226.13,80.19,306.31,153.16,453.0, sdumont6041,63136050.24999999
0.0,558,31,265352.0,3180.0,3168.0,265352.0,0.0,0.0,0.0,0.0,1.0,0,0.0,0.0,3n-1m-6th-100bs-377019s-DENV_1-usa-BVBRC_genome_sequence,sequana_cpu_dev,3,11533853.0,1,6,100,377019,DENV_1-usa-BVBRC_genome_sequence,5592.03,2638.38,8230.41,254.18,119.93,374.11,124.7,22.0, sdumont6166,255142.71
0.0,432,18,265352.0,3132.0,1741.3330078125,265352.0,0.0,0.0,0.0,0.0,6.0,0,0.0,0.0,3n-1m-8th-100bs-377019s-DENV_1-usa-BVBRC_genome_sequence,sequana_cpu_dev,3,11533857.0,1,8,100,377019,DENV_1-usa-BVBRC_genome_sequence,4554.8,1923.45,6478.25,267.93,113.14,381.07,127.02,17.0, sdumont6166,116608.5
7523.0,15984,444,2189524.0,166632.0,160604.0,2195664.0,2304.0,4628.48,2304.0,4628.48,268032.0,0,13.0,18.0,2n-1m-18th-1000bs-484520s-DENV_1-brazil-BVBRC_genome_sequence,sequana_cpu,2,11533858.0,1,18,1000,484520,DENV_1-brazil-BVBRC_genome_sequence,100129.38,35473.86,135603.25,226.03,80.08,306.1,153.05,443.0, sdumont6041,60207843.0
0.0,600,25,265352.0,1044.0,1044.0,265352.0,0.0,0.0,0.0,0.0,6.0,0,0.0,0.0,3n-1m-8th-100bs-377019s-DENV_1-usa-BVBRC_genome_sequence,sequana_cpu_dev,3,11533861.0,1,8,100,377019,DENV_1-usa-BVBRC_genome_sequence,6187.58,2674.9,8862.49,269.03,116.3,385.33,128.44,23.0, sdumont6165,221562.25
7519.0,16020,445,2189526.0,165896.0,158144.0,2195664.0,2304.0,4628.48,2304.0,4628.48,268320.0,0,15.0,19.0,2n-1m-18th-1000bs-484520s-DENV_1-brazil-BVBRC_genome_sequence,sequana_cpu,2,11533863.0,1,18,1000,484520,DENV_1-brazil-BVBRC_genome_sequence,100139.73,35460.83,135600.56,225.79,79.96,305.75,152.88,443.5, sdumont6141,60342249.2
0.0,456,19,265352.0,3124.0,1738.666015625,265352.0,0.0,0.0,0.0,0.0,1.0,0,0.0,0.0,3n-1m-8th-100bs-377019s-DENV_1-usa-BVBRC_genome_sequence,sequana_cpu_dev,3,11533864.0,1,8,100,377019,DENV_1-usa-BVBRC_genome_sequence,5128.57,2162.3,7290.87,284.92,120.13,405.05,135.02,18.0, sdumont6166,138526.53
0.0,456,19,265352.0,3072.0,1720.0,265352.0,0.0,0.0,0.0,0.0,1.0,0,0.0,0.0,3n-1m-8th-100bs-377019s-DENV_1-usa-BVBRC_genome_sequence,sequana_cpu_dev,3,11533867.0,1,8,100,377019,DENV_1-usa-BVBRC_genome_sequence,4752.7,2016.94,6769.64,264.04,112.05,376.09,125.36,18.0, sdumont6167,128623.16
8044.0,16308,453,2189532.0,166748.0,160744.0,2195680.0,2334.72,4648.96,2334.72,4648.96,268491.0,0,32.0,56.0,2n-1m-18th-1000bs-484520s-DENV_1-brazil-BVBRC_genome_sequence,sequana_cpu,2,11533869.0,1,18,1000,484520,DENV_1-brazil-BVBRC_genome_sequence,102415.58,36332.69,138748.28,227.09,80.56,307.65,153.82,451.0, sdumont6041,62852970.84
0.0,456,19,266050.666015625,2996.0,1693.3330078125,267448.0,0.0,0.0,0.0,0.0,1.0,0,0.0,0.0,3n-1m-8th-100bs-377019s-DENV_1-usa-BVBRC_genome_sequence,sequana_cpu_dev,3,11533871.0,1,8,100,377019,DENV_1-usa-BVBRC_genome_sequence,4794.49,1886.07,6680.56,282.03,110.95,392.97,130.99,17.0, sdumont6233,126930.64
8039.0,16848,468,2189522.0,162628.0,159752.0,2195668.0,2344.96,4628.48,2344.96,4638.72,268791.0,0,11.0,13.0,2n-1m-18th-1000bs-484520s-DENV_1-brazil-BVBRC_genome_sequence,sequana_cpu,2,11533872.0,1,18,1000,484520,DENV_1-brazil-BVBRC_genome_sequence,104692.35,36971.89,141664.24,224.18,79.17,303.35,151.67,467.0, sdumont6041,66298864.31999999
0.0,540,18,266050.666015625,1048.0,1042.666015625,267448.0,0.0,0.0,0.0,0.0,1.0,0,0.0,0.0,3n-1m-10th-100bs-377019s-DENV_1-usa-BVBRC_genome_sequence,sequana_cpu_dev,3,11533875.0,1,10,100,377019,DENV_1-usa-BVBRC_genome_sequence,4885.17,1805.66,6690.83,287.36,106.22,393.58,131.19,17.0, sdumont6233,120434.94
0.0,540,18,266050.666015625,3020.0,1701.3330078125,267448.0,0.0,0.0,0.0,0.0,1.0,0,0.0,0.0,3n-1m-10th-100bs-377019s-DENV_1-usa-BVBRC_genome_sequence,sequana_cpu_dev,3,11533877.0,1,10,100,377019,DENV_1-usa-BVBRC_genome_sequence,5104.07,1846.83,6950.9,300.24,108.64,408.88,136.29,17.0, sdumont6232,125116.2
0.0,600,20,266050.666015625,1048.0,1041.3330078125,267448.0,0.0,0.0,0.0,0.0,1.0,0,0.0,0.0,3n-1m-10th-100bs-377019s-DENV_1-usa-BVBRC_genome_sequence,sequana_cpu_dev,3,11533882.0,1,10,100,377019,DENV_1-usa-BVBRC_genome_sequence,4835.36,1778.78,6614.14,284.43,104.63,389.07,129.69,17.0, sdumont6062,132282.80000000002
0.0,690,23,266050.666015625,3148.0,1746.666015625,267448.0,0.0,0.0,0.0,0.0,1.0,0,0.0,0.0,3n-1m-10th-100bs-377019s-DENV_1-usa-BVBRC_genome_sequence,sequana_cpu_dev,3,11533884.0,1,10,100,377019,DENV_1-usa-BVBRC_genome_sequence,6303.83,2320.3,8624.13,300.18,110.49,410.67,136.89,21.0, sdumont6232,198354.99
0.0,960,32,265352.0,1044.0,1044.0,265352.0,0.0,0.0,0.0,0.0,1.0,0,0.0,0.0,3n-1m-10th-100bs-377019s-DENV_1-usa-BVBRC_genome_sequence,sequana_cpu_dev,3,11533886.0,1,10,100,377019,DENV_1-usa-BVBRC_genome_sequence,5340.26,2085.09,7425.34,296.68,115.84,412.52,137.51,18.0, sdumont6167,237610.88
0.0,828,23,265352.0,1044.0,1042.666015625,265352.0,0.0,0.0,0.0,0.0,1.0,0,0.0,0.0,3n-1m-12th-100bs-377019s-DENV_1-usa-BVBRC_genome_sequence,sequana_cpu_dev,3,11533888.0,1,12,100,377019,DENV_1-usa-BVBRC_genome_sequence,6252.77,2408.46,8661.23,312.64,120.42,433.06,144.35,20.0, sdumont6165,199208.29
0.0,828,23,265352.0,1048.0,1045.3330078125,265352.0,0.0,0.0,0.0,0.0,1.0,0,0.0,0.0,3n-1m-12th-100bs-377019s-DENV_1-usa-BVBRC_genome_sequence,sequana_cpu_dev,3,11533893.0,1,12,100,377019,DENV_1-usa-BVBRC_genome_sequence,6429.54,2440.85,8870.39,301.23,114.3,415.53,138.51,21.33, sdumont6167,204018.97
0.0,684,19,265352.0,1048.0,1042.666015625,265352.0,0.0,0.0,0.0,0.0,9.0,0,0.0,0.0,3n-1m-12th-100bs-377019s-DENV_1-usa-BVBRC_genome_sequence,sequana_cpu_dev,3,11533896.0,1,12,100,377019,DENV_1-usa-BVBRC_genome_sequence,4998.92,1932.12,6931.04,277.72,107.34,385.06,128.35,18.0, sdumont6167,131689.76
0.0,720,20,265352.0,3056.0,1713.3330078125,265352.0,0.0,0.0,0.0,0.0,7.0,0,0.0,0.0,3n-1m-12th-100bs-377019s-DENV_1-usa-BVBRC_genome_sequence,sequana_cpu_dev,3,11533898.0,1,12,100,377019,DENV_1-usa-BVBRC_genome_sequence,5631.22,2158.99,7790.21,312.85,119.94,432.79,144.26,18.0, sdumont6167,155804.2
0.0,864,24,265352.0,1048.0,1045.3330078125,265352.0,0.0,0.0,0.0,0.0,16.0,0,0.0,0.0,3n-1m-12th-100bs-377019s-DENV_1-usa-BVBRC_genome_sequence,sequana_cpu_dev,3,11533901.0,1,12,100,377019,DENV_1-usa-BVBRC_genome_sequence,7220.91,2738.63,9959.55,328.22,124.48,452.71,150.9,22.0, sdumont6167,239029.2
0.0,840,20,265352.0,1048.0,1044.0,265352.0,0.0,0.0,0.0,0.0,1.0,0,0.0,0.0,3n-1m-14th-100bs-377019s-DENV_1-usa-BVBRC_genome_sequence,sequana_cpu_dev,3,11533902.0,1,14,100,377019,DENV_1-usa-BVBRC_genome_sequence,5250.33,2007.86,7258.2,291.69,111.55,403.23,134.41,18.0, sdumont6167,145164.0
0.0,882,21,265352.0,1048.0,1044.0,265352.0,0.0,0.0,0.0,0.0,1.0,0,0.0,0.0,3n-1m-14th-100bs-377019s-DENV_1-usa-BVBRC_genome_sequence,sequana_cpu_dev,3,11533906.0,1,14,100,377019,DENV_1-usa-BVBRC_genome_sequence,6166.38,2348.27,8514.65,308.32,117.41,425.73,141.91,20.0, sdumont6165,178807.65
0.0,1176,28,265352.0,3104.0,1732.0,265352.0,0.0,0.0,0.0,0.0,1.0,0,0.0,0.0,3n-1m-14th-100bs-377019s-DENV_1-usa-BVBRC_genome_sequence,sequana_cpu_dev,3,11533908.0,1,14,100,377019,DENV_1-usa-BVBRC_genome_sequence,8419.34,3167.25,11586.59,311.83,117.31,429.13,143.04,27.0, sdumont6167,324424.52
0.0,798,19,265352.0,1048.0,1046.666015625,265352.0,0.0,0.0,0.0,0.0,1.0,0,0.0,0.0,3n-1m-14th-100bs-377019s-DENV_1-usa-BVBRC_genome_sequence,sequana_cpu_dev,3,11533910.0,1,14,100,377019,DENV_1-usa-BVBRC_genome_sequence,5396.64,2083.09,7479.73,299.81,115.73,415.54,138.51,18.0, sdumont6167,142114.87
0.0,840,20,265352.0,1044.0,1041.3330078125,265352.0,0.0,0.0,0.0,0.0,1.0,0,0.0,0.0,3n-1m-14th-100bs-377019s-DENV_1-usa-BVBRC_genome_sequence,sequana_cpu_dev,3,11533912.0,1,14,100,377019,DENV_1-usa-BVBRC_genome_sequence,5712.42,2186.69,7899.11,300.65,115.09,415.74,138.58,19.0, sdumont6167,157982.19999999998
0.0,912,19,265352.0,1048.0,1045.3330078125,265352.0,0.0,0.0,0.0,0.0,0.0,0,0.0,0.0,3n-1m-16th-100bs-377019s-DENV_1-usa-BVBRC_genome_sequence,sequana_cpu_dev,3,11533914.0,1,16,100,377019,DENV_1-usa-BVBRC_genome_sequence,5041.08,1938.52,6979.6,290.63,111.69,402.32,134.11,17.33, sdumont6165,132612.4
0.0,1296,27,265352.0,1044.0,1042.666015625,265352.0,0.0,0.0,0.0,0.0,1.0,0,0.0,0.0,3n-1m-16th-100bs-377019s-DENV_1-usa-BVBRC_genome_sequence,sequana_cpu_dev,3,11533916.0,1,16,100,377019,DENV_1-usa-BVBRC_genome_sequence,7240.81,2701.49,9942.31,314.82,117.46,432.27,144.09,23.0, sdumont6166,268442.37
0.0,960,20,265352.0,1048.0,1046.666015625,265352.0,0.0,0.0,0.0,0.0,1.0,0,0.0,0.0,3n-1m-16th-100bs-377019s-DENV_1-usa-BVBRC_genome_sequence,sequana_cpu_dev,3,11533919.0,1,16,100,377019,DENV_1-usa-BVBRC_genome_sequence,5841.03,2213.35,8054.38,307.42,116.49,423.91,141.3,19.0, sdumont6166,161087.6
0.0,1008,21,265352.0,3144.0,2420.0,265352.0,0.0,0.0,0.0,0.0,8.0,0,0.0,0.0,3n-1m-16th-100bs-377019s-DENV_1-usa-BVBRC_genome_sequence,sequana_cpu_dev,3,11533922.0,1,16,100,377019,DENV_1-usa-BVBRC_genome_sequence,6421.54,2426.37,8847.91,326.48,123.45,449.93,149.98,19.67, sdumont6167,185806.11
0.0,960,20,265352.0,3148.0,1744.0,265352.0,0.0,0.0,0.0,0.0,8.0,0,0.0,0.0,3n-1m-16th-100bs-377019s-DENV_1-usa-BVBRC_genome_sequence,sequana_cpu_dev,3,11533924.0,1,16,100,377019,DENV_1-usa-BVBRC_genome_sequence,5731.99,2178.03,7910.02,312.92,119.08,432.0,144.0,18.33, sdumont6165,158200.40000000002
0.0,1080,20,265352.0,1048.0,1045.3330078125,265352.0,0.0,0.0,0.0,0.0,1.0,0,0.0,0.0,3n-1m-18th-100bs-377019s-DENV_1-usa-BVBRC_genome_sequence,sequana_cpu_dev,3,11533925.0,1,18,100,377019,DENV_1-usa-BVBRC_genome_sequence,5835.87,2212.53,8048.4,312.62,118.61,431.23,143.74,18.67, sdumont6166,160968.0
0.0,1134,21,265352.0,1044.0,1042.666015625,265352.0,0.0,0.0,0.0,0.0,1.0,0,0.0,0.0,3n-1m-18th-100bs-377019s-DENV_1-usa-BVBRC_genome_sequence,sequana_cpu_dev,3,11533927.0,1,18,100,377019,DENV_1-usa-BVBRC_genome_sequence,6111.17,2300.0,8411.18,305.56,115.0,420.56,140.19,20.0, sdumont6166,176634.78
0.0,1134,21,265352.0,3124.0,1734.666015625,265352.0,0.0,0.0,0.0,0.0,1.0,0,0.0,0.0,3n-1m-18th-100bs-377019s-DENV_1-usa-BVBRC_genome_sequence,sequana_cpu_dev,3,11533929.0,1,18,100,377019,DENV_1-usa-BVBRC_genome_sequence,5847.37,2207.13,8054.5,292.37,110.36,402.72,134.24,20.0, sdumont6165,169144.5
0.0,1188,22,265352.0,1044.0,1042.666015625,265352.0,0.0,0.0,0.0,0.0,1.0,0,0.0,0.0,3n-1m-18th-100bs-377019s-DENV_1-usa-BVBRC_genome_sequence,sequana_cpu_dev,3,11533931.0,1,18,100,377019,DENV_1-usa-BVBRC_genome_sequence,6546.76,2459.72,9006.48,311.75,117.13,428.88,142.96,21.0, sdumont6166,198142.56
0.0,1242,23,265352.0,1048.0,1045.3330078125,265352.0,0.0,0.0,0.0,0.0,0.0,0,0.0,0.0,3n-1m-18th-100bs-377019s-DENV_1-usa-BVBRC_genome_sequence,sequana_cpu_dev,3,11533935.0,1,18,100,377019,DENV_1-usa-BVBRC_genome_sequence,7293.69,2707.23,10000.92,331.53,123.06,454.59,151.53,22.0, sdumont6165,230021.16
0.0,1200,20,265352.0,1044.0,1044.0,265352.0,0.0,0.0,0.0,0.0,1.0,0,0.0,0.0,3n-1m-20th-100bs-377019s-DENV_1-usa-BVBRC_genome_sequence,sequana_cpu_dev,3,11533937.0,1,20,100,377019,DENV_1-usa-BVBRC_genome_sequence,6047.43,2217.74,8265.18,318.29,116.72,435.01,145.0,19.0, sdumont6165,165303.6
0.0,1320,22,265352.0,1044.0,1041.3330078125,265352.0,0.0,0.0,0.0,0.0,1.0,0,0.0,0.0,3n-1m-20th-100bs-377019s-DENV_1-usa-BVBRC_genome_sequence,sequana_cpu_dev,3,11533939.0,1,20,100,377019,DENV_1-usa-BVBRC_genome_sequence,6743.67,2472.65,9216.32,321.13,117.75,438.87,146.29,21.0, sdumont6167,202759.04
0.0,3660,61,265352.0,1048.0,1042.666015625,265352.0,0.0,0.0,0.0,0.0,1.0,0,0.0,0.0,3n-1m-20th-100bs-377019s-DENV_1-usa-BVBRC_genome_sequence,sequana_cpu_dev,3,11533941.0,1,20,100,377019,DENV_1-usa-BVBRC_genome_sequence,5971.77,2198.83,8170.6,309.28,114.02,423.3,141.1,19.33, sdumont6166,498406.6
0.0,1380,23,265352.0,1044.0,1044.0,265352.0,0.0,0.0,0.0,0.0,1.0,0,0.0,0.0,3n-1m-20th-100bs-377019s-DENV_1-usa-BVBRC_genome_sequence,sequana_cpu_dev,3,11533943.0,1,20,100,377019,DENV_1-usa-BVBRC_genome_sequence,6951.92,2492.82,9444.74,316.0,113.31,429.31,143.1,22.0, sdumont6165,217229.02
0.0,1200,20,265352.0,1044.0,1044.0,265352.0,0.0,0.0,0.0,0.0,1.0,0,0.0,0.0,3n-1m-20th-100bs-377019s-DENV_1-usa-BVBRC_genome_sequence,sequana_cpu_dev,3,11533947.0,1,20,100,377019,DENV_1-usa-BVBRC_genome_sequence,6067.07,2222.29,8289.36,319.32,116.96,436.28,145.43,19.0, sdumont6165,165787.2
0.0,1650,25,266749.3330078125,3208.0,1766.666015625,267448.0,0.0,0.0,0.0,0.0,1.0,0,0.0,0.0,3n-1m-22th-100bs-377019s-DENV_1-usa-BVBRC_genome_sequence,sequana_cpu_dev,3,11533950.0,1,22,100,377019,DENV_1-usa-BVBRC_genome_sequence,8142.65,2768.87,10911.52,339.28,115.37,454.65,151.55,24.0, sdumont6039,272788.0
0.0,1386,21,266749.3330078125,3008.0,1698.666015625,267448.0,0.0,0.0,0.0,0.0,1.0,0,0.0,0.0,3n-1m-22th-100bs-377019s-DENV_1-usa-BVBRC_genome_sequence,sequana_cpu_dev,3,11533952.0,1,22,100,377019,DENV_1-usa-BVBRC_genome_sequence,6324.98,2179.06,8504.05,316.25,108.95,425.2,141.73,20.0, sdumont6169,178585.05
0.0,1452,22,266749.3330078125,3212.0,2434.666015625,267448.0,0.0,0.0,0.0,0.0,1.0,0,0.0,0.0,3n-1m-22th-100bs-377019s-DENV_1-usa-BVBRC_genome_sequence,sequana_cpu_dev,3,11533957.0,1,22,100,377019,DENV_1-usa-BVBRC_genome_sequence,7127.09,2454.82,9581.92,356.35,122.74,479.1,159.7,20.0, sdumont6039,210802.24
0.0,1386,21,266749.3330078125,1056.0,1050.666015625,267448.0,0.0,0.0,0.0,0.0,1.0,0,0.0,0.0,3n-1m-22th-100bs-377019s-DENV_1-usa-BVBRC_genome_sequence,sequana_cpu_dev,3,11533959.0,1,22,100,377019,DENV_1-usa-BVBRC_genome_sequence,7154.6,2454.53,9609.12,357.73,122.73,480.46,160.15,20.0, sdumont6053,201791.52
0.0,1386,21,266749.3330078125,3064.0,1721.3330078125,267448.0,0.0,0.0,0.0,0.0,1.0,0,0.0,0.0,3n-1m-22th-100bs-377019s-DENV_1-usa-BVBRC_genome_sequence,sequana_cpu_dev,3,11533961.0,1,22,100,377019,DENV_1-usa-BVBRC_genome_sequence,6323.76,2181.1,8504.87,316.19,109.06,425.24,141.75,20.0, sdumont6169,178602.27000000002
0.0,1512,21,266749.3330078125,3112.0,1734.666015625,267448.0,0.0,0.0,0.0,0.0,1.0,0,0.0,0.0,3n-1m-24th-100bs-377019s-DENV_1-usa-BVBRC_genome_sequence,sequana_cpu_dev,3,11533963.0,1,24,100,377019,DENV_1-usa-BVBRC_genome_sequence,7080.4,2391.07,9471.47,354.02,119.55,473.57,157.86,20.0, sdumont6039,198900.87
0.0,1656,23,266749.3330078125,3144.0,1749.3330078125,267448.0,0.0,0.0,0.0,0.0,1.0,0,0.0,0.0,3n-1m-24th-100bs-377019s-DENV_1-usa-BVBRC_genome_sequence,sequana_cpu_dev,3,11533965.0,1,24,100,377019,DENV_1-usa-BVBRC_genome_sequence,7511.94,2512.86,10024.8,352.24,117.85,470.09,156.7,21.33, sdumont6053,230570.4
0.0,2304,32,266749.3330078125,3152.0,2452.0,267448.0,0.0,0.0,0.0,0.0,1.0,0,0.0,0.0,3n-1m-24th-100bs-377019s-DENV_1-usa-BVBRC_genome_sequence,sequana_cpu_dev,3,11533967.0,1,24,100,377019,DENV_1-usa-BVBRC_genome_sequence,7295.14,2445.94,9741.08,359.0,120.37,479.37,159.79,20.33, sdumont6039,311714.56
0.0,1512,21,266749.3330078125,3124.0,2424.0,267448.0,0.0,0.0,0.0,0.0,1.0,0,0.0,0.0,3n-1m-24th-100bs-377019s-DENV_1-usa-BVBRC_genome_sequence,sequana_cpu_dev,3,11533969.0,1,24,100,377019,DENV_1-usa-BVBRC_genome_sequence,7443.04,2504.81,9947.85,372.15,125.24,497.39,165.8,20.0, sdumont6053,208904.85
0.0,2016,28,266749.3330078125,3108.0,1733.3330078125,267448.0,0.0,0.0,0.0,0.0,1.0,0,0.0,0.0,3n-1m-24th-100bs-377019s-DENV_1-usa-BVBRC_genome_sequence,sequana_cpu_dev,3,11533971.0,1,24,100,377019,DENV_1-usa-BVBRC_genome_sequence,9695.86,3176.41,12872.27,368.44,120.71,489.15,163.05,26.33, sdumont6039,360423.56
0.0,2184,28,266749.3330078125,3180.0,3073.3330078125,267448.0,0.0,0.0,0.0,0.0,1.0,0,0.0,0.0,3n-1m-26th-100bs-377019s-DENV_1-usa-BVBRC_genome_sequence,sequana_cpu_dev,3,11533973.0,1,26,100,377019,DENV_1-usa-BVBRC_genome_sequence,9588.43,4631.08,14219.51,355.13,171.52,526.65,175.55,27.0, sdumont6039,398146.28
0.0,2340,30,266749.3330078125,3104.0,3088.0,267448.0,0.0,0.0,0.0,0.0,1.0,0,0.0,0.0,3n-1m-26th-100bs-377019s-DENV_1-usa-BVBRC_genome_sequence,sequana_cpu_dev,3,11533975.0,1,26,100,377019,DENV_1-usa-BVBRC_genome_sequence,10218.28,4871.41,15089.69,352.35,167.98,520.33,173.44,29.0, sdumont6169,452690.7
0.0,1950,25,266749.3330078125,3184.0,3124.0,267448.0,0.0,0.0,0.0,0.0,1.0,0,0.0,0.0,3n-1m-26th-100bs-377019s-DENV_1-usa-BVBRC_genome_sequence,sequana_cpu_dev,3,11533977.0,1,26,100,377019,DENV_1-usa-BVBRC_genome_sequence,7942.49,3881.8,11824.29,330.94,161.74,492.68,164.23,24.0, sdumont6039,295607.25
752.0,2886,37,2747008.0,157000.0,155669.3330078125,2752876.0,3266.56,4229.12,4075.52,4239.36,1.0,0,9.0,11.0,3n-1m-26th-100bs-377019s-DENV_1-usa-BVBRC_genome_sequence,sequana_cpu_dev,3,11533980.0,1,26,100,377019,DENV_1-usa-BVBRC_genome_sequence,13109.97,6135.19,19245.16,364.17,170.42,534.59,178.2,36.0, sdumont6053,712070.92
0.0,2262,29,266749.3330078125,3204.0,3137.3330078125,267448.0,0.0,0.0,0.0,0.0,1.0,0,0.0,0.0,3n-1m-26th-100bs-377019s-DENV_1-usa-BVBRC_genome_sequence,sequana_cpu_dev,3,11533982.0,1,26,100,377019,DENV_1-usa-BVBRC_genome_sequence,9713.29,4625.97,14339.26,346.9,165.21,512.12,170.71,28.0, sdumont6039,415838.54
811.0,2604,31,2873724.0,152048.0,151230.666015625,2879480.0,3338.24,4249.6,4188.16,4290.56,1.0,0,19.0,22.0,3n-1m-28th-100bs-377019s-DENV_1-usa-BVBRC_genome_sequence,sequana_cpu_dev,3,11533984.0,1,28,100,377019,DENV_1-usa-BVBRC_genome_sequence,10496.0,6001.62,16497.62,353.88,202.31,556.19,185.4,29.67, sdumont6169,511426.22
0.0,2268,27,266749.3330078125,3152.0,2449.3330078125,267448.0,0.0,0.0,0.0,0.0,1.0,0,0.0,0.0,3n-1m-28th-100bs-377019s-DENV_1-usa-BVBRC_genome_sequence,sequana_cpu_dev,3,11533988.0,1,28,100,377019,DENV_1-usa-BVBRC_genome_sequence,8817.66,5118.22,13935.88,326.58,189.56,516.14,172.05,27.0, sdumont6039,376268.76
0.0,5376,64,265352.0,3076.0,2398.666015625,265352.0,0.0,0.0,0.0,0.0,1.0,0,0.0,0.0,3n-1m-28th-100bs-377019s-DENV_1-usa-BVBRC_genome_sequence,sequana_cpu_dev,3,11533990.0,1,28,100,377019,DENV_1-usa-BVBRC_genome_sequence,7813.56,4729.84,12543.4,325.57,197.08,522.64,174.21,24.0, sdumont6166,802777.6
0.0,2268,27,265352.0,3140.0,3113.3330078125,265352.0,0.0,0.0,0.0,0.0,11.0,0,0.0,0.0,3n-1m-28th-100bs-377019s-DENV_1-usa-BVBRC_genome_sequence,sequana_cpu_dev,3,11533994.0,1,28,100,377019,DENV_1-usa-BVBRC_genome_sequence,8452.65,5095.62,13548.28,338.11,203.82,541.93,180.64,25.0, sdumont6167,365803.56
8945.0,18600,465,2327638.0,168952.0,161788.0,2330928.0,2334.72,4638.72,2334.72,4648.96,260258.0,0,16.0,19.0,2n-1m-20th-1000bs-484520s-DENV_1-brazil-BVBRC_genome_sequence,sequana_cpu,2,11533995.0,1,20,1000,484520,DENV_1-brazil-BVBRC_genome_sequence,109171.91,37141.64,146313.55,235.28,80.05,315.33,157.67,464.0, sdumont6141,68035800.75
772.0,3024,36,2882226.666015625,157940.0,157270.666015625,2887892.0,3266.56,4229.12,4075.52,4239.36,1.0,0,148.0,419.0,3n-1m-28th-100bs-377019s-DENV_1-usa-BVBRC_genome_sequence,sequana_cpu_dev,3,11533997.0,1,28,100,377019,DENV_1-usa-BVBRC_genome_sequence,11897.9,6788.96,18686.86,339.94,193.97,533.91,177.97,35.0, sdumont6053,672726.96
0.0,2340,26,265352.0,3140.0,3088.0,265352.0,0.0,0.0,0.0,0.0,1.0,0,0.0,0.0,3n-1m-30th-100bs-377019s-DENV_1-usa-BVBRC_genome_sequence,sequana_cpu_dev,3,11533999.0,1,30,100,377019,DENV_1-usa-BVBRC_genome_sequence,8548.18,5967.77,14515.95,341.93,238.71,580.64,193.55,25.0, sdumont6166,377414.7
0.0,2610,29,265352.0,3152.0,3072.0,265352.0,0.0,0.0,0.0,0.0,62.0,0,0.0,0.0,3n-1m-30th-100bs-377019s-DENV_1-usa-BVBRC_genome_sequence,sequana_cpu_dev,3,11534003.0,1,30,100,377019,DENV_1-usa-BVBRC_genome_sequence,8649.16,6067.42,14716.57,345.97,242.7,588.66,196.22,25.0, sdumont6166,426780.53
9507.0,20440,511,2324778.0,170848.0,160730.0,2330928.0,2396.16,4638.72,2396.16,4648.96,260209.0,0,13.0,14.0,2n-1m-20th-1000bs-484520s-DENV_1-brazil-BVBRC_genome_sequence,sequana_cpu,2,11534006.0,1,20,1000,484520,DENV_1-brazil-BVBRC_genome_sequence,121049.87,41005.75,162055.62,237.35,80.4,317.76,158.88,510.0, sdumont6141,82810421.82
0.0,2610,29,265352.0,3144.0,3104.0,265352.0,0.0,0.0,0.0,0.0,1.0,0,0.0,0.0,3n-1m-30th-100bs-377019s-DENV_1-usa-BVBRC_genome_sequence,sequana_cpu_dev,3,11534007.0,1,30,100,377019,DENV_1-usa-BVBRC_genome_sequence,9211.03,6408.69,15619.72,341.15,237.36,578.51,192.84,27.0, sdumont6166,452971.88
0.0,2790,31,265352.0,3148.0,3096.0,265352.0,0.0,0.0,0.0,0.0,2.0,0,0.0,0.0,3n-1m-30th-100bs-377019s-DENV_1-usa-BVBRC_genome_sequence,sequana_cpu_dev,3,11534009.0,1,30,100,377019,DENV_1-usa-BVBRC_genome_sequence,10201.6,7014.0,17215.6,351.78,241.86,593.64,197.88,29.0, sdumont6165,533683.6
0.0,2520,28,265352.0,3092.0,3052.0,265352.0,0.0,0.0,0.0,0.0,53.0,0,0.0,0.0,3n-1m-30th-100bs-377019s-DENV_1-usa-BVBRC_genome_sequence,sequana_cpu_dev,3,11534012.0,1,30,100,377019,DENV_1-usa-BVBRC_genome_sequence,9469.81,6611.72,16081.53,350.73,244.88,595.61,198.54,27.0, sdumont6165,450282.84
9514.0,19920,498,2324768.0,163328.0,158906.0,2330920.0,2396.16,4638.72,2396.16,4638.72,260212.0,0,9.0,10.0,2n-1m-20th-1000bs-484520s-DENV_1-brazil-BVBRC_genome_sequence,sequana_cpu,2,11534013.0,1,20,1000,484520,DENV_1-brazil-BVBRC_genome_sequence,116289.95,39477.95,155767.9,234.46,79.59,314.05,157.02,496.0, sdumont6141,77572414.2
0.0,2976,31,265352.0,3168.0,3082.666015625,265352.0,0.0,0.0,0.0,0.0,1.0,0,0.0,0.0,3n-1m-32th-100bs-377019s-DENV_1-usa-BVBRC_genome_sequence,sequana_cpu_dev,3,11534014.0,1,32,100,377019,DENV_1-usa-BVBRC_genome_sequence,9339.61,7186.94,16526.55,333.56,256.68,590.23,196.74,28.0, sdumont6165,512323.05
901.0,3072,32,3141169.3330078125,157888.0,156425.3330078125,3141280.0,1658.88,4249.6,1689.6,4290.56,1.0,0,20.0,31.0,3n-1m-32th-100bs-377019s-DENV_1-usa-BVBRC_genome_sequence,sequana_cpu_dev,3,11534017.0,1,32,100,377019,DENV_1-usa-BVBRC_genome_sequence,9655.91,7431.86,17087.77,321.86,247.73,569.59,189.86,30.0, sdumont6165,546808.64
8945.0,18680,467,2324778.0,162944.0,157854.0,2330928.0,2344.96,4638.72,2344.96,4648.96,260375.0,0,15.0,20.0,2n-1m-20th-1000bs-484520s-DENV_1-brazil-BVBRC_genome_sequence,sequana_cpu,2,11534020.0,1,20,1000,484520,DENV_1-brazil-BVBRC_genome_sequence,108794.49,37050.0,145844.49,233.46,79.51,312.97,156.49,466.0, sdumont6141,68109376.83
0.0,2880,30,265352.0,3156.0,3106.666015625,265352.0,0.0,0.0,0.0,0.0,1.0,0,0.0,0.0,3n-1m-32th-100bs-377019s-DENV_1-usa-BVBRC_genome_sequence,sequana_cpu_dev,3,11534021.0,1,32,100,377019,DENV_1-usa-BVBRC_genome_sequence,9506.35,7352.01,16858.35,327.81,253.52,581.32,193.77,29.0, sdumont6165,505750.5
931.0,3072,32,3141109.3330078125,160400.0,157361.3330078125,3141128.0,1658.88,4249.6,1689.6,4290.56,1.0,0,26.0,39.0,3n-1m-32th-100bs-377019s-DENV_1-usa-BVBRC_genome_sequence,sequana_cpu_dev,3,11534025.0,1,32,100,377019,DENV_1-usa-BVBRC_genome_sequence,10188.81,7831.34,18020.15,339.63,261.04,600.67,200.22,30.0, sdumont6167,576644.8
0.0,2880,30,265352.0,3144.0,3082.666015625,265352.0,0.0,0.0,0.0,0.0,1.0,0,0.0,0.0,3n-1m-32th-100bs-377019s-DENV_1-usa-BVBRC_genome_sequence,sequana_cpu_dev,3,11534026.0,1,32,100,377019,DENV_1-usa-BVBRC_genome_sequence,9351.77,7171.61,16523.38,322.47,247.3,569.77,189.92,29.0, sdumont6167,495701.4
0.0,2754,27,265352.0,3160.0,2442.666015625,265352.0,0.0,0.0,0.0,0.0,68.0,0,0.0,0.0,3n-1m-34th-100bs-377019s-DENV_1-usa-BVBRC_genome_sequence,sequana_cpu_dev,3,11534030.0,1,34,100,377019,DENV_1-usa-BVBRC_genome_sequence,8588.93,7309.11,15898.04,339.33,288.64,627.97,209.32,25.33, sdumont6167,429247.08
0.0,2856,28,265352.0,3160.0,3126.666015625,265352.0,0.0,0.0,0.0,0.0,48.0,0,0.0,0.0,3n-1m-34th-100bs-377019s-DENV_1-usa-BVBRC_genome_sequence,sequana_cpu_dev,3,11534032.0,1,34,100,377019,DENV_1-usa-BVBRC_genome_sequence,8507.99,7252.58,15760.57,315.11,268.61,583.72,194.57,27.0, sdumont6167,441295.96
0.0,3162,31,265352.0,3160.0,3141.3330078125,265352.0,0.0,0.0,0.0,0.0,55.0,0,0.0,0.0,3n-1m-34th-100bs-377019s-DENV_1-usa-BVBRC_genome_sequence,sequana_cpu_dev,3,11534034.0,1,34,100,377019,DENV_1-usa-BVBRC_genome_sequence,9986.64,8400.18,18386.81,336.41,283.07,619.47,206.49,29.67, sdumont6165,569991.11
0.0,3162,31,265352.0,3168.0,3138.666015625,265352.0,0.0,0.0,0.0,0.0,58.0,0,0.0,0.0,3n-1m-34th-100bs-377019s-DENV_1-usa-BVBRC_genome_sequence,sequana_cpu_dev,3,11534036.0,1,34,100,377019,DENV_1-usa-BVBRC_genome_sequence,10134.37,8607.2,18741.57,345.7,293.53,639.24,213.08,29.33, sdumont6167,580988.67
0.0,3162,31,265352.0,3256.0,3174.666015625,265352.0,0.0,0.0,0.0,0.0,65.0,0,0.0,0.0,3n-1m-34th-100bs-377019s-DENV_1-usa-BVBRC_genome_sequence,sequana_cpu_dev,3,11534039.0,1,34,100,377019,DENV_1-usa-BVBRC_genome_sequence,9503.52,8085.38,17588.89,335.47,285.34,620.81,206.94,28.33, sdumont6165,545255.59
1047.0,3348,31,3411721.3330078125,158528.0,156778.666015625,3411780.0,1648.64,4249.6,1679.36,4270.08,7.0,0,21.0,27.0,3n-1m-36th-100bs-377019s-DENV_1-usa-BVBRC_genome_sequence,sequana_cpu_dev,3,11534042.0,1,36,100,377019,DENV_1-usa-BVBRC_genome_sequence,10196.46,8754.44,18950.9,339.88,291.81,631.7,210.57,30.0, sdumont6166,587477.9
0.0,3240,30,265352.0,3164.0,3092.0,265352.0,0.0,0.0,0.0,0.0,1.0,0,0.0,0.0,3n-1m-36th-100bs-377019s-DENV_1-usa-BVBRC_genome_sequence,sequana_cpu_dev,3,11534045.0,1,36,100,377019,DENV_1-usa-BVBRC_genome_sequence,9779.4,8470.86,18250.26,337.22,292.1,629.32,209.77,29.0, sdumont6167,547507.7999999999
1043.0,3348,31,3411493.3330078125,156320.0,156020.0,3411648.0,1669.12,4249.6,1689.6,4290.56,1.0,0,24.0,32.0,3n-1m-36th-100bs-377019s-DENV_1-usa-BVBRC_genome_sequence,sequana_cpu_dev,3,11534047.0,1,36,100,377019,DENV_1-usa-BVBRC_genome_sequence,9982.14,8650.78,18632.91,332.74,288.36,621.1,207.03,30.0, sdumont6167,577620.21
1042.0,3564,33,3411522.666015625,156236.0,155780.0,3411612.0,1638.4,4239.36,1638.4,4239.36,1.0,0,24.0,36.0,3n-1m-36th-100bs-377019s-DENV_1-usa-BVBRC_genome_sequence,sequana_cpu_dev,3,11534049.0,1,36,100,377019,DENV_1-usa-BVBRC_genome_sequence,10838.01,9360.33,20198.34,349.61,301.95,651.56,217.19,31.0, sdumont6165,666545.22
0.0,2916,27,265352.0,3096.0,3085.3330078125,265352.0,0.0,0.0,0.0,0.0,1.0,0,0.0,0.0,3n-1m-36th-100bs-377019s-DENV_1-usa-BVBRC_genome_sequence,sequana_cpu_dev,3,11534051.0,1,36,100,377019,DENV_1-usa-BVBRC_genome_sequence,8470.59,7358.86,15829.46,325.79,283.03,608.83,202.94,26.0, sdumont6165,427395.42
0.0,3306,29,265352.0,3140.0,3136.0,265352.0,0.0,0.0,0.0,0.0,1.0,0,0.0,0.0,3n-1m-38th-100bs-377019s-DENV_1-usa-BVBRC_genome_sequence,sequana_cpu_dev,3,11534053.0,1,38,100,377019,DENV_1-usa-BVBRC_genome_sequence,9249.45,8065.41,17314.86,338.67,295.23,633.89,211.3,27.33, sdumont6165,502130.94
0.0,3420,30,265352.0,3144.0,3088.0,265352.0,0.0,0.0,0.0,0.0,1.0,0,0.0,0.0,3n-1m-38th-100bs-377019s-DENV_1-usa-BVBRC_genome_sequence,sequana_cpu_dev,3,11534055.0,1,38,100,377019,DENV_1-usa-BVBRC_genome_sequence,9230.6,8165.65,17396.25,326.0,288.29,614.29,204.76,28.33, sdumont6166,521887.5
1104.0,3762,33,3546764.0,162272.0,158861.3330078125,3546820.0,1648.64,4239.36,1658.88,4259.84,51.0,0,23.0,26.0,3n-1m-38th-100bs-377019s-DENV_1-usa-BVBRC_genome_sequence,sequana_cpu_dev,3,11534058.0,1,38,100,377019,DENV_1-usa-BVBRC_genome_sequence,11098.42,9675.74,20774.17,358.01,312.12,670.13,223.38,31.0, sdumont6165,685547.61
1100.0,3990,35,3546706.666015625,158416.0,157596.0,3546796.0,1638.4,4229.12,1638.4,4239.36,1.0,0,28.0,39.0,3n-1m-38th-100bs-377019s-DENV_1-usa-BVBRC_genome_sequence,sequana_cpu_dev,3,11534059.0,1,38,100,377019,DENV_1-usa-BVBRC_genome_sequence,11689.52,10266.99,21956.51,350.93,308.17,659.09,219.7,33.33, sdumont6166,768477.85
0.0,3534,31,265352.0,3172.0,3074.666015625,265352.0,0.0,0.0,0.0,0.0,1.0,0,0.0,0.0,3n-1m-38th-100bs-377019s-DENV_1-usa-BVBRC_genome_sequence,sequana_cpu_dev,3,11534061.0,1,38,100,377019,DENV_1-usa-BVBRC_genome_sequence,9355.83,8177.54,17533.37,322.61,281.98,604.6,201.53,29.0, sdumont6165,543534.47
0.0,3600,30,265352.0,3248.0,3196.0,265352.0,0.0,0.0,0.0,0.0,1.0,0,0.0,0.0,3n-1m-40th-100bs-377019s-DENV_1-usa-BVBRC_genome_sequence,sequana_cpu_dev,3,11534063.0,1,40,100,377019,DENV_1-usa-BVBRC_genome_sequence,9254.59,8375.69,17630.28,326.83,295.69,622.51,207.5,28.33, sdumont6165,528908.3999999999
1159.0,3960,33,3681885.333007813,158400.0,157498.666015625,3681976.0,1638.4,4239.36,1638.4,4239.36,1.0,0,29.0,42.0,3n-1m-40th-100bs-377019s-DENV_1-usa-BVBRC_genome_sequence,sequana_cpu_dev,3,11534065.0,1,40,100,377019,DENV_1-usa-BVBRC_genome_sequence,10782.37,9710.07,20492.44,347.82,313.23,661.05,220.35,31.0, sdumont6166,676250.5199999999
0.0,3600,30,265352.0,3188.0,3177.3330078125,265352.0,0.0,0.0,0.0,0.0,8.0,0,0.0,0.0,3n-1m-40th-100bs-377019s-DENV_1-usa-BVBRC_genome_sequence,sequana_cpu_dev,3,11534068.0,1,40,100,377019,DENV_1-usa-BVBRC_genome_sequence,9245.68,8275.44,17521.12,326.55,292.16,618.71,206.24,28.33, sdumont6166,525633.6
8948.0,18080,452,2324764.0,167208.0,158794.0,2330892.0,2682.88,4986.88,3020.8,5324.8,257076.0,0,8.0,10.0,2n-1m-20th-1000bs-484520s-DENV_1-brazil-BVBRC_genome_sequence,sequana_cpu,2,11534069.0,1,20,1000,484520,DENV_1-brazil-BVBRC_genome_sequence,106014.55,36226.36,142240.91,235.85,80.6,316.44,158.22,449.5, sdumont6041,64292891.32
1158.0,3840,32,3681985.333007813,160408.0,158233.3330078125,3681996.0,1638.4,4239.36,1638.4,4239.36,11.0,0,26.0,29.0,3n-1m-40th-100bs-377019s-DENV_1-usa-BVBRC_genome_sequence,sequana_cpu_dev,3,11534071.0,1,40,100,377019,DENV_1-usa-BVBRC_genome_sequence,10391.89,9394.08,19785.97,331.88,300.02,631.9,210.63,31.33, sdumont6167,633151.04
1162.0,4080,34,3681934.666015625,156472.0,156106.666015625,3682124.0,1648.64,4239.36,1658.88,4259.84,8.0,0,25.0,27.0,3n-1m-40th-100bs-377019s-DENV_1-usa-BVBRC_genome_sequence,sequana_cpu_dev,3,11534073.0,1,40,100,377019,DENV_1-usa-BVBRC_genome_sequence,10912.1,9840.99,20753.08,330.67,298.21,628.88,209.63,33.0, sdumont6167,705604.7200000001
9856.0,20284,461,2574058.0,164152.0,157466.0,2694316.0,2334.72,4648.96,2334.72,4648.96,257183.0,0,15.0,18.0,2n-1m-22th-1000bs-484520s-DENV_1-brazil-BVBRC_genome_sequence,sequana_cpu,2,11534074.0,1,22,1000,484520,DENV_1-brazil-BVBRC_genome_sequence,108938.47,36407.08,145345.55,237.08,79.23,316.31,158.16,459.5, sdumont6141,67004298.55
1219.0,4410,35,3817173.333007813,160120.0,158809.3330078125,3817180.0,1638.4,4239.36,1638.4,4239.36,62.0,0,29.0,31.0,3n-1m-42th-100bs-377019s-DENV_1-usa-BVBRC_genome_sequence,sequana_cpu_dev,3,11534076.0,1,42,100,377019,DENV_1-usa-BVBRC_genome_sequence,10997.55,9985.72,20983.27,354.76,322.12,676.88,225.63,31.0, sdumont6166,734414.4500000001
1214.0,4662,37,3817124.0,158368.0,157530.666015625,3817180.0,1638.4,4229.12,1638.4,4239.36,1.0,0,29.0,45.0,3n-1m-42th-100bs-377019s-DENV_1-usa-BVBRC_genome_sequence,sequana_cpu_dev,3,11534077.0,1,42,100,377019,DENV_1-usa-BVBRC_genome_sequence,12343.78,11241.29,23585.06,345.9,315.0,660.9,220.3,35.67, sdumont6166,872647.2200000001
1219.0,4032,32,3817084.0,158316.0,157533.3330078125,3817188.0,1638.4,4239.36,1658.88,4259.84,1.0,0,24.0,29.0,3n-1m-42th-100bs-377019s-DENV_1-usa-BVBRC_genome_sequence,sequana_cpu_dev,3,11534079.0,1,42,100,377019,DENV_1-usa-BVBRC_genome_sequence,10184.01,9236.2,19420.21,343.34,311.32,654.65,218.22,29.67, sdumont6166,621446.72
9850.0,20328,462,2459936.0,167324.0,160190.0,2466072.0,2334.72,4638.72,2334.72,4648.96,257119.0,0,19.0,23.0,2n-1m-22th-1000bs-484520s-DENV_1-brazil-BVBRC_genome_sequence,sequana_cpu,2,11534081.0,1,22,1000,484520,DENV_1-brazil-BVBRC_genome_sequence,111586.83,37170.79,148757.62,242.05,80.63,322.68,161.34,461.0, sdumont6041,68726020.44
1169.0,4536,36,3817182.666015625,158520.0,157662.666015625,3817332.0,1638.4,4229.12,1638.4,4229.12,1.0,0,27.0,31.0,3n-1m-42th-100bs-377019s-DENV_1-usa-BVBRC_genome_sequence,sequana_cpu_dev,3,11534082.0,1,42,100,377019,DENV_1-usa-BVBRC_genome_sequence,11604.02,10638.62,22242.64,341.29,312.9,654.2,218.07,34.0, sdumont6167,800735.04
1209.0,4032,32,3817125.333007813,156480.0,156152.0,3817176.0,1638.4,4239.36,1638.4,4239.36,1.0,0,22.0,29.0,3n-1m-42th-100bs-377019s-DENV_1-usa-BVBRC_genome_sequence,sequana_cpu_dev,3,11534084.0,1,42,100,377019,DENV_1-usa-BVBRC_genome_sequence,10270.31,9393.68,19663.99,331.3,303.02,634.32,211.44,31.0, sdumont6166,629247.68
9813.0,20196,459,2468582.0,167556.0,159242.0,2483208.0,6031.36,4648.96,9717.76,4648.96,257164.0,0,505.0,509.0,2n-1m-22th-1000bs-484520s-DENV_1-brazil-BVBRC_genome_sequence,sequana_cpu,2,11534086.0,1,22,1000,484520,DENV_1-brazil-BVBRC_genome_sequence,104890.55,36383.96,141274.51,229.27,79.53,308.8,154.4,457.5, sdumont6179,64845000.09
1270.0,5148,39,3952256.0,160392.0,158306.666015625,3952344.0,1638.4,4229.12,1638.4,4229.12,1.0,0,21.0,23.0,3n-1m-44th-100bs-377019s-DENV_1-usa-BVBRC_genome_sequence,sequana_cpu_dev,3,11534087.0,1,44,100,377019,DENV_1-usa-BVBRC_genome_sequence,12559.12,12006.29,24565.41,339.44,324.49,663.93,221.31,37.0, sdumont6167,958050.99
1275.0,4752,36,3952305.333007813,156552.0,156282.666015625,3952492.0,1638.4,4229.12,1638.4,4239.36,1.0,0,18.0,28.0,3n-1m-44th-100bs-377019s-DENV_1-usa-BVBRC_genome_sequence,sequana_cpu_dev,3,11534089.0,1,44,100,377019,DENV_1-usa-BVBRC_genome_sequence,11722.0,11052.06,22774.06,348.11,328.36,676.47,225.49,33.67, sdumont6166,819866.16
1274.0,4884,37,3952458.666015625,158956.0,157072.0,3952656.0,1638.4,4229.12,1638.4,4239.36,1.0,0,37.0,60.0,3n-1m-44th-100bs-377019s-DENV_1-usa-BVBRC_genome_sequence,sequana_cpu_dev,3,11534091.0,1,44,100,377019,DENV_1-usa-BVBRC_genome_sequence,11704.35,11016.26,22720.62,331.41,311.81,643.22,214.41,35.33, sdumont6165,840662.94
1273.0,4884,37,3952453.333007813,156684.0,156476.0,3952512.0,1638.4,4229.12,1638.4,4239.36,1.0,0,32.0,41.0,3n-1m-44th-100bs-377019s-DENV_1-usa-BVBRC_genome_sequence,sequana_cpu_dev,3,11534093.0,1,44,100,377019,DENV_1-usa-BVBRC_genome_sequence,12250.51,11590.01,23840.52,346.95,328.14,675.09,225.03,35.33, sdumont6165,882099.24
1264.0,5148,39,3952362.666015625,161024.0,158437.3330078125,3952516.0,1638.4,4229.12,1638.4,4239.36,1.0,0,33.0,38.0,3n-1m-44th-100bs-377019s-DENV_1-usa-BVBRC_genome_sequence,sequana_cpu_dev,3,11534095.0,1,44,100,377019,DENV_1-usa-BVBRC_genome_sequence,13069.7,12403.03,25472.74,350.3,332.34,682.64,227.55,37.33, sdumont6167,993436.86
1334.0,4554,33,4087489.333007813,158592.0,157193.3330078125,4087548.0,1638.4,4239.36,1638.4,4239.36,1.0,0,33.0,47.0,3n-1m-46th-100bs-377019s-DENV_1-usa-BVBRC_genome_sequence,sequana_cpu_dev,3,11534097.0,1,46,100,377019,DENV_1-usa-BVBRC_genome_sequence,10052.96,9734.37,19787.34,328.14,317.66,645.8,215.27,30.67, sdumont6167,652982.22
1305.0,4692,34,4087446.666015625,158516.0,157737.3330078125,4087548.0,1638.4,4239.36,1638.4,4239.36,1.0,0,45.0,52.0,3n-1m-46th-100bs-377019s-DENV_1-usa-BVBRC_genome_sequence,sequana_cpu_dev,3,11534099.0,1,46,100,377019,DENV_1-usa-BVBRC_genome_sequence,10733.91,10402.71,21136.63,335.43,325.08,660.52,220.17,32.0, sdumont6166,718645.42
1333.0,4416,32,4087440.0,156520.0,156246.666015625,4087528.0,1638.4,4239.36,1638.4,4239.36,1.0,0,35.0,49.0,3n-1m-46th-100bs-377019s-DENV_1-usa-BVBRC_genome_sequence,sequana_cpu_dev,3,11534101.0,1,46,100,377019,DENV_1-usa-BVBRC_genome_sequence,10089.41,9790.15,19879.56,332.85,322.85,655.7,218.57,30.33, sdumont6165,636145.92
1334.0,4278,31,4087460.0,159072.0,158024.0,4087564.0,1669.12,4249.6,1699.84,4290.56,1.0,0,38.0,50.0,3n-1m-46th-100bs-377019s-DENV_1-usa-BVBRC_genome_sequence,sequana_cpu_dev,3,11534103.0,1,46,100,377019,DENV_1-usa-BVBRC_genome_sequence,10142.71,9870.5,20013.21,349.75,340.36,690.11,230.04,29.0, sdumont6167,620409.51
1334.0,4554,33,4087440.0,158348.0,157630.666015625,4087528.0,1638.4,4239.36,1638.4,4239.36,0.0,0,32.0,50.0,3n-1m-46th-100bs-377019s-DENV_1-usa-BVBRC_genome_sequence,sequana_cpu_dev,3,11534106.0,1,46,100,377019,DENV_1-usa-BVBRC_genome_sequence,10214.93,9963.86,20178.79,329.51,321.41,650.93,216.98,31.0, sdumont6167,665900.0700000001
1389.0,5328,37,4222661.3330078125,158556.0,158457.3330078125,4222820.0,1638.4,4239.36,1638.4,4239.36,1.0,0,35.0,42.0,3n-1m-48th-100bs-377019s-DENV_1-usa-BVBRC_genome_sequence,sequana_cpu_dev,3,11534108.0,1,48,100,377019,DENV_1-usa-BVBRC_genome_sequence,11660.34,11827.32,23487.66,342.95,347.86,690.81,230.27,34.0, sdumont6166,869043.42
1388.0,5040,35,4222676.0,158728.0,158008.0,4222736.0,1638.4,4239.36,1638.4,4239.36,1.0,0,28.0,31.0,3n-1m-48th-100bs-377019s-DENV_1-usa-BVBRC_genome_sequence,sequana_cpu_dev,3,11534112.0,1,48,100,377019,DENV_1-usa-BVBRC_genome_sequence,11654.74,11735.49,23390.23,353.17,355.62,708.79,236.26,33.0, sdumont6165,818658.0499999999
1380.0,5328,37,4222774.666015625,158864.0,157452.0,4222864.0,1638.4,4229.12,1638.4,4239.36,1.0,0,36.0,43.0,3n-1m-48th-100bs-377019s-DENV_1-usa-BVBRC_genome_sequence,sequana_cpu_dev,3,11534114.0,1,48,100,377019,DENV_1-usa-BVBRC_genome_sequence,12316.19,12431.04,24747.23,351.89,355.17,707.06,235.69,35.0, sdumont6165,915647.51
1387.0,5760,40,4222676.0,158544.0,157744.0,4222724.0,1638.4,4229.12,1638.4,4239.36,1.0,0,29.0,37.0,3n-1m-48th-100bs-377019s-DENV_1-usa-BVBRC_genome_sequence,sequana_cpu_dev,3,11534117.0,1,48,100,377019,DENV_1-usa-BVBRC_genome_sequence,13070.22,13221.5,26291.72,343.95,347.93,691.89,230.63,38.0, sdumont6166,1051668.8
1389.0,6192,43,4222710.666015625,158316.0,157158.666015625,4222820.0,1638.4,4229.12,1638.4,4239.36,1.0,0,34.0,44.0,3n-1m-48th-100bs-377019s-DENV_1-usa-BVBRC_genome_sequence,sequana_cpu_dev,3,11534121.0,1,48,100,377019,DENV_1-usa-BVBRC_genome_sequence,12364.34,12473.82,24838.16,343.45,346.49,689.95,229.98,36.0, sdumont6165,1068040.88
20.0,276,23,545523.3330078125,145156.0,72962.0,1111088.0,798.72,2119.68,1751.04,4290.56,1.0,0,0.0,0.0,3n-2m-2th-100bs-377019s-DENV_1-usa-BVBRC_genome_sequence,sequana_cpu_dev,3,11534124.0,2,2,100,377019,DENV_1-usa-BVBRC_genome_sequence,3727.08,3867.74,7594.83,169.41,175.81,345.22,115.07,22.0, sdumont6165,174681.09
13.0,264,22,549177.3330078125,148328.0,49836.0,1122720.0,860.16,2119.68,1751.04,4290.56,1.0,0,0.0,0.0,3n-2m-2th-100bs-377019s-DENV_1-usa-BVBRC_genome_sequence,sequana_cpu_dev,3,11534128.0,2,2,100,377019,DENV_1-usa-BVBRC_genome_sequence,3638.39,3823.01,7461.4,173.26,182.05,355.3,118.43,21.0, sdumont6167,164150.8
14.0,300,25,551039.3330078125,149736.0,50277.3330078125,1128328.0,860.16,2119.68,1761.28,4290.56,1.0,0,0.0,0.0,3n-2m-2th-100bs-377019s-DENV_1-usa-BVBRC_genome_sequence,sequana_cpu_dev,3,11534130.0,2,2,100,377019,DENV_1-usa-BVBRC_genome_sequence,4095.2,4284.07,8379.27,173.22,181.13,354.35,118.12,23.67, sdumont6166,209481.75
21.0,288,24,692089.3330078125,148356.0,74012.666015625,1122772.0,860.16,2119.68,1761.28,4290.56,0.0,0,0.0,0.0,3n-2m-2th-100bs-377019s-DENV_1-usa-BVBRC_genome_sequence,sequana_cpu_dev,3,11534132.0,2,2,100,377019,DENV_1-usa-BVBRC_genome_sequence,4040.89,4230.13,8271.02,175.69,183.92,359.61,119.87,23.0, sdumont6166,198504.48
16.0,348,29,580482.0,148428.0,50164.0,1122772.0,880.64,2119.68,1792.0,4290.56,1.0,0,0.0,0.0,3n-2m-2th-100bs-377019s-DENV_1-usa-BVBRC_genome_sequence,sequana_cpu_dev,3,11534135.0,2,2,100,377019,DENV_1-usa-BVBRC_genome_sequence,4747.38,4932.44,9679.81,175.83,182.68,358.51,119.5,27.0, sdumont6166,280714.49
16.0,336,14,594003.3330078125,148120.0,49556.0,1257176.0,829.44,2119.68,1689.6,4290.56,1.0,0,0.0,2.0,3n-2m-4th-100bs-377019s-DENV_1-usa-BVBRC_genome_sequence,sequana_cpu_dev,3,11534137.0,2,4,100,377019,DENV_1-usa-BVBRC_genome_sequence,2452.07,2562.85,5014.92,188.62,197.14,385.76,128.59,13.0, sdumont6165,70208.88
18.0,432,18,660164.666015625,147968.0,50722.666015625,1257176.0,839.68,2119.68,1720.32,4290.56,1.0,0,0.0,1.0,3n-2m-4th-100bs-377019s-DENV_1-usa-BVBRC_genome_sequence,sequana_cpu_dev,3,11534139.0,2,4,100,377019,DENV_1-usa-BVBRC_genome_sequence,3249.03,3362.57,6611.6,203.06,210.16,413.23,137.74,16.0, sdumont6167,119008.8
18.0,384,16,542092.666015625,140056.0,33662.0,1473720.0,819.2,2119.68,1710.08,4290.56,1.0,0,0.0,0.0,3n-2m-4th-100bs-377019s-DENV_1-usa-BVBRC_genome_sequence,sequana_cpu_dev,3,11534142.0,2,4,100,377019,DENV_1-usa-BVBRC_genome_sequence,3009.14,3110.14,6119.28,200.61,207.34,407.95,135.98,15.0, sdumont6167,97908.48
19.0,408,17,552104.0,147256.0,50046.0,1245432.0,829.44,2119.68,1710.08,4290.56,1.0,0,0.0,1.0,3n-2m-4th-100bs-377019s-DENV_1-usa-BVBRC_genome_sequence,sequana_cpu_dev,3,11534144.0,2,4,100,377019,DENV_1-usa-BVBRC_genome_sequence,3227.75,3349.83,6577.58,201.73,209.36,411.1,137.03,16.0, sdumont6165,111818.86
23.0,336,14,759329.3330078125,150124.0,74430.0,1257272.0,819.2,2119.68,1689.6,4290.56,1.0,0,0.0,1.0,3n-2m-4th-100bs-377019s-DENV_1-usa-BVBRC_genome_sequence,sequana_cpu_dev,3,11534148.0,2,4,100,377019,DENV_1-usa-BVBRC_genome_sequence,2391.6,2502.47,4894.07,183.97,192.5,376.47,125.49,13.0, sdumont6166,68516.98
20.0,432,12,638989.3330078125,152448.0,50627.3330078125,1392200.0,819.2,2119.68,1669.12,4290.56,1.0,0,0.0,1.0,3n-2m-6th-100bs-377019s-DENV_1-usa-BVBRC_genome_sequence,sequana_cpu_dev,3,11534150.0,2,6,100,377019,DENV_1-usa-BVBRC_genome_sequence,2297.57,2336.65,4634.22,208.87,212.42,421.29,140.43,11.0, sdumont6165,55610.64
9.0,432,12,451176.666015625,138536.0,25766.666015625,1380300.0,819.2,2119.68,1669.12,4290.56,1.0,0,0.0,0.0,3n-2m-6th-100bs-377019s-DENV_1-usa-BVBRC_genome_sequence,sequana_cpu_dev,3,11534152.0,2,6,100,377019,DENV_1-usa-BVBRC_genome_sequence,2318.99,2365.84,4684.83,210.82,215.08,425.89,141.96,11.0, sdumont6167,56217.96
30.0,504,14,680222.666015625,147320.0,73434.666015625,1380336.0,788.48,2119.68,1679.36,4290.56,1.0,0,0.0,0.0,3n-2m-6th-100bs-377019s-DENV_1-usa-BVBRC_genome_sequence,sequana_cpu_dev,3,11534155.0,2,6,100,377019,DENV_1-usa-BVBRC_genome_sequence,2787.44,2834.31,5621.75,232.29,236.19,468.48,156.16,12.0, sdumont6166,78704.5
28.0,396,11,680199.3330078125,145420.0,73092.0,1380340.0,788.48,2119.68,1669.12,4290.56,1.0,0,0.0,0.0,3n-2m-6th-100bs-377019s-DENV_1-usa-BVBRC_genome_sequence,sequana_cpu_dev,3,11534157.0,2,6,100,377019,DENV_1-usa-BVBRC_genome_sequence,2336.2,2387.36,4723.57,233.62,238.74,472.36,157.45,10.0, sdumont6166,51959.27
37.0,540,15,753512.666015625,148420.0,73978.0,1392200.0,808.96,2119.68,1679.36,4290.56,1.0,0,1.0,3.0,3n-2m-6th-100bs-377019s-DENV_1-usa-BVBRC_genome_sequence,sequana_cpu_dev,3,11534159.0,2,6,100,377019,DENV_1-usa-BVBRC_genome_sequence,3079.28,3133.37,6212.65,219.95,223.81,443.76,147.92,14.0, sdumont6165,93189.75
34.0,480,10,814142.0,152488.0,68166.666015625,1527248.0,808.96,2119.68,1669.12,4290.56,1.0,0,1.0,3.0,3n-2m-8th-100bs-377019s-DENV_1-usa-BVBRC_genome_sequence,sequana_cpu_dev,3,11534161.0,2,8,100,377019,DENV_1-usa-BVBRC_genome_sequence,2563.36,2672.68,5236.04,284.82,296.96,581.78,193.93,9.0, sdumont6165,52360.4
36.0,528,11,813610.666015625,150588.0,66918.0,1527232.0,798.72,2119.68,1669.12,4290.56,1.0,0,0.0,1.0,3n-2m-8th-100bs-377019s-DENV_1-usa-BVBRC_genome_sequence,sequana_cpu_dev,3,11534164.0,2,8,100,377019,DENV_1-usa-BVBRC_genome_sequence,2528.67,2631.22,5159.89,252.87,263.12,515.99,172.0,10.0, sdumont6165,56758.79
35.0,528,11,733198.666015625,140836.0,59998.0,1515384.0,788.48,2119.68,1669.12,4290.56,1.0,0,0.0,1.0,3n-2m-8th-100bs-377019s-DENV_1-usa-BVBRC_genome_sequence,sequana_cpu_dev,3,11534167.0,2,8,100,377019,DENV_1-usa-BVBRC_genome_sequence,2570.4,2684.55,5254.94,276.62,288.54,565.15,188.38,9.33, sdumont6167,57804.34
36.0,528,11,821024.666015625,148584.0,73624.666015625,1527256.0,798.72,2119.68,1669.12,4290.56,1.0,0,0.0,3.0,3n-2m-8th-100bs-377019s-DENV_1-usa-BVBRC_genome_sequence,sequana_cpu_dev,3,11534169.0,2,8,100,377019,DENV_1-usa-BVBRC_genome_sequence,2555.63,2665.81,5221.44,255.56,266.58,522.14,174.05,10.0, sdumont6166,57435.84
23.0,528,11,684000.0,150304.0,50272.666015625,1527216.0,819.2,2119.68,1669.12,4290.56,1.0,0,0.0,2.0,3n-2m-8th-100bs-377019s-DENV_1-usa-BVBRC_genome_sequence,sequana_cpu_dev,3,11534171.0,2,8,100,377019,DENV_1-usa-BVBRC_genome_sequence,2547.26,2659.05,5206.3,274.03,285.72,559.74,186.58,9.33, sdumont6165,57269.3
45.0,720,12,889952.0,154696.0,75376.666015625,1670704.0,798.72,2119.68,1669.12,4290.56,1.0,0,1.0,3.0,3n-2m-10th-100bs-377019s-DENV_1-usa-BVBRC_genome_sequence,sequana_cpu_dev,3,11534173.0,2,10,100,377019,DENV_1-usa-BVBRC_genome_sequence,2736.6,2766.52,5503.13,273.66,276.65,550.31,183.44,10.0, sdumont6166,66037.56
46.0,660,11,961884.0,148740.0,74158.0,1662332.0,819.2,2119.68,1669.12,4290.56,1.0,0,1.0,4.0,3n-2m-10th-100bs-377019s-DENV_1-usa-BVBRC_genome_sequence,sequana_cpu_dev,3,11534175.0,2,10,100,377019,DENV_1-usa-BVBRC_genome_sequence,2776.18,2823.47,5599.65,277.62,282.35,559.96,186.65,10.0, sdumont6166,61596.15
14.0,660,11,496217.3330078125,140896.0,26114.0,1650544.0,819.2,2119.68,1669.12,4290.56,117.0,0,0.0,2.0,3n-2m-10th-100bs-377019s-DENV_1-usa-BVBRC_genome_sequence,sequana_cpu_dev,3,11534179.0,2,10,100,377019,DENV_1-usa-BVBRC_genome_sequence,2812.33,2919.83,5732.16,312.48,324.43,636.91,212.3,9.0, sdumont6168,63053.76
28.0,720,12,729055.3330078125,148380.0,50003.3330078125,1662332.0,819.2,2119.68,1669.12,4290.56,12.0,0,1.0,4.0,3n-2m-10th-100bs-377019s-DENV_1-usa-BVBRC_genome_sequence,sequana_cpu_dev,3,11534181.0,2,10,100,377019,DENV_1-usa-BVBRC_genome_sequence,2674.01,2765.24,5439.24,297.11,307.25,604.36,201.45,9.0, sdumont6168,65270.88
29.0,660,11,648619.3330078125,138760.0,42675.3330078125,1650600.0,808.96,2119.68,1669.12,4290.56,117.0,0,0.0,3.0,3n-2m-10th-100bs-377019s-DENV_1-usa-BVBRC_genome_sequence,sequana_cpu_dev,3,11534184.0,2,10,100,377019,DENV_1-usa-BVBRC_genome_sequence,2673.22,2789.77,5462.99,267.32,278.98,546.3,182.1,10.0, sdumont6168,60092.89
36.0,792,11,702192.0,147564.0,50854.0,1793976.0,798.72,2119.68,1628.16,4290.56,5.0,0,1.0,5.0,3n-2m-12th-100bs-377019s-DENV_1-usa-BVBRC_genome_sequence,sequana_cpu_dev,3,11534187.0,2,12,100,377019,DENV_1-usa-BVBRC_genome_sequence,2875.06,3112.88,5987.94,319.45,345.88,665.33,221.78,9.0, sdumont6168,65867.34
50.0,792,11,1034099.3330078124,156080.0,76280.666015625,2034124.0,798.72,2119.68,1669.12,4290.56,1.0,0,2.0,7.0,3n-2m-12th-100bs-377019s-DENV_1-usa-BVBRC_genome_sequence,sequana_cpu_dev,3,11534189.0,2,12,100,377019,DENV_1-usa-BVBRC_genome_sequence,2830.11,2991.01,5821.12,314.46,332.33,646.79,215.6,9.0, sdumont6166,64032.32
57.0,1584,22,956158.666015625,150668.0,74428.0,1797492.0,808.96,2119.68,1669.12,4290.56,1.0,0,1.0,3.0,3n-2m-12th-100bs-377019s-DENV_1-usa-BVBRC_genome_sequence,sequana_cpu_dev,3,11534190.0,2,12,100,377019,DENV_1-usa-BVBRC_genome_sequence,2786.89,2943.06,5729.95,278.69,294.31,573.0,191.0,10.0, sdumont6165,126058.9
35.0,792,11,805561.3330078125,156636.0,52025.3330078125,1805924.0,798.72,2119.68,1669.12,4290.56,1.0,0,1.0,5.0,3n-2m-12th-100bs-377019s-DENV_1-usa-BVBRC_genome_sequence,sequana_cpu_dev,3,11534193.0,2,12,100,377019,DENV_1-usa-BVBRC_genome_sequence,2817.19,2995.75,5812.94,281.72,299.58,581.29,193.76,10.0, sdumont6165,63942.34
50.0,792,11,1033142.666015625,156632.0,77161.3330078125,1805776.0,798.72,2119.68,1628.16,4290.56,1.0,0,1.0,3.0,3n-2m-12th-100bs-377019s-DENV_1-usa-BVBRC_genome_sequence,sequana_cpu_dev,3,11534196.0,2,12,100,377019,DENV_1-usa-BVBRC_genome_sequence,2779.35,2968.6,5747.96,308.82,329.84,638.66,212.89,9.0, sdumont6166,63227.56
40.0,924,11,819112.0,150632.0,50506.666015625,1932528.0,819.2,2119.68,1669.12,4290.56,1.0,0,1.0,7.0,3n-2m-14th-100bs-377019s-DENV_1-usa-BVBRC_genome_sequence,sequana_cpu_dev,3,11534198.0,2,14,100,377019,DENV_1-usa-BVBRC_genome_sequence,2656.67,2687.02,5343.69,265.67,268.7,534.37,178.12,10.0, sdumont6166,58780.59
52.0,1176,14,820535.3330078125,156656.0,51408.666015625,1941072.0,819.2,2119.68,1689.6,4290.56,1.0,0,2.0,9.0,3n-2m-14th-100bs-377019s-DENV_1-usa-BVBRC_genome_sequence,sequana_cpu_dev,3,11534200.0,2,14,100,377019,DENV_1-usa-BVBRC_genome_sequence,3420.32,3463.75,6884.07,278.07,281.29,559.37,186.46,12.33, sdumont6167,96376.98
68.0,1008,12,1098377.3330078125,154956.0,75564.666015625,1940944.0,808.96,2119.68,1679.36,4290.56,1.0,0,2.0,9.0,3n-2m-14th-100bs-377019s-DENV_1-usa-BVBRC_genome_sequence,sequana_cpu_dev,3,11534202.0,2,14,100,377019,DENV_1-usa-BVBRC_genome_sequence,2759.67,2813.1,5572.78,250.88,255.74,506.62,168.87,11.0, sdumont6167,66873.36
61.0,924,11,1098396.666015625,155020.0,75673.3330078125,1940944.0,808.96,2119.68,1669.12,4290.56,1.0,0,4.0,13.0,3n-2m-14th-100bs-377019s-DENV_1-usa-BVBRC_genome_sequence,sequana_cpu_dev,3,11534204.0,2,14,100,377019,DENV_1-usa-BVBRC_genome_sequence,2738.33,2785.32,5523.65,273.83,278.53,552.37,184.12,10.0, sdumont6167,60760.15
69.0,1008,12,1097023.3330078125,152976.0,75033.3330078125,1932656.0,819.2,2119.68,1679.36,4290.56,1.0,0,3.0,10.0,3n-2m-14th-100bs-377019s-DENV_1-usa-BVBRC_genome_sequence,sequana_cpu_dev,3,11534206.0,2,14,100,377019,DENV_1-usa-BVBRC_genome_sequence,2746.81,2788.39,5535.21,249.71,253.49,503.2,167.73,11.0, sdumont6166,66422.52
90.0,1344,14,1165978.666015625,154724.0,76010.666015625,2076124.0,819.2,2119.68,1689.6,4290.56,1.0,0,4.0,12.0,3n-2m-16th-100bs-377019s-DENV_1-usa-BVBRC_genome_sequence,sequana_cpu_dev,3,11534211.0,2,16,100,377019,DENV_1-usa-BVBRC_genome_sequence,3541.04,3818.44,7359.49,295.09,318.2,613.29,204.43,12.0, sdumont6166,103032.86
49.0,1152,12,864190.666015625,148464.0,50070.666015625,2067708.0,819.2,2119.68,1679.36,4290.56,1.0,0,3.0,10.0,3n-2m-16th-100bs-377019s-DENV_1-usa-BVBRC_genome_sequence,sequana_cpu_dev,3,11534214.0,2,16,100,377019,DENV_1-usa-BVBRC_genome_sequence,2613.67,2820.08,5433.76,261.37,282.01,543.38,181.13,10.0, sdumont6168,65205.12
74.0,2208,23,1164584.666015625,153004.0,75376.666015625,2067708.0,819.2,2119.68,1679.36,4290.56,1.0,0,6.0,17.0,3n-2m-16th-100bs-377019s-DENV_1-usa-BVBRC_genome_sequence,sequana_cpu_dev,3,11534218.0,2,16,100,377019,DENV_1-usa-BVBRC_genome_sequence,2805.94,2992.09,5798.03,280.59,299.21,579.8,193.27,10.0, sdumont6166,133354.69
78.0,1152,12,1071892.0,152636.0,55055.3330078125,2076120.0,788.48,2119.68,1617.92,4290.56,1.0,0,4.0,9.0,3n-2m-16th-100bs-377019s-DENV_1-usa-BVBRC_genome_sequence,sequana_cpu_dev,3,11534223.0,2,16,100,377019,DENV_1-usa-BVBRC_genome_sequence,2819.99,2976.87,5796.86,256.36,270.62,526.99,175.66,11.0, sdumont6166,69562.31999999999
47.0,1056,11,865593.3330078125,148488.0,50732.666015625,2067704.0,808.96,2119.68,1628.16,4290.56,1.0,0,3.0,17.0,3n-2m-16th-100bs-377019s-DENV_1-usa-BVBRC_genome_sequence,sequana_cpu_dev,3,11534226.0,2,16,100,377019,DENV_1-usa-BVBRC_genome_sequence,2825.53,3010.29,5835.83,282.55,301.03,583.58,194.53,10.0, sdumont6165,64194.13
54.0,1188,11,910709.3330078124,155308.0,51210.666015625,2211640.0,819.2,2119.68,1679.36,4290.56,1.0,0,2.0,11.0,3n-2m-18th-100bs-377019s-DENV_1-usa-BVBRC_genome_sequence,sequana_cpu_dev,3,11534229.0,2,18,100,377019,DENV_1-usa-BVBRC_genome_sequence,2786.6,2826.74,5613.34,278.66,282.67,561.33,187.11,10.0, sdumont6165,61746.740000000005
84.0,1296,12,1226209.3330078125,148436.0,68313.3330078125,2202884.0,808.96,2119.68,1638.4,4290.56,1.0,0,7.0,19.0,3n-2m-18th-100bs-377019s-DENV_1-usa-BVBRC_genome_sequence,sequana_cpu_dev,3,11534231.0,2,18,100,377019,DENV_1-usa-BVBRC_genome_sequence,2712.82,2756.86,5469.68,246.62,250.62,497.24,165.75,11.0, sdumont6167,65636.16
86.0,1512,14,1232196.666015625,151064.0,74823.3330078125,2203036.0,819.2,2119.68,1669.12,4290.56,1.0,0,5.0,15.0,3n-2m-18th-100bs-377019s-DENV_1-usa-BVBRC_genome_sequence,sequana_cpu_dev,3,11534235.0,2,18,100,377019,DENV_1-usa-BVBRC_genome_sequence,2807.24,2844.75,5652.0,255.2,258.61,513.82,171.27,11.0, sdumont6165,79128.0
60.0,1404,13,980068.0,152972.0,52411.3330078125,2427860.0,829.44,2129.92,1699.84,4290.56,1.0,0,2.0,8.0,3n-2m-18th-100bs-377019s-DENV_1-usa-BVBRC_genome_sequence,sequana_cpu_dev,3,11534237.0,2,18,100,377019,DENV_1-usa-BVBRC_genome_sequence,3538.7,3569.52,7108.22,321.7,324.5,646.2,215.4,11.0, sdumont6166,92406.86
82.0,1188,11,1079864.666015625,149648.0,68960.666015625,2199620.0,788.48,2119.68,1628.16,4290.56,1.0,0,7.0,27.0,3n-2m-18th-100bs-377019s-DENV_1-usa-BVBRC_genome_sequence,sequana_cpu_dev,3,11534239.0,2,18,100,377019,DENV_1-usa-BVBRC_genome_sequence,2846.02,2899.76,5745.78,306.18,311.55,617.73,205.91,9.33, sdumont6166,63203.58
97.0,1440,12,1301164.666015625,153220.0,76240.0,2338060.0,808.96,2119.68,1628.16,4290.56,1.0,0,7.0,16.0,3n-2m-20th-100bs-377019s-DENV_1-usa-BVBRC_genome_sequence,sequana_cpu_dev,3,11534244.0,2,20,100,377019,DENV_1-usa-BVBRC_genome_sequence,2942.69,3006.13,5948.82,285.58,291.38,576.95,192.32,10.33, sdumont6165,71385.84
97.0,1440,12,1293928.666015625,155320.0,68668.0,2346600.0,808.96,2119.68,1679.36,4290.56,1.0,0,8.0,18.0,3n-2m-20th-100bs-377019s-DENV_1-usa-BVBRC_genome_sequence,sequana_cpu_dev,3,11534246.0,2,20,100,377019,DENV_1-usa-BVBRC_genome_sequence,2880.65,2972.99,5853.64,279.63,288.27,567.91,189.3,10.33, sdumont6165,70243.68000000001
93.0,2640,22,1226530.0,153260.0,74968.0,2338332.0,808.96,2119.68,1679.36,4290.56,1.0,0,7.0,19.0,3n-2m-20th-100bs-377019s-DENV_1-usa-BVBRC_genome_sequence,sequana_cpu_dev,3,11534248.0,2,20,100,377019,DENV_1-usa-BVBRC_genome_sequence,2929.21,3023.54,5952.75,292.92,302.35,595.28,198.43,10.0, sdumont6167,130960.5
94.0,1440,12,1301164.0,153352.0,76586.0,2346476.0,819.2,2119.68,1679.36,4290.56,1.0,0,5.0,15.0,3n-2m-20th-100bs-377019s-DENV_1-usa-BVBRC_genome_sequence,sequana_cpu_dev,3,11534251.0,2,20,100,377019,DENV_1-usa-BVBRC_genome_sequence,2980.35,3056.86,6037.21,309.87,317.49,627.35,209.12,9.67, sdumont6166,72446.52
90.0,1440,12,1301203.3330078125,153244.0,75858.666015625,2346604.0,808.96,2119.68,1679.36,4290.56,4.0,0,6.0,16.0,3n-2m-20th-100bs-377019s-DENV_1-usa-BVBRC_genome_sequence,sequana_cpu_dev,3,11534253.0,2,20,100,377019,DENV_1-usa-BVBRC_genome_sequence,2961.45,3050.41,6011.86,318.55,327.67,646.22,215.41,9.33, sdumont6165,72142.31999999999
72.0,1716,13,1000787.3330078124,155708.0,51691.3330078125,2481780.0,819.2,2119.68,1689.6,4290.56,1.0,0,5.0,24.0,3n-2m-22th-100bs-377019s-DENV_1-usa-BVBRC_genome_sequence,sequana_cpu_dev,3,11534256.0,2,22,100,377019,DENV_1-usa-BVBRC_genome_sequence,3418.56,3465.27,6883.83,310.43,314.22,624.65,208.22,11.0, sdumont6167,89489.79
129.0,1848,14,1294092.666015625,150856.0,74999.3330078125,2473352.0,808.96,2119.68,1689.6,4290.56,1.0,0,9.0,24.0,3n-2m-22th-100bs-377019s-DENV_1-usa-BVBRC_genome_sequence,sequana_cpu_dev,3,11534258.0,2,22,100,377019,DENV_1-usa-BVBRC_genome_sequence,3887.95,3935.92,7823.86,316.16,319.76,635.92,211.97,12.33, sdumont6165,109534.04
111.0,1584,12,1370165.3330078125,155908.0,77036.666015625,2481772.0,808.96,2119.68,1679.36,4290.56,1.0,0,8.0,20.0,3n-2m-22th-100bs-377019s-DENV_1-usa-BVBRC_genome_sequence,sequana_cpu_dev,3,11534262.0,2,22,100,377019,DENV_1-usa-BVBRC_genome_sequence,3273.43,3312.99,6586.42,318.42,321.89,640.32,213.44,10.33, sdumont6167,79037.04000000001
109.0,1584,12,1370167.3330078125,155548.0,76285.3330078125,2481780.0,808.96,2119.68,1628.16,4290.56,2.0,0,9.0,28.0,3n-2m-22th-100bs-377019s-DENV_1-usa-BVBRC_genome_sequence,sequana_cpu_dev,3,11534264.0,2,22,100,377019,DENV_1-usa-BVBRC_genome_sequence,2990.21,3042.8,6033.01,299.02,304.28,603.3,201.1,10.0, sdumont6167,72396.12
71.0,1716,13,958842.666015625,145996.0,50752.666015625,2469992.0,808.96,2129.92,1658.88,4290.56,2.0,0,5.0,21.0,3n-2m-22th-100bs-377019s-DENV_1-usa-BVBRC_genome_sequence,sequana_cpu_dev,3,11534267.0,2,22,100,377019,DENV_1-usa-BVBRC_genome_sequence,3169.5,3230.59,6400.09,297.82,303.23,601.05,200.35,10.67, sdumont6167,83201.17
103.0,2160,15,1053177.3330078125,153296.0,32164.0,2608428.0,839.68,2129.92,1720.32,4290.56,4.0,0,6.0,22.0,3n-2m-24th-100bs-377019s-DENV_1-usa-BVBRC_genome_sequence,sequana_cpu_dev,3,11534269.0,2,24,100,377019,DENV_1-usa-BVBRC_genome_sequence,4765.41,4872.0,9637.41,366.57,374.77,741.34,247.11,13.0, sdumont6165,144561.15
90.0,2160,15,1054633.3330078125,143836.0,31432.666015625,2605160.0,829.44,2129.92,1689.6,4290.56,1.0,0,4.0,23.0,3n-2m-24th-100bs-377019s-DENV_1-usa-BVBRC_genome_sequence,sequana_cpu_dev,3,11534271.0,2,24,100,377019,DENV_1-usa-BVBRC_genome_sequence,3774.18,3858.47,7632.65,314.51,321.54,636.05,212.02,12.0, sdumont6167,114489.75
98.0,2160,15,1054985.3330078125,146096.0,31121.3330078125,2605164.0,829.44,2129.92,1679.36,4290.56,1.0,0,5.0,17.0,3n-2m-24th-100bs-377019s-DENV_1-usa-BVBRC_genome_sequence,sequana_cpu_dev,3,11534273.0,2,24,100,377019,DENV_1-usa-BVBRC_genome_sequence,4679.81,4786.98,9466.8,359.99,368.23,728.22,242.74,13.0, sdumont6167,142002.0
139.0,2016,14,1437750.0,155236.0,77332.0,2616844.0,819.2,2119.68,1648.64,4290.56,1.0,0,8.0,23.0,3n-2m-24th-100bs-377019s-DENV_1-usa-BVBRC_genome_sequence,sequana_cpu_dev,3,11534275.0,2,24,100,377019,DENV_1-usa-BVBRC_genome_sequence,3874.89,3975.76,7850.65,322.91,331.31,654.22,218.07,12.0, sdumont6166,109909.1
151.0,2448,17,1113964.0,155152.0,54053.3330078125,2616844.0,829.44,2129.92,1720.32,4290.56,1.0,0,46.0,246.0,3n-2m-24th-100bs-377019s-DENV_1-usa-BVBRC_genome_sequence,sequana_cpu_dev,3,11534280.0,2,24,100,377019,DENV_1-usa-BVBRC_genome_sequence,4847.27,4946.24,9793.51,346.23,353.3,699.54,233.18,14.0, sdumont6166,166489.67
53.0,272,34,1111813.0,153928.0,149925.0,1114828.0,1638.4,4229.12,1638.4,4229.12,1.0,0,92.0,351.0,4n-1m-2th-100bs-377019s-DENV_1-usa-BVBRC_genome_sequence,sequana_cpu_dev,4,11534282.0,1,2,100,377019,DENV_1-usa-BVBRC_genome_sequence,7403.29,5239.54,12642.83,224.34,158.77,383.12,95.78,33.0, sdumont6166,429856.22
0.0,240,30,265352.0,3232.0,3134.0,265352.0,0.0,0.0,0.0,0.0,1.0,0,0.0,0.0,4n-1m-2th-100bs-377019s-DENV_1-usa-BVBRC_genome_sequence,sequana_cpu_dev,4,11534284.0,1,2,100,377019,DENV_1-usa-BVBRC_genome_sequence,7066.86,4845.59,11912.44,243.68,167.09,410.77,102.69,29.0, sdumont6168,357373.2
0.0,240,30,265352.0,3244.0,3166.0,265352.0,0.0,0.0,0.0,0.0,1.0,0,0.0,0.0,4n-1m-2th-100bs-377019s-DENV_1-usa-BVBRC_genome_sequence,sequana_cpu_dev,4,11534285.0,1,2,100,377019,DENV_1-usa-BVBRC_genome_sequence,7038.77,4829.16,11867.93,242.72,166.52,409.24,102.31,29.0, sdumont6168,356037.9
0.0,240,30,265352.0,3184.0,3154.0,265352.0,0.0,0.0,0.0,0.0,1.0,0,0.0,0.0,4n-1m-2th-100bs-377019s-DENV_1-usa-BVBRC_genome_sequence,sequana_cpu_dev,4,11534288.0,1,2,100,377019,DENV_1-usa-BVBRC_genome_sequence,6962.32,4784.45,11746.77,240.08,164.98,405.06,101.27,29.0, sdumont6165,352403.10000000003
0.0,248,31,265352.0,3224.0,3112.0,265352.0,0.0,0.0,0.0,0.0,1.0,0,0.0,0.0,4n-1m-2th-100bs-377019s-DENV_1-usa-BVBRC_genome_sequence,sequana_cpu_dev,4,11534289.0,1,2,100,377019,DENV_1-usa-BVBRC_genome_sequence,7004.25,4805.98,11810.23,233.48,160.2,393.67,98.42,30.0, sdumont6168,366117.13
0.0,304,19,265352.0,3188.0,3159.0,265352.0,0.0,0.0,0.0,0.0,1.0,0,0.0,0.0,4n-1m-4th-100bs-377019s-DENV_1-usa-BVBRC_genome_sequence,sequana_cpu_dev,4,11534291.0,1,4,100,377019,DENV_1-usa-BVBRC_genome_sequence,4647.28,2622.96,7270.23,258.18,145.72,403.9,100.98,18.0, sdumont6165,138134.37
0.0,320,20,265352.0,3180.0,3145.0,265352.0,0.0,0.0,0.0,0.0,1.0,0,0.0,0.0,4n-1m-4th-100bs-377019s-DENV_1-usa-BVBRC_genome_sequence,sequana_cpu_dev,4,11534293.0,1,4,100,377019,DENV_1-usa-BVBRC_genome_sequence,5167.02,2966.63,8133.65,271.95,156.14,428.09,107.02,19.0, sdumont6165,162673.0
0.0,320,20,265352.0,3224.0,3173.0,265352.0,0.0,0.0,0.0,0.0,1.0,0,0.0,0.0,4n-1m-4th-100bs-377019s-DENV_1-usa-BVBRC_genome_sequence,sequana_cpu_dev,4,11534296.0,1,4,100,377019,DENV_1-usa-BVBRC_genome_sequence,5234.86,2974.09,8208.96,290.83,165.23,456.05,114.01,18.0, sdumont6166,164179.19999999998
0.0,320,20,265352.0,3236.0,3185.0,265352.0,0.0,0.0,0.0,0.0,1.0,0,0.0,0.0,4n-1m-4th-100bs-377019s-DENV_1-usa-BVBRC_genome_sequence,sequana_cpu_dev,4,11534299.0,1,4,100,377019,DENV_1-usa-BVBRC_genome_sequence,5341.08,2947.62,8288.7,296.73,163.76,460.48,115.12,18.0, sdumont6169,165774.0
0.0,320,20,265352.0,3176.0,3152.0,265352.0,0.0,0.0,0.0,0.0,1.0,0,0.0,0.0,4n-1m-4th-100bs-377019s-DENV_1-usa-BVBRC_genome_sequence,sequana_cpu_dev,4,11534301.0,1,4,100,377019,DENV_1-usa-BVBRC_genome_sequence,5269.91,2935.35,8205.26,277.36,154.49,431.86,107.96,19.0, sdumont6167,164105.2
0.0,384,16,265352.0,3220.0,3177.0,265352.0,0.0,0.0,0.0,0.0,1.0,0,0.0,0.0,4n-1m-6th-100bs-377019s-DENV_1-usa-BVBRC_genome_sequence,sequana_cpu_dev,4,11534304.0,1,6,100,377019,DENV_1-usa-BVBRC_genome_sequence,4675.09,2222.16,6897.26,328.54,156.38,484.92,121.23,14.25, sdumont6169,110356.16
0.0,384,16,265352.0,3204.0,3168.0,265352.0,0.0,0.0,0.0,0.0,1.0,0,0.0,0.0,4n-1m-6th-100bs-377019s-DENV_1-usa-BVBRC_genome_sequence,sequana_cpu_dev,4,11534307.0,1,6,100,377019,DENV_1-usa-BVBRC_genome_sequence,4584.11,2241.28,6825.39,305.61,149.42,455.03,113.76,15.0, sdumont6166,109206.24
0.0,384,16,265352.0,3184.0,2640.0,265352.0,0.0,0.0,0.0,0.0,1.0,0,0.0,0.0,4n-1m-6th-100bs-377019s-DENV_1-usa-BVBRC_genome_sequence,sequana_cpu_dev,4,11534310.0,1,6,100,377019,DENV_1-usa-BVBRC_genome_sequence,4588.35,2239.51,6827.86,305.89,149.3,455.19,113.8,15.0, sdumont6167,109245.76
0.0,384,16,265352.0,3240.0,3159.0,265352.0,0.0,0.0,0.0,0.0,1.0,0,0.0,0.0,4n-1m-6th-100bs-377019s-DENV_1-usa-BVBRC_genome_sequence,sequana_cpu_dev,4,11534313.0,1,6,100,377019,DENV_1-usa-BVBRC_genome_sequence,4712.44,2233.83,6946.26,325.53,154.08,479.62,119.9,14.5, sdumont6166,111140.16
0.0,384,16,265352.0,3152.0,3115.0,265352.0,0.0,0.0,0.0,0.0,1.0,0,0.0,0.0,4n-1m-6th-100bs-377019s-DENV_1-usa-BVBRC_genome_sequence,sequana_cpu_dev,4,11534315.0,1,6,100,377019,DENV_1-usa-BVBRC_genome_sequence,4677.74,2232.87,6910.6,334.12,159.49,493.61,123.4,14.0, sdumont6168,110569.6
0.0,480,15,265352.0,3152.0,2091.0,265352.0,0.0,0.0,0.0,0.0,1.0,0,0.0,0.0,4n-1m-8th-100bs-377019s-DENV_1-usa-BVBRC_genome_sequence,sequana_cpu_dev,4,11534317.0,1,8,100,377019,DENV_1-usa-BVBRC_genome_sequence,4340.32,1897.24,6237.57,333.87,145.94,479.81,119.95,13.0, sdumont6169,93563.55
0.0,448,14,265352.0,3092.0,1553.0,265352.0,0.0,0.0,0.0,0.0,1.0,0,0.0,0.0,4n-1m-8th-100bs-377019s-DENV_1-usa-BVBRC_genome_sequence,sequana_cpu_dev,4,11534320.0,1,8,100,377019,DENV_1-usa-BVBRC_genome_sequence,4297.61,1915.18,6212.8,330.59,147.32,477.91,119.48,13.0, sdumont6165,86979.2
0.0,1632,51,265352.0,3148.0,2079.0,265352.0,0.0,0.0,0.0,0.0,1.0,0,0.0,0.0,4n-1m-8th-100bs-377019s-DENV_1-usa-BVBRC_genome_sequence,sequana_cpu_dev,4,11534322.0,1,8,100,377019,DENV_1-usa-BVBRC_genome_sequence,5098.92,2256.52,7355.44,364.21,161.18,525.39,131.35,14.0, sdumont6167,375127.44
0.0,480,15,265352.0,3124.0,1560.0,265352.0,0.0,0.0,0.0,0.0,1.0,0,0.0,0.0,4n-1m-8th-100bs-377019s-DENV_1-usa-BVBRC_genome_sequence,sequana_cpu_dev,4,11534325.0,1,8,100,377019,DENV_1-usa-BVBRC_genome_sequence,5022.45,2222.01,7244.46,358.75,158.71,517.46,129.37,14.0, sdumont6166,108666.9
0.0,448,14,265352.0,1044.0,1041.0,265352.0,0.0,0.0,0.0,0.0,1.0,0,0.0,0.0,4n-1m-8th-100bs-377019s-DENV_1-usa-BVBRC_genome_sequence,sequana_cpu_dev,4,11534328.0,1,8,100,377019,DENV_1-usa-BVBRC_genome_sequence,4369.46,1893.83,6263.29,336.11,145.68,481.79,120.45,13.0, sdumont6168,87686.06
0.0,640,16,265352.0,3136.0,2585.0,265352.0,0.0,0.0,0.0,0.0,1.0,0,0.0,0.0,4n-1m-10th-100bs-377019s-DENV_1-usa-BVBRC_genome_sequence,sequana_cpu_dev,4,11534331.0,1,10,100,377019,DENV_1-usa-BVBRC_genome_sequence,5535.51,2242.93,7778.44,418.54,169.87,588.4,147.1,13.25, sdumont6168,124455.04
0.0,560,14,265352.0,3156.0,2615.0,265352.0,0.0,0.0,0.0,0.0,1.0,0,0.0,0.0,4n-1m-10th-100bs-377019s-DENV_1-usa-BVBRC_genome_sequence,sequana_cpu_dev,4,11534333.0,1,10,100,377019,DENV_1-usa-BVBRC_genome_sequence,4562.84,1892.28,6455.12,350.99,145.56,496.55,124.14,13.0, sdumont6167,90371.68
0.0,560,14,265352.0,3144.0,1567.0,265352.0,0.0,0.0,0.0,0.0,2.0,0,0.0,0.0,4n-1m-10th-100bs-377019s-DENV_1-usa-BVBRC_genome_sequence,sequana_cpu_dev,4,11534334.0,1,10,100,377019,DENV_1-usa-BVBRC_genome_sequence,5124.57,2087.04,7211.6,394.2,160.54,554.74,138.68,13.0, sdumont6167,100962.4
0.0,600,15,265352.0,3176.0,3115.0,265352.0,0.0,0.0,0.0,0.0,3.0,0,0.0,0.0,4n-1m-10th-100bs-377019s-DENV_1-usa-BVBRC_genome_sequence,sequana_cpu_dev,4,11534337.0,1,10,100,377019,DENV_1-usa-BVBRC_genome_sequence,4678.04,1900.18,6578.23,382.49,155.65,538.14,134.53,12.25, sdumont6166,98673.45
0.0,600,15,265352.0,3148.0,2598.0,265352.0,0.0,0.0,0.0,0.0,1.0,0,0.0,0.0,4n-1m-10th-100bs-377019s-DENV_1-usa-BVBRC_genome_sequence,sequana_cpu_dev,4,11534340.0,1,10,100,377019,DENV_1-usa-BVBRC_genome_sequence,5350.4,2174.6,7524.99,411.57,167.28,578.85,144.71,13.0, sdumont6168,112874.85
0.0,720,15,265352.0,3128.0,2079.0,265352.0,0.0,0.0,0.0,0.0,1.0,0,0.0,0.0,4n-1m-12th-100bs-377019s-DENV_1-usa-BVBRC_genome_sequence,sequana_cpu_dev,4,11534343.0,1,12,100,377019,DENV_1-usa-BVBRC_genome_sequence,5233.61,2094.78,7328.39,402.59,161.14,563.72,140.93,13.0, sdumont6168,109925.85
0.0,672,14,265352.0,3128.0,2590.0,265352.0,0.0,0.0,0.0,0.0,1.0,0,0.0,0.0,4n-1m-12th-100bs-377019s-DENV_1-usa-BVBRC_genome_sequence,sequana_cpu_dev,4,11534346.0,1,12,100,377019,DENV_1-usa-BVBRC_genome_sequence,4718.54,1926.81,6645.35,362.96,148.22,511.18,127.8,13.0, sdumont6166,93034.9
0.0,2448,51,265352.0,3056.0,1545.0,265352.0,0.0,0.0,0.0,0.0,1.0,0,0.0,0.0,4n-1m-12th-100bs-377019s-DENV_1-usa-BVBRC_genome_sequence,sequana_cpu_dev,4,11534349.0,1,12,100,377019,DENV_1-usa-BVBRC_genome_sequence,5592.13,2266.2,7858.33,430.16,174.32,604.49,151.12,13.0, sdumont6166,400774.83
0.0,672,14,265352.0,3188.0,2628.0,265352.0,0.0,0.0,0.0,0.0,1.0,0,0.0,0.0,4n-1m-12th-100bs-377019s-DENV_1-usa-BVBRC_genome_sequence,sequana_cpu_dev,4,11534351.0,1,12,100,377019,DENV_1-usa-BVBRC_genome_sequence,4674.64,1900.9,6575.54,359.59,146.22,505.81,126.45,13.0, sdumont6167,92057.56
0.0,672,14,265352.0,3092.0,1555.0,265352.0,0.0,0.0,0.0,0.0,1.0,0,0.0,0.0,4n-1m-12th-100bs-377019s-DENV_1-usa-BVBRC_genome_sequence,sequana_cpu_dev,4,11534353.0,1,12,100,377019,DENV_1-usa-BVBRC_genome_sequence,4599.98,1870.4,6470.37,353.84,143.88,497.72,124.43,13.0, sdumont6166,90585.18
0.0,840,15,265352.0,3144.0,2078.0,265352.0,0.0,0.0,0.0,0.0,1.0,0,0.0,0.0,4n-1m-14th-100bs-377019s-DENV_1-usa-BVBRC_genome_sequence,sequana_cpu_dev,4,11534356.0,1,14,100,377019,DENV_1-usa-BVBRC_genome_sequence,5617.09,2231.4,7848.49,401.22,159.39,560.61,140.15,14.0, sdumont6166,117727.35
0.0,840,15,265352.0,3084.0,2055.0,265352.0,0.0,0.0,0.0,0.0,3.0,0,0.0,0.0,4n-1m-14th-100bs-377019s-DENV_1-usa-BVBRC_genome_sequence,sequana_cpu_dev,4,11534358.0,1,14,100,377019,DENV_1-usa-BVBRC_genome_sequence,5685.26,2272.98,7958.24,406.09,162.36,568.45,142.11,14.0, sdumont6168,119373.6
0.0,784,14,265352.0,3124.0,1561.0,265352.0,0.0,0.0,0.0,0.0,1.0,0,0.0,0.0,4n-1m-14th-100bs-377019s-DENV_1-usa-BVBRC_genome_sequence,sequana_cpu_dev,4,11534360.0,1,14,100,377019,DENV_1-usa-BVBRC_genome_sequence,4865.59,1947.48,6813.07,374.28,149.81,524.08,131.02,13.0, sdumont6166,95382.98
0.0,784,14,265352.0,1044.0,1039.0,265352.0,0.0,0.0,0.0,0.0,16.0,0,0.0,0.0,4n-1m-14th-100bs-377019s-DENV_1-usa-BVBRC_genome_sequence,sequana_cpu_dev,4,11534362.0,1,14,100,377019,DENV_1-usa-BVBRC_genome_sequence,5369.76,2144.32,7514.07,413.06,164.95,578.01,144.5,13.0, sdumont6165,105196.98
0.0,840,15,265352.0,3184.0,2621.0,265352.0,0.0,0.0,0.0,0.0,17.0,0,0.0,0.0,4n-1m-14th-100bs-377019s-DENV_1-usa-BVBRC_genome_sequence,sequana_cpu_dev,4,11534366.0,1,14,100,377019,DENV_1-usa-BVBRC_genome_sequence,5740.23,2294.25,8034.48,410.02,163.87,573.89,143.47,14.0, sdumont6168,120517.2
0.0,1088,17,265352.0,3112.0,1556.0,265352.0,0.0,0.0,0.0,0.0,17.0,0,0.0,0.0,4n-1m-16th-100bs-377019s-DENV_1-usa-BVBRC_genome_sequence,sequana_cpu_dev,4,11534368.0,1,16,100,377019,DENV_1-usa-BVBRC_genome_sequence,5741.06,2288.49,8029.55,382.74,152.57,535.3,133.83,15.0, sdumont6165,136502.35
0.0,960,15,265352.0,3064.0,1547.0,265352.0,0.0,0.0,0.0,0.0,18.0,0,0.0,0.0,4n-1m-16th-100bs-377019s-DENV_1-usa-BVBRC_genome_sequence,sequana_cpu_dev,4,11534370.0,1,16,100,377019,DENV_1-usa-BVBRC_genome_sequence,4750.26,1903.99,6654.25,365.4,146.46,511.87,127.97,13.0, sdumont6166,99813.75
0.0,960,15,265352.0,3184.0,1577.0,265352.0,0.0,0.0,0.0,0.0,17.0,0,0.0,0.0,4n-1m-16th-100bs-377019s-DENV_1-usa-BVBRC_genome_sequence,sequana_cpu_dev,4,11534373.0,1,16,100,377019,DENV_1-usa-BVBRC_genome_sequence,4931.56,1965.61,6897.16,352.25,140.4,492.65,123.16,14.0, sdumont6166,103457.4
0.0,1024,16,265352.0,3176.0,2099.0,265352.0,0.0,0.0,0.0,0.0,4.0,0,0.0,0.0,4n-1m-16th-100bs-377019s-DENV_1-usa-BVBRC_genome_sequence,sequana_cpu_dev,4,11534376.0,1,16,100,377019,DENV_1-usa-BVBRC_genome_sequence,5759.97,2270.23,8030.2,384.0,151.35,535.35,133.84,15.0, sdumont6168,128483.2
0.0,960,15,265352.0,3208.0,2628.0,265352.0,0.0,0.0,0.0,0.0,1.0,0,0.0,0.0,4n-1m-16th-100bs-377019s-DENV_1-usa-BVBRC_genome_sequence,sequana_cpu_dev,4,11534378.0,1,16,100,377019,DENV_1-usa-BVBRC_genome_sequence,4941.54,1986.74,6928.28,380.12,152.83,532.94,133.24,13.0, sdumont6168,103924.2
0.0,1296,18,265352.0,3128.0,1562.0,265352.0,0.0,0.0,0.0,0.0,1.0,0,0.0,0.0,4n-1m-18th-100bs-377019s-DENV_1-usa-BVBRC_genome_sequence,sequana_cpu_dev,4,11534381.0,1,18,100,377019,DENV_1-usa-BVBRC_genome_sequence,6652.69,2560.8,9213.5,391.33,150.64,541.97,135.49,17.0, sdumont6167,165843.0
0.0,1512,21,265352.0,3132.0,2051.0,265352.0,0.0,0.0,0.0,0.0,1.0,0,0.0,0.0,4n-1m-18th-100bs-377019s-DENV_1-usa-BVBRC_genome_sequence,sequana_cpu_dev,4,11534383.0,1,18,100,377019,DENV_1-usa-BVBRC_genome_sequence,8352.87,3174.89,11527.76,417.64,158.74,576.39,144.1,20.0, sdumont6168,242082.96
0.0,1080,15,265352.0,3176.0,3141.0,265352.0,0.0,0.0,0.0,0.0,1.0,0,0.0,0.0,4n-1m-18th-100bs-377019s-DENV_1-usa-BVBRC_genome_sequence,sequana_cpu_dev,4,11534386.0,1,18,100,377019,DENV_1-usa-BVBRC_genome_sequence,5718.31,2250.72,7969.03,408.45,160.77,569.22,142.3,14.0, sdumont6168,119535.45
0.0,1080,15,265352.0,2996.0,1528.0,265352.0,0.0,0.0,0.0,0.0,1.0,0,0.0,0.0,4n-1m-18th-100bs-377019s-DENV_1-usa-BVBRC_genome_sequence,sequana_cpu_dev,4,11534389.0,1,18,100,377019,DENV_1-usa-BVBRC_genome_sequence,5728.29,2257.59,7985.88,409.16,161.26,570.42,142.61,14.0, sdumont6168,119788.2
0.0,1152,16,265352.0,3120.0,2076.0,265352.0,0.0,0.0,0.0,0.0,1.0,0,0.0,0.0,4n-1m-18th-100bs-377019s-DENV_1-usa-BVBRC_genome_sequence,sequana_cpu_dev,4,11534391.0,1,18,100,377019,DENV_1-usa-BVBRC_genome_sequence,5861.77,2291.68,8153.45,390.78,152.78,543.56,135.89,15.0, sdumont6167,130455.2
0.0,1360,17,265352.0,3148.0,2088.0,265352.0,0.0,0.0,0.0,0.0,0.0,0,0.0,0.0,4n-1m-20th-100bs-377019s-DENV_1-usa-BVBRC_genome_sequence,sequana_cpu_dev,4,11534394.0,1,20,100,377019,DENV_1-usa-BVBRC_genome_sequence,6778.58,2539.61,9318.19,429.79,161.28,591.08,147.77,15.75, sdumont6168,158409.23
0.0,1440,18,265352.0,3172.0,2103.0,265352.0,0.0,0.0,0.0,0.0,1.0,0,0.0,0.0,4n-1m-20th-100bs-377019s-DENV_1-usa-BVBRC_genome_sequence,sequana_cpu_dev,4,11534396.0,1,20,100,377019,DENV_1-usa-BVBRC_genome_sequence,7042.41,2651.89,9694.3,440.15,165.74,605.89,151.47,16.0, sdumont6168,174497.4
0.0,1360,17,265352.0,3064.0,2048.0,265352.0,0.0,0.0,0.0,0.0,1.0,0,0.0,0.0,4n-1m-20th-100bs-377019s-DENV_1-usa-BVBRC_genome_sequence,sequana_cpu_dev,4,11534398.0,1,20,100,377019,DENV_1-usa-BVBRC_genome_sequence,5918.84,2261.0,8179.84,422.77,161.5,584.27,146.07,14.0, sdumont6166,139057.28
0.0,1280,16,265352.0,3064.0,2036.0,265352.0,0.0,0.0,0.0,0.0,1.0,0,0.0,0.0,4n-1m-20th-100bs-377019s-DENV_1-usa-BVBRC_genome_sequence,sequana_cpu_dev,4,11534400.0,1,20,100,377019,DENV_1-usa-BVBRC_genome_sequence,5869.99,2235.89,8105.88,391.33,149.06,540.39,135.1,15.0, sdumont6166,129694.08
0.0,1200,15,265352.0,3144.0,2072.0,265352.0,0.0,0.0,0.0,0.0,1.0,0,0.0,0.0,4n-1m-20th-100bs-377019s-DENV_1-usa-BVBRC_genome_sequence,sequana_cpu_dev,4,11534403.0,1,20,100,377019,DENV_1-usa-BVBRC_genome_sequence,5744.61,2251.34,7995.94,410.33,160.81,571.14,142.78,14.0, sdumont6166,119939.1
0.0,1408,16,265352.0,3148.0,1564.0,265352.0,0.0,0.0,0.0,0.0,4.0,0,0.0,0.0,4n-1m-22th-100bs-377019s-DENV_1-usa-BVBRC_genome_sequence,sequana_cpu_dev,4,11534406.0,1,22,100,377019,DENV_1-usa-BVBRC_genome_sequence,6135.55,2276.29,8411.84,430.49,159.67,590.17,147.54,14.25, sdumont6167,134589.44
0.0,1408,16,265352.0,1044.0,1043.0,265352.0,0.0,0.0,0.0,0.0,4.0,0,0.0,0.0,4n-1m-22th-100bs-377019s-DENV_1-usa-BVBRC_genome_sequence,sequana_cpu_dev,4,11534408.0,1,22,100,377019,DENV_1-usa-BVBRC_genome_sequence,6089.08,2252.84,8341.92,405.94,150.19,556.13,139.03,15.0, sdumont6165,133470.72
0.0,1496,17,265352.0,3192.0,1579.0,265352.0,0.0,0.0,0.0,0.0,18.0,0,0.0,0.0,4n-1m-22th-100bs-377019s-DENV_1-usa-BVBRC_genome_sequence,sequana_cpu_dev,4,11534410.0,1,22,100,377019,DENV_1-usa-BVBRC_genome_sequence,6091.95,2276.16,8368.11,435.14,162.58,597.72,149.43,14.0, sdumont6165,142257.87
0.0,1408,16,265352.0,3056.0,1545.0,265352.0,0.0,0.0,0.0,0.0,19.0,0,0.0,0.0,4n-1m-22th-100bs-377019s-DENV_1-usa-BVBRC_genome_sequence,sequana_cpu_dev,4,11534413.0,1,22,100,377019,DENV_1-usa-BVBRC_genome_sequence,6148.05,2277.26,8425.31,409.87,151.82,561.69,140.42,15.0, sdumont6167,134804.96
0.0,1408,16,265352.0,1044.0,1041.0,265352.0,0.0,0.0,0.0,0.0,18.0,0,0.0,0.0,4n-1m-22th-100bs-377019s-DENV_1-usa-BVBRC_genome_sequence,sequana_cpu_dev,4,11534415.0,1,22,100,377019,DENV_1-usa-BVBRC_genome_sequence,6143.4,2292.07,8435.46,438.81,163.72,602.53,150.63,14.0, sdumont6168,134967.36
0.0,1632,17,265352.0,3156.0,1570.0,265352.0,0.0,0.0,0.0,0.0,17.0,0,0.0,0.0,4n-1m-24th-100bs-377019s-DENV_1-usa-BVBRC_genome_sequence,sequana_cpu_dev,4,11534421.0,1,24,100,377019,DENV_1-usa-BVBRC_genome_sequence,6906.79,2489.17,9395.96,460.45,165.94,626.4,156.6,15.0, sdumont6165,159731.31999999998
0.0,1632,17,265352.0,3152.0,2079.0,265352.0,0.0,0.0,0.0,0.0,16.0,0,0.0,0.0,4n-1m-24th-100bs-377019s-DENV_1-usa-BVBRC_genome_sequence,sequana_cpu_dev,4,11534425.0,1,24,100,377019,DENV_1-usa-BVBRC_genome_sequence,6336.79,2302.35,8639.13,422.45,153.49,575.94,143.99,15.0, sdumont6165,146865.21
0.0,2016,21,265352.0,3124.0,2590.0,265352.0,0.0,0.0,0.0,0.0,1.0,0,0.0,0.0,4n-1m-24th-100bs-377019s-DENV_1-usa-BVBRC_genome_sequence,sequana_cpu_dev,4,11534427.0,1,24,100,377019,DENV_1-usa-BVBRC_genome_sequence,7209.57,2577.47,9787.04,450.6,161.09,611.69,152.92,16.0, sdumont6167,205527.84000000003
0.0,1728,18,265352.0,3060.0,1546.0,265352.0,0.0,0.0,0.0,0.0,1.0,0,0.0,0.0,4n-1m-24th-100bs-377019s-DENV_1-usa-BVBRC_genome_sequence,sequana_cpu_dev,4,11534430.0,1,24,100,377019,DENV_1-usa-BVBRC_genome_sequence,7302.38,2607.66,9910.05,442.79,158.12,600.91,150.23,16.5, sdumont6165,178380.9
0.0,1632,17,265352.0,3152.0,2088.0,265352.0,0.0,0.0,0.0,0.0,0.0,0,0.0,0.0,4n-1m-24th-100bs-377019s-DENV_1-usa-BVBRC_genome_sequence,sequana_cpu_dev,4,11534432.0,1,24,100,377019,DENV_1-usa-BVBRC_genome_sequence,7326.75,2623.08,9949.83,457.92,163.94,621.86,155.47,16.0, sdumont6168,169147.11
0.0,2600,25,265352.0,3156.0,2612.0,265352.0,0.0,0.0,0.0,0.0,1.0,0,0.0,0.0,4n-1m-26th-100bs-377019s-DENV_1-usa-BVBRC_genome_sequence,sequana_cpu_dev,4,11534435.0,1,26,100,377019,DENV_1-usa-BVBRC_genome_sequence,10531.48,5266.8,15798.28,443.55,221.67,665.22,166.3,23.75, sdumont6166,394957.0
0.0,2080,20,265352.0,3176.0,2622.0,265352.0,0.0,0.0,0.0,0.0,1.0,0,0.0,0.0,4n-1m-26th-100bs-377019s-DENV_1-usa-BVBRC_genome_sequence,sequana_cpu_dev,4,11534438.0,1,26,100,377019,DENV_1-usa-BVBRC_genome_sequence,8228.55,4236.56,12465.11,445.5,229.09,674.58,168.65,18.5, sdumont6166,249302.2
0.0,2080,20,265352.0,3160.0,3141.0,265352.0,0.0,0.0,0.0,0.0,1.0,0,0.0,0.0,4n-1m-26th-100bs-377019s-DENV_1-usa-BVBRC_genome_sequence,sequana_cpu_dev,4,11534440.0,1,26,100,377019,DENV_1-usa-BVBRC_genome_sequence,8250.95,4264.26,12515.2,446.65,231.01,677.66,169.42,18.5, sdumont6168,250304.0
0.0,2184,21,265352.0,3184.0,3164.0,265352.0,0.0,0.0,0.0,0.0,1.0,0,0.0,0.0,4n-1m-26th-100bs-377019s-DENV_1-usa-BVBRC_genome_sequence,sequana_cpu_dev,4,11534444.0,1,26,100,377019,DENV_1-usa-BVBRC_genome_sequence,8084.52,4177.61,12262.13,404.23,208.88,613.11,153.28,20.0, sdumont6167,257504.73
0.0,2288,22,265352.0,3240.0,3165.0,265352.0,0.0,0.0,0.0,0.0,1.0,0,0.0,0.0,4n-1m-26th-100bs-377019s-DENV_1-usa-BVBRC_genome_sequence,sequana_cpu_dev,4,11534447.0,1,26,100,377019,DENV_1-usa-BVBRC_genome_sequence,9321.07,4738.73,14059.8,443.86,225.65,669.51,167.38,21.0, sdumont6166,309315.6
0.0,2352,21,265352.0,3152.0,3147.0,265352.0,0.0,0.0,0.0,0.0,1.0,0,0.0,0.0,4n-1m-28th-100bs-377019s-DENV_1-usa-BVBRC_genome_sequence,sequana_cpu_dev,4,11534450.0,1,28,100,377019,DENV_1-usa-BVBRC_genome_sequence,8238.0,5087.17,13325.17,411.9,254.36,666.26,166.56,20.0, sdumont6167,279828.57
0.0,2352,21,265352.0,3156.0,3096.0,265352.0,0.0,0.0,0.0,0.0,1.0,0,0.0,0.0,4n-1m-28th-100bs-377019s-DENV_1-usa-BVBRC_genome_sequence,sequana_cpu_dev,4,11534452.0,1,28,100,377019,DENV_1-usa-BVBRC_genome_sequence,9013.07,5511.91,14524.97,450.65,275.6,726.25,181.56,20.0, sdumont6167,305024.37
0.0,2688,24,265352.0,3148.0,3098.0,265352.0,0.0,0.0,0.0,0.0,1.0,0,0.0,0.0,4n-1m-28th-100bs-377019s-DENV_1-usa-BVBRC_genome_sequence,sequana_cpu_dev,4,11534456.0,1,28,100,377019,DENV_1-usa-BVBRC_genome_sequence,8620.65,5286.13,13906.78,431.03,264.31,695.34,173.83,20.0, sdumont6167,333762.72000000003
0.0,2464,22,265352.0,3196.0,3124.0,265352.0,0.0,0.0,0.0,0.0,1.0,0,0.0,0.0,4n-1m-28th-100bs-377019s-DENV_1-usa-BVBRC_genome_sequence,sequana_cpu_dev,4,11534458.0,1,28,100,377019,DENV_1-usa-BVBRC_genome_sequence,8430.18,5190.6,13620.78,421.51,259.53,681.04,170.26,20.0, sdumont6165,299657.16000000003
0.0,2464,22,265352.0,3160.0,3116.0,265352.0,0.0,0.0,0.0,0.0,0.0,0,0.0,0.0,4n-1m-28th-100bs-377019s-DENV_1-usa-BVBRC_genome_sequence,sequana_cpu_dev,4,11534463.0,1,28,100,377019,DENV_1-usa-BVBRC_genome_sequence,8703.29,5407.8,14111.09,425.18,263.98,689.16,172.29,20.5, sdumont6169,310443.98
0.0,2640,22,265352.0,3172.0,3159.0,265352.0,0.0,0.0,0.0,0.0,1.0,0,0.0,0.0,4n-1m-30th-100bs-377019s-DENV_1-usa-BVBRC_genome_sequence,sequana_cpu_dev,4,11534465.0,1,30,100,377019,DENV_1-usa-BVBRC_genome_sequence,8272.15,5895.32,14167.47,435.38,310.28,745.66,186.41,19.0, sdumont6168,311684.34
0.0,3000,25,265352.0,3172.0,3152.0,265352.0,0.0,0.0,0.0,0.0,1.0,0,0.0,0.0,4n-1m-30th-100bs-377019s-DENV_1-usa-BVBRC_genome_sequence,sequana_cpu_dev,4,11534467.0,1,30,100,377019,DENV_1-usa-BVBRC_genome_sequence,10327.27,7195.02,17522.29,464.52,323.72,788.24,197.06,22.25, sdumont6167,438057.25
0.0,2760,23,265352.0,3148.0,3131.0,265352.0,0.0,0.0,0.0,0.0,1.0,0,0.0,0.0,4n-1m-30th-100bs-377019s-DENV_1-usa-BVBRC_genome_sequence,sequana_cpu_dev,4,11534469.0,1,30,100,377019,DENV_1-usa-BVBRC_genome_sequence,9363.24,6607.32,15970.56,456.77,322.63,779.4,194.85,20.5, sdumont6167,367322.88
0.0,2520,21,265352.0,3184.0,2619.0,265352.0,0.0,0.0,0.0,0.0,1.0,0,0.0,0.0,4n-1m-30th-100bs-377019s-DENV_1-usa-BVBRC_genome_sequence,sequana_cpu_dev,4,11534472.0,1,30,100,377019,DENV_1-usa-BVBRC_genome_sequence,8180.79,5885.43,14066.22,409.04,294.27,703.31,175.83,20.0, sdumont6166,295390.62
0.0,3000,25,265352.0,3220.0,3154.0,265352.0,0.0,0.0,0.0,0.0,1.0,0,0.0,0.0,4n-1m-30th-100bs-377019s-DENV_1-usa-BVBRC_genome_sequence,sequana_cpu_dev,4,11534485.0,1,30,100,377019,DENV_1-usa-BVBRC_genome_sequence,10577.55,7364.05,17941.6,475.76,331.29,807.05,201.76,22.25, sdumont6168,448540.0
0.0,2688,21,265352.0,3144.0,3122.0,265352.0,0.0,0.0,0.0,0.0,1.0,0,0.0,0.0,4n-1m-32th-100bs-377019s-DENV_1-usa-BVBRC_genome_sequence,sequana_cpu_dev,4,11534487.0,1,32,100,377019,DENV_1-usa-BVBRC_genome_sequence,8252.09,6554.91,14807.0,440.74,349.94,790.68,197.67,18.75, sdumont6167,310947.0
0.0,3200,25,265352.0,3164.0,3126.0,265352.0,0.0,0.0,0.0,0.0,1.0,0,0.0,0.0,4n-1m-32th-100bs-377019s-DENV_1-usa-BVBRC_genome_sequence,sequana_cpu_dev,4,11534489.0,1,32,100,377019,DENV_1-usa-BVBRC_genome_sequence,10294.71,8053.73,18348.44,447.6,350.16,797.76,199.44,23.0, sdumont6167,458711.0
0.0,2816,22,265352.0,3144.0,3107.0,265352.0,0.0,0.0,0.0,0.0,357.0,0,0.0,0.0,4n-1m-32th-100bs-377019s-DENV_1-usa-BVBRC_genome_sequence,sequana_cpu_dev,4,11534492.0,1,32,100,377019,DENV_1-usa-BVBRC_genome_sequence,9194.47,7278.5,16472.97,437.83,346.6,784.43,196.11,21.0, sdumont6166,362405.34
0.0,2688,21,265352.0,3148.0,3085.0,265352.0,0.0,0.0,0.0,0.0,1.0,0,0.0,0.0,4n-1m-32th-100bs-377019s-DENV_1-usa-BVBRC_genome_sequence,sequana_cpu_dev,4,11534496.0,1,32,100,377019,DENV_1-usa-BVBRC_genome_sequence,8601.72,6823.54,15425.26,430.09,341.18,771.26,192.82,20.0, sdumont6167,323930.46
0.0,2688,21,265352.0,3148.0,2599.0,265352.0,0.0,0.0,0.0,0.0,1.0,0,0.0,0.0,4n-1m-32th-100bs-377019s-DENV_1-usa-BVBRC_genome_sequence,sequana_cpu_dev,4,11534498.0,1,32,100,377019,DENV_1-usa-BVBRC_genome_sequence,8184.45,6551.53,14735.98,409.22,327.58,736.8,184.2,20.0, sdumont6168,309455.58
0.0,3128,23,265352.0,3184.0,3137.0,265352.0,0.0,0.0,0.0,0.0,1.0,0,0.0,0.0,4n-1m-34th-100bs-377019s-DENV_1-usa-BVBRC_genome_sequence,sequana_cpu_dev,4,11534502.0,1,34,100,377019,DENV_1-usa-BVBRC_genome_sequence,9054.28,7894.84,16949.11,411.56,358.86,770.41,192.6,22.0, sdumont6166,389829.53
0.0,3400,25,265352.0,3184.0,2619.0,265352.0,0.0,0.0,0.0,0.0,1.0,0,0.0,0.0,4n-1m-34th-100bs-377019s-DENV_1-usa-BVBRC_genome_sequence,sequana_cpu_dev,4,11534504.0,1,34,100,377019,DENV_1-usa-BVBRC_genome_sequence,10222.21,8767.23,18989.44,439.5,377.17,816.67,204.17,23.25, sdumont6167,474736.0
0.0,3128,23,265352.0,3184.0,3156.0,265352.0,0.0,0.0,0.0,0.0,1.0,0,0.0,0.0,4n-1m-34th-100bs-377019s-DENV_1-usa-BVBRC_genome_sequence,sequana_cpu_dev,4,11534507.0,1,34,100,377019,DENV_1-usa-BVBRC_genome_sequence,9201.1,7912.55,17113.65,418.23,359.66,777.89,194.47,22.0, sdumont6166,393613.95
0.0,3264,24,265352.0,3248.0,2643.0,265352.0,0.0,0.0,0.0,0.0,1.0,0,0.0,0.0,4n-1m-34th-100bs-377019s-DENV_1-usa-BVBRC_genome_sequence,sequana_cpu_dev,4,11534510.0,1,34,100,377019,DENV_1-usa-BVBRC_genome_sequence,9562.22,8184.82,17747.04,420.67,359.89,780.56,195.14,22.75, sdumont6167,425928.96
0.0,3672,27,265352.0,3220.0,3180.0,265352.0,0.0,0.0,0.0,0.0,1.0,0,0.0,0.0,4n-1m-34th-100bs-377019s-DENV_1-usa-BVBRC_genome_sequence,sequana_cpu_dev,4,11534514.0,1,34,100,377019,DENV_1-usa-BVBRC_genome_sequence,10265.2,8819.27,19084.47,427.72,367.47,795.19,198.8,24.0, sdumont6167,515280.69000000006
0.0,3312,23,265352.0,3152.0,2601.0,265352.0,0.0,0.0,0.0,0.0,1.0,0,0.0,0.0,4n-1m-36th-100bs-377019s-DENV_1-usa-BVBRC_genome_sequence,sequana_cpu_dev,4,11534517.0,1,36,100,377019,DENV_1-usa-BVBRC_genome_sequence,9200.26,8210.72,17410.98,454.67,405.77,860.45,215.11,20.25, sdumont6166,400452.54
0.0,3600,25,265352.0,3152.0,3118.0,265352.0,0.0,0.0,0.0,0.0,1.0,0,0.0,0.0,4n-1m-36th-100bs-377019s-DENV_1-usa-BVBRC_genome_sequence,sequana_cpu_dev,4,11534520.0,1,36,100,377019,DENV_1-usa-BVBRC_genome_sequence,10281.27,9164.82,19446.08,447.01,398.47,845.48,211.37,23.0, sdumont6165,486152.00000000006
0.0,3600,25,265352.0,3152.0,3106.0,265352.0,0.0,0.0,0.0,0.0,0.0,0,0.0,0.0,4n-1m-36th-100bs-377019s-DENV_1-usa-BVBRC_genome_sequence,sequana_cpu_dev,4,11534522.0,1,36,100,377019,DENV_1-usa-BVBRC_genome_sequence,10377.67,9279.97,19657.64,451.2,403.48,854.68,213.67,23.0, sdumont6168,491441.0
0.0,3456,24,265352.0,3152.0,3090.0,265352.0,0.0,0.0,0.0,0.0,1.0,0,0.0,0.0,4n-1m-36th-100bs-377019s-DENV_1-usa-BVBRC_genome_sequence,sequana_cpu_dev,4,11534524.0,1,36,100,377019,DENV_1-usa-BVBRC_genome_sequence,10026.57,8951.61,18978.18,445.32,397.52,842.84,210.71,22.5, sdumont6165,455476.32
0.0,3024,21,265352.0,3148.0,3126.0,265352.0,0.0,0.0,0.0,0.0,1.0,0,0.0,0.0,4n-1m-36th-100bs-377019s-DENV_1-usa-BVBRC_genome_sequence,sequana_cpu_dev,4,11534527.0,1,36,100,377019,DENV_1-usa-BVBRC_genome_sequence,8459.11,7494.85,15953.95,422.96,374.74,797.7,199.42,20.0, sdumont6166,335032.95
0.0,3800,25,265352.0,3148.0,3084.0,265352.0,0.0,0.0,0.0,0.0,6.0,0,0.0,0.0,4n-1m-38th-100bs-377019s-DENV_1-usa-BVBRC_genome_sequence,sequana_cpu_dev,4,11534530.0,1,38,100,377019,DENV_1-usa-BVBRC_genome_sequence,10294.41,9244.49,19538.91,457.36,411.05,868.41,217.1,22.5, sdumont6169,488472.75
0.0,3800,25,265352.0,3148.0,3090.0,265352.0,0.0,0.0,0.0,0.0,7.0,0,0.0,0.0,4n-1m-38th-100bs-377019s-DENV_1-usa-BVBRC_genome_sequence,sequana_cpu_dev,4,11534532.0,1,38,100,377019,DENV_1-usa-BVBRC_genome_sequence,10194.24,9132.58,19326.81,463.37,415.12,878.49,219.62,22.0, sdumont6168,483170.25000000006
0.0,3648,24,265352.0,3096.0,3063.0,265352.0,0.0,0.0,0.0,0.0,30.0,0,0.0,0.0,4n-1m-38th-100bs-377019s-DENV_1-usa-BVBRC_genome_sequence,sequana_cpu_dev,4,11534534.0,1,38,100,377019,DENV_1-usa-BVBRC_genome_sequence,10184.19,9186.15,19370.34,457.98,413.2,871.17,217.79,22.25, sdumont6169,464888.16
0.0,3496,23,265352.0,3136.0,3084.0,265352.0,0.0,0.0,0.0,0.0,27.0,0,0.0,0.0,4n-1m-38th-100bs-377019s-DENV_1-usa-BVBRC_genome_sequence,sequana_cpu_dev,4,11534536.0,1,38,100,377019,DENV_1-usa-BVBRC_genome_sequence,9169.89,8307.52,17477.41,427.07,386.63,813.7,203.43,21.5, sdumont6167,401980.43
0.0,3648,24,265352.0,3148.0,2070.0,265352.0,0.0,0.0,0.0,0.0,32.0,0,0.0,0.0,4n-1m-38th-100bs-377019s-DENV_1-usa-BVBRC_genome_sequence,sequana_cpu_dev,4,11534540.0,1,38,100,377019,DENV_1-usa-BVBRC_genome_sequence,9286.39,8413.99,17700.38,442.21,400.67,842.88,210.72,21.0, sdumont6168,424809.12
0.0,4160,26,265352.0,3156.0,3134.0,265352.0,0.0,0.0,0.0,0.0,27.0,0,0.0,0.0,4n-1m-40th-100bs-377019s-DENV_1-usa-BVBRC_genome_sequence,sequana_cpu_dev,4,11534542.0,1,40,100,377019,DENV_1-usa-BVBRC_genome_sequence,11173.23,10248.13,21421.36,465.55,427.01,892.56,223.14,24.0, sdumont6169,556955.36
0.0,4000,25,265352.0,3168.0,3144.0,265352.0,0.0,0.0,0.0,0.0,33.0,0,0.0,0.0,4n-1m-40th-100bs-377019s-DENV_1-usa-BVBRC_genome_sequence,sequana_cpu_dev,4,11534544.0,1,40,100,377019,DENV_1-usa-BVBRC_genome_sequence,10188.62,9437.55,19626.17,429.12,397.37,826.5,206.62,23.75, sdumont6166,490654.25
0.0,3680,23,265352.0,3176.0,3114.0,265352.0,0.0,0.0,0.0,0.0,1.0,0,0.0,0.0,4n-1m-40th-100bs-377019s-DENV_1-usa-BVBRC_genome_sequence,sequana_cpu_dev,4,11534546.0,1,40,100,377019,DENV_1-usa-BVBRC_genome_sequence,9095.36,8330.68,17426.04,428.27,392.21,820.48,205.12,21.25, sdumont6166,400798.92
0.0,4160,26,265352.0,3156.0,2596.0,265352.0,0.0,0.0,0.0,0.0,30.0,0,0.0,0.0,4n-1m-40th-100bs-377019s-DENV_1-usa-BVBRC_genome_sequence,sequana_cpu_dev,4,11534548.0,1,40,100,377019,DENV_1-usa-BVBRC_genome_sequence,10407.58,9592.09,19999.67,433.65,399.67,833.32,208.33,24.0, sdumont6168,519991.4199999999
0.0,3680,23,265352.0,3084.0,3066.0,265352.0,0.0,0.0,0.0,0.0,30.0,0,0.0,0.0,4n-1m-40th-100bs-377019s-DENV_1-usa-BVBRC_genome_sequence,sequana_cpu_dev,4,11534551.0,1,40,100,377019,DENV_1-usa-BVBRC_genome_sequence,9336.25,8540.92,17877.17,424.38,388.22,812.6,203.15,22.0, sdumont6168,411174.91
0.0,4200,25,265352.0,3156.0,3092.0,265352.0,0.0,0.0,0.0,0.0,2.0,0,0.0,0.0,4n-1m-42th-100bs-377019s-DENV_1-usa-BVBRC_genome_sequence,sequana_cpu_dev,4,11534554.0,1,42,100,377019,DENV_1-usa-BVBRC_genome_sequence,10249.23,9492.47,19741.7,445.62,412.72,858.33,214.58,23.0, sdumont6167,493542.5
0.0,4704,28,265352.0,3144.0,3113.0,265352.0,0.0,0.0,0.0,0.0,28.0,0,0.0,0.0,4n-1m-42th-100bs-377019s-DENV_1-usa-BVBRC_genome_sequence,sequana_cpu_dev,4,11534557.0,1,42,100,377019,DENV_1-usa-BVBRC_genome_sequence,11390.24,10598.25,21988.49,438.09,407.62,845.71,211.43,26.0, sdumont6167,615677.7200000001
0.0,4872,29,265352.0,3152.0,3116.0,265352.0,0.0,0.0,0.0,0.0,277.0,0,0.0,0.0,4n-1m-42th-100bs-377019s-DENV_1-usa-BVBRC_genome_sequence,sequana_cpu_dev,4,11534560.0,1,42,100,377019,DENV_1-usa-BVBRC_genome_sequence,12102.93,11200.59,23303.53,461.31,427.02,888.33,222.08,26.25, sdumont6169,675802.37
0.0,4200,25,265352.0,3148.0,3096.0,265352.0,0.0,0.0,0.0,0.0,270.0,0,0.0,0.0,4n-1m-42th-100bs-377019s-DENV_1-usa-BVBRC_genome_sequence,sequana_cpu_dev,4,11534568.0,1,42,100,377019,DENV_1-usa-BVBRC_genome_sequence,10323.3,9447.67,19770.96,430.14,393.65,823.79,205.95,24.0, sdumont6168,494274.0
0.0,4704,28,265352.0,3152.0,3090.0,265352.0,0.0,0.0,0.0,0.0,459.0,0,0.0,0.0,4n-1m-42th-100bs-377019s-DENV_1-usa-BVBRC_genome_sequence,sequana_cpu_dev,4,11534573.0,1,42,100,377019,DENV_1-usa-BVBRC_genome_sequence,11314.75,10296.35,21611.1,452.59,411.85,864.44,216.11,25.0, sdumont6166,605110.7999999999
0.0,4400,25,265352.0,3140.0,3120.0,265352.0,0.0,0.0,0.0,0.0,221.0,0,0.0,0.0,4n-1m-44th-100bs-377019s-DENV_1-usa-BVBRC_genome_sequence,sequana_cpu_dev,4,11534579.0,1,44,100,377019,DENV_1-usa-BVBRC_genome_sequence,10393.85,9752.8,20146.65,472.45,443.31,915.76,228.94,22.0, sdumont6167,503666.25000000006
0.0,4576,26,265352.0,3184.0,3103.0,265352.0,0.0,0.0,0.0,0.0,272.0,0,0.0,0.0,4n-1m-44th-100bs-377019s-DENV_1-usa-BVBRC_genome_sequence,sequana_cpu_dev,4,11534581.0,1,44,100,377019,DENV_1-usa-BVBRC_genome_sequence,10780.43,10233.27,21013.71,431.22,409.33,840.55,210.14,25.0, sdumont6166,546356.46
0.0,4224,24,265352.0,3180.0,2615.0,265352.0,0.0,0.0,0.0,0.0,15.0,0,0.0,0.0,4n-1m-44th-100bs-377019s-DENV_1-usa-BVBRC_genome_sequence,sequana_cpu_dev,4,11534587.0,1,44,100,377019,DENV_1-usa-BVBRC_genome_sequence,10006.77,9615.4,19622.16,435.08,418.06,853.14,213.28,23.0, sdumont6167,470931.84
0.0,4576,26,265352.0,3228.0,3155.0,265352.0,0.0,0.0,0.0,0.0,15.0,0,0.0,0.0,4n-1m-44th-100bs-377019s-DENV_1-usa-BVBRC_genome_sequence,sequana_cpu_dev,4,11534592.0,1,44,100,377019,DENV_1-usa-BVBRC_genome_sequence,10171.34,9763.29,19934.63,437.79,419.97,857.77,214.44,23.25, sdumont6166,518300.38
0.0,4928,28,265352.0,3164.0,3152.0,265352.0,0.0,0.0,0.0,0.0,28.0,0,0.0,0.0,4n-1m-44th-100bs-377019s-DENV_1-usa-BVBRC_genome_sequence,sequana_cpu_dev,4,11534597.0,1,44,100,377019,DENV_1-usa-BVBRC_genome_sequence,11243.97,10841.36,22085.34,432.46,416.98,849.44,212.36,26.0, sdumont6165,618389.52
0.0,4784,26,265352.0,3176.0,3121.0,265352.0,0.0,0.0,0.0,0.0,16.0,0,0.0,0.0,4n-1m-46th-100bs-377019s-DENV_1-usa-BVBRC_genome_sequence,sequana_cpu_dev,4,11534599.0,1,46,100,377019,DENV_1-usa-BVBRC_genome_sequence,10639.54,10603.56,21243.1,443.31,441.82,885.13,221.28,24.0, sdumont6165,552320.6
0.0,4600,25,265352.0,3136.0,3103.0,265352.0,0.0,0.0,0.0,0.0,16.0,0,0.0,0.0,4n-1m-46th-100bs-377019s-DENV_1-usa-BVBRC_genome_sequence,sequana_cpu_dev,4,11534601.0,1,46,100,377019,DENV_1-usa-BVBRC_genome_sequence,10228.39,10162.95,20391.34,426.18,423.46,849.64,212.41,24.0, sdumont6167,509783.5
0.0,4968,27,265352.0,3172.0,3104.0,265352.0,0.0,0.0,0.0,0.0,172.0,0,0.0,0.0,4n-1m-46th-100bs-377019s-DENV_1-usa-BVBRC_genome_sequence,sequana_cpu_dev,4,11534605.0,1,46,100,377019,DENV_1-usa-BVBRC_genome_sequence,11174.87,11088.7,22263.57,451.61,448.01,899.63,224.91,24.75, sdumont6167,601116.39
0.0,4600,25,265352.0,3176.0,3142.0,265352.0,0.0,0.0,0.0,0.0,15.0,0,0.0,0.0,4n-1m-46th-100bs-377019s-DENV_1-usa-BVBRC_genome_sequence,sequana_cpu_dev,4,11534610.0,1,46,100,377019,DENV_1-usa-BVBRC_genome_sequence,10266.09,10113.04,20379.13,446.35,439.7,886.05,221.51,23.0, sdumont6165,509478.25
0.0,4600,25,265352.0,3188.0,3173.0,265352.0,0.0,0.0,0.0,0.0,175.0,0,0.0,0.0,4n-1m-46th-100bs-377019s-DENV_1-usa-BVBRC_genome_sequence,sequana_cpu_dev,4,11534615.0,1,46,100,377019,DENV_1-usa-BVBRC_genome_sequence,10169.98,10153.06,20323.04,437.65,436.87,874.52,218.63,23.25, sdumont6166,508076.0
1387.0,6912,36,4219631.0,156604.0,154459.0,4222680.0,1638.4,4229.12,1638.4,4229.12,31.0,0,33.0,55.0,4n-1m-48th-100bs-377019s-DENV_1-usa-BVBRC_genome_sequence,sequana_cpu_dev,4,11534620.0,1,48,100,377019,DENV_1-usa-BVBRC_genome_sequence,16045.87,16627.46,32673.33,468.68,485.63,954.31,238.58,34.25, sdumont6165,1176239.88
0.0,5568,29,265352.0,3172.0,3147.0,265352.0,0.0,0.0,0.0,0.0,1079.0,0,0.0,0.0,4n-1m-48th-100bs-377019s-DENV_1-usa-BVBRC_genome_sequence,sequana_cpu_dev,4,11534623.0,1,48,100,377019,DENV_1-usa-BVBRC_genome_sequence,12040.4,12606.3,24646.7,430.01,450.22,880.24,220.06,28.0, sdumont6165,714754.3
0.0,5376,28,265352.0,3148.0,3092.0,265352.0,0.0,0.0,0.0,0.0,43.0,0,0.0,0.0,4n-1m-48th-100bs-377019s-DENV_1-usa-BVBRC_genome_sequence,sequana_cpu_dev,4,11534635.0,1,48,100,377019,DENV_1-usa-BVBRC_genome_sequence,12066.91,12479.94,24546.85,464.11,480.0,944.11,236.03,26.0, sdumont6165,687311.7999999999
0.0,5184,27,265352.0,3132.0,3103.0,265352.0,0.0,0.0,0.0,0.0,3.0,0,0.0,0.0,4n-1m-48th-100bs-377019s-DENV_1-usa-BVBRC_genome_sequence,sequana_cpu_dev,4,11534639.0,1,48,100,377019,DENV_1-usa-BVBRC_genome_sequence,11167.59,11544.2,22711.78,434.2,448.6,882.8,220.7,25.75, sdumont6168,613218.0599999999
1198.0,6528,34,4219520.0,158428.0,155440.0,4222532.0,1638.4,4229.12,1638.4,4229.12,899.0,0,39.0,64.0,4n-1m-48th-100bs-377019s-DENV_1-usa-BVBRC_genome_sequence,sequana_cpu_dev,4,11534642.0,1,48,100,377019,DENV_1-usa-BVBRC_genome_sequence,13637.97,14052.07,27690.04,413.27,425.82,839.09,209.77,33.0, sdumont6168,941461.36
11.0,256,16,475460.5,150252.0,55750.0,1122924.0,788.48,2109.44,1679.36,4229.12,146.0,0,0.0,0.0,4n-2m-2th-100bs-377019s-DENV_1-usa-BVBRC_genome_sequence,sequana_cpu_dev,4,11534649.0,2,2,100,377019,DENV_1-usa-BVBRC_genome_sequence,3785.44,4021.76,7807.2,252.36,268.12,520.48,130.12,15.0, sdumont6168,124915.2
7.0,272,17,448302.0,150408.0,39580.5,1122904.0,819.2,2119.68,1781.76,4290.56,142.0,0,0.0,0.0,4n-2m-2th-100bs-377019s-DENV_1-usa-BVBRC_genome_sequence,sequana_cpu_dev,4,11534653.0,2,2,100,377019,DENV_1-usa-BVBRC_genome_sequence,3798.68,4012.89,7811.56,245.57,259.06,504.63,126.16,15.5, sdumont6168,132796.52000000002
3.0,256,16,414278.5,145152.0,21767.0,683140.0,839.68,2119.68,1751.04,4290.56,148.0,0,0.0,0.0,4n-2m-2th-100bs-377019s-DENV_1-usa-BVBRC_genome_sequence,sequana_cpu_dev,4,11534657.0,2,2,100,377019,DENV_1-usa-BVBRC_genome_sequence,3489.95,3629.36,7119.31,232.66,241.96,474.62,118.66,15.0, sdumont6169,113908.96
7.0,272,17,579924.5,148604.0,39077.0,1338868.0,839.68,2119.68,1740.8,4290.56,143.0,0,0.0,0.0,4n-2m-2th-100bs-377019s-DENV_1-usa-BVBRC_genome_sequence,sequana_cpu_dev,4,11534661.0,2,2,100,377019,DENV_1-usa-BVBRC_genome_sequence,3473.29,3615.57,7088.87,231.55,241.04,472.59,118.15,15.0, sdumont6168,120510.79
7.0,288,18,478208.0,150540.0,38479.5,1122940.0,849.92,2119.68,1730.56,4290.56,143.0,0,0.0,0.0,4n-2m-2th-100bs-377019s-DENV_1-usa-BVBRC_genome_sequence,sequana_cpu_dev,4,11534663.0,2,2,100,377019,DENV_1-usa-BVBRC_genome_sequence,3835.51,3990.96,7826.47,239.72,249.44,489.15,122.29,16.0, sdumont6166,140876.46
10.0,384,12,520594.5,149816.0,24677.0,1263004.0,808.96,2109.44,1648.64,4229.12,14.0,0,0.0,1.0,4n-2m-4th-100bs-377019s-DENV_1-usa-BVBRC_genome_sequence,sequana_cpu_dev,4,11534666.0,2,4,100,377019,DENV_1-usa-BVBRC_genome_sequence,2720.07,2818.91,5538.98,265.64,275.58,541.22,135.3,10.25, sdumont6167,66467.76
10.0,416,13,589307.0,148068.0,38804.0,1257424.0,829.44,2119.68,1699.84,4290.56,26.0,0,0.0,0.0,4n-2m-4th-100bs-377019s-DENV_1-usa-BVBRC_genome_sequence,sequana_cpu_dev,4,11534671.0,2,4,100,377019,DENV_1-usa-BVBRC_genome_sequence,3208.07,3327.76,6535.82,279.96,289.94,569.9,142.48,11.5, sdumont6168,84965.66
9.0,352,11,535368.0,150516.0,38797.5,1257432.0,839.68,2119.68,1699.84,4290.56,15.0,0,0.0,0.0,4n-2m-4th-100bs-377019s-DENV_1-usa-BVBRC_genome_sequence,sequana_cpu_dev,4,11534673.0,2,4,100,377019,DENV_1-usa-BVBRC_genome_sequence,2663.06,2759.37,5422.43,266.31,275.94,542.24,135.56,10.0, sdumont6168,59646.73
9.0,384,12,401902.5,144864.0,37883.0,817664.0,798.72,2109.44,1638.4,4229.12,13.0,0,0.0,1.0,4n-2m-4th-100bs-377019s-DENV_1-usa-BVBRC_genome_sequence,sequana_cpu_dev,4,11534678.0,2,4,100,377019,DENV_1-usa-BVBRC_genome_sequence,2634.03,2738.19,5372.22,239.46,248.93,488.38,122.1,11.0, sdumont6169,64466.64
18.0,448,14,635848.0,148332.0,56495.0,1257460.0,839.68,2119.68,1699.84,4290.56,13.0,0,0.0,2.0,4n-2m-4th-100bs-377019s-DENV_1-usa-BVBRC_genome_sequence,sequana_cpu_dev,4,11534681.0,2,4,100,377019,DENV_1-usa-BVBRC_genome_sequence,3250.56,3399.01,6649.56,250.04,261.46,511.5,127.88,13.0, sdumont6167,93093.84
27.0,576,12,663455.0,152612.0,74621.5,1400756.0,788.48,2119.68,1638.4,4290.56,134.0,0,0.0,1.0,4n-2m-6th-100bs-377019s-DENV_1-usa-BVBRC_genome_sequence,sequana_cpu_dev,4,11534684.0,2,6,100,377019,DENV_1-usa-BVBRC_genome_sequence,2936.04,3054.1,5990.14,318.55,331.26,649.81,162.45,9.25, sdumont6165,71881.68000000001
11.0,480,10,580218.5,150596.0,25187.0,1392336.0,819.2,2119.68,1669.12,4290.56,133.0,0,0.0,1.0,4n-2m-6th-100bs-377019s-DENV_1-usa-BVBRC_genome_sequence,sequana_cpu_dev,4,11534688.0,2,6,100,377019,DENV_1-usa-BVBRC_genome_sequence,2303.58,2398.65,4702.23,287.95,299.83,587.78,146.94,8.0, sdumont6166,47022.3
18.0,480,10,546926.5,138076.0,28335.5,1380048.0,798.72,2119.68,1689.6,4290.56,147.0,0,16.0,126.0,4n-2m-6th-100bs-377019s-DENV_1-usa-BVBRC_genome_sequence,sequana_cpu_dev,4,11534695.0,2,6,100,377019,DENV_1-usa-BVBRC_genome_sequence,2776.67,2913.55,5690.22,308.52,323.73,632.25,158.06,9.0, sdumont6166,56902.2
22.0,720,15,699693.5,150496.0,57582.0,1392344.0,808.96,2119.68,1710.08,4290.56,144.0,0,0.0,2.0,4n-2m-6th-100bs-377019s-DENV_1-usa-BVBRC_genome_sequence,sequana_cpu_dev,4,11534698.0,2,6,100,377019,DENV_1-usa-BVBRC_genome_sequence,3030.92,3151.09,6182.01,233.15,242.39,475.54,118.88,13.0, sdumont6169,92730.15
16.0,432,9,654993.0,149276.0,56713.5,1392336.0,808.96,2119.68,1679.36,4290.56,131.0,0,0.0,1.0,4n-2m-6th-100bs-377019s-DENV_1-usa-BVBRC_genome_sequence,sequana_cpu_dev,4,11534700.0,2,6,100,377019,DENV_1-usa-BVBRC_genome_sequence,2250.83,2354.69,4605.53,281.35,294.34,575.69,143.92,8.0, sdumont6166,41449.77
15.0,640,10,547924.0,149060.0,38152.0,1527684.0,808.96,2109.44,1648.64,4229.12,15.0,0,0.0,2.0,4n-2m-8th-100bs-377019s-DENV_1-usa-BVBRC_genome_sequence,sequana_cpu_dev,4,11534704.0,2,8,100,377019,DENV_1-usa-BVBRC_genome_sequence,2330.02,2499.38,4829.4,291.25,312.42,603.67,150.92,8.0, sdumont6169,48294.0
27.0,960,15,836913.5,157100.0,71498.5,1535868.0,798.72,2119.68,1628.16,4290.56,13.0,0,1.0,5.0,4n-2m-8th-100bs-377019s-DENV_1-usa-BVBRC_genome_sequence,sequana_cpu_dev,4,11534707.0,2,8,100,377019,DENV_1-usa-BVBRC_genome_sequence,2449.97,2636.42,5086.38,350.0,376.63,726.63,181.66,7.0, sdumont6169,76295.7
13.0,576,9,580376.5,152860.0,39001.5,1535828.0,808.96,2119.68,1628.16,4290.56,12.0,0,0.0,1.0,4n-2m-8th-100bs-377019s-DENV_1-usa-BVBRC_genome_sequence,sequana_cpu_dev,4,11534711.0,2,8,100,377019,DENV_1-usa-BVBRC_genome_sequence,2288.49,2468.62,4757.12,286.06,308.58,594.64,148.66,8.0, sdumont6165,42814.08
15.0,640,10,547889.5,147824.0,38376.0,1515092.0,798.72,2109.44,1648.64,4229.12,11.0,0,0.0,0.0,4n-2m-8th-100bs-377019s-DENV_1-usa-BVBRC_genome_sequence,sequana_cpu_dev,4,11534715.0,2,8,100,377019,DENV_1-usa-BVBRC_genome_sequence,2568.51,2755.32,5323.83,285.39,306.15,591.54,147.88,9.0, sdumont6166,53238.3
20.0,576,9,682135.5,152644.0,56558.0,1527444.0,808.96,2119.68,1669.12,4290.56,16.0,0,0.0,4.0,4n-2m-8th-100bs-377019s-DENV_1-usa-BVBRC_genome_sequence,sequana_cpu_dev,4,11534718.0,2,8,100,377019,DENV_1-usa-BVBRC_genome_sequence,2556.19,2688.23,5244.42,341.84,360.25,702.08,175.52,7.5, sdumont6167,47199.78
25.0,800,10,662810.0,150776.0,41964.5,1662432.0,798.72,2109.44,1638.4,4229.12,128.0,0,37.0,279.0,4n-2m-10th-100bs-377019s-DENV_1-usa-BVBRC_genome_sequence,sequana_cpu_dev,4,11534720.0,2,10,100,377019,DENV_1-usa-BVBRC_genome_sequence,3177.11,3257.48,6434.59,353.01,361.94,714.95,178.74,9.0, sdumont6166,64345.9
26.0,720,9,677364.5,151704.0,56476.5,1658708.0,798.72,2119.68,1628.16,4290.56,141.0,0,0.0,3.0,4n-2m-10th-100bs-377019s-DENV_1-usa-BVBRC_genome_sequence,sequana_cpu_dev,4,11534722.0,2,10,100,377019,DENV_1-usa-BVBRC_genome_sequence,2645.42,2730.1,5375.53,330.68,341.26,671.94,167.99,8.0, sdumont6169,48379.77
22.0,880,11,665350.0,157396.0,40802.0,1670980.0,819.2,2119.68,1648.64,4290.56,148.0,0,0.0,1.0,4n-2m-10th-100bs-377019s-DENV_1-usa-BVBRC_genome_sequence,sequana_cpu_dev,4,11534724.0,2,10,100,377019,DENV_1-usa-BVBRC_genome_sequence,3708.29,3822.27,7530.56,402.05,414.54,816.6,204.15,9.25, sdumont6168,82836.16
26.0,720,9,787752.5,152912.0,57220.0,1662584.0,819.2,2119.68,1669.12,4290.56,136.0,0,0.0,3.0,4n-2m-10th-100bs-377019s-DENV_1-usa-BVBRC_genome_sequence,sequana_cpu_dev,4,11534726.0,2,10,100,377019,DENV_1-usa-BVBRC_genome_sequence,2724.2,2840.84,5565.04,377.46,393.39,770.84,192.71,7.25, sdumont6166,50085.36
36.0,800,10,964518.0,155028.0,76708.5,1671000.0,808.96,2119.68,1628.16,4290.56,133.0,0,1.0,5.0,4n-2m-10th-100bs-377019s-DENV_1-usa-BVBRC_genome_sequence,sequana_cpu_dev,4,11534729.0,2,10,100,377019,DENV_1-usa-BVBRC_genome_sequence,2657.38,2780.0,5437.38,359.06,375.67,734.72,183.68,7.5, sdumont6169,54373.8
29.0,864,9,783449.5,152836.0,56574.0,1797652.0,808.96,2119.68,1679.36,4290.56,12.0,0,2.0,11.0,4n-2m-12th-100bs-377019s-DENV_1-usa-BVBRC_genome_sequence,sequana_cpu_dev,4,11534733.0,2,12,100,377019,DENV_1-usa-BVBRC_genome_sequence,2669.09,2978.52,5647.6,381.3,425.5,806.8,201.7,7.0, sdumont6169,50828.4
14.0,1728,18,551009.0,109532.0,17234.0,1756400.0,829.44,2119.68,1689.6,4290.56,10.0,0,1.0,8.0,4n-2m-12th-100bs-377019s-DENV_1-usa-BVBRC_genome_sequence,sequana_cpu_dev,4,11534735.0,2,12,100,377019,DENV_1-usa-BVBRC_genome_sequence,3532.89,3859.32,7392.2,353.29,385.93,739.22,184.81,10.0, sdumont6165,133059.6
21.0,864,9,536911.5,149544.0,38268.0,1357564.0,798.72,2119.68,1679.36,4290.56,15.0,0,1.0,7.0,4n-2m-12th-100bs-377019s-DENV_1-usa-BVBRC_genome_sequence,sequana_cpu_dev,4,11534739.0,2,12,100,377019,DENV_1-usa-BVBRC_genome_sequence,2686.39,2970.75,5657.14,383.77,424.39,808.16,202.04,7.0, sdumont6169,50914.26
20.0,960,10,591923.0,150912.0,38428.0,1797688.0,808.96,2119.68,1679.36,4290.56,10.0,0,1.0,6.0,4n-2m-12th-100bs-377019s-DENV_1-usa-BVBRC_genome_sequence,sequana_cpu_dev,4,11534741.0,2,12,100,377019,DENV_1-usa-BVBRC_genome_sequence,2532.04,2741.21,5273.25,305.93,330.44,636.37,159.09,8.25, sdumont6166,52732.5
25.0,1056,11,670432.0,148696.0,38786.0,1797688.0,829.44,2119.68,1699.84,4290.56,11.0,0,1.0,5.0,4n-2m-12th-100bs-377019s-DENV_1-usa-BVBRC_genome_sequence,sequana_cpu_dev,4,11534743.0,2,12,100,377019,DENV_1-usa-BVBRC_genome_sequence,3305.0,3626.08,6931.07,330.5,362.61,693.11,173.28,10.0, sdumont6165,76241.76999999999
36.0,1120,10,802647.5,150040.0,56432.5,1932824.0,798.72,2109.44,1628.16,4229.12,136.0,0,3.0,13.0,4n-2m-14th-100bs-377019s-DENV_1-usa-BVBRC_genome_sequence,sequana_cpu_dev,4,11534745.0,2,14,100,377019,DENV_1-usa-BVBRC_genome_sequence,2729.13,2847.28,5576.41,389.88,406.75,796.63,199.16,7.0, sdumont6165,55764.1
46.0,896,8,1026067.5,149136.0,59663.5,1932852.0,808.96,2119.68,1669.12,4290.56,129.0,0,3.0,9.0,4n-2m-14th-100bs-377019s-DENV_1-usa-BVBRC_genome_sequence,sequana_cpu_dev,4,11534747.0,2,14,100,377019,DENV_1-usa-BVBRC_genome_sequence,2745.18,2873.41,5618.59,392.17,410.49,802.66,200.66,7.0, sdumont6165,44948.72
36.0,1232,11,920234.0,155396.0,59127.0,2160992.0,829.44,2119.68,1751.04,4290.56,68.0,0,85.0,269.0,4n-2m-14th-100bs-377019s-DENV_1-usa-BVBRC_genome_sequence,sequana_cpu_dev,4,11534750.0,2,14,100,377019,DENV_1-usa-BVBRC_genome_sequence,3233.97,3292.63,6526.6,349.68,356.99,706.67,176.67,9.25, sdumont6202,71792.6
48.0,1008,9,1097538.5,152860.0,75748.5,1932852.0,819.2,2119.68,1669.12,4290.56,139.0,0,4.0,14.0,4n-2m-14th-100bs-377019s-DENV_1-usa-BVBRC_genome_sequence,sequana_cpu_dev,4,11534752.0,2,14,100,377019,DENV_1-usa-BVBRC_genome_sequence,2790.09,2891.31,5681.4,348.76,361.41,710.17,177.54,8.0, sdumont6167,51132.6
23.0,1008,9,682228.5,150900.0,39864.5,1932864.0,819.2,2119.68,1679.36,4290.56,133.0,0,0.0,5.0,4n-2m-14th-100bs-377019s-DENV_1-usa-BVBRC_genome_sequence,sequana_cpu_dev,4,11534755.0,2,14,100,377019,DENV_1-usa-BVBRC_genome_sequence,2745.92,2830.29,5576.21,355.29,367.23,722.53,180.63,7.75, sdumont6167,50185.89
15.0,1408,11,536215.5,140960.0,20619.5,2055740.0,829.44,2119.68,1689.6,4290.56,13.0,0,2.0,16.0,4n-2m-16th-100bs-377019s-DENV_1-usa-BVBRC_genome_sequence,sequana_cpu_dev,4,11534757.0,2,16,100,377019,DENV_1-usa-BVBRC_genome_sequence,2848.06,3043.71,5891.77,356.01,380.46,736.47,184.12,8.0, sdumont6169,64809.47
41.0,2560,20,885892.5,155552.0,57546.5,2076400.0,798.72,2119.68,1628.16,4290.56,10.0,0,5.0,21.0,4n-2m-16th-100bs-377019s-DENV_1-usa-BVBRC_genome_sequence,sequana_cpu_dev,4,11534759.0,2,16,100,377019,DENV_1-usa-BVBRC_genome_sequence,2788.45,3020.78,5809.24,348.56,377.6,726.15,181.54,8.0, sdumont6166,116184.8
55.0,1152,9,1001770.5,149260.0,75257.0,2068032.0,798.72,2119.68,1679.36,4290.56,14.0,0,5.0,16.0,4n-2m-16th-100bs-377019s-DENV_1-usa-BVBRC_genome_sequence,sequana_cpu_dev,4,11534761.0,2,16,100,377019,DENV_1-usa-BVBRC_genome_sequence,2774.81,3013.35,5788.16,396.4,430.48,826.88,206.72,7.0, sdumont6169,52093.44
51.0,1408,11,939820.0,151192.0,57089.5,2068036.0,829.44,2119.68,1689.6,4290.56,10.0,0,5.0,19.0,4n-2m-16th-100bs-377019s-DENV_1-usa-BVBRC_genome_sequence,sequana_cpu_dev,4,11534763.0,2,16,100,377019,DENV_1-usa-BVBRC_genome_sequence,3777.01,4055.93,7832.95,409.54,440.09,849.63,212.41,9.25, sdumont6166,86162.45
56.0,1280,10,1055208.0,150916.0,75029.0,2068032.0,798.72,2109.44,1628.16,4229.12,14.0,0,23.0,156.0,4n-2m-16th-100bs-377019s-DENV_1-usa-BVBRC_genome_sequence,sequana_cpu_dev,4,11534765.0,2,16,100,377019,DENV_1-usa-BVBRC_genome_sequence,2594.83,2834.82,5429.65,315.82,344.19,660.0,165.0,8.25, sdumont6167,54296.5
68.0,1296,9,1179881.0,155100.0,76527.0,2211656.0,798.72,2119.68,1628.16,4290.56,125.0,0,8.0,21.0,4n-2m-18th-100bs-377019s-DENV_1-usa-BVBRC_genome_sequence,sequana_cpu_dev,4,11534768.0,2,18,100,377019,DENV_1-usa-BVBRC_genome_sequence,2788.44,2878.35,5666.79,348.55,359.79,708.35,177.09,8.0, sdumont6168,51001.11
59.0,1584,11,876264.5,150148.0,52328.0,2199344.0,798.72,2109.44,1638.4,4229.12,148.0,0,5.0,19.0,4n-2m-18th-100bs-377019s-DENV_1-usa-BVBRC_genome_sequence,sequana_cpu_dev,4,11534770.0,2,18,100,377019,DENV_1-usa-BVBRC_genome_sequence,3729.97,3868.63,7598.61,414.44,429.85,844.29,211.07,9.0, sdumont6166,83584.70999999999
42.0,1728,12,774399.0,155020.0,40915.5,2211624.0,829.44,2119.68,1669.12,4290.56,182.0,0,3.0,14.0,4n-2m-18th-100bs-377019s-DENV_1-usa-BVBRC_genome_sequence,sequana_cpu_dev,4,11534772.0,2,18,100,377019,DENV_1-usa-BVBRC_genome_sequence,3844.39,3957.42,7801.82,349.49,359.77,709.26,177.31,11.0, sdumont6168,93621.84
90.0,1872,13,1262356.0,155240.0,76575.5,2426020.0,829.44,2119.68,1658.88,4290.56,1.0,0,6.0,18.0,4n-2m-18th-100bs-377019s-DENV_1-usa-BVBRC_genome_sequence,sequana_cpu_dev,4,11534775.0,2,18,100,377019,DENV_1-usa-BVBRC_genome_sequence,4680.46,4849.03,9529.49,425.5,440.82,866.32,216.58,11.0, sdumont6167,123883.37
36.0,1440,10,773343.5,155452.0,40520.5,2211624.0,808.96,2119.68,1638.4,4290.56,1.0,0,2.0,12.0,4n-2m-18th-100bs-377019s-DENV_1-usa-BVBRC_genome_sequence,sequana_cpu_dev,4,11534777.0,2,18,100,377019,DENV_1-usa-BVBRC_genome_sequence,2806.5,2931.38,5737.88,330.83,345.95,676.79,169.2,8.5, sdumont6166,57378.8
42.0,1760,11,861619.5,154808.0,40779.0,2346680.0,819.2,2119.68,1648.64,4290.56,1.0,0,4.0,20.0,4n-2m-20th-100bs-377019s-DENV_1-usa-BVBRC_genome_sequence,sequana_cpu_dev,4,11534779.0,2,20,100,377019,DENV_1-usa-BVBRC_genome_sequence,3977.15,4184.12,8161.27,441.91,464.9,906.81,226.7,9.0, sdumont6166,89773.97
55.0,1600,10,783095.5,155252.0,39720.5,2346680.0,798.72,2119.68,1669.12,4290.56,1.0,0,8.0,24.0,4n-2m-20th-100bs-377019s-DENV_1-usa-BVBRC_genome_sequence,sequana_cpu_dev,4,11534783.0,2,20,100,377019,DENV_1-usa-BVBRC_genome_sequence,2834.09,2968.69,5802.78,344.9,361.05,705.95,176.49,8.25, sdumont6167,58027.8
91.0,1920,12,1186007.0,157696.0,70320.5,2346680.0,798.72,2119.68,1638.4,4290.56,3.0,0,10.0,28.0,4n-2m-20th-100bs-377019s-DENV_1-usa-BVBRC_genome_sequence,sequana_cpu_dev,4,11534787.0,2,20,100,377019,DENV_1-usa-BVBRC_genome_sequence,3410.97,3573.1,6984.07,349.91,366.04,715.95,178.99,9.75, sdumont6165,83808.84
56.0,1600,10,1035667.0,151360.0,51394.5,2338264.0,819.2,2119.68,1669.12,4290.56,1.0,0,5.0,19.0,4n-2m-20th-100bs-377019s-DENV_1-usa-BVBRC_genome_sequence,sequana_cpu_dev,4,11534800.0,2,20,100,377019,DENV_1-usa-BVBRC_genome_sequence,2908.25,3060.26,5968.51,368.46,386.86,755.31,188.83,8.0, sdumont6165,59685.100000000006
43.0,1760,11,881319.5,148892.0,39383.5,2338264.0,829.44,2119.68,1699.84,4290.56,1.0,0,3.0,19.0,4n-2m-20th-100bs-377019s-DENV_1-usa-BVBRC_genome_sequence,sequana_cpu_dev,4,11534804.0,2,20,100,377019,DENV_1-usa-BVBRC_genome_sequence,3948.83,4176.87,8125.7,428.39,453.0,881.39,220.35,9.25, sdumont6165,89382.7
63.0,1936,11,1037948.0,153524.0,57534.0,2481864.0,808.96,2119.68,1679.36,4290.56,1.0,0,8.0,26.0,4n-2m-22th-100bs-377019s-DENV_1-usa-BVBRC_genome_sequence,sequana_cpu_dev,4,11534806.0,2,22,100,377019,DENV_1-usa-BVBRC_genome_sequence,2995.82,3110.23,6106.05,374.48,388.78,763.26,190.81,8.0, sdumont6166,67166.55
60.0,1936,11,1034342.0,159636.0,54419.0,2482008.0,808.96,2119.68,1648.64,4290.56,1.0,0,6.0,25.0,4n-2m-22th-100bs-377019s-DENV_1-usa-BVBRC_genome_sequence,sequana_cpu_dev,4,11534811.0,2,22,100,377019,DENV_1-usa-BVBRC_genome_sequence,3444.66,3607.31,7051.97,382.74,400.81,783.55,195.89,9.0, sdumont6165,77571.67
62.0,1760,10,1020195.0,150976.0,41602.0,2473448.0,808.96,2119.68,1669.12,4290.56,1.0,0,3.0,13.0,4n-2m-22th-100bs-377019s-DENV_1-usa-BVBRC_genome_sequence,sequana_cpu_dev,4,11534814.0,2,22,100,377019,DENV_1-usa-BVBRC_genome_sequence,2926.03,3057.59,5983.62,365.75,382.2,747.95,186.99,8.0, sdumont6168,59836.2
71.0,1936,11,1088621.0,156972.0,58682.0,2481868.0,808.96,2119.68,1648.64,4290.56,1.0,0,7.0,24.0,4n-2m-22th-100bs-377019s-DENV_1-usa-BVBRC_genome_sequence,sequana_cpu_dev,4,11534817.0,2,22,100,377019,DENV_1-usa-BVBRC_genome_sequence,3797.57,3968.38,7765.94,421.95,440.93,862.88,215.72,9.0, sdumont6169,85425.34
61.0,1936,11,1119020.0,153300.0,59378.5,2481868.0,808.96,2119.68,1669.12,4290.56,523.0,0,6.0,18.0,4n-2m-22th-100bs-377019s-DENV_1-usa-BVBRC_genome_sequence,sequana_cpu_dev,4,11534822.0,2,22,100,377019,DENV_1-usa-BVBRC_genome_sequence,3028.66,3086.76,6115.42,378.58,385.84,764.43,191.11,8.0, sdumont6166,67269.62
86.0,2496,13,1149129.0,151408.0,41995.0,2608632.0,839.68,2119.68,1730.56,4290.56,146.0,0,48.0,354.0,4n-2m-24th-100bs-377019s-DENV_1-usa-BVBRC_genome_sequence,sequana_cpu_dev,4,11534826.0,2,24,100,377019,DENV_1-usa-BVBRC_genome_sequence,4751.01,4938.83,9689.84,452.76,470.34,923.1,230.77,10.5, sdumont6168,125967.92
86.0,2688,14,1166075.0,151940.0,57417.5,2608636.0,839.68,2119.68,1720.32,4290.56,1.0,0,7.0,25.0,4n-2m-24th-100bs-377019s-DENV_1-usa-BVBRC_genome_sequence,sequana_cpu_dev,4,11534829.0,2,24,100,377019,DENV_1-usa-BVBRC_genome_sequence,4459.12,4726.99,9186.11,371.59,393.92,765.51,191.38,12.0, sdumont6168,128605.54
84.0,2304,12,1143598.5,151428.0,58045.5,2608636.0,829.44,2119.68,1740.8,4290.56,1.0,0,8.0,32.0,4n-2m-24th-100bs-377019s-DENV_1-usa-BVBRC_genome_sequence,sequana_cpu_dev,4,11534831.0,2,24,100,377019,DENV_1-usa-BVBRC_genome_sequence,4192.89,4398.47,8591.36,430.46,452.3,882.76,220.69,9.75, sdumont6165,103096.32
59.0,2496,13,869198.0,149812.0,35269.5,2608628.0,839.68,2119.68,1699.84,4290.56,1.0,0,4.0,26.0,4n-2m-24th-100bs-377019s-DENV_1-usa-BVBRC_genome_sequence,sequana_cpu_dev,4,11534832.0,2,24,100,377019,DENV_1-usa-BVBRC_genome_sequence,4891.96,5120.86,10012.82,489.2,512.09,1001.28,250.32,10.0, sdumont6166,130166.66
28.0,2304,12,533666.0,25088.0,6515.5,2035344.0,829.44,2109.44,1689.6,4229.12,307.0,0,4.0,32.0,4n-2m-24th-100bs-377019s-DENV_1-usa-BVBRC_genome_sequence,sequana_cpu_dev,4,11534835.0,2,24,100,377019,DENV_1-usa-BVBRC_genome_sequence,4189.49,4377.47,8566.97,380.86,397.95,778.82,194.7,11.0, sdumont6169,102803.63999999998
9854.0,20064,456,2462708.0,168296.0,160568.0,2471636.0,2334.72,4648.96,2334.72,4648.96,197582.0,0,15.0,18.0,2n-1m-22th-1000bs-484520s-DENV_1-brazil-BVBRC_genome_sequence,sequana_cpu,2,11534894.0,1,22,1000,484520,DENV_1-brazil-BVBRC_genome_sequence,108904.01,36321.04,145225.05,239.35,79.83,319.18,159.59,455.0, sdumont6141,66222622.8
9797.0,20240,460,2468442.0,167636.0,159064.0,2483080.0,6215.68,4638.72,9717.76,4638.72,135479.0,0,501.0,514.0,2n-1m-22th-1000bs-484520s-DENV_1-brazil-BVBRC_genome_sequence,sequana_cpu,2,11535358.0,1,22,1000,484520,DENV_1-brazil-BVBRC_genome_sequence,114271.76,38404.39,152676.15,248.96,83.67,332.63,166.31,459.0, sdumont6057,70231029.0
10674.0,23040,480,2595198.0,165096.0,158098.0,2601416.0,2344.96,4628.48,2344.96,4628.48,81144.0,0,507.0,513.0,2n-1m-24th-1000bs-484520s-DENV_1-brazil-BVBRC_genome_sequence,sequana_cpu,2,11535890.0,1,24,1000,484520,DENV_1-brazil-BVBRC_genome_sequence,115438.83,38037.63,153476.45,241.5,79.58,321.08,160.54,478.0, sdumont6212,73668696.0
11372.0,23568,491,2595122.0,163220.0,156984.0,2601272.0,2375.68,4648.96,2385.92,4648.96,105949.0,0,506.0,507.0,2n-1m-24th-1000bs-484520s-DENV_1-brazil-BVBRC_genome_sequence,sequana_cpu,2,11535896.0,1,24,1000,484520,DENV_1-brazil-BVBRC_genome_sequence,123970.47,37424.85,161395.32,256.14,77.32,333.46,166.73,484.0, sdumont6227,79245102.12
11442.0,23088,481,2594988.0,169332.0,164074.0,2601056.0,2375.68,4648.96,2385.92,4648.96,106160.0,0,11.0,13.0,2n-1m-24th-1000bs-484520s-DENV_1-brazil-BVBRC_genome_sequence,sequana_cpu,2,11535901.0,1,24,1000,484520,DENV_1-brazil-BVBRC_genome_sequence,122848.0,37124.38,159972.38,255.93,77.34,333.28,166.64,480.0, sdumont6207,76946714.78
12130.0,24912,519,2598034.0,165540.0,158290.0,2601416.0,2508.8,4648.96,2590.72,4648.96,106126.0,0,14.0,15.0,2n-1m-24th-1000bs-484520s-DENV_1-brazil-BVBRC_genome_sequence,sequana_cpu,2,11535909.0,1,24,1000,484520,DENV_1-brazil-BVBRC_genome_sequence,131872.81,40580.81,172453.61,254.58,78.34,332.92,166.46,518.0, sdumont6185,89503423.58999999
13893.0,29224,562,2733146.0,165428.0,160108.0,2736432.0,2478.08,4638.72,2478.08,4648.96,73982.0,0,518.0,521.0,2n-1m-26th-1000bs-484520s-DENV_1-brazil-BVBRC_genome_sequence,sequana_cpu,2,11536506.0,1,26,1000,484520,DENV_1-brazil-BVBRC_genome_sequence,133972.12,63484.01,197456.14,238.81,113.16,351.97,175.99,561.0, sdumont6212,110970350.68
13890.0,28912,556,2733048.0,163416.0,157196.0,2742156.0,2478.08,4638.72,2478.08,4638.72,73838.0,0,514.0,523.0,2n-1m-26th-1000bs-484520s-DENV_1-brazil-BVBRC_genome_sequence,sequana_cpu,2,11536510.0,1,26,1000,484520,DENV_1-brazil-BVBRC_genome_sequence,137210.49,61953.9,199164.39,248.12,112.03,360.15,180.08,553.0, sdumont6124,110735400.84
13958.0,29068,559,2730190.0,165320.0,159050.0,2736232.0,2478.08,4638.72,2478.08,4638.72,73683.0,0,11.0,12.0,2n-1m-26th-1000bs-484520s-DENV_1-brazil-BVBRC_genome_sequence,sequana_cpu,2,11536516.0,1,26,1000,484520,DENV_1-brazil-BVBRC_genome_sequence,134026.63,63637.81,197664.45,240.62,114.25,354.87,177.44,557.0, sdumont6287,110494427.55
14700.0,31200,600,2730338.0,167136.0,159072.0,2736380.0,2529.28,4638.72,2529.28,4648.96,73540.0,0,10.0,11.0,2n-1m-26th-1000bs-484520s-DENV_1-brazil-BVBRC_genome_sequence,sequana_cpu,2,11536519.0,1,26,1000,484520,DENV_1-brazil-BVBRC_genome_sequence,148248.65,66471.59,214720.24,247.49,110.97,358.46,179.23,599.0, sdumont6124,128832144.0
15848.0,32312,577,2976742.0,167176.0,162800.0,3082076.0,2529.28,4648.96,2529.28,4648.96,75975.0,0,26.0,34.0,2n-1m-28th-1000bs-484520s-DENV_1-brazil-BVBRC_genome_sequence,sequana_cpu,2,11536522.0,1,28,1000,484520,DENV_1-brazil-BVBRC_genome_sequence,138496.51,79377.61,217874.12,240.86,138.05,378.91,189.46,575.0, sdumont6287,125713367.24
16631.0,35336,631,2868390.0,169548.0,162410.0,2871772.0,2754.56,4638.72,2938.88,4648.96,98242.0,0,526.0,546.0,2n-1m-28th-1000bs-484520s-DENV_1-brazil-BVBRC_genome_sequence,sequana_cpu,2,11536527.0,1,28,1000,484520,DENV_1-brazil-BVBRC_genome_sequence,154482.98,89038.41,243521.39,245.21,141.33,386.54,193.27,630.0, sdumont6244,153661997.09
15867.0,32928,588,2865410.0,164996.0,161172.0,2871560.0,2713.6,4648.96,2897.92,4648.96,98666.0,0,17.0,18.0,2n-1m-28th-1000bs-484520s-DENV_1-brazil-BVBRC_genome_sequence,sequana_cpu,2,11536531.0,1,28,1000,484520,DENV_1-brazil-BVBRC_genome_sequence,144089.31,83335.06,227424.37,245.47,141.97,387.44,193.72,587.0, sdumont6244,133725529.56
15035.0,31864,569,2976914.0,167688.0,163318.0,3082084.0,2662.4,4638.72,2846.72,4648.96,98726.0,0,15.0,20.0,2n-1m-28th-1000bs-484520s-DENV_1-brazil-BVBRC_genome_sequence,sequana_cpu,2,11536538.0,1,28,1000,484520,DENV_1-brazil-BVBRC_genome_sequence,138080.29,80419.34,218499.63,243.53,141.83,385.36,192.68,567.0, sdumont6244,124326289.47
17543.0,35784,639,2976762.0,173020.0,164210.0,3094228.0,2805.76,4648.96,2990.08,4648.96,98786.0,0,16.0,19.0,2n-1m-28th-1000bs-484520s-DENV_1-brazil-BVBRC_genome_sequence,sequana_cpu,2,11536546.0,1,28,1000,484520,DENV_1-brazil-BVBRC_genome_sequence,157615.14,90079.82,247694.97,247.43,141.41,388.85,194.42,637.0, sdumont6243,158277085.83
16998.0,34800,580,3114712.0,165820.0,160398.0,3222840.0,2713.6,4648.96,2897.92,4648.96,99079.0,0,13.0,15.0,2n-1m-30th-1000bs-484520s-DENV_1-brazil-BVBRC_genome_sequence,sequana_cpu,2,11536551.0,1,30,1000,484520,DENV_1-brazil-BVBRC_genome_sequence,140690.66,96136.62,236827.28,243.41,166.33,409.74,204.87,578.0, sdumont6244,137359822.4
18806.0,39240,654,3114560.0,167756.0,160984.0,3222536.0,2805.76,4648.96,2990.08,4648.96,99123.0,0,18.0,19.0,2n-1m-30th-1000bs-484520s-DENV_1-brazil-BVBRC_genome_sequence,sequana_cpu,2,11536558.0,1,30,1000,484520,DENV_1-brazil-BVBRC_genome_sequence,159601.91,107912.86,267514.77,244.41,165.26,409.67,204.84,653.0, sdumont6244,174954659.58
17848.0,36240,604,3000510.0,167452.0,160286.0,3006584.0,2570.24,4648.96,2570.24,4648.96,153963.0,0,549.0,550.0,2n-1m-30th-1000bs-484520s-DENV_1-brazil-BVBRC_genome_sequence,sequana_cpu,2,11536563.0,1,30,1000,484520,DENV_1-brazil-BVBRC_genome_sequence,148296.52,99472.77,247769.3,246.34,165.24,411.58,205.79,602.0, sdumont6140,149652657.2
18815.0,39180,653,3000600.0,165436.0,161376.0,3006584.0,2621.44,4648.96,2621.44,4648.96,154049.0,0,22.0,32.0,2n-1m-30th-1000bs-484520s-DENV_1-brazil-BVBRC_genome_sequence,sequana_cpu,2,11536568.0,1,30,1000,484520,DENV_1-brazil-BVBRC_genome_sequence,162891.52,107648.28,270539.8,250.22,165.36,415.58,207.79,651.0, sdumont6140,176662489.4
16086.0,34140,569,3003220.0,165132.0,161152.0,3012148.0,2478.08,4638.72,2478.08,4638.72,154168.0,0,19.0,27.0,2n-1m-30th-1000bs-484520s-DENV_1-brazil-BVBRC_genome_sequence,sequana_cpu,2,11536572.0,1,30,1000,484520,DENV_1-brazil-BVBRC_genome_sequence,140497.11,94631.16,235128.27,247.78,166.89,414.67,207.34,567.0, sdumont6141,133787985.63
18133.0,36928,577,3249988.0,167092.0,160302.0,3370300.0,2529.28,4648.96,2529.28,4648.96,154409.0,0,22.0,23.0,2n-1m-32th-1000bs-484520s-DENV_1-brazil-BVBRC_genome_sequence,sequana_cpu,2,11536575.0,1,32,1000,484520,DENV_1-brazil-BVBRC_genome_sequence,142193.27,107284.22,249477.48,247.29,186.58,433.87,216.94,575.0, sdumont6140,143948505.96
17197.0,35776,559,3138472.0,165692.0,160404.0,3141912.0,2478.08,4638.72,2478.08,4638.72,154418.0,0,15.0,19.0,2n-1m-32th-1000bs-484520s-DENV_1-brazil-BVBRC_genome_sequence,sequana_cpu,2,11536582.0,1,32,1000,484520,DENV_1-brazil-BVBRC_genome_sequence,136648.23,103300.08,239948.32,246.21,186.13,432.34,216.17,555.0, sdumont6141,134131110.88
20062.0,40576,634,3141328.0,169712.0,161392.0,3147472.0,2621.44,4648.96,2621.44,4648.96,154649.0,0,19.0,21.0,2n-1m-32th-1000bs-484520s-DENV_1-brazil-BVBRC_genome_sequence,sequana_cpu,2,11536586.0,1,32,1000,484520,DENV_1-brazil-BVBRC_genome_sequence,155148.92,116062.82,271211.74,245.1,183.35,428.45,214.23,633.0, sdumont6140,171948243.16
20052.0,41152,643,3135770.0,165736.0,160276.0,3142072.0,2621.44,4648.96,2621.44,4648.96,154753.0,0,191.0,368.0,2n-1m-32th-1000bs-484520s-DENV_1-brazil-BVBRC_genome_sequence,sequana_cpu,2,11536592.0,1,32,1000,484520,DENV_1-brazil-BVBRC_genome_sequence,158983.65,118127.38,277111.03,248.8,184.86,433.66,216.83,639.0, sdumont6141,178182392.29000002
17190.0,36544,571,3247178.0,169588.0,161306.0,3364740.0,2478.08,4628.48,2478.08,4638.72,155239.0,0,36.0,57.0,2n-1m-32th-1000bs-484520s-DENV_1-brazil-BVBRC_genome_sequence,sequana_cpu,2,11536594.0,1,32,1000,484520,DENV_1-brazil-BVBRC_genome_sequence,138417.82,104839.01,243256.83,243.49,184.42,427.9,213.95,568.5, sdumont6141,138899649.93
20294.0,41072,604,3271030.0,167688.0,161636.0,3277084.0,2570.24,4648.96,2570.24,4648.96,155660.0,0,28.0,29.0,2n-1m-34th-1000bs-484520s-DENV_1-brazil-BVBRC_genome_sequence,sequana_cpu,2,11536596.0,1,34,1000,484520,DENV_1-brazil-BVBRC_genome_sequence,146667.39,120354.8,267022.19,243.23,199.59,442.82,221.41,603.0, sdumont6140,161281402.76
21306.0,44200,650,3270866.0,165648.0,161614.0,3276940.0,2621.44,4638.72,2621.44,4648.96,148009.0,0,14.0,14.0,2n-1m-34th-1000bs-484520s-DENV_1-brazil-BVBRC_genome_sequence,sequana_cpu,2,11536741.0,1,34,1000,484520,DENV_1-brazil-BVBRC_genome_sequence,158876.01,129067.92,287943.93,245.36,199.33,444.69,222.35,647.5, sdumont6141,187163554.5
20300.0,41140,605,3382200.0,169392.0,161458.0,3499756.0,2570.24,4648.96,2570.24,4648.96,123213.0,0,19.0,23.0,2n-1m-34th-1000bs-484520s-DENV_1-brazil-BVBRC_genome_sequence,sequana_cpu,2,11537058.0,1,34,1000,484520,DENV_1-brazil-BVBRC_genome_sequence,145636.5,120084.63,265721.13,241.12,198.82,439.94,219.97,604.0, sdumont6140,160761283.65
19279.0,38964,573,3382354.0,169960.0,162520.0,3487608.0,2529.28,4648.96,2529.28,4648.96,123301.0,0,24.0,36.0,2n-1m-34th-1000bs-484520s-DENV_1-brazil-BVBRC_genome_sequence,sequana_cpu,2,11537063.0,1,34,1000,484520,DENV_1-brazil-BVBRC_genome_sequence,138361.99,114057.12,252419.11,242.32,199.75,442.06,221.03,571.0, sdumont6141,144636150.03
23632.0,47880,665,3408902.0,167808.0,161576.0,3412420.0,2672.64,4648.96,2672.64,4648.96,123355.0,0,23.0,29.0,2n-1m-36th-1000bs-484520s-DENV_1-brazil-BVBRC_genome_sequence,sequana_cpu,2,11537069.0,1,36,1000,484520,DENV_1-brazil-BVBRC_genome_sequence,160137.07,135520.26,295657.33,241.17,204.1,445.27,222.63,664.0, sdumont6140,196612124.45
22562.0,46080,640,3520238.0,163288.0,160306.0,3622800.0,2621.44,4648.96,2621.44,4659.2,92743.0,0,220.0,423.0,2n-1m-36th-1000bs-484520s-DENV_1-brazil-BVBRC_genome_sequence,sequana_cpu,2,11537304.0,1,36,1000,484520,DENV_1-brazil-BVBRC_genome_sequence,155700.7,130736.36,286437.06,243.66,204.6,448.26,224.13,639.0, sdumont6141,183319718.4
22543.0,48168,669,3406120.0,172072.0,163808.0,3412420.0,2621.44,4648.96,2621.44,4648.96,93225.0,0,36.0,55.0,2n-1m-36th-1000bs-484520s-DENV_1-brazil-BVBRC_genome_sequence,sequana_cpu,2,11537306.0,1,36,1000,484520,DENV_1-brazil-BVBRC_genome_sequence,159430.74,133234.25,292664.99,245.66,205.29,450.95,225.47,649.0, sdumont6140,195792878.31
21495.0,43344,602,3408824.0,165676.0,160624.0,3417676.0,2570.24,4648.96,2570.24,4648.96,93568.0,0,34.0,45.0,2n-1m-36th-1000bs-484520s-DENV_1-brazil-BVBRC_genome_sequence,sequana_cpu,2,11537311.0,1,36,1000,484520,DENV_1-brazil-BVBRC_genome_sequence,146377.88,123021.1,269398.98,243.56,204.69,448.25,224.13,601.0, sdumont6141,162178185.95999998
22497.0,46728,649,3406120.0,168096.0,160842.0,3412272.0,2621.44,4648.96,2621.44,4648.96,93591.0,0,588.0,589.0,2n-1m-36th-1000bs-484520s-DENV_1-brazil-BVBRC_genome_sequence,sequana_cpu,2,11537313.0,1,36,1000,484520,DENV_1-brazil-BVBRC_genome_sequence,156282.85,125237.19,281520.04,241.55,193.57,435.12,217.56,647.0, sdumont6130,182706505.96
23828.0,50160,660,3543932.0,165728.0,160538.0,3552860.0,2621.44,4638.72,2621.44,4648.96,90962.0,0,20.0,23.0,2n-1m-38th-1000bs-484520s-DENV_1-brazil-BVBRC_genome_sequence,sequana_cpu,2,11537336.0,1,38,1000,484520,DENV_1-brazil-BVBRC_genome_sequence,162926.36,137161.44,300087.81,247.23,208.14,455.37,227.68,659.0, sdumont6140,198057954.6
22680.0,47348,623,3652632.0,167776.0,162716.0,3770260.0,2570.24,4648.96,2570.24,4648.96,68323.0,0,26.0,38.0,2n-1m-38th-1000bs-484520s-DENV_1-brazil-BVBRC_genome_sequence,sequana_cpu,2,11537564.0,1,38,1000,484520,DENV_1-brazil-BVBRC_genome_sequence,148920.77,122492.53,271413.3,239.81,197.25,437.06,218.53,621.0, sdumont6131,169090485.9
24963.0,50464,664,3541232.0,168220.0,160812.0,3547296.0,2672.64,4648.96,2672.64,4659.2,68038.0,0,26.0,26.0,2n-1m-38th-1000bs-484520s-DENV_1-brazil-BVBRC_genome_sequence,sequana_cpu,2,11537581.0,1,38,1000,484520,DENV_1-brazil-BVBRC_genome_sequence,160712.19,135632.61,296344.8,242.4,204.57,446.98,223.49,663.0, sdumont6140,196772947.2
24951.0,51376,676,3652558.0,170256.0,162808.0,3757820.0,2672.64,4648.96,2672.64,4648.96,67696.0,0,18.0,21.0,2n-1m-38th-1000bs-484520s-DENV_1-brazil-BVBRC_genome_sequence,sequana_cpu,2,11537590.0,1,38,1000,484520,DENV_1-brazil-BVBRC_genome_sequence,163399.08,132316.66,295715.74,242.25,196.17,438.42,219.21,674.5, sdumont6130,199903840.24
24951.0,50616,666,3652632.0,167464.0,160362.0,3770112.0,2672.64,4648.96,2672.64,4659.2,67476.0,0,25.0,30.0,2n-1m-38th-1000bs-484520s-DENV_1-brazil-BVBRC_genome_sequence,sequana_cpu,2,11537597.0,1,38,1000,484520,DENV_1-brazil-BVBRC_genome_sequence,160055.85,134772.67,294828.53,241.78,203.58,445.36,222.68,662.0, sdumont6140,196355800.98
26256.0,55040,688,3676398.0,165980.0,160966.0,3682472.0,2672.64,4648.96,2672.64,4648.96,67134.0,0,20.0,21.0,2n-1m-40th-1000bs-484520s-DENV_1-brazil-BVBRC_genome_sequence,sequana_cpu,2,11537602.0,1,40,1000,484520,DENV_1-brazil-BVBRC_genome_sequence,164719.5,137794.75,302514.25,240.47,201.16,441.63,220.81,685.0, sdumont6130,208129804.0
27423.0,55760,697,3676324.0,167844.0,160666.0,3682472.0,2713.6,4648.96,2713.6,4648.96,66915.0,0,223.0,437.0,2n-1m-40th-1000bs-484520s-DENV_1-brazil-BVBRC_genome_sequence,sequana_cpu,2,11537610.0,1,40,1000,484520,DENV_1-brazil-BVBRC_genome_sequence,170206.95,148250.89,318457.85,244.72,213.15,457.88,228.94,695.5, sdumont6141,221965121.45
27363.0,56160,702,3679106.0,165792.0,159832.0,3688032.0,2723.84,4648.96,2723.84,4648.96,16560.0,0,1187.0,1766.0,2n-1m-40th-1000bs-484520s-DENV_1-brazil-BVBRC_genome_sequence,sequana_cpu,2,11537939.0,1,40,1000,484520,DENV_1-brazil-BVBRC_genome_sequence,154237.66,132414.55,286652.21,220.65,189.43,410.09,205.04,699.0, sdumont6074,201229851.42
26143.0,53840,673,3676472.0,168040.0,162138.0,3682616.0,2672.64,4648.96,2672.64,4648.96,84466.0,0,605.0,608.0,2n-1m-40th-1000bs-484520s-DENV_1-brazil-BVBRC_genome_sequence,sequana_cpu,2,11537942.0,1,40,1000,484520,DENV_1-brazil-BVBRC_genome_sequence,162707.25,146831.07,309538.32,242.12,218.5,460.62,230.31,672.0, sdumont6263,208319289.36
30073.0,61068,727,3814432.0,170660.0,163108.0,3817936.0,2764.8,4648.96,2764.8,4648.96,84633.0,0,22.0,22.0,2n-1m-42th-1000bs-484520s-DENV_1-brazil-BVBRC_genome_sequence,sequana_cpu,2,11537943.0,1,42,1000,484520,DENV_1-brazil-BVBRC_genome_sequence,176443.45,158902.67,335346.12,244.21,219.94,464.15,232.08,722.5, sdumont6113,243796629.24
25072.0,52752,628,3811510.0,166164.0,162122.0,3817656.0,2570.24,4638.72,2570.24,4638.72,84664.0,0,34.0,44.0,2n-1m-42th-1000bs-484520s-DENV_1-brazil-BVBRC_genome_sequence,sequana_cpu,2,11537944.0,1,42,1000,484520,DENV_1-brazil-BVBRC_genome_sequence,153674.78,138309.77,291984.55,245.49,220.94,466.43,233.21,626.0, sdumont6113,183366297.4
28832.0,60144,716,3811810.0,166440.0,160144.0,3817932.0,2723.84,4638.72,2723.84,4648.96,84784.0,0,26.0,29.0,2n-1m-42th-1000bs-484520s-DENV_1-brazil-BVBRC_genome_sequence,sequana_cpu,2,11537945.0,1,42,1000,484520,DENV_1-brazil-BVBRC_genome_sequence,172591.82,154744.29,327336.11,241.89,216.88,458.78,229.39,713.5, sdumont6263,234372654.76
28832.0,58128,692,3817212.0,170028.0,164178.0,3823368.0,2887.68,4823.04,3061.76,4986.88,84785.0,0,27.0,28.0,2n-1m-42th-1000bs-484520s-DENV_1-brazil-BVBRC_genome_sequence,sequana_cpu,2,11537946.0,1,42,1000,484520,DENV_1-brazil-BVBRC_genome_sequence,167464.36,150830.02,318294.37,242.7,218.59,461.3,230.65,690.0, sdumont6263,220259704.04
28808.0,58800,700,3814292.0,165596.0,160680.0,3823220.0,2723.84,4648.96,2723.84,4648.96,84969.0,0,29.0,30.0,2n-1m-42th-1000bs-484520s-DENV_1-brazil-BVBRC_genome_sequence,sequana_cpu,2,11537947.0,1,42,1000,484520,DENV_1-brazil-BVBRC_genome_sequence,170165.82,154498.46,324664.28,243.44,221.03,464.47,232.23,699.0, sdumont6263,227264996.00000003
30185.0,62128,706,4061018.0,169468.0,162940.0,4181224.0,2723.84,4648.96,2723.84,4648.96,84971.0,0,29.0,39.0,2n-1m-44th-1000bs-484520s-DENV_1-brazil-BVBRC_genome_sequence,sequana_cpu,2,11537948.0,1,44,1000,484520,DENV_1-brazil-BVBRC_genome_sequence,170417.5,159931.14,330348.64,242.41,227.5,469.91,234.96,703.0, sdumont6113,233226139.84
31512.0,65032,739,4061014.0,166560.0,162364.0,4163628.0,2764.8,4648.96,2764.8,4659.2,85152.0,0,18.0,24.0,2n-1m-44th-1000bs-484520s-DENV_1-brazil-BVBRC_genome_sequence,sequana_cpu,2,11537949.0,1,44,1000,484520,DENV_1-brazil-BVBRC_genome_sequence,181197.82,170356.88,351554.7,245.86,231.15,477.01,238.5,737.0, sdumont6263,259798923.3
30184.0,62656,712,3946824.0,170568.0,162076.0,3953104.0,2723.84,4648.96,2723.84,4648.96,85174.0,0,32.0,34.0,2n-1m-44th-1000bs-484520s-DENV_1-brazil-BVBRC_genome_sequence,sequana_cpu,2,11537950.0,1,44,1000,484520,DENV_1-brazil-BVBRC_genome_sequence,173566.64,162789.65,336356.29,244.46,229.28,473.74,236.87,710.0, sdumont6113,239485678.48
32653.0,68112,774,3946898.0,166604.0,161268.0,3953104.0,2816.0,4648.96,2816.0,4648.96,115622.0,0,642.0,651.0,2n-1m-44th-1000bs-484520s-DENV_1-brazil-BVBRC_genome_sequence,sequana_cpu,2,11537952.0,1,44,1000,484520,DENV_1-brazil-BVBRC_genome_sequence,186936.29,170932.75,357869.04,241.83,221.13,462.96,231.48,773.0, sdumont6287,276990636.96
28884.0,59488,676,3946878.0,166320.0,161086.0,3953100.0,2672.64,4648.96,2672.64,4648.96,115724.0,0,513.0,998.0,2n-1m-44th-1000bs-484520s-DENV_1-brazil-BVBRC_genome_sequence,sequana_cpu,2,11537957.0,1,44,1000,484520,DENV_1-brazil-BVBRC_genome_sequence,160210.33,146973.56,307183.89,238.05,218.39,456.44,228.22,673.0, sdumont6287,207656309.64
31559.0,65964,717,4084992.0,171376.0,164702.0,4094136.0,2723.84,4638.72,2723.84,4648.96,118054.0,0,54.0,90.0,2n-1m-46th-1000bs-484520s-DENV_1-brazil-BVBRC_genome_sequence,sequana_cpu,2,11537965.0,1,46,1000,484520,DENV_1-brazil-BVBRC_genome_sequence,170797.04,161131.56,331928.6,238.71,225.2,463.9,231.95,715.5, sdumont6266,237992806.2
28818.0,58328,634,4198984.0,172684.0,165924.0,4304116.0,2621.44,4648.96,2621.44,4648.96,118028.0,0,361.0,683.0,2n-1m-46th-1000bs-484520s-DENV_1-brazil-BVBRC_genome_sequence,sequana_cpu,2,11537972.0,1,46,1000,484520,DENV_1-brazil-BVBRC_genome_sequence,151228.98,143053.05,294282.03,239.29,226.35,465.64,232.82,632.0, sdumont6266,186574807.02
34283.0,70012,761,4085036.0,172640.0,165878.0,4088152.0,2816.0,4648.96,2816.0,4648.96,118984.0,0,459.0,498.0,2n-1m-46th-1000bs-484520s-DENV_1-brazil-BVBRC_genome_sequence,sequana_cpu,2,11537976.0,1,46,1000,484520,DENV_1-brazil-BVBRC_genome_sequence,173596.57,175983.33,349579.91,228.42,231.56,459.97,229.99,760.0, sdumont6103,266030311.51
31534.0,65688,714,4084720.0,166284.0,161218.0,4088020.0,2723.84,4648.96,2723.84,4659.2,118327.0,0,265.0,504.0,2n-1m-46th-1000bs-484520s-DENV_1-brazil-BVBRC_genome_sequence,sequana_cpu,2,11537977.0,1,46,1000,484520,DENV_1-brazil-BVBRC_genome_sequence,168160.63,153341.38,321502.01,235.85,215.07,450.91,225.46,713.0, sdumont6208,229552435.14
32933.0,68172,741,4193494.0,170756.0,162420.0,4311112.0,2764.8,4648.96,2764.8,4659.2,118858.0,0,25.0,30.0,2n-1m-46th-1000bs-484520s-DENV_1-brazil-BVBRC_genome_sequence,sequana_cpu,2,11537978.0,1,46,1000,484520,DENV_1-brazil-BVBRC_genome_sequence,169514.02,171227.92,340741.94,229.38,231.7,461.09,230.54,739.0, sdumont6102,252489777.54
38607.0,77856,811,4331454.0,167724.0,161034.0,4451712.0,3287.04,4986.88,3645.44,5324.8,118530.0,0,58.0,92.0,2n-1m-48th-1000bs-484520s-DENV_1-brazil-BVBRC_genome_sequence,sequana_cpu,2,11537980.0,1,48,1000,484520,DENV_1-brazil-BVBRC_genome_sequence,193479.37,184188.74,377668.11,239.16,227.67,466.83,233.42,809.0, sdumont6207,306288837.21
37206.0,77760,810,4219972.0,170876.0,165426.0,4223476.0,2867.2,4648.96,2867.2,4659.2,119083.0,0,49.0,60.0,2n-1m-48th-1000bs-484520s-DENV_1-brazil-BVBRC_genome_sequence,sequana_cpu,2,11537982.0,1,48,1000,484520,DENV_1-brazil-BVBRC_genome_sequence,186772.24,196793.1,383565.34,231.15,243.56,474.71,237.35,808.0, sdumont6102,310687925.40000004
37197.0,77280,805,4217184.0,171016.0,163692.0,4223320.0,2867.2,4648.96,2867.2,4659.2,118653.0,0,26.0,32.0,2n-1m-48th-1000bs-484520s-DENV_1-brazil-BVBRC_genome_sequence,sequana_cpu,2,11537984.0,1,48,1000,484520,DENV_1-brazil-BVBRC_genome_sequence,191883.31,183124.2,375007.51,238.96,228.05,467.01,233.5,803.0, sdumont6208,301881045.55
37206.0,76896,801,4331236.0,170504.0,162836.0,4439144.0,2867.2,4648.96,2867.2,4659.2,119179.0,0,536.0,1016.0,2n-1m-48th-1000bs-484520s-DENV_1-brazil-BVBRC_genome_sequence,sequana_cpu,2,11537985.0,1,48,1000,484520,DENV_1-brazil-BVBRC_genome_sequence,185682.04,196612.69,382294.73,232.25,245.93,478.18,239.09,799.5, sdumont6103,306218078.73
37212.0,77088,803,4217268.0,166744.0,162588.0,4223324.0,2867.2,4638.72,2867.2,4648.96,118761.0,0,249.0,461.0,2n-1m-48th-1000bs-484520s-DENV_1-brazil-BVBRC_genome_sequence,sequana_cpu,2,11537990.0,1,48,1000,484520,DENV_1-brazil-BVBRC_genome_sequence,190663.09,181918.18,372581.27,238.03,227.11,465.15,232.57,801.0, sdumont6207,299182759.81
1127.0,4664,583,909277.0,159404.0,151787.0,1133240.0,2314.24,4597.76,3317.76,5109.76,118805.0,0,304.0,387.0,2n-2m-2th-1000bs-484520s-DENV_1-brazil-BVBRC_genome_sequence,sequana_cpu,2,11537992.0,2,2,1000,484520,DENV_1-brazil-BVBRC_genome_sequence,74435.26,72160.78,146596.05,127.9,123.99,251.88,125.94,582.0, sdumont6124,85465497.14999999
1130.0,4656,582,909340.0,161376.0,153307.0,1133320.0,2304.0,4597.76,3317.76,5109.76,118265.0,0,259.0,302.0,2n-2m-2th-1000bs-484520s-DENV_1-brazil-BVBRC_genome_sequence,sequana_cpu,2,11537994.0,2,2,1000,484520,DENV_1-brazil-BVBRC_genome_sequence,76102.39,73815.58,149917.97,130.99,127.05,258.03,129.02,581.0, sdumont6134,87252258.54
1098.0,4568,571,909368.0,159644.0,153441.0,1133152.0,2304.0,4597.76,3307.52,5109.76,113858.0,0,42.0,90.0,2n-2m-2th-1000bs-484520s-DENV_1-brazil-BVBRC_genome_sequence,sequana_cpu,2,11538021.0,2,2,1000,484520,DENV_1-brazil-BVBRC_genome_sequence,70205.62,73978.69,144184.31,123.38,130.02,253.4,126.7,569.0, sdumont6103,82329241.01
1132.0,4632,579,1023365.0,163944.0,154142.0,1361136.0,2314.24,4597.76,3317.76,5109.76,45357.0,0,0.0,0.0,2n-2m-2th-1000bs-484520s-DENV_1-brazil-BVBRC_genome_sequence,sequana_cpu,2,11538621.0,2,2,1000,484520,DENV_1-brazil-BVBRC_genome_sequence,74738.39,72555.72,147294.11,129.53,125.75,255.28,127.64,577.0, sdumont6125,85283289.69
1131.0,4592,574,964940.0,158980.0,151433.0,1355712.0,2314.24,4597.76,3317.76,5109.76,44637.0,0,22.0,78.0,2n-2m-2th-1000bs-484520s-DENV_1-brazil-BVBRC_genome_sequence,sequana_cpu,2,11538627.0,2,2,1000,484520,DENV_1-brazil-BVBRC_genome_sequence,76407.37,74001.06,150408.44,133.35,129.15,262.49,131.25,573.0, sdumont6133,86334444.56
1322.0,5392,337,1043275.0,164200.0,154306.0,1267172.0,2119.68,4597.76,2928.64,5109.76,44362.0,0,0.0,1.0,2n-2m-4th-1000bs-484520s-DENV_1-brazil-BVBRC_genome_sequence,sequana_cpu,2,11538635.0,2,4,1000,484520,DENV_1-brazil-BVBRC_genome_sequence,50080.53,52824.4,102904.92,149.27,157.44,306.71,153.35,335.5, sdumont6103,34678958.04
1318.0,5360,335,1043220.0,161724.0,153767.0,1267108.0,2119.68,4597.76,2928.64,5109.76,43799.0,0,0.0,0.0,2n-2m-4th-1000bs-484520s-DENV_1-brazil-BVBRC_genome_sequence,sequana_cpu,2,11538640.0,2,4,1000,484520,DENV_1-brazil-BVBRC_genome_sequence,51990.32,51053.99,103044.32,155.87,153.08,308.95,154.48,333.5, sdumont6124,34519847.2
1317.0,5360,335,1043232.0,162076.0,154445.0,1267168.0,2119.68,4597.76,2928.64,5109.76,43079.0,0,33.0,68.0,2n-2m-4th-1000bs-484520s-DENV_1-brazil-BVBRC_genome_sequence,sequana_cpu,2,11538645.0,2,4,1000,484520,DENV_1-brazil-BVBRC_genome_sequence,52767.68,52011.8,104779.48,158.46,156.19,314.65,157.33,333.0, sdumont6133,35101125.8
1315.0,5376,336,1043245.0,162684.0,156331.0,1267172.0,1955.84,4433.92,2263.04,4433.92,42551.0,0,0.0,1.0,2n-2m-4th-1000bs-484520s-DENV_1-brazil-BVBRC_genome_sequence,sequana_cpu,2,11538651.0,2,4,1000,484520,DENV_1-brazil-BVBRC_genome_sequence,50082.85,52781.93,102864.78,149.5,157.56,307.06,153.53,335.0, sdumont6102,34562566.08
1317.0,5440,340,1043249.0,159848.0,153274.0,1271372.0,2129.92,4597.76,2949.12,5109.76,41988.0,0,0.0,0.0,2n-2m-4th-1000bs-484520s-DENV_1-brazil-BVBRC_genome_sequence,sequana_cpu,2,11538657.0,2,4,1000,484520,DENV_1-brazil-BVBRC_genome_sequence,53597.95,52493.86,106091.81,158.11,154.85,312.96,156.48,339.0, sdumont6125,36071215.4
1491.0,6312,263,1177877.0,164032.0,152840.0,1401900.0,2058.24,4597.76,2826.24,5109.76,41268.0,0,0.0,0.0,2n-2m-6th-1000bs-484520s-DENV_1-brazil-BVBRC_genome_sequence,sequana_cpu,2,11538664.0,2,6,1000,484520,DENV_1-brazil-BVBRC_genome_sequence,48136.41,47060.84,95197.25,184.43,180.31,364.74,182.37,261.0, sdumont6133,25036876.75
1427.0,6288,262,1177899.0,163572.0,153223.0,1401896.0,2068.48,4597.76,2826.24,5109.76,40736.0,0,0.0,3.0,2n-2m-6th-1000bs-484520s-DENV_1-brazil-BVBRC_genome_sequence,sequana_cpu,2,11538669.0,2,6,1000,484520,DENV_1-brazil-BVBRC_genome_sequence,45985.3,48064.64,94049.95,176.19,184.16,360.34,180.17,261.0, sdumont6102,24641086.9
1465.0,6456,269,1177923.0,167004.0,155467.0,1406092.0,2088.96,4597.76,2836.48,5109.76,9782.0,0,1.0,3.0,2n-2m-6th-1000bs-484520s-DENV_1-brazil-BVBRC_genome_sequence,sequana_cpu,2,11538832.0,2,6,1000,484520,DENV_1-brazil-BVBRC_genome_sequence,49782.66,48764.83,98547.49,185.76,181.96,367.71,183.86,268.0, sdumont6134,26509274.81
1462.0,6432,268,1177920.0,162020.0,153866.0,1406092.0,2058.24,4587.52,2836.48,5109.76,9124.0,0,0.0,2.0,2n-2m-6th-1000bs-484520s-DENV_1-brazil-BVBRC_genome_sequence,sequana_cpu,2,11538838.0,2,6,1000,484520,DENV_1-brazil-BVBRC_genome_sequence,49119.36,48385.23,97504.59,184.28,181.55,365.84,182.92,266.5, sdumont6125,26131230.12
204.0,480,120,902562.0,144048.0,142810.0,1120240.0,2140.16,4290.56,2652.16,4331.52,1.0,0,343.0,380.0,1n-2m-2th-100bs-484520s-DENV_1-brazil-BVBRC_genome_sequence,sequana_cpu_dev,1,11538847.0,2,2,100,484520,DENV_1-brazil-BVBRC_genome_sequence,6880.24,7470.53,14350.77,57.82,62.78,120.59,120.59,119.0, sdumont6165,1722092.4
205.0,476,119,905796.0,145492.0,143586.0,1130840.0,2007.04,4249.6,2293.76,4259.84,1.0,0,0.0,0.0,1n-2m-2th-100bs-484520s-DENV_1-brazil-BVBRC_genome_sequence,sequana_cpu_dev,1,11538851.0,2,2,100,484520,DENV_1-brazil-BVBRC_genome_sequence,6828.53,7424.54,14253.07,58.87,64.0,122.87,122.87,116.0, sdumont6165,1696115.33
1459.0,6360,265,1177832.0,164132.0,152324.0,1401724.0,2058.24,4587.52,2826.24,5109.76,6369.0,0,2.0,6.0,2n-2m-6th-1000bs-484520s-DENV_1-brazil-BVBRC_genome_sequence,sequana_cpu,2,11538852.0,2,6,1000,484520,DENV_1-brazil-BVBRC_genome_sequence,45931.43,47868.3,93799.73,173.98,181.32,355.3,177.65,264.0, sdumont6103,24856928.45
205.0,472,118,902904.0,144672.0,143204.0,1120752.0,2007.04,4249.6,2293.76,4259.84,1.0,0,0.0,0.0,1n-2m-2th-100bs-484520s-DENV_1-brazil-BVBRC_genome_sequence,sequana_cpu_dev,1,11538856.0,2,2,100,484520,DENV_1-brazil-BVBRC_genome_sequence,6823.4,7418.56,14241.97,58.82,63.95,122.78,122.78,116.0, sdumont6165,1680552.46
205.0,476,119,902728.0,144508.0,143206.0,1120572.0,2129.92,4290.56,2631.68,4331.52,1.0,0,0.0,0.0,1n-2m-2th-100bs-484520s-DENV_1-brazil-BVBRC_genome_sequence,sequana_cpu_dev,1,11538857.0,2,2,100,484520,DENV_1-brazil-BVBRC_genome_sequence,6863.56,7436.1,14299.66,58.66,63.56,122.22,122.22,117.0, sdumont6165,1701659.54
205.0,472,118,902856.0,148400.0,145194.0,1120580.0,2007.04,4249.6,2293.76,4259.84,1.0,0,0.0,0.0,1n-2m-2th-100bs-484520s-DENV_1-brazil-BVBRC_genome_sequence,sequana_cpu_dev,1,11538859.0,2,2,100,484520,DENV_1-brazil-BVBRC_genome_sequence,6826.32,7419.0,14245.32,58.34,63.41,121.75,121.75,117.0, sdumont6165,1680947.76
254.0,560,70,1039694.0,145192.0,143610.0,1264600.0,1955.84,4290.56,2283.52,4331.52,2.0,0,0.0,0.0,1n-2m-4th-100bs-484520s-DENV_1-brazil-BVBRC_genome_sequence,sequana_cpu_dev,1,11538863.0,2,4,100,484520,DENV_1-brazil-BVBRC_genome_sequence,4854.94,5229.71,10084.65,71.4,76.91,148.3,148.3,68.0, sdumont6165,705925.5
1751.0,7456,233,1312849.0,156952.0,152581.0,1540960.0,2037.76,4597.76,2775.04,5109.76,5743.0,0,1.0,2.0,2n-2m-8th-1000bs-484520s-DENV_1-brazil-BVBRC_genome_sequence,sequana_cpu,2,11538864.0,2,8,1000,484520,DENV_1-brazil-BVBRC_genome_sequence,46760.98,47462.16,94223.14,201.56,204.58,406.13,203.07,232.0, sdumont6134,21953991.62
237.0,560,70,1151044.0,146660.0,144512.0,1487112.0,1966.08,4290.56,2304.0,4331.52,3.0,0,0.0,1.0,1n-2m-4th-100bs-484520s-DENV_1-brazil-BVBRC_genome_sequence,sequana_cpu_dev,1,11538866.0,2,4,100,484520,DENV_1-brazil-BVBRC_genome_sequence,5019.3,5401.95,10421.24,73.81,79.44,153.25,153.25,68.0, sdumont6165,729486.7999999999
229.0,584,73,1036966.0,149632.0,147996.0,1258968.0,1976.32,4290.56,2314.24,4331.52,1.0,0,131.0,340.0,1n-2m-4th-100bs-484520s-DENV_1-brazil-BVBRC_genome_sequence,sequana_cpu_dev,1,11538870.0,2,4,100,484520,DENV_1-brazil-BVBRC_genome_sequence,5256.54,5888.15,11144.69,73.01,81.78,154.79,154.79,72.0, sdumont6168,813562.37
254.0,552,69,1036966.0,145556.0,143894.0,1258968.0,1955.84,4290.56,2283.52,4331.52,1.0,0,0.0,1.0,1n-2m-4th-100bs-484520s-DENV_1-brazil-BVBRC_genome_sequence,sequana_cpu_dev,1,11538874.0,2,4,100,484520,DENV_1-brazil-BVBRC_genome_sequence,4848.95,5245.49,10094.44,71.31,77.14,148.45,148.45,68.0, sdumont6165,696516.36
255.0,560,70,1036952.0,145568.0,143936.0,1254772.0,1966.08,4290.56,2293.76,4331.52,1.0,0,1.0,2.0,1n-2m-4th-100bs-484520s-DENV_1-brazil-BVBRC_genome_sequence,sequana_cpu_dev,1,11538876.0,2,4,100,484520,DENV_1-brazil-BVBRC_genome_sequence,5172.55,5781.03,10953.59,76.07,85.02,161.08,161.08,68.0, sdumont6168,766751.3
241.0,672,56,1171622.0,147140.0,144802.0,1393632.0,1914.88,4280.32,2191.36,4331.52,1.0,0,160.0,199.0,1n-2m-6th-100bs-484520s-DENV_1-brazil-BVBRC_genome_sequence,sequana_cpu_dev,1,11538877.0,2,6,100,484520,DENV_1-brazil-BVBRC_genome_sequence,5005.83,4527.56,9533.39,92.7,83.84,176.54,176.54,54.0, sdumont6207,533869.84
256.0,708,59,1171626.0,145248.0,143818.0,1393628.0,1792.0,4249.6,1863.68,4259.84,1.0,0,0.0,1.0,1n-2m-6th-100bs-484520s-DENV_1-brazil-BVBRC_genome_sequence,sequana_cpu_dev,1,11538878.0,2,6,100,484520,DENV_1-brazil-BVBRC_genome_sequence,4850.3,5139.7,9989.99,83.63,88.62,172.24,172.24,58.0, sdumont6165,589409.41
246.0,660,55,1171588.0,147124.0,145790.0,1389432.0,1904.64,4280.32,2170.88,4331.52,1.0,0,1.0,2.0,1n-2m-6th-100bs-484520s-DENV_1-brazil-BVBRC_genome_sequence,sequana_cpu_dev,1,11538880.0,2,6,100,484520,DENV_1-brazil-BVBRC_genome_sequence,4418.32,4671.3,9089.61,83.36,88.14,171.5,171.5,53.0, sdumont6165,499928.5500000001
245.0,660,55,1171618.0,145092.0,144808.0,1389424.0,1792.0,4249.6,1863.68,4259.84,1.0,0,1.0,3.0,1n-2m-6th-100bs-484520s-DENV_1-brazil-BVBRC_genome_sequence,sequana_cpu_dev,1,11538882.0,2,6,100,484520,DENV_1-brazil-BVBRC_genome_sequence,4427.33,4669.42,9096.75,85.14,89.8,174.94,174.94,52.0, sdumont6165,500321.25
246.0,648,54,1171622.0,145208.0,144808.0,1389432.0,1904.64,4280.32,2181.12,4331.52,0.0,0,1.0,2.0,1n-2m-6th-100bs-484520s-DENV_1-brazil-BVBRC_genome_sequence,sequana_cpu_dev,1,11538884.0,2,6,100,484520,DENV_1-brazil-BVBRC_genome_sequence,4585.49,4829.09,9414.58,86.52,91.11,177.63,177.63,53.0, sdumont6165,508387.32
235.0,768,48,1309552.0,146376.0,144460.0,1534528.0,1781.76,4249.6,1853.44,4259.84,1.0,0,1.0,3.0,1n-2m-8th-100bs-484520s-DENV_1-brazil-BVBRC_genome_sequence,sequana_cpu_dev,1,11538885.0,2,8,100,484520,DENV_1-brazil-BVBRC_genome_sequence,4383.21,4712.28,9095.48,95.29,102.44,197.73,197.73,46.0, sdumont6165,436583.04
1705.0,7456,233,1312828.0,170296.0,158603.0,1536776.0,2027.52,4587.52,2775.04,5109.76,4006.0,0,1.0,4.0,2n-2m-8th-1000bs-484520s-DENV_1-brazil-BVBRC_genome_sequence,sequana_cpu,2,11538886.0,2,8,1000,484520,DENV_1-brazil-BVBRC_genome_sequence,45754.4,46959.87,92714.26,198.07,203.29,401.36,200.68,231.0, sdumont6125,21602422.58
303.0,768,48,1306564.0,147840.0,146214.0,1524356.0,1792.0,4249.6,1863.68,4259.84,1.0,0,2.0,2.0,1n-2m-8th-100bs-484520s-DENV_1-brazil-BVBRC_genome_sequence,sequana_cpu_dev,1,11538887.0,2,8,100,484520,DENV_1-brazil-BVBRC_genome_sequence,4486.92,4825.92,9312.84,95.47,102.68,198.15,198.15,47.0, sdumont6165,447016.32
1747.0,7392,231,1312846.0,162136.0,152407.0,1540972.0,2037.76,4597.76,2775.04,5109.76,3952.0,0,1.0,3.0,2n-2m-8th-1000bs-484520s-DENV_1-brazil-BVBRC_genome_sequence,sequana_cpu,2,11538888.0,2,8,1000,484520,DENV_1-brazil-BVBRC_genome_sequence,44739.87,48515.55,93255.41,194.52,210.94,405.46,202.73,230.0, sdumont6102,21541999.71
300.0,752,47,1306594.0,146864.0,146214.0,1528592.0,1884.16,4280.32,2129.92,4331.52,1.0,0,1.0,1.0,1n-2m-8th-100bs-484520s-DENV_1-brazil-BVBRC_genome_sequence,sequana_cpu_dev,1,11538889.0,2,8,100,484520,DENV_1-brazil-BVBRC_genome_sequence,4285.66,4614.81,8900.47,93.17,100.32,193.49,193.49,46.0, sdumont6165,418322.09
301.0,752,47,1306570.0,145424.0,143978.0,1528552.0,1884.16,4290.56,2129.92,4331.52,1.0,0,4.0,6.0,1n-2m-8th-100bs-484520s-DENV_1-brazil-BVBRC_genome_sequence,sequana_cpu_dev,1,11538891.0,2,8,100,484520,DENV_1-brazil-BVBRC_genome_sequence,4312.48,4609.26,8921.74,93.75,100.2,193.95,193.95,46.0, sdumont6165,419321.78
306.0,784,49,1306564.0,145488.0,143980.0,1524356.0,1884.16,4280.32,2140.16,4331.52,1.0,0,2.0,3.0,1n-2m-8th-100bs-484520s-DENV_1-brazil-BVBRC_genome_sequence,sequana_cpu_dev,1,11538894.0,2,8,100,484520,DENV_1-brazil-BVBRC_genome_sequence,4523.2,5198.87,9722.07,94.23,108.31,202.54,202.54,48.0, sdumont6168,476381.43
1748.0,7424,232,1312849.0,161964.0,152474.0,1536784.0,2037.76,4597.76,2775.04,5109.76,3475.0,0,3.0,8.0,2n-2m-8th-1000bs-484520s-DENV_1-brazil-BVBRC_genome_sequence,sequana_cpu,2,11538895.0,2,8,1000,484520,DENV_1-brazil-BVBRC_genome_sequence,46639.7,47401.34,94041.03,202.36,205.63,408.0,204.0,230.5, sdumont6133,21817518.96
368.0,940,47,1441504.0,147556.0,145192.0,1663504.0,1884.16,4290.56,2129.92,4331.52,1.0,0,3.0,4.0,1n-2m-10th-100bs-484520s-DENV_1-brazil-BVBRC_genome_sequence,sequana_cpu_dev,1,11538897.0,2,10,100,484520,DENV_1-brazil-BVBRC_genome_sequence,4672.92,4893.59,9566.51,103.84,108.75,212.59,212.59,45.0, sdumont6165,449625.97
1709.0,7456,233,1312848.0,159972.0,153426.0,1540956.0,2037.76,4597.76,2775.04,5109.76,3359.0,0,2.0,4.0,2n-2m-8th-1000bs-484520s-DENV_1-brazil-BVBRC_genome_sequence,sequana_cpu,2,11538898.0,2,8,1000,484520,DENV_1-brazil-BVBRC_genome_sequence,45931.74,47223.24,93154.98,197.98,203.55,401.53,200.77,232.0, sdumont6124,21705110.34
293.0,900,45,1441578.0,145448.0,144098.0,1663504.0,1904.64,4290.56,2170.88,4341.76,1.0,0,3.0,6.0,1n-2m-10th-100bs-484520s-DENV_1-brazil-BVBRC_genome_sequence,sequana_cpu_dev,1,11538900.0,2,10,100,484520,DENV_1-brazil-BVBRC_genome_sequence,4415.06,4608.39,9023.45,100.34,104.74,205.08,205.08,44.0, sdumont6165,406055.25000000006
361.0,900,45,1441592.0,145844.0,144274.0,1659480.0,1792.0,4249.6,1863.68,4259.84,1.0,0,2.0,2.0,1n-2m-10th-100bs-484520s-DENV_1-brazil-BVBRC_genome_sequence,sequana_cpu_dev,1,11538902.0,2,10,100,484520,DENV_1-brazil-BVBRC_genome_sequence,4439.34,4636.25,9075.59,100.89,105.37,206.26,206.26,44.0, sdumont6165,408401.55
362.0,900,45,1441596.0,145788.0,144276.0,1659480.0,1873.92,4290.56,2109.44,4331.52,1.0,0,2.0,3.0,1n-2m-10th-100bs-484520s-DENV_1-brazil-BVBRC_genome_sequence,sequana_cpu_dev,1,11538904.0,2,10,100,484520,DENV_1-brazil-BVBRC_genome_sequence,4446.14,4911.4,9357.53,101.05,111.62,212.67,212.67,44.0, sdumont6168,421088.85
361.0,900,45,1441596.0,145884.0,144290.0,1659480.0,1873.92,4290.56,2109.44,4331.52,1.0,0,2.0,3.0,1n-2m-10th-100bs-484520s-DENV_1-brazil-BVBRC_genome_sequence,sequana_cpu_dev,1,11538908.0,2,10,100,484520,DENV_1-brazil-BVBRC_genome_sequence,4462.02,4672.75,9134.78,103.77,108.67,212.44,212.44,43.0, sdumont6165,411065.1
2108.0,8640,216,1447920.0,157108.0,151595.0,1676084.0,2017.28,4597.76,2734.08,5109.76,2769.0,0,4.0,6.0,2n-2m-10th-1000bs-484520s-DENV_1-brazil-BVBRC_genome_sequence,sequana_cpu,2,11538910.0,2,10,1000,484520,DENV_1-brazil-BVBRC_genome_sequence,43975.98,46226.79,90202.77,204.54,215.01,419.55,209.77,215.0, sdumont6102,19483798.32
425.0,1152,48,1588332.0,147972.0,145442.0,1815636.0,3072.0,4249.6,4300.8,4259.84,1.0,0,324.0,377.0,1n-2m-12th-100bs-484520s-DENV_1-brazil-BVBRC_genome_sequence,sequana_cpu_dev,1,11538929.0,2,12,100,484520,DENV_1-brazil-BVBRC_genome_sequence,4735.18,5227.23,9962.41,102.94,113.64,216.57,216.57,46.0, sdumont6036,478195.68
2116.0,8720,218,1447891.0,166360.0,153563.0,1676084.0,2027.52,4597.76,2754.56,5109.76,2651.0,0,2.0,4.0,2n-2m-10th-1000bs-484520s-DENV_1-brazil-BVBRC_genome_sequence,sequana_cpu,2,11538930.0,2,10,1000,484520,DENV_1-brazil-BVBRC_genome_sequence,48139.98,47243.3,95383.29,221.84,217.71,439.55,219.78,217.0, sdumont6133,20793557.22
429.0,1056,44,1576648.0,145376.0,144110.0,1794452.0,1863.68,4290.56,2088.96,4331.52,1.0,0,4.0,7.0,1n-2m-12th-100bs-484520s-DENV_1-brazil-BVBRC_genome_sequence,sequana_cpu_dev,1,11538932.0,2,12,100,484520,DENV_1-brazil-BVBRC_genome_sequence,4319.51,4774.16,9093.67,102.85,113.67,216.52,216.52,42.0, sdumont6165,400121.48
352.0,1080,45,1576654.0,147952.0,145352.0,1798656.0,1884.16,4290.56,2119.68,4331.52,1.0,0,4.0,9.0,1n-2m-12th-100bs-484520s-DENV_1-brazil-BVBRC_genome_sequence,sequana_cpu_dev,1,11538937.0,2,12,100,484520,DENV_1-brazil-BVBRC_genome_sequence,4510.49,5380.49,9890.98,104.9,125.13,230.02,230.02,43.0, sdumont6168,445094.1
434.0,1080,45,1576646.0,145676.0,145236.0,1794448.0,1873.92,4290.56,2109.44,4331.52,1.0,0,5.0,7.0,1n-2m-12th-100bs-484520s-DENV_1-brazil-BVBRC_genome_sequence,sequana_cpu_dev,1,11538938.0,2,12,100,484520,DENV_1-brazil-BVBRC_genome_sequence,4535.85,5018.65,9554.51,105.48,116.71,222.2,222.2,43.0, sdumont6165,429952.95
2122.0,8760,219,1447888.0,161880.0,151994.0,1675912.0,1863.68,4433.92,2088.96,4433.92,2174.0,0,2.0,3.0,2n-2m-10th-1000bs-484520s-DENV_1-brazil-BVBRC_genome_sequence,sequana_cpu,2,11538939.0,2,10,1000,484520,DENV_1-brazil-BVBRC_genome_sequence,47039.55,46888.84,93928.39,215.78,215.09,430.86,215.43,218.0, sdumont6124,20570317.41
431.0,1056,44,1576644.0,145692.0,144306.0,1794432.0,1873.92,4290.56,2109.44,4331.52,1.0,0,5.0,7.0,1n-2m-12th-100bs-484520s-DENV_1-brazil-BVBRC_genome_sequence,sequana_cpu_dev,1,11538953.0,2,12,100,484520,DENV_1-brazil-BVBRC_genome_sequence,4494.54,5418.36,9912.9,104.52,126.01,230.53,230.53,43.0, sdumont6168,436167.6
2111.0,9000,225,1447868.0,161232.0,152660.0,1675912.0,1945.6,4597.76,2406.4,5099.52,2089.0,0,1.0,3.0,2n-2m-10th-1000bs-484520s-DENV_1-brazil-BVBRC_genome_sequence,sequana_cpu,2,11538954.0,2,10,1000,484520,DENV_1-brazil-BVBRC_genome_sequence,46087.79,48563.65,94651.44,206.22,217.31,423.52,211.76,223.5, sdumont6102,21296574.0
508.0,1288,46,1711806.0,147768.0,145458.0,1933724.0,1792.0,4249.6,1863.68,4259.84,1.0,0,11.0,15.0,1n-2m-14th-100bs-484520s-DENV_1-brazil-BVBRC_genome_sequence,sequana_cpu_dev,1,11538956.0,2,14,100,484520,DENV_1-brazil-BVBRC_genome_sequence,4541.85,4771.43,9313.28,103.22,108.44,211.67,211.67,44.0, sdumont6165,428410.88
2124.0,8800,220,1447892.0,161620.0,153635.0,1675912.0,2017.28,4597.76,2713.6,5109.76,2002.0,0,2.0,3.0,2n-2m-10th-1000bs-484520s-DENV_1-brazil-BVBRC_genome_sequence,sequana_cpu,2,11538957.0,2,10,1000,484520,DENV_1-brazil-BVBRC_genome_sequence,48186.19,47368.58,95554.76,221.04,217.29,438.32,219.16,218.0, sdumont6133,21022047.2
409.0,1288,46,1711720.0,147916.0,145540.0,1929528.0,1873.92,4290.56,2119.68,4331.52,1.0,0,5.0,11.0,1n-2m-14th-100bs-484520s-DENV_1-brazil-BVBRC_genome_sequence,sequana_cpu_dev,1,11538960.0,2,14,100,484520,DENV_1-brazil-BVBRC_genome_sequence,4513.49,5099.91,9613.4,102.58,115.91,218.49,218.49,44.0, sdumont6168,442216.4
2523.0,10560,220,1582932.0,160368.0,151670.0,1811036.0,2048.0,4608.0,2764.8,5109.76,1885.0,0,2.0,4.0,2n-2m-12th-1000bs-484520s-DENV_1-brazil-BVBRC_genome_sequence,sequana_cpu,2,11538961.0,2,12,1000,484520,DENV_1-brazil-BVBRC_genome_sequence,47831.97,51014.2,98846.17,218.41,232.94,451.35,225.68,219.0, sdumont6124,21746157.4
500.0,1260,45,1711720.0,147624.0,146320.0,1933712.0,1873.92,4290.56,2119.68,4331.52,1.0,0,10.0,14.0,1n-2m-14th-100bs-484520s-DENV_1-brazil-BVBRC_genome_sequence,sequana_cpu_dev,1,11538962.0,2,14,100,484520,DENV_1-brazil-BVBRC_genome_sequence,4557.64,4796.98,9354.62,105.99,111.56,217.55,217.55,43.0, sdumont6165,420957.9
2511.0,10368,216,1582949.0,159248.0,151654.0,1811036.0,2027.52,4597.76,2744.32,5109.76,1799.0,0,1.0,6.0,2n-2m-12th-1000bs-484520s-DENV_1-brazil-BVBRC_genome_sequence,sequana_cpu,2,11538963.0,2,12,1000,484520,DENV_1-brazil-BVBRC_genome_sequence,44187.23,49931.53,94118.76,206.0,232.76,438.76,219.38,214.5, sdumont6102,20329652.16
500.0,1232,44,1711724.0,145748.0,145424.0,1933720.0,1792.0,4249.6,1863.68,4259.84,1.0,0,7.0,8.0,1n-2m-14th-100bs-484520s-DENV_1-brazil-BVBRC_genome_sequence,sequana_cpu_dev,1,11538965.0,2,14,100,484520,DENV_1-brazil-BVBRC_genome_sequence,4327.54,4565.45,8892.98,103.04,108.7,211.74,211.74,42.0, sdumont6165,391291.12
2514.0,10272,214,1582945.0,162224.0,153310.0,1806852.0,2027.52,4597.76,2744.32,5109.76,1718.0,0,5.0,7.0,2n-2m-12th-1000bs-484520s-DENV_1-brazil-BVBRC_genome_sequence,sequana_cpu,2,11538966.0,2,12,1000,484520,DENV_1-brazil-BVBRC_genome_sequence,46500.17,48736.99,95237.16,219.34,229.89,449.23,224.62,212.0, sdumont6133,20380752.24
501.0,1260,45,1711804.0,145728.0,145496.0,1933720.0,1792.0,4249.6,1863.68,4259.84,1.0,0,7.0,8.0,1n-2m-14th-100bs-484520s-DENV_1-brazil-BVBRC_genome_sequence,sequana_cpu_dev,1,11538968.0,2,14,100,484520,DENV_1-brazil-BVBRC_genome_sequence,4552.23,4794.53,9346.75,108.39,114.16,222.54,222.54,42.0, sdumont6165,420603.75
2517.0,10512,219,1582943.0,158420.0,151819.0,1811036.0,1863.68,4433.92,2099.2,4433.92,1569.0,0,2.0,6.0,2n-2m-12th-1000bs-484520s-DENV_1-brazil-BVBRC_genome_sequence,sequana_cpu,2,11538969.0,2,12,1000,484520,DENV_1-brazil-BVBRC_genome_sequence,47759.8,51051.98,98811.77,220.09,235.26,455.35,227.68,217.0, sdumont6125,21639777.630000003
582.0,1472,46,1846932.0,145916.0,144550.0,2068920.0,1792.0,4249.6,1863.68,4259.84,1.0,0,10.0,11.0,1n-2m-16th-100bs-484520s-DENV_1-brazil-BVBRC_genome_sequence,sequana_cpu_dev,1,11538971.0,2,16,100,484520,DENV_1-brazil-BVBRC_genome_sequence,4547.31,5005.34,9552.66,103.35,113.76,217.11,217.11,44.0, sdumont6165,439422.36
2496.0,10272,214,1582981.0,164380.0,155697.0,1811036.0,2027.52,4597.76,2744.32,5109.76,28764.0,0,138.0,314.0,2n-2m-12th-1000bs-484520s-DENV_1-brazil-BVBRC_genome_sequence,sequana_cpu,2,11538972.0,2,12,1000,484520,DENV_1-brazil-BVBRC_genome_sequence,46846.12,47006.6,93852.73,219.93,220.69,440.62,220.31,213.0, sdumont6232,20084484.22
591.0,1504,47,1846966.0,145944.0,145626.0,2068944.0,1792.0,4249.6,1863.68,4259.84,0.0,0,9.0,12.0,1n-2m-16th-100bs-484520s-DENV_1-brazil-BVBRC_genome_sequence,sequana_cpu_dev,1,11538976.0,2,16,100,484520,DENV_1-brazil-BVBRC_genome_sequence,4807.28,5682.98,10490.26,106.83,126.29,233.12,233.12,45.0, sdumont6168,493042.22
2981.0,12320,220,1718083.0,160420.0,153937.0,1946100.0,2037.76,4597.76,2764.8,5109.76,28832.0,0,6.0,10.0,2n-2m-14th-1000bs-484520s-DENV_1-brazil-BVBRC_genome_sequence,sequana_cpu,2,11538977.0,2,14,1000,484520,DENV_1-brazil-BVBRC_genome_sequence,49979.36,46798.79,96778.15,228.22,213.69,441.91,220.95,219.0, sdumont6233,21291193.0
2927.0,12544,224,1718137.0,162820.0,155052.0,1946276.0,2037.76,4597.76,2764.8,5109.76,28778.0,0,218.0,503.0,2n-2m-14th-1000bs-484520s-DENV_1-brazil-BVBRC_genome_sequence,sequana_cpu,2,11538979.0,2,14,1000,484520,DENV_1-brazil-BVBRC_genome_sequence,47277.93,49381.24,96659.17,212.51,221.97,434.48,217.24,222.5, sdumont6180,21651654.08
468.0,1472,46,1846944.0,145832.0,144542.0,2064744.0,1914.88,4290.56,2181.12,4341.76,1.0,0,6.0,26.0,1n-2m-16th-100bs-484520s-DENV_1-brazil-BVBRC_genome_sequence,sequana_cpu_dev,1,11538980.0,2,16,100,484520,DENV_1-brazil-BVBRC_genome_sequence,4780.31,5266.94,10047.26,106.23,117.04,223.27,223.27,45.0, sdumont6165,462173.96
2911.0,12712,227,1718055.0,164220.0,153718.0,1941928.0,2037.76,4597.76,2775.04,5109.76,28695.0,0,1.0,12.0,2n-2m-14th-1000bs-484520s-DENV_1-brazil-BVBRC_genome_sequence,sequana_cpu,2,11538983.0,2,14,1000,484520,DENV_1-brazil-BVBRC_genome_sequence,51083.6,48078.15,99161.75,228.05,214.63,442.69,221.34,224.0, sdumont6233,22509717.25
468.0,1472,46,1846966.0,145744.0,145498.0,2064748.0,1884.16,4290.56,2129.92,4331.52,1.0,0,3.0,7.0,1n-2m-16th-100bs-484520s-DENV_1-brazil-BVBRC_genome_sequence,sequana_cpu_dev,1,11538984.0,2,16,100,484520,DENV_1-brazil-BVBRC_genome_sequence,4564.05,5414.56,9978.61,103.73,123.06,226.79,226.79,44.0, sdumont6168,459016.06000000006
2956.0,12152,217,1770599.0,163704.0,152928.0,2144120.0,2017.28,4597.76,2754.56,5109.76,28676.0,0,8.0,10.0,2n-2m-14th-1000bs-484520s-DENV_1-brazil-BVBRC_genome_sequence,sequana_cpu,2,11538986.0,2,14,1000,484520,DENV_1-brazil-BVBRC_genome_sequence,47681.11,50054.15,97735.27,220.75,231.73,452.48,226.24,216.0, sdumont6180,21208553.59
581.0,1472,46,1846944.0,147932.0,145548.0,2064744.0,1873.92,4290.56,2109.44,4331.52,1.0,0,8.0,10.0,1n-2m-16th-100bs-484520s-DENV_1-brazil-BVBRC_genome_sequence,sequana_cpu_dev,1,11538987.0,2,16,100,484520,DENV_1-brazil-BVBRC_genome_sequence,4563.4,5054.88,9618.27,103.71,114.88,218.6,218.6,44.0, sdumont6165,442440.42
2917.0,12096,216,1718170.0,162596.0,155005.0,1942228.0,2027.52,4597.76,2764.8,5109.76,28590.0,0,4.0,14.0,2n-2m-14th-1000bs-484520s-DENV_1-brazil-BVBRC_genome_sequence,sequana_cpu,2,11538989.0,2,14,1000,484520,DENV_1-brazil-BVBRC_genome_sequence,48759.5,45864.34,94623.84,226.79,213.32,440.11,220.06,215.0, sdumont6233,20438749.44
654.0,1656,46,1982102.0,146116.0,145724.0,2204072.0,1873.92,4290.56,2119.68,4331.52,1.0,0,14.0,21.0,1n-2m-18th-100bs-484520s-DENV_1-brazil-BVBRC_genome_sequence,sequana_cpu_dev,1,11538990.0,2,18,100,484520,DENV_1-brazil-BVBRC_genome_sequence,4573.01,5021.28,9594.3,101.62,111.58,213.21,213.21,45.0, sdumont6168,441337.8
3401.0,14080,220,1853161.0,159724.0,152512.0,2081272.0,2017.28,4597.76,2764.8,5109.76,28551.0,0,9.0,13.0,2n-2m-16th-1000bs-484520s-DENV_1-brazil-BVBRC_genome_sequence,sequana_cpu,2,11538992.0,2,16,1000,484520,DENV_1-brazil-BVBRC_genome_sequence,47787.86,53063.26,100851.12,219.21,243.41,462.62,231.31,218.0, sdumont6180,22187246.4
652.0,1692,47,1982108.0,145892.0,145590.0,2204076.0,1792.0,4249.6,1863.68,4259.84,1.0,0,14.0,19.0,1n-2m-18th-100bs-484520s-DENV_1-brazil-BVBRC_genome_sequence,sequana_cpu_dev,1,11538993.0,2,18,100,484520,DENV_1-brazil-BVBRC_genome_sequence,4564.57,4822.88,9387.45,106.15,112.16,218.31,218.31,43.0, sdumont6165,441210.15
3393.0,14016,219,1853166.0,161480.0,153793.0,2081276.0,2037.76,4597.76,2764.8,5109.76,28465.0,0,10.0,14.0,2n-2m-16th-1000bs-484520s-DENV_1-brazil-BVBRC_genome_sequence,sequana_cpu,2,11538996.0,2,16,1000,484520,DENV_1-brazil-BVBRC_genome_sequence,49715.68,49668.38,99384.07,228.59,228.35,456.94,228.47,217.5, sdumont6232,21765111.33
656.0,1656,46,1982132.0,149944.0,147730.0,2199928.0,1873.92,4290.56,2109.44,4331.52,1.0,0,10.0,10.0,1n-2m-18th-100bs-484520s-DENV_1-brazil-BVBRC_genome_sequence,sequana_cpu_dev,1,11538997.0,2,18,100,484520,DENV_1-brazil-BVBRC_genome_sequence,4592.27,5036.78,9629.05,104.37,114.47,218.84,218.84,44.0, sdumont6168,442936.3
3372.0,14080,220,1853164.0,162740.0,155596.0,2081272.0,2037.76,4597.76,2754.56,5109.76,28441.0,0,6.0,10.0,2n-2m-16th-1000bs-484520s-DENV_1-brazil-BVBRC_genome_sequence,sequana_cpu,2,11538999.0,2,16,1000,484520,DENV_1-brazil-BVBRC_genome_sequence,48016.59,52992.07,101008.66,219.25,241.97,461.23,230.61,219.0, sdumont6179,22221905.2
656.0,1620,45,1982100.0,146328.0,144898.0,2199864.0,1873.92,4290.56,2109.44,4331.52,1.0,0,10.0,12.0,1n-2m-18th-100bs-484520s-DENV_1-brazil-BVBRC_genome_sequence,sequana_cpu_dev,1,11539000.0,2,18,100,484520,DENV_1-brazil-BVBRC_genome_sequence,4556.17,4762.09,9318.26,103.55,108.23,211.78,211.78,44.0, sdumont6165,419321.7
3366.0,14080,220,1853166.0,158572.0,152443.0,2077076.0,2017.28,4597.76,2764.8,5109.76,28354.0,0,6.0,12.0,2n-2m-16th-1000bs-484520s-DENV_1-brazil-BVBRC_genome_sequence,sequana_cpu,2,11539003.0,2,16,1000,484520,DENV_1-brazil-BVBRC_genome_sequence,49815.82,49601.63,99417.45,229.05,228.04,457.09,228.55,217.5, sdumont6232,21871839.0
662.0,1692,47,1982108.0,146016.0,145698.0,2199880.0,1792.0,4249.6,1863.68,4259.84,1.0,0,8.0,10.0,1n-2m-18th-100bs-484520s-DENV_1-brazil-BVBRC_genome_sequence,sequana_cpu_dev,1,11539004.0,2,18,100,484520,DENV_1-brazil-BVBRC_genome_sequence,4796.21,5327.95,10124.16,106.58,118.4,224.98,224.98,45.0, sdumont6168,475835.52
3350.0,13760,215,1853206.0,160344.0,153406.0,2077080.0,2027.52,4597.76,2744.32,5109.76,28330.0,0,6.0,11.0,2n-2m-16th-1000bs-484520s-DENV_1-brazil-BVBRC_genome_sequence,sequana_cpu,2,11539005.0,2,16,1000,484520,DENV_1-brazil-BVBRC_genome_sequence,45611.85,50561.1,96172.95,214.14,237.38,451.52,225.76,213.0, sdumont6179,20677184.25
724.0,1840,46,2117292.0,146176.0,145836.0,2335092.0,1792.0,4249.6,1863.68,4259.84,1.0,0,16.0,16.0,1n-2m-20th-100bs-484520s-DENV_1-brazil-BVBRC_genome_sequence,sequana_cpu_dev,1,11539006.0,2,20,100,484520,DENV_1-brazil-BVBRC_genome_sequence,4784.89,5076.06,9860.95,108.75,115.36,224.11,224.11,44.0, sdumont6165,453603.7
733.0,1840,46,2117286.0,150028.0,148922.0,2335096.0,1853.44,4290.56,2068.48,4331.52,0.0,0,10.0,12.0,1n-2m-20th-100bs-484520s-DENV_1-brazil-BVBRC_genome_sequence,sequana_cpu_dev,1,11539011.0,2,20,100,484520,DENV_1-brazil-BVBRC_genome_sequence,4774.05,5371.92,10145.98,106.09,119.38,225.47,225.47,45.0, sdumont6168,466715.08
3751.0,15840,220,1988371.0,162940.0,152036.0,2212336.0,2037.76,4597.76,2764.8,5109.76,28220.0,0,3.0,14.0,2n-2m-18th-1000bs-484520s-DENV_1-brazil-BVBRC_genome_sequence,sequana_cpu,2,11539012.0,2,18,1000,484520,DENV_1-brazil-BVBRC_genome_sequence,49422.54,47538.01,96960.55,225.67,217.07,442.74,221.37,219.0, sdumont6233,21331321.0
744.0,1920,48,2117296.0,148120.0,145752.0,2339288.0,1884.16,4290.56,2129.92,4331.52,1.0,0,21.0,24.0,1n-2m-20th-100bs-484520s-DENV_1-brazil-BVBRC_genome_sequence,sequana_cpu_dev,1,11539013.0,2,20,100,484520,DENV_1-brazil-BVBRC_genome_sequence,4970.1,5333.05,10303.15,108.05,115.94,223.98,223.98,46.0, sdumont6165,494551.2
3907.0,16560,230,1988375.0,161744.0,154630.0,2212336.0,2037.76,4597.76,2785.28,5109.76,28196.0,0,12.0,22.0,2n-2m-18th-1000bs-484520s-DENV_1-brazil-BVBRC_genome_sequence,sequana_cpu,2,11539014.0,2,18,1000,484520,DENV_1-brazil-BVBRC_genome_sequence,50441.82,52168.85,102610.67,222.21,229.82,452.03,226.01,227.0, sdumont6179,23600454.1
735.0,1920,48,2120072.0,145916.0,145666.0,2344852.0,1792.0,4249.6,1863.68,4259.84,1.0,0,17.0,24.0,1n-2m-20th-100bs-484520s-DENV_1-brazil-BVBRC_genome_sequence,sequana_cpu_dev,1,11539017.0,2,20,100,484520,DENV_1-brazil-BVBRC_genome_sequence,4768.87,5100.24,9869.11,105.97,113.34,219.31,219.31,45.0, sdumont6165,473717.28
3808.0,16128,224,1988373.0,167300.0,155848.0,2212332.0,2037.76,4597.76,2764.8,5109.76,28109.0,0,10.0,16.0,2n-2m-18th-1000bs-484520s-DENV_1-brazil-BVBRC_genome_sequence,sequana_cpu,2,11539018.0,2,18,1000,484520,DENV_1-brazil-BVBRC_genome_sequence,49272.71,47306.14,96578.85,220.95,212.14,433.09,216.54,223.0, sdumont6233,21633662.4
3795.0,15984,222,1988373.0,162860.0,152632.0,2216528.0,2037.76,4597.76,2754.56,5109.76,28085.0,0,9.0,13.0,2n-2m-18th-1000bs-484520s-DENV_1-brazil-BVBRC_genome_sequence,sequana_cpu,2,11539022.0,2,18,1000,484520,DENV_1-brazil-BVBRC_genome_sequence,48144.03,49636.16,97780.19,218.84,225.62,444.46,222.23,220.0, sdumont6180,21707202.18
733.0,2400,60,2117298.0,150536.0,147104.0,2339300.0,1853.44,4290.56,2068.48,4331.52,0.0,0,14.0,19.0,1n-2m-20th-100bs-484520s-DENV_1-brazil-BVBRC_genome_sequence,sequana_cpu_dev,1,11539023.0,2,20,100,484520,DENV_1-brazil-BVBRC_genome_sequence,4753.77,5089.79,9843.56,105.64,113.11,218.75,218.75,45.0, sdumont6165,590613.6
3749.0,15984,222,1988369.0,164836.0,153074.0,2212332.0,2037.76,4597.76,2764.8,5109.76,27999.0,0,9.0,21.0,2n-2m-18th-1000bs-484520s-DENV_1-brazil-BVBRC_genome_sequence,sequana_cpu,2,11539025.0,2,18,1000,484520,DENV_1-brazil-BVBRC_genome_sequence,49295.45,47353.61,96649.06,224.57,215.75,440.32,220.16,219.5, sdumont6233,21456091.32
809.0,2068,47,2252362.0,148448.0,145922.0,2474440.0,1792.0,4249.6,1863.68,4259.84,1.0,0,11.0,13.0,1n-2m-22th-100bs-484520s-DENV_1-brazil-BVBRC_genome_sequence,sequana_cpu_dev,1,11539026.0,2,22,100,484520,DENV_1-brazil-BVBRC_genome_sequence,4912.48,5166.29,10078.76,109.17,114.81,223.97,223.97,45.0, sdumont6165,473701.72
4297.0,18000,225,2123562.0,166604.0,155726.0,2347480.0,2027.52,4597.76,2764.8,5109.76,27952.0,0,12.0,18.0,2n-2m-20th-1000bs-484520s-DENV_1-brazil-BVBRC_genome_sequence,sequana_cpu,2,11539028.0,2,20,1000,484520,DENV_1-brazil-BVBRC_genome_sequence,49822.31,52217.06,102039.37,223.42,234.16,457.58,228.79,223.0, sdumont6180,22958858.25
805.0,2068,47,2252468.0,146220.0,145838.0,2470244.0,1873.92,4290.56,2109.44,4331.52,1.0,0,14.0,15.0,1n-2m-22th-100bs-484520s-DENV_1-brazil-BVBRC_genome_sequence,sequana_cpu_dev,1,11539029.0,2,22,100,484520,DENV_1-brazil-BVBRC_genome_sequence,4895.67,5172.9,10068.56,108.79,114.95,223.75,223.75,45.0, sdumont6165,473222.32
4237.0,18000,225,2123569.0,161408.0,152974.0,2351696.0,2037.76,4597.76,2764.8,5109.76,27867.0,0,8.0,14.0,2n-2m-20th-1000bs-484520s-DENV_1-brazil-BVBRC_genome_sequence,sequana_cpu,2,11539032.0,2,20,1000,484520,DENV_1-brazil-BVBRC_genome_sequence,51002.03,49993.78,100995.81,227.69,223.19,450.87,225.44,224.0, sdumont6232,22724057.25
810.0,2024,46,2252458.0,149848.0,148044.0,2474424.0,1792.0,4249.6,1863.68,4259.84,1.0,0,11.0,12.0,1n-2m-22th-100bs-484520s-DENV_1-brazil-BVBRC_genome_sequence,sequana_cpu_dev,1,11539033.0,2,22,100,484520,DENV_1-brazil-BVBRC_genome_sequence,4920.0,5156.47,10076.47,109.33,114.59,223.92,223.92,45.0, sdumont6165,463517.62
4295.0,17920,224,2123562.0,163168.0,154844.0,2347500.0,2017.28,4597.76,2764.8,5109.76,27843.0,0,12.0,16.0,2n-2m-20th-1000bs-484520s-DENV_1-brazil-BVBRC_genome_sequence,sequana_cpu,2,11539035.0,2,20,1000,484520,DENV_1-brazil-BVBRC_genome_sequence,49888.3,52270.55,102158.85,224.24,234.95,459.19,229.59,222.5, sdumont6180,22883582.4
811.0,2068,47,2252354.0,148484.0,145966.0,2474424.0,1884.16,4290.56,2140.16,4331.52,1.0,0,22.0,31.0,1n-2m-22th-100bs-484520s-DENV_1-brazil-BVBRC_genome_sequence,sequana_cpu_dev,1,11539036.0,2,22,100,484520,DENV_1-brazil-BVBRC_genome_sequence,5176.14,5706.09,10882.23,115.03,126.8,241.83,241.83,45.0, sdumont6168,511464.81
4295.0,18000,225,2123558.0,161128.0,152804.0,2351696.0,2037.76,4597.76,2764.8,5109.76,27757.0,0,33.0,60.0,2n-2m-20th-1000bs-484520s-DENV_1-brazil-BVBRC_genome_sequence,sequana_cpu,2,11539039.0,2,20,1000,484520,DENV_1-brazil-BVBRC_genome_sequence,50949.92,49662.84,100612.76,228.47,222.7,451.18,225.59,223.0, sdumont6233,22637871.0
810.0,2068,47,2252466.0,148520.0,146068.0,2470240.0,1884.16,4290.56,2129.92,4331.52,2.0,0,14.0,15.0,1n-2m-22th-100bs-484520s-DENV_1-brazil-BVBRC_genome_sequence,sequana_cpu_dev,1,11539040.0,2,22,100,484520,DENV_1-brazil-BVBRC_genome_sequence,5159.17,5459.7,10618.87,114.65,121.33,235.97,235.97,45.0, sdumont6165,499086.89
4310.0,18080,226,2123565.0,165420.0,154472.0,2351696.0,2017.28,4597.76,2764.8,5109.76,27733.0,0,19.0,21.0,2n-2m-20th-1000bs-484520s-DENV_1-brazil-BVBRC_genome_sequence,sequana_cpu,2,11539042.0,2,20,1000,484520,DENV_1-brazil-BVBRC_genome_sequence,49752.74,52116.55,101869.29,222.11,232.66,454.77,227.39,224.0, sdumont6179,23022459.54
940.0,2496,52,2387456.0,150312.0,147994.0,2609444.0,1904.64,4290.56,2170.88,4331.52,1.0,0,22.0,24.0,1n-2m-24th-100bs-484520s-DENV_1-brazil-BVBRC_genome_sequence,sequana_cpu_dev,1,11539043.0,2,24,100,484520,DENV_1-brazil-BVBRC_genome_sequence,5866.42,6482.81,12349.23,117.33,129.66,246.98,246.98,50.0, sdumont6168,642159.96
4628.0,19976,227,2258811.0,165028.0,156546.0,2482684.0,2037.76,4597.76,2775.04,5109.76,32459.0,0,240.0,401.0,2n-2m-22th-1000bs-484520s-DENV_1-brazil-BVBRC_genome_sequence,sequana_cpu,2,11539044.0,2,22,1000,484520,DENV_1-brazil-BVBRC_genome_sequence,50522.44,52844.91,103367.35,224.03,234.32,458.36,229.18,225.5, sdumont6097,23464388.450000003
938.0,2496,52,2387456.0,146164.0,145800.0,2609444.0,1904.64,4290.56,2170.88,4331.52,1.0,0,16.0,20.0,1n-2m-24th-100bs-484520s-DENV_1-brazil-BVBRC_genome_sequence,sequana_cpu_dev,1,11539045.0,2,24,100,484520,DENV_1-brazil-BVBRC_genome_sequence,5841.44,6168.24,12009.68,116.83,123.36,240.19,240.19,50.0, sdumont6165,624503.36
4738.0,19800,225,2258733.0,165732.0,153517.0,2486880.0,1863.68,4433.92,2099.2,4433.92,32527.0,0,16.0,22.0,2n-2m-22th-1000bs-484520s-DENV_1-brazil-BVBRC_genome_sequence,sequana_cpu,2,11539047.0,2,22,1000,484520,DENV_1-brazil-BVBRC_genome_sequence,49886.91,52038.94,101925.85,223.71,233.36,457.07,228.53,223.0, sdumont6097,22933316.25
950.0,2544,53,2387456.0,148096.0,147768.0,2609444.0,1914.88,4290.56,2191.36,4331.52,1.0,0,30.0,34.0,1n-2m-24th-100bs-484520s-DENV_1-brazil-BVBRC_genome_sequence,sequana_cpu_dev,1,11539048.0,2,24,100,484520,DENV_1-brazil-BVBRC_genome_sequence,6083.23,6783.01,12866.25,119.28,133.0,252.28,252.28,51.0, sdumont6168,681911.25
4823.0,20592,234,2258724.0,160080.0,154928.0,2482680.0,2037.76,4597.76,2775.04,5109.76,32595.0,0,15.0,20.0,2n-2m-22th-1000bs-484520s-DENV_1-brazil-BVBRC_genome_sequence,sequana_cpu,2,11539049.0,2,22,1000,484520,DENV_1-brazil-BVBRC_genome_sequence,52271.85,54476.62,106748.48,224.34,233.81,458.15,229.07,233.0, sdumont6097,24979144.32
672.0,2544,53,2498860.0,150120.0,146766.0,2832256.0,1914.88,4290.56,2201.6,4331.52,4.0,0,8.0,16.0,1n-2m-24th-100bs-484520s-DENV_1-brazil-BVBRC_genome_sequence,sequana_cpu_dev,1,11539050.0,2,24,100,484520,DENV_1-brazil-BVBRC_genome_sequence,6115.56,6478.11,12593.67,119.91,127.02,246.93,246.93,51.0, sdumont6165,667464.51
939.0,2496,52,2387454.0,146280.0,145920.0,2609444.0,1904.64,4290.56,2170.88,4331.52,1.0,0,23.0,31.0,1n-2m-24th-100bs-484520s-DENV_1-brazil-BVBRC_genome_sequence,sequana_cpu_dev,1,11539053.0,2,24,100,484520,DENV_1-brazil-BVBRC_genome_sequence,5810.86,6445.94,12256.8,116.22,128.92,245.14,245.14,50.0, sdumont6168,637353.6
59.0,220,55,901112.0,142808.0,142256.0,1123076.0,1699.84,4270.08,1966.08,4311.04,1.0,0,0.0,0.0,1n-2m-2th-100bs-377019s-DENV_1-usa-BVBRC_genome_sequence,sequana_cpu_dev,1,11539054.0,2,2,100,377019,DENV_1-usa-BVBRC_genome_sequence,3120.21,3440.2,6560.41,58.87,64.91,123.78,123.78,53.0, sdumont6165,360822.55
82.0,228,57,901104.0,141592.0,140180.0,1122972.0,1576.96,4239.36,1648.64,4249.6,1.0,0,0.0,0.0,1n-2m-2th-100bs-377019s-DENV_1-usa-BVBRC_genome_sequence,sequana_cpu_dev,1,11539056.0,2,2,100,377019,DENV_1-usa-BVBRC_genome_sequence,3260.31,3686.61,6946.92,60.38,68.27,128.65,128.65,54.0, sdumont6168,395974.44
82.0,224,56,912928.0,142292.0,140532.0,1136004.0,2856.96,4239.36,4085.76,4249.6,1.0,0,65.0,126.0,1n-2m-2th-100bs-377019s-DENV_1-usa-BVBRC_genome_sequence,sequana_cpu_dev,1,11539057.0,2,2,100,377019,DENV_1-usa-BVBRC_genome_sequence,3637.88,3088.13,6726.01,67.37,57.19,124.56,124.56,54.0, sdumont6037,376656.56
84.0,228,57,901162.0,141820.0,140226.0,1118980.0,1689.6,4270.08,1955.84,4311.04,1.0,0,0.0,0.0,1n-2m-2th-100bs-377019s-DENV_1-usa-BVBRC_genome_sequence,sequana_cpu_dev,1,11539059.0,2,2,100,377019,DENV_1-usa-BVBRC_genome_sequence,3138.91,3408.28,6547.2,57.07,61.97,119.04,119.04,55.0, sdumont6165,373190.4
82.0,224,56,901060.0,141716.0,140164.0,1122972.0,1689.6,4270.08,1955.84,4311.04,1.0,0,0.0,0.0,1n-2m-2th-100bs-377019s-DENV_1-usa-BVBRC_genome_sequence,sequana_cpu_dev,1,11539062.0,2,2,100,377019,DENV_1-usa-BVBRC_genome_sequence,3100.98,3383.5,6484.47,57.43,62.66,120.08,120.08,54.0, sdumont6165,363130.32
118.0,280,35,1035664.0,142160.0,140714.0,1257592.0,1617.92,4280.32,1802.24,4311.04,1.0,0,0.0,0.0,1n-2m-4th-100bs-377019s-DENV_1-usa-BVBRC_genome_sequence,sequana_cpu_dev,1,11539065.0,2,4,100,377019,DENV_1-usa-BVBRC_genome_sequence,2234.84,2434.09,4668.92,69.84,76.07,145.9,145.9,32.0, sdumont6165,163412.2
124.0,272,34,1035586.0,142284.0,140648.0,1253396.0,1576.96,4249.6,1648.64,4249.6,1.0,0,0.0,1.0,1n-2m-4th-100bs-377019s-DENV_1-usa-BVBRC_genome_sequence,sequana_cpu_dev,1,11539068.0,2,4,100,377019,DENV_1-usa-BVBRC_genome_sequence,2219.39,2418.54,4637.93,65.28,71.13,136.41,136.41,34.0, sdumont6165,157689.62
124.0,280,35,1035664.0,142228.0,140714.0,1253396.0,1617.92,4280.32,1812.48,4311.04,1.0,0,0.0,1.0,1n-2m-4th-100bs-377019s-DENV_1-usa-BVBRC_genome_sequence,sequana_cpu_dev,1,11539070.0,2,4,100,377019,DENV_1-usa-BVBRC_genome_sequence,2379.35,2585.0,4964.35,72.1,78.33,150.43,150.43,33.0, sdumont6165,173752.25
116.0,280,35,1035606.0,142172.0,140540.0,1253400.0,1617.92,4280.32,1822.72,4311.04,1.0,0,0.0,0.0,1n-2m-4th-100bs-377019s-DENV_1-usa-BVBRC_genome_sequence,sequana_cpu_dev,1,11539072.0,2,4,100,377019,DENV_1-usa-BVBRC_genome_sequence,2426.72,2744.03,5170.75,71.37,80.71,152.08,152.08,34.0, sdumont6168,180976.25
118.0,272,34,1035606.0,143440.0,142766.0,1253400.0,1648.64,4280.32,1873.92,4321.28,0.0,0,0.0,0.0,1n-2m-4th-100bs-377019s-DENV_1-usa-BVBRC_genome_sequence,sequana_cpu_dev,1,11539073.0,2,4,100,377019,DENV_1-usa-BVBRC_genome_sequence,2305.2,2591.8,4897.0,72.04,80.99,153.03,153.03,32.0, sdumont6168,166498.0
78.0,324,27,265352.0,3308.0,3298.0,265352.0,747.52,2119.68,1505.28,4249.6,1.0,0,0.0,1.0,1n-2m-6th-100bs-377019s-DENV_1-usa-BVBRC_genome_sequence,sequana_cpu_dev,1,11539075.0,2,6,100,377019,DENV_1-usa-BVBRC_genome_sequence,2092.65,2349.53,4442.18,80.49,90.37,170.85,170.85,26.0, sdumont6168,119938.86000000002
79.0,336,28,822584.0,140444.0,71804.0,1379816.0,880.64,2150.4,1771.52,4311.04,1.0,0,1.0,2.0,1n-2m-6th-100bs-377019s-DENV_1-usa-BVBRC_genome_sequence,sequana_cpu_dev,1,11539076.0,2,6,100,377019,DENV_1-usa-BVBRC_genome_sequence,2279.02,2560.16,4839.18,84.41,94.82,179.23,179.23,27.0, sdumont6168,135497.04
78.0,336,28,822584.0,140500.0,71844.0,1379816.0,880.64,2150.4,1751.04,4311.04,1.0,0,0.0,1.0,1n-2m-6th-100bs-377019s-DENV_1-usa-BVBRC_genome_sequence,sequana_cpu_dev,1,11539078.0,2,6,100,377019,DENV_1-usa-BVBRC_genome_sequence,2301.77,2572.09,4873.85,88.53,98.93,187.46,187.46,26.0, sdumont6168,136467.80000000002
78.0,336,28,822584.0,138184.0,70678.0,1379816.0,890.88,2150.4,1771.52,4311.04,1.0,0,0.0,1.0,1n-2m-6th-100bs-377019s-DENV_1-usa-BVBRC_genome_sequence,sequana_cpu_dev,1,11539079.0,2,6,100,377019,DENV_1-usa-BVBRC_genome_sequence,2288.15,2554.85,4843.01,84.75,94.62,179.37,179.37,27.0, sdumont6168,135604.28
77.0,348,29,822580.0,138172.0,70616.0,1379808.0,890.88,2150.4,1771.52,4311.04,1.0,0,136.0,273.0,1n-2m-6th-100bs-377019s-DENV_1-usa-BVBRC_genome_sequence,sequana_cpu_dev,1,11539081.0,2,6,100,377019,DENV_1-usa-BVBRC_genome_sequence,2347.35,2144.54,4491.89,83.83,76.59,160.42,160.42,28.0, sdumont6207,130264.81
96.0,416,26,890106.0,138248.0,70668.0,1514860.0,880.64,2150.4,1761.28,4311.04,1.0,0,1.0,2.0,1n-2m-8th-100bs-377019s-DENV_1-usa-BVBRC_genome_sequence,sequana_cpu_dev,1,11539082.0,2,8,100,377019,DENV_1-usa-BVBRC_genome_sequence,2467.42,2368.6,4836.01,102.81,98.69,201.5,201.5,24.0, sdumont6207,125736.26
95.0,400,25,670194.0,135076.0,69108.0,1075036.0,757.76,2119.68,1505.28,4249.6,1.0,0,3.0,6.0,1n-2m-8th-100bs-377019s-DENV_1-usa-BVBRC_genome_sequence,sequana_cpu_dev,1,11539085.0,2,8,100,377019,DENV_1-usa-BVBRC_genome_sequence,2224.7,2145.25,4369.96,92.7,89.39,182.08,182.08,24.0, sdumont6207,109249.0
93.0,400,25,609810.0,25032.0,14064.0,954268.0,757.76,2119.68,1515.52,4249.6,1.0,0,0.0,1.0,1n-2m-8th-100bs-377019s-DENV_1-usa-BVBRC_genome_sequence,sequana_cpu_dev,1,11539087.0,2,8,100,377019,DENV_1-usa-BVBRC_genome_sequence,2267.42,2176.25,4443.67,98.58,94.62,193.2,193.2,23.0, sdumont6207,111091.75
96.0,416,26,890098.0,140328.0,71680.0,1514844.0,880.64,2150.4,1761.28,4311.04,1.0,0,1.0,2.0,1n-2m-8th-100bs-377019s-DENV_1-usa-BVBRC_genome_sequence,sequana_cpu_dev,1,11539088.0,2,8,100,377019,DENV_1-usa-BVBRC_genome_sequence,2488.04,2386.3,4874.33,103.67,99.43,203.1,203.1,24.0, sdumont6207,126732.58
94.0,416,26,670194.0,135120.0,69112.0,1075036.0,757.76,2119.68,1515.52,4249.6,1.0,0,2.0,4.0,1n-2m-8th-100bs-377019s-DENV_1-usa-BVBRC_genome_sequence,sequana_cpu_dev,1,11539089.0,2,8,100,377019,DENV_1-usa-BVBRC_genome_sequence,2267.66,2184.25,4451.9,94.49,91.01,185.5,185.5,24.0, sdumont6207,115749.4
117.0,520,26,737784.0,139488.0,71334.0,1210216.0,757.76,2129.92,1515.52,4249.6,1.0,0,2.0,5.0,1n-2m-10th-100bs-377019s-DENV_1-usa-BVBRC_genome_sequence,sequana_cpu_dev,1,11539090.0,2,10,100,377019,DENV_1-usa-BVBRC_genome_sequence,2411.35,2257.68,4669.03,100.47,94.07,194.54,194.54,24.0, sdumont6207,121394.78
113.0,500,25,737784.0,139420.0,71292.0,1210216.0,757.76,2129.92,1515.52,4249.6,1.0,0,2.0,4.0,1n-2m-10th-100bs-377019s-DENV_1-usa-BVBRC_genome_sequence,sequana_cpu_dev,1,11539092.0,2,10,100,377019,DENV_1-usa-BVBRC_genome_sequence,2435.23,2262.14,4697.37,105.88,98.35,204.23,204.23,23.0, sdumont6207,117434.25
114.0,500,25,737784.0,137296.0,70240.0,1210216.0,757.76,2129.92,1515.52,4249.6,1.0,0,1.0,3.0,1n-2m-10th-100bs-377019s-DENV_1-usa-BVBRC_genome_sequence,sequana_cpu_dev,1,11539096.0,2,10,100,377019,DENV_1-usa-BVBRC_genome_sequence,2444.32,2266.62,4710.94,106.27,98.55,204.82,204.82,23.0, sdumont6207,117773.5
113.0,500,25,957680.0,138476.0,70768.0,1650008.0,870.4,2150.4,1740.8,4311.04,1.0,0,1.0,2.0,1n-2m-10th-100bs-377019s-DENV_1-usa-BVBRC_genome_sequence,sequana_cpu_dev,1,11539097.0,2,10,100,377019,DENV_1-usa-BVBRC_genome_sequence,2271.48,2387.01,4658.49,98.76,103.78,202.54,202.54,23.0, sdumont6165,116462.25
115.0,480,24,737784.0,135452.0,69316.0,1210216.0,757.76,2129.92,1515.52,4249.6,1.0,0,3.0,6.0,1n-2m-10th-100bs-377019s-DENV_1-usa-BVBRC_genome_sequence,sequana_cpu_dev,1,11539098.0,2,10,100,377019,DENV_1-usa-BVBRC_genome_sequence,2275.69,2385.95,4661.64,98.94,103.74,202.68,202.68,23.0, sdumont6165,111879.36000000002
138.0,600,25,805332.0,135496.0,69364.0,1345312.0,757.76,2129.92,1515.52,4249.6,1.0,0,2.0,5.0,1n-2m-12th-100bs-377019s-DENV_1-usa-BVBRC_genome_sequence,sequana_cpu_dev,1,11539100.0,2,12,100,377019,DENV_1-usa-BVBRC_genome_sequence,2295.8,2573.96,4869.77,99.82,111.91,211.73,211.73,23.0, sdumont6165,121744.25
137.0,600,25,1025222.0,138472.0,70822.0,1785092.0,870.4,2150.4,1740.8,4311.04,1.0,0,2.0,4.0,1n-2m-12th-100bs-377019s-DENV_1-usa-BVBRC_genome_sequence,sequana_cpu_dev,1,11539102.0,2,12,100,377019,DENV_1-usa-BVBRC_genome_sequence,2282.57,2541.89,4824.46,99.24,110.52,209.76,209.76,23.0, sdumont6165,120611.5
0.0,576,24,265352.0,3248.0,3214.0,265352.0,870.4,2150.4,1740.8,4311.04,1.0,0,0.0,0.0,1n-2m-12th-100bs-377019s-DENV_1-usa-BVBRC_genome_sequence,sequana_cpu_dev,1,11539105.0,2,12,100,377019,DENV_1-usa-BVBRC_genome_sequence,2272.74,2554.27,4827.01,94.7,106.43,201.13,201.13,24.0, sdumont6165,115848.24
141.0,624,26,1025200.0,140440.0,71806.0,1785048.0,870.4,2150.4,1740.8,4311.04,1.0,0,2.0,5.0,1n-2m-12th-100bs-377019s-DENV_1-usa-BVBRC_genome_sequence,sequana_cpu_dev,1,11539109.0,2,12,100,377019,DENV_1-usa-BVBRC_genome_sequence,2286.64,2578.04,4864.68,95.28,107.42,202.7,202.7,24.0, sdumont6165,126481.68
0.0,624,26,265352.0,3216.0,3182.0,265352.0,870.4,2150.4,1751.04,4311.04,1.0,0,0.0,0.0,1n-2m-12th-100bs-377019s-DENV_1-usa-BVBRC_genome_sequence,sequana_cpu_dev,1,11539110.0,2,12,100,377019,DENV_1-usa-BVBRC_genome_sequence,2239.71,2482.94,4722.65,93.32,103.46,196.78,196.78,24.0, sdumont6165,122788.9
0.0,700,25,265352.0,3432.0,3310.0,265352.0,870.4,2150.4,1751.04,4311.04,1.0,0,0.0,0.0,1n-2m-14th-100bs-377019s-DENV_1-usa-BVBRC_genome_sequence,sequana_cpu_dev,1,11539111.0,2,14,100,377019,DENV_1-usa-BVBRC_genome_sequence,2331.62,2433.87,4765.49,97.15,101.41,198.56,198.56,24.0, sdumont6165,119137.25
159.0,700,25,872914.0,139588.0,71410.0,1480476.0,757.76,2129.92,1505.28,4249.6,1.0,0,6.0,12.0,1n-2m-14th-100bs-377019s-DENV_1-usa-BVBRC_genome_sequence,sequana_cpu_dev,1,11539112.0,2,14,100,377019,DENV_1-usa-BVBRC_genome_sequence,2333.13,2457.7,4790.82,101.44,106.86,208.3,208.3,23.0, sdumont6165,119770.5
160.0,700,25,1092810.0,142740.0,72986.0,1920268.0,870.4,2150.4,1740.8,4311.04,1.0,0,1.0,3.0,1n-2m-14th-100bs-377019s-DENV_1-usa-BVBRC_genome_sequence,sequana_cpu_dev,1,11539113.0,2,14,100,377019,DENV_1-usa-BVBRC_genome_sequence,2345.97,2449.29,4795.25,97.75,102.05,199.8,199.8,24.0, sdumont6165,119881.25
159.0,700,25,1092812.0,138552.0,70894.0,1920272.0,870.4,2150.4,1740.8,4311.04,0.0,0,3.0,7.0,1n-2m-14th-100bs-377019s-DENV_1-usa-BVBRC_genome_sequence,sequana_cpu_dev,1,11539114.0,2,14,100,377019,DENV_1-usa-BVBRC_genome_sequence,2296.88,2403.84,4700.72,99.86,104.51,204.38,204.38,23.0, sdumont6165,117518.0
161.0,700,25,872914.0,137548.0,70380.0,1480476.0,757.76,2129.92,1505.28,4249.6,1.0,0,2.0,5.0,1n-2m-14th-100bs-377019s-DENV_1-usa-BVBRC_genome_sequence,sequana_cpu_dev,1,11539115.0,2,14,100,377019,DENV_1-usa-BVBRC_genome_sequence,2335.65,2436.82,4772.46,101.55,105.95,207.5,207.5,23.0, sdumont6165,119311.5
191.0,832,26,1098862.0,26036.0,14574.0,1932372.0,870.4,2150.4,1740.8,4311.04,1.0,0,4.0,9.0,1n-2m-16th-100bs-377019s-DENV_1-usa-BVBRC_genome_sequence,sequana_cpu_dev,1,11539116.0,2,16,100,377019,DENV_1-usa-BVBRC_genome_sequence,2351.63,2571.44,4923.07,97.98,107.14,205.13,205.13,24.0, sdumont6165,127999.82
0.0,832,26,265352.0,3300.0,3184.0,265352.0,870.4,2150.4,1751.04,4311.04,1.0,0,0.0,0.0,1n-2m-16th-100bs-377019s-DENV_1-usa-BVBRC_genome_sequence,sequana_cpu_dev,1,11539117.0,2,16,100,377019,DENV_1-usa-BVBRC_genome_sequence,2341.6,2565.13,4906.74,101.81,111.53,213.34,213.34,23.0, sdumont6165,127575.24
0.0,864,27,265352.0,3376.0,3278.0,265352.0,880.64,2150.4,1771.52,4311.04,1.0,0,0.0,0.0,1n-2m-16th-100bs-377019s-DENV_1-usa-BVBRC_genome_sequence,sequana_cpu_dev,1,11539119.0,2,16,100,377019,DENV_1-usa-BVBRC_genome_sequence,2614.64,2717.12,5331.75,104.59,108.68,213.27,213.27,25.0, sdumont6208,143957.25
189.0,832,26,940506.0,139868.0,71522.0,1615660.0,757.76,2129.92,1505.28,4249.6,1.0,0,3.0,6.0,1n-2m-16th-100bs-377019s-DENV_1-usa-BVBRC_genome_sequence,sequana_cpu_dev,1,11539120.0,2,16,100,377019,DENV_1-usa-BVBRC_genome_sequence,2411.73,2498.67,4910.4,100.49,104.11,204.6,204.6,24.0, sdumont6208,127670.4
187.0,864,27,1160398.0,138700.0,70942.0,2055444.0,880.64,2150.4,1761.28,4311.04,1.0,0,146.0,292.0,1n-2m-16th-100bs-377019s-DENV_1-usa-BVBRC_genome_sequence,sequana_cpu_dev,1,11539121.0,2,16,100,377019,DENV_1-usa-BVBRC_genome_sequence,2626.09,2470.96,5097.05,101.0,95.04,196.04,196.04,26.0, sdumont6207,137620.35
223.0,1044,29,1241672.0,147480.0,75294.0,2215896.0,2007.04,2150.4,4014.08,4311.04,1.0,0,148.0,297.0,1n-2m-18th-100bs-377019s-DENV_1-usa-BVBRC_genome_sequence,sequana_cpu_dev,1,11539122.0,2,18,100,377019,DENV_1-usa-BVBRC_genome_sequence,2750.9,2844.8,5595.7,101.89,105.36,207.25,207.25,27.0, sdumont6036,162275.3
218.0,972,27,1237464.0,139272.0,71188.0,2207480.0,1935.36,2150.4,3860.48,4311.04,0.0,0,6.0,12.0,1n-2m-18th-100bs-377019s-DENV_1-usa-BVBRC_genome_sequence,sequana_cpu_dev,1,11539124.0,2,18,100,377019,DENV_1-usa-BVBRC_genome_sequence,2666.14,2764.47,5430.61,106.65,110.58,217.22,217.22,25.0, sdumont6036,146626.47
224.0,972,27,1205830.0,98856.0,50988.0,2146308.0,880.64,2150.4,1761.28,4311.04,1.0,0,8.0,16.0,1n-2m-18th-100bs-377019s-DENV_1-usa-BVBRC_genome_sequence,sequana_cpu_dev,1,11539127.0,2,18,100,377019,DENV_1-usa-BVBRC_genome_sequence,2727.96,2509.19,5237.15,109.12,100.37,209.49,209.49,25.0, sdumont6207,141403.05
231.0,1008,28,1205830.0,96576.0,49878.0,2146308.0,880.64,2150.4,1761.28,4311.04,1.0,0,5.0,11.0,1n-2m-18th-100bs-377019s-DENV_1-usa-BVBRC_genome_sequence,sequana_cpu_dev,1,11539129.0,2,18,100,377019,DENV_1-usa-BVBRC_genome_sequence,2740.11,2506.35,5246.47,105.39,96.4,201.79,201.79,26.0, sdumont6207,146901.16
220.0,972,27,1227922.0,140664.0,71952.0,2190492.0,880.64,2150.4,1761.28,4311.04,1.0,0,6.0,12.0,1n-2m-18th-100bs-377019s-DENV_1-usa-BVBRC_genome_sequence,sequana_cpu_dev,1,11539131.0,2,18,100,377019,DENV_1-usa-BVBRC_genome_sequence,2749.49,2518.58,5268.07,109.98,100.74,210.72,210.72,25.0, sdumont6207,142237.88999999998
252.0,1080,27,1295512.0,138768.0,70910.0,2325672.0,880.64,2150.4,1761.28,4311.04,1.0,0,7.0,14.0,1n-2m-20th-100bs-377019s-DENV_1-usa-BVBRC_genome_sequence,sequana_cpu_dev,1,11539134.0,2,20,100,377019,DENV_1-usa-BVBRC_genome_sequence,2883.95,2704.35,5588.3,115.36,108.17,223.53,223.53,25.0, sdumont6207,150884.1
251.0,1080,27,1075622.0,138052.0,70600.0,1885892.0,757.76,2129.92,1515.52,4249.6,1.0,0,3.0,7.0,1n-2m-20th-100bs-377019s-DENV_1-usa-BVBRC_genome_sequence,sequana_cpu_dev,1,11539135.0,2,20,100,377019,DENV_1-usa-BVBRC_genome_sequence,2883.08,2692.15,5575.23,115.32,107.69,223.01,223.01,25.0, sdumont6207,150531.21
250.0,1080,27,1079858.0,138260.0,70718.0,1892268.0,819.2,2129.92,1638.4,4249.6,1.0,0,11.0,23.0,1n-2m-20th-100bs-377019s-DENV_1-usa-BVBRC_genome_sequence,sequana_cpu_dev,1,11539137.0,2,20,100,377019,DENV_1-usa-BVBRC_genome_sequence,2777.29,2937.73,5715.02,111.09,117.51,228.6,228.6,25.0, sdumont6036,154305.54
252.0,1080,27,1058440.0,99356.0,51278.0,1849432.0,819.2,2129.92,1638.4,4249.6,1.0,0,12.0,24.0,1n-2m-20th-100bs-377019s-DENV_1-usa-BVBRC_genome_sequence,sequana_cpu_dev,1,11539138.0,2,20,100,377019,DENV_1-usa-BVBRC_genome_sequence,2773.33,2945.88,5719.21,106.67,113.3,219.97,219.97,26.0, sdumont6036,154418.67
254.0,1240,31,1079858.0,138072.0,70644.0,1892268.0,819.2,2129.92,1638.4,4249.6,1.0,0,9.0,18.0,1n-2m-20th-100bs-377019s-DENV_1-usa-BVBRC_genome_sequence,sequana_cpu_dev,1,11539141.0,2,20,100,377019,DENV_1-usa-BVBRC_genome_sequence,2752.51,2927.36,5679.87,105.87,112.59,218.46,218.46,26.0, sdumont6036,176075.97
280.0,1188,27,1147450.0,140140.0,71668.0,2027452.0,819.2,2129.92,1638.4,4249.6,1.0,0,6.0,13.0,1n-2m-22th-100bs-377019s-DENV_1-usa-BVBRC_genome_sequence,sequana_cpu_dev,1,11539142.0,2,22,100,377019,DENV_1-usa-BVBRC_genome_sequence,2839.33,2971.82,5811.15,109.2,114.3,223.51,223.51,26.0, sdumont6036,156901.05
277.0,1188,27,1376856.0,145888.0,74530.0,2486264.0,1914.88,2150.4,3819.52,4311.04,1.0,0,10.0,20.0,1n-2m-22th-100bs-377019s-DENV_1-usa-BVBRC_genome_sequence,sequana_cpu_dev,1,11539143.0,2,22,100,377019,DENV_1-usa-BVBRC_genome_sequence,2833.8,2947.8,5781.6,108.99,113.38,222.37,222.37,26.0, sdumont6036,156103.2
284.0,1232,28,1125426.0,96292.0,49768.0,1983404.0,819.2,2129.92,1648.64,4249.6,0.0,0,10.0,21.0,1n-2m-22th-100bs-377019s-DENV_1-usa-BVBRC_genome_sequence,sequana_cpu_dev,1,11539144.0,2,22,100,377019,DENV_1-usa-BVBRC_genome_sequence,2834.35,2966.89,5801.24,109.01,114.11,223.12,223.12,26.0, sdumont6036,162434.72
277.0,1188,27,1376856.0,145748.0,74478.0,2486264.0,1914.88,2150.4,3829.76,4311.04,1.0,0,10.0,21.0,1n-2m-22th-100bs-377019s-DENV_1-usa-BVBRC_genome_sequence,sequana_cpu_dev,1,11539145.0,2,22,100,377019,DENV_1-usa-BVBRC_genome_sequence,2847.52,2975.79,5823.31,109.52,114.45,223.97,223.97,26.0, sdumont6036,157229.37000000002
281.0,1232,28,1087064.0,25948.0,14528.0,1906680.0,819.2,2129.92,1648.64,4249.6,1.0,0,9.0,19.0,1n-2m-22th-100bs-377019s-DENV_1-usa-BVBRC_genome_sequence,sequana_cpu_dev,1,11539146.0,2,22,100,377019,DENV_1-usa-BVBRC_genome_sequence,2846.18,2971.77,5817.95,109.47,114.3,223.77,223.77,26.0, sdumont6036,162902.6
699.0,1536,32,2398494.0,145636.0,144108.0,2621592.0,2867.2,4280.32,4188.16,4311.04,1.0,0,27.0,27.0,1n-2m-24th-100bs-377019s-DENV_1-usa-BVBRC_genome_sequence,sequana_cpu_dev,1,11539147.0,2,24,100,377019,DENV_1-usa-BVBRC_genome_sequence,3432.98,3592.33,7025.3,114.43,119.74,234.18,234.18,30.0, sdumont6036,224809.6
702.0,1536,32,2398492.0,145492.0,144016.0,2621588.0,2887.68,4280.32,4229.12,4311.04,1.0,0,18.0,25.0,1n-2m-24th-100bs-377019s-DENV_1-usa-BVBRC_genome_sequence,sequana_cpu_dev,1,11539148.0,2,24,100,377019,DENV_1-usa-BVBRC_genome_sequence,3485.4,3644.21,7129.61,116.18,121.47,237.65,237.65,30.0, sdumont6036,228147.52
710.0,1536,32,2513736.0,147324.0,144874.0,2852080.0,2928.64,4280.32,4311.04,4311.04,1.0,0,12.0,20.0,1n-2m-24th-100bs-377019s-DENV_1-usa-BVBRC_genome_sequence,sequana_cpu_dev,1,11539149.0,2,24,100,377019,DENV_1-usa-BVBRC_genome_sequence,3708.55,3915.35,7623.9,123.62,130.51,254.13,254.13,30.0, sdumont6036,243964.8
704.0,1536,32,2386808.0,145228.0,143700.0,2604600.0,1617.92,4280.32,1812.48,4311.04,1.0,0,25.0,30.0,1n-2m-24th-100bs-377019s-DENV_1-usa-BVBRC_genome_sequence,sequana_cpu_dev,1,11539151.0,2,24,100,377019,DENV_1-usa-BVBRC_genome_sequence,3660.89,3648.26,7309.15,122.03,121.61,243.64,243.64,30.0, sdumont6208,233892.8
695.0,1536,32,2386812.0,145408.0,143806.0,2608800.0,1628.16,4280.32,1822.72,4311.04,1.0,0,12.0,24.0,1n-2m-24th-100bs-377019s-DENV_1-usa-BVBRC_genome_sequence,sequana_cpu_dev,1,11539152.0,2,24,100,377019,DENV_1-usa-BVBRC_genome_sequence,3730.75,3719.35,7450.1,124.36,123.98,248.34,248.34,30.0, sdumont6208,238403.2
4721.0,19712,224,2258730.0,161124.0,154856.0,2486876.0,2037.76,4597.76,2764.8,5109.76,7995.0,0,14.0,17.0,2n-2m-22th-1000bs-484520s-DENV_1-brazil-BVBRC_genome_sequence,sequana_cpu,2,11539183.0,2,22,1000,484520,DENV_1-brazil-BVBRC_genome_sequence,49898.59,51846.33,101744.92,224.77,233.54,458.31,229.16,222.0, sdumont6206,22790862.08
4770.0,20240,230,2258742.0,169448.0,157488.0,2482664.0,1863.68,4423.68,1986.56,4433.92,7883.0,0,124.0,323.0,2n-2m-22th-1000bs-484520s-DENV_1-brazil-BVBRC_genome_sequence,sequana_cpu,2,11539185.0,2,22,1000,484520,DENV_1-brazil-BVBRC_genome_sequence,52652.74,53563.8,106216.54,230.93,234.93,465.86,232.93,228.0, sdumont6072,24429804.2
5839.0,24384,254,2393904.0,165184.0,156978.0,2622040.0,2058.24,4597.76,2816.0,5109.76,8080.0,0,15.0,23.0,2n-2m-24th-1000bs-484520s-DENV_1-brazil-BVBRC_genome_sequence,sequana_cpu,2,11539188.0,2,24,1000,484520,DENV_1-brazil-BVBRC_genome_sequence,60731.52,61524.8,122256.32,241.47,244.65,486.12,243.06,251.5, sdumont6097,31053105.28
5835.0,24288,253,2393859.0,163208.0,156543.0,2622040.0,2037.76,4597.76,2754.56,5109.76,8157.0,0,20.0,26.0,2n-2m-24th-1000bs-484520s-DENV_1-brazil-BVBRC_genome_sequence,sequana_cpu,2,11539189.0,2,24,1000,484520,DENV_1-brazil-BVBRC_genome_sequence,60450.38,61146.29,121596.68,240.84,243.61,484.45,242.22,251.0, sdumont6072,30763960.04
5740.0,23424,244,2393868.0,167416.0,157131.0,2617848.0,2037.76,4597.76,2795.52,5109.76,8262.0,0,20.0,22.0,2n-2m-24th-1000bs-484520s-DENV_1-brazil-BVBRC_genome_sequence,sequana_cpu,2,11539190.0,2,24,1000,484520,DENV_1-brazil-BVBRC_genome_sequence,58008.2,58862.25,116870.46,238.72,242.23,480.95,240.47,243.0, sdumont6097,28516392.24
5908.0,24960,260,2399717.0,165496.0,155790.0,2626960.0,3194.88,4597.76,7208.96,5109.76,18002.0,0,139.0,170.0,2n-2m-24th-1000bs-484520s-DENV_1-brazil-BVBRC_genome_sequence,sequana_cpu,2,11539191.0,2,24,1000,484520,DENV_1-brazil-BVBRC_genome_sequence,60507.26,66881.52,127388.78,234.07,258.73,492.79,246.4,258.5, sdumont6057,33121082.8
5718.0,23424,244,2399709.0,165468.0,156237.0,2622748.0,3102.72,4597.76,6881.28,5109.76,18107.0,0,18.0,26.0,2n-2m-24th-1000bs-484520s-DENV_1-brazil-BVBRC_genome_sequence,sequana_cpu,2,11539192.0,2,24,1000,484520,DENV_1-brazil-BVBRC_genome_sequence,55801.11,61302.6,117103.71,230.58,253.32,483.9,241.95,242.0, sdumont6080,28573305.24
1514.0,4794,799,1118320.0,165316.0,162746.666015625,1121404.0,2867.2,4505.6,2867.2,4505.6,43085.0,0,377.0,378.0,3n-1m-2th-1000bs-484520s-DENV_1-brazil-BVBRC_genome_sequence,sequana_cpu,3,11539193.0,1,2,1000,484520,DENV_1-brazil-BVBRC_genome_sequence,163179.71,103806.85,266986.56,204.49,130.08,334.57,111.52,798.0, sdumont6113,213322261.44
1485.0,4626,771,1116817.3330078125,163600.0,160758.666015625,1116896.0,2816.0,4505.6,2816.0,4505.6,43936.0,0,0.0,0.0,3n-1m-2th-1000bs-484520s-DENV_1-brazil-BVBRC_genome_sequence,sequana_cpu,3,11539194.0,1,2,1000,484520,DENV_1-brazil-BVBRC_genome_sequence,158297.28,100004.31,258301.59,205.58,129.88,335.46,111.82,770.0, sdumont6263,199150525.89
1471.0,4692,782,1118662.666015625,165356.0,161485.3330078125,1122088.0,3184.64,4751.36,3604.48,5191.68,77951.0,0,0.0,388.0,3n-1m-2th-1000bs-484520s-DENV_1-brazil-BVBRC_genome_sequence,sequana_cpu,3,11539195.0,1,2,1000,484520,DENV_1-brazil-BVBRC_genome_sequence,146488.72,91114.02,237602.75,188.05,116.96,305.01,101.67,779.0, sdumont6263,185805350.5
1483.0,4608,768,1118361.3330078125,165328.0,163425.3330078125,1121712.0,2816.0,4505.6,2816.0,4505.6,103592.0,0,374.0,377.0,3n-1m-2th-1000bs-484520s-DENV_1-brazil-BVBRC_genome_sequence,sequana_cpu,3,11539196.0,1,2,1000,484520,DENV_1-brazil-BVBRC_genome_sequence,149063.24,87757.36,236820.6,194.35,114.42,308.76,102.92,767.0, sdumont6114,181878220.8
1485.0,4644,774,1116866.666015625,161392.0,160709.3330078125,1117044.0,2816.0,4505.6,2816.0,4505.6,104059.0,0,334.0,376.0,3n-1m-2th-1000bs-484520s-DENV_1-brazil-BVBRC_genome_sequence,sequana_cpu,3,11539197.0,1,2,1000,484520,DENV_1-brazil-BVBRC_genome_sequence,144162.22,92359.43,236521.65,186.5,119.48,305.98,101.99,773.0, sdumont6103,183067757.1
1788.0,5436,453,1250766.666015625,166328.0,163368.0,1251040.0,2344.96,4505.6,2344.96,4505.6,104032.0,0,0.0,1.0,3n-1m-4th-1000bs-484520s-DENV_1-brazil-BVBRC_genome_sequence,sequana_cpu,3,11539198.0,1,4,1000,484520,DENV_1-brazil-BVBRC_genome_sequence,107651.28,51479.35,159130.64,238.88,114.23,353.1,117.7,450.67, sdumont6114,72086179.92
1778.0,5436,453,1250757.3330078125,164280.0,162789.3330078125,1251012.0,2344.96,4505.6,2344.96,4505.6,104312.0,0,255.0,383.0,3n-1m-4th-1000bs-484520s-DENV_1-brazil-BVBRC_genome_sequence,sequana_cpu,3,11539199.0,1,4,1000,484520,DENV_1-brazil-BVBRC_genome_sequence,108670.09,51355.31,160025.39,240.42,113.62,354.04,118.01,452.0, sdumont6142,72491501.67
1784.0,5448,454,1250717.3330078125,165876.0,162484.0,1250868.0,2344.96,4505.6,2344.96,4505.6,138585.0,0,273.0,304.0,3n-1m-4th-1000bs-484520s-DENV_1-brazil-BVBRC_genome_sequence,sequana_cpu,3,11539200.0,1,4,1000,484520,DENV_1-brazil-BVBRC_genome_sequence,105136.38,50285.7,155422.08,232.09,111.01,343.1,114.37,453.0, sdumont6110,70561624.32
1782.0,5508,459,1250668.0,164444.0,164209.3330078125,1250892.0,2344.96,4505.6,2344.96,4505.6,138881.0,0,1.0,3.0,3n-1m-4th-1000bs-484520s-DENV_1-brazil-BVBRC_genome_sequence,sequana_cpu,3,11539203.0,1,4,1000,484520,DENV_1-brazil-BVBRC_genome_sequence,104798.82,50124.72,154923.53,229.32,109.68,339.0,113.0,457.0, sdumont6272,71109900.27
1777.0,5580,465,1250661.3330078125,161892.0,160726.666015625,1250868.0,2344.96,4495.36,2344.96,4495.36,139163.0,0,0.0,2.0,3n-1m-4th-1000bs-484520s-DENV_1-brazil-BVBRC_genome_sequence,sequana_cpu,3,11539204.0,1,4,1000,484520,DENV_1-brazil-BVBRC_genome_sequence,107049.86,51362.37,158412.24,230.71,110.69,341.41,113.8,464.0, sdumont6273,73661691.6
1960.0,6390,355,1385320.0,166388.0,164196.0,1385440.0,2160.64,4485.12,2160.64,4485.12,139479.0,0,49.0,147.0,3n-1m-6th-1000bs-484520s-DENV_1-brazil-BVBRC_genome_sequence,sequana_cpu,3,11539205.0,1,6,1000,484520,DENV_1-brazil-BVBRC_genome_sequence,95591.96,38903.84,134495.8,270.03,109.9,379.93,126.64,354.0, sdumont6272,47746008.99999999
2123.0,6660,370,1385413.3330078125,168340.0,164212.0,1385504.0,2201.6,4495.36,2201.6,4495.36,139665.0,0,11.0,28.0,3n-1m-6th-1000bs-484520s-DENV_1-brazil-BVBRC_genome_sequence,sequana_cpu,3,11539206.0,1,6,1000,484520,DENV_1-brazil-BVBRC_genome_sequence,100429.24,41133.6,141562.84,272.17,111.47,383.64,127.88,369.0, sdumont6272,52378250.8
1961.0,6354,353,1385328.0,162076.0,162018.666015625,1385492.0,2160.64,4485.12,2160.64,4485.12,139891.0,0,0.0,1.0,3n-1m-6th-1000bs-484520s-DENV_1-brazil-BVBRC_genome_sequence,sequana_cpu,3,11539208.0,1,6,1000,484520,DENV_1-brazil-BVBRC_genome_sequence,95744.41,38853.2,134597.6,272.0,110.38,382.38,127.46,352.0, sdumont6272,47512952.8
1958.0,6372,354,1385324.0,166368.0,163593.3330078125,1385492.0,2160.64,4485.12,2160.64,4485.12,368624.0,0,397.0,404.0,3n-1m-6th-1000bs-484520s-DENV_1-brazil-BVBRC_genome_sequence,sequana_cpu,3,11539210.0,1,6,1000,484520,DENV_1-brazil-BVBRC_genome_sequence,96988.32,43721.23,140709.56,274.75,123.86,398.61,132.87,353.0, sdumont6157,49811184.24
1963.0,6318,351,1385414.666015625,163704.0,161330.666015625,1385756.0,2160.64,4485.12,2160.64,4485.12,365239.0,0,2.0,3.0,3n-1m-6th-1000bs-484520s-DENV_1-brazil-BVBRC_genome_sequence,sequana_cpu,3,11539214.0,1,6,1000,484520,DENV_1-brazil-BVBRC_genome_sequence,97142.96,43542.16,140685.13,277.55,124.41,401.96,133.99,350.0, sdumont6156,49380480.63
2380.0,7560,315,1520390.666015625,164304.0,163686.666015625,1520544.0,2109.44,4495.36,2109.44,4495.36,365415.0,0,1.0,2.0,3n-1m-8th-1000bs-484520s-DENV_1-brazil-BVBRC_genome_sequence,sequana_cpu,3,11539216.0,1,8,1000,484520,DENV_1-brazil-BVBRC_genome_sequence,94869.93,38790.32,133660.25,302.13,123.54,425.67,141.89,314.0, sdumont6156,42102978.75
2377.0,7584,316,1520309.3330078125,168564.0,165122.666015625,1520364.0,2109.44,4495.36,2109.44,4495.36,365438.0,0,1.0,2.0,3n-1m-8th-1000bs-484520s-DENV_1-brazil-BVBRC_genome_sequence,sequana_cpu,3,11539219.0,1,8,1000,484520,DENV_1-brazil-BVBRC_genome_sequence,94611.58,38649.92,133261.5,300.35,122.7,423.05,141.02,315.0, sdumont6157,42110634.0
2382.0,7464,311,1520261.3330078125,166272.0,163641.3330078125,1520328.0,2109.44,4495.36,2109.44,4495.36,365596.0,0,2.0,4.0,3n-1m-8th-1000bs-484520s-DENV_1-brazil-BVBRC_genome_sequence,sequana_cpu,3,11539220.0,1,8,1000,484520,DENV_1-brazil-BVBRC_genome_sequence,94978.49,38646.3,133624.79,307.37,125.07,432.44,144.15,309.0, sdumont6156,41557309.690000005
2362.0,7440,310,1520314.666015625,164316.0,163350.666015625,1520384.0,2109.44,4495.36,2109.44,4495.36,392491.0,0,415.0,417.0,3n-1m-8th-1000bs-484520s-DENV_1-brazil-BVBRC_genome_sequence,sequana_cpu,3,11539222.0,1,8,1000,484520,DENV_1-brazil-BVBRC_genome_sequence,93193.29,37067.18,130260.46,301.6,119.96,421.55,140.52,309.0, sdumont6201,40380742.6
2378.0,7776,324,1520261.3330078125,163996.0,162752.0,1520328.0,2109.44,4495.36,2109.44,4495.36,392445.0,0,1.0,3.0,3n-1m-8th-1000bs-484520s-DENV_1-brazil-BVBRC_genome_sequence,sequana_cpu,3,11539225.0,1,8,1000,484520,DENV_1-brazil-BVBRC_genome_sequence,93131.81,36779.81,129911.62,299.46,118.26,417.72,139.24,311.0, sdumont6200,42091364.88
2683.0,8760,292,1655393.3330078125,170612.0,165005.3330078125,1655504.0,2058.24,4485.12,2058.24,4485.12,392590.0,0,2.0,2.0,3n-1m-10th-1000bs-484520s-DENV_1-brazil-BVBRC_genome_sequence,sequana_cpu,3,11539227.0,1,10,1000,484520,DENV_1-brazil-BVBRC_genome_sequence,94290.95,34500.48,128791.43,324.02,118.56,442.58,147.53,291.0, sdumont6202,37607097.56
2673.0,8730,291,1655332.0,164568.0,163694.666015625,1655480.0,2058.24,4485.12,2058.24,4485.12,392523.0,0,2.0,3.0,3n-1m-10th-1000bs-484520s-DENV_1-brazil-BVBRC_genome_sequence,sequana_cpu,3,11539228.0,1,10,1000,484520,DENV_1-brazil-BVBRC_genome_sequence,94004.21,34474.91,128479.12,324.15,118.88,443.03,147.68,290.0, sdumont6201,37387423.92
3548.0,11250,375,1655386.666015625,166464.0,163824.0,1655508.0,2201.6,4495.36,2201.6,4505.6,390460.0,0,430.0,431.0,3n-1m-10th-1000bs-484520s-DENV_1-brazil-BVBRC_genome_sequence,sequana_cpu,3,11539247.0,1,10,1000,484520,DENV_1-brazil-BVBRC_genome_sequence,119506.96,47756.38,167263.34,319.54,127.69,447.23,149.08,374.0, sdumont6104,62723752.5
2650.0,8940,298,1655440.0,164588.0,163658.666015625,1655652.0,2058.24,4474.88,2058.24,4485.12,390296.0,0,430.0,437.0,3n-1m-10th-1000bs-484520s-DENV_1-brazil-BVBRC_genome_sequence,sequana_cpu,3,11539249.0,1,10,1000,484520,DENV_1-brazil-BVBRC_genome_sequence,92817.94,31111.39,123929.33,313.22,104.98,418.2,139.4,296.33, sdumont6088,36930940.34
2938.0,9270,309,1655340.0,170140.0,166384.0,1655504.0,2109.44,4495.36,2109.44,4505.6,364798.0,0,281.0,421.0,3n-1m-10th-1000bs-484520s-DENV_1-brazil-BVBRC_genome_sequence,sequana_cpu,3,11539325.0,1,10,1000,484520,DENV_1-brazil-BVBRC_genome_sequence,105319.05,36962.96,142282.01,342.69,120.27,462.95,154.32,307.33, sdumont6162,43965141.09
3932.0,12600,350,1790390.666015625,166208.0,163662.666015625,1790444.0,2150.4,4495.36,2160.64,4505.6,363947.0,0,5.0,7.0,3n-1m-12th-1000bs-484520s-DENV_1-brazil-BVBRC_genome_sequence,sequana_cpu,3,11539338.0,1,12,1000,484520,DENV_1-brazil-BVBRC_genome_sequence,113746.23,44082.63,157828.86,325.92,126.31,452.23,150.74,349.0, sdumont6104,55240100.99999999
3935.0,12528,348,1786289.3330078125,168248.0,162297.3330078125,1790448.0,2150.4,4495.36,2160.64,4505.6,330001.0,0,4.0,8.0,3n-1m-12th-1000bs-484520s-DENV_1-brazil-BVBRC_genome_sequence,sequana_cpu,3,11539460.0,1,12,1000,484520,DENV_1-brazil-BVBRC_genome_sequence,110516.56,42969.03,153485.6,319.1,124.09,443.19,147.73,346.33, sdumont6088,53412988.8
3934.0,12492,347,1790392.0,166452.0,165114.666015625,1790448.0,2150.4,4495.36,2160.64,4505.6,304583.0,0,5.0,7.0,3n-1m-12th-1000bs-484520s-DENV_1-brazil-BVBRC_genome_sequence,sequana_cpu,3,11539522.0,1,12,1000,484520,DENV_1-brazil-BVBRC_genome_sequence,110431.68,42994.58,153426.26,319.17,124.26,443.43,147.81,346.0, sdumont6104,53238912.220000006
3939.0,12312,342,1790388.0,164432.0,163121.3330078125,1790584.0,2150.4,4495.36,2160.64,4505.6,304391.0,0,6.0,8.0,3n-1m-12th-1000bs-484520s-DENV_1-brazil-BVBRC_genome_sequence,sequana_cpu,3,11539523.0,1,12,1000,484520,DENV_1-brazil-BVBRC_genome_sequence,110708.16,42871.61,153579.77,324.66,125.72,450.38,150.13,341.0, sdumont6105,52524281.34
3937.0,12420,345,1786324.0,164496.0,160282.666015625,1790684.0,2150.4,4495.36,2160.64,4505.6,304554.0,0,2.0,3.0,3n-1m-12th-1000bs-484520s-DENV_1-brazil-BVBRC_genome_sequence,sequana_cpu,3,11539525.0,1,12,1000,484520,DENV_1-brazil-BVBRC_genome_sequence,109860.72,42857.3,152718.02,319.36,124.59,443.95,147.98,344.0, sdumont6105,52687716.9
4589.0,13944,332,1925488.0,168824.0,164828.0,1925572.0,2375.68,4730.88,2826.24,5171.2,304720.0,0,8.0,13.0,3n-1m-14th-1000bs-484520s-DENV_1-brazil-BVBRC_genome_sequence,sequana_cpu,3,11539526.0,1,14,1000,484520,DENV_1-brazil-BVBRC_genome_sequence,109034.07,41717.59,150751.66,329.41,126.04,455.44,151.81,331.0, sdumont6088,50049551.120000005
3711.0,12390,295,1925466.666015625,166616.0,163808.0,1925524.0,2058.24,4474.88,2058.24,4485.12,273264.0,0,458.0,466.0,3n-1m-14th-1000bs-484520s-DENV_1-brazil-BVBRC_genome_sequence,sequana_cpu,3,11539658.0,1,14,1000,484520,DENV_1-brazil-BVBRC_genome_sequence,92973.81,33318.22,126292.03,316.24,113.33,429.56,143.19,294.0, sdumont6219,37256148.85
3745.0,12600,300,1925488.0,166392.0,163824.0,1925580.0,2058.24,4474.88,2058.24,4474.88,273204.0,0,6.0,11.0,3n-1m-14th-1000bs-484520s-DENV_1-brazil-BVBRC_genome_sequence,sequana_cpu,3,11539662.0,1,14,1000,484520,DENV_1-brazil-BVBRC_genome_sequence,97199.65,34490.46,131690.1,325.08,115.35,440.44,146.81,299.0, sdumont6218,39507030.0
3757.0,12180,290,1925537.3330078125,164572.0,163806.666015625,1925596.0,2058.24,4485.12,2058.24,4495.36,272966.0,0,8.0,14.0,3n-1m-14th-1000bs-484520s-DENV_1-brazil-BVBRC_genome_sequence,sequana_cpu,3,11539663.0,1,14,1000,484520,DENV_1-brazil-BVBRC_genome_sequence,94028.81,33486.76,127515.57,326.49,116.27,442.76,147.59,288.0, sdumont6217,36979515.3
3754.0,12306,293,1925469.3330078125,164596.0,163888.0,1925524.0,2058.24,4485.12,2058.24,4485.12,272897.0,0,7.0,13.0,3n-1m-14th-1000bs-484520s-DENV_1-brazil-BVBRC_genome_sequence,sequana_cpu,3,11539667.0,1,14,1000,484520,DENV_1-brazil-BVBRC_genome_sequence,93726.26,33353.77,127080.03,322.08,114.62,436.7,145.57,291.0, sdumont6218,37234448.79
4290.0,14352,299,2060569.3330078125,164572.0,163954.666015625,2060672.0,2058.24,4474.88,2058.24,4485.12,272831.0,0,14.0,15.0,3n-1m-16th-1000bs-484520s-DENV_1-brazil-BVBRC_genome_sequence,sequana_cpu,3,11539672.0,1,16,1000,484520,DENV_1-brazil-BVBRC_genome_sequence,98154.88,34728.99,132883.88,329.38,116.54,445.92,148.64,298.0, sdumont6219,39732280.120000005
4763.0,14544,303,2060565.3330078125,166368.0,165154.666015625,2060660.0,2109.44,4505.6,2109.44,4505.6,272772.0,0,11.0,13.0,3n-1m-16th-1000bs-484520s-DENV_1-brazil-BVBRC_genome_sequence,sequana_cpu,3,11539681.0,1,16,1000,484520,DENV_1-brazil-BVBRC_genome_sequence,98384.46,34650.96,133035.41,325.78,114.74,440.51,146.84,302.0, sdumont6219,40309729.23
4684.0,15360,320,2060598.666015625,166572.0,164752.0,2060752.0,2109.44,4485.12,2109.44,4485.12,65429.0,0,477.0,496.0,3n-1m-16th-1000bs-484520s-DENV_1-brazil-BVBRC_genome_sequence,sequana_cpu,3,11540583.0,1,16,1000,484520,DENV_1-brazil-BVBRC_genome_sequence,106700.28,37646.33,144346.61,334.48,118.01,452.5,150.83,319.0, sdumont6187,46190915.2
5364.0,17280,320,2195729.3330078125,166752.0,163886.666015625,2195840.0,2109.44,4495.36,2109.44,4505.6,65416.0,0,15.0,20.0,3n-1m-18th-1000bs-484520s-DENV_1-brazil-BVBRC_genome_sequence,sequana_cpu,3,11540586.0,1,18,1000,484520,DENV_1-brazil-BVBRC_genome_sequence,104039.11,36510.19,140549.3,336.7,118.16,454.85,151.62,309.0, sdumont6213,44975776.0
5353.0,16956,314,2195721.3330078125,167060.0,164106.666015625,2195816.0,2109.44,4495.36,2109.44,4495.36,65407.0,0,9.0,17.0,3n-1m-18th-1000bs-484520s-DENV_1-brazil-BVBRC_genome_sequence,sequana_cpu,3,11540587.0,1,18,1000,484520,DENV_1-brazil-BVBRC_genome_sequence,103744.44,36569.96,140314.41,333.23,117.46,450.69,150.23,311.33, sdumont6187,44058724.74
5365.0,16632,308,2195772.0,170836.0,166834.666015625,2195968.0,2109.44,4495.36,2109.44,4505.6,65370.0,0,8.0,11.0,3n-1m-18th-1000bs-484520s-DENV_1-brazil-BVBRC_genome_sequence,sequana_cpu,3,11540588.0,1,18,1000,484520,DENV_1-brazil-BVBRC_genome_sequence,100504.32,35345.21,135849.53,327.38,115.13,442.51,147.5,307.0, sdumont6274,41841655.24
5365.0,16362,303,2195721.3330078125,169112.0,166816.0,2195824.0,2109.44,4505.6,2109.44,4505.6,65321.0,0,10.0,14.0,3n-1m-18th-1000bs-484520s-DENV_1-brazil-BVBRC_genome_sequence,sequana_cpu,3,11540589.0,1,18,1000,484520,DENV_1-brazil-BVBRC_genome_sequence,100458.71,35308.43,135767.14,333.75,117.3,451.05,150.35,301.0, sdumont6274,41137443.42
2260.0,4644,1161,905892.0,150948.0,147332.0,1130768.0,2938.88,4997.12,4239.36,5345.28,25989.0,0,139.0,344.0,1n-2m-2th-1000bs-484520s-DENV_1-brazil-BVBRC_genome_sequence,sequana_cpu,1,11540713.0,2,2,1000,484520,DENV_1-brazil-BVBRC_genome_sequence,68316.21,67829.96,136146.17,58.89,58.47,117.37,117.37,1160.0, sdumont6260,158065703.37
2266.0,4592,1148,903148.0,150060.0,149606.0,1120928.0,2580.48,4659.2,3440.64,4659.2,26338.0,0,276.0,277.0,1n-2m-2th-1000bs-484520s-DENV_1-brazil-BVBRC_genome_sequence,sequana_cpu,1,11540714.0,2,2,1000,484520,DENV_1-brazil-BVBRC_genome_sequence,71878.2,74135.8,146014.0,62.67,64.63,127.3,127.3,1147.0, sdumont6233,167624072.0
2262.0,4588,1147,1014520.0,149420.0,148668.0,1348024.0,2580.48,4659.2,3440.64,4659.2,27626.0,0,146.0,365.0,1n-2m-2th-1000bs-484520s-DENV_1-brazil-BVBRC_genome_sequence,sequana_cpu,1,11540718.0,2,2,1000,484520,DENV_1-brazil-BVBRC_genome_sequence,74232.21,67896.0,142128.21,64.78,59.25,124.02,124.02,1146.0, sdumont6088,163021056.87
2272.0,4604,1151,903190.0,153068.0,149744.0,1121012.0,2918.4,4986.88,4198.4,5335.04,34999.0,0,72.0,104.0,1n-2m-2th-1000bs-484520s-DENV_1-brazil-BVBRC_genome_sequence,sequana_cpu,1,11540720.0,2,2,1000,484520,DENV_1-brazil-BVBRC_genome_sequence,80065.5,80886.08,160951.58,69.62,70.34,139.96,139.96,1150.0, sdumont6236,185255268.58
2250.0,4620,1155,903128.0,149104.0,148478.0,1121044.0,2959.36,5017.6,4290.56,5376.0,48187.0,0,0.0,0.0,1n-2m-2th-1000bs-484520s-DENV_1-brazil-BVBRC_genome_sequence,sequana_cpu,1,11540721.0,2,2,1000,484520,DENV_1-brazil-BVBRC_genome_sequence,72992.47,70050.38,143042.85,63.42,60.86,124.28,124.28,1151.0, sdumont6187,165214491.75
2650.0,5408,676,1036976.0,152004.0,150336.0,1259056.0,2549.76,4986.88,3471.36,5324.8,48007.0,0,0.0,0.0,1n-2m-4th-1000bs-484520s-DENV_1-brazil-BVBRC_genome_sequence,sequana_cpu,1,11540723.0,2,4,1000,484520,DENV_1-brazil-BVBRC_genome_sequence,52260.86,54747.7,107008.56,77.42,81.11,158.53,158.53,675.0, sdumont6213,72337786.56
2657.0,5440,680,1036976.0,152080.0,150284.0,1254860.0,2201.6,4648.96,2682.88,4648.96,47788.0,0,0.0,0.0,1n-2m-4th-1000bs-484520s-DENV_1-brazil-BVBRC_genome_sequence,sequana_cpu,1,11540727.0,2,4,1000,484520,DENV_1-brazil-BVBRC_genome_sequence,51562.74,52347.38,103910.11,76.05,77.21,153.26,153.26,678.0, sdumont6274,70658874.8
2660.0,5472,684,1148378.0,151492.0,148082.0,1477672.0,2549.76,4986.88,3461.12,5324.8,48331.0,0,0.0,0.0,1n-2m-4th-1000bs-484520s-DENV_1-brazil-BVBRC_genome_sequence,sequana_cpu,1,11540730.0,2,4,1000,484520,DENV_1-brazil-BVBRC_genome_sequence,52059.72,54695.87,106755.59,76.22,80.08,156.3,156.3,683.0, sdumont6213,73020823.56
2673.0,5512,689,1036974.0,147820.0,147334.0,1254860.0,2201.6,4648.96,2682.88,4648.96,48151.0,0,0.0,0.0,1n-2m-4th-1000bs-484520s-DENV_1-brazil-BVBRC_genome_sequence,sequana_cpu,1,11540731.0,2,4,1000,484520,DENV_1-brazil-BVBRC_genome_sequence,52172.23,53020.87,105193.1,75.94,77.18,153.12,153.12,687.0, sdumont6274,72478045.9
2725.0,5544,693,1051746.0,153404.0,151362.0,1282052.0,7956.48,4648.96,14080.0,4659.2,48412.0,0,178.0,357.0,1n-2m-4th-1000bs-484520s-DENV_1-brazil-BVBRC_genome_sequence,sequana_cpu,1,11540734.0,2,4,1000,484520,DENV_1-brazil-BVBRC_genome_sequence,55082.41,55557.15,110639.56,79.6,80.28,159.88,159.88,692.0, sdumont6056,76673215.08
3086.0,6300,525,1174454.0,151772.0,149352.0,1399188.0,2426.88,4986.88,3225.6,5324.8,48232.0,0,0.0,0.0,1n-2m-6th-1000bs-484520s-DENV_1-brazil-BVBRC_genome_sequence,sequana_cpu,1,11540737.0,2,6,1000,484520,DENV_1-brazil-BVBRC_genome_sequence,48400.45,45481.03,93881.48,92.37,86.8,179.16,179.16,524.0, sdumont6187,49287777.0
3085.0,6336,528,1171666.0,149668.0,147168.0,1389432.0,2078.72,4648.96,2437.12,4648.96,48297.0,0,0.0,0.0,1n-2m-6th-1000bs-484520s-DENV_1-brazil-BVBRC_genome_sequence,sequana_cpu,1,11540739.0,2,6,1000,484520,DENV_1-brazil-BVBRC_genome_sequence,47489.27,49102.51,96591.78,90.11,93.17,183.29,183.29,527.0, sdumont6213,51000459.84
3032.0,6384,532,1171590.0,153932.0,149286.0,1389432.0,2457.6,4997.12,3287.04,5345.28,48148.0,0,0.0,1.0,1n-2m-6th-1000bs-484520s-DENV_1-brazil-BVBRC_genome_sequence,sequana_cpu,1,11540741.0,2,6,1000,484520,DENV_1-brazil-BVBRC_genome_sequence,47033.2,47090.11,94123.31,88.74,88.85,177.59,177.59,530.0, sdumont6274,50073600.92
3054.0,6156,513,1171590.0,149608.0,149072.0,1389432.0,2416.64,4986.88,3205.12,5324.8,48243.0,0,2.0,2.0,1n-2m-6th-1000bs-484520s-DENV_1-brazil-BVBRC_genome_sequence,sequana_cpu,1,11540745.0,2,6,1000,484520,DENV_1-brazil-BVBRC_genome_sequence,47520.2,44738.56,92258.76,92.81,87.38,180.19,180.19,512.0, sdumont6187,47328743.88
3039.0,6276,523,1183272.0,152396.0,149610.0,1406420.0,6860.8,4986.88,11960.32,5324.8,48246.0,0,0.0,0.0,1n-2m-6th-1000bs-484520s-DENV_1-brazil-BVBRC_genome_sequence,sequana_cpu,1,11540747.0,2,6,1000,484520,DENV_1-brazil-BVBRC_genome_sequence,49035.56,49519.72,98555.28,93.94,94.87,188.8,188.8,522.0, sdumont6056,51544411.44
3653.0,7536,471,1306592.0,150064.0,148604.0,1524388.0,2037.76,4648.96,2365.44,4648.96,48126.0,0,0.0,1.0,1n-2m-8th-1000bs-484520s-DENV_1-brazil-BVBRC_genome_sequence,sequana_cpu,1,11540748.0,2,8,1000,484520,DENV_1-brazil-BVBRC_genome_sequence,46524.47,49661.42,96185.89,99.2,105.89,205.09,205.09,469.0, sdumont6213,45303554.19
3616.0,7376,461,1306596.0,152096.0,150648.0,1524396.0,2375.68,4986.88,3112.96,5324.8,47977.0,0,2.0,4.0,1n-2m-8th-1000bs-484520s-DENV_1-brazil-BVBRC_genome_sequence,sequana_cpu,1,11540749.0,2,8,1000,484520,DENV_1-brazil-BVBRC_genome_sequence,44927.42,46913.85,91841.26,97.67,101.99,199.65,199.65,460.0, sdumont6274,42338820.86
3657.0,7536,471,1306582.0,153900.0,150388.0,1528564.0,2027.52,4638.72,2344.96,4648.96,48049.0,0,2.0,4.0,1n-2m-8th-1000bs-484520s-DENV_1-brazil-BVBRC_genome_sequence,sequana_cpu,1,11540750.0,2,8,1000,484520,DENV_1-brazil-BVBRC_genome_sequence,47249.15,45735.77,92984.92,100.53,97.31,197.84,197.84,470.0, sdumont6187,43795897.32
3586.0,7264,454,1318280.0,154348.0,151690.0,1545584.0,6266.88,4997.12,10782.72,5335.04,48053.0,0,0.0,1.0,1n-2m-8th-1000bs-484520s-DENV_1-brazil-BVBRC_genome_sequence,sequana_cpu,1,11540751.0,2,8,1000,484520,DENV_1-brazil-BVBRC_genome_sequence,46862.12,49036.6,95898.71,103.91,108.73,212.64,212.64,451.0, sdumont6056,43538014.34
3608.0,7312,457,1306592.0,152092.0,149530.0,1528580.0,2375.68,4986.88,3112.96,5324.8,47903.0,0,0.0,0.0,1n-2m-8th-1000bs-484520s-DENV_1-brazil-BVBRC_genome_sequence,sequana_cpu,1,11540757.0,2,8,1000,484520,DENV_1-brazil-BVBRC_genome_sequence,45843.04,48781.41,94624.45,100.53,106.98,207.51,207.51,456.0, sdumont6213,43243373.65
4028.0,8400,420,1441616.0,156392.0,154688.0,1663608.0,2344.96,4976.64,3051.52,5324.8,47722.0,0,4.0,5.0,1n-2m-10th-1000bs-484520s-DENV_1-brazil-BVBRC_genome_sequence,sequana_cpu,1,11540760.0,2,10,1000,484520,DENV_1-brazil-BVBRC_genome_sequence,44600.59,44975.69,89576.28,106.45,107.34,213.79,213.79,419.0, sdumont6274,37622037.6
4218.0,8600,430,1441618.0,152052.0,150492.0,1659412.0,2344.96,4986.88,3061.76,5324.8,47817.0,0,2.0,3.0,1n-2m-10th-1000bs-484520s-DENV_1-brazil-BVBRC_genome_sequence,sequana_cpu,1,11540761.0,2,10,1000,484520,DENV_1-brazil-BVBRC_genome_sequence,46648.69,43943.77,90592.47,108.74,102.43,211.17,211.17,429.0, sdumont6187,38954762.1
4177.0,8440,422,1453298.0,153164.0,151756.0,1680596.0,6062.08,4997.12,10373.12,5355.52,47790.0,0,0.0,7.0,1n-2m-10th-1000bs-484520s-DENV_1-brazil-BVBRC_genome_sequence,sequana_cpu,1,11540762.0,2,10,1000,484520,DENV_1-brazil-BVBRC_genome_sequence,47076.2,47909.69,94985.89,112.09,114.07,226.16,226.16,420.0, sdumont6056,40084045.58
4197.0,8520,426,1441618.0,152932.0,151536.0,1659412.0,2344.96,4986.88,3061.76,5324.8,47610.0,0,3.0,5.0,1n-2m-10th-1000bs-484520s-DENV_1-brazil-BVBRC_genome_sequence,sequana_cpu,1,11540763.0,2,10,1000,484520,DENV_1-brazil-BVBRC_genome_sequence,45514.4,45792.58,91306.98,107.35,108.0,215.35,215.35,424.0, sdumont6274,38896773.48
5361.0,16416,304,2201385.3330078125,171104.0,166994.666015625,2212808.0,3799.04,4495.36,7188.48,4505.6,45621.0,0,7.0,9.0,3n-1m-18th-1000bs-484520s-DENV_1-brazil-BVBRC_genome_sequence,sequana_cpu,3,11540847.0,1,18,1000,484520,DENV_1-brazil-BVBRC_genome_sequence,100610.4,35853.08,136463.47,332.05,118.33,450.37,150.12,303.0, sdumont6187,41484894.88
5960.0,18900,315,2336628.0,167028.0,165166.666015625,2348064.0,3799.04,4495.36,7188.48,4495.36,45587.0,0,18.0,25.0,3n-1m-20th-1000bs-484520s-DENV_1-brazil-BVBRC_genome_sequence,sequana_cpu,3,11540849.0,1,20,1000,484520,DENV_1-brazil-BVBRC_genome_sequence,107821.57,37053.91,144875.48,344.11,118.26,462.37,154.12,313.33, sdumont6187,45635776.2
5962.0,18540,309,2336718.666015625,169644.0,166009.3330078125,2348188.0,3799.04,4495.36,7188.48,4505.6,45745.0,0,15.0,21.0,3n-1m-20th-1000bs-484520s-DENV_1-brazil-BVBRC_genome_sequence,sequana_cpu,3,11540850.0,1,20,1000,484520,DENV_1-brazil-BVBRC_genome_sequence,107943.5,36994.82,144938.32,351.61,120.5,472.11,157.37,307.0, sdumont6056,44785940.88
5907.0,19380,323,2331056.0,171356.0,167666.666015625,2331200.0,2109.44,4495.36,2109.44,4495.36,177893.0,0,495.0,510.0,3n-1m-20th-1000bs-484520s-DENV_1-brazil-BVBRC_genome_sequence,sequana_cpu,3,11540852.0,1,20,1000,484520,DENV_1-brazil-BVBRC_genome_sequence,108456.43,38583.62,147040.05,347.62,123.67,471.28,157.09,312.0, sdumont6156,47493936.15
6479.0,20040,334,2330964.0,170904.0,167566.666015625,2331076.0,2160.64,4505.6,2160.64,4505.6,201968.0,0,494.0,512.0,3n-1m-20th-1000bs-484520s-DENV_1-brazil-BVBRC_genome_sequence,sequana_cpu,3,11540942.0,1,20,1000,484520,DENV_1-brazil-BVBRC_genome_sequence,116766.56,37122.76,153889.32,351.71,111.82,463.52,154.51,332.0, sdumont6272,51399032.88
5893.0,19800,330,2331044.0,167236.0,164657.3330078125,2331176.0,2109.44,4485.12,2109.44,4495.36,201786.0,0,487.0,494.0,3n-1m-20th-1000bs-484520s-DENV_1-brazil-BVBRC_genome_sequence,sequana_cpu,3,11540943.0,1,20,1000,484520,DENV_1-brazil-BVBRC_genome_sequence,115125.53,38959.47,154085.0,350.99,118.78,469.77,156.59,328.0, sdumont6110,50848050.0
6533.0,20526,311,2466130.666015625,169152.0,165826.666015625,2466208.0,2109.44,4495.36,2109.44,4495.36,201957.0,0,13.0,17.0,3n-1m-22th-1000bs-484520s-DENV_1-brazil-BVBRC_genome_sequence,sequana_cpu,3,11540944.0,1,22,1000,484520,DENV_1-brazil-BVBRC_genome_sequence,112052.25,35043.82,147096.08,363.4,113.65,477.05,159.02,308.33, sdumont6272,45746880.88
6557.0,20526,311,2466130.666015625,164768.0,163598.666015625,2466208.0,2109.44,4495.36,2109.44,4495.36,201777.0,0,18.0,23.0,3n-1m-22th-1000bs-484520s-DENV_1-brazil-BVBRC_genome_sequence,sequana_cpu,3,11540946.0,1,22,1000,484520,DENV_1-brazil-BVBRC_genome_sequence,110797.17,36620.61,147417.78,358.57,118.51,477.08,159.03,309.0, sdumont6110,45846929.58
6557.0,20130,305,2466105.3330078125,169208.0,165072.0,2466220.0,2109.44,4505.6,2109.44,4505.6,201937.0,0,18.0,20.0,3n-1m-22th-1000bs-484520s-DENV_1-brazil-BVBRC_genome_sequence,sequana_cpu,3,11540947.0,1,22,1000,484520,DENV_1-brazil-BVBRC_genome_sequence,109036.48,33989.03,143025.51,358.67,111.81,470.48,156.83,304.0, sdumont6273,43622780.55
6554.0,20526,311,2466122.666015625,167368.0,165268.0,2466184.0,2109.44,4495.36,2109.44,4495.36,201577.0,0,11.0,13.0,3n-1m-22th-1000bs-484520s-DENV_1-brazil-BVBRC_genome_sequence,sequana_cpu,3,11540948.0,1,22,1000,484520,DENV_1-brazil-BVBRC_genome_sequence,110902.88,36720.74,147623.62,357.75,118.45,476.21,158.74,310.0, sdumont6041,45910945.82
6541.0,21714,329,2466130.666015625,165172.0,164354.666015625,2466208.0,2109.44,4485.12,2109.44,4485.12,201541.0,0,18.0,22.0,3n-1m-22th-1000bs-484520s-DENV_1-brazil-BVBRC_genome_sequence,sequana_cpu,3,11540950.0,1,22,1000,484520,DENV_1-brazil-BVBRC_genome_sequence,120332.36,37319.84,157652.2,366.87,113.78,480.65,160.22,328.0, sdumont6272,51867573.8
7851.0,25416,353,2601224.0,165328.0,164506.666015625,2601364.0,2150.4,4505.6,2160.64,4505.6,201181.0,0,16.0,19.0,3n-1m-24th-1000bs-484520s-DENV_1-brazil-BVBRC_genome_sequence,sequana_cpu,3,11540951.0,1,24,1000,484520,DENV_1-brazil-BVBRC_genome_sequence,123983.51,40024.3,164007.81,370.48,119.59,490.07,163.36,334.67, sdumont6111,57894756.93
7054.0,23400,325,2601273.3330078125,167200.0,165845.3330078125,2601364.0,2109.44,4485.12,2109.44,4495.36,201128.0,0,338.0,529.0,3n-1m-24th-1000bs-484520s-DENV_1-brazil-BVBRC_genome_sequence,sequana_cpu,3,11540952.0,1,24,1000,484520,DENV_1-brazil-BVBRC_genome_sequence,119621.17,38872.66,158493.84,370.34,120.35,490.69,163.56,323.0, sdumont6089,51510498.0
7154.0,22320,310,2601245.3330078125,165472.0,165302.666015625,2601424.0,2109.44,4495.36,2109.44,4495.36,198113.0,0,19.0,30.0,3n-1m-24th-1000bs-484520s-DENV_1-brazil-BVBRC_genome_sequence,sequana_cpu,3,11540972.0,1,24,1000,484520,DENV_1-brazil-BVBRC_genome_sequence,117747.94,35736.81,153484.75,382.3,116.03,498.33,166.11,308.0, sdumont6272,47580272.5
7145.0,23184,322,2601232.0,169368.0,167752.0,2601384.0,2109.44,4485.12,2109.44,4485.12,197784.0,0,16.0,19.0,3n-1m-24th-1000bs-484520s-DENV_1-brazil-BVBRC_genome_sequence,sequana_cpu,3,11540975.0,1,24,1000,484520,DENV_1-brazil-BVBRC_genome_sequence,119481.42,38696.25,158177.67,373.38,120.93,494.31,164.77,320.0, sdumont6111,50933209.74
7855.0,24048,334,2601225.3330078125,167028.0,165622.666015625,2601364.0,2160.64,4505.6,2160.64,4505.6,197883.0,0,16.0,21.0,3n-1m-24th-1000bs-484520s-DENV_1-brazil-BVBRC_genome_sequence,sequana_cpu,3,11540976.0,1,24,1000,484520,DENV_1-brazil-BVBRC_genome_sequence,124561.97,39950.59,164512.56,374.8,120.2,495.0,165.0,332.33, sdumont6156,54947195.04
9283.0,29796,382,2736400.0,167768.0,166828.0,2736544.0,2201.6,4495.36,2201.6,4495.36,197554.0,0,16.0,24.0,3n-1m-26th-1000bs-484520s-DENV_1-brazil-BVBRC_genome_sequence,sequana_cpu,3,11540978.0,1,26,1000,484520,DENV_1-brazil-BVBRC_genome_sequence,139940.24,63468.65,203408.89,367.93,166.87,534.8,178.27,380.33, sdumont6273,77702195.98
10840.0,34320,440,2736526.666015625,167348.0,166664.0,2736580.0,2304.0,4495.36,2304.0,4505.6,197405.0,0,20.0,30.0,3n-1m-26th-1000bs-484520s-DENV_1-brazil-BVBRC_genome_sequence,sequana_cpu,3,11540979.0,1,26,1000,484520,DENV_1-brazil-BVBRC_genome_sequence,157685.75,75094.76,232780.51,360.01,171.45,531.46,177.15,438.0, sdumont6041,102423424.4
9292.0,29172,374,2736496.0,169496.0,166556.0,2736684.0,2201.6,4495.36,2201.6,4495.36,197334.0,0,14.0,15.0,3n-1m-26th-1000bs-484520s-DENV_1-brazil-BVBRC_genome_sequence,sequana_cpu,3,11540985.0,1,26,1000,484520,DENV_1-brazil-BVBRC_genome_sequence,134227.7,64144.68,198372.39,359.86,171.97,531.83,177.28,373.0, sdumont6089,74191273.86
4010.0,8340,417,1441618.0,154152.0,151692.0,1659412.0,1996.8,4638.72,2263.04,4648.96,24865.0,0,4.0,5.0,1n-2m-10th-1000bs-484520s-DENV_1-brazil-BVBRC_genome_sequence,sequana_cpu,1,11541002.0,2,10,1000,484520,DENV_1-brazil-BVBRC_genome_sequence,45650.76,42818.56,88469.31,109.74,102.93,212.67,212.67,416.0, sdumont6187,36891702.27
5054.0,10296,429,1588338.0,150660.0,149876.0,1815640.0,5611.52,4648.96,9369.6,4648.96,24462.0,0,4.0,4.0,1n-2m-12th-1000bs-484520s-DENV_1-brazil-BVBRC_genome_sequence,sequana_cpu,1,11541005.0,2,12,1000,484520,DENV_1-brazil-BVBRC_genome_sequence,47388.87,51752.8,99141.67,110.72,120.92,231.64,231.64,428.0, sdumont6056,42531776.43
5010.0,10320,430,1576656.0,154360.0,150602.0,1794456.0,2385.92,4997.12,3133.44,5345.28,23022.0,0,4.0,8.0,1n-2m-12th-1000bs-484520s-DENV_1-brazil-BVBRC_genome_sequence,sequana_cpu,1,11541014.0,2,12,1000,484520,DENV_1-brazil-BVBRC_genome_sequence,46254.81,49935.66,96190.47,107.82,116.4,224.22,224.22,429.0, sdumont6274,41361902.1
5071.0,10344,431,1576644.0,150008.0,149390.0,1798628.0,2365.44,4986.88,3082.24,5324.8,15744.0,0,7.0,8.0,1n-2m-12th-1000bs-484520s-DENV_1-brazil-BVBRC_genome_sequence,sequana_cpu,1,11541061.0,2,12,1000,484520,DENV_1-brazil-BVBRC_genome_sequence,48383.31,48755.72,97139.02,112.52,113.39,225.9,225.9,430.0, sdumont6187,41866917.620000005
9297.0,30264,388,2736498.666015625,167656.0,166069.3330078125,2736720.0,2201.6,4495.36,2201.6,4495.36,175800.0,0,18.0,21.0,3n-1m-26th-1000bs-484520s-DENV_1-brazil-BVBRC_genome_sequence,sequana_cpu,3,11541094.0,1,26,1000,484520,DENV_1-brazil-BVBRC_genome_sequence,139047.2,63771.0,202818.2,359.3,164.78,524.08,174.69,387.0, sdumont6272,78693461.60000001
9292.0,30186,387,2736441.3330078125,167292.0,165848.0,2736668.0,2201.6,4495.36,2201.6,4495.36,175501.0,0,18.0,21.0,3n-1m-26th-1000bs-484520s-DENV_1-brazil-BVBRC_genome_sequence,sequana_cpu,3,11541096.0,1,26,1000,484520,DENV_1-brazil-BVBRC_genome_sequence,138032.8,66637.34,204670.14,364.2,175.82,540.03,180.01,379.0, sdumont6111,79207344.18
9982.0,32844,391,2871622.666015625,169364.0,166924.0,2871732.0,2201.6,4485.12,2201.6,4485.12,175172.0,0,121.0,338.0,3n-1m-28th-1000bs-484520s-DENV_1-brazil-BVBRC_genome_sequence,sequana_cpu,3,11541099.0,1,28,1000,484520,DENV_1-brazil-BVBRC_genome_sequence,142973.5,77881.89,220855.39,367.54,200.21,567.75,189.25,389.0, sdumont6244,86354457.49000001
11680.0,37464,446,2871681.3330078125,171552.0,168104.0,2871900.0,2283.52,4495.36,2283.52,4505.6,175025.0,0,12.0,17.0,3n-1m-28th-1000bs-484520s-DENV_1-brazil-BVBRC_genome_sequence,sequana_cpu,3,11541100.0,1,28,1000,484520,DENV_1-brazil-BVBRC_genome_sequence,161839.44,91222.21,253061.65,363.68,204.99,568.68,189.56,445.0, sdumont6155,112865495.9
10830.0,32844,391,2871572.0,167568.0,166702.666015625,2871720.0,2478.08,4730.88,2928.64,5181.44,174756.0,0,16.0,25.0,3n-1m-28th-1000bs-484520s-DENV_1-brazil-BVBRC_genome_sequence,sequana_cpu,3,11541101.0,1,28,1000,484520,DENV_1-brazil-BVBRC_genome_sequence,143094.89,78918.92,222013.82,366.91,202.36,569.27,189.76,390.0, sdumont6273,86807403.62
5014.0,10176,424,1588338.0,152796.0,150978.0,1811440.0,5949.44,4986.88,10147.84,5324.8,2922.0,0,3.0,7.0,1n-2m-12th-1000bs-484520s-DENV_1-brazil-BVBRC_genome_sequence,sequana_cpu,1,11541103.0,2,12,1000,484520,DENV_1-brazil-BVBRC_genome_sequence,47539.94,51871.8,99411.73,112.39,122.63,235.02,235.02,423.0, sdumont6056,42150573.52
5015.0,10152,423,1579438.0,154148.0,149636.0,1800012.0,2355.2,4986.88,3072.0,5324.8,2741.0,0,3.0,10.0,1n-2m-12th-1000bs-484520s-DENV_1-brazil-BVBRC_genome_sequence,sequana_cpu,1,11541104.0,2,12,1000,484520,DENV_1-brazil-BVBRC_genome_sequence,46273.7,49986.85,96260.55,109.91,118.73,228.65,228.65,421.0, sdumont6274,40718212.65
5859.0,11872,424,1825926.0,157864.0,153540.0,2162040.0,2355.2,4986.88,3072.0,5324.8,2843.0,0,6.0,11.0,1n-2m-14th-1000bs-484520s-DENV_1-brazil-BVBRC_genome_sequence,sequana_cpu,1,11541105.0,2,14,1000,484520,DENV_1-brazil-BVBRC_genome_sequence,47590.37,45226.04,92816.41,112.51,106.92,219.42,219.42,423.0, sdumont6187,39354157.84
5905.0,12040,430,1723500.0,154336.0,150806.0,1950796.0,5949.44,4986.88,10127.36,5324.8,2636.0,0,7.0,11.0,1n-2m-14th-1000bs-484520s-DENV_1-brazil-BVBRC_genome_sequence,sequana_cpu,1,11541106.0,2,14,1000,484520,DENV_1-brazil-BVBRC_genome_sequence,47652.67,48309.08,95961.75,111.08,112.61,223.69,223.69,429.0, sdumont6056,41263552.5
5866.0,11900,425,1711810.0,155572.0,152930.0,1933808.0,2017.28,4648.96,2314.24,4659.2,2456.0,0,7.0,9.0,1n-2m-14th-1000bs-484520s-DENV_1-brazil-BVBRC_genome_sequence,sequana_cpu,1,11541107.0,2,14,1000,484520,DENV_1-brazil-BVBRC_genome_sequence,46588.1,46768.31,93356.41,110.4,110.83,221.22,221.22,422.0, sdumont6274,39676474.25
5880.0,11956,427,1711810.0,154388.0,150792.0,1933808.0,2355.2,4986.88,3072.0,5324.8,2554.0,0,7.0,8.0,1n-2m-14th-1000bs-484520s-DENV_1-brazil-BVBRC_genome_sequence,sequana_cpu,1,11541108.0,2,14,1000,484520,DENV_1-brazil-BVBRC_genome_sequence,47654.53,45074.33,92728.86,112.13,106.06,218.19,218.19,425.0, sdumont6187,39595223.22
5858.0,11844,423,1723492.0,152936.0,152290.0,1950796.0,5611.52,4648.96,9369.6,4659.2,2539.0,0,6.0,7.0,1n-2m-14th-1000bs-484520s-DENV_1-brazil-BVBRC_genome_sequence,sequana_cpu,1,11541110.0,2,14,1000,484520,DENV_1-brazil-BVBRC_genome_sequence,47658.44,48620.96,96279.4,113.2,115.49,228.69,228.69,421.0, sdumont6056,40726186.2
6762.0,13824,432,1961008.0,152080.0,151620.0,2297108.0,2334.72,4986.88,3031.04,5324.8,2359.0,0,9.0,9.0,1n-2m-16th-1000bs-484520s-DENV_1-brazil-BVBRC_genome_sequence,sequana_cpu,1,11541111.0,2,16,1000,484520,DENV_1-brazil-BVBRC_genome_sequence,47248.01,49474.99,96723.0,110.14,115.33,225.46,225.46,429.0, sdumont6274,41784336.0
6397.0,13280,415,1846896.0,156308.0,150716.0,2064692.0,2344.96,4976.64,3051.52,5324.8,2453.0,0,10.0,11.0,1n-2m-16th-1000bs-484520s-DENV_1-brazil-BVBRC_genome_sequence,sequana_cpu,1,11541112.0,2,16,1000,484520,DENV_1-brazil-BVBRC_genome_sequence,46609.36,46566.54,93175.9,112.86,112.75,225.61,225.61,413.0, sdumont6187,38667998.5
6680.0,14400,450,1858570.0,151016.0,150242.0,2085860.0,6133.76,4986.88,10496.0,5324.8,2434.0,0,6.0,13.0,1n-2m-16th-1000bs-484520s-DENV_1-brazil-BVBRC_genome_sequence,sequana_cpu,1,11541113.0,2,16,1000,484520,DENV_1-brazil-BVBRC_genome_sequence,49903.65,54128.15,104031.8,111.14,120.55,231.7,231.7,449.0, sdumont6056,46814310.0
6677.0,13600,425,1846900.0,154616.0,152970.0,2064696.0,2355.2,4986.88,3072.0,5324.8,2255.0,0,6.0,15.0,1n-2m-16th-1000bs-484520s-DENV_1-brazil-BVBRC_genome_sequence,sequana_cpu,1,11541115.0,2,16,1000,484520,DENV_1-brazil-BVBRC_genome_sequence,47373.73,49693.61,97067.35,111.73,117.2,228.93,228.93,424.0, sdumont6274,41253623.75
6729.0,13664,427,1846886.0,154324.0,153822.0,2064676.0,2355.2,4986.88,3061.76,5324.8,2335.0,0,18.0,23.0,1n-2m-16th-1000bs-484520s-DENV_1-brazil-BVBRC_genome_sequence,sequana_cpu,1,11541116.0,2,16,1000,484520,DENV_1-brazil-BVBRC_genome_sequence,47791.35,47943.42,95734.76,112.19,112.54,224.73,224.73,426.0, sdumont6187,40878742.52
7516.0,15804,439,1982062.0,152872.0,152262.0,2204052.0,2365.44,4986.88,3092.48,5324.8,2337.0,0,8.0,16.0,1n-2m-18th-1000bs-484520s-DENV_1-brazil-BVBRC_genome_sequence,sequana_cpu,1,11541119.0,2,18,1000,484520,DENV_1-brazil-BVBRC_genome_sequence,48194.88,47978.56,96173.43,110.29,109.79,220.08,220.08,437.0, sdumont6274,42220135.77
7664.0,15768,438,1993740.0,150820.0,149448.0,2216844.0,5519.36,4648.96,9195.52,4648.96,2188.0,0,15.0,16.0,1n-2m-18th-1000bs-484520s-DENV_1-brazil-BVBRC_genome_sequence,sequana_cpu,1,11541120.0,2,18,1000,484520,DENV_1-brazil-BVBRC_genome_sequence,49123.3,50091.43,99214.73,112.41,114.63,227.04,227.04,437.0, sdumont6056,43456051.74
7703.0,16092,447,1982066.0,150512.0,148852.0,2199860.0,2355.2,4986.88,3082.24,5324.8,2227.0,0,13.0,16.0,1n-2m-18th-1000bs-484520s-DENV_1-brazil-BVBRC_genome_sequence,sequana_cpu,1,11541121.0,2,18,1000,484520,DENV_1-brazil-BVBRC_genome_sequence,49073.76,46897.78,95971.54,111.53,106.59,218.12,218.12,440.0, sdumont6187,42899278.38
7616.0,15516,431,1982064.0,154632.0,151030.0,2204052.0,2355.2,4986.88,3072.0,5324.8,2263.0,0,14.0,16.0,1n-2m-18th-1000bs-484520s-DENV_1-brazil-BVBRC_genome_sequence,sequana_cpu,1,11541122.0,2,18,1000,484520,DENV_1-brazil-BVBRC_genome_sequence,46919.13,46710.31,93629.44,109.11,108.63,217.74,217.74,430.0, sdumont6274,40354288.64
7692.0,15912,442,1993748.0,150712.0,149192.0,2221044.0,6041.6,4986.88,10311.68,5324.8,2113.0,0,10.0,13.0,1n-2m-18th-1000bs-484520s-DENV_1-brazil-BVBRC_genome_sequence,sequana_cpu,1,11541123.0,2,18,1000,484520,DENV_1-brazil-BVBRC_genome_sequence,49213.58,50165.6,99379.17,112.1,114.27,226.38,226.38,439.0, sdumont6056,43925593.14
8610.0,17920,448,2117314.0,150632.0,149100.0,2335112.0,2365.44,4986.88,3102.72,5324.8,2165.0,0,9.0,12.0,1n-2m-20th-1000bs-484520s-DENV_1-brazil-BVBRC_genome_sequence,sequana_cpu,1,11541124.0,2,20,1000,484520,DENV_1-brazil-BVBRC_genome_sequence,51733.19,49827.67,101560.86,115.99,111.72,227.71,227.71,446.0, sdumont6187,45499265.28
8637.0,18000,450,2117302.0,159116.0,156542.0,2339284.0,2375.68,4986.88,3102.72,5324.8,2170.0,0,15.0,20.0,1n-2m-20th-1000bs-484520s-DENV_1-brazil-BVBRC_genome_sequence,sequana_cpu,1,11541125.0,2,20,1000,484520,DENV_1-brazil-BVBRC_genome_sequence,51148.7,51550.6,102699.3,114.17,115.07,229.24,229.24,448.0, sdumont6274,46214685.0
8505.0,17440,436,2242520.0,156952.0,153412.0,2583360.0,6010.88,4986.88,10270.72,5324.8,2021.0,0,24.0,28.0,1n-2m-20th-1000bs-484520s-DENV_1-brazil-BVBRC_genome_sequence,sequana_cpu,1,11541126.0,2,20,1000,484520,DENV_1-brazil-BVBRC_genome_sequence,50867.16,52486.61,103353.77,116.94,120.66,237.59,237.59,435.0, sdumont6056,45062243.72
8580.0,17760,444,2117304.0,152864.0,151330.0,2335092.0,2017.28,4638.72,2293.76,4648.96,2088.0,0,14.0,20.0,1n-2m-20th-1000bs-484520s-DENV_1-brazil-BVBRC_genome_sequence,sequana_cpu,1,11541127.0,2,20,1000,484520,DENV_1-brazil-BVBRC_genome_sequence,51706.4,49947.7,101654.09,116.72,112.75,229.47,229.47,443.0, sdumont6187,45134415.96
8494.0,17560,439,2117456.0,152616.0,151414.0,2335100.0,2355.2,4986.88,3082.24,5324.8,33302.0,0,344.0,382.0,1n-2m-20th-1000bs-484520s-DENV_1-brazil-BVBRC_genome_sequence,sequana_cpu,1,11541128.0,2,20,1000,484520,DENV_1-brazil-BVBRC_genome_sequence,49058.83,51385.82,100444.66,112.01,117.32,229.33,229.33,438.0, sdumont6228,44095205.74
9408.0,19668,447,2252474.0,153028.0,152494.0,2474444.0,2375.68,4976.64,3112.96,5324.8,53775.0,0,373.0,447.0,1n-2m-22th-1000bs-484520s-DENV_1-brazil-BVBRC_genome_sequence,sequana_cpu,1,11541129.0,2,22,1000,484520,DENV_1-brazil-BVBRC_genome_sequence,53770.07,52357.51,106127.59,120.56,117.39,237.95,237.95,446.0, sdumont6105,47439032.73
9886.0,20064,456,2252474.0,152728.0,150184.0,2474444.0,2385.92,4986.88,3123.2,5324.8,53785.0,0,133.0,240.0,1n-2m-22th-1000bs-484520s-DENV_1-brazil-BVBRC_genome_sequence,sequana_cpu,1,11541130.0,2,22,1000,484520,DENV_1-brazil-BVBRC_genome_sequence,55079.77,55517.91,110597.68,121.32,122.29,243.61,243.61,454.0, sdumont6081,50432542.08
9457.0,19580,445,2252478.0,150736.0,149200.0,2474448.0,2375.68,4986.88,3112.96,5324.8,53885.0,0,16.0,18.0,1n-2m-22th-1000bs-484520s-DENV_1-brazil-BVBRC_genome_sequence,sequana_cpu,1,11541131.0,2,22,1000,484520,DENV_1-brazil-BVBRC_genome_sequence,53896.85,52955.51,106852.35,121.66,119.54,241.2,241.2,443.0, sdumont6105,47549295.75
9839.0,20196,459,2252486.0,153012.0,151360.0,2474468.0,2416.64,4997.12,3194.88,5345.28,53892.0,0,7.0,15.0,1n-2m-22th-1000bs-484520s-DENV_1-brazil-BVBRC_genome_sequence,sequana_cpu,1,11541132.0,2,22,1000,484520,DENV_1-brazil-BVBRC_genome_sequence,55308.87,55260.42,110569.28,120.76,120.66,241.42,241.42,458.0, sdumont6081,50751299.52
9863.0,19932,453,2252476.0,152624.0,151176.0,2470248.0,2037.76,4648.96,2344.96,4659.2,53997.0,0,17.0,21.0,1n-2m-22th-1000bs-484520s-DENV_1-brazil-BVBRC_genome_sequence,sequana_cpu,1,11541133.0,2,22,1000,484520,DENV_1-brazil-BVBRC_genome_sequence,55151.08,53946.41,109097.49,122.02,119.35,241.37,241.37,452.0, sdumont6105,49421162.97
11589.0,23712,494,2387674.0,153124.0,151756.0,2609660.0,2416.64,4986.88,3194.88,5324.8,54006.0,0,26.0,31.0,1n-2m-24th-1000bs-484520s-DENV_1-brazil-BVBRC_genome_sequence,sequana_cpu,1,11541135.0,2,24,1000,484520,DENV_1-brazil-BVBRC_genome_sequence,63223.7,63446.77,126670.47,128.24,128.7,256.94,256.94,493.0, sdumont6081,62575212.18
11517.0,23424,488,2390412.0,153952.0,152490.0,2615160.0,2406.4,4986.88,3174.4,5324.8,54111.0,0,10.0,11.0,1n-2m-24th-1000bs-484520s-DENV_1-brazil-BVBRC_genome_sequence,sequana_cpu,1,11541136.0,2,24,1000,484520,DENV_1-brazil-BVBRC_genome_sequence,61578.61,60654.82,122233.43,126.7,124.8,251.51,251.51,486.0, sdumont6105,59649913.84
11722.0,24288,506,2387646.0,154724.0,152314.0,2605408.0,2416.64,4986.88,3194.88,5324.8,54152.0,0,11.0,14.0,1n-2m-24th-1000bs-484520s-DENV_1-brazil-BVBRC_genome_sequence,sequana_cpu,1,11541137.0,2,24,1000,484520,DENV_1-brazil-BVBRC_genome_sequence,64561.3,64631.36,129192.66,127.84,127.98,255.83,255.83,505.0, sdumont6081,65371485.96
11427.0,23952,499,2387670.0,152940.0,152622.0,2605464.0,2416.64,4986.88,3194.88,5335.04,54253.0,0,8.0,24.0,1n-2m-24th-1000bs-484520s-DENV_1-brazil-BVBRC_genome_sequence,sequana_cpu,1,11541138.0,2,24,1000,484520,DENV_1-brazil-BVBRC_genome_sequence,62941.17,61724.08,124665.25,126.39,123.94,250.33,250.33,498.0, sdumont6105,62207959.75
11504.0,23376,487,2387566.0,152860.0,152324.0,2605464.0,2375.68,4986.88,3123.2,5324.8,54323.0,0,18.0,26.0,1n-2m-24th-1000bs-484520s-DENV_1-brazil-BVBRC_genome_sequence,sequana_cpu,1,11541139.0,2,24,1000,484520,DENV_1-brazil-BVBRC_genome_sequence,61592.22,61775.14,123367.36,126.99,127.37,254.37,254.37,485.0, sdumont6081,60079904.32
10003.0,32088,382,2871686.666015625,165932.0,165045.3330078125,2871916.0,2201.6,4485.12,2201.6,4495.36,167436.0,0,23.0,35.0,3n-1m-28th-1000bs-484520s-DENV_1-brazil-BVBRC_genome_sequence,sequana_cpu,3,11541143.0,1,28,1000,484520,DENV_1-brazil-BVBRC_genome_sequence,136978.25,80052.2,217030.46,359.52,210.11,569.63,189.88,381.0, sdumont6111,82905635.72
10003.0,32340,385,2871514.666015625,167668.0,165986.666015625,2871588.0,2201.6,4485.12,2201.6,4495.36,167107.0,0,28.0,35.0,3n-1m-28th-1000bs-484520s-DENV_1-brazil-BVBRC_genome_sequence,sequana_cpu,3,11541144.0,1,28,1000,484520,DENV_1-brazil-BVBRC_genome_sequence,140401.32,76844.71,217246.03,365.63,200.12,565.74,188.58,384.0, sdumont6181,83639721.55
12506.0,38520,428,3006949.3330078125,165836.0,165724.0,3007072.0,2304.0,4505.6,2304.0,4505.6,167020.0,0,26.0,27.0,3n-1m-30th-1000bs-484520s-DENV_1-brazil-BVBRC_genome_sequence,sequana_cpu,3,11541145.0,1,30,1000,484520,DENV_1-brazil-BVBRC_genome_sequence,152351.74,101676.67,254028.41,357.63,238.68,596.31,198.77,426.0, sdumont6155,108724159.48
412.0,466,233,1103988.0,148712.0,148712.0,1103988.0,3153.92,4300.8,3153.92,4300.8,1.0,0,382.0,382.0,1n-1m-2th-100bs-484520s-DENV_1-brazil-BVBRC_genome_sequence,sequana_cpu_dev,1,11541247.0,1,2,100,484520,DENV_1-brazil-BVBRC_genome_sequence,14222.28,10428.99,24651.27,61.3,44.95,106.26,106.26,232.0, sdumont6168,5743745.91
416.0,462,231,1326972.0,148248.0,148248.0,1326972.0,3153.92,4300.8,3153.92,4300.8,1.0,0,0.0,0.0,1n-1m-2th-100bs-484520s-DENV_1-brazil-BVBRC_genome_sequence,sequana_cpu_dev,1,11541252.0,1,2,100,484520,DENV_1-brazil-BVBRC_genome_sequence,14197.0,10349.95,24546.95,62.0,45.2,107.19,107.19,229.0, sdumont6168,5670345.45
415.0,464,232,1104160.0,148220.0,148220.0,1104160.0,3153.92,4300.8,3153.92,4300.8,1.0,0,0.0,0.0,1n-1m-2th-100bs-484520s-DENV_1-brazil-BVBRC_genome_sequence,sequana_cpu_dev,1,11541258.0,1,2,100,484520,DENV_1-brazil-BVBRC_genome_sequence,14286.67,10450.09,24736.77,62.12,45.44,107.55,107.55,230.0, sdumont6168,5738930.64
417.0,458,229,1109688.0,148628.0,148628.0,1109688.0,3153.92,4300.8,3153.92,4300.8,1.0,0,0.0,0.0,1n-1m-2th-100bs-484520s-DENV_1-brazil-BVBRC_genome_sequence,sequana_cpu_dev,1,11541262.0,1,2,100,484520,DENV_1-brazil-BVBRC_genome_sequence,14060.09,10275.06,24335.15,61.67,45.07,106.73,106.73,228.0, sdumont6168,5572749.350000001
476.0,536,134,1238220.0,149424.0,149424.0,1238220.0,2508.8,4290.56,2508.8,4290.56,1.0,0,0.0,0.0,1n-1m-4th-100bs-484520s-DENV_1-brazil-BVBRC_genome_sequence,sequana_cpu_dev,1,11541263.0,1,4,100,484520,DENV_1-brazil-BVBRC_genome_sequence,10042.66,6015.62,16058.28,75.51,45.23,120.74,120.74,133.0, sdumont6168,2151809.52
474.0,552,138,1238220.0,145340.0,145340.0,1238220.0,2498.56,4290.56,2498.56,4290.56,1.0,0,1.0,1.0,1n-1m-4th-100bs-484520s-DENV_1-brazil-BVBRC_genome_sequence,sequana_cpu_dev,1,11541265.0,1,4,100,484520,DENV_1-brazil-BVBRC_genome_sequence,10255.05,6146.81,16401.86,75.4,45.2,120.6,120.6,136.0, sdumont6168,2263456.68
463.0,556,139,1238212.0,151488.0,151488.0,1238212.0,2508.8,4290.56,2508.8,4290.56,1.0,0,387.0,387.0,1n-1m-4th-100bs-484520s-DENV_1-brazil-BVBRC_genome_sequence,sequana_cpu_dev,1,11541267.0,1,4,100,484520,DENV_1-brazil-BVBRC_genome_sequence,10019.98,4959.45,14979.43,72.61,35.94,108.55,108.55,138.0, sdumont6166,2082140.77
477.0,536,134,1238220.0,145280.0,145280.0,1238220.0,2508.8,4290.56,2508.8,4290.56,1.0,0,0.0,0.0,1n-1m-4th-100bs-484520s-DENV_1-brazil-BVBRC_genome_sequence,sequana_cpu_dev,1,11541268.0,1,4,100,484520,DENV_1-brazil-BVBRC_genome_sequence,9769.6,4809.87,14579.47,73.46,36.16,109.62,109.62,133.0, sdumont6166,1953648.98
527.0,648,108,1595504.0,148732.0,148732.0,1595504.0,2283.52,4280.32,2283.52,4280.32,1.0,0,1.0,1.0,1n-1m-6th-100bs-484520s-DENV_1-brazil-BVBRC_genome_sequence,sequana_cpu_dev,1,11541270.0,1,6,100,484520,DENV_1-brazil-BVBRC_genome_sequence,9109.9,3813.46,12923.36,85.94,35.98,121.92,121.92,106.0, sdumont6166,1395722.88
5343.0,5512,1378,1466424.0,154720.0,154720.0,1466424.0,3768.32,5079.04,3768.32,5079.04,21316.0,0,245.0,245.0,1n-1m-4th-1000bs-484520s-DENV_1-brazil-BVBRC_genome_sequence,sequana_cpu,1,11541277.0,1,4,1000,484520,DENV_1-brazil-BVBRC_genome_sequence,111191.95,54833.35,166025.31,80.81,39.85,120.66,120.66,1376.0, sdumont6105,228782877.18
5261.0,5320,1330,1243904.0,153584.0,153584.0,1243904.0,3717.12,5089.28,3717.12,5089.28,22555.0,0,1.0,1.0,1n-1m-4th-1000bs-484520s-DENV_1-brazil-BVBRC_genome_sequence,sequana_cpu,1,11541279.0,1,4,1000,484520,DENV_1-brazil-BVBRC_genome_sequence,108387.09,53168.26,161555.35,81.56,40.01,121.56,121.56,1329.0, sdumont6105,214868615.5
5356.0,5416,1354,1466424.0,150932.0,150932.0,1466424.0,3768.32,5099.52,3768.32,5099.52,23732.0,0,1.0,1.0,1n-1m-4th-1000bs-484520s-DENV_1-brazil-BVBRC_genome_sequence,sequana_cpu,1,11541281.0,1,4,1000,484520,DENV_1-brazil-BVBRC_genome_sequence,109699.84,54019.38,163719.22,81.08,39.93,121.0,121.0,1353.0, sdumont6105,221675823.88
5357.0,5436,1359,1238196.0,149580.0,149580.0,1238196.0,3768.32,5089.28,3768.32,5089.28,24910.0,0,0.0,0.0,1n-1m-4th-1000bs-484520s-DENV_1-brazil-BVBRC_genome_sequence,sequana_cpu,1,11541282.0,1,4,1000,484520,DENV_1-brazil-BVBRC_genome_sequence,109677.42,54098.07,163775.49,80.76,39.84,120.6,120.6,1358.0, sdumont6105,222570890.91
5243.0,5372,1343,1466572.0,154860.0,154860.0,1466572.0,3717.12,5079.04,3717.12,5079.04,28749.0,0,388.0,388.0,1n-1m-4th-1000bs-484520s-DENV_1-brazil-BVBRC_genome_sequence,sequana_cpu,1,11541284.0,1,4,1000,484520,DENV_1-brazil-BVBRC_genome_sequence,102670.15,54641.87,157312.02,76.56,40.75,117.31,117.31,1341.0, sdumont6149,211270042.86
7378.0,7496,937,1513428.0,149600.0,149600.0,1513428.0,3092.48,5089.28,3092.48,5089.28,29550.0,0,265.0,265.0,1n-1m-8th-1000bs-484520s-DENV_1-brazil-BVBRC_genome_sequence,sequana_cpu,1,11541286.0,1,8,1000,484520,DENV_1-brazil-BVBRC_genome_sequence,97325.04,40210.81,137535.85,103.98,42.96,146.94,146.94,936.0, sdumont6081,128871091.45
7168.0,7408,926,1513280.0,153648.0,153648.0,1513280.0,3041.28,5068.8,3041.28,5068.8,29756.0,0,2.0,2.0,1n-1m-8th-1000bs-484520s-DENV_1-brazil-BVBRC_genome_sequence,sequana_cpu,1,11541288.0,1,8,1000,484520,DENV_1-brazil-BVBRC_genome_sequence,91412.45,37640.65,129053.1,98.93,40.74,139.67,139.67,924.0, sdumont6149,119503170.6
7175.0,7400,925,1513428.0,149628.0,149628.0,1513428.0,3041.28,5068.8,3041.28,5068.8,30153.0,0,2.0,2.0,1n-1m-8th-1000bs-484520s-DENV_1-brazil-BVBRC_genome_sequence,sequana_cpu,1,11541292.0,1,8,1000,484520,DENV_1-brazil-BVBRC_genome_sequence,96459.92,39777.76,136237.68,104.39,43.05,147.44,147.44,924.0, sdumont6081,126019854.0
7175.0,7640,955,1507700.0,149692.0,149692.0,1507700.0,3041.28,5079.04,3041.28,5079.04,30328.0,0,1.0,1.0,1n-1m-8th-1000bs-484520s-DENV_1-brazil-BVBRC_genome_sequence,sequana_cpu,1,11541296.0,1,8,1000,484520,DENV_1-brazil-BVBRC_genome_sequence,91394.97,37668.73,129063.7,99.13,40.86,139.98,139.98,922.0, sdumont6149,123255833.5
7392.0,7504,938,1507868.0,149672.0,149672.0,1507868.0,3092.48,5089.28,3092.48,5089.28,30721.0,0,2.0,2.0,1n-1m-8th-1000bs-484520s-DENV_1-brazil-BVBRC_genome_sequence,sequana_cpu,1,11541298.0,1,8,1000,484520,DENV_1-brazil-BVBRC_genome_sequence,97274.17,40214.71,137488.88,103.81,42.92,146.73,146.73,937.0, sdumont6081,128964569.44
475.0,728,91,1507712.0,145212.0,145212.0,1507712.0,2058.24,4270.08,2058.24,4270.08,5.0,0,5.0,5.0,1n-1m-8th-100bs-484520s-DENV_1-brazil-BVBRC_genome_sequence,sequana_cpu_dev,1,11541299.0,1,8,100,484520,DENV_1-brazil-BVBRC_genome_sequence,9242.76,3677.78,12920.54,103.85,41.32,145.17,145.17,89.0, sdumont6169,1175769.14
8065.0,8380,838,1642840.0,152152.0,152152.0,1642840.0,2908.16,5058.56,2908.16,5058.56,30954.0,0,3.0,3.0,1n-1m-10th-1000bs-484520s-DENV_1-brazil-BVBRC_genome_sequence,sequana_cpu,1,11541300.0,1,10,1000,484520,DENV_1-brazil-BVBRC_genome_sequence,88863.55,33937.83,122801.38,106.3,40.6,146.89,146.89,836.0, sdumont6149,102907556.44
475.0,728,91,1507712.0,145300.0,145300.0,1507712.0,2058.24,4270.08,2058.24,4270.08,9.0,0,0.0,0.0,1n-1m-8th-100bs-484520s-DENV_1-brazil-BVBRC_genome_sequence,sequana_cpu_dev,1,11541301.0,1,8,100,484520,DENV_1-brazil-BVBRC_genome_sequence,9008.23,3587.1,12595.34,100.09,39.86,139.95,139.95,90.0, sdumont6169,1146175.94
8353.0,8590,859,1648396.0,149800.0,149800.0,1648396.0,2959.36,5068.8,2959.36,5068.8,31328.0,0,1.0,1.0,1n-1m-10th-1000bs-484520s-DENV_1-brazil-BVBRC_genome_sequence,sequana_cpu,1,11541302.0,1,10,1000,484520,DENV_1-brazil-BVBRC_genome_sequence,96364.41,36860.46,133224.88,112.31,42.96,155.27,155.27,858.0, sdumont6081,114440171.92
475.0,720,90,1507712.0,147504.0,147504.0,1507712.0,2058.24,4270.08,2058.24,4270.08,29.0,0,2.0,2.0,1n-1m-8th-100bs-484520s-DENV_1-brazil-BVBRC_genome_sequence,sequana_cpu_dev,1,11541304.0,1,8,100,484520,DENV_1-brazil-BVBRC_genome_sequence,9231.35,3691.66,12923.01,103.72,41.48,145.2,145.2,89.0, sdumont6169,1163070.9
8357.0,8580,858,1642836.0,151944.0,151944.0,1642836.0,2959.36,5079.04,2959.36,5079.04,31451.0,0,3.0,3.0,1n-1m-10th-1000bs-484520s-DENV_1-brazil-BVBRC_genome_sequence,sequana_cpu,1,11541305.0,1,10,1000,484520,DENV_1-brazil-BVBRC_genome_sequence,90805.65,34737.87,125543.52,106.08,40.58,146.66,146.66,856.0, sdumont6149,107716340.16
715.0,728,91,1507712.0,145132.0,145132.0,1507712.0,2344.96,4372.48,2344.96,4372.48,3.0,0,2.0,2.0,1n-1m-8th-100bs-484520s-DENV_1-brazil-BVBRC_genome_sequence,sequana_cpu_dev,1,11541306.0,1,8,100,484520,DENV_1-brazil-BVBRC_genome_sequence,9175.45,3663.52,12838.97,101.95,40.71,142.66,142.66,90.0, sdumont6169,1168346.27
8353.0,8630,863,1642836.0,153744.0,153744.0,1642836.0,2959.36,5068.8,2959.36,5068.8,31834.0,0,3.0,3.0,1n-1m-10th-1000bs-484520s-DENV_1-brazil-BVBRC_genome_sequence,sequana_cpu,1,11541311.0,1,10,1000,484520,DENV_1-brazil-BVBRC_genome_sequence,97755.8,37193.77,134949.57,113.41,43.15,156.55,156.55,862.0, sdumont6081,116461478.91
713.0,744,93,1507712.0,151168.0,151168.0,1507712.0,2283.52,4300.8,2283.52,4300.8,8.0,0,1.0,1.0,1n-1m-8th-100bs-484520s-DENV_1-brazil-BVBRC_genome_sequence,sequana_cpu_dev,1,11541312.0,1,8,100,484520,DENV_1-brazil-BVBRC_genome_sequence,9180.89,3658.47,12839.36,100.89,40.2,141.09,141.09,91.0, sdumont6169,1194060.48
594.0,840,84,1642840.0,145456.0,145456.0,1642840.0,2058.24,4270.08,2058.24,4270.08,1.0,0,3.0,3.0,1n-1m-10th-100bs-484520s-DENV_1-brazil-BVBRC_genome_sequence,sequana_cpu_dev,1,11541313.0,1,10,100,484520,DENV_1-brazil-BVBRC_genome_sequence,9180.7,3509.75,12690.45,111.96,42.8,154.76,154.76,82.0, sdumont6169,1065997.8
593.0,860,86,1642840.0,145356.0,145356.0,1642840.0,2058.24,4270.08,2058.24,4270.08,910.0,0,2.0,2.0,1n-1m-10th-100bs-484520s-DENV_1-brazil-BVBRC_genome_sequence,sequana_cpu_dev,1,11541316.0,1,10,100,484520,DENV_1-brazil-BVBRC_genome_sequence,8793.99,3815.35,12609.33,103.46,44.89,148.35,148.35,85.0, sdumont6168,1084402.38
594.0,850,85,1642840.0,145620.0,145620.0,1642840.0,2058.24,4270.08,2058.24,4270.08,0.0,0,2.0,2.0,1n-1m-10th-100bs-484520s-DENV_1-brazil-BVBRC_genome_sequence,sequana_cpu_dev,1,11541328.0,1,10,100,484520,DENV_1-brazil-BVBRC_genome_sequence,8787.24,3796.23,12583.47,104.61,45.19,149.8,149.8,84.0, sdumont6168,1069594.95
592.0,870,87,1648392.0,145352.0,145352.0,1648392.0,2058.24,4270.08,2058.24,4270.08,1.0,0,3.0,3.0,1n-1m-10th-100bs-484520s-DENV_1-brazil-BVBRC_genome_sequence,sequana_cpu_dev,1,11541332.0,1,10,100,484520,DENV_1-brazil-BVBRC_genome_sequence,8916.85,3860.22,12777.07,104.9,45.41,150.32,150.32,85.0, sdumont6168,1111605.09
594.0,870,87,1642832.0,150956.0,150956.0,1642832.0,2068.48,4270.08,2068.48,4270.08,1.0,0,4.0,4.0,1n-1m-10th-100bs-484520s-DENV_1-brazil-BVBRC_genome_sequence,sequana_cpu_dev,1,11541336.0,1,10,100,484520,DENV_1-brazil-BVBRC_genome_sequence,8892.03,3853.29,12745.32,104.61,45.33,149.94,149.94,85.0, sdumont6168,1108842.84
792.0,1204,86,1913176.0,147864.0,147864.0,1913176.0,2058.24,4270.08,2058.24,4270.08,1.0,0,432.0,432.0,1n-1m-14th-100bs-484520s-DENV_1-brazil-BVBRC_genome_sequence,sequana_cpu_dev,1,11541341.0,1,14,100,484520,DENV_1-brazil-BVBRC_genome_sequence,8673.19,3395.4,12068.59,102.04,39.95,141.98,141.98,85.0, sdumont6165,1037898.74
831.0,1176,84,1913028.0,145764.0,145764.0,1913028.0,2058.24,4270.08,2058.24,4270.08,1.0,0,7.0,7.0,1n-1m-14th-100bs-484520s-DENV_1-brazil-BVBRC_genome_sequence,sequana_cpu_dev,1,11541344.0,1,14,100,484520,DENV_1-brazil-BVBRC_genome_sequence,8656.43,3346.5,12002.93,104.29,40.32,144.61,144.61,83.0, sdumont6165,1008246.12
831.0,1162,83,1912856.0,147664.0,147664.0,1912856.0,2058.24,4270.08,2058.24,4270.08,1.0,0,6.0,6.0,1n-1m-14th-100bs-484520s-DENV_1-brazil-BVBRC_genome_sequence,sequana_cpu_dev,1,11541347.0,1,14,100,484520,DENV_1-brazil-BVBRC_genome_sequence,8687.02,3349.93,12036.94,105.94,40.85,146.79,146.79,82.0, sdumont6165,999066.02
832.0,1274,91,1913028.0,147488.0,147488.0,1913028.0,2058.24,4270.08,2058.24,4270.08,1.0,0,3.0,3.0,1n-1m-14th-100bs-484520s-DENV_1-brazil-BVBRC_genome_sequence,sequana_cpu_dev,1,11541350.0,1,14,100,484520,DENV_1-brazil-BVBRC_genome_sequence,8661.28,3703.46,12364.74,105.63,45.16,150.79,150.79,82.0, sdumont6168,1125191.34
831.0,1204,86,1913028.0,145744.0,145744.0,1913028.0,2058.24,4270.08,2058.24,4270.08,1.0,0,8.0,8.0,1n-1m-14th-100bs-484520s-DENV_1-brazil-BVBRC_genome_sequence,sequana_cpu_dev,1,11541352.0,1,14,100,484520,DENV_1-brazil-BVBRC_genome_sequence,8885.46,3786.73,12672.2,105.78,45.08,150.86,150.86,84.0, sdumont6168,1089809.2
949.0,1424,89,2048080.0,147420.0,147420.0,2048080.0,2058.24,4270.08,2058.24,4270.08,1.0,0,7.0,7.0,1n-1m-16th-100bs-484520s-DENV_1-brazil-BVBRC_genome_sequence,sequana_cpu_dev,1,11541355.0,1,16,100,484520,DENV_1-brazil-BVBRC_genome_sequence,9343.69,3945.86,13289.55,107.4,45.35,152.75,152.75,87.0, sdumont6168,1182769.95
950.0,1344,84,2048080.0,145656.0,145656.0,2048080.0,2058.24,4270.08,2058.24,4270.08,1.0,0,4.0,4.0,1n-1m-16th-100bs-484520s-DENV_1-brazil-BVBRC_genome_sequence,sequana_cpu_dev,1,11541356.0,1,16,100,484520,DENV_1-brazil-BVBRC_genome_sequence,8839.85,3695.64,12535.49,109.13,45.63,154.76,154.76,81.0, sdumont6168,1052981.16
949.0,1344,84,2048076.0,147784.0,147784.0,2048076.0,2058.24,4270.08,2058.24,4270.08,1.0,0,7.0,7.0,1n-1m-16th-100bs-484520s-DENV_1-brazil-BVBRC_genome_sequence,sequana_cpu_dev,1,11541357.0,1,16,100,484520,DENV_1-brazil-BVBRC_genome_sequence,8719.44,3681.76,12401.2,105.05,44.36,149.41,149.41,83.0, sdumont6168,1041700.8
949.0,1344,84,2048080.0,147652.0,147652.0,2048080.0,2058.24,4270.08,2058.24,4270.08,1.0,0,10.0,10.0,1n-1m-16th-100bs-484520s-DENV_1-brazil-BVBRC_genome_sequence,sequana_cpu_dev,1,11541358.0,1,16,100,484520,DENV_1-brazil-BVBRC_genome_sequence,8764.97,3684.88,12449.85,105.6,44.4,150.0,150.0,83.0, sdumont6168,1045787.4
949.0,1328,83,2048080.0,149632.0,149632.0,2048080.0,2058.24,4270.08,2058.24,4270.08,1.0,0,10.0,10.0,1n-1m-16th-100bs-484520s-DENV_1-brazil-BVBRC_genome_sequence,sequana_cpu_dev,1,11541360.0,1,16,100,484520,DENV_1-brazil-BVBRC_genome_sequence,8735.05,3670.74,12405.79,106.52,44.77,151.29,151.29,82.0, sdumont6168,1029680.57
1184.0,1740,87,2318408.0,148020.0,148020.0,2318408.0,2058.24,4270.08,2058.24,4270.08,1.0,0,21.0,21.0,1n-1m-20th-100bs-484520s-DENV_1-brazil-BVBRC_genome_sequence,sequana_cpu_dev,1,11541362.0,1,20,100,484520,DENV_1-brazil-BVBRC_genome_sequence,9520.62,3520.93,13041.56,110.7,40.94,151.65,151.65,86.0, sdumont6165,1134615.72
1185.0,1840,92,2318412.0,145928.0,145928.0,2318412.0,2457.6,4382.72,2457.6,4382.72,1.0,0,0.0,24.0,1n-1m-20th-100bs-484520s-DENV_1-brazil-BVBRC_genome_sequence,sequana_cpu_dev,1,11541364.0,1,20,100,484520,DENV_1-brazil-BVBRC_genome_sequence,9960.58,3692.52,13653.1,110.67,41.03,151.7,151.7,90.0, sdumont6165,1256085.2
1186.0,1780,89,2318412.0,151916.0,151916.0,2318412.0,2058.24,4270.08,2058.24,4270.08,1.0,0,13.0,13.0,1n-1m-20th-100bs-484520s-DENV_1-brazil-BVBRC_genome_sequence,sequana_cpu_dev,1,11541365.0,1,20,100,484520,DENV_1-brazil-BVBRC_genome_sequence,9771.43,3606.82,13378.25,111.04,40.99,152.03,152.03,88.0, sdumont6165,1190664.25
1186.0,2440,122,2318412.0,147764.0,147764.0,2318412.0,2058.24,4270.08,2058.24,4270.08,1.0,0,23.0,23.0,1n-1m-20th-100bs-484520s-DENV_1-brazil-BVBRC_genome_sequence,sequana_cpu_dev,1,11541366.0,1,20,100,484520,DENV_1-brazil-BVBRC_genome_sequence,9757.59,3618.58,13376.17,108.42,40.21,148.62,148.62,90.0, sdumont6165,1631892.74
1784.0,1860,93,2318412.0,147960.0,147960.0,2318412.0,2263.04,4300.8,2263.04,4300.8,1.0,0,15.0,15.0,1n-1m-20th-100bs-484520s-DENV_1-brazil-BVBRC_genome_sequence,sequana_cpu_dev,1,11541370.0,1,20,100,484520,DENV_1-brazil-BVBRC_genome_sequence,9972.09,3724.02,13696.11,108.39,40.48,148.87,148.87,92.0, sdumont6165,1273738.23
1302.0,1958,89,2453540.0,152056.0,152056.0,2453540.0,2058.24,4270.08,2058.24,4270.08,1.0,0,266.0,266.0,1n-1m-22th-100bs-484520s-DENV_1-brazil-BVBRC_genome_sequence,sequana_cpu_dev,1,11541376.0,1,22,100,484520,DENV_1-brazil-BVBRC_genome_sequence,10511.13,3668.42,14179.55,119.44,41.69,161.13,161.13,88.0, sdumont6169,1261979.95
1305.0,2002,91,2453540.0,146180.0,146180.0,2453540.0,2058.24,4270.08,2058.24,4270.08,192.0,0,20.0,20.0,1n-1m-22th-100bs-484520s-DENV_1-brazil-BVBRC_genome_sequence,sequana_cpu_dev,1,11541379.0,1,22,100,484520,DENV_1-brazil-BVBRC_genome_sequence,10525.05,3742.69,14267.74,118.26,42.05,160.31,160.31,89.0, sdumont6169,1298364.34
1891.0,2024,92,2459564.0,151748.0,151748.0,2459564.0,2283.52,4300.8,2283.52,4300.8,1.0,0,504.0,504.0,1n-1m-22th-100bs-484520s-DENV_1-brazil-BVBRC_genome_sequence,sequana_cpu_dev,1,11541385.0,1,22,100,484520,DENV_1-brazil-BVBRC_genome_sequence,10024.37,3261.91,13286.28,110.16,35.85,146.0,146.0,91.0, sdumont6166,1222337.76
1304.0,1936,88,2453532.0,147984.0,147984.0,2453532.0,2058.24,4270.08,2058.24,4270.08,0.0,0,8.0,8.0,1n-1m-22th-100bs-484520s-DENV_1-brazil-BVBRC_genome_sequence,sequana_cpu_dev,1,11541389.0,1,22,100,484520,DENV_1-brazil-BVBRC_genome_sequence,9881.69,3177.59,13059.28,113.58,36.52,150.11,150.11,87.0, sdumont6166,1149216.64
1304.0,1958,89,2453532.0,150180.0,150180.0,2453532.0,2058.24,4270.08,2058.24,4270.08,1.0,0,19.0,19.0,1n-1m-22th-100bs-484520s-DENV_1-brazil-BVBRC_genome_sequence,sequana_cpu_dev,1,11541393.0,1,22,100,484520,DENV_1-brazil-BVBRC_genome_sequence,9884.95,3164.29,13049.24,112.33,35.96,148.29,148.29,88.0, sdumont6166,1161382.36
2316.0,2808,108,2723856.0,148284.0,148284.0,2723856.0,2283.52,4290.56,2283.52,4290.56,1.0,0,19.0,19.0,1n-1m-26th-100bs-484520s-DENV_1-brazil-BVBRC_genome_sequence,sequana_cpu_dev,1,11541396.0,1,26,100,484520,DENV_1-brazil-BVBRC_genome_sequence,12072.78,5854.94,17927.72,113.89,55.24,169.13,169.13,106.0, sdumont6166,1936193.76
2315.0,2678,103,2723840.0,148168.0,148168.0,2723840.0,2283.52,4290.56,2283.52,4290.56,1.0,0,279.0,279.0,1n-1m-26th-100bs-484520s-DENV_1-brazil-BVBRC_genome_sequence,sequana_cpu_dev,1,11541398.0,1,26,100,484520,DENV_1-brazil-BVBRC_genome_sequence,11631.02,5945.9,17576.93,115.16,58.87,174.03,174.03,101.0, sdumont6165,1810423.79
2317.0,2730,105,2723840.0,148268.0,148268.0,2723840.0,2283.52,4290.56,2283.52,4290.56,1.0,0,23.0,23.0,1n-1m-26th-100bs-484520s-DENV_1-brazil-BVBRC_genome_sequence,sequana_cpu_dev,1,11541402.0,1,26,100,484520,DENV_1-brazil-BVBRC_genome_sequence,11827.54,6039.63,17867.17,112.64,57.52,170.16,170.16,105.0, sdumont6165,1876052.85
2316.0,2808,108,2723856.0,150316.0,150316.0,2723856.0,2283.52,4290.56,2283.52,4290.56,1.0,0,15.0,15.0,1n-1m-26th-100bs-484520s-DENV_1-brazil-BVBRC_genome_sequence,sequana_cpu_dev,1,11541404.0,1,26,100,484520,DENV_1-brazil-BVBRC_genome_sequence,12040.18,6140.81,18180.99,113.59,57.93,171.52,171.52,106.0, sdumont6165,1963546.92
2315.0,2756,106,2724004.0,148380.0,148380.0,2724004.0,2283.52,4290.56,2283.52,4290.56,1.0,0,18.0,18.0,1n-1m-26th-100bs-484520s-DENV_1-brazil-BVBRC_genome_sequence,sequana_cpu_dev,1,11541406.0,1,26,100,484520,DENV_1-brazil-BVBRC_genome_sequence,11832.06,6010.51,17842.58,112.69,57.24,169.93,169.93,105.0, sdumont6165,1891313.48
2494.0,3052,109,2859176.0,148532.0,148532.0,2859176.0,2263.04,4290.56,2263.04,4290.56,1.0,0,18.0,18.0,1n-1m-28th-100bs-484520s-DENV_1-brazil-BVBRC_genome_sequence,sequana_cpu_dev,1,11541408.0,1,28,100,484520,DENV_1-brazil-BVBRC_genome_sequence,12170.99,7434.52,19605.51,112.69,68.84,181.53,181.53,108.0, sdumont6165,2137000.59
2494.0,2968,106,2859176.0,148736.0,148736.0,2859176.0,2283.52,4290.56,2283.52,4290.56,1.0,0,8.0,8.0,1n-1m-28th-100bs-484520s-DENV_1-brazil-BVBRC_genome_sequence,sequana_cpu_dev,1,11541409.0,1,28,100,484520,DENV_1-brazil-BVBRC_genome_sequence,11794.7,7226.38,19021.08,112.33,68.82,181.15,181.15,105.0, sdumont6165,2016234.48
3327.0,3752,134,2859028.0,148268.0,148268.0,2859028.0,2488.32,4290.56,2488.32,4290.56,1.0,0,23.0,23.0,1n-1m-28th-100bs-484520s-DENV_1-brazil-BVBRC_genome_sequence,sequana_cpu_dev,1,11541411.0,1,28,100,484520,DENV_1-brazil-BVBRC_genome_sequence,14952.49,8974.64,23927.13,112.42,67.48,179.9,179.9,133.0, sdumont6165,3206235.42
2494.0,3248,116,2859168.0,148168.0,148168.0,2859168.0,2263.04,4280.32,2263.04,4280.32,1.0,0,9.0,9.0,1n-1m-28th-100bs-484520s-DENV_1-brazil-BVBRC_genome_sequence,sequana_cpu_dev,1,11541412.0,1,28,100,484520,DENV_1-brazil-BVBRC_genome_sequence,12723.84,7883.06,20606.9,110.64,68.55,179.19,179.19,115.0, sdumont6165,2390400.4000000004
2457.0,3108,111,2859172.0,148596.0,148596.0,2859172.0,2263.04,4280.32,2263.04,4280.32,1.0,0,10.0,10.0,1n-1m-28th-100bs-484520s-DENV_1-brazil-BVBRC_genome_sequence,sequana_cpu_dev,1,11541414.0,1,28,100,484520,DENV_1-brazil-BVBRC_genome_sequence,12258.34,7217.17,19475.51,112.46,66.21,178.67,178.67,109.0, sdumont6166,2161781.61
2850.0,3584,112,3129380.0,148480.0,148480.0,3129380.0,2263.04,4280.32,2263.04,4280.32,1.0,0,22.0,22.0,1n-1m-32th-100bs-484520s-DENV_1-brazil-BVBRC_genome_sequence,sequana_cpu_dev,1,11541416.0,1,32,100,484520,DENV_1-brazil-BVBRC_genome_sequence,12456.59,9765.94,22222.54,112.22,87.98,200.2,200.2,111.0, sdumont6166,2488924.48
2849.0,3616,113,3129380.0,150660.0,150660.0,3129380.0,2263.04,4280.32,2263.04,4280.32,1.0,0,23.0,23.0,1n-1m-32th-100bs-484520s-DENV_1-brazil-BVBRC_genome_sequence,sequana_cpu_dev,1,11541418.0,1,32,100,484520,DENV_1-brazil-BVBRC_genome_sequence,12550.14,9787.04,22337.17,112.05,87.38,199.44,199.44,112.0, sdumont6166,2524100.21
2850.0,3648,114,3129400.0,152696.0,152696.0,3129400.0,2263.04,4280.32,2263.04,4280.32,1.0,0,14.0,14.0,1n-1m-32th-100bs-484520s-DENV_1-brazil-BVBRC_genome_sequence,sequana_cpu_dev,1,11541420.0,1,32,100,484520,DENV_1-brazil-BVBRC_genome_sequence,12709.22,10263.62,22972.85,112.47,90.83,203.3,203.3,113.0, sdumont6165,2618904.9
3803.0,4192,131,3129576.0,148800.0,148800.0,3129576.0,2488.32,4300.8,2488.32,4300.8,1.0,0,24.0,24.0,1n-1m-32th-100bs-484520s-DENV_1-brazil-BVBRC_genome_sequence,sequana_cpu_dev,1,11541421.0,1,32,100,484520,DENV_1-brazil-BVBRC_genome_sequence,14493.26,11496.89,25990.14,112.35,89.12,201.47,201.47,129.0, sdumont6165,3404708.34
2850.0,3680,115,3129400.0,148596.0,148596.0,3129400.0,2263.04,4280.32,2263.04,4280.32,1.0,0,11.0,11.0,1n-1m-32th-100bs-484520s-DENV_1-brazil-BVBRC_genome_sequence,sequana_cpu_dev,1,11541422.0,1,32,100,484520,DENV_1-brazil-BVBRC_genome_sequence,12655.13,10273.66,22928.79,111.01,90.12,201.13,201.13,114.0, sdumont6165,2636810.85
4042.0,4386,129,3264580.0,151096.0,151096.0,3264580.0,2478.08,4300.8,2478.08,4300.8,1.0,0,32.0,32.0,1n-1m-34th-100bs-484520s-DENV_1-brazil-BVBRC_genome_sequence,sequana_cpu_dev,1,11541423.0,1,34,100,484520,DENV_1-brazil-BVBRC_genome_sequence,14419.64,12439.87,26859.52,113.54,97.95,211.49,211.49,127.0, sdumont6165,3464878.08
3027.0,3876,114,3264580.0,148928.0,148928.0,3264580.0,2263.04,4280.32,2263.04,4280.32,1.0,0,32.0,32.0,1n-1m-34th-100bs-484520s-DENV_1-brazil-BVBRC_genome_sequence,sequana_cpu_dev,1,11541424.0,1,34,100,484520,DENV_1-brazil-BVBRC_genome_sequence,12486.61,10938.41,23425.02,110.5,96.8,207.3,207.3,113.0, sdumont6165,2670452.2800000003
3027.0,3774,111,3264712.0,153128.0,153128.0,3264712.0,2263.04,4290.56,2263.04,4290.56,1.0,0,24.0,24.0,1n-1m-34th-100bs-484520s-DENV_1-brazil-BVBRC_genome_sequence,sequana_cpu_dev,1,11541426.0,1,34,100,484520,DENV_1-brazil-BVBRC_genome_sequence,12209.98,10643.8,22853.78,112.02,97.65,209.67,209.67,109.0, sdumont6165,2536769.58
8348.0,8660,866,1642840.0,151592.0,151592.0,1642840.0,2959.36,5068.8,2959.36,5068.8,23156.0,0,2.0,2.0,1n-1m-10th-1000bs-484520s-DENV_1-brazil-BVBRC_genome_sequence,sequana_cpu,1,11541428.0,1,10,1000,484520,DENV_1-brazil-BVBRC_genome_sequence,91824.6,35138.02,126962.62,106.16,40.62,146.78,146.78,865.0, sdumont6149,109949628.92
3028.0,3944,116,3264556.0,150780.0,150780.0,3264556.0,2263.04,4280.32,2263.04,4280.32,1.0,0,24.0,24.0,1n-1m-34th-100bs-484520s-DENV_1-brazil-BVBRC_genome_sequence,sequana_cpu_dev,1,11541429.0,1,34,100,484520,DENV_1-brazil-BVBRC_genome_sequence,12731.55,11167.39,23898.94,110.71,97.11,207.82,207.82,115.0, sdumont6165,2772277.04
11283.0,11564,826,1912856.0,157972.0,157972.0,1912856.0,2908.16,5079.04,2908.16,5079.04,23532.0,0,11.0,11.0,1n-1m-14th-1000bs-484520s-DENV_1-brazil-BVBRC_genome_sequence,sequana_cpu,1,11541430.0,1,14,1000,484520,DENV_1-brazil-BVBRC_genome_sequence,97281.0,35453.17,132734.18,118.06,43.03,161.09,161.09,824.0, sdumont6081,109638432.68
4042.0,4250,125,3264432.0,148480.0,148480.0,3264432.0,2488.32,4300.8,2488.32,4300.8,1.0,0,32.0,32.0,1n-1m-34th-100bs-484520s-DENV_1-brazil-BVBRC_genome_sequence,sequana_cpu_dev,1,11541431.0,1,34,100,484520,DENV_1-brazil-BVBRC_genome_sequence,13996.3,12066.71,26063.01,112.87,97.31,210.19,210.19,124.0, sdumont6165,3257876.25
11285.0,11704,836,1913028.0,151932.0,151932.0,1913028.0,2908.16,5058.56,2908.16,5058.56,23675.0,0,6.0,6.0,1n-1m-14th-1000bs-484520s-DENV_1-brazil-BVBRC_genome_sequence,sequana_cpu,1,11541432.0,1,14,1000,484520,DENV_1-brazil-BVBRC_genome_sequence,91273.93,34007.34,125281.27,109.31,40.73,150.04,150.04,835.0, sdumont6149,104735141.72
4509.0,5092,134,3534788.0,151048.0,151048.0,3534788.0,2488.32,4290.56,2488.32,4290.56,1.0,0,28.0,28.0,1n-1m-38th-100bs-484520s-DENV_1-brazil-BVBRC_genome_sequence,sequana_cpu_dev,1,11541433.0,1,38,100,484520,DENV_1-brazil-BVBRC_genome_sequence,14868.77,13543.65,28412.43,111.8,101.83,213.63,213.63,133.0, sdumont6165,3807265.62
4516.0,5092,134,3534936.0,153248.0,153248.0,3534936.0,2488.32,4290.56,2488.32,4290.56,1.0,0,18.0,18.0,1n-1m-38th-100bs-484520s-DENV_1-brazil-BVBRC_genome_sequence,sequana_cpu_dev,1,11541435.0,1,38,100,484520,DENV_1-brazil-BVBRC_genome_sequence,14614.18,13215.44,27829.61,109.88,99.36,209.25,209.25,133.0, sdumont6165,3729167.74
11289.0,11480,820,1913180.0,152524.0,152524.0,1913180.0,2908.16,5079.04,2908.16,5079.04,23821.0,0,9.0,9.0,1n-1m-14th-1000bs-484520s-DENV_1-brazil-BVBRC_genome_sequence,sequana_cpu,1,11541436.0,1,14,1000,484520,DENV_1-brazil-BVBRC_genome_sequence,95996.11,35012.45,131008.56,117.21,42.75,159.96,159.96,819.0, sdumont6081,107427019.2
4516.0,4902,129,3763316.0,152912.0,152912.0,3763316.0,2488.32,4300.8,2488.32,4300.8,1.0,0,9.0,9.0,1n-1m-38th-100bs-484520s-DENV_1-brazil-BVBRC_genome_sequence,sequana_cpu_dev,1,11541437.0,1,38,100,484520,DENV_1-brazil-BVBRC_genome_sequence,14327.58,12809.56,27137.13,111.93,100.07,212.01,212.01,128.0, sdumont6165,3500689.77
11670.0,12012,858,1912864.0,153976.0,153976.0,1912864.0,2959.36,5068.8,2959.36,5068.8,72311.0,0,437.0,437.0,1n-1m-14th-1000bs-484520s-DENV_1-brazil-BVBRC_genome_sequence,sequana_cpu,1,11541438.0,1,14,1000,484520,DENV_1-brazil-BVBRC_genome_sequence,98212.82,31001.04,129213.86,114.6,36.17,150.77,150.77,857.0, sdumont6138,110865491.88
4510.0,5320,140,3534936.0,148936.0,148936.0,3534936.0,2488.32,4290.56,2488.32,4290.56,1.0,0,9.0,9.0,1n-1m-38th-100bs-484520s-DENV_1-brazil-BVBRC_genome_sequence,sequana_cpu_dev,1,11541439.0,1,38,100,484520,DENV_1-brazil-BVBRC_genome_sequence,15581.62,14104.22,29685.84,112.1,101.47,213.57,213.57,139.0, sdumont6165,4156017.6
11307.0,11550,825,1913028.0,152056.0,152056.0,1913028.0,2908.16,5079.04,2908.16,5079.04,73028.0,0,8.0,8.0,1n-1m-14th-1000bs-484520s-DENV_1-brazil-BVBRC_genome_sequence,sequana_cpu,1,11541441.0,1,14,1000,484520,DENV_1-brazil-BVBRC_genome_sequence,95208.44,29902.17,125110.62,115.54,36.29,151.83,151.83,824.0, sdumont6138,103216261.5
4519.0,4788,126,3534936.0,153496.0,153496.0,3534936.0,2488.32,4300.8,2488.32,4300.8,1.0,0,19.0,19.0,1n-1m-38th-100bs-484520s-DENV_1-brazil-BVBRC_genome_sequence,sequana_cpu_dev,1,11541443.0,1,38,100,484520,DENV_1-brazil-BVBRC_genome_sequence,13889.32,12561.24,26450.56,111.11,100.49,211.6,211.6,125.0, sdumont6165,3332770.56
4741.0,6000,150,3892924.0,153060.0,153060.0,3892924.0,2488.32,4290.56,2488.32,4290.56,1.0,0,24.0,24.0,1n-1m-40th-100bs-484520s-DENV_1-brazil-BVBRC_genome_sequence,sequana_cpu_dev,1,11541444.0,1,40,100,484520,DENV_1-brazil-BVBRC_genome_sequence,15340.28,14307.15,29647.43,110.36,102.93,213.29,213.29,139.0, sdumont6165,4447114.5
12920.0,13120,820,2276312.0,157580.0,157580.0,2276312.0,2908.16,5079.04,2908.16,5079.04,73497.0,0,11.0,11.0,1n-1m-16th-1000bs-484520s-DENV_1-brazil-BVBRC_genome_sequence,sequana_cpu,1,11541445.0,1,16,1000,484520,DENV_1-brazil-BVBRC_genome_sequence,95654.4,29923.31,125577.71,116.79,36.54,153.33,153.33,819.0, sdumont6138,102973722.2
4756.0,5080,127,3675672.0,153232.0,153232.0,3675672.0,2488.32,4300.8,2488.32,4300.8,1.0,0,20.0,20.0,1n-1m-40th-100bs-484520s-DENV_1-brazil-BVBRC_genome_sequence,sequana_cpu_dev,1,11541448.0,1,40,100,484520,DENV_1-brazil-BVBRC_genome_sequence,13815.33,12883.3,26698.63,108.78,101.44,210.23,210.23,127.0, sdumont6165,3390726.01
12912.0,13424,839,2048064.0,156328.0,156328.0,2048064.0,2908.16,5068.8,2908.16,5068.8,75350.0,0,12.0,12.0,1n-1m-16th-1000bs-484520s-DENV_1-brazil-BVBRC_genome_sequence,sequana_cpu,1,11541449.0,1,16,1000,484520,DENV_1-brazil-BVBRC_genome_sequence,96379.71,30359.75,126739.46,115.01,36.23,151.24,151.24,838.0, sdumont6138,106334406.94
4753.0,5320,133,3669964.0,153308.0,153308.0,3669964.0,2488.32,4290.56,2488.32,4290.56,1.0,0,28.0,28.0,1n-1m-40th-100bs-484520s-DENV_1-brazil-BVBRC_genome_sequence,sequana_cpu_dev,1,11541452.0,1,40,100,484520,DENV_1-brazil-BVBRC_genome_sequence,14651.0,13550.7,28201.69,110.16,101.88,212.04,212.04,133.0, sdumont6165,3750824.77
4755.0,5040,126,3670112.0,149060.0,149060.0,3670112.0,2488.32,4300.8,2488.32,4300.8,1.0,0,40.0,40.0,1n-1m-40th-100bs-484520s-DENV_1-brazil-BVBRC_genome_sequence,sequana_cpu_dev,1,11541453.0,1,40,100,484520,DENV_1-brazil-BVBRC_genome_sequence,14002.63,12856.39,26859.02,111.13,102.03,213.17,213.17,126.0, sdumont6165,3384236.52
12916.0,13376,836,2048056.0,156652.0,156652.0,2048056.0,2908.16,5068.8,2908.16,5068.8,75891.0,0,22.0,22.0,1n-1m-16th-1000bs-484520s-DENV_1-brazil-BVBRC_genome_sequence,sequana_cpu,1,11541454.0,1,16,1000,484520,DENV_1-brazil-BVBRC_genome_sequence,96077.31,30385.07,126462.38,115.2,36.43,151.63,151.63,834.0, sdumont6138,105722549.68
4756.0,5040,126,3898344.0,150612.0,150612.0,3898344.0,2488.32,4300.8,2488.32,4300.8,1.0,0,27.0,27.0,1n-1m-40th-100bs-484520s-DENV_1-brazil-BVBRC_genome_sequence,sequana_cpu_dev,1,11541455.0,1,40,100,484520,DENV_1-brazil-BVBRC_genome_sequence,13851.3,12928.84,26780.14,110.81,103.43,214.24,214.24,125.0, sdumont6165,3374297.64
12914.0,13344,834,2048080.0,154344.0,154344.0,2048080.0,2908.16,5068.8,2908.16,5068.8,76579.0,0,7.0,7.0,1n-1m-16th-1000bs-484520s-DENV_1-brazil-BVBRC_genome_sequence,sequana_cpu,1,11541456.0,1,16,1000,484520,DENV_1-brazil-BVBRC_genome_sequence,96674.79,30397.65,127072.44,116.2,36.54,152.73,152.73,832.0, sdumont6138,105978414.96
5228.0,5896,134,3940476.0,152580.0,152580.0,3940476.0,2488.32,4290.56,2488.32,4290.56,1.0,0,25.0,25.0,1n-1m-44th-100bs-484520s-DENV_1-brazil-BVBRC_genome_sequence,sequana_cpu_dev,1,11541457.0,1,44,100,484520,DENV_1-brazil-BVBRC_genome_sequence,14712.62,14239.67,28952.3,110.62,107.07,217.69,217.69,133.0, sdumont6165,3879608.2
5221.0,6072,138,3940476.0,149016.0,149016.0,3940476.0,2488.32,4290.56,2488.32,4290.56,1.0,0,26.0,26.0,1n-1m-44th-100bs-484520s-DENV_1-brazil-BVBRC_genome_sequence,sequana_cpu_dev,1,11541458.0,1,44,100,484520,DENV_1-brazil-BVBRC_genome_sequence,15149.06,14912.64,30061.7,111.39,109.65,221.04,221.04,136.0, sdumont6165,4148514.6
5229.0,5412,123,3946172.0,151664.0,151664.0,3946172.0,2478.08,4300.8,2478.08,4300.8,1.0,0,31.0,31.0,1n-1m-44th-100bs-484520s-DENV_1-brazil-BVBRC_genome_sequence,sequana_cpu_dev,1,11541459.0,1,44,100,484520,DENV_1-brazil-BVBRC_genome_sequence,13724.02,13274.94,26998.96,112.49,108.81,221.3,221.3,122.0, sdumont6165,3320872.08
5224.0,6028,137,3940624.0,153260.0,153260.0,3940624.0,2488.32,4290.56,2488.32,4290.56,1.0,0,25.0,25.0,1n-1m-44th-100bs-484520s-DENV_1-brazil-BVBRC_genome_sequence,sequana_cpu_dev,1,11541460.0,1,44,100,484520,DENV_1-brazil-BVBRC_genome_sequence,15163.29,14708.31,29871.6,111.49,108.15,219.64,219.64,136.0, sdumont6165,4092409.2
5226.0,5412,123,3940612.0,149500.0,149500.0,3940612.0,2488.32,4300.8,2488.32,4300.8,1.0,0,40.0,40.0,1n-1m-44th-100bs-484520s-DENV_1-brazil-BVBRC_genome_sequence,sequana_cpu_dev,1,11541461.0,1,44,100,484520,DENV_1-brazil-BVBRC_genome_sequence,13334.25,13076.06,26410.31,110.2,108.07,218.27,218.27,121.0, sdumont6165,3248468.1300000004
5463.0,5796,126,4081068.0,151076.0,151076.0,4081068.0,2478.08,4300.8,2478.08,4300.8,1.0,0,38.0,38.0,1n-1m-46th-100bs-484520s-DENV_1-brazil-BVBRC_genome_sequence,sequana_cpu_dev,1,11541462.0,1,46,100,484520,DENV_1-brazil-BVBRC_genome_sequence,14026.64,14055.78,28082.42,113.12,113.35,226.47,226.47,124.0, sdumont6165,3538384.92
5465.0,6302,137,4303740.0,152968.0,152968.0,4303740.0,2478.08,4290.56,2478.08,4290.56,1.0,0,22.0,22.0,1n-1m-46th-100bs-484520s-DENV_1-brazil-BVBRC_genome_sequence,sequana_cpu_dev,1,11541465.0,1,46,100,484520,DENV_1-brazil-BVBRC_genome_sequence,15178.81,15294.45,30473.26,112.44,113.29,225.73,225.73,135.0, sdumont6165,4174836.62
6832.0,7038,153,4075656.0,151376.0,151376.0,4075656.0,2703.36,4300.8,2703.36,4300.8,1.0,0,18.0,18.0,1n-1m-46th-100bs-484520s-DENV_1-brazil-BVBRC_genome_sequence,sequana_cpu_dev,1,11541466.0,1,46,100,484520,DENV_1-brazil-BVBRC_genome_sequence,17110.74,17067.55,34178.29,112.57,112.29,224.86,224.86,152.0, sdumont6165,5229278.37
5463.0,6348,138,4075508.0,151368.0,151368.0,4075508.0,2478.08,4290.56,2478.08,4290.56,1.0,0,30.0,30.0,1n-1m-46th-100bs-484520s-DENV_1-brazil-BVBRC_genome_sequence,sequana_cpu_dev,1,11541467.0,1,46,100,484520,DENV_1-brazil-BVBRC_genome_sequence,15235.81,15359.6,30595.42,111.21,112.11,223.32,223.32,137.0, sdumont6165,4222167.96
5464.0,6256,136,4303888.0,152968.0,152968.0,4303888.0,2467.84,4290.56,2467.84,4290.56,1.0,0,25.0,25.0,1n-1m-46th-100bs-484520s-DENV_1-brazil-BVBRC_genome_sequence,sequana_cpu_dev,1,11541469.0,1,46,100,484520,DENV_1-brazil-BVBRC_genome_sequence,14920.92,15036.48,29957.4,111.35,112.21,223.56,223.56,134.0, sdumont6165,4074206.4
237.0,264,66,1236840.0,141848.0,141848.0,1236840.0,1863.68,4280.32,1863.68,4280.32,1.0,0,0.0,0.0,1n-1m-4th-100bs-377019s-DENV_1-usa-BVBRC_genome_sequence,sequana_cpu_dev,1,11541470.0,1,4,100,377019,DENV_1-usa-BVBRC_genome_sequence,4639.13,2657.82,7296.95,71.37,40.89,112.26,112.26,65.0, sdumont6165,481598.7
237.0,264,66,1236840.0,142048.0,142048.0,1236840.0,1863.68,4280.32,1863.68,4280.32,1.0,0,1.0,1.0,1n-1m-4th-100bs-377019s-DENV_1-usa-BVBRC_genome_sequence,sequana_cpu_dev,1,11541471.0,1,4,100,377019,DENV_1-usa-BVBRC_genome_sequence,4569.7,2614.5,7184.2,70.3,40.22,110.53,110.53,65.0, sdumont6165,474157.2
229.0,300,75,1236988.0,142232.0,142232.0,1236988.0,1863.68,4270.08,1863.68,4270.08,1.0,0,0.0,0.0,1n-1m-4th-100bs-377019s-DENV_1-usa-BVBRC_genome_sequence,sequana_cpu_dev,1,11541472.0,1,4,100,377019,DENV_1-usa-BVBRC_genome_sequence,5069.97,2950.11,8020.08,68.51,39.87,108.38,108.38,74.0, sdumont6165,601506.0
230.0,292,73,1236836.0,141724.0,141724.0,1236836.0,1863.68,4270.08,1863.68,4270.08,2.0,0,1.0,1.0,1n-1m-4th-100bs-377019s-DENV_1-usa-BVBRC_genome_sequence,sequana_cpu_dev,1,11541473.0,1,4,100,377019,DENV_1-usa-BVBRC_genome_sequence,5085.35,2953.19,8038.54,70.63,41.02,111.65,111.65,72.0, sdumont6165,586813.42
238.0,264,66,1242400.0,141896.0,141896.0,1242400.0,1853.44,4280.32,1853.44,4280.32,4.0,0,1.0,1.0,1n-1m-4th-100bs-377019s-DENV_1-usa-BVBRC_genome_sequence,sequana_cpu_dev,1,11541474.0,1,4,100,377019,DENV_1-usa-BVBRC_genome_sequence,4654.15,2650.89,7305.04,71.6,40.78,112.39,112.39,65.0, sdumont6165,482132.64
235.0,392,49,1506828.0,141896.0,141896.0,1506828.0,1638.4,4259.84,1638.4,4259.84,1.0,0,1.0,1.0,1n-1m-8th-100bs-377019s-DENV_1-usa-BVBRC_genome_sequence,sequana_cpu_dev,1,11541475.0,1,8,100,377019,DENV_1-usa-BVBRC_genome_sequence,4437.78,1931.11,6368.89,92.45,40.23,132.69,132.69,48.0, sdumont6165,312075.61000000004
236.0,384,48,1506828.0,144200.0,144200.0,1506828.0,1638.4,4259.84,1638.4,4259.84,1.0,0,0.0,0.0,1n-1m-8th-100bs-377019s-DENV_1-usa-BVBRC_genome_sequence,sequana_cpu_dev,1,11541476.0,1,8,100,377019,DENV_1-usa-BVBRC_genome_sequence,4449.23,1931.71,6380.94,94.66,41.1,135.76,135.76,47.0, sdumont6165,306285.12
236.0,384,48,1506712.0,141924.0,141924.0,1506712.0,1638.4,4259.84,1638.4,4259.84,1.0,0,2.0,2.0,1n-1m-8th-100bs-377019s-DENV_1-usa-BVBRC_genome_sequence,sequana_cpu_dev,1,11541477.0,1,8,100,377019,DENV_1-usa-BVBRC_genome_sequence,4406.0,1911.64,6317.64,93.74,40.67,134.42,134.42,47.0, sdumont6165,303246.72000000003
235.0,392,49,1506828.0,144116.0,144116.0,1506828.0,1638.4,4259.84,1638.4,4259.84,1.0,0,0.0,0.0,1n-1m-8th-100bs-377019s-DENV_1-usa-BVBRC_genome_sequence,sequana_cpu_dev,1,11541478.0,1,8,100,377019,DENV_1-usa-BVBRC_genome_sequence,4441.23,1931.91,6373.14,92.53,40.25,132.77,132.77,48.0, sdumont6165,312283.86000000004
232.0,456,57,1506888.0,144268.0,144268.0,1506888.0,1638.4,4249.6,1638.4,4249.6,1.0,0,4.0,4.0,1n-1m-8th-100bs-377019s-DENV_1-usa-BVBRC_genome_sequence,sequana_cpu_dev,1,11541479.0,1,8,100,377019,DENV_1-usa-BVBRC_genome_sequence,4996.57,2214.7,7211.27,89.22,39.55,128.77,128.77,56.0, sdumont6165,411042.39
295.0,470,47,1641852.0,142332.0,142332.0,1641852.0,1638.4,4259.84,1638.4,4259.84,1.0,0,4.0,4.0,1n-1m-10th-100bs-377019s-DENV_1-usa-BVBRC_genome_sequence,sequana_cpu_dev,1,11541480.0,1,10,100,377019,DENV_1-usa-BVBRC_genome_sequence,4627.49,1850.28,6477.77,102.83,41.12,143.95,143.95,45.0, sdumont6165,304455.19
295.0,450,45,1641852.0,143984.0,143984.0,1641852.0,1638.4,4259.84,1638.4,4259.84,1.0,0,4.0,4.0,1n-1m-10th-100bs-377019s-DENV_1-usa-BVBRC_genome_sequence,sequana_cpu_dev,1,11541481.0,1,10,100,377019,DENV_1-usa-BVBRC_genome_sequence,4361.03,1748.4,6109.44,99.11,39.74,138.85,138.85,44.0, sdumont6165,274924.8
295.0,450,45,1641832.0,142236.0,142236.0,1641832.0,1638.4,4259.84,1638.4,4259.84,1.0,0,7.0,7.0,1n-1m-10th-100bs-377019s-DENV_1-usa-BVBRC_genome_sequence,sequana_cpu_dev,1,11541482.0,1,10,100,377019,DENV_1-usa-BVBRC_genome_sequence,4365.91,1741.18,6107.09,99.23,39.57,138.8,138.8,44.0, sdumont6165,274819.05
295.0,460,46,1641832.0,144196.0,144196.0,1641832.0,1638.4,4259.84,1638.4,4259.84,1.0,0,1.0,1.0,1n-1m-10th-100bs-377019s-DENV_1-usa-BVBRC_genome_sequence,sequana_cpu_dev,1,11541484.0,1,10,100,377019,DENV_1-usa-BVBRC_genome_sequence,4407.19,1768.05,6175.24,97.94,39.29,137.23,137.23,45.0, sdumont6165,284061.04
295.0,460,46,1641852.0,144440.0,144440.0,1641852.0,1638.4,4259.84,1638.4,4259.84,1.0,0,2.0,2.0,1n-1m-10th-100bs-377019s-DENV_1-usa-BVBRC_genome_sequence,sequana_cpu_dev,1,11541485.0,1,10,100,377019,DENV_1-usa-BVBRC_genome_sequence,4611.16,1843.89,6455.05,102.47,40.98,143.45,143.45,45.0, sdumont6165,296932.3
407.0,812,58,1912044.0,142368.0,142368.0,1912044.0,1638.4,4249.6,1638.4,4249.6,1.0,0,7.0,7.0,1n-1m-14th-100bs-377019s-DENV_1-usa-BVBRC_genome_sequence,sequana_cpu_dev,1,11541486.0,1,14,100,377019,DENV_1-usa-BVBRC_genome_sequence,5783.1,2264.36,8047.46,101.46,39.73,141.18,141.18,57.0, sdumont6165,466752.68
412.0,658,47,1912044.0,142368.0,142368.0,1912044.0,1638.4,4259.84,1638.4,4259.84,1.0,0,14.0,14.0,1n-1m-14th-100bs-377019s-DENV_1-usa-BVBRC_genome_sequence,sequana_cpu_dev,1,11541488.0,1,14,100,377019,DENV_1-usa-BVBRC_genome_sequence,4716.56,1846.71,6563.26,102.53,40.15,142.68,142.68,46.0, sdumont6165,308473.22000000003
412.0,644,46,1912044.0,146512.0,146512.0,1912044.0,1638.4,4259.84,1638.4,4259.84,1.0,0,5.0,5.0,1n-1m-14th-100bs-377019s-DENV_1-usa-BVBRC_genome_sequence,sequana_cpu_dev,1,11541489.0,1,14,100,377019,DENV_1-usa-BVBRC_genome_sequence,4487.53,1760.28,6247.81,99.72,39.12,138.84,138.84,45.0, sdumont6165,287399.26
412.0,658,47,1912044.0,142388.0,142388.0,1912044.0,1638.4,4259.84,1638.4,4259.84,1.0,0,12.0,12.0,1n-1m-14th-100bs-377019s-DENV_1-usa-BVBRC_genome_sequence,sequana_cpu_dev,1,11541490.0,1,14,100,377019,DENV_1-usa-BVBRC_genome_sequence,4644.84,1828.54,6473.38,98.83,38.91,137.73,137.73,47.0, sdumont6165,304248.86
405.0,672,48,1912044.0,144388.0,144388.0,1912044.0,1638.4,4259.84,1638.4,4259.84,1.0,0,6.0,6.0,1n-1m-14th-100bs-377019s-DENV_1-usa-BVBRC_genome_sequence,sequana_cpu_dev,1,11541491.0,1,14,100,377019,DENV_1-usa-BVBRC_genome_sequence,4697.99,1848.0,6546.0,99.96,39.32,139.28,139.28,47.0, sdumont6165,314208.0
471.0,768,48,2047356.0,148728.0,148728.0,2047356.0,1638.4,4259.84,1638.4,4259.84,1.0,0,10.0,10.0,1n-1m-16th-100bs-377019s-DENV_1-usa-BVBRC_genome_sequence,sequana_cpu_dev,1,11541492.0,1,16,100,377019,DENV_1-usa-BVBRC_genome_sequence,4702.09,1838.06,6540.15,100.04,39.11,139.15,139.15,47.0, sdumont6165,313927.19999999995
471.0,768,48,2047356.0,142584.0,142584.0,2047356.0,1638.4,4259.84,1638.4,4259.84,1.0,0,19.0,19.0,1n-1m-16th-100bs-377019s-DENV_1-usa-BVBRC_genome_sequence,sequana_cpu_dev,1,11541493.0,1,16,100,377019,DENV_1-usa-BVBRC_genome_sequence,4977.3,1929.64,6906.95,105.9,41.06,146.96,146.96,47.0, sdumont6165,331533.6
471.0,768,48,2047356.0,144656.0,144656.0,2047356.0,1638.4,4259.84,1638.4,4259.84,1.0,0,8.0,8.0,1n-1m-16th-100bs-377019s-DENV_1-usa-BVBRC_genome_sequence,sequana_cpu_dev,1,11541494.0,1,16,100,377019,DENV_1-usa-BVBRC_genome_sequence,4781.95,1852.71,6634.65,101.74,39.42,141.16,141.16,47.0, sdumont6165,318463.19999999995
470.0,768,48,2047356.0,148492.0,148492.0,2047356.0,1638.4,4259.84,1638.4,4259.84,1.0,0,13.0,13.0,1n-1m-16th-100bs-377019s-DENV_1-usa-BVBRC_genome_sequence,sequana_cpu_dev,1,11541496.0,1,16,100,377019,DENV_1-usa-BVBRC_genome_sequence,4755.33,1849.59,6604.92,101.18,39.35,140.53,140.53,47.0, sdumont6165,317036.16000000003
471.0,768,48,2047356.0,142936.0,142936.0,2047356.0,1638.4,4259.84,1638.4,4259.84,1.0,0,18.0,18.0,1n-1m-16th-100bs-377019s-DENV_1-usa-BVBRC_genome_sequence,sequana_cpu_dev,1,11541497.0,1,16,100,377019,DENV_1-usa-BVBRC_genome_sequence,4777.46,1854.92,6632.39,103.86,40.32,144.18,144.18,46.0, sdumont6165,318354.72000000003
588.0,1000,50,2317656.0,146808.0,146808.0,2317656.0,1638.4,4259.84,1638.4,4259.84,1.0,0,12.0,12.0,1n-1m-20th-100bs-377019s-DENV_1-usa-BVBRC_genome_sequence,sequana_cpu_dev,1,11541498.0,1,20,100,377019,DENV_1-usa-BVBRC_genome_sequence,5194.86,1977.29,7172.15,106.02,40.35,146.37,146.37,49.0, sdumont6165,358607.5
587.0,1020,51,2317656.0,149204.0,149204.0,2317656.0,1638.4,4259.84,1638.4,4259.84,4.0,0,12.0,12.0,1n-1m-20th-100bs-377019s-DENV_1-usa-BVBRC_genome_sequence,sequana_cpu_dev,1,11541499.0,1,20,100,377019,DENV_1-usa-BVBRC_genome_sequence,5374.17,2006.94,7381.11,107.48,40.14,147.62,147.62,50.0, sdumont6165,376436.61
587.0,1000,50,2317656.0,145168.0,145168.0,2317656.0,1638.4,4259.84,1638.4,4259.84,1.0,0,14.0,14.0,1n-1m-20th-100bs-377019s-DENV_1-usa-BVBRC_genome_sequence,sequana_cpu_dev,1,11541500.0,1,20,100,377019,DENV_1-usa-BVBRC_genome_sequence,5179.04,1937.66,7116.69,105.69,39.54,145.24,145.24,49.0, sdumont6165,355834.5
587.0,1000,50,2317656.0,143036.0,143036.0,2317656.0,1638.4,4259.84,1638.4,4259.84,1.0,0,8.0,8.0,1n-1m-20th-100bs-377019s-DENV_1-usa-BVBRC_genome_sequence,sequana_cpu_dev,1,11541502.0,1,20,100,377019,DENV_1-usa-BVBRC_genome_sequence,5179.3,1940.36,7119.66,105.7,39.6,145.3,145.3,49.0, sdumont6165,355983.0
587.0,980,49,2317656.0,145280.0,145280.0,2317656.0,1638.4,4259.84,1638.4,4259.84,1.0,0,8.0,8.0,1n-1m-20th-100bs-377019s-DENV_1-usa-BVBRC_genome_sequence,sequana_cpu_dev,1,11541503.0,1,20,100,377019,DENV_1-usa-BVBRC_genome_sequence,5208.31,1954.05,7162.36,108.51,40.71,149.22,149.22,48.0, sdumont6165,350955.64
642.0,1276,58,2452852.0,143300.0,143300.0,2452852.0,1638.4,4249.6,1638.4,4249.6,1.0,0,24.0,24.0,1n-1m-22th-100bs-377019s-DENV_1-usa-BVBRC_genome_sequence,sequana_cpu_dev,1,11541506.0,1,22,100,377019,DENV_1-usa-BVBRC_genome_sequence,6328.83,2284.29,8613.12,111.03,40.08,151.11,151.11,57.0, sdumont6165,499560.96
646.0,1122,51,2452852.0,147204.0,147204.0,2452852.0,1638.4,4259.84,1638.4,4259.84,1.0,0,24.0,24.0,1n-1m-22th-100bs-377019s-DENV_1-usa-BVBRC_genome_sequence,sequana_cpu_dev,1,11541507.0,1,22,100,377019,DENV_1-usa-BVBRC_genome_sequence,5617.3,2053.15,7670.44,112.35,41.06,153.41,153.41,50.0, sdumont6165,391192.44
644.0,1298,59,2452848.0,145356.0,145356.0,2452848.0,1638.4,4249.6,1638.4,4249.6,1.0,0,22.0,22.0,1n-1m-22th-100bs-377019s-DENV_1-usa-BVBRC_genome_sequence,sequana_cpu_dev,1,11541508.0,1,22,100,377019,DENV_1-usa-BVBRC_genome_sequence,6313.77,2273.52,8587.28,110.77,39.89,150.65,150.65,57.0, sdumont6165,506649.52
645.0,1144,52,2452848.0,145280.0,145280.0,2452848.0,1638.4,4259.84,1638.4,4259.84,1.0,0,23.0,23.0,1n-1m-22th-100bs-377019s-DENV_1-usa-BVBRC_genome_sequence,sequana_cpu_dev,1,11541509.0,1,22,100,377019,DENV_1-usa-BVBRC_genome_sequence,5574.04,2032.13,7606.17,109.29,39.85,149.14,149.14,51.0, sdumont6165,395520.84
642.0,1210,55,2452848.0,144972.0,144972.0,2452848.0,1638.4,4249.6,1638.4,4249.6,1.0,0,14.0,14.0,1n-1m-22th-100bs-377019s-DENV_1-usa-BVBRC_genome_sequence,sequana_cpu_dev,1,11541511.0,1,22,100,377019,DENV_1-usa-BVBRC_genome_sequence,6112.31,2208.88,8321.19,113.19,40.91,154.1,154.1,54.0, sdumont6165,457665.45
1539.0,1950,75,2723352.0,146068.0,146068.0,2723352.0,1843.2,4270.08,1843.2,4270.08,1.0,0,9.0,9.0,1n-1m-26th-100bs-377019s-DENV_1-usa-BVBRC_genome_sequence,sequana_cpu_dev,1,11541513.0,1,26,100,377019,DENV_1-usa-BVBRC_genome_sequence,8132.63,4086.08,12218.71,109.9,55.22,165.12,165.12,74.0, sdumont6165,916403.25
1536.0,1638,63,2723352.0,147588.0,147588.0,2723352.0,1843.2,4290.56,1843.2,4290.56,1.0,0,24.0,24.0,1n-1m-26th-100bs-377019s-DENV_1-usa-BVBRC_genome_sequence,sequana_cpu_dev,1,11541515.0,1,26,100,377019,DENV_1-usa-BVBRC_genome_sequence,6860.39,3498.92,10359.31,110.65,56.43,167.09,167.09,62.0, sdumont6165,652636.5299999999
1537.0,1742,67,2723360.0,145352.0,145352.0,2723360.0,1843.2,4280.32,1843.2,4280.32,1.0,0,15.0,15.0,1n-1m-26th-100bs-377019s-DENV_1-usa-BVBRC_genome_sequence,sequana_cpu_dev,1,11541516.0,1,26,100,377019,DENV_1-usa-BVBRC_genome_sequence,7257.87,3679.62,10937.48,109.97,55.75,165.72,165.72,66.0, sdumont6165,732811.1599999999
1530.0,1820,70,2951436.0,151004.0,151004.0,2951436.0,1802.24,4280.32,1802.24,4280.32,1.0,0,15.0,15.0,1n-1m-26th-100bs-377019s-DENV_1-usa-BVBRC_genome_sequence,sequana_cpu_dev,1,11541517.0,1,26,100,377019,DENV_1-usa-BVBRC_genome_sequence,7908.4,3975.17,11883.57,114.61,57.61,172.23,172.23,69.0, sdumont6165,831849.9
1539.0,1638,63,2723360.0,145480.0,145480.0,2723360.0,1843.2,4290.56,1843.2,4290.56,1.0,0,10.0,10.0,1n-1m-26th-100bs-377019s-DENV_1-usa-BVBRC_genome_sequence,sequana_cpu_dev,1,11541520.0,1,26,100,377019,DENV_1-usa-BVBRC_genome_sequence,6837.26,3484.12,10321.38,112.09,57.12,169.2,169.2,61.0, sdumont6165,650246.94
1656.0,2072,74,2858392.0,145496.0,145496.0,2858392.0,1843.2,4270.08,1843.2,4270.08,1.0,0,16.0,16.0,1n-1m-28th-100bs-377019s-DENV_1-usa-BVBRC_genome_sequence,sequana_cpu_dev,1,11541523.0,1,28,100,377019,DENV_1-usa-BVBRC_genome_sequence,8167.22,4936.64,13103.86,111.88,67.63,179.5,179.5,73.0, sdumont6165,969685.64
1657.0,1848,66,2858384.0,149444.0,149444.0,2858384.0,1843.2,4280.32,1843.2,4280.32,1.0,0,20.0,20.0,1n-1m-28th-100bs-377019s-DENV_1-usa-BVBRC_genome_sequence,sequana_cpu_dev,1,11541526.0,1,28,100,377019,DENV_1-usa-BVBRC_genome_sequence,7037.59,4356.51,11394.1,106.63,66.01,172.64,172.64,66.0, sdumont6165,752010.6
13349.0,13744,859,2048056.0,150068.0,150068.0,2048056.0,2959.36,5079.04,2959.36,5079.04,67350.0,0,456.0,456.0,1n-1m-16th-1000bs-484520s-DENV_1-brazil-BVBRC_genome_sequence,sequana_cpu,1,11541528.0,1,16,1000,484520,DENV_1-brazil-BVBRC_genome_sequence,103890.28,32216.05,136106.32,121.08,37.55,158.63,158.63,858.0, sdumont6132,116915328.88
1655.0,1820,65,2858384.0,147264.0,147264.0,2858384.0,1843.2,4280.32,1843.2,4280.32,1.0,0,21.0,21.0,1n-1m-28th-100bs-377019s-DENV_1-usa-BVBRC_genome_sequence,sequana_cpu_dev,1,11541532.0,1,28,100,377019,DENV_1-usa-BVBRC_genome_sequence,7107.54,4367.27,11474.8,112.82,69.32,182.14,182.14,63.0, sdumont6165,745862.0
1657.0,1792,64,2858540.0,145564.0,145564.0,2858540.0,1843.2,4280.32,1843.2,4280.32,1.0,0,10.0,10.0,1n-1m-28th-100bs-377019s-DENV_1-usa-BVBRC_genome_sequence,sequana_cpu_dev,1,11541533.0,1,28,100,377019,DENV_1-usa-BVBRC_genome_sequence,6841.23,4231.22,11072.45,108.59,67.16,175.75,175.75,63.0, sdumont6165,708636.8
1658.0,1792,64,2858392.0,147640.0,147640.0,2858392.0,1843.2,4280.32,1843.2,4280.32,1.0,0,9.0,9.0,1n-1m-28th-100bs-377019s-DENV_1-usa-BVBRC_genome_sequence,sequana_cpu_dev,1,11541534.0,1,28,100,377019,DENV_1-usa-BVBRC_genome_sequence,6855.49,4237.9,11093.39,108.82,67.27,176.09,176.09,63.0, sdumont6165,709976.96
1894.0,2176,68,3129044.0,146208.0,146208.0,3129044.0,1843.2,4280.32,1843.2,4280.32,1.0,0,11.0,11.0,1n-1m-32th-100bs-377019s-DENV_1-usa-BVBRC_genome_sequence,sequana_cpu_dev,1,11541535.0,1,32,100,377019,DENV_1-usa-BVBRC_genome_sequence,7277.63,5876.1,13153.73,108.62,87.7,196.32,196.32,67.0, sdumont6165,894453.64
1893.0,2112,66,3128728.0,147672.0,147672.0,3128728.0,1843.2,4280.32,1843.2,4280.32,0.0,0,24.0,24.0,1n-1m-32th-100bs-377019s-DENV_1-usa-BVBRC_genome_sequence,sequana_cpu_dev,1,11541536.0,1,32,100,377019,DENV_1-usa-BVBRC_genome_sequence,7038.77,5682.8,12721.57,108.29,87.43,195.72,195.72,65.0, sdumont6165,839623.62
1894.0,2176,68,3128876.0,148012.0,148012.0,3128876.0,1843.2,4280.32,1843.2,4280.32,1.0,0,24.0,24.0,1n-1m-32th-100bs-377019s-DENV_1-usa-BVBRC_genome_sequence,sequana_cpu_dev,1,11541537.0,1,32,100,377019,DENV_1-usa-BVBRC_genome_sequence,7274.86,5878.24,13153.1,110.23,89.06,199.29,199.29,66.0, sdumont6165,894410.8
1891.0,2144,67,3128704.0,145584.0,145584.0,3128704.0,1843.2,4280.32,1843.2,4280.32,1.0,0,25.0,25.0,1n-1m-32th-100bs-377019s-DENV_1-usa-BVBRC_genome_sequence,sequana_cpu_dev,1,11541538.0,1,32,100,377019,DENV_1-usa-BVBRC_genome_sequence,7312.62,5912.04,13224.66,110.8,89.58,200.37,200.37,66.0, sdumont6165,886052.22
17336.0,17980,899,2318428.0,154412.0,154412.0,2318428.0,2990.08,5068.8,2990.08,5068.8,66825.0,0,20.0,20.0,1n-1m-20th-1000bs-484520s-DENV_1-brazil-BVBRC_genome_sequence,sequana_cpu,1,11541539.0,1,20,1000,484520,DENV_1-brazil-BVBRC_genome_sequence,105533.29,32750.75,138284.04,117.78,36.55,154.33,154.33,896.0, sdumont6138,124317351.96
1893.0,2400,75,3128900.0,145948.0,145948.0,3128900.0,1843.2,4280.32,1843.2,4280.32,1.0,0,24.0,24.0,1n-1m-32th-100bs-377019s-DENV_1-usa-BVBRC_genome_sequence,sequana_cpu_dev,1,11541540.0,1,32,100,377019,DENV_1-usa-BVBRC_genome_sequence,8264.2,6555.12,14819.32,111.68,88.58,200.26,200.26,74.0, sdumont6165,1111449.0
2011.0,2346,69,3263736.0,152080.0,152080.0,3263736.0,1843.2,4280.32,1843.2,4280.32,1.0,0,32.0,32.0,1n-1m-34th-100bs-377019s-DENV_1-usa-BVBRC_genome_sequence,sequana_cpu_dev,1,11541541.0,1,34,100,377019,DENV_1-usa-BVBRC_genome_sequence,7457.74,6559.91,14017.65,111.31,97.91,209.22,209.22,67.0, sdumont6165,967217.85
2010.0,2312,68,3263884.0,145872.0,145872.0,3263884.0,1843.2,4280.32,1843.2,4280.32,1.0,0,10.0,10.0,1n-1m-34th-100bs-377019s-DENV_1-usa-BVBRC_genome_sequence,sequana_cpu_dev,1,11541542.0,1,34,100,377019,DENV_1-usa-BVBRC_genome_sequence,7225.33,6341.37,13566.7,107.84,94.65,202.49,202.49,67.0, sdumont6165,922535.6
2012.0,4046,119,3263884.0,145744.0,145744.0,3263884.0,1843.2,4270.08,1843.2,4270.08,1.0,0,21.0,21.0,1n-1m-34th-100bs-377019s-DENV_1-usa-BVBRC_genome_sequence,sequana_cpu_dev,1,11541543.0,1,34,100,377019,DENV_1-usa-BVBRC_genome_sequence,8094.48,6952.51,15046.98,110.88,95.24,206.12,206.12,73.0, sdumont6165,1790590.62
2011.0,2312,68,3263884.0,149852.0,149852.0,3263884.0,1843.2,4280.32,1843.2,4280.32,1.0,0,34.0,34.0,1n-1m-34th-100bs-377019s-DENV_1-usa-BVBRC_genome_sequence,sequana_cpu_dev,1,11541544.0,1,34,100,377019,DENV_1-usa-BVBRC_genome_sequence,7229.32,6369.79,13599.12,106.31,93.67,199.99,199.99,68.0, sdumont6165,924740.16
2010.0,2448,72,3263884.0,147732.0,147732.0,3263884.0,1843.2,4280.32,1843.2,4280.32,1.0,0,20.0,20.0,1n-1m-34th-100bs-377019s-DENV_1-usa-BVBRC_genome_sequence,sequana_cpu_dev,1,11541545.0,1,34,100,377019,DENV_1-usa-BVBRC_genome_sequence,7720.48,6783.97,14504.45,108.74,95.55,204.29,204.29,71.0, sdumont6165,1044320.4
2243.0,3116,82,3534280.0,146272.0,146272.0,3534280.0,1843.2,4270.08,1843.2,4270.08,1.0,0,30.0,30.0,1n-1m-38th-100bs-377019s-DENV_1-usa-BVBRC_genome_sequence,sequana_cpu_dev,1,11541546.0,1,38,100,377019,DENV_1-usa-BVBRC_genome_sequence,8826.96,8031.05,16858.01,108.97,99.15,208.12,208.12,81.0, sdumont6165,1382356.8199999998
2245.0,2850,75,3534100.0,150188.0,150188.0,3534100.0,1843.2,4270.08,1843.2,4270.08,1.0,0,20.0,20.0,1n-1m-38th-100bs-377019s-DENV_1-usa-BVBRC_genome_sequence,sequana_cpu_dev,1,11541547.0,1,38,100,377019,DENV_1-usa-BVBRC_genome_sequence,8046.28,7207.98,15254.27,110.22,98.74,208.96,208.96,73.0, sdumont6165,1144070.25
17332.0,17700,885,2323988.0,155676.0,155676.0,2323988.0,3000.32,5079.04,3000.32,5079.04,65551.0,0,16.0,16.0,1n-1m-20th-1000bs-484520s-DENV_1-brazil-BVBRC_genome_sequence,sequana_cpu,1,11541548.0,1,20,1000,484520,DENV_1-brazil-BVBRC_genome_sequence,109407.85,33415.04,142822.89,123.76,37.8,161.56,161.56,884.0, sdumont6132,126398257.65
2159.0,2812,74,3534100.0,145864.0,145864.0,3534100.0,1843.2,4270.08,1843.2,4270.08,1.0,0,638.0,638.0,1n-1m-38th-100bs-377019s-DENV_1-usa-BVBRC_genome_sequence,sequana_cpu_dev,1,11541549.0,1,38,100,377019,DENV_1-usa-BVBRC_genome_sequence,8190.71,7244.52,15435.23,112.2,99.24,211.44,211.44,73.0, sdumont6255,1142207.02
2233.0,3268,86,3534248.0,150180.0,150180.0,3534248.0,1832.96,4259.84,1832.96,4259.84,1.0,0,16.0,16.0,1n-1m-38th-100bs-377019s-DENV_1-usa-BVBRC_genome_sequence,sequana_cpu_dev,1,11541550.0,1,38,100,377019,DENV_1-usa-BVBRC_genome_sequence,9795.76,8818.82,18614.58,116.62,104.99,221.6,221.6,84.0, sdumont6255,1600853.88
2162.0,3002,79,3534100.0,145912.0,145912.0,3534100.0,2211.84,4270.08,2211.84,4270.08,1.0,0,651.0,651.0,1n-1m-38th-100bs-377019s-DENV_1-usa-BVBRC_genome_sequence,sequana_cpu_dev,1,11541552.0,1,38,100,377019,DENV_1-usa-BVBRC_genome_sequence,9013.97,8179.06,17193.03,117.06,106.22,223.29,223.29,77.0, sdumont6243,1358249.37
2359.0,3360,84,3669476.0,146280.0,146280.0,3669476.0,2211.84,4270.08,2211.84,4270.08,1.0,0,32.0,32.0,1n-1m-40th-100bs-377019s-DENV_1-usa-BVBRC_genome_sequence,sequana_cpu_dev,1,11541553.0,1,40,100,377019,DENV_1-usa-BVBRC_genome_sequence,9665.79,8231.01,17896.8,117.88,100.38,218.25,218.25,82.0, sdumont6243,1503331.2
3547.0,3680,92,3669468.0,146120.0,146120.0,3669468.0,2508.8,4341.76,2508.8,4341.76,1.0,0,26.0,26.0,1n-1m-40th-100bs-377019s-DENV_1-usa-BVBRC_genome_sequence,sequana_cpu_dev,1,11541554.0,1,40,100,377019,DENV_1-usa-BVBRC_genome_sequence,10614.65,9289.79,19904.45,117.94,103.22,221.16,221.16,90.0, sdumont6243,1831209.4
2359.0,4280,107,3669476.0,146240.0,146240.0,3669476.0,2211.84,4270.08,2211.84,4270.08,1.0,0,29.0,29.0,1n-1m-40th-100bs-377019s-DENV_1-usa-BVBRC_genome_sequence,sequana_cpu_dev,1,11541555.0,1,40,100,377019,DENV_1-usa-BVBRC_genome_sequence,9085.77,7900.22,16985.99,115.01,100.0,215.01,215.01,79.0, sdumont6243,1817500.93
2357.0,3280,82,3669472.0,148068.0,148068.0,3669472.0,2211.84,4270.08,2211.84,4270.08,1.0,0,27.0,27.0,1n-1m-40th-100bs-377019s-DENV_1-usa-BVBRC_genome_sequence,sequana_cpu_dev,1,11541556.0,1,40,100,377019,DENV_1-usa-BVBRC_genome_sequence,9639.72,8200.94,17840.66,120.5,102.51,223.01,223.01,80.0, sdumont6243,1462934.12
16740.0,17280,864,2318576.0,152436.0,152436.0,2318576.0,2959.36,5068.8,2959.36,5068.8,65894.0,0,19.0,19.0,1n-1m-20th-1000bs-484520s-DENV_1-brazil-BVBRC_genome_sequence,sequana_cpu,1,11541557.0,1,20,1000,484520,DENV_1-brazil-BVBRC_genome_sequence,102405.67,35431.81,137837.48,118.66,41.06,159.72,159.72,863.0, sdumont6157,119091582.72
2358.0,3320,83,3669280.0,146056.0,146056.0,3669280.0,1832.96,4270.08,1832.96,4270.08,1.0,0,30.0,30.0,1n-1m-40th-100bs-377019s-DENV_1-usa-BVBRC_genome_sequence,sequana_cpu_dev,1,11541558.0,1,40,100,377019,DENV_1-usa-BVBRC_genome_sequence,9103.37,8546.28,17649.65,111.02,104.22,215.24,215.24,82.0, sdumont6165,1464920.9500000002
2598.0,3784,86,3939648.0,146108.0,146108.0,3939648.0,1843.2,4270.08,1843.2,4270.08,1.0,0,16.0,16.0,1n-1m-44th-100bs-377019s-DENV_1-usa-BVBRC_genome_sequence,sequana_cpu_dev,1,11541559.0,1,44,100,377019,DENV_1-usa-BVBRC_genome_sequence,9070.56,8708.85,17779.41,109.28,104.93,214.21,214.21,83.0, sdumont6165,1529029.26
2593.0,3476,79,3939648.0,145968.0,145968.0,3939648.0,1843.2,4270.08,1843.2,4270.08,0.0,0,27.0,27.0,1n-1m-44th-100bs-377019s-DENV_1-usa-BVBRC_genome_sequence,sequana_cpu_dev,1,11541560.0,1,44,100,377019,DENV_1-usa-BVBRC_genome_sequence,8554.49,8363.7,16918.18,111.1,108.62,219.72,219.72,77.0, sdumont6165,1336536.22
3897.0,4312,98,3939648.0,146240.0,146240.0,3939648.0,2068.48,4280.32,2068.48,4280.32,1.0,0,34.0,34.0,1n-1m-44th-100bs-377019s-DENV_1-usa-BVBRC_genome_sequence,sequana_cpu_dev,1,11541561.0,1,44,100,377019,DENV_1-usa-BVBRC_genome_sequence,10926.99,10730.24,21657.23,112.65,110.62,223.27,223.27,97.0, sdumont6165,2122408.54
2598.0,3652,83,3939648.0,146076.0,146076.0,3939648.0,1843.2,4270.08,1843.2,4270.08,1.0,0,20.0,20.0,1n-1m-44th-100bs-377019s-DENV_1-usa-BVBRC_genome_sequence,sequana_cpu_dev,1,11541562.0,1,44,100,377019,DENV_1-usa-BVBRC_genome_sequence,8983.15,8793.62,17776.77,109.55,107.24,216.79,216.79,82.0, sdumont6165,1475471.91
2598.0,3696,84,3939796.0,148320.0,148320.0,3939796.0,1843.2,4270.08,1843.2,4270.08,1.0,0,54.0,54.0,1n-1m-44th-100bs-377019s-DENV_1-usa-BVBRC_genome_sequence,sequana_cpu_dev,1,11541563.0,1,44,100,377019,DENV_1-usa-BVBRC_genome_sequence,9060.3,8797.06,17857.37,109.16,105.99,215.15,215.15,83.0, sdumont6165,1500019.0799999998
2624.0,3726,81,4075000.0,146320.0,146320.0,4075000.0,1843.2,4270.08,1843.2,4270.08,1.0,0,660.0,660.0,1n-1m-46th-100bs-377019s-DENV_1-usa-BVBRC_genome_sequence,sequana_cpu_dev,1,11541565.0,1,46,100,377019,DENV_1-usa-BVBRC_genome_sequence,8679.9,8388.71,17068.61,109.87,106.19,216.06,216.06,79.0, sdumont6166,1382557.41
2716.0,3818,83,4075000.0,148580.0,148580.0,4075000.0,1843.2,4270.08,1843.2,4270.08,1.0,0,30.0,30.0,1n-1m-46th-100bs-377019s-DENV_1-usa-BVBRC_genome_sequence,sequana_cpu_dev,1,11541566.0,1,46,100,377019,DENV_1-usa-BVBRC_genome_sequence,9101.19,9089.41,18190.59,112.36,112.21,224.58,224.58,81.0, sdumont6165,1509818.97
2714.0,4002,87,4074832.0,148252.0,148252.0,4074832.0,1843.2,4270.08,1843.2,4270.08,1.0,0,22.0,22.0,1n-1m-46th-100bs-377019s-DENV_1-usa-BVBRC_genome_sequence,sequana_cpu_dev,1,11541568.0,1,46,100,377019,DENV_1-usa-BVBRC_genome_sequence,9275.07,9343.51,18618.57,111.75,112.57,224.32,224.32,83.0, sdumont6165,1619815.59
2714.0,3404,74,4074832.0,150248.0,150248.0,4074832.0,1843.2,4280.32,1843.2,4280.32,1.0,0,33.0,33.0,1n-1m-46th-100bs-377019s-DENV_1-usa-BVBRC_genome_sequence,sequana_cpu_dev,1,11541569.0,1,46,100,377019,DENV_1-usa-BVBRC_genome_sequence,8072.38,8112.7,16185.08,112.12,112.68,224.79,224.79,72.0, sdumont6165,1197695.92
2714.0,3772,82,4075148.0,146420.0,146420.0,4075148.0,1843.2,4270.08,1843.2,4270.08,1.0,0,41.0,41.0,1n-1m-46th-100bs-377019s-DENV_1-usa-BVBRC_genome_sequence,sequana_cpu_dev,1,11541570.0,1,46,100,377019,DENV_1-usa-BVBRC_genome_sequence,8770.76,8812.74,17583.5,109.63,110.16,219.79,219.79,80.0, sdumont6165,1441847.0
17335.0,17580,879,2546660.0,153940.0,153940.0,2546660.0,3000.32,5089.28,3000.32,5089.28,62625.0,0,13.0,13.0,1n-1m-20th-1000bs-484520s-DENV_1-brazil-BVBRC_genome_sequence,sequana_cpu,1,11541581.0,1,20,1000,484520,DENV_1-brazil-BVBRC_genome_sequence,103450.97,35891.23,139342.2,117.83,40.88,158.7,158.7,878.0, sdumont6157,122481793.8
16744.0,17320,866,2318428.0,154820.0,154820.0,2318428.0,2959.36,5068.8,2959.36,5068.8,62989.0,0,16.0,16.0,1n-1m-20th-1000bs-484520s-DENV_1-brazil-BVBRC_genome_sequence,sequana_cpu,1,11541583.0,1,20,1000,484520,DENV_1-brazil-BVBRC_genome_sequence,102389.02,35518.04,137907.06,118.37,41.06,159.43,159.43,865.0, sdumont6157,119427513.96
19071.0,19558,889,2453584.0,156796.0,156796.0,2453584.0,2990.08,5079.04,2990.08,5079.04,63512.0,0,20.0,20.0,1n-1m-22th-1000bs-484520s-DENV_1-brazil-BVBRC_genome_sequence,sequana_cpu,1,11541585.0,1,22,1000,484520,DENV_1-brazil-BVBRC_genome_sequence,107680.03,36322.38,144002.4,121.26,40.9,162.16,162.16,888.0, sdumont6157,128018133.6
19083.0,19162,871,2453604.0,152856.0,152856.0,2453604.0,2990.08,5089.28,2990.08,5089.28,63892.0,0,21.0,21.0,1n-1m-22th-1000bs-484520s-DENV_1-brazil-BVBRC_genome_sequence,sequana_cpu,1,11541588.0,1,22,1000,484520,DENV_1-brazil-BVBRC_genome_sequence,104932.47,35522.34,140454.81,120.47,40.78,161.26,161.26,871.0, sdumont6157,122336139.51
19067.0,19756,898,2676396.0,154848.0,154848.0,2676396.0,2990.08,5068.8,2990.08,5068.8,64416.0,0,12.0,12.0,1n-1m-22th-1000bs-484520s-DENV_1-brazil-BVBRC_genome_sequence,sequana_cpu,1,11541589.0,1,22,1000,484520,DENV_1-brazil-BVBRC_genome_sequence,108854.24,36763.01,145617.25,121.35,40.98,162.34,162.34,897.0, sdumont6157,130764290.5
19077.0,19206,873,2681808.0,155968.0,155968.0,2681808.0,2990.08,5089.28,2990.08,5089.28,64795.0,0,17.0,17.0,1n-1m-22th-1000bs-484520s-DENV_1-brazil-BVBRC_genome_sequence,sequana_cpu,1,11541590.0,1,22,1000,484520,DENV_1-brazil-BVBRC_genome_sequence,106636.26,36056.3,142692.56,122.29,41.35,163.64,163.64,872.0, sdumont6157,124570604.88
19073.0,19580,890,2459292.0,153716.0,153716.0,2459292.0,2990.08,5068.8,2990.08,5068.8,65318.0,0,16.0,16.0,1n-1m-22th-1000bs-484520s-DENV_1-brazil-BVBRC_genome_sequence,sequana_cpu,1,11541591.0,1,22,1000,484520,DENV_1-brazil-BVBRC_genome_sequence,107678.31,36342.86,144021.17,121.12,40.88,162.0,162.0,889.0, sdumont6157,128178841.3
27184.0,27482,1057,2723848.0,158592.0,158592.0,2723848.0,3276.8,5089.28,3276.8,5089.28,65698.0,0,5.0,5.0,1n-1m-26th-1000bs-484520s-DENV_1-brazil-BVBRC_genome_sequence,sequana_cpu,1,11541592.0,1,26,1000,484520,DENV_1-brazil-BVBRC_genome_sequence,128863.42,62263.43,191126.85,122.26,59.07,181.33,181.33,1054.0, sdumont6157,202021080.45
27897.0,28132,1082,2729564.0,154824.0,154824.0,2729564.0,4055.04,5765.12,4055.04,5765.12,70060.0,0,520.0,520.0,1n-1m-26th-1000bs-484520s-DENV_1-brazil-BVBRC_genome_sequence,sequana_cpu,1,11541593.0,1,26,1000,484520,DENV_1-brazil-BVBRC_genome_sequence,132917.66,62611.32,195528.98,123.07,57.97,181.05,181.05,1080.0, sdumont6106,211562356.36
27144.0,27950,1075,2729568.0,159088.0,159088.0,2729568.0,3276.8,5079.04,3276.8,5079.04,69656.0,0,544.0,544.0,1n-1m-26th-1000bs-484520s-DENV_1-brazil-BVBRC_genome_sequence,sequana_cpu,1,11541594.0,1,26,1000,484520,DENV_1-brazil-BVBRC_genome_sequence,129441.52,63330.47,192771.98,120.64,59.02,179.66,179.66,1073.0, sdumont6099,207229878.5
28750.0,29432,1132,2952092.0,158172.0,158172.0,2952092.0,3379.2,5079.04,3379.2,5079.04,70403.0,0,7.0,7.0,1n-1m-26th-1000bs-484520s-DENV_1-brazil-BVBRC_genome_sequence,sequana_cpu,1,11541596.0,1,26,1000,484520,DENV_1-brazil-BVBRC_genome_sequence,137382.13,66646.69,204028.82,121.47,58.93,180.4,180.4,1131.0, sdumont6099,230960624.24
27969.0,28236,1086,2724004.0,152840.0,152840.0,2724004.0,3328.0,5089.28,3328.0,5089.28,71022.0,0,16.0,16.0,1n-1m-26th-1000bs-484520s-DENV_1-brazil-BVBRC_genome_sequence,sequana_cpu,1,11541597.0,1,26,1000,484520,DENV_1-brazil-BVBRC_genome_sequence,130633.0,63821.35,194454.35,120.4,58.82,179.22,179.22,1085.0, sdumont6099,211177424.1
29271.0,29904,1068,2859036.0,154704.0,154704.0,2859036.0,3276.8,5079.04,3276.8,5079.04,71772.0,0,19.0,19.0,1n-1m-28th-1000bs-484520s-DENV_1-brazil-BVBRC_genome_sequence,sequana_cpu,1,11541598.0,1,28,1000,484520,DENV_1-brazil-BVBRC_genome_sequence,130007.71,76372.51,206380.21,121.84,71.58,193.42,193.42,1067.0, sdumont6099,220414064.28
30117.0,30772,1099,3082000.0,154864.0,154864.0,3082000.0,3328.0,5079.04,3328.0,5079.04,72492.0,0,11.0,11.0,1n-1m-28th-1000bs-484520s-DENV_1-brazil-BVBRC_genome_sequence,sequana_cpu,1,11541600.0,1,28,1000,484520,DENV_1-brazil-BVBRC_genome_sequence,131869.08,78048.28,209917.36,120.21,71.15,191.36,191.36,1097.0, sdumont6099,230699178.64
34309.0,34888,1246,3087256.0,158336.0,158336.0,3087256.0,3553.28,5089.28,3553.28,5089.28,24867.0,0,22.0,22.0,1n-1m-28th-1000bs-484520s-DENV_1-brazil-BVBRC_genome_sequence,sequana_cpu,1,11541763.0,1,28,1000,484520,DENV_1-brazil-BVBRC_genome_sequence,151651.67,87817.42,239469.09,121.81,70.54,192.34,192.34,1245.0, sdumont6099,298378486.14
30118.0,30912,1104,2864600.0,152640.0,152640.0,2864600.0,3328.0,5079.04,3328.0,5079.04,25221.0,0,16.0,16.0,1n-1m-28th-1000bs-484520s-DENV_1-brazil-BVBRC_genome_sequence,sequana_cpu,1,11541792.0,1,28,1000,484520,DENV_1-brazil-BVBRC_genome_sequence,132304.6,78325.0,210629.59,120.06,71.08,191.13,191.13,1102.0, sdumont6099,232535067.36
30116.0,30772,1099,3081836.0,156164.0,156164.0,3081836.0,3328.0,5079.04,3328.0,5079.04,25431.0,0,22.0,22.0,1n-1m-28th-1000bs-484520s-DENV_1-brazil-BVBRC_genome_sequence,sequana_cpu,1,11541803.0,1,28,1000,484520,DENV_1-brazil-BVBRC_genome_sequence,132171.49,77801.1,209972.59,120.59,70.99,191.58,191.58,1096.0, sdumont6099,230759876.41
35366.0,35936,1123,3135140.0,153424.0,153424.0,3135140.0,3379.2,5089.28,3379.2,5089.28,24556.0,0,11.0,11.0,1n-1m-32th-1000bs-484520s-DENV_1-brazil-BVBRC_genome_sequence,sequana_cpu,1,11541823.0,1,32,1000,484520,DENV_1-brazil-BVBRC_genome_sequence,134208.45,103576.68,237785.13,119.72,92.4,212.12,212.12,1121.0, sdumont6099,267032700.99
38215.0,38816,1213,3134992.0,153072.0,153072.0,3134992.0,3522.56,5089.28,3522.56,5089.28,28526.0,0,540.0,540.0,1n-1m-32th-1000bs-484520s-DENV_1-brazil-BVBRC_genome_sequence,sequana_cpu,1,11541827.0,1,32,1000,484520,DENV_1-brazil-BVBRC_genome_sequence,144562.93,100285.04,244847.97,119.28,82.74,202.02,202.02,1212.0, sdumont6089,297000587.61
40165.0,40448,1264,3352392.0,155036.0,155036.0,3352392.0,3604.48,5099.52,3604.48,5099.52,28857.0,0,29.0,29.0,1n-1m-32th-1000bs-484520s-DENV_1-brazil-BVBRC_genome_sequence,sequana_cpu,1,11541829.0,1,32,1000,484520,DENV_1-brazil-BVBRC_genome_sequence,149636.48,103522.98,253159.46,118.48,81.97,200.44,200.44,1263.0, sdumont6089,319993557.44
39205.0,40256,1258,3352244.0,154820.0,154820.0,3352244.0,3553.28,5079.04,3553.28,5079.04,29944.0,0,20.0,20.0,1n-1m-32th-1000bs-484520s-DENV_1-brazil-BVBRC_genome_sequence,sequana_cpu,1,11541833.0,1,32,1000,484520,DENV_1-brazil-BVBRC_genome_sequence,148681.21,102751.42,251432.63,118.38,81.81,200.19,200.19,1256.0, sdumont6089,316302248.54
34414.0,35424,1107,3129580.0,155356.0,155356.0,3129580.0,3328.0,5079.04,3328.0,5079.04,30486.0,0,29.0,29.0,1n-1m-32th-1000bs-484520s-DENV_1-brazil-BVBRC_genome_sequence,sequana_cpu,1,11541842.0,1,32,1000,484520,DENV_1-brazil-BVBRC_genome_sequence,130255.72,91358.09,221613.81,117.88,82.68,200.56,200.56,1105.0, sdumont6089,245326487.67
41645.0,42432,1248,3487668.0,155360.0,155360.0,3487668.0,3553.28,5089.28,3553.28,5089.28,31433.0,0,15.0,15.0,1n-1m-34th-1000bs-484520s-DENV_1-brazil-BVBRC_genome_sequence,sequana_cpu,1,11541844.0,1,34,1000,484520,DENV_1-brazil-BVBRC_genome_sequence,147460.5,110967.23,258427.73,118.35,89.06,207.41,207.41,1246.0, sdumont6089,322517807.04
37535.0,38386,1129,3487376.0,156940.0,156940.0,3487376.0,3379.2,5079.04,3379.2,5079.04,30630.0,0,614.0,614.0,1n-1m-34th-1000bs-484520s-DENV_1-brazil-BVBRC_genome_sequence,sequana_cpu,1,11541851.0,1,34,1000,484520,DENV_1-brazil-BVBRC_genome_sequence,134679.78,109629.69,244309.48,119.5,97.28,216.78,216.78,1127.0, sdumont6244,275825402.92
38576.0,39270,1155,3270272.0,157672.0,157672.0,3270272.0,3430.4,5089.28,3430.4,5089.28,29910.0,0,435.0,435.0,1n-1m-34th-1000bs-484520s-DENV_1-brazil-BVBRC_genome_sequence,sequana_cpu,1,11541854.0,1,34,1000,484520,DENV_1-brazil-BVBRC_genome_sequence,135945.65,105118.27,241063.92,117.91,91.17,209.08,209.08,1153.0, sdumont6279,278428827.6
37532.0,38216,1124,3264560.0,155608.0,155608.0,3264560.0,3379.2,5089.28,3379.2,5089.28,31465.0,0,426.0,426.0,1n-1m-34th-1000bs-484520s-DENV_1-brazil-BVBRC_genome_sequence,sequana_cpu,1,11541856.0,1,34,1000,484520,DENV_1-brazil-BVBRC_genome_sequence,134445.34,112719.99,247165.33,119.83,100.46,220.29,220.29,1122.0, sdumont6099,277813830.92
37591.0,38624,1136,3264712.0,157592.0,157592.0,3264712.0,3379.2,5079.04,3379.2,5079.04,30991.0,0,25.0,25.0,1n-1m-34th-1000bs-484520s-DENV_1-brazil-BVBRC_genome_sequence,sequana_cpu,1,11541862.0,1,34,1000,484520,DENV_1-brazil-BVBRC_genome_sequence,140437.8,114720.78,255158.58,123.84,101.16,225.01,225.01,1134.0, sdumont6271,289860146.88
45422.0,46512,1224,3534912.0,153668.0,153668.0,3534912.0,3522.56,5079.04,3522.56,5079.04,30090.0,0,27.0,27.0,1n-1m-38th-1000bs-484520s-DENV_1-brazil-BVBRC_genome_sequence,sequana_cpu,1,11541869.0,1,38,1000,484520,DENV_1-brazil-BVBRC_genome_sequence,143939.69,119800.41,263740.1,117.69,97.96,215.65,215.65,1223.0, sdumont6272,322817882.4
47703.0,48374,1273,3757724.0,159124.0,159124.0,3757724.0,3604.48,5089.28,3604.48,5089.28,29010.0,0,52.0,52.0,1n-1m-38th-1000bs-484520s-DENV_1-brazil-BVBRC_genome_sequence,sequana_cpu,1,11541874.0,1,38,1000,484520,DENV_1-brazil-BVBRC_genome_sequence,146778.01,123979.48,270757.49,115.39,97.47,212.86,212.86,1272.0, sdumont6273,344674284.77
46567.0,47234,1243,3757728.0,155144.0,155144.0,3757728.0,3573.76,5089.28,3573.76,5089.28,28845.0,0,26.0,26.0,1n-1m-38th-1000bs-484520s-DENV_1-brazil-BVBRC_genome_sequence,sequana_cpu,1,11541878.0,1,38,1000,484520,DENV_1-brazil-BVBRC_genome_sequence,144424.42,117333.06,261757.48,116.28,94.47,210.75,210.75,1242.0, sdumont6279,325364547.64
46544.0,47158,1241,3763144.0,158904.0,158904.0,3763144.0,3553.28,5089.28,3553.28,5089.28,29194.0,0,22.0,22.0,1n-1m-38th-1000bs-484520s-DENV_1-brazil-BVBRC_genome_sequence,sequana_cpu,1,11541880.0,1,38,1000,484520,DENV_1-brazil-BVBRC_genome_sequence,144672.17,116769.49,261441.66,116.77,94.24,211.01,211.01,1239.0, sdumont6279,324449100.06
48826.0,49438,1301,3763296.0,157076.0,157076.0,3763296.0,3655.68,5089.28,3655.68,5089.28,29360.0,0,29.0,29.0,1n-1m-38th-1000bs-484520s-DENV_1-brazil-BVBRC_genome_sequence,sequana_cpu,1,11541887.0,1,38,1000,484520,DENV_1-brazil-BVBRC_genome_sequence,152960.79,121094.42,274055.2,117.84,93.29,211.14,211.14,1298.0, sdumont6279,356545815.2
54815.0,55960,1399,3670108.0,153720.0,153720.0,3670108.0,4167.68,5089.28,4167.68,5089.28,30707.0,0,621.0,621.0,1n-1m-40th-1000bs-484520s-DENV_1-brazil-BVBRC_genome_sequence,sequana_cpu,1,11541901.0,1,40,1000,484520,DENV_1-brazil-BVBRC_genome_sequence,169488.72,135163.95,304652.67,121.24,96.68,217.92,217.92,1398.0, sdumont6137,426209085.33
52467.0,53720,1343,3670104.0,155768.0,155768.0,3670104.0,3696.64,5089.28,3696.64,5089.28,30527.0,0,622.0,622.0,1n-1m-40th-1000bs-484520s-DENV_1-brazil-BVBRC_genome_sequence,sequana_cpu,1,11541903.0,1,40,1000,484520,DENV_1-brazil-BVBRC_genome_sequence,150785.65,133801.54,284587.19,112.36,99.7,212.06,212.06,1342.0, sdumont6179,382200596.17
47807.0,49200,1230,3898332.0,156476.0,156476.0,3898332.0,3522.56,5079.04,3522.56,5079.04,30830.0,0,34.0,34.0,1n-1m-40th-1000bs-484520s-DENV_1-brazil-BVBRC_genome_sequence,sequana_cpu,1,11541907.0,1,40,1000,484520,DENV_1-brazil-BVBRC_genome_sequence,137334.85,123794.31,261129.16,111.75,100.73,212.47,212.47,1229.0, sdumont6179,321188866.8
50175.0,50680,1267,3670104.0,155436.0,155436.0,3670104.0,3993.6,5089.28,3993.6,5089.28,29810.0,0,26.0,26.0,1n-1m-40th-1000bs-484520s-DENV_1-brazil-BVBRC_genome_sequence,sequana_cpu,1,11541909.0,1,40,1000,484520,DENV_1-brazil-BVBRC_genome_sequence,155116.53,123335.71,278452.24,122.52,97.42,219.95,219.95,1266.0, sdumont6137,352798988.08
51360.0,52640,1316,3670104.0,155308.0,155308.0,3670104.0,4024.32,5079.04,4024.32,5079.04,30015.0,0,32.0,32.0,1n-1m-40th-1000bs-484520s-DENV_1-brazil-BVBRC_genome_sequence,sequana_cpu,1,11541915.0,1,40,1000,484520,DENV_1-brazil-BVBRC_genome_sequence,161842.33,128425.93,290268.26,123.26,97.81,221.07,221.07,1313.0, sdumont6137,381993030.16
59159.0,59752,1358,3946024.0,156424.0,156424.0,3946024.0,4116.48,5089.28,4116.48,5089.28,30268.0,0,41.0,41.0,1n-1m-44th-1000bs-484520s-DENV_1-brazil-BVBRC_genome_sequence,sequana_cpu,1,11541919.0,1,44,1000,484520,DENV_1-brazil-BVBRC_genome_sequence,163920.62,141304.97,305225.59,120.8,104.13,224.93,224.93,1357.0, sdumont6137,414496351.22
59118.0,60280,1370,3940464.0,155836.0,155836.0,3940464.0,4116.48,5089.28,4116.48,5089.28,30376.0,0,51.0,51.0,1n-1m-44th-1000bs-484520s-DENV_1-brazil-BVBRC_genome_sequence,sequana_cpu,1,11541922.0,1,44,1000,484520,DENV_1-brazil-BVBRC_genome_sequence,167024.27,143457.69,310481.95,122.0,104.79,226.79,226.79,1369.0, sdumont6137,425360271.5
57786.0,58784,1336,3946164.0,153812.0,153812.0,3946164.0,3696.64,5089.28,3696.64,5089.28,29146.0,0,635.0,635.0,1n-1m-44th-1000bs-484520s-DENV_1-brazil-BVBRC_genome_sequence,sequana_cpu,1,11541932.0,1,44,1000,484520,DENV_1-brazil-BVBRC_genome_sequence,141757.84,150703.03,292460.87,106.27,112.97,219.24,219.24,1334.0, sdumont6112,390727722.32
60470.0,60764,1381,4168692.0,154940.0,154940.0,4168692.0,3799.04,5099.52,3799.04,5099.52,29424.0,0,44.0,44.0,1n-1m-44th-1000bs-484520s-DENV_1-brazil-BVBRC_genome_sequence,sequana_cpu,1,11541938.0,1,44,1000,484520,DENV_1-brazil-BVBRC_genome_sequence,145992.15,156193.66,302185.8,105.79,113.18,218.98,218.98,1380.0, sdumont6112,417318589.8
61740.0,62920,1430,3940464.0,156024.0,156024.0,3940464.0,4218.88,5089.28,4218.88,5089.28,28344.0,0,49.0,49.0,1n-1m-44th-1000bs-484520s-DENV_1-brazil-BVBRC_genome_sequence,sequana_cpu,1,11541942.0,1,44,1000,484520,DENV_1-brazil-BVBRC_genome_sequence,173041.38,149827.76,322869.14,121.09,104.85,225.94,225.94,1429.0, sdumont6137,461702870.2000001
64566.0,65596,1426,4081076.0,155772.0,155772.0,4081076.0,3840.0,5089.28,3840.0,5089.28,24694.0,0,20.0,20.0,1n-1m-46th-1000bs-484520s-DENV_1-brazil-BVBRC_genome_sequence,sequana_cpu,1,11541955.0,1,46,1000,484520,DENV_1-brazil-BVBRC_genome_sequence,149808.13,166009.99,315818.12,105.13,116.5,221.63,221.63,1425.0, sdumont6112,450356639.12
63187.0,64032,1392,4303744.0,156884.0,156884.0,4303744.0,4167.68,5089.28,4167.68,5089.28,23494.0,0,47.0,47.0,1n-1m-46th-1000bs-484520s-DENV_1-brazil-BVBRC_genome_sequence,sequana_cpu,1,11541963.0,1,46,1000,484520,DENV_1-brazil-BVBRC_genome_sequence,169180.26,152623.88,321804.14,121.71,109.8,231.51,231.51,1390.0, sdumont6137,447951362.88
61848.0,63250,1375,4075516.0,155648.0,155648.0,4075516.0,4116.48,5089.28,4116.48,5089.28,23633.0,0,42.0,42.0,1n-1m-46th-1000bs-484520s-DENV_1-brazil-BVBRC_genome_sequence,sequana_cpu,1,11541972.0,1,46,1000,484520,DENV_1-brazil-BVBRC_genome_sequence,167297.74,151185.89,318483.63,121.85,110.11,231.96,231.96,1373.0, sdumont6137,437914991.25
65868.0,66654,1449,4075664.0,153648.0,153648.0,4075664.0,3891.2,5099.52,3891.2,5099.52,23461.0,0,601.0,601.0,1n-1m-46th-1000bs-484520s-DENV_1-brazil-BVBRC_genome_sequence,sequana_cpu,1,11541978.0,1,46,1000,484520,DENV_1-brazil-BVBRC_genome_sequence,163210.22,159361.88,322572.1,112.79,110.13,222.92,222.92,1447.0, sdumont6179,467406972.9
65948.0,67114,1459,4081224.0,155984.0,155984.0,4081224.0,4259.84,5089.28,4259.84,5089.28,22673.0,0,52.0,52.0,1n-1m-46th-1000bs-484520s-DENV_1-brazil-BVBRC_genome_sequence,sequana_cpu,1,11541986.0,1,46,1000,484520,DENV_1-brazil-BVBRC_genome_sequence,178307.35,160627.74,338935.09,122.3,110.17,232.47,232.47,1458.0, sdumont6137,494506296.31000006
1183.0,4864,608,1114943.0,159304.0,156300.0,1121444.0,2672.64,4433.92,2959.36,4433.92,32387.0,0,120.0,245.0,4n-1m-2th-1000bs-484520s-DENV_1-brazil-BVBRC_genome_sequence,sequana_cpu,4,11542677.0,1,2,1000,484520,DENV_1-brazil-BVBRC_genome_sequence,153075.23,95908.52,248983.75,252.6,158.26,410.86,102.72,606.0, sdumont6137,151382120.0
1127.0,4624,578,1113682.0,163476.0,159719.0,1116724.0,2529.28,4433.92,2529.28,4433.92,32845.0,0,0.0,0.0,4n-1m-2th-1000bs-484520s-DENV_1-brazil-BVBRC_genome_sequence,sequana_cpu,4,11542679.0,1,2,1000,484520,DENV_1-brazil-BVBRC_genome_sequence,144134.8,89866.8,234001.6,249.8,155.75,405.55,101.39,577.0, sdumont6122,135252924.8
1126.0,4632,579,1117949.0,163228.0,157777.0,1121792.0,4874.24,4433.92,11898.88,4433.92,33280.0,0,37.0,148.0,4n-1m-2th-1000bs-484520s-DENV_1-brazil-BVBRC_genome_sequence,sequana_cpu,4,11542680.0,1,2,1000,484520,DENV_1-brazil-BVBRC_genome_sequence,139061.36,90673.51,229734.87,241.01,157.15,398.15,99.54,577.0, sdumont6282,133016489.73
1187.0,4832,604,1113785.0,159452.0,156755.0,1116724.0,2672.64,4433.92,2959.36,4433.92,33100.0,0,0.0,0.0,4n-1m-2th-1000bs-484520s-DENV_1-brazil-BVBRC_genome_sequence,sequana_cpu,4,11542684.0,1,2,1000,484520,DENV_1-brazil-BVBRC_genome_sequence,158001.17,95194.32,253195.5,262.03,157.87,419.89,104.97,603.0, sdumont6137,152930082.0
1120.0,4672,584,1174815.0,165196.0,159770.0,1338872.0,4874.24,4423.68,11898.88,4423.68,33532.0,0,0.0,0.0,4n-1m-2th-1000bs-484520s-DENV_1-brazil-BVBRC_genome_sequence,sequana_cpu,4,11542686.0,1,2,1000,484520,DENV_1-brazil-BVBRC_genome_sequence,139696.89,91392.22,231089.11,239.62,156.76,396.38,99.09,583.0, sdumont6282,134956040.23999998
12519.0,39690,441,3082962.666015625,173964.0,170486.666015625,3229548.0,2293.76,4495.36,2293.76,4505.6,18331.0,0,28.0,36.0,3n-1m-30th-1000bs-484520s-DENV_1-brazil-BVBRC_genome_sequence,sequana_cpu,3,11542687.0,1,30,1000,484520,DENV_1-brazil-BVBRC_genome_sequence,152994.05,102506.31,255500.37,347.71,232.97,580.68,193.56,440.0, sdumont6281,112675663.17
1306.0,5584,349,1247632.0,165968.0,159900.0,1250736.0,2252.8,4423.68,2529.28,4423.68,33352.0,0,0.0,1.0,4n-1m-4th-1000bs-484520s-DENV_1-brazil-BVBRC_genome_sequence,sequana_cpu,4,11542689.0,1,4,1000,484520,DENV_1-brazil-BVBRC_genome_sequence,112510.99,55011.19,167522.18,323.31,158.08,481.39,120.35,348.0, sdumont6122,58465240.82
11619.0,37620,418,3006736.0,169688.0,167586.666015625,3006744.0,2252.8,4495.36,2252.8,4505.6,18609.0,0,22.0,29.0,3n-1m-30th-1000bs-484520s-DENV_1-brazil-BVBRC_genome_sequence,sequana_cpu,3,11542690.0,1,30,1000,484520,DENV_1-brazil-BVBRC_genome_sequence,142021.03,96700.34,238721.37,340.85,232.09,572.93,190.98,416.67, sdumont6282,99785532.66
1304.0,5664,354,1247594.0,163636.0,160338.0,1250564.0,2252.8,4423.68,2529.28,4423.68,33531.0,0,0.0,1.0,4n-1m-4th-1000bs-484520s-DENV_1-brazil-BVBRC_genome_sequence,sequana_cpu,4,11542692.0,1,4,1000,484520,DENV_1-brazil-BVBRC_genome_sequence,112334.78,54904.61,167239.38,318.23,155.54,473.77,118.44,353.0, sdumont6137,59202740.52
10676.0,34290,381,3006688.0,165640.0,165550.666015625,3006896.0,2201.6,4495.36,2201.6,4495.36,21851.0,0,412.0,560.0,3n-1m-30th-1000bs-484520s-DENV_1-brazil-BVBRC_genome_sequence,sequana_cpu,3,11542693.0,1,30,1000,484520,DENV_1-brazil-BVBRC_genome_sequence,130265.97,88933.8,219199.77,344.0,234.85,578.85,192.95,378.67, sdumont6122,83515112.36999999
1302.0,5584,349,1251835.0,166076.0,160876.0,1255524.0,3553.28,4423.68,7731.2,4423.68,33566.0,0,0.0,0.0,4n-1m-4th-1000bs-484520s-DENV_1-brazil-BVBRC_genome_sequence,sequana_cpu,4,11542694.0,1,4,1000,484520,DENV_1-brazil-BVBRC_genome_sequence,101288.82,54710.6,155999.42,291.06,157.21,448.27,112.07,348.0, sdumont6281,54443797.580000006
10730.0,34920,388,3006742.666015625,171596.0,167468.0,3006868.0,2201.6,4485.12,2201.6,4495.36,22096.0,0,14.0,18.0,3n-1m-30th-1000bs-484520s-DENV_1-brazil-BVBRC_genome_sequence,sequana_cpu,3,11542695.0,1,30,1000,484520,DENV_1-brazil-BVBRC_genome_sequence,132841.84,90616.68,223458.51,343.26,234.15,577.41,192.47,387.0, sdumont6281,86701901.88000001
1304.0,5664,354,1247667.0,166032.0,160513.0,1250708.0,2252.8,4423.68,2529.28,4423.68,33540.0,0,0.0,1.0,4n-1m-4th-1000bs-484520s-DENV_1-brazil-BVBRC_genome_sequence,sequana_cpu,4,11542696.0,1,4,1000,484520,DENV_1-brazil-BVBRC_genome_sequence,112529.1,55055.64,167584.74,319.23,156.18,475.4,118.85,352.5, sdumont6137,59324997.95999999
13289.0,40608,423,3142068.0,169852.0,167921.3330078125,3142076.0,2416.64,4505.6,2672.64,4505.6,26782.0,0,555.0,588.0,3n-1m-32th-1000bs-484520s-DENV_1-brazil-BVBRC_genome_sequence,sequana_cpu,3,11542697.0,1,32,1000,484520,DENV_1-brazil-BVBRC_genome_sequence,147802.09,109803.7,257605.79,351.07,260.82,611.89,203.96,421.0, sdumont6137,108967249.17
1311.0,5408,338,1251841.0,164072.0,160092.0,1255692.0,3553.28,4423.68,7731.2,4423.68,33574.0,0,0.0,1.0,4n-1m-4th-1000bs-484520s-DENV_1-brazil-BVBRC_genome_sequence,sequana_cpu,4,11542698.0,1,4,1000,484520,DENV_1-brazil-BVBRC_genome_sequence,96507.21,51786.86,148294.07,286.37,153.67,440.04,110.01,337.0, sdumont6280,50123395.66
12406.0,39264,409,3141977.3330078125,167500.0,165702.666015625,3142096.0,2375.68,4495.36,2621.44,4505.6,27049.0,0,22.0,42.0,3n-1m-32th-1000bs-484520s-DENV_1-brazil-BVBRC_genome_sequence,sequana_cpu,3,11542699.0,1,32,1000,484520,DENV_1-brazil-BVBRC_genome_sequence,140876.06,105397.25,246273.3,346.41,259.18,605.59,201.86,406.67, sdumont6281,100725779.7
1429.0,6384,266,1382386.0,164288.0,159275.0,1385452.0,2099.2,4413.44,2375.68,4413.44,33548.0,0,0.0,2.0,4n-1m-6th-1000bs-484520s-DENV_1-brazil-BVBRC_genome_sequence,sequana_cpu,4,11542700.0,1,6,1000,484520,DENV_1-brazil-BVBRC_genome_sequence,99709.83,41341.53,141051.36,376.26,156.01,532.27,133.07,265.0, sdumont6122,37519661.76
12395.0,38784,404,3141924.0,167840.0,166998.666015625,3142252.0,2375.68,4495.36,2621.44,4505.6,27309.0,0,17.0,21.0,3n-1m-32th-1000bs-484520s-DENV_1-brazil-BVBRC_genome_sequence,sequana_cpu,3,11542701.0,1,32,1000,484520,DENV_1-brazil-BVBRC_genome_sequence,140113.07,105551.01,245664.08,348.54,262.56,611.1,203.7,402.0, sdumont6281,99248288.32
1429.0,6384,266,1386551.0,163724.0,159993.0,1390320.0,3031.04,4413.44,6103.04,4413.44,33582.0,0,1.0,2.0,4n-1m-6th-1000bs-484520s-DENV_1-brazil-BVBRC_genome_sequence,sequana_cpu,4,11542707.0,1,6,1000,484520,DENV_1-brazil-BVBRC_genome_sequence,88381.11,40567.47,128948.58,333.51,153.08,486.6,121.65,265.0, sdumont6282,34300322.28
11383.0,36672,382,3142061.3330078125,174164.0,168749.3330078125,3142220.0,2201.6,4485.12,2201.6,4485.12,30600.0,0,562.0,585.0,3n-1m-32th-1000bs-484520s-DENV_1-brazil-BVBRC_genome_sequence,sequana_cpu,3,11542708.0,1,32,1000,484520,DENV_1-brazil-BVBRC_genome_sequence,134279.61,97045.96,231325.57,353.37,255.38,608.75,202.92,380.0, sdumont6280,88366367.74000001
1428.0,6432,268,1382386.0,164060.0,160475.0,1385512.0,2099.2,4413.44,2375.68,4413.44,33463.0,0,4.0,17.0,4n-1m-6th-1000bs-484520s-DENV_1-brazil-BVBRC_genome_sequence,sequana_cpu,4,11542711.0,1,6,1000,484520,DENV_1-brazil-BVBRC_genome_sequence,101502.57,42041.2,143543.77,380.16,157.46,537.62,134.4,267.0, sdumont6137,38469730.36
12402.0,38208,398,3142021.3330078125,167688.0,166465.3330078125,3142228.0,2375.68,4505.6,2621.44,4505.6,30843.0,0,23.0,27.0,3n-1m-32th-1000bs-484520s-DENV_1-brazil-BVBRC_genome_sequence,sequana_cpu,3,11542712.0,1,32,1000,484520,DENV_1-brazil-BVBRC_genome_sequence,141237.18,100631.28,241868.46,356.66,254.12,610.78,203.59,396.0, sdumont6247,96263647.08
1424.0,6408,267,1386538.0,164228.0,158924.0,1390264.0,3031.04,4403.2,6103.04,4413.44,33504.0,0,1.0,3.0,4n-1m-6th-1000bs-484520s-DENV_1-brazil-BVBRC_genome_sequence,sequana_cpu,4,11542714.0,1,6,1000,484520,DENV_1-brazil-BVBRC_genome_sequence,91632.72,42375.88,134008.6,344.48,159.31,503.79,125.95,266.0, sdumont6280,35780296.2
13161.0,42738,419,3277237.3330078125,166052.0,165845.3330078125,3277380.0,2375.68,4485.12,2621.44,4495.36,33560.0,0,18.0,20.0,3n-1m-34th-1000bs-484520s-DENV_1-brazil-BVBRC_genome_sequence,sequana_cpu,3,11542715.0,1,34,1000,484520,DENV_1-brazil-BVBRC_genome_sequence,149886.68,117060.68,266947.36,358.58,280.05,638.63,212.88,418.0, sdumont6122,111850943.84
1428.0,6288,262,1386493.0,169932.0,161179.0,1390416.0,3031.04,4413.44,6103.04,4413.44,33599.0,0,0.0,2.0,4n-1m-6th-1000bs-484520s-DENV_1-brazil-BVBRC_genome_sequence,sequana_cpu,4,11542716.0,1,6,1000,484520,DENV_1-brazil-BVBRC_genome_sequence,88449.36,40498.2,128947.57,338.89,155.17,494.05,123.51,261.0, sdumont6282,33784263.34
13177.0,40698,399,3277081.3330078125,168036.0,167097.3330078125,3277220.0,2375.68,4505.6,2621.44,4505.6,33809.0,0,24.0,43.0,3n-1m-34th-1000bs-484520s-DENV_1-brazil-BVBRC_genome_sequence,sequana_cpu,3,11542717.0,1,34,1000,484520,DENV_1-brazil-BVBRC_genome_sequence,142664.69,111372.4,254037.09,359.05,280.29,639.35,213.12,397.33, sdumont6137,101360798.91
13177.0,42942,421,3351257.3330078125,171776.0,170450.666015625,3499756.0,2252.8,4485.12,2252.8,4495.36,33690.0,0,20.0,27.0,3n-1m-34th-1000bs-484520s-DENV_1-brazil-BVBRC_genome_sequence,sequana_cpu,3,11542718.0,1,34,1000,484520,DENV_1-brazil-BVBRC_genome_sequence,141486.46,116563.21,258049.67,337.13,277.74,614.88,204.96,419.67, sdumont6281,108638911.07
1900.0,7776,243,1521409.0,168132.0,161802.0,1525136.0,3123.2,4423.68,6103.04,4433.92,34044.0,0,2.0,4.0,4n-1m-8th-1000bs-484520s-DENV_1-brazil-BVBRC_genome_sequence,sequana_cpu,4,11542719.0,1,8,1000,484520,DENV_1-brazil-BVBRC_genome_sequence,95774.48,38651.17,134425.65,395.76,159.72,555.48,138.87,242.0, sdumont6057,32665432.95
14198.0,43656,428,3351437.3330078125,167640.0,166953.3330078125,3499944.0,2293.76,4505.6,2293.76,4505.6,33970.0,0,23.0,29.0,3n-1m-34th-1000bs-484520s-DENV_1-brazil-BVBRC_genome_sequence,sequana_cpu,3,11542721.0,1,34,1000,484520,DENV_1-brazil-BVBRC_genome_sequence,143288.63,118051.64,261340.27,335.57,276.47,612.04,204.01,427.0, sdumont6281,111853635.56
1903.0,7744,242,1521447.0,164432.0,159771.0,1525140.0,3123.2,4423.68,6103.04,4433.92,34115.0,0,1.0,2.0,4n-1m-8th-1000bs-484520s-DENV_1-brazil-BVBRC_genome_sequence,sequana_cpu,4,11542723.0,1,8,1000,484520,DENV_1-brazil-BVBRC_genome_sequence,95918.14,38615.54,134533.67,398.0,160.23,558.23,139.56,241.0, sdumont6122,32557148.140000004
14193.0,43350,425,3279209.3330078125,165864.0,163572.0,3283120.0,2293.76,4505.6,2304.0,4505.6,34225.0,0,272.0,425.0,3n-1m-34th-1000bs-484520s-DENV_1-brazil-BVBRC_genome_sequence,sequana_cpu,3,11542724.0,1,34,1000,484520,DENV_1-brazil-BVBRC_genome_sequence,143072.9,118280.75,261353.65,338.5,279.84,618.34,206.11,422.67, sdumont6280,111075301.25
1903.0,7776,243,1521463.0,168032.0,161113.0,1525356.0,3164.16,4474.88,6277.12,4597.76,34179.0,0,17.0,38.0,4n-1m-8th-1000bs-484520s-DENV_1-brazil-BVBRC_genome_sequence,sequana_cpu,4,11542725.0,1,8,1000,484520,DENV_1-brazil-BVBRC_genome_sequence,96168.62,38772.57,134941.19,398.62,160.73,559.35,139.84,241.25, sdumont6057,32790709.17
14990.0,48384,448,3417941.3330078125,170900.0,167614.666015625,3429444.0,4710.4,4495.36,9185.28,4505.6,34259.0,0,78.0,122.0,3n-1m-36th-1000bs-484520s-DENV_1-brazil-BVBRC_genome_sequence,sequana_cpu,3,11542728.0,1,36,1000,484520,DENV_1-brazil-BVBRC_genome_sequence,155644.62,128952.19,284596.81,348.2,288.48,636.68,212.23,447.0, sdumont6057,127499370.88
1891.0,7712,241,1517262.0,168196.0,161077.0,1520328.0,2099.2,4515.84,2355.2,4761.6,34460.0,0,49.0,108.0,4n-1m-8th-1000bs-484520s-DENV_1-brazil-BVBRC_genome_sequence,sequana_cpu,4,11542729.0,1,8,1000,484520,DENV_1-brazil-BVBRC_genome_sequence,92616.15,37340.85,129957.0,385.9,155.59,541.49,135.37,240.0, sdumont6282,31319637.0
15018.0,48492,449,3488446.666015625,169856.0,167605.3330078125,3640652.0,2293.76,4495.36,2304.0,4505.6,34539.0,0,16.0,20.0,3n-1m-36th-1000bs-484520s-DENV_1-brazil-BVBRC_genome_sequence,sequana_cpu,3,11542730.0,1,36,1000,484520,DENV_1-brazil-BVBRC_genome_sequence,150012.83,127561.8,277574.62,335.6,285.37,620.97,206.99,447.0, sdumont6280,124631004.38
1898.0,8032,251,1521494.0,164504.0,161318.0,1525332.0,3123.2,4423.68,6103.04,4433.92,34510.0,0,2.0,4.0,4n-1m-8th-1000bs-484520s-DENV_1-brazil-BVBRC_genome_sequence,sequana_cpu,4,11542731.0,1,8,1000,484520,DENV_1-brazil-BVBRC_genome_sequence,99732.86,40447.04,140179.91,400.53,162.44,562.97,140.74,249.0, sdumont6057,35185157.410000004
15033.0,46656,432,3417940.0,166028.0,165922.666015625,3429440.0,4720.64,4505.6,9185.28,4505.6,34612.0,0,19.0,21.0,3n-1m-36th-1000bs-484520s-DENV_1-brazil-BVBRC_genome_sequence,sequana_cpu,3,11542733.0,1,36,1000,484520,DENV_1-brazil-BVBRC_genome_sequence,152518.84,125821.39,278340.23,354.69,292.61,647.3,215.77,430.0, sdumont6137,120242979.35999998
2085.0,8720,218,1652325.0,163916.0,159536.0,1655288.0,1966.08,4423.68,1966.08,4423.68,34797.0,0,3.0,5.0,4n-1m-10th-1000bs-484520s-DENV_1-brazil-BVBRC_genome_sequence,sequana_cpu,4,11542734.0,1,10,1000,484520,DENV_1-brazil-BVBRC_genome_sequence,92059.41,34063.46,126122.88,424.24,156.97,581.21,145.3,217.0, sdumont6122,27494787.84
14932.0,46116,427,3412321.3330078125,167844.0,167305.3330078125,3412588.0,2293.76,4505.6,2304.0,4505.6,38344.0,0,609.0,638.0,3n-1m-36th-1000bs-484520s-DENV_1-brazil-BVBRC_genome_sequence,sequana_cpu,3,11542735.0,1,36,1000,484520,DENV_1-brazil-BVBRC_genome_sequence,154282.67,128601.21,282883.88,362.17,301.88,664.05,221.35,426.0, sdumont6271,120791416.76
2052.0,8960,224,1652317.0,162164.0,157432.0,1655416.0,1966.08,4413.44,1966.08,4423.68,142333.0,0,400.0,444.0,4n-1m-10th-1000bs-484520s-DENV_1-brazil-BVBRC_genome_sequence,sequana_cpu,4,11542737.0,1,10,1000,484520,DENV_1-brazil-BVBRC_genome_sequence,95736.24,33538.38,129274.62,429.31,150.4,579.71,144.93,223.0, sdumont6162,28957514.88
15031.0,46440,430,3412276.0,168008.0,167349.3330078125,3412600.0,2283.52,4505.6,2283.52,4505.6,38612.0,0,20.0,27.0,3n-1m-36th-1000bs-484520s-DENV_1-brazil-BVBRC_genome_sequence,sequana_cpu,3,11542738.0,1,36,1000,484520,DENV_1-brazil-BVBRC_genome_sequence,154591.04,128161.38,282752.42,360.35,298.74,659.1,219.7,429.0, sdumont6247,121583540.6
2082.0,8880,222,1652278.0,164388.0,159720.0,1655436.0,1966.08,4413.44,1966.08,4423.68,142401.0,0,4.0,8.0,4n-1m-10th-1000bs-484520s-DENV_1-brazil-BVBRC_genome_sequence,sequana_cpu,4,11542739.0,1,10,1000,484520,DENV_1-brazil-BVBRC_genome_sequence,97026.18,33622.64,130648.82,439.03,152.14,591.17,147.79,221.0, sdumont6128,29004038.040000003
15867.0,48792,428,3695992.0,173600.0,169736.0,3770420.0,2283.52,4505.6,2283.52,4505.6,38880.0,0,28.0,36.0,3n-1m-38th-1000bs-484520s-DENV_1-brazil-BVBRC_genome_sequence,sequana_cpu,3,11542740.0,1,38,1000,484520,DENV_1-brazil-BVBRC_genome_sequence,153869.63,129083.33,282952.96,360.35,302.3,662.65,220.88,427.0, sdumont6247,121103866.88
2088.0,8560,214,1652317.0,162132.0,158632.0,1655288.0,1966.08,4423.68,1966.08,4433.92,142469.0,0,4.0,7.0,4n-1m-10th-1000bs-484520s-DENV_1-brazil-BVBRC_genome_sequence,sequana_cpu,4,11542741.0,1,10,1000,484520,DENV_1-brazil-BVBRC_genome_sequence,92740.26,32087.14,124827.4,435.4,150.64,586.04,146.51,213.0, sdumont6128,26713063.6
16992.0,51756,454,3549196.0,167844.0,167048.0,3552860.0,2334.72,4505.6,2344.96,4505.6,39159.0,0,27.0,35.0,3n-1m-38th-1000bs-484520s-DENV_1-brazil-BVBRC_genome_sequence,sequana_cpu,3,11542745.0,1,38,1000,484520,DENV_1-brazil-BVBRC_genome_sequence,166155.05,139629.79,305784.84,366.79,308.23,675.02,225.01,453.0, sdumont6271,138826317.36
15862.0,51072,448,3549302.666015625,168252.0,166750.666015625,3553008.0,2283.52,4495.36,2283.52,4505.6,39458.0,0,26.0,31.0,3n-1m-38th-1000bs-484520s-DENV_1-brazil-BVBRC_genome_sequence,sequana_cpu,3,11542749.0,1,38,1000,484520,DENV_1-brazil-BVBRC_genome_sequence,163451.12,136795.44,300246.56,366.2,306.48,672.68,224.23,446.33, sdumont6271,134510458.88
16907.0,52326,459,3547498.666015625,169948.0,168780.0,3547608.0,2334.72,4505.6,2334.72,4505.6,52817.0,0,600.0,627.0,3n-1m-38th-1000bs-484520s-DENV_1-brazil-BVBRC_genome_sequence,sequana_cpu,3,11542751.0,1,38,1000,484520,DENV_1-brazil-BVBRC_genome_sequence,159672.32,136477.21,296149.53,348.63,297.99,646.61,215.54,458.0, sdumont6064,135932634.27
16993.0,51528,452,3547390.666015625,169992.0,168081.3330078125,3547444.0,2621.44,4730.88,3072.0,5181.44,38911.0,0,21.0,25.0,3n-1m-38th-1000bs-484520s-DENV_1-brazil-BVBRC_genome_sequence,sequana_cpu,3,11542878.0,1,38,1000,484520,DENV_1-brazil-BVBRC_genome_sequence,158080.49,134546.66,292627.15,351.29,298.99,650.28,216.76,450.0, sdumont6279,132267471.8
17904.0,56040,467,3682574.666015625,169864.0,167353.3330078125,3682780.0,2334.72,4505.6,2334.72,4505.6,38826.0,0,24.0,33.0,3n-1m-40th-1000bs-484520s-DENV_1-brazil-BVBRC_genome_sequence,sequana_cpu,3,11542883.0,1,40,1000,484520,DENV_1-brazil-BVBRC_genome_sequence,164907.79,143570.82,308478.61,354.64,308.75,663.39,221.13,465.0, sdumont6141,144059510.87
17847.0,54120,451,3690240.0,171088.0,168590.666015625,3699916.0,4792.32,4505.6,9717.76,4505.6,126871.0,0,207.0,575.0,3n-1m-40th-1000bs-484520s-DENV_1-brazil-BVBRC_genome_sequence,sequana_cpu,3,11542887.0,1,40,1000,484520,DENV_1-brazil-BVBRC_genome_sequence,150778.75,136473.62,287252.36,335.06,303.27,638.34,212.78,450.0, sdumont6046,129550814.36
17907.0,55440,462,3690156.0,170488.0,168212.0,3699620.0,4792.32,4505.6,9717.76,4505.6,123941.0,0,27.0,37.0,3n-1m-40th-1000bs-484520s-DENV_1-brazil-BVBRC_genome_sequence,sequana_cpu,3,11542894.0,1,40,1000,484520,DENV_1-brazil-BVBRC_genome_sequence,154464.75,138965.69,293430.43,336.52,302.76,639.28,213.09,459.0, sdumont6127,135564858.66
17906.0,54960,458,3690141.333007813,172480.0,168720.0,3699768.0,4792.32,4505.6,9717.76,4505.6,124072.0,0,22.0,23.0,3n-1m-40th-1000bs-484520s-DENV_1-brazil-BVBRC_genome_sequence,sequana_cpu,3,11542899.0,1,40,1000,484520,DENV_1-brazil-BVBRC_genome_sequence,154520.61,138122.48,292643.09,339.11,303.11,642.22,214.07,455.67, sdumont6046,134030535.22
16667.0,53400,445,3688278.666015625,168392.0,166914.666015625,3699596.0,4648.96,4495.36,9359.36,4495.36,119486.0,0,44.0,51.0,3n-1m-40th-1000bs-484520s-DENV_1-brazil-BVBRC_genome_sequence,sequana_cpu,3,11542913.0,1,40,1000,484520,DENV_1-brazil-BVBRC_genome_sequence,151199.36,137510.71,288710.06,340.54,309.71,650.25,216.75,444.0, sdumont6127,128475976.7
18772.0,58590,465,3823505.333007813,172424.0,170389.3330078125,3834932.0,4792.32,4495.36,9717.76,4505.6,119590.0,0,25.0,31.0,3n-1m-42th-1000bs-484520s-DENV_1-brazil-BVBRC_genome_sequence,sequana_cpu,3,11542915.0,1,42,1000,484520,DENV_1-brazil-BVBRC_genome_sequence,157674.51,142573.31,300247.81,340.55,307.93,648.48,216.16,463.0, sdumont6127,139615231.65
20040.0,60732,482,3823505.333007813,166948.0,166460.0,3835080.0,5304.32,4730.88,11008.0,5181.44,119721.0,0,33.0,41.0,3n-1m-42th-1000bs-484520s-DENV_1-brazil-BVBRC_genome_sequence,sequana_cpu,3,11542916.0,1,42,1000,484520,DENV_1-brazil-BVBRC_genome_sequence,160899.39,145581.47,306480.86,335.21,303.29,638.5,212.83,480.0, sdumont6127,147723774.51999998
2065.0,8720,218,1656520.0,164544.0,159399.0,1660284.0,2856.96,4423.68,5550.08,4423.68,116698.0,0,107.0,424.0,4n-1m-10th-1000bs-484520s-DENV_1-brazil-BVBRC_genome_sequence,sequana_cpu,4,11542922.0,1,10,1000,484520,DENV_1-brazil-BVBRC_genome_sequence,90678.84,32965.38,123644.22,417.87,151.91,569.79,142.45,217.0, sdumont6128,26954439.96
20029.0,61362,487,3823470.666015625,166656.0,165816.0,3834956.0,5007.36,4505.6,10270.72,4505.6,116855.0,0,154.0,413.0,3n-1m-42th-1000bs-484520s-DENV_1-brazil-BVBRC_genome_sequence,sequana_cpu,3,11542924.0,1,42,1000,484520,DENV_1-brazil-BVBRC_genome_sequence,164596.25,148928.81,313525.07,339.15,306.85,646.01,215.34,485.33, sdumont6127,152686709.09
20031.0,62118,493,3824532.0,172176.0,170782.666015625,3838288.0,5007.36,4505.6,10270.72,4505.6,116985.0,0,42.0,73.0,3n-1m-42th-1000bs-484520s-DENV_1-brazil-BVBRC_genome_sequence,sequana_cpu,3,11542926.0,1,42,1000,484520,DENV_1-brazil-BVBRC_genome_sequence,165852.34,149886.62,315738.97,338.47,305.89,644.37,214.79,490.0, sdumont6128,155659312.20999998
2500.0,10176,212,1791519.0,170620.0,163137.0,1795264.0,2856.96,4423.68,5550.08,4423.68,117418.0,0,30.0,104.0,4n-1m-12th-1000bs-484520s-DENV_1-brazil-BVBRC_genome_sequence,sequana_cpu,4,11542927.0,1,12,1000,484520,DENV_1-brazil-BVBRC_genome_sequence,87502.67,31541.38,119044.05,414.7,149.49,564.19,141.05,211.0, sdumont6127,25237338.6
2497.0,10704,223,1791564.0,164420.0,160855.0,1795280.0,2856.96,4423.68,5550.08,4423.68,116920.0,0,4.0,6.0,4n-1m-12th-1000bs-484520s-DENV_1-brazil-BVBRC_genome_sequence,sequana_cpu,4,11542931.0,1,12,1000,484520,DENV_1-brazil-BVBRC_genome_sequence,92500.86,32991.38,125492.25,418.56,149.28,567.84,141.96,221.0, sdumont6046,27984771.75
2495.0,10608,221,1791507.0,164280.0,160859.0,1795364.0,2856.96,4413.44,5550.08,4423.68,116985.0,0,4.0,6.0,4n-1m-12th-1000bs-484520s-DENV_1-brazil-BVBRC_genome_sequence,sequana_cpu,4,11542932.0,1,12,1000,484520,DENV_1-brazil-BVBRC_genome_sequence,92174.79,32915.04,125089.82,418.98,149.61,568.59,142.15,220.0, sdumont6090,27644850.220000003
2505.0,10224,213,1791512.0,164412.0,160919.0,1795368.0,2856.96,4423.68,5550.08,4433.92,117037.0,0,5.0,9.0,4n-1m-12th-1000bs-484520s-DENV_1-brazil-BVBRC_genome_sequence,sequana_cpu,4,11542934.0,1,12,1000,484520,DENV_1-brazil-BVBRC_genome_sequence,87771.95,31390.78,119162.73,414.02,148.07,562.09,140.52,212.0, sdumont6127,25381661.49
2478.0,11088,231,1791544.0,166416.0,160914.0,1795348.0,2856.96,4403.2,5550.08,4413.44,117071.0,0,15.0,50.0,4n-1m-12th-1000bs-484520s-DENV_1-brazil-BVBRC_genome_sequence,sequana_cpu,4,11542935.0,1,12,1000,484520,DENV_1-brazil-BVBRC_genome_sequence,96603.58,34468.83,131072.42,420.02,149.86,569.88,142.47,230.0, sdumont6127,30277729.020000003
2922.0,12152,217,1926701.0,166232.0,161957.0,1930416.0,2856.96,4423.68,5550.08,4423.68,117136.0,0,8.0,11.0,4n-1m-14th-1000bs-484520s-DENV_1-brazil-BVBRC_genome_sequence,sequana_cpu,4,11542937.0,1,14,1000,484520,DENV_1-brazil-BVBRC_genome_sequence,93617.35,32963.64,126580.98,433.41,152.61,586.02,146.51,216.0, sdumont6128,27468072.66
2918.0,12264,219,1926695.0,166504.0,160525.0,1930376.0,2856.96,4423.68,5550.08,4433.92,117202.0,0,6.0,7.0,4n-1m-14th-1000bs-484520s-DENV_1-brazil-BVBRC_genome_sequence,sequana_cpu,4,11542939.0,1,14,1000,484520,DENV_1-brazil-BVBRC_genome_sequence,93324.88,32855.54,126180.43,428.1,150.71,578.81,144.7,218.0, sdumont6128,27633514.17
2924.0,12320,220,1926697.0,166144.0,161997.0,1930384.0,2856.96,4423.68,5550.08,4433.92,117268.0,0,6.0,10.0,4n-1m-14th-1000bs-484520s-DENV_1-brazil-BVBRC_genome_sequence,sequana_cpu,4,11542940.0,1,14,1000,484520,DENV_1-brazil-BVBRC_genome_sequence,88834.09,31369.41,120203.5,419.03,147.97,567.0,141.75,212.0, sdumont6127,26444770.0
2919.0,12096,216,1926735.0,168572.0,162658.0,1930388.0,2856.96,4423.68,5550.08,4433.92,117340.0,0,5.0,9.0,4n-1m-14th-1000bs-484520s-DENV_1-brazil-BVBRC_genome_sequence,sequana_cpu,4,11542941.0,1,14,1000,484520,DENV_1-brazil-BVBRC_genome_sequence,88825.74,31332.89,120158.64,417.02,147.1,564.13,141.03,213.0, sdumont6128,25954266.24
2920.0,12096,216,1926778.0,162608.0,159001.0,1930560.0,2856.96,4423.68,5550.08,4433.92,117405.0,0,6.0,9.0,4n-1m-14th-1000bs-484520s-DENV_1-brazil-BVBRC_genome_sequence,sequana_cpu,4,11542942.0,1,14,1000,484520,DENV_1-brazil-BVBRC_genome_sequence,89891.05,31666.22,121557.26,419.52,147.8,567.32,141.83,214.25, sdumont6090,26256368.16
3340.0,13632,213,2061783.0,162536.0,160536.0,2065556.0,2856.96,4423.68,5550.08,4433.92,117471.0,0,9.0,12.0,4n-1m-16th-1000bs-484520s-DENV_1-brazil-BVBRC_genome_sequence,sequana_cpu,4,11542943.0,1,16,1000,484520,DENV_1-brazil-BVBRC_genome_sequence,89348.81,31440.03,120788.84,423.45,149.0,572.46,143.11,211.0, sdumont6046,25728022.92
3337.0,14336,224,2061805.0,166684.0,160095.0,2065556.0,2856.96,4423.68,5550.08,4423.68,117523.0,0,11.0,21.0,4n-1m-16th-1000bs-484520s-DENV_1-brazil-BVBRC_genome_sequence,sequana_cpu,4,11542944.0,1,16,1000,484520,DENV_1-brazil-BVBRC_genome_sequence,93564.95,32801.76,126366.71,419.57,147.09,566.67,141.67,223.0, sdumont6128,28306143.040000003
3341.0,14016,219,2061749.0,164728.0,160013.0,2065480.0,2856.96,4423.68,5550.08,4433.92,117588.0,0,8.0,12.0,4n-1m-16th-1000bs-484520s-DENV_1-brazil-BVBRC_genome_sequence,sequana_cpu,4,11542945.0,1,16,1000,484520,DENV_1-brazil-BVBRC_genome_sequence,93429.72,32839.22,126268.94,430.08,151.15,581.23,145.31,217.25, sdumont6127,27652897.86
18540.0,58842,467,3827113.333007813,170756.0,169194.666015625,3834780.0,4792.32,4495.36,9717.76,4495.36,184386.0,0,630.0,668.0,3n-1m-42th-1000bs-484520s-DENV_1-brazil-BVBRC_genome_sequence,sequana_cpu,3,11542946.0,1,42,1000,484520,DENV_1-brazil-BVBRC_genome_sequence,158209.25,142103.22,300312.47,340.0,305.39,645.38,215.13,465.33, sdumont6064,140245923.48999998
3307.0,14336,224,2061798.0,166512.0,161655.0,2065480.0,2856.96,4423.68,5550.08,4423.68,188326.0,0,144.0,499.0,4n-1m-16th-1000bs-484520s-DENV_1-brazil-BVBRC_genome_sequence,sequana_cpu,4,11542947.0,1,16,1000,484520,DENV_1-brazil-BVBRC_genome_sequence,95787.35,32850.86,128638.21,431.47,147.98,579.45,144.86,222.0, sdumont6089,28814959.040000003
20994.0,66924,507,3958796.0,172348.0,170861.3330078125,3970280.0,5007.36,4495.36,10270.72,4505.6,184518.0,0,28.0,34.0,3n-1m-44th-1000bs-484520s-DENV_1-brazil-BVBRC_genome_sequence,sequana_cpu,3,11542948.0,1,44,1000,484520,DENV_1-brazil-BVBRC_genome_sequence,175903.9,165249.14,341153.03,347.64,326.58,674.22,224.74,506.0, sdumont6062,172964586.21
19691.0,62040,470,3958689.333007813,174668.0,171313.3330078125,3970132.0,4792.32,4505.6,9717.76,4505.6,184867.0,0,25.0,28.0,3n-1m-44th-1000bs-484520s-DENV_1-brazil-BVBRC_genome_sequence,sequana_cpu,3,11542949.0,1,44,1000,484520,DENV_1-brazil-BVBRC_genome_sequence,160307.2,150302.77,310609.97,341.81,320.47,662.28,220.76,469.0, sdumont6062,145986685.89999998
3338.0,14016,219,2061803.0,164940.0,160143.0,2065652.0,2856.96,4423.68,5550.08,4423.68,188016.0,0,8.0,12.0,4n-1m-16th-1000bs-484520s-DENV_1-brazil-BVBRC_genome_sequence,sequana_cpu,4,11542950.0,1,16,1000,484520,DENV_1-brazil-BVBRC_genome_sequence,95718.67,32691.62,128410.29,439.08,149.96,589.04,147.26,218.0, sdumont6062,28121853.51
19677.0,62040,470,3960592.0,170776.0,168074.666015625,3970108.0,4792.32,4505.6,9717.76,4505.6,184998.0,0,31.0,44.0,3n-1m-44th-1000bs-484520s-DENV_1-brazil-BVBRC_genome_sequence,sequana_cpu,3,11542951.0,1,44,1000,484520,DENV_1-brazil-BVBRC_genome_sequence,161585.68,151836.94,313422.62,344.53,323.75,668.28,222.76,469.0, sdumont6153,147308631.4
3755.0,18936,263,2196963.0,168596.0,163377.0,2200792.0,2856.96,4413.44,5550.08,4423.68,187902.0,0,10.0,12.0,4n-1m-18th-1000bs-484520s-DENV_1-brazil-BVBRC_genome_sequence,sequana_cpu,4,11542952.0,1,18,1000,484520,DENV_1-brazil-BVBRC_genome_sequence,96136.08,32682.32,128818.4,436.51,148.39,584.9,146.22,220.25, sdumont6089,33879239.2
3752.0,16272,226,2196997.0,166892.0,161876.0,2200800.0,2856.96,4413.44,5550.08,4423.68,188016.0,0,11.0,16.0,4n-1m-18th-1000bs-484520s-DENV_1-brazil-BVBRC_genome_sequence,sequana_cpu,4,11542953.0,1,18,1000,484520,DENV_1-brazil-BVBRC_genome_sequence,97259.04,33000.86,130259.9,433.23,147.0,580.23,145.06,224.5, sdumont6062,29438737.4
20990.0,67320,510,4036033.333007813,172004.0,169817.3330078125,4181388.0,5007.36,4505.6,10270.72,4505.6,184953.0,0,32.0,39.0,3n-1m-44th-1000bs-484520s-DENV_1-brazil-BVBRC_genome_sequence,sequana_cpu,3,11542954.0,1,44,1000,484520,DENV_1-brazil-BVBRC_genome_sequence,176749.64,166503.43,343253.07,347.93,327.76,675.7,225.23,508.0, sdumont6064,175059065.70000002
21001.0,64548,489,3958641.333007813,172628.0,170633.3330078125,3970132.0,5007.36,4505.6,10260.48,4505.6,185295.0,0,26.0,37.0,3n-1m-44th-1000bs-484520s-DENV_1-brazil-BVBRC_genome_sequence,sequana_cpu,3,11542955.0,1,44,1000,484520,DENV_1-brazil-BVBRC_genome_sequence,170805.66,160955.71,331761.38,350.73,330.5,681.23,227.08,487.0, sdumont6062,162231314.82
3758.0,15840,220,2196920.0,169004.0,162297.0,2200644.0,2856.96,4423.68,5550.08,4423.68,187721.0,0,11.0,21.0,4n-1m-18th-1000bs-484520s-DENV_1-brazil-BVBRC_genome_sequence,sequana_cpu,4,11542956.0,1,18,1000,484520,DENV_1-brazil-BVBRC_genome_sequence,96188.05,32698.0,128886.05,439.21,149.31,588.52,147.13,219.0, sdumont6064,28354931.0
3745.0,16992,236,2196918.0,170988.0,163446.0,2200628.0,2856.96,4403.2,5550.08,4413.44,187786.0,0,9.0,12.0,4n-1m-18th-1000bs-484520s-DENV_1-brazil-BVBRC_genome_sequence,sequana_cpu,4,11542957.0,1,18,1000,484520,DENV_1-brazil-BVBRC_genome_sequence,101087.17,34196.86,135284.03,431.09,145.81,576.9,144.23,234.5, sdumont6089,31927031.08
20585.0,66240,480,4093922.666015625,171052.0,168285.3330078125,4105172.0,4792.32,4495.36,9717.76,4495.36,185250.0,0,30.0,44.0,3n-1m-46th-1000bs-484520s-DENV_1-brazil-BVBRC_genome_sequence,sequana_cpu,3,11542958.0,1,46,1000,484520,DENV_1-brazil-BVBRC_genome_sequence,164017.43,157992.29,322009.72,342.42,329.84,672.25,224.08,479.0, sdumont6064,154564665.6
20577.0,64722,469,4171994.666015625,171120.0,169621.3330078125,4316536.0,4792.32,4495.36,9717.76,4505.6,185579.0,0,317.0,488.0,3n-1m-46th-1000bs-484520s-DENV_1-brazil-BVBRC_genome_sequence,sequana_cpu,3,11542959.0,1,46,1000,484520,DENV_1-brazil-BVBRC_genome_sequence,160624.66,155636.69,316261.35,343.22,332.56,675.77,225.26,468.0, sdumont6064,148326573.14999998
3751.0,16416,228,2197001.0,166556.0,162199.0,2200792.0,2856.96,4413.44,5550.08,4413.44,187509.0,0,12.0,17.0,4n-1m-18th-1000bs-484520s-DENV_1-brazil-BVBRC_genome_sequence,sequana_cpu,4,11542960.0,1,18,1000,484520,DENV_1-brazil-BVBRC_genome_sequence,100904.04,34282.25,135186.29,446.48,151.69,598.17,149.54,226.0, sdumont6089,30822474.12
21948.0,66930,485,4170692.0,172188.0,170605.3330078125,4335628.0,5007.36,4505.6,10260.48,4505.6,183880.0,0,27.0,36.0,3n-1m-46th-1000bs-484520s-DENV_1-brazil-BVBRC_genome_sequence,sequana_cpu,3,11542961.0,1,46,1000,484520,DENV_1-brazil-BVBRC_genome_sequence,168444.65,159373.88,327818.54,348.75,329.97,678.71,226.24,483.0, sdumont6064,158991991.89999998
21952.0,68448,496,4169945.333007813,174752.0,171078.666015625,4316388.0,5007.36,4505.6,10260.48,4505.6,184028.0,0,28.0,29.0,3n-1m-46th-1000bs-484520s-DENV_1-brazil-BVBRC_genome_sequence,sequana_cpu,3,11542962.0,1,46,1000,484520,DENV_1-brazil-BVBRC_genome_sequence,171455.49,162154.1,333609.6,346.37,327.58,673.96,224.65,495.0, sdumont6064,165470361.6
20579.0,66516,482,4095680.0,172904.0,171266.666015625,4105172.0,5416.96,4751.36,11253.76,5201.92,184005.0,0,0.0,27.0,3n-1m-46th-1000bs-484520s-DENV_1-brazil-BVBRC_genome_sequence,sequana_cpu,3,11542963.0,1,46,1000,484520,DENV_1-brazil-BVBRC_genome_sequence,162859.33,154963.88,317823.21,340.71,324.19,664.9,221.63,478.0, sdumont6089,153190787.22
27147.0,85392,593,4305073.3330078125,170000.0,168742.666015625,4451560.0,5652.48,4505.6,11898.88,4505.6,184148.0,0,29.0,30.0,3n-1m-48th-1000bs-484520s-DENV_1-brazil-BVBRC_genome_sequence,sequana_cpu,3,11542964.0,1,48,1000,484520,DENV_1-brazil-BVBRC_genome_sequence,210002.01,207504.84,417506.85,354.73,350.51,705.25,235.08,592.0, sdumont6064,247581562.05
25749.0,79632,553,4230890.666015625,169060.0,166221.3330078125,4240472.0,5437.44,4505.6,11356.16,4505.6,184209.0,0,560.0,1180.0,3n-1m-48th-1000bs-484520s-DENV_1-brazil-BVBRC_genome_sequence,sequana_cpu,3,11542965.0,1,48,1000,484520,DENV_1-brazil-BVBRC_genome_sequence,193241.06,190483.32,383724.38,350.91,345.91,696.82,232.27,550.67, sdumont6064,212199582.14
24313.0,76608,532,4307808.0,171540.0,169853.3330078125,4470804.0,5222.4,4505.6,10813.44,4505.6,171207.0,0,63.0,91.0,3n-1m-48th-1000bs-484520s-DENV_1-brazil-BVBRC_genome_sequence,sequana_cpu,3,11542978.0,1,48,1000,484520,DENV_1-brazil-BVBRC_genome_sequence,185415.9,182723.79,368139.69,350.5,345.41,695.92,231.97,529.0, sdumont6089,195850315.08
25560.0,81648,567,4223516.0,171036.0,167716.0,4223608.0,2478.08,4505.6,2478.08,4505.6,284295.0,0,1055.0,1881.0,3n-1m-48th-1000bs-484520s-DENV_1-brazil-BVBRC_genome_sequence,sequana_cpu,3,11542981.0,1,48,1000,484520,DENV_1-brazil-BVBRC_genome_sequence,206057.55,204102.07,410159.62,364.06,360.6,724.66,241.55,566.0, sdumont6216,232560504.54
27093.0,83664,581,4299497.3330078125,167772.0,167296.0,4451704.0,2529.28,4505.6,2529.28,4505.6,284524.0,0,81.0,194.0,3n-1m-48th-1000bs-484520s-DENV_1-brazil-BVBRC_genome_sequence,sequana_cpu,3,11542982.0,1,48,1000,484520,DENV_1-brazil-BVBRC_genome_sequence,210180.27,208071.89,418252.16,363.01,359.36,722.37,240.79,579.0, sdumont6136,243004504.96
1053.0,2244,561,1108800.0,158332.0,152442.0,1114908.0,2263.04,4567.04,2263.04,4577.28,1.0,0,381.0,381.0,2n-1m-2th-1000bs-377019s-DENV_1-usa-BVBRC_genome_sequence,sequana_cpu_dev,2,11543251.0,1,2,1000,377019,DENV_1-usa-BVBRC_genome_sequence,64465.92,42831.49,107297.41,115.12,76.48,191.6,95.8,560.0, sdumont6165,60193847.010000005
1058.0,2232,558,1111604.0,158436.0,151350.0,1120476.0,2273.28,4567.04,2283.52,4577.28,1.0,0,0.0,0.0,2n-1m-2th-1000bs-377019s-DENV_1-usa-BVBRC_genome_sequence,sequana_cpu_dev,2,11543256.0,1,2,1000,377019,DENV_1-usa-BVBRC_genome_sequence,64855.02,43002.3,107857.32,116.44,77.2,193.64,96.82,557.0, sdumont6165,60184384.56
1047.0,2276,569,1111584.0,158484.0,151310.0,1120584.0,2273.28,4567.04,2283.52,4567.04,1.0,0,0.0,0.0,2n-1m-2th-1000bs-377019s-DENV_1-usa-BVBRC_genome_sequence,sequana_cpu_dev,2,11543261.0,1,2,1000,377019,DENV_1-usa-BVBRC_genome_sequence,65662.24,43699.13,109361.38,115.6,76.94,192.54,96.27,568.0, sdumont6166,62226625.220000006
1057.0,2244,561,1111580.0,158640.0,152544.0,1120568.0,2263.04,4567.04,2263.04,4577.28,1.0,0,0.0,0.0,2n-1m-2th-1000bs-377019s-DENV_1-usa-BVBRC_genome_sequence,sequana_cpu_dev,2,11543265.0,1,2,1000,377019,DENV_1-usa-BVBRC_genome_sequence,64749.93,42967.02,107716.95,116.25,77.14,193.39,96.69,557.0, sdumont6165,60429208.95
1052.0,2248,562,1111604.0,156796.0,152534.0,1120584.0,2273.28,4567.04,2283.52,4567.04,1.0,0,13.0,26.0,2n-1m-2th-1000bs-377019s-DENV_1-usa-BVBRC_genome_sequence,sequana_cpu_dev,2,11543266.0,1,2,1000,377019,DENV_1-usa-BVBRC_genome_sequence,65658.49,43705.96,109364.46,117.04,77.91,194.95,97.47,561.0, sdumont6165,61462826.52
1301.0,2744,343,1243224.0,156636.0,152620.0,1249376.0,1945.6,4567.04,1945.6,4567.04,1.0,0,0.0,0.0,2n-1m-4th-1000bs-377019s-DENV_1-usa-BVBRC_genome_sequence,sequana_cpu_dev,2,11543267.0,1,4,1000,377019,DENV_1-usa-BVBRC_genome_sequence,49121.61,26285.6,75407.22,143.63,76.86,220.49,110.24,342.0, sdumont6166,25864676.46
1289.0,2840,355,1243198.0,158920.0,153626.0,1249392.0,1945.6,4556.8,1945.6,4556.8,1.0,0,0.0,0.0,2n-1m-4th-1000bs-377019s-DENV_1-usa-BVBRC_genome_sequence,sequana_cpu_dev,2,11543268.0,1,4,1000,377019,DENV_1-usa-BVBRC_genome_sequence,50241.94,27038.59,77280.52,141.93,76.38,218.31,109.15,354.0, sdumont6165,27434584.6
1287.0,2864,358,1243198.0,162788.0,156514.0,1249392.0,1945.6,4556.8,1945.6,4556.8,1.0,0,0.0,0.0,2n-1m-4th-1000bs-377019s-DENV_1-usa-BVBRC_genome_sequence,sequana_cpu_dev,2,11543269.0,1,4,1000,377019,DENV_1-usa-BVBRC_genome_sequence,51071.36,27485.28,78556.64,143.06,76.99,220.05,110.02,357.0, sdumont6166,28123277.12
1288.0,2848,356,1243250.0,156900.0,151626.0,1249400.0,1945.6,4556.8,1945.6,4556.8,1.0,0,1.0,1.0,2n-1m-4th-1000bs-377019s-DENV_1-usa-BVBRC_genome_sequence,sequana_cpu_dev,2,11543270.0,1,4,1000,377019,DENV_1-usa-BVBRC_genome_sequence,50202.08,27076.9,77278.98,141.41,76.27,217.69,108.84,355.0, sdumont6166,27511316.88
1289.0,2848,356,1243184.0,157004.0,150606.0,1249392.0,1945.6,4556.8,1945.6,4556.8,1.0,0,0.0,1.0,2n-1m-4th-1000bs-377019s-DENV_1-usa-BVBRC_genome_sequence,sequana_cpu_dev,2,11543272.0,1,4,1000,377019,DENV_1-usa-BVBRC_genome_sequence,50373.86,27070.92,77444.78,141.9,76.26,218.15,109.08,355.0, sdumont6166,27570341.68
1592.0,3624,302,1378088.0,158864.0,152852.0,1384168.0,1843.2,4567.04,1853.44,4567.04,1.0,0,0.0,0.0,2n-1m-6th-1000bs-377019s-DENV_1-usa-BVBRC_genome_sequence,sequana_cpu_dev,2,11543273.0,1,6,1000,377019,DENV_1-usa-BVBRC_genome_sequence,47338.01,21519.1,68857.11,167.87,76.31,244.17,122.09,282.0, sdumont6165,20794847.22
1597.0,3396,283,1378230.0,162948.0,155836.0,1384456.0,1843.2,4567.04,1853.44,4577.28,1.0,0,0.0,1.0,2n-1m-6th-1000bs-377019s-DENV_1-usa-BVBRC_genome_sequence,sequana_cpu_dev,2,11543274.0,1,6,1000,377019,DENV_1-usa-BVBRC_genome_sequence,47459.3,21479.63,68938.94,168.3,76.17,244.46,122.23,282.0, sdumont6166,19509720.02
1595.0,3384,282,1378224.0,158916.0,151780.0,1384284.0,1843.2,4567.04,1853.44,4567.04,1.0,0,1.0,2.0,2n-1m-6th-1000bs-377019s-DENV_1-usa-BVBRC_genome_sequence,sequana_cpu_dev,2,11543277.0,1,6,1000,377019,DENV_1-usa-BVBRC_genome_sequence,47430.4,21501.51,68931.91,168.79,76.52,245.31,122.65,281.0, sdumont6165,19438798.62
1586.0,3516,293,1378298.0,165620.0,155314.0,1384432.0,1843.2,4556.8,1853.44,4556.8,1.0,0,1.0,2.0,2n-1m-6th-1000bs-377019s-DENV_1-usa-BVBRC_genome_sequence,sequana_cpu_dev,2,11543281.0,1,6,1000,377019,DENV_1-usa-BVBRC_genome_sequence,48890.94,22317.58,71208.51,168.01,76.69,244.7,122.35,291.0, sdumont6165,20864093.43
1596.0,3348,279,1378080.0,158992.0,152694.0,1384244.0,1853.44,4567.04,1853.44,4577.28,1.0,0,1.0,3.0,2n-1m-6th-1000bs-377019s-DENV_1-usa-BVBRC_genome_sequence,sequana_cpu_dev,2,11543283.0,1,6,1000,377019,DENV_1-usa-BVBRC_genome_sequence,47576.4,21584.92,69161.32,171.14,77.64,248.78,124.39,278.0, sdumont6165,19296008.28
1896.0,4864,304,1513136.0,158908.0,153750.0,1519284.0,1792.0,4556.8,1802.24,4567.04,1.0,0,0.0,0.0,2n-1m-8th-1000bs-377019s-DENV_1-usa-BVBRC_genome_sequence,sequana_cpu_dev,2,11543285.0,1,8,1000,377019,DENV_1-usa-BVBRC_genome_sequence,48761.29,19843.67,68604.96,190.47,77.51,267.99,133.99,256.0, sdumont6165,20855907.840000004
2113.0,4416,276,1513122.0,160864.0,154832.0,1519272.0,1843.2,4577.28,1853.44,4577.28,1.0,0,2.0,2.0,2n-1m-8th-1000bs-377019s-DENV_1-usa-BVBRC_genome_sequence,sequana_cpu_dev,2,11543287.0,1,8,1000,377019,DENV_1-usa-BVBRC_genome_sequence,52255.83,21499.98,73755.81,190.02,78.18,268.2,134.1,275.0, sdumont6166,20356603.56
1887.0,4272,267,1513130.0,162856.0,155858.0,1519272.0,1802.24,4546.56,1802.24,4546.56,1.0,0,0.0,1.0,2n-1m-8th-1000bs-377019s-DENV_1-usa-BVBRC_genome_sequence,sequana_cpu_dev,2,11543289.0,1,8,1000,377019,DENV_1-usa-BVBRC_genome_sequence,50718.44,20748.57,71467.01,190.67,78.0,268.67,134.34,266.0, sdumont6165,19081691.67
1890.0,4160,260,1513132.0,161156.0,154846.0,1519284.0,1802.24,4546.56,1802.24,4556.8,1.0,0,0.0,0.0,2n-1m-8th-1000bs-377019s-DENV_1-usa-BVBRC_genome_sequence,sequana_cpu_dev,2,11543291.0,1,8,1000,377019,DENV_1-usa-BVBRC_genome_sequence,48740.58,19947.53,68688.11,188.19,77.02,265.21,132.6,259.0, sdumont6166,17858908.6
1894.0,4144,259,1513126.0,160868.0,155016.0,1519260.0,1802.24,4556.8,1802.24,4556.8,1.0,0,1.0,2.0,2n-1m-8th-1000bs-377019s-DENV_1-usa-BVBRC_genome_sequence,sequana_cpu_dev,2,11543293.0,1,8,1000,377019,DENV_1-usa-BVBRC_genome_sequence,48709.44,19928.29,68637.73,188.8,77.24,266.04,133.02,258.0, sdumont6165,17777172.07
2369.0,4860,243,1648338.0,161040.0,154980.0,1654552.0,1802.24,4577.28,1802.24,4577.28,1.0,0,3.0,3.0,2n-1m-10th-1000bs-377019s-DENV_1-usa-BVBRC_genome_sequence,sequana_cpu_dev,2,11543294.0,1,10,1000,377019,DENV_1-usa-BVBRC_genome_sequence,48861.79,18378.24,67240.04,202.75,76.26,279.0,139.5,241.0, sdumont6166,16339329.72
2371.0,5000,250,1648262.0,161632.0,154332.0,1654420.0,1802.24,4567.04,1802.24,4577.28,1.0,0,3.0,4.0,2n-1m-10th-1000bs-377019s-DENV_1-usa-BVBRC_genome_sequence,sequana_cpu_dev,2,11543295.0,1,10,1000,377019,DENV_1-usa-BVBRC_genome_sequence,50805.07,19136.8,69941.87,204.04,76.85,280.89,140.45,249.0, sdumont6165,17485467.5
2371.0,4900,245,1648264.0,161080.0,157052.0,1654404.0,1802.24,4577.28,1802.24,4577.28,1.0,0,2.0,4.0,2n-1m-10th-1000bs-377019s-DENV_1-usa-BVBRC_genome_sequence,sequana_cpu_dev,2,11543296.0,1,10,1000,377019,DENV_1-usa-BVBRC_genome_sequence,48756.74,18366.06,67122.8,199.82,75.27,275.09,137.55,244.0, sdumont6166,16445086.0
2373.0,4900,245,1648258.0,165760.0,158266.0,1654416.0,1802.24,4577.28,1802.24,4577.28,1.0,0,5.0,6.0,2n-1m-10th-1000bs-377019s-DENV_1-usa-BVBRC_genome_sequence,sequana_cpu_dev,2,11543297.0,1,10,1000,377019,DENV_1-usa-BVBRC_genome_sequence,48732.11,18320.24,67052.35,199.72,75.08,274.8,137.4,244.0, sdumont6166,16427825.750000002
2376.0,4880,244,1648336.0,159208.0,153940.0,1654568.0,1802.24,4577.28,1802.24,4577.28,1.0,0,2.0,3.0,2n-1m-10th-1000bs-377019s-DENV_1-usa-BVBRC_genome_sequence,sequana_cpu_dev,2,11543299.0,1,10,1000,377019,DENV_1-usa-BVBRC_genome_sequence,48845.69,18406.81,67252.5,201.84,76.06,277.9,138.95,242.0, sdumont6165,16409610.0
2847.0,5976,249,1783430.0,163084.0,155070.0,1789504.0,1802.24,4567.04,1802.24,4577.28,1.0,0,6.0,7.0,2n-1m-12th-1000bs-377019s-DENV_1-usa-BVBRC_genome_sequence,sequana_cpu_dev,2,11543301.0,1,12,1000,377019,DENV_1-usa-BVBRC_genome_sequence,52009.99,19212.78,71222.78,209.72,77.47,287.19,143.59,248.0, sdumont6166,17734472.22
2850.0,5952,248,1783360.0,158936.0,153974.0,1789508.0,1802.24,4577.28,1802.24,4577.28,1.0,0,6.0,8.0,2n-1m-12th-1000bs-377019s-DENV_1-usa-BVBRC_genome_sequence,sequana_cpu_dev,2,11543302.0,1,12,1000,377019,DENV_1-usa-BVBRC_genome_sequence,52104.27,19211.75,71316.01,210.95,77.78,288.73,144.36,247.0, sdumont6166,17686370.48
2848.0,6096,254,1783358.0,159172.0,155076.0,1789504.0,1802.24,4567.04,1802.24,4577.28,1.0,0,8.0,9.0,2n-1m-12th-1000bs-377019s-DENV_1-usa-BVBRC_genome_sequence,sequana_cpu_dev,2,11543304.0,1,12,1000,377019,DENV_1-usa-BVBRC_genome_sequence,51772.18,19176.76,70948.95,204.63,75.8,280.43,140.22,253.0, sdumont6166,18021033.3
2852.0,5904,246,1783358.0,159152.0,154988.0,1789508.0,1802.24,4577.28,1802.24,4577.28,1.0,0,7.0,8.0,2n-1m-12th-1000bs-377019s-DENV_1-usa-BVBRC_genome_sequence,sequana_cpu_dev,2,11543306.0,1,12,1000,377019,DENV_1-usa-BVBRC_genome_sequence,51782.34,19253.95,71036.3,211.36,78.59,289.94,144.97,245.0, sdumont6166,17474929.8
2849.0,5904,246,1783360.0,159148.0,154098.0,1789508.0,1802.24,4577.28,1802.24,4577.28,1.0,0,6.0,7.0,2n-1m-12th-1000bs-377019s-DENV_1-usa-BVBRC_genome_sequence,sequana_cpu_dev,2,11543307.0,1,12,1000,377019,DENV_1-usa-BVBRC_genome_sequence,50733.6,18808.42,69542.02,207.08,76.77,283.84,141.92,245.0, sdumont6165,17107336.92
3330.0,7028,251,1918512.0,163168.0,156192.0,1924648.0,1792.0,4567.04,1802.24,4567.04,1.0,0,7.0,9.0,2n-1m-14th-1000bs-377019s-DENV_1-usa-BVBRC_genome_sequence,sequana_cpu_dev,2,11543308.0,1,14,1000,377019,DENV_1-usa-BVBRC_genome_sequence,52745.38,19400.2,72145.58,210.98,77.6,288.58,144.29,250.0, sdumont6166,18108540.58
3328.0,7056,252,1918584.0,159508.0,154314.0,1924664.0,1802.24,4567.04,1802.24,4567.04,1.0,0,14.0,16.0,2n-1m-14th-1000bs-377019s-DENV_1-usa-BVBRC_genome_sequence,sequana_cpu_dev,2,11543309.0,1,14,1000,377019,DENV_1-usa-BVBRC_genome_sequence,52186.6,19206.09,71392.7,207.91,76.52,284.43,142.22,251.0, sdumont6165,17990960.4
3324.0,7224,258,1918518.0,163044.0,156108.0,1924660.0,1802.24,4556.8,1802.24,4567.04,1.0,0,7.0,8.0,2n-1m-14th-1000bs-377019s-DENV_1-usa-BVBRC_genome_sequence,sequana_cpu_dev,2,11543314.0,1,14,1000,377019,DENV_1-usa-BVBRC_genome_sequence,54466.29,20082.14,74548.42,211.93,78.14,290.07,145.04,257.0, sdumont6165,19233492.36
3327.0,7056,252,1918586.0,161224.0,155114.0,1924820.0,1802.24,4567.04,1802.24,4567.04,1.0,0,8.0,9.0,2n-1m-14th-1000bs-377019s-DENV_1-usa-BVBRC_genome_sequence,sequana_cpu_dev,2,11543319.0,1,14,1000,377019,DENV_1-usa-BVBRC_genome_sequence,52252.53,19241.37,71493.9,208.18,76.66,284.84,142.42,251.0, sdumont6165,18016462.8
4458.0,9968,356,1918524.0,163720.0,156504.0,1924672.0,1925.12,4546.56,1945.6,4556.8,2.0,0,229.0,450.0,2n-1m-14th-1000bs-377019s-DENV_1-usa-BVBRC_genome_sequence,sequana_cpu_dev,2,11543322.0,1,14,1000,377019,DENV_1-usa-BVBRC_genome_sequence,79542.02,29074.48,108616.5,224.06,81.9,305.96,152.98,355.0, sdumont6167,38667474.0
3803.0,8480,265,2053668.0,159208.0,153190.0,2059788.0,1802.24,4556.8,1802.24,4567.04,1.0,0,15.0,15.0,2n-1m-16th-1000bs-377019s-DENV_1-usa-BVBRC_genome_sequence,sequana_cpu_dev,2,11543325.0,1,16,1000,377019,DENV_1-usa-BVBRC_genome_sequence,58056.26,21107.46,79163.72,220.75,80.26,301.0,150.5,263.0, sdumont6167,20978385.8
3806.0,8192,256,2053690.0,165284.0,157250.0,2059836.0,1802.24,4556.8,1802.24,4567.04,1.0,0,13.0,20.0,2n-1m-16th-1000bs-377019s-DENV_1-usa-BVBRC_genome_sequence,sequana_cpu_dev,2,11543327.0,1,16,1000,377019,DENV_1-usa-BVBRC_genome_sequence,52918.53,19298.28,72216.81,207.93,75.82,283.75,141.88,254.5, sdumont6166,18487503.36
3809.0,8384,262,2053758.0,163372.0,156276.0,2059988.0,1802.24,4556.8,1802.24,4556.8,1.0,0,11.0,16.0,2n-1m-16th-1000bs-377019s-DENV_1-usa-BVBRC_genome_sequence,sequana_cpu_dev,2,11543330.0,1,16,1000,377019,DENV_1-usa-BVBRC_genome_sequence,54697.35,20100.55,74797.91,209.57,77.01,286.58,143.29,261.0, sdumont6165,19597052.42
3808.0,8064,252,2053766.0,163576.0,155350.0,2059988.0,1802.24,4567.04,1802.24,4567.04,1.0,0,10.0,11.0,2n-1m-16th-1000bs-377019s-DENV_1-usa-BVBRC_genome_sequence,sequana_cpu_dev,2,11543332.0,1,16,1000,377019,DENV_1-usa-BVBRC_genome_sequence,53049.26,19255.3,72304.56,211.35,76.71,288.07,144.03,251.0, sdumont6166,18220749.12
3806.0,8064,252,2053690.0,159268.0,154264.0,2059836.0,1802.24,4567.04,1802.24,4567.04,2.0,0,9.0,10.0,2n-1m-16th-1000bs-377019s-DENV_1-usa-BVBRC_genome_sequence,sequana_cpu_dev,2,11543335.0,1,16,1000,377019,DENV_1-usa-BVBRC_genome_sequence,53192.01,19249.31,72441.32,211.92,76.69,288.61,144.31,251.0, sdumont6166,18255212.64
4816.0,9864,274,2188856.0,167620.0,157422.0,2195000.0,1843.2,4577.28,1853.44,4577.28,1.0,0,12.0,17.0,2n-1m-18th-1000bs-377019s-DENV_1-usa-BVBRC_genome_sequence,sequana_cpu_dev,2,11543337.0,1,18,1000,377019,DENV_1-usa-BVBRC_genome_sequence,57324.8,20789.11,78113.92,209.98,76.15,286.13,143.07,273.0, sdumont6166,21403214.08
4285.0,9612,267,2188792.0,163860.0,157594.0,2195000.0,1802.24,4546.56,1802.24,4556.8,1.0,0,14.0,17.0,2n-1m-18th-1000bs-377019s-DENV_1-usa-BVBRC_genome_sequence,sequana_cpu_dev,2,11543340.0,1,18,1000,377019,DENV_1-usa-BVBRC_genome_sequence,57439.27,20808.89,78248.16,216.34,78.37,294.71,147.36,265.5, sdumont6165,20892258.720000003
4287.0,9504,264,2188866.0,159596.0,154358.0,2195148.0,1802.24,4546.56,1802.24,4556.8,1.0,0,21.0,22.0,2n-1m-18th-1000bs-377019s-DENV_1-usa-BVBRC_genome_sequence,sequana_cpu_dev,2,11543343.0,1,18,1000,377019,DENV_1-usa-BVBRC_genome_sequence,55200.67,20069.47,75270.14,209.89,76.31,286.2,143.1,263.0, sdumont6165,19871316.96
4285.0,9468,263,2188790.0,159488.0,154168.0,2194996.0,1802.24,4546.56,1802.24,4556.8,1.0,0,13.0,14.0,2n-1m-18th-1000bs-377019s-DENV_1-usa-BVBRC_genome_sequence,sequana_cpu_dev,2,11543346.0,1,18,1000,377019,DENV_1-usa-BVBRC_genome_sequence,55093.09,20026.46,75119.55,210.28,76.44,286.72,143.36,262.0, sdumont6166,19756441.65
4284.0,9540,265,2188938.0,165812.0,159578.0,2195144.0,1802.24,4546.56,1802.24,4546.56,1.0,0,14.0,19.0,2n-1m-18th-1000bs-377019s-DENV_1-usa-BVBRC_genome_sequence,sequana_cpu_dev,2,11543348.0,1,18,1000,377019,DENV_1-usa-BVBRC_genome_sequence,55061.57,20048.04,75109.61,208.57,75.94,284.51,142.25,264.0, sdumont6165,19904046.65
4762.0,10480,262,2323980.0,161572.0,154438.0,2330200.0,1802.24,4546.56,1802.24,4556.8,1.0,0,15.0,16.0,2n-1m-20th-1000bs-377019s-DENV_1-usa-BVBRC_genome_sequence,sequana_cpu_dev,2,11543350.0,1,20,1000,377019,DENV_1-usa-BVBRC_genome_sequence,57168.32,20046.72,77215.04,219.04,76.81,295.84,147.92,261.0, sdumont6165,20230340.48
5357.0,11080,277,2323906.0,164136.0,157030.0,2330052.0,1843.2,4567.04,1853.44,4577.28,1.0,0,20.0,24.0,2n-1m-20th-1000bs-377019s-DENV_1-usa-BVBRC_genome_sequence,sequana_cpu_dev,2,11543352.0,1,20,1000,377019,DENV_1-usa-BVBRC_genome_sequence,59663.27,20912.48,80575.76,216.17,75.77,291.94,145.97,276.0, sdumont6165,22319485.52
5349.0,11120,278,2323906.0,159436.0,153286.0,2330052.0,1853.44,4577.28,1853.44,4577.28,1.0,0,18.0,22.0,2n-1m-20th-1000bs-377019s-DENV_1-usa-BVBRC_genome_sequence,sequana_cpu_dev,2,11543355.0,1,20,1000,377019,DENV_1-usa-BVBRC_genome_sequence,62045.45,21656.07,83701.52,223.99,78.18,302.17,151.09,277.0, sdumont6165,23269022.56
4763.0,10520,263,2323906.0,159660.0,153472.0,2330052.0,1802.24,4546.56,1802.24,4556.8,1.0,0,22.0,34.0,2n-1m-20th-1000bs-377019s-DENV_1-usa-BVBRC_genome_sequence,sequana_cpu_dev,2,11543358.0,1,20,1000,377019,DENV_1-usa-BVBRC_genome_sequence,57290.15,20096.32,77386.48,218.66,76.7,295.37,147.68,262.0, sdumont6166,20352644.24
5350.0,11040,276,2323906.0,159560.0,153584.0,2330052.0,1853.44,4577.28,1853.44,4577.28,1.0,0,21.0,23.0,2n-1m-20th-1000bs-377019s-DENV_1-usa-BVBRC_genome_sequence,sequana_cpu_dev,2,11543360.0,1,20,1000,377019,DENV_1-usa-BVBRC_genome_sequence,59851.29,20869.34,80720.62,217.64,75.89,293.53,146.76,275.0, sdumont6166,22278891.12
5898.0,11968,272,2459156.0,165780.0,158556.0,2465380.0,1843.2,4577.28,1853.44,4577.28,0.0,0,25.0,27.0,2n-1m-22th-1000bs-377019s-DENV_1-usa-BVBRC_genome_sequence,sequana_cpu_dev,2,11543362.0,1,22,1000,377019,DENV_1-usa-BVBRC_genome_sequence,61338.1,20906.86,82244.96,226.34,77.15,303.49,151.74,271.0, sdumont6165,22370629.12
5241.0,11792,268,2459078.0,166068.0,157768.0,2465224.0,1802.24,4546.56,1802.24,4546.56,1.0,0,20.0,21.0,2n-1m-22th-1000bs-377019s-DENV_1-usa-BVBRC_genome_sequence,sequana_cpu_dev,2,11543363.0,1,22,1000,377019,DENV_1-usa-BVBRC_genome_sequence,61162.01,20893.88,82055.89,229.5,78.41,307.91,153.95,266.5, sdumont6165,21990978.52
5896.0,12012,273,2459152.0,160084.0,154964.0,2465372.0,1853.44,4577.28,1853.44,4577.28,1.0,0,27.0,29.0,2n-1m-22th-1000bs-377019s-DENV_1-usa-BVBRC_genome_sequence,sequana_cpu_dev,2,11543364.0,1,22,1000,377019,DENV_1-usa-BVBRC_genome_sequence,61117.2,20898.59,82015.78,224.7,76.83,301.53,150.76,272.0, sdumont6165,22390307.94
5896.0,11968,272,2459152.0,163540.0,158466.0,2465224.0,1843.2,4577.28,1853.44,4577.28,0.0,0,17.0,25.0,2n-1m-22th-1000bs-377019s-DENV_1-usa-BVBRC_genome_sequence,sequana_cpu_dev,2,11543365.0,1,22,1000,377019,DENV_1-usa-BVBRC_genome_sequence,61276.01,20889.8,82165.81,226.95,77.37,304.32,152.16,270.0, sdumont6165,22349100.32
5891.0,12276,279,2459230.0,159704.0,154788.0,2465528.0,1843.2,4567.04,1853.44,4577.28,3.0,0,23.0,25.0,2n-1m-22th-1000bs-377019s-DENV_1-usa-BVBRC_genome_sequence,sequana_cpu_dev,2,11543366.0,1,22,1000,377019,DENV_1-usa-BVBRC_genome_sequence,63582.73,21623.88,85206.61,228.71,77.78,306.5,153.25,278.0, sdumont6166,23772644.19
6431.0,13488,281,2594258.0,159984.0,154790.0,2600404.0,1843.2,4567.04,1853.44,4567.04,1.0,0,164.0,312.0,2n-1m-24th-1000bs-377019s-DENV_1-usa-BVBRC_genome_sequence,sequana_cpu_dev,2,11543367.0,1,24,1000,377019,DENV_1-usa-BVBRC_genome_sequence,66516.27,22056.6,88572.87,237.56,78.77,316.33,158.17,280.0, sdumont6165,24888976.47
6414.0,14064,293,2594258.0,164020.0,157942.0,2600404.0,1843.2,4556.8,1853.44,4556.8,1.0,0,30.0,48.0,2n-1m-24th-1000bs-377019s-DENV_1-usa-BVBRC_genome_sequence,sequana_cpu_dev,2,11543369.0,1,24,1000,377019,DENV_1-usa-BVBRC_genome_sequence,68749.33,22734.73,91484.06,235.85,77.99,313.83,156.92,291.5, sdumont6166,26804829.58
6415.0,14112,294,2594258.0,166312.0,159048.0,2600404.0,1843.2,4556.8,1853.44,4567.04,0.0,0,11.0,14.0,2n-1m-24th-1000bs-377019s-DENV_1-usa-BVBRC_genome_sequence,sequana_cpu_dev,2,11543370.0,1,24,1000,377019,DENV_1-usa-BVBRC_genome_sequence,69101.88,22770.33,91872.21,235.84,77.71,313.56,156.78,293.0, sdumont6166,27010429.74
6422.0,13968,291,2594258.0,165844.0,158672.0,2600404.0,1843.2,4556.8,1853.44,4567.04,1.0,0,26.0,30.0,2n-1m-24th-1000bs-377019s-DENV_1-usa-BVBRC_genome_sequence,sequana_cpu_dev,2,11543371.0,1,24,1000,377019,DENV_1-usa-BVBRC_genome_sequence,69130.91,22860.57,91991.49,238.38,78.83,317.21,158.61,290.0, sdumont6166,26769523.59
6418.0,13968,291,2594258.0,164136.0,158088.0,2600404.0,1843.2,4556.8,1853.44,4556.8,1.0,0,14.0,17.0,2n-1m-24th-1000bs-377019s-DENV_1-usa-BVBRC_genome_sequence,sequana_cpu_dev,2,11543372.0,1,24,1000,377019,DENV_1-usa-BVBRC_genome_sequence,69170.96,22780.03,91950.99,238.52,78.55,317.07,158.54,290.0, sdumont6165,26757738.09
8504.0,18044,347,2729514.0,160204.0,155982.0,2735736.0,1945.6,4567.04,1945.6,4567.04,1.0,0,18.0,26.0,2n-1m-26th-1000bs-377019s-DENV_1-usa-BVBRC_genome_sequence,sequana_cpu_dev,2,11543374.0,1,26,1000,377019,DENV_1-usa-BVBRC_genome_sequence,78125.45,38418.79,116544.24,225.8,111.04,336.83,168.42,346.0, sdumont6165,40440851.28
8503.0,17888,344,2729438.0,164204.0,157952.0,2735584.0,1945.6,4567.04,1945.6,4577.28,1.0,0,17.0,21.0,2n-1m-26th-1000bs-377019s-DENV_1-usa-BVBRC_genome_sequence,sequana_cpu_dev,2,11543377.0,1,26,1000,377019,DENV_1-usa-BVBRC_genome_sequence,77799.77,38351.24,116151.01,227.15,111.97,339.12,169.56,342.5, sdumont6166,39955947.44
8517.0,17368,334,2729608.0,164284.0,158198.0,2735584.0,1945.6,4577.28,1945.6,4577.28,1.0,0,14.0,17.0,2n-1m-26th-1000bs-377019s-DENV_1-usa-BVBRC_genome_sequence,sequana_cpu_dev,2,11543382.0,1,26,1000,377019,DENV_1-usa-BVBRC_genome_sequence,75373.75,37396.28,112770.03,226.35,112.3,338.65,169.32,333.0, sdumont6165,37665190.02
9276.0,19968,384,2729590.0,166268.0,159080.0,2735588.0,1996.8,4567.04,1996.8,4577.28,1.0,0,9.0,10.0,2n-1m-26th-1000bs-377019s-DENV_1-usa-BVBRC_genome_sequence,sequana_cpu_dev,2,11543384.0,1,26,1000,377019,DENV_1-usa-BVBRC_genome_sequence,87971.27,42784.37,130755.64,229.69,111.71,341.4,170.7,383.0, sdumont6166,50210165.76
8516.0,17264,332,2729538.0,162056.0,157970.0,2735588.0,2211.84,4843.52,2467.84,5109.76,1.0,0,18.0,22.0,2n-1m-26th-1000bs-377019s-DENV_1-usa-BVBRC_genome_sequence,sequana_cpu_dev,2,11543387.0,1,26,1000,377019,DENV_1-usa-BVBRC_genome_sequence,75499.41,37333.96,112833.37,228.09,112.79,340.89,170.44,331.0, sdumont6165,37460678.84
9163.0,19320,345,2864618.0,162368.0,158110.0,2870764.0,1945.6,4567.04,1945.6,4577.28,1.0,0,11.0,13.0,2n-1m-28th-1000bs-377019s-DENV_1-usa-BVBRC_genome_sequence,sequana_cpu_dev,2,11543390.0,1,28,1000,377019,DENV_1-usa-BVBRC_genome_sequence,77851.86,46424.42,124276.28,226.31,134.95,361.27,180.63,344.0, sdumont6165,42875316.6
9173.0,19656,351,2864618.0,160492.0,154242.0,2870764.0,1945.6,4567.04,1945.6,4577.28,1.0,0,205.0,393.0,2n-1m-28th-1000bs-377019s-DENV_1-usa-BVBRC_genome_sequence,sequana_cpu_dev,2,11543391.0,1,28,1000,377019,DENV_1-usa-BVBRC_genome_sequence,79536.19,47921.13,127457.32,227.25,136.92,364.16,182.08,350.0, sdumont6165,44737519.32
9157.0,19320,345,2864692.0,162004.0,154992.0,2870912.0,1945.6,4567.04,1945.6,4567.04,1.0,0,45.0,76.0,2n-1m-28th-1000bs-377019s-DENV_1-usa-BVBRC_genome_sequence,sequana_cpu_dev,2,11543392.0,1,28,1000,377019,DENV_1-usa-BVBRC_genome_sequence,77723.28,46451.74,124175.01,226.27,135.23,361.5,180.75,343.5, sdumont6165,42840378.45
9172.0,18816,336,2864692.0,164252.0,158052.0,2870912.0,1945.6,4577.28,1945.6,4577.28,1.0,0,22.0,25.0,2n-1m-28th-1000bs-377019s-DENV_1-usa-BVBRC_genome_sequence,sequana_cpu_dev,2,11543393.0,1,28,1000,377019,DENV_1-usa-BVBRC_genome_sequence,75296.31,45181.13,120477.44,224.77,134.87,359.63,179.82,335.0, sdumont6165,40480419.84
9167.0,19824,354,2864692.0,166632.0,160326.0,2870764.0,1945.6,4556.8,1945.6,4556.8,2.0,0,23.0,26.0,2n-1m-28th-1000bs-377019s-DENV_1-usa-BVBRC_genome_sequence,sequana_cpu_dev,2,11543397.0,1,28,1000,377019,DENV_1-usa-BVBRC_genome_sequence,79538.93,47763.95,127302.88,225.64,135.5,361.14,180.57,352.5, sdumont6166,45065219.52
9813.0,21120,352,2999798.0,160184.0,155134.0,3005944.0,1945.6,4567.04,1945.6,4577.28,0.0,0,20.0,27.0,2n-1m-30th-1000bs-377019s-DENV_1-usa-BVBRC_genome_sequence,sequana_cpu_dev,2,11543398.0,1,30,1000,377019,DENV_1-usa-BVBRC_genome_sequence,79809.81,56184.36,135994.18,227.38,160.07,387.45,193.72,351.0, sdumont6166,47869951.36
11600.0,24060,401,2999872.0,166720.0,160272.0,3005944.0,2037.76,4577.28,2037.76,4587.52,1.0,0,21.0,23.0,2n-1m-30th-1000bs-377019s-DENV_1-usa-BVBRC_genome_sequence,sequana_cpu_dev,2,11543399.0,1,30,1000,377019,DENV_1-usa-BVBRC_genome_sequence,92371.13,63986.05,156357.18,230.93,159.97,390.89,195.45,400.0, sdumont6166,62699229.18
9821.0,21060,351,2999872.0,164856.0,158584.0,3005944.0,1945.6,4567.04,1945.6,4577.28,1.0,0,26.0,30.0,2n-1m-30th-1000bs-377019s-DENV_1-usa-BVBRC_genome_sequence,sequana_cpu_dev,2,11543400.0,1,30,1000,377019,DENV_1-usa-BVBRC_genome_sequence,79661.9,56020.19,135682.09,227.93,160.29,388.22,194.11,349.5, sdumont6165,47624413.59
9833.0,20400,340,2999946.0,162680.0,157498.0,3006092.0,1945.6,4567.04,1945.6,4577.28,1.0,0,17.0,18.0,2n-1m-30th-1000bs-377019s-DENV_1-usa-BVBRC_genome_sequence,sequana_cpu_dev,2,11543403.0,1,30,1000,377019,DENV_1-usa-BVBRC_genome_sequence,77130.81,54606.12,131736.93,227.52,161.08,388.6,194.3,339.0, sdumont6165,44790556.2
9828.0,20820,347,2999872.0,166344.0,159326.0,3005944.0,1945.6,4567.04,1945.6,4567.04,1.0,0,33.0,33.0,2n-1m-30th-1000bs-377019s-DENV_1-usa-BVBRC_genome_sequence,sequana_cpu_dev,2,11543404.0,1,30,1000,377019,DENV_1-usa-BVBRC_genome_sequence,77316.56,54617.68,131934.24,223.46,157.85,381.31,190.66,346.0, sdumont6165,45781181.28
11432.0,24128,377,3135050.0,162540.0,157282.0,3141272.0,1996.8,4567.04,1996.8,4577.28,1.0,0,17.0,20.0,2n-1m-32th-1000bs-377019s-DENV_1-usa-BVBRC_genome_sequence,sequana_cpu_dev,2,11543405.0,1,32,1000,377019,DENV_1-usa-BVBRC_genome_sequence,84216.6,66093.21,150309.81,223.98,175.78,399.76,199.88,376.0, sdumont6165,56666798.37
12401.0,26880,420,3134976.0,164508.0,158360.0,3141124.0,2037.76,4577.28,2037.76,4577.28,1.0,0,216.0,398.0,2n-1m-32th-1000bs-377019s-DENV_1-usa-BVBRC_genome_sequence,sequana_cpu_dev,2,11543406.0,1,32,1000,377019,DENV_1-usa-BVBRC_genome_sequence,92025.86,71313.82,163339.68,229.49,177.84,407.33,203.67,401.0, sdumont6165,68602665.6
10461.0,22592,353,3135124.0,162644.0,156510.0,3141268.0,1945.6,4556.8,1945.6,4567.04,1.0,0,28.0,45.0,2n-1m-32th-1000bs-377019s-DENV_1-usa-BVBRC_genome_sequence,sequana_cpu_dev,2,11543407.0,1,32,1000,377019,DENV_1-usa-BVBRC_genome_sequence,78802.97,62176.79,140979.76,223.87,176.64,400.51,200.26,352.0, sdumont6166,49765855.28
11372.0,24256,379,3135050.0,165176.0,157600.0,3141268.0,1996.8,4567.04,1996.8,4577.28,0.0,0,16.0,20.0,2n-1m-32th-1000bs-377019s-DENV_1-usa-BVBRC_genome_sequence,sequana_cpu_dev,2,11543408.0,1,32,1000,377019,DENV_1-usa-BVBRC_genome_sequence,83440.04,65479.99,148920.02,220.74,173.23,393.97,196.98,378.0, sdumont6166,56440687.58
11424.0,23488,367,3135050.0,164436.0,158376.0,3141268.0,1996.8,4577.28,1996.8,4587.52,1.0,0,26.0,41.0,2n-1m-32th-1000bs-377019s-DENV_1-usa-BVBRC_genome_sequence,sequana_cpu_dev,2,11543410.0,1,32,1000,377019,DENV_1-usa-BVBRC_genome_sequence,81900.69,64411.08,146311.77,223.77,175.99,399.76,199.88,366.0, sdumont6166,53696419.59
13179.0,27404,403,3272936.0,164760.0,158376.0,3281864.0,2037.76,4577.28,2037.76,4577.28,1.0,0,25.0,32.0,2n-1m-34th-1000bs-377019s-DENV_1-usa-BVBRC_genome_sequence,sequana_cpu_dev,2,11543413.0,1,34,1000,377019,DENV_1-usa-BVBRC_genome_sequence,91063.52,77587.65,168651.17,227.09,193.49,420.58,210.29,401.0, sdumont6166,67966421.51
12151.0,25976,382,3270230.0,162516.0,156318.0,3276448.0,1996.8,4567.04,1996.8,4577.28,1.0,0,17.0,21.0,2n-1m-34th-1000bs-377019s-DENV_1-usa-BVBRC_genome_sequence,sequana_cpu_dev,2,11543417.0,1,34,1000,377019,DENV_1-usa-BVBRC_genome_sequence,86133.14,74010.13,160143.27,226.07,194.25,420.32,210.16,381.0, sdumont6165,61174729.13999999
13150.0,28220,415,3270156.0,164848.0,157574.0,3276300.0,2037.76,4567.04,2037.76,4587.52,1.0,0,31.0,34.0,2n-1m-34th-1000bs-377019s-DENV_1-usa-BVBRC_genome_sequence,sequana_cpu_dev,2,11543420.0,1,34,1000,377019,DENV_1-usa-BVBRC_genome_sequence,94499.53,80578.0,175077.53,228.26,194.63,422.89,211.45,414.0, sdumont6165,72657174.95
12148.0,26792,394,3270156.0,164792.0,157556.0,3276304.0,1996.8,4556.8,1996.8,4567.04,1.0,0,27.0,28.0,2n-1m-34th-1000bs-377019s-DENV_1-usa-BVBRC_genome_sequence,sequana_cpu_dev,2,11543421.0,1,34,1000,377019,DENV_1-usa-BVBRC_genome_sequence,85884.61,73910.68,159795.29,224.83,193.48,418.31,209.16,382.0, sdumont6166,62959344.260000005
13174.0,28016,412,3270156.0,160316.0,155438.0,3276304.0,2037.76,4567.04,2037.76,4587.52,1.0,0,233.0,437.0,2n-1m-34th-1000bs-377019s-DENV_1-usa-BVBRC_genome_sequence,sequana_cpu_dev,2,11543422.0,1,34,1000,377019,DENV_1-usa-BVBRC_genome_sequence,93455.51,79942.68,173398.19,227.39,194.51,421.89,210.95,411.0, sdumont6166,71440054.28
12844.0,28152,391,3405486.0,162760.0,157592.0,3411632.0,1996.8,4556.8,1996.8,4556.8,1.0,0,44.0,53.0,2n-1m-36th-1000bs-377019s-DENV_1-usa-BVBRC_genome_sequence,sequana_cpu_dev,2,11543423.0,1,36,1000,377019,DENV_1-usa-BVBRC_genome_sequence,88241.71,78523.6,166765.31,226.26,201.34,427.6,213.8,390.0, sdumont6165,65205236.21
13954.0,28512,396,3405486.0,162612.0,158752.0,3411484.0,2037.76,4577.28,2037.76,4587.52,1.0,0,18.0,23.0,2n-1m-36th-1000bs-377019s-DENV_1-usa-BVBRC_genome_sequence,sequana_cpu_dev,2,11543424.0,1,36,1000,377019,DENV_1-usa-BVBRC_genome_sequence,88249.4,78370.4,166619.8,223.42,198.41,421.82,210.91,395.0, sdumont6166,65981440.8
12855.0,27864,387,3405412.0,164680.0,157600.0,3411484.0,1996.8,4556.8,1996.8,4556.8,1.0,0,22.0,33.0,2n-1m-36th-1000bs-377019s-DENV_1-usa-BVBRC_genome_sequence,sequana_cpu_dev,2,11543425.0,1,36,1000,377019,DENV_1-usa-BVBRC_genome_sequence,86516.18,76893.87,163410.04,224.14,199.21,423.34,211.67,386.0, sdumont6166,63239685.48
12868.0,27504,382,3405486.0,164828.0,157694.0,3411780.0,1996.8,4567.04,1996.8,4567.04,2.0,0,27.0,46.0,2n-1m-36th-1000bs-377019s-DENV_1-usa-BVBRC_genome_sequence,sequana_cpu_dev,2,11543426.0,1,36,1000,377019,DENV_1-usa-BVBRC_genome_sequence,85921.47,76373.36,162294.83,225.81,200.71,426.53,213.26,380.5, sdumont6165,61996625.06
12869.0,27648,384,3405412.0,164720.0,159878.0,3411632.0,1996.8,4567.04,1996.8,4567.04,1.0,0,27.0,28.0,2n-1m-36th-1000bs-377019s-DENV_1-usa-BVBRC_genome_sequence,sequana_cpu_dev,2,11543427.0,1,36,1000,377019,DENV_1-usa-BVBRC_genome_sequence,85893.69,76108.57,162002.25,224.27,198.72,422.98,211.49,383.0, sdumont6166,62208864.0
12451.0,27284,359,3540592.0,162804.0,156656.0,3546664.0,1945.6,4556.8,1945.6,4556.8,1.0,0,22.0,27.0,2n-1m-38th-1000bs-377019s-DENV_1-usa-BVBRC_genome_sequence,sequana_cpu_dev,2,11543428.0,1,38,1000,377019,DENV_1-usa-BVBRC_genome_sequence,78803.22,70195.15,148998.38,220.43,196.34,416.77,208.39,357.5, sdumont6165,53490418.42
14702.0,29944,394,3540592.0,164768.0,159762.0,3546664.0,2037.76,4577.28,2037.76,4587.52,1.0,0,26.0,33.0,2n-1m-38th-1000bs-377019s-DENV_1-usa-BVBRC_genome_sequence,sequana_cpu_dev,2,11543429.0,1,38,1000,377019,DENV_1-usa-BVBRC_genome_sequence,88416.98,78964.81,167381.78,224.98,200.93,425.91,212.95,393.0, sdumont6165,65948421.32
14723.0,30324,399,3540666.0,162760.0,157798.0,3546664.0,2037.76,4577.28,2037.76,4577.28,1.0,0,217.0,423.0,2n-1m-38th-1000bs-377019s-DENV_1-usa-BVBRC_genome_sequence,sequana_cpu_dev,2,11543431.0,1,38,1000,377019,DENV_1-usa-BVBRC_genome_sequence,88194.65,78418.5,166613.15,221.59,197.03,418.63,209.31,398.0, sdumont6165,66478646.85
14713.0,29868,393,3540592.0,168992.0,159784.0,3546812.0,2037.76,4577.28,2037.76,4587.52,1.0,0,49.0,55.0,2n-1m-38th-1000bs-377019s-DENV_1-usa-BVBRC_genome_sequence,sequana_cpu_dev,2,11543432.0,1,38,1000,377019,DENV_1-usa-BVBRC_genome_sequence,87596.49,78623.78,166220.27,224.32,201.34,425.66,212.83,390.5, sdumont6166,65324566.11
14727.0,29868,393,3540518.0,162656.0,157692.0,3546664.0,2037.76,4577.28,2037.76,4587.52,1.0,0,24.0,32.0,2n-1m-38th-1000bs-377019s-DENV_1-usa-BVBRC_genome_sequence,sequana_cpu_dev,2,11543435.0,1,38,1000,377019,DENV_1-usa-BVBRC_genome_sequence,88438.24,78824.95,167263.19,226.18,201.6,427.78,213.89,391.0, sdumont6165,65734433.67
4691.0,19600,245,2327866.0,164692.0,161450.0,2330860.0,2099.2,4423.68,2385.92,4423.68,312090.0,0,482.0,495.0,4n-1m-20th-1000bs-484520s-DENV_1-brazil-BVBRC_genome_sequence,sequana_cpu,4,11543437.0,1,20,1000,484520,DENV_1-brazil-BVBRC_genome_sequence,109835.15,37464.41,147299.56,452.47,154.34,606.81,151.7,242.75, sdumont6271,36088392.2
4168.0,19200,240,2327869.0,167100.0,160295.0,2330868.0,2058.24,4413.44,2334.72,4413.44,312156.0,0,16.0,18.0,4n-1m-20th-1000bs-484520s-DENV_1-brazil-BVBRC_genome_sequence,sequana_cpu,4,11543439.0,1,20,1000,484520,DENV_1-brazil-BVBRC_genome_sequence,110387.7,37265.44,147653.14,462.88,156.25,619.12,154.78,238.5, sdumont6271,35436753.6
15511.0,31360,392,3675846.0,169204.0,160162.0,3681992.0,2037.76,4577.28,2037.76,4587.52,1.0,0,34.0,42.0,2n-1m-40th-1000bs-377019s-DENV_1-usa-BVBRC_genome_sequence,sequana_cpu_dev,2,11543440.0,1,40,1000,377019,DENV_1-usa-BVBRC_genome_sequence,87974.08,80402.27,168376.35,225.87,206.42,432.29,216.14,389.5, sdumont6166,66003529.2
4758.0,19520,244,2327901.0,166716.0,161910.0,2330860.0,2099.2,4423.68,2385.92,4423.68,312037.0,0,19.0,21.0,4n-1m-20th-1000bs-484520s-DENV_1-brazil-BVBRC_genome_sequence,sequana_cpu,4,11543441.0,1,20,1000,484520,DENV_1-brazil-BVBRC_genome_sequence,110223.26,37114.07,147337.33,454.57,153.04,607.61,151.9,242.5, sdumont6200,35950308.52
15509.0,33440,418,3675698.0,164872.0,158782.0,3681844.0,2037.76,4556.8,2037.76,4567.04,0.0,0,27.0,31.0,2n-1m-40th-1000bs-377019s-DENV_1-usa-BVBRC_genome_sequence,sequana_cpu_dev,2,11543443.0,1,40,1000,377019,DENV_1-usa-BVBRC_genome_sequence,91974.01,83881.18,175855.19,221.09,201.64,422.73,211.36,416.0, sdumont6165,73507469.42
15501.0,31520,394,3675846.0,163404.0,160084.0,3681992.0,2037.76,4577.28,2037.76,4587.52,1.0,0,36.0,38.0,2n-1m-40th-1000bs-377019s-DENV_1-usa-BVBRC_genome_sequence,sequana_cpu_dev,2,11543446.0,1,40,1000,377019,DENV_1-usa-BVBRC_genome_sequence,87586.16,79930.12,167516.28,223.72,204.16,427.88,213.94,391.5, sdumont6166,66001414.32
15482.0,33360,417,3675772.0,165168.0,159006.0,3681844.0,2037.76,4556.8,2037.76,4567.04,1.0,0,26.0,35.0,2n-1m-40th-1000bs-377019s-DENV_1-usa-BVBRC_genome_sequence,sequana_cpu_dev,2,11543447.0,1,40,1000,377019,DENV_1-usa-BVBRC_genome_sequence,93358.57,85954.62,179313.19,224.69,206.87,431.56,215.78,415.5, sdumont6166,74773600.23
16679.0,34400,430,3675698.0,164888.0,158716.0,3681844.0,2088.96,4577.28,2088.96,4577.28,1.0,0,33.0,43.0,2n-1m-40th-1000bs-377019s-DENV_1-usa-BVBRC_genome_sequence,sequana_cpu_dev,2,11543448.0,1,40,1000,377019,DENV_1-usa-BVBRC_genome_sequence,95404.63,87414.32,182818.95,222.91,204.24,427.15,213.57,428.0, sdumont6166,78612148.5
17520.0,37044,441,3811034.0,165588.0,159152.0,3817180.0,2088.96,4577.28,2088.96,4587.52,1.0,0,247.0,456.0,2n-1m-42th-1000bs-377019s-DENV_1-usa-BVBRC_genome_sequence,sequana_cpu_dev,2,11543449.0,1,42,1000,377019,DENV_1-usa-BVBRC_genome_sequence,99177.62,91207.21,190384.83,225.65,207.51,433.17,216.58,439.5, sdumont6166,83959710.03
4584.0,21032,239,2463042.0,171428.0,165089.0,2466036.0,2058.24,4403.2,2334.72,4413.44,309221.0,0,20.0,26.0,4n-1m-22th-1000bs-484520s-DENV_1-brazil-BVBRC_genome_sequence,sequana_cpu,4,11543454.0,1,22,1000,484520,DENV_1-brazil-BVBRC_genome_sequence,113788.64,37185.22,150973.86,478.1,156.24,634.34,158.59,238.0, sdumont6272,36082752.54
17507.0,36036,429,4036558.0,170808.0,162882.0,4045412.0,2088.96,4577.28,2088.96,4587.52,1.0,0,49.0,75.0,2n-1m-42th-1000bs-377019s-DENV_1-usa-BVBRC_genome_sequence,sequana_cpu_dev,2,11543455.0,1,42,1000,377019,DENV_1-usa-BVBRC_genome_sequence,96332.56,88840.98,185173.53,225.34,207.81,433.15,216.57,427.5, sdumont6166,79439444.37
17516.0,36288,432,3810888.0,169452.0,161010.0,3817036.0,2078.72,4577.28,2078.72,4587.52,1.0,0,34.0,45.0,2n-1m-42th-1000bs-377019s-DENV_1-usa-BVBRC_genome_sequence,sequana_cpu_dev,2,11543456.0,1,42,1000,377019,DENV_1-usa-BVBRC_genome_sequence,97745.15,89281.65,187026.79,227.05,207.38,434.43,217.22,430.5, sdumont6165,80795573.28
16275.0,35784,426,3811036.0,163412.0,159036.0,3817184.0,2037.76,4567.04,2037.76,4567.04,1.0,0,25.0,28.0,2n-1m-42th-1000bs-377019s-DENV_1-usa-BVBRC_genome_sequence,sequana_cpu_dev,2,11543457.0,1,42,1000,377019,DENV_1-usa-BVBRC_genome_sequence,90366.04,83297.08,173663.12,221.22,203.91,425.12,212.56,408.5, sdumont6166,73980489.12
5193.0,21560,245,2463033.0,171040.0,164425.0,2466032.0,2099.2,4423.68,2385.92,4433.92,308202.0,0,16.0,19.0,4n-1m-22th-1000bs-484520s-DENV_1-brazil-BVBRC_genome_sequence,sequana_cpu,4,11543458.0,1,22,1000,484520,DENV_1-brazil-BVBRC_genome_sequence,113176.95,37016.51,150193.46,465.75,152.33,618.08,154.52,243.0, sdumont6271,36797397.7
5228.0,22264,253,2463028.0,169196.0,164098.0,2466032.0,2099.2,4423.68,2385.92,4423.68,308267.0,0,17.0,28.0,4n-1m-22th-1000bs-484520s-DENV_1-brazil-BVBRC_genome_sequence,sequana_cpu,4,11543459.0,1,22,1000,484520,DENV_1-brazil-BVBRC_genome_sequence,118904.85,38765.28,157670.12,473.72,154.44,628.17,157.04,251.0, sdumont6137,39890540.36
17530.0,38388,457,3810888.0,164892.0,157928.0,3817032.0,2088.96,4567.04,2088.96,4567.04,1.0,0,20.0,22.0,2n-1m-42th-1000bs-377019s-DENV_1-usa-BVBRC_genome_sequence,sequana_cpu_dev,2,11543460.0,1,42,1000,377019,DENV_1-usa-BVBRC_genome_sequence,96132.88,88602.82,184735.71,218.98,201.83,420.81,210.41,439.0, sdumont6165,84424219.47
4582.0,21032,239,2463009.0,162960.0,159900.0,2466028.0,2058.24,4403.2,2334.72,4403.2,308148.0,0,15.0,19.0,4n-1m-22th-1000bs-484520s-DENV_1-brazil-BVBRC_genome_sequence,sequana_cpu,4,11543461.0,1,22,1000,484520,DENV_1-brazil-BVBRC_genome_sequence,113938.43,37229.54,151167.97,482.79,157.75,640.54,160.14,236.0, sdumont6271,36129144.83
5228.0,22088,251,2463032.0,166864.0,162934.0,2466028.0,2099.2,4423.68,2385.92,4423.68,308208.0,0,16.0,19.0,4n-1m-22th-1000bs-484520s-DENV_1-brazil-BVBRC_genome_sequence,sequana_cpu,4,11543462.0,1,22,1000,484520,DENV_1-brazil-BVBRC_genome_sequence,118617.77,38666.44,157284.21,475.47,154.98,630.45,157.61,249.5, sdumont6271,39478336.71
4999.0,22752,237,2598189.0,165560.0,161545.0,2601352.0,2058.24,4403.2,2334.72,4413.44,308280.0,0,17.0,21.0,4n-1m-24th-1000bs-484520s-DENV_1-brazil-BVBRC_genome_sequence,sequana_cpu,4,11543463.0,1,24,1000,484520,DENV_1-brazil-BVBRC_genome_sequence,118894.78,38204.68,157099.45,503.79,161.88,665.68,166.42,236.0, sdumont6271,37232569.650000006
18369.0,38280,435,3951626.0,165260.0,158694.0,3957772.0,2078.72,4567.04,2078.72,4577.28,1.0,0,25.0,34.0,2n-1m-44th-1000bs-377019s-DENV_1-usa-BVBRC_genome_sequence,sequana_cpu_dev,2,11543464.0,1,44,1000,377019,DENV_1-usa-BVBRC_genome_sequence,96270.31,92582.67,188852.98,222.33,213.82,436.15,218.08,433.0, sdumont6165,82151046.30000001
5706.0,23808,248,2598157.0,171052.0,163083.0,2601204.0,2099.2,4423.68,2385.92,4423.68,308338.0,0,14.0,22.0,4n-1m-24th-1000bs-484520s-DENV_1-brazil-BVBRC_genome_sequence,sequana_cpu,4,11543466.0,1,24,1000,484520,DENV_1-brazil-BVBRC_genome_sequence,124250.97,39971.79,164222.76,507.15,163.15,670.3,167.57,245.0, sdumont6137,40727244.48
5701.0,24384,254,2598199.0,169212.0,164099.0,2601204.0,2099.2,4423.68,2385.92,4423.68,308227.0,0,15.0,19.0,4n-1m-24th-1000bs-484520s-DENV_1-brazil-BVBRC_genome_sequence,sequana_cpu,4,11543467.0,1,24,1000,484520,DENV_1-brazil-BVBRC_genome_sequence,124074.16,39666.91,163741.07,492.36,157.41,649.77,162.44,252.0, sdumont6272,41590231.78
18370.0,39248,446,3946066.0,163196.0,157954.0,3952212.0,2078.72,4567.04,2078.72,4587.52,1.0,0,27.0,33.0,2n-1m-44th-1000bs-377019s-DENV_1-usa-BVBRC_genome_sequence,sequana_cpu_dev,2,11543468.0,1,44,1000,377019,DENV_1-usa-BVBRC_genome_sequence,99640.5,95560.75,195201.25,224.16,214.98,439.14,219.57,444.5, sdumont6166,87059757.5
5694.0,24768,258,2598159.0,164936.0,161374.0,2601200.0,2099.2,4413.44,2385.92,4423.68,308305.0,0,19.0,23.0,4n-1m-24th-1000bs-484520s-DENV_1-brazil-BVBRC_genome_sequence,sequana_cpu,4,11543469.0,1,24,1000,484520,DENV_1-brazil-BVBRC_genome_sequence,129183.73,41285.64,170469.36,502.66,160.64,663.3,165.83,257.0, sdumont6200,43981094.88
5676.0,23232,242,2598214.0,167048.0,162031.0,2601348.0,2058.24,4474.88,2191.36,4597.76,324616.0,0,141.0,501.0,4n-1m-24th-1000bs-484520s-DENV_1-brazil-BVBRC_genome_sequence,sequana_cpu,4,11543471.0,1,24,1000,484520,DENV_1-brazil-BVBRC_genome_sequence,120754.59,38285.9,159040.49,501.06,158.86,659.92,164.98,241.0, sdumont6247,38487798.58
18371.0,38544,438,3946142.0,165276.0,159044.0,3952360.0,2078.72,4577.28,2078.72,4577.28,1.0,0,249.0,478.0,2n-1m-44th-1000bs-377019s-DENV_1-usa-BVBRC_genome_sequence,sequana_cpu_dev,2,11543472.0,1,44,1000,377019,DENV_1-usa-BVBRC_genome_sequence,98054.69,94178.22,192232.91,224.64,215.76,440.4,220.2,436.5, sdumont6165,84198014.58
6960.0,30264,291,2733381.0,167100.0,161802.0,2736492.0,2058.24,4423.68,2058.24,4423.68,324679.0,0,16.0,20.0,4n-1m-26th-1000bs-484520s-DENV_1-brazil-BVBRC_genome_sequence,sequana_cpu,4,11543473.0,1,26,1000,484520,DENV_1-brazil-BVBRC_genome_sequence,143307.62,66593.91,209901.53,494.16,229.63,723.8,180.95,290.0, sdumont6182,61081345.23
6948.0,30992,298,2733365.0,171216.0,164228.0,2736380.0,2058.24,4413.44,2058.24,4413.44,324791.0,0,15.0,22.0,4n-1m-26th-1000bs-484520s-DENV_1-brazil-BVBRC_genome_sequence,sequana_cpu,4,11543476.0,1,26,1000,484520,DENV_1-brazil-BVBRC_genome_sequence,148591.97,68743.65,217335.62,500.31,231.46,731.77,182.94,297.0, sdumont6272,64766014.76
19675.0,40040,455,3946066.0,165008.0,157930.0,3952212.0,2119.68,4577.28,2119.68,4587.52,1.0,0,49.0,77.0,2n-1m-44th-1000bs-377019s-DENV_1-usa-BVBRC_genome_sequence,sequana_cpu_dev,2,11543477.0,1,44,1000,377019,DENV_1-usa-BVBRC_genome_sequence,102826.86,98174.0,201000.86,226.99,216.71,443.7,221.85,453.0, sdumont6165,91455391.3
8520.0,35776,344,2733353.0,167268.0,163861.0,2736364.0,2160.64,4423.68,2160.64,4433.92,324730.0,0,14.0,20.0,4n-1m-26th-1000bs-484520s-DENV_1-brazil-BVBRC_genome_sequence,sequana_cpu,4,11543479.0,1,26,1000,484520,DENV_1-brazil-BVBRC_genome_sequence,170987.7,77925.23,248912.93,499.96,227.85,727.82,181.95,342.0, sdumont6272,85626047.92
6968.0,29120,280,2733421.0,167372.0,163665.0,2736512.0,2058.24,4423.68,2058.24,4423.68,324896.0,0,23.0,36.0,4n-1m-26th-1000bs-484520s-DENV_1-brazil-BVBRC_genome_sequence,sequana_cpu,4,11543480.0,1,26,1000,484520,DENV_1-brazil-BVBRC_genome_sequence,137053.6,64161.26,201214.86,492.55,230.58,723.13,180.78,278.25, sdumont6182,56340160.8
18369.0,39512,449,3948848.0,163172.0,158982.0,3957772.0,2078.72,4567.04,2088.96,4577.28,1.0,0,23.0,25.0,2n-1m-44th-1000bs-377019s-DENV_1-usa-BVBRC_genome_sequence,sequana_cpu_dev,2,11543481.0,1,44,1000,377019,DENV_1-usa-BVBRC_genome_sequence,98927.39,95238.95,194166.33,221.56,213.3,434.86,217.43,446.5, sdumont6166,87180682.16999999
20577.0,41860,455,4081254.0,165248.0,161192.0,4087400.0,2119.68,4577.28,2119.68,4577.28,1.0,0,35.0,38.0,2n-1m-46th-1000bs-377019s-DENV_1-usa-BVBRC_genome_sequence,sequana_cpu_dev,2,11543488.0,1,46,1000,377019,DENV_1-usa-BVBRC_genome_sequence,101391.44,100595.56,201987.0,223.82,222.07,445.89,222.94,453.0, sdumont6166,91904085.0
21944.0,44344,482,4081328.0,165604.0,159386.0,4087548.0,2170.88,4577.28,2170.88,4587.52,1.0,0,26.0,34.0,2n-1m-46th-1000bs-377019s-DENV_1-usa-BVBRC_genome_sequence,sequana_cpu_dev,2,11543490.0,1,46,1000,377019,DENV_1-usa-BVBRC_genome_sequence,105274.44,104181.38,209455.82,219.55,217.28,436.83,218.41,479.5, sdumont6165,100957705.24
19116.0,38916,423,4192660.0,167296.0,163056.0,4297920.0,2078.72,4577.28,2078.72,4587.52,1.0,0,25.0,27.0,2n-1m-46th-1000bs-377019s-DENV_1-usa-BVBRC_genome_sequence,sequana_cpu_dev,2,11543494.0,1,46,1000,377019,DENV_1-usa-BVBRC_genome_sequence,94157.37,92846.7,187004.07,223.65,220.54,444.19,222.1,421.0, sdumont6165,79102721.61
19210.0,40756,443,4195370.0,167288.0,160816.0,4303340.0,2078.72,4567.04,2078.72,4577.28,1.0,0,21.0,26.0,2n-1m-46th-1000bs-377019s-DENV_1-usa-BVBRC_genome_sequence,sequana_cpu_dev,2,11543497.0,1,46,1000,377019,DENV_1-usa-BVBRC_genome_sequence,98840.89,98106.66,196947.55,224.13,222.46,446.59,223.3,441.0, sdumont6166,87247764.64999999
19211.0,40940,445,4081254.0,169684.0,161382.0,4087400.0,2078.72,4577.28,2078.72,4577.28,1.0,0,38.0,49.0,2n-1m-46th-1000bs-377019s-DENV_1-usa-BVBRC_genome_sequence,sequana_cpu_dev,2,11543500.0,1,46,1000,377019,DENV_1-usa-BVBRC_genome_sequence,95823.8,94518.4,190342.21,222.85,219.81,442.66,221.33,430.0, sdumont6165,84702283.45
22879.0,48768,508,4216438.0,167884.0,159548.0,4222584.0,2181.12,4577.28,2191.36,4587.52,1.0,0,496.0,974.0,2n-1m-48th-1000bs-377019s-DENV_1-usa-BVBRC_genome_sequence,sequana_cpu_dev,2,11543502.0,1,48,1000,377019,DENV_1-usa-BVBRC_genome_sequence,115216.87,119784.74,235001.61,227.7,236.73,464.43,232.22,506.0, sdumont6166,119380817.88
22807.0,47808,498,4216584.0,161676.0,157644.0,4222728.0,2181.12,4577.28,2191.36,4577.28,1.0,0,408.0,683.0,2n-1m-48th-1000bs-377019s-DENV_1-usa-BVBRC_genome_sequence,sequana_cpu_dev,2,11543505.0,1,48,1000,377019,DENV_1-usa-BVBRC_genome_sequence,116543.33,116870.96,233414.28,234.49,235.15,469.65,234.82,497.0, sdumont6166,116240311.44
22908.0,47136,491,4219290.0,165512.0,160354.0,4228288.0,2181.12,4577.28,2191.36,4577.28,1.0,0,42.0,57.0,2n-1m-48th-1000bs-377019s-DENV_1-usa-BVBRC_genome_sequence,sequana_cpu_dev,2,11543509.0,1,48,1000,377019,DENV_1-usa-BVBRC_genome_sequence,116479.05,116138.04,232617.09,238.2,237.5,475.7,237.85,489.0, sdumont6166,114214991.19
21440.0,45600,475,4216510.0,163496.0,158396.0,4222732.0,2140.16,4567.04,2140.16,4567.04,1.0,0,40.0,50.0,2n-1m-48th-1000bs-377019s-DENV_1-usa-BVBRC_genome_sequence,sequana_cpu_dev,2,11543511.0,1,48,1000,377019,DENV_1-usa-BVBRC_genome_sequence,112792.53,112511.71,225304.24,237.96,237.37,475.33,237.66,474.0, sdumont6166,107019514.0
22878.0,48576,506,4216510.0,166064.0,159774.0,4222584.0,2181.12,4577.28,2191.36,4577.28,1.0,0,32.0,34.0,2n-1m-48th-1000bs-377019s-DENV_1-usa-BVBRC_genome_sequence,sequana_cpu_dev,2,11543516.0,1,48,1000,377019,DENV_1-usa-BVBRC_genome_sequence,120620.77,120346.54,240967.32,239.33,238.78,478.11,239.05,504.0, sdumont6166,121929463.92
536.0,2200,275,907503.0,156352.0,150410.0,1131460.0,1822.72,4526.08,2478.08,4935.68,1.0,0,0.0,0.0,2n-2m-2th-1000bs-377019s-DENV_1-usa-BVBRC_genome_sequence,sequana_cpu_dev,2,11543519.0,2,2,1000,377019,DENV_1-usa-BVBRC_genome_sequence,34236.08,35071.37,69307.45,124.95,128.0,252.95,126.47,274.0, sdumont6166,19059548.75
539.0,2216,277,907488.0,156884.0,150539.0,1131488.0,1822.72,4526.08,2488.32,4935.68,1.0,0,0.0,0.0,2n-2m-2th-1000bs-377019s-DENV_1-usa-BVBRC_genome_sequence,sequana_cpu_dev,2,11543520.0,2,2,1000,377019,DENV_1-usa-BVBRC_genome_sequence,34072.74,34879.74,68952.47,123.69,126.62,250.31,125.16,275.5, sdumont6166,19099834.19
536.0,2208,276,907554.0,156548.0,149976.0,1131432.0,1822.72,4526.08,2488.32,4935.68,1.0,0,0.0,0.0,2n-2m-2th-1000bs-377019s-DENV_1-usa-BVBRC_genome_sequence,sequana_cpu_dev,2,11543521.0,2,2,1000,377019,DENV_1-usa-BVBRC_genome_sequence,31295.63,33393.18,64688.82,113.8,121.43,235.23,117.62,275.0, sdumont6165,17854114.32
539.0,2224,278,907566.0,158432.0,150498.0,1131476.0,1832.96,4526.08,2498.56,4935.68,1.0,0,0.0,0.0,2n-2m-2th-1000bs-377019s-DENV_1-usa-BVBRC_genome_sequence,sequana_cpu_dev,2,11543523.0,2,2,1000,377019,DENV_1-usa-BVBRC_genome_sequence,32438.42,34631.17,67069.58,117.11,125.02,242.13,121.06,277.0, sdumont6166,18645343.24
539.0,2264,283,907504.0,156260.0,150381.0,1131472.0,1822.72,4526.08,2498.56,4935.68,2.0,0,0.0,0.0,2n-2m-2th-1000bs-377019s-DENV_1-usa-BVBRC_genome_sequence,sequana_cpu_dev,2,11543525.0,2,2,1000,377019,DENV_1-usa-BVBRC_genome_sequence,32318.89,34598.39,66917.28,114.81,122.9,237.71,118.86,281.5, sdumont6165,18937590.24
637.0,2800,175,1041963.0,156732.0,149653.0,1270076.0,1751.04,4515.84,2334.72,4935.68,1.0,0,0.0,2.0,2n-2m-4th-1000bs-377019s-DENV_1-usa-BVBRC_genome_sequence,sequana_cpu_dev,2,11543531.0,2,4,1000,377019,DENV_1-usa-BVBRC_genome_sequence,25216.71,26713.82,51930.53,144.92,153.53,298.45,149.23,174.0, sdumont6165,9087842.75
635.0,2752,172,1041964.0,152452.0,146952.0,1265840.0,1730.56,4526.08,2314.24,4935.68,1.0,0,0.0,0.0,2n-2m-4th-1000bs-377019s-DENV_1-usa-BVBRC_genome_sequence,sequana_cpu_dev,2,11543533.0,2,4,1000,377019,DENV_1-usa-BVBRC_genome_sequence,23872.76,25391.13,49263.88,139.61,148.49,288.09,144.05,171.0, sdumont6165,8473387.36
634.0,2752,172,1042026.0,156784.0,147072.0,1270104.0,1740.8,4526.08,2314.24,4935.68,1.0,0,0.0,1.0,2n-2m-4th-1000bs-377019s-DENV_1-usa-BVBRC_genome_sequence,sequana_cpu_dev,2,11543534.0,2,4,1000,377019,DENV_1-usa-BVBRC_genome_sequence,23856.74,25293.0,49149.74,139.51,147.91,287.43,143.71,171.0, sdumont6165,8453755.28
633.0,2768,173,1041972.0,152408.0,146352.0,1270068.0,1740.8,4515.84,2324.48,4935.68,1.0,0,0.0,1.0,2n-2m-4th-1000bs-377019s-DENV_1-usa-BVBRC_genome_sequence,sequana_cpu_dev,2,11543535.0,2,4,1000,377019,DENV_1-usa-BVBRC_genome_sequence,23788.38,25209.57,48997.95,138.3,146.57,284.87,142.44,172.0, sdumont6166,8476645.35
629.0,2704,169,1041937.0,160632.0,149466.0,1265872.0,1740.8,4526.08,2314.24,4935.68,1.0,0,0.0,1.0,2n-2m-4th-1000bs-377019s-DENV_1-usa-BVBRC_genome_sequence,sequana_cpu_dev,2,11543538.0,2,4,1000,377019,DENV_1-usa-BVBRC_genome_sequence,23921.4,25395.77,49317.17,142.39,151.17,293.55,146.78,168.0, sdumont6165,8334601.729999999
734.0,3264,136,1176849.0,154708.0,148133.0,1400768.0,1720.32,4526.08,2273.28,4935.68,1.0,0,1.0,3.0,2n-2m-6th-1000bs-377019s-DENV_1-usa-BVBRC_genome_sequence,sequana_cpu_dev,2,11543541.0,2,6,1000,377019,DENV_1-usa-BVBRC_genome_sequence,23073.48,23967.61,47041.1,172.19,178.86,351.05,175.53,134.0, sdumont6165,6397589.6
756.0,3408,142,1176851.0,156984.0,147721.0,1400768.0,1710.08,4515.84,2273.28,4935.68,1.0,0,1.0,1.0,2n-2m-6th-1000bs-377019s-DENV_1-usa-BVBRC_genome_sequence,sequana_cpu_dev,2,11543548.0,2,6,1000,377019,DENV_1-usa-BVBRC_genome_sequence,22550.05,23465.59,46015.64,159.93,166.42,326.35,163.18,141.0, sdumont6165,6534220.88
757.0,3264,136,1176864.0,154700.0,148127.0,1404968.0,1710.08,4526.08,2273.28,4935.68,1.0,0,0.0,1.0,2n-2m-6th-1000bs-377019s-DENV_1-usa-BVBRC_genome_sequence,sequana_cpu_dev,2,11543561.0,2,6,1000,377019,DENV_1-usa-BVBRC_genome_sequence,23022.01,23912.38,46934.39,170.53,177.13,347.66,173.83,135.0, sdumont6165,6383077.04
762.0,3312,138,1176865.0,156712.0,148097.0,1404968.0,1720.32,4526.08,2273.28,4935.68,1.0,0,0.0,1.0,2n-2m-6th-1000bs-377019s-DENV_1-usa-BVBRC_genome_sequence,sequana_cpu_dev,2,11543562.0,2,6,1000,377019,DENV_1-usa-BVBRC_genome_sequence,23006.98,23897.21,46904.18,167.93,174.43,342.37,171.18,137.0, sdumont6166,6472776.84
759.0,3312,138,1176868.0,154644.0,147116.0,1400776.0,1710.08,4515.84,2273.28,4935.68,1.0,0,0.0,1.0,2n-2m-6th-1000bs-377019s-DENV_1-usa-BVBRC_genome_sequence,sequana_cpu_dev,2,11543566.0,2,6,1000,377019,DENV_1-usa-BVBRC_genome_sequence,23027.09,23883.56,46910.65,169.32,175.61,344.93,172.47,136.0, sdumont6165,6473669.7
963.0,4000,125,1311864.0,156884.0,149209.0,1535828.0,1710.08,4526.08,2252.8,4935.68,1.0,0,1.0,2.0,2n-2m-8th-1000bs-377019s-DENV_1-usa-BVBRC_genome_sequence,sequana_cpu_dev,2,11543569.0,2,8,1000,377019,DENV_1-usa-BVBRC_genome_sequence,23546.18,25023.73,48569.91,189.89,201.8,391.69,195.85,124.0, sdumont6166,6071238.75
962.0,4064,127,1311874.0,154936.0,146796.0,1540024.0,1576.96,4403.2,1740.8,4403.2,1.0,0,1.0,3.0,2n-2m-8th-1000bs-377019s-DENV_1-usa-BVBRC_genome_sequence,sequana_cpu_dev,2,11543572.0,2,8,1000,377019,DENV_1-usa-BVBRC_genome_sequence,23413.18,24901.43,48314.6,185.82,197.63,383.45,191.72,126.0, sdumont6165,6135954.2
952.0,3936,123,1311917.0,152684.0,147210.0,1535824.0,1699.84,4526.08,2242.56,4935.68,1.0,0,2.0,3.0,2n-2m-8th-1000bs-377019s-DENV_1-usa-BVBRC_genome_sequence,sequana_cpu_dev,2,11543574.0,2,8,1000,377019,DENV_1-usa-BVBRC_genome_sequence,21509.85,22846.25,44356.1,176.31,187.26,363.57,181.79,122.0, sdumont6166,5455800.3
956.0,3936,123,1311905.0,152840.0,147749.0,1535796.0,1710.08,4536.32,2242.56,4935.68,1.0,0,1.0,4.0,2n-2m-8th-1000bs-377019s-DENV_1-usa-BVBRC_genome_sequence,sequana_cpu_dev,2,11543576.0,2,8,1000,377019,DENV_1-usa-BVBRC_genome_sequence,21579.64,22939.83,44519.47,175.44,186.5,361.95,180.97,123.0, sdumont6165,5475894.8100000005
967.0,4032,126,1311879.0,157000.0,147813.0,1540028.0,1710.08,4526.08,2263.04,4935.68,1.0,0,1.0,2.0,2n-2m-8th-1000bs-377019s-DENV_1-usa-BVBRC_genome_sequence,sequana_cpu_dev,2,11543579.0,2,8,1000,377019,DENV_1-usa-BVBRC_genome_sequence,23498.99,24952.12,48451.1,187.99,199.62,387.61,193.8,125.0, sdumont6165,6104838.6
1030.0,4760,119,1447008.0,153172.0,147303.0,1675200.0,1566.72,4382.72,1720.32,4403.2,1.0,0,3.0,4.0,2n-2m-10th-1000bs-377019s-DENV_1-usa-BVBRC_genome_sequence,sequana_cpu_dev,2,11543580.0,2,10,1000,377019,DENV_1-usa-BVBRC_genome_sequence,23380.86,24149.01,47529.87,198.14,204.65,402.8,201.4,118.0, sdumont6165,5656054.53
1015.0,4840,121,1446982.0,157000.0,148778.0,1670900.0,1699.84,4505.6,2252.8,4935.68,1.0,0,178.0,438.0,2n-2m-10th-1000bs-377019s-DENV_1-usa-BVBRC_genome_sequence,sequana_cpu_dev,2,11543583.0,2,10,1000,377019,DENV_1-usa-BVBRC_genome_sequence,24546.19,24470.14,49016.32,206.27,205.63,411.9,205.95,119.0, sdumont6166,5930974.72
1025.0,4720,118,1446974.0,153108.0,146883.0,1670900.0,1699.84,4505.6,2252.8,4935.68,1.0,0,2.0,5.0,2n-2m-10th-1000bs-377019s-DENV_1-usa-BVBRC_genome_sequence,sequana_cpu_dev,2,11543585.0,2,10,1000,377019,DENV_1-usa-BVBRC_genome_sequence,24827.58,24762.16,49589.74,212.2,211.64,423.84,211.92,117.0, sdumont6166,5851589.319999999
1179.0,4920,123,1446972.0,156236.0,149914.0,1670900.0,1710.08,4526.08,2252.8,4935.68,1.0,0,126.0,259.0,2n-2m-10th-1000bs-377019s-DENV_1-usa-BVBRC_genome_sequence,sequana_cpu_dev,2,11543589.0,2,10,1000,377019,DENV_1-usa-BVBRC_genome_sequence,24590.04,25645.82,50235.85,201.56,210.21,411.77,205.88,122.0, sdumont6168,6179009.55
1024.0,4760,119,1446982.0,152940.0,146276.0,1670900.0,1689.6,4505.6,2242.56,4935.68,1.0,0,3.0,9.0,2n-2m-10th-1000bs-377019s-DENV_1-usa-BVBRC_genome_sequence,sequana_cpu_dev,2,11543591.0,2,10,1000,377019,DENV_1-usa-BVBRC_genome_sequence,24770.32,25836.48,50606.8,213.54,222.73,436.27,218.13,116.0, sdumont6168,6022209.2
1230.0,5712,119,1582165.0,153932.0,147506.0,1810308.0,1710.08,4515.84,2242.56,4935.68,1.0,0,5.0,7.0,2n-2m-12th-1000bs-377019s-DENV_1-usa-BVBRC_genome_sequence,sequana_cpu_dev,2,11543597.0,2,12,1000,377019,DENV_1-usa-BVBRC_genome_sequence,24963.29,27500.22,52463.51,213.36,235.04,448.41,224.2,117.0, sdumont6167,6243157.69
1429.0,5904,123,1582184.0,154328.0,148522.0,1806112.0,1699.84,4526.08,2252.8,4935.68,1.0,0,7.0,8.0,2n-2m-12th-1000bs-377019s-DENV_1-usa-BVBRC_genome_sequence,sequana_cpu_dev,2,11543598.0,2,12,1000,377019,DENV_1-usa-BVBRC_genome_sequence,25025.08,27617.33,52642.41,207.73,229.18,436.9,218.45,120.5, sdumont6168,6475016.430000001
1238.0,5760,120,1582152.0,155268.0,147953.0,1806112.0,1699.84,4515.84,2252.8,4935.68,1.0,0,5.0,10.0,2n-2m-12th-1000bs-377019s-DENV_1-usa-BVBRC_genome_sequence,sequana_cpu_dev,2,11543599.0,2,12,1000,377019,DENV_1-usa-BVBRC_genome_sequence,24990.33,27739.0,52729.33,211.78,235.08,446.86,223.43,118.0, sdumont6168,6327519.600000001
1222.0,5616,117,1582175.0,155304.0,146940.0,1810308.0,1699.84,4515.84,2252.8,4935.68,1.0,0,8.0,11.0,2n-2m-12th-1000bs-377019s-DENV_1-usa-BVBRC_genome_sequence,sequana_cpu_dev,2,11543602.0,2,12,1000,377019,DENV_1-usa-BVBRC_genome_sequence,25029.85,27654.38,52684.23,217.65,240.47,458.12,229.06,115.0, sdumont6167,6164054.91
1230.0,5712,119,1582161.0,153328.0,146986.0,1810308.0,1710.08,4515.84,2242.56,4935.68,2.0,0,4.0,8.0,2n-2m-12th-1000bs-377019s-DENV_1-usa-BVBRC_genome_sequence,sequana_cpu_dev,2,11543604.0,2,12,1000,377019,DENV_1-usa-BVBRC_genome_sequence,25032.1,27513.37,52545.47,213.95,235.16,449.11,224.55,117.0, sdumont6167,6252910.93
1453.0,6832,122,1717269.0,155360.0,147030.0,1945416.0,1710.08,4515.84,2293.76,4935.68,3.0,0,8.0,18.0,2n-2m-14th-1000bs-377019s-DENV_1-usa-BVBRC_genome_sequence,sequana_cpu_dev,2,11543606.0,2,14,1000,377019,DENV_1-usa-BVBRC_genome_sequence,25177.21,26399.59,51576.8,211.57,221.85,433.42,216.71,119.0, sdumont6167,6292369.600000001
1347.0,6776,121,1717298.0,155188.0,148654.0,1945488.0,1710.08,4515.84,2242.56,4935.68,1.0,0,5.0,12.0,2n-2m-14th-1000bs-377019s-DENV_1-usa-BVBRC_genome_sequence,sequana_cpu_dev,2,11543609.0,2,14,1000,377019,DENV_1-usa-BVBRC_genome_sequence,25234.45,26486.87,51721.32,212.05,222.58,434.63,217.32,119.0, sdumont6167,6258279.72
1344.0,6720,120,1717262.0,153532.0,148145.0,1945416.0,1720.32,4515.84,2252.8,4935.68,1.0,0,6.0,10.0,2n-2m-14th-1000bs-377019s-DENV_1-usa-BVBRC_genome_sequence,sequana_cpu_dev,2,11543611.0,2,14,1000,377019,DENV_1-usa-BVBRC_genome_sequence,25210.33,26559.22,51769.54,213.65,225.08,438.72,219.36,118.0, sdumont6167,6212344.8
1345.0,6720,120,1717251.0,155132.0,148453.0,1945488.0,1710.08,4515.84,2252.8,4935.68,1.0,0,6.0,13.0,2n-2m-14th-1000bs-377019s-DENV_1-usa-BVBRC_genome_sequence,sequana_cpu_dev,2,11543612.0,2,14,1000,377019,DENV_1-usa-BVBRC_genome_sequence,25304.73,26575.47,51880.2,212.64,223.32,435.97,217.98,119.0, sdumont6167,6225624.0
1443.0,6720,120,1717267.0,153176.0,146986.0,1941220.0,1699.84,4515.84,2252.8,4935.68,1.0,0,10.0,14.0,2n-2m-14th-1000bs-377019s-DENV_1-usa-BVBRC_genome_sequence,sequana_cpu_dev,2,11543613.0,2,14,1000,377019,DENV_1-usa-BVBRC_genome_sequence,25285.8,26524.26,51810.06,214.29,224.78,439.07,219.53,118.0, sdumont6168,6217207.199999999
1939.0,8128,127,1852367.0,155624.0,147587.0,2076276.0,1710.08,4526.08,2263.04,4935.68,1.0,0,8.0,11.0,2n-2m-16th-1000bs-377019s-DENV_1-usa-BVBRC_genome_sequence,sequana_cpu_dev,2,11543615.0,2,16,1000,377019,DENV_1-usa-BVBRC_genome_sequence,27907.46,30438.03,58345.5,223.26,243.5,466.76,233.38,125.0, sdumont6167,7409878.5
1903.0,7808,122,1852408.0,156980.0,147604.0,2076276.0,1710.08,4526.08,2242.56,4935.68,1.0,0,12.0,18.0,2n-2m-16th-1000bs-377019s-DENV_1-usa-BVBRC_genome_sequence,sequana_cpu_dev,2,11543616.0,2,16,1000,377019,DENV_1-usa-BVBRC_genome_sequence,25393.47,27756.13,53149.59,211.61,231.3,442.91,221.46,120.0, sdumont6168,6484249.98
1924.0,8000,125,1852421.0,159236.0,149755.0,2080468.0,1720.32,4526.08,2263.04,4935.68,1.0,0,80.0,149.0,2n-2m-16th-1000bs-377019s-DENV_1-usa-BVBRC_genome_sequence,sequana_cpu_dev,2,11543618.0,2,16,1000,377019,DENV_1-usa-BVBRC_genome_sequence,26136.89,28384.89,54521.78,212.5,230.77,443.27,221.63,123.0, sdumont6166,6815222.5
1914.0,8064,126,1852378.0,157172.0,150755.0,2076276.0,1699.84,4526.08,2211.84,4935.68,21.0,0,193.0,479.0,2n-2m-16th-1000bs-377019s-DENV_1-usa-BVBRC_genome_sequence,sequana_cpu_dev,2,11543621.0,2,16,1000,377019,DENV_1-usa-BVBRC_genome_sequence,26783.1,29980.34,56763.43,214.26,239.84,454.11,227.05,125.0, sdumont6168,7152192.18
1926.0,8256,129,1852426.0,157256.0,149789.0,2080660.0,1720.32,4536.32,2273.28,4935.68,22.0,0,4.0,16.0,2n-2m-16th-1000bs-377019s-DENV_1-usa-BVBRC_genome_sequence,sequana_cpu_dev,2,11543623.0,2,16,1000,377019,DENV_1-usa-BVBRC_genome_sequence,26865.77,30183.06,57048.83,213.22,239.55,452.77,226.38,126.0, sdumont6169,7359299.07
2164.0,9144,127,1987626.0,153272.0,147808.0,2211452.0,1720.32,4526.08,2273.28,4935.68,5.0,0,8.0,14.0,2n-2m-18th-1000bs-377019s-DENV_1-usa-BVBRC_genome_sequence,sequana_cpu_dev,2,11543624.0,2,18,1000,377019,DENV_1-usa-BVBRC_genome_sequence,27203.08,28717.03,55920.11,215.9,227.91,443.81,221.91,126.0, sdumont6168,7101853.97
2214.0,9720,135,1993426.0,155296.0,148998.0,2216472.0,2365.44,4526.08,4720.64,4935.68,1.0,0,326.0,424.0,2n-2m-18th-1000bs-377019s-DENV_1-usa-BVBRC_genome_sequence,sequana_cpu_dev,2,11543627.0,2,18,1000,377019,DENV_1-usa-BVBRC_genome_sequence,28967.19,29123.17,58090.36,217.8,218.97,436.77,218.38,133.0, sdumont6064,7842198.6
2208.0,9288,129,1993428.0,163864.0,152643.0,2216472.0,2314.24,4526.08,4536.32,4935.68,1.0,0,11.0,16.0,2n-2m-18th-1000bs-377019s-DENV_1-usa-BVBRC_genome_sequence,sequana_cpu_dev,2,11543628.0,2,18,1000,377019,DENV_1-usa-BVBRC_genome_sequence,26885.35,27321.61,54206.96,210.89,214.32,425.21,212.6,127.5, sdumont6169,6992697.84
2200.0,9216,128,1987586.0,161224.0,150841.0,2211452.0,1710.08,4526.08,2273.28,4935.68,1.0,0,15.0,19.0,2n-2m-18th-1000bs-377019s-DENV_1-usa-BVBRC_genome_sequence,sequana_cpu_dev,2,11543629.0,2,18,1000,377019,DENV_1-usa-BVBRC_genome_sequence,27083.96,28552.16,55636.13,213.26,224.82,438.08,219.04,127.0, sdumont6168,7121424.64
2198.0,9216,128,1987628.0,155232.0,147829.0,2215648.0,1720.32,4526.08,2273.28,4935.68,1.0,0,15.0,20.0,2n-2m-18th-1000bs-377019s-DENV_1-usa-BVBRC_genome_sequence,sequana_cpu_dev,2,11543631.0,2,18,1000,377019,DENV_1-usa-BVBRC_genome_sequence,27097.75,28589.4,55687.15,213.37,225.11,438.48,219.24,127.0, sdumont6169,7127955.2
2429.0,10640,133,2122823.0,155660.0,149004.0,2350956.0,1720.32,4526.08,2263.04,4935.68,1175.0,0,9.0,13.0,2n-2m-20th-1000bs-377019s-DENV_1-usa-BVBRC_genome_sequence,sequana_cpu_dev,2,11543632.0,2,20,1000,377019,DENV_1-usa-BVBRC_genome_sequence,28027.82,30055.5,58083.32,213.95,229.43,443.38,221.69,131.0, sdumont6169,7725081.56
2470.0,10480,131,2122785.0,161740.0,151985.0,2350956.0,1710.08,4526.08,2263.04,4935.68,1.0,0,21.0,28.0,2n-2m-20th-1000bs-377019s-DENV_1-usa-BVBRC_genome_sequence,sequana_cpu_dev,2,11543657.0,2,20,1000,377019,DENV_1-usa-BVBRC_genome_sequence,27977.02,29960.4,57937.42,215.21,230.46,445.67,222.84,130.0, sdumont6168,7589802.02
2441.0,10880,136,2122796.0,160008.0,150080.0,2346756.0,1720.32,4526.08,2283.52,4935.68,1.0,0,12.0,24.0,2n-2m-20th-1000bs-377019s-DENV_1-usa-BVBRC_genome_sequence,sequana_cpu_dev,2,11543659.0,2,20,1000,377019,DENV_1-usa-BVBRC_genome_sequence,30519.96,32870.81,63390.77,229.47,247.15,476.62,238.31,133.0, sdumont6169,8621144.719999999
2507.0,11200,140,2122785.0,160812.0,153129.0,2346756.0,1720.32,4515.84,2283.52,4935.68,1.0,0,150.0,276.0,2n-2m-20th-1000bs-377019s-DENV_1-usa-BVBRC_genome_sequence,sequana_cpu_dev,2,11543661.0,2,20,1000,377019,DENV_1-usa-BVBRC_genome_sequence,29294.45,30660.51,59954.96,210.75,220.58,431.33,215.67,139.0, sdumont6166,8393694.4
2454.0,10320,129,2122792.0,155636.0,149075.0,2346756.0,1720.32,4526.08,2273.28,4935.68,1.0,0,15.0,20.0,2n-2m-20th-1000bs-377019s-DENV_1-usa-BVBRC_genome_sequence,sequana_cpu_dev,2,11543662.0,2,20,1000,377019,DENV_1-usa-BVBRC_genome_sequence,27189.09,28436.71,55625.8,213.25,223.02,436.27,218.14,127.5, sdumont6165,7175728.2
2746.0,11792,134,2257975.0,155900.0,148728.0,2486140.0,1720.32,4526.08,2263.04,4935.68,1.0,0,20.0,21.0,2n-2m-22th-1000bs-377019s-DENV_1-usa-BVBRC_genome_sequence,sequana_cpu_dev,2,11543664.0,2,22,1000,377019,DENV_1-usa-BVBRC_genome_sequence,28047.76,28962.73,57010.49,212.48,219.41,431.9,215.95,132.0, sdumont6166,7639405.66
2727.0,11616,132,2257979.0,158164.0,148746.0,2486140.0,1720.32,4526.08,2263.04,4935.68,1.0,0,18.0,21.0,2n-2m-22th-1000bs-377019s-DENV_1-usa-BVBRC_genome_sequence,sequana_cpu_dev,2,11543665.0,2,22,1000,377019,DENV_1-usa-BVBRC_genome_sequence,28129.14,29012.71,57141.85,216.38,223.17,439.55,219.78,130.0, sdumont6165,7542724.2
2794.0,12144,138,2258012.0,157992.0,149224.0,2486140.0,1730.56,4526.08,2293.76,4935.68,1.0,0,17.0,23.0,2n-2m-22th-1000bs-377019s-DENV_1-usa-BVBRC_genome_sequence,sequana_cpu_dev,2,11543666.0,2,22,1000,377019,DENV_1-usa-BVBRC_genome_sequence,30334.05,31299.14,61633.19,222.23,229.28,451.51,225.76,136.5, sdumont6166,8505380.22
2739.0,11704,133,2257977.0,156580.0,149680.0,2481928.0,1710.08,4526.08,2263.04,4935.68,1.0,0,12.0,17.0,2n-2m-22th-1000bs-377019s-DENV_1-usa-BVBRC_genome_sequence,sequana_cpu_dev,2,11543667.0,2,22,1000,377019,DENV_1-usa-BVBRC_genome_sequence,28161.73,28911.11,57072.84,214.16,219.84,434.0,217.0,131.5, sdumont6165,7590687.72
2671.0,11616,132,2257978.0,156696.0,150170.0,2486140.0,1720.32,4526.08,2273.28,4935.68,1.0,0,14.0,24.0,2n-2m-22th-1000bs-377019s-DENV_1-usa-BVBRC_genome_sequence,sequana_cpu_dev,2,11543670.0,2,22,1000,377019,DENV_1-usa-BVBRC_genome_sequence,28125.66,28935.28,57060.95,215.53,221.71,437.24,218.62,130.5, sdumont6165,7532045.399999999
3568.0,14880,155,2393129.0,158036.0,150790.0,2617128.0,1730.56,4536.32,2304.0,4935.68,1.0,0,23.0,29.0,2n-2m-24th-1000bs-377019s-DENV_1-usa-BVBRC_genome_sequence,sequana_cpu_dev,2,11543672.0,2,24,1000,377019,DENV_1-usa-BVBRC_genome_sequence,34423.55,35494.27,69917.82,227.97,235.06,463.03,231.52,151.0, sdumont6166,10837262.1
3588.0,15264,159,2393128.0,162308.0,150874.0,2617128.0,1761.28,4536.32,2314.24,4935.68,1.0,0,16.0,27.0,2n-2m-24th-1000bs-377019s-DENV_1-usa-BVBRC_genome_sequence,sequana_cpu_dev,2,11543674.0,2,24,1000,377019,DENV_1-usa-BVBRC_genome_sequence,36925.33,38301.16,75226.49,235.19,243.96,479.15,239.57,157.0, sdumont6165,11961011.91
3645.0,15264,159,2393104.0,161904.0,154351.0,2617000.0,1730.56,4536.32,2324.48,4935.68,1.0,0,28.0,35.0,2n-2m-24th-1000bs-377019s-DENV_1-usa-BVBRC_genome_sequence,sequana_cpu_dev,2,11543675.0,2,24,1000,377019,DENV_1-usa-BVBRC_genome_sequence,36946.34,38191.53,75137.87,235.33,243.26,478.59,239.29,157.0, sdumont6166,11946921.33
3576.0,14784,154,2393161.0,158096.0,150375.0,2621304.0,1740.8,4536.32,2304.0,4935.68,1.0,0,19.0,25.0,2n-2m-24th-1000bs-377019s-DENV_1-usa-BVBRC_genome_sequence,sequana_cpu_dev,2,11543677.0,2,24,1000,377019,DENV_1-usa-BVBRC_genome_sequence,34494.09,35557.98,70052.06,226.93,233.93,460.87,230.43,152.0, sdumont6165,10788017.24
3548.0,15264,159,2393102.0,157956.0,149775.0,2617000.0,1751.04,4536.32,2344.96,4935.68,1.0,0,16.0,43.0,2n-2m-24th-1000bs-377019s-DENV_1-usa-BVBRC_genome_sequence,sequana_cpu_dev,2,11543680.0,2,24,1000,377019,DENV_1-usa-BVBRC_genome_sequence,37015.66,38194.54,75210.19,235.02,242.49,477.51,238.75,157.5, sdumont6166,11958420.21
707.0,2238,373,1114970.666015625,156532.0,156364.0,1115108.0,1996.8,4454.4,1996.8,4454.4,1.0,0,137.0,356.0,3n-1m-2th-1000bs-377019s-DENV_1-usa-BVBRC_genome_sequence,sequana_cpu_dev,3,11543685.0,1,2,1000,377019,DENV_1-usa-BVBRC_genome_sequence,67260.49,44308.75,111569.24,180.81,119.11,299.92,99.97,372.0, sdumont6169,41615326.52
711.0,2208,368,1115006.666015625,162484.0,159064.0,1115096.0,1996.8,4454.4,1996.8,4454.4,1.0,0,0.0,0.0,3n-1m-2th-1000bs-377019s-DENV_1-usa-BVBRC_genome_sequence,sequana_cpu_dev,3,11543698.0,1,2,1000,377019,DENV_1-usa-BVBRC_genome_sequence,65414.74,43029.29,108444.03,178.24,117.25,295.49,98.5,367.0, sdumont6166,39907403.04
710.0,2214,369,1110888.0,162332.0,156484.0,1115020.0,1996.8,4454.4,1996.8,4454.4,1.0,0,0.0,0.0,3n-1m-2th-1000bs-377019s-DENV_1-usa-BVBRC_genome_sequence,sequana_cpu_dev,3,11543701.0,1,2,1000,377019,DENV_1-usa-BVBRC_genome_sequence,67207.12,44146.67,111353.79,182.63,119.96,302.59,100.86,368.0, sdumont6169,41089548.51
709.0,2238,373,1115065.3330078125,160860.0,158016.0,1115244.0,1996.8,4454.4,1996.8,4454.4,1.0,0,125.0,375.0,3n-1m-2th-1000bs-377019s-DENV_1-usa-BVBRC_genome_sequence,sequana_cpu_dev,3,11543705.0,1,2,1000,377019,DENV_1-usa-BVBRC_genome_sequence,68339.74,45414.26,113754.0,183.71,122.08,305.79,101.93,372.0, sdumont6167,42430242.0
713.0,2226,371,1115005.3330078125,158516.0,158386.666015625,1115116.0,1996.8,4454.4,1996.8,4464.64,1.0,0,0.0,0.0,3n-1m-2th-1000bs-377019s-DENV_1-usa-BVBRC_genome_sequence,sequana_cpu_dev,3,11543710.0,1,2,1000,377019,DENV_1-usa-BVBRC_genome_sequence,68546.89,45417.84,113964.73,185.26,122.75,308.01,102.67,370.0, sdumont6166,42280914.83
831.0,2736,228,1249484.0,163000.0,158016.0,1249664.0,1751.04,4444.16,1751.04,4444.16,1.0,0,0.0,1.0,3n-1m-4th-1000bs-377019s-DENV_1-usa-BVBRC_genome_sequence,sequana_cpu_dev,3,11543716.0,1,4,1000,377019,DENV_1-usa-BVBRC_genome_sequence,51531.58,27734.09,79265.66,227.01,122.18,349.19,116.4,227.0, sdumont6166,18072570.48
931.0,2952,246,1249401.3330078125,162952.0,160876.0,1249520.0,1802.24,4454.4,1802.24,4454.4,1.0,0,1.0,2.0,3n-1m-4th-1000bs-377019s-DENV_1-usa-BVBRC_genome_sequence,sequana_cpu_dev,3,11543722.0,1,4,1000,377019,DENV_1-usa-BVBRC_genome_sequence,54681.47,29864.43,84545.89,223.19,121.9,345.09,115.03,245.0, sdumont6166,20798288.94
937.0,2904,242,1249400.0,160964.0,159436.0,1249516.0,1802.24,4454.4,1802.24,4454.4,1.0,0,0.0,1.0,3n-1m-4th-1000bs-377019s-DENV_1-usa-BVBRC_genome_sequence,sequana_cpu_dev,3,11543733.0,1,4,1000,377019,DENV_1-usa-BVBRC_genome_sequence,53279.64,28961.97,82241.62,221.08,120.17,341.25,113.75,241.0, sdumont6165,19902472.04
831.0,2724,227,1249400.0,162656.0,161209.3330078125,1249516.0,1751.04,4444.16,1751.04,4444.16,1.0,0,0.0,1.0,3n-1m-4th-1000bs-377019s-DENV_1-usa-BVBRC_genome_sequence,sequana_cpu_dev,3,11543740.0,1,4,1000,377019,DENV_1-usa-BVBRC_genome_sequence,51565.26,27774.59,79339.84,228.16,122.9,351.06,117.02,226.0, sdumont6167,18010143.68
827.0,2748,229,1249482.666015625,162856.0,159332.0,1249656.0,1751.04,4433.92,1751.04,4444.16,3.0,0,18.0,52.0,3n-1m-4th-1000bs-377019s-DENV_1-usa-BVBRC_genome_sequence,sequana_cpu_dev,3,11543744.0,1,4,1000,377019,DENV_1-usa-BVBRC_genome_sequence,51344.37,27706.21,79050.59,226.19,122.05,348.24,116.08,227.0, sdumont6165,18102585.11
1067.0,3456,192,1384362.666015625,164844.0,162198.666015625,1384600.0,1699.84,4454.4,1699.84,4454.4,1.0,0,0.0,1.0,3n-1m-6th-1000bs-377019s-DENV_1-usa-BVBRC_genome_sequence,sequana_cpu_dev,3,11543749.0,1,6,1000,377019,DENV_1-usa-BVBRC_genome_sequence,49490.92,22681.61,72172.53,267.52,122.6,390.12,130.04,185.0, sdumont6166,13857125.76
1067.0,3312,184,1380237.3330078125,159172.0,154824.0,1384424.0,1699.84,4454.4,1699.84,4454.4,1.0,0,1.0,2.0,3n-1m-6th-1000bs-377019s-DENV_1-usa-BVBRC_genome_sequence,sequana_cpu_dev,3,11543757.0,1,6,1000,377019,DENV_1-usa-BVBRC_genome_sequence,46924.02,21461.42,68385.44,256.42,117.28,373.69,124.56,183.0, sdumont6165,12582920.96
1067.0,3276,182,1384270.666015625,162680.0,160761.3330078125,1384324.0,1699.84,4454.4,1699.84,4454.4,1.0,0,1.0,2.0,3n-1m-6th-1000bs-377019s-DENV_1-usa-BVBRC_genome_sequence,sequana_cpu_dev,3,11543758.0,1,6,1000,377019,DENV_1-usa-BVBRC_genome_sequence,47010.66,21456.84,68467.5,259.73,118.55,378.27,126.09,181.0, sdumont6165,12461085.0
1060.0,3420,190,1384324.0,158660.0,157474.666015625,1384444.0,1699.84,4444.16,1699.84,4454.4,1.0,0,85.0,255.0,3n-1m-6th-1000bs-377019s-DENV_1-usa-BVBRC_genome_sequence,sequana_cpu_dev,3,11543759.0,1,6,1000,377019,DENV_1-usa-BVBRC_genome_sequence,49355.4,22688.18,72043.58,261.14,120.04,381.18,127.06,189.0, sdumont6167,13688280.2
1063.0,3438,191,1384274.666015625,166456.0,161464.0,1384296.0,1699.84,4444.16,1699.84,4454.4,1.0,0,0.0,1.0,3n-1m-6th-1000bs-377019s-DENV_1-usa-BVBRC_genome_sequence,sequana_cpu_dev,3,11543762.0,1,6,1000,377019,DENV_1-usa-BVBRC_genome_sequence,49434.29,22698.62,72132.91,260.18,119.47,379.65,126.55,190.0, sdumont6165,13777385.81
1183.0,4152,173,1519350.666015625,158676.0,155560.0,1519480.0,1658.88,4423.68,1658.88,4433.92,1.0,0,1.0,5.0,3n-1m-8th-1000bs-377019s-DENV_1-usa-BVBRC_genome_sequence,sequana_cpu_dev,3,11543766.0,1,8,1000,377019,DENV_1-usa-BVBRC_genome_sequence,48689.22,20197.0,68886.22,283.08,117.42,400.5,133.5,172.0, sdumont6166,11917316.06
1175.0,4176,174,1519410.666015625,159184.0,157100.0,1519512.0,1658.88,4433.92,1658.88,4433.92,1.0,0,1.0,2.0,3n-1m-8th-1000bs-377019s-DENV_1-usa-BVBRC_genome_sequence,sequana_cpu_dev,3,11543770.0,1,8,1000,377019,DENV_1-usa-BVBRC_genome_sequence,48739.96,20238.16,68978.12,283.37,117.66,401.04,133.68,172.0, sdumont6167,12002192.88
1186.0,4056,169,1519410.666015625,159368.0,159144.0,1519512.0,1658.88,4433.92,1658.88,4433.92,1.0,0,2.0,4.0,3n-1m-8th-1000bs-377019s-DENV_1-usa-BVBRC_genome_sequence,sequana_cpu_dev,3,11543773.0,1,8,1000,377019,DENV_1-usa-BVBRC_genome_sequence,48961.19,20261.91,69223.1,291.44,120.61,412.04,137.35,168.0, sdumont6167,11698703.9
1185.0,4080,170,1519364.0,160568.0,159440.0,1519520.0,1658.88,4433.92,1658.88,4444.16,1.0,0,2.0,2.0,3n-1m-8th-1000bs-377019s-DENV_1-usa-BVBRC_genome_sequence,sequana_cpu_dev,3,11543774.0,1,8,1000,377019,DENV_1-usa-BVBRC_genome_sequence,49144.3,20312.81,69457.11,290.79,120.19,410.99,137.0,169.0, sdumont6167,11807708.7
1187.0,4032,168,1519361.3330078125,157140.0,156232.0,1519512.0,1658.88,4433.92,1658.88,4433.92,1.0,0,2.0,3.0,3n-1m-8th-1000bs-377019s-DENV_1-usa-BVBRC_genome_sequence,sequana_cpu_dev,3,11543778.0,1,8,1000,377019,DENV_1-usa-BVBRC_genome_sequence,49072.72,20276.32,69349.04,293.85,121.42,415.26,138.42,167.0, sdumont6165,11650638.72
1485.0,4860,162,1654521.3330078125,157144.0,154384.0,1654728.0,1658.88,4444.16,1658.88,4444.16,1.0,0,1.0,2.0,3n-1m-10th-1000bs-377019s-DENV_1-usa-BVBRC_genome_sequence,sequana_cpu_dev,3,11543779.0,1,10,1000,377019,DENV_1-usa-BVBRC_genome_sequence,49671.77,19041.12,68712.88,308.52,118.27,426.79,142.26,161.0, sdumont6167,11131486.56
1487.0,4830,161,1654462.666015625,158720.0,155537.3330078125,1654544.0,1658.88,4444.16,1658.88,4454.4,1.0,0,4.0,5.0,3n-1m-10th-1000bs-377019s-DENV_1-usa-BVBRC_genome_sequence,sequana_cpu_dev,3,11543780.0,1,10,1000,377019,DENV_1-usa-BVBRC_genome_sequence,49878.45,19052.25,68930.7,311.74,119.08,430.82,143.61,160.0, sdumont6165,11097842.7
1483.0,4950,165,1654505.3330078125,161108.0,159258.666015625,1654720.0,1658.88,4433.92,1658.88,4444.16,1.0,0,2.0,4.0,3n-1m-10th-1000bs-377019s-DENV_1-usa-BVBRC_genome_sequence,sequana_cpu_dev,3,11543781.0,1,10,1000,377019,DENV_1-usa-BVBRC_genome_sequence,52917.19,20259.09,73176.28,322.67,123.53,446.2,148.73,164.0, sdumont6166,12074086.2
1483.0,4950,165,1654521.3330078125,158964.0,155598.666015625,1654720.0,1658.88,4433.92,1658.88,4444.16,1.0,0,5.0,8.0,3n-1m-10th-1000bs-377019s-DENV_1-usa-BVBRC_genome_sequence,sequana_cpu_dev,3,11543783.0,1,10,1000,377019,DENV_1-usa-BVBRC_genome_sequence,53066.3,20316.61,73382.91,323.57,123.88,447.46,149.15,164.0, sdumont6167,12108180.15
1482.0,4980,166,1654457.3330078125,155076.0,154181.3330078125,1654528.0,1658.88,4433.92,1658.88,4444.16,1.0,0,4.0,5.0,3n-1m-10th-1000bs-377019s-DENV_1-usa-BVBRC_genome_sequence,sequana_cpu_dev,3,11543785.0,1,10,1000,377019,DENV_1-usa-BVBRC_genome_sequence,53004.56,20303.03,73307.59,321.24,123.05,444.29,148.1,165.0, sdumont6166,12169059.94
1785.0,5760,160,1789576.0,155248.0,154408.0,1789712.0,1658.88,4444.16,1658.88,4444.16,1.0,0,6.0,7.0,3n-1m-12th-1000bs-377019s-DENV_1-usa-BVBRC_genome_sequence,sequana_cpu_dev,3,11543787.0,1,12,1000,377019,DENV_1-usa-BVBRC_genome_sequence,50716.3,19105.61,69821.91,318.97,120.16,439.13,146.38,159.0, sdumont6165,11171505.6
1779.0,5868,163,1789513.3330078125,159000.0,156302.666015625,1789540.0,1658.88,4433.92,1658.88,4444.16,1.0,0,8.0,13.0,3n-1m-12th-1000bs-377019s-DENV_1-usa-BVBRC_genome_sequence,sequana_cpu_dev,3,11543788.0,1,12,1000,377019,DENV_1-usa-BVBRC_genome_sequence,50757.79,19078.4,69836.19,313.32,117.77,431.09,143.7,162.0, sdumont6165,11383298.97
1784.0,5760,160,1789564.0,157072.0,155798.666015625,1789656.0,1658.88,4444.16,1658.88,4454.4,0.0,0,4.0,5.0,3n-1m-12th-1000bs-377019s-DENV_1-usa-BVBRC_genome_sequence,sequana_cpu_dev,3,11543789.0,1,12,1000,377019,DENV_1-usa-BVBRC_genome_sequence,50627.37,19024.22,69651.58,318.41,119.65,438.06,146.02,159.0, sdumont6165,11144252.8
1783.0,5832,162,1789626.666015625,158908.0,156456.0,1789880.0,1658.88,4444.16,1658.88,4444.16,1.0,0,5.0,7.0,3n-1m-12th-1000bs-377019s-DENV_1-usa-BVBRC_genome_sequence,sequana_cpu_dev,3,11543791.0,1,12,1000,377019,DENV_1-usa-BVBRC_genome_sequence,50704.08,19021.53,69725.6,314.93,118.15,433.08,144.36,161.0, sdumont6167,11295547.2
1784.0,5796,161,1789562.666015625,159192.0,156436.0,1789688.0,1658.88,4444.16,1658.88,4454.4,1.0,0,5.0,8.0,3n-1m-12th-1000bs-377019s-DENV_1-usa-BVBRC_genome_sequence,sequana_cpu_dev,3,11543792.0,1,12,1000,377019,DENV_1-usa-BVBRC_genome_sequence,50513.3,19057.83,69571.13,317.69,119.86,437.55,145.85,159.0, sdumont6165,11200951.930000002
2080.0,7014,167,1924714.666015625,161360.0,156485.3330078125,1924808.0,1658.88,4433.92,1658.88,4444.16,1.0,0,7.0,11.0,3n-1m-14th-1000bs-377019s-DENV_1-usa-BVBRC_genome_sequence,sequana_cpu_dev,3,11543794.0,1,14,1000,377019,DENV_1-usa-BVBRC_genome_sequence,54312.51,20329.47,74641.97,327.18,122.47,449.65,149.88,166.0, sdumont6166,12465208.99
2078.0,7098,169,1924838.666015625,157388.0,155925.3330078125,1925032.0,1658.88,4433.92,1658.88,4444.16,1.0,0,8.0,9.0,3n-1m-14th-1000bs-377019s-DENV_1-usa-BVBRC_genome_sequence,sequana_cpu_dev,3,11543797.0,1,14,1000,377019,DENV_1-usa-BVBRC_genome_sequence,54164.38,20273.61,74438.0,322.41,120.68,443.08,147.69,168.0, sdumont6166,12580022.0
2081.0,7182,171,1924764.0,157760.0,155381.3330078125,1924956.0,1658.88,4433.92,1658.88,4444.16,1.0,0,92.0,256.0,3n-1m-14th-1000bs-377019s-DENV_1-usa-BVBRC_genome_sequence,sequana_cpu_dev,3,11543799.0,1,14,1000,377019,DENV_1-usa-BVBRC_genome_sequence,54271.38,20345.2,74616.58,319.24,119.68,438.92,146.31,170.0, sdumont6167,12759435.18
2079.0,7098,169,1924761.3330078125,159120.0,155948.0,1924956.0,1658.88,4433.92,1658.88,4444.16,0.0,0,14.0,34.0,3n-1m-14th-1000bs-377019s-DENV_1-usa-BVBRC_genome_sequence,sequana_cpu_dev,3,11543800.0,1,14,1000,377019,DENV_1-usa-BVBRC_genome_sequence,54166.27,20316.53,74482.8,326.3,122.39,448.69,149.56,166.0, sdumont6166,12587593.2
2078.0,6972,166,1920613.3330078125,161040.0,153222.666015625,1924796.0,1658.88,4433.92,1658.88,4444.16,1.0,0,4.0,6.0,3n-1m-14th-1000bs-377019s-DENV_1-usa-BVBRC_genome_sequence,sequana_cpu_dev,3,11543802.0,1,14,1000,377019,DENV_1-usa-BVBRC_genome_sequence,54263.42,20309.65,74573.08,328.87,123.09,451.96,150.65,165.0, sdumont6166,12379131.28
2378.0,8160,170,2059937.3330078125,157352.0,154664.0,2059996.0,1658.88,4433.92,1658.88,4444.16,1.0,0,11.0,16.0,3n-1m-16th-1000bs-377019s-DENV_1-usa-BVBRC_genome_sequence,sequana_cpu_dev,3,11543804.0,1,16,1000,377019,DENV_1-usa-BVBRC_genome_sequence,54901.53,20349.97,75251.49,324.86,120.41,445.28,148.43,169.0, sdumont6166,12792753.3
2380.0,8064,168,2059882.666015625,157120.0,156030.666015625,2059972.0,1658.88,4433.92,1658.88,4433.92,1.0,0,14.0,15.0,3n-1m-16th-1000bs-377019s-DENV_1-usa-BVBRC_genome_sequence,sequana_cpu_dev,3,11543805.0,1,16,1000,377019,DENV_1-usa-BVBRC_genome_sequence,54620.92,20378.58,74999.49,327.07,122.03,449.1,149.7,167.0, sdumont6166,12599914.32
2377.0,8160,170,2059933.3330078125,165532.0,160996.0,2060124.0,1658.88,4433.92,1658.88,4433.92,1.0,0,8.0,12.0,3n-1m-16th-1000bs-377019s-DENV_1-usa-BVBRC_genome_sequence,sequana_cpu_dev,3,11543806.0,1,16,1000,377019,DENV_1-usa-BVBRC_genome_sequence,54804.14,20319.46,75123.6,324.28,120.23,444.52,148.17,169.0, sdumont6165,12771012.000000002
2376.0,8256,172,2059981.3330078125,167540.0,162009.3330078125,2060124.0,1658.88,4423.68,1658.88,4433.92,1.0,0,8.0,10.0,3n-1m-16th-1000bs-377019s-DENV_1-usa-BVBRC_genome_sequence,sequana_cpu_dev,3,11543807.0,1,16,1000,377019,DENV_1-usa-BVBRC_genome_sequence,54956.99,20373.59,75330.57,321.39,119.14,440.53,146.84,171.0, sdumont6166,12956858.04
2380.0,8208,171,2059981.3330078125,163208.0,160058.666015625,2060124.0,1658.88,4433.92,1658.88,4444.16,1.0,0,13.0,18.0,3n-1m-16th-1000bs-377019s-DENV_1-usa-BVBRC_genome_sequence,sequana_cpu_dev,3,11543811.0,1,16,1000,377019,DENV_1-usa-BVBRC_genome_sequence,54850.76,20381.83,75232.59,322.65,119.89,442.54,147.51,170.0, sdumont6165,12864772.89
2679.0,9288,172,2195049.3330078125,155464.0,154148.0,2195140.0,1658.88,4423.68,1658.88,4433.92,1.0,0,13.0,18.0,3n-1m-18th-1000bs-377019s-DENV_1-usa-BVBRC_genome_sequence,sequana_cpu_dev,3,11543812.0,1,18,1000,377019,DENV_1-usa-BVBRC_genome_sequence,54823.01,20382.13,75205.14,320.6,119.19,439.8,146.6,171.0, sdumont6166,12935284.08
3212.0,9936,184,2195100.0,159568.0,158173.3330078125,2195148.0,1699.84,4454.4,1699.84,4454.4,1.0,0,16.0,17.0,3n-1m-18th-1000bs-377019s-DENV_1-usa-BVBRC_genome_sequence,sequana_cpu_dev,3,11543825.0,1,18,1000,377019,DENV_1-usa-BVBRC_genome_sequence,57765.27,21500.13,79265.39,315.66,117.49,433.14,144.38,183.0, sdumont6167,14584831.76
2676.0,9450,175,2195108.0,163748.0,159648.0,2195312.0,1658.88,4423.68,1658.88,4423.68,1.0,0,14.0,21.0,3n-1m-18th-1000bs-377019s-DENV_1-usa-BVBRC_genome_sequence,sequana_cpu_dev,3,11543829.0,1,18,1000,377019,DENV_1-usa-BVBRC_genome_sequence,54664.35,20335.07,74999.42,315.98,117.54,433.52,144.51,173.0, sdumont6166,13124898.5
3214.0,9882,183,2195100.0,163832.0,162272.0,2195288.0,1699.84,4454.4,1699.84,4454.4,1.0,0,15.0,18.0,3n-1m-18th-1000bs-377019s-DENV_1-usa-BVBRC_genome_sequence,sequana_cpu_dev,3,11543841.0,1,18,1000,377019,DENV_1-usa-BVBRC_genome_sequence,58222.06,21625.09,79847.16,321.67,119.48,441.14,147.05,181.0, sdumont6167,14612030.28
2646.0,9666,179,2195106.666015625,161892.0,159656.0,2195160.0,1658.88,4423.68,1658.88,4423.68,1.0,0,169.0,481.0,3n-1m-18th-1000bs-377019s-DENV_1-usa-BVBRC_genome_sequence,sequana_cpu_dev,3,11543846.0,1,18,1000,377019,DENV_1-usa-BVBRC_genome_sequence,58033.46,22385.1,80418.55,327.87,126.47,454.34,151.45,177.0, sdumont6167,14394920.45
2975.0,10680,178,2330146.666015625,163376.0,159481.3330078125,2330200.0,1658.88,4423.68,1658.88,4433.92,1.0,0,17.0,23.0,3n-1m-20th-1000bs-377019s-DENV_1-usa-BVBRC_genome_sequence,sequana_cpu_dev,3,11543848.0,1,20,1000,377019,DENV_1-usa-BVBRC_genome_sequence,60426.75,21634.54,82061.29,341.39,122.23,463.62,154.54,177.0, sdumont6166,14606909.62
3570.0,11040,184,2330141.3330078125,163500.0,159516.0,2330320.0,1699.84,4454.4,1699.84,4454.4,1.0,0,16.0,20.0,3n-1m-20th-1000bs-377019s-DENV_1-usa-BVBRC_genome_sequence,sequana_cpu_dev,3,11543850.0,1,20,1000,377019,DENV_1-usa-BVBRC_genome_sequence,60496.73,21608.54,82105.27,330.58,118.08,448.66,149.55,183.0, sdumont6166,15107369.680000002
2975.0,10680,178,2330181.3330078125,161620.0,158200.0,2330440.0,1658.88,4423.68,1658.88,4433.92,1.0,0,15.0,20.0,3n-1m-20th-1000bs-377019s-DENV_1-usa-BVBRC_genome_sequence,sequana_cpu_dev,3,11543868.0,1,20,1000,377019,DENV_1-usa-BVBRC_genome_sequence,60351.92,21677.34,82029.26,340.97,122.47,463.44,154.48,177.0, sdumont6167,14601208.28
2977.0,10620,177,2330189.3330078125,163780.0,162992.0,2330464.0,1658.88,4423.68,1658.88,4433.92,1.0,0,19.0,23.0,3n-1m-20th-1000bs-377019s-DENV_1-usa-BVBRC_genome_sequence,sequana_cpu_dev,3,11543869.0,1,20,1000,377019,DENV_1-usa-BVBRC_genome_sequence,60622.79,21664.63,82287.42,344.45,123.09,467.54,155.85,176.0, sdumont6165,14564873.34
2977.0,10860,181,2330181.3330078125,161440.0,159538.666015625,2330292.0,1658.88,4423.68,1658.88,4433.92,1.0,0,18.0,21.0,3n-1m-20th-1000bs-377019s-DENV_1-usa-BVBRC_genome_sequence,sequana_cpu_dev,3,11543870.0,1,20,1000,377019,DENV_1-usa-BVBRC_genome_sequence,60484.65,21604.6,82089.24,336.03,120.03,456.05,152.02,180.0, sdumont6165,14858152.44
3262.0,11748,178,2465361.3330078125,161768.0,159686.666015625,2465632.0,1658.88,4423.68,1658.88,4423.68,1.0,0,46.0,107.0,3n-1m-22th-1000bs-377019s-DENV_1-usa-BVBRC_genome_sequence,sequana_cpu_dev,3,11543872.0,1,22,1000,377019,DENV_1-usa-BVBRC_genome_sequence,61687.29,21638.03,83325.32,348.52,122.25,470.76,156.92,177.0, sdumont6166,14831906.96
3273.0,11814,179,2465314.666015625,163360.0,159444.0,2465496.0,1658.88,4413.44,1658.88,4423.68,1.0,0,20.0,24.0,3n-1m-22th-1000bs-377019s-DENV_1-usa-BVBRC_genome_sequence,sequana_cpu_dev,3,11543877.0,1,22,1000,377019,DENV_1-usa-BVBRC_genome_sequence,62099.94,21652.71,83752.65,350.85,122.33,473.18,157.73,177.0, sdumont6165,14991724.35
3273.0,11946,181,2465361.3330078125,161812.0,159678.666015625,2465632.0,1658.88,4413.44,1658.88,4423.68,1.0,0,22.0,26.0,3n-1m-22th-1000bs-377019s-DENV_1-usa-BVBRC_genome_sequence,sequana_cpu_dev,3,11543891.0,1,22,1000,377019,DENV_1-usa-BVBRC_genome_sequence,61987.26,21641.69,83628.96,344.37,120.23,464.61,154.87,180.0, sdumont6167,15136841.760000002
3928.0,12012,182,2465312.0,162012.0,160624.0,2465484.0,1699.84,4454.4,1699.84,4454.4,1.0,0,18.0,26.0,3n-1m-22th-1000bs-377019s-DENV_1-usa-BVBRC_genome_sequence,sequana_cpu_dev,3,11543893.0,1,22,1000,377019,DENV_1-usa-BVBRC_genome_sequence,61891.14,21553.42,83444.56,342.55,119.3,461.85,153.95,180.67, sdumont6165,15186909.92
3271.0,11814,179,2465361.3330078125,159620.0,158316.0,2465632.0,1658.88,4413.44,1658.88,4423.68,1.0,0,22.0,30.0,3n-1m-22th-1000bs-377019s-DENV_1-usa-BVBRC_genome_sequence,sequana_cpu_dev,3,11543897.0,1,22,1000,377019,DENV_1-usa-BVBRC_genome_sequence,61776.17,21552.66,83328.83,347.06,121.08,468.14,156.05,178.0, sdumont6167,14915860.57
4283.0,13536,188,2600500.0,161892.0,159797.3330078125,2600552.0,1699.84,4454.4,1699.84,4454.4,1.0,0,22.0,28.0,3n-1m-24th-1000bs-377019s-DENV_1-usa-BVBRC_genome_sequence,sequana_cpu_dev,3,11543901.0,1,24,1000,377019,DENV_1-usa-BVBRC_genome_sequence,68640.46,23256.52,91896.97,367.06,124.37,491.43,163.81,187.0, sdumont6167,17276630.36
4279.0,13752,191,2600548.0,161904.0,161165.3330078125,2600684.0,1699.84,4444.16,1699.84,4444.16,1.0,0,22.0,29.0,3n-1m-24th-1000bs-377019s-DENV_1-usa-BVBRC_genome_sequence,sequana_cpu_dev,3,11543905.0,1,24,1000,377019,DENV_1-usa-BVBRC_genome_sequence,68644.46,23249.16,91893.61,361.29,122.36,483.65,161.22,190.0, sdumont6165,17551679.51
4277.0,13752,191,2600500.0,161980.0,160030.666015625,2600688.0,1699.84,4444.16,1699.84,4454.4,1.0,0,19.0,24.0,3n-1m-24th-1000bs-377019s-DENV_1-usa-BVBRC_genome_sequence,sequana_cpu_dev,3,11543907.0,1,24,1000,377019,DENV_1-usa-BVBRC_genome_sequence,68704.7,23192.11,91896.81,361.6,122.06,483.67,161.22,190.0, sdumont6167,17552290.71
4235.0,13104,182,2600546.666015625,163788.0,159854.666015625,2600680.0,1699.84,4454.4,1710.08,4454.4,1.0,0,358.0,531.0,3n-1m-24th-1000bs-377019s-DENV_1-usa-BVBRC_genome_sequence,sequana_cpu_dev,3,11543912.0,1,24,1000,377019,DENV_1-usa-BVBRC_genome_sequence,64896.19,23535.29,88431.48,358.54,130.03,488.57,162.86,181.0, sdumont6168,16094529.36
4258.0,13968,194,2600542.666015625,164204.0,162761.3330078125,2600668.0,1699.84,4444.16,1710.08,4444.16,2.0,0,20.0,29.0,3n-1m-24th-1000bs-377019s-DENV_1-usa-BVBRC_genome_sequence,sequana_cpu_dev,3,11543914.0,1,24,1000,377019,DENV_1-usa-BVBRC_genome_sequence,69430.05,24822.71,94252.76,361.61,129.28,490.9,163.63,192.0, sdumont6168,18285035.44
5420.0,17238,221,2735672.0,168176.0,164070.666015625,2735840.0,1751.04,4454.4,1751.04,4454.4,1.0,0,20.0,27.0,3n-1m-26th-1000bs-377019s-DENV_1-usa-BVBRC_genome_sequence,sequana_cpu_dev,3,11543915.0,1,26,1000,377019,DENV_1-usa-BVBRC_genome_sequence,77863.5,40273.11,118136.61,357.17,184.74,541.91,180.64,218.0, sdumont6169,26108190.81
5404.0,18096,232,2735672.0,162416.0,162164.0,2735844.0,1751.04,4433.92,1751.04,4444.16,1.0,0,14.0,16.0,3n-1m-26th-1000bs-377019s-DENV_1-usa-BVBRC_genome_sequence,sequana_cpu_dev,3,11543916.0,1,26,1000,377019,DENV_1-usa-BVBRC_genome_sequence,80565.51,39737.71,120303.21,348.77,172.02,520.79,173.6,231.0, sdumont6166,27910344.720000003
6183.0,18876,242,2735772.0,166520.0,162306.666015625,2735996.0,1802.24,4454.4,1802.24,4454.4,1.0,0,14.0,19.0,3n-1m-26th-1000bs-377019s-DENV_1-usa-BVBRC_genome_sequence,sequana_cpu_dev,3,11543919.0,1,26,1000,377019,DENV_1-usa-BVBRC_genome_sequence,84494.38,41535.85,126030.23,350.6,172.35,522.95,174.32,241.0, sdumont6166,30499315.66
5419.0,17550,225,2735678.666015625,163960.0,162582.666015625,2735864.0,1751.04,4444.16,1751.04,4454.4,1.0,0,15.0,17.0,3n-1m-26th-1000bs-377019s-DENV_1-usa-BVBRC_genome_sequence,sequana_cpu_dev,3,11543923.0,1,26,1000,377019,DENV_1-usa-BVBRC_genome_sequence,76093.64,38094.0,114187.64,342.27,171.34,513.61,171.2,222.33, sdumont6166,25692219.0
5410.0,17628,226,2735678.666015625,164332.0,162752.0,2735864.0,1751.04,4444.16,1751.04,4454.4,1.0,0,20.0,23.0,3n-1m-26th-1000bs-377019s-DENV_1-usa-BVBRC_genome_sequence,sequana_cpu_dev,3,11543925.0,1,26,1000,377019,DENV_1-usa-BVBRC_genome_sequence,76587.5,37970.88,114558.38,343.44,170.27,513.71,171.24,223.0, sdumont6165,25890193.880000003
5837.0,18480,220,2870906.666015625,166284.0,164280.0,2870948.0,1751.04,4444.16,1751.04,4454.4,69.0,0,14.0,15.0,3n-1m-28th-1000bs-377019s-DENV_1-usa-BVBRC_genome_sequence,sequana_cpu_dev,3,11543928.0,1,28,1000,377019,DENV_1-usa-BVBRC_genome_sequence,76344.96,46132.59,122477.55,351.25,212.25,563.49,187.83,217.33, sdumont6165,26945061.0
6674.0,21756,259,2870960.0,164280.0,162533.3330078125,2871020.0,1802.24,4454.4,1802.24,4454.4,1.0,0,18.0,20.0,3n-1m-28th-1000bs-377019s-DENV_1-usa-BVBRC_genome_sequence,sequana_cpu_dev,3,11543931.0,1,28,1000,377019,DENV_1-usa-BVBRC_genome_sequence,92417.51,54173.52,146591.02,358.69,210.26,568.95,189.65,257.67, sdumont6167,37967074.18
5833.0,18900,225,2870858.666015625,164372.0,162268.0,2870912.0,1751.04,4444.16,1751.04,4454.4,1.0,0,17.0,20.0,3n-1m-28th-1000bs-377019s-DENV_1-usa-BVBRC_genome_sequence,sequana_cpu_dev,3,11543936.0,1,28,1000,377019,DENV_1-usa-BVBRC_genome_sequence,76391.2,45678.78,122069.98,341.03,203.92,544.96,181.65,224.0, sdumont6165,27465745.5
5828.0,19740,235,2870920.0,164700.0,162530.666015625,2870948.0,1751.04,4433.92,1751.04,4444.16,0.0,0,117.0,331.0,3n-1m-28th-1000bs-377019s-DENV_1-usa-BVBRC_genome_sequence,sequana_cpu_dev,3,11543941.0,1,28,1000,377019,DENV_1-usa-BVBRC_genome_sequence,79842.05,47736.14,127578.19,342.67,204.88,547.55,182.52,233.0, sdumont6167,29980874.65
6354.0,20244,241,2870858.666015625,164468.0,162312.0,2870912.0,2007.04,4628.48,2396.16,4986.88,1.0,0,40.0,89.0,3n-1m-28th-1000bs-377019s-DENV_1-usa-BVBRC_genome_sequence,sequana_cpu_dev,3,11543942.0,1,28,1000,377019,DENV_1-usa-BVBRC_genome_sequence,83699.04,49845.74,133544.77,349.27,208.0,557.27,185.76,239.67, sdumont6165,32184289.57
7149.0,23490,261,3006128.0,165036.0,163726.666015625,3006496.0,1802.24,4454.4,1802.24,4454.4,1.0,0,16.0,18.0,3n-1m-30th-1000bs-377019s-DENV_1-usa-BVBRC_genome_sequence,sequana_cpu_dev,3,11543945.0,1,30,1000,377019,DENV_1-usa-BVBRC_genome_sequence,91730.62,63345.02,155075.64,354.17,244.58,598.75,199.58,259.0, sdumont6166,40474742.04000001
7138.0,21780,242,3006089.3330078125,168420.0,164954.666015625,3006232.0,1863.68,4515.84,1976.32,4638.72,1.0,0,15.0,17.0,3n-1m-30th-1000bs-377019s-DENV_1-usa-BVBRC_genome_sequence,sequana_cpu_dev,3,11543947.0,1,30,1000,377019,DENV_1-usa-BVBRC_genome_sequence,83364.83,58442.31,141807.13,346.43,242.85,589.28,196.43,240.67, sdumont6167,34317325.46
7151.0,21960,244,3005990.666015625,164168.0,162861.3330078125,3006084.0,1802.24,4454.4,1802.24,4464.64,1.0,0,24.0,32.0,3n-1m-30th-1000bs-377019s-DENV_1-usa-BVBRC_genome_sequence,sequana_cpu_dev,3,11543949.0,1,30,1000,377019,DENV_1-usa-BVBRC_genome_sequence,83695.18,58584.41,142279.6,344.42,241.09,585.51,195.17,243.0, sdumont6166,34716222.4
6238.0,21690,241,3006140.0,168184.0,163618.666015625,3006236.0,1751.04,4433.92,1751.04,4433.92,1.0,0,16.0,21.0,3n-1m-30th-1000bs-377019s-DENV_1-usa-BVBRC_genome_sequence,sequana_cpu_dev,3,11543953.0,1,30,1000,377019,DENV_1-usa-BVBRC_genome_sequence,84045.74,58435.04,142480.78,351.66,244.5,596.15,198.72,239.0, sdumont6165,34337867.98
6242.0,21780,242,3006040.0,166584.0,163574.666015625,3006092.0,1751.04,4433.92,1751.04,4433.92,2.0,0,27.0,35.0,3n-1m-30th-1000bs-377019s-DENV_1-usa-BVBRC_genome_sequence,sequana_cpu_dev,3,11543955.0,1,30,1000,377019,DENV_1-usa-BVBRC_genome_sequence,83906.14,58463.48,142369.62,349.61,243.6,593.21,197.74,240.0, sdumont6165,34453448.04
14087.0,45120,470,3143121.3330078125,167036.0,164236.0,3146680.0,2119.68,4454.4,2119.68,4464.64,1.0,0,21.0,23.0,3n-1m-32th-1000bs-377019s-DENV_1-usa-BVBRC_genome_sequence,sequana_cpu_dev,3,11543958.0,1,32,1000,377019,DENV_1-usa-BVBRC_genome_sequence,174930.43,130331.11,305261.54,373.5,278.28,651.78,217.26,468.33, sdumont6167,143472923.79999998
7622.0,23712,247,3141266.666015625,164952.0,164038.666015625,3141408.0,1802.24,4454.4,1802.24,4464.64,1.0,0,23.0,34.0,3n-1m-32th-1000bs-377019s-DENV_1-usa-BVBRC_genome_sequence,sequana_cpu_dev,3,11543962.0,1,32,1000,377019,DENV_1-usa-BVBRC_genome_sequence,83327.23,64927.86,148255.09,338.73,263.93,602.66,200.89,246.0, sdumont6166,36619007.23
7603.0,25536,266,3141168.0,164372.0,163726.666015625,3141260.0,1802.24,4444.16,1802.24,4454.4,1.0,0,13.0,17.0,3n-1m-32th-1000bs-377019s-DENV_1-usa-BVBRC_genome_sequence,sequana_cpu_dev,3,11543964.0,1,32,1000,377019,DENV_1-usa-BVBRC_genome_sequence,91161.18,70545.07,161706.25,344.0,266.21,610.21,203.4,265.0, sdumont6165,43013862.5
7619.0,24096,251,3141253.3330078125,164252.0,162962.666015625,3141272.0,1802.24,4454.4,1802.24,4454.4,1.0,0,20.0,32.0,3n-1m-32th-1000bs-377019s-DENV_1-usa-BVBRC_genome_sequence,sequana_cpu_dev,3,11543968.0,1,32,1000,377019,DENV_1-usa-BVBRC_genome_sequence,87623.46,67801.64,155425.1,350.49,271.21,621.7,207.23,250.0, sdumont6167,39011700.1
7608.0,25152,262,3141217.3330078125,164924.0,164657.3330078125,3141272.0,1802.24,4444.16,1802.24,4454.4,1.0,0,116.0,305.0,3n-1m-32th-1000bs-377019s-DENV_1-usa-BVBRC_genome_sequence,sequana_cpu_dev,3,11543974.0,1,32,1000,377019,DENV_1-usa-BVBRC_genome_sequence,90926.18,70377.43,161303.6,349.72,270.68,620.4,206.8,260.0, sdumont6167,42261543.2
8025.0,26826,263,3276396.0,166248.0,164600.0,3276452.0,1802.24,4444.16,1802.24,4464.64,1.0,0,399.0,577.0,3n-1m-34th-1000bs-377019s-DENV_1-usa-BVBRC_genome_sequence,sequana_cpu_dev,3,11543977.0,1,34,1000,377019,DENV_1-usa-BVBRC_genome_sequence,91339.65,79422.65,170762.3,348.62,303.14,651.76,217.25,262.0, sdumont6169,44910484.9
9117.0,27846,273,3276348.0,166900.0,163877.3330078125,3276440.0,1853.44,4454.4,1853.44,4464.64,1.0,0,21.0,30.0,3n-1m-34th-1000bs-377019s-DENV_1-usa-BVBRC_genome_sequence,sequana_cpu_dev,3,11543978.0,1,34,1000,377019,DENV_1-usa-BVBRC_genome_sequence,95917.18,82981.31,178898.49,354.82,306.97,661.79,220.6,270.33, sdumont6167,48839287.77
9104.0,27948,274,3276398.666015625,162840.0,162498.666015625,3276592.0,1853.44,4454.4,1853.44,4464.64,1.0,0,30.0,36.0,3n-1m-34th-1000bs-377019s-DENV_1-usa-BVBRC_genome_sequence,sequana_cpu_dev,3,11543979.0,1,34,1000,377019,DENV_1-usa-BVBRC_genome_sequence,95479.21,82904.64,178383.85,352.32,305.92,658.24,219.41,271.0, sdumont6167,48877174.9
8095.0,25602,251,3276433.3330078125,164664.0,163908.0,3276544.0,1802.24,4454.4,1802.24,4454.4,1.0,0,25.0,26.0,3n-1m-34th-1000bs-377019s-DENV_1-usa-BVBRC_genome_sequence,sequana_cpu_dev,3,11543982.0,1,34,1000,377019,DENV_1-usa-BVBRC_genome_sequence,86431.45,73743.23,160174.67,346.67,295.77,642.43,214.14,249.33, sdumont6165,40203842.17
8090.0,25296,248,3276446.666015625,164676.0,163694.666015625,3276588.0,1802.24,4454.4,1802.24,4464.64,1.0,0,24.0,32.0,3n-1m-34th-1000bs-377019s-DENV_1-usa-BVBRC_genome_sequence,sequana_cpu_dev,3,11543986.0,1,34,1000,377019,DENV_1-usa-BVBRC_genome_sequence,88278.96,76561.05,164840.01,358.86,311.22,670.08,223.36,246.0, sdumont6168,40880322.48
8575.0,29160,270,3411581.3330078125,164420.0,163058.666015625,3411640.0,1802.24,4444.16,1802.24,4464.64,1.0,0,15.0,18.0,3n-1m-36th-1000bs-377019s-DENV_1-usa-BVBRC_genome_sequence,sequana_cpu_dev,3,11543990.0,1,36,1000,377019,DENV_1-usa-BVBRC_genome_sequence,95543.61,85150.11,180693.72,356.51,317.72,674.23,224.74,268.0, sdumont6167,48787304.4
8564.0,28296,262,3411630.666015625,165164.0,164162.666015625,3411768.0,1802.24,4433.92,1802.24,4444.16,1.0,0,24.0,34.0,3n-1m-36th-1000bs-377019s-DENV_1-usa-BVBRC_genome_sequence,sequana_cpu_dev,3,11543993.0,1,36,1000,377019,DENV_1-usa-BVBRC_genome_sequence,91613.89,82024.25,173638.14,352.36,315.48,667.84,222.61,260.0, sdumont6169,45493192.68000001
9649.0,29376,272,3411629.3330078125,168328.0,164748.0,3411916.0,2048.0,4638.72,2447.36,4986.88,1.0,0,30.0,35.0,3n-1m-36th-1000bs-377019s-DENV_1-usa-BVBRC_genome_sequence,sequana_cpu_dev,3,11544000.0,1,36,1000,377019,DENV_1-usa-BVBRC_genome_sequence,95346.43,84502.5,179848.93,353.13,312.97,666.11,222.04,270.0, sdumont6169,48918908.96
8560.0,28512,264,3411728.0,168780.0,166885.3330078125,3411784.0,1802.24,4433.92,1802.24,4444.16,1.0,0,35.0,47.0,3n-1m-36th-1000bs-377019s-DENV_1-usa-BVBRC_genome_sequence,sequana_cpu_dev,3,11544004.0,1,36,1000,377019,DENV_1-usa-BVBRC_genome_sequence,90514.99,78938.43,169453.42,345.48,301.29,646.77,215.59,262.0, sdumont6167,44735702.88
9647.0,29916,277,3411625.3330078125,164812.0,163237.3330078125,3411752.0,1853.44,4454.4,1853.44,4464.64,1.0,0,15.0,19.0,3n-1m-36th-1000bs-377019s-DENV_1-usa-BVBRC_genome_sequence,sequana_cpu_dev,3,11544006.0,1,36,1000,377019,DENV_1-usa-BVBRC_genome_sequence,93809.37,81549.74,175359.11,340.72,296.2,636.92,212.31,275.33, sdumont6165,48574473.47
10175.0,32718,287,3546762.666015625,164496.0,163317.3330078125,3546952.0,1853.44,4454.4,1853.44,4464.64,1.0,0,32.0,44.0,3n-1m-38th-1000bs-377019s-DENV_1-usa-BVBRC_genome_sequence,sequana_cpu_dev,3,11544007.0,1,38,1000,377019,DENV_1-usa-BVBRC_genome_sequence,97374.11,85929.36,183303.46,341.28,301.17,642.46,214.15,285.33, sdumont6166,52608093.02
9033.0,29412,258,3546758.666015625,164724.0,163341.3330078125,3546940.0,1802.24,4444.16,1802.24,4464.64,1.0,0,43.0,87.0,3n-1m-38th-1000bs-377019s-DENV_1-usa-BVBRC_genome_sequence,sequana_cpu_dev,3,11544009.0,1,38,1000,377019,DENV_1-usa-BVBRC_genome_sequence,89630.25,79174.18,168804.42,348.76,308.07,656.83,218.94,257.0, sdumont6165,43551540.36000001
10182.0,31122,273,3546748.0,169056.0,167126.666015625,3546908.0,1853.44,4454.4,1853.44,4464.64,1.0,0,20.0,27.0,3n-1m-38th-1000bs-377019s-DENV_1-usa-BVBRC_genome_sequence,sequana_cpu_dev,3,11544011.0,1,38,1000,377019,DENV_1-usa-BVBRC_genome_sequence,93523.19,82441.83,175965.02,345.1,304.21,649.32,216.44,271.0, sdumont6167,48038450.45999999
10173.0,32148,282,3546762.666015625,163140.0,163093.3330078125,3546820.0,1853.44,4454.4,1853.44,4464.64,1.0,0,26.0,32.0,3n-1m-38th-1000bs-377019s-DENV_1-usa-BVBRC_genome_sequence,sequana_cpu_dev,3,11544015.0,1,38,1000,377019,DENV_1-usa-BVBRC_genome_sequence,97738.15,86232.9,183971.05,349.06,307.97,657.04,219.01,280.0, sdumont6165,51879836.1
9042.0,30894,271,3546748.0,164788.0,163542.666015625,3546908.0,1802.24,4433.92,1802.24,4444.16,1.0,0,19.0,21.0,3n-1m-38th-1000bs-377019s-DENV_1-usa-BVBRC_genome_sequence,sequana_cpu_dev,3,11544018.0,1,38,1000,377019,DENV_1-usa-BVBRC_genome_sequence,93431.52,82499.44,175930.96,346.04,305.55,651.6,217.2,270.0, sdumont6166,47677290.16
10715.0,33000,275,3677796.0,163080.0,159484.0,3681984.0,1853.44,4454.4,1853.44,4464.64,1.0,0,33.0,47.0,3n-1m-40th-1000bs-377019s-DENV_1-usa-BVBRC_genome_sequence,sequana_cpu_dev,3,11544020.0,1,40,1000,377019,DENV_1-usa-BVBRC_genome_sequence,93056.19,83675.84,176732.03,340.87,306.5,647.37,215.79,273.0, sdumont6165,48601308.25
9531.0,31920,266,3682040.0,167360.0,163801.3330078125,3682276.0,1802.24,4444.16,1802.24,4454.4,1.0,0,23.0,29.0,3n-1m-40th-1000bs-377019s-DENV_1-usa-BVBRC_genome_sequence,sequana_cpu_dev,3,11544024.0,1,40,1000,377019,DENV_1-usa-BVBRC_genome_sequence,89512.29,80885.43,170397.72,338.65,306.0,644.65,214.88,264.33, sdumont6166,45325793.52
10713.0,33960,283,3681928.0,168976.0,165730.666015625,3681992.0,1853.44,4454.4,1853.44,4454.4,1.0,0,22.0,29.0,3n-1m-40th-1000bs-377019s-DENV_1-usa-BVBRC_genome_sequence,sequana_cpu_dev,3,11544026.0,1,40,1000,377019,DENV_1-usa-BVBRC_genome_sequence,96869.18,87955.32,184824.5,344.34,312.64,656.98,218.99,281.33, sdumont6165,52305333.5
10714.0,33360,278,3681990.666015625,169148.0,167034.666015625,3682128.0,1853.44,4454.4,1853.44,4464.64,1.0,0,47.0,59.0,3n-1m-40th-1000bs-377019s-DENV_1-usa-BVBRC_genome_sequence,sequana_cpu_dev,3,11544030.0,1,40,1000,377019,DENV_1-usa-BVBRC_genome_sequence,95684.15,87145.33,182829.48,346.27,315.36,661.63,220.54,276.33, sdumont6166,50826595.440000005
10715.0,35640,297,3681992.0,163356.0,163045.3330078125,3682000.0,1853.44,4444.16,1853.44,4464.64,1.0,0,21.0,26.0,3n-1m-40th-1000bs-377019s-DENV_1-usa-BVBRC_genome_sequence,sequana_cpu_dev,3,11544034.0,1,40,1000,377019,DENV_1-usa-BVBRC_genome_sequence,100318.92,90720.13,191039.05,340.84,308.22,649.06,216.35,294.33, sdumont6165,56738597.85
11250.0,36414,289,3817068.0,165336.0,165041.3330078125,3817128.0,1853.44,4454.4,1853.44,4454.4,1.0,0,27.0,32.0,3n-1m-42th-1000bs-377019s-DENV_1-usa-BVBRC_genome_sequence,sequana_cpu_dev,3,11544036.0,1,42,1000,377019,DENV_1-usa-BVBRC_genome_sequence,101306.35,92042.9,193349.24,352.59,320.33,672.92,224.31,287.33, sdumont6167,55877930.36
11240.0,37548,298,3817117.333007813,165080.0,163624.0,3817276.0,1853.44,4444.16,1853.44,4444.16,1.0,0,362.0,1032.0,3n-1m-42th-1000bs-377019s-DENV_1-usa-BVBRC_genome_sequence,sequana_cpu_dev,3,11544038.0,1,42,1000,377019,DENV_1-usa-BVBRC_genome_sequence,100311.49,91234.92,191546.41,340.41,309.62,650.03,216.68,294.67, sdumont6165,57080830.18
12505.0,39060,310,3817230.666015625,169296.0,167138.666015625,3817320.0,1894.4,4454.4,1894.4,4464.64,1.0,0,41.0,72.0,3n-1m-42th-1000bs-377019s-DENV_1-usa-BVBRC_genome_sequence,sequana_cpu_dev,3,11544042.0,1,42,1000,377019,DENV_1-usa-BVBRC_genome_sequence,109565.0,99556.23,209121.23,355.36,322.88,678.24,226.08,308.33, sdumont6165,64827581.3
11247.0,36288,288,3817068.0,167160.0,166237.3330078125,3817128.0,1853.44,4444.16,1853.44,4454.4,1.0,0,35.0,48.0,3n-1m-42th-1000bs-377019s-DENV_1-usa-BVBRC_genome_sequence,sequana_cpu_dev,3,11544044.0,1,42,1000,377019,DENV_1-usa-BVBRC_genome_sequence,101058.65,91919.13,192977.78,352.96,321.02,673.98,224.66,286.33, sdumont6167,55577600.64
11262.0,36540,290,3817068.0,169124.0,164942.666015625,3817128.0,1853.44,4454.4,1853.44,4454.4,1.0,0,32.0,40.0,3n-1m-42th-1000bs-377019s-DENV_1-usa-BVBRC_genome_sequence,sequana_cpu_dev,3,11544047.0,1,42,1000,377019,DENV_1-usa-BVBRC_genome_sequence,100659.63,91783.47,192443.1,349.91,319.05,668.96,222.99,287.67, sdumont6167,55808499.0
11787.0,37488,284,3952298.666015625,163344.0,163224.0,3952456.0,1853.44,4454.4,1853.44,4464.64,1.0,0,35.0,47.0,3n-1m-44th-1000bs-377019s-DENV_1-usa-BVBRC_genome_sequence,sequana_cpu_dev,3,11544050.0,1,44,1000,377019,DENV_1-usa-BVBRC_genome_sequence,97510.7,92390.02,189900.72,346.61,328.4,675.01,225.0,281.33, sdumont6165,53931804.48
11784.0,38940,295,3952360.0,165516.0,164062.666015625,3952492.0,1853.44,4444.16,1853.44,4454.4,1.0,0,32.0,44.0,3n-1m-44th-1000bs-377019s-DENV_1-usa-BVBRC_genome_sequence,sequana_cpu_dev,3,11544051.0,1,44,1000,377019,DENV_1-usa-BVBRC_genome_sequence,100354.3,95281.12,195635.42,342.13,324.82,666.96,222.32,293.33, sdumont6165,57712448.900000006
11790.0,37356,283,3952369.333007813,167220.0,166594.666015625,3952512.0,1853.44,4454.4,1853.44,4454.4,1.0,0,27.0,37.0,3n-1m-44th-1000bs-377019s-DENV_1-usa-BVBRC_genome_sequence,sequana_cpu_dev,3,11544052.0,1,44,1000,377019,DENV_1-usa-BVBRC_genome_sequence,96664.36,91695.69,188360.06,344.83,327.1,671.93,223.98,280.33, sdumont6166,53305896.98
13100.0,40128,304,3952313.333007813,165456.0,163168.0,3952372.0,1894.4,4454.4,1894.4,4464.64,1.0,0,27.0,43.0,3n-1m-44th-1000bs-377019s-DENV_1-usa-BVBRC_genome_sequence,sequana_cpu_dev,3,11544054.0,1,44,1000,377019,DENV_1-usa-BVBRC_genome_sequence,103554.73,98133.63,201688.36,342.53,324.59,667.12,222.37,302.33, sdumont6166,61313261.44
13103.0,40392,306,3952298.666015625,165060.0,164346.666015625,3952364.0,1894.4,4454.4,1894.4,4464.64,1.0,0,25.0,37.0,3n-1m-44th-1000bs-377019s-DENV_1-usa-BVBRC_genome_sequence,sequana_cpu_dev,3,11544055.0,1,44,1000,377019,DENV_1-usa-BVBRC_genome_sequence,104554.61,99211.77,203766.38,343.93,326.35,670.28,223.43,304.0, sdumont6167,62352512.28
13698.0,44574,323,4087484.0,167476.0,164588.0,4087644.0,1894.4,4454.4,1894.4,4464.64,1.0,0,31.0,40.0,3n-1m-46th-1000bs-377019s-DENV_1-usa-BVBRC_genome_sequence,sequana_cpu_dev,3,11544056.0,1,46,1000,377019,DENV_1-usa-BVBRC_genome_sequence,111952.18,108931.97,220884.15,348.76,339.35,688.11,229.37,321.0, sdumont6167,71345580.45
13697.0,44574,323,4087482.666015625,164816.0,163072.0,4087556.0,1894.4,4444.16,1894.4,4454.4,1.0,0,34.0,48.0,3n-1m-46th-1000bs-377019s-DENV_1-usa-BVBRC_genome_sequence,sequana_cpu_dev,3,11544058.0,1,46,1000,377019,DENV_1-usa-BVBRC_genome_sequence,111403.61,108506.6,219910.21,347.05,338.03,685.08,228.36,321.0, sdumont6165,71030997.83
13697.0,44160,320,4087448.0,165308.0,164016.0,4087536.0,1894.4,4444.16,1894.4,4454.4,1.0,0,35.0,51.0,3n-1m-46th-1000bs-377019s-DENV_1-usa-BVBRC_genome_sequence,sequana_cpu_dev,3,11544059.0,1,46,1000,377019,DENV_1-usa-BVBRC_genome_sequence,107418.18,104483.89,211902.07,340.66,331.36,672.02,224.01,315.33, sdumont6166,67808662.4
13678.0,44298,321,4087484.0,163620.0,162734.666015625,4087548.0,1894.4,4454.4,1894.4,4464.64,1.0,0,45.0,76.0,3n-1m-46th-1000bs-377019s-DENV_1-usa-BVBRC_genome_sequence,sequana_cpu_dev,3,11544060.0,1,46,1000,377019,DENV_1-usa-BVBRC_genome_sequence,112175.63,108575.18,220750.81,351.65,340.36,692.01,230.67,319.0, sdumont6166,70861010.01
13696.0,43884,318,4087482.666015625,167324.0,165277.3330078125,4087640.0,1894.4,4454.4,1894.4,4464.64,1.0,0,40.0,46.0,3n-1m-46th-1000bs-377019s-DENV_1-usa-BVBRC_genome_sequence,sequana_cpu_dev,3,11544061.0,1,46,1000,377019,DENV_1-usa-BVBRC_genome_sequence,109141.8,106051.48,215193.28,345.39,335.61,680.99,227.0,316.0, sdumont6166,68431463.04
15712.0,49968,347,4222666.666015625,169464.0,166052.0,4222740.0,1945.6,4454.4,1945.6,4454.4,0.0,0,33.0,38.0,3n-1m-48th-1000bs-377019s-DENV_1-usa-BVBRC_genome_sequence,sequana_cpu_dev,3,11544062.0,1,48,1000,377019,DENV_1-usa-BVBRC_genome_sequence,119846.47,121030.26,240876.73,349.41,352.86,702.26,234.09,343.0, sdumont6166,83584225.31
15719.0,47952,333,4222681.3330078125,167920.0,164940.0,4222740.0,1945.6,4454.4,1945.6,4464.64,1.0,0,32.0,36.0,3n-1m-48th-1000bs-377019s-DENV_1-usa-BVBRC_genome_sequence,sequana_cpu_dev,3,11544063.0,1,48,1000,377019,DENV_1-usa-BVBRC_genome_sequence,115851.93,117522.31,233374.24,350.01,355.05,705.06,235.02,331.0, sdumont6166,77713621.92
14280.0,46224,321,4222666.666015625,167576.0,164778.666015625,4222728.0,1894.4,4454.4,1894.4,4464.64,1.0,0,36.0,40.0,3n-1m-48th-1000bs-377019s-DENV_1-usa-BVBRC_genome_sequence,sequana_cpu_dev,3,11544065.0,1,48,1000,377019,DENV_1-usa-BVBRC_genome_sequence,112741.09,114358.19,227099.28,353.03,358.11,711.14,237.05,319.33, sdumont6167,72898868.88
15716.0,49392,343,4222765.3330078125,169524.0,167488.0,4222828.0,1945.6,4454.4,1945.6,4464.64,1.0,0,25.0,31.0,3n-1m-48th-1000bs-377019s-DENV_1-usa-BVBRC_genome_sequence,sequana_cpu_dev,3,11544066.0,1,48,1000,377019,DENV_1-usa-BVBRC_genome_sequence,119802.67,122087.92,241890.59,352.0,358.72,710.72,236.91,340.33, sdumont6165,82968472.37
14276.0,47088,327,4222617.3330078125,167400.0,165424.0,4222680.0,1894.4,4444.16,1894.4,4464.64,3.0,0,25.0,34.0,3n-1m-48th-1000bs-377019s-DENV_1-usa-BVBRC_genome_sequence,sequana_cpu_dev,3,11544069.0,1,48,1000,377019,DENV_1-usa-BVBRC_genome_sequence,112906.44,114421.64,227328.08,347.4,352.07,699.47,233.16,325.0, sdumont6165,74336282.16
358.0,2304,192,909595.3330078124,156468.0,150922.0,1135540.0,1730.56,4423.68,2375.68,4874.24,1.0,0,0.0,0.0,3n-2m-2th-1000bs-377019s-DENV_1-usa-BVBRC_genome_sequence,sequana_cpu_dev,3,11544070.0,2,2,1000,377019,DENV_1-usa-BVBRC_genome_sequence,34235.82,35813.11,70048.93,179.25,187.5,366.75,122.25,191.0, sdumont6165,13449394.56
357.0,2280,190,909614.0,160688.0,152990.0,1135684.0,1720.32,4423.68,2365.44,4874.24,1.0,0,0.0,0.0,3n-2m-2th-1000bs-377019s-DENV_1-usa-BVBRC_genome_sequence,sequana_cpu_dev,3,11544073.0,2,2,1000,377019,DENV_1-usa-BVBRC_genome_sequence,34024.04,35523.49,69547.53,180.02,187.95,367.98,122.66,189.0, sdumont6167,13214030.7
359.0,2244,187,909575.3330078124,160376.0,151542.666015625,1135688.0,1720.32,4423.68,2365.44,4874.24,1.0,0,0.0,0.0,3n-2m-2th-1000bs-377019s-DENV_1-usa-BVBRC_genome_sequence,sequana_cpu_dev,3,11544075.0,2,2,1000,377019,DENV_1-usa-BVBRC_genome_sequence,34056.59,35630.46,69687.05,183.1,191.56,374.66,124.89,186.0, sdumont6166,13031478.35
360.0,2340,195,909579.3330078124,155388.0,149108.666015625,1135580.0,1730.56,4423.68,2375.68,4874.24,1.0,0,0.0,0.0,3n-2m-2th-1000bs-377019s-DENV_1-usa-BVBRC_genome_sequence,sequana_cpu_dev,3,11544078.0,2,2,1000,377019,DENV_1-usa-BVBRC_genome_sequence,35228.16,36775.04,72003.2,181.59,189.56,371.15,123.72,194.0, sdumont6166,14040624.0
357.0,2256,188,909605.3330078124,160504.0,151560.666015625,1131468.0,1720.32,4423.68,2375.68,4874.24,1.0,0,17.0,217.0,3n-2m-2th-1000bs-377019s-DENV_1-usa-BVBRC_genome_sequence,sequana_cpu_dev,3,11544080.0,2,2,1000,377019,DENV_1-usa-BVBRC_genome_sequence,34137.86,35694.2,69832.06,182.56,190.88,373.43,124.48,187.0, sdumont6167,13128427.28
386.0,2784,116,1044024.0,157536.0,149315.3330078125,1270044.0,1669.12,4413.44,2263.04,4874.24,1.0,0,0.0,1.0,3n-2m-4th-1000bs-377019s-DENV_1-usa-BVBRC_genome_sequence,sequana_cpu_dev,3,11544081.0,2,4,1000,377019,DENV_1-usa-BVBRC_genome_sequence,25650.81,26573.4,52224.21,223.76,231.78,455.55,151.85,114.67, sdumont6167,6058008.36
402.0,2760,115,1044035.3330078124,152524.0,147939.3330078125,1270072.0,1648.64,4413.44,2263.04,4874.24,1.0,0,0.0,1.0,3n-2m-4th-1000bs-377019s-DENV_1-usa-BVBRC_genome_sequence,sequana_cpu_dev,3,11544082.0,2,4,1000,377019,DENV_1-usa-BVBRC_genome_sequence,25638.76,26550.03,52188.8,224.9,232.9,457.8,152.6,114.0, sdumont6167,6001712.0
409.0,2904,121,1044056.666015625,154636.0,148034.0,1270076.0,1669.12,4413.44,2252.8,4874.24,1.0,0,0.0,1.0,3n-2m-4th-1000bs-377019s-DENV_1-usa-BVBRC_genome_sequence,sequana_cpu_dev,3,11544088.0,2,4,1000,377019,DENV_1-usa-BVBRC_genome_sequence,25666.8,26541.83,52208.63,215.69,223.04,438.73,146.24,119.0, sdumont6167,6317244.23
388.0,2808,117,1044014.0,152488.0,147902.0,1270072.0,1669.12,4413.44,2263.04,4874.24,1.0,0,0.0,1.0,3n-2m-4th-1000bs-377019s-DENV_1-usa-BVBRC_genome_sequence,sequana_cpu_dev,3,11544089.0,2,4,1000,377019,DENV_1-usa-BVBRC_genome_sequence,25620.15,26577.49,52197.65,220.86,229.12,449.98,149.99,116.0, sdumont6166,6107125.05
409.0,2928,122,1044039.3330078124,152436.0,147928.666015625,1270072.0,1689.6,4413.44,2252.8,4874.24,1.0,0,0.0,2.0,3n-2m-4th-1000bs-377019s-DENV_1-usa-BVBRC_genome_sequence,sequana_cpu_dev,3,11544090.0,2,4,1000,377019,DENV_1-usa-BVBRC_genome_sequence,25417.4,26382.27,51799.67,211.81,219.85,431.66,143.89,120.0, sdumont6165,6319559.74
548.0,3528,98,1178910.0,152940.0,148077.3330078125,1404968.0,1648.64,4423.68,2222.08,4874.24,1.0,0,1.0,2.0,3n-2m-6th-1000bs-377019s-DENV_1-usa-BVBRC_genome_sequence,sequana_cpu_dev,3,11544091.0,2,6,1000,377019,DENV_1-usa-BVBRC_genome_sequence,24553.68,25110.74,49664.42,253.13,258.87,512.0,170.67,97.0, sdumont6166,4867113.16
537.0,3636,101,1178958.0,156792.0,148826.666015625,1400784.0,1658.88,4423.68,2232.32,4874.24,1.0,0,0.0,3.0,3n-2m-6th-1000bs-377019s-DENV_1-usa-BVBRC_genome_sequence,sequana_cpu_dev,3,11544093.0,2,6,1000,377019,DENV_1-usa-BVBRC_genome_sequence,24460.39,24923.02,49383.42,244.6,249.23,493.83,164.61,100.0, sdumont6166,4987725.42
540.0,3384,94,1178947.3330078125,157044.0,148832.0,1400772.0,1648.64,4423.68,2232.32,4874.24,1.0,0,1.0,4.0,3n-2m-6th-1000bs-377019s-DENV_1-usa-BVBRC_genome_sequence,sequana_cpu_dev,3,11544094.0,2,6,1000,377019,DENV_1-usa-BVBRC_genome_sequence,24603.79,25071.25,49675.04,264.56,269.58,534.14,178.05,93.0, sdumont6167,4669453.76
539.0,3384,94,1178952.0,155176.0,149910.0,1404968.0,1648.64,4423.68,2232.32,4874.24,1.0,0,1.0,3.0,3n-2m-6th-1000bs-377019s-DENV_1-usa-BVBRC_genome_sequence,sequana_cpu_dev,3,11544095.0,2,6,1000,377019,DENV_1-usa-BVBRC_genome_sequence,24750.59,25194.67,49945.26,269.03,273.86,542.88,180.96,92.0, sdumont6166,4694854.44
541.0,3420,95,1178952.666015625,153556.0,149157.3330078125,1404972.0,1648.64,4423.68,2232.32,4874.24,1.0,0,0.0,2.0,3n-2m-6th-1000bs-377019s-DENV_1-usa-BVBRC_genome_sequence,sequana_cpu_dev,3,11544096.0,2,6,1000,377019,DENV_1-usa-BVBRC_genome_sequence,24486.56,24924.61,49411.16,260.5,265.16,525.65,175.22,94.0, sdumont6166,4694060.2
704.0,4560,95,1313960.666015625,157008.0,150242.666015625,1540024.0,1658.88,4423.68,2222.08,4874.24,1.0,0,1.0,5.0,3n-2m-8th-1000bs-377019s-DENV_1-usa-BVBRC_genome_sequence,sequana_cpu_dev,3,11544097.0,2,8,1000,377019,DENV_1-usa-BVBRC_genome_sequence,27032.24,28024.17,55056.41,290.67,301.34,592.0,197.33,93.0, sdumont6167,5230358.95
578.0,4272,89,1314002.666015625,154856.0,148175.3330078125,1539984.0,1638.4,4403.2,2211.84,4874.24,1.0,0,2.0,5.0,3n-2m-8th-1000bs-377019s-DENV_1-usa-BVBRC_genome_sequence,sequana_cpu_dev,3,11544098.0,2,8,1000,377019,DENV_1-usa-BVBRC_genome_sequence,24177.73,25166.32,49344.05,277.9,289.27,567.17,189.06,87.0, sdumont6167,4391620.45
506.0,4176,87,1313980.666015625,154764.0,148192.0,1539996.0,1648.64,4413.44,2211.84,4874.24,2.0,0,1.0,5.0,3n-2m-8th-1000bs-377019s-DENV_1-usa-BVBRC_genome_sequence,sequana_cpu_dev,3,11544099.0,2,8,1000,377019,DENV_1-usa-BVBRC_genome_sequence,24105.09,25127.23,49232.32,280.29,292.18,572.47,190.82,86.0, sdumont6166,4283211.84
569.0,4128,86,1313982.0,152760.0,149151.3330078125,1540024.0,1638.4,4413.44,2211.84,4874.24,4.0,0,2.0,5.0,3n-2m-8th-1000bs-377019s-DENV_1-usa-BVBRC_genome_sequence,sequana_cpu_dev,3,11544100.0,2,8,1000,377019,DENV_1-usa-BVBRC_genome_sequence,24267.68,25232.49,49500.17,285.5,296.85,582.35,194.12,85.0, sdumont6167,4257014.62
541.0,4224,88,1314000.666015625,155964.0,148913.3330078125,1535828.0,1648.64,4403.2,2211.84,4874.24,1.0,0,1.0,3.0,3n-2m-8th-1000bs-377019s-DENV_1-usa-BVBRC_genome_sequence,sequana_cpu_dev,3,11544101.0,2,8,1000,377019,DENV_1-usa-BVBRC_genome_sequence,24264.37,25237.33,49501.69,278.9,290.08,568.98,189.66,87.0, sdumont6166,4356148.720000001
662.0,4980,83,1449063.3330078125,153100.0,148737.3330078125,1675060.0,1638.4,4413.44,2211.84,4874.24,1.0,0,2.0,5.0,3n-2m-10th-1000bs-377019s-DENV_1-usa-BVBRC_genome_sequence,sequana_cpu_dev,3,11544102.0,2,10,1000,377019,DENV_1-usa-BVBRC_genome_sequence,25106.03,25518.6,50624.63,306.17,311.2,617.37,205.79,82.0, sdumont6166,4201844.29
653.0,5400,90,1449070.0,155204.0,149027.3330078125,1675096.0,1648.64,4403.2,2211.84,4874.24,1.0,0,2.0,5.0,3n-2m-10th-1000bs-377019s-DENV_1-usa-BVBRC_genome_sequence,sequana_cpu_dev,3,11544103.0,2,10,1000,377019,DENV_1-usa-BVBRC_genome_sequence,25306.82,25692.75,50999.57,284.35,288.68,573.03,191.01,89.0, sdumont6165,4589961.3
663.0,5100,85,1449059.3330078125,152976.0,148666.666015625,1675096.0,1648.64,4413.44,2211.84,4874.24,1.0,0,3.0,6.0,3n-2m-10th-1000bs-377019s-DENV_1-usa-BVBRC_genome_sequence,sequana_cpu_dev,3,11544104.0,2,10,1000,377019,DENV_1-usa-BVBRC_genome_sequence,26227.08,26589.97,52817.05,315.99,320.36,636.35,212.12,83.0, sdumont6166,4489449.25
698.0,4980,83,1449062.666015625,156776.0,148914.0,1675060.0,1638.4,4413.44,2191.36,4874.24,1.0,0,3.0,4.0,3n-2m-10th-1000bs-377019s-DENV_1-usa-BVBRC_genome_sequence,sequana_cpu_dev,3,11544105.0,2,10,1000,377019,DENV_1-usa-BVBRC_genome_sequence,23110.33,23366.41,46476.74,281.83,284.96,566.79,188.93,82.0, sdumont6167,3857569.42
704.0,5100,85,1449066.0,155036.0,149341.3330078125,1675092.0,1628.16,4413.44,2211.84,4874.24,1.0,0,4.0,7.0,3n-2m-10th-1000bs-377019s-DENV_1-usa-BVBRC_genome_sequence,sequana_cpu_dev,3,11544106.0,2,10,1000,377019,DENV_1-usa-BVBRC_genome_sequence,26264.07,26588.75,52852.82,312.67,316.53,629.2,209.73,84.0, sdumont6167,4492489.7
845.0,7128,99,1584254.666015625,155148.0,150072.666015625,1810240.0,1648.64,4413.44,2211.84,4874.24,1.0,0,42.0,114.0,3n-2m-12th-1000bs-377019s-DENV_1-usa-BVBRC_genome_sequence,sequana_cpu_dev,3,11544107.0,2,12,1000,377019,DENV_1-usa-BVBRC_genome_sequence,26644.48,28428.81,55073.29,316.01,337.13,653.13,217.71,84.33, sdumont6166,5452255.71
788.0,5976,83,1584266.666015625,157112.0,150103.3330078125,1810312.0,1638.4,4413.44,2191.36,4874.24,1.0,0,5.0,10.0,3n-2m-12th-1000bs-377019s-DENV_1-usa-BVBRC_genome_sequence,sequana_cpu_dev,3,11544108.0,2,12,1000,377019,DENV_1-usa-BVBRC_genome_sequence,23311.86,24782.54,48094.41,287.8,305.96,593.76,197.92,81.0, sdumont6167,3991836.03
749.0,5976,83,1584258.666015625,157160.0,149832.0,1806112.0,1648.64,4413.44,2201.6,4874.24,1.0,0,2.0,6.0,3n-2m-12th-1000bs-377019s-DENV_1-usa-BVBRC_genome_sequence,sequana_cpu_dev,3,11544109.0,2,12,1000,377019,DENV_1-usa-BVBRC_genome_sequence,23225.2,24932.63,48157.83,283.23,304.06,587.29,195.76,82.0, sdumont6166,3997099.89
825.0,5976,83,1584275.3330078125,155360.0,148909.3330078125,1806124.0,1638.4,4413.44,2201.6,4874.24,1.0,0,8.0,11.0,3n-2m-12th-1000bs-377019s-DENV_1-usa-BVBRC_genome_sequence,sequana_cpu_dev,3,11544110.0,2,12,1000,377019,DENV_1-usa-BVBRC_genome_sequence,23315.44,24962.99,48278.43,291.44,312.04,603.48,201.16,80.0, sdumont6165,4007109.69
842.0,6048,84,1584270.666015625,155352.0,149826.0,1810312.0,1638.4,4413.44,2211.84,4874.24,1.0,0,5.0,9.0,3n-2m-12th-1000bs-377019s-DENV_1-usa-BVBRC_genome_sequence,sequana_cpu_dev,3,11544111.0,2,12,1000,377019,DENV_1-usa-BVBRC_genome_sequence,26740.38,28645.68,55386.06,323.58,346.58,670.16,223.39,82.67, sdumont6165,4652429.04
921.0,6888,82,1719380.0,157360.0,150208.666015625,1945484.0,1648.64,4413.44,2191.36,4874.24,1.0,0,9.0,15.0,3n-2m-14th-1000bs-377019s-DENV_1-usa-BVBRC_genome_sequence,sequana_cpu_dev,3,11544113.0,2,14,1000,377019,DENV_1-usa-BVBRC_genome_sequence,23400.6,23770.29,47170.88,288.9,293.46,582.36,194.12,81.0, sdumont6166,3868012.16
957.0,7644,91,1719417.3330078125,153964.0,149511.3330078125,1945468.0,1658.88,4403.2,2211.84,4874.24,1.0,0,6.0,11.0,3n-2m-14th-1000bs-377019s-DENV_1-usa-BVBRC_genome_sequence,sequana_cpu_dev,3,11544114.0,2,14,1000,377019,DENV_1-usa-BVBRC_genome_sequence,26979.41,27278.34,54257.74,302.06,305.37,607.44,202.48,89.33, sdumont6165,4937454.34
923.0,6888,82,1719369.3330078125,155200.0,149507.3330078125,1945460.0,1638.4,4413.44,2191.36,4874.24,1.0,0,6.0,9.0,3n-2m-14th-1000bs-377019s-DENV_1-usa-BVBRC_genome_sequence,sequana_cpu_dev,3,11544115.0,2,14,1000,377019,DENV_1-usa-BVBRC_genome_sequence,23414.49,23693.51,47108.0,289.07,292.51,581.58,193.86,81.0, sdumont6165,3862856.0
945.0,7392,88,1719374.0,155252.0,149630.666015625,1945468.0,1648.64,4403.2,2222.08,4874.24,1.0,0,6.0,11.0,3n-2m-14th-1000bs-377019s-DENV_1-usa-BVBRC_genome_sequence,sequana_cpu_dev,3,11544116.0,2,14,1000,377019,DENV_1-usa-BVBRC_genome_sequence,26839.65,27187.48,54027.13,308.5,312.5,621.0,207.0,87.0, sdumont6167,4754387.44
998.0,7224,86,1719314.0,155340.0,149177.3330078125,1941272.0,1648.64,4413.44,2211.84,4874.24,1.0,0,7.0,14.0,3n-2m-14th-1000bs-377019s-DENV_1-usa-BVBRC_genome_sequence,sequana_cpu_dev,3,11544117.0,2,14,1000,377019,DENV_1-usa-BVBRC_genome_sequence,26640.99,26977.2,53618.18,313.42,317.38,630.8,210.27,85.0, sdumont6167,4611163.48
1017.0,8736,91,1854516.666015625,154104.0,149629.3330078125,2080664.0,1658.88,4413.44,2211.84,4874.24,1.0,0,6.0,13.0,3n-2m-16th-1000bs-377019s-DENV_1-usa-BVBRC_genome_sequence,sequana_cpu_dev,3,11544118.0,2,16,1000,377019,DENV_1-usa-BVBRC_genome_sequence,27019.78,28641.75,55661.52,307.04,325.47,632.52,210.84,88.0, sdumont6166,5065198.319999999
1137.0,8160,85,1854552.666015625,155376.0,149356.0,2080664.0,1648.64,4413.44,2211.84,4874.24,1.0,0,10.0,13.0,3n-2m-16th-1000bs-377019s-DENV_1-usa-BVBRC_genome_sequence,sequana_cpu_dev,3,11544121.0,2,16,1000,377019,DENV_1-usa-BVBRC_genome_sequence,26964.29,28642.93,55607.22,321.0,340.99,661.99,220.66,84.0, sdumont6166,4726613.7
1076.0,8256,86,1854544.0,155428.0,149022.0,2080660.0,1648.64,4413.44,2222.08,4874.24,1.0,0,10.0,21.0,3n-2m-16th-1000bs-377019s-DENV_1-usa-BVBRC_genome_sequence,sequana_cpu_dev,3,11544122.0,2,16,1000,377019,DENV_1-usa-BVBRC_genome_sequence,26943.44,28531.94,55475.37,316.98,335.67,652.65,217.55,85.0, sdumont6166,4770881.82
1078.0,8352,87,1854570.0,155568.0,150794.0,2080664.0,1638.4,4413.44,2211.84,4874.24,1.0,0,7.0,14.0,3n-2m-16th-1000bs-377019s-DENV_1-usa-BVBRC_genome_sequence,sequana_cpu_dev,3,11544123.0,2,16,1000,377019,DENV_1-usa-BVBRC_genome_sequence,27150.39,28515.63,55666.02,315.7,331.58,647.28,215.76,86.0, sdumont6167,4842943.739999999
1147.0,8448,88,1854482.666015625,157312.0,150606.666015625,2076272.0,1638.4,4413.44,2222.08,4874.24,1.0,0,8.0,15.0,3n-2m-16th-1000bs-377019s-DENV_1-usa-BVBRC_genome_sequence,sequana_cpu_dev,3,11544124.0,2,16,1000,377019,DENV_1-usa-BVBRC_genome_sequence,26809.54,28516.92,55326.47,308.16,327.78,635.94,211.98,87.0, sdumont6166,4868729.36
1568.0,10692,99,1989718.666015625,155600.0,151214.666015625,2215808.0,1658.88,4423.68,2232.32,4874.24,1.0,0,6.0,12.0,3n-2m-18th-1000bs-377019s-DENV_1-usa-BVBRC_genome_sequence,sequana_cpu_dev,3,11544125.0,2,18,1000,377019,DENV_1-usa-BVBRC_genome_sequence,30170.78,30565.11,60735.89,307.87,311.89,619.75,206.58,98.0, sdumont6167,6012853.11
1601.0,10044,93,1989714.666015625,162712.0,153330.0,2215816.0,1669.12,4433.92,2273.28,4884.48,1.0,0,9.0,22.0,3n-2m-18th-1000bs-377019s-DENV_1-usa-BVBRC_genome_sequence,sequana_cpu_dev,3,11544128.0,2,18,1000,377019,DENV_1-usa-BVBRC_genome_sequence,27316.0,27663.48,54979.48,300.18,303.99,604.17,201.39,91.0, sdumont6166,5113091.640000001
1225.0,9612,89,1989741.3330078125,157576.0,150827.3330078125,2215816.0,1658.88,4413.44,2211.84,4874.24,1.0,0,12.0,20.0,3n-2m-18th-1000bs-377019s-DENV_1-usa-BVBRC_genome_sequence,sequana_cpu_dev,3,11544129.0,2,18,1000,377019,DENV_1-usa-BVBRC_genome_sequence,27284.51,27676.86,54961.37,310.05,314.51,624.56,208.19,88.0, sdumont6167,4891561.930000001
1615.0,10260,95,1989688.0,159264.0,151117.3330078125,2215808.0,1658.88,4423.68,2232.32,4874.24,1.0,0,15.0,22.0,3n-2m-18th-1000bs-377019s-DENV_1-usa-BVBRC_genome_sequence,sequana_cpu_dev,3,11544134.0,2,18,1000,377019,DENV_1-usa-BVBRC_genome_sequence,30868.16,31209.81,62077.97,328.38,332.02,660.4,220.13,94.0, sdumont6165,5897407.15
1209.0,9396,87,1989690.0,155436.0,149832.0,2215648.0,1658.88,4413.44,2211.84,4874.24,1.0,0,10.0,19.0,3n-2m-18th-1000bs-377019s-DENV_1-usa-BVBRC_genome_sequence,sequana_cpu_dev,3,11544135.0,2,18,1000,377019,DENV_1-usa-BVBRC_genome_sequence,27159.03,27560.74,54719.77,319.52,324.24,643.76,214.59,85.0, sdumont6166,4760619.989999999
1838.0,11760,98,2124898.0,158496.0,152753.3330078125,2350828.0,1648.64,4423.68,2232.32,4874.24,1.0,0,17.0,24.0,3n-2m-20th-1000bs-377019s-DENV_1-usa-BVBRC_genome_sequence,sequana_cpu_dev,3,11544136.0,2,20,1000,377019,DENV_1-usa-BVBRC_genome_sequence,32063.41,32805.21,64868.62,332.88,340.54,673.42,224.47,96.33, sdumont6166,6357124.760000001
1455.0,10680,89,2124896.0,157536.0,149936.0,2350956.0,1638.4,4413.44,2211.84,4874.24,1.0,0,17.0,22.0,3n-2m-20th-1000bs-377019s-DENV_1-usa-BVBRC_genome_sequence,sequana_cpu_dev,3,11544137.0,2,20,1000,377019,DENV_1-usa-BVBRC_genome_sequence,28094.12,28810.14,56904.27,321.74,329.9,651.64,217.21,87.33, sdumont6167,5064480.029999999
1263.0,10920,91,2124876.666015625,155412.0,150602.0,2350828.0,1648.64,4403.2,2211.84,4874.24,1.0,0,29.0,286.0,3n-2m-20th-1000bs-377019s-DENV_1-usa-BVBRC_genome_sequence,sequana_cpu_dev,3,11544138.0,2,20,1000,377019,DENV_1-usa-BVBRC_genome_sequence,28131.62,28857.57,56989.19,318.52,326.7,645.22,215.07,88.33, sdumont6167,5186016.29
1370.0,10800,90,2124922.0,155904.0,150718.666015625,2350952.0,1638.4,4413.44,2211.84,4874.24,1.0,0,14.0,26.0,3n-2m-20th-1000bs-377019s-DENV_1-usa-BVBRC_genome_sequence,sequana_cpu_dev,3,11544139.0,2,20,1000,377019,DENV_1-usa-BVBRC_genome_sequence,28230.17,28920.75,57150.92,319.64,327.42,647.06,215.69,88.33, sdumont6166,5143582.8
1788.0,11160,93,2124922.666015625,155800.0,150744.0,2350956.0,1648.64,4423.68,2211.84,4874.24,1.0,0,14.0,23.0,3n-2m-20th-1000bs-377019s-DENV_1-usa-BVBRC_genome_sequence,sequana_cpu_dev,3,11544140.0,2,20,1000,377019,DENV_1-usa-BVBRC_genome_sequence,28089.28,28860.06,56949.35,308.81,317.21,626.02,208.67,91.0, sdumont6166,5296289.55
1964.0,12276,93,2260076.0,157516.0,152196.0,2486140.0,1648.64,4423.68,2222.08,4874.24,1.0,0,16.0,33.0,3n-2m-22th-1000bs-377019s-DENV_1-usa-BVBRC_genome_sequence,sequana_cpu_dev,3,11544141.0,2,22,1000,377019,DENV_1-usa-BVBRC_genome_sequence,29038.17,29451.91,58490.08,317.99,322.48,640.46,213.49,91.33, sdumont6166,5439577.44
2006.0,12804,97,2260079.3330078125,157844.0,151028.0,2481916.0,1648.64,4423.68,2242.56,4874.24,1.0,0,21.0,37.0,3n-2m-22th-1000bs-377019s-DENV_1-usa-BVBRC_genome_sequence,sequana_cpu_dev,3,11544142.0,2,22,1000,377019,DENV_1-usa-BVBRC_genome_sequence,32614.36,33033.6,65647.96,343.31,347.72,691.03,230.34,95.0, sdumont6166,6367852.120000001
1980.0,12672,96,2260102.666015625,157688.0,152188.666015625,2481944.0,1658.88,4423.68,2242.56,4874.24,1.0,0,14.0,25.0,3n-2m-22th-1000bs-377019s-DENV_1-usa-BVBRC_genome_sequence,sequana_cpu_dev,3,11544143.0,2,22,1000,377019,DENV_1-usa-BVBRC_genome_sequence,32683.48,33145.62,65829.1,346.52,351.38,697.89,232.63,94.33, sdumont6165,6319593.600000001
1966.0,12276,93,2260080.666015625,157924.0,151465.3330078125,2486140.0,1658.88,4423.68,2211.84,4874.24,1.0,0,14.0,27.0,3n-2m-22th-1000bs-377019s-DENV_1-usa-BVBRC_genome_sequence,sequana_cpu_dev,3,11544144.0,2,22,1000,377019,DENV_1-usa-BVBRC_genome_sequence,29051.48,29488.42,58539.89,318.13,322.88,641.01,213.67,91.33, sdumont6167,5444209.77
1403.0,12012,91,2260076.666015625,155904.0,150764.666015625,2486124.0,1669.12,4413.44,2273.28,4884.48,1.0,0,11.0,26.0,3n-2m-22th-1000bs-377019s-DENV_1-usa-BVBRC_genome_sequence,sequana_cpu_dev,3,11544145.0,2,22,1000,377019,DENV_1-usa-BVBRC_genome_sequence,29033.86,29400.84,58434.7,325.06,329.12,654.18,218.06,89.33, sdumont6165,5317557.7
2430.0,16992,118,2395266.0,157876.0,151039.3330078125,2621324.0,1679.36,4423.68,2263.04,4874.24,1.0,0,24.0,35.0,3n-2m-24th-1000bs-377019s-DENV_1-usa-BVBRC_genome_sequence,sequana_cpu_dev,3,11544146.0,2,24,1000,377019,DENV_1-usa-BVBRC_genome_sequence,42160.44,42844.06,85004.51,363.45,369.35,732.8,244.27,116.0, sdumont6165,10030532.18
2308.0,15408,107,2395247.3330078125,156292.0,151061.3330078125,2621324.0,1648.64,4423.68,2252.8,4874.24,1.0,0,23.0,31.0,3n-2m-24th-1000bs-377019s-DENV_1-usa-BVBRC_genome_sequence,sequana_cpu_dev,3,11544147.0,2,24,1000,377019,DENV_1-usa-BVBRC_genome_sequence,38273.71,38859.01,77132.72,364.51,370.09,734.6,244.87,105.0, sdumont6167,8253201.04
2275.0,15120,105,2395261.3330078125,155948.0,151062.0,2621324.0,1658.88,4423.68,2252.8,4874.24,1.0,0,15.0,22.0,3n-2m-24th-1000bs-377019s-DENV_1-usa-BVBRC_genome_sequence,sequana_cpu_dev,3,11544148.0,2,24,1000,377019,DENV_1-usa-BVBRC_genome_sequence,38155.05,38838.23,76993.28,372.78,379.49,752.27,250.76,102.33, sdumont6167,8084294.399999999
2348.0,15984,111,2395246.0,156664.0,150924.0,2621316.0,1658.88,4423.68,2252.8,4874.24,1.0,0,20.0,29.0,3n-2m-24th-1000bs-377019s-DENV_1-usa-BVBRC_genome_sequence,sequana_cpu_dev,3,11544149.0,2,24,1000,377019,DENV_1-usa-BVBRC_genome_sequence,38144.6,38660.94,76805.54,351.1,355.83,706.93,235.64,108.67, sdumont6165,8525414.94
2446.0,17280,120,2395248.666015625,161916.0,151247.3330078125,2621324.0,1658.88,4423.68,2222.08,4874.24,4.0,0,22.0,39.0,3n-2m-24th-1000bs-377019s-DENV_1-usa-BVBRC_genome_sequence,sequana_cpu_dev,3,11544156.0,2,24,1000,377019,DENV_1-usa-BVBRC_genome_sequence,42341.74,43037.15,85378.9,361.9,367.84,729.73,243.24,117.0, sdumont6166,10245468.0
529.0,2224,278,1111904.0,160620.0,155921.0,1114900.0,1853.44,4392.96,1853.44,4392.96,1.0,0,93.0,373.0,4n-1m-2th-1000bs-377019s-DENV_1-usa-BVBRC_genome_sequence,sequana_cpu_dev,4,11544157.0,1,2,1000,377019,DENV_1-usa-BVBRC_genome_sequence,68320.85,46490.76,114811.61,246.65,167.84,414.48,103.62,277.0, sdumont6168,31917627.58
523.0,2288,286,1111838.0,160704.0,156477.0,1114888.0,1853.44,4382.72,1853.44,4392.96,1.0,0,0.0,0.0,4n-1m-2th-1000bs-377019s-DENV_1-usa-BVBRC_genome_sequence,sequana_cpu_dev,4,11544158.0,1,2,1000,377019,DENV_1-usa-BVBRC_genome_sequence,68444.83,46727.1,115171.93,240.16,163.95,404.11,101.03,285.0, sdumont6166,32939171.98
524.0,2304,288,1111896.0,158588.0,155331.0,1115056.0,1853.44,4382.72,1853.44,4392.96,1.0,0,0.0,0.0,4n-1m-2th-1000bs-377019s-DENV_1-usa-BVBRC_genome_sequence,sequana_cpu_dev,4,11544160.0,1,2,1000,377019,DENV_1-usa-BVBRC_genome_sequence,70423.67,48269.24,118692.92,245.38,168.19,413.56,103.39,287.0, sdumont6167,34183560.96
531.0,2304,288,1111949.0,160128.0,155944.0,1115036.0,1853.44,4392.96,1853.44,4392.96,1.0,0,0.0,0.0,4n-1m-2th-1000bs-377019s-DENV_1-usa-BVBRC_genome_sequence,sequana_cpu_dev,4,11544162.0,1,2,1000,377019,DENV_1-usa-BVBRC_genome_sequence,70563.92,48167.95,118731.86,246.73,168.42,415.15,103.79,286.0, sdumont6167,34194775.68
6889.0,30264,291,2733419.0,169396.0,163883.0,2736508.0,2058.24,4413.44,2058.24,4423.68,328208.0,0,535.0,548.0,4n-1m-26th-1000bs-484520s-DENV_1-brazil-BVBRC_genome_sequence,sequana_cpu,4,11544163.0,1,26,1000,484520,DENV_1-brazil-BVBRC_genome_sequence,131648.9,66061.24,197710.14,453.96,227.8,681.76,170.44,290.0, sdumont6200,57533650.74
8324.0,33824,302,2868557.0,165764.0,161978.0,2871608.0,2109.44,4433.92,2109.44,4433.92,328355.0,0,13.0,18.0,4n-1m-28th-1000bs-484520s-DENV_1-brazil-BVBRC_genome_sequence,sequana_cpu,4,11544164.0,1,28,1000,484520,DENV_1-brazil-BVBRC_genome_sequence,137115.8,82659.77,219775.57,456.66,275.31,731.97,182.99,300.25, sdumont6206,66372222.14
528.0,2280,285,1111911.0,160352.0,154944.0,1114972.0,1853.44,4382.72,1853.44,4392.96,4.0,0,29.0,119.0,4n-1m-2th-1000bs-377019s-DENV_1-usa-BVBRC_genome_sequence,sequana_cpu_dev,4,11544165.0,1,2,1000,377019,DENV_1-usa-BVBRC_genome_sequence,68134.15,46453.19,114587.34,239.91,163.57,403.48,100.87,284.0, sdumont6167,32657391.9
8235.0,34384,307,2868573.0,167172.0,163405.0,2871616.0,2109.44,4423.68,2109.44,4423.68,328295.0,0,24.0,31.0,4n-1m-28th-1000bs-484520s-DENV_1-brazil-BVBRC_genome_sequence,sequana_cpu,4,11544166.0,1,28,1000,484520,DENV_1-brazil-BVBRC_genome_sequence,135804.51,82177.49,217981.99,443.81,268.55,712.36,178.09,306.0, sdumont6117,66920470.93
593.0,2736,171,1246350.0,162632.0,156709.0,1249284.0,1658.88,4372.48,1658.88,4382.72,1.0,0,7.0,29.0,4n-1m-4th-1000bs-377019s-DENV_1-usa-BVBRC_genome_sequence,sequana_cpu_dev,4,11544167.0,1,4,1000,377019,DENV_1-usa-BVBRC_genome_sequence,49815.94,27558.72,77374.66,293.03,162.11,455.15,113.79,170.0, sdumont6165,13231066.86
8331.0,35504,317,2868524.0,165468.0,162822.0,2871472.0,2109.44,4423.68,2109.44,4433.92,328450.0,0,20.0,23.0,4n-1m-28th-1000bs-484520s-DENV_1-brazil-BVBRC_genome_sequence,sequana_cpu,4,11544168.0,1,28,1000,484520,DENV_1-brazil-BVBRC_genome_sequence,142419.84,85422.7,227842.54,452.13,271.18,723.31,180.83,315.0, sdumont6206,72226085.18
588.0,2832,177,1246352.0,158440.0,152937.0,1249296.0,1658.88,4362.24,1658.88,4372.48,1.0,0,0.0,0.0,4n-1m-4th-1000bs-377019s-DENV_1-usa-BVBRC_genome_sequence,sequana_cpu_dev,4,11544169.0,1,4,1000,377019,DENV_1-usa-BVBRC_genome_sequence,52520.65,29258.14,81778.79,298.41,166.24,464.65,116.16,176.0, sdumont6167,14474845.829999998
8321.0,34608,309,2868555.0,167604.0,162945.0,2871612.0,2109.44,4423.68,2109.44,4433.92,328615.0,0,97.0,327.0,4n-1m-28th-1000bs-484520s-DENV_1-brazil-BVBRC_genome_sequence,sequana_cpu,4,11544171.0,1,28,1000,484520,DENV_1-brazil-BVBRC_genome_sequence,142225.59,85483.44,227709.03,463.28,278.45,741.72,185.43,307.0, sdumont6117,70362090.27
591.0,2864,179,1246276.0,164484.0,153491.0,1249296.0,1658.88,4372.48,1658.88,4382.72,1.0,0,0.0,2.0,4n-1m-4th-1000bs-377019s-DENV_1-usa-BVBRC_genome_sequence,sequana_cpu_dev,4,11544172.0,1,4,1000,377019,DENV_1-usa-BVBRC_genome_sequence,52730.73,29291.69,82022.42,301.32,167.38,468.7,117.17,175.0, sdumont6168,14682013.18
585.0,2912,182,1246277.0,160528.0,155516.0,1249300.0,1720.32,4382.72,1802.24,4392.96,1.0,0,0.0,1.0,4n-1m-4th-1000bs-377019s-DENV_1-usa-BVBRC_genome_sequence,sequana_cpu_dev,4,11544173.0,1,4,1000,377019,DENV_1-usa-BVBRC_genome_sequence,52490.15,29305.83,81795.97,291.61,162.81,454.42,113.61,180.0, sdumont6166,14886866.54
8291.0,35504,317,2868571.0,171396.0,166380.0,2871752.0,2109.44,4423.68,2109.44,4433.92,328589.0,0,48.0,134.0,4n-1m-28th-1000bs-484520s-DENV_1-brazil-BVBRC_genome_sequence,sequana_cpu,4,11544175.0,1,28,1000,484520,DENV_1-brazil-BVBRC_genome_sequence,141802.28,85118.35,226920.63,448.74,269.36,718.1,179.53,316.0, sdumont6117,71933839.71000001
8918.0,37920,316,3003705.0,167300.0,163217.0,3006644.0,2109.44,4423.68,2109.44,4433.92,328736.0,0,22.0,29.0,4n-1m-30th-1000bs-484520s-DENV_1-brazil-BVBRC_genome_sequence,sequana_cpu,4,11544176.0,1,30,1000,484520,DENV_1-brazil-BVBRC_genome_sequence,141987.63,100246.59,242234.22,452.19,319.26,771.45,192.86,314.0, sdumont6200,76546013.52
592.0,2736,171,1246281.0,160508.0,154560.0,1249296.0,1658.88,4372.48,1658.88,4382.72,2.0,0,0.0,1.0,4n-1m-4th-1000bs-377019s-DENV_1-usa-BVBRC_genome_sequence,sequana_cpu_dev,4,11544177.0,1,4,1000,377019,DENV_1-usa-BVBRC_genome_sequence,49751.6,27607.98,77359.58,292.66,162.4,455.06,113.76,170.0, sdumont6166,13228488.18
709.0,3336,139,1381255.0,164532.0,158237.0,1384336.0,1607.68,4372.48,1607.68,4372.48,1.0,0,0.0,1.0,4n-1m-6th-1000bs-377019s-DENV_1-usa-BVBRC_genome_sequence,sequana_cpu_dev,4,11544179.0,1,6,1000,377019,DENV_1-usa-BVBRC_genome_sequence,47405.25,22467.23,69872.48,343.52,162.81,506.32,126.58,138.0, sdumont6168,9712274.72
711.0,3360,140,1381259.0,156668.0,153546.0,1384204.0,1607.68,4372.48,1607.68,4382.72,1.0,0,1.0,3.0,4n-1m-6th-1000bs-377019s-DENV_1-usa-BVBRC_genome_sequence,sequana_cpu_dev,4,11544180.0,1,6,1000,377019,DENV_1-usa-BVBRC_genome_sequence,47273.02,22408.96,69681.98,340.09,161.22,501.31,125.33,139.0, sdumont6166,9755477.2
710.0,3384,141,1381188.0,152568.0,149978.0,1384204.0,1607.68,4372.48,1607.68,4372.48,1.0,0,0.0,2.0,4n-1m-6th-1000bs-377019s-DENV_1-usa-BVBRC_genome_sequence,sequana_cpu_dev,4,11544184.0,1,6,1000,377019,DENV_1-usa-BVBRC_genome_sequence,47323.5,22412.7,69736.2,338.02,160.09,498.12,124.53,140.0, sdumont6168,9832804.2
706.0,3408,142,1381254.0,154624.0,151150.0,1384196.0,1607.68,4362.24,1607.68,4372.48,1.0,0,0.0,2.0,4n-1m-6th-1000bs-377019s-DENV_1-usa-BVBRC_genome_sequence,sequana_cpu_dev,4,11544185.0,1,6,1000,377019,DENV_1-usa-BVBRC_genome_sequence,47107.61,22388.7,69496.31,334.1,158.79,492.88,123.22,141.0, sdumont6168,9868476.02
706.0,3528,147,1381223.0,156680.0,152130.0,1384204.0,1607.68,4362.24,1607.68,4372.48,3.0,0,2.0,4.0,4n-1m-6th-1000bs-377019s-DENV_1-usa-BVBRC_genome_sequence,sequana_cpu_dev,4,11544187.0,1,6,1000,377019,DENV_1-usa-BVBRC_genome_sequence,50508.0,24159.89,74667.89,345.95,165.48,511.42,127.86,146.0, sdumont6165,10976179.83
946.0,4128,129,1516286.0,152984.0,150216.0,1519348.0,1607.68,4382.72,1607.68,4382.72,1.0,0,42.0,165.0,4n-1m-8th-1000bs-377019s-DENV_1-usa-BVBRC_genome_sequence,sequana_cpu_dev,4,11544189.0,1,8,1000,377019,DENV_1-usa-BVBRC_genome_sequence,48481.82,20793.76,69275.58,378.76,162.45,541.22,135.3,128.0, sdumont6165,8936549.82
945.0,4032,126,1516245.0,162948.0,155287.0,1519320.0,1607.68,4382.72,1607.68,4392.96,0.0,0,8.0,29.0,4n-1m-8th-1000bs-377019s-DENV_1-usa-BVBRC_genome_sequence,sequana_cpu_dev,4,11544191.0,1,8,1000,377019,DENV_1-usa-BVBRC_genome_sequence,48487.65,20782.57,69270.21,387.9,166.26,554.16,138.54,125.0, sdumont6166,8728046.46
937.0,4448,139,1516224.0,157076.0,152729.0,1519224.0,1607.68,4372.48,1607.68,4382.72,1.0,0,1.0,5.0,4n-1m-8th-1000bs-377019s-DENV_1-usa-BVBRC_genome_sequence,sequana_cpu_dev,4,11544192.0,1,8,1000,377019,DENV_1-usa-BVBRC_genome_sequence,51744.38,22403.88,74148.27,374.96,162.35,537.31,134.33,138.0, sdumont6165,10306609.53
936.0,4416,138,1516255.0,156620.0,151795.0,1519320.0,1607.68,4372.48,1607.68,4372.48,1.0,0,2.0,3.0,4n-1m-8th-1000bs-377019s-DENV_1-usa-BVBRC_genome_sequence,sequana_cpu_dev,4,11544193.0,1,8,1000,377019,DENV_1-usa-BVBRC_genome_sequence,51808.35,22430.17,74238.52,383.77,166.15,549.91,137.48,135.0, sdumont6168,10244915.76
948.0,3968,124,1516261.0,157120.0,152924.0,1519224.0,1607.68,4392.96,1607.68,4392.96,1.0,0,2.0,3.0,4n-1m-8th-1000bs-377019s-DENV_1-usa-BVBRC_genome_sequence,sequana_cpu_dev,4,11544194.0,1,8,1000,377019,DENV_1-usa-BVBRC_genome_sequence,48555.89,20788.97,69344.86,394.76,169.02,563.78,140.94,123.0, sdumont6165,8598762.64
888.0,4840,121,1651357.0,154956.0,150733.0,1654304.0,1556.48,4352.0,1556.48,4352.0,0.0,0,2.0,4.0,4n-1m-10th-1000bs-377019s-DENV_1-usa-BVBRC_genome_sequence,sequana_cpu_dev,4,11544195.0,1,10,1000,377019,DENV_1-usa-BVBRC_genome_sequence,48058.05,19102.79,67160.84,400.48,159.19,559.67,139.92,120.0, sdumont6165,8126461.64
1184.0,4960,124,1651320.0,157196.0,153437.0,1654304.0,1607.68,4392.96,1607.68,4392.96,1.0,0,3.0,5.0,4n-1m-10th-1000bs-377019s-DENV_1-usa-BVBRC_genome_sequence,sequana_cpu_dev,4,11544197.0,1,10,1000,377019,DENV_1-usa-BVBRC_genome_sequence,52223.05,20792.66,73015.72,424.58,169.05,593.62,148.41,123.0, sdumont6165,9053949.28
1180.0,5160,129,1651318.0,157096.0,152907.0,1654296.0,1607.68,4382.72,1607.68,4382.72,1.0,0,5.0,9.0,4n-1m-10th-1000bs-377019s-DENV_1-usa-BVBRC_genome_sequence,sequana_cpu_dev,4,11544199.0,1,10,1000,377019,DENV_1-usa-BVBRC_genome_sequence,52069.48,20766.96,72836.45,406.79,162.24,569.03,142.26,128.0, sdumont6168,9395902.05
1183.0,5120,128,1651319.0,158972.0,153867.0,1654304.0,1607.68,4382.72,1607.68,4392.96,1.0,0,2.0,3.0,4n-1m-10th-1000bs-377019s-DENV_1-usa-BVBRC_genome_sequence,sequana_cpu_dev,4,11544202.0,1,10,1000,377019,DENV_1-usa-BVBRC_genome_sequence,52454.36,20897.54,73351.9,413.03,164.55,577.57,144.39,127.0, sdumont6165,9389043.2
890.0,4760,119,1651322.0,152928.0,150792.0,1654304.0,1556.48,4352.0,1556.48,4352.0,1.0,0,74.0,287.0,4n-1m-10th-1000bs-377019s-DENV_1-usa-BVBRC_genome_sequence,sequana_cpu_dev,4,11544204.0,1,10,1000,377019,DENV_1-usa-BVBRC_genome_sequence,48108.47,19087.16,67195.63,411.18,163.14,574.32,143.58,117.0, sdumont6168,7996279.970000001
1419.0,6096,127,1786492.0,159092.0,153557.0,1789448.0,1607.68,4382.72,1607.68,4392.96,1.0,0,20.0,57.0,4n-1m-12th-1000bs-377019s-DENV_1-usa-BVBRC_genome_sequence,sequana_cpu_dev,4,11544205.0,1,12,1000,377019,DENV_1-usa-BVBRC_genome_sequence,53197.36,20827.2,74024.57,422.2,165.3,587.5,146.87,126.0, sdumont6167,9401120.39
1420.0,6192,129,1786499.0,159224.0,154031.0,1789456.0,1607.68,4382.72,1607.68,4392.96,1.0,0,7.0,9.0,4n-1m-12th-1000bs-377019s-DENV_1-usa-BVBRC_genome_sequence,sequana_cpu_dev,4,11544206.0,1,12,1000,377019,DENV_1-usa-BVBRC_genome_sequence,53123.93,20743.48,73867.41,417.51,163.02,580.53,145.13,127.25, sdumont6166,9528895.89
1423.0,5952,124,1786499.0,159196.0,153470.0,1789456.0,1607.68,4392.96,1607.68,4392.96,1.0,0,5.0,7.0,4n-1m-12th-1000bs-377019s-DENV_1-usa-BVBRC_genome_sequence,sequana_cpu_dev,4,11544207.0,1,12,1000,377019,DENV_1-usa-BVBRC_genome_sequence,53265.17,20854.85,74120.02,433.05,169.55,602.6,150.65,123.0, sdumont6167,9190882.48
1423.0,6192,129,1786529.0,157200.0,153475.0,1789752.0,1607.68,4392.96,1607.68,4392.96,1.0,0,9.0,14.0,4n-1m-12th-1000bs-377019s-DENV_1-usa-BVBRC_genome_sequence,sequana_cpu_dev,4,11544209.0,1,12,1000,377019,DENV_1-usa-BVBRC_genome_sequence,53332.31,20856.22,74188.53,416.66,162.94,579.6,144.9,128.0, sdumont6167,9570320.37
1424.0,5952,124,1786495.0,157072.0,152939.0,1789456.0,1607.68,4392.96,1607.68,4392.96,0.0,0,6.0,10.0,4n-1m-12th-1000bs-377019s-DENV_1-usa-BVBRC_genome_sequence,sequana_cpu_dev,4,11544210.0,1,12,1000,377019,DENV_1-usa-BVBRC_genome_sequence,53230.62,20986.76,74217.39,432.77,170.62,603.39,150.85,123.0, sdumont6166,9202956.36
1658.0,7224,129,1921677.0,155464.0,152071.0,1924680.0,1607.68,4382.72,1607.68,4382.72,0.0,0,8.0,12.0,4n-1m-14th-1000bs-377019s-DENV_1-usa-BVBRC_genome_sequence,sequana_cpu_dev,4,11544211.0,1,14,1000,377019,DENV_1-usa-BVBRC_genome_sequence,53724.21,20859.79,74584.0,419.72,162.97,582.69,145.67,128.0, sdumont6168,9621336.0
1661.0,7224,129,1921672.0,159212.0,153237.0,1924680.0,1607.68,4382.72,1607.68,4392.96,1.0,0,8.0,12.0,4n-1m-14th-1000bs-377019s-DENV_1-usa-BVBRC_genome_sequence,sequana_cpu_dev,4,11544212.0,1,14,1000,377019,DENV_1-usa-BVBRC_genome_sequence,53698.07,20882.93,74580.99,419.52,163.15,582.66,145.67,128.0, sdumont6165,9620947.71
1664.0,6888,123,1921587.0,157032.0,152645.0,1924620.0,1607.68,4392.96,1607.68,4392.96,1.0,0,7.0,9.0,4n-1m-14th-1000bs-377019s-DENV_1-usa-BVBRC_genome_sequence,sequana_cpu_dev,4,11544213.0,1,14,1000,377019,DENV_1-usa-BVBRC_genome_sequence,49188.9,19158.31,68347.2,403.19,157.04,560.22,140.06,122.0, sdumont6166,8406705.6
1661.0,7224,129,1921707.0,155356.0,152254.0,1924800.0,1607.68,4382.72,1607.68,4392.96,1.0,0,9.0,12.0,4n-1m-14th-1000bs-377019s-DENV_1-usa-BVBRC_genome_sequence,sequana_cpu_dev,4,11544216.0,1,14,1000,377019,DENV_1-usa-BVBRC_genome_sequence,53561.54,20841.43,74402.97,418.45,162.82,581.27,145.32,128.0, sdumont6166,9597983.13
1665.0,6832,122,1921628.0,161284.0,154066.0,1924652.0,1607.68,4392.96,1607.68,4392.96,1.0,0,9.0,14.0,4n-1m-14th-1000bs-377019s-DENV_1-usa-BVBRC_genome_sequence,sequana_cpu_dev,4,11544217.0,1,14,1000,377019,DENV_1-usa-BVBRC_genome_sequence,49270.07,19159.37,68429.44,407.19,158.34,565.53,141.38,121.0, sdumont6166,8348391.680000001
1899.0,8320,130,2056739.0,161220.0,155125.0,2059816.0,1607.68,4382.72,1607.68,4382.72,1.0,0,11.0,16.0,4n-1m-16th-1000bs-377019s-DENV_1-usa-BVBRC_genome_sequence,sequana_cpu_dev,4,11544220.0,1,16,1000,377019,DENV_1-usa-BVBRC_genome_sequence,54138.76,20866.84,75005.6,419.68,161.76,581.44,145.36,129.0, sdumont6168,9750728.0
1893.0,8896,139,2056770.0,156968.0,153129.0,2059848.0,1607.68,4372.48,1607.68,4382.72,1.0,0,11.0,18.0,4n-1m-16th-1000bs-377019s-DENV_1-usa-BVBRC_genome_sequence,sequana_cpu_dev,4,11544221.0,1,16,1000,377019,DENV_1-usa-BVBRC_genome_sequence,58844.37,22521.71,81366.07,428.01,163.78,591.79,147.95,137.5, sdumont6165,11309883.73
1898.0,8320,130,2056758.0,159136.0,153794.0,2059792.0,1607.68,4382.72,1607.68,4392.96,1.0,0,69.0,240.0,4n-1m-16th-1000bs-377019s-DENV_1-usa-BVBRC_genome_sequence,sequana_cpu_dev,4,11544222.0,1,16,1000,377019,DENV_1-usa-BVBRC_genome_sequence,54254.36,20877.07,75131.42,420.58,161.84,582.41,145.6,129.0, sdumont6166,9767084.6
1900.0,8000,125,2056723.0,159256.0,154608.0,2059808.0,1607.68,4392.96,1607.68,4392.96,0.0,0,18.0,42.0,4n-1m-16th-1000bs-377019s-DENV_1-usa-BVBRC_genome_sequence,sequana_cpu_dev,4,11544223.0,1,16,1000,377019,DENV_1-usa-BVBRC_genome_sequence,54153.07,20885.88,75038.96,436.72,168.43,605.15,151.29,124.0, sdumont6168,9379870.0
1903.0,8064,126,2056733.0,158984.0,155085.0,2059804.0,1607.68,4392.96,1607.68,4392.96,1.0,0,10.0,13.0,4n-1m-16th-1000bs-377019s-DENV_1-usa-BVBRC_genome_sequence,sequana_cpu_dev,4,11544224.0,1,16,1000,377019,DENV_1-usa-BVBRC_genome_sequence,54050.07,20897.75,74947.82,432.4,167.18,599.58,149.9,125.0, sdumont6168,9443425.32
2134.0,10152,141,2191981.0,161508.0,154319.0,2194992.0,1607.68,4372.48,1607.68,4382.72,1.0,0,13.0,15.0,4n-1m-18th-1000bs-377019s-DENV_1-usa-BVBRC_genome_sequence,sequana_cpu_dev,4,11544225.0,1,18,1000,377019,DENV_1-usa-BVBRC_genome_sequence,59143.12,22518.21,81661.33,425.49,162.0,587.49,146.87,139.0, sdumont6167,11514247.53
2139.0,9504,132,2191982.0,157368.0,152848.0,2195120.0,1607.68,4382.72,1607.68,4392.96,1.0,0,10.0,13.0,4n-1m-18th-1000bs-377019s-DENV_1-usa-BVBRC_genome_sequence,sequana_cpu_dev,4,11544227.0,1,18,1000,377019,DENV_1-usa-BVBRC_genome_sequence,54436.5,20910.78,75347.28,415.55,159.62,575.17,143.79,131.0, sdumont6165,9945840.96
2140.0,9360,130,2191943.0,157484.0,152218.0,2194992.0,1607.68,4382.72,1607.68,4392.96,1.0,0,16.0,20.0,4n-1m-18th-1000bs-377019s-DENV_1-usa-BVBRC_genome_sequence,sequana_cpu_dev,4,11544228.0,1,18,1000,377019,DENV_1-usa-BVBRC_genome_sequence,54254.58,20847.41,75102.0,420.58,161.61,582.19,145.55,129.0, sdumont6167,9763260.0
2137.0,9648,134,2191902.0,157340.0,153192.0,2194972.0,1607.68,4372.48,1607.68,4382.72,1.0,0,17.0,21.0,4n-1m-18th-1000bs-377019s-DENV_1-usa-BVBRC_genome_sequence,sequana_cpu_dev,4,11544229.0,1,18,1000,377019,DENV_1-usa-BVBRC_genome_sequence,54518.75,20906.92,75425.68,411.43,157.77,569.21,142.3,132.5, sdumont6166,10107041.12
2138.0,9576,133,2191982.0,161312.0,156301.0,2194992.0,1607.68,4382.72,1607.68,4392.96,1.0,0,17.0,20.0,4n-1m-18th-1000bs-377019s-DENV_1-usa-BVBRC_genome_sequence,sequana_cpu_dev,4,11544231.0,1,18,1000,377019,DENV_1-usa-BVBRC_genome_sequence,54435.71,20861.73,75297.44,412.39,158.04,570.44,142.61,132.0, sdumont6165,10014559.52
2379.0,10640,133,2327122.0,157440.0,153571.0,2330144.0,1607.68,4382.72,1607.68,4392.96,1.0,0,14.0,18.0,4n-1m-20th-1000bs-377019s-DENV_1-usa-BVBRC_genome_sequence,sequana_cpu_dev,4,11544233.0,1,20,1000,377019,DENV_1-usa-BVBRC_genome_sequence,56168.3,20889.12,77057.42,428.77,159.46,588.22,147.06,131.0, sdumont6167,10248636.86
2362.0,11440,143,2327007.0,159636.0,155472.0,2329996.0,1607.68,4372.48,1607.68,4372.48,2.0,0,102.0,369.0,4n-1m-20th-1000bs-377019s-DENV_1-usa-BVBRC_genome_sequence,sequana_cpu_dev,4,11544234.0,1,20,1000,377019,DENV_1-usa-BVBRC_genome_sequence,60995.63,22587.34,83582.97,429.55,159.07,588.61,147.15,142.0, sdumont6168,11952364.71
2375.0,11360,142,2327035.0,159632.0,155407.0,2330108.0,1607.68,4372.48,1607.68,4382.72,1.0,0,17.0,22.0,4n-1m-20th-1000bs-377019s-DENV_1-usa-BVBRC_genome_sequence,sequana_cpu_dev,4,11544235.0,1,20,1000,377019,DENV_1-usa-BVBRC_genome_sequence,61013.25,22638.36,83651.6,432.72,160.56,593.27,148.32,141.0, sdumont6166,11878527.2
2376.0,11040,138,2327141.0,155260.0,151935.0,2330272.0,1607.68,4372.48,1607.68,4382.72,1.0,0,16.0,21.0,4n-1m-20th-1000bs-377019s-DENV_1-usa-BVBRC_genome_sequence,sequana_cpu_dev,4,11544237.0,1,20,1000,377019,DENV_1-usa-BVBRC_genome_sequence,61183.52,22599.19,83782.71,446.6,164.96,611.55,152.89,137.0, sdumont6166,11562013.98
2377.0,11120,139,2327081.0,161832.0,157533.0,2330144.0,1607.68,4372.48,1607.68,4382.72,1.0,0,15.0,18.0,4n-1m-20th-1000bs-377019s-DENV_1-usa-BVBRC_genome_sequence,sequana_cpu_dev,4,11544238.0,1,20,1000,377019,DENV_1-usa-BVBRC_genome_sequence,61175.47,22729.22,83904.69,443.3,164.7,608.0,152.0,138.0, sdumont6165,11662751.91
2611.0,12320,140,2462218.0,155536.0,153003.0,2465172.0,1607.68,4372.48,1607.68,4372.48,1.0,0,16.0,29.0,4n-1m-22th-1000bs-377019s-DENV_1-usa-BVBRC_genome_sequence,sequana_cpu_dev,4,11544239.0,1,22,1000,377019,DENV_1-usa-BVBRC_genome_sequence,62776.89,22587.57,85364.46,451.63,162.5,614.13,153.53,139.0, sdumont6167,11951024.4
3260.0,13376,152,2462329.0,161580.0,157649.0,2465320.0,1751.04,4495.36,2058.24,4792.32,1.0,0,15.0,20.0,4n-1m-22th-1000bs-377019s-DENV_1-usa-BVBRC_genome_sequence,sequana_cpu_dev,4,11544241.0,1,22,1000,377019,DENV_1-usa-BVBRC_genome_sequence,67839.14,24301.08,92140.22,451.53,161.77,613.31,153.33,150.25, sdumont6167,14005313.44
2615.0,13200,150,2462216.0,155480.0,153517.0,2465172.0,1607.68,4372.48,1607.68,4382.72,1.0,0,18.0,22.0,4n-1m-22th-1000bs-377019s-DENV_1-usa-BVBRC_genome_sequence,sequana_cpu_dev,4,11544243.0,1,22,1000,377019,DENV_1-usa-BVBRC_genome_sequence,62963.64,22637.54,85601.18,452.98,162.86,615.84,153.96,139.0, sdumont6166,12840176.999999998
2615.0,12056,137,2462217.0,157784.0,153468.0,2465172.0,1607.68,4372.48,1607.68,4382.72,1.0,0,18.0,23.0,4n-1m-22th-1000bs-377019s-DENV_1-usa-BVBRC_genome_sequence,sequana_cpu_dev,4,11544245.0,1,22,1000,377019,DENV_1-usa-BVBRC_genome_sequence,62771.5,22644.43,85415.93,464.97,167.74,632.71,158.18,135.0, sdumont6168,11701982.409999998
2614.0,12232,139,2462254.0,155500.0,152537.0,2465172.0,1607.68,4372.48,1607.68,4382.72,1.0,0,20.0,26.0,4n-1m-22th-1000bs-377019s-DENV_1-usa-BVBRC_genome_sequence,sequana_cpu_dev,4,11544246.0,1,22,1000,377019,DENV_1-usa-BVBRC_genome_sequence,62832.91,22663.32,85496.24,458.63,165.43,624.06,156.02,137.0, sdumont6168,11883977.36
2845.0,13920,145,2597460.0,157692.0,154228.0,2600624.0,1607.68,4362.24,1607.68,4372.48,1.0,0,24.0,32.0,4n-1m-24th-1000bs-377019s-DENV_1-usa-BVBRC_genome_sequence,sequana_cpu_dev,4,11544247.0,1,24,1000,377019,DENV_1-usa-BVBRC_genome_sequence,70674.46,24633.7,95308.17,493.39,172.0,665.39,166.35,143.25, sdumont6166,13819684.65
2849.0,13536,141,2597460.0,159848.0,155707.0,2600480.0,1607.68,4372.48,1607.68,4372.48,1.0,0,19.0,26.0,4n-1m-24th-1000bs-377019s-DENV_1-usa-BVBRC_genome_sequence,sequana_cpu_dev,4,11544248.0,1,24,1000,377019,DENV_1-usa-BVBRC_genome_sequence,65497.45,23025.79,88523.24,467.84,164.47,632.31,158.08,140.0, sdumont6166,12481776.84
2847.0,13920,145,2597423.0,159564.0,154704.0,2600480.0,1607.68,4362.24,1607.68,4372.48,2.0,0,19.0,29.0,4n-1m-24th-1000bs-377019s-DENV_1-usa-BVBRC_genome_sequence,sequana_cpu_dev,4,11544252.0,1,24,1000,377019,DENV_1-usa-BVBRC_genome_sequence,70757.64,24695.53,95453.17,491.37,171.5,662.87,165.72,144.0, sdumont6167,13840709.65
2848.0,13632,142,2597502.0,155736.0,152638.0,2600624.0,1607.68,4372.48,1607.68,4372.48,1.0,0,14.0,18.0,4n-1m-24th-1000bs-377019s-DENV_1-usa-BVBRC_genome_sequence,sequana_cpu_dev,4,11544254.0,1,24,1000,377019,DENV_1-usa-BVBRC_genome_sequence,65476.23,22910.9,88387.13,466.88,163.37,630.25,157.56,140.25, sdumont6165,12550972.46
2841.0,13440,140,2597460.0,161980.0,155728.0,2600480.0,1607.68,4372.48,1607.68,4382.72,1.0,0,30.0,65.0,4n-1m-24th-1000bs-377019s-DENV_1-usa-BVBRC_genome_sequence,sequana_cpu_dev,4,11544255.0,1,24,1000,377019,DENV_1-usa-BVBRC_genome_sequence,65344.83,23006.09,88350.93,471.77,166.13,637.9,159.47,138.5, sdumont6167,12369130.2
3850.0,18720,180,2732615.0,167820.0,159430.0,2735676.0,1658.88,4362.24,1658.88,4372.48,1.0,0,17.0,27.0,4n-1m-26th-1000bs-377019s-DENV_1-usa-BVBRC_genome_sequence,sequana_cpu_dev,4,11544258.0,1,26,1000,377019,DENV_1-usa-BVBRC_genome_sequence,82589.44,41950.21,124539.65,463.36,235.36,698.71,174.68,178.25, sdumont6166,22417137.0
3858.0,18200,175,2732578.0,161904.0,155760.0,2735680.0,1658.88,4372.48,1658.88,4382.72,1.0,0,15.0,20.0,4n-1m-26th-1000bs-377019s-DENV_1-usa-BVBRC_genome_sequence,sequana_cpu_dev,4,11544260.0,1,26,1000,377019,DENV_1-usa-BVBRC_genome_sequence,78749.9,39971.27,118721.17,455.2,231.05,686.25,171.56,173.0, sdumont6165,20776204.75
3860.0,17888,172,2732578.0,164136.0,156865.0,2735532.0,1658.88,4372.48,1658.88,4382.72,1.0,0,17.0,23.0,4n-1m-26th-1000bs-377019s-DENV_1-usa-BVBRC_genome_sequence,sequana_cpu_dev,4,11544261.0,1,26,1000,377019,DENV_1-usa-BVBRC_genome_sequence,77499.43,39658.05,117157.48,453.21,231.92,685.13,171.28,171.0, sdumont6168,20151086.56
3860.0,17472,168,2732541.0,163700.0,157699.0,2735532.0,1658.88,4372.48,1658.88,4382.72,1.0,0,16.0,22.0,4n-1m-26th-1000bs-377019s-DENV_1-usa-BVBRC_genome_sequence,sequana_cpu_dev,4,11544264.0,1,26,1000,377019,DENV_1-usa-BVBRC_genome_sequence,77529.29,39525.22,117054.51,464.25,236.68,700.93,175.23,167.0, sdumont6167,19665157.68
3857.0,18928,182,2732615.0,162176.0,158553.0,2735676.0,1658.88,4372.48,1658.88,4382.72,1.0,0,20.0,28.0,4n-1m-26th-1000bs-377019s-DENV_1-usa-BVBRC_genome_sequence,sequana_cpu_dev,4,11544265.0,1,26,1000,377019,DENV_1-usa-BVBRC_genome_sequence,82586.48,42011.35,124597.83,474.63,241.44,716.08,179.02,174.0, sdumont6168,22676805.06
4997.0,22288,199,2867829.0,164184.0,159160.0,2871004.0,1699.84,4382.72,1710.08,4392.96,1.0,0,101.0,352.0,4n-1m-28th-1000bs-377019s-DENV_1-usa-BVBRC_genome_sequence,sequana_cpu_dev,4,11544266.0,1,28,1000,377019,DENV_1-usa-BVBRC_genome_sequence,92137.53,55692.31,147829.83,465.34,281.27,746.62,186.65,198.0, sdumont6167,29418136.17
4152.0,19264,172,2867792.0,166184.0,160525.0,2870856.0,1658.88,4372.48,1658.88,4382.72,1.0,0,39.0,77.0,4n-1m-28th-1000bs-377019s-DENV_1-usa-BVBRC_genome_sequence,sequana_cpu_dev,4,11544268.0,1,28,1000,377019,DENV_1-usa-BVBRC_genome_sequence,76739.56,47313.88,124053.44,448.77,276.69,725.46,181.36,171.0, sdumont6166,21337191.68
4986.0,21056,188,2867830.0,161924.0,159176.0,2870856.0,1699.84,4392.96,1710.08,4392.96,1.0,0,21.0,33.0,4n-1m-28th-1000bs-377019s-DENV_1-usa-BVBRC_genome_sequence,sequana_cpu_dev,4,11544269.0,1,28,1000,377019,DENV_1-usa-BVBRC_genome_sequence,87453.4,53145.85,140599.25,467.67,284.2,751.87,187.97,187.0, sdumont6168,26432659.0
5000.0,21952,196,2867830.0,166176.0,162143.0,2871004.0,1699.84,4392.96,1710.08,4392.96,1.0,0,17.0,27.0,4n-1m-28th-1000bs-377019s-DENV_1-usa-BVBRC_genome_sequence,sequana_cpu_dev,4,11544271.0,1,28,1000,377019,DENV_1-usa-BVBRC_genome_sequence,87001.65,52891.51,139893.16,448.46,272.64,721.1,180.27,194.0, sdumont6167,27419059.36
4995.0,22176,198,2867793.0,166172.0,160065.0,2870856.0,1699.84,4392.96,1710.08,4392.96,1.0,0,14.0,22.0,4n-1m-28th-1000bs-377019s-DENV_1-usa-BVBRC_genome_sequence,sequana_cpu_dev,4,11544273.0,1,28,1000,377019,DENV_1-usa-BVBRC_genome_sequence,92336.62,55856.03,148192.65,470.53,284.65,755.18,188.79,196.25, sdumont6165,29342144.7
4455.0,21240,177,3002937.0,166040.0,158639.0,3006036.0,1658.88,4372.48,1658.88,4372.48,1.0,0,27.0,37.0,4n-1m-30th-1000bs-377019s-DENV_1-usa-BVBRC_genome_sequence,sequana_cpu_dev,4,11544276.0,1,30,1000,377019,DENV_1-usa-BVBRC_genome_sequence,81608.77,58354.95,139963.72,465.04,332.55,797.59,199.4,175.5, sdumont6168,24773578.44
4459.0,20640,172,3002937.0,168428.0,160779.0,3006040.0,1658.88,4372.48,1658.88,4382.72,1.0,0,20.0,34.0,4n-1m-30th-1000bs-377019s-DENV_1-usa-BVBRC_genome_sequence,sequana_cpu_dev,4,11544277.0,1,30,1000,377019,DENV_1-usa-BVBRC_genome_sequence,77029.37,55213.52,132242.89,450.46,322.89,773.35,193.34,171.0, sdumont6166,22745777.08
5356.0,21960,183,3003011.0,163852.0,157993.0,3006188.0,1699.84,4392.96,1710.08,4392.96,1.0,0,28.0,37.0,4n-1m-30th-1000bs-377019s-DENV_1-usa-BVBRC_genome_sequence,sequana_cpu_dev,4,11544279.0,1,30,1000,377019,DENV_1-usa-BVBRC_genome_sequence,82155.48,58882.73,141038.21,452.62,324.42,777.05,194.26,181.5, sdumont6168,25809992.43
5352.0,22080,184,3002974.0,163992.0,159666.0,3006036.0,1699.84,4392.96,1710.08,4392.96,1.0,0,17.0,20.0,4n-1m-30th-1000bs-377019s-DENV_1-usa-BVBRC_genome_sequence,sequana_cpu_dev,4,11544281.0,1,30,1000,377019,DENV_1-usa-BVBRC_genome_sequence,81642.04,58475.26,140117.3,447.93,320.84,768.77,192.19,182.25, sdumont6166,25781583.2
5327.0,22560,188,3002973.0,164556.0,158648.0,3006040.0,1699.84,4392.96,1710.08,4392.96,1.0,0,16.0,22.0,4n-1m-30th-1000bs-377019s-DENV_1-usa-BVBRC_genome_sequence,sequana_cpu_dev,4,11544283.0,1,30,1000,377019,DENV_1-usa-BVBRC_genome_sequence,86322.05,61611.6,147933.66,466.61,333.04,799.64,199.91,185.0, sdumont6165,27811528.08
5701.0,25088,196,3138152.0,164360.0,159202.0,3141216.0,1699.84,4392.96,1710.08,4392.96,1.0,0,22.0,36.0,4n-1m-32th-1000bs-377019s-DENV_1-usa-BVBRC_genome_sequence,sequana_cpu_dev,4,11544285.0,1,32,1000,377019,DENV_1-usa-BVBRC_genome_sequence,91836.55,72667.22,164503.77,472.79,374.1,846.89,211.72,194.25, sdumont6166,32242738.92
5715.0,24960,195,3138115.0,161984.0,158107.0,3141068.0,1699.84,4392.96,1710.08,4392.96,4.0,0,18.0,25.0,4n-1m-32th-1000bs-377019s-DENV_1-usa-BVBRC_genome_sequence,sequana_cpu_dev,4,11544291.0,1,32,1000,377019,DENV_1-usa-BVBRC_genome_sequence,86549.36,68758.23,155307.59,446.75,354.9,801.65,200.41,193.75, sdumont6167,30284980.05
5700.0,25088,196,3138077.0,162280.0,158276.0,3141068.0,1699.84,4382.72,1710.08,4392.96,1.0,0,25.0,36.0,4n-1m-32th-1000bs-377019s-DENV_1-usa-BVBRC_genome_sequence,sequana_cpu_dev,4,11544294.0,1,32,1000,377019,DENV_1-usa-BVBRC_genome_sequence,91353.29,72429.77,163783.06,468.48,371.43,839.91,209.98,195.0, sdumont6167,32101479.76
5711.0,24832,194,3138225.0,164624.0,159791.0,3141216.0,1699.84,4392.96,1710.08,4392.96,1.0,0,125.0,413.0,4n-1m-32th-1000bs-377019s-DENV_1-usa-BVBRC_genome_sequence,sequana_cpu_dev,4,11544295.0,1,32,1000,377019,DENV_1-usa-BVBRC_genome_sequence,86659.3,68499.61,155158.91,449.01,354.92,803.93,200.98,193.0, sdumont6168,30100828.54
5697.0,25216,197,3138226.0,164992.0,158365.0,3141364.0,1699.84,4382.72,1710.08,4392.96,1.0,0,41.0,74.0,4n-1m-32th-1000bs-377019s-DENV_1-usa-BVBRC_genome_sequence,sequana_cpu_dev,4,11544296.0,1,32,1000,377019,DENV_1-usa-BVBRC_genome_sequence,91196.38,72537.87,163734.25,467.09,371.49,838.58,209.65,195.25, sdumont6165,32255647.25
6065.0,25840,190,3273326.0,166336.0,161077.0,3276520.0,1699.84,4392.96,1710.08,4392.96,1.0,0,24.0,34.0,4n-1m-34th-1000bs-377019s-DENV_1-usa-BVBRC_genome_sequence,sequana_cpu_dev,4,11544297.0,1,34,1000,377019,DENV_1-usa-BVBRC_genome_sequence,85991.1,74537.0,160528.1,454.98,394.38,849.36,212.34,189.0, sdumont6168,30500339.0
6064.0,25976,191,3273325.0,166592.0,159623.0,3276396.0,1699.84,4392.96,1710.08,4392.96,4.0,0,20.0,32.0,4n-1m-34th-1000bs-377019s-DENV_1-usa-BVBRC_genome_sequence,sequana_cpu_dev,4,11544298.0,1,34,1000,377019,DENV_1-usa-BVBRC_genome_sequence,86102.86,74734.7,160837.56,453.17,393.34,846.51,211.63,190.0, sdumont6166,30719973.96
6057.0,27064,199,3273363.0,166508.0,159590.0,3276520.0,1699.84,4382.72,1710.08,4392.96,1.0,0,24.0,39.0,4n-1m-34th-1000bs-377019s-DENV_1-usa-BVBRC_genome_sequence,sequana_cpu_dev,4,11544300.0,1,34,1000,377019,DENV_1-usa-BVBRC_genome_sequence,91524.68,79194.67,170719.35,462.25,399.97,862.22,215.55,198.0, sdumont6168,33973150.65
6067.0,27200,200,3273474.0,164712.0,159035.0,3276544.0,1699.84,4392.96,1710.08,4392.96,1.0,0,16.0,21.0,4n-1m-34th-1000bs-377019s-DENV_1-usa-BVBRC_genome_sequence,sequana_cpu_dev,4,11544302.0,1,34,1000,377019,DENV_1-usa-BVBRC_genome_sequence,90924.9,78737.83,169662.73,459.21,397.69,856.9,214.23,198.0, sdumont6168,33932546.0
6059.0,27200,200,3273363.0,164308.0,158939.0,3276520.0,1699.84,4382.72,1710.08,4382.72,1.0,0,19.0,26.0,4n-1m-34th-1000bs-377019s-DENV_1-usa-BVBRC_genome_sequence,sequana_cpu_dev,4,11544303.0,1,34,1000,377019,DENV_1-usa-BVBRC_genome_sequence,90888.38,79050.18,169938.56,457.85,398.25,856.1,214.02,198.5, sdumont6165,33987712.0
6421.0,29088,202,3408461.0,164828.0,160682.0,3411584.0,1699.84,4382.72,1710.08,4392.96,3.0,0,25.0,36.0,4n-1m-36th-1000bs-377019s-DENV_1-usa-BVBRC_genome_sequence,sequana_cpu_dev,4,11544308.0,1,36,1000,377019,DENV_1-usa-BVBRC_genome_sequence,90810.99,80880.49,171691.47,452.4,402.9,855.3,213.83,200.75, sdumont6166,34681676.94
6419.0,27792,193,3408573.0,166624.0,160631.0,3411728.0,1699.84,4382.72,1710.08,4392.96,0.0,0,13.0,18.0,4n-1m-36th-1000bs-377019s-DENV_1-usa-BVBRC_genome_sequence,sequana_cpu_dev,4,11544310.0,1,36,1000,377019,DENV_1-usa-BVBRC_genome_sequence,85879.11,76844.71,162723.83,449.06,401.78,850.84,212.71,191.25, sdumont6168,31405699.19
6415.0,30096,209,3408535.0,168268.0,161446.0,3411584.0,1699.84,4372.48,1710.08,4392.96,1.0,0,25.0,39.0,4n-1m-36th-1000bs-377019s-DENV_1-usa-BVBRC_genome_sequence,sequana_cpu_dev,4,11544311.0,1,36,1000,377019,DENV_1-usa-BVBRC_genome_sequence,95772.75,85173.79,180946.54,464.92,413.47,878.38,219.6,206.0, sdumont6166,37817826.86
6420.0,28944,201,3408497.0,164232.0,159924.0,3411580.0,1699.84,4382.72,1710.08,4392.96,1.0,0,23.0,33.0,4n-1m-36th-1000bs-377019s-DENV_1-usa-BVBRC_genome_sequence,sequana_cpu_dev,4,11544315.0,1,36,1000,377019,DENV_1-usa-BVBRC_genome_sequence,90616.58,80652.31,171268.89,453.64,403.74,857.38,214.34,199.75, sdumont6167,34425046.89
7484.0,31248,217,3408498.0,164720.0,161557.0,3411580.0,1751.04,4392.96,1751.04,4392.96,1.0,0,23.0,39.0,4n-1m-36th-1000bs-377019s-DENV_1-usa-BVBRC_genome_sequence,sequana_cpu_dev,4,11544318.0,1,36,1000,377019,DENV_1-usa-BVBRC_genome_sequence,100453.56,89316.22,189769.78,465.06,413.5,878.56,219.64,216.0, sdumont6165,41180042.26
6768.0,29640,195,3543689.0,162436.0,158158.0,3546764.0,1699.84,4392.96,1710.08,4392.96,1.0,0,145.0,479.0,4n-1m-38th-1000bs-377019s-DENV_1-usa-BVBRC_genome_sequence,sequana_cpu_dev,4,11544322.0,1,38,1000,377019,DENV_1-usa-BVBRC_genome_sequence,85048.14,76886.26,161934.4,439.01,396.85,835.85,208.96,193.75, sdumont6167,31577208.0
6783.0,31160,205,3543719.0,169068.0,163338.0,3546764.0,1699.84,4382.72,1710.08,4392.96,1.0,0,26.0,34.0,4n-1m-38th-1000bs-377019s-DENV_1-usa-BVBRC_genome_sequence,sequana_cpu_dev,4,11544325.0,1,38,1000,377019,DENV_1-usa-BVBRC_genome_sequence,90457.71,81861.3,172319.0,445.6,403.26,848.86,212.22,203.0, sdumont6165,35325395.0
6775.0,32072,211,3543607.0,164676.0,161546.0,3546616.0,1699.84,4372.48,1710.08,4382.72,1.0,0,35.0,42.0,4n-1m-38th-1000bs-377019s-DENV_1-usa-BVBRC_genome_sequence,sequana_cpu_dev,4,11544327.0,1,38,1000,377019,DENV_1-usa-BVBRC_genome_sequence,95198.06,85990.02,181188.08,453.85,409.99,863.84,215.96,209.75, sdumont6165,38230684.88
7916.0,32224,212,3543681.0,168612.0,162149.0,3546616.0,1751.04,4392.96,1751.04,4403.2,1.0,0,27.0,41.0,4n-1m-38th-1000bs-377019s-DENV_1-usa-BVBRC_genome_sequence,sequana_cpu_dev,4,11544351.0,1,38,1000,377019,DENV_1-usa-BVBRC_genome_sequence,94823.96,85434.98,180258.94,449.4,404.91,854.31,213.58,211.0, sdumont6168,38214895.28
7912.0,33136,218,3543689.0,164832.0,161227.0,3546724.0,1751.04,4392.96,1751.04,4403.2,1.0,0,16.0,24.0,4n-1m-38th-1000bs-377019s-DENV_1-usa-BVBRC_genome_sequence,sequana_cpu_dev,4,11544354.0,1,38,1000,377019,DENV_1-usa-BVBRC_genome_sequence,101364.63,91213.15,192577.77,469.28,422.28,891.56,222.89,216.0, sdumont6168,41981953.86
8328.0,35200,220,3678953.0,167008.0,163056.0,3682096.0,1751.04,4392.96,1751.04,4403.2,1.0,0,28.0,38.0,4n-1m-40th-1000bs-377019s-DENV_1-usa-BVBRC_genome_sequence,sequana_cpu_dev,4,11544355.0,1,40,1000,377019,DENV_1-usa-BVBRC_genome_sequence,100150.03,92626.83,192776.86,458.89,424.42,883.31,220.83,218.25, sdumont6167,42410909.2
8330.0,35360,221,3678906.0,166728.0,161813.0,3681948.0,1751.04,4392.96,1751.04,4403.2,0.0,0,28.0,37.0,4n-1m-40th-1000bs-377019s-DENV_1-usa-BVBRC_genome_sequence,sequana_cpu_dev,4,11544358.0,1,40,1000,377019,DENV_1-usa-BVBRC_genome_sequence,100030.85,92293.32,192324.17,456.76,421.43,878.19,219.55,219.0, sdumont6167,42503641.57
8247.0,36800,230,3678831.0,164848.0,160903.0,3681900.0,1751.04,4382.72,1751.04,4392.96,1.0,0,180.0,631.0,4n-1m-40th-1000bs-377019s-DENV_1-usa-BVBRC_genome_sequence,sequana_cpu_dev,4,11544364.0,1,40,1000,377019,DENV_1-usa-BVBRC_genome_sequence,106479.45,98278.81,204758.26,470.65,434.41,905.05,226.26,226.25, sdumont6168,47094399.8
8315.0,36960,231,3678868.0,169424.0,161314.0,3682048.0,1751.04,4392.96,1751.04,4392.96,1.0,0,27.0,33.0,4n-1m-40th-1000bs-377019s-DENV_1-usa-BVBRC_genome_sequence,sequana_cpu_dev,4,11544368.0,1,40,1000,377019,DENV_1-usa-BVBRC_genome_sequence,105872.36,97882.93,203755.29,462.82,427.93,890.75,222.69,228.75, sdumont6165,47067471.99
8203.0,37120,232,3678979.0,164736.0,160240.0,3682192.0,1751.04,4382.72,1751.04,4403.2,0.0,0,22.0,37.0,4n-1m-40th-1000bs-377019s-DENV_1-usa-BVBRC_genome_sequence,sequana_cpu_dev,4,11544372.0,1,40,1000,377019,DENV_1-usa-BVBRC_genome_sequence,104514.37,96200.6,200714.97,452.44,416.45,868.9,217.22,231.0, sdumont6166,46565873.04
8741.0,36120,215,3814050.0,166936.0,162097.0,3817136.0,1751.04,4392.96,1751.04,4403.2,1.0,0,32.0,42.0,4n-1m-42th-1000bs-377019s-DENV_1-usa-BVBRC_genome_sequence,sequana_cpu_dev,4,11544375.0,1,42,1000,377019,DENV_1-usa-BVBRC_genome_sequence,94733.53,87764.02,182497.55,444.25,411.56,855.81,213.95,213.25, sdumont6167,39236973.25
8717.0,38472,229,3814012.0,167100.0,162473.0,3817136.0,1751.04,4392.96,1751.04,4403.2,1181.0,0,137.0,501.0,4n-1m-42th-1000bs-377019s-DENV_1-usa-BVBRC_genome_sequence,sequana_cpu_dev,4,11544380.0,1,42,1000,377019,DENV_1-usa-BVBRC_genome_sequence,105602.99,98311.61,203914.6,466.21,434.04,900.25,225.06,226.5, sdumont6168,46696443.4
8734.0,39312,234,3814134.0,166892.0,162474.0,3817132.0,1751.04,4382.72,1751.04,4392.96,1.0,0,17.0,21.0,4n-1m-42th-1000bs-377019s-DENV_1-usa-BVBRC_genome_sequence,sequana_cpu_dev,4,11544397.0,1,42,1000,377019,DENV_1-usa-BVBRC_genome_sequence,104406.4,97269.23,201675.63,450.03,419.29,869.32,217.33,232.0, sdumont6166,47192097.42
8692.0,37800,225,3818258.0,169072.0,163689.0,3822004.0,2652.16,4392.96,5345.28,4392.96,1044.0,0,307.0,680.0,4n-1m-42th-1000bs-377019s-DENV_1-usa-BVBRC_genome_sequence,sequana_cpu_dev,4,11544399.0,1,42,1000,377019,DENV_1-usa-BVBRC_genome_sequence,100685.81,92593.28,193279.1,451.51,415.22,866.72,216.68,223.0, sdumont6169,43487797.5
8718.0,38304,228,3813976.0,168572.0,162717.0,3816988.0,1751.04,4382.72,1751.04,4392.96,1.0,0,133.0,413.0,4n-1m-42th-1000bs-377019s-DENV_1-usa-BVBRC_genome_sequence,sequana_cpu_dev,4,11544409.0,1,42,1000,377019,DENV_1-usa-BVBRC_genome_sequence,105981.7,98039.45,204021.15,468.95,433.8,902.75,225.69,226.0, sdumont6169,46516822.2
9154.0,42240,240,3949230.0,167312.0,162530.0,3952316.0,1751.04,4382.72,1751.04,4403.2,1.0,0,123.0,411.0,4n-1m-44th-1000bs-377019s-DENV_1-usa-BVBRC_genome_sequence,sequana_cpu_dev,4,11544412.0,1,44,1000,377019,DENV_1-usa-BVBRC_genome_sequence,110530.25,106793.09,217323.35,463.41,447.76,911.17,227.79,238.5, sdumont6165,52157604.0
9162.0,38896,221,3949311.0,167416.0,162009.0,3952416.0,1751.04,4392.96,1751.04,4392.96,1.0,0,32.0,43.0,4n-1m-44th-1000bs-377019s-DENV_1-usa-BVBRC_genome_sequence,sequana_cpu_dev,4,11544416.0,1,44,1000,377019,DENV_1-usa-BVBRC_genome_sequence,100664.19,97353.66,198017.85,459.15,444.04,903.19,225.8,219.25, sdumont6167,43761944.85
10461.0,43296,246,3949274.0,169080.0,162052.0,3952564.0,1802.24,4392.96,1802.24,4403.2,1.0,0,30.0,38.0,4n-1m-44th-1000bs-377019s-DENV_1-usa-BVBRC_genome_sequence,sequana_cpu_dev,4,11544424.0,1,44,1000,377019,DENV_1-usa-BVBRC_genome_sequence,109567.72,106129.2,215696.92,449.99,435.87,885.86,221.46,243.5, sdumont6165,53061442.32
9155.0,42064,239,3949230.0,169152.0,162159.0,3952316.0,1751.04,4382.72,1751.04,4392.96,118.0,0,23.0,30.0,4n-1m-44th-1000bs-377019s-DENV_1-usa-BVBRC_genome_sequence,sequana_cpu_dev,4,11544431.0,1,44,1000,377019,DENV_1-usa-BVBRC_genome_sequence,110655.26,106443.79,217099.05,467.37,449.61,916.98,229.25,236.75, sdumont6169,51886672.95
9163.0,40656,231,3949229.0,163084.0,159995.0,3952316.0,1751.04,4382.72,1751.04,4392.96,18.0,0,155.0,514.0,4n-1m-44th-1000bs-377019s-DENV_1-usa-BVBRC_genome_sequence,sequana_cpu_dev,4,11544441.0,1,44,1000,377019,DENV_1-usa-BVBRC_genome_sequence,106033.35,101680.08,207713.43,464.57,445.51,910.09,227.52,228.25, sdumont6169,47981802.33
9540.0,41032,223,4088698.0,169356.0,161743.0,4092516.0,2652.16,4382.72,5345.28,4392.96,175.0,0,159.0,547.0,4n-1m-46th-1000bs-377019s-DENV_1-usa-BVBRC_genome_sequence,sequana_cpu_dev,4,11544455.0,1,46,1000,377019,DENV_1-usa-BVBRC_genome_sequence,97949.16,98497.84,196447.0,443.21,445.69,888.9,222.23,221.0, sdumont6168,43807681.0
9580.0,42320,230,4088661.0,169088.0,161707.0,4092368.0,2652.16,4382.72,5345.28,4392.96,1.0,0,38.0,45.0,4n-1m-46th-1000bs-377019s-DENV_1-usa-BVBRC_genome_sequence,sequana_cpu_dev,4,11544461.0,1,46,1000,377019,DENV_1-usa-BVBRC_genome_sequence,103639.9,103689.56,207329.46,452.58,452.79,905.37,226.34,229.0, sdumont6165,47685775.8
9555.0,42688,232,4084378.0,164920.0,160647.0,4087424.0,1751.04,4382.72,1751.04,4392.96,1.0,0,46.0,93.0,4n-1m-46th-1000bs-377019s-DENV_1-usa-BVBRC_genome_sequence,sequana_cpu_dev,4,11544465.0,1,46,1000,377019,DENV_1-usa-BVBRC_genome_sequence,104134.5,103385.87,207520.36,452.76,449.5,902.26,225.57,230.0, sdumont6165,48144723.52
9579.0,43056,234,4084377.0,167100.0,162623.0,4087500.0,1751.04,4382.72,1751.04,4403.2,1.0,0,28.0,38.0,4n-1m-46th-1000bs-377019s-DENV_1-usa-BVBRC_genome_sequence,sequana_cpu_dev,4,11544471.0,1,46,1000,377019,DENV_1-usa-BVBRC_genome_sequence,104787.29,104042.12,208829.41,451.67,448.46,900.13,225.03,232.0, sdumont6168,48866081.94
9579.0,41584,226,4084425.0,169576.0,165055.0,4087424.0,1751.04,4382.72,1751.04,4392.96,2.0,0,40.0,52.0,4n-1m-46th-1000bs-377019s-DENV_1-usa-BVBRC_genome_sequence,sequana_cpu_dev,4,11544486.0,1,46,1000,377019,DENV_1-usa-BVBRC_genome_sequence,98903.06,98231.53,197134.58,441.53,438.53,880.07,220.02,224.0, sdumont6166,44552415.08
11415.0,46656,243,4219526.0,163852.0,161075.0,4222536.0,1802.24,4392.96,1802.24,4403.2,1.0,0,33.0,44.0,4n-1m-48th-1000bs-377019s-DENV_1-usa-BVBRC_genome_sequence,sequana_cpu_dev,4,11544506.0,1,48,1000,377019,DENV_1-usa-BVBRC_genome_sequence,110906.32,114062.79,224969.12,460.19,473.29,933.48,233.37,241.0, sdumont6168,54667496.16
11410.0,50496,263,4219601.0,169684.0,164004.0,4222688.0,1802.24,4382.72,1802.24,4392.96,1.0,0,32.0,42.0,4n-1m-48th-1000bs-377019s-DENV_1-usa-BVBRC_genome_sequence,sequana_cpu_dev,4,11544513.0,1,48,1000,377019,DENV_1-usa-BVBRC_genome_sequence,119908.73,123675.53,243584.26,459.42,473.85,933.27,233.32,261.0, sdumont6166,64062660.38
11408.0,51456,268,4219564.0,165148.0,161911.0,4222540.0,1802.24,4392.96,1802.24,4392.96,1.0,0,38.0,39.0,4n-1m-48th-1000bs-377019s-DENV_1-usa-BVBRC_genome_sequence,sequana_cpu_dev,4,11544515.0,1,48,1000,377019,DENV_1-usa-BVBRC_genome_sequence,120473.6,124033.21,244506.81,466.95,480.75,947.7,236.93,258.0, sdumont6168,65527825.08
11403.0,50688,264,4219637.0,165324.0,161894.0,4222832.0,1802.24,4382.72,1802.24,4403.2,1.0,0,27.0,42.0,4n-1m-48th-1000bs-377019s-DENV_1-usa-BVBRC_genome_sequence,sequana_cpu_dev,4,11544516.0,1,48,1000,377019,DENV_1-usa-BVBRC_genome_sequence,120099.1,124201.47,244300.57,460.15,475.87,936.02,234.0,261.0, sdumont6168,64495350.48
11413.0,49920,260,4219674.0,169412.0,161798.0,4222684.0,1802.24,4392.96,1802.24,4392.96,1.0,0,37.0,44.0,4n-1m-48th-1000bs-377019s-DENV_1-usa-BVBRC_genome_sequence,sequana_cpu_dev,4,11544517.0,1,48,1000,377019,DENV_1-usa-BVBRC_genome_sequence,120439.17,124345.41,244784.58,465.02,480.1,945.11,236.28,259.0, sdumont6168,63643990.8
234.0,2288,143,907677.0,154524.0,146639.5,1135820.0,1679.36,4362.24,2304.0,4843.52,1.0,0,17.0,80.0,4n-2m-2th-1000bs-377019s-DENV_1-usa-BVBRC_genome_sequence,sequana_cpu_dev,4,11544519.0,2,2,1000,377019,DENV_1-usa-BVBRC_genome_sequence,32882.79,35028.96,67911.75,231.57,246.68,478.25,119.56,142.0, sdumont6167,9711380.25
249.0,2224,139,910741.5,154484.0,149169.5,1135808.0,1669.12,4372.48,2304.0,4843.52,1.0,0,33.0,61.0,4n-2m-2th-1000bs-377019s-DENV_1-usa-BVBRC_genome_sequence,sequana_cpu_dev,4,11544520.0,2,2,1000,377019,DENV_1-usa-BVBRC_genome_sequence,32999.43,35098.81,68098.24,239.13,254.34,493.47,123.37,138.0, sdumont6165,9465655.36
241.0,2400,150,909209.5,154708.0,147785.5,1135812.0,1679.36,4362.24,2314.24,4843.52,1.0,0,0.0,0.0,4n-2m-2th-1000bs-377019s-DENV_1-usa-BVBRC_genome_sequence,sequana_cpu_dev,4,11544522.0,2,2,1000,377019,DENV_1-usa-BVBRC_genome_sequence,35057.56,37271.91,72329.47,235.29,250.15,485.43,121.36,149.0, sdumont6165,10849420.5
240.0,2224,139,909209.5,152928.0,147481.5,1135808.0,1679.36,4372.48,2304.0,4843.52,1.0,0,0.0,0.0,4n-2m-2th-1000bs-377019s-DENV_1-usa-BVBRC_genome_sequence,sequana_cpu_dev,4,11544523.0,2,2,1000,377019,DENV_1-usa-BVBRC_genome_sequence,33016.73,35084.75,68101.48,239.25,254.24,493.49,123.37,138.0, sdumont6167,9466105.72
244.0,2288,143,909214.0,152808.0,147150.5,1131636.0,1607.68,4300.8,1781.76,4311.04,1.0,0,0.0,0.0,4n-2m-2th-1000bs-377019s-DENV_1-usa-BVBRC_genome_sequence,sequana_cpu_dev,4,11544524.0,2,2,1000,377019,DENV_1-usa-BVBRC_genome_sequence,32893.69,35030.67,67924.36,231.65,246.69,478.34,119.59,142.0, sdumont6166,9713183.48
235.0,2848,89,1045178.0,158728.0,149638.5,1270212.0,1648.64,4362.24,2222.08,4843.52,1.0,0,0.0,4.0,4n-2m-4th-1000bs-377019s-DENV_1-usa-BVBRC_genome_sequence,sequana_cpu_dev,4,11544526.0,2,4,1000,377019,DENV_1-usa-BVBRC_genome_sequence,24702.93,26142.57,50845.5,283.94,300.49,584.43,146.11,87.0, sdumont6168,4525249.5
354.0,3104,97,1043654.0,155120.0,147765.5,1270324.0,1648.64,4372.48,2242.56,4843.52,9.0,0,0.0,1.0,4n-2m-4th-1000bs-377019s-DENV_1-usa-BVBRC_genome_sequence,sequana_cpu_dev,4,11544528.0,2,4,1000,377019,DENV_1-usa-BVBRC_genome_sequence,27587.14,29156.29,56743.43,292.75,309.38,602.13,150.53,94.25, sdumont6167,5504112.71
291.0,2880,90,1043691.5,152872.0,147907.0,1270336.0,1617.92,4362.24,2222.08,4843.52,1.0,0,0.0,1.0,4n-2m-4th-1000bs-377019s-DENV_1-usa-BVBRC_genome_sequence,sequana_cpu_dev,4,11544530.0,2,4,1000,377019,DENV_1-usa-BVBRC_genome_sequence,24768.54,26128.61,50897.15,278.3,293.58,571.88,142.97,89.0, sdumont6167,4580743.5
350.0,2976,93,1043649.0,156124.0,148536.0,1270172.0,1648.64,4372.48,2242.56,4843.52,1.0,0,0.0,1.0,4n-2m-4th-1000bs-377019s-DENV_1-usa-BVBRC_genome_sequence,sequana_cpu_dev,4,11544532.0,2,4,1000,377019,DENV_1-usa-BVBRC_genome_sequence,27339.34,28901.93,56241.26,297.17,314.15,611.32,152.83,92.0, sdumont6165,5230437.180000001
274.0,2784,87,1045231.5,152980.0,148680.5,1270336.0,1628.16,4362.24,2222.08,4843.52,1.0,0,0.0,1.0,4n-2m-4th-1000bs-377019s-DENV_1-usa-BVBRC_genome_sequence,sequana_cpu_dev,4,11544533.0,2,4,1000,377019,DENV_1-usa-BVBRC_genome_sequence,24829.74,26212.7,51042.43,288.72,304.8,593.52,148.38,86.0, sdumont6168,4440691.41
380.0,3504,73,1180108.0,155196.0,149552.0,1405232.0,1617.92,4362.24,2211.84,4843.52,1.0,0,0.0,1.0,4n-2m-6th-1000bs-377019s-DENV_1-usa-BVBRC_genome_sequence,sequana_cpu_dev,4,11544534.0,2,6,1000,377019,DENV_1-usa-BVBRC_genome_sequence,25304.47,26354.59,51659.06,351.45,366.04,717.49,179.37,72.0, sdumont6168,3771111.38
360.0,3408,71,1178584.0,154004.0,148039.5,1405204.0,1617.92,4362.24,2201.6,4843.52,1.0,0,0.0,2.0,4n-2m-6th-1000bs-377019s-DENV_1-usa-BVBRC_genome_sequence,sequana_cpu_dev,4,11544535.0,2,6,1000,377019,DENV_1-usa-BVBRC_genome_sequence,21740.81,22655.94,44396.76,310.58,323.66,634.24,158.56,70.0, sdumont6165,3152169.96
371.0,3648,76,1180138.5,155088.0,150064.5,1405232.0,1628.16,4362.24,2211.84,4843.52,1.0,0,0.0,2.0,4n-2m-6th-1000bs-377019s-DENV_1-usa-BVBRC_genome_sequence,sequana_cpu_dev,4,11544536.0,2,6,1000,377019,DENV_1-usa-BVBRC_genome_sequence,24999.74,26061.04,51060.78,333.33,347.48,680.81,170.2,75.0, sdumont6168,3880619.28
370.0,3504,73,1180136.0,154620.0,150334.5,1405108.0,1628.16,4362.24,2201.6,4843.52,1.0,0,0.0,2.0,4n-2m-6th-1000bs-377019s-DENV_1-usa-BVBRC_genome_sequence,sequana_cpu_dev,4,11544537.0,2,6,1000,377019,DENV_1-usa-BVBRC_genome_sequence,25269.95,26404.29,51674.24,350.97,366.73,717.7,179.42,72.0, sdumont6165,3772219.52
369.0,3552,74,1178579.5,157032.0,148544.0,1405104.0,1628.16,4362.24,2232.32,4843.52,1.0,0,1.0,3.0,4n-2m-6th-1000bs-377019s-DENV_1-usa-BVBRC_genome_sequence,sequana_cpu_dev,4,11544538.0,2,6,1000,377019,DENV_1-usa-BVBRC_genome_sequence,25273.28,26303.4,51576.68,346.21,360.32,706.53,176.63,73.0, sdumont6166,3816674.32
481.0,4096,64,1313620.0,155992.0,149407.5,1540272.0,1617.92,4372.48,2191.36,4843.52,72.0,0,1.0,3.0,4n-2m-8th-1000bs-377019s-DENV_1-usa-BVBRC_genome_sequence,sequana_cpu_dev,4,11544542.0,2,8,1000,377019,DENV_1-usa-BVBRC_genome_sequence,24226.69,25894.09,50120.78,384.55,411.02,795.57,198.89,63.0, sdumont6168,3207729.92
488.0,4224,66,1315134.5,155128.0,149703.5,1540320.0,1546.24,4300.8,1669.12,4311.04,1.0,0,1.0,3.0,4n-2m-8th-1000bs-377019s-DENV_1-usa-BVBRC_genome_sequence,sequana_cpu_dev,4,11544546.0,2,8,1000,377019,DENV_1-usa-BVBRC_genome_sequence,24003.67,25613.79,49617.47,369.29,394.06,763.35,190.84,65.0, sdumont6165,3274753.02
478.0,4224,66,1315143.0,153068.0,149707.5,1540176.0,1617.92,4372.48,2201.6,4843.52,1.0,0,1.0,3.0,4n-2m-8th-1000bs-377019s-DENV_1-usa-BVBRC_genome_sequence,sequana_cpu_dev,4,11544547.0,2,8,1000,377019,DENV_1-usa-BVBRC_genome_sequence,24023.48,25620.48,49643.96,373.96,398.85,772.81,193.2,64.25, sdumont6165,3276501.36
476.0,4032,63,1313628.0,156900.0,148729.5,1540208.0,1617.92,4372.48,2191.36,4843.52,4.0,0,1.0,4.0,4n-2m-8th-1000bs-377019s-DENV_1-usa-BVBRC_genome_sequence,sequana_cpu_dev,4,11544550.0,2,8,1000,377019,DENV_1-usa-BVBRC_genome_sequence,24116.31,25652.92,49769.23,388.97,413.76,802.73,200.68,62.0, sdumont6166,3135461.49
475.0,4352,68,1315170.5,154844.0,149953.5,1540140.0,1617.92,4372.48,2201.6,4843.52,1.0,0,1.0,2.0,4n-2m-8th-1000bs-377019s-DENV_1-usa-BVBRC_genome_sequence,sequana_cpu_dev,4,11544551.0,2,8,1000,377019,DENV_1-usa-BVBRC_genome_sequence,23613.86,25140.19,48754.05,352.45,375.23,727.67,181.92,67.0, sdumont6166,3315275.4000000004
591.0,5040,63,1450305.0,156300.0,150567.5,1675372.0,1628.16,4372.48,2232.32,4843.52,1.0,0,3.0,8.0,4n-2m-10th-1000bs-377019s-DENV_1-usa-BVBRC_genome_sequence,sequana_cpu_dev,4,11544552.0,2,10,1000,377019,DENV_1-usa-BVBRC_genome_sequence,25964.41,26995.68,52960.09,418.78,435.41,854.19,213.55,62.0, sdumont6165,3336485.67
591.0,4960,62,1448737.5,154356.0,149329.0,1675348.0,1607.68,4372.48,2170.88,4843.52,1.0,0,5.0,23.0,4n-2m-10th-1000bs-377019s-DENV_1-usa-BVBRC_genome_sequence,sequana_cpu_dev,4,11544553.0,2,10,1000,377019,DENV_1-usa-BVBRC_genome_sequence,21603.18,22478.3,44081.48,354.15,368.5,722.65,180.66,61.0, sdumont6166,2733051.76
587.0,5040,63,1450285.0,161724.0,151667.5,1675368.0,1536.0,4311.04,1658.88,4311.04,1.0,0,90.0,291.0,4n-2m-10th-1000bs-377019s-DENV_1-usa-BVBRC_genome_sequence,sequana_cpu_dev,4,11544555.0,2,10,1000,377019,DENV_1-usa-BVBRC_genome_sequence,25797.14,26720.94,52518.08,416.08,430.98,847.07,211.77,62.0, sdumont6168,3308639.04
610.0,5360,67,1450300.0,157172.0,150311.5,1675352.0,1617.92,4372.48,2191.36,4843.52,1.0,0,28.0,102.0,4n-2m-10th-1000bs-377019s-DENV_1-usa-BVBRC_genome_sequence,sequana_cpu_dev,4,11544557.0,2,10,1000,377019,DENV_1-usa-BVBRC_genome_sequence,25650.01,26606.97,52256.98,388.64,403.14,791.77,197.94,66.0, sdumont6168,3501217.66
589.0,5040,63,1450315.5,165496.0,153088.0,1671168.0,1628.16,4372.48,2232.32,4843.52,85.0,0,2.0,8.0,4n-2m-10th-1000bs-377019s-DENV_1-usa-BVBRC_genome_sequence,sequana_cpu_dev,4,11544563.0,2,10,1000,377019,DENV_1-usa-BVBRC_genome_sequence,23833.4,24773.73,48607.13,390.71,406.13,796.84,199.21,61.0, sdumont6168,3062249.19
712.0,6048,63,1585415.0,158048.0,153194.0,1810464.0,1617.92,4372.48,2191.36,4843.52,202.0,0,3.0,8.0,4n-2m-12th-1000bs-377019s-DENV_1-usa-BVBRC_genome_sequence,sequana_cpu_dev,4,11544570.0,2,12,1000,377019,DENV_1-usa-BVBRC_genome_sequence,26294.77,28924.49,55219.26,431.06,474.17,905.23,226.31,61.0, sdumont6165,3478813.3800000004
712.0,6624,69,1585412.5,157156.0,150710.0,1810464.0,1556.48,4300.8,1710.08,4311.04,113.0,0,3.0,8.0,4n-2m-12th-1000bs-377019s-DENV_1-usa-BVBRC_genome_sequence,sequana_cpu_dev,4,11544573.0,2,12,1000,377019,DENV_1-usa-BVBRC_genome_sequence,26411.56,28753.87,55165.43,388.41,422.85,811.26,202.81,68.0, sdumont6166,3806414.67
722.0,6624,69,1583840.5,158156.0,150181.5,1810516.0,1628.16,4372.48,2242.56,4843.52,146.0,0,3.0,11.0,4n-2m-12th-1000bs-377019s-DENV_1-usa-BVBRC_genome_sequence,sequana_cpu_dev,4,11544578.0,2,12,1000,377019,DENV_1-usa-BVBRC_genome_sequence,26387.09,29082.64,55469.73,405.96,447.43,853.38,213.35,65.0, sdumont6167,3827411.37
725.0,6240,65,1582294.0,157372.0,147838.5,1810336.0,1546.24,4300.8,1658.88,4311.04,33.0,0,7.0,11.0,4n-2m-12th-1000bs-377019s-DENV_1-usa-BVBRC_genome_sequence,sequana_cpu_dev,4,11544583.0,2,12,1000,377019,DENV_1-usa-BVBRC_genome_sequence,26490.66,29051.54,55542.21,418.88,459.42,878.31,219.58,63.25, sdumont6165,3610243.65
709.0,5856,61,1583862.0,157368.0,149459.5,1810464.0,1607.68,4372.48,2181.12,4843.52,99.0,0,4.0,9.0,4n-2m-12th-1000bs-377019s-DENV_1-usa-BVBRC_genome_sequence,sequana_cpu_dev,4,11544586.0,2,12,1000,377019,DENV_1-usa-BVBRC_genome_sequence,22029.17,24197.22,46226.4,367.15,403.29,770.44,192.61,60.0, sdumont6166,2819810.4
876.0,7840,70,1719024.0,163700.0,151746.0,1945628.0,1617.92,4372.48,2191.36,4843.52,1210.0,0,6.0,10.0,4n-2m-14th-1000bs-377019s-DENV_1-usa-BVBRC_genome_sequence,sequana_cpu_dev,4,11544589.0,2,14,1000,377019,DENV_1-usa-BVBRC_genome_sequence,26564.6,27620.24,54184.84,384.99,400.29,785.29,196.32,69.0, sdumont6168,3792938.8
792.0,8400,75,1720550.5,157696.0,150476.0,1945520.0,1638.4,4362.24,2211.84,4843.52,1070.0,0,94.0,319.0,4n-2m-14th-1000bs-377019s-DENV_1-usa-BVBRC_genome_sequence,sequana_cpu_dev,4,11544603.0,2,14,1000,377019,DENV_1-usa-BVBRC_genome_sequence,30992.61,32177.12,63169.73,424.56,440.78,865.34,216.33,73.0, sdumont6165,4737729.75
833.0,7392,66,1720551.0,157460.0,151014.5,1945628.0,1617.92,4372.48,2201.6,4843.52,1.0,0,22.0,78.0,4n-2m-14th-1000bs-377019s-DENV_1-usa-BVBRC_genome_sequence,sequana_cpu_dev,4,11544604.0,2,14,1000,377019,DENV_1-usa-BVBRC_genome_sequence,26524.35,27407.09,53931.43,414.44,428.24,842.68,210.67,64.0, sdumont6168,3559474.38
844.0,7728,69,1720589.5,155472.0,150322.5,1945720.0,1617.92,4372.48,2191.36,4843.52,1.0,0,6.0,15.0,4n-2m-14th-1000bs-377019s-DENV_1-usa-BVBRC_genome_sequence,sequana_cpu_dev,4,11544606.0,2,14,1000,377019,DENV_1-usa-BVBRC_genome_sequence,26606.18,27564.95,54171.12,403.12,417.65,820.77,205.19,66.0, sdumont6165,3737807.28
832.0,7056,63,1720557.5,155476.0,151227.0,1945624.0,1638.4,4372.48,2201.6,4843.52,1.0,0,5.0,10.0,4n-2m-14th-1000bs-377019s-DENV_1-usa-BVBRC_genome_sequence,sequana_cpu_dev,4,11544607.0,2,14,1000,377019,DENV_1-usa-BVBRC_genome_sequence,26687.73,27625.18,54312.91,430.45,445.57,876.01,219.0,62.0, sdumont6168,3421713.33
1015.0,9856,77,1854193.5,159656.0,150843.0,2080792.0,1617.92,4372.48,2211.84,4843.52,1.0,0,8.0,17.0,4n-2m-16th-1000bs-377019s-DENV_1-usa-BVBRC_genome_sequence,sequana_cpu_dev,4,11544608.0,2,16,1000,377019,DENV_1-usa-BVBRC_genome_sequence,31473.34,34091.13,65564.48,425.32,460.69,886.01,221.5,74.0, sdumont6168,5048464.96
958.0,8320,65,1854198.0,155708.0,150151.0,2080804.0,1617.92,4372.48,2201.6,4843.52,1.0,0,8.0,17.0,4n-2m-16th-1000bs-377019s-DENV_1-usa-BVBRC_genome_sequence,sequana_cpu_dev,4,11544610.0,2,16,1000,377019,DENV_1-usa-BVBRC_genome_sequence,26687.17,29145.15,55832.33,416.99,455.39,872.38,218.1,64.0, sdumont6165,3629101.45
964.0,8320,65,1855727.5,160440.0,152670.5,2076596.0,1546.24,4311.04,1669.12,4311.04,3.0,0,10.0,16.0,4n-2m-16th-1000bs-377019s-DENV_1-usa-BVBRC_genome_sequence,sequana_cpu_dev,4,11544615.0,2,16,1000,377019,DENV_1-usa-BVBRC_genome_sequence,27079.23,29111.95,56191.18,436.76,469.55,906.31,226.58,62.0, sdumont6167,3652426.7
951.0,8832,69,1855746.0,156448.0,151340.5,2080828.0,1617.92,4372.48,2191.36,4843.52,4.0,0,8.0,27.0,4n-2m-16th-1000bs-377019s-DENV_1-usa-BVBRC_genome_sequence,sequana_cpu_dev,4,11544623.0,2,16,1000,377019,DENV_1-usa-BVBRC_genome_sequence,27104.36,29105.44,56209.8,404.54,434.41,838.95,209.74,67.0, sdumont6166,3878476.2
970.0,9728,76,1855732.0,156392.0,151380.0,2080796.0,1556.48,4300.8,1689.6,4311.04,1.0,0,6.0,15.0,4n-2m-16th-1000bs-377019s-DENV_1-usa-BVBRC_genome_sequence,sequana_cpu_dev,4,11544624.0,2,16,1000,377019,DENV_1-usa-BVBRC_genome_sequence,32053.74,34395.4,66449.14,427.38,458.61,885.99,221.5,75.0, sdumont6166,5050134.64
1099.0,9648,67,1989373.0,157996.0,150801.5,2215984.0,1617.92,4372.48,2191.36,4843.52,1.0,0,43.0,247.0,4n-2m-18th-1000bs-377019s-DENV_1-usa-BVBRC_genome_sequence,sequana_cpu_dev,4,11544626.0,2,18,1000,377019,DENV_1-usa-BVBRC_genome_sequence,26986.25,27915.19,54901.43,408.88,422.96,831.84,207.96,66.0, sdumont6165,3678395.81
1107.0,9792,68,1987839.0,155716.0,149823.5,2215980.0,1617.92,4372.48,2191.36,4843.52,1.0,0,11.0,21.0,4n-2m-18th-1000bs-377019s-DENV_1-usa-BVBRC_genome_sequence,sequana_cpu_dev,4,11544629.0,2,18,1000,377019,DENV_1-usa-BVBRC_genome_sequence,26957.09,27907.16,54864.25,402.34,416.52,818.87,204.72,67.0, sdumont6165,3730769.0
1137.0,10080,70,1989377.5,157580.0,150287.5,2215984.0,1617.92,4372.48,2201.6,4843.52,1.0,0,15.0,26.0,4n-2m-18th-1000bs-377019s-DENV_1-usa-BVBRC_genome_sequence,sequana_cpu_dev,4,11544631.0,2,18,1000,377019,DENV_1-usa-BVBRC_genome_sequence,26956.1,27831.12,54787.21,396.41,409.28,805.69,201.42,68.0, sdumont6165,3835104.7
1127.0,11376,79,1989373.0,156144.0,150086.5,2215980.0,1628.16,4362.24,2222.08,4843.52,1.0,0,9.0,18.0,4n-2m-18th-1000bs-377019s-DENV_1-usa-BVBRC_genome_sequence,sequana_cpu_dev,4,11544632.0,2,18,1000,377019,DENV_1-usa-BVBRC_genome_sequence,31662.31,32801.75,64464.06,412.66,427.43,840.09,210.02,76.75, sdumont6165,5092660.74
1131.0,10512,73,1989377.5,155740.0,150827.5,2215972.0,1628.16,4372.48,2263.04,4853.76,1.0,0,10.0,20.0,4n-2m-18th-1000bs-377019s-DENV_1-usa-BVBRC_genome_sequence,sequana_cpu_dev,4,11544633.0,2,18,1000,377019,DENV_1-usa-BVBRC_genome_sequence,27083.73,27983.62,55067.35,380.03,392.73,772.76,193.19,71.25, sdumont6167,4019916.55
1254.0,11520,72,2125969.5,155844.0,151055.0,2351032.0,1617.92,4372.48,2232.32,4843.52,1.0,0,13.0,21.0,4n-2m-20th-1000bs-377019s-DENV_1-usa-BVBRC_genome_sequence,sequana_cpu_dev,4,11544634.0,2,20,1000,377019,DENV_1-usa-BVBRC_genome_sequence,28139.08,29445.5,57584.59,400.61,419.19,819.8,204.95,70.25, sdumont6166,4146090.48
1204.0,11200,70,2127520.5,161916.0,154201.0,2351156.0,1566.72,4300.8,1730.56,4311.04,3.0,0,7.0,20.0,4n-2m-20th-1000bs-377019s-DENV_1-usa-BVBRC_genome_sequence,sequana_cpu_dev,4,11544636.0,2,20,1000,377019,DENV_1-usa-BVBRC_genome_sequence,27601.83,28832.53,56434.36,405.91,424.01,829.92,207.48,68.0, sdumont6167,3950405.2
1245.0,12480,78,2124462.0,153720.0,149484.0,2351032.0,1638.4,4362.24,2211.84,4843.52,1.0,0,8.0,20.0,4n-2m-20th-1000bs-377019s-DENV_1-usa-BVBRC_genome_sequence,sequana_cpu_dev,4,11544639.0,2,20,1000,377019,DENV_1-usa-BVBRC_genome_sequence,32775.42,34286.13,67061.54,435.6,455.66,891.27,222.82,75.25, sdumont6168,5230800.119999999
1214.0,11200,70,2126001.5,157776.0,151843.5,2346988.0,1617.92,4372.48,2211.84,4843.52,1.0,0,11.0,24.0,4n-2m-20th-1000bs-377019s-DENV_1-usa-BVBRC_genome_sequence,sequana_cpu_dev,4,11544642.0,2,20,1000,377019,DENV_1-usa-BVBRC_genome_sequence,27886.15,29233.42,57119.57,414.73,434.73,849.46,212.37,67.25, sdumont6168,3998369.9
1221.0,12960,81,2124431.5,155580.0,150355.5,2346836.0,1617.92,4372.48,2191.36,4843.52,1.0,0,13.0,18.0,4n-2m-20th-1000bs-377019s-DENV_1-usa-BVBRC_genome_sequence,sequana_cpu_dev,4,11544645.0,2,20,1000,377019,DENV_1-usa-BVBRC_genome_sequence,27743.12,29056.57,56799.69,426.82,447.02,873.84,218.46,65.0, sdumont6168,4600774.890000001
1357.0,12144,69,2261169.5,162088.0,153009.5,2486216.0,1617.92,4372.48,2191.36,4843.52,1.0,0,16.0,29.0,4n-2m-22th-1000bs-377019s-DENV_1-usa-BVBRC_genome_sequence,sequana_cpu_dev,4,11544647.0,2,22,1000,377019,DENV_1-usa-BVBRC_genome_sequence,28842.34,29764.19,58606.53,430.48,444.24,874.72,218.68,67.0, sdumont6166,4043850.57
1358.0,13024,74,2261223.5,156312.0,151813.0,2482168.0,1628.16,4362.24,2252.8,4843.52,1.0,0,10.0,22.0,4n-2m-22th-1000bs-377019s-DENV_1-usa-BVBRC_genome_sequence,sequana_cpu_dev,4,11544649.0,2,22,1000,377019,DENV_1-usa-BVBRC_genome_sequence,33686.64,34732.11,68418.75,467.87,482.39,950.26,237.57,72.0, sdumont6166,5062987.5
1338.0,12144,69,2261153.0,157604.0,152234.0,2486216.0,1617.92,4372.48,2191.36,4843.52,1.0,0,13.0,28.0,4n-2m-22th-1000bs-377019s-DENV_1-usa-BVBRC_genome_sequence,sequana_cpu_dev,4,11544651.0,2,22,1000,377019,DENV_1-usa-BVBRC_genome_sequence,28776.79,29785.77,58562.57,423.19,438.03,861.21,215.3,68.0, sdumont6165,4040817.33
1303.0,12496,71,2261237.0,156856.0,151838.5,2486364.0,1607.68,4372.48,2201.6,4843.52,1.0,0,116.0,306.0,4n-2m-22th-1000bs-377019s-DENV_1-usa-BVBRC_genome_sequence,sequana_cpu_dev,4,11544654.0,2,22,1000,377019,DENV_1-usa-BVBRC_genome_sequence,28067.66,28973.62,57041.28,408.25,421.51,829.75,207.44,68.75, sdumont6166,4049930.88
1364.0,12672,72,2261190.5,160400.0,151858.5,2486368.0,1556.48,4300.8,1679.36,4311.04,1.0,0,14.0,25.0,4n-2m-22th-1000bs-377019s-DENV_1-usa-BVBRC_genome_sequence,sequana_cpu_dev,4,11544658.0,2,22,1000,377019,DENV_1-usa-BVBRC_genome_sequence,28808.74,29696.44,58505.18,416.06,428.86,844.92,211.23,69.25, sdumont6168,4212372.96
1644.0,17088,89,2396337.5,157140.0,152400.5,2621400.0,1628.16,4372.48,2191.36,4843.52,0.0,0,18.0,28.0,4n-2m-24th-1000bs-377019s-DENV_1-usa-BVBRC_genome_sequence,sequana_cpu_dev,4,11544661.0,2,24,1000,377019,DENV_1-usa-BVBRC_genome_sequence,41224.87,42802.67,84027.54,473.85,491.98,965.83,241.46,87.0, sdumont6168,7478451.06
1591.0,15744,82,2396427.5,160408.0,153275.0,2621540.0,1638.4,4362.24,2222.08,4843.52,51.0,0,13.0,24.0,4n-2m-24th-1000bs-377019s-DENV_1-usa-BVBRC_genome_sequence,sequana_cpu_dev,4,11544665.0,2,24,1000,377019,DENV_1-usa-BVBRC_genome_sequence,36466.86,37585.6,74052.46,450.21,464.02,914.23,228.56,81.0, sdumont6168,6072301.720000001
1514.0,15360,80,2396359.0,158112.0,151856.5,2621400.0,1628.16,4362.24,2242.56,4843.52,2.0,0,15.0,33.0,4n-2m-24th-1000bs-377019s-DENV_1-usa-BVBRC_genome_sequence,sequana_cpu_dev,4,11544668.0,2,24,1000,377019,DENV_1-usa-BVBRC_genome_sequence,35163.85,36326.1,71489.94,449.43,464.27,913.7,228.42,78.25, sdumont6165,5719195.2
1621.0,15360,80,2394823.0,155996.0,151097.5,2621400.0,1628.16,4362.24,2222.08,4843.52,1.0,0,22.0,27.0,4n-2m-24th-1000bs-377019s-DENV_1-usa-BVBRC_genome_sequence,sequana_cpu_dev,4,11544669.0,2,24,1000,377019,DENV_1-usa-BVBRC_genome_sequence,35216.51,36211.98,71428.48,455.92,468.72,924.64,231.16,77.25, sdumont6167,5714278.399999999
1572.0,15552,81,2396404.0,158020.0,152503.0,2621696.0,1628.16,4362.24,2211.84,4843.52,1.0,0,19.0,30.0,4n-2m-24th-1000bs-377019s-DENV_1-usa-BVBRC_genome_sequence,sequana_cpu_dev,4,11544671.0,2,24,1000,377019,DENV_1-usa-BVBRC_genome_sequence,35274.15,36447.34,71721.49,452.23,467.27,919.51,229.88,78.0, sdumont6166,5809440.69
764.0,4800,400,911403.3330078124,160024.0,155361.3330078125,1137536.0,2140.16,4474.88,3051.52,5038.08,61896.0,0,0.0,0.0,3n-2m-2th-1000bs-484520s-DENV_1-brazil-BVBRC_genome_sequence,sequana_cpu,3,11544717.0,2,2,1000,484520,DENV_1-brazil-BVBRC_genome_sequence,78745.99,78139.94,156885.92,197.85,196.33,394.19,131.4,398.0, sdumont6136,62754368.00000001
766.0,4800,400,911325.3330078124,161000.0,154614.0,1137308.0,2119.68,4474.88,3041.28,5038.08,62132.0,0,0.0,0.0,3n-2m-2th-1000bs-484520s-DENV_1-brazil-BVBRC_genome_sequence,sequana_cpu,3,11544718.0,2,2,1000,484520,DENV_1-brazil-BVBRC_genome_sequence,76744.65,76044.82,152789.47,193.31,191.55,384.86,128.29,397.0, sdumont6216,61115788.0
757.0,4908,409,911408.666015625,161096.0,154692.0,1137196.0,2129.92,4474.88,3051.52,5038.08,83693.0,0,256.0,400.0,3n-2m-2th-1000bs-484520s-DENV_1-brazil-BVBRC_genome_sequence,sequana_cpu,3,11544725.0,2,2,1000,484520,DENV_1-brazil-BVBRC_genome_sequence,80318.41,73884.34,154202.74,197.34,181.53,378.88,126.29,407.0, sdumont6136,63068920.66
762.0,4728,394,911518.666015625,161380.0,155005.3330078125,1133316.0,2007.04,4362.24,2365.44,4362.24,84498.0,0,137.0,322.0,3n-2m-2th-1000bs-484520s-DENV_1-brazil-BVBRC_genome_sequence,sequana_cpu,3,11544730.0,2,2,1000,484520,DENV_1-brazil-BVBRC_genome_sequence,74427.56,73665.03,148092.59,189.38,187.44,376.83,125.61,393.0, sdumont6141,58348480.46
763.0,4908,409,911504.0,161316.0,154595.3330078125,1137504.0,2119.68,4474.88,3051.52,5038.08,84719.0,0,0.0,0.0,3n-2m-2th-1000bs-484520s-DENV_1-brazil-BVBRC_genome_sequence,sequana_cpu,3,11544731.0,2,2,1000,484520,DENV_1-brazil-BVBRC_genome_sequence,76144.14,75315.86,151460.0,186.79,184.76,371.55,123.85,407.67, sdumont6223,61947140.0
940.0,5832,243,1045312.0,163852.0,154878.0,1267176.0,1894.4,4362.24,2129.92,4362.24,84955.0,0,0.0,1.0,3n-2m-4th-1000bs-484520s-DENV_1-brazil-BVBRC_genome_sequence,sequana_cpu,3,11544732.0,2,4,1000,484520,DENV_1-brazil-BVBRC_genome_sequence,54531.97,54661.43,109193.4,225.34,225.87,451.21,150.4,242.0, sdumont6141,26533996.2
944.0,5808,242,1045302.0,164860.0,155471.3330078125,1271304.0,1894.4,4362.24,2129.92,4362.24,85022.0,0,0.0,1.0,3n-2m-4th-1000bs-484520s-DENV_1-brazil-BVBRC_genome_sequence,sequana_cpu,3,11544734.0,2,4,1000,484520,DENV_1-brazil-BVBRC_genome_sequence,54582.7,54762.12,109344.82,226.48,227.23,453.71,151.24,241.0, sdumont6141,26461446.44
941.0,5856,244,1045297.3330078124,161384.0,154679.3330078125,1271292.0,1996.8,4474.88,2805.76,5038.08,85103.0,0,0.0,3.0,3n-2m-4th-1000bs-484520s-DENV_1-brazil-BVBRC_genome_sequence,sequana_cpu,3,11544735.0,2,4,1000,484520,DENV_1-brazil-BVBRC_genome_sequence,54630.16,54636.74,109266.9,224.82,224.84,449.66,149.89,243.0, sdumont6202,26661123.6
940.0,6240,260,1045310.0,161524.0,155150.0,1271352.0,2007.04,4474.88,2805.76,5038.08,85170.0,0,0.0,2.0,3n-2m-4th-1000bs-484520s-DENV_1-brazil-BVBRC_genome_sequence,sequana_cpu,3,11544736.0,2,4,1000,484520,DENV_1-brazil-BVBRC_genome_sequence,55839.16,55925.66,111764.82,227.91,228.27,456.18,152.06,245.0, sdumont6141,29058853.200000003
942.0,5904,246,1045294.0,167792.0,156255.3330078125,1271304.0,1935.36,4474.88,2816.0,5038.08,85282.0,0,0.0,1.0,3n-2m-4th-1000bs-484520s-DENV_1-brazil-BVBRC_genome_sequence,sequana_cpu,3,11544737.0,2,4,1000,484520,DENV_1-brazil-BVBRC_genome_sequence,55921.73,56115.26,112036.99,228.25,229.04,457.29,152.43,245.0, sdumont6141,27561099.540000003
1074.0,6804,189,1180014.666015625,159776.0,153351.3330078125,1401900.0,1955.84,4474.88,2723.84,5038.08,85380.0,0,0.0,2.0,3n-2m-6th-1000bs-484520s-DENV_1-brazil-BVBRC_genome_sequence,sequana_cpu,3,11544738.0,2,6,1000,484520,DENV_1-brazil-BVBRC_genome_sequence,49568.35,49801.4,99369.75,263.66,264.9,528.56,176.19,188.0, sdumont6223,18780882.75
1080.0,6876,191,1179956.0,158788.0,152966.0,1406092.0,1955.84,4474.88,2723.84,5038.08,85416.0,0,1.0,3.0,3n-2m-6th-1000bs-484520s-DENV_1-brazil-BVBRC_genome_sequence,sequana_cpu,3,11544740.0,2,6,1000,484520,DENV_1-brazil-BVBRC_genome_sequence,49832.95,49986.84,99819.79,262.28,263.09,525.37,175.12,190.0, sdumont6223,19065579.89
1067.0,6660,185,1179992.0,157860.0,152241.3330078125,1401764.0,1955.84,4474.88,2723.84,5038.08,85433.0,0,0.0,2.0,3n-2m-6th-1000bs-484520s-DENV_1-brazil-BVBRC_genome_sequence,sequana_cpu,3,11544742.0,2,6,1000,484520,DENV_1-brazil-BVBRC_genome_sequence,49931.72,50150.86,100082.59,271.37,272.56,543.93,181.31,184.0, sdumont6223,18515279.15
1089.0,7200,200,1180022.0,159740.0,153655.3330078125,1406124.0,1966.08,4464.64,2744.32,5038.08,85469.0,0,0.0,2.0,3n-2m-6th-1000bs-484520s-DENV_1-brazil-BVBRC_genome_sequence,sequana_cpu,3,11544743.0,2,6,1000,484520,DENV_1-brazil-BVBRC_genome_sequence,52037.89,52388.81,104426.7,262.82,264.59,527.41,175.8,198.0, sdumont6202,20885340.0
1076.0,6768,188,1179961.3330078125,159524.0,153952.666015625,1406124.0,1955.84,4474.88,2723.84,5038.08,85519.0,0,10.0,48.0,3n-2m-6th-1000bs-484520s-DENV_1-brazil-BVBRC_genome_sequence,sequana_cpu,3,11544745.0,2,6,1000,484520,DENV_1-brazil-BVBRC_genome_sequence,49942.45,50057.13,99999.59,267.07,267.69,534.76,178.25,187.0, sdumont6141,18799922.92
1212.0,7920,165,1314944.666015625,159732.0,152699.3330078125,1541108.0,1935.36,4464.64,2672.64,5038.08,85555.0,0,16.0,48.0,3n-2m-8th-1000bs-484520s-DENV_1-brazil-BVBRC_genome_sequence,sequana_cpu,3,11544746.0,2,8,1000,484520,DENV_1-brazil-BVBRC_genome_sequence,47037.97,48784.98,95822.95,288.58,299.29,587.87,195.96,163.0, sdumont6223,15810786.75
1200.0,8016,167,1314942.0,159760.0,154045.3330078125,1540972.0,1945.6,4464.64,2693.12,5038.08,85561.0,0,1.0,3.0,3n-2m-8th-1000bs-484520s-DENV_1-brazil-BVBRC_genome_sequence,sequana_cpu,3,11544747.0,2,8,1000,484520,DENV_1-brazil-BVBRC_genome_sequence,48876.75,50834.92,99711.67,296.22,308.09,604.31,201.44,165.0, sdumont6202,16651848.89
1199.0,8112,169,1314930.0,156912.0,151603.3330078125,1540984.0,1894.4,4464.64,2682.88,5038.08,85580.0,0,1.0,4.0,3n-2m-8th-1000bs-484520s-DENV_1-brazil-BVBRC_genome_sequence,sequana_cpu,3,11544748.0,2,8,1000,484520,DENV_1-brazil-BVBRC_genome_sequence,48931.02,50894.35,99825.37,293.0,304.76,597.76,199.25,167.0, sdumont6223,16870487.529999997
1201.0,8016,167,1314928.0,155668.0,151206.666015625,1536780.0,1945.6,4464.64,2693.12,5038.08,85586.0,0,37.0,123.0,3n-2m-8th-1000bs-484520s-DENV_1-brazil-BVBRC_genome_sequence,sequana_cpu,3,11544749.0,2,8,1000,484520,DENV_1-brazil-BVBRC_genome_sequence,49239.32,51129.68,100369.0,296.62,308.01,604.63,201.54,166.0, sdumont6202,16761623.0
1242.0,8160,170,1314934.0,159724.0,153949.3330078125,1540976.0,1945.6,4464.64,2682.88,5038.08,85591.0,0,50.0,96.0,3n-2m-8th-1000bs-484520s-DENV_1-brazil-BVBRC_genome_sequence,sequana_cpu,3,11544750.0,2,8,1000,484520,DENV_1-brazil-BVBRC_genome_sequence,48708.49,50575.07,99283.55,288.22,299.26,587.48,195.83,169.0, sdumont6223,16878203.5
1492.0,9720,162,1449977.3330078125,155760.0,151419.3330078125,1676008.0,1935.36,4464.64,2682.88,5038.08,85595.0,0,2.0,5.0,3n-2m-10th-1000bs-484520s-DENV_1-brazil-BVBRC_genome_sequence,sequana_cpu,3,11544753.0,2,10,1000,484520,DENV_1-brazil-BVBRC_genome_sequence,49431.69,49988.77,99420.46,307.03,310.49,617.52,205.84,161.0, sdumont6223,16106114.52
1488.0,9360,156,1449934.666015625,161808.0,155346.666015625,1675912.0,1935.36,4474.88,2682.88,5038.08,85582.0,0,1.0,5.0,3n-2m-10th-1000bs-484520s-DENV_1-brazil-BVBRC_genome_sequence,sequana_cpu,3,11544755.0,2,10,1000,484520,DENV_1-brazil-BVBRC_genome_sequence,49748.21,50392.18,100140.39,322.33,326.53,648.86,216.29,154.33, sdumont6223,15621900.84
1535.0,9840,164,1449998.666015625,158088.0,152815.3330078125,1676008.0,1925.12,4464.64,2672.64,5038.08,28092.0,0,4.0,6.0,3n-2m-10th-1000bs-484520s-DENV_1-brazil-BVBRC_genome_sequence,sequana_cpu,3,11544935.0,2,10,1000,484520,DENV_1-brazil-BVBRC_genome_sequence,49462.2,50120.63,99582.84,303.45,307.49,610.94,203.65,163.0, sdumont6202,16331585.76
1516.0,9960,166,1449980.0,159988.0,152506.0,1676008.0,1935.36,4464.64,2693.12,5038.08,27736.0,0,1.0,5.0,3n-2m-10th-1000bs-484520s-DENV_1-brazil-BVBRC_genome_sequence,sequana_cpu,3,11544940.0,2,10,1000,484520,DENV_1-brazil-BVBRC_genome_sequence,52427.59,53070.1,105497.69,317.74,321.64,639.38,213.13,165.0, sdumont6202,17512616.54
1523.0,10020,167,1450005.3330078125,161828.0,155296.0,1676084.0,1935.36,4474.88,2693.12,5038.08,27546.0,0,2.0,3.0,3n-2m-10th-1000bs-484520s-DENV_1-brazil-BVBRC_genome_sequence,sequana_cpu,3,11544944.0,2,10,1000,484520,DENV_1-brazil-BVBRC_genome_sequence,52503.38,53339.98,105843.36,318.2,323.27,641.47,213.82,165.0, sdumont6141,17675841.12
1785.0,11016,153,1585022.666015625,158048.0,152659.3330078125,1811156.0,1925.12,4474.88,2662.4,5038.08,27371.0,0,3.0,12.0,3n-2m-12th-1000bs-484520s-DENV_1-brazil-BVBRC_genome_sequence,sequana_cpu,3,11544948.0,2,12,1000,484520,DENV_1-brazil-BVBRC_genome_sequence,47182.45,51157.96,98340.4,311.76,338.01,649.77,216.59,151.33, sdumont6141,15046081.2
1758.0,11016,153,1585006.0,161468.0,155514.666015625,1806860.0,1935.36,4474.88,2662.4,5038.08,110523.0,0,184.0,462.0,3n-2m-12th-1000bs-484520s-DENV_1-brazil-BVBRC_genome_sequence,sequana_cpu,3,11545080.0,2,12,1000,484520,DENV_1-brazil-BVBRC_genome_sequence,50006.02,50987.12,100993.15,333.37,339.91,673.29,224.43,150.0, sdumont6182,15451951.95
1810.0,11376,158,1585004.0,160408.0,153016.0,1811044.0,1935.36,4474.88,2672.64,5038.08,109628.0,0,6.0,9.0,3n-2m-12th-1000bs-484520s-DENV_1-brazil-BVBRC_genome_sequence,sequana_cpu,3,11545086.0,2,12,1000,484520,DENV_1-brazil-BVBRC_genome_sequence,53752.34,55103.85,108856.18,343.82,352.44,696.26,232.09,156.33, sdumont6272,17199276.439999998
1537.0,10944,152,1585012.666015625,160108.0,153610.666015625,1811020.0,1925.12,4464.64,2682.88,5038.08,109453.0,0,2.0,13.0,3n-2m-12th-1000bs-484520s-DENV_1-brazil-BVBRC_genome_sequence,sequana_cpu,3,11545087.0,2,12,1000,484520,DENV_1-brazil-BVBRC_genome_sequence,50210.94,51622.73,101833.66,334.74,344.15,678.89,226.3,150.0, sdumont6182,15478716.32
1786.0,11016,153,1584998.0,164980.0,155955.3330078125,1811064.0,1914.88,4474.88,2662.4,5038.08,109427.0,0,8.0,14.0,3n-2m-12th-1000bs-484520s-DENV_1-brazil-BVBRC_genome_sequence,sequana_cpu,3,11545088.0,2,12,1000,484520,DENV_1-brazil-BVBRC_genome_sequence,50305.91,51668.97,101974.89,330.96,339.93,670.89,223.63,152.0, sdumont6272,15602158.17
2084.0,14196,169,1720244.666015625,164540.0,155392.666015625,1946268.0,1935.36,4474.88,2641.92,5038.08,110695.0,0,7.0,17.0,3n-2m-14th-1000bs-484520s-DENV_1-brazil-BVBRC_genome_sequence,sequana_cpu,3,11545090.0,2,14,1000,484520,DENV_1-brazil-BVBRC_genome_sequence,53171.2,50763.53,103934.72,345.27,329.63,674.9,224.97,154.0, sdumont6271,17564967.68
2112.0,13188,157,1720173.3330078125,162188.0,154546.0,1946280.0,1925.12,4474.88,2672.64,5038.08,110736.0,0,7.0,15.0,3n-2m-14th-1000bs-484520s-DENV_1-brazil-BVBRC_genome_sequence,sequana_cpu,3,11545091.0,2,14,1000,484520,DENV_1-brazil-BVBRC_genome_sequence,53085.47,50669.06,103754.53,340.29,324.8,665.09,221.7,156.0, sdumont6272,16289461.21
2086.0,12936,154,1720109.3330078125,159316.0,153039.3330078125,1946108.0,1935.36,4474.88,2662.4,5038.08,110545.0,0,6.0,10.0,3n-2m-14th-1000bs-484520s-DENV_1-brazil-BVBRC_genome_sequence,sequana_cpu,3,11545092.0,2,14,1000,484520,DENV_1-brazil-BVBRC_genome_sequence,49681.4,47372.34,97053.75,326.85,311.66,638.51,212.84,152.0, sdumont6271,14946277.5
2081.0,12852,153,1720165.3330078125,158228.0,152373.3330078125,1942092.0,1925.12,4474.88,2662.4,5038.08,110548.0,0,6.0,12.0,3n-2m-14th-1000bs-484520s-DENV_1-brazil-BVBRC_genome_sequence,sequana_cpu,3,11545094.0,2,14,1000,484520,DENV_1-brazil-BVBRC_genome_sequence,49307.74,47116.64,96424.39,325.84,311.36,637.2,212.4,151.33, sdumont6271,14752931.67
2128.0,13608,162,1720159.3330078125,158532.0,153146.666015625,1946268.0,1935.36,4464.64,2682.88,5038.08,110551.0,0,9.0,11.0,3n-2m-14th-1000bs-484520s-DENV_1-brazil-BVBRC_genome_sequence,sequana_cpu,3,11545095.0,2,14,1000,484520,DENV_1-brazil-BVBRC_genome_sequence,53164.84,50747.6,103912.45,335.8,320.53,656.32,218.77,158.33, sdumont6272,16833816.9
2473.0,15840,165,1855256.0,160436.0,153242.0,2081280.0,1935.36,4474.88,2662.4,5038.08,110554.0,0,8.0,15.0,3n-2m-16th-1000bs-484520s-DENV_1-brazil-BVBRC_genome_sequence,sequana_cpu,3,11545097.0,2,16,1000,484520,DENV_1-brazil-BVBRC_genome_sequence,56051.71,56264.31,112316.02,341.78,343.08,684.85,228.28,164.0, sdumont6272,18532143.3
2390.0,14976,156,1855266.666015625,158420.0,153511.3330078125,2081280.0,1935.36,4474.88,2682.88,5038.08,110376.0,0,8.0,14.0,3n-2m-16th-1000bs-484520s-DENV_1-brazil-BVBRC_genome_sequence,sequana_cpu,3,11545099.0,2,16,1000,484520,DENV_1-brazil-BVBRC_genome_sequence,53221.24,53967.54,107188.78,347.11,351.98,699.09,233.03,153.33, sdumont6272,16721449.68
2397.0,15456,161,1855270.666015625,158244.0,153492.666015625,2077092.0,1925.12,4474.88,2672.64,5038.08,110378.0,0,81.0,234.0,3n-2m-16th-1000bs-484520s-DENV_1-brazil-BVBRC_genome_sequence,sequana_cpu,3,11545100.0,2,16,1000,484520,DENV_1-brazil-BVBRC_genome_sequence,52939.6,53367.36,106306.96,332.27,334.96,667.24,222.41,159.33, sdumont6247,17115420.560000002
2389.0,14784,154,1855304.0,168532.0,159686.666015625,2077096.0,1925.12,4474.88,2662.4,5038.08,110363.0,0,8.0,15.0,3n-2m-16th-1000bs-484520s-DENV_1-brazil-BVBRC_genome_sequence,sequana_cpu,3,11545101.0,2,16,1000,484520,DENV_1-brazil-BVBRC_genome_sequence,49957.8,50126.37,100084.17,326.52,327.62,654.14,218.05,153.0, sdumont6247,15412962.18
2378.0,14784,154,1855266.666015625,158056.0,152569.3330078125,2081268.0,1935.36,4474.88,2672.64,5038.08,110365.0,0,12.0,31.0,3n-2m-16th-1000bs-484520s-DENV_1-brazil-BVBRC_genome_sequence,sequana_cpu,3,11545102.0,2,16,1000,484520,DENV_1-brazil-BVBRC_genome_sequence,49615.57,49852.06,99467.63,326.42,327.97,654.39,218.13,152.0, sdumont6272,15318015.02
2734.0,17820,165,1990470.666015625,160664.0,154160.666015625,2216528.0,1945.6,4474.88,2693.12,5038.08,110368.0,0,32.0,68.0,3n-2m-18th-1000bs-484520s-DENV_1-brazil-BVBRC_genome_sequence,sequana_cpu,3,11545106.0,2,18,1000,484520,DENV_1-brazil-BVBRC_genome_sequence,55706.84,53542.09,109248.93,339.68,326.48,666.15,222.05,164.0, sdumont6272,18026073.45
2683.0,16632,154,1990471.3330078125,158772.0,153438.666015625,2216528.0,1925.12,4474.88,2672.64,5038.08,110370.0,0,11.0,30.0,3n-2m-18th-1000bs-484520s-DENV_1-brazil-BVBRC_genome_sequence,sequana_cpu,3,11545108.0,2,18,1000,484520,DENV_1-brazil-BVBRC_genome_sequence,49758.56,47641.97,97400.54,327.36,313.43,640.79,213.6,152.0, sdumont6272,14999683.159999998
2708.0,16956,157,1990474.0,160648.0,153071.3330078125,2216528.0,1935.36,4474.88,2672.64,5038.08,110372.0,0,7.0,16.0,3n-2m-18th-1000bs-484520s-DENV_1-brazil-BVBRC_genome_sequence,sequana_cpu,3,11545109.0,2,18,1000,484520,DENV_1-brazil-BVBRC_genome_sequence,53506.14,51084.58,104590.72,342.99,327.47,670.45,223.48,156.0, sdumont6272,16420743.04
2725.0,17928,166,1990509.3330078125,158608.0,153712.666015625,2212332.0,1935.36,4474.88,2682.88,5038.08,110375.0,0,11.0,18.0,3n-2m-18th-1000bs-484520s-DENV_1-brazil-BVBRC_genome_sequence,sequana_cpu,3,11545111.0,2,18,1000,484520,DENV_1-brazil-BVBRC_genome_sequence,53453.87,51104.65,104558.52,334.09,319.4,653.49,217.83,160.0, sdumont6271,17356714.32
2731.0,17388,161,1990475.3330078125,160756.0,154155.3330078125,2216524.0,1925.12,4474.88,2682.88,5038.08,110392.0,0,10.0,15.0,3n-2m-18th-1000bs-484520s-DENV_1-brazil-BVBRC_genome_sequence,sequana_cpu,3,11545113.0,2,18,1000,484520,DENV_1-brazil-BVBRC_genome_sequence,53354.2,51196.75,104550.94,337.68,324.03,661.71,220.57,158.0, sdumont6272,16832701.34
3045.0,19680,164,2125650.666015625,158864.0,153291.3330078125,2347496.0,1935.36,4474.88,2682.88,5038.08,110395.0,0,13.0,20.0,3n-2m-20th-1000bs-484520s-DENV_1-brazil-BVBRC_genome_sequence,sequana_cpu,3,11545115.0,2,20,1000,484520,DENV_1-brazil-BVBRC_genome_sequence,55156.89,53913.26,109070.15,339.79,332.13,671.92,223.97,162.33, sdumont6247,17887504.599999998
3036.0,19560,163,2125650.0,158728.0,153843.3330078125,2351692.0,1935.36,4474.88,2641.92,5038.08,110398.0,0,12.0,21.0,3n-2m-20th-1000bs-484520s-DENV_1-brazil-BVBRC_genome_sequence,sequana_cpu,3,11545116.0,2,20,1000,484520,DENV_1-brazil-BVBRC_genome_sequence,55129.46,53904.1,109033.56,343.86,336.21,680.07,226.69,160.33, sdumont6247,17772470.28
3032.0,18960,158,2125657.3330078125,158740.0,153230.0,2351672.0,1935.36,4474.88,2682.88,5038.08,110400.0,0,15.0,26.0,3n-2m-20th-1000bs-484520s-DENV_1-brazil-BVBRC_genome_sequence,sequana_cpu,3,11545119.0,2,20,1000,484520,DENV_1-brazil-BVBRC_genome_sequence,55301.08,53813.94,109115.02,354.49,344.96,699.46,233.15,156.0, sdumont6271,17240173.16
2988.0,19080,159,2125651.3330078125,158704.0,153562.0,2351692.0,1945.6,4474.88,2682.88,5038.08,110403.0,0,10.0,23.0,3n-2m-20th-1000bs-484520s-DENV_1-brazil-BVBRC_genome_sequence,sequana_cpu,3,11545120.0,2,20,1000,484520,DENV_1-brazil-BVBRC_genome_sequence,55218.88,53955.82,109174.69,351.71,343.67,695.38,231.79,157.0, sdumont6272,17358775.71
3075.0,19680,164,2125649.3330078125,158704.0,153862.666015625,2351692.0,1935.36,4474.88,2682.88,5038.08,110406.0,0,15.0,17.0,3n-2m-20th-1000bs-484520s-DENV_1-brazil-BVBRC_genome_sequence,sequana_cpu,3,11545121.0,2,20,1000,484520,DENV_1-brazil-BVBRC_genome_sequence,55273.36,53926.86,109200.23,343.31,334.95,678.26,226.09,161.0, sdumont6272,17908837.72
9829.0,40560,338,3003699.0,171824.0,165460.0,3006796.0,2160.64,4433.92,2160.64,4433.92,96856.0,0,14.0,18.0,4n-1m-30th-1000bs-484520s-DENV_1-brazil-BVBRC_genome_sequence,sequana_cpu,4,11545325.0,1,30,1000,484520,DENV_1-brazil-BVBRC_genome_sequence,151992.9,106474.07,258466.97,453.71,317.83,771.54,192.89,335.0, sdumont6117,87361835.86
9777.0,40200,335,3003706.0,167864.0,163570.0,3006796.0,2160.64,4433.92,2160.64,4433.92,96860.0,0,147.0,526.0,4n-1m-30th-1000bs-484520s-DENV_1-brazil-BVBRC_genome_sequence,sequana_cpu,4,11545326.0,1,30,1000,484520,DENV_1-brazil-BVBRC_genome_sequence,153369.23,106652.93,260022.16,460.57,320.28,780.85,195.21,333.0, sdumont6200,87107423.6
8029.0,35760,298,3003660.0,167216.0,162885.0,3006648.0,2058.24,4413.44,2058.24,4413.44,97045.0,0,23.0,30.0,4n-1m-30th-1000bs-484520s-DENV_1-brazil-BVBRC_genome_sequence,sequana_cpu,4,11545327.0,1,30,1000,484520,DENV_1-brazil-BVBRC_genome_sequence,134704.49,94140.52,228845.01,453.93,317.25,771.17,192.79,296.75, sdumont6200,68195812.98
10484.0,42624,333,3138852.0,167392.0,164113.0,3141952.0,2160.64,4433.92,2160.64,4433.92,97198.0,0,22.0,26.0,4n-1m-32th-1000bs-484520s-DENV_1-brazil-BVBRC_genome_sequence,sequana_cpu,4,11545328.0,1,32,1000,484520,DENV_1-brazil-BVBRC_genome_sequence,154912.57,120056.03,274968.59,466.6,361.61,828.22,207.05,332.0, sdumont6118,91564540.47
9467.0,41216,322,3138847.0,169376.0,163787.0,3141848.0,2109.44,4413.44,2109.44,4423.68,97181.0,0,116.0,420.0,4n-1m-32th-1000bs-484520s-DENV_1-brazil-BVBRC_genome_sequence,sequana_cpu,4,11545329.0,1,32,1000,484520,DENV_1-brazil-BVBRC_genome_sequence,148956.15,116141.95,265098.1,466.95,364.08,831.03,207.76,319.0, sdumont6136,85361588.19999999
9511.0,41984,328,3138807.0,167556.0,164558.0,3141804.0,2109.44,4423.68,2109.44,4433.92,97334.0,0,30.0,65.0,4n-1m-32th-1000bs-484520s-DENV_1-brazil-BVBRC_genome_sequence,sequana_cpu,4,11545330.0,1,32,1000,484520,DENV_1-brazil-BVBRC_genome_sequence,148388.77,116034.07,264422.83,455.9,356.49,812.39,203.1,325.5, sdumont6136,86730688.24000001
9514.0,42112,329,3138963.0,167644.0,163456.0,3141992.0,2109.44,4423.68,2109.44,4423.68,97487.0,0,29.0,36.0,4n-1m-32th-1000bs-484520s-DENV_1-brazil-BVBRC_genome_sequence,sequana_cpu,4,11545331.0,1,32,1000,484520,DENV_1-brazil-BVBRC_genome_sequence,152797.43,119079.31,271876.74,468.34,365.0,833.34,208.34,326.25, sdumont6117,89447447.46
9529.0,41856,327,3138846.0,171916.0,166611.0,3141992.0,2109.44,4423.68,2109.44,4433.92,97460.0,0,22.0,29.0,4n-1m-32th-1000bs-484520s-DENV_1-brazil-BVBRC_genome_sequence,sequana_cpu,4,11545338.0,1,32,1000,484520,DENV_1-brazil-BVBRC_genome_sequence,149152.81,115870.16,265022.97,457.9,355.7,813.6,203.4,325.75, sdumont6117,86662511.19
10112.0,42840,315,3274006.0,169340.0,163445.0,3277128.0,2109.44,4423.68,2109.44,4433.92,97612.0,0,25.0,45.0,4n-1m-34th-1000bs-484520s-DENV_1-brazil-BVBRC_genome_sequence,sequana_cpu,4,11545339.0,1,34,1000,484520,DENV_1-brazil-BVBRC_genome_sequence,143870.3,122996.11,266866.41,459.65,392.96,852.61,213.15,313.0, sdumont6200,84062919.14999999
11124.0,46104,339,3274008.0,167672.0,164105.0,3277000.0,2160.64,4423.68,2160.64,4433.92,97764.0,0,23.0,48.0,4n-1m-34th-1000bs-484520s-DENV_1-brazil-BVBRC_genome_sequence,sequana_cpu,4,11545340.0,1,34,1000,484520,DENV_1-brazil-BVBRC_genome_sequence,157109.92,133541.6,290651.52,464.82,395.09,859.92,214.98,338.0, sdumont6200,98530865.28
11127.0,46376,341,3274054.0,169560.0,164127.0,3277148.0,2160.64,4423.68,2160.64,4433.92,97755.0,0,21.0,28.0,4n-1m-34th-1000bs-484520s-DENV_1-brazil-BVBRC_genome_sequence,sequana_cpu,4,11545341.0,1,34,1000,484520,DENV_1-brazil-BVBRC_genome_sequence,157330.68,134537.01,291867.69,464.1,396.86,860.97,215.24,339.0, sdumont6136,99526882.29
10118.0,44064,324,3274007.0,167804.0,165011.0,3277132.0,2109.44,4423.68,2109.44,4423.68,97938.0,0,22.0,30.0,4n-1m-34th-1000bs-484520s-DENV_1-brazil-BVBRC_genome_sequence,sequana_cpu,4,11545342.0,1,34,1000,484520,DENV_1-brazil-BVBRC_genome_sequence,148129.81,126884.21,275014.02,458.61,392.83,851.44,212.86,323.0, sdumont6117,89104542.48
3379.0,22044,167,2260799.3330078125,160860.0,154888.666015625,2486888.0,1935.36,4474.88,2662.4,5038.08,5544.0,0,12.0,18.0,3n-2m-22th-1000bs-484520s-DENV_1-brazil-BVBRC_genome_sequence,sequana_cpu,3,11545377.0,2,22,1000,484520,DENV_1-brazil-BVBRC_genome_sequence,60603.29,58226.08,118829.37,365.08,350.76,715.84,238.61,166.0, sdumont6247,19844504.79
3396.0,21648,164,2260856.666015625,160952.0,154708.666015625,2486876.0,1925.12,4474.88,2682.88,5038.08,5561.0,0,17.0,25.0,3n-2m-22th-1000bs-484520s-DENV_1-brazil-BVBRC_genome_sequence,sequana_cpu,3,11545378.0,2,22,1000,484520,DENV_1-brazil-BVBRC_genome_sequence,56704.46,54504.15,111208.61,350.03,336.45,686.47,228.82,162.0, sdumont6272,18238212.04
3337.0,21516,163,2260832.666015625,158708.0,153576.666015625,2482688.0,1935.36,4474.88,2682.88,5038.08,5564.0,0,15.0,24.0,3n-2m-22th-1000bs-484520s-DENV_1-brazil-BVBRC_genome_sequence,sequana_cpu,3,11545379.0,2,22,1000,484520,DENV_1-brazil-BVBRC_genome_sequence,56713.98,54590.33,111304.32,353.74,340.5,694.24,231.41,160.33, sdumont6247,18142604.16
3405.0,21648,164,2260833.3330078125,158584.0,152970.666015625,2486876.0,1935.36,4474.88,2682.88,5038.08,5566.0,0,17.0,24.0,3n-2m-22th-1000bs-484520s-DENV_1-brazil-BVBRC_genome_sequence,sequana_cpu,3,11545380.0,2,22,1000,484520,DENV_1-brazil-BVBRC_genome_sequence,56588.32,54493.71,111082.03,348.61,335.7,684.31,228.1,162.33, sdumont6247,18217452.92
10125.0,44744,329,3274121.0,167712.0,163044.0,3277288.0,2109.44,4413.44,2109.44,4433.92,81490.0,0,230.0,889.0,4n-1m-34th-1000bs-484520s-DENV_1-brazil-BVBRC_genome_sequence,sequana_cpu,4,11545381.0,1,34,1000,484520,DENV_1-brazil-BVBRC_genome_sequence,148970.56,127000.97,275971.54,455.57,388.38,843.95,210.99,327.0, sdumont6117,90794636.66
11773.0,48240,335,3409196.0,167856.0,163616.0,3412324.0,2160.64,4433.92,2160.64,4433.92,81655.0,0,41.0,67.0,4n-1m-36th-1000bs-484520s-DENV_1-brazil-BVBRC_genome_sequence,sequana_cpu,4,11545382.0,1,36,1000,484520,DENV_1-brazil-BVBRC_genome_sequence,152494.77,134625.01,287119.79,461.06,407.02,868.09,217.02,330.75, sdumont6136,96185129.65
11708.0,50400,350,3413561.0,174140.0,165903.0,3417404.0,3553.28,4423.68,7731.2,4433.92,137471.0,0,582.0,593.0,4n-1m-36th-1000bs-484520s-DENV_1-brazil-BVBRC_genome_sequence,sequana_cpu,4,11545384.0,1,36,1000,484520,DENV_1-brazil-BVBRC_genome_sequence,163092.04,138388.18,301480.22,468.66,397.67,866.32,216.58,348.0, sdumont6103,105518077.0
11770.0,47952,333,3413443.0,169752.0,164765.0,3417232.0,3553.28,4433.92,7731.2,4433.92,168638.0,0,415.0,578.0,4n-1m-36th-1000bs-484520s-DENV_1-brazil-BVBRC_genome_sequence,sequana_cpu,4,11545385.0,1,36,1000,484520,DENV_1-brazil-BVBRC_genome_sequence,152639.5,133328.41,285967.91,460.78,402.51,863.29,215.82,331.25, sdumont6133,95227314.03
11786.0,49104,341,3413516.0,171828.0,164867.0,3417380.0,3553.28,4423.68,7731.2,4433.92,168793.0,0,365.0,921.0,4n-1m-36th-1000bs-484520s-DENV_1-brazil-BVBRC_genome_sequence,sequana_cpu,4,11545386.0,1,36,1000,484520,DENV_1-brazil-BVBRC_genome_sequence,158628.17,138828.98,297457.15,467.59,409.21,876.8,219.2,339.25, sdumont6036,101432888.15
3402.0,21780,165,2260828.0,158724.0,153283.3330078125,2486864.0,1945.6,4474.88,2693.12,5038.08,4128.0,0,17.0,28.0,3n-2m-22th-1000bs-484520s-DENV_1-brazil-BVBRC_genome_sequence,sequana_cpu,3,11545387.0,2,22,1000,484520,DENV_1-brazil-BVBRC_genome_sequence,56515.84,54368.61,110884.46,347.46,334.26,681.72,227.24,162.67, sdumont6271,18295935.9
3776.0,26640,185,2395908.666015625,158548.0,154288.666015625,2622044.0,1976.32,4474.88,2744.32,5038.08,4130.0,0,12.0,36.0,3n-2m-24th-1000bs-484520s-DENV_1-brazil-BVBRC_genome_sequence,sequana_cpu,3,11545388.0,2,24,1000,484520,DENV_1-brazil-BVBRC_genome_sequence,67299.38,65090.17,132389.55,378.09,365.68,743.76,247.92,178.0, sdumont6271,24492066.75
3770.0,26064,181,2395944.0,158796.0,154382.0,2622048.0,1955.84,4464.64,2682.88,5038.08,4163.0,0,10.0,22.0,3n-2m-24th-1000bs-484520s-DENV_1-brazil-BVBRC_genome_sequence,sequana_cpu,3,11545389.0,2,24,1000,484520,DENV_1-brazil-BVBRC_genome_sequence,67317.26,65048.11,132365.38,378.19,365.44,743.63,247.88,178.0, sdumont6271,23958133.78
4293.0,26496,184,2395950.666015625,167100.0,156213.3330078125,2622048.0,1945.6,4474.88,2713.6,5038.08,4183.0,0,16.0,29.0,3n-2m-24th-1000bs-484520s-DENV_1-brazil-BVBRC_genome_sequence,sequana_cpu,3,11545390.0,2,24,1000,484520,DENV_1-brazil-BVBRC_genome_sequence,67320.47,65017.1,132337.56,369.89,357.24,727.13,242.38,182.0, sdumont6271,24350111.04
4311.0,27216,189,2395975.3330078125,167128.0,156898.0,2622044.0,1966.08,4474.88,2734.08,5038.08,4215.0,0,164.0,418.0,3n-2m-24th-1000bs-484520s-DENV_1-brazil-BVBRC_genome_sequence,sequana_cpu,3,11545391.0,2,24,1000,484520,DENV_1-brazil-BVBRC_genome_sequence,70905.85,68617.03,139522.88,380.51,368.23,748.74,249.58,186.33, sdumont6271,26369824.32
3767.0,25776,179,2395921.3330078125,159092.0,154482.666015625,2622024.0,1955.84,4464.64,2672.64,5038.08,4248.0,0,14.0,26.0,3n-2m-24th-1000bs-484520s-DENV_1-brazil-BVBRC_genome_sequence,sequana_cpu,3,11545392.0,2,24,1000,484520,DENV_1-brazil-BVBRC_genome_sequence,67144.86,64850.83,131995.69,379.35,366.39,745.74,248.58,177.0, sdumont6247,23627228.51
11752.0,48096,334,3413481.0,169508.0,164904.0,3417232.0,3553.28,4433.92,7731.2,4433.92,94735.0,0,81.0,128.0,4n-1m-36th-1000bs-484520s-DENV_1-brazil-BVBRC_genome_sequence,sequana_cpu,4,11545626.0,1,36,1000,484520,DENV_1-brazil-BVBRC_genome_sequence,153137.04,134111.14,287248.18,462.65,405.17,867.82,216.95,331.0, sdumont6036,95940892.12
11311.0,49248,324,3548619.0,172156.0,168131.0,3552260.0,3379.2,4423.68,7188.48,4433.92,94718.0,0,20.0,23.0,4n-1m-38th-1000bs-484520s-DENV_1-brazil-BVBRC_genome_sequence,sequana_cpu,4,11545629.0,1,38,1000,484520,DENV_1-brazil-BVBRC_genome_sequence,147359.05,132056.17,279415.22,457.64,410.11,867.75,216.94,322.0, sdumont6133,90530531.28
11314.0,48944,322,3548765.0,171940.0,165545.0,3552408.0,3379.2,4423.68,7188.48,4423.68,94872.0,0,19.0,36.0,4n-1m-38th-1000bs-484520s-DENV_1-brazil-BVBRC_genome_sequence,sequana_cpu,4,11545630.0,1,38,1000,484520,DENV_1-brazil-BVBRC_genome_sequence,148242.31,132098.34,280340.65,464.35,413.76,878.11,219.53,319.25, sdumont6133,90269689.3
11307.0,49552,326,3548691.0,172028.0,166116.0,3552556.0,3379.2,4413.44,7188.48,4433.92,94848.0,0,17.0,20.0,4n-1m-38th-1000bs-484520s-DENV_1-brazil-BVBRC_genome_sequence,sequana_cpu,4,11545633.0,1,38,1000,484520,DENV_1-brazil-BVBRC_genome_sequence,148406.11,132447.79,280853.9,457.33,408.16,865.49,216.37,324.5, sdumont6133,91558371.4
12166.0,50464,332,3548657.0,171972.0,165984.0,3552408.0,3758.08,4597.76,8468.48,5099.52,94837.0,0,18.0,29.0,4n-1m-38th-1000bs-484520s-DENV_1-brazil-BVBRC_genome_sequence,sequana_cpu,4,11545634.0,1,38,1000,484520,DENV_1-brazil-BVBRC_genome_sequence,153045.5,137155.39,290200.89,464.49,416.23,880.72,220.18,329.5, sdumont6133,96346695.48
11322.0,49096,323,3548691.0,172488.0,165042.0,3552408.0,3379.2,4423.68,7188.48,4433.92,94810.0,0,142.0,499.0,4n-1m-38th-1000bs-484520s-DENV_1-brazil-BVBRC_genome_sequence,sequana_cpu,4,11545635.0,1,38,1000,484520,DENV_1-brazil-BVBRC_genome_sequence,147618.22,131832.01,279450.23,458.44,409.42,867.86,216.96,322.0, sdumont6133,90262424.29
13089.0,57120,357,3683833.0,170132.0,165204.0,3687440.0,3553.28,4423.68,7731.2,4433.92,94785.0,0,46.0,95.0,4n-1m-40th-1000bs-484520s-DENV_1-brazil-BVBRC_genome_sequence,sequana_cpu,4,11545636.0,1,40,1000,484520,DENV_1-brazil-BVBRC_genome_sequence,162902.61,147714.29,310616.9,458.88,416.1,874.98,218.74,355.0, sdumont6223,110890233.3
14262.0,57920,362,3683871.0,172212.0,165035.0,3687588.0,3717.12,4433.92,8273.92,4433.92,94790.0,0,22.0,32.0,4n-1m-40th-1000bs-484520s-DENV_1-brazil-BVBRC_genome_sequence,sequana_cpu,4,11545638.0,1,40,1000,484520,DENV_1-brazil-BVBRC_genome_sequence,167719.6,152677.04,320396.64,465.89,424.1,889.99,222.5,360.0, sdumont6036,115983583.68
13102.0,56480,353,3683872.0,172012.0,165692.0,3687440.0,3553.28,4423.68,7731.2,4433.92,94809.0,0,25.0,28.0,4n-1m-40th-1000bs-484520s-DENV_1-brazil-BVBRC_genome_sequence,sequana_cpu,4,11545639.0,1,40,1000,484520,DENV_1-brazil-BVBRC_genome_sequence,161809.08,146625.06,308434.15,461.67,418.33,880.0,220.0,350.5, sdumont6131,108877254.95
14295.0,57920,362,3683871.0,168104.0,164213.0,3687588.0,3717.12,4433.92,8273.92,4433.92,94815.0,0,25.0,32.0,4n-1m-40th-1000bs-484520s-DENV_1-brazil-BVBRC_genome_sequence,sequana_cpu,4,11545640.0,1,40,1000,484520,DENV_1-brazil-BVBRC_genome_sequence,168009.3,152242.39,320251.69,466.06,422.32,888.38,222.09,360.5, sdumont6131,115931111.78
13107.0,57280,358,3683834.0,170396.0,165705.0,3687588.0,3553.28,4423.68,7731.2,4433.92,94817.0,0,23.0,33.0,4n-1m-40th-1000bs-484520s-DENV_1-brazil-BVBRC_genome_sequence,sequana_cpu,4,11545641.0,1,40,1000,484520,DENV_1-brazil-BVBRC_genome_sequence,163586.15,148286.54,311872.69,459.51,416.54,876.05,219.01,356.0, sdumont6036,111650423.02
13624.0,58800,350,3814811.0,172280.0,166183.0,3817888.0,2160.64,4423.68,2160.64,4423.68,179360.0,0,548.0,631.0,4n-1m-42th-1000bs-484520s-DENV_1-brazil-BVBRC_genome_sequence,sequana_cpu,4,11545642.0,1,42,1000,484520,DENV_1-brazil-BVBRC_genome_sequence,170973.84,152716.02,323689.87,490.26,437.9,928.16,232.04,348.75, sdumont6236,113291454.5
13759.0,59808,356,3814768.0,168148.0,164002.0,3817864.0,2160.64,4423.68,2160.64,4433.92,179394.0,0,31.0,37.0,4n-1m-42th-1000bs-484520s-DENV_1-brazil-BVBRC_genome_sequence,sequana_cpu,4,11545645.0,1,42,1000,484520,DENV_1-brazil-BVBRC_genome_sequence,172670.66,155753.28,328423.94,487.77,439.98,927.75,231.94,354.0, sdumont6205,116918922.64
13574.0,59472,354,3814811.0,170536.0,165098.0,3818012.0,2160.64,4423.68,2160.64,4433.92,192293.0,0,616.0,648.0,4n-1m-42th-1000bs-484520s-DENV_1-brazil-BVBRC_genome_sequence,sequana_cpu,4,11545646.0,1,42,1000,484520,DENV_1-brazil-BVBRC_genome_sequence,162457.62,145182.18,307639.8,460.22,411.28,871.5,217.88,353.0, sdumont6153,108904489.2
13767.0,60312,359,3814737.0,168324.0,164335.0,3817864.0,2160.64,4423.68,2160.64,4433.92,192328.0,0,25.0,31.0,4n-1m-42th-1000bs-484520s-DENV_1-brazil-BVBRC_genome_sequence,sequana_cpu,4,11545647.0,1,42,1000,484520,DENV_1-brazil-BVBRC_genome_sequence,164892.16,147165.38,312057.55,460.59,411.08,871.67,217.92,358.0, sdumont6099,112028660.45
15025.0,60984,363,3814732.0,168024.0,163687.0,3817720.0,2201.6,4433.92,2201.6,4433.92,192350.0,0,21.0,32.0,4n-1m-42th-1000bs-484520s-DENV_1-brazil-BVBRC_genome_sequence,sequana_cpu,4,11545648.0,1,42,1000,484520,DENV_1-brazil-BVBRC_genome_sequence,170798.28,152891.16,323689.44,472.81,423.23,896.03,224.01,361.25, sdumont6099,117499266.72
15734.0,66704,379,3949981.0,168700.0,163755.0,3953036.0,2201.6,4423.68,2201.6,4433.92,192355.0,0,34.0,48.0,4n-1m-44th-1000bs-484520s-DENV_1-brazil-BVBRC_genome_sequence,sequana_cpu,4,11545649.0,1,44,1000,484520,DENV_1-brazil-BVBRC_genome_sequence,176714.38,165160.5,341874.88,468.74,438.09,906.83,226.71,377.0, sdumont6067,129570579.52
14420.0,64064,364,3949947.0,170464.0,165393.0,3953044.0,2488.32,4618.24,2990.08,5120.0,192383.0,0,0.0,37.0,4n-1m-44th-1000bs-484520s-DENV_1-brazil-BVBRC_genome_sequence,sequana_cpu,4,11545650.0,1,44,1000,484520,DENV_1-brazil-BVBRC_genome_sequence,168849.09,157551.0,326400.09,471.65,440.09,911.73,227.93,358.0, sdumont6099,118809632.76
13098.0,57904,329,3950091.0,170812.0,165077.0,3953188.0,2109.44,4413.44,2109.44,4423.68,192417.0,0,22.0,32.0,4n-1m-44th-1000bs-484520s-DENV_1-brazil-BVBRC_genome_sequence,sequana_cpu,4,11545651.0,1,44,1000,484520,DENV_1-brazil-BVBRC_genome_sequence,149767.1,139746.42,289513.51,458.0,427.36,885.36,221.34,327.0, sdumont6067,95249944.79
15729.0,66704,379,3949983.0,172372.0,165305.0,3953184.0,2201.6,4423.68,2201.6,4433.92,192391.0,0,36.0,53.0,4n-1m-44th-1000bs-484520s-DENV_1-brazil-BVBRC_genome_sequence,sequana_cpu,4,11545652.0,1,44,1000,484520,DENV_1-brazil-BVBRC_genome_sequence,175190.26,163697.48,338887.75,466.56,435.95,902.51,225.63,375.5, sdumont6099,128438457.25
15729.0,65296,371,3949910.0,170424.0,164656.0,3953040.0,2201.6,4433.92,2201.6,4433.92,192434.0,0,31.0,39.0,4n-1m-44th-1000bs-484520s-DENV_1-brazil-BVBRC_genome_sequence,sequana_cpu,4,11545653.0,1,44,1000,484520,DENV_1-brazil-BVBRC_genome_sequence,173656.79,162134.76,335791.55,471.58,440.29,911.87,227.97,368.25, sdumont6099,124578665.05
2604.0,2732,683,1236996.0,148688.0,148688.0,1236996.0,2457.6,4935.68,2457.6,4935.68,1.0,0,394.0,394.0,1n-1m-4th-1000bs-377019s-DENV_1-usa-BVBRC_genome_sequence,sequana_cpu_dev,1,11545731.0,1,4,1000,377019,DENV_1-usa-BVBRC_genome_sequence,47870.27,27386.46,75256.73,71.34,40.81,112.16,112.16,671.0, sdumont6165,51400346.59
2603.0,2700,675,1236996.0,146424.0,146424.0,1236996.0,2457.6,4935.68,2457.6,4935.68,1.0,0,2.0,2.0,1n-1m-4th-1000bs-377019s-DENV_1-usa-BVBRC_genome_sequence,sequana_cpu_dev,1,11545746.0,1,4,1000,377019,DENV_1-usa-BVBRC_genome_sequence,48466.37,27796.02,76262.39,72.02,41.3,113.32,113.32,673.0, sdumont6165,51477113.25
2608.0,2684,671,1236848.0,147912.0,147912.0,1236848.0,2457.6,4935.68,2457.6,4935.68,1.0,0,1.0,1.0,1n-1m-4th-1000bs-377019s-DENV_1-usa-BVBRC_genome_sequence,sequana_cpu_dev,1,11545749.0,1,4,1000,377019,DENV_1-usa-BVBRC_genome_sequence,47934.15,27398.92,75333.07,71.76,41.02,112.77,112.77,668.0, sdumont6165,50548489.970000006
2608.0,2672,668,1236848.0,146436.0,146436.0,1236848.0,2457.6,4945.92,2457.6,4945.92,1.0,0,1.0,1.0,1n-1m-4th-1000bs-377019s-DENV_1-usa-BVBRC_genome_sequence,sequana_cpu_dev,1,11545752.0,1,4,1000,377019,DENV_1-usa-BVBRC_genome_sequence,47915.06,27371.91,75286.97,71.84,41.04,112.87,112.87,667.0, sdumont6165,50291695.96
2600.0,2728,682,1236848.0,146396.0,146396.0,1236848.0,2457.6,4925.44,2457.6,4925.44,1.0,0,1.0,1.0,1n-1m-4th-1000bs-377019s-DENV_1-usa-BVBRC_genome_sequence,sequana_cpu_dev,1,11545753.0,1,4,1000,377019,DENV_1-usa-BVBRC_genome_sequence,48450.44,27786.34,76236.78,71.15,40.8,111.95,111.95,681.0, sdumont6165,51993483.96
3810.0,3952,494,1506724.0,144368.0,144368.0,1506724.0,2170.88,4935.68,2170.88,4935.68,1.0,0,0.0,0.0,1n-1m-8th-1000bs-377019s-DENV_1-usa-BVBRC_genome_sequence,sequana_cpu_dev,1,11545755.0,1,8,1000,377019,DENV_1-usa-BVBRC_genome_sequence,46933.31,20205.41,67138.72,95.39,41.07,136.46,136.46,492.0, sdumont6165,33166527.68
3809.0,3968,496,1506840.0,148700.0,148700.0,1506840.0,2170.88,4925.44,2170.88,4925.44,1.0,0,2.0,2.0,1n-1m-8th-1000bs-377019s-DENV_1-usa-BVBRC_genome_sequence,sequana_cpu_dev,1,11545758.0,1,8,1000,377019,DENV_1-usa-BVBRC_genome_sequence,46840.64,20254.05,67094.69,94.82,41.0,135.82,135.82,494.0, sdumont6165,33278966.24
3809.0,3944,493,1506988.0,150752.0,150752.0,1506988.0,2170.88,4935.68,2170.88,4935.68,3.0,0,4.0,4.0,1n-1m-8th-1000bs-377019s-DENV_1-usa-BVBRC_genome_sequence,sequana_cpu_dev,1,11545760.0,1,8,1000,377019,DENV_1-usa-BVBRC_genome_sequence,46905.13,20246.55,67151.68,95.53,41.24,136.77,136.77,491.0, sdumont6165,33105778.24
3812.0,3936,492,1506724.0,150372.0,150372.0,1506724.0,2170.88,4935.68,2170.88,4935.68,1.0,0,1.0,1.0,1n-1m-8th-1000bs-377019s-DENV_1-usa-BVBRC_genome_sequence,sequana_cpu_dev,1,11545763.0,1,8,1000,377019,DENV_1-usa-BVBRC_genome_sequence,46830.71,20274.46,67105.17,95.38,41.29,136.67,136.67,491.0, sdumont6165,33015743.64
3809.0,3936,492,1506868.0,146444.0,146444.0,1506868.0,2170.88,4935.68,2170.88,4935.68,1.0,0,1.0,1.0,1n-1m-8th-1000bs-377019s-DENV_1-usa-BVBRC_genome_sequence,sequana_cpu_dev,1,11545769.0,1,8,1000,377019,DENV_1-usa-BVBRC_genome_sequence,46804.2,20246.67,67050.87,95.52,41.32,136.84,136.84,490.0, sdumont6165,32989028.04
4462.0,4700,470,1641832.0,148724.0,148724.0,1641832.0,2119.68,4915.2,2119.68,4915.2,4.0,0,3.0,3.0,1n-1m-10th-1000bs-377019s-DENV_1-usa-BVBRC_genome_sequence,sequana_cpu_dev,1,11545777.0,1,10,1000,377019,DENV_1-usa-BVBRC_genome_sequence,47686.81,19049.89,66736.71,101.68,40.62,142.3,142.3,469.0, sdumont6165,31366253.700000003
4469.0,4610,461,1870064.0,151704.0,151704.0,1870064.0,2119.68,4935.68,2119.68,4935.68,1.0,0,4.0,4.0,1n-1m-10th-1000bs-377019s-DENV_1-usa-BVBRC_genome_sequence,sequana_cpu_dev,1,11545786.0,1,10,1000,377019,DENV_1-usa-BVBRC_genome_sequence,46578.58,18592.25,65170.84,101.48,40.51,141.98,141.98,459.0, sdumont6165,30043757.24
4465.0,4710,471,1642000.0,146812.0,146812.0,1642000.0,2119.68,4915.2,2119.68,4915.2,0.0,0,197.0,197.0,1n-1m-10th-1000bs-377019s-DENV_1-usa-BVBRC_genome_sequence,sequana_cpu_dev,1,11545792.0,1,10,1000,377019,DENV_1-usa-BVBRC_genome_sequence,48549.88,17011.01,65560.89,103.3,36.19,139.49,139.49,470.0, sdumont6166,30879179.19
4467.0,4690,469,1641844.0,148460.0,148460.0,1641844.0,2119.68,4915.2,2119.68,4915.2,1.0,0,4.0,4.0,1n-1m-10th-1000bs-377019s-DENV_1-usa-BVBRC_genome_sequence,sequana_cpu_dev,1,11545798.0,1,10,1000,377019,DENV_1-usa-BVBRC_genome_sequence,48499.8,17045.28,65545.09,103.85,36.5,140.35,140.35,467.0, sdumont6166,30740647.21
4464.0,4710,471,1641844.0,148772.0,148772.0,1641844.0,2140.16,4915.2,2140.16,4915.2,1.0,0,5.0,5.0,1n-1m-10th-1000bs-377019s-DENV_1-usa-BVBRC_genome_sequence,sequana_cpu_dev,1,11545802.0,1,10,1000,377019,DENV_1-usa-BVBRC_genome_sequence,48387.69,16979.96,65367.66,103.17,36.2,139.38,139.38,469.0, sdumont6166,30788167.860000003
6260.0,6580,470,1912244.0,148948.0,148948.0,1912244.0,2140.16,4915.2,2140.16,4915.2,1.0,0,6.0,6.0,1n-1m-14th-1000bs-377019s-DENV_1-usa-BVBRC_genome_sequence,sequana_cpu_dev,1,11545807.0,1,14,1000,377019,DENV_1-usa-BVBRC_genome_sequence,49333.46,17047.95,66381.41,105.19,36.35,141.54,141.54,469.0, sdumont6166,31199262.700000003
6255.0,6720,480,1912244.0,149252.0,149252.0,1912244.0,2140.16,4904.96,2140.16,4904.96,1.0,0,8.0,8.0,1n-1m-14th-1000bs-377019s-DENV_1-usa-BVBRC_genome_sequence,sequana_cpu_dev,1,11545812.0,1,14,1000,377019,DENV_1-usa-BVBRC_genome_sequence,50417.54,17383.91,67801.45,105.26,36.29,141.55,141.55,479.0, sdumont6166,32544696.0
6253.0,6720,480,2140464.0,149900.0,149900.0,2140464.0,2119.68,4904.96,2119.68,4904.96,1.0,0,15.0,15.0,1n-1m-14th-1000bs-377019s-DENV_1-usa-BVBRC_genome_sequence,sequana_cpu_dev,1,11545815.0,1,14,1000,377019,DENV_1-usa-BVBRC_genome_sequence,49984.76,19507.05,69491.81,104.57,40.81,145.38,145.38,478.0, sdumont6165,33356068.8
6254.0,6650,475,1912232.0,148924.0,148924.0,1912232.0,2140.16,4915.2,2140.16,4915.2,1.0,0,13.0,13.0,1n-1m-14th-1000bs-377019s-DENV_1-usa-BVBRC_genome_sequence,sequana_cpu_dev,1,11545826.0,1,14,1000,377019,DENV_1-usa-BVBRC_genome_sequence,50122.23,19420.56,69542.79,106.19,41.15,147.34,147.34,472.0, sdumont6165,33032825.25
6251.0,6580,470,1912232.0,146776.0,146776.0,1912232.0,2119.68,4915.2,2119.68,4915.2,1.0,0,5.0,5.0,1n-1m-14th-1000bs-377019s-DENV_1-usa-BVBRC_genome_sequence,sequana_cpu_dev,1,11545834.0,1,14,1000,377019,DENV_1-usa-BVBRC_genome_sequence,49079.31,19003.67,68082.98,104.65,40.52,145.17,145.17,469.0, sdumont6165,31999000.6
16333.0,69736,379,4085170.0,170956.0,166679.0,4088232.0,2201.6,4423.68,2201.6,4433.92,136666.0,0,191.0,656.0,4n-1m-46th-1000bs-484520s-DENV_1-brazil-BVBRC_genome_sequence,sequana_cpu,4,11545839.0,1,46,1000,484520,DENV_1-brazil-BVBRC_genome_sequence,169893.47,167677.0,337570.47,449.45,443.59,893.04,223.26,378.0, sdumont6080,127939208.13
7638.0,7744,484,2047216.0,148756.0,148756.0,2047216.0,2170.88,4945.92,2170.88,4945.92,1.0,0,8.0,8.0,1n-1m-16th-1000bs-377019s-DENV_1-usa-BVBRC_genome_sequence,sequana_cpu_dev,1,11545845.0,1,16,1000,377019,DENV_1-usa-BVBRC_genome_sequence,52012.08,19916.89,71928.97,107.91,41.32,149.23,149.23,482.0, sdumont6165,34813621.480000004
7153.0,7680,480,2047216.0,150980.0,150980.0,2047216.0,2140.16,4904.96,2140.16,4904.96,1.0,0,7.0,7.0,1n-1m-16th-1000bs-377019s-DENV_1-usa-BVBRC_genome_sequence,sequana_cpu_dev,1,11545848.0,1,16,1000,377019,DENV_1-usa-BVBRC_genome_sequence,50687.14,19443.09,70130.23,106.04,40.68,146.72,146.72,478.0, sdumont6165,33662510.4
7156.0,7664,479,2064532.0,153712.0,153712.0,2064532.0,9687.04,4904.96,9687.04,4904.96,1.0,0,10.0,10.0,1n-1m-16th-1000bs-377019s-DENV_1-usa-BVBRC_genome_sequence,sequana_cpu_dev,1,11545851.0,1,16,1000,377019,DENV_1-usa-BVBRC_genome_sequence,51707.4,19388.36,71095.76,108.4,40.65,149.05,149.05,477.0, sdumont6036,34054869.04
7629.0,7792,487,2294660.0,154376.0,154376.0,2294660.0,10055.68,4945.92,10055.68,4945.92,1.0,0,21.0,21.0,1n-1m-16th-1000bs-377019s-DENV_1-usa-BVBRC_genome_sequence,sequana_cpu_dev,1,11545854.0,1,16,1000,377019,DENV_1-usa-BVBRC_genome_sequence,52733.93,19884.73,72618.66,108.73,41.0,149.73,149.73,485.0, sdumont6036,35365287.42
7626.0,8032,502,2064212.0,149248.0,149248.0,2064212.0,10055.68,4915.2,10055.68,4915.2,3.0,0,10.0,10.0,1n-1m-16th-1000bs-377019s-DENV_1-usa-BVBRC_genome_sequence,sequana_cpu_dev,1,11545860.0,1,16,1000,377019,DENV_1-usa-BVBRC_genome_sequence,54961.91,20724.47,75686.37,109.92,41.45,151.37,151.37,500.0, sdumont6036,37994557.74
10144.0,10260,513,2338300.0,154064.0,154064.0,2338300.0,10598.4,4945.92,10598.4,4945.92,1.0,0,26.0,26.0,1n-1m-20th-1000bs-377019s-DENV_1-usa-BVBRC_genome_sequence,sequana_cpu_dev,1,11545865.0,1,20,1000,377019,DENV_1-usa-BVBRC_genome_sequence,57006.17,20732.12,77738.29,111.56,40.57,152.13,152.13,511.0, sdumont6036,39879742.77
9546.0,10180,509,2565124.0,148872.0,148872.0,2565124.0,10055.68,4904.96,10055.68,4904.96,1.0,0,17.0,17.0,1n-1m-20th-1000bs-377019s-DENV_1-usa-BVBRC_genome_sequence,sequana_cpu_dev,1,11545870.0,1,20,1000,377019,DENV_1-usa-BVBRC_genome_sequence,57110.24,20726.92,77837.16,112.42,40.8,153.22,153.22,508.0, sdumont6036,39619114.440000005
10133.0,10220,511,2334808.0,151876.0,151876.0,2334808.0,11130.88,5478.4,11130.88,5478.4,1.0,0,14.0,14.0,1n-1m-20th-1000bs-377019s-DENV_1-usa-BVBRC_genome_sequence,sequana_cpu_dev,1,11545873.0,1,20,1000,377019,DENV_1-usa-BVBRC_genome_sequence,57068.66,20739.52,77808.18,111.9,40.67,152.57,152.57,510.0, sdumont6036,39759979.98
9543.0,10100,505,2334660.0,149768.0,149768.0,2334660.0,10055.68,4915.2,10055.68,4915.2,1.0,0,17.0,17.0,1n-1m-20th-1000bs-377019s-DENV_1-usa-BVBRC_genome_sequence,sequana_cpu_dev,1,11545878.0,1,20,1000,377019,DENV_1-usa-BVBRC_genome_sequence,57103.84,20738.97,77842.81,113.53,41.23,154.76,154.76,503.0, sdumont6036,39310619.05
9546.0,10120,506,2338308.0,147836.0,147836.0,2338308.0,10055.68,4915.2,10055.68,4915.2,1.0,0,26.0,26.0,1n-1m-20th-1000bs-377019s-DENV_1-usa-BVBRC_genome_sequence,sequana_cpu_dev,1,11545884.0,1,20,1000,377019,DENV_1-usa-BVBRC_genome_sequence,57066.01,20693.11,77759.11,113.0,40.98,153.98,153.98,505.0, sdumont6036,39346109.66
11161.0,11506,523,2469996.0,152052.0,152052.0,2469996.0,10598.4,4935.68,10598.4,4935.68,1.0,0,18.0,18.0,1n-1m-22th-1000bs-377019s-DENV_1-usa-BVBRC_genome_sequence,sequana_cpu_dev,1,11545890.0,1,22,1000,377019,DENV_1-usa-BVBRC_genome_sequence,59820.89,21166.23,80987.11,114.82,40.63,155.45,155.45,521.0, sdumont6036,42356258.53
11161.0,11572,526,2473352.0,149696.0,149696.0,2473352.0,10598.4,4925.44,10598.4,4925.44,1.0,0,20.0,20.0,1n-1m-22th-1000bs-377019s-DENV_1-usa-BVBRC_genome_sequence,sequana_cpu_dev,1,11545895.0,1,22,1000,377019,DENV_1-usa-BVBRC_genome_sequence,60916.26,21571.31,82487.57,116.03,41.09,157.12,157.12,525.0, sdumont6036,43388461.82
11170.0,11484,522,2469996.0,148320.0,148320.0,2469996.0,10598.4,4945.92,10598.4,4945.92,1.0,0,22.0,22.0,1n-1m-22th-1000bs-377019s-DENV_1-usa-BVBRC_genome_sequence,sequana_cpu_dev,1,11545896.0,1,22,1000,377019,DENV_1-usa-BVBRC_genome_sequence,59755.82,21157.26,80913.07,116.26,41.16,157.42,157.42,514.0, sdumont6036,42236622.54000001
11164.0,11462,521,2700300.0,153328.0,153328.0,2700300.0,10598.4,4935.68,10598.4,4935.68,1.0,0,22.0,22.0,1n-1m-22th-1000bs-377019s-DENV_1-usa-BVBRC_genome_sequence,sequana_cpu_dev,1,11545897.0,1,22,1000,377019,DENV_1-usa-BVBRC_genome_sequence,59824.53,21164.18,80988.71,115.27,40.78,156.05,156.05,519.0, sdumont6036,42195117.91
11154.0,11550,525,2469852.0,151788.0,151788.0,2469852.0,10598.4,4925.44,10598.4,4925.44,1.0,0,21.0,21.0,1n-1m-22th-1000bs-377019s-DENV_1-usa-BVBRC_genome_sequence,sequana_cpu_dev,1,11545904.0,1,22,1000,377019,DENV_1-usa-BVBRC_genome_sequence,60972.01,21556.61,82528.63,116.36,41.14,157.5,157.5,524.0, sdumont6036,43327530.75
17848.0,18304,704,2740360.0,152572.0,152572.0,2740360.0,13864.96,4935.68,13864.96,4935.68,2.0,0,11.0,11.0,1n-1m-26th-1000bs-377019s-DENV_1-usa-BVBRC_genome_sequence,sequana_cpu_dev,1,11545908.0,1,26,1000,377019,DENV_1-usa-BVBRC_genome_sequence,81280.24,41847.83,123128.07,115.78,59.61,175.4,175.4,702.0, sdumont6036,86682161.28
15520.0,16198,623,2740356.0,152000.0,152000.0,2740356.0,12226.56,4925.44,12226.56,4925.44,1.0,0,7.0,7.0,1n-1m-26th-1000bs-377019s-DENV_1-usa-BVBRC_genome_sequence,sequana_cpu_dev,1,11545913.0,1,26,1000,377019,DENV_1-usa-BVBRC_genome_sequence,71955.56,37239.5,109195.07,116.06,60.06,176.12,176.12,620.0, sdumont6036,68028528.61
16293.0,16666,641,2740360.0,154384.0,154384.0,2740360.0,12769.28,4945.92,12769.28,4945.92,1.0,0,16.0,16.0,1n-1m-26th-1000bs-377019s-DENV_1-usa-BVBRC_genome_sequence,sequana_cpu_dev,1,11545916.0,1,26,1000,377019,DENV_1-usa-BVBRC_genome_sequence,73956.38,38530.35,112486.73,115.92,60.39,176.31,176.31,638.0, sdumont6036,72103993.92999999
16299.0,16458,633,2740212.0,152168.0,152168.0,2740212.0,12769.28,4945.92,12769.28,4945.92,1.0,0,28.0,28.0,1n-1m-26th-1000bs-377019s-DENV_1-usa-BVBRC_genome_sequence,sequana_cpu_dev,1,11545919.0,1,26,1000,377019,DENV_1-usa-BVBRC_genome_sequence,72712.04,37875.42,110587.46,115.23,60.02,175.26,175.26,631.0, sdumont6036,70001862.18
15531.0,16094,619,2740360.0,148356.0,148356.0,2740360.0,12226.56,4925.44,12226.56,4925.44,1.0,0,42.0,42.0,1n-1m-26th-1000bs-377019s-DENV_1-usa-BVBRC_genome_sequence,sequana_cpu_dev,1,11545923.0,1,26,1000,377019,DENV_1-usa-BVBRC_genome_sequence,71405.59,37281.42,108687.01,115.73,60.42,176.15,176.15,617.0, sdumont6036,67277259.19
16727.0,17612,629,2875388.0,152440.0,152440.0,2875388.0,12226.56,4915.2,12226.56,4915.2,1.0,0,17.0,17.0,1n-1m-28th-1000bs-377019s-DENV_1-usa-BVBRC_genome_sequence,sequana_cpu_dev,1,11545928.0,1,28,1000,377019,DENV_1-usa-BVBRC_genome_sequence,72894.56,45681.56,118576.12,116.26,72.86,189.12,189.12,627.0, sdumont6036,74584379.48
17562.0,17752,634,2875384.0,152224.0,152224.0,2875384.0,12769.28,4945.92,12769.28,4945.92,1.0,0,21.0,21.0,1n-1m-28th-1000bs-377019s-DENV_1-usa-BVBRC_genome_sequence,sequana_cpu_dev,1,11545932.0,1,28,1000,377019,DENV_1-usa-BVBRC_genome_sequence,72327.85,45622.64,117950.49,114.44,72.19,186.63,186.63,632.0, sdumont6036,74780610.66
16726.0,17612,629,2875536.0,152412.0,152412.0,2875536.0,12226.56,4915.2,12226.56,4915.2,1.0,0,34.0,34.0,1n-1m-28th-1000bs-377019s-DENV_1-usa-BVBRC_genome_sequence,sequana_cpu_dev,1,11545938.0,1,28,1000,377019,DENV_1-usa-BVBRC_genome_sequence,72959.84,45768.16,118728.0,116.18,72.88,189.06,189.06,628.0, sdumont6036,74679912.0
16724.0,17444,623,2858540.0,147760.0,147760.0,2858540.0,2365.44,4925.44,2365.44,4925.44,1.0,0,355.0,355.0,1n-1m-28th-1000bs-377019s-DENV_1-usa-BVBRC_genome_sequence,sequana_cpu_dev,1,11545940.0,1,28,1000,377019,DENV_1-usa-BVBRC_genome_sequence,70118.95,43128.06,113247.01,112.91,69.45,182.36,182.36,621.0, sdumont6165,70552887.23
17559.0,17864,638,2858396.0,150104.0,150104.0,2858396.0,2406.4,4945.92,2406.4,4945.92,1.0,0,11.0,11.0,1n-1m-28th-1000bs-377019s-DENV_1-usa-BVBRC_genome_sequence,sequana_cpu_dev,1,11545943.0,1,28,1000,377019,DENV_1-usa-BVBRC_genome_sequence,72270.52,44504.41,116774.93,113.45,69.87,183.32,183.32,637.0, sdumont6165,74502405.33999999
20072.0,20768,649,3128564.0,152404.0,152404.0,3128564.0,2406.4,4935.68,2406.4,4935.68,1.0,0,18.0,18.0,1n-1m-32th-1000bs-377019s-DENV_1-usa-BVBRC_genome_sequence,sequana_cpu_dev,1,11545945.0,1,32,1000,377019,DENV_1-usa-BVBRC_genome_sequence,72925.44,58907.4,131832.84,112.71,91.05,203.76,203.76,647.0, sdumont6165,85559513.16
21030.0,21312,666,3357280.0,151864.0,151864.0,3357280.0,2457.6,4945.92,2457.6,4945.92,1.0,0,25.0,25.0,1n-1m-32th-1000bs-377019s-DENV_1-usa-BVBRC_genome_sequence,sequana_cpu_dev,1,11545947.0,1,32,1000,377019,DENV_1-usa-BVBRC_genome_sequence,73971.44,59887.58,133859.01,111.4,90.19,201.59,201.59,664.0, sdumont6165,89150100.66000001
21028.0,21216,663,3128752.0,149984.0,149984.0,3128752.0,2457.6,4945.92,2457.6,4945.92,3.0,0,19.0,19.0,1n-1m-32th-1000bs-377019s-DENV_1-usa-BVBRC_genome_sequence,sequana_cpu_dev,1,11545961.0,1,32,1000,377019,DENV_1-usa-BVBRC_genome_sequence,73991.45,60020.72,134012.17,111.94,90.8,202.74,202.74,661.0, sdumont6165,88850068.71000001
20072.0,20928,654,3357128.0,151432.0,151432.0,3357128.0,2406.4,4925.44,2406.4,4925.44,2.0,0,17.0,17.0,1n-1m-32th-1000bs-377019s-DENV_1-usa-BVBRC_genome_sequence,sequana_cpu_dev,1,11545966.0,1,32,1000,377019,DENV_1-usa-BVBRC_genome_sequence,72846.27,58941.47,131787.75,111.56,90.26,201.82,201.82,653.0, sdumont6165,86189188.5
20073.0,20960,655,3134456.0,150132.0,150132.0,3134456.0,2406.4,4925.44,2406.4,4925.44,1.0,0,16.0,16.0,1n-1m-32th-1000bs-377019s-DENV_1-usa-BVBRC_genome_sequence,sequana_cpu_dev,1,11545971.0,1,32,1000,377019,DENV_1-usa-BVBRC_genome_sequence,72851.69,58844.07,131695.76,111.56,90.11,201.68,201.68,653.0, sdumont6165,86260722.80000001
22334.0,22814,671,3281076.0,150732.0,150732.0,3281076.0,13312.0,4935.68,13312.0,4935.68,0.0,0,349.0,349.0,1n-1m-34th-1000bs-377019s-DENV_1-usa-BVBRC_genome_sequence,sequana_cpu_dev,1,11545973.0,1,34,1000,377019,DENV_1-usa-BVBRC_genome_sequence,76384.0,67854.75,144238.75,114.01,101.28,215.28,215.28,670.0, sdumont6036,96784201.25
22339.0,22814,671,3280928.0,152512.0,152512.0,3280928.0,13312.0,4945.92,13312.0,4945.92,1.0,0,36.0,36.0,1n-1m-34th-1000bs-377019s-DENV_1-usa-BVBRC_genome_sequence,sequana_cpu_dev,1,11545975.0,1,34,1000,377019,DENV_1-usa-BVBRC_genome_sequence,76305.2,67706.51,144011.71,114.06,101.21,215.26,215.26,669.0, sdumont6036,96631857.41
25387.0,25772,758,3281076.0,150740.0,150740.0,3281076.0,14950.4,4945.92,14950.4,4945.92,1.0,0,30.0,30.0,1n-1m-34th-1000bs-377019s-DENV_1-usa-BVBRC_genome_sequence,sequana_cpu_dev,1,11545979.0,1,34,1000,377019,DENV_1-usa-BVBRC_genome_sequence,86387.82,75127.79,161515.61,114.27,99.38,213.64,213.64,756.0, sdumont6036,122428832.38
26398.0,27438,807,3281076.0,152876.0,152876.0,3281076.0,15308.8,4935.68,15308.8,4935.68,1.0,0,9.0,9.0,1n-1m-34th-1000bs-377019s-DENV_1-usa-BVBRC_genome_sequence,sequana_cpu_dev,1,11545992.0,1,34,1000,377019,DENV_1-usa-BVBRC_genome_sequence,91743.75,79906.87,171650.62,113.97,99.26,213.23,213.23,805.0, sdumont6036,138522050.34
23345.0,23562,693,3281076.0,150700.0,150700.0,3281076.0,13864.96,4945.92,13864.96,4945.92,1.0,0,17.0,17.0,1n-1m-34th-1000bs-377019s-DENV_1-usa-BVBRC_genome_sequence,sequana_cpu_dev,1,11545998.0,1,34,1000,377019,DENV_1-usa-BVBRC_genome_sequence,78486.13,69830.82,148316.95,113.75,101.2,214.95,214.95,690.0, sdumont6036,102783646.35
27241.0,28310,745,3551096.0,152868.0,152868.0,3551096.0,14407.68,4925.44,14407.68,4925.44,1.0,0,15.0,15.0,1n-1m-38th-1000bs-377019s-DENV_1-usa-BVBRC_genome_sequence,sequana_cpu_dev,1,11545999.0,1,38,1000,377019,DENV_1-usa-BVBRC_genome_sequence,83439.1,78323.09,161762.2,112.3,105.41,217.71,217.71,743.0, sdumont6036,120512839.0
30640.0,31160,820,3551096.0,154472.0,154472.0,3551096.0,15851.52,4945.92,15851.52,4945.92,0.0,0,36.0,36.0,1n-1m-38th-1000bs-377019s-DENV_1-usa-BVBRC_genome_sequence,sequana_cpu_dev,1,11546000.0,1,38,1000,377019,DENV_1-usa-BVBRC_genome_sequence,91618.86,86030.73,177649.59,112.0,105.17,217.18,217.18,818.0, sdumont6036,145672663.8
28362.0,28842,759,3551096.0,150672.0,150672.0,3551096.0,14950.4,4945.92,14950.4,4945.92,1.0,0,40.0,40.0,1n-1m-38th-1000bs-377019s-DENV_1-usa-BVBRC_genome_sequence,sequana_cpu_dev,1,11546006.0,1,38,1000,377019,DENV_1-usa-BVBRC_genome_sequence,85458.58,80246.77,165705.35,113.04,106.15,219.19,219.19,756.0, sdumont6036,125770360.65
27233.0,28500,750,3554596.0,152968.0,152968.0,3554596.0,14407.68,4925.44,14407.68,4925.44,1.0,0,25.0,25.0,1n-1m-38th-1000bs-377019s-DENV_1-usa-BVBRC_genome_sequence,sequana_cpu_dev,1,11546009.0,1,38,1000,377019,DENV_1-usa-BVBRC_genome_sequence,85489.52,79742.38,165231.9,114.14,106.47,220.6,220.6,749.0, sdumont6036,123923925.0
28366.0,28842,759,3554892.0,154844.0,154844.0,3554892.0,14950.4,4945.92,14950.4,4945.92,1.0,0,26.0,26.0,1n-1m-38th-1000bs-377019s-DENV_1-usa-BVBRC_genome_sequence,sequana_cpu_dev,1,11546011.0,1,38,1000,377019,DENV_1-usa-BVBRC_genome_sequence,85707.09,80087.15,165794.24,113.07,105.66,218.73,218.73,758.0, sdumont6036,125837828.16
28670.0,29120,728,3686456.0,150736.0,150736.0,3686456.0,14407.68,4945.92,14407.68,4945.92,1.0,0,42.0,42.0,1n-1m-40th-1000bs-377019s-DENV_1-usa-BVBRC_genome_sequence,sequana_cpu_dev,1,11546012.0,1,40,1000,377019,DENV_1-usa-BVBRC_genome_sequence,81587.32,76883.93,158471.25,112.53,106.05,218.58,218.58,725.0, sdumont6036,115367070.0
31058.0,32360,809,3689924.0,152744.0,152744.0,3689924.0,15308.8,4925.44,15308.8,4925.44,1.0,0,33.0,33.0,1n-1m-40th-1000bs-377019s-DENV_1-usa-BVBRC_genome_sequence,sequana_cpu_dev,1,11546015.0,1,40,1000,377019,DENV_1-usa-BVBRC_genome_sequence,91968.81,85006.12,176974.94,113.96,105.34,219.3,219.3,807.0, sdumont6036,143172726.46
31057.0,31640,791,3686424.0,153116.0,153116.0,3686424.0,15308.8,4956.16,15308.8,4956.16,1.0,0,43.0,43.0,1n-1m-40th-1000bs-377019s-DENV_1-usa-BVBRC_genome_sequence,sequana_cpu_dev,1,11546020.0,1,40,1000,377019,DENV_1-usa-BVBRC_genome_sequence,88320.76,83696.37,172017.13,113.09,107.17,220.25,220.25,781.0, sdumont6036,136065549.83
31049.0,32280,807,3916724.0,156284.0,156284.0,3916724.0,15308.8,4925.44,15308.8,4925.44,1.0,0,19.0,19.0,1n-1m-40th-1000bs-377019s-DENV_1-usa-BVBRC_genome_sequence,sequana_cpu_dev,1,11546027.0,1,40,1000,377019,DENV_1-usa-BVBRC_genome_sequence,91018.96,85338.76,176357.72,113.07,106.01,219.08,219.08,805.0, sdumont6036,142320680.04
28572.0,29400,735,3897848.0,152272.0,152272.0,3897848.0,2560.0,4935.68,2560.0,4935.68,1.0,0,649.0,649.0,1n-1m-40th-1000bs-377019s-DENV_1-usa-BVBRC_genome_sequence,sequana_cpu_dev,1,11546030.0,1,40,1000,377019,DENV_1-usa-BVBRC_genome_sequence,81199.71,75699.37,156899.08,110.63,103.13,213.76,213.76,734.0, sdumont6165,115320823.8
16454.0,69000,375,4085127.0,166536.0,162752.0,4088228.0,2201.6,4423.68,2201.6,4433.92,105899.0,0,41.0,77.0,4n-1m-46th-1000bs-484520s-DENV_1-brazil-BVBRC_genome_sequence,sequana_cpu,4,11546032.0,1,46,1000,484520,DENV_1-brazil-BVBRC_genome_sequence,170878.56,167903.27,338781.83,459.35,451.35,910.7,227.68,372.0, sdumont6067,127043186.25
17798.0,72128,392,4085131.0,172276.0,164965.0,4088228.0,2334.72,4515.84,2590.72,4761.6,105934.0,0,38.0,72.0,4n-1m-46th-1000bs-484520s-DENV_1-brazil-BVBRC_genome_sequence,sequana_cpu,4,11546034.0,1,46,1000,484520,DENV_1-brazil-BVBRC_genome_sequence,181726.02,178616.05,360342.06,465.96,457.99,923.95,230.99,390.0, sdumont6067,141254087.52
36803.0,37048,842,3939844.0,152928.0,152928.0,3939844.0,2734.08,4956.16,2734.08,4956.16,1.0,0,47.0,47.0,1n-1m-44th-1000bs-377019s-DENV_1-usa-BVBRC_genome_sequence,sequana_cpu_dev,1,11546035.0,1,44,1000,377019,DENV_1-usa-BVBRC_genome_sequence,92490.0,90768.94,183258.94,110.11,108.06,218.17,218.17,840.0, sdumont6165,154304027.48
17134.0,71944,391,4085133.0,170408.0,164742.0,4088228.0,2263.04,4423.68,2324.48,4433.92,105979.0,0,27.0,34.0,4n-1m-46th-1000bs-484520s-DENV_1-brazil-BVBRC_genome_sequence,sequana_cpu,4,11546036.0,1,46,1000,484520,DENV_1-brazil-BVBRC_genome_sequence,179198.38,176183.3,355381.68,460.06,452.33,912.39,228.1,389.5, sdumont6099,138954236.88
18585.0,76992,401,4220345.0,170776.0,166172.0,4223400.0,2252.8,4433.92,2252.8,4433.92,106015.0,0,38.0,45.0,4n-1m-48th-1000bs-484520s-DENV_1-brazil-BVBRC_genome_sequence,sequana_cpu,4,11546037.0,1,48,1000,484520,DENV_1-brazil-BVBRC_genome_sequence,187746.27,192423.72,380169.98,470.54,482.26,952.81,238.2,399.0, sdumont6067,152448161.98
18561.0,79296,413,4220277.0,167024.0,164121.0,4223548.0,2252.8,4423.68,2252.8,4433.92,106081.0,0,38.0,56.0,4n-1m-48th-1000bs-484520s-DENV_1-brazil-BVBRC_genome_sequence,sequana_cpu,4,11546038.0,1,48,1000,484520,DENV_1-brazil-BVBRC_genome_sequence,192191.49,197878.01,390069.5,467.62,481.46,949.07,237.27,411.0, sdumont6080,161098703.5
32841.0,34408,782,3939656.0,152792.0,152792.0,3939656.0,2600.96,4935.68,2600.96,4935.68,1.0,0,42.0,42.0,1n-1m-44th-1000bs-377019s-DENV_1-usa-BVBRC_genome_sequence,sequana_cpu_dev,1,11546039.0,1,44,1000,377019,DENV_1-usa-BVBRC_genome_sequence,86148.76,84995.22,171143.98,111.59,110.1,221.69,221.69,772.0, sdumont6165,133834592.36
17143.0,72000,375,4220271.0,172560.0,166899.0,4223256.0,2201.6,4423.68,2201.6,4433.92,106163.0,0,43.0,57.0,4n-1m-48th-1000bs-484520s-DENV_1-brazil-BVBRC_genome_sequence,sequana_cpu,4,11546040.0,1,48,1000,484520,DENV_1-brazil-BVBRC_genome_sequence,173693.3,178225.02,351918.32,465.67,477.82,943.48,235.87,373.0, sdumont6153,131969370.0
18571.0,77760,405,4220308.0,172088.0,167067.0,4223404.0,2252.8,4423.68,2252.8,4433.92,106202.0,0,30.0,41.0,4n-1m-48th-1000bs-484520s-DENV_1-brazil-BVBRC_genome_sequence,sequana_cpu,4,11546041.0,1,48,1000,484520,DENV_1-brazil-BVBRC_genome_sequence,186775.14,192282.4,379057.54,463.46,477.13,940.59,235.15,403.0, sdumont6153,153518303.7
36800.0,38148,867,3939804.0,152604.0,152604.0,3939804.0,2734.08,4935.68,2734.08,4935.68,1.0,0,35.0,35.0,1n-1m-44th-1000bs-377019s-DENV_1-usa-BVBRC_genome_sequence,sequana_cpu_dev,1,11546042.0,1,44,1000,377019,DENV_1-usa-BVBRC_genome_sequence,96861.98,93369.38,190231.36,111.98,107.94,219.92,219.92,865.0, sdumont6165,164930589.11999995
17152.0,75072,391,4220344.0,171388.0,165761.0,4223404.0,2498.56,4597.76,2990.08,5099.52,106270.0,0,0.0,55.0,4n-1m-48th-1000bs-484520s-DENV_1-brazil-BVBRC_genome_sequence,sequana_cpu,4,11546043.0,1,48,1000,484520,DENV_1-brazil-BVBRC_genome_sequence,182478.69,187319.39,369798.08,468.2,480.61,948.8,237.2,389.75, sdumont6153,144591049.28
537.0,4752,297,912586.5,163924.0,155613.0,1137756.0,2027.52,4403.2,2979.84,5017.6,106316.0,0,6.0,50.0,4n-2m-2th-1000bs-484520s-DENV_1-brazil-BVBRC_genome_sequence,sequana_cpu,4,11546044.0,2,2,1000,484520,DENV_1-brazil-BVBRC_genome_sequence,70790.58,74235.34,145025.91,239.97,251.65,491.61,122.9,295.0, sdumont6153,43072695.27
540.0,4816,301,912578.5,163932.0,154985.5,1137640.0,2037.76,4403.2,2990.08,5017.6,106282.0,0,4.0,30.0,4n-2m-2th-1000bs-484520s-DENV_1-brazil-BVBRC_genome_sequence,sequana_cpu,4,11546046.0,2,2,1000,484520,DENV_1-brazil-BVBRC_genome_sequence,72981.03,76620.18,149601.21,244.08,256.25,500.34,125.08,299.0, sdumont6153,45029964.21
34164.0,35596,809,3939656.0,152592.0,152592.0,3939656.0,2652.16,4925.44,2652.16,4925.44,1.0,0,26.0,26.0,1n-1m-44th-1000bs-377019s-DENV_1-usa-BVBRC_genome_sequence,sequana_cpu_dev,1,11546047.0,1,44,1000,377019,DENV_1-usa-BVBRC_genome_sequence,89456.76,87760.89,177217.65,110.85,108.75,219.6,219.6,807.0, sdumont6165,143369078.85
545.0,4704,294,911041.5,165696.0,155081.5,1137804.0,2017.28,4403.2,2897.92,4997.12,106228.0,0,14.0,59.0,4n-2m-2th-1000bs-484520s-DENV_1-brazil-BVBRC_genome_sequence,sequana_cpu,4,11546048.0,2,2,1000,484520,DENV_1-brazil-BVBRC_genome_sequence,70874.22,74418.58,145292.8,242.92,255.09,498.01,124.5,291.75, sdumont6153,42716083.2
541.0,4656,291,909520.5,159260.0,152044.0,1133480.0,2017.28,4403.2,2897.92,4997.12,106173.0,0,0.0,0.0,4n-2m-2th-1000bs-484520s-DENV_1-brazil-BVBRC_genome_sequence,sequana_cpu,4,11546049.0,2,2,1000,484520,DENV_1-brazil-BVBRC_genome_sequence,70929.11,74432.26,145361.37,244.58,256.66,501.25,125.31,290.0, sdumont6099,42300158.67
35480.0,36872,838,4187280.0,158640.0,158640.0,4187280.0,15851.52,4925.44,15851.52,4925.44,1.0,0,16.0,16.0,1n-1m-44th-1000bs-377019s-DENV_1-usa-BVBRC_genome_sequence,sequana_cpu_dev,1,11546050.0,1,44,1000,377019,DENV_1-usa-BVBRC_genome_sequence,94705.86,92226.66,186932.52,113.28,110.32,223.6,223.6,836.0, sdumont6036,156649451.76
548.0,4816,301,912573.0,161720.0,155564.5,1137676.0,2027.52,4403.2,2908.16,4997.12,106117.0,0,0.0,0.0,4n-2m-2th-1000bs-484520s-DENV_1-brazil-BVBRC_genome_sequence,sequana_cpu,4,11546051.0,2,2,1000,484520,DENV_1-brazil-BVBRC_genome_sequence,73140.87,76765.72,149906.59,243.8,255.89,499.69,124.92,300.0, sdumont6067,45121883.59
38469.0,39514,859,4074988.0,150616.0,150616.0,4074988.0,2734.08,4935.68,2734.08,4935.68,1.0,0,26.0,26.0,1n-1m-46th-1000bs-377019s-DENV_1-usa-BVBRC_genome_sequence,sequana_cpu_dev,1,11546054.0,1,46,1000,377019,DENV_1-usa-BVBRC_genome_sequence,96212.36,96379.06,192591.42,112.14,112.33,224.47,224.47,858.0, sdumont6165,165436029.78
34343.0,35006,761,4074988.0,153164.0,153164.0,4074988.0,2600.96,4945.92,2600.96,4945.92,1.0,0,21.0,21.0,1n-1m-46th-1000bs-377019s-DENV_1-usa-BVBRC_genome_sequence,sequana_cpu_dev,1,11546055.0,1,46,1000,377019,DENV_1-usa-BVBRC_genome_sequence,85548.99,86406.43,171955.42,112.71,113.84,226.56,226.56,759.0, sdumont6165,130858074.62
39842.0,41400,900,4080548.0,153092.0,153092.0,4080548.0,2785.28,4925.44,2785.28,4925.44,1.0,0,42.0,42.0,1n-1m-46th-1000bs-377019s-DENV_1-usa-BVBRC_genome_sequence,sequana_cpu_dev,1,11546056.0,1,46,1000,377019,DENV_1-usa-BVBRC_genome_sequence,99727.81,100986.13,200713.94,111.06,112.46,223.51,223.51,898.0, sdumont6165,180642546.0
41225.0,42458,923,4074988.0,154804.0,154804.0,4074988.0,2826.24,4935.68,2826.24,4935.68,1.0,0,20.0,20.0,1n-1m-46th-1000bs-377019s-DENV_1-usa-BVBRC_genome_sequence,sequana_cpu_dev,1,11546057.0,1,46,1000,377019,DENV_1-usa-BVBRC_genome_sequence,102306.22,102934.88,205241.09,111.08,111.76,222.85,222.85,921.0, sdumont6165,189437526.07
37089.0,38686,841,4074840.0,157032.0,157032.0,4074840.0,3440.64,5539.84,3440.64,5539.84,1.0,0,0.0,32.0,1n-1m-46th-1000bs-377019s-DENV_1-usa-BVBRC_genome_sequence,sequana_cpu_dev,1,11546058.0,1,46,1000,377019,DENV_1-usa-BVBRC_genome_sequence,93371.43,94272.93,187644.35,111.42,112.5,223.92,223.92,838.0, sdumont6165,157808898.35
1299.0,2712,339,1035728.0,145344.0,144874.0,1253536.0,2007.04,4843.52,2590.72,5120.0,1.0,0,135.0,283.0,1n-2m-4th-1000bs-377019s-DENV_1-usa-BVBRC_genome_sequence,sequana_cpu_dev,1,11546229.0,2,4,1000,377019,DENV_1-usa-BVBRC_genome_sequence,24190.08,26385.55,50575.63,71.78,78.3,150.08,150.08,337.0, sdumont6165,17145138.57
1310.0,2672,334,1035678.0,146364.0,145840.0,1253536.0,1730.56,4577.28,1955.84,4587.52,1.0,0,0.0,0.0,1n-2m-4th-1000bs-377019s-DENV_1-usa-BVBRC_genome_sequence,sequana_cpu_dev,1,11546233.0,2,4,1000,377019,DENV_1-usa-BVBRC_genome_sequence,23658.23,25721.75,49379.98,71.48,77.71,149.18,149.18,331.0, sdumont6165,16492913.32
1319.0,2720,340,1035678.0,149432.0,147918.0,1257732.0,2007.04,4843.52,2580.48,5120.0,1.0,0,0.0,1.0,1n-2m-4th-1000bs-377019s-DENV_1-usa-BVBRC_genome_sequence,sequana_cpu_dev,1,11546235.0,2,4,1000,377019,DENV_1-usa-BVBRC_genome_sequence,24278.4,26451.59,50729.99,71.62,78.03,149.65,149.65,339.0, sdumont6165,17248196.599999998
1313.0,2680,335,1035744.0,144276.0,142946.0,1257732.0,1996.8,4843.52,2570.24,5120.0,1.0,0,0.0,0.0,1n-2m-4th-1000bs-377019s-DENV_1-usa-BVBRC_genome_sequence,sequana_cpu_dev,1,11546237.0,2,4,1000,377019,DENV_1-usa-BVBRC_genome_sequence,23601.84,25760.99,49362.82,70.88,77.36,148.24,148.24,333.0, sdumont6165,16536544.7
1315.0,2688,336,1035678.0,148808.0,145990.0,1253536.0,1996.8,4843.52,2560.0,5120.0,1.0,0,1.0,2.0,1n-2m-4th-1000bs-377019s-DENV_1-usa-BVBRC_genome_sequence,sequana_cpu_dev,1,11546240.0,2,4,1000,377019,DENV_1-usa-BVBRC_genome_sequence,23549.21,25626.6,49175.82,70.09,76.27,146.36,146.36,336.0, sdumont6165,16523075.52
1900.0,4000,250,1305610.0,148868.0,148372.0,1527608.0,1945.6,4853.76,2478.08,5120.0,1.0,0,1.0,6.0,1n-2m-8th-1000bs-377019s-DENV_1-usa-BVBRC_genome_sequence,sequana_cpu_dev,1,11546242.0,2,8,1000,377019,DENV_1-usa-BVBRC_genome_sequence,23318.02,25367.5,48685.51,94.4,102.7,197.11,197.11,247.0, sdumont6165,12171377.5
1913.0,3904,244,1305626.0,150716.0,147312.0,1523400.0,1925.12,4843.52,2416.64,5120.0,1.0,0,1.0,2.0,1n-2m-8th-1000bs-377019s-DENV_1-usa-BVBRC_genome_sequence,sequana_cpu_dev,1,11546243.0,2,8,1000,377019,DENV_1-usa-BVBRC_genome_sequence,22407.1,24450.13,46857.23,92.98,101.45,194.43,194.43,241.0, sdumont6165,11433164.12
1911.0,3888,243,1305672.0,146824.0,145232.0,1523404.0,1658.88,4577.28,1812.48,4587.52,1.0,0,0.0,1.0,1n-2m-8th-1000bs-377019s-DENV_1-usa-BVBRC_genome_sequence,sequana_cpu_dev,1,11546245.0,2,8,1000,377019,DENV_1-usa-BVBRC_genome_sequence,22421.25,24479.86,46901.11,93.42,102.0,195.42,195.42,240.0, sdumont6165,11396969.73
1938.0,4256,266,1305676.0,144884.0,144264.0,1523404.0,1658.88,4577.28,1812.48,4577.28,1.0,0,1.0,1.0,1n-2m-8th-1000bs-377019s-DENV_1-usa-BVBRC_genome_sequence,sequana_cpu_dev,1,11546246.0,2,8,1000,377019,DENV_1-usa-BVBRC_genome_sequence,23337.86,25438.27,48776.14,94.1,102.57,196.68,196.68,248.0, sdumont6165,12974453.24
1916.0,3904,244,1305636.0,148864.0,146234.0,1527620.0,1925.12,4843.52,2426.88,5120.0,1.0,0,1.0,2.0,1n-2m-8th-1000bs-377019s-DENV_1-usa-BVBRC_genome_sequence,sequana_cpu_dev,1,11546253.0,2,8,1000,377019,DENV_1-usa-BVBRC_genome_sequence,22473.03,24423.8,46896.83,92.86,100.92,193.79,193.79,242.0, sdumont6165,11442826.52
2208.0,4720,236,1440776.0,149180.0,146464.0,1662760.0,1925.12,4833.28,2426.88,5120.0,1.0,0,5.0,7.0,1n-2m-10th-1000bs-377019s-DENV_1-usa-BVBRC_genome_sequence,sequana_cpu_dev,1,11546258.0,2,10,1000,377019,DENV_1-usa-BVBRC_genome_sequence,24282.47,25623.1,49905.57,103.33,109.03,212.36,212.36,235.0, sdumont6165,11777714.52
2079.0,4660,233,1440774.0,146140.0,145432.0,1662760.0,1945.6,4843.52,2457.6,5130.24,1.0,0,1.0,7.0,1n-2m-10th-1000bs-377019s-DENV_1-usa-BVBRC_genome_sequence,sequana_cpu_dev,1,11546264.0,2,10,1000,377019,DENV_1-usa-BVBRC_genome_sequence,23318.93,24580.54,47899.47,101.39,106.87,208.26,208.26,230.0, sdumont6165,11160576.51
2193.0,4680,234,1440772.0,145148.0,144632.0,1658564.0,1914.88,4833.28,2406.4,5120.0,1.0,0,2.0,4.0,1n-2m-10th-1000bs-377019s-DENV_1-usa-BVBRC_genome_sequence,sequana_cpu_dev,1,11546268.0,2,10,1000,377019,DENV_1-usa-BVBRC_genome_sequence,23215.21,24432.58,47647.79,100.07,105.31,205.38,205.38,232.0, sdumont6165,11149582.86
2082.0,4700,235,1440782.0,143980.0,143170.0,1658580.0,1914.88,4833.28,2406.4,5120.0,1.0,0,3.0,6.0,1n-2m-10th-1000bs-377019s-DENV_1-usa-BVBRC_genome_sequence,sequana_cpu_dev,1,11546269.0,2,10,1000,377019,DENV_1-usa-BVBRC_genome_sequence,23197.3,24457.19,47654.48,99.56,104.97,204.53,204.53,233.0, sdumont6165,11198802.8
2196.0,4700,235,1440778.0,143620.0,143198.0,1662772.0,1914.88,4833.28,2406.4,5120.0,3.0,0,25.0,40.0,1n-2m-10th-1000bs-377019s-DENV_1-usa-BVBRC_genome_sequence,sequana_cpu_dev,1,11546270.0,2,10,1000,377019,DENV_1-usa-BVBRC_genome_sequence,24549.18,23441.87,47991.05,105.36,100.61,205.97,205.97,233.0, sdumont6247,11277896.75
3120.0,6748,241,1711040.0,147132.0,145506.0,1933032.0,1904.64,4823.04,2396.16,5120.0,1.0,0,8.0,9.0,1n-2m-14th-1000bs-377019s-DENV_1-usa-BVBRC_genome_sequence,sequana_cpu_dev,1,11546272.0,2,14,1000,377019,DENV_1-usa-BVBRC_genome_sequence,26208.12,24927.87,51135.99,109.2,103.87,213.07,213.07,240.0, sdumont6247,12323773.59
3101.0,6608,236,1711036.0,149176.0,146540.0,1928828.0,1914.88,4833.28,2406.4,5120.0,1.0,0,6.0,6.0,1n-2m-14th-1000bs-377019s-DENV_1-usa-BVBRC_genome_sequence,sequana_cpu_dev,1,11546273.0,2,14,1000,377019,DENV_1-usa-BVBRC_genome_sequence,25130.03,23892.57,49022.6,107.39,102.11,209.5,209.5,234.0, sdumont6247,11569333.6
3084.0,6608,236,1711022.0,144188.0,143642.0,1928828.0,1914.88,4833.28,2406.4,5120.0,1.0,0,7.0,8.0,1n-2m-14th-1000bs-377019s-DENV_1-usa-BVBRC_genome_sequence,sequana_cpu_dev,1,11546275.0,2,14,1000,377019,DENV_1-usa-BVBRC_genome_sequence,25120.38,23871.66,48992.04,107.35,102.02,209.37,209.37,234.0, sdumont6247,11562121.44
3121.0,6748,241,1711026.0,145980.0,145570.0,1933036.0,1925.12,4823.04,2426.88,5120.0,1.0,0,10.0,12.0,1n-2m-14th-1000bs-377019s-DENV_1-usa-BVBRC_genome_sequence,sequana_cpu_dev,1,11546278.0,2,14,1000,377019,DENV_1-usa-BVBRC_genome_sequence,26451.02,25116.03,51567.06,110.67,105.09,215.76,215.76,239.0, sdumont6247,12427661.46
3107.0,6664,238,1711030.0,147148.0,145492.0,1928816.0,1925.12,4823.04,2426.88,5120.0,1.0,0,7.0,7.0,1n-2m-14th-1000bs-377019s-DENV_1-usa-BVBRC_genome_sequence,sequana_cpu_dev,1,11546281.0,2,14,1000,377019,DENV_1-usa-BVBRC_genome_sequence,26294.7,24958.9,51253.6,111.42,105.76,217.18,217.18,236.0, sdumont6247,12198356.8
3783.0,7744,242,1846222.0,148112.0,147710.0,2068212.0,1925.12,4843.52,2426.88,5120.0,0.0,0,378.0,484.0,1n-2m-16th-1000bs-377019s-DENV_1-usa-BVBRC_genome_sequence,sequana_cpu_dev,1,11546284.0,2,16,1000,377019,DENV_1-usa-BVBRC_genome_sequence,25044.57,26580.0,51624.57,103.92,110.29,214.21,214.21,241.0, sdumont6166,12493145.94
3813.0,7968,249,1846220.0,147268.0,145792.0,2068208.0,1955.84,4853.76,2488.32,5120.0,1.0,0,9.0,19.0,1n-2m-16th-1000bs-377019s-DENV_1-usa-BVBRC_genome_sequence,sequana_cpu_dev,1,11546286.0,2,16,1000,377019,DENV_1-usa-BVBRC_genome_sequence,26240.36,28045.6,54285.96,106.24,113.54,219.78,219.78,247.0, sdumont6166,13517204.04
3867.0,7936,248,1846220.0,153324.0,148672.0,2064012.0,1935.36,4843.52,2437.12,5120.0,1.0,0,11.0,16.0,1n-2m-16th-1000bs-377019s-DENV_1-usa-BVBRC_genome_sequence,sequana_cpu_dev,1,11546289.0,2,16,1000,377019,DENV_1-usa-BVBRC_genome_sequence,26315.37,28052.94,54368.3,106.97,114.04,221.01,221.01,246.0, sdumont6166,13483338.4
3846.0,7872,246,1846220.0,149088.0,147784.0,2064012.0,1925.12,4843.52,2426.88,5120.0,1.0,0,10.0,12.0,1n-2m-16th-1000bs-377019s-DENV_1-usa-BVBRC_genome_sequence,sequana_cpu_dev,1,11546290.0,2,16,1000,377019,DENV_1-usa-BVBRC_genome_sequence,25247.3,26765.78,52013.08,103.47,109.7,213.17,213.17,244.0, sdumont6166,12795217.68
3546.0,7616,238,1846222.0,147160.0,145814.0,2068212.0,1925.12,4823.04,2437.12,5120.0,1.0,0,10.0,12.0,1n-2m-16th-1000bs-377019s-DENV_1-usa-BVBRC_genome_sequence,sequana_cpu_dev,1,11546292.0,2,16,1000,377019,DENV_1-usa-BVBRC_genome_sequence,25234.64,26967.67,52202.31,106.93,114.27,221.2,221.2,236.0, sdumont6166,12424149.78
4975.0,10760,269,2128134.0,149640.0,147022.0,2355432.0,4290.56,4833.28,7034.88,5120.0,1.0,0,331.0,333.0,1n-2m-20th-1000bs-377019s-DENV_1-usa-BVBRC_genome_sequence,sequana_cpu_dev,1,11546294.0,2,20,1000,377019,DENV_1-usa-BVBRC_genome_sequence,30144.53,30789.39,60933.92,112.9,115.32,228.22,228.22,267.0, sdumont6055,16391224.48
4906.0,10240,256,2128132.0,151976.0,149226.0,2351232.0,4126.72,4833.28,6696.96,5120.0,3.0,0,14.0,17.0,1n-2m-20th-1000bs-377019s-DENV_1-usa-BVBRC_genome_sequence,sequana_cpu_dev,1,11546298.0,2,20,1000,377019,DENV_1-usa-BVBRC_genome_sequence,27997.38,28306.01,56303.39,110.23,111.44,221.67,221.67,254.0, sdumont6055,14413667.84
4931.0,10320,258,2128132.0,153760.0,152066.0,2351232.0,4126.72,4843.52,6696.96,5120.0,1.0,0,13.0,14.0,1n-2m-20th-1000bs-377019s-DENV_1-usa-BVBRC_genome_sequence,sequana_cpu_dev,1,11546303.0,2,20,1000,377019,DENV_1-usa-BVBRC_genome_sequence,27962.04,28413.1,56375.14,109.23,110.99,220.22,220.22,256.0, sdumont6055,14544786.12
4909.0,12280,307,2128280.0,152804.0,152356.0,2351380.0,4126.72,4843.52,6696.96,5120.0,1.0,0,18.0,21.0,1n-2m-20th-1000bs-377019s-DENV_1-usa-BVBRC_genome_sequence,sequana_cpu_dev,1,11546305.0,2,20,1000,377019,DENV_1-usa-BVBRC_genome_sequence,27850.68,28442.25,56292.93,109.22,111.54,220.76,220.76,255.0, sdumont6055,17281929.51
4897.0,10200,255,2128132.0,149748.0,147032.0,2355428.0,3768.32,4577.28,5898.24,4577.28,1.0,0,16.0,20.0,1n-2m-20th-1000bs-377019s-DENV_1-usa-BVBRC_genome_sequence,sequana_cpu_dev,1,11546307.0,2,20,1000,377019,DENV_1-usa-BVBRC_genome_sequence,27893.73,28383.53,56277.26,110.69,112.63,223.32,223.32,252.0, sdumont6055,14350701.3
5418.0,11352,258,2263388.0,156108.0,150312.0,2486560.0,3768.32,4577.28,5898.24,4577.28,0.0,0,18.0,22.0,1n-2m-22th-1000bs-377019s-DENV_1-usa-BVBRC_genome_sequence,sequana_cpu_dev,1,11546309.0,2,22,1000,377019,DENV_1-usa-BVBRC_genome_sequence,28691.52,28886.93,57578.45,112.08,112.84,224.92,224.92,256.0, sdumont6055,14855240.1
5424.0,11616,264,2251704.0,149916.0,148250.0,2469568.0,1945.6,4833.28,2457.6,5120.0,1.0,0,393.0,498.0,1n-2m-22th-1000bs-377019s-DENV_1-usa-BVBRC_genome_sequence,sequana_cpu_dev,1,11546310.0,2,22,1000,377019,DENV_1-usa-BVBRC_genome_sequence,32166.23,31715.85,63882.09,122.77,121.05,243.82,243.82,262.0, sdumont6167,16864871.759999998
5890.0,12056,274,2251634.0,151576.0,148938.0,2469428.0,1955.84,4853.76,2478.08,5120.0,1.0,0,35.0,70.0,1n-2m-22th-1000bs-377019s-DENV_1-usa-BVBRC_genome_sequence,sequana_cpu_dev,1,11546311.0,2,22,1000,377019,DENV_1-usa-BVBRC_genome_sequence,30285.97,32073.12,62359.08,111.35,117.92,229.26,229.26,272.0, sdumont6165,17086387.92
5224.0,11792,268,2251634.0,148388.0,147890.0,2473624.0,1945.6,4833.28,2467.84,5120.0,1.0,0,6.0,13.0,1n-2m-22th-1000bs-377019s-DENV_1-usa-BVBRC_genome_sequence,sequana_cpu_dev,1,11546313.0,2,22,1000,377019,DENV_1-usa-BVBRC_genome_sequence,29288.47,30773.78,60062.25,110.11,115.69,225.8,225.8,266.0, sdumont6165,16096683.0
5491.0,11660,265,2251634.0,148336.0,147982.0,2473624.0,1658.88,4567.04,1812.48,4577.28,1.0,0,21.0,31.0,1n-2m-22th-1000bs-377019s-DENV_1-usa-BVBRC_genome_sequence,sequana_cpu_dev,1,11546314.0,2,22,1000,377019,DENV_1-usa-BVBRC_genome_sequence,29237.92,30793.89,60031.81,111.17,117.09,228.26,228.26,263.0, sdumont6165,15908429.65
618.0,5728,179,1046480.0,164500.0,153236.0,1271640.0,1843.2,4321.28,2048.0,4331.52,21770.0,0,0.0,1.0,4n-2m-4th-1000bs-484520s-DENV_1-brazil-BVBRC_genome_sequence,sequana_cpu,4,11546385.0,2,4,1000,484520,DENV_1-brazil-BVBRC_genome_sequence,52550.87,54771.67,107322.54,295.23,307.71,602.94,150.73,178.0, sdumont6099,19210734.66
628.0,5664,177,1044953.5,161904.0,152751.0,1271664.0,1832.96,4321.28,2058.24,4331.52,21592.0,0,0.0,1.0,4n-2m-4th-1000bs-484520s-DENV_1-brazil-BVBRC_genome_sequence,sequana_cpu,4,11546387.0,2,4,1000,484520,DENV_1-brazil-BVBRC_genome_sequence,52697.61,54830.27,107527.88,299.42,311.54,610.95,152.74,176.0, sdumont6153,19032434.76
705.0,5856,183,1046473.0,164144.0,153851.0,1267444.0,1853.44,4321.28,2058.24,4331.52,9260.0,0,0.0,1.0,4n-2m-4th-1000bs-484520s-DENV_1-brazil-BVBRC_genome_sequence,sequana_cpu,4,11546428.0,2,4,1000,484520,DENV_1-brazil-BVBRC_genome_sequence,52774.24,54400.59,107174.83,291.57,300.56,592.13,148.03,181.0, sdumont6067,19612993.89
697.0,5952,186,1047974.0,162664.0,157121.5,1271640.0,1945.6,4413.44,2754.56,5007.36,8900.0,0,70.0,414.0,4n-2m-4th-1000bs-484520s-DENV_1-brazil-BVBRC_genome_sequence,sequana_cpu,4,11546429.0,2,4,1000,484520,DENV_1-brazil-BVBRC_genome_sequence,57638.6,56398.57,114037.17,311.56,304.86,616.42,154.1,185.0, sdumont6153,21210913.62
708.0,6864,143,1179651.5,156708.0,151081.5,1406292.0,1904.64,4403.2,2682.88,5007.36,8752.0,0,0.0,2.0,4n-2m-6th-1000bs-484520s-DENV_1-brazil-BVBRC_genome_sequence,sequana_cpu,4,11546430.0,2,6,1000,484520,DENV_1-brazil-BVBRC_genome_sequence,47723.26,48512.2,96235.46,343.33,349.01,692.34,173.09,139.0, sdumont6119,13761670.78
731.0,6480,135,1181167.0,160056.0,153333.5,1406228.0,1904.64,4403.2,2662.4,4997.12,8212.0,0,0.0,1.0,4n-2m-6th-1000bs-484520s-DENV_1-brazil-BVBRC_genome_sequence,sequana_cpu,4,11546431.0,2,6,1000,484520,DENV_1-brazil-BVBRC_genome_sequence,49894.75,48371.94,98266.69,374.48,363.06,737.54,184.38,133.25, sdumont6229,13266003.15
738.0,8496,177,1181180.5,159940.0,152339.0,1406316.0,1904.64,4403.2,2652.16,4997.12,8003.0,0,0.0,2.0,4n-2m-6th-1000bs-484520s-DENV_1-brazil-BVBRC_genome_sequence,sequana_cpu,4,11546432.0,2,6,1000,484520,DENV_1-brazil-BVBRC_genome_sequence,47936.27,48797.8,96734.06,347.36,353.61,700.97,175.24,138.0, sdumont6119,17121928.62
734.0,8496,177,1181154.5,163876.0,154116.5,1406312.0,1904.64,4403.2,2652.16,4997.12,7642.0,0,0.0,2.0,4n-2m-6th-1000bs-484520s-DENV_1-brazil-BVBRC_genome_sequence,sequana_cpu,4,11546433.0,2,6,1000,484520,DENV_1-brazil-BVBRC_genome_sequence,49816.51,48258.28,98074.79,363.62,352.25,715.87,178.97,137.0, sdumont6275,17359237.83
720.0,6576,137,1181172.0,158004.0,153075.0,1402124.0,1894.4,4403.2,2652.16,4997.12,7490.0,0,1.0,3.0,4n-2m-6th-1000bs-484520s-DENV_1-brazil-BVBRC_genome_sequence,sequana_cpu,4,11546434.0,2,6,1000,484520,DENV_1-brazil-BVBRC_genome_sequence,47611.03,48434.46,96045.48,350.08,356.14,706.22,176.55,136.0, sdumont6080,13158230.76
946.0,7936,124,1316102.0,165724.0,154612.5,1536980.0,1894.4,4413.44,2652.16,4997.12,7130.0,0,0.0,3.0,4n-2m-8th-1000bs-484520s-DENV_1-brazil-BVBRC_genome_sequence,sequana_cpu,4,11546445.0,2,8,1000,484520,DENV_1-brazil-BVBRC_genome_sequence,48443.98,48515.69,96959.67,394.66,395.24,789.9,197.48,122.75, sdumont6222,12022999.08
946.0,8064,126,1316082.0,162216.0,153524.0,1541180.0,1873.92,4403.2,2641.92,4997.12,6921.0,0,0.0,3.0,4n-2m-8th-1000bs-484520s-DENV_1-brazil-BVBRC_genome_sequence,sequana_cpu,4,11546446.0,2,8,1000,484520,DENV_1-brazil-BVBRC_genome_sequence,48803.83,50886.4,99690.23,390.43,407.09,797.52,199.38,125.0, sdumont6067,12560968.98
964.0,8128,127,1316100.0,160156.0,153987.5,1541188.0,1884.16,4403.2,2631.68,4997.12,6201.0,0,2.0,4.0,4n-2m-8th-1000bs-484520s-DENV_1-brazil-BVBRC_genome_sequence,sequana_cpu,4,11546447.0,2,8,1000,484520,DENV_1-brazil-BVBRC_genome_sequence,50519.84,50739.25,101259.1,404.16,405.91,810.07,202.52,125.0, sdumont6229,12859905.7
951.0,8192,128,1314534.0,166480.0,155281.0,1536992.0,1894.4,4413.44,2641.92,4997.12,5993.0,0,1.0,5.0,4n-2m-8th-1000bs-484520s-DENV_1-brazil-BVBRC_genome_sequence,sequana_cpu,4,11546448.0,2,8,1000,484520,DENV_1-brazil-BVBRC_genome_sequence,48598.36,50838.65,99437.02,384.96,402.7,787.67,196.92,126.25, sdumont6119,12727938.56
947.0,7744,121,1316105.5,162612.0,154967.5,1541180.0,1884.16,4413.44,2621.44,4997.12,5633.0,0,1.0,4.0,4n-2m-8th-1000bs-484520s-DENV_1-brazil-BVBRC_genome_sequence,sequana_cpu,4,11546451.0,2,8,1000,484520,DENV_1-brazil-BVBRC_genome_sequence,46535.58,46879.3,93414.87,387.8,390.66,778.46,194.61,120.0, sdumont6229,11303199.27
987.0,9600,120,1451135.5,158448.0,153358.5,1676204.0,1884.16,4392.96,2621.44,4997.12,5425.0,0,3.0,5.0,4n-2m-10th-1000bs-484520s-DENV_1-brazil-BVBRC_genome_sequence,sequana_cpu,4,11546463.0,2,10,1000,484520,DENV_1-brazil-BVBRC_genome_sequence,48825.82,49477.53,98303.35,412.93,418.44,831.37,207.84,118.25, sdumont6067,11796402.0
1181.0,9840,123,1449600.0,166072.0,153885.5,1676204.0,1894.4,4413.44,2631.68,4997.12,4885.0,0,2.0,6.0,4n-2m-10th-1000bs-484520s-DENV_1-brazil-BVBRC_genome_sequence,sequana_cpu,4,11546464.0,2,10,1000,484520,DENV_1-brazil-BVBRC_genome_sequence,50354.48,49310.79,99665.27,416.15,407.53,823.68,205.92,121.0, sdumont6229,12258828.21
944.0,9120,114,1449606.0,160576.0,154894.5,1676200.0,1863.68,4403.2,2611.2,4997.12,4650.0,0,1.0,4.0,4n-2m-10th-1000bs-484520s-DENV_1-brazil-BVBRC_genome_sequence,sequana_cpu,4,11546466.0,2,10,1000,484520,DENV_1-brazil-BVBRC_genome_sequence,45399.13,45895.86,91294.99,405.35,409.78,815.13,203.78,112.0, sdumont6099,10407628.86
995.0,9040,113,1451130.5,163248.0,155127.5,1676200.0,1781.76,4311.04,1935.36,4321.28,4290.0,0,2.0,5.0,4n-2m-10th-1000bs-484520s-DENV_1-brazil-BVBRC_genome_sequence,sequana_cpu,4,11546468.0,2,10,1000,484520,DENV_1-brazil-BVBRC_genome_sequence,45863.63,44859.01,90722.63,413.19,404.14,817.32,204.33,111.0, sdumont6222,10251657.19
944.0,9120,114,1451158.5,159908.0,154276.5,1676280.0,1873.92,4403.2,2560.0,4997.12,3872.0,0,3.0,8.0,4n-2m-10th-1000bs-484520s-DENV_1-brazil-BVBRC_genome_sequence,sequana_cpu,4,11546469.0,2,10,1000,484520,DENV_1-brazil-BVBRC_genome_sequence,45329.58,45929.03,91258.61,403.79,409.13,812.92,203.23,112.25, sdumont6067,10403481.54
1170.0,11040,115,1586193.5,162204.0,153675.5,1811336.0,1802.24,4311.04,1976.32,4331.52,3692.0,0,3.0,6.0,4n-2m-12th-1000bs-484520s-DENV_1-brazil-BVBRC_genome_sequence,sequana_cpu,4,11546472.0,2,12,1000,484520,DENV_1-brazil-BVBRC_genome_sequence,51084.06,53194.21,104278.26,448.11,466.62,914.72,228.68,114.0, sdumont6153,11991999.9
1100.0,11232,117,1586189.5,163728.0,156196.5,1811256.0,1884.16,4403.2,2580.48,4997.12,3453.0,0,3.0,8.0,4n-2m-12th-1000bs-484520s-DENV_1-brazil-BVBRC_genome_sequence,sequana_cpu,4,11546473.0,2,12,1000,484520,DENV_1-brazil-BVBRC_genome_sequence,49229.22,53186.69,102415.91,430.91,465.55,896.47,224.12,114.25, sdumont6099,11982661.47
1171.0,11136,116,1584692.0,159192.0,152887.5,1807056.0,1792.0,4311.04,1955.84,4331.52,3093.0,0,2.0,4.0,4n-2m-12th-1000bs-484520s-DENV_1-brazil-BVBRC_genome_sequence,sequana_cpu,4,11546474.0,2,12,1000,484520,DENV_1-brazil-BVBRC_genome_sequence,50839.18,53205.31,104044.49,442.08,462.65,904.73,226.18,115.0, sdumont6222,12069160.84
1143.0,11328,118,1586221.0,161848.0,154535.0,1811332.0,1873.92,4403.2,2631.68,4997.12,2854.0,0,4.0,20.0,4n-2m-12th-1000bs-484520s-DENV_1-brazil-BVBRC_genome_sequence,sequana_cpu,4,11546475.0,2,12,1000,484520,DENV_1-brazil-BVBRC_genome_sequence,49362.88,53202.71,102565.59,421.9,454.72,876.63,219.16,117.0, sdumont6067,12102739.62
1155.0,10656,111,1586213.0,160920.0,154977.5,1811252.0,1792.0,4311.04,1945.6,4331.52,2674.0,0,4.0,11.0,4n-2m-12th-1000bs-484520s-DENV_1-brazil-BVBRC_genome_sequence,sequana_cpu,4,11546476.0,2,12,1000,484520,DENV_1-brazil-BVBRC_genome_sequence,46145.11,48505.45,94650.56,423.35,445.0,868.35,217.09,109.0, sdumont6153,10506212.16
1378.0,13216,118,1721325.5,160984.0,154379.0,1946356.0,1884.16,4403.2,2570.24,4997.12,2690.0,0,4.0,11.0,4n-2m-14th-1000bs-484520s-DENV_1-brazil-BVBRC_genome_sequence,sequana_cpu,4,11546477.0,2,14,1000,484520,DENV_1-brazil-BVBRC_genome_sequence,49614.52,50214.9,99829.42,425.83,431.04,856.87,214.22,116.5, sdumont6080,11779871.56
1383.0,13328,119,1718246.0,160408.0,151727.0,1942196.0,1873.92,4392.96,2631.68,4997.12,2510.0,0,7.0,17.0,4n-2m-14th-1000bs-484520s-DENV_1-brazil-BVBRC_genome_sequence,sequana_cpu,4,11546478.0,2,14,1000,484520,DENV_1-brazil-BVBRC_genome_sequence,51400.39,50557.89,101958.28,435.6,428.46,864.05,216.01,118.0, sdumont6229,12133035.32
1367.0,12880,115,1719781.0,161128.0,153761.5,1946396.0,1873.92,4403.2,2580.48,4997.12,1702.0,0,4.0,8.0,4n-2m-14th-1000bs-484520s-DENV_1-brazil-BVBRC_genome_sequence,sequana_cpu,4,11546487.0,2,14,1000,484520,DENV_1-brazil-BVBRC_genome_sequence,49808.5,50442.57,100251.06,438.84,444.45,883.29,220.82,113.5, sdumont6080,11528871.9
1662.0,13664,122,1718254.5,166520.0,156641.5,1946392.0,1894.4,4413.44,2631.68,4997.12,1522.0,0,5.0,11.0,4n-2m-14th-1000bs-484520s-DENV_1-brazil-BVBRC_genome_sequence,sequana_cpu,4,11546488.0,2,14,1000,484520,DENV_1-brazil-BVBRC_genome_sequence,51514.02,50663.37,102177.38,429.28,422.19,851.48,212.87,120.0, sdumont6222,12465640.36
1335.0,13216,118,1721324.5,158496.0,154300.5,1946396.0,1884.16,4403.2,2631.68,4997.12,1525.0,0,4.0,8.0,4n-2m-14th-1000bs-484520s-DENV_1-brazil-BVBRC_genome_sequence,sequana_cpu,4,11546490.0,2,14,1000,484520,DENV_1-brazil-BVBRC_genome_sequence,49749.73,50209.75,99959.48,427.98,431.94,859.92,214.98,116.25, sdumont6080,11795218.64
1559.0,14720,115,1856410.0,162768.0,155845.5,2081480.0,1894.4,4403.2,2631.68,4997.12,1405.0,0,7.0,13.0,4n-2m-16th-1000bs-484520s-DENV_1-brazil-BVBRC_genome_sequence,sequana_cpu,4,11546491.0,2,16,1000,484520,DENV_1-brazil-BVBRC_genome_sequence,51655.12,53507.06,105162.18,457.12,473.51,930.64,232.66,113.0, sdumont6229,12093650.7
1516.0,14848,116,1856460.5,161484.0,155702.0,2081620.0,1894.4,4403.2,2631.68,4997.12,1377.0,0,9.0,13.0,4n-2m-16th-1000bs-484520s-DENV_1-brazil-BVBRC_genome_sequence,sequana_cpu,4,11546493.0,2,16,1000,484520,DENV_1-brazil-BVBRC_genome_sequence,49894.2,53149.9,103044.1,437.67,466.23,903.9,225.97,114.0, sdumont6099,11953115.6
1577.0,15104,118,1856425.5,158468.0,153846.0,2081480.0,1884.16,4392.96,2621.44,4997.12,1348.0,0,8.0,13.0,4n-2m-16th-1000bs-484520s-DENV_1-brazil-BVBRC_genome_sequence,sequana_cpu,4,11546495.0,2,16,1000,484520,DENV_1-brazil-BVBRC_genome_sequence,49946.37,53018.31,102964.67,426.89,453.15,880.04,220.01,117.0, sdumont6080,12149831.06
1645.0,15488,121,1856412.5,162852.0,155938.5,2081480.0,1873.92,4392.96,2631.68,4997.12,1168.0,0,8.0,18.0,4n-2m-16th-1000bs-484520s-DENV_1-brazil-BVBRC_genome_sequence,sequana_cpu,4,11546496.0,2,16,1000,484520,DENV_1-brazil-BVBRC_genome_sequence,51799.81,53304.42,105104.23,435.29,447.94,883.23,220.81,119.0, sdumont6275,12717611.83
1908.0,21760,170,1854918.0,170420.0,154938.5,2081476.0,1884.16,4413.44,2580.48,4997.12,1231.0,0,8.0,16.0,4n-2m-16th-1000bs-484520s-DENV_1-brazil-BVBRC_genome_sequence,sequana_cpu,4,11546498.0,2,16,1000,484520,DENV_1-brazil-BVBRC_genome_sequence,49921.91,53106.28,103028.19,409.2,435.3,844.49,211.12,122.0, sdumont6099,17514792.3
2140.0,24480,170,1990038.5,163864.0,155836.5,2216636.0,1863.68,4413.44,2652.16,4997.12,1051.0,0,9.0,15.0,4n-2m-18th-1000bs-484520s-DENV_1-brazil-BVBRC_genome_sequence,sequana_cpu,4,11546501.0,2,18,1000,484520,DENV_1-brazil-BVBRC_genome_sequence,56302.91,55210.86,111513.77,461.5,452.55,914.05,228.51,122.0, sdumont6229,18957340.9
1931.0,17424,121,1991576.0,164980.0,157683.5,2216648.0,1925.12,4403.2,2631.68,4997.12,1102.0,0,10.0,20.0,4n-2m-18th-1000bs-484520s-DENV_1-brazil-BVBRC_genome_sequence,sequana_cpu,4,11546504.0,2,18,1000,484520,DENV_1-brazil-BVBRC_genome_sequence,50231.57,50947.85,101179.42,418.6,424.57,843.16,210.79,120.0, sdumont6119,12242709.82
1774.0,17136,119,1990040.5,162696.0,153247.5,2216644.0,1884.16,4392.96,2652.16,4997.12,1044.0,0,70.0,369.0,4n-2m-18th-1000bs-484520s-DENV_1-brazil-BVBRC_genome_sequence,sequana_cpu,4,11546505.0,2,18,1000,484520,DENV_1-brazil-BVBRC_genome_sequence,51188.44,50101.78,101290.22,433.8,424.59,858.39,214.6,118.0, sdumont6153,12053536.18
2090.0,17712,123,1991578.5,161508.0,157347.0,2216644.0,1873.92,4413.44,2580.48,4997.12,1015.0,0,8.0,15.0,4n-2m-18th-1000bs-484520s-DENV_1-brazil-BVBRC_genome_sequence,sequana_cpu,4,11546507.0,2,18,1000,484520,DENV_1-brazil-BVBRC_genome_sequence,49055.69,50079.62,99135.31,405.42,413.88,819.3,204.83,121.0, sdumont6119,12193643.13
1778.0,16992,118,1991629.0,162792.0,156620.0,2216628.0,1884.16,4403.2,2570.24,4997.12,1078.0,0,9.0,16.0,4n-2m-18th-1000bs-484520s-DENV_1-brazil-BVBRC_genome_sequence,sequana_cpu,4,11546509.0,2,18,1000,484520,DENV_1-brazil-BVBRC_genome_sequence,50188.99,50867.3,101056.29,431.75,437.59,869.35,217.34,116.25, sdumont6067,11924642.22
1977.0,18880,118,2126825.5,165968.0,156666.5,2351888.0,1792.0,4311.04,1966.08,4331.52,898.0,0,12.0,21.0,4n-2m-20th-1000bs-484520s-DENV_1-brazil-BVBRC_genome_sequence,sequana_cpu,4,11546510.0,2,20,1000,484520,DENV_1-brazil-BVBRC_genome_sequence,53521.39,53356.77,106878.16,457.45,456.04,913.49,228.37,117.0, sdumont6222,12611622.88
1974.0,19200,120,2126799.0,160788.0,154391.0,2351808.0,1792.0,4311.04,1966.08,4331.52,869.0,0,31.0,176.0,4n-2m-20th-1000bs-484520s-DENV_1-brazil-BVBRC_genome_sequence,sequana_cpu,4,11546513.0,2,20,1000,484520,DENV_1-brazil-BVBRC_genome_sequence,51491.07,53150.94,104642.0,432.7,446.65,879.34,219.84,119.0, sdumont6119,12557040.0
1964.0,18880,118,2126787.0,166132.0,155150.5,2351892.0,1894.4,4403.2,2631.68,4997.12,689.0,0,13.0,21.0,4n-2m-20th-1000bs-484520s-DENV_1-brazil-BVBRC_genome_sequence,sequana_cpu,4,11546515.0,2,20,1000,484520,DENV_1-brazil-BVBRC_genome_sequence,53622.94,53302.29,106925.23,466.29,463.5,929.78,232.45,115.0, sdumont6275,12617177.14
2024.0,18720,117,2126807.5,160524.0,154673.5,2352036.0,1884.16,4403.2,2631.68,4997.12,691.0,0,12.0,22.0,4n-2m-20th-1000bs-484520s-DENV_1-brazil-BVBRC_genome_sequence,sequana_cpu,4,11546517.0,2,20,1000,484520,DENV_1-brazil-BVBRC_genome_sequence,52010.98,53581.04,105592.01,454.25,468.0,922.25,230.56,114.5, sdumont6080,12354265.17
2025.0,18720,117,2126793.0,158976.0,154042.5,2347692.0,1873.92,4403.2,2631.68,4997.12,693.0,0,12.0,18.0,4n-2m-20th-1000bs-484520s-DENV_1-brazil-BVBRC_genome_sequence,sequana_cpu,4,11546519.0,2,20,1000,484520,DENV_1-brazil-BVBRC_genome_sequence,52059.6,53708.88,105768.48,452.69,467.03,919.73,229.93,115.0, sdumont6119,12374912.16
2573.0,21824,124,2262018.0,165392.0,156689.0,2487096.0,1884.16,4413.44,2590.72,4997.12,513.0,0,182.0,529.0,4n-2m-22th-1000bs-484520s-DENV_1-brazil-BVBRC_genome_sequence,sequana_cpu,4,11546521.0,2,22,1000,484520,DENV_1-brazil-BVBRC_genome_sequence,53944.93,52962.44,106907.37,441.24,433.21,874.45,218.61,122.25, sdumont6275,13256513.88
2167.0,20592,117,2262005.0,162668.0,155185.0,2487308.0,1884.16,4403.2,2631.68,4997.12,575.0,0,14.0,27.0,4n-2m-22th-1000bs-484520s-DENV_1-brazil-BVBRC_genome_sequence,sequana_cpu,4,11546525.0,2,22,1000,484520,DENV_1-brazil-BVBRC_genome_sequence,53392.87,54406.24,107799.12,460.28,469.02,929.3,232.33,116.0, sdumont6067,12612497.04
2256.0,20944,119,2260443.0,161032.0,154098.0,2486868.0,1873.92,4392.96,2590.72,4997.12,455.0,0,15.0,23.0,4n-2m-22th-1000bs-484520s-DENV_1-brazil-BVBRC_genome_sequence,sequana_cpu,4,11546526.0,2,22,1000,484520,DENV_1-brazil-BVBRC_genome_sequence,54810.3,53900.94,108711.24,468.46,460.69,929.16,232.29,117.0, sdumont6153,12936637.56
2620.0,22000,125,2261989.0,165080.0,157085.0,2487076.0,1812.48,4331.52,2007.04,4331.52,457.0,0,14.0,27.0,4n-2m-22th-1000bs-484520s-DENV_1-brazil-BVBRC_genome_sequence,sequana_cpu,4,11546529.0,2,22,1000,484520,DENV_1-brazil-BVBRC_genome_sequence,54519.77,55550.73,110070.5,446.88,455.33,902.22,225.55,122.0, sdumont6099,13758812.5
2180.0,20944,119,2258916.5,158964.0,151560.0,2487072.0,1873.92,4392.96,2631.68,4997.12,595.0,0,14.0,31.0,4n-2m-22th-1000bs-484520s-DENV_1-brazil-BVBRC_genome_sequence,sequana_cpu,4,11546533.0,2,22,1000,484520,DENV_1-brazil-BVBRC_genome_sequence,53369.34,54192.3,107561.64,456.15,463.18,919.33,229.83,117.0, sdumont6067,12799835.16
2899.0,25536,133,2397131.5,171536.0,158983.0,2622268.0,1904.64,4413.44,2652.16,4997.12,414.0,0,16.0,34.0,4n-2m-24th-1000bs-484520s-DENV_1-brazil-BVBRC_genome_sequence,sequana_cpu,4,11546537.0,2,24,1000,484520,DENV_1-brazil-BVBRC_genome_sequence,62660.43,61506.64,124167.07,482.0,473.13,955.13,238.78,130.0, sdumont6222,16514220.31
2916.0,26112,136,2395561.0,158996.0,153959.0,2622044.0,1904.64,4413.44,2682.88,4997.12,477.0,0,13.0,23.0,4n-2m-24th-1000bs-484520s-DENV_1-brazil-BVBRC_genome_sequence,sequana_cpu,4,11546544.0,2,24,1000,484520,DENV_1-brazil-BVBRC_genome_sequence,66070.65,67485.02,133555.67,494.02,504.58,998.59,249.65,133.75, sdumont6080,18163571.12
2966.0,26304,137,2395593.5,165320.0,155272.0,2622044.0,1914.88,4413.44,2672.64,4997.12,448.0,0,15.0,26.0,4n-2m-24th-1000bs-484520s-DENV_1-brazil-BVBRC_genome_sequence,sequana_cpu,4,11546548.0,2,24,1000,484520,DENV_1-brazil-BVBRC_genome_sequence,66111.81,67351.94,133463.74,486.12,495.23,981.35,245.34,136.0, sdumont6099,18284532.38
2949.0,25920,135,2395536.0,161228.0,154998.0,2622240.0,1904.64,4413.44,2662.4,4997.12,510.0,0,15.0,28.0,4n-2m-24th-1000bs-484520s-DENV_1-brazil-BVBRC_genome_sequence,sequana_cpu,4,11546552.0,2,24,1000,484520,DENV_1-brazil-BVBRC_genome_sequence,62351.16,63311.64,125662.8,468.81,476.03,944.83,236.21,133.0, sdumont6080,16964478.0
2919.0,26688,139,2397121.0,161112.0,155251.0,2622240.0,1884.16,4413.44,2652.16,4997.12,657.0,0,22.0,31.0,4n-2m-24th-1000bs-484520s-DENV_1-brazil-BVBRC_genome_sequence,sequana_cpu,4,11546555.0,2,24,1000,484520,DENV_1-brazil-BVBRC_genome_sequence,60772.36,61927.96,122700.32,471.1,480.06,951.17,237.79,129.0, sdumont6067,17055344.48
