✅ Arquivo system_config.json é um arquivo válido de configuração do sistema e foi carregado com sucesso!
✅ Arquivo raxml-sscad-time_config.json é um arquivo válido de configuração de uma aplicação e foi carregado com sucesso!
✅ Arquivo raxml_config.json é um arquivo válido de configuração de uma aplicação e foi carregado com sucesso!
✅ Arquivo ntb_config.json é um arquivo válido de configuração de uma aplicação e foi carregado com sucesso!
✅ Arquivo raxml-sscad_config.json é um arquivo válido de configuração de uma aplicação e foi carregado com sucesso!
✅ Todos os arquicos applications do diretório com as confugurações das aplicações são válidos e foram lidos!
✅ Arquivo training_config.json é um arquivo válido de configuração de treinamento e foi carregado com sucesso!

-> Treinando todos os modelos para a aplicação raxml-sscad-time
--> Conjunto de dados original da aplicação, antes da filtragem do outliers:

+-----+--------------+----------+-------------+----------+-----------+--------------------------------+--------------+
|     |   ElapsedRaw |   NNodes |   Bootstrap |   Thread |   Tamanho |   Consumo de Energia Total (J) |          EDP |
+=====+==============+==========+=============+==========+===========+================================+==============+
|   0 |        27.00 |     1.00 |      100.00 |    48.00 | 187026.00 |                        4117.27 |    111166.29 |
+-----+--------------+----------+-------------+----------+-----------+--------------------------------+--------------+
|   1 |        14.00 |     1.00 |      100.00 |    24.00 | 187026.00 |                        1598.05 |     22372.70 |
+-----+--------------+----------+-------------+----------+-----------+--------------------------------+--------------+
|   2 |        21.00 |     1.00 |      100.00 |     2.00 | 187026.00 |                        1518.58 |     31890.18 |
+-----+--------------+----------+-------------+----------+-----------+--------------------------------+--------------+
|   3 |       118.00 |     1.00 |      100.00 |    48.00 | 377019.00 |                       26383.64 |   3113269.52 |
+-----+--------------+----------+-------------+----------+-----------+--------------------------------+--------------+
|   4 |        66.00 |     1.00 |      100.00 |    24.00 | 377019.00 |                        9991.52 |    659440.32 |
+-----+--------------+----------+-------------+----------+-----------+--------------------------------+--------------+
|   5 |       110.00 |     1.00 |      100.00 |     2.00 | 377019.00 |                       10415.74 |   1145731.40 |
+-----+--------------+----------+-------------+----------+-----------+--------------------------------+--------------+
|   6 |        37.00 |     1.00 |      100.00 |    48.00 | 198574.00 |                        6891.60 |    254989.20 |
+-----+--------------+----------+-------------+----------+-----------+--------------------------------+--------------+
|   7 |        26.00 |     1.00 |      100.00 |    24.00 | 198574.00 |                        3283.49 |     85370.74 |
+-----+--------------+----------+-------------+----------+-----------+--------------------------------+--------------+
|   8 |        51.00 |     1.00 |      100.00 |     2.00 | 198574.00 |                        4287.20 |    218647.20 |
+-----+--------------+----------+-------------+----------+-----------+--------------------------------+--------------+
|   9 |        64.00 |     1.00 |      100.00 |    48.00 | 242689.00 |                       13784.62 |    882215.68 |
+-----+--------------+----------+-------------+----------+-----------+--------------------------------+--------------+
|  10 |        33.00 |     1.00 |      100.00 |    24.00 | 242689.00 |                        4941.63 |    163073.79 |
+-----+--------------+----------+-------------+----------+-----------+--------------------------------+--------------+
|  11 |        53.00 |     1.00 |      100.00 |     2.00 | 242689.00 |                        4672.18 |    247625.54 |
+-----+--------------+----------+-------------+----------+-----------+--------------------------------+--------------+
|  12 |        71.00 |     1.00 |      100.00 |    48.00 | 287037.00 |                       15250.38 |   1082776.98 |
+-----+--------------+----------+-------------+----------+-----------+--------------------------------+--------------+
|  13 |        36.00 |     1.00 |      100.00 |    24.00 | 287037.00 |                        4854.15 |    174749.40 |
+-----+--------------+----------+-------------+----------+-----------+--------------------------------+--------------+
|  14 |        33.00 |     1.00 |      100.00 |     2.00 | 287037.00 |                        2586.53 |     85355.49 |
+-----+--------------+----------+-------------+----------+-----------+--------------------------------+--------------+
|  15 |        55.00 |     1.00 |      100.00 |    48.00 | 231143.00 |                       11863.21 |    652476.55 |
+-----+--------------+----------+-------------+----------+-----------+--------------------------------+--------------+
|  16 |        32.00 |     1.00 |      100.00 |    24.00 | 231143.00 |                        4045.64 |    129460.48 |
+-----+--------------+----------+-------------+----------+-----------+--------------------------------+--------------+
|  17 |        37.00 |     1.00 |      100.00 |     2.00 | 231143.00 |                        3051.61 |    112909.57 |
+-----+--------------+----------+-------------+----------+-----------+--------------------------------+--------------+
|  18 |        62.00 |     1.00 |      100.00 |    48.00 | 272549.00 |                       13437.94 |    833152.28 |
+-----+--------------+----------+-------------+----------+-----------+--------------------------------+--------------+
|  19 |        35.00 |     1.00 |      100.00 |    24.00 | 272549.00 |                        4967.83 |    173874.05 |
+-----+--------------+----------+-------------+----------+-----------+--------------------------------+--------------+
|  20 |        28.00 |     1.00 |      100.00 |     2.00 | 272549.00 |                        2566.82 |     71870.96 |
+-----+--------------+----------+-------------+----------+-----------+--------------------------------+--------------+
|  21 |        90.00 |     5.00 |      100.00 |    48.00 | 377019.00 |                       98766.13 |   8888951.70 |
+-----+--------------+----------+-------------+----------+-----------+--------------------------------+--------------+
|  22 |        30.00 |     5.00 |      100.00 |    24.00 | 377019.00 |                       16347.96 |    490438.80 |
+-----+--------------+----------+-------------+----------+-----------+--------------------------------+--------------+
|  23 |       170.00 |     5.00 |      100.00 |     2.00 | 377019.00 |                       66556.22 |  11314557.40 |
+-----+--------------+----------+-------------+----------+-----------+--------------------------------+--------------+
|  24 |        20.00 |     5.00 |      100.00 |    48.00 | 242689.00 |                       17222.18 |    344443.60 |
+-----+--------------+----------+-------------+----------+-----------+--------------------------------+--------------+
|  25 |        36.00 |     5.00 |      100.00 |     2.00 | 242689.00 |                       15411.19 |    554802.84 |
+-----+--------------+----------+-------------+----------+-----------+--------------------------------+--------------+
|  26 |       328.00 |     5.00 |      100.00 |    48.00 | 287037.00 |                      393742.71 | 129147608.88 |
+-----+--------------+----------+-------------+----------+-----------+--------------------------------+--------------+
|  27 |        21.00 |     5.00 |      100.00 |    48.00 | 231143.00 |                       18021.78 |    378457.38 |
+-----+--------------+----------+-------------+----------+-----------+--------------------------------+--------------+
|  28 |        17.00 |     5.00 |      100.00 |    24.00 | 231143.00 |                       11689.87 |    198727.79 |
+-----+--------------+----------+-------------+----------+-----------+--------------------------------+--------------+
|  29 |        30.00 |     5.00 |      100.00 |    48.00 | 272549.00 |                       31693.31 |    950799.30 |
+-----+--------------+----------+-------------+----------+-----------+--------------------------------+--------------+
|  30 |       273.00 |     1.00 |     1000.00 |    48.00 | 187026.00 |                       52754.65 |  14402019.45 |
+-----+--------------+----------+-------------+----------+-----------+--------------------------------+--------------+
|  31 |       134.00 |     1.00 |     1000.00 |    24.00 | 187026.00 |                       19512.63 |   2614692.42 |
+-----+--------------+----------+-------------+----------+-----------+--------------------------------+--------------+
|  32 |       137.00 |     1.00 |     1000.00 |     2.00 | 187026.00 |                       11827.46 |   1620362.02 |
+-----+--------------+----------+-------------+----------+-----------+--------------------------------+--------------+
|  33 |       367.00 |     1.00 |     1000.00 |    48.00 | 198574.00 |                       84426.41 |  30984492.47 |
+-----+--------------+----------+-------------+----------+-----------+--------------------------------+--------------+
|  34 |       210.00 |     1.00 |     1000.00 |    24.00 | 198574.00 |                       29378.37 |   6169457.70 |
+-----+--------------+----------+-------------+----------+-----------+--------------------------------+--------------+
|  35 |       308.00 |     1.00 |     1000.00 |     2.00 | 198574.00 |                       29894.83 |   9207607.64 |
+-----+--------------+----------+-------------+----------+-----------+--------------------------------+--------------+
|  36 |       593.00 |     1.00 |     1000.00 |    48.00 | 242689.00 |                      126476.87 |  75000783.91 |
+-----+--------------+----------+-------------+----------+-----------+--------------------------------+--------------+
|  37 |       350.00 |     1.00 |     1000.00 |    24.00 | 242689.00 |                       51606.09 |  18062131.50 |
+-----+--------------+----------+-------------+----------+-----------+--------------------------------+--------------+
|  38 |       535.00 |     1.00 |     1000.00 |     2.00 | 242689.00 |                       48009.10 |  25684868.50 |
+-----+--------------+----------+-------------+----------+-----------+--------------------------------+--------------+
|  39 |       636.00 |     1.00 |     1000.00 |    48.00 | 287037.00 |                      139138.51 |  88492092.36 |
+-----+--------------+----------+-------------+----------+-----------+--------------------------------+--------------+
|  40 |       332.00 |     1.00 |     1000.00 |    24.00 | 287037.00 |                       48081.69 |  15963121.08 |
+-----+--------------+----------+-------------+----------+-----------+--------------------------------+--------------+
|  41 |       327.00 |     1.00 |     1000.00 |     2.00 | 287037.00 |                       29605.44 |   9680978.88 |
+-----+--------------+----------+-------------+----------+-----------+--------------------------------+--------------+
|  42 |       540.00 |     1.00 |     1000.00 |    48.00 | 231143.00 |                      110971.45 |  59924583.00 |
+-----+--------------+----------+-------------+----------+-----------+--------------------------------+--------------+
|  43 |       295.00 |     1.00 |     1000.00 |    24.00 | 231143.00 |                       38499.05 |  11357219.75 |
+-----+--------------+----------+-------------+----------+-----------+--------------------------------+--------------+
|  44 |       362.00 |     1.00 |     1000.00 |     2.00 | 231143.00 |                       29707.56 |  10754136.72 |
+-----+--------------+----------+-------------+----------+-----------+--------------------------------+--------------+
|  45 |       503.00 |     1.00 |     1000.00 |    48.00 | 272549.00 |                      110666.96 |  55665480.88 |
+-----+--------------+----------+-------------+----------+-----------+--------------------------------+--------------+
|  46 |       275.00 |     1.00 |     1000.00 |    24.00 | 272549.00 |                       38467.22 |  10578485.50 |
+-----+--------------+----------+-------------+----------+-----------+--------------------------------+--------------+
|  47 |       279.00 |     1.00 |     1000.00 |     2.00 | 272549.00 |                       23826.28 |   6647532.12 |
+-----+--------------+----------+-------------+----------+-----------+--------------------------------+--------------+
|  48 |       802.00 |     1.00 |     1000.00 |    48.00 | 377019.00 |                      180938.86 | 145112965.72 |
+-----+--------------+----------+-------------+----------+-----------+--------------------------------+--------------+
|  49 |       545.00 |     1.00 |     1000.00 |    24.00 | 377019.00 |                       88618.67 |  48297175.15 |
+-----+--------------+----------+-------------+----------+-----------+--------------------------------+--------------+
|  50 |      1118.00 |     1.00 |     1000.00 |     2.00 | 377019.00 |                      108626.97 | 121444952.46 |
+-----+--------------+----------+-------------+----------+-----------+--------------------------------+--------------+
|  51 |       946.00 |     1.00 |     1000.00 |    24.00 | 484520.00 |                      147310.15 | 139355401.90 |
+-----+--------------+----------+-------------+----------+-----------+--------------------------------+--------------+
|  52 |        71.00 |     5.00 |     1000.00 |    48.00 | 187026.00 |                       72518.66 |   5148824.86 |
+-----+--------------+----------+-------------+----------+-----------+--------------------------------+--------------+
|  53 |        35.00 |     5.00 |     1000.00 |    24.00 | 187026.00 |                       24826.49 |    868927.15 |
+-----+--------------+----------+-------------+----------+-----------+--------------------------------+--------------+
|  54 |        38.00 |     5.00 |     1000.00 |     2.00 | 187026.00 |                       15276.34 |    580500.92 |
+-----+--------------+----------+-------------+----------+-----------+--------------------------------+--------------+
|  55 |       111.00 |     5.00 |     1000.00 |    48.00 | 198574.00 |                      120820.55 |  13411081.05 |
+-----+--------------+----------+-------------+----------+-----------+--------------------------------+--------------+
|  56 |        53.00 |     5.00 |     1000.00 |    24.00 | 198574.00 |                       41918.22 |   2221665.66 |
+-----+--------------+----------+-------------+----------+-----------+--------------------------------+--------------+
|  57 |        85.00 |     5.00 |     1000.00 |     2.00 | 198574.00 |                       40021.36 |   3401815.60 |
+-----+--------------+----------+-------------+----------+-----------+--------------------------------+--------------+
|  58 |       155.00 |     5.00 |     1000.00 |    48.00 | 242689.00 |                      185039.37 |  28681102.35 |
+-----+--------------+----------+-------------+----------+-----------+--------------------------------+--------------+
|  59 |       115.00 |     5.00 |     1000.00 |    24.00 | 242689.00 |                       92800.89 |  10672102.35 |
+-----+--------------+----------+-------------+----------+-----------+--------------------------------+--------------+
|  60 |       131.00 |     5.00 |     1000.00 |     2.00 | 242689.00 |                       61810.37 |   8097158.47 |
+-----+--------------+----------+-------------+----------+-----------+--------------------------------+--------------+
|  61 |       207.00 |     5.00 |     1000.00 |    48.00 | 287037.00 |                      253313.68 |  52435931.76 |
+-----+--------------+----------+-------------+----------+-----------+--------------------------------+--------------+
|  62 |        96.00 |     5.00 |     1000.00 |    24.00 | 287037.00 |                       75768.33 |   7273759.68 |
+-----+--------------+----------+-------------+----------+-----------+--------------------------------+--------------+
|  63 |       112.00 |     5.00 |     1000.00 |     2.00 | 287037.00 |                       50213.49 |   5623910.88 |
+-----+--------------+----------+-------------+----------+-----------+--------------------------------+--------------+
|  64 |       188.00 |     5.00 |     1000.00 |    48.00 | 231143.00 |                      225655.22 |  42423181.36 |
+-----+--------------+----------+-------------+----------+-----------+--------------------------------+--------------+
|  65 |        93.00 |     5.00 |     1000.00 |    24.00 | 231143.00 |                       69796.22 |   6491048.46 |
+-----+--------------+----------+-------------+----------+-----------+--------------------------------+--------------+
|  66 |       108.00 |     5.00 |     1000.00 |     2.00 | 231143.00 |                       50217.41 |   5423480.28 |
+-----+--------------+----------+-------------+----------+-----------+--------------------------------+--------------+
|  67 |       135.00 |     5.00 |     1000.00 |    48.00 | 272549.00 |                      158925.62 |  21454958.70 |
+-----+--------------+----------+-------------+----------+-----------+--------------------------------+--------------+
|  68 |       105.00 |     5.00 |     1000.00 |    24.00 | 272549.00 |                       84732.25 |   8896886.25 |
+-----+--------------+----------+-------------+----------+-----------+--------------------------------+--------------+
|  69 |       100.00 |     5.00 |     1000.00 |     2.00 | 272549.00 |                       44121.08 |   4412108.00 |
+-----+--------------+----------+-------------+----------+-----------+--------------------------------+--------------+
|  70 |       238.00 |     5.00 |     1000.00 |    48.00 | 377019.00 |                      287926.65 |  68526542.70 |
+-----+--------------+----------+-------------+----------+-----------+--------------------------------+--------------+
|  71 |       140.00 |     5.00 |     1000.00 |    24.00 | 377019.00 |                      110708.25 |  15499155.00 |
+-----+--------------+----------+-------------+----------+-----------+--------------------------------+--------------+
|  72 |       295.00 |     5.00 |     1000.00 |     2.00 | 377019.00 |                      145602.00 |  42952590.00 |
+-----+--------------+----------+-------------+----------+-----------+--------------------------------+--------------+
|  73 |       393.00 |     5.00 |     1000.00 |    48.00 | 484520.00 |                      460368.49 | 180924816.57 |
+-----+--------------+----------+-------------+----------+-----------+--------------------------------+--------------+
|  74 |       228.00 |     5.00 |     1000.00 |    24.00 | 484520.00 |                      189633.73 |  43236490.44 |
+-----+--------------+----------+-------------+----------+-----------+--------------------------------+--------------+
|  75 |       529.00 |     5.00 |     1000.00 |     2.00 | 484520.00 |                      270114.61 | 142890628.69 |
+-----+--------------+----------+-------------+----------+-----------+--------------------------------+--------------+
|  76 |       227.00 |     1.00 |      100.00 |     2.00 | 484520.00 |                       18250.33 |   4142824.91 |
+-----+--------------+----------+-------------+----------+-----------+--------------------------------+--------------+
|  77 |        99.00 |     1.00 |      100.00 |    24.00 | 484520.00 |                       15067.57 |   1491689.43 |
+-----+--------------+----------+-------------+----------+-----------+--------------------------------+--------------+
|  78 |       145.00 |     1.00 |      100.00 |    48.00 | 484520.00 |                       28488.98 |   4130902.10 |
+-----+--------------+----------+-------------+----------+-----------+--------------------------------+--------------+
|  79 |      2285.00 |     1.00 |     1000.00 |     2.00 | 484520.00 |                      216910.20 | 495639807.00 |
+-----+--------------+----------+-------------+----------+-----------+--------------------------------+--------------+
|  80 |      1467.00 |     1.00 |     1000.00 |    48.00 | 484520.00 |                      338615.22 | 496748527.74 |
+-----+--------------+----------+-------------+----------+-----------+--------------------------------+--------------+
|  81 |        45.00 |     5.00 |      100.00 |    48.00 | 484520.00 |                       46421.42 |   2088963.90 |
+-----+--------------+----------+-------------+----------+-----------+--------------------------------+--------------+
|  82 |        24.00 |     5.00 |      100.00 |    24.00 | 484520.00 |                       16714.10 |    401138.40 |
+-----+--------------+----------+-------------+----------+-----------+--------------------------------+--------------+
|  83 |        51.00 |     5.00 |      100.00 |     2.00 | 484520.00 |                       21358.62 |   1089289.62 |
+-----+--------------+----------+-------------+----------+-----------+--------------------------------+--------------+
|  84 |        25.00 |     1.00 |      100.00 |    48.00 | 187026.00 |                        4250.40 |    106260.00 |
+-----+--------------+----------+-------------+----------+-----------+--------------------------------+--------------+
|  85 |        22.00 |     1.00 |      100.00 |    48.00 | 187026.00 |                        4560.04 |    100320.88 |
+-----+--------------+----------+-------------+----------+-----------+--------------------------------+--------------+
|  86 |        22.00 |     1.00 |      100.00 |    48.00 | 187026.00 |                        2226.02 |     48972.44 |
+-----+--------------+----------+-------------+----------+-----------+--------------------------------+--------------+
|  87 |        21.00 |     1.00 |      100.00 |    48.00 | 187026.00 |                        2248.95 |     47227.95 |
+-----+--------------+----------+-------------+----------+-----------+--------------------------------+--------------+
|  88 |       188.00 |     1.00 |     1000.00 |    48.00 | 187026.00 |                       41809.75 |   7860233.00 |
+-----+--------------+----------+-------------+----------+-----------+--------------------------------+--------------+
|  89 |       216.00 |     1.00 |     1000.00 |    48.00 | 187026.00 |                       49922.91 |  10783348.56 |
+-----+--------------+----------+-------------+----------+-----------+--------------------------------+--------------+
|  90 |       185.00 |     1.00 |     1000.00 |    48.00 | 187026.00 |                       39296.75 |   7269898.75 |
+-----+--------------+----------+-------------+----------+-----------+--------------------------------+--------------+
|  91 |       245.00 |     1.00 |     1000.00 |    48.00 | 187026.00 |                       56380.34 |  13813183.30 |
+-----+--------------+----------+-------------+----------+-----------+--------------------------------+--------------+
|  92 |        13.00 |     1.00 |      100.00 |    24.00 | 187026.00 |                        1566.60 |     20365.80 |
+-----+--------------+----------+-------------+----------+-----------+--------------------------------+--------------+
|  93 |        12.00 |     1.00 |      100.00 |    24.00 | 187026.00 |                        1572.23 |     18866.76 |
+-----+--------------+----------+-------------+----------+-----------+--------------------------------+--------------+
|  94 |        15.00 |     1.00 |      100.00 |    24.00 | 187026.00 |                        1353.08 |     20296.20 |
+-----+--------------+----------+-------------+----------+-----------+--------------------------------+--------------+
|  95 |        14.00 |     1.00 |      100.00 |    24.00 | 187026.00 |                        1532.64 |     21456.96 |
+-----+--------------+----------+-------------+----------+-----------+--------------------------------+--------------+
|  96 |       111.00 |     1.00 |     1000.00 |    24.00 | 187026.00 |                       15729.51 |   1745975.61 |
+-----+--------------+----------+-------------+----------+-----------+--------------------------------+--------------+
|  97 |       112.00 |     1.00 |     1000.00 |    24.00 | 187026.00 |                       16230.81 |   1817850.72 |
+-----+--------------+----------+-------------+----------+-----------+--------------------------------+--------------+
|  98 |       116.00 |     1.00 |     1000.00 |    24.00 | 187026.00 |                       17915.52 |   2078200.32 |
+-----+--------------+----------+-------------+----------+-----------+--------------------------------+--------------+
|  99 |       115.00 |     1.00 |     1000.00 |    24.00 | 187026.00 |                       19051.54 |   2190927.10 |
+-----+--------------+----------+-------------+----------+-----------+--------------------------------+--------------+
| 100 |        14.00 |     1.00 |      100.00 |     2.00 | 187026.00 |                        1107.34 |     15502.76 |
+-----+--------------+----------+-------------+----------+-----------+--------------------------------+--------------+
| 101 |        14.00 |     1.00 |      100.00 |     2.00 | 187026.00 |                        1101.73 |     15424.22 |
+-----+--------------+----------+-------------+----------+-----------+--------------------------------+--------------+
| 102 |        14.00 |     1.00 |      100.00 |     2.00 | 187026.00 |                         955.93 |     13383.02 |
+-----+--------------+----------+-------------+----------+-----------+--------------------------------+--------------+
| 103 |        14.00 |     1.00 |      100.00 |     2.00 | 187026.00 |                         949.55 |     13293.70 |
+-----+--------------+----------+-------------+----------+-----------+--------------------------------+--------------+
| 104 |       129.00 |     1.00 |     1000.00 |     2.00 | 187026.00 |                       13300.24 |   1715730.96 |
+-----+--------------+----------+-------------+----------+-----------+--------------------------------+--------------+
| 105 |       125.00 |     1.00 |     1000.00 |     2.00 | 187026.00 |                       13436.33 |   1679541.25 |
+-----+--------------+----------+-------------+----------+-----------+--------------------------------+--------------+
| 106 |       126.00 |     1.00 |     1000.00 |     2.00 | 187026.00 |                       11940.72 |   1504530.72 |
+-----+--------------+----------+-------------+----------+-----------+--------------------------------+--------------+
| 107 |       124.00 |     1.00 |     1000.00 |     2.00 | 187026.00 |                       12041.15 |   1493102.60 |
+-----+--------------+----------+-------------+----------+-----------+--------------------------------+--------------+
| 108 |        34.00 |     1.00 |      100.00 |    48.00 | 198574.00 |                        6944.05 |    236097.70 |
+-----+--------------+----------+-------------+----------+-----------+--------------------------------+--------------+
| 109 |        34.00 |     1.00 |      100.00 |    48.00 | 198574.00 |                        6932.67 |    235710.78 |
+-----+--------------+----------+-------------+----------+-----------+--------------------------------+--------------+
| 110 |        31.00 |     1.00 |      100.00 |    48.00 | 198574.00 |                        4599.91 |    142597.21 |
+-----+--------------+----------+-------------+----------+-----------+--------------------------------+--------------+
| 111 |        38.00 |     1.00 |      100.00 |    48.00 | 198574.00 |                        7497.35 |    284899.30 |
+-----+--------------+----------+-------------+----------+-----------+--------------------------------+--------------+
| 112 |       307.00 |     1.00 |     1000.00 |    48.00 | 198574.00 |                       72029.84 |  22113160.88 |
+-----+--------------+----------+-------------+----------+-----------+--------------------------------+--------------+
| 113 |       329.00 |     1.00 |     1000.00 |    48.00 | 198574.00 |                       76736.03 |  25246153.87 |
+-----+--------------+----------+-------------+----------+-----------+--------------------------------+--------------+
| 114 |       330.00 |     1.00 |     1000.00 |    48.00 | 198574.00 |                       79414.69 |  26206847.70 |
+-----+--------------+----------+-------------+----------+-----------+--------------------------------+--------------+
| 115 |       338.00 |     1.00 |     1000.00 |    48.00 | 198574.00 |                       75407.73 |  25487812.74 |
+-----+--------------+----------+-------------+----------+-----------+--------------------------------+--------------+
| 116 |        21.00 |     1.00 |      100.00 |    24.00 | 198574.00 |                        1363.37 |     28630.77 |
+-----+--------------+----------+-------------+----------+-----------+--------------------------------+--------------+
| 117 |        21.00 |     1.00 |      100.00 |    24.00 | 198574.00 |                        1522.84 |     31979.64 |
+-----+--------------+----------+-------------+----------+-----------+--------------------------------+--------------+
| 118 |        20.00 |     1.00 |      100.00 |    24.00 | 198574.00 |                        1549.79 |     30995.80 |
+-----+--------------+----------+-------------+----------+-----------+--------------------------------+--------------+
| 119 |        21.00 |     1.00 |      100.00 |    24.00 | 198574.00 |                        1540.87 |     32358.27 |
+-----+--------------+----------+-------------+----------+-----------+--------------------------------+--------------+
| 120 |       178.00 |     1.00 |     1000.00 |    24.00 | 198574.00 |                       26982.16 |   4802824.48 |
+-----+--------------+----------+-------------+----------+-----------+--------------------------------+--------------+
| 121 |       180.00 |     1.00 |     1000.00 |    24.00 | 198574.00 |                       27035.14 |   4866325.20 |
+-----+--------------+----------+-------------+----------+-----------+--------------------------------+--------------+
| 122 |       181.00 |     1.00 |     1000.00 |    24.00 | 198574.00 |                       27067.94 |   4899297.14 |
+-----+--------------+----------+-------------+----------+-----------+--------------------------------+--------------+
| 123 |       178.00 |     1.00 |     1000.00 |    24.00 | 198574.00 |                       26981.06 |   4802628.68 |
+-----+--------------+----------+-------------+----------+-----------+--------------------------------+--------------+
| 124 |        33.00 |     1.00 |      100.00 |     2.00 | 198574.00 |                        2877.19 |     94947.27 |
+-----+--------------+----------+-------------+----------+-----------+--------------------------------+--------------+
| 125 |        30.00 |     1.00 |      100.00 |     2.00 | 198574.00 |                        1996.35 |     59890.50 |
+-----+--------------+----------+-------------+----------+-----------+--------------------------------+--------------+
| 126 |        30.00 |     1.00 |      100.00 |     2.00 | 198574.00 |                        2207.63 |     66228.90 |
+-----+--------------+----------+-------------+----------+-----------+--------------------------------+--------------+
| 127 |        30.00 |     1.00 |      100.00 |     2.00 | 198574.00 |                        1916.57 |     57497.10 |
+-----+--------------+----------+-------------+----------+-----------+--------------------------------+--------------+
| 128 |       283.00 |     1.00 |     1000.00 |     2.00 | 198574.00 |                       26190.70 |   7411968.10 |
+-----+--------------+----------+-------------+----------+-----------+--------------------------------+--------------+
| 129 |       285.00 |     1.00 |     1000.00 |     2.00 | 198574.00 |                       26165.91 |   7457284.35 |
+-----+--------------+----------+-------------+----------+-----------+--------------------------------+--------------+
| 130 |       285.00 |     1.00 |     1000.00 |     2.00 | 198574.00 |                       26161.85 |   7456127.25 |
+-----+--------------+----------+-------------+----------+-----------+--------------------------------+--------------+
| 131 |       283.00 |     1.00 |     1000.00 |     2.00 | 198574.00 |                       27375.95 |   7747393.85 |
+-----+--------------+----------+-------------+----------+-----------+--------------------------------+--------------+
| 132 |        53.00 |     1.00 |      100.00 |    48.00 | 242689.00 |                       11502.69 |    609642.57 |
+-----+--------------+----------+-------------+----------+-----------+--------------------------------+--------------+
| 133 |        51.00 |     1.00 |      100.00 |    48.00 | 242689.00 |                        9263.15 |    472420.65 |
+-----+--------------+----------+-------------+----------+-----------+--------------------------------+--------------+
| 134 |        59.00 |     1.00 |      100.00 |    48.00 | 242689.00 |                       11637.39 |    686606.01 |
+-----+--------------+----------+-------------+----------+-----------+--------------------------------+--------------+
| 135 |        54.00 |     1.00 |      100.00 |    48.00 | 242689.00 |                       11568.91 |    624721.14 |
+-----+--------------+----------+-------------+----------+-----------+--------------------------------+--------------+
| 136 |       495.00 |     1.00 |     1000.00 |    48.00 | 242689.00 |                      112731.32 |  55802003.40 |
+-----+--------------+----------+-------------+----------+-----------+--------------------------------+--------------+
| 137 |       491.00 |     1.00 |     1000.00 |    48.00 | 242689.00 |                      110628.05 |  54318372.55 |
+-----+--------------+----------+-------------+----------+-----------+--------------------------------+--------------+
| 138 |       549.00 |     1.00 |     1000.00 |    48.00 | 242689.00 |                      132495.41 |  72739980.09 |
+-----+--------------+----------+-------------+----------+-----------+--------------------------------+--------------+
| 139 |       551.00 |     1.00 |     1000.00 |    48.00 | 242689.00 |                      135291.47 |  74545599.97 |
+-----+--------------+----------+-------------+----------+-----------+--------------------------------+--------------+
| 140 |        31.00 |     1.00 |      100.00 |    24.00 | 242689.00 |                        3215.42 |     99678.02 |
+-----+--------------+----------+-------------+----------+-----------+--------------------------------+--------------+
| 141 |        31.00 |     1.00 |      100.00 |    24.00 | 242689.00 |                        3216.88 |     99723.28 |
+-----+--------------+----------+-------------+----------+-----------+--------------------------------+--------------+
| 142 |        31.00 |     1.00 |      100.00 |    24.00 | 242689.00 |                        3222.63 |     99901.53 |
+-----+--------------+----------+-------------+----------+-----------+--------------------------------+--------------+
| 143 |        31.00 |     1.00 |      100.00 |    24.00 | 242689.00 |                        3216.81 |     99721.11 |
+-----+--------------+----------+-------------+----------+-----------+--------------------------------+--------------+
| 144 |       290.00 |     1.00 |     1000.00 |    24.00 | 242689.00 |                       45997.90 |  13339391.00 |
+-----+--------------+----------+-------------+----------+-----------+--------------------------------+--------------+
| 145 |       301.00 |     1.00 |     1000.00 |    24.00 | 242689.00 |                       44424.24 |  13371696.24 |
+-----+--------------+----------+-------------+----------+-----------+--------------------------------+--------------+
| 146 |       285.00 |     1.00 |     1000.00 |    24.00 | 242689.00 |                       44509.68 |  12685258.80 |
+-----+--------------+----------+-------------+----------+-----------+--------------------------------+--------------+
| 147 |       299.00 |     1.00 |     1000.00 |    24.00 | 242689.00 |                       47546.80 |  14216493.20 |
+-----+--------------+----------+-------------+----------+-----------+--------------------------------+--------------+
| 148 |        51.00 |     1.00 |      100.00 |     2.00 | 242689.00 |                        4030.41 |    205550.91 |
+-----+--------------+----------+-------------+----------+-----------+--------------------------------+--------------+
| 149 |        51.00 |     1.00 |      100.00 |     2.00 | 242689.00 |                        4027.53 |    205404.03 |
+-----+--------------+----------+-------------+----------+-----------+--------------------------------+--------------+
| 150 |        59.00 |     1.00 |      100.00 |     2.00 | 242689.00 |                        4020.97 |    237237.23 |
+-----+--------------+----------+-------------+----------+-----------+--------------------------------+--------------+
| 151 |        51.00 |     1.00 |      100.00 |     2.00 | 242689.00 |                        4021.82 |    205112.82 |
+-----+--------------+----------+-------------+----------+-----------+--------------------------------+--------------+
| 152 |       499.00 |     1.00 |     1000.00 |     2.00 | 242689.00 |                       48631.97 |  24267353.03 |
+-----+--------------+----------+-------------+----------+-----------+--------------------------------+--------------+
| 153 |       501.00 |     1.00 |     1000.00 |     2.00 | 242689.00 |                       48597.04 |  24347117.04 |
+-----+--------------+----------+-------------+----------+-----------+--------------------------------+--------------+
| 154 |       498.00 |     1.00 |     1000.00 |     2.00 | 242689.00 |                       48672.63 |  24238969.74 |
+-----+--------------+----------+-------------+----------+-----------+--------------------------------+--------------+
| 155 |       500.00 |     1.00 |     1000.00 |     2.00 | 242689.00 |                       48670.38 |  24335190.00 |
+-----+--------------+----------+-------------+----------+-----------+--------------------------------+--------------+
| 156 |        63.00 |     1.00 |      100.00 |    48.00 | 287037.00 |                       11452.45 |    721504.35 |
+-----+--------------+----------+-------------+----------+-----------+--------------------------------+--------------+
| 157 |        53.00 |     1.00 |      100.00 |    48.00 | 287037.00 |                       11550.67 |    612185.51 |
+-----+--------------+----------+-------------+----------+-----------+--------------------------------+--------------+
| 158 |        65.00 |     1.00 |      100.00 |    48.00 | 287037.00 |                       13786.70 |    896135.50 |
+-----+--------------+----------+-------------+----------+-----------+--------------------------------+--------------+
| 159 |        61.00 |     1.00 |      100.00 |    48.00 | 287037.00 |                       11492.18 |    701022.98 |
+-----+--------------+----------+-------------+----------+-----------+--------------------------------+--------------+
| 160 |       596.00 |     1.00 |     1000.00 |    48.00 | 287037.00 |                      135464.29 |  80736716.84 |
+-----+--------------+----------+-------------+----------+-----------+--------------------------------+--------------+
| 161 |       610.00 |     1.00 |     1000.00 |    48.00 | 287037.00 |                      138359.45 |  84399264.50 |
+-----+--------------+----------+-------------+----------+-----------+--------------------------------+--------------+
| 162 |       572.00 |     1.00 |     1000.00 |    48.00 | 287037.00 |                      127856.70 |  73134032.40 |
+-----+--------------+----------+-------------+----------+-----------+--------------------------------+--------------+
| 163 |       601.00 |     1.00 |     1000.00 |    48.00 | 287037.00 |                      133461.70 |  80210481.70 |
+-----+--------------+----------+-------------+----------+-----------+--------------------------------+--------------+
| 164 |        32.00 |     1.00 |      100.00 |    24.00 | 287037.00 |                        3178.98 |    101727.36 |
+-----+--------------+----------+-------------+----------+-----------+--------------------------------+--------------+
| 165 |        32.00 |     1.00 |      100.00 |    24.00 | 287037.00 |                        4775.13 |    152804.16 |
+-----+--------------+----------+-------------+----------+-----------+--------------------------------+--------------+
| 166 |        32.00 |     1.00 |      100.00 |    24.00 | 287037.00 |                        4773.92 |    152765.44 |
+-----+--------------+----------+-------------+----------+-----------+--------------------------------+--------------+
| 167 |        32.00 |     1.00 |      100.00 |    24.00 | 287037.00 |                        4778.94 |    152926.08 |
+-----+--------------+----------+-------------+----------+-----------+--------------------------------+--------------+
| 168 |       308.00 |     1.00 |     1000.00 |    24.00 | 287037.00 |                       46866.23 |  14434798.84 |
+-----+--------------+----------+-------------+----------+-----------+--------------------------------+--------------+
| 169 |       320.00 |     1.00 |     1000.00 |    24.00 | 287037.00 |                       50259.29 |  16082972.80 |
+-----+--------------+----------+-------------+----------+-----------+--------------------------------+--------------+
| 170 |       303.00 |     1.00 |     1000.00 |    24.00 | 287037.00 |                       46958.70 |  14228486.10 |
+-----+--------------+----------+-------------+----------+-----------+--------------------------------+--------------+
| 171 |       302.00 |     1.00 |     1000.00 |    24.00 | 287037.00 |                       46947.29 |  14178081.58 |
+-----+--------------+----------+-------------+----------+-----------+--------------------------------+--------------+
| 172 |        31.00 |     1.00 |      100.00 |     2.00 | 287037.00 |                        1998.13 |     61942.03 |
+-----+--------------+----------+-------------+----------+-----------+--------------------------------+--------------+
| 173 |        32.00 |     1.00 |      100.00 |     2.00 | 287037.00 |                        2993.93 |     95805.76 |
+-----+--------------+----------+-------------+----------+-----------+--------------------------------+--------------+
| 174 |        32.00 |     1.00 |      100.00 |     2.00 | 287037.00 |                        1981.40 |     63404.80 |
+-----+--------------+----------+-------------+----------+-----------+--------------------------------+--------------+
| 175 |        31.00 |     1.00 |      100.00 |     2.00 | 287037.00 |                        1987.65 |     61617.15 |
+-----+--------------+----------+-------------+----------+-----------+--------------------------------+--------------+
| 176 |       301.00 |     1.00 |     1000.00 |     2.00 | 287037.00 |                       29182.62 |   8783968.62 |
+-----+--------------+----------+-------------+----------+-----------+--------------------------------+--------------+
| 177 |       301.00 |     1.00 |     1000.00 |     2.00 | 287037.00 |                       29180.48 |   8783324.48 |
+-----+--------------+----------+-------------+----------+-----------+--------------------------------+--------------+
| 178 |       301.00 |     1.00 |     1000.00 |     2.00 | 287037.00 |                       29162.17 |   8777813.17 |
+-----+--------------+----------+-------------+----------+-----------+--------------------------------+--------------+
| 179 |       303.00 |     1.00 |     1000.00 |     2.00 | 287037.00 |                       29215.20 |   8852205.60 |
+-----+--------------+----------+-------------+----------+-----------+--------------------------------+--------------+
| 180 |        55.00 |     1.00 |      100.00 |    48.00 | 231143.00 |                       11446.59 |    629562.45 |
+-----+--------------+----------+-------------+----------+-----------+--------------------------------+--------------+
| 181 |        55.00 |     1.00 |      100.00 |    48.00 | 231143.00 |                       11515.03 |    633326.65 |
+-----+--------------+----------+-------------+----------+-----------+--------------------------------+--------------+
| 182 |        56.00 |     1.00 |      100.00 |    48.00 | 231143.00 |                       11483.97 |    643102.32 |
+-----+--------------+----------+-------------+----------+-----------+--------------------------------+--------------+
| 183 |        55.00 |     1.00 |      100.00 |    48.00 | 231143.00 |                       11479.38 |    631365.90 |
+-----+--------------+----------+-------------+----------+-----------+--------------------------------+--------------+
| 184 |       475.00 |     1.00 |     1000.00 |    48.00 | 231143.00 |                      107550.01 |  51086254.75 |
+-----+--------------+----------+-------------+----------+-----------+--------------------------------+--------------+
| 185 |       483.00 |     1.00 |     1000.00 |    48.00 | 231143.00 |                      109142.31 |  52715735.73 |
+-----+--------------+----------+-------------+----------+-----------+--------------------------------+--------------+
| 186 |       525.00 |     1.00 |     1000.00 |    48.00 | 231143.00 |                      119067.40 |  62510385.00 |
+-----+--------------+----------+-------------+----------+-----------+--------------------------------+--------------+
| 187 |       485.00 |     1.00 |     1000.00 |    48.00 | 231143.00 |                      109622.47 |  53166897.95 |
+-----+--------------+----------+-------------+----------+-----------+--------------------------------+--------------+
| 188 |        30.00 |     1.00 |      100.00 |    24.00 | 231143.00 |                        3202.07 |     96062.10 |
+-----+--------------+----------+-------------+----------+-----------+--------------------------------+--------------+
| 189 |        31.00 |     1.00 |      100.00 |    24.00 | 231143.00 |                        2882.87 |     89368.97 |
+-----+--------------+----------+-------------+----------+-----------+--------------------------------+--------------+
| 190 |        30.00 |     1.00 |      100.00 |    24.00 | 231143.00 |                        3058.61 |     91758.30 |
+-----+--------------+----------+-------------+----------+-----------+--------------------------------+--------------+
| 191 |        30.00 |     1.00 |      100.00 |    24.00 | 231143.00 |                        3084.29 |     92528.70 |
+-----+--------------+----------+-------------+----------+-----------+--------------------------------+--------------+
| 192 |       281.00 |     1.00 |     1000.00 |    24.00 | 231143.00 |                       42540.51 |  11953883.31 |
+-----+--------------+----------+-------------+----------+-----------+--------------------------------+--------------+
| 193 |       286.00 |     1.00 |     1000.00 |    24.00 | 231143.00 |                       42464.06 |  12144721.16 |
+-----+--------------+----------+-------------+----------+-----------+--------------------------------+--------------+
| 194 |       292.00 |     1.00 |     1000.00 |    24.00 | 231143.00 |                       43719.46 |  12766082.32 |
+-----+--------------+----------+-------------+----------+-----------+--------------------------------+--------------+
| 195 |       278.00 |     1.00 |     1000.00 |    24.00 | 231143.00 |                       43753.05 |  12163347.90 |
+-----+--------------+----------+-------------+----------+-----------+--------------------------------+--------------+
| 196 |        33.00 |     1.00 |      100.00 |     2.00 | 231143.00 |                        2999.86 |     98995.38 |
+-----+--------------+----------+-------------+----------+-----------+--------------------------------+--------------+
| 197 |        33.00 |     1.00 |      100.00 |     2.00 | 231143.00 |                        3005.78 |     99190.74 |
+-----+--------------+----------+-------------+----------+-----------+--------------------------------+--------------+
| 198 |        33.00 |     1.00 |      100.00 |     2.00 | 231143.00 |                        2996.91 |     98898.03 |
+-----+--------------+----------+-------------+----------+-----------+--------------------------------+--------------+
| 199 |        33.00 |     1.00 |      100.00 |     2.00 | 231143.00 |                        2983.47 |     98454.51 |
+-----+--------------+----------+-------------+----------+-----------+--------------------------------+--------------+
| 200 |       323.00 |     1.00 |     1000.00 |     2.00 | 231143.00 |                       31147.26 |  10060564.98 |
+-----+--------------+----------+-------------+----------+-----------+--------------------------------+--------------+
| 201 |       321.00 |     1.00 |     1000.00 |     2.00 | 231143.00 |                       31186.77 |  10010953.17 |
+-----+--------------+----------+-------------+----------+-----------+--------------------------------+--------------+
| 202 |       322.00 |     1.00 |     1000.00 |     2.00 | 231143.00 |                       31230.49 |  10056217.78 |
+-----+--------------+----------+-------------+----------+-----------+--------------------------------+--------------+
| 203 |       320.00 |     1.00 |     1000.00 |     2.00 | 231143.00 |                       31201.01 |   9984323.20 |
+-----+--------------+----------+-------------+----------+-----------+--------------------------------+--------------+
| 204 |        54.00 |     1.00 |      100.00 |    48.00 | 272549.00 |                       11451.41 |    618376.14 |
+-----+--------------+----------+-------------+----------+-----------+--------------------------------+--------------+
| 205 |        52.00 |     1.00 |      100.00 |    48.00 | 272549.00 |                        9142.90 |    475430.80 |
+-----+--------------+----------+-------------+----------+-----------+--------------------------------+--------------+
| 206 |        53.00 |     1.00 |      100.00 |    48.00 | 272549.00 |                        9164.65 |    485726.45 |
+-----+--------------+----------+-------------+----------+-----------+--------------------------------+--------------+
| 207 |        53.00 |     1.00 |      100.00 |    48.00 | 272549.00 |                       11423.60 |    605450.80 |
+-----+--------------+----------+-------------+----------+-----------+--------------------------------+--------------+
| 208 |       476.00 |     1.00 |     1000.00 |    48.00 | 272549.00 |                      107216.66 |  51035130.16 |
+-----+--------------+----------+-------------+----------+-----------+--------------------------------+--------------+
| 209 |       496.00 |     1.00 |     1000.00 |    48.00 | 272549.00 |                      110452.27 |  54784325.92 |
+-----+--------------+----------+-------------+----------+-----------+--------------------------------+--------------+
| 210 |       488.00 |     1.00 |     1000.00 |    48.00 | 272549.00 |                      108640.18 |  53016407.84 |
+-----+--------------+----------+-------------+----------+-----------+--------------------------------+--------------+
| 211 |       502.00 |     1.00 |     1000.00 |    48.00 | 272549.00 |                      111198.71 |  55821752.42 |
+-----+--------------+----------+-------------+----------+-----------+--------------------------------+--------------+
| 212 |        28.00 |     1.00 |      100.00 |    24.00 | 272549.00 |                        3193.40 |     89415.20 |
+-----+--------------+----------+-------------+----------+-----------+--------------------------------+--------------+
| 213 |        29.00 |     1.00 |      100.00 |    24.00 | 272549.00 |                        3172.95 |     92015.55 |
+-----+--------------+----------+-------------+----------+-----------+--------------------------------+--------------+
| 214 |        30.00 |     1.00 |      100.00 |    24.00 | 272549.00 |                        3121.78 |     93653.40 |
+-----+--------------+----------+-------------+----------+-----------+--------------------------------+--------------+
| 215 |        28.00 |     1.00 |      100.00 |    24.00 | 272549.00 |                        3166.93 |     88674.04 |
+-----+--------------+----------+-------------+----------+-----------+--------------------------------+--------------+
| 216 |       264.00 |     1.00 |     1000.00 |    24.00 | 272549.00 |                       40400.46 |  10665721.44 |
+-----+--------------+----------+-------------+----------+-----------+--------------------------------+--------------+
| 217 |       259.00 |     1.00 |     1000.00 |    24.00 | 272549.00 |                       40430.81 |  10471579.79 |
+-----+--------------+----------+-------------+----------+-----------+--------------------------------+--------------+
| 218 |       258.00 |     1.00 |     1000.00 |    24.00 | 272549.00 |                       40450.65 |  10436267.70 |
+-----+--------------+----------+-------------+----------+-----------+--------------------------------+--------------+
| 219 |       259.00 |     1.00 |     1000.00 |    24.00 | 272549.00 |                       40429.80 |  10471318.20 |
+-----+--------------+----------+-------------+----------+-----------+--------------------------------+--------------+
| 220 |        28.00 |     1.00 |      100.00 |     2.00 | 272549.00 |                        1987.69 |     55655.32 |
+-----+--------------+----------+-------------+----------+-----------+--------------------------------+--------------+
| 221 |        27.00 |     1.00 |      100.00 |     2.00 | 272549.00 |                        1992.22 |     53789.94 |
+-----+--------------+----------+-------------+----------+-----------+--------------------------------+--------------+
| 222 |        27.00 |     1.00 |      100.00 |     2.00 | 272549.00 |                        1983.36 |     53550.72 |
+-----+--------------+----------+-------------+----------+-----------+--------------------------------+--------------+
| 223 |        27.00 |     1.00 |      100.00 |     2.00 | 272549.00 |                        1993.15 |     53815.05 |
+-----+--------------+----------+-------------+----------+-----------+--------------------------------+--------------+
| 224 |       255.00 |     1.00 |     1000.00 |     2.00 | 272549.00 |                       24123.37 |   6151459.35 |
+-----+--------------+----------+-------------+----------+-----------+--------------------------------+--------------+
| 225 |       254.00 |     1.00 |     1000.00 |     2.00 | 272549.00 |                       24195.10 |   6145555.40 |
+-----+--------------+----------+-------------+----------+-----------+--------------------------------+--------------+
| 226 |       857.00 |     1.00 |     1000.00 |     2.00 | 272549.00 |                       44060.41 |  37759771.37 |
+-----+--------------+----------+-------------+----------+-----------+--------------------------------+--------------+
| 227 |       255.00 |     1.00 |     1000.00 |     2.00 | 272549.00 |                       24088.34 |   6142526.70 |
+-----+--------------+----------+-------------+----------+-----------+--------------------------------+--------------+
| 228 |        85.00 |     1.00 |      100.00 |    48.00 | 377019.00 |                       18448.87 |   1568153.95 |
+-----+--------------+----------+-------------+----------+-----------+--------------------------------+--------------+
| 229 |        89.00 |     1.00 |      100.00 |    48.00 | 377019.00 |                       18089.72 |   1609985.08 |
+-----+--------------+----------+-------------+----------+-----------+--------------------------------+--------------+
| 230 |        77.00 |     1.00 |      100.00 |    48.00 | 377019.00 |                       16107.23 |   1240256.71 |
+-----+--------------+----------+-------------+----------+-----------+--------------------------------+--------------+
| 231 |        75.00 |     1.00 |      100.00 |    48.00 | 377019.00 |                       16135.74 |   1210180.50 |
+-----+--------------+----------+-------------+----------+-----------+--------------------------------+--------------+
| 232 |       756.00 |     1.00 |     1000.00 |    48.00 | 377019.00 |                      169360.02 | 128036175.12 |
+-----+--------------+----------+-------------+----------+-----------+--------------------------------+--------------+
| 233 |       847.00 |     1.00 |     1000.00 |    48.00 | 377019.00 |                      193440.06 | 163843730.82 |
+-----+--------------+----------+-------------+----------+-----------+--------------------------------+--------------+
| 234 |       722.00 |     1.00 |     1000.00 |    48.00 | 377019.00 |                      165916.63 | 119791806.86 |
+-----+--------------+----------+-------------+----------+-----------+--------------------------------+--------------+
| 235 |       885.00 |     1.00 |     1000.00 |    48.00 | 377019.00 |                      202920.01 | 179584208.85 |
+-----+--------------+----------+-------------+----------+-----------+--------------------------------+--------------+
| 236 |        51.00 |     1.00 |      100.00 |    24.00 | 377019.00 |                        6587.13 |    335943.63 |
+-----+--------------+----------+-------------+----------+-----------+--------------------------------+--------------+
| 237 |        52.00 |     1.00 |      100.00 |    24.00 | 377019.00 |                        6556.99 |    340963.48 |
+-----+--------------+----------+-------------+----------+-----------+--------------------------------+--------------+
| 238 |        52.00 |     1.00 |      100.00 |    24.00 | 377019.00 |                        8224.49 |    427673.48 |
+-----+--------------+----------+-------------+----------+-----------+--------------------------------+--------------+
| 239 |        52.00 |     1.00 |      100.00 |    24.00 | 377019.00 |                        6558.71 |    341052.92 |
+-----+--------------+----------+-------------+----------+-----------+--------------------------------+--------------+
| 240 |       511.00 |     1.00 |     1000.00 |    24.00 | 377019.00 |                       81508.19 |  41650685.09 |
+-----+--------------+----------+-------------+----------+-----------+--------------------------------+--------------+
| 241 |       514.00 |     1.00 |     1000.00 |    24.00 | 377019.00 |                       82905.72 |  42613540.08 |
+-----+--------------+----------+-------------+----------+-----------+--------------------------------+--------------+
| 242 |       517.00 |     1.00 |     1000.00 |    24.00 | 377019.00 |                       83141.74 |  42984279.58 |
+-----+--------------+----------+-------------+----------+-----------+--------------------------------+--------------+
| 243 |       507.00 |     1.00 |     1000.00 |    24.00 | 377019.00 |                       81652.32 |  41397726.24 |
+-----+--------------+----------+-------------+----------+-----------+--------------------------------+--------------+
| 244 |       107.00 |     1.00 |      100.00 |     2.00 | 377019.00 |                       10210.36 |   1092508.52 |
+-----+--------------+----------+-------------+----------+-----------+--------------------------------+--------------+
| 245 |       114.00 |     1.00 |      100.00 |     2.00 | 377019.00 |                       10161.12 |   1158367.68 |
+-----+--------------+----------+-------------+----------+-----------+--------------------------------+--------------+
| 246 |       106.00 |     1.00 |      100.00 |     2.00 | 377019.00 |                       10213.86 |   1082669.16 |
+-----+--------------+----------+-------------+----------+-----------+--------------------------------+--------------+
| 247 |       106.00 |     1.00 |      100.00 |     2.00 | 377019.00 |                       10179.91 |   1079070.46 |
+-----+--------------+----------+-------------+----------+-----------+--------------------------------+--------------+
| 248 |      1069.00 |     1.00 |     1000.00 |     2.00 | 377019.00 |                      106119.00 | 113441211.00 |
+-----+--------------+----------+-------------+----------+-----------+--------------------------------+--------------+
| 249 |      1083.00 |     1.00 |     1000.00 |     2.00 | 377019.00 |                      115351.25 | 124925403.75 |
+-----+--------------+----------+-------------+----------+-----------+--------------------------------+--------------+
| 250 |      1085.00 |     1.00 |     1000.00 |     2.00 | 377019.00 |                      108156.84 | 117350171.40 |
+-----+--------------+----------+-------------+----------+-----------+--------------------------------+--------------+
| 251 |      1106.00 |     1.00 |     1000.00 |     2.00 | 377019.00 |                      109699.84 | 121328023.04 |
+-----+--------------+----------+-------------+----------+-----------+--------------------------------+--------------+
| 252 |       329.00 |     1.00 |      100.00 |    48.00 | 484520.00 |                       29467.45 |   9694791.05 |
+-----+--------------+----------+-------------+----------+-----------+--------------------------------+--------------+
| 253 |       161.00 |     1.00 |      100.00 |    48.00 | 484520.00 |                       34535.21 |   5560168.81 |
+-----+--------------+----------+-------------+----------+-----------+--------------------------------+--------------+
| 254 |       151.00 |     1.00 |      100.00 |    48.00 | 484520.00 |                       32407.10 |   4893472.10 |
+-----+--------------+----------+-------------+----------+-----------+--------------------------------+--------------+
| 255 |       149.00 |     1.00 |      100.00 |    48.00 | 484520.00 |                       32209.03 |   4799145.47 |
+-----+--------------+----------+-------------+----------+-----------+--------------------------------+--------------+
| 256 |        89.00 |     1.00 |      100.00 |    24.00 | 484520.00 |                       13363.07 |   1189313.23 |
+-----+--------------+----------+-------------+----------+-----------+--------------------------------+--------------+
| 257 |        95.00 |     1.00 |      100.00 |    24.00 | 484520.00 |                       14244.27 |   1353205.65 |
+-----+--------------+----------+-------------+----------+-----------+--------------------------------+--------------+
| 258 |        89.00 |     1.00 |      100.00 |    24.00 | 484520.00 |                       12949.94 |   1152544.66 |
+-----+--------------+----------+-------------+----------+-----------+--------------------------------+--------------+
| 259 |        90.00 |     1.00 |      100.00 |    24.00 | 484520.00 |                       12909.29 |   1161836.10 |
+-----+--------------+----------+-------------+----------+-----------+--------------------------------+--------------+
| 260 |       881.00 |     1.00 |     1000.00 |    24.00 | 484520.00 |                      138347.71 | 121884332.51 |
+-----+--------------+----------+-------------+----------+-----------+--------------------------------+--------------+
| 261 |       889.00 |     1.00 |     1000.00 |    24.00 | 484520.00 |                      144164.56 | 128162293.84 |
+-----+--------------+----------+-------------+----------+-----------+--------------------------------+--------------+
| 262 |       891.00 |     1.00 |     1000.00 |    24.00 | 484520.00 |                      144250.81 | 128527471.71 |
+-----+--------------+----------+-------------+----------+-----------+--------------------------------+--------------+
| 263 |       885.00 |     1.00 |     1000.00 |    24.00 | 484520.00 |                      144443.68 | 127832656.80 |
+-----+--------------+----------+-------------+----------+-----------+--------------------------------+--------------+
| 264 |       229.00 |     1.00 |      100.00 |     2.00 | 484520.00 |                       22664.05 |   5190067.45 |
+-----+--------------+----------+-------------+----------+-----------+--------------------------------+--------------+
| 265 |       227.00 |     1.00 |      100.00 |     2.00 | 484520.00 |                       22528.29 |   5113921.83 |
+-----+--------------+----------+-------------+----------+-----------+--------------------------------+--------------+
| 266 |       228.00 |     1.00 |      100.00 |     2.00 | 484520.00 |                       22480.24 |   5125494.72 |
+-----+--------------+----------+-------------+----------+-----------+--------------------------------+--------------+
| 267 |       227.00 |     1.00 |      100.00 |     2.00 | 484520.00 |                       22478.73 |   5102671.71 |
+-----+--------------+----------+-------------+----------+-----------+--------------------------------+--------------+
| 268 |        67.00 |     5.00 |     1000.00 |    48.00 | 187026.00 |                       73596.04 |   4930934.68 |
+-----+--------------+----------+-------------+----------+-----------+--------------------------------+--------------+
| 269 |        65.00 |     5.00 |     1000.00 |    48.00 | 187026.00 |                       74049.30 |   4813204.50 |
+-----+--------------+----------+-------------+----------+-----------+--------------------------------+--------------+
| 270 |        63.00 |     5.00 |     1000.00 |    48.00 | 187026.00 |                       74360.76 |   4684727.88 |
+-----+--------------+----------+-------------+----------+-----------+--------------------------------+--------------+
| 271 |        59.00 |     5.00 |     1000.00 |    48.00 | 187026.00 |                       61036.18 |   3601134.62 |
+-----+--------------+----------+-------------+----------+-----------+--------------------------------+--------------+
| 272 |        35.00 |     5.00 |     1000.00 |    24.00 | 187026.00 |                       25085.51 |    877992.85 |
+-----+--------------+----------+-------------+----------+-----------+--------------------------------+--------------+
| 273 |        42.00 |     5.00 |     1000.00 |    24.00 | 187026.00 |                       24962.24 |   1048414.08 |
+-----+--------------+----------+-------------+----------+-----------+--------------------------------+--------------+
| 274 |        26.00 |     5.00 |     1000.00 |    24.00 | 187026.00 |                       16374.20 |    425729.20 |
+-----+--------------+----------+-------------+----------+-----------+--------------------------------+--------------+
| 275 |        26.00 |     5.00 |     1000.00 |    24.00 | 187026.00 |                       16509.17 |    429238.42 |
+-----+--------------+----------+-------------+----------+-----------+--------------------------------+--------------+
| 276 |        33.00 |     5.00 |     1000.00 |     2.00 | 187026.00 |                       15686.45 |    517652.85 |
+-----+--------------+----------+-------------+----------+-----------+--------------------------------+--------------+
| 277 |        29.00 |     5.00 |     1000.00 |     2.00 | 187026.00 |                       10565.33 |    306394.57 |
+-----+--------------+----------+-------------+----------+-----------+--------------------------------+--------------+
| 278 |        32.00 |     5.00 |     1000.00 |     2.00 | 187026.00 |                       10425.92 |    333629.44 |
+-----+--------------+----------+-------------+----------+-----------+--------------------------------+--------------+
| 279 |        34.00 |     5.00 |     1000.00 |     2.00 | 187026.00 |                       15449.33 |    525277.22 |
+-----+--------------+----------+-------------+----------+-----------+--------------------------------+--------------+
| 280 |        87.00 |     5.00 |     1000.00 |    48.00 | 198574.00 |                       97053.38 |   8443644.06 |
+-----+--------------+----------+-------------+----------+-----------+--------------------------------+--------------+
| 281 |        86.00 |     5.00 |     1000.00 |    48.00 | 198574.00 |                       97166.84 |   8356348.24 |
+-----+--------------+----------+-------------+----------+-----------+--------------------------------+--------------+
| 282 |        77.00 |     5.00 |     1000.00 |    48.00 | 198574.00 |                       82358.33 |   6341591.41 |
+-----+--------------+----------+-------------+----------+-----------+--------------------------------+--------------+
| 283 |        87.00 |     5.00 |     1000.00 |    48.00 | 198574.00 |                       98211.23 |   8544377.01 |
+-----+--------------+----------+-------------+----------+-----------+--------------------------------+--------------+
| 284 |        43.00 |     5.00 |     1000.00 |    24.00 | 198574.00 |                       33359.69 |   1434466.67 |
+-----+--------------+----------+-------------+----------+-----------+--------------------------------+--------------+
| 285 |        43.00 |     5.00 |     1000.00 |    24.00 | 198574.00 |                       32728.68 |   1407333.24 |
+-----+--------------+----------+-------------+----------+-----------+--------------------------------+--------------+
| 286 |        45.00 |     5.00 |     1000.00 |    24.00 | 198574.00 |                       31979.46 |   1439075.70 |
+-----+--------------+----------+-------------+----------+-----------+--------------------------------+--------------+
| 287 |        42.00 |     5.00 |     1000.00 |    24.00 | 198574.00 |                       25418.10 |   1067560.20 |
+-----+--------------+----------+-------------+----------+-----------+--------------------------------+--------------+
| 288 |        60.00 |     5.00 |     1000.00 |     2.00 | 198574.00 |                       26233.49 |   1574009.40 |
+-----+--------------+----------+-------------+----------+-----------+--------------------------------+--------------+
| 289 |        59.00 |     5.00 |     1000.00 |     2.00 | 198574.00 |                       26242.65 |   1548316.35 |
+-----+--------------+----------+-------------+----------+-----------+--------------------------------+--------------+
| 290 |        59.00 |     5.00 |     1000.00 |     2.00 | 198574.00 |                       26306.91 |   1552107.69 |
+-----+--------------+----------+-------------+----------+-----------+--------------------------------+--------------+
| 291 |        59.00 |     5.00 |     1000.00 |     2.00 | 198574.00 |                       26336.50 |   1553853.50 |
+-----+--------------+----------+-------------+----------+-----------+--------------------------------+--------------+
| 292 |        14.00 |     5.00 |      100.00 |    48.00 | 242689.00 |                       11522.73 |    161318.22 |
+-----+--------------+----------+-------------+----------+-----------+--------------------------------+--------------+
| 293 |        13.00 |     5.00 |      100.00 |    48.00 | 242689.00 |                       11611.47 |    150949.11 |
+-----+--------------+----------+-------------+----------+-----------+--------------------------------+--------------+
| 294 |        14.00 |     5.00 |      100.00 |    48.00 | 242689.00 |                       11566.92 |    161936.88 |
+-----+--------------+----------+-------------+----------+-----------+--------------------------------+--------------+
| 295 |        14.00 |     5.00 |      100.00 |    48.00 | 242689.00 |                       11646.92 |    163056.88 |
+-----+--------------+----------+-------------+----------+-----------+--------------------------------+--------------+
| 296 |       117.00 |     5.00 |     1000.00 |    48.00 | 242689.00 |                      132484.45 |  15500680.65 |
+-----+--------------+----------+-------------+----------+-----------+--------------------------------+--------------+
| 297 |       135.00 |     5.00 |     1000.00 |    48.00 | 242689.00 |                      157221.93 |  21224960.55 |
+-----+--------------+----------+-------------+----------+-----------+--------------------------------+--------------+
| 298 |       128.00 |     5.00 |     1000.00 |    48.00 | 242689.00 |                      145921.90 |  18678003.20 |
+-----+--------------+----------+-------------+----------+-----------+--------------------------------+--------------+
| 299 |       113.00 |     5.00 |     1000.00 |    48.00 | 242689.00 |                      120187.41 |  13581177.33 |
+-----+--------------+----------+-------------+----------+-----------+--------------------------------+--------------+
| 300 |        62.00 |     5.00 |     1000.00 |    24.00 | 242689.00 |                       41879.59 |   2596534.58 |
+-----+--------------+----------+-------------+----------+-----------+--------------------------------+--------------+
| 301 |        63.00 |     5.00 |     1000.00 |    24.00 | 242689.00 |                       43663.89 |   2750825.07 |
+-----+--------------+----------+-------------+----------+-----------+--------------------------------+--------------+
| 302 |        88.00 |     5.00 |     1000.00 |    24.00 | 242689.00 |                       67618.96 |   5950468.48 |
+-----+--------------+----------+-------------+----------+-----------+--------------------------------+--------------+
| 303 |        73.00 |     5.00 |     1000.00 |    24.00 | 242689.00 |                       57753.24 |   4215986.52 |
+-----+--------------+----------+-------------+----------+-----------+--------------------------------+--------------+
| 304 |        12.00 |     5.00 |      100.00 |     2.00 | 242689.00 |                        5203.03 |     62436.36 |
+-----+--------------+----------+-------------+----------+-----------+--------------------------------+--------------+
| 305 |        12.00 |     5.00 |      100.00 |     2.00 | 242689.00 |                        5185.70 |     62228.40 |
+-----+--------------+----------+-------------+----------+-----------+--------------------------------+--------------+
| 306 |        15.00 |     5.00 |      100.00 |     2.00 | 242689.00 |                        4635.91 |     69538.65 |
+-----+--------------+----------+-------------+----------+-----------+--------------------------------+--------------+
| 307 |        13.00 |     5.00 |      100.00 |     2.00 | 242689.00 |                        5236.38 |     68072.94 |
+-----+--------------+----------+-------------+----------+-----------+--------------------------------+--------------+
| 308 |       107.00 |     5.00 |     1000.00 |     2.00 | 242689.00 |                       53027.80 |   5673974.60 |
+-----+--------------+----------+-------------+----------+-----------+--------------------------------+--------------+
| 309 |       106.00 |     5.00 |     1000.00 |     2.00 | 242689.00 |                       52941.46 |   5611794.76 |
+-----+--------------+----------+-------------+----------+-----------+--------------------------------+--------------+
| 310 |       108.00 |     5.00 |     1000.00 |     2.00 | 242689.00 |                       52878.95 |   5710926.60 |
+-----+--------------+----------+-------------+----------+-----------+--------------------------------+--------------+
| 311 |       110.00 |     5.00 |     1000.00 |     2.00 | 242689.00 |                       52630.13 |   5789314.30 |
+-----+--------------+----------+-------------+----------+-----------+--------------------------------+--------------+
| 312 |        17.00 |     5.00 |      100.00 |    48.00 | 287037.00 |                       11440.78 |    194493.26 |
+-----+--------------+----------+-------------+----------+-----------+--------------------------------+--------------+
| 313 |        16.00 |     5.00 |      100.00 |    48.00 | 287037.00 |                       11487.43 |    183798.88 |
+-----+--------------+----------+-------------+----------+-----------+--------------------------------+--------------+
| 314 |        19.00 |     5.00 |      100.00 |    48.00 | 287037.00 |                        9735.98 |    184983.62 |
+-----+--------------+----------+-------------+----------+-----------+--------------------------------+--------------+
| 315 |        16.00 |     5.00 |      100.00 |    48.00 | 287037.00 |                       11435.57 |    182969.12 |
+-----+--------------+----------+-------------+----------+-----------+--------------------------------+--------------+
| 316 |       164.00 |     5.00 |     1000.00 |    48.00 | 287037.00 |                      193384.98 |  31715136.72 |
+-----+--------------+----------+-------------+----------+-----------+--------------------------------+--------------+
| 317 |       148.00 |     5.00 |     1000.00 |    48.00 | 287037.00 |                      166848.02 |  24693506.96 |
+-----+--------------+----------+-------------+----------+-----------+--------------------------------+--------------+
| 318 |       148.00 |     5.00 |     1000.00 |    48.00 | 287037.00 |                      167545.11 |  24796676.28 |
+-----+--------------+----------+-------------+----------+-----------+--------------------------------+--------------+
| 319 |       146.00 |     5.00 |     1000.00 |    48.00 | 287037.00 |                      167490.10 |  24453554.60 |
+-----+--------------+----------+-------------+----------+-----------+--------------------------------+--------------+
| 320 |       157.00 |     5.00 |     1000.00 |    24.00 | 287037.00 |                      114081.97 |  17910869.29 |
+-----+--------------+----------+-------------+----------+-----------+--------------------------------+--------------+
| 321 |        77.00 |     5.00 |     1000.00 |    24.00 | 287037.00 |                       58998.25 |   4542865.25 |
+-----+--------------+----------+-------------+----------+-----------+--------------------------------+--------------+
| 322 |        74.00 |     5.00 |     1000.00 |    24.00 | 287037.00 |                       58926.50 |   4360561.00 |
+-----+--------------+----------+-------------+----------+-----------+--------------------------------+--------------+
| 323 |       148.00 |     5.00 |     1000.00 |    24.00 | 287037.00 |                      106801.50 |  15806622.00 |
+-----+--------------+----------+-------------+----------+-----------+--------------------------------+--------------+
| 324 |       207.00 |     5.00 |     1000.00 |     2.00 | 287037.00 |                       92261.32 |  19098093.24 |
+-----+--------------+----------+-------------+----------+-----------+--------------------------------+--------------+
| 325 |        68.00 |     5.00 |     1000.00 |     2.00 | 287037.00 |                       32186.25 |   2188665.00 |
+-----+--------------+----------+-------------+----------+-----------+--------------------------------+--------------+
| 326 |        71.00 |     5.00 |     1000.00 |     2.00 | 287037.00 |                       31783.38 |   2256619.98 |
+-----+--------------+----------+-------------+----------+-----------+--------------------------------+--------------+
| 327 |       210.00 |     5.00 |     1000.00 |     2.00 | 287037.00 |                       91662.40 |  19249104.00 |
+-----+--------------+----------+-------------+----------+-----------+--------------------------------+--------------+
| 328 |        14.00 |     5.00 |      100.00 |    48.00 | 231143.00 |                       11579.16 |    162108.24 |
+-----+--------------+----------+-------------+----------+-----------+--------------------------------+--------------+
| 329 |        15.00 |     5.00 |      100.00 |    48.00 | 231143.00 |                       11676.11 |    175141.65 |
+-----+--------------+----------+-------------+----------+-----------+--------------------------------+--------------+
| 330 |        27.00 |     5.00 |      100.00 |    48.00 | 231143.00 |                       21499.23 |    580479.21 |
+-----+--------------+----------+-------------+----------+-----------+--------------------------------+--------------+
| 331 |        27.00 |     5.00 |      100.00 |    48.00 | 231143.00 |                       21653.61 |    584647.47 |
+-----+--------------+----------+-------------+----------+-----------+--------------------------------+--------------+
| 332 |       235.00 |     5.00 |     1000.00 |    48.00 | 231143.00 |                      246314.45 |  57883895.75 |
+-----+--------------+----------+-------------+----------+-----------+--------------------------------+--------------+
| 333 |       258.00 |     5.00 |     1000.00 |    48.00 | 231143.00 |                      279733.49 |  72171240.42 |
+-----+--------------+----------+-------------+----------+-----------+--------------------------------+--------------+
| 334 |       253.00 |     5.00 |     1000.00 |    48.00 | 231143.00 |                      268192.69 |  67852750.57 |
+-----+--------------+----------+-------------+----------+-----------+--------------------------------+--------------+
| 335 |       256.00 |     5.00 |     1000.00 |    48.00 | 231143.00 |                      270233.20 |  69179699.20 |
+-----+--------------+----------+-------------+----------+-----------+--------------------------------+--------------+
| 336 |        17.00 |     5.00 |      100.00 |    24.00 | 231143.00 |                        7286.42 |    123869.14 |
+-----+--------------+----------+-------------+----------+-----------+--------------------------------+--------------+
| 337 |        18.00 |     5.00 |      100.00 |    24.00 | 231143.00 |                        7202.28 |    129641.04 |
+-----+--------------+----------+-------------+----------+-----------+--------------------------------+--------------+
| 338 |        19.00 |     5.00 |      100.00 |    24.00 | 231143.00 |                        7190.60 |    136621.40 |
+-----+--------------+----------+-------------+----------+-----------+--------------------------------+--------------+
| 339 |        14.00 |     5.00 |      100.00 |    24.00 | 231143.00 |                        6058.47 |     84818.58 |
+-----+--------------+----------+-------------+----------+-----------+--------------------------------+--------------+
| 340 |        68.00 |     5.00 |     1000.00 |    24.00 | 231143.00 |                       49907.34 |   3393699.12 |
+-----+--------------+----------+-------------+----------+-----------+--------------------------------+--------------+
| 341 |        65.00 |     5.00 |     1000.00 |    24.00 | 231143.00 |                       50091.50 |   3255947.50 |
+-----+--------------+----------+-------------+----------+-----------+--------------------------------+--------------+
| 342 |        70.00 |     5.00 |     1000.00 |    24.00 | 231143.00 |                       49105.63 |   3437394.10 |
+-----+--------------+----------+-------------+----------+-----------+--------------------------------+--------------+
| 343 |        63.00 |     5.00 |     1000.00 |    24.00 | 231143.00 |                       49839.19 |   3139868.97 |
+-----+--------------+----------+-------------+----------+-----------+--------------------------------+--------------+
| 344 |        70.00 |     5.00 |     1000.00 |     2.00 | 231143.00 |                       31303.82 |   2191267.40 |
+-----+--------------+----------+-------------+----------+-----------+--------------------------------+--------------+
| 345 |        77.00 |     5.00 |     1000.00 |     2.00 | 231143.00 |                       36032.11 |   2774472.47 |
+-----+--------------+----------+-------------+----------+-----------+--------------------------------+--------------+
| 346 |        75.00 |     5.00 |     1000.00 |     2.00 | 231143.00 |                       36203.88 |   2715291.00 |
+-----+--------------+----------+-------------+----------+-----------+--------------------------------+--------------+
| 347 |        68.00 |     5.00 |     1000.00 |     2.00 | 231143.00 |                       31480.59 |   2140680.12 |
+-----+--------------+----------+-------------+----------+-----------+--------------------------------+--------------+
| 348 |        14.00 |     5.00 |      100.00 |    48.00 | 272549.00 |                       11388.28 |    159435.92 |
+-----+--------------+----------+-------------+----------+-----------+--------------------------------+--------------+
| 349 |        18.00 |     5.00 |      100.00 |    48.00 | 272549.00 |                       11560.01 |    208080.18 |
+-----+--------------+----------+-------------+----------+-----------+--------------------------------+--------------+
| 350 |        14.00 |     5.00 |      100.00 |    48.00 | 272549.00 |                       11445.77 |    160240.78 |
+-----+--------------+----------+-------------+----------+-----------+--------------------------------+--------------+
| 351 |        17.00 |     5.00 |      100.00 |    48.00 | 272549.00 |                       11719.99 |    199239.83 |
+-----+--------------+----------+-------------+----------+-----------+--------------------------------+--------------+
| 352 |       122.00 |     5.00 |     1000.00 |    48.00 | 272549.00 |                      131534.74 |  16047238.28 |
+-----+--------------+----------+-------------+----------+-----------+--------------------------------+--------------+
| 353 |       135.00 |     5.00 |     1000.00 |    48.00 | 272549.00 |                      157912.41 |  21318175.35 |
+-----+--------------+----------+-------------+----------+-----------+--------------------------------+--------------+
| 354 |       137.00 |     5.00 |     1000.00 |    48.00 | 272549.00 |                      159070.62 |  21792674.94 |
+-----+--------------+----------+-------------+----------+-----------+--------------------------------+--------------+
| 355 |       127.00 |     5.00 |     1000.00 |    48.00 | 272549.00 |                      145736.03 |  18508475.81 |
+-----+--------------+----------+-------------+----------+-----------+--------------------------------+--------------+
| 356 |        69.00 |     5.00 |     1000.00 |    24.00 | 272549.00 |                       48164.85 |   3323374.65 |
+-----+--------------+----------+-------------+----------+-----------+--------------------------------+--------------+
| 357 |        61.00 |     5.00 |     1000.00 |    24.00 | 272549.00 |                       40137.01 |   2448357.61 |
+-----+--------------+----------+-------------+----------+-----------+--------------------------------+--------------+
| 358 |        66.00 |     5.00 |     1000.00 |    24.00 | 272549.00 |                       48178.68 |   3179792.88 |
+-----+--------------+----------+-------------+----------+-----------+--------------------------------+--------------+
| 359 |        63.00 |     5.00 |     1000.00 |    24.00 | 272549.00 |                       45778.28 |   2884031.64 |
+-----+--------------+----------+-------------+----------+-----------+--------------------------------+--------------+
| 360 |        63.00 |     5.00 |     1000.00 |     2.00 | 272549.00 |                       27338.28 |   1722311.64 |
+-----+--------------+----------+-------------+----------+-----------+--------------------------------+--------------+
| 361 |        59.00 |     5.00 |     1000.00 |     2.00 | 272549.00 |                       24310.62 |   1434326.58 |
+-----+--------------+----------+-------------+----------+-----------+--------------------------------+--------------+
| 362 |        63.00 |     5.00 |     1000.00 |     2.00 | 272549.00 |                       29451.86 |   1855467.18 |
+-----+--------------+----------+-------------+----------+-----------+--------------------------------+--------------+
| 363 |        58.00 |     5.00 |     1000.00 |     2.00 | 272549.00 |                       24688.27 |   1431919.66 |
+-----+--------------+----------+-------------+----------+-----------+--------------------------------+--------------+
| 364 |        25.00 |     5.00 |      100.00 |    48.00 | 377019.00 |                       22890.83 |    572270.75 |
+-----+--------------+----------+-------------+----------+-----------+--------------------------------+--------------+
| 365 |        22.00 |     5.00 |      100.00 |    48.00 | 377019.00 |                       13367.24 |    294079.28 |
+-----+--------------+----------+-------------+----------+-----------+--------------------------------+--------------+
| 366 |        22.00 |     5.00 |      100.00 |    48.00 | 377019.00 |                       18355.79 |    403827.38 |
+-----+--------------+----------+-------------+----------+-----------+--------------------------------+--------------+
| 367 |        27.00 |     5.00 |      100.00 |    48.00 | 377019.00 |                       23250.78 |    627771.06 |
+-----+--------------+----------+-------------+----------+-----------+--------------------------------+--------------+
| 368 |       205.00 |     5.00 |     1000.00 |    48.00 | 377019.00 |                      220932.32 |  45291125.60 |
+-----+--------------+----------+-------------+----------+-----------+--------------------------------+--------------+
| 369 |       198.00 |     5.00 |     1000.00 |    48.00 | 377019.00 |                      222595.01 |  44073811.98 |
+-----+--------------+----------+-------------+----------+-----------+--------------------------------+--------------+
| 370 |       206.00 |     5.00 |     1000.00 |    48.00 | 377019.00 |                      235603.02 |  48534222.12 |
+-----+--------------+----------+-------------+----------+-----------+--------------------------------+--------------+
| 371 |       226.00 |     5.00 |     1000.00 |    48.00 | 377019.00 |                      247729.00 |  55986754.00 |
+-----+--------------+----------+-------------+----------+-----------+--------------------------------+--------------+
| 372 |        15.00 |     5.00 |      100.00 |    24.00 | 377019.00 |                        7641.35 |    114620.25 |
+-----+--------------+----------+-------------+----------+-----------+--------------------------------+--------------+
| 373 |        17.00 |     5.00 |      100.00 |    24.00 | 377019.00 |                        6873.43 |    116848.31 |
+-----+--------------+----------+-------------+----------+-----------+--------------------------------+--------------+
| 374 |        15.00 |     5.00 |      100.00 |    24.00 | 377019.00 |                        7752.18 |    116282.70 |
+-----+--------------+----------+-------------+----------+-----------+--------------------------------+--------------+
| 375 |        17.00 |     5.00 |      100.00 |    24.00 | 377019.00 |                        7953.11 |    135202.87 |
+-----+--------------+----------+-------------+----------+-----------+--------------------------------+--------------+
| 376 |       127.00 |     5.00 |     1000.00 |    24.00 | 377019.00 |                       92012.55 |  11685593.85 |
+-----+--------------+----------+-------------+----------+-----------+--------------------------------+--------------+
| 377 |       123.00 |     5.00 |     1000.00 |    24.00 | 377019.00 |                       93027.79 |  11442418.17 |
+-----+--------------+----------+-------------+----------+-----------+--------------------------------+--------------+
| 378 |       110.00 |     5.00 |     1000.00 |    24.00 | 377019.00 |                       84667.05 |   9313375.50 |
+-----+--------------+----------+-------------+----------+-----------+--------------------------------+--------------+
| 379 |       113.00 |     5.00 |     1000.00 |    24.00 | 377019.00 |                       89642.28 |  10129577.64 |
+-----+--------------+----------+-------------+----------+-----------+--------------------------------+--------------+
| 380 |        25.00 |     5.00 |      100.00 |     2.00 | 377019.00 |                       10519.23 |    262980.75 |
+-----+--------------+----------+-------------+----------+-----------+--------------------------------+--------------+
| 381 |        25.00 |     5.00 |      100.00 |     2.00 | 377019.00 |                       10587.27 |    264681.75 |
+-----+--------------+----------+-------------+----------+-----------+--------------------------------+--------------+
| 382 |        25.00 |     5.00 |      100.00 |     2.00 | 377019.00 |                       10452.24 |    261306.00 |
+-----+--------------+----------+-------------+----------+-----------+--------------------------------+--------------+
| 383 |        25.00 |     5.00 |      100.00 |     2.00 | 377019.00 |                       10477.80 |    261945.00 |
+-----+--------------+----------+-------------+----------+-----------+--------------------------------+--------------+
| 384 |       225.00 |     5.00 |     1000.00 |     2.00 | 377019.00 |                      110985.95 |  24971838.75 |
+-----+--------------+----------+-------------+----------+-----------+--------------------------------+--------------+
| 385 |       222.00 |     5.00 |     1000.00 |     2.00 | 377019.00 |                      111076.51 |  24658985.22 |
+-----+--------------+----------+-------------+----------+-----------+--------------------------------+--------------+
| 386 |       225.00 |     5.00 |     1000.00 |     2.00 | 377019.00 |                      110919.17 |  24956813.25 |
+-----+--------------+----------+-------------+----------+-----------+--------------------------------+--------------+
| 387 |       226.00 |     5.00 |     1000.00 |     2.00 | 377019.00 |                      116255.02 |  26273634.52 |
+-----+--------------+----------+-------------+----------+-----------+--------------------------------+--------------+
| 388 |        33.00 |     5.00 |      100.00 |    48.00 | 484520.00 |                       35986.07 |   1187540.31 |
+-----+--------------+----------+-------------+----------+-----------+--------------------------------+--------------+
| 389 |        34.00 |     5.00 |      100.00 |    48.00 | 484520.00 |                       35873.09 |   1219685.06 |
+-----+--------------+----------+-------------+----------+-----------+--------------------------------+--------------+
| 390 |        34.00 |     5.00 |      100.00 |    48.00 | 484520.00 |                       35848.72 |   1218856.48 |
+-----+--------------+----------+-------------+----------+-----------+--------------------------------+--------------+
| 391 |        37.00 |     5.00 |      100.00 |    48.00 | 484520.00 |                       36204.74 |   1339575.38 |
+-----+--------------+----------+-------------+----------+-----------+--------------------------------+--------------+
| 392 |       326.00 |     5.00 |     1000.00 |    48.00 | 484520.00 |                      377522.19 | 123072233.94 |
+-----+--------------+----------+-------------+----------+-----------+--------------------------------+--------------+
| 393 |       327.00 |     5.00 |     1000.00 |    48.00 | 484520.00 |                      374233.00 | 122374191.00 |
+-----+--------------+----------+-------------+----------+-----------+--------------------------------+--------------+
| 394 |       319.00 |     5.00 |     1000.00 |    48.00 | 484520.00 |                      372931.81 | 118965247.39 |
+-----+--------------+----------+-------------+----------+-----------+--------------------------------+--------------+
| 395 |       317.00 |     5.00 |     1000.00 |    48.00 | 484520.00 |                      360511.59 | 114282174.03 |
+-----+--------------+----------+-------------+----------+-----------+--------------------------------+--------------+
| 396 |        21.00 |     5.00 |      100.00 |    24.00 | 484520.00 |                        8232.46 |    172881.66 |
+-----+--------------+----------+-------------+----------+-----------+--------------------------------+--------------+
| 397 |        21.00 |     5.00 |      100.00 |    24.00 | 484520.00 |                        8193.83 |    172070.43 |
+-----+--------------+----------+-------------+----------+-----------+--------------------------------+--------------+
| 398 |        23.00 |     5.00 |      100.00 |    24.00 | 484520.00 |                       16731.39 |    384821.97 |
+-----+--------------+----------+-------------+----------+-----------+--------------------------------+--------------+
| 399 |        22.00 |     5.00 |      100.00 |    24.00 | 484520.00 |                        8032.81 |    176721.82 |
+-----+--------------+----------+-------------+----------+-----------+--------------------------------+--------------+
| 400 |       191.00 |     5.00 |     1000.00 |    24.00 | 484520.00 |                      147776.59 |  28225328.69 |
+-----+--------------+----------+-------------+----------+-----------+--------------------------------+--------------+
| 401 |       188.00 |     5.00 |     1000.00 |    24.00 | 484520.00 |                      146862.01 |  27610057.88 |
+-----+--------------+----------+-------------+----------+-----------+--------------------------------+--------------+
| 402 |       192.00 |     5.00 |     1000.00 |    24.00 | 484520.00 |                      149218.47 |  28649946.24 |
+-----+--------------+----------+-------------+----------+-----------+--------------------------------+--------------+
| 403 |       195.00 |     5.00 |     1000.00 |    24.00 | 484520.00 |                      148304.25 |  28919328.75 |
+-----+--------------+----------+-------------+----------+-----------+--------------------------------+--------------+
| 404 |        50.00 |     5.00 |      100.00 |     2.00 | 484520.00 |                       20626.94 |   1031347.00 |
+-----+--------------+----------+-------------+----------+-----------+--------------------------------+--------------+
| 405 |        50.00 |     5.00 |      100.00 |     2.00 | 484520.00 |                       20203.82 |   1010191.00 |
+-----+--------------+----------+-------------+----------+-----------+--------------------------------+--------------+
| 406 |        51.00 |     5.00 |      100.00 |     2.00 | 484520.00 |                       20503.97 |   1045702.47 |
+-----+--------------+----------+-------------+----------+-----------+--------------------------------+--------------+
| 407 |        52.00 |     5.00 |      100.00 |     2.00 | 484520.00 |                       20105.11 |   1045465.72 |
+-----+--------------+----------+-------------+----------+-----------+--------------------------------+--------------+
| 408 |       463.00 |     5.00 |     1000.00 |     2.00 | 484520.00 |                      232610.41 | 107698619.83 |
+-----+--------------+----------+-------------+----------+-----------+--------------------------------+--------------+
| 409 |       461.00 |     5.00 |     1000.00 |     2.00 | 484520.00 |                      226288.31 | 104318910.91 |
+-----+--------------+----------+-------------+----------+-----------+--------------------------------+--------------+
| 410 |       605.00 |     5.00 |     1000.00 |     2.00 | 484520.00 |                      318645.09 | 192780279.45 |
+-----+--------------+----------+-------------+----------+-----------+--------------------------------+--------------+
| 411 |       513.00 |     5.00 |     1000.00 |     2.00 | 484520.00 |                      266505.84 | 136717495.92 |
+-----+--------------+----------+-------------+----------+-----------+--------------------------------+--------------+
| 412 |      1488.00 |     1.00 |     1000.00 |    48.00 | 484520.00 |                      338370.38 | 503495125.44 |
+-----+--------------+----------+-------------+----------+-----------+--------------------------------+--------------+
| 413 |      1335.00 |     1.00 |     1000.00 |    48.00 | 484520.00 |                      303189.92 | 404758543.20 |
+-----+--------------+----------+-------------+----------+-----------+--------------------------------+--------------+
| 414 |      1433.00 |     1.00 |     1000.00 |    48.00 | 484520.00 |                      333201.73 | 477478079.09 |
+-----+--------------+----------+-------------+----------+-----------+--------------------------------+--------------+
| 415 |      1596.00 |     1.00 |     1000.00 |    48.00 | 484520.00 |                      376755.35 | 601301538.60 |
+-----+--------------+----------+-------------+----------+-----------+--------------------------------+--------------+
| 416 |      2278.00 |     1.00 |     1000.00 |     2.00 | 484520.00 |                      231441.74 | 527224283.72 |
+-----+--------------+----------+-------------+----------+-----------+--------------------------------+--------------+
| 417 |      2271.00 |     1.00 |     1000.00 |     2.00 | 484520.00 |                      249567.01 | 566766679.71 |
+-----+--------------+----------+-------------+----------+-----------+--------------------------------+--------------+
| 418 |      2298.00 |     1.00 |     1000.00 |     2.00 | 484520.00 |                      266629.14 | 612713763.72 |
+-----+--------------+----------+-------------+----------+-----------+--------------------------------+--------------+
| 419 |      2306.00 |     1.00 |     1000.00 |     2.00 | 484520.00 |                      267518.47 | 616897591.82 |
+-----+--------------+----------+-------------+----------+-----------+--------------------------------+--------------+
| 420 |        18.00 |     5.00 |      100.00 |    24.00 | 187026.00 |                        6061.59 |    109108.62 |
+-----+--------------+----------+-------------+----------+-----------+--------------------------------+--------------+
| 421 |        21.00 |     5.00 |      100.00 |    24.00 | 187026.00 |                        2170.37 |     45577.77 |
+-----+--------------+----------+-------------+----------+-----------+--------------------------------+--------------+
| 422 |         5.00 |     5.00 |      100.00 |    24.00 | 187026.00 |                        2200.97 |     11004.85 |
+-----+--------------+----------+-------------+----------+-----------+--------------------------------+--------------+
| 423 |         5.00 |     5.00 |      100.00 |    24.00 | 187026.00 |                        1586.23 |      7931.15 |
+-----+--------------+----------+-------------+----------+-----------+--------------------------------+--------------+
| 424 |         5.00 |     5.00 |      100.00 |    24.00 | 187026.00 |                        1549.75 |      7748.75 |
+-----+--------------+----------+-------------+----------+-----------+--------------------------------+--------------+
| 425 |         4.00 |     5.00 |      100.00 |     2.00 | 187026.00 |                        1041.39 |      4165.56 |
+-----+--------------+----------+-------------+----------+-----------+--------------------------------+--------------+
| 426 |         5.00 |     5.00 |      100.00 |     2.00 | 187026.00 |                        1047.97 |      5239.85 |
+-----+--------------+----------+-------------+----------+-----------+--------------------------------+--------------+
| 427 |         4.00 |     5.00 |      100.00 |     2.00 | 187026.00 |                        1039.74 |      4158.96 |
+-----+--------------+----------+-------------+----------+-----------+--------------------------------+--------------+
| 428 |         6.00 |     5.00 |      100.00 |     2.00 | 187026.00 |                        1761.27 |     10567.62 |
+-----+--------------+----------+-------------+----------+-----------+--------------------------------+--------------+
| 429 |         4.00 |     5.00 |      100.00 |     2.00 | 187026.00 |                        1078.94 |      4315.76 |
+-----+--------------+----------+-------------+----------+-----------+--------------------------------+--------------+
| 430 |         7.00 |     5.00 |      100.00 |    24.00 | 198574.00 |                        3248.98 |     22742.86 |
+-----+--------------+----------+-------------+----------+-----------+--------------------------------+--------------+
| 431 |         7.00 |     5.00 |      100.00 |    24.00 | 198574.00 |                        3348.55 |     23439.85 |
+-----+--------------+----------+-------------+----------+-----------+--------------------------------+--------------+
| 432 |         7.00 |     5.00 |      100.00 |    24.00 | 198574.00 |                        3374.67 |     23622.69 |
+-----+--------------+----------+-------------+----------+-----------+--------------------------------+--------------+
| 433 |         6.00 |     5.00 |      100.00 |    24.00 | 198574.00 |                        3429.33 |     20575.98 |
+-----+--------------+----------+-------------+----------+-----------+--------------------------------+--------------+
| 434 |         8.00 |     5.00 |      100.00 |    24.00 | 198574.00 |                        5116.47 |     40931.76 |
+-----+--------------+----------+-------------+----------+-----------+--------------------------------+--------------+
| 435 |         8.00 |     5.00 |      100.00 |     2.00 | 198574.00 |                        3356.66 |     26853.28 |
+-----+--------------+----------+-------------+----------+-----------+--------------------------------+--------------+
| 436 |         8.00 |     5.00 |      100.00 |     2.00 | 198574.00 |                        2919.40 |     23355.20 |
+-----+--------------+----------+-------------+----------+-----------+--------------------------------+--------------+
| 437 |         7.00 |     5.00 |      100.00 |     2.00 | 198574.00 |                        3084.24 |     21589.68 |
+-----+--------------+----------+-------------+----------+-----------+--------------------------------+--------------+
| 438 |         9.00 |     5.00 |      100.00 |     2.00 | 198574.00 |                        3212.03 |     28908.27 |
+-----+--------------+----------+-------------+----------+-----------+--------------------------------+--------------+
| 439 |         8.00 |     5.00 |      100.00 |     2.00 | 198574.00 |                        2445.00 |     19560.00 |
+-----+--------------+----------+-------------+----------+-----------+--------------------------------+--------------+
| 440 |         9.00 |     5.00 |      100.00 |    24.00 | 287037.00 |                        5163.95 |     46475.55 |
+-----+--------------+----------+-------------+----------+-----------+--------------------------------+--------------+
| 441 |         9.00 |     5.00 |      100.00 |    24.00 | 287037.00 |                        5185.41 |     46668.69 |
+-----+--------------+----------+-------------+----------+-----------+--------------------------------+--------------+
| 442 |         9.00 |     5.00 |      100.00 |    24.00 | 287037.00 |                        5280.04 |     47520.36 |
+-----+--------------+----------+-------------+----------+-----------+--------------------------------+--------------+
| 443 |         9.00 |     5.00 |      100.00 |    24.00 | 287037.00 |                        5106.76 |     45960.84 |
+-----+--------------+----------+-------------+----------+-----------+--------------------------------+--------------+
| 444 |        10.00 |     5.00 |      100.00 |    24.00 | 287037.00 |                        5368.42 |     53684.20 |
+-----+--------------+----------+-------------+----------+-----------+--------------------------------+--------------+
| 445 |         8.00 |     5.00 |      100.00 |     2.00 | 287037.00 |                        3354.86 |     26838.88 |
+-----+--------------+----------+-------------+----------+-----------+--------------------------------+--------------+
| 446 |         8.00 |     5.00 |      100.00 |     2.00 | 287037.00 |                        3319.00 |     26552.00 |
+-----+--------------+----------+-------------+----------+-----------+--------------------------------+--------------+
| 447 |         8.00 |     5.00 |      100.00 |     2.00 | 287037.00 |                        3322.54 |     26580.32 |
+-----+--------------+----------+-------------+----------+-----------+--------------------------------+--------------+
| 448 |         8.00 |     5.00 |      100.00 |     2.00 | 287037.00 |                        3360.44 |     26883.52 |
+-----+--------------+----------+-------------+----------+-----------+--------------------------------+--------------+
| 449 |        11.00 |     5.00 |      100.00 |     2.00 | 287037.00 |                        4159.25 |     45751.75 |
+-----+--------------+----------+-------------+----------+-----------+--------------------------------+--------------+
| 450 |        10.00 |     5.00 |      100.00 |    24.00 | 272549.00 |                        5857.79 |     58577.90 |
+-----+--------------+----------+-------------+----------+-----------+--------------------------------+--------------+
| 451 |         9.00 |     5.00 |      100.00 |    24.00 | 272549.00 |                        5003.14 |     45028.26 |
+-----+--------------+----------+-------------+----------+-----------+--------------------------------+--------------+
| 452 |         8.00 |     5.00 |      100.00 |    24.00 | 272549.00 |                        5025.68 |     40205.44 |
+-----+--------------+----------+-------------+----------+-----------+--------------------------------+--------------+
| 453 |         8.00 |     5.00 |      100.00 |    24.00 | 272549.00 |                        5035.16 |     40281.28 |
+-----+--------------+----------+-------------+----------+-----------+--------------------------------+--------------+
| 454 |         9.00 |     5.00 |      100.00 |    24.00 | 272549.00 |                        4994.10 |     44946.90 |
+-----+--------------+----------+-------------+----------+-----------+--------------------------------+--------------+
| 455 |         8.00 |     5.00 |      100.00 |     2.00 | 272549.00 |                        2842.14 |     22737.12 |
+-----+--------------+----------+-------------+----------+-----------+--------------------------------+--------------+
| 456 |        16.00 |     5.00 |      100.00 |    48.00 | 187026.00 |                        8027.04 |    128432.64 |
+-----+--------------+----------+-------------+----------+-----------+--------------------------------+--------------+
| 457 |        12.00 |     5.00 |      100.00 |    48.00 | 187026.00 |                       10255.40 |    123064.80 |
+-----+--------------+----------+-------------+----------+-----------+--------------------------------+--------------+
| 458 |        18.00 |     5.00 |      100.00 |    48.00 | 187026.00 |                       19072.83 |    343310.94 |
+-----+--------------+----------+-------------+----------+-----------+--------------------------------+--------------+
| 459 |        14.00 |     5.00 |      100.00 |    48.00 | 187026.00 |                       13218.89 |    185064.46 |
+-----+--------------+----------+-------------+----------+-----------+--------------------------------+--------------+
| 460 |        12.00 |     5.00 |      100.00 |    48.00 | 187026.00 |                       10878.94 |    130547.28 |
+-----+--------------+----------+-------------+----------+-----------+--------------------------------+--------------+
| 461 |        12.00 |     5.00 |      100.00 |    48.00 | 198574.00 |                       10684.97 |    128219.64 |
+-----+--------------+----------+-------------+----------+-----------+--------------------------------+--------------+
| 462 |        13.00 |     5.00 |      100.00 |    48.00 | 198574.00 |                       11156.89 |    145039.57 |
+-----+--------------+----------+-------------+----------+-----------+--------------------------------+--------------+
| 463 |        19.00 |     5.00 |      100.00 |    48.00 | 198574.00 |                       18897.73 |    359056.87 |
+-----+--------------+----------+-------------+----------+-----------+--------------------------------+--------------+
| 464 |        16.00 |     5.00 |      100.00 |    48.00 | 198574.00 |                       15471.00 |    247536.00 |
+-----+--------------+----------+-------------+----------+-----------+--------------------------------+--------------+
| 465 |        17.00 |     5.00 |      100.00 |    48.00 | 198574.00 |                       18499.42 |    314490.14 |
+-----+--------------+----------+-------------+----------+-----------+--------------------------------+--------------+
| 466 |        15.00 |     5.00 |      100.00 |    24.00 | 242689.00 |                        5209.39 |     78140.85 |
+-----+--------------+----------+-------------+----------+-----------+--------------------------------+--------------+
| 467 |        16.00 |     5.00 |      100.00 |    24.00 | 242689.00 |                        9399.06 |    150384.96 |
+-----+--------------+----------+-------------+----------+-----------+--------------------------------+--------------+
| 468 |        12.00 |     5.00 |      100.00 |    24.00 | 242689.00 |                        7249.41 |     86992.92 |
+-----+--------------+----------+-------------+----------+-----------+--------------------------------+--------------+
| 469 |         9.00 |     5.00 |      100.00 |    24.00 | 242689.00 |                        5259.09 |     47331.81 |
+-----+--------------+----------+-------------+----------+-----------+--------------------------------+--------------+
| 470 |        14.00 |     5.00 |      100.00 |    24.00 | 242689.00 |                        5094.83 |     71327.62 |
+-----+--------------+----------+-------------+----------+-----------+--------------------------------+--------------+
| 471 |        20.00 |     5.00 |      100.00 |     2.00 | 231143.00 |                        3256.27 |     65125.40 |
+-----+--------------+----------+-------------+----------+-----------+--------------------------------+--------------+
| 472 |        10.00 |     5.00 |      100.00 |     2.00 | 231143.00 |                        4464.49 |     44644.90 |
+-----+--------------+----------+-------------+----------+-----------+--------------------------------+--------------+
| 473 |        12.00 |     5.00 |      100.00 |     2.00 | 231143.00 |                        4091.14 |     49093.68 |
+-----+--------------+----------+-------------+----------+-----------+--------------------------------+--------------+
| 474 |        12.00 |     5.00 |      100.00 |     2.00 | 231143.00 |                        5317.01 |     63804.12 |
+-----+--------------+----------+-------------+----------+-----------+--------------------------------+--------------+
| 475 |        12.00 |     5.00 |      100.00 |     2.00 | 231143.00 |                        4199.71 |     50396.52 |
+-----+--------------+----------+-------------+----------+-----------+--------------------------------+--------------+

--> Dados estatísticos referentes ao conjunto de dados original:

+-------+--------------+----------+-------------+----------+-----------+--------------------------------+--------------+
|       |   ElapsedRaw |   NNodes |   Bootstrap |   Thread |   Tamanho |   Consumo de Energia Total (J) |          EDP |
+=======+==============+==========+=============+==========+===========+================================+==============+
| count |       476.00 |   476.00 |      476.00 |   476.00 |    476.00 |                         476.00 |       476.00 |
+-------+--------------+----------+-------------+----------+-----------+--------------------------------+--------------+
| mean  |       193.42 |     2.98 |      553.78 |    24.86 | 285174.84 |                       56290.15 |  26923280.47 |
+-------+--------------+----------+-------------+----------+-----------+--------------------------------+--------------+
| std   |       326.82 |     2.00 |      450.46 |    18.77 |  94155.63 |                       79092.27 |  81398189.51 |
+-------+--------------+----------+-------------+----------+-----------+--------------------------------+--------------+
| min   |         4.00 |     1.00 |      100.00 |     2.00 | 187026.00 |                         949.55 |      4158.96 |
+-------+--------------+----------+-------------+----------+-----------+--------------------------------+--------------+
| 25%   |        27.00 |     1.00 |      100.00 |     2.00 | 198574.00 |                        6887.06 |    152794.48 |
+-------+--------------+----------+-------------+----------+-----------+--------------------------------+--------------+
| 50%   |        65.50 |     1.00 |     1000.00 |    24.00 | 242689.00 |                       23538.53 |   1550212.02 |
+-------+--------------+----------+-------------+----------+-----------+--------------------------------+--------------+
| 75%   |       235.75 |     5.00 |     1000.00 |    48.00 | 377019.00 |                       74127.17 |  13904407.87 |
+-------+--------------+----------+-------------+----------+-----------+--------------------------------+--------------+
| max   |      2306.00 |     5.00 |     1000.00 |    48.00 | 484520.00 |                      460368.49 | 616897591.82 |
+-------+--------------+----------+-------------+----------+-----------+--------------------------------+--------------+

--> Conjunto de dados da aplicação após a filtragem dos outliers:

+-----+---------+--------------+----------+-------------+----------+-----------+--------------------------------+--------------+
|     |   index |   ElapsedRaw |   NNodes |   Bootstrap |   Thread |   Tamanho |   Consumo de Energia Total (J) |          EDP |
+=====+=========+==============+==========+=============+==========+===========+================================+==============+
|   0 |    0.00 |        27.00 |     1.00 |      100.00 |    48.00 | 187026.00 |                        4117.27 |    111166.29 |
+-----+---------+--------------+----------+-------------+----------+-----------+--------------------------------+--------------+
|   1 |    1.00 |        14.00 |     1.00 |      100.00 |    24.00 | 187026.00 |                        1598.05 |     22372.70 |
+-----+---------+--------------+----------+-------------+----------+-----------+--------------------------------+--------------+
|   2 |    3.00 |       118.00 |     1.00 |      100.00 |    48.00 | 377019.00 |                       26383.64 |   3113269.52 |
+-----+---------+--------------+----------+-------------+----------+-----------+--------------------------------+--------------+
|   3 |    5.00 |       110.00 |     1.00 |      100.00 |     2.00 | 377019.00 |                       10415.74 |   1145731.40 |
+-----+---------+--------------+----------+-------------+----------+-----------+--------------------------------+--------------+
|   4 |    6.00 |        37.00 |     1.00 |      100.00 |    48.00 | 198574.00 |                        6891.60 |    254989.20 |
+-----+---------+--------------+----------+-------------+----------+-----------+--------------------------------+--------------+
|   5 |    9.00 |        64.00 |     1.00 |      100.00 |    48.00 | 242689.00 |                       13784.62 |    882215.68 |
+-----+---------+--------------+----------+-------------+----------+-----------+--------------------------------+--------------+
|   6 |   12.00 |        71.00 |     1.00 |      100.00 |    48.00 | 287037.00 |                       15250.38 |   1082776.98 |
+-----+---------+--------------+----------+-------------+----------+-----------+--------------------------------+--------------+
|   7 |   14.00 |        33.00 |     1.00 |      100.00 |     2.00 | 287037.00 |                        2586.53 |     85355.49 |
+-----+---------+--------------+----------+-------------+----------+-----------+--------------------------------+--------------+
|   8 |   15.00 |        55.00 |     1.00 |      100.00 |    48.00 | 231143.00 |                       11863.21 |    652476.55 |
+-----+---------+--------------+----------+-------------+----------+-----------+--------------------------------+--------------+
|   9 |   18.00 |        62.00 |     1.00 |      100.00 |    48.00 | 272549.00 |                       13437.94 |    833152.28 |
+-----+---------+--------------+----------+-------------+----------+-----------+--------------------------------+--------------+
|  10 |   19.00 |        35.00 |     1.00 |      100.00 |    24.00 | 272549.00 |                        4967.83 |    173874.05 |
+-----+---------+--------------+----------+-------------+----------+-----------+--------------------------------+--------------+
|  11 |   21.00 |        90.00 |     5.00 |      100.00 |    48.00 | 377019.00 |                       98766.13 |   8888951.70 |
+-----+---------+--------------+----------+-------------+----------+-----------+--------------------------------+--------------+
|  12 |   27.00 |        21.00 |     5.00 |      100.00 |    48.00 | 231143.00 |                       18021.78 |    378457.38 |
+-----+---------+--------------+----------+-------------+----------+-----------+--------------------------------+--------------+
|  13 |   28.00 |        17.00 |     5.00 |      100.00 |    24.00 | 231143.00 |                       11689.87 |    198727.79 |
+-----+---------+--------------+----------+-------------+----------+-----------+--------------------------------+--------------+
|  14 |   30.00 |       273.00 |     1.00 |     1000.00 |    48.00 | 187026.00 |                       52754.65 |  14402019.45 |
+-----+---------+--------------+----------+-------------+----------+-----------+--------------------------------+--------------+
|  15 |   31.00 |       134.00 |     1.00 |     1000.00 |    24.00 | 187026.00 |                       19512.63 |   2614692.42 |
+-----+---------+--------------+----------+-------------+----------+-----------+--------------------------------+--------------+
|  16 |   32.00 |       137.00 |     1.00 |     1000.00 |     2.00 | 187026.00 |                       11827.46 |   1620362.02 |
+-----+---------+--------------+----------+-------------+----------+-----------+--------------------------------+--------------+
|  17 |   33.00 |       367.00 |     1.00 |     1000.00 |    48.00 | 198574.00 |                       84426.41 |  30984492.47 |
+-----+---------+--------------+----------+-------------+----------+-----------+--------------------------------+--------------+
|  18 |   34.00 |       210.00 |     1.00 |     1000.00 |    24.00 | 198574.00 |                       29378.37 |   6169457.70 |
+-----+---------+--------------+----------+-------------+----------+-----------+--------------------------------+--------------+
|  19 |   36.00 |       593.00 |     1.00 |     1000.00 |    48.00 | 242689.00 |                      126476.87 |  75000783.91 |
+-----+---------+--------------+----------+-------------+----------+-----------+--------------------------------+--------------+
|  20 |   37.00 |       350.00 |     1.00 |     1000.00 |    24.00 | 242689.00 |                       51606.09 |  18062131.50 |
+-----+---------+--------------+----------+-------------+----------+-----------+--------------------------------+--------------+
|  21 |   38.00 |       535.00 |     1.00 |     1000.00 |     2.00 | 242689.00 |                       48009.10 |  25684868.50 |
+-----+---------+--------------+----------+-------------+----------+-----------+--------------------------------+--------------+
|  22 |   39.00 |       636.00 |     1.00 |     1000.00 |    48.00 | 287037.00 |                      139138.51 |  88492092.36 |
+-----+---------+--------------+----------+-------------+----------+-----------+--------------------------------+--------------+
|  23 |   40.00 |       332.00 |     1.00 |     1000.00 |    24.00 | 287037.00 |                       48081.69 |  15963121.08 |
+-----+---------+--------------+----------+-------------+----------+-----------+--------------------------------+--------------+
|  24 |   42.00 |       540.00 |     1.00 |     1000.00 |    48.00 | 231143.00 |                      110971.45 |  59924583.00 |
+-----+---------+--------------+----------+-------------+----------+-----------+--------------------------------+--------------+
|  25 |   43.00 |       295.00 |     1.00 |     1000.00 |    24.00 | 231143.00 |                       38499.05 |  11357219.75 |
+-----+---------+--------------+----------+-------------+----------+-----------+--------------------------------+--------------+
|  26 |   44.00 |       362.00 |     1.00 |     1000.00 |     2.00 | 231143.00 |                       29707.56 |  10754136.72 |
+-----+---------+--------------+----------+-------------+----------+-----------+--------------------------------+--------------+
|  27 |   45.00 |       503.00 |     1.00 |     1000.00 |    48.00 | 272549.00 |                      110666.96 |  55665480.88 |
+-----+---------+--------------+----------+-------------+----------+-----------+--------------------------------+--------------+
|  28 |   46.00 |       275.00 |     1.00 |     1000.00 |    24.00 | 272549.00 |                       38467.22 |  10578485.50 |
+-----+---------+--------------+----------+-------------+----------+-----------+--------------------------------+--------------+
|  29 |   47.00 |       279.00 |     1.00 |     1000.00 |     2.00 | 272549.00 |                       23826.28 |   6647532.12 |
+-----+---------+--------------+----------+-------------+----------+-----------+--------------------------------+--------------+
|  30 |   48.00 |       802.00 |     1.00 |     1000.00 |    48.00 | 377019.00 |                      180938.86 | 145112965.72 |
+-----+---------+--------------+----------+-------------+----------+-----------+--------------------------------+--------------+
|  31 |   49.00 |       545.00 |     1.00 |     1000.00 |    24.00 | 377019.00 |                       88618.67 |  48297175.15 |
+-----+---------+--------------+----------+-------------+----------+-----------+--------------------------------+--------------+
|  32 |   50.00 |      1118.00 |     1.00 |     1000.00 |     2.00 | 377019.00 |                      108626.97 | 121444952.46 |
+-----+---------+--------------+----------+-------------+----------+-----------+--------------------------------+--------------+
|  33 |   51.00 |       946.00 |     1.00 |     1000.00 |    24.00 | 484520.00 |                      147310.15 | 139355401.90 |
+-----+---------+--------------+----------+-------------+----------+-----------+--------------------------------+--------------+
|  34 |   52.00 |        71.00 |     5.00 |     1000.00 |    48.00 | 187026.00 |                       72518.66 |   5148824.86 |
+-----+---------+--------------+----------+-------------+----------+-----------+--------------------------------+--------------+
|  35 |   53.00 |        35.00 |     5.00 |     1000.00 |    24.00 | 187026.00 |                       24826.49 |    868927.15 |
+-----+---------+--------------+----------+-------------+----------+-----------+--------------------------------+--------------+
|  36 |   54.00 |        38.00 |     5.00 |     1000.00 |     2.00 | 187026.00 |                       15276.34 |    580500.92 |
+-----+---------+--------------+----------+-------------+----------+-----------+--------------------------------+--------------+
|  37 |   55.00 |       111.00 |     5.00 |     1000.00 |    48.00 | 198574.00 |                      120820.55 |  13411081.05 |
+-----+---------+--------------+----------+-------------+----------+-----------+--------------------------------+--------------+
|  38 |   56.00 |        53.00 |     5.00 |     1000.00 |    24.00 | 198574.00 |                       41918.22 |   2221665.66 |
+-----+---------+--------------+----------+-------------+----------+-----------+--------------------------------+--------------+
|  39 |   58.00 |       155.00 |     5.00 |     1000.00 |    48.00 | 242689.00 |                      185039.37 |  28681102.35 |
+-----+---------+--------------+----------+-------------+----------+-----------+--------------------------------+--------------+
|  40 |   59.00 |       115.00 |     5.00 |     1000.00 |    24.00 | 242689.00 |                       92800.89 |  10672102.35 |
+-----+---------+--------------+----------+-------------+----------+-----------+--------------------------------+--------------+
|  41 |   62.00 |        96.00 |     5.00 |     1000.00 |    24.00 | 287037.00 |                       75768.33 |   7273759.68 |
+-----+---------+--------------+----------+-------------+----------+-----------+--------------------------------+--------------+
|  42 |   63.00 |       112.00 |     5.00 |     1000.00 |     2.00 | 287037.00 |                       50213.49 |   5623910.88 |
+-----+---------+--------------+----------+-------------+----------+-----------+--------------------------------+--------------+
|  43 |   64.00 |       188.00 |     5.00 |     1000.00 |    48.00 | 231143.00 |                      225655.22 |  42423181.36 |
+-----+---------+--------------+----------+-------------+----------+-----------+--------------------------------+--------------+
|  44 |   66.00 |       108.00 |     5.00 |     1000.00 |     2.00 | 231143.00 |                       50217.41 |   5423480.28 |
+-----+---------+--------------+----------+-------------+----------+-----------+--------------------------------+--------------+
|  45 |   67.00 |       135.00 |     5.00 |     1000.00 |    48.00 | 272549.00 |                      158925.62 |  21454958.70 |
+-----+---------+--------------+----------+-------------+----------+-----------+--------------------------------+--------------+
|  46 |   68.00 |       105.00 |     5.00 |     1000.00 |    24.00 | 272549.00 |                       84732.25 |   8896886.25 |
+-----+---------+--------------+----------+-------------+----------+-----------+--------------------------------+--------------+
|  47 |   69.00 |       100.00 |     5.00 |     1000.00 |     2.00 | 272549.00 |                       44121.08 |   4412108.00 |
+-----+---------+--------------+----------+-------------+----------+-----------+--------------------------------+--------------+
|  48 |   70.00 |       238.00 |     5.00 |     1000.00 |    48.00 | 377019.00 |                      287926.65 |  68526542.70 |
+-----+---------+--------------+----------+-------------+----------+-----------+--------------------------------+--------------+
|  49 |   71.00 |       140.00 |     5.00 |     1000.00 |    24.00 | 377019.00 |                      110708.25 |  15499155.00 |
+-----+---------+--------------+----------+-------------+----------+-----------+--------------------------------+--------------+
|  50 |   73.00 |       393.00 |     5.00 |     1000.00 |    48.00 | 484520.00 |                      460368.49 | 180924816.57 |
+-----+---------+--------------+----------+-------------+----------+-----------+--------------------------------+--------------+
|  51 |   74.00 |       228.00 |     5.00 |     1000.00 |    24.00 | 484520.00 |                      189633.73 |  43236490.44 |
+-----+---------+--------------+----------+-------------+----------+-----------+--------------------------------+--------------+
|  52 |   75.00 |       529.00 |     5.00 |     1000.00 |     2.00 | 484520.00 |                      270114.61 | 142890628.69 |
+-----+---------+--------------+----------+-------------+----------+-----------+--------------------------------+--------------+
|  53 |   76.00 |       227.00 |     1.00 |      100.00 |     2.00 | 484520.00 |                       18250.33 |   4142824.91 |
+-----+---------+--------------+----------+-------------+----------+-----------+--------------------------------+--------------+
|  54 |   77.00 |        99.00 |     1.00 |      100.00 |    24.00 | 484520.00 |                       15067.57 |   1491689.43 |
+-----+---------+--------------+----------+-------------+----------+-----------+--------------------------------+--------------+
|  55 |   78.00 |       145.00 |     1.00 |      100.00 |    48.00 | 484520.00 |                       28488.98 |   4130902.10 |
+-----+---------+--------------+----------+-------------+----------+-----------+--------------------------------+--------------+
|  56 |   79.00 |      2285.00 |     1.00 |     1000.00 |     2.00 | 484520.00 |                      216910.20 | 495639807.00 |
+-----+---------+--------------+----------+-------------+----------+-----------+--------------------------------+--------------+
|  57 |   80.00 |      1467.00 |     1.00 |     1000.00 |    48.00 | 484520.00 |                      338615.22 | 496748527.74 |
+-----+---------+--------------+----------+-------------+----------+-----------+--------------------------------+--------------+
|  58 |   81.00 |        45.00 |     5.00 |      100.00 |    48.00 | 484520.00 |                       46421.42 |   2088963.90 |
+-----+---------+--------------+----------+-------------+----------+-----------+--------------------------------+--------------+
|  59 |   82.00 |        24.00 |     5.00 |      100.00 |    24.00 | 484520.00 |                       16714.10 |    401138.40 |
+-----+---------+--------------+----------+-------------+----------+-----------+--------------------------------+--------------+
|  60 |   83.00 |        51.00 |     5.00 |      100.00 |     2.00 | 484520.00 |                       21358.62 |   1089289.62 |
+-----+---------+--------------+----------+-------------+----------+-----------+--------------------------------+--------------+
|  61 |   84.00 |        25.00 |     1.00 |      100.00 |    48.00 | 187026.00 |                        4250.40 |    106260.00 |
+-----+---------+--------------+----------+-------------+----------+-----------+--------------------------------+--------------+
|  62 |   85.00 |        22.00 |     1.00 |      100.00 |    48.00 | 187026.00 |                        4560.04 |    100320.88 |
+-----+---------+--------------+----------+-------------+----------+-----------+--------------------------------+--------------+
|  63 |   86.00 |        22.00 |     1.00 |      100.00 |    48.00 | 187026.00 |                        2226.02 |     48972.44 |
+-----+---------+--------------+----------+-------------+----------+-----------+--------------------------------+--------------+
|  64 |   87.00 |        21.00 |     1.00 |      100.00 |    48.00 | 187026.00 |                        2248.95 |     47227.95 |
+-----+---------+--------------+----------+-------------+----------+-----------+--------------------------------+--------------+
|  65 |   88.00 |       188.00 |     1.00 |     1000.00 |    48.00 | 187026.00 |                       41809.75 |   7860233.00 |
+-----+---------+--------------+----------+-------------+----------+-----------+--------------------------------+--------------+
|  66 |   89.00 |       216.00 |     1.00 |     1000.00 |    48.00 | 187026.00 |                       49922.91 |  10783348.56 |
+-----+---------+--------------+----------+-------------+----------+-----------+--------------------------------+--------------+
|  67 |   90.00 |       185.00 |     1.00 |     1000.00 |    48.00 | 187026.00 |                       39296.75 |   7269898.75 |
+-----+---------+--------------+----------+-------------+----------+-----------+--------------------------------+--------------+
|  68 |   91.00 |       245.00 |     1.00 |     1000.00 |    48.00 | 187026.00 |                       56380.34 |  13813183.30 |
+-----+---------+--------------+----------+-------------+----------+-----------+--------------------------------+--------------+
|  69 |   92.00 |        13.00 |     1.00 |      100.00 |    24.00 | 187026.00 |                        1566.60 |     20365.80 |
+-----+---------+--------------+----------+-------------+----------+-----------+--------------------------------+--------------+
|  70 |   93.00 |        12.00 |     1.00 |      100.00 |    24.00 | 187026.00 |                        1572.23 |     18866.76 |
+-----+---------+--------------+----------+-------------+----------+-----------+--------------------------------+--------------+
|  71 |   94.00 |        15.00 |     1.00 |      100.00 |    24.00 | 187026.00 |                        1353.08 |     20296.20 |
+-----+---------+--------------+----------+-------------+----------+-----------+--------------------------------+--------------+
|  72 |   95.00 |        14.00 |     1.00 |      100.00 |    24.00 | 187026.00 |                        1532.64 |     21456.96 |
+-----+---------+--------------+----------+-------------+----------+-----------+--------------------------------+--------------+
|  73 |   96.00 |       111.00 |     1.00 |     1000.00 |    24.00 | 187026.00 |                       15729.51 |   1745975.61 |
+-----+---------+--------------+----------+-------------+----------+-----------+--------------------------------+--------------+
|  74 |   97.00 |       112.00 |     1.00 |     1000.00 |    24.00 | 187026.00 |                       16230.81 |   1817850.72 |
+-----+---------+--------------+----------+-------------+----------+-----------+--------------------------------+--------------+
|  75 |   98.00 |       116.00 |     1.00 |     1000.00 |    24.00 | 187026.00 |                       17915.52 |   2078200.32 |
+-----+---------+--------------+----------+-------------+----------+-----------+--------------------------------+--------------+
|  76 |   99.00 |       115.00 |     1.00 |     1000.00 |    24.00 | 187026.00 |                       19051.54 |   2190927.10 |
+-----+---------+--------------+----------+-------------+----------+-----------+--------------------------------+--------------+
|  77 |  100.00 |        14.00 |     1.00 |      100.00 |     2.00 | 187026.00 |                        1107.34 |     15502.76 |
+-----+---------+--------------+----------+-------------+----------+-----------+--------------------------------+--------------+
|  78 |  101.00 |        14.00 |     1.00 |      100.00 |     2.00 | 187026.00 |                        1101.73 |     15424.22 |
+-----+---------+--------------+----------+-------------+----------+-----------+--------------------------------+--------------+
|  79 |  102.00 |        14.00 |     1.00 |      100.00 |     2.00 | 187026.00 |                         955.93 |     13383.02 |
+-----+---------+--------------+----------+-------------+----------+-----------+--------------------------------+--------------+
|  80 |  103.00 |        14.00 |     1.00 |      100.00 |     2.00 | 187026.00 |                         949.55 |     13293.70 |
+-----+---------+--------------+----------+-------------+----------+-----------+--------------------------------+--------------+
|  81 |  104.00 |       129.00 |     1.00 |     1000.00 |     2.00 | 187026.00 |                       13300.24 |   1715730.96 |
+-----+---------+--------------+----------+-------------+----------+-----------+--------------------------------+--------------+
|  82 |  105.00 |       125.00 |     1.00 |     1000.00 |     2.00 | 187026.00 |                       13436.33 |   1679541.25 |
+-----+---------+--------------+----------+-------------+----------+-----------+--------------------------------+--------------+
|  83 |  106.00 |       126.00 |     1.00 |     1000.00 |     2.00 | 187026.00 |                       11940.72 |   1504530.72 |
+-----+---------+--------------+----------+-------------+----------+-----------+--------------------------------+--------------+
|  84 |  107.00 |       124.00 |     1.00 |     1000.00 |     2.00 | 187026.00 |                       12041.15 |   1493102.60 |
+-----+---------+--------------+----------+-------------+----------+-----------+--------------------------------+--------------+
|  85 |  108.00 |        34.00 |     1.00 |      100.00 |    48.00 | 198574.00 |                        6944.05 |    236097.70 |
+-----+---------+--------------+----------+-------------+----------+-----------+--------------------------------+--------------+
|  86 |  109.00 |        34.00 |     1.00 |      100.00 |    48.00 | 198574.00 |                        6932.67 |    235710.78 |
+-----+---------+--------------+----------+-------------+----------+-----------+--------------------------------+--------------+
|  87 |  110.00 |        31.00 |     1.00 |      100.00 |    48.00 | 198574.00 |                        4599.91 |    142597.21 |
+-----+---------+--------------+----------+-------------+----------+-----------+--------------------------------+--------------+
|  88 |  111.00 |        38.00 |     1.00 |      100.00 |    48.00 | 198574.00 |                        7497.35 |    284899.30 |
+-----+---------+--------------+----------+-------------+----------+-----------+--------------------------------+--------------+
|  89 |  112.00 |       307.00 |     1.00 |     1000.00 |    48.00 | 198574.00 |                       72029.84 |  22113160.88 |
+-----+---------+--------------+----------+-------------+----------+-----------+--------------------------------+--------------+
|  90 |  113.00 |       329.00 |     1.00 |     1000.00 |    48.00 | 198574.00 |                       76736.03 |  25246153.87 |
+-----+---------+--------------+----------+-------------+----------+-----------+--------------------------------+--------------+
|  91 |  114.00 |       330.00 |     1.00 |     1000.00 |    48.00 | 198574.00 |                       79414.69 |  26206847.70 |
+-----+---------+--------------+----------+-------------+----------+-----------+--------------------------------+--------------+
|  92 |  115.00 |       338.00 |     1.00 |     1000.00 |    48.00 | 198574.00 |                       75407.73 |  25487812.74 |
+-----+---------+--------------+----------+-------------+----------+-----------+--------------------------------+--------------+
|  93 |  116.00 |        21.00 |     1.00 |      100.00 |    24.00 | 198574.00 |                        1363.37 |     28630.77 |
+-----+---------+--------------+----------+-------------+----------+-----------+--------------------------------+--------------+
|  94 |  117.00 |        21.00 |     1.00 |      100.00 |    24.00 | 198574.00 |                        1522.84 |     31979.64 |
+-----+---------+--------------+----------+-------------+----------+-----------+--------------------------------+--------------+
|  95 |  119.00 |        21.00 |     1.00 |      100.00 |    24.00 | 198574.00 |                        1540.87 |     32358.27 |
+-----+---------+--------------+----------+-------------+----------+-----------+--------------------------------+--------------+
|  96 |  120.00 |       178.00 |     1.00 |     1000.00 |    24.00 | 198574.00 |                       26982.16 |   4802824.48 |
+-----+---------+--------------+----------+-------------+----------+-----------+--------------------------------+--------------+
|  97 |  121.00 |       180.00 |     1.00 |     1000.00 |    24.00 | 198574.00 |                       27035.14 |   4866325.20 |
+-----+---------+--------------+----------+-------------+----------+-----------+--------------------------------+--------------+
|  98 |  122.00 |       181.00 |     1.00 |     1000.00 |    24.00 | 198574.00 |                       27067.94 |   4899297.14 |
+-----+---------+--------------+----------+-------------+----------+-----------+--------------------------------+--------------+
|  99 |  123.00 |       178.00 |     1.00 |     1000.00 |    24.00 | 198574.00 |                       26981.06 |   4802628.68 |
+-----+---------+--------------+----------+-------------+----------+-----------+--------------------------------+--------------+
| 100 |  125.00 |        30.00 |     1.00 |      100.00 |     2.00 | 198574.00 |                        1996.35 |     59890.50 |
+-----+---------+--------------+----------+-------------+----------+-----------+--------------------------------+--------------+
| 101 |  126.00 |        30.00 |     1.00 |      100.00 |     2.00 | 198574.00 |                        2207.63 |     66228.90 |
+-----+---------+--------------+----------+-------------+----------+-----------+--------------------------------+--------------+
| 102 |  127.00 |        30.00 |     1.00 |      100.00 |     2.00 | 198574.00 |                        1916.57 |     57497.10 |
+-----+---------+--------------+----------+-------------+----------+-----------+--------------------------------+--------------+
| 103 |  128.00 |       283.00 |     1.00 |     1000.00 |     2.00 | 198574.00 |                       26190.70 |   7411968.10 |
+-----+---------+--------------+----------+-------------+----------+-----------+--------------------------------+--------------+
| 104 |  129.00 |       285.00 |     1.00 |     1000.00 |     2.00 | 198574.00 |                       26165.91 |   7457284.35 |
+-----+---------+--------------+----------+-------------+----------+-----------+--------------------------------+--------------+
| 105 |  130.00 |       285.00 |     1.00 |     1000.00 |     2.00 | 198574.00 |                       26161.85 |   7456127.25 |
+-----+---------+--------------+----------+-------------+----------+-----------+--------------------------------+--------------+
| 106 |  131.00 |       283.00 |     1.00 |     1000.00 |     2.00 | 198574.00 |                       27375.95 |   7747393.85 |
+-----+---------+--------------+----------+-------------+----------+-----------+--------------------------------+--------------+
| 107 |  132.00 |        53.00 |     1.00 |      100.00 |    48.00 | 242689.00 |                       11502.69 |    609642.57 |
+-----+---------+--------------+----------+-------------+----------+-----------+--------------------------------+--------------+
| 108 |  133.00 |        51.00 |     1.00 |      100.00 |    48.00 | 242689.00 |                        9263.15 |    472420.65 |
+-----+---------+--------------+----------+-------------+----------+-----------+--------------------------------+--------------+
| 109 |  134.00 |        59.00 |     1.00 |      100.00 |    48.00 | 242689.00 |                       11637.39 |    686606.01 |
+-----+---------+--------------+----------+-------------+----------+-----------+--------------------------------+--------------+
| 110 |  135.00 |        54.00 |     1.00 |      100.00 |    48.00 | 242689.00 |                       11568.91 |    624721.14 |
+-----+---------+--------------+----------+-------------+----------+-----------+--------------------------------+--------------+
| 111 |  136.00 |       495.00 |     1.00 |     1000.00 |    48.00 | 242689.00 |                      112731.32 |  55802003.40 |
+-----+---------+--------------+----------+-------------+----------+-----------+--------------------------------+--------------+
| 112 |  137.00 |       491.00 |     1.00 |     1000.00 |    48.00 | 242689.00 |                      110628.05 |  54318372.55 |
+-----+---------+--------------+----------+-------------+----------+-----------+--------------------------------+--------------+
| 113 |  138.00 |       549.00 |     1.00 |     1000.00 |    48.00 | 242689.00 |                      132495.41 |  72739980.09 |
+-----+---------+--------------+----------+-------------+----------+-----------+--------------------------------+--------------+
| 114 |  139.00 |       551.00 |     1.00 |     1000.00 |    48.00 | 242689.00 |                      135291.47 |  74545599.97 |
+-----+---------+--------------+----------+-------------+----------+-----------+--------------------------------+--------------+
| 115 |  140.00 |        31.00 |     1.00 |      100.00 |    24.00 | 242689.00 |                        3215.42 |     99678.02 |
+-----+---------+--------------+----------+-------------+----------+-----------+--------------------------------+--------------+
| 116 |  141.00 |        31.00 |     1.00 |      100.00 |    24.00 | 242689.00 |                        3216.88 |     99723.28 |
+-----+---------+--------------+----------+-------------+----------+-----------+--------------------------------+--------------+
| 117 |  142.00 |        31.00 |     1.00 |      100.00 |    24.00 | 242689.00 |                        3222.63 |     99901.53 |
+-----+---------+--------------+----------+-------------+----------+-----------+--------------------------------+--------------+
| 118 |  143.00 |        31.00 |     1.00 |      100.00 |    24.00 | 242689.00 |                        3216.81 |     99721.11 |
+-----+---------+--------------+----------+-------------+----------+-----------+--------------------------------+--------------+
| 119 |  144.00 |       290.00 |     1.00 |     1000.00 |    24.00 | 242689.00 |                       45997.90 |  13339391.00 |
+-----+---------+--------------+----------+-------------+----------+-----------+--------------------------------+--------------+
| 120 |  145.00 |       301.00 |     1.00 |     1000.00 |    24.00 | 242689.00 |                       44424.24 |  13371696.24 |
+-----+---------+--------------+----------+-------------+----------+-----------+--------------------------------+--------------+
| 121 |  146.00 |       285.00 |     1.00 |     1000.00 |    24.00 | 242689.00 |                       44509.68 |  12685258.80 |
+-----+---------+--------------+----------+-------------+----------+-----------+--------------------------------+--------------+
| 122 |  147.00 |       299.00 |     1.00 |     1000.00 |    24.00 | 242689.00 |                       47546.80 |  14216493.20 |
+-----+---------+--------------+----------+-------------+----------+-----------+--------------------------------+--------------+
| 123 |  148.00 |        51.00 |     1.00 |      100.00 |     2.00 | 242689.00 |                        4030.41 |    205550.91 |
+-----+---------+--------------+----------+-------------+----------+-----------+--------------------------------+--------------+
| 124 |  149.00 |        51.00 |     1.00 |      100.00 |     2.00 | 242689.00 |                        4027.53 |    205404.03 |
+-----+---------+--------------+----------+-------------+----------+-----------+--------------------------------+--------------+
| 125 |  151.00 |        51.00 |     1.00 |      100.00 |     2.00 | 242689.00 |                        4021.82 |    205112.82 |
+-----+---------+--------------+----------+-------------+----------+-----------+--------------------------------+--------------+
| 126 |  152.00 |       499.00 |     1.00 |     1000.00 |     2.00 | 242689.00 |                       48631.97 |  24267353.03 |
+-----+---------+--------------+----------+-------------+----------+-----------+--------------------------------+--------------+
| 127 |  153.00 |       501.00 |     1.00 |     1000.00 |     2.00 | 242689.00 |                       48597.04 |  24347117.04 |
+-----+---------+--------------+----------+-------------+----------+-----------+--------------------------------+--------------+
| 128 |  154.00 |       498.00 |     1.00 |     1000.00 |     2.00 | 242689.00 |                       48672.63 |  24238969.74 |
+-----+---------+--------------+----------+-------------+----------+-----------+--------------------------------+--------------+
| 129 |  155.00 |       500.00 |     1.00 |     1000.00 |     2.00 | 242689.00 |                       48670.38 |  24335190.00 |
+-----+---------+--------------+----------+-------------+----------+-----------+--------------------------------+--------------+
| 130 |  156.00 |        63.00 |     1.00 |      100.00 |    48.00 | 287037.00 |                       11452.45 |    721504.35 |
+-----+---------+--------------+----------+-------------+----------+-----------+--------------------------------+--------------+
| 131 |  157.00 |        53.00 |     1.00 |      100.00 |    48.00 | 287037.00 |                       11550.67 |    612185.51 |
+-----+---------+--------------+----------+-------------+----------+-----------+--------------------------------+--------------+
| 132 |  158.00 |        65.00 |     1.00 |      100.00 |    48.00 | 287037.00 |                       13786.70 |    896135.50 |
+-----+---------+--------------+----------+-------------+----------+-----------+--------------------------------+--------------+
| 133 |  159.00 |        61.00 |     1.00 |      100.00 |    48.00 | 287037.00 |                       11492.18 |    701022.98 |
+-----+---------+--------------+----------+-------------+----------+-----------+--------------------------------+--------------+
| 134 |  160.00 |       596.00 |     1.00 |     1000.00 |    48.00 | 287037.00 |                      135464.29 |  80736716.84 |
+-----+---------+--------------+----------+-------------+----------+-----------+--------------------------------+--------------+
| 135 |  161.00 |       610.00 |     1.00 |     1000.00 |    48.00 | 287037.00 |                      138359.45 |  84399264.50 |
+-----+---------+--------------+----------+-------------+----------+-----------+--------------------------------+--------------+
| 136 |  162.00 |       572.00 |     1.00 |     1000.00 |    48.00 | 287037.00 |                      127856.70 |  73134032.40 |
+-----+---------+--------------+----------+-------------+----------+-----------+--------------------------------+--------------+
| 137 |  163.00 |       601.00 |     1.00 |     1000.00 |    48.00 | 287037.00 |                      133461.70 |  80210481.70 |
+-----+---------+--------------+----------+-------------+----------+-----------+--------------------------------+--------------+
| 138 |  165.00 |        32.00 |     1.00 |      100.00 |    24.00 | 287037.00 |                        4775.13 |    152804.16 |
+-----+---------+--------------+----------+-------------+----------+-----------+--------------------------------+--------------+
| 139 |  166.00 |        32.00 |     1.00 |      100.00 |    24.00 | 287037.00 |                        4773.92 |    152765.44 |
+-----+---------+--------------+----------+-------------+----------+-----------+--------------------------------+--------------+
| 140 |  167.00 |        32.00 |     1.00 |      100.00 |    24.00 | 287037.00 |                        4778.94 |    152926.08 |
+-----+---------+--------------+----------+-------------+----------+-----------+--------------------------------+--------------+
| 141 |  168.00 |       308.00 |     1.00 |     1000.00 |    24.00 | 287037.00 |                       46866.23 |  14434798.84 |
+-----+---------+--------------+----------+-------------+----------+-----------+--------------------------------+--------------+
| 142 |  169.00 |       320.00 |     1.00 |     1000.00 |    24.00 | 287037.00 |                       50259.29 |  16082972.80 |
+-----+---------+--------------+----------+-------------+----------+-----------+--------------------------------+--------------+
| 143 |  170.00 |       303.00 |     1.00 |     1000.00 |    24.00 | 287037.00 |                       46958.70 |  14228486.10 |
+-----+---------+--------------+----------+-------------+----------+-----------+--------------------------------+--------------+
| 144 |  171.00 |       302.00 |     1.00 |     1000.00 |    24.00 | 287037.00 |                       46947.29 |  14178081.58 |
+-----+---------+--------------+----------+-------------+----------+-----------+--------------------------------+--------------+
| 145 |  172.00 |        31.00 |     1.00 |      100.00 |     2.00 | 287037.00 |                        1998.13 |     61942.03 |
+-----+---------+--------------+----------+-------------+----------+-----------+--------------------------------+--------------+
| 146 |  173.00 |        32.00 |     1.00 |      100.00 |     2.00 | 287037.00 |                        2993.93 |     95805.76 |
+-----+---------+--------------+----------+-------------+----------+-----------+--------------------------------+--------------+
| 147 |  174.00 |        32.00 |     1.00 |      100.00 |     2.00 | 287037.00 |                        1981.40 |     63404.80 |
+-----+---------+--------------+----------+-------------+----------+-----------+--------------------------------+--------------+
| 148 |  175.00 |        31.00 |     1.00 |      100.00 |     2.00 | 287037.00 |                        1987.65 |     61617.15 |
+-----+---------+--------------+----------+-------------+----------+-----------+--------------------------------+--------------+
| 149 |  176.00 |       301.00 |     1.00 |     1000.00 |     2.00 | 287037.00 |                       29182.62 |   8783968.62 |
+-----+---------+--------------+----------+-------------+----------+-----------+--------------------------------+--------------+
| 150 |  177.00 |       301.00 |     1.00 |     1000.00 |     2.00 | 287037.00 |                       29180.48 |   8783324.48 |
+-----+---------+--------------+----------+-------------+----------+-----------+--------------------------------+--------------+
| 151 |  178.00 |       301.00 |     1.00 |     1000.00 |     2.00 | 287037.00 |                       29162.17 |   8777813.17 |
+-----+---------+--------------+----------+-------------+----------+-----------+--------------------------------+--------------+
| 152 |  180.00 |        55.00 |     1.00 |      100.00 |    48.00 | 231143.00 |                       11446.59 |    629562.45 |
+-----+---------+--------------+----------+-------------+----------+-----------+--------------------------------+--------------+
| 153 |  181.00 |        55.00 |     1.00 |      100.00 |    48.00 | 231143.00 |                       11515.03 |    633326.65 |
+-----+---------+--------------+----------+-------------+----------+-----------+--------------------------------+--------------+
| 154 |  183.00 |        55.00 |     1.00 |      100.00 |    48.00 | 231143.00 |                       11479.38 |    631365.90 |
+-----+---------+--------------+----------+-------------+----------+-----------+--------------------------------+--------------+
| 155 |  184.00 |       475.00 |     1.00 |     1000.00 |    48.00 | 231143.00 |                      107550.01 |  51086254.75 |
+-----+---------+--------------+----------+-------------+----------+-----------+--------------------------------+--------------+
| 156 |  185.00 |       483.00 |     1.00 |     1000.00 |    48.00 | 231143.00 |                      109142.31 |  52715735.73 |
+-----+---------+--------------+----------+-------------+----------+-----------+--------------------------------+--------------+
| 157 |  186.00 |       525.00 |     1.00 |     1000.00 |    48.00 | 231143.00 |                      119067.40 |  62510385.00 |
+-----+---------+--------------+----------+-------------+----------+-----------+--------------------------------+--------------+
| 158 |  187.00 |       485.00 |     1.00 |     1000.00 |    48.00 | 231143.00 |                      109622.47 |  53166897.95 |
+-----+---------+--------------+----------+-------------+----------+-----------+--------------------------------+--------------+
| 159 |  188.00 |        30.00 |     1.00 |      100.00 |    24.00 | 231143.00 |                        3202.07 |     96062.10 |
+-----+---------+--------------+----------+-------------+----------+-----------+--------------------------------+--------------+
| 160 |  190.00 |        30.00 |     1.00 |      100.00 |    24.00 | 231143.00 |                        3058.61 |     91758.30 |
+-----+---------+--------------+----------+-------------+----------+-----------+--------------------------------+--------------+
| 161 |  191.00 |        30.00 |     1.00 |      100.00 |    24.00 | 231143.00 |                        3084.29 |     92528.70 |
+-----+---------+--------------+----------+-------------+----------+-----------+--------------------------------+--------------+
| 162 |  192.00 |       281.00 |     1.00 |     1000.00 |    24.00 | 231143.00 |                       42540.51 |  11953883.31 |
+-----+---------+--------------+----------+-------------+----------+-----------+--------------------------------+--------------+
| 163 |  193.00 |       286.00 |     1.00 |     1000.00 |    24.00 | 231143.00 |                       42464.06 |  12144721.16 |
+-----+---------+--------------+----------+-------------+----------+-----------+--------------------------------+--------------+
| 164 |  194.00 |       292.00 |     1.00 |     1000.00 |    24.00 | 231143.00 |                       43719.46 |  12766082.32 |
+-----+---------+--------------+----------+-------------+----------+-----------+--------------------------------+--------------+
| 165 |  195.00 |       278.00 |     1.00 |     1000.00 |    24.00 | 231143.00 |                       43753.05 |  12163347.90 |
+-----+---------+--------------+----------+-------------+----------+-----------+--------------------------------+--------------+
| 166 |  196.00 |        33.00 |     1.00 |      100.00 |     2.00 | 231143.00 |                        2999.86 |     98995.38 |
+-----+---------+--------------+----------+-------------+----------+-----------+--------------------------------+--------------+
| 167 |  197.00 |        33.00 |     1.00 |      100.00 |     2.00 | 231143.00 |                        3005.78 |     99190.74 |
+-----+---------+--------------+----------+-------------+----------+-----------+--------------------------------+--------------+
| 168 |  198.00 |        33.00 |     1.00 |      100.00 |     2.00 | 231143.00 |                        2996.91 |     98898.03 |
+-----+---------+--------------+----------+-------------+----------+-----------+--------------------------------+--------------+
| 169 |  199.00 |        33.00 |     1.00 |      100.00 |     2.00 | 231143.00 |                        2983.47 |     98454.51 |
+-----+---------+--------------+----------+-------------+----------+-----------+--------------------------------+--------------+
| 170 |  200.00 |       323.00 |     1.00 |     1000.00 |     2.00 | 231143.00 |                       31147.26 |  10060564.98 |
+-----+---------+--------------+----------+-------------+----------+-----------+--------------------------------+--------------+
| 171 |  201.00 |       321.00 |     1.00 |     1000.00 |     2.00 | 231143.00 |                       31186.77 |  10010953.17 |
+-----+---------+--------------+----------+-------------+----------+-----------+--------------------------------+--------------+
| 172 |  202.00 |       322.00 |     1.00 |     1000.00 |     2.00 | 231143.00 |                       31230.49 |  10056217.78 |
+-----+---------+--------------+----------+-------------+----------+-----------+--------------------------------+--------------+
| 173 |  203.00 |       320.00 |     1.00 |     1000.00 |     2.00 | 231143.00 |                       31201.01 |   9984323.20 |
+-----+---------+--------------+----------+-------------+----------+-----------+--------------------------------+--------------+
| 174 |  204.00 |        54.00 |     1.00 |      100.00 |    48.00 | 272549.00 |                       11451.41 |    618376.14 |
+-----+---------+--------------+----------+-------------+----------+-----------+--------------------------------+--------------+
| 175 |  205.00 |        52.00 |     1.00 |      100.00 |    48.00 | 272549.00 |                        9142.90 |    475430.80 |
+-----+---------+--------------+----------+-------------+----------+-----------+--------------------------------+--------------+
| 176 |  206.00 |        53.00 |     1.00 |      100.00 |    48.00 | 272549.00 |                        9164.65 |    485726.45 |
+-----+---------+--------------+----------+-------------+----------+-----------+--------------------------------+--------------+
| 177 |  207.00 |        53.00 |     1.00 |      100.00 |    48.00 | 272549.00 |                       11423.60 |    605450.80 |
+-----+---------+--------------+----------+-------------+----------+-----------+--------------------------------+--------------+
| 178 |  208.00 |       476.00 |     1.00 |     1000.00 |    48.00 | 272549.00 |                      107216.66 |  51035130.16 |
+-----+---------+--------------+----------+-------------+----------+-----------+--------------------------------+--------------+
| 179 |  209.00 |       496.00 |     1.00 |     1000.00 |    48.00 | 272549.00 |                      110452.27 |  54784325.92 |
+-----+---------+--------------+----------+-------------+----------+-----------+--------------------------------+--------------+
| 180 |  210.00 |       488.00 |     1.00 |     1000.00 |    48.00 | 272549.00 |                      108640.18 |  53016407.84 |
+-----+---------+--------------+----------+-------------+----------+-----------+--------------------------------+--------------+
| 181 |  211.00 |       502.00 |     1.00 |     1000.00 |    48.00 | 272549.00 |                      111198.71 |  55821752.42 |
+-----+---------+--------------+----------+-------------+----------+-----------+--------------------------------+--------------+
| 182 |  212.00 |        28.00 |     1.00 |      100.00 |    24.00 | 272549.00 |                        3193.40 |     89415.20 |
+-----+---------+--------------+----------+-------------+----------+-----------+--------------------------------+--------------+
| 183 |  213.00 |        29.00 |     1.00 |      100.00 |    24.00 | 272549.00 |                        3172.95 |     92015.55 |
+-----+---------+--------------+----------+-------------+----------+-----------+--------------------------------+--------------+
| 184 |  214.00 |        30.00 |     1.00 |      100.00 |    24.00 | 272549.00 |                        3121.78 |     93653.40 |
+-----+---------+--------------+----------+-------------+----------+-----------+--------------------------------+--------------+
| 185 |  215.00 |        28.00 |     1.00 |      100.00 |    24.00 | 272549.00 |                        3166.93 |     88674.04 |
+-----+---------+--------------+----------+-------------+----------+-----------+--------------------------------+--------------+
| 186 |  216.00 |       264.00 |     1.00 |     1000.00 |    24.00 | 272549.00 |                       40400.46 |  10665721.44 |
+-----+---------+--------------+----------+-------------+----------+-----------+--------------------------------+--------------+
| 187 |  217.00 |       259.00 |     1.00 |     1000.00 |    24.00 | 272549.00 |                       40430.81 |  10471579.79 |
+-----+---------+--------------+----------+-------------+----------+-----------+--------------------------------+--------------+
| 188 |  218.00 |       258.00 |     1.00 |     1000.00 |    24.00 | 272549.00 |                       40450.65 |  10436267.70 |
+-----+---------+--------------+----------+-------------+----------+-----------+--------------------------------+--------------+
| 189 |  219.00 |       259.00 |     1.00 |     1000.00 |    24.00 | 272549.00 |                       40429.80 |  10471318.20 |
+-----+---------+--------------+----------+-------------+----------+-----------+--------------------------------+--------------+
| 190 |  221.00 |        27.00 |     1.00 |      100.00 |     2.00 | 272549.00 |                        1992.22 |     53789.94 |
+-----+---------+--------------+----------+-------------+----------+-----------+--------------------------------+--------------+
| 191 |  222.00 |        27.00 |     1.00 |      100.00 |     2.00 | 272549.00 |                        1983.36 |     53550.72 |
+-----+---------+--------------+----------+-------------+----------+-----------+--------------------------------+--------------+
| 192 |  223.00 |        27.00 |     1.00 |      100.00 |     2.00 | 272549.00 |                        1993.15 |     53815.05 |
+-----+---------+--------------+----------+-------------+----------+-----------+--------------------------------+--------------+
| 193 |  224.00 |       255.00 |     1.00 |     1000.00 |     2.00 | 272549.00 |                       24123.37 |   6151459.35 |
+-----+---------+--------------+----------+-------------+----------+-----------+--------------------------------+--------------+
| 194 |  225.00 |       254.00 |     1.00 |     1000.00 |     2.00 | 272549.00 |                       24195.10 |   6145555.40 |
+-----+---------+--------------+----------+-------------+----------+-----------+--------------------------------+--------------+
| 195 |  227.00 |       255.00 |     1.00 |     1000.00 |     2.00 | 272549.00 |                       24088.34 |   6142526.70 |
+-----+---------+--------------+----------+-------------+----------+-----------+--------------------------------+--------------+
| 196 |  228.00 |        85.00 |     1.00 |      100.00 |    48.00 | 377019.00 |                       18448.87 |   1568153.95 |
+-----+---------+--------------+----------+-------------+----------+-----------+--------------------------------+--------------+
| 197 |  229.00 |        89.00 |     1.00 |      100.00 |    48.00 | 377019.00 |                       18089.72 |   1609985.08 |
+-----+---------+--------------+----------+-------------+----------+-----------+--------------------------------+--------------+
| 198 |  230.00 |        77.00 |     1.00 |      100.00 |    48.00 | 377019.00 |                       16107.23 |   1240256.71 |
+-----+---------+--------------+----------+-------------+----------+-----------+--------------------------------+--------------+
| 199 |  231.00 |        75.00 |     1.00 |      100.00 |    48.00 | 377019.00 |                       16135.74 |   1210180.50 |
+-----+---------+--------------+----------+-------------+----------+-----------+--------------------------------+--------------+
| 200 |  232.00 |       756.00 |     1.00 |     1000.00 |    48.00 | 377019.00 |                      169360.02 | 128036175.12 |
+-----+---------+--------------+----------+-------------+----------+-----------+--------------------------------+--------------+
| 201 |  233.00 |       847.00 |     1.00 |     1000.00 |    48.00 | 377019.00 |                      193440.06 | 163843730.82 |
+-----+---------+--------------+----------+-------------+----------+-----------+--------------------------------+--------------+
| 202 |  234.00 |       722.00 |     1.00 |     1000.00 |    48.00 | 377019.00 |                      165916.63 | 119791806.86 |
+-----+---------+--------------+----------+-------------+----------+-----------+--------------------------------+--------------+
| 203 |  235.00 |       885.00 |     1.00 |     1000.00 |    48.00 | 377019.00 |                      202920.01 | 179584208.85 |
+-----+---------+--------------+----------+-------------+----------+-----------+--------------------------------+--------------+
| 204 |  237.00 |        52.00 |     1.00 |      100.00 |    24.00 | 377019.00 |                        6556.99 |    340963.48 |
+-----+---------+--------------+----------+-------------+----------+-----------+--------------------------------+--------------+
| 205 |  238.00 |        52.00 |     1.00 |      100.00 |    24.00 | 377019.00 |                        8224.49 |    427673.48 |
+-----+---------+--------------+----------+-------------+----------+-----------+--------------------------------+--------------+
| 206 |  239.00 |        52.00 |     1.00 |      100.00 |    24.00 | 377019.00 |                        6558.71 |    341052.92 |
+-----+---------+--------------+----------+-------------+----------+-----------+--------------------------------+--------------+
| 207 |  240.00 |       511.00 |     1.00 |     1000.00 |    24.00 | 377019.00 |                       81508.19 |  41650685.09 |
+-----+---------+--------------+----------+-------------+----------+-----------+--------------------------------+--------------+
| 208 |  241.00 |       514.00 |     1.00 |     1000.00 |    24.00 | 377019.00 |                       82905.72 |  42613540.08 |
+-----+---------+--------------+----------+-------------+----------+-----------+--------------------------------+--------------+
| 209 |  242.00 |       517.00 |     1.00 |     1000.00 |    24.00 | 377019.00 |                       83141.74 |  42984279.58 |
+-----+---------+--------------+----------+-------------+----------+-----------+--------------------------------+--------------+
| 210 |  243.00 |       507.00 |     1.00 |     1000.00 |    24.00 | 377019.00 |                       81652.32 |  41397726.24 |
+-----+---------+--------------+----------+-------------+----------+-----------+--------------------------------+--------------+
| 211 |  244.00 |       107.00 |     1.00 |      100.00 |     2.00 | 377019.00 |                       10210.36 |   1092508.52 |
+-----+---------+--------------+----------+-------------+----------+-----------+--------------------------------+--------------+
| 212 |  245.00 |       114.00 |     1.00 |      100.00 |     2.00 | 377019.00 |                       10161.12 |   1158367.68 |
+-----+---------+--------------+----------+-------------+----------+-----------+--------------------------------+--------------+
| 213 |  246.00 |       106.00 |     1.00 |      100.00 |     2.00 | 377019.00 |                       10213.86 |   1082669.16 |
+-----+---------+--------------+----------+-------------+----------+-----------+--------------------------------+--------------+
| 214 |  247.00 |       106.00 |     1.00 |      100.00 |     2.00 | 377019.00 |                       10179.91 |   1079070.46 |
+-----+---------+--------------+----------+-------------+----------+-----------+--------------------------------+--------------+
| 215 |  248.00 |      1069.00 |     1.00 |     1000.00 |     2.00 | 377019.00 |                      106119.00 | 113441211.00 |
+-----+---------+--------------+----------+-------------+----------+-----------+--------------------------------+--------------+
| 216 |  249.00 |      1083.00 |     1.00 |     1000.00 |     2.00 | 377019.00 |                      115351.25 | 124925403.75 |
+-----+---------+--------------+----------+-------------+----------+-----------+--------------------------------+--------------+
| 217 |  250.00 |      1085.00 |     1.00 |     1000.00 |     2.00 | 377019.00 |                      108156.84 | 117350171.40 |
+-----+---------+--------------+----------+-------------+----------+-----------+--------------------------------+--------------+
| 218 |  251.00 |      1106.00 |     1.00 |     1000.00 |     2.00 | 377019.00 |                      109699.84 | 121328023.04 |
+-----+---------+--------------+----------+-------------+----------+-----------+--------------------------------+--------------+
| 219 |  252.00 |       329.00 |     1.00 |      100.00 |    48.00 | 484520.00 |                       29467.45 |   9694791.05 |
+-----+---------+--------------+----------+-------------+----------+-----------+--------------------------------+--------------+
| 220 |  253.00 |       161.00 |     1.00 |      100.00 |    48.00 | 484520.00 |                       34535.21 |   5560168.81 |
+-----+---------+--------------+----------+-------------+----------+-----------+--------------------------------+--------------+
| 221 |  254.00 |       151.00 |     1.00 |      100.00 |    48.00 | 484520.00 |                       32407.10 |   4893472.10 |
+-----+---------+--------------+----------+-------------+----------+-----------+--------------------------------+--------------+
| 222 |  255.00 |       149.00 |     1.00 |      100.00 |    48.00 | 484520.00 |                       32209.03 |   4799145.47 |
+-----+---------+--------------+----------+-------------+----------+-----------+--------------------------------+--------------+
| 223 |  256.00 |        89.00 |     1.00 |      100.00 |    24.00 | 484520.00 |                       13363.07 |   1189313.23 |
+-----+---------+--------------+----------+-------------+----------+-----------+--------------------------------+--------------+
| 224 |  257.00 |        95.00 |     1.00 |      100.00 |    24.00 | 484520.00 |                       14244.27 |   1353205.65 |
+-----+---------+--------------+----------+-------------+----------+-----------+--------------------------------+--------------+
| 225 |  258.00 |        89.00 |     1.00 |      100.00 |    24.00 | 484520.00 |                       12949.94 |   1152544.66 |
+-----+---------+--------------+----------+-------------+----------+-----------+--------------------------------+--------------+
| 226 |  259.00 |        90.00 |     1.00 |      100.00 |    24.00 | 484520.00 |                       12909.29 |   1161836.10 |
+-----+---------+--------------+----------+-------------+----------+-----------+--------------------------------+--------------+
| 227 |  260.00 |       881.00 |     1.00 |     1000.00 |    24.00 | 484520.00 |                      138347.71 | 121884332.51 |
+-----+---------+--------------+----------+-------------+----------+-----------+--------------------------------+--------------+
| 228 |  261.00 |       889.00 |     1.00 |     1000.00 |    24.00 | 484520.00 |                      144164.56 | 128162293.84 |
+-----+---------+--------------+----------+-------------+----------+-----------+--------------------------------+--------------+
| 229 |  262.00 |       891.00 |     1.00 |     1000.00 |    24.00 | 484520.00 |                      144250.81 | 128527471.71 |
+-----+---------+--------------+----------+-------------+----------+-----------+--------------------------------+--------------+
| 230 |  263.00 |       885.00 |     1.00 |     1000.00 |    24.00 | 484520.00 |                      144443.68 | 127832656.80 |
+-----+---------+--------------+----------+-------------+----------+-----------+--------------------------------+--------------+
| 231 |  265.00 |       227.00 |     1.00 |      100.00 |     2.00 | 484520.00 |                       22528.29 |   5113921.83 |
+-----+---------+--------------+----------+-------------+----------+-----------+--------------------------------+--------------+
| 232 |  267.00 |       227.00 |     1.00 |      100.00 |     2.00 | 484520.00 |                       22478.73 |   5102671.71 |
+-----+---------+--------------+----------+-------------+----------+-----------+--------------------------------+--------------+
| 233 |  268.00 |        67.00 |     5.00 |     1000.00 |    48.00 | 187026.00 |                       73596.04 |   4930934.68 |
+-----+---------+--------------+----------+-------------+----------+-----------+--------------------------------+--------------+
| 234 |  269.00 |        65.00 |     5.00 |     1000.00 |    48.00 | 187026.00 |                       74049.30 |   4813204.50 |
+-----+---------+--------------+----------+-------------+----------+-----------+--------------------------------+--------------+
| 235 |  270.00 |        63.00 |     5.00 |     1000.00 |    48.00 | 187026.00 |                       74360.76 |   4684727.88 |
+-----+---------+--------------+----------+-------------+----------+-----------+--------------------------------+--------------+
| 236 |  271.00 |        59.00 |     5.00 |     1000.00 |    48.00 | 187026.00 |                       61036.18 |   3601134.62 |
+-----+---------+--------------+----------+-------------+----------+-----------+--------------------------------+--------------+
| 237 |  272.00 |        35.00 |     5.00 |     1000.00 |    24.00 | 187026.00 |                       25085.51 |    877992.85 |
+-----+---------+--------------+----------+-------------+----------+-----------+--------------------------------+--------------+
| 238 |  273.00 |        42.00 |     5.00 |     1000.00 |    24.00 | 187026.00 |                       24962.24 |   1048414.08 |
+-----+---------+--------------+----------+-------------+----------+-----------+--------------------------------+--------------+
| 239 |  274.00 |        26.00 |     5.00 |     1000.00 |    24.00 | 187026.00 |                       16374.20 |    425729.20 |
+-----+---------+--------------+----------+-------------+----------+-----------+--------------------------------+--------------+
| 240 |  275.00 |        26.00 |     5.00 |     1000.00 |    24.00 | 187026.00 |                       16509.17 |    429238.42 |
+-----+---------+--------------+----------+-------------+----------+-----------+--------------------------------+--------------+
| 241 |  276.00 |        33.00 |     5.00 |     1000.00 |     2.00 | 187026.00 |                       15686.45 |    517652.85 |
+-----+---------+--------------+----------+-------------+----------+-----------+--------------------------------+--------------+
| 242 |  277.00 |        29.00 |     5.00 |     1000.00 |     2.00 | 187026.00 |                       10565.33 |    306394.57 |
+-----+---------+--------------+----------+-------------+----------+-----------+--------------------------------+--------------+
| 243 |  278.00 |        32.00 |     5.00 |     1000.00 |     2.00 | 187026.00 |                       10425.92 |    333629.44 |
+-----+---------+--------------+----------+-------------+----------+-----------+--------------------------------+--------------+
| 244 |  279.00 |        34.00 |     5.00 |     1000.00 |     2.00 | 187026.00 |                       15449.33 |    525277.22 |
+-----+---------+--------------+----------+-------------+----------+-----------+--------------------------------+--------------+
| 245 |  280.00 |        87.00 |     5.00 |     1000.00 |    48.00 | 198574.00 |                       97053.38 |   8443644.06 |
+-----+---------+--------------+----------+-------------+----------+-----------+--------------------------------+--------------+
| 246 |  281.00 |        86.00 |     5.00 |     1000.00 |    48.00 | 198574.00 |                       97166.84 |   8356348.24 |
+-----+---------+--------------+----------+-------------+----------+-----------+--------------------------------+--------------+
| 247 |  282.00 |        77.00 |     5.00 |     1000.00 |    48.00 | 198574.00 |                       82358.33 |   6341591.41 |
+-----+---------+--------------+----------+-------------+----------+-----------+--------------------------------+--------------+
| 248 |  283.00 |        87.00 |     5.00 |     1000.00 |    48.00 | 198574.00 |                       98211.23 |   8544377.01 |
+-----+---------+--------------+----------+-------------+----------+-----------+--------------------------------+--------------+
| 249 |  284.00 |        43.00 |     5.00 |     1000.00 |    24.00 | 198574.00 |                       33359.69 |   1434466.67 |
+-----+---------+--------------+----------+-------------+----------+-----------+--------------------------------+--------------+
| 250 |  285.00 |        43.00 |     5.00 |     1000.00 |    24.00 | 198574.00 |                       32728.68 |   1407333.24 |
+-----+---------+--------------+----------+-------------+----------+-----------+--------------------------------+--------------+
| 251 |  286.00 |        45.00 |     5.00 |     1000.00 |    24.00 | 198574.00 |                       31979.46 |   1439075.70 |
+-----+---------+--------------+----------+-------------+----------+-----------+--------------------------------+--------------+
| 252 |  287.00 |        42.00 |     5.00 |     1000.00 |    24.00 | 198574.00 |                       25418.10 |   1067560.20 |
+-----+---------+--------------+----------+-------------+----------+-----------+--------------------------------+--------------+
| 253 |  289.00 |        59.00 |     5.00 |     1000.00 |     2.00 | 198574.00 |                       26242.65 |   1548316.35 |
+-----+---------+--------------+----------+-------------+----------+-----------+--------------------------------+--------------+
| 254 |  290.00 |        59.00 |     5.00 |     1000.00 |     2.00 | 198574.00 |                       26306.91 |   1552107.69 |
+-----+---------+--------------+----------+-------------+----------+-----------+--------------------------------+--------------+
| 255 |  291.00 |        59.00 |     5.00 |     1000.00 |     2.00 | 198574.00 |                       26336.50 |   1553853.50 |
+-----+---------+--------------+----------+-------------+----------+-----------+--------------------------------+--------------+
| 256 |  292.00 |        14.00 |     5.00 |      100.00 |    48.00 | 242689.00 |                       11522.73 |    161318.22 |
+-----+---------+--------------+----------+-------------+----------+-----------+--------------------------------+--------------+
| 257 |  294.00 |        14.00 |     5.00 |      100.00 |    48.00 | 242689.00 |                       11566.92 |    161936.88 |
+-----+---------+--------------+----------+-------------+----------+-----------+--------------------------------+--------------+
| 258 |  295.00 |        14.00 |     5.00 |      100.00 |    48.00 | 242689.00 |                       11646.92 |    163056.88 |
+-----+---------+--------------+----------+-------------+----------+-----------+--------------------------------+--------------+
| 259 |  296.00 |       117.00 |     5.00 |     1000.00 |    48.00 | 242689.00 |                      132484.45 |  15500680.65 |
+-----+---------+--------------+----------+-------------+----------+-----------+--------------------------------+--------------+
| 260 |  297.00 |       135.00 |     5.00 |     1000.00 |    48.00 | 242689.00 |                      157221.93 |  21224960.55 |
+-----+---------+--------------+----------+-------------+----------+-----------+--------------------------------+--------------+
| 261 |  298.00 |       128.00 |     5.00 |     1000.00 |    48.00 | 242689.00 |                      145921.90 |  18678003.20 |
+-----+---------+--------------+----------+-------------+----------+-----------+--------------------------------+--------------+
| 262 |  299.00 |       113.00 |     5.00 |     1000.00 |    48.00 | 242689.00 |                      120187.41 |  13581177.33 |
+-----+---------+--------------+----------+-------------+----------+-----------+--------------------------------+--------------+
| 263 |  300.00 |        62.00 |     5.00 |     1000.00 |    24.00 | 242689.00 |                       41879.59 |   2596534.58 |
+-----+---------+--------------+----------+-------------+----------+-----------+--------------------------------+--------------+
| 264 |  301.00 |        63.00 |     5.00 |     1000.00 |    24.00 | 242689.00 |                       43663.89 |   2750825.07 |
+-----+---------+--------------+----------+-------------+----------+-----------+--------------------------------+--------------+
| 265 |  302.00 |        88.00 |     5.00 |     1000.00 |    24.00 | 242689.00 |                       67618.96 |   5950468.48 |
+-----+---------+--------------+----------+-------------+----------+-----------+--------------------------------+--------------+
| 266 |  303.00 |        73.00 |     5.00 |     1000.00 |    24.00 | 242689.00 |                       57753.24 |   4215986.52 |
+-----+---------+--------------+----------+-------------+----------+-----------+--------------------------------+--------------+
| 267 |  304.00 |        12.00 |     5.00 |      100.00 |     2.00 | 242689.00 |                        5203.03 |     62436.36 |
+-----+---------+--------------+----------+-------------+----------+-----------+--------------------------------+--------------+
| 268 |  305.00 |        12.00 |     5.00 |      100.00 |     2.00 | 242689.00 |                        5185.70 |     62228.40 |
+-----+---------+--------------+----------+-------------+----------+-----------+--------------------------------+--------------+
| 269 |  306.00 |        15.00 |     5.00 |      100.00 |     2.00 | 242689.00 |                        4635.91 |     69538.65 |
+-----+---------+--------------+----------+-------------+----------+-----------+--------------------------------+--------------+
| 270 |  307.00 |        13.00 |     5.00 |      100.00 |     2.00 | 242689.00 |                        5236.38 |     68072.94 |
+-----+---------+--------------+----------+-------------+----------+-----------+--------------------------------+--------------+
| 271 |  308.00 |       107.00 |     5.00 |     1000.00 |     2.00 | 242689.00 |                       53027.80 |   5673974.60 |
+-----+---------+--------------+----------+-------------+----------+-----------+--------------------------------+--------------+
| 272 |  309.00 |       106.00 |     5.00 |     1000.00 |     2.00 | 242689.00 |                       52941.46 |   5611794.76 |
+-----+---------+--------------+----------+-------------+----------+-----------+--------------------------------+--------------+
| 273 |  310.00 |       108.00 |     5.00 |     1000.00 |     2.00 | 242689.00 |                       52878.95 |   5710926.60 |
+-----+---------+--------------+----------+-------------+----------+-----------+--------------------------------+--------------+
| 274 |  311.00 |       110.00 |     5.00 |     1000.00 |     2.00 | 242689.00 |                       52630.13 |   5789314.30 |
+-----+---------+--------------+----------+-------------+----------+-----------+--------------------------------+--------------+
| 275 |  312.00 |        17.00 |     5.00 |      100.00 |    48.00 | 287037.00 |                       11440.78 |    194493.26 |
+-----+---------+--------------+----------+-------------+----------+-----------+--------------------------------+--------------+
| 276 |  313.00 |        16.00 |     5.00 |      100.00 |    48.00 | 287037.00 |                       11487.43 |    183798.88 |
+-----+---------+--------------+----------+-------------+----------+-----------+--------------------------------+--------------+
| 277 |  314.00 |        19.00 |     5.00 |      100.00 |    48.00 | 287037.00 |                        9735.98 |    184983.62 |
+-----+---------+--------------+----------+-------------+----------+-----------+--------------------------------+--------------+
| 278 |  315.00 |        16.00 |     5.00 |      100.00 |    48.00 | 287037.00 |                       11435.57 |    182969.12 |
+-----+---------+--------------+----------+-------------+----------+-----------+--------------------------------+--------------+
| 279 |  316.00 |       164.00 |     5.00 |     1000.00 |    48.00 | 287037.00 |                      193384.98 |  31715136.72 |
+-----+---------+--------------+----------+-------------+----------+-----------+--------------------------------+--------------+
| 280 |  317.00 |       148.00 |     5.00 |     1000.00 |    48.00 | 287037.00 |                      166848.02 |  24693506.96 |
+-----+---------+--------------+----------+-------------+----------+-----------+--------------------------------+--------------+
| 281 |  318.00 |       148.00 |     5.00 |     1000.00 |    48.00 | 287037.00 |                      167545.11 |  24796676.28 |
+-----+---------+--------------+----------+-------------+----------+-----------+--------------------------------+--------------+
| 282 |  319.00 |       146.00 |     5.00 |     1000.00 |    48.00 | 287037.00 |                      167490.10 |  24453554.60 |
+-----+---------+--------------+----------+-------------+----------+-----------+--------------------------------+--------------+
| 283 |  320.00 |       157.00 |     5.00 |     1000.00 |    24.00 | 287037.00 |                      114081.97 |  17910869.29 |
+-----+---------+--------------+----------+-------------+----------+-----------+--------------------------------+--------------+
| 284 |  321.00 |        77.00 |     5.00 |     1000.00 |    24.00 | 287037.00 |                       58998.25 |   4542865.25 |
+-----+---------+--------------+----------+-------------+----------+-----------+--------------------------------+--------------+
| 285 |  322.00 |        74.00 |     5.00 |     1000.00 |    24.00 | 287037.00 |                       58926.50 |   4360561.00 |
+-----+---------+--------------+----------+-------------+----------+-----------+--------------------------------+--------------+
| 286 |  323.00 |       148.00 |     5.00 |     1000.00 |    24.00 | 287037.00 |                      106801.50 |  15806622.00 |
+-----+---------+--------------+----------+-------------+----------+-----------+--------------------------------+--------------+
| 287 |  324.00 |       207.00 |     5.00 |     1000.00 |     2.00 | 287037.00 |                       92261.32 |  19098093.24 |
+-----+---------+--------------+----------+-------------+----------+-----------+--------------------------------+--------------+
| 288 |  325.00 |        68.00 |     5.00 |     1000.00 |     2.00 | 287037.00 |                       32186.25 |   2188665.00 |
+-----+---------+--------------+----------+-------------+----------+-----------+--------------------------------+--------------+
| 289 |  326.00 |        71.00 |     5.00 |     1000.00 |     2.00 | 287037.00 |                       31783.38 |   2256619.98 |
+-----+---------+--------------+----------+-------------+----------+-----------+--------------------------------+--------------+
| 290 |  327.00 |       210.00 |     5.00 |     1000.00 |     2.00 | 287037.00 |                       91662.40 |  19249104.00 |
+-----+---------+--------------+----------+-------------+----------+-----------+--------------------------------+--------------+
| 291 |  328.00 |        14.00 |     5.00 |      100.00 |    48.00 | 231143.00 |                       11579.16 |    162108.24 |
+-----+---------+--------------+----------+-------------+----------+-----------+--------------------------------+--------------+
| 292 |  329.00 |        15.00 |     5.00 |      100.00 |    48.00 | 231143.00 |                       11676.11 |    175141.65 |
+-----+---------+--------------+----------+-------------+----------+-----------+--------------------------------+--------------+
| 293 |  330.00 |        27.00 |     5.00 |      100.00 |    48.00 | 231143.00 |                       21499.23 |    580479.21 |
+-----+---------+--------------+----------+-------------+----------+-----------+--------------------------------+--------------+
| 294 |  331.00 |        27.00 |     5.00 |      100.00 |    48.00 | 231143.00 |                       21653.61 |    584647.47 |
+-----+---------+--------------+----------+-------------+----------+-----------+--------------------------------+--------------+
| 295 |  332.00 |       235.00 |     5.00 |     1000.00 |    48.00 | 231143.00 |                      246314.45 |  57883895.75 |
+-----+---------+--------------+----------+-------------+----------+-----------+--------------------------------+--------------+
| 296 |  333.00 |       258.00 |     5.00 |     1000.00 |    48.00 | 231143.00 |                      279733.49 |  72171240.42 |
+-----+---------+--------------+----------+-------------+----------+-----------+--------------------------------+--------------+
| 297 |  334.00 |       253.00 |     5.00 |     1000.00 |    48.00 | 231143.00 |                      268192.69 |  67852750.57 |
+-----+---------+--------------+----------+-------------+----------+-----------+--------------------------------+--------------+
| 298 |  335.00 |       256.00 |     5.00 |     1000.00 |    48.00 | 231143.00 |                      270233.20 |  69179699.20 |
+-----+---------+--------------+----------+-------------+----------+-----------+--------------------------------+--------------+
| 299 |  336.00 |        17.00 |     5.00 |      100.00 |    24.00 | 231143.00 |                        7286.42 |    123869.14 |
+-----+---------+--------------+----------+-------------+----------+-----------+--------------------------------+--------------+
| 300 |  337.00 |        18.00 |     5.00 |      100.00 |    24.00 | 231143.00 |                        7202.28 |    129641.04 |
+-----+---------+--------------+----------+-------------+----------+-----------+--------------------------------+--------------+
| 301 |  338.00 |        19.00 |     5.00 |      100.00 |    24.00 | 231143.00 |                        7190.60 |    136621.40 |
+-----+---------+--------------+----------+-------------+----------+-----------+--------------------------------+--------------+
| 302 |  339.00 |        14.00 |     5.00 |      100.00 |    24.00 | 231143.00 |                        6058.47 |     84818.58 |
+-----+---------+--------------+----------+-------------+----------+-----------+--------------------------------+--------------+
| 303 |  340.00 |        68.00 |     5.00 |     1000.00 |    24.00 | 231143.00 |                       49907.34 |   3393699.12 |
+-----+---------+--------------+----------+-------------+----------+-----------+--------------------------------+--------------+
| 304 |  341.00 |        65.00 |     5.00 |     1000.00 |    24.00 | 231143.00 |                       50091.50 |   3255947.50 |
+-----+---------+--------------+----------+-------------+----------+-----------+--------------------------------+--------------+
| 305 |  342.00 |        70.00 |     5.00 |     1000.00 |    24.00 | 231143.00 |                       49105.63 |   3437394.10 |
+-----+---------+--------------+----------+-------------+----------+-----------+--------------------------------+--------------+
| 306 |  343.00 |        63.00 |     5.00 |     1000.00 |    24.00 | 231143.00 |                       49839.19 |   3139868.97 |
+-----+---------+--------------+----------+-------------+----------+-----------+--------------------------------+--------------+
| 307 |  344.00 |        70.00 |     5.00 |     1000.00 |     2.00 | 231143.00 |                       31303.82 |   2191267.40 |
+-----+---------+--------------+----------+-------------+----------+-----------+--------------------------------+--------------+
| 308 |  345.00 |        77.00 |     5.00 |     1000.00 |     2.00 | 231143.00 |                       36032.11 |   2774472.47 |
+-----+---------+--------------+----------+-------------+----------+-----------+--------------------------------+--------------+
| 309 |  346.00 |        75.00 |     5.00 |     1000.00 |     2.00 | 231143.00 |                       36203.88 |   2715291.00 |
+-----+---------+--------------+----------+-------------+----------+-----------+--------------------------------+--------------+
| 310 |  347.00 |        68.00 |     5.00 |     1000.00 |     2.00 | 231143.00 |                       31480.59 |   2140680.12 |
+-----+---------+--------------+----------+-------------+----------+-----------+--------------------------------+--------------+
| 311 |  348.00 |        14.00 |     5.00 |      100.00 |    48.00 | 272549.00 |                       11388.28 |    159435.92 |
+-----+---------+--------------+----------+-------------+----------+-----------+--------------------------------+--------------+
| 312 |  349.00 |        18.00 |     5.00 |      100.00 |    48.00 | 272549.00 |                       11560.01 |    208080.18 |
+-----+---------+--------------+----------+-------------+----------+-----------+--------------------------------+--------------+
| 313 |  350.00 |        14.00 |     5.00 |      100.00 |    48.00 | 272549.00 |                       11445.77 |    160240.78 |
+-----+---------+--------------+----------+-------------+----------+-----------+--------------------------------+--------------+
| 314 |  351.00 |        17.00 |     5.00 |      100.00 |    48.00 | 272549.00 |                       11719.99 |    199239.83 |
+-----+---------+--------------+----------+-------------+----------+-----------+--------------------------------+--------------+
| 315 |  352.00 |       122.00 |     5.00 |     1000.00 |    48.00 | 272549.00 |                      131534.74 |  16047238.28 |
+-----+---------+--------------+----------+-------------+----------+-----------+--------------------------------+--------------+
| 316 |  353.00 |       135.00 |     5.00 |     1000.00 |    48.00 | 272549.00 |                      157912.41 |  21318175.35 |
+-----+---------+--------------+----------+-------------+----------+-----------+--------------------------------+--------------+
| 317 |  354.00 |       137.00 |     5.00 |     1000.00 |    48.00 | 272549.00 |                      159070.62 |  21792674.94 |
+-----+---------+--------------+----------+-------------+----------+-----------+--------------------------------+--------------+
| 318 |  355.00 |       127.00 |     5.00 |     1000.00 |    48.00 | 272549.00 |                      145736.03 |  18508475.81 |
+-----+---------+--------------+----------+-------------+----------+-----------+--------------------------------+--------------+
| 319 |  356.00 |        69.00 |     5.00 |     1000.00 |    24.00 | 272549.00 |                       48164.85 |   3323374.65 |
+-----+---------+--------------+----------+-------------+----------+-----------+--------------------------------+--------------+
| 320 |  357.00 |        61.00 |     5.00 |     1000.00 |    24.00 | 272549.00 |                       40137.01 |   2448357.61 |
+-----+---------+--------------+----------+-------------+----------+-----------+--------------------------------+--------------+
| 321 |  358.00 |        66.00 |     5.00 |     1000.00 |    24.00 | 272549.00 |                       48178.68 |   3179792.88 |
+-----+---------+--------------+----------+-------------+----------+-----------+--------------------------------+--------------+
| 322 |  359.00 |        63.00 |     5.00 |     1000.00 |    24.00 | 272549.00 |                       45778.28 |   2884031.64 |
+-----+---------+--------------+----------+-------------+----------+-----------+--------------------------------+--------------+
| 323 |  360.00 |        63.00 |     5.00 |     1000.00 |     2.00 | 272549.00 |                       27338.28 |   1722311.64 |
+-----+---------+--------------+----------+-------------+----------+-----------+--------------------------------+--------------+
| 324 |  361.00 |        59.00 |     5.00 |     1000.00 |     2.00 | 272549.00 |                       24310.62 |   1434326.58 |
+-----+---------+--------------+----------+-------------+----------+-----------+--------------------------------+--------------+
| 325 |  362.00 |        63.00 |     5.00 |     1000.00 |     2.00 | 272549.00 |                       29451.86 |   1855467.18 |
+-----+---------+--------------+----------+-------------+----------+-----------+--------------------------------+--------------+
| 326 |  363.00 |        58.00 |     5.00 |     1000.00 |     2.00 | 272549.00 |                       24688.27 |   1431919.66 |
+-----+---------+--------------+----------+-------------+----------+-----------+--------------------------------+--------------+
| 327 |  364.00 |        25.00 |     5.00 |      100.00 |    48.00 | 377019.00 |                       22890.83 |    572270.75 |
+-----+---------+--------------+----------+-------------+----------+-----------+--------------------------------+--------------+
| 328 |  365.00 |        22.00 |     5.00 |      100.00 |    48.00 | 377019.00 |                       13367.24 |    294079.28 |
+-----+---------+--------------+----------+-------------+----------+-----------+--------------------------------+--------------+
| 329 |  366.00 |        22.00 |     5.00 |      100.00 |    48.00 | 377019.00 |                       18355.79 |    403827.38 |
+-----+---------+--------------+----------+-------------+----------+-----------+--------------------------------+--------------+
| 330 |  367.00 |        27.00 |     5.00 |      100.00 |    48.00 | 377019.00 |                       23250.78 |    627771.06 |
+-----+---------+--------------+----------+-------------+----------+-----------+--------------------------------+--------------+
| 331 |  368.00 |       205.00 |     5.00 |     1000.00 |    48.00 | 377019.00 |                      220932.32 |  45291125.60 |
+-----+---------+--------------+----------+-------------+----------+-----------+--------------------------------+--------------+
| 332 |  369.00 |       198.00 |     5.00 |     1000.00 |    48.00 | 377019.00 |                      222595.01 |  44073811.98 |
+-----+---------+--------------+----------+-------------+----------+-----------+--------------------------------+--------------+
| 333 |  370.00 |       206.00 |     5.00 |     1000.00 |    48.00 | 377019.00 |                      235603.02 |  48534222.12 |
+-----+---------+--------------+----------+-------------+----------+-----------+--------------------------------+--------------+
| 334 |  371.00 |       226.00 |     5.00 |     1000.00 |    48.00 | 377019.00 |                      247729.00 |  55986754.00 |
+-----+---------+--------------+----------+-------------+----------+-----------+--------------------------------+--------------+
| 335 |  372.00 |        15.00 |     5.00 |      100.00 |    24.00 | 377019.00 |                        7641.35 |    114620.25 |
+-----+---------+--------------+----------+-------------+----------+-----------+--------------------------------+--------------+
| 336 |  373.00 |        17.00 |     5.00 |      100.00 |    24.00 | 377019.00 |                        6873.43 |    116848.31 |
+-----+---------+--------------+----------+-------------+----------+-----------+--------------------------------+--------------+
| 337 |  374.00 |        15.00 |     5.00 |      100.00 |    24.00 | 377019.00 |                        7752.18 |    116282.70 |
+-----+---------+--------------+----------+-------------+----------+-----------+--------------------------------+--------------+
| 338 |  375.00 |        17.00 |     5.00 |      100.00 |    24.00 | 377019.00 |                        7953.11 |    135202.87 |
+-----+---------+--------------+----------+-------------+----------+-----------+--------------------------------+--------------+
| 339 |  376.00 |       127.00 |     5.00 |     1000.00 |    24.00 | 377019.00 |                       92012.55 |  11685593.85 |
+-----+---------+--------------+----------+-------------+----------+-----------+--------------------------------+--------------+
| 340 |  377.00 |       123.00 |     5.00 |     1000.00 |    24.00 | 377019.00 |                       93027.79 |  11442418.17 |
+-----+---------+--------------+----------+-------------+----------+-----------+--------------------------------+--------------+
| 341 |  378.00 |       110.00 |     5.00 |     1000.00 |    24.00 | 377019.00 |                       84667.05 |   9313375.50 |
+-----+---------+--------------+----------+-------------+----------+-----------+--------------------------------+--------------+
| 342 |  379.00 |       113.00 |     5.00 |     1000.00 |    24.00 | 377019.00 |                       89642.28 |  10129577.64 |
+-----+---------+--------------+----------+-------------+----------+-----------+--------------------------------+--------------+
| 343 |  380.00 |        25.00 |     5.00 |      100.00 |     2.00 | 377019.00 |                       10519.23 |    262980.75 |
+-----+---------+--------------+----------+-------------+----------+-----------+--------------------------------+--------------+
| 344 |  381.00 |        25.00 |     5.00 |      100.00 |     2.00 | 377019.00 |                       10587.27 |    264681.75 |
+-----+---------+--------------+----------+-------------+----------+-----------+--------------------------------+--------------+
| 345 |  382.00 |        25.00 |     5.00 |      100.00 |     2.00 | 377019.00 |                       10452.24 |    261306.00 |
+-----+---------+--------------+----------+-------------+----------+-----------+--------------------------------+--------------+
| 346 |  383.00 |        25.00 |     5.00 |      100.00 |     2.00 | 377019.00 |                       10477.80 |    261945.00 |
+-----+---------+--------------+----------+-------------+----------+-----------+--------------------------------+--------------+
| 347 |  384.00 |       225.00 |     5.00 |     1000.00 |     2.00 | 377019.00 |                      110985.95 |  24971838.75 |
+-----+---------+--------------+----------+-------------+----------+-----------+--------------------------------+--------------+
| 348 |  385.00 |       222.00 |     5.00 |     1000.00 |     2.00 | 377019.00 |                      111076.51 |  24658985.22 |
+-----+---------+--------------+----------+-------------+----------+-----------+--------------------------------+--------------+
| 349 |  386.00 |       225.00 |     5.00 |     1000.00 |     2.00 | 377019.00 |                      110919.17 |  24956813.25 |
+-----+---------+--------------+----------+-------------+----------+-----------+--------------------------------+--------------+
| 350 |  387.00 |       226.00 |     5.00 |     1000.00 |     2.00 | 377019.00 |                      116255.02 |  26273634.52 |
+-----+---------+--------------+----------+-------------+----------+-----------+--------------------------------+--------------+
| 351 |  388.00 |        33.00 |     5.00 |      100.00 |    48.00 | 484520.00 |                       35986.07 |   1187540.31 |
+-----+---------+--------------+----------+-------------+----------+-----------+--------------------------------+--------------+
| 352 |  389.00 |        34.00 |     5.00 |      100.00 |    48.00 | 484520.00 |                       35873.09 |   1219685.06 |
+-----+---------+--------------+----------+-------------+----------+-----------+--------------------------------+--------------+
| 353 |  390.00 |        34.00 |     5.00 |      100.00 |    48.00 | 484520.00 |                       35848.72 |   1218856.48 |
+-----+---------+--------------+----------+-------------+----------+-----------+--------------------------------+--------------+
| 354 |  391.00 |        37.00 |     5.00 |      100.00 |    48.00 | 484520.00 |                       36204.74 |   1339575.38 |
+-----+---------+--------------+----------+-------------+----------+-----------+--------------------------------+--------------+
| 355 |  392.00 |       326.00 |     5.00 |     1000.00 |    48.00 | 484520.00 |                      377522.19 | 123072233.94 |
+-----+---------+--------------+----------+-------------+----------+-----------+--------------------------------+--------------+
| 356 |  393.00 |       327.00 |     5.00 |     1000.00 |    48.00 | 484520.00 |                      374233.00 | 122374191.00 |
+-----+---------+--------------+----------+-------------+----------+-----------+--------------------------------+--------------+
| 357 |  394.00 |       319.00 |     5.00 |     1000.00 |    48.00 | 484520.00 |                      372931.81 | 118965247.39 |
+-----+---------+--------------+----------+-------------+----------+-----------+--------------------------------+--------------+
| 358 |  395.00 |       317.00 |     5.00 |     1000.00 |    48.00 | 484520.00 |                      360511.59 | 114282174.03 |
+-----+---------+--------------+----------+-------------+----------+-----------+--------------------------------+--------------+
| 359 |  396.00 |        21.00 |     5.00 |      100.00 |    24.00 | 484520.00 |                        8232.46 |    172881.66 |
+-----+---------+--------------+----------+-------------+----------+-----------+--------------------------------+--------------+
| 360 |  397.00 |        21.00 |     5.00 |      100.00 |    24.00 | 484520.00 |                        8193.83 |    172070.43 |
+-----+---------+--------------+----------+-------------+----------+-----------+--------------------------------+--------------+
| 361 |  398.00 |        23.00 |     5.00 |      100.00 |    24.00 | 484520.00 |                       16731.39 |    384821.97 |
+-----+---------+--------------+----------+-------------+----------+-----------+--------------------------------+--------------+
| 362 |  399.00 |        22.00 |     5.00 |      100.00 |    24.00 | 484520.00 |                        8032.81 |    176721.82 |
+-----+---------+--------------+----------+-------------+----------+-----------+--------------------------------+--------------+
| 363 |  400.00 |       191.00 |     5.00 |     1000.00 |    24.00 | 484520.00 |                      147776.59 |  28225328.69 |
+-----+---------+--------------+----------+-------------+----------+-----------+--------------------------------+--------------+
| 364 |  401.00 |       188.00 |     5.00 |     1000.00 |    24.00 | 484520.00 |                      146862.01 |  27610057.88 |
+-----+---------+--------------+----------+-------------+----------+-----------+--------------------------------+--------------+
| 365 |  402.00 |       192.00 |     5.00 |     1000.00 |    24.00 | 484520.00 |                      149218.47 |  28649946.24 |
+-----+---------+--------------+----------+-------------+----------+-----------+--------------------------------+--------------+
| 366 |  403.00 |       195.00 |     5.00 |     1000.00 |    24.00 | 484520.00 |                      148304.25 |  28919328.75 |
+-----+---------+--------------+----------+-------------+----------+-----------+--------------------------------+--------------+
| 367 |  404.00 |        50.00 |     5.00 |      100.00 |     2.00 | 484520.00 |                       20626.94 |   1031347.00 |
+-----+---------+--------------+----------+-------------+----------+-----------+--------------------------------+--------------+
| 368 |  405.00 |        50.00 |     5.00 |      100.00 |     2.00 | 484520.00 |                       20203.82 |   1010191.00 |
+-----+---------+--------------+----------+-------------+----------+-----------+--------------------------------+--------------+
| 369 |  406.00 |        51.00 |     5.00 |      100.00 |     2.00 | 484520.00 |                       20503.97 |   1045702.47 |
+-----+---------+--------------+----------+-------------+----------+-----------+--------------------------------+--------------+
| 370 |  407.00 |        52.00 |     5.00 |      100.00 |     2.00 | 484520.00 |                       20105.11 |   1045465.72 |
+-----+---------+--------------+----------+-------------+----------+-----------+--------------------------------+--------------+
| 371 |  408.00 |       463.00 |     5.00 |     1000.00 |     2.00 | 484520.00 |                      232610.41 | 107698619.83 |
+-----+---------+--------------+----------+-------------+----------+-----------+--------------------------------+--------------+
| 372 |  409.00 |       461.00 |     5.00 |     1000.00 |     2.00 | 484520.00 |                      226288.31 | 104318910.91 |
+-----+---------+--------------+----------+-------------+----------+-----------+--------------------------------+--------------+
| 373 |  410.00 |       605.00 |     5.00 |     1000.00 |     2.00 | 484520.00 |                      318645.09 | 192780279.45 |
+-----+---------+--------------+----------+-------------+----------+-----------+--------------------------------+--------------+
| 374 |  411.00 |       513.00 |     5.00 |     1000.00 |     2.00 | 484520.00 |                      266505.84 | 136717495.92 |
+-----+---------+--------------+----------+-------------+----------+-----------+--------------------------------+--------------+
| 375 |  412.00 |      1488.00 |     1.00 |     1000.00 |    48.00 | 484520.00 |                      338370.38 | 503495125.44 |
+-----+---------+--------------+----------+-------------+----------+-----------+--------------------------------+--------------+
| 376 |  413.00 |      1335.00 |     1.00 |     1000.00 |    48.00 | 484520.00 |                      303189.92 | 404758543.20 |
+-----+---------+--------------+----------+-------------+----------+-----------+--------------------------------+--------------+
| 377 |  414.00 |      1433.00 |     1.00 |     1000.00 |    48.00 | 484520.00 |                      333201.73 | 477478079.09 |
+-----+---------+--------------+----------+-------------+----------+-----------+--------------------------------+--------------+
| 378 |  415.00 |      1596.00 |     1.00 |     1000.00 |    48.00 | 484520.00 |                      376755.35 | 601301538.60 |
+-----+---------+--------------+----------+-------------+----------+-----------+--------------------------------+--------------+
| 379 |  416.00 |      2278.00 |     1.00 |     1000.00 |     2.00 | 484520.00 |                      231441.74 | 527224283.72 |
+-----+---------+--------------+----------+-------------+----------+-----------+--------------------------------+--------------+
| 380 |  417.00 |      2271.00 |     1.00 |     1000.00 |     2.00 | 484520.00 |                      249567.01 | 566766679.71 |
+-----+---------+--------------+----------+-------------+----------+-----------+--------------------------------+--------------+
| 381 |  418.00 |      2298.00 |     1.00 |     1000.00 |     2.00 | 484520.00 |                      266629.14 | 612713763.72 |
+-----+---------+--------------+----------+-------------+----------+-----------+--------------------------------+--------------+
| 382 |  419.00 |      2306.00 |     1.00 |     1000.00 |     2.00 | 484520.00 |                      267518.47 | 616897591.82 |
+-----+---------+--------------+----------+-------------+----------+-----------+--------------------------------+--------------+
| 383 |  422.00 |         5.00 |     5.00 |      100.00 |    24.00 | 187026.00 |                        2200.97 |     11004.85 |
+-----+---------+--------------+----------+-------------+----------+-----------+--------------------------------+--------------+
| 384 |  423.00 |         5.00 |     5.00 |      100.00 |    24.00 | 187026.00 |                        1586.23 |      7931.15 |
+-----+---------+--------------+----------+-------------+----------+-----------+--------------------------------+--------------+
| 385 |  424.00 |         5.00 |     5.00 |      100.00 |    24.00 | 187026.00 |                        1549.75 |      7748.75 |
+-----+---------+--------------+----------+-------------+----------+-----------+--------------------------------+--------------+
| 386 |  425.00 |         4.00 |     5.00 |      100.00 |     2.00 | 187026.00 |                        1041.39 |      4165.56 |
+-----+---------+--------------+----------+-------------+----------+-----------+--------------------------------+--------------+
| 387 |  427.00 |         4.00 |     5.00 |      100.00 |     2.00 | 187026.00 |                        1039.74 |      4158.96 |
+-----+---------+--------------+----------+-------------+----------+-----------+--------------------------------+--------------+
| 388 |  429.00 |         4.00 |     5.00 |      100.00 |     2.00 | 187026.00 |                        1078.94 |      4315.76 |
+-----+---------+--------------+----------+-------------+----------+-----------+--------------------------------+--------------+
| 389 |  430.00 |         7.00 |     5.00 |      100.00 |    24.00 | 198574.00 |                        3248.98 |     22742.86 |
+-----+---------+--------------+----------+-------------+----------+-----------+--------------------------------+--------------+
| 390 |  431.00 |         7.00 |     5.00 |      100.00 |    24.00 | 198574.00 |                        3348.55 |     23439.85 |
+-----+---------+--------------+----------+-------------+----------+-----------+--------------------------------+--------------+
| 391 |  432.00 |         7.00 |     5.00 |      100.00 |    24.00 | 198574.00 |                        3374.67 |     23622.69 |
+-----+---------+--------------+----------+-------------+----------+-----------+--------------------------------+--------------+
| 392 |  435.00 |         8.00 |     5.00 |      100.00 |     2.00 | 198574.00 |                        3356.66 |     26853.28 |
+-----+---------+--------------+----------+-------------+----------+-----------+--------------------------------+--------------+
| 393 |  436.00 |         8.00 |     5.00 |      100.00 |     2.00 | 198574.00 |                        2919.40 |     23355.20 |
+-----+---------+--------------+----------+-------------+----------+-----------+--------------------------------+--------------+
| 394 |  439.00 |         8.00 |     5.00 |      100.00 |     2.00 | 198574.00 |                        2445.00 |     19560.00 |
+-----+---------+--------------+----------+-------------+----------+-----------+--------------------------------+--------------+
| 395 |  440.00 |         9.00 |     5.00 |      100.00 |    24.00 | 287037.00 |                        5163.95 |     46475.55 |
+-----+---------+--------------+----------+-------------+----------+-----------+--------------------------------+--------------+
| 396 |  441.00 |         9.00 |     5.00 |      100.00 |    24.00 | 287037.00 |                        5185.41 |     46668.69 |
+-----+---------+--------------+----------+-------------+----------+-----------+--------------------------------+--------------+
| 397 |  442.00 |         9.00 |     5.00 |      100.00 |    24.00 | 287037.00 |                        5280.04 |     47520.36 |
+-----+---------+--------------+----------+-------------+----------+-----------+--------------------------------+--------------+
| 398 |  443.00 |         9.00 |     5.00 |      100.00 |    24.00 | 287037.00 |                        5106.76 |     45960.84 |
+-----+---------+--------------+----------+-------------+----------+-----------+--------------------------------+--------------+
| 399 |  445.00 |         8.00 |     5.00 |      100.00 |     2.00 | 287037.00 |                        3354.86 |     26838.88 |
+-----+---------+--------------+----------+-------------+----------+-----------+--------------------------------+--------------+
| 400 |  446.00 |         8.00 |     5.00 |      100.00 |     2.00 | 287037.00 |                        3319.00 |     26552.00 |
+-----+---------+--------------+----------+-------------+----------+-----------+--------------------------------+--------------+
| 401 |  447.00 |         8.00 |     5.00 |      100.00 |     2.00 | 287037.00 |                        3322.54 |     26580.32 |
+-----+---------+--------------+----------+-------------+----------+-----------+--------------------------------+--------------+
| 402 |  448.00 |         8.00 |     5.00 |      100.00 |     2.00 | 287037.00 |                        3360.44 |     26883.52 |
+-----+---------+--------------+----------+-------------+----------+-----------+--------------------------------+--------------+
| 403 |  450.00 |        10.00 |     5.00 |      100.00 |    24.00 | 272549.00 |                        5857.79 |     58577.90 |
+-----+---------+--------------+----------+-------------+----------+-----------+--------------------------------+--------------+
| 404 |  451.00 |         9.00 |     5.00 |      100.00 |    24.00 | 272549.00 |                        5003.14 |     45028.26 |
+-----+---------+--------------+----------+-------------+----------+-----------+--------------------------------+--------------+
| 405 |  452.00 |         8.00 |     5.00 |      100.00 |    24.00 | 272549.00 |                        5025.68 |     40205.44 |
+-----+---------+--------------+----------+-------------+----------+-----------+--------------------------------+--------------+
| 406 |  453.00 |         8.00 |     5.00 |      100.00 |    24.00 | 272549.00 |                        5035.16 |     40281.28 |
+-----+---------+--------------+----------+-------------+----------+-----------+--------------------------------+--------------+
| 407 |  454.00 |         9.00 |     5.00 |      100.00 |    24.00 | 272549.00 |                        4994.10 |     44946.90 |
+-----+---------+--------------+----------+-------------+----------+-----------+--------------------------------+--------------+
| 408 |  455.00 |         8.00 |     5.00 |      100.00 |     2.00 | 272549.00 |                        2842.14 |     22737.12 |
+-----+---------+--------------+----------+-------------+----------+-----------+--------------------------------+--------------+
| 409 |  456.00 |        16.00 |     5.00 |      100.00 |    48.00 | 187026.00 |                        8027.04 |    128432.64 |
+-----+---------+--------------+----------+-------------+----------+-----------+--------------------------------+--------------+
| 410 |  457.00 |        12.00 |     5.00 |      100.00 |    48.00 | 187026.00 |                       10255.40 |    123064.80 |
+-----+---------+--------------+----------+-------------+----------+-----------+--------------------------------+--------------+
| 411 |  458.00 |        18.00 |     5.00 |      100.00 |    48.00 | 187026.00 |                       19072.83 |    343310.94 |
+-----+---------+--------------+----------+-------------+----------+-----------+--------------------------------+--------------+
| 412 |  459.00 |        14.00 |     5.00 |      100.00 |    48.00 | 187026.00 |                       13218.89 |    185064.46 |
+-----+---------+--------------+----------+-------------+----------+-----------+--------------------------------+--------------+
| 413 |  460.00 |        12.00 |     5.00 |      100.00 |    48.00 | 187026.00 |                       10878.94 |    130547.28 |
+-----+---------+--------------+----------+-------------+----------+-----------+--------------------------------+--------------+
| 414 |  461.00 |        12.00 |     5.00 |      100.00 |    48.00 | 198574.00 |                       10684.97 |    128219.64 |
+-----+---------+--------------+----------+-------------+----------+-----------+--------------------------------+--------------+
| 415 |  462.00 |        13.00 |     5.00 |      100.00 |    48.00 | 198574.00 |                       11156.89 |    145039.57 |
+-----+---------+--------------+----------+-------------+----------+-----------+--------------------------------+--------------+
| 416 |  463.00 |        19.00 |     5.00 |      100.00 |    48.00 | 198574.00 |                       18897.73 |    359056.87 |
+-----+---------+--------------+----------+-------------+----------+-----------+--------------------------------+--------------+
| 417 |  464.00 |        16.00 |     5.00 |      100.00 |    48.00 | 198574.00 |                       15471.00 |    247536.00 |
+-----+---------+--------------+----------+-------------+----------+-----------+--------------------------------+--------------+
| 418 |  465.00 |        17.00 |     5.00 |      100.00 |    48.00 | 198574.00 |                       18499.42 |    314490.14 |
+-----+---------+--------------+----------+-------------+----------+-----------+--------------------------------+--------------+
| 419 |  466.00 |        15.00 |     5.00 |      100.00 |    24.00 | 242689.00 |                        5209.39 |     78140.85 |
+-----+---------+--------------+----------+-------------+----------+-----------+--------------------------------+--------------+
| 420 |  467.00 |        16.00 |     5.00 |      100.00 |    24.00 | 242689.00 |                        9399.06 |    150384.96 |
+-----+---------+--------------+----------+-------------+----------+-----------+--------------------------------+--------------+
| 421 |  468.00 |        12.00 |     5.00 |      100.00 |    24.00 | 242689.00 |                        7249.41 |     86992.92 |
+-----+---------+--------------+----------+-------------+----------+-----------+--------------------------------+--------------+
| 422 |  469.00 |         9.00 |     5.00 |      100.00 |    24.00 | 242689.00 |                        5259.09 |     47331.81 |
+-----+---------+--------------+----------+-------------+----------+-----------+--------------------------------+--------------+
| 423 |  470.00 |        14.00 |     5.00 |      100.00 |    24.00 | 242689.00 |                        5094.83 |     71327.62 |
+-----+---------+--------------+----------+-------------+----------+-----------+--------------------------------+--------------+
| 424 |  473.00 |        12.00 |     5.00 |      100.00 |     2.00 | 231143.00 |                        4091.14 |     49093.68 |
+-----+---------+--------------+----------+-------------+----------+-----------+--------------------------------+--------------+
| 425 |  474.00 |        12.00 |     5.00 |      100.00 |     2.00 | 231143.00 |                        5317.01 |     63804.12 |
+-----+---------+--------------+----------+-------------+----------+-----------+--------------------------------+--------------+
| 426 |  475.00 |        12.00 |     5.00 |      100.00 |     2.00 | 231143.00 |                        4199.71 |     50396.52 |
+-----+---------+--------------+----------+-------------+----------+-----------+--------------------------------+--------------+

---> Dados estatísticos referentes ao conjunto de dados filtrado:

+-------+---------+--------------+----------+-------------+----------+-----------+--------------------------------+--------------+
|       |   index |   ElapsedRaw |   NNodes |   Bootstrap |   Thread |   Tamanho |   Consumo de Energia Total (J) |          EDP |
+=======+=========+==============+==========+=============+==========+===========+================================+==============+
| count |  427.00 |       427.00 |   427.00 |      427.00 |   427.00 |    427.00 |                         427.00 |       427.00 |
+-------+---------+--------------+----------+-------------+----------+-----------+--------------------------------+--------------+
| mean  |  244.10 |       204.90 |     2.98 |      584.78 |    26.01 | 288211.54 |                       59358.12 |  29221975.41 |
+-------+---------+--------------+----------+-------------+----------+-----------+--------------------------------+--------------+
| std   |  131.82 |       339.65 |     2.00 |      449.18 |    18.73 |  95938.87 |                       79776.50 |  85364975.08 |
+-------+---------+--------------+----------+-------------+----------+-----------+--------------------------------+--------------+
| min   |    0.00 |         4.00 |     1.00 |      100.00 |     2.00 | 187026.00 |                         949.55 |      4158.96 |
+-------+---------+--------------+----------+-------------+----------+-----------+--------------------------------+--------------+
| 25%   |  131.50 |        27.00 |     1.00 |      100.00 |     2.00 | 231143.00 |                        8687.68 |    174507.85 |
+-------+---------+--------------+----------+-------------+----------+-----------+--------------------------------+--------------+
| 50%   |  246.00 |        71.00 |     1.00 |     1000.00 |    24.00 | 272549.00 |                       26165.91 |   1855467.18 |
+-------+---------+--------------+----------+-------------+----------+-----------+--------------------------------+--------------+
| 75%   |  356.50 |       255.50 |     5.00 |     1000.00 |    48.00 | 377019.00 |                       83023.73 |  15884871.54 |
+-------+---------+--------------+----------+-------------+----------+-----------+--------------------------------+--------------+
| max   |  475.00 |      2306.00 |     5.00 |     1000.00 |    48.00 | 484520.00 |                      460368.49 | 616897591.82 |
+-------+---------+--------------+----------+-------------+----------+-----------+--------------------------------+--------------+

--> Predições para a variável alvo ElapsedRaw
--> Otimizando o modelo ETR usando os hiperparâmetros {'max_depth': [5, 10, 15, None], 'n_estimators': [10, 20, 50, 100, 120, 150]} e a busca em grade:
---> Modelo ETR: Melhores hiperparâmetros -> {'max_depth': 5, 'n_estimators': 10}; Melhor score -> 0.75
----> Dataframe com a avaliação de todas as combinações dos hiperparâmetros:

+----+-----------------+----------------+-------------------+------------------+-------------------+----------------------+------------------------------------------+---------------------+---------------------+---------------------+---------------------+---------------------+---------------------+---------------------+---------------------+---------------------+---------------------+----------------------+----------------------+----------------------+----------------------+----------------------+----------------------+-------------------+------------------+-------------------+----------------------+----------------------+----------------------+----------------------+----------------------+----------------------+----------------------+----------------------+----------------------+----------------------+-----------------------+-----------------------+-----------------------+-----------------------+-----------------------+-----------------------+--------------------+-------------------+
|    |   mean_fit_time |   std_fit_time |   mean_score_time |   std_score_time |   param_max_depth |   param_n_estimators | params                                   |   split0_test_score |   split1_test_score |   split2_test_score |   split3_test_score |   split4_test_score |   split5_test_score |   split6_test_score |   split7_test_score |   split8_test_score |   split9_test_score |   split10_test_score |   split11_test_score |   split12_test_score |   split13_test_score |   split14_test_score |   split15_test_score |   mean_test_score |   std_test_score |   rank_test_score |   split0_train_score |   split1_train_score |   split2_train_score |   split3_train_score |   split4_train_score |   split5_train_score |   split6_train_score |   split7_train_score |   split8_train_score |   split9_train_score |   split10_train_score |   split11_train_score |   split12_train_score |   split13_train_score |   split14_train_score |   split15_train_score |   mean_train_score |   std_train_score |
+====+=================+================+===================+==================+===================+======================+==========================================+=====================+=====================+=====================+=====================+=====================+=====================+=====================+=====================+=====================+=====================+======================+======================+======================+======================+======================+======================+===================+==================+===================+======================+======================+======================+======================+======================+======================+======================+======================+======================+======================+=======================+=======================+=======================+=======================+=======================+=======================+====================+===================+
|  0 |            0.04 |           0.01 |              0.01 |             0.00 |                 5 |                   10 | {'max_depth': 5, 'n_estimators': 10}     |                1.00 |                0.00 |                1.00 |                1.00 |                1.00 |                1.00 |                1.00 |                1.00 |                1.00 |                1.00 |                 0.00 |                 0.00 |                 1.00 |                 0.00 |                 1.00 |                 1.00 |              0.75 |             0.43 |                 1 |                 0.00 |                 1.00 |                 1.00 |                 1.00 |                 1.00 |                 1.00 |                 1.00 |                 1.00 |                 1.00 |                 1.00 |                  1.00 |                  1.00 |                  1.00 |                  1.00 |                  1.00 |                  1.00 |               0.94 |              0.24 |
+----+-----------------+----------------+-------------------+------------------+-------------------+----------------------+------------------------------------------+---------------------+---------------------+---------------------+---------------------+---------------------+---------------------+---------------------+---------------------+---------------------+---------------------+----------------------+----------------------+----------------------+----------------------+----------------------+----------------------+-------------------+------------------+-------------------+----------------------+----------------------+----------------------+----------------------+----------------------+----------------------+----------------------+----------------------+----------------------+----------------------+-----------------------+-----------------------+-----------------------+-----------------------+-----------------------+-----------------------+--------------------+-------------------+
|  1 |            0.04 |           0.00 |              0.01 |             0.00 |                 5 |                   20 | {'max_depth': 5, 'n_estimators': 20}     |                1.00 |                0.00 |                1.00 |                1.00 |                1.00 |                0.00 |                1.00 |                1.00 |                0.00 |                0.00 |                 0.00 |                 0.00 |                 1.00 |                 0.00 |                 1.00 |                 1.00 |              0.56 |             0.50 |                18 |                 0.00 |                 1.00 |                 1.00 |                 1.00 |                 1.00 |                 1.00 |                 1.00 |                 1.00 |                 1.00 |                 1.00 |                  1.00 |                  1.00 |                  1.00 |                  1.00 |                  1.00 |                  1.00 |               0.94 |              0.24 |
+----+-----------------+----------------+-------------------+------------------+-------------------+----------------------+------------------------------------------+---------------------+---------------------+---------------------+---------------------+---------------------+---------------------+---------------------+---------------------+---------------------+---------------------+----------------------+----------------------+----------------------+----------------------+----------------------+----------------------+-------------------+------------------+-------------------+----------------------+----------------------+----------------------+----------------------+----------------------+----------------------+----------------------+----------------------+----------------------+----------------------+-----------------------+-----------------------+-----------------------+-----------------------+-----------------------+-----------------------+--------------------+-------------------+
|  2 |            0.09 |           0.00 |              0.02 |             0.00 |                 5 |                   50 | {'max_depth': 5, 'n_estimators': 50}     |                1.00 |                0.00 |                1.00 |                1.00 |                1.00 |                0.00 |                1.00 |                1.00 |                0.00 |                0.00 |                 0.00 |                 0.00 |                 1.00 |                 0.00 |                 1.00 |                 1.00 |              0.56 |             0.50 |                18 |                 0.00 |                 1.00 |                 1.00 |                 1.00 |                 1.00 |                 1.00 |                 1.00 |                 1.00 |                 1.00 |                 1.00 |                  1.00 |                  1.00 |                  1.00 |                  1.00 |                  1.00 |                  1.00 |               0.94 |              0.24 |
+----+-----------------+----------------+-------------------+------------------+-------------------+----------------------+------------------------------------------+---------------------+---------------------+---------------------+---------------------+---------------------+---------------------+---------------------+---------------------+---------------------+---------------------+----------------------+----------------------+----------------------+----------------------+----------------------+----------------------+-------------------+------------------+-------------------+----------------------+----------------------+----------------------+----------------------+----------------------+----------------------+----------------------+----------------------+----------------------+----------------------+-----------------------+-----------------------+-----------------------+-----------------------+-----------------------+-----------------------+--------------------+-------------------+
|  3 |            0.18 |           0.00 |              0.03 |             0.00 |                 5 |                  100 | {'max_depth': 5, 'n_estimators': 100}    |                1.00 |                0.00 |                1.00 |                1.00 |                1.00 |                0.00 |                1.00 |                1.00 |                1.00 |                0.00 |                 0.00 |                 0.00 |                 1.00 |                 1.00 |                 1.00 |                 1.00 |              0.69 |             0.46 |                 3 |                 0.00 |                 1.00 |                 1.00 |                 1.00 |                 1.00 |                 1.00 |                 1.00 |                 1.00 |                 1.00 |                 1.00 |                  1.00 |                  1.00 |                  1.00 |                  1.00 |                  1.00 |                  1.00 |               0.94 |              0.24 |
+----+-----------------+----------------+-------------------+------------------+-------------------+----------------------+------------------------------------------+---------------------+---------------------+---------------------+---------------------+---------------------+---------------------+---------------------+---------------------+---------------------+---------------------+----------------------+----------------------+----------------------+----------------------+----------------------+----------------------+-------------------+------------------+-------------------+----------------------+----------------------+----------------------+----------------------+----------------------+----------------------+----------------------+----------------------+----------------------+----------------------+-----------------------+-----------------------+-----------------------+-----------------------+-----------------------+-----------------------+--------------------+-------------------+
|  4 |            0.21 |           0.00 |              0.03 |             0.00 |                 5 |                  120 | {'max_depth': 5, 'n_estimators': 120}    |                1.00 |                0.00 |                1.00 |                1.00 |                1.00 |                0.00 |                1.00 |                1.00 |                1.00 |                0.00 |                 0.00 |                 0.00 |                 1.00 |                 1.00 |                 1.00 |                 1.00 |              0.69 |             0.46 |                 3 |                 0.00 |                 1.00 |                 1.00 |                 1.00 |                 1.00 |                 1.00 |                 1.00 |                 1.00 |                 1.00 |                 1.00 |                  1.00 |                  1.00 |                  1.00 |                  1.00 |                  1.00 |                  1.00 |               0.94 |              0.24 |
+----+-----------------+----------------+-------------------+------------------+-------------------+----------------------+------------------------------------------+---------------------+---------------------+---------------------+---------------------+---------------------+---------------------+---------------------+---------------------+---------------------+---------------------+----------------------+----------------------+----------------------+----------------------+----------------------+----------------------+-------------------+------------------+-------------------+----------------------+----------------------+----------------------+----------------------+----------------------+----------------------+----------------------+----------------------+----------------------+----------------------+-----------------------+-----------------------+-----------------------+-----------------------+-----------------------+-----------------------+--------------------+-------------------+
|  5 |            0.26 |           0.01 |              0.04 |             0.00 |                 5 |                  150 | {'max_depth': 5, 'n_estimators': 150}    |                1.00 |                0.00 |                1.00 |                1.00 |                1.00 |                1.00 |                1.00 |                1.00 |                1.00 |                0.00 |                 0.00 |                 0.00 |                 1.00 |                 1.00 |                 1.00 |                 1.00 |              0.75 |             0.43 |                 1 |                 0.00 |                 1.00 |                 1.00 |                 1.00 |                 1.00 |                 1.00 |                 1.00 |                 1.00 |                 1.00 |                 1.00 |                  1.00 |                  1.00 |                  1.00 |                  1.00 |                  1.00 |                  1.00 |               0.94 |              0.24 |
+----+-----------------+----------------+-------------------+------------------+-------------------+----------------------+------------------------------------------+---------------------+---------------------+---------------------+---------------------+---------------------+---------------------+---------------------+---------------------+---------------------+---------------------+----------------------+----------------------+----------------------+----------------------+----------------------+----------------------+-------------------+------------------+-------------------+----------------------+----------------------+----------------------+----------------------+----------------------+----------------------+----------------------+----------------------+----------------------+----------------------+-----------------------+-----------------------+-----------------------+-----------------------+-----------------------+-----------------------+--------------------+-------------------+
|  6 |            0.02 |           0.00 |              0.01 |             0.00 |                10 |                   10 | {'max_depth': 10, 'n_estimators': 10}    |                0.00 |                0.00 |                0.00 |                1.00 |                0.00 |                1.00 |                1.00 |                1.00 |                0.00 |                1.00 |                 1.00 |                 1.00 |                 0.00 |                 1.00 |                 1.00 |                 1.00 |              0.62 |             0.48 |                12 |                 1.00 |                 1.00 |                 1.00 |                 1.00 |                 1.00 |                 1.00 |                 1.00 |                 1.00 |                 1.00 |                 1.00 |                  1.00 |                  1.00 |                  1.00 |                  1.00 |                  1.00 |                  1.00 |               1.00 |              0.00 |
+----+-----------------+----------------+-------------------+------------------+-------------------+----------------------+------------------------------------------+---------------------+---------------------+---------------------+---------------------+---------------------+---------------------+---------------------+---------------------+---------------------+---------------------+----------------------+----------------------+----------------------+----------------------+----------------------+----------------------+-------------------+------------------+-------------------+----------------------+----------------------+----------------------+----------------------+----------------------+----------------------+----------------------+----------------------+----------------------+----------------------+-----------------------+-----------------------+-----------------------+-----------------------+-----------------------+-----------------------+--------------------+-------------------+
|  7 |            0.05 |           0.01 |              0.01 |             0.00 |                10 |                   20 | {'max_depth': 10, 'n_estimators': 20}    |                0.00 |                0.00 |                0.00 |                1.00 |                1.00 |                0.00 |                1.00 |                1.00 |                0.00 |                1.00 |                 1.00 |                 1.00 |                 0.00 |                 1.00 |                 1.00 |                 1.00 |              0.62 |             0.48 |                12 |                 1.00 |                 1.00 |                 1.00 |                 1.00 |                 1.00 |                 1.00 |                 1.00 |                 1.00 |                 1.00 |                 1.00 |                  1.00 |                  1.00 |                  1.00 |                  1.00 |                  1.00 |                  1.00 |               1.00 |              0.00 |
+----+-----------------+----------------+-------------------+------------------+-------------------+----------------------+------------------------------------------+---------------------+---------------------+---------------------+---------------------+---------------------+---------------------+---------------------+---------------------+---------------------+---------------------+----------------------+----------------------+----------------------+----------------------+----------------------+----------------------+-------------------+------------------+-------------------+----------------------+----------------------+----------------------+----------------------+----------------------+----------------------+----------------------+----------------------+----------------------+----------------------+-----------------------+-----------------------+-----------------------+-----------------------+-----------------------+-----------------------+--------------------+-------------------+
|  8 |            0.10 |           0.01 |              0.02 |             0.00 |                10 |                   50 | {'max_depth': 10, 'n_estimators': 50}    |                0.00 |                0.00 |                0.00 |                1.00 |                0.00 |                0.00 |                1.00 |                1.00 |                0.00 |                1.00 |                 1.00 |                 1.00 |                 0.00 |                 1.00 |                 1.00 |                 1.00 |              0.56 |             0.50 |                18 |                 1.00 |                 1.00 |                 1.00 |                 1.00 |                 1.00 |                 1.00 |                 1.00 |                 1.00 |                 1.00 |                 1.00 |                  1.00 |                  1.00 |                  1.00 |                  1.00 |                  1.00 |                  1.00 |               1.00 |              0.00 |
+----+-----------------+----------------+-------------------+------------------+-------------------+----------------------+------------------------------------------+---------------------+---------------------+---------------------+---------------------+---------------------+---------------------+---------------------+---------------------+---------------------+---------------------+----------------------+----------------------+----------------------+----------------------+----------------------+----------------------+-------------------+------------------+-------------------+----------------------+----------------------+----------------------+----------------------+----------------------+----------------------+----------------------+----------------------+----------------------+----------------------+-----------------------+-----------------------+-----------------------+-----------------------+-----------------------+-----------------------+--------------------+-------------------+
|  9 |            0.20 |           0.02 |              0.03 |             0.01 |                10 |                  100 | {'max_depth': 10, 'n_estimators': 100}   |                0.00 |                0.00 |                0.00 |                1.00 |                1.00 |                1.00 |                1.00 |                1.00 |                0.00 |                1.00 |                 1.00 |                 1.00 |                 0.00 |                 1.00 |                 1.00 |                 1.00 |              0.69 |             0.46 |                 3 |                 1.00 |                 1.00 |                 1.00 |                 1.00 |                 1.00 |                 1.00 |                 1.00 |                 1.00 |                 1.00 |                 1.00 |                  1.00 |                  1.00 |                  1.00 |                  1.00 |                  1.00 |                  1.00 |               1.00 |              0.00 |
+----+-----------------+----------------+-------------------+------------------+-------------------+----------------------+------------------------------------------+---------------------+---------------------+---------------------+---------------------+---------------------+---------------------+---------------------+---------------------+---------------------+---------------------+----------------------+----------------------+----------------------+----------------------+----------------------+----------------------+-------------------+------------------+-------------------+----------------------+----------------------+----------------------+----------------------+----------------------+----------------------+----------------------+----------------------+----------------------+----------------------+-----------------------+-----------------------+-----------------------+-----------------------+-----------------------+-----------------------+--------------------+-------------------+
| 10 |            0.23 |           0.01 |              0.04 |             0.00 |                10 |                  120 | {'max_depth': 10, 'n_estimators': 120}   |                0.00 |                0.00 |                0.00 |                1.00 |                1.00 |                1.00 |                1.00 |                1.00 |                0.00 |                1.00 |                 1.00 |                 1.00 |                 0.00 |                 1.00 |                 1.00 |                 1.00 |              0.69 |             0.46 |                 3 |                 1.00 |                 1.00 |                 1.00 |                 1.00 |                 1.00 |                 1.00 |                 1.00 |                 1.00 |                 1.00 |                 1.00 |                  1.00 |                  1.00 |                  1.00 |                  1.00 |                  1.00 |                  1.00 |               1.00 |              0.00 |
+----+-----------------+----------------+-------------------+------------------+-------------------+----------------------+------------------------------------------+---------------------+---------------------+---------------------+---------------------+---------------------+---------------------+---------------------+---------------------+---------------------+---------------------+----------------------+----------------------+----------------------+----------------------+----------------------+----------------------+-------------------+------------------+-------------------+----------------------+----------------------+----------------------+----------------------+----------------------+----------------------+----------------------+----------------------+----------------------+----------------------+-----------------------+-----------------------+-----------------------+-----------------------+-----------------------+-----------------------+--------------------+-------------------+
| 11 |            0.28 |           0.01 |              0.04 |             0.00 |                10 |                  150 | {'max_depth': 10, 'n_estimators': 150}   |                0.00 |                0.00 |                0.00 |                1.00 |                1.00 |                1.00 |                1.00 |                1.00 |                0.00 |                1.00 |                 1.00 |                 1.00 |                 0.00 |                 1.00 |                 1.00 |                 1.00 |              0.69 |             0.46 |                 3 |                 1.00 |                 1.00 |                 1.00 |                 1.00 |                 1.00 |                 1.00 |                 1.00 |                 1.00 |                 1.00 |                 1.00 |                  1.00 |                  1.00 |                  1.00 |                  1.00 |                  1.00 |                  1.00 |               1.00 |              0.00 |
+----+-----------------+----------------+-------------------+------------------+-------------------+----------------------+------------------------------------------+---------------------+---------------------+---------------------+---------------------+---------------------+---------------------+---------------------+---------------------+---------------------+---------------------+----------------------+----------------------+----------------------+----------------------+----------------------+----------------------+-------------------+------------------+-------------------+----------------------+----------------------+----------------------+----------------------+----------------------+----------------------+----------------------+----------------------+----------------------+----------------------+-----------------------+-----------------------+-----------------------+-----------------------+-----------------------+-----------------------+--------------------+-------------------+
| 12 |            0.02 |           0.00 |              0.01 |             0.00 |                15 |                   10 | {'max_depth': 15, 'n_estimators': 10}    |                0.00 |                0.00 |                0.00 |                1.00 |                0.00 |                1.00 |                1.00 |                1.00 |                0.00 |                1.00 |                 1.00 |                 1.00 |                 0.00 |                 1.00 |                 1.00 |                 1.00 |              0.62 |             0.48 |                12 |                 1.00 |                 1.00 |                 1.00 |                 1.00 |                 1.00 |                 1.00 |                 1.00 |                 1.00 |                 1.00 |                 1.00 |                  1.00 |                  1.00 |                  1.00 |                  1.00 |                  1.00 |                  1.00 |               1.00 |              0.00 |
+----+-----------------+----------------+-------------------+------------------+-------------------+----------------------+------------------------------------------+---------------------+---------------------+---------------------+---------------------+---------------------+---------------------+---------------------+---------------------+---------------------+---------------------+----------------------+----------------------+----------------------+----------------------+----------------------+----------------------+-------------------+------------------+-------------------+----------------------+----------------------+----------------------+----------------------+----------------------+----------------------+----------------------+----------------------+----------------------+----------------------+-----------------------+-----------------------+-----------------------+-----------------------+-----------------------+-----------------------+--------------------+-------------------+
| 13 |            0.04 |           0.00 |              0.01 |             0.00 |                15 |                   20 | {'max_depth': 15, 'n_estimators': 20}    |                0.00 |                0.00 |                0.00 |                1.00 |                1.00 |                0.00 |                1.00 |                1.00 |                0.00 |                0.00 |                 1.00 |                 1.00 |                 0.00 |                 1.00 |                 1.00 |                 1.00 |              0.56 |             0.50 |                18 |                 1.00 |                 1.00 |                 1.00 |                 1.00 |                 1.00 |                 1.00 |                 1.00 |                 1.00 |                 1.00 |                 1.00 |                  1.00 |                  1.00 |                  1.00 |                  1.00 |                  1.00 |                  1.00 |               1.00 |              0.00 |
+----+-----------------+----------------+-------------------+------------------+-------------------+----------------------+------------------------------------------+---------------------+---------------------+---------------------+---------------------+---------------------+---------------------+---------------------+---------------------+---------------------+---------------------+----------------------+----------------------+----------------------+----------------------+----------------------+----------------------+-------------------+------------------+-------------------+----------------------+----------------------+----------------------+----------------------+----------------------+----------------------+----------------------+----------------------+----------------------+----------------------+-----------------------+-----------------------+-----------------------+-----------------------+-----------------------+-----------------------+--------------------+-------------------+
| 14 |            0.10 |           0.00 |              0.02 |             0.00 |                15 |                   50 | {'max_depth': 15, 'n_estimators': 50}    |                0.00 |                0.00 |                0.00 |                1.00 |                0.00 |                0.00 |                1.00 |                1.00 |                0.00 |                1.00 |                 1.00 |                 1.00 |                 0.00 |                 1.00 |                 1.00 |                 1.00 |              0.56 |             0.50 |                18 |                 1.00 |                 1.00 |                 1.00 |                 1.00 |                 1.00 |                 1.00 |                 1.00 |                 1.00 |                 1.00 |                 1.00 |                  1.00 |                  1.00 |                  1.00 |                  1.00 |                  1.00 |                  1.00 |               1.00 |              0.00 |
+----+-----------------+----------------+-------------------+------------------+-------------------+----------------------+------------------------------------------+---------------------+---------------------+---------------------+---------------------+---------------------+---------------------+---------------------+---------------------+---------------------+---------------------+----------------------+----------------------+----------------------+----------------------+----------------------+----------------------+-------------------+------------------+-------------------+----------------------+----------------------+----------------------+----------------------+----------------------+----------------------+----------------------+----------------------+----------------------+----------------------+-----------------------+-----------------------+-----------------------+-----------------------+-----------------------+-----------------------+--------------------+-------------------+
| 15 |            0.19 |           0.01 |              0.03 |             0.00 |                15 |                  100 | {'max_depth': 15, 'n_estimators': 100}   |                0.00 |                0.00 |                0.00 |                1.00 |                1.00 |                1.00 |                1.00 |                1.00 |                0.00 |                1.00 |                 1.00 |                 1.00 |                 0.00 |                 1.00 |                 1.00 |                 1.00 |              0.69 |             0.46 |                 3 |                 1.00 |                 1.00 |                 1.00 |                 1.00 |                 1.00 |                 1.00 |                 1.00 |                 1.00 |                 1.00 |                 1.00 |                  1.00 |                  1.00 |                  1.00 |                  1.00 |                  1.00 |                  1.00 |               1.00 |              0.00 |
+----+-----------------+----------------+-------------------+------------------+-------------------+----------------------+------------------------------------------+---------------------+---------------------+---------------------+---------------------+---------------------+---------------------+---------------------+---------------------+---------------------+---------------------+----------------------+----------------------+----------------------+----------------------+----------------------+----------------------+-------------------+------------------+-------------------+----------------------+----------------------+----------------------+----------------------+----------------------+----------------------+----------------------+----------------------+----------------------+----------------------+-----------------------+-----------------------+-----------------------+-----------------------+-----------------------+-----------------------+--------------------+-------------------+
| 16 |            0.22 |           0.00 |              0.04 |             0.00 |                15 |                  120 | {'max_depth': 15, 'n_estimators': 120}   |                0.00 |                0.00 |                0.00 |                1.00 |                1.00 |                1.00 |                1.00 |                1.00 |                0.00 |                1.00 |                 1.00 |                 1.00 |                 0.00 |                 1.00 |                 1.00 |                 1.00 |              0.69 |             0.46 |                 3 |                 1.00 |                 1.00 |                 1.00 |                 1.00 |                 1.00 |                 1.00 |                 1.00 |                 1.00 |                 1.00 |                 1.00 |                  1.00 |                  1.00 |                  1.00 |                  1.00 |                  1.00 |                  1.00 |               1.00 |              0.00 |
+----+-----------------+----------------+-------------------+------------------+-------------------+----------------------+------------------------------------------+---------------------+---------------------+---------------------+---------------------+---------------------+---------------------+---------------------+---------------------+---------------------+---------------------+----------------------+----------------------+----------------------+----------------------+----------------------+----------------------+-------------------+------------------+-------------------+----------------------+----------------------+----------------------+----------------------+----------------------+----------------------+----------------------+----------------------+----------------------+----------------------+-----------------------+-----------------------+-----------------------+-----------------------+-----------------------+-----------------------+--------------------+-------------------+
| 17 |            0.28 |           0.00 |              0.04 |             0.00 |                15 |                  150 | {'max_depth': 15, 'n_estimators': 150}   |                0.00 |                0.00 |                0.00 |                1.00 |                1.00 |                0.00 |                1.00 |                1.00 |                0.00 |                1.00 |                 1.00 |                 1.00 |                 0.00 |                 1.00 |                 1.00 |                 1.00 |              0.62 |             0.48 |                12 |                 1.00 |                 1.00 |                 1.00 |                 1.00 |                 1.00 |                 1.00 |                 1.00 |                 1.00 |                 1.00 |                 1.00 |                  1.00 |                  1.00 |                  1.00 |                  1.00 |                  1.00 |                  1.00 |               1.00 |              0.00 |
+----+-----------------+----------------+-------------------+------------------+-------------------+----------------------+------------------------------------------+---------------------+---------------------+---------------------+---------------------+---------------------+---------------------+---------------------+---------------------+---------------------+---------------------+----------------------+----------------------+----------------------+----------------------+----------------------+----------------------+-------------------+------------------+-------------------+----------------------+----------------------+----------------------+----------------------+----------------------+----------------------+----------------------+----------------------+----------------------+----------------------+-----------------------+-----------------------+-----------------------+-----------------------+-----------------------+-----------------------+--------------------+-------------------+
| 18 |            0.02 |           0.00 |              0.01 |             0.00 |                   |                   10 | {'max_depth': None, 'n_estimators': 10}  |                0.00 |                0.00 |                0.00 |                1.00 |                0.00 |                1.00 |                1.00 |                1.00 |                0.00 |                1.00 |                 1.00 |                 1.00 |                 0.00 |                 1.00 |                 1.00 |                 1.00 |              0.62 |             0.48 |                12 |                 1.00 |                 1.00 |                 1.00 |                 1.00 |                 1.00 |                 1.00 |                 1.00 |                 1.00 |                 1.00 |                 1.00 |                  1.00 |                  1.00 |                  1.00 |                  1.00 |                  1.00 |                  1.00 |               1.00 |              0.00 |
+----+-----------------+----------------+-------------------+------------------+-------------------+----------------------+------------------------------------------+---------------------+---------------------+---------------------+---------------------+---------------------+---------------------+---------------------+---------------------+---------------------+---------------------+----------------------+----------------------+----------------------+----------------------+----------------------+----------------------+-------------------+------------------+-------------------+----------------------+----------------------+----------------------+----------------------+----------------------+----------------------+----------------------+----------------------+----------------------+----------------------+-----------------------+-----------------------+-----------------------+-----------------------+-----------------------+-----------------------+--------------------+-------------------+
| 19 |            0.04 |           0.00 |              0.01 |             0.00 |                   |                   20 | {'max_depth': None, 'n_estimators': 20}  |                0.00 |                0.00 |                0.00 |                1.00 |                1.00 |                0.00 |                1.00 |                1.00 |                0.00 |                0.00 |                 1.00 |                 1.00 |                 0.00 |                 1.00 |                 1.00 |                 1.00 |              0.56 |             0.50 |                18 |                 1.00 |                 1.00 |                 1.00 |                 1.00 |                 1.00 |                 1.00 |                 1.00 |                 1.00 |                 1.00 |                 1.00 |                  1.00 |                  1.00 |                  1.00 |                  1.00 |                  1.00 |                  1.00 |               1.00 |              0.00 |
+----+-----------------+----------------+-------------------+------------------+-------------------+----------------------+------------------------------------------+---------------------+---------------------+---------------------+---------------------+---------------------+---------------------+---------------------+---------------------+---------------------+---------------------+----------------------+----------------------+----------------------+----------------------+----------------------+----------------------+-------------------+------------------+-------------------+----------------------+----------------------+----------------------+----------------------+----------------------+----------------------+----------------------+----------------------+----------------------+----------------------+-----------------------+-----------------------+-----------------------+-----------------------+-----------------------+-----------------------+--------------------+-------------------+
| 20 |            0.10 |           0.01 |              0.02 |             0.00 |                   |                   50 | {'max_depth': None, 'n_estimators': 50}  |                0.00 |                0.00 |                0.00 |                1.00 |                0.00 |                0.00 |                1.00 |                1.00 |                0.00 |                1.00 |                 1.00 |                 1.00 |                 0.00 |                 1.00 |                 1.00 |                 1.00 |              0.56 |             0.50 |                18 |                 1.00 |                 1.00 |                 1.00 |                 1.00 |                 1.00 |                 1.00 |                 1.00 |                 1.00 |                 1.00 |                 1.00 |                  1.00 |                  1.00 |                  1.00 |                  1.00 |                  1.00 |                  1.00 |               1.00 |              0.00 |
+----+-----------------+----------------+-------------------+------------------+-------------------+----------------------+------------------------------------------+---------------------+---------------------+---------------------+---------------------+---------------------+---------------------+---------------------+---------------------+---------------------+---------------------+----------------------+----------------------+----------------------+----------------------+----------------------+----------------------+-------------------+------------------+-------------------+----------------------+----------------------+----------------------+----------------------+----------------------+----------------------+----------------------+----------------------+----------------------+----------------------+-----------------------+-----------------------+-----------------------+-----------------------+-----------------------+-----------------------+--------------------+-------------------+
| 21 |            0.19 |           0.00 |              0.03 |             0.00 |                   |                  100 | {'max_depth': None, 'n_estimators': 100} |                0.00 |                0.00 |                0.00 |                1.00 |                1.00 |                1.00 |                1.00 |                1.00 |                0.00 |                1.00 |                 1.00 |                 1.00 |                 0.00 |                 1.00 |                 1.00 |                 1.00 |              0.69 |             0.46 |                 3 |                 1.00 |                 1.00 |                 1.00 |                 1.00 |                 1.00 |                 1.00 |                 1.00 |                 1.00 |                 1.00 |                 1.00 |                  1.00 |                  1.00 |                  1.00 |                  1.00 |                  1.00 |                  1.00 |               1.00 |              0.00 |
+----+-----------------+----------------+-------------------+------------------+-------------------+----------------------+------------------------------------------+---------------------+---------------------+---------------------+---------------------+---------------------+---------------------+---------------------+---------------------+---------------------+---------------------+----------------------+----------------------+----------------------+----------------------+----------------------+----------------------+-------------------+------------------+-------------------+----------------------+----------------------+----------------------+----------------------+----------------------+----------------------+----------------------+----------------------+----------------------+----------------------+-----------------------+-----------------------+-----------------------+-----------------------+-----------------------+-----------------------+--------------------+-------------------+
| 22 |            0.23 |           0.00 |              0.03 |             0.00 |                   |                  120 | {'max_depth': None, 'n_estimators': 120} |                0.00 |                0.00 |                0.00 |                1.00 |                1.00 |                1.00 |                1.00 |                1.00 |                0.00 |                1.00 |                 1.00 |                 1.00 |                 0.00 |                 1.00 |                 1.00 |                 1.00 |              0.69 |             0.46 |                 3 |                 1.00 |                 1.00 |                 1.00 |                 1.00 |                 1.00 |                 1.00 |                 1.00 |                 1.00 |                 1.00 |                 1.00 |                  1.00 |                  1.00 |                  1.00 |                  1.00 |                  1.00 |                  1.00 |               1.00 |              0.00 |
+----+-----------------+----------------+-------------------+------------------+-------------------+----------------------+------------------------------------------+---------------------+---------------------+---------------------+---------------------+---------------------+---------------------+---------------------+---------------------+---------------------+---------------------+----------------------+----------------------+----------------------+----------------------+----------------------+----------------------+-------------------+------------------+-------------------+----------------------+----------------------+----------------------+----------------------+----------------------+----------------------+----------------------+----------------------+----------------------+----------------------+-----------------------+-----------------------+-----------------------+-----------------------+-----------------------+-----------------------+--------------------+-------------------+
| 23 |            0.28 |           0.01 |              0.04 |             0.00 |                   |                  150 | {'max_depth': None, 'n_estimators': 150} |                0.00 |                0.00 |                0.00 |                1.00 |                1.00 |                0.00 |                1.00 |                1.00 |                0.00 |                1.00 |                 1.00 |                 1.00 |                 0.00 |                 1.00 |                 1.00 |                 1.00 |              0.62 |             0.48 |                12 |                 1.00 |                 1.00 |                 1.00 |                 1.00 |                 1.00 |                 1.00 |                 1.00 |                 1.00 |                 1.00 |                 1.00 |                  1.00 |                  1.00 |                  1.00 |                  1.00 |                  1.00 |                  1.00 |               1.00 |              0.00 |
+----+-----------------+----------------+-------------------+------------------+-------------------+----------------------+------------------------------------------+---------------------+---------------------+---------------------+---------------------+---------------------+---------------------+---------------------+---------------------+---------------------+---------------------+----------------------+----------------------+----------------------+----------------------+----------------------+----------------------+-------------------+------------------+-------------------+----------------------+----------------------+----------------------+----------------------+----------------------+----------------------+----------------------+----------------------+----------------------+----------------------+-----------------------+-----------------------+-----------------------+-----------------------+-----------------------+-----------------------+--------------------+-------------------+

--> Otimizando o modelo GBTR usando os hiperparâmetros {'max_depth': [5, 10, 15, None], 'n_estimators': [10, 20, 50, 100, 120, 150]} e a busca em grade:
---> Modelo GBTR: Melhores hiperparâmetros -> {'max_depth': 5, 'n_estimators': 50}; Melhor score -> 0.6875
----> Dataframe com a avaliação de todas as combinações dos hiperparâmetros:

+----+-----------------+----------------+-------------------+------------------+-------------------+----------------------+------------------------------------------+---------------------+---------------------+---------------------+---------------------+---------------------+---------------------+---------------------+---------------------+---------------------+---------------------+----------------------+----------------------+----------------------+----------------------+----------------------+----------------------+-------------------+------------------+-------------------+----------------------+----------------------+----------------------+----------------------+----------------------+----------------------+----------------------+----------------------+----------------------+----------------------+-----------------------+-----------------------+-----------------------+-----------------------+-----------------------+-----------------------+--------------------+-------------------+
|    |   mean_fit_time |   std_fit_time |   mean_score_time |   std_score_time |   param_max_depth |   param_n_estimators | params                                   |   split0_test_score |   split1_test_score |   split2_test_score |   split3_test_score |   split4_test_score |   split5_test_score |   split6_test_score |   split7_test_score |   split8_test_score |   split9_test_score |   split10_test_score |   split11_test_score |   split12_test_score |   split13_test_score |   split14_test_score |   split15_test_score |   mean_test_score |   std_test_score |   rank_test_score |   split0_train_score |   split1_train_score |   split2_train_score |   split3_train_score |   split4_train_score |   split5_train_score |   split6_train_score |   split7_train_score |   split8_train_score |   split9_train_score |   split10_train_score |   split11_train_score |   split12_train_score |   split13_train_score |   split14_train_score |   split15_train_score |   mean_train_score |   std_train_score |
+====+=================+================+===================+==================+===================+======================+==========================================+=====================+=====================+=====================+=====================+=====================+=====================+=====================+=====================+=====================+=====================+======================+======================+======================+======================+======================+======================+===================+==================+===================+======================+======================+======================+======================+======================+======================+======================+======================+======================+======================+=======================+=======================+=======================+=======================+=======================+=======================+====================+===================+
|  0 |            0.02 |           0.00 |              0.01 |             0.00 |                 5 |                   10 | {'max_depth': 5, 'n_estimators': 10}     |                1.00 |                0.00 |                1.00 |                1.00 |                1.00 |                1.00 |                1.00 |                1.00 |                1.00 |                0.00 |                 0.00 |                 0.00 |                 1.00 |                 0.00 |                 0.00 |                 1.00 |              0.62 |             0.48 |                20 |                 0.00 |                 1.00 |                 1.00 |                 1.00 |                 1.00 |                 1.00 |                 1.00 |                 1.00 |                 1.00 |                 1.00 |                  1.00 |                  1.00 |                  1.00 |                  1.00 |                  1.00 |                  1.00 |               0.94 |              0.24 |
+----+-----------------+----------------+-------------------+------------------+-------------------+----------------------+------------------------------------------+---------------------+---------------------+---------------------+---------------------+---------------------+---------------------+---------------------+---------------------+---------------------+---------------------+----------------------+----------------------+----------------------+----------------------+----------------------+----------------------+-------------------+------------------+-------------------+----------------------+----------------------+----------------------+----------------------+----------------------+----------------------+----------------------+----------------------+----------------------+----------------------+-----------------------+-----------------------+-----------------------+-----------------------+-----------------------+-----------------------+--------------------+-------------------+
|  1 |            0.03 |           0.00 |              0.01 |             0.00 |                 5 |                   20 | {'max_depth': 5, 'n_estimators': 20}     |                1.00 |                0.00 |                1.00 |                1.00 |                1.00 |                0.00 |                1.00 |                1.00 |                0.00 |                0.00 |                 0.00 |                 0.00 |                 0.00 |                 0.00 |                 1.00 |                 1.00 |              0.50 |             0.50 |                22 |                 0.00 |                 1.00 |                 1.00 |                 1.00 |                 1.00 |                 1.00 |                 1.00 |                 1.00 |                 1.00 |                 1.00 |                  1.00 |                  1.00 |                  1.00 |                  1.00 |                  1.00 |                  1.00 |               0.94 |              0.24 |
+----+-----------------+----------------+-------------------+------------------+-------------------+----------------------+------------------------------------------+---------------------+---------------------+---------------------+---------------------+---------------------+---------------------+---------------------+---------------------+---------------------+---------------------+----------------------+----------------------+----------------------+----------------------+----------------------+----------------------+-------------------+------------------+-------------------+----------------------+----------------------+----------------------+----------------------+----------------------+----------------------+----------------------+----------------------+----------------------+----------------------+-----------------------+-----------------------+-----------------------+-----------------------+-----------------------+-----------------------+--------------------+-------------------+
|  2 |            0.08 |           0.00 |              0.01 |             0.00 |                 5 |                   50 | {'max_depth': 5, 'n_estimators': 50}     |                1.00 |                0.00 |                1.00 |                0.00 |                1.00 |                0.00 |                1.00 |                1.00 |                0.00 |                1.00 |                 1.00 |                 1.00 |                 0.00 |                 1.00 |                 1.00 |                 1.00 |              0.69 |             0.46 |                 1 |                 0.00 |                 1.00 |                 1.00 |                 1.00 |                 1.00 |                 1.00 |                 1.00 |                 1.00 |                 1.00 |                 1.00 |                  0.00 |                  1.00 |                  1.00 |                  0.00 |                  1.00 |                  1.00 |               0.81 |              0.39 |
+----+-----------------+----------------+-------------------+------------------+-------------------+----------------------+------------------------------------------+---------------------+---------------------+---------------------+---------------------+---------------------+---------------------+---------------------+---------------------+---------------------+---------------------+----------------------+----------------------+----------------------+----------------------+----------------------+----------------------+-------------------+------------------+-------------------+----------------------+----------------------+----------------------+----------------------+----------------------+----------------------+----------------------+----------------------+----------------------+----------------------+-----------------------+-----------------------+-----------------------+-----------------------+-----------------------+-----------------------+--------------------+-------------------+
|  3 |            0.14 |           0.01 |              0.01 |             0.00 |                 5 |                  100 | {'max_depth': 5, 'n_estimators': 100}    |                1.00 |                0.00 |                0.00 |                0.00 |                0.00 |                0.00 |                1.00 |                1.00 |                0.00 |                1.00 |                 1.00 |                 1.00 |                 0.00 |                 0.00 |                 1.00 |                 1.00 |              0.50 |             0.50 |                22 |                 0.00 |                 1.00 |                 0.00 |                 1.00 |                 1.00 |                 1.00 |                 1.00 |                 1.00 |                 1.00 |                 1.00 |                  1.00 |                  1.00 |                  1.00 |                  1.00 |                  1.00 |                  1.00 |               0.88 |              0.33 |
+----+-----------------+----------------+-------------------+------------------+-------------------+----------------------+------------------------------------------+---------------------+---------------------+---------------------+---------------------+---------------------+---------------------+---------------------+---------------------+---------------------+---------------------+----------------------+----------------------+----------------------+----------------------+----------------------+----------------------+-------------------+------------------+-------------------+----------------------+----------------------+----------------------+----------------------+----------------------+----------------------+----------------------+----------------------+----------------------+----------------------+-----------------------+-----------------------+-----------------------+-----------------------+-----------------------+-----------------------+--------------------+-------------------+
|  4 |            0.17 |           0.01 |              0.01 |             0.00 |                 5 |                  120 | {'max_depth': 5, 'n_estimators': 120}    |                0.00 |                1.00 |                1.00 |                0.00 |                0.00 |                0.00 |                1.00 |                1.00 |                0.00 |                1.00 |                 1.00 |                 1.00 |                 0.00 |                 0.00 |                 1.00 |                 1.00 |              0.56 |             0.50 |                21 |                 0.00 |                 1.00 |                 1.00 |                 1.00 |                 1.00 |                 1.00 |                 1.00 |                 1.00 |                 1.00 |                 1.00 |                  1.00 |                  1.00 |                  1.00 |                  1.00 |                  1.00 |                  1.00 |               0.94 |              0.24 |
+----+-----------------+----------------+-------------------+------------------+-------------------+----------------------+------------------------------------------+---------------------+---------------------+---------------------+---------------------+---------------------+---------------------+---------------------+---------------------+---------------------+---------------------+----------------------+----------------------+----------------------+----------------------+----------------------+----------------------+-------------------+------------------+-------------------+----------------------+----------------------+----------------------+----------------------+----------------------+----------------------+----------------------+----------------------+----------------------+----------------------+-----------------------+-----------------------+-----------------------+-----------------------+-----------------------+-----------------------+--------------------+-------------------+
|  5 |            0.23 |           0.01 |              0.01 |             0.00 |                 5 |                  150 | {'max_depth': 5, 'n_estimators': 150}    |                1.00 |                0.00 |                0.00 |                0.00 |                0.00 |                0.00 |                1.00 |                1.00 |                0.00 |                1.00 |                 1.00 |                 1.00 |                 0.00 |                 0.00 |                 1.00 |                 1.00 |              0.50 |             0.50 |                22 |                 0.00 |                 1.00 |                 1.00 |                 1.00 |                 1.00 |                 1.00 |                 1.00 |                 1.00 |                 1.00 |                 1.00 |                  1.00 |                  1.00 |                  1.00 |                  1.00 |                  1.00 |                  1.00 |               0.94 |              0.24 |
+----+-----------------+----------------+-------------------+------------------+-------------------+----------------------+------------------------------------------+---------------------+---------------------+---------------------+---------------------+---------------------+---------------------+---------------------+---------------------+---------------------+---------------------+----------------------+----------------------+----------------------+----------------------+----------------------+----------------------+-------------------+------------------+-------------------+----------------------+----------------------+----------------------+----------------------+----------------------+----------------------+----------------------+----------------------+----------------------+----------------------+-----------------------+-----------------------+-----------------------+-----------------------+-----------------------+-----------------------+--------------------+-------------------+
|  6 |            0.02 |           0.00 |              0.01 |             0.00 |                10 |                   10 | {'max_depth': 10, 'n_estimators': 10}    |                0.00 |                0.00 |                1.00 |                1.00 |                1.00 |                1.00 |                1.00 |                1.00 |                0.00 |                1.00 |                 1.00 |                 1.00 |                 0.00 |                 0.00 |                 1.00 |                 1.00 |              0.69 |             0.46 |                 1 |                 1.00 |                 1.00 |                 1.00 |                 1.00 |                 1.00 |                 1.00 |                 1.00 |                 1.00 |                 1.00 |                 1.00 |                  1.00 |                  1.00 |                  1.00 |                  1.00 |                  1.00 |                  1.00 |               1.00 |              0.00 |
+----+-----------------+----------------+-------------------+------------------+-------------------+----------------------+------------------------------------------+---------------------+---------------------+---------------------+---------------------+---------------------+---------------------+---------------------+---------------------+---------------------+---------------------+----------------------+----------------------+----------------------+----------------------+----------------------+----------------------+-------------------+------------------+-------------------+----------------------+----------------------+----------------------+----------------------+----------------------+----------------------+----------------------+----------------------+----------------------+----------------------+-----------------------+-----------------------+-----------------------+-----------------------+-----------------------+-----------------------+--------------------+-------------------+
|  7 |            0.04 |           0.01 |              0.01 |             0.00 |                10 |                   20 | {'max_depth': 10, 'n_estimators': 20}    |                0.00 |                0.00 |                1.00 |                1.00 |                1.00 |                1.00 |                1.00 |                1.00 |                0.00 |                1.00 |                 1.00 |                 1.00 |                 0.00 |                 0.00 |                 1.00 |                 1.00 |              0.69 |             0.46 |                 1 |                 1.00 |                 1.00 |                 1.00 |                 1.00 |                 1.00 |                 1.00 |                 1.00 |                 1.00 |                 1.00 |                 1.00 |                  1.00 |                  1.00 |                  1.00 |                  1.00 |                  1.00 |                  1.00 |               1.00 |              0.00 |
+----+-----------------+----------------+-------------------+------------------+-------------------+----------------------+------------------------------------------+---------------------+---------------------+---------------------+---------------------+---------------------+---------------------+---------------------+---------------------+---------------------+---------------------+----------------------+----------------------+----------------------+----------------------+----------------------+----------------------+-------------------+------------------+-------------------+----------------------+----------------------+----------------------+----------------------+----------------------+----------------------+----------------------+----------------------+----------------------+----------------------+-----------------------+-----------------------+-----------------------+-----------------------+-----------------------+-----------------------+--------------------+-------------------+
|  8 |            0.08 |           0.00 |              0.01 |             0.00 |                10 |                   50 | {'max_depth': 10, 'n_estimators': 50}    |                0.00 |                0.00 |                1.00 |                1.00 |                1.00 |                1.00 |                1.00 |                1.00 |                0.00 |                1.00 |                 1.00 |                 1.00 |                 0.00 |                 0.00 |                 1.00 |                 1.00 |              0.69 |             0.46 |                 1 |                 1.00 |                 1.00 |                 1.00 |                 1.00 |                 1.00 |                 1.00 |                 1.00 |                 1.00 |                 1.00 |                 1.00 |                  1.00 |                  1.00 |                  1.00 |                  1.00 |                  1.00 |                  1.00 |               1.00 |              0.00 |
+----+-----------------+----------------+-------------------+------------------+-------------------+----------------------+------------------------------------------+---------------------+---------------------+---------------------+---------------------+---------------------+---------------------+---------------------+---------------------+---------------------+---------------------+----------------------+----------------------+----------------------+----------------------+----------------------+----------------------+-------------------+------------------+-------------------+----------------------+----------------------+----------------------+----------------------+----------------------+----------------------+----------------------+----------------------+----------------------+----------------------+-----------------------+-----------------------+-----------------------+-----------------------+-----------------------+-----------------------+--------------------+-------------------+
|  9 |            0.16 |           0.01 |              0.01 |             0.00 |                10 |                  100 | {'max_depth': 10, 'n_estimators': 100}   |                0.00 |                0.00 |                1.00 |                1.00 |                1.00 |                1.00 |                1.00 |                1.00 |                0.00 |                1.00 |                 1.00 |                 1.00 |                 0.00 |                 0.00 |                 1.00 |                 1.00 |              0.69 |             0.46 |                 1 |                 1.00 |                 1.00 |                 1.00 |                 1.00 |                 1.00 |                 1.00 |                 1.00 |                 1.00 |                 1.00 |                 1.00 |                  1.00 |                  1.00 |                  1.00 |                  1.00 |                  1.00 |                  1.00 |               1.00 |              0.00 |
+----+-----------------+----------------+-------------------+------------------+-------------------+----------------------+------------------------------------------+---------------------+---------------------+---------------------+---------------------+---------------------+---------------------+---------------------+---------------------+---------------------+---------------------+----------------------+----------------------+----------------------+----------------------+----------------------+----------------------+-------------------+------------------+-------------------+----------------------+----------------------+----------------------+----------------------+----------------------+----------------------+----------------------+----------------------+----------------------+----------------------+-----------------------+-----------------------+-----------------------+-----------------------+-----------------------+-----------------------+--------------------+-------------------+
| 10 |            0.19 |           0.01 |              0.01 |             0.00 |                10 |                  120 | {'max_depth': 10, 'n_estimators': 120}   |                0.00 |                0.00 |                1.00 |                1.00 |                1.00 |                1.00 |                1.00 |                1.00 |                0.00 |                1.00 |                 1.00 |                 1.00 |                 0.00 |                 0.00 |                 1.00 |                 1.00 |              0.69 |             0.46 |                 1 |                 1.00 |                 1.00 |                 1.00 |                 1.00 |                 1.00 |                 1.00 |                 1.00 |                 1.00 |                 1.00 |                 1.00 |                  1.00 |                  1.00 |                  1.00 |                  1.00 |                  1.00 |                  1.00 |               1.00 |              0.00 |
+----+-----------------+----------------+-------------------+------------------+-------------------+----------------------+------------------------------------------+---------------------+---------------------+---------------------+---------------------+---------------------+---------------------+---------------------+---------------------+---------------------+---------------------+----------------------+----------------------+----------------------+----------------------+----------------------+----------------------+-------------------+------------------+-------------------+----------------------+----------------------+----------------------+----------------------+----------------------+----------------------+----------------------+----------------------+----------------------+----------------------+-----------------------+-----------------------+-----------------------+-----------------------+-----------------------+-----------------------+--------------------+-------------------+
| 11 |            0.24 |           0.00 |              0.01 |             0.00 |                10 |                  150 | {'max_depth': 10, 'n_estimators': 150}   |                0.00 |                0.00 |                1.00 |                1.00 |                1.00 |                1.00 |                1.00 |                1.00 |                0.00 |                1.00 |                 1.00 |                 1.00 |                 0.00 |                 0.00 |                 1.00 |                 1.00 |              0.69 |             0.46 |                 1 |                 1.00 |                 1.00 |                 1.00 |                 1.00 |                 1.00 |                 1.00 |                 1.00 |                 1.00 |                 1.00 |                 1.00 |                  1.00 |                  1.00 |                  1.00 |                  1.00 |                  1.00 |                  1.00 |               1.00 |              0.00 |
+----+-----------------+----------------+-------------------+------------------+-------------------+----------------------+------------------------------------------+---------------------+---------------------+---------------------+---------------------+---------------------+---------------------+---------------------+---------------------+---------------------+---------------------+----------------------+----------------------+----------------------+----------------------+----------------------+----------------------+-------------------+------------------+-------------------+----------------------+----------------------+----------------------+----------------------+----------------------+----------------------+----------------------+----------------------+----------------------+----------------------+-----------------------+-----------------------+-----------------------+-----------------------+-----------------------+-----------------------+--------------------+-------------------+
| 12 |            0.02 |           0.00 |              0.01 |             0.00 |                15 |                   10 | {'max_depth': 15, 'n_estimators': 10}    |                0.00 |                0.00 |                1.00 |                1.00 |                1.00 |                1.00 |                1.00 |                1.00 |                0.00 |                1.00 |                 1.00 |                 1.00 |                 0.00 |                 0.00 |                 1.00 |                 1.00 |              0.69 |             0.46 |                 1 |                 1.00 |                 1.00 |                 1.00 |                 1.00 |                 1.00 |                 1.00 |                 1.00 |                 1.00 |                 1.00 |                 1.00 |                  1.00 |                  1.00 |                  1.00 |                  1.00 |                  1.00 |                  1.00 |               1.00 |              0.00 |
+----+-----------------+----------------+-------------------+------------------+-------------------+----------------------+------------------------------------------+---------------------+---------------------+---------------------+---------------------+---------------------+---------------------+---------------------+---------------------+---------------------+---------------------+----------------------+----------------------+----------------------+----------------------+----------------------+----------------------+-------------------+------------------+-------------------+----------------------+----------------------+----------------------+----------------------+----------------------+----------------------+----------------------+----------------------+----------------------+----------------------+-----------------------+-----------------------+-----------------------+-----------------------+-----------------------+-----------------------+--------------------+-------------------+
| 13 |            0.04 |           0.00 |              0.01 |             0.00 |                15 |                   20 | {'max_depth': 15, 'n_estimators': 20}    |                0.00 |                0.00 |                1.00 |                1.00 |                1.00 |                1.00 |                1.00 |                1.00 |                0.00 |                1.00 |                 1.00 |                 1.00 |                 0.00 |                 0.00 |                 1.00 |                 1.00 |              0.69 |             0.46 |                 1 |                 1.00 |                 1.00 |                 1.00 |                 1.00 |                 1.00 |                 1.00 |                 1.00 |                 1.00 |                 1.00 |                 1.00 |                  1.00 |                  1.00 |                  1.00 |                  1.00 |                  1.00 |                  1.00 |               1.00 |              0.00 |
+----+-----------------+----------------+-------------------+------------------+-------------------+----------------------+------------------------------------------+---------------------+---------------------+---------------------+---------------------+---------------------+---------------------+---------------------+---------------------+---------------------+---------------------+----------------------+----------------------+----------------------+----------------------+----------------------+----------------------+-------------------+------------------+-------------------+----------------------+----------------------+----------------------+----------------------+----------------------+----------------------+----------------------+----------------------+----------------------+----------------------+-----------------------+-----------------------+-----------------------+-----------------------+-----------------------+-----------------------+--------------------+-------------------+
| 14 |            0.08 |           0.00 |              0.01 |             0.00 |                15 |                   50 | {'max_depth': 15, 'n_estimators': 50}    |                0.00 |                0.00 |                1.00 |                1.00 |                1.00 |                1.00 |                1.00 |                1.00 |                0.00 |                1.00 |                 1.00 |                 1.00 |                 0.00 |                 0.00 |                 1.00 |                 1.00 |              0.69 |             0.46 |                 1 |                 1.00 |                 1.00 |                 1.00 |                 1.00 |                 1.00 |                 1.00 |                 1.00 |                 1.00 |                 1.00 |                 1.00 |                  1.00 |                  1.00 |                  1.00 |                  1.00 |                  1.00 |                  1.00 |               1.00 |              0.00 |
+----+-----------------+----------------+-------------------+------------------+-------------------+----------------------+------------------------------------------+---------------------+---------------------+---------------------+---------------------+---------------------+---------------------+---------------------+---------------------+---------------------+---------------------+----------------------+----------------------+----------------------+----------------------+----------------------+----------------------+-------------------+------------------+-------------------+----------------------+----------------------+----------------------+----------------------+----------------------+----------------------+----------------------+----------------------+----------------------+----------------------+-----------------------+-----------------------+-----------------------+-----------------------+-----------------------+-----------------------+--------------------+-------------------+
| 15 |            0.16 |           0.00 |              0.01 |             0.00 |                15 |                  100 | {'max_depth': 15, 'n_estimators': 100}   |                0.00 |                0.00 |                1.00 |                1.00 |                1.00 |                1.00 |                1.00 |                1.00 |                0.00 |                1.00 |                 1.00 |                 1.00 |                 0.00 |                 0.00 |                 1.00 |                 1.00 |              0.69 |             0.46 |                 1 |                 1.00 |                 1.00 |                 1.00 |                 1.00 |                 1.00 |                 1.00 |                 1.00 |                 1.00 |                 1.00 |                 1.00 |                  1.00 |                  1.00 |                  1.00 |                  1.00 |                  1.00 |                  1.00 |               1.00 |              0.00 |
+----+-----------------+----------------+-------------------+------------------+-------------------+----------------------+------------------------------------------+---------------------+---------------------+---------------------+---------------------+---------------------+---------------------+---------------------+---------------------+---------------------+---------------------+----------------------+----------------------+----------------------+----------------------+----------------------+----------------------+-------------------+------------------+-------------------+----------------------+----------------------+----------------------+----------------------+----------------------+----------------------+----------------------+----------------------+----------------------+----------------------+-----------------------+-----------------------+-----------------------+-----------------------+-----------------------+-----------------------+--------------------+-------------------+
| 16 |            0.19 |           0.00 |              0.01 |             0.00 |                15 |                  120 | {'max_depth': 15, 'n_estimators': 120}   |                0.00 |                0.00 |                1.00 |                1.00 |                1.00 |                1.00 |                1.00 |                1.00 |                0.00 |                1.00 |                 1.00 |                 1.00 |                 0.00 |                 0.00 |                 1.00 |                 1.00 |              0.69 |             0.46 |                 1 |                 1.00 |                 1.00 |                 1.00 |                 1.00 |                 1.00 |                 1.00 |                 1.00 |                 1.00 |                 1.00 |                 1.00 |                  1.00 |                  1.00 |                  1.00 |                  1.00 |                  1.00 |                  1.00 |               1.00 |              0.00 |
+----+-----------------+----------------+-------------------+------------------+-------------------+----------------------+------------------------------------------+---------------------+---------------------+---------------------+---------------------+---------------------+---------------------+---------------------+---------------------+---------------------+---------------------+----------------------+----------------------+----------------------+----------------------+----------------------+----------------------+-------------------+------------------+-------------------+----------------------+----------------------+----------------------+----------------------+----------------------+----------------------+----------------------+----------------------+----------------------+----------------------+-----------------------+-----------------------+-----------------------+-----------------------+-----------------------+-----------------------+--------------------+-------------------+
| 17 |            0.24 |           0.01 |              0.01 |             0.00 |                15 |                  150 | {'max_depth': 15, 'n_estimators': 150}   |                0.00 |                0.00 |                1.00 |                1.00 |                1.00 |                1.00 |                1.00 |                1.00 |                0.00 |                1.00 |                 1.00 |                 1.00 |                 0.00 |                 0.00 |                 1.00 |                 1.00 |              0.69 |             0.46 |                 1 |                 1.00 |                 1.00 |                 1.00 |                 1.00 |                 1.00 |                 1.00 |                 1.00 |                 1.00 |                 1.00 |                 1.00 |                  1.00 |                  1.00 |                  1.00 |                  1.00 |                  1.00 |                  1.00 |               1.00 |              0.00 |
+----+-----------------+----------------+-------------------+------------------+-------------------+----------------------+------------------------------------------+---------------------+---------------------+---------------------+---------------------+---------------------+---------------------+---------------------+---------------------+---------------------+---------------------+----------------------+----------------------+----------------------+----------------------+----------------------+----------------------+-------------------+------------------+-------------------+----------------------+----------------------+----------------------+----------------------+----------------------+----------------------+----------------------+----------------------+----------------------+----------------------+-----------------------+-----------------------+-----------------------+-----------------------+-----------------------+-----------------------+--------------------+-------------------+
| 18 |            0.02 |           0.00 |              0.01 |             0.00 |                   |                   10 | {'max_depth': None, 'n_estimators': 10}  |                0.00 |                0.00 |                1.00 |                1.00 |                1.00 |                1.00 |                1.00 |                1.00 |                0.00 |                1.00 |                 1.00 |                 1.00 |                 0.00 |                 0.00 |                 1.00 |                 1.00 |              0.69 |             0.46 |                 1 |                 1.00 |                 1.00 |                 1.00 |                 1.00 |                 1.00 |                 1.00 |                 1.00 |                 1.00 |                 1.00 |                 1.00 |                  1.00 |                  1.00 |                  1.00 |                  1.00 |                  1.00 |                  1.00 |               1.00 |              0.00 |
+----+-----------------+----------------+-------------------+------------------+-------------------+----------------------+------------------------------------------+---------------------+---------------------+---------------------+---------------------+---------------------+---------------------+---------------------+---------------------+---------------------+---------------------+----------------------+----------------------+----------------------+----------------------+----------------------+----------------------+-------------------+------------------+-------------------+----------------------+----------------------+----------------------+----------------------+----------------------+----------------------+----------------------+----------------------+----------------------+----------------------+-----------------------+-----------------------+-----------------------+-----------------------+-----------------------+-----------------------+--------------------+-------------------+
| 19 |            0.04 |           0.00 |              0.01 |             0.00 |                   |                   20 | {'max_depth': None, 'n_estimators': 20}  |                0.00 |                0.00 |                1.00 |                1.00 |                1.00 |                1.00 |                1.00 |                1.00 |                0.00 |                1.00 |                 1.00 |                 1.00 |                 0.00 |                 0.00 |                 1.00 |                 1.00 |              0.69 |             0.46 |                 1 |                 1.00 |                 1.00 |                 1.00 |                 1.00 |                 1.00 |                 1.00 |                 1.00 |                 1.00 |                 1.00 |                 1.00 |                  1.00 |                  1.00 |                  1.00 |                  1.00 |                  1.00 |                  1.00 |               1.00 |              0.00 |
+----+-----------------+----------------+-------------------+------------------+-------------------+----------------------+------------------------------------------+---------------------+---------------------+---------------------+---------------------+---------------------+---------------------+---------------------+---------------------+---------------------+---------------------+----------------------+----------------------+----------------------+----------------------+----------------------+----------------------+-------------------+------------------+-------------------+----------------------+----------------------+----------------------+----------------------+----------------------+----------------------+----------------------+----------------------+----------------------+----------------------+-----------------------+-----------------------+-----------------------+-----------------------+-----------------------+-----------------------+--------------------+-------------------+
| 20 |            0.09 |           0.01 |              0.01 |             0.00 |                   |                   50 | {'max_depth': None, 'n_estimators': 50}  |                0.00 |                0.00 |                1.00 |                1.00 |                1.00 |                1.00 |                1.00 |                1.00 |                0.00 |                1.00 |                 1.00 |                 1.00 |                 0.00 |                 0.00 |                 1.00 |                 1.00 |              0.69 |             0.46 |                 1 |                 1.00 |                 1.00 |                 1.00 |                 1.00 |                 1.00 |                 1.00 |                 1.00 |                 1.00 |                 1.00 |                 1.00 |                  1.00 |                  1.00 |                  1.00 |                  1.00 |                  1.00 |                  1.00 |               1.00 |              0.00 |
+----+-----------------+----------------+-------------------+------------------+-------------------+----------------------+------------------------------------------+---------------------+---------------------+---------------------+---------------------+---------------------+---------------------+---------------------+---------------------+---------------------+---------------------+----------------------+----------------------+----------------------+----------------------+----------------------+----------------------+-------------------+------------------+-------------------+----------------------+----------------------+----------------------+----------------------+----------------------+----------------------+----------------------+----------------------+----------------------+----------------------+-----------------------+-----------------------+-----------------------+-----------------------+-----------------------+-----------------------+--------------------+-------------------+
| 21 |            0.16 |           0.00 |              0.01 |             0.00 |                   |                  100 | {'max_depth': None, 'n_estimators': 100} |                0.00 |                0.00 |                1.00 |                1.00 |                1.00 |                1.00 |                1.00 |                1.00 |                0.00 |                1.00 |                 1.00 |                 1.00 |                 0.00 |                 0.00 |                 1.00 |                 1.00 |              0.69 |             0.46 |                 1 |                 1.00 |                 1.00 |                 1.00 |                 1.00 |                 1.00 |                 1.00 |                 1.00 |                 1.00 |                 1.00 |                 1.00 |                  1.00 |                  1.00 |                  1.00 |                  1.00 |                  1.00 |                  1.00 |               1.00 |              0.00 |
+----+-----------------+----------------+-------------------+------------------+-------------------+----------------------+------------------------------------------+---------------------+---------------------+---------------------+---------------------+---------------------+---------------------+---------------------+---------------------+---------------------+---------------------+----------------------+----------------------+----------------------+----------------------+----------------------+----------------------+-------------------+------------------+-------------------+----------------------+----------------------+----------------------+----------------------+----------------------+----------------------+----------------------+----------------------+----------------------+----------------------+-----------------------+-----------------------+-----------------------+-----------------------+-----------------------+-----------------------+--------------------+-------------------+
| 22 |            0.19 |           0.00 |              0.01 |             0.00 |                   |                  120 | {'max_depth': None, 'n_estimators': 120} |                0.00 |                0.00 |                1.00 |                1.00 |                1.00 |                1.00 |                1.00 |                1.00 |                0.00 |                1.00 |                 1.00 |                 1.00 |                 0.00 |                 0.00 |                 1.00 |                 1.00 |              0.69 |             0.46 |                 1 |                 1.00 |                 1.00 |                 1.00 |                 1.00 |                 1.00 |                 1.00 |                 1.00 |                 1.00 |                 1.00 |                 1.00 |                  1.00 |                  1.00 |                  1.00 |                  1.00 |                  1.00 |                  1.00 |               1.00 |              0.00 |
+----+-----------------+----------------+-------------------+------------------+-------------------+----------------------+------------------------------------------+---------------------+---------------------+---------------------+---------------------+---------------------+---------------------+---------------------+---------------------+---------------------+---------------------+----------------------+----------------------+----------------------+----------------------+----------------------+----------------------+-------------------+------------------+-------------------+----------------------+----------------------+----------------------+----------------------+----------------------+----------------------+----------------------+----------------------+----------------------+----------------------+-----------------------+-----------------------+-----------------------+-----------------------+-----------------------+-----------------------+--------------------+-------------------+
| 23 |            0.22 |           0.03 |              0.01 |             0.00 |                   |                  150 | {'max_depth': None, 'n_estimators': 150} |                0.00 |                0.00 |                1.00 |                1.00 |                1.00 |                1.00 |                1.00 |                1.00 |                0.00 |                1.00 |                 1.00 |                 1.00 |                 0.00 |                 0.00 |                 1.00 |                 1.00 |              0.69 |             0.46 |                 1 |                 1.00 |                 1.00 |                 1.00 |                 1.00 |                 1.00 |                 1.00 |                 1.00 |                 1.00 |                 1.00 |                 1.00 |                  1.00 |                  1.00 |                  1.00 |                  1.00 |                  1.00 |                  1.00 |               1.00 |              0.00 |
+----+-----------------+----------------+-------------------+------------------+-------------------+----------------------+------------------------------------------+---------------------+---------------------+---------------------+---------------------+---------------------+---------------------+---------------------+---------------------+---------------------+---------------------+----------------------+----------------------+----------------------+----------------------+----------------------+----------------------+-------------------+------------------+-------------------+----------------------+----------------------+----------------------+----------------------+----------------------+----------------------+----------------------+----------------------+----------------------+----------------------+-----------------------+-----------------------+-----------------------+-----------------------+-----------------------+-----------------------+--------------------+-------------------+

--> Otimizando o modelo RFR usando os hiperparâmetros {'max_depth': [5, 10, 15, None], 'n_estimators': [10, 20, 50, 100, 120, 150]} e a busca em grade:
---> Modelo RFR: Melhores hiperparâmetros -> {'max_depth': 10, 'n_estimators': 10}; Melhor score -> 0.6875
----> Dataframe com a avaliação de todas as combinações dos hiperparâmetros:

+----+-----------------+----------------+-------------------+------------------+-------------------+----------------------+------------------------------------------+---------------------+---------------------+---------------------+---------------------+---------------------+---------------------+---------------------+---------------------+---------------------+---------------------+----------------------+----------------------+----------------------+----------------------+----------------------+----------------------+-------------------+------------------+-------------------+----------------------+----------------------+----------------------+----------------------+----------------------+----------------------+----------------------+----------------------+----------------------+----------------------+-----------------------+-----------------------+-----------------------+-----------------------+-----------------------+-----------------------+--------------------+-------------------+
|    |   mean_fit_time |   std_fit_time |   mean_score_time |   std_score_time |   param_max_depth |   param_n_estimators | params                                   |   split0_test_score |   split1_test_score |   split2_test_score |   split3_test_score |   split4_test_score |   split5_test_score |   split6_test_score |   split7_test_score |   split8_test_score |   split9_test_score |   split10_test_score |   split11_test_score |   split12_test_score |   split13_test_score |   split14_test_score |   split15_test_score |   mean_test_score |   std_test_score |   rank_test_score |   split0_train_score |   split1_train_score |   split2_train_score |   split3_train_score |   split4_train_score |   split5_train_score |   split6_train_score |   split7_train_score |   split8_train_score |   split9_train_score |   split10_train_score |   split11_train_score |   split12_train_score |   split13_train_score |   split14_train_score |   split15_train_score |   mean_train_score |   std_train_score |
+====+=================+================+===================+==================+===================+======================+==========================================+=====================+=====================+=====================+=====================+=====================+=====================+=====================+=====================+=====================+=====================+======================+======================+======================+======================+======================+======================+===================+==================+===================+======================+======================+======================+======================+======================+======================+======================+======================+======================+======================+=======================+=======================+=======================+=======================+=======================+=======================+====================+===================+
|  0 |            0.03 |           0.01 |              0.01 |             0.00 |                 5 |                   10 | {'max_depth': 5, 'n_estimators': 10}     |                1.00 |                0.00 |                1.00 |                1.00 |                1.00 |                1.00 |                1.00 |                1.00 |                1.00 |                0.00 |                 0.00 |                 0.00 |                 1.00 |                 0.00 |                 0.00 |                 1.00 |              0.62 |             0.48 |                13 |                 0.00 |                 1.00 |                 1.00 |                 1.00 |                 1.00 |                 1.00 |                 1.00 |                 1.00 |                 1.00 |                 1.00 |                  1.00 |                  1.00 |                  1.00 |                  1.00 |                  1.00 |                  1.00 |               0.94 |              0.24 |
+----+-----------------+----------------+-------------------+------------------+-------------------+----------------------+------------------------------------------+---------------------+---------------------+---------------------+---------------------+---------------------+---------------------+---------------------+---------------------+---------------------+---------------------+----------------------+----------------------+----------------------+----------------------+----------------------+----------------------+-------------------+------------------+-------------------+----------------------+----------------------+----------------------+----------------------+----------------------+----------------------+----------------------+----------------------+----------------------+----------------------+-----------------------+-----------------------+-----------------------+-----------------------+-----------------------+-----------------------+--------------------+-------------------+
|  1 |            0.06 |           0.00 |              0.01 |             0.00 |                 5 |                   20 | {'max_depth': 5, 'n_estimators': 20}     |                1.00 |                0.00 |                1.00 |                1.00 |                1.00 |                1.00 |                1.00 |                1.00 |                1.00 |                0.00 |                 0.00 |                 0.00 |                 1.00 |                 0.00 |                 0.00 |                 1.00 |              0.62 |             0.48 |                13 |                 0.00 |                 1.00 |                 1.00 |                 1.00 |                 1.00 |                 1.00 |                 1.00 |                 1.00 |                 1.00 |                 1.00 |                  1.00 |                  1.00 |                  1.00 |                  1.00 |                  1.00 |                  1.00 |               0.94 |              0.24 |
+----+-----------------+----------------+-------------------+------------------+-------------------+----------------------+------------------------------------------+---------------------+---------------------+---------------------+---------------------+---------------------+---------------------+---------------------+---------------------+---------------------+---------------------+----------------------+----------------------+----------------------+----------------------+----------------------+----------------------+-------------------+------------------+-------------------+----------------------+----------------------+----------------------+----------------------+----------------------+----------------------+----------------------+----------------------+----------------------+----------------------+-----------------------+-----------------------+-----------------------+-----------------------+-----------------------+-----------------------+--------------------+-------------------+
|  2 |            0.14 |           0.01 |              0.02 |             0.00 |                 5 |                   50 | {'max_depth': 5, 'n_estimators': 50}     |                1.00 |                0.00 |                1.00 |                1.00 |                1.00 |                1.00 |                1.00 |                1.00 |                1.00 |                0.00 |                 0.00 |                 0.00 |                 1.00 |                 0.00 |                 0.00 |                 1.00 |              0.62 |             0.48 |                13 |                 0.00 |                 1.00 |                 1.00 |                 1.00 |                 1.00 |                 1.00 |                 1.00 |                 1.00 |                 1.00 |                 1.00 |                  1.00 |                  1.00 |                  1.00 |                  1.00 |                  1.00 |                  1.00 |               0.94 |              0.24 |
+----+-----------------+----------------+-------------------+------------------+-------------------+----------------------+------------------------------------------+---------------------+---------------------+---------------------+---------------------+---------------------+---------------------+---------------------+---------------------+---------------------+---------------------+----------------------+----------------------+----------------------+----------------------+----------------------+----------------------+-------------------+------------------+-------------------+----------------------+----------------------+----------------------+----------------------+----------------------+----------------------+----------------------+----------------------+----------------------+----------------------+-----------------------+-----------------------+-----------------------+-----------------------+-----------------------+-----------------------+--------------------+-------------------+
|  3 |            0.28 |           0.02 |              0.03 |             0.00 |                 5 |                  100 | {'max_depth': 5, 'n_estimators': 100}    |                1.00 |                0.00 |                1.00 |                1.00 |                1.00 |                1.00 |                1.00 |                1.00 |                1.00 |                0.00 |                 0.00 |                 0.00 |                 0.00 |                 0.00 |                 0.00 |                 1.00 |              0.56 |             0.50 |                23 |                 0.00 |                 1.00 |                 1.00 |                 1.00 |                 1.00 |                 1.00 |                 1.00 |                 1.00 |                 1.00 |                 1.00 |                  1.00 |                  1.00 |                  1.00 |                  1.00 |                  1.00 |                  1.00 |               0.94 |              0.24 |
+----+-----------------+----------------+-------------------+------------------+-------------------+----------------------+------------------------------------------+---------------------+---------------------+---------------------+---------------------+---------------------+---------------------+---------------------+---------------------+---------------------+---------------------+----------------------+----------------------+----------------------+----------------------+----------------------+----------------------+-------------------+------------------+-------------------+----------------------+----------------------+----------------------+----------------------+----------------------+----------------------+----------------------+----------------------+----------------------+----------------------+-----------------------+-----------------------+-----------------------+-----------------------+-----------------------+-----------------------+--------------------+-------------------+
|  4 |            0.33 |           0.01 |              0.03 |             0.00 |                 5 |                  120 | {'max_depth': 5, 'n_estimators': 120}    |                1.00 |                0.00 |                1.00 |                1.00 |                1.00 |                1.00 |                1.00 |                1.00 |                1.00 |                0.00 |                 0.00 |                 0.00 |                 0.00 |                 0.00 |                 0.00 |                 1.00 |              0.56 |             0.50 |                23 |                 0.00 |                 1.00 |                 1.00 |                 1.00 |                 1.00 |                 1.00 |                 1.00 |                 1.00 |                 1.00 |                 1.00 |                  1.00 |                  1.00 |                  1.00 |                  1.00 |                  1.00 |                  1.00 |               0.94 |              0.24 |
+----+-----------------+----------------+-------------------+------------------+-------------------+----------------------+------------------------------------------+---------------------+---------------------+---------------------+---------------------+---------------------+---------------------+---------------------+---------------------+---------------------+---------------------+----------------------+----------------------+----------------------+----------------------+----------------------+----------------------+-------------------+------------------+-------------------+----------------------+----------------------+----------------------+----------------------+----------------------+----------------------+----------------------+----------------------+----------------------+----------------------+-----------------------+-----------------------+-----------------------+-----------------------+-----------------------+-----------------------+--------------------+-------------------+
|  5 |            0.40 |           0.01 |              0.04 |             0.00 |                 5 |                  150 | {'max_depth': 5, 'n_estimators': 150}    |                1.00 |                0.00 |                1.00 |                1.00 |                1.00 |                1.00 |                1.00 |                1.00 |                1.00 |                0.00 |                 0.00 |                 0.00 |                 0.00 |                 0.00 |                 1.00 |                 1.00 |              0.62 |             0.48 |                13 |                 0.00 |                 1.00 |                 1.00 |                 1.00 |                 1.00 |                 1.00 |                 1.00 |                 1.00 |                 1.00 |                 1.00 |                  1.00 |                  1.00 |                  1.00 |                  1.00 |                  1.00 |                  1.00 |               0.94 |              0.24 |
+----+-----------------+----------------+-------------------+------------------+-------------------+----------------------+------------------------------------------+---------------------+---------------------+---------------------+---------------------+---------------------+---------------------+---------------------+---------------------+---------------------+---------------------+----------------------+----------------------+----------------------+----------------------+----------------------+----------------------+-------------------+------------------+-------------------+----------------------+----------------------+----------------------+----------------------+----------------------+----------------------+----------------------+----------------------+----------------------+----------------------+-----------------------+-----------------------+-----------------------+-----------------------+-----------------------+-----------------------+--------------------+-------------------+
|  6 |            0.04 |           0.00 |              0.01 |             0.00 |                10 |                   10 | {'max_depth': 10, 'n_estimators': 10}    |                0.00 |                0.00 |                1.00 |                1.00 |                1.00 |                1.00 |                1.00 |                1.00 |                0.00 |                1.00 |                 1.00 |                 1.00 |                 0.00 |                 0.00 |                 1.00 |                 1.00 |              0.69 |             0.46 |                 1 |                 1.00 |                 1.00 |                 1.00 |                 1.00 |                 1.00 |                 1.00 |                 1.00 |                 1.00 |                 1.00 |                 1.00 |                  1.00 |                  1.00 |                  1.00 |                  1.00 |                  1.00 |                  1.00 |               1.00 |              0.00 |
+----+-----------------+----------------+-------------------+------------------+-------------------+----------------------+------------------------------------------+---------------------+---------------------+---------------------+---------------------+---------------------+---------------------+---------------------+---------------------+---------------------+---------------------+----------------------+----------------------+----------------------+----------------------+----------------------+----------------------+-------------------+------------------+-------------------+----------------------+----------------------+----------------------+----------------------+----------------------+----------------------+----------------------+----------------------+----------------------+----------------------+-----------------------+-----------------------+-----------------------+-----------------------+-----------------------+-----------------------+--------------------+-------------------+
|  7 |            0.06 |           0.00 |              0.01 |             0.00 |                10 |                   20 | {'max_depth': 10, 'n_estimators': 20}    |                0.00 |                0.00 |                1.00 |                1.00 |                1.00 |                1.00 |                1.00 |                1.00 |                0.00 |                1.00 |                 1.00 |                 1.00 |                 0.00 |                 0.00 |                 1.00 |                 1.00 |              0.69 |             0.46 |                 1 |                 1.00 |                 1.00 |                 1.00 |                 1.00 |                 1.00 |                 1.00 |                 1.00 |                 1.00 |                 1.00 |                 1.00 |                  1.00 |                  1.00 |                  1.00 |                  1.00 |                  1.00 |                  1.00 |               1.00 |              0.00 |
+----+-----------------+----------------+-------------------+------------------+-------------------+----------------------+------------------------------------------+---------------------+---------------------+---------------------+---------------------+---------------------+---------------------+---------------------+---------------------+---------------------+---------------------+----------------------+----------------------+----------------------+----------------------+----------------------+----------------------+-------------------+------------------+-------------------+----------------------+----------------------+----------------------+----------------------+----------------------+----------------------+----------------------+----------------------+----------------------+----------------------+-----------------------+-----------------------+-----------------------+-----------------------+-----------------------+-----------------------+--------------------+-------------------+
|  8 |            0.15 |           0.00 |              0.02 |             0.00 |                10 |                   50 | {'max_depth': 10, 'n_estimators': 50}    |                0.00 |                0.00 |                0.00 |                1.00 |                1.00 |                1.00 |                1.00 |                1.00 |                0.00 |                1.00 |                 1.00 |                 1.00 |                 0.00 |                 0.00 |                 1.00 |                 1.00 |              0.62 |             0.48 |                13 |                 1.00 |                 1.00 |                 1.00 |                 1.00 |                 1.00 |                 1.00 |                 1.00 |                 1.00 |                 1.00 |                 1.00 |                  1.00 |                  1.00 |                  1.00 |                  1.00 |                  1.00 |                  1.00 |               1.00 |              0.00 |
+----+-----------------+----------------+-------------------+------------------+-------------------+----------------------+------------------------------------------+---------------------+---------------------+---------------------+---------------------+---------------------+---------------------+---------------------+---------------------+---------------------+---------------------+----------------------+----------------------+----------------------+----------------------+----------------------+----------------------+-------------------+------------------+-------------------+----------------------+----------------------+----------------------+----------------------+----------------------+----------------------+----------------------+----------------------+----------------------+----------------------+-----------------------+-----------------------+-----------------------+-----------------------+-----------------------+-----------------------+--------------------+-------------------+
|  9 |            0.29 |           0.01 |              0.03 |             0.00 |                10 |                  100 | {'max_depth': 10, 'n_estimators': 100}   |                0.00 |                0.00 |                0.00 |                1.00 |                1.00 |                1.00 |                1.00 |                1.00 |                0.00 |                1.00 |                 1.00 |                 1.00 |                 0.00 |                 0.00 |                 1.00 |                 1.00 |              0.62 |             0.48 |                13 |                 1.00 |                 1.00 |                 1.00 |                 1.00 |                 1.00 |                 1.00 |                 1.00 |                 1.00 |                 1.00 |                 1.00 |                  1.00 |                  1.00 |                  1.00 |                  1.00 |                  1.00 |                  1.00 |               1.00 |              0.00 |
+----+-----------------+----------------+-------------------+------------------+-------------------+----------------------+------------------------------------------+---------------------+---------------------+---------------------+---------------------+---------------------+---------------------+---------------------+---------------------+---------------------+---------------------+----------------------+----------------------+----------------------+----------------------+----------------------+----------------------+-------------------+------------------+-------------------+----------------------+----------------------+----------------------+----------------------+----------------------+----------------------+----------------------+----------------------+----------------------+----------------------+-----------------------+-----------------------+-----------------------+-----------------------+-----------------------+-----------------------+--------------------+-------------------+
| 10 |            0.34 |           0.00 |              0.04 |             0.00 |                10 |                  120 | {'max_depth': 10, 'n_estimators': 120}   |                0.00 |                0.00 |                1.00 |                1.00 |                1.00 |                1.00 |                1.00 |                1.00 |                0.00 |                1.00 |                 1.00 |                 1.00 |                 0.00 |                 0.00 |                 1.00 |                 1.00 |              0.69 |             0.46 |                 1 |                 1.00 |                 1.00 |                 1.00 |                 1.00 |                 1.00 |                 1.00 |                 1.00 |                 1.00 |                 1.00 |                 1.00 |                  1.00 |                  1.00 |                  1.00 |                  1.00 |                  1.00 |                  1.00 |               1.00 |              0.00 |
+----+-----------------+----------------+-------------------+------------------+-------------------+----------------------+------------------------------------------+---------------------+---------------------+---------------------+---------------------+---------------------+---------------------+---------------------+---------------------+---------------------+---------------------+----------------------+----------------------+----------------------+----------------------+----------------------+----------------------+-------------------+------------------+-------------------+----------------------+----------------------+----------------------+----------------------+----------------------+----------------------+----------------------+----------------------+----------------------+----------------------+-----------------------+-----------------------+-----------------------+-----------------------+-----------------------+-----------------------+--------------------+-------------------+
| 11 |            0.42 |           0.01 |              0.04 |             0.00 |                10 |                  150 | {'max_depth': 10, 'n_estimators': 150}   |                0.00 |                0.00 |                1.00 |                1.00 |                1.00 |                1.00 |                1.00 |                1.00 |                0.00 |                1.00 |                 1.00 |                 1.00 |                 0.00 |                 0.00 |                 1.00 |                 1.00 |              0.69 |             0.46 |                 1 |                 1.00 |                 1.00 |                 1.00 |                 1.00 |                 1.00 |                 1.00 |                 1.00 |                 1.00 |                 1.00 |                 1.00 |                  1.00 |                  1.00 |                  1.00 |                  1.00 |                  1.00 |                  1.00 |               1.00 |              0.00 |
+----+-----------------+----------------+-------------------+------------------+-------------------+----------------------+------------------------------------------+---------------------+---------------------+---------------------+---------------------+---------------------+---------------------+---------------------+---------------------+---------------------+---------------------+----------------------+----------------------+----------------------+----------------------+----------------------+----------------------+-------------------+------------------+-------------------+----------------------+----------------------+----------------------+----------------------+----------------------+----------------------+----------------------+----------------------+----------------------+----------------------+-----------------------+-----------------------+-----------------------+-----------------------+-----------------------+-----------------------+--------------------+-------------------+
| 12 |            0.03 |           0.00 |              0.01 |             0.00 |                15 |                   10 | {'max_depth': 15, 'n_estimators': 10}    |                0.00 |                0.00 |                1.00 |                1.00 |                1.00 |                1.00 |                1.00 |                1.00 |                0.00 |                1.00 |                 1.00 |                 1.00 |                 0.00 |                 0.00 |                 1.00 |                 1.00 |              0.69 |             0.46 |                 1 |                 1.00 |                 1.00 |                 1.00 |                 1.00 |                 1.00 |                 1.00 |                 1.00 |                 1.00 |                 1.00 |                 1.00 |                  1.00 |                  1.00 |                  1.00 |                  1.00 |                  1.00 |                  1.00 |               1.00 |              0.00 |
+----+-----------------+----------------+-------------------+------------------+-------------------+----------------------+------------------------------------------+---------------------+---------------------+---------------------+---------------------+---------------------+---------------------+---------------------+---------------------+---------------------+---------------------+----------------------+----------------------+----------------------+----------------------+----------------------+----------------------+-------------------+------------------+-------------------+----------------------+----------------------+----------------------+----------------------+----------------------+----------------------+----------------------+----------------------+----------------------+----------------------+-----------------------+-----------------------+-----------------------+-----------------------+-----------------------+-----------------------+--------------------+-------------------+
| 13 |            0.06 |           0.00 |              0.01 |             0.00 |                15 |                   20 | {'max_depth': 15, 'n_estimators': 20}    |                0.00 |                0.00 |                1.00 |                1.00 |                1.00 |                1.00 |                1.00 |                1.00 |                0.00 |                1.00 |                 1.00 |                 1.00 |                 0.00 |                 0.00 |                 1.00 |                 1.00 |              0.69 |             0.46 |                 1 |                 1.00 |                 1.00 |                 1.00 |                 1.00 |                 1.00 |                 1.00 |                 1.00 |                 1.00 |                 1.00 |                 1.00 |                  1.00 |                  1.00 |                  1.00 |                  1.00 |                  1.00 |                  1.00 |               1.00 |              0.00 |
+----+-----------------+----------------+-------------------+------------------+-------------------+----------------------+------------------------------------------+---------------------+---------------------+---------------------+---------------------+---------------------+---------------------+---------------------+---------------------+---------------------+---------------------+----------------------+----------------------+----------------------+----------------------+----------------------+----------------------+-------------------+------------------+-------------------+----------------------+----------------------+----------------------+----------------------+----------------------+----------------------+----------------------+----------------------+----------------------+----------------------+-----------------------+-----------------------+-----------------------+-----------------------+-----------------------+-----------------------+--------------------+-------------------+
| 14 |            0.15 |           0.00 |              0.02 |             0.00 |                15 |                   50 | {'max_depth': 15, 'n_estimators': 50}    |                0.00 |                0.00 |                0.00 |                1.00 |                1.00 |                1.00 |                1.00 |                1.00 |                0.00 |                1.00 |                 1.00 |                 1.00 |                 0.00 |                 0.00 |                 1.00 |                 1.00 |              0.62 |             0.48 |                13 |                 1.00 |                 1.00 |                 1.00 |                 1.00 |                 1.00 |                 1.00 |                 1.00 |                 1.00 |                 1.00 |                 1.00 |                  1.00 |                  1.00 |                  1.00 |                  1.00 |                  1.00 |                  1.00 |               1.00 |              0.00 |
+----+-----------------+----------------+-------------------+------------------+-------------------+----------------------+------------------------------------------+---------------------+---------------------+---------------------+---------------------+---------------------+---------------------+---------------------+---------------------+---------------------+---------------------+----------------------+----------------------+----------------------+----------------------+----------------------+----------------------+-------------------+------------------+-------------------+----------------------+----------------------+----------------------+----------------------+----------------------+----------------------+----------------------+----------------------+----------------------+----------------------+-----------------------+-----------------------+-----------------------+-----------------------+-----------------------+-----------------------+--------------------+-------------------+
| 15 |            0.28 |           0.01 |              0.03 |             0.00 |                15 |                  100 | {'max_depth': 15, 'n_estimators': 100}   |                0.00 |                0.00 |                0.00 |                1.00 |                1.00 |                1.00 |                1.00 |                1.00 |                0.00 |                1.00 |                 1.00 |                 1.00 |                 0.00 |                 0.00 |                 1.00 |                 1.00 |              0.62 |             0.48 |                13 |                 1.00 |                 1.00 |                 1.00 |                 1.00 |                 1.00 |                 1.00 |                 1.00 |                 1.00 |                 1.00 |                 1.00 |                  1.00 |                  1.00 |                  1.00 |                  1.00 |                  1.00 |                  1.00 |               1.00 |              0.00 |
+----+-----------------+----------------+-------------------+------------------+-------------------+----------------------+------------------------------------------+---------------------+---------------------+---------------------+---------------------+---------------------+---------------------+---------------------+---------------------+---------------------+---------------------+----------------------+----------------------+----------------------+----------------------+----------------------+----------------------+-------------------+------------------+-------------------+----------------------+----------------------+----------------------+----------------------+----------------------+----------------------+----------------------+----------------------+----------------------+----------------------+-----------------------+-----------------------+-----------------------+-----------------------+-----------------------+-----------------------+--------------------+-------------------+
| 16 |            0.34 |           0.01 |              0.03 |             0.00 |                15 |                  120 | {'max_depth': 15, 'n_estimators': 120}   |                0.00 |                0.00 |                1.00 |                1.00 |                1.00 |                1.00 |                1.00 |                1.00 |                0.00 |                1.00 |                 1.00 |                 1.00 |                 0.00 |                 0.00 |                 1.00 |                 1.00 |              0.69 |             0.46 |                 1 |                 1.00 |                 1.00 |                 1.00 |                 1.00 |                 1.00 |                 1.00 |                 1.00 |                 1.00 |                 1.00 |                 1.00 |                  1.00 |                  1.00 |                  1.00 |                  1.00 |                  1.00 |                  1.00 |               1.00 |              0.00 |
+----+-----------------+----------------+-------------------+------------------+-------------------+----------------------+------------------------------------------+---------------------+---------------------+---------------------+---------------------+---------------------+---------------------+---------------------+---------------------+---------------------+---------------------+----------------------+----------------------+----------------------+----------------------+----------------------+----------------------+-------------------+------------------+-------------------+----------------------+----------------------+----------------------+----------------------+----------------------+----------------------+----------------------+----------------------+----------------------+----------------------+-----------------------+-----------------------+-----------------------+-----------------------+-----------------------+-----------------------+--------------------+-------------------+
| 17 |            0.42 |           0.00 |              0.04 |             0.00 |                15 |                  150 | {'max_depth': 15, 'n_estimators': 150}   |                0.00 |                0.00 |                1.00 |                1.00 |                1.00 |                1.00 |                1.00 |                1.00 |                0.00 |                1.00 |                 1.00 |                 1.00 |                 0.00 |                 0.00 |                 1.00 |                 1.00 |              0.69 |             0.46 |                 1 |                 1.00 |                 1.00 |                 1.00 |                 1.00 |                 1.00 |                 1.00 |                 1.00 |                 1.00 |                 1.00 |                 1.00 |                  1.00 |                  1.00 |                  1.00 |                  1.00 |                  1.00 |                  1.00 |               1.00 |              0.00 |
+----+-----------------+----------------+-------------------+------------------+-------------------+----------------------+------------------------------------------+---------------------+---------------------+---------------------+---------------------+---------------------+---------------------+---------------------+---------------------+---------------------+---------------------+----------------------+----------------------+----------------------+----------------------+----------------------+----------------------+-------------------+------------------+-------------------+----------------------+----------------------+----------------------+----------------------+----------------------+----------------------+----------------------+----------------------+----------------------+----------------------+-----------------------+-----------------------+-----------------------+-----------------------+-----------------------+-----------------------+--------------------+-------------------+
| 18 |            0.04 |           0.00 |              0.01 |             0.00 |                   |                   10 | {'max_depth': None, 'n_estimators': 10}  |                0.00 |                0.00 |                1.00 |                1.00 |                1.00 |                1.00 |                1.00 |                1.00 |                0.00 |                1.00 |                 1.00 |                 1.00 |                 0.00 |                 0.00 |                 1.00 |                 1.00 |              0.69 |             0.46 |                 1 |                 1.00 |                 1.00 |                 1.00 |                 1.00 |                 1.00 |                 1.00 |                 1.00 |                 1.00 |                 1.00 |                 1.00 |                  1.00 |                  1.00 |                  1.00 |                  1.00 |                  1.00 |                  1.00 |               1.00 |              0.00 |
+----+-----------------+----------------+-------------------+------------------+-------------------+----------------------+------------------------------------------+---------------------+---------------------+---------------------+---------------------+---------------------+---------------------+---------------------+---------------------+---------------------+---------------------+----------------------+----------------------+----------------------+----------------------+----------------------+----------------------+-------------------+------------------+-------------------+----------------------+----------------------+----------------------+----------------------+----------------------+----------------------+----------------------+----------------------+----------------------+----------------------+-----------------------+-----------------------+-----------------------+-----------------------+-----------------------+-----------------------+--------------------+-------------------+
| 19 |            0.06 |           0.00 |              0.01 |             0.00 |                   |                   20 | {'max_depth': None, 'n_estimators': 20}  |                0.00 |                0.00 |                1.00 |                1.00 |                1.00 |                1.00 |                1.00 |                1.00 |                0.00 |                1.00 |                 1.00 |                 1.00 |                 0.00 |                 0.00 |                 1.00 |                 1.00 |              0.69 |             0.46 |                 1 |                 1.00 |                 1.00 |                 1.00 |                 1.00 |                 1.00 |                 1.00 |                 1.00 |                 1.00 |                 1.00 |                 1.00 |                  1.00 |                  1.00 |                  1.00 |                  1.00 |                  1.00 |                  1.00 |               1.00 |              0.00 |
+----+-----------------+----------------+-------------------+------------------+-------------------+----------------------+------------------------------------------+---------------------+---------------------+---------------------+---------------------+---------------------+---------------------+---------------------+---------------------+---------------------+---------------------+----------------------+----------------------+----------------------+----------------------+----------------------+----------------------+-------------------+------------------+-------------------+----------------------+----------------------+----------------------+----------------------+----------------------+----------------------+----------------------+----------------------+----------------------+----------------------+-----------------------+-----------------------+-----------------------+-----------------------+-----------------------+-----------------------+--------------------+-------------------+
| 20 |            0.15 |           0.01 |              0.02 |             0.00 |                   |                   50 | {'max_depth': None, 'n_estimators': 50}  |                0.00 |                0.00 |                0.00 |                1.00 |                1.00 |                1.00 |                1.00 |                1.00 |                0.00 |                1.00 |                 1.00 |                 1.00 |                 0.00 |                 0.00 |                 1.00 |                 1.00 |              0.62 |             0.48 |                13 |                 1.00 |                 1.00 |                 1.00 |                 1.00 |                 1.00 |                 1.00 |                 1.00 |                 1.00 |                 1.00 |                 1.00 |                  1.00 |                  1.00 |                  1.00 |                  1.00 |                  1.00 |                  1.00 |               1.00 |              0.00 |
+----+-----------------+----------------+-------------------+------------------+-------------------+----------------------+------------------------------------------+---------------------+---------------------+---------------------+---------------------+---------------------+---------------------+---------------------+---------------------+---------------------+---------------------+----------------------+----------------------+----------------------+----------------------+----------------------+----------------------+-------------------+------------------+-------------------+----------------------+----------------------+----------------------+----------------------+----------------------+----------------------+----------------------+----------------------+----------------------+----------------------+-----------------------+-----------------------+-----------------------+-----------------------+-----------------------+-----------------------+--------------------+-------------------+
| 21 |            0.29 |           0.01 |              0.03 |             0.00 |                   |                  100 | {'max_depth': None, 'n_estimators': 100} |                0.00 |                0.00 |                0.00 |                1.00 |                1.00 |                1.00 |                1.00 |                1.00 |                0.00 |                1.00 |                 1.00 |                 1.00 |                 0.00 |                 0.00 |                 1.00 |                 1.00 |              0.62 |             0.48 |                13 |                 1.00 |                 1.00 |                 1.00 |                 1.00 |                 1.00 |                 1.00 |                 1.00 |                 1.00 |                 1.00 |                 1.00 |                  1.00 |                  1.00 |                  1.00 |                  1.00 |                  1.00 |                  1.00 |               1.00 |              0.00 |
+----+-----------------+----------------+-------------------+------------------+-------------------+----------------------+------------------------------------------+---------------------+---------------------+---------------------+---------------------+---------------------+---------------------+---------------------+---------------------+---------------------+---------------------+----------------------+----------------------+----------------------+----------------------+----------------------+----------------------+-------------------+------------------+-------------------+----------------------+----------------------+----------------------+----------------------+----------------------+----------------------+----------------------+----------------------+----------------------+----------------------+-----------------------+-----------------------+-----------------------+-----------------------+-----------------------+-----------------------+--------------------+-------------------+
| 22 |            0.34 |           0.00 |              0.03 |             0.00 |                   |                  120 | {'max_depth': None, 'n_estimators': 120} |                0.00 |                0.00 |                1.00 |                1.00 |                1.00 |                1.00 |                1.00 |                1.00 |                0.00 |                1.00 |                 1.00 |                 1.00 |                 0.00 |                 0.00 |                 1.00 |                 1.00 |              0.69 |             0.46 |                 1 |                 1.00 |                 1.00 |                 1.00 |                 1.00 |                 1.00 |                 1.00 |                 1.00 |                 1.00 |                 1.00 |                 1.00 |                  1.00 |                  1.00 |                  1.00 |                  1.00 |                  1.00 |                  1.00 |               1.00 |              0.00 |
+----+-----------------+----------------+-------------------+------------------+-------------------+----------------------+------------------------------------------+---------------------+---------------------+---------------------+---------------------+---------------------+---------------------+---------------------+---------------------+---------------------+---------------------+----------------------+----------------------+----------------------+----------------------+----------------------+----------------------+-------------------+------------------+-------------------+----------------------+----------------------+----------------------+----------------------+----------------------+----------------------+----------------------+----------------------+----------------------+----------------------+-----------------------+-----------------------+-----------------------+-----------------------+-----------------------+-----------------------+--------------------+-------------------+
| 23 |            0.43 |           0.01 |              0.04 |             0.00 |                   |                  150 | {'max_depth': None, 'n_estimators': 150} |                0.00 |                0.00 |                1.00 |                1.00 |                1.00 |                1.00 |                1.00 |                1.00 |                0.00 |                1.00 |                 1.00 |                 1.00 |                 0.00 |                 0.00 |                 1.00 |                 1.00 |              0.69 |             0.46 |                 1 |                 1.00 |                 1.00 |                 1.00 |                 1.00 |                 1.00 |                 1.00 |                 1.00 |                 1.00 |                 1.00 |                 1.00 |                  1.00 |                  1.00 |                  1.00 |                  1.00 |                  1.00 |                  1.00 |               1.00 |              0.00 |
+----+-----------------+----------------+-------------------+------------------+-------------------+----------------------+------------------------------------------+---------------------+---------------------+---------------------+---------------------+---------------------+---------------------+---------------------+---------------------+---------------------+---------------------+----------------------+----------------------+----------------------+----------------------+----------------------+----------------------+-------------------+------------------+-------------------+----------------------+----------------------+----------------------+----------------------+----------------------+----------------------+----------------------+----------------------+----------------------+----------------------+-----------------------+-----------------------+-----------------------+-----------------------+-----------------------+-----------------------+--------------------+-------------------+

--> Otimizando o modelo DTR usando os hiperparâmetros {'max_depth': [5, 10, 15, None]} e a busca em grade:
---> Modelo DTR: Melhores hiperparâmetros -> {'max_depth': 10}; Melhor score -> 0.6875
----> Dataframe com a avaliação de todas as combinações dos hiperparâmetros:

+----+-----------------+----------------+-------------------+------------------+-------------------+---------------------+---------------------+---------------------+---------------------+---------------------+---------------------+---------------------+---------------------+---------------------+---------------------+---------------------+----------------------+----------------------+----------------------+----------------------+----------------------+----------------------+-------------------+------------------+-------------------+----------------------+----------------------+----------------------+----------------------+----------------------+----------------------+----------------------+----------------------+----------------------+----------------------+-----------------------+-----------------------+-----------------------+-----------------------+-----------------------+-----------------------+--------------------+-------------------+
|    |   mean_fit_time |   std_fit_time |   mean_score_time |   std_score_time |   param_max_depth | params              |   split0_test_score |   split1_test_score |   split2_test_score |   split3_test_score |   split4_test_score |   split5_test_score |   split6_test_score |   split7_test_score |   split8_test_score |   split9_test_score |   split10_test_score |   split11_test_score |   split12_test_score |   split13_test_score |   split14_test_score |   split15_test_score |   mean_test_score |   std_test_score |   rank_test_score |   split0_train_score |   split1_train_score |   split2_train_score |   split3_train_score |   split4_train_score |   split5_train_score |   split6_train_score |   split7_train_score |   split8_train_score |   split9_train_score |   split10_train_score |   split11_train_score |   split12_train_score |   split13_train_score |   split14_train_score |   split15_train_score |   mean_train_score |   std_train_score |
+====+=================+================+===================+==================+===================+=====================+=====================+=====================+=====================+=====================+=====================+=====================+=====================+=====================+=====================+=====================+======================+======================+======================+======================+======================+======================+===================+==================+===================+======================+======================+======================+======================+======================+======================+======================+======================+======================+======================+=======================+=======================+=======================+=======================+=======================+=======================+====================+===================+
|  0 |            0.01 |           0.00 |              0.01 |             0.00 |                 5 | {'max_depth': 5}    |                1.00 |                0.00 |                1.00 |                1.00 |                1.00 |                1.00 |                1.00 |                1.00 |                1.00 |                0.00 |                 0.00 |                 0.00 |                 1.00 |                 0.00 |                 0.00 |                 0.00 |              0.56 |             0.50 |                 4 |                 0.00 |                 1.00 |                 1.00 |                 1.00 |                 1.00 |                 1.00 |                 1.00 |                 1.00 |                 1.00 |                 1.00 |                  1.00 |                  1.00 |                  1.00 |                  1.00 |                  1.00 |                  1.00 |               0.94 |              0.24 |
+----+-----------------+----------------+-------------------+------------------+-------------------+---------------------+---------------------+---------------------+---------------------+---------------------+---------------------+---------------------+---------------------+---------------------+---------------------+---------------------+----------------------+----------------------+----------------------+----------------------+----------------------+----------------------+-------------------+------------------+-------------------+----------------------+----------------------+----------------------+----------------------+----------------------+----------------------+----------------------+----------------------+----------------------+----------------------+-----------------------+-----------------------+-----------------------+-----------------------+-----------------------+-----------------------+--------------------+-------------------+
|  1 |            0.01 |           0.00 |              0.01 |             0.00 |                10 | {'max_depth': 10}   |                0.00 |                0.00 |                1.00 |                1.00 |                1.00 |                1.00 |                1.00 |                1.00 |                0.00 |                1.00 |                 1.00 |                 1.00 |                 0.00 |                 0.00 |                 1.00 |                 1.00 |              0.69 |             0.46 |                 1 |                 1.00 |                 1.00 |                 1.00 |                 1.00 |                 1.00 |                 1.00 |                 1.00 |                 1.00 |                 1.00 |                 1.00 |                  1.00 |                  1.00 |                  1.00 |                  1.00 |                  1.00 |                  1.00 |               1.00 |              0.00 |
+----+-----------------+----------------+-------------------+------------------+-------------------+---------------------+---------------------+---------------------+---------------------+---------------------+---------------------+---------------------+---------------------+---------------------+---------------------+---------------------+----------------------+----------------------+----------------------+----------------------+----------------------+----------------------+-------------------+------------------+-------------------+----------------------+----------------------+----------------------+----------------------+----------------------+----------------------+----------------------+----------------------+----------------------+----------------------+-----------------------+-----------------------+-----------------------+-----------------------+-----------------------+-----------------------+--------------------+-------------------+
|  2 |            0.01 |           0.00 |              0.01 |             0.00 |                15 | {'max_depth': 15}   |                0.00 |                0.00 |                1.00 |                1.00 |                1.00 |                1.00 |                1.00 |                1.00 |                0.00 |                1.00 |                 1.00 |                 1.00 |                 0.00 |                 0.00 |                 1.00 |                 1.00 |              0.69 |             0.46 |                 1 |                 1.00 |                 1.00 |                 1.00 |                 1.00 |                 1.00 |                 1.00 |                 1.00 |                 1.00 |                 1.00 |                 1.00 |                  1.00 |                  1.00 |                  1.00 |                  1.00 |                  1.00 |                  1.00 |               1.00 |              0.00 |
+----+-----------------+----------------+-------------------+------------------+-------------------+---------------------+---------------------+---------------------+---------------------+---------------------+---------------------+---------------------+---------------------+---------------------+---------------------+---------------------+----------------------+----------------------+----------------------+----------------------+----------------------+----------------------+-------------------+------------------+-------------------+----------------------+----------------------+----------------------+----------------------+----------------------+----------------------+----------------------+----------------------+----------------------+----------------------+-----------------------+-----------------------+-----------------------+-----------------------+-----------------------+-----------------------+--------------------+-------------------+
|  3 |            0.01 |           0.00 |              0.01 |             0.00 |                   | {'max_depth': None} |                0.00 |                0.00 |                1.00 |                1.00 |                1.00 |                1.00 |                1.00 |                1.00 |                0.00 |                1.00 |                 1.00 |                 1.00 |                 0.00 |                 0.00 |                 1.00 |                 1.00 |              0.69 |             0.46 |                 1 |                 1.00 |                 1.00 |                 1.00 |                 1.00 |                 1.00 |                 1.00 |                 1.00 |                 1.00 |                 1.00 |                 1.00 |                  1.00 |                  1.00 |                  1.00 |                  1.00 |                  1.00 |                  1.00 |               1.00 |              0.00 |
+----+-----------------+----------------+-------------------+------------------+-------------------+---------------------+---------------------+---------------------+---------------------+---------------------+---------------------+---------------------+---------------------+---------------------+---------------------+---------------------+----------------------+----------------------+----------------------+----------------------+----------------------+----------------------+-------------------+------------------+-------------------+----------------------+----------------------+----------------------+----------------------+----------------------+----------------------+----------------------+----------------------+----------------------+----------------------+-----------------------+-----------------------+-----------------------+-----------------------+-----------------------+-----------------------+--------------------+-------------------+

--> Determinando o melhor modelo dentre os modelos da lista  ExtraTreesRegressor, GradientBoostingRegressor, RandomForestRegressor, DecisionTreeRegressor, usando a validação cruzada com o LOGO:
---> Dataframe com os resultados das avaliações dos modelos:

+----+------------+--------------+------------+--------------+---------------------------+
|    |   fit_time |   score_time |   accuracy |   difference | Model                     |
+====+============+==============+============+==============+===========================+
|  0 |       0.02 |         0.02 |       1.00 |        -0.00 | ExtraTreesRegressor       |
+----+------------+--------------+------------+--------------+---------------------------+
|  1 |       0.02 |         0.02 |       0.00 |        -0.14 | ExtraTreesRegressor       |
+----+------------+--------------+------------+--------------+---------------------------+
|  2 |       0.02 |         0.02 |       1.00 |        -0.00 | ExtraTreesRegressor       |
+----+------------+--------------+------------+--------------+---------------------------+
|  3 |       0.02 |         0.02 |       1.00 |        -0.00 | ExtraTreesRegressor       |
+----+------------+--------------+------------+--------------+---------------------------+
|  4 |       0.02 |         0.02 |       1.00 |        -0.00 | ExtraTreesRegressor       |
+----+------------+--------------+------------+--------------+---------------------------+
|  5 |       0.03 |         0.02 |       1.00 |        -0.00 | ExtraTreesRegressor       |
+----+------------+--------------+------------+--------------+---------------------------+
|  6 |       0.02 |         0.02 |       1.00 |        -0.00 | ExtraTreesRegressor       |
+----+------------+--------------+------------+--------------+---------------------------+
|  7 |       0.03 |         0.02 |       1.00 |        -0.00 | ExtraTreesRegressor       |
+----+------------+--------------+------------+--------------+---------------------------+
|  8 |       0.02 |         0.02 |       1.00 |        -0.00 | ExtraTreesRegressor       |
+----+------------+--------------+------------+--------------+---------------------------+
|  9 |       0.02 |         0.02 |       1.00 |        -0.00 | ExtraTreesRegressor       |
+----+------------+--------------+------------+--------------+---------------------------+
| 10 |       0.03 |         0.02 |       0.00 |        -0.13 | ExtraTreesRegressor       |
+----+------------+--------------+------------+--------------+---------------------------+
| 11 |       0.02 |         0.02 |       0.00 |        -0.47 | ExtraTreesRegressor       |
+----+------------+--------------+------------+--------------+---------------------------+
| 12 |       0.02 |         0.02 |       1.00 |        -0.00 | ExtraTreesRegressor       |
+----+------------+--------------+------------+--------------+---------------------------+
| 13 |       0.02 |         0.02 |       0.00 |        -0.17 | ExtraTreesRegressor       |
+----+------------+--------------+------------+--------------+---------------------------+
| 14 |       0.02 |         0.02 |       1.00 |        -0.00 | ExtraTreesRegressor       |
+----+------------+--------------+------------+--------------+---------------------------+
| 15 |       0.03 |         0.02 |       1.00 |        -0.00 | ExtraTreesRegressor       |
+----+------------+--------------+------------+--------------+---------------------------+
| 16 |       0.07 |         0.02 |       1.00 |        -0.00 | GradientBoostingRegressor |
+----+------------+--------------+------------+--------------+---------------------------+
| 17 |       0.07 |         0.02 |       0.00 |        -0.14 | GradientBoostingRegressor |
+----+------------+--------------+------------+--------------+---------------------------+
| 18 |       0.07 |         0.02 |       1.00 |        -0.00 | GradientBoostingRegressor |
+----+------------+--------------+------------+--------------+---------------------------+
| 19 |       0.07 |         0.02 |       0.00 |        -0.12 | GradientBoostingRegressor |
+----+------------+--------------+------------+--------------+---------------------------+
| 20 |       0.07 |         0.02 |       1.00 |        -0.00 | GradientBoostingRegressor |
+----+------------+--------------+------------+--------------+---------------------------+
| 21 |       0.07 |         0.02 |       0.00 |        -0.12 | GradientBoostingRegressor |
+----+------------+--------------+------------+--------------+---------------------------+
| 22 |       0.07 |         0.02 |       1.00 |        -0.00 | GradientBoostingRegressor |
+----+------------+--------------+------------+--------------+---------------------------+
| 23 |       0.08 |         0.02 |       1.00 |        -0.00 | GradientBoostingRegressor |
+----+------------+--------------+------------+--------------+---------------------------+
| 24 |       0.06 |         0.02 |       0.00 |        -0.06 | GradientBoostingRegressor |
+----+------------+--------------+------------+--------------+---------------------------+
| 25 |       0.06 |         0.02 |       1.00 |        -0.00 | GradientBoostingRegressor |
+----+------------+--------------+------------+--------------+---------------------------+
| 26 |       0.07 |         0.02 |       1.00 |        -0.00 | GradientBoostingRegressor |
+----+------------+--------------+------------+--------------+---------------------------+
| 27 |       0.06 |         0.02 |       1.00 |        -0.00 | GradientBoostingRegressor |
+----+------------+--------------+------------+--------------+---------------------------+
| 28 |       0.07 |         0.02 |       0.00 |        -0.05 | GradientBoostingRegressor |
+----+------------+--------------+------------+--------------+---------------------------+
| 29 |       0.07 |         0.01 |       1.00 |        -0.00 | GradientBoostingRegressor |
+----+------------+--------------+------------+--------------+---------------------------+
| 30 |       0.07 |         0.01 |       1.00 |        -0.00 | GradientBoostingRegressor |
+----+------------+--------------+------------+--------------+---------------------------+
| 31 |       0.07 |         0.01 |       1.00 |        -0.00 | GradientBoostingRegressor |
+----+------------+--------------+------------+--------------+---------------------------+
| 32 |       0.03 |         0.02 |       0.00 |        -0.25 | RandomForestRegressor     |
+----+------------+--------------+------------+--------------+---------------------------+
| 33 |       0.03 |         0.02 |       0.00 |        -0.14 | RandomForestRegressor     |
+----+------------+--------------+------------+--------------+---------------------------+
| 34 |       0.03 |         0.02 |       1.00 |        -0.00 | RandomForestRegressor     |
+----+------------+--------------+------------+--------------+---------------------------+
| 35 |       0.03 |         0.02 |       1.00 |        -0.00 | RandomForestRegressor     |
+----+------------+--------------+------------+--------------+---------------------------+
| 36 |       0.03 |         0.02 |       1.00 |        -0.00 | RandomForestRegressor     |
+----+------------+--------------+------------+--------------+---------------------------+
| 37 |       0.03 |         0.02 |       1.00 |        -0.00 | RandomForestRegressor     |
+----+------------+--------------+------------+--------------+---------------------------+
| 38 |       0.04 |         0.02 |       1.00 |        -0.00 | RandomForestRegressor     |
+----+------------+--------------+------------+--------------+---------------------------+
| 39 |       0.03 |         0.02 |       1.00 |        -0.00 | RandomForestRegressor     |
+----+------------+--------------+------------+--------------+---------------------------+
| 40 |       0.03 |         0.02 |       0.00 |        -0.06 | RandomForestRegressor     |
+----+------------+--------------+------------+--------------+---------------------------+
| 41 |       0.03 |         0.02 |       1.00 |        -0.00 | RandomForestRegressor     |
+----+------------+--------------+------------+--------------+---------------------------+
| 42 |       0.03 |         0.02 |       1.00 |        -0.00 | RandomForestRegressor     |
+----+------------+--------------+------------+--------------+---------------------------+
| 43 |       0.03 |         0.02 |       1.00 |        -0.00 | RandomForestRegressor     |
+----+------------+--------------+------------+--------------+---------------------------+
| 44 |       0.03 |         0.02 |       0.00 |        -0.05 | RandomForestRegressor     |
+----+------------+--------------+------------+--------------+---------------------------+
| 45 |       0.04 |         0.02 |       0.00 |        -0.17 | RandomForestRegressor     |
+----+------------+--------------+------------+--------------+---------------------------+
| 46 |       0.03 |         0.02 |       1.00 |        -0.00 | RandomForestRegressor     |
+----+------------+--------------+------------+--------------+---------------------------+
| 47 |       0.04 |         0.02 |       1.00 |        -0.00 | RandomForestRegressor     |
+----+------------+--------------+------------+--------------+---------------------------+
| 48 |       0.00 |         0.02 |       0.00 |        -0.25 | DecisionTreeRegressor     |
+----+------------+--------------+------------+--------------+---------------------------+
| 49 |       0.00 |         0.02 |       0.00 |        -0.14 | DecisionTreeRegressor     |
+----+------------+--------------+------------+--------------+---------------------------+
| 50 |       0.01 |         0.02 |       1.00 |        -0.00 | DecisionTreeRegressor     |
+----+------------+--------------+------------+--------------+---------------------------+
| 51 |       0.01 |         0.02 |       1.00 |        -0.00 | DecisionTreeRegressor     |
+----+------------+--------------+------------+--------------+---------------------------+
| 52 |       0.01 |         0.02 |       1.00 |        -0.00 | DecisionTreeRegressor     |
+----+------------+--------------+------------+--------------+---------------------------+
| 53 |       0.01 |         0.02 |       1.00 |        -0.00 | DecisionTreeRegressor     |
+----+------------+--------------+------------+--------------+---------------------------+
| 54 |       0.01 |         0.02 |       1.00 |        -0.00 | DecisionTreeRegressor     |
+----+------------+--------------+------------+--------------+---------------------------+
| 55 |       0.01 |         0.02 |       1.00 |        -0.00 | DecisionTreeRegressor     |
+----+------------+--------------+------------+--------------+---------------------------+
| 56 |       0.01 |         0.02 |       0.00 |        -0.06 | DecisionTreeRegressor     |
+----+------------+--------------+------------+--------------+---------------------------+
| 57 |       0.01 |         0.02 |       1.00 |        -0.00 | DecisionTreeRegressor     |
+----+------------+--------------+------------+--------------+---------------------------+
| 58 |       0.01 |         0.02 |       1.00 |        -0.00 | DecisionTreeRegressor     |
+----+------------+--------------+------------+--------------+---------------------------+
| 59 |       0.01 |         0.02 |       1.00 |        -0.00 | DecisionTreeRegressor     |
+----+------------+--------------+------------+--------------+---------------------------+
| 60 |       0.01 |         0.02 |       0.00 |        -0.05 | DecisionTreeRegressor     |
+----+------------+--------------+------------+--------------+---------------------------+
| 61 |       0.01 |         0.02 |       0.00 |        -0.17 | DecisionTreeRegressor     |
+----+------------+--------------+------------+--------------+---------------------------+
| 62 |       0.01 |         0.02 |       1.00 |        -0.00 | DecisionTreeRegressor     |
+----+------------+--------------+------------+--------------+---------------------------+
| 63 |       0.01 |         0.02 |       1.00 |        -0.00 | DecisionTreeRegressor     |
+----+------------+--------------+------------+--------------+---------------------------+

---> Dataframe com os resultados médios para cada modelo, ordenado do melhor para o pior modelo:

+---------------------------+------------+--------------+
| Model                     |   accuracy |   difference |
+===========================+============+==============+
| ExtraTreesRegressor       |       0.75 |        -0.06 |
+---------------------------+------------+--------------+
| GradientBoostingRegressor |       0.69 |        -0.03 |
+---------------------------+------------+--------------+
| DecisionTreeRegressor     |       0.69 |        -0.04 |
+---------------------------+------------+--------------+
| RandomForestRegressor     |       0.69 |        -0.04 |
+---------------------------+------------+--------------+

--> Treinando agora o preditor com o melhor modelo ExtraTreesRegressor (pontuação: {'accuracy': 0.75, 'difference': -0.05687163113262608}), usando {'max_depth': 10, 'random_state': 42} como os hiperparâmetros customizados.
---> Dataframe do oráculo:

+--------------------+----------+----------+--------------+
|                    |   NNodes |   Thread |   ElapsedRaw |
+====================+==========+==========+==============+
| (100, 187026, 48)  |     5.00 |     2.00 |         4.00 |
+--------------------+----------+----------+--------------+
| (100, 198574, 65)  |     5.00 |    24.00 |         7.00 |
+--------------------+----------+----------+--------------+
| (100, 231143, 50)  |     5.00 |     2.00 |        12.00 |
+--------------------+----------+----------+--------------+
| (100, 242689, 51)  |     5.00 |     2.00 |        12.50 |
+--------------------+----------+----------+--------------+
| (100, 272549, 52)  |     5.00 |     2.00 |         8.00 |
+--------------------+----------+----------+--------------+
| (100, 287037, 53)  |     5.00 |     2.00 |         8.00 |
+--------------------+----------+----------+--------------+
| (100, 377019, 70)  |     5.00 |    24.00 |        16.00 |
+--------------------+----------+----------+--------------+
| (100, 484520, 71)  |     5.00 |    24.00 |        22.00 |
+--------------------+----------+----------+--------------+
| (1000, 187026, 56) |     5.00 |     2.00 |        33.00 |
+--------------------+----------+----------+--------------+
| (1000, 198574, 73) |     5.00 |    24.00 |        43.00 |
+--------------------+----------+----------+--------------+
| (1000, 231143, 74) |     5.00 |    24.00 |        66.50 |
+--------------------+----------+----------+--------------+
| (1000, 242689, 75) |     5.00 |    24.00 |        73.00 |
+--------------------+----------+----------+--------------+
| (1000, 272549, 60) |     5.00 |     2.00 |        63.00 |
+--------------------+----------+----------+--------------+
| (1000, 287037, 77) |     5.00 |    24.00 |        96.00 |
+--------------------+----------+----------+--------------+
| (1000, 377019, 78) |     5.00 |    24.00 |       123.00 |
+--------------------+----------+----------+--------------+
| (1000, 484520, 79) |     5.00 |    24.00 |       192.00 |
+--------------------+----------+----------+--------------+

---> Dataframe com as importâncias do modelo:

+----+-----------+----------+
|    | names     |   values |
+====+===========+==========+
|  0 | NNodes    |     0.27 |
+----+-----------+----------+
|  1 | Thread    |     0.14 |
+----+-----------+----------+
|  2 | Bootstrap |     0.21 |
+----+-----------+----------+
|  3 | Tamanho   |     0.38 |
+----+-----------+----------+

--> Salvando o preditor treinado como o modelo ExtraTreesRegressor (nome ETR) no arquivo /home/xandao/LNCC/Projeto_Eviden/predictors/raxml-sscad-time_ETR_ElapsedRaw.pickle.
--> Salvndo a informação do caminhio do preditor /home/xandao/LNCC/Projeto_Eviden/predictors/raxml-sscad-time_ETR_ElapsedRaw.pickle para a aplicação raxml-sscad-time no arquivo de configuração dos preditores.
